id,year,semester,college,department,departmentName,courseId,division,divisionName,grade,className,courseName,credits,courseType,capacity,confirmed,enrolled,remaining,teacher,classroom,monday,tuesday,wednesday,thursday,friday,saturday,sunday,scheduleJson,restrictions,notes,detailUrl,fetchedAtUtc
106-1-CDA-A001-A-1-A,106,1,人文社會科學院,CDA,創意設計與建築學系,A001,A,大學部,1,A,建築概論,2,必,20,19,,1,陳逸杰,H1--102,,"5,6",,,,,,"[{""day"": 2, ""dayName"": ""星期二"", ""periods"": [""5"", ""6""], ""raw"": ""5,6""}]",,教室：h1-102,https://course.nuk.edu.tw/QueryCourse/tcontent.asp?OpenYear=106&Helf=1&Sclass=CDA&Cono=A001,2026-08-26T18:17:54+00:00
106-1-CDA-A012-A-1-A,106,1,人文社會科學院,CDA,創意設計與建築學系,A012,A,大學部,1,A,色彩學,2,必,49,49,,0,洪碩延,H1--102,"3,4",,,,,,,"[{""day"": 1, ""dayName"": ""星期一"", ""periods"": [""3"", ""4""], ""raw"": ""3,4""}]",限修及外加,創意設計組必修。上課教室：H1-102教室,https://course.nuk.edu.tw/QueryCourse/tcontent.asp?OpenYear=106&Helf=1&Sclass=CDA&Cono=A012,2026-08-26T18:17:54+00:00
106-1-CDA-A01A-A-1-A,106,1,人文社會科學院,CDA,創意設計與建築學系,A01A,A,大學部,1,A,圖學(創意設計組),2,必,42,39,,3,翁群儀,H1--108,,"10,11",,,,,,"[{""day"": 2, ""dayName"": ""星期二"", ""periods"": [""10"", ""11""], ""raw"": ""10,11""}]",限修及外加,創意設計組必修。教室-H1-108教室,https://course.nuk.edu.tw/QueryCourse/tcontent.asp?OpenYear=106&Helf=1&Sclass=CDA&Cono=A01A,2026-08-26T18:17:54+00:00
106-1-CDA-A01B-A-1-A,106,1,人文社會科學院,CDA,創意設計與建築學系,A01B,A,大學部,1,A,圖學(建築組),2,必,21,20,,1,馬瑜嬪,H1--108,,,,,"2,3, 4",,,"[{""day"": 5, ""dayName"": ""星期五"", ""periods"": [""2"", ""3"", ""4""], ""raw"": ""2,3, 4""}]",外加,教室：h1-108圖學教室，上課2小時，學生自修1小時,https://course.nuk.edu.tw/QueryCourse/tcontent.asp?OpenYear=106&Helf=1&Sclass=CDA&Cono=A01B,2026-08-26T18:17:54+00:00
106-1-CDA-A021-A-1-A,106,1,人文社會科學院,CDA,創意設計與建築學系,A021,A,大學部,1,A,基本設計(一),3,必,42,41,,1,陳明鴻 陳冠勳,H1--108,,,,,"6,7, 8,9",,,"[{""day"": 5, ""dayName"": ""星期五"", ""periods"": [""6"", ""7"", ""8"", ""9""], ""raw"": ""6,7, 8,9""}]",限修及外加,創意設計組必修。上課教室：H1-108教室,https://course.nuk.edu.tw/QueryCourse/tcontent.asp?OpenYear=106&Helf=1&Sclass=CDA&Cono=A021,2026-08-26T18:17:54+00:00
106-1-CDA-A03A-A-1-A,106,1,人文社會科學院,CDA,創意設計與建築學系,A03A,A,大學部,1,A,基礎雕塑(一)-A,2,必,24,24,,0,沈明旺,,,,,"2,3, 4",,,,"[{""day"": 4, ""dayName"": ""星期四"", ""periods"": [""2"", ""3"", ""4""], ""raw"": ""2,3, 4""}]",限修及外加,創意設計組必修。教室-創建系工坊木竹教室,https://course.nuk.edu.tw/QueryCourse/tcontent.asp?OpenYear=106&Helf=1&Sclass=CDA&Cono=A03A,2026-08-26T18:17:54+00:00
106-1-CDA-A03B-A-1-A,106,1,人文社會科學院,CDA,創意設計與建築學系,A03B,A,大學部,1,A,基礎雕塑(一)-B,2,必,20,18,,2,康錦樹,,,,,"2,3, 4",,,,"[{""day"": 4, ""dayName"": ""星期四"", ""periods"": [""2"", ""3"", ""4""], ""raw"": ""2,3, 4""}]",限修及外加,創意設計組必修。創建系工坊塑造教室,https://course.nuk.edu.tw/QueryCourse/tcontent.asp?OpenYear=106&Helf=1&Sclass=CDA&Cono=A03B,2026-08-26T18:17:54+00:00
106-1-CDA-A041-A-1-A,106,1,人文社會科學院,CDA,創意設計與建築學系,A041,A,大學部,1,A,素描,2,必,60,52,,8,康錦樹,,,"2,3, 4",,,,,,"[{""day"": 2, ""dayName"": ""星期二"", ""periods"": [""2"", ""3"", ""4""], ""raw"": ""2,3, 4""}]",限修,為兩組共同必修。教室-創建系工坊塑造教室,https://course.nuk.edu.tw/QueryCourse/tcontent.asp?OpenYear=106&Helf=1&Sclass=CDA&Cono=A041,2026-08-26T18:17:54+00:00
106-1-CDA-A071-A-1-A,106,1,人文社會科學院,CDA,創意設計與建築學系,A071,A,大學部,1,A,建築設計(一),3,必,24,21,,3,馬瑜嬪 林光浩,H1--108,,,,"X,1, 2,3, 4,Y",,,,"[{""day"": 4, ""dayName"": ""星期四"", ""periods"": [""X"", ""1"", ""2"", ""3"", ""4"", ""Y""], ""raw"": ""X,1, 2,3, 4,Y""}]",外加,教室：H1-108圖學教室,https://course.nuk.edu.tw/QueryCourse/tcontent.asp?OpenYear=106&Helf=1&Sclass=CDA&Cono=A071,2026-08-26T18:17:54+00:00
106-1-CDA-A51A-A-1-A,106,1,人文社會科學院,CDA,創意設計與建築學系,A51A,A,大學部,1,A,模型製作(一),2,選,22,19,,3,賴廷鴻 翁群儀,,,,,"8,9",,,,"[{""day"": 4, ""dayName"": ""星期四"", ""periods"": [""8"", ""9""], ""raw"": ""8,9""}]",限修及外加,創意設計組選修。教室-創建系工坊大型機具室,https://course.nuk.edu.tw/QueryCourse/tcontent.asp?OpenYear=106&Helf=1&Sclass=CDA&Cono=A51A,2026-08-26T18:17:54+00:00
106-1-CDA-B562-A-1-A,106,1,人文社會科學院,CDA,創意設計與建築學系,B562,A,大學部,1,A,電腦影像處理,2,選,31,31,,0,王政弘,H1--112,,,,"5,6",,,,"[{""day"": 4, ""dayName"": ""星期四"", ""periods"": [""5"", ""6""], ""raw"": ""5,6""}]",限修及外加,創意設計組選修。建議同學選修此課程。教室-H1-112教室,https://course.nuk.edu.tw/QueryCourse/tcontent.asp?OpenYear=106&Helf=1&Sclass=CDA&Cono=B562,2026-08-26T18:17:54+00:00
106-1-CDA-B001-A-2-A,106,1,人文社會科學院,CDA,創意設計與建築學系,B001,A,大學部,2,A,創意設計(一),3,必,44,36,,8,翁群儀 陳冠勳,,,,,,"3,4, Y",,,"[{""day"": 5, ""dayName"": ""星期五"", ""periods"": [""3"", ""4"", ""Y""], ""raw"": ""3,4, Y""}]",先修 外加,創意設計組必修。教室-創建系工坊玉石教室,https://course.nuk.edu.tw/QueryCourse/tcontent.asp?OpenYear=106&Helf=1&Sclass=CDA&Cono=B001,2026-08-26T18:17:54+00:00
106-1-CDA-B011-A-2-A,106,1,人文社會科學院,CDA,創意設計與建築學系,B011,A,大學部,2,A,中國工藝史,2,必,50,37,,13,朱能榮,H1--107,,,"3,4",,,,,"[{""day"": 3, ""dayName"": ""星期三"", ""periods"": [""3"", ""4""], ""raw"": ""3,4""}]",限修,創意設計組必修。教室H1-107,https://course.nuk.edu.tw/QueryCourse/tcontent.asp?OpenYear=106&Helf=1&Sclass=CDA&Cono=B011,2026-08-26T18:17:54+00:00
106-1-CDA-B012-A-2-A,106,1,人文社會科學院,CDA,創意設計與建築學系,B012,A,大學部,2,A,西洋建築史,2,必,22,21,,1,陳逸杰,H1--102,,,,"5,6",,,,"[{""day"": 4, ""dayName"": ""星期四"", ""periods"": [""5"", ""6""], ""raw"": ""5,6""}]",外加,教室h1-102,https://course.nuk.edu.tw/QueryCourse/tcontent.asp?OpenYear=106&Helf=1&Sclass=CDA&Cono=B012,2026-08-26T18:17:54+00:00
106-1-CDA-B032-A-2-A,106,1,人文社會科學院,CDA,創意設計與建築學系,B032,A,大學部,2,A,設計方法,2,必,40,36,,4,黃裕宸,H1--108,,,,"5,6",,,,"[{""day"": 4, ""dayName"": ""星期四"", ""periods"": [""5"", ""6""], ""raw"": ""5,6""}]",限修,創意設計組必修。教室H1-108,https://course.nuk.edu.tw/QueryCourse/tcontent.asp?OpenYear=106&Helf=1&Sclass=CDA&Cono=B032,2026-08-26T18:17:54+00:00
106-1-CDA-B035-A-2-A,106,1,人文社會科學院,CDA,創意設計與建築學系,B035,A,大學部,2,A,版面編排設計,2,必,40,40,,0,陳明鴻,H1--112,,"10,11",,,,,,"[{""day"": 2, ""dayName"": ""星期二"", ""periods"": [""10"", ""11""], ""raw"": ""10,11""}]",限修及外加,創意設計組必修。教室H1-112,https://course.nuk.edu.tw/QueryCourse/tcontent.asp?OpenYear=106&Helf=1&Sclass=CDA&Cono=B035,2026-08-26T18:17:54+00:00
106-1-CDA-B111-A-2-A,106,1,人文社會科學院,CDA,創意設計與建築學系,B111,A,大學部,2,A,基礎攝影,2,必,51,35,,16,侯淑姿,H1--108,,"3,4",,,,,,"[{""day"": 2, ""dayName"": ""星期二"", ""periods"": [""3"", ""4""], ""raw"": ""3,4""}]",限修及外加,創意設計組必修。教室H1-108,https://course.nuk.edu.tw/QueryCourse/tcontent.asp?OpenYear=106&Helf=1&Sclass=CDA&Cono=B111,2026-08-26T18:17:54+00:00
106-1-CDA-B121-A-2-A,106,1,人文社會科學院,CDA,創意設計與建築學系,B121,A,大學部,2,A,建築計畫,2,必,20,18,,2,曹莉玲,H3--102,,,,"3,4",,,,"[{""day"": 4, ""dayName"": ""星期四"", ""periods"": [""3"", ""4""], ""raw"": ""3,4""}]",,教師：曹莉玲老師。地點：h3-102教室,https://course.nuk.edu.tw/QueryCourse/tcontent.asp?OpenYear=106&Helf=1&Sclass=CDA&Cono=B121,2026-08-26T18:17:54+00:00
106-1-CDA-B122-A-2-A,106,1,人文社會科學院,CDA,創意設計與建築學系,B122,A,大學部,2,A,建築結構系統,2,必,22,22,,0,陳啟仁,B01-105,,,"5,6",,,,,"[{""day"": 3, ""dayName"": ""星期三"", ""periods"": [""5"", ""6""], ""raw"": ""5,6""}]",外加,教室：綜合大樓105教室,https://course.nuk.edu.tw/QueryCourse/tcontent.asp?OpenYear=106&Helf=1&Sclass=CDA&Cono=B122,2026-08-26T18:17:54+00:00
106-1-CDA-B12A-A-2-A,106,1,人文社會科學院,CDA,創意設計與建築學系,B12A,A,大學部,2,A,建築構造(一),2,必,20,17,,3,陳怡兆,H1--104,,,"3,4",,,,,"[{""day"": 3, ""dayName"": ""星期三"", ""periods"": [""3"", ""4""], ""raw"": ""3,4""}]",,,https://course.nuk.edu.tw/QueryCourse/tcontent.asp?OpenYear=106&Helf=1&Sclass=CDA&Cono=B12A,2026-08-26T18:17:54+00:00
106-1-CDA-B135-A-2-A,106,1,人文社會科學院,CDA,創意設計與建築學系,B135,A,大學部,2,A,建築設計(三)A,5,必,11,11,,0,廖硃岑,H1--108,"1,2, 3,4, 5,6, 7,8",,,,,,,"[{""day"": 1, ""dayName"": ""星期一"", ""periods"": [""1"", ""2"", ""3"", ""4"", ""5"", ""6"", ""7"", ""8""], ""raw"": ""1,2, 3,4, 5,6, 7,8""}]",先修 外加,,https://course.nuk.edu.tw/QueryCourse/tcontent.asp?OpenYear=106&Helf=1&Sclass=CDA&Cono=B135,2026-08-26T18:17:54+00:00
106-1-CDA-B136-A-2-A,106,1,人文社會科學院,CDA,創意設計與建築學系,B136,A,大學部,2,A,建築設計(三)B,5,必,7,7,,0,王煦中,H3--101,"1,2, 3,4, 5,6, 7,8",,,,,,,"[{""day"": 1, ""dayName"": ""星期一"", ""periods"": [""1"", ""2"", ""3"", ""4"", ""5"", ""6"", ""7"", ""8""], ""raw"": ""1,2, 3,4, 5,6, 7,8""}]",先修,教師：王煦中老師。教室：H3-101,https://course.nuk.edu.tw/QueryCourse/tcontent.asp?OpenYear=106&Helf=1&Sclass=CDA&Cono=B136,2026-08-26T18:17:54+00:00
106-1-CDA-B15A-A-2-A,106,1,人文社會科學院,CDA,創意設計與建築學系,B15A,A,大學部,2,A,工藝與工業設計專題(一),2,必,50,37,,13,翁群儀,,,,"8,9",,,,,"[{""day"": 3, ""dayName"": ""星期三"", ""periods"": [""8"", ""9""], ""raw"": ""8,9""}]",限修及外加,創意設計組必修；教室-創建系工坊文產教室,https://course.nuk.edu.tw/QueryCourse/tcontent.asp?OpenYear=106&Helf=1&Sclass=CDA&Cono=B15A,2026-08-26T18:17:54+00:00
106-1-CDA-B503-A-2-A,106,1,人文社會科學院,CDA,創意設計與建築學系,B503,A,大學部,2,A,設計心理學,2,選,34,32,,2,陳明鴻,H1--112,"3,4",,,,,,,"[{""day"": 1, ""dayName"": ""星期一"", ""periods"": [""3"", ""4""], ""raw"": ""3,4""}]",限修及外加,創意設計組選修。教室-H1-112,https://course.nuk.edu.tw/QueryCourse/tcontent.asp?OpenYear=106&Helf=1&Sclass=CDA&Cono=B503,2026-08-26T18:17:54+00:00
106-1-CDA-B504-A-2-A,106,1,人文社會科學院,CDA,創意設計與建築學系,B504,A,大學部,2,A,設計與技術,2,選,20,15,,5,廖硃岑,H3--111,,"3,4",,,,,,"[{""day"": 2, ""dayName"": ""星期二"", ""periods"": [""3"", ""4""], ""raw"": ""3,4""}]",,教室：h3-111,https://course.nuk.edu.tw/QueryCourse/tcontent.asp?OpenYear=106&Helf=1&Sclass=CDA&Cono=B504,2026-08-26T18:17:54+00:00
106-1-CDA-B521-A-2-A,106,1,人文社會科學院,CDA,創意設計與建築學系,B521,A,大學部,2,A,錫藝設計與實務,2,選,15,11,,4,賴廷鴻,,,,,,"6,7",,,"[{""day"": 5, ""dayName"": ""星期五"", ""periods"": [""6"", ""7""], ""raw"": ""6,7""}]",,創意設計組選修；教室-創建系工坊金工教室,https://course.nuk.edu.tw/QueryCourse/tcontent.asp?OpenYear=106&Helf=1&Sclass=CDA&Cono=B521,2026-08-26T18:17:54+00:00
106-1-CDA-B52A-A-2-A,106,1,人文社會科學院,CDA,創意設計與建築學系,B52A,A,大學部,2,A,平面造型設計與應用(一),3,選,21,13,,8,黃裕宸,H1--112,,,,"2,3, 4",,,,"[{""day"": 4, ""dayName"": ""星期四"", ""periods"": [""2"", ""3"", ""4""], ""raw"": ""2,3, 4""}]",限修及外加,創意設計組選修；教室:H1-112。,https://course.nuk.edu.tw/QueryCourse/tcontent.asp?OpenYear=106&Helf=1&Sclass=CDA&Cono=B52A,2026-08-26T18:17:54+00:00
106-1-CDA-B563-A-2-A,106,1,人文社會科學院,CDA,創意設計與建築學系,B563,A,大學部,2,A,電腦多媒體,2,選,29,22,,7,王政弘,H1--112,,"5,6",,,,,,"[{""day"": 2, ""dayName"": ""星期二"", ""periods"": [""5"", ""6""], ""raw"": ""5,6""}]",限修及外加,創意設計組選修。教室-H1-112,https://course.nuk.edu.tw/QueryCourse/tcontent.asp?OpenYear=106&Helf=1&Sclass=CDA&Cono=B563,2026-08-26T18:17:54+00:00
106-1-CDA-B564-A-2-A,106,1,人文社會科學院,CDA,創意設計與建築學系,B564,A,大學部,2,A,數位圖像設計與編輯,3,選,22,19,,3,王政弘,H1--202,,,,"2,3, 4",,,,"[{""day"": 4, ""dayName"": ""星期四"", ""periods"": [""2"", ""3"", ""4""], ""raw"": ""2,3, 4""}]",限修及外加,創意設計組選修。HI-202,https://course.nuk.edu.tw/QueryCourse/tcontent.asp?OpenYear=106&Helf=1&Sclass=CDA&Cono=B564,2026-08-26T18:17:54+00:00
106-1-CDA-B565-A-2-A,106,1,人文社會科學院,CDA,創意設計與建築學系,B565,A,大學部,2,A,電腦輔助進階建築設計,2,選,24,24,,0,馬瑜嬪,H1--112,,,,,"5,6",,,"[{""day"": 5, ""dayName"": ""星期五"", ""periods"": [""5"", ""6""], ""raw"": ""5,6""}]",外加 學程,教室：h1-112電腦教室，隸屬智慧生活整合創新學程,https://course.nuk.edu.tw/QueryCourse/tcontent.asp?OpenYear=106&Helf=1&Sclass=CDA&Cono=B565,2026-08-26T18:17:54+00:00
106-1-CDA-B631-A-2-A,106,1,人文社會科學院,CDA,創意設計與建築學系,B631,A,大學部,2,A,測量學及實習,2,選,20,18,,2,俞肇球,C01-414,,,"7,8",,,,,"[{""day"": 3, ""dayName"": ""星期三"", ""periods"": [""7"", ""8""], ""raw"": ""7,8""}]",,教室：工學院414教室,https://course.nuk.edu.tw/QueryCourse/tcontent.asp?OpenYear=106&Helf=1&Sclass=CDA&Cono=B631,2026-08-26T18:17:54+00:00
106-1-CDA-B64A-A-2-A,106,1,人文社會科學院,CDA,創意設計與建築學系,B64A,A,大學部,2,A,塑性媒材創作(一),3,選,12,5,,7,康錦樹,,,,"5,6, 7",,,,,"[{""day"": 3, ""dayName"": ""星期三"", ""periods"": [""5"", ""6"", ""7""], ""raw"": ""5,6, 7""}]",限修,教室:工坊塑造教室,https://course.nuk.edu.tw/QueryCourse/tcontent.asp?OpenYear=106&Helf=1&Sclass=CDA&Cono=B64A,2026-08-26T18:17:54+00:00
106-1-CDA-B64B-A-2-A,106,1,人文社會科學院,CDA,創意設計與建築學系,B64B,A,大學部,2,A,木質媒材創作(一),3,選,12,8,,4,沈明旺,,,,"5,6, 7",,,,,"[{""day"": 3, ""dayName"": ""星期三"", ""periods"": [""5"", ""6"", ""7""], ""raw"": ""5,6, 7""}]",限修,教室-工坊木竹教室,https://course.nuk.edu.tw/QueryCourse/tcontent.asp?OpenYear=106&Helf=1&Sclass=CDA&Cono=B64B,2026-08-26T18:17:54+00:00
106-1-CDA-B64C-A-2-A,106,1,人文社會科學院,CDA,創意設計與建築學系,B64C,A,大學部,2,A,金屬媒材創作(一),3,選,16,16,,0,賴廷鴻,,,,"5,6, 7",,,,,"[{""day"": 3, ""dayName"": ""星期三"", ""periods"": [""5"", ""6"", ""7""], ""raw"": ""5,6, 7""}]",限修及外加,教室-工坊金工教室,https://course.nuk.edu.tw/QueryCourse/tcontent.asp?OpenYear=106&Helf=1&Sclass=CDA&Cono=B64C,2026-08-26T18:17:54+00:00
106-1-CDA-B142-A-3-A,106,1,人文社會科學院,CDA,創意設計與建築學系,B142,A,大學部,3,A,建築環境技術(二),2,必,20,11,,9,陳啟中,H3--111,,,"2,3, 4",,,,,"[{""day"": 3, ""dayName"": ""星期三"", ""periods"": [""2"", ""3"", ""4""], ""raw"": ""2,3, 4""}]",,教室：h3-111,https://course.nuk.edu.tw/QueryCourse/tcontent.asp?OpenYear=106&Helf=1&Sclass=CDA&Cono=B142,2026-08-26T18:17:54+00:00
106-1-CDA-B64G-A-3-A,106,1,人文社會科學院,CDA,創意設計與建築學系,B64G,A,大學部,3,A,塑性媒材創作(三),3,選,12,7,,5,康錦樹,,,,,"5,6, 7",,,,"[{""day"": 4, ""dayName"": ""星期四"", ""periods"": [""5"", ""6"", ""7""], ""raw"": ""5,6, 7""}]",限修,創意設計組選修；教室-工坊塑造教室。,https://course.nuk.edu.tw/QueryCourse/tcontent.asp?OpenYear=106&Helf=1&Sclass=CDA&Cono=B64G,2026-08-26T18:17:54+00:00
106-1-CDA-B64H-A-3-A,106,1,人文社會科學院,CDA,創意設計與建築學系,B64H,A,大學部,3,A,木質媒材創作(三),3,選,13,6,,7,沈明旺,,,,,"5,6, 7",,,,"[{""day"": 4, ""dayName"": ""星期四"", ""periods"": [""5"", ""6"", ""7""], ""raw"": ""5,6, 7""}]",限修及外加,創意設計組選修；教室-工坊木竹教室,https://course.nuk.edu.tw/QueryCourse/tcontent.asp?OpenYear=106&Helf=1&Sclass=CDA&Cono=B64H,2026-08-26T18:17:54+00:00
106-1-CDA-B64I-A-3-A,106,1,人文社會科學院,CDA,創意設計與建築學系,B64I,A,大學部,3,A,金屬媒材創作(三),3,選,16,14,,2,賴廷鴻,,,,,"5,6, 7",,,,"[{""day"": 4, ""dayName"": ""星期四"", ""periods"": [""5"", ""6"", ""7""], ""raw"": ""5,6, 7""}]",限修及外加,創意設計組選修；教室-工坊金工教室,https://course.nuk.edu.tw/QueryCourse/tcontent.asp?OpenYear=106&Helf=1&Sclass=CDA&Cono=B64I,2026-08-26T18:17:54+00:00
106-1-CDA-C001-A-3-A,106,1,人文社會科學院,CDA,創意設計與建築學系,C001,A,大學部,3,A,創意設計(三),3,必,41,33,,8,洪碩延 陳明鴻,H1--102,"5,6, 7",,,,,,,"[{""day"": 1, ""dayName"": ""星期一"", ""periods"": [""5"", ""6"", ""7""], ""raw"": ""5,6, 7""}]",先修 限修及外加,創意設計組必修。教室-H1-102,https://course.nuk.edu.tw/QueryCourse/tcontent.asp?OpenYear=106&Helf=1&Sclass=CDA&Cono=C001,2026-08-26T18:17:54+00:00
106-1-CDA-C011-A-3-A,106,1,人文社會科學院,CDA,創意設計與建築學系,C011,A,大學部,3,A,現代設計史,2,必,40,36,,4,洪碩延,H1--102,,"3,4",,,,,,"[{""day"": 2, ""dayName"": ""星期二"", ""periods"": [""3"", ""4""], ""raw"": ""3,4""}]",限修,創意設計組必修。教室-H1-102,https://course.nuk.edu.tw/QueryCourse/tcontent.asp?OpenYear=106&Helf=1&Sclass=CDA&Cono=C011,2026-08-26T18:17:54+00:00
106-1-CDA-C021-A-3-A,106,1,人文社會科學院,CDA,創意設計與建築學系,C021,A,大學部,3,A,田野調查(一),2,必,40,37,,3,侯淑姿,H1--102,,,"3,4",,,,,"[{""day"": 3, ""dayName"": ""星期三"", ""periods"": [""3"", ""4""], ""raw"": ""3,4""}]",限修,創意設計組必修。教室H1-102,https://course.nuk.edu.tw/QueryCourse/tcontent.asp?OpenYear=106&Helf=1&Sclass=CDA&Cono=C021,2026-08-26T18:17:54+00:00
106-1-CDA-C041-A-3-A,106,1,人文社會科學院,CDA,創意設計與建築學系,C041,A,大學部,3,A,敷地計畫,2,必,25,17,,8,曾梓峰,H3--106,,"3,4",,,,,,"[{""day"": 2, ""dayName"": ""星期二"", ""periods"": [""3"", ""4""], ""raw"": ""3,4""}]",,教室：h3-106教室,https://course.nuk.edu.tw/QueryCourse/tcontent.asp?OpenYear=106&Helf=1&Sclass=CDA&Cono=C041,2026-08-26T18:17:54+00:00
106-1-CDA-C042-A-3-A,106,1,人文社會科學院,CDA,創意設計與建築學系,C042,A,大學部,3,A,施工圖與估價,2,必,20,15,,5,陳怡兆,H1--112,,,"8,9",,,,,"[{""day"": 3, ""dayName"": ""星期三"", ""periods"": [""8"", ""9""], ""raw"": ""8,9""}]",,教室：h1-112電腦教室,https://course.nuk.edu.tw/QueryCourse/tcontent.asp?OpenYear=106&Helf=1&Sclass=CDA&Cono=C042,2026-08-26T18:17:54+00:00
106-1-CDA-C051-A-3-A,106,1,人文社會科學院,CDA,創意設計與建築學系,C051,A,大學部,3,A,圖稿設計,2,必,40,32,,8,沈明旺,H1--108,,,"8,9",,,,,"[{""day"": 3, ""dayName"": ""星期三"", ""periods"": [""8"", ""9""], ""raw"": ""8,9""}]",限修,創意設計組必修。教室H1-108,https://course.nuk.edu.tw/QueryCourse/tcontent.asp?OpenYear=106&Helf=1&Sclass=CDA&Cono=C051,2026-08-26T18:17:54+00:00
106-1-CDA-C053-A-3-A,106,1,人文社會科學院,CDA,創意設計與建築學系,C053,A,大學部,3,A,創意思考(創意設計組),2,必,40,34,,6,黃裕宸,H1--108,,"5,6",,,,,,"[{""day"": 2, ""dayName"": ""星期二"", ""periods"": [""5"", ""6""], ""raw"": ""5,6""}]",限修,創意設計組必修。教室H1-108,https://course.nuk.edu.tw/QueryCourse/tcontent.asp?OpenYear=106&Helf=1&Sclass=CDA&Cono=C053,2026-08-26T18:17:54+00:00
106-1-CDA-C054-A-3-A,106,1,人文社會科學院,CDA,創意設計與建築學系,C054,A,大學部,3,A,創意思考(建築組),2,必,20,17,,3,馬瑜嬪,H1--112 其他教室,,,,"10,11",,,,"[{""day"": 4, ""dayName"": ""星期四"", ""periods"": [""10"", ""11""], ""raw"": ""10,11""}]",學程,教室：h1-112電腦教室。建築組必修，隸屬智慧生活整合創新學程,https://course.nuk.edu.tw/QueryCourse/tcontent.asp?OpenYear=106&Helf=1&Sclass=CDA&Cono=C054,2026-08-26T18:17:54+00:00
106-1-CDA-C07A-A-3-A,106,1,人文社會科學院,CDA,創意設計與建築學系,C07A,A,大學部,3,A,建築設計(三)A,6,必,10,10,,0,陳啟仁 陳逸杰,,"1,2, 3,4, 5,6, 7,8",,,,,,,"[{""day"": 1, ""dayName"": ""星期一"", ""periods"": [""1"", ""2"", ""3"", ""4"", ""5"", ""6"", ""7"", ""8""], ""raw"": ""1,2, 3,4, 5,6, 7,8""}]",先修 外加,教室：綜合大樓工坊127研究室。,https://course.nuk.edu.tw/QueryCourse/tcontent.asp?OpenYear=106&Helf=1&Sclass=CDA&Cono=C07A,2026-08-26T18:17:54+00:00
106-1-CDA-C07B-A-3-A,106,1,人文社會科學院,CDA,創意設計與建築學系,C07B,A,大學部,3,A,建築設計(三)B,6,必,6,6,,0,黃若珣,,"1,2, 3,4, 5,6, 7,8",,,,,,,"[{""day"": 1, ""dayName"": ""星期一"", ""periods"": [""1"", ""2"", ""3"", ""4"", ""5"", ""6"", ""7"", ""8""], ""raw"": ""1,2, 3,4, 5,6, 7,8""}]",先修,教室：綜合大樓工坊B127教室，黃若珣老師,https://course.nuk.edu.tw/QueryCourse/tcontent.asp?OpenYear=106&Helf=1&Sclass=CDA&Cono=C07B,2026-08-26T18:17:54+00:00
106-1-CDA-C514-A-3-A,106,1,人文社會科學院,CDA,創意設計與建築學系,C514,A,大學部,3,A,文化產品設計,2,選,16,8,,8,翁群儀,,,,,,"7,8",,,"[{""day"": 5, ""dayName"": ""星期五"", ""periods"": [""7"", ""8""], ""raw"": ""7,8""}]",限修,創意設計組選修；教室-創建系工坊文產教室,https://course.nuk.edu.tw/QueryCourse/tcontent.asp?OpenYear=106&Helf=1&Sclass=CDA&Cono=C514,2026-08-26T18:17:54+00:00
106-1-CDA-C531-A-3-A,106,1,人文社會科學院,CDA,創意設計與建築學系,C531,A,大學部,3,A,數位影音設計,2,選,25,9,,16,王政弘,H1--112,,,,"8,9",,,,"[{""day"": 4, ""dayName"": ""星期四"", ""periods"": [""8"", ""9""], ""raw"": ""8,9""}]",限修,教室-H1-112,https://course.nuk.edu.tw/QueryCourse/tcontent.asp?OpenYear=106&Helf=1&Sclass=CDA&Cono=C531,2026-08-26T18:17:54+00:00
106-1-CDA-C533-A-3-A,106,1,人文社會科學院,CDA,創意設計與建築學系,C533,A,大學部,3,A,數位立體造型設計,2,選,25,18,,7,陳明鴻 業界教師,H1--112,,,,,"3,4",,,"[{""day"": 5, ""dayName"": ""星期五"", ""periods"": [""3"", ""4""], ""raw"": ""3,4""}]",限修,教室:H1-112,https://course.nuk.edu.tw/QueryCourse/tcontent.asp?OpenYear=106&Helf=1&Sclass=CDA&Cono=C533,2026-08-26T18:17:54+00:00
106-1-CDA-C551-A-3-A,106,1,人文社會科學院,CDA,創意設計與建築學系,C551,A,大學部,3,A,玉石媒材創作(一),2,選,12,12,,0,盧志松,,,,,,"5,6",,,"[{""day"": 5, ""dayName"": ""星期五"", ""periods"": [""5"", ""6""], ""raw"": ""5,6""}]",限修,創意設計組選修；教室-創建系工坊玉石教室,https://course.nuk.edu.tw/QueryCourse/tcontent.asp?OpenYear=106&Helf=1&Sclass=CDA&Cono=C551,2026-08-26T18:17:54+00:00
106-1-CDA-C62A-A-3-A,106,1,人文社會科學院,CDA,創意設計與建築學系,C62A,A,大學部,3,A,視覺設計與應用(一),3,選,26,25,,1,陳明鴻 業界教師,H1--112,,,"5,6, 7",,,,,"[{""day"": 3, ""dayName"": ""星期三"", ""periods"": [""5"", ""6"", ""7""], ""raw"": ""5,6, 7""}]",限修及外加,創意設計組選修。教室-H1-112,https://course.nuk.edu.tw/QueryCourse/tcontent.asp?OpenYear=106&Helf=1&Sclass=CDA&Cono=C62A,2026-08-26T18:17:54+00:00
106-1-CDA-C62B-A-3-A,106,1,人文社會科學院,CDA,創意設計與建築學系,C62B,A,大學部,3,A,影像媒材創作(一),3,選,20,6,,14,侯淑姿,H1--332,"9,10, 11",,,,,,,"[{""day"": 1, ""dayName"": ""星期一"", ""periods"": [""9"", ""10"", ""11""], ""raw"": ""9,10, 11""}]",限修,創意設計組選修，教室:H1-332,https://course.nuk.edu.tw/QueryCourse/tcontent.asp?OpenYear=106&Helf=1&Sclass=CDA&Cono=C62B,2026-08-26T18:17:54+00:00
106-1-CDA-F536-A-3-A,106,1,人文社會科學院,CDA,創意設計與建築學系,F536,A,大學部,3,A,綠色科技與橘色科技空間環境最佳化整合設計特論,3,選,20,13,,7,廖硃岑,H1--102,,,"5,6, 7",,,,,"[{""day"": 3, ""dayName"": ""星期三"", ""periods"": [""5"", ""6"", ""7""], ""raw"": ""5,6, 7""}]",學程,本課程與碩士、碩專班共同上課。教室h3-111，隸屬智慧生活整合創新學程,https://course.nuk.edu.tw/QueryCourse/tcontent.asp?OpenYear=106&Helf=1&Sclass=CDA&Cono=F536,2026-08-26T18:17:54+00:00
106-1-CDA-F543-A-3-A,106,1,人文社會科學院,CDA,創意設計與建築學系,F543,A,大學部,3,A,設計美學研究,3,選,50,9,,41,徐文琴,H1--102,,,,,"5,6, 7",,,"[{""day"": 5, ""dayName"": ""星期五"", ""periods"": [""5"", ""6"", ""7""], ""raw"": ""5,6, 7""}]",限修,創意設計組選修；開放大三、大四、碩士班選修；教師:徐文琴老師；教室:H1-102,https://course.nuk.edu.tw/QueryCourse/tcontent.asp?OpenYear=106&Helf=1&Sclass=CDA&Cono=F543,2026-08-26T18:17:54+00:00
106-1-CDA-F561-A-3-A,106,1,人文社會科學院,CDA,創意設計與建築學系,F561,A,大學部,3,A,當代藝術與設計思潮,3,選,30,3,,27,侯淑姿,H1--332,"2,3, 4",,,,,,,"[{""day"": 1, ""dayName"": ""星期一"", ""periods"": [""2"", ""3"", ""4""], ""raw"": ""2,3, 4""}]",限修,創意設計組選修；大三、大四、碩士班合開；教室:H1-332,https://course.nuk.edu.tw/QueryCourse/tcontent.asp?OpenYear=106&Helf=1&Sclass=CDA&Cono=F561,2026-08-26T18:17:54+00:00
106-1-CDA-D00A-A-4-A,106,1,人文社會科學院,CDA,創意設計與建築學系,D00A,A,大學部,4,A,創意設計(五)-A,3,必,6,5,,1,賴廷鴻,,,"5,6, 7",,,,,,"[{""day"": 2, ""dayName"": ""星期二"", ""periods"": [""5"", ""6"", ""7""], ""raw"": ""5,6, 7""}]",先修 限修及外加,創意設計組必修。教室-工坊金工教室,https://course.nuk.edu.tw/QueryCourse/tcontent.asp?OpenYear=106&Helf=1&Sclass=CDA&Cono=D00A,2026-08-26T18:17:54+00:00
106-1-CDA-D00B-A-4-A,106,1,人文社會科學院,CDA,創意設計與建築學系,D00B,A,大學部,4,A,創意設計(五)-B,3,必,5,5,,0,沈明旺,,,"5,6, 7",,,,,,"[{""day"": 2, ""dayName"": ""星期二"", ""periods"": [""5"", ""6"", ""7""], ""raw"": ""5,6, 7""}]",先修 限修,創意設計組必修。教室-工坊木竹教室。,https://course.nuk.edu.tw/QueryCourse/tcontent.asp?OpenYear=106&Helf=1&Sclass=CDA&Cono=D00B,2026-08-26T18:17:54+00:00
106-1-CDA-D00C-A-4-A,106,1,人文社會科學院,CDA,創意設計與建築學系,D00C,A,大學部,4,A,創意設計(五)-C,3,必,5,5,,0,翁群儀,,,"5,6, 7",,,,,,"[{""day"": 2, ""dayName"": ""星期二"", ""periods"": [""5"", ""6"", ""7""], ""raw"": ""5,6, 7""}]",先修 限修,創意設計組必修。教室工坊-文產教室,https://course.nuk.edu.tw/QueryCourse/tcontent.asp?OpenYear=106&Helf=1&Sclass=CDA&Cono=D00C,2026-08-26T18:17:54+00:00
106-1-CDA-D00E-A-4-A,106,1,人文社會科學院,CDA,創意設計與建築學系,D00E,A,大學部,4,A,創意設計(五)-E,3,必,5,5,,0,洪碩延,H1--334,,"5,6, 7",,,,,,"[{""day"": 2, ""dayName"": ""星期二"", ""periods"": [""5"", ""6"", ""7""], ""raw"": ""5,6, 7""}]",先修 限修,創意設計組必修。教室H1-334,https://course.nuk.edu.tw/QueryCourse/tcontent.asp?OpenYear=106&Helf=1&Sclass=CDA&Cono=D00E,2026-08-26T18:17:54+00:00
106-1-CDA-D00G-A-4-A,106,1,人文社會科學院,CDA,創意設計與建築學系,D00G,A,大學部,4,A,創意設計(五)-G,3,必,5,5,,0,康錦樹,,,"5,6, 7",,,,,,"[{""day"": 2, ""dayName"": ""星期二"", ""periods"": [""5"", ""6"", ""7""], ""raw"": ""5,6, 7""}]",先修 限修,創意設計組必修。教室-工坊塑性教室,https://course.nuk.edu.tw/QueryCourse/tcontent.asp?OpenYear=106&Helf=1&Sclass=CDA&Cono=D00G,2026-08-26T18:17:54+00:00
106-1-CDA-D00H-A-4-A,106,1,人文社會科學院,CDA,創意設計與建築學系,D00H,A,大學部,4,A,創意設計(五)-H,3,必,5,5,,0,侯淑姿,H1--332,,"5,6, 7",,,,,,"[{""day"": 2, ""dayName"": ""星期二"", ""periods"": [""5"", ""6"", ""7""], ""raw"": ""5,6, 7""}]",先修 限修,創意設計組必修。教室H1-332,https://course.nuk.edu.tw/QueryCourse/tcontent.asp?OpenYear=106&Helf=1&Sclass=CDA&Cono=D00H,2026-08-26T18:17:54+00:00
106-1-CDA-D01A-A-4-A,106,1,人文社會科學院,CDA,創意設計與建築學系,D01A,A,大學部,4,A,業界實習(A),2,必,25,11,,14,陳啟仁,H3--102,,"1,2",,,,,,"[{""day"": 2, ""dayName"": ""星期二"", ""periods"": [""1"", ""2""], ""raw"": ""1,2""}]",,教室：h3-102，總實習時數應達300小時。,https://course.nuk.edu.tw/QueryCourse/tcontent.asp?OpenYear=106&Helf=1&Sclass=CDA&Cono=D01A,2026-08-26T18:17:54+00:00
106-1-CDA-D01B-A-4-A,106,1,人文社會科學院,CDA,創意設計與建築學系,D01B,A,大學部,4,A,業界實習(B),2,必,40,31,,9,賴廷鴻 翁群儀,,,,,"3,4",,,,"[{""day"": 4, ""dayName"": ""星期四"", ""periods"": [""3"", ""4""], ""raw"": ""3,4""}]",限修,創意設計組必修，教室：玉石教室，總實習時數應達300小時。,https://course.nuk.edu.tw/QueryCourse/tcontent.asp?OpenYear=106&Helf=1&Sclass=CDA&Cono=D01B,2026-08-26T18:17:54+00:00
106-1-CDA-D05A-A-4-A,106,1,人文社會科學院,CDA,創意設計與建築學系,D05A,A,大學部,4,A,建築設計(五)A,6,必,5,5,,0,曾梓峰,,"1,2, 3,4, 5,6, 7,8",,,,,,,"[{""day"": 1, ""dayName"": ""星期一"", ""periods"": [""1"", ""2"", ""3"", ""4"", ""5"", ""6"", ""7"", ""8""], ""raw"": ""1,2, 3,4, 5,6, 7,8""}]",先修,教室：綜合大樓工坊B121教室。,https://course.nuk.edu.tw/QueryCourse/tcontent.asp?OpenYear=106&Helf=1&Sclass=CDA&Cono=D05A,2026-08-26T18:17:54+00:00
106-1-CDA-D05B-A-4-A,106,1,人文社會科學院,CDA,創意設計與建築學系,D05B,A,大學部,4,A,建築設計(五)B,6,必,5,5,,0,徐岩奇,,"1,2, 3,4, 5,6, 7,8",,,,,,,"[{""day"": 1, ""dayName"": ""星期一"", ""periods"": [""1"", ""2"", ""3"", ""4"", ""5"", ""6"", ""7"", ""8""], ""raw"": ""1,2, 3,4, 5,6, 7,8""}]",先修,教室：綜合大樓工坊B121教室。,https://course.nuk.edu.tw/QueryCourse/tcontent.asp?OpenYear=106&Helf=1&Sclass=CDA&Cono=D05B,2026-08-26T18:17:54+00:00
106-1-CDA-D600-A-4-A,106,1,人文社會科學院,CDA,創意設計與建築學系,D600,A,大學部,4,A,藝術智慧產權管理,2,選,40,5,,35,李福隆,B01-103,,,,,"3,4",,,"[{""day"": 5, ""dayName"": ""星期五"", ""periods"": [""3"", ""4""], ""raw"": ""3,4""}]",限修,,https://course.nuk.edu.tw/QueryCourse/tcontent.asp?OpenYear=106&Helf=1&Sclass=CDA&Cono=D600,2026-08-26T18:17:54+00:00
106-1-CDA-F534-A-4-A,106,1,人文社會科學院,CDA,創意設計與建築學系,F534,A,大學部,4,A,低碳居住環境數化設計特論,3,選,25,11,,14,廖硃岑,H3--111,,"7,8, 9",,,,,,"[{""day"": 2, ""dayName"": ""星期二"", ""periods"": [""7"", ""8"", ""9""], ""raw"": ""7,8, 9""}]",,大四、碩士、碩專班合開,https://course.nuk.edu.tw/QueryCourse/tcontent.asp?OpenYear=106&Helf=1&Sclass=CDA&Cono=F534,2026-08-26T18:17:54+00:00
106-1-CDA-F536-A-4-A,106,1,人文社會科學院,CDA,創意設計與建築學系,F536,A,大學部,4,A,綠色科技與橘色科技空間環境最佳化整合設計特論,3,選,20,13,,7,廖硃岑,H1--102,,,"5,6, 7",,,,,"[{""day"": 3, ""dayName"": ""星期三"", ""periods"": [""5"", ""6"", ""7""], ""raw"": ""5,6, 7""}]",學程,本課程與碩士、碩專班共同上課。教室h3-111，隸屬智慧生活整合創新學程,https://course.nuk.edu.tw/QueryCourse/tcontent.asp?OpenYear=106&Helf=1&Sclass=CDA&Cono=F536,2026-08-26T18:17:54+00:00
106-1-CDA-F537-A-4-A,106,1,人文社會科學院,CDA,創意設計與建築學系,F537,A,大學部,4,A,虛擬實境智慧城市規劃應用,2,選,20,10,,10,陳怡兆,H3--110,,,,"8,9",,,,"[{""day"": 4, ""dayName"": ""星期四"", ""periods"": [""8"", ""9""], ""raw"": ""8,9""}]",,本系大四、碩士班合班上課，本課程限參加VDWC競賽同學選課。教室h3-110研究室,https://course.nuk.edu.tw/QueryCourse/tcontent.asp?OpenYear=106&Helf=1&Sclass=CDA&Cono=F537,2026-08-26T18:17:54+00:00
106-1-CDA-F543-A-4-A,106,1,人文社會科學院,CDA,創意設計與建築學系,F543,A,大學部,4,A,設計美學研究,3,選,50,9,,41,徐文琴,H1--102,,,,,"5,6, 7",,,"[{""day"": 5, ""dayName"": ""星期五"", ""periods"": [""5"", ""6"", ""7""], ""raw"": ""5,6, 7""}]",限修,創意設計組選修；開放大三、大四、碩士班選修；教師:徐文琴老師；教室:H1-102,https://course.nuk.edu.tw/QueryCourse/tcontent.asp?OpenYear=106&Helf=1&Sclass=CDA&Cono=F543,2026-08-26T18:17:54+00:00
106-1-CDA-F561-A-4-A,106,1,人文社會科學院,CDA,創意設計與建築學系,F561,A,大學部,4,A,當代藝術與設計思潮,3,選,30,3,,27,侯淑姿,H1--332,"2,3, 4",,,,,,,"[{""day"": 1, ""dayName"": ""星期一"", ""periods"": [""2"", ""3"", ""4""], ""raw"": ""2,3, 4""}]",限修,創意設計組選修；大三、大四、碩士班合開；教室:H1-332,https://course.nuk.edu.tw/QueryCourse/tcontent.asp?OpenYear=106&Helf=1&Sclass=CDA&Cono=F561,2026-08-26T18:17:54+00:00
106-1-CDA-T523-A-4-A,106,1,人文社會科學院,CDA,創意設計與建築學系,T523,A,大學部,4,A,都市計畫,3,選,20,14,,6,曾梓峰,H3--111,,,"10,11, 12",,,,,"[{""day"": 3, ""dayName"": ""星期三"", ""periods"": [""10"", ""11"", ""12""], ""raw"": ""10,11, 12""}]",,教室：h3-111。教師：吳文彥老師。本課程開放大四、碩專、碩士班選修。,https://course.nuk.edu.tw/QueryCourse/tcontent.asp?OpenYear=106&Helf=1&Sclass=CDA&Cono=T523,2026-08-26T18:17:54+00:00
106-1-CDA-F534-L-1-,106,1,人文社會科學院,CDA,創意設計與建築學系,F534,L,碩士在職專班,1,,低碳居住環境數化設計特論,3,選,25,11,,14,廖硃岑,H3--111,,"7,8, 9",,,,,,"[{""day"": 2, ""dayName"": ""星期二"", ""periods"": [""7"", ""8"", ""9""], ""raw"": ""7,8, 9""}]",,大四、碩士、碩專班合開,https://course.nuk.edu.tw/QueryCourse/tcontent.asp?OpenYear=106&Helf=1&Sclass=CDA&Cono=F534,2026-08-26T18:17:54+00:00
106-1-CDA-T001-L-1-,106,1,人文社會科學院,CDA,創意設計與建築學系,T001,L,碩士在職專班,1,,研究方法與論文寫作,3,必,50,28,,22,陳逸杰 馬瑜嬪 廖硃岑,H1--102,,"10,11, 12",,,,,,"[{""day"": 2, ""dayName"": ""星期二"", ""periods"": [""10"", ""11"", ""12""], ""raw"": ""10,11, 12""}]",,建築組碩士、碩專班必修課程。上課教室：h1-102,https://course.nuk.edu.tw/QueryCourse/tcontent.asp?OpenYear=106&Helf=1&Sclass=CDA&Cono=T001,2026-08-26T18:17:54+00:00
106-1-CDA-T01A-L-1-,106,1,人文社會科學院,CDA,創意設計與建築學系,T01A,L,碩士在職專班,1,,專題研討(一),0,必,50,27,,23,馬瑜嬪,H1--102,,,"10,11, 12",,,,,"[{""day"": 3, ""dayName"": ""星期三"", ""periods"": [""10"", ""11"", ""12""], ""raw"": ""10,11, 12""}]",,建築組碩士、碩專班必修課程。上課地點：h1-102,https://course.nuk.edu.tw/QueryCourse/tcontent.asp?OpenYear=106&Helf=1&Sclass=CDA&Cono=T01A,2026-08-26T18:17:54+00:00
106-1-CDA-T514-L-1-,106,1,人文社會科學院,CDA,創意設計與建築學系,T514,L,碩士在職專班,1,,台灣生態城市發展特論,3,選,50,12,,38,曾梓峰,H3--106,"10,11, 12",,,,,,,"[{""day"": 1, ""dayName"": ""星期一"", ""periods"": [""10"", ""11"", ""12""], ""raw"": ""10,11, 12""}]",,本課程碩士、碩專不分年級皆可選修。上課地點：h3-106,https://course.nuk.edu.tw/QueryCourse/tcontent.asp?OpenYear=106&Helf=1&Sclass=CDA&Cono=T514,2026-08-26T18:17:54+00:00
106-1-CDA-T523-L-1-,106,1,人文社會科學院,CDA,創意設計與建築學系,T523,L,碩士在職專班,1,,都市計畫,3,選,20,14,,6,曾梓峰,H3--111,,,"10,11, 12",,,,,"[{""day"": 3, ""dayName"": ""星期三"", ""periods"": [""10"", ""11"", ""12""], ""raw"": ""10,11, 12""}]",,本課程開放本系大四、碩士班學生修課。教室h3-111,https://course.nuk.edu.tw/QueryCourse/tcontent.asp?OpenYear=106&Helf=1&Sclass=CDA&Cono=T523,2026-08-26T18:17:54+00:00
106-1-CDA-T542-L-1-,106,1,人文社會科學院,CDA,創意設計與建築學系,T542,L,碩士在職專班,1,,建築工程專案管理,3,選,20,20,,0,陳怡兆 蘇志勳,H1--102,,,,"10,11, 12",,,,"[{""day"": 4, ""dayName"": ""星期四"", ""periods"": [""10"", ""11"", ""12""], ""raw"": ""10,11, 12""}]",,本課程碩士、碩專不分年級皆可選修。教室h1-102。教師：蘇志勳、陳怡兆。,https://course.nuk.edu.tw/QueryCourse/tcontent.asp?OpenYear=106&Helf=1&Sclass=CDA&Cono=T542,2026-08-26T18:17:54+00:00
106-1-CDA-T522-L-2-,106,1,人文社會科學院,CDA,創意設計與建築學系,T522,L,碩士在職專班,2,,都市防災特論,3,選,15,4,,11,吳明淏,H3--102,,"10,11, 12",,,,,,"[{""day"": 2, ""dayName"": ""星期二"", ""periods"": [""10"", ""11"", ""12""], ""raw"": ""10,11, 12""}]",,本課程碩士、碩專不分年級皆可選修,https://course.nuk.edu.tw/QueryCourse/tcontent.asp?OpenYear=106&Helf=1&Sclass=CDA&Cono=T522,2026-08-26T18:17:54+00:00
106-1-CDA-T565-L-2-,106,1,人文社會科學院,CDA,創意設計與建築學系,T565,L,碩士在職專班,2,,金屬與多媒材創作研究,3,選,8,3,,5,賴廷鴻,,,"10,11, 12",,,,,,"[{""day"": 2, ""dayName"": ""星期二"", ""periods"": [""10"", ""11"", ""12""], ""raw"": ""10,11, 12""}]",,創建系工坊金工教室,https://course.nuk.edu.tw/QueryCourse/tcontent.asp?OpenYear=106&Helf=1&Sclass=CDA&Cono=T565,2026-08-26T18:17:54+00:00
106-1-CDA-T566-L-2-,106,1,人文社會科學院,CDA,創意設計與建築學系,T566,L,碩士在職專班,2,,結構符號與意義,3,選,10,3,,7,洪碩延,H1--334,"10,11, 12",,,,,,,"[{""day"": 1, ""dayName"": ""星期一"", ""periods"": [""10"", ""11"", ""12""], ""raw"": ""10,11, 12""}]",限修,教室H1-334,https://course.nuk.edu.tw/QueryCourse/tcontent.asp?OpenYear=106&Helf=1&Sclass=CDA&Cono=T566,2026-08-26T18:17:54+00:00
106-1-CDA-T567-L-2-,106,1,人文社會科學院,CDA,創意設計與建築學系,T567,L,碩士在職專班,2,,構成研究與創作,3,選,10,3,,7,康錦樹,H1--332,,,,"10,11, 12",,,,"[{""day"": 4, ""dayName"": ""星期四"", ""periods"": [""10"", ""11"", ""12""], ""raw"": ""10,11, 12""}]",,H1-332,https://course.nuk.edu.tw/QueryCourse/tcontent.asp?OpenYear=106&Helf=1&Sclass=CDA&Cono=T567,2026-08-26T18:17:54+00:00
106-1-CDA-T574-L-2-,106,1,人文社會科學院,CDA,創意設計與建築學系,T574,L,碩士在職專班,2,,數位媒材創作與研究,3,選,10,4,,6,王政弘,H1--112,,,"10,11, 12",,,,,"[{""day"": 3, ""dayName"": ""星期三"", ""periods"": [""10"", ""11"", ""12""], ""raw"": ""10,11, 12""}]",,H1-112,https://course.nuk.edu.tw/QueryCourse/tcontent.asp?OpenYear=106&Helf=1&Sclass=CDA&Cono=T574,2026-08-26T18:17:54+00:00
106-1-CDA-T592-L-2-,106,1,人文社會科學院,CDA,創意設計與建築學系,T592,L,碩士在職專班,2,,文化遺產經濟學,3,選,20,14,,6,陳逸杰,H3--102,,,,"10,11, 12",,,,"[{""day"": 4, ""dayName"": ""星期四"", ""periods"": [""10"", ""11"", ""12""], ""raw"": ""10,11, 12""}]",,教室：h3-102。本課程碩士、碩專不分年級皆可選修,https://course.nuk.edu.tw/QueryCourse/tcontent.asp?OpenYear=106&Helf=1&Sclass=CDA&Cono=T592,2026-08-26T18:17:54+00:00
106-1-CDA-F001-M-1-,106,1,人文社會科學院,CDA,創意設計與建築學系,F001,M,碩士班,1,,研究方法與論文寫作,3,必,8,5,,3,王政弘 黃裕宸,H1--330,,,"5,6, 7",,,,,"[{""day"": 3, ""dayName"": ""星期三"", ""periods"": [""5"", ""6"", ""7""], ""raw"": ""5,6, 7""}]",,教室H1-330. 本課程為碩士創設組學生必修。都建組不適用。,https://course.nuk.edu.tw/QueryCourse/tcontent.asp?OpenYear=106&Helf=1&Sclass=CDA&Cono=F001,2026-08-26T18:17:54+00:00
106-1-CDA-F02A-M-1-,106,1,人文社會科學院,CDA,創意設計與建築學系,F02A,M,碩士班,1,,專題研討(一)A,0,必,8,3,,5,王政弘 黃裕宸 陳明鴻,H1--332,,"2,3, 4",,,,,,"[{""day"": 2, ""dayName"": ""星期二"", ""periods"": [""2"", ""3"", ""4""], ""raw"": ""2,3, 4""}]",,教室H1-332教室；本課程為碩士創設組學生必修課。都建組不適用。,https://course.nuk.edu.tw/QueryCourse/tcontent.asp?OpenYear=106&Helf=1&Sclass=CDA&Cono=F02A,2026-08-26T18:17:54+00:00
106-1-CDA-F500-M-1-,106,1,人文社會科學院,CDA,創意設計與建築學系,F500,M,碩士班,1,,教學實務演練(創意設計與建築學系),0,選,25,25,,0,陳逸杰,,,X,,,,,,"[{""day"": 2, ""dayName"": ""星期二"", ""periods"": [""X""], ""raw"": ""X""}]",外加,指定加簽，申請擔任學習型兼任教學助理之學生必須修習本課程。,https://course.nuk.edu.tw/QueryCourse/tcontent.asp?OpenYear=106&Helf=1&Sclass=CDA&Cono=F500,2026-08-26T18:17:54+00:00
106-1-CDA-F534-M-1-,106,1,人文社會科學院,CDA,創意設計與建築學系,F534,M,碩士班,1,,低碳居住環境數化設計特論,3,選,25,11,,14,廖硃岑,H3--111,,"7,8, 9",,,,,,"[{""day"": 2, ""dayName"": ""星期二"", ""periods"": [""7"", ""8"", ""9""], ""raw"": ""7,8, 9""}]",,大四、碩士、碩專班合開,https://course.nuk.edu.tw/QueryCourse/tcontent.asp?OpenYear=106&Helf=1&Sclass=CDA&Cono=F534,2026-08-26T18:17:54+00:00
106-1-CDA-F535-M-1-,106,1,人文社會科學院,CDA,創意設計與建築學系,F535,M,碩士班,1,,文化資產建築保存專論,3,選,31,27,,4,陳啟仁,H1--107,,"5,6, 7",,,,,,"[{""day"": 2, ""dayName"": ""星期二"", ""periods"": [""5"", ""6"", ""7""], ""raw"": ""5,6, 7""}]",外加,本課程開放碩士、碩專班不分級皆可選修。,https://course.nuk.edu.tw/QueryCourse/tcontent.asp?OpenYear=106&Helf=1&Sclass=CDA&Cono=F535,2026-08-26T18:17:54+00:00
106-1-CDA-F536-M-1-,106,1,人文社會科學院,CDA,創意設計與建築學系,F536,M,碩士班,1,,綠色科技與橘色科技空間環境最佳化整合設計特論,3,選,20,13,,7,廖硃岑,H1--102,,,"5,6, 7",,,,,"[{""day"": 3, ""dayName"": ""星期三"", ""periods"": [""5"", ""6"", ""7""], ""raw"": ""5,6, 7""}]",學程,本課程開放大三以上、碩專班學生選修，隸屬智慧生活整合創新學程,https://course.nuk.edu.tw/QueryCourse/tcontent.asp?OpenYear=106&Helf=1&Sclass=CDA&Cono=F536,2026-08-26T18:17:54+00:00
106-1-CDA-F537-M-1-,106,1,人文社會科學院,CDA,創意設計與建築學系,F537,M,碩士班,1,,虛擬實境智慧城市規劃應用,2,選,20,10,,10,陳怡兆,H3--110,,,,"8,9",,,,"[{""day"": 4, ""dayName"": ""星期四"", ""periods"": [""8"", ""9""], ""raw"": ""8,9""}]",,本系大四、碩士班合班上課，本課程限參加VDWC競賽同學選課。教室h3-110研究室,https://course.nuk.edu.tw/QueryCourse/tcontent.asp?OpenYear=106&Helf=1&Sclass=CDA&Cono=F537,2026-08-26T18:17:54+00:00
106-1-CDA-F543-M-1-,106,1,人文社會科學院,CDA,創意設計與建築學系,F543,M,碩士班,1,,設計美學研究,3,選,50,9,,41,徐文琴,H1--102,,,,,"5,6, 7",,,"[{""day"": 5, ""dayName"": ""星期五"", ""periods"": [""5"", ""6"", ""7""], ""raw"": ""5,6, 7""}]",,創意設計組選修；開放大三、大四、碩士班選修；教師:徐文琴老師；教室:H1-102,https://course.nuk.edu.tw/QueryCourse/tcontent.asp?OpenYear=106&Helf=1&Sclass=CDA&Cono=F543,2026-08-26T18:17:54+00:00
106-1-CDA-F561-M-1-,106,1,人文社會科學院,CDA,創意設計與建築學系,F561,M,碩士班,1,,當代藝術與設計思潮,3,選,30,3,,27,侯淑姿,H1--332,"2,3, 4",,,,,,,"[{""day"": 1, ""dayName"": ""星期一"", ""periods"": [""2"", ""3"", ""4""], ""raw"": ""2,3, 4""}]",限修,創意設計組選修；大三、大四、碩士班合開；教室:HI-332,https://course.nuk.edu.tw/QueryCourse/tcontent.asp?OpenYear=106&Helf=1&Sclass=CDA&Cono=F561,2026-08-26T18:17:54+00:00
106-1-CDA-G501-M-1-,106,1,人文社會科學院,CDA,創意設計與建築學系,G501,M,碩士班,1,,創意思考論,3,選,10,3,,7,黃裕宸,H1--330,,,"2,3, 4",,,,,"[{""day"": 3, ""dayName"": ""星期三"", ""periods"": [""2"", ""3"", ""4""], ""raw"": ""2,3, 4""}]",,教室H1-330,https://course.nuk.edu.tw/QueryCourse/tcontent.asp?OpenYear=106&Helf=1&Sclass=CDA&Cono=G501,2026-08-26T18:17:54+00:00
106-1-CDA-T523-M-1-,106,1,人文社會科學院,CDA,創意設計與建築學系,T523,M,碩士班,1,,都市計畫,3,必,20,14,,6,曾梓峰,H3--111,,,"10,11, 12",,,,,"[{""day"": 3, ""dayName"": ""星期三"", ""periods"": [""10"", ""11"", ""12""], ""raw"": ""10,11, 12""}]",,教室：h3-111。教師：吳文彥老師。本課程開放大四、碩專、碩士班選修。,https://course.nuk.edu.tw/QueryCourse/tcontent.asp?OpenYear=106&Helf=1&Sclass=CDA&Cono=T523,2026-08-26T18:17:54+00:00
106-1-DAP-A003-A-1-A,106,1,人文社會科學院,DAP,運動競技學系,A003,A,大學部,1,A,運動賽會管理,2,必,49,49,,0,孫美蓮,B01-207-4,,"3,4",,,,,,"[{""day"": 2, ""dayName"": ""星期二"", ""periods"": [""3"", ""4""], ""raw"": ""3,4""}]",限修及外加,207-4,https://course.nuk.edu.tw/QueryCourse/tcontent.asp?OpenYear=106&Helf=1&Sclass=DAP&Cono=A003,2026-08-26T18:17:54+00:00
106-1-DAP-A004-A-1-A,106,1,人文社會科學院,DAP,運動競技學系,A004,A,大學部,1,A,運動管理學,2,必,46,46,,0,林政德,B01-207-4,,"5,6",,,,,,"[{""day"": 2, ""dayName"": ""星期二"", ""periods"": [""5"", ""6""], ""raw"": ""5,6""}]",限修及外加,207-4,https://course.nuk.edu.tw/QueryCourse/tcontent.asp?OpenYear=106&Helf=1&Sclass=DAP&Cono=A004,2026-08-26T18:17:54+00:00
106-1-DAP-A01A-A-1-A,106,1,人文社會科學院,DAP,運動競技學系,A01A,A,大學部,1,A,專長術科(棒球)-I,4,必,20,20,,0,李坤哲,,,,,"5,6, 7,8","5,6, 7,8",,,"[{""day"": 4, ""dayName"": ""星期四"", ""periods"": [""5"", ""6"", ""7"", ""8""], ""raw"": ""5,6, 7,8""}, {""day"": 5, ""dayName"": ""星期五"", ""periods"": [""5"", ""6"", ""7"", ""8""], ""raw"": ""5,6, 7,8""}]",限修及外加,授課老師：李坤哲，專長術科（棒球）-I、Ⅲ、Ⅴ、Ⅶ每週四、五（5-8節）棒球場上課,https://course.nuk.edu.tw/QueryCourse/tcontent.asp?OpenYear=106&Helf=1&Sclass=DAP&Cono=A01A,2026-08-26T18:17:54+00:00
106-1-DAP-A02A-A-1-A,106,1,人文社會科學院,DAP,運動競技學系,A02A,A,大學部,1,A,專長術科(桌球)-I,4,必,11,11,,0,王明月,,,,,"5,6, 7,8","5,6, 7,8",,,"[{""day"": 4, ""dayName"": ""星期四"", ""periods"": [""5"", ""6"", ""7"", ""8""], ""raw"": ""5,6, 7,8""}, {""day"": 5, ""dayName"": ""星期五"", ""periods"": [""5"", ""6"", ""7"", ""8""], ""raw"": ""5,6, 7,8""}]",限修及外加,授課老師：王明月，專長術科（桌球）-I、Ⅲ、Ⅴ、Ⅶ每週四、五（5-8節）桌球場上課,https://course.nuk.edu.tw/QueryCourse/tcontent.asp?OpenYear=106&Helf=1&Sclass=DAP&Cono=A02A,2026-08-26T18:17:54+00:00
106-1-DAP-A03A-A-1-A,106,1,人文社會科學院,DAP,運動競技學系,A03A,A,大學部,1,A,專長術科(游泳)-I,4,必,5,5,,0,林季嬋,,,,,"5,6, 7,8","5,6, 7,8",,,"[{""day"": 4, ""dayName"": ""星期四"", ""periods"": [""5"", ""6"", ""7"", ""8""], ""raw"": ""5,6, 7,8""}, {""day"": 5, ""dayName"": ""星期五"", ""periods"": [""5"", ""6"", ""7"", ""8""], ""raw"": ""5,6, 7,8""}]",限修,授課老師：林季嬋，專長術科（游泳）-Ⅰ、Ⅲ、Ⅴ、Ⅶ每週四、五（5-8節）游泳池水用4水道上課,https://course.nuk.edu.tw/QueryCourse/tcontent.asp?OpenYear=106&Helf=1&Sclass=DAP&Cono=A03A,2026-08-26T18:17:54+00:00
106-1-DAP-A04A-A-1-A,106,1,人文社會科學院,DAP,運動競技學系,A04A,A,大學部,1,A,專長術科(羽球)-I,4,必,12,10,,2,黃全成,,,,,"5,6, 7,8","5,6, 7,8",,,"[{""day"": 4, ""dayName"": ""星期四"", ""periods"": [""5"", ""6"", ""7"", ""8""], ""raw"": ""5,6, 7,8""}, {""day"": 5, ""dayName"": ""星期五"", ""periods"": [""5"", ""6"", ""7"", ""8""], ""raw"": ""5,6, 7,8""}]",限修,授課老師：黃全成，專長術科（羽球）-Ⅰ、Ⅲ、Ⅴ、Ⅶ每週四、五（5-8節）羽球場上課,https://course.nuk.edu.tw/QueryCourse/tcontent.asp?OpenYear=106&Helf=1&Sclass=DAP&Cono=A04A,2026-08-26T18:17:54+00:00
106-1-DAP-A06A-A-1-A,106,1,人文社會科學院,DAP,運動競技學系,A06A,A,大學部,1,A,專長術科(木球)-I,4,必,4,4,,0,王士仁 高群超,,,,,"5,6, 7,8","5,6, 7,8",,,"[{""day"": 4, ""dayName"": ""星期四"", ""periods"": [""5"", ""6"", ""7"", ""8""], ""raw"": ""5,6, 7,8""}, {""day"": 5, ""dayName"": ""星期五"", ""periods"": [""5"", ""6"", ""7"", ""8""], ""raw"": ""5,6, 7,8""}]",限修,授課老師：王士仁、高群超老師，專長術科（木球）-I、Ⅲ、Ⅴ、Ⅶ每週四、五（5-8節）木球場上課,https://course.nuk.edu.tw/QueryCourse/tcontent.asp?OpenYear=106&Helf=1&Sclass=DAP&Cono=A06A,2026-08-26T18:17:54+00:00
106-1-DAP-A521-A-1-A,106,1,人文社會科學院,DAP,運動競技學系,A521,A,大學部,1,A,電腦軟體應用,2,選,57,57,,0,鄭景隆,L01-107 其他教室,,,,"3,4",,,,"[{""day"": 4, ""dayName"": ""星期四"", ""periods"": [""3"", ""4""], ""raw"": ""3,4""}]",限修及外加,圖資大樓107電腦教室,https://course.nuk.edu.tw/QueryCourse/tcontent.asp?OpenYear=106&Helf=1&Sclass=DAP&Cono=A521,2026-08-26T18:17:54+00:00
106-1-DAP-A531-A-1-A,106,1,人文社會科學院,DAP,運動競技學系,A531,A,大學部,1,A,運動研究法,2,選,45,5,,40,林政德,B01-207-6,,"11,12",,,,,,"[{""day"": 2, ""dayName"": ""星期二"", ""periods"": [""11"", ""12""], ""raw"": ""11,12""}]",,,https://course.nuk.edu.tw/QueryCourse/tcontent.asp?OpenYear=106&Helf=1&Sclass=DAP&Cono=A531,2026-08-26T18:17:54+00:00
106-1-DAP-B001-A-2-A,106,1,人文社會科學院,DAP,運動競技學系,B001,A,大學部,2,A,運動生理學,2,必,45,44,,1,林季嬋,B01-207-4,,"1,2",,,,,,"[{""day"": 2, ""dayName"": ""星期二"", ""periods"": [""1"", ""2""], ""raw"": ""1,2""}]",限修及外加,207-4教室,https://course.nuk.edu.tw/QueryCourse/tcontent.asp?OpenYear=106&Helf=1&Sclass=DAP&Cono=B001,2026-08-26T18:17:54+00:00
106-1-DAP-B002-A-2-A,106,1,人文社會科學院,DAP,運動競技學系,B002,A,大學部,2,A,運動心理學,2,必,43,42,,1,王明月,B01-207-4,"1,2",,,,,,,"[{""day"": 1, ""dayName"": ""星期一"", ""periods"": [""1"", ""2""], ""raw"": ""1,2""}]",限修,207-4教室,https://course.nuk.edu.tw/QueryCourse/tcontent.asp?OpenYear=106&Helf=1&Sclass=DAP&Cono=B002,2026-08-26T18:17:54+00:00
106-1-DAP-B01A-A-2-A,106,1,人文社會科學院,DAP,運動競技學系,B01A,A,大學部,2,A,專長術科(棒球)-III,4,必,14,13,,1,李坤哲,,,,,"5,6, 7,8","5,6, 7,8",,,"[{""day"": 4, ""dayName"": ""星期四"", ""periods"": [""5"", ""6"", ""7"", ""8""], ""raw"": ""5,6, 7,8""}, {""day"": 5, ""dayName"": ""星期五"", ""periods"": [""5"", ""6"", ""7"", ""8""], ""raw"": ""5,6, 7,8""}]",限修,授課老師：李坤哲，專長術科（棒球）-I、Ⅲ、Ⅴ、Ⅶ每週四、五（5-8節）棒球場上課,https://course.nuk.edu.tw/QueryCourse/tcontent.asp?OpenYear=106&Helf=1&Sclass=DAP&Cono=B01A,2026-08-26T18:17:54+00:00
106-1-DAP-B02A-A-2-A,106,1,人文社會科學院,DAP,運動競技學系,B02A,A,大學部,2,A,專長術科(桌球)-III,4,必,8,8,,0,王明月,,,,,"5,6, 7,8","5,6, 7,8",,,"[{""day"": 4, ""dayName"": ""星期四"", ""periods"": [""5"", ""6"", ""7"", ""8""], ""raw"": ""5,6, 7,8""}, {""day"": 5, ""dayName"": ""星期五"", ""periods"": [""5"", ""6"", ""7"", ""8""], ""raw"": ""5,6, 7,8""}]",限修,授課老師：王明月，專長術科（桌球）-I、Ⅲ、Ⅴ、Ⅶ每週四、五（5-8節）桌球場上課,https://course.nuk.edu.tw/QueryCourse/tcontent.asp?OpenYear=106&Helf=1&Sclass=DAP&Cono=B02A,2026-08-26T18:17:54+00:00
106-1-DAP-B03A-A-2-A,106,1,人文社會科學院,DAP,運動競技學系,B03A,A,大學部,2,A,專長術科(游泳)-III,4,必,10,9,,1,林季嬋,,,,,"5,6, 7,8","5,6, 7,8",,,"[{""day"": 4, ""dayName"": ""星期四"", ""periods"": [""5"", ""6"", ""7"", ""8""], ""raw"": ""5,6, 7,8""}, {""day"": 5, ""dayName"": ""星期五"", ""periods"": [""5"", ""6"", ""7"", ""8""], ""raw"": ""5,6, 7,8""}]",限修,授課老師：林季嬋，專長術科（游泳）-Ⅰ、Ⅲ、Ⅴ、Ⅶ每週四、五（5-8節）游泳池水用4水道上課,https://course.nuk.edu.tw/QueryCourse/tcontent.asp?OpenYear=106&Helf=1&Sclass=DAP&Cono=B03A,2026-08-26T18:17:54+00:00
106-1-DAP-B04A-A-2-A,106,1,人文社會科學院,DAP,運動競技學系,B04A,A,大學部,2,A,專長術科(羽球)-III,4,必,11,11,,0,黃全成,,,,,"5,6, 7,8","5,6, 7,8",,,"[{""day"": 4, ""dayName"": ""星期四"", ""periods"": [""5"", ""6"", ""7"", ""8""], ""raw"": ""5,6, 7,8""}, {""day"": 5, ""dayName"": ""星期五"", ""periods"": [""5"", ""6"", ""7"", ""8""], ""raw"": ""5,6, 7,8""}]",限修及外加,授課老師：黃全成，專長術科（羽球）-Ⅰ、Ⅲ、Ⅴ、Ⅶ每週四、五（5-8節）羽球場上課,https://course.nuk.edu.tw/QueryCourse/tcontent.asp?OpenYear=106&Helf=1&Sclass=DAP&Cono=B04A,2026-08-26T18:17:54+00:00
106-1-DAP-B05A-A-2-A,106,1,人文社會科學院,DAP,運動競技學系,B05A,A,大學部,2,A,體適能(Ⅰ),2,必,42,42,,0,黃全成,K01-004 其他教室,,"5,6",,,,,,"[{""day"": 2, ""dayName"": ""星期二"", ""periods"": [""5"", ""6""], ""raw"": ""5,6""}]",限修,體適能教室、207-8教室,https://course.nuk.edu.tw/QueryCourse/tcontent.asp?OpenYear=106&Helf=1&Sclass=DAP&Cono=B05A,2026-08-26T18:17:54+00:00
106-1-DAP-B06A-A-2-A,106,1,人文社會科學院,DAP,運動競技學系,B06A,A,大學部,2,A,游泳(Ⅰ),2,必,45,44,,1,尤若弘,,"10,11",,,,,,,"[{""day"": 1, ""dayName"": ""星期一"", ""periods"": [""10"", ""11""], ""raw"": ""10,11""}]",限修及外加,游泳池使用4水道,https://course.nuk.edu.tw/QueryCourse/tcontent.asp?OpenYear=106&Helf=1&Sclass=DAP&Cono=B06A,2026-08-26T18:17:54+00:00
106-1-DAP-B511-A-2-A,106,1,人文社會科學院,DAP,運動競技學系,B511,A,大學部,2,A,健身運動指導學,2,選,43,41,,2,鄭景隆,B01-207-4,,,,"1,2",,,,"[{""day"": 4, ""dayName"": ""星期四"", ""periods"": [""1"", ""2""], ""raw"": ""1,2""}]",限修及外加,207-4,https://course.nuk.edu.tw/QueryCourse/tcontent.asp?OpenYear=106&Helf=1&Sclass=DAP&Cono=B511,2026-08-26T18:17:54+00:00
106-1-DAP-B512-A-2-A,106,1,人文社會科學院,DAP,運動競技學系,B512,A,大學部,2,A,運動倫理,2,選,43,37,,6,林政德,B01-207-4,,,"1,2",,,,,"[{""day"": 3, ""dayName"": ""星期三"", ""periods"": [""1"", ""2""], ""raw"": ""1,2""}]",限修及外加,207-4,https://course.nuk.edu.tw/QueryCourse/tcontent.asp?OpenYear=106&Helf=1&Sclass=DAP&Cono=B512,2026-08-26T18:17:54+00:00
106-1-DAP-B513-A-2-A,106,1,人文社會科學院,DAP,運動競技學系,B513,A,大學部,2,A,運動公共關係,2,選,46,42,,4,孫美蓮,B01-207-4,,,"3,4",,,,,"[{""day"": 3, ""dayName"": ""星期三"", ""periods"": [""3"", ""4""], ""raw"": ""3,4""}]",限修及外加,207-4,https://course.nuk.edu.tw/QueryCourse/tcontent.asp?OpenYear=106&Helf=1&Sclass=DAP&Cono=B513,2026-08-26T18:17:54+00:00
106-1-DAP-B531-A-2-A,106,1,人文社會科學院,DAP,運動競技學系,B531,A,大學部,2,A,棒/壘球,1,選,44,26,,18,李坤哲,,,,,,"3,4",,,"[{""day"": 5, ""dayName"": ""星期五"", ""periods"": [""3"", ""4""], ""raw"": ""3,4""}]",限修及外加,棒球場,https://course.nuk.edu.tw/QueryCourse/tcontent.asp?OpenYear=106&Helf=1&Sclass=DAP&Cono=B531,2026-08-26T18:17:54+00:00
106-1-DAP-B532-A-2-A,106,1,人文社會科學院,DAP,運動競技學系,B532,A,大學部,2,A,國際標準舞,1,選,42,9,,33,孫美蓮,K01-004,"3,4",,,,,,,"[{""day"": 1, ""dayName"": ""星期一"", ""periods"": [""3"", ""4""], ""raw"": ""3,4""}]",限修,體適能教室,https://course.nuk.edu.tw/QueryCourse/tcontent.asp?OpenYear=106&Helf=1&Sclass=DAP&Cono=B532,2026-08-26T18:17:54+00:00
106-1-DAP-B533-A-2-A,106,1,人文社會科學院,DAP,運動競技學系,B533,A,大學部,2,A,桌球,1,選,37,22,,15,馮潤賓,,,,"5,6",,,,,"[{""day"": 3, ""dayName"": ""星期三"", ""periods"": [""5"", ""6""], ""raw"": ""5,6""}]",限修及外加,桌球室,https://course.nuk.edu.tw/QueryCourse/tcontent.asp?OpenYear=106&Helf=1&Sclass=DAP&Cono=B533,2026-08-26T18:17:54+00:00
106-1-DAP-B54A-A-2-A,106,1,人文社會科學院,DAP,運動競技學系,B54A,A,大學部,2,A,水上救生(Ⅰ),2,選,46,43,,3,戴堯種,,,,"10,11",,,,,"[{""day"": 3, ""dayName"": ""星期三"", ""periods"": [""10"", ""11""], ""raw"": ""10,11""}]",限修及外加,游泳池,https://course.nuk.edu.tw/QueryCourse/tcontent.asp?OpenYear=106&Helf=1&Sclass=DAP&Cono=B54A,2026-08-26T18:17:54+00:00
106-1-DAP-C001-A-3-A,106,1,人文社會科學院,DAP,運動競技學系,C001,A,大學部,3,A,運動訓練學,2,必,34,32,,2,鄭景隆,B01-207-6,,"5,6",,,,,,"[{""day"": 2, ""dayName"": ""星期二"", ""periods"": [""5"", ""6""], ""raw"": ""5,6""}]",限修,207-6,https://course.nuk.edu.tw/QueryCourse/tcontent.asp?OpenYear=106&Helf=1&Sclass=DAP&Cono=C001,2026-08-26T18:17:54+00:00
106-1-DAP-C01A-A-3-A,106,1,人文社會科學院,DAP,運動競技學系,C01A,A,大學部,3,A,專長術科(棒球)-V,4,必,16,16,,0,李坤哲,,,,,"5,6, 7,8","5,6, 7,8",,,"[{""day"": 4, ""dayName"": ""星期四"", ""periods"": [""5"", ""6"", ""7"", ""8""], ""raw"": ""5,6, 7,8""}, {""day"": 5, ""dayName"": ""星期五"", ""periods"": [""5"", ""6"", ""7"", ""8""], ""raw"": ""5,6, 7,8""}]",限修,授課老師：李坤哲，專長術科（棒球）-I、Ⅲ、Ⅴ、Ⅶ每週四、五（5-8節）棒球場上課,https://course.nuk.edu.tw/QueryCourse/tcontent.asp?OpenYear=106&Helf=1&Sclass=DAP&Cono=C01A,2026-08-26T18:17:54+00:00
106-1-DAP-C02A-A-3-A,106,1,人文社會科學院,DAP,運動競技學系,C02A,A,大學部,3,A,專長術科(桌球)-V,4,必,5,5,,0,王明月,,,,,"5,6, 7,8","5,6, 7,8",,,"[{""day"": 4, ""dayName"": ""星期四"", ""periods"": [""5"", ""6"", ""7"", ""8""], ""raw"": ""5,6, 7,8""}, {""day"": 5, ""dayName"": ""星期五"", ""periods"": [""5"", ""6"", ""7"", ""8""], ""raw"": ""5,6, 7,8""}]",限修,授課老師：王明月，專長術科（桌球）-I、Ⅲ、Ⅴ、Ⅶ每週四、五（5-8節）桌球場上課,https://course.nuk.edu.tw/QueryCourse/tcontent.asp?OpenYear=106&Helf=1&Sclass=DAP&Cono=C02A,2026-08-26T18:17:54+00:00
106-1-DAP-C03A-A-3-A,106,1,人文社會科學院,DAP,運動競技學系,C03A,A,大學部,3,A,專長術科(游泳)-V,4,必,6,6,,0,林季嬋,,,,,"5,6, 7,8","5,6, 7,8",,,"[{""day"": 4, ""dayName"": ""星期四"", ""periods"": [""5"", ""6"", ""7"", ""8""], ""raw"": ""5,6, 7,8""}, {""day"": 5, ""dayName"": ""星期五"", ""periods"": [""5"", ""6"", ""7"", ""8""], ""raw"": ""5,6, 7,8""}]",限修,授課老師：林季嬋，專長術科（游泳）-Ⅰ、Ⅲ、Ⅴ、Ⅶ每週四、五（5-8節）游泳池水用4水道上課,https://course.nuk.edu.tw/QueryCourse/tcontent.asp?OpenYear=106&Helf=1&Sclass=DAP&Cono=C03A,2026-08-26T18:17:54+00:00
106-1-DAP-C04A-A-3-A,106,1,人文社會科學院,DAP,運動競技學系,C04A,A,大學部,3,A,專長術科(羽球)-V,4,必,7,6,,1,黃全成,,,,,"5,6, 7,8","5,6, 7,8",,,"[{""day"": 4, ""dayName"": ""星期四"", ""periods"": [""5"", ""6"", ""7"", ""8""], ""raw"": ""5,6, 7,8""}, {""day"": 5, ""dayName"": ""星期五"", ""periods"": [""5"", ""6"", ""7"", ""8""], ""raw"": ""5,6, 7,8""}]",限修,授課老師：黃全成，專長術科（羽球）-Ⅰ、Ⅲ、Ⅴ、Ⅶ每週四、五（5-8節）羽球場上課,https://course.nuk.edu.tw/QueryCourse/tcontent.asp?OpenYear=106&Helf=1&Sclass=DAP&Cono=C04A,2026-08-26T18:17:54+00:00
106-1-DAP-C501-A-3-A,106,1,人文社會科學院,DAP,運動競技學系,C501,A,大學部,3,A,體育行政與管理,2,選,34,33,,1,林政德,B01-207-4,,,,,"1,2",,,"[{""day"": 5, ""dayName"": ""星期五"", ""periods"": [""1"", ""2""], ""raw"": ""1,2""}]",限修,207-4,https://course.nuk.edu.tw/QueryCourse/tcontent.asp?OpenYear=106&Helf=1&Sclass=DAP&Cono=C501,2026-08-26T18:17:54+00:00
106-1-DAP-C513-A-3-A,106,1,人文社會科學院,DAP,運動競技學系,C513,A,大學部,3,A,運動營養學,2,選,35,30,,5,鄭景隆,B01-207-4,"3,4",,,,,,,"[{""day"": 1, ""dayName"": ""星期一"", ""periods"": [""3"", ""4""], ""raw"": ""3,4""}]",限修及外加,207-4,https://course.nuk.edu.tw/QueryCourse/tcontent.asp?OpenYear=106&Helf=1&Sclass=DAP&Cono=C513,2026-08-26T18:17:54+00:00
106-1-DAP-C515-A-3-A,106,1,人文社會科學院,DAP,運動競技學系,C515,A,大學部,3,A,運動技術分析,2,選,40,38,,2,鄭景隆,B01-207-6,,,"1,2",,,,,"[{""day"": 3, ""dayName"": ""星期三"", ""periods"": [""1"", ""2""], ""raw"": ""1,2""}]",限修及外加,207-6,https://course.nuk.edu.tw/QueryCourse/tcontent.asp?OpenYear=106&Helf=1&Sclass=DAP&Cono=C515,2026-08-26T18:17:54+00:00
106-1-DAP-C521-A-3-A,106,1,人文社會科學院,DAP,運動競技學系,C521,A,大學部,3,A,網球,1,選,36,33,,3,林政德,,,,,"3,4",,,,"[{""day"": 4, ""dayName"": ""星期四"", ""periods"": [""3"", ""4""], ""raw"": ""3,4""}]",限修及外加,網球場,https://course.nuk.edu.tw/QueryCourse/tcontent.asp?OpenYear=106&Helf=1&Sclass=DAP&Cono=C521,2026-08-26T18:17:54+00:00
106-1-DAP-C522-A-3-A,106,1,人文社會科學院,DAP,運動競技學系,C522,A,大學部,3,A,足球,1,選,34,14,,20,耿仕榮,,,,"7,8",,,,,"[{""day"": 3, ""dayName"": ""星期三"", ""periods"": [""7"", ""8""], ""raw"": ""7,8""}]",限修,足球場,https://course.nuk.edu.tw/QueryCourse/tcontent.asp?OpenYear=106&Helf=1&Sclass=DAP&Cono=C522,2026-08-26T18:17:54+00:00
106-1-DAP-C531-A-3-A,106,1,人文社會科學院,DAP,運動競技學系,C531,A,大學部,3,A,幼兒體育,2,選,36,31,,5,林文俊,B01-207-6,,,"3,4",,,,,"[{""day"": 3, ""dayName"": ""星期三"", ""periods"": [""3"", ""4""], ""raw"": ""3,4""}]",限修及外加,207-6,https://course.nuk.edu.tw/QueryCourse/tcontent.asp?OpenYear=106&Helf=1&Sclass=DAP&Cono=C531,2026-08-26T18:17:54+00:00
106-1-DAP-C54A-A-3-A,106,1,人文社會科學院,DAP,運動競技學系,C54A,A,大學部,3,A,重量訓練(Ⅰ),2,選,35,30,,5,鄭景隆,,,"3,4",,,,,,"[{""day"": 2, ""dayName"": ""星期二"", ""periods"": [""3"", ""4""], ""raw"": ""3,4""}]",限修及外加,重訓教室,https://course.nuk.edu.tw/QueryCourse/tcontent.asp?OpenYear=106&Helf=1&Sclass=DAP&Cono=C54A,2026-08-26T18:17:54+00:00
106-1-DAP-D01A-A-4-A,106,1,人文社會科學院,DAP,運動競技學系,D01A,A,大學部,4,A,專長術科(棒球)-Ⅶ,4,必,16,16,,0,李坤哲,,,,,"5,6, 7,8","5,6, 7,8",,,"[{""day"": 4, ""dayName"": ""星期四"", ""periods"": [""5"", ""6"", ""7"", ""8""], ""raw"": ""5,6, 7,8""}, {""day"": 5, ""dayName"": ""星期五"", ""periods"": [""5"", ""6"", ""7"", ""8""], ""raw"": ""5,6, 7,8""}]",限修,授課老師：李坤哲，專長術科（棒球）-I、Ⅲ、Ⅴ、Ⅶ每週四、五（5-8節）棒球場上課,https://course.nuk.edu.tw/QueryCourse/tcontent.asp?OpenYear=106&Helf=1&Sclass=DAP&Cono=D01A,2026-08-26T18:17:54+00:00
106-1-DAP-D02A-A-4-A,106,1,人文社會科學院,DAP,運動競技學系,D02A,A,大學部,4,A,專長術科(桌球)-Ⅶ,4,必,9,9,,0,王明月,,,,,"5,6, 7,8","5,6, 7,8",,,"[{""day"": 4, ""dayName"": ""星期四"", ""periods"": [""5"", ""6"", ""7"", ""8""], ""raw"": ""5,6, 7,8""}, {""day"": 5, ""dayName"": ""星期五"", ""periods"": [""5"", ""6"", ""7"", ""8""], ""raw"": ""5,6, 7,8""}]",限修,授課老師：王明月，專長術科（桌球）-I、Ⅲ、Ⅴ、Ⅶ每週四、五（5-8節）桌球場上課,https://course.nuk.edu.tw/QueryCourse/tcontent.asp?OpenYear=106&Helf=1&Sclass=DAP&Cono=D02A,2026-08-26T18:17:54+00:00
106-1-DAP-D03A-A-4-A,106,1,人文社會科學院,DAP,運動競技學系,D03A,A,大學部,4,A,專長術科(游泳)-Ⅶ,4,必,3,3,,0,林季嬋,,,,,"5,6, 7,8","5,6, 7,8",,,"[{""day"": 4, ""dayName"": ""星期四"", ""periods"": [""5"", ""6"", ""7"", ""8""], ""raw"": ""5,6, 7,8""}, {""day"": 5, ""dayName"": ""星期五"", ""periods"": [""5"", ""6"", ""7"", ""8""], ""raw"": ""5,6, 7,8""}]",限修,授課老師：林季嬋，專長術科（游泳）-Ⅰ、Ⅲ、Ⅴ、Ⅶ每週四、五（5-8節）游泳池水用4水道上課,https://course.nuk.edu.tw/QueryCourse/tcontent.asp?OpenYear=106&Helf=1&Sclass=DAP&Cono=D03A,2026-08-26T18:17:54+00:00
106-1-DAP-D04A-A-4-A,106,1,人文社會科學院,DAP,運動競技學系,D04A,A,大學部,4,A,專長術科(羽球)-Ⅶ,4,必,8,8,,0,黃全成,,,,,"5,6, 7,8","5,6, 7,8",,,"[{""day"": 4, ""dayName"": ""星期四"", ""periods"": [""5"", ""6"", ""7"", ""8""], ""raw"": ""5,6, 7,8""}, {""day"": 5, ""dayName"": ""星期五"", ""periods"": [""5"", ""6"", ""7"", ""8""], ""raw"": ""5,6, 7,8""}]",限修,授課老師：黃全成，專長術科（羽球）-Ⅰ、Ⅲ、Ⅴ、Ⅶ每週四、五（5-8節）羽球場上課,https://course.nuk.edu.tw/QueryCourse/tcontent.asp?OpenYear=106&Helf=1&Sclass=DAP&Cono=D04A,2026-08-26T18:17:54+00:00
106-1-DAP-D500-A-4-A,106,1,人文社會科學院,DAP,運動競技學系,D500,A,大學部,4,A,教學實務演練(運動競技學系),0,選,5,5,,0,孫美蓮,,,X,,,,,,"[{""day"": 2, ""dayName"": ""星期二"", ""periods"": [""X""], ""raw"": ""X""}]",外加,,https://course.nuk.edu.tw/QueryCourse/tcontent.asp?OpenYear=106&Helf=1&Sclass=DAP&Cono=D500,2026-08-26T18:17:54+00:00
106-1-DAP-D501-A-4-A,106,1,人文社會科學院,DAP,運動競技學系,D501,A,大學部,4,A,運動傳播學,2,選,37,36,,1,林政德,B01-207-6,,"3,4",,,,,,"[{""day"": 2, ""dayName"": ""星期二"", ""periods"": [""3"", ""4""], ""raw"": ""3,4""}]",,207-6,https://course.nuk.edu.tw/QueryCourse/tcontent.asp?OpenYear=106&Helf=1&Sclass=DAP&Cono=D501,2026-08-26T18:17:54+00:00
106-1-DAP-D512-A-4-A,106,1,人文社會科學院,DAP,運動競技學系,D512,A,大學部,4,A,有氧舞蹈,1,選,39,19,,20,謝佩珊,K01-004,"5,6",,,,,,,"[{""day"": 1, ""dayName"": ""星期一"", ""periods"": [""5"", ""6""], ""raw"": ""5,6""}]",限修及外加,體適能教室,https://course.nuk.edu.tw/QueryCourse/tcontent.asp?OpenYear=106&Helf=1&Sclass=DAP&Cono=D512,2026-08-26T18:17:54+00:00
106-1-DAP-D514-A-4-A,106,1,人文社會科學院,DAP,運動競技學系,D514,A,大學部,4,A,排球,1,選,37,21,,16,黃煥民,,,,,"3,4",,,,"[{""day"": 4, ""dayName"": ""星期四"", ""periods"": [""3"", ""4""], ""raw"": ""3,4""}]",,排球場,https://course.nuk.edu.tw/QueryCourse/tcontent.asp?OpenYear=106&Helf=1&Sclass=DAP&Cono=D514,2026-08-26T18:17:54+00:00
106-1-EL-A011-A-1-A,106,1,人文社會科學院,EL,東亞語文學系,A011,A,大學部,1,A,初級日語I,4,必,52,52,,0,陳志文,H1--111,"3,4",,"3,4",,,,,"[{""day"": 1, ""dayName"": ""星期一"", ""periods"": [""3"", ""4""], ""raw"": ""3,4""}, {""day"": 3, ""dayName"": ""星期三"", ""periods"": [""3"", ""4""], ""raw"": ""3,4""}]",限修 學程,隸屬外語觀光保健人才培育學程、人文數位典藏與創意設計人才培育學程。,https://course.nuk.edu.tw/QueryCourse/tcontent.asp?OpenYear=106&Helf=1&Sclass=EL&Cono=A011,2026-08-26T18:17:54+00:00
106-1-EL-A033-A-1-A,106,1,人文社會科學院,EL,東亞語文學系,A033,A,大學部,1,A,初級日語會話Ⅰ,2,必,33,33,,0,深尾圓,H2--102,,"5,6",,,,,,"[{""day"": 2, ""dayName"": ""星期二"", ""periods"": [""5"", ""6""], ""raw"": ""5,6""}]",外加 學程,教室H2-102，隸屬外語觀光保健人才培育學程、人文與商管學程。,https://course.nuk.edu.tw/QueryCourse/tcontent.asp?OpenYear=106&Helf=1&Sclass=EL&Cono=A033,2026-08-26T18:17:54+00:00
106-1-EL-A061-A-1-A,106,1,人文社會科學院,EL,東亞語文學系,A061,A,大學部,1,A,初級韓語 Ⅰ,4,必,40,38,,2,李京保,H2--201,"3,4","3,4",,,,,,"[{""day"": 1, ""dayName"": ""星期一"", ""periods"": [""3"", ""4""], ""raw"": ""3,4""}, {""day"": 2, ""dayName"": ""星期二"", ""periods"": [""3"", ""4""], ""raw"": ""3,4""}]",限修及外加 學程,教室H2-201，隸屬外語觀光保健人才培育學程、人文數位典藏與創意設計人才培育學程、人文與商管學程。,https://course.nuk.edu.tw/QueryCourse/tcontent.asp?OpenYear=106&Helf=1&Sclass=EL&Cono=A061,2026-08-26T18:17:54+00:00
106-1-EL-A081-A-1-A,106,1,人文社會科學院,EL,東亞語文學系,A081,A,大學部,1,A,初級韓語會話Ⅰ,2,必,38,33,,5,李京保,H2--201,,,"3,4",,,,,"[{""day"": 3, ""dayName"": ""星期三"", ""periods"": [""3"", ""4""], ""raw"": ""3,4""}]",外加 學程,教室h2-201，隸屬外語觀光保健人才培育學程、人文與商管學程。,https://course.nuk.edu.tw/QueryCourse/tcontent.asp?OpenYear=106&Helf=1&Sclass=EL&Cono=A081,2026-08-26T18:17:54+00:00
106-1-EL-A091-A-1-A,106,1,人文社會科學院,EL,東亞語文學系,A091,A,大學部,1,A,初級越語 Ⅰ,4,必,33,33,,0,陳氏蘭,H2--202,,"5,6",,"3,4",,,,"[{""day"": 2, ""dayName"": ""星期二"", ""periods"": [""5"", ""6""], ""raw"": ""5,6""}, {""day"": 4, ""dayName"": ""星期四"", ""periods"": [""3"", ""4""], ""raw"": ""3,4""}]",外加 學程,教室H2-202 隸屬台越交流法商菁英人才培育學程、外語觀光保健人才培育學程、人文與商管學程。,https://course.nuk.edu.tw/QueryCourse/tcontent.asp?OpenYear=106&Helf=1&Sclass=EL&Cono=A091,2026-08-26T18:17:54+00:00
106-1-EL-A111-A-1-A,106,1,人文社會科學院,EL,東亞語文學系,A111,A,大學部,1,A,初級越語會話Ⅰ,2,必,30,23,,7,阮氏美香,H1--103,,"3,4",,,,,,"[{""day"": 2, ""dayName"": ""星期二"", ""periods"": [""3"", ""4""], ""raw"": ""3,4""}]",學程,教室H1-103 隸屬台越交流法商菁英人才培育學程、外語觀光保健人才培育學程、人文與商管學程。,https://course.nuk.edu.tw/QueryCourse/tcontent.asp?OpenYear=106&Helf=1&Sclass=EL&Cono=A111,2026-08-26T18:17:54+00:00
106-1-EL-A514-A-1-A,106,1,人文社會科學院,EL,東亞語文學系,A514,A,大學部,1,A,越南地理,2,選,30,13,,17,裴光雄,H1--103,"3,4",,,,,,,"[{""day"": 1, ""dayName"": ""星期一"", ""periods"": [""3"", ""4""], ""raw"": ""3,4""}]",,教室H1-103,https://course.nuk.edu.tw/QueryCourse/tcontent.asp?OpenYear=106&Helf=1&Sclass=EL&Cono=A514,2026-08-26T18:17:54+00:00
106-1-EL-A561-A-1-A,106,1,人文社會科學院,EL,東亞語文學系,A561,A,大學部,1,A,越語發音,2,選,30,27,,3,陳氏蘭,H1--111,,,,,"1,2",,,"[{""day"": 5, ""dayName"": ""星期五"", ""periods"": [""1"", ""2""], ""raw"": ""1,2""}]",,教室H1-111,https://course.nuk.edu.tw/QueryCourse/tcontent.asp?OpenYear=106&Helf=1&Sclass=EL&Cono=A561,2026-08-26T18:17:54+00:00
106-1-EL-A56A-A-1-A,106,1,人文社會科學院,EL,東亞語文學系,A56A,A,大學部,1,A,日語語法 I,2,選,52,51,,1,陳志文,H1--111,,"3,4",,,,,,"[{""day"": 2, ""dayName"": ""星期二"", ""periods"": [""3"", ""4""], ""raw"": ""3,4""}]",限修,,https://course.nuk.edu.tw/QueryCourse/tcontent.asp?OpenYear=106&Helf=1&Sclass=EL&Cono=A56A,2026-08-26T18:17:54+00:00
106-1-EL-A572-A-1-A,106,1,人文社會科學院,EL,東亞語文學系,A572,A,大學部,1,A,韓語發音,2,選,32,31,,1,王清棟,H2--201,,,,"3,4",,,,"[{""day"": 4, ""dayName"": ""星期四"", ""periods"": [""3"", ""4""], ""raw"": ""3,4""}]",限修,教室H2-201,https://course.nuk.edu.tw/QueryCourse/tcontent.asp?OpenYear=106&Helf=1&Sclass=EL&Cono=A572,2026-08-26T18:17:54+00:00
106-1-EL-A581-A-1-A,106,1,人文社會科學院,EL,東亞語文學系,A581,A,大學部,1,A,日本文化概論,2,選,30,20,,10,前川奈緒美,H1--109,,,,"7,8",,,,"[{""day"": 4, ""dayName"": ""星期四"", ""periods"": [""7"", ""8""], ""raw"": ""7,8""}]",,教室H1-109,https://course.nuk.edu.tw/QueryCourse/tcontent.asp?OpenYear=106&Helf=1&Sclass=EL&Cono=A581,2026-08-26T18:17:54+00:00
106-1-EL-A591-A-1-A,106,1,人文社會科學院,EL,東亞語文學系,A591,A,大學部,1,A,韓國文化概論,2,選,30,25,,5,河凡植,H1--103,,"5,6",,,,,,"[{""day"": 2, ""dayName"": ""星期二"", ""periods"": [""5"", ""6""], ""raw"": ""5,6""}]",,教室H1-103,https://course.nuk.edu.tw/QueryCourse/tcontent.asp?OpenYear=106&Helf=1&Sclass=EL&Cono=A591,2026-08-26T18:17:54+00:00
106-1-EL-A601-A-1-A,106,1,人文社會科學院,EL,東亞語文學系,A601,A,大學部,1,A,越南文化概論,2,選,30,24,,6,裴光雄,H1--103,"1,2",,,,,,,"[{""day"": 1, ""dayName"": ""星期一"", ""periods"": [""1"", ""2""], ""raw"": ""1,2""}]",,教室H1-103,https://course.nuk.edu.tw/QueryCourse/tcontent.asp?OpenYear=106&Helf=1&Sclass=EL&Cono=A601,2026-08-26T18:17:54+00:00
106-1-EL-A61A-A-1-A,106,1,人文社會科學院,EL,東亞語文學系,A61A,A,大學部,1,A,初級泰語Ⅰ,3,選,36,36,,0,潘婉玲,H1--103,,,,"5,6, 7",,,,"[{""day"": 4, ""dayName"": ""星期四"", ""periods"": [""5"", ""6"", ""7""], ""raw"": ""5,6, 7""}]",外加,教室H1-103,https://course.nuk.edu.tw/QueryCourse/tcontent.asp?OpenYear=106&Helf=1&Sclass=EL&Cono=A61A,2026-08-26T18:17:54+00:00
106-1-EL-A02A-A-2-A,106,1,人文社會科學院,EL,東亞語文學系,A02A,A,大學部,2,A,日語聽講實習I,2,必,30,21,,9,深尾圓,H1--103,"5,6",,,,,,,"[{""day"": 1, ""dayName"": ""星期一"", ""periods"": [""5"", ""6""], ""raw"": ""5,6""}]",學程,教室H1-103，隸屬外語導遊人才培育學程、外語觀光保健人才培育學程,https://course.nuk.edu.tw/QueryCourse/tcontent.asp?OpenYear=106&Helf=1&Sclass=EL&Cono=A02A,2026-08-26T18:17:54+00:00
106-1-EL-A071-A-2-A,106,1,人文社會科學院,EL,東亞語文學系,A071,A,大學部,2,A,韓語聽講實習Ⅰ,2,必,30,25,,5,李京保,H2--201,,,"5,6",,,,,"[{""day"": 3, ""dayName"": ""星期三"", ""periods"": [""5"", ""6""], ""raw"": ""5,6""}]",學程,教室H2-201，隸屬外語導遊人才培育學程、外語觀光保健人才培育學程,https://course.nuk.edu.tw/QueryCourse/tcontent.asp?OpenYear=106&Helf=1&Sclass=EL&Cono=A071,2026-08-26T18:17:54+00:00
106-1-EL-A101-A-2-A,106,1,人文社會科學院,EL,東亞語文學系,A101,A,大學部,2,A,越語聽講實習Ⅰ,2,必,30,15,,15,阮氏美香,H1--111,,"5,6",,,,,,"[{""day"": 2, ""dayName"": ""星期二"", ""periods"": [""5"", ""6""], ""raw"": ""5,6""}]",學程,教室H1-111，隸屬外語導遊人才培育學程、外語觀光保健人才培育學程,https://course.nuk.edu.tw/QueryCourse/tcontent.asp?OpenYear=106&Helf=1&Sclass=EL&Cono=A101,2026-08-26T18:17:54+00:00
106-1-EL-A523-A-2-A,106,1,人文社會科學院,EL,東亞語文學系,A523,A,大學部,2,A,越南近現代史,2,選,30,11,,19,阮氏青河,H1--211,,,"3,4",,,,,"[{""day"": 3, ""dayName"": ""星期三"", ""periods"": [""3"", ""4""], ""raw"": ""3,4""}]",,教室H1-211,https://course.nuk.edu.tw/QueryCourse/tcontent.asp?OpenYear=106&Helf=1&Sclass=EL&Cono=A523,2026-08-26T18:17:54+00:00
106-1-EL-B10A-A-2-A,106,1,人文社會科學院,EL,東亞語文學系,B10A,A,大學部,2,A,中級日語 I,3,必,30,20,,10,森國松江,H2--102,,,,"7,8, 9",,,,"[{""day"": 4, ""dayName"": ""星期四"", ""periods"": [""7"", ""8"", ""9""], ""raw"": ""7,8, 9""}]",學程,教室H2-102,https://course.nuk.edu.tw/QueryCourse/tcontent.asp?OpenYear=106&Helf=1&Sclass=EL&Cono=B10A,2026-08-26T18:17:54+00:00
106-1-EL-B11C-A-2-A,106,1,人文社會科學院,EL,東亞語文學系,B11C,A,大學部,2,A,中級韓語 I,3,必,30,28,,2,王清棟,H2--201,,"5,6, 7",,,,,,"[{""day"": 2, ""dayName"": ""星期二"", ""periods"": [""5"", ""6"", ""7""], ""raw"": ""5,6, 7""}]",學程,教室H2-201,https://course.nuk.edu.tw/QueryCourse/tcontent.asp?OpenYear=106&Helf=1&Sclass=EL&Cono=B11C,2026-08-26T18:17:54+00:00
106-1-EL-B12C-A-2-A,106,1,人文社會科學院,EL,東亞語文學系,B12C,A,大學部,2,A,中級越語 I,3,必,30,15,,15,阮氏美香,H2--202,"2,3, 4",,,,,,,"[{""day"": 1, ""dayName"": ""星期一"", ""periods"": [""2"", ""3"", ""4""], ""raw"": ""2,3, 4""}]",學程,教室H2-202 隸屬台越交流法商菁英人才培育學程,https://course.nuk.edu.tw/QueryCourse/tcontent.asp?OpenYear=106&Helf=1&Sclass=EL&Cono=B12C,2026-08-26T18:17:54+00:00
106-1-EL-B13D-A-2-A,106,1,人文社會科學院,EL,東亞語文學系,B13D,A,大學部,2,A,中級韓語會話I,2,必,30,27,,3,劉素晶,H2--201,,,,,"7,8",,,"[{""day"": 5, ""dayName"": ""星期五"", ""periods"": [""7"", ""8""], ""raw"": ""7,8""}]",,教室H2-201,https://course.nuk.edu.tw/QueryCourse/tcontent.asp?OpenYear=106&Helf=1&Sclass=EL&Cono=B13D,2026-08-26T18:17:54+00:00
106-1-EL-B14A-A-2-A,106,1,人文社會科學院,EL,東亞語文學系,B14A,A,大學部,2,A,中級日語會話I,2,必,30,24,,6,深尾圓,H2--102,,,"7,8",,,,,"[{""day"": 3, ""dayName"": ""星期三"", ""periods"": [""7"", ""8""], ""raw"": ""7,8""}]",,教室H2-102,https://course.nuk.edu.tw/QueryCourse/tcontent.asp?OpenYear=106&Helf=1&Sclass=EL&Cono=B14A,2026-08-26T18:17:54+00:00
106-1-EL-B15A-A-2-A,106,1,人文社會科學院,EL,東亞語文學系,B15A,A,大學部,2,A,中級越語會話I,2,必,30,13,,17,陳氏蘭,H1--111,,,,"7,8",,,,"[{""day"": 4, ""dayName"": ""星期四"", ""periods"": [""7"", ""8""], ""raw"": ""7,8""}]",學程,"教室H1-111,台越法商菁英人才學分學程",https://course.nuk.edu.tw/QueryCourse/tcontent.asp?OpenYear=106&Helf=1&Sclass=EL&Cono=B15A,2026-08-26T18:17:54+00:00
106-1-EL-B516-A-2-A,106,1,人文社會科學院,EL,東亞語文學系,B516,A,大學部,2,A,韓國經貿政策,2,選,30,8,,22,河凡植,H2--102,"3,4",,,,,,,"[{""day"": 1, ""dayName"": ""星期一"", ""periods"": [""3"", ""4""], ""raw"": ""3,4""}]",,,https://course.nuk.edu.tw/QueryCourse/tcontent.asp?OpenYear=106&Helf=1&Sclass=EL&Cono=B516,2026-08-26T18:17:54+00:00
106-1-EL-B58A-A-2-A,106,1,人文社會科學院,EL,東亞語文學系,B58A,A,大學部,2,A,進階越語語法I,2,選,30,11,,19,陳氏蘭,H2--202,,"3,4",,,,,,"[{""day"": 2, ""dayName"": ""星期二"", ""periods"": [""3"", ""4""], ""raw"": ""3,4""}]",,教室H2-202,https://course.nuk.edu.tw/QueryCourse/tcontent.asp?OpenYear=106&Helf=1&Sclass=EL&Cono=B58A,2026-08-26T18:17:54+00:00
106-1-EL-B59A-A-2-A,106,1,人文社會科學院,EL,東亞語文學系,B59A,A,大學部,2,A,進階日語語法 I,2,選,33,23,,10,吳得智,H1--103,,,"5,6",,,,,"[{""day"": 3, ""dayName"": ""星期三"", ""periods"": [""5"", ""6""], ""raw"": ""5,6""}]",外加,,https://course.nuk.edu.tw/QueryCourse/tcontent.asp?OpenYear=106&Helf=1&Sclass=EL&Cono=B59A,2026-08-26T18:17:54+00:00
106-1-EL-B61A-A-2-A,106,1,人文社會科學院,EL,東亞語文學系,B61A,A,大學部,2,A,中級泰語 I,3,選,25,15,,10,潘婉玲,M01-B104,,"2,3, 4",,,,,,"[{""day"": 2, ""dayName"": ""星期二"", ""periods"": [""2"", ""3"", ""4""], ""raw"": ""2,3, 4""}]",,,https://course.nuk.edu.tw/QueryCourse/tcontent.asp?OpenYear=106&Helf=1&Sclass=EL&Cono=B61A,2026-08-26T18:17:54+00:00
106-1-EL-B701-A-2-A,106,1,人文社會科學院,EL,東亞語文學系,B701,A,大學部,2,A,田野實務調查-蚵仔寮人文地景,2,選,30,10,,20,陳志文 李京保,H2--201,,"8,9",,,,,,"[{""day"": 2, ""dayName"": ""星期二"", ""periods"": [""8"", ""9""], ""raw"": ""8,9""}]",,教室H2-201,https://course.nuk.edu.tw/QueryCourse/tcontent.asp?OpenYear=106&Helf=1&Sclass=EL&Cono=B701,2026-08-26T18:17:54+00:00
106-1-EL-B702-A-2-A,106,1,人文社會科學院,EL,東亞語文學系,B702,A,大學部,2,A,數位越語繪本創作,2,選,30,15,,15,陳氏蘭 業界教師,H2--202,,,,"5,6",,,,"[{""day"": 4, ""dayName"": ""星期四"", ""periods"": [""5"", ""6""], ""raw"": ""5,6""}]",,教室H2-202，高大創新教學計畫,https://course.nuk.edu.tw/QueryCourse/tcontent.asp?OpenYear=106&Helf=1&Sclass=EL&Cono=B702,2026-08-26T18:17:54+00:00
106-1-EL-D600-A-2-A,106,1,人文社會科學院,EL,東亞語文學系,D600,A,大學部,2,A,勞資關係法制與實用,2,必,60,42,,18,馬翠華,H1--103,,,,,"5,6",,,"[{""day"": 5, ""dayName"": ""星期五"", ""periods"": [""5"", ""6""], ""raw"": ""5,6""}]",,教室H1-103,https://course.nuk.edu.tw/QueryCourse/tcontent.asp?OpenYear=106&Helf=1&Sclass=EL&Cono=D600,2026-08-26T18:17:54+00:00
106-1-EL-B171-A-3-A,106,1,人文社會科學院,EL,東亞語文學系,B171,A,大學部,3,A,日語習作I,2,必,30,19,,11,深尾圓,H2--102,"7,8",,,,,,,"[{""day"": 1, ""dayName"": ""星期一"", ""periods"": [""7"", ""8""], ""raw"": ""7,8""}]",,教室H2-102,https://course.nuk.edu.tw/QueryCourse/tcontent.asp?OpenYear=106&Helf=1&Sclass=EL&Cono=B171,2026-08-26T18:17:54+00:00
106-1-EL-B19A-A-3-A,106,1,人文社會科學院,EL,東亞語文學系,B19A,A,大學部,3,A,韓語習作I,2,必,30,29,,1,李京保,H2--201,"5,6",,,,,,,"[{""day"": 1, ""dayName"": ""星期一"", ""periods"": [""5"", ""6""], ""raw"": ""5,6""}]",,教室h2-201,https://course.nuk.edu.tw/QueryCourse/tcontent.asp?OpenYear=106&Helf=1&Sclass=EL&Cono=B19A,2026-08-26T18:17:54+00:00
106-1-EL-B21A-A-3-A,106,1,人文社會科學院,EL,東亞語文學系,B21A,A,大學部,3,A,越語習作I,2,必,30,12,,18,裴光雄,H2--202,,,"5,6",,,,,"[{""day"": 3, ""dayName"": ""星期三"", ""periods"": [""5"", ""6""], ""raw"": ""5,6""}]",,教室H2-202,https://course.nuk.edu.tw/QueryCourse/tcontent.asp?OpenYear=106&Helf=1&Sclass=EL&Cono=B21A,2026-08-26T18:17:54+00:00
106-1-EL-C02A-A-3-A,106,1,人文社會科學院,EL,東亞語文學系,C02A,A,大學部,3,A,高級日語 I,2,必,32,22,,10,森國松江,H2--102,,,,"5,6",,,,"[{""day"": 4, ""dayName"": ""星期四"", ""periods"": [""5"", ""6""], ""raw"": ""5,6""}]",,教室H2-102,https://course.nuk.edu.tw/QueryCourse/tcontent.asp?OpenYear=106&Helf=1&Sclass=EL&Cono=C02A,2026-08-26T18:17:54+00:00
106-1-EL-C31A-A-3-A,106,1,人文社會科學院,EL,東亞語文學系,C31A,A,大學部,3,A,高級韓語 I,2,必,30,10,,20,王清棟,H1--103,,,"3,4",,,,,"[{""day"": 3, ""dayName"": ""星期三"", ""periods"": [""3"", ""4""], ""raw"": ""3,4""}]",,教室H1-103,https://course.nuk.edu.tw/QueryCourse/tcontent.asp?OpenYear=106&Helf=1&Sclass=EL&Cono=C31A,2026-08-26T18:17:54+00:00
106-1-EL-C32A-A-3-A,106,1,人文社會科學院,EL,東亞語文學系,C32A,A,大學部,3,A,高級越語 I,2,必,30,6,,24,裴光雄,H2--202,,,,,"3,4",,,"[{""day"": 5, ""dayName"": ""星期五"", ""periods"": [""3"", ""4""], ""raw"": ""3,4""}]",,教室H2-202,https://course.nuk.edu.tw/QueryCourse/tcontent.asp?OpenYear=106&Helf=1&Sclass=EL&Cono=C32A,2026-08-26T18:17:54+00:00
106-1-EL-C581-A-3-A,106,1,人文社會科學院,EL,東亞語文學系,C581,A,大學部,3,A,經濟學概論,2,選,50,42,,8,潘婉玲,H1--103,,,,"3,4",,,,"[{""day"": 4, ""dayName"": ""星期四"", ""periods"": [""3"", ""4""], ""raw"": ""3,4""}]",外加,教室H1-103,https://course.nuk.edu.tw/QueryCourse/tcontent.asp?OpenYear=106&Helf=1&Sclass=EL&Cono=C581,2026-08-26T18:17:54+00:00
106-1-EL-C62A-A-3-A,106,1,人文社會科學院,EL,東亞語文學系,C62A,A,大學部,3,A,韓語翻譯 I,2,選,30,24,,6,王清棟,H2--201,,,"7,8",,,,,"[{""day"": 3, ""dayName"": ""星期三"", ""periods"": [""7"", ""8""], ""raw"": ""7,8""}]",,教室H2-201,https://course.nuk.edu.tw/QueryCourse/tcontent.asp?OpenYear=106&Helf=1&Sclass=EL&Cono=C62A,2026-08-26T18:17:54+00:00
106-1-EL-C653-A-3-A,106,1,人文社會科學院,EL,東亞語文學系,C653,A,大學部,3,A,商業越語會話,2,選,30,6,,24,裴光雄,H1--211,,,,"5,6",,,,"[{""day"": 4, ""dayName"": ""星期四"", ""periods"": [""5"", ""6""], ""raw"": ""5,6""}]",,教室H1-211,https://course.nuk.edu.tw/QueryCourse/tcontent.asp?OpenYear=106&Helf=1&Sclass=EL&Cono=C653,2026-08-26T18:17:54+00:00
106-1-EL-D101-A-4-A,106,1,人文社會科學院,EL,東亞語文學系,D101,A,大學部,4,A,進階日語習作 I,2,必,30,18,,12,前川奈緒美,H2--201,,,,"5,6",,,,"[{""day"": 4, ""dayName"": ""星期四"", ""periods"": [""5"", ""6""], ""raw"": ""5,6""}]",,教室H2-201,https://course.nuk.edu.tw/QueryCourse/tcontent.asp?OpenYear=106&Helf=1&Sclass=EL&Cono=D101,2026-08-26T18:17:54+00:00
106-1-EL-D102-A-4-A,106,1,人文社會科學院,EL,東亞語文學系,D102,A,大學部,4,A,進階越語習作 I,2,必,30,11,,19,阮氏美香,H2--202,"5,6",,,,,,,"[{""day"": 1, ""dayName"": ""星期一"", ""periods"": [""5"", ""6""], ""raw"": ""5,6""}]",,教室H2-202,https://course.nuk.edu.tw/QueryCourse/tcontent.asp?OpenYear=106&Helf=1&Sclass=EL&Cono=D102,2026-08-26T18:17:54+00:00
106-1-EL-D103-A-4-A,106,1,人文社會科學院,EL,東亞語文學系,D103,A,大學部,4,A,進階韓語習作 I,2,必,30,21,,9,劉素晶,H2--201,,,,,"5,6",,,"[{""day"": 5, ""dayName"": ""星期五"", ""periods"": [""5"", ""6""], ""raw"": ""5,6""}]",,教室H2-201,https://course.nuk.edu.tw/QueryCourse/tcontent.asp?OpenYear=106&Helf=1&Sclass=EL&Cono=D103,2026-08-26T18:17:54+00:00
106-1-EL-D12A-A-4-A,106,1,人文社會科學院,EL,東亞語文學系,D12A,A,大學部,4,A,東亞語文實作(越語),2,必,15,11,,4,陳氏蘭 阮氏美香 裴光雄,,,,,,,X,X,"[{""day"": 6, ""dayName"": ""星期六"", ""periods"": [""X""], ""raw"": ""X""}, {""day"": 7, ""dayName"": ""星期日"", ""periods"": [""X""], ""raw"": ""X""}]",限修,,https://course.nuk.edu.tw/QueryCourse/tcontent.asp?OpenYear=106&Helf=1&Sclass=EL&Cono=D12A,2026-08-26T18:17:54+00:00
106-1-EL-D12B-A-4-A,106,1,人文社會科學院,EL,東亞語文學系,D12B,A,大學部,4,A,東亞語文實作(日語),2,必,20,16,,4,陳志文 深尾圓,,,,,,,X,X,"[{""day"": 6, ""dayName"": ""星期六"", ""periods"": [""X""], ""raw"": ""X""}, {""day"": 7, ""dayName"": ""星期日"", ""periods"": [""X""], ""raw"": ""X""}]",限修,,https://course.nuk.edu.tw/QueryCourse/tcontent.asp?OpenYear=106&Helf=1&Sclass=EL&Cono=D12B,2026-08-26T18:17:54+00:00
106-1-EL-D12C-A-4-A,106,1,人文社會科學院,EL,東亞語文學系,D12C,A,大學部,4,A,東亞語文實作(韓語),2,必,20,19,,1,李京保 河凡植 王清棟,,,,,,,X,X,"[{""day"": 6, ""dayName"": ""星期六"", ""periods"": [""X""], ""raw"": ""X""}, {""day"": 7, ""dayName"": ""星期日"", ""periods"": [""X""], ""raw"": ""X""}]",限修,,https://course.nuk.edu.tw/QueryCourse/tcontent.asp?OpenYear=106&Helf=1&Sclass=EL&Cono=D12C,2026-08-26T18:17:54+00:00
106-1-EL-D13A-A-4-A,106,1,人文社會科學院,EL,東亞語文學系,D13A,A,大學部,4,A,日本專題研究Ⅰ,3,必,20,16,,4,陳志文 深尾圓,,,,,,"7,8, 9",,,"[{""day"": 5, ""dayName"": ""星期五"", ""periods"": [""7"", ""8"", ""9""], ""raw"": ""7,8, 9""}]",限修,,https://course.nuk.edu.tw/QueryCourse/tcontent.asp?OpenYear=106&Helf=1&Sclass=EL&Cono=D13A,2026-08-26T18:17:54+00:00
106-1-EL-D13B-A-4-A,106,1,人文社會科學院,EL,東亞語文學系,D13B,A,大學部,4,A,韓國專題研究Ⅰ,3,必,20,20,,0,李京保 河凡植 王清棟,,,,,,"7,8, 9",,,"[{""day"": 5, ""dayName"": ""星期五"", ""periods"": [""7"", ""8"", ""9""], ""raw"": ""7,8, 9""}]",,,https://course.nuk.edu.tw/QueryCourse/tcontent.asp?OpenYear=106&Helf=1&Sclass=EL&Cono=D13B,2026-08-26T18:17:54+00:00
106-1-EL-D13C-A-4-A,106,1,人文社會科學院,EL,東亞語文學系,D13C,A,大學部,4,A,越南專題研究Ⅰ,3,必,15,11,,4,陳氏蘭 阮氏美香 裴光雄,,,,,,"7,8, 9",,,"[{""day"": 5, ""dayName"": ""星期五"", ""periods"": [""7"", ""8"", ""9""], ""raw"": ""7,8, 9""}]",,,https://course.nuk.edu.tw/QueryCourse/tcontent.asp?OpenYear=106&Helf=1&Sclass=EL&Cono=D13C,2026-08-26T18:17:54+00:00
106-1-EL-D18A-A-4-A,106,1,人文社會科學院,EL,東亞語文學系,D18A,A,大學部,4,A,校外實習Ⅰ,9,必,3,3,,0,陳志文,,,,,,,"X,1, 2,3, 4","X,1, 2,3, 4","[{""day"": 6, ""dayName"": ""星期六"", ""periods"": [""X"", ""1"", ""2"", ""3"", ""4""], ""raw"": ""X,1, 2,3, 4""}, {""day"": 7, ""dayName"": ""星期日"", ""periods"": [""X"", ""1"", ""2"", ""3"", ""4""], ""raw"": ""X,1, 2,3, 4""}]",限修及外加,本課程為全學期校外實習，由老師指定加簽修課學生。修習東亞語文實作不得選修校外實習,https://course.nuk.edu.tw/QueryCourse/tcontent.asp?OpenYear=106&Helf=1&Sclass=EL&Cono=D18A,2026-08-26T18:17:54+00:00
106-1-EL-D500-A-4-A,106,1,人文社會科學院,EL,東亞語文學系,D500,A,大學部,4,A,教學實務演練(東亞語文學系),0,選,16,16,,0,李京保,,,X,,,,,,"[{""day"": 2, ""dayName"": ""星期二"", ""periods"": [""X""], ""raw"": ""X""}]",外加,指定加簽，申請擔任學習型兼任教學助理之學生必須修習本課程。請於加退選作業結束前上網完成選課作業。,https://course.nuk.edu.tw/QueryCourse/tcontent.asp?OpenYear=106&Helf=1&Sclass=EL&Cono=D500,2026-08-26T18:17:54+00:00
106-1-EL-D50C-A-4-A,106,1,人文社會科學院,EL,東亞語文學系,D50C,A,大學部,4,A,韓語口譯 I,2,選,30,14,,16,王清棟,H1--111,,,"5,6",,,,,"[{""day"": 3, ""dayName"": ""星期三"", ""periods"": [""5"", ""6""], ""raw"": ""5,6""}]",限修,教室H1-111,https://course.nuk.edu.tw/QueryCourse/tcontent.asp?OpenYear=106&Helf=1&Sclass=EL&Cono=D50C,2026-08-26T18:17:54+00:00
106-1-EL-D561-A-4-A,106,1,人文社會科學院,EL,東亞語文學系,D561,A,大學部,4,A,國際貿易實務,2,選,55,41,,14,張清雲,H1--103,,,,,"3,4",,,"[{""day"": 5, ""dayName"": ""星期五"", ""periods"": [""3"", ""4""], ""raw"": ""3,4""}]",,教室H1-103,https://course.nuk.edu.tw/QueryCourse/tcontent.asp?OpenYear=106&Helf=1&Sclass=EL&Cono=D561,2026-08-26T18:17:54+00:00
106-1-EL-D57A-A-4-A,106,1,人文社會科學院,EL,東亞語文學系,D57A,A,大學部,4,A,韓國社會概論I,2,選,20,7,,13,河凡植,H2--102,"5,6",,,,,,,"[{""day"": 1, ""dayName"": ""星期一"", ""periods"": [""5"", ""6""], ""raw"": ""5,6""}]",,教室H2-102,https://course.nuk.edu.tw/QueryCourse/tcontent.asp?OpenYear=106&Helf=1&Sclass=EL&Cono=D57A,2026-08-26T18:17:54+00:00
106-1-EL-D581-A-4-A,106,1,人文社會科學院,EL,東亞語文學系,D581,A,大學部,4,A,新聞日語聽力練習,2,選,30,11,,19,深尾圓,H2--102,,,"5,6",,,,,"[{""day"": 3, ""dayName"": ""星期三"", ""periods"": [""5"", ""6""], ""raw"": ""5,6""}]",,教室H2-102,https://course.nuk.edu.tw/QueryCourse/tcontent.asp?OpenYear=106&Helf=1&Sclass=EL&Cono=D581,2026-08-26T18:17:54+00:00
106-1-EL-D583-A-4-A,106,1,人文社會科學院,EL,東亞語文學系,D583,A,大學部,4,A,新聞韓語聽力練習,2,選,30,15,,15,河凡植,H2--102,,"3,4",,,,,,"[{""day"": 2, ""dayName"": ""星期二"", ""periods"": [""3"", ""4""], ""raw"": ""3,4""}]",,,https://course.nuk.edu.tw/QueryCourse/tcontent.asp?OpenYear=106&Helf=1&Sclass=EL&Cono=D583,2026-08-26T18:17:54+00:00
106-1-EL-D632-A-4-A,106,1,人文社會科學院,EL,東亞語文學系,D632,A,大學部,4,A,越語教學法,2,選,30,5,,25,阮氏青河,H1--211,"3,4",,,,,,,"[{""day"": 1, ""dayName"": ""星期一"", ""periods"": [""3"", ""4""], ""raw"": ""3,4""}]",,教室H1-211,https://course.nuk.edu.tw/QueryCourse/tcontent.asp?OpenYear=106&Helf=1&Sclass=EL&Cono=D632,2026-08-26T18:17:54+00:00
106-1-KH-A082-A-1-A,106,1,人文社會科學院,KH,運動健康與休閒學系,A082,A,大學部,1,A,運動健康與休閒學導論,3,必,73,73,,0,張志成 白秀華 潘明珠,H1--107,"2,3, 4",,,,,,,"[{""day"": 1, ""dayName"": ""星期一"", ""periods"": [""2"", ""3"", ""4""], ""raw"": ""2,3, 4""}]",限修及外加,核心必修,https://course.nuk.edu.tw/QueryCourse/tcontent.asp?OpenYear=106&Helf=1&Sclass=KH&Cono=A082,2026-08-26T18:17:54+00:00
106-1-KH-A19C-A-1-A,106,1,人文社會科學院,KH,運動健康與休閒學系,A19C,A,大學部,1,A,人體解剖生理學(含實驗)(1),2,必,80,76,,4,劉紹東,H1--107,,,,,"5,6",,,"[{""day"": 5, ""dayName"": ""星期五"", ""periods"": [""5"", ""6""], ""raw"": ""5,6""}]",限修及外加,核心必修,https://course.nuk.edu.tw/QueryCourse/tcontent.asp?OpenYear=106&Helf=1&Sclass=KH&Cono=A19C,2026-08-26T18:17:54+00:00
106-1-KH-A512-A-1-A,106,1,人文社會科學院,KH,運動健康與休閒學系,A512,A,大學部,1,A,休閒與健康生活,2,選,50,19,,31,陳詢榮,H1--104,,"1,2",,,,,,"[{""day"": 2, ""dayName"": ""星期二"", ""periods"": [""1"", ""2""], ""raw"": ""1,2""}]",限修,休閒健康促進學群,https://course.nuk.edu.tw/QueryCourse/tcontent.asp?OpenYear=106&Helf=1&Sclass=KH&Cono=A512,2026-08-26T18:17:54+00:00
106-1-KH-A513-A-1-A,106,1,人文社會科學院,KH,運動健康與休閒學系,A513,A,大學部,1,A,運動技能學習,2,選,51,36,,15,李福恩,K01-202,,,"3,4",,,,,"[{""day"": 3, ""dayName"": ""星期三"", ""periods"": [""3"", ""4""], ""raw"": ""3,4""}]",限修及外加,運動健康促進學群,https://course.nuk.edu.tw/QueryCourse/tcontent.asp?OpenYear=106&Helf=1&Sclass=KH&Cono=A513,2026-08-26T18:17:54+00:00
106-1-KH-A514-A-1-A,106,1,人文社會科學院,KH,運動健康與休閒學系,A514,A,大學部,1,A,運動與健康生活,2,選,50,48,,2,吳佩芳,K01-202,,,"1,2",,,,,"[{""day"": 3, ""dayName"": ""星期三"", ""periods"": [""1"", ""2""], ""raw"": ""1,2""}]",限修,運動健康促進學群,https://course.nuk.edu.tw/QueryCourse/tcontent.asp?OpenYear=106&Helf=1&Sclass=KH&Cono=A514,2026-08-26T18:17:54+00:00
106-1-KH-A515-A-1-A,106,1,人文社會科學院,KH,運動健康與休閒學系,A515,A,大學部,1,A,運動科學,3,選,50,47,,3,張志成,K01-202,,"5,6, 7",,,,,,"[{""day"": 2, ""dayName"": ""星期二"", ""periods"": [""5"", ""6"", ""7""], ""raw"": ""5,6, 7""}]",限修,運動健康促進學群,https://course.nuk.edu.tw/QueryCourse/tcontent.asp?OpenYear=106&Helf=1&Sclass=KH&Cono=A515,2026-08-26T18:17:54+00:00
106-1-KH-A522-A-1-A,106,1,人文社會科學院,KH,運動健康與休閒學系,A522,A,大學部,1,A,生命科學導論,3,選,58,58,,0,劉紹東,H1--104,,,,,"2,3, 4",,,"[{""day"": 5, ""dayName"": ""星期五"", ""periods"": [""2"", ""3"", ""4""], ""raw"": ""2,3, 4""}]",限修及外加,核心選修,https://course.nuk.edu.tw/QueryCourse/tcontent.asp?OpenYear=106&Helf=1&Sclass=KH&Cono=A522,2026-08-26T18:17:54+00:00
106-1-KH-A532-A-1-A,106,1,人文社會科學院,KH,運動健康與休閒學系,A532,A,大學部,1,A,社會學,2,選,51,37,,14,莊淑姿,H1--105,,,,"3,4",,,,"[{""day"": 4, ""dayName"": ""星期四"", ""periods"": [""3"", ""4""], ""raw"": ""3,4""}]",限修及外加,核心選修,https://course.nuk.edu.tw/QueryCourse/tcontent.asp?OpenYear=106&Helf=1&Sclass=KH&Cono=A532,2026-08-26T18:17:54+00:00
106-1-KH-A553-A-1-A,106,1,人文社會科學院,KH,運動健康與休閒學系,A553,A,大學部,1,A,休閒旅遊與健康,3,選,51,33,,18,白秀華 徐爾烈,H1--105,,,,"6,7, 8",,,,"[{""day"": 4, ""dayName"": ""星期四"", ""periods"": [""6"", ""7"", ""8""], ""raw"": ""6,7, 8""}]",限修及外加,核心選修,https://course.nuk.edu.tw/QueryCourse/tcontent.asp?OpenYear=106&Helf=1&Sclass=KH&Cono=A553,2026-08-26T18:17:54+00:00
106-1-KH-A533-A-2-A,106,1,人文社會科學院,KH,運動健康與休閒學系,A533,A,大學部,2,A,管理學,3,選,52,17,,35,潘明珠,H1--105,,"2,3, 4",,,,,,"[{""day"": 2, ""dayName"": ""星期二"", ""periods"": [""2"", ""3"", ""4""], ""raw"": ""2,3, 4""}]",限修及外加,核心選修,https://course.nuk.edu.tw/QueryCourse/tcontent.asp?OpenYear=106&Helf=1&Sclass=KH&Cono=A533,2026-08-26T18:17:54+00:00
106-1-KH-B022-A-2-A,106,1,人文社會科學院,KH,運動健康與休閒學系,B022,A,大學部,2,A,健康心理學,2,必,69,69,,0,陳詢榮,H1--104,,,"5,6",,,,,"[{""day"": 3, ""dayName"": ""星期三"", ""periods"": [""5"", ""6""], ""raw"": ""5,6""}]",限修及外加,核心必修,https://course.nuk.edu.tw/QueryCourse/tcontent.asp?OpenYear=106&Helf=1&Sclass=KH&Cono=B022,2026-08-26T18:17:54+00:00
106-1-KH-B212-A-2-A,106,1,人文社會科學院,KH,運動健康與休閒學系,B212,A,大學部,2,A,健康體適能,2,必,60,57,,3,張志成,H1--104,"5,6",,,,,,,"[{""day"": 1, ""dayName"": ""星期一"", ""periods"": [""5"", ""6""], ""raw"": ""5,6""}]",限修及外加,核心必修,https://course.nuk.edu.tw/QueryCourse/tcontent.asp?OpenYear=106&Helf=1&Sclass=KH&Cono=B212,2026-08-26T18:17:54+00:00
106-1-KH-B533-A-2-A,106,1,人文社會科學院,KH,運動健康與休閒學系,B533,A,大學部,2,A,統計學(含實習),3,選,50,14,,36,章順仁,L01-107,"2,3, 4",,,,,,,"[{""day"": 1, ""dayName"": ""星期一"", ""periods"": [""2"", ""3"", ""4""], ""raw"": ""2,3, 4""}]",限修,核心選修,https://course.nuk.edu.tw/QueryCourse/tcontent.asp?OpenYear=106&Helf=1&Sclass=KH&Cono=B533,2026-08-26T18:17:54+00:00
106-1-KH-B571-A-2-A,106,1,人文社會科學院,KH,運動健康與休閒學系,B571,A,大學部,2,A,旅遊日語-初級,2,選,60,60,,0,吳得智,H1--105,,,"3,4",,,,,"[{""day"": 3, ""dayName"": ""星期三"", ""periods"": [""3"", ""4""], ""raw"": ""3,4""}]",限修及外加,休閒健康促進學群,https://course.nuk.edu.tw/QueryCourse/tcontent.asp?OpenYear=106&Helf=1&Sclass=KH&Cono=B571,2026-08-26T18:17:54+00:00
106-1-KH-B572-A-2-A,106,1,人文社會科學院,KH,運動健康與休閒學系,B572,A,大學部,2,A,旅遊英語-初級,2,選,55,29,,26,陳信智,B01-105,,,"9,10",,,,,"[{""day"": 3, ""dayName"": ""星期三"", ""periods"": [""9"", ""10""], ""raw"": ""9,10""}]",限修及外加,休閒健康促進學群,https://course.nuk.edu.tw/QueryCourse/tcontent.asp?OpenYear=106&Helf=1&Sclass=KH&Cono=B572,2026-08-26T18:17:54+00:00
106-1-KH-B591-A-2-A,106,1,人文社會科學院,KH,運動健康與休閒學系,B591,A,大學部,2,A,觀光學,3,選,50,14,,36,潘明珠,H1--104,,"5,6, 7",,,,,,"[{""day"": 2, ""dayName"": ""星期二"", ""periods"": [""5"", ""6"", ""7""], ""raw"": ""5,6, 7""}]",限修及外加,休閒健康促進學群,https://course.nuk.edu.tw/QueryCourse/tcontent.asp?OpenYear=106&Helf=1&Sclass=KH&Cono=B591,2026-08-26T18:17:54+00:00
106-1-KH-B595-A-2-A,106,1,人文社會科學院,KH,運動健康與休閒學系,B595,A,大學部,2,A,運動傷害與防護學,2,選,50,31,,19,黃豐締,H1--106,,,,"3,4",,,,"[{""day"": 4, ""dayName"": ""星期四"", ""periods"": [""3"", ""4""], ""raw"": ""3,4""}]",限修及外加,運動健康促進學群/黃豐締老師,https://course.nuk.edu.tw/QueryCourse/tcontent.asp?OpenYear=106&Helf=1&Sclass=KH&Cono=B595,2026-08-26T18:17:54+00:00
106-1-KH-B597-A-2-A,106,1,人文社會科學院,KH,運動健康與休閒學系,B597,A,大學部,2,A,運動傷害貼紮,2,選,54,40,,14,廖麗惠,K01-202,,,,"10,11",,,,"[{""day"": 4, ""dayName"": ""星期四"", ""periods"": [""10"", ""11""], ""raw"": ""10,11""}]",限修及外加,運動健康促進學群/廖麗惠老師,https://course.nuk.edu.tw/QueryCourse/tcontent.asp?OpenYear=106&Helf=1&Sclass=KH&Cono=B597,2026-08-26T18:17:54+00:00
106-1-KH-B602-A-2-A,106,1,人文社會科學院,KH,運動健康與休閒學系,B602,A,大學部,2,A,基礎按摩學,2,選,66,63,,3,劉紹東,K01-202,,,,"5,6",,,,"[{""day"": 4, ""dayName"": ""星期四"", ""periods"": [""5"", ""6""], ""raw"": ""5,6""}]",限修及外加,運動健康促進學群,https://course.nuk.edu.tw/QueryCourse/tcontent.asp?OpenYear=106&Helf=1&Sclass=KH&Cono=B602,2026-08-26T18:17:54+00:00
106-1-KH-B603-A-2-A,106,1,人文社會科學院,KH,運動健康與休閒學系,B603,A,大學部,2,A,有氧運動,2,選,32,20,,12,孫婉華,K01-213,,,,"7,8",,,,"[{""day"": 4, ""dayName"": ""星期四"", ""periods"": [""7"", ""8""], ""raw"": ""7,8""}]",限修及外加,運動健康促進學群,https://course.nuk.edu.tw/QueryCourse/tcontent.asp?OpenYear=106&Helf=1&Sclass=KH&Cono=B603,2026-08-26T18:17:54+00:00
106-1-KH-B621-A-2-A,106,1,人文社會科學院,KH,運動健康與休閒學系,B621,A,大學部,2,A,安全教育與急救學(含實驗),4,選,51,40,,11,簡昭漢,H1--105,,,,,"5,6, 7,8",,,"[{""day"": 5, ""dayName"": ""星期五"", ""periods"": [""5"", ""6"", ""7"", ""8""], ""raw"": ""5,6, 7,8""}]",限修及外加,核心選修/簡昭漢老師,https://course.nuk.edu.tw/QueryCourse/tcontent.asp?OpenYear=106&Helf=1&Sclass=KH&Cono=B621,2026-08-26T18:17:54+00:00
106-1-KH-B653-A-2-A,106,1,人文社會科學院,KH,運動健康與休閒學系,B653,A,大學部,2,A,運動休閒管理,2,選,51,11,,40,張景弘,H1--104,"7,8",,,,,,,"[{""day"": 1, ""dayName"": ""星期一"", ""periods"": [""7"", ""8""], ""raw"": ""7,8""}]",限修及外加,運動健康促進學群,https://course.nuk.edu.tw/QueryCourse/tcontent.asp?OpenYear=106&Helf=1&Sclass=KH&Cono=B653,2026-08-26T18:17:54+00:00
106-1-KH-C642-A-2-A,106,1,人文社會科學院,KH,運動健康與休閒學系,C642,A,大學部,2,A,導覽解說教育,2,選,50,14,,36,莊淑姿,H1--106,,,,"1,2",,,,"[{""day"": 4, ""dayName"": ""星期四"", ""periods"": [""1"", ""2""], ""raw"": ""1,2""}]",限修,休閒健康促進學群,https://course.nuk.edu.tw/QueryCourse/tcontent.asp?OpenYear=106&Helf=1&Sclass=KH&Cono=C642,2026-08-26T18:17:54+00:00
106-1-KH-B581-A-3-A,106,1,人文社會科學院,KH,運動健康與休閒學系,B581,A,大學部,3,A,人力資源管理,3,選,54,45,,9,潘明珠,H1--105,"5,6, 7",,,,,,,"[{""day"": 1, ""dayName"": ""星期一"", ""periods"": [""5"", ""6"", ""7""], ""raw"": ""5,6, 7""}]",限修及外加,核心選修,https://course.nuk.edu.tw/QueryCourse/tcontent.asp?OpenYear=106&Helf=1&Sclass=KH&Cono=B581,2026-08-26T18:17:54+00:00
106-1-KH-C192-A-3-A,106,1,人文社會科學院,KH,運動健康與休閒學系,C192,A,大學部,3,A,個人自我健康照顧,2,必,63,62,,1,章順仁 吳佩芳,H1--107,,,,"5,6",,,,"[{""day"": 4, ""dayName"": ""星期四"", ""periods"": [""5"", ""6""], ""raw"": ""5,6""}]",限修及外加,核心必修,https://course.nuk.edu.tw/QueryCourse/tcontent.asp?OpenYear=106&Helf=1&Sclass=KH&Cono=C192,2026-08-26T18:17:54+00:00
106-1-KH-C572-A-3-A,106,1,人文社會科學院,KH,運動健康與休閒學系,C572,A,大學部,3,A,人體肌肉動力學,3,選,50,31,,19,劉紹東 吳汶蘭,H1--107,,,,"2,3, 4",,,,"[{""day"": 4, ""dayName"": ""星期四"", ""periods"": [""2"", ""3"", ""4""], ""raw"": ""2,3, 4""}]",限修,運動健康促進學群/吳汶蘭老師,https://course.nuk.edu.tw/QueryCourse/tcontent.asp?OpenYear=106&Helf=1&Sclass=KH&Cono=C572,2026-08-26T18:17:54+00:00
106-1-KH-C582-A-3-A,106,1,人文社會科學院,KH,運動健康與休閒學系,C582,A,大學部,3,A,行為改變策略與應用,2,選,51,19,,32,陳詢榮,H1--105,,"5,6",,,,,,"[{""day"": 2, ""dayName"": ""星期二"", ""periods"": [""5"", ""6""], ""raw"": ""5,6""}]",限修及外加,核心選修,https://course.nuk.edu.tw/QueryCourse/tcontent.asp?OpenYear=106&Helf=1&Sclass=KH&Cono=C582,2026-08-26T18:17:54+00:00
106-1-KH-C598-A-3-A,106,1,人文社會科學院,KH,運動健康與休閒學系,C598,A,大學部,3,A,休閒活動設計與評估,3,選,51,16,,35,莊淑姿,H1--106,,,,,"5,6, 7",,,"[{""day"": 5, ""dayName"": ""星期五"", ""periods"": [""5"", ""6"", ""7""], ""raw"": ""5,6, 7""}]",限修及外加,休閒健康促進學群,https://course.nuk.edu.tw/QueryCourse/tcontent.asp?OpenYear=106&Helf=1&Sclass=KH&Cono=C598,2026-08-26T18:17:54+00:00
106-1-KH-C624-A-3-A,106,1,人文社會科學院,KH,運動健康與休閒學系,C624,A,大學部,3,A,休閒運動實務－木球,2,選,50,36,,14,張志成,,,,"8,9",,,,,"[{""day"": 3, ""dayName"": ""星期三"", ""periods"": [""8"", ""9""], ""raw"": ""8,9""}]",限修,"休閒健康促進學群,木球場",https://course.nuk.edu.tw/QueryCourse/tcontent.asp?OpenYear=106&Helf=1&Sclass=KH&Cono=C624,2026-08-26T18:17:54+00:00
106-1-KH-C683-A-3-A,106,1,人文社會科學院,KH,運動健康與休閒學系,C683,A,大學部,3,A,健康檢查與評估,3,選,50,29,,21,吳佩芳,K01-202,"2,3, 4",,,,,,,"[{""day"": 1, ""dayName"": ""星期一"", ""periods"": [""2"", ""3"", ""4""], ""raw"": ""2,3, 4""}]",限修,核心選修,https://course.nuk.edu.tw/QueryCourse/tcontent.asp?OpenYear=106&Helf=1&Sclass=KH&Cono=C683,2026-08-26T18:17:54+00:00
106-1-KH-D534-A-3-A,106,1,人文社會科學院,KH,運動健康與休閒學系,D534,A,大學部,3,A,自行車運動休閒實務,3,選,35,11,,24,張景弘,H1--105,,,"5,6, 7",,,,,"[{""day"": 3, ""dayName"": ""星期三"", ""periods"": [""5"", ""6"", ""7""], ""raw"": ""5,6, 7""}]",限修及外加,運動健康促進學群,https://course.nuk.edu.tw/QueryCourse/tcontent.asp?OpenYear=106&Helf=1&Sclass=KH&Cono=D534,2026-08-26T18:17:54+00:00
106-1-KH-D562-A-3-A,106,1,人文社會科學院,KH,運動健康與休閒學系,D562,A,大學部,3,A,運動休閒行銷,2,選,51,30,,21,張景弘,H1--105,,,,,"3,4",,,"[{""day"": 5, ""dayName"": ""星期五"", ""periods"": [""3"", ""4""], ""raw"": ""3,4""}]",限修及外加,運動健康促進學群,https://course.nuk.edu.tw/QueryCourse/tcontent.asp?OpenYear=106&Helf=1&Sclass=KH&Cono=D562,2026-08-26T18:17:54+00:00
106-1-KH-A511-A-4-A,106,1,人文社會科學院,KH,運動健康與休閒學系,A511,A,大學部,4,A,休閒文獻選讀,3,選,52,14,,38,莊淑姿,H1--106,,,,,"2,3, 4",,,"[{""day"": 5, ""dayName"": ""星期五"", ""periods"": [""2"", ""3"", ""4""], ""raw"": ""2,3, 4""}]",限修及外加,休閒健康促進學群,https://course.nuk.edu.tw/QueryCourse/tcontent.asp?OpenYear=106&Helf=1&Sclass=KH&Cono=A511,2026-08-26T18:17:54+00:00
106-1-KH-D032-A-4-A,106,1,人文社會科學院,KH,運動健康與休閒學系,D032,A,大學部,4,A,運動健康與休閒學實作,2,必,64,62,,2,李福恩 鄭越才,H1--104,,,,,"5,6",,,"[{""day"": 5, ""dayName"": ""星期五"", ""periods"": [""5"", ""6""], ""raw"": ""5,6""}]",限修及外加,核心必修,https://course.nuk.edu.tw/QueryCourse/tcontent.asp?OpenYear=106&Helf=1&Sclass=KH&Cono=D032,2026-08-26T18:17:54+00:00
106-1-KH-D131-A-4-A,106,1,人文社會科學院,KH,運動健康與休閒學系,D131,A,大學部,4,A,社區健康營造,3,必,66,61,,5,白秀華 章順仁,H1--104,,,,"2,3, 4",,,,"[{""day"": 4, ""dayName"": ""星期四"", ""periods"": [""2"", ""3"", ""4""], ""raw"": ""2,3, 4""}]",限修及外加,核心必修,https://course.nuk.edu.tw/QueryCourse/tcontent.asp?OpenYear=106&Helf=1&Sclass=KH&Cono=D131,2026-08-26T18:17:54+00:00
106-1-KH-D502-A-4-A,106,1,人文社會科學院,KH,運動健康與休閒學系,D502,A,大學部,4,A,老人健身運動行為理論與實務,2,選,51,17,,34,張志成,H1--106,,,"6,7",,,,,"[{""day"": 3, ""dayName"": ""星期三"", ""periods"": [""6"", ""7""], ""raw"": ""6,7""}]",限修及外加,運動健康促進學群,https://course.nuk.edu.tw/QueryCourse/tcontent.asp?OpenYear=106&Helf=1&Sclass=KH&Cono=D502,2026-08-26T18:17:54+00:00
106-1-KH-D533-A-4-A,106,1,人文社會科學院,KH,運動健康與休閒學系,D533,A,大學部,4,A,運動安全管理與防護,2,選,50,10,,40,張景弘 孫婉華,H1--106,,"5,6",,,,,,"[{""day"": 2, ""dayName"": ""星期二"", ""periods"": [""5"", ""6""], ""raw"": ""5,6""}]",限修,運動健康促進學群,https://course.nuk.edu.tw/QueryCourse/tcontent.asp?OpenYear=106&Helf=1&Sclass=KH&Cono=D533,2026-08-26T18:17:54+00:00
106-1-KH-D56A-A-4-A,106,1,人文社會科學院,KH,運動健康與休閒學系,D56A,A,大學部,4,A,休閒產業的藝術管理(一),1,選,50,29,,21,鄭越才,H1--104,,,,,7,,,"[{""day"": 5, ""dayName"": ""星期五"", ""periods"": [""7""], ""raw"": ""7""}]",限修,休閒健康促進學群,https://course.nuk.edu.tw/QueryCourse/tcontent.asp?OpenYear=106&Helf=1&Sclass=KH&Cono=D56A,2026-08-26T18:17:54+00:00
106-1-KH-D592-A-4-A,106,1,人文社會科學院,KH,運動健康與休閒學系,D592,A,大學部,4,A,服務業管理與實務,3,選,51,9,,42,潘明珠,H1--106,,,"2,3, 4",,,,,"[{""day"": 3, ""dayName"": ""星期三"", ""periods"": [""2"", ""3"", ""4""], ""raw"": ""2,3, 4""}]",限修及外加,休閒健康促進學群,https://course.nuk.edu.tw/QueryCourse/tcontent.asp?OpenYear=106&Helf=1&Sclass=KH&Cono=D592,2026-08-26T18:17:54+00:00
106-1-KH-D611-A-4-A,106,1,人文社會科學院,KH,運動健康與休閒學系,D611,A,大學部,4,A,芳香療法理論與實務,2,選,10,9,,1,陳詢榮,H1--106,,"3,4",,,,,,"[{""day"": 2, ""dayName"": ""星期二"", ""periods"": [""3"", ""4""], ""raw"": ""3,4""}]",限修,休閒健康促進學群,https://course.nuk.edu.tw/QueryCourse/tcontent.asp?OpenYear=106&Helf=1&Sclass=KH&Cono=D611,2026-08-26T18:17:54+00:00
106-1-KH-T00A-L-1-,106,1,人文社會科學院,KH,運動健康與休閒學系,T00A,L,碩士在職專班,1,,專題討論(一),2,必,15,11,,4,白秀華,H1--209,"10,11",,,,,,,"[{""day"": 1, ""dayName"": ""星期一"", ""periods"": [""10"", ""11""], ""raw"": ""10,11""}]",限修,,https://course.nuk.edu.tw/QueryCourse/tcontent.asp?OpenYear=106&Helf=1&Sclass=KH&Cono=T00A,2026-08-26T18:17:54+00:00
106-1-KH-T011-L-1-,106,1,人文社會科學院,KH,運動健康與休閒學系,T011,L,碩士在職專班,1,,運動健康與休閒研究方法,3,必,15,11,,4,白秀華 張志成 張景弘,H1--209,,,"10,11, 12",,,,,"[{""day"": 3, ""dayName"": ""星期三"", ""periods"": [""10"", ""11"", ""12""], ""raw"": ""10,11, 12""}]",限修,,https://course.nuk.edu.tw/QueryCourse/tcontent.asp?OpenYear=106&Helf=1&Sclass=KH&Cono=T011,2026-08-26T18:17:54+00:00
106-1-KH-T021-L-1-,106,1,人文社會科學院,KH,運動健康與休閒學系,T021,L,碩士在職專班,1,,統計分析(含實習),3,必,16,12,,4,章順仁,H1--209,,"10,11, 12",,,,,,"[{""day"": 2, ""dayName"": ""星期二"", ""periods"": [""10"", ""11"", ""12""], ""raw"": ""10,11, 12""}]",限修及外加,,https://course.nuk.edu.tw/QueryCourse/tcontent.asp?OpenYear=106&Helf=1&Sclass=KH&Cono=T021,2026-08-26T18:17:54+00:00
106-1-KH-T501-L-1-,106,1,人文社會科學院,KH,運動健康與休閒學系,T501,L,碩士在職專班,1,,人體解剖學特論,3,選,20,15,,5,劉紹東,H1--209,,,,,"10,11, 12",,,"[{""day"": 5, ""dayName"": ""星期五"", ""periods"": [""10"", ""11"", ""12""], ""raw"": ""10,11, 12""}]",限修及外加,健康促進專業課程,https://course.nuk.edu.tw/QueryCourse/tcontent.asp?OpenYear=106&Helf=1&Sclass=KH&Cono=T501,2026-08-26T18:17:54+00:00
106-1-KH-T504-L-1-,106,1,人文社會科學院,KH,運動健康與休閒學系,T504,L,碩士在職專班,1,,休閒旅遊與健康特論,3,選,15,11,,4,白秀華 徐爾烈,H1--209,,,,"10,11, 12",,,,"[{""day"": 4, ""dayName"": ""星期四"", ""periods"": [""10"", ""11"", ""12""], ""raw"": ""10,11, 12""}]",限修,休閒遊憩專業課程,https://course.nuk.edu.tw/QueryCourse/tcontent.asp?OpenYear=106&Helf=1&Sclass=KH&Cono=T504,2026-08-26T18:17:54+00:00
106-1-KH-U001-L-2-,106,1,人文社會科學院,KH,運動健康與休閒學系,U001,L,碩士在職專班,2,,碩士論文(一),3,必,15,12,,3,白秀華 張志成 張景弘 劉紹東 潘明珠 莊淑姿 吳佩芳,H1--210,,"10,11, 12",,,,,,"[{""day"": 2, ""dayName"": ""星期二"", ""periods"": [""10"", ""11"", ""12""], ""raw"": ""10,11, 12""}]",限修,,https://course.nuk.edu.tw/QueryCourse/tcontent.asp?OpenYear=106&Helf=1&Sclass=KH&Cono=U001,2026-08-26T18:17:54+00:00
106-1-KH-U011-L-2-,106,1,人文社會科學院,KH,運動健康與休閒學系,U011,L,碩士在職專班,2,,學術論文寫作,2,必,15,12,,3,陳詢榮,H1--105,,,"10,11",,,,,"[{""day"": 3, ""dayName"": ""星期三"", ""periods"": [""10"", ""11""], ""raw"": ""10,11""}]",限修,,https://course.nuk.edu.tw/QueryCourse/tcontent.asp?OpenYear=106&Helf=1&Sclass=KH&Cono=U011,2026-08-26T18:17:54+00:00
106-1-KH-F012-M-1-,106,1,人文社會科學院,KH,運動健康與休閒學系,F012,M,碩士班,1,,專題討論(一),1,必,15,11,,4,白秀華,H1--209,6,,,,,,,"[{""day"": 1, ""dayName"": ""星期一"", ""periods"": [""6""], ""raw"": ""6""}]",限修,,https://course.nuk.edu.tw/QueryCourse/tcontent.asp?OpenYear=106&Helf=1&Sclass=KH&Cono=F012,2026-08-26T18:17:54+00:00
106-1-KH-F021-M-1-,106,1,人文社會科學院,KH,運動健康與休閒學系,F021,M,碩士班,1,,統計分析(含實習),3,必,15,12,,3,章順仁,H1--209,,"5,6, 7",,,,,,"[{""day"": 2, ""dayName"": ""星期二"", ""periods"": [""5"", ""6"", ""7""], ""raw"": ""5,6, 7""}]",限修,,https://course.nuk.edu.tw/QueryCourse/tcontent.asp?OpenYear=106&Helf=1&Sclass=KH&Cono=F021,2026-08-26T18:17:54+00:00
106-1-KH-F031-M-1-,106,1,人文社會科學院,KH,運動健康與休閒學系,F031,M,碩士班,1,,運動健康與休閒研究方法,4,必,15,11,,4,潘明珠 劉紹東 張志成 張景弘,H1--209,,,"5,6, 7,8",,,,,"[{""day"": 3, ""dayName"": ""星期三"", ""periods"": [""5"", ""6"", ""7"", ""8""], ""raw"": ""5,6, 7,8""}]",限修,,https://course.nuk.edu.tw/QueryCourse/tcontent.asp?OpenYear=106&Helf=1&Sclass=KH&Cono=F031,2026-08-26T18:17:54+00:00
106-1-KH-F500-M-1-,106,1,人文社會科學院,KH,運動健康與休閒學系,F500,M,碩士班,1,,教學實務演練(運動健康與休閒學系),0,選,11,11,,0,章順仁,,,X,,,,,,"[{""day"": 2, ""dayName"": ""星期二"", ""periods"": [""X""], ""raw"": ""X""}]",限修及外加,指定加簽，申請擔任學習型兼任教學助理之學生必須修習本課程。,https://course.nuk.edu.tw/QueryCourse/tcontent.asp?OpenYear=106&Helf=1&Sclass=KH&Cono=F500,2026-08-26T18:17:54+00:00
106-1-KH-F516-M-1-,106,1,人文社會科學院,KH,運動健康與休閒學系,F516,M,碩士班,1,,健身運動心理學專題討論,3,選,15,12,,3,張志成,H1--209,,"2,3, 4",,,,,,"[{""day"": 2, ""dayName"": ""星期二"", ""periods"": [""2"", ""3"", ""4""], ""raw"": ""2,3, 4""}]",限修,,https://course.nuk.edu.tw/QueryCourse/tcontent.asp?OpenYear=106&Helf=1&Sclass=KH&Cono=F516,2026-08-26T18:17:54+00:00
106-1-KH-F531-M-1-,106,1,人文社會科學院,KH,運動健康與休閒學系,F531,M,碩士班,1,,行為神經科學,3,選,15,14,,1,陳詢榮,H1--209,,,"2,3, 4",,,,,"[{""day"": 3, ""dayName"": ""星期三"", ""periods"": [""2"", ""3"", ""4""], ""raw"": ""2,3, 4""}]",限修,,https://course.nuk.edu.tw/QueryCourse/tcontent.asp?OpenYear=106&Helf=1&Sclass=KH&Cono=F531,2026-08-26T18:17:54+00:00
106-1-KH-F601-M-1-,106,1,人文社會科學院,KH,運動健康與休閒學系,F601,M,碩士班,1,,運動生理學特論,3,選,15,9,,6,吳佩芳,H1--308,,,,"2,3, 4",,,,"[{""day"": 4, ""dayName"": ""星期四"", ""periods"": [""2"", ""3"", ""4""], ""raw"": ""2,3, 4""}]",限修,,https://course.nuk.edu.tw/QueryCourse/tcontent.asp?OpenYear=106&Helf=1&Sclass=KH&Cono=F601,2026-08-26T18:17:54+00:00
106-1-KH-F014-M-2-,106,1,人文社會科學院,KH,運動健康與休閒學系,F014,M,碩士班,2,,專題討論(三),1,必,16,9,,7,白秀華,H1--209,5,,,,,,,"[{""day"": 1, ""dayName"": ""星期一"", ""periods"": [""5""], ""raw"": ""5""}]",限修及外加,,https://course.nuk.edu.tw/QueryCourse/tcontent.asp?OpenYear=106&Helf=1&Sclass=KH&Cono=F014,2026-08-26T18:17:54+00:00
106-1-WL-A04A-A-1-A,106,1,人文社會科學院,WL,西洋語文學系,A04A,A,大學部,1,A,英文作文(一上)(A),3,必,40,33,,7,王嵩嵐,H2--108,,,"5,6, 7",,,,,"[{""day"": 3, ""dayName"": ""星期三"", ""periods"": [""5"", ""6"", ""7""], ""raw"": ""5,6, 7""}]",限修及外加,"全班50人，分A,B兩組，每組25人，學號單號，補、重修須另加簽，教室H2-108",https://course.nuk.edu.tw/QueryCourse/tcontent.asp?OpenYear=106&Helf=1&Sclass=WL&Cono=A04A,2026-08-26T18:17:54+00:00
106-1-WL-A05A-A-1-A,106,1,人文社會科學院,WL,西洋語文學系,A05A,A,大學部,1,A,英文作文(一上)(B),3,必,39,25,,14,戴世蒙,H2--107,,,"2,3, 4",,,,,"[{""day"": 3, ""dayName"": ""星期三"", ""periods"": [""2"", ""3"", ""4""], ""raw"": ""2,3, 4""}]",限修及外加,"(全英語授課)全班50人，分A,B兩組，每組25人，學號雙號。補、重修請另加簽。教室:H2-107",https://course.nuk.edu.tw/QueryCourse/tcontent.asp?OpenYear=106&Helf=1&Sclass=WL&Cono=A05A,2026-08-26T18:17:54+00:00
106-1-WL-A07A-A-1-A,106,1,人文社會科學院,WL,西洋語文學系,A07A,A,大學部,1,A,西洋文學概論(上),3,必,51,46,,5,顏淑娟,H1--101,,,,"2,3, 4",,,,"[{""day"": 4, ""dayName"": ""星期四"", ""periods"": [""2"", ""3"", ""4""], ""raw"": ""2,3, 4""}]",限修及外加,限修本系一年級，補、重修請另外加簽，教室H1-101,https://course.nuk.edu.tw/QueryCourse/tcontent.asp?OpenYear=106&Helf=1&Sclass=WL&Cono=A07A,2026-08-26T18:17:54+00:00
106-1-WL-A08A-A-1-A,106,1,人文社會科學院,WL,西洋語文學系,A08A,A,大學部,1,A,文學作品讀法(上),3,必,55,50,,5,傅鈺雯,H2--107,,,,"5,6, 7",,,,"[{""day"": 4, ""dayName"": ""星期四"", ""periods"": [""5"", ""6"", ""7""], ""raw"": ""5,6, 7""}]",限修及外加,限修本系一年級，補、重修請另加簽。【全英語授課】教室H2-107,https://course.nuk.edu.tw/QueryCourse/tcontent.asp?OpenYear=106&Helf=1&Sclass=WL&Cono=A08A,2026-08-26T18:17:54+00:00
106-1-WL-A23A-A-1-A,106,1,人文社會科學院,WL,西洋語文學系,A23A,A,大學部,1,A,英語聽力與會話(一上)(A),3,必,26,26,,0,林雅惠,H2--103,,,"2,3, 4",,,,,"[{""day"": 3, ""dayName"": ""星期三"", ""periods"": [""2"", ""3"", ""4""], ""raw"": ""2,3, 4""}]",限修及外加 學程,"全班50人，分A,B兩組，每組25人，學號單號。人文與商管學程、外語觀光保健人才培育學程或外語導遊人才培育學程之修習學生請另加簽。教室H2-103。",https://course.nuk.edu.tw/QueryCourse/tcontent.asp?OpenYear=106&Helf=1&Sclass=WL&Cono=A23A,2026-08-26T18:17:54+00:00
106-1-WL-A23B-A-1-A,106,1,人文社會科學院,WL,西洋語文學系,A23B,A,大學部,1,A,英語聽力與會話(一上)(B),3,必,31,26,,5,顏淑娟,H2--108,,"6,7",,8,,,,"[{""day"": 2, ""dayName"": ""星期二"", ""periods"": [""6"", ""7""], ""raw"": ""6,7""}, {""day"": 4, ""dayName"": ""星期四"", ""periods"": [""8""], ""raw"": ""8""}]",限修及外加 學程,"全班50人，分A,B兩組，每組25人，學號雙號。人文與商管學程、外語觀光保健人才培育學程或外語導遊人才培育學程之修習學生請另加簽。教室H2-108。",https://course.nuk.edu.tw/QueryCourse/tcontent.asp?OpenYear=106&Helf=1&Sclass=WL&Cono=A23B,2026-08-26T18:17:54+00:00
106-1-WL-A51A-A-1-A,106,1,人文社會科學院,WL,西洋語文學系,A51A,A,大學部,1,A,第二外語：法一(上),2,選,37,34,,3,林雅芬,H2--103,"7,8",,,,,,,"[{""day"": 1, ""dayName"": ""星期一"", ""periods"": [""7"", ""8""], ""raw"": ""7,8""}]",限修及外加 學程,本系規定其學生畢業前至少需修習8學分。【人文與商管學程】須另外加簽。教室H2-107,https://course.nuk.edu.tw/QueryCourse/tcontent.asp?OpenYear=106&Helf=1&Sclass=WL&Cono=A51A,2026-08-26T18:17:54+00:00
106-1-WL-A52A-A-1-A,106,1,人文社會科學院,WL,西洋語文學系,A52A,A,大學部,1,A,第二外語：德一(上),2,選,48,28,,20,奧利華,H2--107,,,"8,9",,,,,"[{""day"": 3, ""dayName"": ""星期三"", ""periods"": [""8"", ""9""], ""raw"": ""8,9""}]",限修及外加 學程,本系規定其學生畢業前至少須修習8學分，【人文與商管學程】須另外加簽，教室H2-107,https://course.nuk.edu.tw/QueryCourse/tcontent.asp?OpenYear=106&Helf=1&Sclass=WL&Cono=A52A,2026-08-26T18:17:54+00:00
106-1-WL-A53A-A-1-A,106,1,人文社會科學院,WL,西洋語文學系,A53A,A,大學部,1,A,第二外語：西一(上),2,選,42,40,,2,李優俐,H1--101,"7,8",,,,,,,"[{""day"": 1, ""dayName"": ""星期一"", ""periods"": [""7"", ""8""], ""raw"": ""7,8""}]",限修及外加 學程,本系規定其學生畢業前至少須修習8學分。【人文與商管學程】須另外加簽。教室H1-101。,https://course.nuk.edu.tw/QueryCourse/tcontent.asp?OpenYear=106&Helf=1&Sclass=WL&Cono=A53A,2026-08-26T18:17:54+00:00
106-1-WL-A54C-A-1-A,106,1,人文社會科學院,WL,西洋語文學系,A54C,A,大學部,1,A,第二外語：日一(上),2,選,51,28,,23,林柏舟,H1--101,"3,4",,,,,,,"[{""day"": 1, ""dayName"": ""星期一"", ""periods"": [""3"", ""4""], ""raw"": ""3,4""}]",限修及外加 學程,本系規定其學生畢業前至少須選修8學分。【人文與商管學程】須另外加簽。教室:H1-101,https://course.nuk.edu.tw/QueryCourse/tcontent.asp?OpenYear=106&Helf=1&Sclass=WL&Cono=A54C,2026-08-26T18:17:54+00:00
106-1-WL-B021-A-2-A,106,1,人文社會科學院,WL,西洋語文學系,B021,A,大學部,2,A,進階英語聽力與會話(二上)(A),3,必,28,28,,0,莫艾倫,H2--105,"7,8, 9",,,,,,,"[{""day"": 1, ""dayName"": ""星期一"", ""periods"": [""7"", ""8"", ""9""], ""raw"": ""7,8, 9""}]",限修及外加 學程,【全英語授課】限修本系二年級(學號單號)，【人文與商管學程】請另加簽，教室:H2-105,https://course.nuk.edu.tw/QueryCourse/tcontent.asp?OpenYear=106&Helf=1&Sclass=WL&Cono=B021,2026-08-26T18:17:54+00:00
106-1-WL-B022-A-2-A,106,1,人文社會科學院,WL,西洋語文學系,B022,A,大學部,2,A,進階英語聽力與會話(二上)(B),3,必,31,24,,7,陳麗青,H2--104,,10,"3,4",,,,,"[{""day"": 2, ""dayName"": ""星期二"", ""periods"": [""10""], ""raw"": ""10""}, {""day"": 3, ""dayName"": ""星期三"", ""periods"": [""3"", ""4""], ""raw"": ""3,4""}]",限修及外加 學程,(全英語授課)限修本系二年級(學號雙號)，【人文與商管學程】請另加簽，教室:H2-104,https://course.nuk.edu.tw/QueryCourse/tcontent.asp?OpenYear=106&Helf=1&Sclass=WL&Cono=B022,2026-08-26T18:17:54+00:00
106-1-WL-B04A-A-2-A,106,1,人文社會科學院,WL,西洋語文學系,B04A,A,大學部,2,A,英文作文(二上)(A),2,必,32,26,,6,莫艾倫,H1--101,,,"2,3, 4",,,,,"[{""day"": 3, ""dayName"": ""星期三"", ""periods"": [""2"", ""3"", ""4""], ""raw"": ""2,3, 4""}]",限修及外加,【全英語授課】限修本系二年級(學號單號)，補、重修請另加簽，教室H1-101,https://course.nuk.edu.tw/QueryCourse/tcontent.asp?OpenYear=106&Helf=1&Sclass=WL&Cono=B04A,2026-08-26T18:17:54+00:00
106-1-WL-B05A-A-2-A,106,1,人文社會科學院,WL,西洋語文學系,B05A,A,大學部,2,A,英文作文(二上)(B),2,必,31,26,,5,莫艾倫,H2--108,,"2,3, 4",,,,,,"[{""day"": 2, ""dayName"": ""星期二"", ""periods"": [""2"", ""3"", ""4""], ""raw"": ""2,3, 4""}]",限修及外加,【全英語授課】限修本系二年級(學號雙號)，補、重修請另加簽，教室H2-108,https://course.nuk.edu.tw/QueryCourse/tcontent.asp?OpenYear=106&Helf=1&Sclass=WL&Cono=B05A,2026-08-26T18:17:54+00:00
106-1-WL-B06A-A-2-A,106,1,人文社會科學院,WL,西洋語文學系,B06A,A,大學部,2,A,英國文學史(一上),3,必,51,51,,0,鄭月婷,H2--104,,,,"5,6, 7",,,,"[{""day"": 4, ""dayName"": ""星期四"", ""periods"": [""5"", ""6"", ""7""], ""raw"": ""5,6, 7""}]",限修及外加,限修本系二年級。教室H2-104,https://course.nuk.edu.tw/QueryCourse/tcontent.asp?OpenYear=106&Helf=1&Sclass=WL&Cono=B06A,2026-08-26T18:17:54+00:00
106-1-WL-B07A-A-2-A,106,1,人文社會科學院,WL,西洋語文學系,B07A,A,大學部,2,A,語言學概論(上),3,必,53,53,,0,賴怡秀,H2--104,,,,"2,3, 4",,,,"[{""day"": 4, ""dayName"": ""星期四"", ""periods"": [""2"", ""3"", ""4""], ""raw"": ""2,3, 4""}]",限修及外加,限修本系二年級，補、重修請另加簽。,https://course.nuk.edu.tw/QueryCourse/tcontent.asp?OpenYear=106&Helf=1&Sclass=WL&Cono=B07A,2026-08-26T18:17:54+00:00
106-1-WL-B51A-A-2-A,106,1,人文社會科學院,WL,西洋語文學系,B51A,A,大學部,2,A,第二外語：法二(上),2,選,31,31,,0,林雅芬,H2--103,"5,6",,,,,,,"[{""day"": 1, ""dayName"": ""星期一"", ""periods"": [""5"", ""6""], ""raw"": ""5,6""}]",先修 限修及外加,本系學生畢業前至少需修8學分。先修：法一(上)(下)或已有法語基礎者。教室H2-103,https://course.nuk.edu.tw/QueryCourse/tcontent.asp?OpenYear=106&Helf=1&Sclass=WL&Cono=B51A,2026-08-26T18:17:54+00:00
106-1-WL-B52A-A-2-A,106,1,人文社會科學院,WL,西洋語文學系,B52A,A,大學部,2,A,第二外語：德二(上),2,選,26,5,,21,奧利華,H2--103,,,"5,6",,,,,"[{""day"": 3, ""dayName"": ""星期三"", ""periods"": [""5"", ""6""], ""raw"": ""5,6""}]",先修 限修及外加,本系學生畢業前至少需修8學分，先修：德一(上)(下)，教室H2-103,https://course.nuk.edu.tw/QueryCourse/tcontent.asp?OpenYear=106&Helf=1&Sclass=WL&Cono=B52A,2026-08-26T18:17:54+00:00
106-1-WL-B53A-A-2-A,106,1,人文社會科學院,WL,西洋語文學系,B53A,A,大學部,2,A,第二外語：西二(上),2,選,21,16,,5,李優俐,H2--105,"5,6",,,,,,,"[{""day"": 1, ""dayName"": ""星期一"", ""periods"": [""5"", ""6""], ""raw"": ""5,6""}]",先修 限修及外加,本系學生畢業前至少須修習8學分。先修：西一(上)(下)。教室H2-105。,https://course.nuk.edu.tw/QueryCourse/tcontent.asp?OpenYear=106&Helf=1&Sclass=WL&Cono=B53A,2026-08-26T18:17:54+00:00
106-1-WL-B54A-A-2-A,106,1,人文社會科學院,WL,西洋語文學系,B54A,A,大學部,2,A,第二外語：日二(上),2,選,39,35,,4,林柏舟,H2--108,"5,6",,,,,,,"[{""day"": 1, ""dayName"": ""星期一"", ""periods"": [""5"", ""6""], ""raw"": ""5,6""}]",先修 限修及外加,本系規定其學生畢業前至少需修習8學分。先修:日一(上)(下)。教室H2-108,https://course.nuk.edu.tw/QueryCourse/tcontent.asp?OpenYear=106&Helf=1&Sclass=WL&Cono=B54A,2026-08-26T18:17:54+00:00
106-1-WL-B58A-A-2-A,106,1,人文社會科學院,WL,西洋語文學系,B58A,A,大學部,2,A,翻譯導論(上),2,選,40,39,,1,王嵩嵐,H2--104,"3,4",,,,,,,"[{""day"": 1, ""dayName"": ""星期一"", ""periods"": [""3"", ""4""], ""raw"": ""3,4""}]",限修及外加 學程,【人文與商管學程】須另外加簽。教室H2-104,https://course.nuk.edu.tw/QueryCourse/tcontent.asp?OpenYear=106&Helf=1&Sclass=WL&Cono=B58A,2026-08-26T18:17:54+00:00
106-1-WL-B731-A-2-A,106,1,人文社會科學院,WL,西洋語文學系,B731,A,大學部,2,A,時事英文閱讀與討論,3,選,30,28,,2,王淑雱,H2--105,,,,,"2,3, 4",,,"[{""day"": 5, ""dayName"": ""星期五"", ""periods"": [""2"", ""3"", ""4""], ""raw"": ""2,3, 4""}]",限修 學程,【人文與商管學程】須另外加簽。教室H2-105,https://course.nuk.edu.tw/QueryCourse/tcontent.asp?OpenYear=106&Helf=1&Sclass=WL&Cono=B731,2026-08-26T18:17:54+00:00
106-1-WL-C06A-A-3-A,106,1,人文社會科學院,WL,西洋語文學系,C06A,A,大學部,3,A,英國文學史(二上),3,必,60,48,,12,陳麗青,H2--107,,"5,6, 7",,,,,,"[{""day"": 2, ""dayName"": ""星期二"", ""periods"": [""5"", ""6"", ""7""], ""raw"": ""5,6, 7""}]",限修,(全英語授課)限修本系三年級。教室H2-107,https://course.nuk.edu.tw/QueryCourse/tcontent.asp?OpenYear=106&Helf=1&Sclass=WL&Cono=C06A,2026-08-26T18:17:54+00:00
106-1-WL-C07A-A-3-A,106,1,人文社會科學院,WL,西洋語文學系,C07A,A,大學部,3,A,美國文學史(上),3,必,60,45,,15,林雅惠,H2--107,,,,"2,3, 4",,,,"[{""day"": 4, ""dayName"": ""星期四"", ""periods"": [""2"", ""3"", ""4""], ""raw"": ""2,3, 4""}]",限修,限修本系三年級，教室H2-107,https://course.nuk.edu.tw/QueryCourse/tcontent.asp?OpenYear=106&Helf=1&Sclass=WL&Cono=C07A,2026-08-26T18:17:54+00:00
106-1-WL-C503-A-3-A,106,1,人文社會科學院,WL,西洋語文學系,C503,A,大學部,3,A,高級英語口語訓練(一),2,選,29,14,,15,莫艾倫,H2--105,,"10,11",,,,,,"[{""day"": 2, ""dayName"": ""星期二"", ""periods"": [""10"", ""11""], ""raw"": ""10,11""}]",限修及外加,【全英語授課】限修本系三年級以上，教室H2-105。,https://course.nuk.edu.tw/QueryCourse/tcontent.asp?OpenYear=106&Helf=1&Sclass=WL&Cono=C503,2026-08-26T18:17:54+00:00
106-1-WL-C600-A-3-A,106,1,人文社會科學院,WL,西洋語文學系,C600,A,大學部,3,A,勞資關係法制與實用,2,選,20,7,,13,馬翠華,H2--108,,,,,"3,4",,,"[{""day"": 5, ""dayName"": ""星期五"", ""periods"": [""3"", ""4""], ""raw"": ""3,4""}]",限修,本課程為105學年度起入學學生之必選修。教室：H2-108。(授課教師:馬翠華老師),https://course.nuk.edu.tw/QueryCourse/tcontent.asp?OpenYear=106&Helf=1&Sclass=WL&Cono=C600,2026-08-26T18:17:54+00:00
106-1-WL-C601-A-3-A,106,1,人文社會科學院,WL,西洋語文學系,C601,A,大學部,3,A,文化地景,2,選,30,23,,7,顏淑娟 賴怡秀,H2--105,,,,"6,7",,,,"[{""day"": 4, ""dayName"": ""星期四"", ""periods"": [""6"", ""7""], ""raw"": ""6,7""}]",限修及外加,【文學文化類】【語言學類】限修本系三、四年級。教室H2-105。,https://course.nuk.edu.tw/QueryCourse/tcontent.asp?OpenYear=106&Helf=1&Sclass=WL&Cono=C601,2026-08-26T18:17:54+00:00
106-1-WL-C602-A-3-A,106,1,人文社會科學院,WL,西洋語文學系,C602,A,大學部,3,A,用英語介紹台灣,3,選,33,30,,3,鄭月婷,H2--105,,,"5,6, 7",,,,,"[{""day"": 3, ""dayName"": ""星期三"", ""periods"": [""5"", ""6"", ""7""], ""raw"": ""5,6, 7""}]",外加,教室H2-105，全英語授課。,https://course.nuk.edu.tw/QueryCourse/tcontent.asp?OpenYear=106&Helf=1&Sclass=WL&Cono=C602,2026-08-26T18:17:54+00:00
106-1-WL-C64A-A-3-A,106,1,人文社會科學院,WL,西洋語文學系,C64A,A,大學部,3,A,社會語言學(上),2,選,31,23,,8,王嵩嵐,H2--108,,,,"5,6",,,,"[{""day"": 4, ""dayName"": ""星期四"", ""periods"": [""5"", ""6""], ""raw"": ""5,6""}]",限修及外加,【語言學類】教室H2-108,https://course.nuk.edu.tw/QueryCourse/tcontent.asp?OpenYear=106&Helf=1&Sclass=WL&Cono=C64A,2026-08-26T18:17:54+00:00
106-1-WL-C65A-A-3-A,106,1,人文社會科學院,WL,西洋語文學系,C65A,A,大學部,3,A,英美戲劇(上),3,選,48,48,,0,歐馨雲,H2--107,,,,,"5,6, 7",,,"[{""day"": 5, ""dayName"": ""星期五"", ""periods"": [""5"", ""6"", ""7""], ""raw"": ""5,6, 7""}]",限修及外加 學程,【文學文化類】限修本系三年級以上。【人文與商管學程】須另外加簽。,https://course.nuk.edu.tw/QueryCourse/tcontent.asp?OpenYear=106&Helf=1&Sclass=WL&Cono=C65A,2026-08-26T18:17:54+00:00
106-1-WL-C681-A-3-A,106,1,人文社會科學院,WL,西洋語文學系,C681,A,大學部,3,A,莎士比亞,3,選,20,14,,6,鄭月婷,H2--104,,"2,3, 4",,,,,,"[{""day"": 2, ""dayName"": ""星期二"", ""periods"": [""2"", ""3"", ""4""], ""raw"": ""2,3, 4""}]",限修,【文學、文化類】 限修本系三、四年級，教室H2-104,https://course.nuk.edu.tw/QueryCourse/tcontent.asp?OpenYear=106&Helf=1&Sclass=WL&Cono=C681,2026-08-26T18:17:54+00:00
106-1-WL-C81A-A-3-A,106,1,人文社會科學院,WL,西洋語文學系,C81A,A,大學部,3,A,筆譯(上),2,選,32,26,,6,王淑雱,H2--108,"3,4",,,,,,,"[{""day"": 1, ""dayName"": ""星期一"", ""periods"": [""3"", ""4""], ""raw"": ""3,4""}]",限修及外加,外系選修須另加簽。教室H2-108,https://course.nuk.edu.tw/QueryCourse/tcontent.asp?OpenYear=106&Helf=1&Sclass=WL&Cono=C81A,2026-08-26T18:17:54+00:00
106-1-WL-D73A-A-3-A,106,1,人文社會科學院,WL,西洋語文學系,D73A,A,大學部,3,A,英美詩選,3,選,35,34,,1,顏淑娟,H2--105,,"2,3, 4",,,,,,"[{""day"": 2, ""dayName"": ""星期二"", ""periods"": [""2"", ""3"", ""4""], ""raw"": ""2,3, 4""}]",限修及外加,【文學文化類】限修本系三年級，四年級請另加簽，教室H2-105。,https://course.nuk.edu.tw/QueryCourse/tcontent.asp?OpenYear=106&Helf=1&Sclass=WL&Cono=D73A,2026-08-26T18:17:54+00:00
106-1-WL-D671-A-4-A,106,1,人文社會科學院,WL,西洋語文學系,D671,A,大學部,4,A,主要作家專題：珍˙奧斯汀，1775-1817,3,選,16,6,,10,陳麗青,H2--104,,,"7,8, 9",,,,,"[{""day"": 3, ""dayName"": ""星期三"", ""periods"": [""7"", ""8"", ""9""], ""raw"": ""7,8, 9""}]",限修及外加,(全英語授課)【文學文化類】限修本系四年級，教室H2-104。,https://course.nuk.edu.tw/QueryCourse/tcontent.asp?OpenYear=106&Helf=1&Sclass=WL&Cono=D671,2026-08-26T18:17:54+00:00
106-1-WL-D741-A-4-A,106,1,人文社會科學院,WL,西洋語文學系,D741,A,大學部,4,A,戲劇公演專題,2,選,30,24,,6,歐馨雲 業界教師,H1--110,"10,11, 12",,,,,,,"[{""day"": 1, ""dayName"": ""星期一"", ""periods"": [""10"", ""11"", ""12""], ""raw"": ""10,11, 12""}]",限修,限修本系四年級。【文學、文化類】「業界教師協同教學課程」教室:H1-110，本課程於(10/5、10/12、10/19、11/2、11/23、12/7)六週，星期四第10、11、12節至H1-110人文院演講廳上課。,https://course.nuk.edu.tw/QueryCourse/tcontent.asp?OpenYear=106&Helf=1&Sclass=WL&Cono=D741,2026-08-26T18:17:54+00:00
106-1-WL-D74B-A-4-A,106,1,人文社會科學院,WL,西洋語文學系,D74B,A,大學部,4,A,主要作家專題：馬克吐溫與性別研究,3,選,21,20,,1,歐馨雲,H2--104,"7,8, 9",,,,,,,"[{""day"": 1, ""dayName"": ""星期一"", ""periods"": [""7"", ""8"", ""9""], ""raw"": ""7,8, 9""}]",限修及外加,【文學文化類】限修本系四年級。教室H2-104,https://course.nuk.edu.tw/QueryCourse/tcontent.asp?OpenYear=106&Helf=1&Sclass=WL&Cono=D74B,2026-08-26T18:17:54+00:00
106-1-WL-D91A-A-4-A,106,1,人文社會科學院,WL,西洋語文學系,D91A,A,大學部,4,A,口譯(上),2,選,10,6,,4,王巧利,H2--103,,,,"7,8",,,,"[{""day"": 4, ""dayName"": ""星期四"", ""periods"": [""7"", ""8""], ""raw"": ""7,8""}]",限修及外加,外系選修請另加簽。教室H2-103,https://course.nuk.edu.tw/QueryCourse/tcontent.asp?OpenYear=106&Helf=1&Sclass=WL&Cono=D91A,2026-08-26T18:17:54+00:00
106-1-WL-F012-M-1-,106,1,人文社會科學院,WL,西洋語文學系,F012,M,碩士班,1,,文學文化研究方法,3,必,5,4,,1,傅鈺雯,H2--216,,,,,"7,8, 9",,,"[{""day"": 5, ""dayName"": ""星期五"", ""periods"": [""7"", ""8"", ""9""], ""raw"": ""7,8, 9""}]",限修,"【文學文化類】開放本系大學部三、四年級選修。教室H2-216,全英語授課",https://course.nuk.edu.tw/QueryCourse/tcontent.asp?OpenYear=106&Helf=1&Sclass=WL&Cono=F012,2026-08-26T18:17:54+00:00
106-1-WL-F013-M-1-,106,1,人文社會科學院,WL,西洋語文學系,F013,M,碩士班,1,,語言學研究方法,3,必,5,3,,2,王嵩嵐,H2--108,,,"2,3, 4",,,,,"[{""day"": 3, ""dayName"": ""星期三"", ""periods"": [""2"", ""3"", ""4""], ""raw"": ""2,3, 4""}]",限修,【語言學類】開放本系大學部三、四年級選修，教室H2-108,https://course.nuk.edu.tw/QueryCourse/tcontent.asp?OpenYear=106&Helf=1&Sclass=WL&Cono=F013,2026-08-26T18:17:54+00:00
106-1-WL-F021-M-1-,106,1,人文社會科學院,WL,西洋語文學系,F021,M,碩士班,1,,教學實務,3,必,15,3,,12,莫艾倫,H2--105,"2,3, 4",,,,,,,"[{""day"": 1, ""dayName"": ""星期一"", ""periods"": [""2"", ""3"", ""4""], ""raw"": ""2,3, 4""}]",限修,限修西語系碩士生，教室H2-105,https://course.nuk.edu.tw/QueryCourse/tcontent.asp?OpenYear=106&Helf=1&Sclass=WL&Cono=F021,2026-08-26T18:17:54+00:00
106-1-WL-F02A-M-1-,106,1,人文社會科學院,WL,西洋語文學系,F02A,M,碩士班,1,,教學實務及實習(I),3,必,10,3,,7,賴怡秀,H2--103,,"5,6, 7",,,,,,"[{""day"": 2, ""dayName"": ""星期二"", ""periods"": [""5"", ""6"", ""7""], ""raw"": ""5,6, 7""}]",限修,開放大學部三、四年級選修，教室H2-103。,https://course.nuk.edu.tw/QueryCourse/tcontent.asp?OpenYear=106&Helf=1&Sclass=WL&Cono=F02A,2026-08-26T18:17:54+00:00
106-1-WL-F500-M-1-,106,1,人文社會科學院,WL,西洋語文學系,F500,M,碩士班,1,,教學實務演練(西洋語文學系),0,選,7,7,,0,傅鈺雯,,,X,,,,,,"[{""day"": 2, ""dayName"": ""星期二"", ""periods"": [""X""], ""raw"": ""X""}]",限修及外加,指定加簽，申請擔任學習型兼任教學助理之學生必須修習本課程。請於加退選作業結束前上網完成選課作業。,https://course.nuk.edu.tw/QueryCourse/tcontent.asp?OpenYear=106&Helf=1&Sclass=WL&Cono=F500,2026-08-26T18:17:54+00:00
106-1-WL-F513-M-1-,106,1,人文社會科學院,WL,西洋語文學系,F513,M,碩士班,1,,人類語言學,3,選,21,4,,17,奧利華,H2--106,,"2,3, 4",,,,,,"[{""day"": 2, ""dayName"": ""星期二"", ""periods"": [""2"", ""3"", ""4""], ""raw"": ""2,3, 4""}]",限修及外加,開放西語系大學部三、四年級選修，【語言學類】教室H2-106。,https://course.nuk.edu.tw/QueryCourse/tcontent.asp?OpenYear=106&Helf=1&Sclass=WL&Cono=F513,2026-08-26T18:17:54+00:00
106-1-WL-F541-M-1-,106,1,人文社會科學院,WL,西洋語文學系,F541,M,碩士班,1,,英美兒童文學專題,3,選,25,14,,11,林雅惠,H2--103,,,,,"2,3, 4",,,"[{""day"": 5, ""dayName"": ""星期五"", ""periods"": [""2"", ""3"", ""4""], ""raw"": ""2,3, 4""}]",限修,開放西語系大學部三、四年級選修，【文學文化類】【全英語課程】教室H2-103,https://course.nuk.edu.tw/QueryCourse/tcontent.asp?OpenYear=106&Helf=1&Sclass=WL&Cono=F541,2026-08-26T18:17:54+00:00
106-1-WL-F552-M-1-,106,1,人文社會科學院,WL,西洋語文學系,F552,M,碩士班,1,,當代文化理論：性別與酷兒理論專題,3,選,11,11,,0,傅鈺雯,H2--105,,,"2,3, 4",,,,,"[{""day"": 3, ""dayName"": ""星期三"", ""periods"": [""2"", ""3"", ""4""], ""raw"": ""2,3, 4""}]",限修及外加,開放本系大學部三、四年級選修。【文學文化類】(全英語授課)。教室H2-105,https://course.nuk.edu.tw/QueryCourse/tcontent.asp?OpenYear=106&Helf=1&Sclass=WL&Cono=F552,2026-08-26T18:17:54+00:00
106-1-WL-F03A-M-2-,106,1,人文社會科學院,WL,西洋語文學系,F03A,M,碩士班,2,,論文指導(I),1,必,3,1,,2,林雅惠,H2--216,,,,5,,,,"[{""day"": 4, ""dayName"": ""星期四"", ""periods"": [""5""], ""raw"": ""5""}]",限修,限修本系碩士班二年級。,https://course.nuk.edu.tw/QueryCourse/tcontent.asp?OpenYear=106&Helf=1&Sclass=WL&Cono=F03A,2026-08-26T18:17:54+00:00
106-1-CC-C512-A-1-A,106,1,共同與通識課程,CC,核心通識,C512,A,大學部,1,A,科普讀物導讀,3,選,60,60,,0,胡忠信,B01-108,,"2,3, 4",,,,,,"[{""day"": 2, ""dayName"": ""星期二"", ""periods"": [""2"", ""3"", ""4""], ""raw"": ""2,3, 4""}]",禁止外加,,https://course.nuk.edu.tw/QueryCourse/tcontent.asp?OpenYear=106&Helf=1&Sclass=CC&Cono=C512,2026-08-26T18:17:54+00:00
106-1-CC-C513-A-1-A,106,1,共同與通識課程,CC,核心通識,C513,A,大學部,1,A,科普讀物導讀,3,選,62,62,,0,洪鼎惟,M01-103,,,"9,10, 11",,,,,"[{""day"": 3, ""dayName"": ""星期三"", ""periods"": [""9"", ""10"", ""11""], ""raw"": ""9,10, 11""}]",禁止外加,,https://course.nuk.edu.tw/QueryCourse/tcontent.asp?OpenYear=106&Helf=1&Sclass=CC&Cono=C513,2026-08-26T18:17:54+00:00
106-1-CC-C541-A-1-A,106,1,共同與通識課程,CC,核心通識,C541,A,大學部,1,A,科技與社會,3,選,60,60,,0,林明良,B01-108,,"5,6, 7",,,,,,"[{""day"": 2, ""dayName"": ""星期二"", ""periods"": [""5"", ""6"", ""7""], ""raw"": ""5,6, 7""}]",禁止外加,,https://course.nuk.edu.tw/QueryCourse/tcontent.asp?OpenYear=106&Helf=1&Sclass=CC&Cono=C541,2026-08-26T18:17:54+00:00
106-1-CC-C542-A-1-A,106,1,共同與通識課程,CC,核心通識,C542,A,大學部,1,A,科技與社會,3,選,61,61,,0,倪麥童,C02-406,,,"9,10, 11",,,,,"[{""day"": 3, ""dayName"": ""星期三"", ""periods"": [""9"", ""10"", ""11""], ""raw"": ""9,10, 11""}]",禁止外加,,https://course.nuk.edu.tw/QueryCourse/tcontent.asp?OpenYear=106&Helf=1&Sclass=CC&Cono=C542,2026-08-26T18:17:54+00:00
106-1-CC-C543-A-1-A,106,1,共同與通識課程,CC,核心通識,C543,A,大學部,1,A,科技與社會,3,選,60,60,,0,許藝騰,L02-102,"5,6, 7",,,,,,,"[{""day"": 1, ""dayName"": ""星期一"", ""periods"": [""5"", ""6"", ""7""], ""raw"": ""5,6, 7""}]",禁止外加,,https://course.nuk.edu.tw/QueryCourse/tcontent.asp?OpenYear=106&Helf=1&Sclass=CC&Cono=C543,2026-08-26T18:17:54+00:00
106-1-CC-C544-A-1-A,106,1,共同與通識課程,CC,核心通識,C544,A,大學部,1,A,科技與社會,3,選,61,61,,0,許藝騰,L02-102,"9,10, 11",,,,,,,"[{""day"": 1, ""dayName"": ""星期一"", ""periods"": [""9"", ""10"", ""11""], ""raw"": ""9,10, 11""}]",禁止外加,,https://course.nuk.edu.tw/QueryCourse/tcontent.asp?OpenYear=106&Helf=1&Sclass=CC&Cono=C544,2026-08-26T18:17:54+00:00
106-1-CC-C545-A-1-A,106,1,共同與通識課程,CC,核心通識,C545,A,大學部,1,A,科技與社會,3,選,63,63,,0,陳怡夫,M01-201,,,"7,8, 9",,,,,"[{""day"": 3, ""dayName"": ""星期三"", ""periods"": [""7"", ""8"", ""9""], ""raw"": ""7,8, 9""}]",禁止外加,,https://course.nuk.edu.tw/QueryCourse/tcontent.asp?OpenYear=106&Helf=1&Sclass=CC&Cono=C545,2026-08-26T18:17:54+00:00
106-1-CC-C611-A-1-A,106,1,共同與通識課程,CC,核心通識,C611,A,大學部,1,A,環境倫理,3,選,60,60,,0,林師平,L02-101,,,,"9,10, 11",,,,"[{""day"": 4, ""dayName"": ""星期四"", ""periods"": [""9"", ""10"", ""11""], ""raw"": ""9,10, 11""}]",禁止外加,修過「SCA496環境與人類行為」(自然科學類)者，請勿選修,https://course.nuk.edu.tw/QueryCourse/tcontent.asp?OpenYear=106&Helf=1&Sclass=CC&Cono=C611,2026-08-26T18:17:54+00:00
106-1-CC-C612-A-1-A,106,1,共同與通識課程,CC,核心通識,C612,A,大學部,1,A,環境倫理,3,選,60,51,,9,周孟麟,C02-108,,"5,6, 7",,,,,,"[{""day"": 2, ""dayName"": ""星期二"", ""periods"": [""5"", ""6"", ""7""], ""raw"": ""5,6, 7""}]",禁止外加,,https://course.nuk.edu.tw/QueryCourse/tcontent.asp?OpenYear=106&Helf=1&Sclass=CC&Cono=C612,2026-08-26T18:17:54+00:00
106-1-CC-C651-A-1-A,106,1,共同與通識課程,CC,核心通識,C651,A,大學部,1,A,企業倫理,3,選,61,61,,0,陳致仁,B01-107,,,,"5,6, 7",,,,"[{""day"": 4, ""dayName"": ""星期四"", ""periods"": [""5"", ""6"", ""7""], ""raw"": ""5,6, 7""}]",禁止外加,,https://course.nuk.edu.tw/QueryCourse/tcontent.asp?OpenYear=106&Helf=1&Sclass=CC&Cono=C651,2026-08-26T18:17:54+00:00
106-1-CC-C652-A-1-A,106,1,共同與通識課程,CC,核心通識,C652,A,大學部,1,A,企業倫理,3,選,60,60,,0,陳致仁,B01-107,,,,"9,10, 11",,,,"[{""day"": 4, ""dayName"": ""星期四"", ""periods"": [""9"", ""10"", ""11""], ""raw"": ""9,10, 11""}]",禁止外加,,https://course.nuk.edu.tw/QueryCourse/tcontent.asp?OpenYear=106&Helf=1&Sclass=CC&Cono=C652,2026-08-26T18:17:54+00:00
106-1-CC-C681-A-1-A,106,1,共同與通識課程,CC,核心通識,C681,A,大學部,1,A,科技與工程倫理,3,選,60,60,,0,許藝騰,B01-101,,,"9,10, 11",,,,,"[{""day"": 3, ""dayName"": ""星期三"", ""periods"": [""9"", ""10"", ""11""], ""raw"": ""9,10, 11""}]",禁止外加,"修過核心通識-倫理素養向度之「科技倫理」者請勿重覆選修,重覆選修不列入學分計算",https://course.nuk.edu.tw/QueryCourse/tcontent.asp?OpenYear=106&Helf=1&Sclass=CC&Cono=C681,2026-08-26T18:17:54+00:00
106-1-CC-C682-A-1-A,106,1,共同與通識課程,CC,核心通識,C682,A,大學部,1,A,科技與工程倫理,3,選,60,56,,4,黃鼎元,L02-201,"2,3, 4",,,,,,,"[{""day"": 1, ""dayName"": ""星期一"", ""periods"": [""2"", ""3"", ""4""], ""raw"": ""2,3, 4""}]",禁止外加,"修過核心通識-倫理素養向度之「科技倫理」者請勿重覆選修,重覆選修不列入學分計算",https://course.nuk.edu.tw/QueryCourse/tcontent.asp?OpenYear=106&Helf=1&Sclass=CC&Cono=C682,2026-08-26T18:17:54+00:00
106-1-CC-I111-A-1-A,106,1,共同與通識課程,CC,核心通識,I111,A,大學部,1,A,邏輯思維與論證,3,選,60,60,,0,傅子耕,M01-B102,,,,"2,3, 4",,,,"[{""day"": 4, ""dayName"": ""星期四"", ""periods"": [""2"", ""3"", ""4""], ""raw"": ""2,3, 4""}]",禁止外加,,https://course.nuk.edu.tw/QueryCourse/tcontent.asp?OpenYear=106&Helf=1&Sclass=CC&Cono=I111,2026-08-26T18:17:54+00:00
106-1-CC-I112-A-1-A,106,1,共同與通識課程,CC,核心通識,I112,A,大學部,1,A,邏輯思維與論證,3,選,60,41,,19,黃敏郎,M01-B104,,,"2,3, 4",,,,,"[{""day"": 3, ""dayName"": ""星期三"", ""periods"": [""2"", ""3"", ""4""], ""raw"": ""2,3, 4""}]",禁止外加,,https://course.nuk.edu.tw/QueryCourse/tcontent.asp?OpenYear=106&Helf=1&Sclass=CC&Cono=I112,2026-08-26T18:17:54+00:00
106-1-CC-I113-A-1-A,106,1,共同與通識課程,CC,核心通識,I113,A,大學部,1,A,邏輯思維與論證,3,選,60,59,,1,黃敏郎,M01-B104,,,"5,6, 7",,,,,"[{""day"": 3, ""dayName"": ""星期三"", ""periods"": [""5"", ""6"", ""7""], ""raw"": ""5,6, 7""}]",禁止外加,,https://course.nuk.edu.tw/QueryCourse/tcontent.asp?OpenYear=106&Helf=1&Sclass=CC&Cono=I113,2026-08-26T18:17:54+00:00
106-1-CC-I121-A-1-A,106,1,共同與通識課程,CC,核心通識,I121,A,大學部,1,A,哲學基本問題,3,選,61,60,,1,陳今偉,M01-206,,,"5,6, 7",,,,,"[{""day"": 3, ""dayName"": ""星期三"", ""periods"": [""5"", ""6"", ""7""], ""raw"": ""5,6, 7""}]",禁止外加,,https://course.nuk.edu.tw/QueryCourse/tcontent.asp?OpenYear=106&Helf=1&Sclass=CC&Cono=I121,2026-08-26T18:17:54+00:00
106-1-CC-I122-A-1-A,106,1,共同與通識課程,CC,核心通識,I122,A,大學部,1,A,哲學基本問題,3,選,60,60,,0,陳德興,L02-102,,"2,3, 4",,,,,,"[{""day"": 2, ""dayName"": ""星期二"", ""periods"": [""2"", ""3"", ""4""], ""raw"": ""2,3, 4""}]",禁止外加,,https://course.nuk.edu.tw/QueryCourse/tcontent.asp?OpenYear=106&Helf=1&Sclass=CC&Cono=I122,2026-08-26T18:17:54+00:00
106-1-CC-I123-A-1-A,106,1,共同與通識課程,CC,核心通識,I123,A,大學部,1,A,哲學基本問題,3,選,61,61,,0,陳德興,M01-103,,,"2,3, 4",,,,,"[{""day"": 3, ""dayName"": ""星期三"", ""periods"": [""2"", ""3"", ""4""], ""raw"": ""2,3, 4""}]",禁止外加,,https://course.nuk.edu.tw/QueryCourse/tcontent.asp?OpenYear=106&Helf=1&Sclass=CC&Cono=I123,2026-08-26T18:17:54+00:00
106-1-CC-I124-A-1-A,106,1,共同與通識課程,CC,核心通識,I124,A,大學部,1,A,哲學基本問題,3,選,62,61,,1,陳德興,M01-103,,,,"2,3, 4",,,,"[{""day"": 4, ""dayName"": ""星期四"", ""periods"": [""2"", ""3"", ""4""], ""raw"": ""2,3, 4""}]",禁止外加,,https://course.nuk.edu.tw/QueryCourse/tcontent.asp?OpenYear=106&Helf=1&Sclass=CC&Cono=I124,2026-08-26T18:17:54+00:00
106-1-CC-I125-A-1-A,106,1,共同與通識課程,CC,核心通識,I125,A,大學部,1,A,哲學基本問題,3,選,60,60,,0,黃鼎元,L02-201,"5,6, 7",,,,,,,"[{""day"": 1, ""dayName"": ""星期一"", ""periods"": [""5"", ""6"", ""7""], ""raw"": ""5,6, 7""}]",禁止外加,,https://course.nuk.edu.tw/QueryCourse/tcontent.asp?OpenYear=106&Helf=1&Sclass=CC&Cono=I125,2026-08-26T18:17:54+00:00
106-1-CC-I211-A-1-A,106,1,共同與通識課程,CC,核心通識,I211,A,大學部,1,A,藝術概論,3,選,60,60,,0,林殷齊,H1--107,"5,6, 7",,,,,,,"[{""day"": 1, ""dayName"": ""星期一"", ""periods"": [""5"", ""6"", ""7""], ""raw"": ""5,6, 7""}]",禁止外加,,https://course.nuk.edu.tw/QueryCourse/tcontent.asp?OpenYear=106&Helf=1&Sclass=CC&Cono=I211,2026-08-26T18:17:54+00:00
106-1-CC-I212-A-1-A,106,1,共同與通識課程,CC,核心通識,I212,A,大學部,1,A,藝術概論,3,選,60,60,,0,陳姿菁,L01-103,,,,,"9,10, 11",,,"[{""day"": 5, ""dayName"": ""星期五"", ""periods"": [""9"", ""10"", ""11""], ""raw"": ""9,10, 11""}]",禁止外加,,https://course.nuk.edu.tw/QueryCourse/tcontent.asp?OpenYear=106&Helf=1&Sclass=CC&Cono=I212,2026-08-26T18:17:54+00:00
106-1-CC-I213-A-1-A,106,1,共同與通識課程,CC,核心通識,I213,A,大學部,1,A,藝術概論,3,選,60,45,,15,蔡佩玲,C02-407,,,,,"2,3, 4",,,"[{""day"": 5, ""dayName"": ""星期五"", ""periods"": [""2"", ""3"", ""4""], ""raw"": ""2,3, 4""}]",禁止外加,,https://course.nuk.edu.tw/QueryCourse/tcontent.asp?OpenYear=106&Helf=1&Sclass=CC&Cono=I213,2026-08-26T18:17:54+00:00
106-1-CC-I214-A-1-A,106,1,共同與通識課程,CC,核心通識,I214,A,大學部,1,A,藝術概論,3,選,60,58,,2,蔡佩玲,C02-407,,,,,"5,6, 7",,,"[{""day"": 5, ""dayName"": ""星期五"", ""periods"": [""5"", ""6"", ""7""], ""raw"": ""5,6, 7""}]",禁止外加,,https://course.nuk.edu.tw/QueryCourse/tcontent.asp?OpenYear=106&Helf=1&Sclass=CC&Cono=I214,2026-08-26T18:17:54+00:00
106-1-CC-I261-A-1-A,106,1,共同與通識課程,CC,核心通識,I261,A,大學部,1,A,西洋藝術史概論,3,選,60,60,,0,歐陽蒨,L01-101,,,"5,6, 7",,,,,"[{""day"": 3, ""dayName"": ""星期三"", ""periods"": [""5"", ""6"", ""7""], ""raw"": ""5,6, 7""}]",禁止外加,,https://course.nuk.edu.tw/QueryCourse/tcontent.asp?OpenYear=106&Helf=1&Sclass=CC&Cono=I261,2026-08-26T18:17:54+00:00
106-1-CC-I262-A-1-A,106,1,共同與通識課程,CC,核心通識,I262,A,大學部,1,A,西洋藝術史概論,3,選,60,57,,3,羅文秀,L01-103,"7,8, 9",,,,,,,"[{""day"": 1, ""dayName"": ""星期一"", ""periods"": [""7"", ""8"", ""9""], ""raw"": ""7,8, 9""}]",禁止外加,,https://course.nuk.edu.tw/QueryCourse/tcontent.asp?OpenYear=106&Helf=1&Sclass=CC&Cono=I262,2026-08-26T18:17:54+00:00
106-1-CC-I263-A-1-A,106,1,共同與通識課程,CC,核心通識,I263,A,大學部,1,A,西洋藝術史概論,3,選,60,52,,8,羅文秀,L01-103,,,"5,6, 7",,,,,"[{""day"": 3, ""dayName"": ""星期三"", ""periods"": [""5"", ""6"", ""7""], ""raw"": ""5,6, 7""}]",禁止外加,,https://course.nuk.edu.tw/QueryCourse/tcontent.asp?OpenYear=106&Helf=1&Sclass=CC&Cono=I263,2026-08-26T18:17:54+00:00
106-1-CC-O311-A-1-A,106,1,共同與通識課程,CC,核心通識,O311,A,大學部,1,A,法律與人生,3,選,61,61,,0,李英正,M01-102,,,,,"7,8, 9",,,"[{""day"": 5, ""dayName"": ""星期五"", ""periods"": [""7"", ""8"", ""9""], ""raw"": ""7,8, 9""}]",禁止外加,,https://course.nuk.edu.tw/QueryCourse/tcontent.asp?OpenYear=106&Helf=1&Sclass=CC&Cono=O311,2026-08-26T18:17:54+00:00
106-1-CC-O312-A-1-A,106,1,共同與通識課程,CC,核心通識,O312,A,大學部,1,A,法律與人生,3,選,60,60,,0,陳進郁,M01-102,,,"2,3, 4",,,,,"[{""day"": 3, ""dayName"": ""星期三"", ""periods"": [""2"", ""3"", ""4""], ""raw"": ""2,3, 4""}]",禁止外加,,https://course.nuk.edu.tw/QueryCourse/tcontent.asp?OpenYear=106&Helf=1&Sclass=CC&Cono=O312,2026-08-26T18:17:54+00:00
106-1-CC-O313-A-1-A,106,1,共同與通識課程,CC,核心通識,O313,A,大學部,1,A,法律與人生,3,選,60,60,,0,陳進郁,M01-102,,,"5,6, 7",,,,,"[{""day"": 3, ""dayName"": ""星期三"", ""periods"": [""5"", ""6"", ""7""], ""raw"": ""5,6, 7""}]",禁止外加,,https://course.nuk.edu.tw/QueryCourse/tcontent.asp?OpenYear=106&Helf=1&Sclass=CC&Cono=O313,2026-08-26T18:17:54+00:00
106-1-CC-O314-A-1-A,106,1,共同與通識課程,CC,核心通識,O314,A,大學部,1,A,法律與人生,3,選,60,56,,4,謝開平,L02-201,,,"5,6, 7",,,,,"[{""day"": 3, ""dayName"": ""星期三"", ""periods"": [""5"", ""6"", ""7""], ""raw"": ""5,6, 7""}]",禁止外加,,https://course.nuk.edu.tw/QueryCourse/tcontent.asp?OpenYear=106&Helf=1&Sclass=CC&Cono=O314,2026-08-26T18:17:54+00:00
106-1-CC-O361-A-1-A,106,1,共同與通識課程,CC,核心通識,O361,A,大學部,1,A,媒體識讀與公民參與,3,選,60,59,,1,洪聖斐,B01-106,"2,3, 4",,,,,,,"[{""day"": 1, ""dayName"": ""星期一"", ""periods"": [""2"", ""3"", ""4""], ""raw"": ""2,3, 4""}]",禁止外加,,https://course.nuk.edu.tw/QueryCourse/tcontent.asp?OpenYear=106&Helf=1&Sclass=CC&Cono=O361,2026-08-26T18:17:54+00:00
106-1-CC-O362-A-1-A,106,1,共同與通識課程,CC,核心通識,O362,A,大學部,1,A,媒體識讀與公民參與,3,選,60,21,,39,曾也慎,L01-101,,"5,6, 7",,,,,,"[{""day"": 2, ""dayName"": ""星期二"", ""periods"": [""5"", ""6"", ""7""], ""raw"": ""5,6, 7""}]",禁止外加,曾也慎老師,https://course.nuk.edu.tw/QueryCourse/tcontent.asp?OpenYear=106&Helf=1&Sclass=CC&Cono=O362,2026-08-26T18:17:54+00:00
106-1-CC-O411-A-1-A,106,1,共同與通識課程,CC,核心通識,O411,A,大學部,1,A,全球化與多元文化,3,選,61,61,,0,洪聖斐 楊書濠,L01-101,"5,6, 7",,,,,,,"[{""day"": 1, ""dayName"": ""星期一"", ""periods"": [""5"", ""6"", ""7""], ""raw"": ""5,6, 7""}]",禁止外加,本課程包含18小時之線上課程，學生必須加入磨課師平台參與課程教學及討論,https://course.nuk.edu.tw/QueryCourse/tcontent.asp?OpenYear=106&Helf=1&Sclass=CC&Cono=O411,2026-08-26T18:17:54+00:00
106-1-CC-O412-A-1-A,106,1,共同與通識課程,CC,核心通識,O412,A,大學部,1,A,全球化與多元文化,3,選,60,60,,0,陳俊昇,B01-104,,,,"5,6, 7",,,,"[{""day"": 4, ""dayName"": ""星期四"", ""periods"": [""5"", ""6"", ""7""], ""raw"": ""5,6, 7""}]",禁止外加,,https://course.nuk.edu.tw/QueryCourse/tcontent.asp?OpenYear=106&Helf=1&Sclass=CC&Cono=O412,2026-08-26T18:17:54+00:00
106-1-CC-O413-A-1-A,106,1,共同與通識課程,CC,核心通識,O413,A,大學部,1,A,全球化與多元文化,3,選,60,60,,0,劉子昱,M01-105,"9,10, 11",,,,,,,"[{""day"": 1, ""dayName"": ""星期一"", ""periods"": [""9"", ""10"", ""11""], ""raw"": ""9,10, 11""}]",禁止外加,,https://course.nuk.edu.tw/QueryCourse/tcontent.asp?OpenYear=106&Helf=1&Sclass=CC&Cono=O413,2026-08-26T18:17:54+00:00
106-1-CC-O414-A-1-A,106,1,共同與通識課程,CC,核心通識,O414,A,大學部,1,A,全球化與多元文化,3,選,60,60,,0,劉子昱,M01-105,,,"9,10, 11",,,,,"[{""day"": 3, ""dayName"": ""星期三"", ""periods"": [""9"", ""10"", ""11""], ""raw"": ""9,10, 11""}]",禁止外加,,https://course.nuk.edu.tw/QueryCourse/tcontent.asp?OpenYear=106&Helf=1&Sclass=CC&Cono=O414,2026-08-26T18:17:54+00:00
106-1-CC-O421-A-1-A,106,1,共同與通識課程,CC,核心通識,O421,A,大學部,1,A,探索台灣-政經篇,3,選,61,61,,0,陳俊昇,L02-106,,,,,"2,3, 4",,,"[{""day"": 5, ""dayName"": ""星期五"", ""periods"": [""2"", ""3"", ""4""], ""raw"": ""2,3, 4""}]",禁止外加,,https://course.nuk.edu.tw/QueryCourse/tcontent.asp?OpenYear=106&Helf=1&Sclass=CC&Cono=O421,2026-08-26T18:17:54+00:00
106-1-CC-O423-A-1-A,106,1,共同與通識課程,CC,核心通識,O423,A,大學部,1,A,探索台灣－歷史篇,3,選,60,60,,0,楊書濠,L01-101,"2,3, 4",,,,,,,"[{""day"": 1, ""dayName"": ""星期一"", ""periods"": [""2"", ""3"", ""4""], ""raw"": ""2,3, 4""}]",禁止外加,,https://course.nuk.edu.tw/QueryCourse/tcontent.asp?OpenYear=106&Helf=1&Sclass=CC&Cono=O423,2026-08-26T18:17:54+00:00
106-1-CC-O424-A-1-A,106,1,共同與通識課程,CC,核心通識,O424,A,大學部,1,A,探索台灣－歷史篇,3,選,61,61,,0,楊書濠,L01-101,"10,11, 12",,,,,,,"[{""day"": 1, ""dayName"": ""星期一"", ""periods"": [""10"", ""11"", ""12""], ""raw"": ""10,11, 12""}]",禁止外加,,https://course.nuk.edu.tw/QueryCourse/tcontent.asp?OpenYear=106&Helf=1&Sclass=CC&Cono=O424,2026-08-26T18:17:54+00:00
106-1-CD-A063-A-1-A,106,1,共同與通識課程,CD,全民國防教育類,A063,A,大學部,1,A,全民國防教育軍事訓練課程-全民國防,0,選,40,27,,13,王美玲,C02-B100,,"3,4",,,,,,"[{""day"": 2, ""dayName"": ""星期二"", ""periods"": [""3"", ""4""], ""raw"": ""3,4""}]",,,https://course.nuk.edu.tw/QueryCourse/tcontent.asp?OpenYear=106&Helf=1&Sclass=CD&Cono=A063,2026-08-26T18:17:54+00:00
106-1-CD-A064-A-1-A,106,1,共同與通識課程,CD,全民國防教育類,A064,A,大學部,1,A,全民國防教育軍事訓練課程-全民國防,0,選,40,37,,3,王美玲,C02-B100,,"6,7",,,,,,"[{""day"": 2, ""dayName"": ""星期二"", ""periods"": [""6"", ""7""], ""raw"": ""6,7""}]",,,https://course.nuk.edu.tw/QueryCourse/tcontent.asp?OpenYear=106&Helf=1&Sclass=CD&Cono=A064,2026-08-26T18:17:54+00:00
106-1-GR-1103-A-1-A,106,1,共同與通識課程,GR,共同必修系列,1103,A,大學部,1,A,中文(上),2,必,40,40,,0,賴素玫,M01-102,"5,6",,,,,,,"[{""day"": 1, ""dayName"": ""星期一"", ""periods"": [""5"", ""6""], ""raw"": ""5,6""}]",禁止外加,,https://course.nuk.edu.tw/QueryCourse/tcontent.asp?OpenYear=106&Helf=1&Sclass=GR&Cono=1103,2026-08-26T18:17:54+00:00
106-1-GR-1203-A-1-A,106,1,共同與通識課程,GR,共同必修系列,1203,A,大學部,1,A,中文(上),2,必,40,40,,0,賴素玫,M01-102,"7,8",,,,,,,"[{""day"": 1, ""dayName"": ""星期一"", ""periods"": [""7"", ""8""], ""raw"": ""7,8""}]",禁止外加,,https://course.nuk.edu.tw/QueryCourse/tcontent.asp?OpenYear=106&Helf=1&Sclass=GR&Cono=1203,2026-08-26T18:17:54+00:00
106-1-GR-1503-A-1-A,106,1,共同與通識課程,GR,共同必修系列,1503,A,大學部,1,A,中文(上),2,必,40,34,,6,賴素玫,M01-104,,,"5,6",,,,,"[{""day"": 3, ""dayName"": ""星期三"", ""periods"": [""5"", ""6""], ""raw"": ""5,6""}]",禁止外加,,https://course.nuk.edu.tw/QueryCourse/tcontent.asp?OpenYear=106&Helf=1&Sclass=GR&Cono=1503,2026-08-26T18:17:54+00:00
106-1-GR-1703-A-1-A,106,1,共同與通識課程,GR,共同必修系列,1703,A,大學部,1,A,中文(上),2,必,40,39,,1,賴素玫,M01-104,,,"7,8",,,,,"[{""day"": 3, ""dayName"": ""星期三"", ""periods"": [""7"", ""8""], ""raw"": ""7,8""}]",禁止外加,,https://course.nuk.edu.tw/QueryCourse/tcontent.asp?OpenYear=106&Helf=1&Sclass=GR&Cono=1703,2026-08-26T18:17:54+00:00
106-1-GR-2103-A-1-A,106,1,共同與通識課程,GR,共同必修系列,2103,A,大學部,1,A,中文(上),2,必,40,40,,0,高美芸,L01-101,,,,"5,6",,,,"[{""day"": 4, ""dayName"": ""星期四"", ""periods"": [""5"", ""6""], ""raw"": ""5,6""}]",禁止外加,,https://course.nuk.edu.tw/QueryCourse/tcontent.asp?OpenYear=106&Helf=1&Sclass=GR&Cono=2103,2026-08-26T18:17:54+00:00
106-1-GR-2203-A-1-A,106,1,共同與通識課程,GR,共同必修系列,2203,A,大學部,1,A,中文(上),2,必,40,40,,0,林于盛,B01-107,,,"1,2",,,,,"[{""day"": 3, ""dayName"": ""星期三"", ""periods"": [""1"", ""2""], ""raw"": ""1,2""}]",禁止外加,,https://course.nuk.edu.tw/QueryCourse/tcontent.asp?OpenYear=106&Helf=1&Sclass=GR&Cono=2203,2026-08-26T18:17:54+00:00
106-1-GR-2303-A-1-A,106,1,共同與通識課程,GR,共同必修系列,2303,A,大學部,1,A,中文(上),2,必,40,40,,0,陳猷青,B01-106,,,,"1,2",,,,"[{""day"": 4, ""dayName"": ""星期四"", ""periods"": [""1"", ""2""], ""raw"": ""1,2""}]",禁止外加,,https://course.nuk.edu.tw/QueryCourse/tcontent.asp?OpenYear=106&Helf=1&Sclass=GR&Cono=2303,2026-08-26T18:17:54+00:00
106-1-GR-3103-A-1-A,106,1,共同與通識課程,GR,共同必修系列,3103,A,大學部,1,A,中文(上),2,必,40,40,,0,林于盛,B01-107,,,"3,4",,,,,"[{""day"": 3, ""dayName"": ""星期三"", ""periods"": [""3"", ""4""], ""raw"": ""3,4""}]",禁止外加,,https://course.nuk.edu.tw/QueryCourse/tcontent.asp?OpenYear=106&Helf=1&Sclass=GR&Cono=3103,2026-08-26T18:17:54+00:00
106-1-GR-3203-A-1-A,106,1,共同與通識課程,GR,共同必修系列,3203,A,大學部,1,A,中文(上),2,必,40,40,,0,林于盛,B01-107,,,"5,6",,,,,"[{""day"": 3, ""dayName"": ""星期三"", ""periods"": [""5"", ""6""], ""raw"": ""5,6""}]",禁止外加,,https://course.nuk.edu.tw/QueryCourse/tcontent.asp?OpenYear=106&Helf=1&Sclass=GR&Cono=3203,2026-08-26T18:17:54+00:00
106-1-GR-3303-A-1-A,106,1,共同與通識課程,GR,共同必修系列,3303,A,大學部,1,A,中文(上),2,必,40,40,,0,郭國泰,B01-B106,"5,6",,,,,,,"[{""day"": 1, ""dayName"": ""星期一"", ""periods"": [""5"", ""6""], ""raw"": ""5,6""}]",禁止外加,,https://course.nuk.edu.tw/QueryCourse/tcontent.asp?OpenYear=106&Helf=1&Sclass=GR&Cono=3303,2026-08-26T18:17:54+00:00
106-1-GR-4103-A-1-A,106,1,共同與通識課程,GR,共同必修系列,4103,A,大學部,1,A,中文(上),2,必,40,40,,0,郭國泰,B01-B106,"7,8",,,,,,,"[{""day"": 1, ""dayName"": ""星期一"", ""periods"": [""7"", ""8""], ""raw"": ""7,8""}]",禁止外加,,https://course.nuk.edu.tw/QueryCourse/tcontent.asp?OpenYear=106&Helf=1&Sclass=GR&Cono=4103,2026-08-26T18:17:54+00:00
106-1-GR-4203-A-1-A,106,1,共同與通識課程,GR,共同必修系列,4203,A,大學部,1,A,中文(上),2,必,40,39,,1,嚴立仁,L02-108,"1,2",,,,,,,"[{""day"": 1, ""dayName"": ""星期一"", ""periods"": [""1"", ""2""], ""raw"": ""1,2""}]",禁止外加,,https://course.nuk.edu.tw/QueryCourse/tcontent.asp?OpenYear=106&Helf=1&Sclass=GR&Cono=4203,2026-08-26T18:17:54+00:00
106-1-GR-4303-A-1-A,106,1,共同與通識課程,GR,共同必修系列,4303,A,大學部,1,A,中文(上),2,必,40,21,,19,嚴立仁,L02-108,"3,4",,,,,,,"[{""day"": 1, ""dayName"": ""星期一"", ""periods"": [""3"", ""4""], ""raw"": ""3,4""}]",禁止外加,,https://course.nuk.edu.tw/QueryCourse/tcontent.asp?OpenYear=106&Helf=1&Sclass=GR&Cono=4303,2026-08-26T18:17:54+00:00
106-1-GR-5103-A-1-A,106,1,共同與通識課程,GR,共同必修系列,5103,A,大學部,1,A,中文(上),2,必,40,30,,10,嚴立仁,L02-103,,"1,2",,,,,,"[{""day"": 2, ""dayName"": ""星期二"", ""periods"": [""1"", ""2""], ""raw"": ""1,2""}]",禁止外加,,https://course.nuk.edu.tw/QueryCourse/tcontent.asp?OpenYear=106&Helf=1&Sclass=GR&Cono=5103,2026-08-26T18:17:54+00:00
106-1-GR-5203-A-1-A,106,1,共同與通識課程,GR,共同必修系列,5203,A,大學部,1,A,中文(上),2,必,40,40,,0,黃淑瑮,B01-106,"5,6",,,,,,,"[{""day"": 1, ""dayName"": ""星期一"", ""periods"": [""5"", ""6""], ""raw"": ""5,6""}]",禁止外加,,https://course.nuk.edu.tw/QueryCourse/tcontent.asp?OpenYear=106&Helf=1&Sclass=GR&Cono=5203,2026-08-26T18:17:54+00:00
106-1-GR-5303-A-1-A,106,1,共同與通識課程,GR,共同必修系列,5303,A,大學部,1,A,中文(上),2,必,40,40,,0,黃淑瑮,B01-106,"7,8",,,,,,,"[{""day"": 1, ""dayName"": ""星期一"", ""periods"": [""7"", ""8""], ""raw"": ""7,8""}]",禁止外加,,https://course.nuk.edu.tw/QueryCourse/tcontent.asp?OpenYear=106&Helf=1&Sclass=GR&Cono=5303,2026-08-26T18:17:54+00:00
106-1-GR-5403-A-1-A,106,1,共同與通識課程,GR,共同必修系列,5403,A,大學部,1,A,中文(上),2,必,40,40,,0,鄭智仁,B01-106,,,"5,6",,,,,"[{""day"": 3, ""dayName"": ""星期三"", ""periods"": [""5"", ""6""], ""raw"": ""5,6""}]",禁止外加,,https://course.nuk.edu.tw/QueryCourse/tcontent.asp?OpenYear=106&Helf=1&Sclass=GR&Cono=5403,2026-08-26T18:17:54+00:00
106-1-GR-5503-A-1-A,106,1,共同與通識課程,GR,共同必修系列,5503,A,大學部,1,A,中文(上),2,必,40,40,,0,鄭智仁,B01-106,,,"7,8",,,,,"[{""day"": 3, ""dayName"": ""星期三"", ""periods"": [""7"", ""8""], ""raw"": ""7,8""}]",禁止外加,,https://course.nuk.edu.tw/QueryCourse/tcontent.asp?OpenYear=106&Helf=1&Sclass=GR&Cono=5503,2026-08-26T18:17:54+00:00
106-1-GR-5603-A-1-A,106,1,共同與通識課程,GR,共同必修系列,5603,A,大學部,1,A,中文(上),2,必,40,26,,14,許正平,M01-105,,,,"5,6",,,,"[{""day"": 4, ""dayName"": ""星期四"", ""periods"": [""5"", ""6""], ""raw"": ""5,6""}]",禁止外加,,https://course.nuk.edu.tw/QueryCourse/tcontent.asp?OpenYear=106&Helf=1&Sclass=GR&Cono=5603,2026-08-26T18:17:54+00:00
106-1-GR-5703-A-1-A,106,1,共同與通識課程,GR,共同必修系列,5703,A,大學部,1,A,中文(上),2,必,40,19,,21,古佳峻,L02-201,,"3,4",,,,,,"[{""day"": 2, ""dayName"": ""星期二"", ""periods"": [""3"", ""4""], ""raw"": ""3,4""}]",禁止外加,,https://course.nuk.edu.tw/QueryCourse/tcontent.asp?OpenYear=106&Helf=1&Sclass=GR&Cono=5703,2026-08-26T18:17:54+00:00
106-1-GR-5803-A-1-A,106,1,共同與通識課程,GR,共同必修系列,5803,A,大學部,1,A,中文(上),2,必,40,28,,12,古佳峻,L02-201,,"5,6",,,,,,"[{""day"": 2, ""dayName"": ""星期二"", ""periods"": [""5"", ""6""], ""raw"": ""5,6""}]",禁止外加,,https://course.nuk.edu.tw/QueryCourse/tcontent.asp?OpenYear=106&Helf=1&Sclass=GR&Cono=5803,2026-08-26T18:17:54+00:00
106-1-GR-5903-A-1-A,106,1,共同與通識課程,GR,共同必修系列,5903,A,大學部,1,A,中文(上),2,必,40,39,,1,白崢勇,B01-101,,,,"5,6",,,,"[{""day"": 4, ""dayName"": ""星期四"", ""periods"": [""5"", ""6""], ""raw"": ""5,6""}]",禁止外加,,https://course.nuk.edu.tw/QueryCourse/tcontent.asp?OpenYear=106&Helf=1&Sclass=GR&Cono=5903,2026-08-26T18:17:54+00:00
106-1-GR-6003-A-1-A,106,1,共同與通識課程,GR,共同必修系列,6003,A,大學部,1,A,中文(上),2,必,40,38,,2,白崢勇,B01-101,,,,"7,8",,,,"[{""day"": 4, ""dayName"": ""星期四"", ""periods"": [""7"", ""8""], ""raw"": ""7,8""}]",禁止外加,,https://course.nuk.edu.tw/QueryCourse/tcontent.asp?OpenYear=106&Helf=1&Sclass=GR&Cono=6003,2026-08-26T18:17:54+00:00
106-1-GR-6103-A-1-A,106,1,共同與通識課程,GR,共同必修系列,6103,A,大學部,1,A,中文(上),2,必,40,40,,0,喻緒琪,M01-104,,,,"9,10",,,,"[{""day"": 4, ""dayName"": ""星期四"", ""periods"": [""9"", ""10""], ""raw"": ""9,10""}]",禁止外加,,https://course.nuk.edu.tw/QueryCourse/tcontent.asp?OpenYear=106&Helf=1&Sclass=GR&Cono=6103,2026-08-26T18:17:54+00:00
106-1-GR-6203-A-1-A,106,1,共同與通識課程,GR,共同必修系列,6203,A,大學部,1,A,中文(上),2,必,40,39,,1,喻緒琪,L02-101,,,,,"9,10",,,"[{""day"": 5, ""dayName"": ""星期五"", ""periods"": [""9"", ""10""], ""raw"": ""9,10""}]",禁止外加,,https://course.nuk.edu.tw/QueryCourse/tcontent.asp?OpenYear=106&Helf=1&Sclass=GR&Cono=6203,2026-08-26T18:17:54+00:00
106-1-GR-6303-A-1-A,106,1,共同與通識課程,GR,共同必修系列,6303,A,大學部,1,A,中文(上),2,必,40,40,,0,蔡文彥,B01-204,,,"5,6",,,,,"[{""day"": 3, ""dayName"": ""星期三"", ""periods"": [""5"", ""6""], ""raw"": ""5,6""}]",禁止外加,,https://course.nuk.edu.tw/QueryCourse/tcontent.asp?OpenYear=106&Helf=1&Sclass=GR&Cono=6303,2026-08-26T18:17:54+00:00
106-1-GR-7103-A-1-A,106,1,共同與通識課程,GR,共同必修系列,7103,A,大學部,1,A,中文(上),2,必,40,39,,1,蔡文彥,B01-204,,,"7,8",,,,,"[{""day"": 3, ""dayName"": ""星期三"", ""periods"": [""7"", ""8""], ""raw"": ""7,8""}]",禁止外加,,https://course.nuk.edu.tw/QueryCourse/tcontent.asp?OpenYear=106&Helf=1&Sclass=GR&Cono=7103,2026-08-26T18:17:54+00:00
106-1-GR-8103-A-1-A,106,1,共同與通識課程,GR,共同必修系列,8103,A,大學部,1,A,中文(上)-外僑組,2,必,8,8,,0,黃文娟,M01-205,"5,6",,,,,,,"[{""day"": 1, ""dayName"": ""星期一"", ""periods"": [""5"", ""6""], ""raw"": ""5,6""}]",外加,"選修此班需經教師認定核可;欲選修此班級之學生請於開學第一週至上課教室受測驗後,再由教師指定加選。",https://course.nuk.edu.tw/QueryCourse/tcontent.asp?OpenYear=106&Helf=1&Sclass=GR&Cono=8103,2026-08-26T18:17:54+00:00
106-1-GR-A0A1-A-1-A,106,1,共同與通識課程,GR,共同必修系列,A0A1,A,大學部,1,A,英語會話與閱讀(上)：高階班,2,必,56,55,,1,王嵩嵐,H1--101,"5,6",,,,,,,"[{""day"": 1, ""dayName"": ""星期一"", ""periods"": [""5"", ""6""], ""raw"": ""5,6""}]",禁止外加 外加,1.英語會話與閱讀依學生能力等級編列班級(系統匯入選課，請勿自行選課) 2.原則上不承認自行更換班級之學生學分 3.重補修生請於第3階段再行加選,https://course.nuk.edu.tw/QueryCourse/tcontent.asp?OpenYear=106&Helf=1&Sclass=GR&Cono=A0A1,2026-08-26T18:17:54+00:00
106-1-GR-A0A2-A-1-A,106,1,共同與通識課程,GR,共同必修系列,A0A2,A,大學部,1,A,英語會話與閱讀(上)：高階班,2,必,55,57,,0,陳麗青,H1--101,,,"5,6",,,,,"[{""day"": 3, ""dayName"": ""星期三"", ""periods"": [""5"", ""6""], ""raw"": ""5,6""}]",禁止外加,1.英語會話與閱讀依學生能力等級編列班級(系統匯入選課，請勿自行選課) 2.原則上不承認自行更換班級之學生學分 3.重補修生請於第3階段再行加選,https://course.nuk.edu.tw/QueryCourse/tcontent.asp?OpenYear=106&Helf=1&Sclass=GR&Cono=A0A2,2026-08-26T18:17:54+00:00
106-1-GR-A0A3-A-1-A,106,1,共同與通識課程,GR,共同必修系列,A0A3,A,大學部,1,A,英語會話與閱讀(上)：高階班,2,必,55,59,,0,唐淑芳,B01-101,"5,6",,,,,,,"[{""day"": 1, ""dayName"": ""星期一"", ""periods"": [""5"", ""6""], ""raw"": ""5,6""}]",禁止外加,1.英語會話與閱讀依學生能力等級編列班級(系統匯入選課，請勿自行選課) 2.原則上不承認自行更換班級之學生學分 3.重補修生請於第3階段再行加選,https://course.nuk.edu.tw/QueryCourse/tcontent.asp?OpenYear=106&Helf=1&Sclass=GR&Cono=A0A3,2026-08-26T18:17:54+00:00
106-1-GR-A0A4-A-1-A,106,1,共同與通識課程,GR,共同必修系列,A0A4,A,大學部,1,A,英語會話與閱讀(上)：高階班,2,必,55,56,,0,唐淑芳,B01-101,"7,8",,,,,,,"[{""day"": 1, ""dayName"": ""星期一"", ""periods"": [""7"", ""8""], ""raw"": ""7,8""}]",禁止外加,1.英語會話與閱讀依學生能力等級編列班級(系統匯入選課，請勿自行選課) 2.原則上不承認自行更換班級之學生學分 3.重補修生請於第3階段再行加選,https://course.nuk.edu.tw/QueryCourse/tcontent.asp?OpenYear=106&Helf=1&Sclass=GR&Cono=A0A4,2026-08-26T18:17:54+00:00
106-1-GR-A0B1-A-1-A,106,1,共同與通識課程,GR,共同必修系列,A0B1,A,大學部,1,A,英語會話與閱讀(上)：中階班,2,必,55,49,,6,蔡奎如,M01-103,"5,6",,,,,,,"[{""day"": 1, ""dayName"": ""星期一"", ""periods"": [""5"", ""6""], ""raw"": ""5,6""}]",禁止外加,1.英語會話與閱讀依學生能力等級編列班級(系統匯入選課，請勿自行選課) 2.原則上不承認自行更換班級之學生學分 3.重補修生請於第3階段再行加選,https://course.nuk.edu.tw/QueryCourse/tcontent.asp?OpenYear=106&Helf=1&Sclass=GR&Cono=A0B1,2026-08-26T18:17:54+00:00
106-1-GR-A0B2-A-1-A,106,1,共同與通識課程,GR,共同必修系列,A0B2,A,大學部,1,A,英語會話與閱讀(上)：中階班,2,必,55,48,,7,蔡奎如,M01-103,"7,8",,,,,,,"[{""day"": 1, ""dayName"": ""星期一"", ""periods"": [""7"", ""8""], ""raw"": ""7,8""}]",禁止外加,1.英語會話與閱讀依學生能力等級編列班級(系統匯入選課，請勿自行選課) 2.原則上不承認自行更換班級之學生學分 3.重補修生請於第3階段再行加選,https://course.nuk.edu.tw/QueryCourse/tcontent.asp?OpenYear=106&Helf=1&Sclass=GR&Cono=A0B2,2026-08-26T18:17:54+00:00
106-1-GR-A0B3-A-1-A,106,1,共同與通識課程,GR,共同必修系列,A0B3,A,大學部,1,A,英語會話與閱讀(上)：中階班,2,必,55,45,,10,蔡奎如,M01-103,,,"5,6",,,,,"[{""day"": 3, ""dayName"": ""星期三"", ""periods"": [""5"", ""6""], ""raw"": ""5,6""}]",禁止外加,1.英語會話與閱讀依學生能力等級編列班級(系統匯入選課，請勿自行選課) 2.原則上不承認自行更換班級之學生學分 3.重補修生請於第3階段再行加選,https://course.nuk.edu.tw/QueryCourse/tcontent.asp?OpenYear=106&Helf=1&Sclass=GR&Cono=A0B3,2026-08-26T18:17:54+00:00
106-1-GR-A0B4-A-1-A,106,1,共同與通識課程,GR,共同必修系列,A0B4,A,大學部,1,A,英語會話與閱讀(上)：中階班,2,必,55,44,,11,蔡奎如,M01-103,,,"7,8",,,,,"[{""day"": 3, ""dayName"": ""星期三"", ""periods"": [""7"", ""8""], ""raw"": ""7,8""}]",禁止外加,1.英語會話與閱讀依學生能力等級編列班級(系統匯入選課，請勿自行選課) 2.原則上不承認自行更換班級之學生學分 3.重補修生請於第3階段再行加選,https://course.nuk.edu.tw/QueryCourse/tcontent.asp?OpenYear=106&Helf=1&Sclass=GR&Cono=A0B4,2026-08-26T18:17:54+00:00
106-1-GR-A0B5-A-1-A,106,1,共同與通識課程,GR,共同必修系列,A0B5,A,大學部,1,A,英語會話與閱讀(上)：中階班,2,必,55,47,,8,許建華,B01-108,"5,6",,,,,,,"[{""day"": 1, ""dayName"": ""星期一"", ""periods"": [""5"", ""6""], ""raw"": ""5,6""}]",禁止外加,1.英語會話與閱讀依學生能力等級編列班級(系統匯入選課，請勿自行選課) 2.原則上不承認自行更換班級之學生學分 3.重補修生請於第3階段再行加選,https://course.nuk.edu.tw/QueryCourse/tcontent.asp?OpenYear=106&Helf=1&Sclass=GR&Cono=A0B5,2026-08-26T18:17:54+00:00
106-1-GR-A0B6-A-1-A,106,1,共同與通識課程,GR,共同必修系列,A0B6,A,大學部,1,A,英語會話與閱讀(上)：中階班,2,必,55,47,,8,許建華,B01-108,"7,8",,,,,,,"[{""day"": 1, ""dayName"": ""星期一"", ""periods"": [""7"", ""8""], ""raw"": ""7,8""}]",禁止外加,1.英語會話與閱讀依學生能力等級編列班級(系統匯入選課，請勿自行選課) 2.原則上不承認自行更換班級之學生學分 3.重補修生請於第3階段再行加選,https://course.nuk.edu.tw/QueryCourse/tcontent.asp?OpenYear=106&Helf=1&Sclass=GR&Cono=A0B6,2026-08-26T18:17:54+00:00
106-1-GR-A0B7-A-1-A,106,1,共同與通識課程,GR,共同必修系列,A0B7,A,大學部,1,A,英語會話與閱讀(上)：中階班,2,必,55,47,,8,楊淑華,B01-103,"5,6",,,,,,,"[{""day"": 1, ""dayName"": ""星期一"", ""periods"": [""5"", ""6""], ""raw"": ""5,6""}]",禁止外加,1.英語會話與閱讀依學生能力等級編列班級(系統匯入選課，請勿自行選課) 2.原則上不承認自行更換班級之學生學分 3.重補修生請於第3階段再行加選,https://course.nuk.edu.tw/QueryCourse/tcontent.asp?OpenYear=106&Helf=1&Sclass=GR&Cono=A0B7,2026-08-26T18:17:54+00:00
106-1-GR-A0B8-A-1-A,106,1,共同與通識課程,GR,共同必修系列,A0B8,A,大學部,1,A,英語會話與閱讀(上)：中階班,2,必,55,47,,8,楊淑華,B01-103,"7,8",,,,,,,"[{""day"": 1, ""dayName"": ""星期一"", ""periods"": [""7"", ""8""], ""raw"": ""7,8""}]",禁止外加,1.英語會話與閱讀依學生能力等級編列班級(系統匯入選課，請勿自行選課) 2.原則上不承認自行更換班級之學生學分 3.重補修生請於第3階段再行加選,https://course.nuk.edu.tw/QueryCourse/tcontent.asp?OpenYear=106&Helf=1&Sclass=GR&Cono=A0B8,2026-08-26T18:17:54+00:00
106-1-GR-A0B9-A-1-A,106,1,共同與通識課程,GR,共同必修系列,A0B9,A,大學部,1,A,英語會話與閱讀(上)：中階班,2,必,55,50,,5,陳信智,B01-103,,,"5,6",,,,,"[{""day"": 3, ""dayName"": ""星期三"", ""periods"": [""5"", ""6""], ""raw"": ""5,6""}]",禁止外加,1.英語會話與閱讀依學生能力等級編列班級(系統匯入選課，請勿自行選課) 2.原則上不承認自行更換班級之學生學分 3.重補修生請於第3階段再行加選,https://course.nuk.edu.tw/QueryCourse/tcontent.asp?OpenYear=106&Helf=1&Sclass=GR&Cono=A0B9,2026-08-26T18:17:54+00:00
106-1-GR-A113-A-1-A,106,1,共同與通識課程,GR,共同必修系列,A113,A,大學部,1,A,服務學習培養(西洋語文學系A),0,必,30,29,,1,王美玲,,X,,,,,,,"[{""day"": 1, ""dayName"": ""星期一"", ""periods"": [""X""], ""raw"": ""X""}]",,請於開學一週內上班時間0900~1630時至該服務單位報到即可‧,https://course.nuk.edu.tw/QueryCourse/tcontent.asp?OpenYear=106&Helf=1&Sclass=GR&Cono=A113,2026-08-26T18:17:54+00:00
106-1-GR-A123-A-1-A,106,1,共同與通識課程,GR,共同必修系列,A123,A,大學部,1,A,服務學習培養(運動健康與休閒學系A),0,必,20,20,,0,王美玲,,X,,,,,,,"[{""day"": 1, ""dayName"": ""星期一"", ""periods"": [""X""], ""raw"": ""X""}]",限修,限運動健康與休閒學系學生並請於開學一週內上班時間0900~1630時至該服務單位報到即可‧,https://course.nuk.edu.tw/QueryCourse/tcontent.asp?OpenYear=106&Helf=1&Sclass=GR&Cono=A123,2026-08-26T18:17:54+00:00
106-1-GR-A163-A-1-A,106,1,共同與通識課程,GR,共同必修系列,A163,A,大學部,1,A,服務學習培養(創意設計與建築學系A),0,必,40,40,,0,王美玲,,X,,,,,,,"[{""day"": 1, ""dayName"": ""星期一"", ""periods"": [""X""], ""raw"": ""X""}]",,創意設計與建築學系學生優先並請於開學一週內上班時間0900~1630時至該服務單位報到即可‧,https://course.nuk.edu.tw/QueryCourse/tcontent.asp?OpenYear=106&Helf=1&Sclass=GR&Cono=A163,2026-08-26T18:17:54+00:00
106-1-GR-A173-A-1-A,106,1,共同與通識課程,GR,共同必修系列,A173,A,大學部,1,A,服務學習培養(東亞語文學系A),0,必,38,28,,10,王美玲,,X,,,,,,,"[{""day"": 1, ""dayName"": ""星期一"", ""periods"": [""X""], ""raw"": ""X""}]",,請於開學一週內上班時間0900~1630時至該服務單位報到即可‧,https://course.nuk.edu.tw/QueryCourse/tcontent.asp?OpenYear=106&Helf=1&Sclass=GR&Cono=A173,2026-08-26T18:17:54+00:00
106-1-GR-A183-A-1-A,106,1,共同與通識課程,GR,共同必修系列,A183,A,大學部,1,A,服務學習培養(運動競技學系A),0,必,30,12,,18,王美玲,,X,,,,,,,"[{""day"": 1, ""dayName"": ""星期一"", ""periods"": [""X""], ""raw"": ""X""}]",,請於開學一週內上班時間0900~1630時至該服務單位報到即可‧,https://course.nuk.edu.tw/QueryCourse/tcontent.asp?OpenYear=106&Helf=1&Sclass=GR&Cono=A183,2026-08-26T18:17:54+00:00
106-1-GR-A1B0-A-1-A,106,1,共同與通識課程,GR,共同必修系列,A1B0,A,大學部,1,A,英語會話與閱讀(上)：中階班,2,必,55,49,,6,陳信智,B01-103,,,"7,8",,,,,"[{""day"": 3, ""dayName"": ""星期三"", ""periods"": [""7"", ""8""], ""raw"": ""7,8""}]",禁止外加,1.英語會話與閱讀依學生能力等級編列班級(系統匯入選課，請勿自行選課) 2.原則上不承認自行更換班級之學生學分 3.重補修生請於第3階段再行加選,https://course.nuk.edu.tw/QueryCourse/tcontent.asp?OpenYear=106&Helf=1&Sclass=GR&Cono=A1B0,2026-08-26T18:17:54+00:00
106-1-GR-A1B1-A-1-A,106,1,共同與通識課程,GR,共同必修系列,A1B1,A,大學部,1,A,英語會話與閱讀(上)：中階班,2,必,55,40,,15,王靜嫻,H1--106,"7,8",,,,,,,"[{""day"": 1, ""dayName"": ""星期一"", ""periods"": [""7"", ""8""], ""raw"": ""7,8""}]",禁止外加,1.英語會話與閱讀依學生能力等級編列班級(系統匯入選課，請勿自行選課) 2.原則上不承認自行更換班級之學生學分 3.重補修生請於第3階段再行加選,https://course.nuk.edu.tw/QueryCourse/tcontent.asp?OpenYear=106&Helf=1&Sclass=GR&Cono=A1B1,2026-08-26T18:17:54+00:00
106-1-GR-A1C1-A-1-A,106,1,共同與通識課程,GR,共同必修系列,A1C1,A,大學部,1,A,英語會話與閱讀(上)：初階班,2,必,55,51,,4,歐素雯,B01-107,"5,6",,,,,,,"[{""day"": 1, ""dayName"": ""星期一"", ""periods"": [""5"", ""6""], ""raw"": ""5,6""}]",禁止外加,1.英語會話與閱讀依學生能力等級編列班級(系統匯入選課，請勿自行選課) 2.原則上不承認自行更換班級之學生學分 3.重補修生請於第3階段再行加選,https://course.nuk.edu.tw/QueryCourse/tcontent.asp?OpenYear=106&Helf=1&Sclass=GR&Cono=A1C1,2026-08-26T18:17:54+00:00
106-1-GR-A1C2-A-1-A,106,1,共同與通識課程,GR,共同必修系列,A1C2,A,大學部,1,A,英語會話與閱讀(上)：初階班,2,必,55,45,,10,歐素雯,B01-107,"7,8",,,,,,,"[{""day"": 1, ""dayName"": ""星期一"", ""periods"": [""7"", ""8""], ""raw"": ""7,8""}]",禁止外加,1.英語會話與閱讀依學生能力等級編列班級(系統匯入選課，請勿自行選課) 2.原則上不承認自行更換班級之學生學分 3.重補修生請於第3階段再行加選,https://course.nuk.edu.tw/QueryCourse/tcontent.asp?OpenYear=106&Helf=1&Sclass=GR&Cono=A1C2,2026-08-26T18:17:54+00:00
106-1-GR-A1C3-A-1-A,106,1,共同與通識課程,GR,共同必修系列,A1C3,A,大學部,1,A,英語會話與閱讀(上)：初階班,2,必,55,44,,11,翁嵐瑜,B01-108,,,"5,6",,,,,"[{""day"": 3, ""dayName"": ""星期三"", ""periods"": [""5"", ""6""], ""raw"": ""5,6""}]",禁止外加,1.英語會話與閱讀依學生能力等級編列班級(系統匯入選課，請勿自行選課) 2.原則上不承認自行更換班級之學生學分 3.重補修生請於第3階段再行加選,https://course.nuk.edu.tw/QueryCourse/tcontent.asp?OpenYear=106&Helf=1&Sclass=GR&Cono=A1C3,2026-08-26T18:17:54+00:00
106-1-GR-A1C4-A-1-A,106,1,共同與通識課程,GR,共同必修系列,A1C4,A,大學部,1,A,英語會話與閱讀(上)：初階班,2,必,55,50,,5,翁嵐瑜,B01-108,,,"7,8",,,,,"[{""day"": 3, ""dayName"": ""星期三"", ""periods"": [""7"", ""8""], ""raw"": ""7,8""}]",,1.英語會話與閱讀依學生能力等級編列班級(系統匯入選課，請勿自行選課) 2.原則上不承認自行更換班級之學生學分 3.重補修生請於第3階段再行加選,https://course.nuk.edu.tw/QueryCourse/tcontent.asp?OpenYear=106&Helf=1&Sclass=GR&Cono=A1C4,2026-08-26T18:17:54+00:00
106-1-GR-A1C5-A-1-A,106,1,共同與通識課程,GR,共同必修系列,A1C5,A,大學部,1,A,英語會話與閱讀(上)：初階班,2,必,55,46,,9,邱玉萍,B01-107,,,"9,10",,,,,"[{""day"": 3, ""dayName"": ""星期三"", ""periods"": [""9"", ""10""], ""raw"": ""9,10""}]",限修,1.英語會話與閱讀依學生能力等級編列班級(系統匯入選課，請勿自行選課) 2.原則上不承認自行更換班級之學生學分 3.重補修生請於第3階段再行加選,https://course.nuk.edu.tw/QueryCourse/tcontent.asp?OpenYear=106&Helf=1&Sclass=GR&Cono=A1C5,2026-08-26T18:17:54+00:00
106-1-GR-A1C6-A-1-A,106,1,共同與通識課程,GR,共同必修系列,A1C6,A,大學部,1,A,英語會話與閱讀(上)：初階班,2,必,55,38,,17,顏正裕,B01-109,,,"5,6",,,,,"[{""day"": 3, ""dayName"": ""星期三"", ""periods"": [""5"", ""6""], ""raw"": ""5,6""}]",禁止外加,1.英語會話與閱讀依學生能力等級編列班級(系統匯入選課，請勿自行選課) 2.原則上不承認自行更換班級之學生學分 3.重補修生請於第3階段再行加選,https://course.nuk.edu.tw/QueryCourse/tcontent.asp?OpenYear=106&Helf=1&Sclass=GR&Cono=A1C6,2026-08-26T18:17:54+00:00
106-1-GR-A1C7-A-1-A,106,1,共同與通識課程,GR,共同必修系列,A1C7,A,大學部,1,A,英語會話與閱讀(上)：初階班,2,必,55,37,,18,顏正裕,B01-109,,,"7,8",,,,,"[{""day"": 3, ""dayName"": ""星期三"", ""periods"": [""7"", ""8""], ""raw"": ""7,8""}]",禁止外加,1.英語會話與閱讀依學生能力等級編列班級(系統匯入選課，請勿自行選課) 2.原則上不承認自行更換班級之學生學分 3.重補修生請於第3階段再行加選,https://course.nuk.edu.tw/QueryCourse/tcontent.asp?OpenYear=106&Helf=1&Sclass=GR&Cono=A1C7,2026-08-26T18:17:54+00:00
106-1-GR-A213-A-1-A,106,1,共同與通識課程,GR,共同必修系列,A213,A,大學部,1,A,服務學習培養(法律學系A),0,必,30,30,,0,王美玲,,X,,,,,,,"[{""day"": 1, ""dayName"": ""星期一"", ""periods"": [""X""], ""raw"": ""X""}]",,請於開學一週內上班時間0900~1630時至該服務單位報到即可‧,https://course.nuk.edu.tw/QueryCourse/tcontent.asp?OpenYear=106&Helf=1&Sclass=GR&Cono=A213,2026-08-26T18:17:54+00:00
106-1-GR-A223-A-1-A,106,1,共同與通識課程,GR,共同必修系列,A223,A,大學部,1,A,服務學習培養(政治法律學系A),0,必,25,24,,1,王美玲,,X,,,,,,,"[{""day"": 1, ""dayName"": ""星期一"", ""periods"": [""X""], ""raw"": ""X""}]",,請於開學一週內上班時間0900~1630時至該服務單位報到即可‧,https://course.nuk.edu.tw/QueryCourse/tcontent.asp?OpenYear=106&Helf=1&Sclass=GR&Cono=A223,2026-08-26T18:17:54+00:00
106-1-GR-A233-A-1-A,106,1,共同與通識課程,GR,共同必修系列,A233,A,大學部,1,A,服務學習培養(財經法律學系A),0,必,20,20,,0,王美玲,,X,,,,,,,"[{""day"": 1, ""dayName"": ""星期一"", ""periods"": [""X""], ""raw"": ""X""}]",,請於開學一週內上班時間0900~1630時至該服務單位報到即可‧,https://course.nuk.edu.tw/QueryCourse/tcontent.asp?OpenYear=106&Helf=1&Sclass=GR&Cono=A233,2026-08-26T18:17:54+00:00
106-1-GR-A313-A-1-A,106,1,共同與通識課程,GR,共同必修系列,A313,A,大學部,1,A,服務學習培養(應用經濟學系A),0,必,30,27,,3,王美玲,,X,,,,,,,"[{""day"": 1, ""dayName"": ""星期一"", ""periods"": [""X""], ""raw"": ""X""}]",限修,限應用經濟學系並請於開學一週內上班時間0900~1630時至該服務單位報到即可‧,https://course.nuk.edu.tw/QueryCourse/tcontent.asp?OpenYear=106&Helf=1&Sclass=GR&Cono=A313,2026-08-26T18:17:54+00:00
106-1-GR-A323-A-1-A,106,1,共同與通識課程,GR,共同必修系列,A323,A,大學部,1,A,服務學習培養(金融管理學系A),0,必,30,30,,0,王美玲,,X,,,,,,,"[{""day"": 1, ""dayName"": ""星期一"", ""periods"": [""X""], ""raw"": ""X""}]",,請於開學一週內上班時間0900~1630時至該服務單位報到即可‧,https://course.nuk.edu.tw/QueryCourse/tcontent.asp?OpenYear=106&Helf=1&Sclass=GR&Cono=A323,2026-08-26T18:17:54+00:00
106-1-GR-A333-A-1-A,106,1,共同與通識課程,GR,共同必修系列,A333,A,大學部,1,A,服務學習培養(資訊管理學系A),0,必,15,14,,1,王美玲,,X,,,,,,,"[{""day"": 1, ""dayName"": ""星期一"", ""periods"": [""X""], ""raw"": ""X""}]",限修,限資訊管理學系學生並請於開學一週內上班時間0900~1630時至該服務單位報到即可‧,https://course.nuk.edu.tw/QueryCourse/tcontent.asp?OpenYear=106&Helf=1&Sclass=GR&Cono=A333,2026-08-26T18:17:54+00:00
106-1-GR-A351-A-1-A,106,1,共同與通識課程,GR,共同必修系列,A351,A,大學部,1,A,服務學習培養(IMBA學位學程A),0,必,10,10,,0,王美玲,,X,,,,,,,"[{""day"": 1, ""dayName"": ""星期一"", ""periods"": [""X""], ""raw"": ""X""}]",,請於開學一週內上班時間0900~1630時至該服務單位報到即可‧,https://course.nuk.edu.tw/QueryCourse/tcontent.asp?OpenYear=106&Helf=1&Sclass=GR&Cono=A351,2026-08-26T18:17:54+00:00
106-1-GR-A413-A-1-A,106,1,共同與通識課程,GR,共同必修系列,A413,A,大學部,1,A,服務學習培養(應用數學系A),0,必,25,24,,1,王美玲,,X,,,,,,,"[{""day"": 1, ""dayName"": ""星期一"", ""periods"": [""X""], ""raw"": ""X""}]",,請於開學一週內上班時間0900~1630時至該服務單位報到即可‧,https://course.nuk.edu.tw/QueryCourse/tcontent.asp?OpenYear=106&Helf=1&Sclass=GR&Cono=A413,2026-08-26T18:17:54+00:00
106-1-GR-A423-A-1-A,106,1,共同與通識課程,GR,共同必修系列,A423,A,大學部,1,A,服務學習培養(應用化學系A),0,必,8,8,,0,王美玲,,X,,,,,,,"[{""day"": 1, ""dayName"": ""星期一"", ""periods"": [""X""], ""raw"": ""X""}]",限修,限應化系並請於開學一週內上班時間0900~1630時至該服務單位報到即可‧,https://course.nuk.edu.tw/QueryCourse/tcontent.asp?OpenYear=106&Helf=1&Sclass=GR&Cono=A423,2026-08-26T18:17:54+00:00
106-1-GR-A433-A-1-A,106,1,共同與通識課程,GR,共同必修系列,A433,A,大學部,1,A,服務學習培養(應用物理學系A),0,必,15,14,,1,王美玲,,X,,,,,,,"[{""day"": 1, ""dayName"": ""星期一"", ""periods"": [""X""], ""raw"": ""X""}]",限修,限應物系並請於開學一週內上班時間0900~1630時至該服務單位報到即可‧,https://course.nuk.edu.tw/QueryCourse/tcontent.asp?OpenYear=106&Helf=1&Sclass=GR&Cono=A433,2026-08-26T18:17:54+00:00
106-1-GR-A515-A-1-A,106,1,共同與通識課程,GR,共同必修系列,A515,A,大學部,1,A,服務學習培養(電機工程學系A),0,必,20,20,,0,王美玲,,X,,,,,,,"[{""day"": 1, ""dayName"": ""星期一"", ""periods"": [""X""], ""raw"": ""X""}]",限修,限電機系學生並請於開學一週內上班時間0900~1630時至該服務單位報到即可‧,https://course.nuk.edu.tw/QueryCourse/tcontent.asp?OpenYear=106&Helf=1&Sclass=GR&Cono=A515,2026-08-26T18:17:54+00:00
106-1-GR-A523-A-1-A,106,1,共同與通識課程,GR,共同必修系列,A523,A,大學部,1,A,服務學習培養(土木與環境工程學系A),0,必,5,5,,0,王美玲,,X,,,,,,,"[{""day"": 1, ""dayName"": ""星期一"", ""periods"": [""X""], ""raw"": ""X""}]",限修,限土環系學生並請於開學一週內上班時間0900~1630時至該服務單位報到即可‧,https://course.nuk.edu.tw/QueryCourse/tcontent.asp?OpenYear=106&Helf=1&Sclass=GR&Cono=A523,2026-08-26T18:17:54+00:00
106-1-GR-A553-A-1-A,106,1,共同與通識課程,GR,共同必修系列,A553,A,大學部,1,A,服務學習培養(資訊工程學系A),0,必,30,30,,0,王美玲,,X,,,,,,,"[{""day"": 1, ""dayName"": ""星期一"", ""periods"": [""X""], ""raw"": ""X""}]",,請於開學一週內上班時間0900~1630時至該服務單位報到即可‧,https://course.nuk.edu.tw/QueryCourse/tcontent.asp?OpenYear=106&Helf=1&Sclass=GR&Cono=A553,2026-08-26T18:17:54+00:00
106-1-GR-A563-A-1-A,106,1,共同與通識課程,GR,共同必修系列,A563,A,大學部,1,A,服務學習培養(化學工程及材料工程學系A),0,必,10,10,,0,王美玲,,X,,,,,,,"[{""day"": 1, ""dayName"": ""星期一"", ""periods"": [""X""], ""raw"": ""X""}]",限修,限化材系學生請於開學一週內上班時間0900~1630時至該服務單位報到即可‧,https://course.nuk.edu.tw/QueryCourse/tcontent.asp?OpenYear=106&Helf=1&Sclass=GR&Cono=A563,2026-08-26T18:17:54+00:00
106-1-GR-A613-A-1-A,106,1,共同與通識課程,GR,共同必修系列,A613,A,大學部,1,A,服務學習培養(生命科學系A),0,必,15,15,,0,王美玲,,X,,,,,,,"[{""day"": 1, ""dayName"": ""星期一"", ""periods"": [""X""], ""raw"": ""X""}]",,請於開學一週內上班時間0900~1630時至該服務單位報到即可‧,https://course.nuk.edu.tw/QueryCourse/tcontent.asp?OpenYear=106&Helf=1&Sclass=GR&Cono=A613,2026-08-26T18:17:54+00:00
106-1-GR-A713-A-1-A,106,1,共同與通識課程,GR,共同必修系列,A713,A,大學部,1,A,服務學習培養(亞太工商管理學系A),0,必,20,20,,0,王美玲,,X,,,,,,,"[{""day"": 1, ""dayName"": ""星期一"", ""periods"": [""X""], ""raw"": ""X""}]",限修,限亞太工商管理學系並請於開學一週內上班時間0900~1630時至該服務單位報到即可‧,https://course.nuk.edu.tw/QueryCourse/tcontent.asp?OpenYear=106&Helf=1&Sclass=GR&Cono=A713,2026-08-26T18:17:54+00:00
106-1-GR-A811-A-1-A,106,1,共同與通識課程,GR,共同必修系列,A811,A,大學部,1,A,服務學習培養(EMBA中心A),0,必,10,8,,2,王美玲,,X,,,,,,,"[{""day"": 1, ""dayName"": ""星期一"", ""periods"": [""X""], ""raw"": ""X""}]",,請於開學一週內上班時間0900~1630時至該服務單位報到即可‧,https://course.nuk.edu.tw/QueryCourse/tcontent.asp?OpenYear=106&Helf=1&Sclass=GR&Cono=A811,2026-08-26T18:17:54+00:00
106-1-GR-A99A-A-1-A,106,1,共同與通識課程,GR,共同必修系列,A99A,A,大學部,1,A,適應體育,0,必,6,6,,0,蔡明書,K01-004,,"8,9",,,,,,"[{""day"": 2, ""dayName"": ""星期二"", ""periods"": [""8"", ""9""], ""raw"": ""8,9""}]",外加,上課地點:體適能教室。凡是不能參與一般體育課之大一、二學生，其身心狀況不適者，得經公立醫療院所診斷後並開立證明(90天內之證明)交給老師指定加選,https://course.nuk.edu.tw/QueryCourse/tcontent.asp?OpenYear=106&Helf=1&Sclass=GR&Cono=A99A,2026-08-26T18:17:54+00:00
106-1-GR-F103-A-1-A,106,1,共同與通識課程,GR,共同必修系列,F103,A,大學部,1,A,服務學習培養(秘書室A),0,必,3,3,,0,王美玲,,X,,,,,,,"[{""day"": 1, ""dayName"": ""星期一"", ""periods"": [""X""], ""raw"": ""X""}]",,請於開學一週內上班時間0900~1630時至該服務單位報到即可‧,https://course.nuk.edu.tw/QueryCourse/tcontent.asp?OpenYear=106&Helf=1&Sclass=GR&Cono=F103,2026-08-26T18:17:54+00:00
106-1-GR-F105-A-1-A,106,1,共同與通識課程,GR,共同必修系列,F105,A,大學部,1,A,服務學習培養(副校長室A),0,必,18,12,,6,王美玲,,X,,,,,,,"[{""day"": 1, ""dayName"": ""星期一"", ""periods"": [""X""], ""raw"": ""X""}]",,請於開學一週內上班時間0900~1630時至該服務單位報到即可‧須先接受服務學習訓練講習，服務內容以校園植栽綠美化為主。,https://course.nuk.edu.tw/QueryCourse/tcontent.asp?OpenYear=106&Helf=1&Sclass=GR&Cono=F105,2026-08-26T18:17:54+00:00
106-1-GR-F10A-A-1-A,106,1,共同與通識課程,GR,共同必修系列,F10A,A,大學部,1,A,服務學習培養(秘書室媒體公關組 A),0,必,4,4,,0,王美玲,,X,,,,,,,"[{""day"": 1, ""dayName"": ""星期一"", ""periods"": [""X""], ""raw"": ""X""}]",,請於開學一週內上班時間0900~1630時至該服務單位報到即可‧,https://course.nuk.edu.tw/QueryCourse/tcontent.asp?OpenYear=106&Helf=1&Sclass=GR&Cono=F10A,2026-08-26T18:17:54+00:00
106-1-GR-F113-A-1-A,106,1,共同與通識課程,GR,共同必修系列,F113,A,大學部,1,A,服務學習培養(教務處A),0,必,10,10,,0,王美玲,,X,,,,,,,"[{""day"": 1, ""dayName"": ""星期一"", ""periods"": [""X""], ""raw"": ""X""}]",,請於開學一週內上班時間0900~1630時至該服務單位報到即可‧,https://course.nuk.edu.tw/QueryCourse/tcontent.asp?OpenYear=106&Helf=1&Sclass=GR&Cono=F113,2026-08-26T18:17:54+00:00
106-1-GR-F115-A-1-A,106,1,共同與通識課程,GR,共同必修系列,F115,A,大學部,1,A,服務學習培養(教學發展中心A),0,必,10,10,,0,王美玲,,X,,,,,,,"[{""day"": 1, ""dayName"": ""星期一"", ""periods"": [""X""], ""raw"": ""X""}]",,請於開學一週內上班時間0900~1630時至該服務單位報到即可‧,https://course.nuk.edu.tw/QueryCourse/tcontent.asp?OpenYear=106&Helf=1&Sclass=GR&Cono=F115,2026-08-26T18:17:54+00:00
106-1-GR-F153-A-1-A,106,1,共同與通識課程,GR,共同必修系列,F153,A,大學部,1,A,服務學習培養(體育室A),0,必,30,30,,0,王美玲,,X,,,,,,,"[{""day"": 1, ""dayName"": ""星期一"", ""periods"": [""X""], ""raw"": ""X""}]",,請於開學一週內上班時間0900~1630時至該服務單位報到即可‧,https://course.nuk.edu.tw/QueryCourse/tcontent.asp?OpenYear=106&Helf=1&Sclass=GR&Cono=F153,2026-08-26T18:17:54+00:00
106-1-GR-F15A-A-1-A,106,1,共同與通識課程,GR,共同必修系列,F15A,A,大學部,1,A,服務學習培養(體育室 游泳池健身房A),0,必,30,30,,0,王美玲,,X,,,,,,,"[{""day"": 1, ""dayName"": ""星期一"", ""periods"": [""X""], ""raw"": ""X""}]",,擔任游泳池救生員必須有體育署認可之救生員證並請於開學一週內上班時間0900~1630時至該服務單位報到即可‧,https://course.nuk.edu.tw/QueryCourse/tcontent.asp?OpenYear=106&Helf=1&Sclass=GR&Cono=F15A,2026-08-26T18:17:54+00:00
106-1-GR-F15C-A-1-A,106,1,共同與通識課程,GR,共同必修系列,F15C,A,大學部,1,A,服務學習培養(體育室 器材室A),0,必,25,25,,0,王美玲,,X,,,,,,,"[{""day"": 1, ""dayName"": ""星期一"", ""periods"": [""X""], ""raw"": ""X""}]",,請於開學一週內上班時間0900~1630時至該服務單位報到即可‧,https://course.nuk.edu.tw/QueryCourse/tcontent.asp?OpenYear=106&Helf=1&Sclass=GR&Cono=F15C,2026-08-26T18:17:54+00:00
106-1-GR-F163-A-1-A,106,1,共同與通識課程,GR,共同必修系列,F163,A,大學部,1,A,服務學習培養(語文中心A),0,必,10,9,,1,王美玲,,X,,,,,,,"[{""day"": 1, ""dayName"": ""星期一"", ""periods"": [""X""], ""raw"": ""X""}]",,請於開學一週內上班時間0900~1630時至該服務單位報到即可‧,https://course.nuk.edu.tw/QueryCourse/tcontent.asp?OpenYear=106&Helf=1&Sclass=GR&Cono=F163,2026-08-26T18:17:54+00:00
106-1-GR-F173-A-1-A,106,1,共同與通識課程,GR,共同必修系列,F173,A,大學部,1,A,服務學習培養(推教中心A),0,必,10,7,,3,王美玲,,X,,,,,,,"[{""day"": 1, ""dayName"": ""星期一"", ""periods"": [""X""], ""raw"": ""X""}]",,請於開學一週內上班時間0900~1630時至該服務單位報到即可‧,https://course.nuk.edu.tw/QueryCourse/tcontent.asp?OpenYear=106&Helf=1&Sclass=GR&Cono=F173,2026-08-26T18:17:54+00:00
106-1-GR-F183-A-1-A,106,1,共同與通識課程,GR,共同必修系列,F183,A,大學部,1,A,服務學習培養(通識中心A),0,必,8,8,,0,王美玲,,X,,,,,,,"[{""day"": 1, ""dayName"": ""星期一"", ""periods"": [""X""], ""raw"": ""X""}]",,請於開學一週內上班時間0900~1630時至該服務單位報到即可‧,https://course.nuk.edu.tw/QueryCourse/tcontent.asp?OpenYear=106&Helf=1&Sclass=GR&Cono=F183,2026-08-26T18:17:54+00:00
106-1-GR-F193-A-1-A,106,1,共同與通識課程,GR,共同必修系列,F193,A,大學部,1,A,服務學習培養(研發處A),0,必,5,1,,4,王美玲,,X,,,,,,,"[{""day"": 1, ""dayName"": ""星期一"", ""periods"": [""X""], ""raw"": ""X""}]",,請於開學一週內上班時間0900~1630時至該服務單位報到即可‧,https://course.nuk.edu.tw/QueryCourse/tcontent.asp?OpenYear=106&Helf=1&Sclass=GR&Cono=F193,2026-08-26T18:17:54+00:00
106-1-GR-F201-A-1-A,106,1,共同與通識課程,GR,共同必修系列,F201,A,大學部,1,A,服務學習培養(環安中心 環境保護A),0,必,30,8,,22,王美玲,,X,,,,,,,"[{""day"": 1, ""dayName"": ""星期一"", ""periods"": [""X""], ""raw"": ""X""}]",,1.對環境生態有興趣者 2.服務時請勿穿著裙裝、短褲、拖鞋或涼鞋並請於開學一週內上班時間0900~1630時至該服務單位報到即可‧,https://course.nuk.edu.tw/QueryCourse/tcontent.asp?OpenYear=106&Helf=1&Sclass=GR&Cono=F201,2026-08-26T18:17:54+00:00
106-1-GR-F203-A-1-A,106,1,共同與通識課程,GR,共同必修系列,F203,A,大學部,1,A,服務學習培養(環安中心 環境安全A),0,必,10,4,,6,王美玲,,X,,,,,,,"[{""day"": 1, ""dayName"": ""星期一"", ""periods"": [""X""], ""raw"": ""X""}]",,請於開學一週內上班時間0900~1630時至該服務單位報到即可‧,https://course.nuk.edu.tw/QueryCourse/tcontent.asp?OpenYear=106&Helf=1&Sclass=GR&Cono=F203,2026-08-26T18:17:54+00:00
106-1-GR-F223-A-1-A,106,1,共同與通識課程,GR,共同必修系列,F223,A,大學部,1,A,服務學習培養(工學院A),0,必,30,29,,1,王美玲,,X,,,,,,,"[{""day"": 1, ""dayName"": ""星期一"", ""periods"": [""X""], ""raw"": ""X""}]",限修,限工學院所屬系所學生並請於開學一週內上班時間0900~1630時至該服務單位報到即可‧,https://course.nuk.edu.tw/QueryCourse/tcontent.asp?OpenYear=106&Helf=1&Sclass=GR&Cono=F223,2026-08-26T18:17:54+00:00
106-1-GR-F233-A-1-A,106,1,共同與通識課程,GR,共同必修系列,F233,A,大學部,1,A,服務學習培養(法學院A),0,必,20,19,,1,王美玲,,X,,,,,,,"[{""day"": 1, ""dayName"": ""星期一"", ""periods"": [""X""], ""raw"": ""X""}]",,請於開學一週內上班時間0900~1630時至該服務單位報到即可‧,https://course.nuk.edu.tw/QueryCourse/tcontent.asp?OpenYear=106&Helf=1&Sclass=GR&Cono=F233,2026-08-26T18:17:54+00:00
106-1-GR-F243-A-1-A,106,1,共同與通識課程,GR,共同必修系列,F243,A,大學部,1,A,服務學習培養(管理學院A),0,必,35,31,,4,王美玲,,X,,,,,,,"[{""day"": 1, ""dayName"": ""星期一"", ""periods"": [""X""], ""raw"": ""X""}]",,請於開學一週內上班時間0900~1630時至該服務單位報到即可‧,https://course.nuk.edu.tw/QueryCourse/tcontent.asp?OpenYear=106&Helf=1&Sclass=GR&Cono=F243,2026-08-26T18:17:54+00:00
106-1-GR-F253-A-1-A,106,1,共同與通識課程,GR,共同必修系列,F253,A,大學部,1,A,服務學習培養(理學院A),0,必,30,30,,0,王美玲,,X,,,,,,,"[{""day"": 1, ""dayName"": ""星期一"", ""periods"": [""X""], ""raw"": ""X""}]",,理學院優先並請於開學一週內上班時間0900~1630時至該服務單位報到即可‧,https://course.nuk.edu.tw/QueryCourse/tcontent.asp?OpenYear=106&Helf=1&Sclass=GR&Cono=F253,2026-08-26T18:17:54+00:00
106-1-GR-F263-A-1-A,106,1,共同與通識課程,GR,共同必修系列,F263,A,大學部,1,A,服務學習培養(人文社科院A),0,必,30,29,,1,王美玲,,X,,,,,,,"[{""day"": 1, ""dayName"": ""星期一"", ""periods"": [""X""], ""raw"": ""X""}]",,人文社會科學院所屬系所學生優先並請於開學一週內上班時間0900~1630時至該服務單位報到即可‧,https://course.nuk.edu.tw/QueryCourse/tcontent.asp?OpenYear=106&Helf=1&Sclass=GR&Cono=F263,2026-08-26T18:17:54+00:00
106-1-GR-F27A-A-1-A,106,1,共同與通識課程,GR,共同必修系列,F27A,A,大學部,1,A,服務學習培養(國際事務處 招生及推廣組 A),0,必,3,3,,0,王美玲,,X,,,,,,,"[{""day"": 1, ""dayName"": ""星期一"", ""periods"": [""X""], ""raw"": ""X""}]",,請於開學一週內上班時間0900~1630時至該服務單位報到即可‧,https://course.nuk.edu.tw/QueryCourse/tcontent.asp?OpenYear=106&Helf=1&Sclass=GR&Cono=F27A,2026-08-26T18:17:54+00:00
106-1-GR-F27C-A-1-A,106,1,共同與通識課程,GR,共同必修系列,F27C,A,大學部,1,A,服務學習培養(國際事務處 國際交流組 A),0,必,3,3,,0,王美玲,,X,,,,,,,"[{""day"": 1, ""dayName"": ""星期一"", ""periods"": [""X""], ""raw"": ""X""}]",,請於開學一週內上班時間0900~1630時至該服務單位報到即可‧,https://course.nuk.edu.tw/QueryCourse/tcontent.asp?OpenYear=106&Helf=1&Sclass=GR&Cono=F27C,2026-08-26T18:17:54+00:00
106-1-GR-F27E-A-1-A,106,1,共同與通識課程,GR,共同必修系列,F27E,A,大學部,1,A,服務學習培養(國際事務處 國際學生事務組 A),0,必,10,10,,0,王美玲,,X,,,,,,,"[{""day"": 1, ""dayName"": ""星期一"", ""periods"": [""X""], ""raw"": ""X""}]",,請於開學一週內上班時間0900~1630時至該服務單位報到即可‧,https://course.nuk.edu.tw/QueryCourse/tcontent.asp?OpenYear=106&Helf=1&Sclass=GR&Cono=F27E,2026-08-26T18:17:54+00:00
106-1-GR-F293-A-1-A,106,1,共同與通識課程,GR,共同必修系列,F293,A,大學部,1,A,服務學習培養(創新育成中心A),0,必,10,5,,5,王美玲,,X,,,,,,,"[{""day"": 1, ""dayName"": ""星期一"", ""periods"": [""X""], ""raw"": ""X""}]",,請於開學一週內上班時間0900~1630時至該服務單位報到即可‧,https://course.nuk.edu.tw/QueryCourse/tcontent.asp?OpenYear=106&Helf=1&Sclass=GR&Cono=F293,2026-08-26T18:17:54+00:00
106-1-GR-F301-A-1-A,106,1,共同與通識課程,GR,共同必修系列,F301,A,大學部,1,A,服務學習培養(學生事務處 A),0,必,2,1,,1,王美玲,,X,,,,,,,"[{""day"": 1, ""dayName"": ""星期一"", ""periods"": [""X""], ""raw"": ""X""}]",,請於開學一週內上班時間0900~1630時至該服務單位報到即可‧,https://course.nuk.edu.tw/QueryCourse/tcontent.asp?OpenYear=106&Helf=1&Sclass=GR&Cono=F301,2026-08-26T18:17:54+00:00
106-1-GR-F30A-A-1-A,106,1,共同與通識課程,GR,共同必修系列,F30A,A,大學部,1,A,服務學習培養(學務處 課外組 A),0,必,40,8,,32,王美玲,,X,,,,,,,"[{""day"": 1, ""dayName"": ""星期一"", ""periods"": [""X""], ""raw"": ""X""}]",,請於開學一週內上班時間0900~1630時至該服務單位報到即可‧,https://course.nuk.edu.tw/QueryCourse/tcontent.asp?OpenYear=106&Helf=1&Sclass=GR&Cono=F30A,2026-08-26T18:17:54+00:00
106-1-GR-F30C-A-1-A,106,1,共同與通識課程,GR,共同必修系列,F30C,A,大學部,1,A,服務學習培養(學務處 生輔組 A),0,必,10,8,,2,王美玲,,X,,,,,,,"[{""day"": 1, ""dayName"": ""星期一"", ""periods"": [""X""], ""raw"": ""X""}]",,請於開學一週內上班時間0900~1630時至該服務單位報到即可‧,https://course.nuk.edu.tw/QueryCourse/tcontent.asp?OpenYear=106&Helf=1&Sclass=GR&Cono=F30C,2026-08-26T18:17:54+00:00
106-1-GR-F30I-A-1-A,106,1,共同與通識課程,GR,共同必修系列,F30I,A,大學部,1,A,服務學習培養(學務處 畢輔組 A),0,必,15,2,,13,王美玲,,X,,,,,,,"[{""day"": 1, ""dayName"": ""星期一"", ""periods"": [""X""], ""raw"": ""X""}]",,請於開學一週內上班時間0900~1630時至該服務單位報到即可‧,https://course.nuk.edu.tw/QueryCourse/tcontent.asp?OpenYear=106&Helf=1&Sclass=GR&Cono=F30I,2026-08-26T18:17:54+00:00
106-1-GR-F30K-A-1-A,106,1,共同與通識課程,GR,共同必修系列,F30K,A,大學部,1,A,服務學習培養(學務處 健康中心 A),0,必,2,2,,0,王美玲,,X,,,,,,,"[{""day"": 1, ""dayName"": ""星期一"", ""periods"": [""X""], ""raw"": ""X""}]",,請於開學一週內上班時間0900~1630時至該服務單位報到即可‧,https://course.nuk.edu.tw/QueryCourse/tcontent.asp?OpenYear=106&Helf=1&Sclass=GR&Cono=F30K,2026-08-26T18:17:54+00:00
106-1-GR-F31A-A-1-A,106,1,共同與通識課程,GR,共同必修系列,F31A,A,大學部,1,A,服務學習培養(總務處 文書組 A),0,必,30,30,,0,王美玲,,X,,,,,,,"[{""day"": 1, ""dayName"": ""星期一"", ""periods"": [""X""], ""raw"": ""X""}]",,請於開學一週內上班時間0900~1630時至該服務單位報到即可‧,https://course.nuk.edu.tw/QueryCourse/tcontent.asp?OpenYear=106&Helf=1&Sclass=GR&Cono=F31A,2026-08-26T18:17:54+00:00
106-1-GR-F31E-A-1-A,106,1,共同與通識課程,GR,共同必修系列,F31E,A,大學部,1,A,服務學習培養(總務處 事務組 A),0,必,22,14,,8,王美玲,,X,,,,,,,"[{""day"": 1, ""dayName"": ""星期一"", ""periods"": [""X""], ""raw"": ""X""}]",,請於開學一週內上班時間0900~1630時至該服務單位報到即可‧,https://course.nuk.edu.tw/QueryCourse/tcontent.asp?OpenYear=106&Helf=1&Sclass=GR&Cono=F31E,2026-08-26T18:17:54+00:00
106-1-GR-F31G-A-1-A,106,1,共同與通識課程,GR,共同必修系列,F31G,A,大學部,1,A,服務學習培養(總務處 出納組 A),0,必,2,2,,0,王美玲,,X,,,,,,,"[{""day"": 1, ""dayName"": ""星期一"", ""periods"": [""X""], ""raw"": ""X""}]",,請於開學一週內上班時間0900~1630時至該服務單位報到即可‧,https://course.nuk.edu.tw/QueryCourse/tcontent.asp?OpenYear=106&Helf=1&Sclass=GR&Cono=F31G,2026-08-26T18:17:54+00:00
106-1-GR-F321-A-1-A,106,1,共同與通識課程,GR,共同必修系列,F321,A,大學部,1,A,服務學習培養(圖書資訊館 A),0,必,40,37,,3,王美玲,,X,,,,,,,"[{""day"": 1, ""dayName"": ""星期一"", ""periods"": [""X""], ""raw"": ""X""}]",,請於開學一週內上班時間0900~1630時至該服務單位報到即可‧,https://course.nuk.edu.tw/QueryCourse/tcontent.asp?OpenYear=106&Helf=1&Sclass=GR&Cono=F321,2026-08-26T18:17:54+00:00
106-1-GR-F32A-A-1-A,106,1,共同與通識課程,GR,共同必修系列,F32A,A,大學部,1,A,服務學習培養(圖書資訊館 典藏閱覽組 A),0,必,30,30,,0,王美玲,,X,,,,,,,"[{""day"": 1, ""dayName"": ""星期一"", ""periods"": [""X""], ""raw"": ""X""}]",,請於開學一週內上班時間0900~1630時至該服務單位報到即可‧,https://course.nuk.edu.tw/QueryCourse/tcontent.asp?OpenYear=106&Helf=1&Sclass=GR&Cono=F32A,2026-08-26T18:17:54+00:00
106-1-GR-F32C-A-1-A,106,1,共同與通識課程,GR,共同必修系列,F32C,A,大學部,1,A,服務學習培養(圖書資訊館 行政服務組 A),0,必,20,20,,0,王美玲,,X,,,,,,,"[{""day"": 1, ""dayName"": ""星期一"", ""periods"": [""X""], ""raw"": ""X""}]",,請於開學一週內上班時間0900~1630時至該服務單位報到即可‧,https://course.nuk.edu.tw/QueryCourse/tcontent.asp?OpenYear=106&Helf=1&Sclass=GR&Cono=F32C,2026-08-26T18:17:54+00:00
106-1-GR-F331-A-1-A,106,1,共同與通識課程,GR,共同必修系列,F331,A,大學部,1,A,服務學習培養(人事室 A),0,必,10,6,,4,王美玲,,X,,,,,,,"[{""day"": 1, ""dayName"": ""星期一"", ""periods"": [""X""], ""raw"": ""X""}]",,請於開學一週內上班時間0900~1630時至該服務單位報到即可‧,https://course.nuk.edu.tw/QueryCourse/tcontent.asp?OpenYear=106&Helf=1&Sclass=GR&Cono=F331,2026-08-26T18:17:54+00:00
106-1-GR-F333-A-1-A,106,1,共同與通識課程,GR,共同必修系列,F333,A,大學部,1,A,服務學習培養(主計室 A),0,必,3,3,,0,王美玲,,X,,,,,,,"[{""day"": 1, ""dayName"": ""星期一"", ""periods"": [""X""], ""raw"": ""X""}]",,請於開學一週內上班時間0900~1630時至該服務單位報到即可‧,https://course.nuk.edu.tw/QueryCourse/tcontent.asp?OpenYear=106&Helf=1&Sclass=GR&Cono=F333,2026-08-26T18:17:54+00:00
106-1-GR-F341-A-1-A,106,1,共同與通識課程,GR,共同必修系列,F341,A,大學部,1,A,服務學習培養(學生綜合宿舍 A),0,必,25,22,,3,王美玲,,X,,,,,,,"[{""day"": 1, ""dayName"": ""星期一"", ""periods"": [""X""], ""raw"": ""X""}]",,限住綜宿同學選修並於開學第一週周五前至學二宿舍辦公室報到,https://course.nuk.edu.tw/QueryCourse/tcontent.asp?OpenYear=106&Helf=1&Sclass=GR&Cono=F341,2026-08-26T18:17:54+00:00
106-1-GR-F34A-A-1-A,106,1,共同與通識課程,GR,共同必修系列,F34A,A,大學部,1,A,服務學習培養(學生第一宿舍男棟 A),0,必,20,19,,1,王美玲,,X,,,,,,,"[{""day"": 1, ""dayName"": ""星期一"", ""periods"": [""X""], ""raw"": ""X""}]",,限住該棟男同學選修並於開學第一週周五前至學二宿舍辦公室報到,https://course.nuk.edu.tw/QueryCourse/tcontent.asp?OpenYear=106&Helf=1&Sclass=GR&Cono=F34A,2026-08-26T18:17:54+00:00
106-1-GR-F34C-A-1-A,106,1,共同與通識課程,GR,共同必修系列,F34C,A,大學部,1,A,服務學習培養(學生第一宿舍女棟 A),0,必,20,19,,1,王美玲,,X,,,,,,,"[{""day"": 1, ""dayName"": ""星期一"", ""periods"": [""X""], ""raw"": ""X""}]",,限住該棟女同學選修並於開學第一週周五前至學二宿舍辦公室報到,https://course.nuk.edu.tw/QueryCourse/tcontent.asp?OpenYear=106&Helf=1&Sclass=GR&Cono=F34C,2026-08-26T18:17:54+00:00
106-1-GR-F34E-A-1-A,106,1,共同與通識課程,GR,共同必修系列,F34E,A,大學部,1,A,服務學習培養(學生第二宿舍男棟 A),0,必,20,19,,1,王美玲,,X,,,,,,,"[{""day"": 1, ""dayName"": ""星期一"", ""periods"": [""X""], ""raw"": ""X""}]",,限住該棟男同學選修並於開學第一週周五前至學二宿舍辦公室報到,https://course.nuk.edu.tw/QueryCourse/tcontent.asp?OpenYear=106&Helf=1&Sclass=GR&Cono=F34E,2026-08-26T18:17:54+00:00
106-1-GR-F34G-A-1-A,106,1,共同與通識課程,GR,共同必修系列,F34G,A,大學部,1,A,服務學習培養(學生第二宿舍女棟 A),0,必,20,20,,0,王美玲,,X,,,,,,,"[{""day"": 1, ""dayName"": ""星期一"", ""periods"": [""X""], ""raw"": ""X""}]",,限住該棟女同學選修並於開學第一週周五前至學二宿舍辦公室報到,https://course.nuk.edu.tw/QueryCourse/tcontent.asp?OpenYear=106&Helf=1&Sclass=GR&Cono=F34G,2026-08-26T18:17:54+00:00
106-1-GR-F401-A-1-A,106,1,共同與通識課程,GR,共同必修系列,F401,A,大學部,1,A,服務學習培養(應化系科普服務活動-服務A),0,必,22,19,,3,鄭秀英,,X,,,,,,,"[{""day"": 1, ""dayName"": ""星期一"", ""periods"": [""X""], ""raw"": ""X""}]",,1.本課程為應用化學系服務課程，請有意願修本課同學一定要配合應化系服務時間，同學若無意願且無法配合時間者，請勿（不要）修本課程。 2.服務時間請聯絡應化系鄭秀英老師，請在上班時間撥打07-5919459。 3.課程時間要上滿18小時，並且於期未時填期中、期未反思表，未做滿18小時及未填反思表者不計分。,https://course.nuk.edu.tw/QueryCourse/tcontent.asp?OpenYear=106&Helf=1&Sclass=GR&Cono=F401,2026-08-26T18:17:54+00:00
106-1-GR-F407-A-1-A,106,1,共同與通識課程,GR,共同必修系列,F407,A,大學部,1,A,服務學習培養(寵物研究社-服務A),0,必,23,23,,0,柯秀欣,,X,,,,,,,"[{""day"": 1, ""dayName"": ""星期一"", ""periods"": [""X""], ""raw"": ""X""}]",外加,1.本課程為校內社團課程及校外服務，請有意願修本課同學一定要配合社團社課時間，同學若無意願且無法配合時間者，請勿（不要）修本課程。 2.2.社課時間請聯絡社長林同學、劉同學，請在17點至20點間撥打0911-769073，0905-283804。 3.課程時間要上滿18小時，並且於期未時填期中、期未反思表，未做滿18小時及未填反思表者不計分。,https://course.nuk.edu.tw/QueryCourse/tcontent.asp?OpenYear=106&Helf=1&Sclass=GR&Cono=F407,2026-08-26T18:17:54+00:00
106-1-GR-F409-A-1-A,106,1,共同與通識課程,GR,共同必修系列,F409,A,大學部,1,A,服務學習培養(中友會-服務A),0,必,20,20,,0,柯秀欣,,X,,,,,,,"[{""day"": 1, ""dayName"": ""星期一"", ""periods"": [""X""], ""raw"": ""X""}]",外加,1.本課程為校內社團課程及校外服務，請有意願修本課同學一定要配合社團社課時間，同學若無意願且無法配合時間者，請勿（不要）修本課程。 2.2.社課時間請聯絡社長郭同學，請在17點至20點間撥打0976-633858。 3.課程時間要上滿18小時，並且於期未時填期中、期未反思表，未做滿18小時及未填反思表者不計分。,https://course.nuk.edu.tw/QueryCourse/tcontent.asp?OpenYear=106&Helf=1&Sclass=GR&Cono=F409,2026-08-26T18:17:54+00:00
106-1-GR-F40C-A-1-A,106,1,共同與通識課程,GR,共同必修系列,F40C,A,大學部,1,A,服務學習培養(希望種籽社-服務A),0,必,19,19,,0,柯秀欣,,X,,,,,,,"[{""day"": 1, ""dayName"": ""星期一"", ""periods"": [""X""], ""raw"": ""X""}]",外加,1.本課程為校內社團課程及校外服務，請有意願修本課同學一定要配合社團社課時間，同學若無意願且無法配合時間者，請勿（不要）修本課程。 2.社課時間請聯絡社長梁同學，請在17點至20點間撥打0922-160959。 3.課程時間要上滿18小時，並且於期未時填期中、期未反思表，未做滿18小時及未填反思表者不計分。,https://course.nuk.edu.tw/QueryCourse/tcontent.asp?OpenYear=106&Helf=1&Sclass=GR&Cono=F40C,2026-08-26T18:17:54+00:00
106-1-GR-F40E-A-1-A,106,1,共同與通識課程,GR,共同必修系列,F40E,A,大學部,1,A,服務學習培養(志願服務團-服務A),0,必,22,22,,0,柯秀欣,,X,,,,,,,"[{""day"": 1, ""dayName"": ""星期一"", ""periods"": [""X""], ""raw"": ""X""}]",外加,1.本課程為校內社團課程及校外服務，請有意願修本課同學一定要配合社團社課時間，同學若無意願且無法配合時間者，請勿（不要）修本課程。 2.2.社課時間請聯絡社長林同學，請在17點至20點間撥打0983-511138。 3.課程時間要上滿18小時，並且於期未時填期中、期未反思表，未做滿18小時及未填反思表者不計分。,https://course.nuk.edu.tw/QueryCourse/tcontent.asp?OpenYear=106&Helf=1&Sclass=GR&Cono=F40E,2026-08-26T18:17:54+00:00
106-1-GR-F40I-A-1-A,106,1,共同與通識課程,GR,共同必修系列,F40I,A,大學部,1,A,服務學習培養(跆拳道社-服務A),0,必,10,10,,0,柯秀欣,,X,,,,,,,"[{""day"": 1, ""dayName"": ""星期一"", ""periods"": [""X""], ""raw"": ""X""}]",,1.本課程為校內社團課程及校外服務，請有意願修本課同學一定要配合社團社課時間，同學若無意願且無法配合時間者，請勿（不要）修本課程。 2.2.社課時間請聯絡社長梁同學，請在17點至20點間撥打0968-629370。 3.課程時間要上滿18小時，並且於期未時填期中、期未反思表，未做滿18小時及未填反思表者不計分。,https://course.nuk.edu.tw/QueryCourse/tcontent.asp?OpenYear=106&Helf=1&Sclass=GR&Cono=F40I,2026-08-26T18:17:54+00:00
106-1-GR-F40U-A-1-A,106,1,共同與通識課程,GR,共同必修系列,F40U,A,大學部,1,A,服務學習培養(春暉社-服務A),0,必,13,13,,0,柯秀欣,,X,,,,,,,"[{""day"": 1, ""dayName"": ""星期一"", ""periods"": [""X""], ""raw"": ""X""}]",限修,1.本課程為校內社團課程及校外服務，請有意願修本課同學一定要配合社團社課時間，同學若無意願且無法配合時間者，請勿（不要）修本課程。 2.2.社課時間請聯絡社長蔡同學，請在17點至20點間撥打0905-070967。 3.課程時間要上滿18小時，並且於期未時填期中、期未反思表，未做滿18小時及未填反思表者不計分。,https://course.nuk.edu.tw/QueryCourse/tcontent.asp?OpenYear=106&Helf=1&Sclass=GR&Cono=F40U,2026-08-26T18:17:54+00:00
106-1-GR-F40W-A-1-A,106,1,共同與通識課程,GR,共同必修系列,F40W,A,大學部,1,A,服務學習培養(書法社-服務A),0,必,12,11,,1,柯秀欣,,X,,,,,,,"[{""day"": 1, ""dayName"": ""星期一"", ""periods"": [""X""], ""raw"": ""X""}]",外加,1.本課程為校內社團課程及校外服務，請有意願修本課同學一定要配合社團社課時間，同學若無意願且無法配合時間者，請勿（不要）修本課程。 2.2.社課時間請聯絡社長鄭同學，請在17點至20點間撥打0912-783125。 3.課程時間要上滿18小時，並且於期未時填期中、期未反思表，未做滿18小時及未填反思表者不計分。,https://course.nuk.edu.tw/QueryCourse/tcontent.asp?OpenYear=106&Helf=1&Sclass=GR&Cono=F40W,2026-08-26T18:17:54+00:00
106-1-GR-S11A-A-1-A,106,1,共同與通識課程,GR,共同必修系列,S11A,A,大學部,1,A,體育(一)-西語系,0,必,55,44,,11,宋洪經,,,,,,"3,4",,,"[{""day"": 5, ""dayName"": ""星期五"", ""periods"": [""3"", ""4""], ""raw"": ""3,4""}]",禁止外加 限修及外加,桌球場/大三、四重補修請於第三階段至通識中心加選。,https://course.nuk.edu.tw/QueryCourse/tcontent.asp?OpenYear=106&Helf=1&Sclass=GR&Cono=S11A,2026-08-26T18:17:54+00:00
106-1-GR-S12A-A-1-A,106,1,共同與通識課程,GR,共同必修系列,S12A,A,大學部,1,A,體育(一)-運健休系,0,必,60,57,,3,施長和,,,"3,4",,,,,,"[{""day"": 2, ""dayName"": ""星期二"", ""periods"": [""3"", ""4""], ""raw"": ""3,4""}]",禁止外加 限修及外加,籃球場/大三、四重補修請於第三階段至通識中心加選。,https://course.nuk.edu.tw/QueryCourse/tcontent.asp?OpenYear=106&Helf=1&Sclass=GR&Cono=S12A,2026-08-26T18:17:54+00:00
106-1-GR-S16A-A-1-A,106,1,共同與通識課程,GR,共同必修系列,S16A,A,大學部,1,A,體育(一)-創建系,0,必,56,50,,6,蔡義川,,,,"3,4",,,,,"[{""day"": 3, ""dayName"": ""星期三"", ""periods"": [""3"", ""4""], ""raw"": ""3,4""}]",禁止外加 限修及外加,羽球場/大三、四重補修請於第三階段至通識中心加選。,https://course.nuk.edu.tw/QueryCourse/tcontent.asp?OpenYear=106&Helf=1&Sclass=GR&Cono=S16A,2026-08-26T18:17:54+00:00
106-1-GR-S17A-A-1-A,106,1,共同與通識課程,GR,共同必修系列,S17A,A,大學部,1,A,體育(一)-東語系,0,必,56,49,,7,王士仁,,,"1,2",,,,,,"[{""day"": 2, ""dayName"": ""星期二"", ""periods"": [""1"", ""2""], ""raw"": ""1,2""}]",禁止外加 限修及外加,桌球場/大三、四重補修請於第三階段至通識中心加選。,https://course.nuk.edu.tw/QueryCourse/tcontent.asp?OpenYear=106&Helf=1&Sclass=GR&Cono=S17A,2026-08-26T18:17:54+00:00
106-1-GR-S18A-A-1-A,106,1,共同與通識課程,GR,共同必修系列,S18A,A,大學部,1,A,體育(一)-運技系,0,必,55,46,,9,馮潤賓,,,,"3,4",,,,,"[{""day"": 3, ""dayName"": ""星期三"", ""periods"": [""3"", ""4""], ""raw"": ""3,4""}]",禁止外加 限修,桌球場/大三、四重補修請於第三階段至通識中心加選。,https://course.nuk.edu.tw/QueryCourse/tcontent.asp?OpenYear=106&Helf=1&Sclass=GR&Cono=S18A,2026-08-26T18:17:54+00:00
106-1-GR-S21A-A-1-A,106,1,共同與通識課程,GR,共同必修系列,S21A,A,大學部,1,A,體育(一)-法律系,0,必,55,52,,3,施長和,,,"1,2",,,,,,"[{""day"": 2, ""dayName"": ""星期二"", ""periods"": [""1"", ""2""], ""raw"": ""1,2""}]",禁止外加 限修,籃球場/大三、四重補修請於第三階段至通識中心加選。,https://course.nuk.edu.tw/QueryCourse/tcontent.asp?OpenYear=106&Helf=1&Sclass=GR&Cono=S21A,2026-08-26T18:17:54+00:00
106-1-GR-S22A-A-1-A,106,1,共同與通識課程,GR,共同必修系列,S22A,A,大學部,1,A,體育(一)-政法系,0,必,57,49,,8,林文俊,,,,,,"3,4",,,"[{""day"": 5, ""dayName"": ""星期五"", ""periods"": [""3"", ""4""], ""raw"": ""3,4""}]",禁止外加 限修及外加,籃球場/大三、四重補修請於第三階段至通識中心加選。,https://course.nuk.edu.tw/QueryCourse/tcontent.asp?OpenYear=106&Helf=1&Sclass=GR&Cono=S22A,2026-08-26T18:17:54+00:00
106-1-GR-S23A-A-1-A,106,1,共同與通識課程,GR,共同必修系列,S23A,A,大學部,1,A,體育(一)-財法系,0,必,58,44,,14,高群超,,,"6,7",,,,,,"[{""day"": 2, ""dayName"": ""星期二"", ""periods"": [""6"", ""7""], ""raw"": ""6,7""}]",禁止外加 限修及外加,羽球場/大三、四重補修請於第三階段至通識中心加選。,https://course.nuk.edu.tw/QueryCourse/tcontent.asp?OpenYear=106&Helf=1&Sclass=GR&Cono=S23A,2026-08-26T18:17:54+00:00
106-1-GR-S31A-A-1-A,106,1,共同與通識課程,GR,共同必修系列,S31A,A,大學部,1,A,體育(一)-應經系,0,必,56,54,,2,蔡春福,,,,,,"3,4",,,"[{""day"": 5, ""dayName"": ""星期五"", ""periods"": [""3"", ""4""], ""raw"": ""3,4""}]",禁止外加 限修及外加,排球場/大三、四重補修請於第三階段至通識中心加選。,https://course.nuk.edu.tw/QueryCourse/tcontent.asp?OpenYear=106&Helf=1&Sclass=GR&Cono=S31A,2026-08-26T18:17:54+00:00
106-1-GR-S32A-A-1-A,106,1,共同與通識課程,GR,共同必修系列,S32A,A,大學部,1,A,體育(一)-金管系,0,必,56,46,,10,薛福財,,,,,,"5,6",,,"[{""day"": 5, ""dayName"": ""星期五"", ""periods"": [""5"", ""6""], ""raw"": ""5,6""}]",禁止外加 限修及外加,籃球場/大三、四重補修請於第三階段至通識中心加選。,https://course.nuk.edu.tw/QueryCourse/tcontent.asp?OpenYear=106&Helf=1&Sclass=GR&Cono=S32A,2026-08-26T18:17:54+00:00
106-1-GR-S33A-A-1-A,106,1,共同與通識課程,GR,共同必修系列,S33A,A,大學部,1,A,體育(一)-資管系,0,必,56,44,,12,馮潤賓,,"3,4",,,,,,,"[{""day"": 1, ""dayName"": ""星期一"", ""periods"": [""3"", ""4""], ""raw"": ""3,4""}]",禁止外加 限修及外加,排球場/大三、四重補修請於第三階段至通識中心加選。,https://course.nuk.edu.tw/QueryCourse/tcontent.asp?OpenYear=106&Helf=1&Sclass=GR&Cono=S33A,2026-08-26T18:17:54+00:00
106-1-GR-S41A-A-1-A,106,1,共同與通識課程,GR,共同必修系列,S41A,A,大學部,1,A,體育(一)-應數系,0,必,58,51,,7,蔡文星,,,,,,"7,8",,,"[{""day"": 5, ""dayName"": ""星期五"", ""periods"": [""7"", ""8""], ""raw"": ""7,8""}]",禁止外加 限修及外加,網球場/大三、四重補修請於第三階段至通識中心加選。,https://course.nuk.edu.tw/QueryCourse/tcontent.asp?OpenYear=106&Helf=1&Sclass=GR&Cono=S41A,2026-08-26T18:17:54+00:00
106-1-GR-S42A-A-1-A,106,1,共同與通識課程,GR,共同必修系列,S42A,A,大學部,1,A,體育(一)-應化系,0,必,55,39,,16,蔡文星,,,,,,"5,6",,,"[{""day"": 5, ""dayName"": ""星期五"", ""periods"": [""5"", ""6""], ""raw"": ""5,6""}]",限修,網球場/大三、四重補修請於第三階段至通識中心加選。,https://course.nuk.edu.tw/QueryCourse/tcontent.asp?OpenYear=106&Helf=1&Sclass=GR&Cono=S42A,2026-08-26T18:17:54+00:00
106-1-GR-S43A-A-1-A,106,1,共同與通識課程,GR,共同必修系列,S43A,A,大學部,1,A,體育(一)-應物系,0,必,55,49,,6,蔡春福,,"3,4",,,,,,,"[{""day"": 1, ""dayName"": ""星期一"", ""periods"": [""3"", ""4""], ""raw"": ""3,4""}]",禁止外加 限修,羽球場/大三、四重補修請於第三階段至通識中心加選。,https://course.nuk.edu.tw/QueryCourse/tcontent.asp?OpenYear=106&Helf=1&Sclass=GR&Cono=S43A,2026-08-26T18:17:54+00:00
106-1-GR-S51A-A-1-A,106,1,共同與通識課程,GR,共同必修系列,S51A,A,大學部,1,A,體育(一)-電機A,0,必,56,49,,7,蔡明書,,,,,"6,7",,,,"[{""day"": 4, ""dayName"": ""星期四"", ""periods"": [""6"", ""7""], ""raw"": ""6,7""}]",禁止外加 限修及外加,網球場/大三、四重補修請於第三階段至通識中心加選。,https://course.nuk.edu.tw/QueryCourse/tcontent.asp?OpenYear=106&Helf=1&Sclass=GR&Cono=S51A,2026-08-26T18:17:54+00:00
106-1-GR-S51C-A-1-B,106,1,共同與通識課程,GR,共同必修系列,S51C,A,大學部,1,B,體育(一)-電機B,0,必,58,50,,8,黃煥民,,"3,4",,,,,,,"[{""day"": 1, ""dayName"": ""星期一"", ""periods"": [""3"", ""4""], ""raw"": ""3,4""}]",禁止外加 限修及外加,黃煥民老師 籃球場/大三、四重補修請於第三階段至通識中心加選。,https://course.nuk.edu.tw/QueryCourse/tcontent.asp?OpenYear=106&Helf=1&Sclass=GR&Cono=S51C,2026-08-26T18:17:54+00:00
106-1-GR-S52A-A-1-A,106,1,共同與通識課程,GR,共同必修系列,S52A,A,大學部,1,A,體育(一)-土環系A,0,必,56,50,,6,葉天相,,"3,4",,,,,,,"[{""day"": 1, ""dayName"": ""星期一"", ""periods"": [""3"", ""4""], ""raw"": ""3,4""}]",禁止外加 限修及外加,木球場/大三、四重補修請於第三階段至通識中心加選。,https://course.nuk.edu.tw/QueryCourse/tcontent.asp?OpenYear=106&Helf=1&Sclass=GR&Cono=S52A,2026-08-26T18:17:54+00:00
106-1-GR-S55A-A-1-A,106,1,共同與通識課程,GR,共同必修系列,S55A,A,大學部,1,A,體育(一)-資工系,0,必,55,39,,16,黃郁玲,,,,,,"3,4",,,"[{""day"": 5, ""dayName"": ""星期五"", ""periods"": [""3"", ""4""], ""raw"": ""3,4""}]",禁止外加 限修,羽球場/大三、四重補修請於第三階段至通識中心加選。,https://course.nuk.edu.tw/QueryCourse/tcontent.asp?OpenYear=106&Helf=1&Sclass=GR&Cono=S55A,2026-08-26T18:17:54+00:00
106-1-GR-S56A-A-1-A,106,1,共同與通識課程,GR,共同必修系列,S56A,A,大學部,1,A,體育(一)-化材系,0,必,58,43,,15,薛福財,,,,,,"7,8",,,"[{""day"": 5, ""dayName"": ""星期五"", ""periods"": [""7"", ""8""], ""raw"": ""7,8""}]",禁止外加 限修及外加,籃球場/大三、四重補修請於第三階段至通識中心加選。,https://course.nuk.edu.tw/QueryCourse/tcontent.asp?OpenYear=106&Helf=1&Sclass=GR&Cono=S56A,2026-08-26T18:17:54+00:00
106-1-GR-S61A-A-1-A,106,1,共同與通識課程,GR,共同必修系列,S61A,A,大學部,1,A,體育(一)-生科系,0,必,56,43,,13,王士仁,,"3,4",,,,,,,"[{""day"": 1, ""dayName"": ""星期一"", ""periods"": [""3"", ""4""], ""raw"": ""3,4""}]",禁止外加 限修及外加,桌球場/大三、四重補修請於第三階段至通識中心加選。,https://course.nuk.edu.tw/QueryCourse/tcontent.asp?OpenYear=106&Helf=1&Sclass=GR&Cono=S61A,2026-08-26T18:17:54+00:00
106-1-GR-S71A-A-1-A,106,1,共同與通識課程,GR,共同必修系列,S71A,A,大學部,1,A,體育(一)-亞太系,0,必,60,60,,0,耿仕榮,,,,,"6,7",,,,"[{""day"": 4, ""dayName"": ""星期四"", ""periods"": [""6"", ""7""], ""raw"": ""6,7""}]",禁止外加 限修,排球場/大三、四重補修請於第三階段至通識中心加選。,https://course.nuk.edu.tw/QueryCourse/tcontent.asp?OpenYear=106&Helf=1&Sclass=GR&Cono=S71A,2026-08-26T18:17:54+00:00
106-1-GR-SA01-A-2-A,106,1,共同與通識課程,GR,共同必修系列,SA01,A,大學部,2,A,體育(三)-網球A,0,必,55,55,,0,黃郁玲,,,,,"8,9",,,,"[{""day"": 4, ""dayName"": ""星期四"", ""periods"": [""8"", ""9""], ""raw"": ""8,9""}]",禁止外加 限修,限應經二、應物二、生科二、化材二、金管二選修。大三、四重補修請於第三階段至通識中心加選。上下學期選項重覆選修不算學分。,https://course.nuk.edu.tw/QueryCourse/tcontent.asp?OpenYear=106&Helf=1&Sclass=GR&Cono=SA01,2026-08-26T18:17:54+00:00
106-1-GR-SA11-A-2-A,106,1,共同與通識課程,GR,共同必修系列,SA11,A,大學部,2,A,體育(三)-桌球A,0,必,60,60,,0,黃郁玲,,"1,2",,,,,,,"[{""day"": 1, ""dayName"": ""星期一"", ""periods"": [""1"", ""2""], ""raw"": ""1,2""}]",禁止外加 限修及外加,限法律二、財法二、西語二、應數二、資管二選修。大三、四重補修請於第三階段至通識中心加選。上下學期選項重覆選修不算學分。,https://course.nuk.edu.tw/QueryCourse/tcontent.asp?OpenYear=106&Helf=1&Sclass=GR&Cono=SA11,2026-08-26T18:17:54+00:00
106-1-GR-SA12-A-2-A,106,1,共同與通識課程,GR,共同必修系列,SA12,A,大學部,2,A,體育(三)-桌球B,0,必,56,56,,0,馮潤賓,,,,"1,2",,,,,"[{""day"": 3, ""dayName"": ""星期三"", ""periods"": [""1"", ""2""], ""raw"": ""1,2""}]",禁止外加 限修及外加,限東語二、亞太二、運健休二、土環二、資工二選修。大三、四重補修請於第三階段至通識中心加選。上下學期選項重覆選修不算學分。,https://course.nuk.edu.tw/QueryCourse/tcontent.asp?OpenYear=106&Helf=1&Sclass=GR&Cono=SA12,2026-08-26T18:17:54+00:00
106-1-GR-SA21-A-2-A,106,1,共同與通識課程,GR,共同必修系列,SA21,A,大學部,2,A,體育(三)-木球A,0,必,60,50,,10,王士仁,,"1,2",,,,,,,"[{""day"": 1, ""dayName"": ""星期一"", ""periods"": [""1"", ""2""], ""raw"": ""1,2""}]",禁止外加 限修及外加,限法律二、財法二、西語二、應數二、資管二選修。大三、四重補修請於第三階段至通識中心加選。上下學期選項重覆選修不算學分。,https://course.nuk.edu.tw/QueryCourse/tcontent.asp?OpenYear=106&Helf=1&Sclass=GR&Cono=SA21,2026-08-26T18:17:54+00:00
106-1-GR-SA31-A-2-A,106,1,共同與通識課程,GR,共同必修系列,SA31,A,大學部,2,A,體育(三)-羽球A,0,必,56,56,,0,葉天相,,"1,2",,,,,,,"[{""day"": 1, ""dayName"": ""星期一"", ""periods"": [""1"", ""2""], ""raw"": ""1,2""}]",禁止外加 限修及外加,限法律二、財法二、西語二、應數二、資管二選修。大三、四重補修請於第三階段至通識中心加選。上下學期選項重覆選修不算學分。,https://course.nuk.edu.tw/QueryCourse/tcontent.asp?OpenYear=106&Helf=1&Sclass=GR&Cono=SA31,2026-08-26T18:17:54+00:00
106-1-GR-SA32-A-2-A,106,1,共同與通識課程,GR,共同必修系列,SA32,A,大學部,2,A,體育(三)-羽球B,0,必,55,55,,0,黃郁玲,,,,,,"1,2",,,"[{""day"": 5, ""dayName"": ""星期五"", ""periods"": [""1"", ""2""], ""raw"": ""1,2""}]",禁止外加 限修,加 限創建二、政法二、應化二、電機二A、電機二B、運技二選修。大三、四重補修請於第三階段至通識中心加選。上下學期選項重覆選修不算學分。,https://course.nuk.edu.tw/QueryCourse/tcontent.asp?OpenYear=106&Helf=1&Sclass=GR&Cono=SA32,2026-08-26T18:17:54+00:00
106-1-GR-SA41-A-2-A,106,1,共同與通識課程,GR,共同必修系列,SA41,A,大學部,2,A,體育(三)-壘球A,0,必,60,17,,43,林文俊,,,,"1,2",,,,,"[{""day"": 3, ""dayName"": ""星期三"", ""periods"": [""1"", ""2""], ""raw"": ""1,2""}]",禁止外加 限修及外加,限東語二、亞太二、運健休二、土環二、資工二選修。大三、四重補修請於第三階段至通識中心加選。上下學期選項重覆選修不算學分。,https://course.nuk.edu.tw/QueryCourse/tcontent.asp?OpenYear=106&Helf=1&Sclass=GR&Cono=SA41,2026-08-26T18:17:54+00:00
106-1-GR-SA42-A-2-A,106,1,共同與通識課程,GR,共同必修系列,SA42,A,大學部,2,A,體育(三)-壘球B,0,必,60,38,,22,宋洪經,,,,,,"1,2",,,"[{""day"": 5, ""dayName"": ""星期五"", ""periods"": [""1"", ""2""], ""raw"": ""1,2""}]",禁止外加 限修及外加,限創建二、政法二、應化二、電機二A、電機二B、運技二選修。大三、四重補修請於第三階段至通識中心加選。上下學期選項重覆選修不算學分。,https://course.nuk.edu.tw/QueryCourse/tcontent.asp?OpenYear=106&Helf=1&Sclass=GR&Cono=SA42,2026-08-26T18:17:54+00:00
106-1-GR-SA51-A-2-A,106,1,共同與通識課程,GR,共同必修系列,SA51,A,大學部,2,A,體育(三)-籃球A,0,必,60,51,,9,蔡春福,,"1,2",,,,,,,"[{""day"": 1, ""dayName"": ""星期一"", ""periods"": [""1"", ""2""], ""raw"": ""1,2""}]",禁止外加 限修及外加,限法律二、財法二、西語二、應數二、資管二選修。大三、四重補修請於第三階段至通識中心加選。上下學期選項重覆選修不算學分。,https://course.nuk.edu.tw/QueryCourse/tcontent.asp?OpenYear=106&Helf=1&Sclass=GR&Cono=SA51,2026-08-26T18:17:54+00:00
106-1-GR-SA52-A-2-A,106,1,共同與通識課程,GR,共同必修系列,SA52,A,大學部,2,A,體育(三)-籃球B,0,必,60,60,,0,蔡義川,,,,"1,2",,,,,"[{""day"": 3, ""dayName"": ""星期三"", ""periods"": [""1"", ""2""], ""raw"": ""1,2""}]",禁止外加 限修及外加,限東語二、亞太二、運健休二、土環二、資工二選修。大三、四重補修請於第三階段至通識中心加選。上下學期選項重覆選修不算學分。,https://course.nuk.edu.tw/QueryCourse/tcontent.asp?OpenYear=106&Helf=1&Sclass=GR&Cono=SA52,2026-08-26T18:17:54+00:00
106-1-GR-SA53-A-2-A,106,1,共同與通識課程,GR,共同必修系列,SA53,A,大學部,2,A,體育(三)-籃球C,0,必,60,54,,6,蔡義川,,,,,"8,9",,,,"[{""day"": 4, ""dayName"": ""星期四"", ""periods"": [""8"", ""9""], ""raw"": ""8,9""}]",禁止外加 限修及外加,限應經二、應物二、生科二、化材二、金管二選修。大三、四重補修請於第三階段至通識中心加選。上下學期選項重覆選修不算學分。,https://course.nuk.edu.tw/QueryCourse/tcontent.asp?OpenYear=106&Helf=1&Sclass=GR&Cono=SA53,2026-08-26T18:17:54+00:00
106-1-GR-SA54-A-2-A,106,1,共同與通識課程,GR,共同必修系列,SA54,A,大學部,2,A,體育(三)-籃球D,0,必,55,55,,0,蔡義川,,,,,,"1,2",,,"[{""day"": 5, ""dayName"": ""星期五"", ""periods"": [""1"", ""2""], ""raw"": ""1,2""}]",禁止外加 限修,限創建二、政法二、應化二、電機二A、電機二B、運技二選修。大三、四重補修請於第三階段至通識中心加選。上下學期選項重覆選修不算學分。,https://course.nuk.edu.tw/QueryCourse/tcontent.asp?OpenYear=106&Helf=1&Sclass=GR&Cono=SA54,2026-08-26T18:17:54+00:00
106-1-GR-SA61-A-2-A,106,1,共同與通識課程,GR,共同必修系列,SA61,A,大學部,2,A,體育(三)-排球A,0,必,60,37,,23,黃煥民,,"1,2",,,,,,,"[{""day"": 1, ""dayName"": ""星期一"", ""periods"": [""1"", ""2""], ""raw"": ""1,2""}]",限修及外加,黃煥民老師/限法律二、財法二、西語二、應數二、資管二選修。大三、四重補修請於第三階段至通識中心加選。上下學期選項重覆選修不算學分。,https://course.nuk.edu.tw/QueryCourse/tcontent.asp?OpenYear=106&Helf=1&Sclass=GR&Cono=SA61,2026-08-26T18:17:54+00:00
106-1-GR-SA62-A-2-A,106,1,共同與通識課程,GR,共同必修系列,SA62,A,大學部,2,A,體育(三)-排球B,0,必,60,58,,2,施長和,,,,"1,2",,,,,"[{""day"": 3, ""dayName"": ""星期三"", ""periods"": [""1"", ""2""], ""raw"": ""1,2""}]",禁止外加 限修及外加,限東語二、亞太二、運健休二、土環二、資工二選修。大三、四重補修請於第三階段至通識中心加選。上下學期選項重覆選修不算學分。,https://course.nuk.edu.tw/QueryCourse/tcontent.asp?OpenYear=106&Helf=1&Sclass=GR&Cono=SA62,2026-08-26T18:17:54+00:00
106-1-GR-SA63-A-2-A,106,1,共同與通識課程,GR,共同必修系列,SA63,A,大學部,2,A,體育(三)-排球C,0,必,60,51,,9,蔡明書,,,,,"8,9",,,,"[{""day"": 4, ""dayName"": ""星期四"", ""periods"": [""8"", ""9""], ""raw"": ""8,9""}]",禁止外加 限修及外加,限應經二、應物二、生科二、化材二、金管二選修。大三、四重補修請於第三階段至通識中心加選。上下學期選項重覆選修不算學分。,https://course.nuk.edu.tw/QueryCourse/tcontent.asp?OpenYear=106&Helf=1&Sclass=GR&Cono=SA63,2026-08-26T18:17:54+00:00
106-1-GR-SA64-A-2-A,106,1,共同與通識課程,GR,共同必修系列,SA64,A,大學部,2,A,體育(三)-排球D,0,必,55,55,,0,林文俊,,,,,,"1,2",,,"[{""day"": 5, ""dayName"": ""星期五"", ""periods"": [""1"", ""2""], ""raw"": ""1,2""}]",禁止外加 限修,限創建二、政法二、應化二、電機二A、電機二B、運技二選修。大三、四重補修請於第三階段至通識中心加選。上下學期選項重覆選修不算學分。,https://course.nuk.edu.tw/QueryCourse/tcontent.asp?OpenYear=106&Helf=1&Sclass=GR&Cono=SA64,2026-08-26T18:17:54+00:00
106-1-GR-SA73-A-2-A,106,1,共同與通識課程,GR,共同必修系列,SA73,A,大學部,2,A,體育(三)-有氧舞蹈A,0,必,60,59,,1,黃蔚,K01-004,,,,"8,9",,,,"[{""day"": 4, ""dayName"": ""星期四"", ""periods"": [""8"", ""9""], ""raw"": ""8,9""}]",禁止外加 限修及外加,黃?蔚老師/體適能教室上課/限應經二、應物二、生科二、化材二、金管二選修。大三、四重補修請於第三階段至通識中心加選。上下學期選項重覆選修不算學分。,https://course.nuk.edu.tw/QueryCourse/tcontent.asp?OpenYear=106&Helf=1&Sclass=GR&Cono=SA73,2026-08-26T18:17:54+00:00
106-1-GR-SA74-A-2-A,106,1,共同與通識課程,GR,共同必修系列,SA74,A,大學部,2,A,體育(三)-有氧舞蹈B,0,必,55,55,,0,黃蔚,K01-004,,,,,"1,2",,,"[{""day"": 5, ""dayName"": ""星期五"", ""periods"": [""1"", ""2""], ""raw"": ""1,2""}]",禁止外加 限修,體適能教室/加 限創建二、政法二、應化二、電機二A、電機二B、運技二選修。大三、四重補修請於第三階段至通識中心加選。上下學期選項重覆選修不算學分。,https://course.nuk.edu.tw/QueryCourse/tcontent.asp?OpenYear=106&Helf=1&Sclass=GR&Cono=SA74,2026-08-26T18:17:54+00:00
106-1-GR-SA81-A-2-A,106,1,共同與通識課程,GR,共同必修系列,SA81,A,大學部,2,A,體育(三)-足球A,0,必,60,30,,30,耿仕榮,,,,,"8,9",,,,"[{""day"": 4, ""dayName"": ""星期四"", ""periods"": [""8"", ""9""], ""raw"": ""8,9""}]",禁止外加 限修及外加,限應經二、應物二、生科二、化材二、金管二選修。大三、四重補修請於第三階段至通識中心加選。上下學期選項重覆選修不算學分。,https://course.nuk.edu.tw/QueryCourse/tcontent.asp?OpenYear=106&Helf=1&Sclass=GR&Cono=SA81,2026-08-26T18:17:54+00:00
106-1-GR-SA82-A-2-A,106,1,共同與通識課程,GR,共同必修系列,SA82,A,大學部,2,A,體育(三)-足球B,0,必,60,25,,35,蔡春福,,,,,,"1,2",,,"[{""day"": 5, ""dayName"": ""星期五"", ""periods"": [""1"", ""2""], ""raw"": ""1,2""}]",禁止外加 限修及外加,限創建二、政法二、應化二、電機二A、電機二B、運技二選修。大三、四重補修請於第三階段至通識中心加選。上下學期選項重覆選修不算學分。,https://course.nuk.edu.tw/QueryCourse/tcontent.asp?OpenYear=106&Helf=1&Sclass=GR&Cono=SA82,2026-08-26T18:17:54+00:00
106-1-GR-SA86-A-2-A,106,1,共同與通識課程,GR,共同必修系列,SA86,A,大學部,2,A,體育(三)-跆拳道A,0,必,55,55,,0,葉天相,,,,"1,2",,,,,"[{""day"": 3, ""dayName"": ""星期三"", ""periods"": [""1"", ""2""], ""raw"": ""1,2""}]",禁止外加 限修,限東語二、亞太二、運健休二、土環二、資工二選修。大三、四重補修請於第三階段至通識中心加選。上下學期選項重覆選修不算學分。,https://course.nuk.edu.tw/QueryCourse/tcontent.asp?OpenYear=106&Helf=1&Sclass=GR&Cono=SA86,2026-08-26T18:17:54+00:00
106-1-GR-ME02-A-4-A,106,1,共同與通識課程,GR,共同必修系列,ME02,A,大學部,4,A,進階英文,0,選,40,16,,24,曾雅惠,B01-108,,,,"3,4",,,,"[{""day"": 4, ""dayName"": ""星期四"", ""periods"": [""3"", ""4""], ""raw"": ""3,4""}]",先修 禁止外加 限修,英文能力畢業資格檢定2次未通過方得選課 每人限修一門,https://course.nuk.edu.tw/QueryCourse/tcontent.asp?OpenYear=106&Helf=1&Sclass=GR&Cono=ME02,2026-08-26T18:17:54+00:00
106-1-GR-ME03-A-4-A,106,1,共同與通識課程,GR,共同必修系列,ME03,A,大學部,4,A,進階英文,0,選,40,40,,0,邱玉萍,B01-107,,,"7,8",,,,,"[{""day"": 3, ""dayName"": ""星期三"", ""periods"": [""7"", ""8""], ""raw"": ""7,8""}]",先修 禁止外加 限修及外加,英文能力畢業資格檢定2次未通過方得選課 每人限修一門,https://course.nuk.edu.tw/QueryCourse/tcontent.asp?OpenYear=106&Helf=1&Sclass=GR&Cono=ME03,2026-08-26T18:17:54+00:00
106-1-GR-ME04-A-4-A,106,1,共同與通識課程,GR,共同必修系列,ME04,A,大學部,4,A,進階英文,0,選,40,40,,0,吳苡菱,B01-106,,"3,4",,,,,,"[{""day"": 2, ""dayName"": ""星期二"", ""periods"": [""3"", ""4""], ""raw"": ""3,4""}]",先修 禁止外加 限修及外加,英文能力畢業資格檢定2次未通過方得選課 每人限修一門,https://course.nuk.edu.tw/QueryCourse/tcontent.asp?OpenYear=106&Helf=1&Sclass=GR&Cono=ME04,2026-08-26T18:17:54+00:00
106-1-GR-ME05-A-4-A,106,1,共同與通識課程,GR,共同必修系列,ME05,A,大學部,4,A,進階英文,0,選,40,40,,0,吳苡菱,B01-106,,"5,6",,,,,,"[{""day"": 2, ""dayName"": ""星期二"", ""periods"": [""5"", ""6""], ""raw"": ""5,6""}]",先修 禁止外加 限修及外加,英文能力畢業資格檢定2次未通過方得選課 每人限修一門,https://course.nuk.edu.tw/QueryCourse/tcontent.asp?OpenYear=106&Helf=1&Sclass=GR&Cono=ME05,2026-08-26T18:17:54+00:00
106-1-GR-ME06-A-4-A,106,1,共同與通識課程,GR,共同必修系列,ME06,A,大學部,4,A,進階英文,0,選,41,41,,0,王靜嫻,H1--106,"5,6",,,,,,,"[{""day"": 1, ""dayName"": ""星期一"", ""periods"": [""5"", ""6""], ""raw"": ""5,6""}]",先修 禁止外加 限修,英文能力畢業資格檢定2次未通過方得選課 每人限修一門,https://course.nuk.edu.tw/QueryCourse/tcontent.asp?OpenYear=106&Helf=1&Sclass=GR&Cono=ME06,2026-08-26T18:17:54+00:00
106-1-IN-A002-A-1-A,106,1,共同與通識課程,IN,興趣選修,A002,A,大學部,1,A,華語閱讀班(一),2,選,40,29,,11,黃文娟,L02-201,,,,"7,8",,,,"[{""day"": 4, ""dayName"": ""星期四"", ""periods"": [""7"", ""8""], ""raw"": ""7,8""}]",禁止外加,"1.限母語為非華語者之同學選修,選修此班需經教師認定核可 2.本課程不計入通識學分，經學系認定後得列入畢業學分",https://course.nuk.edu.tw/QueryCourse/tcontent.asp?OpenYear=106&Helf=1&Sclass=IN&Cono=A002,2026-08-26T18:17:54+00:00
106-1-IN-A012-A-1-A,106,1,共同與通識課程,IN,興趣選修,A012,A,大學部,1,A,華語會話班(一),2,選,40,28,,12,黃文娟,M01-205,"7,8",,,,,,,"[{""day"": 1, ""dayName"": ""星期一"", ""periods"": [""7"", ""8""], ""raw"": ""7,8""}]",禁止外加,"1.限母語為非華語者之同學選修,選修此班需經教師認定核可 2.本課程不計入通識學分，經學系認定後得列入畢業學分",https://course.nuk.edu.tw/QueryCourse/tcontent.asp?OpenYear=106&Helf=1&Sclass=IN&Cono=A012,2026-08-26T18:17:54+00:00
106-1-IN-A101-A-1-A,106,1,共同與通識課程,IN,興趣選修,A101,A,大學部,1,A,職場英文聽讀訓練,2,選,60,17,,43,陳信智,B01-101,,,"3,4",,,,,"[{""day"": 3, ""dayName"": ""星期三"", ""periods"": [""3"", ""4""], ""raw"": ""3,4""}]",禁止外加,本課程不計入通識學分，經學系認定得列入畢業學分,https://course.nuk.edu.tw/QueryCourse/tcontent.asp?OpenYear=106&Helf=1&Sclass=IN&Cono=A101,2026-08-26T18:17:54+00:00
106-1-IN-A102-A-1-A,106,1,共同與通識課程,IN,興趣選修,A102,A,大學部,1,A,全民英檢準備班,2,選,60,12,,48,翁嵐瑜,B01-108,,,"9,10",,,,,"[{""day"": 3, ""dayName"": ""星期三"", ""periods"": [""9"", ""10""], ""raw"": ""9,10""}]",禁止外加,本課程不計入通識學分，經學系認定後得列入畢業學分,https://course.nuk.edu.tw/QueryCourse/tcontent.asp?OpenYear=106&Helf=1&Sclass=IN&Cono=A102,2026-08-26T18:17:54+00:00
106-1-IN-D500-A-1-A,106,1,共同與通識課程,IN,興趣選修,D500,A,大學部,1,A,教學實務演練(通識中心),0,選,76,76,,0,童士恒,,,,,,,Y,,"[{""day"": 6, ""dayName"": ""星期六"", ""periods"": [""Y""], ""raw"": ""Y""}]",外加,指定加簽，申請擔任學習型兼任教學助理之學生必須修習本課程。請於加退選前上網完成選課作業。,https://course.nuk.edu.tw/QueryCourse/tcontent.asp?OpenYear=106&Helf=1&Sclass=IN&Cono=D500,2026-08-26T18:17:54+00:00
106-1-LI-A044-A-1-A,106,1,共同與通識課程,LI,通識人文科學類,A044,A,大學部,1,A,氣的探索與體驗,2,選,60,60,,0,蔡仁傑,L02-107,"1,2",,,,,,,"[{""day"": 1, ""dayName"": ""星期一"", ""periods"": [""1"", ""2""], ""raw"": ""1,2""}]",禁止外加,,https://course.nuk.edu.tw/QueryCourse/tcontent.asp?OpenYear=106&Helf=1&Sclass=LI&Cono=A044,2026-08-26T18:17:54+00:00
106-1-LI-A174-A-1-A,106,1,共同與通識課程,LI,通識人文科學類,A174,A,大學部,1,A,新詩創作(A),2,選,60,60,,0,張忠進,C02-108,"3,4",,,,,,,"[{""day"": 1, ""dayName"": ""星期一"", ""periods"": [""3"", ""4""], ""raw"": ""3,4""}]",禁止外加,修過「新詩創作工作坊(一)/(二)/(A)/(B)」者請勿選修，重覆選修不列入學分計算,https://course.nuk.edu.tw/QueryCourse/tcontent.asp?OpenYear=106&Helf=1&Sclass=LI&Cono=A174,2026-08-26T18:17:54+00:00
106-1-LI-A177-A-1-A,106,1,共同與通識課程,LI,通識人文科學類,A177,A,大學部,1,A,劇本創作與實務,2,選,60,48,,12,許正平,L02-101,,,"7,8",,,,,"[{""day"": 3, ""dayName"": ""星期三"", ""periods"": [""7"", ""8""], ""raw"": ""7,8""}]",禁止外加,,https://course.nuk.edu.tw/QueryCourse/tcontent.asp?OpenYear=106&Helf=1&Sclass=LI&Cono=A177,2026-08-26T18:17:54+00:00
106-1-LI-A184-A-1-A,106,1,共同與通識課程,LI,通識人文科學類,A184,A,大學部,1,A,現代文學選讀與習作,2,選,60,60,,0,張忠進,C02-108,"7,8",,,,,,,"[{""day"": 1, ""dayName"": ""星期一"", ""periods"": [""7"", ""8""], ""raw"": ""7,8""}]",禁止外加,,https://course.nuk.edu.tw/QueryCourse/tcontent.asp?OpenYear=106&Helf=1&Sclass=LI&Cono=A184,2026-08-26T18:17:54+00:00
106-1-LI-A213-A-1-A,106,1,共同與通識課程,LI,通識人文科學類,A213,A,大學部,1,A,田野調查,3,選,40,40,,0,翁烔慶,M01-204,,,,"5,6, 7",,,,"[{""day"": 4, ""dayName"": ""星期四"", ""periods"": [""5"", ""6"", ""7""], ""raw"": ""5,6, 7""}]",禁止外加,,https://course.nuk.edu.tw/QueryCourse/tcontent.asp?OpenYear=106&Helf=1&Sclass=LI&Cono=A213,2026-08-26T18:17:54+00:00
106-1-LI-A216-A-1-A,106,1,共同與通識課程,LI,通識人文科學類,A216,A,大學部,1,A,籤詩文學與寺廟文化,2,選,60,60,,0,翁烔慶,M01-204,,,,"3,4",,,,"[{""day"": 4, ""dayName"": ""星期四"", ""periods"": [""3"", ""4""], ""raw"": ""3,4""}]",禁止外加,,https://course.nuk.edu.tw/QueryCourse/tcontent.asp?OpenYear=106&Helf=1&Sclass=LI&Cono=A216,2026-08-26T18:17:54+00:00
106-1-LI-A223-A-1-A,106,1,共同與通識課程,LI,通識人文科學類,A223,A,大學部,1,A,故事欣賞與習作,2,選,40,38,,2,賴素玫,L02-101,,"5,6",,,,,,"[{""day"": 2, ""dayName"": ""星期二"", ""periods"": [""5"", ""6""], ""raw"": ""5,6""}]",禁止外加,,https://course.nuk.edu.tw/QueryCourse/tcontent.asp?OpenYear=106&Helf=1&Sclass=LI&Cono=A223,2026-08-26T18:17:54+00:00
106-1-LI-A373-A-1-A,106,1,共同與通識課程,LI,通識人文科學類,A373,A,大學部,1,A,音樂與戲劇,2,選,60,60,,0,羅文秀,L01-103,"5,6",,,,,,,"[{""day"": 1, ""dayName"": ""星期一"", ""periods"": [""5"", ""6""], ""raw"": ""5,6""}]",禁止外加,,https://course.nuk.edu.tw/QueryCourse/tcontent.asp?OpenYear=106&Helf=1&Sclass=LI&Cono=A373,2026-08-26T18:17:54+00:00
106-1-LI-A374-A-1-A,106,1,共同與通識課程,LI,通識人文科學類,A374,A,大學部,1,A,古典音樂導聆,2,選,60,59,,1,蔡麗芬,L01-103,,,,"5,6",,,,"[{""day"": 4, ""dayName"": ""星期四"", ""periods"": [""5"", ""6""], ""raw"": ""5,6""}]",禁止外加,,https://course.nuk.edu.tw/QueryCourse/tcontent.asp?OpenYear=106&Helf=1&Sclass=LI&Cono=A374,2026-08-26T18:17:54+00:00
106-1-LI-A436-A-1-A,106,1,共同與通識課程,LI,通識人文科學類,A436,A,大學部,1,A,中國古典詩詞選讀,2,選,60,56,,4,陳猷青,B01-106,,,,"3,4",,,,"[{""day"": 4, ""dayName"": ""星期四"", ""periods"": [""3"", ""4""], ""raw"": ""3,4""}]",禁止外加,,https://course.nuk.edu.tw/QueryCourse/tcontent.asp?OpenYear=106&Helf=1&Sclass=LI&Cono=A436,2026-08-26T18:17:54+00:00
106-1-LI-A497-A-1-A,106,1,共同與通識課程,LI,通識人文科學類,A497,A,大學部,1,A,台灣之流行音樂與社會變遷,2,選,60,60,,0,陳怡靜,L01-103,,,,,"5,6",,,"[{""day"": 5, ""dayName"": ""星期五"", ""periods"": [""5"", ""6""], ""raw"": ""5,6""}]",禁止外加,,https://course.nuk.edu.tw/QueryCourse/tcontent.asp?OpenYear=106&Helf=1&Sclass=LI&Cono=A497,2026-08-26T18:17:54+00:00
106-1-LI-A592-A-1-A,106,1,共同與通識課程,LI,通識人文科學類,A592,A,大學部,1,A,意識哲學與科學,2,選,60,31,,29,陳今偉,M01-206,,,"8,9",,,,,"[{""day"": 3, ""dayName"": ""星期三"", ""periods"": [""8"", ""9""], ""raw"": ""8,9""}]",禁止外加,,https://course.nuk.edu.tw/QueryCourse/tcontent.asp?OpenYear=106&Helf=1&Sclass=LI&Cono=A592,2026-08-26T18:17:54+00:00
106-1-LI-A604-A-1-A,106,1,共同與通識課程,LI,通識人文科學類,A604,A,大學部,1,A,英語寫作實務,2,選,60,16,,44,何介富,B01-105,,"3,4",,,,,,"[{""day"": 2, ""dayName"": ""星期二"", ""periods"": [""3"", ""4""], ""raw"": ""3,4""}]",禁止外加,,https://course.nuk.edu.tw/QueryCourse/tcontent.asp?OpenYear=106&Helf=1&Sclass=LI&Cono=A604,2026-08-26T18:17:54+00:00
106-1-LI-A638-A-1-A,106,1,共同與通識課程,LI,通識人文科學類,A638,A,大學部,1,A,視覺文化藝術,2,選,60,52,,8,林殷齊,L01-103,,,"3,4",,,,,"[{""day"": 3, ""dayName"": ""星期三"", ""periods"": [""3"", ""4""], ""raw"": ""3,4""}]",禁止外加,,https://course.nuk.edu.tw/QueryCourse/tcontent.asp?OpenYear=106&Helf=1&Sclass=LI&Cono=A638,2026-08-26T18:17:54+00:00
106-1-LI-A714-A-1-A,106,1,共同與通識課程,LI,通識人文科學類,A714,A,大學部,1,A,戲曲藝術入門與賞析,2,選,60,25,,35,王海玲,L01-101,,,,,"8,9",,,"[{""day"": 5, ""dayName"": ""星期五"", ""periods"": [""8"", ""9""], ""raw"": ""8,9""}]",禁止外加,,https://course.nuk.edu.tw/QueryCourse/tcontent.asp?OpenYear=106&Helf=1&Sclass=LI&Cono=A714,2026-08-26T18:17:54+00:00
106-1-LI-A810-A-1-A,106,1,共同與通識課程,LI,通識人文科學類,A810,A,大學部,1,A,電影文學與人生,2,選,60,60,,0,高美芸,L01-103,,,,"7,8",,,,"[{""day"": 4, ""dayName"": ""星期四"", ""periods"": [""7"", ""8""], ""raw"": ""7,8""}]",禁止外加,,https://course.nuk.edu.tw/QueryCourse/tcontent.asp?OpenYear=106&Helf=1&Sclass=LI&Cono=A810,2026-08-26T18:17:54+00:00
106-1-LI-A831-A-1-A,106,1,共同與通識課程,LI,通識人文科學類,A831,A,大學部,1,A,台灣歷史與文化,2,選,60,45,,15,楊書濠 洪聖斐,L01-101,"8,9",,,,,,,"[{""day"": 1, ""dayName"": ""星期一"", ""periods"": [""8"", ""9""], ""raw"": ""8,9""}]",禁止外加,本課程包含18小時之線上課程，學生必須加入磨課師平台參與課程教學及討論,https://course.nuk.edu.tw/QueryCourse/tcontent.asp?OpenYear=106&Helf=1&Sclass=LI&Cono=A831,2026-08-26T18:17:54+00:00
106-1-LI-A839-A-1-A,106,1,共同與通識課程,LI,通識人文科學類,A839,A,大學部,1,A,台灣與東南亞,2,選,60,34,,26,翁烔慶,B01-108,,,"3,4",,,,,"[{""day"": 3, ""dayName"": ""星期三"", ""periods"": [""3"", ""4""], ""raw"": ""3,4""}]",禁止外加,,https://course.nuk.edu.tw/QueryCourse/tcontent.asp?OpenYear=106&Helf=1&Sclass=LI&Cono=A839,2026-08-26T18:17:54+00:00
106-1-LI-B013-A-1-A,106,1,共同與通識課程,LI,通識人文科學類,B013,A,大學部,1,A,電影中的音樂媒介,2,選,60,61,,0,陳怡靜,L01-103,,,,,"3,4",,,"[{""day"": 5, ""dayName"": ""星期五"", ""periods"": [""3"", ""4""], ""raw"": ""3,4""}]",禁止外加,,https://course.nuk.edu.tw/QueryCourse/tcontent.asp?OpenYear=106&Helf=1&Sclass=LI&Cono=B013,2026-08-26T18:17:54+00:00
106-1-LI-B014-A-1-A,106,1,共同與通識課程,LI,通識人文科學類,B014,A,大學部,1,A,從巴洛克到搖滾樂,2,選,60,60,,0,陳怡靜,L01-103,,,,,"1,2",,,"[{""day"": 5, ""dayName"": ""星期五"", ""periods"": [""1"", ""2""], ""raw"": ""1,2""}]",禁止外加,,https://course.nuk.edu.tw/QueryCourse/tcontent.asp?OpenYear=106&Helf=1&Sclass=LI&Cono=B014,2026-08-26T18:17:54+00:00
106-1-LI-B015-A-1-A,106,1,共同與通識課程,LI,通識人文科學類,B015,A,大學部,1,A,電影音樂欣賞,2,選,60,57,,3,蔡麗芬,L01-103,,,,"3,4",,,,"[{""day"": 4, ""dayName"": ""星期四"", ""periods"": [""3"", ""4""], ""raw"": ""3,4""}]",禁止外加,,https://course.nuk.edu.tw/QueryCourse/tcontent.asp?OpenYear=106&Helf=1&Sclass=LI&Cono=B015,2026-08-26T18:17:54+00:00
106-1-LI-B021-A-1-A,106,1,共同與通識課程,LI,通識人文科學類,B021,A,大學部,1,A,世界主要宗教導覽,2,選,60,59,,1,蔡仁傑,L02-107,"3,4",,,,,,,"[{""day"": 1, ""dayName"": ""星期一"", ""periods"": [""3"", ""4""], ""raw"": ""3,4""}]",禁止外加,,https://course.nuk.edu.tw/QueryCourse/tcontent.asp?OpenYear=106&Helf=1&Sclass=LI&Cono=B021,2026-08-26T18:17:54+00:00
106-1-LI-B032-A-1-A,106,1,共同與通識課程,LI,通識人文科學類,B032,A,大學部,1,A,日本社會與語言,2,選,60,60,,0,蔡仁傑,L02-107,"5,6",,,,,,,"[{""day"": 1, ""dayName"": ""星期一"", ""periods"": [""5"", ""6""], ""raw"": ""5,6""}]",禁止外加,,https://course.nuk.edu.tw/QueryCourse/tcontent.asp?OpenYear=106&Helf=1&Sclass=LI&Cono=B032,2026-08-26T18:17:54+00:00
106-1-LI-B067-A-1-A,106,1,共同與通識課程,LI,通識人文科學類,B067,A,大學部,1,A,初級日語會話(一),2,選,60,60,,0,錢秋茜,L02-106,,,,,"5,6",,,"[{""day"": 5, ""dayName"": ""星期五"", ""periods"": [""5"", ""6""], ""raw"": ""5,6""}]",禁止外加,東語系日文組請勿選修,https://course.nuk.edu.tw/QueryCourse/tcontent.asp?OpenYear=106&Helf=1&Sclass=LI&Cono=B067,2026-08-26T18:17:54+00:00
106-1-LI-B081-A-1-A,106,1,共同與通識課程,LI,通識人文科學類,B081,A,大學部,1,A,基礎法語(一),2,選,40,36,,4,歐陽蒨,L01-101,,,"3,4",,,,,"[{""day"": 3, ""dayName"": ""星期三"", ""periods"": [""3"", ""4""], ""raw"": ""3,4""}]",禁止外加,,https://course.nuk.edu.tw/QueryCourse/tcontent.asp?OpenYear=106&Helf=1&Sclass=LI&Cono=B081,2026-08-26T18:17:54+00:00
106-1-LI-B085-A-1-A,106,1,共同與通識課程,LI,通識人文科學類,B085,A,大學部,1,A,基礎英語口說訓練(一),2,選,60,42,,18,蘇楷立,C02-103,"10,11",,,,,,,"[{""day"": 1, ""dayName"": ""星期一"", ""periods"": [""10"", ""11""], ""raw"": ""10,11""}]",禁止外加,,https://course.nuk.edu.tw/QueryCourse/tcontent.asp?OpenYear=106&Helf=1&Sclass=LI&Cono=B085,2026-08-26T18:17:54+00:00
106-1-LI-B087-A-1-A,106,1,共同與通識課程,LI,通識人文科學類,B087,A,大學部,1,A,工商英文聽力和閱讀訓練,2,選,60,29,,31,王淑雱,C02-107,,,,,"5,6",,,"[{""day"": 5, ""dayName"": ""星期五"", ""periods"": [""5"", ""6""], ""raw"": ""5,6""}]",限修,(理學院專班)限理學院同學選修,https://course.nuk.edu.tw/QueryCourse/tcontent.asp?OpenYear=106&Helf=1&Sclass=LI&Cono=B087,2026-08-26T18:17:54+00:00
106-1-LI-B088-A-1-A,106,1,共同與通識課程,LI,通識人文科學類,B088,A,大學部,1,A,旅遊商務英文,2,選,60,60,,0,唐淑芳,B01-101,"9,10",,,,,,,"[{""day"": 1, ""dayName"": ""星期一"", ""periods"": [""9"", ""10""], ""raw"": ""9,10""}]",禁止外加,,https://course.nuk.edu.tw/QueryCourse/tcontent.asp?OpenYear=106&Helf=1&Sclass=LI&Cono=B088,2026-08-26T18:17:54+00:00
106-1-LI-B089-A-1-A,106,1,共同與通識課程,LI,通識人文科學類,B089,A,大學部,1,A,運動飲食英文,2,選,60,23,,37,許建華,B01-101,,"5,6",,,,,,"[{""day"": 2, ""dayName"": ""星期二"", ""periods"": [""5"", ""6""], ""raw"": ""5,6""}]",禁止外加,,https://course.nuk.edu.tw/QueryCourse/tcontent.asp?OpenYear=106&Helf=1&Sclass=LI&Cono=B089,2026-08-26T18:17:54+00:00
106-1-LI-B090-A-1-A,106,1,共同與通識課程,LI,通識人文科學類,B090,A,大學部,1,A,英語口語表達,2,選,60,35,,25,歐素雯,B01-107,"3,4",,,,,,,"[{""day"": 1, ""dayName"": ""星期一"", ""periods"": [""3"", ""4""], ""raw"": ""3,4""}]",禁止外加,,https://course.nuk.edu.tw/QueryCourse/tcontent.asp?OpenYear=106&Helf=1&Sclass=LI&Cono=B090,2026-08-26T18:17:54+00:00
106-1-LI-B201-A-1-A,106,1,共同與通識課程,LI,通識人文科學類,B201,A,大學部,1,A,初級越南語(一),2,選,40,33,,7,裴光雄,B01-106,,,"3,4",,,,,"[{""day"": 3, ""dayName"": ""星期三"", ""periods"": [""3"", ""4""], ""raw"": ""3,4""}]",禁止外加,,https://course.nuk.edu.tw/QueryCourse/tcontent.asp?OpenYear=106&Helf=1&Sclass=LI&Cono=B201,2026-08-26T18:17:54+00:00
106-1-SC-A137-A-1-A,106,1,共同與通識課程,SC,通識自然科學類,A137,A,大學部,1,A,科學史: 從古代到科學革命,2,選,60,60,,0,陳怡夫,M01-201,,,"5,6",,,,,"[{""day"": 3, ""dayName"": ""星期三"", ""periods"": [""5"", ""6""], ""raw"": ""5,6""}]",禁止外加,,https://course.nuk.edu.tw/QueryCourse/tcontent.asp?OpenYear=106&Helf=1&Sclass=SC&Cono=A137,2026-08-26T18:17:54+00:00
106-1-SC-A139-A-1-A,106,1,共同與通識課程,SC,通識自然科學類,A139,A,大學部,1,A,研究倫理與學術倫理,2,選,60,60,,0,馮世維,C02-104,"5,6",,,,,,,"[{""day"": 1, ""dayName"": ""星期一"", ""periods"": [""5"", ""6""], ""raw"": ""5,6""}]",禁止外加,,https://course.nuk.edu.tw/QueryCourse/tcontent.asp?OpenYear=106&Helf=1&Sclass=SC&Cono=A139,2026-08-26T18:17:54+00:00
106-1-SC-A141-A-1-A,106,1,共同與通識課程,SC,通識自然科學類,A141,A,大學部,1,A,基因工程與生活,2,選,60,60,,0,葛孟杰,C02-101,,,"5,6",,,,,"[{""day"": 3, ""dayName"": ""星期三"", ""periods"": [""5"", ""6""], ""raw"": ""5,6""}]",禁止外加 限修,生科系請勿選修,https://course.nuk.edu.tw/QueryCourse/tcontent.asp?OpenYear=106&Helf=1&Sclass=SC&Cono=A141,2026-08-26T18:17:54+00:00
106-1-SC-A233-A-1-A,106,1,共同與通識課程,SC,通識自然科學類,A233,A,大學部,1,A,光合作用與減碳,2,選,30,30,,0,王恒隆,C02-101,,,,,"5,6",,,"[{""day"": 5, ""dayName"": ""星期五"", ""periods"": [""5"", ""6""], ""raw"": ""5,6""}]",禁止外加 限修,生科系請勿選修,https://course.nuk.edu.tw/QueryCourse/tcontent.asp?OpenYear=106&Helf=1&Sclass=SC&Cono=A233,2026-08-26T18:17:54+00:00
106-1-SC-A293-A-1-A,106,1,共同與通識課程,SC,通識自然科學類,A293,A,大學部,1,A,環境保護,2,選,60,60,,0,倪麥童,C02-406,,,"5,6",,,,,"[{""day"": 3, ""dayName"": ""星期三"", ""periods"": [""5"", ""6""], ""raw"": ""5,6""}]",禁止外加,,https://course.nuk.edu.tw/QueryCourse/tcontent.asp?OpenYear=106&Helf=1&Sclass=SC&Cono=A293,2026-08-26T18:17:54+00:00
106-1-SC-A353-A-1-A,106,1,共同與通識課程,SC,通識自然科學類,A353,A,大學部,1,A,數位攝影與影像處理,2,選,55,31,,24,蔡毓娟,L01-107,,,,,"9,10",,,"[{""day"": 5, ""dayName"": ""星期五"", ""periods"": [""9"", ""10""], ""raw"": ""9,10""}]",禁止外加,,https://course.nuk.edu.tw/QueryCourse/tcontent.asp?OpenYear=106&Helf=1&Sclass=SC&Cono=A353,2026-08-26T18:17:54+00:00
106-1-SC-A452-A-1-A,106,1,共同與通識課程,SC,通識自然科學類,A452,A,大學部,1,A,我的身體,2,選,60,60,,0,劉紹東,H1--107,,"3,4",,,,,,"[{""day"": 2, ""dayName"": ""星期二"", ""periods"": [""3"", ""4""], ""raw"": ""3,4""}]",禁止外加 限修,運休系同學請勿選修,https://course.nuk.edu.tw/QueryCourse/tcontent.asp?OpenYear=106&Helf=1&Sclass=SC&Cono=A452,2026-08-26T18:17:54+00:00
106-1-SC-A483-A-1-A,106,1,共同與通識課程,SC,通識自然科學類,A483,A,大學部,1,A,自然保育概論,2,選,60,49,,11,蘇永銘,B01-106,,,,"7,8",,,,"[{""day"": 4, ""dayName"": ""星期四"", ""periods"": [""7"", ""8""], ""raw"": ""7,8""}]",禁止外加,,https://course.nuk.edu.tw/QueryCourse/tcontent.asp?OpenYear=106&Helf=1&Sclass=SC&Cono=A483,2026-08-26T18:17:54+00:00
106-1-SC-A561-A-1-A,106,1,共同與通識課程,SC,通識自然科學類,A561,A,大學部,1,A,病毒學漫談,2,選,60,60,,0,楊文仁,C02-B100,"3,4",,,,,,,"[{""day"": 1, ""dayName"": ""星期一"", ""periods"": [""3"", ""4""], ""raw"": ""3,4""}]",禁止外加 限修,生科系請勿選修,https://course.nuk.edu.tw/QueryCourse/tcontent.asp?OpenYear=106&Helf=1&Sclass=SC&Cono=A561,2026-08-26T18:17:54+00:00
106-1-SC-A593-A-1-A,106,1,共同與通識課程,SC,通識自然科學類,A593,A,大學部,1,A,科學思維: 科學家怎麼想,2,選,60,51,,9,林明良,B01-108,,"10,11",,,,,,"[{""day"": 2, ""dayName"": ""星期二"", ""periods"": [""10"", ""11""], ""raw"": ""10,11""}]",禁止外加,,https://course.nuk.edu.tw/QueryCourse/tcontent.asp?OpenYear=106&Helf=1&Sclass=SC&Cono=A593,2026-08-26T18:17:54+00:00
106-1-SC-A614-A-1-A,106,1,共同與通識課程,SC,通識自然科學類,A614,A,大學部,1,A,設計和發明工程,2,選,60,49,,11,施博仁,C01-106,,,"5,6",,,,,"[{""day"": 3, ""dayName"": ""星期三"", ""periods"": [""5"", ""6""], ""raw"": ""5,6""}]",禁止外加,,https://course.nuk.edu.tw/QueryCourse/tcontent.asp?OpenYear=106&Helf=1&Sclass=SC&Cono=A614,2026-08-26T18:17:54+00:00
106-1-SC-A685-A-1-A,106,1,共同與通識課程,SC,通識自然科學類,A685,A,大學部,1,A,生態環境解說,2,選,60,20,,40,陳奕亮,L02-106,"7,8",,,,,,,"[{""day"": 1, ""dayName"": ""星期一"", ""periods"": [""7"", ""8""], ""raw"": ""7,8""}]",禁止外加,english proficiency required,https://course.nuk.edu.tw/QueryCourse/tcontent.asp?OpenYear=106&Helf=1&Sclass=SC&Cono=A685,2026-08-26T18:17:54+00:00
106-1-SC-A716-A-1-A,106,1,共同與通識課程,SC,通識自然科學類,A716,A,大學部,1,A,體育活動設計,2,選,60,59,,1,黃全成,B01-101,"3,4",,,,,,,"[{""day"": 1, ""dayName"": ""星期一"", ""periods"": [""3"", ""4""], ""raw"": ""3,4""}]",禁止外加,,https://course.nuk.edu.tw/QueryCourse/tcontent.asp?OpenYear=106&Helf=1&Sclass=SC&Cono=A716,2026-08-26T18:17:54+00:00
106-1-SC-A731-A-1-A,106,1,共同與通識課程,SC,通識自然科學類,A731,A,大學部,1,A,網球運動理論與實務,2,選,40,40,,0,王士仁,,,"3,4",,,,,,"[{""day"": 2, ""dayName"": ""星期二"", ""periods"": [""3"", ""4""], ""raw"": ""3,4""}]",禁止外加,網球場上課,https://course.nuk.edu.tw/QueryCourse/tcontent.asp?OpenYear=106&Helf=1&Sclass=SC&Cono=A731,2026-08-26T18:17:54+00:00
106-1-SC-A741-A-1-A,106,1,共同與通識課程,SC,通識自然科學類,A741,A,大學部,1,A,國際標準舞理論與實務,2,選,48,35,,13,孫美蓮,K01-004,"7,8",,,,,,,"[{""day"": 1, ""dayName"": ""星期一"", ""periods"": [""7"", ""8""], ""raw"": ""7,8""}]",禁止外加,運健休大樓-體適能教室上課,https://course.nuk.edu.tw/QueryCourse/tcontent.asp?OpenYear=106&Helf=1&Sclass=SC&Cono=A741,2026-08-26T18:17:54+00:00
106-1-SC-A761-A-1-A,106,1,共同與通識課程,SC,通識自然科學類,A761,A,大學部,1,A,羽球運動理論與實務,2,選,32,32,,0,高群超,,,"3,4",,,,,,"[{""day"": 2, ""dayName"": ""星期二"", ""periods"": [""3"", ""4""], ""raw"": ""3,4""}]",禁止外加,羽球場上課,https://course.nuk.edu.tw/QueryCourse/tcontent.asp?OpenYear=106&Helf=1&Sclass=SC&Cono=A761,2026-08-26T18:17:54+00:00
106-1-SC-A773-A-1-A,106,1,共同與通識課程,SC,通識自然科學類,A773,A,大學部,1,A,跆拳道運動與防身術,2,選,32,32,,0,葉天相,K01-004,,,"3,4",,,,,"[{""day"": 3, ""dayName"": ""星期三"", ""periods"": [""3"", ""4""], ""raw"": ""3,4""}]",禁止外加,運健休大樓-體適能教室上課,https://course.nuk.edu.tw/QueryCourse/tcontent.asp?OpenYear=106&Helf=1&Sclass=SC&Cono=A773,2026-08-26T18:17:54+00:00
106-1-SC-A774-A-1-A,106,1,共同與通識課程,SC,通識自然科學類,A774,A,大學部,1,A,棒球運動理論與實務,2,選,40,40,,0,李坤哲,,"5,6",,,,,,,"[{""day"": 1, ""dayName"": ""星期一"", ""periods"": [""5"", ""6""], ""raw"": ""5,6""}]",禁止外加,棒壘球場上課；運技系棒球專長生請勿選修,https://course.nuk.edu.tw/QueryCourse/tcontent.asp?OpenYear=106&Helf=1&Sclass=SC&Cono=A774,2026-08-26T18:17:54+00:00
106-1-SC-A780-A-1-A,106,1,共同與通識課程,SC,通識自然科學類,A780,A,大學部,1,A,運動與休閒風險管理,2,選,60,60,,0,林政德,B01-108,,,,"10,11",,,,"[{""day"": 4, ""dayName"": ""星期四"", ""periods"": [""10"", ""11""], ""raw"": ""10,11""}]",禁止外加,,https://course.nuk.edu.tw/QueryCourse/tcontent.asp?OpenYear=106&Helf=1&Sclass=SC&Cono=A780,2026-08-26T18:17:54+00:00
106-1-SC-A794-A-1-A,106,1,共同與通識課程,SC,通識自然科學類,A794,A,大學部,1,A,網頁設計與管理,2,選,55,55,,0,趙志宏,L01-107,"9,10",,,,,,,"[{""day"": 1, ""dayName"": ""星期一"", ""periods"": [""9"", ""10""], ""raw"": ""9,10""}]",禁止外加,,https://course.nuk.edu.tw/QueryCourse/tcontent.asp?OpenYear=106&Helf=1&Sclass=SC&Cono=A794,2026-08-26T18:17:54+00:00
106-1-SC-A798-A-1-A,106,1,共同與通識課程,SC,通識自然科學類,A798,A,大學部,1,A,資訊基本能力,2,選,55,55,,0,董建弘,L01-107,"11,12",,,,,,,"[{""day"": 1, ""dayName"": ""星期一"", ""periods"": [""11"", ""12""], ""raw"": ""11,12""}]",禁止外加,,https://course.nuk.edu.tw/QueryCourse/tcontent.asp?OpenYear=106&Helf=1&Sclass=SC&Cono=A798,2026-08-26T18:17:54+00:00
106-1-SC-A902-A-1-A,106,1,共同與通識課程,SC,通識自然科學類,A902,A,大學部,1,A,基礎程式設計,2,選,55,40,,15,曾智義,L01-108,"5,6",,,,,,,"[{""day"": 1, ""dayName"": ""星期一"", ""periods"": [""5"", ""6""], ""raw"": ""5,6""}]",禁止外加 限修,曾智義老師；理.工學院及資管系同學請勿選修,https://course.nuk.edu.tw/QueryCourse/tcontent.asp?OpenYear=106&Helf=1&Sclass=SC&Cono=A902,2026-08-26T18:17:54+00:00
106-1-SC-B001-A-1-A,106,1,共同與通識課程,SC,通識自然科學類,B001,A,大學部,1,A,綠色生活綜合設計工坊,2,選,60,14,,46,曾梓峰,,,"5,6",,,,,,"[{""day"": 2, ""dayName"": ""星期二"", ""periods"": [""5"", ""6""], ""raw"": ""5,6""}]",學程,上課地點:圖資六樓ＬＡＢ場域空間；相關問題請洽「智慧生活整合創新學程」計畫辦公室，隸屬智慧生活整合創新學程。07-5919077羅小姐,https://course.nuk.edu.tw/QueryCourse/tcontent.asp?OpenYear=106&Helf=1&Sclass=SC&Cono=B001,2026-08-26T18:17:54+00:00
106-1-SC-B002-A-1-A,106,1,共同與通識課程,SC,通識自然科學類,B002,A,大學部,1,A,安全生活綜合設計工坊,2,選,61,49,,12,吳明淏,,,,"5,6",,,,,"[{""day"": 3, ""dayName"": ""星期三"", ""periods"": [""5"", ""6""], ""raw"": ""5,6""}]",外加 學程,上課地點:圖資六樓ＬＡＢ場域空間；相關問題請洽「智慧生活整合創新學程」計畫辦公室，隸屬智慧生活整合創新學程。07-5919077羅小姐,https://course.nuk.edu.tw/QueryCourse/tcontent.asp?OpenYear=106&Helf=1&Sclass=SC&Cono=B002,2026-08-26T18:17:54+00:00
106-1-SO-A033-A-1-A,106,1,共同與通識課程,SO,通識社會科學類,A033,A,大學部,1,A,資產配置與信託規劃實務,2,選,60,60,,0,蔡宗廷,M01-206,"5,6",,,,,,,"[{""day"": 1, ""dayName"": ""星期一"", ""periods"": [""5"", ""6""], ""raw"": ""5,6""}]",禁止外加,,https://course.nuk.edu.tw/QueryCourse/tcontent.asp?OpenYear=106&Helf=1&Sclass=SO&Cono=A033,2026-08-26T18:17:54+00:00
106-1-SO-A118-A-1-A,106,1,共同與通識課程,SO,通識社會科學類,A118,A,大學部,1,A,理財與人生,2,選,60,60,,0,蔡宗廷,M01-204,,,"1,2",,,,,"[{""day"": 3, ""dayName"": ""星期三"", ""periods"": [""1"", ""2""], ""raw"": ""1,2""}]",禁止外加,,https://course.nuk.edu.tw/QueryCourse/tcontent.asp?OpenYear=106&Helf=1&Sclass=SO&Cono=A118,2026-08-26T18:17:54+00:00
106-1-SO-A183-A-1-A,106,1,共同與通識課程,SO,通識社會科學類,A183,A,大學部,1,A,性別與法律,2,選,60,57,,3,許震宇,B01-107,,"3,4",,,,,,"[{""day"": 2, ""dayName"": ""星期二"", ""periods"": [""3"", ""4""], ""raw"": ""3,4""}]",禁止外加,,https://course.nuk.edu.tw/QueryCourse/tcontent.asp?OpenYear=106&Helf=1&Sclass=SO&Cono=A183,2026-08-26T18:17:54+00:00
106-1-SO-A185-A-1-A,106,1,共同與通識課程,SO,通識社會科學類,A185,A,大學部,1,A,性別關係與教育,2,選,60,59,,1,柯慈姍,B01-107,,"10,11",,,,,,"[{""day"": 2, ""dayName"": ""星期二"", ""periods"": [""10"", ""11""], ""raw"": ""10,11""}]",禁止外加,,https://course.nuk.edu.tw/QueryCourse/tcontent.asp?OpenYear=106&Helf=1&Sclass=SO&Cono=A185,2026-08-26T18:17:54+00:00
106-1-SO-A225-A-1-A,106,1,共同與通識課程,SO,通識社會科學類,A225,A,大學部,1,A,電影敘事與製作,2,選,60,23,,37,曾也慎,L01-101,,"3,4",,,,,,"[{""day"": 2, ""dayName"": ""星期二"", ""periods"": [""3"", ""4""], ""raw"": ""3,4""}]",禁止外加,曾也慎老師,https://course.nuk.edu.tw/QueryCourse/tcontent.asp?OpenYear=106&Helf=1&Sclass=SO&Cono=A225,2026-08-26T18:17:54+00:00
106-1-SO-A353-A-1-A,106,1,共同與通識課程,SO,通識社會科學類,A353,A,大學部,1,A,婚姻與家庭,2,選,60,55,,5,陳靜儀,L02-204,,,"5,6",,,,,"[{""day"": 3, ""dayName"": ""星期三"", ""periods"": [""5"", ""6""], ""raw"": ""5,6""}]",禁止外加,,https://course.nuk.edu.tw/QueryCourse/tcontent.asp?OpenYear=106&Helf=1&Sclass=SO&Cono=A353,2026-08-26T18:17:54+00:00
106-1-SO-A365-A-1-A,106,1,共同與通識課程,SO,通識社會科學類,A365,A,大學部,1,A,領導統御,2,選,60,60,,0,陳昭偉,M01-102,,,,,"10,11",,,"[{""day"": 5, ""dayName"": ""星期五"", ""periods"": [""10"", ""11""], ""raw"": ""10,11""}]",禁止外加,陳昭偉老師,https://course.nuk.edu.tw/QueryCourse/tcontent.asp?OpenYear=106&Helf=1&Sclass=SO&Cono=A365,2026-08-26T18:17:54+00:00
106-1-SO-A367-A-1-A,106,1,共同與通識課程,SO,通識社會科學類,A367,A,大學部,1,A,孫子兵法,2,選,60,59,,1,蔣遠平,L02-101,,"10,11",,,,,,"[{""day"": 2, ""dayName"": ""星期二"", ""periods"": [""10"", ""11""], ""raw"": ""10,11""}]",禁止外加,,https://course.nuk.edu.tw/QueryCourse/tcontent.asp?OpenYear=106&Helf=1&Sclass=SO&Cono=A367,2026-08-26T18:17:54+00:00
106-1-SO-A372-A-1-A,106,1,共同與通識課程,SO,通識社會科學類,A372,A,大學部,1,A,自我管理與生涯規劃,2,選,60,60,,0,曾榮豐,L02-101,"10,11",,,,,,,"[{""day"": 1, ""dayName"": ""星期一"", ""periods"": [""10"", ""11""], ""raw"": ""10,11""}]",禁止外加,,https://course.nuk.edu.tw/QueryCourse/tcontent.asp?OpenYear=106&Helf=1&Sclass=SO&Cono=A372,2026-08-26T18:17:54+00:00
106-1-SO-A512-A-1-A,106,1,共同與通識課程,SO,通識社會科學類,A512,A,大學部,1,A,諮商倫理,2,選,60,55,,5,蔡佳容,M01-204,"7,8",,,,,,,"[{""day"": 1, ""dayName"": ""星期一"", ""periods"": [""7"", ""8""], ""raw"": ""7,8""}]",禁止外加,,https://course.nuk.edu.tw/QueryCourse/tcontent.asp?OpenYear=106&Helf=1&Sclass=SO&Cono=A512,2026-08-26T18:17:54+00:00
106-1-SO-A533-A-1-A,106,1,共同與通識課程,SO,通識社會科學類,A533,A,大學部,1,A,人力資源管理概論與職涯發展規劃,2,選,60,17,,43,林鈺杰,L02-108,,,,,"10,11",,,"[{""day"": 5, ""dayName"": ""星期五"", ""periods"": [""10"", ""11""], ""raw"": ""10,11""}]",禁止外加,林鈺杰老師,https://course.nuk.edu.tw/QueryCourse/tcontent.asp?OpenYear=106&Helf=1&Sclass=SO&Cono=A533,2026-08-26T18:17:54+00:00
106-1-SO-A572-A-1-A,106,1,共同與通識課程,SO,通識社會科學類,A572,A,大學部,1,A,生命教育,2,選,60,59,,1,蔡佳容,M01-204,"5,6",,,,,,,"[{""day"": 1, ""dayName"": ""星期一"", ""periods"": [""5"", ""6""], ""raw"": ""5,6""}]",禁止外加,,https://course.nuk.edu.tw/QueryCourse/tcontent.asp?OpenYear=106&Helf=1&Sclass=SO&Cono=A572,2026-08-26T18:17:54+00:00
106-1-SO-A618-A-1-A,106,1,共同與通識課程,SO,通識社會科學類,A618,A,大學部,1,A,全球化與台灣高等教育,2,選,60,56,,4,李佩瑾,M01-104,,,"10,11",,,,,"[{""day"": 3, ""dayName"": ""星期三"", ""periods"": [""10"", ""11""], ""raw"": ""10,11""}]",禁止外加,李佩瑾老師,https://course.nuk.edu.tw/QueryCourse/tcontent.asp?OpenYear=106&Helf=1&Sclass=SO&Cono=A618,2026-08-26T18:17:54+00:00
106-1-SO-A659-A-1-A,106,1,共同與通識課程,SO,通識社會科學類,A659,A,大學部,1,A,從法律觀點看台灣社會議題,2,選,60,60,,0,許震宇,L02-103,"7,8",,,,,,,"[{""day"": 1, ""dayName"": ""星期一"", ""periods"": [""7"", ""8""], ""raw"": ""7,8""}]",禁止外加,,https://course.nuk.edu.tw/QueryCourse/tcontent.asp?OpenYear=106&Helf=1&Sclass=SO&Cono=A659,2026-08-26T18:17:54+00:00
106-1-SO-A686-A-1-A,106,1,共同與通識課程,SO,通識社會科學類,A686,A,大學部,1,A,交通事故鑑定法規與案例解說,2,選,60,60,,0,張永明,L02-107,,,"7,8",,,,,"[{""day"": 3, ""dayName"": ""星期三"", ""periods"": [""7"", ""8""], ""raw"": ""7,8""}]",禁止外加,,https://course.nuk.edu.tw/QueryCourse/tcontent.asp?OpenYear=106&Helf=1&Sclass=SO&Cono=A686,2026-08-26T18:17:54+00:00
106-1-SO-A694-A-1-A,106,1,共同與通識課程,SO,通識社會科學類,A694,A,大學部,1,A,高大卓越講座(一),2,選,400,306,,94,陳一民 連興隆 業界教師,L01-201,,"6,7",,,,,,"[{""day"": 2, ""dayName"": ""星期二"", ""periods"": [""6"", ""7""], ""raw"": ""6,7""}]",禁止外加,若有課程相關問題請聯繫 ，9/19(星期二)上課地點改至管理學院M01-B101教室。,https://course.nuk.edu.tw/QueryCourse/tcontent.asp?OpenYear=106&Helf=1&Sclass=SO&Cono=A694,2026-08-26T18:17:54+00:00
106-1-SO-A840-A-1-A,106,1,共同與通識課程,SO,通識社會科學類,A840,A,大學部,1,A,媒體與公關實務,2,選,60,15,,45,鄭為松,M01-102,,,"10,11",,,,,"[{""day"": 3, ""dayName"": ""星期三"", ""periods"": [""10"", ""11""], ""raw"": ""10,11""}]",禁止外加,,https://course.nuk.edu.tw/QueryCourse/tcontent.asp?OpenYear=106&Helf=1&Sclass=SO&Cono=A840,2026-08-26T18:17:54+00:00
106-1-SO-A963-A-1-A,106,1,共同與通識課程,SO,通識社會科學類,A963,A,大學部,1,A,人際關係,2,選,60,10,,50,陳永安,H1--104,,"3,4",,,,,,"[{""day"": 2, ""dayName"": ""星期二"", ""periods"": [""3"", ""4""], ""raw"": ""3,4""}]",禁止外加,,https://course.nuk.edu.tw/QueryCourse/tcontent.asp?OpenYear=106&Helf=1&Sclass=SO&Cono=A963,2026-08-26T18:17:54+00:00
106-1-SO-B012-A-1-A,106,1,共同與通識課程,SO,通識社會科學類,B012,A,大學部,1,A,民營化的迷思,2,選,60,60,,0,蔡宗廷,M01-204,,,"3,4",,,,,"[{""day"": 3, ""dayName"": ""星期三"", ""periods"": [""3"", ""4""], ""raw"": ""3,4""}]",禁止外加,,https://course.nuk.edu.tw/QueryCourse/tcontent.asp?OpenYear=106&Helf=1&Sclass=SO&Cono=B012,2026-08-26T18:17:54+00:00
106-1-SO-B051-A-1-A,106,1,共同與通識課程,SO,通識社會科學類,B051,A,大學部,1,A,智慧財產權,2,選,60,60,,0,許震宇,B01-107,,"1,2",,,,,,"[{""day"": 2, ""dayName"": ""星期二"", ""periods"": [""1"", ""2""], ""raw"": ""1,2""}]",禁止外加,,https://course.nuk.edu.tw/QueryCourse/tcontent.asp?OpenYear=106&Helf=1&Sclass=SO&Cono=B051,2026-08-26T18:17:54+00:00
106-1-SO-B091-A-1-A,106,1,共同與通識課程,SO,通識社會科學類,B091,A,大學部,1,A,國際禮儀,2,選,60,58,,2,陳永安,C02-101,"3,4",,,,,,,"[{""day"": 1, ""dayName"": ""星期一"", ""periods"": [""3"", ""4""], ""raw"": ""3,4""}]",禁止外加,,https://course.nuk.edu.tw/QueryCourse/tcontent.asp?OpenYear=106&Helf=1&Sclass=SO&Cono=B091,2026-08-26T18:17:54+00:00
106-1-SO-B101-A-1-A,106,1,共同與通識課程,SO,通識社會科學類,B101,A,大學部,1,A,服務學習,3,選,30,28,,2,陳靜儀,L02-106 其他教室,"5,6",10,,,,,,"[{""day"": 1, ""dayName"": ""星期一"", ""periods"": [""5"", ""6""], ""raw"": ""5,6""}, {""day"": 2, ""dayName"": ""星期二"", ""periods"": [""10""], ""raw"": ""10""}]",禁止外加,1)修習博雅通識【服務學習】課程，可同時抵認一學期共同必修【服務學習培養】課程(僅限一次)。(2)104學年度起，服務學習課程變更為博雅通識；已選修為核心通識之本門課程者(課號為CCO3XX)，維持核心通識類別，請勿再重複選修，重複選修不算學分。,https://course.nuk.edu.tw/QueryCourse/tcontent.asp?OpenYear=106&Helf=1&Sclass=SO&Cono=B101,2026-08-26T18:17:54+00:00
106-1-SO-B102-A-1-A,106,1,共同與通識課程,SO,通識社會科學類,B102,A,大學部,1,A,服務學習,3,選,30,26,,4,朱朝煌,C02-106,"9,10, 11",,,,,,,"[{""day"": 1, ""dayName"": ""星期一"", ""periods"": [""9"", ""10"", ""11""], ""raw"": ""9,10, 11""}]",禁止外加,1)修習博雅通識【服務學習】課程，可同時抵認一學期共同必修【服務學習培養】課程(僅限一次)。(2)104學年度起，服務學習課程變更為博雅通識；已選修為核心通識之本門課程者(課號為CCO3XX)，維持核心通識類別，請勿再重複選修，重複選修不算學分。,https://course.nuk.edu.tw/QueryCourse/tcontent.asp?OpenYear=106&Helf=1&Sclass=SO&Cono=B102,2026-08-26T18:17:54+00:00
106-1-SO-B103-A-1-A,106,1,共同與通識課程,SO,通識社會科學類,B103,A,大學部,1,A,服務學習,3,選,30,19,,11,吳孝慈,M01-105,,,,,"5,6, 7",,,"[{""day"": 5, ""dayName"": ""星期五"", ""periods"": [""5"", ""6"", ""7""], ""raw"": ""5,6, 7""}]",禁止外加,1)修習博雅通識【服務學習】課程，可同時抵認一學期共同必修【服務學習培養】課程(僅限一次)。(2)104學年度起，服務學習課程變更為博雅通識；已選修為核心通識之本門課程者(課號為CCO3XX)，維持核心通識類別，請勿再重複選修，重複選修不算學分。,https://course.nuk.edu.tw/QueryCourse/tcontent.asp?OpenYear=106&Helf=1&Sclass=SO&Cono=B103,2026-08-26T18:17:54+00:00
106-1-SO-B104-A-1-A,106,1,共同與通識課程,SO,通識社會科學類,B104,A,大學部,1,A,服務學習,3,選,30,26,,4,游明珠,M01-105,,,,"9,10, 11",,,,"[{""day"": 4, ""dayName"": ""星期四"", ""periods"": [""9"", ""10"", ""11""], ""raw"": ""9,10, 11""}]",禁止外加,1)修習博雅通識【服務學習】課程，可同時抵認一學期共同必修【服務學習培養】課程(僅限一次)。(2)104學年度起，服務學習課程變更為博雅通識；已選修為核心通識之本門課程者(課號為CCO3XX)，維持核心通識類別，請勿再重複選修，重複選修不算學分。,https://course.nuk.edu.tw/QueryCourse/tcontent.asp?OpenYear=106&Helf=1&Sclass=SO&Cono=B104,2026-08-26T18:17:54+00:00
106-1-SO-B202-A-1-A,106,1,共同與通識課程,SO,通識社會科學類,B202,A,大學部,1,A,國際會展禮儀,2,選,40,20,,20,張秀瓊,L02-101,,"3,4",,,,,,"[{""day"": 2, ""dayName"": ""星期二"", ""periods"": [""3"", ""4""], ""raw"": ""3,4""}]",禁止外加,,https://course.nuk.edu.tw/QueryCourse/tcontent.asp?OpenYear=106&Helf=1&Sclass=SO&Cono=B202,2026-08-26T18:17:54+00:00
106-1-SO-B911-A-1-A,106,1,共同與通識課程,SO,通識社會科學類,B911,A,大學部,1,A,大學入門(西語系),1,選,60,13,,47,奧利華 王嵩嵐,H2--107,,"8,9",,,,,,"[{""day"": 2, ""dayName"": ""星期二"", ""periods"": [""8"", ""9""], ""raw"": ""8,9""}]",限修,限西語系大一生選修,https://course.nuk.edu.tw/QueryCourse/tcontent.asp?OpenYear=106&Helf=1&Sclass=SO&Cono=B911,2026-08-26T18:17:54+00:00
106-1-SO-B912-A-1-A,106,1,共同與通識課程,SO,通識社會科學類,B912,A,大學部,1,A,大學入門(運休系),1,選,60,21,,39,劉紹東 潘明珠,H1--104,,"8,9",,,,,,"[{""day"": 2, ""dayName"": ""星期二"", ""periods"": [""8"", ""9""], ""raw"": ""8,9""}]",限修,限運休系大一生選修,https://course.nuk.edu.tw/QueryCourse/tcontent.asp?OpenYear=106&Helf=1&Sclass=SO&Cono=B912,2026-08-26T18:17:54+00:00
106-1-SO-B916-A-1-A,106,1,共同與通識課程,SO,通識社會科學類,B916,A,大學部,1,A,大學入門(創建系),1,選,50,35,,15,王政弘 黃裕宸 馬瑜嬪,H1--102,,"8,9",,,,,,"[{""day"": 2, ""dayName"": ""星期二"", ""periods"": [""8"", ""9""], ""raw"": ""8,9""}]",限修,限創建系學生選修,https://course.nuk.edu.tw/QueryCourse/tcontent.asp?OpenYear=106&Helf=1&Sclass=SO&Cono=B916,2026-08-26T18:17:54+00:00
106-1-SO-B917-A-1-A,106,1,共同與通識課程,SO,通識社會科學類,B917,A,大學部,1,A,大學入門(東語系),1,選,45,22,,23,河凡植,H1--103,,"8,9",,,,,,"[{""day"": 2, ""dayName"": ""星期二"", ""periods"": [""8"", ""9""], ""raw"": ""8,9""}]",限修,限東語系學生選修,https://course.nuk.edu.tw/QueryCourse/tcontent.asp?OpenYear=106&Helf=1&Sclass=SO&Cono=B917,2026-08-26T18:17:54+00:00
106-1-SO-B918-A-1-A,106,1,共同與通識課程,SO,通識社會科學類,B918,A,大學部,1,A,大學入門(運技系),1,選,48,47,,1,黃全成,B01-207-4,,"8,9",,,,,,"[{""day"": 2, ""dayName"": ""星期二"", ""periods"": [""8"", ""9""], ""raw"": ""8,9""}]",限修及外加,限運技系學生選修,https://course.nuk.edu.tw/QueryCourse/tcontent.asp?OpenYear=106&Helf=1&Sclass=SO&Cono=B918,2026-08-26T18:17:54+00:00
106-1-SO-B921-A-1-A,106,1,共同與通識課程,SO,通識社會科學類,B921,A,大學部,1,A,大學入門(法律系),1,選,60,19,,41,林昭志,L02-101,,"8,9",,,,,,"[{""day"": 2, ""dayName"": ""星期二"", ""periods"": [""8"", ""9""], ""raw"": ""8,9""}]",限修,限法律系大一生選修,https://course.nuk.edu.tw/QueryCourse/tcontent.asp?OpenYear=106&Helf=1&Sclass=SO&Cono=B921,2026-08-26T18:17:54+00:00
106-1-SO-B922-A-1-A,106,1,共同與通識課程,SO,通識社會科學類,B922,A,大學部,1,A,大學入門(政法系),1,選,60,30,,30,邵惠玲,L02-106,,"8,9",,,,,,"[{""day"": 2, ""dayName"": ""星期二"", ""periods"": [""8"", ""9""], ""raw"": ""8,9""}]",限修,限政法系大一生選修,https://course.nuk.edu.tw/QueryCourse/tcontent.asp?OpenYear=106&Helf=1&Sclass=SO&Cono=B922,2026-08-26T18:17:54+00:00
106-1-SO-B923-A-1-A,106,1,共同與通識課程,SO,通識社會科學類,B923,A,大學部,1,A,大學入門(財法系),1,選,40,13,,27,周伯翰,L02-108,,"8,9",,,,,,"[{""day"": 2, ""dayName"": ""星期二"", ""periods"": [""8"", ""9""], ""raw"": ""8,9""}]",限修,限財法系大一生選修,https://course.nuk.edu.tw/QueryCourse/tcontent.asp?OpenYear=106&Helf=1&Sclass=SO&Cono=B923,2026-08-26T18:17:54+00:00
106-1-SO-B931-A-1-A,106,1,共同與通識課程,SO,通識社會科學類,B931,A,大學部,1,A,大學入門(應經系),1,選,60,26,,34,鄭義暉,M01-201,,"8,9",,,,,,"[{""day"": 2, ""dayName"": ""星期二"", ""periods"": [""8"", ""9""], ""raw"": ""8,9""}]",限修,限應經系學生選修,https://course.nuk.edu.tw/QueryCourse/tcontent.asp?OpenYear=106&Helf=1&Sclass=SO&Cono=B931,2026-08-26T18:17:54+00:00
106-1-SO-B932-A-1-A,106,1,共同與通識課程,SO,通識社會科學類,B932,A,大學部,1,A,大學入門(金管系),1,選,60,22,,38,楊琬如,M01-103,,"8,9",,,,,,"[{""day"": 2, ""dayName"": ""星期二"", ""periods"": [""8"", ""9""], ""raw"": ""8,9""}]",限修,限金管系學生選修,https://course.nuk.edu.tw/QueryCourse/tcontent.asp?OpenYear=106&Helf=1&Sclass=SO&Cono=B932,2026-08-26T18:17:54+00:00
106-1-SO-B933-A-1-A,106,1,共同與通識課程,SO,通識社會科學類,B933,A,大學部,1,A,大學入門(資管系),1,選,60,41,,19,楊新章 蕭漢威,M01-206,,"8,9",,,,,,"[{""day"": 2, ""dayName"": ""星期二"", ""periods"": [""8"", ""9""], ""raw"": ""8,9""}]",限修,限資管系同學選修,https://course.nuk.edu.tw/QueryCourse/tcontent.asp?OpenYear=106&Helf=1&Sclass=SO&Cono=B933,2026-08-26T18:17:54+00:00
106-1-SO-B941-A-1-A,106,1,共同與通識課程,SO,通識社會科學類,B941,A,大學部,1,A,大學入門(應數系),1,選,60,44,,16,吳宗芳,C02-406,,"8,9",,,,,,"[{""day"": 2, ""dayName"": ""星期二"", ""periods"": [""8"", ""9""], ""raw"": ""8,9""}]",限修,限應數系同學選修,https://course.nuk.edu.tw/QueryCourse/tcontent.asp?OpenYear=106&Helf=1&Sclass=SO&Cono=B941,2026-08-26T18:17:54+00:00
106-1-SO-B942-A-1-A,106,1,共同與通識課程,SO,通識社會科學類,B942,A,大學部,1,A,大學入門(應化系),1,選,60,5,,55,莊曜遠,C02-104,,"8,9",,,,,,"[{""day"": 2, ""dayName"": ""星期二"", ""periods"": [""8"", ""9""], ""raw"": ""8,9""}]",限修,限應化系同學選修,https://course.nuk.edu.tw/QueryCourse/tcontent.asp?OpenYear=106&Helf=1&Sclass=SO&Cono=B942,2026-08-26T18:17:54+00:00
106-1-SO-B943-A-1-A,106,1,共同與通識課程,SO,通識社會科學類,B943,A,大學部,1,A,大學入門(應物系),1,選,60,31,,29,余進忠 韓岱君 謝振豪,C02-407,,"8,9",,,,,,"[{""day"": 2, ""dayName"": ""星期二"", ""periods"": [""8"", ""9""], ""raw"": ""8,9""}]",限修,限應物系同學選修,https://course.nuk.edu.tw/QueryCourse/tcontent.asp?OpenYear=106&Helf=1&Sclass=SO&Cono=B943,2026-08-26T18:17:54+00:00
106-1-SO-B952-A-1-A,106,1,共同與通識課程,SO,通識社會科學類,B952,A,大學部,1,A,大學入門(土環系),1,選,60,20,,40,袁菁,C01-B104,,"8,9",,,,,,"[{""day"": 2, ""dayName"": ""星期二"", ""periods"": [""8"", ""9""], ""raw"": ""8,9""}]",限修,限土環系同學選修,https://course.nuk.edu.tw/QueryCourse/tcontent.asp?OpenYear=106&Helf=1&Sclass=SO&Cono=B952,2026-08-26T18:17:54+00:00
106-1-SO-B955-A-1-A,106,1,共同與通識課程,SO,通識社會科學類,B955,A,大學部,1,A,大學入門(資工系),1,選,50,16,,34,吳俊興 殷堂凱,B01-204,,"8,9",,,,,,"[{""day"": 2, ""dayName"": ""星期二"", ""periods"": [""8"", ""9""], ""raw"": ""8,9""}]",限修,限資工系同學選修,https://course.nuk.edu.tw/QueryCourse/tcontent.asp?OpenYear=106&Helf=1&Sclass=SO&Cono=B955,2026-08-26T18:17:54+00:00
106-1-SO-B956-A-1-A,106,1,共同與通識課程,SO,通識社會科學類,B956,A,大學部,1,A,大學入門(化材系),1,選,60,22,,38,楊乾信,C01-106,,"8,9",,,,,,"[{""day"": 2, ""dayName"": ""星期二"", ""periods"": [""8"", ""9""], ""raw"": ""8,9""}]",限修,限化材系大一生選修,https://course.nuk.edu.tw/QueryCourse/tcontent.asp?OpenYear=106&Helf=1&Sclass=SO&Cono=B956,2026-08-26T18:17:54+00:00
106-1-SO-B961-A-1-A,106,1,共同與通識課程,SO,通識社會科學類,B961,A,大學部,1,A,大學入門(生科系),1,選,60,33,,27,黃永森 施能朗,C02-101,,"8,9",,,,,,"[{""day"": 2, ""dayName"": ""星期二"", ""periods"": [""8"", ""9""], ""raw"": ""8,9""}]",限修,限生科系同學選修,https://course.nuk.edu.tw/QueryCourse/tcontent.asp?OpenYear=106&Helf=1&Sclass=SO&Cono=B961,2026-08-26T18:17:54+00:00
106-1-SO-B971-A-1-A,106,1,共同與通識課程,SO,通識社會科學類,B971,A,大學部,1,A,大學入門(亞太系),1,選,65,6,,59,林聖蒨,M01-208,,"8,9",,,,,,"[{""day"": 2, ""dayName"": ""星期二"", ""periods"": [""8"", ""9""], ""raw"": ""8,9""}]",限修,限亞太系同學選修,https://course.nuk.edu.tw/QueryCourse/tcontent.asp?OpenYear=106&Helf=1&Sclass=SO&Cono=B971,2026-08-26T18:17:54+00:00
106-1-CE-A01A-A-1-A,106,1,工學院,CE,土木與環境工程學系,A01A,A,大學部,1,A,微積分(一),3,必,60,58,,2,童士恒,B01-103,,,,"5,6",1,,,"[{""day"": 4, ""dayName"": ""星期四"", ""periods"": [""5"", ""6""], ""raw"": ""5,6""}, {""day"": 5, ""dayName"": ""星期五"", ""periods"": [""1""], ""raw"": ""1""}]",,,https://course.nuk.edu.tw/QueryCourse/tcontent.asp?OpenYear=106&Helf=1&Sclass=CE&Cono=A01A,2026-08-26T18:17:54+00:00
106-1-CE-A031-A-1-A,106,1,工學院,CE,土木與環境工程學系,A031,A,大學部,1,A,土木與環境工程概論,3,必,61,59,,2,施博仁 葉琮裕,C01-105,,"5,6, 7",,,,,,"[{""day"": 2, ""dayName"": ""星期二"", ""periods"": [""5"", ""6"", ""7""], ""raw"": ""5,6, 7""}]",外加,,https://course.nuk.edu.tw/QueryCourse/tcontent.asp?OpenYear=106&Helf=1&Sclass=CE&Cono=A031,2026-08-26T18:17:54+00:00
106-1-CE-A051-A-1-A,106,1,工學院,CE,土木與環境工程學系,A051,A,大學部,1,A,普通物理,3,必,70,50,,20,吳明淏,B01-103,,,,"7,8, 9",,,,"[{""day"": 4, ""dayName"": ""星期四"", ""periods"": [""7"", ""8"", ""9""], ""raw"": ""7,8, 9""}]",,,https://course.nuk.edu.tw/QueryCourse/tcontent.asp?OpenYear=106&Helf=1&Sclass=CE&Cono=A051,2026-08-26T18:17:54+00:00
106-1-CE-A081-A-1-A,106,1,工學院,CE,土木與環境工程學系,A081,A,大學部,1,A,計算機概論與程式語言,3,必,60,53,,7,施博仁,C01-104,,"2,3, 4",,,,,,"[{""day"": 2, ""dayName"": ""星期二"", ""periods"": [""2"", ""3"", ""4""], ""raw"": ""2,3, 4""}]",,圖資電腦教室,https://course.nuk.edu.tw/QueryCourse/tcontent.asp?OpenYear=106&Helf=1&Sclass=CE&Cono=A081,2026-08-26T18:17:54+00:00
106-1-CE-A121-A-1-A,106,1,工學院,CE,土木與環境工程學系,A121,A,大學部,1,A,普通化學,3,必,60,59,,1,林啟琪,B01-204,,,"3,4",,3,,,"[{""day"": 3, ""dayName"": ""星期三"", ""periods"": [""3"", ""4""], ""raw"": ""3,4""}, {""day"": 5, ""dayName"": ""星期五"", ""periods"": [""3""], ""raw"": ""3""}]",,全英語授課,https://course.nuk.edu.tw/QueryCourse/tcontent.asp?OpenYear=106&Helf=1&Sclass=CE&Cono=A121,2026-08-26T18:17:54+00:00
106-1-CE-A502-A-1-A,106,1,工學院,CE,土木與環境工程學系,A502,A,大學部,1,A,測量學,2,選,60,55,,5,俞肇球,C01-B102,,,,"3,4",,,,"[{""day"": 4, ""dayName"": ""星期四"", ""periods"": [""3"", ""4""], ""raw"": ""3,4""}]",,,https://course.nuk.edu.tw/QueryCourse/tcontent.asp?OpenYear=106&Helf=1&Sclass=CE&Cono=A502,2026-08-26T18:17:54+00:00
106-1-CE-B011-A-2-A,106,1,工學院,CE,土木與環境工程學系,B011,A,大學部,2,A,材料力學,3,必,80,69,,11,俞肇球,C01-B104,,"5,6",,2,,,,"[{""day"": 2, ""dayName"": ""星期二"", ""periods"": [""5"", ""6""], ""raw"": ""5,6""}, {""day"": 4, ""dayName"": ""星期四"", ""periods"": [""2""], ""raw"": ""2""}]",,使用工學院大教室,https://course.nuk.edu.tw/QueryCourse/tcontent.asp?OpenYear=106&Helf=1&Sclass=CE&Cono=B011,2026-08-26T18:17:54+00:00
106-1-CE-B02A-A-2-A,106,1,工學院,CE,土木與環境工程學系,B02A,A,大學部,2,A,環境分析實驗(一),2,必,60,58,,2,林啟琪 業界教師,C01-113,,,,,"5,6, 7,8",,,"[{""day"": 5, ""dayName"": ""星期五"", ""periods"": [""5"", ""6"", ""7"", ""8""], ""raw"": ""5,6, 7,8""}]",,使用工學院113實驗室,https://course.nuk.edu.tw/QueryCourse/tcontent.asp?OpenYear=106&Helf=1&Sclass=CE&Cono=B02A,2026-08-26T18:17:54+00:00
106-1-CE-B10A-A-2-A,106,1,工學院,CE,土木與環境工程學系,B10A,A,大學部,2,A,工程數學(一),3,必,60,57,,3,張惠雲,C01-106 其他教室,,,4,"3,4",,,,"[{""day"": 3, ""dayName"": ""星期三"", ""periods"": [""4""], ""raw"": ""4""}, {""day"": 4, ""dayName"": ""星期四"", ""periods"": [""3"", ""4""], ""raw"": ""3,4""}]",,先修微積分(一)(二),https://course.nuk.edu.tw/QueryCourse/tcontent.asp?OpenYear=106&Helf=1&Sclass=CE&Cono=B10A,2026-08-26T18:17:54+00:00
106-1-CE-B111-A-2-A,106,1,工學院,CE,土木與環境工程學系,B111,A,大學部,2,A,工程材料,3,必,70,68,,2,陳振華,B01-103,"1,2, 3",,,,,,,"[{""day"": 1, ""dayName"": ""星期一"", ""periods"": [""1"", ""2"", ""3""], ""raw"": ""1,2, 3""}]",,,https://course.nuk.edu.tw/QueryCourse/tcontent.asp?OpenYear=106&Helf=1&Sclass=CE&Cono=B111,2026-08-26T18:17:54+00:00
106-1-CE-B531-A-2-A,106,1,工學院,CE,土木與環境工程學系,B531,A,大學部,2,A,水文學,3,選,70,53,,17,甯蜀光,C01-106,,"3,4",3,,,,,"[{""day"": 2, ""dayName"": ""星期二"", ""periods"": [""3"", ""4""], ""raw"": ""3,4""}, {""day"": 3, ""dayName"": ""星期三"", ""periods"": [""3""], ""raw"": ""3""}]",,使用工學院大教室,https://course.nuk.edu.tw/QueryCourse/tcontent.asp?OpenYear=106&Helf=1&Sclass=CE&Cono=B531,2026-08-26T18:17:54+00:00
106-1-CE-B621-A-2-A,106,1,工學院,CE,土木與環境工程學系,B621,A,大學部,2,A,環工程序學,3,選,60,53,,7,連興隆 業界教師,B01-105,4,"1,2",,,,,,"[{""day"": 1, ""dayName"": ""星期一"", ""periods"": [""4""], ""raw"": ""4""}, {""day"": 2, ""dayName"": ""星期二"", ""periods"": [""1"", ""2""], ""raw"": ""1,2""}]",學程,,https://course.nuk.edu.tw/QueryCourse/tcontent.asp?OpenYear=106&Helf=1&Sclass=CE&Cono=B621,2026-08-26T18:17:54+00:00
106-1-CE-D711-A-2-A,106,1,工學院,CE,土木與環境工程學系,D711,A,大學部,2,A,測量學實習,1,選,20,20,,0,俞肇球,C01-501-1,,,,"7,8, 9",,,,"[{""day"": 4, ""dayName"": ""星期四"", ""periods"": [""7"", ""8"", ""9""], ""raw"": ""7,8, 9""}]",先修,先修測量學及格，使用工501-1實驗室,https://course.nuk.edu.tw/QueryCourse/tcontent.asp?OpenYear=106&Helf=1&Sclass=CE&Cono=D711,2026-08-26T18:17:54+00:00
106-1-CE-A601-A-3-A,106,1,工學院,CE,土木與環境工程學系,A601,A,大學部,3,A,地理資訊系統,3,選,60,26,,34,吳明淏,L01-107,,,"7,8, 9",,,,,"[{""day"": 3, ""dayName"": ""星期三"", ""periods"": [""7"", ""8"", ""9""], ""raw"": ""7,8, 9""}]",,軟體需求使用圖資電腦教室107,https://course.nuk.edu.tw/QueryCourse/tcontent.asp?OpenYear=106&Helf=1&Sclass=CE&Cono=A601,2026-08-26T18:17:54+00:00
106-1-CE-B521-A-3-A,106,1,工學院,CE,土木與環境工程學系,B521,A,大學部,3,A,地下水,3,選,40,19,,21,袁菁,C01-106,"3,4",2,,,,,,"[{""day"": 1, ""dayName"": ""星期一"", ""periods"": [""3"", ""4""], ""raw"": ""3,4""}, {""day"": 2, ""dayName"": ""星期二"", ""periods"": [""2""], ""raw"": ""2""}]",,,https://course.nuk.edu.tw/QueryCourse/tcontent.asp?OpenYear=106&Helf=1&Sclass=CE&Cono=B521,2026-08-26T18:17:54+00:00
106-1-CE-B561-A-3-A,106,1,工學院,CE,土木與環境工程學系,B561,A,大學部,3,A,工程與環境地質,3,選,48,48,,0,黃國忠,B01-B108,,"2,3, 4",,,,,,"[{""day"": 2, ""dayName"": ""星期二"", ""periods"": [""2"", ""3"", ""4""], ""raw"": ""2,3, 4""}]",外加,黃國忠老師,https://course.nuk.edu.tw/QueryCourse/tcontent.asp?OpenYear=106&Helf=1&Sclass=CE&Cono=B561,2026-08-26T18:17:54+00:00
106-1-CE-C01B-A-3-A,106,1,工學院,CE,土木與環境工程學系,C01B,A,大學部,3,A,土木工程實驗(二),1,必,61,61,,0,童士恒,C01-102,,,,,"5,6, 7",,,"[{""day"": 5, ""dayName"": ""星期五"", ""periods"": [""5"", ""6"", ""7""], ""raw"": ""5,6, 7""}]",外加,使用工學院102實驗室,https://course.nuk.edu.tw/QueryCourse/tcontent.asp?OpenYear=106&Helf=1&Sclass=CE&Cono=C01B,2026-08-26T18:17:54+00:00
106-1-CE-C501-A-3-A,106,1,工學院,CE,土木與環境工程學系,C501,A,大學部,3,A,基礎工程,3,選,48,48,,0,柯永彥,C01-106,,,,,"2,3, 4",,,"[{""day"": 5, ""dayName"": ""星期五"", ""periods"": [""2"", ""3"", ""4""], ""raw"": ""2,3, 4""}]",外加,柯永彥老師,https://course.nuk.edu.tw/QueryCourse/tcontent.asp?OpenYear=106&Helf=1&Sclass=CE&Cono=C501,2026-08-26T18:17:54+00:00
106-1-CE-C511-A-3-A,106,1,工學院,CE,土木與環境工程學系,C511,A,大學部,3,A,工程數學(三),3,選,44,39,,5,施博仁,C01-B102-1,"7,8",,2,,,,,"[{""day"": 1, ""dayName"": ""星期一"", ""periods"": [""7"", ""8""], ""raw"": ""7,8""}, {""day"": 3, ""dayName"": ""星期三"", ""periods"": [""2""], ""raw"": ""2""}]",,,https://course.nuk.edu.tw/QueryCourse/tcontent.asp?OpenYear=106&Helf=1&Sclass=CE&Cono=C511,2026-08-26T18:17:54+00:00
106-1-CE-C521-A-3-A,106,1,工學院,CE,土木與環境工程學系,C521,A,大學部,3,A,地下環境污染防制,3,選,40,13,,27,袁菁,C01-B102-1,2,"3,4",,,,,,"[{""day"": 1, ""dayName"": ""星期一"", ""periods"": [""2""], ""raw"": ""2""}, {""day"": 2, ""dayName"": ""星期二"", ""periods"": [""3"", ""4""], ""raw"": ""3,4""}]",,,https://course.nuk.edu.tw/QueryCourse/tcontent.asp?OpenYear=106&Helf=1&Sclass=CE&Cono=C521,2026-08-26T18:17:54+00:00
106-1-CE-C542-A-3-A,106,1,工學院,CE,土木與環境工程學系,C542,A,大學部,3,A,固體廢棄物,3,選,40,30,,10,林秋良,C01-B102-1,,,"3,4",4,,,,"[{""day"": 3, ""dayName"": ""星期三"", ""periods"": [""3"", ""4""], ""raw"": ""3,4""}, {""day"": 4, ""dayName"": ""星期四"", ""periods"": [""4""], ""raw"": ""4""}]",,,https://course.nuk.edu.tw/QueryCourse/tcontent.asp?OpenYear=106&Helf=1&Sclass=CE&Cono=C542,2026-08-26T18:17:54+00:00
106-1-CE-C611-A-3-A,106,1,工學院,CE,土木與環境工程學系,C611,A,大學部,3,A,專題研究(一),1,選,30,7,,23,甯蜀光,C01-413,,Y,,,,,,"[{""day"": 2, ""dayName"": ""星期二"", ""periods"": [""Y""], ""raw"": ""Y""}]",,,https://course.nuk.edu.tw/QueryCourse/tcontent.asp?OpenYear=106&Helf=1&Sclass=CE&Cono=C611,2026-08-26T18:17:54+00:00
106-1-CE-C661-A-3-A,106,1,工學院,CE,土木與環境工程學系,C661,A,大學部,3,A,環境微生物,3,選,60,49,,11,葉琮裕,C01-B102,,8,,"6,7",,,,"[{""day"": 2, ""dayName"": ""星期二"", ""periods"": [""8""], ""raw"": ""8""}, {""day"": 4, ""dayName"": ""星期四"", ""periods"": [""6"", ""7""], ""raw"": ""6,7""}]",,全英語授課,https://course.nuk.edu.tw/QueryCourse/tcontent.asp?OpenYear=106&Helf=1&Sclass=CE&Cono=C661,2026-08-26T18:17:54+00:00
106-1-CE-C681-A-3-A,106,1,工學院,CE,土木與環境工程學系,C681,A,大學部,3,A,鋼結構設計,3,選,42,42,,0,張惠雲,C01-B102,,,"5,6",5,,,,"[{""day"": 3, ""dayName"": ""星期三"", ""periods"": [""5"", ""6""], ""raw"": ""5,6""}, {""day"": 4, ""dayName"": ""星期四"", ""periods"": [""5""], ""raw"": ""5""}]",外加,先修材料力學,https://course.nuk.edu.tw/QueryCourse/tcontent.asp?OpenYear=106&Helf=1&Sclass=CE&Cono=C681,2026-08-26T18:17:54+00:00
106-1-CE-C631-A-4-A,106,1,工學院,CE,土木與環境工程學系,C631,A,大學部,4,A,土壤及地下水復育工程,3,選,40,22,,18,葉琮裕,B01-104,,,,8,"6,7",,,"[{""day"": 4, ""dayName"": ""星期四"", ""periods"": [""8""], ""raw"": ""8""}, {""day"": 5, ""dayName"": ""星期五"", ""periods"": [""6"", ""7""], ""raw"": ""6,7""}]",學程,全英語授課,https://course.nuk.edu.tw/QueryCourse/tcontent.asp?OpenYear=106&Helf=1&Sclass=CE&Cono=C631,2026-08-26T18:17:54+00:00
106-1-CE-C701-A-4-A,106,1,工學院,CE,土木與環境工程學系,C701,A,大學部,4,A,施工法,3,選,60,23,,37,童士恒 業界教師,C01-B101-1,,,"7,8",3,,,,"[{""day"": 3, ""dayName"": ""星期三"", ""periods"": [""7"", ""8""], ""raw"": ""7,8""}, {""day"": 4, ""dayName"": ""星期四"", ""periods"": [""3""], ""raw"": ""3""}]",,,https://course.nuk.edu.tw/QueryCourse/tcontent.asp?OpenYear=106&Helf=1&Sclass=CE&Cono=C701,2026-08-26T18:17:54+00:00
106-1-CE-D521-A-4-A,106,1,工學院,CE,土木與環境工程學系,D521,A,大學部,4,A,環工單元操作,3,選,16,16,,0,林秋良,C01-404-1,,,,"5,6, 7",,,,"[{""day"": 4, ""dayName"": ""星期四"", ""periods"": [""5"", ""6"", ""7""], ""raw"": ""5,6, 7""}]",,使用工學院404-1實驗室,https://course.nuk.edu.tw/QueryCourse/tcontent.asp?OpenYear=106&Helf=1&Sclass=CE&Cono=D521,2026-08-26T18:17:54+00:00
106-1-CE-D532-A-4-A,106,1,工學院,CE,土木與環境工程學系,D532,A,大學部,4,A,結構實驗,1,選,10,5,,5,陳振華 張惠雲,C01-B101,,,,,,"2,3, 4",,"[{""day"": 6, ""dayName"": ""星期六"", ""periods"": [""2"", ""3"", ""4""], ""raw"": ""2,3, 4""}]",,暑期準備校外實驗競賽,https://course.nuk.edu.tw/QueryCourse/tcontent.asp?OpenYear=106&Helf=1&Sclass=CE&Cono=D532,2026-08-26T18:17:54+00:00
106-1-CE-D70A-A-4-A,106,1,工學院,CE,土木與環境工程學系,D70A,A,大學部,4,A,業界實習(1),9,選,5,2,,3,張惠雲,,"X,1, 2,3, 4,Y, 5,6, 7",,,,,,,"[{""day"": 1, ""dayName"": ""星期一"", ""periods"": [""X"", ""1"", ""2"", ""3"", ""4"", ""Y"", ""5"", ""6"", ""7""], ""raw"": ""X,1, 2,3, 4,Y, 5,6, 7""}]",,校外實習課程無需教室，總時數應達486小時。,https://course.nuk.edu.tw/QueryCourse/tcontent.asp?OpenYear=106&Helf=1&Sclass=CE&Cono=D70A,2026-08-26T18:17:54+00:00
106-1-CE-F531-A-4-A,106,1,工學院,CE,土木與環境工程學系,F531,A,大學部,4,A,廢棄物處理系統設計,3,選,40,16,,24,林秋良 業界教師,C01-414,,,2,"2,3",,,,"[{""day"": 3, ""dayName"": ""星期三"", ""periods"": [""2""], ""raw"": ""2""}, {""day"": 4, ""dayName"": ""星期四"", ""periods"": [""2"", ""3""], ""raw"": ""2,3""}]",,大四研一合開,https://course.nuk.edu.tw/QueryCourse/tcontent.asp?OpenYear=106&Helf=1&Sclass=CE&Cono=F531,2026-08-26T18:17:54+00:00
106-1-CE-F551-A-4-A,106,1,工學院,CE,土木與環境工程學系,F551,A,大學部,4,A,環境系統分析,3,選,30,11,,19,甯蜀光,C01-B101 其他教室,,"6,7",4,,,,,"[{""day"": 2, ""dayName"": ""星期二"", ""periods"": [""6"", ""7""], ""raw"": ""6,7""}, {""day"": 3, ""dayName"": ""星期三"", ""periods"": [""4""], ""raw"": ""4""}]",,大四研一合開,https://course.nuk.edu.tw/QueryCourse/tcontent.asp?OpenYear=106&Helf=1&Sclass=CE&Cono=F551,2026-08-26T18:17:54+00:00
106-1-CE-F631-A-4-A,106,1,工學院,CE,土木與環境工程學系,F631,A,大學部,4,A,訊號處理與頻譜分析,3,選,11,11,,0,張惠雲,B01-101,,"2,3, 4",,,,,,"[{""day"": 2, ""dayName"": ""星期二"", ""periods"": [""2"", ""3"", ""4""], ""raw"": ""2,3, 4""}]",外加,大四研一合開,https://course.nuk.edu.tw/QueryCourse/tcontent.asp?OpenYear=106&Helf=1&Sclass=CE&Cono=F631,2026-08-26T18:17:54+00:00
106-1-CE-F651-A-4-A,106,1,工學院,CE,土木與環境工程學系,F651,A,大學部,4,A,結構健康監測與試驗,3,選,8,8,,0,陳振華,C01-B102-1,"4,5, 6",,,,,,,"[{""day"": 1, ""dayName"": ""星期一"", ""periods"": [""4"", ""5"", ""6""], ""raw"": ""4,5, 6""}]",外加,因設備與試驗場地有限，限修8人，以碩士生優先，大四研一合開,https://course.nuk.edu.tw/QueryCourse/tcontent.asp?OpenYear=106&Helf=1&Sclass=CE&Cono=F651,2026-08-26T18:17:54+00:00
106-1-CE-F011-M-1-,106,1,工學院,CE,土木與環境工程學系,F011,M,碩士班,1,,專題討論(A),0,必,30,11,,19,張惠雲,C01-B101,,,"7,8",,,,,"[{""day"": 3, ""dayName"": ""星期三"", ""periods"": [""7"", ""8""], ""raw"": ""7,8""}]",,,https://course.nuk.edu.tw/QueryCourse/tcontent.asp?OpenYear=106&Helf=1&Sclass=CE&Cono=F011,2026-08-26T18:17:54+00:00
106-1-CE-F021-M-1-,106,1,工學院,CE,土木與環境工程學系,F021,M,碩士班,1,,專題討論(B),0,必,30,9,,21,林啟琪,C01-B102-1,,,"7,8",,,,,"[{""day"": 3, ""dayName"": ""星期三"", ""periods"": [""7"", ""8""], ""raw"": ""7,8""}]",,,https://course.nuk.edu.tw/QueryCourse/tcontent.asp?OpenYear=106&Helf=1&Sclass=CE&Cono=F021,2026-08-26T18:17:54+00:00
106-1-CE-F500-M-1-,106,1,工學院,CE,土木與環境工程學系,F500,M,碩士班,1,,教學實務演練(土木與環境工程學系),0,選,24,24,,0,吳明淏,,,X,,,,,,"[{""day"": 2, ""dayName"": ""星期二"", ""periods"": [""X""], ""raw"": ""X""}]",外加,指定加簽，申請擔任學習型兼任教學助理之學生必須修習本課程。請於加退選作業結束前上網完成選課作業。,https://course.nuk.edu.tw/QueryCourse/tcontent.asp?OpenYear=106&Helf=1&Sclass=CE&Cono=F500,2026-08-26T18:17:54+00:00
106-1-CE-F521-M-1-,106,1,工學院,CE,土木與環境工程學系,F521,M,碩士班,1,,實驗規劃與設計,3,選,20,4,,16,袁菁,C01-413,"5,6, 7",,,,,,,"[{""day"": 1, ""dayName"": ""星期一"", ""periods"": [""5"", ""6"", ""7""], ""raw"": ""5,6, 7""}]",,,https://course.nuk.edu.tw/QueryCourse/tcontent.asp?OpenYear=106&Helf=1&Sclass=CE&Cono=F521,2026-08-26T18:17:54+00:00
106-1-CE-F531-M-1-,106,1,工學院,CE,土木與環境工程學系,F531,M,碩士班,1,,廢棄物處理系統設計,3,選,40,16,,24,林秋良 業界教師,C01-414,,,2,"2,3",,,,"[{""day"": 3, ""dayName"": ""星期三"", ""periods"": [""2""], ""raw"": ""2""}, {""day"": 4, ""dayName"": ""星期四"", ""periods"": [""2"", ""3""], ""raw"": ""2,3""}]",,大四研一合開,https://course.nuk.edu.tw/QueryCourse/tcontent.asp?OpenYear=106&Helf=1&Sclass=CE&Cono=F531,2026-08-26T18:17:54+00:00
106-1-CE-F541-M-1-,106,1,工學院,CE,土木與環境工程學系,F541,M,碩士班,1,,環工理化原理,3,選,30,4,,26,連興隆,C01-B102,"2,3",3,,,,,,"[{""day"": 1, ""dayName"": ""星期一"", ""periods"": [""2"", ""3""], ""raw"": ""2,3""}, {""day"": 2, ""dayName"": ""星期二"", ""periods"": [""3""], ""raw"": ""3""}]",,,https://course.nuk.edu.tw/QueryCourse/tcontent.asp?OpenYear=106&Helf=1&Sclass=CE&Cono=F541,2026-08-26T18:17:54+00:00
106-1-CE-F551-M-1-,106,1,工學院,CE,土木與環境工程學系,F551,M,碩士班,1,,環境系統分析,3,選,30,11,,19,甯蜀光,C01-B101 其他教室,,"6,7",4,,,,,"[{""day"": 2, ""dayName"": ""星期二"", ""periods"": [""6"", ""7""], ""raw"": ""6,7""}, {""day"": 3, ""dayName"": ""星期三"", ""periods"": [""4""], ""raw"": ""4""}]",,大四研一合開,https://course.nuk.edu.tw/QueryCourse/tcontent.asp?OpenYear=106&Helf=1&Sclass=CE&Cono=F551,2026-08-26T18:17:54+00:00
106-1-CE-F631-M-1-,106,1,工學院,CE,土木與環境工程學系,F631,M,碩士班,1,,訊號處理與頻譜分析,3,選,11,11,,0,張惠雲,B01-101,,"2,3, 4",,,,,,"[{""day"": 2, ""dayName"": ""星期二"", ""periods"": [""2"", ""3"", ""4""], ""raw"": ""2,3, 4""}]",外加,大四研一合開,https://course.nuk.edu.tw/QueryCourse/tcontent.asp?OpenYear=106&Helf=1&Sclass=CE&Cono=F631,2026-08-26T18:17:54+00:00
106-1-CE-F651-M-1-,106,1,工學院,CE,土木與環境工程學系,F651,M,碩士班,1,,結構健康監測與試驗,3,選,8,8,,0,陳振華,C01-B102-1,"4,5, 6",,,,,,,"[{""day"": 1, ""dayName"": ""星期一"", ""periods"": [""4"", ""5"", ""6""], ""raw"": ""4,5, 6""}]",外加,因設備與試驗場地有限，限修8人，以碩士生優先，大四研一合開,https://course.nuk.edu.tw/QueryCourse/tcontent.asp?OpenYear=106&Helf=1&Sclass=CE&Cono=F651,2026-08-26T18:17:54+00:00
106-1-CE-F713-M-1-,106,1,工學院,CE,土木與環境工程學系,F713,M,碩士班,1,,污染防治復育特論,3,選,10,6,,4,袁菁 林秋良 葉琮裕,,"8,9, 10",,,,,,,"[{""day"": 1, ""dayName"": ""星期一"", ""periods"": [""8"", ""9"", ""10""], ""raw"": ""8,9, 10""}]",,使用教師研究室,https://course.nuk.edu.tw/QueryCourse/tcontent.asp?OpenYear=106&Helf=1&Sclass=CE&Cono=F713,2026-08-26T18:17:54+00:00
106-1-CE-F714-M-1-,106,1,工學院,CE,土木與環境工程學系,F714,M,碩士班,1,,環境管理特論,3,選,10,3,,7,甯蜀光 連興隆 林啟琪,,"8,9, 10",,,,,,,"[{""day"": 1, ""dayName"": ""星期一"", ""periods"": [""8"", ""9"", ""10""], ""raw"": ""8,9, 10""}]",,使用教師研究室,https://course.nuk.edu.tw/QueryCourse/tcontent.asp?OpenYear=106&Helf=1&Sclass=CE&Cono=F714,2026-08-26T18:17:54+00:00
106-1-CM-A01A-A-1-A,106,1,工學院,CM,化學工程及材料工程學系,A01A,A,大學部,1,A,微積分(一),3,必,60,47,,13,謝永堂,C01-105,,"2,3, 4",,,,,,"[{""day"": 2, ""dayName"": ""星期二"", ""periods"": [""2"", ""3"", ""4""], ""raw"": ""2,3, 4""}]",,全英語授課,https://course.nuk.edu.tw/QueryCourse/tcontent.asp?OpenYear=106&Helf=1&Sclass=CM&Cono=A01A,2026-08-26T18:17:54+00:00
106-1-CM-A021-A-1-A,106,1,工學院,CM,化學工程及材料工程學系,A021,A,大學部,1,A,普通物理,3,必,65,62,,3,楊證富,B01-105,"1,2, 3",,,,,,,"[{""day"": 1, ""dayName"": ""星期一"", ""periods"": [""1"", ""2"", ""3""], ""raw"": ""1,2, 3""}]",學程,屬「磁電材料」跨院系學分學程,https://course.nuk.edu.tw/QueryCourse/tcontent.asp?OpenYear=106&Helf=1&Sclass=CM&Cono=A021,2026-08-26T18:17:54+00:00
106-1-CM-A04A-A-1-A,106,1,工學院,CM,化學工程及材料工程學系,A04A,A,大學部,1,A,普通化學(一),2,必,60,43,,17,王宗櫚,C01-106,,"6,7",,,,,,"[{""day"": 2, ""dayName"": ""星期二"", ""periods"": [""6"", ""7""], ""raw"": ""6,7""}]",學程,屬高值化金屬製備特色人才培育學程,https://course.nuk.edu.tw/QueryCourse/tcontent.asp?OpenYear=106&Helf=1&Sclass=CM&Cono=A04A,2026-08-26T18:17:54+00:00
106-1-CM-A051-A-1-A,106,1,工學院,CM,化學工程及材料工程學系,A051,A,大學部,1,A,普通化學實驗,1,必,61,42,,19,鍾宜璋,C01-112 其他教室,,,"2,3, 4",,,,,"[{""day"": 3, ""dayName"": ""星期三"", ""periods"": [""2"", ""3"", ""4""], ""raw"": ""2,3, 4""}]",,教室使用112實驗室與普通教室,https://course.nuk.edu.tw/QueryCourse/tcontent.asp?OpenYear=106&Helf=1&Sclass=CM&Cono=A051,2026-08-26T18:17:54+00:00
106-1-CM-A07A-A-1-A,106,1,工學院,CM,化學工程及材料工程學系,A07A,A,大學部,1,A,化工與材料科學導論(一),3,必,60,56,,4,王瑞琪,C01-106,,,,"2,3, 4",,,,"[{""day"": 4, ""dayName"": ""星期四"", ""periods"": [""2"", ""3"", ""4""], ""raw"": ""2,3, 4""}]",學程,屬高值化金屬製備特色人才培育學程，屬生技產業跨領域學程,https://course.nuk.edu.tw/QueryCourse/tcontent.asp?OpenYear=106&Helf=1&Sclass=CM&Cono=A07A,2026-08-26T18:17:54+00:00
106-1-CM-A181-A-1-A,106,1,工學院,CM,化學工程及材料工程學系,A181,A,大學部,1,A,生命科學概論,3,必,60,49,,11,王俊順,C02-104,,,,"5,6, 7",,,,"[{""day"": 4, ""dayName"": ""星期四"", ""periods"": [""5"", ""6"", ""7""], ""raw"": ""5,6, 7""}]",學程,"屬生技產業跨領域學程, 使用理學院教室",https://course.nuk.edu.tw/QueryCourse/tcontent.asp?OpenYear=106&Helf=1&Sclass=CM&Cono=A181,2026-08-26T18:17:54+00:00
106-1-CM-B00A-A-2-A,106,1,工學院,CM,化學工程及材料工程學系,B00A,A,大學部,2,A,工程數學(一),3,必,70,66,,4,楊乾信,B01-103,,,"2,3, 4",,,,,"[{""day"": 3, ""dayName"": ""星期三"", ""periods"": [""2"", ""3"", ""4""], ""raw"": ""2,3, 4""}]",,全英語授課,https://course.nuk.edu.tw/QueryCourse/tcontent.asp?OpenYear=106&Helf=1&Sclass=CM&Cono=B00A,2026-08-26T18:17:54+00:00
106-1-CM-B01B-A-2-A,106,1,工學院,CM,化學工程及材料工程學系,B01B,A,大學部,2,A,物理化學(二),3,必,60,52,,8,陳文正,B01-105,,"5,6, 7",,,,,,"[{""day"": 2, ""dayName"": ""星期二"", ""periods"": [""5"", ""6"", ""7""], ""raw"": ""5,6, 7""}]",,,https://course.nuk.edu.tw/QueryCourse/tcontent.asp?OpenYear=106&Helf=1&Sclass=CM&Cono=B01B,2026-08-26T18:17:54+00:00
106-1-CM-B031-A-2-A,106,1,工學院,CM,化學工程及材料工程學系,B031,A,大學部,2,A,材料化學實驗,1,必,30,24,,6,蘇進成,C01-112 其他教室,,,,"5,6, 7",,,,"[{""day"": 4, ""dayName"": ""星期四"", ""periods"": [""5"", ""6"", ""7""], ""raw"": ""5,6, 7""}]",,請學號雙號同學選修本課程,https://course.nuk.edu.tw/QueryCourse/tcontent.asp?OpenYear=106&Helf=1&Sclass=CM&Cono=B031,2026-08-26T18:17:54+00:00
106-1-CM-B080-A-2-A,106,1,工學院,CM,化學工程及材料工程學系,B080,A,大學部,2,A,物理化學實驗,1,必,30,22,,8,陳文正,C01-112 其他教室,,,,,"2,3, 4",,,"[{""day"": 5, ""dayName"": ""星期五"", ""periods"": [""2"", ""3"", ""4""], ""raw"": ""2,3, 4""}]",,請學號單號同學選修本課程，教室使用112實驗室與普通教室,https://course.nuk.edu.tw/QueryCourse/tcontent.asp?OpenYear=106&Helf=1&Sclass=CM&Cono=B080,2026-08-26T18:17:54+00:00
106-1-CM-B091-A-2-A,106,1,工學院,CM,化學工程及材料工程學系,B091,A,大學部,2,A,有機材料化學(一),3,必,60,55,,5,鍾宜璋,B01-104,,,,"2,3, 4",,,,"[{""day"": 4, ""dayName"": ""星期四"", ""periods"": [""2"", ""3"", ""4""], ""raw"": ""2,3, 4""}]",,全英語授課,https://course.nuk.edu.tw/QueryCourse/tcontent.asp?OpenYear=106&Helf=1&Sclass=CM&Cono=B091,2026-08-26T18:17:54+00:00
106-1-CM-B601-A-2-A,106,1,工學院,CM,化學工程及材料工程學系,B601,A,大學部,2,A,光電工程概論,3,選,60,28,,32,楊證富,B01-104,,"2,3, 4",,,,,,"[{""day"": 2, ""dayName"": ""星期二"", ""periods"": [""2"", ""3"", ""4""], ""raw"": ""2,3, 4""}]",,,https://course.nuk.edu.tw/QueryCourse/tcontent.asp?OpenYear=106&Helf=1&Sclass=CM&Cono=B601,2026-08-26T18:17:54+00:00
106-1-CM-C662-A-2-A,106,1,工學院,CM,化學工程及材料工程學系,C662,A,大學部,2,A,金屬材料,3,選,60,41,,19,何文福 業界教師,C01-B101-1,,,,,"5,6, 7",,,"[{""day"": 5, ""dayName"": ""星期五"", ""periods"": [""5"", ""6"", ""7""], ""raw"": ""5,6, 7""}]",,"屬高值化金屬製備特色人才培育學程, 屬「磁電材料」跨院系學分學程",https://course.nuk.edu.tw/QueryCourse/tcontent.asp?OpenYear=106&Helf=1&Sclass=CM&Cono=C662,2026-08-26T18:17:54+00:00
106-1-CM-B11A-A-3-A,106,1,工學院,CM,化學工程及材料工程學系,B11A,A,大學部,3,A,化工與材料輸送現象(一),3,必,80,53,,27,林宏殷,C01-105,"5,6, 7",,,,,,,"[{""day"": 1, ""dayName"": ""星期一"", ""periods"": [""5"", ""6"", ""7""], ""raw"": ""5,6, 7""}]",,,https://course.nuk.edu.tw/QueryCourse/tcontent.asp?OpenYear=106&Helf=1&Sclass=CM&Cono=B11A,2026-08-26T18:17:54+00:00
106-1-CM-B531-A-3-A,106,1,工學院,CM,化學工程及材料工程學系,B531,A,大學部,3,A,生物化學,3,選,50,14,,36,葛孟杰,C02-106,,"2,3, 4",,,,,,"[{""day"": 2, ""dayName"": ""星期二"", ""periods"": [""2"", ""3"", ""4""], ""raw"": ""2,3, 4""}]",,使用理學院教室,https://course.nuk.edu.tw/QueryCourse/tcontent.asp?OpenYear=106&Helf=1&Sclass=CM&Cono=B531,2026-08-26T18:17:54+00:00
106-1-CM-B591-A-3-A,106,1,工學院,CM,化學工程及材料工程學系,B591,A,大學部,3,A,應用電化學,3,選,60,9,,51,陳文正,C01-105,,,,,"5,6, 7",,,"[{""day"": 5, ""dayName"": ""星期五"", ""periods"": [""5"", ""6"", ""7""], ""raw"": ""5,6, 7""}]",學程,屬高值化金屬製備特色人才培育學程,https://course.nuk.edu.tw/QueryCourse/tcontent.asp?OpenYear=106&Helf=1&Sclass=CM&Cono=B591,2026-08-26T18:17:54+00:00
106-1-CM-C051-A-3-A,106,1,工學院,CM,化學工程及材料工程學系,C051,A,大學部,3,A,材料物理,3,必,60,46,,14,王瑞琪,C01-105,,,,,"2,3, 4",,,"[{""day"": 5, ""dayName"": ""星期五"", ""periods"": [""2"", ""3"", ""4""], ""raw"": ""2,3, 4""}]",學程,"屬高值化金屬製備特色人才培育學程, 屬「磁電材料」跨院系學分學程",https://course.nuk.edu.tw/QueryCourse/tcontent.asp?OpenYear=106&Helf=1&Sclass=CM&Cono=C051,2026-08-26T18:17:54+00:00
106-1-CM-C071-A-3-A,106,1,工學院,CM,化學工程及材料工程學系,C071,A,大學部,3,A,化工與材料實驗(I),1,必,60,39,,21,何文福,C01-308 其他教室,,,"5,6, 7,8",,,,,"[{""day"": 3, ""dayName"": ""星期三"", ""periods"": [""5"", ""6"", ""7"", ""8""], ""raw"": ""5,6, 7,8""}]",,,https://course.nuk.edu.tw/QueryCourse/tcontent.asp?OpenYear=106&Helf=1&Sclass=CM&Cono=C071,2026-08-26T18:17:54+00:00
106-1-CM-C091-A-3-A,106,1,工學院,CM,化學工程及材料工程學系,C091,A,大學部,3,A,化工與材料動力學,3,必,60,48,,12,謝永堂,B01-104,,,"2,3, 4",,,,,"[{""day"": 3, ""dayName"": ""星期三"", ""periods"": [""2"", ""3"", ""4""], ""raw"": ""2,3, 4""}]",,全英語授課,https://course.nuk.edu.tw/QueryCourse/tcontent.asp?OpenYear=106&Helf=1&Sclass=CM&Cono=C091,2026-08-26T18:17:54+00:00
106-1-CM-C10A-A-3-A,106,1,工學院,CM,化學工程及材料工程學系,C10A,A,大學部,3,A,化工與材料熱力學(I),3,必,60,51,,9,蘇進成,C01-105,"2,3, 4",,,,,,,"[{""day"": 1, ""dayName"": ""星期一"", ""periods"": [""2"", ""3"", ""4""], ""raw"": ""2,3, 4""}]",學程,屬高值化金屬製備特色人才培育學程,https://course.nuk.edu.tw/QueryCourse/tcontent.asp?OpenYear=106&Helf=1&Sclass=CM&Cono=C10A,2026-08-26T18:17:54+00:00
106-1-CM-C641-A-3-A,106,1,工學院,CM,化學工程及材料工程學系,C641,A,大學部,3,A,專題研究(一),1,選,60,23,,37,何文福 王瑞琪 林宏殷 楊乾信 鍾宜璋,C01-105,,Y,Y,Y,,,,"[{""day"": 2, ""dayName"": ""星期二"", ""periods"": [""Y""], ""raw"": ""Y""}, {""day"": 3, ""dayName"": ""星期三"", ""periods"": [""Y""], ""raw"": ""Y""}, {""day"": 4, ""dayName"": ""星期四"", ""periods"": [""Y""], ""raw"": ""Y""}]",,,https://course.nuk.edu.tw/QueryCourse/tcontent.asp?OpenYear=106&Helf=1&Sclass=CM&Cono=C641,2026-08-26T18:17:54+00:00
106-1-CM-C69B-A-3-A,106,1,工學院,CM,化學工程及材料工程學系,C69B,A,大學部,3,A,業界實習(二),3,選,30,6,,24,謝永堂 王宗櫚 楊乾信,C01-105,,1,1,1,,,,"[{""day"": 2, ""dayName"": ""星期二"", ""periods"": [""1""], ""raw"": ""1""}, {""day"": 3, ""dayName"": ""星期三"", ""periods"": [""1""], ""raw"": ""1""}, {""day"": 4, ""dayName"": ""星期四"", ""periods"": [""1""], ""raw"": ""1""}]",學程,1.總實習時數應達162小時。2.與土環系合開。3.屬高值化金屬製備特色人才培育學程。,https://course.nuk.edu.tw/QueryCourse/tcontent.asp?OpenYear=106&Helf=1&Sclass=CM&Cono=C69B,2026-08-26T18:17:54+00:00
106-1-CM-D07A-A-3-A,106,1,工學院,CM,化學工程及材料工程學系,D07A,A,大學部,3,A,專題討論(I),0,必,60,37,,23,蘇進成 業界教師,B01-110,,"5,6",,,,,,"[{""day"": 2, ""dayName"": ""星期二"", ""periods"": [""5"", ""6""], ""raw"": ""5,6""}]",,使用綜合大樓演講廳授課,https://course.nuk.edu.tw/QueryCourse/tcontent.asp?OpenYear=106&Helf=1&Sclass=CM&Cono=D07A,2026-08-26T18:17:54+00:00
106-1-CM-D641-A-3-A,106,1,工學院,CM,化學工程及材料工程學系,D641,A,大學部,3,A,金屬特論與粉末冶金,3,選,60,37,,23,陳文正 謝永堂 業界教師,C01-105,,,,"5,6, 7",,,,"[{""day"": 4, ""dayName"": ""星期四"", ""periods"": [""5"", ""6"", ""7""], ""raw"": ""5,6, 7""}]",學程,屬高值化金屬製備特色人才培育學程，大三/大四合開，與土環系合開，教室使用105教室,https://course.nuk.edu.tw/QueryCourse/tcontent.asp?OpenYear=106&Helf=1&Sclass=CM&Cono=D641,2026-08-26T18:17:54+00:00
106-1-CM-F631-A-3-A,106,1,工學院,CM,化學工程及材料工程學系,F631,A,大學部,3,A,太陽能電池材料與元件,3,選,40,26,,14,屬綠能永續科技人才培育學程，與碩一、大四、大三合開,C01-105,,,,"2,3, 4",,,,"[{""day"": 4, ""dayName"": ""星期四"", ""periods"": [""2"", ""3"", ""4""], ""raw"": ""2,3, 4""}]",,屬綠能永續科技人才培育學程，與碩一、大四、大三合開,https://course.nuk.edu.tw/QueryCourse/tcontent.asp?OpenYear=106&Helf=1&Sclass=CM&Cono=F631,2026-08-26T18:17:54+00:00
106-1-CM-D051-A-4-A,106,1,工學院,CM,化學工程及材料工程學系,D051,A,大學部,4,A,專題研究(三),1,選,60,17,,43,陳文正 楊證富 王宗櫚 謝永堂 蘇進成,C01-106,,Y,Y,Y,,,,"[{""day"": 2, ""dayName"": ""星期二"", ""periods"": [""Y""], ""raw"": ""Y""}, {""day"": 3, ""dayName"": ""星期三"", ""periods"": [""Y""], ""raw"": ""Y""}, {""day"": 4, ""dayName"": ""星期四"", ""periods"": [""Y""], ""raw"": ""Y""}]",,,https://course.nuk.edu.tw/QueryCourse/tcontent.asp?OpenYear=106&Helf=1&Sclass=CM&Cono=D051,2026-08-26T18:17:54+00:00
106-1-CM-D582-A-4-A,106,1,工學院,CM,化學工程及材料工程學系,D582,A,大學部,4,A,單元操作理論與實作,3,選,30,15,,15,楊乾信,C01-B101,,"2,3, 4",,,,,,"[{""day"": 2, ""dayName"": ""星期二"", ""periods"": [""2"", ""3"", ""4""], ""raw"": ""2,3, 4""}]",,,https://course.nuk.edu.tw/QueryCourse/tcontent.asp?OpenYear=106&Helf=1&Sclass=CM&Cono=D582,2026-08-26T18:17:54+00:00
106-1-CM-D641-A-4-A,106,1,工學院,CM,化學工程及材料工程學系,D641,A,大學部,4,A,金屬特論與粉末冶金,3,選,60,37,,23,陳文正 謝永堂 業界教師,C01-105,,,,"5,6, 7",,,,"[{""day"": 4, ""dayName"": ""星期四"", ""periods"": [""5"", ""6"", ""7""], ""raw"": ""5,6, 7""}]",學程,屬高值化金屬製備特色人才培育學程，大三/大四合開，與土環系合開，教室使用105教室,https://course.nuk.edu.tw/QueryCourse/tcontent.asp?OpenYear=106&Helf=1&Sclass=CM&Cono=D641,2026-08-26T18:17:54+00:00
106-1-CM-F511-A-4-A,106,1,工學院,CM,化學工程及材料工程學系,F511,A,大學部,4,A,電子顯微鏡理論與應用,3,選,30,27,,3,王瑞琪,C01-B102,,,"2,3, 4",,,,,"[{""day"": 3, ""dayName"": ""星期三"", ""periods"": [""2"", ""3"", ""4""], ""raw"": ""2,3, 4""}]",,碩一與大四合開,https://course.nuk.edu.tw/QueryCourse/tcontent.asp?OpenYear=106&Helf=1&Sclass=CM&Cono=F511,2026-08-26T18:17:54+00:00
106-1-CM-F531-A-4-A,106,1,工學院,CM,化學工程及材料工程學系,F531,A,大學部,4,A,奈米生醫材料,3,選,30,23,,7,何文福 林宏殷,C01-414,"2,3, 4",,,,,,,"[{""day"": 1, ""dayName"": ""星期一"", ""periods"": [""2"", ""3"", ""4""], ""raw"": ""2,3, 4""}]",,大四與碩一合開,https://course.nuk.edu.tw/QueryCourse/tcontent.asp?OpenYear=106&Helf=1&Sclass=CM&Cono=F531,2026-08-26T18:17:54+00:00
106-1-CM-F593-A-4-A,106,1,工學院,CM,化學工程及材料工程學系,F593,A,大學部,4,A,工程倫理,2,選,21,17,,4,林宏殷,C01-105,"8,9",,,,,,,"[{""day"": 1, ""dayName"": ""星期一"", ""periods"": [""8"", ""9""], ""raw"": ""8,9""}]",外加,碩一與大四合開,https://course.nuk.edu.tw/QueryCourse/tcontent.asp?OpenYear=106&Helf=1&Sclass=CM&Cono=F593,2026-08-26T18:17:54+00:00
106-1-CM-F601-A-4-A,106,1,工學院,CM,化學工程及材料工程學系,F601,A,大學部,4,A,半導體製程,3,選,30,22,,8,楊證富,C01-414,"5,6, 7",,,,,,,"[{""day"": 1, ""dayName"": ""星期一"", ""periods"": [""5"", ""6"", ""7""], ""raw"": ""5,6, 7""}]",,大四與碩一合開,https://course.nuk.edu.tw/QueryCourse/tcontent.asp?OpenYear=106&Helf=1&Sclass=CM&Cono=F601,2026-08-26T18:17:54+00:00
106-1-CM-F631-A-4-A,106,1,工學院,CM,化學工程及材料工程學系,F631,A,大學部,4,A,太陽能電池材料與元件,3,選,40,26,,14,王宗櫚,C01-105,,,,"2,3, 4",,,,"[{""day"": 4, ""dayName"": ""星期四"", ""periods"": [""2"", ""3"", ""4""], ""raw"": ""2,3, 4""}]",,屬綠能永續科技人才培育學程，與碩一、大四、大三合開,https://course.nuk.edu.tw/QueryCourse/tcontent.asp?OpenYear=106&Helf=1&Sclass=CM&Cono=F631,2026-08-26T18:17:54+00:00
106-1-CM-F011-M-1-,106,1,工學院,CM,化學工程及材料工程學系,F011,M,碩士班,1,,化工與材料特論,3,必,30,18,,12,陳文正 王瑞琪 鍾宜璋,C01-414,,"2,3, 4",,,,,,"[{""day"": 2, ""dayName"": ""星期二"", ""periods"": [""2"", ""3"", ""4""], ""raw"": ""2,3, 4""}]",,,https://course.nuk.edu.tw/QueryCourse/tcontent.asp?OpenYear=106&Helf=1&Sclass=CM&Cono=F011,2026-08-26T18:17:54+00:00
106-1-CM-F02A-M-1-,106,1,工學院,CM,化學工程及材料工程學系,F02A,M,碩士班,1,,專題討論(I),0,必,60,35,,25,楊證富,C01-114,,"5,6",,,,,,"[{""day"": 2, ""dayName"": ""星期二"", ""periods"": [""5"", ""6""], ""raw"": ""5,6""}]",,碩一與碩二合開,https://course.nuk.edu.tw/QueryCourse/tcontent.asp?OpenYear=106&Helf=1&Sclass=CM&Cono=F02A,2026-08-26T18:17:54+00:00
106-1-CM-F500-M-1-,106,1,工學院,CM,化學工程及材料工程學系,F500,M,碩士班,1,,教學實務演練(化學工程及材料工程學系),0,選,36,35,,1,林宏殷,,,X,,,,,,"[{""day"": 2, ""dayName"": ""星期二"", ""periods"": [""X""], ""raw"": ""X""}]",,碩一與碩二合開，申請擔任學習型兼任教學助理之學生必須修習本課程。,https://course.nuk.edu.tw/QueryCourse/tcontent.asp?OpenYear=106&Helf=1&Sclass=CM&Cono=F500,2026-08-26T18:17:54+00:00
106-1-CM-F511-M-1-,106,1,工學院,CM,化學工程及材料工程學系,F511,M,碩士班,1,,電子顯微鏡理論與應用,3,選,30,27,,3,王瑞琪,C01-B102,,,"2,3, 4",,,,,"[{""day"": 3, ""dayName"": ""星期三"", ""periods"": [""2"", ""3"", ""4""], ""raw"": ""2,3, 4""}]",,碩一與大四合開,https://course.nuk.edu.tw/QueryCourse/tcontent.asp?OpenYear=106&Helf=1&Sclass=CM&Cono=F511,2026-08-26T18:17:54+00:00
106-1-CM-F531-M-1-,106,1,工學院,CM,化學工程及材料工程學系,F531,M,碩士班,1,,奈米生醫材料,3,選,30,23,,7,何文福 林宏殷,C01-414,"2,3, 4",,,,,,,"[{""day"": 1, ""dayName"": ""星期一"", ""periods"": [""2"", ""3"", ""4""], ""raw"": ""2,3, 4""}]",,大四與碩一合開,https://course.nuk.edu.tw/QueryCourse/tcontent.asp?OpenYear=106&Helf=1&Sclass=CM&Cono=F531,2026-08-26T18:17:54+00:00
106-1-CM-F593-M-1-,106,1,工學院,CM,化學工程及材料工程學系,F593,M,碩士班,1,,工程倫理,2,選,21,17,,4,林宏殷,C01-105,"8,9",,,,,,,"[{""day"": 1, ""dayName"": ""星期一"", ""periods"": [""8"", ""9""], ""raw"": ""8,9""}]",外加,碩一與大四合開,https://course.nuk.edu.tw/QueryCourse/tcontent.asp?OpenYear=106&Helf=1&Sclass=CM&Cono=F593,2026-08-26T18:17:54+00:00
106-1-CM-F601-M-1-,106,1,工學院,CM,化學工程及材料工程學系,F601,M,碩士班,1,,半導體製程,3,選,30,22,,8,楊證富,C01-414,"5,6, 7",,,,,,,"[{""day"": 1, ""dayName"": ""星期一"", ""periods"": [""5"", ""6"", ""7""], ""raw"": ""5,6, 7""}]",,大四與碩一合開,https://course.nuk.edu.tw/QueryCourse/tcontent.asp?OpenYear=106&Helf=1&Sclass=CM&Cono=F601,2026-08-26T18:17:54+00:00
106-1-CM-F631-M-1-,106,1,工學院,CM,化學工程及材料工程學系,F631,M,碩士班,1,,太陽能電池材料與元件,3,選,40,26,,14,王宗櫚,C01-105,,,,"2,3, 4",,,,"[{""day"": 4, ""dayName"": ""星期四"", ""periods"": [""2"", ""3"", ""4""], ""raw"": ""2,3, 4""}]",,屬綠能永續科技人才培育學程，與碩一、大四、大三合開,https://course.nuk.edu.tw/QueryCourse/tcontent.asp?OpenYear=106&Helf=1&Sclass=CM&Cono=F631,2026-08-26T18:17:54+00:00
106-1-CM-F02A-M-2-,106,1,工學院,CM,化學工程及材料工程學系,F02A,M,碩士班,2,,專題討論(I),0,必,60,35,,25,楊證富,C01-114,,"5,6",,,,,,"[{""day"": 2, ""dayName"": ""星期二"", ""periods"": [""5"", ""6""], ""raw"": ""5,6""}]",,碩一與碩二合開,https://course.nuk.edu.tw/QueryCourse/tcontent.asp?OpenYear=106&Helf=1&Sclass=CM&Cono=F02A,2026-08-26T18:17:54+00:00
106-1-CM-F500-M-2-,106,1,工學院,CM,化學工程及材料工程學系,F500,M,碩士班,2,,教學實務演練(化學工程及材料工程學系),0,選,36,35,,1,林宏殷,,,X,,,,,,"[{""day"": 2, ""dayName"": ""星期二"", ""periods"": [""X""], ""raw"": ""X""}]",,碩一與碩二合開，申請擔任學習型兼任教學助理之學生必須修習本課程。,https://course.nuk.edu.tw/QueryCourse/tcontent.asp?OpenYear=106&Helf=1&Sclass=CM&Cono=F500,2026-08-26T18:17:54+00:00
106-1-CS-A001-A-1-A,106,1,工學院,CS,資訊工程學系,A001,A,大學部,1,A,計算機概論,2,必,50,43,,7,陳建源 黃健,C01-200,"3,4",,,,,,,"[{""day"": 1, ""dayName"": ""星期一"", ""periods"": [""3"", ""4""], ""raw"": ""3,4""}]",,,https://course.nuk.edu.tw/QueryCourse/tcontent.asp?OpenYear=106&Helf=1&Sclass=CS&Cono=A001,2026-08-26T18:17:54+00:00
106-1-CS-A011-A-1-A,106,1,工學院,CS,資訊工程學系,A011,A,大學部,1,A,離散數學,3,必,60,55,,5,殷堂凱,B01-B104,,,"2,3, 4",,,,,"[{""day"": 3, ""dayName"": ""星期三"", ""periods"": [""2"", ""3"", ""4""], ""raw"": ""2,3, 4""}]",,,https://course.nuk.edu.tw/QueryCourse/tcontent.asp?OpenYear=106&Helf=1&Sclass=CS&Cono=A011,2026-08-26T18:17:54+00:00
106-1-CS-A02A-A-1-A,106,1,工學院,CS,資訊工程學系,A02A,A,大學部,1,A,微積分(一),3,必,60,60,,0,陳建源,B01-B104,,"5,6, 7",,,,,,"[{""day"": 2, ""dayName"": ""星期二"", ""periods"": [""5"", ""6"", ""7""], ""raw"": ""5,6, 7""}]",,,https://course.nuk.edu.tw/QueryCourse/tcontent.asp?OpenYear=106&Helf=1&Sclass=CS&Cono=A02A,2026-08-26T18:17:54+00:00
106-1-CS-A07A-A-1-A,106,1,工學院,CS,資訊工程學系,A07A,A,大學部,1,A,程式設計與實習（一）,2,必,49,49,,0,張保榮,C01-200,,"2,3, 4",,,,,,"[{""day"": 2, ""dayName"": ""星期二"", ""periods"": [""2"", ""3"", ""4""], ""raw"": ""2,3, 4""}]",外加,,https://course.nuk.edu.tw/QueryCourse/tcontent.asp?OpenYear=106&Helf=1&Sclass=CS&Cono=A07A,2026-08-26T18:17:54+00:00
106-1-CS-A061-A-2-A,106,1,工學院,CS,資訊工程學系,A061,A,大學部,2,A,數位系統實驗,1,必,45,43,,2,潘欣泰,C01-208,"2,3, 4",,,,,,,"[{""day"": 1, ""dayName"": ""星期一"", ""periods"": [""2"", ""3"", ""4""], ""raw"": ""2,3, 4""}]",,,https://course.nuk.edu.tw/QueryCourse/tcontent.asp?OpenYear=106&Helf=1&Sclass=CS&Cono=A061,2026-08-26T18:17:54+00:00
106-1-CS-B021-A-2-A,106,1,工學院,CS,資訊工程學系,B021,A,大學部,2,A,物件導向程式設計,3,必,50,46,,4,黃健,C01-200,,,,,"6,7, 8",,,"[{""day"": 5, ""dayName"": ""星期五"", ""periods"": [""6"", ""7"", ""8""], ""raw"": ""6,7, 8""}]",,,https://course.nuk.edu.tw/QueryCourse/tcontent.asp?OpenYear=106&Helf=1&Sclass=CS&Cono=B021,2026-08-26T18:17:54+00:00
106-1-CS-B031-A-2-A,106,1,工學院,CS,資訊工程學系,B031,A,大學部,2,A,機率學,3,必,60,43,,17,殷堂凱,B01-204,,"5,6, 7",,,,,,"[{""day"": 2, ""dayName"": ""星期二"", ""periods"": [""5"", ""6"", ""7""], ""raw"": ""5,6, 7""}]",,,https://course.nuk.edu.tw/QueryCourse/tcontent.asp?OpenYear=106&Helf=1&Sclass=CS&Cono=B031,2026-08-26T18:17:54+00:00
106-1-CS-B041-A-2-A,106,1,工學院,CS,資訊工程學系,B041,A,大學部,2,A,數位電路學,3,必,60,55,,5,潘欣泰,B01-204,,"2,3, 4",,,,,,"[{""day"": 2, ""dayName"": ""星期二"", ""periods"": [""2"", ""3"", ""4""], ""raw"": ""2,3, 4""}]",,,https://course.nuk.edu.tw/QueryCourse/tcontent.asp?OpenYear=106&Helf=1&Sclass=CS&Cono=B041,2026-08-26T18:17:54+00:00
106-1-CS-B051-A-2-A,106,1,工學院,CS,資訊工程學系,B051,A,大學部,2,A,電腦網路,3,必,60,58,,2,吳俊興,B01-105,,,,,"2,3, 4",,,"[{""day"": 5, ""dayName"": ""星期五"", ""periods"": [""2"", ""3"", ""4""], ""raw"": ""2,3, 4""}]",,,https://course.nuk.edu.tw/QueryCourse/tcontent.asp?OpenYear=106&Helf=1&Sclass=CS&Cono=B051,2026-08-26T18:17:54+00:00
106-1-CS-B542-A-2-A,106,1,工學院,CS,資訊工程學系,B542,A,大學部,2,A,網頁程式設計,3,選,50,42,,8,趙志宏,L01-108,,,,"9,10, 11",,,,"[{""day"": 4, ""dayName"": ""星期四"", ""periods"": [""9"", ""10"", ""11""], ""raw"": ""9,10, 11""}]",限修,大二.三合開/使用圖108電腦教室,https://course.nuk.edu.tw/QueryCourse/tcontent.asp?OpenYear=106&Helf=1&Sclass=CS&Cono=B542,2026-08-26T18:17:54+00:00
106-1-CS-B541-A-3-A,106,1,工學院,CS,資訊工程學系,B541,A,大學部,3,A,網路程式設計,3,選,50,25,,25,余亞儒,C01-200,,"5,6, 7",,,,,,"[{""day"": 2, ""dayName"": ""星期二"", ""periods"": [""5"", ""6"", ""7""], ""raw"": ""5,6, 7""}]",,,https://course.nuk.edu.tw/QueryCourse/tcontent.asp?OpenYear=106&Helf=1&Sclass=CS&Cono=B541,2026-08-26T18:17:54+00:00
106-1-CS-B542-A-3-A,106,1,工學院,CS,資訊工程學系,B542,A,大學部,3,A,網頁程式設計,3,選,50,42,,8,趙志宏,L01-108,,,,"9,10, 11",,,,"[{""day"": 4, ""dayName"": ""星期四"", ""periods"": [""9"", ""10"", ""11""], ""raw"": ""9,10, 11""}]",限修,授課老師:趙志宏/大二.三合開/使用圖108電腦教室,https://course.nuk.edu.tw/QueryCourse/tcontent.asp?OpenYear=106&Helf=1&Sclass=CS&Cono=B542,2026-08-26T18:17:54+00:00
106-1-CS-B551-A-3-A,106,1,工學院,CS,資訊工程學系,B551,A,大學部,3,A,計算機圖學,3,選,45,25,,20,葉智國,C01-209,,,,,"6,7, 8",,,"[{""day"": 5, ""dayName"": ""星期五"", ""periods"": [""6"", ""7"", ""8""], ""raw"": ""6,7, 8""}]",,授課教師:葉智國,https://course.nuk.edu.tw/QueryCourse/tcontent.asp?OpenYear=106&Helf=1&Sclass=CS&Cono=B551,2026-08-26T18:17:54+00:00
106-1-CS-C011-A-3-A,106,1,工學院,CS,資訊工程學系,C011,A,大學部,3,A,計算機組織,3,必,60,55,,5,郭錦福,B01-B108,,,"2,3, 4",,,,,"[{""day"": 3, ""dayName"": ""星期三"", ""periods"": [""2"", ""3"", ""4""], ""raw"": ""2,3, 4""}]",學程,隸屬雲端運算學程,https://course.nuk.edu.tw/QueryCourse/tcontent.asp?OpenYear=106&Helf=1&Sclass=CS&Cono=C011,2026-08-26T18:17:54+00:00
106-1-CS-C021-A-3-A,106,1,工學院,CS,資訊工程學系,C021,A,大學部,3,A,程式語言,3,必,60,50,,10,余亞儒,C01-202,,,,,"2,3, 4",,,"[{""day"": 5, ""dayName"": ""星期五"", ""periods"": [""2"", ""3"", ""4""], ""raw"": ""2,3, 4""}]",,,https://course.nuk.edu.tw/QueryCourse/tcontent.asp?OpenYear=106&Helf=1&Sclass=CS&Cono=C021,2026-08-26T18:17:54+00:00
106-1-CS-C031-A-3-A,106,1,工學院,CS,資訊工程學系,C031,A,大學部,3,A,資料庫系統,3,必,60,56,,4,林文揚,C01-202 其他教室,"6,7, 8",,,,,,,"[{""day"": 1, ""dayName"": ""星期一"", ""periods"": [""6"", ""7"", ""8""], ""raw"": ""6,7, 8""}]",學程,隸屬雲端運算學程,https://course.nuk.edu.tw/QueryCourse/tcontent.asp?OpenYear=106&Helf=1&Sclass=CS&Cono=C031,2026-08-26T18:17:54+00:00
106-1-CS-C041-A-3-A,106,1,工學院,CS,資訊工程學系,C041,A,大學部,3,A,演算法,3,必,60,57,,3,洪宗貝,C01-202,"2,3, 4",,,,,,,"[{""day"": 1, ""dayName"": ""星期一"", ""periods"": [""2"", ""3"", ""4""], ""raw"": ""2,3, 4""}]",,,https://course.nuk.edu.tw/QueryCourse/tcontent.asp?OpenYear=106&Helf=1&Sclass=CS&Cono=C041,2026-08-26T18:17:54+00:00
106-1-CS-C521-A-3-A,106,1,工學院,CS,資訊工程學系,C521,A,大學部,3,A,網路通訊協定,3,選,31,31,,0,吳俊興,C01-209,,,,"2,3, 4",,,,"[{""day"": 4, ""dayName"": ""星期四"", ""periods"": [""2"", ""3"", ""4""], ""raw"": ""2,3, 4""}]",外加,,https://course.nuk.edu.tw/QueryCourse/tcontent.asp?OpenYear=106&Helf=1&Sclass=CS&Cono=C521,2026-08-26T18:17:54+00:00
106-1-CS-D542-A-3-A,106,1,工學院,CS,資訊工程學系,D542,A,大學部,3,A,網路及平台服務程式設計,3,選,50,5,,45,劉則明,L01-108,,,"10,11, 12",,,,,"[{""day"": 3, ""dayName"": ""星期三"", ""periods"": [""10"", ""11"", ""12""], ""raw"": ""10,11, 12""}]",,授課老師:劉則明/大三.四合開/使用圖資108電腦教室,https://course.nuk.edu.tw/QueryCourse/tcontent.asp?OpenYear=106&Helf=1&Sclass=CS&Cono=D542,2026-08-26T18:17:54+00:00
106-1-CS-D572-A-3-A,106,1,工學院,CS,資訊工程學系,D572,A,大學部,3,A,嵌入式系統,3,選,23,21,,2,郭錦福,C01-209 其他教室,,"2,3, 4",,,,,,"[{""day"": 2, ""dayName"": ""星期二"", ""periods"": [""2"", ""3"", ""4""], ""raw"": ""2,3, 4""}]",外加,,https://course.nuk.edu.tw/QueryCourse/tcontent.asp?OpenYear=106&Helf=1&Sclass=CS&Cono=D572,2026-08-26T18:17:54+00:00
106-1-CS-D600-A-3-A,106,1,工學院,CS,資訊工程學系,D600,A,大學部,3,A,智慧財產權保護法制與實用,2,選,50,24,,26,李福隆,B01-103,,,,,"5,6",,,"[{""day"": 5, ""dayName"": ""星期五"", ""periods"": [""5"", ""6""], ""raw"": ""5,6""}]",,資工系、化材系大三.四合開,https://course.nuk.edu.tw/QueryCourse/tcontent.asp?OpenYear=106&Helf=1&Sclass=CS&Cono=D600,2026-08-26T18:17:54+00:00
106-1-CS-F643-A-3-A,106,1,工學院,CS,資訊工程學系,F643,A,大學部,3,A,雲端運算,3,選,30,15,,15,張保榮 蔡毓娟 吳俊興 余亞儒 陳建源,C01-209,"2,3, 4",,,,,,,"[{""day"": 1, ""dayName"": ""星期一"", ""periods"": [""2"", ""3"", ""4""], ""raw"": ""2,3, 4""}]",學程,隸屬雲端運算學程/待公布-授課教師:蔡毓娟老師/三.四.研合開,https://course.nuk.edu.tw/QueryCourse/tcontent.asp?OpenYear=106&Helf=1&Sclass=CS&Cono=F643,2026-08-26T18:17:54+00:00
106-1-CS-F644-A-3-A,106,1,工學院,CS,資訊工程學系,F644,A,大學部,3,A,雲端計算程式設計,3,選,30,14,,16,張保榮 王政弘 黃裕宸,C01-209,"6,7, 8",,,,,,,"[{""day"": 1, ""dayName"": ""星期一"", ""periods"": [""6"", ""7"", ""8""], ""raw"": ""6,7, 8""}]",學程,隸屬雲端運算學程/三.四.研合開,https://course.nuk.edu.tw/QueryCourse/tcontent.asp?OpenYear=106&Helf=1&Sclass=CS&Cono=F644,2026-08-26T18:17:54+00:00
106-1-CS-F731-A-3-A,106,1,工學院,CS,資訊工程學系,F731,A,大學部,3,A,資訊檢索,3,選,50,33,,17,黃健,B01-108 其他教室,,,,"7,8, 9",,,,"[{""day"": 4, ""dayName"": ""星期四"", ""periods"": [""7"", ""8"", ""9""], ""raw"": ""7,8, 9""}]",外加,大三.四.研合開,https://course.nuk.edu.tw/QueryCourse/tcontent.asp?OpenYear=106&Helf=1&Sclass=CS&Cono=F731,2026-08-26T18:17:54+00:00
106-1-CS-F75A-A-3-A,106,1,工學院,CS,資訊工程學系,F75A,A,大學部,3,A,進階程式實習(一),1,選,30,8,,22,黃健,C01-200,,,,"3,4",,,,"[{""day"": 4, ""dayName"": ""星期四"", ""periods"": [""3"", ""4""], ""raw"": ""3,4""}]",,大三.四.研合開,https://course.nuk.edu.tw/QueryCourse/tcontent.asp?OpenYear=106&Helf=1&Sclass=CS&Cono=F75A,2026-08-26T18:17:54+00:00
106-1-CS-D01B-A-4-A,106,1,工學院,CS,資訊工程學系,D01B,A,大學部,4,A,專題研究(二),1,必,50,44,,6,殷堂凱,,,,,,,"5,6",,"[{""day"": 6, ""dayName"": ""星期六"", ""periods"": [""5"", ""6""], ""raw"": ""5,6""}]",,,https://course.nuk.edu.tw/QueryCourse/tcontent.asp?OpenYear=106&Helf=1&Sclass=CS&Cono=D01B,2026-08-26T18:17:54+00:00
106-1-CS-D02A-A-4-A,106,1,工學院,CS,資訊工程學系,D02A,A,大學部,4,A,資訊專題講座(一),1,必,65,64,,1,余亞儒,L02-B101,,,,"5,6",,,,"[{""day"": 4, ""dayName"": ""星期四"", ""periods"": [""5"", ""6""], ""raw"": ""5,6""}]",限修及外加,,https://course.nuk.edu.tw/QueryCourse/tcontent.asp?OpenYear=106&Helf=1&Sclass=CS&Cono=D02A,2026-08-26T18:17:54+00:00
106-1-CS-D542-A-4-A,106,1,工學院,CS,資訊工程學系,D542,A,大學部,4,A,網路及平台服務程式設計,3,選,50,5,,45,劉則明,L01-108,,,"10,11, 12",,,,,"[{""day"": 3, ""dayName"": ""星期三"", ""periods"": [""10"", ""11"", ""12""], ""raw"": ""10,11, 12""}]",,授課老師:劉則明/大三.四合開/使用圖資108電腦教室,https://course.nuk.edu.tw/QueryCourse/tcontent.asp?OpenYear=106&Helf=1&Sclass=CS&Cono=D542,2026-08-26T18:17:54+00:00
106-1-CS-D572-A-4-A,106,1,工學院,CS,資訊工程學系,D572,A,大學部,4,A,嵌入式系統,3,選,23,21,,2,郭錦福,C01-209 其他教室,,"2,3, 4",,,,,,"[{""day"": 2, ""dayName"": ""星期二"", ""periods"": [""2"", ""3"", ""4""], ""raw"": ""2,3, 4""}]",外加,,https://course.nuk.edu.tw/QueryCourse/tcontent.asp?OpenYear=106&Helf=1&Sclass=CS&Cono=D572,2026-08-26T18:17:54+00:00
106-1-CS-D600-A-4-A,106,1,工學院,CS,資訊工程學系,D600,A,大學部,4,A,智慧財產權保護法制與實用,2,選,50,24,,26,李福隆,B01-103,,,,,"5,6",,,"[{""day"": 5, ""dayName"": ""星期五"", ""periods"": [""5"", ""6""], ""raw"": ""5,6""}]",,"資工系、化材系大三.四合開,李福隆老師",https://course.nuk.edu.tw/QueryCourse/tcontent.asp?OpenYear=106&Helf=1&Sclass=CS&Cono=D600,2026-08-26T18:17:54+00:00
106-1-CS-D601-A-4-A,106,1,工學院,CS,資訊工程學系,D601,A,大學部,4,A,業界實習(一),8,選,1,1,,0,黃健,,"X,Y, 11,12, 13","X,Y, 11,12, 13",,,,,,"[{""day"": 1, ""dayName"": ""星期一"", ""periods"": [""X"", ""Y"", ""11"", ""12"", ""13""], ""raw"": ""X,Y, 11,12, 13""}, {""day"": 2, ""dayName"": ""星期二"", ""periods"": [""X"", ""Y"", ""11"", ""12"", ""13""], ""raw"": ""X,Y, 11,12, 13""}]",限修,實習總時數應達432小時,https://course.nuk.edu.tw/QueryCourse/tcontent.asp?OpenYear=106&Helf=1&Sclass=CS&Cono=D601,2026-08-26T18:17:54+00:00
106-1-CS-D603-A-4-A,106,1,工學院,CS,資訊工程學系,D603,A,大學部,4,A,業界實習(三),3,選,2,2,,0,黃健,,"X,Y",Y,"X,Y","X,Y","X,Y",,,"[{""day"": 1, ""dayName"": ""星期一"", ""periods"": [""X"", ""Y""], ""raw"": ""X,Y""}, {""day"": 2, ""dayName"": ""星期二"", ""periods"": [""Y""], ""raw"": ""Y""}, {""day"": 3, ""dayName"": ""星期三"", ""periods"": [""X"", ""Y""], ""raw"": ""X,Y""}, {""day"": 4, ""dayName"": ""星期四"", ""periods"": [""X"", ""Y""], ""raw"": ""X,Y""}, {""day"": 5, ""dayName"": ""星期五"", ""periods"": [""X"", ""Y""], ""raw"": ""X,Y""}]",限修,實習總時數應達162小時,https://course.nuk.edu.tw/QueryCourse/tcontent.asp?OpenYear=106&Helf=1&Sclass=CS&Cono=D603,2026-08-26T18:17:54+00:00
106-1-CS-F501-A-4-A,106,1,工學院,CS,資訊工程學系,F501,A,大學部,4,A,無線網路,3,選,50,31,,19,余亞儒,C01-202,,,"6,7, 8",,,,,"[{""day"": 3, ""dayName"": ""星期三"", ""periods"": [""6"", ""7"", ""8""], ""raw"": ""6,7, 8""}]",,四.研合開,https://course.nuk.edu.tw/QueryCourse/tcontent.asp?OpenYear=106&Helf=1&Sclass=CS&Cono=F501,2026-08-26T18:17:54+00:00
106-1-CS-F602-A-4-A,106,1,工學院,CS,資訊工程學系,F602,A,大學部,4,A,資料探勘,3,選,50,27,,23,林文揚,B01-204,,,,"2,3, 4",,,,"[{""day"": 4, ""dayName"": ""星期四"", ""periods"": [""2"", ""3"", ""4""], ""raw"": ""2,3, 4""}]",,四.研合開,https://course.nuk.edu.tw/QueryCourse/tcontent.asp?OpenYear=106&Helf=1&Sclass=CS&Cono=F602,2026-08-26T18:17:54+00:00
106-1-CS-F612-A-4-A,106,1,工學院,CS,資訊工程學系,F612,A,大學部,4,A,物聯網,3,選,45,19,,26,郭錦福 余亞儒 吳俊興 張保榮,C01-209 其他教室,,,,"7,8, 9",,,,"[{""day"": 4, ""dayName"": ""星期四"", ""periods"": [""7"", ""8"", ""9""], ""raw"": ""7,8, 9""}]",學程,四.研合開，隸屬智慧生活整合創新學程,https://course.nuk.edu.tw/QueryCourse/tcontent.asp?OpenYear=106&Helf=1&Sclass=CS&Cono=F612,2026-08-26T18:17:54+00:00
106-1-CS-F643-A-4-A,106,1,工學院,CS,資訊工程學系,F643,A,大學部,4,A,雲端運算,3,選,30,15,,15,張保榮 蔡毓娟 吳俊興 余亞儒 陳建源,C01-209,"2,3, 4",,,,,,,"[{""day"": 1, ""dayName"": ""星期一"", ""periods"": [""2"", ""3"", ""4""], ""raw"": ""2,3, 4""}]",學程,隸屬雲端運算學程/待公布-授課教師:蔡毓娟老師/三.四.研合開,https://course.nuk.edu.tw/QueryCourse/tcontent.asp?OpenYear=106&Helf=1&Sclass=CS&Cono=F643,2026-08-26T18:17:54+00:00
106-1-CS-F644-A-4-A,106,1,工學院,CS,資訊工程學系,F644,A,大學部,4,A,雲端計算程式設計,3,選,30,14,,16,張保榮 王政弘 黃裕宸,C01-209,"6,7, 8",,,,,,,"[{""day"": 1, ""dayName"": ""星期一"", ""periods"": [""6"", ""7"", ""8""], ""raw"": ""6,7, 8""}]",學程,隸屬雲端運算學程/三.四.研合開,https://course.nuk.edu.tw/QueryCourse/tcontent.asp?OpenYear=106&Helf=1&Sclass=CS&Cono=F644,2026-08-26T18:17:54+00:00
106-1-CS-F646-A-4-A,106,1,工學院,CS,資訊工程學系,F646,A,大學部,4,A,雲端計算安全,3,選,50,11,,39,陳建源,B01-204,,,,,"5,6, 7",,,"[{""day"": 5, ""dayName"": ""星期五"", ""periods"": [""5"", ""6"", ""7""], ""raw"": ""5,6, 7""}]",,四.研合開,https://course.nuk.edu.tw/QueryCourse/tcontent.asp?OpenYear=106&Helf=1&Sclass=CS&Cono=F646,2026-08-26T18:17:54+00:00
106-1-CS-F648-A-4-A,106,1,工學院,CS,資訊工程學系,F648,A,大學部,4,A,軟式計算,3,選,20,20,,0,張保榮,C01-208,,"5,6, 7",,,,,,"[{""day"": 2, ""dayName"": ""星期二"", ""periods"": [""5"", ""6"", ""7""], ""raw"": ""5,6, 7""}]",外加,四.研合開,https://course.nuk.edu.tw/QueryCourse/tcontent.asp?OpenYear=106&Helf=1&Sclass=CS&Cono=F648,2026-08-26T18:17:54+00:00
106-1-CS-F664-A-4-A,106,1,工學院,CS,資訊工程學系,F664,A,大學部,4,A,即時計算機系統,3,選,20,9,,11,郭錦福,B01-104,,,"6,7, 8",,,,,"[{""day"": 3, ""dayName"": ""星期三"", ""periods"": [""6"", ""7"", ""8""], ""raw"": ""6,7, 8""}]",,四.研合開,https://course.nuk.edu.tw/QueryCourse/tcontent.asp?OpenYear=106&Helf=1&Sclass=CS&Cono=F664,2026-08-26T18:17:54+00:00
106-1-CS-F731-A-4-A,106,1,工學院,CS,資訊工程學系,F731,A,大學部,4,A,資訊檢索,3,選,50,33,,17,黃健,B01-108 其他教室,,,,"7,8, 9",,,,"[{""day"": 4, ""dayName"": ""星期四"", ""periods"": [""7"", ""8"", ""9""], ""raw"": ""7,8, 9""}]",,大三.四.研合開,https://course.nuk.edu.tw/QueryCourse/tcontent.asp?OpenYear=106&Helf=1&Sclass=CS&Cono=F731,2026-08-26T18:17:54+00:00
106-1-CS-F733-A-4-A,106,1,工學院,CS,資訊工程學系,F733,A,大學部,4,A,資訊理論,3,選,50,8,,42,張肇健,B01-204,"6,7, 8",,,,,,,"[{""day"": 1, ""dayName"": ""星期一"", ""periods"": [""6"", ""7"", ""8""], ""raw"": ""6,7, 8""}]",,英語授課-授課老師張肇健,https://course.nuk.edu.tw/QueryCourse/tcontent.asp?OpenYear=106&Helf=1&Sclass=CS&Cono=F733,2026-08-26T18:17:54+00:00
106-1-CS-F75A-A-4-A,106,1,工學院,CS,資訊工程學系,F75A,A,大學部,4,A,進階程式實習(一),1,選,30,8,,22,黃健,C01-200,,,,"3,4",,,,"[{""day"": 4, ""dayName"": ""星期四"", ""periods"": [""3"", ""4""], ""raw"": ""3,4""}]",,大三.四.研合開,https://course.nuk.edu.tw/QueryCourse/tcontent.asp?OpenYear=106&Helf=1&Sclass=CS&Cono=F75A,2026-08-26T18:17:54+00:00
106-1-CS-G502-A-4-A,106,1,工學院,CS,資訊工程學系,G502,A,大學部,4,A,行動與無線區網整合,3,選,50,9,,41,吳俊興,C01-209,,,"2,3, 4",,,,,"[{""day"": 3, ""dayName"": ""星期三"", ""periods"": [""2"", ""3"", ""4""], ""raw"": ""2,3, 4""}]",,,https://course.nuk.edu.tw/QueryCourse/tcontent.asp?OpenYear=106&Helf=1&Sclass=CS&Cono=G502,2026-08-26T18:17:54+00:00
106-1-CS-G800-A-4-A,106,1,工學院,CS,資訊工程學系,G800,A,大學部,4,A,電腦視覺與擴增實境,3,選,15,12,,3,陳佳妍,B01-202,"2,3, 4",,,,,,,"[{""day"": 1, ""dayName"": ""星期一"", ""periods"": [""2"", ""3"", ""4""], ""raw"": ""2,3, 4""}]",,遠距教學-授課老師陳佳妍,https://course.nuk.edu.tw/QueryCourse/tcontent.asp?OpenYear=106&Helf=1&Sclass=CS&Cono=G800,2026-08-26T18:17:54+00:00
106-1-CS-T01A-L-2-,106,1,工學院,CS,資訊工程學系,T01A,L,碩士在職專班,2,,專題研究(一)-智慧型系統,2,必,20,3,,17,洪宗貝 殷堂凱 林文揚 黃健,,,,,,,"9,10",,"[{""day"": 6, ""dayName"": ""星期六"", ""periods"": [""9"", ""10""], ""raw"": ""9,10""}]",,,https://course.nuk.edu.tw/QueryCourse/tcontent.asp?OpenYear=106&Helf=1&Sclass=CS&Cono=T01A,2026-08-26T18:17:54+00:00
106-1-CS-T01B-L-2-,106,1,工學院,CS,資訊工程學系,T01B,L,碩士在職專班,2,,專題研究(一)-嵌入式系統,2,必,20,3,,17,潘欣泰 郭錦福 張保榮,,,,,,,"9,10",,"[{""day"": 6, ""dayName"": ""星期六"", ""periods"": [""9"", ""10""], ""raw"": ""9,10""}]",,,https://course.nuk.edu.tw/QueryCourse/tcontent.asp?OpenYear=106&Helf=1&Sclass=CS&Cono=T01B,2026-08-26T18:17:54+00:00
106-1-CS-T01D-L-2-,106,1,工學院,CS,資訊工程學系,T01D,L,碩士在職專班,2,,專題研究(一)-網路與多媒體,2,必,20,3,,17,吳俊興 陳建源 余亞儒,,,,,,,"9,10",,"[{""day"": 6, ""dayName"": ""星期六"", ""periods"": [""9"", ""10""], ""raw"": ""9,10""}]",,,https://course.nuk.edu.tw/QueryCourse/tcontent.asp?OpenYear=106&Helf=1&Sclass=CS&Cono=T01D,2026-08-26T18:17:54+00:00
106-1-CS-T03A-L-2-,106,1,工學院,CS,資訊工程學系,T03A,L,碩士在職專班,2,,專題研究(三)-智慧型系統,2,必,20,3,,17,洪宗貝 殷堂凱 林文揚 黃健,,,,,,,"11,12",,"[{""day"": 6, ""dayName"": ""星期六"", ""periods"": [""11"", ""12""], ""raw"": ""11,12""}]",,,https://course.nuk.edu.tw/QueryCourse/tcontent.asp?OpenYear=106&Helf=1&Sclass=CS&Cono=T03A,2026-08-26T18:17:54+00:00
106-1-CS-T03B-L-2-,106,1,工學院,CS,資訊工程學系,T03B,L,碩士在職專班,2,,專題研究(三)-嵌入式系統,2,必,20,4,,16,潘欣泰 郭錦福 張保榮,,,,,,,"11,12",,"[{""day"": 6, ""dayName"": ""星期六"", ""periods"": [""11"", ""12""], ""raw"": ""11,12""}]",,,https://course.nuk.edu.tw/QueryCourse/tcontent.asp?OpenYear=106&Helf=1&Sclass=CS&Cono=T03B,2026-08-26T18:17:54+00:00
106-1-CS-T03D-L-2-,106,1,工學院,CS,資訊工程學系,T03D,L,碩士在職專班,2,,專題研究(三)-網路與多媒體,2,必,20,3,,17,吳俊興 陳建源 余亞儒,,,,,,,"11,12",,"[{""day"": 6, ""dayName"": ""星期六"", ""periods"": [""11"", ""12""], ""raw"": ""11,12""}]",,,https://course.nuk.edu.tw/QueryCourse/tcontent.asp?OpenYear=106&Helf=1&Sclass=CS&Cono=T03D,2026-08-26T18:17:54+00:00
106-1-CS-T501-L-2-,106,1,工學院,CS,資訊工程學系,T501,L,碩士在職專班,2,,資料探勘,3,選,30,5,,25,林文揚,B01-202,,,,"10,11, 12",,,,"[{""day"": 4, ""dayName"": ""星期四"", ""periods"": [""10"", ""11"", ""12""], ""raw"": ""10,11, 12""}]",,,https://course.nuk.edu.tw/QueryCourse/tcontent.asp?OpenYear=106&Helf=1&Sclass=CS&Cono=T501,2026-08-26T18:17:54+00:00
106-1-CS-T511-L-2-,106,1,工學院,CS,資訊工程學系,T511,L,碩士在職專班,2,,高等演算法,3,選,20,9,,11,陳建源,B01-202,,,,,"10,11, 12",,,"[{""day"": 5, ""dayName"": ""星期五"", ""periods"": [""10"", ""11"", ""12""], ""raw"": ""10,11, 12""}]",,,https://course.nuk.edu.tw/QueryCourse/tcontent.asp?OpenYear=106&Helf=1&Sclass=CS&Cono=T511,2026-08-26T18:17:54+00:00
106-1-CS-T561-L-2-,106,1,工學院,CS,資訊工程學系,T561,L,碩士在職專班,2,,雲端運算,3,選,20,9,,11,張保榮,C01-209,"10,11, 12",,,,,,,"[{""day"": 1, ""dayName"": ""星期一"", ""periods"": [""10"", ""11"", ""12""], ""raw"": ""10,11, 12""}]",,,https://course.nuk.edu.tw/QueryCourse/tcontent.asp?OpenYear=106&Helf=1&Sclass=CS&Cono=T561,2026-08-26T18:17:54+00:00
106-1-CS-F54A-M-1-,106,1,工學院,CS,資訊工程學系,F54A,M,碩士班,1,,書報討論(一),1,選,60,16,,44,洪宗貝 張保榮 林文揚 郭錦福,,,,,"5,6",,,,"[{""day"": 4, ""dayName"": ""星期四"", ""periods"": [""5"", ""6""], ""raw"": ""5,6""}]",,,https://course.nuk.edu.tw/QueryCourse/tcontent.asp?OpenYear=106&Helf=1&Sclass=CS&Cono=F54A,2026-08-26T18:17:54+00:00
106-1-CS-F56A-M-1-,106,1,工學院,CS,資訊工程學系,F56A,M,碩士班,1,,專題研究(一)-智慧型系統,1,選,20,4,,16,洪宗貝 殷堂凱 林文揚 黃健,,,,,,,"1,2",,"[{""day"": 6, ""dayName"": ""星期六"", ""periods"": [""1"", ""2""], ""raw"": ""1,2""}]",,,https://course.nuk.edu.tw/QueryCourse/tcontent.asp?OpenYear=106&Helf=1&Sclass=CS&Cono=F56A,2026-08-26T18:17:54+00:00
106-1-CS-F57A-M-1-,106,1,工學院,CS,資訊工程學系,F57A,M,碩士班,1,,專題研究(一)-嵌入式系統,1,選,20,3,,17,潘欣泰 郭錦福 張保榮,,,,,,,"1,2",,"[{""day"": 6, ""dayName"": ""星期六"", ""periods"": [""1"", ""2""], ""raw"": ""1,2""}]",,,https://course.nuk.edu.tw/QueryCourse/tcontent.asp?OpenYear=106&Helf=1&Sclass=CS&Cono=F57A,2026-08-26T18:17:54+00:00
106-1-CS-F72A-M-1-,106,1,工學院,CS,資訊工程學系,F72A,M,碩士班,1,,專題研究(一)-網路與多媒體,1,選,20,4,,16,吳俊興 陳建源 余亞儒,,,,,,,"1,2",,"[{""day"": 6, ""dayName"": ""星期六"", ""periods"": [""1"", ""2""], ""raw"": ""1,2""}]",,,https://course.nuk.edu.tw/QueryCourse/tcontent.asp?OpenYear=106&Helf=1&Sclass=CS&Cono=F72A,2026-08-26T18:17:54+00:00
106-1-CS-F500-M-2-,106,1,工學院,CS,資訊工程學系,F500,M,碩士班,2,,教學實務演練(資訊工程學系),0,選,30,28,,2,殷堂凱,,,X,,,,,,"[{""day"": 2, ""dayName"": ""星期二"", ""periods"": [""X""], ""raw"": ""X""}]",限修,指定加簽，申請擔任TA於加退選前上網完成選課作業。,https://course.nuk.edu.tw/QueryCourse/tcontent.asp?OpenYear=106&Helf=1&Sclass=CS&Cono=F500,2026-08-26T18:17:54+00:00
106-1-CS-F501-M-2-,106,1,工學院,CS,資訊工程學系,F501,M,碩士班,2,,無線網路,3,選,50,31,,19,余亞儒,C01-202,,,"6,7, 8",,,,,"[{""day"": 3, ""dayName"": ""星期三"", ""periods"": [""6"", ""7"", ""8""], ""raw"": ""6,7, 8""}]",,四.研合開,https://course.nuk.edu.tw/QueryCourse/tcontent.asp?OpenYear=106&Helf=1&Sclass=CS&Cono=F501,2026-08-26T18:17:54+00:00
106-1-CS-F54C-M-2-,106,1,工學院,CS,資訊工程學系,F54C,M,碩士班,2,,書報討論(三),1,選,60,15,,45,黃健,,,,,"5,6",,,,"[{""day"": 4, ""dayName"": ""星期四"", ""periods"": [""5"", ""6""], ""raw"": ""5,6""}]",,,https://course.nuk.edu.tw/QueryCourse/tcontent.asp?OpenYear=106&Helf=1&Sclass=CS&Cono=F54C,2026-08-26T18:17:54+00:00
106-1-CS-F602-M-2-,106,1,工學院,CS,資訊工程學系,F602,M,碩士班,2,,資料探勘,3,選,50,27,,23,林文揚,B01-204,,,,"2,3, 4",,,,"[{""day"": 4, ""dayName"": ""星期四"", ""periods"": [""2"", ""3"", ""4""], ""raw"": ""2,3, 4""}]",,四.研合開,https://course.nuk.edu.tw/QueryCourse/tcontent.asp?OpenYear=106&Helf=1&Sclass=CS&Cono=F602,2026-08-26T18:17:54+00:00
106-1-CS-F612-M-2-,106,1,工學院,CS,資訊工程學系,F612,M,碩士班,2,,物聯網,3,選,45,19,,26,郭錦福 余亞儒 吳俊興 張保榮,C01-209 其他教室,,,,"7,8, 9",,,,"[{""day"": 4, ""dayName"": ""星期四"", ""periods"": [""7"", ""8"", ""9""], ""raw"": ""7,8, 9""}]",學程,四.研合開，隸屬智慧生活整合創新學程,https://course.nuk.edu.tw/QueryCourse/tcontent.asp?OpenYear=106&Helf=1&Sclass=CS&Cono=F612,2026-08-26T18:17:54+00:00
106-1-CS-F643-M-2-,106,1,工學院,CS,資訊工程學系,F643,M,碩士班,2,,雲端運算,3,選,30,15,,15,張保榮 蔡毓娟 吳俊興 余亞儒 陳建源,C01-209,"2,3, 4",,,,,,,"[{""day"": 1, ""dayName"": ""星期一"", ""periods"": [""2"", ""3"", ""4""], ""raw"": ""2,3, 4""}]",學程,隸屬雲端運算學程/待公布-授課教師:蔡毓娟老師/三.四.研合開,https://course.nuk.edu.tw/QueryCourse/tcontent.asp?OpenYear=106&Helf=1&Sclass=CS&Cono=F643,2026-08-26T18:17:54+00:00
106-1-CS-F644-M-2-,106,1,工學院,CS,資訊工程學系,F644,M,碩士班,2,,雲端計算程式設計,3,選,30,14,,16,張保榮 王政弘 黃裕宸,C01-209,"6,7, 8",,,,,,,"[{""day"": 1, ""dayName"": ""星期一"", ""periods"": [""6"", ""7"", ""8""], ""raw"": ""6,7, 8""}]",學程,隸屬雲端運算學程/三.四.研合開,https://course.nuk.edu.tw/QueryCourse/tcontent.asp?OpenYear=106&Helf=1&Sclass=CS&Cono=F644,2026-08-26T18:17:54+00:00
106-1-CS-F646-M-2-,106,1,工學院,CS,資訊工程學系,F646,M,碩士班,2,,雲端計算安全,3,選,50,11,,39,陳建源,B01-204,,,,,"5,6, 7",,,"[{""day"": 5, ""dayName"": ""星期五"", ""periods"": [""5"", ""6"", ""7""], ""raw"": ""5,6, 7""}]",,四.研合開,https://course.nuk.edu.tw/QueryCourse/tcontent.asp?OpenYear=106&Helf=1&Sclass=CS&Cono=F646,2026-08-26T18:17:54+00:00
106-1-CS-F648-M-2-,106,1,工學院,CS,資訊工程學系,F648,M,碩士班,2,,軟式計算,3,選,20,20,,0,張保榮,C01-208,,"5,6, 7",,,,,,"[{""day"": 2, ""dayName"": ""星期二"", ""periods"": [""5"", ""6"", ""7""], ""raw"": ""5,6, 7""}]",外加,四.研合開,https://course.nuk.edu.tw/QueryCourse/tcontent.asp?OpenYear=106&Helf=1&Sclass=CS&Cono=F648,2026-08-26T18:17:54+00:00
106-1-CS-F664-M-2-,106,1,工學院,CS,資訊工程學系,F664,M,碩士班,2,,即時計算機系統,3,選,20,9,,11,郭錦福,B01-104,,,"6,7, 8",,,,,"[{""day"": 3, ""dayName"": ""星期三"", ""periods"": [""6"", ""7"", ""8""], ""raw"": ""6,7, 8""}]",,四.研合開,https://course.nuk.edu.tw/QueryCourse/tcontent.asp?OpenYear=106&Helf=1&Sclass=CS&Cono=F664,2026-08-26T18:17:54+00:00
106-1-CS-F67A-M-2-,106,1,工學院,CS,資訊工程學系,F67A,M,碩士班,2,,專題研究(三)-智慧型系統,1,選,20,6,,14,洪宗貝 殷堂凱 林文揚 黃健,,,,,,,"3,4",,"[{""day"": 6, ""dayName"": ""星期六"", ""periods"": [""3"", ""4""], ""raw"": ""3,4""}]",,,https://course.nuk.edu.tw/QueryCourse/tcontent.asp?OpenYear=106&Helf=1&Sclass=CS&Cono=F67A,2026-08-26T18:17:54+00:00
106-1-CS-F67B-M-2-,106,1,工學院,CS,資訊工程學系,F67B,M,碩士班,2,,專題研究(三)-嵌入式系統,1,選,20,3,,17,潘欣泰 郭錦福 張保榮,,,,,,,"3,4",,"[{""day"": 6, ""dayName"": ""星期六"", ""periods"": [""3"", ""4""], ""raw"": ""3,4""}]",,,https://course.nuk.edu.tw/QueryCourse/tcontent.asp?OpenYear=106&Helf=1&Sclass=CS&Cono=F67B,2026-08-26T18:17:54+00:00
106-1-CS-F72C-M-2-,106,1,工學院,CS,資訊工程學系,F72C,M,碩士班,2,,專題研究(三)-網路與多媒體,1,選,20,5,,15,陳建源 余亞儒 吳俊興,,,,,,,"3,4",,"[{""day"": 6, ""dayName"": ""星期六"", ""periods"": [""3"", ""4""], ""raw"": ""3,4""}]",,,https://course.nuk.edu.tw/QueryCourse/tcontent.asp?OpenYear=106&Helf=1&Sclass=CS&Cono=F72C,2026-08-26T18:17:54+00:00
106-1-CS-F731-M-2-,106,1,工學院,CS,資訊工程學系,F731,M,碩士班,2,,資訊檢索,3,選,50,33,,17,黃健,B01-108 其他教室,,,,"7,8, 9",,,,"[{""day"": 4, ""dayName"": ""星期四"", ""periods"": [""7"", ""8"", ""9""], ""raw"": ""7,8, 9""}]",,大三.四.研合開,https://course.nuk.edu.tw/QueryCourse/tcontent.asp?OpenYear=106&Helf=1&Sclass=CS&Cono=F731,2026-08-26T18:17:54+00:00
106-1-CS-F733-M-2-,106,1,工學院,CS,資訊工程學系,F733,M,碩士班,2,,資訊理論,3,選,50,8,,42,張肇健,B01-204,"6,7, 8",,,,,,,"[{""day"": 1, ""dayName"": ""星期一"", ""periods"": [""6"", ""7"", ""8""], ""raw"": ""6,7, 8""}]",,英語授課-授課教師:張肇健/四.研合開,https://course.nuk.edu.tw/QueryCourse/tcontent.asp?OpenYear=106&Helf=1&Sclass=CS&Cono=F733,2026-08-26T18:17:54+00:00
106-1-CS-F75A-M-2-,106,1,工學院,CS,資訊工程學系,F75A,M,碩士班,2,,進階程式實習(一),1,選,30,8,,22,黃健,C01-200,,,,"3,4",,,,"[{""day"": 4, ""dayName"": ""星期四"", ""periods"": [""3"", ""4""], ""raw"": ""3,4""}]",限修,三.四.研合開,https://course.nuk.edu.tw/QueryCourse/tcontent.asp?OpenYear=106&Helf=1&Sclass=CS&Cono=F75A,2026-08-26T18:17:54+00:00
106-1-CS-G502-M-2-,106,1,工學院,CS,資訊工程學系,G502,M,碩士班,2,,行動與無線區網整合,3,選,50,9,,41,吳俊興,C01-209,,,"2,3, 4",,,,,"[{""day"": 3, ""dayName"": ""星期三"", ""periods"": [""2"", ""3"", ""4""], ""raw"": ""2,3, 4""}]",,四.研合開,https://course.nuk.edu.tw/QueryCourse/tcontent.asp?OpenYear=106&Helf=1&Sclass=CS&Cono=G502,2026-08-26T18:17:54+00:00
106-1-CS-G800-M-2-,106,1,工學院,CS,資訊工程學系,G800,M,碩士班,2,,電腦視覺與擴增實境,3,選,15,12,,3,陳佳妍,B01-202,"2,3, 4",,,,,,,"[{""day"": 1, ""dayName"": ""星期一"", ""periods"": [""2"", ""3"", ""4""], ""raw"": ""2,3, 4""}]",限修,遠距教學/授課老師-陳佳妍/四.研合開,https://course.nuk.edu.tw/QueryCourse/tcontent.asp?OpenYear=106&Helf=1&Sclass=CS&Cono=G800,2026-08-26T18:17:54+00:00
106-1-EE-A01A-A-1-A,106,1,工學院,EE,電機工程學系,A01A,A,大學部,1,A,計算機概論(一),3,必,66,62,,4,賴智錦,L01-107 其他教室,,"2,3, 4",,,,,,"[{""day"": 2, ""dayName"": ""星期二"", ""periods"": [""2"", ""3"", ""4""], ""raw"": ""2,3, 4""}]",限修,一A,https://course.nuk.edu.tw/QueryCourse/tcontent.asp?OpenYear=106&Helf=1&Sclass=EE&Cono=A01A,2026-08-26T18:17:54+00:00
106-1-EE-A01C-A-1-B,106,1,工學院,EE,電機工程學系,A01C,A,大學部,1,B,計算機概論(一),3,必,66,53,,13,賴智錦,C01-104 其他教室,,,,"2,3, 4",,,,"[{""day"": 4, ""dayName"": ""星期四"", ""periods"": [""2"", ""3"", ""4""], ""raw"": ""2,3, 4""}]",限修,一B,https://course.nuk.edu.tw/QueryCourse/tcontent.asp?OpenYear=106&Helf=1&Sclass=EE&Cono=A01C,2026-08-26T18:17:54+00:00
106-1-EE-A02C-A-1-A,106,1,工學院,EE,電機工程學系,A02C,A,大學部,1,A,普通物理學(一),3,必,71,59,,12,郭馨徽,C01-B103,,,,"2,3, 4",,,,"[{""day"": 4, ""dayName"": ""星期四"", ""periods"": [""2"", ""3"", ""4""], ""raw"": ""2,3, 4""}]",限修及外加,一A，優先安排C01-B103工學院大教室,https://course.nuk.edu.tw/QueryCourse/tcontent.asp?OpenYear=106&Helf=1&Sclass=EE&Cono=A02C,2026-08-26T18:17:54+00:00
106-1-EE-A02E-A-1-B,106,1,工學院,EE,電機工程學系,A02E,A,大學部,1,B,普通物理學(一),3,必,70,62,,8,馮瑞陽,C01-B104,,,,"6,7, 8",,,,"[{""day"": 4, ""dayName"": ""星期四"", ""periods"": [""6"", ""7"", ""8""], ""raw"": ""6,7, 8""}]",限修,一B,https://course.nuk.edu.tw/QueryCourse/tcontent.asp?OpenYear=106&Helf=1&Sclass=EE&Cono=A02E,2026-08-26T18:17:54+00:00
106-1-EE-A03A-A-1-A,106,1,工學院,EE,電機工程學系,A03A,A,大學部,1,A,普通物理學實驗(一),1,必,70,51,,19,施明昌,C01-211,,,,"10,11, 12",,,,"[{""day"": 4, ""dayName"": ""星期四"", ""periods"": [""10"", ""11"", ""12""], ""raw"": ""10,11, 12""}]",限修,一A，使用C01-211普物實驗室,https://course.nuk.edu.tw/QueryCourse/tcontent.asp?OpenYear=106&Helf=1&Sclass=EE&Cono=A03A,2026-08-26T18:17:54+00:00
106-1-EE-A03C-A-1-B,106,1,工學院,EE,電機工程學系,A03C,A,大學部,1,B,普通物理學實驗(一),1,必,70,51,,19,施明昌,C01-211,,,"10,11, 12",,,,,"[{""day"": 3, ""dayName"": ""星期三"", ""periods"": [""10"", ""11"", ""12""], ""raw"": ""10,11, 12""}]",限修,一B，使用C01-211普物實驗室,https://course.nuk.edu.tw/QueryCourse/tcontent.asp?OpenYear=106&Helf=1&Sclass=EE&Cono=A03C,2026-08-26T18:17:54+00:00
106-1-EE-A04A-A-1-A,106,1,工學院,EE,電機工程學系,A04A,A,大學部,1,A,微積分(一),3,必,100,51,,49,黃祥哲,C01-B104,"2,3, 4",,,,,,,"[{""day"": 1, ""dayName"": ""星期一"", ""periods"": [""2"", ""3"", ""4""], ""raw"": ""2,3, 4""}]",限修,一A，請優先安排工院C01-B103教室,https://course.nuk.edu.tw/QueryCourse/tcontent.asp?OpenYear=106&Helf=1&Sclass=EE&Cono=A04A,2026-08-26T18:17:54+00:00
106-1-EE-A051-A-1-A,106,1,工學院,EE,電機工程學系,A051,A,大學部,1,A,數位邏輯,3,必,70,68,,2,洪進華,C01-106,,,,,"6,7, 8",,,"[{""day"": 5, ""dayName"": ""星期五"", ""periods"": [""6"", ""7"", ""8""], ""raw"": ""6,7, 8""}]",限修,一A,https://course.nuk.edu.tw/QueryCourse/tcontent.asp?OpenYear=106&Helf=1&Sclass=EE&Cono=A051,2026-08-26T18:17:54+00:00
106-1-EE-A072-A-1-A,106,1,工學院,EE,電機工程學系,A072,A,大學部,1,A,電機概論(大學入門),2,必,111,111,,0,馮瑞陽 葉文冠,C01-114,,"8,9",,,,,,"[{""day"": 2, ""dayName"": ""星期二"", ""periods"": [""8"", ""9""], ""raw"": ""8,9""}]",外加,一AB合開，使用C01-114演講廳,https://course.nuk.edu.tw/QueryCourse/tcontent.asp?OpenYear=106&Helf=1&Sclass=EE&Cono=A072,2026-08-26T18:17:54+00:00
106-1-EE-A072-A-1-B,106,1,工學院,EE,電機工程學系,A072,A,大學部,1,B,電機概論(大學入門),2,必,111,111,,0,馮瑞陽 葉文冠,C01-114,,"8,9",,,,,,"[{""day"": 2, ""dayName"": ""星期二"", ""periods"": [""8"", ""9""], ""raw"": ""8,9""}]",外加,一AB合開，使用C01-114演講廳,https://course.nuk.edu.tw/QueryCourse/tcontent.asp?OpenYear=106&Helf=1&Sclass=EE&Cono=A072,2026-08-26T18:17:54+00:00
106-1-EE-A091-A-1-B,106,1,工學院,EE,電機工程學系,A091,A,大學部,1,B,數位邏輯,3,必,56,54,,2,洪進華,B01-B106,,,"2,3, 4",,,,,"[{""day"": 3, ""dayName"": ""星期三"", ""periods"": [""2"", ""3"", ""4""], ""raw"": ""2,3, 4""}]",限修及外加,一B,https://course.nuk.edu.tw/QueryCourse/tcontent.asp?OpenYear=106&Helf=1&Sclass=EE&Cono=A091,2026-08-26T18:17:54+00:00
106-1-EE-A10A-A-1-B,106,1,工學院,EE,電機工程學系,A10A,A,大學部,1,B,微積分(一),3,必,70,53,,17,鄧卜華,C01-B103,,"2,3, 4",,,,,,"[{""day"": 2, ""dayName"": ""星期二"", ""periods"": [""2"", ""3"", ""4""], ""raw"": ""2,3, 4""}]",限修,一B，請排工院B1大教室,https://course.nuk.edu.tw/QueryCourse/tcontent.asp?OpenYear=106&Helf=1&Sclass=EE&Cono=A10A,2026-08-26T18:17:54+00:00
106-1-EE-A50A-A-1-A,106,1,工學院,EE,電機工程學系,A50A,A,大學部,1,A,普通化學(一),3,選,60,12,,48,陳振興,C02-209,,"5,6, 7",,,,,,"[{""day"": 2, ""dayName"": ""星期二"", ""periods"": [""5"", ""6"", ""7""], ""raw"": ""5,6, 7""}]",,一AB合開，教室安排於理學院。,https://course.nuk.edu.tw/QueryCourse/tcontent.asp?OpenYear=106&Helf=1&Sclass=EE&Cono=A50A,2026-08-26T18:17:54+00:00
106-1-EE-A50A-A-1-B,106,1,工學院,EE,電機工程學系,A50A,A,大學部,1,B,普通化學(一),3,選,60,12,,48,陳振興,C02-209,,"5,6, 7",,,,,,"[{""day"": 2, ""dayName"": ""星期二"", ""periods"": [""5"", ""6"", ""7""], ""raw"": ""5,6, 7""}]",,一AB合開，教室安排於理學院。,https://course.nuk.edu.tw/QueryCourse/tcontent.asp?OpenYear=106&Helf=1&Sclass=EE&Cono=A50A,2026-08-26T18:17:54+00:00
106-1-EE-B01A-A-2-A,106,1,工學院,EE,電機工程學系,B01A,A,大學部,2,A,電路學(一),3,必,60,48,,12,陳春僥,C01-B103,,,"2,3, 4",,,,,"[{""day"": 3, ""dayName"": ""星期三"", ""periods"": [""2"", ""3"", ""4""], ""raw"": ""2,3, 4""}]",限修,二A，使用工學院C01-B103大教室,https://course.nuk.edu.tw/QueryCourse/tcontent.asp?OpenYear=106&Helf=1&Sclass=EE&Cono=B01A,2026-08-26T18:17:54+00:00
106-1-EE-B01C-A-2-B,106,1,工學院,EE,電機工程學系,B01C,A,大學部,2,B,電路學(一),3,必,70,62,,8,陳春僥,C01-B103,"2,3, 4",,,,,,,"[{""day"": 1, ""dayName"": ""星期一"", ""periods"": [""2"", ""3"", ""4""], ""raw"": ""2,3, 4""}]",限修,二B，使用工學院C01-B103大教室,https://course.nuk.edu.tw/QueryCourse/tcontent.asp?OpenYear=106&Helf=1&Sclass=EE&Cono=B01C,2026-08-26T18:17:54+00:00
106-1-EE-B02A-A-2-B,106,1,工學院,EE,電機工程學系,B02A,A,大學部,2,B,電子學(一),3,必,82,82,,0,吳松茂,C01-B104,,,"2,3, 4",,,,,"[{""day"": 3, ""dayName"": ""星期三"", ""periods"": [""2"", ""3"", ""4""], ""raw"": ""2,3, 4""}]",限修及外加,二B，使用工學院大教室,https://course.nuk.edu.tw/QueryCourse/tcontent.asp?OpenYear=106&Helf=1&Sclass=EE&Cono=B02A,2026-08-26T18:17:54+00:00
106-1-EE-B02C-A-2-A,106,1,工學院,EE,電機工程學系,B02C,A,大學部,2,A,電子學(一),3,必,60,56,,4,洪進華,B01-105,,,,"2,3, 4",,,,"[{""day"": 4, ""dayName"": ""星期四"", ""periods"": [""2"", ""3"", ""4""], ""raw"": ""2,3, 4""}]",限修,二A,https://course.nuk.edu.tw/QueryCourse/tcontent.asp?OpenYear=106&Helf=1&Sclass=EE&Cono=B02C,2026-08-26T18:17:54+00:00
106-1-EE-B031-A-2-A,106,1,工學院,EE,電機工程學系,B031,A,大學部,2,A,工程數學二(微分方程),3,必,72,58,,14,藍文厚,C01-B104,,"2,3, 4",,,,,,"[{""day"": 2, ""dayName"": ""星期二"", ""periods"": [""2"", ""3"", ""4""], ""raw"": ""2,3, 4""}]",限修及外加,二A,https://course.nuk.edu.tw/QueryCourse/tcontent.asp?OpenYear=106&Helf=1&Sclass=EE&Cono=B031,2026-08-26T18:17:54+00:00
106-1-EE-B033-A-2-B,106,1,工學院,EE,電機工程學系,B033,A,大學部,2,B,工程數學二(微分方程),3,必,58,58,,0,張文騰,C01-B103,,"5,6, 7",,,,,,"[{""day"": 2, ""dayName"": ""星期二"", ""periods"": [""5"", ""6"", ""7""], ""raw"": ""5,6, 7""}]",限修及外加,二B，使用工學院大教室,https://course.nuk.edu.tw/QueryCourse/tcontent.asp?OpenYear=106&Helf=1&Sclass=EE&Cono=B033,2026-08-26T18:17:54+00:00
106-1-EE-B041-A-2-A,106,1,工學院,EE,電機工程學系,B041,A,大學部,2,A,電子電路工程實驗(一),1,必,54,54,,0,吳松茂,C01-301,,"5,6, 7",,,,,,"[{""day"": 2, ""dayName"": ""星期二"", ""periods"": [""5"", ""6"", ""7""], ""raw"": ""5,6, 7""}]",限修及外加,二A，教室C01-301-1,https://course.nuk.edu.tw/QueryCourse/tcontent.asp?OpenYear=106&Helf=1&Sclass=EE&Cono=B041,2026-08-26T18:17:54+00:00
106-1-EE-B04C-A-2-B,106,1,工學院,EE,電機工程學系,B04C,A,大學部,2,B,電子電路工程實驗(一),1,必,52,52,,0,張文騰,C01-301,,"2,3, 4",,,,,,"[{""day"": 2, ""dayName"": ""星期二"", ""periods"": [""2"", ""3"", ""4""], ""raw"": ""2,3, 4""}]",限修及外加,二B，教室C01-301-1,https://course.nuk.edu.tw/QueryCourse/tcontent.asp?OpenYear=106&Helf=1&Sclass=EE&Cono=B04C,2026-08-26T18:17:54+00:00
106-1-EE-B05A-A-2-A,106,1,工學院,EE,電機工程學系,B05A,A,大學部,2,A,電磁學(一),3,必,71,66,,5,郭馨徽,C01-B103,,,,"6,7, 8",,,,"[{""day"": 4, ""dayName"": ""星期四"", ""periods"": [""6"", ""7"", ""8""], ""raw"": ""6,7, 8""}]",限修,二A，優先安排C01-B103工學院大教室,https://course.nuk.edu.tw/QueryCourse/tcontent.asp?OpenYear=106&Helf=1&Sclass=EE&Cono=B05A,2026-08-26T18:17:54+00:00
106-1-EE-B05C-A-2-B,106,1,工學院,EE,電機工程學系,B05C,A,大學部,2,B,電磁學(一),3,必,70,69,,1,龐一心,B01-107,,,,"2,3, 4",,,,"[{""day"": 4, ""dayName"": ""星期四"", ""periods"": [""2"", ""3"", ""4""], ""raw"": ""2,3, 4""}]",限修,二B,https://course.nuk.edu.tw/QueryCourse/tcontent.asp?OpenYear=106&Helf=1&Sclass=EE&Cono=B05C,2026-08-26T18:17:54+00:00
106-1-EE-B512-A-2-A,106,1,工學院,EE,電機工程學系,B512,A,大學部,2,A,計算機程式,3,選,40,37,,3,吳志宏,C01-104,"6,7, 8",,,,,,,"[{""day"": 1, ""dayName"": ""星期一"", ""periods"": [""6"", ""7"", ""8""], ""raw"": ""6,7, 8""}]",先修,二AB合開，使用工學院C01-104電腦教室,https://course.nuk.edu.tw/QueryCourse/tcontent.asp?OpenYear=106&Helf=1&Sclass=EE&Cono=B512,2026-08-26T18:17:54+00:00
106-1-EE-B512-A-2-B,106,1,工學院,EE,電機工程學系,B512,A,大學部,2,B,計算機程式,3,選,40,37,,3,吳志宏,C01-104,"6,7, 8",,,,,,,"[{""day"": 1, ""dayName"": ""星期一"", ""periods"": [""6"", ""7"", ""8""], ""raw"": ""6,7, 8""}]",先修,二AB合開，使用工學院C01-104電腦教室,https://course.nuk.edu.tw/QueryCourse/tcontent.asp?OpenYear=106&Helf=1&Sclass=EE&Cono=B512,2026-08-26T18:17:54+00:00
106-1-EE-B561-A-2-A,106,1,工學院,EE,電機工程學系,B561,A,大學部,2,A,工程數學三(複變函數),3,選,44,43,,1,張文騰,C01-B102,"5,6, 7",,,,,,,"[{""day"": 1, ""dayName"": ""星期一"", ""periods"": [""5"", ""6"", ""7""], ""raw"": ""5,6, 7""}]",限修及外加,二AB合開,https://course.nuk.edu.tw/QueryCourse/tcontent.asp?OpenYear=106&Helf=1&Sclass=EE&Cono=B561,2026-08-26T18:17:54+00:00
106-1-EE-B561-A-2-B,106,1,工學院,EE,電機工程學系,B561,A,大學部,2,B,工程數學三(複變函數),3,選,44,43,,1,張文騰,C01-B102,"5,6, 7",,,,,,,"[{""day"": 1, ""dayName"": ""星期一"", ""periods"": [""5"", ""6"", ""7""], ""raw"": ""5,6, 7""}]",限修及外加,二AB合開,https://course.nuk.edu.tw/QueryCourse/tcontent.asp?OpenYear=106&Helf=1&Sclass=EE&Cono=B561,2026-08-26T18:17:54+00:00
106-1-EE-C591-A-2-A,106,1,工學院,EE,電機工程學系,C591,A,大學部,2,A,離散數學,3,選,70,62,,8,龐一心,C01-B104,,,,,"5,6, 7",,,"[{""day"": 5, ""dayName"": ""星期五"", ""periods"": [""5"", ""6"", ""7""], ""raw"": ""5,6, 7""}]",,二AB合開,https://course.nuk.edu.tw/QueryCourse/tcontent.asp?OpenYear=106&Helf=1&Sclass=EE&Cono=C591,2026-08-26T18:17:54+00:00
106-1-EE-C591-A-2-B,106,1,工學院,EE,電機工程學系,C591,A,大學部,2,B,離散數學,3,選,70,62,,8,龐一心,C01-B104,,,,,"5,6, 7",,,"[{""day"": 5, ""dayName"": ""星期五"", ""periods"": [""5"", ""6"", ""7""], ""raw"": ""5,6, 7""}]",,二AB合開,https://course.nuk.edu.tw/QueryCourse/tcontent.asp?OpenYear=106&Helf=1&Sclass=EE&Cono=C591,2026-08-26T18:17:54+00:00
106-1-EE-C021-A-3-B,106,1,工學院,EE,電機工程學系,C021,A,大學部,3,B,電子學(三),3,必,72,61,,11,鄧卜華,C01-202,,,"2,3, 4",,,,,"[{""day"": 3, ""dayName"": ""星期三"", ""periods"": [""2"", ""3"", ""4""], ""raw"": ""2,3, 4""}]",限修及外加,三B,https://course.nuk.edu.tw/QueryCourse/tcontent.asp?OpenYear=106&Helf=1&Sclass=EE&Cono=C021,2026-08-26T18:17:54+00:00
106-1-EE-C022-A-3-A,106,1,工學院,EE,電機工程學系,C022,A,大學部,3,A,電子學(三),3,必,71,58,,13,鄧卜華,B01-103,,,,"2,3, 4",,,,"[{""day"": 4, ""dayName"": ""星期四"", ""periods"": [""2"", ""3"", ""4""], ""raw"": ""2,3, 4""}]",限修及外加,三A,https://course.nuk.edu.tw/QueryCourse/tcontent.asp?OpenYear=106&Helf=1&Sclass=EE&Cono=C022,2026-08-26T18:17:54+00:00
106-1-EE-C523-A-3-A,106,1,工學院,EE,電機工程學系,C523,A,大學部,3,A,電力工程概論,3,選,40,38,,2,寧家慶,C01-B101-1,"10,11, 12",,,,,,,"[{""day"": 1, ""dayName"": ""星期一"", ""periods"": [""10"", ""11"", ""12""], ""raw"": ""10,11, 12""}]",限修,3AB合開,https://course.nuk.edu.tw/QueryCourse/tcontent.asp?OpenYear=106&Helf=1&Sclass=EE&Cono=C523,2026-08-26T18:17:54+00:00
106-1-EE-C523-A-3-B,106,1,工學院,EE,電機工程學系,C523,A,大學部,3,B,電力工程概論,3,選,40,38,,2,寧家慶,C01-B101-1,"10,11, 12",,,,,,,"[{""day"": 1, ""dayName"": ""星期一"", ""periods"": [""10"", ""11"", ""12""], ""raw"": ""10,11, 12""}]",限修,3AB合開,https://course.nuk.edu.tw/QueryCourse/tcontent.asp?OpenYear=106&Helf=1&Sclass=EE&Cono=C523,2026-08-26T18:17:54+00:00
106-1-EE-C542-A-3-A,106,1,工學院,EE,電機工程學系,C542,A,大學部,3,A,近代物理,3,選,60,33,,27,藍文厚,B01-101,,,"5,6, 7",,,,,"[{""day"": 3, ""dayName"": ""星期三"", ""periods"": [""5"", ""6"", ""7""], ""raw"": ""5,6, 7""}]",,三AB合開,https://course.nuk.edu.tw/QueryCourse/tcontent.asp?OpenYear=106&Helf=1&Sclass=EE&Cono=C542,2026-08-26T18:17:54+00:00
106-1-EE-C542-A-3-B,106,1,工學院,EE,電機工程學系,C542,A,大學部,3,B,近代物理,3,選,60,33,,27,藍文厚,B01-101,,,"5,6, 7",,,,,"[{""day"": 3, ""dayName"": ""星期三"", ""periods"": [""5"", ""6"", ""7""], ""raw"": ""5,6, 7""}]",,三AB合開,https://course.nuk.edu.tw/QueryCourse/tcontent.asp?OpenYear=106&Helf=1&Sclass=EE&Cono=C542,2026-08-26T18:17:54+00:00
106-1-EE-C561-A-3-A,106,1,工學院,EE,電機工程學系,C561,A,大學部,3,A,作業系統,3,選,51,39,,12,賴智錦,C01-B101-1,"2,3, 4",,,,,,,"[{""day"": 1, ""dayName"": ""星期一"", ""periods"": [""2"", ""3"", ""4""], ""raw"": ""2,3, 4""}]",,三AB合開,https://course.nuk.edu.tw/QueryCourse/tcontent.asp?OpenYear=106&Helf=1&Sclass=EE&Cono=C561,2026-08-26T18:17:54+00:00
106-1-EE-C561-A-3-B,106,1,工學院,EE,電機工程學系,C561,A,大學部,3,B,作業系統,3,選,51,39,,12,賴智錦,C01-B101-1,"2,3, 4",,,,,,,"[{""day"": 1, ""dayName"": ""星期一"", ""periods"": [""2"", ""3"", ""4""], ""raw"": ""2,3, 4""}]",,三AB合開,https://course.nuk.edu.tw/QueryCourse/tcontent.asp?OpenYear=106&Helf=1&Sclass=EE&Cono=C561,2026-08-26T18:17:54+00:00
106-1-EE-C582-A-3-A,106,1,工學院,EE,電機工程學系,C582,A,大學部,3,A,電磁波理論,3,選,70,54,,16,吳松茂,B01-204,,,,"6,7, 8",,,,"[{""day"": 4, ""dayName"": ""星期四"", ""periods"": [""6"", ""7"", ""8""], ""raw"": ""6,7, 8""}]",,三AB合開，請安排於工學院大教室,https://course.nuk.edu.tw/QueryCourse/tcontent.asp?OpenYear=106&Helf=1&Sclass=EE&Cono=C582,2026-08-26T18:17:54+00:00
106-1-EE-C582-A-3-B,106,1,工學院,EE,電機工程學系,C582,A,大學部,3,B,電磁波理論,3,選,70,54,,16,吳松茂,B01-204,,,,"6,7, 8",,,,"[{""day"": 4, ""dayName"": ""星期四"", ""periods"": [""6"", ""7"", ""8""], ""raw"": ""6,7, 8""}]",,三AB合開，請安排於工學院大教室,https://course.nuk.edu.tw/QueryCourse/tcontent.asp?OpenYear=106&Helf=1&Sclass=EE&Cono=C582,2026-08-26T18:17:54+00:00
106-1-EE-C632-A-3-A,106,1,工學院,EE,電機工程學系,C632,A,大學部,3,A,雲端運算技術,3,選,40,14,,26,洪德城,C01-104,,,"10,11, 12",,,,,"[{""day"": 3, ""dayName"": ""星期三"", ""periods"": [""10"", ""11"", ""12""], ""raw"": ""10,11, 12""}]",,3AB合開,https://course.nuk.edu.tw/QueryCourse/tcontent.asp?OpenYear=106&Helf=1&Sclass=EE&Cono=C632,2026-08-26T18:17:54+00:00
106-1-EE-C632-A-3-B,106,1,工學院,EE,電機工程學系,C632,A,大學部,3,B,雲端運算技術,3,選,40,14,,26,洪德城,C01-104,,,"10,11, 12",,,,,"[{""day"": 3, ""dayName"": ""星期三"", ""periods"": [""10"", ""11"", ""12""], ""raw"": ""10,11, 12""}]",,3AB合開,https://course.nuk.edu.tw/QueryCourse/tcontent.asp?OpenYear=106&Helf=1&Sclass=EE&Cono=C632,2026-08-26T18:17:54+00:00
106-1-EE-C662-A-3-A,106,1,工學院,EE,電機工程學系,C662,A,大學部,3,A,超大型積體電路設計導論,3,選,98,98,,0,陳春僥 葉文冠,C01-B103,"6,7, 8",,,,,,,"[{""day"": 1, ""dayName"": ""星期一"", ""periods"": [""6"", ""7"", ""8""], ""raw"": ""6,7, 8""}]",,三AB合開，使用工學院C01-B103大教室,https://course.nuk.edu.tw/QueryCourse/tcontent.asp?OpenYear=106&Helf=1&Sclass=EE&Cono=C662,2026-08-26T18:17:54+00:00
106-1-EE-C662-A-3-B,106,1,工學院,EE,電機工程學系,C662,A,大學部,3,B,超大型積體電路設計導論,3,選,98,98,,0,陳春僥 葉文冠,C01-B103,"6,7, 8",,,,,,,"[{""day"": 1, ""dayName"": ""星期一"", ""periods"": [""6"", ""7"", ""8""], ""raw"": ""6,7, 8""}]",,三AB合開，使用工學院C01-B103大教室,https://course.nuk.edu.tw/QueryCourse/tcontent.asp?OpenYear=106&Helf=1&Sclass=EE&Cono=C662,2026-08-26T18:17:54+00:00
106-1-EE-C762-A-3-A,106,1,工學院,EE,電機工程學系,C762,A,大學部,3,A,資料壓縮,3,選,70,19,,51,黃祥哲,B01-103,,"2,3, 4",,,,,,"[{""day"": 2, ""dayName"": ""星期二"", ""periods"": [""2"", ""3"", ""4""], ""raw"": ""2,3, 4""}]",,"3AB,4AB合開",https://course.nuk.edu.tw/QueryCourse/tcontent.asp?OpenYear=106&Helf=1&Sclass=EE&Cono=C762,2026-08-26T18:17:54+00:00
106-1-EE-C762-A-3-B,106,1,工學院,EE,電機工程學系,C762,A,大學部,3,B,資料壓縮,3,選,70,19,,51,黃祥哲,B01-103,,"2,3, 4",,,,,,"[{""day"": 2, ""dayName"": ""星期二"", ""periods"": [""2"", ""3"", ""4""], ""raw"": ""2,3, 4""}]",,"3AB,4AB合開",https://course.nuk.edu.tw/QueryCourse/tcontent.asp?OpenYear=106&Helf=1&Sclass=EE&Cono=C762,2026-08-26T18:17:54+00:00
106-1-EE-C782-A-3-A,106,1,工學院,EE,電機工程學系,C782,A,大學部,3,A,機率與統計,3,選,100,55,,45,徐忠枝,C01-B103,,,,,"6,7, 8",,,"[{""day"": 5, ""dayName"": ""星期五"", ""periods"": [""6"", ""7"", ""8""], ""raw"": ""6,7, 8""}]",,三AB合開,https://course.nuk.edu.tw/QueryCourse/tcontent.asp?OpenYear=106&Helf=1&Sclass=EE&Cono=C782,2026-08-26T18:17:54+00:00
106-1-EE-C782-A-3-B,106,1,工學院,EE,電機工程學系,C782,A,大學部,3,B,機率與統計,3,選,100,55,,45,徐忠枝,C01-B103,,,,,"6,7, 8",,,"[{""day"": 5, ""dayName"": ""星期五"", ""periods"": [""6"", ""7"", ""8""], ""raw"": ""6,7, 8""}]",,三AB合開,https://course.nuk.edu.tw/QueryCourse/tcontent.asp?OpenYear=106&Helf=1&Sclass=EE&Cono=C782,2026-08-26T18:17:54+00:00
106-1-EE-C911-A-3-A,106,1,工學院,EE,電機工程學系,C911,A,大學部,3,A,訊號與系統,3,選,101,88,,13,徐忠枝,C01-B103,,,,,"2,3, 4",,,"[{""day"": 5, ""dayName"": ""星期五"", ""periods"": [""2"", ""3"", ""4""], ""raw"": ""2,3, 4""}]",,三AB合開,https://course.nuk.edu.tw/QueryCourse/tcontent.asp?OpenYear=106&Helf=1&Sclass=EE&Cono=C911,2026-08-26T18:17:54+00:00
106-1-EE-C911-A-3-B,106,1,工學院,EE,電機工程學系,C911,A,大學部,3,B,訊號與系統,3,選,101,88,,13,徐忠枝,C01-B103,,,,,"2,3, 4",,,"[{""day"": 5, ""dayName"": ""星期五"", ""periods"": [""2"", ""3"", ""4""], ""raw"": ""2,3, 4""}]",,三AB合開,https://course.nuk.edu.tw/QueryCourse/tcontent.asp?OpenYear=106&Helf=1&Sclass=EE&Cono=C911,2026-08-26T18:17:54+00:00
106-1-EE-C941-A-3-A,106,1,工學院,EE,電機工程學系,C941,A,大學部,3,A,嵌入式程式設計,3,選,30,19,,11,蕭培墉,C01-201,,"5,6, 7",,,,,,"[{""day"": 2, ""dayName"": ""星期二"", ""periods"": [""5"", ""6"", ""7""], ""raw"": ""5,6, 7""}]",限修,三AB、四AB合開，使用L01-107電腦教室,https://course.nuk.edu.tw/QueryCourse/tcontent.asp?OpenYear=106&Helf=1&Sclass=EE&Cono=C941,2026-08-26T18:17:54+00:00
106-1-EE-C941-A-3-B,106,1,工學院,EE,電機工程學系,C941,A,大學部,3,B,嵌入式程式設計,3,選,30,19,,11,蕭培墉,C01-201,,"5,6, 7",,,,,,"[{""day"": 2, ""dayName"": ""星期二"", ""periods"": [""5"", ""6"", ""7""], ""raw"": ""5,6, 7""}]",限修,三AB、四AB合開，使用L01-107電腦教室,https://course.nuk.edu.tw/QueryCourse/tcontent.asp?OpenYear=106&Helf=1&Sclass=EE&Cono=C941,2026-08-26T18:17:54+00:00
106-1-EE-D522-A-3-A,106,1,工學院,EE,電機工程學系,D522,A,大學部,3,A,電腦網路,3,選,50,35,,15,廖述銘,C01-104,,,,,"6,7, 8",,,"[{""day"": 5, ""dayName"": ""星期五"", ""periods"": [""6"", ""7"", ""8""], ""raw"": ""6,7, 8""}]",,三AB、四AB合開，使用C01-104電腦教室,https://course.nuk.edu.tw/QueryCourse/tcontent.asp?OpenYear=106&Helf=1&Sclass=EE&Cono=D522,2026-08-26T18:17:54+00:00
106-1-EE-D522-A-3-B,106,1,工學院,EE,電機工程學系,D522,A,大學部,3,B,電腦網路,3,選,50,35,,15,廖述銘,C01-104,,,,,"6,7, 8",,,"[{""day"": 5, ""dayName"": ""星期五"", ""periods"": [""6"", ""7"", ""8""], ""raw"": ""6,7, 8""}]",,三AB、四AB合開，使用C01-104電腦教室,https://course.nuk.edu.tw/QueryCourse/tcontent.asp?OpenYear=106&Helf=1&Sclass=EE&Cono=D522,2026-08-26T18:17:54+00:00
106-1-EE-D712-A-3-A,106,1,工學院,EE,電機工程學系,D712,A,大學部,3,A,通訊實驗,1,選,10,9,,1,龐一心 鄧卜華,C01-205-1,,,"10,11, 12",,,,,"[{""day"": 3, ""dayName"": ""星期三"", ""periods"": [""10"", ""11"", ""12""], ""raw"": ""10,11, 12""}]",,三AB、四AB合開，使用C01-205-1實驗室,https://course.nuk.edu.tw/QueryCourse/tcontent.asp?OpenYear=106&Helf=1&Sclass=EE&Cono=D712,2026-08-26T18:17:54+00:00
106-1-EE-D712-A-3-B,106,1,工學院,EE,電機工程學系,D712,A,大學部,3,B,通訊實驗,1,選,10,9,,1,龐一心 鄧卜華,C01-205-1,,,"10,11, 12",,,,,"[{""day"": 3, ""dayName"": ""星期三"", ""periods"": [""10"", ""11"", ""12""], ""raw"": ""10,11, 12""}]",,三AB、四AB合開，使用C01-205-1實驗室,https://course.nuk.edu.tw/QueryCourse/tcontent.asp?OpenYear=106&Helf=1&Sclass=EE&Cono=D712,2026-08-26T18:17:54+00:00
106-1-EE-F793-A-3-A,106,1,工學院,EE,電機工程學系,F793,A,大學部,3,A,微波被動電路設計與分析,3,選,20,15,,5,鄧卜華,C01-104,,,,"6,7, 8",,,,"[{""day"": 4, ""dayName"": ""星期四"", ""periods"": [""6"", ""7"", ""8""], ""raw"": ""6,7, 8""}]",限修及外加,三AB、四AB、碩班合開,https://course.nuk.edu.tw/QueryCourse/tcontent.asp?OpenYear=106&Helf=1&Sclass=EE&Cono=F793,2026-08-26T18:17:54+00:00
106-1-EE-F793-A-3-B,106,1,工學院,EE,電機工程學系,F793,A,大學部,3,B,微波被動電路設計與分析,3,選,20,15,,5,鄧卜華,C01-104,,,,"6,7, 8",,,,"[{""day"": 4, ""dayName"": ""星期四"", ""periods"": [""6"", ""7"", ""8""], ""raw"": ""6,7, 8""}]",限修及外加,三AB、四AB、碩班合開,https://course.nuk.edu.tw/QueryCourse/tcontent.asp?OpenYear=106&Helf=1&Sclass=EE&Cono=F793,2026-08-26T18:17:54+00:00
106-1-EE-G602-A-3-A,106,1,工學院,EE,電機工程學系,G602,A,大學部,3,A,矩陣技術與應用,3,選,40,33,,7,李錫智,L01-108,,,"7,8, 9",,,,,"[{""day"": 3, ""dayName"": ""星期三"", ""periods"": [""7"", ""8"", ""9""], ""raw"": ""7,8, 9""}]",,授課教師:李錫智老師，三AB，四AB，碩班合開，使用圖資107或108電腦教室,https://course.nuk.edu.tw/QueryCourse/tcontent.asp?OpenYear=106&Helf=1&Sclass=EE&Cono=G602,2026-08-26T18:17:54+00:00
106-1-EE-G602-A-3-B,106,1,工學院,EE,電機工程學系,G602,A,大學部,3,B,矩陣技術與應用,3,選,40,33,,7,李錫智,L01-108,,,"7,8, 9",,,,,"[{""day"": 3, ""dayName"": ""星期三"", ""periods"": [""7"", ""8"", ""9""], ""raw"": ""7,8, 9""}]",,授課教師:李錫智老師，三AB，四AB，碩班合開，使用圖資107或108電腦教室,https://course.nuk.edu.tw/QueryCourse/tcontent.asp?OpenYear=106&Helf=1&Sclass=EE&Cono=G602,2026-08-26T18:17:54+00:00
106-1-EE-G693-A-3-A,106,1,工學院,EE,電機工程學系,G693,A,大學部,3,A,智慧型機器手臂,3,選,34,27,,7,吳志宏,C01-B101,,,,,"11,12, 13",,,"[{""day"": 5, ""dayName"": ""星期五"", ""periods"": [""11"", ""12"", ""13""], ""raw"": ""11,12, 13""}]",先修 外加,三AB、四AB、碩班合開,https://course.nuk.edu.tw/QueryCourse/tcontent.asp?OpenYear=106&Helf=1&Sclass=EE&Cono=G693,2026-08-26T18:17:54+00:00
106-1-EE-G693-A-3-B,106,1,工學院,EE,電機工程學系,G693,A,大學部,3,B,智慧型機器手臂,3,選,34,27,,7,吳志宏,C01-B101,,,,,"11,12, 13",,,"[{""day"": 5, ""dayName"": ""星期五"", ""periods"": [""11"", ""12"", ""13""], ""raw"": ""11,12, 13""}]",先修 外加,三AB、四AB、碩班合開,https://course.nuk.edu.tw/QueryCourse/tcontent.asp?OpenYear=106&Helf=1&Sclass=EE&Cono=G693,2026-08-26T18:17:54+00:00
106-1-EE-G70B-A-3-A,106,1,工學院,EE,電機工程學系,G70B,A,大學部,3,A,智慧生活空間資訊截取與運用效能化設計(II),3,選,60,16,,44,梁明正,B01-104,,"5,6, 7",,,,,,"[{""day"": 2, ""dayName"": ""星期二"", ""periods"": [""5"", ""6"", ""7""], ""raw"": ""5,6, 7""}]",學程,三AB、四AB、碩班合開，智慧生活整合創新學程,https://course.nuk.edu.tw/QueryCourse/tcontent.asp?OpenYear=106&Helf=1&Sclass=EE&Cono=G70B,2026-08-26T18:17:54+00:00
106-1-EE-G70B-A-3-B,106,1,工學院,EE,電機工程學系,G70B,A,大學部,3,B,智慧生活空間資訊截取與運用效能化設計(II),3,選,60,16,,44,梁明正,B01-104,,"5,6, 7",,,,,,"[{""day"": 2, ""dayName"": ""星期二"", ""periods"": [""5"", ""6"", ""7""], ""raw"": ""5,6, 7""}]",學程,三AB、四AB、碩班合開，智慧生活整合創新學程,https://course.nuk.edu.tw/QueryCourse/tcontent.asp?OpenYear=106&Helf=1&Sclass=EE&Cono=G70B,2026-08-26T18:17:54+00:00
106-1-EE-C762-A-4-A,106,1,工學院,EE,電機工程學系,C762,A,大學部,4,A,資料壓縮,3,選,70,19,,51,黃祥哲,B01-103,,"2,3, 4",,,,,,"[{""day"": 2, ""dayName"": ""星期二"", ""periods"": [""2"", ""3"", ""4""], ""raw"": ""2,3, 4""}]",,"3AB,4AB合開",https://course.nuk.edu.tw/QueryCourse/tcontent.asp?OpenYear=106&Helf=1&Sclass=EE&Cono=C762,2026-08-26T18:17:54+00:00
106-1-EE-C762-A-4-B,106,1,工學院,EE,電機工程學系,C762,A,大學部,4,B,資料壓縮,3,選,70,19,,51,黃祥哲,B01-103,,"2,3, 4",,,,,,"[{""day"": 2, ""dayName"": ""星期二"", ""periods"": [""2"", ""3"", ""4""], ""raw"": ""2,3, 4""}]",,"3AB,4AB合開",https://course.nuk.edu.tw/QueryCourse/tcontent.asp?OpenYear=106&Helf=1&Sclass=EE&Cono=C762,2026-08-26T18:17:54+00:00
106-1-EE-C941-A-4-A,106,1,工學院,EE,電機工程學系,C941,A,大學部,4,A,嵌入式程式設計,3,選,30,19,,11,蕭培墉,C01-201,,"5,6, 7",,,,,,"[{""day"": 2, ""dayName"": ""星期二"", ""periods"": [""5"", ""6"", ""7""], ""raw"": ""5,6, 7""}]",,三AB、四AB合開,https://course.nuk.edu.tw/QueryCourse/tcontent.asp?OpenYear=106&Helf=1&Sclass=EE&Cono=C941,2026-08-26T18:17:54+00:00
106-1-EE-C941-A-4-B,106,1,工學院,EE,電機工程學系,C941,A,大學部,4,B,嵌入式程式設計,3,選,30,19,,11,蕭培墉,C01-201,,"5,6, 7",,,,,,"[{""day"": 2, ""dayName"": ""星期二"", ""periods"": [""5"", ""6"", ""7""], ""raw"": ""5,6, 7""}]",,三AB、四AB合開，使用L01-107電腦教室,https://course.nuk.edu.tw/QueryCourse/tcontent.asp?OpenYear=106&Helf=1&Sclass=EE&Cono=C941,2026-08-26T18:17:54+00:00
106-1-EE-D001-A-4-A,106,1,工學院,EE,電機工程學系,D001,A,大學部,4,A,書報討論,1,必,100,98,,2,梁明正 廖述銘,C01-114,,,"5,6",,,,,"[{""day"": 3, ""dayName"": ""星期三"", ""periods"": [""5"", ""6""], ""raw"": ""5,6""}]",,四AB合開，使用C01-114演講廳,https://course.nuk.edu.tw/QueryCourse/tcontent.asp?OpenYear=106&Helf=1&Sclass=EE&Cono=D001,2026-08-26T18:17:54+00:00
106-1-EE-D001-A-4-B,106,1,工學院,EE,電機工程學系,D001,A,大學部,4,B,書報討論,1,必,100,98,,2,梁明正 廖述銘,C01-114,,,"5,6",,,,,"[{""day"": 3, ""dayName"": ""星期三"", ""periods"": [""5"", ""6""], ""raw"": ""5,6""}]",,四AB合開，使用C01-114演講廳,https://course.nuk.edu.tw/QueryCourse/tcontent.asp?OpenYear=106&Helf=1&Sclass=EE&Cono=D001,2026-08-26T18:17:54+00:00
106-1-EE-D116-A-4-A,106,1,工學院,EE,電機工程學系,D116,A,大學部,4,A,電機實務專題(二)_光電與資訊,1,必,8,8,,0,馮瑞陽 郭馨徽,,,,,,,"2,3, 4",,"[{""day"": 6, ""dayName"": ""星期六"", ""periods"": [""2"", ""3"", ""4""], ""raw"": ""2,3, 4""}]",外加,四AB合開，指導教授指定外加,https://course.nuk.edu.tw/QueryCourse/tcontent.asp?OpenYear=106&Helf=1&Sclass=EE&Cono=D116,2026-08-26T18:17:54+00:00
106-1-EE-D116-A-4-B,106,1,工學院,EE,電機工程學系,D116,A,大學部,4,B,電機實務專題(二)_光電與資訊,1,必,8,8,,0,馮瑞陽 郭馨徽,,,,,,,"2,3, 4",,"[{""day"": 6, ""dayName"": ""星期六"", ""periods"": [""2"", ""3"", ""4""], ""raw"": ""2,3, 4""}]",外加,四AB合開，指導教授指定外加,https://course.nuk.edu.tw/QueryCourse/tcontent.asp?OpenYear=106&Helf=1&Sclass=EE&Cono=D116,2026-08-26T18:17:54+00:00
106-1-EE-D117-A-4-A,106,1,工學院,EE,電機工程學系,D117,A,大學部,4,A,電機實務專題(二)_影像晶片及天線設計,1,必,10,10,,0,蕭培墉 梁明正,,,,,,,"2,3, 4",,"[{""day"": 6, ""dayName"": ""星期六"", ""periods"": [""2"", ""3"", ""4""], ""raw"": ""2,3, 4""}]",限修及外加,四AB合開，指導教授指定外加,https://course.nuk.edu.tw/QueryCourse/tcontent.asp?OpenYear=106&Helf=1&Sclass=EE&Cono=D117,2026-08-26T18:17:54+00:00
106-1-EE-D117-A-4-B,106,1,工學院,EE,電機工程學系,D117,A,大學部,4,B,電機實務專題(二)_影像晶片及天線設計,1,必,10,10,,0,蕭培墉 梁明正,,,,,,,"2,3, 4",,"[{""day"": 6, ""dayName"": ""星期六"", ""periods"": [""2"", ""3"", ""4""], ""raw"": ""2,3, 4""}]",限修及外加,四AB合開，指導教授指定外加,https://course.nuk.edu.tw/QueryCourse/tcontent.asp?OpenYear=106&Helf=1&Sclass=EE&Cono=D117,2026-08-26T18:17:54+00:00
106-1-EE-D11C-A-4-A,106,1,工學院,EE,電機工程學系,D11C,A,大學部,4,A,電機實務專題(二)_計算機領域(I),1,必,14,14,,0,吳志宏 賴智錦,,,,,,,"2,3, 4",,"[{""day"": 6, ""dayName"": ""星期六"", ""periods"": [""2"", ""3"", ""4""], ""raw"": ""2,3, 4""}]",外加,四AB合開，指導教授指定外加,https://course.nuk.edu.tw/QueryCourse/tcontent.asp?OpenYear=106&Helf=1&Sclass=EE&Cono=D11C,2026-08-26T18:17:54+00:00
106-1-EE-D11C-A-4-B,106,1,工學院,EE,電機工程學系,D11C,A,大學部,4,B,電機實務專題(二)_計算機領域(I),1,必,14,14,,0,吳志宏 賴智錦,,,,,,,"2,3, 4",,"[{""day"": 6, ""dayName"": ""星期六"", ""periods"": [""2"", ""3"", ""4""], ""raw"": ""2,3, 4""}]",外加,四AB合開，指導教授指定外加,https://course.nuk.edu.tw/QueryCourse/tcontent.asp?OpenYear=106&Helf=1&Sclass=EE&Cono=D11C,2026-08-26T18:17:54+00:00
106-1-EE-D11E-A-4-A,106,1,工學院,EE,電機工程學系,D11E,A,大學部,4,A,電機實務專題(二)_通訊領域(I),1,必,8,8,,0,龐一心 黃祥哲,,,,,,,"2,3, 4",,"[{""day"": 6, ""dayName"": ""星期六"", ""periods"": [""2"", ""3"", ""4""], ""raw"": ""2,3, 4""}]",外加,四AB合開，指導教授指定外加,https://course.nuk.edu.tw/QueryCourse/tcontent.asp?OpenYear=106&Helf=1&Sclass=EE&Cono=D11E,2026-08-26T18:17:54+00:00
106-1-EE-D11E-A-4-B,106,1,工學院,EE,電機工程學系,D11E,A,大學部,4,B,電機實務專題(二)_通訊領域(I),1,必,8,8,,0,龐一心 黃祥哲,,,,,,,"2,3, 4",,"[{""day"": 6, ""dayName"": ""星期六"", ""periods"": [""2"", ""3"", ""4""], ""raw"": ""2,3, 4""}]",外加,四AB合開，指導教授指定外加,https://course.nuk.edu.tw/QueryCourse/tcontent.asp?OpenYear=106&Helf=1&Sclass=EE&Cono=D11E,2026-08-26T18:17:54+00:00
106-1-EE-D11F-A-4-A,106,1,工學院,EE,電機工程學系,D11F,A,大學部,4,A,電機實務專題(二)_通訊領域(II),1,必,10,10,,0,徐忠枝 鄧卜華,,,,,,,"2,3, 4",,"[{""day"": 6, ""dayName"": ""星期六"", ""periods"": [""2"", ""3"", ""4""], ""raw"": ""2,3, 4""}]",外加,四AB合開，指導教授指定外加,https://course.nuk.edu.tw/QueryCourse/tcontent.asp?OpenYear=106&Helf=1&Sclass=EE&Cono=D11F,2026-08-26T18:17:54+00:00
106-1-EE-D11F-A-4-B,106,1,工學院,EE,電機工程學系,D11F,A,大學部,4,B,電機實務專題(二)_通訊領域(II),1,必,10,10,,0,徐忠枝 鄧卜華,,,,,,,"2,3, 4",,"[{""day"": 6, ""dayName"": ""星期六"", ""periods"": [""2"", ""3"", ""4""], ""raw"": ""2,3, 4""}]",外加,四AB合開，指導教授指定外加,https://course.nuk.edu.tw/QueryCourse/tcontent.asp?OpenYear=106&Helf=1&Sclass=EE&Cono=D11F,2026-08-26T18:17:54+00:00
106-1-EE-D11G-A-4-A,106,1,工學院,EE,電機工程學系,D11G,A,大學部,4,A,電機實務專題(二)_光電領域(I),1,必,17,17,,0,藍文厚 施明昌,,,,,,,"2,3, 4",,"[{""day"": 6, ""dayName"": ""星期六"", ""periods"": [""2"", ""3"", ""4""], ""raw"": ""2,3, 4""}]",外加,四AB合開，指導教授指定外加,https://course.nuk.edu.tw/QueryCourse/tcontent.asp?OpenYear=106&Helf=1&Sclass=EE&Cono=D11G,2026-08-26T18:17:54+00:00
106-1-EE-D11G-A-4-B,106,1,工學院,EE,電機工程學系,D11G,A,大學部,4,B,電機實務專題(二)_光電領域(I),1,必,17,17,,0,藍文厚 施明昌,,,,,,,"2,3, 4",,"[{""day"": 6, ""dayName"": ""星期六"", ""periods"": [""2"", ""3"", ""4""], ""raw"": ""2,3, 4""}]",外加,四AB合開，指導教授指定外加,https://course.nuk.edu.tw/QueryCourse/tcontent.asp?OpenYear=106&Helf=1&Sclass=EE&Cono=D11G,2026-08-26T18:17:54+00:00
106-1-EE-D11I-A-4-A,106,1,工學院,EE,電機工程學系,D11I,A,大學部,4,A,電機實務專題(二)_微電子與資訊(I),1,必,14,14,,0,吳松茂 陳春僥,,,,,,,"2,3, 4",,"[{""day"": 6, ""dayName"": ""星期六"", ""periods"": [""2"", ""3"", ""4""], ""raw"": ""2,3, 4""}]",外加,四AB合開，指導教授指定外加,https://course.nuk.edu.tw/QueryCourse/tcontent.asp?OpenYear=106&Helf=1&Sclass=EE&Cono=D11I,2026-08-26T18:17:54+00:00
106-1-EE-D11I-A-4-B,106,1,工學院,EE,電機工程學系,D11I,A,大學部,4,B,電機實務專題(二)_微電子與資訊(I),1,必,14,14,,0,吳松茂 陳春僥,,,,,,,"2,3, 4",,"[{""day"": 6, ""dayName"": ""星期六"", ""periods"": [""2"", ""3"", ""4""], ""raw"": ""2,3, 4""}]",外加,四AB合開，指導教授指定外加,https://course.nuk.edu.tw/QueryCourse/tcontent.asp?OpenYear=106&Helf=1&Sclass=EE&Cono=D11I,2026-08-26T18:17:54+00:00
106-1-EE-D11J-A-4-A,106,1,工學院,EE,電機工程學系,D11J,A,大學部,4,A,電機實務專題(二)_微電子與資訊(II),1,必,0,15,,0,洪進華 張文騰,,,,,,,"2,3, 4",,"[{""day"": 6, ""dayName"": ""星期六"", ""periods"": [""2"", ""3"", ""4""], ""raw"": ""2,3, 4""}]",,四AB合開，指導教授指定外加,https://course.nuk.edu.tw/QueryCourse/tcontent.asp?OpenYear=106&Helf=1&Sclass=EE&Cono=D11J,2026-08-26T18:17:54+00:00
106-1-EE-D11J-A-4-B,106,1,工學院,EE,電機工程學系,D11J,A,大學部,4,B,電機實務專題(二)_微電子與資訊(II),1,必,0,15,,0,洪進華 張文騰,,,,,,,"2,3, 4",,"[{""day"": 6, ""dayName"": ""星期六"", ""periods"": [""2"", ""3"", ""4""], ""raw"": ""2,3, 4""}]",,四AB合開，指導教授指定外加,https://course.nuk.edu.tw/QueryCourse/tcontent.asp?OpenYear=106&Helf=1&Sclass=EE&Cono=D11J,2026-08-26T18:17:54+00:00
106-1-EE-D522-A-4-A,106,1,工學院,EE,電機工程學系,D522,A,大學部,4,A,電腦網路,3,選,50,35,,15,廖述銘,C01-104,,,,,"6,7, 8",,,"[{""day"": 5, ""dayName"": ""星期五"", ""periods"": [""6"", ""7"", ""8""], ""raw"": ""6,7, 8""}]",,三AB、四AB合開，使用C01-104電腦教室,https://course.nuk.edu.tw/QueryCourse/tcontent.asp?OpenYear=106&Helf=1&Sclass=EE&Cono=D522,2026-08-26T18:17:54+00:00
106-1-EE-D522-A-4-B,106,1,工學院,EE,電機工程學系,D522,A,大學部,4,B,電腦網路,3,選,50,35,,15,廖述銘,C01-104,,,,,"6,7, 8",,,"[{""day"": 5, ""dayName"": ""星期五"", ""periods"": [""6"", ""7"", ""8""], ""raw"": ""6,7, 8""}]",,三AB、四AB合開，使用C01-104電腦教室,https://course.nuk.edu.tw/QueryCourse/tcontent.asp?OpenYear=106&Helf=1&Sclass=EE&Cono=D522,2026-08-26T18:17:54+00:00
106-1-EE-D712-A-4-A,106,1,工學院,EE,電機工程學系,D712,A,大學部,4,A,通訊實驗,1,選,10,9,,1,龐一心 鄧卜華,C01-205-1,,,"10,11, 12",,,,,"[{""day"": 3, ""dayName"": ""星期三"", ""periods"": [""10"", ""11"", ""12""], ""raw"": ""10,11, 12""}]",,三AB、四AB合開，使用C01-205-1實驗室,https://course.nuk.edu.tw/QueryCourse/tcontent.asp?OpenYear=106&Helf=1&Sclass=EE&Cono=D712,2026-08-26T18:17:54+00:00
106-1-EE-D712-A-4-B,106,1,工學院,EE,電機工程學系,D712,A,大學部,4,B,通訊實驗,1,選,10,9,,1,龐一心 鄧卜華,C01-205-1,,,"10,11, 12",,,,,"[{""day"": 3, ""dayName"": ""星期三"", ""periods"": [""10"", ""11"", ""12""], ""raw"": ""10,11, 12""}]",,三AB、四AB合開，使用C01-205-1實驗室,https://course.nuk.edu.tw/QueryCourse/tcontent.asp?OpenYear=106&Helf=1&Sclass=EE&Cono=D712,2026-08-26T18:17:54+00:00
106-1-EE-D802-A-4-A,106,1,工學院,EE,電機工程學系,D802,A,大學部,4,A,通訊原理(二),3,選,100,6,,94,徐忠枝,C01-B101-1,,,,"6,7, 8",,,,"[{""day"": 4, ""dayName"": ""星期四"", ""periods"": [""6"", ""7"", ""8""], ""raw"": ""6,7, 8""}]",先修,四AB合開,https://course.nuk.edu.tw/QueryCourse/tcontent.asp?OpenYear=106&Helf=1&Sclass=EE&Cono=D802,2026-08-26T18:17:54+00:00
106-1-EE-D802-A-4-B,106,1,工學院,EE,電機工程學系,D802,A,大學部,4,B,通訊原理(二),3,選,100,6,,94,徐忠枝,C01-B101-1,,,,"6,7, 8",,,,"[{""day"": 4, ""dayName"": ""星期四"", ""periods"": [""6"", ""7"", ""8""], ""raw"": ""6,7, 8""}]",先修,四AB合開,https://course.nuk.edu.tw/QueryCourse/tcontent.asp?OpenYear=106&Helf=1&Sclass=EE&Cono=D802,2026-08-26T18:17:54+00:00
106-1-EE-D863-A-4-A,106,1,工學院,EE,電機工程學系,D863,A,大學部,4,A,微波無線系統導論,3,選,60,7,,53,龐一心,B01-105,,,"2,3, 4",,,,,"[{""day"": 3, ""dayName"": ""星期三"", ""periods"": [""2"", ""3"", ""4""], ""raw"": ""2,3, 4""}]",,4AB合開,https://course.nuk.edu.tw/QueryCourse/tcontent.asp?OpenYear=106&Helf=1&Sclass=EE&Cono=D863,2026-08-26T18:17:54+00:00
106-1-EE-D863-A-4-B,106,1,工學院,EE,電機工程學系,D863,A,大學部,4,B,微波無線系統導論,3,選,60,7,,53,龐一心,B01-105,,,"2,3, 4",,,,,"[{""day"": 3, ""dayName"": ""星期三"", ""periods"": [""2"", ""3"", ""4""], ""raw"": ""2,3, 4""}]",,4AB合開,https://course.nuk.edu.tw/QueryCourse/tcontent.asp?OpenYear=106&Helf=1&Sclass=EE&Cono=D863,2026-08-26T18:17:54+00:00
106-1-EE-F504-A-4-A,106,1,工學院,EE,電機工程學系,F504,A,大學部,4,A,光波導概論,3,選,40,9,,31,郭馨徽,C01-B101,,,"2,3, 4",,,,,"[{""day"": 3, ""dayName"": ""星期三"", ""periods"": [""2"", ""3"", ""4""], ""raw"": ""2,3, 4""}]",,四AB、碩班合開,https://course.nuk.edu.tw/QueryCourse/tcontent.asp?OpenYear=106&Helf=1&Sclass=EE&Cono=F504,2026-08-26T18:17:54+00:00
106-1-EE-F504-A-4-B,106,1,工學院,EE,電機工程學系,F504,A,大學部,4,B,光波導概論,3,選,40,9,,31,郭馨徽,C01-B101,,,"2,3, 4",,,,,"[{""day"": 3, ""dayName"": ""星期三"", ""periods"": [""2"", ""3"", ""4""], ""raw"": ""2,3, 4""}]",,四AB、碩班合開,https://course.nuk.edu.tw/QueryCourse/tcontent.asp?OpenYear=106&Helf=1&Sclass=EE&Cono=F504,2026-08-26T18:17:54+00:00
106-1-EE-F533-A-4-A,106,1,工學院,EE,電機工程學系,F533,A,大學部,4,A,天線原理與設計,3,選,70,15,,55,梁明正,C01-B101,"2,3, 4",,,,,,,"[{""day"": 1, ""dayName"": ""星期一"", ""periods"": [""2"", ""3"", ""4""], ""raw"": ""2,3, 4""}]",,四AB、碩班合開,https://course.nuk.edu.tw/QueryCourse/tcontent.asp?OpenYear=106&Helf=1&Sclass=EE&Cono=F533,2026-08-26T18:17:54+00:00
106-1-EE-F533-A-4-B,106,1,工學院,EE,電機工程學系,F533,A,大學部,4,B,天線原理與設計,3,選,70,15,,55,梁明正,C01-B101,"2,3, 4",,,,,,,"[{""day"": 1, ""dayName"": ""星期一"", ""periods"": [""2"", ""3"", ""4""], ""raw"": ""2,3, 4""}]",,四AB、碩班合開,https://course.nuk.edu.tw/QueryCourse/tcontent.asp?OpenYear=106&Helf=1&Sclass=EE&Cono=F533,2026-08-26T18:17:54+00:00
106-1-EE-F541-A-4-A,106,1,工學院,EE,電機工程學系,F541,A,大學部,4,A,綠能技術與系統,3,選,70,26,,44,梁明正,C01-B104,"5,6, 7",,,,,,,"[{""day"": 1, ""dayName"": ""星期一"", ""periods"": [""5"", ""6"", ""7""], ""raw"": ""5,6, 7""}]",,四AB、碩班合開,https://course.nuk.edu.tw/QueryCourse/tcontent.asp?OpenYear=106&Helf=1&Sclass=EE&Cono=F541,2026-08-26T18:17:54+00:00
106-1-EE-F541-A-4-B,106,1,工學院,EE,電機工程學系,F541,A,大學部,4,B,綠能技術與系統,3,選,70,26,,44,梁明正,C01-B104,"5,6, 7",,,,,,,"[{""day"": 1, ""dayName"": ""星期一"", ""periods"": [""5"", ""6"", ""7""], ""raw"": ""5,6, 7""}]",,四AB、碩班合開,https://course.nuk.edu.tw/QueryCourse/tcontent.asp?OpenYear=106&Helf=1&Sclass=EE&Cono=F541,2026-08-26T18:17:54+00:00
106-1-EE-F554-A-4-A,106,1,工學院,EE,電機工程學系,F554,A,大學部,4,A,超大型積體電路測試與工具軟體設計,3,選,40,9,,31,王維倫,C01-201,,,,"6,7, 8",,,,"[{""day"": 4, ""dayName"": ""星期四"", ""periods"": [""6"", ""7"", ""8""], ""raw"": ""6,7, 8""}]",,4AB碩班合開，使用C01-201教室,https://course.nuk.edu.tw/QueryCourse/tcontent.asp?OpenYear=106&Helf=1&Sclass=EE&Cono=F554,2026-08-26T18:17:54+00:00
106-1-EE-F554-A-4-B,106,1,工學院,EE,電機工程學系,F554,A,大學部,4,B,超大型積體電路測試與工具軟體設計,3,選,40,9,,31,王維倫,C01-201,,,,"6,7, 8",,,,"[{""day"": 4, ""dayName"": ""星期四"", ""periods"": [""6"", ""7"", ""8""], ""raw"": ""6,7, 8""}]",,4AB碩班合開，使用C01-201教室,https://course.nuk.edu.tw/QueryCourse/tcontent.asp?OpenYear=106&Helf=1&Sclass=EE&Cono=F554,2026-08-26T18:17:54+00:00
106-1-EE-F615-A-4-A,106,1,工學院,EE,電機工程學系,F615,A,大學部,4,A,半導體雷射,3,選,40,8,,32,馮瑞陽,C01-B101-1,,"2,3, 4",,,,,,"[{""day"": 2, ""dayName"": ""星期二"", ""periods"": [""2"", ""3"", ""4""], ""raw"": ""2,3, 4""}]",,四AB、碩班合開,https://course.nuk.edu.tw/QueryCourse/tcontent.asp?OpenYear=106&Helf=1&Sclass=EE&Cono=F615,2026-08-26T18:17:54+00:00
106-1-EE-F615-A-4-B,106,1,工學院,EE,電機工程學系,F615,A,大學部,4,B,半導體雷射,3,選,40,8,,32,馮瑞陽,C01-B101-1,,"2,3, 4",,,,,,"[{""day"": 2, ""dayName"": ""星期二"", ""periods"": [""2"", ""3"", ""4""], ""raw"": ""2,3, 4""}]",,四AB、碩班合開,https://course.nuk.edu.tw/QueryCourse/tcontent.asp?OpenYear=106&Helf=1&Sclass=EE&Cono=F615,2026-08-26T18:17:54+00:00
106-1-EE-F622-A-4-A,106,1,工學院,EE,電機工程學系,F622,A,大學部,4,A,半導體封裝與趨勢發展,3,選,70,34,,36,王陳肇,C01-B104,,"10,11, 12",,,,,,"[{""day"": 2, ""dayName"": ""星期二"", ""periods"": [""10"", ""11"", ""12""], ""raw"": ""10,11, 12""}]",學程,半導體光電製程學程，四AB、碩班合開,https://course.nuk.edu.tw/QueryCourse/tcontent.asp?OpenYear=106&Helf=1&Sclass=EE&Cono=F622,2026-08-26T18:17:54+00:00
106-1-EE-F622-A-4-B,106,1,工學院,EE,電機工程學系,F622,A,大學部,4,B,半導體封裝與趨勢發展,3,選,70,34,,36,王陳肇,C01-B104,,"10,11, 12",,,,,,"[{""day"": 2, ""dayName"": ""星期二"", ""periods"": [""10"", ""11"", ""12""], ""raw"": ""10,11, 12""}]",學程,半導體光電製程學程，四AB、碩班合開,https://course.nuk.edu.tw/QueryCourse/tcontent.asp?OpenYear=106&Helf=1&Sclass=EE&Cono=F622,2026-08-26T18:17:54+00:00
106-1-EE-F632-A-4-A,106,1,工學院,EE,電機工程學系,F632,A,大學部,4,A,網站架設與網頁撰寫,3,選,50,14,,36,廖述銘,C01-104,,,"7,8, 9",,,,,"[{""day"": 3, ""dayName"": ""星期三"", ""periods"": [""7"", ""8"", ""9""], ""raw"": ""7,8, 9""}]",,四AB、碩班合開，使用C01-104電腦教室,https://course.nuk.edu.tw/QueryCourse/tcontent.asp?OpenYear=106&Helf=1&Sclass=EE&Cono=F632,2026-08-26T18:17:54+00:00
106-1-EE-F632-A-4-B,106,1,工學院,EE,電機工程學系,F632,A,大學部,4,B,網站架設與網頁撰寫,3,選,50,14,,36,廖述銘,C01-104,,,"7,8, 9",,,,,"[{""day"": 3, ""dayName"": ""星期三"", ""periods"": [""7"", ""8"", ""9""], ""raw"": ""7,8, 9""}]",,四AB、碩班合開，使用C01-104電腦教室,https://course.nuk.edu.tw/QueryCourse/tcontent.asp?OpenYear=106&Helf=1&Sclass=EE&Cono=F632,2026-08-26T18:17:54+00:00
106-1-EE-F654-A-4-A,106,1,工學院,EE,電機工程學系,F654,A,大學部,4,A,光電子學(一),3,選,40,3,,37,馮瑞陽,C01-B101,"6,7, 8",,,,,,,"[{""day"": 1, ""dayName"": ""星期一"", ""periods"": [""6"", ""7"", ""8""], ""raw"": ""6,7, 8""}]",,四AB、碩班合開,https://course.nuk.edu.tw/QueryCourse/tcontent.asp?OpenYear=106&Helf=1&Sclass=EE&Cono=F654,2026-08-26T18:17:54+00:00
106-1-EE-F654-A-4-B,106,1,工學院,EE,電機工程學系,F654,A,大學部,4,B,光電子學(一),3,選,40,3,,37,馮瑞陽,C01-B101,"6,7, 8",,,,,,,"[{""day"": 1, ""dayName"": ""星期一"", ""periods"": [""6"", ""7"", ""8""], ""raw"": ""6,7, 8""}]",,四AB、碩班合開,https://course.nuk.edu.tw/QueryCourse/tcontent.asp?OpenYear=106&Helf=1&Sclass=EE&Cono=F654,2026-08-26T18:17:54+00:00
106-1-EE-F732-A-4-A,106,1,工學院,EE,電機工程學系,F732,A,大學部,4,A,資料庫原理,3,選,40,11,,29,黃科瑋,C01-201,"7,8, 9",,,,,,,"[{""day"": 1, ""dayName"": ""星期一"", ""periods"": [""7"", ""8"", ""9""], ""raw"": ""7,8, 9""}]",,四AB、碩班合開，授課教師:黃科瑋，使用c01-201電腦教室,https://course.nuk.edu.tw/QueryCourse/tcontent.asp?OpenYear=106&Helf=1&Sclass=EE&Cono=F732,2026-08-26T18:17:54+00:00
106-1-EE-F732-A-4-B,106,1,工學院,EE,電機工程學系,F732,A,大學部,4,B,資料庫原理,3,選,40,11,,29,黃科瑋,C01-201,"7,8, 9",,,,,,,"[{""day"": 1, ""dayName"": ""星期一"", ""periods"": [""7"", ""8"", ""9""], ""raw"": ""7,8, 9""}]",,四AB、碩班合開，授課教師:黃科瑋，使用c01-201電腦教室,https://course.nuk.edu.tw/QueryCourse/tcontent.asp?OpenYear=106&Helf=1&Sclass=EE&Cono=F732,2026-08-26T18:17:54+00:00
106-1-EE-F793-A-4-A,106,1,工學院,EE,電機工程學系,F793,A,大學部,4,A,微波被動電路設計與分析,3,選,20,15,,5,鄧卜華,C01-104,,,,"6,7, 8",,,,"[{""day"": 4, ""dayName"": ""星期四"", ""periods"": [""6"", ""7"", ""8""], ""raw"": ""6,7, 8""}]",,三AB、四AB、碩班合開,https://course.nuk.edu.tw/QueryCourse/tcontent.asp?OpenYear=106&Helf=1&Sclass=EE&Cono=F793,2026-08-26T18:17:54+00:00
106-1-EE-F793-A-4-B,106,1,工學院,EE,電機工程學系,F793,A,大學部,4,B,微波被動電路設計與分析,3,選,20,15,,5,鄧卜華,C01-104,,,,"6,7, 8",,,,"[{""day"": 4, ""dayName"": ""星期四"", ""periods"": [""6"", ""7"", ""8""], ""raw"": ""6,7, 8""}]",,三AB、四AB、碩班合開,https://course.nuk.edu.tw/QueryCourse/tcontent.asp?OpenYear=106&Helf=1&Sclass=EE&Cono=F793,2026-08-26T18:17:54+00:00
106-1-EE-F981-A-4-A,106,1,工學院,EE,電機工程學系,F981,A,大學部,4,A,潔淨室製程技術,3,選,57,57,,0,施明昌,B01-103,,"6,7, 8",,,,,,"[{""day"": 2, ""dayName"": ""星期二"", ""periods"": [""6"", ""7"", ""8""], ""raw"": ""6,7, 8""}]",外加,四AB、碩班合開,https://course.nuk.edu.tw/QueryCourse/tcontent.asp?OpenYear=106&Helf=1&Sclass=EE&Cono=F981,2026-08-26T18:17:54+00:00
106-1-EE-F981-A-4-B,106,1,工學院,EE,電機工程學系,F981,A,大學部,4,B,潔淨室製程技術,3,選,57,57,,0,施明昌,B01-103,,"6,7, 8",,,,,,"[{""day"": 2, ""dayName"": ""星期二"", ""periods"": [""6"", ""7"", ""8""], ""raw"": ""6,7, 8""}]",外加,四AB、碩班合開,https://course.nuk.edu.tw/QueryCourse/tcontent.asp?OpenYear=106&Helf=1&Sclass=EE&Cono=F981,2026-08-26T18:17:54+00:00
106-1-EE-F992-A-4-A,106,1,工學院,EE,電機工程學系,F992,A,大學部,4,A,半導體元件物理,3,選,83,81,,2,藍文厚,C01-B103,,"10,11, 12",,,,,,"[{""day"": 2, ""dayName"": ""星期二"", ""periods"": [""10"", ""11"", ""12""], ""raw"": ""10,11, 12""}]",外加 學程,半導體光電製程學程，四AB、碩班合開，產碩班學生指定加簽。,https://course.nuk.edu.tw/QueryCourse/tcontent.asp?OpenYear=106&Helf=1&Sclass=EE&Cono=F992,2026-08-26T18:17:54+00:00
106-1-EE-F992-A-4-B,106,1,工學院,EE,電機工程學系,F992,A,大學部,4,B,半導體元件物理,3,選,83,81,,2,藍文厚,C01-B103,,"10,11, 12",,,,,,"[{""day"": 2, ""dayName"": ""星期二"", ""periods"": [""10"", ""11"", ""12""], ""raw"": ""10,11, 12""}]",外加 學程,半導體光電製程學程，四AB、碩班合開，產碩班學生指定加簽。,https://course.nuk.edu.tw/QueryCourse/tcontent.asp?OpenYear=106&Helf=1&Sclass=EE&Cono=F992,2026-08-26T18:17:54+00:00
106-1-EE-G562-A-4-A,106,1,工學院,EE,電機工程學系,G562,A,大學部,4,A,指紋辨識專論,3,選,30,9,,21,蕭培墉,C01-104,,,"2,3, 4",,,,,"[{""day"": 3, ""dayName"": ""星期三"", ""periods"": [""2"", ""3"", ""4""], ""raw"": ""2,3, 4""}]",,4AB、碩班合開，使用圖資107電腦教室,https://course.nuk.edu.tw/QueryCourse/tcontent.asp?OpenYear=106&Helf=1&Sclass=EE&Cono=G562,2026-08-26T18:17:54+00:00
106-1-EE-G562-A-4-B,106,1,工學院,EE,電機工程學系,G562,A,大學部,4,B,指紋辨識專論,3,選,30,9,,21,蕭培墉,C01-104,,,"2,3, 4",,,,,"[{""day"": 3, ""dayName"": ""星期三"", ""periods"": [""2"", ""3"", ""4""], ""raw"": ""2,3, 4""}]",,4AB、碩班合開，使用圖資107電腦教室,https://course.nuk.edu.tw/QueryCourse/tcontent.asp?OpenYear=106&Helf=1&Sclass=EE&Cono=G562,2026-08-26T18:17:54+00:00
106-1-EE-G602-A-4-A,106,1,工學院,EE,電機工程學系,G602,A,大學部,4,A,矩陣技術與應用,3,選,40,33,,7,李錫智,L01-108,,,"7,8, 9",,,,,"[{""day"": 3, ""dayName"": ""星期三"", ""periods"": [""7"", ""8"", ""9""], ""raw"": ""7,8, 9""}]",,授課教師:李錫智老師，三AB，四AB，碩班合開，使用圖資107或108電腦教室,https://course.nuk.edu.tw/QueryCourse/tcontent.asp?OpenYear=106&Helf=1&Sclass=EE&Cono=G602,2026-08-26T18:17:54+00:00
106-1-EE-G602-A-4-B,106,1,工學院,EE,電機工程學系,G602,A,大學部,4,B,矩陣技術與應用,3,選,40,33,,7,李錫智,L01-108,,,"7,8, 9",,,,,"[{""day"": 3, ""dayName"": ""星期三"", ""periods"": [""7"", ""8"", ""9""], ""raw"": ""7,8, 9""}]",,授課教師:李錫智老師，三AB，四AB，碩班合開，使用圖資107或108電腦教室,https://course.nuk.edu.tw/QueryCourse/tcontent.asp?OpenYear=106&Helf=1&Sclass=EE&Cono=G602,2026-08-26T18:17:54+00:00
106-1-EE-G693-A-4-A,106,1,工學院,EE,電機工程學系,G693,A,大學部,4,A,智慧型機器手臂,3,選,34,27,,7,吳志宏,C01-B101,,,,,"11,12, 13",,,"[{""day"": 5, ""dayName"": ""星期五"", ""periods"": [""11"", ""12"", ""13""], ""raw"": ""11,12, 13""}]",先修 外加,三AB、四AB、碩班合開,https://course.nuk.edu.tw/QueryCourse/tcontent.asp?OpenYear=106&Helf=1&Sclass=EE&Cono=G693,2026-08-26T18:17:54+00:00
106-1-EE-G693-A-4-B,106,1,工學院,EE,電機工程學系,G693,A,大學部,4,B,智慧型機器手臂,3,選,34,27,,7,吳志宏,C01-B101,,,,,"11,12, 13",,,"[{""day"": 5, ""dayName"": ""星期五"", ""periods"": [""11"", ""12"", ""13""], ""raw"": ""11,12, 13""}]",先修 外加,三AB、四AB、碩班合開,https://course.nuk.edu.tw/QueryCourse/tcontent.asp?OpenYear=106&Helf=1&Sclass=EE&Cono=G693,2026-08-26T18:17:54+00:00
106-1-EE-G70B-A-4-A,106,1,工學院,EE,電機工程學系,G70B,A,大學部,4,A,智慧生活空間資訊截取與運用效能化設計(II),3,選,60,16,,44,梁明正,B01-104,,"5,6, 7",,,,,,"[{""day"": 2, ""dayName"": ""星期二"", ""periods"": [""5"", ""6"", ""7""], ""raw"": ""5,6, 7""}]",學程,三AB、四AB、碩班合開，智慧生活整合創新學程,https://course.nuk.edu.tw/QueryCourse/tcontent.asp?OpenYear=106&Helf=1&Sclass=EE&Cono=G70B,2026-08-26T18:17:54+00:00
106-1-EE-G70B-A-4-B,106,1,工學院,EE,電機工程學系,G70B,A,大學部,4,B,智慧生活空間資訊截取與運用效能化設計(II),3,選,60,16,,44,梁明正,B01-104,,"5,6, 7",,,,,,"[{""day"": 2, ""dayName"": ""星期二"", ""periods"": [""5"", ""6"", ""7""], ""raw"": ""5,6, 7""}]",學程,三AB、四AB、碩班合開，智慧生活整合創新學程,https://course.nuk.edu.tw/QueryCourse/tcontent.asp?OpenYear=106&Helf=1&Sclass=EE&Cono=G70B,2026-08-26T18:17:54+00:00
106-1-EE-G712-A-4-A,106,1,工學院,EE,電機工程學系,G712,A,大學部,4,A,科技溝通,3,選,30,21,,9,張文騰,B01-B106,"2,3, 4",,,,,,,"[{""day"": 1, ""dayName"": ""星期一"", ""periods"": [""2"", ""3"", ""4""], ""raw"": ""2,3, 4""}]",,四AB、碩班合開，全英語授課，蔡奎如老師共同授課(週次為第3、6、10、11週),https://course.nuk.edu.tw/QueryCourse/tcontent.asp?OpenYear=106&Helf=1&Sclass=EE&Cono=G712,2026-08-26T18:17:54+00:00
106-1-EE-G712-A-4-B,106,1,工學院,EE,電機工程學系,G712,A,大學部,4,B,科技溝通,3,選,30,21,,9,張文騰,B01-B106,"2,3, 4",,,,,,,"[{""day"": 1, ""dayName"": ""星期一"", ""periods"": [""2"", ""3"", ""4""], ""raw"": ""2,3, 4""}]",,四AB、碩班合開，全英語授課，蔡奎如老師共同授課(週次為第3、6、10、11週),https://course.nuk.edu.tw/QueryCourse/tcontent.asp?OpenYear=106&Helf=1&Sclass=EE&Cono=G712,2026-08-26T18:17:54+00:00
106-1-EE-K001-D-1-,106,1,工學院,EE,電機工程學系,K001,D,博士班,1,,專題討論,0,必,50,50,,0,馮瑞陽 廖述銘,C01-302-1,,,"5,6",,,,,"[{""day"": 3, ""dayName"": ""星期三"", ""periods"": [""5"", ""6""], ""raw"": ""5,6""}]",,碩博合開,https://course.nuk.edu.tw/QueryCourse/tcontent.asp?OpenYear=106&Helf=1&Sclass=EE&Cono=K001,2026-08-26T18:17:54+00:00
106-1-EE-K532-D-1-,106,1,工學院,EE,電機工程學系,K532,D,博士班,1,,高等數位訊號處理,3,選,20,3,,17,黃祥哲,C01-B101-1,"5,6, 7",,,,,,,"[{""day"": 1, ""dayName"": ""星期一"", ""periods"": [""5"", ""6"", ""7""], ""raw"": ""5,6, 7""}]",,碩博合開,https://course.nuk.edu.tw/QueryCourse/tcontent.asp?OpenYear=106&Helf=1&Sclass=EE&Cono=K532,2026-08-26T18:17:54+00:00
106-1-EE-K57A-D-1-,106,1,工學院,EE,電機工程學系,K57A,D,博士班,1,,應用量子力學(一),3,選,40,13,,27,施明昌,C01-B101,,,,"6,7, 8",,,,"[{""day"": 4, ""dayName"": ""星期四"", ""periods"": [""6"", ""7"", ""8""], ""raw"": ""6,7, 8""}]",,碩博合開,https://course.nuk.edu.tw/QueryCourse/tcontent.asp?OpenYear=106&Helf=1&Sclass=EE&Cono=K57A,2026-08-26T18:17:54+00:00
106-1-EE-K61C-D-1-,106,1,工學院,EE,電機工程學系,K61C,D,博士班,1,,機器學習專論(三),3,選,10,1,,9,吳志宏,C01-B101,"10,11, 12",,,,,,,"[{""day"": 1, ""dayName"": ""星期一"", ""periods"": [""10"", ""11"", ""12""], ""raw"": ""10,11, 12""}]",先修,博班,https://course.nuk.edu.tw/QueryCourse/tcontent.asp?OpenYear=106&Helf=1&Sclass=EE&Cono=K61C,2026-08-26T18:17:54+00:00
106-1-EE-K001-D-2-,106,1,工學院,EE,電機工程學系,K001,D,博士班,2,,專題討論,0,必,50,50,,0,馮瑞陽 廖述銘,C01-302-1,,,"5,6",,,,,"[{""day"": 3, ""dayName"": ""星期三"", ""periods"": [""5"", ""6""], ""raw"": ""5,6""}]",,碩博合開,https://course.nuk.edu.tw/QueryCourse/tcontent.asp?OpenYear=106&Helf=1&Sclass=EE&Cono=K001,2026-08-26T18:17:54+00:00
106-1-EE-K532-D-2-,106,1,工學院,EE,電機工程學系,K532,D,博士班,2,,高等數位訊號處理,3,選,20,3,,17,黃祥哲,C01-B101-1,"5,6, 7",,,,,,,"[{""day"": 1, ""dayName"": ""星期一"", ""periods"": [""5"", ""6"", ""7""], ""raw"": ""5,6, 7""}]",,碩博合開,https://course.nuk.edu.tw/QueryCourse/tcontent.asp?OpenYear=106&Helf=1&Sclass=EE&Cono=K532,2026-08-26T18:17:54+00:00
106-1-EE-K57A-D-2-,106,1,工學院,EE,電機工程學系,K57A,D,博士班,2,,應用量子力學(一),3,選,40,13,,27,施明昌,C01-B101,,,,"6,7, 8",,,,"[{""day"": 4, ""dayName"": ""星期四"", ""periods"": [""6"", ""7"", ""8""], ""raw"": ""6,7, 8""}]",,碩博合開,https://course.nuk.edu.tw/QueryCourse/tcontent.asp?OpenYear=106&Helf=1&Sclass=EE&Cono=K57A,2026-08-26T18:17:54+00:00
106-1-EE-K61C-D-2-,106,1,工學院,EE,電機工程學系,K61C,D,博士班,2,,機器學習專論(三),3,選,10,1,,9,吳志宏,C01-B101,"10,11, 12",,,,,,,"[{""day"": 1, ""dayName"": ""星期一"", ""periods"": [""10"", ""11"", ""12""], ""raw"": ""10,11, 12""}]",先修,博班,https://course.nuk.edu.tw/QueryCourse/tcontent.asp?OpenYear=106&Helf=1&Sclass=EE&Cono=K61C,2026-08-26T18:17:54+00:00
106-1-EE-K61C-D-3-,106,1,工學院,EE,電機工程學系,K61C,D,博士班,3,,機器學習專論(三),3,選,10,1,,9,吳志宏,C01-B101,"10,11, 12",,,,,,,"[{""day"": 1, ""dayName"": ""星期一"", ""periods"": [""10"", ""11"", ""12""], ""raw"": ""10,11, 12""}]",先修,博班,https://course.nuk.edu.tw/QueryCourse/tcontent.asp?OpenYear=106&Helf=1&Sclass=EE&Cono=K61C,2026-08-26T18:17:54+00:00
106-1-EE-I032-J-1-,106,1,工學院,EE,電機工程學系,I032,J,產業碩士專班秋季班,1,,國際商務英語(1),2,必,30,23,,7,黃蘭棻,,"10,11",,,,,,,"[{""day"": 1, ""dayName"": ""星期一"", ""periods"": [""10"", ""11""], ""raw"": ""10,11""}]",,使用工院B1育成中心B105教室，授課老師:黃蘭棻老師,https://course.nuk.edu.tw/QueryCourse/tcontent.asp?OpenYear=106&Helf=1&Sclass=EE&Cono=I032,2026-08-26T18:17:54+00:00
106-1-EE-I071-J-1-,106,1,工學院,EE,電機工程學系,I071,J,產業碩士專班秋季班,1,,C#程式語言,3,必,30,11,,19,宋杭融,C01-201,,,,,"10,11, 12",,,"[{""day"": 5, ""dayName"": ""星期五"", ""periods"": [""10"", ""11"", ""12""], ""raw"": ""10,11, 12""}]",,教室使用C01-201，授課老師:宋杭融老師,https://course.nuk.edu.tw/QueryCourse/tcontent.asp?OpenYear=106&Helf=1&Sclass=EE&Cono=I071,2026-08-26T18:17:54+00:00
106-1-EE-I561-J-1-,106,1,工學院,EE,電機工程學系,I561,J,產業碩士專班秋季班,1,,機械與自動化控制,3,選,30,18,,12,林忠民,,,,"2,3, 4",,,,,"[{""day"": 3, ""dayName"": ""星期三"", ""periods"": [""2"", ""3"", ""4""], ""raw"": ""2,3, 4""}]",,使用工院B1育成中心B105教室，授課老師:林忠民老師,https://course.nuk.edu.tw/QueryCourse/tcontent.asp?OpenYear=106&Helf=1&Sclass=EE&Cono=I561,2026-08-26T18:17:54+00:00
106-1-EE-I012-J-2-,106,1,工學院,EE,電機工程學系,I012,J,產業碩士專班秋季班,2,,專題,1,必,30,25,,5,施明昌,,,,,,6,,,"[{""day"": 5, ""dayName"": ""星期五"", ""periods"": [""6""], ""raw"": ""6""}]",,使用工院B1育成中心B105教室，授課老師:施明昌老師,https://course.nuk.edu.tw/QueryCourse/tcontent.asp?OpenYear=106&Helf=1&Sclass=EE&Cono=I012,2026-08-26T18:17:54+00:00
106-1-EE-I022-J-2-,106,1,工學院,EE,電機工程學系,I022,J,產業碩士專班秋季班,2,,半導體元件製程技術,2,必,30,15,,15,藍文厚,,,,"3,4",,,,,"[{""day"": 3, ""dayName"": ""星期三"", ""periods"": [""3"", ""4""], ""raw"": ""3,4""}]",,使用工院B1育成中心B105教室，授課老師:藍文厚老師,https://course.nuk.edu.tw/QueryCourse/tcontent.asp?OpenYear=106&Helf=1&Sclass=EE&Cono=I022,2026-08-26T18:17:54+00:00
106-1-EE-I051-J-2-,106,1,工學院,EE,電機工程學系,I051,J,產業碩士專班秋季班,2,,無塵室製程實驗,1,必,30,15,,15,施明昌,,,,2,,,,,"[{""day"": 3, ""dayName"": ""星期三"", ""periods"": [""2""], ""raw"": ""2""}]",,使用工院505-1教室，授課老師:施明昌老師,https://course.nuk.edu.tw/QueryCourse/tcontent.asp?OpenYear=106&Helf=1&Sclass=EE&Cono=I051,2026-08-26T18:17:54+00:00
106-1-EE-I062-J-2-,106,1,工學院,EE,電機工程學系,I062,J,產業碩士專班秋季班,2,,E化製造,3,必,30,24,,6,謝昱銘,C01-201,,,,"10,11, 12",,,,"[{""day"": 4, ""dayName"": ""星期四"", ""periods"": [""10"", ""11"", ""12""], ""raw"": ""10,11, 12""}]",,授課老師:謝曜聲老師,https://course.nuk.edu.tw/QueryCourse/tcontent.asp?OpenYear=106&Helf=1&Sclass=EE&Cono=I062,2026-08-26T18:17:54+00:00
106-1-EE-I571-J-2-,106,1,工學院,EE,電機工程學系,I571,J,產業碩士專班秋季班,2,,可靠度測試分析,3,選,30,5,,25,楊秉豐,,"5,6, 7",,,,,,,"[{""day"": 1, ""dayName"": ""星期一"", ""periods"": [""5"", ""6"", ""7""], ""raw"": ""5,6, 7""}]",,使用工院B1育成中心B105教室，授課老師:楊秉豐老師,https://course.nuk.edu.tw/QueryCourse/tcontent.asp?OpenYear=106&Helf=1&Sclass=EE&Cono=I571,2026-08-26T18:17:54+00:00
106-1-EE-I601-J-2-,106,1,工學院,EE,電機工程學系,I601,J,產業碩士專班秋季班,2,,物聯網技術,3,選,30,8,,22,曹永忠,,,"6,7, 8",,,,,,"[{""day"": 2, ""dayName"": ""星期二"", ""periods"": [""6"", ""7"", ""8""], ""raw"": ""6,7, 8""}]",,使用工院B1育成中心B105教室，授課老師:曹永忠老師,https://course.nuk.edu.tw/QueryCourse/tcontent.asp?OpenYear=106&Helf=1&Sclass=EE&Cono=I601,2026-08-26T18:17:54+00:00
106-1-EE-T513-L-1-,106,1,工學院,EE,電機工程學系,T513,L,碩士在職專班,1,,積體電路製程技術,3,選,20,12,,8,葉文冠,C01-B101,,,,"10,11, 12",,,,"[{""day"": 4, ""dayName"": ""星期四"", ""periods"": [""10"", ""11"", ""12""], ""raw"": ""10,11, 12""}]",,碩專12合開,https://course.nuk.edu.tw/QueryCourse/tcontent.asp?OpenYear=106&Helf=1&Sclass=EE&Cono=T513,2026-08-26T18:17:54+00:00
106-1-EE-T514-L-1-,106,1,工學院,EE,電機工程學系,T514,L,碩士在職專班,1,,積體電路設計與實習,3,選,50,44,,6,洪進華,C01-201,,,"10,11, 12",,,,,"[{""day"": 3, ""dayName"": ""星期三"", ""periods"": [""10"", ""11"", ""12""], ""raw"": ""10,11, 12""}]",,碩專一二合開，使用C01-201教室,https://course.nuk.edu.tw/QueryCourse/tcontent.asp?OpenYear=106&Helf=1&Sclass=EE&Cono=T514,2026-08-26T18:17:54+00:00
106-1-EE-T515-L-1-,106,1,工學院,EE,電機工程學系,T515,L,碩士在職專班,1,,數位積體電路設計,3,選,20,17,,3,陳春僥,C01-B101-1 其他教室,,,,,"10,11, 12",,,"[{""day"": 5, ""dayName"": ""星期五"", ""periods"": [""10"", ""11"", ""12""], ""raw"": ""10,11, 12""}]",,"碩專班1,2年級合開",https://course.nuk.edu.tw/QueryCourse/tcontent.asp?OpenYear=106&Helf=1&Sclass=EE&Cono=T515,2026-08-26T18:17:54+00:00
106-1-EE-T523-L-1-,106,1,工學院,EE,電機工程學系,T523,L,碩士在職專班,1,,嵌入式程式設計,3,選,20,5,,15,蕭培墉,L01-108,,"10,11, 12",,,,,,"[{""day"": 2, ""dayName"": ""星期二"", ""periods"": [""10"", ""11"", ""12""], ""raw"": ""10,11, 12""}]",,碩專12合開，使用圖資107或108電腦教室,https://course.nuk.edu.tw/QueryCourse/tcontent.asp?OpenYear=106&Helf=1&Sclass=EE&Cono=T523,2026-08-26T18:17:54+00:00
106-1-EE-T532-L-1-,106,1,工學院,EE,電機工程學系,T532,L,碩士在職專班,1,,數位訊號處理,3,選,20,10,,10,徐忠枝,C01-201,"10,11, 12",,,,,,,"[{""day"": 1, ""dayName"": ""星期一"", ""periods"": [""10"", ""11"", ""12""], ""raw"": ""10,11, 12""}]",,碩專一二合開，使用C01-201教室,https://course.nuk.edu.tw/QueryCourse/tcontent.asp?OpenYear=106&Helf=1&Sclass=EE&Cono=T532,2026-08-26T18:17:54+00:00
106-1-EE-T513-L-2-,106,1,工學院,EE,電機工程學系,T513,L,碩士在職專班,2,,積體電路製程技術,3,選,20,12,,8,葉文冠,C01-B101,,,,"10,11, 12",,,,"[{""day"": 4, ""dayName"": ""星期四"", ""periods"": [""10"", ""11"", ""12""], ""raw"": ""10,11, 12""}]",,碩專12合開,https://course.nuk.edu.tw/QueryCourse/tcontent.asp?OpenYear=106&Helf=1&Sclass=EE&Cono=T513,2026-08-26T18:17:54+00:00
106-1-EE-T514-L-2-,106,1,工學院,EE,電機工程學系,T514,L,碩士在職專班,2,,積體電路設計與實習,3,選,50,44,,6,洪進華,C01-201,,,"10,11, 12",,,,,"[{""day"": 3, ""dayName"": ""星期三"", ""periods"": [""10"", ""11"", ""12""], ""raw"": ""10,11, 12""}]",,碩專一二合開，使用C01-201教室,https://course.nuk.edu.tw/QueryCourse/tcontent.asp?OpenYear=106&Helf=1&Sclass=EE&Cono=T514,2026-08-26T18:17:54+00:00
106-1-EE-T515-L-2-,106,1,工學院,EE,電機工程學系,T515,L,碩士在職專班,2,,數位積體電路設計,3,選,20,17,,3,陳春僥,C01-B101-1 其他教室,,,,,"10,11, 12",,,"[{""day"": 5, ""dayName"": ""星期五"", ""periods"": [""10"", ""11"", ""12""], ""raw"": ""10,11, 12""}]",,"碩專班1,2年級合開",https://course.nuk.edu.tw/QueryCourse/tcontent.asp?OpenYear=106&Helf=1&Sclass=EE&Cono=T515,2026-08-26T18:17:54+00:00
106-1-EE-T523-L-2-,106,1,工學院,EE,電機工程學系,T523,L,碩士在職專班,2,,嵌入式程式設計,3,選,20,5,,15,蕭培墉,L01-108,,"10,11, 12",,,,,,"[{""day"": 2, ""dayName"": ""星期二"", ""periods"": [""10"", ""11"", ""12""], ""raw"": ""10,11, 12""}]",,碩專12合開，使用圖資108電腦教室,https://course.nuk.edu.tw/QueryCourse/tcontent.asp?OpenYear=106&Helf=1&Sclass=EE&Cono=T523,2026-08-26T18:17:54+00:00
106-1-EE-T532-L-2-,106,1,工學院,EE,電機工程學系,T532,L,碩士在職專班,2,,數位訊號處理,3,選,20,10,,10,徐忠枝,C01-201,"10,11, 12",,,,,,,"[{""day"": 1, ""dayName"": ""星期一"", ""periods"": [""10"", ""11"", ""12""], ""raw"": ""10,11, 12""}]",,碩專一二合開，使用C01-201教室,https://course.nuk.edu.tw/QueryCourse/tcontent.asp?OpenYear=106&Helf=1&Sclass=EE&Cono=T532,2026-08-26T18:17:54+00:00
106-1-EE-F500-M-1-,106,1,工學院,EE,電機工程學系,F500,M,碩士班,1,,教學實務演練(電機工程學系),0,選,28,28,,0,陳春僥,,,X,,,,,,"[{""day"": 2, ""dayName"": ""星期二"", ""periods"": [""X""], ""raw"": ""X""}]",外加,指定加簽，申請擔任學習型兼任教學助理之學生必須修習本課程。,https://course.nuk.edu.tw/QueryCourse/tcontent.asp?OpenYear=106&Helf=1&Sclass=EE&Cono=F500,2026-08-26T18:17:54+00:00
106-1-EE-F504-M-1-,106,1,工學院,EE,電機工程學系,F504,M,碩士班,1,,光波導概論,3,選,40,9,,31,郭馨徽,C01-B101,,,"2,3, 4",,,,,"[{""day"": 3, ""dayName"": ""星期三"", ""periods"": [""2"", ""3"", ""4""], ""raw"": ""2,3, 4""}]",,四AB、碩班合開,https://course.nuk.edu.tw/QueryCourse/tcontent.asp?OpenYear=106&Helf=1&Sclass=EE&Cono=F504,2026-08-26T18:17:54+00:00
106-1-EE-F533-M-1-,106,1,工學院,EE,電機工程學系,F533,M,碩士班,1,,天線原理與設計,3,選,70,15,,55,梁明正,C01-B101,"2,3, 4",,,,,,,"[{""day"": 1, ""dayName"": ""星期一"", ""periods"": [""2"", ""3"", ""4""], ""raw"": ""2,3, 4""}]",,四AB、碩班合開,https://course.nuk.edu.tw/QueryCourse/tcontent.asp?OpenYear=106&Helf=1&Sclass=EE&Cono=F533,2026-08-26T18:17:54+00:00
106-1-EE-F541-M-1-,106,1,工學院,EE,電機工程學系,F541,M,碩士班,1,,綠能技術與系統,3,選,70,26,,44,梁明正,C01-B104,"5,6, 7",,,,,,,"[{""day"": 1, ""dayName"": ""星期一"", ""periods"": [""5"", ""6"", ""7""], ""raw"": ""5,6, 7""}]",,四AB、碩班合開,https://course.nuk.edu.tw/QueryCourse/tcontent.asp?OpenYear=106&Helf=1&Sclass=EE&Cono=F541,2026-08-26T18:17:54+00:00
106-1-EE-F554-M-1-,106,1,工學院,EE,電機工程學系,F554,M,碩士班,1,,超大型積體電路測試與工具軟體設計,3,選,40,9,,31,王維倫,C01-201,,,,"6,7, 8",,,,"[{""day"": 4, ""dayName"": ""星期四"", ""periods"": [""6"", ""7"", ""8""], ""raw"": ""6,7, 8""}]",,4AB碩班合開，使用C01-201教室,https://course.nuk.edu.tw/QueryCourse/tcontent.asp?OpenYear=106&Helf=1&Sclass=EE&Cono=F554,2026-08-26T18:17:54+00:00
106-1-EE-F615-M-1-,106,1,工學院,EE,電機工程學系,F615,M,碩士班,1,,半導體雷射,3,選,40,8,,32,馮瑞陽,C01-B101-1,,"2,3, 4",,,,,,"[{""day"": 2, ""dayName"": ""星期二"", ""periods"": [""2"", ""3"", ""4""], ""raw"": ""2,3, 4""}]",,四AB、碩班合開,https://course.nuk.edu.tw/QueryCourse/tcontent.asp?OpenYear=106&Helf=1&Sclass=EE&Cono=F615,2026-08-26T18:17:54+00:00
106-1-EE-F622-M-1-,106,1,工學院,EE,電機工程學系,F622,M,碩士班,1,,半導體封裝與趨勢發展,3,選,70,34,,36,王陳肇,C01-B104,,"10,11, 12",,,,,,"[{""day"": 2, ""dayName"": ""星期二"", ""periods"": [""10"", ""11"", ""12""], ""raw"": ""10,11, 12""}]",學程,半導體光電製程學程，四AB、碩班合開,https://course.nuk.edu.tw/QueryCourse/tcontent.asp?OpenYear=106&Helf=1&Sclass=EE&Cono=F622,2026-08-26T18:17:54+00:00
106-1-EE-F632-M-1-,106,1,工學院,EE,電機工程學系,F632,M,碩士班,1,,網站架設與網頁撰寫,3,選,50,14,,36,廖述銘,C01-104,,,"7,8, 9",,,,,"[{""day"": 3, ""dayName"": ""星期三"", ""periods"": [""7"", ""8"", ""9""], ""raw"": ""7,8, 9""}]",,四AB、碩班合開，使用C01-104電腦教室,https://course.nuk.edu.tw/QueryCourse/tcontent.asp?OpenYear=106&Helf=1&Sclass=EE&Cono=F632,2026-08-26T18:17:54+00:00
106-1-EE-F654-M-1-,106,1,工學院,EE,電機工程學系,F654,M,碩士班,1,,光電子學(一),3,選,40,3,,37,馮瑞陽,C01-B101,"6,7, 8",,,,,,,"[{""day"": 1, ""dayName"": ""星期一"", ""periods"": [""6"", ""7"", ""8""], ""raw"": ""6,7, 8""}]",,四AB、碩班合開,https://course.nuk.edu.tw/QueryCourse/tcontent.asp?OpenYear=106&Helf=1&Sclass=EE&Cono=F654,2026-08-26T18:17:54+00:00
106-1-EE-F732-M-1-,106,1,工學院,EE,電機工程學系,F732,M,碩士班,1,,資料庫原理,3,選,40,11,,29,黃科瑋,C01-201,"7,8, 9",,,,,,,"[{""day"": 1, ""dayName"": ""星期一"", ""periods"": [""7"", ""8"", ""9""], ""raw"": ""7,8, 9""}]",,四AB、碩班合開，授課教師:黃科瑋，使用c01-201電腦教室,https://course.nuk.edu.tw/QueryCourse/tcontent.asp?OpenYear=106&Helf=1&Sclass=EE&Cono=F732,2026-08-26T18:17:54+00:00
106-1-EE-F793-M-1-,106,1,工學院,EE,電機工程學系,F793,M,碩士班,1,,微波被動電路設計與分析,3,選,20,15,,5,鄧卜華,C01-104,,,,"6,7, 8",,,,"[{""day"": 4, ""dayName"": ""星期四"", ""periods"": [""6"", ""7"", ""8""], ""raw"": ""6,7, 8""}]",限修及外加,三AB、四AB、碩班合開,https://course.nuk.edu.tw/QueryCourse/tcontent.asp?OpenYear=106&Helf=1&Sclass=EE&Cono=F793,2026-08-26T18:17:54+00:00
106-1-EE-F981-M-1-,106,1,工學院,EE,電機工程學系,F981,M,碩士班,1,,潔淨室製程技術,3,選,57,57,,0,施明昌,B01-103,,"6,7, 8",,,,,,"[{""day"": 2, ""dayName"": ""星期二"", ""periods"": [""6"", ""7"", ""8""], ""raw"": ""6,7, 8""}]",外加,四AB、碩班合開,https://course.nuk.edu.tw/QueryCourse/tcontent.asp?OpenYear=106&Helf=1&Sclass=EE&Cono=F981,2026-08-26T18:17:54+00:00
106-1-EE-F992-M-1-,106,1,工學院,EE,電機工程學系,F992,M,碩士班,1,,半導體元件物理,3,選,83,81,,2,藍文厚,C01-B103,,"10,11, 12",,,,,,"[{""day"": 2, ""dayName"": ""星期二"", ""periods"": [""10"", ""11"", ""12""], ""raw"": ""10,11, 12""}]",外加 學程,半導體光電製程學程，四AB、碩班合開，產碩班學生指定加簽。,https://course.nuk.edu.tw/QueryCourse/tcontent.asp?OpenYear=106&Helf=1&Sclass=EE&Cono=F992,2026-08-26T18:17:54+00:00
106-1-EE-G562-M-1-,106,1,工學院,EE,電機工程學系,G562,M,碩士班,1,,指紋辨識專論,3,選,30,9,,21,蕭培墉,C01-104,,,"2,3, 4",,,,,"[{""day"": 3, ""dayName"": ""星期三"", ""periods"": [""2"", ""3"", ""4""], ""raw"": ""2,3, 4""}]",,4AB、碩班合開，使用圖資107電腦教室,https://course.nuk.edu.tw/QueryCourse/tcontent.asp?OpenYear=106&Helf=1&Sclass=EE&Cono=G562,2026-08-26T18:17:54+00:00
106-1-EE-G602-M-1-,106,1,工學院,EE,電機工程學系,G602,M,碩士班,1,,矩陣技術與應用,3,選,40,33,,7,李錫智,L01-108,,,"7,8, 9",,,,,"[{""day"": 3, ""dayName"": ""星期三"", ""periods"": [""7"", ""8"", ""9""], ""raw"": ""7,8, 9""}]",,授課教師:李錫智老師，三AB，四AB，碩班合開，使用圖資107或108電腦教室,https://course.nuk.edu.tw/QueryCourse/tcontent.asp?OpenYear=106&Helf=1&Sclass=EE&Cono=G602,2026-08-26T18:17:54+00:00
106-1-EE-G693-M-1-,106,1,工學院,EE,電機工程學系,G693,M,碩士班,1,,智慧型機器手臂,3,選,34,27,,7,吳志宏,C01-B101,,,,,"11,12, 13",,,"[{""day"": 5, ""dayName"": ""星期五"", ""periods"": [""11"", ""12"", ""13""], ""raw"": ""11,12, 13""}]",先修 外加,三AB、四AB、碩班合開,https://course.nuk.edu.tw/QueryCourse/tcontent.asp?OpenYear=106&Helf=1&Sclass=EE&Cono=G693,2026-08-26T18:17:54+00:00
106-1-EE-G70B-M-1-,106,1,工學院,EE,電機工程學系,G70B,M,碩士班,1,,智慧生活空間資訊截取與運用效能化設計(II),3,選,60,16,,44,梁明正,B01-104,,"5,6, 7",,,,,,"[{""day"": 2, ""dayName"": ""星期二"", ""periods"": [""5"", ""6"", ""7""], ""raw"": ""5,6, 7""}]",學程,三AB、四AB、碩班合開，智慧生活整合創新學程,https://course.nuk.edu.tw/QueryCourse/tcontent.asp?OpenYear=106&Helf=1&Sclass=EE&Cono=G70B,2026-08-26T18:17:54+00:00
106-1-EE-G712-M-1-,106,1,工學院,EE,電機工程學系,G712,M,碩士班,1,,科技溝通,3,選,30,21,,9,張文騰,B01-B106,"2,3, 4",,,,,,,"[{""day"": 1, ""dayName"": ""星期一"", ""periods"": [""2"", ""3"", ""4""], ""raw"": ""2,3, 4""}]",,四AB、碩班合開，全英語授課，蔡奎如老師共同授課(週次為第3、6、10、11週),https://course.nuk.edu.tw/QueryCourse/tcontent.asp?OpenYear=106&Helf=1&Sclass=EE&Cono=G712,2026-08-26T18:17:54+00:00
106-1-EE-K001-M-1-,106,1,工學院,EE,電機工程學系,K001,M,碩士班,1,,專題討論,0,必,50,50,,0,馮瑞陽 廖述銘,C01-302-1,,,"5,6",,,,,"[{""day"": 3, ""dayName"": ""星期三"", ""periods"": [""5"", ""6""], ""raw"": ""5,6""}]",,碩博合開,https://course.nuk.edu.tw/QueryCourse/tcontent.asp?OpenYear=106&Helf=1&Sclass=EE&Cono=K001,2026-08-26T18:17:54+00:00
106-1-EE-K532-M-1-,106,1,工學院,EE,電機工程學系,K532,M,碩士班,1,,高等數位訊號處理,3,選,20,3,,17,黃祥哲,C01-B101-1,"5,6, 7",,,,,,,"[{""day"": 1, ""dayName"": ""星期一"", ""periods"": [""5"", ""6"", ""7""], ""raw"": ""5,6, 7""}]",,碩博合開,https://course.nuk.edu.tw/QueryCourse/tcontent.asp?OpenYear=106&Helf=1&Sclass=EE&Cono=K532,2026-08-26T18:17:54+00:00
106-1-EE-K57A-M-1-,106,1,工學院,EE,電機工程學系,K57A,M,碩士班,1,,應用量子力學(一),3,選,40,13,,27,施明昌,C01-B101,,,,"6,7, 8",,,,"[{""day"": 4, ""dayName"": ""星期四"", ""periods"": [""6"", ""7"", ""8""], ""raw"": ""6,7, 8""}]",,碩博合開,https://course.nuk.edu.tw/QueryCourse/tcontent.asp?OpenYear=106&Helf=1&Sclass=EE&Cono=K57A,2026-08-26T18:17:54+00:00
106-1-EE-F504-M-2-,106,1,工學院,EE,電機工程學系,F504,M,碩士班,2,,光波導概論,3,選,40,9,,31,郭馨徽,C01-B101,,,"2,3, 4",,,,,"[{""day"": 3, ""dayName"": ""星期三"", ""periods"": [""2"", ""3"", ""4""], ""raw"": ""2,3, 4""}]",,四AB、碩班合開,https://course.nuk.edu.tw/QueryCourse/tcontent.asp?OpenYear=106&Helf=1&Sclass=EE&Cono=F504,2026-08-26T18:17:54+00:00
106-1-EE-F533-M-2-,106,1,工學院,EE,電機工程學系,F533,M,碩士班,2,,天線原理與設計,3,選,70,15,,55,梁明正,C01-B101,"2,3, 4",,,,,,,"[{""day"": 1, ""dayName"": ""星期一"", ""periods"": [""2"", ""3"", ""4""], ""raw"": ""2,3, 4""}]",,四AB、碩班合開,https://course.nuk.edu.tw/QueryCourse/tcontent.asp?OpenYear=106&Helf=1&Sclass=EE&Cono=F533,2026-08-26T18:17:54+00:00
106-1-EE-F541-M-2-,106,1,工學院,EE,電機工程學系,F541,M,碩士班,2,,綠能技術與系統,3,選,70,26,,44,梁明正,C01-B104,"5,6, 7",,,,,,,"[{""day"": 1, ""dayName"": ""星期一"", ""periods"": [""5"", ""6"", ""7""], ""raw"": ""5,6, 7""}]",,四AB、碩班合開,https://course.nuk.edu.tw/QueryCourse/tcontent.asp?OpenYear=106&Helf=1&Sclass=EE&Cono=F541,2026-08-26T18:17:54+00:00
106-1-EE-F554-M-2-,106,1,工學院,EE,電機工程學系,F554,M,碩士班,2,,超大型積體電路測試與工具軟體設計,3,選,40,9,,31,王維倫,C01-201,,,,"6,7, 8",,,,"[{""day"": 4, ""dayName"": ""星期四"", ""periods"": [""6"", ""7"", ""8""], ""raw"": ""6,7, 8""}]",,4AB碩班合開，使用C01-201教室,https://course.nuk.edu.tw/QueryCourse/tcontent.asp?OpenYear=106&Helf=1&Sclass=EE&Cono=F554,2026-08-26T18:17:54+00:00
106-1-EE-F615-M-2-,106,1,工學院,EE,電機工程學系,F615,M,碩士班,2,,半導體雷射,3,選,40,8,,32,馮瑞陽,C01-B101-1,,"2,3, 4",,,,,,"[{""day"": 2, ""dayName"": ""星期二"", ""periods"": [""2"", ""3"", ""4""], ""raw"": ""2,3, 4""}]",,四AB、碩班合開,https://course.nuk.edu.tw/QueryCourse/tcontent.asp?OpenYear=106&Helf=1&Sclass=EE&Cono=F615,2026-08-26T18:17:54+00:00
106-1-EE-F622-M-2-,106,1,工學院,EE,電機工程學系,F622,M,碩士班,2,,半導體封裝與趨勢發展,3,選,70,34,,36,王陳肇,C01-B104,,"10,11, 12",,,,,,"[{""day"": 2, ""dayName"": ""星期二"", ""periods"": [""10"", ""11"", ""12""], ""raw"": ""10,11, 12""}]",學程,半導體光電製程學程，四AB、碩班合開,https://course.nuk.edu.tw/QueryCourse/tcontent.asp?OpenYear=106&Helf=1&Sclass=EE&Cono=F622,2026-08-26T18:17:54+00:00
106-1-EE-F632-M-2-,106,1,工學院,EE,電機工程學系,F632,M,碩士班,2,,網站架設與網頁撰寫,3,選,50,14,,36,廖述銘,C01-104,,,"7,8, 9",,,,,"[{""day"": 3, ""dayName"": ""星期三"", ""periods"": [""7"", ""8"", ""9""], ""raw"": ""7,8, 9""}]",,四AB、碩班合開，使用C01-104電腦教室,https://course.nuk.edu.tw/QueryCourse/tcontent.asp?OpenYear=106&Helf=1&Sclass=EE&Cono=F632,2026-08-26T18:17:54+00:00
106-1-EE-F654-M-2-,106,1,工學院,EE,電機工程學系,F654,M,碩士班,2,,光電子學(一),3,選,40,3,,37,馮瑞陽,C01-B101,"6,7, 8",,,,,,,"[{""day"": 1, ""dayName"": ""星期一"", ""periods"": [""6"", ""7"", ""8""], ""raw"": ""6,7, 8""}]",,四AB、碩班合開,https://course.nuk.edu.tw/QueryCourse/tcontent.asp?OpenYear=106&Helf=1&Sclass=EE&Cono=F654,2026-08-26T18:17:54+00:00
106-1-EE-F732-M-2-,106,1,工學院,EE,電機工程學系,F732,M,碩士班,2,,資料庫原理,3,選,40,11,,29,黃科瑋,C01-201,"7,8, 9",,,,,,,"[{""day"": 1, ""dayName"": ""星期一"", ""periods"": [""7"", ""8"", ""9""], ""raw"": ""7,8, 9""}]",,四AB、碩班合開，授課教師:黃科瑋，使用c01-201電腦教室,https://course.nuk.edu.tw/QueryCourse/tcontent.asp?OpenYear=106&Helf=1&Sclass=EE&Cono=F732,2026-08-26T18:17:54+00:00
106-1-EE-F793-M-2-,106,1,工學院,EE,電機工程學系,F793,M,碩士班,2,,微波被動電路設計與分析,3,選,20,15,,5,鄧卜華,C01-104,,,,"6,7, 8",,,,"[{""day"": 4, ""dayName"": ""星期四"", ""periods"": [""6"", ""7"", ""8""], ""raw"": ""6,7, 8""}]",,三AB、四AB、碩班合開,https://course.nuk.edu.tw/QueryCourse/tcontent.asp?OpenYear=106&Helf=1&Sclass=EE&Cono=F793,2026-08-26T18:17:54+00:00
106-1-EE-F981-M-2-,106,1,工學院,EE,電機工程學系,F981,M,碩士班,2,,潔淨室製程技術,3,選,57,57,,0,施明昌,B01-103,,"6,7, 8",,,,,,"[{""day"": 2, ""dayName"": ""星期二"", ""periods"": [""6"", ""7"", ""8""], ""raw"": ""6,7, 8""}]",外加,四AB、碩班合開,https://course.nuk.edu.tw/QueryCourse/tcontent.asp?OpenYear=106&Helf=1&Sclass=EE&Cono=F981,2026-08-26T18:17:54+00:00
106-1-EE-F992-M-2-,106,1,工學院,EE,電機工程學系,F992,M,碩士班,2,,半導體元件物理,3,選,83,81,,2,藍文厚,C01-B103,,"10,11, 12",,,,,,"[{""day"": 2, ""dayName"": ""星期二"", ""periods"": [""10"", ""11"", ""12""], ""raw"": ""10,11, 12""}]",外加 學程,半導體光電製程學程，四AB、碩班合開，產碩班學生指定加簽。,https://course.nuk.edu.tw/QueryCourse/tcontent.asp?OpenYear=106&Helf=1&Sclass=EE&Cono=F992,2026-08-26T18:17:54+00:00
106-1-EE-G562-M-2-,106,1,工學院,EE,電機工程學系,G562,M,碩士班,2,,指紋辨識專論,3,選,30,9,,21,蕭培墉,C01-104,,,"2,3, 4",,,,,"[{""day"": 3, ""dayName"": ""星期三"", ""periods"": [""2"", ""3"", ""4""], ""raw"": ""2,3, 4""}]",,4AB、碩班合開,https://course.nuk.edu.tw/QueryCourse/tcontent.asp?OpenYear=106&Helf=1&Sclass=EE&Cono=G562,2026-08-26T18:17:54+00:00
106-1-EE-G602-M-2-,106,1,工學院,EE,電機工程學系,G602,M,碩士班,2,,矩陣技術與應用,3,選,40,33,,7,李錫智,L01-108,,,"7,8, 9",,,,,"[{""day"": 3, ""dayName"": ""星期三"", ""periods"": [""7"", ""8"", ""9""], ""raw"": ""7,8, 9""}]",,授課教師:李錫智老師，三AB，四AB，碩班合開,https://course.nuk.edu.tw/QueryCourse/tcontent.asp?OpenYear=106&Helf=1&Sclass=EE&Cono=G602,2026-08-26T18:17:54+00:00
106-1-EE-G693-M-2-,106,1,工學院,EE,電機工程學系,G693,M,碩士班,2,,智慧型機器手臂,3,選,34,27,,7,吳志宏,C01-B101,,,,,"11,12, 13",,,"[{""day"": 5, ""dayName"": ""星期五"", ""periods"": [""11"", ""12"", ""13""], ""raw"": ""11,12, 13""}]",先修 外加,三AB、四AB、碩班合開,https://course.nuk.edu.tw/QueryCourse/tcontent.asp?OpenYear=106&Helf=1&Sclass=EE&Cono=G693,2026-08-26T18:17:54+00:00
106-1-EE-G70B-M-2-,106,1,工學院,EE,電機工程學系,G70B,M,碩士班,2,,智慧生活空間資訊截取與運用效能化設計(II),3,選,60,16,,44,梁明正,B01-104,,"5,6, 7",,,,,,"[{""day"": 2, ""dayName"": ""星期二"", ""periods"": [""5"", ""6"", ""7""], ""raw"": ""5,6, 7""}]",學程,三AB、四AB、碩班合開，智慧生活整合創新學程,https://course.nuk.edu.tw/QueryCourse/tcontent.asp?OpenYear=106&Helf=1&Sclass=EE&Cono=G70B,2026-08-26T18:17:54+00:00
106-1-EE-G712-M-2-,106,1,工學院,EE,電機工程學系,G712,M,碩士班,2,,科技溝通,3,選,30,21,,9,張文騰,B01-B106,"2,3, 4",,,,,,,"[{""day"": 1, ""dayName"": ""星期一"", ""periods"": [""2"", ""3"", ""4""], ""raw"": ""2,3, 4""}]",,四AB、碩班合開，全英語授課，蔡奎如老師共同授課(週次為第3、6、10、11週),https://course.nuk.edu.tw/QueryCourse/tcontent.asp?OpenYear=106&Helf=1&Sclass=EE&Cono=G712,2026-08-26T18:17:54+00:00
106-1-EE-K001-M-2-,106,1,工學院,EE,電機工程學系,K001,M,碩士班,2,,專題討論,0,必,50,50,,0,馮瑞陽 廖述銘,C01-302-1,,,"5,6",,,,,"[{""day"": 3, ""dayName"": ""星期三"", ""periods"": [""5"", ""6""], ""raw"": ""5,6""}]",,碩博合開,https://course.nuk.edu.tw/QueryCourse/tcontent.asp?OpenYear=106&Helf=1&Sclass=EE&Cono=K001,2026-08-26T18:17:54+00:00
106-1-EE-K532-M-2-,106,1,工學院,EE,電機工程學系,K532,M,碩士班,2,,高等數位訊號處理,3,選,20,3,,17,黃祥哲,C01-B101-1,"5,6, 7",,,,,,,"[{""day"": 1, ""dayName"": ""星期一"", ""periods"": [""5"", ""6"", ""7""], ""raw"": ""5,6, 7""}]",,碩博合開,https://course.nuk.edu.tw/QueryCourse/tcontent.asp?OpenYear=106&Helf=1&Sclass=EE&Cono=K532,2026-08-26T18:17:54+00:00
106-1-EE-K57A-M-2-,106,1,工學院,EE,電機工程學系,K57A,M,碩士班,2,,應用量子力學(一),3,選,40,13,,27,施明昌,C01-B101,,,,"6,7, 8",,,,"[{""day"": 4, ""dayName"": ""星期四"", ""periods"": [""6"", ""7"", ""8""], ""raw"": ""6,7, 8""}]",,碩博合開,https://course.nuk.edu.tw/QueryCourse/tcontent.asp?OpenYear=106&Helf=1&Sclass=EE&Cono=K57A,2026-08-26T18:17:54+00:00
106-1-CCL-A501-A-1-A,106,1,法學院,CCL,法學院共同課程,A501,A,大學部,1,A,保安處分執行法,2,選,6,6,,0,吳俊毅 業界教師,L02-102,,,,,"8,9, 10,11",,,"[{""day"": 5, ""dayName"": ""星期五"", ""periods"": [""8"", ""9"", ""10"", ""11""], ""raw"": ""8,9, 10,11""}]",外加,"限法學院大學部三年級以上 ,與業師合授,隔週上課,指定加選",https://course.nuk.edu.tw/QueryCourse/tcontent.asp?OpenYear=106&Helf=1&Sclass=CCL&Cono=A501,2026-08-26T18:17:54+00:00
106-1-CCL-A503-A-1-A,106,1,法學院,CCL,法學院共同課程,A503,A,大學部,1,A,心理學(含測驗)與諮商輔導,3,選,15,15,,0,廖義銘 業界教師,L02-301,"2,3, 4",,,,,,,"[{""day"": 1, ""dayName"": ""星期一"", ""periods"": [""2"", ""3"", ""4""], ""raw"": ""2,3, 4""}]",外加,"限法學院大學部三年級以上,與業師合授,指定加選",https://course.nuk.edu.tw/QueryCourse/tcontent.asp?OpenYear=106&Helf=1&Sclass=CCL&Cono=A503,2026-08-26T18:17:54+00:00
106-1-FL-A01A-A-1-A,106,1,法學院,FL,財經法律學系,A01A,A,大學部,1,A,憲法(一),2,必,69,69,,0,簡玉聰,L02-107,,"10,11",,,,,,"[{""day"": 2, ""dayName"": ""星期二"", ""periods"": [""10"", ""11""], ""raw"": ""10,11""}]",外加,,https://course.nuk.edu.tw/QueryCourse/tcontent.asp?OpenYear=106&Helf=1&Sclass=FL&Cono=A01A,2026-08-26T18:17:54+00:00
106-1-FL-A03A-A-1-A,106,1,法學院,FL,財經法律學系,A03A,A,大學部,1,A,刑法總則(一),3,必,115,115,,0,謝開平,L02-202,,,,,"6,7, 8",,,"[{""day"": 5, ""dayName"": ""星期五"", ""periods"": [""6"", ""7"", ""8""], ""raw"": ""6,7, 8""}]",,基礎課程，與財法系合班上課。,https://course.nuk.edu.tw/QueryCourse/tcontent.asp?OpenYear=106&Helf=1&Sclass=FL&Cono=A03A,2026-08-26T18:17:54+00:00
106-1-FL-A041-A-1-A,106,1,法學院,FL,財經法律學系,A041,A,大學部,1,A,經濟學,3,必,65,61,,4,鄭義暉,L02-107,,,"2,3, 4",,,,,"[{""day"": 3, ""dayName"": ""星期三"", ""periods"": [""2"", ""3"", ""4""], ""raw"": ""2,3, 4""}]",外加,,https://course.nuk.edu.tw/QueryCourse/tcontent.asp?OpenYear=106&Helf=1&Sclass=FL&Cono=A041,2026-08-26T18:17:54+00:00
106-1-FL-A061-A-1-A,106,1,法學院,FL,財經法律學系,A061,A,大學部,1,A,會計學,3,必,61,61,,0,黃博聞,L02-108,,,,"2,3, 4",,,,"[{""day"": 4, ""dayName"": ""星期四"", ""periods"": [""2"", ""3"", ""4""], ""raw"": ""2,3, 4""}]",外加,授課教師-黃博聞老師,https://course.nuk.edu.tw/QueryCourse/tcontent.asp?OpenYear=106&Helf=1&Sclass=FL&Cono=A061,2026-08-26T18:17:54+00:00
106-1-FL-A21A-A-1-A,106,1,法學院,FL,財經法律學系,A21A,A,大學部,1,A,民法總則(一),2,必,61,60,,1,陳月端,L02-107,,,,"7,8",,,,"[{""day"": 4, ""dayName"": ""星期四"", ""periods"": [""7"", ""8""], ""raw"": ""7,8""}]",,,https://course.nuk.edu.tw/QueryCourse/tcontent.asp?OpenYear=106&Helf=1&Sclass=FL&Cono=A21A,2026-08-26T18:17:54+00:00
106-1-FL-A171-A-2-A,106,1,法學院,FL,財經法律學系,A171,A,大學部,2,A,民法物權(一),2,必,60,18,,42,曾千娟,L02-108,,,"3,4",,,,,"[{""day"": 3, ""dayName"": ""星期三"", ""periods"": [""3"", ""4""], ""raw"": ""3,4""}]",,,https://course.nuk.edu.tw/QueryCourse/tcontent.asp?OpenYear=106&Helf=1&Sclass=FL&Cono=A171,2026-08-26T18:17:54+00:00
106-1-FL-A19A-A-2-A,106,1,法學院,FL,財經法律學系,A19A,A,大學部,2,A,行政法總論(一),3,必,60,42,,18,簡玉聰,L02-107,,"5,6, 7",,,,,,"[{""day"": 2, ""dayName"": ""星期二"", ""periods"": [""5"", ""6"", ""7""], ""raw"": ""5,6, 7""}]",,,https://course.nuk.edu.tw/QueryCourse/tcontent.asp?OpenYear=106&Helf=1&Sclass=FL&Cono=A19A,2026-08-26T18:17:54+00:00
106-1-FL-A201-A-2-A,106,1,法學院,FL,財經法律學系,A201,A,大學部,2,A,民法債編總論(一),3,必,61,47,,14,曾千娟,L02-108,"6,7, 8",,,,,,,"[{""day"": 1, ""dayName"": ""星期一"", ""periods"": [""6"", ""7"", ""8""], ""raw"": ""6,7, 8""}]",,,https://course.nuk.edu.tw/QueryCourse/tcontent.asp?OpenYear=106&Helf=1&Sclass=FL&Cono=A201,2026-08-26T18:17:54+00:00
106-1-FL-B04A-A-2-A,106,1,法學院,FL,財經法律學系,B04A,A,大學部,2,A,刑法分則(一),2,必,90,82,,8,謝開平,L02-202,,,,"3,4",,,,"[{""day"": 4, ""dayName"": ""星期四"", ""periods"": [""3"", ""4""], ""raw"": ""3,4""}]",限修,基礎課程，與財法系合班上課。,https://course.nuk.edu.tw/QueryCourse/tcontent.asp?OpenYear=106&Helf=1&Sclass=FL&Cono=B04A,2026-08-26T18:17:54+00:00
106-1-FL-B571-A-2-A,106,1,法學院,FL,財經法律學系,B571,A,大學部,2,A,智慧財產權法,2,選,61,59,,2,周伯翰,L02-201,,,,"5,6",,,,"[{""day"": 4, ""dayName"": ""星期四"", ""periods"": [""5"", ""6""], ""raw"": ""5,6""}]",外加 學程,隸屬產業、科技與財經法律學分學程、服務與智慧型創新創業學分學程、生技產業跨領域學程。與生科系合開。,https://course.nuk.edu.tw/QueryCourse/tcontent.asp?OpenYear=106&Helf=1&Sclass=FL&Cono=B571,2026-08-26T18:17:54+00:00
106-1-FL-B151-A-3-A,106,1,法學院,FL,財經法律學系,B151,A,大學部,3,A,民法債編各論(一),2,必,60,60,,0,曾千娟,L02-108,,,"7,8",,,,,"[{""day"": 3, ""dayName"": ""星期三"", ""periods"": [""7"", ""8""], ""raw"": ""7,8""}]",,,https://course.nuk.edu.tw/QueryCourse/tcontent.asp?OpenYear=106&Helf=1&Sclass=FL&Cono=B151,2026-08-26T18:17:54+00:00
106-1-FL-C02A-A-3-A,106,1,法學院,FL,財經法律學系,C02A,A,大學部,3,A,刑事訴訟法(一),3,必,63,49,,14,張麗卿,L02-108,,,,"6,7, 8",,,,"[{""day"": 4, ""dayName"": ""星期四"", ""periods"": [""6"", ""7"", ""8""], ""raw"": ""6,7, 8""}]",限修及外加,限財法三、四、五年級選修,https://course.nuk.edu.tw/QueryCourse/tcontent.asp?OpenYear=106&Helf=1&Sclass=FL&Cono=C02A,2026-08-26T18:17:54+00:00
106-1-FL-C031-A-3-A,106,1,法學院,FL,財經法律學系,C031,A,大學部,3,A,支付及信用工具法(票據法),2,必,60,23,,37,黃清溪,L02-107,,,,,"10,11, 12","2,3, 4",,"[{""day"": 5, ""dayName"": ""星期五"", ""periods"": [""10"", ""11"", ""12""], ""raw"": ""10,11, 12""}, {""day"": 6, ""dayName"": ""星期六"", ""periods"": [""2"", ""3"", ""4""], ""raw"": ""2,3, 4""}]",學程,"隸屬服務與智慧型創新創業學分學程。黃清溪教授係旅居日本之日本拓植大學之教授,每月自日本返台授課,每次停留一至二週,故上課時間集中於黃老師返台期間之週五下午三小時及週六上午三小時。欲修習本課程之同學,請斟酌其他課程之排課時間避免衝堂情形,實際上課時間將於開學後公告於系網頁,請選課同學留意。",https://course.nuk.edu.tw/QueryCourse/tcontent.asp?OpenYear=106&Helf=1&Sclass=FL&Cono=C031,2026-08-26T18:17:54+00:00
106-1-FL-C111-A-3-A,106,1,法學院,FL,財經法律學系,C111,A,大學部,3,A,財稅法導論,2,選,60,34,,26,簡玉聰,L02-108,,,"5,6",,,,,"[{""day"": 3, ""dayName"": ""星期三"", ""periods"": [""5"", ""6""], ""raw"": ""5,6""}]",,,https://course.nuk.edu.tw/QueryCourse/tcontent.asp?OpenYear=106&Helf=1&Sclass=FL&Cono=C111,2026-08-26T18:17:54+00:00
106-1-FL-C142-A-3-A,106,1,法學院,FL,財經法律學系,C142,A,大學部,3,A,證券交易法,2,必,60,58,,2,周伯翰,L02-107,"7,8",,,,,,,"[{""day"": 1, ""dayName"": ""星期一"", ""periods"": [""7"", ""8""], ""raw"": ""7,8""}]",學程,隸屬服務與智慧型創新創業學分學程,https://course.nuk.edu.tw/QueryCourse/tcontent.asp?OpenYear=106&Helf=1&Sclass=FL&Cono=C142,2026-08-26T18:17:54+00:00
106-1-FL-C641-A-3-A,106,1,法學院,FL,財經法律學系,C641,A,大學部,3,A,信託法,2,選,60,52,,8,曾千娟,L02-108,"10,11",,,,,,,"[{""day"": 1, ""dayName"": ""星期一"", ""periods"": [""10"", ""11""], ""raw"": ""10,11""}]",,,https://course.nuk.edu.tw/QueryCourse/tcontent.asp?OpenYear=106&Helf=1&Sclass=FL&Cono=C641,2026-08-26T18:17:54+00:00
106-1-FL-C671-A-3-A,106,1,法學院,FL,財經法律學系,C671,A,大學部,3,A,環境法,2,選,80,74,,6,吳行浩,L02-204,"5,6",,,,,,,"[{""day"": 1, ""dayName"": ""星期一"", ""periods"": [""5"", ""6""], ""raw"": ""5,6""}]",學程,隸屬產業、科技與財經法律學分學程,https://course.nuk.edu.tw/QueryCourse/tcontent.asp?OpenYear=106&Helf=1&Sclass=FL&Cono=C671,2026-08-26T18:17:54+00:00
106-1-FL-C702-A-3-A,106,1,法學院,FL,財經法律學系,C702,A,大學部,3,A,國際經濟法,2,選,60,32,,28,謝國廉,L02-107,,,,"1,2",,,,"[{""day"": 4, ""dayName"": ""星期四"", ""periods"": [""1"", ""2""], ""raw"": ""1,2""}]",,全英語授課,https://course.nuk.edu.tw/QueryCourse/tcontent.asp?OpenYear=106&Helf=1&Sclass=FL&Cono=C702,2026-08-26T18:17:54+00:00
106-1-FL-D902-A-3-A,106,1,法學院,FL,財經法律學系,D902,A,大學部,3,A,財經法律實習(二),2,選,3,3,,0,謝國廉,,,,,,"X,1",,,"[{""day"": 5, ""dayName"": ""星期五"", ""periods"": [""X"", ""1""], ""raw"": ""X,1""}]",外加,指定加簽，限通過學生校外實習面試學生選修。本課程總實習時數須達162小時以上。,https://course.nuk.edu.tw/QueryCourse/tcontent.asp?OpenYear=106&Helf=1&Sclass=FL&Cono=D902,2026-08-26T18:17:54+00:00
106-1-FL-B571-A-4-A,106,1,法學院,FL,財經法律學系,B571,A,大學部,4,A,智慧財產權法,2,選,61,59,,2,周伯翰,L02-201,,,,"5,6",,,,"[{""day"": 4, ""dayName"": ""星期四"", ""periods"": [""5"", ""6""], ""raw"": ""5,6""}]",外加 學程,與財經法律學系大二合開；隸屬產業、科技與財經法律學分學程、服務與智慧型創新創業學分學程、生技產業跨領域學程。,https://course.nuk.edu.tw/QueryCourse/tcontent.asp?OpenYear=106&Helf=1&Sclass=FL&Cono=B571,2026-08-26T18:17:54+00:00
106-1-FL-D541-A-4-A,106,1,法學院,FL,財經法律學系,D541,A,大學部,4,A,著作權法,2,選,60,47,,13,謝國廉,L02-107,,,,"5,6",,,,"[{""day"": 4, ""dayName"": ""星期四"", ""periods"": [""5"", ""6""], ""raw"": ""5,6""}]",,,https://course.nuk.edu.tw/QueryCourse/tcontent.asp?OpenYear=106&Helf=1&Sclass=FL&Cono=D541,2026-08-26T18:17:54+00:00
106-1-FL-D711-A-4-A,106,1,法學院,FL,財經法律學系,D711,A,大學部,4,A,強制執行法,2,選,60,30,,30,林石猛,L02-108,,,,,,"1,2, 3,4",,"[{""day"": 6, ""dayName"": ""星期六"", ""periods"": [""1"", ""2"", ""3"", ""4""], ""raw"": ""1,2, 3,4""}]",,隔週上課,https://course.nuk.edu.tw/QueryCourse/tcontent.asp?OpenYear=106&Helf=1&Sclass=FL&Cono=D711,2026-08-26T18:17:54+00:00
106-1-FL-D721-A-4-A,106,1,法學院,FL,財經法律學系,D721,A,大學部,4,A,租稅法各論,2,選,60,24,,36,張永明,L02-107,,"3,4",,,,,,"[{""day"": 2, ""dayName"": ""星期二"", ""periods"": [""3"", ""4""], ""raw"": ""3,4""}]",,,https://course.nuk.edu.tw/QueryCourse/tcontent.asp?OpenYear=106&Helf=1&Sclass=FL&Cono=D721,2026-08-26T18:17:54+00:00
106-1-FL-D731-A-4-A,106,1,法學院,FL,財經法律學系,D731,A,大學部,4,A,刑法方法論,2,選,11,8,,3,謝開平,L02-102,,,"10,11",,,,,"[{""day"": 3, ""dayName"": ""星期三"", ""periods"": [""10"", ""11""], ""raw"": ""10,11""}]",限修及外加,限財法大四選修,https://course.nuk.edu.tw/QueryCourse/tcontent.asp?OpenYear=106&Helf=1&Sclass=FL&Cono=D731,2026-08-26T18:17:54+00:00
106-1-FL-D752-A-4-A,106,1,法學院,FL,財經法律學系,D752,A,大學部,4,A,商事法實例演習,2,選,60,26,,34,黃清溪,L02-107,,,,,"3,4, 5,6, 7,8",,,"[{""day"": 5, ""dayName"": ""星期五"", ""periods"": [""3"", ""4"", ""5"", ""6"", ""7"", ""8""], ""raw"": ""3,4, 5,6, 7,8""}]",,"黃清溪教授係旅居日本之日本拓植大學之教授,每月自日本返台授課,每次停留一至二週,故上課時間集中於黃老師返台期間之週五早上二小時下午四小時。欲修習本課程之同學,請斟酌其他課程之排課時間避免衝堂情形,實際上課時間將於開學後公告於系網頁,請選課同學留意。",https://course.nuk.edu.tw/QueryCourse/tcontent.asp?OpenYear=106&Helf=1&Sclass=FL&Cono=D752,2026-08-26T18:17:54+00:00
106-1-FL-P01A-F-1-,106,1,法學院,FL,財經法律學系,P01A,F,大學部二年制在職專班,1,,憲法(一),2,必,60,47,,13,簡玉聰,L02-107,,,"12,13",,,,,"[{""day"": 3, ""dayName"": ""星期三"", ""periods"": [""12"", ""13""], ""raw"": ""12,13""}]",,,https://course.nuk.edu.tw/QueryCourse/tcontent.asp?OpenYear=106&Helf=1&Sclass=FL&Cono=P01A,2026-08-26T18:17:54+00:00
106-1-FL-P03A-F-1-,106,1,法學院,FL,財經法律學系,P03A,F,大學部二年制在職專班,1,,刑法總則(一),2,必,120,60,,60,張麗卿,L02-202,,,,,"11,12",,,"[{""day"": 5, ""dayName"": ""星期五"", ""periods"": [""11"", ""12""], ""raw"": ""11,12""}]",,,https://course.nuk.edu.tw/QueryCourse/tcontent.asp?OpenYear=106&Helf=1&Sclass=FL&Cono=P03A,2026-08-26T18:17:54+00:00
106-1-FL-P051-F-1-,106,1,法學院,FL,財經法律學系,P051,F,大學部二年制在職專班,1,,會計學,3,必,60,32,,28,余文彬,L02-201,"10,11, 12",,,,,,,"[{""day"": 1, ""dayName"": ""星期一"", ""periods"": [""10"", ""11"", ""12""], ""raw"": ""10,11, 12""}]",,與「財政學」、「經濟學」三選一,https://course.nuk.edu.tw/QueryCourse/tcontent.asp?OpenYear=106&Helf=1&Sclass=FL&Cono=P051,2026-08-26T18:17:54+00:00
106-1-FL-P052-F-1-,106,1,法學院,FL,財經法律學系,P052,F,大學部二年制在職專班,1,,經濟學,3,必,60,30,,30,許聖章,M01-201,,"10,11, 12",,,,,,"[{""day"": 2, ""dayName"": ""星期二"", ""periods"": [""10"", ""11"", ""12""], ""raw"": ""10,11, 12""}]",,與「財政學」、「會計學」三選一,https://course.nuk.edu.tw/QueryCourse/tcontent.asp?OpenYear=106&Helf=1&Sclass=FL&Cono=P052,2026-08-26T18:17:54+00:00
106-1-FL-P04A-F-2-,106,1,法學院,FL,財經法律學系,P04A,F,大學部二年制在職專班,2,,行政法(一),2,必,61,37,,24,吳行浩,L02-107,"10,11",,,,,,,"[{""day"": 1, ""dayName"": ""星期一"", ""periods"": [""10"", ""11""], ""raw"": ""10,11""}]",,,https://course.nuk.edu.tw/QueryCourse/tcontent.asp?OpenYear=106&Helf=1&Sclass=FL&Cono=P04A,2026-08-26T18:17:54+00:00
106-1-FL-Q02A-F-2-,106,1,法學院,FL,財經法律學系,Q02A,F,大學部二年制在職專班,2,,民法物權(二),2,必,60,21,,39,曾千娟,L02-201,,"10,11",,,,,,"[{""day"": 2, ""dayName"": ""星期二"", ""periods"": [""10"", ""11""], ""raw"": ""10,11""}]",,,https://course.nuk.edu.tw/QueryCourse/tcontent.asp?OpenYear=106&Helf=1&Sclass=FL&Cono=Q02A,2026-08-26T18:17:54+00:00
106-1-FL-Q112-F-2-,106,1,法學院,FL,財經法律學系,Q112,F,大學部二年制在職專班,2,,民法債編總論(一),3,必,100,50,,50,姚志明,L02-202,,,,,,,"5,6, 7","[{""day"": 7, ""dayName"": ""星期日"", ""periods"": [""5"", ""6"", ""7""], ""raw"": ""5,6, 7""}]",,,https://course.nuk.edu.tw/QueryCourse/tcontent.asp?OpenYear=106&Helf=1&Sclass=FL&Cono=Q112,2026-08-26T18:17:54+00:00
106-1-FL-Q141-F-2-,106,1,法學院,FL,財經法律學系,Q141,F,大學部二年制在職專班,2,,民法親屬,2,必,120,83,,37,蔡顯鑫,L02-202,,,,,,"Y,5, 6,7, 8,9",,"[{""day"": 6, ""dayName"": ""星期六"", ""periods"": [""Y"", ""5"", ""6"", ""7"", ""8"", ""9""], ""raw"": ""Y,5, 6,7, 8,9""}]",,隔二週上課(每週上Y~9節共6節課，中午12:10開始上課),https://course.nuk.edu.tw/QueryCourse/tcontent.asp?OpenYear=106&Helf=1&Sclass=FL&Cono=Q141,2026-08-26T18:17:54+00:00
106-1-FL-Q522-F-2-,106,1,法學院,FL,財經法律學系,Q522,F,大學部二年制在職專班,2,,商標法,2,選,60,40,,20,謝國廉,L02-201,,,"12,13",,,,,"[{""day"": 3, ""dayName"": ""星期三"", ""periods"": [""12"", ""13""], ""raw"": ""12,13""}]",,,https://course.nuk.edu.tw/QueryCourse/tcontent.asp?OpenYear=106&Helf=1&Sclass=FL&Cono=Q522,2026-08-26T18:17:54+00:00
106-1-FL-Q581-F-2-,106,1,法學院,FL,財經法律學系,Q581,F,大學部二年制在職專班,2,,日文(一),2,選,60,29,,31,簡玉聰,L02-107,,"12,13",,,,,,"[{""day"": 2, ""dayName"": ""星期二"", ""periods"": [""12"", ""13""], ""raw"": ""12,13""}]",,,https://course.nuk.edu.tw/QueryCourse/tcontent.asp?OpenYear=106&Helf=1&Sclass=FL&Cono=Q581,2026-08-26T18:17:54+00:00
106-1-FL-R534-F-2-,106,1,法學院,FL,財經法律學系,R534,F,大學部二年制在職專班,2,,智慧財產權法,2,選,61,22,,39,周伯翰,L02-107,,,,"12,13",,,,"[{""day"": 4, ""dayName"": ""星期四"", ""periods"": [""12"", ""13""], ""raw"": ""12,13""}]",學程,隸屬產業、科技與財經法律學分學程、服務與智慧型創新創業學分學程、生技產業跨領域學程,https://course.nuk.edu.tw/QueryCourse/tcontent.asp?OpenYear=106&Helf=1&Sclass=FL&Cono=R534,2026-08-26T18:17:54+00:00
106-1-FL-R541-F-2-,106,1,法學院,FL,財經法律學系,R541,F,大學部二年制在職專班,2,,租稅法總論,2,選,60,21,,39,張永明,L02-107,"12,13",,,,,,,"[{""day"": 1, ""dayName"": ""星期一"", ""periods"": [""12"", ""13""], ""raw"": ""12,13""}]",,,https://course.nuk.edu.tw/QueryCourse/tcontent.asp?OpenYear=106&Helf=1&Sclass=FL&Cono=R541,2026-08-26T18:17:54+00:00
106-1-FL-R02A-F-3-,106,1,法學院,FL,財經法律學系,R02A,F,大學部二年制在職專班,3,,刑事訴訟法(一),2,必,60,23,,37,張麗卿,L02-108,,,,"12,13",,,,"[{""day"": 4, ""dayName"": ""星期四"", ""periods"": [""12"", ""13""], ""raw"": ""12,13""}]",,,https://course.nuk.edu.tw/QueryCourse/tcontent.asp?OpenYear=106&Helf=1&Sclass=FL&Cono=R02A,2026-08-26T18:17:54+00:00
106-1-FL-R041-F-3-,106,1,法學院,FL,財經法律學系,R041,F,大學部二年制在職專班,3,,支付及信用工具法(票據法),2,必,60,36,,24,陳月端,L02-201,,,,"10,11",,,,"[{""day"": 4, ""dayName"": ""星期四"", ""periods"": [""10"", ""11""], ""raw"": ""10,11""}]",學程,限修畢民法總則。隸屬服務與智慧型創新創業學分學程。,https://course.nuk.edu.tw/QueryCourse/tcontent.asp?OpenYear=106&Helf=1&Sclass=FL&Cono=R041,2026-08-26T18:17:54+00:00
106-1-FL-R08A-F-3-,106,1,法學院,FL,財經法律學系,R08A,F,大學部二年制在職專班,3,,民事訴訟法(一),2,必,61,11,,50,林瑞成,L02-201,,,,,"10,11, 12,13",,,"[{""day"": 5, ""dayName"": ""星期五"", ""periods"": [""10"", ""11"", ""12"", ""13""], ""raw"": ""10,11, 12,13""}]",,隔週上課(第10-13節)，單週上課,https://course.nuk.edu.tw/QueryCourse/tcontent.asp?OpenYear=106&Helf=1&Sclass=FL&Cono=R08A,2026-08-26T18:17:54+00:00
106-1-FL-R091-F-3-,106,1,法學院,FL,財經法律學系,R091,F,大學部二年制在職專班,3,,保險法,2,必,63,38,,25,林昭志,L02-108,,"10,11",,,,,,"[{""day"": 2, ""dayName"": ""星期二"", ""periods"": [""10"", ""11""], ""raw"": ""10,11""}]",限修及外加,限財法系與政法系二年制在職專班學生選修。,https://course.nuk.edu.tw/QueryCourse/tcontent.asp?OpenYear=106&Helf=1&Sclass=FL&Cono=R091,2026-08-26T18:17:54+00:00
106-1-FL-R121-F-3-,106,1,法學院,FL,財經法律學系,R121,F,大學部二年制在職專班,3,,民法債編各論(二),2,必,60,44,,16,曾千娟,L02-108,,,"12,13",,,,,"[{""day"": 3, ""dayName"": ""星期三"", ""periods"": [""12"", ""13""], ""raw"": ""12,13""}]",,,https://course.nuk.edu.tw/QueryCourse/tcontent.asp?OpenYear=106&Helf=1&Sclass=FL&Cono=R121,2026-08-26T18:17:54+00:00
106-1-FL-R533-F-3-,106,1,法學院,FL,財經法律學系,R533,F,大學部二年制在職專班,3,,專利法,2,選,61,60,,1,謝國廉,L02-107,,,"10,11",,,,,"[{""day"": 3, ""dayName"": ""星期三"", ""periods"": [""10"", ""11""], ""raw"": ""10,11""}]",外加,,https://course.nuk.edu.tw/QueryCourse/tcontent.asp?OpenYear=106&Helf=1&Sclass=FL&Cono=R533,2026-08-26T18:17:54+00:00
106-1-FL-F01C-M-1-,106,1,法學院,FL,財經法律學系,F01C,M,碩士班,1,,法學日文(三),2,必,30,20,,10,簡玉聰,L02-203,,,,,,"5,6",,"[{""day"": 6, ""dayName"": ""星期六"", ""periods"": [""5"", ""6""], ""raw"": ""5,6""}]",,開放本院大學部、二年制在職專班二年級以上、碩士班及碩士在職專班學生選修,https://course.nuk.edu.tw/QueryCourse/tcontent.asp?OpenYear=106&Helf=1&Sclass=FL&Cono=F01C,2026-08-26T18:17:54+00:00
106-1-FL-F02A-M-1-,106,1,法學院,FL,財經法律學系,F02A,M,碩士班,1,,法學英文(一),2,必,20,9,,11,吳行浩,L02-306,,"6,7",,,,,,"[{""day"": 2, ""dayName"": ""星期二"", ""periods"": [""6"", ""7""], ""raw"": ""6,7""}]",,全英語授課,https://course.nuk.edu.tw/QueryCourse/tcontent.asp?OpenYear=106&Helf=1&Sclass=FL&Cono=F02A,2026-08-26T18:17:54+00:00
106-1-FL-F04C-M-1-,106,1,法學院,FL,財經法律學系,F04C,M,碩士班,1,,法學德文(三),2,必,9,5,,4,張永明,L02-306,"5,6",,,,,,,"[{""day"": 1, ""dayName"": ""星期一"", ""periods"": [""5"", ""6""], ""raw"": ""5,6""}]",外加,開放本院大學部三、四年級、二年制在職專班二年級以上、碩士班及碩士在職專班學生選修,https://course.nuk.edu.tw/QueryCourse/tcontent.asp?OpenYear=106&Helf=1&Sclass=FL&Cono=F04C,2026-08-26T18:17:54+00:00
106-1-FL-F500-M-1-,106,1,法學院,FL,財經法律學系,F500,M,碩士班,1,,教學實務演練(財經法律學系),0,選,13,13,,0,謝國廉,,,X,,,,,,"[{""day"": 2, ""dayName"": ""星期二"", ""periods"": [""X""], ""raw"": ""X""}]",外加,指定加簽，申請擔任學習型兼任教學助理之學生必須修習本課程。,https://course.nuk.edu.tw/QueryCourse/tcontent.asp?OpenYear=106&Helf=1&Sclass=FL&Cono=F500,2026-08-26T18:17:54+00:00
106-1-FL-F511-M-1-,106,1,法學院,FL,財經法律學系,F511,M,碩士班,1,,商標法專題研究,2,選,20,16,,4,謝國廉,L02-307,,,"5,6",,,,,"[{""day"": 3, ""dayName"": ""星期三"", ""periods"": [""5"", ""6""], ""raw"": ""5,6""}]",,開放本院碩士班與碩士在職專班學生選修。,https://course.nuk.edu.tw/QueryCourse/tcontent.asp?OpenYear=106&Helf=1&Sclass=FL&Cono=F511,2026-08-26T18:17:54+00:00
106-1-FL-F543-M-1-,106,1,法學院,FL,財經法律學系,F543,M,碩士班,1,,海上保險法專題研究,2,選,15,7,,8,羅俊瑋,L02-307,"10,11, 12,13",,,,,,,"[{""day"": 1, ""dayName"": ""星期一"", ""periods"": [""10"", ""11"", ""12"", ""13""], ""raw"": ""10,11, 12,13""}]",,隔週上課，單週上課，第一次上課時間為9/18。,https://course.nuk.edu.tw/QueryCourse/tcontent.asp?OpenYear=106&Helf=1&Sclass=FL&Cono=F543,2026-08-26T18:17:54+00:00
106-1-FL-F547-M-1-,106,1,法學院,FL,財經法律學系,F547,M,碩士班,1,,海洋法專題研究,2,選,20,3,,17,高世明,L02-310,"3,4",,,,,,,"[{""day"": 1, ""dayName"": ""星期一"", ""periods"": [""3"", ""4""], ""raw"": ""3,4""}]",,開放政法碩士班修課，自10/2開始上課，其補課時間於課堂上協調。高世明老師,https://course.nuk.edu.tw/QueryCourse/tcontent.asp?OpenYear=106&Helf=1&Sclass=FL&Cono=F547,2026-08-26T18:17:54+00:00
106-1-FL-F561-M-1-,106,1,法學院,FL,財經法律學系,F561,M,碩士班,1,,財經行政法專題研究（一~四）,2,選,20,8,,12,張永明,L02-306,,"8,9",,,,,,"[{""day"": 2, ""dayName"": ""星期二"", ""periods"": [""8"", ""9""], ""raw"": ""8,9""}]",,開放本院碩士班及碩士在職專班學生選修。,https://course.nuk.edu.tw/QueryCourse/tcontent.asp?OpenYear=106&Helf=1&Sclass=FL&Cono=F561,2026-08-26T18:17:54+00:00
106-1-FL-F592-M-1-,106,1,法學院,FL,財經法律學系,F592,M,碩士班,1,,醫療科技與法律專題研究(二),2,選,20,11,,9,張麗卿,L02-305,,,,,"6,7",,,"[{""day"": 5, ""dayName"": ""星期五"", ""periods"": [""6"", ""7""], ""raw"": ""6,7""}]",,開放法律碩士班與碩專班選修。,https://course.nuk.edu.tw/QueryCourse/tcontent.asp?OpenYear=106&Helf=1&Sclass=FL&Cono=F592,2026-08-26T18:17:54+00:00
106-1-FL-F62A-M-1-,106,1,法學院,FL,財經法律學系,F62A,M,碩士班,1,,刑法專題研究(一),2,選,8,7,,1,謝開平,L02-306,,"10,11",,,,,,"[{""day"": 2, ""dayName"": ""星期二"", ""periods"": [""10"", ""11""], ""raw"": ""10,11""}]",,開放財法、法律碩士班選修,https://course.nuk.edu.tw/QueryCourse/tcontent.asp?OpenYear=106&Helf=1&Sclass=FL&Cono=F62A,2026-08-26T18:17:54+00:00
106-1-FL-F551-M-2-,106,1,法學院,FL,財經法律學系,F551,M,碩士班,2,,政府採購法爭議問題研究,2,選,20,9,,11,陳月端,L02-302,,,,"5,6",,,,"[{""day"": 4, ""dayName"": ""星期四"", ""periods"": [""5"", ""6""], ""raw"": ""5,6""}]",,,https://course.nuk.edu.tw/QueryCourse/tcontent.asp?OpenYear=106&Helf=1&Sclass=FL&Cono=F551,2026-08-26T18:17:54+00:00
106-1-FL-F664-M-2-,106,1,法學院,FL,財經法律學系,F664,M,碩士班,2,,財稅法專題研究(四),2,選,20,13,,7,簡玉聰,L02-203,,,"7,8",,,,,"[{""day"": 3, ""dayName"": ""星期三"", ""periods"": [""7"", ""8""], ""raw"": ""7,8""}]",,開放本院大學部三、四年級、二年制在職專班二年級以上、碩士班及碩士在職專班學生選修,https://course.nuk.edu.tw/QueryCourse/tcontent.asp?OpenYear=106&Helf=1&Sclass=FL&Cono=F664,2026-08-26T18:17:54+00:00
106-1-GL-A011-A-1-A,106,1,法學院,GL,政治法律學系,A011,A,大學部,1,A,政治學,3,必,60,58,,2,姚朝森,L02-103,"2,3, 4",,,,,,,"[{""day"": 1, ""dayName"": ""星期一"", ""periods"": [""2"", ""3"", ""4""], ""raw"": ""2,3, 4""}]",,基礎課程,https://course.nuk.edu.tw/QueryCourse/tcontent.asp?OpenYear=106&Helf=1&Sclass=GL&Cono=A011,2026-08-26T18:17:54+00:00
106-1-GL-A03A-A-1-A,106,1,法學院,GL,政治法律學系,A03A,A,大學部,1,A,憲法(一),2,必,65,64,,1,李俊增,L02-103,,"5,6",,,,,,"[{""day"": 2, ""dayName"": ""星期二"", ""periods"": [""5"", ""6""], ""raw"": ""5,6""}]",外加,基礎課程,https://course.nuk.edu.tw/QueryCourse/tcontent.asp?OpenYear=106&Helf=1&Sclass=GL&Cono=A03A,2026-08-26T18:17:54+00:00
106-1-GL-A041-A-1-A,106,1,法學院,GL,政治法律學系,A041,A,大學部,1,A,民法總則,4,必,90,58,,32,李淑如,L02-103,,,"3,4","3,4",,,,"[{""day"": 3, ""dayName"": ""星期三"", ""periods"": [""3"", ""4""], ""raw"": ""3,4""}, {""day"": 4, ""dayName"": ""星期四"", ""periods"": [""3"", ""4""], ""raw"": ""3,4""}]",,基礎課程,https://course.nuk.edu.tw/QueryCourse/tcontent.asp?OpenYear=106&Helf=1&Sclass=GL&Cono=A041,2026-08-26T18:17:54+00:00
106-1-GL-A10A-A-1-A,106,1,法學院,GL,政治法律學系,A10A,A,大學部,1,A,行政學 (一),2,必,61,56,,5,楊戊龍,L02-106,,"3,4",,,,,,"[{""day"": 2, ""dayName"": ""星期二"", ""periods"": [""3"", ""4""], ""raw"": ""3,4""}]",,基礎課程,https://course.nuk.edu.tw/QueryCourse/tcontent.asp?OpenYear=106&Helf=1&Sclass=GL&Cono=A10A,2026-08-26T18:17:54+00:00
106-1-GL-A571-A-1-A,106,1,法學院,GL,政治法律學系,A571,A,大學部,1,A,法學緒論,2,選,64,63,,1,李俊增,L02-103,,,"10,11",,,,,"[{""day"": 3, ""dayName"": ""星期三"", ""periods"": [""10"", ""11""], ""raw"": ""10,11""}]",外加,,https://course.nuk.edu.tw/QueryCourse/tcontent.asp?OpenYear=106&Helf=1&Sclass=GL&Cono=A571,2026-08-26T18:17:54+00:00
106-1-GL-C671-A-1-A,106,1,法學院,GL,政治法律學系,C671,A,大學部,1,A,法律服務(一),2,選,61,36,,25,廖義銘 業界教師,L02-204,"10,11, 12,13",,,,,,,"[{""day"": 1, ""dayName"": ""星期一"", ""periods"": [""10"", ""11"", ""12"", ""13""], ""raw"": ""10,11, 12,13""}]",,雙週上課為原則，但上課時間於第一堂課確定。,https://course.nuk.edu.tw/QueryCourse/tcontent.asp?OpenYear=106&Helf=1&Sclass=GL&Cono=C671,2026-08-26T18:17:54+00:00
106-1-GL-B01A-A-2-A,106,1,法學院,GL,政治法律學系,B01A,A,大學部,2,A,行政法總論(一),2,必,61,60,,1,邵惠玲,L02-103,,"3,4",,,,,,"[{""day"": 2, ""dayName"": ""星期二"", ""periods"": [""3"", ""4""], ""raw"": ""3,4""}]",外加,基礎課程,https://course.nuk.edu.tw/QueryCourse/tcontent.asp?OpenYear=106&Helf=1&Sclass=GL&Cono=B01A,2026-08-26T18:17:54+00:00
106-1-GL-B02A-A-2-A,106,1,法學院,GL,政治法律學系,B02A,A,大學部,2,A,比較政府(一),2,必,61,58,,3,陳文生,L02-106,"3,4",,,,,,,"[{""day"": 1, ""dayName"": ""星期一"", ""periods"": [""3"", ""4""], ""raw"": ""3,4""}]",外加,基礎課程,https://course.nuk.edu.tw/QueryCourse/tcontent.asp?OpenYear=106&Helf=1&Sclass=GL&Cono=B02A,2026-08-26T18:17:54+00:00
106-1-GL-B031-A-2-A,106,1,法學院,GL,政治法律學系,B031,A,大學部,2,A,民法債編總論(二),3,必,60,58,,2,李淑如,L02-103,,,,"5,6, 7",,,,"[{""day"": 4, ""dayName"": ""星期四"", ""periods"": [""5"", ""6"", ""7""], ""raw"": ""5,6, 7""}]",,基礎課程,https://course.nuk.edu.tw/QueryCourse/tcontent.asp?OpenYear=106&Helf=1&Sclass=GL&Cono=B031,2026-08-26T18:17:54+00:00
106-1-GL-B161-A-2-A,106,1,法學院,GL,政治法律學系,B161,A,大學部,2,A,國際現勢,2,必,60,38,,22,陳文生,L02-101,,,,,"6,8",,,"[{""day"": 5, ""dayName"": ""星期五"", ""periods"": [""6"", ""8""], ""raw"": ""6,8""}]",,政治學群，隔週上課(雙)每次上課第5~8節共4小時,https://course.nuk.edu.tw/QueryCourse/tcontent.asp?OpenYear=106&Helf=1&Sclass=GL&Cono=B161,2026-08-26T18:17:54+00:00
106-1-GL-B171-A-2-A,106,1,法學院,GL,政治法律學系,B171,A,大學部,2,A,經濟學,3,必,61,25,,36,劉志成,L02-106,,,"2,3, 4",,,,,"[{""day"": 3, ""dayName"": ""星期三"", ""periods"": [""2"", ""3"", ""4""], ""raw"": ""2,3, 4""}]",,1. 基礎課程 2. 與「社會學」二選一，計3學分。,https://course.nuk.edu.tw/QueryCourse/tcontent.asp?OpenYear=106&Helf=1&Sclass=GL&Cono=B171,2026-08-26T18:17:54+00:00
106-1-GL-D52B-A-2-A,106,1,法學院,GL,政治法律學系,D52B,A,大學部,2,A,行政法實例演習（二）,2,選,60,59,,1,徐偉超,L02-103,,,,,"5,7",,,"[{""day"": 5, ""dayName"": ""星期五"", ""periods"": [""5"", ""7""], ""raw"": ""5,7""}]",,隔週上課(單)，每次上課第5.6.7.8節（4小時）,https://course.nuk.edu.tw/QueryCourse/tcontent.asp?OpenYear=106&Helf=1&Sclass=GL&Cono=D52B,2026-08-26T18:17:54+00:00
106-1-GL-C04B-A-3-A,106,1,法學院,GL,政治法律學系,C04B,A,大學部,3,A,民事訴訟法(二),2,必,60,40,,20,賴恆盈,L02-103,,"7,8",,,,,,"[{""day"": 2, ""dayName"": ""星期二"", ""periods"": [""7"", ""8""], ""raw"": ""7,8""}]",先修,1. 法律學群 2. 限修畢民事訴訟法（一）,https://course.nuk.edu.tw/QueryCourse/tcontent.asp?OpenYear=106&Helf=1&Sclass=GL&Cono=C04B,2026-08-26T18:17:54+00:00
106-1-GL-C05A-A-3-A,106,1,法學院,GL,政治法律學系,C05A,A,大學部,3,A,刑事訴訟法(一),2,必,60,57,,3,黃翰義,L02-106,,,,,,"1,2, 3,4",,"[{""day"": 6, ""dayName"": ""星期六"", ""periods"": [""1"", ""2"", ""3"", ""4""], ""raw"": ""1,2, 3,4""}]",,一、基礎課程二、隔週上課，單週上課，星期六(1~4節)上課。,https://course.nuk.edu.tw/QueryCourse/tcontent.asp?OpenYear=106&Helf=1&Sclass=GL&Cono=C05A,2026-08-26T18:17:54+00:00
106-1-GL-C122-A-3-A,106,1,法學院,GL,政治法律學系,C122,A,大學部,3,A,地方自治法制,2,必,60,56,,4,邵惠玲,L02-108,,"5,6",,,,,,"[{""day"": 2, ""dayName"": ""星期二"", ""periods"": [""5"", ""6""], ""raw"": ""5,6""}]",,原為下學期開設課程，105學年改為上學期開設。,https://course.nuk.edu.tw/QueryCourse/tcontent.asp?OpenYear=106&Helf=1&Sclass=GL&Cono=C122,2026-08-26T18:17:54+00:00
106-1-GL-C14A-A-3-A,106,1,法學院,GL,政治法律學系,C14A,A,大學部,3,A,比較政治(一),2,必,60,22,,38,楊鈞池,L02-201,,,,"3,4",,,,"[{""day"": 4, ""dayName"": ""星期四"", ""periods"": [""3"", ""4""], ""raw"": ""3,4""}]",,政治學群,https://course.nuk.edu.tw/QueryCourse/tcontent.asp?OpenYear=106&Helf=1&Sclass=GL&Cono=C14A,2026-08-26T18:17:54+00:00
106-1-GL-C171-A-3-A,106,1,法學院,GL,政治法律學系,C171,A,大學部,3,A,行政爭訟法(一),2,必,60,49,,11,賴恆盈,L02-103,,,"7,8",,,,,"[{""day"": 3, ""dayName"": ""星期三"", ""periods"": [""7"", ""8""], ""raw"": ""7,8""}]",先修,一、基礎課程 二、限修畢民事訴訟法(一),https://course.nuk.edu.tw/QueryCourse/tcontent.asp?OpenYear=106&Helf=1&Sclass=GL&Cono=C171,2026-08-26T18:17:54+00:00
106-1-GL-C193-A-3-A,106,1,法學院,GL,政治法律學系,C193,A,大學部,3,A,公司法,2,必,60,42,,18,吳淑莉,L02-201,,,"3,4",,,,,"[{""day"": 3, ""dayName"": ""星期三"", ""periods"": [""3"", ""4""], ""raw"": ""3,4""}]",,一、法律學群 二、「公司法」、「支付及信用工具法(票據法)」、「證券交易法」、「保險法」，四選二，計4學分。三、授課老師為吳淑莉。,https://course.nuk.edu.tw/QueryCourse/tcontent.asp?OpenYear=106&Helf=1&Sclass=GL&Cono=C193,2026-08-26T18:17:54+00:00
106-1-GL-C194-A-3-A,106,1,法學院,GL,政治法律學系,C194,A,大學部,3,A,支付及信用工具法(票據法),2,必,80,72,,8,吳淑莉,L02-106,,,"5,6",,,,,"[{""day"": 3, ""dayName"": ""星期三"", ""periods"": [""5"", ""6""], ""raw"": ""5,6""}]",外加,一、法律學群 二、「公司法」、「支付及信用工具法(票據法)」、「證券交易法」、「保險法」，四選二，計4學分。三、授課老師為吳淑莉。,https://course.nuk.edu.tw/QueryCourse/tcontent.asp?OpenYear=106&Helf=1&Sclass=GL&Cono=C194,2026-08-26T18:17:54+00:00
106-1-GL-C212-A-3-A,106,1,法學院,GL,政治法律學系,C212,A,大學部,3,A,當代政治哲學,2,必,60,13,,47,姚朝森,L02-108,,"3,4",,,,,,"[{""day"": 2, ""dayName"": ""星期二"", ""periods"": [""3"", ""4""], ""raw"": ""3,4""}]",,政治學群,https://course.nuk.edu.tw/QueryCourse/tcontent.asp?OpenYear=106&Helf=1&Sclass=GL&Cono=C212,2026-08-26T18:17:54+00:00
106-1-GL-D052-A-4-A,106,1,法學院,GL,政治法律學系,D052,A,大學部,4,A,公務員法制,2,必,60,20,,40,楊戊龍,L02-101,,,"3,4",,,,,"[{""day"": 3, ""dayName"": ""星期三"", ""periods"": [""3"", ""4""], ""raw"": ""3,4""}]",,政治學群,https://course.nuk.edu.tw/QueryCourse/tcontent.asp?OpenYear=106&Helf=1&Sclass=GL&Cono=D052,2026-08-26T18:17:54+00:00
106-1-GL-D091-A-4-A,106,1,法學院,GL,政治法律學系,D091,A,大學部,4,A,政治學方法論,2,必,60,21,,39,楊鈞池,L02-106,,,"7,8",,,,,"[{""day"": 3, ""dayName"": ""星期三"", ""periods"": [""7"", ""8""], ""raw"": ""7,8""}]",,政治學群,https://course.nuk.edu.tw/QueryCourse/tcontent.asp?OpenYear=106&Helf=1&Sclass=GL&Cono=D091,2026-08-26T18:17:54+00:00
106-1-GL-D111-A-4-A,106,1,法學院,GL,政治法律學系,D111,A,大學部,4,A,法律政策學,2,必,60,51,,9,廖義銘 葛祥林,L02-414,"7,8",,,,,,,"[{""day"": 1, ""dayName"": ""星期一"", ""periods"": [""7"", ""8""], ""raw"": ""7,8""}]",,整合課程,https://course.nuk.edu.tw/QueryCourse/tcontent.asp?OpenYear=106&Helf=1&Sclass=GL&Cono=D111,2026-08-26T18:17:54+00:00
106-1-GL-D121-A-4-A,106,1,法學院,GL,政治法律學系,D121,A,大學部,4,A,民法實例演習(一),2,必,60,51,,9,洪能超,L02-106,,,,"10,11, 12",,,,"[{""day"": 4, ""dayName"": ""星期四"", ""periods"": [""10"", ""11"", ""12""], ""raw"": ""10,11, 12""}]",,一、法律學群 二、依表定上課12週，每次上課3小時(10~12節),https://course.nuk.edu.tw/QueryCourse/tcontent.asp?OpenYear=106&Helf=1&Sclass=GL&Cono=D121,2026-08-26T18:17:54+00:00
106-1-GL-D131-A-4-A,106,1,法學院,GL,政治法律學系,D131,A,大學部,4,A,刑法實例演習(一),2,必,60,57,,3,林書楷,L02-103,"5,6",,,,,,,"[{""day"": 1, ""dayName"": ""星期一"", ""periods"": [""5"", ""6""], ""raw"": ""5,6""}]",,法律學群,https://course.nuk.edu.tw/QueryCourse/tcontent.asp?OpenYear=106&Helf=1&Sclass=GL&Cono=D131,2026-08-26T18:17:54+00:00
106-1-GL-D141-A-4-A,106,1,法學院,GL,政治法律學系,D141,A,大學部,4,A,公法實例演習(一),2,必,70,69,,1,徐偉超,L02-103,,,,,"2,3, 4,Y",,,"[{""day"": 5, ""dayName"": ""星期五"", ""periods"": [""2"", ""3"", ""4"", ""Y""], ""raw"": ""2,3, 4,Y""}]",,一、法律學群 二、隔週上課(單週)每次上課為第2、3、4、Y節,https://course.nuk.edu.tw/QueryCourse/tcontent.asp?OpenYear=106&Helf=1&Sclass=GL&Cono=D141,2026-08-26T18:17:54+00:00
106-1-GL-D631-A-4-A,106,1,法學院,GL,政治法律學系,D631,A,大學部,4,A,政府文書,1,選,20,20,,0,楊戊龍,L02-310,,,"1,2",,,,,"[{""day"": 3, ""dayName"": ""星期三"", ""periods"": [""1"", ""2""], ""raw"": ""1,2""}]",,限大三大四同學修課(每週2小時，第1至第10週),https://course.nuk.edu.tw/QueryCourse/tcontent.asp?OpenYear=106&Helf=1&Sclass=GL&Cono=D631,2026-08-26T18:17:54+00:00
106-1-GL-D900-A-4-A,106,1,法學院,GL,政治法律學系,D900,A,大學部,4,A,業界實習,2,選,3,3,,0,李淑如,,,,,,,"5,6",,"[{""day"": 6, ""dayName"": ""星期六"", ""periods"": [""5"", ""6""], ""raw"": ""5,6""}]",外加,由授課教師指定加簽，實習總時數應達162小時。,https://course.nuk.edu.tw/QueryCourse/tcontent.asp?OpenYear=106&Helf=1&Sclass=GL&Cono=D900,2026-08-26T18:17:54+00:00
106-1-GL-P02A-F-1-,106,1,法學院,GL,政治法律學系,P02A,F,大學部二年制在職專班,1,,行政學(一),2,必,60,18,,42,楊戊龍,L02-106,,"12,13",,,,,,"[{""day"": 2, ""dayName"": ""星期二"", ""periods"": [""12"", ""13""], ""raw"": ""12,13""}]",,,https://course.nuk.edu.tw/QueryCourse/tcontent.asp?OpenYear=106&Helf=1&Sclass=GL&Cono=P02A,2026-08-26T18:17:54+00:00
106-1-GL-P071-F-1-,106,1,法學院,GL,政治法律學系,P071,F,大學部二年制在職專班,1,,政治學(一),2,必,60,22,,38,姚朝森,L02-103,"12,13",,,,,,,"[{""day"": 1, ""dayName"": ""星期一"", ""periods"": [""12"", ""13""], ""raw"": ""12,13""}]",外加,,https://course.nuk.edu.tw/QueryCourse/tcontent.asp?OpenYear=106&Helf=1&Sclass=GL&Cono=P071,2026-08-26T18:17:54+00:00
106-1-GL-P091-F-1-,106,1,法學院,GL,政治法律學系,P091,F,大學部二年制在職專班,1,,憲法(一),2,必,60,22,,38,李俊增,L02-103,,"10,11",,,,,,"[{""day"": 2, ""dayName"": ""星期二"", ""periods"": [""10"", ""11""], ""raw"": ""10,11""}]",,,https://course.nuk.edu.tw/QueryCourse/tcontent.asp?OpenYear=106&Helf=1&Sclass=GL&Cono=P091,2026-08-26T18:17:54+00:00
106-1-GL-P121-F-1-,106,1,法學院,GL,政治法律學系,P121,F,大學部二年制在職專班,1,,民法總則(一),2,必,120,64,,56,李淑如,L02-202,,,"10,11",,,,,"[{""day"": 3, ""dayName"": ""星期三"", ""periods"": [""10"", ""11""], ""raw"": ""10,11""}]",,,https://course.nuk.edu.tw/QueryCourse/tcontent.asp?OpenYear=106&Helf=1&Sclass=GL&Cono=P121,2026-08-26T18:17:54+00:00
106-1-GL-P141-F-1-,106,1,法學院,GL,政治法律學系,P141,F,大學部二年制在職專班,1,,法學緒論,2,必,60,27,,33,李俊增,L02-103,"10,11",,,,,,,"[{""day"": 1, ""dayName"": ""星期一"", ""periods"": [""10"", ""11""], ""raw"": ""10,11""}]",,,https://course.nuk.edu.tw/QueryCourse/tcontent.asp?OpenYear=106&Helf=1&Sclass=GL&Cono=P141,2026-08-26T18:17:54+00:00
106-1-GL-Q01A-F-2-,106,1,法學院,GL,政治法律學系,Q01A,F,大學部二年制在職專班,2,,民法債編(一),2,必,60,18,,42,李淑如,L02-103,,,,"10,11",,,,"[{""day"": 4, ""dayName"": ""星期四"", ""periods"": [""10"", ""11""], ""raw"": ""10,11""}]",,,https://course.nuk.edu.tw/QueryCourse/tcontent.asp?OpenYear=106&Helf=1&Sclass=GL&Cono=Q01A,2026-08-26T18:17:54+00:00
106-1-GL-Q04A-F-2-,106,1,法學院,GL,政治法律學系,Q04A,F,大學部二年制在職專班,2,,行政法總論(一),2,必,60,21,,39,邵惠玲,L02-106,,,"10,11",,,,,"[{""day"": 3, ""dayName"": ""星期三"", ""periods"": [""10"", ""11""], ""raw"": ""10,11""}]",,,https://course.nuk.edu.tw/QueryCourse/tcontent.asp?OpenYear=106&Helf=1&Sclass=GL&Cono=Q04A,2026-08-26T18:17:54+00:00
106-1-GL-Q08A-F-2-,106,1,法學院,GL,政治法律學系,Q08A,F,大學部二年制在職專班,2,,刑法分則(一),2,必,85,85,,0,林俊寬,L02-204,,,,,"10,11",,,"[{""day"": 5, ""dayName"": ""星期五"", ""periods"": [""10"", ""11""], ""raw"": ""10,11""}]",外加,與財法合班上課,https://course.nuk.edu.tw/QueryCourse/tcontent.asp?OpenYear=106&Helf=1&Sclass=GL&Cono=Q08A,2026-08-26T18:17:54+00:00
106-1-GL-Q092-F-2-,106,1,法學院,GL,政治法律學系,Q092,F,大學部二年制在職專班,2,,比較政府,2,必,60,19,,41,楊鈞池,L02-106,,,"12,13",,,,,"[{""day"": 3, ""dayName"": ""星期三"", ""periods"": [""12"", ""13""], ""raw"": ""12,13""}]",,,https://course.nuk.edu.tw/QueryCourse/tcontent.asp?OpenYear=106&Helf=1&Sclass=GL&Cono=Q092,2026-08-26T18:17:54+00:00
106-1-GL-Q172-F-2-,106,1,法學院,GL,政治法律學系,Q172,F,大學部二年制在職專班,2,,民法親屬,2,必,60,17,,43,黃小舫,L02-106,"11,13",,,,,,,"[{""day"": 1, ""dayName"": ""星期一"", ""periods"": [""11"", ""13""], ""raw"": ""11,13""}]",,一、隔週上課(雙週) (每次上課第10~13節)。二、授課老師為黃小舫老師,https://course.nuk.edu.tw/QueryCourse/tcontent.asp?OpenYear=106&Helf=1&Sclass=GL&Cono=Q172,2026-08-26T18:17:54+00:00
106-1-GL-Q521-F-2-,106,1,法學院,GL,政治法律學系,Q521,F,大學部二年制在職專班,2,,犯罪學,2,選,60,37,,23,佘青樺,L02-106,"10,12",,,,,,,"[{""day"": 1, ""dayName"": ""星期一"", ""periods"": [""10"", ""12""], ""raw"": ""10,12""}]",外加,隔週上課，單週上課(每次上課第10~13節),https://course.nuk.edu.tw/QueryCourse/tcontent.asp?OpenYear=106&Helf=1&Sclass=GL&Cono=Q521,2026-08-26T18:17:54+00:00
106-1-GL-Q151-F-3-,106,1,法學院,GL,政治法律學系,Q151,F,大學部二年制在職專班,3,,立法論,2,必,60,5,,55,楊筑尹,L02-306,"10,11",,,,,,,"[{""day"": 1, ""dayName"": ""星期一"", ""periods"": [""10"", ""11""], ""raw"": ""10,11""}]",,老師：楊筑尹,https://course.nuk.edu.tw/QueryCourse/tcontent.asp?OpenYear=106&Helf=1&Sclass=GL&Cono=Q151,2026-08-26T18:17:54+00:00
106-1-GL-R02B-F-3-,106,1,法學院,GL,政治法律學系,R02B,F,大學部二年制在職專班,3,,民事訴訟法(二),2,必,60,5,,55,賴恆盈,L02-102,,,,"11,13",,,,"[{""day"": 4, ""dayName"": ""星期四"", ""periods"": [""11"", ""13""], ""raw"": ""11,13""}]",,隔週上課，雙週上課，星期四(10~13節)上課。,https://course.nuk.edu.tw/QueryCourse/tcontent.asp?OpenYear=106&Helf=1&Sclass=GL&Cono=R02B,2026-08-26T18:17:54+00:00
106-1-GL-R04A-F-3-,106,1,法學院,GL,政治法律學系,R04A,F,大學部二年制在職專班,3,,行政爭訟法(一),2,必,60,8,,52,賴恆盈,L02-201,,,"10,11",,,,,"[{""day"": 3, ""dayName"": ""星期三"", ""periods"": [""10"", ""11""], ""raw"": ""10,11""}]",先修,限修畢民事訴訟法（一）,https://course.nuk.edu.tw/QueryCourse/tcontent.asp?OpenYear=106&Helf=1&Sclass=GL&Cono=R04A,2026-08-26T18:17:54+00:00
106-1-GL-R121-F-3-,106,1,法學院,GL,政治法律學系,R121,F,大學部二年制在職專班,3,,刑事訴訟法(一),2,必,60,38,,22,黃翰義,L02-106,,,,,,"1,2, 3,4",,"[{""day"": 6, ""dayName"": ""星期六"", ""periods"": [""1"", ""2"", ""3"", ""4""], ""raw"": ""1,2, 3,4""}]",,隔週上課(雙)，星期六(1~4節)上課。,https://course.nuk.edu.tw/QueryCourse/tcontent.asp?OpenYear=106&Helf=1&Sclass=GL&Cono=R121,2026-08-26T18:17:54+00:00
106-1-GL-R161-F-3-,106,1,法學院,GL,政治法律學系,R161,F,大學部二年制在職專班,3,,公務員法制,2,必,60,5,,55,楊戊龍,L02-310,,"10,11",,,,,,"[{""day"": 2, ""dayName"": ""星期二"", ""periods"": [""10"", ""11""], ""raw"": ""10,11""}]",,,https://course.nuk.edu.tw/QueryCourse/tcontent.asp?OpenYear=106&Helf=1&Sclass=GL&Cono=R161,2026-08-26T18:17:54+00:00
106-1-GL-R611-F-3-,106,1,法學院,GL,政治法律學系,R611,F,大學部二年制在職專班,3,,調解理論與實務,2,選,60,7,,53,廖義銘,L02-106,,,,,"10,11, 12,13",,,"[{""day"": 5, ""dayName"": ""星期五"", ""periods"": [""10"", ""11"", ""12"", ""13""], ""raw"": ""10,11, 12,13""}]",,週五10.11.12.13，雙週上課,https://course.nuk.edu.tw/QueryCourse/tcontent.asp?OpenYear=106&Helf=1&Sclass=GL&Cono=R611,2026-08-26T18:17:54+00:00
106-1-GL-T021-L-1-,106,1,法學院,GL,政治法律學系,T021,L,碩士在職專班,1,,行政法專題研究,2,必,20,11,,9,邵惠玲,L02-310,"10,11, 12,13",,,,,,,"[{""day"": 1, ""dayName"": ""星期一"", ""periods"": [""10"", ""11"", ""12"", ""13""], ""raw"": ""10,11, 12,13""}]",,一、公法學群 二、建議具行政法基礎 三、隔週上課(雙週)，星期一(10~13節)上課。,https://course.nuk.edu.tw/QueryCourse/tcontent.asp?OpenYear=106&Helf=1&Sclass=GL&Cono=T021,2026-08-26T18:17:54+00:00
106-1-GL-T024-L-1-,106,1,法學院,GL,政治法律學系,T024,L,碩士在職專班,1,,國家理論專題研究,2,必,20,13,,7,姚朝森,L02-307,,"10,11",,,,,,"[{""day"": 2, ""dayName"": ""星期二"", ""periods"": [""10"", ""11""], ""raw"": ""10,11""}]",,共同/整合課程,https://course.nuk.edu.tw/QueryCourse/tcontent.asp?OpenYear=106&Helf=1&Sclass=GL&Cono=T024,2026-08-26T18:17:54+00:00
106-1-GL-T031-L-1-,106,1,法學院,GL,政治法律學系,T031,L,碩士在職專班,1,,政治發展與民主化專題研究,2,必,20,17,,3,楊鈞池,L02-306,,"12,13",,,,,,"[{""day"": 2, ""dayName"": ""星期二"", ""periods"": [""12"", ""13""], ""raw"": ""12,13""}]",,政治學群,https://course.nuk.edu.tw/QueryCourse/tcontent.asp?OpenYear=106&Helf=1&Sclass=GL&Cono=T031,2026-08-26T18:17:54+00:00
106-1-GL-T02A-L-2-,106,1,法學院,GL,政治法律學系,T02A,L,碩士在職專班,2,,行政法各論專題研究(一)：風險行政法,2,必,20,6,,14,賴恆盈,L02-310,,,,"10,12",,,,"[{""day"": 4, ""dayName"": ""星期四"", ""periods"": [""10"", ""12""], ""raw"": ""10,12""}]",,隔週上課(單)，星期四(10~13節)上課。,https://course.nuk.edu.tw/QueryCourse/tcontent.asp?OpenYear=106&Helf=1&Sclass=GL&Cono=T02A,2026-08-26T18:17:54+00:00
106-1-GL-T552-L-2-,106,1,法學院,GL,政治法律學系,T552,L,碩士在職專班,2,,公共政策管理專題研究,2,選,20,9,,11,楊戊龍,L02-310,,,,"11,13",,,,"[{""day"": 4, ""dayName"": ""星期四"", ""periods"": [""11"", ""13""], ""raw"": ""11,13""}]",,1. 隔週上課（雙週上課），星期四(10~13節)上課。 2. 開放碩一、碩二及二年制在職專班各年級選修,https://course.nuk.edu.tw/QueryCourse/tcontent.asp?OpenYear=106&Helf=1&Sclass=GL&Cono=T552,2026-08-26T18:17:54+00:00
106-1-GL-U021-L-2-,106,1,法學院,GL,政治法律學系,U021,L,碩士在職專班,2,,社區公共事務與法制專題研究,2,必,20,12,,8,廖義銘,L02-307,,,,,"10,12",,,"[{""day"": 5, ""dayName"": ""星期五"", ""periods"": [""10"", ""12""], ""raw"": ""10,12""}]",,共同/整合課程，單週上課、隔週星期五(第10~13節)上課。,https://course.nuk.edu.tw/QueryCourse/tcontent.asp?OpenYear=106&Helf=1&Sclass=GL&Cono=U021,2026-08-26T18:17:54+00:00
106-1-GL-U041-L-2-,106,1,法學院,GL,政治法律學系,U041,L,碩士在職專班,2,,選舉制度與實務專題研究,2,必,20,15,,5,陳文生,L02-310,,,,,"11,13",,,"[{""day"": 5, ""dayName"": ""星期五"", ""periods"": [""11"", ""13""], ""raw"": ""11,13""}]",,隔週上課，雙週上課，星期五(10~13節)上課。。,https://course.nuk.edu.tw/QueryCourse/tcontent.asp?OpenYear=106&Helf=1&Sclass=GL&Cono=U041,2026-08-26T18:17:54+00:00
106-1-GL-F107-M-1-,106,1,法學院,GL,政治法律學系,F107,M,碩士班,1,,憲法與民主專題研究,2,必,20,13,,7,李俊增,L02-310,,,"5,6",,,,,"[{""day"": 3, ""dayName"": ""星期三"", ""periods"": [""5"", ""6""], ""raw"": ""5,6""}]",,共同/整合課程,https://course.nuk.edu.tw/QueryCourse/tcontent.asp?OpenYear=106&Helf=1&Sclass=GL&Cono=F107,2026-08-26T18:17:54+00:00
106-1-GL-F13A-M-1-,106,1,法學院,GL,政治法律學系,F13A,M,碩士班,1,,行政法專題研究(一),2,必,20,8,,12,邵惠玲,L02-310,,,"7,8",,,,,"[{""day"": 3, ""dayName"": ""星期三"", ""periods"": [""7"", ""8""], ""raw"": ""7,8""}]",,公法學群,https://course.nuk.edu.tw/QueryCourse/tcontent.asp?OpenYear=106&Helf=1&Sclass=GL&Cono=F13A,2026-08-26T18:17:54+00:00
106-1-GL-F14F-M-1-,106,1,法學院,GL,政治法律學系,F14F,M,碩士班,1,,行政法各論專題研究（二）：行政訴訟法,2,必,20,17,,3,賴恆盈,L02-414,,"10,11, 12,13",,,,,,"[{""day"": 2, ""dayName"": ""星期二"", ""periods"": [""10"", ""11"", ""12"", ""13""], ""raw"": ""10,11, 12,13""}]",,1. 隔週上課（單） 2. 碩一、碩二合開,https://course.nuk.edu.tw/QueryCourse/tcontent.asp?OpenYear=106&Helf=1&Sclass=GL&Cono=F14F,2026-08-26T18:17:54+00:00
106-1-GL-F151-M-1-,106,1,法學院,GL,政治法律學系,F151,M,碩士班,1,,社會科學研究方法,2,必,20,10,,10,楊鈞池,L02-310,,,"10,11",,,,,"[{""day"": 3, ""dayName"": ""星期三"", ""periods"": [""10"", ""11""], ""raw"": ""10,11""}]",,1. 政治學群 2. 開放碩專班修課,https://course.nuk.edu.tw/QueryCourse/tcontent.asp?OpenYear=106&Helf=1&Sclass=GL&Cono=F151,2026-08-26T18:17:54+00:00
106-1-GL-F171-M-1-,106,1,法學院,GL,政治法律學系,F171,M,碩士班,1,,政治理論專題研究,2,必,20,4,,16,姚朝森,L02-310,,,"3,4",,,,,"[{""day"": 3, ""dayName"": ""星期三"", ""periods"": [""3"", ""4""], ""raw"": ""3,4""}]",,政治學群,https://course.nuk.edu.tw/QueryCourse/tcontent.asp?OpenYear=106&Helf=1&Sclass=GL&Cono=F171,2026-08-26T18:17:54+00:00
106-1-GL-F500-M-1-,106,1,法學院,GL,政治法律學系,F500,M,碩士班,1,,教學實務演練(政治法律學系),0,選,16,16,,0,李淑如,,,X,,,,,,"[{""day"": 2, ""dayName"": ""星期二"", ""periods"": [""X""], ""raw"": ""X""}]",外加,指定加簽，申請擔任學習型兼任教學助理之學生必須修習本課程。,https://course.nuk.edu.tw/QueryCourse/tcontent.asp?OpenYear=106&Helf=1&Sclass=GL&Cono=F500,2026-08-26T18:17:54+00:00
106-1-GL-F02A-M-2-,106,1,法學院,GL,政治法律學系,F02A,M,碩士班,2,,比較政府與政治專題研究(一),2,必,20,3,,17,楊鈞池,L02-310,,,,"5,6",,,,"[{""day"": 4, ""dayName"": ""星期四"", ""periods"": [""5"", ""6""], ""raw"": ""5,6""}]",,政治學群,https://course.nuk.edu.tw/QueryCourse/tcontent.asp?OpenYear=106&Helf=1&Sclass=GL&Cono=F02A,2026-08-26T18:17:54+00:00
106-1-GL-F111-M-2-,106,1,法學院,GL,政治法律學系,F111,M,碩士班,2,,法政策學專題研究,2,必,20,8,,12,廖義銘,L02-305,,,"10,11, 12,13",,,,,"[{""day"": 3, ""dayName"": ""星期三"", ""periods"": [""10"", ""11"", ""12"", ""13""], ""raw"": ""10,11, 12,13""}]",,1. 共同/整合課程 2. 隔週上課（單）第10~13共四節,https://course.nuk.edu.tw/QueryCourse/tcontent.asp?OpenYear=106&Helf=1&Sclass=GL&Cono=F111,2026-08-26T18:17:54+00:00
106-1-GL-F14A-M-2-,106,1,法學院,GL,政治法律學系,F14A,M,碩士班,2,,行政法各論專題研究（一）：財稅法,2,必,20,10,,10,簡玉聰,L02-203,,,"9,10",,,,,"[{""day"": 3, ""dayName"": ""星期三"", ""periods"": [""9"", ""10""], ""raw"": ""9,10""}]",,一、公法學群二、授課教室為L02-203教室。,https://course.nuk.edu.tw/QueryCourse/tcontent.asp?OpenYear=106&Helf=1&Sclass=GL&Cono=F14A,2026-08-26T18:17:54+00:00
106-1-GL-F14F-M-2-,106,1,法學院,GL,政治法律學系,F14F,M,碩士班,2,,行政法各論專題研究（二）：行政訴訟法,2,必,20,17,,3,賴恆盈,L02-414,,"10,11, 12,13",,,,,,"[{""day"": 2, ""dayName"": ""星期二"", ""periods"": [""10"", ""11"", ""12"", ""13""], ""raw"": ""10,11, 12,13""}]",,1. 隔週上課（單） 2. 碩一、碩二合開,https://course.nuk.edu.tw/QueryCourse/tcontent.asp?OpenYear=106&Helf=1&Sclass=GL&Cono=F14F,2026-08-26T18:17:54+00:00
106-1-LA-A031-A-1-A,106,1,法學院,LA,法律學系,A031,A,大學部,1,A,政治學,2,必,60,52,,8,姚朝森,L02-106,,,,"3,4",,,,"[{""day"": 4, ""dayName"": ""星期四"", ""periods"": [""3"", ""4""], ""raw"": ""3,4""}]",,,https://course.nuk.edu.tw/QueryCourse/tcontent.asp?OpenYear=106&Helf=1&Sclass=LA&Cono=A031,2026-08-26T18:17:54+00:00
106-1-LA-A071-A-1-A,106,1,法學院,LA,法律學系,A071,A,大學部,1,A,刑法總則(一),3,必,63,62,,1,陳子平,L02-102,,,,"6,7, 8,9",,,,"[{""day"": 4, ""dayName"": ""星期四"", ""periods"": [""6"", ""7"", ""8"", ""9""], ""raw"": ""6,7, 8,9""}]",外加,上課至第9節,https://course.nuk.edu.tw/QueryCourse/tcontent.asp?OpenYear=106&Helf=1&Sclass=LA&Cono=A071,2026-08-26T18:17:54+00:00
106-1-LA-A09A-A-1-A,106,1,法學院,LA,法律學系,A09A,A,大學部,1,A,憲法(一),2,必,60,51,,9,紀振清,L02-102,,,"3,4",,,,,"[{""day"": 3, ""dayName"": ""星期三"", ""periods"": [""3"", ""4""], ""raw"": ""3,4""}]",限修及外加,法律系大學部必修核心課程，限本系一年級及本系轉學生、本系重修生，人數不超過60人為原則。,https://course.nuk.edu.tw/QueryCourse/tcontent.asp?OpenYear=106&Helf=1&Sclass=LA&Cono=A09A,2026-08-26T18:17:54+00:00
106-1-LA-A111-A-1-A,106,1,法學院,LA,法律學系,A111,A,大學部,1,A,民法總則,4,必,90,76,,14,呂麗慧,L02-204,,,,,"3,4, 7,8",,,"[{""day"": 5, ""dayName"": ""星期五"", ""periods"": [""3"", ""4"", ""7"", ""8""], ""raw"": ""3,4, 7,8""}]",,,https://course.nuk.edu.tw/QueryCourse/tcontent.asp?OpenYear=106&Helf=1&Sclass=LA&Cono=A111,2026-08-26T18:17:54+00:00
106-1-LA-A501-A-1-A,106,1,法學院,LA,法律學系,A501,A,大學部,1,A,法學緒論,2,選,60,43,,17,賴志強,L02-102,"3,4",,,,,,,"[{""day"": 1, ""dayName"": ""星期一"", ""periods"": [""3"", ""4""], ""raw"": ""3,4""}]",,,https://course.nuk.edu.tw/QueryCourse/tcontent.asp?OpenYear=106&Helf=1&Sclass=LA&Cono=A501,2026-08-26T18:17:54+00:00
106-1-LA-A521-A-1-A,106,1,法學院,LA,法律學系,A521,A,大學部,1,A,法院組織法,2,選,120,69,,51,林俊寬,L02-204,,,,,"5,6",,,"[{""day"": 5, ""dayName"": ""星期五"", ""periods"": [""5"", ""6""], ""raw"": ""5,6""}]",,,https://course.nuk.edu.tw/QueryCourse/tcontent.asp?OpenYear=106&Helf=1&Sclass=LA&Cono=A521,2026-08-26T18:17:54+00:00
106-1-LA-A541-A-1-A,106,1,法學院,LA,法律學系,A541,A,大學部,1,A,社會學導論,2,選,60,29,,31,賴志強,L02-102,,"5,6",,,,,,"[{""day"": 2, ""dayName"": ""星期二"", ""periods"": [""5"", ""6""], ""raw"": ""5,6""}]",,,https://course.nuk.edu.tw/QueryCourse/tcontent.asp?OpenYear=106&Helf=1&Sclass=LA&Cono=A541,2026-08-26T18:17:54+00:00
106-1-LA-B001-A-2-A,106,1,法學院,LA,法律學系,B001,A,大學部,2,A,民法債編總論(二),3,必,120,56,,64,張鈺光,L02-202,,"3,4, 5",,,,,,"[{""day"": 2, ""dayName"": ""星期二"", ""periods"": [""3"", ""4"", ""5""], ""raw"": ""3,4, 5""}]",先修,須修過民法債編總論(一),https://course.nuk.edu.tw/QueryCourse/tcontent.asp?OpenYear=106&Helf=1&Sclass=LA&Cono=B001,2026-08-26T18:17:54+00:00
106-1-LA-B03A-A-2-A,106,1,法學院,LA,法律學系,B03A,A,大學部,2,A,行政法總論(一),3,必,64,63,,1,陳正根,L02-204,,,"2,3, 4",,,,,"[{""day"": 3, ""dayName"": ""星期三"", ""periods"": [""2"", ""3"", ""4""], ""raw"": ""2,3, 4""}]",外加,,https://course.nuk.edu.tw/QueryCourse/tcontent.asp?OpenYear=106&Helf=1&Sclass=LA&Cono=B03A,2026-08-26T18:17:54+00:00
106-1-LA-B04A-A-2-A,106,1,法學院,LA,法律學系,B04A,A,大學部,2,A,民法物權(一),2,必,130,128,,2,謝志鵬,L02-202,"5,6",,,,,,,"[{""day"": 1, ""dayName"": ""星期一"", ""periods"": [""5"", ""6""], ""raw"": ""5,6""}]",,與政法系大二合班上課,https://course.nuk.edu.tw/QueryCourse/tcontent.asp?OpenYear=106&Helf=1&Sclass=LA&Cono=B04A,2026-08-26T18:17:54+00:00
106-1-LA-B05A-A-2-A,106,1,法學院,LA,法律學系,B05A,A,大學部,2,A,日文(一),2,必,101,69,,32,林柏舟,L02-204,"7,8",,,,,,,"[{""day"": 1, ""dayName"": ""星期一"", ""periods"": [""7"", ""8""], ""raw"": ""7,8""}]",外加,德/日二選一為必修,https://course.nuk.edu.tw/QueryCourse/tcontent.asp?OpenYear=106&Helf=1&Sclass=LA&Cono=B05A,2026-08-26T18:17:54+00:00
106-1-LA-B06A-A-2-A,106,1,法學院,LA,法律學系,B06A,A,大學部,2,A,德文(一),2,必,46,44,,2,陳麗雅,L02-101,"3,4",,,,,,,"[{""day"": 1, ""dayName"": ""星期一"", ""periods"": [""3"", ""4""], ""raw"": ""3,4""}]",限修及外加,1德/日二選一為必修2.限法律系選修,https://course.nuk.edu.tw/QueryCourse/tcontent.asp?OpenYear=106&Helf=1&Sclass=LA&Cono=B06A,2026-08-26T18:17:54+00:00
106-1-LA-B071-A-2-A,106,1,法學院,LA,法律學系,B071,A,大學部,2,A,刑法分則(一),2,必,60,57,,3,陳子平,L02-102,,,,"2,3, 4",,,,"[{""day"": 4, ""dayName"": ""星期四"", ""periods"": [""2"", ""3"", ""4""], ""raw"": ""2,3, 4""}]",,自第2節開始上課,https://course.nuk.edu.tw/QueryCourse/tcontent.asp?OpenYear=106&Helf=1&Sclass=LA&Cono=B071,2026-08-26T18:17:54+00:00
106-1-LA-B141-A-2-A,106,1,法學院,LA,法律學系,B141,A,大學部,2,A,民法親屬,2,必,140,128,,12,呂麗慧,L02-202,,,,"7,8",,,,"[{""day"": 4, ""dayName"": ""星期四"", ""periods"": [""7"", ""8""], ""raw"": ""7,8""}]",,法律/財法/政法合班上課,https://course.nuk.edu.tw/QueryCourse/tcontent.asp?OpenYear=106&Helf=1&Sclass=LA&Cono=B141,2026-08-26T18:17:54+00:00
106-1-LA-B64A-A-2-A,106,1,法學院,LA,法律學系,B64A,A,大學部,2,A,勞動法概論(一),2,選,66,66,,0,康銘,L02-102,,,,,"3,4",,,"[{""day"": 5, ""dayName"": ""星期五"", ""periods"": [""3"", ""4""], ""raw"": ""3,4""}]",,授課教師：康銘老師,https://course.nuk.edu.tw/QueryCourse/tcontent.asp?OpenYear=106&Helf=1&Sclass=LA&Cono=B64A,2026-08-26T18:17:54+00:00
106-1-LA-C641-A-2-A,106,1,法學院,LA,法律學系,C641,A,大學部,2,A,英美法導論,2,選,60,41,,19,林昭志,L02-101,,,"5,6",,,,,"[{""day"": 3, ""dayName"": ""星期三"", ""periods"": [""5"", ""6""], ""raw"": ""5,6""}]",,,https://course.nuk.edu.tw/QueryCourse/tcontent.asp?OpenYear=106&Helf=1&Sclass=LA&Cono=C641,2026-08-26T18:17:54+00:00
106-1-LA-B141-A-3-A,106,1,法學院,LA,法律學系,B141,A,大學部,3,A,民法親屬,2,必,140,128,,12,呂麗慧,L02-202,,,,"7,8",,,,"[{""day"": 4, ""dayName"": ""星期四"", ""periods"": [""7"", ""8""], ""raw"": ""7,8""}]",,一、法律學群 二、與法律系大二、財法系大二合班上課。,https://course.nuk.edu.tw/QueryCourse/tcontent.asp?OpenYear=106&Helf=1&Sclass=LA&Cono=B141,2026-08-26T18:17:54+00:00
106-1-LA-C011-A-3-A,106,1,法學院,LA,法律學系,C011,A,大學部,3,A,支付與信用工具法(票據法),3,必,62,62,,0,王仁宏,L02-204,,,,"7,8, 9",,,,"[{""day"": 4, ""dayName"": ""星期四"", ""periods"": [""7"", ""8"", ""9""], ""raw"": ""7,8, 9""}]",,開放各系及進修部、人數達30人以上始得開班,https://course.nuk.edu.tw/QueryCourse/tcontent.asp?OpenYear=106&Helf=1&Sclass=LA&Cono=C011,2026-08-26T18:17:54+00:00
106-1-LA-C02A-A-3-A,106,1,法學院,LA,法律學系,C02A,A,大學部,3,A,民事訴訟法(一),3,必,126,126,,0,陳樹村,L02-202,,"11,12, 13",,,,,,"[{""day"": 2, ""dayName"": ""星期二"", ""periods"": [""11"", ""12"", ""13""], ""raw"": ""11,12, 13""}]",外加,與財法系大三合班上課,https://course.nuk.edu.tw/QueryCourse/tcontent.asp?OpenYear=106&Helf=1&Sclass=LA&Cono=C02A,2026-08-26T18:17:54+00:00
106-1-LA-C03A-A-3-A,106,1,法學院,LA,法律學系,C03A,A,大學部,3,A,刑事訴訟法(一),3,必,61,58,,3,吳俊毅,L02-101,,,,"2,3, 4",,,,"[{""day"": 4, ""dayName"": ""星期四"", ""periods"": [""2"", ""3"", ""4""], ""raw"": ""2,3, 4""}]",限修,限法律系三年級以上,https://course.nuk.edu.tw/QueryCourse/tcontent.asp?OpenYear=106&Helf=1&Sclass=LA&Cono=C03A,2026-08-26T18:17:54+00:00
106-1-LA-C041-A-3-A,106,1,法學院,LA,法律學系,C041,A,大學部,3,A,保險法,2,必,124,110,,14,林昭志,L02-204,,"5,6",,,,,,"[{""day"": 2, ""dayName"": ""星期二"", ""periods"": [""5"", ""6""], ""raw"": ""5,6""}]",限修及外加,1.限法學院大三以上修課。2.與財法大三合班上課。,https://course.nuk.edu.tw/QueryCourse/tcontent.asp?OpenYear=106&Helf=1&Sclass=LA&Cono=C041,2026-08-26T18:17:54+00:00
106-1-LA-C131-A-3-A,106,1,法學院,LA,法律學系,C131,A,大學部,3,A,民法債編各論(二),2,必,60,57,,3,林昭志,L02-101,,,,"5,6",,,,"[{""day"": 4, ""dayName"": ""星期四"", ""periods"": [""5"", ""6""], ""raw"": ""5,6""}]",,,https://course.nuk.edu.tw/QueryCourse/tcontent.asp?OpenYear=106&Helf=1&Sclass=LA&Cono=C131,2026-08-26T18:17:54+00:00
106-1-LA-C512-A-3-A,106,1,法學院,LA,法律學系,C512,A,大學部,3,A,信託法,2,選,120,67,,53,張鈺光,L02-202,,,"5,6",,,,,"[{""day"": 3, ""dayName"": ""星期三"", ""periods"": [""5"", ""6""], ""raw"": ""5,6""}]",,,https://course.nuk.edu.tw/QueryCourse/tcontent.asp?OpenYear=106&Helf=1&Sclass=LA&Cono=C512,2026-08-26T18:17:54+00:00
106-1-LA-C611-A-3-A,106,1,法學院,LA,法律學系,C611,A,大學部,3,A,少年事件處理法,2,選,7,7,,0,吳俊毅,L02-101,,,,,"2,4",,,"[{""day"": 5, ""dayName"": ""星期五"", ""periods"": [""2"", ""4""], ""raw"": ""2,4""}]",限修及外加,隔週上課(雙週)每次上課為第1~4節，限法學院大學部三年級以上，教師指定加簽。,https://course.nuk.edu.tw/QueryCourse/tcontent.asp?OpenYear=106&Helf=1&Sclass=LA&Cono=C611,2026-08-26T18:17:54+00:00
106-1-LA-C74C-A-3-A,106,1,法學院,LA,法律學系,C74C,A,大學部,3,A,德文(三),2,選,15,14,,1,陳麗雅,L02-414,"10,11",,,,,,,"[{""day"": 1, ""dayName"": ""星期一"", ""periods"": [""10"", ""11""], ""raw"": ""10,11""}]",先修 限修及外加,須修過德文(一)、(二)，法律系優先,https://course.nuk.edu.tw/QueryCourse/tcontent.asp?OpenYear=106&Helf=1&Sclass=LA&Cono=C74C,2026-08-26T18:17:54+00:00
106-1-LA-D600-A-3-A,106,1,法學院,LA,法律學系,D600,A,大學部,3,A,校外實習,2,選,2,2,,0,紀振清,,X,,X,,,,,"[{""day"": 1, ""dayName"": ""星期一"", ""periods"": [""X""], ""raw"": ""X""}, {""day"": 3, ""dayName"": ""星期三"", ""periods"": [""X""], ""raw"": ""X""}]",限修及外加,由授課教師指定加簽，實習總時數應達162小時。,https://course.nuk.edu.tw/QueryCourse/tcontent.asp?OpenYear=106&Helf=1&Sclass=LA&Cono=D600,2026-08-26T18:17:54+00:00
106-1-LA-C671-A-4-A,106,1,法學院,LA,法律學系,C671,A,大學部,4,A,警察與秩序法,2,選,60,16,,44,陳正根,L02-101,,,,"7,8",,,,"[{""day"": 4, ""dayName"": ""星期四"", ""periods"": [""7"", ""8""], ""raw"": ""7,8""}]",,,https://course.nuk.edu.tw/QueryCourse/tcontent.asp?OpenYear=106&Helf=1&Sclass=LA&Cono=C671,2026-08-26T18:17:54+00:00
106-1-LA-D011-A-4-A,106,1,法學院,LA,法律學系,D011,A,大學部,4,A,國際私法(一),2,必,100,68,,32,謝志鵬,L02-202,"7,8",,,,,,,"[{""day"": 1, ""dayName"": ""星期一"", ""periods"": [""7"", ""8""], ""raw"": ""7,8""}]",,,https://course.nuk.edu.tw/QueryCourse/tcontent.asp?OpenYear=106&Helf=1&Sclass=LA&Cono=D011,2026-08-26T18:17:54+00:00
106-1-LA-D081-A-4-A,106,1,法學院,LA,法律學系,D081,A,大學部,4,A,法理學,2,必,60,49,,11,賴志強,L02-102,,,"7,8",,,,,"[{""day"": 3, ""dayName"": ""星期三"", ""periods"": [""7"", ""8""], ""raw"": ""7,8""}]",限修,限大四修課,https://course.nuk.edu.tw/QueryCourse/tcontent.asp?OpenYear=106&Helf=1&Sclass=LA&Cono=D081,2026-08-26T18:17:54+00:00
106-1-LA-D091-A-4-A,106,1,法學院,LA,法律學系,D091,A,大學部,4,A,強制執行法,3,必,80,74,,6,邱基峻,L02-204,,,,"2,3, 4",,,,"[{""day"": 4, ""dayName"": ""星期四"", ""periods"": [""2"", ""3"", ""4""], ""raw"": ""2,3, 4""}]",,,https://course.nuk.edu.tw/QueryCourse/tcontent.asp?OpenYear=106&Helf=1&Sclass=LA&Cono=D091,2026-08-26T18:17:54+00:00
106-1-LA-P03A-F-1-,106,1,法學院,LA,法律學系,P03A,F,大學部二年制在職專班,1,,刑法總則(一),2,必,15,8,,7,吳俊毅,L02-301,,,,"10,11",,,,"[{""day"": 4, ""dayName"": ""星期四"", ""periods"": [""10"", ""11""], ""raw"": ""10,11""}]",限修,限法律系碩專班學士後法律組選修,https://course.nuk.edu.tw/QueryCourse/tcontent.asp?OpenYear=106&Helf=1&Sclass=LA&Cono=P03A,2026-08-26T18:17:54+00:00
106-1-LA-P041-F-1-,106,1,法學院,LA,法律學系,P041,F,大學部二年制在職專班,1,,行政法總論(一),3,必,15,7,,8,紀振清,L02-301,,"10,11, 12",,,,,,"[{""day"": 2, ""dayName"": ""星期二"", ""periods"": [""10"", ""11"", ""12""], ""raw"": ""10,11, 12""}]",限修,限法律系碩專班學士後法律組選修,https://course.nuk.edu.tw/QueryCourse/tcontent.asp?OpenYear=106&Helf=1&Sclass=LA&Cono=P041,2026-08-26T18:17:54+00:00
106-1-LA-P051-F-1-,106,1,法學院,LA,法律學系,P051,F,大學部二年制在職專班,1,,民法債編總論(一),3,必,31,7,,24,張鈺光,L02-306,,,"10,11, 12",,,,,"[{""day"": 3, ""dayName"": ""星期三"", ""periods"": [""10"", ""11"", ""12""], ""raw"": ""10,11, 12""}]",限修及外加,限法律系碩專班學士後法律組選修,https://course.nuk.edu.tw/QueryCourse/tcontent.asp?OpenYear=106&Helf=1&Sclass=LA&Cono=P051,2026-08-26T18:17:54+00:00
106-1-LA-Q02A-F-1-,106,1,法學院,LA,法律學系,Q02A,F,大學部二年制在職專班,1,,民法物權(一),2,必,60,38,,22,謝志鵬,L02-101,,"12,13",,,,,,"[{""day"": 2, ""dayName"": ""星期二"", ""periods"": [""12"", ""13""], ""raw"": ""12,13""}]",,與政法系二年制合班上課,https://course.nuk.edu.tw/QueryCourse/tcontent.asp?OpenYear=106&Helf=1&Sclass=LA&Cono=Q02A,2026-08-26T18:17:54+00:00
106-1-LA-Q04A-F-1-,106,1,法學院,LA,法律學系,Q04A,F,大學部二年制在職專班,1,,刑法分則(一),2,必,15,8,,7,吳俊毅,L02-301,,,,"12,13",,,,"[{""day"": 4, ""dayName"": ""星期四"", ""periods"": [""12"", ""13""], ""raw"": ""12,13""}]",限修,限法律系碩專班學士後法律組選修,https://course.nuk.edu.tw/QueryCourse/tcontent.asp?OpenYear=106&Helf=1&Sclass=LA&Cono=Q04A,2026-08-26T18:17:54+00:00
106-1-LA-R02A-F-1-,106,1,法學院,LA,法律學系,R02A,F,大學部二年制在職專班,1,,民事訴訟法(一),3,必,20,17,,3,賴志強,L02-202,"11,12, 13",,,,,,,"[{""day"": 1, ""dayName"": ""星期一"", ""periods"": [""11"", ""12"", ""13""], ""raw"": ""11,12, 13""}]",限修,限法律系碩專班學士後法律組選修,https://course.nuk.edu.tw/QueryCourse/tcontent.asp?OpenYear=106&Helf=1&Sclass=LA&Cono=R02A,2026-08-26T18:17:54+00:00
106-1-LA-R08A-F-1-,106,1,法學院,LA,法律學系,R08A,F,大學部二年制在職專班,1,,刑事訴訟法(一),3,必,17,14,,3,吳俊毅,L02-301,,,,,,"2,3, 4",,"[{""day"": 6, ""dayName"": ""星期六"", ""periods"": [""2"", ""3"", ""4""], ""raw"": ""2,3, 4""}]",限修及外加,限法律系碩專班學士後法律組選修,https://course.nuk.edu.tw/QueryCourse/tcontent.asp?OpenYear=106&Helf=1&Sclass=LA&Cono=R08A,2026-08-26T18:17:54+00:00
106-1-LA-Q02A-F-2-,106,1,法學院,LA,法律學系,Q02A,F,大學部二年制在職專班,2,,民法物權(一),2,必,60,38,,22,謝志鵬,L02-101,,"12,13",,,,,,"[{""day"": 2, ""dayName"": ""星期二"", ""periods"": [""12"", ""13""], ""raw"": ""12,13""}]",,與法律系碩專班學士後法律組合班上課,https://course.nuk.edu.tw/QueryCourse/tcontent.asp?OpenYear=106&Helf=1&Sclass=LA&Cono=Q02A,2026-08-26T18:17:54+00:00
106-1-LA-T041-L-1-,106,1,法學院,LA,法律學系,T041,L,碩士在職專班,1,,基礎法學(英文)(一),2,必,25,15,,10,呂麗慧,L02-101,,,,,,"3,4",,"[{""day"": 6, ""dayName"": ""星期六"", ""periods"": [""3"", ""4""], ""raw"": ""3,4""}]",,1.碩專班：德文/日文/英文三選一為必修2.全英語授課,https://course.nuk.edu.tw/QueryCourse/tcontent.asp?OpenYear=106&Helf=1&Sclass=LA&Cono=T041,2026-08-26T18:17:54+00:00
106-1-LA-T067-L-1-,106,1,法學院,LA,法律學系,T067,L,碩士在職專班,1,,基礎法學(日文)(一),2,必,30,20,,10,簡玉聰,L02-203,,,,,,"7,8",,"[{""day"": 6, ""dayName"": ""星期六"", ""periods"": [""7"", ""8""], ""raw"": ""7,8""}]",,碩專班：德文/日文/英文三選一為必修,https://course.nuk.edu.tw/QueryCourse/tcontent.asp?OpenYear=106&Helf=1&Sclass=LA&Cono=T067,2026-08-26T18:17:54+00:00
106-1-LA-T551-L-1-,106,1,法學院,LA,法律學系,T551,L,碩士在職專班,1,,經濟行政法專題研究(一),2,選,3,3,,0,紀振清,L02-301,,,,,,,"1,2, 3,4","[{""day"": 7, ""dayName"": ""星期日"", ""periods"": [""1"", ""2"", ""3"", ""4""], ""raw"": ""1,2, 3,4""}]",外加,1.由教師決定修習必要人選。2.隔週上課。3.公法組選修課程。,https://course.nuk.edu.tw/QueryCourse/tcontent.asp?OpenYear=106&Helf=1&Sclass=LA&Cono=T551,2026-08-26T18:17:54+00:00
106-1-LA-T684-L-1-,106,1,法學院,LA,法律學系,T684,L,碩士在職專班,1,,比較保險契約法專題研究(二),2,選,20,18,,2,林昭志,L02-307,,,"10,11",,,,,"[{""day"": 3, ""dayName"": ""星期三"", ""periods"": [""10"", ""11""], ""raw"": ""10,11""}]",,民商法組選修課程,https://course.nuk.edu.tw/QueryCourse/tcontent.asp?OpenYear=106&Helf=1&Sclass=LA&Cono=T684,2026-08-26T18:17:54+00:00
106-1-LA-T701-L-1-,106,1,法學院,LA,法律學系,T701,L,碩士在職專班,1,,比較刑法專題研究(一),2,選,11,11,,0,謝開平,L02-302,,,,"10,11",,,,"[{""day"": 4, ""dayName"": ""星期四"", ""periods"": [""10"", ""11""], ""raw"": ""10,11""}]",外加,刑法組選修課程,https://course.nuk.edu.tw/QueryCourse/tcontent.asp?OpenYear=106&Helf=1&Sclass=LA&Cono=T701,2026-08-26T18:17:54+00:00
106-1-LA-T759-L-1-,106,1,法學院,LA,法律學系,T759,L,碩士在職專班,1,,物權法專題研究(一),2,選,16,16,,0,謝志鵬,L02-302,,"10,11",,,,,,"[{""day"": 2, ""dayName"": ""星期二"", ""periods"": [""10"", ""11""], ""raw"": ""10,11""}]",,民商法組選修課程,https://course.nuk.edu.tw/QueryCourse/tcontent.asp?OpenYear=106&Helf=1&Sclass=LA&Cono=T759,2026-08-26T18:17:54+00:00
106-1-LA-T76A-L-1-,106,1,法學院,LA,法律學系,T76A,L,碩士在職專班,1,,不動產交易管理與法律專題研究(一),2,選,34,34,,0,張鈺光,L02-204,,"12,13",,,,,,"[{""day"": 2, ""dayName"": ""星期二"", ""periods"": [""12"", ""13""], ""raw"": ""12,13""}]",外加,民商法組選修課程,https://course.nuk.edu.tw/QueryCourse/tcontent.asp?OpenYear=106&Helf=1&Sclass=LA&Cono=T76A,2026-08-26T18:17:54+00:00
106-1-LA-T831-L-1-,106,1,法學院,LA,法律學系,T831,L,碩士在職專班,1,,警察法專題研究,2,選,20,20,,0,陳正根,L02-302,,,"10,11",,,,,"[{""day"": 3, ""dayName"": ""星期三"", ""periods"": [""10"", ""11""], ""raw"": ""10,11""}]",外加,公法組選修課程,https://course.nuk.edu.tw/QueryCourse/tcontent.asp?OpenYear=106&Helf=1&Sclass=LA&Cono=T831,2026-08-26T18:17:54+00:00
106-1-LA-T846-L-1-,106,1,法學院,LA,法律學系,T846,L,碩士在職專班,1,,德文文獻選讀(一),2,選,33,33,,0,陳正根,L02-302,,,"12,13",,,,,"[{""day"": 3, ""dayName"": ""星期三"", ""periods"": [""12"", ""13""], ""raw"": ""12,13""}]",外加,三組皆可選修,https://course.nuk.edu.tw/QueryCourse/tcontent.asp?OpenYear=106&Helf=1&Sclass=LA&Cono=T846,2026-08-26T18:17:54+00:00
106-1-LA-T853-L-1-,106,1,法學院,LA,法律學系,T853,L,碩士在職專班,1,,租稅法專題研究(二),2,選,20,9,,11,張永明,L02-302,"10,11",,,,,,,"[{""day"": 1, ""dayName"": ""星期一"", ""periods"": [""10"", ""11""], ""raw"": ""10,11""}]",,公法組選修課程,https://course.nuk.edu.tw/QueryCourse/tcontent.asp?OpenYear=106&Helf=1&Sclass=LA&Cono=T853,2026-08-26T18:17:54+00:00
106-1-LA-F032-M-1-,106,1,法學院,LA,法律學系,F032,M,碩士班,1,,基礎法學(德文)(一),2,必,21,21,,0,陳正根,L02-302,,,,"3,4",,,,"[{""day"": 4, ""dayName"": ""星期四"", ""periods"": [""3"", ""4""], ""raw"": ""3,4""}]",外加,碩士班：德/日/法三選一為必修,https://course.nuk.edu.tw/QueryCourse/tcontent.asp?OpenYear=106&Helf=1&Sclass=LA&Cono=F032,2026-08-26T18:17:54+00:00
106-1-LA-F046-M-1-,106,1,法學院,LA,法律學系,F046,M,碩士班,1,,基礎法學(日文)(一),2,必,20,4,,16,林柏舟,L02-301,,,"1,2",,,,,"[{""day"": 3, ""dayName"": ""星期三"", ""periods"": [""1"", ""2""], ""raw"": ""1,2""}]",,碩士班：德/日/法三選一為必修,https://course.nuk.edu.tw/QueryCourse/tcontent.asp?OpenYear=106&Helf=1&Sclass=LA&Cono=F046,2026-08-26T18:17:54+00:00
106-1-LA-F500-M-1-,106,1,法學院,LA,法律學系,F500,M,碩士班,1,,教學實務演練(法律學系),0,選,13,13,,0,紀振清,,,X,,,,,,"[{""day"": 2, ""dayName"": ""星期二"", ""periods"": [""X""], ""raw"": ""X""}]",外加,指定加簽，申請擔任學習型兼任教學助理之學生必須修習本課程。,https://course.nuk.edu.tw/QueryCourse/tcontent.asp?OpenYear=106&Helf=1&Sclass=LA&Cono=F500,2026-08-26T18:17:54+00:00
106-1-LA-F522-M-1-,106,1,法學院,LA,法律學系,F522,M,碩士班,1,,最高法院刑事判決研究(刑法)(一),2,選,15,14,,1,陳子平,L02-301,,,"3,4",,,,,"[{""day"": 3, ""dayName"": ""星期三"", ""periods"": [""3"", ""4""], ""raw"": ""3,4""}]",限修,1.刑法組選修課程。2. 限三系碩士班選修。,https://course.nuk.edu.tw/QueryCourse/tcontent.asp?OpenYear=106&Helf=1&Sclass=LA&Cono=F522,2026-08-26T18:17:54+00:00
106-1-LA-F53A-M-1-,106,1,法學院,LA,法律學系,F53A,M,碩士班,1,,最高法院民事判決專題研究(一),2,選,30,28,,2,張鈺光,L02-307,,,"7,8",,,,,"[{""day"": 3, ""dayName"": ""星期三"", ""periods"": [""7"", ""8""], ""raw"": ""7,8""}]",,民商法組選修課程,https://course.nuk.edu.tw/QueryCourse/tcontent.asp?OpenYear=106&Helf=1&Sclass=LA&Cono=F53A,2026-08-26T18:17:54+00:00
106-1-LA-F540-M-1-,106,1,法學院,LA,法律學系,F540,M,碩士班,1,,人性尊嚴與基本人權之研究,2,選,21,21,,0,陳正根,L02-307,,,,"5,6",,,,"[{""day"": 4, ""dayName"": ""星期四"", ""periods"": [""5"", ""6""], ""raw"": ""5,6""}]",外加,公法組選修課程,https://course.nuk.edu.tw/QueryCourse/tcontent.asp?OpenYear=106&Helf=1&Sclass=LA&Cono=F540,2026-08-26T18:17:54+00:00
106-1-LA-F64B-M-1-,106,1,法學院,LA,法律學系,F64B,M,碩士班,1,,國際私法專題研究(二),2,選,15,4,,11,謝志鵬,L02-301,,,,"5,6",,,,"[{""day"": 4, ""dayName"": ""星期四"", ""periods"": [""5"", ""6""], ""raw"": ""5,6""}]",,民商法組選修課程,https://course.nuk.edu.tw/QueryCourse/tcontent.asp?OpenYear=106&Helf=1&Sclass=LA&Cono=F64B,2026-08-26T18:17:54+00:00
106-1-LA-F672-M-1-,106,1,法學院,LA,法律學系,F672,M,碩士班,1,,刑法專題研究(四),2,選,15,4,,11,陳子平,L02-301,,,"7,8",,,,,"[{""day"": 3, ""dayName"": ""星期三"", ""periods"": [""7"", ""8""], ""raw"": ""7,8""}]",限修,1.刑法組選修課程。2.限三系碩士班選修。,https://course.nuk.edu.tw/QueryCourse/tcontent.asp?OpenYear=106&Helf=1&Sclass=LA&Cono=F672,2026-08-26T18:17:54+00:00
106-1-LA-F851-M-1-,106,1,法學院,LA,法律學系,F851,M,碩士班,1,,法理學專題研究(三),2,選,20,5,,15,賴志強,L02-301,,,,"3,4",,,,"[{""day"": 4, ""dayName"": ""星期四"", ""periods"": [""3"", ""4""], ""raw"": ""3,4""}]",,三組皆可選修,https://course.nuk.edu.tw/QueryCourse/tcontent.asp?OpenYear=106&Helf=1&Sclass=LA&Cono=F851,2026-08-26T18:17:54+00:00
106-1-LA-F99C-M-1-,106,1,法學院,LA,法律學系,F99C,M,碩士班,1,,比較刑事訴訟法專題研究(二)跨國刑法,2,選,10,8,,2,吳俊毅,L02-301,,,,,"6,7",,,"[{""day"": 5, ""dayName"": ""星期五"", ""periods"": [""6"", ""7""], ""raw"": ""6,7""}]",,刑法組選修課程,https://course.nuk.edu.tw/QueryCourse/tcontent.asp?OpenYear=106&Helf=1&Sclass=LA&Cono=F99C,2026-08-26T18:17:54+00:00
106-1-LAD-K503-D-1-,106,1,法學院,LAD,法學院博士班,K503,D,博士班,1,,英文法學文獻導讀與研究(二),2,選,20,19,,1,林昭志,L02-307,,,,"10,11",,,,"[{""day"": 4, ""dayName"": ""星期四"", ""periods"": [""10"", ""11""], ""raw"": ""10,11""}]",,1.三組皆可選修課程。2.全英語授課。3.博碩合班,https://course.nuk.edu.tw/QueryCourse/tcontent.asp?OpenYear=106&Helf=1&Sclass=LAD&Cono=K503,2026-08-26T18:17:54+00:00
106-1-LAD-K50E-D-1-,106,1,法學院,LAD,法學院博士班,K50E,D,博士班,1,,法學專業日文（三）,2,選,20,9,,11,簡玉聰,L02-203,,,,,,"3,4",,"[{""day"": 6, ""dayName"": ""星期六"", ""periods"": [""3"", ""4""], ""raw"": ""3,4""}]",,博碩合開,https://course.nuk.edu.tw/QueryCourse/tcontent.asp?OpenYear=106&Helf=1&Sclass=LAD&Cono=K50E,2026-08-26T18:17:54+00:00
106-1-LAD-K531-D-1-,106,1,法學院,LAD,法學院博士班,K531,D,博士班,1,,公司治理研究(一~五),2,選,20,2,,18,黃清溪,L02-305,,,,"5,6",,,,"[{""day"": 4, ""dayName"": ""星期四"", ""periods"": [""5"", ""6""], ""raw"": ""5,6""}]",,,https://course.nuk.edu.tw/QueryCourse/tcontent.asp?OpenYear=106&Helf=1&Sclass=LAD&Cono=K531,2026-08-26T18:17:54+00:00
106-1-LAD-K532-D-1-,106,1,法學院,LAD,法學院博士班,K532,D,博士班,1,,公司法基礎理論之比較研究（一~五）,2,選,20,2,,18,黃清溪,L02-305,,,,"7,8",,,,"[{""day"": 4, ""dayName"": ""星期四"", ""periods"": [""7"", ""8""], ""raw"": ""7,8""}]",,,https://course.nuk.edu.tw/QueryCourse/tcontent.asp?OpenYear=106&Helf=1&Sclass=LAD&Cono=K532,2026-08-26T18:17:54+00:00
106-1-LAD-K571-D-1-,106,1,法學院,LAD,法學院博士班,K571,D,博士班,1,,法律資訊學專題研究（一~四）,2,選,20,6,,14,紀振清,L02-301,,,"12,13",,,,,"[{""day"": 3, ""dayName"": ""星期三"", ""periods"": [""12"", ""13""], ""raw"": ""12,13""}]",,博碩合開,https://course.nuk.edu.tw/QueryCourse/tcontent.asp?OpenYear=106&Helf=1&Sclass=LAD&Cono=K571,2026-08-26T18:17:54+00:00
106-1-LAD-K572-D-1-,106,1,法學院,LAD,法學院博士班,K572,D,博士班,1,,政府採購法專題研究(一~四),2,選,20,14,,6,紀振清,L02-301,,,"10,11",,,,,"[{""day"": 3, ""dayName"": ""星期三"", ""periods"": [""10"", ""11""], ""raw"": ""10,11""}]",,博碩合開,https://course.nuk.edu.tw/QueryCourse/tcontent.asp?OpenYear=106&Helf=1&Sclass=LAD&Cono=K572,2026-08-26T18:17:54+00:00
106-1-LAD-K602-D-1-,106,1,法學院,LAD,法學院博士班,K602,D,博士班,1,,國際經濟法專題研究：跨國證券投資與募集發行之法律問題,2,選,21,9,,12,王仁宏,L02-306,,,,"3,4",,,,"[{""day"": 4, ""dayName"": ""星期四"", ""periods"": [""3"", ""4""], ""raw"": ""3,4""}]",,博碩合開,https://course.nuk.edu.tw/QueryCourse/tcontent.asp?OpenYear=106&Helf=1&Sclass=LAD&Cono=K602,2026-08-26T18:17:54+00:00
106-1-LAD-K61C-D-1-,106,1,法學院,LAD,法學院博士班,K61C,D,博士班,1,,比較刑法專題研究（三）,2,選,21,5,,16,張麗卿,L02-305,,,"7,8",,,,,"[{""day"": 3, ""dayName"": ""星期三"", ""periods"": [""7"", ""8""], ""raw"": ""7,8""}]",,本課程開放碩士生選課,https://course.nuk.edu.tw/QueryCourse/tcontent.asp?OpenYear=106&Helf=1&Sclass=LAD&Cono=K61C,2026-08-26T18:17:54+00:00
106-1-LAD-K685-D-1-,106,1,法學院,LAD,法學院博士班,K685,D,博士班,1,,高階法政策學專題爭議問題研究(一~五),2,選,20,3,,17,廖義銘,L02-305,,,,,,,"3,4","[{""day"": 7, ""dayName"": ""星期日"", ""periods"": [""3"", ""4""], ""raw"": ""3,4""}]",,博碩合班,https://course.nuk.edu.tw/QueryCourse/tcontent.asp?OpenYear=106&Helf=1&Sclass=LAD&Cono=K685,2026-08-26T18:17:54+00:00
106-1-LAD-K69B-D-1-,106,1,法學院,LAD,法學院博士班,K69B,D,博士班,1,,商事法專題研究（二）,2,選,21,17,,4,黃清溪,L02-305,,,,,,"5,6, 7,8",,"[{""day"": 6, ""dayName"": ""星期六"", ""periods"": [""5"", ""6"", ""7"", ""8""], ""raw"": ""5,6, 7,8""}]",外加,博碩合開，隔週上課,https://course.nuk.edu.tw/QueryCourse/tcontent.asp?OpenYear=106&Helf=1&Sclass=LAD&Cono=K69B,2026-08-26T18:17:54+00:00
106-1-LAD-K70A-D-1-,106,1,法學院,LAD,法學院博士班,K70A,D,博士班,1,,高階刑法專題研究(一）,2,選,1,1,,0,吳俊毅,L02-627-1,,,,,,"5,6",,"[{""day"": 6, ""dayName"": ""星期六"", ""periods"": [""5"", ""6""], ""raw"": ""5,6""}]",外加,要上本課程的學生，需找吳俊毅老師加簽,https://course.nuk.edu.tw/QueryCourse/tcontent.asp?OpenYear=106&Helf=1&Sclass=LAD&Cono=K70A,2026-08-26T18:17:54+00:00
106-1-LAD-K71A-D-1-,106,1,法學院,LAD,法學院博士班,K71A,D,博士班,1,,高階刑事訴訟法專題研究(一）,2,選,1,1,,0,吳俊毅,L02-627-1,,,,,,"7,8",,"[{""day"": 6, ""dayName"": ""星期六"", ""periods"": [""7"", ""8""], ""raw"": ""7,8""}]",外加,要上本課程的學生，需找吳俊毅老師加簽,https://course.nuk.edu.tw/QueryCourse/tcontent.asp?OpenYear=106&Helf=1&Sclass=LAD&Cono=K71A,2026-08-26T18:17:54+00:00
106-1-LAD-K503-L-1-,106,1,法學院,LAD,法學院博士班,K503,L,碩士在職專班,1,,英文法學文獻導讀與研究(二),2,選,20,19,,1,林昭志,L02-307,,,,"10,11",,,,"[{""day"": 4, ""dayName"": ""星期四"", ""periods"": [""10"", ""11""], ""raw"": ""10,11""}]",,1.三組皆可選修課程。2.全英語授課。3.博碩合班,https://course.nuk.edu.tw/QueryCourse/tcontent.asp?OpenYear=106&Helf=1&Sclass=LAD&Cono=K503,2026-08-26T18:17:54+00:00
106-1-LAD-K571-L-1-,106,1,法學院,LAD,法學院博士班,K571,L,碩士在職專班,1,,法律資訊學專題研究（一~四）,2,選,20,6,,14,紀振清,L02-301,,,"12,13",,,,,"[{""day"": 3, ""dayName"": ""星期三"", ""periods"": [""12"", ""13""], ""raw"": ""12,13""}]",,1.公法組選修課程 2.開放三系碩士(專)班選修,https://course.nuk.edu.tw/QueryCourse/tcontent.asp?OpenYear=106&Helf=1&Sclass=LAD&Cono=K571,2026-08-26T18:17:54+00:00
106-1-LAD-K572-L-1-,106,1,法學院,LAD,法學院博士班,K572,L,碩士在職專班,1,,政府採購法專題研究(一~四),2,選,20,14,,6,紀振清,L02-301,,,"10,11",,,,,"[{""day"": 3, ""dayName"": ""星期三"", ""periods"": [""10"", ""11""], ""raw"": ""10,11""}]",外加,1.公法組選修課程 2.開放三系碩士(專)班選修,https://course.nuk.edu.tw/QueryCourse/tcontent.asp?OpenYear=106&Helf=1&Sclass=LAD&Cono=K572,2026-08-26T18:17:54+00:00
106-1-LAD-K69B-L-1-,106,1,法學院,LAD,法學院博士班,K69B,L,碩士在職專班,1,,商事法專題研究（二）,2,選,21,17,,4,黃清溪,L02-305,,,,,,"5,6, 7,8",,"[{""day"": 6, ""dayName"": ""星期六"", ""periods"": [""5"", ""6"", ""7"", ""8""], ""raw"": ""5,6, 7,8""}]",外加,"1. 與財法系合班上課。2. 民商法組選修課程。3. 黃清溪教授係旅居日本之日本拓植大學之教授,每月自日本返台授課,每次停留一至二週,故上課時間集中於黃老師返台期間週六下午四小時。欲修習本課程之同學,請斟酌其他課程之排課時間避免衝堂情形,實際上課時間將於開學後公告於系網頁,請選課同學留意.",https://course.nuk.edu.tw/QueryCourse/tcontent.asp?OpenYear=106&Helf=1&Sclass=LAD&Cono=K69B,2026-08-26T18:17:54+00:00
106-1-LAD-K602-M-1-,106,1,法學院,LAD,法學院博士班,K602,M,碩士班,1,,國際經濟法專題研究：跨國證券投資與募集發行之法律問題,2,選,21,9,,12,王仁宏,L02-306,,,,"3,4",,,,"[{""day"": 4, ""dayName"": ""星期四"", ""periods"": [""3"", ""4""], ""raw"": ""3,4""}]",,碩博合開。開放其他相關系所。限碩士班以上。,https://course.nuk.edu.tw/QueryCourse/tcontent.asp?OpenYear=106&Helf=1&Sclass=LAD&Cono=K602,2026-08-26T18:17:54+00:00
106-1-LAD-K69B-M-1-,106,1,法學院,LAD,法學院博士班,K69B,M,碩士班,1,,商事法專題研究（二）,2,選,21,17,,4,黃清溪,L02-305,,,,,,"5,6, 7,8",,"[{""day"": 6, ""dayName"": ""星期六"", ""periods"": [""5"", ""6"", ""7"", ""8""], ""raw"": ""5,6, 7,8""}]",,與法律系合班上課。,https://course.nuk.edu.tw/QueryCourse/tcontent.asp?OpenYear=106&Helf=1&Sclass=LAD&Cono=K69B,2026-08-26T18:17:54+00:00
106-1-LAD-K685-M-2-,106,1,法學院,LAD,法學院博士班,K685,M,碩士班,2,,高階法政策學專題爭議問題研究(一~五),2,選,20,3,,17,廖義銘,L02-305,,,,,,,"3,4","[{""day"": 7, ""dayName"": ""星期日"", ""periods"": [""3"", ""4""], ""raw"": ""3,4""}]",,博碩合班,https://course.nuk.edu.tw/QueryCourse/tcontent.asp?OpenYear=106&Helf=1&Sclass=LAD&Cono=K685,2026-08-26T18:17:54+00:00
106-1-AC-A01A-A-1-A,106,1,理學院,AC,應用化學系,A01A,A,大學部,1,A,普通化學(一),3,必,70,48,,22,蘇楷立,C02-111,,"5,6, 7",,,,,,"[{""day"": 2, ""dayName"": ""星期二"", ""periods"": [""5"", ""6"", ""7""], ""raw"": ""5,6, 7""}]",,,https://course.nuk.edu.tw/QueryCourse/tcontent.asp?OpenYear=106&Helf=1&Sclass=AC&Cono=A01A,2026-08-26T18:17:54+00:00
106-1-AC-A021-A-1-A,106,1,理學院,AC,應用化學系,A021,A,大學部,1,A,普通化學實驗(一),1,必,39,39,,0,莊琇惠,C02-203,"2,3, 4",,,,,,,"[{""day"": 1, ""dayName"": ""星期一"", ""periods"": [""2"", ""3"", ""4""], ""raw"": ""2,3, 4""}]",限修,普化實驗室上課,https://course.nuk.edu.tw/QueryCourse/tcontent.asp?OpenYear=106&Helf=1&Sclass=AC&Cono=A021,2026-08-26T18:17:54+00:00
106-1-AC-A04A-A-1-A,106,1,理學院,AC,應用化學系,A04A,A,大學部,1,A,普通物理(一),3,必,60,41,,19,馮世維,C02-103,,"2,3, 4",,,,,,"[{""day"": 2, ""dayName"": ""星期二"", ""periods"": [""2"", ""3"", ""4""], ""raw"": ""2,3, 4""}]",,,https://course.nuk.edu.tw/QueryCourse/tcontent.asp?OpenYear=106&Helf=1&Sclass=AC&Cono=A04A,2026-08-26T18:17:54+00:00
106-1-AC-A05A-A-1-A,106,1,理學院,AC,應用化學系,A05A,A,大學部,1,A,普通物理實驗(一),1,必,60,44,,16,韓岱君,C02-3004,,,,"5,6, 7",,,,"[{""day"": 4, ""dayName"": ""星期四"", ""periods"": [""5"", ""6"", ""7""], ""raw"": ""5,6, 7""}]",,物理實驗室上課,https://course.nuk.edu.tw/QueryCourse/tcontent.asp?OpenYear=106&Helf=1&Sclass=AC&Cono=A05A,2026-08-26T18:17:54+00:00
106-1-AC-A06A-A-1-A,106,1,理學院,AC,應用化學系,A06A,A,大學部,1,A,微積分(一),3,必,70,46,,24,陳晴玉,C02-406,,,"2,3, 4",,,,,"[{""day"": 3, ""dayName"": ""星期三"", ""periods"": [""2"", ""3"", ""4""], ""raw"": ""2,3, 4""}]",,,https://course.nuk.edu.tw/QueryCourse/tcontent.asp?OpenYear=106&Helf=1&Sclass=AC&Cono=A06A,2026-08-26T18:17:54+00:00
106-1-AC-A071-A-1-A,106,1,理學院,AC,應用化學系,A071,A,大學部,1,A,計算機概論,3,必,70,45,,25,洪德城,L01-107 其他教室,,,,,"2,3, 4",,,"[{""day"": 5, ""dayName"": ""星期五"", ""periods"": [""2"", ""3"", ""4""], ""raw"": ""2,3, 4""}]",,,https://course.nuk.edu.tw/QueryCourse/tcontent.asp?OpenYear=106&Helf=1&Sclass=AC&Cono=A071,2026-08-26T18:17:54+00:00
106-1-AC-B01A-A-2-A,106,1,理學院,AC,應用化學系,B01A,A,大學部,2,A,有機化學(一),4,必,80,72,,8,郭文章,C02-406,"1,2, 3,4",,,,,,,"[{""day"": 1, ""dayName"": ""星期一"", ""periods"": [""1"", ""2"", ""3"", ""4""], ""raw"": ""1,2, 3,4""}]",,,https://course.nuk.edu.tw/QueryCourse/tcontent.asp?OpenYear=106&Helf=1&Sclass=AC&Cono=B01A,2026-08-26T18:17:54+00:00
106-1-AC-B041-A-2-A,106,1,理學院,AC,應用化學系,B041,A,大學部,2,A,有機化學實驗(一)A,1,必,30,30,,0,黃榮宗,C02-203,,,,"5,6, 7",,,,"[{""day"": 4, ""dayName"": ""星期四"", ""periods"": [""5"", ""6"", ""7""], ""raw"": ""5,6, 7""}]",外加,大二單號修課,https://course.nuk.edu.tw/QueryCourse/tcontent.asp?OpenYear=106&Helf=1&Sclass=AC&Cono=B041,2026-08-26T18:17:54+00:00
106-1-AC-B042-A-2-A,106,1,理學院,AC,應用化學系,B042,A,大學部,2,A,有機化學實驗(一)B,1,必,28,27,,1,周志明,C02-203,,,,,"5,6, 7",,,"[{""day"": 5, ""dayName"": ""星期五"", ""periods"": [""5"", ""6"", ""7""], ""raw"": ""5,6, 7""}]",,大二雙號修課,https://course.nuk.edu.tw/QueryCourse/tcontent.asp?OpenYear=106&Helf=1&Sclass=AC&Cono=B042,2026-08-26T18:17:54+00:00
106-1-AC-B062-A-2-A,106,1,理學院,AC,應用化學系,B062,A,大學部,2,A,儀器分析(一),3,必,90,88,,2,劉福鯤,C02-105,,,"2,3, 4",,,,,"[{""day"": 3, ""dayName"": ""星期三"", ""periods"": [""2"", ""3"", ""4""], ""raw"": ""2,3, 4""}]",,,https://course.nuk.edu.tw/QueryCourse/tcontent.asp?OpenYear=106&Helf=1&Sclass=AC&Cono=B062,2026-08-26T18:17:54+00:00
106-1-AC-B12A-A-2-A,106,1,理學院,AC,應用化學系,B12A,A,大學部,2,A,分析化學實驗,1,必,53,53,,0,何永皓,C02-203,,,,"2,3, 4",,,,"[{""day"": 4, ""dayName"": ""星期四"", ""periods"": [""2"", ""3"", ""4""], ""raw"": ""2,3, 4""}]",限修,,https://course.nuk.edu.tw/QueryCourse/tcontent.asp?OpenYear=106&Helf=1&Sclass=AC&Cono=B12A,2026-08-26T18:17:54+00:00
106-1-AC-B141-A-2-A,106,1,理學院,AC,應用化學系,B141,A,大學部,2,A,應用化學概論,3,必,70,56,,14,陳振興 鄭秀英 莊曜遠,C02-102,,"2,3, 4",,,,,,"[{""day"": 2, ""dayName"": ""星期二"", ""periods"": [""2"", ""3"", ""4""], ""raw"": ""2,3, 4""}]",,,https://course.nuk.edu.tw/QueryCourse/tcontent.asp?OpenYear=106&Helf=1&Sclass=AC&Cono=B141,2026-08-26T18:17:54+00:00
106-1-AC-C02B-A-3-A,106,1,理學院,AC,應用化學系,C02B,A,大學部,3,A,物理化學(二),3,必,70,48,,22,莊曜遠,C02-101,,,,,"2,3, 4",,,"[{""day"": 5, ""dayName"": ""星期五"", ""periods"": [""2"", ""3"", ""4""], ""raw"": ""2,3, 4""}]",,,https://course.nuk.edu.tw/QueryCourse/tcontent.asp?OpenYear=106&Helf=1&Sclass=AC&Cono=C02B,2026-08-26T18:17:54+00:00
106-1-AC-C031-A-3-A,106,1,理學院,AC,應用化學系,C031,A,大學部,3,A,物理化學實驗,1,必,60,45,,15,鄭秀英,C02-204,"5,6, 7",,,,,,,"[{""day"": 1, ""dayName"": ""星期一"", ""periods"": [""5"", ""6"", ""7""], ""raw"": ""5,6, 7""}]",,,https://course.nuk.edu.tw/QueryCourse/tcontent.asp?OpenYear=106&Helf=1&Sclass=AC&Cono=C031,2026-08-26T18:17:54+00:00
106-1-AC-C04A-A-3-A,106,1,理學院,AC,應用化學系,C04A,A,大學部,3,A,無機化學(一),3,必,80,54,,26,李頂瑜,C02-105,,"2,3, 4",,,,,,"[{""day"": 2, ""dayName"": ""星期二"", ""periods"": [""2"", ""3"", ""4""], ""raw"": ""2,3, 4""}]",,"修課人數大約80人,請排105大教室",https://course.nuk.edu.tw/QueryCourse/tcontent.asp?OpenYear=106&Helf=1&Sclass=AC&Cono=C04A,2026-08-26T18:17:54+00:00
106-1-AC-C541-A-3-A,106,1,理學院,AC,應用化學系,C541,A,大學部,3,A,生物化學,3,選,60,39,,21,葛孟杰,C02-105,,,,"2,3, 4",,,,"[{""day"": 4, ""dayName"": ""星期四"", ""periods"": [""2"", ""3"", ""4""], ""raw"": ""2,3, 4""}]",,,https://course.nuk.edu.tw/QueryCourse/tcontent.asp?OpenYear=106&Helf=1&Sclass=AC&Cono=C541,2026-08-26T18:17:54+00:00
106-1-AC-C592-A-4-A,106,1,理學院,AC,應用化學系,C592,A,大學部,4,A,專題研究(一),3,選,60,14,,46,劉福鯤,C02-102,,,"10,11, 12",,,,,"[{""day"": 3, ""dayName"": ""星期三"", ""periods"": [""10"", ""11"", ""12""], ""raw"": ""10,11, 12""}]",,,https://course.nuk.edu.tw/QueryCourse/tcontent.asp?OpenYear=106&Helf=1&Sclass=AC&Cono=C592,2026-08-26T18:17:54+00:00
106-1-AC-C661-A-4-A,106,1,理學院,AC,應用化學系,C661,A,大學部,4,A,有機化學特論,3,選,60,21,,39,黃榮宗,C02-106,"2,3, 4",,,,,,,"[{""day"": 1, ""dayName"": ""星期一"", ""periods"": [""2"", ""3"", ""4""], ""raw"": ""2,3, 4""}]",限修,"需大黑板,請排106教室",https://course.nuk.edu.tw/QueryCourse/tcontent.asp?OpenYear=106&Helf=1&Sclass=AC&Cono=C661,2026-08-26T18:17:54+00:00
106-1-AC-D031-A-4-A,106,1,理學院,AC,應用化學系,D031,A,大學部,4,A,書報討論(二)A,1,必,28,21,,7,鄭秀英,C02-106,,,,"6,7",,,,"[{""day"": 4, ""dayName"": ""星期四"", ""periods"": [""6"", ""7""], ""raw"": ""6,7""}]",,大四單號必修課,https://course.nuk.edu.tw/QueryCourse/tcontent.asp?OpenYear=106&Helf=1&Sclass=AC&Cono=D031,2026-08-26T18:17:54+00:00
106-1-AC-D032-A-4-A,106,1,理學院,AC,應用化學系,D032,A,大學部,4,A,書報討論(二)B,1,必,28,20,,8,周志明,C02-211,,,,"6,7",,,,"[{""day"": 4, ""dayName"": ""星期四"", ""periods"": [""6"", ""7""], ""raw"": ""6,7""}]",,大四雙號必修課,https://course.nuk.edu.tw/QueryCourse/tcontent.asp?OpenYear=106&Helf=1&Sclass=AC&Cono=D032,2026-08-26T18:17:54+00:00
106-1-AC-F501-A-4-A,106,1,理學院,AC,應用化學系,F501,A,大學部,4,A,有機光電材料,3,選,60,3,,57,郭文章,C02-211,,,"2,3, 4",,,,,"[{""day"": 3, ""dayName"": ""星期三"", ""periods"": [""2"", ""3"", ""4""], ""raw"": ""2,3, 4""}]",,與碩班合開/隸屬先進材料製備學程,https://course.nuk.edu.tw/QueryCourse/tcontent.asp?OpenYear=106&Helf=1&Sclass=AC&Cono=F501,2026-08-26T18:17:54+00:00
106-1-AC-F502-A-4-A,106,1,理學院,AC,應用化學系,F502,A,大學部,4,A,有機金屬材料,3,選,60,25,,35,李頂瑜,C02-104,,,,"2,3, 4",,,,"[{""day"": 4, ""dayName"": ""星期四"", ""periods"": [""2"", ""3"", ""4""], ""raw"": ""2,3, 4""}]",,與碩班合開/隸屬先進材料製備學程,https://course.nuk.edu.tw/QueryCourse/tcontent.asp?OpenYear=106&Helf=1&Sclass=AC&Cono=F502,2026-08-26T18:17:54+00:00
106-1-AC-F532-A-4-A,106,1,理學院,AC,應用化學系,F532,A,大學部,4,A,高等有機合成,3,選,60,6,,54,黃榮宗,C02-106,,,"2,3, 4",,,,,"[{""day"": 3, ""dayName"": ""星期三"", ""periods"": [""2"", ""3"", ""4""], ""raw"": ""2,3, 4""}]",,與碩班合開/請排理學院106教室,https://course.nuk.edu.tw/QueryCourse/tcontent.asp?OpenYear=106&Helf=1&Sclass=AC&Cono=F532,2026-08-26T18:17:54+00:00
106-1-AC-F621-A-4-A,106,1,理學院,AC,應用化學系,F621,A,大學部,4,A,材料分析,3,選,28,28,,0,莊琇惠,C02-105,"5,6, 7",,,,,,,"[{""day"": 1, ""dayName"": ""星期一"", ""periods"": [""5"", ""6"", ""7""], ""raw"": ""5,6, 7""}]",限修,與碩班合開/隸屬材料分析學程及半導體光電製程學程，限大三以上修課。,https://course.nuk.edu.tw/QueryCourse/tcontent.asp?OpenYear=106&Helf=1&Sclass=AC&Cono=F621,2026-08-26T18:17:54+00:00
106-1-AC-F682-A-4-A,106,1,理學院,AC,應用化學系,F682,A,大學部,4,A,分離技術,3,選,16,16,,0,劉福鯤,C02-106,,"5,6, 7",,,,,,"[{""day"": 2, ""dayName"": ""星期二"", ""periods"": [""5"", ""6"", ""7""], ""raw"": ""5,6, 7""}]",外加 學程,與碩班合開/隸屬材料分析學程,https://course.nuk.edu.tw/QueryCourse/tcontent.asp?OpenYear=106&Helf=1&Sclass=AC&Cono=F682,2026-08-26T18:17:54+00:00
106-1-AC-F711-A-4-A,106,1,理學院,AC,應用化學系,F711,A,大學部,4,A,半導體製程概論,3,選,60,37,,23,鄭秀英,C02-102,,,,"10,11, 12",,,,"[{""day"": 4, ""dayName"": ""星期四"", ""periods"": [""10"", ""11"", ""12""], ""raw"": ""10,11, 12""}]",學程,與碩班合開/隸屬半導體光電製程學程,https://course.nuk.edu.tw/QueryCourse/tcontent.asp?OpenYear=106&Helf=1&Sclass=AC&Cono=F711,2026-08-26T18:17:54+00:00
106-1-AC-F721-A-4-A,106,1,理學院,AC,應用化學系,F721,A,大學部,4,A,表面處理技術,3,選,40,18,,22,陳振興,C02-211,"5,6, 7",,,,,,,"[{""day"": 1, ""dayName"": ""星期一"", ""periods"": [""5"", ""6"", ""7""], ""raw"": ""5,6, 7""}]",,與碩班合開/隸屬先進材料製備學程,https://course.nuk.edu.tw/QueryCourse/tcontent.asp?OpenYear=106&Helf=1&Sclass=AC&Cono=F721,2026-08-26T18:17:54+00:00
106-1-AC-F752-A-4-A,106,1,理學院,AC,應用化學系,F752,A,大學部,4,A,食品暨藥物檢驗,3,選,14,10,,4,何永皓,C02-209,,"2,3, 4",,,,,,"[{""day"": 2, ""dayName"": ""星期二"", ""periods"": [""2"", ""3"", ""4""], ""raw"": ""2,3, 4""}]",,與碩班合開/隸屬材料分析學程,https://course.nuk.edu.tw/QueryCourse/tcontent.asp?OpenYear=106&Helf=1&Sclass=AC&Cono=F752,2026-08-26T18:17:54+00:00
106-1-AC-F76A-A-4-A,106,1,理學院,AC,應用化學系,F76A,A,大學部,4,A,科學研究討論(一),3,選,60,6,,54,蘇楷立,C02-111,,"10,11, 12",,,,,,"[{""day"": 2, ""dayName"": ""星期二"", ""periods"": [""10"", ""11"", ""12""], ""raw"": ""10,11, 12""}]",,與碩班合開,https://course.nuk.edu.tw/QueryCourse/tcontent.asp?OpenYear=106&Helf=1&Sclass=AC&Cono=F76A,2026-08-26T18:17:54+00:00
106-1-AC-F781-A-4-A,106,1,理學院,AC,應用化學系,F781,A,大學部,4,A,發光二極體技術概論,1,選,70,17,,53,鄭秀英,C02-104,10,,,,,,,"[{""day"": 1, ""dayName"": ""星期一"", ""periods"": [""10""], ""raw"": ""10""}]",學程,與碩班合開/隸屬半導體光電製程學程,https://course.nuk.edu.tw/QueryCourse/tcontent.asp?OpenYear=106&Helf=1&Sclass=AC&Cono=F781,2026-08-26T18:17:54+00:00
106-1-AC-F011-M-1-,106,1,理學院,AC,應用化學系,F011,M,碩士班,1,,書報討論(一),1,必,17,14,,3,蘇楷立,C02-209,,,,"6,7",,,,"[{""day"": 4, ""dayName"": ""星期四"", ""periods"": [""6"", ""7""], ""raw"": ""6,7""}]",,碩一必修,https://course.nuk.edu.tw/QueryCourse/tcontent.asp?OpenYear=106&Helf=1&Sclass=AC&Cono=F011,2026-08-26T18:17:54+00:00
106-1-AC-F021-M-1-,106,1,理學院,AC,應用化學系,F021,M,碩士班,1,,化學研究技術,2,必,17,14,,3,何永皓 莊曜遠,C02-106,,,"5,6, 7,8",,,,,"[{""day"": 3, ""dayName"": ""星期三"", ""periods"": [""5"", ""6"", ""7"", ""8""], ""raw"": ""5,6, 7,8""}]",,碩一必修,https://course.nuk.edu.tw/QueryCourse/tcontent.asp?OpenYear=106&Helf=1&Sclass=AC&Cono=F021,2026-08-26T18:17:54+00:00
106-1-AC-F500-M-1-,106,1,理學院,AC,應用化學系,F500,M,碩士班,1,,教學實務演練(應用化學系),0,選,20,20,,0,莊琇惠,,,X,,,,,,"[{""day"": 2, ""dayName"": ""星期二"", ""periods"": [""X""], ""raw"": ""X""}]",限修及外加,指定加簽，申請擔任學習型兼任教學助理之學生必須修習本課程。,https://course.nuk.edu.tw/QueryCourse/tcontent.asp?OpenYear=106&Helf=1&Sclass=AC&Cono=F500,2026-08-26T18:17:54+00:00
106-1-AC-F501-M-1-,106,1,理學院,AC,應用化學系,F501,M,碩士班,1,,有機光電材料,3,選,60,3,,57,郭文章,C02-211,,,"2,3, 4",,,,,"[{""day"": 3, ""dayName"": ""星期三"", ""periods"": [""2"", ""3"", ""4""], ""raw"": ""2,3, 4""}]",,與大四合開/隸屬先進材料製備學程,https://course.nuk.edu.tw/QueryCourse/tcontent.asp?OpenYear=106&Helf=1&Sclass=AC&Cono=F501,2026-08-26T18:17:54+00:00
106-1-AC-F502-M-1-,106,1,理學院,AC,應用化學系,F502,M,碩士班,1,,有機金屬材料,3,選,60,25,,35,李頂瑜,C02-104,,,,"2,3, 4",,,,"[{""day"": 4, ""dayName"": ""星期四"", ""periods"": [""2"", ""3"", ""4""], ""raw"": ""2,3, 4""}]",,與大四合開/隸屬先進材料製備學程,https://course.nuk.edu.tw/QueryCourse/tcontent.asp?OpenYear=106&Helf=1&Sclass=AC&Cono=F502,2026-08-26T18:17:54+00:00
106-1-AC-F532-M-1-,106,1,理學院,AC,應用化學系,F532,M,碩士班,1,,高等有機合成,3,選,60,6,,54,黃榮宗,C02-106,,,"2,3, 4",,,,,"[{""day"": 3, ""dayName"": ""星期三"", ""periods"": [""2"", ""3"", ""4""], ""raw"": ""2,3, 4""}]",,"與大四合開/需大黑板,請排106教室",https://course.nuk.edu.tw/QueryCourse/tcontent.asp?OpenYear=106&Helf=1&Sclass=AC&Cono=F532,2026-08-26T18:17:54+00:00
106-1-AC-F591-M-1-,106,1,理學院,AC,應用化學系,F591,M,碩士班,1,,化學研究(一)A,3,選,6,5,,1,莊琇惠 李頂瑜 黃榮宗,,,,"10,11, 12",,,,,"[{""day"": 3, ""dayName"": ""星期三"", ""periods"": [""10"", ""11"", ""12""], ""raw"": ""10,11, 12""}]",,碩一選修，各老師實驗室,https://course.nuk.edu.tw/QueryCourse/tcontent.asp?OpenYear=106&Helf=1&Sclass=AC&Cono=F591,2026-08-26T18:17:54+00:00
106-1-AC-F592-M-1-,106,1,理學院,AC,應用化學系,F592,M,碩士班,1,,化學研究(一)B,3,選,6,3,,3,陳振興 蘇楷立 鄭秀英,,,,"10,11, 12",,,,,"[{""day"": 3, ""dayName"": ""星期三"", ""periods"": [""10"", ""11"", ""12""], ""raw"": ""10,11, 12""}]",,碩一選課，各老師實驗室,https://course.nuk.edu.tw/QueryCourse/tcontent.asp?OpenYear=106&Helf=1&Sclass=AC&Cono=F592,2026-08-26T18:17:54+00:00
106-1-AC-F593-M-1-,106,1,理學院,AC,應用化學系,F593,M,碩士班,1,,化學研究(一)C,3,選,6,3,,3,郭文章 何永皓,,,,"10,11, 12",,,,,"[{""day"": 3, ""dayName"": ""星期三"", ""periods"": [""10"", ""11"", ""12""], ""raw"": ""10,11, 12""}]",,碩一選修，各老師實驗室,https://course.nuk.edu.tw/QueryCourse/tcontent.asp?OpenYear=106&Helf=1&Sclass=AC&Cono=F593,2026-08-26T18:17:54+00:00
106-1-AC-F594-M-1-,106,1,理學院,AC,應用化學系,F594,M,碩士班,1,,化學研究(一)D,3,選,6,3,,3,莊曜遠 周志明,,,,"10,11, 12",,,,,"[{""day"": 3, ""dayName"": ""星期三"", ""periods"": [""10"", ""11"", ""12""], ""raw"": ""10,11, 12""}]",,碩一選課，各老師實驗室,https://course.nuk.edu.tw/QueryCourse/tcontent.asp?OpenYear=106&Helf=1&Sclass=AC&Cono=F594,2026-08-26T18:17:54+00:00
106-1-AC-F621-M-1-,106,1,理學院,AC,應用化學系,F621,M,碩士班,1,,材料分析,3,選,28,28,,0,莊琇惠,C02-105,"5,6, 7",,,,,,,"[{""day"": 1, ""dayName"": ""星期一"", ""periods"": [""5"", ""6"", ""7""], ""raw"": ""5,6, 7""}]",限修,與大四合開/限大三以上修課/隸屬材料分析學程與半導體光電製程學程,https://course.nuk.edu.tw/QueryCourse/tcontent.asp?OpenYear=106&Helf=1&Sclass=AC&Cono=F621,2026-08-26T18:17:54+00:00
106-1-AC-F682-M-1-,106,1,理學院,AC,應用化學系,F682,M,碩士班,1,,分離技術,3,選,16,16,,0,劉福鯤,C02-106,,"5,6, 7",,,,,,"[{""day"": 2, ""dayName"": ""星期二"", ""periods"": [""5"", ""6"", ""7""], ""raw"": ""5,6, 7""}]",限修及外加 學程,與大四合開/隸屬材料分析學程,https://course.nuk.edu.tw/QueryCourse/tcontent.asp?OpenYear=106&Helf=1&Sclass=AC&Cono=F682,2026-08-26T18:17:54+00:00
106-1-AC-F711-M-1-,106,1,理學院,AC,應用化學系,F711,M,碩士班,1,,半導體製程概論,3,選,60,37,,23,鄭秀英,C02-102,,,,"10,11, 12",,,,"[{""day"": 4, ""dayName"": ""星期四"", ""periods"": [""10"", ""11"", ""12""], ""raw"": ""10,11, 12""}]",學程,與大四合開/隸屬半導體光電製備學程,https://course.nuk.edu.tw/QueryCourse/tcontent.asp?OpenYear=106&Helf=1&Sclass=AC&Cono=F711,2026-08-26T18:17:54+00:00
106-1-AC-F721-M-1-,106,1,理學院,AC,應用化學系,F721,M,碩士班,1,,表面處理技術,3,選,40,18,,22,陳振興,C02-211,"5,6, 7",,,,,,,"[{""day"": 1, ""dayName"": ""星期一"", ""periods"": [""5"", ""6"", ""7""], ""raw"": ""5,6, 7""}]",,與大四合開/隸屬先進材料製備學程,https://course.nuk.edu.tw/QueryCourse/tcontent.asp?OpenYear=106&Helf=1&Sclass=AC&Cono=F721,2026-08-26T18:17:54+00:00
106-1-AC-F752-M-1-,106,1,理學院,AC,應用化學系,F752,M,碩士班,1,,食品暨藥物檢驗,3,選,14,10,,4,何永皓,C02-209,,"2,3, 4",,,,,,"[{""day"": 2, ""dayName"": ""星期二"", ""periods"": [""2"", ""3"", ""4""], ""raw"": ""2,3, 4""}]",,與大四合開/隸屬材料分析學程,https://course.nuk.edu.tw/QueryCourse/tcontent.asp?OpenYear=106&Helf=1&Sclass=AC&Cono=F752,2026-08-26T18:17:54+00:00
106-1-AC-F76A-M-1-,106,1,理學院,AC,應用化學系,F76A,M,碩士班,1,,科學研究討論(一),3,選,60,6,,54,蘇楷立,C02-111,,"10,11, 12",,,,,,"[{""day"": 2, ""dayName"": ""星期二"", ""periods"": [""10"", ""11"", ""12""], ""raw"": ""10,11, 12""}]",,與大四合開,https://course.nuk.edu.tw/QueryCourse/tcontent.asp?OpenYear=106&Helf=1&Sclass=AC&Cono=F76A,2026-08-26T18:17:54+00:00
106-1-AC-F781-M-1-,106,1,理學院,AC,應用化學系,F781,M,碩士班,1,,發光二極體技術概論,1,選,70,17,,53,鄭秀英,C02-104,10,,,,,,,"[{""day"": 1, ""dayName"": ""星期一"", ""periods"": [""10""], ""raw"": ""10""}]",學程,與大四合開/隸屬半導體光電製程學程,https://course.nuk.edu.tw/QueryCourse/tcontent.asp?OpenYear=106&Helf=1&Sclass=AC&Cono=F781,2026-08-26T18:17:54+00:00
106-1-AC-F502-M-2-,106,1,理學院,AC,應用化學系,F502,M,碩士班,2,,有機金屬材料,3,選,60,25,,35,李頂瑜,C02-104,,,,"2,3, 4",,,,"[{""day"": 4, ""dayName"": ""星期四"", ""periods"": [""2"", ""3"", ""4""], ""raw"": ""2,3, 4""}]",,與大四合開/隸屬先進材料製備學程,https://course.nuk.edu.tw/QueryCourse/tcontent.asp?OpenYear=106&Helf=1&Sclass=AC&Cono=F502,2026-08-26T18:17:54+00:00
106-1-AC-F532-M-2-,106,1,理學院,AC,應用化學系,F532,M,碩士班,2,,高等有機合成,3,選,60,6,,54,黃榮宗,C02-106,,,"2,3, 4",,,,,"[{""day"": 3, ""dayName"": ""星期三"", ""periods"": [""2"", ""3"", ""4""], ""raw"": ""2,3, 4""}]",,"與大四合開/需大黑板,請排106教室",https://course.nuk.edu.tw/QueryCourse/tcontent.asp?OpenYear=106&Helf=1&Sclass=AC&Cono=F532,2026-08-26T18:17:54+00:00
106-1-AC-F621-M-2-,106,1,理學院,AC,應用化學系,F621,M,碩士班,2,,材料分析,3,選,28,28,,0,莊琇惠,C02-105,"5,6, 7",,,,,,,"[{""day"": 1, ""dayName"": ""星期一"", ""periods"": [""5"", ""6"", ""7""], ""raw"": ""5,6, 7""}]",限修,限大三以上修課/隸屬材料分析學程及半導體光電製程學程，限大三以上修課。,https://course.nuk.edu.tw/QueryCourse/tcontent.asp?OpenYear=106&Helf=1&Sclass=AC&Cono=F621,2026-08-26T18:17:54+00:00
106-1-AC-F682-M-2-,106,1,理學院,AC,應用化學系,F682,M,碩士班,2,,分離技術,3,選,16,16,,0,劉福鯤,C02-106,,"5,6, 7",,,,,,"[{""day"": 2, ""dayName"": ""星期二"", ""periods"": [""5"", ""6"", ""7""], ""raw"": ""5,6, 7""}]",外加 學程,與大四合開/隸屬材料分析學程,https://course.nuk.edu.tw/QueryCourse/tcontent.asp?OpenYear=106&Helf=1&Sclass=AC&Cono=F682,2026-08-26T18:17:54+00:00
106-1-AC-F711-M-2-,106,1,理學院,AC,應用化學系,F711,M,碩士班,2,,半導體製程概論,3,選,60,37,,23,鄭秀英,C02-102,,,,"10,11, 12",,,,"[{""day"": 4, ""dayName"": ""星期四"", ""periods"": [""10"", ""11"", ""12""], ""raw"": ""10,11, 12""}]",學程,與大四合開/隸屬半導體光電製程學程,https://course.nuk.edu.tw/QueryCourse/tcontent.asp?OpenYear=106&Helf=1&Sclass=AC&Cono=F711,2026-08-26T18:17:54+00:00
106-1-AC-F721-M-2-,106,1,理學院,AC,應用化學系,F721,M,碩士班,2,,表面處理技術,3,選,40,18,,22,陳振興,C02-211,"5,6, 7",,,,,,,"[{""day"": 1, ""dayName"": ""星期一"", ""periods"": [""5"", ""6"", ""7""], ""raw"": ""5,6, 7""}]",,與大四合開/隸屬先進材料製備學程,https://course.nuk.edu.tw/QueryCourse/tcontent.asp?OpenYear=106&Helf=1&Sclass=AC&Cono=F721,2026-08-26T18:17:54+00:00
106-1-AC-F752-M-2-,106,1,理學院,AC,應用化學系,F752,M,碩士班,2,,食品暨藥物檢驗,3,選,14,10,,4,何永皓,C02-209,,"2,3, 4",,,,,,"[{""day"": 2, ""dayName"": ""星期二"", ""periods"": [""2"", ""3"", ""4""], ""raw"": ""2,3, 4""}]",,與大四合開/隸屬材料分析學程,https://course.nuk.edu.tw/QueryCourse/tcontent.asp?OpenYear=106&Helf=1&Sclass=AC&Cono=F752,2026-08-26T18:17:54+00:00
106-1-AC-F76A-M-2-,106,1,理學院,AC,應用化學系,F76A,M,碩士班,2,,科學研究討論(一),3,選,60,6,,54,蘇楷立,C02-111,,"10,11, 12",,,,,,"[{""day"": 2, ""dayName"": ""星期二"", ""periods"": [""10"", ""11"", ""12""], ""raw"": ""10,11, 12""}]",,與大四合開,https://course.nuk.edu.tw/QueryCourse/tcontent.asp?OpenYear=106&Helf=1&Sclass=AC&Cono=F76A,2026-08-26T18:17:54+00:00
106-1-AC-F781-M-2-,106,1,理學院,AC,應用化學系,F781,M,碩士班,2,,發光二極體技術概論,1,選,70,17,,53,鄭秀英,C02-104,10,,,,,,,"[{""day"": 1, ""dayName"": ""星期一"", ""periods"": [""10""], ""raw"": ""10""}]",學程,與大四合開/隸屬半導體光電製程學程,https://course.nuk.edu.tw/QueryCourse/tcontent.asp?OpenYear=106&Helf=1&Sclass=AC&Cono=F781,2026-08-26T18:17:54+00:00
106-1-AM-A01A-A-1-A,106,1,理學院,AM,應用數學系,A01A,A,大學部,1,A,微積分(一),4,必,80,58,,22,郭岳承,C02-407,,"3,4",,"3,4",,,,"[{""day"": 2, ""dayName"": ""星期二"", ""periods"": [""3"", ""4""], ""raw"": ""3,4""}, {""day"": 4, ""dayName"": ""星期四"", ""periods"": [""3"", ""4""], ""raw"": ""3,4""}]",,,https://course.nuk.edu.tw/QueryCourse/tcontent.asp?OpenYear=106&Helf=1&Sclass=AM&Cono=A01A,2026-08-26T18:17:54+00:00
106-1-AM-A02A-A-1-A,106,1,理學院,AM,應用數學系,A02A,A,大學部,1,A,線性代數(一),3,必,89,89,,0,曾昱豪,C02-407,,,1,"6,7",,,,"[{""day"": 3, ""dayName"": ""星期三"", ""periods"": [""1""], ""raw"": ""1""}, {""day"": 4, ""dayName"": ""星期四"", ""periods"": [""6"", ""7""], ""raw"": ""6,7""}]",外加,,https://course.nuk.edu.tw/QueryCourse/tcontent.asp?OpenYear=106&Helf=1&Sclass=AM&Cono=A02A,2026-08-26T18:17:54+00:00
106-1-AM-A041-A-1-A,106,1,理學院,AM,應用數學系,A041,A,大學部,1,A,計算機概論,3,必,64,57,,7,洪丞輝,C02-B101,,,,,"2,3, 4",,,"[{""day"": 5, ""dayName"": ""星期五"", ""periods"": [""2"", ""3"", ""4""], ""raw"": ""2,3, 4""}]",,上課教室：理B101,https://course.nuk.edu.tw/QueryCourse/tcontent.asp?OpenYear=106&Helf=1&Sclass=AM&Cono=A041,2026-08-26T18:17:54+00:00
106-1-AM-A05A-A-1-A,106,1,理學院,AM,應用數學系,A05A,A,大學部,1,A,數學實習(一),1,必,70,57,,13,郭岳承,C02-407,,"6,7",,,,,,"[{""day"": 2, ""dayName"": ""星期二"", ""periods"": [""6"", ""7""], ""raw"": ""6,7""}]",,,https://course.nuk.edu.tw/QueryCourse/tcontent.asp?OpenYear=106&Helf=1&Sclass=AM&Cono=A05A,2026-08-26T18:17:54+00:00
106-1-AM-A08A-A-1-A,106,1,理學院,AM,應用數學系,A08A,A,大學部,1,A,基礎數學(一),3,必,80,60,,20,張志鴻,C02-407,1,,,"1,2",,,,"[{""day"": 1, ""dayName"": ""星期一"", ""periods"": [""1""], ""raw"": ""1""}, {""day"": 4, ""dayName"": ""星期四"", ""periods"": [""1"", ""2""], ""raw"": ""1,2""}]",,,https://course.nuk.edu.tw/QueryCourse/tcontent.asp?OpenYear=106&Helf=1&Sclass=AM&Cono=A08A,2026-08-26T18:17:54+00:00
106-1-AM-A54A-A-1-A,106,1,理學院,AM,應用數學系,A54A,A,大學部,1,A,普通物理學(一),3,選,60,25,,35,孫士傑,C02-107,"2,3, 4",,,,,,,"[{""day"": 1, ""dayName"": ""星期一"", ""periods"": [""2"", ""3"", ""4""], ""raw"": ""2,3, 4""}]",,系必選,https://course.nuk.edu.tw/QueryCourse/tcontent.asp?OpenYear=106&Helf=1&Sclass=AM&Cono=A54A,2026-08-26T18:17:54+00:00
106-1-AM-A55A-A-1-A,106,1,理學院,AM,應用數學系,A55A,A,大學部,1,A,財務數學導論(一),3,選,60,44,,16,黃士峰,C02-107,,,"3,4",5,,,,"[{""day"": 3, ""dayName"": ""星期三"", ""periods"": [""3"", ""4""], ""raw"": ""3,4""}, {""day"": 4, ""dayName"": ""星期四"", ""periods"": [""5""], ""raw"": ""5""}]",,系必選。,https://course.nuk.edu.tw/QueryCourse/tcontent.asp?OpenYear=106&Helf=1&Sclass=AM&Cono=A55A,2026-08-26T18:17:54+00:00
106-1-AM-B01A-A-2-A,106,1,理學院,AM,應用數學系,B01A,A,大學部,2,A,高等微積分(一),4,必,82,81,,1,林英杰,C02-406,,"3,4",,"3,4",,,,"[{""day"": 2, ""dayName"": ""星期二"", ""periods"": [""3"", ""4""], ""raw"": ""3,4""}, {""day"": 4, ""dayName"": ""星期四"", ""periods"": [""3"", ""4""], ""raw"": ""3,4""}]",外加,,https://course.nuk.edu.tw/QueryCourse/tcontent.asp?OpenYear=106&Helf=1&Sclass=AM&Cono=B01A,2026-08-26T18:17:54+00:00
106-1-AM-B02A-A-2-A,106,1,理學院,AM,應用數學系,B02A,A,大學部,2,A,機率與統計(一),3,必,83,83,,0,黃士峰,C02-407,,"1,2",2,,,,,"[{""day"": 2, ""dayName"": ""星期二"", ""periods"": [""1"", ""2""], ""raw"": ""1,2""}, {""day"": 3, ""dayName"": ""星期三"", ""periods"": [""2""], ""raw"": ""2""}]",外加,,https://course.nuk.edu.tw/QueryCourse/tcontent.asp?OpenYear=106&Helf=1&Sclass=AM&Cono=B02A,2026-08-26T18:17:54+00:00
106-1-AM-B06A-A-2-A,106,1,理學院,AM,應用數學系,B06A,A,大學部,2,A,微分方程(一),3,必,77,76,,1,劉青松,C02-407,"6,7",,,5,,,,"[{""day"": 1, ""dayName"": ""星期一"", ""periods"": [""6"", ""7""], ""raw"": ""6,7""}, {""day"": 4, ""dayName"": ""星期四"", ""periods"": [""5""], ""raw"": ""5""}]",外加,,https://course.nuk.edu.tw/QueryCourse/tcontent.asp?OpenYear=106&Helf=1&Sclass=AM&Cono=B06A,2026-08-26T18:17:54+00:00
106-1-AM-B10A-A-2-A,106,1,理學院,AM,應用數學系,B10A,A,大學部,2,A,科技法學素養(A),2,必,80,50,,30,余景登,C02-108,,,,,"7,8",,,"[{""day"": 5, ""dayName"": ""星期五"", ""periods"": [""7"", ""8""], ""raw"": ""7,8""}]",限修,應用化學系、應用數學系、應用物理學系、生命科學系合開。,https://course.nuk.edu.tw/QueryCourse/tcontent.asp?OpenYear=106&Helf=1&Sclass=AM&Cono=B10A,2026-08-26T18:17:54+00:00
106-1-AM-B10B-A-2-A,106,1,理學院,AM,應用數學系,B10B,A,大學部,2,A,科技法學素養(B),2,必,80,78,,2,吳任偉,C02-108,,"11,12",,,,,,"[{""day"": 2, ""dayName"": ""星期二"", ""periods"": [""11"", ""12""], ""raw"": ""11,12""}]",限修,應用化學系、應用數學系、應用物理學系、生命科學系合開。,https://course.nuk.edu.tw/QueryCourse/tcontent.asp?OpenYear=106&Helf=1&Sclass=AM&Cono=B10B,2026-08-26T18:17:54+00:00
106-1-AM-B50A-A-2-A,106,1,理學院,AM,應用數學系,B50A,A,大學部,2,A,數學實習(三),1,選,60,37,,23,林英杰,C02-102,,,,"6,7",,,,"[{""day"": 4, ""dayName"": ""星期四"", ""periods"": [""6"", ""7""], ""raw"": ""6,7""}]",,,https://course.nuk.edu.tw/QueryCourse/tcontent.asp?OpenYear=106&Helf=1&Sclass=AM&Cono=B50A,2026-08-26T18:17:54+00:00
106-1-AM-B521-A-2-A,106,1,理學院,AM,應用數學系,B521,A,大學部,2,A,資料結構,3,選,60,16,,44,黃錦輝,C02-103,,,"3,4",2,,,,"[{""day"": 3, ""dayName"": ""星期三"", ""periods"": [""3"", ""4""], ""raw"": ""3,4""}, {""day"": 4, ""dayName"": ""星期四"", ""periods"": [""2""], ""raw"": ""2""}]",,,https://course.nuk.edu.tw/QueryCourse/tcontent.asp?OpenYear=106&Helf=1&Sclass=AM&Cono=B521,2026-08-26T18:17:54+00:00
106-1-AM-C011-A-3-A,106,1,理學院,AM,應用數學系,C011,A,大學部,3,A,數值方法,3,必,70,52,,18,曾昱豪,C02-407,,,"3,4",8,,,,"[{""day"": 3, ""dayName"": ""星期三"", ""periods"": [""3"", ""4""], ""raw"": ""3,4""}, {""day"": 4, ""dayName"": ""星期四"", ""periods"": [""8""], ""raw"": ""8""}]",,,https://course.nuk.edu.tw/QueryCourse/tcontent.asp?OpenYear=106&Helf=1&Sclass=AM&Cono=C011,2026-08-26T18:17:54+00:00
106-1-AM-C02A-A-3-A,106,1,理學院,AM,應用數學系,C02A,A,大學部,3,A,組合數學(一),3,必,80,49,,31,張惠蘭,C02-406,9,,,"1,2",,,,"[{""day"": 1, ""dayName"": ""星期一"", ""periods"": [""9""], ""raw"": ""9""}, {""day"": 4, ""dayName"": ""星期四"", ""periods"": [""1"", ""2""], ""raw"": ""1,2""}]",,,https://course.nuk.edu.tw/QueryCourse/tcontent.asp?OpenYear=106&Helf=1&Sclass=AM&Cono=C02A,2026-08-26T18:17:54+00:00
106-1-AM-C501-A-3-A,106,1,理學院,AM,應用數學系,C501,A,大學部,3,A,數理統計(一),3,選,60,17,,43,黃錦輝,C02-107,,,2,"6,7",,,,"[{""day"": 3, ""dayName"": ""星期三"", ""periods"": [""2""], ""raw"": ""2""}, {""day"": 4, ""dayName"": ""星期四"", ""periods"": [""6"", ""7""], ""raw"": ""6,7""}]",,,https://course.nuk.edu.tw/QueryCourse/tcontent.asp?OpenYear=106&Helf=1&Sclass=AM&Cono=C501,2026-08-26T18:17:54+00:00
106-1-AM-C63A-A-3-A,106,1,理學院,AM,應用數學系,C63A,A,大學部,3,A,高等微積分(三),3,選,50,9,,41,施信宏,C02-452,"3,4",2,,,,,,"[{""day"": 1, ""dayName"": ""星期一"", ""periods"": [""3"", ""4""], ""raw"": ""3,4""}, {""day"": 2, ""dayName"": ""星期二"", ""periods"": [""2""], ""raw"": ""2""}]",,,https://course.nuk.edu.tw/QueryCourse/tcontent.asp?OpenYear=106&Helf=1&Sclass=AM&Cono=C63A,2026-08-26T18:17:54+00:00
106-1-AM-C661-A-3-A,106,1,理學院,AM,應用數學系,C661,A,大學部,3,A,幾何學導論,3,選,50,15,,35,施信宏,C02-452,5,"3,4",,,,,,"[{""day"": 1, ""dayName"": ""星期一"", ""periods"": [""5""], ""raw"": ""5""}, {""day"": 2, ""dayName"": ""星期二"", ""periods"": [""3"", ""4""], ""raw"": ""3,4""}]",,,https://course.nuk.edu.tw/QueryCourse/tcontent.asp?OpenYear=106&Helf=1&Sclass=AM&Cono=C661,2026-08-26T18:17:54+00:00
106-1-AM-C662-A-3-A,106,1,理學院,AM,應用數學系,C662,A,大學部,3,A,數學與藝術(一),3,選,40,14,,26,鄭斯恩,C02-408,"6,7",5,,,,,,"[{""day"": 1, ""dayName"": ""星期一"", ""periods"": [""6"", ""7""], ""raw"": ""6,7""}, {""day"": 2, ""dayName"": ""星期二"", ""periods"": [""5""], ""raw"": ""5""}]",,上課教室：理408室,https://course.nuk.edu.tw/QueryCourse/tcontent.asp?OpenYear=106&Helf=1&Sclass=AM&Cono=C662,2026-08-26T18:17:54+00:00
106-1-AM-D74B-A-4-A,106,1,理學院,AM,應用數學系,D74B,A,大學部,4,A,矩陣理論（二）,3,選,50,11,,39,郭岳承,C02-408,,2,,"6,7",,,,"[{""day"": 2, ""dayName"": ""星期二"", ""periods"": [""2""], ""raw"": ""2""}, {""day"": 4, ""dayName"": ""星期四"", ""periods"": [""6"", ""7""], ""raw"": ""6,7""}]",,上課教室：408,https://course.nuk.edu.tw/QueryCourse/tcontent.asp?OpenYear=106&Helf=1&Sclass=AM&Cono=D74B,2026-08-26T18:17:54+00:00
106-1-AM-D751-A-4-A,106,1,理學院,AM,應用數學系,D751,A,大學部,4,A,編碼理論,3,選,50,9,,41,鄭斯恩,C02-408,,"3,4",,2,,,,"[{""day"": 2, ""dayName"": ""星期二"", ""periods"": [""3"", ""4""], ""raw"": ""3,4""}, {""day"": 4, ""dayName"": ""星期四"", ""periods"": [""2""], ""raw"": ""2""}]",,上課教室：理408室,https://course.nuk.edu.tw/QueryCourse/tcontent.asp?OpenYear=106&Helf=1&Sclass=AM&Cono=D751,2026-08-26T18:17:54+00:00
106-1-AM-F521-A-4-A,106,1,理學院,AM,應用數學系,F521,A,大學部,4,A,科學計算導論,3,選,20,7,,13,曾昱豪,C02-452,,,10,"3,4",,,,"[{""day"": 3, ""dayName"": ""星期三"", ""periods"": [""10""], ""raw"": ""10""}, {""day"": 4, ""dayName"": ""星期四"", ""periods"": [""3"", ""4""], ""raw"": ""3,4""}]",,大四、碩士班合開，上課教室：452,https://course.nuk.edu.tw/QueryCourse/tcontent.asp?OpenYear=106&Helf=1&Sclass=AM&Cono=F521,2026-08-26T18:17:54+00:00
106-1-AM-F532-A-4-A,106,1,理學院,AM,應用數學系,F532,A,大學部,4,A,圖論,3,選,20,4,,16,張惠蘭,C02-450,"6,7, 8",,,,,,,"[{""day"": 1, ""dayName"": ""星期一"", ""periods"": [""6"", ""7"", ""8""], ""raw"": ""6,7, 8""}]",,大四、碩班合開，上課教室：理450,https://course.nuk.edu.tw/QueryCourse/tcontent.asp?OpenYear=106&Helf=1&Sclass=AM&Cono=F532,2026-08-26T18:17:54+00:00
106-1-AM-F56A-A-4-A,106,1,理學院,AM,應用數學系,F56A,A,大學部,4,A,組合學專題（一）,3,選,20,3,,17,張惠蘭,C02-408,,,,,"2,3, 4",,,"[{""day"": 5, ""dayName"": ""星期五"", ""periods"": [""2"", ""3"", ""4""], ""raw"": ""2,3, 4""}]",,大四、碩班合開,https://course.nuk.edu.tw/QueryCourse/tcontent.asp?OpenYear=106&Helf=1&Sclass=AM&Cono=F56A,2026-08-26T18:17:54+00:00
106-1-AM-F65C-A-4-A,106,1,理學院,AM,應用數學系,F65C,A,大學部,4,A,最佳化演算法與應用(一),3,選,20,6,,14,劉青松,C02-450,,,,"2,3, 4",,,,"[{""day"": 4, ""dayName"": ""星期四"", ""periods"": [""2"", ""3"", ""4""], ""raw"": ""2,3, 4""}]",學程,大四、碩班合開；上課教室：理450室，隸屬智慧生活整合創新學程。,https://course.nuk.edu.tw/QueryCourse/tcontent.asp?OpenYear=106&Helf=1&Sclass=AM&Cono=F65C,2026-08-26T18:17:54+00:00
106-1-AM-F774-A-4-A,106,1,理學院,AM,應用數學系,F774,A,大學部,4,A,動態系統漫談,3,選,20,19,,1,張志鴻,C02-450,"2,3, 4",,,,,,,"[{""day"": 1, ""dayName"": ""星期一"", ""periods"": [""2"", ""3"", ""4""], ""raw"": ""2,3, 4""}]",,大四、碩班合開；上課教室：理450,https://course.nuk.edu.tw/QueryCourse/tcontent.asp?OpenYear=106&Helf=1&Sclass=AM&Cono=F774,2026-08-26T18:17:54+00:00
106-1-AM-F821-A-4-A,106,1,理學院,AM,應用數學系,F821,A,大學部,4,A,機器學習,3,選,21,18,,3,張志鴻,C02-408,,"6,7, 12",,,,,,"[{""day"": 2, ""dayName"": ""星期二"", ""periods"": [""6"", ""7"", ""12""], ""raw"": ""6,7, 12""}]",限修及外加,碩一、大四合開,https://course.nuk.edu.tw/QueryCourse/tcontent.asp?OpenYear=106&Helf=1&Sclass=AM&Cono=F821,2026-08-26T18:17:54+00:00
106-1-AM-K557-D-1-,106,1,理學院,AM,應用數學系,K557,D,博士班,1,,計算生物數學專題(一),3,選,20,1,,19,陳晴玉,C02-450,,,,,"2,3, 4",,,"[{""day"": 5, ""dayName"": ""星期五"", ""periods"": [""2"", ""3"", ""4""], ""raw"": ""2,3, 4""}]",,碩、博士班合開；上課教室：理452,https://course.nuk.edu.tw/QueryCourse/tcontent.asp?OpenYear=106&Helf=1&Sclass=AM&Cono=K557,2026-08-26T18:17:54+00:00
106-1-AM-K61A-D-1-,106,1,理學院,AM,應用數學系,K61A,D,博士班,1,,變分法專題（一）,3,選,20,5,,15,吳宗芳,C02-450,,,,,"6,7, 8",,,"[{""day"": 5, ""dayName"": ""星期五"", ""periods"": [""6"", ""7"", ""8""], ""raw"": ""6,7, 8""}]",,碩、博士班合開，上課教室：理450,https://course.nuk.edu.tw/QueryCourse/tcontent.asp?OpenYear=106&Helf=1&Sclass=AM&Cono=K61A,2026-08-26T18:17:54+00:00
106-1-AM-K63A-D-1-,106,1,理學院,AM,應用數學系,K63A,D,博士班,1,,高等機率論(一),3,選,20,3,,17,李育嘉,C02-452,,,,,"2,3, 4",,,"[{""day"": 5, ""dayName"": ""星期五"", ""periods"": [""2"", ""3"", ""4""], ""raw"": ""2,3, 4""}]",,碩、博士班合開；上課教室：理452,https://course.nuk.edu.tw/QueryCourse/tcontent.asp?OpenYear=106&Helf=1&Sclass=AM&Cono=K63A,2026-08-26T18:17:54+00:00
106-1-AM-F011-M-1-,106,1,理學院,AM,應用數學系,F011,M,碩士班,1,,書報討論(一),1,必,20,3,,17,劉青松,C02-408,,,"6,7",,,,,"[{""day"": 3, ""dayName"": ""星期三"", ""periods"": [""6"", ""7""], ""raw"": ""6,7""}]",,上課教室：理408,https://course.nuk.edu.tw/QueryCourse/tcontent.asp?OpenYear=106&Helf=1&Sclass=AM&Cono=F011,2026-08-26T18:17:54+00:00
106-1-AM-F500-M-1-,106,1,理學院,AM,應用數學系,F500,M,碩士班,1,,教學實務演練(應用數學系),0,選,30,11,,19,施信宏,C02-406,,X,,,,,,"[{""day"": 2, ""dayName"": ""星期二"", ""periods"": [""X""], ""raw"": ""X""}]",,指定加簽，申請擔任學習型兼任教學助理之學生必須修習本課程。,https://course.nuk.edu.tw/QueryCourse/tcontent.asp?OpenYear=106&Helf=1&Sclass=AM&Cono=F500,2026-08-26T18:17:54+00:00
106-1-AM-F521-M-1-,106,1,理學院,AM,應用數學系,F521,M,碩士班,1,,科學計算導論,3,選,20,7,,13,曾昱豪,C02-452,,,10,"3,4",,,,"[{""day"": 3, ""dayName"": ""星期三"", ""periods"": [""10""], ""raw"": ""10""}, {""day"": 4, ""dayName"": ""星期四"", ""periods"": [""3"", ""4""], ""raw"": ""3,4""}]",,大四、碩班合開，上課教室：理452,https://course.nuk.edu.tw/QueryCourse/tcontent.asp?OpenYear=106&Helf=1&Sclass=AM&Cono=F521,2026-08-26T18:17:54+00:00
106-1-AM-F532-M-1-,106,1,理學院,AM,應用數學系,F532,M,碩士班,1,,圖論,3,選,20,4,,16,張惠蘭,C02-450,"6,7, 8",,,,,,,"[{""day"": 1, ""dayName"": ""星期一"", ""periods"": [""6"", ""7"", ""8""], ""raw"": ""6,7, 8""}]",,大四、碩班合開、上課教室：450,https://course.nuk.edu.tw/QueryCourse/tcontent.asp?OpenYear=106&Helf=1&Sclass=AM&Cono=F532,2026-08-26T18:17:54+00:00
106-1-AM-F56A-M-1-,106,1,理學院,AM,應用數學系,F56A,M,碩士班,1,,組合學專題（一）,3,選,20,3,,17,張惠蘭,C02-408,,,,,"2,3, 4",,,"[{""day"": 5, ""dayName"": ""星期五"", ""periods"": [""2"", ""3"", ""4""], ""raw"": ""2,3, 4""}]",,大四、碩班合開,https://course.nuk.edu.tw/QueryCourse/tcontent.asp?OpenYear=106&Helf=1&Sclass=AM&Cono=F56A,2026-08-26T18:17:54+00:00
106-1-AM-F65C-M-1-,106,1,理學院,AM,應用數學系,F65C,M,碩士班,1,,最佳化演算法與應用(一),3,選,20,6,,14,劉青松,C02-450,,,,"2,3, 4",,,,"[{""day"": 4, ""dayName"": ""星期四"", ""periods"": [""2"", ""3"", ""4""], ""raw"": ""2,3, 4""}]",學程,大四、碩班合開；上課教室：理450，隸屬智慧生活整合創新學程,https://course.nuk.edu.tw/QueryCourse/tcontent.asp?OpenYear=106&Helf=1&Sclass=AM&Cono=F65C,2026-08-26T18:17:54+00:00
106-1-AM-F76B-M-1-,106,1,理學院,AM,應用數學系,F76B,M,碩士班,1,,實變函數論(二),3,選,20,3,,17,林英杰,C02-450,,,"2,3, 4",,,,,"[{""day"": 3, ""dayName"": ""星期三"", ""periods"": [""2"", ""3"", ""4""], ""raw"": ""2,3, 4""}]",,上課教室：理450,https://course.nuk.edu.tw/QueryCourse/tcontent.asp?OpenYear=106&Helf=1&Sclass=AM&Cono=F76B,2026-08-26T18:17:54+00:00
106-1-AM-F774-M-1-,106,1,理學院,AM,應用數學系,F774,M,碩士班,1,,動態系統漫談,3,選,20,19,,1,張志鴻,C02-450,"2,3, 4",,,,,,,"[{""day"": 1, ""dayName"": ""星期一"", ""periods"": [""2"", ""3"", ""4""], ""raw"": ""2,3, 4""}]",,大四、碩班合開；上課教室：理450,https://course.nuk.edu.tw/QueryCourse/tcontent.asp?OpenYear=106&Helf=1&Sclass=AM&Cono=F774,2026-08-26T18:17:54+00:00
106-1-AM-F821-M-1-,106,1,理學院,AM,應用數學系,F821,M,碩士班,1,,機器學習,3,選,21,18,,3,張志鴻,C02-408,,"6,7, 12",,,,,,"[{""day"": 2, ""dayName"": ""星期二"", ""periods"": [""6"", ""7"", ""12""], ""raw"": ""6,7, 12""}]",限修及外加,碩一、大四合開,https://course.nuk.edu.tw/QueryCourse/tcontent.asp?OpenYear=106&Helf=1&Sclass=AM&Cono=F821,2026-08-26T18:17:54+00:00
106-1-AM-K557-M-1-,106,1,理學院,AM,應用數學系,K557,M,碩士班,1,,計算生物數學專題(一),3,選,20,1,,19,陳晴玉,C02-450,,,,,"2,3, 4",,,"[{""day"": 5, ""dayName"": ""星期五"", ""periods"": [""2"", ""3"", ""4""], ""raw"": ""2,3, 4""}]",,碩、博士班合開；上課教室：理452,https://course.nuk.edu.tw/QueryCourse/tcontent.asp?OpenYear=106&Helf=1&Sclass=AM&Cono=K557,2026-08-26T18:17:54+00:00
106-1-AM-K61A-M-1-,106,1,理學院,AM,應用數學系,K61A,M,碩士班,1,,變分法專題（一）,3,選,20,5,,15,吳宗芳,C02-450,,,,,"6,7, 8",,,"[{""day"": 5, ""dayName"": ""星期五"", ""periods"": [""6"", ""7"", ""8""], ""raw"": ""6,7, 8""}]",,碩、博士班合開；上課教室：理450,https://course.nuk.edu.tw/QueryCourse/tcontent.asp?OpenYear=106&Helf=1&Sclass=AM&Cono=K61A,2026-08-26T18:17:54+00:00
106-1-AM-K63A-M-1-,106,1,理學院,AM,應用數學系,K63A,M,碩士班,1,,高等機率論(一),3,選,20,3,,17,李育嘉,C02-452,,,,,"2,3, 4",,,"[{""day"": 5, ""dayName"": ""星期五"", ""periods"": [""2"", ""3"", ""4""], ""raw"": ""2,3, 4""}]",,碩、博士班合開；上課教室：理452,https://course.nuk.edu.tw/QueryCourse/tcontent.asp?OpenYear=106&Helf=1&Sclass=AM&Cono=K63A,2026-08-26T18:17:54+00:00
106-1-AP-A01A-A-1-A,106,1,理學院,AP,應用物理學系,A01A,A,大學部,1,A,微積分(一),3,必,60,58,,2,陳晴玉,C02-108,,"2,3, 4",,,,,,"[{""day"": 2, ""dayName"": ""星期二"", ""periods"": [""2"", ""3"", ""4""], ""raw"": ""2,3, 4""}]",,,https://course.nuk.edu.tw/QueryCourse/tcontent.asp?OpenYear=106&Helf=1&Sclass=AP&Cono=A01A,2026-08-26T18:17:54+00:00
106-1-AP-A021-A-1-A,106,1,理學院,AP,應用物理學系,A021,A,大學部,1,A,計算機概論,3,必,60,54,,6,蔡財量,L01-108,,"5,6, 7",,,,,,"[{""day"": 2, ""dayName"": ""星期二"", ""periods"": [""5"", ""6"", ""7""], ""raw"": ""5,6, 7""}]",,,https://course.nuk.edu.tw/QueryCourse/tcontent.asp?OpenYear=106&Helf=1&Sclass=AP&Cono=A021,2026-08-26T18:17:54+00:00
106-1-AP-A03A-A-1-A,106,1,理學院,AP,應用物理學系,A03A,A,大學部,1,A,普通物理學(一),3,必,60,55,,5,廖英彥,C02-101,,,,"5,6, 7",,,,"[{""day"": 4, ""dayName"": ""星期四"", ""periods"": [""5"", ""6"", ""7""], ""raw"": ""5,6, 7""}]",學程,,https://course.nuk.edu.tw/QueryCourse/tcontent.asp?OpenYear=106&Helf=1&Sclass=AP&Cono=A03A,2026-08-26T18:17:54+00:00
106-1-AP-A05A-A-1-A,106,1,理學院,AP,應用物理學系,A05A,A,大學部,1,A,普通化學(一),3,必,60,51,,9,周志明,C02-111,,,,"2,3, 4",,,,"[{""day"": 4, ""dayName"": ""星期四"", ""periods"": [""2"", ""3"", ""4""], ""raw"": ""2,3, 4""}]",學程,,https://course.nuk.edu.tw/QueryCourse/tcontent.asp?OpenYear=106&Helf=1&Sclass=AP&Cono=A05A,2026-08-26T18:17:54+00:00
106-1-AP-A06A-A-1-A,106,1,理學院,AP,應用物理學系,A06A,A,大學部,1,A,普通化學實驗(一),1,必,60,52,,8,李頂瑜,C02-203,,,"2,3, 4",,,,,"[{""day"": 3, ""dayName"": ""星期三"", ""periods"": [""2"", ""3"", ""4""], ""raw"": ""2,3, 4""}]",,,https://course.nuk.edu.tw/QueryCourse/tcontent.asp?OpenYear=106&Helf=1&Sclass=AP&Cono=A06A,2026-08-26T18:17:54+00:00
106-1-AP-A101-A-1-A,106,1,理學院,AP,應用物理學系,A101,A,大學部,1,A,普通物理實驗(一)A,1,必,33,29,,4,胡裕民,C02-3004,,,,,"2,3, 4",,,"[{""day"": 5, ""dayName"": ""星期五"", ""periods"": [""2"", ""3"", ""4""], ""raw"": ""2,3, 4""}]",,限本系單號學生選課,https://course.nuk.edu.tw/QueryCourse/tcontent.asp?OpenYear=106&Helf=1&Sclass=AP&Cono=A101,2026-08-26T18:17:54+00:00
106-1-AP-A102-A-1-A,106,1,理學院,AP,應用物理學系,A102,A,大學部,1,A,普通物理實驗(一)B,1,必,31,26,,5,胡裕民,C02-3004,,,,,"5,6, 7",,,"[{""day"": 5, ""dayName"": ""星期五"", ""periods"": [""5"", ""6"", ""7""], ""raw"": ""5,6, 7""}]",,限本系雙號學生選課,https://course.nuk.edu.tw/QueryCourse/tcontent.asp?OpenYear=106&Helf=1&Sclass=AP&Cono=A102,2026-08-26T18:17:54+00:00
106-1-AP-B552-A-1-A,106,1,理學院,AP,應用物理學系,B552,A,大學部,1,A,Arduino科學實作,3,選,60,22,,38,余進忠 謝振豪 業界教師,C02-108,,,"9,10, 11",,,,,"[{""day"": 3, ""dayName"": ""星期三"", ""periods"": [""9"", ""10"", ""11""], ""raw"": ""9,10, 11""}]",,本課程與本系大二合開。,https://course.nuk.edu.tw/QueryCourse/tcontent.asp?OpenYear=106&Helf=1&Sclass=AP&Cono=B552,2026-08-26T18:17:54+00:00
106-1-AP-A162-A-2-A,106,1,理學院,AP,應用物理學系,A162,A,大學部,2,A,工程數學(二),3,必,60,37,,23,韓岱君,C02-104,,,"2,3, 4",,,,,"[{""day"": 3, ""dayName"": ""星期三"", ""periods"": [""2"", ""3"", ""4""], ""raw"": ""2,3, 4""}]",,,https://course.nuk.edu.tw/QueryCourse/tcontent.asp?OpenYear=106&Helf=1&Sclass=AP&Cono=A162,2026-08-26T18:17:54+00:00
106-1-AP-B011-A-2-A,106,1,理學院,AP,應用物理學系,B011,A,大學部,2,A,基礎物理實驗,2,必,60,43,,17,余進忠,C02-3005,,,,"2,3, 4",,,,"[{""day"": 4, ""dayName"": ""星期四"", ""periods"": [""2"", ""3"", ""4""], ""raw"": ""2,3, 4""}]",,,https://course.nuk.edu.tw/QueryCourse/tcontent.asp?OpenYear=106&Helf=1&Sclass=AP&Cono=B011,2026-08-26T18:17:54+00:00
106-1-AP-B03A-A-2-A,106,1,理學院,AP,應用物理學系,B03A,A,大學部,2,A,電磁學(一),3,必,70,66,,4,余進忠,C02-103,"2,3, 4",,,,,,,"[{""day"": 1, ""dayName"": ""星期一"", ""periods"": [""2"", ""3"", ""4""], ""raw"": ""2,3, 4""}]",外加,,https://course.nuk.edu.tw/QueryCourse/tcontent.asp?OpenYear=106&Helf=1&Sclass=AP&Cono=B03A,2026-08-26T18:17:54+00:00
106-1-AP-B041-A-2-A,106,1,理學院,AP,應用物理學系,B041,A,大學部,2,A,理論力學(一),3,必,60,47,,13,邱昭文,C02-107,,"2,3, 4",,,,,,"[{""day"": 2, ""dayName"": ""星期二"", ""periods"": [""2"", ""3"", ""4""], ""raw"": ""2,3, 4""}]",,,https://course.nuk.edu.tw/QueryCourse/tcontent.asp?OpenYear=106&Helf=1&Sclass=AP&Cono=B041,2026-08-26T18:17:54+00:00
106-1-AP-B53A-A-2-A,106,1,理學院,AP,應用物理學系,B53A,A,大學部,2,A,電路學(一),3,選,60,41,,19,韓相宜,C02-101,"5,6, 7",,,,,,,"[{""day"": 1, ""dayName"": ""星期一"", ""periods"": [""5"", ""6"", ""7""], ""raw"": ""5,6, 7""}]",,本課程已改為『必選』，請105學年度(含) 以後本系的大學部學生一定要選修本課程，以免影響畢業資格。,https://course.nuk.edu.tw/QueryCourse/tcontent.asp?OpenYear=106&Helf=1&Sclass=AP&Cono=B53A,2026-08-26T18:17:54+00:00
106-1-AP-B552-A-2-A,106,1,理學院,AP,應用物理學系,B552,A,大學部,2,A,Arduino科學實作,3,選,60,22,,38,余進忠 謝振豪 業界教師,C02-108,,,"9,10, 11",,,,,"[{""day"": 3, ""dayName"": ""星期三"", ""periods"": [""9"", ""10"", ""11""], ""raw"": ""9,10, 11""}]",,本課程與本系大一合開。,https://course.nuk.edu.tw/QueryCourse/tcontent.asp?OpenYear=106&Helf=1&Sclass=AP&Cono=B552,2026-08-26T18:17:54+00:00
106-1-AP-C01A-A-3-A,106,1,理學院,AP,應用物理學系,C01A,A,大學部,3,A,應用電子學實驗(一),2,必,60,43,,17,馮世維,C02-3006,,"5,6, 7",,,,,,"[{""day"": 2, ""dayName"": ""星期二"", ""periods"": [""5"", ""6"", ""7""], ""raw"": ""5,6, 7""}]",,,https://course.nuk.edu.tw/QueryCourse/tcontent.asp?OpenYear=106&Helf=1&Sclass=AP&Cono=C01A,2026-08-26T18:17:54+00:00
106-1-AP-C02A-A-3-A,106,1,理學院,AP,應用物理學系,C02A,A,大學部,3,A,量子物理(一),3,必,60,50,,10,胡裕民,C02-107,,,,"2,3, 4",,,,"[{""day"": 4, ""dayName"": ""星期四"", ""periods"": [""2"", ""3"", ""4""], ""raw"": ""2,3, 4""}]",,,https://course.nuk.edu.tw/QueryCourse/tcontent.asp?OpenYear=106&Helf=1&Sclass=AP&Cono=C02A,2026-08-26T18:17:54+00:00
106-1-AP-C03A-A-3-A,106,1,理學院,AP,應用物理學系,C03A,A,大學部,3,A,應用電子學(一),3,必,60,48,,12,黃建榮,C02-108,,,"2,3, 4",,,,,"[{""day"": 3, ""dayName"": ""星期三"", ""periods"": [""2"", ""3"", ""4""], ""raw"": ""2,3, 4""}]",,,https://course.nuk.edu.tw/QueryCourse/tcontent.asp?OpenYear=106&Helf=1&Sclass=AP&Cono=C03A,2026-08-26T18:17:54+00:00
106-1-AP-C502-A-3-A,106,1,理學院,AP,應用物理學系,C502,A,大學部,3,A,X光物理,3,選,60,17,,43,邱昭文,C02-521,,,,"5,6, 7",,,,"[{""day"": 4, ""dayName"": ""星期四"", ""periods"": [""5"", ""6"", ""7""], ""raw"": ""5,6, 7""}]",,,https://course.nuk.edu.tw/QueryCourse/tcontent.asp?OpenYear=106&Helf=1&Sclass=AP&Cono=C502,2026-08-26T18:17:54+00:00
106-1-AP-C562-A-3-A,106,1,理學院,AP,應用物理學系,C562,A,大學部,3,A,熱統計物理學,3,選,60,47,,13,廖英彥,C02-107,,,,,"2,3, 4",,,"[{""day"": 5, ""dayName"": ""星期五"", ""periods"": [""2"", ""3"", ""4""], ""raw"": ""2,3, 4""}]",,本課程已改為『必選』，請104學年度(含) 以後本系的學生一定要選修本課程，以免影響畢業資格。,https://course.nuk.edu.tw/QueryCourse/tcontent.asp?OpenYear=106&Helf=1&Sclass=AP&Cono=C562,2026-08-26T18:17:54+00:00
106-1-AP-C60A-A-3-A,106,1,理學院,AP,應用物理學系,C60A,A,大學部,3,A,光學(一),3,選,60,22,,38,謝振豪,C02-101,,"2,3, 4",,,,,,"[{""day"": 2, ""dayName"": ""星期二"", ""periods"": [""2"", ""3"", ""4""], ""raw"": ""2,3, 4""}]",,,https://course.nuk.edu.tw/QueryCourse/tcontent.asp?OpenYear=106&Helf=1&Sclass=AP&Cono=C60A,2026-08-26T18:17:54+00:00
106-1-AP-C631-A-3-A,106,1,理學院,AP,應用物理學系,C631,A,大學部,3,A,真空技術,3,選,60,27,,33,余進忠,C02-108,,,"5,6, 7",,,,,"[{""day"": 3, ""dayName"": ""星期三"", ""periods"": [""5"", ""6"", ""7""], ""raw"": ""5,6, 7""}]",學程,半導體光電製程學程,https://course.nuk.edu.tw/QueryCourse/tcontent.asp?OpenYear=106&Helf=1&Sclass=AP&Cono=C631,2026-08-26T18:17:54+00:00
106-1-AP-C671-A-3-A,106,1,理學院,AP,應用物理學系,C671,A,大學部,3,A,電磁波,3,選,60,12,,48,謝振豪,C02-107,"5,6, 7",,,,,,,"[{""day"": 1, ""dayName"": ""星期一"", ""periods"": [""5"", ""6"", ""7""], ""raw"": ""5,6, 7""}]",,,https://course.nuk.edu.tw/QueryCourse/tcontent.asp?OpenYear=106&Helf=1&Sclass=AP&Cono=C671,2026-08-26T18:17:54+00:00
106-1-AP-D552-A-4-A,106,1,理學院,AP,應用物理學系,D552,A,大學部,4,A,專題討論(二)-奈米光電,3,選,35,22,,13,廖英彥,C02-30022,,,"5,6, 7",,,,,"[{""day"": 3, ""dayName"": ""星期三"", ""periods"": [""5"", ""6"", ""7""], ""raw"": ""5,6, 7""}]",,本課程已改為『必選』，請102學年度(含)以後本系的大學部學生一定要選修本課程，以免影響畢業資格。本課程與專題討論(二)固態材料擇一選課即可。理學院四個科系(應物系、應化系、應數系、生科系)皆可選修。,https://course.nuk.edu.tw/QueryCourse/tcontent.asp?OpenYear=106&Helf=1&Sclass=AP&Cono=D552,2026-08-26T18:17:54+00:00
106-1-AP-D562-A-4-A,106,1,理學院,AP,應用物理學系,D562,A,大學部,4,A,專題討論(二)-固態材料,3,選,35,24,,11,邱昭文,C02-30022,,,"5,6, 7",,,,,"[{""day"": 3, ""dayName"": ""星期三"", ""periods"": [""5"", ""6"", ""7""], ""raw"": ""5,6, 7""}]",,本課程已改為『必選』，請102學年度(含)以後本系的大學部學生一定要選修本課程，以免影響畢業資格。本課程與專題討論(二)奈米光電擇一選課即可。理學院四個科系(應物系、應化系、應數系、生科系)皆可選修。,https://course.nuk.edu.tw/QueryCourse/tcontent.asp?OpenYear=106&Helf=1&Sclass=AP&Cono=D562,2026-08-26T18:17:54+00:00
106-1-AP-F523-A-4-A,106,1,理學院,AP,應用物理學系,F523,A,大學部,4,A,半導體製程與設備,3,選,60,6,,54,黃建榮,C02-30022,,"2,3, 4",,,,,,"[{""day"": 2, ""dayName"": ""星期二"", ""periods"": [""2"", ""3"", ""4""], ""raw"": ""2,3, 4""}]",學程,本課程與碩一合開。半導體光電製程學程,https://course.nuk.edu.tw/QueryCourse/tcontent.asp?OpenYear=106&Helf=1&Sclass=AP&Cono=F523,2026-08-26T18:17:54+00:00
106-1-AP-F543-A-4-A,106,1,理學院,AP,應用物理學系,F543,A,大學部,4,A,材料性質量測與分析,3,選,60,12,,48,韓岱君,C02-521,,"5,6, 7",,,,,,"[{""day"": 2, ""dayName"": ""星期二"", ""periods"": [""5"", ""6"", ""7""], ""raw"": ""5,6, 7""}]",學程,本課程與碩一合開。磁電材料跨院系學分學程,https://course.nuk.edu.tw/QueryCourse/tcontent.asp?OpenYear=106&Helf=1&Sclass=AP&Cono=F543,2026-08-26T18:17:54+00:00
106-1-AP-F551-A-4-A,106,1,理學院,AP,應用物理學系,F551,A,大學部,4,A,太陽能光電,3,選,70,68,,2,蔡進譯,C02-103,,,"8,9, 10",,,,,"[{""day"": 3, ""dayName"": ""星期三"", ""periods"": [""8"", ""9"", ""10""], ""raw"": ""8,9, 10""}]",學程,本課程與碩一合開。半導體光電製程學程,https://course.nuk.edu.tw/QueryCourse/tcontent.asp?OpenYear=106&Helf=1&Sclass=AP&Cono=F551,2026-08-26T18:17:54+00:00
106-1-AP-F561-A-4-A,106,1,理學院,AP,應用物理學系,F561,A,大學部,4,A,發光二極體特論及實驗,3,選,60,3,,57,馮世維 業界教師,C02-521,,,"2,3, 4",,,,,"[{""day"": 3, ""dayName"": ""星期三"", ""periods"": [""2"", ""3"", ""4""], ""raw"": ""2,3, 4""}]",,本課程與碩一合開。,https://course.nuk.edu.tw/QueryCourse/tcontent.asp?OpenYear=106&Helf=1&Sclass=AP&Cono=F561,2026-08-26T18:17:54+00:00
106-1-AP-F59A-A-4-A,106,1,理學院,AP,應用物理學系,F59A,A,大學部,4,A,半導體元件與物理(一),3,選,60,18,,42,謝振豪,C02-108,,,,"2,3, 4",,,,"[{""day"": 4, ""dayName"": ""星期四"", ""periods"": [""2"", ""3"", ""4""], ""raw"": ""2,3, 4""}]",學程,本課程與碩一合開。半導體光電製程學程,https://course.nuk.edu.tw/QueryCourse/tcontent.asp?OpenYear=106&Helf=1&Sclass=AP&Cono=F59A,2026-08-26T18:17:54+00:00
106-1-AP-F66A-A-4-A,106,1,理學院,AP,應用物理學系,F66A,A,大學部,4,A,固態物理(一),3,選,100,53,,47,蔡進譯,C02-111,,,"2,3, 4",,,,,"[{""day"": 3, ""dayName"": ""星期三"", ""periods"": [""2"", ""3"", ""4""], ""raw"": ""2,3, 4""}]",學程,本課程與碩一合開。磁電材料跨院系學分學程,https://course.nuk.edu.tw/QueryCourse/tcontent.asp?OpenYear=106&Helf=1&Sclass=AP&Cono=F66A,2026-08-26T18:17:54+00:00
106-1-AP-F67A-A-4-A,106,1,理學院,AP,應用物理學系,F67A,A,大學部,4,A,量子力學(一),3,選,70,49,,21,蔡進譯,C02-108,,,,"5,6, 7",,,,"[{""day"": 4, ""dayName"": ""星期四"", ""periods"": [""5"", ""6"", ""7""], ""raw"": ""5,6, 7""}]",,本課程與碩一合開。,https://course.nuk.edu.tw/QueryCourse/tcontent.asp?OpenYear=106&Helf=1&Sclass=AP&Cono=F67A,2026-08-26T18:17:54+00:00
106-1-AP-F80A-A-4-A,106,1,理學院,AP,應用物理學系,F80A,A,大學部,4,A,科技英文(一),3,選,40,7,,33,胡裕民,C02-521,"2,3, 4",,,,,,,"[{""day"": 1, ""dayName"": ""星期一"", ""periods"": [""2"", ""3"", ""4""], ""raw"": ""2,3, 4""}]",,本課程與碩一合開。蔡奎如老師共同授課，週次為第13.14.15.17週。,https://course.nuk.edu.tw/QueryCourse/tcontent.asp?OpenYear=106&Helf=1&Sclass=AP&Cono=F80A,2026-08-26T18:17:54+00:00
106-1-AP-F02A-M-1-,106,1,理學院,AP,應用物理學系,F02A,M,碩士班,1,,書報討論(一),0,必,10,6,,4,蔡進譯,C02-30022,,,"5,6",,,,,"[{""day"": 3, ""dayName"": ""星期三"", ""periods"": [""5"", ""6""], ""raw"": ""5,6""}]",,,https://course.nuk.edu.tw/QueryCourse/tcontent.asp?OpenYear=106&Helf=1&Sclass=AP&Cono=F02A,2026-08-26T18:17:54+00:00
106-1-AP-F500-M-1-,106,1,理學院,AP,應用物理學系,F500,M,碩士班,1,,教學實務演練(應用物理學系),0,選,20,0,,20,余進忠,,,X,,,,,,"[{""day"": 2, ""dayName"": ""星期二"", ""periods"": [""X""], ""raw"": ""X""}]",,指定加簽，申請擔任學習型兼任教學助理之學生必須修習本課程。請於加退選作業結束前上網完成選課作業。,https://course.nuk.edu.tw/QueryCourse/tcontent.asp?OpenYear=106&Helf=1&Sclass=AP&Cono=F500,2026-08-26T18:17:54+00:00
106-1-AP-F523-M-1-,106,1,理學院,AP,應用物理學系,F523,M,碩士班,1,,半導體製程與設備,3,選,60,6,,54,黃建榮,C02-30022,,"2,3, 4",,,,,,"[{""day"": 2, ""dayName"": ""星期二"", ""periods"": [""2"", ""3"", ""4""], ""raw"": ""2,3, 4""}]",學程,本課程與大四合開。半導體光電製程學程,https://course.nuk.edu.tw/QueryCourse/tcontent.asp?OpenYear=106&Helf=1&Sclass=AP&Cono=F523,2026-08-26T18:17:54+00:00
106-1-AP-F543-M-1-,106,1,理學院,AP,應用物理學系,F543,M,碩士班,1,,材料性質量測與分析,3,選,60,12,,48,韓岱君,C02-521,,"5,6, 7",,,,,,"[{""day"": 2, ""dayName"": ""星期二"", ""periods"": [""5"", ""6"", ""7""], ""raw"": ""5,6, 7""}]",學程,本課程與大四合開。磁電材料跨院系學分學程,https://course.nuk.edu.tw/QueryCourse/tcontent.asp?OpenYear=106&Helf=1&Sclass=AP&Cono=F543,2026-08-26T18:17:54+00:00
106-1-AP-F551-M-1-,106,1,理學院,AP,應用物理學系,F551,M,碩士班,1,,太陽能光電,3,選,70,68,,2,蔡進譯,C02-103,,,"8,9, 10",,,,,"[{""day"": 3, ""dayName"": ""星期三"", ""periods"": [""8"", ""9"", ""10""], ""raw"": ""8,9, 10""}]",學程,本課程與大四合開。半導體光電製程學程,https://course.nuk.edu.tw/QueryCourse/tcontent.asp?OpenYear=106&Helf=1&Sclass=AP&Cono=F551,2026-08-26T18:17:54+00:00
106-1-AP-F561-M-1-,106,1,理學院,AP,應用物理學系,F561,M,碩士班,1,,發光二極體特論及實驗,3,選,60,3,,57,馮世維 業界教師,C02-521,,,"2,3, 4",,,,,"[{""day"": 3, ""dayName"": ""星期三"", ""periods"": [""2"", ""3"", ""4""], ""raw"": ""2,3, 4""}]",,本課程與大四合開。,https://course.nuk.edu.tw/QueryCourse/tcontent.asp?OpenYear=106&Helf=1&Sclass=AP&Cono=F561,2026-08-26T18:17:54+00:00
106-1-AP-F59A-M-1-,106,1,理學院,AP,應用物理學系,F59A,M,碩士班,1,,半導體元件與物理(一),3,選,60,18,,42,謝振豪,C02-108,,,,"2,3, 4",,,,"[{""day"": 4, ""dayName"": ""星期四"", ""periods"": [""2"", ""3"", ""4""], ""raw"": ""2,3, 4""}]",學程,本課程與大四合開。半導體光電製程學程,https://course.nuk.edu.tw/QueryCourse/tcontent.asp?OpenYear=106&Helf=1&Sclass=AP&Cono=F59A,2026-08-26T18:17:54+00:00
106-1-AP-F66A-M-1-,106,1,理學院,AP,應用物理學系,F66A,M,碩士班,1,,固態物理(一),3,選,100,53,,47,蔡進譯,C02-111,,,"2,3, 4",,,,,"[{""day"": 3, ""dayName"": ""星期三"", ""periods"": [""2"", ""3"", ""4""], ""raw"": ""2,3, 4""}]",學程,本課程與大四合開。磁電材料跨院系學分學程,https://course.nuk.edu.tw/QueryCourse/tcontent.asp?OpenYear=106&Helf=1&Sclass=AP&Cono=F66A,2026-08-26T18:17:54+00:00
106-1-AP-F67A-M-1-,106,1,理學院,AP,應用物理學系,F67A,M,碩士班,1,,量子力學(一),3,選,70,49,,21,蔡進譯,C02-108,,,,"5,6, 7",,,,"[{""day"": 4, ""dayName"": ""星期四"", ""periods"": [""5"", ""6"", ""7""], ""raw"": ""5,6, 7""}]",,本課程與大四合開。,https://course.nuk.edu.tw/QueryCourse/tcontent.asp?OpenYear=106&Helf=1&Sclass=AP&Cono=F67A,2026-08-26T18:17:54+00:00
106-1-AP-F701-M-1-,106,1,理學院,AP,應用物理學系,F701,M,碩士班,1,,專題研究(一),1,選,10,4,,6,謝振豪,C02-516-1,"8,9, 10",,,,,,,"[{""day"": 1, ""dayName"": ""星期一"", ""periods"": [""8"", ""9"", ""10""], ""raw"": ""8,9, 10""}]",,本課程已改為『必選』，請102學年度(含)以後本系的碩士班學生一定要選修本課程，以免影響畢業資格。C02-516-1,https://course.nuk.edu.tw/QueryCourse/tcontent.asp?OpenYear=106&Helf=1&Sclass=AP&Cono=F701,2026-08-26T18:17:54+00:00
106-1-AP-F80A-M-1-,106,1,理學院,AP,應用物理學系,F80A,M,碩士班,1,,科技英文(一),3,選,40,7,,33,胡裕民,C02-521,"2,3, 4",,,,,,,"[{""day"": 1, ""dayName"": ""星期一"", ""periods"": [""2"", ""3"", ""4""], ""raw"": ""2,3, 4""}]",,本課程與大四合開。,https://course.nuk.edu.tw/QueryCourse/tcontent.asp?OpenYear=106&Helf=1&Sclass=AP&Cono=F80A,2026-08-26T18:17:54+00:00
106-1-AP-F70C-M-2-,106,1,理學院,AP,應用物理學系,F70C,M,碩士班,2,,專題研究(三)-固態材料,1,選,10,4,,6,孫士傑,C02-3003-1,"8,9, 10",,,,,,,"[{""day"": 1, ""dayName"": ""星期一"", ""periods"": [""8"", ""9"", ""10""], ""raw"": ""8,9, 10""}]",,本課程已改為『必選』，請102學年度(含)以後本系的碩士班學生一定要選修本課程，以免影響畢業資格。本課程與專題研究(三)奈米光電擇一選課即可。C02-3003-1,https://course.nuk.edu.tw/QueryCourse/tcontent.asp?OpenYear=106&Helf=1&Sclass=AP&Cono=F70C,2026-08-26T18:17:54+00:00
106-1-AP-F71C-M-2-,106,1,理學院,AP,應用物理學系,F71C,M,碩士班,2,,專題研究(三)-奈米光電,1,選,10,4,,6,馮世維,C02-512-1,"8,9, 10",,,,,,,"[{""day"": 1, ""dayName"": ""星期一"", ""periods"": [""8"", ""9"", ""10""], ""raw"": ""8,9, 10""}]",,本課程已改為『必選』，請102學年度(含)以後本系的碩士班學生一定要選修本課程，以免影響畢業資格。C02-512-1,https://course.nuk.edu.tw/QueryCourse/tcontent.asp?OpenYear=106&Helf=1&Sclass=AP&Cono=F71C,2026-08-26T18:17:54+00:00
106-1-AP-G001-M-2-,106,1,理學院,AP,應用物理學系,G001,M,碩士班,2,,書報討論(三),0,必,15,6,,9,黃建榮,C02-30022,,,"5,6",,,,,"[{""day"": 3, ""dayName"": ""星期三"", ""periods"": [""5"", ""6""], ""raw"": ""5,6""}]",,C02-3002,https://course.nuk.edu.tw/QueryCourse/tcontent.asp?OpenYear=106&Helf=1&Sclass=AP&Cono=G001,2026-08-26T18:17:54+00:00
106-1-LS-A01A-A-1-A,106,1,理學院,LS,生命科學系,A01A,A,大學部,1,A,普通生物學(一),3,必,60,60,,0,王俊順,C02-102,,,,"2,3, 4",,,,"[{""day"": 4, ""dayName"": ""星期四"", ""periods"": [""2"", ""3"", ""4""], ""raw"": ""2,3, 4""}]",學程,隸屬生技產業跨領域學程,https://course.nuk.edu.tw/QueryCourse/tcontent.asp?OpenYear=106&Helf=1&Sclass=LS&Cono=A01A,2026-08-26T18:17:54+00:00
106-1-LS-A02A-A-1-A,106,1,理學院,LS,生命科學系,A02A,A,大學部,1,A,普通生物學實驗(一),1,必,30,21,,9,陳彥澄,C02-202,,,"2,3, 4",,,,,"[{""day"": 3, ""dayName"": ""星期三"", ""periods"": [""2"", ""3"", ""4""], ""raw"": ""2,3, 4""}]",,使用C02-202實驗室、本系一年級雙號學生,https://course.nuk.edu.tw/QueryCourse/tcontent.asp?OpenYear=106&Helf=1&Sclass=LS&Cono=A02A,2026-08-26T18:17:54+00:00
106-1-LS-A03A-A-1-A,106,1,理學院,LS,生命科學系,A03A,A,大學部,1,A,普通生物學實驗(一),1,必,30,23,,7,施能朗,C02-202,,,,,"2,3, 4",,,"[{""day"": 5, ""dayName"": ""星期五"", ""periods"": [""2"", ""3"", ""4""], ""raw"": ""2,3, 4""}]",,使用C02-202實驗室、本系一年級單號學生,https://course.nuk.edu.tw/QueryCourse/tcontent.asp?OpenYear=106&Helf=1&Sclass=LS&Cono=A03A,2026-08-26T18:17:54+00:00
106-1-LS-A07A-A-1-A,106,1,理學院,LS,生命科學系,A07A,A,大學部,1,A,普通化學(一),3,必,60,57,,3,楊佳寧,C02-406,,,,,"5,6, 7",,,"[{""day"": 5, ""dayName"": ""星期五"", ""periods"": [""5"", ""6"", ""7""], ""raw"": ""5,6, 7""}]",,大班使用C02-406,https://course.nuk.edu.tw/QueryCourse/tcontent.asp?OpenYear=106&Helf=1&Sclass=LS&Cono=A07A,2026-08-26T18:17:54+00:00
106-1-LS-A08A-A-1-A,106,1,理學院,LS,生命科學系,A08A,A,大學部,1,A,普通化學實驗(一),1,必,60,44,,16,黃重期 鄭竣亦,C02-203,,"2,3, 4",,,,,,"[{""day"": 2, ""dayName"": ""星期二"", ""periods"": [""2"", ""3"", ""4""], ""raw"": ""2,3, 4""}]",,C02-203,https://course.nuk.edu.tw/QueryCourse/tcontent.asp?OpenYear=106&Helf=1&Sclass=LS&Cono=A08A,2026-08-26T18:17:54+00:00
106-1-LS-A10A-A-1-A,106,1,理學院,LS,生命科學系,A10A,A,大學部,1,A,微積分(一),2,必,60,58,,2,楊佳寧,C02-406,,,,"5,6",,,,"[{""day"": 4, ""dayName"": ""星期四"", ""periods"": [""5"", ""6""], ""raw"": ""5,6""}]",,大班使用C02-406,https://course.nuk.edu.tw/QueryCourse/tcontent.asp?OpenYear=106&Helf=1&Sclass=LS&Cono=A10A,2026-08-26T18:17:54+00:00
106-1-LS-A18A-A-1-A,106,1,理學院,LS,生命科學系,A18A,A,大學部,1,A,普通物理學(一),2,必,60,46,,14,蔡進譯,C02-108,,,,"8,9",,,,"[{""day"": 4, ""dayName"": ""星期四"", ""periods"": [""8"", ""9""], ""raw"": ""8,9""}]",,,https://course.nuk.edu.tw/QueryCourse/tcontent.asp?OpenYear=106&Helf=1&Sclass=LS&Cono=A18A,2026-08-26T18:17:54+00:00
106-1-LS-A501-A-1-A,106,1,理學院,LS,生命科學系,A501,A,大學部,1,A,生物技術概論,2,選,60,46,,14,鄭竣亦 葛孟杰,C02-102,,"5,6",,,,,,"[{""day"": 2, ""dayName"": ""星期二"", ""periods"": [""5"", ""6""], ""raw"": ""5,6""}]",,隸屬生技產業跨領域學程,https://course.nuk.edu.tw/QueryCourse/tcontent.asp?OpenYear=106&Helf=1&Sclass=LS&Cono=A501,2026-08-26T18:17:54+00:00
106-1-LS-B011-A-2-A,106,1,理學院,LS,生命科學系,B011,A,大學部,2,A,有機化學,3,必,61,59,,2,鄭竣亦,C02-105,,,,,"2,3, 4",,,"[{""day"": 5, ""dayName"": ""星期五"", ""periods"": [""2"", ""3"", ""4""], ""raw"": ""2,3, 4""}]",學程,隸屬生技產業跨領域學程,https://course.nuk.edu.tw/QueryCourse/tcontent.asp?OpenYear=106&Helf=1&Sclass=LS&Cono=B011,2026-08-26T18:17:54+00:00
106-1-LS-B031-A-2-A,106,1,理學院,LS,生命科學系,B031,A,大學部,2,A,微生物學,3,必,60,51,,9,林順富,C02-101,,,"2,3, 4",,,,,"[{""day"": 3, ""dayName"": ""星期三"", ""periods"": [""2"", ""3"", ""4""], ""raw"": ""2,3, 4""}]",學程,隸屬生技產業跨領域學程,https://course.nuk.edu.tw/QueryCourse/tcontent.asp?OpenYear=106&Helf=1&Sclass=LS&Cono=B031,2026-08-26T18:17:54+00:00
106-1-LS-B042-A-2-A,106,1,理學院,LS,生命科學系,B042,A,大學部,2,A,微生物學實驗(A),1,必,30,20,,10,林順富,C02-201,,"2,3, 4",,,,,,"[{""day"": 2, ""dayName"": ""星期二"", ""periods"": [""2"", ""3"", ""4""], ""raw"": ""2,3, 4""}]",,生命科學系二年級雙號學生，使用C02-201實驗室,https://course.nuk.edu.tw/QueryCourse/tcontent.asp?OpenYear=106&Helf=1&Sclass=LS&Cono=B042,2026-08-26T18:17:54+00:00
106-1-LS-B043-A-2-A,106,1,理學院,LS,生命科學系,B043,A,大學部,2,A,微生物學實驗(B),1,必,30,19,,11,林順富,C02-201,,"5,6, 7",,,,,,"[{""day"": 2, ""dayName"": ""星期二"", ""periods"": [""5"", ""6"", ""7""], ""raw"": ""5,6, 7""}]",,生命科學系二年級單號學生，使用C02-201實驗室,https://course.nuk.edu.tw/QueryCourse/tcontent.asp?OpenYear=106&Helf=1&Sclass=LS&Cono=B043,2026-08-26T18:17:54+00:00
106-1-LS-B051-A-2-A,106,1,理學院,LS,生命科學系,B051,A,大學部,2,A,遺傳學,3,必,60,48,,12,高佑靈,C02-407,"2,3, 4",,,,,,,"[{""day"": 1, ""dayName"": ""星期一"", ""periods"": [""2"", ""3"", ""4""], ""raw"": ""2,3, 4""}]",,,https://course.nuk.edu.tw/QueryCourse/tcontent.asp?OpenYear=106&Helf=1&Sclass=LS&Cono=B051,2026-08-26T18:17:54+00:00
106-1-LS-B062-A-2-A,106,1,理學院,LS,生命科學系,B062,A,大學部,2,A,遺傳學實驗(A),1,必,30,22,,8,高佑靈,C02-202,,"2,3, 4",,,,,,"[{""day"": 2, ""dayName"": ""星期二"", ""periods"": [""2"", ""3"", ""4""], ""raw"": ""2,3, 4""}]",,生命科學系二年級單號學生，使用C02-202實驗室,https://course.nuk.edu.tw/QueryCourse/tcontent.asp?OpenYear=106&Helf=1&Sclass=LS&Cono=B062,2026-08-26T18:17:54+00:00
106-1-LS-B063-A-2-A,106,1,理學院,LS,生命科學系,B063,A,大學部,2,A,遺傳學實驗(B),1,必,30,22,,8,高佑靈,C02-202,,"5,6, 7",,,,,,"[{""day"": 2, ""dayName"": ""星期二"", ""periods"": [""5"", ""6"", ""7""], ""raw"": ""5,6, 7""}]",,生命科學系二年級雙號學生，使用C02-202實驗室,https://course.nuk.edu.tw/QueryCourse/tcontent.asp?OpenYear=106&Helf=1&Sclass=LS&Cono=B063,2026-08-26T18:17:54+00:00
106-1-LS-B614-A-2-A,106,1,理學院,LS,生命科學系,B614,A,大學部,2,A,魚類學概論,3,選,60,18,,42,黃永森,M01-102,,,,"5,6, 7",,,,"[{""day"": 4, ""dayName"": ""星期四"", ""periods"": [""5"", ""6"", ""7""], ""raw"": ""5,6, 7""}]",,開放生科系大二以上選修,https://course.nuk.edu.tw/QueryCourse/tcontent.asp?OpenYear=106&Helf=1&Sclass=LS&Cono=B614,2026-08-26T18:17:54+00:00
106-1-LS-B621-A-2-A,106,1,理學院,LS,生命科學系,B621,A,大學部,2,A,天然物生物活性,3,選,30,24,,6,施能朗,C02-106,,,,"2,3, 4",,,,"[{""day"": 4, ""dayName"": ""星期四"", ""periods"": [""2"", ""3"", ""4""], ""raw"": ""2,3, 4""}]",,,https://course.nuk.edu.tw/QueryCourse/tcontent.asp?OpenYear=106&Helf=1&Sclass=LS&Cono=B621,2026-08-26T18:17:54+00:00
106-1-LS-B641-A-3-A,106,1,理學院,LS,生命科學系,B641,A,大學部,3,A,生物科技英文,3,選,20,18,,2,高佑靈,C02-102,,,"2,3, 4",,,,,"[{""day"": 3, ""dayName"": ""星期三"", ""periods"": [""2"", ""3"", ""4""], ""raw"": ""2,3, 4""}]",,蔡奎如老師共同授課，時間：11/8、11/22、12/27、1/10,https://course.nuk.edu.tw/QueryCourse/tcontent.asp?OpenYear=106&Helf=1&Sclass=LS&Cono=B641,2026-08-26T18:17:54+00:00
106-1-LS-C01B-A-3-A,106,1,理學院,LS,生命科學系,C01B,A,大學部,3,A,生物化學(二),3,必,60,47,,13,王恒隆,C02-101,,,,"2,3, 4",,,,"[{""day"": 4, ""dayName"": ""星期四"", ""periods"": [""2"", ""3"", ""4""], ""raw"": ""2,3, 4""}]",,,https://course.nuk.edu.tw/QueryCourse/tcontent.asp?OpenYear=106&Helf=1&Sclass=LS&Cono=C01B,2026-08-26T18:17:54+00:00
106-1-LS-C021-A-3-A,106,1,理學院,LS,生命科學系,C021,A,大學部,3,A,生物化學實驗(一)(A),1,必,30,21,,9,溫秋明,C02-201,,,"2,3, 4",,,,,"[{""day"": 3, ""dayName"": ""星期三"", ""periods"": [""2"", ""3"", ""4""], ""raw"": ""2,3, 4""}]",,單號學生，使用C02-201實驗室,https://course.nuk.edu.tw/QueryCourse/tcontent.asp?OpenYear=106&Helf=1&Sclass=LS&Cono=C021,2026-08-26T18:17:54+00:00
106-1-LS-C022-A-3-A,106,1,理學院,LS,生命科學系,C022,A,大學部,3,A,生物化學實驗(一)(B),1,必,30,21,,9,溫秋明,C02-201,,,"5,6, 7",,,,,"[{""day"": 3, ""dayName"": ""星期三"", ""periods"": [""5"", ""6"", ""7""], ""raw"": ""5,6, 7""}]",,雙號學生，使用C02-201實驗室使用,https://course.nuk.edu.tw/QueryCourse/tcontent.asp?OpenYear=106&Helf=1&Sclass=LS&Cono=C022,2026-08-26T18:17:54+00:00
106-1-LS-C081-A-3-A,106,1,理學院,LS,生命科學系,C081,A,大學部,3,A,動物生理學,3,必,60,20,,40,溫秋明,C02-102,"2,3, 4",,,,,,,"[{""day"": 1, ""dayName"": ""星期一"", ""periods"": [""2"", ""3"", ""4""], ""raw"": ""2,3, 4""}]",學程,隸屬生技產業跨領域學程,https://course.nuk.edu.tw/QueryCourse/tcontent.asp?OpenYear=106&Helf=1&Sclass=LS&Cono=C081,2026-08-26T18:17:54+00:00
106-1-LS-C501-A-3-A,106,1,理學院,LS,生命科學系,C501,A,大學部,3,A,病毒學,3,選,60,19,,41,王俊順,C02-102,,,"7,8, 9",,,,,"[{""day"": 3, ""dayName"": ""星期三"", ""periods"": [""7"", ""8"", ""9""], ""raw"": ""7,8, 9""}]",,,https://course.nuk.edu.tw/QueryCourse/tcontent.asp?OpenYear=106&Helf=1&Sclass=LS&Cono=C501,2026-08-26T18:17:54+00:00
106-1-LS-C511-A-3-A,106,1,理學院,LS,生命科學系,C511,A,大學部,3,A,胚胎學,3,選,60,12,,48,施能朗,C02-104,,"5,6, 7",,,,,,"[{""day"": 2, ""dayName"": ""星期二"", ""periods"": [""5"", ""6"", ""7""], ""raw"": ""5,6, 7""}]",,,https://course.nuk.edu.tw/QueryCourse/tcontent.asp?OpenYear=106&Helf=1&Sclass=LS&Cono=C511,2026-08-26T18:17:54+00:00
106-1-LS-C551-A-3-A,106,1,理學院,LS,生命科學系,C551,A,大學部,3,A,光譜學導論,3,選,60,8,,52,鄭竣亦,C02-102,"5,6, 7",,,,,,,"[{""day"": 1, ""dayName"": ""星期一"", ""periods"": [""5"", ""6"", ""7""], ""raw"": ""5,6, 7""}]",,,https://course.nuk.edu.tw/QueryCourse/tcontent.asp?OpenYear=106&Helf=1&Sclass=LS&Cono=C551,2026-08-26T18:17:54+00:00
106-1-LS-C574-A-3-A,106,1,理學院,LS,生命科學系,C574,A,大學部,3,A,天然物生合成路徑概論,3,選,60,8,,52,鄭竣亦,C02-600,,,,"5,6, 7",,,,"[{""day"": 4, ""dayName"": ""星期四"", ""periods"": [""5"", ""6"", ""7""], ""raw"": ""5,6, 7""}]",,,https://course.nuk.edu.tw/QueryCourse/tcontent.asp?OpenYear=106&Helf=1&Sclass=LS&Cono=C574,2026-08-26T18:17:54+00:00
106-1-LS-C621-A-3-A,106,1,理學院,LS,生命科學系,C621,A,大學部,3,A,內分泌學,3,選,60,23,,37,黃永森,C02-102,,,,,"5,6, 7",,,"[{""day"": 5, ""dayName"": ""星期五"", ""periods"": [""5"", ""6"", ""7""], ""raw"": ""5,6, 7""}]",,,https://course.nuk.edu.tw/QueryCourse/tcontent.asp?OpenYear=106&Helf=1&Sclass=LS&Cono=C621,2026-08-26T18:17:54+00:00
106-1-LS-C651-A-3-A,106,1,理學院,LS,生命科學系,C651,A,大學部,3,A,植物組織培養學及實驗,3,選,20,20,,0,陳彥澄,C02-103,,"5,6, 7",,,,,,"[{""day"": 2, ""dayName"": ""星期二"", ""periods"": [""5"", ""6"", ""7""], ""raw"": ""5,6, 7""}]",學程,"開放生科系大二及大四選修,隸屬生技產業跨領域學程",https://course.nuk.edu.tw/QueryCourse/tcontent.asp?OpenYear=106&Helf=1&Sclass=LS&Cono=C651,2026-08-26T18:17:54+00:00
106-1-LS-C660-A-3-A,106,1,理學院,LS,生命科學系,C660,A,大學部,3,A,微生物生理學,3,選,60,28,,32,林順富,C02-103,,,,"5,6, 7",,,,"[{""day"": 4, ""dayName"": ""星期四"", ""periods"": [""5"", ""6"", ""7""], ""raw"": ""5,6, 7""}]",,,https://course.nuk.edu.tw/QueryCourse/tcontent.asp?OpenYear=106&Helf=1&Sclass=LS&Cono=C660,2026-08-26T18:17:54+00:00
106-1-LS-C811-A-3-A,106,1,理學院,LS,生命科學系,C811,A,大學部,3,A,分子生物學導論,3,選,60,37,,23,施能朗,C02-104,,"2,3, 4",,,,,,"[{""day"": 2, ""dayName"": ""星期二"", ""periods"": [""2"", ""3"", ""4""], ""raw"": ""2,3, 4""}]",,,https://course.nuk.edu.tw/QueryCourse/tcontent.asp?OpenYear=106&Helf=1&Sclass=LS&Cono=C811,2026-08-26T18:17:54+00:00
106-1-LS-C791-A-4-A,106,1,理學院,LS,生命科學系,C791,A,大學部,4,A,免疫學特論,3,選,60,9,,51,王俊順,C02-101,,"5,6, 7",,,,,,"[{""day"": 2, ""dayName"": ""星期二"", ""periods"": [""5"", ""6"", ""7""], ""raw"": ""5,6, 7""}]",,,https://course.nuk.edu.tw/QueryCourse/tcontent.asp?OpenYear=106&Helf=1&Sclass=LS&Cono=C791,2026-08-26T18:17:54+00:00
106-1-LS-D001-A-4-A,106,1,理學院,LS,生命科學系,D001,A,大學部,4,A,書報討論(一),1,必,60,41,,19,王恒隆 林順富 楊佳寧,C02-102,,,,"8,9",,,,"[{""day"": 4, ""dayName"": ""星期四"", ""periods"": [""8"", ""9""], ""raw"": ""8,9""}]",,,https://course.nuk.edu.tw/QueryCourse/tcontent.asp?OpenYear=106&Helf=1&Sclass=LS&Cono=D001,2026-08-26T18:17:54+00:00
106-1-LS-D544-A-4-A,106,1,理學院,LS,生命科學系,D544,A,大學部,4,A,水生環境管理與水族增殖概論,3,選,60,8,,52,黃永森,C02-102,,,,,"2,3, 4",,,"[{""day"": 5, ""dayName"": ""星期五"", ""periods"": [""2"", ""3"", ""4""], ""raw"": ""2,3, 4""}]",,開放生科系大二及大三選修,https://course.nuk.edu.tw/QueryCourse/tcontent.asp?OpenYear=106&Helf=1&Sclass=LS&Cono=D544,2026-08-26T18:17:54+00:00
106-1-LS-D631-A-4-A,106,1,理學院,LS,生命科學系,D631,A,大學部,4,A,學士論文,2,選,20,8,,12,林順富 高佑靈 黃永森 楊文仁 溫秋明,,"10,11",,,,,,,"[{""day"": 1, ""dayName"": ""星期一"", ""periods"": [""10"", ""11""], ""raw"": ""10,11""}]",,各老師實驗室,https://course.nuk.edu.tw/QueryCourse/tcontent.asp?OpenYear=106&Helf=1&Sclass=LS&Cono=D631,2026-08-26T18:17:54+00:00
106-1-LS-F563-A-4-A,106,1,理學院,LS,生命科學系,F563,A,大學部,4,A,生物多樣性,3,選,15,4,,11,黃重期,C02-110,,,"7,8, 9",,,,,"[{""day"": 3, ""dayName"": ""星期三"", ""periods"": [""7"", ""8"", ""9""], ""raw"": ""7,8, 9""}]",,與碩士班合開,https://course.nuk.edu.tw/QueryCourse/tcontent.asp?OpenYear=106&Helf=1&Sclass=LS&Cono=F563,2026-08-26T18:17:54+00:00
106-1-LS-F592-A-4-A,106,1,理學院,LS,生命科學系,F592,A,大學部,4,A,生技產品功效驗證分析,3,選,30,12,,18,王恒隆 楊文仁,C02-106,,,,,"2,3, 4",,,"[{""day"": 5, ""dayName"": ""星期五"", ""periods"": [""2"", ""3"", ""4""], ""raw"": ""2,3, 4""}]",學程,"與碩士班合開,隸屬生技產業跨領域學程。",https://course.nuk.edu.tw/QueryCourse/tcontent.asp?OpenYear=106&Helf=1&Sclass=LS&Cono=F592,2026-08-26T18:17:54+00:00
106-1-LS-F00A-M-1-,106,1,理學院,LS,生命科學系,F00A,M,碩士班,1,,專題討論(一),1,必,25,7,,18,王俊順 高佑靈,C02-104,,,"5,6",,,,,"[{""day"": 3, ""dayName"": ""星期三"", ""periods"": [""5"", ""6""], ""raw"": ""5,6""}]",,開放生科系大學部四年級選修,https://course.nuk.edu.tw/QueryCourse/tcontent.asp?OpenYear=106&Helf=1&Sclass=LS&Cono=F00A,2026-08-26T18:17:54+00:00
106-1-LS-F01A-M-1-,106,1,理學院,LS,生命科學系,F01A,M,碩士班,1,,專題研究(一),1,必,15,8,,7,楊文仁 葛孟杰 林順富 高佑靈 鄭竣亦,C02-110,,"10,11",,,,,,"[{""day"": 2, ""dayName"": ""星期二"", ""periods"": [""10"", ""11""], ""raw"": ""10,11""}]",,開放生科系大學部四年級選修,https://course.nuk.edu.tw/QueryCourse/tcontent.asp?OpenYear=106&Helf=1&Sclass=LS&Cono=F01A,2026-08-26T18:17:54+00:00
106-1-LS-F022-M-1-,106,1,理學院,LS,生命科學系,F022,M,碩士班,1,,分子生物學特論,3,必,15,6,,9,楊文仁,C02-110,,,"2,3, 4",,,,,"[{""day"": 3, ""dayName"": ""星期三"", ""periods"": [""2"", ""3"", ""4""], ""raw"": ""2,3, 4""}]",,開放本系大四選修,https://course.nuk.edu.tw/QueryCourse/tcontent.asp?OpenYear=106&Helf=1&Sclass=LS&Cono=F022,2026-08-26T18:17:54+00:00
106-1-LS-F500-M-1-,106,1,理學院,LS,生命科學系,F500,M,碩士班,1,,教學實務演練(生命科學系),0,選,28,14,,14,陳彥澄,,,X,,,,,,"[{""day"": 2, ""dayName"": ""星期二"", ""periods"": [""X""], ""raw"": ""X""}]",外加,指定加簽，申請擔任學習型兼任教學助理之學生必須修習本課程。請於加退選作業結束前上網完成選課作業。,https://course.nuk.edu.tw/QueryCourse/tcontent.asp?OpenYear=106&Helf=1&Sclass=LS&Cono=F500,2026-08-26T18:17:54+00:00
106-1-LS-F502-M-1-,106,1,理學院,LS,生命科學系,F502,M,碩士班,1,,分子生物技術,3,選,15,5,,10,葛孟杰,C02-110,,,,"5,6, 7",,,,"[{""day"": 4, ""dayName"": ""星期四"", ""periods"": [""5"", ""6"", ""7""], ""raw"": ""5,6, 7""}]",,"開放生科系大學部三年級及四年級選修,隸屬生技產業跨領域學程",https://course.nuk.edu.tw/QueryCourse/tcontent.asp?OpenYear=106&Helf=1&Sclass=LS&Cono=F502,2026-08-26T18:17:54+00:00
106-1-LS-F521-M-1-,106,1,理學院,LS,生命科學系,F521,M,碩士班,1,,高等微生物學,3,選,15,3,,12,林順富,C02-101,,,,,"9,10, 11",,,"[{""day"": 5, ""dayName"": ""星期五"", ""periods"": [""9"", ""10"", ""11""], ""raw"": ""9,10, 11""}]",,開放生科系大三、大四選修,https://course.nuk.edu.tw/QueryCourse/tcontent.asp?OpenYear=106&Helf=1&Sclass=LS&Cono=F521,2026-08-26T18:17:54+00:00
106-1-LS-F524-M-1-,106,1,理學院,LS,生命科學系,F524,M,碩士班,1,,生物科技特論,3,選,15,4,,11,楊文仁,C02-110,"5,6, 7",,,,,,,"[{""day"": 1, ""dayName"": ""星期一"", ""periods"": [""5"", ""6"", ""7""], ""raw"": ""5,6, 7""}]",,開放生科系大學部四年級選修,https://course.nuk.edu.tw/QueryCourse/tcontent.asp?OpenYear=106&Helf=1&Sclass=LS&Cono=F524,2026-08-26T18:17:54+00:00
106-1-LS-F542-M-1-,106,1,理學院,LS,生命科學系,F542,M,碩士班,1,,細胞與分子免疫學,3,選,15,4,,11,楊文仁,C02-110,,"2,3, 4",,,,,,"[{""day"": 2, ""dayName"": ""星期二"", ""periods"": [""2"", ""3"", ""4""], ""raw"": ""2,3, 4""}]",,開放生科系大學部四年級選修,https://course.nuk.edu.tw/QueryCourse/tcontent.asp?OpenYear=106&Helf=1&Sclass=LS&Cono=F542,2026-08-26T18:17:54+00:00
106-1-LS-F563-M-1-,106,1,理學院,LS,生命科學系,F563,M,碩士班,1,,生物多樣性,3,選,15,4,,11,黃重期,C02-110,,,"7,8, 9",,,,,"[{""day"": 3, ""dayName"": ""星期三"", ""periods"": [""7"", ""8"", ""9""], ""raw"": ""7,8, 9""}]",,與大學部四年級合開,https://course.nuk.edu.tw/QueryCourse/tcontent.asp?OpenYear=106&Helf=1&Sclass=LS&Cono=F563,2026-08-26T18:17:54+00:00
106-1-LS-F572-M-1-,106,1,理學院,LS,生命科學系,F572,M,碩士班,1,,動物細胞培養學特論及實驗,3,選,15,3,,12,溫秋明,C02-110,,,,,"2,3, 4",,,"[{""day"": 5, ""dayName"": ""星期五"", ""periods"": [""2"", ""3"", ""4""], ""raw"": ""2,3, 4""}]",,開放本系大三及大四選修,https://course.nuk.edu.tw/QueryCourse/tcontent.asp?OpenYear=106&Helf=1&Sclass=LS&Cono=F572,2026-08-26T18:17:54+00:00
106-1-LS-F581-M-1-,106,1,理學院,LS,生命科學系,F581,M,碩士班,1,,天然物化學,3,選,15,5,,10,鄭竣亦,C02-110,"2,3, 4",,,,,,,"[{""day"": 1, ""dayName"": ""星期一"", ""periods"": [""2"", ""3"", ""4""], ""raw"": ""2,3, 4""}]",,開放生科系大學部四年級選修,https://course.nuk.edu.tw/QueryCourse/tcontent.asp?OpenYear=106&Helf=1&Sclass=LS&Cono=F581,2026-08-26T18:17:54+00:00
106-1-LS-F592-M-1-,106,1,理學院,LS,生命科學系,F592,M,碩士班,1,,生技產品功效驗證分析,3,選,30,12,,18,王恒隆 楊文仁,C02-106,,,,,"2,3, 4",,,"[{""day"": 5, ""dayName"": ""星期五"", ""periods"": [""2"", ""3"", ""4""], ""raw"": ""2,3, 4""}]",學程,"與大學部合開,隸屬生技產業跨領域學程。",https://course.nuk.edu.tw/QueryCourse/tcontent.asp?OpenYear=106&Helf=1&Sclass=LS&Cono=F592,2026-08-26T18:17:54+00:00
106-1-LS-G00C-M-2-,106,1,理學院,LS,生命科學系,G00C,M,碩士班,2,,專題討論(三),1,必,15,8,,7,王俊順 林順富,C02-110,"8,9",,,,,,,"[{""day"": 1, ""dayName"": ""星期一"", ""periods"": [""8"", ""9""], ""raw"": ""8,9""}]",,,https://course.nuk.edu.tw/QueryCourse/tcontent.asp?OpenYear=106&Helf=1&Sclass=LS&Cono=G00C,2026-08-26T18:17:54+00:00
106-1-LS-G01C-M-2-,106,1,理學院,LS,生命科學系,G01C,M,碩士班,2,,專題研究(三),1,必,15,9,,6,楊文仁 王俊順 高佑靈 鄭竣亦 施能朗 王恒隆 黃重期,C02-106,,,,,"10,11",,,"[{""day"": 5, ""dayName"": ""星期五"", ""periods"": [""10"", ""11""], ""raw"": ""10,11""}]",,,https://course.nuk.edu.tw/QueryCourse/tcontent.asp?OpenYear=106&Helf=1&Sclass=LS&Cono=G01C,2026-08-26T18:17:54+00:00
106-1-ST-F672-A-4-A,106,1,理學院,ST,統計學研究所,F672,A,大學部,4,A,Python 程式,3,選,35,28,,7,黃錦輝,C02-320,,,,5,"5,6",,,"[{""day"": 4, ""dayName"": ""星期四"", ""periods"": [""5""], ""raw"": ""5""}, {""day"": 5, ""dayName"": ""星期五"", ""periods"": [""5"", ""6""], ""raw"": ""5,6""}]",,統計所、應數系大四、碩士班合開，上課教室：320,https://course.nuk.edu.tw/QueryCourse/tcontent.asp?OpenYear=106&Helf=1&Sclass=ST&Cono=F672,2026-08-26T18:17:54+00:00
106-1-ST-G604-A-4-A,106,1,理學院,ST,統計學研究所,G604,A,大學部,4,A,統計學習,3,選,30,13,,17,張志浩,C02-320,"3,4",,2,,,,,"[{""day"": 1, ""dayName"": ""星期一"", ""periods"": [""3"", ""4""], ""raw"": ""3,4""}, {""day"": 3, ""dayName"": ""星期三"", ""periods"": [""2""], ""raw"": ""2""}]",,與統計學研究所，應數系大四、碩士班合開，上課教室:理320,https://course.nuk.edu.tw/QueryCourse/tcontent.asp?OpenYear=106&Helf=1&Sclass=ST&Cono=G604,2026-08-26T18:17:54+00:00
106-1-ST-F511-M-1-,106,1,理學院,ST,統計學研究所,F511,M,碩士班,1,,數理統計,3,選,30,13,,17,郭錕霖,C02-320,"7,8",,,8,,,,"[{""day"": 1, ""dayName"": ""星期一"", ""periods"": [""7"", ""8""], ""raw"": ""7,8""}, {""day"": 4, ""dayName"": ""星期四"", ""periods"": [""8""], ""raw"": ""8""}]",,應用數學系大三、大四學生亦可修,https://course.nuk.edu.tw/QueryCourse/tcontent.asp?OpenYear=106&Helf=1&Sclass=ST&Cono=F511,2026-08-26T18:17:54+00:00
106-1-ST-F521-M-1-,106,1,理學院,ST,統計學研究所,F521,M,碩士班,1,,迴歸分析,3,選,30,20,,10,許湘伶,C02-320,,"2,3",,2,,,,"[{""day"": 2, ""dayName"": ""星期二"", ""periods"": [""2"", ""3""], ""raw"": ""2,3""}, {""day"": 4, ""dayName"": ""星期四"", ""periods"": [""2""], ""raw"": ""2""}]",,應用數學系大三、大四學生亦可修,https://course.nuk.edu.tw/QueryCourse/tcontent.asp?OpenYear=106&Helf=1&Sclass=ST&Cono=F521,2026-08-26T18:17:54+00:00
106-1-ST-F531-M-1-,106,1,理學院,ST,統計學研究所,F531,M,碩士班,1,,統計品管,3,選,30,7,,23,許湘伶,C02-320,,,,"6,7",4,,,"[{""day"": 4, ""dayName"": ""星期四"", ""periods"": [""6"", ""7""], ""raw"": ""6,7""}, {""day"": 5, ""dayName"": ""星期五"", ""periods"": [""4""], ""raw"": ""4""}]",,應用數學系大三、大四學生亦可修,https://course.nuk.edu.tw/QueryCourse/tcontent.asp?OpenYear=106&Helf=1&Sclass=ST&Cono=F531,2026-08-26T18:17:54+00:00
106-1-ST-F653-M-1-,106,1,理學院,ST,統計學研究所,F653,M,碩士班,1,,統計風險模型,3,選,30,6,,24,張志浩,C02-320,,,3,"3,4",,,,"[{""day"": 3, ""dayName"": ""星期三"", ""periods"": [""3""], ""raw"": ""3""}, {""day"": 4, ""dayName"": ""星期四"", ""periods"": [""3"", ""4""], ""raw"": ""3,4""}]",,應用數學系大三、大四學生亦可修,https://course.nuk.edu.tw/QueryCourse/tcontent.asp?OpenYear=106&Helf=1&Sclass=ST&Cono=F653,2026-08-26T18:17:54+00:00
106-1-ST-F672-M-1-,106,1,理學院,ST,統計學研究所,F672,M,碩士班,1,,Python 程式,3,選,35,28,,7,黃錦輝,C02-320,,,,5,"5,6",,,"[{""day"": 4, ""dayName"": ""星期四"", ""periods"": [""5""], ""raw"": ""5""}, {""day"": 5, ""dayName"": ""星期五"", ""periods"": [""5"", ""6""], ""raw"": ""5,6""}]",,統計所、應數系大四、碩班合開，上課教室：理320,https://course.nuk.edu.tw/QueryCourse/tcontent.asp?OpenYear=106&Helf=1&Sclass=ST&Cono=F672,2026-08-26T18:17:54+00:00
106-1-ST-F681-M-1-,106,1,理學院,ST,統計學研究所,F681,M,碩士班,1,,基礎統計,3,選,30,13,,17,張志浩,C02-320,2,,,,"2,3",,,"[{""day"": 1, ""dayName"": ""星期一"", ""periods"": [""2""], ""raw"": ""2""}, {""day"": 5, ""dayName"": ""星期五"", ""periods"": [""2"", ""3""], ""raw"": ""2,3""}]",,,https://course.nuk.edu.tw/QueryCourse/tcontent.asp?OpenYear=106&Helf=1&Sclass=ST&Cono=F681,2026-08-26T18:17:54+00:00
106-1-ST-F711-M-1-,106,1,理學院,ST,統計學研究所,F711,M,碩士班,1,,線性模型,3,選,30,17,,13,俞淑惠,C02-320,"5,6",,4,,,,,"[{""day"": 1, ""dayName"": ""星期一"", ""periods"": [""5"", ""6""], ""raw"": ""5,6""}, {""day"": 3, ""dayName"": ""星期三"", ""periods"": [""4""], ""raw"": ""4""}]",,應用數學系大三、大四學生亦可修,https://course.nuk.edu.tw/QueryCourse/tcontent.asp?OpenYear=106&Helf=1&Sclass=ST&Cono=F711,2026-08-26T18:17:54+00:00
106-1-ST-F761-M-1-,106,1,理學院,ST,統計學研究所,F761,M,碩士班,1,,信用風險分析,3,選,30,13,,17,俞淑惠,C02-320,,4,"5,6",,,,,"[{""day"": 2, ""dayName"": ""星期二"", ""periods"": [""4""], ""raw"": ""4""}, {""day"": 3, ""dayName"": ""星期三"", ""periods"": [""5"", ""6""], ""raw"": ""5,6""}]",,應用數學系大三、大四學生亦可修,https://course.nuk.edu.tw/QueryCourse/tcontent.asp?OpenYear=106&Helf=1&Sclass=ST&Cono=F761,2026-08-26T18:17:54+00:00
106-1-ST-G552-M-1-,106,1,理學院,ST,統計學研究所,G552,M,碩士班,1,,大數據探勘,3,選,30,18,,12,許湘伶,C02-320,,5,,,"7,8",,,"[{""day"": 2, ""dayName"": ""星期二"", ""periods"": [""5""], ""raw"": ""5""}, {""day"": 5, ""dayName"": ""星期五"", ""periods"": [""7"", ""8""], ""raw"": ""7,8""}]",學程,應用數學系大三、大四學生亦可修，隸屬智慧生活整合創新學程。,https://course.nuk.edu.tw/QueryCourse/tcontent.asp?OpenYear=106&Helf=1&Sclass=ST&Cono=G552,2026-08-26T18:17:54+00:00
106-1-ST-G595-M-1-,106,1,理學院,ST,統計學研究所,G595,M,碩士班,1,,應用財務專題研究,3,選,10,3,,7,俞淑惠,C02-320,,"6,7",1,,,,,"[{""day"": 2, ""dayName"": ""星期二"", ""periods"": [""6"", ""7""], ""raw"": ""6,7""}, {""day"": 3, ""dayName"": ""星期三"", ""periods"": [""1""], ""raw"": ""1""}]",,應用數學系大三、大四學生亦可修,https://course.nuk.edu.tw/QueryCourse/tcontent.asp?OpenYear=106&Helf=1&Sclass=ST&Cono=G595,2026-08-26T18:17:54+00:00
106-1-ST-G604-M-1-,106,1,理學院,ST,統計學研究所,G604,M,碩士班,1,,統計學習,3,選,30,13,,17,張志浩,C02-320,"3,4",,2,,,,,"[{""day"": 1, ""dayName"": ""星期一"", ""periods"": [""3"", ""4""], ""raw"": ""3,4""}, {""day"": 3, ""dayName"": ""星期三"", ""periods"": [""2""], ""raw"": ""2""}]",,統計所、應數系大四、碩班合開，上課教室：理320,https://course.nuk.edu.tw/QueryCourse/tcontent.asp?OpenYear=106&Helf=1&Sclass=ST&Cono=G604,2026-08-26T18:17:54+00:00
106-1-ST-F01B-M-2-,106,1,理學院,ST,統計學研究所,F01B,M,碩士班,2,,書報討論(二),1,必,20,12,,8,郭錕霖,C02-320,,,"7,8",,,,,"[{""day"": 3, ""dayName"": ""星期三"", ""periods"": [""7"", ""8""], ""raw"": ""7,8""}]",,,https://course.nuk.edu.tw/QueryCourse/tcontent.asp?OpenYear=106&Helf=1&Sclass=ST&Cono=F01B,2026-08-26T18:17:54+00:00
106-1-ST-F500-M-2-,106,1,理學院,ST,統計學研究所,F500,M,碩士班,2,,教學實務演練(統計學研究所),0,選,1,1,,0,黃士峰,C02-320,,X,,,,,,"[{""day"": 2, ""dayName"": ""星期二"", ""periods"": [""X""], ""raw"": ""X""}]",禁止外加,,https://course.nuk.edu.tw/QueryCourse/tcontent.asp?OpenYear=106&Helf=1&Sclass=ST&Cono=F500,2026-08-26T18:17:54+00:00
106-1-ST-F511-M-2-,106,1,理學院,ST,統計學研究所,F511,M,碩士班,2,,數理統計,3,選,30,13,,17,郭錕霖,C02-320,"7,8",,,8,,,,"[{""day"": 1, ""dayName"": ""星期一"", ""periods"": [""7"", ""8""], ""raw"": ""7,8""}, {""day"": 4, ""dayName"": ""星期四"", ""periods"": [""8""], ""raw"": ""8""}]",,應用數學系大三、大四學生亦可修,https://course.nuk.edu.tw/QueryCourse/tcontent.asp?OpenYear=106&Helf=1&Sclass=ST&Cono=F511,2026-08-26T18:17:54+00:00
106-1-ST-F521-M-2-,106,1,理學院,ST,統計學研究所,F521,M,碩士班,2,,迴歸分析,3,選,30,20,,10,許湘伶,C02-320,,"2,3",,2,,,,"[{""day"": 2, ""dayName"": ""星期二"", ""periods"": [""2"", ""3""], ""raw"": ""2,3""}, {""day"": 4, ""dayName"": ""星期四"", ""periods"": [""2""], ""raw"": ""2""}]",,應用數學系大三、大四學生亦可修,https://course.nuk.edu.tw/QueryCourse/tcontent.asp?OpenYear=106&Helf=1&Sclass=ST&Cono=F521,2026-08-26T18:17:54+00:00
106-1-ST-F531-M-2-,106,1,理學院,ST,統計學研究所,F531,M,碩士班,2,,統計品管,3,選,30,7,,23,許湘伶,C02-320,,,,"6,7",4,,,"[{""day"": 4, ""dayName"": ""星期四"", ""periods"": [""6"", ""7""], ""raw"": ""6,7""}, {""day"": 5, ""dayName"": ""星期五"", ""periods"": [""4""], ""raw"": ""4""}]",,應用數學系大三、大四學生亦可修,https://course.nuk.edu.tw/QueryCourse/tcontent.asp?OpenYear=106&Helf=1&Sclass=ST&Cono=F531,2026-08-26T18:17:54+00:00
106-1-ST-F653-M-2-,106,1,理學院,ST,統計學研究所,F653,M,碩士班,2,,統計風險模型,3,選,30,6,,24,張志浩,C02-320,,,3,"3,4",,,,"[{""day"": 3, ""dayName"": ""星期三"", ""periods"": [""3""], ""raw"": ""3""}, {""day"": 4, ""dayName"": ""星期四"", ""periods"": [""3"", ""4""], ""raw"": ""3,4""}]",,應用數學系大三、大四學生亦可修,https://course.nuk.edu.tw/QueryCourse/tcontent.asp?OpenYear=106&Helf=1&Sclass=ST&Cono=F653,2026-08-26T18:17:54+00:00
106-1-ST-F672-M-2-,106,1,理學院,ST,統計學研究所,F672,M,碩士班,2,,Python 程式,3,選,35,28,,7,黃錦輝,C02-320,,,,5,"5,6",,,"[{""day"": 4, ""dayName"": ""星期四"", ""periods"": [""5""], ""raw"": ""5""}, {""day"": 5, ""dayName"": ""星期五"", ""periods"": [""5"", ""6""], ""raw"": ""5,6""}]",,與應用數學系大四、碩士班合開,https://course.nuk.edu.tw/QueryCourse/tcontent.asp?OpenYear=106&Helf=1&Sclass=ST&Cono=F672,2026-08-26T18:17:54+00:00
106-1-ST-F711-M-2-,106,1,理學院,ST,統計學研究所,F711,M,碩士班,2,,線性模型,3,選,30,17,,13,俞淑惠,C02-320,"5,6",,4,,,,,"[{""day"": 1, ""dayName"": ""星期一"", ""periods"": [""5"", ""6""], ""raw"": ""5,6""}, {""day"": 3, ""dayName"": ""星期三"", ""periods"": [""4""], ""raw"": ""4""}]",,應用數學系大三、大四學生亦可修,https://course.nuk.edu.tw/QueryCourse/tcontent.asp?OpenYear=106&Helf=1&Sclass=ST&Cono=F711,2026-08-26T18:17:54+00:00
106-1-ST-F761-M-2-,106,1,理學院,ST,統計學研究所,F761,M,碩士班,2,,信用風險分析,3,選,30,13,,17,俞淑惠,C02-320,,4,"5,6",,,,,"[{""day"": 2, ""dayName"": ""星期二"", ""periods"": [""4""], ""raw"": ""4""}, {""day"": 3, ""dayName"": ""星期三"", ""periods"": [""5"", ""6""], ""raw"": ""5,6""}]",,應用數學系大三、大四學生亦可修,https://course.nuk.edu.tw/QueryCourse/tcontent.asp?OpenYear=106&Helf=1&Sclass=ST&Cono=F761,2026-08-26T18:17:54+00:00
106-1-ST-G552-M-2-,106,1,理學院,ST,統計學研究所,G552,M,碩士班,2,,大數據探勘,3,選,30,18,,12,許湘伶,C02-320,,5,,,"7,8",,,"[{""day"": 2, ""dayName"": ""星期二"", ""periods"": [""5""], ""raw"": ""5""}, {""day"": 5, ""dayName"": ""星期五"", ""periods"": [""7"", ""8""], ""raw"": ""7,8""}]",學程,應用數學系大三、大四學生亦可修,https://course.nuk.edu.tw/QueryCourse/tcontent.asp?OpenYear=106&Helf=1&Sclass=ST&Cono=G552,2026-08-26T18:17:54+00:00
106-1-ST-G595-M-2-,106,1,理學院,ST,統計學研究所,G595,M,碩士班,2,,應用財務專題研究,3,選,10,3,,7,俞淑惠,C02-320,,"6,7",1,,,,,"[{""day"": 2, ""dayName"": ""星期二"", ""periods"": [""6"", ""7""], ""raw"": ""6,7""}, {""day"": 3, ""dayName"": ""星期三"", ""periods"": [""1""], ""raw"": ""1""}]",,應用數學系大三、大四學生亦可修,https://course.nuk.edu.tw/QueryCourse/tcontent.asp?OpenYear=106&Helf=1&Sclass=ST&Cono=G595,2026-08-26T18:17:54+00:00
106-1-ST-G604-M-2-,106,1,理學院,ST,統計學研究所,G604,M,碩士班,2,,統計學習,3,選,30,13,,17,張志浩,C02-320,"3,4",,2,,,,,"[{""day"": 1, ""dayName"": ""星期一"", ""periods"": [""3"", ""4""], ""raw"": ""3,4""}, {""day"": 3, ""dayName"": ""星期三"", ""periods"": [""2""], ""raw"": ""2""}]",,與應用數學系大四、碩士班合開,https://course.nuk.edu.tw/QueryCourse/tcontent.asp?OpenYear=106&Helf=1&Sclass=ST&Cono=G604,2026-08-26T18:17:54+00:00
106-1-AB-A01A-A-1-A,106,1,管理學院,AB,亞太工商管理學系,A01A,A,大學部,1,A,經濟學(一),3,必,87,87,,0,林聖蒨,L02-202,,,"2,3, 4",,,,,"[{""day"": 3, ""dayName"": ""星期三"", ""periods"": [""2"", ""3"", ""4""], ""raw"": ""2,3, 4""}]",限修及外加,"限亞太系學生選修,欲選修請洽授課老師",https://course.nuk.edu.tw/QueryCourse/tcontent.asp?OpenYear=106&Helf=1&Sclass=AB&Cono=A01A,2026-08-26T18:17:54+00:00
106-1-AB-A021-A-1-A,106,1,管理學院,AB,亞太工商管理學系,A021,A,大學部,1,A,亞太工商管理概論,3,必,70,70,,0,楊詠凱,M01-201,,,,"2,3, 4",,,,"[{""day"": 4, ""dayName"": ""星期四"", ""periods"": [""2"", ""3"", ""4""], ""raw"": ""2,3, 4""}]",學程,人文商管學程,https://course.nuk.edu.tw/QueryCourse/tcontent.asp?OpenYear=106&Helf=1&Sclass=AB&Cono=A021,2026-08-26T18:17:54+00:00
106-1-AB-A03A-A-1-A,106,1,管理學院,AB,亞太工商管理學系,A03A,A,大學部,1,A,會計學(一),3,必,75,74,,1,陳宜伶,M01-201,,"2,3, 4",,,,,,"[{""day"": 2, ""dayName"": ""星期二"", ""periods"": [""2"", ""3"", ""4""], ""raw"": ""2,3, 4""}]",外加,,https://course.nuk.edu.tw/QueryCourse/tcontent.asp?OpenYear=106&Helf=1&Sclass=AB&Cono=A03A,2026-08-26T18:17:54+00:00
106-1-AB-A121-A-1-A,106,1,管理學院,AB,亞太工商管理學系,A121,A,大學部,1,A,電腦概論,3,必,42,42,,0,蘇桓彥,L01-107,,"5,6, 7",,,,,,"[{""day"": 2, ""dayName"": ""星期二"", ""periods"": [""5"", ""6"", ""7""], ""raw"": ""5,6, 7""}]",外加,,https://course.nuk.edu.tw/QueryCourse/tcontent.asp?OpenYear=106&Helf=1&Sclass=AB&Cono=A121,2026-08-26T18:17:54+00:00
106-1-AB-A131-A-1-A,106,1,管理學院,AB,亞太工商管理學系,A131,A,大學部,1,A,電腦概論,3,必,40,25,,15,蘇桓彥,L01-107,,,,,"6,7, 8",,,"[{""day"": 5, ""dayName"": ""星期五"", ""periods"": [""6"", ""7"", ""8""], ""raw"": ""6,7, 8""}]",,,https://course.nuk.edu.tw/QueryCourse/tcontent.asp?OpenYear=106&Helf=1&Sclass=AB&Cono=A131,2026-08-26T18:17:54+00:00
106-1-AB-A161-A-1-A,106,1,管理學院,AB,亞太工商管理學系,A161,A,大學部,1,A,微積分（一）,3,必,78,78,,0,盧昆宏,M01-B102,"2,3, 4",,,,,,,"[{""day"": 1, ""dayName"": ""星期一"", ""periods"": [""2"", ""3"", ""4""], ""raw"": ""2,3, 4""}]",外加,,https://course.nuk.edu.tw/QueryCourse/tcontent.asp?OpenYear=106&Helf=1&Sclass=AB&Cono=A161,2026-08-26T18:17:54+00:00
106-1-AB-B03A-A-2-A,106,1,管理學院,AB,亞太工商管理學系,B03A,A,大學部,2,A,統計學(一),3,必,65,58,,7,莊寶鵰,M01-B102,,"2,3, 4",,,,,,"[{""day"": 2, ""dayName"": ""星期二"", ""periods"": [""2"", ""3"", ""4""], ""raw"": ""2,3, 4""}]",限修,"限亞太系學生選修,欲選修請洽授課老師",https://course.nuk.edu.tw/QueryCourse/tcontent.asp?OpenYear=106&Helf=1&Sclass=AB&Cono=B03A,2026-08-26T18:17:54+00:00
106-1-AB-B121-A-2-A,106,1,管理學院,AB,亞太工商管理學系,B121,A,大學部,2,A,行銷管理,3,選,100,98,,2,劉信賢,M01-201,"2,3, 4",,,,,,,"[{""day"": 1, ""dayName"": ""星期一"", ""periods"": [""2"", ""3"", ""4""], ""raw"": ""2,3, 4""}]",限修 學程,M01-201（與亞太工商管理學系合開）服務與智慧型創新創業學分學程,https://course.nuk.edu.tw/QueryCourse/tcontent.asp?OpenYear=106&Helf=1&Sclass=AB&Cono=B121,2026-08-26T18:17:54+00:00
106-1-AB-B131-A-2-A,106,1,管理學院,AB,亞太工商管理學系,B131,A,大學部,2,A,作業研究,3,必,40,36,,4,陳榮泰,M01-105,,,,"2,3, 4",,,,"[{""day"": 4, ""dayName"": ""星期四"", ""periods"": [""2"", ""3"", ""4""], ""raw"": ""2,3, 4""}]",限修 學程,"限亞太系學生選修,欲選修請洽授課老師、工管必修、服務與智慧型創新創業學分學程",https://course.nuk.edu.tw/QueryCourse/tcontent.asp?OpenYear=106&Helf=1&Sclass=AB&Cono=B131,2026-08-26T18:17:54+00:00
106-1-AB-B171-A-2-A,106,1,管理學院,AB,亞太工商管理學系,B171,A,大學部,2,A,亞太區域經濟發展,3,必,75,72,,3,許博翔,L02-202,,,,,"2,3, 4",,,"[{""day"": 5, ""dayName"": ""星期五"", ""periods"": [""2"", ""3"", ""4""], ""raw"": ""2,3, 4""}]",,,https://course.nuk.edu.tw/QueryCourse/tcontent.asp?OpenYear=106&Helf=1&Sclass=AB&Cono=B171,2026-08-26T18:17:54+00:00
106-1-AB-B624-A-2-A,106,1,管理學院,AB,亞太工商管理學系,B624,A,大學部,2,A,田野調查實務-蚵仔寮的漁文故事,2,選,60,15,,45,李亭林 王政弘,M01-105,,"8,9",,,,,,"[{""day"": 2, ""dayName"": ""星期二"", ""periods"": [""8"", ""9""], ""raw"": ""8,9""}]",,,https://course.nuk.edu.tw/QueryCourse/tcontent.asp?OpenYear=106&Helf=1&Sclass=AB&Cono=B624,2026-08-26T18:17:54+00:00
106-1-AB-C171-A-2-A,106,1,管理學院,AB,亞太工商管理學系,C171,A,大學部,2,A,商用英文,3,必,66,61,,5,黃佩琪,M01-B102,,"5,6, 7",,,,,,"[{""day"": 2, ""dayName"": ""星期二"", ""periods"": [""5"", ""6"", ""7""], ""raw"": ""5,6, 7""}]",限修及外加,限亞太系學生選修，欲選修請洽授課教師,https://course.nuk.edu.tw/QueryCourse/tcontent.asp?OpenYear=106&Helf=1&Sclass=AB&Cono=C171,2026-08-26T18:17:54+00:00
106-1-AB-B172-A-3-A,106,1,管理學院,AB,亞太工商管理學系,B172,A,大學部,3,A,亞太地區競爭力分析,3,必,66,66,,0,許博翔 業界教師,M01-B102,,,,"6,7, 8",,,,"[{""day"": 4, ""dayName"": ""星期四"", ""periods"": [""6"", ""7"", ""8""], ""raw"": ""6,7, 8""}]",外加 學程,人文與商管學程,https://course.nuk.edu.tw/QueryCourse/tcontent.asp?OpenYear=106&Helf=1&Sclass=AB&Cono=B172,2026-08-26T18:17:54+00:00
106-1-AB-C011-A-3-A,106,1,管理學院,AB,亞太工商管理學系,C011,A,大學部,3,A,作業管理,3,必,65,61,,4,陳榮泰,M01-B109,,"5,6, 7",,,,,,"[{""day"": 2, ""dayName"": ""星期二"", ""periods"": [""5"", ""6"", ""7""], ""raw"": ""5,6, 7""}]",限修,限亞太系學生選修，欲選修請洽授課教師,https://course.nuk.edu.tw/QueryCourse/tcontent.asp?OpenYear=106&Helf=1&Sclass=AB&Cono=C011,2026-08-26T18:17:54+00:00
106-1-AB-C022-A-3-A,106,1,管理學院,AB,亞太工商管理學系,C022,A,大學部,3,A,亞太人力資源管理,3,必,50,38,,12,李亭林,M01-B109,,"2,3, 4",,,,,,"[{""day"": 2, ""dayName"": ""星期二"", ""periods"": [""2"", ""3"", ""4""], ""raw"": ""2,3, 4""}]",學程,"企管組必修,人文商管學程",https://course.nuk.edu.tw/QueryCourse/tcontent.asp?OpenYear=106&Helf=1&Sclass=AB&Cono=C022,2026-08-26T18:17:54+00:00
106-1-AB-C061-A-3-A,106,1,管理學院,AB,亞太工商管理學系,C061,A,大學部,3,A,品質管理,3,必,50,32,,18,莊寶鵰 業界教師,M01-105,,,"2,3, 4",,,,,"[{""day"": 3, ""dayName"": ""星期三"", ""periods"": [""2"", ""3"", ""4""], ""raw"": ""2,3, 4""}]",學程,工管必修、服務與智慧型創新創業學分學程,https://course.nuk.edu.tw/QueryCourse/tcontent.asp?OpenYear=106&Helf=1&Sclass=AB&Cono=C061,2026-08-26T18:17:54+00:00
106-1-AB-C151-A-3-A,106,1,管理學院,AB,亞太工商管理學系,C151,A,大學部,3,A,財務管理,3,必,70,66,,4,陳宜伶,M01-B102,"6,7, 8",,,,,,,"[{""day"": 1, ""dayName"": ""星期一"", ""periods"": [""6"", ""7"", ""8""], ""raw"": ""6,7, 8""}]",學程,服務與智慧型創新創業學分學程,https://course.nuk.edu.tw/QueryCourse/tcontent.asp?OpenYear=106&Helf=1&Sclass=AB&Cono=C151,2026-08-26T18:17:54+00:00
106-1-AB-C631-A-3-A,106,1,管理學院,AB,亞太工商管理學系,C631,A,大學部,3,A,進階統計學（一）,3,選,30,10,,20,陳榮泰,M01-105,"2,3, 4",,,,,,,"[{""day"": 1, ""dayName"": ""星期一"", ""periods"": [""2"", ""3"", ""4""], ""raw"": ""2,3, 4""}]",先修 限修及外加,取得統計學(一)(二)共至少6學分之亞太系三、四年級皆可選修,https://course.nuk.edu.tw/QueryCourse/tcontent.asp?OpenYear=106&Helf=1&Sclass=AB&Cono=C631,2026-08-26T18:17:54+00:00
106-1-AB-C69A-A-3-A,106,1,管理學院,AB,亞太工商管理學系,C69A,A,大學部,3,A,日語(一),2,選,33,33,,0,林聖蒨,M01-105,,,"6,7",,,,,"[{""day"": 3, ""dayName"": ""星期三"", ""periods"": [""6"", ""7""], ""raw"": ""6,7""}]",外加,,https://course.nuk.edu.tw/QueryCourse/tcontent.asp?OpenYear=106&Helf=1&Sclass=AB&Cono=C69A,2026-08-26T18:17:54+00:00
106-1-AB-C711-A-3-A,106,1,管理學院,AB,亞太工商管理學系,C711,A,大學部,3,A,國際汽車產業市場概論專題研究,2,選,15,15,,0,陳一民 業界教師,M01-108,,,,,"5,6",,,"[{""day"": 5, ""dayName"": ""星期五"", ""periods"": [""5"", ""6""], ""raw"": ""5,6""}]",學程,汽車電子商管學分學程；大三生為主，大二生為輔，老師指定加簽。,https://course.nuk.edu.tw/QueryCourse/tcontent.asp?OpenYear=106&Helf=1&Sclass=AB&Cono=C711,2026-08-26T18:17:54+00:00
106-1-AB-C712-A-3-A,106,1,管理學院,AB,亞太工商管理學系,C712,A,大學部,3,A,汽車電子組裝概論專題研究,2,選,15,15,,0,陳春僥 業界教師,M01-108,,,,,"7,8",,,"[{""day"": 5, ""dayName"": ""星期五"", ""periods"": [""7"", ""8""], ""raw"": ""7,8""}]",學程,汽車電子商管學分學程；大三生為主，大二生為輔，老師指定加簽。,https://course.nuk.edu.tw/QueryCourse/tcontent.asp?OpenYear=106&Helf=1&Sclass=AB&Cono=C712,2026-08-26T18:17:54+00:00
106-1-AB-C713-A-3-A,106,1,管理學院,AB,亞太工商管理學系,C713,A,大學部,3,A,TOYOTA WAY 14項管理原則專題研究,2,選,19,19,,0,莊寶鵰 業界教師,M01-108,,,,,"9,10",,,"[{""day"": 5, ""dayName"": ""星期五"", ""periods"": [""9"", ""10""], ""raw"": ""9,10""}]",外加 學程,汽車電子商管學分學程；大三生為主，大二生為輔，老師指定加簽。,https://course.nuk.edu.tw/QueryCourse/tcontent.asp?OpenYear=106&Helf=1&Sclass=AB&Cono=C713,2026-08-26T18:17:54+00:00
106-1-AB-F702-A-3-A,106,1,管理學院,AB,亞太工商管理學系,F702,A,大學部,3,A,校外實習（暑）,3,選,17,17,,0,李亭林 莊寶鵰 陳一民,,,,,,,"X,Y",X,"[{""day"": 6, ""dayName"": ""星期六"", ""periods"": [""X"", ""Y""], ""raw"": ""X,Y""}, {""day"": 7, ""dayName"": ""星期日"", ""periods"": [""X""], ""raw"": ""X""}]",外加,參與暑期實習同學選修,https://course.nuk.edu.tw/QueryCourse/tcontent.asp?OpenYear=106&Helf=1&Sclass=AB&Cono=F702,2026-08-26T18:17:54+00:00
106-1-AB-D02A-A-4-A,106,1,管理學院,AB,亞太工商管理學系,D02A,A,大學部,4,A,亞太工商管理專題(二)(A),3,必,6,6,,0,林聖蒨,M01-B102,,"Y,8, 9",,,,,,"[{""day"": 2, ""dayName"": ""星期二"", ""periods"": [""Y"", ""8"", ""9""], ""raw"": ""Y,8, 9""}]",限修,,https://course.nuk.edu.tw/QueryCourse/tcontent.asp?OpenYear=106&Helf=1&Sclass=AB&Cono=D02A,2026-08-26T18:17:54+00:00
106-1-AB-D02F-A-4-A,106,1,管理學院,AB,亞太工商管理學系,D02F,A,大學部,4,A,亞太工商管理專題(二)(F),3,必,5,5,,0,盧昆宏,M01-B102,,"Y,8, 9",,,,,,"[{""day"": 2, ""dayName"": ""星期二"", ""periods"": [""Y"", ""8"", ""9""], ""raw"": ""Y,8, 9""}]",限修,,https://course.nuk.edu.tw/QueryCourse/tcontent.asp?OpenYear=106&Helf=1&Sclass=AB&Cono=D02F,2026-08-26T18:17:54+00:00
106-1-AB-D02G-A-4-A,106,1,管理學院,AB,亞太工商管理學系,D02G,A,大學部,4,A,亞太工商管理專題(二)(G),3,必,6,6,,0,李亭林,M01-B102,1,"X,Y",,,,,,"[{""day"": 1, ""dayName"": ""星期一"", ""periods"": [""1""], ""raw"": ""1""}, {""day"": 2, ""dayName"": ""星期二"", ""periods"": [""X"", ""Y""], ""raw"": ""X,Y""}]",限修,,https://course.nuk.edu.tw/QueryCourse/tcontent.asp?OpenYear=106&Helf=1&Sclass=AB&Cono=D02G,2026-08-26T18:17:54+00:00
106-1-AB-D02H-A-4-A,106,1,管理學院,AB,亞太工商管理學系,D02H,A,大學部,4,A,亞太工商管理專題(二)(H),3,必,6,6,,0,楊詠凱,M01-B102,,"Y,8, 9",,,,,,"[{""day"": 2, ""dayName"": ""星期二"", ""periods"": [""Y"", ""8"", ""9""], ""raw"": ""Y,8, 9""}]",限修,,https://course.nuk.edu.tw/QueryCourse/tcontent.asp?OpenYear=106&Helf=1&Sclass=AB&Cono=D02H,2026-08-26T18:17:54+00:00
106-1-AB-D02I-A-4-A,106,1,管理學院,AB,亞太工商管理學系,D02I,A,大學部,4,A,亞太工商管理專題(二)(I),3,必,6,6,,0,陳一民,M01-B102,,"Y,8, 9",,,,,,"[{""day"": 2, ""dayName"": ""星期二"", ""periods"": [""Y"", ""8"", ""9""], ""raw"": ""Y,8, 9""}]",限修,,https://course.nuk.edu.tw/QueryCourse/tcontent.asp?OpenYear=106&Helf=1&Sclass=AB&Cono=D02I,2026-08-26T18:17:54+00:00
106-1-AB-D02J-A-4-A,106,1,管理學院,AB,亞太工商管理學系,D02J,A,大學部,4,A,亞太工商管理專題(二)(J),3,必,6,6,,0,蘇桓彥,M01-B102,,"Y,8, 9",,,,,,"[{""day"": 2, ""dayName"": ""星期二"", ""periods"": [""Y"", ""8"", ""9""], ""raw"": ""Y,8, 9""}]",限修,,https://course.nuk.edu.tw/QueryCourse/tcontent.asp?OpenYear=106&Helf=1&Sclass=AB&Cono=D02J,2026-08-26T18:17:54+00:00
106-1-AB-D032-A-4-A,106,1,管理學院,AB,亞太工商管理學系,D032,A,大學部,4,A,亞太策略管理,3,必,65,59,,6,陳一民,M01-105,,"2,3, 4",,,,,,"[{""day"": 2, ""dayName"": ""星期二"", ""periods"": [""2"", ""3"", ""4""], ""raw"": ""2,3, 4""}]",,,https://course.nuk.edu.tw/QueryCourse/tcontent.asp?OpenYear=106&Helf=1&Sclass=AB&Cono=D032,2026-08-26T18:17:54+00:00
106-1-AB-D04A-A-4-A,106,1,管理學院,AB,亞太工商管理學系,D04A,A,大學部,4,A,亞太工商管理專題(二)(B),3,必,6,5,,1,陳宜伶,M01-B102,,"Y,8, 9",,,,,,"[{""day"": 2, ""dayName"": ""星期二"", ""periods"": [""Y"", ""8"", ""9""], ""raw"": ""Y,8, 9""}]",限修,,https://course.nuk.edu.tw/QueryCourse/tcontent.asp?OpenYear=106&Helf=1&Sclass=AB&Cono=D04A,2026-08-26T18:17:54+00:00
106-1-AB-D05A-A-4-A,106,1,管理學院,AB,亞太工商管理學系,D05A,A,大學部,4,A,亞太工商管理專題(二)(C),3,必,6,6,,0,莊寶鵰,M01-B102,,"Y,8, 9",,,,,,"[{""day"": 2, ""dayName"": ""星期二"", ""periods"": [""Y"", ""8"", ""9""], ""raw"": ""Y,8, 9""}]",限修,,https://course.nuk.edu.tw/QueryCourse/tcontent.asp?OpenYear=106&Helf=1&Sclass=AB&Cono=D05A,2026-08-26T18:17:54+00:00
106-1-AB-D06A-A-4-A,106,1,管理學院,AB,亞太工商管理學系,D06A,A,大學部,4,A,亞太工商管理專題(二)(D),3,必,7,7,,0,劉信賢,M01-B102,,"Y,8, 9",,,,,,"[{""day"": 2, ""dayName"": ""星期二"", ""periods"": [""Y"", ""8"", ""9""], ""raw"": ""Y,8, 9""}]",限修,,https://course.nuk.edu.tw/QueryCourse/tcontent.asp?OpenYear=106&Helf=1&Sclass=AB&Cono=D06A,2026-08-26T18:17:54+00:00
106-1-AB-D07A-A-4-A,106,1,管理學院,AB,亞太工商管理學系,D07A,A,大學部,4,A,亞太工商管理專題(二)(E),3,必,6,6,,0,陳榮泰,M01-B102,,"Y,8, 9",,,,,,"[{""day"": 2, ""dayName"": ""星期二"", ""periods"": [""Y"", ""8"", ""9""], ""raw"": ""Y,8, 9""}]",限修,,https://course.nuk.edu.tw/QueryCourse/tcontent.asp?OpenYear=106&Helf=1&Sclass=AB&Cono=D07A,2026-08-26T18:17:54+00:00
106-1-AB-D101-A-4-A,106,1,管理學院,AB,亞太工商管理學系,D101,A,大學部,4,A,企業倫理,3,必,65,64,,1,楊詠凱,M01-B102,,,,,"6,7, 8",,,"[{""day"": 5, ""dayName"": ""星期五"", ""periods"": [""6"", ""7"", ""8""], ""raw"": ""6,7, 8""}]",學程,人文商管學程、服務與智慧型創新創業學分學程,https://course.nuk.edu.tw/QueryCourse/tcontent.asp?OpenYear=106&Helf=1&Sclass=AB&Cono=D101,2026-08-26T18:17:54+00:00
106-1-AB-I03A-J-2-,106,1,管理學院,AB,亞太工商管理學系,I03A,J,產業碩士專班秋季班,2,,論文（一）,3,必,10,6,,4,李亭林 黃英忠 莊寶鵰 蘇桓彥,,,,,,,"6,7, 8",,"[{""day"": 6, ""dayName"": ""星期六"", ""periods"": [""6"", ""7"", ""8""], ""raw"": ""6,7, 8""}]",限修,,https://course.nuk.edu.tw/QueryCourse/tcontent.asp?OpenYear=106&Helf=1&Sclass=AB&Cono=I03A,2026-08-26T18:17:54+00:00
106-1-AB-I551-J-2-,106,1,管理學院,AB,亞太工商管理學系,I551,J,產業碩士專班秋季班,2,,大數據分析與商業應用,3,選,22,21,,1,黃士峰,M01-111,,,,"10,11, 12",,,,"[{""day"": 4, ""dayName"": ""星期四"", ""periods"": [""10"", ""11"", ""12""], ""raw"": ""10,11, 12""}]",限修及外加,開放碩專班選修,https://course.nuk.edu.tw/QueryCourse/tcontent.asp?OpenYear=106&Helf=1&Sclass=AB&Cono=I551,2026-08-26T18:17:54+00:00
106-1-AB-T021-J-2-,106,1,管理學院,AB,亞太工商管理學系,T021,J,產業碩士專班秋季班,2,,企業功能專題,3,必,30,21,,9,陳榮泰 劉信賢 黃英忠 陳宜伶 李亭林 蘇桓彥,M01-108,,,"10,11, 12",,,,,"[{""day"": 3, ""dayName"": ""星期三"", ""periods"": [""10"", ""11"", ""12""], ""raw"": ""10,11, 12""}]",限修,與碩專班合上,https://course.nuk.edu.tw/QueryCourse/tcontent.asp?OpenYear=106&Helf=1&Sclass=AB&Cono=T021,2026-08-26T18:17:54+00:00
106-1-AB-T011-L-1-,106,1,管理學院,AB,亞太工商管理學系,T011,L,碩士在職專班,1,,研究方法,3,必,20,14,,6,盧昆宏,M01-317,"10,11, 12",,,,,,,"[{""day"": 1, ""dayName"": ""星期一"", ""periods"": [""10"", ""11"", ""12""], ""raw"": ""10,11, 12""}]",限修,,https://course.nuk.edu.tw/QueryCourse/tcontent.asp?OpenYear=106&Helf=1&Sclass=AB&Cono=T011,2026-08-26T18:17:54+00:00
106-1-AB-T021-L-1-,106,1,管理學院,AB,亞太工商管理學系,T021,L,碩士在職專班,1,,企業功能專題,3,必,30,21,,9,陳榮泰 劉信賢 黃英忠 陳宜伶 李亭林 蘇桓彥,M01-108,,,"10,11, 12",,,,,"[{""day"": 3, ""dayName"": ""星期三"", ""periods"": [""10"", ""11"", ""12""], ""raw"": ""10,11, 12""}]",限修,包含生產作業管理、行銷管理、人力資源管理、財務管理、研發管理、資訊管理(與產碩班合上),https://course.nuk.edu.tw/QueryCourse/tcontent.asp?OpenYear=106&Helf=1&Sclass=AB&Cono=T021,2026-08-26T18:17:54+00:00
106-1-AB-T501-L-1-,106,1,管理學院,AB,亞太工商管理學系,T501,L,碩士在職專班,1,,產業分析-理論與實務,3,選,33,12,,21,李亭林,M01-108,,"10,11, 12",,,,,,"[{""day"": 2, ""dayName"": ""星期二"", ""periods"": [""10"", ""11"", ""12""], ""raw"": ""10,11, 12""}]",限修及外加,,https://course.nuk.edu.tw/QueryCourse/tcontent.asp?OpenYear=106&Helf=1&Sclass=AB&Cono=T501,2026-08-26T18:17:54+00:00
106-1-AB-T541-L-1-,106,1,管理學院,AB,亞太工商管理學系,T541,L,碩士在職專班,1,,領導統御,3,選,24,15,,9,李博志,M01-108,,,,"10,11, 12",,,,"[{""day"": 4, ""dayName"": ""星期四"", ""periods"": [""10"", ""11"", ""12""], ""raw"": ""10,11, 12""}]",限修及外加,,https://course.nuk.edu.tw/QueryCourse/tcontent.asp?OpenYear=106&Helf=1&Sclass=AB&Cono=T541,2026-08-26T18:17:54+00:00
106-1-AB-T552-L-1-,106,1,管理學院,AB,亞太工商管理學系,T552,L,碩士在職專班,1,,亞太區域經濟發展專題,3,選,20,9,,11,林聖蒨,M01-317,,,,,"10,11, 12",,,"[{""day"": 5, ""dayName"": ""星期五"", ""periods"": [""10"", ""11"", ""12""], ""raw"": ""10,11, 12""}]",限修,,https://course.nuk.edu.tw/QueryCourse/tcontent.asp?OpenYear=106&Helf=1&Sclass=AB&Cono=T552,2026-08-26T18:17:54+00:00
106-1-AB-T561-L-1-,106,1,管理學院,AB,亞太工商管理學系,T561,L,碩士在職專班,1,,品質管理專題,3,選,20,13,,7,莊寶鵰,M01-420,,"10,11, 12",,,,,,"[{""day"": 2, ""dayName"": ""星期二"", ""periods"": [""10"", ""11"", ""12""], ""raw"": ""10,11, 12""}]",限修,,https://course.nuk.edu.tw/QueryCourse/tcontent.asp?OpenYear=106&Helf=1&Sclass=AB&Cono=T561,2026-08-26T18:17:54+00:00
106-1-AB-U542-L-1-,106,1,管理學院,AB,亞太工商管理學系,U542,L,碩士在職專班,1,,組織理論與管理,3,選,20,8,,12,黃英忠,M01-317,,,,,,"10,11, 12",,"[{""day"": 6, ""dayName"": ""星期六"", ""periods"": [""10"", ""11"", ""12""], ""raw"": ""10,11, 12""}]",限修,,https://course.nuk.edu.tw/QueryCourse/tcontent.asp?OpenYear=106&Helf=1&Sclass=AB&Cono=U542,2026-08-26T18:17:54+00:00
106-1-AB-T502-L-2-,106,1,管理學院,AB,亞太工商管理學系,T502,L,碩士在職專班,2,,應用計量經濟學,3,選,15,8,,7,許博翔,M01-317,,"10,11, 12",,,,,,"[{""day"": 2, ""dayName"": ""星期二"", ""periods"": [""10"", ""11"", ""12""], ""raw"": ""10,11, 12""}]",,,https://course.nuk.edu.tw/QueryCourse/tcontent.asp?OpenYear=106&Helf=1&Sclass=AB&Cono=T502,2026-08-26T18:17:54+00:00
106-1-AB-T512-L-2-,106,1,管理學院,AB,亞太工商管理學系,T512,L,碩士在職專班,2,,人力資源管理,3,選,20,11,,9,黃英忠,M01-317,,,,,,"6,7, 8",,"[{""day"": 6, ""dayName"": ""星期六"", ""periods"": [""6"", ""7"", ""8""], ""raw"": ""6,7, 8""}]",限修,,https://course.nuk.edu.tw/QueryCourse/tcontent.asp?OpenYear=106&Helf=1&Sclass=AB&Cono=T512,2026-08-26T18:17:54+00:00
106-1-AB-V001-L-2-,106,1,管理學院,AB,亞太工商管理學系,V001,L,碩士在職專班,2,,論文,3,必,20,19,,1,劉信賢 黃英忠 楊詠凱 陳宜伶 李博志 莊寶鵰 盧昆宏 蘇桓彥 李亭林,,X,X,X,,,,,"[{""day"": 1, ""dayName"": ""星期一"", ""periods"": [""X""], ""raw"": ""X""}, {""day"": 2, ""dayName"": ""星期二"", ""periods"": [""X""], ""raw"": ""X""}, {""day"": 3, ""dayName"": ""星期三"", ""periods"": [""X""], ""raw"": ""X""}]",限修,,https://course.nuk.edu.tw/QueryCourse/tcontent.asp?OpenYear=106&Helf=1&Sclass=AB&Cono=V001,2026-08-26T18:17:54+00:00
106-1-AB-F031-M-1-,106,1,管理學院,AB,亞太工商管理學系,F031,M,碩士班,1,,亞太企業管理,3,必,16,15,,1,陳一民,M01-317,,,,"2,3, 4",,,,"[{""day"": 4, ""dayName"": ""星期四"", ""periods"": [""2"", ""3"", ""4""], ""raw"": ""2,3, 4""}]",外加,,https://course.nuk.edu.tw/QueryCourse/tcontent.asp?OpenYear=106&Helf=1&Sclass=AB&Cono=F031,2026-08-26T18:17:54+00:00
106-1-AB-F091-M-1-,106,1,管理學院,AB,亞太工商管理學系,F091,M,碩士班,1,,研究方法,3,必,19,19,,0,盧昆宏,M01-317,,"2,3, 4",,,,,,"[{""day"": 2, ""dayName"": ""星期二"", ""periods"": [""2"", ""3"", ""4""], ""raw"": ""2,3, 4""}]",外加,,https://course.nuk.edu.tw/QueryCourse/tcontent.asp?OpenYear=106&Helf=1&Sclass=AB&Cono=F091,2026-08-26T18:17:54+00:00
106-1-AB-F111-M-1-,106,1,管理學院,AB,亞太工商管理學系,F111,M,碩士班,1,,企業功能專題,3,必,18,18,,0,陳榮泰 劉信賢 黃英忠 陳宜伶 李亭林 蘇桓彥,M01-317,,,"6,7, 8",,,,,"[{""day"": 3, ""dayName"": ""星期三"", ""periods"": [""6"", ""7"", ""8""], ""raw"": ""6,7, 8""}]",外加,包含生產作業管理、行銷管理、人力資源管理、財務管理、研發管理、資訊管理,https://course.nuk.edu.tw/QueryCourse/tcontent.asp?OpenYear=106&Helf=1&Sclass=AB&Cono=F111,2026-08-26T18:17:54+00:00
106-1-AB-F500-M-1-,106,1,管理學院,AB,亞太工商管理學系,F500,M,碩士班,1,,教學實務演練(亞太工商管理學系),0,選,26,26,,0,劉信賢,,,X,,,,,,"[{""day"": 2, ""dayName"": ""星期二"", ""periods"": [""X""], ""raw"": ""X""}]",外加,指定加簽，申請擔任學習型兼任教學助理之學生必須修習本課程。請於加退選作業結束前上網完成選課作業。,https://course.nuk.edu.tw/QueryCourse/tcontent.asp?OpenYear=106&Helf=1&Sclass=AB&Cono=F500,2026-08-26T18:17:54+00:00
106-1-AB-F581-M-1-,106,1,管理學院,AB,亞太工商管理學系,F581,M,碩士班,1,,策略性科技管理,3,選,16,13,,3,李亭林,M01-317,,,"2,3, 4",,,,,"[{""day"": 3, ""dayName"": ""星期三"", ""periods"": [""2"", ""3"", ""4""], ""raw"": ""2,3, 4""}]",限修及外加,,https://course.nuk.edu.tw/QueryCourse/tcontent.asp?OpenYear=106&Helf=1&Sclass=AB&Cono=F581,2026-08-26T18:17:54+00:00
106-1-AB-F671-M-1-,106,1,管理學院,AB,亞太工商管理學系,F671,M,碩士班,1,,組織理論與管理,3,選,15,9,,6,黃英忠,M01-317,,,,,"2,3, 4",,,"[{""day"": 5, ""dayName"": ""星期五"", ""periods"": [""2"", ""3"", ""4""], ""raw"": ""2,3, 4""}]",,,https://course.nuk.edu.tw/QueryCourse/tcontent.asp?OpenYear=106&Helf=1&Sclass=AB&Cono=F671,2026-08-26T18:17:54+00:00
106-1-AB-F690-M-1-,106,1,管理學院,AB,亞太工商管理學系,F690,M,碩士班,1,,消費者行為專題,3,選,15,14,,1,劉信賢,M01-317,,,,"6,7, 8",,,,"[{""day"": 4, ""dayName"": ""星期四"", ""periods"": [""6"", ""7"", ""8""], ""raw"": ""6,7, 8""}]",,,https://course.nuk.edu.tw/QueryCourse/tcontent.asp?OpenYear=106&Helf=1&Sclass=AB&Cono=F690,2026-08-26T18:17:54+00:00
106-1-AE-A00A-A-1-A,106,1,管理學院,AE,應用經濟學系,A00A,A,大學部,1,A,經濟學原理(一),3,必,90,79,,11,蔡宗秀,M01-201 其他教室,,"6,7",,,"6,7",,,"[{""day"": 2, ""dayName"": ""星期二"", ""periods"": [""6"", ""7""], ""raw"": ""6,7""}, {""day"": 5, ""dayName"": ""星期五"", ""periods"": [""6"", ""7""], ""raw"": ""6,7""}]",學程,人文商管學程；星期五第7節為實習；台越法商菁英人才學程,https://course.nuk.edu.tw/QueryCourse/tcontent.asp?OpenYear=106&Helf=1&Sclass=AE&Cono=A00A,2026-08-26T18:17:54+00:00
106-1-AE-A01A-A-1-A,106,1,管理學院,AE,應用經濟學系,A01A,A,大學部,1,A,會計學(一),3,必,66,66,,0,許順發,M01-B109,,,,"1,2, 3,4",,,,"[{""day"": 4, ""dayName"": ""星期四"", ""periods"": [""1"", ""2"", ""3"", ""4""], ""raw"": ""1,2, 3,4""}]",外加 學程,星期四第1節為實習；授課老師為許順發老師；台越法商菁英人才學程,https://course.nuk.edu.tw/QueryCourse/tcontent.asp?OpenYear=106&Helf=1&Sclass=AE&Cono=A01A,2026-08-26T18:17:54+00:00
106-1-AE-A091-A-1-A,106,1,管理學院,AE,應用經濟學系,A091,A,大學部,1,A,微積分（一）,3,必,85,85,,0,鄭斯恩,C02-105,"3,4",,,"6,7",,,,"[{""day"": 1, ""dayName"": ""星期一"", ""periods"": [""3"", ""4""], ""raw"": ""3,4""}, {""day"": 4, ""dayName"": ""星期四"", ""periods"": [""6"", ""7""], ""raw"": ""6,7""}]",,星期四第7節為實習,https://course.nuk.edu.tw/QueryCourse/tcontent.asp?OpenYear=106&Helf=1&Sclass=AE&Cono=A091,2026-08-26T18:17:54+00:00
106-1-AE-A103-A-1-A,106,1,管理學院,AE,應用經濟學系,A103,A,大學部,1,A,民法概要,3,必,93,73,,20,康銘,L02-204,,"2,3, 4",,,,,,"[{""day"": 2, ""dayName"": ""星期二"", ""periods"": [""2"", ""3"", ""4""], ""raw"": ""2,3, 4""}]",外加 學程,台越法商菁英人才學程，康銘老師,https://course.nuk.edu.tw/QueryCourse/tcontent.asp?OpenYear=106&Helf=1&Sclass=AE&Cono=A103,2026-08-26T18:17:54+00:00
106-1-AE-A552-A-1-A,106,1,管理學院,AE,應用經濟學系,A552,A,大學部,1,A,全球英文財經時事討論,3,選,15,15,,0,佘志民,M01-313,,,"2,3, 4",,,,,"[{""day"": 3, ""dayName"": ""星期三"", ""periods"": [""2"", ""3"", ""4""], ""raw"": ""2,3, 4""}]",,限大一(不限科系)；全英語授課,https://course.nuk.edu.tw/QueryCourse/tcontent.asp?OpenYear=106&Helf=1&Sclass=AE&Cono=A552,2026-08-26T18:17:54+00:00
106-1-AE-B03A-A-2-A,106,1,管理學院,AE,應用經濟學系,B03A,A,大學部,2,A,統計學(一),3,必,94,94,,0,耿紹勛,M01-201,,,"1,2, 3,4",,,,,"[{""day"": 3, ""dayName"": ""星期三"", ""periods"": [""1"", ""2"", ""3"", ""4""], ""raw"": ""1,2, 3,4""}]",外加 學程,星期三第1堂為實習課；人文與商管學程,https://course.nuk.edu.tw/QueryCourse/tcontent.asp?OpenYear=106&Helf=1&Sclass=AE&Cono=B03A,2026-08-26T18:17:54+00:00
106-1-AE-B10A-A-2-A,106,1,管理學院,AE,應用經濟學系,B10A,A,大學部,2,A,總體經濟學（一）,3,必,78,78,,0,翁銘章,M01-B109,"1,2, 8",,,,,,,"[{""day"": 1, ""dayName"": ""星期一"", ""periods"": [""1"", ""2"", ""8""], ""raw"": ""1,2, 8""}]",先修 外加,,https://course.nuk.edu.tw/QueryCourse/tcontent.asp?OpenYear=106&Helf=1&Sclass=AE&Cono=B10A,2026-08-26T18:17:54+00:00
106-1-AE-B11A-A-2-A,106,1,管理學院,AE,應用經濟學系,B11A,A,大學部,2,A,個體經濟學(一),3,必,79,79,,0,劉志成,C02-406,,"5,6, 7",,,,,,"[{""day"": 2, ""dayName"": ""星期二"", ""periods"": [""5"", ""6"", ""7""], ""raw"": ""5,6, 7""}]",先修 外加,,https://course.nuk.edu.tw/QueryCourse/tcontent.asp?OpenYear=106&Helf=1&Sclass=AE&Cono=B11A,2026-08-26T18:17:54+00:00
106-1-AE-B514-A-2-A,106,1,管理學院,AE,應用經濟學系,B514,A,大學部,2,A,經濟數學,3,選,15,12,,3,蔡穎義,M01-105,"5,6, 7",,,,,,,"[{""day"": 1, ""dayName"": ""星期一"", ""periods"": [""5"", ""6"", ""7""], ""raw"": ""5,6, 7""}]",,,https://course.nuk.edu.tw/QueryCourse/tcontent.asp?OpenYear=106&Helf=1&Sclass=AE&Cono=B514,2026-08-26T18:17:54+00:00
106-1-AE-B561-A-2-A,106,1,管理學院,AE,應用經濟學系,B561,A,大學部,2,A,管理學,3,選,60,40,,20,鄭育仁,M01-205,,"2,3, 4",,,,,,"[{""day"": 2, ""dayName"": ""星期二"", ""periods"": [""2"", ""3"", ""4""], ""raw"": ""2,3, 4""}]",,,https://course.nuk.edu.tw/QueryCourse/tcontent.asp?OpenYear=106&Helf=1&Sclass=AE&Cono=B561,2026-08-26T18:17:54+00:00
106-1-AE-C011-A-3-A,106,1,管理學院,AE,應用經濟學系,C011,A,大學部,3,A,貨幣銀行學,3,必,63,63,,0,柯秀欣,M01-B104,,,,"2,3, 4",,,,"[{""day"": 4, ""dayName"": ""星期四"", ""periods"": [""2"", ""3"", ""4""], ""raw"": ""2,3, 4""}]",先修 外加 學程,人文與商管學程,https://course.nuk.edu.tw/QueryCourse/tcontent.asp?OpenYear=106&Helf=1&Sclass=AE&Cono=C011,2026-08-26T18:17:54+00:00
106-1-AE-C021-A-3-A,106,1,管理學院,AE,應用經濟學系,C021,A,大學部,3,A,公共經濟學,3,必,59,58,,1,佘志民,M01-204,,"2,3, 4",,,,,,"[{""day"": 2, ""dayName"": ""星期二"", ""periods"": [""2"", ""3"", ""4""], ""raw"": ""2,3, 4""}]",先修 外加,,https://course.nuk.edu.tw/QueryCourse/tcontent.asp?OpenYear=106&Helf=1&Sclass=AE&Cono=C021,2026-08-26T18:17:54+00:00
106-1-AE-C552-A-3-A,106,1,管理學院,AE,應用經濟學系,C552,A,大學部,3,A,策略管理,3,選,60,5,,55,黃佩琪,M01-205,,,,"5,6, 7",,,,"[{""day"": 4, ""dayName"": ""星期四"", ""periods"": [""5"", ""6"", ""7""], ""raw"": ""5,6, 7""}]",,,https://course.nuk.edu.tw/QueryCourse/tcontent.asp?OpenYear=106&Helf=1&Sclass=AE&Cono=C552,2026-08-26T18:17:54+00:00
106-1-AE-B512-A-4-A,106,1,管理學院,AE,應用經濟學系,B512,A,大學部,4,A,中國經濟,3,選,18,8,,10,蔡穎義,M01-202,"2,3, 4",,,,,,,"[{""day"": 1, ""dayName"": ""星期一"", ""periods"": [""2"", ""3"", ""4""], ""raw"": ""2,3, 4""}]",,本課程為學程之「專業發展課程」,https://course.nuk.edu.tw/QueryCourse/tcontent.asp?OpenYear=106&Helf=1&Sclass=AE&Cono=B512,2026-08-26T18:17:54+00:00
106-1-AE-C01B-A-4-A,106,1,管理學院,AE,應用經濟學系,C01B,A,大學部,4,A,國際經濟學（二）,3,必,50,45,,5,鄭義暉,M01-206,"2,3, 4",,,,,,,"[{""day"": 1, ""dayName"": ""星期一"", ""periods"": [""2"", ""3"", ""4""], ""raw"": ""2,3, 4""}]",先修 外加 學程,服務與智慧型創新創業學分學程,https://course.nuk.edu.tw/QueryCourse/tcontent.asp?OpenYear=106&Helf=1&Sclass=AE&Cono=C01B,2026-08-26T18:17:54+00:00
106-1-AE-C542-A-4-A,106,1,管理學院,AE,應用經濟學系,C542,A,大學部,4,A,計量經濟學,3,選,68,39,,29,許聖章,M01-102,,"5,6, 7",,,,,,"[{""day"": 2, ""dayName"": ""星期二"", ""periods"": [""5"", ""6"", ""7""], ""raw"": ""5,6, 7""}]",先修 外加,本課程為學程之數量方法課程；服務與智慧型創新創業學分學程,https://course.nuk.edu.tw/QueryCourse/tcontent.asp?OpenYear=106&Helf=1&Sclass=AE&Cono=C542,2026-08-26T18:17:54+00:00
106-1-AE-C681-A-4-A,106,1,管理學院,AE,應用經濟學系,C681,A,大學部,4,A,產業組織理論,3,選,96,62,,34,劉志成,M01-201,"5,6, 7",,,,,,,"[{""day"": 1, ""dayName"": ""星期一"", ""periods"": [""5"", ""6"", ""7""], ""raw"": ""5,6, 7""}]",學程,產業組織與金融市場學程之指定選修課程;「產業、科技與財經法律」學分學程；服務與智慧型創新創業學分學程,https://course.nuk.edu.tw/QueryCourse/tcontent.asp?OpenYear=106&Helf=1&Sclass=AE&Cono=C681,2026-08-26T18:17:54+00:00
106-1-AE-C721-A-4-A,106,1,管理學院,AE,應用經濟學系,C721,A,大學部,4,A,經濟社會學,3,選,30,15,,15,蔡宗秀,M01-312,"5,6, 7",,,,,,,"[{""day"": 1, ""dayName"": ""星期一"", ""periods"": [""5"", ""6"", ""7""], ""raw"": ""5,6, 7""}]",,限修30人；公共議題與經濟政策學程之指定選修課程,https://course.nuk.edu.tw/QueryCourse/tcontent.asp?OpenYear=106&Helf=1&Sclass=AE&Cono=C721,2026-08-26T18:17:54+00:00
106-1-AE-D021-A-4-A,106,1,管理學院,AE,應用經濟學系,D021,A,大學部,4,A,商事法,3,必,71,61,,10,陳旻沂,M01-B109,,,,,"2,3, 4",,,"[{""day"": 5, ""dayName"": ""星期五"", ""periods"": [""2"", ""3"", ""4""], ""raw"": ""2,3, 4""}]",外加 學程,台越法商菁英人才學程,https://course.nuk.edu.tw/QueryCourse/tcontent.asp?OpenYear=106&Helf=1&Sclass=AE&Cono=D021,2026-08-26T18:17:54+00:00
106-1-AE-D051-A-4-A,106,1,管理學院,AE,應用經濟學系,D051,A,大學部,4,A,應用經濟實務專題(一)(A組),1,必,20,12,,8,鄭義暉,M01-202,,,"5,6, 7",,,,,"[{""day"": 3, ""dayName"": ""星期三"", ""periods"": [""5"", ""6"", ""7""], ""raw"": ""5,6, 7""}]",,,https://course.nuk.edu.tw/QueryCourse/tcontent.asp?OpenYear=106&Helf=1&Sclass=AE&Cono=D051,2026-08-26T18:17:54+00:00
106-1-AE-D061-A-4-A,106,1,管理學院,AE,應用經濟學系,D061,A,大學部,4,A,應用經濟實務專題(一)(B組),1,必,20,7,,13,佘志民,M01-312,,,"5,6, 7",,,,,"[{""day"": 3, ""dayName"": ""星期三"", ""periods"": [""5"", ""6"", ""7""], ""raw"": ""5,6, 7""}]",,,https://course.nuk.edu.tw/QueryCourse/tcontent.asp?OpenYear=106&Helf=1&Sclass=AE&Cono=D061,2026-08-26T18:17:54+00:00
106-1-AE-D602-A-4-A,106,1,管理學院,AE,應用經濟學系,D602,A,大學部,4,A,國際經濟學(二)實作,1,選,50,40,,10,鄭義暉,M01-206,1,,,,,,,"[{""day"": 1, ""dayName"": ""星期一"", ""periods"": [""1""], ""raw"": ""1""}]",,,https://course.nuk.edu.tw/QueryCourse/tcontent.asp?OpenYear=106&Helf=1&Sclass=AE&Cono=D602,2026-08-26T18:17:54+00:00
106-1-AE-D70A-A-4-A,106,1,管理學院,AE,應用經濟學系,D70A,A,大學部,4,A,應用經濟實務實習(一),9,選,1,1,,0,翁銘章 劉志成 許聖章,M01-313,,,,,"5,6, 7",,,"[{""day"": 5, ""dayName"": ""星期五"", ""periods"": [""5"", ""6"", ""7""], ""raw"": ""5,6, 7""}]",外加,實習總時數需達486小時。限應經系同學選修。如有參加企業實習之同學，要修習本課程請洽翁銘章老師指定加簽,https://course.nuk.edu.tw/QueryCourse/tcontent.asp?OpenYear=106&Helf=1&Sclass=AE&Cono=D70A,2026-08-26T18:17:54+00:00
106-1-AE-F512-A-4-A,106,1,管理學院,AE,應用經濟學系,F512,A,大學部,4,A,人力資源經濟學（一）,3,選,60,45,,15,許聖章,M01-201,,,,,"2,3, 4",,,"[{""day"": 5, ""dayName"": ""星期五"", ""periods"": [""2"", ""3"", ""4""], ""raw"": ""2,3, 4""}]",,本課程為學程之「專業發展課程」；與碩士班合班授課,https://course.nuk.edu.tw/QueryCourse/tcontent.asp?OpenYear=106&Helf=1&Sclass=AE&Cono=F512,2026-08-26T18:17:54+00:00
106-1-AE-F554-A-4-A,106,1,管理學院,AE,應用經濟學系,F554,A,大學部,4,A,環境與資源經濟學,3,選,60,7,,53,余敦祥,M01-312,,,,"5,6, 7",,,,"[{""day"": 4, ""dayName"": ""星期四"", ""periods"": [""5"", ""6"", ""7""], ""raw"": ""5,6, 7""}]",,公共議題與經濟政策學程之專業發展課程;「產業、科技與財經法律」學分學程；與碩士班合班授課，全英語授課。,https://course.nuk.edu.tw/QueryCourse/tcontent.asp?OpenYear=106&Helf=1&Sclass=AE&Cono=F554,2026-08-26T18:17:54+00:00
106-1-AE-F012-M-1-,106,1,管理學院,AE,應用經濟學系,F012,M,碩士班,1,,計量經濟學,3,必,15,7,,8,許聖章,M01-202,,,,"2,3, 4",,,,"[{""day"": 4, ""dayName"": ""星期四"", ""periods"": [""2"", ""3"", ""4""], ""raw"": ""2,3, 4""}]",,,https://course.nuk.edu.tw/QueryCourse/tcontent.asp?OpenYear=106&Helf=1&Sclass=AE&Cono=F012,2026-08-26T18:17:54+00:00
106-1-AE-F013-M-1-,106,1,管理學院,AE,應用經濟學系,F013,M,碩士班,1,,數理經濟學,3,必,15,5,,10,翁銘章,M01-202,,,"2,3, 4",,,,,"[{""day"": 3, ""dayName"": ""星期三"", ""periods"": [""2"", ""3"", ""4""], ""raw"": ""2,3, 4""}]",,,https://course.nuk.edu.tw/QueryCourse/tcontent.asp?OpenYear=106&Helf=1&Sclass=AE&Cono=F013,2026-08-26T18:17:54+00:00
106-1-AE-F014-M-1-,106,1,管理學院,AE,應用經濟學系,F014,M,碩士班,1,,個體經濟學,3,必,15,6,,9,蔡穎義,M01-313,,"2,3, 4",,,,,,"[{""day"": 2, ""dayName"": ""星期二"", ""periods"": [""2"", ""3"", ""4""], ""raw"": ""2,3, 4""}]",,,https://course.nuk.edu.tw/QueryCourse/tcontent.asp?OpenYear=106&Helf=1&Sclass=AE&Cono=F014,2026-08-26T18:17:54+00:00
106-1-AE-F015-M-1-,106,1,管理學院,AE,應用經濟學系,F015,M,碩士班,1,,總體經濟學,3,必,15,5,,10,柯秀欣,M01-202,,"5,6, 7",,,,,,"[{""day"": 2, ""dayName"": ""星期二"", ""periods"": [""5"", ""6"", ""7""], ""raw"": ""5,6, 7""}]",,,https://course.nuk.edu.tw/QueryCourse/tcontent.asp?OpenYear=106&Helf=1&Sclass=AE&Cono=F015,2026-08-26T18:17:54+00:00
106-1-AE-F03A-M-1-,106,1,管理學院,AE,應用經濟學系,F03A,M,碩士班,1,,專題討論(一),1,必,15,7,,8,許聖章,M01-313,,,"5,6, 7",,,,,"[{""day"": 3, ""dayName"": ""星期三"", ""periods"": [""5"", ""6"", ""7""], ""raw"": ""5,6, 7""}]",,,https://course.nuk.edu.tw/QueryCourse/tcontent.asp?OpenYear=106&Helf=1&Sclass=AE&Cono=F03A,2026-08-26T18:17:54+00:00
106-1-AE-F500-M-1-,106,1,管理學院,AE,應用經濟學系,F500,M,碩士班,1,,教學實務演練(應用經濟學系),0,選,27,13,,14,蔡宗秀,,,X,,,,,,"[{""day"": 2, ""dayName"": ""星期二"", ""periods"": [""X""], ""raw"": ""X""}]",外加,指定加簽，申請擔任學習型兼任教學助理之學生必須修習本課程。,https://course.nuk.edu.tw/QueryCourse/tcontent.asp?OpenYear=106&Helf=1&Sclass=AE&Cono=F500,2026-08-26T18:17:54+00:00
106-1-AE-F501-M-1-,106,1,管理學院,AE,應用經濟學系,F501,M,碩士班,1,,初級泰語I,3,選,13,12,,1,潘婉玲,H1--103,,,,"5,6, 7",,,,"[{""day"": 4, ""dayName"": ""星期四"", ""periods"": [""5"", ""6"", ""7""], ""raw"": ""5,6, 7""}]",外加,,https://course.nuk.edu.tw/QueryCourse/tcontent.asp?OpenYear=106&Helf=1&Sclass=AE&Cono=F501,2026-08-26T18:17:54+00:00
106-1-AE-F512-M-1-,106,1,管理學院,AE,應用經濟學系,F512,M,碩士班,1,,人力資源經濟學（一）,3,選,60,45,,15,許聖章,M01-201,,,,,"2,3, 4",,,"[{""day"": 5, ""dayName"": ""星期五"", ""periods"": [""2"", ""3"", ""4""], ""raw"": ""2,3, 4""}]",,本課程為學程之「專業發展課程」；與大學部合班授課,https://course.nuk.edu.tw/QueryCourse/tcontent.asp?OpenYear=106&Helf=1&Sclass=AE&Cono=F512,2026-08-26T18:17:54+00:00
106-1-AE-F59A-M-1-,106,1,管理學院,AE,應用經濟學系,F59A,M,碩士班,1,,國際金融(一),3,選,17,8,,9,翁銘章,M01-202,,"2,3, 4",,,,,,"[{""day"": 2, ""dayName"": ""星期二"", ""periods"": [""2"", ""3"", ""4""], ""raw"": ""2,3, 4""}]",,碩士班合班授課,https://course.nuk.edu.tw/QueryCourse/tcontent.asp?OpenYear=106&Helf=1&Sclass=AE&Cono=F59A,2026-08-26T18:17:54+00:00
106-1-AE-F03C-M-2-,106,1,管理學院,AE,應用經濟學系,F03C,M,碩士班,2,,專題討論（三）,1,必,15,5,,10,柯秀欣,M01-419,,,"5,6, 7",,,,,"[{""day"": 3, ""dayName"": ""星期三"", ""periods"": [""5"", ""6"", ""7""], ""raw"": ""5,6, 7""}]",,,https://course.nuk.edu.tw/QueryCourse/tcontent.asp?OpenYear=106&Helf=1&Sclass=AE&Cono=F03C,2026-08-26T18:17:54+00:00
106-1-AE-F512-M-2-,106,1,管理學院,AE,應用經濟學系,F512,M,碩士班,2,,人力資源經濟學（一）,3,選,60,45,,15,許聖章,M01-201,,,,,"2,3, 4",,,"[{""day"": 5, ""dayName"": ""星期五"", ""periods"": [""2"", ""3"", ""4""], ""raw"": ""2,3, 4""}]",,本課程為學程之「專業發展課程」；與大學部合班授課,https://course.nuk.edu.tw/QueryCourse/tcontent.asp?OpenYear=106&Helf=1&Sclass=AE&Cono=F512,2026-08-26T18:17:54+00:00
106-1-AE-F554-M-2-,106,1,管理學院,AE,應用經濟學系,F554,M,碩士班,2,,環境與資源經濟學,3,選,60,7,,53,余敦祥,M01-312,,,,"5,6, 7",,,,"[{""day"": 4, ""dayName"": ""星期四"", ""periods"": [""5"", ""6"", ""7""], ""raw"": ""5,6, 7""}]",,公共議題與經濟政策學程之專業發展課程;「產業、科技與財經法律」學分學程；與學士班合班授課，全英語授課。余敦祥老師,https://course.nuk.edu.tw/QueryCourse/tcontent.asp?OpenYear=106&Helf=1&Sclass=AE&Cono=F554,2026-08-26T18:17:54+00:00
106-1-AE-F59A-M-2-,106,1,管理學院,AE,應用經濟學系,F59A,M,碩士班,2,,國際金融(一),3,選,17,8,,9,翁銘章,M01-202,,"2,3, 4",,,,,,"[{""day"": 2, ""dayName"": ""星期二"", ""periods"": [""2"", ""3"", ""4""], ""raw"": ""2,3, 4""}]",,碩士班合班授課,https://course.nuk.edu.tw/QueryCourse/tcontent.asp?OpenYear=106&Helf=1&Sclass=AE&Cono=F59A,2026-08-26T18:17:54+00:00
106-1-CCM-A501-A-1-A,106,1,管理學院,CCM,管理學院共同課程,A501,A,大學部,1,A,職場英文技能訓練,3,選,62,62,,0,黃佩琪,M01-B104,,,,,"2,3, 4",,,"[{""day"": 5, ""dayName"": ""星期五"", ""periods"": [""2"", ""3"", ""4""], ""raw"": ""2,3, 4""}]",限修及外加,管院聯合課程,https://course.nuk.edu.tw/QueryCourse/tcontent.asp?OpenYear=106&Helf=1&Sclass=CCM&Cono=A501,2026-08-26T18:17:54+00:00
106-1-CCM-A502-A-1-A,106,1,管理學院,CCM,管理學院共同課程,A502,A,大學部,1,A,智慧型創業研習,3,選,60,54,,6,翁銘章 劉志成,M01-B104,,,,"5,6, 7",,,,"[{""day"": 4, ""dayName"": ""星期四"", ""periods"": [""5"", ""6"", ""7""], ""raw"": ""5,6, 7""}]",限修 學程,管院聯合課程。與應經系、資管大二、大三合開。服務與智慧型創新創業學分學程,https://course.nuk.edu.tw/QueryCourse/tcontent.asp?OpenYear=106&Helf=1&Sclass=CCM&Cono=A502,2026-08-26T18:17:54+00:00
106-1-CCM-A501-A-2-A,106,1,管理學院,CCM,管理學院共同課程,A501,A,大學部,2,A,職場英文技能訓練,3,選,62,62,,0,黃佩琪,M01-B104,,,,,"2,3, 4",,,"[{""day"": 5, ""dayName"": ""星期五"", ""periods"": [""2"", ""3"", ""4""], ""raw"": ""2,3, 4""}]",限修及外加,管院聯合課程，應經系列為畢業選修學分。,https://course.nuk.edu.tw/QueryCourse/tcontent.asp?OpenYear=106&Helf=1&Sclass=CCM&Cono=A501,2026-08-26T18:17:54+00:00
106-1-CCM-A502-A-2-A,106,1,管理學院,CCM,管理學院共同課程,A502,A,大學部,2,A,智慧型創業研習,3,選,60,54,,6,翁銘章 劉志成,M01-B104,,,,"5,6, 7",,,,"[{""day"": 4, ""dayName"": ""星期四"", ""periods"": [""5"", ""6"", ""7""], ""raw"": ""5,6, 7""}]",限修 學程,教室為M01-B104。與應經系、資管大二、大三合開。服務與智慧型創新創業學分學程,https://course.nuk.edu.tw/QueryCourse/tcontent.asp?OpenYear=106&Helf=1&Sclass=CCM&Cono=A502,2026-08-26T18:17:54+00:00
106-1-CCM-A501-A-3-A,106,1,管理學院,CCM,管理學院共同課程,A501,A,大學部,3,A,職場英文技能訓練,3,選,62,62,,0,黃佩琪,M01-B104,,,,,"2,3, 4",,,"[{""day"": 5, ""dayName"": ""星期五"", ""periods"": [""2"", ""3"", ""4""], ""raw"": ""2,3, 4""}]",限修及外加,管院聯合課程，應經系列為畢業選修學分。,https://course.nuk.edu.tw/QueryCourse/tcontent.asp?OpenYear=106&Helf=1&Sclass=CCM&Cono=A501,2026-08-26T18:17:54+00:00
106-1-CCM-A502-A-3-A,106,1,管理學院,CCM,管理學院共同課程,A502,A,大學部,3,A,智慧型創業研習,3,選,60,54,,6,翁銘章 劉志成,M01-B104,,,,"5,6, 7",,,,"[{""day"": 4, ""dayName"": ""星期四"", ""periods"": [""5"", ""6"", ""7""], ""raw"": ""5,6, 7""}]",限修 學程,服務與智慧型創新創業學分學程；與資管系合開,https://course.nuk.edu.tw/QueryCourse/tcontent.asp?OpenYear=106&Helf=1&Sclass=CCM&Cono=A502,2026-08-26T18:17:54+00:00
106-1-CCM-A502-A-4-A,106,1,管理學院,CCM,管理學院共同課程,A502,A,大學部,4,A,智慧型創業研習,3,選,60,54,,6,翁銘章 劉志成,M01-B104,,,,"5,6, 7",,,,"[{""day"": 4, ""dayName"": ""星期四"", ""periods"": [""5"", ""6"", ""7""], ""raw"": ""5,6, 7""}]",限修 學程,教室為M01-B104。與應經系、資管大二、大三合開。服務與智慧型創新創業學分學程,https://course.nuk.edu.tw/QueryCourse/tcontent.asp?OpenYear=106&Helf=1&Sclass=CCM&Cono=A502,2026-08-26T18:17:54+00:00
106-1-EBA-N051-E-1-,106,1,管理學院,EBA,高階經營管理碩士在職專班,N051,E,高階經營管理碩士在職專班,1,,財務管理,3,選,70,53,,17,陳怡凱 張志向,M01-B102,,,,,,"2,3, 4,5, 6,7",,"[{""day"": 6, ""dayName"": ""星期六"", ""periods"": [""2"", ""3"", ""4"", ""5"", ""6"", ""7""], ""raw"": ""2,3, 4,5, 6,7""}]",,高雄班,https://course.nuk.edu.tw/QueryCourse/tcontent.asp?OpenYear=106&Helf=1&Sclass=EBA&Cono=N051,2026-08-26T18:17:54+00:00
106-1-EBA-N061-E-1-,106,1,管理學院,EBA,高階經營管理碩士在職專班,N061,E,高階經營管理碩士在職專班,1,,資訊管理,3,選,15,6,,9,吳建興 丁一賢,,,,,,,"8,9, 10","8,9, 10","[{""day"": 6, ""dayName"": ""星期六"", ""periods"": [""8"", ""9"", ""10""], ""raw"": ""8,9, 10""}, {""day"": 7, ""dayName"": ""星期日"", ""periods"": [""8"", ""9"", ""10""], ""raw"": ""8,9, 10""}]",,金門班,https://course.nuk.edu.tw/QueryCourse/tcontent.asp?OpenYear=106&Helf=1&Sclass=EBA&Cono=N061,2026-08-26T18:17:54+00:00
106-1-EBA-N542-E-1-,106,1,管理學院,EBA,高階經營管理碩士在職專班,N542,E,高階經營管理碩士在職專班,1,,全球經貿專題,3,選,15,3,,12,翁銘章 耿紹勛,,,,,,,,"2,3, 4,5, 6,7","[{""day"": 7, ""dayName"": ""星期日"", ""periods"": [""2"", ""3"", ""4"", ""5"", ""6"", ""7""], ""raw"": ""2,3, 4,5, 6,7""}]",,金門班,https://course.nuk.edu.tw/QueryCourse/tcontent.asp?OpenYear=106&Helf=1&Sclass=EBA&Cono=N542,2026-08-26T18:17:54+00:00
106-1-EBA-N622-E-1-,106,1,管理學院,EBA,高階經營管理碩士在職專班,N622,E,高階經營管理碩士在職專班,1,,企業個案分析,3,選,70,67,,3,楊書成 莊寶鵰 陳一民 陳怡凱,,,,,,,"8,9, 10","8,9, 10","[{""day"": 6, ""dayName"": ""星期六"", ""periods"": [""8"", ""9"", ""10""], ""raw"": ""8,9, 10""}, {""day"": 7, ""dayName"": ""星期日"", ""periods"": [""8"", ""9"", ""10""], ""raw"": ""8,9, 10""}]",,"高雄班, 與法律班合開",https://course.nuk.edu.tw/QueryCourse/tcontent.asp?OpenYear=106&Helf=1&Sclass=EBA&Cono=N622,2026-08-26T18:17:54+00:00
106-1-EBA-N652-E-1-,106,1,管理學院,EBA,高階經營管理碩士在職專班,N652,E,高階經營管理碩士在職專班,1,,組織與人力資源管理,3,選,70,37,,33,黃英忠,M01-B102,,,,,,,"2,3, 4,5, 6,7","[{""day"": 7, ""dayName"": ""星期日"", ""periods"": [""2"", ""3"", ""4"", ""5"", ""6"", ""7""], ""raw"": ""2,3, 4,5, 6,7""}]",,高雄班,https://course.nuk.edu.tw/QueryCourse/tcontent.asp?OpenYear=106&Helf=1&Sclass=EBA&Cono=N652,2026-08-26T18:17:54+00:00
106-1-EBA-N664-E-1-,106,1,管理學院,EBA,高階經營管理碩士在職專班,N664,E,高階經營管理碩士在職專班,1,,服務業管理,3,選,25,7,,18,莊寶鵰 劉信賢,,,,,,,"2,3, 4,5, 6,7",,"[{""day"": 6, ""dayName"": ""星期六"", ""periods"": [""2"", ""3"", ""4"", ""5"", ""6"", ""7""], ""raw"": ""2,3, 4,5, 6,7""}]",,金門班(與廈門班合開),https://course.nuk.edu.tw/QueryCourse/tcontent.asp?OpenYear=106&Helf=1&Sclass=EBA&Cono=N664,2026-08-26T18:17:54+00:00
106-1-EBA-N11A-E-2-,106,1,管理學院,EBA,高階經營管理碩士在職專班,N11A,E,高階經營管理碩士在職專班,2,,碩士論文(上)-(高雄班),3,必,40,37,,3,陳一民 楊書成 李亭林 莊寶鵰 楊詠凱 黃英忠 李博志 丁一賢 趙建雄 李揚 翁銘章 鄭義暉 陳宜伶 吳建興,,,,,X,X,X,,"[{""day"": 4, ""dayName"": ""星期四"", ""periods"": [""X""], ""raw"": ""X""}, {""day"": 5, ""dayName"": ""星期五"", ""periods"": [""X""], ""raw"": ""X""}, {""day"": 6, ""dayName"": ""星期六"", ""periods"": [""X""], ""raw"": ""X""}]",,高雄班,https://course.nuk.edu.tw/QueryCourse/tcontent.asp?OpenYear=106&Helf=1&Sclass=EBA&Cono=N11A,2026-08-26T18:17:54+00:00
106-1-EBA-N12A-E-2-,106,1,管理學院,EBA,高階經營管理碩士在職專班,N12A,E,高階經營管理碩士在職專班,2,,碩士論文(上)-(金門班),3,必,10,6,,4,楊書成 丁一賢 黃英忠 李亭林 吳建興 莊寶鵰 王文楷 外校老師,,X,X,X,,,,,"[{""day"": 1, ""dayName"": ""星期一"", ""periods"": [""X""], ""raw"": ""X""}, {""day"": 2, ""dayName"": ""星期二"", ""periods"": [""X""], ""raw"": ""X""}, {""day"": 3, ""dayName"": ""星期三"", ""periods"": [""X""], ""raw"": ""X""}]",,,https://course.nuk.edu.tw/QueryCourse/tcontent.asp?OpenYear=106&Helf=1&Sclass=EBA&Cono=N12A,2026-08-26T18:17:54+00:00
106-1-EBA-N561-E-2-,106,1,管理學院,EBA,高階經營管理碩士在職專班,N561,E,高階經營管理碩士在職專班,2,,企業參訪,3,選,55,44,,11,楊書成 丁一賢,,,,,Y,Y,Y,,"[{""day"": 4, ""dayName"": ""星期四"", ""periods"": [""Y""], ""raw"": ""Y""}, {""day"": 5, ""dayName"": ""星期五"", ""periods"": [""Y""], ""raw"": ""Y""}, {""day"": 6, ""dayName"": ""星期六"", ""periods"": [""Y""], ""raw"": ""Y""}]",,"高雄班, 與法律班.海西班合開",https://course.nuk.edu.tw/QueryCourse/tcontent.asp?OpenYear=106&Helf=1&Sclass=EBA&Cono=N561,2026-08-26T18:17:54+00:00
106-1-EM-F071-M-1-,106,1,管理學院,EM,經營管理研究所,F071,M,碩士班,1,,國際財務管理,3,必,15,10,,5,鄭育仁,M01-423,,,"2,3, 4",,,,,"[{""day"": 3, ""dayName"": ""星期三"", ""periods"": [""2"", ""3"", ""4""], ""raw"": ""2,3, 4""}]",,上課教室：管院423室,https://course.nuk.edu.tw/QueryCourse/tcontent.asp?OpenYear=106&Helf=1&Sclass=EM&Cono=F071,2026-08-26T18:17:54+00:00
106-1-EM-F141-M-1-,106,1,管理學院,EM,經營管理研究所,F141,M,碩士班,1,,國際行銷管理,3,必,15,9,,6,吳毓麒,M01-423,,"2,3, 4",,,,,,"[{""day"": 2, ""dayName"": ""星期二"", ""periods"": [""2"", ""3"", ""4""], ""raw"": ""2,3, 4""}]",,上課教室：管院423室,https://course.nuk.edu.tw/QueryCourse/tcontent.asp?OpenYear=106&Helf=1&Sclass=EM&Cono=F141,2026-08-26T18:17:54+00:00
106-1-EM-F151-M-1-,106,1,管理學院,EM,經營管理研究所,F151,M,碩士班,1,,研究方法,3,必,15,9,,6,楊雅博,M01-423,,,,"2,3, 4",,,,"[{""day"": 4, ""dayName"": ""星期四"", ""periods"": [""2"", ""3"", ""4""], ""raw"": ""2,3, 4""}]",,上課教室：管院423室,https://course.nuk.edu.tw/QueryCourse/tcontent.asp?OpenYear=106&Helf=1&Sclass=EM&Cono=F151,2026-08-26T18:17:54+00:00
106-1-EM-F161-M-1-,106,1,管理學院,EM,經營管理研究所,F161,M,碩士班,1,,管理經濟學,3,必,16,12,,4,楊雅博,M01-423,,,,"5,6, 7",,,,"[{""day"": 4, ""dayName"": ""星期四"", ""periods"": [""5"", ""6"", ""7""], ""raw"": ""5,6, 7""}]",,上課教室：管院423室,https://course.nuk.edu.tw/QueryCourse/tcontent.asp?OpenYear=106&Helf=1&Sclass=EM&Cono=F161,2026-08-26T18:17:54+00:00
106-1-EM-F18A-M-1-,106,1,管理學院,EM,經營管理研究所,F18A,M,碩士班,1,,經營管理實務研討（一）,1,必,10,9,,1,楊雅博 黃佩琪,M01-108,,,"5,6, 7",,,,,"[{""day"": 3, ""dayName"": ""星期三"", ""periods"": [""5"", ""6"", ""7""], ""raw"": ""5,6, 7""}]",,上課教室：管院108室,https://course.nuk.edu.tw/QueryCourse/tcontent.asp?OpenYear=106&Helf=1&Sclass=EM&Cono=F18A,2026-08-26T18:17:54+00:00
106-1-EM-F500-M-2-,106,1,管理學院,EM,經營管理研究所,F500,M,碩士班,2,,教學實務演練(經營管理研究所),0,選,4,3,,1,吳毓麒,M01-422,,X,,,,,,"[{""day"": 2, ""dayName"": ""星期二"", ""periods"": [""X""], ""raw"": ""X""}]",,上課教室：管院422室,https://course.nuk.edu.tw/QueryCourse/tcontent.asp?OpenYear=106&Helf=1&Sclass=EM&Cono=F500,2026-08-26T18:17:54+00:00
106-1-EM-G031-M-2-,106,1,管理學院,EM,經營管理研究所,G031,M,碩士班,2,,專題研討（一）,1,必,15,8,,7,鄭育仁,M01-423,,,"5,6, 7",,,,,"[{""day"": 3, ""dayName"": ""星期三"", ""periods"": [""5"", ""6"", ""7""], ""raw"": ""5,6, 7""}]",,上課教室：管院423室,https://course.nuk.edu.tw/QueryCourse/tcontent.asp?OpenYear=106&Helf=1&Sclass=EM&Cono=G031,2026-08-26T18:17:54+00:00
106-1-EM-G622-M-2-,106,1,管理學院,EM,經營管理研究所,G622,M,碩士班,2,,國際貿易與全球產業分析,3,選,15,13,,2,楊雅博,M01-423,"5,6, 7",,,,,,,"[{""day"": 1, ""dayName"": ""星期一"", ""periods"": [""5"", ""6"", ""7""], ""raw"": ""5,6, 7""}]",,上課教室：管院423室,https://course.nuk.edu.tw/QueryCourse/tcontent.asp?OpenYear=106&Helf=1&Sclass=EM&Cono=G622,2026-08-26T18:17:54+00:00
106-1-EM-G628-M-2-,106,1,管理學院,EM,經營管理研究所,G628,M,碩士班,2,,服務行銷專題,3,選,15,8,,7,吳毓麒,M01-422,,"5,6, 7",,,,,,"[{""day"": 2, ""dayName"": ""星期二"", ""periods"": [""5"", ""6"", ""7""], ""raw"": ""5,6, 7""}]",限修,上課教室：管院422室，全英語授課,https://course.nuk.edu.tw/QueryCourse/tcontent.asp?OpenYear=106&Helf=1&Sclass=EM&Cono=G628,2026-08-26T18:17:54+00:00
106-1-EM-G723-M-2-,106,1,管理學院,EM,經營管理研究所,G723,M,碩士班,2,,經營與行銷分析,3,選,20,16,,4,吳毓麒,M01-422,,,"2,3, 4",,,,,"[{""day"": 3, ""dayName"": ""星期三"", ""periods"": [""2"", ""3"", ""4""], ""raw"": ""2,3, 4""}]",,上課教室：管院422室,https://course.nuk.edu.tw/QueryCourse/tcontent.asp?OpenYear=106&Helf=1&Sclass=EM&Cono=G723,2026-08-26T18:17:54+00:00
106-1-FI-A01A-A-1-A,106,1,管理學院,FI,財務金融學系,A01A,A,大學部,1,A,經濟學原理(一),3,必,53,53,,0,楊琬如,M01-103,,"2,3, 4",,,,,,"[{""day"": 2, ""dayName"": ""星期二"", ""periods"": [""2"", ""3"", ""4""], ""raw"": ""2,3, 4""}]",限修及外加,M01-103,https://course.nuk.edu.tw/QueryCourse/tcontent.asp?OpenYear=106&Helf=1&Sclass=FI&Cono=A01A,2026-08-26T18:17:54+00:00
106-1-FI-A02A-A-1-A,106,1,管理學院,FI,財務金融學系,A02A,A,大學部,1,A,會計學原理(一),3,必,60,60,,0,高蘭芬,M01-103,,"5,6, 7",,,,,,"[{""day"": 2, ""dayName"": ""星期二"", ""periods"": [""5"", ""6"", ""7""], ""raw"": ""5,6, 7""}]",限修及外加,M01-103,https://course.nuk.edu.tw/QueryCourse/tcontent.asp?OpenYear=106&Helf=1&Sclass=FI&Cono=A02A,2026-08-26T18:17:54+00:00
106-1-FI-A041-A-1-A,106,1,管理學院,FI,財務金融學系,A041,A,大學部,1,A,計算機概論,3,必,60,48,,12,陳怡凱,L01-108,,,"2,3, 4",,,,,"[{""day"": 3, ""dayName"": ""星期三"", ""periods"": [""2"", ""3"", ""4""], ""raw"": ""2,3, 4""}]",限修,,https://course.nuk.edu.tw/QueryCourse/tcontent.asp?OpenYear=106&Helf=1&Sclass=FI&Cono=A041,2026-08-26T18:17:54+00:00
106-1-FI-A051-A-1-A,106,1,管理學院,FI,財務金融學系,A051,A,大學部,1,A,管理學,3,必,55,55,,0,林聖蒨,M01-104,,,,,"2,3, 4",,,"[{""day"": 5, ""dayName"": ""星期五"", ""periods"": [""2"", ""3"", ""4""], ""raw"": ""2,3, 4""}]",限修及外加,M01-104,https://course.nuk.edu.tw/QueryCourse/tcontent.asp?OpenYear=106&Helf=1&Sclass=FI&Cono=A051,2026-08-26T18:17:54+00:00
106-1-FI-B02A-A-1-A,106,1,管理學院,FI,財務金融學系,B02A,A,大學部,1,A,微積分（一）,3,必,60,59,,1,蔡明憲,M01-104,,,,"6,7, 8",,,,"[{""day"": 4, ""dayName"": ""星期四"", ""periods"": [""6"", ""7"", ""8""], ""raw"": ""6,7, 8""}]",,M01-104,https://course.nuk.edu.tw/QueryCourse/tcontent.asp?OpenYear=106&Helf=1&Sclass=FI&Cono=B02A,2026-08-26T18:17:54+00:00
106-1-FI-B01A-A-2-A,106,1,管理學院,FI,財務金融學系,B01A,A,大學部,2,A,財務管理(一),3,必,93,79,,14,黃一祥,M01-201,,,,,"5,6, 7",,,"[{""day"": 5, ""dayName"": ""星期五"", ""periods"": [""5"", ""6"", ""7""], ""raw"": ""5,6, 7""}]",,M01-201,https://course.nuk.edu.tw/QueryCourse/tcontent.asp?OpenYear=106&Helf=1&Sclass=FI&Cono=B01A,2026-08-26T18:17:54+00:00
106-1-FI-B07A-A-2-A,106,1,管理學院,FI,財務金融學系,B07A,A,大學部,2,A,統計學(一),3,必,61,61,,0,余歆儀,M01-104,,"2,3, 4",,,,,,"[{""day"": 2, ""dayName"": ""星期二"", ""periods"": [""2"", ""3"", ""4""], ""raw"": ""2,3, 4""}]",限修及外加,M01-104,https://course.nuk.edu.tw/QueryCourse/tcontent.asp?OpenYear=106&Helf=1&Sclass=FI&Cono=B07A,2026-08-26T18:17:54+00:00
106-1-FI-B52A-A-2-A,106,1,管理學院,FI,財務金融學系,B52A,A,大學部,2,A,中級會計學(一),3,選,61,53,,8,余文彬,M01-104,,"5,6, 7",,,,,,"[{""day"": 2, ""dayName"": ""星期二"", ""periods"": [""5"", ""6"", ""7""], ""raw"": ""5,6, 7""}]",,M01-104,https://course.nuk.edu.tw/QueryCourse/tcontent.asp?OpenYear=106&Helf=1&Sclass=FI&Cono=B52A,2026-08-26T18:17:54+00:00
106-1-FI-B682-A-2-A,106,1,管理學院,FI,財務金融學系,B682,A,大學部,2,A,當前金融問題分析,3,選,34,34,,0,王功亮,M01-103,,,,,"2,3, 4",,,"[{""day"": 5, ""dayName"": ""星期五"", ""periods"": [""2"", ""3"", ""4""], ""raw"": ""2,3, 4""}]",外加 學程,隸屬財經管理與資訊應用全英語學程-全英語授課，M01-103,https://course.nuk.edu.tw/QueryCourse/tcontent.asp?OpenYear=106&Helf=1&Sclass=FI&Cono=B682,2026-08-26T18:17:54+00:00
106-1-FI-B69A-A-2-A,106,1,管理學院,FI,財務金融學系,B69A,A,大學部,2,A,個體經濟學(一),3,選,52,40,,12,楊琬如,M01-103,"2,3, 4",,,,,,,"[{""day"": 1, ""dayName"": ""星期一"", ""periods"": [""2"", ""3"", ""4""], ""raw"": ""2,3, 4""}]",限修及外加,M01-103,https://course.nuk.edu.tw/QueryCourse/tcontent.asp?OpenYear=106&Helf=1&Sclass=FI&Cono=B69A,2026-08-26T18:17:54+00:00
106-1-FI-B612-A-3-A,106,1,管理學院,FI,財務金融學系,B612,A,大學部,3,A,衍生性金融商品簡介,3,選,20,18,,2,王文楷,M01-203,,"2,3, 4",,,,,,"[{""day"": 2, ""dayName"": ""星期二"", ""periods"": [""2"", ""3"", ""4""], ""raw"": ""2,3, 4""}]",外加 學程,隸屬財經管理與資訊應用全英語學程-全英語授課，M01-203,https://course.nuk.edu.tw/QueryCourse/tcontent.asp?OpenYear=106&Helf=1&Sclass=FI&Cono=B612,2026-08-26T18:17:54+00:00
106-1-FI-C001-A-3-A,106,1,管理學院,FI,財務金融學系,C001,A,大學部,3,A,金融市場與機構,3,必,60,59,,1,陳怡凱,M01-104,"2,3, 4",,,,,,,"[{""day"": 1, ""dayName"": ""星期一"", ""periods"": [""2"", ""3"", ""4""], ""raw"": ""2,3, 4""}]",限修及外加,M01-104,https://course.nuk.edu.tw/QueryCourse/tcontent.asp?OpenYear=106&Helf=1&Sclass=FI&Cono=C001,2026-08-26T18:17:54+00:00
106-1-FI-C011-A-3-A,106,1,管理學院,FI,財務金融學系,C011,A,大學部,3,A,期貨與選擇權,3,必,63,62,,1,張志向,M01-104,,,"2,3, 4",,,,,"[{""day"": 3, ""dayName"": ""星期三"", ""periods"": [""2"", ""3"", ""4""], ""raw"": ""2,3, 4""}]",外加,M01-104,https://course.nuk.edu.tw/QueryCourse/tcontent.asp?OpenYear=106&Helf=1&Sclass=FI&Cono=C011,2026-08-26T18:17:54+00:00
106-1-FI-C021-A-3-A,106,1,管理學院,FI,財務金融學系,C021,A,大學部,3,A,公司理財專題,3,必,63,58,,5,黃旭輝,M01-103,,,,"6,7, 8",,,,"[{""day"": 4, ""dayName"": ""星期四"", ""periods"": [""6"", ""7"", ""8""], ""raw"": ""6,7, 8""}]",限修及外加,M01-103,https://course.nuk.edu.tw/QueryCourse/tcontent.asp?OpenYear=106&Helf=1&Sclass=FI&Cono=C021,2026-08-26T18:17:54+00:00
106-1-FI-C600-A-3-A,106,1,管理學院,FI,財務金融學系,C600,A,大學部,3,A,金融法規,3,選,60,51,,9,李美金,M01-104,,,,"2,3, 4",,,,"[{""day"": 4, ""dayName"": ""星期四"", ""periods"": [""2"", ""3"", ""4""], ""raw"": ""2,3, 4""}]",,"M01-104,李美金老師",https://course.nuk.edu.tw/QueryCourse/tcontent.asp?OpenYear=106&Helf=1&Sclass=FI&Cono=C600,2026-08-26T18:17:54+00:00
106-1-FI-C602-A-3-A,106,1,管理學院,FI,財務金融學系,C602,A,大學部,3,A,信用管理,3,選,45,45,,0,蔡明憲 業界教師,M01-104,,,,,"6,7, 8",,,"[{""day"": 5, ""dayName"": ""星期五"", ""periods"": [""6"", ""7"", ""8""], ""raw"": ""6,7, 8""}]",外加,M01-104，業界教師協同授課。,https://course.nuk.edu.tw/QueryCourse/tcontent.asp?OpenYear=106&Helf=1&Sclass=FI&Cono=C602,2026-08-26T18:17:54+00:00
106-1-FI-C73A-A-3-A,106,1,管理學院,FI,財務金融學系,C73A,A,大學部,3,A,財務工程(一),3,選,32,32,,0,王文楷,L01-108,,,,,"2,3, 4",,,"[{""day"": 5, ""dayName"": ""星期五"", ""periods"": [""2"", ""3"", ""4""], ""raw"": ""2,3, 4""}]",外加,,https://course.nuk.edu.tw/QueryCourse/tcontent.asp?OpenYear=106&Helf=1&Sclass=FI&Cono=C73A,2026-08-26T18:17:54+00:00
106-1-FI-C701-A-4-A,106,1,管理學院,FI,財務金融學系,C701,A,大學部,4,A,企業評價,3,選,93,33,,60,黃一祥,M01-201,,,,"5,6, 7",,,,"[{""day"": 4, ""dayName"": ""星期四"", ""periods"": [""5"", ""6"", ""7""], ""raw"": ""5,6, 7""}]",,M01-201,https://course.nuk.edu.tw/QueryCourse/tcontent.asp?OpenYear=106&Helf=1&Sclass=FI&Cono=C701,2026-08-26T18:17:54+00:00
106-1-FI-D021-A-4-A,106,1,管理學院,FI,財務金融學系,D021,A,大學部,4,A,財務管理個案研究,3,必,60,58,,2,張志向,M01-104,"6,7, 8",,,,,,,"[{""day"": 1, ""dayName"": ""星期一"", ""periods"": [""6"", ""7"", ""8""], ""raw"": ""6,7, 8""}]",,M01-104,https://course.nuk.edu.tw/QueryCourse/tcontent.asp?OpenYear=106&Helf=1&Sclass=FI&Cono=D021,2026-08-26T18:17:54+00:00
106-1-FI-F700-A-4-A,106,1,管理學院,FI,財務金融學系,F700,A,大學部,4,A,財務金融實習,3,選,12,8,,4,余歆儀,M01-203,,,"12,13",,,,,"[{""day"": 3, ""dayName"": ""星期三"", ""periods"": [""12"", ""13""], ""raw"": ""12,13""}]",限修及外加,與碩士班合開，待實習完畢後，始開放名額選修此門課程。M01-203,https://course.nuk.edu.tw/QueryCourse/tcontent.asp?OpenYear=106&Helf=1&Sclass=FI&Cono=F700,2026-08-26T18:17:54+00:00
106-1-FI-F001-M-1-,106,1,管理學院,FI,財務金融學系,F001,M,碩士班,1,,計量經濟學,3,必,23,23,,0,余歆儀,M01-203,"2,3, 4",,,,,,,"[{""day"": 1, ""dayName"": ""星期一"", ""periods"": [""2"", ""3"", ""4""], ""raw"": ""2,3, 4""}]",限修及外加,M01-203,https://course.nuk.edu.tw/QueryCourse/tcontent.asp?OpenYear=106&Helf=1&Sclass=FI&Cono=F001,2026-08-26T18:17:54+00:00
106-1-FI-F00A-M-1-,106,1,管理學院,FI,財務金融學系,F00A,M,碩士班,1,,財務專題研討(一),2,必,18,17,,1,黃旭輝,M01-203,,,"6,7",,,,,"[{""day"": 3, ""dayName"": ""星期三"", ""periods"": [""6"", ""7""], ""raw"": ""6,7""}]",限修,M01-203,https://course.nuk.edu.tw/QueryCourse/tcontent.asp?OpenYear=106&Helf=1&Sclass=FI&Cono=F00A,2026-08-26T18:17:54+00:00
106-1-FI-F011-M-1-,106,1,管理學院,FI,財務金融學系,F011,M,碩士班,1,,財務理論,3,必,20,20,,0,黃旭輝,M01-103,,,,,"6,7, 8",,,"[{""day"": 5, ""dayName"": ""星期五"", ""periods"": [""6"", ""7"", ""8""], ""raw"": ""6,7, 8""}]",限修及外加,M01-103,https://course.nuk.edu.tw/QueryCourse/tcontent.asp?OpenYear=106&Helf=1&Sclass=FI&Cono=F011,2026-08-26T18:17:54+00:00
106-1-FI-F021-M-1-,106,1,管理學院,FI,財務金融學系,F021,M,碩士班,1,,金融機構管理,3,必,20,17,,3,陳怡凱,M01-108,,"2,3, 4",,,,,,"[{""day"": 2, ""dayName"": ""星期二"", ""periods"": [""2"", ""3"", ""4""], ""raw"": ""2,3, 4""}]",,,https://course.nuk.edu.tw/QueryCourse/tcontent.asp?OpenYear=106&Helf=1&Sclass=FI&Cono=F021,2026-08-26T18:17:54+00:00
106-1-FI-F500-M-1-,106,1,管理學院,FI,財務金融學系,F500,M,碩士班,1,,教學實務演練(金融管理學系),0,選,8,8,,0,蔡明憲,,,X,,,,,,"[{""day"": 2, ""dayName"": ""星期二"", ""periods"": [""X""], ""raw"": ""X""}]",外加,指定加簽，申請擔任學習型兼任教學助理之學生必須修習本課程。,https://course.nuk.edu.tw/QueryCourse/tcontent.asp?OpenYear=106&Helf=1&Sclass=FI&Cono=F500,2026-08-26T18:17:54+00:00
106-1-FI-F531-M-1-,106,1,管理學院,FI,財務金融學系,F531,M,碩士班,1,,財務報表分析,3,選,17,17,,0,高蘭芬,M01-108,,,,"5,6, 7",,,,"[{""day"": 4, ""dayName"": ""星期四"", ""periods"": [""5"", ""6"", ""7""], ""raw"": ""5,6, 7""}]",限修及外加,M01-306，與碩二合開,https://course.nuk.edu.tw/QueryCourse/tcontent.asp?OpenYear=106&Helf=1&Sclass=FI&Cono=F531,2026-08-26T18:17:54+00:00
106-1-FI-F542-M-1-,106,1,管理學院,FI,財務金融學系,F542,M,碩士班,1,,公司理財,3,選,23,18,,5,黃一祥,M01-203,,,,"2,3, 4",,,,"[{""day"": 4, ""dayName"": ""星期四"", ""periods"": [""2"", ""3"", ""4""], ""raw"": ""2,3, 4""}]",外加,M01-306,https://course.nuk.edu.tw/QueryCourse/tcontent.asp?OpenYear=106&Helf=1&Sclass=FI&Cono=F542,2026-08-26T18:17:54+00:00
106-1-FI-F700-M-1-,106,1,管理學院,FI,財務金融學系,F700,M,碩士班,1,,財務金融實習,3,選,12,8,,4,余歆儀,M01-203,,,"12,13",,,,,"[{""day"": 3, ""dayName"": ""星期三"", ""periods"": [""12"", ""13""], ""raw"": ""12,13""}]",限修及外加,與大學部合開，待實習完畢後，始開放名額選修此門課程。M01-203,https://course.nuk.edu.tw/QueryCourse/tcontent.asp?OpenYear=106&Helf=1&Sclass=FI&Cono=F700,2026-08-26T18:17:54+00:00
106-1-FI-F00C-M-2-,106,1,管理學院,FI,財務金融學系,F00C,M,碩士班,2,,財務專題研討(三),2,必,15,14,,1,余歆儀,M01-203,,,"6,7",,,,,"[{""day"": 3, ""dayName"": ""星期三"", ""periods"": [""6"", ""7""], ""raw"": ""6,7""}]",限修,M01-203,https://course.nuk.edu.tw/QueryCourse/tcontent.asp?OpenYear=106&Helf=1&Sclass=FI&Cono=F00C,2026-08-26T18:17:54+00:00
106-1-FI-F531-M-2-,106,1,管理學院,FI,財務金融學系,F531,M,碩士班,2,,財務報表分析,3,選,17,17,,0,高蘭芬,M01-108,,,,"5,6, 7",,,,"[{""day"": 4, ""dayName"": ""星期四"", ""periods"": [""5"", ""6"", ""7""], ""raw"": ""5,6, 7""}]",限修及外加,與碩一合開,https://course.nuk.edu.tw/QueryCourse/tcontent.asp?OpenYear=106&Helf=1&Sclass=FI&Cono=F531,2026-08-26T18:17:54+00:00
106-1-FI-F561-M-2-,106,1,管理學院,FI,財務金融學系,F561,M,碩士班,2,,財務工程,3,選,16,15,,1,王文楷,M01-203,,,"2,3, 4",,,,,"[{""day"": 3, ""dayName"": ""星期三"", ""periods"": [""2"", ""3"", ""4""], ""raw"": ""2,3, 4""}]",外加,M01-203,https://course.nuk.edu.tw/QueryCourse/tcontent.asp?OpenYear=106&Helf=1&Sclass=FI&Cono=F561,2026-08-26T18:17:54+00:00
106-1-FI-F562-M-2-,106,1,管理學院,FI,財務金融學系,F562,M,碩士班,2,,行為財務,3,選,15,8,,7,張志向,M01-306,"2,3, 4",,,,,,,"[{""day"": 1, ""dayName"": ""星期一"", ""periods"": [""2"", ""3"", ""4""], ""raw"": ""2,3, 4""}]",,M01-306,https://course.nuk.edu.tw/QueryCourse/tcontent.asp?OpenYear=106&Helf=1&Sclass=FI&Cono=F562,2026-08-26T18:17:54+00:00
106-1-FI-G501-M-2-,106,1,管理學院,FI,財務金融學系,G501,M,碩士班,2,,金融倫理,3,選,15,9,,6,王功亮,M01-306,,,,"2,3, 4",,,,"[{""day"": 4, ""dayName"": ""星期四"", ""periods"": [""2"", ""3"", ""4""], ""raw"": ""2,3, 4""}]",,M01-203,https://course.nuk.edu.tw/QueryCourse/tcontent.asp?OpenYear=106&Helf=1&Sclass=FI&Cono=G501,2026-08-26T18:17:54+00:00
106-1-IBA-O523-E-1-,106,1,管理學院,IBA,國際高階經營管理碩士在職專班,O523,E,高階經營管理碩士在職專班,1,,資訊管理,3,選,20,2,,18,吳建興 楊書成 丁一賢,,,,,,,"8,9, 10","8,9, 10","[{""day"": 6, ""dayName"": ""星期六"", ""periods"": [""8"", ""9"", ""10""], ""raw"": ""8,9, 10""}, {""day"": 7, ""dayName"": ""星期日"", ""periods"": [""8"", ""9"", ""10""], ""raw"": ""8,9, 10""}]",,廈門班,https://course.nuk.edu.tw/QueryCourse/tcontent.asp?OpenYear=106&Helf=1&Sclass=IBA&Cono=O523,2026-08-26T18:17:54+00:00
106-1-IBA-O593-E-1-,106,1,管理學院,IBA,國際高階經營管理碩士在職專班,O593,E,高階經營管理碩士在職專班,1,,行銷管理,3,選,30,18,,12,楊書成 郭英峰,,,,,,,,"5,6, 7,8, 9,10","[{""day"": 7, ""dayName"": ""星期日"", ""periods"": [""5"", ""6"", ""7"", ""8"", ""9"", ""10""], ""raw"": ""5,6, 7,8, 9,10""}]",,越南班,https://course.nuk.edu.tw/QueryCourse/tcontent.asp?OpenYear=106&Helf=1&Sclass=IBA&Cono=O593,2026-08-26T18:17:54+00:00
106-1-IBA-O601-E-1-,106,1,管理學院,IBA,國際高階經營管理碩士在職專班,O601,E,高階經營管理碩士在職專班,1,,國際企業管理,3,選,30,17,,13,陳一民 李揚,,,,,,,"8,9, 10","2,3, 4","[{""day"": 6, ""dayName"": ""星期六"", ""periods"": [""8"", ""9"", ""10""], ""raw"": ""8,9, 10""}, {""day"": 7, ""dayName"": ""星期日"", ""periods"": [""2"", ""3"", ""4""], ""raw"": ""2,3, 4""}]",,越南班,https://course.nuk.edu.tw/QueryCourse/tcontent.asp?OpenYear=106&Helf=1&Sclass=IBA&Cono=O601,2026-08-26T18:17:54+00:00
106-1-IBA-O603-E-1-,106,1,管理學院,IBA,國際高階經營管理碩士在職專班,O603,E,高階經營管理碩士在職專班,1,,國際企業管理,3,選,25,10,,15,陳一民 李揚,,,,,,,,"2,3, 4,5, 6,7","[{""day"": 7, ""dayName"": ""星期日"", ""periods"": [""2"", ""3"", ""4"", ""5"", ""6"", ""7""], ""raw"": ""2,3, 4,5, 6,7""}]",,海西班,https://course.nuk.edu.tw/QueryCourse/tcontent.asp?OpenYear=106&Helf=1&Sclass=IBA&Cono=O603,2026-08-26T18:17:54+00:00
106-1-IBA-O626-E-1-,106,1,管理學院,IBA,國際高階經營管理碩士在職專班,O626,E,高階經營管理碩士在職專班,1,,服務業管理,3,選,20,17,,3,莊寶鵰 劉信賢,,,,,,,"2,3, 4,5, 6,7",,"[{""day"": 6, ""dayName"": ""星期六"", ""periods"": [""2"", ""3"", ""4"", ""5"", ""6"", ""7""], ""raw"": ""2,3, 4,5, 6,7""}]",,海西班,https://course.nuk.edu.tw/QueryCourse/tcontent.asp?OpenYear=106&Helf=1&Sclass=IBA&Cono=O626,2026-08-26T18:17:54+00:00
106-1-IBA-O706-E-1-,106,1,管理學院,IBA,國際高階經營管理碩士在職專班,O706,E,高階經營管理碩士在職專班,1,,金融市場與投資,3,選,30,12,,18,陳怡凱 翁銘章,,,,,,,"2,3, 4,5, 6,7",,"[{""day"": 6, ""dayName"": ""星期六"", ""periods"": [""2"", ""3"", ""4"", ""5"", ""6"", ""7""], ""raw"": ""2,3, 4,5, 6,7""}]",禁止外加,IEMBA泰國班,https://course.nuk.edu.tw/QueryCourse/tcontent.asp?OpenYear=106&Helf=1&Sclass=IBA&Cono=O706,2026-08-26T18:17:54+00:00
106-1-IBA-O716-E-1-,106,1,管理學院,IBA,國際高階經營管理碩士在職專班,O716,E,高階經營管理碩士在職專班,1,,全球競爭力分析,3,選,30,18,,12,李博志 翁銘章,,,,,,,"2,3, 4,5, 6,7",,"[{""day"": 6, ""dayName"": ""星期六"", ""periods"": [""2"", ""3"", ""4"", ""5"", ""6"", ""7""], ""raw"": ""2,3, 4,5, 6,7""}]",,越南班,https://course.nuk.edu.tw/QueryCourse/tcontent.asp?OpenYear=106&Helf=1&Sclass=IBA&Cono=O716,2026-08-26T18:17:54+00:00
106-1-IBA-O746-E-1-,106,1,管理學院,IBA,國際高階經營管理碩士在職專班,O746,E,高階經營管理碩士在職專班,1,,顧客關係管理,3,選,30,11,,19,楊書成 丁一賢,,,,,,,,"2,3, 4,5, 6,7","[{""day"": 7, ""dayName"": ""星期日"", ""periods"": [""2"", ""3"", ""4"", ""5"", ""6"", ""7""], ""raw"": ""2,3, 4,5, 6,7""}]",禁止外加,IEMBA泰國班,https://course.nuk.edu.tw/QueryCourse/tcontent.asp?OpenYear=106&Helf=1&Sclass=IBA&Cono=O746,2026-08-26T18:17:54+00:00
106-1-IBA-O753-E-1-,106,1,管理學院,IBA,國際高階經營管理碩士在職專班,O753,E,高階經營管理碩士在職專班,1,,科技管理,3,選,15,2,,13,李亭林 王凱,,,,,,,,"2,3, 4,5, 6,7","[{""day"": 7, ""dayName"": ""星期日"", ""periods"": [""2"", ""3"", ""4"", ""5"", ""6"", ""7""], ""raw"": ""2,3, 4,5, 6,7""}]",,廈門班,https://course.nuk.edu.tw/QueryCourse/tcontent.asp?OpenYear=106&Helf=1&Sclass=IBA&Cono=O753,2026-08-26T18:17:54+00:00
106-1-IBA-O756-E-1-,106,1,管理學院,IBA,國際高階經營管理碩士在職專班,O756,E,高階經營管理碩士在職專班,1,,科技管理,3,選,20,10,,10,李亭林 王凱,,,,,,,"8,9, 10","8,9, 10","[{""day"": 6, ""dayName"": ""星期六"", ""periods"": [""8"", ""9"", ""10""], ""raw"": ""8,9, 10""}, {""day"": 7, ""dayName"": ""星期日"", ""periods"": [""8"", ""9"", ""10""], ""raw"": ""8,9, 10""}]",,海西班,https://course.nuk.edu.tw/QueryCourse/tcontent.asp?OpenYear=106&Helf=1&Sclass=IBA&Cono=O756,2026-08-26T18:17:54+00:00
106-1-IBA-O12A-E-2-,106,1,管理學院,IBA,國際高階經營管理碩士在職專班,O12A,E,高階經營管理碩士在職專班,2,,碩士論文(上)-(越南班),3,必,10,6,,4,吳建興 楊書成 丁一賢 莊寶鵰 趙建雄,,X,X,X,,,,,"[{""day"": 1, ""dayName"": ""星期一"", ""periods"": [""X""], ""raw"": ""X""}, {""day"": 2, ""dayName"": ""星期二"", ""periods"": [""X""], ""raw"": ""X""}, {""day"": 3, ""dayName"": ""星期三"", ""periods"": [""X""], ""raw"": ""X""}]",,越南班,https://course.nuk.edu.tw/QueryCourse/tcontent.asp?OpenYear=106&Helf=1&Sclass=IBA&Cono=O12A,2026-08-26T18:17:54+00:00
106-1-IBA-O16A-E-2-,106,1,管理學院,IBA,國際高階經營管理碩士在職專班,O16A,E,高階經營管理碩士在職專班,2,,碩士論文(上)-(海西班),3,必,20,13,,7,楊書成 丁一賢 陳怡凱 翁銘章 余歆儀,,X,X,X,,,,,"[{""day"": 1, ""dayName"": ""星期一"", ""periods"": [""X""], ""raw"": ""X""}, {""day"": 2, ""dayName"": ""星期二"", ""periods"": [""X""], ""raw"": ""X""}, {""day"": 3, ""dayName"": ""星期三"", ""periods"": [""X""], ""raw"": ""X""}]",,,https://course.nuk.edu.tw/QueryCourse/tcontent.asp?OpenYear=106&Helf=1&Sclass=IBA&Cono=O16A,2026-08-26T18:17:54+00:00
106-1-IM-A011-A-1-A,106,1,管理學院,IM,資訊管理學系,A011,A,大學部,1,A,計算機概論,3,必,60,60,,0,丁一賢 業界教師,L01-107,,,,"5,6, 7",,,,"[{""day"": 4, ""dayName"": ""星期四"", ""periods"": [""5"", ""6"", ""7""], ""raw"": ""5,6, 7""}]",限修及外加,教室為L01-107。限修本系，外系同學欲修此課程，請找任課老師加簽。,https://course.nuk.edu.tw/QueryCourse/tcontent.asp?OpenYear=106&Helf=1&Sclass=IM&Cono=A011,2026-08-26T18:17:54+00:00
106-1-IM-A101-A-1-A,106,1,管理學院,IM,資訊管理學系,A101,A,大學部,1,A,經濟學,3,必,61,50,,11,楊書成,M01-B102,,,"2,3, 4",,,,,"[{""day"": 3, ""dayName"": ""星期三"", ""periods"": [""2"", ""3"", ""4""], ""raw"": ""2,3, 4""}]",限修及外加,教室為M01-B102。限修本系，外系同學欲修此課程，請找任課老師加簽。,https://course.nuk.edu.tw/QueryCourse/tcontent.asp?OpenYear=106&Helf=1&Sclass=IM&Cono=A101,2026-08-26T18:17:54+00:00
106-1-IM-A121-A-1-A,106,1,管理學院,IM,資訊管理學系,A121,A,大學部,1,A,企業管理,3,必,60,49,,11,郭英峰,M01-206,,"2,3, 4",,,,,,"[{""day"": 2, ""dayName"": ""星期二"", ""periods"": [""2"", ""3"", ""4""], ""raw"": ""2,3, 4""}]",限修,教室為M01-206。限修本系，外系同學欲修此課程，請找任課老師加簽。,https://course.nuk.edu.tw/QueryCourse/tcontent.asp?OpenYear=106&Helf=1&Sclass=IM&Cono=A121,2026-08-26T18:17:54+00:00
106-1-IM-A131-A-1-A,106,1,管理學院,IM,資訊管理學系,A131,A,大學部,1,A,程式設計,3,必,66,66,,0,蕭漢威,L01-108,,,,"2,3, 4",,,,"[{""day"": 4, ""dayName"": ""星期四"", ""periods"": [""2"", ""3"", ""4""], ""raw"": ""2,3, 4""}]",限修及外加,教室為L01-108。限修本系，外系同學欲修此課程，請找任課老師加簽。,https://course.nuk.edu.tw/QueryCourse/tcontent.asp?OpenYear=106&Helf=1&Sclass=IM&Cono=A131,2026-08-26T18:17:54+00:00
106-1-IM-D500-A-1-A,106,1,管理學院,IM,資訊管理學系,D500,A,大學部,1,A,國際青年服務學習,0,選,6,6,,0,丁一賢,,,X,,,,,,"[{""day"": 2, ""dayName"": ""星期二"", ""periods"": [""X""], ""raw"": ""X""}]",限修及外加,指定加簽，申請擔任學習型兼任助理或工讀之學生必須修習本課程,https://course.nuk.edu.tw/QueryCourse/tcontent.asp?OpenYear=106&Helf=1&Sclass=IM&Cono=D500,2026-08-26T18:17:54+00:00
106-1-IM-F632-A-1-A,106,1,管理學院,IM,資訊管理學系,F632,A,大學部,1,A,R分析應用,3,選,61,45,,16,曾智義,C02-B101,,"2,3, 4",,,,,,"[{""day"": 2, ""dayName"": ""星期二"", ""periods"": [""2"", ""3"", ""4""], ""raw"": ""2,3, 4""}]",限修及外加,限管理學院大學部三、四年級及碩士班選修。,https://course.nuk.edu.tw/QueryCourse/tcontent.asp?OpenYear=106&Helf=1&Sclass=IM&Cono=F632,2026-08-26T18:17:54+00:00
106-1-IM-B032-A-2-A,106,1,管理學院,IM,資訊管理學系,B032,A,大學部,2,A,行銷管理,3,必,60,54,,6,王凱,M01-206,,,"2,3, 4",,,,,"[{""day"": 3, ""dayName"": ""星期三"", ""periods"": [""2"", ""3"", ""4""], ""raw"": ""2,3, 4""}]",限修,教室為M01-206。限修本系，外系同學欲修此課程，請找任課老師加簽。,https://course.nuk.edu.tw/QueryCourse/tcontent.asp?OpenYear=106&Helf=1&Sclass=IM&Cono=B032,2026-08-26T18:17:54+00:00
106-1-IM-B041-A-2-A,106,1,管理學院,IM,資訊管理學系,B041,A,大學部,2,A,資料結構,3,必,61,53,,8,楊新章,L01-108 其他教室,,,,"5,6, 7",,,,"[{""day"": 4, ""dayName"": ""星期四"", ""periods"": [""5"", ""6"", ""7""], ""raw"": ""5,6, 7""}]",限修及外加,教室為L01-108。限修本系，外系同學欲修此課程，請找任課老師加簽。,https://course.nuk.edu.tw/QueryCourse/tcontent.asp?OpenYear=106&Helf=1&Sclass=IM&Cono=B041,2026-08-26T18:17:54+00:00
106-1-IM-B07A-A-2-A,106,1,管理學院,IM,資訊管理學系,B07A,A,大學部,2,A,統計學(一),3,必,60,60,,0,吳建興,M01-204,,"5,6, 7",,,,,,"[{""day"": 2, ""dayName"": ""星期二"", ""periods"": [""5"", ""6"", ""7""], ""raw"": ""5,6, 7""}]",限修及外加,教室為M01-204，限本系選修，外系同學欲修此課，請洽任課老師。,https://course.nuk.edu.tw/QueryCourse/tcontent.asp?OpenYear=106&Helf=1&Sclass=IM&Cono=B07A,2026-08-26T18:17:54+00:00
106-1-IM-C021-A-2-A,106,1,管理學院,IM,資訊管理學系,C021,A,大學部,2,A,電腦網路,3,必,60,57,,3,蕭漢威,L01-108,,"2,3, 4",,,,,,"[{""day"": 2, ""dayName"": ""星期二"", ""periods"": [""2"", ""3"", ""4""], ""raw"": ""2,3, 4""}]",限修及外加,教室為L01-108。限修本系，外系同學欲修此課程，請找任課老師加簽。,https://course.nuk.edu.tw/QueryCourse/tcontent.asp?OpenYear=106&Helf=1&Sclass=IM&Cono=C021,2026-08-26T18:17:54+00:00
106-1-IM-D522-A-2-A,106,1,管理學院,IM,資訊管理學系,D522,A,大學部,2,A,資訊趨勢與商業英語實務,3,選,25,19,,6,趙建雄,M01-418,,"10,11, 12",,,,,,"[{""day"": 2, ""dayName"": ""星期二"", ""periods"": [""10"", ""11"", ""12""], ""raw"": ""10,11, 12""}]",限修及外加 學程,教室為M01-418。為全英語授課，與資管大三、大四合開。（財經管理與資訊應用全英語學程），蔡奎如老師共同授課。,https://course.nuk.edu.tw/QueryCourse/tcontent.asp?OpenYear=106&Helf=1&Sclass=IM&Cono=D522,2026-08-26T18:17:54+00:00
106-1-IM-A15B-A-3-A,106,1,管理學院,IM,資訊管理學系,A15B,A,大學部,3,A,物件導向程式設計Ⅱ,3,必,53,53,,0,丁一賢 業界教師,L01-107,"5,6, 7",,,,,,,"[{""day"": 1, ""dayName"": ""星期一"", ""periods"": [""5"", ""6"", ""7""], ""raw"": ""5,6, 7""}]",先修 外加,教室為L01-107。限修本系，外系同學欲修此課程，請找任課老師加簽。,https://course.nuk.edu.tw/QueryCourse/tcontent.asp?OpenYear=106&Helf=1&Sclass=IM&Cono=A15B,2026-08-26T18:17:54+00:00
106-1-IM-C001-A-3-A,106,1,管理學院,IM,資訊管理學系,C001,A,大學部,3,A,系統分析與設計,3,必,60,57,,3,王凱,M01-206,,,,"2,3, 4",,,,"[{""day"": 4, ""dayName"": ""星期四"", ""periods"": [""2"", ""3"", ""4""], ""raw"": ""2,3, 4""}]",限修,教室為M01-206。限修本系，外系同學欲修此課程，請找任課老師加簽。,https://course.nuk.edu.tw/QueryCourse/tcontent.asp?OpenYear=106&Helf=1&Sclass=IM&Cono=C001,2026-08-26T18:17:54+00:00
106-1-IM-C051-A-3-A,106,1,管理學院,IM,資訊管理學系,C051,A,大學部,3,A,管理資訊系統,3,必,60,49,,11,林杏子 王凱 趙建雄,M01-102,,"2,3, 4",,,,,,"[{""day"": 2, ""dayName"": ""星期二"", ""periods"": [""2"", ""3"", ""4""], ""raw"": ""2,3, 4""}]",限修,限修本系，外系同學欲修此課程，請找任課老師加簽。,https://course.nuk.edu.tw/QueryCourse/tcontent.asp?OpenYear=106&Helf=1&Sclass=IM&Cono=C051,2026-08-26T18:17:54+00:00
106-1-IM-C061-A-3-A,106,1,管理學院,IM,資訊管理學系,C061,A,大學部,3,A,專案管理,3,必,56,53,,3,趙建雄,M01-205,,,"2,3, 4",,,,,"[{""day"": 3, ""dayName"": ""星期三"", ""periods"": [""2"", ""3"", ""4""], ""raw"": ""2,3, 4""}]",限修及外加,教室為M01-205。限修本系，外系同學欲修此課程，請找任課老師加簽。,https://course.nuk.edu.tw/QueryCourse/tcontent.asp?OpenYear=106&Helf=1&Sclass=IM&Cono=C061,2026-08-26T18:17:54+00:00
106-1-IM-C563-A-3-A,106,1,管理學院,IM,資訊管理學系,C563,A,大學部,3,A,創意科技企業問題解決,2,選,5,5,,0,蕭漢威,M01-418,,,"9,10",,,,,"[{""day"": 3, ""dayName"": ""星期三"", ""periods"": [""9"", ""10""], ""raw"": ""9,10""}]",限修及外加,指定加簽。,https://course.nuk.edu.tw/QueryCourse/tcontent.asp?OpenYear=106&Helf=1&Sclass=IM&Cono=C563,2026-08-26T18:17:54+00:00
106-1-IM-C621-A-3-A,106,1,管理學院,IM,資訊管理學系,C621,A,大學部,3,A,顧客關係與服務管理,3,選,36,32,,4,楊書成,M01-204,,,"5,6, 7",,,,,"[{""day"": 3, ""dayName"": ""星期三"", ""periods"": [""5"", ""6"", ""7""], ""raw"": ""5,6, 7""}]",限修及外加,教室為M01-204。限修本系，外系同學欲修此課程，請找任課老師加簽。,https://course.nuk.edu.tw/QueryCourse/tcontent.asp?OpenYear=106&Helf=1&Sclass=IM&Cono=C621,2026-08-26T18:17:54+00:00
106-1-IM-D504-A-3-A,106,1,管理學院,IM,資訊管理學系,D504,A,大學部,3,A,社會行動應用體驗設計,3,選,29,29,,0,曾智義,M01-204,"2,3, 4",,,,,,,"[{""day"": 1, ""dayName"": ""星期一"", ""periods"": [""2"", ""3"", ""4""], ""raw"": ""2,3, 4""}]",限修及外加,教室為M01-204。限修本系，外系同學欲修此課程，請找任課老師加簽。曾智義老師,https://course.nuk.edu.tw/QueryCourse/tcontent.asp?OpenYear=106&Helf=1&Sclass=IM&Cono=D504,2026-08-26T18:17:54+00:00
106-1-IM-D522-A-3-A,106,1,管理學院,IM,資訊管理學系,D522,A,大學部,3,A,資訊趨勢與商業英語實務,3,選,25,19,,6,趙建雄,M01-418,,"10,11, 12",,,,,,"[{""day"": 2, ""dayName"": ""星期二"", ""periods"": [""10"", ""11"", ""12""], ""raw"": ""10,11, 12""}]",限修及外加 學程,教室為M01-418。為全英語授課，與資管大二、大四合開。（財經管理與資訊應用全英語學程），蔡奎如老師共同授課。,https://course.nuk.edu.tw/QueryCourse/tcontent.asp?OpenYear=106&Helf=1&Sclass=IM&Cono=D522,2026-08-26T18:17:54+00:00
106-1-IM-F545-A-3-A,106,1,管理學院,IM,資訊管理學系,F545,A,大學部,3,A,開放資料應用與服務,3,選,30,8,,22,林杏子 蕭漢威 楊新章,M01-418,,,,,"5,6, 7",,,"[{""day"": 5, ""dayName"": ""星期五"", ""periods"": [""5"", ""6"", ""7""], ""raw"": ""5,6, 7""}]",,教室為M01-418。與資管大四、碩一合開，限修本系，外系同學欲修此課程，請找任課老師加簽。,https://course.nuk.edu.tw/QueryCourse/tcontent.asp?OpenYear=106&Helf=1&Sclass=IM&Cono=F545,2026-08-26T18:17:54+00:00
106-1-IM-F632-A-3-A,106,1,管理學院,IM,資訊管理學系,F632,A,大學部,3,A,R分析應用,3,選,61,45,,16,曾智義,C02-B101,,"2,3, 4",,,,,,"[{""day"": 2, ""dayName"": ""星期二"", ""periods"": [""2"", ""3"", ""4""], ""raw"": ""2,3, 4""}]",限修及外加,大四、碩一合開，限管理學院學生修習。,https://course.nuk.edu.tw/QueryCourse/tcontent.asp?OpenYear=106&Helf=1&Sclass=IM&Cono=F632,2026-08-26T18:17:54+00:00
106-1-IM-C501-A-4-A,106,1,管理學院,IM,資訊管理學系,C501,A,大學部,4,A,知識管理概論,3,選,16,6,,10,吳建興,M01-108,,,"2,3, 4",,,,,"[{""day"": 3, ""dayName"": ""星期三"", ""periods"": [""2"", ""3"", ""4""], ""raw"": ""2,3, 4""}]",限修及外加 學程,教室為M01-108。全英語授課。限修本系，外系同學欲選修此課程，請洽任課老師加簽。（財經管理與資訊應用全英語學程）,https://course.nuk.edu.tw/QueryCourse/tcontent.asp?OpenYear=106&Helf=1&Sclass=IM&Cono=C501,2026-08-26T18:17:54+00:00
106-1-IM-D02A-A-4-A,106,1,管理學院,IM,資訊管理學系,D02A,A,大學部,4,A,專案開發II (A),3,必,12,9,,3,趙建雄 王學亮,M01-205,"2,3, 4",,,,,,,"[{""day"": 1, ""dayName"": ""星期一"", ""periods"": [""2"", ""3"", ""4""], ""raw"": ""2,3, 4""}]",先修 限修,請趙建雄老師、王學亮老師專題組學生選課之。,https://course.nuk.edu.tw/QueryCourse/tcontent.asp?OpenYear=106&Helf=1&Sclass=IM&Cono=D02A,2026-08-26T18:17:54+00:00
106-1-IM-D02B-A-4-A,106,1,管理學院,IM,資訊管理學系,D02B,A,大學部,4,A,專案開發II (B),3,必,12,8,,4,林杏子 楊書成,,"2,3, 4",,,,,,,"[{""day"": 1, ""dayName"": ""星期一"", ""periods"": [""2"", ""3"", ""4""], ""raw"": ""2,3, 4""}]",先修 限修,請林杏子老師、楊書成老師專題組學生選課之。,https://course.nuk.edu.tw/QueryCourse/tcontent.asp?OpenYear=106&Helf=1&Sclass=IM&Cono=D02B,2026-08-26T18:17:54+00:00
106-1-IM-D02C-A-4-A,106,1,管理學院,IM,資訊管理學系,D02C,A,大學部,4,A,專案開發II (C),3,必,12,7,,5,丁一賢 蕭漢威,,"2,3, 4",,,,,,,"[{""day"": 1, ""dayName"": ""星期一"", ""periods"": [""2"", ""3"", ""4""], ""raw"": ""2,3, 4""}]",先修 限修,請丁一賢老師、蕭漢威老師專題組學生選課之。,https://course.nuk.edu.tw/QueryCourse/tcontent.asp?OpenYear=106&Helf=1&Sclass=IM&Cono=D02C,2026-08-26T18:17:54+00:00
106-1-IM-D02D-A-4-A,106,1,管理學院,IM,資訊管理學系,D02D,A,大學部,4,A,專案開發II (D),3,必,12,8,,4,楊新章 吳建興,,"2,3, 4",,,,,,,"[{""day"": 1, ""dayName"": ""星期一"", ""periods"": [""2"", ""3"", ""4""], ""raw"": ""2,3, 4""}]",先修 限修,請楊新章老師、吳建興老師專題組學生選課之。,https://course.nuk.edu.tw/QueryCourse/tcontent.asp?OpenYear=106&Helf=1&Sclass=IM&Cono=D02D,2026-08-26T18:17:54+00:00
106-1-IM-D02E-A-4-A,106,1,管理學院,IM,資訊管理學系,D02E,A,大學部,4,A,專案開發II (E),3,必,12,8,,4,郭英峰 楊新章,,"2,3, 4",,,,,,,"[{""day"": 1, ""dayName"": ""星期一"", ""periods"": [""2"", ""3"", ""4""], ""raw"": ""2,3, 4""}]",先修 限修,請郭英峰老師、楊新章老師專題組學生選課之。,https://course.nuk.edu.tw/QueryCourse/tcontent.asp?OpenYear=106&Helf=1&Sclass=IM&Cono=D02E,2026-08-26T18:17:54+00:00
106-1-IM-D031-A-4-A,106,1,管理學院,IM,資訊管理學系,D031,A,大學部,4,A,資訊倫理,3,必,60,55,,5,林杏子,M01-205,,"5,6, 7",,,,,,"[{""day"": 2, ""dayName"": ""星期二"", ""periods"": [""5"", ""6"", ""7""], ""raw"": ""5,6, 7""}]",限修,教室為M01-205。限修本系，外系同學欲修此課程，請找任課老師加簽。,https://course.nuk.edu.tw/QueryCourse/tcontent.asp?OpenYear=106&Helf=1&Sclass=IM&Cono=D031,2026-08-26T18:17:54+00:00
106-1-IM-D512-A-4-A,106,1,管理學院,IM,資訊管理學系,D512,A,大學部,4,A,網路安全與ISMS,3,選,35,34,,1,梁明章,L01-108,,,,,"6,7, 8",,,"[{""day"": 5, ""dayName"": ""星期五"", ""periods"": [""6"", ""7"", ""8""], ""raw"": ""6,7, 8""}]",限修及外加,教室為L01-108。限修本系，外系同學欲修此課程，請找任課老師加簽。,https://course.nuk.edu.tw/QueryCourse/tcontent.asp?OpenYear=106&Helf=1&Sclass=IM&Cono=D512,2026-08-26T18:17:54+00:00
106-1-IM-D522-A-4-A,106,1,管理學院,IM,資訊管理學系,D522,A,大學部,4,A,資訊趨勢與商業英語實務,3,選,25,19,,6,趙建雄,M01-418,,"10,11, 12",,,,,,"[{""day"": 2, ""dayName"": ""星期二"", ""periods"": [""10"", ""11"", ""12""], ""raw"": ""10,11, 12""}]",限修及外加 學程,教室為M01-418。為全英語授課，與資管大二、大三合開。（財經管理與資訊應用全英語學程），蔡奎如老師共同授課。,https://course.nuk.edu.tw/QueryCourse/tcontent.asp?OpenYear=106&Helf=1&Sclass=IM&Cono=D522,2026-08-26T18:17:54+00:00
106-1-IM-D562-A-4-A,106,1,管理學院,IM,資訊管理學系,D562,A,大學部,4,A,Java Script 前端應用程式設計,3,選,22,20,,2,廖洧杰,L01-108,"10,11, 12",,,,,,,"[{""day"": 1, ""dayName"": ""星期一"", ""periods"": [""10"", ""11"", ""12""], ""raw"": ""10,11, 12""}]",限修,教室為L01-108。限修本系，外系同學欲修此課程，請找任課老師加簽。,https://course.nuk.edu.tw/QueryCourse/tcontent.asp?OpenYear=106&Helf=1&Sclass=IM&Cono=D562,2026-08-26T18:17:54+00:00
106-1-IM-F501-A-4-A,106,1,管理學院,IM,資訊管理學系,F501,A,大學部,4,A,資訊檢索,3,選,17,15,,2,楊新章,M01-418,"5,6, 7",,,,,,,"[{""day"": 1, ""dayName"": ""星期一"", ""periods"": [""5"", ""6"", ""7""], ""raw"": ""5,6, 7""}]",限修及外加,教室為M01-418。與資管碩一合開，限修本系，外系同學欲要選修，請洽任課教師加簽。,https://course.nuk.edu.tw/QueryCourse/tcontent.asp?OpenYear=106&Helf=1&Sclass=IM&Cono=F501,2026-08-26T18:17:54+00:00
106-1-IM-F502-A-4-A,106,1,管理學院,IM,資訊管理學系,F502,A,大學部,4,A,資訊科技與競爭策略,3,選,20,14,,6,趙建雄,M01-418,,,"5,6, 7",,,,,"[{""day"": 3, ""dayName"": ""星期三"", ""periods"": [""5"", ""6"", ""7""], ""raw"": ""5,6, 7""}]",限修及外加,教室為M01-418。與資管碩一合開，限修本系，外系同學欲修此課程，請找任課老師加簽。,https://course.nuk.edu.tw/QueryCourse/tcontent.asp?OpenYear=106&Helf=1&Sclass=IM&Cono=F502,2026-08-26T18:17:54+00:00
106-1-IM-F545-A-4-A,106,1,管理學院,IM,資訊管理學系,F545,A,大學部,4,A,開放資料應用與服務,3,選,30,8,,22,林杏子 蕭漢威 楊新章,M01-418,,,,,"5,6, 7",,,"[{""day"": 5, ""dayName"": ""星期五"", ""periods"": [""5"", ""6"", ""7""], ""raw"": ""5,6, 7""}]",,教室為M01-418。與資管大三、碩一合開，限修本系，外系同學欲修此課程，請找任課老師加簽。,https://course.nuk.edu.tw/QueryCourse/tcontent.asp?OpenYear=106&Helf=1&Sclass=IM&Cono=F545,2026-08-26T18:17:54+00:00
106-1-IM-F632-A-4-A,106,1,管理學院,IM,資訊管理學系,F632,A,大學部,4,A,R分析應用,3,選,61,45,,16,曾智義,C02-B101,,"2,3, 4",,,,,,"[{""day"": 2, ""dayName"": ""星期二"", ""periods"": [""2"", ""3"", ""4""], ""raw"": ""2,3, 4""}]",限修及外加,大四、碩一合開，限管理學院學生修習。,https://course.nuk.edu.tw/QueryCourse/tcontent.asp?OpenYear=106&Helf=1&Sclass=IM&Cono=F632,2026-08-26T18:17:54+00:00
106-1-IM-F01A-M-1-,106,1,管理學院,IM,資訊管理學系,F01A,M,碩士班,1,,研究方法(一),3,必,15,13,,2,郭英峰,M01-302,,,"2,3, 4",,,,,"[{""day"": 3, ""dayName"": ""星期三"", ""periods"": [""2"", ""3"", ""4""], ""raw"": ""2,3, 4""}]",限修,教室為M01-302。限修本系，外系同學欲要選修，請洽任課教師加簽。,https://course.nuk.edu.tw/QueryCourse/tcontent.asp?OpenYear=106&Helf=1&Sclass=IM&Cono=F01A,2026-08-26T18:17:54+00:00
106-1-IM-F021-M-1-,106,1,管理學院,IM,資訊管理學系,F021,M,碩士班,1,,資訊管理,3,必,15,14,,1,吳建興,M01-108,,,,"2,3, 4",,,,"[{""day"": 4, ""dayName"": ""星期四"", ""periods"": [""2"", ""3"", ""4""], ""raw"": ""2,3, 4""}]",限修,教室為M01-108。限修本系，外系同學欲選修此課程，請找任課老師加簽。,https://course.nuk.edu.tw/QueryCourse/tcontent.asp?OpenYear=106&Helf=1&Sclass=IM&Cono=F021,2026-08-26T18:17:54+00:00
106-1-IM-F03A-M-1-,106,1,管理學院,IM,資訊管理學系,F03A,M,碩士班,1,,書報討論(一),1,必,15,12,,3,王凱,M01-111,,,,"6,7",,,,"[{""day"": 4, ""dayName"": ""星期四"", ""periods"": [""6"", ""7""], ""raw"": ""6,7""}]",限修,教室為M01-111。限修本系，外系同學欲要選修，請洽任課教師加簽。,https://course.nuk.edu.tw/QueryCourse/tcontent.asp?OpenYear=106&Helf=1&Sclass=IM&Cono=F03A,2026-08-26T18:17:54+00:00
106-1-IM-F500-M-1-,106,1,管理學院,IM,資訊管理學系,F500,M,碩士班,1,,教學實務演練(資訊管理學系),0,選,21,21,,0,蕭漢威,,,X,,,,,,"[{""day"": 2, ""dayName"": ""星期二"", ""periods"": [""X""], ""raw"": ""X""}]",限修及外加,指定加簽課程，請擔任TA同學選課。,https://course.nuk.edu.tw/QueryCourse/tcontent.asp?OpenYear=106&Helf=1&Sclass=IM&Cono=F500,2026-08-26T18:17:54+00:00
106-1-IM-F501-M-1-,106,1,管理學院,IM,資訊管理學系,F501,M,碩士班,1,,資訊檢索,3,選,17,15,,2,楊新章,M01-418,"5,6, 7",,,,,,,"[{""day"": 1, ""dayName"": ""星期一"", ""periods"": [""5"", ""6"", ""7""], ""raw"": ""5,6, 7""}]",限修及外加,教室為M01-418。與資管大四合開，限修本系，外系同學欲要選修，請洽任課教師加簽。,https://course.nuk.edu.tw/QueryCourse/tcontent.asp?OpenYear=106&Helf=1&Sclass=IM&Cono=F501,2026-08-26T18:17:54+00:00
106-1-IM-F502-M-1-,106,1,管理學院,IM,資訊管理學系,F502,M,碩士班,1,,資訊科技與競爭策略,3,選,20,14,,6,趙建雄,M01-418,,,"5,6, 7",,,,,"[{""day"": 3, ""dayName"": ""星期三"", ""periods"": [""5"", ""6"", ""7""], ""raw"": ""5,6, 7""}]",限修及外加,教室為M01-418。與資管大四合開，限修本系，外系同學欲要選修，請洽任課教師加簽。,https://course.nuk.edu.tw/QueryCourse/tcontent.asp?OpenYear=106&Helf=1&Sclass=IM&Cono=F502,2026-08-26T18:17:54+00:00
106-1-IM-F50A-M-1-,106,1,管理學院,IM,資訊管理學系,F50A,M,碩士班,1,,資訊科技專題研討(一),1,選,15,6,,9,楊新章 王學亮,M01-302,"8,9, 10",,,,,,,"[{""day"": 1, ""dayName"": ""星期一"", ""periods"": [""8"", ""9"", ""10""], ""raw"": ""8,9, 10""}]",限修,教室為M01-302。限修本系，外系同學欲要選修，請洽任課教師加簽。,https://course.nuk.edu.tw/QueryCourse/tcontent.asp?OpenYear=106&Helf=1&Sclass=IM&Cono=F50A,2026-08-26T18:17:54+00:00
106-1-IM-F542-M-1-,106,1,管理學院,IM,資訊管理學系,F542,M,碩士班,1,,社群與電子商務研究,3,選,15,4,,11,林杏子,M01-302,,,,,"2,3, 4",,,"[{""day"": 5, ""dayName"": ""星期五"", ""periods"": [""2"", ""3"", ""4""], ""raw"": ""2,3, 4""}]",限修,教室為M01-302。限修本系，外系同學欲要選修，請洽任課教師加簽。,https://course.nuk.edu.tw/QueryCourse/tcontent.asp?OpenYear=106&Helf=1&Sclass=IM&Cono=F542,2026-08-26T18:17:54+00:00
106-1-IM-F545-M-1-,106,1,管理學院,IM,資訊管理學系,F545,M,碩士班,1,,開放資料應用與服務,3,選,30,8,,22,林杏子 蕭漢威 楊新章,M01-418,,,,,"5,6, 7",,,"[{""day"": 5, ""dayName"": ""星期五"", ""periods"": [""5"", ""6"", ""7""], ""raw"": ""5,6, 7""}]",限修,教室為M01-418。與資管大四合開，限修本系，外系同學欲要選修，請洽任課教師加簽。,https://course.nuk.edu.tw/QueryCourse/tcontent.asp?OpenYear=106&Helf=1&Sclass=IM&Cono=F545,2026-08-26T18:17:54+00:00
106-1-IM-F57A-M-1-,106,1,管理學院,IM,資訊管理學系,F57A,M,碩士班,1,,資訊管理專題研討(一),1,選,15,6,,9,楊書成,M01-302,,,"8,9, 10",,,,,"[{""day"": 3, ""dayName"": ""星期三"", ""periods"": [""8"", ""9"", ""10""], ""raw"": ""8,9, 10""}]",限修,教室為M01-302。限修本系，外系同學欲要選修，請洽任課教師加簽。,https://course.nuk.edu.tw/QueryCourse/tcontent.asp?OpenYear=106&Helf=1&Sclass=IM&Cono=F57A,2026-08-26T18:17:54+00:00
106-1-IM-F632-M-1-,106,1,管理學院,IM,資訊管理學系,F632,M,碩士班,1,,R分析應用,3,選,61,45,,16,曾智義,C02-B101,,"2,3, 4",,,,,,"[{""day"": 2, ""dayName"": ""星期二"", ""periods"": [""2"", ""3"", ""4""], ""raw"": ""2,3, 4""}]",限修及外加,大四、碩一合開，限管理學院學生修習。,https://course.nuk.edu.tw/QueryCourse/tcontent.asp?OpenYear=106&Helf=1&Sclass=IM&Cono=F632,2026-08-26T18:17:54+00:00
106-1-IM-F011-M-2-,106,1,管理學院,IM,資訊管理學系,F011,M,碩士班,2,,書報討論(三),1,必,15,11,,4,郭英峰,M01-302,,,,"6,7",,,,"[{""day"": 4, ""dayName"": ""星期四"", ""periods"": [""6"", ""7""], ""raw"": ""6,7""}]",限修,教室為M01-302。限修本系，外系同學欲要選修，請洽任課教師加簽。,https://course.nuk.edu.tw/QueryCourse/tcontent.asp?OpenYear=106&Helf=1&Sclass=IM&Cono=F011,2026-08-26T18:17:54+00:00
106-1-IM-F50C-M-2-,106,1,管理學院,IM,資訊管理學系,F50C,M,碩士班,2,,資訊科技專題研討(三),1,選,15,7,,8,丁一賢 蕭漢威,M01-302,"8,9, 10",,,,,,,"[{""day"": 1, ""dayName"": ""星期一"", ""periods"": [""8"", ""9"", ""10""], ""raw"": ""8,9, 10""}]",限修,教室為M01-302。限修本系，外系同學欲要選修，請洽任課教師加簽。,https://course.nuk.edu.tw/QueryCourse/tcontent.asp?OpenYear=106&Helf=1&Sclass=IM&Cono=F50C,2026-08-26T18:17:54+00:00
106-1-IM-F57C-M-2-,106,1,管理學院,IM,資訊管理學系,F57C,M,碩士班,2,,資訊管理專題研討(三),1,選,15,4,,11,郭英峰,M01-302,,,"8,9, 10",,,,,"[{""day"": 3, ""dayName"": ""星期三"", ""periods"": [""8"", ""9"", ""10""], ""raw"": ""8,9, 10""}]",限修,教室為M01-302。限修本系，外系同學欲要選修，請洽任課教師加簽。,https://course.nuk.edu.tw/QueryCourse/tcontent.asp?OpenYear=106&Helf=1&Sclass=IM&Cono=F57C,2026-08-26T18:17:54+00:00
106-1-IMA-F001-M-1-,106,1,管理學院,IMA,國際商業管理碩士學位學程,F001,M,碩士班,1,,專題研討一,1,必,15,6,,9,楊詠凱,M01-B109,,,"6,7, 8",,,,,"[{""day"": 3, ""dayName"": ""星期三"", ""periods"": [""6"", ""7"", ""8""], ""raw"": ""6,7, 8""}]",,,https://course.nuk.edu.tw/QueryCourse/tcontent.asp?OpenYear=106&Helf=1&Sclass=IMA&Cono=F001,2026-08-26T18:17:54+00:00
106-1-IMA-F021-M-1-,106,1,管理學院,IMA,國際商業管理碩士學位學程,F021,M,碩士班,1,,國際企業管理,3,必,15,8,,7,楊詠凱,M01-106,,,,,"2,3, 4",,,"[{""day"": 5, ""dayName"": ""星期五"", ""periods"": [""2"", ""3"", ""4""], ""raw"": ""2,3, 4""}]",禁止外加,,https://course.nuk.edu.tw/QueryCourse/tcontent.asp?OpenYear=106&Helf=1&Sclass=IMA&Cono=F021,2026-08-26T18:17:54+00:00
106-1-IMA-F022-M-1-,106,1,管理學院,IMA,國際商業管理碩士學位學程,F022,M,碩士班,1,,管理經濟學,3,必,15,6,,9,耿紹勛,M01-106,,"5,6, 7",,,,,,"[{""day"": 2, ""dayName"": ""星期二"", ""periods"": [""5"", ""6"", ""7""], ""raw"": ""5,6, 7""}]",禁止外加,與本學程二年級共同合開課程，全英語授課。,https://course.nuk.edu.tw/QueryCourse/tcontent.asp?OpenYear=106&Helf=1&Sclass=IMA&Cono=F022,2026-08-26T18:17:54+00:00
106-1-IMA-F072-M-1-,106,1,管理學院,IMA,國際商業管理碩士學位學程,F072,M,碩士班,1,,會計與企業決策,3,必,15,5,,10,高蘭芬,M01-106,"5,6, 7",,,,,,,"[{""day"": 1, ""dayName"": ""星期一"", ""periods"": [""5"", ""6"", ""7""], ""raw"": ""5,6, 7""}]",禁止外加,與本學程二年級共同課程。,https://course.nuk.edu.tw/QueryCourse/tcontent.asp?OpenYear=106&Helf=1&Sclass=IMA&Cono=F072,2026-08-26T18:17:54+00:00
106-1-IMA-F531-M-1-,106,1,管理學院,IMA,國際商業管理碩士學位學程,F531,M,碩士班,1,,創新管理專題,3,選,15,5,,10,歐家驥,M01-106,,,,"2,3, 4",,,,"[{""day"": 4, ""dayName"": ""星期四"", ""periods"": [""2"", ""3"", ""4""], ""raw"": ""2,3, 4""}]",,開放管院大四及研究生修習，並與本學程二年級共同之全英語授課課程。歐家驥老師,https://course.nuk.edu.tw/QueryCourse/tcontent.asp?OpenYear=106&Helf=1&Sclass=IMA&Cono=F531,2026-08-26T18:17:54+00:00
106-1-IMA-F571-M-1-,106,1,管理學院,IMA,國際商業管理碩士學位學程,F571,M,碩士班,1,,投資與風險管理,3,選,10,4,,6,王功亮,M01-106,,,"2,3, 4",,,,,"[{""day"": 3, ""dayName"": ""星期三"", ""periods"": [""2"", ""3"", ""4""], ""raw"": ""2,3, 4""}]",禁止外加,開放管院大四及研究生修習，並與本學程二年級共同之全英語授課課程。,https://course.nuk.edu.tw/QueryCourse/tcontent.asp?OpenYear=106&Helf=1&Sclass=IMA&Cono=F571,2026-08-26T18:17:54+00:00
106-1-IMA-G522-M-1-,106,1,管理學院,IMA,國際商業管理碩士學位學程,G522,M,碩士班,1,,東南亞和南亞經貿專題,3,選,15,6,,9,李博志 楊詠凱,M01-106,,,,"6,7, 8",,,,"[{""day"": 4, ""dayName"": ""星期四"", ""periods"": [""6"", ""7"", ""8""], ""raw"": ""6,7, 8""}]",禁止外加,開放本學程二年級共同之全英語授課課程。,https://course.nuk.edu.tw/QueryCourse/tcontent.asp?OpenYear=106&Helf=1&Sclass=IMA&Cono=G522,2026-08-26T18:17:54+00:00
106-1-IMA-F003-M-2-,106,1,管理學院,IMA,國際商業管理碩士學位學程,F003,M,碩士班,2,,專題研討三,1,必,15,9,,6,黃佩琪,M01-106,,,"9,10, 11",,,,,"[{""day"": 3, ""dayName"": ""星期三"", ""periods"": [""9"", ""10"", ""11""], ""raw"": ""9,10, 11""}]",,,https://course.nuk.edu.tw/QueryCourse/tcontent.asp?OpenYear=106&Helf=1&Sclass=IMA&Cono=F003,2026-08-26T18:17:54+00:00
106-1-IMA-G531-M-2-,106,1,管理學院,IMA,國際商業管理碩士學位學程,G531,M,碩士班,2,,全球人力資源管理,3,選,15,8,,7,黃佩琪,M01-106,,"2,3, 4",,,,,,"[{""day"": 2, ""dayName"": ""星期二"", ""periods"": [""2"", ""3"", ""4""], ""raw"": ""2,3, 4""}]",,本課程與經管所共同合開，為全英語授課課程。黃佩琪老師。,https://course.nuk.edu.tw/QueryCourse/tcontent.asp?OpenYear=106&Helf=1&Sclass=IMA&Cono=G531,2026-08-26T18:17:54+00:00
106-1-LBA-O513-E-1-,106,1,管理學院,LBA,高階法律暨管理碩士在職專班,O513,E,高階經營管理碩士在職專班,1,,民法,3,選,50,17,,33,陳月端,M01-108,,,,,,"2,3, 4,5, 6,7",,"[{""day"": 6, ""dayName"": ""星期六"", ""periods"": [""2"", ""3"", ""4"", ""5"", ""6"", ""7""], ""raw"": ""2,3, 4,5, 6,7""}]",禁止外加,EMLBA法律班,https://course.nuk.edu.tw/QueryCourse/tcontent.asp?OpenYear=106&Helf=1&Sclass=LBA&Cono=O513,2026-08-26T18:17:54+00:00
106-1-LBA-O572-E-1-,106,1,管理學院,LBA,高階法律暨管理碩士在職專班,O572,E,高階經營管理碩士在職專班,1,,行政法,3,選,50,13,,37,吳行浩 紀振清,M01-108,,,,,,,"2,3, 4,5, 6,7","[{""day"": 7, ""dayName"": ""星期日"", ""periods"": [""2"", ""3"", ""4"", ""5"", ""6"", ""7""], ""raw"": ""2,3, 4,5, 6,7""}]",禁止外加,EMLBA法律班,https://course.nuk.edu.tw/QueryCourse/tcontent.asp?OpenYear=106&Helf=1&Sclass=LBA&Cono=O572,2026-08-26T18:17:54+00:00
106-1-LBA-O00A-E-2-,106,1,管理學院,LBA,高階法律暨管理碩士在職專班,O00A,E,高階經營管理碩士在職專班,2,,碩士論文(上)-(法律班),3,必,30,9,,21,楊書成 吳建興 莊寶鵰 張麗卿 李博志 廖義銘,,Y,Y,Y,,,,,"[{""day"": 1, ""dayName"": ""星期一"", ""periods"": [""Y""], ""raw"": ""Y""}, {""day"": 2, ""dayName"": ""星期二"", ""periods"": [""Y""], ""raw"": ""Y""}, {""day"": 3, ""dayName"": ""星期三"", ""periods"": [""Y""], ""raw"": ""Y""}]",禁止外加,EMLBA法律班,https://course.nuk.edu.tw/QueryCourse/tcontent.asp?OpenYear=106&Helf=1&Sclass=LBA&Cono=O00A,2026-08-26T18:17:54+00:00
