id,year,semester,college,department,departmentName,courseId,division,divisionName,grade,className,courseName,credits,courseType,capacity,confirmed,enrolled,remaining,teacher,classroom,monday,tuesday,wednesday,thursday,friday,saturday,sunday,scheduleJson,restrictions,notes,detailUrl,fetchedAtUtc
104-2-CDA-A013-A-1-A,104,2,人文社會科學院,CDA,創意設計與建築學系,A013,A,大學部,1,A,美學,2,必,60,53,,7,朱能榮,H1--107,,,,,"5,6",,,"[{""day"": 5, ""dayName"": ""星期五"", ""periods"": [""5"", ""6""], ""raw"": ""5,6""}]",限修,創設組必修；教室H1-107,https://course.nuk.edu.tw/QueryCourse/tcontent.asp?OpenYear=104&Helf=2&Sclass=CDA&Cono=A013,2026-08-26T18:13:36+00:00
104-2-CDA-A042-A-1-A,104,2,人文社會科學院,CDA,創意設計與建築學系,A042,A,大學部,1,A,設計素描,2,必,60,53,,7,康錦樹,,,"2,3, 4",,,,,,"[{""day"": 2, ""dayName"": ""星期二"", ""periods"": [""2"", ""3"", ""4""], ""raw"": ""2,3, 4""}]",限修,教室-創建系工坊素描教室,https://course.nuk.edu.tw/QueryCourse/tcontent.asp?OpenYear=104&Helf=2&Sclass=CDA&Cono=A042,2026-08-26T18:13:36+00:00
104-2-CDA-A05A-A-1-A,104,2,人文社會科學院,CDA,創意設計與建築學系,A05A,A,大學部,1,A,基本設計(二)A,3,必,25,25,,0,林光浩,H1--108,,,,"5,6, 7,8, 9,10",,,,"[{""day"": 4, ""dayName"": ""星期四"", ""periods"": [""5"", ""6"", ""7"", ""8"", ""9"", ""10""], ""raw"": ""5,6, 7,8, 9,10""}]",先修,教室：H1-108,https://course.nuk.edu.tw/QueryCourse/tcontent.asp?OpenYear=104&Helf=2&Sclass=CDA&Cono=A05A,2026-08-26T18:13:36+00:00
104-2-CDA-A05B-A-1-A,104,2,人文社會科學院,CDA,創意設計與建築學系,A05B,A,大學部,1,A,基本設計(二)B,3,必,60,25,,35,許亦成,H1--108,,,,"5,6, 7,8, 9,10",,,,"[{""day"": 4, ""dayName"": ""星期四"", ""periods"": [""5"", ""6"", ""7"", ""8"", ""9"", ""10""], ""raw"": ""5,6, 7,8, 9,10""}]",先修 限修,教室-H1-108,https://course.nuk.edu.tw/QueryCourse/tcontent.asp?OpenYear=104&Helf=2&Sclass=CDA&Cono=A05B,2026-08-26T18:13:36+00:00
104-2-CDA-A06A-A-1-A,104,2,人文社會科學院,CDA,創意設計與建築學系,A06A,A,大學部,1,A,基礎雕塑(二)-A,2,必,28,28,,0,沈明旺,,,,,"2,3, 4",,,,"[{""day"": 4, ""dayName"": ""星期四"", ""periods"": [""2"", ""3"", ""4""], ""raw"": ""2,3, 4""}]",限修及外加,創設組必修 教室-木竹工坊,https://course.nuk.edu.tw/QueryCourse/tcontent.asp?OpenYear=104&Helf=2&Sclass=CDA&Cono=A06A,2026-08-26T18:13:36+00:00
104-2-CDA-A06B-A-1-A,104,2,人文社會科學院,CDA,創意設計與建築學系,A06B,A,大學部,1,A,基礎雕塑(二)-B,2,必,31,31,,0,康錦樹,,,,,"2,3, 4",,,,"[{""day"": 4, ""dayName"": ""星期四"", ""periods"": [""2"", ""3"", ""4""], ""raw"": ""2,3, 4""}]",限修及外加,創設組必修 教室-塑造教室,https://course.nuk.edu.tw/QueryCourse/tcontent.asp?OpenYear=104&Helf=2&Sclass=CDA&Cono=A06B,2026-08-26T18:13:36+00:00
104-2-CDA-A501-A-1-A,104,2,人文社會科學院,CDA,創意設計與建築學系,A501,A,大學部,1,A,電腦繪圖,2,選,35,35,,0,黃裕宸,H1--112,,"5,6",,,,,,"[{""day"": 2, ""dayName"": ""星期二"", ""periods"": [""5"", ""6""], ""raw"": ""5,6""}]",限修及外加,建議同學選修此課程；教室:H1-112,https://course.nuk.edu.tw/QueryCourse/tcontent.asp?OpenYear=104&Helf=2&Sclass=CDA&Cono=A501,2026-08-26T18:13:36+00:00
104-2-CDA-A51B-A-1-A,104,2,人文社會科學院,CDA,創意設計與建築學系,A51B,A,大學部,1,A,模型製作(二),2,選,23,13,,10,賴廷鴻 翁群儀,,,,,,"7,8",,,"[{""day"": 5, ""dayName"": ""星期五"", ""periods"": [""7"", ""8""], ""raw"": ""7,8""}]",限修及外加,教室-創建系工坊大型機具室,https://course.nuk.edu.tw/QueryCourse/tcontent.asp?OpenYear=104&Helf=2&Sclass=CDA&Cono=A51B,2026-08-26T18:13:36+00:00
104-2-CDA-A521-A-1-A,104,2,人文社會科學院,CDA,創意設計與建築學系,A521,A,大學部,1,A,產品表現技法,2,選,24,24,,0,賴廷鴻,H1--108,,,"3,4",,,,,"[{""day"": 3, ""dayName"": ""星期三"", ""periods"": [""3"", ""4""], ""raw"": ""3,4""}]",限修,教室-H1-108,https://course.nuk.edu.tw/QueryCourse/tcontent.asp?OpenYear=104&Helf=2&Sclass=CDA&Cono=A521,2026-08-26T18:13:36+00:00
104-2-CDA-A522-A-1-A,104,2,人文社會科學院,CDA,創意設計與建築學系,A522,A,大學部,1,A,建築設計表現法,2,選,50,33,,17,李榮裕,H1--108,,,,,"7,8",,,"[{""day"": 5, ""dayName"": ""星期五"", ""periods"": [""7"", ""8""], ""raw"": ""7,8""}]",,建築組學生必修課程。上課教室：h1-108,https://course.nuk.edu.tw/QueryCourse/tcontent.asp?OpenYear=104&Helf=2&Sclass=CDA&Cono=A522,2026-08-26T18:13:36+00:00
104-2-CDA-B102-A-1-A,104,2,人文社會科學院,CDA,創意設計與建築學系,B102,A,大學部,1,A,電腦輔助繪圖,2,必,36,36,,0,陳怡兆,H1--112,,,"3,4",,,,,"[{""day"": 3, ""dayName"": ""星期三"", ""periods"": [""3"", ""4""], ""raw"": ""3,4""}]",外加,建築組學生必修課程。教室h1-112電腦教室,https://course.nuk.edu.tw/QueryCourse/tcontent.asp?OpenYear=104&Helf=2&Sclass=CDA&Cono=B102,2026-08-26T18:13:36+00:00
104-2-CDA-B013-A-2-A,104,2,人文社會科學院,CDA,創意設計與建築學系,B013,A,大學部,2,A,西洋工藝史,2,必,60,42,,18,朱能榮,H1--107,,,,,"7,8",,,"[{""day"": 5, ""dayName"": ""星期五"", ""periods"": [""7"", ""8""], ""raw"": ""7,8""}]",限修,(創設組必修)教室-H1-107,https://course.nuk.edu.tw/QueryCourse/tcontent.asp?OpenYear=104&Helf=2&Sclass=CDA&Cono=B013,2026-08-26T18:13:36+00:00
104-2-CDA-B014-A-2-A,104,2,人文社會科學院,CDA,創意設計與建築學系,B014,A,大學部,2,A,近代建築史,2,必,20,19,,1,陳逸杰,H3--102,,"3,4",,,,,,"[{""day"": 2, ""dayName"": ""星期二"", ""periods"": [""3"", ""4""], ""raw"": ""3,4""}]",,教室：H3-102,https://course.nuk.edu.tw/QueryCourse/tcontent.asp?OpenYear=104&Helf=2&Sclass=CDA&Cono=B014,2026-08-26T18:13:36+00:00
104-2-CDA-B033-A-2-A,104,2,人文社會科學院,CDA,創意設計與建築學系,B033,A,大學部,2,A,視覺傳達設計,2,必,50,44,,6,黃裕宸,H1--102,"5,6",,,,,,,"[{""day"": 1, ""dayName"": ""星期一"", ""periods"": [""5"", ""6""], ""raw"": ""5,6""}]",限修,上課教室:H1-102,https://course.nuk.edu.tw/QueryCourse/tcontent.asp?OpenYear=104&Helf=2&Sclass=CDA&Cono=B033,2026-08-26T18:13:36+00:00
104-2-CDA-B035-A-2-A,104,2,人文社會科學院,CDA,創意設計與建築學系,B035,A,大學部,2,A,版面編排設計,2,必,43,43,,0,黃裕宸,H1--112,"7,8",,,,,,,"[{""day"": 1, ""dayName"": ""星期一"", ""periods"": [""7"", ""8""], ""raw"": ""7,8""}]",限修及外加,教室H1-112,https://course.nuk.edu.tw/QueryCourse/tcontent.asp?OpenYear=104&Helf=2&Sclass=CDA&Cono=B035,2026-08-26T18:13:36+00:00
104-2-CDA-B041-A-2-A,104,2,人文社會科學院,CDA,創意設計與建築學系,B041,A,大學部,2,A,傳統圖案研究,2,必,50,37,,13,沈明旺,H1--108,,,"5,6",,,,,"[{""day"": 3, ""dayName"": ""星期三"", ""periods"": [""5"", ""6""], ""raw"": ""5,6""}]",限修,教室:H1-108,https://course.nuk.edu.tw/QueryCourse/tcontent.asp?OpenYear=104&Helf=2&Sclass=CDA&Cono=B041,2026-08-26T18:13:36+00:00
104-2-CDA-B05A-A-2-A,104,2,人文社會科學院,CDA,創意設計與建築學系,B05A,A,大學部,2,A,創意設計(二)-A,3,必,17,15,,2,康錦樹,,,"5,6, 7",,,,,,"[{""day"": 2, ""dayName"": ""星期二"", ""periods"": [""5"", ""6"", ""7""], ""raw"": ""5,6, 7""}]",先修 限修及外加,學程必修。教室-創建系工坊塑造教室,https://course.nuk.edu.tw/QueryCourse/tcontent.asp?OpenYear=104&Helf=2&Sclass=CDA&Cono=B05A,2026-08-26T18:13:36+00:00
104-2-CDA-B05B-A-2-A,104,2,人文社會科學院,CDA,創意設計與建築學系,B05B,A,大學部,2,A,創意設計(二)-B,3,必,13,13,,0,賴廷鴻,,,"5,6, 7",,,,,,"[{""day"": 2, ""dayName"": ""星期二"", ""periods"": [""5"", ""6"", ""7""], ""raw"": ""5,6, 7""}]",先修 限修及外加,學程必修。教室-創建系工坊金工教室,https://course.nuk.edu.tw/QueryCourse/tcontent.asp?OpenYear=104&Helf=2&Sclass=CDA&Cono=B05B,2026-08-26T18:13:36+00:00
104-2-CDA-B05C-A-2-A,104,2,人文社會科學院,CDA,創意設計與建築學系,B05C,A,大學部,2,A,創意設計(二)-C,3,必,18,15,,3,沈明旺,,,"5,6, 7",,,,,,"[{""day"": 2, ""dayName"": ""星期二"", ""periods"": [""5"", ""6"", ""7""], ""raw"": ""5,6, 7""}]",先修 限修及外加,學程必修。教室-創建系工坊木竹教室,https://course.nuk.edu.tw/QueryCourse/tcontent.asp?OpenYear=104&Helf=2&Sclass=CDA&Cono=B05C,2026-08-26T18:13:36+00:00
104-2-CDA-B123-A-2-A,104,2,人文社會科學院,CDA,創意設計與建築學系,B123,A,大學部,2,A,建築結構力學,2,必,20,17,,3,陳怡兆,H3--102,,,"7,8",,,,,"[{""day"": 3, ""dayName"": ""星期三"", ""periods"": [""7"", ""8""], ""raw"": ""7,8""}]",,教室：H3-102,https://course.nuk.edu.tw/QueryCourse/tcontent.asp?OpenYear=104&Helf=2&Sclass=CDA&Cono=B123,2026-08-26T18:13:36+00:00
104-2-CDA-B133-A-2-A,104,2,人文社會科學院,CDA,創意設計與建築學系,B133,A,大學部,2,A,建築設計(二)A,5,必,11,10,,1,廖硃岑,H3--101,,,,"1,2, 3,4, 5,6, 7,8",,,,"[{""day"": 4, ""dayName"": ""星期四"", ""periods"": [""1"", ""2"", ""3"", ""4"", ""5"", ""6"", ""7"", ""8""], ""raw"": ""1,2, 3,4, 5,6, 7,8""}]",先修 外加,建築組必修。教室：H3-101,https://course.nuk.edu.tw/QueryCourse/tcontent.asp?OpenYear=104&Helf=2&Sclass=CDA&Cono=B133,2026-08-26T18:13:36+00:00
104-2-CDA-B134-A-2-A,104,2,人文社會科學院,CDA,創意設計與建築學系,B134,A,大學部,2,A,建築設計(二)B,5,必,7,7,,0,魏子鈞,H3--111,,,,"1,2, 3,4, 5,6, 7,8",,,,"[{""day"": 4, ""dayName"": ""星期四"", ""periods"": [""1"", ""2"", ""3"", ""4"", ""5"", ""6"", ""7"", ""8""], ""raw"": ""1,2, 3,4, 5,6, 7,8""}]",先修,教師：魏子鈞老師。建築組必修，教室：H3-111,https://course.nuk.edu.tw/QueryCourse/tcontent.asp?OpenYear=104&Helf=2&Sclass=CDA&Cono=B134,2026-08-26T18:13:36+00:00
104-2-CDA-B141-A-2-A,104,2,人文社會科學院,CDA,創意設計與建築學系,B141,A,大學部,2,A,建築環境技術(一),2,必,21,21,,0,陳啟中,H1--102,"10,11, 12",,,,,,,"[{""day"": 1, ""dayName"": ""星期一"", ""periods"": [""10"", ""11"", ""12""], ""raw"": ""10,11, 12""}]",外加,教師：陳啟中老師。教室：H1-102,https://course.nuk.edu.tw/QueryCourse/tcontent.asp?OpenYear=104&Helf=2&Sclass=CDA&Cono=B141,2026-08-26T18:13:36+00:00
104-2-CDA-B14B-A-2-A,104,2,人文社會科學院,CDA,創意設計與建築學系,B14B,A,大學部,2,A,建築構造及施工(二),2,必,20,20,,0,陳怡兆,H3--102,,"6,7",,,,,,"[{""day"": 2, ""dayName"": ""星期二"", ""periods"": [""6"", ""7""], ""raw"": ""6,7""}]",,建築組學生必修課程。教室H3-102,https://course.nuk.edu.tw/QueryCourse/tcontent.asp?OpenYear=104&Helf=2&Sclass=CDA&Cono=B14B,2026-08-26T18:13:36+00:00
104-2-CDA-B15B-A-2-A,104,2,人文社會科學院,CDA,創意設計與建築學系,B15B,A,大學部,2,A,工藝與工業設計專題(二),2,必,40,40,,0,翁群儀,,,"3,4",,,,,,"[{""day"": 2, ""dayName"": ""星期二"", ""periods"": [""3"", ""4""], ""raw"": ""3,4""}]",限修,創設組必修 教室-創建系工坊文產教室,https://course.nuk.edu.tw/QueryCourse/tcontent.asp?OpenYear=104&Helf=2&Sclass=CDA&Cono=B15B,2026-08-26T18:13:36+00:00
104-2-CDA-B171-A-2-A,104,2,人文社會科學院,CDA,創意設計與建築學系,B171,A,大學部,2,A,室內設計實務,2,必,23,22,,1,許家彰,H1--106,"5,6",,,,,,,"[{""day"": 1, ""dayName"": ""星期一"", ""periods"": [""5"", ""6""], ""raw"": ""5,6""}]",外加,,https://course.nuk.edu.tw/QueryCourse/tcontent.asp?OpenYear=104&Helf=2&Sclass=CDA&Cono=B171,2026-08-26T18:13:36+00:00
104-2-CDA-B502-A-2-A,104,2,人文社會科學院,CDA,創意設計與建築學系,B502,A,大學部,2,A,設計議題,2,選,25,18,,7,翁群儀,H1--102,,,,,"5,6",,,"[{""day"": 5, ""dayName"": ""星期五"", ""periods"": [""5"", ""6""], ""raw"": ""5,6""}]",限修,教室-H1-102,https://course.nuk.edu.tw/QueryCourse/tcontent.asp?OpenYear=104&Helf=2&Sclass=CDA&Cono=B502,2026-08-26T18:13:36+00:00
104-2-CDA-B512-A-2-A,104,2,人文社會科學院,CDA,創意設計與建築學系,B512,A,大學部,2,A,影像美學與攝影史,2,選,50,9,,41,侯淑姿,,,,"8,9",,,,,"[{""day"": 3, ""dayName"": ""星期三"", ""periods"": [""8"", ""9""], ""raw"": ""8,9""}]",限修,教室-工坊玉石教室，全英語授課。,https://course.nuk.edu.tw/QueryCourse/tcontent.asp?OpenYear=104&Helf=2&Sclass=CDA&Cono=B512,2026-08-26T18:13:36+00:00
104-2-CDA-B513-A-2-A,104,2,人文社會科學院,CDA,創意設計與建築學系,B513,A,大學部,2,A,攝影概念與設計,2,選,41,14,,27,侯淑姿,,,,,"3,4",,,,"[{""day"": 4, ""dayName"": ""星期四"", ""periods"": [""3"", ""4""], ""raw"": ""3,4""}]",限修及外加,教室-工坊玉石教室,https://course.nuk.edu.tw/QueryCourse/tcontent.asp?OpenYear=104&Helf=2&Sclass=CDA&Cono=B513,2026-08-26T18:13:36+00:00
104-2-CDA-B56B-A-2-A,104,2,人文社會科學院,CDA,創意設計與建築學系,B56B,A,大學部,2,A,數位媒材創作(二),2,選,34,33,,1,鍾全斌,H1--112,,,,,"3,4",,,"[{""day"": 5, ""dayName"": ""星期五"", ""periods"": [""3"", ""4""], ""raw"": ""3,4""}]",限修及外加,教室-H1-112,https://course.nuk.edu.tw/QueryCourse/tcontent.asp?OpenYear=104&Helf=2&Sclass=CDA&Cono=B56B,2026-08-26T18:13:36+00:00
104-2-CDA-B591-A-2-A,104,2,人文社會科學院,CDA,創意設計與建築學系,B591,A,大學部,2,A,產品語意學,2,選,50,27,,23,洪碩延,H1--102,,,,"8,9",,,,"[{""day"": 4, ""dayName"": ""星期四"", ""periods"": [""8"", ""9""], ""raw"": ""8,9""}]",限修,教室-H1-102,https://course.nuk.edu.tw/QueryCourse/tcontent.asp?OpenYear=104&Helf=2&Sclass=CDA&Cono=B591,2026-08-26T18:13:36+00:00
104-2-CDA-C022-A-3-A,104,2,人文社會科學院,CDA,創意設計與建築學系,C022,A,大學部,3,A,田野調查(二),2,必,50,29,,21,侯淑姿,H1--102,,"3,4",,,,,,"[{""day"": 2, ""dayName"": ""星期二"", ""periods"": [""3"", ""4""], ""raw"": ""3,4""}]",限修,教室-H1-102,https://course.nuk.edu.tw/QueryCourse/tcontent.asp?OpenYear=104&Helf=2&Sclass=CDA&Cono=C022,2026-08-26T18:13:36+00:00
104-2-CDA-C03A-A-3-A,104,2,人文社會科學院,CDA,創意設計與建築學系,C03A,A,大學部,3,A,創意設計(四)-A,3,必,24,22,,2,黃裕宸,H1--102,,,"5,6, 7",,,,,"[{""day"": 3, ""dayName"": ""星期三"", ""periods"": [""5"", ""6"", ""7""], ""raw"": ""5,6, 7""}]",先修 限修及外加,學程必修。教室-H1-102,https://course.nuk.edu.tw/QueryCourse/tcontent.asp?OpenYear=104&Helf=2&Sclass=CDA&Cono=C03A,2026-08-26T18:13:36+00:00
104-2-CDA-C03B-A-3-A,104,2,人文社會科學院,CDA,創意設計與建築學系,C03B,A,大學部,3,A,創意設計(四)-B,3,必,13,12,,1,王政弘,H1--112,,,"5,6, 7",,,,,"[{""day"": 3, ""dayName"": ""星期三"", ""periods"": [""5"", ""6"", ""7""], ""raw"": ""5,6, 7""}]",先修 限修及外加,學程必修；教室:H1--112；本課程包含磨課師線上課程，學生必須加入磨課師平台參與課程教學及討論,https://course.nuk.edu.tw/QueryCourse/tcontent.asp?OpenYear=104&Helf=2&Sclass=CDA&Cono=C03B,2026-08-26T18:13:36+00:00
104-2-CDA-C061-A-3-A,104,2,人文社會科學院,CDA,創意設計與建築學系,C061,A,大學部,3,A,建築法規,2,必,28,25,,3,吳啟光,H1--102,,"6,7",,,,,,"[{""day"": 2, ""dayName"": ""星期二"", ""periods"": [""6"", ""7""], ""raw"": ""6,7""}]",,教師：吳啟光老師，教室：H1-102,https://course.nuk.edu.tw/QueryCourse/tcontent.asp?OpenYear=104&Helf=2&Sclass=CDA&Cono=C061,2026-08-26T18:13:36+00:00
104-2-CDA-C07C-A-3-A,104,2,人文社會科學院,CDA,創意設計與建築學系,C07C,A,大學部,3,A,建築設計(四)A,6,必,11,11,,0,陳啟仁,,"1,2, 3,4, 5,6, 7,8",,,,,,,"[{""day"": 1, ""dayName"": ""星期一"", ""periods"": [""1"", ""2"", ""3"", ""4"", ""5"", ""6"", ""7"", ""8""], ""raw"": ""1,2, 3,4, 5,6, 7,8""}]",先修,上課教室：工坊127教室,https://course.nuk.edu.tw/QueryCourse/tcontent.asp?OpenYear=104&Helf=2&Sclass=CDA&Cono=C07C,2026-08-26T18:13:36+00:00
104-2-CDA-C07D-A-3-A,104,2,人文社會科學院,CDA,創意設計與建築學系,C07D,A,大學部,3,A,建築設計(四)B,6,必,10,7,,3,石昭永,,"1,2, 3,4, 5,6, 7,8",,,,,,,"[{""day"": 1, ""dayName"": ""星期一"", ""periods"": [""1"", ""2"", ""3"", ""4"", ""5"", ""6"", ""7"", ""8""], ""raw"": ""1,2, 3,4, 5,6, 7,8""}]",先修,教室：工坊127教室,https://course.nuk.edu.tw/QueryCourse/tcontent.asp?OpenYear=104&Helf=2&Sclass=CDA&Cono=C07D,2026-08-26T18:13:36+00:00
104-2-CDA-C503-A-3-A,104,2,人文社會科學院,CDA,創意設計與建築學系,C503,A,大學部,3,A,都市設計概論,2,選,20,20,,0,曾梓峰,H3--106,,"3,4",,,,,,"[{""day"": 2, ""dayName"": ""星期二"", ""periods"": [""3"", ""4""], ""raw"": ""3,4""}]",,教室：H3-106,https://course.nuk.edu.tw/QueryCourse/tcontent.asp?OpenYear=104&Helf=2&Sclass=CDA&Cono=C503,2026-08-26T18:13:36+00:00
104-2-CDA-C505-A-3-A,104,2,人文社會科學院,CDA,創意設計與建築學系,C505,A,大學部,3,A,現代主義之後的建築發展,2,選,20,8,,12,陳逸杰,H3--102,,,"5,6",,,,,"[{""day"": 3, ""dayName"": ""星期三"", ""periods"": [""5"", ""6""], ""raw"": ""5,6""}]",,教室：H3-102,https://course.nuk.edu.tw/QueryCourse/tcontent.asp?OpenYear=104&Helf=2&Sclass=CDA&Cono=C505,2026-08-26T18:13:36+00:00
104-2-CDA-C522-A-3-A,104,2,人文社會科學院,CDA,創意設計與建築學系,C522,A,大學部,3,A,包裝設計,2,選,35,20,,15,連佳惠,H1--112,"5,6",,,,,,,"[{""day"": 1, ""dayName"": ""星期一"", ""periods"": [""5"", ""6""], ""raw"": ""5,6""}]",限修,上課教室:H1-112電腦教室,https://course.nuk.edu.tw/QueryCourse/tcontent.asp?OpenYear=104&Helf=2&Sclass=CDA&Cono=C522,2026-08-26T18:13:36+00:00
104-2-CDA-C533-A-3-A,104,2,人文社會科學院,CDA,創意設計與建築學系,C533,A,大學部,3,A,數位立體造型設計,2,選,37,35,,2,江育賢,H1--112,,,,"3,4",,,,"[{""day"": 4, ""dayName"": ""星期四"", ""periods"": [""3"", ""4""], ""raw"": ""3,4""}]",限修及外加,教室:H1-112,https://course.nuk.edu.tw/QueryCourse/tcontent.asp?OpenYear=104&Helf=2&Sclass=CDA&Cono=C533,2026-08-26T18:13:36+00:00
104-2-CDA-C552-A-3-A,104,2,人文社會科學院,CDA,創意設計與建築學系,C552,A,大學部,3,A,玉石媒材創作(二),2,選,13,12,,1,盧志松,,,,,,"5,6",,,"[{""day"": 5, ""dayName"": ""星期五"", ""periods"": [""5"", ""6""], ""raw"": ""5,6""}]",限修及外加,教室-創建系工坊玉石教室,https://course.nuk.edu.tw/QueryCourse/tcontent.asp?OpenYear=104&Helf=2&Sclass=CDA&Cono=C552,2026-08-26T18:13:36+00:00
104-2-CDA-C561-A-3-A,104,2,人文社會科學院,CDA,創意設計與建築學系,C561,A,大學部,3,A,企業識別體系,2,選,40,6,,34,洪碩延,H1--102,"7,8",,,,,,,"[{""day"": 1, ""dayName"": ""星期一"", ""periods"": [""7"", ""8""], ""raw"": ""7,8""}]",限修,上課教室:H1-102,https://course.nuk.edu.tw/QueryCourse/tcontent.asp?OpenYear=104&Helf=2&Sclass=CDA&Cono=C561,2026-08-26T18:13:36+00:00
104-2-CDA-C581-A-3-A,104,2,人文社會科學院,CDA,創意設計與建築學系,C581,A,大學部,3,A,互動科技藝術,3,選,22,16,,6,王政弘,H1--112,,,,,"7,8, 9",,,"[{""day"": 5, ""dayName"": ""星期五"", ""periods"": [""7"", ""8"", ""9""], ""raw"": ""7,8, 9""}]",限修及外加,教室:H1-112,https://course.nuk.edu.tw/QueryCourse/tcontent.asp?OpenYear=104&Helf=2&Sclass=CDA&Cono=C581,2026-08-26T18:13:36+00:00
104-2-CDA-C59B-A-3-A,104,2,人文社會科學院,CDA,創意設計與建築學系,C59B,A,大學部,3,A,木質創作(二),2,選,20,15,,5,沈明旺,,,,"8,9",,,,,"[{""day"": 3, ""dayName"": ""星期三"", ""periods"": [""8"", ""9""], ""raw"": ""8,9""}]",限修,教室-創建系工坊木竹教室,https://course.nuk.edu.tw/QueryCourse/tcontent.asp?OpenYear=104&Helf=2&Sclass=CDA&Cono=C59B,2026-08-26T18:13:36+00:00
104-2-CDA-C60B-A-3-A,104,2,人文社會科學院,CDA,創意設計與建築學系,C60B,A,大學部,3,A,金屬專題研究(二),2,選,16,16,,0,賴廷鴻,,,,,,"3,4",,,"[{""day"": 5, ""dayName"": ""星期五"", ""periods"": [""3"", ""4""], ""raw"": ""3,4""}]",限修及外加,教室-創建系工坊金工教室,https://course.nuk.edu.tw/QueryCourse/tcontent.asp?OpenYear=104&Helf=2&Sclass=CDA&Cono=C60B,2026-08-26T18:13:36+00:00
104-2-CDA-C60D-A-3-A,104,2,人文社會科學院,CDA,創意設計與建築學系,C60D,A,大學部,3,A,漆器工藝專題(二),2,選,11,11,,0,翁群儀,,,,,"5,6, 7",,,,"[{""day"": 4, ""dayName"": ""星期四"", ""periods"": [""5"", ""6"", ""7""], ""raw"": ""5,6, 7""}]",限修及外加,上課教室:工坊文產教室,https://course.nuk.edu.tw/QueryCourse/tcontent.asp?OpenYear=104&Helf=2&Sclass=CDA&Cono=C60D,2026-08-26T18:13:36+00:00
104-2-CDA-C571-A-4-A,104,2,人文社會科學院,CDA,創意設計與建築學系,C571,A,大學部,4,A,設計與行銷,2,選,37,25,,12,連佳惠,H1--112,"3,4",,,,,,,"[{""day"": 1, ""dayName"": ""星期一"", ""periods"": [""3"", ""4""], ""raw"": ""3,4""}]",限修及外加,上課教室:H1-112電腦教室,https://course.nuk.edu.tw/QueryCourse/tcontent.asp?OpenYear=104&Helf=2&Sclass=CDA&Cono=C571,2026-08-26T18:13:36+00:00
104-2-CDA-D02A-A-4-A,104,2,人文社會科學院,CDA,創意設計與建築學系,D02A,A,大學部,4,A,創意設計(六)-A,3,必,6,6,,0,洪碩延,H1--334,,,,"5,6, 7",,,,"[{""day"": 4, ""dayName"": ""星期四"", ""periods"": [""5"", ""6"", ""7""], ""raw"": ""5,6, 7""}]",先修 限修,學程必修；教室:H1--334,https://course.nuk.edu.tw/QueryCourse/tcontent.asp?OpenYear=104&Helf=2&Sclass=CDA&Cono=D02A,2026-08-26T18:13:36+00:00
104-2-CDA-D02B-A-4-A,104,2,人文社會科學院,CDA,創意設計與建築學系,D02B,A,大學部,4,A,創意設計(六)-B,3,必,6,6,,0,康錦樹,,,,,"5,6, 7",,,,"[{""day"": 4, ""dayName"": ""星期四"", ""periods"": [""5"", ""6"", ""7""], ""raw"": ""5,6, 7""}]",先修 限修,學程必修。教室-工坊塑造教室,https://course.nuk.edu.tw/QueryCourse/tcontent.asp?OpenYear=104&Helf=2&Sclass=CDA&Cono=D02B,2026-08-26T18:13:36+00:00
104-2-CDA-D02C-A-4-A,104,2,人文社會科學院,CDA,創意設計與建築學系,D02C,A,大學部,4,A,創意設計(六)-C,3,必,5,5,,0,王政弘,H1--112,,,,"5,6, 7",,,,"[{""day"": 4, ""dayName"": ""星期四"", ""periods"": [""5"", ""6"", ""7""], ""raw"": ""5,6, 7""}]",先修 限修,學程必修。教室H1-112,https://course.nuk.edu.tw/QueryCourse/tcontent.asp?OpenYear=104&Helf=2&Sclass=CDA&Cono=D02C,2026-08-26T18:13:36+00:00
104-2-CDA-D02D-A-4-A,104,2,人文社會科學院,CDA,創意設計與建築學系,D02D,A,大學部,4,A,創意設計(六)-D,3,必,6,5,,1,侯淑姿,,,,,"5,6, 7",,,,"[{""day"": 4, ""dayName"": ""星期四"", ""periods"": [""5"", ""6"", ""7""], ""raw"": ""5,6, 7""}]",先修 限修及外加,學程必修。工坊玉石教室,https://course.nuk.edu.tw/QueryCourse/tcontent.asp?OpenYear=104&Helf=2&Sclass=CDA&Cono=D02D,2026-08-26T18:13:36+00:00
104-2-CDA-D02E-A-4-A,104,2,人文社會科學院,CDA,創意設計與建築學系,D02E,A,大學部,4,A,創意設計(六)-E,3,必,6,6,,0,賴廷鴻,,,,,"5,6, 7",,,,"[{""day"": 4, ""dayName"": ""星期四"", ""periods"": [""5"", ""6"", ""7""], ""raw"": ""5,6, 7""}]",先修 限修,學程必修。教室-工坊金工教室,https://course.nuk.edu.tw/QueryCourse/tcontent.asp?OpenYear=104&Helf=2&Sclass=CDA&Cono=D02E,2026-08-26T18:13:36+00:00
104-2-CDA-D02G-A-4-A,104,2,人文社會科學院,CDA,創意設計與建築學系,D02G,A,大學部,4,A,創意設計(六)-G,3,必,6,6,,0,沈明旺,,,,,"5,6, 7",,,,"[{""day"": 4, ""dayName"": ""星期四"", ""periods"": [""5"", ""6"", ""7""], ""raw"": ""5,6, 7""}]",先修 限修,學程必修。教室-工坊木竹教室,https://course.nuk.edu.tw/QueryCourse/tcontent.asp?OpenYear=104&Helf=2&Sclass=CDA&Cono=D02G,2026-08-26T18:13:36+00:00
104-2-CDA-D06A-A-4-A,104,2,人文社會科學院,CDA,創意設計與建築學系,D06A,A,大學部,4,A,建築設計(六)A,6,必,7,7,,0,曾梓峰,,"1,2, 3,4, 5,6, 7,8",,,,,,,"[{""day"": 1, ""dayName"": ""星期一"", ""periods"": [""1"", ""2"", ""3"", ""4"", ""5"", ""6"", ""7"", ""8""], ""raw"": ""1,2, 3,4, 5,6, 7,8""}]",先修 外加,教室：工坊121教室,https://course.nuk.edu.tw/QueryCourse/tcontent.asp?OpenYear=104&Helf=2&Sclass=CDA&Cono=D06A,2026-08-26T18:13:36+00:00
104-2-CDA-D06B-A-4-A,104,2,人文社會科學院,CDA,創意設計與建築學系,D06B,A,大學部,4,A,建築設計(六)B,6,必,5,5,,0,徐岩奇,,"1,2, 3,4, 5,6, 7,8",,,,,,,"[{""day"": 1, ""dayName"": ""星期一"", ""periods"": [""1"", ""2"", ""3"", ""4"", ""5"", ""6"", ""7"", ""8""], ""raw"": ""1,2, 3,4, 5,6, 7,8""}]",先修,教室：工坊121教室。,https://course.nuk.edu.tw/QueryCourse/tcontent.asp?OpenYear=104&Helf=2&Sclass=CDA&Cono=D06B,2026-08-26T18:13:36+00:00
104-2-CDA-F542-A-4-A,104,2,人文社會科學院,CDA,創意設計與建築學系,F542,A,大學部,4,A,設計創作方法論,3,選,8,5,,3,黃裕宸,H1--330,,"2,3, 4",,,,,,"[{""day"": 2, ""dayName"": ""星期二"", ""periods"": [""2"", ""3"", ""4""], ""raw"": ""2,3, 4""}]",限修,教室:H1-330；與碩一合開課程,https://course.nuk.edu.tw/QueryCourse/tcontent.asp?OpenYear=104&Helf=2&Sclass=CDA&Cono=F542,2026-08-26T18:13:36+00:00
104-2-CDA-T02A-L-1-,104,2,人文社會科學院,CDA,創意設計與建築學系,T02A,L,碩士在職專班,1,,專題研討(二)A,0,必,20,4,,16,洪碩延,H1--334,,,,"10,11, 12",,,,"[{""day"": 4, ""dayName"": ""星期四"", ""periods"": [""10"", ""11"", ""12""], ""raw"": ""10,11, 12""}]",限修,教室H1-334. 本課程為碩士碩專創設組學生必修。都建組不適用。,https://course.nuk.edu.tw/QueryCourse/tcontent.asp?OpenYear=104&Helf=2&Sclass=CDA&Cono=T02A,2026-08-26T18:13:36+00:00
104-2-CDA-T02B-L-1-,104,2,人文社會科學院,CDA,創意設計與建築學系,T02B,L,碩士在職專班,1,,專題研討(二)B,0,必,20,16,,4,廖硃岑 陳逸杰,H1--102,,,"10,11, 12",,,,,"[{""day"": 3, ""dayName"": ""星期三"", ""periods"": [""10"", ""11"", ""12""], ""raw"": ""10,11, 12""}]",,本課程碩士、碩專一年級建築組必修。教室H1-102,https://course.nuk.edu.tw/QueryCourse/tcontent.asp?OpenYear=104&Helf=2&Sclass=CDA&Cono=T02B,2026-08-26T18:13:36+00:00
104-2-CDA-T513-L-1-,104,2,人文社會科學院,CDA,創意設計與建築學系,T513,L,碩士在職專班,1,,當代歐洲生態城市規劃設計特論,3,選,50,7,,43,曾梓峰,H3--106,"10,11, 12",,,,,,,"[{""day"": 1, ""dayName"": ""星期一"", ""periods"": [""10"", ""11"", ""12""], ""raw"": ""10,11, 12""}]",,本課程碩士、碩專建築組同學不分年級入可選修。教室：H3-106,https://course.nuk.edu.tw/QueryCourse/tcontent.asp?OpenYear=104&Helf=2&Sclass=CDA&Cono=T513,2026-08-26T18:13:36+00:00
104-2-CDA-T534-L-1-,104,2,人文社會科學院,CDA,創意設計與建築學系,T534,L,碩士在職專班,1,,設計與規劃研究專題,3,選,20,6,,14,陳逸杰,H1--102,,"10,11, 12",,,,,,"[{""day"": 2, ""dayName"": ""星期二"", ""periods"": [""10"", ""11"", ""12""], ""raw"": ""10,11, 12""}]",,本課程建築組碩士班、碩專班不分年級皆可選修，教室H1-102,https://course.nuk.edu.tw/QueryCourse/tcontent.asp?OpenYear=104&Helf=2&Sclass=CDA&Cono=T534,2026-08-26T18:13:36+00:00
104-2-CDA-T543-L-1-,104,2,人文社會科學院,CDA,創意設計與建築學系,T543,L,碩士在職專班,1,,近代建築物改修與解體特論,3,選,20,6,,14,廖硃岑,H3--102,,"10,11, 12",,,,,,"[{""day"": 2, ""dayName"": ""星期二"", ""periods"": [""10"", ""11"", ""12""], ""raw"": ""10,11, 12""}]",,本課程碩士、碩專建築組同學不分年級皆可選修，教室H3-102,https://course.nuk.edu.tw/QueryCourse/tcontent.asp?OpenYear=104&Helf=2&Sclass=CDA&Cono=T543,2026-08-26T18:13:36+00:00
104-2-CDA-T553-L-1-,104,2,人文社會科學院,CDA,創意設計與建築學系,T553,L,碩士在職專班,1,,建築資訊模型特論,3,選,25,15,,10,陳怡兆,H1--112,,,,"10,11, 12",,,,"[{""day"": 4, ""dayName"": ""星期四"", ""periods"": [""10"", ""11"", ""12""], ""raw"": ""10,11, 12""}]",,上課教室：H1-112電腦教室。本課程碩士、碩專建築組學生不分年級皆可選修,https://course.nuk.edu.tw/QueryCourse/tcontent.asp?OpenYear=104&Helf=2&Sclass=CDA&Cono=T553,2026-08-26T18:13:36+00:00
104-2-CDA-T561-L-1-,104,2,人文社會科學院,CDA,創意設計與建築學系,T561,L,碩士在職專班,1,,設計造型學,3,選,20,6,,14,康錦樹,H1--334,,"10,11, 12",,,,,,"[{""day"": 2, ""dayName"": ""星期二"", ""periods"": [""10"", ""11"", ""12""], ""raw"": ""10,11, 12""}]",限修,教室:H1-334,https://course.nuk.edu.tw/QueryCourse/tcontent.asp?OpenYear=104&Helf=2&Sclass=CDA&Cono=T561,2026-08-26T18:13:36+00:00
104-2-CDA-T563-L-1-,104,2,人文社會科學院,CDA,創意設計與建築學系,T563,L,碩士在職專班,1,,金工設計與創作研究,3,選,6,6,,0,賴廷鴻,,,,"10,11, 12",,,,,"[{""day"": 3, ""dayName"": ""星期三"", ""periods"": [""10"", ""11"", ""12""], ""raw"": ""10,11, 12""}]",限修及外加,創設組選修 教室-創建系金工工坊,https://course.nuk.edu.tw/QueryCourse/tcontent.asp?OpenYear=104&Helf=2&Sclass=CDA&Cono=T563,2026-08-26T18:13:36+00:00
104-2-CDA-T572-L-1-,104,2,人文社會科學院,CDA,創意設計與建築學系,T572,L,碩士在職專班,1,,數位科技藝術研究,3,選,10,5,,5,王政弘,H1--112,,,,,"10,11, 12",,,"[{""day"": 5, ""dayName"": ""星期五"", ""periods"": [""10"", ""11"", ""12""], ""raw"": ""10,11, 12""}]",限修,教室:H1-112,https://course.nuk.edu.tw/QueryCourse/tcontent.asp?OpenYear=104&Helf=2&Sclass=CDA&Cono=T572,2026-08-26T18:13:36+00:00
104-2-CDA-T581-L-1-,104,2,人文社會科學院,CDA,創意設計與建築學系,T581,L,碩士在職專班,1,,文化商品設計研究,3,選,16,6,,10,洪碩延,H1--334,"10,11, 12",,,,,,,"[{""day"": 1, ""dayName"": ""星期一"", ""periods"": [""10"", ""11"", ""12""], ""raw"": ""10,11, 12""}]",限修及外加,教室:H1-334,https://course.nuk.edu.tw/QueryCourse/tcontent.asp?OpenYear=104&Helf=2&Sclass=CDA&Cono=T581,2026-08-26T18:13:36+00:00
104-2-CDA-T591-L-1-,104,2,人文社會科學院,CDA,創意設計與建築學系,T591,L,碩士在職專班,1,,都市發展及建築理論導讀,3,選,25,10,,15,吳文彥,H3--102,,,,,"10,11, 12",,,"[{""day"": 5, ""dayName"": ""星期五"", ""periods"": [""10"", ""11"", ""12""], ""raw"": ""10,11, 12""}]",,本課程碩士、碩專建築組學生不分年級皆可選修。上課教室：H3-102,https://course.nuk.edu.tw/QueryCourse/tcontent.asp?OpenYear=104&Helf=2&Sclass=CDA&Cono=T591,2026-08-26T18:13:36+00:00
104-2-CDA-U521-L-1-,104,2,人文社會科學院,CDA,創意設計與建築學系,U521,L,碩士在職專班,1,,木建築設計特論,3,選,16,16,,0,陳啟仁,H3--102,"10,11, 12",,,,,,,"[{""day"": 1, ""dayName"": ""星期一"", ""periods"": [""10"", ""11"", ""12""], ""raw"": ""10,11, 12""}]",外加,本課程碩士、碩專建築組同學不分年級皆可選修。教室：H3-102,https://course.nuk.edu.tw/QueryCourse/tcontent.asp?OpenYear=104&Helf=2&Sclass=CDA&Cono=U521,2026-08-26T18:13:36+00:00
104-2-CDA-F500-M-1-,104,2,人文社會科學院,CDA,創意設計與建築學系,F500,M,碩士班,1,,教學實務演練(創意設計與建築學系),0,選,20,20,,0,洪碩延,,,X,,,,,,"[{""day"": 2, ""dayName"": ""星期二"", ""periods"": [""X""], ""raw"": ""X""}]",外加,指定加簽，申請擔任學習型兼任教學助理之學生必須修習本課程。,https://course.nuk.edu.tw/QueryCourse/tcontent.asp?OpenYear=104&Helf=2&Sclass=CDA&Cono=F500,2026-08-26T18:13:36+00:00
104-2-CDA-F542-M-1-,104,2,人文社會科學院,CDA,創意設計與建築學系,F542,M,碩士班,1,,設計創作方法論,3,選,8,5,,3,黃裕宸,H1--330,,"2,3, 4",,,,,,"[{""day"": 2, ""dayName"": ""星期二"", ""periods"": [""2"", ""3"", ""4""], ""raw"": ""2,3, 4""}]",限修,教室:H1-330；與大四合開,https://course.nuk.edu.tw/QueryCourse/tcontent.asp?OpenYear=104&Helf=2&Sclass=CDA&Cono=F542,2026-08-26T18:13:36+00:00
104-2-CDA-F572-M-1-,104,2,人文社會科學院,CDA,創意設計與建築學系,F572,M,碩士班,1,,環境規劃設計實習(二),3,選,20,20,,0,陳啟仁,H3--102,,,"1,2, 3,4",,,,,"[{""day"": 3, ""dayName"": ""星期三"", ""periods"": [""1"", ""2"", ""3"", ""4""], ""raw"": ""1,2, 3,4""}]",,本課程開放大四學生選修。教室H3-102,https://course.nuk.edu.tw/QueryCourse/tcontent.asp?OpenYear=104&Helf=2&Sclass=CDA&Cono=F572,2026-08-26T18:13:36+00:00
104-2-DAP-A005-A-1-A,104,2,人文社會科學院,DAP,運動競技學系,A005,A,大學部,1,A,運動行銷學,2,必,43,43,,0,孫美蓮,B01-207-4,,"3,4",,,,,,"[{""day"": 2, ""dayName"": ""星期二"", ""periods"": [""3"", ""4""], ""raw"": ""3,4""}]",限修及外加,207-4教室,https://course.nuk.edu.tw/QueryCourse/tcontent.asp?OpenYear=104&Helf=2&Sclass=DAP&Cono=A005,2026-08-26T18:13:36+00:00
104-2-DAP-A01B-A-1-A,104,2,人文社會科學院,DAP,運動競技學系,A01B,A,大學部,1,A,專長術科(棒球)-Ⅱ,4,必,16,16,,0,李坤哲,,,,,"5,6, 7,8","5,6, 7,8",,,"[{""day"": 4, ""dayName"": ""星期四"", ""periods"": [""5"", ""6"", ""7"", ""8""], ""raw"": ""5,6, 7,8""}, {""day"": 5, ""dayName"": ""星期五"", ""periods"": [""5"", ""6"", ""7"", ""8""], ""raw"": ""5,6, 7,8""}]",限修,授課老師：李坤哲，專長術科（棒球）-Ⅱ、Ⅳ、Ⅵ、Ⅷ每週四、五（5-8節）棒球場上課,https://course.nuk.edu.tw/QueryCourse/tcontent.asp?OpenYear=104&Helf=2&Sclass=DAP&Cono=A01B,2026-08-26T18:13:36+00:00
104-2-DAP-A02B-A-1-A,104,2,人文社會科學院,DAP,運動競技學系,A02B,A,大學部,1,A,專長術科(桌球)-Ⅱ,4,必,5,5,,0,王明月,,,,,"5,6, 7,8","5,6, 7,8",,,"[{""day"": 4, ""dayName"": ""星期四"", ""periods"": [""5"", ""6"", ""7"", ""8""], ""raw"": ""5,6, 7,8""}, {""day"": 5, ""dayName"": ""星期五"", ""periods"": [""5"", ""6"", ""7"", ""8""], ""raw"": ""5,6, 7,8""}]",限修,授課老師：王明月，專長術科（桌球）-Ⅱ、Ⅳ、Ⅵ、Ⅷ每週四、五（5-8節）桌球場上課,https://course.nuk.edu.tw/QueryCourse/tcontent.asp?OpenYear=104&Helf=2&Sclass=DAP&Cono=A02B,2026-08-26T18:13:36+00:00
104-2-DAP-A03B-A-1-A,104,2,人文社會科學院,DAP,運動競技學系,A03B,A,大學部,1,A,專長術科(游泳)-Ⅱ,4,必,7,7,,0,林季嬋,,,,,"5,6, 7,8","5,6, 7,8",,,"[{""day"": 4, ""dayName"": ""星期四"", ""periods"": [""5"", ""6"", ""7"", ""8""], ""raw"": ""5,6, 7,8""}, {""day"": 5, ""dayName"": ""星期五"", ""periods"": [""5"", ""6"", ""7"", ""8""], ""raw"": ""5,6, 7,8""}]",限修,授課老師：林季嬋，專長術科（游泳）-Ⅱ、Ⅳ、Ⅵ、Ⅷ每週四、五（5-8節）游泳池使用4水道上課,https://course.nuk.edu.tw/QueryCourse/tcontent.asp?OpenYear=104&Helf=2&Sclass=DAP&Cono=A03B,2026-08-26T18:13:36+00:00
104-2-DAP-A04B-A-1-A,104,2,人文社會科學院,DAP,運動競技學系,A04B,A,大學部,1,A,專長術科(羽球)-Ⅱ,4,必,12,12,,0,黃全成,,,,,"5,6, 7,8","5,6, 7,8",,,"[{""day"": 4, ""dayName"": ""星期四"", ""periods"": [""5"", ""6"", ""7"", ""8""], ""raw"": ""5,6, 7,8""}, {""day"": 5, ""dayName"": ""星期五"", ""periods"": [""5"", ""6"", ""7"", ""8""], ""raw"": ""5,6, 7,8""}]",限修及外加,授課老師：黃全成，專長術科（羽球）-Ⅱ、Ⅳ、Ⅵ、Ⅷ每週四、五（5-8節）羽球場上課,https://course.nuk.edu.tw/QueryCourse/tcontent.asp?OpenYear=104&Helf=2&Sclass=DAP&Cono=A04B,2026-08-26T18:13:36+00:00
104-2-DAP-A051-A-1-A,104,2,人文社會科學院,DAP,運動競技學系,A051,A,大學部,1,A,人體解剖學,2,必,45,45,,0,林季嬋,B01-207-4,,"1,2",,,,,,"[{""day"": 2, ""dayName"": ""星期二"", ""periods"": [""1"", ""2""], ""raw"": ""1,2""}]",限修及外加,207-4教室,https://course.nuk.edu.tw/QueryCourse/tcontent.asp?OpenYear=104&Helf=2&Sclass=DAP&Cono=A051,2026-08-26T18:13:36+00:00
104-2-DAP-A501-A-1-A,104,2,人文社會科學院,DAP,運動競技學系,A501,A,大學部,1,A,運動場地設施與管理,2,選,47,47,,0,林政德,B01-207-6,,,"1,2",,,,,"[{""day"": 3, ""dayName"": ""星期三"", ""periods"": [""1"", ""2""], ""raw"": ""1,2""}]",限修及外加,207-6教室,https://course.nuk.edu.tw/QueryCourse/tcontent.asp?OpenYear=104&Helf=2&Sclass=DAP&Cono=A501,2026-08-26T18:13:36+00:00
104-2-DAP-A512-A-1-A,104,2,人文社會科學院,DAP,運動競技學系,A512,A,大學部,1,A,體育活動設計,2,選,42,41,,1,黃全成,B01-207-4,,,"3,4",,,,,"[{""day"": 3, ""dayName"": ""星期三"", ""periods"": [""3"", ""4""], ""raw"": ""3,4""}]",限修及外加,207-4教室,https://course.nuk.edu.tw/QueryCourse/tcontent.asp?OpenYear=104&Helf=2&Sclass=DAP&Cono=A512,2026-08-26T18:13:36+00:00
104-2-DAP-B003-A-2-A,104,2,人文社會科學院,DAP,運動競技學系,B003,A,大學部,2,A,運動生物力學,2,必,40,39,,1,陳家祥,B01-207-4,,,"1,2",,,,,"[{""day"": 3, ""dayName"": ""星期三"", ""periods"": [""1"", ""2""], ""raw"": ""1,2""}]",限修及外加,207-4教室,https://course.nuk.edu.tw/QueryCourse/tcontent.asp?OpenYear=104&Helf=2&Sclass=DAP&Cono=B003,2026-08-26T18:13:36+00:00
104-2-DAP-B01B-A-2-A,104,2,人文社會科學院,DAP,運動競技學系,B01B,A,大學部,2,A,專長術科(棒球)-Ⅳ,4,必,15,15,,0,李坤哲,,,,,"5,6, 7,8","5,6, 7,8",,,"[{""day"": 4, ""dayName"": ""星期四"", ""periods"": [""5"", ""6"", ""7"", ""8""], ""raw"": ""5,6, 7,8""}, {""day"": 5, ""dayName"": ""星期五"", ""periods"": [""5"", ""6"", ""7"", ""8""], ""raw"": ""5,6, 7,8""}]",限修,授課老師：李坤哲，專長術科（棒球）-Ⅱ、Ⅳ、Ⅵ、Ⅷ每週四、五（5-8節）棒球場上課,https://course.nuk.edu.tw/QueryCourse/tcontent.asp?OpenYear=104&Helf=2&Sclass=DAP&Cono=B01B,2026-08-26T18:13:36+00:00
104-2-DAP-B02B-A-2-A,104,2,人文社會科學院,DAP,運動競技學系,B02B,A,大學部,2,A,專長術科(桌球)-Ⅳ,4,必,9,9,,0,王明月,,,,,"5,6, 7,8","5,6, 7,8",,,"[{""day"": 4, ""dayName"": ""星期四"", ""periods"": [""5"", ""6"", ""7"", ""8""], ""raw"": ""5,6, 7,8""}, {""day"": 5, ""dayName"": ""星期五"", ""periods"": [""5"", ""6"", ""7"", ""8""], ""raw"": ""5,6, 7,8""}]",限修,授課老師：王明月，專長術科（桌球）-Ⅱ、Ⅳ、Ⅵ、Ⅷ每週四、五（5-8節）桌球場上課,https://course.nuk.edu.tw/QueryCourse/tcontent.asp?OpenYear=104&Helf=2&Sclass=DAP&Cono=B02B,2026-08-26T18:13:36+00:00
104-2-DAP-B03B-A-2-A,104,2,人文社會科學院,DAP,運動競技學系,B03B,A,大學部,2,A,專長術科(游泳)-Ⅳ,4,必,4,4,,0,林季嬋,,,,,"5,6, 7,8","5,6, 7,8",,,"[{""day"": 4, ""dayName"": ""星期四"", ""periods"": [""5"", ""6"", ""7"", ""8""], ""raw"": ""5,6, 7,8""}, {""day"": 5, ""dayName"": ""星期五"", ""periods"": [""5"", ""6"", ""7"", ""8""], ""raw"": ""5,6, 7,8""}]",限修,授課老師：林季嬋，專長術科（游泳）-Ⅱ、Ⅳ、Ⅵ、Ⅷ每週四、五（5-8節）游泳池水用4水道上課,https://course.nuk.edu.tw/QueryCourse/tcontent.asp?OpenYear=104&Helf=2&Sclass=DAP&Cono=B03B,2026-08-26T18:13:36+00:00
104-2-DAP-B04B-A-2-A,104,2,人文社會科學院,DAP,運動競技學系,B04B,A,大學部,2,A,專長術科(羽球)-Ⅳ,4,必,10,9,,1,黃全成,,,,,"5,6, 7,8","5,6, 7,8",,,"[{""day"": 4, ""dayName"": ""星期四"", ""periods"": [""5"", ""6"", ""7"", ""8""], ""raw"": ""5,6, 7,8""}, {""day"": 5, ""dayName"": ""星期五"", ""periods"": [""5"", ""6"", ""7"", ""8""], ""raw"": ""5,6, 7,8""}]",限修,授課老師：黃全成，專長術科（羽球）-Ⅱ、Ⅳ、Ⅵ、Ⅷ每週四、五（5-8節）羽球場上課,https://course.nuk.edu.tw/QueryCourse/tcontent.asp?OpenYear=104&Helf=2&Sclass=DAP&Cono=B04B,2026-08-26T18:13:36+00:00
104-2-DAP-B05B-A-2-A,104,2,人文社會科學院,DAP,運動競技學系,B05B,A,大學部,2,A,體適能(Ⅱ),1,必,38,36,,2,黃全成,B01-207-8 其他教室,,"1,2",,,,,,"[{""day"": 2, ""dayName"": ""星期二"", ""periods"": [""1"", ""2""], ""raw"": ""1,2""}]",限修,207-8教室、韻律教室,https://course.nuk.edu.tw/QueryCourse/tcontent.asp?OpenYear=104&Helf=2&Sclass=DAP&Cono=B05B,2026-08-26T18:13:36+00:00
104-2-DAP-B06D-A-2-A,104,2,人文社會科學院,DAP,運動競技學系,B06D,A,大學部,2,A,游泳(Ⅱ),1,必,40,39,,1,尤若弘,,,"5,6",,,,,,"[{""day"": 2, ""dayName"": ""星期二"", ""periods"": [""5"", ""6""], ""raw"": ""5,6""}]",限修及外加,游泳池使用4水道,https://course.nuk.edu.tw/QueryCourse/tcontent.asp?OpenYear=104&Helf=2&Sclass=DAP&Cono=B06D,2026-08-26T18:13:36+00:00
104-2-DAP-B071-A-2-A,104,2,人文社會科學院,DAP,運動競技學系,B071,A,大學部,2,A,運動科學講座,2,必,39,38,,1,孫美蓮,B01-207-4,,"10,11",,,,,,"[{""day"": 2, ""dayName"": ""星期二"", ""periods"": [""10"", ""11""], ""raw"": ""10,11""}]",限修及外加,207-4教室,https://course.nuk.edu.tw/QueryCourse/tcontent.asp?OpenYear=104&Helf=2&Sclass=DAP&Cono=B071,2026-08-26T18:13:36+00:00
104-2-DAP-B501-A-2-A,104,2,人文社會科學院,DAP,運動競技學系,B501,A,大學部,2,A,運動團隊管理與領導,2,選,38,36,,2,林政德,B01-207-4,,,,"3,4",,,,"[{""day"": 4, ""dayName"": ""星期四"", ""periods"": [""3"", ""4""], ""raw"": ""3,4""}]",限修,207-4教室,https://course.nuk.edu.tw/QueryCourse/tcontent.asp?OpenYear=104&Helf=2&Sclass=DAP&Cono=B501,2026-08-26T18:13:36+00:00
104-2-DAP-B514-A-2-A,104,2,人文社會科學院,DAP,運動競技學系,B514,A,大學部,2,A,運動英文,2,選,38,37,,1,陳家祥,B01-207-4,"3,4",,,,,,,"[{""day"": 1, ""dayName"": ""星期一"", ""periods"": [""3"", ""4""], ""raw"": ""3,4""}]",限修及外加,207-4教室,https://course.nuk.edu.tw/QueryCourse/tcontent.asp?OpenYear=104&Helf=2&Sclass=DAP&Cono=B514,2026-08-26T18:13:36+00:00
104-2-DAP-B521-A-2-A,104,2,人文社會科學院,DAP,運動競技學系,B521,A,大學部,2,A,肌力與體能訓練,1,選,40,40,,0,王明月,B01-207-6,,,"3,4",,,,,"[{""day"": 3, ""dayName"": ""星期三"", ""periods"": [""3"", ""4""], ""raw"": ""3,4""}]",限修及外加,207-6教室,https://course.nuk.edu.tw/QueryCourse/tcontent.asp?OpenYear=104&Helf=2&Sclass=DAP&Cono=B521,2026-08-26T18:13:36+00:00
104-2-DAP-B534-A-2-A,104,2,人文社會科學院,DAP,運動競技學系,B534,A,大學部,2,A,木球,1,選,40,39,,1,王明月,,,"3,4",,,,,,"[{""day"": 2, ""dayName"": ""星期二"", ""periods"": [""3"", ""4""], ""raw"": ""3,4""}]",限修及外加,木球場,https://course.nuk.edu.tw/QueryCourse/tcontent.asp?OpenYear=104&Helf=2&Sclass=DAP&Cono=B534,2026-08-26T18:13:36+00:00
104-2-DAP-B54B-A-2-A,104,2,人文社會科學院,DAP,運動競技學系,B54B,A,大學部,2,A,水上救生(Ⅱ),1,選,39,37,,2,戴堯種,,,,"10,11",,,,,"[{""day"": 3, ""dayName"": ""星期三"", ""periods"": [""10"", ""11""], ""raw"": ""10,11""}]",限修及外加,游泳池使用4水道,https://course.nuk.edu.tw/QueryCourse/tcontent.asp?OpenYear=104&Helf=2&Sclass=DAP&Cono=B54B,2026-08-26T18:13:36+00:00
104-2-DAP-B551-A-2-A,104,2,人文社會科學院,DAP,運動競技學系,B551,A,大學部,2,A,運動傷害與急救,2,選,51,51,,0,陳家祥,B01-207-4,,,,"1,2",,,,"[{""day"": 4, ""dayName"": ""星期四"", ""periods"": [""1"", ""2""], ""raw"": ""1,2""}]",限修及外加,207-4教室,https://course.nuk.edu.tw/QueryCourse/tcontent.asp?OpenYear=104&Helf=2&Sclass=DAP&Cono=B551,2026-08-26T18:13:36+00:00
104-2-DAP-C002-A-3-A,104,2,人文社會科學院,DAP,運動競技學系,C002,A,大學部,3,A,運動教練學,2,必,37,37,,0,李坤哲,B01-207-8,,,"3,4",,,,,"[{""day"": 3, ""dayName"": ""星期三"", ""periods"": [""3"", ""4""], ""raw"": ""3,4""}]",限修,207-8教室,https://course.nuk.edu.tw/QueryCourse/tcontent.asp?OpenYear=104&Helf=2&Sclass=DAP&Cono=C002,2026-08-26T18:13:36+00:00
104-2-DAP-C01B-A-3-A,104,2,人文社會科學院,DAP,運動競技學系,C01B,A,大學部,3,A,專長術科(棒球)-Ⅵ,4,必,22,22,,0,李坤哲,,,,,"5,6, 7,8","5,6, 7,8",,,"[{""day"": 4, ""dayName"": ""星期四"", ""periods"": [""5"", ""6"", ""7"", ""8""], ""raw"": ""5,6, 7,8""}, {""day"": 5, ""dayName"": ""星期五"", ""periods"": [""5"", ""6"", ""7"", ""8""], ""raw"": ""5,6, 7,8""}]",限修,授課老師：李坤哲，專長術科（棒球）-Ⅱ、Ⅳ、Ⅵ、Ⅷ每週四、五（5-8節）棒球場上課,https://course.nuk.edu.tw/QueryCourse/tcontent.asp?OpenYear=104&Helf=2&Sclass=DAP&Cono=C01B,2026-08-26T18:13:36+00:00
104-2-DAP-C02B-A-3-A,104,2,人文社會科學院,DAP,運動競技學系,C02B,A,大學部,3,A,專長術科(桌球)-Ⅵ,4,必,7,7,,0,王明月,,,,,"5,6, 7,8","5,6, 7,8",,,"[{""day"": 4, ""dayName"": ""星期四"", ""periods"": [""5"", ""6"", ""7"", ""8""], ""raw"": ""5,6, 7,8""}, {""day"": 5, ""dayName"": ""星期五"", ""periods"": [""5"", ""6"", ""7"", ""8""], ""raw"": ""5,6, 7,8""}]",限修,授課老師：王明月，專長術科（桌球）-Ⅱ、Ⅳ、Ⅵ、Ⅷ每週四、五（5-8節）桌球場上課,https://course.nuk.edu.tw/QueryCourse/tcontent.asp?OpenYear=104&Helf=2&Sclass=DAP&Cono=C02B,2026-08-26T18:13:36+00:00
104-2-DAP-C03B-A-3-A,104,2,人文社會科學院,DAP,運動競技學系,C03B,A,大學部,3,A,專長術科(游泳)-Ⅵ,4,必,3,3,,0,林季嬋,,,,,"5,6, 7,8","5,6, 7,8",,,"[{""day"": 4, ""dayName"": ""星期四"", ""periods"": [""5"", ""6"", ""7"", ""8""], ""raw"": ""5,6, 7,8""}, {""day"": 5, ""dayName"": ""星期五"", ""periods"": [""5"", ""6"", ""7"", ""8""], ""raw"": ""5,6, 7,8""}]",限修,授課老師：林季嬋，專長術科（游泳）-Ⅱ、Ⅳ、Ⅵ、Ⅷ每週四、五（5-8節）游泳池使用4水道上課,https://course.nuk.edu.tw/QueryCourse/tcontent.asp?OpenYear=104&Helf=2&Sclass=DAP&Cono=C03B,2026-08-26T18:13:36+00:00
104-2-DAP-C04B-A-3-A,104,2,人文社會科學院,DAP,運動競技學系,C04B,A,大學部,3,A,專長術科(羽球)-Ⅵ,4,必,4,4,,0,黃全成,,,,,"5,6, 7,8","5,6, 7,8",,,"[{""day"": 4, ""dayName"": ""星期四"", ""periods"": [""5"", ""6"", ""7"", ""8""], ""raw"": ""5,6, 7,8""}, {""day"": 5, ""dayName"": ""星期五"", ""periods"": [""5"", ""6"", ""7"", ""8""], ""raw"": ""5,6, 7,8""}]",限修,授課老師：黃全成，專長術科（羽球）-Ⅱ、Ⅳ、Ⅵ、Ⅷ每週四、五（5-8節）羽球場上課,https://course.nuk.edu.tw/QueryCourse/tcontent.asp?OpenYear=104&Helf=2&Sclass=DAP&Cono=C04B,2026-08-26T18:13:36+00:00
104-2-DAP-C502-A-3-A,104,2,人文社會科學院,DAP,運動競技學系,C502,A,大學部,3,A,體育行政法規,2,選,36,36,,0,林政德,B01-207-6,"3,4",,,,,,,"[{""day"": 1, ""dayName"": ""星期一"", ""periods"": [""3"", ""4""], ""raw"": ""3,4""}]",限修,207-6教室,https://course.nuk.edu.tw/QueryCourse/tcontent.asp?OpenYear=104&Helf=2&Sclass=DAP&Cono=C502,2026-08-26T18:13:36+00:00
104-2-DAP-C512-A-3-A,104,2,人文社會科學院,DAP,運動競技學系,C512,A,大學部,3,A,運動貼紮理論與實務,2,選,41,41,,0,陳家祥,B01-207-6,,"3,4",,,,,,"[{""day"": 2, ""dayName"": ""星期二"", ""periods"": [""3"", ""4""], ""raw"": ""3,4""}]",限修及外加,207-6教室,https://course.nuk.edu.tw/QueryCourse/tcontent.asp?OpenYear=104&Helf=2&Sclass=DAP&Cono=C512,2026-08-26T18:13:36+00:00
104-2-DAP-C513-A-3-A,104,2,人文社會科學院,DAP,運動競技學系,C513,A,大學部,3,A,運動營養學,2,選,47,46,,1,陳家祥,B01-207-6,,"1,2",,,,,,"[{""day"": 2, ""dayName"": ""星期二"", ""periods"": [""1"", ""2""], ""raw"": ""1,2""}]",限修及外加,207-6教室,https://course.nuk.edu.tw/QueryCourse/tcontent.asp?OpenYear=104&Helf=2&Sclass=DAP&Cono=C513,2026-08-26T18:13:36+00:00
104-2-DAP-C523-A-3-A,104,2,人文社會科學院,DAP,運動競技學系,C523,A,大學部,3,A,羽球,1,選,44,37,,7,黃全成,,,"5,6",,,,,,"[{""day"": 2, ""dayName"": ""星期二"", ""periods"": [""5"", ""6""], ""raw"": ""5,6""}]",限修及外加,羽球場,https://course.nuk.edu.tw/QueryCourse/tcontent.asp?OpenYear=104&Helf=2&Sclass=DAP&Cono=C523,2026-08-26T18:13:36+00:00
104-2-DAP-C54B-A-3-A,104,2,人文社會科學院,DAP,運動競技學系,C54B,A,大學部,3,A,重量訓練(Ⅱ),1,選,42,42,,0,陳家祥,B01-207-6,,,,"3,4",,,,"[{""day"": 4, ""dayName"": ""星期四"", ""periods"": [""3"", ""4""], ""raw"": ""3,4""}]",限修及外加,重訓教室、207-6教室,https://course.nuk.edu.tw/QueryCourse/tcontent.asp?OpenYear=104&Helf=2&Sclass=DAP&Cono=C54B,2026-08-26T18:13:36+00:00
104-2-DAP-D01B-A-4-A,104,2,人文社會科學院,DAP,運動競技學系,D01B,A,大學部,4,A,專長術科(棒球)-Ⅷ,4,必,10,10,,0,李坤哲,,,,,"5,6, 7,8","5,6, 7,8",,,"[{""day"": 4, ""dayName"": ""星期四"", ""periods"": [""5"", ""6"", ""7"", ""8""], ""raw"": ""5,6, 7,8""}, {""day"": 5, ""dayName"": ""星期五"", ""periods"": [""5"", ""6"", ""7"", ""8""], ""raw"": ""5,6, 7,8""}]",限修,授課老師：李坤哲，專長術科（棒球）-Ⅱ、Ⅳ、Ⅵ、Ⅷ每週四、五（5-8節）棒球場上課,https://course.nuk.edu.tw/QueryCourse/tcontent.asp?OpenYear=104&Helf=2&Sclass=DAP&Cono=D01B,2026-08-26T18:13:36+00:00
104-2-DAP-D02B-A-4-A,104,2,人文社會科學院,DAP,運動競技學系,D02B,A,大學部,4,A,專長術科(桌球)-Ⅷ,4,必,3,3,,0,王明月,,,,,"5,6, 7,8","5,6, 7,8",,,"[{""day"": 4, ""dayName"": ""星期四"", ""periods"": [""5"", ""6"", ""7"", ""8""], ""raw"": ""5,6, 7,8""}, {""day"": 5, ""dayName"": ""星期五"", ""periods"": [""5"", ""6"", ""7"", ""8""], ""raw"": ""5,6, 7,8""}]",限修,授課老師：王明月，專長術科（桌球）-Ⅱ、Ⅳ、Ⅵ、Ⅷ每週四、五（5-8節）桌球場上課,https://course.nuk.edu.tw/QueryCourse/tcontent.asp?OpenYear=104&Helf=2&Sclass=DAP&Cono=D02B,2026-08-26T18:13:36+00:00
104-2-DAP-D03B-A-4-A,104,2,人文社會科學院,DAP,運動競技學系,D03B,A,大學部,4,A,專長術科(游泳)-Ⅷ,4,必,4,4,,0,林季嬋,,,,,"5,6, 7,8","5,6, 7,8",,,"[{""day"": 4, ""dayName"": ""星期四"", ""periods"": [""5"", ""6"", ""7"", ""8""], ""raw"": ""5,6, 7,8""}, {""day"": 5, ""dayName"": ""星期五"", ""periods"": [""5"", ""6"", ""7"", ""8""], ""raw"": ""5,6, 7,8""}]",限修,授課老師：林季嬋，專長術科（游泳）-Ⅱ、Ⅳ、Ⅵ、Ⅷ每週四、五（5-8節）游泳池水用4水道上課,https://course.nuk.edu.tw/QueryCourse/tcontent.asp?OpenYear=104&Helf=2&Sclass=DAP&Cono=D03B,2026-08-26T18:13:36+00:00
104-2-DAP-D04B-A-4-A,104,2,人文社會科學院,DAP,運動競技學系,D04B,A,大學部,4,A,專長術科(羽球)-Ⅷ,4,必,8,7,,1,黃全成,,,,,"5,6, 7,8","5,6, 7,8",,,"[{""day"": 4, ""dayName"": ""星期四"", ""periods"": [""5"", ""6"", ""7"", ""8""], ""raw"": ""5,6, 7,8""}, {""day"": 5, ""dayName"": ""星期五"", ""periods"": [""5"", ""6"", ""7"", ""8""], ""raw"": ""5,6, 7,8""}]",限修,授課老師：黃全成，專長術科（羽球）-Ⅱ、Ⅳ、Ⅵ、Ⅷ每週四、五（5-8節）羽球場上課,https://course.nuk.edu.tw/QueryCourse/tcontent.asp?OpenYear=104&Helf=2&Sclass=DAP&Cono=D04B,2026-08-26T18:13:36+00:00
104-2-DAP-D500-A-4-A,104,2,人文社會科學院,DAP,運動競技學系,D500,A,大學部,4,A,教學實務演練(運動競技學系),0,選,4,4,,0,王明月,,,X,,,,,,"[{""day"": 2, ""dayName"": ""星期二"", ""periods"": [""X""], ""raw"": ""X""}]",外加,指定加簽，申請擔任學習型兼任教學助理之學生必須修習本課程。,https://course.nuk.edu.tw/QueryCourse/tcontent.asp?OpenYear=104&Helf=2&Sclass=DAP&Cono=D500,2026-08-26T18:13:36+00:00
104-2-DAP-D502-A-4-A,104,2,人文社會科學院,DAP,運動競技學系,D502,A,大學部,4,A,運動選才學,2,選,25,17,,8,李坤哲,B01-207-8,"3,4",,,,,,,"[{""day"": 1, ""dayName"": ""星期一"", ""periods"": [""3"", ""4""], ""raw"": ""3,4""}]",限修,207-8教室,https://course.nuk.edu.tw/QueryCourse/tcontent.asp?OpenYear=104&Helf=2&Sclass=DAP&Cono=D502,2026-08-26T18:13:36+00:00
104-2-DAP-D513-A-4-A,104,2,人文社會科學院,DAP,運動競技學系,D513,A,大學部,4,A,瑜珈,1,選,25,15,,10,夏綠荷,K01-004,,,,"3,4",,,,"[{""day"": 4, ""dayName"": ""星期四"", ""periods"": [""3"", ""4""], ""raw"": ""3,4""}]",限修,韻律教室,https://course.nuk.edu.tw/QueryCourse/tcontent.asp?OpenYear=104&Helf=2&Sclass=DAP&Cono=D513,2026-08-26T18:13:36+00:00
104-2-EL-A012-A-1-A,104,2,人文社會科學院,EL,東亞語文學系,A012,A,大學部,1,A,初級日語 II,4,必,41,41,,0,陳志文,H1--111,"3,4",,"3,4",,,,,"[{""day"": 1, ""dayName"": ""星期一"", ""periods"": [""3"", ""4""], ""raw"": ""3,4""}, {""day"": 3, ""dayName"": ""星期三"", ""periods"": [""3"", ""4""], ""raw"": ""3,4""}]",限修 學程,教室H1-111，人文商管學程,https://course.nuk.edu.tw/QueryCourse/tcontent.asp?OpenYear=104&Helf=2&Sclass=EL&Cono=A012,2026-08-26T18:13:36+00:00
104-2-EL-A052-A-1-A,104,2,人文社會科學院,EL,東亞語文學系,A052,A,大學部,1,A,初級日語會話Ⅱ,2,必,25,23,,2,深尾圓,H2--102,,"5,6",,,,,,"[{""day"": 2, ""dayName"": ""星期二"", ""periods"": [""5"", ""6""], ""raw"": ""5,6""}]",學程,教室H2-102，人文商管學程,https://course.nuk.edu.tw/QueryCourse/tcontent.asp?OpenYear=104&Helf=2&Sclass=EL&Cono=A052,2026-08-26T18:13:36+00:00
104-2-EL-A06B-A-1-A,104,2,人文社會科學院,EL,東亞語文學系,A06B,A,大學部,1,A,初級韓語Ⅱ,4,必,38,35,,3,李京保,H2--201,,"3,4",,"3,4",,,,"[{""day"": 2, ""dayName"": ""星期二"", ""periods"": [""3"", ""4""], ""raw"": ""3,4""}, {""day"": 4, ""dayName"": ""星期四"", ""periods"": [""3"", ""4""], ""raw"": ""3,4""}]",限修及外加 學程,教室H2-201，人文商管學程,https://course.nuk.edu.tw/QueryCourse/tcontent.asp?OpenYear=104&Helf=2&Sclass=EL&Cono=A06B,2026-08-26T18:13:36+00:00
104-2-EL-A09B-A-1-A,104,2,人文社會科學院,EL,東亞語文學系,A09B,A,大學部,1,A,初級越語Ⅱ,4,必,30,12,,18,陳氏蘭,H2--202,,,,"3,4","3,4",,,"[{""day"": 4, ""dayName"": ""星期四"", ""periods"": [""3"", ""4""], ""raw"": ""3,4""}, {""day"": 5, ""dayName"": ""星期五"", ""periods"": [""3"", ""4""], ""raw"": ""3,4""}]",限修 學程,教室H2-202， 人文商管學程,https://course.nuk.edu.tw/QueryCourse/tcontent.asp?OpenYear=104&Helf=2&Sclass=EL&Cono=A09B,2026-08-26T18:13:36+00:00
104-2-EL-A532-A-1-A,104,2,人文社會科學院,EL,東亞語文學系,A532,A,大學部,1,A,日本歷史,2,選,26,26,,0,何資宜,H2--201,,,,"5,6",,,,"[{""day"": 4, ""dayName"": ""星期四"", ""periods"": [""5"", ""6""], ""raw"": ""5,6""}]",外加,,https://course.nuk.edu.tw/QueryCourse/tcontent.asp?OpenYear=104&Helf=2&Sclass=EL&Cono=A532,2026-08-26T18:13:36+00:00
104-2-EL-A562-A-1-A,104,2,人文社會科學院,EL,東亞語文學系,A562,A,大學部,1,A,越語語法,2,選,30,17,,13,陳氏蘭,H2--102,,,,"7,8",,,,"[{""day"": 4, ""dayName"": ""星期四"", ""periods"": [""7"", ""8""], ""raw"": ""7,8""}]",,教室H2-102,https://course.nuk.edu.tw/QueryCourse/tcontent.asp?OpenYear=104&Helf=2&Sclass=EL&Cono=A562,2026-08-26T18:13:36+00:00
104-2-EL-A56B-A-1-A,104,2,人文社會科學院,EL,東亞語文學系,A56B,A,大學部,1,A,日語語法 II,2,選,39,27,,12,陳志文,H1--111,,"3,4",,,,,,"[{""day"": 2, ""dayName"": ""星期二"", ""periods"": [""3"", ""4""], ""raw"": ""3,4""}]",限修,教室H1-111,https://course.nuk.edu.tw/QueryCourse/tcontent.asp?OpenYear=104&Helf=2&Sclass=EL&Cono=A56B,2026-08-26T18:13:36+00:00
104-2-EL-A571-A-1-A,104,2,人文社會科學院,EL,東亞語文學系,A571,A,大學部,1,A,韓語語法,2,選,31,31,,0,李京保,H2--201,"3,4",,,,,,,"[{""day"": 1, ""dayName"": ""星期一"", ""periods"": [""3"", ""4""], ""raw"": ""3,4""}]",外加,教室H2-201,https://course.nuk.edu.tw/QueryCourse/tcontent.asp?OpenYear=104&Helf=2&Sclass=EL&Cono=A571,2026-08-26T18:13:36+00:00
104-2-EL-B13A-A-1-A,104,2,人文社會科學院,EL,東亞語文學系,B13A,A,大學部,1,A,初級越語會話Ⅱ,2,必,30,21,,9,阮氏美香,H1--111,,,,"5,6",,,,"[{""day"": 4, ""dayName"": ""星期四"", ""periods"": [""5"", ""6""], ""raw"": ""5,6""}]",學程,教室H1-111，人文商管學程；本課程包含磨課師線上課程，學生必須加入磨課師平台參與課程教學及討論,https://course.nuk.edu.tw/QueryCourse/tcontent.asp?OpenYear=104&Helf=2&Sclass=EL&Cono=B13A,2026-08-26T18:13:36+00:00
104-2-EL-B13B-A-1-A,104,2,人文社會科學院,EL,東亞語文學系,B13B,A,大學部,1,A,初級韓語會話 Ⅱ,2,必,30,27,,3,河凡植,H1--111,,"5,6",,,,,,"[{""day"": 2, ""dayName"": ""星期二"", ""periods"": [""5"", ""6""], ""raw"": ""5,6""}]",學程,教室H1-111，人文商管學程,https://course.nuk.edu.tw/QueryCourse/tcontent.asp?OpenYear=104&Helf=2&Sclass=EL&Cono=B13B,2026-08-26T18:13:36+00:00
104-2-EL-C691-A-1-A,104,2,人文社會科學院,EL,東亞語文學系,C691,A,大學部,1,A,韓國政治概論,2,選,30,6,,24,河凡植,H2--202,"3,4",,,,,,,"[{""day"": 1, ""dayName"": ""星期一"", ""periods"": [""3"", ""4""], ""raw"": ""3,4""}]",,教室H2-202,https://course.nuk.edu.tw/QueryCourse/tcontent.asp?OpenYear=104&Helf=2&Sclass=EL&Cono=C691,2026-08-26T18:13:36+00:00
104-2-EL-A042-A-2-A,104,2,人文社會科學院,EL,東亞語文學系,A042,A,大學部,2,A,日語聽講實習Ⅱ,2,必,30,22,,8,深尾圓,H2--102,"5,6",,,,,,,"[{""day"": 1, ""dayName"": ""星期一"", ""periods"": [""5"", ""6""], ""raw"": ""5,6""}]",,教室H2-102,https://course.nuk.edu.tw/QueryCourse/tcontent.asp?OpenYear=104&Helf=2&Sclass=EL&Cono=A042,2026-08-26T18:13:36+00:00
104-2-EL-B10B-A-2-A,104,2,人文社會科學院,EL,東亞語文學系,B10B,A,大學部,2,A,中級日語 II,3,必,30,21,,9,何資宜,H2--102,,"2,3, 4",,,,,,"[{""day"": 2, ""dayName"": ""星期二"", ""periods"": [""2"", ""3"", ""4""], ""raw"": ""2,3, 4""}]",學程,教室H2-102，人文商管學程,https://course.nuk.edu.tw/QueryCourse/tcontent.asp?OpenYear=104&Helf=2&Sclass=EL&Cono=B10B,2026-08-26T18:13:36+00:00
104-2-EL-B14B-A-2-A,104,2,人文社會科學院,EL,東亞語文學系,B14B,A,大學部,2,A,中級日語會話II,2,必,30,22,,8,深尾圓,H2--102,,,"7,8",,,,,"[{""day"": 3, ""dayName"": ""星期三"", ""periods"": [""7"", ""8""], ""raw"": ""7,8""}]",,教室H2-102,https://course.nuk.edu.tw/QueryCourse/tcontent.asp?OpenYear=104&Helf=2&Sclass=EL&Cono=B14B,2026-08-26T18:13:36+00:00
104-2-EL-B16A-A-2-A,104,2,人文社會科學院,EL,東亞語文學系,B16A,A,大學部,2,A,越語聽講實習Ⅱ,2,必,25,13,,12,阮氏美香,H1--102,"3,4",,,,,,,"[{""day"": 1, ""dayName"": ""星期一"", ""periods"": [""3"", ""4""], ""raw"": ""3,4""}]",,教室H1-102,https://course.nuk.edu.tw/QueryCourse/tcontent.asp?OpenYear=104&Helf=2&Sclass=EL&Cono=B16A,2026-08-26T18:13:36+00:00
104-2-EL-B16B-A-2-A,104,2,人文社會科學院,EL,東亞語文學系,B16B,A,大學部,2,A,韓語聽講實習 Ⅱ,2,必,30,23,,7,河凡植,H2--201,,,"3,4",,,,,"[{""day"": 3, ""dayName"": ""星期三"", ""periods"": [""3"", ""4""], ""raw"": ""3,4""}]",,教室H2-201,https://course.nuk.edu.tw/QueryCourse/tcontent.asp?OpenYear=104&Helf=2&Sclass=EL&Cono=B16B,2026-08-26T18:13:36+00:00
104-2-EL-B58B-A-2-A,104,2,人文社會科學院,EL,東亞語文學系,B58B,A,大學部,2,A,進階越語語法Ⅱ,2,選,30,12,,18,陳氏蘭,H2--202,,,"7,8",,,,,"[{""day"": 3, ""dayName"": ""星期三"", ""periods"": [""7"", ""8""], ""raw"": ""7,8""}]",,教室H2-202,https://course.nuk.edu.tw/QueryCourse/tcontent.asp?OpenYear=104&Helf=2&Sclass=EL&Cono=B58B,2026-08-26T18:13:36+00:00
104-2-EL-B59B-A-2-A,104,2,人文社會科學院,EL,東亞語文學系,B59B,A,大學部,2,A,進階日語語法Ⅱ,2,選,30,19,,11,陳采玉,H2--102,,,"5,6",,,,,"[{""day"": 3, ""dayName"": ""星期三"", ""periods"": [""5"", ""6""], ""raw"": ""5,6""}]",,教室H2-102,https://course.nuk.edu.tw/QueryCourse/tcontent.asp?OpenYear=104&Helf=2&Sclass=EL&Cono=B59B,2026-08-26T18:13:36+00:00
104-2-EL-B60B-A-2-A,104,2,人文社會科學院,EL,東亞語文學系,B60B,A,大學部,2,A,進階韓語語法Ⅱ,2,選,30,23,,7,王清棟,H2--102,,,"3,4",,,,,"[{""day"": 3, ""dayName"": ""星期三"", ""periods"": [""3"", ""4""], ""raw"": ""3,4""}]",,教室H2-102,https://course.nuk.edu.tw/QueryCourse/tcontent.asp?OpenYear=104&Helf=2&Sclass=EL&Cono=B60B,2026-08-26T18:13:36+00:00
104-2-EL-C03B-A-2-A,104,2,人文社會科學院,EL,東亞語文學系,C03B,A,大學部,2,A,中級韓語Ⅱ,3,必,30,21,,9,王清棟,H2--102,,,,"2,3, 4",,,,"[{""day"": 4, ""dayName"": ""星期四"", ""periods"": [""2"", ""3"", ""4""], ""raw"": ""2,3, 4""}]",學程,人文商管學程,https://course.nuk.edu.tw/QueryCourse/tcontent.asp?OpenYear=104&Helf=2&Sclass=EL&Cono=C03B,2026-08-26T18:13:36+00:00
104-2-EL-C04B-A-2-A,104,2,人文社會科學院,EL,東亞語文學系,C04B,A,大學部,2,A,中級韓語會話 Ⅱ,2,必,30,19,,11,河凡植,H2--101,,"3,4",,,,,,"[{""day"": 2, ""dayName"": ""星期二"", ""periods"": [""3"", ""4""], ""raw"": ""3,4""}]",,教室H2-101,https://course.nuk.edu.tw/QueryCourse/tcontent.asp?OpenYear=104&Helf=2&Sclass=EL&Cono=C04B,2026-08-26T18:13:36+00:00
104-2-EL-C07B-A-2-A,104,2,人文社會科學院,EL,東亞語文學系,C07B,A,大學部,2,A,中級越語Ⅱ,3,必,30,12,,18,阮氏美香,H1--103,,,,"2,3, 4",,,,"[{""day"": 4, ""dayName"": ""星期四"", ""periods"": [""2"", ""3"", ""4""], ""raw"": ""2,3, 4""}]",學程,教室H1-103，人文商管學程,https://course.nuk.edu.tw/QueryCourse/tcontent.asp?OpenYear=104&Helf=2&Sclass=EL&Cono=C07B,2026-08-26T18:13:36+00:00
104-2-EL-C08B-A-2-A,104,2,人文社會科學院,EL,東亞語文學系,C08B,A,大學部,2,A,中級越語會話Ⅱ,2,必,30,12,,18,陳氏蘭,H2--102,,,,"5,6",,,,"[{""day"": 4, ""dayName"": ""星期四"", ""periods"": [""5"", ""6""], ""raw"": ""5,6""}]",,教室H2-102,https://course.nuk.edu.tw/QueryCourse/tcontent.asp?OpenYear=104&Helf=2&Sclass=EL&Cono=C08B,2026-08-26T18:13:36+00:00
104-2-EL-C571-A-2-A,104,2,人文社會科學院,EL,東亞語文學系,C571,A,大學部,2,A,日本企業經營管理,2,選,30,25,,5,李慧珠,H1--103,,,,,"3,4",,,"[{""day"": 5, ""dayName"": ""星期五"", ""periods"": [""3"", ""4""], ""raw"": ""3,4""}]",,教室H1-103,https://course.nuk.edu.tw/QueryCourse/tcontent.asp?OpenYear=104&Helf=2&Sclass=EL&Cono=C571,2026-08-26T18:13:36+00:00
104-2-EL-B173-A-3-A,104,2,人文社會科學院,EL,東亞語文學系,B173,A,大學部,3,A,日語習作II,2,必,30,5,,25,深尾圓,H2--201,,,"5,6",,,,,"[{""day"": 3, ""dayName"": ""星期三"", ""periods"": [""5"", ""6""], ""raw"": ""5,6""}]",,教室H2-201,https://course.nuk.edu.tw/QueryCourse/tcontent.asp?OpenYear=104&Helf=2&Sclass=EL&Cono=B173,2026-08-26T18:13:36+00:00
104-2-EL-C02B-A-3-A,104,2,人文社會科學院,EL,東亞語文學系,C02B,A,大學部,3,A,高級日語II,2,必,30,13,,17,深尾圓,H2--102,"7,8",,,,,,,"[{""day"": 1, ""dayName"": ""星期一"", ""periods"": [""7"", ""8""], ""raw"": ""7,8""}]",,教室H2-102,https://course.nuk.edu.tw/QueryCourse/tcontent.asp?OpenYear=104&Helf=2&Sclass=EL&Cono=C02B,2026-08-26T18:13:36+00:00
104-2-EL-C06B-A-3-A,104,2,人文社會科學院,EL,東亞語文學系,C06B,A,大學部,3,A,韓語習作Ⅱ,2,必,30,23,,7,李京保,H2--201,"7,8",,,,,,,"[{""day"": 1, ""dayName"": ""星期一"", ""periods"": [""7"", ""8""], ""raw"": ""7,8""}]",,教室H2-201,https://course.nuk.edu.tw/QueryCourse/tcontent.asp?OpenYear=104&Helf=2&Sclass=EL&Cono=C06B,2026-08-26T18:13:36+00:00
104-2-EL-C10B-A-3-A,104,2,人文社會科學院,EL,東亞語文學系,C10B,A,大學部,3,A,越語習作Ⅱ,2,必,30,13,,17,阮氏美香,H2--202,"7,8",,,,,,,"[{""day"": 1, ""dayName"": ""星期一"", ""periods"": [""7"", ""8""], ""raw"": ""7,8""}]",,教室H2-202,https://course.nuk.edu.tw/QueryCourse/tcontent.asp?OpenYear=104&Helf=2&Sclass=EL&Cono=C10B,2026-08-26T18:13:36+00:00
104-2-EL-C501-A-3-A,104,2,人文社會科學院,EL,東亞語文學系,C501,A,大學部,3,A,韓國新聞選讀,2,選,30,20,,10,河凡植,H1--111,"5,6",,,,,,,"[{""day"": 1, ""dayName"": ""星期一"", ""periods"": [""5"", ""6""], ""raw"": ""5,6""}]",,教室H1-111,https://course.nuk.edu.tw/QueryCourse/tcontent.asp?OpenYear=104&Helf=2&Sclass=EL&Cono=C501,2026-08-26T18:13:36+00:00
104-2-EL-C502-A-3-A,104,2,人文社會科學院,EL,東亞語文學系,C502,A,大學部,3,A,越南新聞選讀,2,選,30,10,,20,阮氏青河,H1--211,,,,"5,6",,,,"[{""day"": 4, ""dayName"": ""星期四"", ""periods"": [""5"", ""6""], ""raw"": ""5,6""}]",,,https://course.nuk.edu.tw/QueryCourse/tcontent.asp?OpenYear=104&Helf=2&Sclass=EL&Cono=C502,2026-08-26T18:13:36+00:00
104-2-EL-C591-A-3-A,104,2,人文社會科學院,EL,東亞語文學系,C591,A,大學部,3,A,日語溝通技巧,2,選,16,16,,0,何資宜,H1--109,,,,"3,4",,,,"[{""day"": 4, ""dayName"": ""星期四"", ""periods"": [""3"", ""4""], ""raw"": ""3,4""}]",,教室H1-109,https://course.nuk.edu.tw/QueryCourse/tcontent.asp?OpenYear=104&Helf=2&Sclass=EL&Cono=C591,2026-08-26T18:13:36+00:00
104-2-EL-C601-A-3-A,104,2,人文社會科學院,EL,東亞語文學系,C601,A,大學部,3,A,企業管理,2,選,40,38,,2,李慧珠,H1--103,,,,"5,6",,,,"[{""day"": 4, ""dayName"": ""星期四"", ""periods"": [""5"", ""6""], ""raw"": ""5,6""}]",,教室H1-103,https://course.nuk.edu.tw/QueryCourse/tcontent.asp?OpenYear=104&Helf=2&Sclass=EL&Cono=C601,2026-08-26T18:13:36+00:00
104-2-EL-C61B-A-3-A,104,2,人文社會科學院,EL,東亞語文學系,C61B,A,大學部,3,A,日語翻譯II,2,選,30,10,,20,森國松江,H2--202,,,,"5,6",,,,"[{""day"": 4, ""dayName"": ""星期四"", ""periods"": [""5"", ""6""], ""raw"": ""5,6""}]",,教室H2-202,https://course.nuk.edu.tw/QueryCourse/tcontent.asp?OpenYear=104&Helf=2&Sclass=EL&Cono=C61B,2026-08-26T18:13:36+00:00
104-2-EL-C62B-A-3-A,104,2,人文社會科學院,EL,東亞語文學系,C62B,A,大學部,3,A,韓語翻譯II,2,選,35,31,,4,王清棟,H2--201,,,"7,8",,,,,"[{""day"": 3, ""dayName"": ""星期三"", ""periods"": [""7"", ""8""], ""raw"": ""7,8""}]",,教室H2-201,https://course.nuk.edu.tw/QueryCourse/tcontent.asp?OpenYear=104&Helf=2&Sclass=EL&Cono=C62B,2026-08-26T18:13:36+00:00
104-2-EL-C66B-A-3-A,104,2,人文社會科學院,EL,東亞語文學系,C66B,A,大學部,3,A,高級日語會話II,2,選,30,13,,17,森國松江,H2--202,,,,"7,8",,,,"[{""day"": 4, ""dayName"": ""星期四"", ""periods"": [""7"", ""8""], ""raw"": ""7,8""}]",,教室H2-202,https://course.nuk.edu.tw/QueryCourse/tcontent.asp?OpenYear=104&Helf=2&Sclass=EL&Cono=C66B,2026-08-26T18:13:36+00:00
104-2-EL-C68B-A-3-A,104,2,人文社會科學院,EL,東亞語文學系,C68B,A,大學部,3,A,高級越語會話II,2,選,30,13,,17,阮氏青河,H1--211,,,,"7,8",,,,"[{""day"": 4, ""dayName"": ""星期四"", ""periods"": [""7"", ""8""], ""raw"": ""7,8""}]",,教室H1-211,https://course.nuk.edu.tw/QueryCourse/tcontent.asp?OpenYear=104&Helf=2&Sclass=EL&Cono=C68B,2026-08-26T18:13:36+00:00
104-2-EL-D01B-A-3-A,104,2,人文社會科學院,EL,東亞語文學系,D01B,A,大學部,3,A,高級韓語 Ⅱ,2,必,30,24,,6,王清棟,H2--201,,"5,6",,,,,,"[{""day"": 2, ""dayName"": ""星期二"", ""periods"": [""5"", ""6""], ""raw"": ""5,6""}]",,教室H2-201,https://course.nuk.edu.tw/QueryCourse/tcontent.asp?OpenYear=104&Helf=2&Sclass=EL&Cono=D01B,2026-08-26T18:13:36+00:00
104-2-EL-D02B-A-3-A,104,2,人文社會科學院,EL,東亞語文學系,D02B,A,大學部,3,A,高級越語 II,2,必,30,15,,15,陳氏蘭,H2--202,,,"5,6",,,,,"[{""day"": 3, ""dayName"": ""星期三"", ""periods"": [""5"", ""6""], ""raw"": ""5,6""}]",,教室H2-202,https://course.nuk.edu.tw/QueryCourse/tcontent.asp?OpenYear=104&Helf=2&Sclass=EL&Cono=D02B,2026-08-26T18:13:36+00:00
104-2-EL-D14B-A-4-A,104,2,人文社會科學院,EL,東亞語文學系,D14B,A,大學部,4,A,日本專題研究Ⅱ,3,必,20,15,,5,陳志文 何資宜 深尾圓,H2--102,,,,,"5,6, 7",,,"[{""day"": 5, ""dayName"": ""星期五"", ""periods"": [""5"", ""6"", ""7""], ""raw"": ""5,6, 7""}]",,教室H2-102,https://course.nuk.edu.tw/QueryCourse/tcontent.asp?OpenYear=104&Helf=2&Sclass=EL&Cono=D14B,2026-08-26T18:13:36+00:00
104-2-EL-D15B-A-4-A,104,2,人文社會科學院,EL,東亞語文學系,D15B,A,大學部,4,A,韓國專題研究Ⅱ,3,必,20,17,,3,李京保 河凡植 王清棟,H2--201,,,,,"5,6, 7",,,"[{""day"": 5, ""dayName"": ""星期五"", ""periods"": [""5"", ""6"", ""7""], ""raw"": ""5,6, 7""}]",,教室H2-201,https://course.nuk.edu.tw/QueryCourse/tcontent.asp?OpenYear=104&Helf=2&Sclass=EL&Cono=D15B,2026-08-26T18:13:36+00:00
104-2-EL-D16B-A-4-A,104,2,人文社會科學院,EL,東亞語文學系,D16B,A,大學部,4,A,越南專題研究Ⅱ,3,必,20,13,,7,阮氏美香 陳氏蘭,H2--202,,,,,"5,6, 7",,,"[{""day"": 5, ""dayName"": ""星期五"", ""periods"": [""5"", ""6"", ""7""], ""raw"": ""5,6, 7""}]",,教室H2-202,https://course.nuk.edu.tw/QueryCourse/tcontent.asp?OpenYear=104&Helf=2&Sclass=EL&Cono=D16B,2026-08-26T18:13:36+00:00
104-2-EL-D500-A-4-A,104,2,人文社會科學院,EL,東亞語文學系,D500,A,大學部,4,A,教學實務演練(東亞語文學系),0,選,7,7,,0,李京保,,,X,,,,,,"[{""day"": 2, ""dayName"": ""星期二"", ""periods"": [""X""], ""raw"": ""X""}]",外加,指定加簽，申請擔任學習型兼任教學助理之學生必須修習本課程。,https://course.nuk.edu.tw/QueryCourse/tcontent.asp?OpenYear=104&Helf=2&Sclass=EL&Cono=D500,2026-08-26T18:13:36+00:00
104-2-EL-D50F-A-4-A,104,2,人文社會科學院,EL,東亞語文學系,D50F,A,大學部,4,A,韓語口譯 II,2,選,25,12,,13,王清棟,H1--111,,,"5,6",,,,,"[{""day"": 3, ""dayName"": ""星期三"", ""periods"": [""5"", ""6""], ""raw"": ""5,6""}]",,教室H1-111,https://course.nuk.edu.tw/QueryCourse/tcontent.asp?OpenYear=104&Helf=2&Sclass=EL&Cono=D50F,2026-08-26T18:13:36+00:00
104-2-EL-D57B-A-4-A,104,2,人文社會科學院,EL,東亞語文學系,D57B,A,大學部,4,A,韓國社會概論II,2,選,30,8,,22,河凡植,H1--111,,"7,8",,,,,,"[{""day"": 2, ""dayName"": ""星期二"", ""periods"": [""7"", ""8""], ""raw"": ""7,8""}]",,教室H1-111，遠距教學,https://course.nuk.edu.tw/QueryCourse/tcontent.asp?OpenYear=104&Helf=2&Sclass=EL&Cono=D57B,2026-08-26T18:13:36+00:00
104-2-EL-D600-A-4-A,104,2,人文社會科學院,EL,東亞語文學系,D600,A,大學部,4,A,勞資關係法制與實用,2,選,40,17,,23,馬翠華,H1--103,,,"7,8",,,,,"[{""day"": 3, ""dayName"": ""星期三"", ""periods"": [""7"", ""8""], ""raw"": ""7,8""}]",限修,教室H1-103,https://course.nuk.edu.tw/QueryCourse/tcontent.asp?OpenYear=104&Helf=2&Sclass=EL&Cono=D600,2026-08-26T18:13:36+00:00
104-2-EL-D631-A-4-A,104,2,人文社會科學院,EL,東亞語文學系,D631,A,大學部,4,A,日語教學法,2,選,18,15,,3,何資宜 業界教師,H2--202,,,"3,4",,,,,"[{""day"": 3, ""dayName"": ""星期三"", ""periods"": [""3"", ""4""], ""raw"": ""3,4""}]",外加,教室H2-202,https://course.nuk.edu.tw/QueryCourse/tcontent.asp?OpenYear=104&Helf=2&Sclass=EL&Cono=D631,2026-08-26T18:13:36+00:00
104-2-EL-D632-A-4-A,104,2,人文社會科學院,EL,東亞語文學系,D632,A,大學部,4,A,越語教學法,2,選,30,12,,18,阮氏美香,H2--202,"5,6",,,,,,,"[{""day"": 1, ""dayName"": ""星期一"", ""periods"": [""5"", ""6""], ""raw"": ""5,6""}]",,教室H2-202,https://course.nuk.edu.tw/QueryCourse/tcontent.asp?OpenYear=104&Helf=2&Sclass=EL&Cono=D632,2026-08-26T18:13:36+00:00
104-2-KH-A114-A-1-A,104,2,人文社會科學院,KH,運動健康與休閒學系,A114,A,大學部,1,A,環境健康學,2,必,66,66,,0,白秀華 徐爾烈,H1--104,,,"3,4",,,,,"[{""day"": 3, ""dayName"": ""星期三"", ""periods"": [""3"", ""4""], ""raw"": ""3,4""}]",限修及外加,核心必修,https://course.nuk.edu.tw/QueryCourse/tcontent.asp?OpenYear=104&Helf=2&Sclass=KH&Cono=A114,2026-08-26T18:13:36+00:00
104-2-KH-A19B-A-1-A,104,2,人文社會科學院,KH,運動健康與休閒學系,A19B,A,大學部,1,A,人體解剖生理學(2),2,必,70,66,,4,劉紹東,H1--104,,,,,"5,6",,,"[{""day"": 5, ""dayName"": ""星期五"", ""periods"": [""5"", ""6""], ""raw"": ""5,6""}]",限修及外加 學程,核心必修/外語觀光醫療學程,https://course.nuk.edu.tw/QueryCourse/tcontent.asp?OpenYear=104&Helf=2&Sclass=KH&Cono=A19B,2026-08-26T18:13:36+00:00
104-2-KH-A517-A-1-A,104,2,人文社會科學院,KH,運動健康與休閒學系,A517,A,大學部,1,A,運動動作控制,2,選,51,43,,8,張志成,H1--105,,"3,4",,,,,,"[{""day"": 2, ""dayName"": ""星期二"", ""periods"": [""3"", ""4""], ""raw"": ""3,4""}]",限修及外加,運動健康促進學群,https://course.nuk.edu.tw/QueryCourse/tcontent.asp?OpenYear=104&Helf=2&Sclass=KH&Cono=A517,2026-08-26T18:13:36+00:00
104-2-KH-A551-A-1-A,104,2,人文社會科學院,KH,運動健康與休閒學系,A551,A,大學部,1,A,休閒與遊憩學,3,選,54,45,,9,潘明珠,H1--105,,,,"2,3, 4",,,,"[{""day"": 4, ""dayName"": ""星期四"", ""periods"": [""2"", ""3"", ""4""], ""raw"": ""2,3, 4""}]",限修及外加 學程,休閒健康促進學群/外語導遊人才培育學程/外語觀光醫療學程,https://course.nuk.edu.tw/QueryCourse/tcontent.asp?OpenYear=104&Helf=2&Sclass=KH&Cono=A551,2026-08-26T18:13:36+00:00
104-2-KH-A552-A-1-A,104,2,人文社會科學院,KH,運動健康與休閒學系,A552,A,大學部,1,A,休閒社會學,3,選,52,36,,16,莊淑姿,H1--106,"2,3, 4",,,,,,,"[{""day"": 1, ""dayName"": ""星期一"", ""periods"": [""2"", ""3"", ""4""], ""raw"": ""2,3, 4""}]",限修及外加,休閒健康促進學群,https://course.nuk.edu.tw/QueryCourse/tcontent.asp?OpenYear=104&Helf=2&Sclass=KH&Cono=A552,2026-08-26T18:13:36+00:00
104-2-KH-A554-A-1-A,104,2,人文社會科學院,KH,運動健康與休閒學系,A554,A,大學部,1,A,休閒、文化與活動,3,選,53,53,,0,莊淑姿,H1--106,,,,,"2,3, 4",,,"[{""day"": 5, ""dayName"": ""星期五"", ""periods"": [""2"", ""3"", ""4""], ""raw"": ""2,3, 4""}]",限修及外加,休閒健康促進學群,https://course.nuk.edu.tw/QueryCourse/tcontent.asp?OpenYear=104&Helf=2&Sclass=KH&Cono=A554,2026-08-26T18:13:36+00:00
104-2-KH-A561-A-1-A,104,2,人文社會科學院,KH,運動健康與休閒學系,A561,A,大學部,1,A,適應體育,2,選,50,12,,38,李福恩,K01-202,,"3,4",,,,,,"[{""day"": 2, ""dayName"": ""星期二"", ""periods"": [""3"", ""4""], ""raw"": ""3,4""}]",限修,休閒健康促進學群,https://course.nuk.edu.tw/QueryCourse/tcontent.asp?OpenYear=104&Helf=2&Sclass=KH&Cono=A561,2026-08-26T18:13:36+00:00
104-2-KH-B181-A-1-A,104,2,人文社會科學院,KH,運動健康與休閒學系,B181,A,大學部,1,A,普通心理學,2,必,68,68,,0,陳詢榮,H1--104,,"5,6",,,,,,"[{""day"": 2, ""dayName"": ""星期二"", ""periods"": [""5"", ""6""], ""raw"": ""5,6""}]",限修及外加,核心必修,https://course.nuk.edu.tw/QueryCourse/tcontent.asp?OpenYear=104&Helf=2&Sclass=KH&Cono=B181,2026-08-26T18:13:36+00:00
104-2-KH-B213-A-2-A,104,2,人文社會科學院,KH,運動健康與休閒學系,B213,A,大學部,2,A,健康行為科學,2,必,68,67,,1,陳詢榮,H1--104,,"3,4",,,,,,"[{""day"": 2, ""dayName"": ""星期二"", ""periods"": [""3"", ""4""], ""raw"": ""3,4""}]",限修及外加,核心必修,https://course.nuk.edu.tw/QueryCourse/tcontent.asp?OpenYear=104&Helf=2&Sclass=KH&Cono=B213,2026-08-26T18:13:36+00:00
104-2-KH-B222-A-2-A,104,2,人文社會科學院,KH,運動健康與休閒學系,B222,A,大學部,2,A,健康飲食,2,必,71,65,,6,吳佩芳,K01-202,,,,"3,4",,,,"[{""day"": 4, ""dayName"": ""星期四"", ""periods"": [""3"", ""4""], ""raw"": ""3,4""}]",限修及外加,核心必修,https://course.nuk.edu.tw/QueryCourse/tcontent.asp?OpenYear=104&Helf=2&Sclass=KH&Cono=B222,2026-08-26T18:13:36+00:00
104-2-KH-B502-A-2-A,104,2,人文社會科學院,KH,運動健康與休閒學系,B502,A,大學部,2,A,人類生殖生理概論,2,選,51,34,,17,劉紹東,H1--105,,,"3,4",,,,,"[{""day"": 3, ""dayName"": ""星期三"", ""periods"": [""3"", ""4""], ""raw"": ""3,4""}]",限修及外加,運動健康促進學群,https://course.nuk.edu.tw/QueryCourse/tcontent.asp?OpenYear=104&Helf=2&Sclass=KH&Cono=B502,2026-08-26T18:13:36+00:00
104-2-KH-B552-A-2-A,104,2,人文社會科學院,KH,運動健康與休閒學系,B552,A,大學部,2,A,旅遊規劃實務,2,選,50,32,,18,李福恩,K01-202,,,"3,4",,,,,"[{""day"": 3, ""dayName"": ""星期三"", ""periods"": [""3"", ""4""], ""raw"": ""3,4""}]",限修 學程,休閒健康促進學群/外語導遊人才培育學程,https://course.nuk.edu.tw/QueryCourse/tcontent.asp?OpenYear=104&Helf=2&Sclass=KH&Cono=B552,2026-08-26T18:13:36+00:00
104-2-KH-B574-A-2-A,104,2,人文社會科學院,KH,運動健康與休閒學系,B574,A,大學部,2,A,旅遊英語-中級,2,選,58,47,,11,陳信智,B01-107,,,"9,10",,,,,"[{""day"": 3, ""dayName"": ""星期三"", ""periods"": [""9"", ""10""], ""raw"": ""9,10""}]",限修及外加,休閒健康促進學群,https://course.nuk.edu.tw/QueryCourse/tcontent.asp?OpenYear=104&Helf=2&Sclass=KH&Cono=B574,2026-08-26T18:13:36+00:00
104-2-KH-B582-A-2-A,104,2,人文社會科學院,KH,運動健康與休閒學系,B582,A,大學部,2,A,導遊與領隊實務,2,選,52,49,,3,謝文潔,H1--104,,,,,"1,2",,,"[{""day"": 5, ""dayName"": ""星期五"", ""periods"": [""1"", ""2""], ""raw"": ""1,2""}]",限修及外加 學程,休閒健康促進學群/外語導遊人才培育學程/謝文潔老師,https://course.nuk.edu.tw/QueryCourse/tcontent.asp?OpenYear=104&Helf=2&Sclass=KH&Cono=B582,2026-08-26T18:13:36+00:00
104-2-KH-B583-A-2-A,104,2,人文社會科學院,KH,運動健康與休閒學系,B583,A,大學部,2,A,行銷管理,3,選,56,55,,1,潘明珠,H1--106,,"5,6, 7",,,,,,"[{""day"": 2, ""dayName"": ""星期二"", ""periods"": [""5"", ""6"", ""7""], ""raw"": ""5,6, 7""}]",限修及外加,核心選修,https://course.nuk.edu.tw/QueryCourse/tcontent.asp?OpenYear=104&Helf=2&Sclass=KH&Cono=B583,2026-08-26T18:13:36+00:00
104-2-KH-B593-A-2-A,104,2,人文社會科學院,KH,運動健康與休閒學系,B593,A,大學部,2,A,運動生理學,3,選,58,58,,0,吳佩芳,K01-202,,,,"5,6, 7",,,,"[{""day"": 4, ""dayName"": ""星期四"", ""periods"": [""5"", ""6"", ""7""], ""raw"": ""5,6, 7""}]",限修及外加,運動健康促進學群,https://course.nuk.edu.tw/QueryCourse/tcontent.asp?OpenYear=104&Helf=2&Sclass=KH&Cono=B593,2026-08-26T18:13:36+00:00
104-2-KH-B594-A-2-A,104,2,人文社會科學院,KH,運動健康與休閒學系,B594,A,大學部,2,A,運動生理學實驗,1,選,35,20,,15,吳佩芳,K01-201,,,,"8,9",,,,"[{""day"": 4, ""dayName"": ""星期四"", ""periods"": [""8"", ""9""], ""raw"": ""8,9""}]",限修,運動健康促進學群,https://course.nuk.edu.tw/QueryCourse/tcontent.asp?OpenYear=104&Helf=2&Sclass=KH&Cono=B594,2026-08-26T18:13:36+00:00
104-2-KH-B654-A-2-A,104,2,人文社會科學院,KH,運動健康與休閒學系,B654,A,大學部,2,A,運動休閒消費者行為,2,選,44,23,,21,張景弘,H1--105,,,,,"3,4",,,"[{""day"": 5, ""dayName"": ""星期五"", ""periods"": [""3"", ""4""], ""raw"": ""3,4""}]",限修及外加,核心選修,https://course.nuk.edu.tw/QueryCourse/tcontent.asp?OpenYear=104&Helf=2&Sclass=KH&Cono=B654,2026-08-26T18:13:36+00:00
104-2-KH-B661-A-2-A,104,2,人文社會科學院,KH,運動健康與休閒學系,B661,A,大學部,2,A,老人健康促進,2,選,50,30,,20,章順仁,H1--105,"3,4",,,,,,,"[{""day"": 1, ""dayName"": ""星期一"", ""periods"": [""3"", ""4""], ""raw"": ""3,4""}]",限修,核心選修,https://course.nuk.edu.tw/QueryCourse/tcontent.asp?OpenYear=104&Helf=2&Sclass=KH&Cono=B661,2026-08-26T18:13:36+00:00
104-2-KH-B671-A-2-A,104,2,人文社會科學院,KH,運動健康與休閒學系,B671,A,大學部,2,A,重量訓練,2,選,50,46,,4,李福恩,H1--104,,,"7,8",,,,,"[{""day"": 3, ""dayName"": ""星期三"", ""periods"": [""7"", ""8""], ""raw"": ""7,8""}]",限修,運動健康促進學群,https://course.nuk.edu.tw/QueryCourse/tcontent.asp?OpenYear=104&Helf=2&Sclass=KH&Cono=B671,2026-08-26T18:13:36+00:00
104-2-KH-A511-A-3-A,104,2,人文社會科學院,KH,運動健康與休閒學系,A511,A,大學部,3,A,休閒文獻選讀,3,選,50,16,,34,莊淑姿,H1--106,,"2,3, 4",,,,,,"[{""day"": 2, ""dayName"": ""星期二"", ""periods"": [""2"", ""3"", ""4""], ""raw"": ""2,3, 4""}]",限修,休閒健康促進學群,https://course.nuk.edu.tw/QueryCourse/tcontent.asp?OpenYear=104&Helf=2&Sclass=KH&Cono=A511,2026-08-26T18:13:36+00:00
104-2-KH-B542-A-3-A,104,2,人文社會科學院,KH,運動健康與休閒學系,B542,A,大學部,3,A,戶外遊憩管理與實務,3,選,51,19,,32,潘明珠,H1--104,,,,"7,8, 9",,,,"[{""day"": 4, ""dayName"": ""星期四"", ""periods"": [""7"", ""8"", ""9""], ""raw"": ""7,8, 9""}]",限修及外加,休閒健康促進學群,https://course.nuk.edu.tw/QueryCourse/tcontent.asp?OpenYear=104&Helf=2&Sclass=KH&Cono=B542,2026-08-26T18:13:36+00:00
104-2-KH-B551-A-3-A,104,2,人文社會科學院,KH,運動健康與休閒學系,B551,A,大學部,3,A,生態旅遊,3,選,30,25,,5,張景弘,H1--106,,,"5,6, 7",,,,,"[{""day"": 3, ""dayName"": ""星期三"", ""periods"": [""5"", ""6"", ""7""], ""raw"": ""5,6, 7""}]",限修,休閒健康促進學群,https://course.nuk.edu.tw/QueryCourse/tcontent.asp?OpenYear=104&Helf=2&Sclass=KH&Cono=B551,2026-08-26T18:13:36+00:00
104-2-KH-B612-A-3-A,104,2,人文社會科學院,KH,運動健康與休閒學系,B612,A,大學部,3,A,運動產業分析,2,選,50,12,,38,張景弘,H1--105,,,,,"5,6",,,"[{""day"": 5, ""dayName"": ""星期五"", ""periods"": [""5"", ""6""], ""raw"": ""5,6""}]",限修,運動健康促進學群,https://course.nuk.edu.tw/QueryCourse/tcontent.asp?OpenYear=104&Helf=2&Sclass=KH&Cono=B612,2026-08-26T18:13:36+00:00
104-2-KH-C102-A-3-A,104,2,人文社會科學院,KH,運動健康與休閒學系,C102,A,大學部,3,A,健康促進理論與實務,3,必,60,54,,6,白秀華,H1--104,,,,"2,3, 4",,,,"[{""day"": 4, ""dayName"": ""星期四"", ""periods"": [""2"", ""3"", ""4""], ""raw"": ""2,3, 4""}]",限修及外加,核心必修,https://course.nuk.edu.tw/QueryCourse/tcontent.asp?OpenYear=104&Helf=2&Sclass=KH&Cono=C102,2026-08-26T18:13:36+00:00
104-2-KH-C541-A-3-A,104,2,人文社會科學院,KH,運動健康與休閒學系,C541,A,大學部,3,A,徒手肌肉測試,2,選,50,12,,38,劉紹東 業界教師,H1--104,,,,"5,6",,,,"[{""day"": 4, ""dayName"": ""星期四"", ""periods"": [""5"", ""6""], ""raw"": ""5,6""}]",先修 限修,運動健康促進學群,https://course.nuk.edu.tw/QueryCourse/tcontent.asp?OpenYear=104&Helf=2&Sclass=KH&Cono=C541,2026-08-26T18:13:36+00:00
104-2-KH-C552-A-3-A,104,2,人文社會科學院,KH,運動健康與休閒學系,C552,A,大學部,3,A,運動處方,2,選,53,30,,23,張志成 業界教師,H1--104,"1,2",,,,,,,"[{""day"": 1, ""dayName"": ""星期一"", ""periods"": [""1"", ""2""], ""raw"": ""1,2""}]",限修及外加,運動健康促進學群,https://course.nuk.edu.tw/QueryCourse/tcontent.asp?OpenYear=104&Helf=2&Sclass=KH&Cono=C552,2026-08-26T18:13:36+00:00
104-2-KH-C597-A-3-A,104,2,人文社會科學院,KH,運動健康與休閒學系,C597,A,大學部,3,A,休閒政策與法規,2,選,50,36,,14,謝文潔,H1--104,,,,,"3,4",,,"[{""day"": 5, ""dayName"": ""星期五"", ""periods"": [""3"", ""4""], ""raw"": ""3,4""}]",限修,休閒健康促進學群/謝文潔老師,https://course.nuk.edu.tw/QueryCourse/tcontent.asp?OpenYear=104&Helf=2&Sclass=KH&Cono=C597,2026-08-26T18:13:36+00:00
104-2-KH-C604-A-3-A,104,2,人文社會科學院,KH,運動健康與休閒學系,C604,A,大學部,3,A,健身運動心理學,2,選,50,15,,35,張志成,H1--105,,"6,7",,,,,,"[{""day"": 2, ""dayName"": ""星期二"", ""periods"": [""6"", ""7""], ""raw"": ""6,7""}]",限修,運動健康促進學群,https://course.nuk.edu.tw/QueryCourse/tcontent.asp?OpenYear=104&Helf=2&Sclass=KH&Cono=C604,2026-08-26T18:13:36+00:00
104-2-KH-C605-A-3-A,104,2,人文社會科學院,KH,運動健康與休閒學系,C605,A,大學部,3,A,特殊族群之健康與文化,2,選,50,12,,38,章順仁,H1--210,,,"3,4",,,,,"[{""day"": 3, ""dayName"": ""星期三"", ""periods"": [""3"", ""4""], ""raw"": ""3,4""}]",限修,核心選修,https://course.nuk.edu.tw/QueryCourse/tcontent.asp?OpenYear=104&Helf=2&Sclass=KH&Cono=C605,2026-08-26T18:13:36+00:00
104-2-KH-C623-A-3-A,104,2,人文社會科學院,KH,運動健康與休閒學系,C623,A,大學部,3,A,網球,2,選,50,29,,21,張志成,網球場,"8,9",,,,,,,"[{""day"": 1, ""dayName"": ""星期一"", ""periods"": [""8"", ""9""], ""raw"": ""8,9""}]",限修,運動健康促進學群，網球場,https://course.nuk.edu.tw/QueryCourse/tcontent.asp?OpenYear=104&Helf=2&Sclass=KH&Cono=C623,2026-08-26T18:13:36+00:00
104-2-KH-C625-A-3-A,104,2,人文社會科學院,KH,運動健康與休閒學系,C625,A,大學部,3,A,游泳與水上安全救生,2,選,15,8,,7,李福恩,K01-202,,"6,7",,,,,,"[{""day"": 2, ""dayName"": ""星期二"", ""periods"": [""6"", ""7""], ""raw"": ""6,7""}]",限修,運動健康促進學群,https://course.nuk.edu.tw/QueryCourse/tcontent.asp?OpenYear=104&Helf=2&Sclass=KH&Cono=C625,2026-08-26T18:13:36+00:00
104-2-KH-C632-A-3-A,104,2,人文社會科學院,KH,運動健康與休閒學系,C632,A,大學部,3,A,研究方法,3,選,52,8,,44,章順仁,H1--105,"5,6, 7",,,,,,,"[{""day"": 1, ""dayName"": ""星期一"", ""periods"": [""5"", ""6"", ""7""], ""raw"": ""5,6, 7""}]",限修及外加,核心選修,https://course.nuk.edu.tw/QueryCourse/tcontent.asp?OpenYear=104&Helf=2&Sclass=KH&Cono=C632,2026-08-26T18:13:36+00:00
104-2-KH-C682-A-3-A,104,2,人文社會科學院,KH,運動健康與休閒學系,C682,A,大學部,3,A,體重控制,2,選,30,26,,4,吳佩芳,K01-202,"3,4",,,,,,,"[{""day"": 1, ""dayName"": ""星期一"", ""periods"": [""3"", ""4""], ""raw"": ""3,4""}]",限修及外加,核心選修,https://course.nuk.edu.tw/QueryCourse/tcontent.asp?OpenYear=104&Helf=2&Sclass=KH&Cono=C682,2026-08-26T18:13:36+00:00
104-2-KH-C684-A-3-A,104,2,人文社會科學院,KH,運動健康與休閒學系,C684,A,大學部,3,A,健康資訊與應用,2,選,50,6,,44,章順仁,L01-107,,"3,4",,,,,,"[{""day"": 2, ""dayName"": ""星期二"", ""periods"": [""3"", ""4""], ""raw"": ""3,4""}]",限修,核心選修,https://course.nuk.edu.tw/QueryCourse/tcontent.asp?OpenYear=104&Helf=2&Sclass=KH&Cono=C684,2026-08-26T18:13:36+00:00
104-2-KH-D582-A-3-A,104,2,人文社會科學院,KH,運動健康與休閒學系,D582,A,大學部,3,A,團體動力學,2,選,50,14,,36,陳詢榮,H1--104,"3,4",,,,,,,"[{""day"": 1, ""dayName"": ""星期一"", ""periods"": [""3"", ""4""], ""raw"": ""3,4""}]",限修 學程,核心選修/外語導遊人才培育學程,https://course.nuk.edu.tw/QueryCourse/tcontent.asp?OpenYear=104&Helf=2&Sclass=KH&Cono=D582,2026-08-26T18:13:36+00:00
104-2-KH-D022-A-4-A,104,2,人文社會科學院,KH,運動健康與休閒學系,D022,A,大學部,4,A,產業實習,3,必,57,57,,0,張志成,H1--106,,,"2,3, 4",,,,,"[{""day"": 3, ""dayName"": ""星期三"", ""periods"": [""2"", ""3"", ""4""], ""raw"": ""2,3, 4""}]",限修,核心必修,https://course.nuk.edu.tw/QueryCourse/tcontent.asp?OpenYear=104&Helf=2&Sclass=KH&Cono=D022,2026-08-26T18:13:36+00:00
104-2-KH-D523-A-4-A,104,2,人文社會科學院,KH,運動健康與休閒學系,D523,A,大學部,4,A,健身運動訓練,2,選,52,31,,21,李福恩,H1--104,,,"5,6",,,,,"[{""day"": 3, ""dayName"": ""星期三"", ""periods"": [""5"", ""6""], ""raw"": ""5,6""}]",限修及外加,運動健康促進學群,https://course.nuk.edu.tw/QueryCourse/tcontent.asp?OpenYear=104&Helf=2&Sclass=KH&Cono=D523,2026-08-26T18:13:36+00:00
104-2-KH-D591-A-4-A,104,2,人文社會科學院,KH,運動健康與休閒學系,D591,A,大學部,4,A,職場壓力管理,2,選,50,30,,20,陳詢榮,H1--104,"5,6",,,,,,,"[{""day"": 1, ""dayName"": ""星期一"", ""periods"": [""5"", ""6""], ""raw"": ""5,6""}]",限修,運動健康促進學群/休閒健康促進學群,https://course.nuk.edu.tw/QueryCourse/tcontent.asp?OpenYear=104&Helf=2&Sclass=KH&Cono=D591,2026-08-26T18:13:36+00:00
104-2-KH-D601-A-4-A,104,2,人文社會科學院,KH,運動健康與休閒學系,D601,A,大學部,4,A,運動與健康專業英文,2,選,50,32,,18,劉紹東,H1--106,,,,"3,4",,,,"[{""day"": 4, ""dayName"": ""星期四"", ""periods"": [""3"", ""4""], ""raw"": ""3,4""}]",限修,運動健康促進學群,https://course.nuk.edu.tw/QueryCourse/tcontent.asp?OpenYear=104&Helf=2&Sclass=KH&Cono=D601,2026-08-26T18:13:36+00:00
104-2-KH-D703-A-4-A,104,2,人文社會科學院,KH,運動健康與休閒學系,D703,A,大學部,4,A,觀光飯店經營與管理實務,0,選,30,10,,20,張志成,H1--104,,,,,,"2,3, 4",,"[{""day"": 6, ""dayName"": ""星期六"", ""periods"": [""2"", ""3"", ""4""], ""raw"": ""2,3, 4""}]",限修 學程,隸屬觀光飯店經營與管理學程,https://course.nuk.edu.tw/QueryCourse/tcontent.asp?OpenYear=104&Helf=2&Sclass=KH&Cono=D703,2026-08-26T18:13:36+00:00
104-2-KH-D704-A-4-A,104,2,人文社會科學院,KH,運動健康與休閒學系,D704,A,大學部,4,A,共通核心職能課程,0,選,30,10,,20,張志成,H1--104,,,,,,"5,6, 7",,"[{""day"": 6, ""dayName"": ""星期六"", ""periods"": [""5"", ""6"", ""7""], ""raw"": ""5,6, 7""}]",限修 學程,隸屬觀光飯店經營與管理學程,https://course.nuk.edu.tw/QueryCourse/tcontent.asp?OpenYear=104&Helf=2&Sclass=KH&Cono=D704,2026-08-26T18:13:36+00:00
104-2-KH-T00B-L-1-,104,2,人文社會科學院,KH,運動健康與休閒學系,T00B,L,碩士在職專班,1,,專題討論(二),2,必,12,11,,1,白秀華,H1--209,,,"10,11",,,,,"[{""day"": 3, ""dayName"": ""星期三"", ""periods"": [""10"", ""11""], ""raw"": ""10,11""}]",限修,,https://course.nuk.edu.tw/QueryCourse/tcontent.asp?OpenYear=104&Helf=2&Sclass=KH&Cono=T00B,2026-08-26T18:13:36+00:00
104-2-KH-T502-L-1-,104,2,人文社會科學院,KH,運動健康與休閒學系,T502,L,碩士在職專班,1,,運動心理學特論,3,選,12,7,,5,張志成,H1--104,,"10,11, 12",,,,,,"[{""day"": 2, ""dayName"": ""星期二"", ""periods"": [""10"", ""11"", ""12""], ""raw"": ""10,11, 12""}]",限修,運動知能專業課程,https://course.nuk.edu.tw/QueryCourse/tcontent.asp?OpenYear=104&Helf=2&Sclass=KH&Cono=T502,2026-08-26T18:13:36+00:00
104-2-KH-T503-L-1-,104,2,人文社會科學院,KH,運動健康與休閒學系,T503,L,碩士在職專班,1,,身體活動與健康特論,3,選,12,8,,4,吳佩芳,H1--104,"10,11, 12",,,,,,,"[{""day"": 1, ""dayName"": ""星期一"", ""periods"": [""10"", ""11"", ""12""], ""raw"": ""10,11, 12""}]",限修,運動知能專業課程,https://course.nuk.edu.tw/QueryCourse/tcontent.asp?OpenYear=104&Helf=2&Sclass=KH&Cono=T503,2026-08-26T18:13:36+00:00
104-2-KH-T505-L-1-,104,2,人文社會科學院,KH,運動健康與休閒學系,T505,L,碩士在職專班,1,,健康促進特論,3,選,12,10,,2,白秀華 章順仁,H1--209,,,,"10,11, 12",,,,"[{""day"": 4, ""dayName"": ""星期四"", ""periods"": [""10"", ""11"", ""12""], ""raw"": ""10,11, 12""}]",限修,健康促進專業課程,https://course.nuk.edu.tw/QueryCourse/tcontent.asp?OpenYear=104&Helf=2&Sclass=KH&Cono=T505,2026-08-26T18:13:36+00:00
104-2-KH-T506-L-1-,104,2,人文社會科學院,KH,運動健康與休閒學系,T506,L,碩士在職專班,1,,休閒心理學特論,3,選,12,5,,7,陳詢榮,H1--209,,"10,11, 12",,,,,,"[{""day"": 2, ""dayName"": ""星期二"", ""periods"": [""10"", ""11"", ""12""], ""raw"": ""10,11, 12""}]",限修,休閒遊憩專業課程,https://course.nuk.edu.tw/QueryCourse/tcontent.asp?OpenYear=104&Helf=2&Sclass=KH&Cono=T506,2026-08-26T18:13:36+00:00
104-2-KH-U002-L-2-,104,2,人文社會科學院,KH,運動健康與休閒學系,U002,L,碩士在職專班,2,,碩士論文(二),3,必,12,10,,2,潘明珠 吳佩芳 張志成 莊淑姿 劉紹東 白秀華 章順仁,H1--104,,,"10,11, 12",,,,,"[{""day"": 3, ""dayName"": ""星期三"", ""periods"": [""10"", ""11"", ""12""], ""raw"": ""10,11, 12""}]",限修,,https://course.nuk.edu.tw/QueryCourse/tcontent.asp?OpenYear=104&Helf=2&Sclass=KH&Cono=U002,2026-08-26T18:13:36+00:00
104-2-KH-F013-M-1-,104,2,人文社會科學院,KH,運動健康與休閒學系,F013,M,碩士班,1,,專題討論(二),1,必,12,10,,2,白秀華,H1--209,,,6,,,,,"[{""day"": 3, ""dayName"": ""星期三"", ""periods"": [""6""], ""raw"": ""6""}]",限修,,https://course.nuk.edu.tw/QueryCourse/tcontent.asp?OpenYear=104&Helf=2&Sclass=KH&Cono=F013,2026-08-26T18:13:36+00:00
104-2-KH-F032-M-1-,104,2,人文社會科學院,KH,運動健康與休閒學系,F032,M,碩士班,1,,運動健康與休閒專題講座,2,必,12,10,,2,白秀華,H1--209,,,,"6,7",,,,"[{""day"": 4, ""dayName"": ""星期四"", ""periods"": [""6"", ""7""], ""raw"": ""6,7""}]",限修,,https://course.nuk.edu.tw/QueryCourse/tcontent.asp?OpenYear=104&Helf=2&Sclass=KH&Cono=F032,2026-08-26T18:13:36+00:00
104-2-KH-F500-M-1-,104,2,人文社會科學院,KH,運動健康與休閒學系,F500,M,碩士班,1,,教學實務演練(運動健康與休閒學系),0,選,9,9,,0,章順仁,,,X,,,,,,"[{""day"": 2, ""dayName"": ""星期二"", ""periods"": [""X""], ""raw"": ""X""}]",外加,指定加簽，申請擔任學習型兼任教學助理之學生必須修習本課程。,https://course.nuk.edu.tw/QueryCourse/tcontent.asp?OpenYear=104&Helf=2&Sclass=KH&Cono=F500,2026-08-26T18:13:36+00:00
104-2-KH-F515-M-1-,104,2,人文社會科學院,KH,運動健康與休閒學系,F515,M,碩士班,1,,運動選手培訓制度專論,3,選,12,6,,6,李福恩,H1--209,"5,6, 7",,,,,,,"[{""day"": 1, ""dayName"": ""星期一"", ""periods"": [""5"", ""6"", ""7""], ""raw"": ""5,6, 7""}]",限修,,https://course.nuk.edu.tw/QueryCourse/tcontent.asp?OpenYear=104&Helf=2&Sclass=KH&Cono=F515,2026-08-26T18:13:36+00:00
104-2-KH-F519-M-1-,104,2,人文社會科學院,KH,運動健康與休閒學系,F519,M,碩士班,1,,運動行銷專題研究,3,選,12,8,,4,張景弘,H1--209,,"5,6, 7",,,,,,"[{""day"": 2, ""dayName"": ""星期二"", ""periods"": [""5"", ""6"", ""7""], ""raw"": ""5,6, 7""}]",限修,,https://course.nuk.edu.tw/QueryCourse/tcontent.asp?OpenYear=104&Helf=2&Sclass=KH&Cono=F519,2026-08-26T18:13:36+00:00
104-2-KH-F561-M-1-,104,2,人文社會科學院,KH,運動健康與休閒學系,F561,M,碩士班,1,,質性研究-休閒及文化分析,3,選,12,4,,8,莊淑姿,H1--209,,,"2,3, 4",,,,,"[{""day"": 3, ""dayName"": ""星期三"", ""periods"": [""2"", ""3"", ""4""], ""raw"": ""2,3, 4""}]",限修,,https://course.nuk.edu.tw/QueryCourse/tcontent.asp?OpenYear=104&Helf=2&Sclass=KH&Cono=F561,2026-08-26T18:13:36+00:00
104-2-KH-F571-M-1-,104,2,人文社會科學院,KH,運動健康與休閒學系,F571,M,碩士班,1,,解剖學特論,3,選,10,8,,2,劉紹東,H1--209,,,,,"2,3, 4",,,"[{""day"": 5, ""dayName"": ""星期五"", ""periods"": [""2"", ""3"", ""4""], ""raw"": ""2,3, 4""}]",限修,,https://course.nuk.edu.tw/QueryCourse/tcontent.asp?OpenYear=104&Helf=2&Sclass=KH&Cono=F571,2026-08-26T18:13:36+00:00
104-2-KH-F612-M-1-,104,2,人文社會科學院,KH,運動健康與休閒學系,F612,M,碩士班,1,,永續觀光發展特論,3,選,12,9,,3,潘明珠,H1--209,"2,3, 4",,,,,,,"[{""day"": 1, ""dayName"": ""星期一"", ""periods"": [""2"", ""3"", ""4""], ""raw"": ""2,3, 4""}]",,,https://course.nuk.edu.tw/QueryCourse/tcontent.asp?OpenYear=104&Helf=2&Sclass=KH&Cono=F612,2026-08-26T18:13:36+00:00
104-2-KH-F015-M-2-,104,2,人文社會科學院,KH,運動健康與休閒學系,F015,M,碩士班,2,,專題討論(四),1,必,10,7,,3,白秀華,H1--209,,,5,,,,,"[{""day"": 3, ""dayName"": ""星期三"", ""periods"": [""5""], ""raw"": ""5""}]",限修,,https://course.nuk.edu.tw/QueryCourse/tcontent.asp?OpenYear=104&Helf=2&Sclass=KH&Cono=F015,2026-08-26T18:13:36+00:00
104-2-WL-A00B-A-1-A,104,2,人文社會科學院,WL,西洋語文學系,A00B,A,大學部,1,A,英語口語訓練(一下)(A),2,必,16,12,,4,王淑雱,H2--105,,,,,"2,3, 4",,,"[{""day"": 5, ""dayName"": ""星期五"", ""periods"": [""2"", ""3"", ""4""], ""raw"": ""2,3, 4""}]",限修及外加,102學年度(含)前入學學生補、重修適用。人文院H2-105教室。,https://course.nuk.edu.tw/QueryCourse/tcontent.asp?OpenYear=104&Helf=2&Sclass=WL&Cono=A00B,2026-08-26T18:13:36+00:00
104-2-WL-A04B-A-1-A,104,2,人文社會科學院,WL,西洋語文學系,A04B,A,大學部,1,A,英文作文(一下)(A),3,必,30,29,,1,鄭月婷,H2--104,,,"5,6, 7",,,,,"[{""day"": 3, ""dayName"": ""星期三"", ""periods"": [""5"", ""6"", ""7""], ""raw"": ""5,6, 7""}]",限修及外加,"全班50人，分A,B兩組，每組25人，學號單號。補、重修請另加簽。人文院H2-104教室。",https://course.nuk.edu.tw/QueryCourse/tcontent.asp?OpenYear=104&Helf=2&Sclass=WL&Cono=A04B,2026-08-26T18:13:36+00:00
104-2-WL-A05B-A-1-A,104,2,人文社會科學院,WL,西洋語文學系,A05B,A,大學部,1,A,英文作文(一下)(B),3,必,37,20,,17,奧利華,H1--101,,,"2,3, 4",,,,,"[{""day"": 3, ""dayName"": ""星期三"", ""periods"": [""2"", ""3"", ""4""], ""raw"": ""2,3, 4""}]",限修及外加,"全班50人，分A,B兩組，每組25人，學號雙號。補、重修請另加簽。人文院H1-101教室",https://course.nuk.edu.tw/QueryCourse/tcontent.asp?OpenYear=104&Helf=2&Sclass=WL&Cono=A05B,2026-08-26T18:13:36+00:00
104-2-WL-A07B-A-1-A,104,2,人文社會科學院,WL,西洋語文學系,A07B,A,大學部,1,A,西洋文學概論(下),3,必,61,57,,4,顏淑娟,H1--101,,,,"2,3, 4",,,,"[{""day"": 4, ""dayName"": ""星期四"", ""periods"": [""2"", ""3"", ""4""], ""raw"": ""2,3, 4""}]",限修及外加,限修：西語系。人文院H1-101教室,https://course.nuk.edu.tw/QueryCourse/tcontent.asp?OpenYear=104&Helf=2&Sclass=WL&Cono=A07B,2026-08-26T18:13:36+00:00
104-2-WL-A08B-A-1-A,104,2,人文社會科學院,WL,西洋語文學系,A08B,A,大學部,1,A,文學作品讀法(下),3,必,49,49,,0,傅鈺雯,H2--104,,,,"5,6, 7",,,,"[{""day"": 4, ""dayName"": ""星期四"", ""periods"": [""5"", ""6"", ""7""], ""raw"": ""5,6, 7""}]",限修及外加,【全英語授課】限修：西語系。人文院H2-104教室,https://course.nuk.edu.tw/QueryCourse/tcontent.asp?OpenYear=104&Helf=2&Sclass=WL&Cono=A08B,2026-08-26T18:13:36+00:00
104-2-WL-A23C-A-1-A,104,2,人文社會科學院,WL,西洋語文學系,A23C,A,大學部,1,A,英語聽力與會話(一下)(A),3,必,29,28,,1,林雅惠,H2--103,,,"2,3, 4",,,,,"[{""day"": 3, ""dayName"": ""星期三"", ""periods"": [""2"", ""3"", ""4""], ""raw"": ""2,3, 4""}]",限修及外加 學程,"全班50人，分A,B兩組，每組25人，學號單號。外語觀光醫療學程或外語導遊人才培育學程之修習學生須另外加簽。人文院教室H2-103",https://course.nuk.edu.tw/QueryCourse/tcontent.asp?OpenYear=104&Helf=2&Sclass=WL&Cono=A23C,2026-08-26T18:13:36+00:00
104-2-WL-A23D-A-1-A,104,2,人文社會科學院,WL,西洋語文學系,A23D,A,大學部,1,A,英語聽力與會話(一下)(B),3,必,30,23,,7,顏淑娟,H2--108,,"6,7",,8,,,,"[{""day"": 2, ""dayName"": ""星期二"", ""periods"": [""6"", ""7""], ""raw"": ""6,7""}, {""day"": 4, ""dayName"": ""星期四"", ""periods"": [""8""], ""raw"": ""8""}]",限修及外加 學程,"全班50人，分A,B兩組，每組25人，學號雙號。外語觀光醫療學程或外語導遊人才培育學程之修習學生須另外加簽。人文院教室H2-108",https://course.nuk.edu.tw/QueryCourse/tcontent.asp?OpenYear=104&Helf=2&Sclass=WL&Cono=A23D,2026-08-26T18:13:36+00:00
104-2-WL-A51B-A-1-A,104,2,人文社會科學院,WL,西洋語文學系,A51B,A,大學部,1,A,第二外語：法一(下),2,選,60,41,,19,林雅芬,H2--107,"5,6",,,,,,,"[{""day"": 1, ""dayName"": ""星期一"", ""periods"": [""5"", ""6""], ""raw"": ""5,6""}]",,本系規定其學生畢業前至少需修習8學分。人文院教室H2-107,https://course.nuk.edu.tw/QueryCourse/tcontent.asp?OpenYear=104&Helf=2&Sclass=WL&Cono=A51B,2026-08-26T18:13:36+00:00
104-2-WL-A52B-A-1-A,104,2,人文社會科學院,WL,西洋語文學系,A52B,A,大學部,1,A,第二外語：德一(下),2,選,60,9,,51,奧利華,H2--107,,,"8,9",,,,,"[{""day"": 3, ""dayName"": ""星期三"", ""periods"": [""8"", ""9""], ""raw"": ""8,9""}]",限修,本系規定其學生畢業前至少須修習8學分。人文院教室H2-107,https://course.nuk.edu.tw/QueryCourse/tcontent.asp?OpenYear=104&Helf=2&Sclass=WL&Cono=A52B,2026-08-26T18:13:36+00:00
104-2-WL-A53B-A-1-A,104,2,人文社會科學院,WL,西洋語文學系,A53B,A,大學部,1,A,第二外語：西一(下),2,選,70,28,,42,李優俐,H1--101,"5,6",,,,,,,"[{""day"": 1, ""dayName"": ""星期一"", ""periods"": [""5"", ""6""], ""raw"": ""5,6""}]",限修及外加,本系規定其學生畢業前至少需修習8學分。人文院教室H1-101,https://course.nuk.edu.tw/QueryCourse/tcontent.asp?OpenYear=104&Helf=2&Sclass=WL&Cono=A53B,2026-08-26T18:13:36+00:00
104-2-WL-A54D-A-1-A,104,2,人文社會科學院,WL,西洋語文學系,A54D,A,大學部,1,A,第二外語：日一(下),2,選,64,25,,39,林柏舟,H1--101,"3,4",,,,,,,"[{""day"": 1, ""dayName"": ""星期一"", ""periods"": [""3"", ""4""], ""raw"": ""3,4""}]",限修及外加,本系規定其學生畢業前至少須修習8學分。人文院教室H1-101,https://course.nuk.edu.tw/QueryCourse/tcontent.asp?OpenYear=104&Helf=2&Sclass=WL&Cono=A54D,2026-08-26T18:13:36+00:00
104-2-WL-B023-A-2-A,104,2,人文社會科學院,WL,西洋語文學系,B023,A,大學部,2,A,進階英語聽力與會話(二下)(A),3,必,33,29,,4,莫艾倫,H2--104,,,,,"2,3, 4",,,"[{""day"": 5, ""dayName"": ""星期五"", ""periods"": [""2"", ""3"", ""4""], ""raw"": ""2,3, 4""}]",限修及外加,限修：西語系二年級(學號單號)。人文院教室H2-104。授課教師：莫艾倫老師。,https://course.nuk.edu.tw/QueryCourse/tcontent.asp?OpenYear=104&Helf=2&Sclass=WL&Cono=B023,2026-08-26T18:13:36+00:00
104-2-WL-B024-A-2-A,104,2,人文社會科學院,WL,西洋語文學系,B024,A,大學部,2,A,進階英語聽力與會話(二下)(B),3,必,34,27,,7,陳麗青,H2--104,,10,"3,4",,,,,"[{""day"": 2, ""dayName"": ""星期二"", ""periods"": [""10""], ""raw"": ""10""}, {""day"": 3, ""dayName"": ""星期三"", ""periods"": [""3"", ""4""], ""raw"": ""3,4""}]",限修及外加,限修：西語系(學號雙號)。人文院教室H2-104,https://course.nuk.edu.tw/QueryCourse/tcontent.asp?OpenYear=104&Helf=2&Sclass=WL&Cono=B024,2026-08-26T18:13:36+00:00
104-2-WL-B04B-A-2-A,104,2,人文社會科學院,WL,西洋語文學系,B04B,A,大學部,2,A,英文作文(二下)(A),2,必,29,29,,0,莫艾倫,H2--105,,"5,6, 7",,,,,,"[{""day"": 2, ""dayName"": ""星期二"", ""periods"": [""5"", ""6"", ""7""], ""raw"": ""5,6, 7""}]",限修及外加,限修：西語系二年級(學號單號)。補、重修請另加簽。人文院教室H2-105。授課教師：莫艾倫老師。,https://course.nuk.edu.tw/QueryCourse/tcontent.asp?OpenYear=104&Helf=2&Sclass=WL&Cono=B04B,2026-08-26T18:13:36+00:00
104-2-WL-B05B-A-2-A,104,2,人文社會科學院,WL,西洋語文學系,B05B,A,大學部,2,A,英文作文(二下)(B),2,必,36,28,,8,莫艾倫,H2--108,,,"5,6, 7",,,,,"[{""day"": 3, ""dayName"": ""星期三"", ""periods"": [""5"", ""6"", ""7""], ""raw"": ""5,6, 7""}]",限修及外加,限修：西語系二年級(學號雙號)。補、重修請另加簽。人文院教室H2-108。授課教師：莫艾倫老師。,https://course.nuk.edu.tw/QueryCourse/tcontent.asp?OpenYear=104&Helf=2&Sclass=WL&Cono=B05B,2026-08-26T18:13:36+00:00
104-2-WL-B06B-A-2-A,104,2,人文社會科學院,WL,西洋語文學系,B06B,A,大學部,2,A,英國文學史(一下),3,必,52,52,,0,陳靖奇,H1--101,,,,"5,6, 7",,,,"[{""day"": 4, ""dayName"": ""星期四"", ""periods"": [""5"", ""6"", ""7""], ""raw"": ""5,6, 7""}]",限修及外加,限修：西語系二、三、四年級。,https://course.nuk.edu.tw/QueryCourse/tcontent.asp?OpenYear=104&Helf=2&Sclass=WL&Cono=B06B,2026-08-26T18:13:36+00:00
104-2-WL-B07B-A-2-A,104,2,人文社會科學院,WL,西洋語文學系,B07B,A,大學部,2,A,語言學概論(下),3,必,55,55,,0,賴怡秀,H2--107,,"2,3, 4",,,,,,"[{""day"": 2, ""dayName"": ""星期二"", ""periods"": [""2"", ""3"", ""4""], ""raw"": ""2,3, 4""}]",限修及外加,限修：西語系二年級。人文院教室H2-107,https://course.nuk.edu.tw/QueryCourse/tcontent.asp?OpenYear=104&Helf=2&Sclass=WL&Cono=B07B,2026-08-26T18:13:36+00:00
104-2-WL-B51B-A-2-A,104,2,人文社會科學院,WL,西洋語文學系,B51B,A,大學部,2,A,第二外語：法二(下),2,選,20,18,,2,林雅芬,H2--103,"7,8",,,,,,,"[{""day"": 1, ""dayName"": ""星期一"", ""periods"": [""7"", ""8""], ""raw"": ""7,8""}]",先修 外加,第二外語本系學生畢業前至少需修8學分。先修：法一(上)(下)或已有法語基礎者。人文院教室H2-103,https://course.nuk.edu.tw/QueryCourse/tcontent.asp?OpenYear=104&Helf=2&Sclass=WL&Cono=B51B,2026-08-26T18:13:36+00:00
104-2-WL-B52B-A-2-A,104,2,人文社會科學院,WL,西洋語文學系,B52B,A,大學部,2,A,第二外語：德二(下),2,選,30,6,,24,奧利華,H2--107,,,"10,11",,,,,"[{""day"": 3, ""dayName"": ""星期三"", ""periods"": [""10"", ""11""], ""raw"": ""10,11""}]",先修,第二外語本系學生畢業前至少需修8學分。先修：德一(上)(下)。人文院教室H2-107,https://course.nuk.edu.tw/QueryCourse/tcontent.asp?OpenYear=104&Helf=2&Sclass=WL&Cono=B52B,2026-08-26T18:13:36+00:00
104-2-WL-B53B-A-2-A,104,2,人文社會科學院,WL,西洋語文學系,B53B,A,大學部,2,A,第二外語：西二(下),2,選,30,24,,6,李優俐,H2--108,"7,8",,,,,,,"[{""day"": 1, ""dayName"": ""星期一"", ""periods"": [""7"", ""8""], ""raw"": ""7,8""}]",先修,第二外語本系學生畢業前至少需修8學分。先修：西一(上)(下)。人文院教室H2-108,https://course.nuk.edu.tw/QueryCourse/tcontent.asp?OpenYear=104&Helf=2&Sclass=WL&Cono=B53B,2026-08-26T18:13:36+00:00
104-2-WL-B54B-A-2-A,104,2,人文社會科學院,WL,西洋語文學系,B54B,A,大學部,2,A,第二外語：日二(下),2,選,36,24,,12,林柏舟,H2--108,"5,6",,,,,,,"[{""day"": 1, ""dayName"": ""星期一"", ""periods"": [""5"", ""6""], ""raw"": ""5,6""}]",先修 外加,第二外語本系規定其學生畢業前至少需修習8學分。先修：日一(上)(下)。人文院教室H2-108,https://course.nuk.edu.tw/QueryCourse/tcontent.asp?OpenYear=104&Helf=2&Sclass=WL&Cono=B54B,2026-08-26T18:13:36+00:00
104-2-WL-B58B-A-2-A,104,2,人文社會科學院,WL,西洋語文學系,B58B,A,大學部,2,A,翻譯導論(下),2,選,37,34,,3,王嵩嵐,H2--104,"3,4",,,,,,,"[{""day"": 1, ""dayName"": ""星期一"", ""periods"": [""3"", ""4""], ""raw"": ""3,4""}]",外加 學程,【人文與商管學程】人文院教室H2-104,https://course.nuk.edu.tw/QueryCourse/tcontent.asp?OpenYear=104&Helf=2&Sclass=WL&Cono=B58B,2026-08-26T18:13:36+00:00
104-2-WL-C06B-A-3-A,104,2,人文社會科學院,WL,西洋語文學系,C06B,A,大學部,3,A,英國文學史(二下),3,必,59,59,,0,陳麗青,H2--107,,"5,6, 7",,,,,,"[{""day"": 2, ""dayName"": ""星期二"", ""periods"": [""5"", ""6"", ""7""], ""raw"": ""5,6, 7""}]",限修及外加,限修：西語系3年級。【全英語授課】人文院教室H2-107,https://course.nuk.edu.tw/QueryCourse/tcontent.asp?OpenYear=104&Helf=2&Sclass=WL&Cono=C06B,2026-08-26T18:13:36+00:00
104-2-WL-C07B-A-3-A,104,2,人文社會科學院,WL,西洋語文學系,C07B,A,大學部,3,A,美國文學史(下),3,必,56,54,,2,林雅惠,H2--107,,,,"2,3, 4",,,,"[{""day"": 4, ""dayName"": ""星期四"", ""periods"": [""2"", ""3"", ""4""], ""raw"": ""2,3, 4""}]",限修及外加,限修：西語系。人文院教室H2-107,https://course.nuk.edu.tw/QueryCourse/tcontent.asp?OpenYear=104&Helf=2&Sclass=WL&Cono=C07B,2026-08-26T18:13:36+00:00
104-2-WL-C502-A-3-A,104,2,人文社會科學院,WL,西洋語文學系,C502,A,大學部,3,A,英語口語訓練(三)(下),2,選,15,9,,6,王淑雱,H2--105,,,,,"5,6",,,"[{""day"": 5, ""dayName"": ""星期五"", ""periods"": [""5"", ""6""], ""raw"": ""5,6""}]",限修及外加,限修：西語系三、四年級。人文院教室H2-105,https://course.nuk.edu.tw/QueryCourse/tcontent.asp?OpenYear=104&Helf=2&Sclass=WL&Cono=C502,2026-08-26T18:13:36+00:00
104-2-WL-C64B-A-3-A,104,2,人文社會科學院,WL,西洋語文學系,C64B,A,大學部,3,A,社會語言學(下),2,選,30,30,,0,王嵩嵐,H2--105,,,,"5,6",,,,"[{""day"": 4, ""dayName"": ""星期四"", ""periods"": [""5"", ""6""], ""raw"": ""5,6""}]",限修及外加,【語言學類】,https://course.nuk.edu.tw/QueryCourse/tcontent.asp?OpenYear=104&Helf=2&Sclass=WL&Cono=C64B,2026-08-26T18:13:36+00:00
104-2-WL-C65B-A-3-A,104,2,人文社會科學院,WL,西洋語文學系,C65B,A,大學部,3,A,英美戲劇(下),3,選,55,50,,5,歐馨雲,H2--107,,,"5,6, 7",,,,,"[{""day"": 3, ""dayName"": ""星期三"", ""periods"": [""5"", ""6"", ""7""], ""raw"": ""5,6, 7""}]",限修及外加 學程,【文學文化類】【全英語授課】限修：西語系三年級以上。【人文與商管學程】須另外加簽。人文院教室H2-107,https://course.nuk.edu.tw/QueryCourse/tcontent.asp?OpenYear=104&Helf=2&Sclass=WL&Cono=C65B,2026-08-26T18:13:36+00:00
104-2-WL-C69A-A-3-A,104,2,人文社會科學院,WL,西洋語文學系,C69A,A,大學部,3,A,英美小說,3,選,34,34,,0,顏淑娟,H2--108,,"2,3, 4",,,,,,"[{""day"": 2, ""dayName"": ""星期二"", ""periods"": [""2"", ""3"", ""4""], ""raw"": ""2,3, 4""}]",限修及外加,【文學文化類】【全英語授課】限修：西語系三年級。人文院教室H2-108,https://course.nuk.edu.tw/QueryCourse/tcontent.asp?OpenYear=104&Helf=2&Sclass=WL&Cono=C69A,2026-08-26T18:13:36+00:00
104-2-WL-C733-A-3-A,104,2,人文社會科學院,WL,西洋語文學系,C733,A,大學部,3,A,商用英文寫作,3,選,18,12,,6,陳麗青,H2--103,,,"7,8, 9",,,,,"[{""day"": 3, ""dayName"": ""星期三"", ""periods"": [""7"", ""8"", ""9""], ""raw"": ""7,8, 9""}]",限修及外加,限修：西語系3、4年級。教室: H2-103。,https://course.nuk.edu.tw/QueryCourse/tcontent.asp?OpenYear=104&Helf=2&Sclass=WL&Cono=C733,2026-08-26T18:13:36+00:00
104-2-WL-C821-A-3-A,104,2,人文社會科學院,WL,西洋語文學系,C821,A,大學部,3,A,英語話劇實作,2,選,46,42,,4,歐馨雲 業界教師,L01-101,"10,11, 12",,,,,,,"[{""day"": 1, ""dayName"": ""星期一"", ""periods"": [""10"", ""11"", ""12""], ""raw"": ""10,11, 12""}]",限修及外加,【文學文化類】【全英語授課】。圖資L01-101遠距教室。,https://course.nuk.edu.tw/QueryCourse/tcontent.asp?OpenYear=104&Helf=2&Sclass=WL&Cono=C821,2026-08-26T18:13:36+00:00
104-2-WL-C832-A-3-A,104,2,人文社會科學院,WL,西洋語文學系,C832,A,大學部,3,A,英語教學,2,選,30,5,,25,莫艾倫,H2--103,,,,,"5,6",,,"[{""day"": 5, ""dayName"": ""星期五"", ""periods"": [""5"", ""6""], ""raw"": ""5,6""}]",限修,限修：西語系三年級以上。,https://course.nuk.edu.tw/QueryCourse/tcontent.asp?OpenYear=104&Helf=2&Sclass=WL&Cono=C832,2026-08-26T18:13:36+00:00
104-2-WL-F02B-A-3-A,104,2,人文社會科學院,WL,西洋語文學系,F02B,A,大學部,3,A,教學實務及實習(II),3,選,7,4,,3,傅鈺雯 賴怡秀,H2--103,"2,3, 4",,,,,,,"[{""day"": 1, ""dayName"": ""星期一"", ""periods"": [""2"", ""3"", ""4""], ""raw"": ""2,3, 4""}]",,與碩士班一年級合開。人文院H2-103教室。,https://course.nuk.edu.tw/QueryCourse/tcontent.asp?OpenYear=104&Helf=2&Sclass=WL&Cono=F02B,2026-08-26T18:13:36+00:00
104-2-WL-F501-A-3-A,104,2,人文社會科學院,WL,西洋語文學系,F501,A,大學部,3,A,雙語研究,3,選,16,8,,8,王嵩嵐,H2--108,,,,"2,3, 4",,,,"[{""day"": 4, ""dayName"": ""星期四"", ""periods"": [""2"", ""3"", ""4""], ""raw"": ""2,3, 4""}]",限修及外加,與碩士班一年級合開。【語言學類】人文院H2-108。,https://course.nuk.edu.tw/QueryCourse/tcontent.asp?OpenYear=104&Helf=2&Sclass=WL&Cono=F501,2026-08-26T18:13:36+00:00
104-2-WL-F504-A-3-A,104,2,人文社會科學院,WL,西洋語文學系,F504,A,大學部,3,A,語音學專題,3,選,15,13,,2,賴怡秀,H2--108,,,"2,3, 4",,,,,"[{""day"": 3, ""dayName"": ""星期三"", ""periods"": [""2"", ""3"", ""4""], ""raw"": ""2,3, 4""}]",,與碩士班一年級合開。【語言學類】【全英語授課】人文院H2-108教室,https://course.nuk.edu.tw/QueryCourse/tcontent.asp?OpenYear=104&Helf=2&Sclass=WL&Cono=F504,2026-08-26T18:13:36+00:00
104-2-WL-F532-A-3-A,104,2,人文社會科學院,WL,西洋語文學系,F532,A,大學部,3,A,影片中的美國文學,3,選,21,18,,3,林雅惠,H2--103,,,,,"2,3, 4",,,"[{""day"": 5, ""dayName"": ""星期五"", ""periods"": [""2"", ""3"", ""4""], ""raw"": ""2,3, 4""}]",外加,與碩士班一年級合開。【文學文化類】【全英語授課】人文院H2-103教室,https://course.nuk.edu.tw/QueryCourse/tcontent.asp?OpenYear=104&Helf=2&Sclass=WL&Cono=F532,2026-08-26T18:13:36+00:00
104-2-WL-F551-A-3-A,104,2,人文社會科學院,WL,西洋語文學系,F551,A,大學部,3,A,前現代時期戲劇與文化研究,3,選,21,18,,3,鄭月婷,H2--104,,"2,3, 4",,,,,,"[{""day"": 2, ""dayName"": ""星期二"", ""periods"": [""2"", ""3"", ""4""], ""raw"": ""2,3, 4""}]",,與碩士班一年級合開。【文學文化類】【全英語授課】人文院H2-104教室,https://course.nuk.edu.tw/QueryCourse/tcontent.asp?OpenYear=104&Helf=2&Sclass=WL&Cono=F551,2026-08-26T18:13:36+00:00
104-2-WL-F561-A-3-A,104,2,人文社會科學院,WL,西洋語文學系,F561,A,大學部,3,A,當代文化理論：馬克斯與後殖民理論專題,3,選,20,5,,15,傅鈺雯,H2--106,,,"5,6, 7",,,,,"[{""day"": 3, ""dayName"": ""星期三"", ""periods"": [""5"", ""6"", ""7""], ""raw"": ""5,6, 7""}]",,與碩士班一年級合開。【文學文化類】【全英語授課】人文院教室:H2-106,https://course.nuk.edu.tw/QueryCourse/tcontent.asp?OpenYear=104&Helf=2&Sclass=WL&Cono=F561,2026-08-26T18:13:36+00:00
104-2-WL-D692-A-4-A,104,2,人文社會科學院,WL,西洋語文學系,D692,A,大學部,4,A,歐美文化與社會,3,選,30,24,,6,奧利華 陳靖奇 林雅芬,H2--108,"2,3, 4",,,,,,,"[{""day"": 1, ""dayName"": ""星期一"", ""periods"": [""2"", ""3"", ""4""], ""raw"": ""2,3, 4""}]",學程,【文學文化類】【人文與商管學程】。教室：H2-108。,https://course.nuk.edu.tw/QueryCourse/tcontent.asp?OpenYear=104&Helf=2&Sclass=WL&Cono=D692,2026-08-26T18:13:36+00:00
104-2-WL-D801-A-4-A,104,2,人文社會科學院,WL,西洋語文學系,D801,A,大學部,4,A,多益測驗與工商英文,3,選,25,25,,0,王淑雱,H2--105,,,"5,6, 7",,,,,"[{""day"": 3, ""dayName"": ""星期三"", ""periods"": [""5"", ""6"", ""7""], ""raw"": ""5,6, 7""}]",限修及外加 學程,限修：西語系四年級生。【人文與商管學程】須外加。教室:人文院H2-105教室。,https://course.nuk.edu.tw/QueryCourse/tcontent.asp?OpenYear=104&Helf=2&Sclass=WL&Cono=D801,2026-08-26T18:13:36+00:00
104-2-WL-D91B-A-4-A,104,2,人文社會科學院,WL,西洋語文學系,D91B,A,大學部,4,A,口譯(下),2,選,22,10,,12,王巧利,H2--105,,"10,11",,,,,,"[{""day"": 2, ""dayName"": ""星期二"", ""periods"": [""10"", ""11""], ""raw"": ""10,11""}]",限修及外加,限修：西語系。外系選修另請加簽。人文院教室H2-105,https://course.nuk.edu.tw/QueryCourse/tcontent.asp?OpenYear=104&Helf=2&Sclass=WL&Cono=D91B,2026-08-26T18:13:36+00:00
104-2-WL-F02B-A-4-A,104,2,人文社會科學院,WL,西洋語文學系,F02B,A,大學部,4,A,教學實務及實習(II),3,選,7,4,,3,傅鈺雯 賴怡秀,H2--103,"2,3, 4",,,,,,,"[{""day"": 1, ""dayName"": ""星期一"", ""periods"": [""2"", ""3"", ""4""], ""raw"": ""2,3, 4""}]",,與碩士班一年級合開。人文院H2-103教室。,https://course.nuk.edu.tw/QueryCourse/tcontent.asp?OpenYear=104&Helf=2&Sclass=WL&Cono=F02B,2026-08-26T18:13:36+00:00
104-2-WL-F501-A-4-A,104,2,人文社會科學院,WL,西洋語文學系,F501,A,大學部,4,A,雙語研究,3,選,16,8,,8,王嵩嵐,H2--108,,,,"2,3, 4",,,,"[{""day"": 4, ""dayName"": ""星期四"", ""periods"": [""2"", ""3"", ""4""], ""raw"": ""2,3, 4""}]",限修及外加,與碩士班一年級合開。【語言學類】人文院H2-108。,https://course.nuk.edu.tw/QueryCourse/tcontent.asp?OpenYear=104&Helf=2&Sclass=WL&Cono=F501,2026-08-26T18:13:36+00:00
104-2-WL-F504-A-4-A,104,2,人文社會科學院,WL,西洋語文學系,F504,A,大學部,4,A,語音學專題,3,選,15,13,,2,賴怡秀,H2--108,,,"2,3, 4",,,,,"[{""day"": 3, ""dayName"": ""星期三"", ""periods"": [""2"", ""3"", ""4""], ""raw"": ""2,3, 4""}]",,與碩士班一年級合開。【語言學類】【全英語授課】人文院H2-108教室,https://course.nuk.edu.tw/QueryCourse/tcontent.asp?OpenYear=104&Helf=2&Sclass=WL&Cono=F504,2026-08-26T18:13:36+00:00
104-2-WL-F532-A-4-A,104,2,人文社會科學院,WL,西洋語文學系,F532,A,大學部,4,A,影片中的美國文學,3,選,21,18,,3,林雅惠,H2--103,,,,,"2,3, 4",,,"[{""day"": 5, ""dayName"": ""星期五"", ""periods"": [""2"", ""3"", ""4""], ""raw"": ""2,3, 4""}]",外加,與碩士班一年級合開。【文學文化類】【全英語授課】人文院H2-103教室,https://course.nuk.edu.tw/QueryCourse/tcontent.asp?OpenYear=104&Helf=2&Sclass=WL&Cono=F532,2026-08-26T18:13:36+00:00
104-2-WL-F551-A-4-A,104,2,人文社會科學院,WL,西洋語文學系,F551,A,大學部,4,A,前現代時期戲劇與文化研究,3,選,21,18,,3,鄭月婷,H2--104,,"2,3, 4",,,,,,"[{""day"": 2, ""dayName"": ""星期二"", ""periods"": [""2"", ""3"", ""4""], ""raw"": ""2,3, 4""}]",,與碩士班一年級合開。【文學文化類】【全英語授課】人文院H2-104教室,https://course.nuk.edu.tw/QueryCourse/tcontent.asp?OpenYear=104&Helf=2&Sclass=WL&Cono=F551,2026-08-26T18:13:36+00:00
104-2-WL-F561-A-4-A,104,2,人文社會科學院,WL,西洋語文學系,F561,A,大學部,4,A,當代文化理論：馬克斯與後殖民理論專題,3,選,20,5,,15,傅鈺雯,H2--106,,,"5,6, 7",,,,,"[{""day"": 3, ""dayName"": ""星期三"", ""periods"": [""5"", ""6"", ""7""], ""raw"": ""5,6, 7""}]",,與碩士班一年級合開。【文學文化類】【全英語授課】人文院教室:H2-106,https://course.nuk.edu.tw/QueryCourse/tcontent.asp?OpenYear=104&Helf=2&Sclass=WL&Cono=F561,2026-08-26T18:13:36+00:00
104-2-WL-F02B-M-1-,104,2,人文社會科學院,WL,西洋語文學系,F02B,M,碩士班,1,,教學實務及實習(II),3,必,7,4,,3,傅鈺雯 賴怡秀,H2--103,"2,3, 4",,,,,,,"[{""day"": 1, ""dayName"": ""星期一"", ""periods"": [""2"", ""3"", ""4""], ""raw"": ""2,3, 4""}]",限修,與大學部三、四年級合開。人文院教室H2-103,https://course.nuk.edu.tw/QueryCourse/tcontent.asp?OpenYear=104&Helf=2&Sclass=WL&Cono=F02B,2026-08-26T18:13:36+00:00
104-2-WL-F500-M-1-,104,2,人文社會科學院,WL,西洋語文學系,F500,M,碩士班,1,,教學實務演練(西洋語文學系),0,選,6,6,,0,歐馨雲,,,X,,,,,,"[{""day"": 2, ""dayName"": ""星期二"", ""periods"": [""X""], ""raw"": ""X""}]",限修及外加,指定加簽，申請擔任學習型兼任教學助理之學生必須修習本課程。,https://course.nuk.edu.tw/QueryCourse/tcontent.asp?OpenYear=104&Helf=2&Sclass=WL&Cono=F500,2026-08-26T18:13:36+00:00
104-2-WL-F501-M-1-,104,2,人文社會科學院,WL,西洋語文學系,F501,M,碩士班,1,,雙語研究,3,選,16,8,,8,王嵩嵐,H2--108,,,,"2,3, 4",,,,"[{""day"": 4, ""dayName"": ""星期四"", ""periods"": [""2"", ""3"", ""4""], ""raw"": ""2,3, 4""}]",限修及外加,與大學部三、四年級合開。【語言學類】教室:人文院H2-108,https://course.nuk.edu.tw/QueryCourse/tcontent.asp?OpenYear=104&Helf=2&Sclass=WL&Cono=F501,2026-08-26T18:13:36+00:00
104-2-WL-F504-M-1-,104,2,人文社會科學院,WL,西洋語文學系,F504,M,碩士班,1,,語音學專題,3,選,15,13,,2,賴怡秀,H2--108,,,"2,3, 4",,,,,"[{""day"": 3, ""dayName"": ""星期三"", ""periods"": [""2"", ""3"", ""4""], ""raw"": ""2,3, 4""}]",限修,與大學部三、四年級合開。【語言學類】【全英語授課】人文院H2-108教室。,https://course.nuk.edu.tw/QueryCourse/tcontent.asp?OpenYear=104&Helf=2&Sclass=WL&Cono=F504,2026-08-26T18:13:36+00:00
104-2-WL-F532-M-1-,104,2,人文社會科學院,WL,西洋語文學系,F532,M,碩士班,1,,影片中的美國文學,3,選,21,18,,3,林雅惠,H2--103,,,,,"2,3, 4",,,"[{""day"": 5, ""dayName"": ""星期五"", ""periods"": [""2"", ""3"", ""4""], ""raw"": ""2,3, 4""}]",限修及外加,與大學部三、四年級合開。【文學文化類】【全英語授課】人文院H2-103教室,https://course.nuk.edu.tw/QueryCourse/tcontent.asp?OpenYear=104&Helf=2&Sclass=WL&Cono=F532,2026-08-26T18:13:36+00:00
104-2-WL-F551-M-1-,104,2,人文社會科學院,WL,西洋語文學系,F551,M,碩士班,1,,前現代時期戲劇與文化研究,3,選,21,18,,3,鄭月婷,H2--104,,"2,3, 4",,,,,,"[{""day"": 2, ""dayName"": ""星期二"", ""periods"": [""2"", ""3"", ""4""], ""raw"": ""2,3, 4""}]",限修,與大學部三、四年級合開。【文學文化類】【全英語授課】人文院H2-104教室,https://course.nuk.edu.tw/QueryCourse/tcontent.asp?OpenYear=104&Helf=2&Sclass=WL&Cono=F551,2026-08-26T18:13:36+00:00
104-2-WL-F561-M-1-,104,2,人文社會科學院,WL,西洋語文學系,F561,M,碩士班,1,,當代文化理論：馬克斯與後殖民理論專題,3,選,20,5,,15,傅鈺雯,H2--106,,,"5,6, 7",,,,,"[{""day"": 3, ""dayName"": ""星期三"", ""periods"": [""5"", ""6"", ""7""], ""raw"": ""5,6, 7""}]",限修,與大學部三、四年級合開。【文學文化類】【全英語授課】人文院教室:H2-106,https://course.nuk.edu.tw/QueryCourse/tcontent.asp?OpenYear=104&Helf=2&Sclass=WL&Cono=F561,2026-08-26T18:13:36+00:00
104-2-CC-C512-A-1-A,104,2,共同與通識課程,CC,核心通識,C512,A,大學部,1,A,科普讀物導讀,3,選,60,49,,11,高佑靈,C02-105,"7,8, 9",,,,,,,"[{""day"": 1, ""dayName"": ""星期一"", ""periods"": [""7"", ""8"", ""9""], ""raw"": ""7,8, 9""}]",禁止外加,,https://course.nuk.edu.tw/QueryCourse/tcontent.asp?OpenYear=104&Helf=2&Sclass=CC&Cono=C512,2026-08-26T18:13:36+00:00
104-2-CC-C513-A-1-A,104,2,共同與通識課程,CC,核心通識,C513,A,大學部,1,A,科普讀物導讀,3,選,60,60,,0,呂祖尚,C02-111,,,,,"2,3, 4",,,"[{""day"": 5, ""dayName"": ""星期五"", ""periods"": [""2"", ""3"", ""4""], ""raw"": ""2,3, 4""}]",禁止外加,,https://course.nuk.edu.tw/QueryCourse/tcontent.asp?OpenYear=104&Helf=2&Sclass=CC&Cono=C513,2026-08-26T18:13:36+00:00
104-2-CC-C514-A-1-A,104,2,共同與通識課程,CC,核心通識,C514,A,大學部,1,A,科普讀物導讀,3,選,60,60,,0,胡忠信,M01-101,,"2,3, 4",,,,,,"[{""day"": 2, ""dayName"": ""星期二"", ""periods"": [""2"", ""3"", ""4""], ""raw"": ""2,3, 4""}]",禁止外加,,https://course.nuk.edu.tw/QueryCourse/tcontent.asp?OpenYear=104&Helf=2&Sclass=CC&Cono=C514,2026-08-26T18:13:36+00:00
104-2-CC-C515-A-1-A,104,2,共同與通識課程,CC,核心通識,C515,A,大學部,1,A,科普讀物導讀,3,選,60,10,,50,黃海深,M01-103,,,,,"5,6, 7",,,"[{""day"": 5, ""dayName"": ""星期五"", ""periods"": [""5"", ""6"", ""7""], ""raw"": ""5,6, 7""}]",禁止外加,,https://course.nuk.edu.tw/QueryCourse/tcontent.asp?OpenYear=104&Helf=2&Sclass=CC&Cono=C515,2026-08-26T18:13:36+00:00
104-2-CC-C541-A-1-A,104,2,共同與通識課程,CC,核心通識,C541,A,大學部,1,A,科技與社會,3,選,61,61,,0,倪麥童,M01-B104,,,"9,10, 11",,,,,"[{""day"": 3, ""dayName"": ""星期三"", ""periods"": [""9"", ""10"", ""11""], ""raw"": ""9,10, 11""}]",禁止外加,,https://course.nuk.edu.tw/QueryCourse/tcontent.asp?OpenYear=104&Helf=2&Sclass=CC&Cono=C541,2026-08-26T18:13:36+00:00
104-2-CC-C542-A-1-A,104,2,共同與通識課程,CC,核心通識,C542,A,大學部,1,A,科技與社會,3,選,60,60,,0,倪麥童,M01-103,,,,"5,6, 7",,,,"[{""day"": 4, ""dayName"": ""星期四"", ""periods"": [""5"", ""6"", ""7""], ""raw"": ""5,6, 7""}]",禁止外加,,https://course.nuk.edu.tw/QueryCourse/tcontent.asp?OpenYear=104&Helf=2&Sclass=CC&Cono=C542,2026-08-26T18:13:36+00:00
104-2-CC-C543-A-1-A,104,2,共同與通識課程,CC,核心通識,C543,A,大學部,1,A,科技與社會,3,選,60,60,,0,陳怡夫,C02-407,,,"5,6, 7",,,,,"[{""day"": 3, ""dayName"": ""星期三"", ""periods"": [""5"", ""6"", ""7""], ""raw"": ""5,6, 7""}]",禁止外加,,https://course.nuk.edu.tw/QueryCourse/tcontent.asp?OpenYear=104&Helf=2&Sclass=CC&Cono=C543,2026-08-26T18:13:36+00:00
104-2-CC-C544-A-1-A,104,2,共同與通識課程,CC,核心通識,C544,A,大學部,1,A,科技與社會,3,選,60,60,,0,陳怡夫,C02-407,,,"9,10, 11",,,,,"[{""day"": 3, ""dayName"": ""星期三"", ""periods"": [""9"", ""10"", ""11""], ""raw"": ""9,10, 11""}]",禁止外加,,https://course.nuk.edu.tw/QueryCourse/tcontent.asp?OpenYear=104&Helf=2&Sclass=CC&Cono=C544,2026-08-26T18:13:36+00:00
104-2-CC-C545-A-1-A,104,2,共同與通識課程,CC,核心通識,C545,A,大學部,1,A,科技與社會,3,選,63,63,,0,倪麥童,M01-B104,,,"5,6, 7",,,,,"[{""day"": 3, ""dayName"": ""星期三"", ""periods"": [""5"", ""6"", ""7""], ""raw"": ""5,6, 7""}]",禁止外加,,https://course.nuk.edu.tw/QueryCourse/tcontent.asp?OpenYear=104&Helf=2&Sclass=CC&Cono=C545,2026-08-26T18:13:36+00:00
104-2-CC-C613-A-1-A,104,2,共同與通識課程,CC,核心通識,C613,A,大學部,1,A,環境倫理,3,選,45,41,,4,黃敏郎,M01-102,,,"9,10, 11",,,,,"[{""day"": 3, ""dayName"": ""星期三"", ""periods"": [""9"", ""10"", ""11""], ""raw"": ""9,10, 11""}]",外加,原選修謝議霆老師停開之 同學可優先選課，並請於2/15-2/21前上網選課。(2/22起即開放全校同學加選),https://course.nuk.edu.tw/QueryCourse/tcontent.asp?OpenYear=104&Helf=2&Sclass=CC&Cono=C613,2026-08-26T18:13:36+00:00
104-2-CC-C651-A-1-A,104,2,共同與通識課程,CC,核心通識,C651,A,大學部,1,A,企業倫理,3,選,60,60,,0,陳致仁,M01-208,,,"5,6, 7",,,,,"[{""day"": 3, ""dayName"": ""星期三"", ""periods"": [""5"", ""6"", ""7""], ""raw"": ""5,6, 7""}]",禁止外加,,https://course.nuk.edu.tw/QueryCourse/tcontent.asp?OpenYear=104&Helf=2&Sclass=CC&Cono=C651,2026-08-26T18:13:36+00:00
104-2-CC-C652-A-1-A,104,2,共同與通識課程,CC,核心通識,C652,A,大學部,1,A,企業倫理,3,選,60,60,,0,陳致仁,M01-208,,,"9,10, 11",,,,,"[{""day"": 3, ""dayName"": ""星期三"", ""periods"": [""9"", ""10"", ""11""], ""raw"": ""9,10, 11""}]",禁止外加,,https://course.nuk.edu.tw/QueryCourse/tcontent.asp?OpenYear=104&Helf=2&Sclass=CC&Cono=C652,2026-08-26T18:13:36+00:00
104-2-CC-C681-A-1-A,104,2,共同與通識課程,CC,核心通識,C681,A,大學部,1,A,科技與工程倫理,3,選,60,59,,1,黃鼎元,L02-102,"2,3, 4",,,,,,,"[{""day"": 1, ""dayName"": ""星期一"", ""periods"": [""2"", ""3"", ""4""], ""raw"": ""2,3, 4""}]",禁止外加,"修過核心通識-倫理素養向度之「科技倫理」者請勿重覆選修,重覆選修不列入學分計算",https://course.nuk.edu.tw/QueryCourse/tcontent.asp?OpenYear=104&Helf=2&Sclass=CC&Cono=C681,2026-08-26T18:13:36+00:00
104-2-CC-I111-A-1-A,104,2,共同與通識課程,CC,核心通識,I111,A,大學部,1,A,邏輯思維與論證,3,選,60,60,,0,傅子耕,C02-406,,,"5,6, 7",,,,,"[{""day"": 3, ""dayName"": ""星期三"", ""periods"": [""5"", ""6"", ""7""], ""raw"": ""5,6, 7""}]",禁止外加,,https://course.nuk.edu.tw/QueryCourse/tcontent.asp?OpenYear=104&Helf=2&Sclass=CC&Cono=I111,2026-08-26T18:13:36+00:00
104-2-CC-I112-A-1-A,104,2,共同與通識課程,CC,核心通識,I112,A,大學部,1,A,邏輯思維與論證,3,選,60,24,,36,黃敏郎,M01-102,,,"2,3, 4",,,,,"[{""day"": 3, ""dayName"": ""星期三"", ""periods"": [""2"", ""3"", ""4""], ""raw"": ""2,3, 4""}]",禁止外加,,https://course.nuk.edu.tw/QueryCourse/tcontent.asp?OpenYear=104&Helf=2&Sclass=CC&Cono=I112,2026-08-26T18:13:36+00:00
104-2-CC-I113-A-1-A,104,2,共同與通識課程,CC,核心通識,I113,A,大學部,1,A,邏輯思維與論證,3,選,60,54,,6,黃敏郎,M01-102,,,"5,6, 7",,,,,"[{""day"": 3, ""dayName"": ""星期三"", ""periods"": [""5"", ""6"", ""7""], ""raw"": ""5,6, 7""}]",禁止外加,,https://course.nuk.edu.tw/QueryCourse/tcontent.asp?OpenYear=104&Helf=2&Sclass=CC&Cono=I113,2026-08-26T18:13:36+00:00
104-2-CC-I121-A-1-A,104,2,共同與通識課程,CC,核心通識,I121,A,大學部,1,A,哲學基本問題,3,選,60,60,,0,陳德興,L01-101,,"2,3, 4",,,,,,"[{""day"": 2, ""dayName"": ""星期二"", ""periods"": [""2"", ""3"", ""4""], ""raw"": ""2,3, 4""}]",禁止外加,,https://course.nuk.edu.tw/QueryCourse/tcontent.asp?OpenYear=104&Helf=2&Sclass=CC&Cono=I121,2026-08-26T18:13:36+00:00
104-2-CC-I122-A-1-A,104,2,共同與通識課程,CC,核心通識,I122,A,大學部,1,A,哲學基本問題,3,選,60,60,,0,陳德興,L01-101,,,"2,3, 4",,,,,"[{""day"": 3, ""dayName"": ""星期三"", ""periods"": [""2"", ""3"", ""4""], ""raw"": ""2,3, 4""}]",禁止外加,,https://course.nuk.edu.tw/QueryCourse/tcontent.asp?OpenYear=104&Helf=2&Sclass=CC&Cono=I122,2026-08-26T18:13:36+00:00
104-2-CC-I123-A-1-A,104,2,共同與通識課程,CC,核心通識,I123,A,大學部,1,A,哲學基本問題,3,選,61,61,,0,黃鼎元,L02-102,"5,6, 7",,,,,,,"[{""day"": 1, ""dayName"": ""星期一"", ""periods"": [""5"", ""6"", ""7""], ""raw"": ""5,6, 7""}]",禁止外加,,https://course.nuk.edu.tw/QueryCourse/tcontent.asp?OpenYear=104&Helf=2&Sclass=CC&Cono=I123,2026-08-26T18:13:36+00:00
104-2-CC-I124-A-1-A,104,2,共同與通識課程,CC,核心通識,I124,A,大學部,1,A,哲學基本問題,3,選,63,65,,0,黃鼎元,L02-102,"9,10, 11",,,,,,,"[{""day"": 1, ""dayName"": ""星期一"", ""periods"": [""9"", ""10"", ""11""], ""raw"": ""9,10, 11""}]",禁止外加,,https://course.nuk.edu.tw/QueryCourse/tcontent.asp?OpenYear=104&Helf=2&Sclass=CC&Cono=I124,2026-08-26T18:13:36+00:00
104-2-CC-I211-A-1-A,104,2,共同與通識課程,CC,核心通識,I211,A,大學部,1,A,藝術概論,3,選,60,61,,0,林殷齊,H1--107,"5,6, 7",,,,,,,"[{""day"": 1, ""dayName"": ""星期一"", ""periods"": [""5"", ""6"", ""7""], ""raw"": ""5,6, 7""}]",禁止外加,,https://course.nuk.edu.tw/QueryCourse/tcontent.asp?OpenYear=104&Helf=2&Sclass=CC&Cono=I211,2026-08-26T18:13:36+00:00
104-2-CC-I212-A-1-A,104,2,共同與通識課程,CC,核心通識,I212,A,大學部,1,A,藝術概論,3,選,60,60,,0,歐陽蒨 陳姿菁,L01-103,,,"9,10, 11",,,,,"[{""day"": 3, ""dayName"": ""星期三"", ""periods"": [""9"", ""10"", ""11""], ""raw"": ""9,10, 11""}]",禁止外加,,https://course.nuk.edu.tw/QueryCourse/tcontent.asp?OpenYear=104&Helf=2&Sclass=CC&Cono=I212,2026-08-26T18:13:36+00:00
104-2-CC-I213-A-1-A,104,2,共同與通識課程,CC,核心通識,I213,A,大學部,1,A,藝術概論,3,選,60,60,,0,林殷齊,L01-103,,,,,"2,3, 4",,,"[{""day"": 5, ""dayName"": ""星期五"", ""periods"": [""2"", ""3"", ""4""], ""raw"": ""2,3, 4""}]",禁止外加,,https://course.nuk.edu.tw/QueryCourse/tcontent.asp?OpenYear=104&Helf=2&Sclass=CC&Cono=I213,2026-08-26T18:13:36+00:00
104-2-CC-I251-A-1-A,104,2,共同與通識課程,CC,核心通識,I251,A,大學部,1,A,台灣藝術史,3,選,60,60,,0,徐秀嬪,M01-B101,,,"5,6, 7",,,,,"[{""day"": 3, ""dayName"": ""星期三"", ""periods"": [""5"", ""6"", ""7""], ""raw"": ""5,6, 7""}]",禁止外加,2/17停課乙次，補課時間由授課教師另行通知。,https://course.nuk.edu.tw/QueryCourse/tcontent.asp?OpenYear=104&Helf=2&Sclass=CC&Cono=I251,2026-08-26T18:13:36+00:00
104-2-CC-I261-A-1-A,104,2,共同與通識課程,CC,核心通識,I261,A,大學部,1,A,西洋藝術史概論,3,選,60,60,,0,歐陽蒨,L01-103,,,"5,6, 7",,,,,"[{""day"": 3, ""dayName"": ""星期三"", ""periods"": [""5"", ""6"", ""7""], ""raw"": ""5,6, 7""}]",禁止外加,,https://course.nuk.edu.tw/QueryCourse/tcontent.asp?OpenYear=104&Helf=2&Sclass=CC&Cono=I261,2026-08-26T18:13:36+00:00
104-2-CC-I262-A-1-A,104,2,共同與通識課程,CC,核心通識,I262,A,大學部,1,A,西洋藝術史概論,3,選,60,60,,0,羅文秀,L01-103,"7,8, 9",,,,,,,"[{""day"": 1, ""dayName"": ""星期一"", ""periods"": [""7"", ""8"", ""9""], ""raw"": ""7,8, 9""}]",禁止外加,,https://course.nuk.edu.tw/QueryCourse/tcontent.asp?OpenYear=104&Helf=2&Sclass=CC&Cono=I262,2026-08-26T18:13:36+00:00
104-2-CC-I263-A-1-A,104,2,共同與通識課程,CC,核心通識,I263,A,大學部,1,A,西洋藝術史概論,3,選,60,58,,2,羅文秀,L01-101,,,,"2,3, 4",,,,"[{""day"": 4, ""dayName"": ""星期四"", ""periods"": [""2"", ""3"", ""4""], ""raw"": ""2,3, 4""}]",禁止外加,,https://course.nuk.edu.tw/QueryCourse/tcontent.asp?OpenYear=104&Helf=2&Sclass=CC&Cono=I263,2026-08-26T18:13:36+00:00
104-2-CC-O311-A-1-A,104,2,共同與通識課程,CC,核心通識,O311,A,大學部,1,A,法律與人生,3,選,60,60,,0,許震宇,B01-101,,"5,6, 7",,,,,,"[{""day"": 2, ""dayName"": ""星期二"", ""periods"": [""5"", ""6"", ""7""], ""raw"": ""5,6, 7""}]",禁止外加,,https://course.nuk.edu.tw/QueryCourse/tcontent.asp?OpenYear=104&Helf=2&Sclass=CC&Cono=O311,2026-08-26T18:13:36+00:00
104-2-CC-O312-A-1-A,104,2,共同與通識課程,CC,核心通識,O312,A,大學部,1,A,法律與人生,3,選,60,60,,0,陳進郁,L02-201,,,"2,3, 4",,,,,"[{""day"": 3, ""dayName"": ""星期三"", ""periods"": [""2"", ""3"", ""4""], ""raw"": ""2,3, 4""}]",禁止外加,,https://course.nuk.edu.tw/QueryCourse/tcontent.asp?OpenYear=104&Helf=2&Sclass=CC&Cono=O312,2026-08-26T18:13:36+00:00
104-2-CC-O313-A-1-A,104,2,共同與通識課程,CC,核心通識,O313,A,大學部,1,A,法律與人生,3,選,60,60,,0,陳進郁,L02-201,,,"5,6, 7",,,,,"[{""day"": 3, ""dayName"": ""星期三"", ""periods"": [""5"", ""6"", ""7""], ""raw"": ""5,6, 7""}]",禁止外加,,https://course.nuk.edu.tw/QueryCourse/tcontent.asp?OpenYear=104&Helf=2&Sclass=CC&Cono=O313,2026-08-26T18:13:36+00:00
104-2-CC-O314-A-1-A,104,2,共同與通識課程,CC,核心通識,O314,A,大學部,1,A,法律與人生,3,選,61,61,,0,李英正,C02-102,,,,,"9,10, 11",,,"[{""day"": 5, ""dayName"": ""星期五"", ""periods"": [""9"", ""10"", ""11""], ""raw"": ""9,10, 11""}]",禁止外加,,https://course.nuk.edu.tw/QueryCourse/tcontent.asp?OpenYear=104&Helf=2&Sclass=CC&Cono=O314,2026-08-26T18:13:36+00:00
104-2-CC-O361-A-1-A,104,2,共同與通識課程,CC,核心通識,O361,A,大學部,1,A,媒體識讀與公民參與,3,選,60,26,,34,洪聖斐,L01-101,"2,3, 4",,,,,,,"[{""day"": 1, ""dayName"": ""星期一"", ""periods"": [""2"", ""3"", ""4""], ""raw"": ""2,3, 4""}]",禁止外加,,https://course.nuk.edu.tw/QueryCourse/tcontent.asp?OpenYear=104&Helf=2&Sclass=CC&Cono=O361,2026-08-26T18:13:36+00:00
104-2-CC-O362-A-1-A,104,2,共同與通識課程,CC,核心通識,O362,A,大學部,1,A,媒體識讀與公民參與,3,選,60,59,,1,洪聖斐,L02-101,,,,,"2,3, 4",,,"[{""day"": 5, ""dayName"": ""星期五"", ""periods"": [""2"", ""3"", ""4""], ""raw"": ""2,3, 4""}]",禁止外加,,https://course.nuk.edu.tw/QueryCourse/tcontent.asp?OpenYear=104&Helf=2&Sclass=CC&Cono=O362,2026-08-26T18:13:36+00:00
104-2-CC-O363-A-1-A,104,2,共同與通識課程,CC,核心通識,O363,A,大學部,1,A,媒體識讀與公民參與,3,選,60,51,,9,曾也慎,L02-201,,"5,6, 7",,,,,,"[{""day"": 2, ""dayName"": ""星期二"", ""periods"": [""5"", ""6"", ""7""], ""raw"": ""5,6, 7""}]",禁止外加,,https://course.nuk.edu.tw/QueryCourse/tcontent.asp?OpenYear=104&Helf=2&Sclass=CC&Cono=O363,2026-08-26T18:13:36+00:00
104-2-CC-O411-A-1-A,104,2,共同與通識課程,CC,核心通識,O411,A,大學部,1,A,全球化與多元文化,3,選,61,61,,0,楊書濠 洪聖斐,L01-101,"5,6, 7",,,,,,,"[{""day"": 1, ""dayName"": ""星期一"", ""periods"": [""5"", ""6"", ""7""], ""raw"": ""5,6, 7""}]",禁止外加,本課程包含18小時之線上課程，學生必須加入磨課師平台參與課程教學及討論,https://course.nuk.edu.tw/QueryCourse/tcontent.asp?OpenYear=104&Helf=2&Sclass=CC&Cono=O411,2026-08-26T18:13:36+00:00
104-2-CC-O412-A-1-A,104,2,共同與通識課程,CC,核心通識,O412,A,大學部,1,A,全球化與多元文化,3,選,62,62,,0,陳俊昇,L02-201,,,,,"5,6, 7",,,"[{""day"": 5, ""dayName"": ""星期五"", ""periods"": [""5"", ""6"", ""7""], ""raw"": ""5,6, 7""}]",禁止外加,,https://course.nuk.edu.tw/QueryCourse/tcontent.asp?OpenYear=104&Helf=2&Sclass=CC&Cono=O412,2026-08-26T18:13:36+00:00
104-2-CC-O413-A-1-A,104,2,共同與通識課程,CC,核心通識,O413,A,大學部,1,A,全球化與多元文化,3,選,60,60,,0,劉子昱,C02-105,,,"5,6, 7",,,,,"[{""day"": 3, ""dayName"": ""星期三"", ""periods"": [""5"", ""6"", ""7""], ""raw"": ""5,6, 7""}]",禁止外加,,https://course.nuk.edu.tw/QueryCourse/tcontent.asp?OpenYear=104&Helf=2&Sclass=CC&Cono=O413,2026-08-26T18:13:36+00:00
104-2-CC-O414-A-1-A,104,2,共同與通識課程,CC,核心通識,O414,A,大學部,1,A,全球化與多元文化,3,選,60,60,,0,劉子昱,C02-105,,,"9,10, 11",,,,,"[{""day"": 3, ""dayName"": ""星期三"", ""periods"": [""9"", ""10"", ""11""], ""raw"": ""9,10, 11""}]",禁止外加,,https://course.nuk.edu.tw/QueryCourse/tcontent.asp?OpenYear=104&Helf=2&Sclass=CC&Cono=O414,2026-08-26T18:13:36+00:00
104-2-CC-O423-A-1-A,104,2,共同與通識課程,CC,核心通識,O423,A,大學部,1,A,探索台灣－歷史篇,3,選,60,60,,0,楊書濠,L02-202,"2,3, 4",,,,,,,"[{""day"": 1, ""dayName"": ""星期一"", ""periods"": [""2"", ""3"", ""4""], ""raw"": ""2,3, 4""}]",禁止外加,,https://course.nuk.edu.tw/QueryCourse/tcontent.asp?OpenYear=104&Helf=2&Sclass=CC&Cono=O423,2026-08-26T18:13:36+00:00
104-2-CC-O424-A-1-A,104,2,共同與通識課程,CC,核心通識,O424,A,大學部,1,A,探索台灣－歷史篇,3,選,61,61,,0,楊書濠,L02-202,"10,11, 12",,,,,,,"[{""day"": 1, ""dayName"": ""星期一"", ""periods"": [""10"", ""11"", ""12""], ""raw"": ""10,11, 12""}]",禁止外加,,https://course.nuk.edu.tw/QueryCourse/tcontent.asp?OpenYear=104&Helf=2&Sclass=CC&Cono=O424,2026-08-26T18:13:36+00:00
104-2-CC-O42A-A-1-A,104,2,共同與通識課程,CC,核心通識,O42A,A,大學部,1,A,探索台灣－文化篇,3,選,60,58,,2,翁烔慶,L02-202,,,"5,6, 7",,,,,"[{""day"": 3, ""dayName"": ""星期三"", ""periods"": [""5"", ""6"", ""7""], ""raw"": ""5,6, 7""}]",禁止外加,,https://course.nuk.edu.tw/QueryCourse/tcontent.asp?OpenYear=104&Helf=2&Sclass=CC&Cono=O42A,2026-08-26T18:13:36+00:00
104-2-CD-A071-A-1-A,104,2,共同與通識課程,CD,全民國防教育類,A071,A,大學部,1,A,全民國防教育軍事訓練課程-國際情勢,0,選,60,25,,35,王美玲,C02-B100,,"3,4",,,,,,"[{""day"": 2, ""dayName"": ""星期二"", ""periods"": [""3"", ""4""], ""raw"": ""3,4""}]",,本課程可折減兵役或軍事訓練役期,https://course.nuk.edu.tw/QueryCourse/tcontent.asp?OpenYear=104&Helf=2&Sclass=CD&Cono=A071,2026-08-26T18:13:36+00:00
104-2-CD-A072-A-1-A,104,2,共同與通識課程,CD,全民國防教育類,A072,A,大學部,1,A,全民國防教育軍事訓練課程-國際情勢,0,選,60,15,,45,王美玲,C02-B100,,,"3,4",,,,,"[{""day"": 3, ""dayName"": ""星期三"", ""periods"": [""3"", ""4""], ""raw"": ""3,4""}]",,本課程可折減兵役或軍事訓練役期,https://course.nuk.edu.tw/QueryCourse/tcontent.asp?OpenYear=104&Helf=2&Sclass=CD&Cono=A072,2026-08-26T18:13:36+00:00
104-2-CD-A091-A-1-A,104,2,共同與通識課程,CD,全民國防教育類,A091,A,大學部,1,A,全民國防教育軍事訓練課程-防衛動員,0,選,60,38,,22,潘宗禎,C02-111,,"6,7",,,,,,"[{""day"": 2, ""dayName"": ""星期二"", ""periods"": [""6"", ""7""], ""raw"": ""6,7""}]",,本課程可折減兵役或軍事訓練役期,https://course.nuk.edu.tw/QueryCourse/tcontent.asp?OpenYear=104&Helf=2&Sclass=CD&Cono=A091,2026-08-26T18:13:36+00:00
104-2-CD-A092-A-1-A,104,2,共同與通識課程,CD,全民國防教育類,A092,A,大學部,1,A,全民國防教育軍事訓練課程-防衛動員,0,選,60,24,,36,潘宗禎,C02-B100,,,"6,7",,,,,"[{""day"": 3, ""dayName"": ""星期三"", ""periods"": [""6"", ""7""], ""raw"": ""6,7""}]",禁止外加,本課程可折減兵役或軍事訓練役期,https://course.nuk.edu.tw/QueryCourse/tcontent.asp?OpenYear=104&Helf=2&Sclass=CD&Cono=A092,2026-08-26T18:13:36+00:00
104-2-GR-0102-A-1-A,104,2,共同與通識課程,GR,共同必修系列,0102,A,大學部,1,A,中文(下),2,必,40,36,,4,賴素玫,M01-102,,"5,6",,,,,,"[{""day"": 2, ""dayName"": ""星期二"", ""periods"": [""5"", ""6""], ""raw"": ""5,6""}]",禁止外加,,https://course.nuk.edu.tw/QueryCourse/tcontent.asp?OpenYear=104&Helf=2&Sclass=GR&Cono=0102,2026-08-26T18:13:36+00:00
104-2-GR-0202-A-1-A,104,2,共同與通識課程,GR,共同必修系列,0202,A,大學部,1,A,中文(下),2,必,40,40,,0,賴素玫,M01-104,,,"5,6",,,,,"[{""day"": 3, ""dayName"": ""星期三"", ""periods"": [""5"", ""6""], ""raw"": ""5,6""}]",禁止外加,,https://course.nuk.edu.tw/QueryCourse/tcontent.asp?OpenYear=104&Helf=2&Sclass=GR&Cono=0202,2026-08-26T18:13:36+00:00
104-2-GR-0302-A-1-A,104,2,共同與通識課程,GR,共同必修系列,0302,A,大學部,1,A,中文(下),2,必,40,37,,3,賴素玫,M01-104,,,"7,8",,,,,"[{""day"": 3, ""dayName"": ""星期三"", ""periods"": [""7"", ""8""], ""raw"": ""7,8""}]",禁止外加,,https://course.nuk.edu.tw/QueryCourse/tcontent.asp?OpenYear=104&Helf=2&Sclass=GR&Cono=0302,2026-08-26T18:13:36+00:00
104-2-GR-0402-A-1-A,104,2,共同與通識課程,GR,共同必修系列,0402,A,大學部,1,A,中文(下),2,必,40,35,,5,賴素玫,L02-201,,,,"3,4",,,,"[{""day"": 4, ""dayName"": ""星期四"", ""periods"": [""3"", ""4""], ""raw"": ""3,4""}]",禁止外加,,https://course.nuk.edu.tw/QueryCourse/tcontent.asp?OpenYear=104&Helf=2&Sclass=GR&Cono=0402,2026-08-26T18:13:36+00:00
104-2-GR-0502-A-1-A,104,2,共同與通識課程,GR,共同必修系列,0502,A,大學部,1,A,中文(下),2,必,40,39,,1,高美芸,L01-101,,,,"5,6",,,,"[{""day"": 4, ""dayName"": ""星期四"", ""periods"": [""5"", ""6""], ""raw"": ""5,6""}]",禁止外加,,https://course.nuk.edu.tw/QueryCourse/tcontent.asp?OpenYear=104&Helf=2&Sclass=GR&Cono=0502,2026-08-26T18:13:36+00:00
104-2-GR-0602-A-1-A,104,2,共同與通識課程,GR,共同必修系列,0602,A,大學部,1,A,中文(下),2,必,40,40,,0,謝敏玲,B01-101,,"10,11",,,,,,"[{""day"": 2, ""dayName"": ""星期二"", ""periods"": [""10"", ""11""], ""raw"": ""10,11""}]",禁止外加,,https://course.nuk.edu.tw/QueryCourse/tcontent.asp?OpenYear=104&Helf=2&Sclass=GR&Cono=0602,2026-08-26T18:13:36+00:00
104-2-GR-1102-A-1-A,104,2,共同與通識課程,GR,共同必修系列,1102,A,大學部,1,A,中文(下),2,必,40,40,,0,陳猷青,M01-103,,,,,"1,2",,,"[{""day"": 5, ""dayName"": ""星期五"", ""periods"": [""1"", ""2""], ""raw"": ""1,2""}]",禁止外加,,https://course.nuk.edu.tw/QueryCourse/tcontent.asp?OpenYear=104&Helf=2&Sclass=GR&Cono=1102,2026-08-26T18:13:36+00:00
104-2-GR-1702-A-1-A,104,2,共同與通識課程,GR,共同必修系列,1702,A,大學部,1,A,中文(下),2,必,40,40,,0,陳猷青,M01-103,,,,,"3,4",,,"[{""day"": 5, ""dayName"": ""星期五"", ""periods"": [""3"", ""4""], ""raw"": ""3,4""}]",禁止外加,,https://course.nuk.edu.tw/QueryCourse/tcontent.asp?OpenYear=104&Helf=2&Sclass=GR&Cono=1702,2026-08-26T18:13:36+00:00
104-2-GR-2102-A-1-A,104,2,共同與通識課程,GR,共同必修系列,2102,A,大學部,1,A,中文(下),2,必,40,41,,0,林于盛,L02-107,,,"5,6",,,,,"[{""day"": 3, ""dayName"": ""星期三"", ""periods"": [""5"", ""6""], ""raw"": ""5,6""}]",禁止外加,,https://course.nuk.edu.tw/QueryCourse/tcontent.asp?OpenYear=104&Helf=2&Sclass=GR&Cono=2102,2026-08-26T18:13:36+00:00
104-2-GR-2202-A-1-A,104,2,共同與通識課程,GR,共同必修系列,2202,A,大學部,1,A,中文(下),2,必,40,40,,0,林于盛,L02-107,,,"7,8",,,,,"[{""day"": 3, ""dayName"": ""星期三"", ""periods"": [""7"", ""8""], ""raw"": ""7,8""}]",禁止外加,,https://course.nuk.edu.tw/QueryCourse/tcontent.asp?OpenYear=104&Helf=2&Sclass=GR&Cono=2202,2026-08-26T18:13:36+00:00
104-2-GR-2302-A-1-A,104,2,共同與通識課程,GR,共同必修系列,2302,A,大學部,1,A,中文(下),2,必,40,23,,17,蔡文彥,B01-107,,"3,4",,,,,,"[{""day"": 2, ""dayName"": ""星期二"", ""periods"": [""3"", ""4""], ""raw"": ""3,4""}]",禁止外加,,https://course.nuk.edu.tw/QueryCourse/tcontent.asp?OpenYear=104&Helf=2&Sclass=GR&Cono=2302,2026-08-26T18:13:36+00:00
104-2-GR-3102-A-1-A,104,2,共同與通識課程,GR,共同必修系列,3102,A,大學部,1,A,中文(下),2,必,40,32,,8,蔡文彥,B01-107,,"1,2",,,,,,"[{""day"": 2, ""dayName"": ""星期二"", ""periods"": [""1"", ""2""], ""raw"": ""1,2""}]",禁止外加,,https://course.nuk.edu.tw/QueryCourse/tcontent.asp?OpenYear=104&Helf=2&Sclass=GR&Cono=3102,2026-08-26T18:13:36+00:00
104-2-GR-3202-A-1-A,104,2,共同與通識課程,GR,共同必修系列,3202,A,大學部,1,A,中文(下),2,必,40,40,,0,郭國泰,M01-101,"10,11",,,,,,,"[{""day"": 1, ""dayName"": ""星期一"", ""periods"": [""10"", ""11""], ""raw"": ""10,11""}]",禁止外加,,https://course.nuk.edu.tw/QueryCourse/tcontent.asp?OpenYear=104&Helf=2&Sclass=GR&Cono=3202,2026-08-26T18:13:36+00:00
104-2-GR-3302-A-1-A,104,2,共同與通識課程,GR,共同必修系列,3302,A,大學部,1,A,中文(下),2,必,40,40,,0,郭國泰,L02-107,,"1,2",,,,,,"[{""day"": 2, ""dayName"": ""星期二"", ""periods"": [""1"", ""2""], ""raw"": ""1,2""}]",禁止外加,,https://course.nuk.edu.tw/QueryCourse/tcontent.asp?OpenYear=104&Helf=2&Sclass=GR&Cono=3302,2026-08-26T18:13:36+00:00
104-2-GR-4102-A-1-A,104,2,共同與通識課程,GR,共同必修系列,4102,A,大學部,1,A,中文(下),2,必,40,31,,9,嚴立仁,M01-105,"1,2",,,,,,,"[{""day"": 1, ""dayName"": ""星期一"", ""periods"": [""1"", ""2""], ""raw"": ""1,2""}]",禁止外加,,https://course.nuk.edu.tw/QueryCourse/tcontent.asp?OpenYear=104&Helf=2&Sclass=GR&Cono=4102,2026-08-26T18:13:36+00:00
104-2-GR-4202-A-1-A,104,2,共同與通識課程,GR,共同必修系列,4202,A,大學部,1,A,中文(下),2,必,40,38,,2,柯品文,B01-108,,,"9,10",,,,,"[{""day"": 3, ""dayName"": ""星期三"", ""periods"": [""9"", ""10""], ""raw"": ""9,10""}]",禁止外加,,https://course.nuk.edu.tw/QueryCourse/tcontent.asp?OpenYear=104&Helf=2&Sclass=GR&Cono=4202,2026-08-26T18:13:36+00:00
104-2-GR-4302-A-1-A,104,2,共同與通識課程,GR,共同必修系列,4302,A,大學部,1,A,中文(下),2,必,40,34,,6,柯品文,B01-108,,,"11,12",,,,,"[{""day"": 3, ""dayName"": ""星期三"", ""periods"": [""11"", ""12""], ""raw"": ""11,12""}]",禁止外加,,https://course.nuk.edu.tw/QueryCourse/tcontent.asp?OpenYear=104&Helf=2&Sclass=GR&Cono=4302,2026-08-26T18:13:36+00:00
104-2-GR-5102-A-1-A,104,2,共同與通識課程,GR,共同必修系列,5102,A,大學部,1,A,中文(下),2,必,40,40,,0,黃淑瑮,B01-107,"5,6",,,,,,,"[{""day"": 1, ""dayName"": ""星期一"", ""periods"": [""5"", ""6""], ""raw"": ""5,6""}]",禁止外加,,https://course.nuk.edu.tw/QueryCourse/tcontent.asp?OpenYear=104&Helf=2&Sclass=GR&Cono=5102,2026-08-26T18:13:36+00:00
104-2-GR-5202-A-1-A,104,2,共同與通識課程,GR,共同必修系列,5202,A,大學部,1,A,中文(下),2,必,40,40,,0,黃淑瑮,B01-107,"7,8",,,,,,,"[{""day"": 1, ""dayName"": ""星期一"", ""periods"": [""7"", ""8""], ""raw"": ""7,8""}]",禁止外加,,https://course.nuk.edu.tw/QueryCourse/tcontent.asp?OpenYear=104&Helf=2&Sclass=GR&Cono=5202,2026-08-26T18:13:36+00:00
104-2-GR-5302-A-1-A,104,2,共同與通識課程,GR,共同必修系列,5302,A,大學部,1,A,中文(下),2,必,40,40,,0,鄭智仁,M01-105,,,"3,4",,,,,"[{""day"": 3, ""dayName"": ""星期三"", ""periods"": [""3"", ""4""], ""raw"": ""3,4""}]",禁止外加,,https://course.nuk.edu.tw/QueryCourse/tcontent.asp?OpenYear=104&Helf=2&Sclass=GR&Cono=5302,2026-08-26T18:13:36+00:00
104-2-GR-5402-A-1-A,104,2,共同與通識課程,GR,共同必修系列,5402,A,大學部,1,A,中文(下),2,必,40,40,,0,鄭智仁,M01-101,,,"5,6",,,,,"[{""day"": 3, ""dayName"": ""星期三"", ""periods"": [""5"", ""6""], ""raw"": ""5,6""}]",禁止外加,,https://course.nuk.edu.tw/QueryCourse/tcontent.asp?OpenYear=104&Helf=2&Sclass=GR&Cono=5402,2026-08-26T18:13:36+00:00
104-2-GR-5502-A-1-A,104,2,共同與通識課程,GR,共同必修系列,5502,A,大學部,1,A,中文(下),2,必,40,40,,0,許正平,M01-206,,,"5,6",,,,,"[{""day"": 3, ""dayName"": ""星期三"", ""periods"": [""5"", ""6""], ""raw"": ""5,6""}]",禁止外加,,https://course.nuk.edu.tw/QueryCourse/tcontent.asp?OpenYear=104&Helf=2&Sclass=GR&Cono=5502,2026-08-26T18:13:36+00:00
104-2-GR-5602-A-1-A,104,2,共同與通識課程,GR,共同必修系列,5602,A,大學部,1,A,中文(下),2,必,40,40,,0,白崢勇,B01-109,,,"1,2",,,,,"[{""day"": 3, ""dayName"": ""星期三"", ""periods"": [""1"", ""2""], ""raw"": ""1,2""}]",禁止外加,白崢勇老師,https://course.nuk.edu.tw/QueryCourse/tcontent.asp?OpenYear=104&Helf=2&Sclass=GR&Cono=5602,2026-08-26T18:13:36+00:00
104-2-GR-5702-A-1-A,104,2,共同與通識課程,GR,共同必修系列,5702,A,大學部,1,A,中文(下),2,必,40,22,,18,白崢勇,B01-109,,,"3,4",,,,,"[{""day"": 3, ""dayName"": ""星期三"", ""periods"": [""3"", ""4""], ""raw"": ""3,4""}]",禁止外加,白崢勇老師,https://course.nuk.edu.tw/QueryCourse/tcontent.asp?OpenYear=104&Helf=2&Sclass=GR&Cono=5702,2026-08-26T18:13:36+00:00
104-2-GR-6102-A-1-A,104,2,共同與通識課程,GR,共同必修系列,6102,A,大學部,1,A,中文(下),2,必,40,40,,0,古佳峻,M01-103,,,"7,8",,,,,"[{""day"": 3, ""dayName"": ""星期三"", ""periods"": [""7"", ""8""], ""raw"": ""7,8""}]",禁止外加,古佳峻老師,https://course.nuk.edu.tw/QueryCourse/tcontent.asp?OpenYear=104&Helf=2&Sclass=GR&Cono=6102,2026-08-26T18:13:36+00:00
104-2-GR-6202-A-1-A,104,2,共同與通識課程,GR,共同必修系列,6202,A,大學部,1,A,中文(下),2,必,40,40,,0,喻緒琪,B01-106,,,,"7,8",,,,"[{""day"": 4, ""dayName"": ""星期四"", ""periods"": [""7"", ""8""], ""raw"": ""7,8""}]",禁止外加,喻緒琪老師,https://course.nuk.edu.tw/QueryCourse/tcontent.asp?OpenYear=104&Helf=2&Sclass=GR&Cono=6202,2026-08-26T18:13:36+00:00
104-2-GR-6302-A-1-A,104,2,共同與通識課程,GR,共同必修系列,6302,A,大學部,1,A,中文(下),2,必,40,41,,0,蔡政惠,B01-101,,,"5,6",,,,,"[{""day"": 3, ""dayName"": ""星期三"", ""periods"": [""5"", ""6""], ""raw"": ""5,6""}]",禁止外加,,https://course.nuk.edu.tw/QueryCourse/tcontent.asp?OpenYear=104&Helf=2&Sclass=GR&Cono=6302,2026-08-26T18:13:36+00:00
104-2-GR-8102-A-1-A,104,2,共同與通識課程,GR,共同必修系列,8102,A,大學部,1,A,中文(下)-外僑組,2,必,4,4,,0,蔡政惠,B01-107,,,"11,12",,,,,"[{""day"": 3, ""dayName"": ""星期三"", ""periods"": [""11"", ""12""], ""raw"": ""11,12""}]",外加,"選修此班需經教師認定核可;欲選修此班級之學生請於開學第一週至上課教室受測驗後,再由教師指定加選。",https://course.nuk.edu.tw/QueryCourse/tcontent.asp?OpenYear=104&Helf=2&Sclass=GR&Cono=8102,2026-08-26T18:13:36+00:00
104-2-GR-A0AA-A-1-A,104,2,共同與通識課程,GR,共同必修系列,A0AA,A,大學部,1,A,英語會話與閱讀(下)：高階班,2,必,55,40,,15,王嵩嵐,H1--103,"5,6",,,,,,,"[{""day"": 1, ""dayName"": ""星期一"", ""periods"": [""5"", ""6""], ""raw"": ""5,6""}]",禁止外加,1.英語會話與閱讀依學生能力等級編列班級(系統匯入選課，請勿自行選課)2.原則上不承認自行更換班級之學生學分3.重補修生請於第3階段再行加選,https://course.nuk.edu.tw/QueryCourse/tcontent.asp?OpenYear=104&Helf=2&Sclass=GR&Cono=A0AA,2026-08-26T18:13:36+00:00
104-2-GR-A0AB-A-1-A,104,2,共同與通識課程,GR,共同必修系列,A0AB,A,大學部,1,A,英語會話與閱讀(下)：高階班,2,必,55,39,,16,顏正裕,M01-102,"7,8",,,,,,,"[{""day"": 1, ""dayName"": ""星期一"", ""periods"": [""7"", ""8""], ""raw"": ""7,8""}]",禁止外加,顏正裕。1.英語會話與閱讀依學生能力等級編列班級(系統匯入選課，請勿自行選課)2.原則上不承認自行更換班級之學生學分3.重補修生請於第3階段再行加選,https://course.nuk.edu.tw/QueryCourse/tcontent.asp?OpenYear=104&Helf=2&Sclass=GR&Cono=A0AB,2026-08-26T18:13:36+00:00
104-2-GR-A0AC-A-1-A,104,2,共同與通識課程,GR,共同必修系列,A0AC,A,大學部,1,A,英語會話與閱讀(下)：高階班,2,必,55,43,,12,陳麗青,H1--101,,,"5,6",,,,,"[{""day"": 3, ""dayName"": ""星期三"", ""periods"": [""5"", ""6""], ""raw"": ""5,6""}]",禁止外加,1.英語會話與閱讀依學生能力等級編列班級(系統匯入選課，請勿自行選課)2.原則上不承認自行更換班級之學生學分3.重補修生請於第3階段再行加選,https://course.nuk.edu.tw/QueryCourse/tcontent.asp?OpenYear=104&Helf=2&Sclass=GR&Cono=A0AC,2026-08-26T18:13:36+00:00
104-2-GR-A0AD-A-1-A,104,2,共同與通識課程,GR,共同必修系列,A0AD,A,大學部,1,A,英語會話與閱讀(下)：高階班,2,必,55,41,,14,陳媛玲,B01-103,,,"5,6",,,,,"[{""day"": 3, ""dayName"": ""星期三"", ""periods"": [""5"", ""6""], ""raw"": ""5,6""}]",禁止外加,1.英語會話與閱讀依學生能力等級編列班級(系統匯入選課，請勿自行選課)2.原則上不承認自行更換班級之學生學分3.重補修生請於第3階段再行加選,https://course.nuk.edu.tw/QueryCourse/tcontent.asp?OpenYear=104&Helf=2&Sclass=GR&Cono=A0AD,2026-08-26T18:13:36+00:00
104-2-GR-A0BA-A-1-A,104,2,共同與通識課程,GR,共同必修系列,A0BA,A,大學部,1,A,英語會話與閱讀(下)：中階班,2,必,55,42,,13,蔡奎如,M01-103,"5,6",,,,,,,"[{""day"": 1, ""dayName"": ""星期一"", ""periods"": [""5"", ""6""], ""raw"": ""5,6""}]",禁止外加,1.英語會話與閱讀依學生能力等級編列班級(系統匯入選課，請勿自行選課)2.原則上不承認自行更換班級之學生學分3.重補修生請於第3階段再行加選,https://course.nuk.edu.tw/QueryCourse/tcontent.asp?OpenYear=104&Helf=2&Sclass=GR&Cono=A0BA,2026-08-26T18:13:36+00:00
104-2-GR-A0BB-A-1-A,104,2,共同與通識課程,GR,共同必修系列,A0BB,A,大學部,1,A,英語會話與閱讀(下)：中階班,2,必,55,42,,13,蔡奎如,M01-103,"7,8",,,,,,,"[{""day"": 1, ""dayName"": ""星期一"", ""periods"": [""7"", ""8""], ""raw"": ""7,8""}]",禁止外加,1.英語會話與閱讀依學生能力等級編列班級(系統匯入選課，請勿自行選課)2.原則上不承認自行更換班級之學生學分3.重補修生請於第3階段再行加選,https://course.nuk.edu.tw/QueryCourse/tcontent.asp?OpenYear=104&Helf=2&Sclass=GR&Cono=A0BB,2026-08-26T18:13:36+00:00
104-2-GR-A0BC-A-1-A,104,2,共同與通識課程,GR,共同必修系列,A0BC,A,大學部,1,A,英語會話與閱讀(下)：中階班,2,必,55,46,,9,唐淑芳,B01-101,"5,6",,,,,,,"[{""day"": 1, ""dayName"": ""星期一"", ""periods"": [""5"", ""6""], ""raw"": ""5,6""}]",禁止外加,1.英語會話與閱讀依學生能力等級編列班級(系統匯入選課，請勿自行選課)2.原則上不承認自行更換班級之學生學分3.重補修生請於第3階段再行加選,https://course.nuk.edu.tw/QueryCourse/tcontent.asp?OpenYear=104&Helf=2&Sclass=GR&Cono=A0BC,2026-08-26T18:13:36+00:00
104-2-GR-A0BD-A-1-A,104,2,共同與通識課程,GR,共同必修系列,A0BD,A,大學部,1,A,英語會話與閱讀(下)：中階班,2,必,55,46,,9,唐淑芳,B01-101,"7,8",,,,,,,"[{""day"": 1, ""dayName"": ""星期一"", ""periods"": [""7"", ""8""], ""raw"": ""7,8""}]",禁止外加,1.英語會話與閱讀依學生能力等級編列班級(系統匯入選課，請勿自行選課)2.原則上不承認自行更換班級之學生學分3.重補修生請於第3階段再行加選,https://course.nuk.edu.tw/QueryCourse/tcontent.asp?OpenYear=104&Helf=2&Sclass=GR&Cono=A0BD,2026-08-26T18:13:36+00:00
104-2-GR-A0BE-A-1-A,104,2,共同與通識課程,GR,共同必修系列,A0BE,A,大學部,1,A,英語會話與閱讀(下)：中階班,2,必,55,46,,9,許建華,B01-106,"5,6",,,,,,,"[{""day"": 1, ""dayName"": ""星期一"", ""periods"": [""5"", ""6""], ""raw"": ""5,6""}]",禁止外加,1.英語會話與閱讀依學生能力等級編列班級(系統匯入選課，請勿自行選課)2.原則上不承認自行更換班級之學生學分3.重補修生請於第3階段再行加選,https://course.nuk.edu.tw/QueryCourse/tcontent.asp?OpenYear=104&Helf=2&Sclass=GR&Cono=A0BE,2026-08-26T18:13:36+00:00
104-2-GR-A0BF-A-1-A,104,2,共同與通識課程,GR,共同必修系列,A0BF,A,大學部,1,A,英語會話與閱讀(下)：中階班,2,必,55,42,,13,許建華,B01-106,"7,8",,,,,,,"[{""day"": 1, ""dayName"": ""星期一"", ""periods"": [""7"", ""8""], ""raw"": ""7,8""}]",禁止外加,1.英語會話與閱讀依學生能力等級編列班級(系統匯入選課，請勿自行選課)2.原則上不承認自行更換班級之學生學分3.重補修生請於第3階段再行加選,https://course.nuk.edu.tw/QueryCourse/tcontent.asp?OpenYear=104&Helf=2&Sclass=GR&Cono=A0BF,2026-08-26T18:13:36+00:00
104-2-GR-A0BG-A-1-A,104,2,共同與通識課程,GR,共同必修系列,A0BG,A,大學部,1,A,英語會話與閱讀(下)：中階班,2,必,55,45,,10,楊淑華,B01-108,"5,6",,,,,,,"[{""day"": 1, ""dayName"": ""星期一"", ""periods"": [""5"", ""6""], ""raw"": ""5,6""}]",禁止外加,1.英語會話與閱讀依學生能力等級編列班級(系統匯入選課，請勿自行選課)2.原則上不承認自行更換班級之學生學分3.重補修生請於第3階段再行加選,https://course.nuk.edu.tw/QueryCourse/tcontent.asp?OpenYear=104&Helf=2&Sclass=GR&Cono=A0BG,2026-08-26T18:13:36+00:00
104-2-GR-A0BH-A-1-A,104,2,共同與通識課程,GR,共同必修系列,A0BH,A,大學部,1,A,英語會話與閱讀(下)：中階班,2,必,55,47,,8,楊淑華,B01-108,"7,8",,,,,,,"[{""day"": 1, ""dayName"": ""星期一"", ""periods"": [""7"", ""8""], ""raw"": ""7,8""}]",禁止外加,1.英語會話與閱讀依學生能力等級編列班級(系統匯入選課，請勿自行選課)2.原則上不承認自行更換班級之學生學分3.重補修生請於第3階段再行加選,https://course.nuk.edu.tw/QueryCourse/tcontent.asp?OpenYear=104&Helf=2&Sclass=GR&Cono=A0BH,2026-08-26T18:13:36+00:00
104-2-GR-A0BI-A-1-A,104,2,共同與通識課程,GR,共同必修系列,A0BI,A,大學部,1,A,英語會話與閱讀(下)：中階班,2,必,55,41,,14,蔡奎如,M01-204,,,"5,6",,,,,"[{""day"": 3, ""dayName"": ""星期三"", ""periods"": [""5"", ""6""], ""raw"": ""5,6""}]",禁止外加,1.英語會話與閱讀依學生能力等級編列班級(系統匯入選課，請勿自行選課)2.原則上不承認自行更換班級之學生學分3.重補修生請於第3階段再行加選,https://course.nuk.edu.tw/QueryCourse/tcontent.asp?OpenYear=104&Helf=2&Sclass=GR&Cono=A0BI,2026-08-26T18:13:36+00:00
104-2-GR-A0BJ-A-1-A,104,2,共同與通識課程,GR,共同必修系列,A0BJ,A,大學部,1,A,英語會話與閱讀(下)：中階班,2,必,55,48,,7,陳信智,B01-107,,,"5,6",,,,,"[{""day"": 3, ""dayName"": ""星期三"", ""periods"": [""5"", ""6""], ""raw"": ""5,6""}]",禁止外加,1.英語會話與閱讀依學生能力等級編列班級(系統匯入選課，請勿自行選課)2.原則上不承認自行更換班級之學生學分3.重補修生請於第3階段再行加選,https://course.nuk.edu.tw/QueryCourse/tcontent.asp?OpenYear=104&Helf=2&Sclass=GR&Cono=A0BJ,2026-08-26T18:13:36+00:00
104-2-GR-A0BK-A-1-A,104,2,共同與通識課程,GR,共同必修系列,A0BK,A,大學部,1,A,英語會話與閱讀(下)：中階班,2,必,55,45,,10,陳信智,B01-107,,,"7,8",,,,,"[{""day"": 3, ""dayName"": ""星期三"", ""periods"": [""7"", ""8""], ""raw"": ""7,8""}]",禁止外加,1.英語會話與閱讀依學生能力等級編列班級(系統匯入選課，請勿自行選課)2.原則上不承認自行更換班級之學生學分3.重補修生請於第3階段再行加選,https://course.nuk.edu.tw/QueryCourse/tcontent.asp?OpenYear=104&Helf=2&Sclass=GR&Cono=A0BK,2026-08-26T18:13:36+00:00
104-2-GR-A114-A-1-A,104,2,共同與通識課程,GR,共同必修系列,A114,A,大學部,1,A,服務學習培養(西洋語文學系B),0,必,28,26,,2,王美玲,,X,,,,,,,"[{""day"": 1, ""dayName"": ""星期一"", ""periods"": [""X""], ""raw"": ""X""}]",,,https://course.nuk.edu.tw/QueryCourse/tcontent.asp?OpenYear=104&Helf=2&Sclass=GR&Cono=A114,2026-08-26T18:13:36+00:00
104-2-GR-A124-A-1-A,104,2,共同與通識課程,GR,共同必修系列,A124,A,大學部,1,A,服務學習培養(運動健康與休閒學系B),0,必,17,17,,0,王美玲,,X,,,,,,,"[{""day"": 1, ""dayName"": ""星期一"", ""periods"": [""X""], ""raw"": ""X""}]",限修,限運動健康與休閒學系,https://course.nuk.edu.tw/QueryCourse/tcontent.asp?OpenYear=104&Helf=2&Sclass=GR&Cono=A124,2026-08-26T18:13:36+00:00
104-2-GR-A164-A-1-A,104,2,共同與通識課程,GR,共同必修系列,A164,A,大學部,1,A,服務學習培養(創意設計與建築學系B),0,必,38,35,,3,王美玲,,X,,,,,,,"[{""day"": 1, ""dayName"": ""星期一"", ""periods"": [""X""], ""raw"": ""X""}]",,創意設計與建築學系優先,https://course.nuk.edu.tw/QueryCourse/tcontent.asp?OpenYear=104&Helf=2&Sclass=GR&Cono=A164,2026-08-26T18:13:36+00:00
104-2-GR-A174-A-1-A,104,2,共同與通識課程,GR,共同必修系列,A174,A,大學部,1,A,服務學習培養(東亞語文學系B),0,必,38,30,,8,王美玲,,X,,,,,,,"[{""day"": 1, ""dayName"": ""星期一"", ""periods"": [""X""], ""raw"": ""X""}]",,,https://course.nuk.edu.tw/QueryCourse/tcontent.asp?OpenYear=104&Helf=2&Sclass=GR&Cono=A174,2026-08-26T18:13:36+00:00
104-2-GR-A184-A-1-A,104,2,共同與通識課程,GR,共同必修系列,A184,A,大學部,1,A,服務學習培養(運動競技學系B),0,必,24,21,,3,王美玲,,X,,,,,,,"[{""day"": 1, ""dayName"": ""星期一"", ""periods"": [""X""], ""raw"": ""X""}]",,,https://course.nuk.edu.tw/QueryCourse/tcontent.asp?OpenYear=104&Helf=2&Sclass=GR&Cono=A184,2026-08-26T18:13:36+00:00
104-2-GR-A1CA-A-1-A,104,2,共同與通識課程,GR,共同必修系列,A1CA,A,大學部,1,A,英語會話與閱讀(下)：初階班,2,必,55,53,,2,歐素雯,B01-109,"5,6",,,,,,,"[{""day"": 1, ""dayName"": ""星期一"", ""periods"": [""5"", ""6""], ""raw"": ""5,6""}]",禁止外加,1.英語會話與閱讀依學生能力等級編列班級(系統匯入選課，請勿自行選課)2.原則上不承認自行更換班級之學生學分3.重補修生請於第3階段再行加選,https://course.nuk.edu.tw/QueryCourse/tcontent.asp?OpenYear=104&Helf=2&Sclass=GR&Cono=A1CA,2026-08-26T18:13:36+00:00
104-2-GR-A1CB-A-1-A,104,2,共同與通識課程,GR,共同必修系列,A1CB,A,大學部,1,A,英語會話與閱讀(下)：初階班,2,必,55,55,,0,歐素雯,B01-109,"7,8",,,,,,,"[{""day"": 1, ""dayName"": ""星期一"", ""periods"": [""7"", ""8""], ""raw"": ""7,8""}]",禁止外加,1.英語會話與閱讀依學生能力等級編列班級(系統匯入選課，請勿自行選課)2.原則上不承認自行更換班級之學生學分3.重補修生請於第3階段再行加選,https://course.nuk.edu.tw/QueryCourse/tcontent.asp?OpenYear=104&Helf=2&Sclass=GR&Cono=A1CB,2026-08-26T18:13:36+00:00
104-2-GR-A1CC-A-1-A,104,2,共同與通識課程,GR,共同必修系列,A1CC,A,大學部,1,A,英語會話與閱讀(下)：初階班,2,必,55,55,,0,翁嵐瑜,B01-108,,,"5,6",,,,,"[{""day"": 3, ""dayName"": ""星期三"", ""periods"": [""5"", ""6""], ""raw"": ""5,6""}]",禁止外加,1.英語會話與閱讀依學生能力等級編列班級(系統匯入選課，請勿自行選課)2.原則上不承認自行更換班級之學生學分3.重補修生請於第3階段再行加選,https://course.nuk.edu.tw/QueryCourse/tcontent.asp?OpenYear=104&Helf=2&Sclass=GR&Cono=A1CC,2026-08-26T18:13:36+00:00
104-2-GR-A1CD-A-1-A,104,2,共同與通識課程,GR,共同必修系列,A1CD,A,大學部,1,A,英語會話與閱讀(下)：初階班,2,必,55,52,,3,翁嵐瑜,B01-108,,,"7,8",,,,,"[{""day"": 3, ""dayName"": ""星期三"", ""periods"": [""7"", ""8""], ""raw"": ""7,8""}]",禁止外加,1.英語會話與閱讀依學生能力等級編列班級(系統匯入選課，請勿自行選課)2.原則上不承認自行更換班級之學生學分3.重補修生請於第3階段再行加選,https://course.nuk.edu.tw/QueryCourse/tcontent.asp?OpenYear=104&Helf=2&Sclass=GR&Cono=A1CD,2026-08-26T18:13:36+00:00
104-2-GR-A1CE-A-1-A,104,2,共同與通識課程,GR,共同必修系列,A1CE,A,大學部,1,A,英語會話與閱讀(下)：初階班,2,必,55,54,,1,劉淑蕙,B01-106,,,"7,8",,,,,"[{""day"": 3, ""dayName"": ""星期三"", ""periods"": [""7"", ""8""], ""raw"": ""7,8""}]",禁止外加,1.英語會話與閱讀依學生能力等級編列班級(系統匯入選課，請勿自行選課)2.原則上不承認自行更換班級之學生學分3.重補修生請於第3階段再行加選,https://course.nuk.edu.tw/QueryCourse/tcontent.asp?OpenYear=104&Helf=2&Sclass=GR&Cono=A1CE,2026-08-26T18:13:36+00:00
104-2-GR-A1CF-A-1-A,104,2,共同與通識課程,GR,共同必修系列,A1CF,A,大學部,1,A,英語會話與閱讀(下)：初階班,2,必,55,51,,4,邱玉萍,B01-109,,,"7,8",,,,,"[{""day"": 3, ""dayName"": ""星期三"", ""periods"": [""7"", ""8""], ""raw"": ""7,8""}]",禁止外加,1.英語會話與閱讀依學生能力等級編列班級(系統匯入選課，請勿自行選課)2.原則上不承認自行更換班級之學生學分3.重補修生請於第3階段再行加選,https://course.nuk.edu.tw/QueryCourse/tcontent.asp?OpenYear=104&Helf=2&Sclass=GR&Cono=A1CF,2026-08-26T18:13:36+00:00
104-2-GR-A1CG-A-1-A,104,2,共同與通識課程,GR,共同必修系列,A1CG,A,大學部,1,A,英語會話與閱讀(下)：初階班,2,必,55,52,,3,邱玉萍,B01-109,,,"9,10",,,,,"[{""day"": 3, ""dayName"": ""星期三"", ""periods"": [""9"", ""10""], ""raw"": ""9,10""}]",禁止外加,1.英語會話與閱讀依學生能力等級編列班級(系統匯入選課，請勿自行選課)2.原則上不承認自行更換班級之學生學分3.重補修生請於第3階段再行加選,https://course.nuk.edu.tw/QueryCourse/tcontent.asp?OpenYear=104&Helf=2&Sclass=GR&Cono=A1CG,2026-08-26T18:13:36+00:00
104-2-GR-A214-A-1-A,104,2,共同與通識課程,GR,共同必修系列,A214,A,大學部,1,A,服務學習培養(法律學系B),0,必,27,17,,10,王美玲,,X,,,,,,,"[{""day"": 1, ""dayName"": ""星期一"", ""periods"": [""X""], ""raw"": ""X""}]",,,https://course.nuk.edu.tw/QueryCourse/tcontent.asp?OpenYear=104&Helf=2&Sclass=GR&Cono=A214,2026-08-26T18:13:36+00:00
104-2-GR-A224-A-1-A,104,2,共同與通識課程,GR,共同必修系列,A224,A,大學部,1,A,服務學習培養(政治法律學系B),0,必,23,22,,1,王美玲,,X,,,,,,,"[{""day"": 1, ""dayName"": ""星期一"", ""periods"": [""X""], ""raw"": ""X""}]",,,https://course.nuk.edu.tw/QueryCourse/tcontent.asp?OpenYear=104&Helf=2&Sclass=GR&Cono=A224,2026-08-26T18:13:36+00:00
104-2-GR-A234-A-1-A,104,2,共同與通識課程,GR,共同必修系列,A234,A,大學部,1,A,服務學習培養(財經法律學系B),0,必,20,20,,0,王美玲,,X,,,,,,,"[{""day"": 1, ""dayName"": ""星期一"", ""periods"": [""X""], ""raw"": ""X""}]",,,https://course.nuk.edu.tw/QueryCourse/tcontent.asp?OpenYear=104&Helf=2&Sclass=GR&Cono=A234,2026-08-26T18:13:36+00:00
104-2-GR-A314-A-1-A,104,2,共同與通識課程,GR,共同必修系列,A314,A,大學部,1,A,服務學習培養(應用經濟學系B),0,必,24,12,,12,王美玲,,X,,,,,,,"[{""day"": 1, ""dayName"": ""星期一"", ""periods"": [""X""], ""raw"": ""X""}]",限修,限應用經濟學系,https://course.nuk.edu.tw/QueryCourse/tcontent.asp?OpenYear=104&Helf=2&Sclass=GR&Cono=A314,2026-08-26T18:13:36+00:00
104-2-GR-A324-A-1-A,104,2,共同與通識課程,GR,共同必修系列,A324,A,大學部,1,A,服務學習培養(金融管理學系B),0,必,23,18,,5,王美玲,,X,,,,,,,"[{""day"": 1, ""dayName"": ""星期一"", ""periods"": [""X""], ""raw"": ""X""}]",,金融管理學系優先,https://course.nuk.edu.tw/QueryCourse/tcontent.asp?OpenYear=104&Helf=2&Sclass=GR&Cono=A324,2026-08-26T18:13:36+00:00
104-2-GR-A334-A-1-A,104,2,共同與通識課程,GR,共同必修系列,A334,A,大學部,1,A,服務學習培養(資訊管理學系B),0,必,15,15,,0,王美玲,,X,,,,,,,"[{""day"": 1, ""dayName"": ""星期一"", ""periods"": [""X""], ""raw"": ""X""}]",限修,限資訊管理學系,https://course.nuk.edu.tw/QueryCourse/tcontent.asp?OpenYear=104&Helf=2&Sclass=GR&Cono=A334,2026-08-26T18:13:36+00:00
104-2-GR-A352-A-1-A,104,2,共同與通識課程,GR,共同必修系列,A352,A,大學部,1,A,服務學習培養(IMBA學位學程B),0,必,10,10,,0,王美玲,,X,,,,,,,"[{""day"": 1, ""dayName"": ""星期一"", ""periods"": [""X""], ""raw"": ""X""}]",,,https://course.nuk.edu.tw/QueryCourse/tcontent.asp?OpenYear=104&Helf=2&Sclass=GR&Cono=A352,2026-08-26T18:13:36+00:00
104-2-GR-A414-A-1-A,104,2,共同與通識課程,GR,共同必修系列,A414,A,大學部,1,A,服務學習培養(應用數學系B),0,必,24,24,,0,王美玲,,X,,,,,,,"[{""day"": 1, ""dayName"": ""星期一"", ""periods"": [""X""], ""raw"": ""X""}]",,,https://course.nuk.edu.tw/QueryCourse/tcontent.asp?OpenYear=104&Helf=2&Sclass=GR&Cono=A414,2026-08-26T18:13:36+00:00
104-2-GR-A424-A-1-A,104,2,共同與通識課程,GR,共同必修系列,A424,A,大學部,1,A,服務學習培養(應用化學系B),0,必,6,5,,1,王美玲,,X,,,,,,,"[{""day"": 1, ""dayName"": ""星期一"", ""periods"": [""X""], ""raw"": ""X""}]",,,https://course.nuk.edu.tw/QueryCourse/tcontent.asp?OpenYear=104&Helf=2&Sclass=GR&Cono=A424,2026-08-26T18:13:36+00:00
104-2-GR-A434-A-1-A,104,2,共同與通識課程,GR,共同必修系列,A434,A,大學部,1,A,服務學習培養(應用物理學系B),0,必,15,15,,0,王美玲,,X,,,,,,,"[{""day"": 1, ""dayName"": ""星期一"", ""periods"": [""X""], ""raw"": ""X""}]",限修,限應用物理學系,https://course.nuk.edu.tw/QueryCourse/tcontent.asp?OpenYear=104&Helf=2&Sclass=GR&Cono=A434,2026-08-26T18:13:36+00:00
104-2-GR-A516-A-1-A,104,2,共同與通識課程,GR,共同必修系列,A516,A,大學部,1,A,服務學習培養(電機工程學系B),0,必,10,10,,0,王美玲,,X,,,,,,,"[{""day"": 1, ""dayName"": ""星期一"", ""periods"": [""X""], ""raw"": ""X""}]",限修,限電機工程學系,https://course.nuk.edu.tw/QueryCourse/tcontent.asp?OpenYear=104&Helf=2&Sclass=GR&Cono=A516,2026-08-26T18:13:36+00:00
104-2-GR-A524-A-1-A,104,2,共同與通識課程,GR,共同必修系列,A524,A,大學部,1,A,服務學習培養(土木與環境工程學系B),0,必,5,5,,0,王美玲,,X,,,,,,,"[{""day"": 1, ""dayName"": ""星期一"", ""periods"": [""X""], ""raw"": ""X""}]",限修,限土木與環境學系,https://course.nuk.edu.tw/QueryCourse/tcontent.asp?OpenYear=104&Helf=2&Sclass=GR&Cono=A524,2026-08-26T18:13:36+00:00
104-2-GR-A554-A-1-A,104,2,共同與通識課程,GR,共同必修系列,A554,A,大學部,1,A,服務學習培養(資訊工程學系B),0,必,28,28,,0,王美玲,,X,,,,,,,"[{""day"": 1, ""dayName"": ""星期一"", ""periods"": [""X""], ""raw"": ""X""}]",,,https://course.nuk.edu.tw/QueryCourse/tcontent.asp?OpenYear=104&Helf=2&Sclass=GR&Cono=A554,2026-08-26T18:13:36+00:00
104-2-GR-A564-A-1-A,104,2,共同與通識課程,GR,共同必修系列,A564,A,大學部,1,A,服務學習培養(化學工程及材料工程學系B),0,必,10,10,,0,王美玲,,X,,,,,,,"[{""day"": 1, ""dayName"": ""星期一"", ""periods"": [""X""], ""raw"": ""X""}]",限修,限化學工程與材料工程學系,https://course.nuk.edu.tw/QueryCourse/tcontent.asp?OpenYear=104&Helf=2&Sclass=GR&Cono=A564,2026-08-26T18:13:36+00:00
104-2-GR-A614-A-1-A,104,2,共同與通識課程,GR,共同必修系列,A614,A,大學部,1,A,服務學習培養(生命科學系B),0,必,15,13,,2,王美玲,,X,,,,,,,"[{""day"": 1, ""dayName"": ""星期一"", ""periods"": [""X""], ""raw"": ""X""}]",,,https://course.nuk.edu.tw/QueryCourse/tcontent.asp?OpenYear=104&Helf=2&Sclass=GR&Cono=A614,2026-08-26T18:13:36+00:00
104-2-GR-A714-A-1-A,104,2,共同與通識課程,GR,共同必修系列,A714,A,大學部,1,A,服務學習培養(亞太工商管理學系B),0,必,20,17,,3,王美玲,,X,,,,,,,"[{""day"": 1, ""dayName"": ""星期一"", ""periods"": [""X""], ""raw"": ""X""}]",限修,限亞太工商管理學系,https://course.nuk.edu.tw/QueryCourse/tcontent.asp?OpenYear=104&Helf=2&Sclass=GR&Cono=A714,2026-08-26T18:13:36+00:00
104-2-GR-A812-A-1-A,104,2,共同與通識課程,GR,共同必修系列,A812,A,大學部,1,A,服務學習培養(EMBA中心B),0,必,10,10,,0,王美玲,,X,,,,,,,"[{""day"": 1, ""dayName"": ""星期一"", ""periods"": [""X""], ""raw"": ""X""}]",,,https://course.nuk.edu.tw/QueryCourse/tcontent.asp?OpenYear=104&Helf=2&Sclass=GR&Cono=A812,2026-08-26T18:13:36+00:00
104-2-GR-A99B-A-1-A,104,2,共同與通識課程,GR,共同必修系列,A99B,A,大學部,1,A,適應體育,0,必,3,3,,0,蔡明書,K01-004,,"8,9",,,,,,"[{""day"": 2, ""dayName"": ""星期二"", ""periods"": [""8"", ""9""], ""raw"": ""8,9""}]",外加,上課地點:體適能教室。凡是不能參與一般體育課之大一、二學生，其身心狀況不適者，得經公立醫療院所診斷後並開立證明(90天內之證明)交給老師指定加選,https://course.nuk.edu.tw/QueryCourse/tcontent.asp?OpenYear=104&Helf=2&Sclass=GR&Cono=A99B,2026-08-26T18:13:36+00:00
104-2-GR-F10B-A-1-A,104,2,共同與通識課程,GR,共同必修系列,F10B,A,大學部,1,A,服務學習培養(秘書室媒體公關組 B),0,必,5,5,,0,王美玲,,X,,,,,,,"[{""day"": 1, ""dayName"": ""星期一"", ""periods"": [""X""], ""raw"": ""X""}]",,,https://course.nuk.edu.tw/QueryCourse/tcontent.asp?OpenYear=104&Helf=2&Sclass=GR&Cono=F10B,2026-08-26T18:13:36+00:00
104-2-GR-F114-A-1-A,104,2,共同與通識課程,GR,共同必修系列,F114,A,大學部,1,A,服務學習培養(教務處B),0,必,10,10,,0,王美玲,,X,,,,,,,"[{""day"": 1, ""dayName"": ""星期一"", ""periods"": [""X""], ""raw"": ""X""}]",,,https://course.nuk.edu.tw/QueryCourse/tcontent.asp?OpenYear=104&Helf=2&Sclass=GR&Cono=F114,2026-08-26T18:13:36+00:00
104-2-GR-F116-A-1-A,104,2,共同與通識課程,GR,共同必修系列,F116,A,大學部,1,A,服務學習培養(教學發展中心B),0,必,10,8,,2,王美玲,,X,,,,,,,"[{""day"": 1, ""dayName"": ""星期一"", ""periods"": [""X""], ""raw"": ""X""}]",,,https://course.nuk.edu.tw/QueryCourse/tcontent.asp?OpenYear=104&Helf=2&Sclass=GR&Cono=F116,2026-08-26T18:13:36+00:00
104-2-GR-F154-A-1-A,104,2,共同與通識課程,GR,共同必修系列,F154,A,大學部,1,A,服務學習培養(體育室B),0,必,30,30,,0,王美玲,,X,,,,,,,"[{""day"": 1, ""dayName"": ""星期一"", ""periods"": [""X""], ""raw"": ""X""}]",,,https://course.nuk.edu.tw/QueryCourse/tcontent.asp?OpenYear=104&Helf=2&Sclass=GR&Cono=F154,2026-08-26T18:13:36+00:00
104-2-GR-F15B-A-1-A,104,2,共同與通識課程,GR,共同必修系列,F15B,A,大學部,1,A,服務學習培養(體育室 游泳池健身房B),0,必,30,30,,0,王美玲,,X,,,,,,,"[{""day"": 1, ""dayName"": ""星期一"", ""periods"": [""X""], ""raw"": ""X""}]",,,https://course.nuk.edu.tw/QueryCourse/tcontent.asp?OpenYear=104&Helf=2&Sclass=GR&Cono=F15B,2026-08-26T18:13:36+00:00
104-2-GR-F15D-A-1-A,104,2,共同與通識課程,GR,共同必修系列,F15D,A,大學部,1,A,服務學習培養(體育室 器材室B),0,必,25,25,,0,王美玲,,X,,,,,,,"[{""day"": 1, ""dayName"": ""星期一"", ""periods"": [""X""], ""raw"": ""X""}]",,,https://course.nuk.edu.tw/QueryCourse/tcontent.asp?OpenYear=104&Helf=2&Sclass=GR&Cono=F15D,2026-08-26T18:13:36+00:00
104-2-GR-F164-A-1-A,104,2,共同與通識課程,GR,共同必修系列,F164,A,大學部,1,A,服務學習培養(語文中心B),0,必,8,8,,0,王美玲,,X,,,,,,,"[{""day"": 1, ""dayName"": ""星期一"", ""periods"": [""X""], ""raw"": ""X""}]",,,https://course.nuk.edu.tw/QueryCourse/tcontent.asp?OpenYear=104&Helf=2&Sclass=GR&Cono=F164,2026-08-26T18:13:36+00:00
104-2-GR-F174-A-1-A,104,2,共同與通識課程,GR,共同必修系列,F174,A,大學部,1,A,服務學習培養(推教中心B),0,必,8,8,,0,王美玲,,X,,,,,,,"[{""day"": 1, ""dayName"": ""星期一"", ""periods"": [""X""], ""raw"": ""X""}]",,,https://course.nuk.edu.tw/QueryCourse/tcontent.asp?OpenYear=104&Helf=2&Sclass=GR&Cono=F174,2026-08-26T18:13:36+00:00
104-2-GR-F184-A-1-A,104,2,共同與通識課程,GR,共同必修系列,F184,A,大學部,1,A,服務學習培養(通識中心B),0,必,8,8,,0,王美玲,,X,,,,,,,"[{""day"": 1, ""dayName"": ""星期一"", ""periods"": [""X""], ""raw"": ""X""}]",,,https://course.nuk.edu.tw/QueryCourse/tcontent.asp?OpenYear=104&Helf=2&Sclass=GR&Cono=F184,2026-08-26T18:13:36+00:00
104-2-GR-F194-A-1-A,104,2,共同與通識課程,GR,共同必修系列,F194,A,大學部,1,A,服務學習培養(研發處B),0,必,4,4,,0,王美玲,,X,,,,,,,"[{""day"": 1, ""dayName"": ""星期一"", ""periods"": [""X""], ""raw"": ""X""}]",,,https://course.nuk.edu.tw/QueryCourse/tcontent.asp?OpenYear=104&Helf=2&Sclass=GR&Cono=F194,2026-08-26T18:13:36+00:00
104-2-GR-F204-A-1-A,104,2,共同與通識課程,GR,共同必修系列,F204,A,大學部,1,A,服務學習培養(環安中心 環境安全B),0,必,31,30,,1,王美玲,,X,,,,,,,"[{""day"": 1, ""dayName"": ""星期一"", ""periods"": [""X""], ""raw"": ""X""}]",,對環境生態有興趣者,https://course.nuk.edu.tw/QueryCourse/tcontent.asp?OpenYear=104&Helf=2&Sclass=GR&Cono=F204,2026-08-26T18:13:36+00:00
104-2-GR-F224-A-1-A,104,2,共同與通識課程,GR,共同必修系列,F224,A,大學部,1,A,服務學習培養(工學院B),0,必,20,20,,0,王美玲,,X,,,,,,,"[{""day"": 1, ""dayName"": ""星期一"", ""periods"": [""X""], ""raw"": ""X""}]",限修,限工學院,https://course.nuk.edu.tw/QueryCourse/tcontent.asp?OpenYear=104&Helf=2&Sclass=GR&Cono=F224,2026-08-26T18:13:36+00:00
104-2-GR-F234-A-1-A,104,2,共同與通識課程,GR,共同必修系列,F234,A,大學部,1,A,服務學習培養(法學院B),0,必,27,27,,0,王美玲,,X,,,,,,,"[{""day"": 1, ""dayName"": ""星期一"", ""periods"": [""X""], ""raw"": ""X""}]",,,https://course.nuk.edu.tw/QueryCourse/tcontent.asp?OpenYear=104&Helf=2&Sclass=GR&Cono=F234,2026-08-26T18:13:36+00:00
104-2-GR-F244-A-1-A,104,2,共同與通識課程,GR,共同必修系列,F244,A,大學部,1,A,服務學習培養(管理學院B),0,必,32,32,,0,王美玲,,X,,,,,,,"[{""day"": 1, ""dayName"": ""星期一"", ""periods"": [""X""], ""raw"": ""X""}]",,,https://course.nuk.edu.tw/QueryCourse/tcontent.asp?OpenYear=104&Helf=2&Sclass=GR&Cono=F244,2026-08-26T18:13:36+00:00
104-2-GR-F254-A-1-A,104,2,共同與通識課程,GR,共同必修系列,F254,A,大學部,1,A,服務學習培養(理學院B),0,必,25,17,,8,王美玲,,X,,,,,,,"[{""day"": 1, ""dayName"": ""星期一"", ""periods"": [""X""], ""raw"": ""X""}]",,理學院優先,https://course.nuk.edu.tw/QueryCourse/tcontent.asp?OpenYear=104&Helf=2&Sclass=GR&Cono=F254,2026-08-26T18:13:36+00:00
104-2-GR-F264-A-1-A,104,2,共同與通識課程,GR,共同必修系列,F264,A,大學部,1,A,服務學習培養(人文社科院B),0,必,31,31,,0,王美玲,,X,,,,,,,"[{""day"": 1, ""dayName"": ""星期一"", ""periods"": [""X""], ""raw"": ""X""}]",,人社院優先,https://course.nuk.edu.tw/QueryCourse/tcontent.asp?OpenYear=104&Helf=2&Sclass=GR&Cono=F264,2026-08-26T18:13:36+00:00
104-2-GR-F27B-A-1-A,104,2,共同與通識課程,GR,共同必修系列,F27B,A,大學部,1,A,服務學習培養(國際事務處 招生及推廣組 B),0,必,15,14,,1,王美玲,,X,,,,,,,"[{""day"": 1, ""dayName"": ""星期一"", ""periods"": [""X""], ""raw"": ""X""}]",,限僑生,https://course.nuk.edu.tw/QueryCourse/tcontent.asp?OpenYear=104&Helf=2&Sclass=GR&Cono=F27B,2026-08-26T18:13:36+00:00
104-2-GR-F27D-A-1-A,104,2,共同與通識課程,GR,共同必修系列,F27D,A,大學部,1,A,服務學習培養(國際事務處 國際交流組 B),0,必,3,3,,0,王美玲,,X,,,,,,,"[{""day"": 1, ""dayName"": ""星期一"", ""periods"": [""X""], ""raw"": ""X""}]",,,https://course.nuk.edu.tw/QueryCourse/tcontent.asp?OpenYear=104&Helf=2&Sclass=GR&Cono=F27D,2026-08-26T18:13:36+00:00
104-2-GR-F27F-A-1-A,104,2,共同與通識課程,GR,共同必修系列,F27F,A,大學部,1,A,服務學習培養(國際事務處 國際學生事務組 B),0,必,4,4,,0,王美玲,,X,,,,,,,"[{""day"": 1, ""dayName"": ""星期一"", ""periods"": [""X""], ""raw"": ""X""}]",,,https://course.nuk.edu.tw/QueryCourse/tcontent.asp?OpenYear=104&Helf=2&Sclass=GR&Cono=F27F,2026-08-26T18:13:36+00:00
104-2-GR-F294-A-1-A,104,2,共同與通識課程,GR,共同必修系列,F294,A,大學部,1,A,服務學習培養(創新育成中心B),0,必,7,7,,0,王美玲,,X,,,,,,,"[{""day"": 1, ""dayName"": ""星期一"", ""periods"": [""X""], ""raw"": ""X""}]",,,https://course.nuk.edu.tw/QueryCourse/tcontent.asp?OpenYear=104&Helf=2&Sclass=GR&Cono=F294,2026-08-26T18:13:36+00:00
104-2-GR-F30B-A-1-A,104,2,共同與通識課程,GR,共同必修系列,F30B,A,大學部,1,A,服務學習培養(學務處 課外組 B),0,必,30,25,,5,王美玲,,X,,,,,,,"[{""day"": 1, ""dayName"": ""星期一"", ""periods"": [""X""], ""raw"": ""X""}]",,,https://course.nuk.edu.tw/QueryCourse/tcontent.asp?OpenYear=104&Helf=2&Sclass=GR&Cono=F30B,2026-08-26T18:13:36+00:00
104-2-GR-F30D-A-1-A,104,2,共同與通識課程,GR,共同必修系列,F30D,A,大學部,1,A,服務學習培養(學務處 生輔組 B),0,必,6,6,,0,王美玲,,X,,,,,,,"[{""day"": 1, ""dayName"": ""星期一"", ""periods"": [""X""], ""raw"": ""X""}]",,,https://course.nuk.edu.tw/QueryCourse/tcontent.asp?OpenYear=104&Helf=2&Sclass=GR&Cono=F30D,2026-08-26T18:13:36+00:00
104-2-GR-F30J-A-1-A,104,2,共同與通識課程,GR,共同必修系列,F30J,A,大學部,1,A,服務學習培養(學務處 畢輔組 B),0,必,10,9,,1,王美玲,,X,,,,,,,"[{""day"": 1, ""dayName"": ""星期一"", ""periods"": [""X""], ""raw"": ""X""}]",,,https://course.nuk.edu.tw/QueryCourse/tcontent.asp?OpenYear=104&Helf=2&Sclass=GR&Cono=F30J,2026-08-26T18:13:36+00:00
104-2-GR-F30L-A-1-A,104,2,共同與通識課程,GR,共同必修系列,F30L,A,大學部,1,A,服務學習培養(學務處 健康中心 B),0,必,5,5,,0,王美玲,,X,,,,,,,"[{""day"": 1, ""dayName"": ""星期一"", ""periods"": [""X""], ""raw"": ""X""}]",,,https://course.nuk.edu.tw/QueryCourse/tcontent.asp?OpenYear=104&Helf=2&Sclass=GR&Cono=F30L,2026-08-26T18:13:36+00:00
104-2-GR-F31B-A-1-A,104,2,共同與通識課程,GR,共同必修系列,F31B,A,大學部,1,A,服務學習培養(總務處 文書組 B),0,必,26,26,,0,王美玲,,X,,,,,,,"[{""day"": 1, ""dayName"": ""星期一"", ""periods"": [""X""], ""raw"": ""X""}]",,,https://course.nuk.edu.tw/QueryCourse/tcontent.asp?OpenYear=104&Helf=2&Sclass=GR&Cono=F31B,2026-08-26T18:13:36+00:00
104-2-GR-F31F-A-1-A,104,2,共同與通識課程,GR,共同必修系列,F31F,A,大學部,1,A,服務學習培養(總務處 事務組 B),0,必,20,20,,0,王美玲,,X,,,,,,,"[{""day"": 1, ""dayName"": ""星期一"", ""periods"": [""X""], ""raw"": ""X""}]",,,https://course.nuk.edu.tw/QueryCourse/tcontent.asp?OpenYear=104&Helf=2&Sclass=GR&Cono=F31F,2026-08-26T18:13:36+00:00
104-2-GR-F31H-A-1-A,104,2,共同與通識課程,GR,共同必修系列,F31H,A,大學部,1,A,服務學習培養(總務處 出納組 B),0,必,1,1,,0,王美玲,,X,,,,,,,"[{""day"": 1, ""dayName"": ""星期一"", ""periods"": [""X""], ""raw"": ""X""}]",,,https://course.nuk.edu.tw/QueryCourse/tcontent.asp?OpenYear=104&Helf=2&Sclass=GR&Cono=F31H,2026-08-26T18:13:36+00:00
104-2-GR-F322-A-1-A,104,2,共同與通識課程,GR,共同必修系列,F322,A,大學部,1,A,服務學習培養(圖書資訊館 B),0,必,29,28,,1,王美玲,,X,,,,,,,"[{""day"": 1, ""dayName"": ""星期一"", ""periods"": [""X""], ""raw"": ""X""}]",,,https://course.nuk.edu.tw/QueryCourse/tcontent.asp?OpenYear=104&Helf=2&Sclass=GR&Cono=F322,2026-08-26T18:13:36+00:00
104-2-GR-F32B-A-1-A,104,2,共同與通識課程,GR,共同必修系列,F32B,A,大學部,1,A,服務學習培養(圖書資訊館 典藏閱覽組 B),0,必,49,49,,0,王美玲,,X,,,,,,,"[{""day"": 1, ""dayName"": ""星期一"", ""periods"": [""X""], ""raw"": ""X""}]",,,https://course.nuk.edu.tw/QueryCourse/tcontent.asp?OpenYear=104&Helf=2&Sclass=GR&Cono=F32B,2026-08-26T18:13:36+00:00
104-2-GR-F32D-A-1-A,104,2,共同與通識課程,GR,共同必修系列,F32D,A,大學部,1,A,服務學習培養(圖書資訊館 行政服務組 B),0,必,17,17,,0,王美玲,,X,,,,,,,"[{""day"": 1, ""dayName"": ""星期一"", ""periods"": [""X""], ""raw"": ""X""}]",,,https://course.nuk.edu.tw/QueryCourse/tcontent.asp?OpenYear=104&Helf=2&Sclass=GR&Cono=F32D,2026-08-26T18:13:36+00:00
104-2-GR-F332-A-1-A,104,2,共同與通識課程,GR,共同必修系列,F332,A,大學部,1,A,服務學習培養(人事室 B),0,必,11,11,,0,王美玲,,X,,,,,,,"[{""day"": 1, ""dayName"": ""星期一"", ""periods"": [""X""], ""raw"": ""X""}]",,,https://course.nuk.edu.tw/QueryCourse/tcontent.asp?OpenYear=104&Helf=2&Sclass=GR&Cono=F332,2026-08-26T18:13:36+00:00
104-2-GR-F334-A-1-A,104,2,共同與通識課程,GR,共同必修系列,F334,A,大學部,1,A,服務學習培養(主計室 B),0,必,6,6,,0,王美玲,,X,,,,,,,"[{""day"": 1, ""dayName"": ""星期一"", ""periods"": [""X""], ""raw"": ""X""}]",,,https://course.nuk.edu.tw/QueryCourse/tcontent.asp?OpenYear=104&Helf=2&Sclass=GR&Cono=F334,2026-08-26T18:13:36+00:00
104-2-GR-F342-A-1-A,104,2,共同與通識課程,GR,共同必修系列,F342,A,大學部,1,A,服務學習培養(學生綜合宿舍 B),0,必,25,25,,0,王美玲,,X,,,,,,,"[{""day"": 1, ""dayName"": ""星期一"", ""periods"": [""X""], ""raw"": ""X""}]",,限住在綜合宿舍同學選修並於2.25前至學二宿舍行政辦公室報到,https://course.nuk.edu.tw/QueryCourse/tcontent.asp?OpenYear=104&Helf=2&Sclass=GR&Cono=F342,2026-08-26T18:13:36+00:00
104-2-GR-F34B-A-1-A,104,2,共同與通識課程,GR,共同必修系列,F34B,A,大學部,1,A,服務學習培養(學生第一宿舍男棟 B),0,必,38,38,,0,王美玲,,X,,,,,,,"[{""day"": 1, ""dayName"": ""星期一"", ""periods"": [""X""], ""raw"": ""X""}]",,限住在該棟男同學選修並於2.25前至學二宿舍行政辦公室報到,https://course.nuk.edu.tw/QueryCourse/tcontent.asp?OpenYear=104&Helf=2&Sclass=GR&Cono=F34B,2026-08-26T18:13:36+00:00
104-2-GR-F34D-A-1-A,104,2,共同與通識課程,GR,共同必修系列,F34D,A,大學部,1,A,服務學習培養(學生第一宿舍女棟 B),0,必,38,38,,0,王美玲,,X,,,,,,,"[{""day"": 1, ""dayName"": ""星期一"", ""periods"": [""X""], ""raw"": ""X""}]",,限住在該棟女同學選修並於2.25前至學二宿舍行政辦公室報到,https://course.nuk.edu.tw/QueryCourse/tcontent.asp?OpenYear=104&Helf=2&Sclass=GR&Cono=F34D,2026-08-26T18:13:36+00:00
104-2-GR-F34F-A-1-A,104,2,共同與通識課程,GR,共同必修系列,F34F,A,大學部,1,A,服務學習培養(學生第二宿舍男棟 B),0,必,38,38,,0,王美玲,,X,,,,,,,"[{""day"": 1, ""dayName"": ""星期一"", ""periods"": [""X""], ""raw"": ""X""}]",,限住在該棟男同學選修並於2.25前至學二宿舍行政辦公室報到,https://course.nuk.edu.tw/QueryCourse/tcontent.asp?OpenYear=104&Helf=2&Sclass=GR&Cono=F34F,2026-08-26T18:13:36+00:00
104-2-GR-F34H-A-1-A,104,2,共同與通識課程,GR,共同必修系列,F34H,A,大學部,1,A,服務學習培養(學生第二宿舍女棟 B),0,必,38,38,,0,王美玲,,X,,,,,,,"[{""day"": 1, ""dayName"": ""星期一"", ""periods"": [""X""], ""raw"": ""X""}]",,限住在該棟女同學選修並於2.25前至學二宿舍行政辦公室報到,https://course.nuk.edu.tw/QueryCourse/tcontent.asp?OpenYear=104&Helf=2&Sclass=GR&Cono=F34H,2026-08-26T18:13:36+00:00
104-2-GR-F402-A-1-A,104,2,共同與通識課程,GR,共同必修系列,F402,A,大學部,1,A,服務學習培養(應化系科普服務活動-服務B),0,必,20,13,,7,鄭秀英,,X,,,,,,,"[{""day"": 1, ""dayName"": ""星期一"", ""periods"": [""X""], ""raw"": ""X""}]",,1.本課程為應用化學系服務課程，請有意願修本課同學一定要配合應化系服務時間，同學若無意願且無法配合時間者，請勿（不要）修本課程。 2.服務時間請聯絡應化系鄭秀英老師，請在上班時間撥打07-5919349、07-5919351。 3.課程時間要上滿18小時，並且於期未時填期中、期未反思表，未做滿18小時及未填反思表者不計分。,https://course.nuk.edu.tw/QueryCourse/tcontent.asp?OpenYear=104&Helf=2&Sclass=GR&Cono=F402,2026-08-26T18:13:36+00:00
104-2-GR-F405-A-1-A,104,2,共同與通識課程,GR,共同必修系列,F405,A,大學部,1,A,服務學習培養(數位學習_偏鄉服務-服務A),0,必,90,49,,41,翁群儀,,X,,,,,,,"[{""day"": 1, ""dayName"": ""星期一"", ""periods"": [""X""], ""raw"": ""X""}]",,1.本課程為數位學伴計畫教育訓練課程，請有意願申請數位學伴計畫之同學一定要配合數位線上學習陪伴時間，同學若無意願且無法配合時間者，請勿（不要）修本課程。 2.線上學習陪伴時間請聯絡學務處數位學伴，請在上班時間撥打07-5919060。 3.線上學習陪伴要上滿20次，並且於計劃期間參與教育訓練、填寫教學日誌及相見歡活動，未確實執行計畫所需之規定者不計分。,https://course.nuk.edu.tw/QueryCourse/tcontent.asp?OpenYear=104&Helf=2&Sclass=GR&Cono=F405,2026-08-26T18:13:36+00:00
104-2-GR-F40B-A-1-A,104,2,共同與通識課程,GR,共同必修系列,F40B,A,大學部,1,A,服務學習培養(援中國小-校外服務B),0,必,20,20,,0,王美玲,,X,,,,,,,"[{""day"": 1, ""dayName"": ""星期一"", ""periods"": [""X""], ""raw"": ""X""}]",,請於2.25前至援中國小輔導室報到，連絡人：朱主任07-3612193轉41,https://course.nuk.edu.tw/QueryCourse/tcontent.asp?OpenYear=104&Helf=2&Sclass=GR&Cono=F40B,2026-08-26T18:13:36+00:00
104-2-GR-F40D-A-1-A,104,2,共同與通識課程,GR,共同必修系列,F40D,A,大學部,1,A,服務學習培養(希望種籽社-服務B),0,必,29,29,,0,翁群儀,,X,,,,,,,"[{""day"": 1, ""dayName"": ""星期一"", ""periods"": [""X""], ""raw"": ""X""}]",外加,1.本課程為校內社團活動課，請有意願修本課同學一定要配合社團社課時間，同學若無意願且無法配合時間者，請勿（不要）修本課程。 2.社課時間請聯絡社長賴喬萱同學，請在17點至20點間撥打0926196562。 3.課程時間要上滿18小時，並且於期未時填期中、期未反思表，未做滿18小時及未填反思表者不計分。,https://course.nuk.edu.tw/QueryCourse/tcontent.asp?OpenYear=104&Helf=2&Sclass=GR&Cono=F40D,2026-08-26T18:13:36+00:00
104-2-GR-F40F-A-1-A,104,2,共同與通識課程,GR,共同必修系列,F40F,A,大學部,1,A,服務學習培養(志願服務團-服務B),0,必,25,25,,0,翁群儀,,X,,,,,,,"[{""day"": 1, ""dayName"": ""星期一"", ""periods"": [""X""], ""raw"": ""X""}]",外加,1.本課程為校內社團活動課，請有意願修本課同學一定要配合社團社課時間，同學若無意願且無法配合時間者，請勿（不要）修本課程。 2.社課時間請聯絡社長陳佑宣同學，請在17點至20點間撥打0955702052。 3.課程時間要上滿18小時，並且於期未時填期中、期未反思表，未做滿18小時及未填反思表者不計分。,https://course.nuk.edu.tw/QueryCourse/tcontent.asp?OpenYear=104&Helf=2&Sclass=GR&Cono=F40F,2026-08-26T18:13:36+00:00
104-2-GR-F40H-A-1-A,104,2,共同與通識課程,GR,共同必修系列,F40H,A,大學部,1,A,服務學習培養(慈青社-服務B),0,必,10,7,,3,翁群儀,,X,,,,,,,"[{""day"": 1, ""dayName"": ""星期一"", ""periods"": [""X""], ""raw"": ""X""}]",,1.本課程為校內社團活動課，請有意願修本課同學一定要配合社團社課時間，同學若無意願且無法配合時間者，請勿（不要）修本課程。 2.社課時間請聯絡社長張延同學，請在17點至20點間撥打0975-750225。 3.課程時間要上滿18小時，並且於期未時填期中、期未反思表，未做滿18小時及未填反思表者不計分。,https://course.nuk.edu.tw/QueryCourse/tcontent.asp?OpenYear=104&Helf=2&Sclass=GR&Cono=F40H,2026-08-26T18:13:36+00:00
104-2-GR-F40J-A-1-A,104,2,共同與通識課程,GR,共同必修系列,F40J,A,大學部,1,A,服務學習培養(跆拳道社-服務B),0,必,15,11,,4,翁群儀,,X,,,,,,,"[{""day"": 1, ""dayName"": ""星期一"", ""periods"": [""X""], ""raw"": ""X""}]",,1.本課程為校內社團活動課，請有意願修本課同學一定要配合社團社課時間，同學若無意願且無法配合時間者，請勿（不要）修本課程。 2.社課時間請聯絡社長謝采容同學，請在17點至20點間撥打0975713101。 3.課程時間要上滿18小時，並且於期未時填期中、期未反思表，未做滿18小時及未填反思表者不計分。,https://course.nuk.edu.tw/QueryCourse/tcontent.asp?OpenYear=104&Helf=2&Sclass=GR&Cono=F40J,2026-08-26T18:13:36+00:00
104-2-GR-F40P-A-1-A,104,2,共同與通識課程,GR,共同必修系列,F40P,A,大學部,1,A,服務學習培養(合氣道社-服務B),0,必,8,8,,0,翁群儀,,X,,,,,,,"[{""day"": 1, ""dayName"": ""星期一"", ""periods"": [""X""], ""raw"": ""X""}]",,1.本課程為校內社團活動課，請有意願修本課同學一定要配合社團社課時間，同學若無意願且無法配合時間者，請勿（不要）修本課程。 2.社課時間請聯絡社長柯政宇同學，請在17點至20點間撥打0983006130。 3.課程時間要上滿18小時，並且於期未時填期中、期未反思表，未做滿18小時及未填反思表者不計分。,https://course.nuk.edu.tw/QueryCourse/tcontent.asp?OpenYear=104&Helf=2&Sclass=GR&Cono=F40P,2026-08-26T18:13:36+00:00
104-2-GR-F40R-A-1-A,104,2,共同與通識課程,GR,共同必修系列,F40R,A,大學部,1,A,服務學習培養(全人菁英社-服務B),0,必,15,9,,6,翁群儀,,X,,,,,,,"[{""day"": 1, ""dayName"": ""星期一"", ""periods"": [""X""], ""raw"": ""X""}]",,1.本課程為校內社團活動課，請有意願修本課同學一定要配合社團社課時間，同學若無意願且無法配合時間者，請勿（不要）修本課程。 2.社課時間請聯絡社長蔡宗儀同學，請在17點至20點間撥打0976556118。 3.課程時間要上滿18小時，並且於期未時填期中、期未反思表，未做滿18小時及未填反思表者不計分。,https://course.nuk.edu.tw/QueryCourse/tcontent.asp?OpenYear=104&Helf=2&Sclass=GR&Cono=F40R,2026-08-26T18:13:36+00:00
104-2-GR-F40V-A-1-A,104,2,共同與通識課程,GR,共同必修系列,F40V,A,大學部,1,A,服務學習培養(春暉社-服務B),0,必,10,10,,0,翁群儀,,X,,,,,,,"[{""day"": 1, ""dayName"": ""星期一"", ""periods"": [""X""], ""raw"": ""X""}]",,1.本課程為校內社團活動課，請有意願修本課同學一定要配合社團社課時間，同學若無意願且無法配合時間者，請勿（不要）修本課程。 2.社課時間請聯絡社長徐子元同學，請在17點至20點間撥打0985244718。 3.課程時間要上滿18小時，並且於期未時填期中、期未反思表，未做滿18小時及未填反思表者不計分。,https://course.nuk.edu.tw/QueryCourse/tcontent.asp?OpenYear=104&Helf=2&Sclass=GR&Cono=F40V,2026-08-26T18:13:36+00:00
104-2-GR-F40X-A-1-A,104,2,共同與通識課程,GR,共同必修系列,F40X,A,大學部,1,A,服務學習培養(書法社-服務B),0,必,5,5,,0,翁群儀,,X,,,,,,,"[{""day"": 1, ""dayName"": ""星期一"", ""periods"": [""X""], ""raw"": ""X""}]",,1.本課程為校內社團活動課，請有意願修本課同學一定要配合社團社課時間，同學若無意願且無法配合時間者，請勿（不要）修本課程。 2.社課時間請聯絡社長張暐翎同學，請在17點至20點間撥打0963267093。 3.課程時間要上滿18小時，並且於期未時填期中、期未反思表，未做滿18小時及未填反思表者不計分。,https://course.nuk.edu.tw/QueryCourse/tcontent.asp?OpenYear=104&Helf=2&Sclass=GR&Cono=F40X,2026-08-26T18:13:36+00:00
104-2-GR-F40Z-A-1-A,104,2,共同與通識課程,GR,共同必修系列,F40Z,A,大學部,1,A,服務學習培養(高雄燈塔扶輪青年服務團-服務B),0,必,17,17,,0,翁群儀,,X,,,,,,,"[{""day"": 1, ""dayName"": ""星期一"", ""periods"": [""X""], ""raw"": ""X""}]",外加,1.本課程為校內社團活動課，請有意願修本課同學一定要配合社團社課時間，同學若無意願且無法配合時間者，請勿（不要）修本課程。 2.社課時間請聯絡社長李?妤同學，請在17點至20點間撥打0918100984。 3.課程時間要上滿18小時，並且於期未時填期中、期未反思表，未做滿18小時及未填反思表者不計分。,https://course.nuk.edu.tw/QueryCourse/tcontent.asp?OpenYear=104&Helf=2&Sclass=GR&Cono=F40Z,2026-08-26T18:13:36+00:00
104-2-GR-S11B-A-1-A,104,2,共同與通識課程,GR,共同必修系列,S11B,A,大學部,1,A,體育(二)-西語系,0,必,61,41,,20,葉天相,K01-004,"1,2",,,,,,,"[{""day"": 1, ""dayName"": ""星期一"", ""periods"": [""1"", ""2""], ""raw"": ""1,2""}]",限修及外加,排球場,https://course.nuk.edu.tw/QueryCourse/tcontent.asp?OpenYear=104&Helf=2&Sclass=GR&Cono=S11B,2026-08-26T18:13:36+00:00
104-2-GR-S12B-A-1-A,104,2,共同與通識課程,GR,共同必修系列,S12B,A,大學部,1,A,體育(二)-運健休系,0,必,66,54,,12,王士仁,,,"1,2",,,,,,"[{""day"": 2, ""dayName"": ""星期二"", ""periods"": [""1"", ""2""], ""raw"": ""1,2""}]",限修及外加,網球場,https://course.nuk.edu.tw/QueryCourse/tcontent.asp?OpenYear=104&Helf=2&Sclass=GR&Cono=S12B,2026-08-26T18:13:36+00:00
104-2-GR-S16B-A-1-A,104,2,共同與通識課程,GR,共同必修系列,S16B,A,大學部,1,A,體育(二)-創建系,0,必,61,46,,15,黃郁玲,,,,,,"3,4",,,"[{""day"": 5, ""dayName"": ""星期五"", ""periods"": [""3"", ""4""], ""raw"": ""3,4""}]",限修及外加,籃球場(風雨球場),https://course.nuk.edu.tw/QueryCourse/tcontent.asp?OpenYear=104&Helf=2&Sclass=GR&Cono=S16B,2026-08-26T18:13:36+00:00
104-2-GR-S17B-A-1-A,104,2,共同與通識課程,GR,共同必修系列,S17B,A,大學部,1,A,體育(二)-東語系,0,必,63,45,,18,王士仁,,"1,2",,,,,,,"[{""day"": 1, ""dayName"": ""星期一"", ""periods"": [""1"", ""2""], ""raw"": ""1,2""}]",限修及外加,網球場,https://course.nuk.edu.tw/QueryCourse/tcontent.asp?OpenYear=104&Helf=2&Sclass=GR&Cono=S17B,2026-08-26T18:13:36+00:00
104-2-GR-S18B-A-1-A,104,2,共同與通識課程,GR,共同必修系列,S18B,A,大學部,1,A,體育(二)-運技系,0,必,61,41,,20,葉天相,,"3,4",,,,,,,"[{""day"": 1, ""dayName"": ""星期一"", ""periods"": [""3"", ""4""], ""raw"": ""3,4""}]",限修及外加,排球場,https://course.nuk.edu.tw/QueryCourse/tcontent.asp?OpenYear=104&Helf=2&Sclass=GR&Cono=S18B,2026-08-26T18:13:36+00:00
104-2-GR-S21B-A-1-A,104,2,共同與通識課程,GR,共同必修系列,S21B,A,大學部,1,A,體育(二)-法律系,0,必,64,51,,13,高群超,,"1,2",,,,,,,"[{""day"": 1, ""dayName"": ""星期一"", ""periods"": [""1"", ""2""], ""raw"": ""1,2""}]",限修及外加,木球場,https://course.nuk.edu.tw/QueryCourse/tcontent.asp?OpenYear=104&Helf=2&Sclass=GR&Cono=S21B,2026-08-26T18:13:36+00:00
104-2-GR-S22B-A-1-A,104,2,共同與通識課程,GR,共同必修系列,S22B,A,大學部,1,A,體育(二)-政法系,0,必,65,52,,13,高群超,,,"1,2",,,,,,"[{""day"": 2, ""dayName"": ""星期二"", ""periods"": [""1"", ""2""], ""raw"": ""1,2""}]",限修及外加,木球場,https://course.nuk.edu.tw/QueryCourse/tcontent.asp?OpenYear=104&Helf=2&Sclass=GR&Cono=S22B,2026-08-26T18:13:36+00:00
104-2-GR-S23B-A-1-A,104,2,共同與通識課程,GR,共同必修系列,S23B,A,大學部,1,A,體育(二)-財法系,0,必,66,45,,21,宋洪經,,,,,,"3,4",,,"[{""day"": 5, ""dayName"": ""星期五"", ""periods"": [""3"", ""4""], ""raw"": ""3,4""}]",限修及外加,木球場,https://course.nuk.edu.tw/QueryCourse/tcontent.asp?OpenYear=104&Helf=2&Sclass=GR&Cono=S23B,2026-08-26T18:13:36+00:00
104-2-GR-S31B-A-1-A,104,2,共同與通識課程,GR,共同必修系列,S31B,A,大學部,1,A,體育(二)-應經系,0,必,60,53,,7,蔡文星,,,,,,"3,4",,,"[{""day"": 5, ""dayName"": ""星期五"", ""periods"": [""3"", ""4""], ""raw"": ""3,4""}]",限修,壘球場,https://course.nuk.edu.tw/QueryCourse/tcontent.asp?OpenYear=104&Helf=2&Sclass=GR&Cono=S31B,2026-08-26T18:13:36+00:00
104-2-GR-S32B-A-1-A,104,2,共同與通識課程,GR,共同必修系列,S32B,A,大學部,1,A,體育(二)-金管系,0,必,60,47,,13,施長和,,,,"3,4",,,,,"[{""day"": 3, ""dayName"": ""星期三"", ""periods"": [""3"", ""4""], ""raw"": ""3,4""}]",限修,排球場,https://course.nuk.edu.tw/QueryCourse/tcontent.asp?OpenYear=104&Helf=2&Sclass=GR&Cono=S32B,2026-08-26T18:13:36+00:00
104-2-GR-S33B-A-1-A,104,2,共同與通識課程,GR,共同必修系列,S33B,A,大學部,1,A,體育(二)-資管系,0,必,65,54,,11,高群超,,,"3,4",,,,,,"[{""day"": 2, ""dayName"": ""星期二"", ""periods"": [""3"", ""4""], ""raw"": ""3,4""}]",限修及外加,籃球場,https://course.nuk.edu.tw/QueryCourse/tcontent.asp?OpenYear=104&Helf=2&Sclass=GR&Cono=S33B,2026-08-26T18:13:36+00:00
104-2-GR-S41B-A-1-A,104,2,共同與通識課程,GR,共同必修系列,S41B,A,大學部,1,A,體育(二)-應數系,0,必,60,54,,6,薛福財,,,,,,"7,8",,,"[{""day"": 5, ""dayName"": ""星期五"", ""periods"": [""7"", ""8""], ""raw"": ""7,8""}]",限修,網球場,https://course.nuk.edu.tw/QueryCourse/tcontent.asp?OpenYear=104&Helf=2&Sclass=GR&Cono=S41B,2026-08-26T18:13:36+00:00
104-2-GR-S42B-A-1-A,104,2,共同與通識課程,GR,共同必修系列,S42B,A,大學部,1,A,體育(二)-應化系,0,必,60,42,,18,蔡春福,,,,,,"7,8",,,"[{""day"": 5, ""dayName"": ""星期五"", ""periods"": [""7"", ""8""], ""raw"": ""7,8""}]",限修,籃球場(風雨球場),https://course.nuk.edu.tw/QueryCourse/tcontent.asp?OpenYear=104&Helf=2&Sclass=GR&Cono=S42B,2026-08-26T18:13:36+00:00
104-2-GR-S43B-A-1-A,104,2,共同與通識課程,GR,共同必修系列,S43B,A,大學部,1,A,體育(二)-應物系,0,必,62,52,,10,楊明利,,,,,"6,7",,,,"[{""day"": 4, ""dayName"": ""星期四"", ""periods"": [""6"", ""7""], ""raw"": ""6,7""}]",限修及外加,排球場(風雨球場),https://course.nuk.edu.tw/QueryCourse/tcontent.asp?OpenYear=104&Helf=2&Sclass=GR&Cono=S43B,2026-08-26T18:13:36+00:00
104-2-GR-S51B-A-1-A,104,2,共同與通識課程,GR,共同必修系列,S51B,A,大學部,1,A,體育(二)-電機A,0,必,60,47,,13,李來發,,,,"3,4",,,,,"[{""day"": 3, ""dayName"": ""星期三"", ""periods"": [""3"", ""4""], ""raw"": ""3,4""}]",限修及外加,壘球場,https://course.nuk.edu.tw/QueryCourse/tcontent.asp?OpenYear=104&Helf=2&Sclass=GR&Cono=S51B,2026-08-26T18:13:36+00:00
104-2-GR-S51D-A-1-B,104,2,共同與通識課程,GR,共同必修系列,S51D,A,大學部,1,B,體育(二)-電機B,0,必,62,53,,9,王士仁,,,,"3,4",,,,,"[{""day"": 3, ""dayName"": ""星期三"", ""periods"": [""3"", ""4""], ""raw"": ""3,4""}]",限修及外加,網球場,https://course.nuk.edu.tw/QueryCourse/tcontent.asp?OpenYear=104&Helf=2&Sclass=GR&Cono=S51D,2026-08-26T18:13:36+00:00
104-2-GR-S52B-A-1-A,104,2,共同與通識課程,GR,共同必修系列,S52B,A,大學部,1,A,體育(二)-土環系A,0,必,60,58,,2,蔡義川,,,,,,"3,4",,,"[{""day"": 5, ""dayName"": ""星期五"", ""periods"": [""3"", ""4""], ""raw"": ""3,4""}]",限修,排球場,https://course.nuk.edu.tw/QueryCourse/tcontent.asp?OpenYear=104&Helf=2&Sclass=GR&Cono=S52B,2026-08-26T18:13:36+00:00
104-2-GR-S55B-A-1-A,104,2,共同與通識課程,GR,共同必修系列,S55B,A,大學部,1,A,體育(二)-資工系,0,必,60,41,,19,林文俊,,,,,,"3,4",,,"[{""day"": 5, ""dayName"": ""星期五"", ""periods"": [""3"", ""4""], ""raw"": ""3,4""}]",限修,羽球場,https://course.nuk.edu.tw/QueryCourse/tcontent.asp?OpenYear=104&Helf=2&Sclass=GR&Cono=S55B,2026-08-26T18:13:36+00:00
104-2-GR-S56B-A-1-A,104,2,共同與通識課程,GR,共同必修系列,S56B,A,大學部,1,A,體育(二)-化材系,0,必,60,39,,21,高群超,,"3,4",,,,,,,"[{""day"": 1, ""dayName"": ""星期一"", ""periods"": [""3"", ""4""], ""raw"": ""3,4""}]",限修,桌球場,https://course.nuk.edu.tw/QueryCourse/tcontent.asp?OpenYear=104&Helf=2&Sclass=GR&Cono=S56B,2026-08-26T18:13:36+00:00
104-2-GR-S61B-A-1-A,104,2,共同與通識課程,GR,共同必修系列,S61B,A,大學部,1,A,體育(二)-生科系,0,必,65,54,,11,王士仁,,"3,4",,,,,,,"[{""day"": 1, ""dayName"": ""星期一"", ""periods"": [""3"", ""4""], ""raw"": ""3,4""}]",限修及外加,網球場,https://course.nuk.edu.tw/QueryCourse/tcontent.asp?OpenYear=104&Helf=2&Sclass=GR&Cono=S61B,2026-08-26T18:13:36+00:00
104-2-GR-S71B-A-1-A,104,2,共同與通識課程,GR,共同必修系列,S71B,A,大學部,1,A,體育(二)-亞太系,0,必,60,57,,3,耿仕榮,,,,,"6,7",,,,"[{""day"": 4, ""dayName"": ""星期四"", ""periods"": [""6"", ""7""], ""raw"": ""6,7""}]",限修,足球場,https://course.nuk.edu.tw/QueryCourse/tcontent.asp?OpenYear=104&Helf=2&Sclass=GR&Cono=S71B,2026-08-26T18:13:36+00:00
104-2-GR-SB01-A-2-A,104,2,共同與通識課程,GR,共同必修系列,SB01,A,大學部,2,A,體育(四)-網球A,0,必,62,54,,8,蔡明書,,,,,"8,9",,,,"[{""day"": 4, ""dayName"": ""星期四"", ""periods"": [""8"", ""9""], ""raw"": ""8,9""}]",限修及外加,限應經二、應物二、生科二、化材二、金管二選修。大三、四重補修請於第三階段至通識中心加選。上下學期選項重覆選修不算學分。,https://course.nuk.edu.tw/QueryCourse/tcontent.asp?OpenYear=104&Helf=2&Sclass=GR&Cono=SB01,2026-08-26T18:13:36+00:00
104-2-GR-SB02-A-2-A,104,2,共同與通識課程,GR,共同必修系列,SB02,A,大學部,2,A,體育(四)-網球B,0,必,60,53,,7,蔡文星,,,,,,"1,2",,,"[{""day"": 5, ""dayName"": ""星期五"", ""periods"": [""1"", ""2""], ""raw"": ""1,2""}]",限修及外加,限土環二、政法二、應化二、資工二、資管二、運技二選修。大三、四重補修請於第三階段至通識中心加選。上下學期選項重覆選修不算學分。,https://course.nuk.edu.tw/QueryCourse/tcontent.asp?OpenYear=104&Helf=2&Sclass=GR&Cono=SB02,2026-08-26T18:13:36+00:00
104-2-GR-SB03-A-2-A,104,2,共同與通識課程,GR,共同必修系列,SB03,A,大學部,2,A,體育(四)-網球C,0,必,59,56,,3,蔡義川,,,,,,"5,6",,,"[{""day"": 5, ""dayName"": ""星期五"", ""periods"": [""5"", ""6""], ""raw"": ""5,6""}]",限修及外加,限電機A二、電機B二、法律二、應數二、亞太二選修。大三、四重補修請於第三階段至通識中心加選。上下學期選項重覆選修不算學分。,https://course.nuk.edu.tw/QueryCourse/tcontent.asp?OpenYear=104&Helf=2&Sclass=GR&Cono=SB03,2026-08-26T18:13:36+00:00
104-2-GR-SB11-A-2-A,104,2,共同與通識課程,GR,共同必修系列,SB11,A,大學部,2,A,體育(四)-桌球A,0,必,57,56,,1,施長和,,,,"1,2",,,,,"[{""day"": 3, ""dayName"": ""星期三"", ""periods"": [""1"", ""2""], ""raw"": ""1,2""}]",限修及外加,限西語二、運健休二、創建二、財法二、東語二選修。大三、四重補修請於第三階段至通識中心加選。上下學期選項重覆選修不算學分。,https://course.nuk.edu.tw/QueryCourse/tcontent.asp?OpenYear=104&Helf=2&Sclass=GR&Cono=SB11,2026-08-26T18:13:36+00:00
104-2-GR-SB12-A-2-A,104,2,共同與通識課程,GR,共同必修系列,SB12,A,大學部,2,A,體育(四)-桌球B,0,必,57,56,,1,馮潤賓,,,,,,"1,2",,,"[{""day"": 5, ""dayName"": ""星期五"", ""periods"": [""1"", ""2""], ""raw"": ""1,2""}]",限修及外加,限土環二、政法二、應化二、資工二、資管二、運技二選修。大三、四重補修請於第三階段至通識中心加選。上下學期選項重覆選修不算學分。,https://course.nuk.edu.tw/QueryCourse/tcontent.asp?OpenYear=104&Helf=2&Sclass=GR&Cono=SB12,2026-08-26T18:13:36+00:00
104-2-GR-SB21-A-2-A,104,2,共同與通識課程,GR,共同必修系列,SB21,A,大學部,2,A,體育(四)-木球A,0,必,60,56,,4,王士仁,,,,"1,2",,,,,"[{""day"": 3, ""dayName"": ""星期三"", ""periods"": [""1"", ""2""], ""raw"": ""1,2""}]",限修及外加,限西語二、運健休二、創建二、財法二、東語二選修。大三、四重補修請於第三階段至通識中心加選。上下學期選項重覆選修不算學分。,https://course.nuk.edu.tw/QueryCourse/tcontent.asp?OpenYear=104&Helf=2&Sclass=GR&Cono=SB21,2026-08-26T18:13:36+00:00
104-2-GR-SB22-A-2-A,104,2,共同與通識課程,GR,共同必修系列,SB22,A,大學部,2,A,體育(四)-木球B,0,必,60,51,,9,楊明利,,,,,"8,9",,,,"[{""day"": 4, ""dayName"": ""星期四"", ""periods"": [""8"", ""9""], ""raw"": ""8,9""}]",限修及外加,限應經二、應物二、生科二、化材二、金管二選修。大三、四重補修請於第三階段至通識中心加選。上下學期選項重覆選修不算學分。,https://course.nuk.edu.tw/QueryCourse/tcontent.asp?OpenYear=104&Helf=2&Sclass=GR&Cono=SB22,2026-08-26T18:13:36+00:00
104-2-GR-SB23-A-2-A,104,2,共同與通識課程,GR,共同必修系列,SB23,A,大學部,2,A,體育(四)-木球C,0,必,59,24,,35,宋洪經,,,,,,"1,2",,,"[{""day"": 5, ""dayName"": ""星期五"", ""periods"": [""1"", ""2""], ""raw"": ""1,2""}]",限修及外加,限土環二、政法二、應化二、資工二、資管二、運技二選修。大三、四重補修請於第三階段至通識中心加選。上下學期選項重覆選修不算學分。,https://course.nuk.edu.tw/QueryCourse/tcontent.asp?OpenYear=104&Helf=2&Sclass=GR&Cono=SB23,2026-08-26T18:13:36+00:00
104-2-GR-SB24-A-2-A,104,2,共同與通識課程,GR,共同必修系列,SB24,A,大學部,2,A,體育(四)-木球D,0,必,60,41,,19,蔡春福,,,,,,"5,6",,,"[{""day"": 5, ""dayName"": ""星期五"", ""periods"": [""5"", ""6""], ""raw"": ""5,6""}]",限修及外加,限電機A二、電機B二、法律二、應數二、亞太二選修。大三、四重補修請於第三階段至通識中心加選。上下學期選項重覆選修不算學分。,https://course.nuk.edu.tw/QueryCourse/tcontent.asp?OpenYear=104&Helf=2&Sclass=GR&Cono=SB24,2026-08-26T18:13:36+00:00
104-2-GR-SB31-A-2-A,104,2,共同與通識課程,GR,共同必修系列,SB31,A,大學部,2,A,體育(四)-羽球A,0,必,60,46,,14,高群超,,,,"1,2",,,,,"[{""day"": 3, ""dayName"": ""星期三"", ""periods"": [""1"", ""2""], ""raw"": ""1,2""}]",限修及外加,限西語二、運健休二、創建二、財法二、東語二選修。大三、四重補修請於第三階段至通識中心加選。上下學期選項重覆選修不算學分。,https://course.nuk.edu.tw/QueryCourse/tcontent.asp?OpenYear=104&Helf=2&Sclass=GR&Cono=SB31,2026-08-26T18:13:36+00:00
104-2-GR-SB32-A-2-A,104,2,共同與通識課程,GR,共同必修系列,SB32,A,大學部,2,A,體育(四)-羽球B,0,必,60,60,,0,黃郁玲,,,,,,"1,2",,,"[{""day"": 5, ""dayName"": ""星期五"", ""periods"": [""1"", ""2""], ""raw"": ""1,2""}]",限修及外加,限土環二、政法二、應化二、資工二、資管二、運技二選修。大三、四重補修請於第三階段至通識中心加選。上下學期選項重覆選修不算學分。,https://course.nuk.edu.tw/QueryCourse/tcontent.asp?OpenYear=104&Helf=2&Sclass=GR&Cono=SB32,2026-08-26T18:13:36+00:00
104-2-GR-SB41-A-2-A,104,2,共同與通識課程,GR,共同必修系列,SB41,A,大學部,2,A,體育(四)-壘球A,0,必,62,53,,9,李來發,,,,"1,2",,,,,"[{""day"": 3, ""dayName"": ""星期三"", ""periods"": [""1"", ""2""], ""raw"": ""1,2""}]",限修及外加,限西語二、運健休二、創建二、財法二、東語二選修。大三、四重補修請於第三階段至通識中心加選。上下學期選項重覆選修不算學分。,https://course.nuk.edu.tw/QueryCourse/tcontent.asp?OpenYear=104&Helf=2&Sclass=GR&Cono=SB41,2026-08-26T18:13:36+00:00
104-2-GR-SB42-A-2-A,104,2,共同與通識課程,GR,共同必修系列,SB42,A,大學部,2,A,體育(四)-壘球B,0,必,60,42,,18,林文俊,,,,,,"1,2",,,"[{""day"": 5, ""dayName"": ""星期五"", ""periods"": [""1"", ""2""], ""raw"": ""1,2""}]",限修及外加,限土環二、政法二、應化二、資工二、資管二、運技二選修。大三、四重補修請於第三階段至通識中心加選。上下學期選項重覆選修不算學分。,https://course.nuk.edu.tw/QueryCourse/tcontent.asp?OpenYear=104&Helf=2&Sclass=GR&Cono=SB42,2026-08-26T18:13:36+00:00
104-2-GR-SB51-A-2-A,104,2,共同與通識課程,GR,共同必修系列,SB51,A,大學部,2,A,體育(四)-籃球A,0,必,59,59,,0,黃蔚,,,,,"8,9",,,,"[{""day"": 4, ""dayName"": ""星期四"", ""periods"": [""8"", ""9""], ""raw"": ""8,9""}]",限修及外加,限應經二、應物二、生科二、化材二、金管二選修。大三、四重補修請於第三階段至通識中心加選。上下學期選項重覆選修不算學分。,https://course.nuk.edu.tw/QueryCourse/tcontent.asp?OpenYear=104&Helf=2&Sclass=GR&Cono=SB51,2026-08-26T18:13:36+00:00
104-2-GR-SB52-A-2-A,104,2,共同與通識課程,GR,共同必修系列,SB52,A,大學部,2,A,體育(四)-籃球B,0,必,56,49,,7,蔡義川,,,,,,"1,2",,,"[{""day"": 5, ""dayName"": ""星期五"", ""periods"": [""1"", ""2""], ""raw"": ""1,2""}]",限修及外加,限土環二、政法二、應化二、資工二、資管二、運技二選修。大三、四重補修請於第三階段至通識中心加選。上下學期選項重覆選修不算學分。上課地點：風雨球場,https://course.nuk.edu.tw/QueryCourse/tcontent.asp?OpenYear=104&Helf=2&Sclass=GR&Cono=SB52,2026-08-26T18:13:36+00:00
104-2-GR-SB53-A-2-A,104,2,共同與通識課程,GR,共同必修系列,SB53,A,大學部,2,A,體育(四)-籃球C,0,必,60,55,,5,薛福財,,,,,,"5,6",,,"[{""day"": 5, ""dayName"": ""星期五"", ""periods"": [""5"", ""6""], ""raw"": ""5,6""}]",限修及外加,限電機A二、電機B二、法律二、應數二、亞太二選修。大三、四重補修請於第三階段至通識中心加選。上下學期選項重覆選修不算學分。上課地點：風雨球場。,https://course.nuk.edu.tw/QueryCourse/tcontent.asp?OpenYear=104&Helf=2&Sclass=GR&Cono=SB53,2026-08-26T18:13:36+00:00
104-2-GR-SB61-A-2-A,104,2,共同與通識課程,GR,共同必修系列,SB61,A,大學部,2,A,體育(四)-排球A,0,必,59,45,,14,施長和,,,,,"8,9",,,,"[{""day"": 4, ""dayName"": ""星期四"", ""periods"": [""8"", ""9""], ""raw"": ""8,9""}]",限修及外加,限應經二、應物二、生科二、化材二、金管二選修。大三、四重補修請於第三階段至通識中心加選。上下學期選項重覆選修不算學分。,https://course.nuk.edu.tw/QueryCourse/tcontent.asp?OpenYear=104&Helf=2&Sclass=GR&Cono=SB61,2026-08-26T18:13:36+00:00
104-2-GR-SB62-A-2-A,104,2,共同與通識課程,GR,共同必修系列,SB62,A,大學部,2,A,體育(四)-排球B,0,必,57,52,,5,黃蔚,,,,,,"5,6",,,"[{""day"": 5, ""dayName"": ""星期五"", ""periods"": [""5"", ""6""], ""raw"": ""5,6""}]",限修及外加,限電機A二、電機B二、法律二、應數二、亞太二選修。大三、四重補修請於第三階段至通識中心加選。上下學期選項重覆選修不算學分。,https://course.nuk.edu.tw/QueryCourse/tcontent.asp?OpenYear=104&Helf=2&Sclass=GR&Cono=SB62,2026-08-26T18:13:36+00:00
104-2-GR-SB71-A-2-A,104,2,共同與通識課程,GR,共同必修系列,SB71,A,大學部,2,A,體育(四)-國際標準舞A,0,必,60,37,,23,孫美蓮,,,,"1,2",,,,,"[{""day"": 3, ""dayName"": ""星期三"", ""periods"": [""1"", ""2""], ""raw"": ""1,2""}]",限修及外加,限西語二、運健休二、創建二、財法二、東語二選修。大三、四重補修請於第三階段至通識中心加選。上下學期選項重覆選修不算學分。上課地點：體識能教室(k01-104)。,https://course.nuk.edu.tw/QueryCourse/tcontent.asp?OpenYear=104&Helf=2&Sclass=GR&Cono=SB71,2026-08-26T18:13:36+00:00
104-2-GR-SB85-A-2-A,104,2,共同與通識課程,GR,共同必修系列,SB85,A,大學部,2,A,體育(四)-跆拳道A,0,必,60,59,,1,葉天相,,,,,,"5,6",,,"[{""day"": 5, ""dayName"": ""星期五"", ""periods"": [""5"", ""6""], ""raw"": ""5,6""}]",限修及外加,限電機A二、電機B二、法律二、應數二、亞太二選修。大三、四重補修請於第三階段至通識中心加選。上下學期選項重覆選修不算學分。上課地點：體適能教室(K01-104),https://course.nuk.edu.tw/QueryCourse/tcontent.asp?OpenYear=104&Helf=2&Sclass=GR&Cono=SB85,2026-08-26T18:13:36+00:00
104-2-GR-SB91-A-2-A,104,2,共同與通識課程,GR,共同必修系列,SB91,A,大學部,2,A,體育(四)-足球A,0,必,60,48,,12,耿仕榮,,,,,"8,9",,,,"[{""day"": 4, ""dayName"": ""星期四"", ""periods"": [""8"", ""9""], ""raw"": ""8,9""}]",限修及外加,限應經二、應物二、生科二、化材二、金管二選修。大三、四重補修請於第三階段至通識中心加選。上下學期選項重覆選修不算學分。,https://course.nuk.edu.tw/QueryCourse/tcontent.asp?OpenYear=104&Helf=2&Sclass=GR&Cono=SB91,2026-08-26T18:13:36+00:00
104-2-GR-ME01-A-4-A,104,2,共同與通識課程,GR,共同必修系列,ME01,A,大學部,4,A,進階英文,0,選,40,20,,20,曾雅惠,B01-109,,"1,2",,,,,,"[{""day"": 2, ""dayName"": ""星期二"", ""periods"": [""1"", ""2""], ""raw"": ""1,2""}]",先修 禁止外加 限修,,https://course.nuk.edu.tw/QueryCourse/tcontent.asp?OpenYear=104&Helf=2&Sclass=GR&Cono=ME01,2026-08-26T18:13:36+00:00
104-2-GR-ME02-A-4-A,104,2,共同與通識課程,GR,共同必修系列,ME02,A,大學部,4,A,進階英文,0,選,40,25,,15,曾雅惠,B01-109,,"3,4",,,,,,"[{""day"": 2, ""dayName"": ""星期二"", ""periods"": [""3"", ""4""], ""raw"": ""3,4""}]",先修 禁止外加 限修,,https://course.nuk.edu.tw/QueryCourse/tcontent.asp?OpenYear=104&Helf=2&Sclass=GR&Cono=ME02,2026-08-26T18:13:36+00:00
104-2-GR-ME03-A-4-A,104,2,共同與通識課程,GR,共同必修系列,ME03,A,大學部,4,A,進階英文,0,選,40,40,,0,陳信智,B01-107,,,"3,4",,,,,"[{""day"": 3, ""dayName"": ""星期三"", ""periods"": [""3"", ""4""], ""raw"": ""3,4""}]",先修 禁止外加 限修,,https://course.nuk.edu.tw/QueryCourse/tcontent.asp?OpenYear=104&Helf=2&Sclass=GR&Cono=ME03,2026-08-26T18:13:36+00:00
104-2-GR-ME04-A-4-A,104,2,共同與通識課程,GR,共同必修系列,ME04,A,大學部,4,A,進階英文,0,選,40,17,,23,顏正裕,M01-102,"5,6",,,,,,,"[{""day"": 1, ""dayName"": ""星期一"", ""periods"": [""5"", ""6""], ""raw"": ""5,6""}]",先修 禁止外加 限修,顏正裕老師。,https://course.nuk.edu.tw/QueryCourse/tcontent.asp?OpenYear=104&Helf=2&Sclass=GR&Cono=ME04,2026-08-26T18:13:36+00:00
104-2-GR-ME05-A-4-A,104,2,共同與通識課程,GR,共同必修系列,ME05,A,大學部,4,A,進階英文,0,選,40,39,,1,陳媛玲,M01-208,,,,"8,9",,,,"[{""day"": 4, ""dayName"": ""星期四"", ""periods"": [""8"", ""9""], ""raw"": ""8,9""}]",先修 禁止外加 限修,,https://course.nuk.edu.tw/QueryCourse/tcontent.asp?OpenYear=104&Helf=2&Sclass=GR&Cono=ME05,2026-08-26T18:13:36+00:00
104-2-GR-ME06-A-4-A,104,2,共同與通識課程,GR,共同必修系列,ME06,A,大學部,4,A,進階英文,0,選,40,30,,10,吳苡菱,B01-108,,"3,4",,,,,,"[{""day"": 2, ""dayName"": ""星期二"", ""periods"": [""3"", ""4""], ""raw"": ""3,4""}]",先修 禁止外加 限修,,https://course.nuk.edu.tw/QueryCourse/tcontent.asp?OpenYear=104&Helf=2&Sclass=GR&Cono=ME06,2026-08-26T18:13:36+00:00
104-2-GR-ME07-A-4-A,104,2,共同與通識課程,GR,共同必修系列,ME07,A,大學部,4,A,進階英文,0,選,40,22,,18,吳苡菱,B01-109,,"5,6",,,,,,"[{""day"": 2, ""dayName"": ""星期二"", ""periods"": [""5"", ""6""], ""raw"": ""5,6""}]",先修 禁止外加 限修,,https://course.nuk.edu.tw/QueryCourse/tcontent.asp?OpenYear=104&Helf=2&Sclass=GR&Cono=ME07,2026-08-26T18:13:36+00:00
104-2-GR-ME08-A-4-A,104,2,共同與通識課程,GR,共同必修系列,ME08,A,大學部,4,A,進階英文,0,選,40,15,,25,王靜嫻,B01-106,"1,2",,,,,,,"[{""day"": 1, ""dayName"": ""星期一"", ""periods"": [""1"", ""2""], ""raw"": ""1,2""}]",先修 禁止外加 限修,王靜嫻老師。,https://course.nuk.edu.tw/QueryCourse/tcontent.asp?OpenYear=104&Helf=2&Sclass=GR&Cono=ME08,2026-08-26T18:13:36+00:00
104-2-GR-ME09-A-4-A,104,2,共同與通識課程,GR,共同必修系列,ME09,A,大學部,4,A,進階英文,0,選,40,29,,11,王靜嫻,B01-106,"3,4",,,,,,,"[{""day"": 1, ""dayName"": ""星期一"", ""periods"": [""3"", ""4""], ""raw"": ""3,4""}]",先修 禁止外加 限修,王靜嫻老師。,https://course.nuk.edu.tw/QueryCourse/tcontent.asp?OpenYear=104&Helf=2&Sclass=GR&Cono=ME09,2026-08-26T18:13:36+00:00
104-2-GR-ME10-A-4-A,104,2,共同與通識課程,GR,共同必修系列,ME10,A,大學部,4,A,進階英文,0,選,40,26,,14,蔡奎如,M01-204,,,"7,8",,,,,"[{""day"": 3, ""dayName"": ""星期三"", ""periods"": [""7"", ""8""], ""raw"": ""7,8""}]",先修 禁止外加 限修,,https://course.nuk.edu.tw/QueryCourse/tcontent.asp?OpenYear=104&Helf=2&Sclass=GR&Cono=ME10,2026-08-26T18:13:36+00:00
104-2-IN-A003-A-1-A,104,2,共同與通識課程,IN,興趣選修,A003,A,大學部,1,A,華語閱讀班(二),2,選,40,11,,29,黃文娟,M01-104,,,,"7,8",,,,"[{""day"": 4, ""dayName"": ""星期四"", ""periods"": [""7"", ""8""], ""raw"": ""7,8""}]",禁止外加,"1.限母語為非華語者之同學選修,選修此班需經教師認定核可 2.本課程不計入通識學分，經學系認定後得列入畢業學分",https://course.nuk.edu.tw/QueryCourse/tcontent.asp?OpenYear=104&Helf=2&Sclass=IN&Cono=A003,2026-08-26T18:13:36+00:00
104-2-IN-A013-A-1-A,104,2,共同與通識課程,IN,興趣選修,A013,A,大學部,1,A,華語會話班(二),2,選,40,12,,28,黃文娟,L02-106,"7,8",,,,,,,"[{""day"": 1, ""dayName"": ""星期一"", ""periods"": [""7"", ""8""], ""raw"": ""7,8""}]",禁止外加,"1.限母語為非華語者之同學選修,選修此班需經教師認定核可 2.本課程不計入通識學分，經學系認定後得列入畢業學分",https://course.nuk.edu.tw/QueryCourse/tcontent.asp?OpenYear=104&Helf=2&Sclass=IN&Cono=A013,2026-08-26T18:13:36+00:00
104-2-IN-A101-A-1-A,104,2,共同與通識課程,IN,興趣選修,A101,A,大學部,1,A,職場英文聽讀訓練,2,選,60,21,,39,許建華,B01-106,,"5,6",,,,,,"[{""day"": 2, ""dayName"": ""星期二"", ""periods"": [""5"", ""6""], ""raw"": ""5,6""}]",禁止外加,本課程不計入通識學分，經學系認定後得列入畢業學分,https://course.nuk.edu.tw/QueryCourse/tcontent.asp?OpenYear=104&Helf=2&Sclass=IN&Cono=A101,2026-08-26T18:13:36+00:00
104-2-IN-D500-A-1-A,104,2,共同與通識課程,IN,興趣選修,D500,A,大學部,1,A,教學實務演練(通識中心),0,選,55,55,,0,楊鈞池,,,,,,,Y,,"[{""day"": 6, ""dayName"": ""星期六"", ""periods"": [""Y""], ""raw"": ""Y""}]",外加,指定加簽，申請擔任學習型兼任教學助理之學生必須修習本課程。請於3/2前上網完成選課作業。,https://course.nuk.edu.tw/QueryCourse/tcontent.asp?OpenYear=104&Helf=2&Sclass=IN&Cono=D500,2026-08-26T18:13:36+00:00
104-2-LI-A044-A-1-A,104,2,共同與通識課程,LI,通識人文科學類,A044,A,大學部,1,A,氣的探索與體驗,2,選,60,60,,0,蔡仁傑,L02-101,"1,2",,,,,,,"[{""day"": 1, ""dayName"": ""星期一"", ""periods"": [""1"", ""2""], ""raw"": ""1,2""}]",禁止外加,,https://course.nuk.edu.tw/QueryCourse/tcontent.asp?OpenYear=104&Helf=2&Sclass=LI&Cono=A044,2026-08-26T18:13:36+00:00
104-2-LI-A174-A-1-A,104,2,共同與通識課程,LI,通識人文科學類,A174,A,大學部,1,A,新詩創作(A),2,選,60,60,,0,張忠進,L02-202,,,,"3,4",,,,"[{""day"": 4, ""dayName"": ""星期四"", ""periods"": [""3"", ""4""], ""raw"": ""3,4""}]",禁止外加,修過「新詩創作工作坊(一)/(二)/(A)/(B)」者請勿選修，重覆選修不列入學分計算,https://course.nuk.edu.tw/QueryCourse/tcontent.asp?OpenYear=104&Helf=2&Sclass=LI&Cono=A174,2026-08-26T18:13:36+00:00
104-2-LI-A177-A-1-A,104,2,共同與通識課程,LI,通識人文科學類,A177,A,大學部,1,A,劇本創作與實務,2,選,40,32,,8,許正平,M01-206,,,"7,8",,,,,"[{""day"": 3, ""dayName"": ""星期三"", ""periods"": [""7"", ""8""], ""raw"": ""7,8""}]",禁止外加,,https://course.nuk.edu.tw/QueryCourse/tcontent.asp?OpenYear=104&Helf=2&Sclass=LI&Cono=A177,2026-08-26T18:13:36+00:00
104-2-LI-A184-A-1-A,104,2,共同與通識課程,LI,通識人文科學類,A184,A,大學部,1,A,現代文學選讀與習作,2,選,60,60,,0,張忠進,L02-202,,,,"5,6",,,,"[{""day"": 4, ""dayName"": ""星期四"", ""periods"": [""5"", ""6""], ""raw"": ""5,6""}]",禁止外加,,https://course.nuk.edu.tw/QueryCourse/tcontent.asp?OpenYear=104&Helf=2&Sclass=LI&Cono=A184,2026-08-26T18:13:36+00:00
104-2-LI-A204-A-1-A,104,2,共同與通識課程,LI,通識人文科學類,A204,A,大學部,1,A,應用文習作,2,選,60,21,,39,嚴立仁,M01-105,"3,4",,,,,,,"[{""day"": 1, ""dayName"": ""星期一"", ""periods"": [""3"", ""4""], ""raw"": ""3,4""}]",禁止外加,修過「實用中文」者請勿重覆選修，重覆選修不列入學分計算,https://course.nuk.edu.tw/QueryCourse/tcontent.asp?OpenYear=104&Helf=2&Sclass=LI&Cono=A204,2026-08-26T18:13:36+00:00
104-2-LI-A213-A-1-A,104,2,共同與通識課程,LI,通識人文科學類,A213,A,大學部,1,A,田野調查,3,選,40,40,,0,翁烔慶,M01-101,,,,"5,6, 7",,,,"[{""day"": 4, ""dayName"": ""星期四"", ""periods"": [""5"", ""6"", ""7""], ""raw"": ""5,6, 7""}]",禁止外加,104學年度起，田野調查改為3學分課程；已選修2學分之本門課程者，維持2學分計。,https://course.nuk.edu.tw/QueryCourse/tcontent.asp?OpenYear=104&Helf=2&Sclass=LI&Cono=A213,2026-08-26T18:13:36+00:00
104-2-LI-A214-A-1-A,104,2,共同與通識課程,LI,通識人文科學類,A214,A,大學部,1,A,田野調查,3,選,40,10,,30,謝濬澤,B01-106,,,,"2,3, 4",,,,"[{""day"": 4, ""dayName"": ""星期四"", ""periods"": [""2"", ""3"", ""4""], ""raw"": ""2,3, 4""}]",禁止外加,104學年度起，田野調查改為3學分課程；已選修2學分之本門課程者，維持2學分計。,https://course.nuk.edu.tw/QueryCourse/tcontent.asp?OpenYear=104&Helf=2&Sclass=LI&Cono=A214,2026-08-26T18:13:36+00:00
104-2-LI-A215-A-1-A,104,2,共同與通識課程,LI,通識人文科學類,A215,A,大學部,1,A,高雄發展史,2,選,60,13,,47,謝濬澤,B01-106,,,,"5,6",,,,"[{""day"": 4, ""dayName"": ""星期四"", ""periods"": [""5"", ""6""], ""raw"": ""5,6""}]",禁止外加,,https://course.nuk.edu.tw/QueryCourse/tcontent.asp?OpenYear=104&Helf=2&Sclass=LI&Cono=A215,2026-08-26T18:13:36+00:00
104-2-LI-A216-A-1-A,104,2,共同與通識課程,LI,通識人文科學類,A216,A,大學部,1,A,籤詩文學與寺廟文化,2,選,60,60,,0,翁烔慶,M01-101,,,,"3,4",,,,"[{""day"": 4, ""dayName"": ""星期四"", ""periods"": [""3"", ""4""], ""raw"": ""3,4""}]",禁止外加,,https://course.nuk.edu.tw/QueryCourse/tcontent.asp?OpenYear=104&Helf=2&Sclass=LI&Cono=A216,2026-08-26T18:13:36+00:00
104-2-LI-A223-A-1-A,104,2,共同與通識課程,LI,通識人文科學類,A223,A,大學部,1,A,故事欣賞與習作,2,選,60,58,,2,賴素玫,M01-B102,,,,"5,6",,,,"[{""day"": 4, ""dayName"": ""星期四"", ""periods"": [""5"", ""6""], ""raw"": ""5,6""}]",禁止外加,,https://course.nuk.edu.tw/QueryCourse/tcontent.asp?OpenYear=104&Helf=2&Sclass=LI&Cono=A223,2026-08-26T18:13:36+00:00
104-2-LI-A345-A-1-A,104,2,共同與通識課程,LI,通識人文科學類,A345,A,大學部,1,A,基督宗教的生命教育,2,選,60,60,,0,蔡仁傑,L02-101,"3,4",,,,,,,"[{""day"": 1, ""dayName"": ""星期一"", ""periods"": [""3"", ""4""], ""raw"": ""3,4""}]",禁止外加,,https://course.nuk.edu.tw/QueryCourse/tcontent.asp?OpenYear=104&Helf=2&Sclass=LI&Cono=A345,2026-08-26T18:13:36+00:00
104-2-LI-A373-A-1-A,104,2,共同與通識課程,LI,通識人文科學類,A373,A,大學部,1,A,音樂與戲劇,2,選,60,55,,5,羅文秀,L01-103,"5,6",,,,,,,"[{""day"": 1, ""dayName"": ""星期一"", ""periods"": [""5"", ""6""], ""raw"": ""5,6""}]",禁止外加,,https://course.nuk.edu.tw/QueryCourse/tcontent.asp?OpenYear=104&Helf=2&Sclass=LI&Cono=A373,2026-08-26T18:13:36+00:00
104-2-LI-A374-A-1-A,104,2,共同與通識課程,LI,通識人文科學類,A374,A,大學部,1,A,古典音樂導聆,2,選,60,60,,0,蔡麗芬,L01-103,,,,"5,6",,,,"[{""day"": 4, ""dayName"": ""星期四"", ""periods"": [""5"", ""6""], ""raw"": ""5,6""}]",禁止外加,,https://course.nuk.edu.tw/QueryCourse/tcontent.asp?OpenYear=104&Helf=2&Sclass=LI&Cono=A374,2026-08-26T18:13:36+00:00
104-2-LI-A497-A-1-A,104,2,共同與通識課程,LI,通識人文科學類,A497,A,大學部,1,A,台灣之流行音樂與社會變遷,2,選,60,60,,0,陳怡靜,L01-103,,,,,"7,8",,,"[{""day"": 5, ""dayName"": ""星期五"", ""periods"": [""7"", ""8""], ""raw"": ""7,8""}]",禁止外加,,https://course.nuk.edu.tw/QueryCourse/tcontent.asp?OpenYear=104&Helf=2&Sclass=LI&Cono=A497,2026-08-26T18:13:36+00:00
104-2-LI-A522-A-1-A,104,2,共同與通識課程,LI,通識人文科學類,A522,A,大學部,1,A,西洋藝術欣賞,2,選,61,58,,3,徐秀嬪,M01-B101,,,"3,4",,,,,"[{""day"": 3, ""dayName"": ""星期三"", ""periods"": [""3"", ""4""], ""raw"": ""3,4""}]",禁止外加,2/17停課乙次，補課時間由授課教師另行通知。,https://course.nuk.edu.tw/QueryCourse/tcontent.asp?OpenYear=104&Helf=2&Sclass=LI&Cono=A522,2026-08-26T18:13:36+00:00
104-2-LI-A604-A-1-A,104,2,共同與通識課程,LI,通識人文科學類,A604,A,大學部,1,A,英語寫作實務,2,選,60,35,,25,何介富,L02-107,,"3,4",,,,,,"[{""day"": 2, ""dayName"": ""星期二"", ""periods"": [""3"", ""4""], ""raw"": ""3,4""}]",禁止外加,,https://course.nuk.edu.tw/QueryCourse/tcontent.asp?OpenYear=104&Helf=2&Sclass=LI&Cono=A604,2026-08-26T18:13:36+00:00
104-2-LI-A605-A-1-A,104,2,共同與通識課程,LI,通識人文科學類,A605,A,大學部,1,A,實用英文寫作,2,選,60,59,,1,王珮茹,M01-105,,,,"10,11",,,,"[{""day"": 4, ""dayName"": ""星期四"", ""periods"": [""10"", ""11""], ""raw"": ""10,11""}]",禁止外加,王珮茹老師,https://course.nuk.edu.tw/QueryCourse/tcontent.asp?OpenYear=104&Helf=2&Sclass=LI&Cono=A605,2026-08-26T18:13:36+00:00
104-2-LI-A714-A-1-A,104,2,共同與通識課程,LI,通識人文科學類,A714,A,大學部,1,A,戲曲藝術入門與賞析,2,選,60,56,,4,王海玲,L01-101,,,,,"8,9",,,"[{""day"": 5, ""dayName"": ""星期五"", ""periods"": [""8"", ""9""], ""raw"": ""8,9""}]",禁止外加,,https://course.nuk.edu.tw/QueryCourse/tcontent.asp?OpenYear=104&Helf=2&Sclass=LI&Cono=A714,2026-08-26T18:13:36+00:00
104-2-LI-A810-A-1-A,104,2,共同與通識課程,LI,通識人文科學類,A810,A,大學部,1,A,電影文學與人生,2,選,60,60,,0,高美芸,L01-103,,,,"7,8",,,,"[{""day"": 4, ""dayName"": ""星期四"", ""periods"": [""7"", ""8""], ""raw"": ""7,8""}]",禁止外加,,https://course.nuk.edu.tw/QueryCourse/tcontent.asp?OpenYear=104&Helf=2&Sclass=LI&Cono=A810,2026-08-26T18:13:36+00:00
104-2-LI-A831-A-1-A,104,2,共同與通識課程,LI,通識人文科學類,A831,A,大學部,1,A,台灣歷史與文化,2,選,60,56,,4,楊書濠 洪聖斐,L01-101,"8,9",,,,,,,"[{""day"": 1, ""dayName"": ""星期一"", ""periods"": [""8"", ""9""], ""raw"": ""8,9""}]",禁止外加,本課程包含18小時之線上課程，學生必須加入磨課師平台參與課程教學及討論,https://course.nuk.edu.tw/QueryCourse/tcontent.asp?OpenYear=104&Helf=2&Sclass=LI&Cono=A831,2026-08-26T18:13:36+00:00
104-2-LI-B013-A-1-A,104,2,共同與通識課程,LI,通識人文科學類,B013,A,大學部,1,A,電影中的音樂媒介,2,選,60,60,,0,陳怡靜,L01-103,,,,,"9,10",,,"[{""day"": 5, ""dayName"": ""星期五"", ""periods"": [""9"", ""10""], ""raw"": ""9,10""}]",禁止外加,,https://course.nuk.edu.tw/QueryCourse/tcontent.asp?OpenYear=104&Helf=2&Sclass=LI&Cono=B013,2026-08-26T18:13:36+00:00
104-2-LI-B014-A-1-A,104,2,共同與通識課程,LI,通識人文科學類,B014,A,大學部,1,A,從巴洛克到搖滾樂,2,選,60,60,,0,陳怡靜,L01-103,,,,,"5,6",,,"[{""day"": 5, ""dayName"": ""星期五"", ""periods"": [""5"", ""6""], ""raw"": ""5,6""}]",禁止外加,,https://course.nuk.edu.tw/QueryCourse/tcontent.asp?OpenYear=104&Helf=2&Sclass=LI&Cono=B014,2026-08-26T18:13:36+00:00
104-2-LI-B015-A-1-A,104,2,共同與通識課程,LI,通識人文科學類,B015,A,大學部,1,A,電影音樂欣賞,2,選,60,60,,0,蔡麗芬,L01-103,,,,"3,4",,,,"[{""day"": 4, ""dayName"": ""星期四"", ""periods"": [""3"", ""4""], ""raw"": ""3,4""}]",禁止外加,,https://course.nuk.edu.tw/QueryCourse/tcontent.asp?OpenYear=104&Helf=2&Sclass=LI&Cono=B015,2026-08-26T18:13:36+00:00
104-2-LI-B032-A-1-A,104,2,共同與通識課程,LI,通識人文科學類,B032,A,大學部,1,A,日本社會與語言,2,選,60,60,,0,蔡仁傑,L02-101,"5,6",,,,,,,"[{""day"": 1, ""dayName"": ""星期一"", ""periods"": [""5"", ""6""], ""raw"": ""5,6""}]",禁止外加,,https://course.nuk.edu.tw/QueryCourse/tcontent.asp?OpenYear=104&Helf=2&Sclass=LI&Cono=B032,2026-08-26T18:13:36+00:00
104-2-LI-B081-A-1-A,104,2,共同與通識課程,LI,通識人文科學類,B081,A,大學部,1,A,基礎法語(一),2,選,40,37,,3,歐陽蒨,C02-406,,,"3,4",,,,,"[{""day"": 3, ""dayName"": ""星期三"", ""periods"": [""3"", ""4""], ""raw"": ""3,4""}]",禁止外加,,https://course.nuk.edu.tw/QueryCourse/tcontent.asp?OpenYear=104&Helf=2&Sclass=LI&Cono=B081,2026-08-26T18:13:36+00:00
104-2-LI-B084-A-1-A,104,2,共同與通識課程,LI,通識人文科學類,B084,A,大學部,1,A,基礎英語口說訓練(二),2,選,60,55,,5,蘇楷立,C02-111,"10,11",,,,,,,"[{""day"": 1, ""dayName"": ""星期一"", ""periods"": [""10"", ""11""], ""raw"": ""10,11""}]",禁止外加,,https://course.nuk.edu.tw/QueryCourse/tcontent.asp?OpenYear=104&Helf=2&Sclass=LI&Cono=B084,2026-08-26T18:13:36+00:00
104-2-SC-A041-A-1-A,104,2,共同與通識課程,SC,通識自然科學類,A041,A,大學部,1,A,化妝品科技概論,2,選,60,53,,7,呂祖尚,C02-101,,,"7,8",,,,,"[{""day"": 3, ""dayName"": ""星期三"", ""periods"": [""7"", ""8""], ""raw"": ""7,8""}]",禁止外加,,https://course.nuk.edu.tw/QueryCourse/tcontent.asp?OpenYear=104&Helf=2&Sclass=SC&Cono=A041,2026-08-26T18:13:36+00:00
104-2-SC-A139-A-1-A,104,2,共同與通識課程,SC,通識自然科學類,A139,A,大學部,1,A,研究倫理與學術倫理,2,選,50,50,,0,馮世維,C02-108,,"3,4",,,,,,"[{""day"": 2, ""dayName"": ""星期二"", ""periods"": [""3"", ""4""], ""raw"": ""3,4""}]",禁止外加,,https://course.nuk.edu.tw/QueryCourse/tcontent.asp?OpenYear=104&Helf=2&Sclass=SC&Cono=A139,2026-08-26T18:13:36+00:00
104-2-SC-A232-A-1-A,104,2,共同與通識課程,SC,通識自然科學類,A232,A,大學部,1,A,光合作用概論,2,選,30,30,,0,王恒隆,C02-104,,,,,"5,6",,,"[{""day"": 5, ""dayName"": ""星期五"", ""periods"": [""5"", ""6""], ""raw"": ""5,6""}]",禁止外加 限修,生科系請勿選修,https://course.nuk.edu.tw/QueryCourse/tcontent.asp?OpenYear=104&Helf=2&Sclass=SC&Cono=A232,2026-08-26T18:13:36+00:00
104-2-SC-A291-A-1-A,104,2,共同與通識課程,SC,通識自然科學類,A291,A,大學部,1,A,環境污染與健康(A),2,選,60,60,,0,許昺奇,M01-104,,"1,2",,,,,,"[{""day"": 2, ""dayName"": ""星期二"", ""periods"": [""1"", ""2""], ""raw"": ""1,2""}]",禁止外加,許昺奇老師,https://course.nuk.edu.tw/QueryCourse/tcontent.asp?OpenYear=104&Helf=2&Sclass=SC&Cono=A291,2026-08-26T18:13:36+00:00
104-2-SC-A352-A-1-A,104,2,共同與通識課程,SC,通識自然科學類,A352,A,大學部,1,A,數位科技生活應用,2,選,50,50,,0,王譔博,L01-108,,,"8,9",,,,,"[{""day"": 3, ""dayName"": ""星期三"", ""periods"": [""8"", ""9""], ""raw"": ""8,9""}]",禁止外加,,https://course.nuk.edu.tw/QueryCourse/tcontent.asp?OpenYear=104&Helf=2&Sclass=SC&Cono=A352,2026-08-26T18:13:36+00:00
104-2-SC-A354-A-1-A,104,2,共同與通識課程,SC,通識自然科學類,A354,A,大學部,1,A,數位設計作品集,2,選,50,50,,0,王譔博,L01-108,,,"10,11",,,,,"[{""day"": 3, ""dayName"": ""星期三"", ""periods"": [""10"", ""11""], ""raw"": ""10,11""}]",禁止外加,,https://course.nuk.edu.tw/QueryCourse/tcontent.asp?OpenYear=104&Helf=2&Sclass=SC&Cono=A354,2026-08-26T18:13:36+00:00
104-2-SC-A483-A-1-A,104,2,共同與通識課程,SC,通識自然科學類,A483,A,大學部,1,A,自然保育概論,2,選,60,60,,0,蘇永銘,M01-204,,,,"7,8",,,,"[{""day"": 4, ""dayName"": ""星期四"", ""periods"": [""7"", ""8""], ""raw"": ""7,8""}]",禁止外加,,https://course.nuk.edu.tw/QueryCourse/tcontent.asp?OpenYear=104&Helf=2&Sclass=SC&Cono=A483,2026-08-26T18:13:36+00:00
104-2-SC-A496-A-1-A,104,2,共同與通識課程,SC,通識自然科學類,A496,A,大學部,1,A,環境與人類行為,2,選,60,56,,4,林師平,L02-108,,,,"9,10",,,,"[{""day"": 4, ""dayName"": ""星期四"", ""periods"": [""9"", ""10""], ""raw"": ""9,10""}]",禁止外加,,https://course.nuk.edu.tw/QueryCourse/tcontent.asp?OpenYear=104&Helf=2&Sclass=SC&Cono=A496,2026-08-26T18:13:36+00:00
104-2-SC-A561-A-1-A,104,2,共同與通識課程,SC,通識自然科學類,A561,A,大學部,1,A,病毒學漫談,2,選,60,60,,0,楊文仁,C02-B100,"3,4",,,,,,,"[{""day"": 1, ""dayName"": ""星期一"", ""periods"": [""3"", ""4""], ""raw"": ""3,4""}]",禁止外加 限修,生科系請勿選修,https://course.nuk.edu.tw/QueryCourse/tcontent.asp?OpenYear=104&Helf=2&Sclass=SC&Cono=A561,2026-08-26T18:13:36+00:00
104-2-SC-A572-A-1-A,104,2,共同與通識課程,SC,通識自然科學類,A572,A,大學部,1,A,常用藥物基本知識,2,選,60,60,,0,戴秀卿,M01-105,"10,11",,,,,,,"[{""day"": 1, ""dayName"": ""星期一"", ""periods"": [""10"", ""11""], ""raw"": ""10,11""}]",禁止外加,戴秀卿老師,https://course.nuk.edu.tw/QueryCourse/tcontent.asp?OpenYear=104&Helf=2&Sclass=SC&Cono=A572,2026-08-26T18:13:36+00:00
104-2-SC-A593-A-1-A,104,2,共同與通識課程,SC,通識自然科學類,A593,A,大學部,1,A,科學思維: 科學家怎麼想,2,選,60,27,,33,林明良,L02-101,,"3,4",,,,,,"[{""day"": 2, ""dayName"": ""星期二"", ""periods"": [""3"", ""4""], ""raw"": ""3,4""}]",禁止外加,,https://course.nuk.edu.tw/QueryCourse/tcontent.asp?OpenYear=104&Helf=2&Sclass=SC&Cono=A593,2026-08-26T18:13:36+00:00
104-2-SC-A614-A-1-A,104,2,共同與通識課程,SC,通識自然科學類,A614,A,大學部,1,A,設計和發明工程,2,選,60,43,,17,施博仁,C01-B103,,,"5,6",,,,,"[{""day"": 3, ""dayName"": ""星期三"", ""periods"": [""5"", ""6""], ""raw"": ""5,6""}]",禁止外加,建議大三.大四生選修,https://course.nuk.edu.tw/QueryCourse/tcontent.asp?OpenYear=104&Helf=2&Sclass=SC&Cono=A614,2026-08-26T18:13:36+00:00
104-2-SC-A621-A-1-A,104,2,共同與通識課程,SC,通識自然科學類,A621,A,大學部,1,A,人類生殖探秘,2,選,60,62,,0,劉紹東,H1--107,,,"5,6",,,,,"[{""day"": 3, ""dayName"": ""星期三"", ""periods"": [""5"", ""6""], ""raw"": ""5,6""}]",禁止外加,,https://course.nuk.edu.tw/QueryCourse/tcontent.asp?OpenYear=104&Helf=2&Sclass=SC&Cono=A621,2026-08-26T18:13:36+00:00
104-2-SC-A685-A-1-A,104,2,共同與通識課程,SC,通識自然科學類,A685,A,大學部,1,A,生態環境解說,2,選,60,48,,12,陳奕亮,L02-107,"7,8",,,,,,,"[{""day"": 1, ""dayName"": ""星期一"", ""periods"": [""7"", ""8""], ""raw"": ""7,8""}]",禁止外加,英文授課，建議英文程度在全民英檢中級以上同學選修,https://course.nuk.edu.tw/QueryCourse/tcontent.asp?OpenYear=104&Helf=2&Sclass=SC&Cono=A685,2026-08-26T18:13:36+00:00
104-2-SC-A711-A-1-A,104,2,共同與通識課程,SC,通識自然科學類,A711,A,大學部,1,A,健康與生活,2,選,60,60,,0,戴秀卿,M01-105,"8,9",,,,,,,"[{""day"": 1, ""dayName"": ""星期一"", ""periods"": [""8"", ""9""], ""raw"": ""8,9""}]",禁止外加,戴秀卿老師,https://course.nuk.edu.tw/QueryCourse/tcontent.asp?OpenYear=104&Helf=2&Sclass=SC&Cono=A711,2026-08-26T18:13:36+00:00
104-2-SC-A731-A-1-A,104,2,共同與通識課程,SC,通識自然科學類,A731,A,大學部,1,A,網球運動理論與實務,2,選,40,40,,0,王士仁,,,"3,4",,,,,,"[{""day"": 2, ""dayName"": ""星期二"", ""periods"": [""3"", ""4""], ""raw"": ""3,4""}]",禁止外加,網球場上課,https://course.nuk.edu.tw/QueryCourse/tcontent.asp?OpenYear=104&Helf=2&Sclass=SC&Cono=A731,2026-08-26T18:13:36+00:00
104-2-SC-A741-A-1-A,104,2,共同與通識課程,SC,通識自然科學類,A741,A,大學部,1,A,國際標準舞理論與實務,2,選,48,48,,0,孫美蓮,K01-004,"7,8",,,,,,,"[{""day"": 1, ""dayName"": ""星期一"", ""periods"": [""7"", ""8""], ""raw"": ""7,8""}]",禁止外加,運健休大樓-舞蹈教室上課,https://course.nuk.edu.tw/QueryCourse/tcontent.asp?OpenYear=104&Helf=2&Sclass=SC&Cono=A741,2026-08-26T18:13:36+00:00
104-2-SC-A761-A-1-A,104,2,共同與通識課程,SC,通識自然科學類,A761,A,大學部,1,A,羽球運動理論與實務,2,選,32,32,,0,高群超,,,,"3,4",,,,,"[{""day"": 3, ""dayName"": ""星期三"", ""periods"": [""3"", ""4""], ""raw"": ""3,4""}]",禁止外加,羽球場上課,https://course.nuk.edu.tw/QueryCourse/tcontent.asp?OpenYear=104&Helf=2&Sclass=SC&Cono=A761,2026-08-26T18:13:36+00:00
104-2-SC-A773-A-1-A,104,2,共同與通識課程,SC,通識自然科學類,A773,A,大學部,1,A,跆拳道運動與防身術,2,選,32,32,,0,葉天相,K01-004,,,,,"7,8",,,"[{""day"": 5, ""dayName"": ""星期五"", ""periods"": [""7"", ""8""], ""raw"": ""7,8""}]",禁止外加,運健休大樓-舞蹈教室上課,https://course.nuk.edu.tw/QueryCourse/tcontent.asp?OpenYear=104&Helf=2&Sclass=SC&Cono=A773,2026-08-26T18:13:36+00:00
104-2-SC-A785-A-1-A,104,2,共同與通識課程,SC,通識自然科學類,A785,A,大學部,1,A,休閒概論,2,選,40,40,,0,李福恩,H1--105,"8,9",,,,,,,"[{""day"": 1, ""dayName"": ""星期一"", ""periods"": [""8"", ""9""], ""raw"": ""8,9""}]",禁止外加,,https://course.nuk.edu.tw/QueryCourse/tcontent.asp?OpenYear=104&Helf=2&Sclass=SC&Cono=A785,2026-08-26T18:13:36+00:00
104-2-SC-A798-A-1-A,104,2,共同與通識課程,SC,通識自然科學類,A798,A,大學部,1,A,資訊基本能力,2,選,50,50,,0,董建弘,L01-107,,,"9,10",,,,,"[{""day"": 3, ""dayName"": ""星期三"", ""periods"": [""9"", ""10""], ""raw"": ""9,10""}]",禁止外加,,https://course.nuk.edu.tw/QueryCourse/tcontent.asp?OpenYear=104&Helf=2&Sclass=SC&Cono=A798,2026-08-26T18:13:36+00:00
104-2-SC-A799-A-1-A,104,2,共同與通識課程,SC,通識自然科學類,A799,A,大學部,1,A,資訊安全概論,2,選,50,50,,0,趙志宏,L01-107,"9,10",,,,,,,"[{""day"": 1, ""dayName"": ""星期一"", ""periods"": [""9"", ""10""], ""raw"": ""9,10""}]",禁止外加 限修,限大二(含)以上選修,https://course.nuk.edu.tw/QueryCourse/tcontent.asp?OpenYear=104&Helf=2&Sclass=SC&Cono=A799,2026-08-26T18:13:36+00:00
104-2-SC-A901-A-1-A,104,2,共同與通識課程,SC,通識自然科學類,A901,A,大學部,1,A,網路資訊挖掘,2,選,50,35,,15,蔡毓娟,L01-108,,,,,"9,10",,,"[{""day"": 5, ""dayName"": ""星期五"", ""periods"": [""9"", ""10""], ""raw"": ""9,10""}]",禁止外加,蔡毓娟老師,https://course.nuk.edu.tw/QueryCourse/tcontent.asp?OpenYear=104&Helf=2&Sclass=SC&Cono=A901,2026-08-26T18:13:36+00:00
104-2-SO-A033-A-1-A,104,2,共同與通識課程,SO,通識社會科學類,A033,A,大學部,1,A,資產配置與信託規劃實務,2,選,60,60,,0,蔡宗廷,C02-111,,,"9,10",,,,,"[{""day"": 3, ""dayName"": ""星期三"", ""periods"": [""9"", ""10""], ""raw"": ""9,10""}]",禁止外加,,https://course.nuk.edu.tw/QueryCourse/tcontent.asp?OpenYear=104&Helf=2&Sclass=SO&Cono=A033,2026-08-26T18:13:36+00:00
104-2-SO-A117-A-1-A,104,2,共同與通識課程,SO,通識社會科學類,A117,A,大學部,1,A,保險與人生,2,選,60,52,,8,王功亮,M01-B104,,,,"3,4",,,,"[{""day"": 4, ""dayName"": ""星期四"", ""periods"": [""3"", ""4""], ""raw"": ""3,4""}]",禁止外加,,https://course.nuk.edu.tw/QueryCourse/tcontent.asp?OpenYear=104&Helf=2&Sclass=SO&Cono=A117,2026-08-26T18:13:36+00:00
104-2-SO-A118-A-1-A,104,2,共同與通識課程,SO,通識社會科學類,A118,A,大學部,1,A,理財與人生,2,選,60,60,,0,蔡宗廷,C02-111,,,"3,4",,,,,"[{""day"": 3, ""dayName"": ""星期三"", ""periods"": [""3"", ""4""], ""raw"": ""3,4""}]",禁止外加,,https://course.nuk.edu.tw/QueryCourse/tcontent.asp?OpenYear=104&Helf=2&Sclass=SO&Cono=A118,2026-08-26T18:13:36+00:00
104-2-SO-A183-A-1-A,104,2,共同與通識課程,SO,通識社會科學類,A183,A,大學部,1,A,性別與法律,2,選,60,60,,0,許震宇,B01-101,,"3,4",,,,,,"[{""day"": 2, ""dayName"": ""星期二"", ""periods"": [""3"", ""4""], ""raw"": ""3,4""}]",禁止外加,,https://course.nuk.edu.tw/QueryCourse/tcontent.asp?OpenYear=104&Helf=2&Sclass=SO&Cono=A183,2026-08-26T18:13:36+00:00
104-2-SO-A238-A-1-A,104,2,共同與通識課程,SO,通識社會科學類,A238,A,大學部,1,A,多元文化與電影文本,2,選,60,60,,0,曾也慎,L02-201,,"3,4",,,,,,"[{""day"": 2, ""dayName"": ""星期二"", ""periods"": [""3"", ""4""], ""raw"": ""3,4""}]",禁止外加,,https://course.nuk.edu.tw/QueryCourse/tcontent.asp?OpenYear=104&Helf=2&Sclass=SO&Cono=A238,2026-08-26T18:13:36+00:00
104-2-SO-A364-A-1-A,104,2,共同與通識課程,SO,通識社會科學類,A364,A,大學部,1,A,國際關係,2,選,60,60,,0,陳昭偉,L02-101,,,,,"10,11",,,"[{""day"": 5, ""dayName"": ""星期五"", ""periods"": [""10"", ""11""], ""raw"": ""10,11""}]",禁止外加,,https://course.nuk.edu.tw/QueryCourse/tcontent.asp?OpenYear=104&Helf=2&Sclass=SO&Cono=A364,2026-08-26T18:13:36+00:00
104-2-SO-A372-A-1-A,104,2,共同與通識課程,SO,通識社會科學類,A372,A,大學部,1,A,自我管理與生涯規劃,2,選,60,60,,0,曾榮豐,L02-201,"10,11",,,,,,,"[{""day"": 1, ""dayName"": ""星期一"", ""periods"": [""10"", ""11""], ""raw"": ""10,11""}]",禁止外加,,https://course.nuk.edu.tw/QueryCourse/tcontent.asp?OpenYear=104&Helf=2&Sclass=SO&Cono=A372,2026-08-26T18:13:36+00:00
104-2-SO-A475-A-1-A,104,2,共同與通識課程,SO,通識社會科學類,A475,A,大學部,1,A,文化創意產業,2,選,60,60,,0,古佳峻,M01-103,,,"5,6",,,,,"[{""day"": 3, ""dayName"": ""星期三"", ""periods"": [""5"", ""6""], ""raw"": ""5,6""}]",禁止外加,古佳峻老師,https://course.nuk.edu.tw/QueryCourse/tcontent.asp?OpenYear=104&Helf=2&Sclass=SO&Cono=A475,2026-08-26T18:13:36+00:00
104-2-SO-A512-A-1-A,104,2,共同與通識課程,SO,通識社會科學類,A512,A,大學部,1,A,諮商倫理,2,選,60,60,,0,蔡佳容,L02-108,"3,4",,,,,,,"[{""day"": 1, ""dayName"": ""星期一"", ""periods"": [""3"", ""4""], ""raw"": ""3,4""}]",禁止外加,,https://course.nuk.edu.tw/QueryCourse/tcontent.asp?OpenYear=104&Helf=2&Sclass=SO&Cono=A512,2026-08-26T18:13:36+00:00
104-2-SO-A533-A-1-A,104,2,共同與通識課程,SO,通識社會科學類,A533,A,大學部,1,A,人力資源管理概論與職涯發展規劃,2,選,60,23,,37,林鈺杰,L02-201,,,,,"10,11",,,"[{""day"": 5, ""dayName"": ""星期五"", ""periods"": [""10"", ""11""], ""raw"": ""10,11""}]",禁止外加,,https://course.nuk.edu.tw/QueryCourse/tcontent.asp?OpenYear=104&Helf=2&Sclass=SO&Cono=A533,2026-08-26T18:13:36+00:00
104-2-SO-A617-A-1-A,104,2,共同與通識課程,SO,通識社會科學類,A617,A,大學部,1,A,中日關係與東亞現代化,2,選,60,60,,0,陳俊昇,L02-201,,,,,"3,4",,,"[{""day"": 5, ""dayName"": ""星期五"", ""periods"": [""3"", ""4""], ""raw"": ""3,4""}]",禁止外加,,https://course.nuk.edu.tw/QueryCourse/tcontent.asp?OpenYear=104&Helf=2&Sclass=SO&Cono=A617,2026-08-26T18:13:36+00:00
104-2-SO-A695-A-1-A,104,2,共同與通識課程,SO,通識社會科學類,A695,A,大學部,1,A,高大卓越講座(二),2,選,400,305,,95,白秀華 陳建源 業界教師,L01-201,,"6,7",,,,,,"[{""day"": 2, ""dayName"": ""星期二"", ""periods"": [""6"", ""7""], ""raw"": ""6,7""}]",禁止外加,若有課程相關問題請聯繫,https://course.nuk.edu.tw/QueryCourse/tcontent.asp?OpenYear=104&Helf=2&Sclass=SO&Cono=A695,2026-08-26T18:13:36+00:00
104-2-SO-A840-A-1-A,104,2,共同與通識課程,SO,通識社會科學類,A840,A,大學部,1,A,媒體與公關實務,2,選,60,16,,44,鄭為松,L02-105,,,"10,11",,,,,"[{""day"": 3, ""dayName"": ""星期三"", ""periods"": [""10"", ""11""], ""raw"": ""10,11""}]",禁止外加,,https://course.nuk.edu.tw/QueryCourse/tcontent.asp?OpenYear=104&Helf=2&Sclass=SO&Cono=A840,2026-08-26T18:13:36+00:00
104-2-SO-A963-A-1-A,104,2,共同與通識課程,SO,通識社會科學類,A963,A,大學部,1,A,人際關係,2,選,60,38,,22,陳永安,M01-104,,"3,4",,,,,,"[{""day"": 2, ""dayName"": ""星期二"", ""periods"": [""3"", ""4""], ""raw"": ""3,4""}]",禁止外加,,https://course.nuk.edu.tw/QueryCourse/tcontent.asp?OpenYear=104&Helf=2&Sclass=SO&Cono=A963,2026-08-26T18:13:36+00:00
104-2-SO-A972-A-1-A,104,2,共同與通識課程,SO,通識社會科學類,A972,A,大學部,1,A,壓力情緒管理,2,選,60,60,,0,柯慈姍,B01-107,,"10,11",,,,,,"[{""day"": 2, ""dayName"": ""星期二"", ""periods"": [""10"", ""11""], ""raw"": ""10,11""}]",禁止外加,,https://course.nuk.edu.tw/QueryCourse/tcontent.asp?OpenYear=104&Helf=2&Sclass=SO&Cono=A972,2026-08-26T18:13:36+00:00
104-2-SO-B012-A-1-A,104,2,共同與通識課程,SO,通識社會科學類,B012,A,大學部,1,A,民營化的迷思,2,選,60,58,,2,蔡宗廷,C02-111,,,"1,2",,,,,"[{""day"": 3, ""dayName"": ""星期三"", ""periods"": [""1"", ""2""], ""raw"": ""1,2""}]",禁止外加,,https://course.nuk.edu.tw/QueryCourse/tcontent.asp?OpenYear=104&Helf=2&Sclass=SO&Cono=B012,2026-08-26T18:13:36+00:00
104-2-SO-B051-A-1-A,104,2,共同與通識課程,SO,通識社會科學類,B051,A,大學部,1,A,智慧財產權,2,選,60,60,,0,許震宇,B01-101,,"1,2",,,,,,"[{""day"": 2, ""dayName"": ""星期二"", ""periods"": [""1"", ""2""], ""raw"": ""1,2""}]",禁止外加,,https://course.nuk.edu.tw/QueryCourse/tcontent.asp?OpenYear=104&Helf=2&Sclass=SO&Cono=B051,2026-08-26T18:13:36+00:00
104-2-SO-B091-A-1-A,104,2,共同與通識課程,SO,通識社會科學類,B091,A,大學部,1,A,國際禮儀,2,選,60,60,,0,陳永安,L02-107,"3,4",,,,,,,"[{""day"": 1, ""dayName"": ""星期一"", ""periods"": [""3"", ""4""], ""raw"": ""3,4""}]",禁止外加,,https://course.nuk.edu.tw/QueryCourse/tcontent.asp?OpenYear=104&Helf=2&Sclass=SO&Cono=B091,2026-08-26T18:13:36+00:00
104-2-SO-B092-A-1-A,104,2,共同與通識課程,SO,通識社會科學類,B092,A,大學部,1,A,從民俗舞蹈看世界,2,選,60,28,,32,陶幼慧,B01-110,,,"8,9",,,,,"[{""day"": 3, ""dayName"": ""星期三"", ""periods"": [""8"", ""9""], ""raw"": ""8,9""}]",禁止外加,,https://course.nuk.edu.tw/QueryCourse/tcontent.asp?OpenYear=104&Helf=2&Sclass=SO&Cono=B092,2026-08-26T18:13:36+00:00
104-2-SO-B101-A-1-A,104,2,共同與通識課程,SO,通識社會科學類,B101,A,大學部,1,A,服務學習,3,選,30,21,,9,陳德興 李佩瑾,M01-105,"5,6, 7",,,,,,,"[{""day"": 1, ""dayName"": ""星期一"", ""periods"": [""5"", ""6"", ""7""], ""raw"": ""5,6, 7""}]",禁止外加,104學年度起，服務學習課程變更為博雅通識-社會科學類課程；已選修為核心通識之本門課程者(課號為CCO3XX)，維持核心通識類別，請勿再重複選修，重複選修不算學分。,https://course.nuk.edu.tw/QueryCourse/tcontent.asp?OpenYear=104&Helf=2&Sclass=SO&Cono=B101,2026-08-26T18:13:36+00:00
104-2-SO-B102-A-1-A,104,2,共同與通識課程,SO,通識社會科學類,B102,A,大學部,1,A,服務學習,3,選,30,12,,18,吳孝慈,H1--101,,"5,6, 7",,,,,,"[{""day"": 2, ""dayName"": ""星期二"", ""periods"": [""5"", ""6"", ""7""], ""raw"": ""5,6, 7""}]",禁止外加,104學年度起，服務學習課程變更為博雅通識-社會科學類課程；已選修為核心通識之本門課程者(課號為CCO3XX)，維持核心通識類別，請勿再重複選修，重複選修不算學分。,https://course.nuk.edu.tw/QueryCourse/tcontent.asp?OpenYear=104&Helf=2&Sclass=SO&Cono=B102,2026-08-26T18:13:36+00:00
104-2-SO-B103-A-1-A,104,2,共同與通識課程,SO,通識社會科學類,B103,A,大學部,1,A,服務學習,3,選,30,11,,19,朱朝煌,C02-106,"9,10, 11",,,,,,,"[{""day"": 1, ""dayName"": ""星期一"", ""periods"": [""9"", ""10"", ""11""], ""raw"": ""9,10, 11""}]",禁止外加,104學年度起，服務學習課程變更為博雅通識-社會科學類課程；已選修為核心通識之本門課程者(課號為CCO3XX)，維持核心通識類別，請勿再重複選修，重複選修不算學分。,https://course.nuk.edu.tw/QueryCourse/tcontent.asp?OpenYear=104&Helf=2&Sclass=SO&Cono=B103,2026-08-26T18:13:36+00:00
104-2-SO-B105-A-1-A,104,2,共同與通識課程,SO,通識社會科學類,B105,A,大學部,1,A,服務學習,3,選,30,10,,20,林啟祥,C02-101,"9,10, 11",,,,,,,"[{""day"": 1, ""dayName"": ""星期一"", ""periods"": [""9"", ""10"", ""11""], ""raw"": ""9,10, 11""}]",禁止外加,104學年度起，服務學習課程變更為博雅通識-社會科學類課程；已選修為核心通識之本門課程者(課號為CCO3XX)，維持核心通識類別，請勿再重複選修，重複選修不算學分。,https://course.nuk.edu.tw/QueryCourse/tcontent.asp?OpenYear=104&Helf=2&Sclass=SO&Cono=B105,2026-08-26T18:13:36+00:00
104-2-SO-B106-A-1-A,104,2,共同與通識課程,SO,通識社會科學類,B106,A,大學部,1,A,服務學習,3,選,30,10,,20,游明珠,M01-101,,,,"9,10, 11",,,,"[{""day"": 4, ""dayName"": ""星期四"", ""periods"": [""9"", ""10"", ""11""], ""raw"": ""9,10, 11""}]",禁止外加,104學年度起，服務學習課程變更為博雅通識-社會科學類課程；已選修為核心通識之本門課程者(課號為CCO3XX)，維持核心通識類別，請勿再重複選修，重複選修不算學分。,https://course.nuk.edu.tw/QueryCourse/tcontent.asp?OpenYear=104&Helf=2&Sclass=SO&Cono=B106,2026-08-26T18:13:36+00:00
104-2-SO-B202-A-1-A,104,2,共同與通識課程,SO,通識社會科學類,B202,A,大學部,1,A,國際會展禮儀,2,選,60,10,,50,張秀瓊,M01-105,,"5,6",,,,,,"[{""day"": 2, ""dayName"": ""星期二"", ""periods"": [""5"", ""6""], ""raw"": ""5,6""}]",禁止外加 限修,大三以上可選，建議與「國際會展產業概論」共同選修,https://course.nuk.edu.tw/QueryCourse/tcontent.asp?OpenYear=104&Helf=2&Sclass=SO&Cono=B202,2026-08-26T18:13:36+00:00
104-2-CE-A01B-A-1-A,104,2,工學院,CE,土木與環境工程學系,A01B,A,大學部,1,A,微積分(二),3,必,80,79,,1,童士恒,B01-105,,,2,"3,4",,,,"[{""day"": 3, ""dayName"": ""星期三"", ""periods"": [""2""], ""raw"": ""2""}, {""day"": 4, ""dayName"": ""星期四"", ""periods"": [""3"", ""4""], ""raw"": ""3,4""}]",外加,,https://course.nuk.edu.tw/QueryCourse/tcontent.asp?OpenYear=104&Helf=2&Sclass=CE&Cono=A01B,2026-08-26T18:13:36+00:00
104-2-CE-A041-A-1-A,104,2,工學院,CE,土木與環境工程學系,A041,A,大學部,1,A,工程統計學,3,必,70,69,,1,葉琮裕,B01-104,,7,,,"6,7",,,"[{""day"": 2, ""dayName"": ""星期二"", ""periods"": [""7""], ""raw"": ""7""}, {""day"": 5, ""dayName"": ""星期五"", ""periods"": [""6"", ""7""], ""raw"": ""6,7""}]",,,https://course.nuk.edu.tw/QueryCourse/tcontent.asp?OpenYear=104&Helf=2&Sclass=CE&Cono=A041,2026-08-26T18:13:36+00:00
104-2-CE-A061-A-1-A,104,2,工學院,CE,土木與環境工程學系,A061,A,大學部,1,A,工程圖學與電腦繪圖,2,必,65,64,,1,吳明淏,C01-104,,,"9,10",,,,,"[{""day"": 3, ""dayName"": ""星期三"", ""periods"": [""9"", ""10""], ""raw"": ""9,10""}]",外加,,https://course.nuk.edu.tw/QueryCourse/tcontent.asp?OpenYear=104&Helf=2&Sclass=CE&Cono=A061,2026-08-26T18:13:36+00:00
104-2-CE-A071-A-1-A,104,2,工學院,CE,土木與環境工程學系,A071,A,大學部,1,A,工程力學,3,必,70,64,,6,俞肇球,B01-104,,"5,6",,2,,,,"[{""day"": 2, ""dayName"": ""星期二"", ""periods"": [""5"", ""6""], ""raw"": ""5,6""}, {""day"": 4, ""dayName"": ""星期四"", ""periods"": [""2""], ""raw"": ""2""}]",,,https://course.nuk.edu.tw/QueryCourse/tcontent.asp?OpenYear=104&Helf=2&Sclass=CE&Cono=A071,2026-08-26T18:13:36+00:00
104-2-CE-A531-A-1-A,104,2,工學院,CE,土木與環境工程學系,A531,A,大學部,1,A,環境化學,3,選,60,43,,17,袁菁,C01-B101-1,"2,3",2,,,,,,"[{""day"": 1, ""dayName"": ""星期一"", ""periods"": [""2"", ""3""], ""raw"": ""2,3""}, {""day"": 2, ""dayName"": ""星期二"", ""periods"": [""2""], ""raw"": ""2""}]",,,https://course.nuk.edu.tw/QueryCourse/tcontent.asp?OpenYear=104&Helf=2&Sclass=CE&Cono=A531,2026-08-26T18:13:36+00:00
104-2-CE-B02B-A-2-A,104,2,工學院,CE,土木與環境工程學系,B02B,A,大學部,2,A,環境分析及實驗〈二〉,2,必,60,56,,4,林秋良,C01-113,,,,,"5,6, 7,8",,,"[{""day"": 5, ""dayName"": ""星期五"", ""periods"": [""5"", ""6"", ""7"", ""8""], ""raw"": ""5,6, 7,8""}]",,,https://course.nuk.edu.tw/QueryCourse/tcontent.asp?OpenYear=104&Helf=2&Sclass=CE&Cono=B02B,2026-08-26T18:13:36+00:00
104-2-CE-B031-A-2-A,104,2,工學院,CE,土木與環境工程學系,B031,A,大學部,2,A,土木工程實驗〈一〉,1,必,60,55,,5,翁孟嘉,C01-101,,,,"5,6, 7",,,,"[{""day"": 4, ""dayName"": ""星期四"", ""periods"": [""5"", ""6"", ""7""], ""raw"": ""5,6, 7""}]",,,https://course.nuk.edu.tw/QueryCourse/tcontent.asp?OpenYear=104&Helf=2&Sclass=CE&Cono=B031,2026-08-26T18:13:36+00:00
104-2-CE-B04B-A-2-A,104,2,工學院,CE,土木與環境工程學系,B04B,A,大學部,2,A,工程數學〈二〉,3,必,70,62,,8,吳明淏,B01-103,6,"7,8",,,,,,"[{""day"": 1, ""dayName"": ""星期一"", ""periods"": [""6""], ""raw"": ""6""}, {""day"": 2, ""dayName"": ""星期二"", ""periods"": [""7"", ""8""], ""raw"": ""7,8""}]",,,https://course.nuk.edu.tw/QueryCourse/tcontent.asp?OpenYear=104&Helf=2&Sclass=CE&Cono=B04B,2026-08-26T18:13:36+00:00
104-2-CE-B061-A-2-A,104,2,工學院,CE,土木與環境工程學系,B061,A,大學部,2,A,流體力學,3,必,80,67,,13,甯蜀光,C01-B104,,"5,6",4,,,,,"[{""day"": 2, ""dayName"": ""星期二"", ""periods"": [""5"", ""6""], ""raw"": ""5,6""}, {""day"": 3, ""dayName"": ""星期三"", ""periods"": [""4""], ""raw"": ""4""}]",,(使用大教室),https://course.nuk.edu.tw/QueryCourse/tcontent.asp?OpenYear=104&Helf=2&Sclass=CE&Cono=B061,2026-08-26T18:13:36+00:00
104-2-CE-B071-A-2-A,104,2,工學院,CE,土木與環境工程學系,B071,A,大學部,2,A,土壤力學,3,必,74,73,,1,童士恒,C01-106,,,1,,"3,4",,,"[{""day"": 3, ""dayName"": ""星期三"", ""periods"": [""1""], ""raw"": ""1""}, {""day"": 5, ""dayName"": ""星期五"", ""periods"": [""3"", ""4""], ""raw"": ""3,4""}]",外加,,https://course.nuk.edu.tw/QueryCourse/tcontent.asp?OpenYear=104&Helf=2&Sclass=CE&Cono=B071,2026-08-26T18:13:36+00:00
104-2-CE-B631-A-2-A,104,2,工學院,CE,土木與環境工程學系,B631,A,大學部,2,A,動力學,3,選,60,44,,16,翁孟嘉,B01-B104,,,2,"3,4",,,,"[{""day"": 3, ""dayName"": ""星期三"", ""periods"": [""2""], ""raw"": ""2""}, {""day"": 4, ""dayName"": ""星期四"", ""periods"": [""3"", ""4""], ""raw"": ""3,4""}]",,全英語授課,https://course.nuk.edu.tw/QueryCourse/tcontent.asp?OpenYear=104&Helf=2&Sclass=CE&Cono=B631,2026-08-26T18:13:36+00:00
104-2-CE-B641-A-2-A,104,2,工學院,CE,土木與環境工程學系,B641,A,大學部,2,A,給水工程,3,選,61,56,,5,連興隆 業界教師,B01-104,2,"2,3",,,,,,"[{""day"": 1, ""dayName"": ""星期一"", ""periods"": [""2""], ""raw"": ""2""}, {""day"": 2, ""dayName"": ""星期二"", ""periods"": [""2"", ""3""], ""raw"": ""2,3""}]",,,https://course.nuk.edu.tw/QueryCourse/tcontent.asp?OpenYear=104&Helf=2&Sclass=CE&Cono=B641,2026-08-26T18:13:36+00:00
104-2-CE-B651-A-2-A,104,2,工學院,CE,土木與環境工程學系,B651,A,大學部,2,A,噪音與振動控制,3,選,60,21,,39,林啟琪,B01-B106,,,"2,3",2,,,,"[{""day"": 3, ""dayName"": ""星期三"", ""periods"": [""2"", ""3""], ""raw"": ""2,3""}, {""day"": 4, ""dayName"": ""星期四"", ""periods"": [""2""], ""raw"": ""2""}]",,,https://course.nuk.edu.tw/QueryCourse/tcontent.asp?OpenYear=104&Helf=2&Sclass=CE&Cono=B651,2026-08-26T18:13:36+00:00
104-2-CE-C663-A-2-A,104,2,工學院,CE,土木與環境工程學系,C663,A,大學部,2,A,空氣污染與防制,3,選,60,14,,46,林啟琪 業界教師,B01-103,,,7,"3,4",,,,"[{""day"": 3, ""dayName"": ""星期三"", ""periods"": [""7""], ""raw"": ""7""}, {""day"": 4, ""dayName"": ""星期四"", ""periods"": [""3"", ""4""], ""raw"": ""3,4""}]",,,https://course.nuk.edu.tw/QueryCourse/tcontent.asp?OpenYear=104&Helf=2&Sclass=CE&Cono=C663,2026-08-26T18:13:36+00:00
104-2-CE-D711-A-2-A,104,2,工學院,CE,土木與環境工程學系,D711,A,大學部,2,A,測量學實習,1,選,22,22,,0,俞肇球,C01-501-1,,,"7,8, 9",,,,,"[{""day"": 3, ""dayName"": ""星期三"", ""periods"": [""7"", ""8"", ""9""], ""raw"": ""7,8, 9""}]",先修,C01-501-1實驗室,https://course.nuk.edu.tw/QueryCourse/tcontent.asp?OpenYear=104&Helf=2&Sclass=CE&Cono=D711,2026-08-26T18:13:36+00:00
104-2-CE-A601-A-3-A,104,2,工學院,CE,土木與環境工程學系,A601,A,大學部,3,A,地理資訊系統,3,選,25,23,,2,吳明淏,C01-104,"7,8, 9",,,,,,,"[{""day"": 1, ""dayName"": ""星期一"", ""periods"": [""7"", ""8"", ""9""], ""raw"": ""7,8, 9""}]",,大三大四合開,https://course.nuk.edu.tw/QueryCourse/tcontent.asp?OpenYear=104&Helf=2&Sclass=CE&Cono=A601,2026-08-26T18:13:36+00:00
104-2-CE-B511-A-3-A,104,2,工學院,CE,土木與環境工程學系,B511,A,大學部,3,A,計算機應用,3,選,60,23,,37,俞肇球,C01-104,,Y,"5,6",,,,,"[{""day"": 2, ""dayName"": ""星期二"", ""periods"": [""Y""], ""raw"": ""Y""}, {""day"": 3, ""dayName"": ""星期三"", ""periods"": [""5"", ""6""], ""raw"": ""5,6""}]",,本課為磨課師課程，需1/3的線上內容，每星期二中午為線上影音教材自行閱覽時間。,https://course.nuk.edu.tw/QueryCourse/tcontent.asp?OpenYear=104&Helf=2&Sclass=CE&Cono=B511,2026-08-26T18:13:36+00:00
104-2-CE-B561-A-3-A,104,2,工學院,CE,土木與環境工程學系,B561,A,大學部,3,A,工程與環境地質,3,選,60,42,,18,翁孟嘉,C01-B103,,,,,"2,3, 4",,,"[{""day"": 5, ""dayName"": ""星期五"", ""periods"": [""2"", ""3"", ""4""], ""raw"": ""2,3, 4""}]",,,https://course.nuk.edu.tw/QueryCourse/tcontent.asp?OpenYear=104&Helf=2&Sclass=CE&Cono=B561,2026-08-26T18:13:36+00:00
104-2-CE-B581-A-3-A,104,2,工學院,CE,土木與環境工程學系,B581,A,大學部,3,A,結構學,3,選,40,35,,5,張惠雲,C01-B102,,,"3,4",3,,,,"[{""day"": 3, ""dayName"": ""星期三"", ""periods"": [""3"", ""4""], ""raw"": ""3,4""}, {""day"": 4, ""dayName"": ""星期四"", ""periods"": [""3""], ""raw"": ""3""}]",,先修材料力學、需配合校外參訪,https://course.nuk.edu.tw/QueryCourse/tcontent.asp?OpenYear=104&Helf=2&Sclass=CE&Cono=B581,2026-08-26T18:13:36+00:00
104-2-CE-C532-A-3-A,104,2,工學院,CE,土木與環境工程學系,C532,A,大學部,3,A,廢棄物熱處理工程,3,選,60,10,,50,林秋良,B01-104,,,,4,"3,4",,,"[{""day"": 4, ""dayName"": ""星期四"", ""periods"": [""4""], ""raw"": ""4""}, {""day"": 5, ""dayName"": ""星期五"", ""periods"": [""3"", ""4""], ""raw"": ""3,4""}]",,,https://course.nuk.edu.tw/QueryCourse/tcontent.asp?OpenYear=104&Helf=2&Sclass=CE&Cono=C532,2026-08-26T18:13:36+00:00
104-2-CE-C591-A-3-A,104,2,工學院,CE,土木與環境工程學系,C591,A,大學部,3,A,鋼筋混凝土設計,3,選,41,41,,0,陳振華,C01-B102-1,"2,3, 4",,,,,,,"[{""day"": 1, ""dayName"": ""星期一"", ""periods"": [""2"", ""3"", ""4""], ""raw"": ""2,3, 4""}]",,,https://course.nuk.edu.tw/QueryCourse/tcontent.asp?OpenYear=104&Helf=2&Sclass=CE&Cono=C591,2026-08-26T18:13:36+00:00
104-2-CE-C612-A-3-A,104,2,工學院,CE,土木與環境工程學系,C612,A,大學部,3,A,專題研究(二),2,選,30,12,,18,甯蜀光,C01-413,Y,,Y,,,,,"[{""day"": 1, ""dayName"": ""星期一"", ""periods"": [""Y""], ""raw"": ""Y""}, {""day"": 3, ""dayName"": ""星期三"", ""periods"": [""Y""], ""raw"": ""Y""}]",,,https://course.nuk.edu.tw/QueryCourse/tcontent.asp?OpenYear=104&Helf=2&Sclass=CE&Cono=C612,2026-08-26T18:13:36+00:00
104-2-CE-C681-A-3-A,104,2,工學院,CE,土木與環境工程學系,C681,A,大學部,3,A,鋼結構設計,3,選,40,28,,12,張惠雲,C01-B102,,,2,"5,6",,,,"[{""day"": 3, ""dayName"": ""星期三"", ""periods"": [""2""], ""raw"": ""2""}, {""day"": 4, ""dayName"": ""星期四"", ""periods"": [""5"", ""6""], ""raw"": ""5,6""}]",,先修材料力學、需配合校外參訪,https://course.nuk.edu.tw/QueryCourse/tcontent.asp?OpenYear=104&Helf=2&Sclass=CE&Cono=C681,2026-08-26T18:13:36+00:00
104-2-CE-C791-A-3-A,104,2,工學院,CE,土木與環境工程學系,C791,A,大學部,3,A,地下環境污染防制,3,選,30,9,,21,袁菁 業界教師,C01-B101-1,4,"3,4",,,,,,"[{""day"": 1, ""dayName"": ""星期一"", ""periods"": [""4""], ""raw"": ""4""}, {""day"": 2, ""dayName"": ""星期二"", ""periods"": [""3"", ""4""], ""raw"": ""3,4""}]",,,https://course.nuk.edu.tw/QueryCourse/tcontent.asp?OpenYear=104&Helf=2&Sclass=CE&Cono=C791,2026-08-26T18:13:36+00:00
104-2-CE-C881-A-3-A,104,2,工學院,CE,土木與環境工程學系,C881,A,大學部,3,A,污水工程,3,選,60,35,,25,葉琮裕 業界教師,C01-B101,,,,"5,6",5,,,"[{""day"": 4, ""dayName"": ""星期四"", ""periods"": [""5"", ""6""], ""raw"": ""5,6""}, {""day"": 5, ""dayName"": ""星期五"", ""periods"": [""5""], ""raw"": ""5""}]",,全英語授課,https://course.nuk.edu.tw/QueryCourse/tcontent.asp?OpenYear=104&Helf=2&Sclass=CE&Cono=C881,2026-08-26T18:13:36+00:00
104-2-CE-A601-A-4-A,104,2,工學院,CE,土木與環境工程學系,A601,A,大學部,4,A,地理資訊系統,3,選,25,23,,2,吳明淏,C01-104,"7,8, 9",,,,,,,"[{""day"": 1, ""dayName"": ""星期一"", ""periods"": [""7"", ""8"", ""9""], ""raw"": ""7,8, 9""}]",,大三大四合開,https://course.nuk.edu.tw/QueryCourse/tcontent.asp?OpenYear=104&Helf=2&Sclass=CE&Cono=A601,2026-08-26T18:13:36+00:00
104-2-CE-C851-A-4-A,104,2,工學院,CE,土木與環境工程學系,C851,A,大學部,4,A,營建管理,3,選,60,31,,29,施博仁,C01-B101 其他教室,,"3,4",4,,,,,"[{""day"": 2, ""dayName"": ""星期二"", ""periods"": [""3"", ""4""], ""raw"": ""3,4""}, {""day"": 3, ""dayName"": ""星期三"", ""periods"": [""4""], ""raw"": ""4""}]",,,https://course.nuk.edu.tw/QueryCourse/tcontent.asp?OpenYear=104&Helf=2&Sclass=CE&Cono=C851,2026-08-26T18:13:36+00:00
104-2-CE-D511-A-4-A,104,2,工學院,CE,土木與環境工程學系,D511,A,大學部,4,A,環境規劃與管理,3,選,30,10,,20,甯蜀光,C01-413,,7,"2,3",,,,,"[{""day"": 2, ""dayName"": ""星期二"", ""periods"": [""7""], ""raw"": ""7""}, {""day"": 3, ""dayName"": ""星期三"", ""periods"": [""2"", ""3""], ""raw"": ""2,3""}]",,,https://course.nuk.edu.tw/QueryCourse/tcontent.asp?OpenYear=104&Helf=2&Sclass=CE&Cono=D511,2026-08-26T18:13:36+00:00
104-2-CE-D571-A-4-A,104,2,工學院,CE,土木與環境工程學系,D571,A,大學部,4,A,基礎科技英文讀寫,2,選,60,10,,50,連興隆,C01-106,"3,4",,,,,,,"[{""day"": 1, ""dayName"": ""星期一"", ""periods"": [""3"", ""4""], ""raw"": ""3,4""}]",,全英語授課,https://course.nuk.edu.tw/QueryCourse/tcontent.asp?OpenYear=104&Helf=2&Sclass=CE&Cono=D571,2026-08-26T18:13:36+00:00
104-2-CE-D671-A-4-A,104,2,工學院,CE,土木與環境工程學系,D671,A,大學部,4,A,工程專案實作,3,選,60,14,,46,連興隆 施博仁 業界教師,C01-B104,"5,6, 7",,,,,,,"[{""day"": 1, ""dayName"": ""星期一"", ""periods"": [""5"", ""6"", ""7""], ""raw"": ""5,6, 7""}]",,,https://course.nuk.edu.tw/QueryCourse/tcontent.asp?OpenYear=104&Helf=2&Sclass=CE&Cono=D671,2026-08-26T18:13:36+00:00
104-2-CE-F542-A-4-A,104,2,工學院,CE,土木與環境工程學系,F542,A,大學部,4,A,環工生物原理,3,選,60,29,,31,葉琮裕,C01-B101-1,,"5,6",,7,,,,"[{""day"": 2, ""dayName"": ""星期二"", ""periods"": [""5"", ""6""], ""raw"": ""5,6""}, {""day"": 4, ""dayName"": ""星期四"", ""periods"": [""7""], ""raw"": ""7""}]",,大四研一合開 (全英語授課),https://course.nuk.edu.tw/QueryCourse/tcontent.asp?OpenYear=104&Helf=2&Sclass=CE&Cono=F542,2026-08-26T18:13:36+00:00
104-2-CE-F561-A-4-A,104,2,工學院,CE,土木與環境工程學系,F561,A,大學部,4,A,彈性力學,3,選,60,9,,51,施博仁,C01-B102 其他教室,,"5,6",3,,,,,"[{""day"": 2, ""dayName"": ""星期二"", ""periods"": [""5"", ""6""], ""raw"": ""5,6""}, {""day"": 3, ""dayName"": ""星期三"", ""periods"": [""3""], ""raw"": ""3""}]",,大四研一合開 (全英語授課)，隸屬永續工程與科技全英文學分學程,https://course.nuk.edu.tw/QueryCourse/tcontent.asp?OpenYear=104&Helf=2&Sclass=CE&Cono=F561,2026-08-26T18:13:36+00:00
104-2-CE-F601-A-4-A,104,2,工學院,CE,土木與環境工程學系,F601,A,大學部,4,A,有限元素法,3,選,60,18,,42,俞肇球,B01-B106,,7,,"3,4",,,,"[{""day"": 2, ""dayName"": ""星期二"", ""periods"": [""7""], ""raw"": ""7""}, {""day"": 4, ""dayName"": ""星期四"", ""periods"": [""3"", ""4""], ""raw"": ""3,4""}]",,大四研一合開,https://course.nuk.edu.tw/QueryCourse/tcontent.asp?OpenYear=104&Helf=2&Sclass=CE&Cono=F601,2026-08-26T18:13:36+00:00
104-2-CE-F631-A-4-A,104,2,工學院,CE,土木與環境工程學系,F631,A,大學部,4,A,訊號處理與頻譜分析,3,選,10,4,,6,張惠雲,C01-414,,,"5,6",Y,,,,"[{""day"": 3, ""dayName"": ""星期三"", ""periods"": [""5"", ""6""], ""raw"": ""5,6""}, {""day"": 4, ""dayName"": ""星期四"", ""periods"": [""Y""], ""raw"": ""Y""}]",,大四研一合開 (教學分析軟體5套),https://course.nuk.edu.tw/QueryCourse/tcontent.asp?OpenYear=104&Helf=2&Sclass=CE&Cono=F631,2026-08-26T18:13:36+00:00
104-2-CE-F673-A-4-A,104,2,工學院,CE,土木與環境工程學系,F673,A,大學部,4,A,影像測量學原理與防災應用,3,選,60,12,,48,童士恒,C01-106,,,,,"6,7, 8",,,"[{""day"": 5, ""dayName"": ""星期五"", ""periods"": [""6"", ""7"", ""8""], ""raw"": ""6,7, 8""}]",,大四研一合開,https://course.nuk.edu.tw/QueryCourse/tcontent.asp?OpenYear=104&Helf=2&Sclass=CE&Cono=F673,2026-08-26T18:13:36+00:00
104-2-CE-F901-A-4-A,104,2,工學院,CE,土木與環境工程學系,F901,A,大學部,4,A,海外實習,3,選,10,10,,0,連興隆 甯蜀光,,,,,,"9,10, 11",,,"[{""day"": 5, ""dayName"": ""星期五"", ""periods"": [""9"", ""10"", ""11""], ""raw"": ""9,10, 11""}]",限修及外加,大四研一合開，總實習時數為162小時,https://course.nuk.edu.tw/QueryCourse/tcontent.asp?OpenYear=104&Helf=2&Sclass=CE&Cono=F901,2026-08-26T18:13:36+00:00
104-2-CE-F011-M-1-,104,2,工學院,CE,土木與環境工程學系,F011,M,碩士班,1,,專題討論(A),0,必,30,8,,22,吳明淏,C01-413,,,"7,8",,,,,"[{""day"": 3, ""dayName"": ""星期三"", ""periods"": [""7"", ""8""], ""raw"": ""7,8""}]",,,https://course.nuk.edu.tw/QueryCourse/tcontent.asp?OpenYear=104&Helf=2&Sclass=CE&Cono=F011,2026-08-26T18:13:36+00:00
104-2-CE-F021-M-1-,104,2,工學院,CE,土木與環境工程學系,F021,M,碩士班,1,,專題討論(B),0,必,30,11,,19,袁菁,C01-413,,,"7,8",,,,,"[{""day"": 3, ""dayName"": ""星期三"", ""periods"": [""7"", ""8""], ""raw"": ""7,8""}]",,,https://course.nuk.edu.tw/QueryCourse/tcontent.asp?OpenYear=104&Helf=2&Sclass=CE&Cono=F021,2026-08-26T18:13:36+00:00
104-2-CE-F500-M-1-,104,2,工學院,CE,土木與環境工程學系,F500,M,碩士班,1,,教學實務演練(土木與環境工程學系),0,選,27,27,,0,林秋良,,,X,,,,,,"[{""day"": 2, ""dayName"": ""星期二"", ""periods"": [""X""], ""raw"": ""X""}]",外加,指定加簽，申請擔任學習型兼任教學助理之學生必須修習本課程。,https://course.nuk.edu.tw/QueryCourse/tcontent.asp?OpenYear=104&Helf=2&Sclass=CE&Cono=F500,2026-08-26T18:13:36+00:00
104-2-CE-F542-M-1-,104,2,工學院,CE,土木與環境工程學系,F542,M,碩士班,1,,環工生物原理,3,選,60,29,,31,葉琮裕,C01-B101-1,,"5,6",,7,,,,"[{""day"": 2, ""dayName"": ""星期二"", ""periods"": [""5"", ""6""], ""raw"": ""5,6""}, {""day"": 4, ""dayName"": ""星期四"", ""periods"": [""7""], ""raw"": ""7""}]",,大四研一合開 (全英語授課),https://course.nuk.edu.tw/QueryCourse/tcontent.asp?OpenYear=104&Helf=2&Sclass=CE&Cono=F542,2026-08-26T18:13:36+00:00
104-2-CE-F561-M-1-,104,2,工學院,CE,土木與環境工程學系,F561,M,碩士班,1,,彈性力學,3,選,60,9,,51,施博仁,C01-B102 其他教室,,"5,6",3,,,,,"[{""day"": 2, ""dayName"": ""星期二"", ""periods"": [""5"", ""6""], ""raw"": ""5,6""}, {""day"": 3, ""dayName"": ""星期三"", ""periods"": [""3""], ""raw"": ""3""}]",,大四研一合開 (全英語授課)，隸屬永續工程與科技全英文學分學程,https://course.nuk.edu.tw/QueryCourse/tcontent.asp?OpenYear=104&Helf=2&Sclass=CE&Cono=F561,2026-08-26T18:13:36+00:00
104-2-CE-F601-M-1-,104,2,工學院,CE,土木與環境工程學系,F601,M,碩士班,1,,有限元素法,3,選,60,18,,42,俞肇球,B01-B106,,7,,"3,4",,,,"[{""day"": 2, ""dayName"": ""星期二"", ""periods"": [""7""], ""raw"": ""7""}, {""day"": 4, ""dayName"": ""星期四"", ""periods"": [""3"", ""4""], ""raw"": ""3,4""}]",,大四研一合開,https://course.nuk.edu.tw/QueryCourse/tcontent.asp?OpenYear=104&Helf=2&Sclass=CE&Cono=F601,2026-08-26T18:13:36+00:00
104-2-CE-F631-M-1-,104,2,工學院,CE,土木與環境工程學系,F631,M,碩士班,1,,訊號處理與頻譜分析,3,選,10,4,,6,張惠雲,C01-414,,,"5,6",Y,,,,"[{""day"": 3, ""dayName"": ""星期三"", ""periods"": [""5"", ""6""], ""raw"": ""5,6""}, {""day"": 4, ""dayName"": ""星期四"", ""periods"": [""Y""], ""raw"": ""Y""}]",,大四研一合開 (教學分析軟體5套),https://course.nuk.edu.tw/QueryCourse/tcontent.asp?OpenYear=104&Helf=2&Sclass=CE&Cono=F631,2026-08-26T18:13:36+00:00
104-2-CE-F661-M-1-,104,2,工學院,CE,土木與環境工程學系,F661,M,碩士班,1,,風工程,3,選,10,3,,7,陳振華,C01-414,"8,9, 10",,,,,,,"[{""day"": 1, ""dayName"": ""星期一"", ""periods"": [""8"", ""9"", ""10""], ""raw"": ""8,9, 10""}]",,,https://course.nuk.edu.tw/QueryCourse/tcontent.asp?OpenYear=104&Helf=2&Sclass=CE&Cono=F661,2026-08-26T18:13:36+00:00
104-2-CE-F673-M-1-,104,2,工學院,CE,土木與環境工程學系,F673,M,碩士班,1,,影像測量學原理與防災應用,3,選,60,12,,48,童士恒,C01-106,,,,,"6,7, 8",,,"[{""day"": 5, ""dayName"": ""星期五"", ""periods"": [""6"", ""7"", ""8""], ""raw"": ""6,7, 8""}]",,大四研一合開,https://course.nuk.edu.tw/QueryCourse/tcontent.asp?OpenYear=104&Helf=2&Sclass=CE&Cono=F673,2026-08-26T18:13:36+00:00
104-2-CE-F681-M-1-,104,2,工學院,CE,土木與環境工程學系,F681,M,碩士班,1,,非破壞性檢測與試驗,3,選,10,3,,7,陳振華 張惠雲,C01-414,"5,6, 7",,,,,,,"[{""day"": 1, ""dayName"": ""星期一"", ""periods"": [""5"", ""6"", ""7""], ""raw"": ""5,6, 7""}]",,,https://course.nuk.edu.tw/QueryCourse/tcontent.asp?OpenYear=104&Helf=2&Sclass=CE&Cono=F681,2026-08-26T18:13:36+00:00
104-2-CE-F711-M-1-,104,2,工學院,CE,土木與環境工程學系,F711,M,碩士班,1,,高科技防災特論,0,選,10,4,,6,童士恒 翁孟嘉 吳明淏,,,,,"9,10, 11",,,,"[{""day"": 4, ""dayName"": ""星期四"", ""periods"": [""9"", ""10"", ""11""], ""raw"": ""9,10, 11""}]",,使用教師研究室,https://course.nuk.edu.tw/QueryCourse/tcontent.asp?OpenYear=104&Helf=2&Sclass=CE&Cono=F711,2026-08-26T18:13:36+00:00
104-2-CE-F713-M-1-,104,2,工學院,CE,土木與環境工程學系,F713,M,碩士班,1,,污染防治復育特論,0,選,10,8,,2,袁菁 葉琮裕 林秋良,,,,"9,10, 11",,,,,"[{""day"": 3, ""dayName"": ""星期三"", ""periods"": [""9"", ""10"", ""11""], ""raw"": ""9,10, 11""}]",,使用教師研究室,https://course.nuk.edu.tw/QueryCourse/tcontent.asp?OpenYear=104&Helf=2&Sclass=CE&Cono=F713,2026-08-26T18:13:36+00:00
104-2-CE-F714-M-1-,104,2,工學院,CE,土木與環境工程學系,F714,M,碩士班,1,,環境管理特論,0,選,10,5,,5,連興隆 甯蜀光 林啟琪,,,,,"9,10, 11",,,,"[{""day"": 4, ""dayName"": ""星期四"", ""periods"": [""9"", ""10"", ""11""], ""raw"": ""9,10, 11""}]",,使用教師研究室,https://course.nuk.edu.tw/QueryCourse/tcontent.asp?OpenYear=104&Helf=2&Sclass=CE&Cono=F714,2026-08-26T18:13:36+00:00
104-2-CE-F901-M-1-,104,2,工學院,CE,土木與環境工程學系,F901,M,碩士班,1,,海外實習,3,選,10,10,,0,連興隆 甯蜀光,,,,,,"9,10, 11",,,"[{""day"": 5, ""dayName"": ""星期五"", ""periods"": [""9"", ""10"", ""11""], ""raw"": ""9,10, 11""}]",外加,大四研一合開，總實習時數為162小時,https://course.nuk.edu.tw/QueryCourse/tcontent.asp?OpenYear=104&Helf=2&Sclass=CE&Cono=F901,2026-08-26T18:13:36+00:00
104-2-CM-A031-A-1-A,104,2,工學院,CM,化學工程及材料工程學系,A031,A,大學部,1,A,普通物理實驗,1,必,63,44,,19,楊證富,C01-105 其他教室,"10,11, 12",,,,,,,"[{""day"": 1, ""dayName"": ""星期一"", ""periods"": [""10"", ""11"", ""12""], ""raw"": ""10,11, 12""}]",,,https://course.nuk.edu.tw/QueryCourse/tcontent.asp?OpenYear=104&Helf=2&Sclass=CM&Cono=A031,2026-08-26T18:13:36+00:00
104-2-CM-A04B-A-1-A,104,2,工學院,CM,化學工程及材料工程學系,A04B,A,大學部,1,A,普通化學(二),2,必,60,43,,17,王宗櫚,C01-106,,"6,7",,,,,,"[{""day"": 2, ""dayName"": ""星期二"", ""periods"": [""6"", ""7""], ""raw"": ""6,7""}]",學程,高值化金屬製備學程,https://course.nuk.edu.tw/QueryCourse/tcontent.asp?OpenYear=104&Helf=2&Sclass=CM&Cono=A04B,2026-08-26T18:13:36+00:00
104-2-CM-A07B-A-1-A,104,2,工學院,CM,化學工程及材料工程學系,A07B,A,大學部,1,A,化工與材料科學導論(二),3,必,60,46,,14,陳文正 王瑞琪,C01-105,,,,"2,3, 4",,,,"[{""day"": 4, ""dayName"": ""星期四"", ""periods"": [""2"", ""3"", ""4""], ""raw"": ""2,3, 4""}]",學程,高值化金屬製備特色人才培育學程,https://course.nuk.edu.tw/QueryCourse/tcontent.asp?OpenYear=104&Helf=2&Sclass=CM&Cono=A07B,2026-08-26T18:13:36+00:00
104-2-CM-A08B-A-1-A,104,2,工學院,CM,化學工程及材料工程學系,A08B,A,大學部,1,A,微積分(二),3,必,60,49,,11,謝永堂,C01-202,,,"2,3, 4",,,,,"[{""day"": 3, ""dayName"": ""星期三"", ""periods"": [""2"", ""3"", ""4""], ""raw"": ""2,3, 4""}]",,全英語授課,https://course.nuk.edu.tw/QueryCourse/tcontent.asp?OpenYear=104&Helf=2&Sclass=CM&Cono=A08B,2026-08-26T18:13:36+00:00
104-2-CM-A191-A-1-A,104,2,工學院,CM,化學工程及材料工程學系,A191,A,大學部,1,A,電子電工學,3,必,60,46,,14,楊證富,B01-B104,,"1,2, 3",,,,,,"[{""day"": 2, ""dayName"": ""星期二"", ""periods"": [""1"", ""2"", ""3""], ""raw"": ""1,2, 3""}]",,,https://course.nuk.edu.tw/QueryCourse/tcontent.asp?OpenYear=104&Helf=2&Sclass=CM&Cono=A191,2026-08-26T18:13:36+00:00
104-2-CM-B01A-A-1-A,104,2,工學院,CM,化學工程及材料工程學系,B01A,A,大學部,1,A,物理化學(一),3,必,60,51,,9,陳文正,B01-103,,,,"5,6, 7",,,,"[{""day"": 4, ""dayName"": ""星期四"", ""periods"": [""5"", ""6"", ""7""], ""raw"": ""5,6, 7""}]",,,https://course.nuk.edu.tw/QueryCourse/tcontent.asp?OpenYear=104&Helf=2&Sclass=CM&Cono=B01A,2026-08-26T18:13:36+00:00
104-2-CM-B00B-A-2-A,104,2,工學院,CM,化學工程及材料工程學系,B00B,A,大學部,2,A,工程數學(二),3,必,60,45,,15,楊佳寧,B01-B106,,"2,3, 4",,,,,,"[{""day"": 2, ""dayName"": ""星期二"", ""periods"": [""2"", ""3"", ""4""], ""raw"": ""2,3, 4""}]",,,https://course.nuk.edu.tw/QueryCourse/tcontent.asp?OpenYear=104&Helf=2&Sclass=CM&Cono=B00B,2026-08-26T18:13:36+00:00
104-2-CM-B031-A-2-A,104,2,工學院,CM,化學工程及材料工程學系,B031,A,大學部,2,A,材料化學實驗,1,必,60,20,,40,蘇進成,C01-105 其他教室,"2,3, 4",,,,,,,"[{""day"": 1, ""dayName"": ""星期一"", ""periods"": [""2"", ""3"", ""4""], ""raw"": ""2,3, 4""}]",,,https://course.nuk.edu.tw/QueryCourse/tcontent.asp?OpenYear=104&Helf=2&Sclass=CM&Cono=B031,2026-08-26T18:13:36+00:00
104-2-CM-B080-A-2-A,104,2,工學院,CM,化學工程及材料工程學系,B080,A,大學部,2,A,物理化學實驗,1,必,60,22,,38,陳文正,C01-105 其他教室,,,,,"5,6, 7",,,"[{""day"": 5, ""dayName"": ""星期五"", ""periods"": [""5"", ""6"", ""7""], ""raw"": ""5,6, 7""}]",,,https://course.nuk.edu.tw/QueryCourse/tcontent.asp?OpenYear=104&Helf=2&Sclass=CM&Cono=B080,2026-08-26T18:13:36+00:00
104-2-CM-B092-A-2-A,104,2,工學院,CM,化學工程及材料工程學系,B092,A,大學部,2,A,有機材料化學(二),3,必,60,41,,19,鍾宜璋,B01-104,,,,"5,6, 7",,,,"[{""day"": 4, ""dayName"": ""星期四"", ""periods"": [""5"", ""6"", ""7""], ""raw"": ""5,6, 7""}]",,,https://course.nuk.edu.tw/QueryCourse/tcontent.asp?OpenYear=104&Helf=2&Sclass=CM&Cono=B092,2026-08-26T18:13:36+00:00
104-2-CM-B11A-A-2-A,104,2,工學院,CM,化學工程及材料工程學系,B11A,A,大學部,2,A,化工與材料輸送現象(一),3,必,61,59,,2,林宏殷,C01-105,,"5,6, 7",,,,,,"[{""day"": 2, ""dayName"": ""星期二"", ""periods"": [""5"", ""6"", ""7""], ""raw"": ""5,6, 7""}]",,,https://course.nuk.edu.tw/QueryCourse/tcontent.asp?OpenYear=104&Helf=2&Sclass=CM&Cono=B11A,2026-08-26T18:13:36+00:00
104-2-CM-B592-A-2-A,104,2,工學院,CM,化學工程及材料工程學系,B592,A,大學部,2,A,高分子化學,3,選,60,32,,28,王宗櫚,C01-105,,,"2,3, 4",,,,,"[{""day"": 3, ""dayName"": ""星期三"", ""periods"": [""2"", ""3"", ""4""], ""raw"": ""2,3, 4""}]",,,https://course.nuk.edu.tw/QueryCourse/tcontent.asp?OpenYear=104&Helf=2&Sclass=CM&Cono=B592,2026-08-26T18:13:36+00:00
104-2-CM-C60A-A-2-A,104,2,工學院,CM,化學工程及材料工程學系,C60A,A,大學部,2,A,物理冶金專題(I),3,選,60,31,,29,呂正傑,C01-B101,,,,"2,3, 4",,,,"[{""day"": 4, ""dayName"": ""星期四"", ""periods"": [""2"", ""3"", ""4""], ""raw"": ""2,3, 4""}]",學程,高值化金屬製備特色人才培育學程,https://course.nuk.edu.tw/QueryCourse/tcontent.asp?OpenYear=104&Helf=2&Sclass=CM&Cono=C60A,2026-08-26T18:13:36+00:00
104-2-CM-C651-A-2-A,104,2,工學院,CM,化學工程及材料工程學系,C651,A,大學部,2,A,儀器分析,3,選,60,50,,10,陳文正,C01-105,,,,,"2,3, 4",,,"[{""day"": 5, ""dayName"": ""星期五"", ""periods"": [""2"", ""3"", ""4""], ""raw"": ""2,3, 4""}]",,,https://course.nuk.edu.tw/QueryCourse/tcontent.asp?OpenYear=104&Helf=2&Sclass=CM&Cono=C651,2026-08-26T18:13:36+00:00
104-2-CM-C072-A-3-A,104,2,工學院,CM,化學工程及材料工程學系,C072,A,大學部,3,A,化工與材料實驗(II),1,必,60,38,,22,鍾宜璋 陳文正 王宗櫚 謝永堂,C01-112 其他教室,,,"6,7, 8,9",,,,,"[{""day"": 3, ""dayName"": ""星期三"", ""periods"": [""6"", ""7"", ""8"", ""9""], ""raw"": ""6,7, 8,9""}]",,,https://course.nuk.edu.tw/QueryCourse/tcontent.asp?OpenYear=104&Helf=2&Sclass=CM&Cono=C072,2026-08-26T18:13:36+00:00
104-2-CM-C091-A-3-A,104,2,工學院,CM,化學工程及材料工程學系,C091,A,大學部,3,A,化工與材料動力學,3,必,60,46,,14,蘇進成,B01-B108,,"2,3, 4",,,,,,"[{""day"": 2, ""dayName"": ""星期二"", ""periods"": [""2"", ""3"", ""4""], ""raw"": ""2,3, 4""}]",,,https://course.nuk.edu.tw/QueryCourse/tcontent.asp?OpenYear=104&Helf=2&Sclass=CM&Cono=C091,2026-08-26T18:13:36+00:00
104-2-CM-C10B-A-3-A,104,2,工學院,CM,化學工程及材料工程學系,C10B,A,大學部,3,A,化工與材料熱力學(II),3,必,60,55,,5,呂正傑,C01-B103,"2,3, 4",,,,,,,"[{""day"": 1, ""dayName"": ""星期一"", ""periods"": [""2"", ""3"", ""4""], ""raw"": ""2,3, 4""}]",學程,高值化金屬製備特色人才培育學程,https://course.nuk.edu.tw/QueryCourse/tcontent.asp?OpenYear=104&Helf=2&Sclass=CM&Cono=C10B,2026-08-26T18:13:36+00:00
104-2-CM-C521-A-3-A,104,2,工學院,CM,化學工程及材料工程學系,C521,A,大學部,3,A,高分子物理,3,選,60,25,,35,蘇進成,B01-B108,,,,"2,3, 4",,,,"[{""day"": 4, ""dayName"": ""星期四"", ""periods"": [""2"", ""3"", ""4""], ""raw"": ""2,3, 4""}]",,,https://course.nuk.edu.tw/QueryCourse/tcontent.asp?OpenYear=104&Helf=2&Sclass=CM&Cono=C521,2026-08-26T18:13:36+00:00
104-2-CM-C642-A-3-A,104,2,工學院,CM,化學工程及材料工程學系,C642,A,大學部,3,A,專題研究(二),1,選,60,13,,47,楊證富 陳文正 王宗櫚 王瑞琪 謝永堂,C01-B104,,Y,Y,Y,,,,"[{""day"": 2, ""dayName"": ""星期二"", ""periods"": [""Y""], ""raw"": ""Y""}, {""day"": 3, ""dayName"": ""星期三"", ""periods"": [""Y""], ""raw"": ""Y""}, {""day"": 4, ""dayName"": ""星期四"", ""periods"": [""Y""], ""raw"": ""Y""}]",,,https://course.nuk.edu.tw/QueryCourse/tcontent.asp?OpenYear=104&Helf=2&Sclass=CM&Cono=C642,2026-08-26T18:13:36+00:00
104-2-CM-C681-A-3-A,104,2,工學院,CM,化學工程及材料工程學系,C681,A,大學部,3,A,特用化學品,3,選,30,25,,5,鍾宜璋,C01-B102,"5,6, 7",,,,,,,"[{""day"": 1, ""dayName"": ""星期一"", ""periods"": [""5"", ""6"", ""7""], ""raw"": ""5,6, 7""}]",學程,隸屬生技產業跨領域學程,https://course.nuk.edu.tw/QueryCourse/tcontent.asp?OpenYear=104&Helf=2&Sclass=CM&Cono=C681,2026-08-26T18:13:36+00:00
104-2-CM-D07B-A-3-A,104,2,工學院,CM,化學工程及材料工程學系,D07B,A,大學部,3,A,專題討論(II),0,必,60,23,,37,蘇進成,B01-103,,"5,6",,,,,,"[{""day"": 2, ""dayName"": ""星期二"", ""periods"": [""5"", ""6""], ""raw"": ""5,6""}]",,工學院演講廳,https://course.nuk.edu.tw/QueryCourse/tcontent.asp?OpenYear=104&Helf=2&Sclass=CM&Cono=D07B,2026-08-26T18:13:36+00:00
104-2-CM-D521-A-3-A,104,2,工學院,CM,化學工程及材料工程學系,D521,A,大學部,3,A,工程倫理,2,選,60,9,,51,林宏殷,C01-105,"8,9",,,,,,,"[{""day"": 1, ""dayName"": ""星期一"", ""periods"": [""8"", ""9""], ""raw"": ""8,9""}]",,大三/大四合開課程,https://course.nuk.edu.tw/QueryCourse/tcontent.asp?OpenYear=104&Helf=2&Sclass=CM&Cono=D521,2026-08-26T18:13:36+00:00
104-2-CM-D581-A-3-A,104,2,工學院,CM,化學工程及材料工程學系,D581,A,大學部,3,A,表面處理與防蝕技術,3,選,60,40,,20,謝永堂 何文福,C01-105,,,,"5,6, 7",,,,"[{""day"": 4, ""dayName"": ""星期四"", ""periods"": [""5"", ""6"", ""7""], ""raw"": ""5,6, 7""}]",學程,大三/大四合開課程，高值化金屬製備特色人才培育學程,https://course.nuk.edu.tw/QueryCourse/tcontent.asp?OpenYear=104&Helf=2&Sclass=CM&Cono=D581,2026-08-26T18:13:36+00:00
104-2-CM-D631-A-3-A,104,2,工學院,CM,化學工程及材料工程學系,D631,A,大學部,3,A,材料機械性質,3,選,60,34,,26,何文福,B01-103,,,,,"5,6, 7",,,"[{""day"": 5, ""dayName"": ""星期五"", ""periods"": [""5"", ""6"", ""7""], ""raw"": ""5,6, 7""}]",學程,高值化金屬製備特色人才培育學程,https://course.nuk.edu.tw/QueryCourse/tcontent.asp?OpenYear=104&Helf=2&Sclass=CM&Cono=D631,2026-08-26T18:13:36+00:00
104-2-CM-D521-A-4-A,104,2,工學院,CM,化學工程及材料工程學系,D521,A,大學部,4,A,工程倫理,2,選,60,9,,51,林宏殷,C01-105,"8,9",,,,,,,"[{""day"": 1, ""dayName"": ""星期一"", ""periods"": [""8"", ""9""], ""raw"": ""8,9""}]",,大三/大四合開課程,https://course.nuk.edu.tw/QueryCourse/tcontent.asp?OpenYear=104&Helf=2&Sclass=CM&Cono=D521,2026-08-26T18:13:36+00:00
104-2-CM-D581-A-4-A,104,2,工學院,CM,化學工程及材料工程學系,D581,A,大學部,4,A,表面處理與防蝕技術,3,選,60,40,,20,謝永堂 何文福,C01-105,,,,"5,6, 7",,,,"[{""day"": 4, ""dayName"": ""星期四"", ""periods"": [""5"", ""6"", ""7""], ""raw"": ""5,6, 7""}]",學程,大三/大四合開課程，高值化金屬製備特色人才培育學程,https://course.nuk.edu.tw/QueryCourse/tcontent.asp?OpenYear=104&Helf=2&Sclass=CM&Cono=D581,2026-08-26T18:13:36+00:00
104-2-CM-D62C-A-4-A,104,2,工學院,CM,化學工程及材料工程學系,D62C,A,大學部,4,A,業界實習(三),9,選,60,12,,48,楊證富 王宗櫚,,1,1,1,,,,,"[{""day"": 1, ""dayName"": ""星期一"", ""periods"": [""1""], ""raw"": ""1""}, {""day"": 2, ""dayName"": ""星期二"", ""periods"": [""1""], ""raw"": ""1""}, {""day"": 3, ""dayName"": ""星期三"", ""periods"": [""1""], ""raw"": ""1""}]",學程,實習須達450小時，高值化金屬製備特色人才培育學程,https://course.nuk.edu.tw/QueryCourse/tcontent.asp?OpenYear=104&Helf=2&Sclass=CM&Cono=D62C,2026-08-26T18:13:36+00:00
104-2-CM-F552-A-4-A,104,2,工學院,CM,化學工程及材料工程學系,F552,A,大學部,4,A,粉體科技,3,選,60,22,,38,林宏殷,C01-105,"5,6, 7",,,,,,,"[{""day"": 1, ""dayName"": ""星期一"", ""periods"": [""5"", ""6"", ""7""], ""raw"": ""5,6, 7""}]",,大四/碩一合開課程,https://course.nuk.edu.tw/QueryCourse/tcontent.asp?OpenYear=104&Helf=2&Sclass=CM&Cono=F552,2026-08-26T18:13:36+00:00
104-2-CM-F571-A-4-A,104,2,工學院,CM,化學工程及材料工程學系,F571,A,大學部,4,A,X-光繞射與晶體結構,3,選,60,22,,38,呂正傑,C01-105,,"2,3, 4",,,,,,"[{""day"": 2, ""dayName"": ""星期二"", ""periods"": [""2"", ""3"", ""4""], ""raw"": ""2,3, 4""}]",學程,大四/碩一合開課程，高值化金屬製備特色人才培育學程,https://course.nuk.edu.tw/QueryCourse/tcontent.asp?OpenYear=104&Helf=2&Sclass=CM&Cono=F571,2026-08-26T18:13:36+00:00
104-2-CM-F662-A-4-A,104,2,工學院,CM,化學工程及材料工程學系,F662,A,大學部,4,A,材料表面分析,3,選,60,23,,37,王瑞琪,C01-B102-1,,,"2,3, 4",,,,,"[{""day"": 3, ""dayName"": ""星期三"", ""periods"": [""2"", ""3"", ""4""], ""raw"": ""2,3, 4""}]",學程,大四/碩一合開課程，高值化金屬製備特色人才培育學程,https://course.nuk.edu.tw/QueryCourse/tcontent.asp?OpenYear=104&Helf=2&Sclass=CM&Cono=F662,2026-08-26T18:13:36+00:00
104-2-CM-F021-M-1-,104,2,工學院,CM,化學工程及材料工程學系,F021,M,碩士班,1,,專題討論,0,必,60,38,,22,謝永堂,C01-114,,"5,6",,,,,,"[{""day"": 2, ""dayName"": ""星期二"", ""periods"": [""5"", ""6""], ""raw"": ""5,6""}]",,工學院演講廳，碩一/碩二合開,https://course.nuk.edu.tw/QueryCourse/tcontent.asp?OpenYear=104&Helf=2&Sclass=CM&Cono=F021,2026-08-26T18:13:36+00:00
104-2-CM-F051-M-1-,104,2,工學院,CM,化學工程及材料工程學系,F051,M,碩士班,1,,精密儀器分析與實作,3,必,60,18,,42,鍾宜璋 呂正傑 王瑞琪,C01-105,,1,1,1,,,,"[{""day"": 2, ""dayName"": ""星期二"", ""periods"": [""1""], ""raw"": ""1""}, {""day"": 3, ""dayName"": ""星期三"", ""periods"": [""1""], ""raw"": ""1""}, {""day"": 4, ""dayName"": ""星期四"", ""periods"": [""1""], ""raw"": ""1""}]",限修,限化材系碩士班同學選修,https://course.nuk.edu.tw/QueryCourse/tcontent.asp?OpenYear=104&Helf=2&Sclass=CM&Cono=F051,2026-08-26T18:13:36+00:00
104-2-CM-F500-M-1-,104,2,工學院,CM,化學工程及材料工程學系,F500,M,碩士班,1,,教學實務演練(化學工程及材料工程學系),0,選,37,37,,0,謝永堂,,,X,,,,,,"[{""day"": 2, ""dayName"": ""星期二"", ""periods"": [""X""], ""raw"": ""X""}]",外加,指定加簽，申請擔任學習型兼任教學助理之學生必須修習本課程。碩一/碩二教學助理,https://course.nuk.edu.tw/QueryCourse/tcontent.asp?OpenYear=104&Helf=2&Sclass=CM&Cono=F500,2026-08-26T18:13:36+00:00
104-2-CM-F541-M-1-,104,2,工學院,CM,化學工程及材料工程學系,F541,M,碩士班,1,,高等熱力學,3,選,60,22,,38,何文福,C01-B101-1,,,,"2,3, 4",,,,"[{""day"": 4, ""dayName"": ""星期四"", ""periods"": [""2"", ""3"", ""4""], ""raw"": ""2,3, 4""}]",,,https://course.nuk.edu.tw/QueryCourse/tcontent.asp?OpenYear=104&Helf=2&Sclass=CM&Cono=F541,2026-08-26T18:13:36+00:00
104-2-CM-F552-M-1-,104,2,工學院,CM,化學工程及材料工程學系,F552,M,碩士班,1,,粉體科技,3,選,60,22,,38,林宏殷,C01-105,"5,6, 7",,,,,,,"[{""day"": 1, ""dayName"": ""星期一"", ""periods"": [""5"", ""6"", ""7""], ""raw"": ""5,6, 7""}]",,大四/碩一合開課程,https://course.nuk.edu.tw/QueryCourse/tcontent.asp?OpenYear=104&Helf=2&Sclass=CM&Cono=F552,2026-08-26T18:13:36+00:00
104-2-CM-F571-M-1-,104,2,工學院,CM,化學工程及材料工程學系,F571,M,碩士班,1,,X-光繞射與晶體結構,3,選,60,22,,38,呂正傑,C01-105,,"2,3, 4",,,,,,"[{""day"": 2, ""dayName"": ""星期二"", ""periods"": [""2"", ""3"", ""4""], ""raw"": ""2,3, 4""}]",學程,大四/碩一合開課程，高值化金屬製備特色人才培育學程,https://course.nuk.edu.tw/QueryCourse/tcontent.asp?OpenYear=104&Helf=2&Sclass=CM&Cono=F571,2026-08-26T18:13:36+00:00
104-2-CM-F662-M-1-,104,2,工學院,CM,化學工程及材料工程學系,F662,M,碩士班,1,,材料表面分析,3,選,60,23,,37,王瑞琪,C01-B102-1,,,"2,3, 4",,,,,"[{""day"": 3, ""dayName"": ""星期三"", ""periods"": [""2"", ""3"", ""4""], ""raw"": ""2,3, 4""}]",學程,大四/碩一合開課程，高值化金屬製備特色人才培育學程,https://course.nuk.edu.tw/QueryCourse/tcontent.asp?OpenYear=104&Helf=2&Sclass=CM&Cono=F662,2026-08-26T18:13:36+00:00
104-2-CM-F021-M-2-,104,2,工學院,CM,化學工程及材料工程學系,F021,M,碩士班,2,,專題討論,0,必,60,38,,22,謝永堂,C01-114,,"5,6",,,,,,"[{""day"": 2, ""dayName"": ""星期二"", ""periods"": [""5"", ""6""], ""raw"": ""5,6""}]",,工學院演講廳，碩一/碩二合開,https://course.nuk.edu.tw/QueryCourse/tcontent.asp?OpenYear=104&Helf=2&Sclass=CM&Cono=F021,2026-08-26T18:13:36+00:00
104-2-CS-A02B-A-1-A,104,2,工學院,CS,資訊工程學系,A02B,A,大學部,1,A,微積分(二),3,必,60,58,,2,陳佳妍,B01-105,,"5,6, 7",,,,,,"[{""day"": 2, ""dayName"": ""星期二"", ""periods"": [""5"", ""6"", ""7""], ""raw"": ""5,6, 7""}]",,,https://course.nuk.edu.tw/QueryCourse/tcontent.asp?OpenYear=104&Helf=2&Sclass=CS&Cono=A02B,2026-08-26T18:13:36+00:00
104-2-CS-A041-A-1-A,104,2,工學院,CS,資訊工程學系,A041,A,大學部,1,A,線性代數,3,必,63,63,,0,洪宗貝,B01-204,,,"2,3, 4",,,,,"[{""day"": 3, ""dayName"": ""星期三"", ""periods"": [""2"", ""3"", ""4""], ""raw"": ""2,3, 4""}]",外加,,https://course.nuk.edu.tw/QueryCourse/tcontent.asp?OpenYear=104&Helf=2&Sclass=CS&Cono=A041,2026-08-26T18:13:36+00:00
104-2-CS-A051-A-1-A,104,2,工學院,CS,資訊工程學系,A051,A,大學部,1,A,數位系統導論,3,必,60,45,,15,潘欣泰,B01-204,"2,3, 4",,,,,,,"[{""day"": 1, ""dayName"": ""星期一"", ""periods"": [""2"", ""3"", ""4""], ""raw"": ""2,3, 4""}]",,,https://course.nuk.edu.tw/QueryCourse/tcontent.asp?OpenYear=104&Helf=2&Sclass=CS&Cono=A051,2026-08-26T18:13:36+00:00
104-2-CS-A07B-A-1-A,104,2,工學院,CS,資訊工程學系,A07B,A,大學部,1,A,程式設計與實習（二）,2,必,45,45,,0,張保榮,B01-206,,"2,3, 4",,,,,,"[{""day"": 2, ""dayName"": ""星期二"", ""periods"": [""2"", ""3"", ""4""], ""raw"": ""2,3, 4""}]",,,https://course.nuk.edu.tw/QueryCourse/tcontent.asp?OpenYear=104&Helf=2&Sclass=CS&Cono=A07B,2026-08-26T18:13:36+00:00
104-2-CS-B011-A-2-A,104,2,工學院,CS,資訊工程學系,B011,A,大學部,2,A,資料結構,3,必,54,54,,0,黃健,B01-206 其他教室,,,,,"6,7, 8",,,"[{""day"": 5, ""dayName"": ""星期五"", ""periods"": [""6"", ""7"", ""8""], ""raw"": ""6,7, 8""}]",外加 學程,隸屬雲端學程、巨量資料科技學程,https://course.nuk.edu.tw/QueryCourse/tcontent.asp?OpenYear=104&Helf=2&Sclass=CS&Cono=B011,2026-08-26T18:13:36+00:00
104-2-CS-B042-A-2-A,104,2,工學院,CS,資訊工程學系,B042,A,大學部,2,A,數位電路實驗,1,必,48,46,,2,潘欣泰,B01-200,,"2,3, 4",,,,,,"[{""day"": 2, ""dayName"": ""星期二"", ""periods"": [""2"", ""3"", ""4""], ""raw"": ""2,3, 4""}]",,,https://course.nuk.edu.tw/QueryCourse/tcontent.asp?OpenYear=104&Helf=2&Sclass=CS&Cono=B042,2026-08-26T18:13:36+00:00
104-2-CS-B061-A-2-A,104,2,工學院,CS,資訊工程學系,B061,A,大學部,2,A,工程數學,3,必,60,50,,10,殷堂凱,B01-107,"2,3, 4",,,,,,,"[{""day"": 1, ""dayName"": ""星期一"", ""periods"": [""2"", ""3"", ""4""], ""raw"": ""2,3, 4""}]",,,https://course.nuk.edu.tw/QueryCourse/tcontent.asp?OpenYear=104&Helf=2&Sclass=CS&Cono=B061,2026-08-26T18:13:36+00:00
104-2-CS-B071-A-2-A,104,2,工學院,CS,資訊工程學系,B071,A,大學部,2,A,組合語言與系統程式,3,必,60,59,,1,郭錦福,B01-107,,"5,6, 7",,,,,,"[{""day"": 2, ""dayName"": ""星期二"", ""periods"": [""5"", ""6"", ""7""], ""raw"": ""5,6, 7""}]",,,https://course.nuk.edu.tw/QueryCourse/tcontent.asp?OpenYear=104&Helf=2&Sclass=CS&Cono=B071,2026-08-26T18:13:36+00:00
104-2-CS-B541-A-2-A,104,2,工學院,CS,資訊工程學系,B541,A,大學部,2,A,網路程式設計,3,選,45,45,,0,吳俊興,B01-206 其他教室,,,,"2,3, 4",,,,"[{""day"": 4, ""dayName"": ""星期四"", ""periods"": [""2"", ""3"", ""4""], ""raw"": ""2,3, 4""}]",學程,隸屬雲端學程、巨量資料科技學程,https://course.nuk.edu.tw/QueryCourse/tcontent.asp?OpenYear=104&Helf=2&Sclass=CS&Cono=B541,2026-08-26T18:13:36+00:00
104-2-CS-C051-A-3-A,104,2,工學院,CS,資訊工程學系,C051,A,大學部,3,A,專題研究(一),1,必,60,45,,15,殷堂凱,B01-204,,,,,"10,11",,,"[{""day"": 5, ""dayName"": ""星期五"", ""periods"": [""10"", ""11""], ""raw"": ""10,11""}]",,,https://course.nuk.edu.tw/QueryCourse/tcontent.asp?OpenYear=104&Helf=2&Sclass=CS&Cono=C051,2026-08-26T18:13:36+00:00
104-2-CS-C061-A-3-A,104,2,工學院,CS,資訊工程學系,C061,A,大學部,3,A,作業系統,3,必,60,57,,3,吳俊興,B01-104,,,"6,7, 8",,,,,"[{""day"": 3, ""dayName"": ""星期三"", ""periods"": [""6"", ""7"", ""8""], ""raw"": ""6,7, 8""}]",學程,隸屬雲端學程、巨量資料科技學程,https://course.nuk.edu.tw/QueryCourse/tcontent.asp?OpenYear=104&Helf=2&Sclass=CS&Cono=C061,2026-08-26T18:13:36+00:00
104-2-CS-C071-A-3-A,104,2,工學院,CS,資訊工程學系,C071,A,大學部,3,A,軟體工程,3,必,52,49,,3,林文揚,B01-204 其他教室,"6,7, 8",,,,,,,"[{""day"": 1, ""dayName"": ""星期一"", ""periods"": [""6"", ""7"", ""8""], ""raw"": ""6,7, 8""}]",外加,,https://course.nuk.edu.tw/QueryCourse/tcontent.asp?OpenYear=104&Helf=2&Sclass=CS&Cono=C071,2026-08-26T18:13:36+00:00
104-2-CS-C551-A-3-A,104,2,工學院,CS,資訊工程學系,C551,A,大學部,3,A,影像處理,3,選,45,35,,10,殷堂凱,B01-206 其他教室,,,"2,3, 4",,,,,"[{""day"": 3, ""dayName"": ""星期三"", ""periods"": [""2"", ""3"", ""4""], ""raw"": ""2,3, 4""}]",學程,隸屬巨量資料科技學程,https://course.nuk.edu.tw/QueryCourse/tcontent.asp?OpenYear=104&Helf=2&Sclass=CS&Cono=C551,2026-08-26T18:13:36+00:00
104-2-CS-C561-A-3-A,104,2,工學院,CS,資訊工程學系,C561,A,大學部,3,A,網路安全,3,選,60,44,,16,陳建源,B01-204,,,,,"5,6, 7",,,"[{""day"": 5, ""dayName"": ""星期五"", ""periods"": [""5"", ""6"", ""7""], ""raw"": ""5,6, 7""}]",學程,隸屬雲端學程、巨量資料科技學程,https://course.nuk.edu.tw/QueryCourse/tcontent.asp?OpenYear=104&Helf=2&Sclass=CS&Cono=C561,2026-08-26T18:13:36+00:00
104-2-CS-C573-A-3-A,104,2,工學院,CS,資訊工程學系,C573,A,大學部,3,A,人工智慧,3,選,60,35,,25,洪宗貝,B01-105,"2,3, 4",,,,,,,"[{""day"": 1, ""dayName"": ""星期一"", ""periods"": [""2"", ""3"", ""4""], ""raw"": ""2,3, 4""}]",,,https://course.nuk.edu.tw/QueryCourse/tcontent.asp?OpenYear=104&Helf=2&Sclass=CS&Cono=C573,2026-08-26T18:13:36+00:00
104-2-CS-C631-A-3-A,104,2,工學院,CS,資訊工程學系,C631,A,大學部,3,A,資料壓縮,3,選,45,31,,14,黃健,B01-206,,,,"7,8, 9",,,,"[{""day"": 4, ""dayName"": ""星期四"", ""periods"": [""7"", ""8"", ""9""], ""raw"": ""7,8, 9""}]",學程,隸屬雲端學程,https://course.nuk.edu.tw/QueryCourse/tcontent.asp?OpenYear=104&Helf=2&Sclass=CS&Cono=C631,2026-08-26T18:13:36+00:00
104-2-CS-D02B-A-4-A,104,2,工學院,CS,資訊工程學系,D02B,A,大學部,4,A,資訊專題講座(二),1,必,60,46,,14,陳佳妍,C01-114,,,,"5,6",,,,"[{""day"": 4, ""dayName"": ""星期四"", ""periods"": [""5"", ""6""], ""raw"": ""5,6""}]",,使用工院演講廳,https://course.nuk.edu.tw/QueryCourse/tcontent.asp?OpenYear=104&Helf=2&Sclass=CS&Cono=D02B,2026-08-26T18:13:36+00:00
104-2-CS-D603-A-4-A,104,2,工學院,CS,資訊工程學系,D603,A,大學部,4,A,業界實習(三),3,選,2,2,,0,黃健,,,,"2,3, 4",,,,,"[{""day"": 3, ""dayName"": ""星期三"", ""periods"": [""2"", ""3"", ""4""], ""raw"": ""2,3, 4""}]",,於實習機構內實習時數應達162小時。,https://course.nuk.edu.tw/QueryCourse/tcontent.asp?OpenYear=104&Helf=2&Sclass=CS&Cono=D603,2026-08-26T18:13:36+00:00
104-2-CS-F622-A-4-A,104,2,工學院,CS,資訊工程學系,F622,A,大學部,4,A,嵌入式多核心系統與軟體,3,選,25,12,,13,郭錦福,B01-204,,,,"7,8, 9",,,,"[{""day"": 4, ""dayName"": ""星期四"", ""periods"": [""7"", ""8"", ""9""], ""raw"": ""7,8, 9""}]",學程,四研合開 隸屬雲端學程、巨量資料科技學程,https://course.nuk.edu.tw/QueryCourse/tcontent.asp?OpenYear=104&Helf=2&Sclass=CS&Cono=F622,2026-08-26T18:13:36+00:00
104-2-CS-F661-A-4-A,104,2,工學院,CS,資訊工程學系,F661,A,大學部,4,A,分散式系統,3,選,60,12,,48,吳俊興,B01-108,,,"2,3, 4",,,,,"[{""day"": 3, ""dayName"": ""星期三"", ""periods"": [""2"", ""3"", ""4""], ""raw"": ""2,3, 4""}]",學程,四研合開 隸屬雲端學程、巨量資料科技學程,https://course.nuk.edu.tw/QueryCourse/tcontent.asp?OpenYear=104&Helf=2&Sclass=CS&Cono=F661,2026-08-26T18:13:36+00:00
104-2-CS-F663-A-4-A,104,2,工學院,CS,資訊工程學系,F663,A,大學部,4,A,智慧型系統,3,選,26,25,,1,張保榮,B01-200,,"5,6, 7",,,,,,"[{""day"": 2, ""dayName"": ""星期二"", ""periods"": [""5"", ""6"", ""7""], ""raw"": ""5,6, 7""}]",外加 學程,四研合開 隸屬雲端學程、巨量資料科技學程,https://course.nuk.edu.tw/QueryCourse/tcontent.asp?OpenYear=104&Helf=2&Sclass=CS&Cono=F663,2026-08-26T18:13:36+00:00
104-2-CS-F681-A-4-A,104,2,工學院,CS,資訊工程學系,F681,A,大學部,4,A,計算機結構,3,選,20,14,,6,郭錦福,B01-204,,,"6,7, 8",,,,,"[{""day"": 3, ""dayName"": ""星期三"", ""periods"": [""6"", ""7"", ""8""], ""raw"": ""6,7, 8""}]",,四研合開,https://course.nuk.edu.tw/QueryCourse/tcontent.asp?OpenYear=104&Helf=2&Sclass=CS&Cono=F681,2026-08-26T18:13:36+00:00
104-2-CS-F701-A-4-A,104,2,工學院,CS,資訊工程學系,F701,A,大學部,4,A,擴增實境,3,選,30,17,,13,陳佳妍,B01-206-1,,"2,3, 4",,,,,,"[{""day"": 2, ""dayName"": ""星期二"", ""periods"": [""2"", ""3"", ""4""], ""raw"": ""2,3, 4""}]",,四研合開；全英語授課,https://course.nuk.edu.tw/QueryCourse/tcontent.asp?OpenYear=104&Helf=2&Sclass=CS&Cono=F701,2026-08-26T18:13:36+00:00
104-2-CS-F702-A-4-A,104,2,工學院,CS,資訊工程學系,F702,A,大學部,4,A,虛擬化技術,3,選,30,28,,2,張保榮,B01-206-1,"6,7, 8",,,,,,,"[{""day"": 1, ""dayName"": ""星期一"", ""periods"": [""6"", ""7"", ""8""], ""raw"": ""6,7, 8""}]",學程,四研合開 隸屬雲端學程、巨量資料科技學程,https://course.nuk.edu.tw/QueryCourse/tcontent.asp?OpenYear=104&Helf=2&Sclass=CS&Cono=F702,2026-08-26T18:13:36+00:00
104-2-CS-F703-A-4-A,104,2,工學院,CS,資訊工程學系,F703,A,大學部,4,A,SDN/NFV核心網路,3,選,60,4,,56,嚴力行,B01-206,,,"5,6, 7",,,,,"[{""day"": 3, ""dayName"": ""星期三"", ""periods"": [""5"", ""6"", ""7""], ""raw"": ""5,6, 7""}]",,四研合開，嚴力行老師,https://course.nuk.edu.tw/QueryCourse/tcontent.asp?OpenYear=104&Helf=2&Sclass=CS&Cono=F703,2026-08-26T18:13:36+00:00
104-2-CS-F732-A-4-A,104,2,工學院,CS,資訊工程學系,F732,A,大學部,4,A,巨量資料分析,3,選,30,21,,9,楊新章 張保榮,B01-206-1,"2,3, 4",,,,,,,"[{""day"": 1, ""dayName"": ""星期一"", ""periods"": [""2"", ""3"", ""4""], ""raw"": ""2,3, 4""}]",學程,四研合開 隸屬雲端學程、巨量資料科技學程,https://course.nuk.edu.tw/QueryCourse/tcontent.asp?OpenYear=104&Helf=2&Sclass=CS&Cono=F732,2026-08-26T18:13:36+00:00
104-2-CS-T02A-L-1-,104,2,工學院,CS,資訊工程學系,T02A,L,碩士在職專班,1,,專題研究(二)-智慧型系統,2,必,60,3,,57,洪宗貝 殷堂凱 林文揚 黃健,,,,,,,"3,4",,"[{""day"": 6, ""dayName"": ""星期六"", ""periods"": [""3"", ""4""], ""raw"": ""3,4""}]",,,https://course.nuk.edu.tw/QueryCourse/tcontent.asp?OpenYear=104&Helf=2&Sclass=CS&Cono=T02A,2026-08-26T18:13:36+00:00
104-2-CS-T02B-L-1-,104,2,工學院,CS,資訊工程學系,T02B,L,碩士在職專班,1,,專題研究(二)-嵌入式系統,2,必,60,3,,57,潘欣泰 郭錦福 張保榮,,,,,,,"3,4",,"[{""day"": 6, ""dayName"": ""星期六"", ""periods"": [""3"", ""4""], ""raw"": ""3,4""}]",,,https://course.nuk.edu.tw/QueryCourse/tcontent.asp?OpenYear=104&Helf=2&Sclass=CS&Cono=T02B,2026-08-26T18:13:36+00:00
104-2-CS-T02D-L-1-,104,2,工學院,CS,資訊工程學系,T02D,L,碩士在職專班,1,,專題研究(二)-網路與多媒體,2,必,60,3,,57,吳俊興 陳建源 陳佳妍,,,,,,,"3,4",,"[{""day"": 6, ""dayName"": ""星期六"", ""periods"": [""3"", ""4""], ""raw"": ""3,4""}]",,,https://course.nuk.edu.tw/QueryCourse/tcontent.asp?OpenYear=104&Helf=2&Sclass=CS&Cono=T02D,2026-08-26T18:13:36+00:00
104-2-CS-T503-L-1-,104,2,工學院,CS,資訊工程學系,T503,L,碩士在職專班,1,,巨量資料分析,3,選,60,5,,55,林文揚,B01-202,,,,"10,11, 12",,,,"[{""day"": 4, ""dayName"": ""星期四"", ""periods"": [""10"", ""11"", ""12""], ""raw"": ""10,11, 12""}]",,,https://course.nuk.edu.tw/QueryCourse/tcontent.asp?OpenYear=104&Helf=2&Sclass=CS&Cono=T503,2026-08-26T18:13:36+00:00
104-2-CS-T541-L-1-,104,2,工學院,CS,資訊工程學系,T541,L,碩士在職專班,1,,網路安全,3,選,60,6,,54,陳建源,B01-202,,,,,"10,11, 12",,,"[{""day"": 5, ""dayName"": ""星期五"", ""periods"": [""10"", ""11"", ""12""], ""raw"": ""10,11, 12""}]",,,https://course.nuk.edu.tw/QueryCourse/tcontent.asp?OpenYear=104&Helf=2&Sclass=CS&Cono=T541,2026-08-26T18:13:36+00:00
104-2-CS-T562-L-1-,104,2,工學院,CS,資訊工程學系,T562,L,碩士在職專班,1,,虛擬化技術,3,選,30,8,,22,張保榮,B01-206-1,"10,11, 12",,,,,,,"[{""day"": 1, ""dayName"": ""星期一"", ""periods"": [""10"", ""11"", ""12""], ""raw"": ""10,11, 12""}]",,碩專一、二合開 隸屬雲端學程、巨量資料科技學程,https://course.nuk.edu.tw/QueryCourse/tcontent.asp?OpenYear=104&Helf=2&Sclass=CS&Cono=T562,2026-08-26T18:13:36+00:00
104-2-CS-T04A-L-2-,104,2,工學院,CS,資訊工程學系,T04A,L,碩士在職專班,2,,專題研究(四)-智慧型系統,2,必,60,4,,56,洪宗貝 殷堂凱 林文揚 黃健,,,,,,,"1,2",,"[{""day"": 6, ""dayName"": ""星期六"", ""periods"": [""1"", ""2""], ""raw"": ""1,2""}]",,,https://course.nuk.edu.tw/QueryCourse/tcontent.asp?OpenYear=104&Helf=2&Sclass=CS&Cono=T04A,2026-08-26T18:13:36+00:00
104-2-CS-T04B-L-2-,104,2,工學院,CS,資訊工程學系,T04B,L,碩士在職專班,2,,專題研究(四)-嵌入式系統,2,必,60,3,,57,潘欣泰 郭錦福 張保榮,,,,,,,"1,2",,"[{""day"": 6, ""dayName"": ""星期六"", ""periods"": [""1"", ""2""], ""raw"": ""1,2""}]",,,https://course.nuk.edu.tw/QueryCourse/tcontent.asp?OpenYear=104&Helf=2&Sclass=CS&Cono=T04B,2026-08-26T18:13:36+00:00
104-2-CS-T04D-L-2-,104,2,工學院,CS,資訊工程學系,T04D,L,碩士在職專班,2,,專題研究(四)-網路與多媒體,2,必,60,3,,57,吳俊興 陳建源 陳佳妍,,,,,,,"1,2",,"[{""day"": 6, ""dayName"": ""星期六"", ""periods"": [""1"", ""2""], ""raw"": ""1,2""}]",,,https://course.nuk.edu.tw/QueryCourse/tcontent.asp?OpenYear=104&Helf=2&Sclass=CS&Cono=T04D,2026-08-26T18:13:36+00:00
104-2-CS-T503-L-2-,104,2,工學院,CS,資訊工程學系,T503,L,碩士在職專班,2,,巨量資料分析,3,選,60,5,,55,林文揚,B01-202,,,,"10,11, 12",,,,"[{""day"": 4, ""dayName"": ""星期四"", ""periods"": [""10"", ""11"", ""12""], ""raw"": ""10,11, 12""}]",,,https://course.nuk.edu.tw/QueryCourse/tcontent.asp?OpenYear=104&Helf=2&Sclass=CS&Cono=T503,2026-08-26T18:13:36+00:00
104-2-CS-T541-L-2-,104,2,工學院,CS,資訊工程學系,T541,L,碩士在職專班,2,,網路安全,3,選,60,6,,54,陳建源,B01-202,,,,,"10,11, 12",,,"[{""day"": 5, ""dayName"": ""星期五"", ""periods"": [""10"", ""11"", ""12""], ""raw"": ""10,11, 12""}]",,,https://course.nuk.edu.tw/QueryCourse/tcontent.asp?OpenYear=104&Helf=2&Sclass=CS&Cono=T541,2026-08-26T18:13:36+00:00
104-2-CS-T562-L-2-,104,2,工學院,CS,資訊工程學系,T562,L,碩士在職專班,2,,虛擬化技術,3,選,30,8,,22,張保榮,B01-206-1,"10,11, 12",,,,,,,"[{""day"": 1, ""dayName"": ""星期一"", ""periods"": [""10"", ""11"", ""12""], ""raw"": ""10,11, 12""}]",,碩專一、二合開 隸屬雲端學程、巨量資料科技學程,https://course.nuk.edu.tw/QueryCourse/tcontent.asp?OpenYear=104&Helf=2&Sclass=CS&Cono=T562,2026-08-26T18:13:36+00:00
104-2-CS-F500-M-1-,104,2,工學院,CS,資訊工程學系,F500,M,碩士班,1,,教學實務演練(資訊工程學系),0,選,24,23,,1,殷堂凱,,,X,,,,,,"[{""day"": 2, ""dayName"": ""星期二"", ""periods"": [""X""], ""raw"": ""X""}]",外加,指定加簽，申請擔任學習型兼任教學助理之學生必須修習本課程。,https://course.nuk.edu.tw/QueryCourse/tcontent.asp?OpenYear=104&Helf=2&Sclass=CS&Cono=F500,2026-08-26T18:13:36+00:00
104-2-CS-F54B-M-1-,104,2,工學院,CS,資訊工程學系,F54B,M,碩士班,1,,書報討論(二),1,選,60,13,,47,黃健,,,,,"5,6",,,,"[{""day"": 4, ""dayName"": ""星期四"", ""periods"": [""5"", ""6""], ""raw"": ""5,6""}]",,,https://course.nuk.edu.tw/QueryCourse/tcontent.asp?OpenYear=104&Helf=2&Sclass=CS&Cono=F54B,2026-08-26T18:13:36+00:00
104-2-CS-F56B-M-1-,104,2,工學院,CS,資訊工程學系,F56B,M,碩士班,1,,專題研究(二)-智慧型系統,1,選,60,2,,58,洪宗貝 殷堂凱 林文揚 黃健,,,,,,,"12,13",,"[{""day"": 6, ""dayName"": ""星期六"", ""periods"": [""12"", ""13""], ""raw"": ""12,13""}]",,,https://course.nuk.edu.tw/QueryCourse/tcontent.asp?OpenYear=104&Helf=2&Sclass=CS&Cono=F56B,2026-08-26T18:13:36+00:00
104-2-CS-F57B-M-1-,104,2,工學院,CS,資訊工程學系,F57B,M,碩士班,1,,專題研究(二)-嵌入式系統,1,選,60,3,,57,潘欣泰 郭錦福 張保榮,,,,,,,"12,13",,"[{""day"": 6, ""dayName"": ""星期六"", ""periods"": [""12"", ""13""], ""raw"": ""12,13""}]",,,https://course.nuk.edu.tw/QueryCourse/tcontent.asp?OpenYear=104&Helf=2&Sclass=CS&Cono=F57B,2026-08-26T18:13:36+00:00
104-2-CS-F622-M-1-,104,2,工學院,CS,資訊工程學系,F622,M,碩士班,1,,嵌入式多核心系統與軟體,3,選,25,12,,13,郭錦福,B01-204,,,,"7,8, 9",,,,"[{""day"": 4, ""dayName"": ""星期四"", ""periods"": [""7"", ""8"", ""9""], ""raw"": ""7,8, 9""}]",外加 學程,四研合開 隸屬雲端學程、巨量資料科技學程,https://course.nuk.edu.tw/QueryCourse/tcontent.asp?OpenYear=104&Helf=2&Sclass=CS&Cono=F622,2026-08-26T18:13:36+00:00
104-2-CS-F661-M-1-,104,2,工學院,CS,資訊工程學系,F661,M,碩士班,1,,分散式系統,3,選,60,12,,48,吳俊興,B01-108,,,"2,3, 4",,,,,"[{""day"": 3, ""dayName"": ""星期三"", ""periods"": [""2"", ""3"", ""4""], ""raw"": ""2,3, 4""}]",學程,四研合開 隸屬雲端學程、巨量資料科技學程,https://course.nuk.edu.tw/QueryCourse/tcontent.asp?OpenYear=104&Helf=2&Sclass=CS&Cono=F661,2026-08-26T18:13:36+00:00
104-2-CS-F663-M-1-,104,2,工學院,CS,資訊工程學系,F663,M,碩士班,1,,智慧型系統,3,選,25,25,,0,張保榮,B01-200,,"5,6, 7",,,,,,"[{""day"": 2, ""dayName"": ""星期二"", ""periods"": [""5"", ""6"", ""7""], ""raw"": ""5,6, 7""}]",外加 學程,四研合開 隸屬雲端學程、巨量資料科技學程,https://course.nuk.edu.tw/QueryCourse/tcontent.asp?OpenYear=104&Helf=2&Sclass=CS&Cono=F663,2026-08-26T18:13:36+00:00
104-2-CS-F681-M-1-,104,2,工學院,CS,資訊工程學系,F681,M,碩士班,1,,計算機結構,3,選,20,14,,6,郭錦福,B01-204,,,"6,7, 8",,,,,"[{""day"": 3, ""dayName"": ""星期三"", ""periods"": [""6"", ""7"", ""8""], ""raw"": ""6,7, 8""}]",外加,四研合開,https://course.nuk.edu.tw/QueryCourse/tcontent.asp?OpenYear=104&Helf=2&Sclass=CS&Cono=F681,2026-08-26T18:13:36+00:00
104-2-CS-F701-M-1-,104,2,工學院,CS,資訊工程學系,F701,M,碩士班,1,,擴增實境,3,選,30,17,,13,陳佳妍,B01-206-1,,"2,3, 4",,,,,,"[{""day"": 2, ""dayName"": ""星期二"", ""periods"": [""2"", ""3"", ""4""], ""raw"": ""2,3, 4""}]",,四研合開；全英語授課,https://course.nuk.edu.tw/QueryCourse/tcontent.asp?OpenYear=104&Helf=2&Sclass=CS&Cono=F701,2026-08-26T18:13:36+00:00
104-2-CS-F702-M-1-,104,2,工學院,CS,資訊工程學系,F702,M,碩士班,1,,虛擬化技術,3,選,30,28,,2,張保榮,B01-206-1,"6,7, 8",,,,,,,"[{""day"": 1, ""dayName"": ""星期一"", ""periods"": [""6"", ""7"", ""8""], ""raw"": ""6,7, 8""}]",外加 學程,四研合開 隸屬雲端學程、巨量資料科技學程,https://course.nuk.edu.tw/QueryCourse/tcontent.asp?OpenYear=104&Helf=2&Sclass=CS&Cono=F702,2026-08-26T18:13:36+00:00
104-2-CS-F703-M-1-,104,2,工學院,CS,資訊工程學系,F703,M,碩士班,1,,SDN/NFV核心網路,3,選,60,4,,56,嚴力行,B01-206,,,"5,6, 7",,,,,"[{""day"": 3, ""dayName"": ""星期三"", ""periods"": [""5"", ""6"", ""7""], ""raw"": ""5,6, 7""}]",,四研合開，嚴力行老師,https://course.nuk.edu.tw/QueryCourse/tcontent.asp?OpenYear=104&Helf=2&Sclass=CS&Cono=F703,2026-08-26T18:13:36+00:00
104-2-CS-F72B-M-1-,104,2,工學院,CS,資訊工程學系,F72B,M,碩士班,1,,專題研究(二)─網路與多媒體,1,選,60,3,,57,吳俊興 陳建源 陳佳妍,,,,,,,"12,13",,"[{""day"": 6, ""dayName"": ""星期六"", ""periods"": [""12"", ""13""], ""raw"": ""12,13""}]",,,https://course.nuk.edu.tw/QueryCourse/tcontent.asp?OpenYear=104&Helf=2&Sclass=CS&Cono=F72B,2026-08-26T18:13:36+00:00
104-2-CS-F732-M-1-,104,2,工學院,CS,資訊工程學系,F732,M,碩士班,1,,巨量資料分析,3,選,30,21,,9,楊新章 張保榮,B01-206-1,"2,3, 4",,,,,,,"[{""day"": 1, ""dayName"": ""星期一"", ""periods"": [""2"", ""3"", ""4""], ""raw"": ""2,3, 4""}]",學程,四研合開 隸屬雲端學程、巨量資料科技學程,https://course.nuk.edu.tw/QueryCourse/tcontent.asp?OpenYear=104&Helf=2&Sclass=CS&Cono=F732,2026-08-26T18:13:36+00:00
104-2-CS-G511-M-1-,104,2,工學院,CS,資訊工程學系,G511,M,碩士班,1,,科技論文寫作,3,選,15,12,,3,林文揚,B01-202,,,,"2,3, 4",,,,"[{""day"": 4, ""dayName"": ""星期四"", ""periods"": [""2"", ""3"", ""4""], ""raw"": ""2,3, 4""}]",限修,,https://course.nuk.edu.tw/QueryCourse/tcontent.asp?OpenYear=104&Helf=2&Sclass=CS&Cono=G511,2026-08-26T18:13:36+00:00
104-2-CS-F54D-M-2-,104,2,工學院,CS,資訊工程學系,F54D,M,碩士班,2,,書報討論(四),1,選,60,16,,44,洪宗貝 林文揚 潘欣泰 張保榮,,,,,"5,6",,,,"[{""day"": 4, ""dayName"": ""星期四"", ""periods"": [""5"", ""6""], ""raw"": ""5,6""}]",,,https://course.nuk.edu.tw/QueryCourse/tcontent.asp?OpenYear=104&Helf=2&Sclass=CS&Cono=F54D,2026-08-26T18:13:36+00:00
104-2-CS-F56D-M-2-,104,2,工學院,CS,資訊工程學系,F56D,M,碩士班,2,,專題研究(四)-智慧型系統,1,選,60,4,,56,洪宗貝 殷堂凱 林文揚 黃健,,,,,,,"10,11",,"[{""day"": 6, ""dayName"": ""星期六"", ""periods"": [""10"", ""11""], ""raw"": ""10,11""}]",,,https://course.nuk.edu.tw/QueryCourse/tcontent.asp?OpenYear=104&Helf=2&Sclass=CS&Cono=F56D,2026-08-26T18:13:36+00:00
104-2-CS-F57D-M-2-,104,2,工學院,CS,資訊工程學系,F57D,M,碩士班,2,,專題研究(四)-嵌入式系統,1,選,60,3,,57,潘欣泰 郭錦福 張保榮,,,,,,,"10,11",,"[{""day"": 6, ""dayName"": ""星期六"", ""periods"": [""10"", ""11""], ""raw"": ""10,11""}]",,,https://course.nuk.edu.tw/QueryCourse/tcontent.asp?OpenYear=104&Helf=2&Sclass=CS&Cono=F57D,2026-08-26T18:13:36+00:00
104-2-CS-F622-M-2-,104,2,工學院,CS,資訊工程學系,F622,M,碩士班,2,,嵌入式多核心系統與軟體,3,選,25,12,,13,郭錦福,B01-204,,,,"7,8, 9",,,,"[{""day"": 4, ""dayName"": ""星期四"", ""periods"": [""7"", ""8"", ""9""], ""raw"": ""7,8, 9""}]",學程,四研合開 隸屬雲端學程、巨量資料科技學程,https://course.nuk.edu.tw/QueryCourse/tcontent.asp?OpenYear=104&Helf=2&Sclass=CS&Cono=F622,2026-08-26T18:13:36+00:00
104-2-CS-F661-M-2-,104,2,工學院,CS,資訊工程學系,F661,M,碩士班,2,,分散式系統,3,選,60,12,,48,吳俊興,B01-108,,,"2,3, 4",,,,,"[{""day"": 3, ""dayName"": ""星期三"", ""periods"": [""2"", ""3"", ""4""], ""raw"": ""2,3, 4""}]",學程,四研合開 隸屬雲端學程、巨量資料科技學程,https://course.nuk.edu.tw/QueryCourse/tcontent.asp?OpenYear=104&Helf=2&Sclass=CS&Cono=F661,2026-08-26T18:13:36+00:00
104-2-CS-F663-M-2-,104,2,工學院,CS,資訊工程學系,F663,M,碩士班,2,,智慧型系統,3,選,25,25,,0,張保榮,B01-200,,"5,6, 7",,,,,,"[{""day"": 2, ""dayName"": ""星期二"", ""periods"": [""5"", ""6"", ""7""], ""raw"": ""5,6, 7""}]",外加 學程,四研合開 隸屬雲端學程、巨量資料科技學程,https://course.nuk.edu.tw/QueryCourse/tcontent.asp?OpenYear=104&Helf=2&Sclass=CS&Cono=F663,2026-08-26T18:13:36+00:00
104-2-CS-F681-M-2-,104,2,工學院,CS,資訊工程學系,F681,M,碩士班,2,,計算機結構,3,選,20,14,,6,郭錦福,B01-204,,,"6,7, 8",,,,,"[{""day"": 3, ""dayName"": ""星期三"", ""periods"": [""6"", ""7"", ""8""], ""raw"": ""6,7, 8""}]",,四研合開,https://course.nuk.edu.tw/QueryCourse/tcontent.asp?OpenYear=104&Helf=2&Sclass=CS&Cono=F681,2026-08-26T18:13:36+00:00
104-2-CS-F701-M-2-,104,2,工學院,CS,資訊工程學系,F701,M,碩士班,2,,擴增實境,3,選,30,17,,13,陳佳妍,B01-206-1,,"2,3, 4",,,,,,"[{""day"": 2, ""dayName"": ""星期二"", ""periods"": [""2"", ""3"", ""4""], ""raw"": ""2,3, 4""}]",,四研合開；全英語授課,https://course.nuk.edu.tw/QueryCourse/tcontent.asp?OpenYear=104&Helf=2&Sclass=CS&Cono=F701,2026-08-26T18:13:36+00:00
104-2-CS-F702-M-2-,104,2,工學院,CS,資訊工程學系,F702,M,碩士班,2,,虛擬化技術,3,選,30,28,,2,張保榮,B01-206-1,"6,7, 8",,,,,,,"[{""day"": 1, ""dayName"": ""星期一"", ""periods"": [""6"", ""7"", ""8""], ""raw"": ""6,7, 8""}]",學程,四研合開 隸屬雲端學程、巨量資料科技學程,https://course.nuk.edu.tw/QueryCourse/tcontent.asp?OpenYear=104&Helf=2&Sclass=CS&Cono=F702,2026-08-26T18:13:36+00:00
104-2-CS-F703-M-2-,104,2,工學院,CS,資訊工程學系,F703,M,碩士班,2,,SDN/NFV核心網路,3,選,60,4,,56,嚴力行,B01-206,,,"5,6, 7",,,,,"[{""day"": 3, ""dayName"": ""星期三"", ""periods"": [""5"", ""6"", ""7""], ""raw"": ""5,6, 7""}]",,四研合開，嚴力行老師,https://course.nuk.edu.tw/QueryCourse/tcontent.asp?OpenYear=104&Helf=2&Sclass=CS&Cono=F703,2026-08-26T18:13:36+00:00
104-2-CS-F72D-M-2-,104,2,工學院,CS,資訊工程學系,F72D,M,碩士班,2,,專題研究(四)─網路與多媒體,1,選,60,3,,57,吳俊興 陳建源 陳佳妍,,,,,,,"10,11",,"[{""day"": 6, ""dayName"": ""星期六"", ""periods"": [""10"", ""11""], ""raw"": ""10,11""}]",,,https://course.nuk.edu.tw/QueryCourse/tcontent.asp?OpenYear=104&Helf=2&Sclass=CS&Cono=F72D,2026-08-26T18:13:36+00:00
104-2-CS-F732-M-2-,104,2,工學院,CS,資訊工程學系,F732,M,碩士班,2,,巨量資料分析,3,選,30,21,,9,楊新章 張保榮,B01-206-1,"2,3, 4",,,,,,,"[{""day"": 1, ""dayName"": ""星期一"", ""periods"": [""2"", ""3"", ""4""], ""raw"": ""2,3, 4""}]",外加 學程,四研合開 隸屬雲端學程、巨量資料科技學程,https://course.nuk.edu.tw/QueryCourse/tcontent.asp?OpenYear=104&Helf=2&Sclass=CS&Cono=F732,2026-08-26T18:13:36+00:00
104-2-CS-G511-M-2-,104,2,工學院,CS,資訊工程學系,G511,M,碩士班,2,,科技論文寫作,3,選,15,12,,3,林文揚,B01-202,,,,"2,3, 4",,,,"[{""day"": 4, ""dayName"": ""星期四"", ""periods"": [""2"", ""3"", ""4""], ""raw"": ""2,3, 4""}]",限修,,https://course.nuk.edu.tw/QueryCourse/tcontent.asp?OpenYear=104&Helf=2&Sclass=CS&Cono=G511,2026-08-26T18:13:36+00:00
104-2-EE-A01B-A-1-A,104,2,工學院,EE,電機工程學系,A01B,A,大學部,1,A,計算機概論(二),3,必,68,68,,0,吳志宏,L01-108,,"2,3, 4",,,,,,"[{""day"": 2, ""dayName"": ""星期二"", ""periods"": [""2"", ""3"", ""4""], ""raw"": ""2,3, 4""}]",限修及外加,一A，使用圖資L01-108電腦教室,https://course.nuk.edu.tw/QueryCourse/tcontent.asp?OpenYear=104&Helf=2&Sclass=EE&Cono=A01B,2026-08-26T18:13:36+00:00
104-2-EE-A01D-A-1-B,104,2,工學院,EE,電機工程學系,A01D,A,大學部,1,B,計算機概論(二),3,必,64,64,,0,吳志宏,L01-108,"2,3, 4",,,,,,,"[{""day"": 1, ""dayName"": ""星期一"", ""periods"": [""2"", ""3"", ""4""], ""raw"": ""2,3, 4""}]",限修及外加,一B，使用圖資L01-108電腦教室,https://course.nuk.edu.tw/QueryCourse/tcontent.asp?OpenYear=104&Helf=2&Sclass=EE&Cono=A01D,2026-08-26T18:13:36+00:00
104-2-EE-A02B-A-1-A,104,2,工學院,EE,電機工程學系,A02B,A,大學部,1,A,普通物理學(二),3,必,70,65,,5,郭馨徽,C01-B104,,,,"2,3, 4",,,,"[{""day"": 4, ""dayName"": ""星期四"", ""periods"": [""2"", ""3"", ""4""], ""raw"": ""2,3, 4""}]",限修,"一A,使用工學院B1大教室",https://course.nuk.edu.tw/QueryCourse/tcontent.asp?OpenYear=104&Helf=2&Sclass=EE&Cono=A02B,2026-08-26T18:13:36+00:00
104-2-EE-A02D-A-1-B,104,2,工學院,EE,電機工程學系,A02D,A,大學部,1,B,普通物理學(二),3,必,75,75,,0,馮瑞陽,C01-B103,,,,"6,7, 8",,,,"[{""day"": 4, ""dayName"": ""星期四"", ""periods"": [""6"", ""7"", ""8""], ""raw"": ""6,7, 8""}]",限修及外加,"一B,使用工學院B1大教室",https://course.nuk.edu.tw/QueryCourse/tcontent.asp?OpenYear=104&Helf=2&Sclass=EE&Cono=A02D,2026-08-26T18:13:36+00:00
104-2-EE-A03B-A-1-A,104,2,工學院,EE,電機工程學系,A03B,A,大學部,1,A,普通物理學實驗(二),1,必,70,54,,16,施明昌,C01-211 其他教室,,"10,11, 12",,,,,,"[{""day"": 2, ""dayName"": ""星期二"", ""periods"": [""10"", ""11"", ""12""], ""raw"": ""10,11, 12""}]",限修,"一A，使用C01-211,C01-212普通物理實驗室",https://course.nuk.edu.tw/QueryCourse/tcontent.asp?OpenYear=104&Helf=2&Sclass=EE&Cono=A03B,2026-08-26T18:13:36+00:00
104-2-EE-A03D-A-1-B,104,2,工學院,EE,電機工程學系,A03D,A,大學部,1,B,普通物理學實驗(二),1,必,70,55,,15,施明昌,C01-211 其他教室,,,"10,11, 12",,,,,"[{""day"": 3, ""dayName"": ""星期三"", ""periods"": [""10"", ""11"", ""12""], ""raw"": ""10,11, 12""}]",限修,"一B，使用C01-211,C01-212普通物理實驗室",https://course.nuk.edu.tw/QueryCourse/tcontent.asp?OpenYear=104&Helf=2&Sclass=EE&Cono=A03D,2026-08-26T18:13:36+00:00
104-2-EE-A04B-A-1-A,104,2,工學院,EE,電機工程學系,A04B,A,大學部,1,A,微積分(二),3,必,72,53,,19,鄧卜華,C01-B104,,,,,"6,7, 8",,,"[{""day"": 5, ""dayName"": ""星期五"", ""periods"": [""6"", ""7"", ""8""], ""raw"": ""6,7, 8""}]",限修及外加,一A,https://course.nuk.edu.tw/QueryCourse/tcontent.asp?OpenYear=104&Helf=2&Sclass=EE&Cono=A04B,2026-08-26T18:13:36+00:00
104-2-EE-A052-A-1-A,104,2,工學院,EE,電機工程學系,A052,A,大學部,1,A,數位邏輯實驗,1,必,60,45,,15,洪進華,C01-201,,,"10,11, 12",,,,,"[{""day"": 3, ""dayName"": ""星期三"", ""periods"": [""10"", ""11"", ""12""], ""raw"": ""10,11, 12""}]",限修,一A，使用C01-201教室,https://course.nuk.edu.tw/QueryCourse/tcontent.asp?OpenYear=104&Helf=2&Sclass=EE&Cono=A052,2026-08-26T18:13:36+00:00
104-2-EE-A053-A-1-B,104,2,工學院,EE,電機工程學系,A053,A,大學部,1,B,數位邏輯實驗,1,必,60,59,,1,洪進華,C01-201,,"10,11, 12",,,,,,"[{""day"": 2, ""dayName"": ""星期二"", ""periods"": [""10"", ""11"", ""12""], ""raw"": ""10,11, 12""}]",限修,一B，使用C01-201教室,https://course.nuk.edu.tw/QueryCourse/tcontent.asp?OpenYear=104&Helf=2&Sclass=EE&Cono=A053,2026-08-26T18:13:36+00:00
104-2-EE-A061-A-1-A,104,2,工學院,EE,電機工程學系,A061,A,大學部,1,A,工程數學(一)(線性代數),3,必,82,66,,16,龐一心,B01-204,,"5,6, 7",,,,,,"[{""day"": 2, ""dayName"": ""星期二"", ""periods"": [""5"", ""6"", ""7""], ""raw"": ""5,6, 7""}]",限修及外加,一A，使用工學院B1大教室,https://course.nuk.edu.tw/QueryCourse/tcontent.asp?OpenYear=104&Helf=2&Sclass=EE&Cono=A061,2026-08-26T18:13:36+00:00
104-2-EE-A062-A-1-B,104,2,工學院,EE,電機工程學系,A062,A,大學部,1,B,工程數學(一)(線性代數),3,必,80,58,,22,黃祥哲,C01-B103,,"5,6, 7",,,,,,"[{""day"": 2, ""dayName"": ""星期二"", ""periods"": [""5"", ""6"", ""7""], ""raw"": ""5,6, 7""}]",限修,一B，使用工學院B1大教室,https://course.nuk.edu.tw/QueryCourse/tcontent.asp?OpenYear=104&Helf=2&Sclass=EE&Cono=A062,2026-08-26T18:13:36+00:00
104-2-EE-A10B-A-1-B,104,2,工學院,EE,電機工程學系,A10B,A,大學部,1,B,微積分(二),3,必,70,59,,11,鄧卜華,C01-B104,,,,,"2,3, 4",,,"[{""day"": 5, ""dayName"": ""星期五"", ""periods"": [""2"", ""3"", ""4""], ""raw"": ""2,3, 4""}]",限修,一B,https://course.nuk.edu.tw/QueryCourse/tcontent.asp?OpenYear=104&Helf=2&Sclass=EE&Cono=A10B,2026-08-26T18:13:36+00:00
104-2-EE-B01B-A-2-A,104,2,工學院,EE,電機工程學系,B01B,A,大學部,2,A,電路學(二),3,必,70,27,,43,江德光,C01-106,,,"2,3, 4",,,,,"[{""day"": 3, ""dayName"": ""星期三"", ""periods"": [""2"", ""3"", ""4""], ""raw"": ""2,3, 4""}]",限修,二A,https://course.nuk.edu.tw/QueryCourse/tcontent.asp?OpenYear=104&Helf=2&Sclass=EE&Cono=B01B,2026-08-26T18:13:36+00:00
104-2-EE-B01D-A-2-B,104,2,工學院,EE,電機工程學系,B01D,A,大學部,2,B,電路學(二),3,必,70,64,,6,陳春僥,C01-B103,,"2,3, 4",,,,,,"[{""day"": 2, ""dayName"": ""星期二"", ""periods"": [""2"", ""3"", ""4""], ""raw"": ""2,3, 4""}]",限修,二B,https://course.nuk.edu.tw/QueryCourse/tcontent.asp?OpenYear=104&Helf=2&Sclass=EE&Cono=B01D,2026-08-26T18:13:36+00:00
104-2-EE-B02B-A-2-B,104,2,工學院,EE,電機工程學系,B02B,A,大學部,2,B,電子學(二),3,必,103,103,,0,吳松茂,C01-B103,,,"2,3, 4",,,,,"[{""day"": 3, ""dayName"": ""星期三"", ""periods"": [""2"", ""3"", ""4""], ""raw"": ""2,3, 4""}]",限修及外加,二B,https://course.nuk.edu.tw/QueryCourse/tcontent.asp?OpenYear=104&Helf=2&Sclass=EE&Cono=B02B,2026-08-26T18:13:36+00:00
104-2-EE-B02D-A-2-A,104,2,工學院,EE,電機工程學系,B02D,A,大學部,2,A,電子學(二),3,必,70,52,,18,洪進華,C01-106,,,,"2,3, 4",,,,"[{""day"": 4, ""dayName"": ""星期四"", ""periods"": [""2"", ""3"", ""4""], ""raw"": ""2,3, 4""}]",限修,二A,https://course.nuk.edu.tw/QueryCourse/tcontent.asp?OpenYear=104&Helf=2&Sclass=EE&Cono=B02D,2026-08-26T18:13:36+00:00
104-2-EE-B04B-A-2-A,104,2,工學院,EE,電機工程學系,B04B,A,大學部,2,A,電子電路工程實驗(二),1,必,61,46,,15,江德光,C01-301-1,,,,"10,11, 12",,,,"[{""day"": 4, ""dayName"": ""星期四"", ""periods"": [""10"", ""11"", ""12""], ""raw"": ""10,11, 12""}]",限修及外加,二A，使用C01-301-1實驗室,https://course.nuk.edu.tw/QueryCourse/tcontent.asp?OpenYear=104&Helf=2&Sclass=EE&Cono=B04B,2026-08-26T18:13:36+00:00
104-2-EE-B04D-A-2-B,104,2,工學院,EE,電機工程學系,B04D,A,大學部,2,B,電子電路工程實驗(二),1,必,62,55,,7,陳春僥,C01-301-1,,,,"5,6, 7",,,,"[{""day"": 4, ""dayName"": ""星期四"", ""periods"": [""5"", ""6"", ""7""], ""raw"": ""5,6, 7""}]",限修,二B，使用C01-301-1實驗室,https://course.nuk.edu.tw/QueryCourse/tcontent.asp?OpenYear=104&Helf=2&Sclass=EE&Cono=B04D,2026-08-26T18:13:36+00:00
104-2-EE-B05B-A-2-A,104,2,工學院,EE,電機工程學系,B05B,A,大學部,2,A,電磁學(二),3,必,70,63,,7,郭馨徽,C01-B104,,,,"6,7, 8",,,,"[{""day"": 4, ""dayName"": ""星期四"", ""periods"": [""6"", ""7"", ""8""], ""raw"": ""6,7, 8""}]",限修,"二A,使用工學院B1大教室",https://course.nuk.edu.tw/QueryCourse/tcontent.asp?OpenYear=104&Helf=2&Sclass=EE&Cono=B05B,2026-08-26T18:13:36+00:00
104-2-EE-B05D-A-2-B,104,2,工學院,EE,電機工程學系,B05D,A,大學部,2,B,電磁學(二),3,必,76,75,,1,龐一心,C01-B103,,,,"2,3, 4",,,,"[{""day"": 4, ""dayName"": ""星期四"", ""periods"": [""2"", ""3"", ""4""], ""raw"": ""2,3, 4""}]",限修及外加,"二B,使用工學院B1大教室",https://course.nuk.edu.tw/QueryCourse/tcontent.asp?OpenYear=104&Helf=2&Sclass=EE&Cono=B05D,2026-08-26T18:13:36+00:00
104-2-EE-B551-A-2-A,104,2,工學院,EE,電機工程學系,B551,A,大學部,2,A,近代光學,3,選,80,56,,24,施明昌,C01-B103,,,"7,8, 9",,,,,"[{""day"": 3, ""dayName"": ""星期三"", ""periods"": [""7"", ""8"", ""9""], ""raw"": ""7,8, 9""}]",,二AB合開，使用工學院B1大教室,https://course.nuk.edu.tw/QueryCourse/tcontent.asp?OpenYear=104&Helf=2&Sclass=EE&Cono=B551,2026-08-26T18:13:36+00:00
104-2-EE-B551-A-2-B,104,2,工學院,EE,電機工程學系,B551,A,大學部,2,B,近代光學,3,選,80,56,,24,施明昌,C01-B103,,,"7,8, 9",,,,,"[{""day"": 3, ""dayName"": ""星期三"", ""periods"": [""7"", ""8"", ""9""], ""raw"": ""7,8, 9""}]",,二AB合開，使用工學院B1大教室,https://course.nuk.edu.tw/QueryCourse/tcontent.asp?OpenYear=104&Helf=2&Sclass=EE&Cono=B551,2026-08-26T18:13:36+00:00
104-2-EE-B561-A-2-A,104,2,工學院,EE,電機工程學系,B561,A,大學部,2,A,工程數學三(複變函數),3,選,95,93,,2,張文騰,C01-B104,"2,3, 4",,,,,,,"[{""day"": 1, ""dayName"": ""星期一"", ""periods"": [""2"", ""3"", ""4""], ""raw"": ""2,3, 4""}]",,二AB合開,https://course.nuk.edu.tw/QueryCourse/tcontent.asp?OpenYear=104&Helf=2&Sclass=EE&Cono=B561,2026-08-26T18:13:36+00:00
104-2-EE-B561-A-2-B,104,2,工學院,EE,電機工程學系,B561,A,大學部,2,B,工程數學三(複變函數),3,選,95,93,,2,張文騰,C01-B104,"2,3, 4",,,,,,,"[{""day"": 1, ""dayName"": ""星期一"", ""periods"": [""2"", ""3"", ""4""], ""raw"": ""2,3, 4""}]",,二AB合開,https://course.nuk.edu.tw/QueryCourse/tcontent.asp?OpenYear=104&Helf=2&Sclass=EE&Cono=B561,2026-08-26T18:13:36+00:00
104-2-EE-C751-A-2-A,104,2,工學院,EE,電機工程學系,C751,A,大學部,2,A,組合語言,3,選,60,19,,41,梁明正,C01-201,"2,3, 4",,,,,,,"[{""day"": 1, ""dayName"": ""星期一"", ""periods"": [""2"", ""3"", ""4""], ""raw"": ""2,3, 4""}]",,二AB合開，使用C01-201 實驗室,https://course.nuk.edu.tw/QueryCourse/tcontent.asp?OpenYear=104&Helf=2&Sclass=EE&Cono=C751,2026-08-26T18:13:36+00:00
104-2-EE-C751-A-2-B,104,2,工學院,EE,電機工程學系,C751,A,大學部,2,B,組合語言,3,選,60,19,,41,梁明正,C01-201,"2,3, 4",,,,,,,"[{""day"": 1, ""dayName"": ""星期一"", ""periods"": [""2"", ""3"", ""4""], ""raw"": ""2,3, 4""}]",,二AB合開，使用C01-201 實驗室,https://course.nuk.edu.tw/QueryCourse/tcontent.asp?OpenYear=104&Helf=2&Sclass=EE&Cono=C751,2026-08-26T18:13:36+00:00
104-2-EE-C761-A-2-A,104,2,工學院,EE,電機工程學系,C761,A,大學部,2,A,資料結構,3,選,80,80,,0,蕭培墉,L01-108,,"5,6, 7",,,,,,"[{""day"": 2, ""dayName"": ""星期二"", ""periods"": [""5"", ""6"", ""7""], ""raw"": ""5,6, 7""}]",外加,二AB，使用L01-108電腦教室,https://course.nuk.edu.tw/QueryCourse/tcontent.asp?OpenYear=104&Helf=2&Sclass=EE&Cono=C761,2026-08-26T18:13:36+00:00
104-2-EE-C761-A-2-B,104,2,工學院,EE,電機工程學系,C761,A,大學部,2,B,資料結構,3,選,80,80,,0,蕭培墉,L01-108,,"5,6, 7",,,,,,"[{""day"": 2, ""dayName"": ""星期二"", ""periods"": [""5"", ""6"", ""7""], ""raw"": ""5,6, 7""}]",,二AB，使用L01-108電腦教室,https://course.nuk.edu.tw/QueryCourse/tcontent.asp?OpenYear=104&Helf=2&Sclass=EE&Cono=C761,2026-08-26T18:13:36+00:00
104-2-EE-C117-A-3-A,104,2,工學院,EE,電機工程學系,C117,A,大學部,3,A,電機實務專題(一)_光電與資訊,1,必,7,7,,0,郭馨徽,,,,,,,"2,3, 4",,"[{""day"": 6, ""dayName"": ""星期六"", ""periods"": [""2"", ""3"", ""4""], ""raw"": ""2,3, 4""}]",外加,指導教授指定外加,https://course.nuk.edu.tw/QueryCourse/tcontent.asp?OpenYear=104&Helf=2&Sclass=EE&Cono=C117,2026-08-26T18:13:36+00:00
104-2-EE-C117-A-3-B,104,2,工學院,EE,電機工程學系,C117,A,大學部,3,B,電機實務專題(一)_光電與資訊,1,必,7,7,,0,郭馨徽,,,,,,,"2,3, 4",,"[{""day"": 6, ""dayName"": ""星期六"", ""periods"": [""2"", ""3"", ""4""], ""raw"": ""2,3, 4""}]",外加,指導教授指定外加,https://course.nuk.edu.tw/QueryCourse/tcontent.asp?OpenYear=104&Helf=2&Sclass=EE&Cono=C117,2026-08-26T18:13:36+00:00
104-2-EE-C11A-A-3-A,104,2,工學院,EE,電機工程學系,C11A,A,大學部,3,A,電機實務專題(一)_微電子領域(I),1,必,6,7,,0,陳春僥,,,,,,,"2,3, 4",,"[{""day"": 6, ""dayName"": ""星期六"", ""periods"": [""2"", ""3"", ""4""], ""raw"": ""2,3, 4""}]",外加,指導教授指定外加,https://course.nuk.edu.tw/QueryCourse/tcontent.asp?OpenYear=104&Helf=2&Sclass=EE&Cono=C11A,2026-08-26T18:13:36+00:00
104-2-EE-C11A-A-3-B,104,2,工學院,EE,電機工程學系,C11A,A,大學部,3,B,電機實務專題(一)_微電子領域(I),1,必,7,7,,0,陳春僥,,,,,,,"2,3, 4",,"[{""day"": 6, ""dayName"": ""星期六"", ""periods"": [""2"", ""3"", ""4""], ""raw"": ""2,3, 4""}]",外加,指導教授指定外加,https://course.nuk.edu.tw/QueryCourse/tcontent.asp?OpenYear=104&Helf=2&Sclass=EE&Cono=C11A,2026-08-26T18:13:36+00:00
104-2-EE-C11E-A-3-A,104,2,工學院,EE,電機工程學系,C11E,A,大學部,3,A,電機實務專題(一)_通訊領域(I),1,必,6,6,,0,黃祥哲 龐一心,,,,,,,"2,3, 4",,"[{""day"": 6, ""dayName"": ""星期六"", ""periods"": [""2"", ""3"", ""4""], ""raw"": ""2,3, 4""}]",外加,指導教授指定外加,https://course.nuk.edu.tw/QueryCourse/tcontent.asp?OpenYear=104&Helf=2&Sclass=EE&Cono=C11E,2026-08-26T18:13:36+00:00
104-2-EE-C11E-A-3-B,104,2,工學院,EE,電機工程學系,C11E,A,大學部,3,B,電機實務專題(一)_通訊領域(I),1,必,5,6,,0,黃祥哲 龐一心,,,,,,,"2,3, 4",,"[{""day"": 6, ""dayName"": ""星期六"", ""periods"": [""2"", ""3"", ""4""], ""raw"": ""2,3, 4""}]",外加,指導教授指定外加,https://course.nuk.edu.tw/QueryCourse/tcontent.asp?OpenYear=104&Helf=2&Sclass=EE&Cono=C11E,2026-08-26T18:13:36+00:00
104-2-EE-C11F-A-3-A,104,2,工學院,EE,電機工程學系,C11F,A,大學部,3,A,電機實務專題(一)_通訊領域(II),1,必,9,9,,0,梁明正 鄧卜華,,,,,,,"2,3, 4",,"[{""day"": 6, ""dayName"": ""星期六"", ""periods"": [""2"", ""3"", ""4""], ""raw"": ""2,3, 4""}]",外加,指導教授指定外加,https://course.nuk.edu.tw/QueryCourse/tcontent.asp?OpenYear=104&Helf=2&Sclass=EE&Cono=C11F,2026-08-26T18:13:36+00:00
104-2-EE-C11F-A-3-B,104,2,工學院,EE,電機工程學系,C11F,A,大學部,3,B,電機實務專題(一)_通訊領域(II),1,必,9,9,,0,梁明正 鄧卜華,,,,,,,"2,3, 4",,"[{""day"": 6, ""dayName"": ""星期六"", ""periods"": [""2"", ""3"", ""4""], ""raw"": ""2,3, 4""}]",外加,指導教授指定外加,https://course.nuk.edu.tw/QueryCourse/tcontent.asp?OpenYear=104&Helf=2&Sclass=EE&Cono=C11F,2026-08-26T18:13:36+00:00
104-2-EE-C11G-A-3-A,104,2,工學院,EE,電機工程學系,C11G,A,大學部,3,A,電機實務專題(一)_光電領域(I),1,必,15,16,,0,施明昌 藍文厚,,,,,,,"2,3, 4",,"[{""day"": 6, ""dayName"": ""星期六"", ""periods"": [""2"", ""3"", ""4""], ""raw"": ""2,3, 4""}]",外加,指導教授指定外加,https://course.nuk.edu.tw/QueryCourse/tcontent.asp?OpenYear=104&Helf=2&Sclass=EE&Cono=C11G,2026-08-26T18:13:36+00:00
104-2-EE-C11G-A-3-B,104,2,工學院,EE,電機工程學系,C11G,A,大學部,3,B,電機實務專題(一)_光電領域(I),1,必,16,16,,0,施明昌 藍文厚,,,,,,,"2,3, 4",,"[{""day"": 6, ""dayName"": ""星期六"", ""periods"": [""2"", ""3"", ""4""], ""raw"": ""2,3, 4""}]",外加,指導教授指定外加,https://course.nuk.edu.tw/QueryCourse/tcontent.asp?OpenYear=104&Helf=2&Sclass=EE&Cono=C11G,2026-08-26T18:13:36+00:00
104-2-EE-C11I-A-3-A,104,2,工學院,EE,電機工程學系,C11I,A,大學部,3,A,電機實務專題(一)_微電子與資訊(I),1,必,24,18,,6,洪進華 廖述銘,,,,,,,"2,3, 4",,"[{""day"": 6, ""dayName"": ""星期六"", ""periods"": [""2"", ""3"", ""4""], ""raw"": ""2,3, 4""}]",外加,指導教授指定外加,https://course.nuk.edu.tw/QueryCourse/tcontent.asp?OpenYear=104&Helf=2&Sclass=EE&Cono=C11I,2026-08-26T18:13:36+00:00
104-2-EE-C11I-A-3-B,104,2,工學院,EE,電機工程學系,C11I,A,大學部,3,B,電機實務專題(一)_微電子與資訊(I),1,必,24,18,,6,洪進華 廖述銘,,,,,,,"2,3, 4",,"[{""day"": 6, ""dayName"": ""星期六"", ""periods"": [""2"", ""3"", ""4""], ""raw"": ""2,3, 4""}]",外加,指導教授指定外加,https://course.nuk.edu.tw/QueryCourse/tcontent.asp?OpenYear=104&Helf=2&Sclass=EE&Cono=C11I,2026-08-26T18:13:36+00:00
104-2-EE-C11J-A-3-A,104,2,工學院,EE,電機工程學系,C11J,A,大學部,3,A,電機實務專題(一)_微電子與資訊(II),1,必,10,10,,0,張文騰 蕭培墉,,,,,,,"2,3, 4",,"[{""day"": 6, ""dayName"": ""星期六"", ""periods"": [""2"", ""3"", ""4""], ""raw"": ""2,3, 4""}]",外加,指導教授指定外加,https://course.nuk.edu.tw/QueryCourse/tcontent.asp?OpenYear=104&Helf=2&Sclass=EE&Cono=C11J,2026-08-26T18:13:36+00:00
104-2-EE-C11J-A-3-B,104,2,工學院,EE,電機工程學系,C11J,A,大學部,3,B,電機實務專題(一)_微電子與資訊(II),1,必,9,10,,0,張文騰 蕭培墉,,,,,,,"2,3, 4",,"[{""day"": 6, ""dayName"": ""星期六"", ""periods"": [""2"", ""3"", ""4""], ""raw"": ""2,3, 4""}]",外加,指導教授指定外加,https://course.nuk.edu.tw/QueryCourse/tcontent.asp?OpenYear=104&Helf=2&Sclass=EE&Cono=C11J,2026-08-26T18:13:36+00:00
104-2-EE-C11K-A-3-A,104,2,工學院,EE,電機工程學系,C11K,A,大學部,3,A,電機實務專題(一)_微電子與資訊(III),1,必,17,17,,0,吳志宏 吳松茂,,,,,,,"2,3, 4",,"[{""day"": 6, ""dayName"": ""星期六"", ""periods"": [""2"", ""3"", ""4""], ""raw"": ""2,3, 4""}]",外加,指導教授指定外加,https://course.nuk.edu.tw/QueryCourse/tcontent.asp?OpenYear=104&Helf=2&Sclass=EE&Cono=C11K,2026-08-26T18:13:36+00:00
104-2-EE-C11K-A-3-B,104,2,工學院,EE,電機工程學系,C11K,A,大學部,3,B,電機實務專題(一)_微電子與資訊(III),1,必,17,17,,0,吳志宏 吳松茂,,,,,,,"2,3, 4",,"[{""day"": 6, ""dayName"": ""星期六"", ""periods"": [""2"", ""3"", ""4""], ""raw"": ""2,3, 4""}]",外加,指導教授指定外加,https://course.nuk.edu.tw/QueryCourse/tcontent.asp?OpenYear=104&Helf=2&Sclass=EE&Cono=C11K,2026-08-26T18:13:36+00:00
104-2-EE-C524-A-3-A,104,2,工學院,EE,電機工程學系,C524,A,大學部,3,A,電力系統分析,3,選,40,18,,22,寧家慶,C01-414,,,"2,3, 4",,,,,"[{""day"": 3, ""dayName"": ""星期三"", ""periods"": [""2"", ""3"", ""4""], ""raw"": ""2,3, 4""}]",,三AB合開，授課教師:寧家慶老師,https://course.nuk.edu.tw/QueryCourse/tcontent.asp?OpenYear=104&Helf=2&Sclass=EE&Cono=C524,2026-08-26T18:13:36+00:00
104-2-EE-C524-A-3-B,104,2,工學院,EE,電機工程學系,C524,A,大學部,3,B,電力系統分析,3,選,40,18,,22,寧家慶,C01-414,,,"2,3, 4",,,,,"[{""day"": 3, ""dayName"": ""星期三"", ""periods"": [""2"", ""3"", ""4""], ""raw"": ""2,3, 4""}]",,三AB合開，授課教師:寧家慶老師,https://course.nuk.edu.tw/QueryCourse/tcontent.asp?OpenYear=104&Helf=2&Sclass=EE&Cono=C524,2026-08-26T18:13:36+00:00
104-2-EE-C621-A-3-A,104,2,工學院,EE,電機工程學系,C621,A,大學部,3,A,固態物理導論,3,選,40,25,,15,藍文厚,C01-B102,"2,3, 4",,,,,,,"[{""day"": 1, ""dayName"": ""星期一"", ""periods"": [""2"", ""3"", ""4""], ""raw"": ""2,3, 4""}]",,三AB合開,https://course.nuk.edu.tw/QueryCourse/tcontent.asp?OpenYear=104&Helf=2&Sclass=EE&Cono=C621,2026-08-26T18:13:36+00:00
104-2-EE-C621-A-3-B,104,2,工學院,EE,電機工程學系,C621,A,大學部,3,B,固態物理導論,3,選,40,25,,15,藍文厚,C01-B102,"2,3, 4",,,,,,,"[{""day"": 1, ""dayName"": ""星期一"", ""periods"": [""2"", ""3"", ""4""], ""raw"": ""2,3, 4""}]",,三AB合開,https://course.nuk.edu.tw/QueryCourse/tcontent.asp?OpenYear=104&Helf=2&Sclass=EE&Cono=C621,2026-08-26T18:13:36+00:00
104-2-EE-C642-A-3-A,104,2,工學院,EE,電機工程學系,C642,A,大學部,3,A,元件與微系統概論,3,選,44,42,,2,張文騰,C01-B101-1,"5,6, 7",,,,,,,"[{""day"": 1, ""dayName"": ""星期一"", ""periods"": [""5"", ""6"", ""7""], ""raw"": ""5,6, 7""}]",,三AB合開，全英語授課,https://course.nuk.edu.tw/QueryCourse/tcontent.asp?OpenYear=104&Helf=2&Sclass=EE&Cono=C642,2026-08-26T18:13:36+00:00
104-2-EE-C642-A-3-B,104,2,工學院,EE,電機工程學系,C642,A,大學部,3,B,元件與微系統概論,3,選,44,42,,2,張文騰,C01-B101-1,"5,6, 7",,,,,,,"[{""day"": 1, ""dayName"": ""星期一"", ""periods"": [""5"", ""6"", ""7""], ""raw"": ""5,6, 7""}]",,三AB合開，全英語授課,https://course.nuk.edu.tw/QueryCourse/tcontent.asp?OpenYear=104&Helf=2&Sclass=EE&Cono=C642,2026-08-26T18:13:36+00:00
104-2-EE-C651-A-3-A,104,2,工學院,EE,電機工程學系,C651,A,大學部,3,A,通訊原理,3,選,40,21,,19,梁明正,C01-B101,,"5,6, 7",,,,,,"[{""day"": 2, ""dayName"": ""星期二"", ""periods"": [""5"", ""6"", ""7""], ""raw"": ""5,6, 7""}]",,三 AB 合開,https://course.nuk.edu.tw/QueryCourse/tcontent.asp?OpenYear=104&Helf=2&Sclass=EE&Cono=C651,2026-08-26T18:13:36+00:00
104-2-EE-C651-A-3-B,104,2,工學院,EE,電機工程學系,C651,A,大學部,3,B,通訊原理,3,選,40,21,,19,梁明正,C01-B101,,"5,6, 7",,,,,,"[{""day"": 2, ""dayName"": ""星期二"", ""periods"": [""5"", ""6"", ""7""], ""raw"": ""5,6, 7""}]",,三 AB 合開,https://course.nuk.edu.tw/QueryCourse/tcontent.asp?OpenYear=104&Helf=2&Sclass=EE&Cono=C651,2026-08-26T18:13:36+00:00
104-2-EE-C691-A-3-A,104,2,工學院,EE,電機工程學系,C691,A,大學部,3,A,光電工程概論,3,選,60,51,,9,施明昌,C01-106,,"2,3, 4",,,,,,"[{""day"": 2, ""dayName"": ""星期二"", ""periods"": [""2"", ""3"", ""4""], ""raw"": ""2,3, 4""}]",,三AB合開,https://course.nuk.edu.tw/QueryCourse/tcontent.asp?OpenYear=104&Helf=2&Sclass=EE&Cono=C691,2026-08-26T18:13:36+00:00
104-2-EE-C691-A-3-B,104,2,工學院,EE,電機工程學系,C691,A,大學部,3,B,光電工程概論,3,選,60,51,,9,施明昌,C01-106,,"2,3, 4",,,,,,"[{""day"": 2, ""dayName"": ""星期二"", ""periods"": [""2"", ""3"", ""4""], ""raw"": ""2,3, 4""}]",,三AB合開,https://course.nuk.edu.tw/QueryCourse/tcontent.asp?OpenYear=104&Helf=2&Sclass=EE&Cono=C691,2026-08-26T18:13:36+00:00
104-2-EE-C692-A-3-A,104,2,工學院,EE,電機工程學系,C692,A,大學部,3,A,光電元件物理,3,選,40,7,,33,郭馨徽,C01-B101-1,,,"2,3, 4",,,,,"[{""day"": 3, ""dayName"": ""星期三"", ""periods"": [""2"", ""3"", ""4""], ""raw"": ""2,3, 4""}]",,三AB合開,https://course.nuk.edu.tw/QueryCourse/tcontent.asp?OpenYear=104&Helf=2&Sclass=EE&Cono=C692,2026-08-26T18:13:36+00:00
104-2-EE-C692-A-3-B,104,2,工學院,EE,電機工程學系,C692,A,大學部,3,B,光電元件物理,3,選,40,7,,33,郭馨徽,C01-B101-1,,,"2,3, 4",,,,,"[{""day"": 3, ""dayName"": ""星期三"", ""periods"": [""2"", ""3"", ""4""], ""raw"": ""2,3, 4""}]",,三AB合開,https://course.nuk.edu.tw/QueryCourse/tcontent.asp?OpenYear=104&Helf=2&Sclass=EE&Cono=C692,2026-08-26T18:13:36+00:00
104-2-EE-C712-A-3-A,104,2,工學院,EE,電機工程學系,C712,A,大學部,3,A,計算機組織,3,選,40,33,,7,陳俊卿,B01-103,"2,3, 4",,,,,,,"[{""day"": 1, ""dayName"": ""星期一"", ""periods"": [""2"", ""3"", ""4""], ""raw"": ""2,3, 4""}]",,三AB合開,https://course.nuk.edu.tw/QueryCourse/tcontent.asp?OpenYear=104&Helf=2&Sclass=EE&Cono=C712,2026-08-26T18:13:36+00:00
104-2-EE-C712-A-3-B,104,2,工學院,EE,電機工程學系,C712,A,大學部,3,B,計算機組織,3,選,40,33,,7,陳俊卿,B01-103,"2,3, 4",,,,,,,"[{""day"": 1, ""dayName"": ""星期一"", ""periods"": [""2"", ""3"", ""4""], ""raw"": ""2,3, 4""}]",,三AB合開,https://course.nuk.edu.tw/QueryCourse/tcontent.asp?OpenYear=104&Helf=2&Sclass=EE&Cono=C712,2026-08-26T18:13:36+00:00
104-2-EE-C791-A-3-A,104,2,工學院,EE,電機工程學系,C791,A,大學部,3,A,數位訊號處理,3,選,60,18,,42,黃祥哲,C01-B103,"5,6, 7",,,,,,,"[{""day"": 1, ""dayName"": ""星期一"", ""periods"": [""5"", ""6"", ""7""], ""raw"": ""5,6, 7""}]",,三AB合開,https://course.nuk.edu.tw/QueryCourse/tcontent.asp?OpenYear=104&Helf=2&Sclass=EE&Cono=C791,2026-08-26T18:13:36+00:00
104-2-EE-C791-A-3-B,104,2,工學院,EE,電機工程學系,C791,A,大學部,3,B,數位訊號處理,3,選,60,18,,42,黃祥哲,C01-B103,"5,6, 7",,,,,,,"[{""day"": 1, ""dayName"": ""星期一"", ""periods"": [""5"", ""6"", ""7""], ""raw"": ""5,6, 7""}]",,三AB合開,https://course.nuk.edu.tw/QueryCourse/tcontent.asp?OpenYear=104&Helf=2&Sclass=EE&Cono=C791,2026-08-26T18:13:36+00:00
104-2-EE-C851-A-3-A,104,2,工學院,EE,電機工程學系,C851,A,大學部,3,A,硬體描述語言設計及模擬,3,選,84,84,,0,陳春僥,C01-201 其他教室,,"5,6, 7",,,,,,"[{""day"": 2, ""dayName"": ""星期二"", ""periods"": [""5"", ""6"", ""7""], ""raw"": ""5,6, 7""}]",外加,三AB、四AB合開，使用C01-201實驗室,https://course.nuk.edu.tw/QueryCourse/tcontent.asp?OpenYear=104&Helf=2&Sclass=EE&Cono=C851,2026-08-26T18:13:36+00:00
104-2-EE-C851-A-3-B,104,2,工學院,EE,電機工程學系,C851,A,大學部,3,B,硬體描述語言設計及模擬,3,選,84,84,,0,陳春僥,C01-201 其他教室,,"5,6, 7",,,,,,"[{""day"": 2, ""dayName"": ""星期二"", ""periods"": [""5"", ""6"", ""7""], ""raw"": ""5,6, 7""}]",外加,三AB、四AB合開，使用C01-201實驗室,https://course.nuk.edu.tw/QueryCourse/tcontent.asp?OpenYear=104&Helf=2&Sclass=EE&Cono=C851,2026-08-26T18:13:36+00:00
104-2-EE-C882-A-3-A,104,2,工學院,EE,電機工程學系,C882,A,大學部,3,A,半導體技術導論,3,選,101,100,,1,葉文冠,C01-B103,,,,"10,11, 12",,,,"[{""day"": 4, ""dayName"": ""星期四"", ""periods"": [""10"", ""11"", ""12""], ""raw"": ""10,11, 12""}]",外加,三AB合開,https://course.nuk.edu.tw/QueryCourse/tcontent.asp?OpenYear=104&Helf=2&Sclass=EE&Cono=C882,2026-08-26T18:13:36+00:00
104-2-EE-C882-A-3-B,104,2,工學院,EE,電機工程學系,C882,A,大學部,3,B,半導體技術導論,3,選,101,100,,1,葉文冠,C01-B103,,,,"10,11, 12",,,,"[{""day"": 4, ""dayName"": ""星期四"", ""periods"": [""10"", ""11"", ""12""], ""raw"": ""10,11, 12""}]",,三AB合開,https://course.nuk.edu.tw/QueryCourse/tcontent.asp?OpenYear=104&Helf=2&Sclass=EE&Cono=C882,2026-08-26T18:13:36+00:00
104-2-EE-D521-A-3-A,104,2,工學院,EE,電機工程學系,D521,A,大學部,3,A,電腦輔助電路設計,3,選,29,29,,0,張文騰,C01-104,,"2,3, 4",,,,,,"[{""day"": 2, ""dayName"": ""星期二"", ""periods"": [""2"", ""3"", ""4""], ""raw"": ""2,3, 4""}]",,三AB，使用C01-104電腦教室,https://course.nuk.edu.tw/QueryCourse/tcontent.asp?OpenYear=104&Helf=2&Sclass=EE&Cono=D521,2026-08-26T18:13:36+00:00
104-2-EE-D521-A-3-B,104,2,工學院,EE,電機工程學系,D521,A,大學部,3,B,電腦輔助電路設計,3,選,29,29,,0,張文騰,C01-104,,"2,3, 4",,,,,,"[{""day"": 2, ""dayName"": ""星期二"", ""periods"": [""2"", ""3"", ""4""], ""raw"": ""2,3, 4""}]",,三AB，使用C01-104電腦教室,https://course.nuk.edu.tw/QueryCourse/tcontent.asp?OpenYear=104&Helf=2&Sclass=EE&Cono=D521,2026-08-26T18:13:36+00:00
104-2-EE-D901-A-3-A,104,2,工學院,EE,電機工程學系,D901,A,大學部,3,A,射頻主動電路設計,3,選,33,33,,0,龐一心,C01-104 其他教室,,,"2,3, 4",,,,,"[{""day"": 3, ""dayName"": ""星期三"", ""periods"": [""2"", ""3"", ""4""], ""raw"": ""2,3, 4""}]",先修 外加,三AB、四AB合開，使用C01-104電腦教室與普通教室,https://course.nuk.edu.tw/QueryCourse/tcontent.asp?OpenYear=104&Helf=2&Sclass=EE&Cono=D901,2026-08-26T18:13:36+00:00
104-2-EE-D901-A-3-B,104,2,工學院,EE,電機工程學系,D901,A,大學部,3,B,射頻主動電路設計,3,選,33,33,,0,龐一心,C01-104 其他教室,,,"2,3, 4",,,,,"[{""day"": 3, ""dayName"": ""星期三"", ""periods"": [""2"", ""3"", ""4""], ""raw"": ""2,3, 4""}]",先修 外加,三AB、四AB合開，使用C01-104電腦教室與普通教室,https://course.nuk.edu.tw/QueryCourse/tcontent.asp?OpenYear=104&Helf=2&Sclass=EE&Cono=D901,2026-08-26T18:13:36+00:00
104-2-EE-F596-A-3-A,104,2,工學院,EE,電機工程學系,F596,A,大學部,3,A,微波工程與實驗,3,選,30,27,,3,吳松茂,C01-B102-1,,,,"2,3, 4",,,,"[{""day"": 4, ""dayName"": ""星期四"", ""periods"": [""2"", ""3"", ""4""], ""raw"": ""2,3, 4""}]",外加,三AB、四AB、碩班合開,https://course.nuk.edu.tw/QueryCourse/tcontent.asp?OpenYear=104&Helf=2&Sclass=EE&Cono=F596,2026-08-26T18:13:36+00:00
104-2-EE-F596-A-3-B,104,2,工學院,EE,電機工程學系,F596,A,大學部,3,B,微波工程與實驗,3,選,30,27,,3,吳松茂,C01-B102-1,,,,"2,3, 4",,,,"[{""day"": 4, ""dayName"": ""星期四"", ""periods"": [""2"", ""3"", ""4""], ""raw"": ""2,3, 4""}]",外加,三AB、四AB、碩班合開,https://course.nuk.edu.tw/QueryCourse/tcontent.asp?OpenYear=104&Helf=2&Sclass=EE&Cono=F596,2026-08-26T18:13:36+00:00
104-2-EE-G70A-A-3-A,104,2,工學院,EE,電機工程學系,G70A,A,大學部,3,A,智慧生活空間資訊截取與運用效能化設計(Ⅰ),3,選,40,36,,4,梁明正,C01-105,,,"7,8, 9",,,,,"[{""day"": 3, ""dayName"": ""星期三"", ""periods"": [""7"", ""8"", ""9""], ""raw"": ""7,8, 9""}]",學程,三AB、四AB、碩班合開，智慧生活整合創新學程,https://course.nuk.edu.tw/QueryCourse/tcontent.asp?OpenYear=104&Helf=2&Sclass=EE&Cono=G70A,2026-08-26T18:13:36+00:00
104-2-EE-G70A-A-3-B,104,2,工學院,EE,電機工程學系,G70A,A,大學部,3,B,智慧生活空間資訊截取與運用效能化設計(Ⅰ),3,選,40,36,,4,梁明正,C01-105,,,"7,8, 9",,,,,"[{""day"": 3, ""dayName"": ""星期三"", ""periods"": [""7"", ""8"", ""9""], ""raw"": ""7,8, 9""}]",學程,三AB、四AB、碩班合開，智慧生活整合創新學程,https://course.nuk.edu.tw/QueryCourse/tcontent.asp?OpenYear=104&Helf=2&Sclass=EE&Cono=G70A,2026-08-26T18:13:36+00:00
104-2-EE-C53A-A-4-A,104,2,工學院,EE,電機工程學系,C53A,A,大學部,4,A,網站架設與網頁撰寫-HTML5(一),3,選,50,11,,39,廖述銘,C01-104,,,,"6,7, 8",,,,"[{""day"": 4, ""dayName"": ""星期四"", ""periods"": [""6"", ""7"", ""8""], ""raw"": ""6,7, 8""}]",,"四AB合開,使用C01-104電腦教室",https://course.nuk.edu.tw/QueryCourse/tcontent.asp?OpenYear=104&Helf=2&Sclass=EE&Cono=C53A,2026-08-26T18:13:36+00:00
104-2-EE-C53A-A-4-B,104,2,工學院,EE,電機工程學系,C53A,A,大學部,4,B,網站架設與網頁撰寫-HTML5(一),3,選,50,11,,39,廖述銘,C01-104,,,,"6,7, 8",,,,"[{""day"": 4, ""dayName"": ""星期四"", ""periods"": [""6"", ""7"", ""8""], ""raw"": ""6,7, 8""}]",,"四AB合開,使用C01-104電腦教室",https://course.nuk.edu.tw/QueryCourse/tcontent.asp?OpenYear=104&Helf=2&Sclass=EE&Cono=C53A,2026-08-26T18:13:36+00:00
104-2-EE-C851-A-4-A,104,2,工學院,EE,電機工程學系,C851,A,大學部,4,A,硬體描述語言設計及模擬,3,選,84,84,,0,陳春僥,C01-201 其他教室,,"5,6, 7",,,,,,"[{""day"": 2, ""dayName"": ""星期二"", ""periods"": [""5"", ""6"", ""7""], ""raw"": ""5,6, 7""}]",外加,三AB、四AB合開，使用C01-201實驗室,https://course.nuk.edu.tw/QueryCourse/tcontent.asp?OpenYear=104&Helf=2&Sclass=EE&Cono=C851,2026-08-26T18:13:36+00:00
104-2-EE-C851-A-4-B,104,2,工學院,EE,電機工程學系,C851,A,大學部,4,B,硬體描述語言設計及模擬,3,選,84,84,,0,陳春僥,C01-201 其他教室,,"5,6, 7",,,,,,"[{""day"": 2, ""dayName"": ""星期二"", ""periods"": [""5"", ""6"", ""7""], ""raw"": ""5,6, 7""}]",外加,三AB、四AB合開，使用C01-201實驗室,https://course.nuk.edu.tw/QueryCourse/tcontent.asp?OpenYear=104&Helf=2&Sclass=EE&Cono=C851,2026-08-26T18:13:36+00:00
104-2-EE-D500-A-4-A,104,2,工學院,EE,電機工程學系,D500,A,大學部,4,A,國際青年服務學習,0,選,14,14,,0,施明昌,,,,,,X,,,"[{""day"": 5, ""dayName"": ""星期五"", ""periods"": [""X""], ""raw"": ""X""}]",外加,指定加簽，申請擔任學習型兼任助理或工讀之學生必須修習本課程。,https://course.nuk.edu.tw/QueryCourse/tcontent.asp?OpenYear=104&Helf=2&Sclass=EE&Cono=D500,2026-08-26T18:13:36+00:00
104-2-EE-D50B-A-4-A,104,2,工學院,EE,電機工程學系,D50B,A,大學部,4,A,業界實習(二),9,選,1,1,,0,梁明正,,,,,,,,1,"[{""day"": 7, ""dayName"": ""星期日"", ""periods"": [""1""], ""raw"": ""1""}]",限修,總實習時數應達450小時以上,https://course.nuk.edu.tw/QueryCourse/tcontent.asp?OpenYear=104&Helf=2&Sclass=EE&Cono=D50B,2026-08-26T18:13:36+00:00
104-2-EE-D50B-A-4-B,104,2,工學院,EE,電機工程學系,D50B,A,大學部,4,B,業界實習(二),9,選,1,1,,0,梁明正,,,,,,,,1,"[{""day"": 7, ""dayName"": ""星期日"", ""periods"": [""1""], ""raw"": ""1""}]",外加,總實習時數應達450小時以上,https://course.nuk.edu.tw/QueryCourse/tcontent.asp?OpenYear=104&Helf=2&Sclass=EE&Cono=D50B,2026-08-26T18:13:36+00:00
104-2-EE-D52B-A-4-A,104,2,工學院,EE,電機工程學系,D52B,A,大學部,4,A,電腦網路(二),3,選,50,16,,34,廖述銘,C01-104,,"6,7, 8",,,,,,"[{""day"": 2, ""dayName"": ""星期二"", ""periods"": [""6"", ""7"", ""8""], ""raw"": ""6,7, 8""}]",,"四AB合開,使用C01-104電腦教室",https://course.nuk.edu.tw/QueryCourse/tcontent.asp?OpenYear=104&Helf=2&Sclass=EE&Cono=D52B,2026-08-26T18:13:36+00:00
104-2-EE-D52B-A-4-B,104,2,工學院,EE,電機工程學系,D52B,A,大學部,4,B,電腦網路(二),3,選,50,16,,34,廖述銘,C01-104,,"6,7, 8",,,,,,"[{""day"": 2, ""dayName"": ""星期二"", ""periods"": [""6"", ""7"", ""8""], ""raw"": ""6,7, 8""}]",,"四AB合開,使用C01-104電腦教室",https://course.nuk.edu.tw/QueryCourse/tcontent.asp?OpenYear=104&Helf=2&Sclass=EE&Cono=D52B,2026-08-26T18:13:36+00:00
104-2-EE-D901-A-4-A,104,2,工學院,EE,電機工程學系,D901,A,大學部,4,A,射頻主動電路設計,3,選,33,33,,0,龐一心,C01-104 其他教室,,,"2,3, 4",,,,,"[{""day"": 3, ""dayName"": ""星期三"", ""periods"": [""2"", ""3"", ""4""], ""raw"": ""2,3, 4""}]",先修 外加,三AB、四AB合開，使用C01-104電腦教室與普通教室,https://course.nuk.edu.tw/QueryCourse/tcontent.asp?OpenYear=104&Helf=2&Sclass=EE&Cono=D901,2026-08-26T18:13:36+00:00
104-2-EE-D901-A-4-B,104,2,工學院,EE,電機工程學系,D901,A,大學部,4,B,射頻主動電路設計,3,選,33,33,,0,龐一心,C01-104 其他教室,,,"2,3, 4",,,,,"[{""day"": 3, ""dayName"": ""星期三"", ""periods"": [""2"", ""3"", ""4""], ""raw"": ""2,3, 4""}]",先修 外加,三AB、四AB合開，使用C01-104電腦教室與普通教室,https://course.nuk.edu.tw/QueryCourse/tcontent.asp?OpenYear=104&Helf=2&Sclass=EE&Cono=D901,2026-08-26T18:13:36+00:00
104-2-EE-F501-A-4-A,104,2,工學院,EE,電機工程學系,F501,A,大學部,4,A,演算法,3,選,40,28,,12,黃科瑋,C01-104,"2,3, 4",,,,,,,"[{""day"": 1, ""dayName"": ""星期一"", ""periods"": [""2"", ""3"", ""4""], ""raw"": ""2,3, 4""}]",,4AB與碩班合開,https://course.nuk.edu.tw/QueryCourse/tcontent.asp?OpenYear=104&Helf=2&Sclass=EE&Cono=F501,2026-08-26T18:13:36+00:00
104-2-EE-F501-A-4-B,104,2,工學院,EE,電機工程學系,F501,A,大學部,4,B,演算法,3,選,40,28,,12,黃科瑋,C01-104,"2,3, 4",,,,,,,"[{""day"": 1, ""dayName"": ""星期一"", ""periods"": [""2"", ""3"", ""4""], ""raw"": ""2,3, 4""}]",,4AB與碩班合開,https://course.nuk.edu.tw/QueryCourse/tcontent.asp?OpenYear=104&Helf=2&Sclass=EE&Cono=F501,2026-08-26T18:13:36+00:00
104-2-EE-F523-A-4-A,104,2,工學院,EE,電機工程學系,F523,A,大學部,4,A,高速數位系統設計與分析模擬,3,選,40,15,,25,王陳肇,C01-B101,,,,"10,11, 12",,,,"[{""day"": 4, ""dayName"": ""星期四"", ""periods"": [""10"", ""11"", ""12""], ""raw"": ""10,11, 12""}]",,四AB、碩班合開,https://course.nuk.edu.tw/QueryCourse/tcontent.asp?OpenYear=104&Helf=2&Sclass=EE&Cono=F523,2026-08-26T18:13:36+00:00
104-2-EE-F523-A-4-B,104,2,工學院,EE,電機工程學系,F523,A,大學部,4,B,高速數位系統設計與分析模擬,3,選,40,15,,25,王陳肇,C01-B101,,,,"10,11, 12",,,,"[{""day"": 4, ""dayName"": ""星期四"", ""periods"": [""10"", ""11"", ""12""], ""raw"": ""10,11, 12""}]",,四AB、碩班合開,https://course.nuk.edu.tw/QueryCourse/tcontent.asp?OpenYear=104&Helf=2&Sclass=EE&Cono=F523,2026-08-26T18:13:36+00:00
104-2-EE-F595-A-4-A,104,2,工學院,EE,電機工程學系,F595,A,大學部,4,A,微波濾波器設計,3,選,50,8,,42,鄧卜華,B01-103,,,"2,3, 4",,,,,"[{""day"": 3, ""dayName"": ""星期三"", ""periods"": [""2"", ""3"", ""4""], ""raw"": ""2,3, 4""}]",,四AB、碩班合開,https://course.nuk.edu.tw/QueryCourse/tcontent.asp?OpenYear=104&Helf=2&Sclass=EE&Cono=F595,2026-08-26T18:13:36+00:00
104-2-EE-F595-A-4-B,104,2,工學院,EE,電機工程學系,F595,A,大學部,4,B,微波濾波器設計,3,選,50,8,,42,鄧卜華,B01-103,,,"2,3, 4",,,,,"[{""day"": 3, ""dayName"": ""星期三"", ""periods"": [""2"", ""3"", ""4""], ""raw"": ""2,3, 4""}]",,四AB、碩班合開,https://course.nuk.edu.tw/QueryCourse/tcontent.asp?OpenYear=104&Helf=2&Sclass=EE&Cono=F595,2026-08-26T18:13:36+00:00
104-2-EE-F596-A-4-A,104,2,工學院,EE,電機工程學系,F596,A,大學部,4,A,微波工程與實驗,3,選,30,27,,3,吳松茂,C01-B102-1,,,,"2,3, 4",,,,"[{""day"": 4, ""dayName"": ""星期四"", ""periods"": [""2"", ""3"", ""4""], ""raw"": ""2,3, 4""}]",外加,三AB、四AB、碩班合開,https://course.nuk.edu.tw/QueryCourse/tcontent.asp?OpenYear=104&Helf=2&Sclass=EE&Cono=F596,2026-08-26T18:13:36+00:00
104-2-EE-F596-A-4-B,104,2,工學院,EE,電機工程學系,F596,A,大學部,4,B,微波工程與實驗,3,選,30,27,,3,吳松茂,C01-B102-1,,,,"2,3, 4",,,,"[{""day"": 4, ""dayName"": ""星期四"", ""periods"": [""2"", ""3"", ""4""], ""raw"": ""2,3, 4""}]",外加,三AB、四AB、碩班合開,https://course.nuk.edu.tw/QueryCourse/tcontent.asp?OpenYear=104&Helf=2&Sclass=EE&Cono=F596,2026-08-26T18:13:36+00:00
104-2-EE-F603-A-4-A,104,2,工學院,EE,電機工程學系,F603,A,大學部,4,A,電機機械,3,選,48,48,,0,劉又齊,C01-B101-1,,,,,"2,3, 4",,,"[{""day"": 5, ""dayName"": ""星期五"", ""periods"": [""2"", ""3"", ""4""], ""raw"": ""2,3, 4""}]",,四AB、碩班合開，授課老師:劉又齊老師,https://course.nuk.edu.tw/QueryCourse/tcontent.asp?OpenYear=104&Helf=2&Sclass=EE&Cono=F603,2026-08-26T18:13:36+00:00
104-2-EE-F603-A-4-B,104,2,工學院,EE,電機工程學系,F603,A,大學部,4,B,電機機械,3,選,48,48,,0,劉又齊,C01-B101-1,,,,,"2,3, 4",,,"[{""day"": 5, ""dayName"": ""星期五"", ""periods"": [""2"", ""3"", ""4""], ""raw"": ""2,3, 4""}]",外加,四AB、碩班合開，授課老師:劉又齊老師,https://course.nuk.edu.tw/QueryCourse/tcontent.asp?OpenYear=104&Helf=2&Sclass=EE&Cono=F603,2026-08-26T18:13:36+00:00
104-2-EE-F613-A-4-A,104,2,工學院,EE,電機工程學系,F613,A,大學部,4,A,高等元件分析,3,選,60,10,,50,江德光,C01-B102-1,,"5,6, 7",,,,,,"[{""day"": 2, ""dayName"": ""星期二"", ""periods"": [""5"", ""6"", ""7""], ""raw"": ""5,6, 7""}]",,四AB、碩班合開,https://course.nuk.edu.tw/QueryCourse/tcontent.asp?OpenYear=104&Helf=2&Sclass=EE&Cono=F613,2026-08-26T18:13:36+00:00
104-2-EE-F613-A-4-B,104,2,工學院,EE,電機工程學系,F613,A,大學部,4,B,高等元件分析,3,選,60,10,,50,江德光,C01-B102-1,,"5,6, 7",,,,,,"[{""day"": 2, ""dayName"": ""星期二"", ""periods"": [""5"", ""6"", ""7""], ""raw"": ""5,6, 7""}]",,四AB、碩班合開,https://course.nuk.edu.tw/QueryCourse/tcontent.asp?OpenYear=104&Helf=2&Sclass=EE&Cono=F613,2026-08-26T18:13:36+00:00
104-2-EE-F691-A-4-A,104,2,工學院,EE,電機工程學系,F691,A,大學部,4,A,高等天線原理,3,選,60,21,,39,梁明正,C01-106,"5,6, 7",,,,,,,"[{""day"": 1, ""dayName"": ""星期一"", ""periods"": [""5"", ""6"", ""7""], ""raw"": ""5,6, 7""}]",,四AB、碩班合開,https://course.nuk.edu.tw/QueryCourse/tcontent.asp?OpenYear=104&Helf=2&Sclass=EE&Cono=F691,2026-08-26T18:13:36+00:00
104-2-EE-F691-A-4-B,104,2,工學院,EE,電機工程學系,F691,A,大學部,4,B,高等天線原理,3,選,60,21,,39,梁明正,C01-106,"5,6, 7",,,,,,,"[{""day"": 1, ""dayName"": ""星期一"", ""periods"": [""5"", ""6"", ""7""], ""raw"": ""5,6, 7""}]",,四AB、碩班合開,https://course.nuk.edu.tw/QueryCourse/tcontent.asp?OpenYear=104&Helf=2&Sclass=EE&Cono=F691,2026-08-26T18:13:36+00:00
104-2-EE-F781-A-4-A,104,2,工學院,EE,電機工程學系,F781,A,大學部,4,A,數位影像處理,3,選,30,7,,23,黃祥哲,C01-B101,"2,3, 4",,,,,,,"[{""day"": 1, ""dayName"": ""星期一"", ""periods"": [""2"", ""3"", ""4""], ""raw"": ""2,3, 4""}]",,四AB、碩班合開,https://course.nuk.edu.tw/QueryCourse/tcontent.asp?OpenYear=104&Helf=2&Sclass=EE&Cono=F781,2026-08-26T18:13:36+00:00
104-2-EE-F781-A-4-B,104,2,工學院,EE,電機工程學系,F781,A,大學部,4,B,數位影像處理,3,選,30,7,,23,黃祥哲,C01-B101,"2,3, 4",,,,,,,"[{""day"": 1, ""dayName"": ""星期一"", ""periods"": [""2"", ""3"", ""4""], ""raw"": ""2,3, 4""}]",,四AB、碩班合開,https://course.nuk.edu.tw/QueryCourse/tcontent.asp?OpenYear=104&Helf=2&Sclass=EE&Cono=F781,2026-08-26T18:13:36+00:00
104-2-EE-F785-A-4-A,104,2,工學院,EE,電機工程學系,F785,A,大學部,4,A,嵌入式影像處理與電腦視覺,3,選,30,11,,19,蕭培墉,L01-107,,,"2,3, 4",,,,,"[{""day"": 3, ""dayName"": ""星期三"", ""periods"": [""2"", ""3"", ""4""], ""raw"": ""2,3, 4""}]",,"四AB、碩班合開,使用L01-107電腦教室",https://course.nuk.edu.tw/QueryCourse/tcontent.asp?OpenYear=104&Helf=2&Sclass=EE&Cono=F785,2026-08-26T18:13:36+00:00
104-2-EE-F785-A-4-B,104,2,工學院,EE,電機工程學系,F785,A,大學部,4,B,嵌入式影像處理與電腦視覺,3,選,30,11,,19,蕭培墉,L01-107,,,"2,3, 4",,,,,"[{""day"": 3, ""dayName"": ""星期三"", ""periods"": [""2"", ""3"", ""4""], ""raw"": ""2,3, 4""}]",,"四AB、碩班合開,使用L01-107電腦教室",https://course.nuk.edu.tw/QueryCourse/tcontent.asp?OpenYear=104&Helf=2&Sclass=EE&Cono=F785,2026-08-26T18:13:36+00:00
104-2-EE-F835-A-4-A,104,2,工學院,EE,電機工程學系,F835,A,大學部,4,A,行動裝置系統,3,選,40,36,,4,洪德城,C01-201,,,,"10,11, 12",,,,"[{""day"": 4, ""dayName"": ""星期四"", ""periods"": [""10"", ""11"", ""12""], ""raw"": ""10,11, 12""}]",,四AB、碩班合開，使用C01-201實驗室,https://course.nuk.edu.tw/QueryCourse/tcontent.asp?OpenYear=104&Helf=2&Sclass=EE&Cono=F835,2026-08-26T18:13:36+00:00
104-2-EE-F835-A-4-B,104,2,工學院,EE,電機工程學系,F835,A,大學部,4,B,行動裝置系統,3,選,40,36,,4,洪德城,C01-201,,,,"10,11, 12",,,,"[{""day"": 4, ""dayName"": ""星期四"", ""periods"": [""10"", ""11"", ""12""], ""raw"": ""10,11, 12""}]",,四AB、碩班合開，使用C01-201實驗室,https://course.nuk.edu.tw/QueryCourse/tcontent.asp?OpenYear=104&Helf=2&Sclass=EE&Cono=F835,2026-08-26T18:13:36+00:00
104-2-EE-G611-A-4-A,104,2,工學院,EE,電機工程學系,G611,A,大學部,4,A,行動多媒體系統,3,選,40,25,,15,王維倫,C01-201,"6,7, 8",,,,,,,"[{""day"": 1, ""dayName"": ""星期一"", ""periods"": [""6"", ""7"", ""8""], ""raw"": ""6,7, 8""}]",,四AB、碩班合開，使用C01-201教室,https://course.nuk.edu.tw/QueryCourse/tcontent.asp?OpenYear=104&Helf=2&Sclass=EE&Cono=G611,2026-08-26T18:13:36+00:00
104-2-EE-G611-A-4-B,104,2,工學院,EE,電機工程學系,G611,A,大學部,4,B,行動多媒體系統,3,選,40,25,,15,王維倫,C01-201,"6,7, 8",,,,,,,"[{""day"": 1, ""dayName"": ""星期一"", ""periods"": [""6"", ""7"", ""8""], ""raw"": ""6,7, 8""}]",,四AB、碩班合開，使用C01-201教室,https://course.nuk.edu.tw/QueryCourse/tcontent.asp?OpenYear=104&Helf=2&Sclass=EE&Cono=G611,2026-08-26T18:13:36+00:00
104-2-EE-G70A-A-4-A,104,2,工學院,EE,電機工程學系,G70A,A,大學部,4,A,智慧生活空間資訊截取與運用效能化設計(Ⅰ),3,選,40,36,,4,梁明正,C01-105,,,"7,8, 9",,,,,"[{""day"": 3, ""dayName"": ""星期三"", ""periods"": [""7"", ""8"", ""9""], ""raw"": ""7,8, 9""}]",學程,三AB、四AB、碩班合開，智慧生活整合創新學程,https://course.nuk.edu.tw/QueryCourse/tcontent.asp?OpenYear=104&Helf=2&Sclass=EE&Cono=G70A,2026-08-26T18:13:36+00:00
104-2-EE-G70A-A-4-B,104,2,工學院,EE,電機工程學系,G70A,A,大學部,4,B,智慧生活空間資訊截取與運用效能化設計(Ⅰ),3,選,40,36,,4,梁明正,C01-105,,,"7,8, 9",,,,,"[{""day"": 3, ""dayName"": ""星期三"", ""periods"": [""7"", ""8"", ""9""], ""raw"": ""7,8, 9""}]",學程,三AB、四AB、碩班合開，智慧生活整合創新學程,https://course.nuk.edu.tw/QueryCourse/tcontent.asp?OpenYear=104&Helf=2&Sclass=EE&Cono=G70A,2026-08-26T18:13:36+00:00
104-2-EE-K001-D-1-,104,2,工學院,EE,電機工程學系,K001,D,博士班,1,,專題討論,0,必,70,52,,18,馮瑞陽,C01-302-1,,,"5,6",,,,,"[{""day"": 3, ""dayName"": ""星期三"", ""periods"": [""5"", ""6""], ""raw"": ""5,6""}]",,碩班、博班合開，使用C01-302-1,https://course.nuk.edu.tw/QueryCourse/tcontent.asp?OpenYear=104&Helf=2&Sclass=EE&Cono=K001,2026-08-26T18:13:36+00:00
104-2-EE-K544-D-1-,104,2,工學院,EE,電機工程學系,K544,D,博士班,1,,高等半導體元件物理,3,選,40,11,,29,藍文厚,C01-B102,,"2,3, 4",,,,,,"[{""day"": 2, ""dayName"": ""星期二"", ""periods"": [""2"", ""3"", ""4""], ""raw"": ""2,3, 4""}]",,碩班、博班合開,https://course.nuk.edu.tw/QueryCourse/tcontent.asp?OpenYear=104&Helf=2&Sclass=EE&Cono=K544,2026-08-26T18:13:36+00:00
104-2-EE-K563-D-1-,104,2,工學院,EE,電機工程學系,K563,D,博士班,1,,微電子系統構裝技術,3,選,8,8,,0,吳松茂,C01-414,,"2,3, 4",,,,,,"[{""day"": 2, ""dayName"": ""星期二"", ""periods"": [""2"", ""3"", ""4""], ""raw"": ""2,3, 4""}]",限修,碩博合開，限指定同學選課,https://course.nuk.edu.tw/QueryCourse/tcontent.asp?OpenYear=104&Helf=2&Sclass=EE&Cono=K563,2026-08-26T18:13:36+00:00
104-2-EE-K57B-D-1-,104,2,工學院,EE,電機工程學系,K57B,D,博士班,1,,應用量子力學(二),3,選,60,4,,56,施明昌,C01-106,,,,"6,7, 8",,,,"[{""day"": 4, ""dayName"": ""星期四"", ""periods"": [""6"", ""7"", ""8""], ""raw"": ""6,7, 8""}]",,碩班、博班合開,https://course.nuk.edu.tw/QueryCourse/tcontent.asp?OpenYear=104&Helf=2&Sclass=EE&Cono=K57B,2026-08-26T18:13:36+00:00
104-2-EE-K603-D-1-,104,2,工學院,EE,電機工程學系,K603,D,博士班,1,,類神經網路專題研討,3,選,2,1,,1,吳志宏,C01-406-1,"10,11, 12",,,,,,,"[{""day"": 1, ""dayName"": ""星期一"", ""periods"": [""10"", ""11"", ""12""], ""raw"": ""10,11, 12""}]",先修,限博士班生，使用C01-406-1實驗室,https://course.nuk.edu.tw/QueryCourse/tcontent.asp?OpenYear=104&Helf=2&Sclass=EE&Cono=K603,2026-08-26T18:13:36+00:00
104-2-EE-K604-D-1-,104,2,工學院,EE,電機工程學系,K604,D,博士班,1,,類神經網路與智慧型機器人實務,3,選,16,9,,7,吳志宏,C01-406-1,,,,,"10,11, 12",,,"[{""day"": 5, ""dayName"": ""星期五"", ""periods"": [""10"", ""11"", ""12""], ""raw"": ""10,11, 12""}]",先修 外加,碩博班合開，使用C01-406-1實驗室,https://course.nuk.edu.tw/QueryCourse/tcontent.asp?OpenYear=104&Helf=2&Sclass=EE&Cono=K604,2026-08-26T18:13:36+00:00
104-2-EE-K001-D-2-,104,2,工學院,EE,電機工程學系,K001,D,博士班,2,,專題討論,0,必,70,52,,18,馮瑞陽,C01-302-1,,,"5,6",,,,,"[{""day"": 3, ""dayName"": ""星期三"", ""periods"": [""5"", ""6""], ""raw"": ""5,6""}]",,碩班、博班合開，使用C01-302-1,https://course.nuk.edu.tw/QueryCourse/tcontent.asp?OpenYear=104&Helf=2&Sclass=EE&Cono=K001,2026-08-26T18:13:36+00:00
104-2-EE-K544-D-2-,104,2,工學院,EE,電機工程學系,K544,D,博士班,2,,高等半導體元件物理,3,選,40,11,,29,藍文厚,C01-B102,,"2,3, 4",,,,,,"[{""day"": 2, ""dayName"": ""星期二"", ""periods"": [""2"", ""3"", ""4""], ""raw"": ""2,3, 4""}]",,碩班、博班合開,https://course.nuk.edu.tw/QueryCourse/tcontent.asp?OpenYear=104&Helf=2&Sclass=EE&Cono=K544,2026-08-26T18:13:36+00:00
104-2-EE-K563-D-2-,104,2,工學院,EE,電機工程學系,K563,D,博士班,2,,微電子系統構裝技術,3,選,8,8,,0,吳松茂,C01-414,,"2,3, 4",,,,,,"[{""day"": 2, ""dayName"": ""星期二"", ""periods"": [""2"", ""3"", ""4""], ""raw"": ""2,3, 4""}]",限修,碩博合開，限指定同學選課,https://course.nuk.edu.tw/QueryCourse/tcontent.asp?OpenYear=104&Helf=2&Sclass=EE&Cono=K563,2026-08-26T18:13:36+00:00
104-2-EE-K57B-D-2-,104,2,工學院,EE,電機工程學系,K57B,D,博士班,2,,應用量子力學(二),3,選,60,4,,56,施明昌,C01-106,,,,"6,7, 8",,,,"[{""day"": 4, ""dayName"": ""星期四"", ""periods"": [""6"", ""7"", ""8""], ""raw"": ""6,7, 8""}]",,碩班、博班合開,https://course.nuk.edu.tw/QueryCourse/tcontent.asp?OpenYear=104&Helf=2&Sclass=EE&Cono=K57B,2026-08-26T18:13:36+00:00
104-2-EE-K603-D-2-,104,2,工學院,EE,電機工程學系,K603,D,博士班,2,,類神經網路專題研討,3,選,2,1,,1,吳志宏,C01-406-1,"10,11, 12",,,,,,,"[{""day"": 1, ""dayName"": ""星期一"", ""periods"": [""10"", ""11"", ""12""], ""raw"": ""10,11, 12""}]",先修,限博士班生，使用C01-406-1實驗室,https://course.nuk.edu.tw/QueryCourse/tcontent.asp?OpenYear=104&Helf=2&Sclass=EE&Cono=K603,2026-08-26T18:13:36+00:00
104-2-EE-K604-D-2-,104,2,工學院,EE,電機工程學系,K604,D,博士班,2,,類神經網路與智慧型機器人實務,3,選,16,9,,7,吳志宏,C01-406-1,,,,,"10,11, 12",,,"[{""day"": 5, ""dayName"": ""星期五"", ""periods"": [""10"", ""11"", ""12""], ""raw"": ""10,11, 12""}]",先修 外加,碩博班合開，使用C01-406-1實驗室,https://course.nuk.edu.tw/QueryCourse/tcontent.asp?OpenYear=104&Helf=2&Sclass=EE&Cono=K604,2026-08-26T18:13:36+00:00
104-2-EE-T522-L-1-,104,2,工學院,EE,電機工程學系,T522,L,碩士在職專班,1,,嵌入式影像處理與電腦視覺,3,選,20,4,,16,蕭培墉,C01-104,,"10,11, 12",,,,,,"[{""day"": 2, ""dayName"": ""星期二"", ""periods"": [""10"", ""11"", ""12""], ""raw"": ""10,11, 12""}]",,碩專班，使用C01-104電腦教室,https://course.nuk.edu.tw/QueryCourse/tcontent.asp?OpenYear=104&Helf=2&Sclass=EE&Cono=T522,2026-08-26T18:13:36+00:00
104-2-EE-T543-L-1-,104,2,工學院,EE,電機工程學系,T543,L,碩士在職專班,1,,半導體元件物理,3,選,45,12,,33,藍文厚,C01-202,"10,11, 12",,,,,,,"[{""day"": 1, ""dayName"": ""星期一"", ""periods"": [""10"", ""11"", ""12""], ""raw"": ""10,11, 12""}]",,碩專班12合開,https://course.nuk.edu.tw/QueryCourse/tcontent.asp?OpenYear=104&Helf=2&Sclass=EE&Cono=T543,2026-08-26T18:13:36+00:00
104-2-EE-T562-L-1-,104,2,工學院,EE,電機工程學系,T562,L,碩士在職專班,1,,微波濾波器設計,3,選,20,10,,10,鄧卜華,M01-104,,,"10,11, 12",,,,,"[{""day"": 3, ""dayName"": ""星期三"", ""periods"": [""10"", ""11"", ""12""], ""raw"": ""10,11, 12""}]",,,https://course.nuk.edu.tw/QueryCourse/tcontent.asp?OpenYear=104&Helf=2&Sclass=EE&Cono=T562,2026-08-26T18:13:36+00:00
104-2-EE-T61A-L-1-,104,2,工學院,EE,電機工程學系,T61A,L,碩士在職專班,1,,應用電子學(一),3,選,20,11,,9,張文騰,C01-104,,,,"10,11, 12",,,,"[{""day"": 4, ""dayName"": ""星期四"", ""periods"": [""10"", ""11"", ""12""], ""raw"": ""10,11, 12""}]",,使用C01-104電腦教室,https://course.nuk.edu.tw/QueryCourse/tcontent.asp?OpenYear=104&Helf=2&Sclass=EE&Cono=T61A,2026-08-26T18:13:36+00:00
104-2-EE-T522-L-2-,104,2,工學院,EE,電機工程學系,T522,L,碩士在職專班,2,,嵌入式影像處理與電腦視覺,3,選,20,4,,16,蕭培墉,C01-104,,"10,11, 12",,,,,,"[{""day"": 2, ""dayName"": ""星期二"", ""periods"": [""10"", ""11"", ""12""], ""raw"": ""10,11, 12""}]",,碩專班，使用C01-104電腦教室,https://course.nuk.edu.tw/QueryCourse/tcontent.asp?OpenYear=104&Helf=2&Sclass=EE&Cono=T522,2026-08-26T18:13:36+00:00
104-2-EE-T543-L-2-,104,2,工學院,EE,電機工程學系,T543,L,碩士在職專班,2,,半導體元件物理,3,選,45,12,,33,藍文厚,C01-202,"10,11, 12",,,,,,,"[{""day"": 1, ""dayName"": ""星期一"", ""periods"": [""10"", ""11"", ""12""], ""raw"": ""10,11, 12""}]",,碩專班12合開,https://course.nuk.edu.tw/QueryCourse/tcontent.asp?OpenYear=104&Helf=2&Sclass=EE&Cono=T543,2026-08-26T18:13:36+00:00
104-2-EE-T562-L-2-,104,2,工學院,EE,電機工程學系,T562,L,碩士在職專班,2,,微波濾波器設計,3,選,20,10,,10,鄧卜華,M01-104,,,"10,11, 12",,,,,"[{""day"": 3, ""dayName"": ""星期三"", ""periods"": [""10"", ""11"", ""12""], ""raw"": ""10,11, 12""}]",,,https://course.nuk.edu.tw/QueryCourse/tcontent.asp?OpenYear=104&Helf=2&Sclass=EE&Cono=T562,2026-08-26T18:13:36+00:00
104-2-EE-T61A-L-2-,104,2,工學院,EE,電機工程學系,T61A,L,碩士在職專班,2,,應用電子學(一),3,選,20,11,,9,張文騰,C01-104,,,,"10,11, 12",,,,"[{""day"": 4, ""dayName"": ""星期四"", ""periods"": [""10"", ""11"", ""12""], ""raw"": ""10,11, 12""}]",,使用C01-104電腦教室,https://course.nuk.edu.tw/QueryCourse/tcontent.asp?OpenYear=104&Helf=2&Sclass=EE&Cono=T61A,2026-08-26T18:13:36+00:00
104-2-EE-F500-M-1-,104,2,工學院,EE,電機工程學系,F500,M,碩士班,1,,教學實務演練(電機工程學系),0,選,30,30,,0,梁明正,,,X,,,,,,"[{""day"": 2, ""dayName"": ""星期二"", ""periods"": [""X""], ""raw"": ""X""}]",外加,指定加簽，申請擔任學習型兼任教學助理之學生必須修習本課程。,https://course.nuk.edu.tw/QueryCourse/tcontent.asp?OpenYear=104&Helf=2&Sclass=EE&Cono=F500,2026-08-26T18:13:36+00:00
104-2-EE-F501-M-1-,104,2,工學院,EE,電機工程學系,F501,M,碩士班,1,,演算法,3,選,40,28,,12,黃科瑋,C01-104,"2,3, 4",,,,,,,"[{""day"": 1, ""dayName"": ""星期一"", ""periods"": [""2"", ""3"", ""4""], ""raw"": ""2,3, 4""}]",,4AB與碩班合開,https://course.nuk.edu.tw/QueryCourse/tcontent.asp?OpenYear=104&Helf=2&Sclass=EE&Cono=F501,2026-08-26T18:13:36+00:00
104-2-EE-F523-M-1-,104,2,工學院,EE,電機工程學系,F523,M,碩士班,1,,高速數位系統設計與分析模擬,3,選,40,15,,25,王陳肇,C01-B101,,,,"10,11, 12",,,,"[{""day"": 4, ""dayName"": ""星期四"", ""periods"": [""10"", ""11"", ""12""], ""raw"": ""10,11, 12""}]",,四AB、碩班合開,https://course.nuk.edu.tw/QueryCourse/tcontent.asp?OpenYear=104&Helf=2&Sclass=EE&Cono=F523,2026-08-26T18:13:36+00:00
104-2-EE-F595-M-1-,104,2,工學院,EE,電機工程學系,F595,M,碩士班,1,,微波濾波器設計,3,選,50,8,,42,鄧卜華,B01-103,,,"2,3, 4",,,,,"[{""day"": 3, ""dayName"": ""星期三"", ""periods"": [""2"", ""3"", ""4""], ""raw"": ""2,3, 4""}]",,四AB、碩班合開,https://course.nuk.edu.tw/QueryCourse/tcontent.asp?OpenYear=104&Helf=2&Sclass=EE&Cono=F595,2026-08-26T18:13:36+00:00
104-2-EE-F596-M-1-,104,2,工學院,EE,電機工程學系,F596,M,碩士班,1,,微波工程與實驗,3,選,30,27,,3,吳松茂,C01-B102-1,,,,"2,3, 4",,,,"[{""day"": 4, ""dayName"": ""星期四"", ""periods"": [""2"", ""3"", ""4""], ""raw"": ""2,3, 4""}]",外加,三AB、四AB、碩班合開,https://course.nuk.edu.tw/QueryCourse/tcontent.asp?OpenYear=104&Helf=2&Sclass=EE&Cono=F596,2026-08-26T18:13:36+00:00
104-2-EE-F603-M-1-,104,2,工學院,EE,電機工程學系,F603,M,碩士班,1,,電機機械,3,選,48,48,,0,劉又齊,C01-B101-1,,,,,"2,3, 4",,,"[{""day"": 5, ""dayName"": ""星期五"", ""periods"": [""2"", ""3"", ""4""], ""raw"": ""2,3, 4""}]",外加,四AB、碩班合開，授課老師:劉又齊老師,https://course.nuk.edu.tw/QueryCourse/tcontent.asp?OpenYear=104&Helf=2&Sclass=EE&Cono=F603,2026-08-26T18:13:36+00:00
104-2-EE-F613-M-1-,104,2,工學院,EE,電機工程學系,F613,M,碩士班,1,,高等元件分析,3,選,60,10,,50,江德光,C01-B102-1,,"5,6, 7",,,,,,"[{""day"": 2, ""dayName"": ""星期二"", ""periods"": [""5"", ""6"", ""7""], ""raw"": ""5,6, 7""}]",,四AB、碩班合開,https://course.nuk.edu.tw/QueryCourse/tcontent.asp?OpenYear=104&Helf=2&Sclass=EE&Cono=F613,2026-08-26T18:13:36+00:00
104-2-EE-F691-M-1-,104,2,工學院,EE,電機工程學系,F691,M,碩士班,1,,高等天線原理,3,選,60,21,,39,梁明正,C01-106,"5,6, 7",,,,,,,"[{""day"": 1, ""dayName"": ""星期一"", ""periods"": [""5"", ""6"", ""7""], ""raw"": ""5,6, 7""}]",,四AB、碩班合開,https://course.nuk.edu.tw/QueryCourse/tcontent.asp?OpenYear=104&Helf=2&Sclass=EE&Cono=F691,2026-08-26T18:13:36+00:00
104-2-EE-F781-M-1-,104,2,工學院,EE,電機工程學系,F781,M,碩士班,1,,數位影像處理,3,選,30,7,,23,黃祥哲,C01-B101,"2,3, 4",,,,,,,"[{""day"": 1, ""dayName"": ""星期一"", ""periods"": [""2"", ""3"", ""4""], ""raw"": ""2,3, 4""}]",,四AB、碩班合開,https://course.nuk.edu.tw/QueryCourse/tcontent.asp?OpenYear=104&Helf=2&Sclass=EE&Cono=F781,2026-08-26T18:13:36+00:00
104-2-EE-F785-M-1-,104,2,工學院,EE,電機工程學系,F785,M,碩士班,1,,嵌入式影像處理與電腦視覺,3,選,30,11,,19,蕭培墉,L01-107,,,"2,3, 4",,,,,"[{""day"": 3, ""dayName"": ""星期三"", ""periods"": [""2"", ""3"", ""4""], ""raw"": ""2,3, 4""}]",,"四AB、碩班合開,使用L01-107電腦教室",https://course.nuk.edu.tw/QueryCourse/tcontent.asp?OpenYear=104&Helf=2&Sclass=EE&Cono=F785,2026-08-26T18:13:36+00:00
104-2-EE-F835-M-1-,104,2,工學院,EE,電機工程學系,F835,M,碩士班,1,,行動裝置系統,3,選,40,36,,4,洪德城,C01-201,,,,"10,11, 12",,,,"[{""day"": 4, ""dayName"": ""星期四"", ""periods"": [""10"", ""11"", ""12""], ""raw"": ""10,11, 12""}]",,四AB、碩班合開，使用C01-201實驗室,https://course.nuk.edu.tw/QueryCourse/tcontent.asp?OpenYear=104&Helf=2&Sclass=EE&Cono=F835,2026-08-26T18:13:36+00:00
104-2-EE-G611-M-1-,104,2,工學院,EE,電機工程學系,G611,M,碩士班,1,,行動多媒體系統,3,選,40,25,,15,王維倫,C01-201,"6,7, 8",,,,,,,"[{""day"": 1, ""dayName"": ""星期一"", ""periods"": [""6"", ""7"", ""8""], ""raw"": ""6,7, 8""}]",,四AB、碩班合開，使用C01-201教室,https://course.nuk.edu.tw/QueryCourse/tcontent.asp?OpenYear=104&Helf=2&Sclass=EE&Cono=G611,2026-08-26T18:13:36+00:00
104-2-EE-G70A-M-1-,104,2,工學院,EE,電機工程學系,G70A,M,碩士班,1,,智慧生活空間資訊截取與運用效能化設計(Ⅰ),3,選,40,36,,4,梁明正,C01-105,,,"7,8, 9",,,,,"[{""day"": 3, ""dayName"": ""星期三"", ""periods"": [""7"", ""8"", ""9""], ""raw"": ""7,8, 9""}]",學程,三AB、四AB、碩班合開，智慧生活整合創新學程,https://course.nuk.edu.tw/QueryCourse/tcontent.asp?OpenYear=104&Helf=2&Sclass=EE&Cono=G70A,2026-08-26T18:13:36+00:00
104-2-EE-K001-M-1-,104,2,工學院,EE,電機工程學系,K001,M,碩士班,1,,專題討論,0,必,70,52,,18,馮瑞陽,C01-302-1,,,"5,6",,,,,"[{""day"": 3, ""dayName"": ""星期三"", ""periods"": [""5"", ""6""], ""raw"": ""5,6""}]",,碩班、博班合開，使用C01-302-1,https://course.nuk.edu.tw/QueryCourse/tcontent.asp?OpenYear=104&Helf=2&Sclass=EE&Cono=K001,2026-08-26T18:13:36+00:00
104-2-EE-K544-M-1-,104,2,工學院,EE,電機工程學系,K544,M,碩士班,1,,高等半導體元件物理,3,選,40,11,,29,藍文厚,C01-B102,,"2,3, 4",,,,,,"[{""day"": 2, ""dayName"": ""星期二"", ""periods"": [""2"", ""3"", ""4""], ""raw"": ""2,3, 4""}]",,碩班、博班合開,https://course.nuk.edu.tw/QueryCourse/tcontent.asp?OpenYear=104&Helf=2&Sclass=EE&Cono=K544,2026-08-26T18:13:36+00:00
104-2-EE-K563-M-1-,104,2,工學院,EE,電機工程學系,K563,M,碩士班,1,,微電子系統構裝技術,3,選,8,8,,0,吳松茂,C01-414,,"2,3, 4",,,,,,"[{""day"": 2, ""dayName"": ""星期二"", ""periods"": [""2"", ""3"", ""4""], ""raw"": ""2,3, 4""}]",限修,碩博合開，限指定同學選課,https://course.nuk.edu.tw/QueryCourse/tcontent.asp?OpenYear=104&Helf=2&Sclass=EE&Cono=K563,2026-08-26T18:13:36+00:00
104-2-EE-K57B-M-1-,104,2,工學院,EE,電機工程學系,K57B,M,碩士班,1,,應用量子力學(二),3,選,60,4,,56,施明昌,C01-106,,,,"6,7, 8",,,,"[{""day"": 4, ""dayName"": ""星期四"", ""periods"": [""6"", ""7"", ""8""], ""raw"": ""6,7, 8""}]",,碩班、博班合開,https://course.nuk.edu.tw/QueryCourse/tcontent.asp?OpenYear=104&Helf=2&Sclass=EE&Cono=K57B,2026-08-26T18:13:36+00:00
104-2-EE-K604-M-1-,104,2,工學院,EE,電機工程學系,K604,M,碩士班,1,,類神經網路與智慧型機器人實務,3,選,16,9,,7,吳志宏,C01-406-1,,,,,"10,11, 12",,,"[{""day"": 5, ""dayName"": ""星期五"", ""periods"": [""10"", ""11"", ""12""], ""raw"": ""10,11, 12""}]",先修 外加,碩博班合開，使用C01-406-1實驗室,https://course.nuk.edu.tw/QueryCourse/tcontent.asp?OpenYear=104&Helf=2&Sclass=EE&Cono=K604,2026-08-26T18:13:36+00:00
104-2-EE-F501-M-2-,104,2,工學院,EE,電機工程學系,F501,M,碩士班,2,,演算法,3,選,40,28,,12,黃科瑋,C01-104,"2,3, 4",,,,,,,"[{""day"": 1, ""dayName"": ""星期一"", ""periods"": [""2"", ""3"", ""4""], ""raw"": ""2,3, 4""}]",,4AB與碩班合開,https://course.nuk.edu.tw/QueryCourse/tcontent.asp?OpenYear=104&Helf=2&Sclass=EE&Cono=F501,2026-08-26T18:13:36+00:00
104-2-EE-F523-M-2-,104,2,工學院,EE,電機工程學系,F523,M,碩士班,2,,高速數位系統設計與分析模擬,3,選,40,15,,25,王陳肇,C01-B101,,,,"10,11, 12",,,,"[{""day"": 4, ""dayName"": ""星期四"", ""periods"": [""10"", ""11"", ""12""], ""raw"": ""10,11, 12""}]",,四AB、碩班合開,https://course.nuk.edu.tw/QueryCourse/tcontent.asp?OpenYear=104&Helf=2&Sclass=EE&Cono=F523,2026-08-26T18:13:36+00:00
104-2-EE-F595-M-2-,104,2,工學院,EE,電機工程學系,F595,M,碩士班,2,,微波濾波器設計,3,選,50,8,,42,鄧卜華,B01-103,,,"2,3, 4",,,,,"[{""day"": 3, ""dayName"": ""星期三"", ""periods"": [""2"", ""3"", ""4""], ""raw"": ""2,3, 4""}]",,四AB、碩班合開,https://course.nuk.edu.tw/QueryCourse/tcontent.asp?OpenYear=104&Helf=2&Sclass=EE&Cono=F595,2026-08-26T18:13:36+00:00
104-2-EE-F596-M-2-,104,2,工學院,EE,電機工程學系,F596,M,碩士班,2,,微波工程與實驗,3,選,30,27,,3,吳松茂,C01-B102-1,,,,"2,3, 4",,,,"[{""day"": 4, ""dayName"": ""星期四"", ""periods"": [""2"", ""3"", ""4""], ""raw"": ""2,3, 4""}]",外加,三AB、四AB、碩班合開,https://course.nuk.edu.tw/QueryCourse/tcontent.asp?OpenYear=104&Helf=2&Sclass=EE&Cono=F596,2026-08-26T18:13:36+00:00
104-2-EE-F603-M-2-,104,2,工學院,EE,電機工程學系,F603,M,碩士班,2,,電機機械,3,選,48,48,,0,劉又齊,C01-B101-1,,,,,"2,3, 4",,,"[{""day"": 5, ""dayName"": ""星期五"", ""periods"": [""2"", ""3"", ""4""], ""raw"": ""2,3, 4""}]",外加,四AB、碩班合開，授課老師:劉又齊老師,https://course.nuk.edu.tw/QueryCourse/tcontent.asp?OpenYear=104&Helf=2&Sclass=EE&Cono=F603,2026-08-26T18:13:36+00:00
104-2-EE-F613-M-2-,104,2,工學院,EE,電機工程學系,F613,M,碩士班,2,,高等元件分析,3,選,60,10,,50,江德光,C01-B102-1,,"5,6, 7",,,,,,"[{""day"": 2, ""dayName"": ""星期二"", ""periods"": [""5"", ""6"", ""7""], ""raw"": ""5,6, 7""}]",,四AB、碩班合開,https://course.nuk.edu.tw/QueryCourse/tcontent.asp?OpenYear=104&Helf=2&Sclass=EE&Cono=F613,2026-08-26T18:13:36+00:00
104-2-EE-F691-M-2-,104,2,工學院,EE,電機工程學系,F691,M,碩士班,2,,高等天線原理,3,選,60,21,,39,梁明正,C01-106,"5,6, 7",,,,,,,"[{""day"": 1, ""dayName"": ""星期一"", ""periods"": [""5"", ""6"", ""7""], ""raw"": ""5,6, 7""}]",,四AB、碩班合開,https://course.nuk.edu.tw/QueryCourse/tcontent.asp?OpenYear=104&Helf=2&Sclass=EE&Cono=F691,2026-08-26T18:13:36+00:00
104-2-EE-F781-M-2-,104,2,工學院,EE,電機工程學系,F781,M,碩士班,2,,數位影像處理,3,選,30,7,,23,黃祥哲,C01-B101,"2,3, 4",,,,,,,"[{""day"": 1, ""dayName"": ""星期一"", ""periods"": [""2"", ""3"", ""4""], ""raw"": ""2,3, 4""}]",,四AB、碩班合開,https://course.nuk.edu.tw/QueryCourse/tcontent.asp?OpenYear=104&Helf=2&Sclass=EE&Cono=F781,2026-08-26T18:13:36+00:00
104-2-EE-F785-M-2-,104,2,工學院,EE,電機工程學系,F785,M,碩士班,2,,嵌入式影像處理與電腦視覺,3,選,30,11,,19,蕭培墉,L01-107,,,"2,3, 4",,,,,"[{""day"": 3, ""dayName"": ""星期三"", ""periods"": [""2"", ""3"", ""4""], ""raw"": ""2,3, 4""}]",,"四AB、碩班合開,使用L01-107電腦教室",https://course.nuk.edu.tw/QueryCourse/tcontent.asp?OpenYear=104&Helf=2&Sclass=EE&Cono=F785,2026-08-26T18:13:36+00:00
104-2-EE-F835-M-2-,104,2,工學院,EE,電機工程學系,F835,M,碩士班,2,,行動裝置系統,3,選,40,36,,4,洪德城,C01-201,,,,"10,11, 12",,,,"[{""day"": 4, ""dayName"": ""星期四"", ""periods"": [""10"", ""11"", ""12""], ""raw"": ""10,11, 12""}]",外加,四AB、碩班合開，使用C01-201實驗室,https://course.nuk.edu.tw/QueryCourse/tcontent.asp?OpenYear=104&Helf=2&Sclass=EE&Cono=F835,2026-08-26T18:13:36+00:00
104-2-EE-G611-M-2-,104,2,工學院,EE,電機工程學系,G611,M,碩士班,2,,行動多媒體系統,3,選,40,25,,15,王維倫,C01-201,"6,7, 8",,,,,,,"[{""day"": 1, ""dayName"": ""星期一"", ""periods"": [""6"", ""7"", ""8""], ""raw"": ""6,7, 8""}]",,四AB、碩班合開，使用C01-201教室,https://course.nuk.edu.tw/QueryCourse/tcontent.asp?OpenYear=104&Helf=2&Sclass=EE&Cono=G611,2026-08-26T18:13:36+00:00
104-2-EE-G70A-M-2-,104,2,工學院,EE,電機工程學系,G70A,M,碩士班,2,,智慧生活空間資訊截取與運用效能化設計(Ⅰ),3,選,40,36,,4,梁明正,C01-105,,,"7,8, 9",,,,,"[{""day"": 3, ""dayName"": ""星期三"", ""periods"": [""7"", ""8"", ""9""], ""raw"": ""7,8, 9""}]",學程,三AB、四AB、碩班合開，智慧生活整合創新學程,https://course.nuk.edu.tw/QueryCourse/tcontent.asp?OpenYear=104&Helf=2&Sclass=EE&Cono=G70A,2026-08-26T18:13:36+00:00
104-2-EE-K001-M-2-,104,2,工學院,EE,電機工程學系,K001,M,碩士班,2,,專題討論,0,必,70,52,,18,馮瑞陽,C01-302-1,,,"5,6",,,,,"[{""day"": 3, ""dayName"": ""星期三"", ""periods"": [""5"", ""6""], ""raw"": ""5,6""}]",,碩班、博班合開，使用C01-302-1,https://course.nuk.edu.tw/QueryCourse/tcontent.asp?OpenYear=104&Helf=2&Sclass=EE&Cono=K001,2026-08-26T18:13:36+00:00
104-2-EE-K544-M-2-,104,2,工學院,EE,電機工程學系,K544,M,碩士班,2,,高等半導體元件物理,3,選,40,11,,29,藍文厚,C01-B102,,"2,3, 4",,,,,,"[{""day"": 2, ""dayName"": ""星期二"", ""periods"": [""2"", ""3"", ""4""], ""raw"": ""2,3, 4""}]",,碩班、博班合開,https://course.nuk.edu.tw/QueryCourse/tcontent.asp?OpenYear=104&Helf=2&Sclass=EE&Cono=K544,2026-08-26T18:13:36+00:00
104-2-EE-K563-M-2-,104,2,工學院,EE,電機工程學系,K563,M,碩士班,2,,微電子系統構裝技術,3,選,8,8,,0,吳松茂,C01-414,,"2,3, 4",,,,,,"[{""day"": 2, ""dayName"": ""星期二"", ""periods"": [""2"", ""3"", ""4""], ""raw"": ""2,3, 4""}]",限修,碩博合開，限指定同學選課,https://course.nuk.edu.tw/QueryCourse/tcontent.asp?OpenYear=104&Helf=2&Sclass=EE&Cono=K563,2026-08-26T18:13:36+00:00
104-2-EE-K57B-M-2-,104,2,工學院,EE,電機工程學系,K57B,M,碩士班,2,,應用量子力學(二),3,選,60,4,,56,施明昌,C01-106,,,,"6,7, 8",,,,"[{""day"": 4, ""dayName"": ""星期四"", ""periods"": [""6"", ""7"", ""8""], ""raw"": ""6,7, 8""}]",,碩班、博班合開,https://course.nuk.edu.tw/QueryCourse/tcontent.asp?OpenYear=104&Helf=2&Sclass=EE&Cono=K57B,2026-08-26T18:13:36+00:00
104-2-EE-K604-M-2-,104,2,工學院,EE,電機工程學系,K604,M,碩士班,2,,類神經網路與智慧型機器人實務,3,選,16,9,,7,吳志宏,C01-406-1,,,,,"10,11, 12",,,"[{""day"": 5, ""dayName"": ""星期五"", ""periods"": [""10"", ""11"", ""12""], ""raw"": ""10,11, 12""}]",先修 外加,碩博班合開，使用C01-406-1實驗室,https://course.nuk.edu.tw/QueryCourse/tcontent.asp?OpenYear=104&Helf=2&Sclass=EE&Cono=K604,2026-08-26T18:13:36+00:00
104-2-FL-A03B-A-1-A,104,2,法學院,FL,財經法律學系,A03B,A,大學部,1,A,刑法總則(二),3,必,115,119,,0,謝開平,L02-202,,,,"7,8, 9",,,,"[{""day"": 4, ""dayName"": ""星期四"", ""periods"": [""7"", ""8"", ""9""], ""raw"": ""7,8, 9""}]",,1.基礎課程2.與財法系合班上課,https://course.nuk.edu.tw/QueryCourse/tcontent.asp?OpenYear=104&Helf=2&Sclass=FL&Cono=A03B,2026-08-26T18:13:36+00:00
104-2-FL-A081-A-1-A,104,2,法學院,FL,財經法律學系,A081,A,大學部,1,A,財政學,3,必,75,69,,6,佘志民,L02-204,,"2,3, 4",,,,,,"[{""day"": 2, ""dayName"": ""星期二"", ""periods"": [""2"", ""3"", ""4""], ""raw"": ""2,3, 4""}]",外加,限非應用經濟系學生選修,https://course.nuk.edu.tw/QueryCourse/tcontent.asp?OpenYear=104&Helf=2&Sclass=FL&Cono=A081,2026-08-26T18:13:36+00:00
104-2-FL-A11B-A-1-A,104,2,法學院,FL,財經法律學系,A11B,A,大學部,1,A,憲法(二),2,必,60,47,,13,簡玉聰,L02-103,,"10,11",,,,,,"[{""day"": 2, ""dayName"": ""星期二"", ""periods"": [""10"", ""11""], ""raw"": ""10,11""}]",,,https://course.nuk.edu.tw/QueryCourse/tcontent.asp?OpenYear=104&Helf=2&Sclass=FL&Cono=A11B,2026-08-26T18:13:36+00:00
104-2-FL-A21B-A-1-A,104,2,法學院,FL,財經法律學系,A21B,A,大學部,1,A,民法總則(二),2,必,65,47,,18,陳月端,L02-202,,,"3,4",,,,,"[{""day"": 3, ""dayName"": ""星期三"", ""periods"": [""3"", ""4""], ""raw"": ""3,4""}]",,,https://course.nuk.edu.tw/QueryCourse/tcontent.asp?OpenYear=104&Helf=2&Sclass=FL&Cono=A21B,2026-08-26T18:13:36+00:00
104-2-FL-B02A-A-2-A,104,2,法學院,FL,財經法律學系,B02A,A,大學部,2,A,民法物權(二),2,必,60,20,,40,曾千娟,L02-107,,,,"7,8",,,,"[{""day"": 4, ""dayName"": ""星期四"", ""periods"": [""7"", ""8""], ""raw"": ""7,8""}]",,,https://course.nuk.edu.tw/QueryCourse/tcontent.asp?OpenYear=104&Helf=2&Sclass=FL&Cono=B02A,2026-08-26T18:13:36+00:00
104-2-FL-B04B-A-2-A,104,2,法學院,FL,財經法律學系,B04B,A,大學部,2,A,刑法分則(二),2,必,45,45,,0,謝開平,L02-108,,,,,"5,6",,,"[{""day"": 5, ""dayName"": ""星期五"", ""periods"": [""5"", ""6""], ""raw"": ""5,6""}]",限修,限財法二、三年級選修。,https://course.nuk.edu.tw/QueryCourse/tcontent.asp?OpenYear=104&Helf=2&Sclass=FL&Cono=B04B,2026-08-26T18:13:36+00:00
104-2-FL-B071-A-2-A,104,2,法學院,FL,財經法律學系,B071,A,大學部,2,A,商事法總論及公司法,3,必,61,58,,3,黃清溪,L02-202,,,,,"10,11, 12","2,3, 4",,"[{""day"": 5, ""dayName"": ""星期五"", ""periods"": [""10"", ""11"", ""12""], ""raw"": ""10,11, 12""}, {""day"": 6, ""dayName"": ""星期六"", ""periods"": [""2"", ""3"", ""4""], ""raw"": ""2,3, 4""}]",學程,"黃清溪教授係旅居日本之日本拓殖大學之教授,每月自日本返台授課,每次停留一至二週,故上課時間集中於黃老師返台期間之週五晚上三小時及週六早上三小時。欲修習本課程之同學,請斟酌其他課程之排課時間避免衝堂情形,實際上課時間將於開學後公告於系網頁,請選課同學留意。(隸屬服務與智慧型創新創業學分學程)",https://course.nuk.edu.tw/QueryCourse/tcontent.asp?OpenYear=104&Helf=2&Sclass=FL&Cono=B071,2026-08-26T18:13:36+00:00
104-2-FL-B092-A-2-A,104,2,法學院,FL,財經法律學系,B092,A,大學部,2,A,行政法總論(二),3,必,60,54,,6,簡玉聰,L02-107,,"5,6, 7",,,,,,"[{""day"": 2, ""dayName"": ""星期二"", ""periods"": [""5"", ""6"", ""7""], ""raw"": ""5,6, 7""}]",,,https://course.nuk.edu.tw/QueryCourse/tcontent.asp?OpenYear=104&Helf=2&Sclass=FL&Cono=B092,2026-08-26T18:13:36+00:00
104-2-FL-B11A-A-2-A,104,2,法學院,FL,財經法律學系,B11A,A,大學部,2,A,民法債編總論(二),3,必,120,70,,50,陳月端,L02-202,,"2,3, 4",,,,,,"[{""day"": 2, ""dayName"": ""星期二"", ""periods"": [""2"", ""3"", ""4""], ""raw"": ""2,3, 4""}]",,,https://course.nuk.edu.tw/QueryCourse/tcontent.asp?OpenYear=104&Helf=2&Sclass=FL&Cono=B11A,2026-08-26T18:13:36+00:00
104-2-FL-B131-A-2-A,104,2,法學院,FL,財經法律學系,B131,A,大學部,2,A,民法繼承,2,必,120,72,,48,呂麗慧,L02-202,,,,,"7,8",,,"[{""day"": 5, ""dayName"": ""星期五"", ""periods"": [""7"", ""8""], ""raw"": ""7,8""}]",,與政法系合班,https://course.nuk.edu.tw/QueryCourse/tcontent.asp?OpenYear=104&Helf=2&Sclass=FL&Cono=B131,2026-08-26T18:13:36+00:00
104-2-FL-B651-A-2-A,104,2,法學院,FL,財經法律學系,B651,A,大學部,2,A,國家組織解釋文研讀,2,選,60,22,,38,張永明 外校老師,L02-108,,,,"5,6",,,,"[{""day"": 4, ""dayName"": ""星期四"", ""periods"": [""5"", ""6""], ""raw"": ""5,6""}]",,德國交換教授協同授課,https://course.nuk.edu.tw/QueryCourse/tcontent.asp?OpenYear=104&Helf=2&Sclass=FL&Cono=B651,2026-08-26T18:13:36+00:00
104-2-FL-B131-A-3-A,104,2,法學院,FL,財經法律學系,B131,A,大學部,3,A,民法繼承,2,必,120,72,,48,呂麗慧,L02-202,,,,,"7,8",,,"[{""day"": 5, ""dayName"": ""星期五"", ""periods"": [""7"", ""8""], ""raw"": ""7,8""}]",,1.法律學群2.與財法系大二合班上課,https://course.nuk.edu.tw/QueryCourse/tcontent.asp?OpenYear=104&Helf=2&Sclass=FL&Cono=B131,2026-08-26T18:13:36+00:00
104-2-FL-C02B-A-3-A,104,2,法學院,FL,財經法律學系,C02B,A,大學部,3,A,刑事訴訟法(二),3,必,65,63,,2,林書楷,L02-108,"7,8, 9",,,,,,,"[{""day"": 1, ""dayName"": ""星期一"", ""periods"": [""7"", ""8"", ""9""], ""raw"": ""7,8, 9""}]",限修,限財法三四五年級選修,https://course.nuk.edu.tw/QueryCourse/tcontent.asp?OpenYear=104&Helf=2&Sclass=FL&Cono=C02B,2026-08-26T18:13:36+00:00
104-2-FL-C20B-A-3-A,104,2,法學院,FL,財經法律學系,C20B,A,大學部,3,A,民法債編各論(二),2,必,60,55,,5,曾千娟,L02-108,,,"7,8",,,,,"[{""day"": 3, ""dayName"": ""星期三"", ""periods"": [""7"", ""8""], ""raw"": ""7,8""}]",,,https://course.nuk.edu.tw/QueryCourse/tcontent.asp?OpenYear=104&Helf=2&Sclass=FL&Cono=C20B,2026-08-26T18:13:36+00:00
104-2-FL-C521-A-3-A,104,2,法學院,FL,財經法律學系,C521,A,大學部,3,A,刑事審判實務,2,選,60,44,,16,翁慶珍,L02-108,"10,11",,,,,,,"[{""day"": 1, ""dayName"": ""星期一"", ""periods"": [""10"", ""11""], ""raw"": ""10,11""}]",,授課教師:翁慶珍老師,https://course.nuk.edu.tw/QueryCourse/tcontent.asp?OpenYear=104&Helf=2&Sclass=FL&Cono=C521,2026-08-26T18:13:36+00:00
104-2-FL-C541-A-3-A,104,2,法學院,FL,財經法律學系,C541,A,大學部,3,A,租稅法總論,2,選,60,20,,40,張永明,L02-106,,"3,4",,,,,,"[{""day"": 2, ""dayName"": ""星期二"", ""periods"": [""3"", ""4""], ""raw"": ""3,4""}]",學程,隸屬產業、科技與財經法律學分學程,https://course.nuk.edu.tw/QueryCourse/tcontent.asp?OpenYear=104&Helf=2&Sclass=FL&Cono=C541,2026-08-26T18:13:36+00:00
104-2-FL-C551-A-3-A,104,2,法學院,FL,財經法律學系,C551,A,大學部,3,A,國際貿易法,2,選,61,61,,0,謝國廉,L02-108,,,"3,4",,,,,"[{""day"": 3, ""dayName"": ""星期三"", ""periods"": [""3"", ""4""], ""raw"": ""3,4""}]",,,https://course.nuk.edu.tw/QueryCourse/tcontent.asp?OpenYear=104&Helf=2&Sclass=FL&Cono=C551,2026-08-26T18:13:36+00:00
104-2-FL-C601-A-3-A,104,2,法學院,FL,財經法律學系,C601,A,大學部,3,A,專利法,2,選,60,32,,28,周伯翰,L02-108,,,,"7,8",,,,"[{""day"": 4, ""dayName"": ""星期四"", ""periods"": [""7"", ""8""], ""raw"": ""7,8""}]",學程,與生命科學系大四合開(隸屬服務與智慧型創新創業學分學程、生技產業跨領域學程),https://course.nuk.edu.tw/QueryCourse/tcontent.asp?OpenYear=104&Helf=2&Sclass=FL&Cono=C601,2026-08-26T18:13:36+00:00
104-2-FL-C612-A-3-A,104,2,法學院,FL,財經法律學系,C612,A,大學部,3,A,公平交易法,2,選,61,30,,31,劉俊儀,L02-107,,,,,"1,2, 3,4",,,"[{""day"": 5, ""dayName"": ""星期五"", ""periods"": [""1"", ""2"", ""3"", ""4""], ""raw"": ""1,2, 3,4""}]",學程,隔週上課，雙週上課，每次上課四小時，105年2月26日開始上課。授課教師：劉俊儀老師(隸屬產業、科技與財經法律學分學程),https://course.nuk.edu.tw/QueryCourse/tcontent.asp?OpenYear=104&Helf=2&Sclass=FL&Cono=C612,2026-08-26T18:13:36+00:00
104-2-FL-C761-A-3-A,104,2,法學院,FL,財經法律學系,C761,A,大學部,3,A,金融法,2,選,60,47,,13,周伯翰,L02-108,,"6,7",,,,,,"[{""day"": 2, ""dayName"": ""星期二"", ""periods"": [""6"", ""7""], ""raw"": ""6,7""}]",,隸屬產業、科技與財經法律學分學程、服務與智慧型創新創業學分學程,https://course.nuk.edu.tw/QueryCourse/tcontent.asp?OpenYear=104&Helf=2&Sclass=FL&Cono=C761,2026-08-26T18:13:36+00:00
104-2-FL-D753-A-3-A,104,2,法學院,FL,財經法律學系,D753,A,大學部,3,A,民法實例演習,2,必,120,64,,56,林瑞成,L02-204,"12,13",,,,,,,"[{""day"": 1, ""dayName"": ""星期一"", ""periods"": [""12"", ""13""], ""raw"": ""12,13""}]",,與財法系大四合班上課,https://course.nuk.edu.tw/QueryCourse/tcontent.asp?OpenYear=104&Helf=2&Sclass=FL&Cono=D753,2026-08-26T18:13:36+00:00
104-2-FL-C601-A-4-A,104,2,法學院,FL,財經法律學系,C601,A,大學部,4,A,專利法,2,選,60,32,,28,周伯翰,L02-108,,,,"7,8",,,,"[{""day"": 4, ""dayName"": ""星期四"", ""periods"": [""7"", ""8""], ""raw"": ""7,8""}]",學程,與財法三合開(隸屬服務與智慧型創新創業學分學程、生技產業跨領域學程),https://course.nuk.edu.tw/QueryCourse/tcontent.asp?OpenYear=104&Helf=2&Sclass=FL&Cono=C601,2026-08-26T18:13:36+00:00
104-2-FL-D011-A-4-A,104,2,法學院,FL,財經法律學系,D011,A,大學部,4,A,法律倫理,2,必,60,27,,33,陳月端,L02-107,,,,"3,4",,,,"[{""day"": 4, ""dayName"": ""星期四"", ""periods"": [""3"", ""4""], ""raw"": ""3,4""}]",,,https://course.nuk.edu.tw/QueryCourse/tcontent.asp?OpenYear=104&Helf=2&Sclass=FL&Cono=D011,2026-08-26T18:13:36+00:00
104-2-FL-D051-A-4-A,104,2,法學院,FL,財經法律學系,D051,A,大學部,4,A,國際私法,2,必,60,22,,38,曾千娟,L02-201,,"10,11",,,,,,"[{""day"": 2, ""dayName"": ""星期二"", ""periods"": [""10"", ""11""], ""raw"": ""10,11""}]",,,https://course.nuk.edu.tw/QueryCourse/tcontent.asp?OpenYear=104&Helf=2&Sclass=FL&Cono=D051,2026-08-26T18:13:36+00:00
104-2-FL-D052-A-4-A,104,2,法學院,FL,財經法律學系,D052,A,大學部,4,A,國際公法,2,必,80,72,,8,吳行浩,L02-204,"5,6",,,,,,,"[{""day"": 1, ""dayName"": ""星期一"", ""periods"": [""5"", ""6""], ""raw"": ""5,6""}]",,,https://course.nuk.edu.tw/QueryCourse/tcontent.asp?OpenYear=104&Helf=2&Sclass=FL&Cono=D052,2026-08-26T18:13:36+00:00
104-2-FL-D061-A-4-A,104,2,法學院,FL,財經法律學系,D061,A,大學部,4,A,法學英文,2,必,60,19,,41,謝國廉,L02-414,,"5,6",,,,,,"[{""day"": 2, ""dayName"": ""星期二"", ""periods"": [""5"", ""6""], ""raw"": ""5,6""}]",,全英語授課,https://course.nuk.edu.tw/QueryCourse/tcontent.asp?OpenYear=104&Helf=2&Sclass=FL&Cono=D061,2026-08-26T18:13:36+00:00
104-2-FL-D631-A-4-A,104,2,法學院,FL,財經法律學系,D631,A,大學部,4,A,商標法,2,選,60,49,,11,謝國廉,L02-108,,,,"1,2",,,,"[{""day"": 4, ""dayName"": ""星期四"", ""periods"": [""1"", ""2""], ""raw"": ""1,2""}]",,,https://course.nuk.edu.tw/QueryCourse/tcontent.asp?OpenYear=104&Helf=2&Sclass=FL&Cono=D631,2026-08-26T18:13:36+00:00
104-2-FL-D753-A-4-A,104,2,法學院,FL,財經法律學系,D753,A,大學部,4,A,民法實例演習,2,選,120,64,,56,林瑞成,L02-204,"12,13",,,,,,,"[{""day"": 1, ""dayName"": ""星期一"", ""periods"": [""12"", ""13""], ""raw"": ""12,13""}]",,與法律系大學部三年級合班上課,https://course.nuk.edu.tw/QueryCourse/tcontent.asp?OpenYear=104&Helf=2&Sclass=FL&Cono=D753,2026-08-26T18:13:36+00:00
104-2-FL-D772-A-4-A,104,2,法學院,FL,財經法律學系,D772,A,大學部,4,A,行政爭訟實務,2,選,60,12,,48,林石猛,L02-107,,,,,,"1,2, 3,4",,"[{""day"": 6, ""dayName"": ""星期六"", ""periods"": [""1"", ""2"", ""3"", ""4""], ""raw"": ""1,2, 3,4""}]",,隔週上課,https://course.nuk.edu.tw/QueryCourse/tcontent.asp?OpenYear=104&Helf=2&Sclass=FL&Cono=D772,2026-08-26T18:13:36+00:00
104-2-FL-F69C-L-1-,104,2,法學院,FL,財經法律學系,F69C,L,碩士在職專班,1,,商事法專題研究(三),2,選,20,16,,4,黃清溪,L02-305,,,,,,"5,6, 7,8",,"[{""day"": 6, ""dayName"": ""星期六"", ""periods"": [""5"", ""6"", ""7"", ""8""], ""raw"": ""5,6, 7,8""}]",,"1.與財法系合班上課 2.民商法組選修課程 3.黃清溪教授係旅居日本之日本拓植大學之教授,每月自日本返台授課,每次停留一至二週,故上課時間集中於黃老師返台期間週六下午四小時。欲修習本課程之同學,請斟酌其他課程之排課時間避免衝堂情形,實際上課時間將於開學後公告於系網頁,請選課同學留意.",https://course.nuk.edu.tw/QueryCourse/tcontent.asp?OpenYear=104&Helf=2&Sclass=FL&Cono=F69C,2026-08-26T18:13:36+00:00
104-2-FL-F022-M-1-,104,2,法學院,FL,財經法律學系,F022,M,碩士班,1,,法學英文(二),2,必,20,12,,8,吳行浩,L02-306,,,,"7,8",,,,"[{""day"": 4, ""dayName"": ""星期四"", ""periods"": [""7"", ""8""], ""raw"": ""7,8""}]",,全英語授課,https://course.nuk.edu.tw/QueryCourse/tcontent.asp?OpenYear=104&Helf=2&Sclass=FL&Cono=F022,2026-08-26T18:13:36+00:00
104-2-FL-F04C-M-1-,104,2,法學院,FL,財經法律學系,F04C,M,碩士班,1,,法學德文(三),2,必,20,4,,16,張永明,L02-306,"5,6",,,,,,,"[{""day"": 1, ""dayName"": ""星期一"", ""periods"": [""5"", ""6""], ""raw"": ""5,6""}]",,開放本院大學部三、四年級、二年制在職專班二年級以上、碩士班及碩士在職專班學生選修。,https://course.nuk.edu.tw/QueryCourse/tcontent.asp?OpenYear=104&Helf=2&Sclass=FL&Cono=F04C,2026-08-26T18:13:36+00:00
104-2-FL-F500-M-1-,104,2,法學院,FL,財經法律學系,F500,M,碩士班,1,,教學實務演練(財經法律學系),0,選,14,14,,0,周伯翰,,,X,,,,,,"[{""day"": 2, ""dayName"": ""星期二"", ""periods"": [""X""], ""raw"": ""X""}]",外加,指定加簽，申請擔任學習型兼任教學助理之學生必須修習本課程。請於3/3前上網完成選課作業。,https://course.nuk.edu.tw/QueryCourse/tcontent.asp?OpenYear=104&Helf=2&Sclass=FL&Cono=F500,2026-08-26T18:13:36+00:00
104-2-FL-F523-M-1-,104,2,法學院,FL,財經法律學系,F523,M,碩士班,1,,國際智慧財產權法專題研究,2,選,20,8,,12,謝國廉,L02-307,,,"5,6",,,,,"[{""day"": 3, ""dayName"": ""星期三"", ""periods"": [""5"", ""6""], ""raw"": ""5,6""}]",,開放本院碩士班及碩士在職專班學生選修。,https://course.nuk.edu.tw/QueryCourse/tcontent.asp?OpenYear=104&Helf=2&Sclass=FL&Cono=F523,2026-08-26T18:13:36+00:00
104-2-FL-F531-M-1-,104,2,法學院,FL,財經法律學系,F531,M,碩士班,1,,國際海商法專題研究,2,選,20,4,,16,于惠蓉,L02-306,,"3,4",,,,,,"[{""day"": 2, ""dayName"": ""星期二"", ""periods"": [""3"", ""4""], ""raw"": ""3,4""}]",,授課教師:于惠蓉老師,https://course.nuk.edu.tw/QueryCourse/tcontent.asp?OpenYear=104&Helf=2&Sclass=FL&Cono=F531,2026-08-26T18:13:36+00:00
104-2-FL-F533-M-1-,104,2,法學院,FL,財經法律學系,F533,M,碩士班,1,,國際經貿法律與紛爭處理,2,選,20,18,,2,吳行浩,L02-306,,"6,7",,,,,,"[{""day"": 2, ""dayName"": ""星期二"", ""periods"": [""6"", ""7""], ""raw"": ""6,7""}]",,,https://course.nuk.edu.tw/QueryCourse/tcontent.asp?OpenYear=104&Helf=2&Sclass=FL&Cono=F533,2026-08-26T18:13:36+00:00
104-2-FL-F605-M-1-,104,2,法學院,FL,財經法律學系,F605,M,碩士班,1,,國際經濟法專題研究：台灣企業面臨全球化併購問題及其法令政策之因應,2,選,20,10,,10,王仁宏,L02-306,,,,"3,4",,,,"[{""day"": 4, ""dayName"": ""星期四"", ""periods"": [""3"", ""4""], ""raw"": ""3,4""}]",,開放其他相關系所。限碩士以上。,https://course.nuk.edu.tw/QueryCourse/tcontent.asp?OpenYear=104&Helf=2&Sclass=FL&Cono=F605,2026-08-26T18:13:36+00:00
104-2-FL-F661-M-1-,104,2,法學院,FL,財經法律學系,F661,M,碩士班,1,,財稅法專題研究(一),2,選,20,9,,11,簡玉聰,L02-203,,,"7,8",,,,,"[{""day"": 3, ""dayName"": ""星期三"", ""periods"": [""7"", ""8""], ""raw"": ""7,8""}]",,開放本院大學部三、四年級、二年制在職專班二年級以上、碩士班及碩士在職專班學生選修。,https://course.nuk.edu.tw/QueryCourse/tcontent.asp?OpenYear=104&Helf=2&Sclass=FL&Cono=F661,2026-08-26T18:13:36+00:00
104-2-FL-F691-M-1-,104,2,法學院,FL,財經法律學系,F691,M,碩士班,1,,海商法專題研究,2,選,15,4,,11,羅俊瑋,L02-307,,"10,11, 12,13",,,,,,"[{""day"": 2, ""dayName"": ""星期二"", ""periods"": [""10"", ""11"", ""12"", ""13""], ""raw"": ""10,11, 12,13""}]",,授課教師:羅俊瑋老師。隔週上課，105年2月23日開始上課。開放大學部四年級學生選修,https://course.nuk.edu.tw/QueryCourse/tcontent.asp?OpenYear=104&Helf=2&Sclass=FL&Cono=F691,2026-08-26T18:13:36+00:00
104-2-FL-F69C-M-1-,104,2,法學院,FL,財經法律學系,F69C,M,碩士班,1,,商事法專題研究(三),2,選,20,16,,4,黃清溪,L02-305,,,,,,"5,6, 7,8",,"[{""day"": 6, ""dayName"": ""星期六"", ""periods"": [""5"", ""6"", ""7"", ""8""], ""raw"": ""5,6, 7,8""}]",,與法律系合班上課,https://course.nuk.edu.tw/QueryCourse/tcontent.asp?OpenYear=104&Helf=2&Sclass=FL&Cono=F69C,2026-08-26T18:13:36+00:00
104-2-FL-F721-M-1-,104,2,法學院,FL,財經法律學系,F721,M,碩士班,1,,勞動法案例專題討論(一),2,選,21,7,,14,林良榮,L02-307,,,,,,"5,6, 7,8, 9,10",,"[{""day"": 6, ""dayName"": ""星期六"", ""periods"": [""5"", ""6"", ""7"", ""8"", ""9"", ""10""], ""raw"": ""5,6, 7,8, 9,10""}]",,授課教師:林良榮老師。開放放本院大學部四年級、二年制在職專班二年級以上、碩士班及碩士在職專班學生選修。本課程主要集中於5、6月上課，每次上第5-10節，共六週，每次上課4-6小時。本課程為案例研究(判決評釋)，主要是以勞基法相關案例為主。請注意，第一次上課為開學當周(六)，下午一點至四點。由於第一次上課將討論報告主題與報告順序、方式，若有當日未出席者(或未請假者)則視為棄選本課程。另，由於本課程是集中上課方式，若無正當理由請勿任意缺席。,https://course.nuk.edu.tw/QueryCourse/tcontent.asp?OpenYear=104&Helf=2&Sclass=FL&Cono=F721,2026-08-26T18:13:36+00:00
104-2-FL-F01D-M-2-,104,2,法學院,FL,財經法律學系,F01D,M,碩士班,2,,法學日文(四),2,必,20,4,,16,簡玉聰,L02-203,,,,,,"5,6",,"[{""day"": 6, ""dayName"": ""星期六"", ""periods"": [""5"", ""6""], ""raw"": ""5,6""}]",,開放本院大學部、二年制在職專班二年級以上、碩士班及碩士在職專班學生選修。,https://course.nuk.edu.tw/QueryCourse/tcontent.asp?OpenYear=104&Helf=2&Sclass=FL&Cono=F01D,2026-08-26T18:13:36+00:00
104-2-FL-F51B-M-2-,104,2,法學院,FL,財經法律學系,F51B,M,碩士班,2,,專利法專題研究(二),2,選,20,6,,14,周伯翰,L02-306,"8,9",,,,,,,"[{""day"": 1, ""dayName"": ""星期一"", ""periods"": [""8"", ""9""], ""raw"": ""8,9""}]",,開放本院大學部三、四年級、二年制在職專班、碩士班及碩士在職專班學生選修。,https://course.nuk.edu.tw/QueryCourse/tcontent.asp?OpenYear=104&Helf=2&Sclass=FL&Cono=F51B,2026-08-26T18:13:36+00:00
104-2-FL-F59D-M-2-,104,2,法學院,FL,財經法律學系,F59D,M,碩士班,2,,生物醫學法律專題研究(四),2,選,20,8,,12,陳月端,L02-302,,,,"5,6",,,,"[{""day"": 4, ""dayName"": ""星期四"", ""periods"": [""5"", ""6""], ""raw"": ""5,6""}]",,開放本院大學部三、四年級、二年制在職專班、碩士班及碩士在職專班學生選修。,https://course.nuk.edu.tw/QueryCourse/tcontent.asp?OpenYear=104&Helf=2&Sclass=FL&Cono=F59D,2026-08-26T18:13:36+00:00
104-2-GL-A03B-A-1-A,104,2,法學院,GL,政治法律學系,A03B,A,大學部,1,A,憲法(二),2,必,65,65,,0,李俊增,L02-106,,"5,6",,,,,,"[{""day"": 2, ""dayName"": ""星期二"", ""periods"": [""5"", ""6""], ""raw"": ""5,6""}]",外加,基礎課程,https://course.nuk.edu.tw/QueryCourse/tcontent.asp?OpenYear=104&Helf=2&Sclass=GL&Cono=A03B,2026-08-26T18:13:36+00:00
104-2-GL-A061-A-1-A,104,2,法學院,GL,政治法律學系,A061,A,大學部,1,A,國家學,3,必,60,55,,5,姚朝森,L02-106,,,,"2,3, 4",,,,"[{""day"": 4, ""dayName"": ""星期四"", ""periods"": [""2"", ""3"", ""4""], ""raw"": ""2,3, 4""}]",,基礎課程,https://course.nuk.edu.tw/QueryCourse/tcontent.asp?OpenYear=104&Helf=2&Sclass=GL&Cono=A061,2026-08-26T18:13:36+00:00
104-2-GL-A071-A-1-A,104,2,法學院,GL,政治法律學系,A071,A,大學部,1,A,國際關係,2,必,60,57,,3,陳文生,L02-106,"2,3",,,,,,,"[{""day"": 1, ""dayName"": ""星期一"", ""periods"": [""2"", ""3""], ""raw"": ""2,3""}]",,基礎課程,https://course.nuk.edu.tw/QueryCourse/tcontent.asp?OpenYear=104&Helf=2&Sclass=GL&Cono=A071,2026-08-26T18:13:36+00:00
104-2-GL-A081-A-1-A,104,2,法學院,GL,政治法律學系,A081,A,大學部,1,A,民法債編總論(一),3,必,126,108,,18,李淑如,L02-204,,,"2,3, 4",,,,,"[{""day"": 3, ""dayName"": ""星期三"", ""periods"": [""2"", ""3"", ""4""], ""raw"": ""2,3, 4""}]",先修 外加,1. 基礎課程2. 限修畢「民法總則」3.與政法系合班上課,https://course.nuk.edu.tw/QueryCourse/tcontent.asp?OpenYear=104&Helf=2&Sclass=GL&Cono=A081,2026-08-26T18:13:36+00:00
104-2-GL-A10B-A-1-A,104,2,法學院,GL,政治法律學系,A10B,A,大學部,1,A,行政學(二）,2,必,64,64,,0,廖義銘,L02-106,,,,,"5,6",,,"[{""day"": 5, ""dayName"": ""星期五"", ""periods"": [""5"", ""6""], ""raw"": ""5,6""}]",外加,基礎課程,https://course.nuk.edu.tw/QueryCourse/tcontent.asp?OpenYear=104&Helf=2&Sclass=GL&Cono=A10B,2026-08-26T18:13:36+00:00
104-2-GL-B01B-A-2-A,104,2,法學院,GL,政治法律學系,B01B,A,大學部,2,A,行政法總論(二),2,必,60,51,,9,邵惠玲,L02-103,,,,"7,8",,,,"[{""day"": 4, ""dayName"": ""星期四"", ""periods"": [""7"", ""8""], ""raw"": ""7,8""}]",,基礎課程,https://course.nuk.edu.tw/QueryCourse/tcontent.asp?OpenYear=104&Helf=2&Sclass=GL&Cono=B01B,2026-08-26T18:13:36+00:00
104-2-GL-B02B-A-2-A,104,2,法學院,GL,政治法律學系,B02B,A,大學部,2,A,比較政府(二),2,必,60,57,,3,楊鈞池,L02-105,,"5,6",,,,,,"[{""day"": 2, ""dayName"": ""星期二"", ""periods"": [""5"", ""6""], ""raw"": ""5,6""}]",,基礎課程,https://course.nuk.edu.tw/QueryCourse/tcontent.asp?OpenYear=104&Helf=2&Sclass=GL&Cono=B02B,2026-08-26T18:13:36+00:00
104-2-GL-B05B-A-2-A,104,2,法學院,GL,政治法律學系,B05B,A,大學部,2,A,刑法分則(二),2,必,101,101,,0,林俊寬,L02-204,,,,,"7,8",,,"[{""day"": 5, ""dayName"": ""星期五"", ""periods"": [""7"", ""8""], ""raw"": ""7,8""}]",外加,法律學群課程,https://course.nuk.edu.tw/QueryCourse/tcontent.asp?OpenYear=104&Helf=2&Sclass=GL&Cono=B05B,2026-08-26T18:13:36+00:00
104-2-GL-B081-A-2-A,104,2,法學院,GL,政治法律學系,B081,A,大學部,2,A,西洋政治思想史,3,必,60,49,,11,姚朝森,L02-105,,"2,3, 4",,,,,,"[{""day"": 2, ""dayName"": ""星期二"", ""periods"": [""2"", ""3"", ""4""], ""raw"": ""2,3, 4""}]",,基礎課程,https://course.nuk.edu.tw/QueryCourse/tcontent.asp?OpenYear=104&Helf=2&Sclass=GL&Cono=B081,2026-08-26T18:13:36+00:00
104-2-GL-B101-A-2-A,104,2,法學院,GL,政治法律學系,B101,A,大學部,2,A,民法債編各論,3,必,56,48,,8,李淑如,L02-105,,,,"2,3, 4",,,,"[{""day"": 4, ""dayName"": ""星期四"", ""periods"": [""2"", ""3"", ""4""], ""raw"": ""2,3, 4""}]",先修 限修及外加,1.基礎課程2.限大學部選修 (限修A10322)3.限修畢債總(一),https://course.nuk.edu.tw/QueryCourse/tcontent.asp?OpenYear=104&Helf=2&Sclass=GL&Cono=B101,2026-08-26T18:13:36+00:00
104-2-GL-B172-A-2-A,104,2,法學院,GL,政治法律學系,B172,A,大學部,2,A,社會學,3,必,60,59,,1,廖義銘,L02-105,"2,3, 4",,,,,,,"[{""day"": 1, ""dayName"": ""星期一"", ""periods"": [""2"", ""3"", ""4""], ""raw"": ""2,3, 4""}]",,1.基礎課程2.與「經濟學」二選一，計3學分,https://course.nuk.edu.tw/QueryCourse/tcontent.asp?OpenYear=104&Helf=2&Sclass=GL&Cono=B172,2026-08-26T18:13:36+00:00
104-2-GL-C04A-A-2-A,104,2,法學院,GL,政治法律學系,C04A,A,大學部,2,A,民事訴訟法(一),2,必,61,55,,6,賴恆盈,L02-105,,,"7,8",,,,,"[{""day"": 3, ""dayName"": ""星期三"", ""periods"": [""7"", ""8""], ""raw"": ""7,8""}]",,基礎課程,https://course.nuk.edu.tw/QueryCourse/tcontent.asp?OpenYear=104&Helf=2&Sclass=GL&Cono=C04A,2026-08-26T18:13:36+00:00
104-2-GL-C101-A-2-A,104,2,法學院,GL,政治法律學系,C101,A,大學部,2,A,公共政策,2,必,60,58,,2,楊鈞池,L02-105,,,"3,4",,,,,"[{""day"": 3, ""dayName"": ""星期三"", ""periods"": [""3"", ""4""], ""raw"": ""3,4""}]",,政治學群課程,https://course.nuk.edu.tw/QueryCourse/tcontent.asp?OpenYear=104&Helf=2&Sclass=GL&Cono=C101,2026-08-26T18:13:36+00:00
104-2-GL-B092-A-3-A,104,2,法學院,GL,政治法律學系,B092,A,大學部,3,A,行政程序法制,2,必,60,51,,9,李俊增,L02-106,,,"5,6",,,,,"[{""day"": 3, ""dayName"": ""星期三"", ""periods"": [""5"", ""6""], ""raw"": ""5,6""}]",,整合課程,https://course.nuk.edu.tw/QueryCourse/tcontent.asp?OpenYear=104&Helf=2&Sclass=GL&Cono=B092,2026-08-26T18:13:36+00:00
104-2-GL-C05B-A-3-A,104,2,法學院,GL,政治法律學系,C05B,A,大學部,3,A,刑事訴訟法(二),2,必,60,51,,9,黃翰義,L02-106,,,,,,"1,2, 3,4",,"[{""day"": 6, ""dayName"": ""星期六"", ""periods"": [""1"", ""2"", ""3"", ""4""], ""raw"": ""1,2, 3,4""}]",,1.法律學群2.隔週上課，單週上課，上課節數1、2、3、4節，請勿衝堂。,https://course.nuk.edu.tw/QueryCourse/tcontent.asp?OpenYear=104&Helf=2&Sclass=GL&Cono=C05B,2026-08-26T18:13:36+00:00
104-2-GL-C102-A-3-A,104,2,法學院,GL,政治法律學系,C102,A,大學部,3,A,公法與公共行政,2,必,60,51,,9,楊戊龍,L02-106,,,"3,4",,,,,"[{""day"": 3, ""dayName"": ""星期三"", ""periods"": [""3"", ""4""], ""raw"": ""3,4""}]",,整合課程,https://course.nuk.edu.tw/QueryCourse/tcontent.asp?OpenYear=104&Helf=2&Sclass=GL&Cono=C102,2026-08-26T18:13:36+00:00
104-2-GL-C122-A-3-A,104,2,法學院,GL,政治法律學系,C122,A,大學部,3,A,地方自治法制,2,必,60,53,,7,邵惠玲,L02-106,,,,"5,6",,,,"[{""day"": 4, ""dayName"": ""星期四"", ""periods"": [""5"", ""6""], ""raw"": ""5,6""}]",,整合課程,https://course.nuk.edu.tw/QueryCourse/tcontent.asp?OpenYear=104&Helf=2&Sclass=GL&Cono=C122,2026-08-26T18:13:36+00:00
104-2-GL-C14B-A-3-A,104,2,法學院,GL,政治法律學系,C14B,A,大學部,3,A,比較政治(二),2,必,60,11,,49,楊鈞池,L02-108,,,,"3,4",,,,"[{""day"": 4, ""dayName"": ""星期四"", ""periods"": [""3"", ""4""], ""raw"": ""3,4""}]",,政治學群,https://course.nuk.edu.tw/QueryCourse/tcontent.asp?OpenYear=104&Helf=2&Sclass=GL&Cono=C14B,2026-08-26T18:13:36+00:00
104-2-GL-C172-A-3-A,104,2,法學院,GL,政治法律學系,C172,A,大學部,3,A,行政爭訟法(二),2,必,63,62,,1,賴恆盈,L02-105,,"7,8",,,,,,"[{""day"": 2, ""dayName"": ""星期二"", ""periods"": [""7"", ""8""], ""raw"": ""7,8""}]",先修 外加,1.法律學群2.修畢民事訴訟法(一)3.修習同學，務必選修賴恆盈老師與業界教師協同教學之「行政訴訟審判實務」課程,https://course.nuk.edu.tw/QueryCourse/tcontent.asp?OpenYear=104&Helf=2&Sclass=GL&Cono=C172,2026-08-26T18:13:36+00:00
104-2-GL-C673-A-3-A,104,2,法學院,GL,政治法律學系,C673,A,大學部,3,A,法律服務(三),2,選,60,13,,47,廖義銘,L02-102,,,,"10,11, 12,13",,,,"[{""day"": 4, ""dayName"": ""星期四"", ""periods"": [""10"", ""11"", ""12"", ""13""], ""raw"": ""10,11, 12,13""}]",,隔週上課(單週)上課節數10、11、12、13節，請勿衝堂。,https://course.nuk.edu.tw/QueryCourse/tcontent.asp?OpenYear=104&Helf=2&Sclass=GL&Cono=C673,2026-08-26T18:13:36+00:00
104-2-GL-D101-A-3-A,104,2,法學院,GL,政治法律學系,D101,A,大學部,3,A,政治經濟學,2,必,60,17,,43,楊鈞池,L02-106,,,,"7,8",,,,"[{""day"": 4, ""dayName"": ""星期四"", ""periods"": [""7"", ""8""], ""raw"": ""7,8""}]",,政治學群,https://course.nuk.edu.tw/QueryCourse/tcontent.asp?OpenYear=104&Helf=2&Sclass=GL&Cono=D101,2026-08-26T18:13:36+00:00
104-2-GL-C021-A-4-A,104,2,法學院,GL,政治法律學系,C021,A,大學部,4,A,立法論,2,必,60,12,,48,廖義銘,L02-105,"7,8",,,,,,,"[{""day"": 1, ""dayName"": ""星期一"", ""periods"": [""7"", ""8""], ""raw"": ""7,8""}]",,政治學群,https://course.nuk.edu.tw/QueryCourse/tcontent.asp?OpenYear=104&Helf=2&Sclass=GL&Cono=C021,2026-08-26T18:13:36+00:00
104-2-GL-D042-A-4-A,104,2,法學院,GL,政治法律學系,D042,A,大學部,4,A,國家財政法制,2,必,60,52,,8,簡玉聰,L02-105,,,"5,6",,,,,"[{""day"": 3, ""dayName"": ""星期三"", ""periods"": [""5"", ""6""], ""raw"": ""5,6""}]",,整合課程,https://course.nuk.edu.tw/QueryCourse/tcontent.asp?OpenYear=104&Helf=2&Sclass=GL&Cono=D042,2026-08-26T18:13:36+00:00
104-2-GL-D122-A-4-A,104,2,法學院,GL,政治法律學系,D122,A,大學部,4,A,民法實例演習(二),2,必,60,28,,32,洪能超,L02-106,,,,"10,11",,,,"[{""day"": 4, ""dayName"": ""星期四"", ""periods"": [""10"", ""11""], ""raw"": ""10,11""}]",,法律學群,https://course.nuk.edu.tw/QueryCourse/tcontent.asp?OpenYear=104&Helf=2&Sclass=GL&Cono=D122,2026-08-26T18:13:36+00:00
104-2-GL-D132-A-4-A,104,2,法學院,GL,政治法律學系,D132,A,大學部,4,A,刑法實例演習(二),2,必,60,16,,44,林俊寬,L02-103,,,"10,11",,,,,"[{""day"": 3, ""dayName"": ""星期三"", ""periods"": [""10"", ""11""], ""raw"": ""10,11""}]",,1.法律學群2.上課節數為10、11、12、13節，隔週上課(單週)請勿衝堂。,https://course.nuk.edu.tw/QueryCourse/tcontent.asp?OpenYear=104&Helf=2&Sclass=GL&Cono=D132,2026-08-26T18:13:36+00:00
104-2-GL-D142-A-4-A,104,2,法學院,GL,政治法律學系,D142,A,大學部,4,A,公法實例演習(二),2,必,60,46,,14,徐偉超,L02-105,,,,"Y,5, 6,7",,,,"[{""day"": 4, ""dayName"": ""星期四"", ""periods"": [""Y"", ""5"", ""6"", ""7""], ""raw"": ""Y,5, 6,7""}]",,1.法律學群2.不接受旁聽、棄選，如欲聽課請務必選課3.上課12週(2/18~5/5)每次3小時。,https://course.nuk.edu.tw/QueryCourse/tcontent.asp?OpenYear=104&Helf=2&Sclass=GL&Cono=D142,2026-08-26T18:13:36+00:00
104-2-GL-D191-A-4-A,104,2,法學院,GL,政治法律學系,D191,A,大學部,4,A,職場權責與專業倫理,2,必,60,56,,4,楊戊龍,L02-102,,,,"3,4",,,,"[{""day"": 4, ""dayName"": ""星期四"", ""periods"": [""3"", ""4""], ""raw"": ""3,4""}]",,整合課程,https://course.nuk.edu.tw/QueryCourse/tcontent.asp?OpenYear=104&Helf=2&Sclass=GL&Cono=D191,2026-08-26T18:13:36+00:00
104-2-GL-D192-A-4-A,104,2,法學院,GL,政治法律學系,D192,A,大學部,4,A,談判策略與實例演練,2,必,60,13,,47,簡赫琳,L02-106,,,"7,8",,,,,"[{""day"": 3, ""dayName"": ""星期三"", ""periods"": [""7"", ""8""], ""raw"": ""7,8""}]",,,https://course.nuk.edu.tw/QueryCourse/tcontent.asp?OpenYear=104&Helf=2&Sclass=GL&Cono=D192,2026-08-26T18:13:36+00:00
104-2-GL-D522-A-4-A,104,2,法學院,GL,政治法律學系,D522,A,大學部,4,A,行政訴訟審判實務,2,選,79,68,,11,賴恆盈 業界教師,L02-516,,,,,"2,3, 4",,,"[{""day"": 5, ""dayName"": ""星期五"", ""periods"": [""2"", ""3"", ""4""], ""raw"": ""2,3, 4""}]",外加,上課12週(2/19~5/13)，每週3小時。，歡迎其他系所、學制同學報名。,https://course.nuk.edu.tw/QueryCourse/tcontent.asp?OpenYear=104&Helf=2&Sclass=GL&Cono=D522,2026-08-26T18:13:36+00:00
104-2-GL-D562-A-4-A,104,2,法學院,GL,政治法律學系,D562,A,大學部,4,A,刑事訴訟法實例演習(二),2,選,60,23,,37,林俊寬,L02-103,,,"12,13",,,,,"[{""day"": 3, ""dayName"": ""星期三"", ""periods"": [""12"", ""13""], ""raw"": ""12,13""}]",,1.法律學群2.上課節數為10、11、12、13節，隔週上課(雙週)請勿衝堂。,https://course.nuk.edu.tw/QueryCourse/tcontent.asp?OpenYear=104&Helf=2&Sclass=GL&Cono=D562,2026-08-26T18:13:36+00:00
104-2-GL-D56B-A-4-A,104,2,法學院,GL,政治法律學系,D56B,A,大學部,4,A,身分法實例演習(含家事事件法)(二),2,選,20,7,,13,林芬瑜,L02-310,,"5,6, 7,8",,,,,,"[{""day"": 2, ""dayName"": ""星期二"", ""periods"": [""5"", ""6"", ""7"", ""8""], ""raw"": ""5,6, 7,8""}]",,1.法律學群2.隔週上課(單週)上課節數5、6、7、8節，請勿衝堂。,https://course.nuk.edu.tw/QueryCourse/tcontent.asp?OpenYear=104&Helf=2&Sclass=GL&Cono=D56B,2026-08-26T18:13:36+00:00
104-2-GL-D704-A-4-A,104,2,法學院,GL,政治法律學系,D704,A,大學部,4,A,律師實務,2,選,60,46,,14,李俊增 業界教師,L02-201,,,,"10,11, 12",,,,"[{""day"": 4, ""dayName"": ""星期四"", ""periods"": [""10"", ""11"", ""12""], ""raw"": ""10,11, 12""}]",,原則每週四18:20~21:00，另詳課程表備註。(上課12週，每週3小時，自2/18~5/5)，歡迎其他系所、學制同學報名。,https://course.nuk.edu.tw/QueryCourse/tcontent.asp?OpenYear=104&Helf=2&Sclass=GL&Cono=D704,2026-08-26T18:13:36+00:00
104-2-GL-T022-L-1-,104,2,法學院,GL,政治法律學系,T022,L,碩士在職專班,1,,憲政發展專題研究,2,必,20,7,,13,李俊增,L02-310,,,"10,11",,,,,"[{""day"": 3, ""dayName"": ""星期三"", ""periods"": [""10"", ""11""], ""raw"": ""10,11""}]",,共同/整合課程,https://course.nuk.edu.tw/QueryCourse/tcontent.asp?OpenYear=104&Helf=2&Sclass=GL&Cono=T022,2026-08-26T18:13:36+00:00
104-2-GL-T029-L-1-,104,2,法學院,GL,政治法律學系,T029,L,碩士在職專班,1,,行政法各論專題研究,2,必,31,11,,20,邵惠玲,L02-310,,"10,11",,,,,,"[{""day"": 2, ""dayName"": ""星期二"", ""periods"": [""10"", ""11""], ""raw"": ""10,11""}]",先修 外加,1.公法學群2.限修畢行政法總論(一)(二)3.隔週上課(單週)上課節數10、11、12、13節，請勿衝堂。,https://course.nuk.edu.tw/QueryCourse/tcontent.asp?OpenYear=104&Helf=2&Sclass=GL&Cono=T029,2026-08-26T18:13:36+00:00
104-2-GL-T035-L-1-,104,2,法學院,GL,政治法律學系,T035,L,碩士在職專班,1,,公務員法制專題研究,2,必,20,10,,10,楊戊龍,L02-310,"10,11",,,,,,,"[{""day"": 1, ""dayName"": ""星期一"", ""periods"": [""10"", ""11""], ""raw"": ""10,11""}]",,公法學群,https://course.nuk.edu.tw/QueryCourse/tcontent.asp?OpenYear=104&Helf=2&Sclass=GL&Cono=T035,2026-08-26T18:13:36+00:00
104-2-GL-T045-L-1-,104,2,法學院,GL,政治法律學系,T045,L,碩士在職專班,1,,地方政府與治理專題,2,必,20,14,,6,廖義銘,L02-310,,,,,,"1,2, 3,4",,"[{""day"": 6, ""dayName"": ""星期六"", ""periods"": [""1"", ""2"", ""3"", ""4""], ""raw"": ""1,2, 3,4""}]",,1.政治學群2.隔週上課(單週)上課節數1、2、3、4節，請勿衝堂。,https://course.nuk.edu.tw/QueryCourse/tcontent.asp?OpenYear=104&Helf=2&Sclass=GL&Cono=T045,2026-08-26T18:13:36+00:00
104-2-GL-T071-L-1-,104,2,法學院,GL,政治法律學系,T071,L,碩士在職專班,1,,公共行政理論與發展,2,必,20,7,,13,楊戊龍,L02-310,,,"12,13",,,,,"[{""day"": 3, ""dayName"": ""星期三"", ""periods"": [""12"", ""13""], ""raw"": ""12,13""}]",,政治學群,https://course.nuk.edu.tw/QueryCourse/tcontent.asp?OpenYear=104&Helf=2&Sclass=GL&Cono=T071,2026-08-26T18:13:36+00:00
104-2-GL-T511-L-1-,104,2,法學院,GL,政治法律學系,T511,L,碩士在職專班,1,,政府採購專題研究,2,選,20,12,,8,廖義銘,L02-310,,,,,,"5,6, 7,8",,"[{""day"": 6, ""dayName"": ""星期六"", ""periods"": [""5"", ""6"", ""7"", ""8""], ""raw"": ""5,6, 7,8""}]",,隔週上課(單週)，上課節數5、6、7、8，請勿衝堂,https://course.nuk.edu.tw/QueryCourse/tcontent.asp?OpenYear=104&Helf=2&Sclass=GL&Cono=T511,2026-08-26T18:13:36+00:00
104-2-GL-F141-M-1-,104,2,法學院,GL,政治法律學系,F141,M,碩士班,1,,國家理論專題研究,2,必,20,7,,13,姚朝森,L02-307,,,"3,4",,,,,"[{""day"": 3, ""dayName"": ""星期三"", ""periods"": [""3"", ""4""], ""raw"": ""3,4""}]",,共同/整合課程,https://course.nuk.edu.tw/QueryCourse/tcontent.asp?OpenYear=104&Helf=2&Sclass=GL&Cono=F141,2026-08-26T18:13:36+00:00
104-2-GL-F151-M-1-,104,2,法學院,GL,政治法律學系,F151,M,碩士班,1,,社會科學研究方法,2,必,20,13,,7,楊鈞池,L02-310,,"12,13",,,,,,"[{""day"": 2, ""dayName"": ""星期二"", ""periods"": [""12"", ""13""], ""raw"": ""12,13""}]",,1.碩士班與碩專班合開 2.隔週上課、雙週上課，上課時間第10、11、12、13節。,https://course.nuk.edu.tw/QueryCourse/tcontent.asp?OpenYear=104&Helf=2&Sclass=GL&Cono=F151,2026-08-26T18:13:36+00:00
104-2-GL-F500-M-1-,104,2,法學院,GL,政治法律學系,F500,M,碩士班,1,,教學實務演練(政治法律學系),0,選,13,13,,0,賴恆盈,,,X,,,,,,"[{""day"": 2, ""dayName"": ""星期二"", ""periods"": [""X""], ""raw"": ""X""}]",外加,指定加簽，申請擔任學習型兼任教學助理之學生必須修習本課程。,https://course.nuk.edu.tw/QueryCourse/tcontent.asp?OpenYear=104&Helf=2&Sclass=GL&Cono=F500,2026-08-26T18:13:36+00:00
104-2-GL-F532-M-1-,104,2,法學院,GL,政治法律學系,F532,M,碩士班,1,,基本權專題研究,2,選,20,10,,10,李俊增,L02-310,"5,6",,,,,,,"[{""day"": 1, ""dayName"": ""星期一"", ""periods"": [""5"", ""6""], ""raw"": ""5,6""}]",,,https://course.nuk.edu.tw/QueryCourse/tcontent.asp?OpenYear=104&Helf=2&Sclass=GL&Cono=F532,2026-08-26T18:13:36+00:00
104-2-GL-F14C-M-2-,104,2,法學院,GL,政治法律學系,F14C,M,碩士班,2,,行政法各論專題研究（二）：財稅法,2,必,20,7,,13,簡玉聰,L02-203,,,"9,10",,,,,"[{""day"": 3, ""dayName"": ""星期三"", ""periods"": [""9"", ""10""], ""raw"": ""9,10""}]",,公法學群,https://course.nuk.edu.tw/QueryCourse/tcontent.asp?OpenYear=104&Helf=2&Sclass=GL&Cono=F14C,2026-08-26T18:13:36+00:00
104-2-LA-A09B-A-1-A,104,2,法學院,LA,法律學系,A09B,A,大學部,1,A,憲法(二),2,必,61,55,,6,紀振清,L02-102,,"3,4",,,,,,"[{""day"": 2, ""dayName"": ""星期二"", ""periods"": [""3"", ""4""], ""raw"": ""3,4""}]",限修及外加,限法律系一年級及重修生,https://course.nuk.edu.tw/QueryCourse/tcontent.asp?OpenYear=104&Helf=2&Sclass=LA&Cono=A09B,2026-08-26T18:13:36+00:00
104-2-LA-A512-A-1-A,104,2,法學院,LA,法律學系,A512,A,大學部,1,A,哲學導論,2,選,60,27,,33,賴志強,L02-102,,,,"7,8",,,,"[{""day"": 4, ""dayName"": ""星期四"", ""periods"": [""7"", ""8""], ""raw"": ""7,8""}]",,,https://course.nuk.edu.tw/QueryCourse/tcontent.asp?OpenYear=104&Helf=2&Sclass=LA&Cono=A512,2026-08-26T18:13:36+00:00
104-2-LA-B011-A-1-A,104,2,法學院,LA,法律學系,B011,A,大學部,1,A,刑法總則(二),3,必,80,66,,14,陳子平,L02-204,,"6,7, 11",,,,,,"[{""day"": 2, ""dayName"": ""星期二"", ""periods"": [""6"", ""7"", ""11""], ""raw"": ""6,7, 11""}]",,,https://course.nuk.edu.tw/QueryCourse/tcontent.asp?OpenYear=104&Helf=2&Sclass=LA&Cono=B011,2026-08-26T18:13:36+00:00
104-2-LA-B021-A-2-A,104,2,法學院,LA,法律學系,B021,A,大學部,2,A,民法繼承,2,必,60,60,,0,呂麗慧,L02-204,,,,,"3,4",,,"[{""day"": 5, ""dayName"": ""星期五"", ""periods"": [""3"", ""4""], ""raw"": ""3,4""}]",,,https://course.nuk.edu.tw/QueryCourse/tcontent.asp?OpenYear=104&Helf=2&Sclass=LA&Cono=B021,2026-08-26T18:13:36+00:00
104-2-LA-B03B-A-2-A,104,2,法學院,LA,法律學系,B03B,A,大學部,2,A,行政法總論(二),3,必,61,61,,0,陳正根,L02-101,,,"2,3, 4",,,,,"[{""day"": 3, ""dayName"": ""星期三"", ""periods"": [""2"", ""3"", ""4""], ""raw"": ""2,3, 4""}]",外加,,https://course.nuk.edu.tw/QueryCourse/tcontent.asp?OpenYear=104&Helf=2&Sclass=LA&Cono=B03B,2026-08-26T18:13:36+00:00
104-2-LA-B05B-A-2-A,104,2,法學院,LA,法律學系,B05B,A,大學部,2,A,日文(二),2,必,86,71,,15,林柏舟,L02-204,"7,8",,,,,,,"[{""day"": 1, ""dayName"": ""星期一"", ""periods"": [""7"", ""8""], ""raw"": ""7,8""}]",先修 外加,德/日二選一必修、須修過日文(一),https://course.nuk.edu.tw/QueryCourse/tcontent.asp?OpenYear=104&Helf=2&Sclass=LA&Cono=B05B,2026-08-26T18:13:36+00:00
104-2-LA-B06B-A-2-A,104,2,法學院,LA,法律學系,B06B,A,大學部,2,A,德文(二),2,必,41,41,,0,陳麗雅,L02-101,"10,11",,,,,,,"[{""day"": 1, ""dayName"": ""星期一"", ""periods"": [""10"", ""11""], ""raw"": ""10,11""}]",外加,1.德/日二選一為必修。2.須修過德文(一) 。,https://course.nuk.edu.tw/QueryCourse/tcontent.asp?OpenYear=104&Helf=2&Sclass=LA&Cono=B06B,2026-08-26T18:13:36+00:00
104-2-LA-B081-A-2-A,104,2,法學院,LA,法律學系,B081,A,大學部,2,A,商事法總論暨公司法,3,必,81,80,,1,王仁宏,L02-204,,,,"7,8, 9",,,,"[{""day"": 4, ""dayName"": ""星期四"", ""periods"": [""7"", ""8"", ""9""], ""raw"": ""7,8, 9""}]",外加,開放各系及進修部、人數達30人以上始得開班。,https://course.nuk.edu.tw/QueryCourse/tcontent.asp?OpenYear=104&Helf=2&Sclass=LA&Cono=B081,2026-08-26T18:13:36+00:00
104-2-LA-B101-A-2-A,104,2,法學院,LA,法律學系,B101,A,大學部,2,A,民法債編各論(一),2,必,64,63,,1,林昭志,L02-102,,,,"5,6",,,,"[{""day"": 4, ""dayName"": ""星期四"", ""periods"": [""5"", ""6""], ""raw"": ""5,6""}]",外加,,https://course.nuk.edu.tw/QueryCourse/tcontent.asp?OpenYear=104&Helf=2&Sclass=LA&Cono=B101,2026-08-26T18:13:36+00:00
104-2-LA-B17B-A-2-A,104,2,法學院,LA,法律學系,B17B,A,大學部,2,A,民法物權(二),2,必,134,133,,1,謝志鵬,L02-202,"5,6",,,,,,,"[{""day"": 1, ""dayName"": ""星期一"", ""periods"": [""5"", ""6""], ""raw"": ""5,6""}]",,與政法系大二合班上課,https://course.nuk.edu.tw/QueryCourse/tcontent.asp?OpenYear=104&Helf=2&Sclass=LA&Cono=B17B,2026-08-26T18:13:36+00:00
104-2-LA-B641-A-2-A,104,2,法學院,LA,法律學系,B641,A,大學部,2,A,勞動法概論,2,選,35,11,,24,周敬凡,L02-102,,,"5,6, 7,8",,,,,"[{""day"": 3, ""dayName"": ""星期三"", ""periods"": [""5"", ""6"", ""7"", ""8""], ""raw"": ""5,6, 7,8""}]",,1.限二年級以上修課。2.隔週上課。,https://course.nuk.edu.tw/QueryCourse/tcontent.asp?OpenYear=104&Helf=2&Sclass=LA&Cono=B641,2026-08-26T18:13:36+00:00
104-2-LA-B643-A-2-A,104,2,法學院,LA,法律學系,B643,A,大學部,2,A,勞資關係─法社會學觀點,2,選,60,22,,38,賴志強,L02-201,"3,4",,,,,,,"[{""day"": 1, ""dayName"": ""星期一"", ""periods"": [""3"", ""4""], ""raw"": ""3,4""}]",,,https://course.nuk.edu.tw/QueryCourse/tcontent.asp?OpenYear=104&Helf=2&Sclass=LA&Cono=B643,2026-08-26T18:13:36+00:00
104-2-LA-C001-A-2-A,104,2,法學院,LA,法律學系,C001,A,大學部,2,A,刑法分則(二),2,必,60,43,,17,陳子平,L02-108,,"3,4",,,,,,"[{""day"": 2, ""dayName"": ""星期二"", ""periods"": [""3"", ""4""], ""raw"": ""3,4""}]",,,https://course.nuk.edu.tw/QueryCourse/tcontent.asp?OpenYear=104&Helf=2&Sclass=LA&Cono=C001,2026-08-26T18:13:36+00:00
104-2-LA-B091-A-3-A,104,2,法學院,LA,法律學系,B091,A,大學部,3,A,海商法,2,必,102,103,,0,林昭志,L02-204,,,"5,6",,,,,"[{""day"": 3, ""dayName"": ""星期三"", ""periods"": [""5"", ""6""], ""raw"": ""5,6""}]",限修及外加,與財法系大三合班上課。限大三以上選修。,https://course.nuk.edu.tw/QueryCourse/tcontent.asp?OpenYear=104&Helf=2&Sclass=LA&Cono=B091,2026-08-26T18:13:36+00:00
104-2-LA-C02B-A-3-A,104,2,法學院,LA,法律學系,C02B,A,大學部,3,A,民事訴訟法(二),3,必,121,122,,0,陳樹村,L02-202,,"11,12, 13",,,,,,"[{""day"": 2, ""dayName"": ""星期二"", ""periods"": [""11"", ""12"", ""13""], ""raw"": ""11,12, 13""}]",外加,與財法系合班上課,https://course.nuk.edu.tw/QueryCourse/tcontent.asp?OpenYear=104&Helf=2&Sclass=LA&Cono=C02B,2026-08-26T18:13:36+00:00
104-2-LA-C03B-A-3-A,104,2,法學院,LA,法律學系,C03B,A,大學部,3,A,刑事訴訟法(二),3,必,63,61,,2,吳俊毅,L02-101,,,,"2,3, 4",,,,"[{""day"": 4, ""dayName"": ""星期四"", ""periods"": [""2"", ""3"", ""4""], ""raw"": ""2,3, 4""}]",限修及外加,限法律系三年級以上修課,https://course.nuk.edu.tw/QueryCourse/tcontent.asp?OpenYear=104&Helf=2&Sclass=LA&Cono=C03B,2026-08-26T18:13:36+00:00
104-2-LA-C051-A-3-A,104,2,法學院,LA,法律學系,C051,A,大學部,3,A,行政訴訟法,2,必,60,55,,5,陳正根,L02-101,,,,"6,7",,,,"[{""day"": 4, ""dayName"": ""星期四"", ""periods"": [""6"", ""7""], ""raw"": ""6,7""}]",,,https://course.nuk.edu.tw/QueryCourse/tcontent.asp?OpenYear=104&Helf=2&Sclass=LA&Cono=C051,2026-08-26T18:13:36+00:00
104-2-LA-C151-A-3-A,104,2,法學院,LA,法律學系,C151,A,大學部,3,A,刑法實例演習,2,必,60,57,,3,吳俊毅,L02-101,,"6,7",,,,,,"[{""day"": 2, ""dayName"": ""星期二"", ""periods"": [""6"", ""7""], ""raw"": ""6,7""}]",限修,限法律系三年級以上修課。,https://course.nuk.edu.tw/QueryCourse/tcontent.asp?OpenYear=104&Helf=2&Sclass=LA&Cono=C151,2026-08-26T18:13:36+00:00
104-2-LA-C152-A-3-A,104,2,法學院,LA,法律學系,C152,A,大學部,3,A,公法實例演習,2,必,60,56,,4,陳正根,L02-101,,,,"8,9",,,,"[{""day"": 4, ""dayName"": ""星期四"", ""periods"": [""8"", ""9""], ""raw"": ""8,9""}]",,,https://course.nuk.edu.tw/QueryCourse/tcontent.asp?OpenYear=104&Helf=2&Sclass=LA&Cono=C152,2026-08-26T18:13:36+00:00
104-2-LA-C594-A-3-A,104,2,法學院,LA,法律學系,C594,A,大學部,3,A,人權與兩公約施行法,2,選,90,72,,18,林俊寬,L02-204,,,,,"5,6",,,"[{""day"": 5, ""dayName"": ""星期五"", ""periods"": [""5"", ""6""], ""raw"": ""5,6""}]",,,https://course.nuk.edu.tw/QueryCourse/tcontent.asp?OpenYear=104&Helf=2&Sclass=LA&Cono=C594,2026-08-26T18:13:36+00:00
104-2-LA-C602-A-3-A,104,2,法學院,LA,法律學系,C602,A,大學部,3,A,法律經濟分析導論,2,選,60,7,,53,賴志強,L02-101,,,"7,8",,,,,"[{""day"": 3, ""dayName"": ""星期三"", ""periods"": [""7"", ""8""], ""raw"": ""7,8""}]",,,https://course.nuk.edu.tw/QueryCourse/tcontent.asp?OpenYear=104&Helf=2&Sclass=LA&Cono=C602,2026-08-26T18:13:36+00:00
104-2-LA-C611-A-3-A,104,2,法學院,LA,法律學系,C611,A,大學部,3,A,少年事件處理法,2,選,61,24,,37,張裕榮,L02-101,,,,,"5,6, 7,8",,,"[{""day"": 5, ""dayName"": ""星期五"", ""periods"": [""5"", ""6"", ""7"", ""8""], ""raw"": ""5,6, 7,8""}]",限修及外加,1.限法學院三年級以上修課 2.每隔週五上課,https://course.nuk.edu.tw/QueryCourse/tcontent.asp?OpenYear=104&Helf=2&Sclass=LA&Cono=C611,2026-08-26T18:13:36+00:00
104-2-LA-C74D-A-3-A,104,2,法學院,LA,法律學系,C74D,A,大學部,3,A,德文(四),2,選,20,16,,4,陳麗雅,L02-101,"8,9",,,,,,,"[{""day"": 1, ""dayName"": ""星期一"", ""periods"": [""8"", ""9""], ""raw"": ""8,9""}]",,須修過德文(三),https://course.nuk.edu.tw/QueryCourse/tcontent.asp?OpenYear=104&Helf=2&Sclass=LA&Cono=C74D,2026-08-26T18:13:36+00:00
104-2-LA-C071-A-4-A,104,2,法學院,LA,法律學系,C071,A,大學部,4,A,商事法實例演習,2,必,60,46,,14,黃清溪,L02-102,,,,,"3,4, 5,6, 7,8",,,"[{""day"": 5, ""dayName"": ""星期五"", ""periods"": [""3"", ""4"", ""5"", ""6"", ""7"", ""8""], ""raw"": ""3,4, 5,6, 7,8""}]",,"黃清溪教授係旅居日本之日本拓植大學之教授,每月自日本返台授課,每次停留一至二週,故上課時間集中於黃老師返台期間之週五上午兩小時，下午四小時。欲修習本課程之同學,請斟酌其他課程之排課時間避免衝堂情形,實際上課時間將於開學後公告於系網頁,請選課同學留意.",https://course.nuk.edu.tw/QueryCourse/tcontent.asp?OpenYear=104&Helf=2&Sclass=LA&Cono=C071,2026-08-26T18:13:36+00:00
104-2-LA-D012-A-4-A,104,2,法學院,LA,法律學系,D012,A,大學部,4,A,國際私法(二),2,必,100,48,,52,謝志鵬,L02-201,"7,8",,,,,,,"[{""day"": 1, ""dayName"": ""星期一"", ""periods"": [""7"", ""8""], ""raw"": ""7,8""}]",,,https://course.nuk.edu.tw/QueryCourse/tcontent.asp?OpenYear=104&Helf=2&Sclass=LA&Cono=D012,2026-08-26T18:13:36+00:00
104-2-LA-D504-A-4-A,104,2,法學院,LA,法律學系,D504,A,大學部,4,A,海洋法,2,選,60,7,,53,林昭志,L02-102,,"5,6",,,,,,"[{""day"": 2, ""dayName"": ""星期二"", ""periods"": [""5"", ""6""], ""raw"": ""5,6""}]",,開放大學部三年級選修,https://course.nuk.edu.tw/QueryCourse/tcontent.asp?OpenYear=104&Helf=2&Sclass=LA&Cono=D504,2026-08-26T18:13:36+00:00
104-2-LA-D632-A-4-A,104,2,法學院,LA,法律學系,D632,A,大學部,4,A,法學倫理,2,選,60,7,,53,賴志強,L02-106,"5,6",,,,,,,"[{""day"": 1, ""dayName"": ""星期一"", ""periods"": [""5"", ""6""], ""raw"": ""5,6""}]",,,https://course.nuk.edu.tw/QueryCourse/tcontent.asp?OpenYear=104&Helf=2&Sclass=LA&Cono=D632,2026-08-26T18:13:36+00:00
104-2-LA-D722-A-4-A,104,2,法學院,LA,法律學系,D722,A,大學部,4,A,行政爭訟實務,2,選,120,22,,98,邱基峻,L02-204,,,,"3,4",,,,"[{""day"": 4, ""dayName"": ""星期四"", ""periods"": [""3"", ""4""], ""raw"": ""3,4""}]",,與政法系合班上課,https://course.nuk.edu.tw/QueryCourse/tcontent.asp?OpenYear=104&Helf=2&Sclass=LA&Cono=D722,2026-08-26T18:13:36+00:00
104-2-LA-T042-L-1-,104,2,法學院,LA,法律學系,T042,L,碩士在職專班,1,,基礎法學(英文)(二),2,必,20,15,,5,呂麗慧,L02-101,,,,,,"3,4",,"[{""day"": 6, ""dayName"": ""星期六"", ""periods"": [""3"", ""4""], ""raw"": ""3,4""}]",,1.碩專班：德文/日文/英文三選一為必修 2.全英文授課,https://course.nuk.edu.tw/QueryCourse/tcontent.asp?OpenYear=104&Helf=2&Sclass=LA&Cono=T042,2026-08-26T18:13:36+00:00
104-2-LA-T062-L-1-,104,2,法學院,LA,法律學系,T062,L,碩士在職專班,1,,基礎法學(日文)(二),2,必,20,7,,13,簡玉聰,L02-203,,,,,,"7,8",,"[{""day"": 6, ""dayName"": ""星期六"", ""periods"": [""7"", ""8""], ""raw"": ""7,8""}]",,碩專班：德文/日文/英文三選一為必修,https://course.nuk.edu.tw/QueryCourse/tcontent.asp?OpenYear=104&Helf=2&Sclass=LA&Cono=T062,2026-08-26T18:13:36+00:00
104-2-LA-T51C-L-1-,104,2,法學院,LA,法律學系,T51C,L,碩士在職專班,1,,行政法專題研究(三),2,選,20,3,,17,張永明,L02-302,"10,11",,,,,,,"[{""day"": 1, ""dayName"": ""星期一"", ""periods"": [""10"", ""11""], ""raw"": ""10,11""}]",,公法組選修課程,https://course.nuk.edu.tw/QueryCourse/tcontent.asp?OpenYear=104&Helf=2&Sclass=LA&Cono=T51C,2026-08-26T18:13:36+00:00
104-2-LA-T552-L-1-,104,2,法學院,LA,法律學系,T552,L,碩士在職專班,1,,經濟行政法專題研究(二),2,選,3,3,,0,紀振清,L02-301,,,,,"12,13",,,"[{""day"": 5, ""dayName"": ""星期五"", ""periods"": [""12"", ""13""], ""raw"": ""12,13""}]",外加,1.由教師決定修習必要人選。2.公法組選修課程。,https://course.nuk.edu.tw/QueryCourse/tcontent.asp?OpenYear=104&Helf=2&Sclass=LA&Cono=T552,2026-08-26T18:13:36+00:00
104-2-LA-T561-L-1-,104,2,法學院,LA,法律學系,T561,L,碩士在職專班,1,,行政救濟法專題研究,2,選,30,28,,2,陳正根,L02-301,,,"10,11",,,,,"[{""day"": 3, ""dayName"": ""星期三"", ""periods"": [""10"", ""11""], ""raw"": ""10,11""}]",,公法組選修課程,https://course.nuk.edu.tw/QueryCourse/tcontent.asp?OpenYear=104&Helf=2&Sclass=LA&Cono=T561,2026-08-26T18:13:36+00:00
104-2-LA-T65A-L-1-,104,2,法學院,LA,法律學系,T65A,L,碩士在職專班,1,,法律與邏輯專題研究(一),2,選,16,14,,2,賴志強,L02-301,"12,13",,,,,,,"[{""day"": 1, ""dayName"": ""星期一"", ""periods"": [""12"", ""13""], ""raw"": ""12,13""}]",外加,三組皆可選修,https://course.nuk.edu.tw/QueryCourse/tcontent.asp?OpenYear=104&Helf=2&Sclass=LA&Cono=T65A,2026-08-26T18:13:36+00:00
104-2-LA-T702-L-1-,104,2,法學院,LA,法律學系,T702,L,碩士在職專班,1,,比較刑法專題研究(二),2,選,10,7,,3,謝開平,L02-301,"10,11",,,,,,,"[{""day"": 1, ""dayName"": ""星期一"", ""periods"": [""10"", ""11""], ""raw"": ""10,11""}]",,刑法組選修課程,https://course.nuk.edu.tw/QueryCourse/tcontent.asp?OpenYear=104&Helf=2&Sclass=LA&Cono=T702,2026-08-26T18:13:36+00:00
104-2-LA-T78D-L-1-,104,2,法學院,LA,法律學系,T78D,L,碩士在職專班,1,,比較契約法專題研究(四),2,選,20,6,,14,林昭志,L02-301,,,"12,13",,,,,"[{""day"": 3, ""dayName"": ""星期三"", ""periods"": [""12"", ""13""], ""raw"": ""12,13""}]",,民商法組選修課程,https://course.nuk.edu.tw/QueryCourse/tcontent.asp?OpenYear=104&Helf=2&Sclass=LA&Cono=T78D,2026-08-26T18:13:36+00:00
104-2-LA-T847-L-1-,104,2,法學院,LA,法律學系,T847,L,碩士在職專班,1,,德文文獻選讀(二),2,選,30,22,,8,陳正根,L02-302,,,"12,13",,,,,"[{""day"": 3, ""dayName"": ""星期三"", ""periods"": [""12"", ""13""], ""raw"": ""12,13""}]",,三組皆可選修,https://course.nuk.edu.tw/QueryCourse/tcontent.asp?OpenYear=104&Helf=2&Sclass=LA&Cono=T847,2026-08-26T18:13:36+00:00
104-2-LA-T84H-L-1-,104,2,法學院,LA,法律學系,T84H,L,碩士在職專班,1,,法學英文閱讀與寫作(一),2,選,20,9,,11,林昭志,L02-301,,,,"10,11",,,,"[{""day"": 4, ""dayName"": ""星期四"", ""periods"": [""10"", ""11""], ""raw"": ""10,11""}]",,1.全英語授課 2.三組皆可選修,https://course.nuk.edu.tw/QueryCourse/tcontent.asp?OpenYear=104&Helf=2&Sclass=LA&Cono=T84H,2026-08-26T18:13:36+00:00
104-2-LA-T756-L-2-,104,2,法學院,LA,法律學系,T756,L,碩士在職專班,2,,物權法專題研究(二),2,選,17,5,,12,謝志鵬,L02-302,,"10,11",,,,,,"[{""day"": 2, ""dayName"": ""星期二"", ""periods"": [""10"", ""11""], ""raw"": ""10,11""}]",,民商法組選修課程,https://course.nuk.edu.tw/QueryCourse/tcontent.asp?OpenYear=104&Helf=2&Sclass=LA&Cono=T756,2026-08-26T18:13:36+00:00
104-2-LA-F033-M-1-,104,2,法學院,LA,法律學系,F033,M,碩士班,1,,基礎法學(德文)(二),2,必,20,11,,9,陳正根,L02-302,,,,"3,4",,,,"[{""day"": 4, ""dayName"": ""星期四"", ""periods"": [""3"", ""4""], ""raw"": ""3,4""}]",,碩士班：德/日/法三選一為必修,https://course.nuk.edu.tw/QueryCourse/tcontent.asp?OpenYear=104&Helf=2&Sclass=LA&Cono=F033,2026-08-26T18:13:36+00:00
104-2-LA-F047-M-1-,104,2,法學院,LA,法律學系,F047,M,碩士班,1,,基礎法學(日文)(二),2,必,15,5,,10,林柏舟,L02-301,,,"1,2",,,,,"[{""day"": 3, ""dayName"": ""星期三"", ""periods"": [""1"", ""2""], ""raw"": ""1,2""}]",先修,1.碩士班：德/日/法三選一為必修。2.須修過基礎法學日文(一)。,https://course.nuk.edu.tw/QueryCourse/tcontent.asp?OpenYear=104&Helf=2&Sclass=LA&Cono=F047,2026-08-26T18:13:36+00:00
104-2-LA-F500-M-1-,104,2,法學院,LA,法律學系,F500,M,碩士班,1,,教學實務演練(法律學系),0,選,15,13,,2,謝志鵬,,,X,,,,,,"[{""day"": 2, ""dayName"": ""星期二"", ""periods"": [""X""], ""raw"": ""X""}]",,指定加簽，申請擔任學習型兼任教學助理之學生必須修習本課程。,https://course.nuk.edu.tw/QueryCourse/tcontent.asp?OpenYear=104&Helf=2&Sclass=LA&Cono=F500,2026-08-26T18:13:36+00:00
104-2-LA-F56B-M-1-,104,2,法學院,LA,法律學系,F56B,M,碩士班,1,,刑法專題研究(二),2,選,10,9,,1,陳子平,L02-301,,,"7,8",,,,,"[{""day"": 3, ""dayName"": ""星期三"", ""periods"": [""7"", ""8""], ""raw"": ""7,8""}]",,刑法組選修課程。,https://course.nuk.edu.tw/QueryCourse/tcontent.asp?OpenYear=104&Helf=2&Sclass=LA&Cono=F56B,2026-08-26T18:13:36+00:00
104-2-LA-F572-M-1-,104,2,法學院,LA,法律學系,F572,M,碩士班,1,,身份法專題研究(二),2,選,16,14,,2,呂麗慧,L02-301,,,,"7,8",,,,"[{""day"": 4, ""dayName"": ""星期四"", ""periods"": [""7"", ""8""], ""raw"": ""7,8""}]",外加,民商法組選修課程,https://course.nuk.edu.tw/QueryCourse/tcontent.asp?OpenYear=104&Helf=2&Sclass=LA&Cono=F572,2026-08-26T18:13:36+00:00
104-2-LA-F64C-M-1-,104,2,法學院,LA,法律學系,F64C,M,碩士班,1,,國際私法專題研究(三),2,選,16,6,,10,謝志鵬,L02-301,,,,"5,6",,,,"[{""day"": 4, ""dayName"": ""星期四"", ""periods"": [""5"", ""6""], ""raw"": ""5,6""}]",,民商法組選修課程,https://course.nuk.edu.tw/QueryCourse/tcontent.asp?OpenYear=104&Helf=2&Sclass=LA&Cono=F64C,2026-08-26T18:13:36+00:00
104-2-LA-F65A-M-1-,104,2,法學院,LA,法律學系,F65A,M,碩士班,1,,法學方法論與民法(一),2,選,15,10,,5,賴志強,L02-301,,,,"3,4",,,,"[{""day"": 4, ""dayName"": ""星期四"", ""periods"": [""3"", ""4""], ""raw"": ""3,4""}]",,三組皆可選修,https://course.nuk.edu.tw/QueryCourse/tcontent.asp?OpenYear=104&Helf=2&Sclass=LA&Cono=F65A,2026-08-26T18:13:36+00:00
104-2-LA-F841-M-1-,104,2,法學院,LA,法律學系,F841,M,碩士班,1,,公平交易法專題研究(一~四),2,選,15,7,,8,紀振清,L02-302,,,"7,8",,,,,"[{""day"": 3, ""dayName"": ""星期三"", ""periods"": [""7"", ""8""], ""raw"": ""7,8""}]",,1.公法組選修課程。2.開放政法系、財法系選修。3.開放大四選修。,https://course.nuk.edu.tw/QueryCourse/tcontent.asp?OpenYear=104&Helf=2&Sclass=LA&Cono=F841,2026-08-26T18:13:36+00:00
104-2-LA-F852-M-1-,104,2,法學院,LA,法律學系,F852,M,碩士班,1,,法理學專題研究(四),2,選,15,3,,12,賴志強,L02-301,,,"5,6",,,,,"[{""day"": 3, ""dayName"": ""星期三"", ""periods"": [""5"", ""6""], ""raw"": ""5,6""}]",,三組皆可選修。,https://course.nuk.edu.tw/QueryCourse/tcontent.asp?OpenYear=104&Helf=2&Sclass=LA&Cono=F852,2026-08-26T18:13:36+00:00
104-2-LA-F523-M-2-,104,2,法學院,LA,法律學系,F523,M,碩士班,2,,最高法院刑事判決研究(刑法)(二),2,選,12,9,,3,陳子平,L02-301,,,"3,4",,,,,"[{""day"": 3, ""dayName"": ""星期三"", ""periods"": [""3"", ""4""], ""raw"": ""3,4""}]",外加,刑法組選修課程。,https://course.nuk.edu.tw/QueryCourse/tcontent.asp?OpenYear=104&Helf=2&Sclass=LA&Cono=F523,2026-08-26T18:13:36+00:00
104-2-AC-A01B-A-1-A,104,2,理學院,AC,應用化學系,A01B,A,大學部,1,A,普通化學(二),3,必,60,49,,11,蘇楷立,C02-111,,"2,3, 4",,,,,,"[{""day"": 2, ""dayName"": ""星期二"", ""periods"": [""2"", ""3"", ""4""], ""raw"": ""2,3, 4""}]",,,https://course.nuk.edu.tw/QueryCourse/tcontent.asp?OpenYear=104&Helf=2&Sclass=AC&Cono=A01B,2026-08-26T18:13:36+00:00
104-2-AC-A022-A-1-A,104,2,理學院,AC,應用化學系,A022,A,大學部,1,A,普通化學實驗(二),1,必,44,44,,0,莊琇惠,C02-203,"2,3, 4",,,,,,,"[{""day"": 1, ""dayName"": ""星期一"", ""periods"": [""2"", ""3"", ""4""], ""raw"": ""2,3, 4""}]",限修,限應化系學生選修,https://course.nuk.edu.tw/QueryCourse/tcontent.asp?OpenYear=104&Helf=2&Sclass=AC&Cono=A022,2026-08-26T18:13:36+00:00
104-2-AC-A05B-A-1-A,104,2,理學院,AC,應用化學系,A05B,A,大學部,1,A,普通物理實驗(二),1,必,60,43,,17,蔡進譯,C02-3004,,,,"5,6, 7",,,,"[{""day"": 4, ""dayName"": ""星期四"", ""periods"": [""5"", ""6"", ""7""], ""raw"": ""5,6, 7""}]",,上課教室--理學院3004實驗室,https://course.nuk.edu.tw/QueryCourse/tcontent.asp?OpenYear=104&Helf=2&Sclass=AC&Cono=A05B,2026-08-26T18:13:36+00:00
104-2-AC-A09B-A-1-A,104,2,理學院,AC,應用化學系,A09B,A,大學部,1,A,普通物理(二),3,必,60,53,,7,邱昭文,C02-103,,,,,"2,3, 4",,,"[{""day"": 5, ""dayName"": ""星期五"", ""periods"": [""2"", ""3"", ""4""], ""raw"": ""2,3, 4""}]",,,https://course.nuk.edu.tw/QueryCourse/tcontent.asp?OpenYear=104&Helf=2&Sclass=AC&Cono=A09B,2026-08-26T18:13:36+00:00
104-2-AC-A12B-A-1-A,104,2,理學院,AC,應用化學系,A12B,A,大學部,1,A,微積分(二),3,必,60,48,,12,郭岳承,C02-103,,,"2,3, 4",,,,,"[{""day"": 3, ""dayName"": ""星期三"", ""periods"": [""2"", ""3"", ""4""], ""raw"": ""2,3, 4""}]",,,https://course.nuk.edu.tw/QueryCourse/tcontent.asp?OpenYear=104&Helf=2&Sclass=AC&Cono=A12B,2026-08-26T18:13:36+00:00
104-2-AC-B11A-A-1-A,104,2,理學院,AC,應用化學系,B11A,A,大學部,1,A,分析化學,3,必,62,62,,0,劉福鯤,C02-105,,,,"2,3, 4",,,,"[{""day"": 4, ""dayName"": ""星期四"", ""periods"": [""2"", ""3"", ""4""], ""raw"": ""2,3, 4""}]",外加,,https://course.nuk.edu.tw/QueryCourse/tcontent.asp?OpenYear=104&Helf=2&Sclass=AC&Cono=B11A,2026-08-26T18:13:36+00:00
104-2-AC-B01B-A-2-A,104,2,理學院,AC,應用化學系,B01B,A,大學部,2,A,有機化學(二),4,必,80,71,,9,黃榮宗,C02-108,"1,2, 3,4",,,,,,,"[{""day"": 1, ""dayName"": ""星期一"", ""periods"": [""1"", ""2"", ""3"", ""4""], ""raw"": ""1,2, 3,4""}]",,,https://course.nuk.edu.tw/QueryCourse/tcontent.asp?OpenYear=104&Helf=2&Sclass=AC&Cono=B01B,2026-08-26T18:13:36+00:00
104-2-AC-B051-A-2-A,104,2,理學院,AC,應用化學系,B051,A,大學部,2,A,有機化學實驗(二)A,1,必,25,24,,1,郭文章,C02-203,,,,,"5,6, 7",,,"[{""day"": 5, ""dayName"": ""星期五"", ""periods"": [""5"", ""6"", ""7""], ""raw"": ""5,6, 7""}]",限修,限應化系大二單號選修,https://course.nuk.edu.tw/QueryCourse/tcontent.asp?OpenYear=104&Helf=2&Sclass=AC&Cono=B051,2026-08-26T18:13:36+00:00
104-2-AC-B052-A-2-A,104,2,理學院,AC,應用化學系,B052,A,大學部,2,A,有機化學實驗(二)B,1,必,25,22,,3,周志明,C02-203,,,,"5,6, 7",,,,"[{""day"": 4, ""dayName"": ""星期四"", ""periods"": [""5"", ""6"", ""7""], ""raw"": ""5,6, 7""}]",,限應化系大二雙號選修,https://course.nuk.edu.tw/QueryCourse/tcontent.asp?OpenYear=104&Helf=2&Sclass=AC&Cono=B052,2026-08-26T18:13:36+00:00
104-2-AC-B072-A-2-A,104,2,理學院,AC,應用化學系,B072,A,大學部,2,A,儀器分析實驗,1,必,51,51,,0,何永皓,C02-206,,"5,6, 7",,,,,,"[{""day"": 2, ""dayName"": ""星期二"", ""periods"": [""5"", ""6"", ""7""], ""raw"": ""5,6, 7""}]",學程,隸屬生技產業跨領域學程,https://course.nuk.edu.tw/QueryCourse/tcontent.asp?OpenYear=104&Helf=2&Sclass=AC&Cono=B072,2026-08-26T18:13:36+00:00
104-2-AC-B511-A-2-A,104,2,理學院,AC,應用化學系,B511,A,大學部,2,A,奈米科技與應用,3,選,50,30,,20,蔡振章,C02-104,,"2,3, 4",,,,,,"[{""day"": 2, ""dayName"": ""星期二"", ""periods"": [""2"", ""3"", ""4""], ""raw"": ""2,3, 4""}]",學程,隸屬先進材料製備學程,https://course.nuk.edu.tw/QueryCourse/tcontent.asp?OpenYear=104&Helf=2&Sclass=AC&Cono=B511,2026-08-26T18:13:36+00:00
104-2-AC-C05A-A-2-A,104,2,理學院,AC,應用化學系,C05A,A,大學部,2,A,物理化學(一),3,必,70,69,,1,陳振興,C02-108,,,"2,3, 4",,,,,"[{""day"": 3, ""dayName"": ""星期三"", ""periods"": [""2"", ""3"", ""4""], ""raw"": ""2,3, 4""}]",,請安排C02-108教室,https://course.nuk.edu.tw/QueryCourse/tcontent.asp?OpenYear=104&Helf=2&Sclass=AC&Cono=C05A,2026-08-26T18:13:36+00:00
104-2-AC-C01B-A-3-A,104,2,理學院,AC,應用化學系,C01B,A,大學部,3,A,無機化學(二),3,必,60,55,,5,李頂瑜,C02-103,,"2,3, 4",,,,,,"[{""day"": 2, ""dayName"": ""星期二"", ""periods"": [""2"", ""3"", ""4""], ""raw"": ""2,3, 4""}]",,,https://course.nuk.edu.tw/QueryCourse/tcontent.asp?OpenYear=104&Helf=2&Sclass=AC&Cono=C01B,2026-08-26T18:13:36+00:00
104-2-AC-C02C-A-3-A,104,2,理學院,AC,應用化學系,C02C,A,大學部,3,A,物理化學(三),3,必,71,59,,12,鄭秀英,C02-108,,,,"2,3, 4",,,,"[{""day"": 4, ""dayName"": ""星期四"", ""periods"": [""2"", ""3"", ""4""], ""raw"": ""2,3, 4""}]",,,https://course.nuk.edu.tw/QueryCourse/tcontent.asp?OpenYear=104&Helf=2&Sclass=AC&Cono=C02C,2026-08-26T18:13:36+00:00
104-2-AC-C071-A-3-A,104,2,理學院,AC,應用化學系,C071,A,大學部,3,A,書報討論(一)A,1,必,25,24,,1,陳振興,C02-104,,,,"6,7",,,,"[{""day"": 4, ""dayName"": ""星期四"", ""periods"": [""6"", ""7""], ""raw"": ""6,7""}]",,大三單號修課,https://course.nuk.edu.tw/QueryCourse/tcontent.asp?OpenYear=104&Helf=2&Sclass=AC&Cono=C071,2026-08-26T18:13:36+00:00
104-2-AC-C081-A-3-A,104,2,理學院,AC,應用化學系,C081,A,大學部,3,A,書報討論(一)B,1,必,25,23,,2,劉福鯤,C02-211,,,,"6,7",,,,"[{""day"": 4, ""dayName"": ""星期四"", ""periods"": [""6"", ""7""], ""raw"": ""6,7""}]",,大三雙號修課,https://course.nuk.edu.tw/QueryCourse/tcontent.asp?OpenYear=104&Helf=2&Sclass=AC&Cono=C081,2026-08-26T18:13:36+00:00
104-2-AC-C10A-A-3-A,104,2,理學院,AC,應用化學系,C10A,A,大學部,3,A,創意化學實驗(A),1,必,25,25,,0,蔡振章,C02-106 其他教室,,,"5,6, 7",,,,,"[{""day"": 3, ""dayName"": ""星期三"", ""periods"": [""5"", ""6"", ""7""], ""raw"": ""5,6, 7""}]",,大三單號,https://course.nuk.edu.tw/QueryCourse/tcontent.asp?OpenYear=104&Helf=2&Sclass=AC&Cono=C10A,2026-08-26T18:13:36+00:00
104-2-AC-C10B-A-3-A,104,2,理學院,AC,應用化學系,C10B,A,大學部,3,A,創意化學實驗(B),1,必,30,27,,3,莊曜遠,C02-103 其他教室,,,"5,6, 7",,,,,"[{""day"": 3, ""dayName"": ""星期三"", ""periods"": [""5"", ""6"", ""7""], ""raw"": ""5,6, 7""}]",,大三雙號,https://course.nuk.edu.tw/QueryCourse/tcontent.asp?OpenYear=104&Helf=2&Sclass=AC&Cono=C10B,2026-08-26T18:13:36+00:00
104-2-AC-C503-A-3-A,104,2,理學院,AC,應用化學系,C503,A,大學部,3,A,應用電化學,3,選,50,39,,11,陳振興,C02-103,,"5,6, 7",,,,,,"[{""day"": 2, ""dayName"": ""星期二"", ""periods"": [""5"", ""6"", ""7""], ""raw"": ""5,6, 7""}]",,,https://course.nuk.edu.tw/QueryCourse/tcontent.asp?OpenYear=104&Helf=2&Sclass=AC&Cono=C503,2026-08-26T18:13:36+00:00
104-2-AC-C595-A-3-A,104,2,理學院,AC,應用化學系,C595,A,大學部,3,A,專題研究(二),3,選,50,12,,38,莊曜遠 陳振興 何永皓,C02-104,,,,"9,10, 11",,,,"[{""day"": 4, ""dayName"": ""星期四"", ""periods"": [""9"", ""10"", ""11""], ""raw"": ""9,10, 11""}]",,,https://course.nuk.edu.tw/QueryCourse/tcontent.asp?OpenYear=104&Helf=2&Sclass=AC&Cono=C595,2026-08-26T18:13:36+00:00
104-2-AC-D70B-A-4-A,104,2,理學院,AC,應用化學系,D70B,A,大學部,4,A,業界實習2,9,選,10,1,,9,何永皓,,,,,"6,7",,,,"[{""day"": 4, ""dayName"": ""星期四"", ""periods"": [""6"", ""7""], ""raw"": ""6,7""}]",,"在當學期第18週前,學生於實習機構之實習時數需達486小時並符合本課程要求,即核給9學分",https://course.nuk.edu.tw/QueryCourse/tcontent.asp?OpenYear=104&Helf=2&Sclass=AC&Cono=D70B,2026-08-26T18:13:36+00:00
104-2-AC-F500-A-4-A,104,2,理學院,AC,應用化學系,F500,A,大學部,4,A,教學實務演練(應用化學系),0,選,21,19,,2,鄭秀英,,,X,,,,,,"[{""day"": 2, ""dayName"": ""星期二"", ""periods"": [""X""], ""raw"": ""X""}]",外加,指定加簽，申請擔任學習型兼任教學助理之學生必須修習本課程。,https://course.nuk.edu.tw/QueryCourse/tcontent.asp?OpenYear=104&Helf=2&Sclass=AC&Cono=F500,2026-08-26T18:13:36+00:00
104-2-AC-F511-A-4-A,104,2,理學院,AC,應用化學系,F511,A,大學部,4,A,質譜學,3,選,25,13,,12,何永皓,C02-104,,,,"2,3, 4",,,,"[{""day"": 4, ""dayName"": ""星期四"", ""periods"": [""2"", ""3"", ""4""], ""raw"": ""2,3, 4""}]",外加 學程,隸屬材料分析學程/與碩班合開課程，限大三以上修習。隸屬生技產業跨領域學程,https://course.nuk.edu.tw/QueryCourse/tcontent.asp?OpenYear=104&Helf=2&Sclass=AC&Cono=F511,2026-08-26T18:13:36+00:00
104-2-AC-F533-A-4-A,104,2,理學院,AC,應用化學系,F533,A,大學部,4,A,當代有機金屬化學,3,選,50,25,,25,周志明,C02-104,,,,,"2,3, 4",,,"[{""day"": 5, ""dayName"": ""星期五"", ""periods"": [""2"", ""3"", ""4""], ""raw"": ""2,3, 4""}]",限修,與碩班合開課程，限大三以上修習。,https://course.nuk.edu.tw/QueryCourse/tcontent.asp?OpenYear=104&Helf=2&Sclass=AC&Cono=F533,2026-08-26T18:13:36+00:00
104-2-AC-F643-A-4-A,104,2,理學院,AC,應用化學系,F643,A,大學部,4,A,新合成方法,3,選,50,3,,47,郭文章,C02-104,,,"5,6, 7",,,,,"[{""day"": 3, ""dayName"": ""星期三"", ""periods"": [""5"", ""6"", ""7""], ""raw"": ""5,6, 7""}]",,與碩班合開課程,https://course.nuk.edu.tw/QueryCourse/tcontent.asp?OpenYear=104&Helf=2&Sclass=AC&Cono=F643,2026-08-26T18:13:36+00:00
104-2-AC-F661-A-4-A,104,2,理學院,AC,應用化學系,F661,A,大學部,4,A,計算化學,3,選,36,13,,23,莊曜遠,C02-104,,"5,6, 7",,,,,,"[{""day"": 2, ""dayName"": ""星期二"", ""periods"": [""5"", ""6"", ""7""], ""raw"": ""5,6, 7""}]",,與碩班合開課程,https://course.nuk.edu.tw/QueryCourse/tcontent.asp?OpenYear=104&Helf=2&Sclass=AC&Cono=F661,2026-08-26T18:13:36+00:00
104-2-AC-F672-A-4-A,104,2,理學院,AC,應用化學系,F672,A,大學部,4,A,蝕刻製程,2,選,30,29,,1,莊琇惠,C02-105,"5,6",,,,,,,"[{""day"": 1, ""dayName"": ""星期一"", ""periods"": [""5"", ""6""], ""raw"": ""5,6""}]",學程,隸屬半導體光電製程學程/與碩班合開,https://course.nuk.edu.tw/QueryCourse/tcontent.asp?OpenYear=104&Helf=2&Sclass=AC&Cono=F672,2026-08-26T18:13:36+00:00
104-2-AC-F681-A-4-A,104,2,理學院,AC,應用化學系,F681,A,大學部,4,A,真空技術,3,選,50,18,,32,鄭秀英,C02-104,,"10,11, 12",,,,,,"[{""day"": 2, ""dayName"": ""星期二"", ""periods"": [""10"", ""11"", ""12""], ""raw"": ""10,11, 12""}]",,隸屬半導體光電製程學程/與碩班合開,https://course.nuk.edu.tw/QueryCourse/tcontent.asp?OpenYear=104&Helf=2&Sclass=AC&Cono=F681,2026-08-26T18:13:36+00:00
104-2-AC-F682-A-4-A,104,2,理學院,AC,應用化學系,F682,A,大學部,4,A,分離技術,3,選,15,15,,0,劉福鯤,C02-104,,,"2,3, 4",,,,,"[{""day"": 3, ""dayName"": ""星期三"", ""periods"": [""2"", ""3"", ""4""], ""raw"": ""2,3, 4""}]",限修 學程,隸屬材料分析學程/與碩班合開,https://course.nuk.edu.tw/QueryCourse/tcontent.asp?OpenYear=104&Helf=2&Sclass=AC&Cono=F682,2026-08-26T18:13:36+00:00
104-2-AC-F714-A-4-A,104,2,理學院,AC,應用化學系,F714,A,大學部,4,A,光電半導體材料與分析,3,選,15,15,,0,郭文章 何永皓,C02-104,"9,10, 11",,,,,,,"[{""day"": 1, ""dayName"": ""星期一"", ""periods"": [""9"", ""10"", ""11""], ""raw"": ""9,10, 11""}]",限修,與碩班合開課程,https://course.nuk.edu.tw/QueryCourse/tcontent.asp?OpenYear=104&Helf=2&Sclass=AC&Cono=F714,2026-08-26T18:13:36+00:00
104-2-AC-F732-A-4-A,104,2,理學院,AC,應用化學系,F732,A,大學部,4,A,先進材料設計與製備技術導論,3,選,50,3,,47,李頂瑜,C02-103,"5,6, 7",,,,,,,"[{""day"": 1, ""dayName"": ""星期一"", ""periods"": [""5"", ""6"", ""7""], ""raw"": ""5,6, 7""}]",學程,隸屬先進材料製備學程/與碩班合開,https://course.nuk.edu.tw/QueryCourse/tcontent.asp?OpenYear=104&Helf=2&Sclass=AC&Cono=F732,2026-08-26T18:13:36+00:00
104-2-AC-F753-A-4-A,104,2,理學院,AC,應用化學系,F753,A,大學部,4,A,有機合成反應的回顧與討論,3,選,50,5,,45,黃榮宗,C02-106,,,"2,3, 4",,,,,"[{""day"": 3, ""dayName"": ""星期三"", ""periods"": [""2"", ""3"", ""4""], ""raw"": ""2,3, 4""}]",,與碩班合開,https://course.nuk.edu.tw/QueryCourse/tcontent.asp?OpenYear=104&Helf=2&Sclass=AC&Cono=F753,2026-08-26T18:13:36+00:00
104-2-AC-F763-A-4-A,104,2,理學院,AC,應用化學系,F763,A,大學部,4,A,科技寫作,2,選,30,8,,22,蘇楷立,C02-111,"3,4",,,,,,,"[{""day"": 1, ""dayName"": ""星期一"", ""periods"": [""3"", ""4""], ""raw"": ""3,4""}]",,與碩士班合開,https://course.nuk.edu.tw/QueryCourse/tcontent.asp?OpenYear=104&Helf=2&Sclass=AC&Cono=F763,2026-08-26T18:13:36+00:00
104-2-AC-F76B-A-4-A,104,2,理學院,AC,應用化學系,F76B,A,大學部,4,A,科學研究討論(二),3,選,50,8,,42,蘇楷立,C02-111,,"10,11, 12",,,,,,"[{""day"": 2, ""dayName"": ""星期二"", ""periods"": [""10"", ""11"", ""12""], ""raw"": ""10,11, 12""}]",,請排C02-111教室,https://course.nuk.edu.tw/QueryCourse/tcontent.asp?OpenYear=104&Helf=2&Sclass=AC&Cono=F76B,2026-08-26T18:13:36+00:00
104-2-AC-F012-M-1-,104,2,理學院,AC,應用化學系,F012,M,碩士班,1,,書報討論(二),1,必,12,10,,2,莊曜遠,C02-209,,,,"6,7",,,,"[{""day"": 4, ""dayName"": ""星期四"", ""periods"": [""6"", ""7""], ""raw"": ""6,7""}]",,,https://course.nuk.edu.tw/QueryCourse/tcontent.asp?OpenYear=104&Helf=2&Sclass=AC&Cono=F012,2026-08-26T18:13:36+00:00
104-2-AC-F500-M-1-,104,2,理學院,AC,應用化學系,F500,M,碩士班,1,,教學實務演練(應用化學系),0,選,21,19,,2,鄭秀英,,,X,,,,,,"[{""day"": 2, ""dayName"": ""星期二"", ""periods"": [""X""], ""raw"": ""X""}]",外加,指定加簽，申請擔任學習型兼任教學助理之學生必須修習本課程。,https://course.nuk.edu.tw/QueryCourse/tcontent.asp?OpenYear=104&Helf=2&Sclass=AC&Cono=F500,2026-08-26T18:13:36+00:00
104-2-AC-F511-M-1-,104,2,理學院,AC,應用化學系,F511,M,碩士班,1,,質譜學,3,選,25,13,,12,何永皓,C02-104,,,,"2,3, 4",,,,"[{""day"": 4, ""dayName"": ""星期四"", ""periods"": [""2"", ""3"", ""4""], ""raw"": ""2,3, 4""}]",外加 學程,隸屬材料分析學程/與大四合開，限大三以上修習。隸屬生技產業跨領域學程,https://course.nuk.edu.tw/QueryCourse/tcontent.asp?OpenYear=104&Helf=2&Sclass=AC&Cono=F511,2026-08-26T18:13:36+00:00
104-2-AC-F533-M-1-,104,2,理學院,AC,應用化學系,F533,M,碩士班,1,,當代有機金屬化學,3,選,50,25,,25,周志明,C02-104,,,,,"2,3, 4",,,"[{""day"": 5, ""dayName"": ""星期五"", ""periods"": [""2"", ""3"", ""4""], ""raw"": ""2,3, 4""}]",限修,與大四合開課程，限大三以上修習。,https://course.nuk.edu.tw/QueryCourse/tcontent.asp?OpenYear=104&Helf=2&Sclass=AC&Cono=F533,2026-08-26T18:13:36+00:00
104-2-AC-F631-M-1-,104,2,理學院,AC,應用化學系,F631,M,碩士班,1,,化學研究(二)A,3,選,4,4,,0,鄭秀英 黃榮宗 蘇楷立,C02-106,,,,"9,10, 11",,,,"[{""day"": 4, ""dayName"": ""星期四"", ""periods"": [""9"", ""10"", ""11""], ""raw"": ""9,10, 11""}]",,限老師指定同學選課,https://course.nuk.edu.tw/QueryCourse/tcontent.asp?OpenYear=104&Helf=2&Sclass=AC&Cono=F631,2026-08-26T18:13:36+00:00
104-2-AC-F632-M-1-,104,2,理學院,AC,應用化學系,F632,M,碩士班,1,,化學研究(二)B,3,選,4,3,,1,蔡振章 郭文章 周志明,C02-101,,,,"9,10, 11",,,,"[{""day"": 4, ""dayName"": ""星期四"", ""periods"": [""9"", ""10"", ""11""], ""raw"": ""9,10, 11""}]",,限老師指定同學選課,https://course.nuk.edu.tw/QueryCourse/tcontent.asp?OpenYear=104&Helf=2&Sclass=AC&Cono=F632,2026-08-26T18:13:36+00:00
104-2-AC-F633-M-1-,104,2,理學院,AC,應用化學系,F633,M,碩士班,1,,化學研究(二)C,3,選,4,3,,1,莊琇惠 李頂瑜 劉福鯤,C02-102,,,,"9,10, 11",,,,"[{""day"": 4, ""dayName"": ""星期四"", ""periods"": [""9"", ""10"", ""11""], ""raw"": ""9,10, 11""}]",,限老師指定同學選課,https://course.nuk.edu.tw/QueryCourse/tcontent.asp?OpenYear=104&Helf=2&Sclass=AC&Cono=F633,2026-08-26T18:13:36+00:00
104-2-AC-F643-M-1-,104,2,理學院,AC,應用化學系,F643,M,碩士班,1,,新合成方法,3,選,50,3,,47,郭文章,C02-104,,,"5,6, 7",,,,,"[{""day"": 3, ""dayName"": ""星期三"", ""periods"": [""5"", ""6"", ""7""], ""raw"": ""5,6, 7""}]",,,https://course.nuk.edu.tw/QueryCourse/tcontent.asp?OpenYear=104&Helf=2&Sclass=AC&Cono=F643,2026-08-26T18:13:36+00:00
104-2-AC-F661-M-1-,104,2,理學院,AC,應用化學系,F661,M,碩士班,1,,計算化學,3,選,36,13,,23,莊曜遠,C02-104,,"5,6, 7",,,,,,"[{""day"": 2, ""dayName"": ""星期二"", ""periods"": [""5"", ""6"", ""7""], ""raw"": ""5,6, 7""}]",,碩班大四合開,https://course.nuk.edu.tw/QueryCourse/tcontent.asp?OpenYear=104&Helf=2&Sclass=AC&Cono=F661,2026-08-26T18:13:36+00:00
104-2-AC-F672-M-1-,104,2,理學院,AC,應用化學系,F672,M,碩士班,1,,蝕刻製程,2,選,30,29,,1,莊琇惠,C02-105,"5,6",,,,,,,"[{""day"": 1, ""dayName"": ""星期一"", ""periods"": [""5"", ""6""], ""raw"": ""5,6""}]",學程,隸屬半導體光電製程學程,https://course.nuk.edu.tw/QueryCourse/tcontent.asp?OpenYear=104&Helf=2&Sclass=AC&Cono=F672,2026-08-26T18:13:36+00:00
104-2-AC-F681-M-1-,104,2,理學院,AC,應用化學系,F681,M,碩士班,1,,真空技術,3,選,50,18,,32,鄭秀英,C02-104,,"10,11, 12",,,,,,"[{""day"": 2, ""dayName"": ""星期二"", ""periods"": [""10"", ""11"", ""12""], ""raw"": ""10,11, 12""}]",,隸屬半導體製程學程,https://course.nuk.edu.tw/QueryCourse/tcontent.asp?OpenYear=104&Helf=2&Sclass=AC&Cono=F681,2026-08-26T18:13:36+00:00
104-2-AC-F682-M-1-,104,2,理學院,AC,應用化學系,F682,M,碩士班,1,,分離技術,3,選,15,15,,0,劉福鯤,C02-104,,,"2,3, 4",,,,,"[{""day"": 3, ""dayName"": ""星期三"", ""periods"": [""2"", ""3"", ""4""], ""raw"": ""2,3, 4""}]",限修及外加 學程,隸屬材料分析學程/與大四合開,https://course.nuk.edu.tw/QueryCourse/tcontent.asp?OpenYear=104&Helf=2&Sclass=AC&Cono=F682,2026-08-26T18:13:36+00:00
104-2-AC-F714-M-1-,104,2,理學院,AC,應用化學系,F714,M,碩士班,1,,光電半導體材料與分析,3,選,15,15,,0,郭文章 何永皓,C02-104,"9,10, 11",,,,,,,"[{""day"": 1, ""dayName"": ""星期一"", ""periods"": [""9"", ""10"", ""11""], ""raw"": ""9,10, 11""}]",限修,與大四合開,https://course.nuk.edu.tw/QueryCourse/tcontent.asp?OpenYear=104&Helf=2&Sclass=AC&Cono=F714,2026-08-26T18:13:36+00:00
104-2-AC-F732-M-1-,104,2,理學院,AC,應用化學系,F732,M,碩士班,1,,先進材料設計與製備技術導論,3,選,50,3,,47,李頂瑜,C02-103,"5,6, 7",,,,,,,"[{""day"": 1, ""dayName"": ""星期一"", ""periods"": [""5"", ""6"", ""7""], ""raw"": ""5,6, 7""}]",學程,隸屬先進材料製備學程,https://course.nuk.edu.tw/QueryCourse/tcontent.asp?OpenYear=104&Helf=2&Sclass=AC&Cono=F732,2026-08-26T18:13:36+00:00
104-2-AC-F753-M-1-,104,2,理學院,AC,應用化學系,F753,M,碩士班,1,,有機合成反應的回顧與討論,3,選,50,5,,45,黃榮宗,C02-106,,,"2,3, 4",,,,,"[{""day"": 3, ""dayName"": ""星期三"", ""periods"": [""2"", ""3"", ""4""], ""raw"": ""2,3, 4""}]",,與大四合開,https://course.nuk.edu.tw/QueryCourse/tcontent.asp?OpenYear=104&Helf=2&Sclass=AC&Cono=F753,2026-08-26T18:13:36+00:00
104-2-AC-F763-M-1-,104,2,理學院,AC,應用化學系,F763,M,碩士班,1,,科技寫作,2,選,30,8,,22,蘇楷立,C02-111,"3,4",,,,,,,"[{""day"": 1, ""dayName"": ""星期一"", ""periods"": [""3"", ""4""], ""raw"": ""3,4""}]",,與大四合開,https://course.nuk.edu.tw/QueryCourse/tcontent.asp?OpenYear=104&Helf=2&Sclass=AC&Cono=F763,2026-08-26T18:13:36+00:00
104-2-AC-F76B-M-1-,104,2,理學院,AC,應用化學系,F76B,M,碩士班,1,,科學研究討論(二),3,選,50,8,,42,蘇楷立,C02-111,,"10,11, 12",,,,,,"[{""day"": 2, ""dayName"": ""星期二"", ""periods"": [""10"", ""11"", ""12""], ""raw"": ""10,11, 12""}]",,,https://course.nuk.edu.tw/QueryCourse/tcontent.asp?OpenYear=104&Helf=2&Sclass=AC&Cono=F76B,2026-08-26T18:13:36+00:00
104-2-AC-F511-M-2-,104,2,理學院,AC,應用化學系,F511,M,碩士班,2,,質譜學,3,選,25,13,,12,何永皓,C02-104,,,,"2,3, 4",,,,"[{""day"": 4, ""dayName"": ""星期四"", ""periods"": [""2"", ""3"", ""4""], ""raw"": ""2,3, 4""}]",外加 學程,隸屬材料分析學程/與大四合開，限大三以上修習。隸屬生技產業跨領域學程,https://course.nuk.edu.tw/QueryCourse/tcontent.asp?OpenYear=104&Helf=2&Sclass=AC&Cono=F511,2026-08-26T18:13:36+00:00
104-2-AC-F533-M-2-,104,2,理學院,AC,應用化學系,F533,M,碩士班,2,,當代有機金屬化學,3,選,50,25,,25,周志明,C02-104,,,,,"2,3, 4",,,"[{""day"": 5, ""dayName"": ""星期五"", ""periods"": [""2"", ""3"", ""4""], ""raw"": ""2,3, 4""}]",限修,與大四合開，限大三以上修習。,https://course.nuk.edu.tw/QueryCourse/tcontent.asp?OpenYear=104&Helf=2&Sclass=AC&Cono=F533,2026-08-26T18:13:36+00:00
104-2-AC-F643-M-2-,104,2,理學院,AC,應用化學系,F643,M,碩士班,2,,新合成方法,3,選,50,3,,47,郭文章,C02-104,,,"5,6, 7",,,,,"[{""day"": 3, ""dayName"": ""星期三"", ""periods"": [""5"", ""6"", ""7""], ""raw"": ""5,6, 7""}]",,與大四合開,https://course.nuk.edu.tw/QueryCourse/tcontent.asp?OpenYear=104&Helf=2&Sclass=AC&Cono=F643,2026-08-26T18:13:36+00:00
104-2-AC-F661-M-2-,104,2,理學院,AC,應用化學系,F661,M,碩士班,2,,計算化學,3,選,36,13,,23,莊曜遠,C02-104,,"5,6, 7",,,,,,"[{""day"": 2, ""dayName"": ""星期二"", ""periods"": [""5"", ""6"", ""7""], ""raw"": ""5,6, 7""}]",,,https://course.nuk.edu.tw/QueryCourse/tcontent.asp?OpenYear=104&Helf=2&Sclass=AC&Cono=F661,2026-08-26T18:13:36+00:00
104-2-AC-F672-M-2-,104,2,理學院,AC,應用化學系,F672,M,碩士班,2,,蝕刻製程,2,選,30,29,,1,莊琇惠,C02-105,"5,6",,,,,,,"[{""day"": 1, ""dayName"": ""星期一"", ""periods"": [""5"", ""6""], ""raw"": ""5,6""}]",學程,隸屬半導體光電製程學程/與大四合開,https://course.nuk.edu.tw/QueryCourse/tcontent.asp?OpenYear=104&Helf=2&Sclass=AC&Cono=F672,2026-08-26T18:13:36+00:00
104-2-AC-F681-M-2-,104,2,理學院,AC,應用化學系,F681,M,碩士班,2,,真空技術,3,選,50,18,,32,鄭秀英,C02-104,,"10,11, 12",,,,,,"[{""day"": 2, ""dayName"": ""星期二"", ""periods"": [""10"", ""11"", ""12""], ""raw"": ""10,11, 12""}]",,隸屬半導體光電製程學程/與大四合開,https://course.nuk.edu.tw/QueryCourse/tcontent.asp?OpenYear=104&Helf=2&Sclass=AC&Cono=F681,2026-08-26T18:13:36+00:00
104-2-AC-F682-M-2-,104,2,理學院,AC,應用化學系,F682,M,碩士班,2,,分離技術,3,選,15,15,,0,劉福鯤,C02-104,,,"2,3, 4",,,,,"[{""day"": 3, ""dayName"": ""星期三"", ""periods"": [""2"", ""3"", ""4""], ""raw"": ""2,3, 4""}]",限修 學程,隸屬材料分析學程,https://course.nuk.edu.tw/QueryCourse/tcontent.asp?OpenYear=104&Helf=2&Sclass=AC&Cono=F682,2026-08-26T18:13:36+00:00
104-2-AC-F714-M-2-,104,2,理學院,AC,應用化學系,F714,M,碩士班,2,,光電半導體材料與分析,3,選,15,15,,0,郭文章 何永皓,C02-104,"9,10, 11",,,,,,,"[{""day"": 1, ""dayName"": ""星期一"", ""periods"": [""9"", ""10"", ""11""], ""raw"": ""9,10, 11""}]",限修,與大四合開,https://course.nuk.edu.tw/QueryCourse/tcontent.asp?OpenYear=104&Helf=2&Sclass=AC&Cono=F714,2026-08-26T18:13:36+00:00
104-2-AC-F732-M-2-,104,2,理學院,AC,應用化學系,F732,M,碩士班,2,,先進材料設計與製備技術導論,3,選,50,3,,47,李頂瑜,C02-103,"5,6, 7",,,,,,,"[{""day"": 1, ""dayName"": ""星期一"", ""periods"": [""5"", ""6"", ""7""], ""raw"": ""5,6, 7""}]",學程,隸屬先進材料製備學程/與大四合開,https://course.nuk.edu.tw/QueryCourse/tcontent.asp?OpenYear=104&Helf=2&Sclass=AC&Cono=F732,2026-08-26T18:13:36+00:00
104-2-AC-F753-M-2-,104,2,理學院,AC,應用化學系,F753,M,碩士班,2,,有機合成反應的回顧與討論,3,選,50,5,,45,黃榮宗,C02-106,,,"2,3, 4",,,,,"[{""day"": 3, ""dayName"": ""星期三"", ""periods"": [""2"", ""3"", ""4""], ""raw"": ""2,3, 4""}]",,與大四合開,https://course.nuk.edu.tw/QueryCourse/tcontent.asp?OpenYear=104&Helf=2&Sclass=AC&Cono=F753,2026-08-26T18:13:36+00:00
104-2-AC-F76B-M-2-,104,2,理學院,AC,應用化學系,F76B,M,碩士班,2,,科學研究討論(二),3,選,50,8,,42,蘇楷立,C02-111,,"10,11, 12",,,,,,"[{""day"": 2, ""dayName"": ""星期二"", ""periods"": [""10"", ""11"", ""12""], ""raw"": ""10,11, 12""}]",,與大四合開,https://course.nuk.edu.tw/QueryCourse/tcontent.asp?OpenYear=104&Helf=2&Sclass=AC&Cono=F76B,2026-08-26T18:13:36+00:00
104-2-AM-A01B-A-1-A,104,2,理學院,AM,應用數學系,A01B,A,大學部,1,A,微積分（二）,4,必,80,59,,21,陳晴玉,C02-407,,,"3,4",,"3,4",,,"[{""day"": 3, ""dayName"": ""星期三"", ""periods"": [""3"", ""4""], ""raw"": ""3,4""}, {""day"": 5, ""dayName"": ""星期五"", ""periods"": [""3"", ""4""], ""raw"": ""3,4""}]",,全英語授課,https://course.nuk.edu.tw/QueryCourse/tcontent.asp?OpenYear=104&Helf=2&Sclass=AM&Cono=A01B,2026-08-26T18:13:36+00:00
104-2-AM-A02B-A-1-A,104,2,理學院,AM,應用數學系,A02B,A,大學部,1,A,線性代數（二）,3,必,81,78,,3,張惠蘭,C02-407,,"6,7",1,,,,,"[{""day"": 2, ""dayName"": ""星期二"", ""periods"": [""6"", ""7""], ""raw"": ""6,7""}, {""day"": 3, ""dayName"": ""星期三"", ""periods"": [""1""], ""raw"": ""1""}]",外加,,https://course.nuk.edu.tw/QueryCourse/tcontent.asp?OpenYear=104&Helf=2&Sclass=AM&Cono=A02B,2026-08-26T18:13:36+00:00
104-2-AM-A03B-A-1-A,104,2,理學院,AM,應用數學系,A03B,A,大學部,1,A,基礎數學（二）,3,必,71,57,,14,張志鴻,C02-105,"1,2",1,,,,,,"[{""day"": 1, ""dayName"": ""星期一"", ""periods"": [""1"", ""2""], ""raw"": ""1,2""}, {""day"": 2, ""dayName"": ""星期二"", ""periods"": [""1""], ""raw"": ""1""}]",,,https://course.nuk.edu.tw/QueryCourse/tcontent.asp?OpenYear=104&Helf=2&Sclass=AM&Cono=A03B,2026-08-26T18:13:36+00:00
104-2-AM-A05B-A-1-A,104,2,理學院,AM,應用數學系,A05B,A,大學部,1,A,數學實習（二）,1,必,70,51,,19,陳晴玉,C02-407,,,,,"5,6",,,"[{""day"": 5, ""dayName"": ""星期五"", ""periods"": [""5"", ""6""], ""raw"": ""5,6""}]",,,https://course.nuk.edu.tw/QueryCourse/tcontent.asp?OpenYear=104&Helf=2&Sclass=AM&Cono=A05B,2026-08-26T18:13:36+00:00
104-2-AM-A112-A-1-A,104,2,理學院,AM,應用數學系,A112,A,大學部,1,A,程式設計,3,必,80,79,,1,黃錦輝,C02-407,,,2,"5,6",,,,"[{""day"": 3, ""dayName"": ""星期三"", ""periods"": [""2""], ""raw"": ""2""}, {""day"": 4, ""dayName"": ""星期四"", ""periods"": [""5"", ""6""], ""raw"": ""5,6""}]",,,https://course.nuk.edu.tw/QueryCourse/tcontent.asp?OpenYear=104&Helf=2&Sclass=AM&Cono=A112,2026-08-26T18:13:36+00:00
104-2-AM-A54B-A-1-A,104,2,理學院,AM,應用數學系,A54B,A,大學部,1,A,普通物理學(二),3,選,70,40,,30,廖英彥,C02-108,,,,"7,8, 9",,,,"[{""day"": 4, ""dayName"": ""星期四"", ""periods"": [""7"", ""8"", ""9""], ""raw"": ""7,8, 9""}]",,系必選,https://course.nuk.edu.tw/QueryCourse/tcontent.asp?OpenYear=104&Helf=2&Sclass=AM&Cono=A54B,2026-08-26T18:13:36+00:00
104-2-AM-A55B-A-1-A,104,2,理學院,AM,應用數學系,A55B,A,大學部,1,A,財務數學導論(二),3,選,80,37,,43,黃士峰,C02-406,4,"3,4",,,,,,"[{""day"": 1, ""dayName"": ""星期一"", ""periods"": [""4""], ""raw"": ""4""}, {""day"": 2, ""dayName"": ""星期二"", ""periods"": [""3"", ""4""], ""raw"": ""3,4""}]",,系必選,https://course.nuk.edu.tw/QueryCourse/tcontent.asp?OpenYear=104&Helf=2&Sclass=AM&Cono=A55B,2026-08-26T18:13:36+00:00
104-2-AM-B01B-A-2-A,104,2,理學院,AM,應用數學系,B01B,A,大學部,2,A,高等微積分(二),4,必,82,68,,14,林英杰,C02-407,,"3,4",,"3,4",,,,"[{""day"": 2, ""dayName"": ""星期二"", ""periods"": [""3"", ""4""], ""raw"": ""3,4""}, {""day"": 4, ""dayName"": ""星期四"", ""periods"": [""3"", ""4""], ""raw"": ""3,4""}]",,,https://course.nuk.edu.tw/QueryCourse/tcontent.asp?OpenYear=104&Helf=2&Sclass=AM&Cono=B01B,2026-08-26T18:13:36+00:00
104-2-AM-B02B-A-2-A,104,2,理學院,AM,應用數學系,B02B,A,大學部,2,A,機率與統計(二),3,必,80,68,,12,郭錕霖,C02-407,,,,2,"1,2",,,"[{""day"": 4, ""dayName"": ""星期四"", ""periods"": [""2""], ""raw"": ""2""}, {""day"": 5, ""dayName"": ""星期五"", ""periods"": [""1"", ""2""], ""raw"": ""1,2""}]",,,https://course.nuk.edu.tw/QueryCourse/tcontent.asp?OpenYear=104&Helf=2&Sclass=AM&Cono=B02B,2026-08-26T18:13:36+00:00
104-2-AM-B041-A-2-A,104,2,理學院,AM,應用數學系,B041,A,大學部,2,A,代數學(一),3,必,83,80,,3,施信宏,C02-407,"3,4",,,7,,,,"[{""day"": 1, ""dayName"": ""星期一"", ""periods"": [""3"", ""4""], ""raw"": ""3,4""}, {""day"": 4, ""dayName"": ""星期四"", ""periods"": [""7""], ""raw"": ""7""}]",,,https://course.nuk.edu.tw/QueryCourse/tcontent.asp?OpenYear=104&Helf=2&Sclass=AM&Cono=B041,2026-08-26T18:13:36+00:00
104-2-AM-B50B-A-2-A,104,2,理學院,AM,應用數學系,B50B,A,大學部,2,A,數學實習(四),1,選,60,23,,37,林英杰,C02-406,"5,6",,,,,,,"[{""day"": 1, ""dayName"": ""星期一"", ""periods"": [""5"", ""6""], ""raw"": ""5,6""}]",,,https://course.nuk.edu.tw/QueryCourse/tcontent.asp?OpenYear=104&Helf=2&Sclass=AM&Cono=B50B,2026-08-26T18:13:36+00:00
104-2-AM-B541-A-2-A,104,2,理學院,AM,應用數學系,B541,A,大學部,2,A,微分方程(二),3,選,60,26,,34,曾昱豪,C02-406,,"1,2, 5",,,,,,"[{""day"": 2, ""dayName"": ""星期二"", ""periods"": [""1"", ""2"", ""5""], ""raw"": ""1,2, 5""}]",,,https://course.nuk.edu.tw/QueryCourse/tcontent.asp?OpenYear=104&Helf=2&Sclass=AM&Cono=B541,2026-08-26T18:13:36+00:00
104-2-AM-B581-A-2-A,104,2,理學院,AM,應用數學系,B581,A,大學部,2,A,演算法,3,選,60,26,,34,張惠蘭,C02-408,7,,"8,9",,,,,"[{""day"": 1, ""dayName"": ""星期一"", ""periods"": [""7""], ""raw"": ""7""}, {""day"": 3, ""dayName"": ""星期三"", ""periods"": [""8"", ""9""], ""raw"": ""8,9""}]",,,https://course.nuk.edu.tw/QueryCourse/tcontent.asp?OpenYear=104&Helf=2&Sclass=AM&Cono=B581,2026-08-26T18:13:36+00:00
104-2-AM-B591-A-2-A,104,2,理學院,AM,應用數學系,B591,A,大學部,2,A,程式設計實習,1,選,60,13,,47,黃錦輝,C02-B101,,,5,,,,,"[{""day"": 3, ""dayName"": ""星期三"", ""periods"": [""5""], ""raw"": ""5""}]",,上課教室：B101室,https://course.nuk.edu.tw/QueryCourse/tcontent.asp?OpenYear=104&Helf=2&Sclass=AM&Cono=B591,2026-08-26T18:13:36+00:00
104-2-AM-C511-A-3-A,104,2,理學院,AM,應用數學系,C511,A,大學部,3,A,基礎數論,3,選,60,12,,48,鄭斯恩,C02-408,,1,,,"5,6",,,"[{""day"": 2, ""dayName"": ""星期二"", ""periods"": [""1""], ""raw"": ""1""}, {""day"": 5, ""dayName"": ""星期五"", ""periods"": [""5"", ""6""], ""raw"": ""5,6""}]",,,https://course.nuk.edu.tw/QueryCourse/tcontent.asp?OpenYear=104&Helf=2&Sclass=AM&Cono=C511,2026-08-26T18:13:36+00:00
104-2-AM-C515-A-3-A,104,2,理學院,AM,應用數學系,C515,A,大學部,3,A,基礎總體經濟學,3,選,50,41,,9,蔡宗秀,L02-103,,,"2,3, 4",,,,,"[{""day"": 3, ""dayName"": ""星期三"", ""periods"": [""2"", ""3"", ""4""], ""raw"": ""2,3, 4""}]",,,https://course.nuk.edu.tw/QueryCourse/tcontent.asp?OpenYear=104&Helf=2&Sclass=AM&Cono=C515,2026-08-26T18:13:36+00:00
104-2-AM-C541-A-3-A,104,2,理學院,AM,應用數學系,C541,A,大學部,3,A,組合數學(二),3,選,60,19,,41,鄭斯恩,C02-408,"5,6",10,,,,,,"[{""day"": 1, ""dayName"": ""星期一"", ""periods"": [""5"", ""6""], ""raw"": ""5,6""}, {""day"": 2, ""dayName"": ""星期二"", ""periods"": [""10""], ""raw"": ""10""}]",,,https://course.nuk.edu.tw/QueryCourse/tcontent.asp?OpenYear=104&Helf=2&Sclass=AM&Cono=C541,2026-08-26T18:13:36+00:00
104-2-AM-C551-A-3-A,104,2,理學院,AM,應用數學系,C551,A,大學部,3,A,數理統計(二),3,選,60,19,,41,黃士峰,C02-406 其他教室,"7,8",5,,,,,,"[{""day"": 1, ""dayName"": ""星期一"", ""periods"": [""7"", ""8""], ""raw"": ""7,8""}, {""day"": 2, ""dayName"": ""星期二"", ""periods"": [""5""], ""raw"": ""5""}]",,,https://course.nuk.edu.tw/QueryCourse/tcontent.asp?OpenYear=104&Helf=2&Sclass=AM&Cono=C551,2026-08-26T18:13:36+00:00
104-2-AM-C651-A-3-A,104,2,理學院,AM,應用數學系,C651,A,大學部,3,A,數值計算,3,選,50,7,,43,曾昱豪,C02-452,,,"2,3, 4",,,,,"[{""day"": 3, ""dayName"": ""星期三"", ""periods"": [""2"", ""3"", ""4""], ""raw"": ""2,3, 4""}]",,,https://course.nuk.edu.tw/QueryCourse/tcontent.asp?OpenYear=104&Helf=2&Sclass=AM&Cono=C651,2026-08-26T18:13:36+00:00
104-2-AM-D501-A-3-A,104,2,理學院,AM,應用數學系,D501,A,大學部,3,A,機率論(一),3,選,20,20,,0,張志浩,C02-450,,,1,,"3,4",,,"[{""day"": 3, ""dayName"": ""星期三"", ""periods"": [""1""], ""raw"": ""1""}, {""day"": 5, ""dayName"": ""星期五"", ""periods"": [""3"", ""4""], ""raw"": ""3,4""}]",,上課教室：理450室,https://course.nuk.edu.tw/QueryCourse/tcontent.asp?OpenYear=104&Helf=2&Sclass=AM&Cono=D501,2026-08-26T18:13:36+00:00
104-2-AM-D74B-A-3-A,104,2,理學院,AM,應用數學系,D74B,A,大學部,3,A,矩陣理論（二）,3,選,50,18,,32,郭岳承,C02-408,9,"6,7",,,,,,"[{""day"": 1, ""dayName"": ""星期一"", ""periods"": [""9""], ""raw"": ""9""}, {""day"": 2, ""dayName"": ""星期二"", ""periods"": [""6"", ""7""], ""raw"": ""6,7""}]",,上課教室：理408室,https://course.nuk.edu.tw/QueryCourse/tcontent.asp?OpenYear=104&Helf=2&Sclass=AM&Cono=D74B,2026-08-26T18:13:36+00:00
104-2-AM-C661-A-4-A,104,2,理學院,AM,應用數學系,C661,A,大學部,4,A,幾何學導論,3,選,61,6,,55,吳宗芳,C02-452,,,,"3,4",3,,,"[{""day"": 4, ""dayName"": ""星期四"", ""periods"": [""3"", ""4""], ""raw"": ""3,4""}, {""day"": 5, ""dayName"": ""星期五"", ""periods"": [""3""], ""raw"": ""3""}]",,,https://course.nuk.edu.tw/QueryCourse/tcontent.asp?OpenYear=104&Helf=2&Sclass=AM&Cono=C661,2026-08-26T18:13:36+00:00
104-2-AM-F622-A-4-A,104,2,理學院,AM,應用數學系,F622,A,大學部,4,A,財務工程,3,選,50,9,,41,黃士峰,C02-408,"2,3",,,,2,,,"[{""day"": 1, ""dayName"": ""星期一"", ""periods"": [""2"", ""3""], ""raw"": ""2,3""}, {""day"": 5, ""dayName"": ""星期五"", ""periods"": [""2""], ""raw"": ""2""}]",,大四、碩班合開。上課教室:理408室,https://course.nuk.edu.tw/QueryCourse/tcontent.asp?OpenYear=104&Helf=2&Sclass=AM&Cono=F622,2026-08-26T18:13:36+00:00
104-2-AM-F66B-A-4-A,104,2,理學院,AM,應用數學系,F66B,A,大學部,4,A,進階偏微分方程數值方法(二),3,選,50,6,,44,曾昱豪,C02-408,,,,"9,10, 11",,,,"[{""day"": 4, ""dayName"": ""星期四"", ""periods"": [""9"", ""10"", ""11""], ""raw"": ""9,10, 11""}]",,大四、碩班合開。上課教室:理408室,https://course.nuk.edu.tw/QueryCourse/tcontent.asp?OpenYear=104&Helf=2&Sclass=AM&Cono=F66B,2026-08-26T18:13:36+00:00
104-2-AM-F693-A-4-A,104,2,理學院,AM,應用數學系,F693,A,大學部,4,A,進階組合學,3,選,50,5,,45,張惠蘭,C02-406,,,,,"2,3, 4",,,"[{""day"": 5, ""dayName"": ""星期五"", ""periods"": [""2"", ""3"", ""4""], ""raw"": ""2,3, 4""}]",,大四、碩班合開。上課教室:理408室,https://course.nuk.edu.tw/QueryCourse/tcontent.asp?OpenYear=104&Helf=2&Sclass=AM&Cono=F693,2026-08-26T18:13:36+00:00
104-2-AM-F772-A-4-A,104,2,理學院,AM,應用數學系,F772,A,大學部,4,A,近代動態系統(二),3,選,50,3,,47,張志鴻,C02-450,"7,8",,8,,,,,"[{""day"": 1, ""dayName"": ""星期一"", ""periods"": [""7"", ""8""], ""raw"": ""7,8""}, {""day"": 3, ""dayName"": ""星期三"", ""periods"": [""8""], ""raw"": ""8""}]",,大四、碩班合開。,https://course.nuk.edu.tw/QueryCourse/tcontent.asp?OpenYear=104&Helf=2&Sclass=AM&Cono=F772,2026-08-26T18:13:36+00:00
104-2-AM-K54B-D-1-,104,2,理學院,AM,應用數學系,K54B,D,博士班,1,,實變函數論(二),3,選,20,2,,18,施信宏,C02-450,,,"2,3, 4",,,,,"[{""day"": 3, ""dayName"": ""星期三"", ""periods"": [""2"", ""3"", ""4""], ""raw"": ""2,3, 4""}]",,"碩、博士班合開, 上課教室:理450室",https://course.nuk.edu.tw/QueryCourse/tcontent.asp?OpenYear=104&Helf=2&Sclass=AM&Cono=K54B,2026-08-26T18:13:36+00:00
104-2-AM-K59B-D-1-,104,2,理學院,AM,應用數學系,K59B,D,博士班,1,,隨機積分(二),3,選,20,6,,14,施信宏,C02-450,6,,,"3,4",,,,"[{""day"": 1, ""dayName"": ""星期一"", ""periods"": [""6""], ""raw"": ""6""}, {""day"": 4, ""dayName"": ""星期四"", ""periods"": [""3"", ""4""], ""raw"": ""3,4""}]",,"碩、博士班合開, 上課教室:理450室",https://course.nuk.edu.tw/QueryCourse/tcontent.asp?OpenYear=104&Helf=2&Sclass=AM&Cono=K59B,2026-08-26T18:13:36+00:00
104-2-AM-K612-D-1-,104,2,理學院,AM,應用數學系,K612,D,博士班,1,,張量專題(二),3,選,50,3,,47,郭岳承,C02-452,"2,3, 4",,,,,,,"[{""day"": 1, ""dayName"": ""星期一"", ""periods"": [""2"", ""3"", ""4""], ""raw"": ""2,3, 4""}]",,碩、博士班合開,https://course.nuk.edu.tw/QueryCourse/tcontent.asp?OpenYear=104&Helf=2&Sclass=AM&Cono=K612,2026-08-26T18:13:36+00:00
104-2-AM-K61A-D-1-,104,2,理學院,AM,應用數學系,K61A,D,博士班,1,,變分法專題（一）,3,選,20,4,,16,吳宗芳,C02-450,"2,3, 4",,,,,,,"[{""day"": 1, ""dayName"": ""星期一"", ""periods"": [""2"", ""3"", ""4""], ""raw"": ""2,3, 4""}]",,"碩、博士班合開, 上課教室:理450室",https://course.nuk.edu.tw/QueryCourse/tcontent.asp?OpenYear=104&Helf=2&Sclass=AM&Cono=K61A,2026-08-26T18:13:36+00:00
104-2-AM-K61C-D-1-,104,2,理學院,AM,應用數學系,K61C,D,博士班,1,,數學建模專題(一),3,選,20,4,,16,陳晴玉,C02-450,,"2,3, 4",,,,,,"[{""day"": 2, ""dayName"": ""星期二"", ""periods"": [""2"", ""3"", ""4""], ""raw"": ""2,3, 4""}]",,碩、博士班合開。上課教室:理450室,https://course.nuk.edu.tw/QueryCourse/tcontent.asp?OpenYear=104&Helf=2&Sclass=AM&Cono=K61C,2026-08-26T18:13:36+00:00
104-2-AM-F012-M-1-,104,2,理學院,AM,應用數學系,F012,M,碩士班,1,,書報討論(二),1,必,50,3,,47,林英杰,C02-408,,,"6,7",,,,,"[{""day"": 3, ""dayName"": ""星期三"", ""periods"": [""6"", ""7""], ""raw"": ""6,7""}]",,上課教室:理408室,https://course.nuk.edu.tw/QueryCourse/tcontent.asp?OpenYear=104&Helf=2&Sclass=AM&Cono=F012,2026-08-26T18:13:36+00:00
104-2-AM-F500-M-1-,104,2,理學院,AM,應用數學系,F500,M,碩士班,1,,教學實務演練(應用數學系),0,選,8,8,,0,吳宗芳,,,X,,,,,,"[{""day"": 2, ""dayName"": ""星期二"", ""periods"": [""X""], ""raw"": ""X""}]",外加,指定加簽，申請擔任學習型兼任教學助理之學生必須修習本課程。,https://course.nuk.edu.tw/QueryCourse/tcontent.asp?OpenYear=104&Helf=2&Sclass=AM&Cono=F500,2026-08-26T18:13:36+00:00
104-2-AM-F622-M-1-,104,2,理學院,AM,應用數學系,F622,M,碩士班,1,,財務工程,3,選,50,9,,41,黃士峰,C02-408,"2,3",,,,2,,,"[{""day"": 1, ""dayName"": ""星期一"", ""periods"": [""2"", ""3""], ""raw"": ""2,3""}, {""day"": 5, ""dayName"": ""星期五"", ""periods"": [""2""], ""raw"": ""2""}]",,"大四、碩班合開, 上課教室:理408室",https://course.nuk.edu.tw/QueryCourse/tcontent.asp?OpenYear=104&Helf=2&Sclass=AM&Cono=F622,2026-08-26T18:13:36+00:00
104-2-AM-F66B-M-1-,104,2,理學院,AM,應用數學系,F66B,M,碩士班,1,,進階偏微分方程數值方法(二),3,選,50,6,,44,曾昱豪,C02-408,,,,"9,10, 11",,,,"[{""day"": 4, ""dayName"": ""星期四"", ""periods"": [""9"", ""10"", ""11""], ""raw"": ""9,10, 11""}]",,"大四、碩班合開, 上課教室:理408室",https://course.nuk.edu.tw/QueryCourse/tcontent.asp?OpenYear=104&Helf=2&Sclass=AM&Cono=F66B,2026-08-26T18:13:36+00:00
104-2-AM-F693-M-1-,104,2,理學院,AM,應用數學系,F693,M,碩士班,1,,進階組合學,3,選,50,5,,45,張惠蘭,C02-406,,,,,"2,3, 4",,,"[{""day"": 5, ""dayName"": ""星期五"", ""periods"": [""2"", ""3"", ""4""], ""raw"": ""2,3, 4""}]",,"大四、碩班合開, 上課教室:理408室",https://course.nuk.edu.tw/QueryCourse/tcontent.asp?OpenYear=104&Helf=2&Sclass=AM&Cono=F693,2026-08-26T18:13:36+00:00
104-2-AM-F772-M-1-,104,2,理學院,AM,應用數學系,F772,M,碩士班,1,,近代動態系統(二),3,選,50,3,,47,張志鴻,C02-450,"7,8",,8,,,,,"[{""day"": 1, ""dayName"": ""星期一"", ""periods"": [""7"", ""8""], ""raw"": ""7,8""}, {""day"": 3, ""dayName"": ""星期三"", ""periods"": [""8""], ""raw"": ""8""}]",,大四、碩班合開,https://course.nuk.edu.tw/QueryCourse/tcontent.asp?OpenYear=104&Helf=2&Sclass=AM&Cono=F772,2026-08-26T18:13:36+00:00
104-2-AM-K54B-M-1-,104,2,理學院,AM,應用數學系,K54B,M,碩士班,1,,實變函數論(二),3,選,20,2,,18,施信宏,C02-450,,,"2,3, 4",,,,,"[{""day"": 3, ""dayName"": ""星期三"", ""periods"": [""2"", ""3"", ""4""], ""raw"": ""2,3, 4""}]",,"碩、博合開, 上課教室:理450室",https://course.nuk.edu.tw/QueryCourse/tcontent.asp?OpenYear=104&Helf=2&Sclass=AM&Cono=K54B,2026-08-26T18:13:36+00:00
104-2-AM-K59B-M-1-,104,2,理學院,AM,應用數學系,K59B,M,碩士班,1,,隨機積分(二),3,選,20,6,,14,施信宏,C02-450,6,,,"3,4",,,,"[{""day"": 1, ""dayName"": ""星期一"", ""periods"": [""6""], ""raw"": ""6""}, {""day"": 4, ""dayName"": ""星期四"", ""periods"": [""3"", ""4""], ""raw"": ""3,4""}]",,"碩、博士班合開, 上課教室:理450室",https://course.nuk.edu.tw/QueryCourse/tcontent.asp?OpenYear=104&Helf=2&Sclass=AM&Cono=K59B,2026-08-26T18:13:36+00:00
104-2-AM-K612-M-1-,104,2,理學院,AM,應用數學系,K612,M,碩士班,1,,張量專題(二),3,選,50,3,,47,郭岳承,C02-452,"2,3, 4",,,,,,,"[{""day"": 1, ""dayName"": ""星期一"", ""periods"": [""2"", ""3"", ""4""], ""raw"": ""2,3, 4""}]",,碩、博士班合開,https://course.nuk.edu.tw/QueryCourse/tcontent.asp?OpenYear=104&Helf=2&Sclass=AM&Cono=K612,2026-08-26T18:13:36+00:00
104-2-AM-K61A-M-1-,104,2,理學院,AM,應用數學系,K61A,M,碩士班,1,,變分法專題（一）,3,選,20,4,,16,吳宗芳,C02-450,"2,3, 4",,,,,,,"[{""day"": 1, ""dayName"": ""星期一"", ""periods"": [""2"", ""3"", ""4""], ""raw"": ""2,3, 4""}]",,碩、博士班合開。上課教室:理450室,https://course.nuk.edu.tw/QueryCourse/tcontent.asp?OpenYear=104&Helf=2&Sclass=AM&Cono=K61A,2026-08-26T18:13:36+00:00
104-2-AM-K61C-M-1-,104,2,理學院,AM,應用數學系,K61C,M,碩士班,1,,數學建模專題(一),3,選,20,4,,16,陳晴玉,C02-450,,"2,3, 4",,,,,,"[{""day"": 2, ""dayName"": ""星期二"", ""periods"": [""2"", ""3"", ""4""], ""raw"": ""2,3, 4""}]",,碩、博士班合開。上課教室:理450室,https://course.nuk.edu.tw/QueryCourse/tcontent.asp?OpenYear=104&Helf=2&Sclass=AM&Cono=K61C,2026-08-26T18:13:36+00:00
104-2-AP-A01B-A-1-A,104,2,理學院,AP,應用物理學系,A01B,A,大學部,1,A,微積分(二),3,必,83,82,,1,張志鴻,C02-105,,"2,3, 4",,,,,,"[{""day"": 2, ""dayName"": ""星期二"", ""periods"": [""2"", ""3"", ""4""], ""raw"": ""2,3, 4""}]",,,https://course.nuk.edu.tw/QueryCourse/tcontent.asp?OpenYear=104&Helf=2&Sclass=AP&Cono=A01B,2026-08-26T18:13:36+00:00
104-2-AP-A021-A-1-A,104,2,理學院,AP,應用物理學系,A021,A,大學部,1,A,計算機概論,3,必,60,51,,9,余進忠,L01-107,,,,"8,9, 10",,,,"[{""day"": 4, ""dayName"": ""星期四"", ""periods"": [""8"", ""9"", ""10""], ""raw"": ""8,9, 10""}]",,,https://course.nuk.edu.tw/QueryCourse/tcontent.asp?OpenYear=104&Helf=2&Sclass=AP&Cono=A021,2026-08-26T18:13:36+00:00
104-2-AP-A03B-A-1-A,104,2,理學院,AP,應用物理學系,A03B,A,大學部,1,A,普通物理學（二）,3,必,60,52,,8,胡裕民,C02-101,"2,3, 4",,,,,,,"[{""day"": 1, ""dayName"": ""星期一"", ""periods"": [""2"", ""3"", ""4""], ""raw"": ""2,3, 4""}]",,,https://course.nuk.edu.tw/QueryCourse/tcontent.asp?OpenYear=104&Helf=2&Sclass=AP&Cono=A03B,2026-08-26T18:13:36+00:00
104-2-AP-A041-A-1-A,104,2,理學院,AP,應用物理學系,A041,A,大學部,1,A,普通物理實驗(二)A,1,必,30,23,,7,黃建榮,C02-3004,,,,,"2,3, 4",,,"[{""day"": 5, ""dayName"": ""星期五"", ""periods"": [""2"", ""3"", ""4""], ""raw"": ""2,3, 4""}]",,本課程限本系雙號學生選課,https://course.nuk.edu.tw/QueryCourse/tcontent.asp?OpenYear=104&Helf=2&Sclass=AP&Cono=A041,2026-08-26T18:13:36+00:00
104-2-AP-A042-A-1-A,104,2,理學院,AP,應用物理學系,A042,A,大學部,1,A,普通物理實驗(二)B,1,必,30,28,,2,黃建榮,C02-3004,,,,,"5,6, 7",,,"[{""day"": 5, ""dayName"": ""星期五"", ""periods"": [""5"", ""6"", ""7""], ""raw"": ""5,6, 7""}]",,本課程限本系單號學生選課,https://course.nuk.edu.tw/QueryCourse/tcontent.asp?OpenYear=104&Helf=2&Sclass=AP&Cono=A042,2026-08-26T18:13:36+00:00
104-2-AP-A05B-A-1-A,104,2,理學院,AP,應用物理學系,A05B,A,大學部,1,A,普通化學（二）,3,必,62,62,,0,周志明,C02-105,,"5,6, 7",,,,,,"[{""day"": 2, ""dayName"": ""星期二"", ""periods"": [""5"", ""6"", ""7""], ""raw"": ""5,6, 7""}]",,,https://course.nuk.edu.tw/QueryCourse/tcontent.asp?OpenYear=104&Helf=2&Sclass=AP&Cono=A05B,2026-08-26T18:13:36+00:00
104-2-AP-A06B-A-1-A,104,2,理學院,AP,應用物理學系,A06B,A,大學部,1,A,普通化學實驗(二),1,必,60,49,,11,李頂瑜,C02-203,,,"2,3, 4",,,,,"[{""day"": 3, ""dayName"": ""星期三"", ""periods"": [""2"", ""3"", ""4""], ""raw"": ""2,3, 4""}]",,,https://course.nuk.edu.tw/QueryCourse/tcontent.asp?OpenYear=104&Helf=2&Sclass=AP&Cono=A06B,2026-08-26T18:13:36+00:00
104-2-AP-A161-A-1-A,104,2,理學院,AP,應用物理學系,A161,A,大學部,1,A,工程數學(一),3,必,60,53,,7,韓岱君,C02-107,,,,"2,3, 4",,,,"[{""day"": 4, ""dayName"": ""星期四"", ""periods"": [""2"", ""3"", ""4""], ""raw"": ""2,3, 4""}]",,,https://course.nuk.edu.tw/QueryCourse/tcontent.asp?OpenYear=104&Helf=2&Sclass=AP&Cono=A161,2026-08-26T18:13:36+00:00
104-2-AP-B03B-A-2-A,104,2,理學院,AP,應用物理學系,B03B,A,大學部,2,A,電磁學(二),3,必,70,66,,4,胡裕民,C02-111,,,,"5,6, 7",,,,"[{""day"": 4, ""dayName"": ""星期四"", ""periods"": [""5"", ""6"", ""7""], ""raw"": ""5,6, 7""}]",,全英語授課,https://course.nuk.edu.tw/QueryCourse/tcontent.asp?OpenYear=104&Helf=2&Sclass=AP&Cono=B03B,2026-08-26T18:13:36+00:00
104-2-AP-B051-A-2-A,104,2,理學院,AP,應用物理學系,B051,A,大學部,2,A,近代物理實驗,2,必,60,48,,12,胡裕民,C02-3005,,,,"2,3, 4",,,,"[{""day"": 4, ""dayName"": ""星期四"", ""periods"": [""2"", ""3"", ""4""], ""raw"": ""2,3, 4""}]",,,https://course.nuk.edu.tw/QueryCourse/tcontent.asp?OpenYear=104&Helf=2&Sclass=AP&Cono=B051,2026-08-26T18:13:36+00:00
104-2-AP-B101-A-2-A,104,2,理學院,AP,應用物理學系,B101,A,大學部,2,A,物理數學,3,必,75,69,,6,廖英彥,C02-105,,,,,"2,3, 4",,,"[{""day"": 5, ""dayName"": ""星期五"", ""periods"": [""2"", ""3"", ""4""], ""raw"": ""2,3, 4""}]",,,https://course.nuk.edu.tw/QueryCourse/tcontent.asp?OpenYear=104&Helf=2&Sclass=AP&Cono=B101,2026-08-26T18:13:36+00:00
104-2-AP-B53B-A-2-A,104,2,理學院,AP,應用物理學系,B53B,A,大學部,2,A,電路學(二),3,選,60,38,,22,蔡財量,C02-108,,,"5,6, 7",,,,,"[{""day"": 3, ""dayName"": ""星期三"", ""periods"": [""5"", ""6"", ""7""], ""raw"": ""5,6, 7""}]",,,https://course.nuk.edu.tw/QueryCourse/tcontent.asp?OpenYear=104&Helf=2&Sclass=AP&Cono=B53B,2026-08-26T18:13:36+00:00
104-2-AP-B58B-A-2-A,104,2,理學院,AP,應用物理學系,B58B,A,大學部,2,A,理論力學(二),3,選,60,42,,18,韓岱君,C02-107,,,"2,3, 4",,,,,"[{""day"": 3, ""dayName"": ""星期三"", ""periods"": [""2"", ""3"", ""4""], ""raw"": ""2,3, 4""}]",,,https://course.nuk.edu.tw/QueryCourse/tcontent.asp?OpenYear=104&Helf=2&Sclass=AP&Cono=B58B,2026-08-26T18:13:36+00:00
104-2-AP-B591-A-2-A,104,2,理學院,AP,應用物理學系,B591,A,大學部,2,A,近代物理導論,3,選,60,49,,11,邱昭文,C02-107,,"5,6, 7",,,,,,"[{""day"": 2, ""dayName"": ""星期二"", ""periods"": [""5"", ""6"", ""7""], ""raw"": ""5,6, 7""}]",,課程已改為『必選』，請100級(含)以後本系的學生一定要選修本課程，以免影響畢業資格。,https://course.nuk.edu.tw/QueryCourse/tcontent.asp?OpenYear=104&Helf=2&Sclass=AP&Cono=B591,2026-08-26T18:13:36+00:00
104-2-AP-B601-A-2-A,104,2,理學院,AP,應用物理學系,B601,A,大學部,2,A,光電導論,3,選,60,52,,8,馮世維,C02-407,"5,6, 7",,,,,,,"[{""day"": 1, ""dayName"": ""星期一"", ""periods"": [""5"", ""6"", ""7""], ""raw"": ""5,6, 7""}]",,,https://course.nuk.edu.tw/QueryCourse/tcontent.asp?OpenYear=104&Helf=2&Sclass=AP&Cono=B601,2026-08-26T18:13:36+00:00
104-2-AP-C01B-A-3-A,104,2,理學院,AP,應用物理學系,C01B,A,大學部,3,A,應用電子學實驗(二),2,必,60,43,,17,謝振豪,C02-3006,,,,"2,3, 4",,,,"[{""day"": 4, ""dayName"": ""星期四"", ""periods"": [""2"", ""3"", ""4""], ""raw"": ""2,3, 4""}]",,,https://course.nuk.edu.tw/QueryCourse/tcontent.asp?OpenYear=104&Helf=2&Sclass=AP&Cono=C01B,2026-08-26T18:13:36+00:00
104-2-AP-C02B-A-3-A,104,2,理學院,AP,應用物理學系,C02B,A,大學部,3,A,量子物理(二),3,必,60,49,,11,孫士傑,C02-107,"2,3, 4",,,,,,,"[{""day"": 1, ""dayName"": ""星期一"", ""periods"": [""2"", ""3"", ""4""], ""raw"": ""2,3, 4""}]",,,https://course.nuk.edu.tw/QueryCourse/tcontent.asp?OpenYear=104&Helf=2&Sclass=AP&Cono=C02B,2026-08-26T18:13:36+00:00
104-2-AP-C03B-A-3-A,104,2,理學院,AP,應用物理學系,C03B,A,大學部,3,A,應用電子學(二),3,必,60,44,,16,黃建榮,C02-101,,,"2,3, 4",,,,,"[{""day"": 3, ""dayName"": ""星期三"", ""periods"": [""2"", ""3"", ""4""], ""raw"": ""2,3, 4""}]",,,https://course.nuk.edu.tw/QueryCourse/tcontent.asp?OpenYear=104&Helf=2&Sclass=AP&Cono=C03B,2026-08-26T18:13:36+00:00
104-2-AP-C60B-A-3-A,104,2,理學院,AP,應用物理學系,C60B,A,大學部,3,A,光學(二),3,選,60,15,,45,邱昭文,C02-107,,,"5,6, 7",,,,,"[{""day"": 3, ""dayName"": ""星期三"", ""periods"": [""5"", ""6"", ""7""], ""raw"": ""5,6, 7""}]",學程,本課程屬半導體光電製程學程,https://course.nuk.edu.tw/QueryCourse/tcontent.asp?OpenYear=104&Helf=2&Sclass=AP&Cono=C60B,2026-08-26T18:13:36+00:00
104-2-AP-D551-A-3-A,104,2,理學院,AP,應用物理學系,D551,A,大學部,3,A,專題討論(一)-奈米光電,1,選,30,23,,7,孫士傑,C02-3003-1,,,,,"8,9, 10",,,"[{""day"": 5, ""dayName"": ""星期五"", ""periods"": [""8"", ""9"", ""10""], ""raw"": ""8,9, 10""}]",,本課程已改為『必選』，請102學年度(含)以後本系的大學部學生一定要選修本課程，以免影響畢業資格。本課程與專題討論(一)固態材料擇一選課即可。,https://course.nuk.edu.tw/QueryCourse/tcontent.asp?OpenYear=104&Helf=2&Sclass=AP&Cono=D551,2026-08-26T18:13:36+00:00
104-2-AP-D561-A-3-A,104,2,理學院,AP,應用物理學系,D561,A,大學部,3,A,專題討論(一)-固態材料,1,選,30,28,,2,韓岱君,C02-515-1,,,,,"8,9, 10",,,"[{""day"": 5, ""dayName"": ""星期五"", ""periods"": [""8"", ""9"", ""10""], ""raw"": ""8,9, 10""}]",,本課程已改為『必選』，請102學年度(含)以後本系的大學部學生一定要選修本課程，以免影響畢業資格。本課程與專題討論(一)奈米光電擇一選課即可。,https://course.nuk.edu.tw/QueryCourse/tcontent.asp?OpenYear=104&Helf=2&Sclass=AP&Cono=D561,2026-08-26T18:13:36+00:00
104-2-AP-C58B-A-4-A,104,2,理學院,AP,應用物理學系,C58B,A,大學部,4,A,科技英文(二),3,選,80,69,,11,蔡進譯,C02-111,"5,6, 7",,,,,,,"[{""day"": 1, ""dayName"": ""星期一"", ""periods"": [""5"", ""6"", ""7""], ""raw"": ""5,6, 7""}]",,全英語授課,https://course.nuk.edu.tw/QueryCourse/tcontent.asp?OpenYear=104&Helf=2&Sclass=AP&Cono=C58B,2026-08-26T18:13:36+00:00
104-2-AP-F59B-A-4-A,104,2,理學院,AP,應用物理學系,F59B,A,大學部,4,A,半導體元件與物理(二),3,選,60,55,,5,蔡進譯,C02-103,"2,3, 4",,,,,,,"[{""day"": 1, ""dayName"": ""星期一"", ""periods"": [""2"", ""3"", ""4""], ""raw"": ""2,3, 4""}]",,本課程與本系碩一合開,https://course.nuk.edu.tw/QueryCourse/tcontent.asp?OpenYear=104&Helf=2&Sclass=AP&Cono=F59B,2026-08-26T18:13:36+00:00
104-2-AP-F601-A-4-A,104,2,理學院,AP,應用物理學系,F601,A,大學部,4,A,有機電致發光二極體,3,選,60,5,,55,黃建榮,C02-30022,,"2,3, 4",,,,,,"[{""day"": 2, ""dayName"": ""星期二"", ""periods"": [""2"", ""3"", ""4""], ""raw"": ""2,3, 4""}]",,本課程與本系碩一合開,https://course.nuk.edu.tw/QueryCourse/tcontent.asp?OpenYear=104&Helf=2&Sclass=AP&Cono=F601,2026-08-26T18:13:36+00:00
104-2-AP-F631-A-4-A,104,2,理學院,AP,應用物理學系,F631,A,大學部,4,A,磁性薄膜材料與元件,3,選,60,7,,53,胡裕民,C02-521,,"2,3, 4",,,,,,"[{""day"": 2, ""dayName"": ""星期二"", ""periods"": [""2"", ""3"", ""4""], ""raw"": ""2,3, 4""}]",,本課程與本系碩一合開,https://course.nuk.edu.tw/QueryCourse/tcontent.asp?OpenYear=104&Helf=2&Sclass=AP&Cono=F631,2026-08-26T18:13:36+00:00
104-2-AP-F641-A-4-A,104,2,理學院,AP,應用物理學系,F641,A,大學部,4,A,掃描探針顯微術,3,選,60,10,,50,余進忠,C02-521,"5,6, 7",,,,,,,"[{""day"": 1, ""dayName"": ""星期一"", ""periods"": [""5"", ""6"", ""7""], ""raw"": ""5,6, 7""}]",,本課程與本系碩一合開,https://course.nuk.edu.tw/QueryCourse/tcontent.asp?OpenYear=104&Helf=2&Sclass=AP&Cono=F641,2026-08-26T18:13:36+00:00
104-2-AP-F66B-A-4-A,104,2,理學院,AP,應用物理學系,F66B,A,大學部,4,A,固態物理(二),3,選,60,10,,50,余進忠,C02-521,,,"2,3, 4",,,,,"[{""day"": 3, ""dayName"": ""星期三"", ""periods"": [""2"", ""3"", ""4""], ""raw"": ""2,3, 4""}]",,本課程與本系碩一合開,https://course.nuk.edu.tw/QueryCourse/tcontent.asp?OpenYear=104&Helf=2&Sclass=AP&Cono=F66B,2026-08-26T18:13:36+00:00
104-2-AP-F67B-A-4-A,104,2,理學院,AP,應用物理學系,F67B,A,大學部,4,A,量子力學(二),3,選,60,5,,55,孫士傑,C02-521,,,"5,6, 7",,,,,"[{""day"": 3, ""dayName"": ""星期三"", ""periods"": [""5"", ""6"", ""7""], ""raw"": ""5,6, 7""}]",,本課程與本系碩一合開,https://course.nuk.edu.tw/QueryCourse/tcontent.asp?OpenYear=104&Helf=2&Sclass=AP&Cono=F67B,2026-08-26T18:13:36+00:00
104-2-AP-F681-A-4-A,104,2,理學院,AP,應用物理學系,F681,A,大學部,4,A,應用光譜學,3,選,60,9,,51,謝振豪,C02-521,,"5,6, 7",,,,,,"[{""day"": 2, ""dayName"": ""星期二"", ""periods"": [""5"", ""6"", ""7""], ""raw"": ""5,6, 7""}]",,本課程與本系碩一合開,https://course.nuk.edu.tw/QueryCourse/tcontent.asp?OpenYear=104&Helf=2&Sclass=AP&Cono=F681,2026-08-26T18:13:36+00:00
104-2-AP-F691-A-4-A,104,2,理學院,AP,應用物理學系,F691,A,大學部,4,A,綠色能源,3,選,80,68,,12,蔡進譯,C02-111,,,,,"5,6, 7",,,"[{""day"": 5, ""dayName"": ""星期五"", ""periods"": [""5"", ""6"", ""7""], ""raw"": ""5,6, 7""}]",,本課程與本系碩一合開,https://course.nuk.edu.tw/QueryCourse/tcontent.asp?OpenYear=104&Helf=2&Sclass=AP&Cono=F691,2026-08-26T18:13:36+00:00
104-2-AP-F02B-M-1-,104,2,理學院,AP,應用物理學系,F02B,M,碩士班,1,,書報討論(二),0,必,10,4,,6,余進忠,C02-30022,,,,"5,6",,,,"[{""day"": 4, ""dayName"": ""星期四"", ""periods"": [""5"", ""6""], ""raw"": ""5,6""}]",,,https://course.nuk.edu.tw/QueryCourse/tcontent.asp?OpenYear=104&Helf=2&Sclass=AP&Cono=F02B,2026-08-26T18:13:36+00:00
104-2-AP-F500-M-1-,104,2,理學院,AP,應用物理學系,F500,M,碩士班,1,,教學實務演練(應用物理學系),0,選,14,14,,0,余進忠,,,X,,,,,,"[{""day"": 2, ""dayName"": ""星期二"", ""periods"": [""X""], ""raw"": ""X""}]",外加,指定加簽，申請擔任學習型兼任教學助理之學生必須修習本課程。,https://course.nuk.edu.tw/QueryCourse/tcontent.asp?OpenYear=104&Helf=2&Sclass=AP&Cono=F500,2026-08-26T18:13:36+00:00
104-2-AP-F59B-M-1-,104,2,理學院,AP,應用物理學系,F59B,M,碩士班,1,,半導體元件與物理(二),3,選,60,55,,5,蔡進譯,C02-103,"2,3, 4",,,,,,,"[{""day"": 1, ""dayName"": ""星期一"", ""periods"": [""2"", ""3"", ""4""], ""raw"": ""2,3, 4""}]",,本課程與本系大四合開。,https://course.nuk.edu.tw/QueryCourse/tcontent.asp?OpenYear=104&Helf=2&Sclass=AP&Cono=F59B,2026-08-26T18:13:36+00:00
104-2-AP-F601-M-1-,104,2,理學院,AP,應用物理學系,F601,M,碩士班,1,,有機電致發光二極體,3,選,60,5,,55,黃建榮,C02-30022,,"2,3, 4",,,,,,"[{""day"": 2, ""dayName"": ""星期二"", ""periods"": [""2"", ""3"", ""4""], ""raw"": ""2,3, 4""}]",,本課程與大四合開。,https://course.nuk.edu.tw/QueryCourse/tcontent.asp?OpenYear=104&Helf=2&Sclass=AP&Cono=F601,2026-08-26T18:13:36+00:00
104-2-AP-F631-M-1-,104,2,理學院,AP,應用物理學系,F631,M,碩士班,1,,磁性薄膜材料與元件,3,選,60,7,,53,胡裕民,C02-521,,"2,3, 4",,,,,,"[{""day"": 2, ""dayName"": ""星期二"", ""periods"": [""2"", ""3"", ""4""], ""raw"": ""2,3, 4""}]",,本課程與本系大四合開。,https://course.nuk.edu.tw/QueryCourse/tcontent.asp?OpenYear=104&Helf=2&Sclass=AP&Cono=F631,2026-08-26T18:13:36+00:00
104-2-AP-F641-M-1-,104,2,理學院,AP,應用物理學系,F641,M,碩士班,1,,掃描探針顯微術,3,選,60,10,,50,余進忠,C02-521,"5,6, 7",,,,,,,"[{""day"": 1, ""dayName"": ""星期一"", ""periods"": [""5"", ""6"", ""7""], ""raw"": ""5,6, 7""}]",,本課程與大四合開。,https://course.nuk.edu.tw/QueryCourse/tcontent.asp?OpenYear=104&Helf=2&Sclass=AP&Cono=F641,2026-08-26T18:13:36+00:00
104-2-AP-F66B-M-1-,104,2,理學院,AP,應用物理學系,F66B,M,碩士班,1,,固態物理(二),3,選,60,10,,50,余進忠,C02-521,,,"2,3, 4",,,,,"[{""day"": 3, ""dayName"": ""星期三"", ""periods"": [""2"", ""3"", ""4""], ""raw"": ""2,3, 4""}]",,本課程與本系大四合開。,https://course.nuk.edu.tw/QueryCourse/tcontent.asp?OpenYear=104&Helf=2&Sclass=AP&Cono=F66B,2026-08-26T18:13:36+00:00
104-2-AP-F67B-M-1-,104,2,理學院,AP,應用物理學系,F67B,M,碩士班,1,,量子力學(二),3,選,60,5,,55,孫士傑,C02-521,,,"5,6, 7",,,,,"[{""day"": 3, ""dayName"": ""星期三"", ""periods"": [""5"", ""6"", ""7""], ""raw"": ""5,6, 7""}]",,本課程與本系大四合開。,https://course.nuk.edu.tw/QueryCourse/tcontent.asp?OpenYear=104&Helf=2&Sclass=AP&Cono=F67B,2026-08-26T18:13:36+00:00
104-2-AP-F681-M-1-,104,2,理學院,AP,應用物理學系,F681,M,碩士班,1,,應用光譜學,3,選,60,9,,51,謝振豪,C02-521,,"5,6, 7",,,,,,"[{""day"": 2, ""dayName"": ""星期二"", ""periods"": [""5"", ""6"", ""7""], ""raw"": ""5,6, 7""}]",,本課程與本系大四合開。,https://course.nuk.edu.tw/QueryCourse/tcontent.asp?OpenYear=104&Helf=2&Sclass=AP&Cono=F681,2026-08-26T18:13:36+00:00
104-2-AP-F691-M-1-,104,2,理學院,AP,應用物理學系,F691,M,碩士班,1,,綠色能源,3,選,80,68,,12,蔡進譯,C02-111,,,,,"5,6, 7",,,"[{""day"": 5, ""dayName"": ""星期五"", ""periods"": [""5"", ""6"", ""7""], ""raw"": ""5,6, 7""}]",,本課程與本系大四合開。,https://course.nuk.edu.tw/QueryCourse/tcontent.asp?OpenYear=104&Helf=2&Sclass=AP&Cono=F691,2026-08-26T18:13:36+00:00
104-2-AP-F702-M-1-,104,2,理學院,AP,應用物理學系,F702,M,碩士班,1,,專題研究(二),1,選,5,4,,1,廖英彥,C02-3003-2,"8,9, 10",,,,,,,"[{""day"": 1, ""dayName"": ""星期一"", ""periods"": [""8"", ""9"", ""10""], ""raw"": ""8,9, 10""}]",,本課程已改為『必選』，請102學年度(含)以後本系的碩士班學生一定要選修本課程，以免影響畢業資格。,https://course.nuk.edu.tw/QueryCourse/tcontent.asp?OpenYear=104&Helf=2&Sclass=AP&Cono=F702,2026-08-26T18:13:36+00:00
104-2-AP-F70D-M-2-,104,2,理學院,AP,應用物理學系,F70D,M,碩士班,2,,專題研究(四)-固態材料,1,選,5,3,,2,謝振豪,C02-516-1,"8,9, 10",,,,,,,"[{""day"": 1, ""dayName"": ""星期一"", ""periods"": [""8"", ""9"", ""10""], ""raw"": ""8,9, 10""}]",,本課程已改為『必選』，請102學年度(含)以後本系的碩士班學生一定要選修本課程，以免影響畢業資格，本課程與專題研究(四)奈米光電擇一選課即可。,https://course.nuk.edu.tw/QueryCourse/tcontent.asp?OpenYear=104&Helf=2&Sclass=AP&Cono=F70D,2026-08-26T18:13:36+00:00
104-2-AP-F71D-M-2-,104,2,理學院,AP,應用物理學系,F71D,M,碩士班,2,,專題研究(四)-奈米光電,1,選,5,3,,2,馮世維,C02-512-1,"8,9, 10",,,,,,,"[{""day"": 1, ""dayName"": ""星期一"", ""periods"": [""8"", ""9"", ""10""], ""raw"": ""8,9, 10""}]",,本課程已改為『必選』，請102學年度(含)以後本系的碩士班學生一定要選修本課程，以免影響畢業資格，本課程與專題研究(四)固態材料擇一選課即可。,https://course.nuk.edu.tw/QueryCourse/tcontent.asp?OpenYear=104&Helf=2&Sclass=AP&Cono=F71D,2026-08-26T18:13:36+00:00
104-2-AP-G002-M-2-,104,2,理學院,AP,應用物理學系,G002,M,碩士班,2,,書報討論(四),0,必,10,6,,4,邱昭文,C02-3002-2,,,,"5,6",,,,"[{""day"": 4, ""dayName"": ""星期四"", ""periods"": [""5"", ""6""], ""raw"": ""5,6""}]",,,https://course.nuk.edu.tw/QueryCourse/tcontent.asp?OpenYear=104&Helf=2&Sclass=AP&Cono=G002,2026-08-26T18:13:36+00:00
104-2-LS-A01B-A-1-A,104,2,理學院,LS,生命科學系,A01B,A,大學部,1,A,普通生物學(二),3,必,61,61,,0,施能朗,C02-101,,,,"2,3, 4",,,,"[{""day"": 4, ""dayName"": ""星期四"", ""periods"": [""2"", ""3"", ""4""], ""raw"": ""2,3, 4""}]",外加,,https://course.nuk.edu.tw/QueryCourse/tcontent.asp?OpenYear=104&Helf=2&Sclass=LS&Cono=A01B,2026-08-26T18:13:36+00:00
104-2-LS-A02B-A-1-A,104,2,理學院,LS,生命科學系,A02B,A,大學部,1,A,普通生物學實驗(二),1,必,30,24,,6,王俊順,C02-202,,,"2,3, 4",,,,,"[{""day"": 3, ""dayName"": ""星期三"", ""periods"": [""2"", ""3"", ""4""], ""raw"": ""2,3, 4""}]",,使用C02-202實驗室、本系一年級雙號學生,https://course.nuk.edu.tw/QueryCourse/tcontent.asp?OpenYear=104&Helf=2&Sclass=LS&Cono=A02B,2026-08-26T18:13:36+00:00
104-2-LS-A03B-A-1-A,104,2,理學院,LS,生命科學系,A03B,A,大學部,1,A,普通生物學實驗(二),1,必,30,30,,0,黃永森,C02-202,,,,,"2,3, 4",,,"[{""day"": 5, ""dayName"": ""星期五"", ""periods"": [""2"", ""3"", ""4""], ""raw"": ""2,3, 4""}]",,使用C02-202實驗室、本系一年級單號學生,https://course.nuk.edu.tw/QueryCourse/tcontent.asp?OpenYear=104&Helf=2&Sclass=LS&Cono=A03B,2026-08-26T18:13:36+00:00
104-2-LS-A041-A-1-A,104,2,理學院,LS,生命科學系,A041,A,大學部,1,A,生命科學概論,3,必,61,61,,0,黃重期,C02-102,,"5,6, 7",,,,,,"[{""day"": 2, ""dayName"": ""星期二"", ""periods"": [""5"", ""6"", ""7""], ""raw"": ""5,6, 7""}]",外加 學程,隸屬生技產業跨領域學程,https://course.nuk.edu.tw/QueryCourse/tcontent.asp?OpenYear=104&Helf=2&Sclass=LS&Cono=A041,2026-08-26T18:13:36+00:00
104-2-LS-A05B-A-1-A,104,2,理學院,LS,生命科學系,A05B,A,大學部,1,A,普通物理學(二),2,必,60,54,,6,馮世維,C02-406,,,,"7,8",,,,"[{""day"": 4, ""dayName"": ""星期四"", ""periods"": [""7"", ""8""], ""raw"": ""7,8""}]",,,https://course.nuk.edu.tw/QueryCourse/tcontent.asp?OpenYear=104&Helf=2&Sclass=LS&Cono=A05B,2026-08-26T18:13:36+00:00
104-2-LS-A07B-A-1-A,104,2,理學院,LS,生命科學系,A07B,A,大學部,1,A,普通化學(二),3,必,60,55,,5,楊佳寧,C02-406,,,,,"5,6, 7",,,"[{""day"": 5, ""dayName"": ""星期五"", ""periods"": [""5"", ""6"", ""7""], ""raw"": ""5,6, 7""}]",,,https://course.nuk.edu.tw/QueryCourse/tcontent.asp?OpenYear=104&Helf=2&Sclass=LS&Cono=A07B,2026-08-26T18:13:36+00:00
104-2-LS-A09B-A-1-A,104,2,理學院,LS,生命科學系,A09B,A,大學部,1,A,普通化學實驗(二),1,必,60,50,,10,黃重期 鄭竣亦,C02-203,,"2,3, 4",,,,,,"[{""day"": 2, ""dayName"": ""星期二"", ""periods"": [""2"", ""3"", ""4""], ""raw"": ""2,3, 4""}]",,使用C02-203實驗室,https://course.nuk.edu.tw/QueryCourse/tcontent.asp?OpenYear=104&Helf=2&Sclass=LS&Cono=A09B,2026-08-26T18:13:36+00:00
104-2-LS-A10B-A-1-A,104,2,理學院,LS,生命科學系,A10B,A,大學部,1,A,微積分(二),2,必,60,56,,4,楊佳寧,C02-406,,,,"5,6",,,,"[{""day"": 4, ""dayName"": ""星期四"", ""periods"": [""5"", ""6""], ""raw"": ""5,6""}]",,,https://course.nuk.edu.tw/QueryCourse/tcontent.asp?OpenYear=104&Helf=2&Sclass=LS&Cono=A10B,2026-08-26T18:13:36+00:00
104-2-LS-B021-A-2-A,104,2,理學院,LS,生命科學系,B021,A,大學部,2,A,有機化學實驗,1,必,60,46,,14,黃榮宗,C02-203,,"5,6, 7",,,,,,"[{""day"": 2, ""dayName"": ""星期二"", ""periods"": [""5"", ""6"", ""7""], ""raw"": ""5,6, 7""}]",,使用C02-203實驗室,https://course.nuk.edu.tw/QueryCourse/tcontent.asp?OpenYear=104&Helf=2&Sclass=LS&Cono=B021,2026-08-26T18:13:36+00:00
104-2-LS-B121-A-2-A,104,2,理學院,LS,生命科學系,B121,A,大學部,2,A,細胞生物學,3,必,76,76,,0,陳彥澄,C02-105,,,"2,3, 4",,,,,"[{""day"": 3, ""dayName"": ""星期三"", ""periods"": [""2"", ""3"", ""4""], ""raw"": ""2,3, 4""}]",外加 學程,隸屬生技產業跨領域學程,https://course.nuk.edu.tw/QueryCourse/tcontent.asp?OpenYear=104&Helf=2&Sclass=LS&Cono=B121,2026-08-26T18:13:36+00:00
104-2-LS-B531-A-2-A,104,2,理學院,LS,生命科學系,B531,A,大學部,2,A,比較解剖學,3,選,60,41,,19,施能朗,C02-101,,,,,"2,3, 4",,,"[{""day"": 5, ""dayName"": ""星期五"", ""periods"": [""2"", ""3"", ""4""], ""raw"": ""2,3, 4""}]",,,https://course.nuk.edu.tw/QueryCourse/tcontent.asp?OpenYear=104&Helf=2&Sclass=LS&Cono=B531,2026-08-26T18:13:36+00:00
104-2-LS-B561-A-2-A,104,2,理學院,LS,生命科學系,B561,A,大學部,2,A,應用微生物學及實驗,4,選,60,24,,36,林順富,C02-201 其他教室,,,,"1,2, 3,4",,,,"[{""day"": 4, ""dayName"": ""星期四"", ""periods"": [""1"", ""2"", ""3"", ""4""], ""raw"": ""1,2, 3,4""}]",,實驗室使用C02-201,https://course.nuk.edu.tw/QueryCourse/tcontent.asp?OpenYear=104&Helf=2&Sclass=LS&Cono=B561,2026-08-26T18:13:36+00:00
104-2-LS-B671-A-2-A,104,2,理學院,LS,生命科學系,B671,A,大學部,2,A,動物組織學及實驗,4,選,60,11,,49,溫秋明,C02-106,"3,4",,,"5,6",,,,"[{""day"": 1, ""dayName"": ""星期一"", ""periods"": [""3"", ""4""], ""raw"": ""3,4""}, {""day"": 4, ""dayName"": ""星期四"", ""periods"": [""5"", ""6""], ""raw"": ""5,6""}]",學程,隸屬生技產業跨領域學程,https://course.nuk.edu.tw/QueryCourse/tcontent.asp?OpenYear=104&Helf=2&Sclass=LS&Cono=B671,2026-08-26T18:13:36+00:00
104-2-LS-C05A-A-2-A,104,2,理學院,LS,生命科學系,C05A,A,大學部,2,A,生物化學(一),3,必,69,69,,0,葛孟杰,C02-101,,"2,3, 4",,,,,,"[{""day"": 2, ""dayName"": ""星期二"", ""periods"": [""2"", ""3"", ""4""], ""raw"": ""2,3, 4""}]",外加 學程,隸屬生技產業跨領域學程,https://course.nuk.edu.tw/QueryCourse/tcontent.asp?OpenYear=104&Helf=2&Sclass=LS&Cono=C05A,2026-08-26T18:13:36+00:00
104-2-LS-C092-A-2-A,104,2,理學院,LS,生命科學系,C092,A,大學部,2,A,植物生理學,3,必,60,51,,9,王恒隆,C02-101,,,"10,11, 12",,,,,"[{""day"": 3, ""dayName"": ""星期三"", ""periods"": [""10"", ""11"", ""12""], ""raw"": ""10,11, 12""}]",學程,隸屬生技產業跨領域學程,https://course.nuk.edu.tw/QueryCourse/tcontent.asp?OpenYear=104&Helf=2&Sclass=LS&Cono=C092,2026-08-26T18:13:36+00:00
104-2-LS-C691-A-2-A,104,2,理學院,LS,生命科學系,C691,A,大學部,2,A,植物生理學實驗,1,選,60,9,,51,葛孟杰,C02-202,,,,"5,6, 7",,,,"[{""day"": 4, ""dayName"": ""星期四"", ""periods"": [""5"", ""6"", ""7""], ""raw"": ""5,6, 7""}]",,,https://course.nuk.edu.tw/QueryCourse/tcontent.asp?OpenYear=104&Helf=2&Sclass=LS&Cono=C691,2026-08-26T18:13:36+00:00
104-2-LS-B521-A-3-A,104,2,理學院,LS,生命科學系,B521,A,大學部,3,A,寄生蟲學,3,選,20,14,,6,施能朗,C02-600,,,"2,3, 4",,,,,"[{""day"": 3, ""dayName"": ""星期三"", ""periods"": [""2"", ""3"", ""4""], ""raw"": ""2,3, 4""}]",,,https://course.nuk.edu.tw/QueryCourse/tcontent.asp?OpenYear=104&Helf=2&Sclass=LS&Cono=B521,2026-08-26T18:13:36+00:00
104-2-LS-B641-A-3-A,104,2,理學院,LS,生命科學系,B641,A,大學部,3,A,生物科技英文,3,選,60,6,,54,高佑靈,C02-600,,,"7,8, 9",,,,,"[{""day"": 3, ""dayName"": ""星期三"", ""periods"": [""7"", ""8"", ""9""], ""raw"": ""7,8, 9""}]",,教室：C02-600,https://course.nuk.edu.tw/QueryCourse/tcontent.asp?OpenYear=104&Helf=2&Sclass=LS&Cono=B641,2026-08-26T18:13:36+00:00
104-2-LS-C02C-A-3-A,104,2,理學院,LS,生命科學系,C02C,A,大學部,3,A,生物化學實驗(二)(B),1,必,30,30,,0,葛孟杰,C02-202,,,,"2,3, 4",,,,"[{""day"": 4, ""dayName"": ""星期四"", ""periods"": [""2"", ""3"", ""4""], ""raw"": ""2,3, 4""}]",,使用C02-202實驗室,https://course.nuk.edu.tw/QueryCourse/tcontent.asp?OpenYear=104&Helf=2&Sclass=LS&Cono=C02C,2026-08-26T18:13:36+00:00
104-2-LS-C02D-A-3-A,104,2,理學院,LS,生命科學系,C02D,A,大學部,3,A,生物化學實驗(二)(A),1,必,30,14,,16,楊文仁,C02-202,,"2,3, 4",,,,,,"[{""day"": 2, ""dayName"": ""星期二"", ""periods"": [""2"", ""3"", ""4""], ""raw"": ""2,3, 4""}]",,使用C02-202實驗室,https://course.nuk.edu.tw/QueryCourse/tcontent.asp?OpenYear=104&Helf=2&Sclass=LS&Cono=C02D,2026-08-26T18:13:36+00:00
104-2-LS-C071-A-3-A,104,2,理學院,LS,生命科學系,C071,A,大學部,3,A,分子生物學,3,必,61,45,,16,黃永森,C02-102,,,,"5,6, 7",,,,"[{""day"": 4, ""dayName"": ""星期四"", ""periods"": [""5"", ""6"", ""7""], ""raw"": ""5,6, 7""}]",,,https://course.nuk.edu.tw/QueryCourse/tcontent.asp?OpenYear=104&Helf=2&Sclass=LS&Cono=C071,2026-08-26T18:13:36+00:00
104-2-LS-C521-A-3-A,104,2,理學院,LS,生命科學系,C521,A,大學部,3,A,動物細胞培養學及實驗,3,選,61,12,,49,溫秋明,C02-102,"5,6, 7",,,,,,,"[{""day"": 1, ""dayName"": ""星期一"", ""periods"": [""5"", ""6"", ""7""], ""raw"": ""5,6, 7""}]",學程,隸屬生技產業跨領域學程,https://course.nuk.edu.tw/QueryCourse/tcontent.asp?OpenYear=104&Helf=2&Sclass=LS&Cono=C521,2026-08-26T18:13:36+00:00
104-2-LS-C575-A-3-A,104,2,理學院,LS,生命科學系,C575,A,大學部,3,A,天然物生合成路徑特論,3,選,60,6,,54,鄭竣亦,C02-102,,,"7,8, 9",,,,,"[{""day"": 3, ""dayName"": ""星期三"", ""periods"": [""7"", ""8"", ""9""], ""raw"": ""7,8, 9""}]",,,https://course.nuk.edu.tw/QueryCourse/tcontent.asp?OpenYear=104&Helf=2&Sclass=LS&Cono=C575,2026-08-26T18:13:36+00:00
104-2-LS-C581-A-3-A,104,2,理學院,LS,生命科學系,C581,A,大學部,3,A,光合作用及實驗,3,選,60,12,,48,王恒隆,C02-102,,,,,"2,3, 4",,,"[{""day"": 5, ""dayName"": ""星期五"", ""periods"": [""2"", ""3"", ""4""], ""raw"": ""2,3, 4""}]",,,https://course.nuk.edu.tw/QueryCourse/tcontent.asp?OpenYear=104&Helf=2&Sclass=LS&Cono=C581,2026-08-26T18:13:36+00:00
104-2-LS-C631-A-3-A,104,2,理學院,LS,生命科學系,C631,A,大學部,3,A,動物生理學實驗,1,選,60,5,,55,溫秋明,C02-201,,,"7,8, 9",,,,,"[{""day"": 3, ""dayName"": ""星期三"", ""periods"": [""7"", ""8"", ""9""], ""raw"": ""7,8, 9""}]",,,https://course.nuk.edu.tw/QueryCourse/tcontent.asp?OpenYear=104&Helf=2&Sclass=LS&Cono=C631,2026-08-26T18:13:36+00:00
104-2-LS-C731-A-3-A,104,2,理學院,LS,生命科學系,C731,A,大學部,3,A,免疫學,3,選,60,24,,36,王俊順,C02-101,,"5,6, 7",,,,,,"[{""day"": 2, ""dayName"": ""星期二"", ""periods"": [""5"", ""6"", ""7""], ""raw"": ""5,6, 7""}]",,,https://course.nuk.edu.tw/QueryCourse/tcontent.asp?OpenYear=104&Helf=2&Sclass=LS&Cono=C731,2026-08-26T18:13:36+00:00
104-2-LS-C741-A-3-A,104,2,理學院,LS,生命科學系,C741,A,大學部,3,A,藥用植物學,3,選,60,13,,47,陳彥澄,C02-111,,,,"2,3, 4",,,,"[{""day"": 4, ""dayName"": ""星期四"", ""periods"": [""2"", ""3"", ""4""], ""raw"": ""2,3, 4""}]",,,https://course.nuk.edu.tw/QueryCourse/tcontent.asp?OpenYear=104&Helf=2&Sclass=LS&Cono=C741,2026-08-26T18:13:36+00:00
104-2-LS-C751-A-3-A,104,2,理學院,LS,生命科學系,C751,A,大學部,3,A,專題研究(一),3,選,15,6,,9,林順富 高佑靈 楊文仁,,,,,,"9,10, 11",,,"[{""day"": 5, ""dayName"": ""星期五"", ""periods"": [""9"", ""10"", ""11""], ""raw"": ""9,10, 11""}]",,各老師實驗室,https://course.nuk.edu.tw/QueryCourse/tcontent.asp?OpenYear=104&Helf=2&Sclass=LS&Cono=C751,2026-08-26T18:13:36+00:00
104-2-LS-C761-A-3-A,104,2,理學院,LS,生命科學系,C761,A,大學部,3,A,專題研究(二),3,選,15,5,,10,王俊順 黃永森 楊佳寧,,,,,,"9,10, 11",,,"[{""day"": 5, ""dayName"": ""星期五"", ""periods"": [""9"", ""10"", ""11""], ""raw"": ""9,10, 11""}]",,各老師實驗室,https://course.nuk.edu.tw/QueryCourse/tcontent.asp?OpenYear=104&Helf=2&Sclass=LS&Cono=C761,2026-08-26T18:13:36+00:00
104-2-LS-C771-A-3-A,104,2,理學院,LS,生命科學系,C771,A,大學部,3,A,專題研究(三),3,選,15,14,,1,王恒隆 葛孟杰 黃重期 鄭竣亦,,,,,,"9,10, 11",,,"[{""day"": 5, ""dayName"": ""星期五"", ""periods"": [""9"", ""10"", ""11""], ""raw"": ""9,10, 11""}]",,各老師實驗室,https://course.nuk.edu.tw/QueryCourse/tcontent.asp?OpenYear=104&Helf=2&Sclass=LS&Cono=C771,2026-08-26T18:13:36+00:00
104-2-LS-D561-A-3-A,104,2,理學院,LS,生命科學系,D561,A,大學部,3,A,生物統計學,3,選,60,31,,29,黃重期,C02-102,"2,3, 4",,,,,,,"[{""day"": 1, ""dayName"": ""星期一"", ""periods"": [""2"", ""3"", ""4""], ""raw"": ""2,3, 4""}]",,,https://course.nuk.edu.tw/QueryCourse/tcontent.asp?OpenYear=104&Helf=2&Sclass=LS&Cono=D561,2026-08-26T18:13:36+00:00
104-2-LS-D011-A-4-A,104,2,理學院,LS,生命科學系,D011,A,大學部,4,A,書報討論(二),1,必,60,41,,19,林順富 黃重期 鄭竣亦,C02-102,,"10,11",,,,,,"[{""day"": 2, ""dayName"": ""星期二"", ""periods"": [""10"", ""11""], ""raw"": ""10,11""}]",,,https://course.nuk.edu.tw/QueryCourse/tcontent.asp?OpenYear=104&Helf=2&Sclass=LS&Cono=D011,2026-08-26T18:13:36+00:00
104-2-LS-D543-A-4-A,104,2,理學院,LS,生命科學系,D543,A,大學部,4,A,基因體學概論,3,選,60,6,,54,陳彥澄,C02-110,,,"7,8, 9",,,,,"[{""day"": 3, ""dayName"": ""星期三"", ""periods"": [""7"", ""8"", ""9""], ""raw"": ""7,8, 9""}]",,開放生科系大二、大三選修,https://course.nuk.edu.tw/QueryCourse/tcontent.asp?OpenYear=104&Helf=2&Sclass=LS&Cono=D543,2026-08-26T18:13:36+00:00
104-2-LS-D552-A-4-A,104,2,理學院,LS,生命科學系,D552,A,大學部,4,A,藥用植物生物技術及實驗,3,選,60,7,,53,陳彥澄,C02-106,,"5,6, 7",,,,,,"[{""day"": 2, ""dayName"": ""星期二"", ""periods"": [""5"", ""6"", ""7""], ""raw"": ""5,6, 7""}]",,開放生科系大二、大三選修,https://course.nuk.edu.tw/QueryCourse/tcontent.asp?OpenYear=104&Helf=2&Sclass=LS&Cono=D552,2026-08-26T18:13:36+00:00
104-2-LS-D562-A-4-A,104,2,理學院,LS,生命科學系,D562,A,大學部,4,A,應用水生動物學,3,選,60,8,,52,黃永森,C02-106,,,,"2,3, 4",,,,"[{""day"": 4, ""dayName"": ""星期四"", ""periods"": [""2"", ""3"", ""4""], ""raw"": ""2,3, 4""}]",學程,隸屬生技產業跨領域學程,https://course.nuk.edu.tw/QueryCourse/tcontent.asp?OpenYear=104&Helf=2&Sclass=LS&Cono=D562,2026-08-26T18:13:36+00:00
104-2-LS-D602-A-4-A,104,2,理學院,LS,生命科學系,D602,A,大學部,4,A,天然物結構鑑定,3,選,60,7,,53,鄭竣亦,C02-101,"5,6, 7",,,,,,,"[{""day"": 1, ""dayName"": ""星期一"", ""periods"": [""5"", ""6"", ""7""], ""raw"": ""5,6, 7""}]",學程,隸屬生技產業跨領域學程,https://course.nuk.edu.tw/QueryCourse/tcontent.asp?OpenYear=104&Helf=2&Sclass=LS&Cono=D602,2026-08-26T18:13:36+00:00
104-2-LS-D671-A-4-A,104,2,理學院,LS,生命科學系,D671,A,大學部,4,A,中國傳統醫學導論,3,選,60,25,,35,黃永森,C02-102,,,,,"5,6, 7",,,"[{""day"": 5, ""dayName"": ""星期五"", ""periods"": [""5"", ""6"", ""7""], ""raw"": ""5,6, 7""}]",,,https://course.nuk.edu.tw/QueryCourse/tcontent.asp?OpenYear=104&Helf=2&Sclass=LS&Cono=D671,2026-08-26T18:13:36+00:00
104-2-LS-D700-A-4-A,104,2,理學院,LS,生命科學系,D700,A,大學部,4,A,校外職場實習,3,選,1,1,,0,王恒隆,,"1,2, 3",,,,,,,"[{""day"": 1, ""dayName"": ""星期一"", ""periods"": [""1"", ""2"", ""3""], ""raw"": ""1,2, 3""}]",,實習期間自2/17~6/21止，實習總時數288小時。,https://course.nuk.edu.tw/QueryCourse/tcontent.asp?OpenYear=104&Helf=2&Sclass=LS&Cono=D700,2026-08-26T18:13:36+00:00
104-2-LS-F591-A-4-A,104,2,理學院,LS,生命科學系,F591,A,大學部,4,A,生技產品開發實務,3,選,60,5,,55,王恒隆 楊文仁 業界教師,C02-102,,,"2,3, 4",,,,,"[{""day"": 3, ""dayName"": ""星期三"", ""periods"": [""2"", ""3"", ""4""], ""raw"": ""2,3, 4""}]",學程,與碩士班合開，開放生科系大學部三年級選修。隸屬生技產業跨領域學程,https://course.nuk.edu.tw/QueryCourse/tcontent.asp?OpenYear=104&Helf=2&Sclass=LS&Cono=F591,2026-08-26T18:13:36+00:00
104-2-LS-F00B-M-1-,104,2,理學院,LS,生命科學系,F00B,M,碩士班,1,,專題討論(二),1,必,15,7,,8,黃重期 鄭竣亦,C02-110,,,"5,6",,,,,"[{""day"": 3, ""dayName"": ""星期三"", ""periods"": [""5"", ""6""], ""raw"": ""5,6""}]",,,https://course.nuk.edu.tw/QueryCourse/tcontent.asp?OpenYear=104&Helf=2&Sclass=LS&Cono=F00B,2026-08-26T18:13:36+00:00
104-2-LS-F01B-M-1-,104,2,理學院,LS,生命科學系,F01B,M,碩士班,1,,專題研究(二),1,必,15,6,,9,王恒隆 高佑靈 溫秋明 葛孟杰 楊文仁,,,,,"11,12",,,,"[{""day"": 4, ""dayName"": ""星期四"", ""periods"": [""11"", ""12""], ""raw"": ""11,12""}]",,,https://course.nuk.edu.tw/QueryCourse/tcontent.asp?OpenYear=104&Helf=2&Sclass=LS&Cono=F01B,2026-08-26T18:13:36+00:00
104-2-LS-F500-M-1-,104,2,理學院,LS,生命科學系,F500,M,碩士班,1,,教學實務演練(生命科學系),0,選,15,15,,0,楊文仁,,,X,,,,,,"[{""day"": 2, ""dayName"": ""星期二"", ""periods"": [""X""], ""raw"": ""X""}]",外加,指定加簽，申請擔任學習型兼任教學助理之學生必須修習本課程。,https://course.nuk.edu.tw/QueryCourse/tcontent.asp?OpenYear=104&Helf=2&Sclass=LS&Cono=F500,2026-08-26T18:13:36+00:00
104-2-LS-F522-M-1-,104,2,理學院,LS,生命科學系,F522,M,碩士班,1,,細胞生物學特論,3,選,15,5,,10,高佑靈,C02-600,,"10,11, 12",,,,,,"[{""day"": 2, ""dayName"": ""星期二"", ""periods"": [""10"", ""11"", ""12""], ""raw"": ""10,11, 12""}]",,開放生科系大三、大四選修，教室：C02-600,https://course.nuk.edu.tw/QueryCourse/tcontent.asp?OpenYear=104&Helf=2&Sclass=LS&Cono=F522,2026-08-26T18:13:36+00:00
104-2-LS-F523-M-1-,104,2,理學院,LS,生命科學系,F523,M,碩士班,1,,光譜學特論,3,選,15,10,,5,鄭竣亦,C02-110,"2,3, 4",,,,,,,"[{""day"": 1, ""dayName"": ""星期一"", ""periods"": [""2"", ""3"", ""4""], ""raw"": ""2,3, 4""}]",,開放生科系大三、大四選修,https://course.nuk.edu.tw/QueryCourse/tcontent.asp?OpenYear=104&Helf=2&Sclass=LS&Cono=F523,2026-08-26T18:13:36+00:00
104-2-LS-F525-M-1-,104,2,理學院,LS,生命科學系,F525,M,碩士班,1,,生物化學特論,3,選,15,9,,6,葛孟杰,C02-110,,,"2,3, 4",,,,,"[{""day"": 3, ""dayName"": ""星期三"", ""periods"": [""2"", ""3"", ""4""], ""raw"": ""2,3, 4""}]",,開放生科系大三、大四選修,https://course.nuk.edu.tw/QueryCourse/tcontent.asp?OpenYear=104&Helf=2&Sclass=LS&Cono=F525,2026-08-26T18:13:36+00:00
104-2-LS-F543-M-1-,104,2,理學院,LS,生命科學系,F543,M,碩士班,1,,蛋白質工程學,3,選,15,6,,9,林順富,C02-110,,"2,3, 4",,,,,,"[{""day"": 2, ""dayName"": ""星期二"", ""periods"": [""2"", ""3"", ""4""], ""raw"": ""2,3, 4""}]",,開放生科系大三、大四選修,https://course.nuk.edu.tw/QueryCourse/tcontent.asp?OpenYear=104&Helf=2&Sclass=LS&Cono=F543,2026-08-26T18:13:36+00:00
104-2-LS-F591-M-1-,104,2,理學院,LS,生命科學系,F591,M,碩士班,1,,生技產品開發實務,3,選,60,5,,55,王恒隆 楊文仁 業界教師,C02-102,,,"2,3, 4",,,,,"[{""day"": 3, ""dayName"": ""星期三"", ""periods"": [""2"", ""3"", ""4""], ""raw"": ""2,3, 4""}]",學程,與大四合開，隸屬生技產業跨領域學程,https://course.nuk.edu.tw/QueryCourse/tcontent.asp?OpenYear=104&Helf=2&Sclass=LS&Cono=F591,2026-08-26T18:13:36+00:00
104-2-LS-G00D-M-2-,104,2,理學院,LS,生命科學系,G00D,M,碩士班,2,,專題討論(四),1,必,15,11,,4,林順富 楊文仁,C02-101,,,"5,6",,,,,"[{""day"": 3, ""dayName"": ""星期三"", ""periods"": [""5"", ""6""], ""raw"": ""5,6""}]",,,https://course.nuk.edu.tw/QueryCourse/tcontent.asp?OpenYear=104&Helf=2&Sclass=LS&Cono=G00D,2026-08-26T18:13:36+00:00
104-2-LS-G01D-M-2-,104,2,理學院,LS,生命科學系,G01D,M,碩士班,2,,專題研究(四),1,必,15,10,,5,王俊順 林順富 王恒隆 楊文仁 陳彥澄 黃重期 鄭竣亦,,"10,11",,,,,,,"[{""day"": 1, ""dayName"": ""星期一"", ""periods"": [""10"", ""11""], ""raw"": ""10,11""}]",,,https://course.nuk.edu.tw/QueryCourse/tcontent.asp?OpenYear=104&Helf=2&Sclass=LS&Cono=G01D,2026-08-26T18:13:36+00:00
104-2-ST-F01B-M-1-,104,2,理學院,ST,統計學研究所,F01B,M,碩士班,1,,書報討論(二),1,必,20,8,,12,黃錦輝,C02-320,,,"7,8",,,,,"[{""day"": 3, ""dayName"": ""星期三"", ""periods"": [""7"", ""8""], ""raw"": ""7,8""}]",,上課2小時。,https://course.nuk.edu.tw/QueryCourse/tcontent.asp?OpenYear=104&Helf=2&Sclass=ST&Cono=F01B,2026-08-26T18:13:36+00:00
104-2-ST-F532-M-1-,104,2,理學院,ST,統計學研究所,F532,M,碩士班,1,,品質工程實務,3,選,30,3,,27,許湘伶 業界教師,C02-320,7,,,"2,3",,,,"[{""day"": 1, ""dayName"": ""星期一"", ""periods"": [""7""], ""raw"": ""7""}, {""day"": 4, ""dayName"": ""星期四"", ""periods"": [""2"", ""3""], ""raw"": ""2,3""}]",,應用數學系大三、大四學生亦可修。,https://course.nuk.edu.tw/QueryCourse/tcontent.asp?OpenYear=104&Helf=2&Sclass=ST&Cono=F532,2026-08-26T18:13:36+00:00
104-2-ST-F542-M-1-,104,2,理學院,ST,統計學研究所,F542,M,碩士班,1,,財務理論,3,選,30,8,,22,俞淑惠,C02-320,"5,6",,4,,,,,"[{""day"": 1, ""dayName"": ""星期一"", ""periods"": [""5"", ""6""], ""raw"": ""5,6""}, {""day"": 3, ""dayName"": ""星期三"", ""periods"": [""4""], ""raw"": ""4""}]",,應用數學系大三、大四學生亦可修。,https://course.nuk.edu.tw/QueryCourse/tcontent.asp?OpenYear=104&Helf=2&Sclass=ST&Cono=F542,2026-08-26T18:13:36+00:00
104-2-ST-F561-M-1-,104,2,理學院,ST,統計學研究所,F561,M,碩士班,1,,實驗設計,3,選,30,4,,26,黃錦輝,C02-320,,,,8,"3,4",,,"[{""day"": 4, ""dayName"": ""星期四"", ""periods"": [""8""], ""raw"": ""8""}, {""day"": 5, ""dayName"": ""星期五"", ""periods"": [""3"", ""4""], ""raw"": ""3,4""}]",,應用數學系大三、大四學生亦可修。,https://course.nuk.edu.tw/QueryCourse/tcontent.asp?OpenYear=104&Helf=2&Sclass=ST&Cono=F561,2026-08-26T18:13:36+00:00
104-2-ST-F652-M-1-,104,2,理學院,ST,統計學研究所,F652,M,碩士班,1,,統計建模與模擬,3,選,30,8,,22,張志浩,C02-320,,,,7,"7,8",,,"[{""day"": 4, ""dayName"": ""星期四"", ""periods"": [""7""], ""raw"": ""7""}, {""day"": 5, ""dayName"": ""星期五"", ""periods"": [""7"", ""8""], ""raw"": ""7,8""}]",,應用數學系大三、大四學生亦可修。,https://course.nuk.edu.tw/QueryCourse/tcontent.asp?OpenYear=104&Helf=2&Sclass=ST&Cono=F652,2026-08-26T18:13:36+00:00
104-2-ST-F692-M-1-,104,2,理學院,ST,統計學研究所,F692,M,碩士班,1,,巨量資料分析,3,選,30,7,,23,許湘伶,C02-320,,"2,3",,4,,,,"[{""day"": 2, ""dayName"": ""星期二"", ""periods"": [""2"", ""3""], ""raw"": ""2,3""}, {""day"": 4, ""dayName"": ""星期四"", ""periods"": [""4""], ""raw"": ""4""}]",,應用數學系大三、大四學生亦可修。,https://course.nuk.edu.tw/QueryCourse/tcontent.asp?OpenYear=104&Helf=2&Sclass=ST&Cono=F692,2026-08-26T18:13:36+00:00
104-2-ST-G522-M-1-,104,2,理學院,ST,統計學研究所,G522,M,碩士班,1,,實務資料探勘專題研究,3,選,10,4,,6,郭錕霖,C02-320,,,,5,"5,6",,,"[{""day"": 4, ""dayName"": ""星期四"", ""periods"": [""5""], ""raw"": ""5""}, {""day"": 5, ""dayName"": ""星期五"", ""periods"": [""5"", ""6""], ""raw"": ""5,6""}]",,應用數學系大三、大四學生亦可修。,https://course.nuk.edu.tw/QueryCourse/tcontent.asp?OpenYear=104&Helf=2&Sclass=ST&Cono=G522,2026-08-26T18:13:36+00:00
104-2-ST-G523-M-1-,104,2,理學院,ST,統計學研究所,G523,M,碩士班,1,,風險值分析專題研究,3,選,10,5,,5,俞淑惠,C02-320,,"6,7, 8",,,,,,"[{""day"": 2, ""dayName"": ""星期二"", ""periods"": [""6"", ""7"", ""8""], ""raw"": ""6,7, 8""}]",,應用數學系大三、大四學生亦可修。,https://course.nuk.edu.tw/QueryCourse/tcontent.asp?OpenYear=104&Helf=2&Sclass=ST&Cono=G523,2026-08-26T18:13:36+00:00
104-2-ST-G561-M-1-,104,2,理學院,ST,統計學研究所,G561,M,碩士班,1,,多變量分析,3,選,30,4,,26,張志浩,C02-320,,,"2,3",6,,,,"[{""day"": 3, ""dayName"": ""星期三"", ""periods"": [""2"", ""3""], ""raw"": ""2,3""}, {""day"": 4, ""dayName"": ""星期四"", ""periods"": [""6""], ""raw"": ""6""}]",,應用數學系大三、大四學生亦可修。,https://course.nuk.edu.tw/QueryCourse/tcontent.asp?OpenYear=104&Helf=2&Sclass=ST&Cono=G561,2026-08-26T18:13:36+00:00
104-2-ST-G611-M-1-,104,2,理學院,ST,統計學研究所,G611,M,碩士班,1,,可靠度理論,3,選,30,6,,24,許湘伶,C02-320,"3,4",5,,,,,,"[{""day"": 1, ""dayName"": ""星期一"", ""periods"": [""3"", ""4""], ""raw"": ""3,4""}, {""day"": 2, ""dayName"": ""星期二"", ""periods"": [""5""], ""raw"": ""5""}]",,應用數學系大三、大四學生亦可修。,https://course.nuk.edu.tw/QueryCourse/tcontent.asp?OpenYear=104&Helf=2&Sclass=ST&Cono=G611,2026-08-26T18:13:36+00:00
104-2-ST-G641-M-1-,104,2,理學院,ST,統計學研究所,G641,M,碩士班,1,,固定收益證券,3,選,30,9,,21,俞淑惠,C02-320,,4,"5,6",,,,,"[{""day"": 2, ""dayName"": ""星期二"", ""periods"": [""4""], ""raw"": ""4""}, {""day"": 3, ""dayName"": ""星期三"", ""periods"": [""5"", ""6""], ""raw"": ""5,6""}]",,應用數學系大三、大四學生亦可修。,https://course.nuk.edu.tw/QueryCourse/tcontent.asp?OpenYear=104&Helf=2&Sclass=ST&Cono=G641,2026-08-26T18:13:36+00:00
104-2-ST-F500-M-2-,104,2,理學院,ST,統計學研究所,F500,M,碩士班,2,,教學實務演練(統計學研究所),0,選,1,1,,0,黃士峰,,,X,,,,,,"[{""day"": 2, ""dayName"": ""星期二"", ""periods"": [""X""], ""raw"": ""X""}]",外加,指定加簽，申請擔任學習型兼任教學助理之學生必須修習本課程。,https://course.nuk.edu.tw/QueryCourse/tcontent.asp?OpenYear=104&Helf=2&Sclass=ST&Cono=F500,2026-08-26T18:13:36+00:00
104-2-ST-F532-M-2-,104,2,理學院,ST,統計學研究所,F532,M,碩士班,2,,品質工程實務,3,選,30,3,,27,許湘伶 業界教師,C02-320,7,,,"2,3",,,,"[{""day"": 1, ""dayName"": ""星期一"", ""periods"": [""7""], ""raw"": ""7""}, {""day"": 4, ""dayName"": ""星期四"", ""periods"": [""2"", ""3""], ""raw"": ""2,3""}]",,應用數學系大三、大四學生亦可修。,https://course.nuk.edu.tw/QueryCourse/tcontent.asp?OpenYear=104&Helf=2&Sclass=ST&Cono=F532,2026-08-26T18:13:36+00:00
104-2-ST-F542-M-2-,104,2,理學院,ST,統計學研究所,F542,M,碩士班,2,,財務理論,3,選,30,8,,22,俞淑惠,C02-320,"5,6",,4,,,,,"[{""day"": 1, ""dayName"": ""星期一"", ""periods"": [""5"", ""6""], ""raw"": ""5,6""}, {""day"": 3, ""dayName"": ""星期三"", ""periods"": [""4""], ""raw"": ""4""}]",,應用數學系大三、大四學生亦可修。,https://course.nuk.edu.tw/QueryCourse/tcontent.asp?OpenYear=104&Helf=2&Sclass=ST&Cono=F542,2026-08-26T18:13:36+00:00
104-2-ST-F561-M-2-,104,2,理學院,ST,統計學研究所,F561,M,碩士班,2,,實驗設計,3,選,30,4,,26,黃錦輝,C02-320,,,,8,"3,4",,,"[{""day"": 4, ""dayName"": ""星期四"", ""periods"": [""8""], ""raw"": ""8""}, {""day"": 5, ""dayName"": ""星期五"", ""periods"": [""3"", ""4""], ""raw"": ""3,4""}]",,應用數學系大三、大四學生亦可修。,https://course.nuk.edu.tw/QueryCourse/tcontent.asp?OpenYear=104&Helf=2&Sclass=ST&Cono=F561,2026-08-26T18:13:36+00:00
104-2-ST-F652-M-2-,104,2,理學院,ST,統計學研究所,F652,M,碩士班,2,,統計建模與模擬,3,選,30,8,,22,張志浩,C02-320,,,,7,"7,8",,,"[{""day"": 4, ""dayName"": ""星期四"", ""periods"": [""7""], ""raw"": ""7""}, {""day"": 5, ""dayName"": ""星期五"", ""periods"": [""7"", ""8""], ""raw"": ""7,8""}]",,應用數學系大三、大四學生亦可修。,https://course.nuk.edu.tw/QueryCourse/tcontent.asp?OpenYear=104&Helf=2&Sclass=ST&Cono=F652,2026-08-26T18:13:36+00:00
104-2-ST-F692-M-2-,104,2,理學院,ST,統計學研究所,F692,M,碩士班,2,,巨量資料分析,3,選,30,7,,23,許湘伶,C02-320,,"2,3",,4,,,,"[{""day"": 2, ""dayName"": ""星期二"", ""periods"": [""2"", ""3""], ""raw"": ""2,3""}, {""day"": 4, ""dayName"": ""星期四"", ""periods"": [""4""], ""raw"": ""4""}]",,應用數學系大三、大四學生亦可修。,https://course.nuk.edu.tw/QueryCourse/tcontent.asp?OpenYear=104&Helf=2&Sclass=ST&Cono=F692,2026-08-26T18:13:36+00:00
104-2-ST-G522-M-2-,104,2,理學院,ST,統計學研究所,G522,M,碩士班,2,,實務資料探勘專題研究,3,選,10,4,,6,郭錕霖,C02-320,,,,5,"5,6",,,"[{""day"": 4, ""dayName"": ""星期四"", ""periods"": [""5""], ""raw"": ""5""}, {""day"": 5, ""dayName"": ""星期五"", ""periods"": [""5"", ""6""], ""raw"": ""5,6""}]",,應用數學系大三、大四學生亦可修。,https://course.nuk.edu.tw/QueryCourse/tcontent.asp?OpenYear=104&Helf=2&Sclass=ST&Cono=G522,2026-08-26T18:13:36+00:00
104-2-ST-G523-M-2-,104,2,理學院,ST,統計學研究所,G523,M,碩士班,2,,風險值分析專題研究,3,選,10,5,,5,俞淑惠,C02-320,,"6,7, 8",,,,,,"[{""day"": 2, ""dayName"": ""星期二"", ""periods"": [""6"", ""7"", ""8""], ""raw"": ""6,7, 8""}]",,應用數學系大三、大四學生亦可修。,https://course.nuk.edu.tw/QueryCourse/tcontent.asp?OpenYear=104&Helf=2&Sclass=ST&Cono=G523,2026-08-26T18:13:36+00:00
104-2-ST-G561-M-2-,104,2,理學院,ST,統計學研究所,G561,M,碩士班,2,,多變量分析,3,選,30,4,,26,張志浩,C02-320,,,"2,3",6,,,,"[{""day"": 3, ""dayName"": ""星期三"", ""periods"": [""2"", ""3""], ""raw"": ""2,3""}, {""day"": 4, ""dayName"": ""星期四"", ""periods"": [""6""], ""raw"": ""6""}]",,應用數學系大三、大四學生亦可修。,https://course.nuk.edu.tw/QueryCourse/tcontent.asp?OpenYear=104&Helf=2&Sclass=ST&Cono=G561,2026-08-26T18:13:36+00:00
104-2-ST-G611-M-2-,104,2,理學院,ST,統計學研究所,G611,M,碩士班,2,,可靠度理論,3,選,30,6,,24,許湘伶,C02-320,"3,4",5,,,,,,"[{""day"": 1, ""dayName"": ""星期一"", ""periods"": [""3"", ""4""], ""raw"": ""3,4""}, {""day"": 2, ""dayName"": ""星期二"", ""periods"": [""5""], ""raw"": ""5""}]",,應用數學系大三、大四學生亦可修。,https://course.nuk.edu.tw/QueryCourse/tcontent.asp?OpenYear=104&Helf=2&Sclass=ST&Cono=G611,2026-08-26T18:13:36+00:00
104-2-ST-G641-M-2-,104,2,理學院,ST,統計學研究所,G641,M,碩士班,2,,固定收益證券,3,選,30,9,,21,俞淑惠,C02-320,,4,"5,6",,,,,"[{""day"": 2, ""dayName"": ""星期二"", ""periods"": [""4""], ""raw"": ""4""}, {""day"": 3, ""dayName"": ""星期三"", ""periods"": [""5"", ""6""], ""raw"": ""5,6""}]",,應用數學系大三、大四學生亦可修。,https://course.nuk.edu.tw/QueryCourse/tcontent.asp?OpenYear=104&Helf=2&Sclass=ST&Cono=G641,2026-08-26T18:13:36+00:00
104-2-AB-A01B-A-1-A,104,2,管理學院,AB,亞太工商管理學系,A01B,A,大學部,1,A,經濟學(二),3,必,82,82,,0,林聖蒨,M01-B102,,,"2,3, 4",,,,,"[{""day"": 3, ""dayName"": ""星期三"", ""periods"": [""2"", ""3"", ""4""], ""raw"": ""2,3, 4""}]",限修及外加,限本系選修，外系同學請洽授課教師,https://course.nuk.edu.tw/QueryCourse/tcontent.asp?OpenYear=104&Helf=2&Sclass=AB&Cono=A01B,2026-08-26T18:13:36+00:00
104-2-AB-A03B-A-1-A,104,2,管理學院,AB,亞太工商管理學系,A03B,A,大學部,1,A,會計學(二),3,必,72,68,,4,陳宜伶 業界教師,M01-201,,"2,3, 4",,,,,,"[{""day"": 2, ""dayName"": ""星期二"", ""periods"": [""2"", ""3"", ""4""], ""raw"": ""2,3, 4""}]",限修及外加,限本系選修，外系同學請洽授課教師,https://course.nuk.edu.tw/QueryCourse/tcontent.asp?OpenYear=104&Helf=2&Sclass=AB&Cono=A03B,2026-08-26T18:13:36+00:00
104-2-AB-A052-A-1-A,104,2,管理學院,AB,亞太工商管理學系,A052,A,大學部,1,A,微積分（二）,3,必,78,78,,0,盧昆宏,M01-201,"2,3, 4",,,,,,,"[{""day"": 1, ""dayName"": ""星期一"", ""periods"": [""2"", ""3"", ""4""], ""raw"": ""2,3, 4""}]",限修及外加,限本系選修，外系同學請洽授課教師,https://course.nuk.edu.tw/QueryCourse/tcontent.asp?OpenYear=104&Helf=2&Sclass=AB&Cono=A052,2026-08-26T18:13:36+00:00
104-2-AB-A061-A-1-A,104,2,管理學院,AB,亞太工商管理學系,A061,A,大學部,1,A,管理數學,3,必,50,44,,6,陳榮泰,M01-208,,,,"2,3, 4",,,,"[{""day"": 4, ""dayName"": ""星期四"", ""periods"": [""2"", ""3"", ""4""], ""raw"": ""2,3, 4""}]",限修,工管組必修。限本系選修，外系同學請洽授課教師。,https://course.nuk.edu.tw/QueryCourse/tcontent.asp?OpenYear=104&Helf=2&Sclass=AB&Cono=A061,2026-08-26T18:13:36+00:00
104-2-AB-A081-A-1-A,104,2,管理學院,AB,亞太工商管理學系,A081,A,大學部,1,A,電腦程式,3,必,50,46,,4,蘇桓彥,L01-107 其他教室,,"5,6, 7",,,,,,"[{""day"": 2, ""dayName"": ""星期二"", ""periods"": [""5"", ""6"", ""7""], ""raw"": ""5,6, 7""}]",,工管組必修,https://course.nuk.edu.tw/QueryCourse/tcontent.asp?OpenYear=104&Helf=2&Sclass=AB&Cono=A081,2026-08-26T18:13:36+00:00
104-2-AB-A191-A-1-A,104,2,管理學院,AB,亞太工商管理學系,A191,A,大學部,1,A,管理科學模式,3,必,53,46,,7,盧昆宏,M01-208,,"5,6, 7",,,,,,"[{""day"": 2, ""dayName"": ""星期二"", ""periods"": [""5"", ""6"", ""7""], ""raw"": ""5,6, 7""}]",限修及外加 學程,企管組必修，隸屬生技產業跨領域學程,https://course.nuk.edu.tw/QueryCourse/tcontent.asp?OpenYear=104&Helf=2&Sclass=AB&Cono=A191,2026-08-26T18:13:36+00:00
104-2-AB-A511-A-1-A,104,2,管理學院,AB,亞太工商管理學系,A511,A,大學部,1,A,亞太地區社會與人文,3,必,71,70,,1,林聖蒨,M01-B102,,,,,"2,3, 4",,,"[{""day"": 5, ""dayName"": ""星期五"", ""periods"": [""2"", ""3"", ""4""], ""raw"": ""2,3, 4""}]",限修及外加,限本系選修，外系同學請洽授課教師,https://course.nuk.edu.tw/QueryCourse/tcontent.asp?OpenYear=104&Helf=2&Sclass=AB&Cono=A511,2026-08-26T18:13:36+00:00
104-2-AB-B011-A-2-A,104,2,管理學院,AB,亞太工商管理學系,B011,A,大學部,2,A,管理經濟學,3,必,54,54,,0,李博志,M01-105,,,,"6,7, 8",,,,"[{""day"": 4, ""dayName"": ""星期四"", ""periods"": [""6"", ""7"", ""8""], ""raw"": ""6,7, 8""}]",,企管組必修,https://course.nuk.edu.tw/QueryCourse/tcontent.asp?OpenYear=104&Helf=2&Sclass=AB&Cono=B011,2026-08-26T18:13:36+00:00
104-2-AB-B03B-A-2-A,104,2,管理學院,AB,亞太工商管理學系,B03B,A,大學部,2,A,統計學(二),3,必,70,69,,1,莊寶鵰,M01-B102,,"2,3, 4",,,,,,"[{""day"": 2, ""dayName"": ""星期二"", ""periods"": [""2"", ""3"", ""4""], ""raw"": ""2,3, 4""}]",限修,限本系選修，外系同學請洽授課教師,https://course.nuk.edu.tw/QueryCourse/tcontent.asp?OpenYear=104&Helf=2&Sclass=AB&Cono=B03B,2026-08-26T18:13:36+00:00
104-2-AB-B091-A-2-A,104,2,管理學院,AB,亞太工商管理學系,B091,A,大學部,2,A,消費者行為,3,必,75,71,,4,劉信賢,M01-201,,,,"2,3, 4",,,,"[{""day"": 4, ""dayName"": ""星期四"", ""periods"": [""2"", ""3"", ""4""], ""raw"": ""2,3, 4""}]",限修 學程,企管組必修，人文與商管學程,https://course.nuk.edu.tw/QueryCourse/tcontent.asp?OpenYear=104&Helf=2&Sclass=AB&Cono=B091,2026-08-26T18:13:36+00:00
104-2-AB-B14A-A-2-A,104,2,管理學院,AB,亞太工商管理學系,B14A,A,大學部,2,A,商事法,3,必,73,73,,0,陳旻沂,M01-201,,,"10,11, 12",,,,,"[{""day"": 3, ""dayName"": ""星期三"", ""periods"": [""10"", ""11"", ""12""], ""raw"": ""10,11, 12""}]",外加 學程,授課老師：陳旻沂，人文與商管學程,https://course.nuk.edu.tw/QueryCourse/tcontent.asp?OpenYear=104&Helf=2&Sclass=AB&Cono=B14A,2026-08-26T18:13:36+00:00
104-2-AB-B173-A-2-A,104,2,管理學院,AB,亞太工商管理學系,B173,A,大學部,2,A,亞太管理議題,3,必,65,64,,1,楊詠凱,M01-208,,,,,"2,3, 4",,,"[{""day"": 5, ""dayName"": ""星期五"", ""periods"": [""2"", ""3"", ""4""], ""raw"": ""2,3, 4""}]",,全英文授課,https://course.nuk.edu.tw/QueryCourse/tcontent.asp?OpenYear=104&Helf=2&Sclass=AB&Cono=B173,2026-08-26T18:13:36+00:00
104-2-AB-B611-A-2-A,104,2,管理學院,AB,亞太工商管理學系,B611,A,大學部,2,A,國際現勢,3,選,50,44,,6,陳一民,M01-105,,,"6,7, 8",,,,,"[{""day"": 3, ""dayName"": ""星期三"", ""periods"": [""6"", ""7"", ""8""], ""raw"": ""6,7, 8""}]",外加,2.3.4年級可選,https://course.nuk.edu.tw/QueryCourse/tcontent.asp?OpenYear=104&Helf=2&Sclass=AB&Cono=B611,2026-08-26T18:13:36+00:00
104-2-AB-C69A-A-2-A,104,2,管理學院,AB,亞太工商管理學系,C69A,A,大學部,2,A,日語(一),3,選,48,48,,0,吳得智,M01-208,"6,7, 8",,,,,,,"[{""day"": 1, ""dayName"": ""星期一"", ""periods"": [""6"", ""7"", ""8""], ""raw"": ""6,7, 8""}]",外加,吳得智老師,https://course.nuk.edu.tw/QueryCourse/tcontent.asp?OpenYear=104&Helf=2&Sclass=AB&Cono=C69A,2026-08-26T18:13:36+00:00
104-2-AB-C05A-A-3-A,104,2,管理學院,AB,亞太工商管理學系,C05A,A,大學部,3,A,亞太工商管理專題(一)(A),3,必,6,5,,1,林聖蒨,M01-B102,,"8,9",,,,,,"[{""day"": 2, ""dayName"": ""星期二"", ""periods"": [""8"", ""9""], ""raw"": ""8,9""}]",限修,,https://course.nuk.edu.tw/QueryCourse/tcontent.asp?OpenYear=104&Helf=2&Sclass=AB&Cono=C05A,2026-08-26T18:13:36+00:00
104-2-AB-C071-A-3-A,104,2,管理學院,AB,亞太工商管理學系,C071,A,大學部,3,A,設施規劃,3,必,50,24,,26,陳榮泰,M01-208,,,"2,3, 4",,,,,"[{""day"": 3, ""dayName"": ""星期三"", ""periods"": [""2"", ""3"", ""4""], ""raw"": ""2,3, 4""}]",限修,工管組必修。限本系選修，外系同學請洽授課教師,https://course.nuk.edu.tw/QueryCourse/tcontent.asp?OpenYear=104&Helf=2&Sclass=AB&Cono=C071,2026-08-26T18:13:36+00:00
104-2-AB-C081-A-3-A,104,2,管理學院,AB,亞太工商管理學系,C081,A,大學部,3,A,管理資訊系統,3,必,50,43,,7,蘇桓彥,M01-208,,,,,"6,7, 8",,,"[{""day"": 5, ""dayName"": ""星期五"", ""periods"": [""6"", ""7"", ""8""], ""raw"": ""6,7, 8""}]",,企管組必修,https://course.nuk.edu.tw/QueryCourse/tcontent.asp?OpenYear=104&Helf=2&Sclass=AB&Cono=C081,2026-08-26T18:13:36+00:00
104-2-AB-C09A-A-3-A,104,2,管理學院,AB,亞太工商管理學系,C09A,A,大學部,3,A,亞太工商管理專題(一)(B),3,必,6,5,,1,陳宜伶,M01-B102,,"8,9",,,,,,"[{""day"": 2, ""dayName"": ""星期二"", ""periods"": [""8"", ""9""], ""raw"": ""8,9""}]",限修,,https://course.nuk.edu.tw/QueryCourse/tcontent.asp?OpenYear=104&Helf=2&Sclass=AB&Cono=C09A,2026-08-26T18:13:36+00:00
104-2-AB-C10A-A-3-A,104,2,管理學院,AB,亞太工商管理學系,C10A,A,大學部,3,A,亞太工商管理專題(一)(C),3,必,6,6,,0,莊寶鵰,M01-B102,,"8,9",,,,,,"[{""day"": 2, ""dayName"": ""星期二"", ""periods"": [""8"", ""9""], ""raw"": ""8,9""}]",限修,,https://course.nuk.edu.tw/QueryCourse/tcontent.asp?OpenYear=104&Helf=2&Sclass=AB&Cono=C10A,2026-08-26T18:13:36+00:00
104-2-AB-C11A-A-3-A,104,2,管理學院,AB,亞太工商管理學系,C11A,A,大學部,3,A,亞太工商管理專題(一)(D),3,必,12,5,,7,劉信賢,M01-B102,,"8,9",,,,,,"[{""day"": 2, ""dayName"": ""星期二"", ""periods"": [""8"", ""9""], ""raw"": ""8,9""}]",限修,,https://course.nuk.edu.tw/QueryCourse/tcontent.asp?OpenYear=104&Helf=2&Sclass=AB&Cono=C11A,2026-08-26T18:13:36+00:00
104-2-AB-C12A-A-3-A,104,2,管理學院,AB,亞太工商管理學系,C12A,A,大學部,3,A,亞太工商管理專題(一)(E),3,必,6,5,,1,陳榮泰,M01-B102,,"8,9",,,,,,"[{""day"": 2, ""dayName"": ""星期二"", ""periods"": [""8"", ""9""], ""raw"": ""8,9""}]",限修,,https://course.nuk.edu.tw/QueryCourse/tcontent.asp?OpenYear=104&Helf=2&Sclass=AB&Cono=C12A,2026-08-26T18:13:36+00:00
104-2-AB-C12F-A-3-A,104,2,管理學院,AB,亞太工商管理學系,C12F,A,大學部,3,A,亞太工商管理專題(一)(F),3,必,6,6,,0,盧昆宏,M01-B102,,"8,9",,,,,,"[{""day"": 2, ""dayName"": ""星期二"", ""periods"": [""8"", ""9""], ""raw"": ""8,9""}]",限修,,https://course.nuk.edu.tw/QueryCourse/tcontent.asp?OpenYear=104&Helf=2&Sclass=AB&Cono=C12F,2026-08-26T18:13:36+00:00
104-2-AB-C12G-A-3-A,104,2,管理學院,AB,亞太工商管理學系,C12G,A,大學部,3,A,亞太工商管理專題(一)(G),3,必,6,6,,0,李亭林,M01-B102,,"8,9",,,,,,"[{""day"": 2, ""dayName"": ""星期二"", ""periods"": [""8"", ""9""], ""raw"": ""8,9""}]",限修,,https://course.nuk.edu.tw/QueryCourse/tcontent.asp?OpenYear=104&Helf=2&Sclass=AB&Cono=C12G,2026-08-26T18:13:36+00:00
104-2-AB-C12H-A-3-A,104,2,管理學院,AB,亞太工商管理學系,C12H,A,大學部,3,A,亞太工商管理專題(一)(H),3,必,6,6,,0,楊詠凱,M01-B102,,"8,9",,,,,,"[{""day"": 2, ""dayName"": ""星期二"", ""periods"": [""8"", ""9""], ""raw"": ""8,9""}]",限修,,https://course.nuk.edu.tw/QueryCourse/tcontent.asp?OpenYear=104&Helf=2&Sclass=AB&Cono=C12H,2026-08-26T18:13:36+00:00
104-2-AB-C12I-A-3-A,104,2,管理學院,AB,亞太工商管理學系,C12I,A,大學部,3,A,亞太工商管理專題(一)(I),3,必,6,6,,0,陳一民,M01-B102,,"8,9",,,,,,"[{""day"": 2, ""dayName"": ""星期二"", ""periods"": [""8"", ""9""], ""raw"": ""8,9""}]",限修,,https://course.nuk.edu.tw/QueryCourse/tcontent.asp?OpenYear=104&Helf=2&Sclass=AB&Cono=C12I,2026-08-26T18:13:36+00:00
104-2-AB-C12J-A-3-A,104,2,管理學院,AB,亞太工商管理學系,C12J,A,大學部,3,A,亞太工商管理專題(一)(J),3,必,6,6,,0,蘇桓彥,M01-B102,,"8,9",,,,,,"[{""day"": 2, ""dayName"": ""星期二"", ""periods"": [""8"", ""9""], ""raw"": ""8,9""}]",限修,,https://course.nuk.edu.tw/QueryCourse/tcontent.asp?OpenYear=104&Helf=2&Sclass=AB&Cono=C12J,2026-08-26T18:13:36+00:00
104-2-AB-C142-A-3-A,104,2,管理學院,AB,亞太工商管理學系,C142,A,大學部,3,A,亞太科技政策與管理,3,必,65,61,,4,李亭林,M01-105,,,,,"2,3, 4",,,"[{""day"": 5, ""dayName"": ""星期五"", ""periods"": [""2"", ""3"", ""4""], ""raw"": ""2,3, 4""}]",學程,人文與商管學程,https://course.nuk.edu.tw/QueryCourse/tcontent.asp?OpenYear=104&Helf=2&Sclass=AB&Cono=C142,2026-08-26T18:13:36+00:00
104-2-AB-C541-A-3-A,104,2,管理學院,AB,亞太工商管理學系,C541,A,大學部,3,A,系統模擬概論,3,選,30,10,,20,陳榮泰,M01-527,"2,3, 4",,,,,,,"[{""day"": 1, ""dayName"": ""星期一"", ""periods"": [""2"", ""3"", ""4""], ""raw"": ""2,3, 4""}]",限修,3.4年級可選。限本系選修，外系同學請洽授課教師,https://course.nuk.edu.tw/QueryCourse/tcontent.asp?OpenYear=104&Helf=2&Sclass=AB&Cono=C541,2026-08-26T18:13:36+00:00
104-2-AB-C702-A-3-A,104,2,管理學院,AB,亞太工商管理學系,C702,A,大學部,3,A,商用英文書信寫作,2,選,53,27,,26,陳媛玲,M01-208,,,,"6,7",,,,"[{""day"": 4, ""dayName"": ""星期四"", ""periods"": [""6"", ""7""], ""raw"": ""6,7""}]",限修及外加,限本系選修，外系同學請洽授課教師，3.4年級可選修,https://course.nuk.edu.tw/QueryCourse/tcontent.asp?OpenYear=104&Helf=2&Sclass=AB&Cono=C702,2026-08-26T18:13:36+00:00
104-2-AB-D01A-A-3-A,104,2,管理學院,AB,亞太工商管理學系,D01A,A,大學部,3,A,組織行為學,3,必,65,61,,4,楊詠凱,M01-B102,,,,"2,3, 4",,,,"[{""day"": 4, ""dayName"": ""星期四"", ""periods"": [""2"", ""3"", ""4""], ""raw"": ""2,3, 4""}]",,,https://course.nuk.edu.tw/QueryCourse/tcontent.asp?OpenYear=104&Helf=2&Sclass=AB&Cono=D01A,2026-08-26T18:13:36+00:00
104-2-AB-D101-A-4-A,104,2,管理學院,AB,亞太工商管理學系,D101,A,大學部,4,A,企業倫理,3,必,61,61,,0,楊詠凱,M01-105,,,,,"5,6, 7",,,"[{""day"": 5, ""dayName"": ""星期五"", ""periods"": [""5"", ""6"", ""7""], ""raw"": ""5,6, 7""}]",外加 學程,人文與商管學程,https://course.nuk.edu.tw/QueryCourse/tcontent.asp?OpenYear=104&Helf=2&Sclass=AB&Cono=D101,2026-08-26T18:13:36+00:00
104-2-AB-D111-A-4-A,104,2,管理學院,AB,亞太工商管理學系,D111,A,大學部,4,A,亞太產業政策,3,必,62,62,,0,陳一民,M01-105,,,,"2,3, 4",,,,"[{""day"": 4, ""dayName"": ""星期四"", ""periods"": [""2"", ""3"", ""4""], ""raw"": ""2,3, 4""}]",外加,,https://course.nuk.edu.tw/QueryCourse/tcontent.asp?OpenYear=104&Helf=2&Sclass=AB&Cono=D111,2026-08-26T18:13:36+00:00
104-2-AB-T001-L-1-,104,2,管理學院,AB,亞太工商管理學系,T001,L,碩士在職專班,1,,書報討論,2,必,20,18,,2,陳榮泰,M01-317,,,"10,11",,,,,"[{""day"": 3, ""dayName"": ""星期三"", ""periods"": [""10"", ""11""], ""raw"": ""10,11""}]",限修,,https://course.nuk.edu.tw/QueryCourse/tcontent.asp?OpenYear=104&Helf=2&Sclass=AB&Cono=T001,2026-08-26T18:13:36+00:00
104-2-AB-T501-L-1-,104,2,管理學院,AB,亞太工商管理學系,T501,L,碩士在職專班,1,,產業分析-理論與實務,3,選,26,12,,14,李亭林,M01-111,,,,,"10,11, 12",,,"[{""day"": 5, ""dayName"": ""星期五"", ""periods"": [""10"", ""11"", ""12""], ""raw"": ""10,11, 12""}]",限修及外加,,https://course.nuk.edu.tw/QueryCourse/tcontent.asp?OpenYear=104&Helf=2&Sclass=AB&Cono=T501,2026-08-26T18:13:36+00:00
104-2-AB-T542-L-1-,104,2,管理學院,AB,亞太工商管理學系,T542,L,碩士在職專班,1,,公司治理,3,選,10,8,,2,陳宜伶,M01-317,,,,"10,11, 12",,,,"[{""day"": 4, ""dayName"": ""星期四"", ""periods"": [""10"", ""11"", ""12""], ""raw"": ""10,11, 12""}]",限修,,https://course.nuk.edu.tw/QueryCourse/tcontent.asp?OpenYear=104&Helf=2&Sclass=AB&Cono=T542,2026-08-26T18:13:36+00:00
104-2-AB-U011-L-1-,104,2,管理學院,AB,亞太工商管理學系,U011,L,碩士在職專班,1,,亞太企業管理,3,必,20,17,,3,陳一民,M01-317,"10,11, 12",,,,,,,"[{""day"": 1, ""dayName"": ""星期一"", ""periods"": [""10"", ""11"", ""12""], ""raw"": ""10,11, 12""}]",限修,,https://course.nuk.edu.tw/QueryCourse/tcontent.asp?OpenYear=104&Helf=2&Sclass=AB&Cono=U011,2026-08-26T18:13:36+00:00
104-2-AB-U501-L-1-,104,2,管理學院,AB,亞太工商管理學系,U501,L,碩士在職專班,1,,多變量分析,3,選,20,8,,12,盧昆宏,M01-317,,"10,11, 12",,,,,,"[{""day"": 2, ""dayName"": ""星期二"", ""periods"": [""10"", ""11"", ""12""], ""raw"": ""10,11, 12""}]",限修,,https://course.nuk.edu.tw/QueryCourse/tcontent.asp?OpenYear=104&Helf=2&Sclass=AB&Cono=U501,2026-08-26T18:13:36+00:00
104-2-AB-U533-L-1-,104,2,管理學院,AB,亞太工商管理學系,U533,L,碩士在職專班,1,,專案管理,3,選,15,13,,2,李博志,M01-317,,,,,,"2,3, 4",,"[{""day"": 6, ""dayName"": ""星期六"", ""periods"": [""2"", ""3"", ""4""], ""raw"": ""2,3, 4""}]",限修及外加,第一堂課於2/20(六)9:05上課,https://course.nuk.edu.tw/QueryCourse/tcontent.asp?OpenYear=104&Helf=2&Sclass=AB&Cono=U533,2026-08-26T18:13:36+00:00
104-2-AB-T513-L-2-,104,2,管理學院,AB,亞太工商管理學系,T513,L,碩士在職專班,2,,策略性人力資源管理,3,選,11,4,,7,黃英忠,M01-317,,,,,,"6,7, 8",,"[{""day"": 6, ""dayName"": ""星期六"", ""periods"": [""6"", ""7"", ""8""], ""raw"": ""6,7, 8""}]",限修及外加,,https://course.nuk.edu.tw/QueryCourse/tcontent.asp?OpenYear=104&Helf=2&Sclass=AB&Cono=T513,2026-08-26T18:13:36+00:00
104-2-AB-U00A-L-2-,104,2,管理學院,AB,亞太工商管理學系,U00A,L,碩士在職專班,2,,專題討論,2,必,20,19,,1,李亭林,M01-108,,,"10,11",,,,,"[{""day"": 3, ""dayName"": ""星期三"", ""periods"": [""10"", ""11""], ""raw"": ""10,11""}]",限修,,https://course.nuk.edu.tw/QueryCourse/tcontent.asp?OpenYear=104&Helf=2&Sclass=AB&Cono=U00A,2026-08-26T18:13:36+00:00
104-2-AB-V001-L-2-,104,2,管理學院,AB,亞太工商管理學系,V001,L,碩士在職專班,2,,論文,3,必,5,5,,0,陳宜伶 李博志,M01-317,,,,,,"10,11, 12",,"[{""day"": 6, ""dayName"": ""星期六"", ""periods"": [""10"", ""11"", ""12""], ""raw"": ""10,11, 12""}]",限修,,https://course.nuk.edu.tw/QueryCourse/tcontent.asp?OpenYear=104&Helf=2&Sclass=AB&Cono=V001,2026-08-26T18:13:36+00:00
104-2-AB-F010-M-1-,104,2,管理學院,AB,亞太工商管理學系,F010,M,碩士班,1,,書報討論,2,必,20,17,,3,李亭林,M01-108,,,"6,7",,,,,"[{""day"": 3, ""dayName"": ""星期三"", ""periods"": [""6"", ""7""], ""raw"": ""6,7""}]",限修,,https://course.nuk.edu.tw/QueryCourse/tcontent.asp?OpenYear=104&Helf=2&Sclass=AB&Cono=F010,2026-08-26T18:13:36+00:00
104-2-AB-F071-M-1-,104,2,管理學院,AB,亞太工商管理學系,F071,M,碩士班,1,,多變量分析,3,必,20,17,,3,盧昆宏,M01-317,"6,7, 8",,,,,,,"[{""day"": 1, ""dayName"": ""星期一"", ""periods"": [""6"", ""7"", ""8""], ""raw"": ""6,7, 8""}]",,,https://course.nuk.edu.tw/QueryCourse/tcontent.asp?OpenYear=104&Helf=2&Sclass=AB&Cono=F071,2026-08-26T18:13:36+00:00
104-2-AB-F500-M-1-,104,2,管理學院,AB,亞太工商管理學系,F500,M,碩士班,1,,教學實務演練(亞太工商管理學系),0,選,26,26,,0,劉信賢,,,X,,,,,,"[{""day"": 2, ""dayName"": ""星期二"", ""periods"": [""X""], ""raw"": ""X""}]",限修及外加,指定加簽，申請擔任學習型兼任教學助理之學生必須修習本課程。,https://course.nuk.edu.tw/QueryCourse/tcontent.asp?OpenYear=104&Helf=2&Sclass=AB&Cono=F500,2026-08-26T18:13:36+00:00
104-2-AB-F602-M-1-,104,2,管理學院,AB,亞太工商管理學系,F602,M,碩士班,1,,決策分析與資料包絡分析,3,選,15,12,,3,何柏正,M01-317,,"2,3, 4",,,,,,"[{""day"": 2, ""dayName"": ""星期二"", ""periods"": [""2"", ""3"", ""4""], ""raw"": ""2,3, 4""}]",,何柏正老師,https://course.nuk.edu.tw/QueryCourse/tcontent.asp?OpenYear=104&Helf=2&Sclass=AB&Cono=F602,2026-08-26T18:13:36+00:00
104-2-AB-F642-M-1-,104,2,管理學院,AB,亞太工商管理學系,F642,M,碩士班,1,,公司治理,3,選,15,13,,2,陳宜伶,M01-420,,,,"6,7, 8",,,,"[{""day"": 4, ""dayName"": ""星期四"", ""periods"": [""6"", ""7"", ""8""], ""raw"": ""6,7, 8""}]",,,https://course.nuk.edu.tw/QueryCourse/tcontent.asp?OpenYear=104&Helf=2&Sclass=AB&Cono=F642,2026-08-26T18:13:36+00:00
104-2-AB-F690-M-1-,104,2,管理學院,AB,亞太工商管理學系,F690,M,碩士班,1,,消費者行為專題,3,選,20,4,,16,劉信賢,M01-317,,"5,6, 7",,,,,,"[{""day"": 2, ""dayName"": ""星期二"", ""periods"": [""5"", ""6"", ""7""], ""raw"": ""5,6, 7""}]",限修,,https://course.nuk.edu.tw/QueryCourse/tcontent.asp?OpenYear=104&Helf=2&Sclass=AB&Cono=F690,2026-08-26T18:13:36+00:00
104-2-AB-F691-M-1-,104,2,管理學院,AB,亞太工商管理學系,F691,M,碩士班,1,,創意思考與管理專題,3,選,20,6,,14,李亭林,M01-317,,,,,"6,7, 8",,,"[{""day"": 5, ""dayName"": ""星期五"", ""periods"": [""6"", ""7"", ""8""], ""raw"": ""6,7, 8""}]",,,https://course.nuk.edu.tw/QueryCourse/tcontent.asp?OpenYear=104&Helf=2&Sclass=AB&Cono=F691,2026-08-26T18:13:36+00:00
104-2-AB-G011-M-2-,104,2,管理學院,AB,亞太工商管理學系,G011,M,碩士班,2,,專題討論,2,必,20,16,,4,楊詠凱,M01-317,,,,"6,7",,,,"[{""day"": 4, ""dayName"": ""星期四"", ""periods"": [""6"", ""7""], ""raw"": ""6,7""}]",限修,,https://course.nuk.edu.tw/QueryCourse/tcontent.asp?OpenYear=104&Helf=2&Sclass=AB&Cono=G011,2026-08-26T18:13:36+00:00
104-2-AE-A00B-A-1-A,104,2,管理學院,AE,應用經濟學系,A00B,A,大學部,1,A,經濟學原理(二),3,必,90,82,,8,宋皇叡,L02-204 其他教室,"1,2",,,,"5,6",,,"[{""day"": 1, ""dayName"": ""星期一"", ""periods"": [""1"", ""2""], ""raw"": ""1,2""}, {""day"": 5, ""dayName"": ""星期五"", ""periods"": [""5"", ""6""], ""raw"": ""5,6""}]",學程,人文與商管學程；星期一第1節為實習,https://course.nuk.edu.tw/QueryCourse/tcontent.asp?OpenYear=104&Helf=2&Sclass=AE&Cono=A00B,2026-08-26T18:13:36+00:00
104-2-AE-A01B-A-1-A,104,2,管理學院,AE,應用經濟學系,A01B,A,大學部,1,A,會計學(二),3,必,80,73,,7,曹美蘭,M01-B109,,,,"1,2, 3,4",,,,"[{""day"": 4, ""dayName"": ""星期四"", ""periods"": [""1"", ""2"", ""3"", ""4""], ""raw"": ""1,2, 3,4""}]",,星期四第1節為實習,https://course.nuk.edu.tw/QueryCourse/tcontent.asp?OpenYear=104&Helf=2&Sclass=AE&Cono=A01B,2026-08-26T18:13:36+00:00
104-2-AE-A092-A-1-A,104,2,管理學院,AE,應用經濟學系,A092,A,大學部,1,A,微積分（二）,3,必,80,78,,2,鄭斯恩,C02-105,"3,4",,,"6,7",,,,"[{""day"": 1, ""dayName"": ""星期一"", ""periods"": [""3"", ""4""], ""raw"": ""3,4""}, {""day"": 4, ""dayName"": ""星期四"", ""periods"": [""6"", ""7""], ""raw"": ""6,7""}]",,星期四第7節為實習,https://course.nuk.edu.tw/QueryCourse/tcontent.asp?OpenYear=104&Helf=2&Sclass=AE&Cono=A092,2026-08-26T18:13:36+00:00
104-2-AE-B03B-A-2-A,104,2,管理學院,AE,應用經濟學系,B03B,A,大學部,2,A,統計學(二),3,必,95,94,,1,許聖章,M01-201,,,"1,2, 3,4",,,,,"[{""day"": 3, ""dayName"": ""星期三"", ""periods"": [""1"", ""2"", ""3"", ""4""], ""raw"": ""1,2, 3,4""}]",學程,星期三第1堂為實習課；人文與商管學程,https://course.nuk.edu.tw/QueryCourse/tcontent.asp?OpenYear=104&Helf=2&Sclass=AE&Cono=B03B,2026-08-26T18:13:36+00:00
104-2-AE-B571-A-2-A,104,2,管理學院,AE,應用經濟學系,B571,A,大學部,2,A,企業概論,3,選,60,27,,33,鄭育仁,M01-101,,"5,6, 7",,,,,,"[{""day"": 2, ""dayName"": ""星期二"", ""periods"": [""5"", ""6"", ""7""], ""raw"": ""5,6, 7""}]",,,https://course.nuk.edu.tw/QueryCourse/tcontent.asp?OpenYear=104&Helf=2&Sclass=AE&Cono=B571,2026-08-26T18:13:36+00:00
104-2-AE-C02B-A-2-A,104,2,管理學院,AE,應用經濟學系,C02B,A,大學部,2,A,總體經濟學（二）,3,必,72,59,,13,柯秀欣,L02-202,,,,,"2,3, 4",,,"[{""day"": 5, ""dayName"": ""星期五"", ""periods"": [""2"", ""3"", ""4""], ""raw"": ""2,3, 4""}]",先修 外加,,https://course.nuk.edu.tw/QueryCourse/tcontent.asp?OpenYear=104&Helf=2&Sclass=AE&Cono=C02B,2026-08-26T18:13:36+00:00
104-2-AE-C03B-A-2-A,104,2,管理學院,AE,應用經濟學系,C03B,A,大學部,2,A,個體經濟學（二）,3,必,83,64,,19,蔡宗秀,M01-201,"5,6, 7",,,,,,,"[{""day"": 1, ""dayName"": ""星期一"", ""periods"": [""5"", ""6"", ""7""], ""raw"": ""5,6, 7""}]",先修 外加,,https://course.nuk.edu.tw/QueryCourse/tcontent.asp?OpenYear=104&Helf=2&Sclass=AE&Cono=C03B,2026-08-26T18:13:36+00:00
104-2-AE-C553-A-2-A,104,2,管理學院,AE,應用經濟學系,C553,A,大學部,2,A,行銷管理,3,選,60,53,,7,黃佩琪,M01-204,,,,"2,3, 4",,,,"[{""day"": 4, ""dayName"": ""星期四"", ""periods"": [""2"", ""3"", ""4""], ""raw"": ""2,3, 4""}]",,大二大三合開，黃珮琪老師,https://course.nuk.edu.tw/QueryCourse/tcontent.asp?OpenYear=104&Helf=2&Sclass=AE&Cono=C553,2026-08-26T18:13:36+00:00
104-2-AE-D502-A-2-A,104,2,管理學院,AE,應用經濟學系,D502,A,大學部,2,A,國際企業,3,選,60,55,,5,黃佩琪,M01-201,,,"5,6, 7",,,,,"[{""day"": 3, ""dayName"": ""星期三"", ""periods"": [""5"", ""6"", ""7""], ""raw"": ""5,6, 7""}]",,大二大三合開，黃珮琪老師,https://course.nuk.edu.tw/QueryCourse/tcontent.asp?OpenYear=104&Helf=2&Sclass=AE&Cono=D502,2026-08-26T18:13:36+00:00
104-2-AE-A512-A-3-A,104,2,管理學院,AE,應用經濟學系,A512,A,大學部,3,A,英文財經報導選讀（二）,3,選,12,7,,5,蔡穎義,M01-313,"2,3, 4",,,,,,,"[{""day"": 1, ""dayName"": ""星期一"", ""periods"": [""2"", ""3"", ""4""], ""raw"": ""2,3, 4""}]",學程,人文商與管學程；欲修習此課程之同學，請洽授課老師手動加簽。,https://course.nuk.edu.tw/QueryCourse/tcontent.asp?OpenYear=104&Helf=2&Sclass=AE&Cono=A512,2026-08-26T18:13:36+00:00
104-2-AE-B513-A-3-A,104,2,管理學院,AE,應用經濟學系,B513,A,大學部,3,A,當代經濟課題探討系列（二）,3,選,20,9,,11,佘志民,M01-313,,,,"2,3, 4",,,,"[{""day"": 4, ""dayName"": ""星期四"", ""periods"": [""2"", ""3"", ""4""], ""raw"": ""2,3, 4""}]",學程,全英語授課。財經管理與資訊應用全英語學程,https://course.nuk.edu.tw/QueryCourse/tcontent.asp?OpenYear=104&Helf=2&Sclass=AE&Cono=B513,2026-08-26T18:13:36+00:00
104-2-AE-C01A-A-3-A,104,2,管理學院,AE,應用經濟學系,C01A,A,大學部,3,A,國際經濟學（一）,3,必,65,64,,1,柯秀欣,L02-201,,,,"5,6, 7",,,,"[{""day"": 4, ""dayName"": ""星期四"", ""periods"": [""5"", ""6"", ""7""], ""raw"": ""5,6, 7""}]",先修,,https://course.nuk.edu.tw/QueryCourse/tcontent.asp?OpenYear=104&Helf=2&Sclass=AE&Cono=C01A,2026-08-26T18:13:36+00:00
104-2-AE-C553-A-3-A,104,2,管理學院,AE,應用經濟學系,C553,A,大學部,3,A,行銷管理,3,選,60,53,,7,黃佩琪,M01-204,,,,"2,3, 4",,,,"[{""day"": 4, ""dayName"": ""星期四"", ""periods"": [""2"", ""3"", ""4""], ""raw"": ""2,3, 4""}]",,大二大三合開，黃珮琪老師,https://course.nuk.edu.tw/QueryCourse/tcontent.asp?OpenYear=104&Helf=2&Sclass=AE&Cono=C553,2026-08-26T18:13:36+00:00
104-2-AE-C644-A-3-A,104,2,管理學院,AE,應用經濟學系,C644,A,大學部,3,A,經濟法規,3,選,60,39,,21,陳旻沂,M01-204,,,,,"2,3, 4",,,"[{""day"": 5, ""dayName"": ""星期五"", ""periods"": [""2"", ""3"", ""4""], ""raw"": ""2,3, 4""}]",,,https://course.nuk.edu.tw/QueryCourse/tcontent.asp?OpenYear=104&Helf=2&Sclass=AE&Cono=C644,2026-08-26T18:13:36+00:00
104-2-AE-D502-A-3-A,104,2,管理學院,AE,應用經濟學系,D502,A,大學部,3,A,國際企業,3,選,60,55,,5,黃佩琪,M01-201,,,"5,6, 7",,,,,"[{""day"": 3, ""dayName"": ""星期三"", ""periods"": [""5"", ""6"", ""7""], ""raw"": ""5,6, 7""}]",,大二大三合開，黃珮琪老師,https://course.nuk.edu.tw/QueryCourse/tcontent.asp?OpenYear=104&Helf=2&Sclass=AE&Cono=D502,2026-08-26T18:13:36+00:00
104-2-AE-D571-A-3-A,104,2,管理學院,AE,應用經濟學系,D571,A,大學部,3,A,經濟實驗,3,選,60,16,,44,劉志成,M01-202,"2,3, 4",,,,,,,"[{""day"": 1, ""dayName"": ""星期一"", ""periods"": [""2"", ""3"", ""4""], ""raw"": ""2,3, 4""}]",,,https://course.nuk.edu.tw/QueryCourse/tcontent.asp?OpenYear=104&Helf=2&Sclass=AE&Cono=D571,2026-08-26T18:13:36+00:00
104-2-AE-F611-A-3-A,104,2,管理學院,AE,應用經濟學系,F611,A,大學部,3,A,產業變遷與金融發展,3,選,31,22,,9,蔡穎義 業界教師,M01-202,,"2,3, 4",,,,,,"[{""day"": 2, ""dayName"": ""星期二"", ""periods"": [""2"", ""3"", ""4""], ""raw"": ""2,3, 4""}]",,三、四年級及碩士班合班授課,https://course.nuk.edu.tw/QueryCourse/tcontent.asp?OpenYear=104&Helf=2&Sclass=AE&Cono=F611,2026-08-26T18:13:36+00:00
104-2-AE-C651-A-4-A,104,2,管理學院,AE,應用經濟學系,C651,A,大學部,4,A,財政理論與政策,3,選,60,17,,43,佘志民,M01-101,,,"2,3, 4",,,,,"[{""day"": 3, ""dayName"": ""星期三"", ""periods"": [""2"", ""3"", ""4""], ""raw"": ""2,3, 4""}]",,公共議題與經濟政策學程之專業發展課程,https://course.nuk.edu.tw/QueryCourse/tcontent.asp?OpenYear=104&Helf=2&Sclass=AE&Cono=C651,2026-08-26T18:13:36+00:00
104-2-AE-C663-A-4-A,104,2,管理學院,AE,應用經濟學系,C663,A,大學部,4,A,環境與資源經濟學,3,選,60,17,,43,劉志成,M01-202,"6,7, 8",,,,,,,"[{""day"": 1, ""dayName"": ""星期一"", ""periods"": [""6"", ""7"", ""8""], ""raw"": ""6,7, 8""}]",學程,公共議題與經濟政策學程之發展課程;「產業、科技與財經法律」學分學程。,https://course.nuk.edu.tw/QueryCourse/tcontent.asp?OpenYear=104&Helf=2&Sclass=AE&Cono=C663,2026-08-26T18:13:36+00:00
104-2-AE-C681-A-4-A,104,2,管理學院,AE,應用經濟學系,C681,A,大學部,4,A,產業組織理論,3,選,90,72,,18,劉志成,M01-201,,"5,6, 7",,,,,,"[{""day"": 2, ""dayName"": ""星期二"", ""periods"": [""5"", ""6"", ""7""], ""raw"": ""5,6, 7""}]",外加 學程,產業組織與金融市場學程之指定選修課程;「產業、科技與財經法律」學分學程。,https://course.nuk.edu.tw/QueryCourse/tcontent.asp?OpenYear=104&Helf=2&Sclass=AE&Cono=C681,2026-08-26T18:13:36+00:00
104-2-AE-C69B-A-4-A,104,2,管理學院,AE,應用經濟學系,C69B,A,大學部,4,A,人力資源經濟學（二）,3,選,60,8,,52,耿紹勛,M01-206,"5,6, 7",,,,,,,"[{""day"": 1, ""dayName"": ""星期一"", ""periods"": [""5"", ""6"", ""7""], ""raw"": ""5,6, 7""}]",,學程之專業發展課程,https://course.nuk.edu.tw/QueryCourse/tcontent.asp?OpenYear=104&Helf=2&Sclass=AE&Cono=C69B,2026-08-26T18:13:36+00:00
104-2-AE-C712-A-4-A,104,2,管理學院,AE,應用經濟學系,C712,A,大學部,4,A,訊息經濟學,3,選,60,43,,17,宋皇叡,M01-103,,,,"2,3, 4",,,,"[{""day"": 4, ""dayName"": ""星期四"", ""periods"": [""2"", ""3"", ""4""], ""raw"": ""2,3, 4""}]",,學程之專業發展課程,https://course.nuk.edu.tw/QueryCourse/tcontent.asp?OpenYear=104&Helf=2&Sclass=AE&Cono=C712,2026-08-26T18:13:36+00:00
104-2-AE-C713-A-4-A,104,2,管理學院,AE,應用經濟學系,C713,A,大學部,4,A,數理經濟學,3,選,61,28,,33,宋皇叡,M01-205,,,,,"1,2, 3",,,"[{""day"": 5, ""dayName"": ""星期五"", ""periods"": [""1"", ""2"", ""3""], ""raw"": ""1,2, 3""}]",,學程之數量方法課程,https://course.nuk.edu.tw/QueryCourse/tcontent.asp?OpenYear=104&Helf=2&Sclass=AE&Cono=C713,2026-08-26T18:13:36+00:00
104-2-AE-C721-A-4-A,104,2,管理學院,AE,應用經濟學系,C721,A,大學部,4,A,經濟社會學,3,選,35,22,,13,蔡宗秀,M01-202,,"5,6, 7",,,,,,"[{""day"": 2, ""dayName"": ""星期二"", ""periods"": [""5"", ""6"", ""7""], ""raw"": ""5,6, 7""}]",,公共議題與經濟政策學程之指定選修課程,https://course.nuk.edu.tw/QueryCourse/tcontent.asp?OpenYear=104&Helf=2&Sclass=AE&Cono=C721,2026-08-26T18:13:36+00:00
104-2-AE-C761-A-4-A,104,2,管理學院,AE,應用經濟學系,C761,A,大學部,4,A,金融市場,3,選,60,60,,0,翁銘章 業界教師,M01-B104,"1,2, 3",,,,,,,"[{""day"": 1, ""dayName"": ""星期一"", ""periods"": [""1"", ""2"", ""3""], ""raw"": ""1,2, 3""}]",,產業組織與金融市場學程之指定選修課程;「產業、科技與財經法律」學分學程；人文與商管學程。,https://course.nuk.edu.tw/QueryCourse/tcontent.asp?OpenYear=104&Helf=2&Sclass=AE&Cono=C761,2026-08-26T18:13:36+00:00
104-2-AE-D01B-A-4-A,104,2,管理學院,AE,應用經濟學系,D01B,A,大學部,4,A,應用經濟實務專題(二)(A組),1,必,13,11,,2,柯秀欣,M01-202,,,"5,6, 7",,,,,"[{""day"": 3, ""dayName"": ""星期三"", ""periods"": [""5"", ""6"", ""7""], ""raw"": ""5,6, 7""}]",外加,,https://course.nuk.edu.tw/QueryCourse/tcontent.asp?OpenYear=104&Helf=2&Sclass=AE&Cono=D01B,2026-08-26T18:13:36+00:00
104-2-AE-D02B-A-4-A,104,2,管理學院,AE,應用經濟學系,D02B,A,大學部,4,A,應用經濟實務專題(二)(B組),1,必,10,10,,0,宋皇叡,M01-312,,,"5,6, 7",,,,,"[{""day"": 3, ""dayName"": ""星期三"", ""periods"": [""5"", ""6"", ""7""], ""raw"": ""5,6, 7""}]",,,https://course.nuk.edu.tw/QueryCourse/tcontent.asp?OpenYear=104&Helf=2&Sclass=AE&Cono=D02B,2026-08-26T18:13:36+00:00
104-2-AE-D601-A-4-A,104,2,管理學院,AE,應用經濟學系,D601,A,大學部,4,A,國際貿易實務,3,選,55,55,,0,鄭義暉,M01-103,,"2,3, 4",,,,,,"[{""day"": 2, ""dayName"": ""星期二"", ""periods"": [""2"", ""3"", ""4""], ""raw"": ""2,3, 4""}]",,產業組織與金融市場學程之專業發展課程,https://course.nuk.edu.tw/QueryCourse/tcontent.asp?OpenYear=104&Helf=2&Sclass=AE&Cono=D601,2026-08-26T18:13:36+00:00
104-2-AE-F611-A-4-A,104,2,管理學院,AE,應用經濟學系,F611,A,大學部,4,A,產業變遷與金融發展,3,選,31,22,,9,蔡穎義 業界教師,M01-202,,"2,3, 4",,,,,,"[{""day"": 2, ""dayName"": ""星期二"", ""periods"": [""2"", ""3"", ""4""], ""raw"": ""2,3, 4""}]",,三、四年級及碩士班合班授課,https://course.nuk.edu.tw/QueryCourse/tcontent.asp?OpenYear=104&Helf=2&Sclass=AE&Cono=F611,2026-08-26T18:13:36+00:00
104-2-AE-F612-A-4-A,104,2,管理學院,AE,應用經濟學系,F612,A,大學部,4,A,產業與貿易政策,3,選,60,32,,28,楊雅博 陳疆平,M01-102,,,,"5,6, 7",,,,"[{""day"": 4, ""dayName"": ""星期四"", ""periods"": [""5"", ""6"", ""7""], ""raw"": ""5,6, 7""}]",,學程之專業發展課程，大學部四年級與碩士班合班授課,https://course.nuk.edu.tw/QueryCourse/tcontent.asp?OpenYear=104&Helf=2&Sclass=AE&Cono=F612,2026-08-26T18:13:36+00:00
104-2-AE-F03B-M-1-,104,2,管理學院,AE,應用經濟學系,F03B,M,碩士班,1,,專題討論（二）,1,必,11,11,,0,翁銘章,M01-419,,,"5,6, 7",,,,,"[{""day"": 3, ""dayName"": ""星期三"", ""periods"": [""5"", ""6"", ""7""], ""raw"": ""5,6, 7""}]",,,https://course.nuk.edu.tw/QueryCourse/tcontent.asp?OpenYear=104&Helf=2&Sclass=AE&Cono=F03B,2026-08-26T18:13:36+00:00
104-2-AE-F500-M-1-,104,2,管理學院,AE,應用經濟學系,F500,M,碩士班,1,,教學實務演練(應用經濟學系),0,選,12,12,,0,許聖章,,,X,,,,,,"[{""day"": 2, ""dayName"": ""星期二"", ""periods"": [""X""], ""raw"": ""X""}]",外加,指定加簽，申請擔任學習型兼任教學助理之學生必須修習本課程。,https://course.nuk.edu.tw/QueryCourse/tcontent.asp?OpenYear=104&Helf=2&Sclass=AE&Cono=F500,2026-08-26T18:13:36+00:00
104-2-AE-F513-M-1-,104,2,管理學院,AE,應用經濟學系,F513,M,碩士班,1,,人力資源經濟學（二）,3,選,20,10,,10,許聖章,M01-419,"2,3, 4",,,,,,,"[{""day"": 1, ""dayName"": ""星期一"", ""periods"": [""2"", ""3"", ""4""], ""raw"": ""2,3, 4""}]",,碩一、碩二合班授課，全英語授課。,https://course.nuk.edu.tw/QueryCourse/tcontent.asp?OpenYear=104&Helf=2&Sclass=AE&Cono=F513,2026-08-26T18:13:36+00:00
104-2-AE-F581-M-1-,104,2,管理學院,AE,應用經濟學系,F581,M,碩士班,1,,時間序列分析,3,選,20,9,,11,翁銘章,M01-202,,,"2,3, 4",,,,,"[{""day"": 3, ""dayName"": ""星期三"", ""periods"": [""2"", ""3"", ""4""], ""raw"": ""2,3, 4""}]",,碩一、碩二合班授課,https://course.nuk.edu.tw/QueryCourse/tcontent.asp?OpenYear=104&Helf=2&Sclass=AE&Cono=F581,2026-08-26T18:13:36+00:00
104-2-AE-F611-M-1-,104,2,管理學院,AE,應用經濟學系,F611,M,碩士班,1,,產業變遷與金融發展,3,選,31,22,,9,蔡穎義 業界教師,M01-202,,"2,3, 4",,,,,,"[{""day"": 2, ""dayName"": ""星期二"", ""periods"": [""2"", ""3"", ""4""], ""raw"": ""2,3, 4""}]",,三、四年級及碩士班合班授課,https://course.nuk.edu.tw/QueryCourse/tcontent.asp?OpenYear=104&Helf=2&Sclass=AE&Cono=F611,2026-08-26T18:13:36+00:00
104-2-AE-F612-M-1-,104,2,管理學院,AE,應用經濟學系,F612,M,碩士班,1,,產業與貿易政策,3,選,60,32,,28,楊雅博 陳疆平,M01-102,,,,"5,6, 7",,,,"[{""day"": 4, ""dayName"": ""星期四"", ""periods"": [""5"", ""6"", ""7""], ""raw"": ""5,6, 7""}]",,學程之專業發展課程，大學部四年級與碩士班合班授課,https://course.nuk.edu.tw/QueryCourse/tcontent.asp?OpenYear=104&Helf=2&Sclass=AE&Cono=F612,2026-08-26T18:13:36+00:00
104-2-AE-F03D-M-2-,104,2,管理學院,AE,應用經濟學系,F03D,M,碩士班,2,,專題討論（四）,1,必,11,8,,3,耿紹勛,M01-313,,,"5,6, 7",,,,,"[{""day"": 3, ""dayName"": ""星期三"", ""periods"": [""5"", ""6"", ""7""], ""raw"": ""5,6, 7""}]",,,https://course.nuk.edu.tw/QueryCourse/tcontent.asp?OpenYear=104&Helf=2&Sclass=AE&Cono=F03D,2026-08-26T18:13:36+00:00
104-2-AE-F513-M-2-,104,2,管理學院,AE,應用經濟學系,F513,M,碩士班,2,,人力資源經濟學（二）,3,選,20,10,,10,許聖章,M01-419,"2,3, 4",,,,,,,"[{""day"": 1, ""dayName"": ""星期一"", ""periods"": [""2"", ""3"", ""4""], ""raw"": ""2,3, 4""}]",,碩一、碩二合班授課，全英語授課。,https://course.nuk.edu.tw/QueryCourse/tcontent.asp?OpenYear=104&Helf=2&Sclass=AE&Cono=F513,2026-08-26T18:13:36+00:00
104-2-AE-F581-M-2-,104,2,管理學院,AE,應用經濟學系,F581,M,碩士班,2,,時間序列分析,3,選,20,9,,11,翁銘章,M01-202,,,"2,3, 4",,,,,"[{""day"": 3, ""dayName"": ""星期三"", ""periods"": [""2"", ""3"", ""4""], ""raw"": ""2,3, 4""}]",,碩一、碩二合班授課,https://course.nuk.edu.tw/QueryCourse/tcontent.asp?OpenYear=104&Helf=2&Sclass=AE&Cono=F581,2026-08-26T18:13:36+00:00
104-2-AE-F611-M-2-,104,2,管理學院,AE,應用經濟學系,F611,M,碩士班,2,,產業變遷與金融發展,3,選,31,22,,9,蔡穎義 業界教師,M01-202,,"2,3, 4",,,,,,"[{""day"": 2, ""dayName"": ""星期二"", ""periods"": [""2"", ""3"", ""4""], ""raw"": ""2,3, 4""}]",,三、四年級及碩士班合班授課,https://course.nuk.edu.tw/QueryCourse/tcontent.asp?OpenYear=104&Helf=2&Sclass=AE&Cono=F611,2026-08-26T18:13:36+00:00
104-2-AE-F612-M-2-,104,2,管理學院,AE,應用經濟學系,F612,M,碩士班,2,,產業與貿易政策,3,選,60,32,,28,楊雅博 陳疆平,M01-102,,,,"5,6, 7",,,,"[{""day"": 4, ""dayName"": ""星期四"", ""periods"": [""5"", ""6"", ""7""], ""raw"": ""5,6, 7""}]",,學程之專業發展課程，大學部四年級與碩士班合班授課,https://course.nuk.edu.tw/QueryCourse/tcontent.asp?OpenYear=104&Helf=2&Sclass=AE&Cono=F612,2026-08-26T18:13:36+00:00
104-2-EBA-N562-E-1-,104,2,管理學院,EBA,高階經營管理碩士在職專班,N562,E,高階經營管理碩士在職專班,1,,企業參訪,3,選,20,17,,3,翁銘章 李亭林,,Y,Y,Y,,,,,"[{""day"": 1, ""dayName"": ""星期一"", ""periods"": [""Y""], ""raw"": ""Y""}, {""day"": 2, ""dayName"": ""星期二"", ""periods"": [""Y""], ""raw"": ""Y""}, {""day"": 3, ""dayName"": ""星期三"", ""periods"": [""Y""], ""raw"": ""Y""}]",,金門班,https://course.nuk.edu.tw/QueryCourse/tcontent.asp?OpenYear=104&Helf=2&Sclass=EBA&Cono=N562,2026-08-26T18:13:36+00:00
104-2-EBA-N632-E-1-,104,2,管理學院,EBA,高階經營管理碩士在職專班,N632,E,高階經營管理碩士在職專班,1,,資訊管理,3,選,10,3,,7,吳建興 丁一賢,,,,,,"10,11, 12","2,3, 4",,"[{""day"": 5, ""dayName"": ""星期五"", ""periods"": [""10"", ""11"", ""12""], ""raw"": ""10,11, 12""}, {""day"": 6, ""dayName"": ""星期六"", ""periods"": [""2"", ""3"", ""4""], ""raw"": ""2,3, 4""}]",,金門班,https://course.nuk.edu.tw/QueryCourse/tcontent.asp?OpenYear=104&Helf=2&Sclass=EBA&Cono=N632,2026-08-26T18:13:36+00:00
104-2-EBA-N652-E-1-,104,2,管理學院,EBA,高階經營管理碩士在職專班,N652,E,高階經營管理碩士在職專班,1,,組織與人力資源管理,3,選,30,27,,3,黃英忠,M01-B104,,,,,"10,11, 12","2,3, 4",,"[{""day"": 5, ""dayName"": ""星期五"", ""periods"": [""10"", ""11"", ""12""], ""raw"": ""10,11, 12""}, {""day"": 6, ""dayName"": ""星期六"", ""periods"": [""2"", ""3"", ""4""], ""raw"": ""2,3, 4""}]",,高雄班,https://course.nuk.edu.tw/QueryCourse/tcontent.asp?OpenYear=104&Helf=2&Sclass=EBA&Cono=N652,2026-08-26T18:13:36+00:00
104-2-EBA-N671-E-1-,104,2,管理學院,EBA,高階經營管理碩士在職專班,N671,E,高階經營管理碩士在職專班,1,,財務管理,3,選,30,19,,11,陳怡凱 高蘭芬,M01-B104,,,,,,"5,6, 7,8, 9,10",,"[{""day"": 6, ""dayName"": ""星期六"", ""periods"": [""5"", ""6"", ""7"", ""8"", ""9"", ""10""], ""raw"": ""5,6, 7,8, 9,10""}]",,高雄班,https://course.nuk.edu.tw/QueryCourse/tcontent.asp?OpenYear=104&Helf=2&Sclass=EBA&Cono=N671,2026-08-26T18:13:36+00:00
104-2-EBA-N672-E-1-,104,2,管理學院,EBA,高階經營管理碩士在職專班,N672,E,高階經營管理碩士在職專班,1,,策略管理,3,選,10,5,,5,李亭林 佘志民,,,,,,,"5,6, 7,8, 9,10",,"[{""day"": 6, ""dayName"": ""星期六"", ""periods"": [""5"", ""6"", ""7"", ""8"", ""9"", ""10""], ""raw"": ""5,6, 7,8, 9,10""}]",,金門班,https://course.nuk.edu.tw/QueryCourse/tcontent.asp?OpenYear=104&Helf=2&Sclass=EBA&Cono=N672,2026-08-26T18:13:36+00:00
104-2-EBA-N67A-E-1-,104,2,管理學院,EBA,高階經營管理碩士在職專班,N67A,E,高階經營管理碩士在職專班,1,,財務管理-(金門班),3,選,10,5,,5,陳怡凱 高蘭芬,,,,,,,,"2,3, 4,5, 6,7","[{""day"": 7, ""dayName"": ""星期日"", ""periods"": [""2"", ""3"", ""4"", ""5"", ""6"", ""7""], ""raw"": ""2,3, 4,5, 6,7""}]",,金門班,https://course.nuk.edu.tw/QueryCourse/tcontent.asp?OpenYear=104&Helf=2&Sclass=EBA&Cono=N67A,2026-08-26T18:13:36+00:00
104-2-EBA-N691-E-1-,104,2,管理學院,EBA,高階經營管理碩士在職專班,N691,E,高階經營管理碩士在職專班,1,,研究方法,3,選,30,20,,10,李亭林 許聖章,M01-B104,,,,,,,"2,3, 4,5, 6,7","[{""day"": 7, ""dayName"": ""星期日"", ""periods"": [""2"", ""3"", ""4"", ""5"", ""6"", ""7""], ""raw"": ""2,3, 4,5, 6,7""}]",,高雄班,https://course.nuk.edu.tw/QueryCourse/tcontent.asp?OpenYear=104&Helf=2&Sclass=EBA&Cono=N691,2026-08-26T18:13:36+00:00
104-2-EBA-N11B-E-2-,104,2,管理學院,EBA,高階經營管理碩士在職專班,N11B,E,高階經營管理碩士在職專班,2,,碩士論文(下)-(高雄班),3,必,25,20,,5,翁銘章 莊寶鵰 吳建興 李亭林 陳怡凱 楊書成 楊詠凱 李博志,,X,X,X,,,,,"[{""day"": 1, ""dayName"": ""星期一"", ""periods"": [""X""], ""raw"": ""X""}, {""day"": 2, ""dayName"": ""星期二"", ""periods"": [""X""], ""raw"": ""X""}, {""day"": 3, ""dayName"": ""星期三"", ""periods"": [""X""], ""raw"": ""X""}]",,高雄班,https://course.nuk.edu.tw/QueryCourse/tcontent.asp?OpenYear=104&Helf=2&Sclass=EBA&Cono=N11B,2026-08-26T18:13:36+00:00
104-2-EM-F101-M-1-,104,2,管理學院,EM,經營管理研究所,F101,M,碩士班,1,,國際企業管理,3,必,15,8,,7,李揚 業界教師,M01-423,,"5,6, 7",,,,,,"[{""day"": 2, ""dayName"": ""星期二"", ""periods"": [""5"", ""6"", ""7""], ""raw"": ""5,6, 7""}]",,上課教室：管院423室,https://course.nuk.edu.tw/QueryCourse/tcontent.asp?OpenYear=104&Helf=2&Sclass=EM&Cono=F101,2026-08-26T18:13:36+00:00
104-2-EM-F18B-M-1-,104,2,管理學院,EM,經營管理研究所,F18B,M,碩士班,1,,經營管理實務研討（二）,1,必,15,7,,8,李揚 黃佩琪 業界教師,M01-423,,,"6,7, 8",,,,,"[{""day"": 3, ""dayName"": ""星期三"", ""periods"": [""6"", ""7"", ""8""], ""raw"": ""6,7, 8""}]",限修,上課教室：管院423室,https://course.nuk.edu.tw/QueryCourse/tcontent.asp?OpenYear=104&Helf=2&Sclass=EM&Cono=F18B,2026-08-26T18:13:36+00:00
104-2-EM-F521-M-1-,104,2,管理學院,EM,經營管理研究所,F521,M,碩士班,1,,多變量分析,3,選,15,4,,11,吳毓麒,M01-423,,"2,3, 4",,,,,,"[{""day"": 2, ""dayName"": ""星期二"", ""periods"": [""2"", ""3"", ""4""], ""raw"": ""2,3, 4""}]",限修,上課教室：管院423室,https://course.nuk.edu.tw/QueryCourse/tcontent.asp?OpenYear=104&Helf=2&Sclass=EM&Cono=F521,2026-08-26T18:13:36+00:00
104-2-EM-F592-M-1-,104,2,管理學院,EM,經營管理研究所,F592,M,碩士班,1,,策略管理,3,選,15,6,,9,鄭育仁,M01-422,,,,,"5,6, 7",,,"[{""day"": 5, ""dayName"": ""星期五"", ""periods"": [""5"", ""6"", ""7""], ""raw"": ""5,6, 7""}]",,上課教室：管院422室,https://course.nuk.edu.tw/QueryCourse/tcontent.asp?OpenYear=104&Helf=2&Sclass=EM&Cono=F592,2026-08-26T18:13:36+00:00
104-2-EM-F601-M-1-,104,2,管理學院,EM,經營管理研究所,F601,M,碩士班,1,,產業分析與企業診斷,3,選,15,7,,8,鄭育仁 吳毓麒 楊雅博,M01-423,,,,,"2,3, 4",,,"[{""day"": 5, ""dayName"": ""星期五"", ""periods"": [""2"", ""3"", ""4""], ""raw"": ""2,3, 4""}]",限修,上課教室：管院423室,https://course.nuk.edu.tw/QueryCourse/tcontent.asp?OpenYear=104&Helf=2&Sclass=EM&Cono=F601,2026-08-26T18:13:36+00:00
104-2-EM-F651-M-1-,104,2,管理學院,EM,經營管理研究所,F651,M,碩士班,1,,國際經貿情勢分析,3,選,15,7,,8,蔡穎義 楊雅博,M01-308,"5,6, 7",,,,,,,"[{""day"": 1, ""dayName"": ""星期一"", ""periods"": [""5"", ""6"", ""7""], ""raw"": ""5,6, 7""}]",,上課教室：管院308室,https://course.nuk.edu.tw/QueryCourse/tcontent.asp?OpenYear=104&Helf=2&Sclass=EM&Cono=F651,2026-08-26T18:13:36+00:00
104-2-EM-G702-M-1-,104,2,管理學院,EM,經營管理研究所,G702,M,碩士班,1,,國際競爭策略,3,選,15,6,,9,楊雅博 業界教師,M01-422,,,,"2,3, 4",,,,"[{""day"": 4, ""dayName"": ""星期四"", ""periods"": [""2"", ""3"", ""4""], ""raw"": ""2,3, 4""}]",,上課教室：管院422室,https://course.nuk.edu.tw/QueryCourse/tcontent.asp?OpenYear=104&Helf=2&Sclass=EM&Cono=G702,2026-08-26T18:13:36+00:00
104-2-EM-F500-M-2-,104,2,管理學院,EM,經營管理研究所,F500,M,碩士班,2,,教學實務演練(經營管理研究所),0,選,1,1,,0,李揚,,,X,,,,,,"[{""day"": 2, ""dayName"": ""星期二"", ""periods"": [""X""], ""raw"": ""X""}]",外加,指定加簽，申請擔任學習型兼任教學助理之學生必須修習本課程。,https://course.nuk.edu.tw/QueryCourse/tcontent.asp?OpenYear=104&Helf=2&Sclass=EM&Cono=F500,2026-08-26T18:13:36+00:00
104-2-EM-F631-M-2-,104,2,管理學院,EM,經營管理研究所,F631,M,碩士班,2,,作業管理,3,選,10,8,,2,鄭育仁,M01-422,,,"2,3, 4",,,,,"[{""day"": 3, ""dayName"": ""星期三"", ""periods"": [""2"", ""3"", ""4""], ""raw"": ""2,3, 4""}]",,上課教室：管院422室,https://course.nuk.edu.tw/QueryCourse/tcontent.asp?OpenYear=104&Helf=2&Sclass=EM&Cono=F631,2026-08-26T18:13:36+00:00
104-2-EM-G032-M-2-,104,2,管理學院,EM,經營管理研究所,G032,M,碩士班,2,,專題研討（二）,1,必,15,11,,4,吳毓麒 業界教師,M01-422,,,"5,6, 7",,,,,"[{""day"": 3, ""dayName"": ""星期三"", ""periods"": [""5"", ""6"", ""7""], ""raw"": ""5,6, 7""}]",限修,上課教室：管院422室,https://course.nuk.edu.tw/QueryCourse/tcontent.asp?OpenYear=104&Helf=2&Sclass=EM&Cono=G032,2026-08-26T18:13:36+00:00
104-2-EM-G623-M-2-,104,2,管理學院,EM,經營管理研究所,G623,M,碩士班,2,,產業組織專題,3,選,10,3,,7,鄭育仁,M01-422,"5,6, 7",,,,,,,"[{""day"": 1, ""dayName"": ""星期一"", ""periods"": [""5"", ""6"", ""7""], ""raw"": ""5,6, 7""}]",,上課教室：管院422室,https://course.nuk.edu.tw/QueryCourse/tcontent.asp?OpenYear=104&Helf=2&Sclass=EM&Cono=G623,2026-08-26T18:13:36+00:00
104-2-EM-G628-M-2-,104,2,管理學院,EM,經營管理研究所,G628,M,碩士班,2,,服務行銷專題,3,選,10,8,,2,吳毓麒,M01-308,,,"2,3, 4",,,,,"[{""day"": 3, ""dayName"": ""星期三"", ""periods"": [""2"", ""3"", ""4""], ""raw"": ""2,3, 4""}]",限修,全英語授課，上課教室：管院308室,https://course.nuk.edu.tw/QueryCourse/tcontent.asp?OpenYear=104&Helf=2&Sclass=EM&Cono=G628,2026-08-26T18:13:36+00:00
104-2-EM-G722-M-2-,104,2,管理學院,EM,經營管理研究所,G722,M,碩士班,2,,績效分析,3,選,10,3,,7,李揚,M01-308,"2,3, 4",,,,,,,"[{""day"": 1, ""dayName"": ""星期一"", ""periods"": [""2"", ""3"", ""4""], ""raw"": ""2,3, 4""}]",,上課教室：管院308室、全英語授課,https://course.nuk.edu.tw/QueryCourse/tcontent.asp?OpenYear=104&Helf=2&Sclass=EM&Cono=G722,2026-08-26T18:13:36+00:00
104-2-FI-A01B-A-1-A,104,2,管理學院,FI,財務金融學系,A01B,A,大學部,1,A,經濟學原理(二),3,必,59,58,,1,楊琬如,M01-102,"2,3, 4",,,,,,,"[{""day"": 1, ""dayName"": ""星期一"", ""periods"": [""2"", ""3"", ""4""], ""raw"": ""2,3, 4""}]",限修及外加,M01-102,https://course.nuk.edu.tw/QueryCourse/tcontent.asp?OpenYear=104&Helf=2&Sclass=FI&Cono=A01B,2026-08-26T18:13:36+00:00
104-2-FI-A02B-A-1-A,104,2,管理學院,FI,財務金融學系,A02B,A,大學部,1,A,會計學原理(二),3,必,71,71,,0,高蘭芬,M01-201,,,,,"2,3, 4",,,"[{""day"": 5, ""dayName"": ""星期五"", ""periods"": [""2"", ""3"", ""4""], ""raw"": ""2,3, 4""}]",限修及外加,M01-201,https://course.nuk.edu.tw/QueryCourse/tcontent.asp?OpenYear=104&Helf=2&Sclass=FI&Cono=A02B,2026-08-26T18:13:36+00:00
104-2-FI-A03B-A-1-A,104,2,管理學院,FI,財務金融學系,A03B,A,大學部,1,A,微積分(二),3,必,66,66,,0,蔡明憲,M01-B102,,"5,6, 7",,,,,,"[{""day"": 2, ""dayName"": ""星期二"", ""periods"": [""5"", ""6"", ""7""], ""raw"": ""5,6, 7""}]",外加,,https://course.nuk.edu.tw/QueryCourse/tcontent.asp?OpenYear=104&Helf=2&Sclass=FI&Cono=A03B,2026-08-26T18:13:36+00:00
104-2-FI-A051-A-1-A,104,2,管理學院,FI,財務金融學系,A051,A,大學部,1,A,管理學,3,必,62,62,,0,林聖蒨 鄭育仁,M01-104,,,,"2,3, 4",,,,"[{""day"": 4, ""dayName"": ""星期四"", ""periods"": [""2"", ""3"", ""4""], ""raw"": ""2,3, 4""}]",限修及外加,M01-104,https://course.nuk.edu.tw/QueryCourse/tcontent.asp?OpenYear=104&Helf=2&Sclass=FI&Cono=A051,2026-08-26T18:13:36+00:00
104-2-FI-A061-A-1-A,104,2,管理學院,FI,財務金融學系,A061,A,大學部,1,A,民法概要,2,必,60,60,,0,曾千娟,M01-104,,,,"5,6",,,,"[{""day"": 4, ""dayName"": ""星期四"", ""periods"": [""5"", ""6""], ""raw"": ""5,6""}]",,M01-104,https://course.nuk.edu.tw/QueryCourse/tcontent.asp?OpenYear=104&Helf=2&Sclass=FI&Cono=A061,2026-08-26T18:13:36+00:00
104-2-FI-B01B-A-2-A,104,2,管理學院,FI,財務金融學系,B01B,A,大學部,2,A,財務管理(二),3,必,85,73,,12,黃一祥,M01-B102,,,,,"5,6, 7",,,"[{""day"": 5, ""dayName"": ""星期五"", ""periods"": [""5"", ""6"", ""7""], ""raw"": ""5,6, 7""}]",,M01-B102,https://course.nuk.edu.tw/QueryCourse/tcontent.asp?OpenYear=104&Helf=2&Sclass=FI&Cono=B01B,2026-08-26T18:13:36+00:00
104-2-FI-B051-A-2-A,104,2,管理學院,FI,財務金融學系,B051,A,大學部,2,A,投資學,3,必,86,80,,6,黃一祥,M01-201,,,,"5,6, 7",,,,"[{""day"": 4, ""dayName"": ""星期四"", ""periods"": [""5"", ""6"", ""7""], ""raw"": ""5,6, 7""}]",外加,M01-201,https://course.nuk.edu.tw/QueryCourse/tcontent.asp?OpenYear=104&Helf=2&Sclass=FI&Cono=B051,2026-08-26T18:13:36+00:00
104-2-FI-B07B-A-2-A,104,2,管理學院,FI,財務金融學系,B07B,A,大學部,2,A,統計學(二),3,必,65,61,,4,余歆儀,M01-103,"2,3, 4",,,,,,,"[{""day"": 1, ""dayName"": ""星期一"", ""periods"": [""2"", ""3"", ""4""], ""raw"": ""2,3, 4""}]",,M01-103,https://course.nuk.edu.tw/QueryCourse/tcontent.asp?OpenYear=104&Helf=2&Sclass=FI&Cono=B07B,2026-08-26T18:13:36+00:00
104-2-FI-B52B-A-2-A,104,2,管理學院,FI,財務金融學系,B52B,A,大學部,2,A,中級會計學(二),3,選,60,49,,11,余文彬,M01-104,,"5,6, 7",,,,,,"[{""day"": 2, ""dayName"": ""星期二"", ""periods"": [""5"", ""6"", ""7""], ""raw"": ""5,6, 7""}]",,M01-104,https://course.nuk.edu.tw/QueryCourse/tcontent.asp?OpenYear=104&Helf=2&Sclass=FI&Cono=B52B,2026-08-26T18:13:36+00:00
104-2-FI-B661-A-2-A,104,2,管理學院,FI,財務金融學系,B661,A,大學部,2,A,貨幣銀行學,3,選,57,47,,10,蔡怡純,M01-102,,,,,"2,3, 4",,,"[{""day"": 5, ""dayName"": ""星期五"", ""periods"": [""2"", ""3"", ""4""], ""raw"": ""2,3, 4""}]",限修及外加,M01-102,https://course.nuk.edu.tw/QueryCourse/tcontent.asp?OpenYear=104&Helf=2&Sclass=FI&Cono=B661,2026-08-26T18:13:36+00:00
104-2-FI-B69B-A-2-A,104,2,管理學院,FI,財務金融學系,B69B,A,大學部,2,A,個體經濟學(二),3,選,60,25,,35,楊琬如,M01-102,,"2,3, 4",,,,,,"[{""day"": 2, ""dayName"": ""星期二"", ""periods"": [""2"", ""3"", ""4""], ""raw"": ""2,3, 4""}]",先修 限修,M01-102,https://course.nuk.edu.tw/QueryCourse/tcontent.asp?OpenYear=104&Helf=2&Sclass=FI&Cono=B69B,2026-08-26T18:13:36+00:00
104-2-FI-B721-A-2-A,104,2,管理學院,FI,財務金融學系,B721,A,大學部,2,A,投資與財務規劃,3,選,30,21,,9,王功亮,M01-104,,,"2,3, 4",,,,,"[{""day"": 3, ""dayName"": ""星期三"", ""periods"": [""2"", ""3"", ""4""], ""raw"": ""2,3, 4""}]",學程,M01-104（全英語授課，隸屬財經管理與資訊應用全英語學程）,https://course.nuk.edu.tw/QueryCourse/tcontent.asp?OpenYear=104&Helf=2&Sclass=FI&Cono=B721,2026-08-26T18:13:36+00:00
104-2-FI-B741-A-3-A,104,2,管理學院,FI,財務金融學系,B741,A,大學部,3,A,選擇權計價理論簡介,3,選,26,25,,1,王文楷,M01-108,,,,"2,3, 4",,,,"[{""day"": 4, ""dayName"": ""星期四"", ""periods"": [""2"", ""3"", ""4""], ""raw"": ""2,3, 4""}]",外加 學程,與大四合開、全英語授課，隸屬財經管理與資訊應用全英語學程,https://course.nuk.edu.tw/QueryCourse/tcontent.asp?OpenYear=104&Helf=2&Sclass=FI&Cono=B741,2026-08-26T18:13:36+00:00
104-2-FI-C031-A-3-A,104,2,管理學院,FI,財務金融學系,C031,A,大學部,3,A,國際財務管理,3,必,60,50,,10,陳怡凱,M01-104,"2,3, 4",,,,,,,"[{""day"": 1, ""dayName"": ""星期一"", ""periods"": [""2"", ""3"", ""4""], ""raw"": ""2,3, 4""}]",,M01-104,https://course.nuk.edu.tw/QueryCourse/tcontent.asp?OpenYear=104&Helf=2&Sclass=FI&Cono=C031,2026-08-26T18:13:36+00:00
104-2-FI-C041-A-3-A,104,2,管理學院,FI,財務金融學系,C041,A,大學部,3,A,投資組合管理,3,必,60,57,,3,張志向,M01-103,,,"2,3, 4",,,,,"[{""day"": 3, ""dayName"": ""星期三"", ""periods"": [""2"", ""3"", ""4""], ""raw"": ""2,3, 4""}]",,M01-103,https://course.nuk.edu.tw/QueryCourse/tcontent.asp?OpenYear=104&Helf=2&Sclass=FI&Cono=C041,2026-08-26T18:13:36+00:00
104-2-FI-C531-A-3-A,104,2,管理學院,FI,財務金融學系,C531,A,大學部,3,A,財務報表分析,3,選,47,47,,0,高蘭芬,M01-B104,,"5,6, 7",,,,,,"[{""day"": 2, ""dayName"": ""星期二"", ""periods"": [""5"", ""6"", ""7""], ""raw"": ""5,6, 7""}]",限修及外加,M01-B104（與大四合開）,https://course.nuk.edu.tw/QueryCourse/tcontent.asp?OpenYear=104&Helf=2&Sclass=FI&Cono=C531,2026-08-26T18:13:36+00:00
104-2-FI-C73B-A-3-A,104,2,管理學院,FI,財務金融學系,C73B,A,大學部,3,A,財務工程(二),3,選,15,15,,0,王文楷,M01-203,"5,6, 7",,,,,,,"[{""day"": 1, ""dayName"": ""星期一"", ""periods"": [""5"", ""6"", ""7""], ""raw"": ""5,6, 7""}]",外加,M01-203,https://course.nuk.edu.tw/QueryCourse/tcontent.asp?OpenYear=104&Helf=2&Sclass=FI&Cono=C73B,2026-08-26T18:13:36+00:00
104-2-FI-D592-A-3-A,104,2,管理學院,FI,財務金融學系,D592,A,大學部,3,A,資產評價,3,選,40,40,,0,余歆儀,M01-208,,"2,3, 4",,,,,,"[{""day"": 2, ""dayName"": ""星期二"", ""periods"": [""2"", ""3"", ""4""], ""raw"": ""2,3, 4""}]",限修及外加,與大四合開,https://course.nuk.edu.tw/QueryCourse/tcontent.asp?OpenYear=104&Helf=2&Sclass=FI&Cono=D592,2026-08-26T18:13:36+00:00
104-2-FI-B641-A-4-A,104,2,管理學院,FI,財務金融學系,B641,A,大學部,4,A,行為財務,3,選,60,51,,9,張志向,M01-104,"6,7, 8",,,,,,,"[{""day"": 1, ""dayName"": ""星期一"", ""periods"": [""6"", ""7"", ""8""], ""raw"": ""6,7, 8""}]",,M01-104,https://course.nuk.edu.tw/QueryCourse/tcontent.asp?OpenYear=104&Helf=2&Sclass=FI&Cono=B641,2026-08-26T18:13:36+00:00
104-2-FI-B741-A-4-A,104,2,管理學院,FI,財務金融學系,B741,A,大學部,4,A,選擇權計價理論簡介,3,選,26,25,,1,王文楷,M01-108,,,,"2,3, 4",,,,"[{""day"": 4, ""dayName"": ""星期四"", ""periods"": [""2"", ""3"", ""4""], ""raw"": ""2,3, 4""}]",外加 學程,與大三合開、全英語授課，隸屬財經管理與資訊應用全英語學程,https://course.nuk.edu.tw/QueryCourse/tcontent.asp?OpenYear=104&Helf=2&Sclass=FI&Cono=B741,2026-08-26T18:13:36+00:00
104-2-FI-C531-A-4-A,104,2,管理學院,FI,財務金融學系,C531,A,大學部,4,A,財務報表分析,3,選,47,47,,0,高蘭芬,M01-B104,,"5,6, 7",,,,,,"[{""day"": 2, ""dayName"": ""星期二"", ""periods"": [""5"", ""6"", ""7""], ""raw"": ""5,6, 7""}]",限修及外加,M01-B104（與大三合開）,https://course.nuk.edu.tw/QueryCourse/tcontent.asp?OpenYear=104&Helf=2&Sclass=FI&Cono=C531,2026-08-26T18:13:36+00:00
104-2-FI-D581-A-4-A,104,2,管理學院,FI,財務金融學系,D581,A,大學部,4,A,金融倫理,3,選,41,40,,1,王功亮,M01-104,,,,,"2,3, 4",,,"[{""day"": 5, ""dayName"": ""星期五"", ""periods"": [""2"", ""3"", ""4""], ""raw"": ""2,3, 4""}]",外加 學程,M01-104(全英語授課，隸屬財經管理與資訊應用全英語學程),https://course.nuk.edu.tw/QueryCourse/tcontent.asp?OpenYear=104&Helf=2&Sclass=FI&Cono=D581,2026-08-26T18:13:36+00:00
104-2-FI-D592-A-4-A,104,2,管理學院,FI,財務金融學系,D592,A,大學部,4,A,資產評價,3,選,40,40,,0,余歆儀,M01-208,,"2,3, 4",,,,,,"[{""day"": 2, ""dayName"": ""星期二"", ""periods"": [""2"", ""3"", ""4""], ""raw"": ""2,3, 4""}]",限修及外加,與大三合開,https://course.nuk.edu.tw/QueryCourse/tcontent.asp?OpenYear=104&Helf=2&Sclass=FI&Cono=D592,2026-08-26T18:13:36+00:00
104-2-FI-F00B-M-1-,104,2,管理學院,FI,財務金融學系,F00B,M,碩士班,1,,財務專題研討(二),2,必,15,11,,4,楊琬如 業界教師,M01-203,,,"6,7",,,,,"[{""day"": 3, ""dayName"": ""星期三"", ""periods"": [""6"", ""7""], ""raw"": ""6,7""}]",限修,M01-203,https://course.nuk.edu.tw/QueryCourse/tcontent.asp?OpenYear=104&Helf=2&Sclass=FI&Cono=F00B,2026-08-26T18:13:36+00:00
104-2-FI-F031-M-1-,104,2,管理學院,FI,財務金融學系,F031,M,碩士班,1,,期貨與選擇權,3,必,15,11,,4,蔡明憲,M01-306,"6,7, 8",,,,,,,"[{""day"": 1, ""dayName"": ""星期一"", ""periods"": [""6"", ""7"", ""8""], ""raw"": ""6,7, 8""}]",,M01-306,https://course.nuk.edu.tw/QueryCourse/tcontent.asp?OpenYear=104&Helf=2&Sclass=FI&Cono=F031,2026-08-26T18:13:36+00:00
104-2-FI-F041-M-1-,104,2,管理學院,FI,財務金融學系,F041,M,碩士班,1,,投資學,3,必,15,11,,4,黃一祥,M01-306,,,,"2,3, 4",,,,"[{""day"": 4, ""dayName"": ""星期四"", ""periods"": [""2"", ""3"", ""4""], ""raw"": ""2,3, 4""}]",,M01-306,https://course.nuk.edu.tw/QueryCourse/tcontent.asp?OpenYear=104&Helf=2&Sclass=FI&Cono=F041,2026-08-26T18:13:36+00:00
104-2-FI-F051-M-1-,104,2,管理學院,FI,財務金融學系,F051,M,碩士班,1,,國際財務管理,3,必,15,11,,4,蔡怡純,M01-306,,,"2,3, 4",,,,,"[{""day"": 3, ""dayName"": ""星期三"", ""periods"": [""2"", ""3"", ""4""], ""raw"": ""2,3, 4""}]",限修,M01-306,https://course.nuk.edu.tw/QueryCourse/tcontent.asp?OpenYear=104&Helf=2&Sclass=FI&Cono=F051,2026-08-26T18:13:36+00:00
104-2-FI-F500-M-1-,104,2,管理學院,FI,財務金融學系,F500,M,碩士班,1,,教學實務演練(金融管理學系),0,選,10,10,,0,蔡明憲,,,X,,,,,,"[{""day"": 2, ""dayName"": ""星期二"", ""periods"": [""X""], ""raw"": ""X""}]",外加,指定加簽，申請擔任學習型兼任教學助理之學生必須修習本課程。,https://course.nuk.edu.tw/QueryCourse/tcontent.asp?OpenYear=104&Helf=2&Sclass=FI&Cono=F500,2026-08-26T18:13:36+00:00
104-2-FI-F561-M-1-,104,2,管理學院,FI,財務金融學系,F561,M,碩士班,1,,財務工程,3,選,6,5,,1,王文楷,M01-203,,,,,"5,6, 7",,,"[{""day"": 5, ""dayName"": ""星期五"", ""periods"": [""5"", ""6"", ""7""], ""raw"": ""5,6, 7""}]",先修,M01-203,https://course.nuk.edu.tw/QueryCourse/tcontent.asp?OpenYear=104&Helf=2&Sclass=FI&Cono=F561,2026-08-26T18:13:36+00:00
104-2-FI-G521-M-1-,104,2,管理學院,FI,財務金融學系,G521,M,碩士班,1,,資產評價,3,選,13,12,,1,余歆儀,M01-203,,,,,"2,3, 4",,,"[{""day"": 5, ""dayName"": ""星期五"", ""periods"": [""2"", ""3"", ""4""], ""raw"": ""2,3, 4""}]",限修及外加,M01-203（與碩二合開）,https://course.nuk.edu.tw/QueryCourse/tcontent.asp?OpenYear=104&Helf=2&Sclass=FI&Cono=G521,2026-08-26T18:13:36+00:00
104-2-FI-F00D-M-2-,104,2,管理學院,FI,財務金融學系,F00D,M,碩士班,2,,財務專題研討(四),2,必,15,12,,3,黃一祥,M01-203,,,"6,7",,,,,"[{""day"": 3, ""dayName"": ""星期三"", ""periods"": [""6"", ""7""], ""raw"": ""6,7""}]",限修,M01-203,https://course.nuk.edu.tw/QueryCourse/tcontent.asp?OpenYear=104&Helf=2&Sclass=FI&Cono=F00D,2026-08-26T18:13:36+00:00
104-2-FI-F522-M-2-,104,2,管理學院,FI,財務金融學系,F522,M,碩士班,2,,金融市場,3,選,11,11,,0,陳怡凱,M01-203,,,"2,3, 4",,,,,"[{""day"": 3, ""dayName"": ""星期三"", ""periods"": [""2"", ""3"", ""4""], ""raw"": ""2,3, 4""}]",,M01-203,https://course.nuk.edu.tw/QueryCourse/tcontent.asp?OpenYear=104&Helf=2&Sclass=FI&Cono=F522,2026-08-26T18:13:36+00:00
104-2-FI-F592-M-2-,104,2,管理學院,FI,財務金融學系,F592,M,碩士班,2,,財務實證研究,3,選,15,4,,11,張志向,M01-306,"2,3, 4",,,,,,,"[{""day"": 1, ""dayName"": ""星期一"", ""periods"": [""2"", ""3"", ""4""], ""raw"": ""2,3, 4""}]",限修,M01-306,https://course.nuk.edu.tw/QueryCourse/tcontent.asp?OpenYear=104&Helf=2&Sclass=FI&Cono=F592,2026-08-26T18:13:36+00:00
104-2-FI-G501-M-2-,104,2,管理學院,FI,財務金融學系,G501,M,碩士班,2,,金融倫理,3,選,16,14,,2,王功亮,M01-203,,,,"5,6, 7",,,,"[{""day"": 4, ""dayName"": ""星期四"", ""periods"": [""5"", ""6"", ""7""], ""raw"": ""5,6, 7""}]",外加,M01-203,https://course.nuk.edu.tw/QueryCourse/tcontent.asp?OpenYear=104&Helf=2&Sclass=FI&Cono=G501,2026-08-26T18:13:36+00:00
104-2-FI-G521-M-2-,104,2,管理學院,FI,財務金融學系,G521,M,碩士班,2,,資產評價,3,選,13,12,,1,余歆儀,M01-203,,,,,"2,3, 4",,,"[{""day"": 5, ""dayName"": ""星期五"", ""periods"": [""2"", ""3"", ""4""], ""raw"": ""2,3, 4""}]",限修及外加,M01-203（與碩一合開）,https://course.nuk.edu.tw/QueryCourse/tcontent.asp?OpenYear=104&Helf=2&Sclass=FI&Cono=G521,2026-08-26T18:13:36+00:00
104-2-IBA-O593-E-1-,104,2,管理學院,IBA,國際高階經營管理碩士在職專班,O593,E,高階經營管理碩士在職專班,1,,行銷管理,3,選,10,2,,8,郭英峰 楊書成,,,,,,,"2,3, 4,5, 6,7",,"[{""day"": 6, ""dayName"": ""星期六"", ""periods"": [""2"", ""3"", ""4"", ""5"", ""6"", ""7""], ""raw"": ""2,3, 4,5, 6,7""}]",,越南班,https://course.nuk.edu.tw/QueryCourse/tcontent.asp?OpenYear=104&Helf=2&Sclass=IBA&Cono=O593,2026-08-26T18:13:36+00:00
104-2-IBA-O601-E-1-,104,2,管理學院,IBA,國際高階經營管理碩士在職專班,O601,E,高階經營管理碩士在職專班,1,,國際企業管理,3,選,10,2,,8,李揚,,,,,,,"2,3, 4,5, 6,7",,"[{""day"": 6, ""dayName"": ""星期六"", ""periods"": [""2"", ""3"", ""4"", ""5"", ""6"", ""7""], ""raw"": ""2,3, 4,5, 6,7""}]",,海西班,https://course.nuk.edu.tw/QueryCourse/tcontent.asp?OpenYear=104&Helf=2&Sclass=IBA&Cono=O601,2026-08-26T18:13:36+00:00
104-2-IBA-O626-E-1-,104,2,管理學院,IBA,國際高階經營管理碩士在職專班,O626,E,高階經營管理碩士在職專班,1,,服務業管理,3,選,10,5,,5,莊寶鵰,,,,,,,"8,9, 10,11, 12,13",,"[{""day"": 6, ""dayName"": ""星期六"", ""periods"": [""8"", ""9"", ""10"", ""11"", ""12"", ""13""], ""raw"": ""8,9, 10,11, 12,13""}]",,海西班,https://course.nuk.edu.tw/QueryCourse/tcontent.asp?OpenYear=104&Helf=2&Sclass=IBA&Cono=O626,2026-08-26T18:13:36+00:00
104-2-IBA-O706-E-1-,104,2,管理學院,IBA,國際高階經營管理碩士在職專班,O706,E,高階經營管理碩士在職專班,1,,金融市場與投資,3,選,10,2,,8,翁銘章,,,,,,,,"2,3, 4,5, 6,7","[{""day"": 7, ""dayName"": ""星期日"", ""periods"": [""2"", ""3"", ""4"", ""5"", ""6"", ""7""], ""raw"": ""2,3, 4,5, 6,7""}]",,海西班,https://course.nuk.edu.tw/QueryCourse/tcontent.asp?OpenYear=104&Helf=2&Sclass=IBA&Cono=O706,2026-08-26T18:13:36+00:00
104-2-IBA-O716-E-1-,104,2,管理學院,IBA,國際高階經營管理碩士在職專班,O716,E,高階經營管理碩士在職專班,1,,全球競爭力分析,3,選,10,4,,6,李博志,,,,,,,,"2,3, 4,5, 6,7","[{""day"": 7, ""dayName"": ""星期日"", ""periods"": [""2"", ""3"", ""4"", ""5"", ""6"", ""7""], ""raw"": ""2,3, 4,5, 6,7""}]",,越南班,https://course.nuk.edu.tw/QueryCourse/tcontent.asp?OpenYear=104&Helf=2&Sclass=IBA&Cono=O716,2026-08-26T18:13:36+00:00
104-2-IBA-O12B-E-2-,104,2,管理學院,IBA,國際高階經營管理碩士在職專班,O12B,E,高階經營管理碩士在職專班,2,,碩士論文(下)-(越南班),3,必,10,3,,7,李亭林 楊書成 丁一賢,,X,X,X,,,,,"[{""day"": 1, ""dayName"": ""星期一"", ""periods"": [""X""], ""raw"": ""X""}, {""day"": 2, ""dayName"": ""星期二"", ""periods"": [""X""], ""raw"": ""X""}, {""day"": 3, ""dayName"": ""星期三"", ""periods"": [""X""], ""raw"": ""X""}]",,越南班,https://course.nuk.edu.tw/QueryCourse/tcontent.asp?OpenYear=104&Helf=2&Sclass=IBA&Cono=O12B,2026-08-26T18:13:36+00:00
104-2-IBA-O16B-E-2-,104,2,管理學院,IBA,國際高階經營管理碩士在職專班,O16B,E,高階經營管理碩士在職專班,2,,碩士論文(下)-(海西班),3,必,10,3,,7,吳建興 楊書成,,X,X,X,,,,,"[{""day"": 1, ""dayName"": ""星期一"", ""periods"": [""X""], ""raw"": ""X""}, {""day"": 2, ""dayName"": ""星期二"", ""periods"": [""X""], ""raw"": ""X""}, {""day"": 3, ""dayName"": ""星期三"", ""periods"": [""X""], ""raw"": ""X""}]",,海西班,https://course.nuk.edu.tw/QueryCourse/tcontent.asp?OpenYear=104&Helf=2&Sclass=IBA&Cono=O16B,2026-08-26T18:13:36+00:00
104-2-IM-A051-A-1-A,104,2,管理學院,IM,資訊管理學系,A051,A,大學部,1,A,微積分,3,必,60,60,,0,蕭漢威,M01-206,,,,"2,3, 4",,,,"[{""day"": 4, ""dayName"": ""星期四"", ""periods"": [""2"", ""3"", ""4""], ""raw"": ""2,3, 4""}]",限修,教室為M01-206,https://course.nuk.edu.tw/QueryCourse/tcontent.asp?OpenYear=104&Helf=2&Sclass=IM&Cono=A051,2026-08-26T18:13:36+00:00
104-2-IM-A081-A-1-A,104,2,管理學院,IM,資訊管理學系,A081,A,大學部,1,A,會計學,3,必,63,62,,1,吳佳玲,M01-201,,,,,"5,6, 7",,,"[{""day"": 5, ""dayName"": ""星期五"", ""periods"": [""5"", ""6"", ""7""], ""raw"": ""5,6, 7""}]",限修及外加,教室為M01-201,https://course.nuk.edu.tw/QueryCourse/tcontent.asp?OpenYear=104&Helf=2&Sclass=IM&Cono=A081,2026-08-26T18:13:36+00:00
104-2-IM-A15A-A-1-A,104,2,管理學院,IM,資訊管理學系,A15A,A,大學部,1,A,物件導向程式設計Ⅰ,3,必,67,66,,1,丁一賢 業界教師,L01-108,,,,"5,6, 7",,,,"[{""day"": 4, ""dayName"": ""星期四"", ""periods"": [""5"", ""6"", ""7""], ""raw"": ""5,6, 7""}]",限修及外加,教室為L01-108,https://course.nuk.edu.tw/QueryCourse/tcontent.asp?OpenYear=104&Helf=2&Sclass=IM&Cono=A15A,2026-08-26T18:13:36+00:00
104-2-IM-B081-A-1-A,104,2,管理學院,IM,資訊管理學系,B081,A,大學部,1,A,資訊管理導論,3,必,60,52,,8,林杏子,M01-205,,,"2,3, 4",,,,,"[{""day"": 3, ""dayName"": ""星期三"", ""periods"": [""2"", ""3"", ""4""], ""raw"": ""2,3, 4""}]",限修,教室為M01-205,https://course.nuk.edu.tw/QueryCourse/tcontent.asp?OpenYear=104&Helf=2&Sclass=IM&Cono=B081,2026-08-26T18:13:36+00:00
104-2-IM-D531-A-1-A,104,2,管理學院,IM,資訊管理學系,D531,A,大學部,1,A,數位遊戲設計,3,選,60,35,,25,趙建雄 陶幼慧 楊書成 丁一賢 王凱,L01-108,,,,,"3,4, Y",,,"[{""day"": 5, ""dayName"": ""星期五"", ""periods"": [""3"", ""4"", ""Y""], ""raw"": ""3,4, Y""}]",,與資管大一、大二、大三、大四合開,https://course.nuk.edu.tw/QueryCourse/tcontent.asp?OpenYear=104&Helf=2&Sclass=IM&Cono=D531,2026-08-26T18:13:36+00:00
104-2-IM-B02B-A-2-A,104,2,管理學院,IM,資訊管理學系,B02B,A,大學部,2,A,統計學(二),3,必,51,42,,9,楊書成,M01-205,,"2,3, 4",,,,,,"[{""day"": 2, ""dayName"": ""星期二"", ""periods"": [""2"", ""3"", ""4""], ""raw"": ""2,3, 4""}]",限修及外加,教室為M01-205,https://course.nuk.edu.tw/QueryCourse/tcontent.asp?OpenYear=104&Helf=2&Sclass=IM&Cono=B02B,2026-08-26T18:13:36+00:00
104-2-IM-B051-A-2-A,104,2,管理學院,IM,資訊管理學系,B051,A,大學部,2,A,資料庫管理,3,必,57,54,,3,楊書成,L01-108,,,"5,6, 7",,,,,"[{""day"": 3, ""dayName"": ""星期三"", ""periods"": [""5"", ""6"", ""7""], ""raw"": ""5,6, 7""}]",限修及外加,教室為L01-108,https://course.nuk.edu.tw/QueryCourse/tcontent.asp?OpenYear=104&Helf=2&Sclass=IM&Cono=B051,2026-08-26T18:13:36+00:00
104-2-IM-B101-A-2-A,104,2,管理學院,IM,資訊管理學系,B101,A,大學部,2,A,電子商務,3,必,58,51,,7,王凱,M01-206,,,"2,3, 4",,,,,"[{""day"": 3, ""dayName"": ""星期三"", ""periods"": [""2"", ""3"", ""4""], ""raw"": ""2,3, 4""}]",限修及外加,教室為M01-206,https://course.nuk.edu.tw/QueryCourse/tcontent.asp?OpenYear=104&Helf=2&Sclass=IM&Cono=B101,2026-08-26T18:13:36+00:00
104-2-IM-B121-A-2-A,104,2,管理學院,IM,資訊管理學系,B121,A,大學部,2,A,網頁程式設計,3,必,60,44,,16,丁一賢,L01-108,,,,"2,3, 4",,,,"[{""day"": 4, ""dayName"": ""星期四"", ""periods"": [""2"", ""3"", ""4""], ""raw"": ""2,3, 4""}]",限修,教室為L01-108,https://course.nuk.edu.tw/QueryCourse/tcontent.asp?OpenYear=104&Helf=2&Sclass=IM&Cono=B121,2026-08-26T18:13:36+00:00
104-2-IM-B651-A-2-A,104,2,管理學院,IM,資訊管理學系,B651,A,大學部,2,A,科技英文,3,選,16,7,,9,王學亮,M01-302,,,,,"5,6, 7",,,"[{""day"": 5, ""dayName"": ""星期五"", ""periods"": [""5"", ""6"", ""7""], ""raw"": ""5,6, 7""}]",限修及外加 學程,教室為M01-302（全英語授課-財經管理與資訊應用全英語學程）,https://course.nuk.edu.tw/QueryCourse/tcontent.asp?OpenYear=104&Helf=2&Sclass=IM&Cono=B651,2026-08-26T18:13:36+00:00
104-2-IM-C721-A-2-A,104,2,管理學院,IM,資訊管理學系,C721,A,大學部,2,A,Python程式設計,3,選,37,29,,8,蕭漢威,L01-107,,,,"5,6, 7",,,,"[{""day"": 4, ""dayName"": ""星期四"", ""periods"": [""5"", ""6"", ""7""], ""raw"": ""5,6, 7""}]",外加,限資管系選修，外系同學欲選修可洽任課老師指定加簽之，教室為L01-107,https://course.nuk.edu.tw/QueryCourse/tcontent.asp?OpenYear=104&Helf=2&Sclass=IM&Cono=C721,2026-08-26T18:13:36+00:00
104-2-IM-D531-A-2-A,104,2,管理學院,IM,資訊管理學系,D531,A,大學部,2,A,數位遊戲設計,3,選,60,35,,25,趙建雄 陶幼慧 楊書成 丁一賢 王凱,L01-108,,,,,"3,4, Y",,,"[{""day"": 5, ""dayName"": ""星期五"", ""periods"": [""3"", ""4"", ""Y""], ""raw"": ""3,4, Y""}]",,與資管大一、大二、大三、大四合開,https://course.nuk.edu.tw/QueryCourse/tcontent.asp?OpenYear=104&Helf=2&Sclass=IM&Cono=D531,2026-08-26T18:13:36+00:00
104-2-IM-B621-A-3-A,104,2,管理學院,IM,資訊管理學系,B621,A,大學部,3,A,人力資源管理,3,選,27,26,,1,郭英峰,M01-205,"5,6, 7",,,,,,,"[{""day"": 1, ""dayName"": ""星期一"", ""periods"": [""5"", ""6"", ""7""], ""raw"": ""5,6, 7""}]",限修及外加,限資管系選修，外系同學欲選修可洽任課老師指定加簽之，教室為M01-205,https://course.nuk.edu.tw/QueryCourse/tcontent.asp?OpenYear=104&Helf=2&Sclass=IM&Cono=B621,2026-08-26T18:13:36+00:00
104-2-IM-C03A-A-3-A,104,2,管理學院,IM,資訊管理學系,C03A,A,大學部,3,A,專案開發I(A),3,必,12,9,,3,蕭漢威 楊新章,M01-205,"2,3, 4",,,,,,,"[{""day"": 1, ""dayName"": ""星期一"", ""periods"": [""2"", ""3"", ""4""], ""raw"": ""2,3, 4""}]",限修,請蕭漢威老師、楊新章老師指導之學生組選修之，教室為M01-205,https://course.nuk.edu.tw/QueryCourse/tcontent.asp?OpenYear=104&Helf=2&Sclass=IM&Cono=C03A,2026-08-26T18:13:36+00:00
104-2-IM-C03B-A-3-A,104,2,管理學院,IM,資訊管理學系,C03B,A,大學部,3,A,專案開發I(B),3,必,12,8,,4,趙建雄 王學亮,M01-205,"2,3, 4",,,,,,,"[{""day"": 1, ""dayName"": ""星期一"", ""periods"": [""2"", ""3"", ""4""], ""raw"": ""2,3, 4""}]",限修,請王學亮老師、趙建雄老師指導之學生組選修之，教室為M01-205,https://course.nuk.edu.tw/QueryCourse/tcontent.asp?OpenYear=104&Helf=2&Sclass=IM&Cono=C03B,2026-08-26T18:13:36+00:00
104-2-IM-C03C-A-3-A,104,2,管理學院,IM,資訊管理學系,C03C,A,大學部,3,A,專案開發I(C),3,必,12,10,,2,林杏子 楊書成,M01-205,"2,3, 4",,,,,,,"[{""day"": 1, ""dayName"": ""星期一"", ""periods"": [""2"", ""3"", ""4""], ""raw"": ""2,3, 4""}]",限修,請林杏子老師、楊書成老師指導之學生組選修之，教室為M01-205,https://course.nuk.edu.tw/QueryCourse/tcontent.asp?OpenYear=104&Helf=2&Sclass=IM&Cono=C03C,2026-08-26T18:13:36+00:00
104-2-IM-C03D-A-3-A,104,2,管理學院,IM,資訊管理學系,C03D,A,大學部,3,A,專案開發I(D),3,必,13,9,,4,陶幼慧,M01-205,"2,3, 4",,,,,,,"[{""day"": 1, ""dayName"": ""星期一"", ""periods"": [""2"", ""3"", ""4""], ""raw"": ""2,3, 4""}]",限修及外加,請陶幼慧老師、吳建興老師指導之學生組選修之，教室為M01-205,https://course.nuk.edu.tw/QueryCourse/tcontent.asp?OpenYear=104&Helf=2&Sclass=IM&Cono=C03D,2026-08-26T18:13:36+00:00
104-2-IM-C03E-A-3-A,104,2,管理學院,IM,資訊管理學系,C03E,A,大學部,3,A,專案開發I(E),3,必,12,8,,4,郭英峰 丁一賢,M01-205,"2,3, 4",,,,,,,"[{""day"": 1, ""dayName"": ""星期一"", ""periods"": [""2"", ""3"", ""4""], ""raw"": ""2,3, 4""}]",限修,請郭英峰老師、丁一賢老師指導之學生組選修之，教室為M01-205,https://course.nuk.edu.tw/QueryCourse/tcontent.asp?OpenYear=104&Helf=2&Sclass=IM&Cono=C03E,2026-08-26T18:13:36+00:00
104-2-IM-C041-A-3-A,104,2,管理學院,IM,資訊管理學系,C041,A,大學部,3,A,作業系統,3,必,60,54,,6,楊新章,M01-204,,"5,6, 7",,,,,,"[{""day"": 2, ""dayName"": ""星期二"", ""periods"": [""5"", ""6"", ""7""], ""raw"": ""5,6, 7""}]",限修,教室為M01-204,https://course.nuk.edu.tw/QueryCourse/tcontent.asp?OpenYear=104&Helf=2&Sclass=IM&Cono=C041,2026-08-26T18:13:36+00:00
104-2-IM-C562-A-3-A,104,2,管理學院,IM,資訊管理學系,C562,A,大學部,3,A,企業資源規劃與供應鏈管理,3,選,65,22,,43,趙建雄,M01-205,,,"5,6, 7",,,,,"[{""day"": 3, ""dayName"": ""星期三"", ""periods"": [""5"", ""6"", ""7""], ""raw"": ""5,6, 7""}]",限修及外加,教室為M01-205,https://course.nuk.edu.tw/QueryCourse/tcontent.asp?OpenYear=104&Helf=2&Sclass=IM&Cono=C562,2026-08-26T18:13:36+00:00
104-2-IM-C643-A-3-A,104,2,管理學院,IM,資訊管理學系,C643,A,大學部,3,A,行動商務,3,選,53,25,,28,趙建雄,M01-205,,,,"2,3, 4",,,,"[{""day"": 4, ""dayName"": ""星期四"", ""periods"": [""2"", ""3"", ""4""], ""raw"": ""2,3, 4""}]",限修及外加,限資管系選修，外系同學欲選修可洽任課老師指定加簽之，教室為M01-205,https://course.nuk.edu.tw/QueryCourse/tcontent.asp?OpenYear=104&Helf=2&Sclass=IM&Cono=C643,2026-08-26T18:13:36+00:00
104-2-IM-C662-A-3-A,104,2,管理學院,IM,資訊管理學系,C662,A,大學部,3,A,Web 前端開發,3,選,30,29,,1,廖洧杰,L01-108,"10,11, 12",,,,,,,"[{""day"": 1, ""dayName"": ""星期一"", ""periods"": [""10"", ""11"", ""12""], ""raw"": ""10,11, 12""}]",限修,與資管大四合開，教室為L01-108,https://course.nuk.edu.tw/QueryCourse/tcontent.asp?OpenYear=104&Helf=2&Sclass=IM&Cono=C662,2026-08-26T18:13:36+00:00
104-2-IM-C683-A-3-A,104,2,管理學院,IM,資訊管理學系,C683,A,大學部,3,A,CCNA網路認證課程,3,選,60,23,,37,趙志宏,L01-108,,,,"9,10, 11",,,,"[{""day"": 4, ""dayName"": ""星期四"", ""periods"": [""9"", ""10"", ""11""], ""raw"": ""9,10, 11""}]",限修,教室為L01-108,https://course.nuk.edu.tw/QueryCourse/tcontent.asp?OpenYear=104&Helf=2&Sclass=IM&Cono=C683,2026-08-26T18:13:36+00:00
104-2-IM-C711-A-3-A,104,2,管理學院,IM,資訊管理學系,C711,A,大學部,3,A,英文簡報技巧,3,選,15,8,,7,陶幼慧,M01-417,,"2,3, 4",,,,,,"[{""day"": 2, ""dayName"": ""星期二"", ""periods"": [""2"", ""3"", ""4""], ""raw"": ""2,3, 4""}]",限修 學程,教室為M01-417（全英語授課-財經管理與資訊應用全英語學程）,https://course.nuk.edu.tw/QueryCourse/tcontent.asp?OpenYear=104&Helf=2&Sclass=IM&Cono=C711,2026-08-26T18:13:36+00:00
104-2-IM-D531-A-3-A,104,2,管理學院,IM,資訊管理學系,D531,A,大學部,3,A,數位遊戲設計,3,選,60,35,,25,趙建雄 陶幼慧 楊書成 丁一賢 王凱,L01-108,,,,,"3,4, Y",,,"[{""day"": 5, ""dayName"": ""星期五"", ""periods"": [""3"", ""4"", ""Y""], ""raw"": ""3,4, Y""}]",,與資管大一、大二、大三、大四合開,https://course.nuk.edu.tw/QueryCourse/tcontent.asp?OpenYear=104&Helf=2&Sclass=IM&Cono=D531,2026-08-26T18:13:36+00:00
104-2-IM-D60A-A-3-A,104,2,管理學院,IM,資訊管理學系,D60A,A,大學部,3,A,企業實習Ⅰ,9,選,2,2,,0,趙建雄 王凱,M01-302,,,,,,"2,3, 4",,"[{""day"": 6, ""dayName"": ""星期六"", ""periods"": [""2"", ""3"", ""4""], ""raw"": ""2,3, 4""}]",限修及外加,如有參加企業實習之同學，要修習本課程請洽王凱老師指定加簽之，教室為M01-302,https://course.nuk.edu.tw/QueryCourse/tcontent.asp?OpenYear=104&Helf=2&Sclass=IM&Cono=D60A,2026-08-26T18:13:36+00:00
104-2-IM-D60C-A-3-A,104,2,管理學院,IM,資訊管理學系,D60C,A,大學部,3,A,企業實習Ⅲ,3,選,1,1,,0,趙建雄 王凱,M01-302,,,,,,"5,6, 7",,"[{""day"": 6, ""dayName"": ""星期六"", ""periods"": [""5"", ""6"", ""7""], ""raw"": ""5,6, 7""}]",限修及外加,如有參加企業實習之同學，要修習本課程請洽王凱老師指定加簽之，教室為M01-302,https://course.nuk.edu.tw/QueryCourse/tcontent.asp?OpenYear=104&Helf=2&Sclass=IM&Cono=D60C,2026-08-26T18:13:36+00:00
104-2-IM-F624-A-3-A,104,2,管理學院,IM,資訊管理學系,F624,A,大學部,3,A,數位行銷,3,選,35,35,,0,郭英峰,M01-204,,,"2,3, 4",,,,,"[{""day"": 3, ""dayName"": ""星期三"", ""periods"": [""2"", ""3"", ""4""], ""raw"": ""2,3, 4""}]",外加,與資管大四、碩一、碩二合開，限資管系選修，外系同學欲選修可洽任課老師指定加簽之，教室為M01-204,https://course.nuk.edu.tw/QueryCourse/tcontent.asp?OpenYear=104&Helf=2&Sclass=IM&Cono=F624,2026-08-26T18:13:36+00:00
104-2-IM-C662-A-4-A,104,2,管理學院,IM,資訊管理學系,C662,A,大學部,4,A,Web 前端開發,3,選,30,29,,1,廖洧杰,L01-108,"10,11, 12",,,,,,,"[{""day"": 1, ""dayName"": ""星期一"", ""periods"": [""10"", ""11"", ""12""], ""raw"": ""10,11, 12""}]",限修及外加,與資管大三合開，教室為L01-108,https://course.nuk.edu.tw/QueryCourse/tcontent.asp?OpenYear=104&Helf=2&Sclass=IM&Cono=C662,2026-08-26T18:13:36+00:00
104-2-IM-D531-A-4-A,104,2,管理學院,IM,資訊管理學系,D531,A,大學部,4,A,數位遊戲設計,3,選,60,35,,25,趙建雄 陶幼慧 楊書成 丁一賢 王凱,L01-108,,,,,"3,4, Y",,,"[{""day"": 5, ""dayName"": ""星期五"", ""periods"": [""3"", ""4"", ""Y""], ""raw"": ""3,4, Y""}]",,與資管大一、大二、大三、大四合開,https://course.nuk.edu.tw/QueryCourse/tcontent.asp?OpenYear=104&Helf=2&Sclass=IM&Cono=D531,2026-08-26T18:13:36+00:00
104-2-IM-D541-A-4-A,104,2,管理學院,IM,資訊管理學系,D541,A,大學部,4,A,網路安全技術,3,選,42,41,,1,梁明章,L01-108,,,,,"6,7, 8",,,"[{""day"": 5, ""dayName"": ""星期五"", ""periods"": [""6"", ""7"", ""8""], ""raw"": ""6,7, 8""}]",限修及外加,教室為L01-108,https://course.nuk.edu.tw/QueryCourse/tcontent.asp?OpenYear=104&Helf=2&Sclass=IM&Cono=D541,2026-08-26T18:13:36+00:00
104-2-IM-D60A-A-4-A,104,2,管理學院,IM,資訊管理學系,D60A,A,大學部,4,A,企業實習Ⅰ,9,選,2,2,,0,趙建雄 王凱,M01-302,,,,,,"2,3, 4",,"[{""day"": 6, ""dayName"": ""星期六"", ""periods"": [""2"", ""3"", ""4""], ""raw"": ""2,3, 4""}]",限修,總實習時數應達486小時。如有參加企業實習之同學，要修習本課程請洽王凱老師指定加簽之，教室為M01-302,https://course.nuk.edu.tw/QueryCourse/tcontent.asp?OpenYear=104&Helf=2&Sclass=IM&Cono=D60A,2026-08-26T18:13:36+00:00
104-2-IM-D60C-A-4-A,104,2,管理學院,IM,資訊管理學系,D60C,A,大學部,4,A,企業實習Ⅲ,3,選,1,1,,0,趙建雄 王凱,M01-302,,,,,,"5,6, 7",,"[{""day"": 6, ""dayName"": ""星期六"", ""periods"": [""5"", ""6"", ""7""], ""raw"": ""5,6, 7""}]",限修及外加,總實習時數應達162小時。如有參加企業實習之同學，要修習本課程請洽王凱老師指定加簽之，教室為M01-302,https://course.nuk.edu.tw/QueryCourse/tcontent.asp?OpenYear=104&Helf=2&Sclass=IM&Cono=D60C,2026-08-26T18:13:36+00:00
104-2-IM-F503-A-4-A,104,2,管理學院,IM,資訊管理學系,F503,A,大學部,4,A,資訊科技與商業模式,3,選,15,8,,7,王凱,M01-302,,,,"2,3, 4",,,,"[{""day"": 4, ""dayName"": ""星期四"", ""periods"": [""2"", ""3"", ""4""], ""raw"": ""2,3, 4""}]",限修及外加,與資管碩一合開，限資管系選修，外系同學欲選修可洽任課老師指定加簽之，教室為M01-302,https://course.nuk.edu.tw/QueryCourse/tcontent.asp?OpenYear=104&Helf=2&Sclass=IM&Cono=F503,2026-08-26T18:13:36+00:00
104-2-IM-F624-A-4-A,104,2,管理學院,IM,資訊管理學系,F624,A,大學部,4,A,數位行銷,3,選,35,35,,0,郭英峰,M01-204,,,"2,3, 4",,,,,"[{""day"": 3, ""dayName"": ""星期三"", ""periods"": [""2"", ""3"", ""4""], ""raw"": ""2,3, 4""}]",外加,與資管大三、碩一、碩二合開，限資管系選修，外系同學欲選修可洽任課老師指定加簽之，教室為M01-204,https://course.nuk.edu.tw/QueryCourse/tcontent.asp?OpenYear=104&Helf=2&Sclass=IM&Cono=F624,2026-08-26T18:13:36+00:00
104-2-IM-F631-A-4-A,104,2,管理學院,IM,資訊管理學系,F631,A,大學部,4,A,巨量與開放資料應用開發,3,選,30,10,,20,林杏子 蕭漢威 楊新章,M01-302,,"2,3, 4",,,,,,"[{""day"": 2, ""dayName"": ""星期二"", ""periods"": [""2"", ""3"", ""4""], ""raw"": ""2,3, 4""}]",限修,與資管碩一合開,https://course.nuk.edu.tw/QueryCourse/tcontent.asp?OpenYear=104&Helf=2&Sclass=IM&Cono=F631,2026-08-26T18:13:36+00:00
104-2-IM-F01B-M-1-,104,2,管理學院,IM,資訊管理學系,F01B,M,碩士班,1,,研究方法(二),3,必,15,12,,3,林杏子,M01-302,,,"5,6, 7",,,,,"[{""day"": 3, ""dayName"": ""星期三"", ""periods"": [""5"", ""6"", ""7""], ""raw"": ""5,6, 7""}]",限修,教室為M01-302,https://course.nuk.edu.tw/QueryCourse/tcontent.asp?OpenYear=104&Helf=2&Sclass=IM&Cono=F01B,2026-08-26T18:13:36+00:00
104-2-IM-F03B-M-1-,104,2,管理學院,IM,資訊管理學系,F03B,M,碩士班,1,,書報討論(二),1,必,15,14,,1,王凱,M01-111,,,,"6,7",,,,"[{""day"": 4, ""dayName"": ""星期四"", ""periods"": [""6"", ""7""], ""raw"": ""6,7""}]",限修,教室為M01-111,https://course.nuk.edu.tw/QueryCourse/tcontent.asp?OpenYear=104&Helf=2&Sclass=IM&Cono=F03B,2026-08-26T18:13:36+00:00
104-2-IM-F041-M-1-,104,2,管理學院,IM,資訊管理學系,F041,M,碩士班,1,,資訊科技導論,3,必,15,11,,4,楊新章 王學亮,M01-302,"5,6, 7",,,,,,,"[{""day"": 1, ""dayName"": ""星期一"", ""periods"": [""5"", ""6"", ""7""], ""raw"": ""5,6, 7""}]",,教室為M01-302,https://course.nuk.edu.tw/QueryCourse/tcontent.asp?OpenYear=104&Helf=2&Sclass=IM&Cono=F041,2026-08-26T18:13:36+00:00
104-2-IM-F500-M-1-,104,2,管理學院,IM,資訊管理學系,F500,M,碩士班,1,,教學實務演練(資訊管理學系),0,選,13,13,,0,王凱,,,X,,,,,,"[{""day"": 2, ""dayName"": ""星期二"", ""periods"": [""X""], ""raw"": ""X""}]",限修及外加,指定加簽，申請擔任學習型兼任教學助理之學生必須修習本課程。,https://course.nuk.edu.tw/QueryCourse/tcontent.asp?OpenYear=104&Helf=2&Sclass=IM&Cono=F500,2026-08-26T18:13:36+00:00
104-2-IM-F503-M-1-,104,2,管理學院,IM,資訊管理學系,F503,M,碩士班,1,,資訊科技與商業模式,3,選,15,8,,7,王凱,M01-302,,,,"2,3, 4",,,,"[{""day"": 4, ""dayName"": ""星期四"", ""periods"": [""2"", ""3"", ""4""], ""raw"": ""2,3, 4""}]",限修及外加,與資管大四合開，教室為M01-302,https://course.nuk.edu.tw/QueryCourse/tcontent.asp?OpenYear=104&Helf=2&Sclass=IM&Cono=F503,2026-08-26T18:13:36+00:00
104-2-IM-F50B-M-1-,104,2,管理學院,IM,資訊管理學系,F50B,M,碩士班,1,,資訊科技專題研討(二),1,選,15,5,,10,蕭漢威 丁一賢,M01-302,"8,9, 10",,,,,,,"[{""day"": 1, ""dayName"": ""星期一"", ""periods"": [""8"", ""9"", ""10""], ""raw"": ""8,9, 10""}]",限修,教室為M01-302,https://course.nuk.edu.tw/QueryCourse/tcontent.asp?OpenYear=104&Helf=2&Sclass=IM&Cono=F50B,2026-08-26T18:13:36+00:00
104-2-IM-F57B-M-1-,104,2,管理學院,IM,資訊管理學系,F57B,M,碩士班,1,,資訊管理專題研討(二),1,選,15,9,,6,楊書成,M01-302,,,"8,9, 10",,,,,"[{""day"": 3, ""dayName"": ""星期三"", ""periods"": [""8"", ""9"", ""10""], ""raw"": ""8,9, 10""}]",限修,教室為M01-302,https://course.nuk.edu.tw/QueryCourse/tcontent.asp?OpenYear=104&Helf=2&Sclass=IM&Cono=F57B,2026-08-26T18:13:36+00:00
104-2-IM-F624-M-1-,104,2,管理學院,IM,資訊管理學系,F624,M,碩士班,1,,數位行銷,3,選,35,35,,0,郭英峰,M01-204,,,"2,3, 4",,,,,"[{""day"": 3, ""dayName"": ""星期三"", ""periods"": [""2"", ""3"", ""4""], ""raw"": ""2,3, 4""}]",限修及外加,與資管大三、大四、碩二合開，限資管系選修，外系同學欲選修可洽任課老師指定加簽之，教室為M01-204,https://course.nuk.edu.tw/QueryCourse/tcontent.asp?OpenYear=104&Helf=2&Sclass=IM&Cono=F624,2026-08-26T18:13:36+00:00
104-2-IM-F631-M-1-,104,2,管理學院,IM,資訊管理學系,F631,M,碩士班,1,,巨量與開放資料應用開發,3,選,30,10,,20,林杏子 蕭漢威 楊新章,M01-302,,"2,3, 4",,,,,,"[{""day"": 2, ""dayName"": ""星期二"", ""periods"": [""2"", ""3"", ""4""], ""raw"": ""2,3, 4""}]",限修,與資管大四合開，限資管系選修，外系同學欲選修可洽任課老師指定加簽,https://course.nuk.edu.tw/QueryCourse/tcontent.asp?OpenYear=104&Helf=2&Sclass=IM&Cono=F631,2026-08-26T18:13:36+00:00
104-2-IM-F03D-M-2-,104,2,管理學院,IM,資訊管理學系,F03D,M,碩士班,2,,書報討論(四),1,必,11,11,,0,郭英峰,M01-111,,,,"6,7",,,,"[{""day"": 4, ""dayName"": ""星期四"", ""periods"": [""6"", ""7""], ""raw"": ""6,7""}]",限修,教室為M01-111,https://course.nuk.edu.tw/QueryCourse/tcontent.asp?OpenYear=104&Helf=2&Sclass=IM&Cono=F03D,2026-08-26T18:13:36+00:00
104-2-IM-F50D-M-2-,104,2,管理學院,IM,資訊管理學系,F50D,M,碩士班,2,,資訊科技專題研討(四),1,選,15,5,,10,楊新章 王學亮,M01-302,"8,9, 10",,,,,,,"[{""day"": 1, ""dayName"": ""星期一"", ""periods"": [""8"", ""9"", ""10""], ""raw"": ""8,9, 10""}]",限修,教室為M01-302,https://course.nuk.edu.tw/QueryCourse/tcontent.asp?OpenYear=104&Helf=2&Sclass=IM&Cono=F50D,2026-08-26T18:13:36+00:00
104-2-IM-F57D-M-2-,104,2,管理學院,IM,資訊管理學系,F57D,M,碩士班,2,,資訊管理專題研討(四),1,選,6,6,,0,郭英峰,M01-302,,,"8,9, 10",,,,,"[{""day"": 3, ""dayName"": ""星期三"", ""periods"": [""8"", ""9"", ""10""], ""raw"": ""8,9, 10""}]",限修,教室為M01-302,https://course.nuk.edu.tw/QueryCourse/tcontent.asp?OpenYear=104&Helf=2&Sclass=IM&Cono=F57D,2026-08-26T18:13:36+00:00
104-2-IM-F624-M-2-,104,2,管理學院,IM,資訊管理學系,F624,M,碩士班,2,,數位行銷,3,選,35,35,,0,郭英峰,M01-204,,,"2,3, 4",,,,,"[{""day"": 3, ""dayName"": ""星期三"", ""periods"": [""2"", ""3"", ""4""], ""raw"": ""2,3, 4""}]",外加,與資管大三、大四、碩一合開，限資管系選修，外系同學欲選修可洽任課老師指定加簽之，教室為M01-204,https://course.nuk.edu.tw/QueryCourse/tcontent.asp?OpenYear=104&Helf=2&Sclass=IM&Cono=F624,2026-08-26T18:13:36+00:00
104-2-IMA-G501-A-3-A,104,2,管理學院,IMA,國際商業管理碩士學位學程,G501,A,大學部,3,A,科技人文與商業經營,3,選,16,11,,5,傅鈺雯,H2--106,,,,"8,9, 10",,,,"[{""day"": 4, ""dayName"": ""星期四"", ""periods"": [""8"", ""9"", ""10""], ""raw"": ""8,9, 10""}]",,本課程與IMBA學程合開，為全英語授課課程。,https://course.nuk.edu.tw/QueryCourse/tcontent.asp?OpenYear=104&Helf=2&Sclass=IMA&Cono=G501,2026-08-26T18:13:36+00:00
104-2-IMA-F551-A-4-A,104,2,管理學院,IMA,國際商業管理碩士學位學程,F551,A,大學部,4,A,供應鏈管理,3,選,15,12,,3,趙建雄,M01-417,,"10,11, 12",,,,,,"[{""day"": 2, ""dayName"": ""星期二"", ""periods"": [""10"", ""11"", ""12""], ""raw"": ""10,11, 12""}]",,與資管碩一及IMBA合開，教室為M01-417（全英語授課-財經管理與資訊應用全英語學程）,https://course.nuk.edu.tw/QueryCourse/tcontent.asp?OpenYear=104&Helf=2&Sclass=IMA&Cono=F551,2026-08-26T18:13:36+00:00
104-2-IMA-G501-A-4-A,104,2,管理學院,IMA,國際商業管理碩士學位學程,G501,A,大學部,4,A,科技人文與商業經營,3,選,16,11,,5,傅鈺雯,H2--106,,,,"8,9, 10",,,,"[{""day"": 4, ""dayName"": ""星期四"", ""periods"": [""8"", ""9"", ""10""], ""raw"": ""8,9, 10""}]",,本課程與IMBA學程合開，為全英語授課課程。,https://course.nuk.edu.tw/QueryCourse/tcontent.asp?OpenYear=104&Helf=2&Sclass=IMA&Cono=G501,2026-08-26T18:13:36+00:00
104-2-IMA-F001-M-1-,104,2,管理學院,IMA,國際商業管理碩士學位學程,F001,M,碩士班,1,,專題研討一,1,必,5,4,,1,耿紹勛 楊詠凱 王功亮 業界教師,M01-106,,,,,"9,10, 11",,,"[{""day"": 5, ""dayName"": ""星期五"", ""periods"": [""9"", ""10"", ""11""], ""raw"": ""9,10, 11""}]",限修,,https://course.nuk.edu.tw/QueryCourse/tcontent.asp?OpenYear=104&Helf=2&Sclass=IMA&Cono=F001,2026-08-26T18:13:36+00:00
104-2-IMA-F031-M-1-,104,2,管理學院,IMA,國際商業管理碩士學位學程,F031,M,碩士班,1,,研究方法,3,必,15,13,,2,耿紹勛,M01-106,,"5,6, 7",,,,,,"[{""day"": 2, ""dayName"": ""星期二"", ""periods"": [""5"", ""6"", ""7""], ""raw"": ""5,6, 7""}]",限修,,https://course.nuk.edu.tw/QueryCourse/tcontent.asp?OpenYear=104&Helf=2&Sclass=IMA&Cono=F031,2026-08-26T18:13:36+00:00
104-2-IMA-F042-M-1-,104,2,管理學院,IMA,國際商業管理碩士學位學程,F042,M,碩士班,1,,財務管理,3,必,15,12,,3,陳怡凱,M01-106,,"2,3, 4",,,,,,"[{""day"": 2, ""dayName"": ""星期二"", ""periods"": [""2"", ""3"", ""4""], ""raw"": ""2,3, 4""}]",禁止外加 限修,,https://course.nuk.edu.tw/QueryCourse/tcontent.asp?OpenYear=104&Helf=2&Sclass=IMA&Cono=F042,2026-08-26T18:13:36+00:00
104-2-IMA-F071-M-1-,104,2,管理學院,IMA,國際商業管理碩士學位學程,F071,M,碩士班,1,,企業資訊及知識系統管理,3,必,16,11,,5,陶幼慧,M01-106,,,"2,3, 4",,,,,"[{""day"": 3, ""dayName"": ""星期三"", ""periods"": [""2"", ""3"", ""4""], ""raw"": ""2,3, 4""}]",禁止外加 限修,,https://course.nuk.edu.tw/QueryCourse/tcontent.asp?OpenYear=104&Helf=2&Sclass=IMA&Cono=F071,2026-08-26T18:13:36+00:00
104-2-IMA-F551-M-1-,104,2,管理學院,IMA,國際商業管理碩士學位學程,F551,M,碩士班,1,,供應鏈管理,3,選,15,12,,3,趙建雄,M01-417,,"10,11, 12",,,,,,"[{""day"": 2, ""dayName"": ""星期二"", ""periods"": [""10"", ""11"", ""12""], ""raw"": ""10,11, 12""}]",,與資管大四、IMBA合開，教室為M01-417（全英語授課-財經管理與資訊應用英語學程）,https://course.nuk.edu.tw/QueryCourse/tcontent.asp?OpenYear=104&Helf=2&Sclass=IMA&Cono=F551,2026-08-26T18:13:36+00:00
104-2-IMA-G501-M-1-,104,2,管理學院,IMA,國際商業管理碩士學位學程,G501,M,碩士班,1,,科技人文與商業經營,3,選,16,11,,5,傅鈺雯,H2--106,,,,"8,9, 10",,,,"[{""day"": 4, ""dayName"": ""星期四"", ""periods"": [""8"", ""9"", ""10""], ""raw"": ""8,9, 10""}]",,本課程與IMBA學程合開，為全英語授課課程。,https://course.nuk.edu.tw/QueryCourse/tcontent.asp?OpenYear=104&Helf=2&Sclass=IMA&Cono=G501,2026-08-26T18:13:36+00:00
104-2-IMA-F002-M-2-,104,2,管理學院,IMA,國際商業管理碩士學位學程,F002,M,碩士班,2,,專題研討二,1,必,15,9,,6,耿紹勛,M01-106,,,,,"6,7, 8",,,"[{""day"": 5, ""dayName"": ""星期五"", ""periods"": [""6"", ""7"", ""8""], ""raw"": ""6,7, 8""}]",限修,,https://course.nuk.edu.tw/QueryCourse/tcontent.asp?OpenYear=104&Helf=2&Sclass=IMA&Cono=F002,2026-08-26T18:13:36+00:00
104-2-IMA-F511-M-2-,104,2,管理學院,IMA,國際商業管理碩士學位學程,F511,M,碩士班,2,,國際競爭力分析,3,選,23,21,,2,李博志,M01-106,,,,"2,3, 4",,,,"[{""day"": 4, ""dayName"": ""星期四"", ""periods"": [""2"", ""3"", ""4""], ""raw"": ""2,3, 4""}]",,本課程與亞太系共同合開，為全英語授課課程。,https://course.nuk.edu.tw/QueryCourse/tcontent.asp?OpenYear=104&Helf=2&Sclass=IMA&Cono=F511,2026-08-26T18:13:36+00:00
104-2-IMA-F551-M-2-,104,2,管理學院,IMA,國際商業管理碩士學位學程,F551,M,碩士班,2,,供應鏈管理,3,選,15,12,,3,趙建雄,M01-417,,"10,11, 12",,,,,,"[{""day"": 2, ""dayName"": ""星期二"", ""periods"": [""10"", ""11"", ""12""], ""raw"": ""10,11, 12""}]",,本課程與資訊管理學系共同開設。,https://course.nuk.edu.tw/QueryCourse/tcontent.asp?OpenYear=104&Helf=2&Sclass=IMA&Cono=F551,2026-08-26T18:13:36+00:00
104-2-IMA-G501-M-2-,104,2,管理學院,IMA,國際商業管理碩士學位學程,G501,M,碩士班,2,,科技人文與商業經營,3,選,16,11,,5,傅鈺雯,H2--106,,,,"8,9, 10",,,,"[{""day"": 4, ""dayName"": ""星期四"", ""periods"": [""8"", ""9"", ""10""], ""raw"": ""8,9, 10""}]",外加,本課程與西語系共同合開，為全英語授課課程。,https://course.nuk.edu.tw/QueryCourse/tcontent.asp?OpenYear=104&Helf=2&Sclass=IMA&Cono=G501,2026-08-26T18:13:36+00:00
104-2-IMA-G531-M-2-,104,2,管理學院,IMA,國際商業管理碩士學位學程,G531,M,碩士班,2,,全球人力資源管理,3,選,15,10,,5,黃佩琪,M01-106,"6,7, 8",,,,,,,"[{""day"": 1, ""dayName"": ""星期一"", ""periods"": [""6"", ""7"", ""8""], ""raw"": ""6,7, 8""}]",,本課程與經管所共同合開，為全英語授課課程。黃珮琪老師,https://course.nuk.edu.tw/QueryCourse/tcontent.asp?OpenYear=104&Helf=2&Sclass=IMA&Cono=G531,2026-08-26T18:13:36+00:00
104-2-LBA-O572-E-1-,104,2,管理學院,LBA,高階法律暨管理碩士在職專班,O572,E,高階經營管理碩士在職專班,1,,行政法,3,選,25,12,,13,紀振清,M01-108,,,,,,,"2,3, 4,5, 6,7","[{""day"": 7, ""dayName"": ""星期日"", ""periods"": [""2"", ""3"", ""4"", ""5"", ""6"", ""7""], ""raw"": ""2,3, 4,5, 6,7""}]",,法律班,https://course.nuk.edu.tw/QueryCourse/tcontent.asp?OpenYear=104&Helf=2&Sclass=LBA&Cono=O572,2026-08-26T18:13:36+00:00
104-2-LBA-O594-E-1-,104,2,管理學院,LBA,高階法律暨管理碩士在職專班,O594,E,高階經營管理碩士在職專班,1,,商事法,3,選,25,8,,17,陳月端,M01-108,,,,,,"5,6, 7,8, 9,10",,"[{""day"": 6, ""dayName"": ""星期六"", ""periods"": [""5"", ""6"", ""7"", ""8"", ""9"", ""10""], ""raw"": ""5,6, 7,8, 9,10""}]",,法律班,https://course.nuk.edu.tw/QueryCourse/tcontent.asp?OpenYear=104&Helf=2&Sclass=LBA&Cono=O594,2026-08-26T18:13:36+00:00
104-2-LBA-O601-E-1-,104,2,管理學院,LBA,高階法律暨管理碩士在職專班,O601,E,高階經營管理碩士在職專班,1,,企業參訪,3,選,20,10,,10,翁銘章 李亭林,,Y,Y,Y,,,,,"[{""day"": 1, ""dayName"": ""星期一"", ""periods"": [""Y""], ""raw"": ""Y""}, {""day"": 2, ""dayName"": ""星期二"", ""periods"": [""Y""], ""raw"": ""Y""}, {""day"": 3, ""dayName"": ""星期三"", ""periods"": [""Y""], ""raw"": ""Y""}]",,法律班,https://course.nuk.edu.tw/QueryCourse/tcontent.asp?OpenYear=104&Helf=2&Sclass=LBA&Cono=O601,2026-08-26T18:13:36+00:00
104-2-LBA-O00B-E-2-,104,2,管理學院,LBA,高階法律暨管理碩士在職專班,O00B,E,高階經營管理碩士在職專班,2,,碩士論文(下)-(法律班),3,必,15,13,,2,莊寶鵰 李亭林 陳怡凱 吳俊毅 黃英忠 陳正根 楊書成 張麗卿 姚志明 外校老師,,X,X,X,,,,,"[{""day"": 1, ""dayName"": ""星期一"", ""periods"": [""X""], ""raw"": ""X""}, {""day"": 2, ""dayName"": ""星期二"", ""periods"": [""X""], ""raw"": ""X""}, {""day"": 3, ""dayName"": ""星期三"", ""periods"": [""X""], ""raw"": ""X""}]",,法律班,https://course.nuk.edu.tw/QueryCourse/tcontent.asp?OpenYear=104&Helf=2&Sclass=LBA&Cono=O00B,2026-08-26T18:13:36+00:00
