id,year,semester,college,department,departmentName,courseId,division,divisionName,grade,className,courseName,credits,courseType,capacity,confirmed,enrolled,remaining,teacher,classroom,monday,tuesday,wednesday,thursday,friday,saturday,sunday,scheduleJson,restrictions,notes,detailUrl,fetchedAtUtc
111-2-CCD-A04B-A-1-A,111,2,人文社會科學院,CCD,工藝與創意設計學系,A04B,A,大學部,1,A,基本造型構成(二),3,必,62,50,,12,翁群儀,,,,,,"5,6, 7,8",,,"[{""day"": 5, ""dayName"": ""星期五"", ""periods"": [""5"", ""6"", ""7"", ""8""], ""raw"": ""5,6, 7,8""}]",先修 限修及外加,教室: 大一工作室,https://course.nuk.edu.tw/QueryCourse/tcontent.asp?OpenYear=111&Helf=2&Sclass=CCD&Cono=A04B,2026-08-26T18:26:42+00:00
111-2-CCD-A05A-A-1-A,111,2,人文社會科學院,CCD,工藝與創意設計學系,A05A,A,大學部,1,A,基礎雕塑(二)-A,3,必,30,29,,1,沈明旺,,,,,"2,3, 4",,,,"[{""day"": 4, ""dayName"": ""星期四"", ""periods"": [""2"", ""3"", ""4""], ""raw"": ""2,3, 4""}]",限修,工坊木竹教室,https://course.nuk.edu.tw/QueryCourse/tcontent.asp?OpenYear=111&Helf=2&Sclass=CCD&Cono=A05A,2026-08-26T18:26:42+00:00
111-2-CCD-A05B-A-1-A,111,2,人文社會科學院,CCD,工藝與創意設計學系,A05B,A,大學部,1,A,基礎雕塑(二)-B,3,必,30,26,,4,吳京臻,,,,,"2,3, 4",,,,"[{""day"": 4, ""dayName"": ""星期四"", ""periods"": [""2"", ""3"", ""4""], ""raw"": ""2,3, 4""}]",限修,工坊塑造教室,https://course.nuk.edu.tw/QueryCourse/tcontent.asp?OpenYear=111&Helf=2&Sclass=CCD&Cono=A05B,2026-08-26T18:26:42+00:00
111-2-CCD-A503-A-1-A,111,2,人文社會科學院,CCD,工藝與創意設計學系,A503,A,大學部,1,A,設計素描,2,選,40,33,,7,賴廷鴻,H1--108,,"2,3, 4",,,,,,"[{""day"": 2, ""dayName"": ""星期二"", ""periods"": [""2"", ""3"", ""4""], ""raw"": ""2,3, 4""}]",限修,教室-H1-108,https://course.nuk.edu.tw/QueryCourse/tcontent.asp?OpenYear=111&Helf=2&Sclass=CCD&Cono=A503,2026-08-26T18:26:42+00:00
111-2-CCD-A504-A-1-A,111,2,人文社會科學院,CCD,工藝與創意設計學系,A504,A,大學部,1,A,設計媒材(二),2,選,39,39,,0,賴廷鴻 陳冠勳,,,"6,7",,,,,,"[{""day"": 2, ""dayName"": ""星期二"", ""periods"": [""6"", ""7""], ""raw"": ""6,7""}]",限修及外加,教室:大一工作室,https://course.nuk.edu.tw/QueryCourse/tcontent.asp?OpenYear=111&Helf=2&Sclass=CCD&Cono=A504,2026-08-26T18:26:42+00:00
111-2-CCD-A506-A-1-A,111,2,人文社會科學院,CCD,工藝與創意設計學系,A506,A,大學部,1,A,圖案與文字造型設計,2,選,35,34,,1,黃裕宸,H1--108,,,"10,11",,,,,"[{""day"": 3, ""dayName"": ""星期三"", ""periods"": [""10"", ""11""], ""raw"": ""10,11""}]",限修及外加,教室:H1-108,https://course.nuk.edu.tw/QueryCourse/tcontent.asp?OpenYear=111&Helf=2&Sclass=CCD&Cono=A506,2026-08-26T18:26:42+00:00
111-2-CCD-A513-A-1-A,111,2,人文社會科學院,CCD,工藝與創意設計學系,A513,A,大學部,1,A,電腦影像處理-A,2,選,30,30,,0,王政弘,H1--112,,,,"5,6",,,,"[{""day"": 4, ""dayName"": ""星期四"", ""periods"": [""5"", ""6""], ""raw"": ""5,6""}]",限修及外加,H1-112，電腦影像處理-A、B擇一選修，請勿重複選課,https://course.nuk.edu.tw/QueryCourse/tcontent.asp?OpenYear=111&Helf=2&Sclass=CCD&Cono=A513,2026-08-26T18:26:42+00:00
111-2-CCD-A514-A-1-A,111,2,人文社會科學院,CCD,工藝與創意設計學系,A514,A,大學部,1,A,電腦影像處理-B,2,選,30,30,,0,王政弘,H1--112,,,,"7,8",,,,"[{""day"": 4, ""dayName"": ""星期四"", ""periods"": [""7"", ""8""], ""raw"": ""7,8""}]",限修及外加,H1-112，電腦影像處理-A、B擇一選修，請勿重複選課,https://course.nuk.edu.tw/QueryCourse/tcontent.asp?OpenYear=111&Helf=2&Sclass=CCD&Cono=A514,2026-08-26T18:26:42+00:00
111-2-CCD-A523-A-1-A,111,2,人文社會科學院,CCD,工藝與創意設計學系,A523,A,大學部,1,A,模型製作(二),2,選,19,19,,0,翁群儀,H1--332,,"10,11",,,,,,"[{""day"": 2, ""dayName"": ""星期二"", ""periods"": [""10"", ""11""], ""raw"": ""10,11""}]",限修及外加,H1-332,https://course.nuk.edu.tw/QueryCourse/tcontent.asp?OpenYear=111&Helf=2&Sclass=CCD&Cono=A523,2026-08-26T18:26:42+00:00
111-2-CCD-B011-A-2-A,111,2,人文社會科學院,CCD,工藝與創意設計學系,B011,A,大學部,2,A,創意設計(二),3,必,66,44,,22,王政弘 沈明旺,,,"1,2, 3,4",,,,,,"[{""day"": 2, ""dayName"": ""星期二"", ""periods"": [""1"", ""2"", ""3"", ""4""], ""raw"": ""1,2, 3,4""}]",先修 限修及外加,教室:大二工作室,https://course.nuk.edu.tw/QueryCourse/tcontent.asp?OpenYear=111&Helf=2&Sclass=CCD&Cono=B011,2026-08-26T18:26:42+00:00
111-2-CCD-B510-A-2-A,111,2,人文社會科學院,CCD,工藝與創意設計學系,B510,A,大學部,2,A,版面編排設計,2,選,32,26,,6,黃裕宸,H1--112,,,,"11,12",,,,"[{""day"": 4, ""dayName"": ""星期四"", ""periods"": [""11"", ""12""], ""raw"": ""11,12""}]",限修及外加,教室:H1-112,https://course.nuk.edu.tw/QueryCourse/tcontent.asp?OpenYear=111&Helf=2&Sclass=CCD&Cono=B510,2026-08-26T18:26:42+00:00
111-2-CCD-B522-A-2-A,111,2,人文社會科學院,CCD,工藝與創意設計學系,B522,A,大學部,2,A,產品語意學,2,選,49,48,,1,洪碩延,H1--108,,,"3,4",,,,,"[{""day"": 3, ""dayName"": ""星期三"", ""periods"": [""3"", ""4""], ""raw"": ""3,4""}]",限修,H1-108,https://course.nuk.edu.tw/QueryCourse/tcontent.asp?OpenYear=111&Helf=2&Sclass=CCD&Cono=B522,2026-08-26T18:26:42+00:00
111-2-CCD-B531-A-2-A,111,2,人文社會科學院,CCD,工藝與創意設計學系,B531,A,大學部,2,A,設計議題,2,選,30,30,,0,翁群儀,H1--108,,"6,7",,,,,,"[{""day"": 2, ""dayName"": ""星期二"", ""periods"": [""6"", ""7""], ""raw"": ""6,7""}]",,教室:H1-108,https://course.nuk.edu.tw/QueryCourse/tcontent.asp?OpenYear=111&Helf=2&Sclass=CCD&Cono=B531,2026-08-26T18:26:42+00:00
111-2-CCD-B534-A-2-A,111,2,人文社會科學院,CCD,工藝與創意設計學系,B534,A,大學部,2,A,廣告設計,2,選,45,44,,1,洪碩延,H1--108,,,,"5,6, 7",,,,"[{""day"": 4, ""dayName"": ""星期四"", ""periods"": [""5"", ""6"", ""7""], ""raw"": ""5,6, 7""}]",限修及外加,H1-108,https://course.nuk.edu.tw/QueryCourse/tcontent.asp?OpenYear=111&Helf=2&Sclass=CCD&Cono=B534,2026-08-26T18:26:42+00:00
111-2-CCD-B535-A-2-A,111,2,人文社會科學院,CCD,工藝與創意設計學系,B535,A,大學部,2,A,攝影概念與設計,2,選,61,11,,50,侯淑姿,H1--332,"5,6",,,,,,,"[{""day"": 1, ""dayName"": ""星期一"", ""periods"": [""5"", ""6""], ""raw"": ""5,6""}]",限修及外加,,https://course.nuk.edu.tw/QueryCourse/tcontent.asp?OpenYear=111&Helf=2&Sclass=CCD&Cono=B535,2026-08-26T18:26:42+00:00
111-2-CCD-B543-A-2-A,111,2,人文社會科學院,CCD,工藝與創意設計學系,B543,A,大學部,2,A,創意視覺設計(二),3,選,31,22,,9,黃裕宸 蔡雪麗,H1--112,,,,"1,2, 3,4",,,,"[{""day"": 4, ""dayName"": ""星期四"", ""periods"": [""1"", ""2"", ""3"", ""4""], ""raw"": ""1,2, 3,4""}]",限修及外加,,https://course.nuk.edu.tw/QueryCourse/tcontent.asp?OpenYear=111&Helf=2&Sclass=CCD&Cono=B543,2026-08-26T18:26:42+00:00
111-2-CCD-B552-A-2-A,111,2,人文社會科學院,CCD,工藝與創意設計學系,B552,A,大學部,2,A,工藝設計(二),3,選,45,26,,19,陳冠勳 賴廷鴻 沈明旺,,,,,"5,6, 7,8, 9,10",,,,"[{""day"": 4, ""dayName"": ""星期四"", ""periods"": [""5"", ""6"", ""7"", ""8"", ""9"", ""10""], ""raw"": ""5,6, 7,8, 9,10""}]",限修,教室:大二工作室,https://course.nuk.edu.tw/QueryCourse/tcontent.asp?OpenYear=111&Helf=2&Sclass=CCD&Cono=B552,2026-08-26T18:26:42+00:00
111-2-CCD-B563-A-2-A,111,2,人文社會科學院,CCD,工藝與創意設計學系,B563,A,大學部,2,A,造型藝術創作(二),2,選,30,29,,1,沈明旺 吳京臻,,,,,,"1,2, 3,4",,,"[{""day"": 5, ""dayName"": ""星期五"", ""periods"": [""1"", ""2"", ""3"", ""4""], ""raw"": ""1,2, 3,4""}]",限修,教室:大二工作室,https://course.nuk.edu.tw/QueryCourse/tcontent.asp?OpenYear=111&Helf=2&Sclass=CCD&Cono=B563,2026-08-26T18:26:42+00:00
111-2-CCD-C022-A-3-A,111,2,人文社會科學院,CCD,工藝與創意設計學系,C022,A,大學部,3,A,創意設計(四),3,必,69,55,,14,賴廷鴻 黃裕宸,H1--102,,,"1,2, 3,4",,,,,"[{""day"": 3, ""dayName"": ""星期三"", ""periods"": [""1"", ""2"", ""3"", ""4""], ""raw"": ""1,2, 3,4""}]",先修 限修及外加,教室:H1-102,https://course.nuk.edu.tw/QueryCourse/tcontent.asp?OpenYear=111&Helf=2&Sclass=CCD&Cono=C022,2026-08-26T18:26:42+00:00
111-2-CCD-C512-A-3-A,111,2,人文社會科學院,CCD,工藝與創意設計學系,C512,A,大學部,3,A,木作漆藝(二),2,選,14,14,,0,翁群儀,,"5,6, 7,8",,,,,,,"[{""day"": 1, ""dayName"": ""星期一"", ""periods"": [""5"", ""6"", ""7"", ""8""], ""raw"": ""5,6, 7,8""}]",限修及外加,教室:工坊文產教室,https://course.nuk.edu.tw/QueryCourse/tcontent.asp?OpenYear=111&Helf=2&Sclass=CCD&Cono=C512,2026-08-26T18:26:42+00:00
111-2-CCD-C524-A-3-A,111,2,人文社會科學院,CCD,工藝與創意設計學系,C524,A,大學部,3,A,數位設計(二),3,選,26,22,,4,吳亭翰,H1--112,,,,,"5,6, 7",,,"[{""day"": 5, ""dayName"": ""星期五"", ""periods"": [""5"", ""6"", ""7""], ""raw"": ""5,6, 7""}]",限修及外加,教室:H1-112,https://course.nuk.edu.tw/QueryCourse/tcontent.asp?OpenYear=111&Helf=2&Sclass=CCD&Cono=C524,2026-08-26T18:26:42+00:00
111-2-CCD-C525-A-3-A,111,2,人文社會科學院,CCD,工藝與創意設計學系,C525,A,大學部,3,A,數位立體造型設計(二),2,選,38,31,,7,吳亭翰,H1--112,,,,,"3,4",,,"[{""day"": 5, ""dayName"": ""星期五"", ""periods"": [""3"", ""4""], ""raw"": ""3,4""}]",限修及外加,教室:H1-112,https://course.nuk.edu.tw/QueryCourse/tcontent.asp?OpenYear=111&Helf=2&Sclass=CCD&Cono=C525,2026-08-26T18:26:42+00:00
111-2-CCD-C52B-A-3-A,111,2,人文社會科學院,CCD,工藝與創意設計學系,C52B,A,大學部,3,A,媒體創新設計(二),3,選,45,25,,20,王政弘 洪碩延 侯淑姿,H1--110 其他教室,,,"5,6, 7,8, 9,10",,,,,"[{""day"": 3, ""dayName"": ""星期三"", ""periods"": [""5"", ""6"", ""7"", ""8"", ""9"", ""10""], ""raw"": ""5,6, 7,8, 9,10""}]",限修,侯淑姿老師:H1-110；王政弘老師:H1-112；洪碩延老師:H1-334,https://course.nuk.edu.tw/QueryCourse/tcontent.asp?OpenYear=111&Helf=2&Sclass=CCD&Cono=C52B,2026-08-26T18:26:42+00:00
111-2-CCD-C532-A-3-A,111,2,人文社會科學院,CCD,工藝與創意設計學系,C532,A,大學部,3,A,工藝設計(四),3,選,46,34,,12,賴廷鴻 沈明旺 陳冠勳,,,,"5,6, 7,8, 9,10",,,,,"[{""day"": 3, ""dayName"": ""星期三"", ""periods"": [""5"", ""6"", ""7"", ""8"", ""9"", ""10""], ""raw"": ""5,6, 7,8, 9,10""}]",限修及外加,賴廷鴻老師:金工教室；沈明旺老師:木竹教室；陳冠勳老師:塑性教室,https://course.nuk.edu.tw/QueryCourse/tcontent.asp?OpenYear=111&Helf=2&Sclass=CCD&Cono=C532,2026-08-26T18:26:42+00:00
111-2-CCD-C542-A-3-A,111,2,人文社會科學院,CCD,工藝與創意設計學系,C542,A,大學部,3,A,策展實務,3,選,60,11,,49,侯淑姿,H1--332,,"2,3, 4",,,,,,"[{""day"": 2, ""dayName"": ""星期二"", ""periods"": [""2"", ""3"", ""4""], ""raw"": ""2,3, 4""}]",限修,,https://course.nuk.edu.tw/QueryCourse/tcontent.asp?OpenYear=111&Helf=2&Sclass=CCD&Cono=C542,2026-08-26T18:26:42+00:00
111-2-CCD-C553-A-3-A,111,2,人文社會科學院,CCD,工藝與創意設計學系,C553,A,大學部,3,A,初階商業攝影,2,選,13,10,,3,侯淑姿,H1--332,,"6,7",,,,,,"[{""day"": 2, ""dayName"": ""星期二"", ""periods"": [""6"", ""7""], ""raw"": ""6,7""}]",限修及外加,教室:H1-332,https://course.nuk.edu.tw/QueryCourse/tcontent.asp?OpenYear=111&Helf=2&Sclass=CCD&Cono=C553,2026-08-26T18:26:42+00:00
111-2-CCD-C554-A-3-A,111,2,人文社會科學院,CCD,工藝與創意設計學系,C554,A,大學部,3,A,包裝設計,2,選,30,25,,5,黃裕宸,H1--108,,,,"8,9",,,,"[{""day"": 4, ""dayName"": ""星期四"", ""periods"": [""8"", ""9""], ""raw"": ""8,9""}]",限修,教室:H1-108,https://course.nuk.edu.tw/QueryCourse/tcontent.asp?OpenYear=111&Helf=2&Sclass=CCD&Cono=C554,2026-08-26T18:26:42+00:00
111-2-CCD-C555-A-3-A,111,2,人文社會科學院,CCD,工藝與創意設計學系,C555,A,大學部,3,A,文化產品設計概論,3,選,29,25,,4,洪碩延,H1--108,,,,"2,3, 4",,,,"[{""day"": 4, ""dayName"": ""星期四"", ""periods"": [""2"", ""3"", ""4""], ""raw"": ""2,3, 4""}]",限修及外加,,https://course.nuk.edu.tw/QueryCourse/tcontent.asp?OpenYear=111&Helf=2&Sclass=CCD&Cono=C555,2026-08-26T18:26:42+00:00
111-2-CCD-C562-A-3-A,111,2,人文社會科學院,CCD,工藝與創意設計學系,C562,A,大學部,3,A,玉石媒材創作(二),3,選,15,15,,0,盧志松,,,,,,"5,6, 7,8",,,"[{""day"": 5, ""dayName"": ""星期五"", ""periods"": [""5"", ""6"", ""7"", ""8""], ""raw"": ""5,6, 7,8""}]",限修及外加,教室:工坊玉石教室,https://course.nuk.edu.tw/QueryCourse/tcontent.asp?OpenYear=111&Helf=2&Sclass=CCD&Cono=C562,2026-08-26T18:26:42+00:00
111-2-CCD-D102-A-4-A,111,2,人文社會科學院,CCD,工藝與創意設計學系,D102,A,大學部,4,A,畢業製作(二)-A,3,必,35,19,,16,陳冠勳 洪碩延 沈明旺 賴廷鴻,H1--334,"1,2, 3,4, 9,10, 11,12",,,,,,,"[{""day"": 1, ""dayName"": ""星期一"", ""periods"": [""1"", ""2"", ""3"", ""4"", ""9"", ""10"", ""11"", ""12""], ""raw"": ""1,2, 3,4, 9,10, 11,12""}]",先修 限修,洪碩延老師:H1-334、賴廷鴻老師:金工教室、沈明旺老師:木竹教室、陳冠勳老師:塑造教室,https://course.nuk.edu.tw/QueryCourse/tcontent.asp?OpenYear=111&Helf=2&Sclass=CCD&Cono=D102,2026-08-26T18:26:42+00:00
111-2-CCD-D103-A-4-A,111,2,人文社會科學院,CCD,工藝與創意設計學系,D103,A,大學部,4,A,畢業製作(二)-B,3,必,32,22,,10,翁群儀 侯淑姿 王政弘 黃裕宸,H1--112 其他教室,"1,2, 3,4, 9,10, 11,12",,,,,,,"[{""day"": 1, ""dayName"": ""星期一"", ""periods"": [""1"", ""2"", ""3"", ""4"", ""9"", ""10"", ""11"", ""12""], ""raw"": ""1,2, 3,4, 9,10, 11,12""}]",先修 限修及外加,教室:翁群儀老師-文產教室、王政弘老師:H1-112、侯淑姿老師:H1-332、黃裕宸老師:H1-330,https://course.nuk.edu.tw/QueryCourse/tcontent.asp?OpenYear=111&Helf=2&Sclass=CCD&Cono=D103,2026-08-26T18:26:42+00:00
111-2-CHS-A802-A-1-A,111,2,人文社會科學院,CHS,人文社會科學院共同課程,A802,A,大學部,1,A,AI語意應用程式設計實作,3,選,30,29,,1,曾智義,L01-108,,,"5,6, 7",,,,,"[{""day"": 3, ""dayName"": ""星期三"", ""periods"": [""5"", ""6"", ""7""], ""raw"": ""5,6, 7""}]",,課程由通識曾智義老師為主負責教師，課程另有規劃入「人文院_跨領域數位人文設計應用微學程(專業選修)」。開放本院學生及其他學院學生修課，本院學生修課可抵本院所屬學系畢業選修學分，課程與110-2課名相同，內容雖有部分不同，但如有重複修課者，本院所屬學系畢業選修學分不重複採認，教室：需求電腦教室。,https://course.nuk.edu.tw/QueryCourse/tcontent.asp?OpenYear=111&Helf=2&Sclass=CHS&Cono=A802,2026-08-26T18:26:42+00:00
111-2-DA-A02A-A-1-A,111,2,人文社會科學院,DA,建築學系,A02A,A,大學部,1,A,建築設計(二)A,4,必,12,12,,0,馬瑜嬪 顏世樺,H1--101,,,,"1,2, 3,4, 5,6, 7,8",,,,"[{""day"": 4, ""dayName"": ""星期四"", ""periods"": [""1"", ""2"", ""3"", ""4"", ""5"", ""6"", ""7"", ""8""], ""raw"": ""1,2, 3,4, 5,6, 7,8""}]",先修 限修,教室：h1-101,https://course.nuk.edu.tw/QueryCourse/tcontent.asp?OpenYear=111&Helf=2&Sclass=DA&Cono=A02A,2026-08-26T18:26:42+00:00
111-2-DA-A02B-A-1-A,111,2,人文社會科學院,DA,建築學系,A02B,A,大學部,1,A,建築設計(二)B,4,必,14,10,,4,蔡寧 蔡宜君,,,,,"1,2, 3,4, 5,6, 7,8",,,,"[{""day"": 4, ""dayName"": ""星期四"", ""periods"": [""1"", ""2"", ""3"", ""4"", ""5"", ""6"", ""7"", ""8""], ""raw"": ""1,2, 3,4, 5,6, 7,8""}]",先修 限修及外加,教室：藝文空間，教師：蔡寧+蔡宜君建築師,https://course.nuk.edu.tw/QueryCourse/tcontent.asp?OpenYear=111&Helf=2&Sclass=DA&Cono=A02B,2026-08-26T18:26:42+00:00
111-2-DA-A02C-A-1-A,111,2,人文社會科學院,DA,建築學系,A02C,A,大學部,1,A,建築設計(二)C,4,必,15,13,,2,王煦中 黃卓仁,H3--106,,,,"1,2, 3,4, 5,6, 7,8",,,,"[{""day"": 4, ""dayName"": ""星期四"", ""periods"": [""1"", ""2"", ""3"", ""4"", ""5"", ""6"", ""7"", ""8""], ""raw"": ""1,2, 3,4, 5,6, 7,8""}]",先修 限修,教室：h3-106教室,https://course.nuk.edu.tw/QueryCourse/tcontent.asp?OpenYear=111&Helf=2&Sclass=DA&Cono=A02C,2026-08-26T18:26:42+00:00
111-2-DA-A032-A-1-A,111,2,人文社會科學院,DA,建築學系,A032,A,大學部,1,A,建築設計表現法,2,必,42,41,,1,蔡寧,H1--108,,,,,"2,3, 4",,,"[{""day"": 5, ""dayName"": ""星期五"", ""periods"": [""2"", ""3"", ""4""], ""raw"": ""2,3, 4""}]",限修及外加,教室：H1-108圖學教室,https://course.nuk.edu.tw/QueryCourse/tcontent.asp?OpenYear=111&Helf=2&Sclass=DA&Cono=A032,2026-08-26T18:26:42+00:00
111-2-DA-B501-A-1-A,111,2,人文社會科學院,DA,建築學系,B501,A,大學部,1,A,數位創新設計(一),2,選,38,37,,1,馬瑜嬪,L01-610,"6,7",,,,,,,"[{""day"": 1, ""dayName"": ""星期一"", ""periods"": [""6"", ""7""], ""raw"": ""6,7""}]",外加 學程,教室：圖資610電腦教室,https://course.nuk.edu.tw/QueryCourse/tcontent.asp?OpenYear=111&Helf=2&Sclass=DA&Cono=B501,2026-08-26T18:26:42+00:00
111-2-DA-B010-A-2-A,111,2,人文社會科學院,DA,建築學系,B010,A,大學部,2,A,建築構造學(一),2,必,46,33,,13,陳怡兆,H1--102,,,,"3,4",,,,"[{""day"": 4, ""dayName"": ""星期四"", ""periods"": [""3"", ""4""], ""raw"": ""3,4""}]",,教室：h1-102,https://course.nuk.edu.tw/QueryCourse/tcontent.asp?OpenYear=111&Helf=2&Sclass=DA&Cono=B010,2026-08-26T18:26:42+00:00
111-2-DA-B022-A-2-A,111,2,人文社會科學院,DA,建築學系,B022,A,大學部,2,A,近代建築史,2,必,50,35,,15,陳逸杰,H1--107,,,"3,4",,,,,"[{""day"": 3, ""dayName"": ""星期三"", ""periods"": [""3"", ""4""], ""raw"": ""3,4""}]",,教室：H1-107,https://course.nuk.edu.tw/QueryCourse/tcontent.asp?OpenYear=111&Helf=2&Sclass=DA&Cono=B022,2026-08-26T18:26:42+00:00
111-2-DA-B023-A-2-A,111,2,人文社會科學院,DA,建築學系,B023,A,大學部,2,A,建築物理環境,2,必,50,35,,15,葉育君,H1--102,"3,4",,,,,,,"[{""day"": 1, ""dayName"": ""星期一"", ""periods"": [""3"", ""4""], ""raw"": ""3,4""}]",學程,教室H1-102,https://course.nuk.edu.tw/QueryCourse/tcontent.asp?OpenYear=111&Helf=2&Sclass=DA&Cono=B023,2026-08-26T18:26:42+00:00
111-2-DA-B05A-A-2-A,111,2,人文社會科學院,DA,建築學系,B05A,A,大學部,2,A,建築設計(四)A,4,必,16,16,,0,葉育君 辜達齊,H1--101,,"1,2, 3,4, 5,6, 7,8",,,,,,"[{""day"": 2, ""dayName"": ""星期二"", ""periods"": [""1"", ""2"", ""3"", ""4"", ""5"", ""6"", ""7"", ""8""], ""raw"": ""1,2, 3,4, 5,6, 7,8""}]",先修 限修及外加,教室：H1--101。,https://course.nuk.edu.tw/QueryCourse/tcontent.asp?OpenYear=111&Helf=2&Sclass=DA&Cono=B05A,2026-08-26T18:26:42+00:00
111-2-DA-B05B-A-2-A,111,2,人文社會科學院,DA,建築學系,B05B,A,大學部,2,A,建築設計(四)B,4,必,15,11,,4,梁凱翔 葉連廣,,,"1,2, 3,4, 5,6, 7,8",,,,,,"[{""day"": 2, ""dayName"": ""星期二"", ""periods"": [""1"", ""2"", ""3"", ""4"", ""5"", ""6"", ""7"", ""8""], ""raw"": ""1,2, 3,4, 5,6, 7,8""}]",先修 限修及外加,教室：藝文空間,https://course.nuk.edu.tw/QueryCourse/tcontent.asp?OpenYear=111&Helf=2&Sclass=DA&Cono=B05B,2026-08-26T18:26:42+00:00
111-2-DA-B05C-A-2-A,111,2,人文社會科學院,DA,建築學系,B05C,A,大學部,2,A,建築設計(四)C,4,必,16,12,,4,林光浩 徐岩奇,H3--106,,"1,2, 3,4, 5,6, 7,8",,,,,,"[{""day"": 2, ""dayName"": ""星期二"", ""periods"": [""1"", ""2"", ""3"", ""4"", ""5"", ""6"", ""7"", ""8""], ""raw"": ""1,2, 3,4, 5,6, 7,8""}]",先修 限修及外加,教室：h3-106教室,https://course.nuk.edu.tw/QueryCourse/tcontent.asp?OpenYear=111&Helf=2&Sclass=DA&Cono=B05C,2026-08-26T18:26:42+00:00
111-2-DA-C54B-A-2-A,111,2,人文社會科學院,DA,建築學系,C54B,A,大學部,2,A,數位創新設計(三),2,選,37,37,,0,梁凱翔,L01-610,,,"6,7",,,,,"[{""day"": 3, ""dayName"": ""星期三"", ""periods"": [""6"", ""7""], ""raw"": ""6,7""}]",外加 學程,圖資610電腦教室,https://course.nuk.edu.tw/QueryCourse/tcontent.asp?OpenYear=111&Helf=2&Sclass=DA&Cono=C54B,2026-08-26T18:26:42+00:00
111-2-DA-B031-A-3-A,111,2,人文社會科學院,DA,建築學系,B031,A,大學部,3,A,結構學,3,必,51,30,,21,傅昭睿,H1--103,"2,3, 4",,,,,,,"[{""day"": 1, ""dayName"": ""星期一"", ""periods"": [""2"", ""3"", ""4""], ""raw"": ""2,3, 4""}]",,教室：H1-103，教師：傅昭睿,https://course.nuk.edu.tw/QueryCourse/tcontent.asp?OpenYear=111&Helf=2&Sclass=DA&Cono=B031,2026-08-26T18:26:42+00:00
111-2-DA-C02A-A-3-A,111,2,人文社會科學院,DA,建築學系,C02A,A,大學部,3,A,建築設計(六)A,4,必,20,19,,1,楊欣潔 趙文紳,H1--101,,,"1,2, 3,4, 5,6, 7,8",,,,,"[{""day"": 3, ""dayName"": ""星期三"", ""periods"": [""1"", ""2"", ""3"", ""4"", ""5"", ""6"", ""7"", ""8""], ""raw"": ""1,2, 3,4, 5,6, 7,8""}]",先修 限修及外加,教室：h1-101教室,https://course.nuk.edu.tw/QueryCourse/tcontent.asp?OpenYear=111&Helf=2&Sclass=DA&Cono=C02A,2026-08-26T18:26:42+00:00
111-2-DA-C02B-A-3-A,111,2,人文社會科學院,DA,建築學系,C02B,A,大學部,3,A,建築設計(六)B,4,必,13,10,,3,蔡寧 陳仁,,,,"1,2, 3,4, 5,6, 7,8",,,,,"[{""day"": 3, ""dayName"": ""星期三"", ""periods"": [""1"", ""2"", ""3"", ""4"", ""5"", ""6"", ""7"", ""8""], ""raw"": ""1,2, 3,4, 5,6, 7,8""}]",先修 限修及外加,教室：藝文空間,https://course.nuk.edu.tw/QueryCourse/tcontent.asp?OpenYear=111&Helf=2&Sclass=DA&Cono=C02B,2026-08-26T18:26:42+00:00
111-2-DA-C032-A-3-A,111,2,人文社會科學院,DA,建築學系,C032,A,大學部,3,A,都市設計,2,必,50,33,,17,徐弘宇,H1--103,,,,,"3,4",,,"[{""day"": 5, ""dayName"": ""星期五"", ""periods"": [""3"", ""4""], ""raw"": ""3,4""}]",,教室h1-103,https://course.nuk.edu.tw/QueryCourse/tcontent.asp?OpenYear=111&Helf=2&Sclass=DA&Cono=C032,2026-08-26T18:26:42+00:00
111-2-DA-C54D-A-3-A,111,2,人文社會科學院,DA,建築學系,C54D,A,大學部,3,A,數位創新設計(五),2,選,36,36,,0,馬瑜嬪,L01-610,,"6,7",,,,,,"[{""day"": 2, ""dayName"": ""星期二"", ""periods"": [""6"", ""7""], ""raw"": ""6,7""}]",外加 學程,圖資610電腦教室,https://course.nuk.edu.tw/QueryCourse/tcontent.asp?OpenYear=111&Helf=2&Sclass=DA&Cono=C54D,2026-08-26T18:26:42+00:00
111-2-DA-F524-A-3-A,111,2,人文社會科學院,DA,建築學系,F524,A,大學部,3,A,台灣建築史,2,必,50,32,,18,蔡寧,H1--103,,,,,"5,6",,,"[{""day"": 5, ""dayName"": ""星期五"", ""periods"": [""5"", ""6""], ""raw"": ""5,6""}]",,教室h1-103,https://course.nuk.edu.tw/QueryCourse/tcontent.asp?OpenYear=111&Helf=2&Sclass=DA&Cono=F524,2026-08-26T18:26:42+00:00
111-2-DA-D01C-A-4-A,111,2,人文社會科學院,DA,建築學系,D01C,A,大學部,4,A,建築設計(八)A,4,必,13,10,,3,梁凱翔,H1--108,"1,2, 3,4, 5,6, 7,8",,,,,,,"[{""day"": 1, ""dayName"": ""星期一"", ""periods"": [""1"", ""2"", ""3"", ""4"", ""5"", ""6"", ""7"", ""8""], ""raw"": ""1,2, 3,4, 5,6, 7,8""}]",先修 限修,教室：h1-108教室,https://course.nuk.edu.tw/QueryCourse/tcontent.asp?OpenYear=111&Helf=2&Sclass=DA&Cono=D01C,2026-08-26T18:26:42+00:00
111-2-DA-D01D-A-4-A,111,2,人文社會科學院,DA,建築學系,D01D,A,大學部,4,A,建築設計(八)B,4,必,19,12,,7,陳逸杰 史曜齊,H1--101,"1,2, 3,4, 5,6, 7,8",,,,,,,"[{""day"": 1, ""dayName"": ""星期一"", ""periods"": [""1"", ""2"", ""3"", ""4"", ""5"", ""6"", ""7"", ""8""], ""raw"": ""1,2, 3,4, 5,6, 7,8""}]",先修 限修及外加,教室：H1-101,https://course.nuk.edu.tw/QueryCourse/tcontent.asp?OpenYear=111&Helf=2&Sclass=DA&Cono=D01D,2026-08-26T18:26:42+00:00
111-2-DA-D01F-A-4-A,111,2,人文社會科學院,DA,建築學系,D01F,A,大學部,4,A,建築設計(八)C,4,必,11,11,,0,林建宇 劉建志,,"1,2, 3,4, 5,6, 7,8",,,,,,,"[{""day"": 1, ""dayName"": ""星期一"", ""periods"": [""1"", ""2"", ""3"", ""4"", ""5"", ""6"", ""7"", ""8""], ""raw"": ""1,2, 3,4, 5,6, 7,8""}]",先修 限修及外加,教室：藝文空間,https://course.nuk.edu.tw/QueryCourse/tcontent.asp?OpenYear=111&Helf=2&Sclass=DA&Cono=D01F,2026-08-26T18:26:42+00:00
111-2-DA-D501-A-4-A,111,2,人文社會科學院,DA,建築學系,D501,A,大學部,4,A,建築防災,2,選,50,25,,25,楊欣潔,H1--102,,"3,4",,,,,,"[{""day"": 2, ""dayName"": ""星期二"", ""periods"": [""3"", ""4""], ""raw"": ""3,4""}]",,教室：h1-102,https://course.nuk.edu.tw/QueryCourse/tcontent.asp?OpenYear=111&Helf=2&Sclass=DA&Cono=D501,2026-08-26T18:26:42+00:00
111-2-DA-D900-A-4-A,111,2,人文社會科學院,DA,建築學系,D900,A,大學部,4,A,校外實習,2,必,40,29,,11,葉育君,H1--102,,,,,"10,11",,,"[{""day"": 5, ""dayName"": ""星期五"", ""periods"": [""10"", ""11""], ""raw"": ""10,11""}]",,教室h1-102,https://course.nuk.edu.tw/QueryCourse/tcontent.asp?OpenYear=111&Helf=2&Sclass=DA&Cono=D900,2026-08-26T18:26:42+00:00
111-2-DA-F546-A-4-A,111,2,人文社會科學院,DA,建築學系,F546,A,大學部,4,A,低碳木構造建築設計,3,選,39,38,,1,陳仁,H1--107,,,,"2,3, 4",,,,"[{""day"": 4, ""dayName"": ""星期四"", ""periods"": [""2"", ""3"", ""4""], ""raw"": ""2,3, 4""}]",外加,教室h1-107. 本課程大四與碩士班合開。,https://course.nuk.edu.tw/QueryCourse/tcontent.asp?OpenYear=111&Helf=2&Sclass=DA&Cono=F546,2026-08-26T18:26:42+00:00
111-2-DA-F612-A-4-A,111,2,人文社會科學院,DA,建築學系,F612,A,大學部,4,A,文化資產與城市共學,3,選,33,33,,0,陳仁,H1--107,,"5,6, 7",,,,,,"[{""day"": 2, ""dayName"": ""星期二"", ""periods"": [""5"", ""6"", ""7""], ""raw"": ""5,6, 7""}]",外加,教室：h1-107。本課程為大四與碩士班合開,https://course.nuk.edu.tw/QueryCourse/tcontent.asp?OpenYear=111&Helf=2&Sclass=DA&Cono=F612,2026-08-26T18:26:42+00:00
111-2-DA-F678-A-4-A,111,2,人文社會科學院,DA,建築學系,F678,A,大學部,4,A,數位創新設計(八)-城市資訊模型模擬應用,2,選,12,12,,0,陳怡兆,H3--110,"9,10",,,,,,,"[{""day"": 1, ""dayName"": ""星期一"", ""periods"": [""9"", ""10""], ""raw"": ""9,10""}]",外加,教室：h3-110，本課程開放大三、大四共同上課。本課程為配合虛擬實境競賽的課程，擬修課同學須經任課老師簽名加簽。限修人數10人,https://course.nuk.edu.tw/QueryCourse/tcontent.asp?OpenYear=111&Helf=2&Sclass=DA&Cono=F678,2026-08-26T18:26:42+00:00
111-2-DA-E010-A-5-A,111,2,人文社會科學院,DA,建築學系,E010,A,大學部,5,A,建築設計(十)A,5,必,12,12,,0,馬瑜嬪 楊欣潔 陳逸杰 陳仁 趙建銘 黃冠中,H1--108,,,,,,"1,2, 3,4, 5,6, 7,8",,"[{""day"": 6, ""dayName"": ""星期六"", ""periods"": [""1"", ""2"", ""3"", ""4"", ""5"", ""6"", ""7"", ""8""], ""raw"": ""1,2, 3,4, 5,6, 7,8""}]",先修,教室：H1-108,https://course.nuk.edu.tw/QueryCourse/tcontent.asp?OpenYear=111&Helf=2&Sclass=DA&Cono=E010,2026-08-26T18:26:42+00:00
111-2-DA-E011-A-5-A,111,2,人文社會科學院,DA,建築學系,E011,A,大學部,5,A,建築設計(十)B,5,必,12,12,,0,梁凱翔 蔡寧 葉育君 黃郁仁 陳怡兆 謝宗哲,,,,,,,"1,2, 3,4, 5,6, 7,8",,"[{""day"": 6, ""dayName"": ""星期六"", ""periods"": [""1"", ""2"", ""3"", ""4"", ""5"", ""6"", ""7"", ""8""], ""raw"": ""1,2, 3,4, 5,6, 7,8""}]",先修,教室：藝文空間,https://course.nuk.edu.tw/QueryCourse/tcontent.asp?OpenYear=111&Helf=2&Sclass=DA&Cono=E011,2026-08-26T18:26:42+00:00
111-2-DA-T02B-L-1-,111,2,人文社會科學院,DA,建築學系,T02B,L,碩士在職專班,1,,專題研討(二),0,必,50,15,,35,陳怡兆,H1--102,,,"8,9, 10",,,,,"[{""day"": 3, ""dayName"": ""星期三"", ""periods"": [""8"", ""9"", ""10""], ""raw"": ""8,9, 10""}]",,教室：h1-102,https://course.nuk.edu.tw/QueryCourse/tcontent.asp?OpenYear=111&Helf=2&Sclass=DA&Cono=T02B,2026-08-26T18:26:42+00:00
111-2-DA-T510-L-1-,111,2,人文社會科學院,DA,建築學系,T510,L,碩士在職專班,1,,西洋建築史總論,3,選,20,9,,11,陳逸杰,H1--101,"10,11, 12",,,,,,,"[{""day"": 1, ""dayName"": ""星期一"", ""periods"": [""10"", ""11"", ""12""], ""raw"": ""10,11, 12""}]",,教室：h1-101,https://course.nuk.edu.tw/QueryCourse/tcontent.asp?OpenYear=111&Helf=2&Sclass=DA&Cono=T510,2026-08-26T18:26:42+00:00
111-2-DA-T52A-L-1-,111,2,人文社會科學院,DA,建築學系,T52A,L,碩士在職專班,1,,建築工程契約與施工管理,3,選,43,38,,5,呂文豪,H1--102,,"10,11, 12",,,,,,"[{""day"": 2, ""dayName"": ""星期二"", ""periods"": [""10"", ""11"", ""12""], ""raw"": ""10,11, 12""}]",外加,教室：h1-102,https://course.nuk.edu.tw/QueryCourse/tcontent.asp?OpenYear=111&Helf=2&Sclass=DA&Cono=T52A,2026-08-26T18:26:42+00:00
111-2-DA-T52B-L-1-,111,2,人文社會科學院,DA,建築學系,T52B,L,碩士在職專班,1,,建築創新技術與實務專論,3,選,40,33,,7,張博碩 蘇志勳,H1--102,,,,,,"2,3, 4",,"[{""day"": 6, ""dayName"": ""星期六"", ""periods"": [""2"", ""3"", ""4""], ""raw"": ""2,3, 4""}]",,教室h1-102,https://course.nuk.edu.tw/QueryCourse/tcontent.asp?OpenYear=111&Helf=2&Sclass=DA&Cono=T52B,2026-08-26T18:26:42+00:00
111-2-DA-T537-L-1-,111,2,人文社會科學院,DA,建築學系,T537,L,碩士在職專班,1,,建築防火避難設計特論,3,選,30,17,,13,楊欣潔,H1--102,"10,11, 12",,,,,,,"[{""day"": 1, ""dayName"": ""星期一"", ""periods"": [""10"", ""11"", ""12""], ""raw"": ""10,11, 12""}]",,教室h1-102，本課程碩士、碩專不分年級皆可選修,https://course.nuk.edu.tw/QueryCourse/tcontent.asp?OpenYear=111&Helf=2&Sclass=DA&Cono=T537,2026-08-26T18:26:42+00:00
111-2-DA-T546-L-1-,111,2,人文社會科學院,DA,建築學系,T546,L,碩士在職專班,1,,都市計畫理論與實務講座,3,選,30,13,,17,吳文彥,,,,,,,,"2,3, 4","[{""day"": 7, ""dayName"": ""星期日"", ""periods"": [""2"", ""3"", ""4""], ""raw"": ""2,3, 4""}]",,上課教室：高雄大學推廣教育中心明誠分部高雄市左營區明誠二路332號4F(農田水利會大樓4樓),https://course.nuk.edu.tw/QueryCourse/tcontent.asp?OpenYear=111&Helf=2&Sclass=DA&Cono=T546,2026-08-26T18:26:42+00:00
111-2-DA-T571-L-1-,111,2,人文社會科學院,DA,建築學系,T571,L,碩士在職專班,1,,室內設計實務,3,選,40,33,,7,梁凱翔,H1--102,,,,"10,11, 12",,,,"[{""day"": 4, ""dayName"": ""星期四"", ""periods"": [""10"", ""11"", ""12""], ""raw"": ""10,11, 12""}]",外加,教室H1-102。,https://course.nuk.edu.tw/QueryCourse/tcontent.asp?OpenYear=111&Helf=2&Sclass=DA&Cono=T571,2026-08-26T18:26:42+00:00
111-2-DA-F011-M-1-,111,2,人文社會科學院,DA,建築學系,F011,M,碩士班,1,,專題研討(二),3,必,51,17,,34,葉育君,H1--107,,,"8,9, 10",,,,,"[{""day"": 3, ""dayName"": ""星期三"", ""periods"": [""8"", ""9"", ""10""], ""raw"": ""8,9, 10""}]",,教室：h1-107,https://course.nuk.edu.tw/QueryCourse/tcontent.asp?OpenYear=111&Helf=2&Sclass=DA&Cono=F011,2026-08-26T18:26:42+00:00
111-2-DA-F527-M-1-,111,2,人文社會科學院,DA,建築學系,F527,M,碩士班,1,,東亞近代建築史專題,3,選,20,11,,9,陳逸杰,H1--107,,,"5,6, 7",,,,,"[{""day"": 3, ""dayName"": ""星期三"", ""periods"": [""5"", ""6"", ""7""], ""raw"": ""5,6, 7""}]",,教室：h1-107,https://course.nuk.edu.tw/QueryCourse/tcontent.asp?OpenYear=111&Helf=2&Sclass=DA&Cono=F527,2026-08-26T18:26:42+00:00
111-2-DA-F545-M-1-,111,2,人文社會科學院,DA,建築學系,F545,M,碩士班,1,,建築防災計畫特論,3,選,20,3,,17,楊欣潔,H1--102,,"5,6, 7",,,,,,"[{""day"": 2, ""dayName"": ""星期二"", ""periods"": [""5"", ""6"", ""7""], ""raw"": ""5,6, 7""}]",,教室H1-102。,https://course.nuk.edu.tw/QueryCourse/tcontent.asp?OpenYear=111&Helf=2&Sclass=DA&Cono=F545,2026-08-26T18:26:42+00:00
111-2-DA-F546-M-1-,111,2,人文社會科學院,DA,建築學系,F546,M,碩士班,1,,低碳木構造建築設計,3,選,39,38,,1,陳仁,H1--107,,,,"2,3, 4",,,,"[{""day"": 4, ""dayName"": ""星期四"", ""periods"": [""2"", ""3"", ""4""], ""raw"": ""2,3, 4""}]",外加,"教室h1-107, 本課程大四與碩士班合開。",https://course.nuk.edu.tw/QueryCourse/tcontent.asp?OpenYear=111&Helf=2&Sclass=DA&Cono=F546,2026-08-26T18:26:42+00:00
111-2-DA-F575-M-1-,111,2,人文社會科學院,DA,建築學系,F575,M,碩士班,1,,建築設計與氣象學研究專論,3,選,20,7,,13,葉育君,H1--103,"5,6, 7",,,,,,,"[{""day"": 1, ""dayName"": ""星期一"", ""periods"": [""5"", ""6"", ""7""], ""raw"": ""5,6, 7""}]",,本課程開放大四大五修課，全英授課，教室H1-103,https://course.nuk.edu.tw/QueryCourse/tcontent.asp?OpenYear=111&Helf=2&Sclass=DA&Cono=F575,2026-08-26T18:26:42+00:00
111-2-DA-F612-M-1-,111,2,人文社會科學院,DA,建築學系,F612,M,碩士班,1,,文化資產與城市共學,3,選,33,33,,0,陳仁,H1--107,,"5,6, 7",,,,,,"[{""day"": 2, ""dayName"": ""星期二"", ""periods"": [""5"", ""6"", ""7""], ""raw"": ""5,6, 7""}]",外加,教室h1-107，本課程大四與碩士班合開,https://course.nuk.edu.tw/QueryCourse/tcontent.asp?OpenYear=111&Helf=2&Sclass=DA&Cono=F612,2026-08-26T18:26:42+00:00
111-2-DAP-A005-A-1-A,111,2,人文社會科學院,DAP,運動競技學系,A005,A,大學部,1,A,運動行銷學,2,必,56,55,,1,孫美蓮,B01-207-4,,,"3,4",,,,,"[{""day"": 3, ""dayName"": ""星期三"", ""periods"": [""3"", ""4""], ""raw"": ""3,4""}]",限修及外加,207-4教室,https://course.nuk.edu.tw/QueryCourse/tcontent.asp?OpenYear=111&Helf=2&Sclass=DAP&Cono=A005,2026-08-26T18:26:42+00:00
111-2-DAP-A01B-A-1-A,111,2,人文社會科學院,DAP,運動競技學系,A01B,A,大學部,1,A,專長術科(棒球)-Ⅱ,4,必,15,15,,0,李坤哲,其他教室,,"1,2, 3,4",,"5,6, 7,8",,,,"[{""day"": 2, ""dayName"": ""星期二"", ""periods"": [""1"", ""2"", ""3"", ""4""], ""raw"": ""1,2, 3,4""}, {""day"": 4, ""dayName"": ""星期四"", ""periods"": [""5"", ""6"", ""7"", ""8""], ""raw"": ""5,6, 7,8""}]",限修,授課老師：李坤哲，專長術科（棒球）-Ⅱ、Ⅳ、Ⅵ、Ⅷ每週二(1-4節)、四(5-8節）棒球場上課,https://course.nuk.edu.tw/QueryCourse/tcontent.asp?OpenYear=111&Helf=2&Sclass=DAP&Cono=A01B,2026-08-26T18:26:42+00:00
111-2-DAP-A02B-A-1-A,111,2,人文社會科學院,DAP,運動競技學系,A02B,A,大學部,1,A,專長術科(桌球)-Ⅱ,4,必,6,6,,0,王明月,其他教室,,"1,2, 3,4",,"5,6, 7,8",,,,"[{""day"": 2, ""dayName"": ""星期二"", ""periods"": [""1"", ""2"", ""3"", ""4""], ""raw"": ""1,2, 3,4""}, {""day"": 4, ""dayName"": ""星期四"", ""periods"": [""5"", ""6"", ""7"", ""8""], ""raw"": ""5,6, 7,8""}]",限修,授課老師：王明月，專長術科（桌球）-Ⅱ、Ⅳ、Ⅵ、Ⅷ每週二(1-4節)、四(5-8節)桌球場上課,https://course.nuk.edu.tw/QueryCourse/tcontent.asp?OpenYear=111&Helf=2&Sclass=DAP&Cono=A02B,2026-08-26T18:26:42+00:00
111-2-DAP-A03B-A-1-A,111,2,人文社會科學院,DAP,運動競技學系,A03B,A,大學部,1,A,專長術科(游泳)-Ⅱ,4,必,6,6,,0,林季嬋,其他教室,,"1,2, 3,4",,"5,6, 7,8",,,,"[{""day"": 2, ""dayName"": ""星期二"", ""periods"": [""1"", ""2"", ""3"", ""4""], ""raw"": ""1,2, 3,4""}, {""day"": 4, ""dayName"": ""星期四"", ""periods"": [""5"", ""6"", ""7"", ""8""], ""raw"": ""5,6, 7,8""}]",限修,授課老師：林季嬋，專長術科（游泳）-Ⅱ、Ⅳ、Ⅵ、Ⅷ每週二(1-4節)、四(5-8節)游泳池水用4水道上課,https://course.nuk.edu.tw/QueryCourse/tcontent.asp?OpenYear=111&Helf=2&Sclass=DAP&Cono=A03B,2026-08-26T18:26:42+00:00
111-2-DAP-A04B-A-1-A,111,2,人文社會科學院,DAP,運動競技學系,A04B,A,大學部,1,A,專長術科(羽球)-Ⅱ,4,必,9,9,,0,黃全成,其他教室,,"1,2, 3,4",,"5,6, 7,8",,,,"[{""day"": 2, ""dayName"": ""星期二"", ""periods"": [""1"", ""2"", ""3"", ""4""], ""raw"": ""1,2, 3,4""}, {""day"": 4, ""dayName"": ""星期四"", ""periods"": [""5"", ""6"", ""7"", ""8""], ""raw"": ""5,6, 7,8""}]",限修,授課老師：黃全成，專長術科（羽球）-Ⅱ、Ⅳ、Ⅵ、Ⅷ每週二(1-4節)、四(5-8節)羽球場上課,https://course.nuk.edu.tw/QueryCourse/tcontent.asp?OpenYear=111&Helf=2&Sclass=DAP&Cono=A04B,2026-08-26T18:26:42+00:00
111-2-DAP-A051-A-1-A,111,2,人文社會科學院,DAP,運動競技學系,A051,A,大學部,1,A,人體解剖學,2,必,58,56,,2,林季嬋,B01-207-4,"1,2",,,,,,,"[{""day"": 1, ""dayName"": ""星期一"", ""periods"": [""1"", ""2""], ""raw"": ""1,2""}]",限修及外加,207-4教室,https://course.nuk.edu.tw/QueryCourse/tcontent.asp?OpenYear=111&Helf=2&Sclass=DAP&Cono=A051,2026-08-26T18:26:42+00:00
111-2-DAP-A05B-A-1-A,111,2,人文社會科學院,DAP,運動競技學系,A05B,A,大學部,1,A,專長術科(足球)-Ⅱ,4,必,10,10,,0,陳建志,,,"1,2, 3,4",,"5,6, 7,8",,,,"[{""day"": 2, ""dayName"": ""星期二"", ""periods"": [""1"", ""2"", ""3"", ""4""], ""raw"": ""1,2, 3,4""}, {""day"": 4, ""dayName"": ""星期四"", ""periods"": [""5"", ""6"", ""7"", ""8""], ""raw"": ""5,6, 7,8""}]",限修,授課老師：陳建志，專長術科（足球）-Ⅱ、Ⅳ、Ⅵ、Ⅷ每週二(1-4節)、四(5-8節)桌球場上課,https://course.nuk.edu.tw/QueryCourse/tcontent.asp?OpenYear=111&Helf=2&Sclass=DAP&Cono=A05B,2026-08-26T18:26:42+00:00
111-2-DAP-A061-A-1-A,111,2,人文社會科學院,DAP,運動競技學系,A061,A,大學部,1,A,飛盤運動,1,選,55,51,,4,陳宗榮,,,,,,"1,2",,,"[{""day"": 5, ""dayName"": ""星期五"", ""periods"": [""1"", ""2""], ""raw"": ""1,2""}]",限修,綜合球場(木球場二),https://course.nuk.edu.tw/QueryCourse/tcontent.asp?OpenYear=111&Helf=2&Sclass=DAP&Cono=A061,2026-08-26T18:26:42+00:00
111-2-DAP-A06B-A-1-A,111,2,人文社會科學院,DAP,運動競技學系,A06B,A,大學部,1,A,專長術科(木球)-Ⅱ,4,必,7,7,,0,葉天相,其他教室,,"1,2, 3,4",,"5,6, 7,8",,,,"[{""day"": 2, ""dayName"": ""星期二"", ""periods"": [""1"", ""2"", ""3"", ""4""], ""raw"": ""1,2, 3,4""}, {""day"": 4, ""dayName"": ""星期四"", ""periods"": [""5"", ""6"", ""7"", ""8""], ""raw"": ""5,6, 7,8""}]",限修,授課老師：葉天相，專長術科（木球）-Ⅱ、Ⅳ、Ⅵ、Ⅷ每週二(1-4節)、四（5-8節）木球場上課,https://course.nuk.edu.tw/QueryCourse/tcontent.asp?OpenYear=111&Helf=2&Sclass=DAP&Cono=A06B,2026-08-26T18:26:42+00:00
111-2-DAP-A501-A-1-A,111,2,人文社會科學院,DAP,運動競技學系,A501,A,大學部,1,A,運動場地設施與管理,2,選,57,54,,3,林政德,B01-207-4,,,,,"3,4",,,"[{""day"": 5, ""dayName"": ""星期五"", ""periods"": [""3"", ""4""], ""raw"": ""3,4""}]",限修及外加,207-4教室,https://course.nuk.edu.tw/QueryCourse/tcontent.asp?OpenYear=111&Helf=2&Sclass=DAP&Cono=A501,2026-08-26T18:26:42+00:00
111-2-DAP-A512-A-1-A,111,2,人文社會科學院,DAP,運動競技學系,A512,A,大學部,1,A,體育活動設計,2,選,56,54,,2,黃全成,B01-207-4,"5,6",,,,,,,"[{""day"": 1, ""dayName"": ""星期一"", ""periods"": [""5"", ""6""], ""raw"": ""5,6""}]",限修及外加,207-4教室,https://course.nuk.edu.tw/QueryCourse/tcontent.asp?OpenYear=111&Helf=2&Sclass=DAP&Cono=A512,2026-08-26T18:26:42+00:00
111-2-DAP-B05C-A-1-A,111,2,人文社會科學院,DAP,運動競技學系,B05C,A,大學部,1,A,體適能(Ⅱ),1,必,57,55,,2,陳宗榮,B01-207-4,,,,"3,4",,,,"[{""day"": 4, ""dayName"": ""星期四"", ""periods"": [""3"", ""4""], ""raw"": ""3,4""}]",限修及外加,207-4教室、重量訓練教室(一)(二),https://course.nuk.edu.tw/QueryCourse/tcontent.asp?OpenYear=111&Helf=2&Sclass=DAP&Cono=B05C,2026-08-26T18:26:42+00:00
111-2-DAP-B06D-A-1-A,111,2,人文社會科學院,DAP,運動競技學系,B06D,A,大學部,1,A,游泳(Ⅱ),1,必,55,55,,0,葉天相,,,"5,6",,,,,,"[{""day"": 2, ""dayName"": ""星期二"", ""periods"": [""5"", ""6""], ""raw"": ""5,6""}]",限修及外加,游泳池使用4水道,https://course.nuk.edu.tw/QueryCourse/tcontent.asp?OpenYear=111&Helf=2&Sclass=DAP&Cono=B06D,2026-08-26T18:26:42+00:00
111-2-DAP-B003-A-2-A,111,2,人文社會科學院,DAP,運動競技學系,B003,A,大學部,2,A,運動生物力學,2,必,55,36,,19,陳宗榮,B01-207-4,"3,4",,,,,,,"[{""day"": 1, ""dayName"": ""星期一"", ""periods"": [""3"", ""4""], ""raw"": ""3,4""}]",限修,207-4教室,https://course.nuk.edu.tw/QueryCourse/tcontent.asp?OpenYear=111&Helf=2&Sclass=DAP&Cono=B003,2026-08-26T18:26:42+00:00
111-2-DAP-B01B-A-2-A,111,2,人文社會科學院,DAP,運動競技學系,B01B,A,大學部,2,A,專長術科(棒球)-Ⅳ,4,必,15,12,,3,李坤哲,其他教室,,"1,2, 3,4",,"5,6, 7,8",,,,"[{""day"": 2, ""dayName"": ""星期二"", ""periods"": [""1"", ""2"", ""3"", ""4""], ""raw"": ""1,2, 3,4""}, {""day"": 4, ""dayName"": ""星期四"", ""periods"": [""5"", ""6"", ""7"", ""8""], ""raw"": ""5,6, 7,8""}]",限修,授課老師：李坤哲，專長術科（棒球）-Ⅱ、Ⅳ、Ⅵ、Ⅷ每週二(1-4節)、四(5-8節)棒球場上課,https://course.nuk.edu.tw/QueryCourse/tcontent.asp?OpenYear=111&Helf=2&Sclass=DAP&Cono=B01B,2026-08-26T18:26:42+00:00
111-2-DAP-B02B-A-2-A,111,2,人文社會科學院,DAP,運動競技學系,B02B,A,大學部,2,A,專長術科(桌球)-Ⅳ,4,必,8,7,,1,王明月,其他教室,,"1,2, 3,4",,"5,6, 7,8",,,,"[{""day"": 2, ""dayName"": ""星期二"", ""periods"": [""1"", ""2"", ""3"", ""4""], ""raw"": ""1,2, 3,4""}, {""day"": 4, ""dayName"": ""星期四"", ""periods"": [""5"", ""6"", ""7"", ""8""], ""raw"": ""5,6, 7,8""}]",限修,授課老師：王明月，專長術科（桌球）-Ⅱ、Ⅳ、Ⅵ、Ⅷ每週二(1-4節)、四(5-8節)桌球場上課,https://course.nuk.edu.tw/QueryCourse/tcontent.asp?OpenYear=111&Helf=2&Sclass=DAP&Cono=B02B,2026-08-26T18:26:42+00:00
111-2-DAP-B03B-A-2-A,111,2,人文社會科學院,DAP,運動競技學系,B03B,A,大學部,2,A,專長術科(游泳)-Ⅳ,4,必,1,1,,0,林季嬋,其他教室,,"1,2, 3,4",,"5,6, 7,8",,,,"[{""day"": 2, ""dayName"": ""星期二"", ""periods"": [""1"", ""2"", ""3"", ""4""], ""raw"": ""1,2, 3,4""}, {""day"": 4, ""dayName"": ""星期四"", ""periods"": [""5"", ""6"", ""7"", ""8""], ""raw"": ""5,6, 7,8""}]",限修,授課老師：林季嬋，專長術科（游泳）-Ⅱ、Ⅳ、Ⅵ、Ⅷ每週二(1-4節)、四(5-8節)游泳池水用4水道上課,https://course.nuk.edu.tw/QueryCourse/tcontent.asp?OpenYear=111&Helf=2&Sclass=DAP&Cono=B03B,2026-08-26T18:26:42+00:00
111-2-DAP-B04B-A-2-A,111,2,人文社會科學院,DAP,運動競技學系,B04B,A,大學部,2,A,專長術科(羽球)-Ⅳ,4,必,12,12,,0,黃全成,其他教室,,"1,2, 3,4",,"5,6, 7,8",,,,"[{""day"": 2, ""dayName"": ""星期二"", ""periods"": [""1"", ""2"", ""3"", ""4""], ""raw"": ""1,2, 3,4""}, {""day"": 4, ""dayName"": ""星期四"", ""periods"": [""5"", ""6"", ""7"", ""8""], ""raw"": ""5,6, 7,8""}]",限修及外加,授課老師：黃全成，專長術科（羽球）-Ⅱ、Ⅳ、Ⅵ、Ⅷ每週二（1-4節）、四（5-8節）羽球場上課,https://course.nuk.edu.tw/QueryCourse/tcontent.asp?OpenYear=111&Helf=2&Sclass=DAP&Cono=B04B,2026-08-26T18:26:42+00:00
111-2-DAP-B071-A-2-A,111,2,人文社會科學院,DAP,運動競技學系,B071,A,大學部,2,A,運動科學講座,2,必,49,40,,9,孫美蓮,B01-207-4,,"8,9",,,,,,"[{""day"": 2, ""dayName"": ""星期二"", ""periods"": [""8"", ""9""], ""raw"": ""8,9""}]",限修及外加,207-4教室,https://course.nuk.edu.tw/QueryCourse/tcontent.asp?OpenYear=111&Helf=2&Sclass=DAP&Cono=B071,2026-08-26T18:26:42+00:00
111-2-DAP-B07B-A-2-A,111,2,人文社會科學院,DAP,運動競技學系,B07B,A,大學部,2,A,專長術科(木球)-IV,4,必,6,6,,0,葉天相,,,"1,2, 3,4",,"5,6, 7,8",,,,"[{""day"": 2, ""dayName"": ""星期二"", ""periods"": [""1"", ""2"", ""3"", ""4""], ""raw"": ""1,2, 3,4""}, {""day"": 4, ""dayName"": ""星期四"", ""periods"": [""5"", ""6"", ""7"", ""8""], ""raw"": ""5,6, 7,8""}]",限修,授課老師：葉天相，專長術科（木球）-Ⅱ、Ⅳ、Ⅵ、Ⅷ每週二(1-4節)、五(5-8節)木球場上課,https://course.nuk.edu.tw/QueryCourse/tcontent.asp?OpenYear=111&Helf=2&Sclass=DAP&Cono=B07B,2026-08-26T18:26:42+00:00
111-2-DAP-B501-A-2-A,111,2,人文社會科學院,DAP,運動競技學系,B501,A,大學部,2,A,運動團隊管理與領導,2,選,45,37,,8,林政德,B01-207-6,,,,"3,4",,,,"[{""day"": 4, ""dayName"": ""星期四"", ""periods"": [""3"", ""4""], ""raw"": ""3,4""}]",限修,207-6教室,https://course.nuk.edu.tw/QueryCourse/tcontent.asp?OpenYear=111&Helf=2&Sclass=DAP&Cono=B501,2026-08-26T18:26:42+00:00
111-2-DAP-B521-A-2-A,111,2,人文社會科學院,DAP,運動競技學系,B521,A,大學部,2,A,肌力與體能訓練,1,選,45,36,,9,陳宗榮,B01-207-4,,,"7,8",,,,,"[{""day"": 3, ""dayName"": ""星期三"", ""periods"": [""7"", ""8""], ""raw"": ""7,8""}]",限修,207-4教室、重量訓練教室(一)(二),https://course.nuk.edu.tw/QueryCourse/tcontent.asp?OpenYear=111&Helf=2&Sclass=DAP&Cono=B521,2026-08-26T18:26:42+00:00
111-2-DAP-B533-A-2-A,111,2,人文社會科學院,DAP,運動競技學系,B533,A,大學部,2,A,桌球,1,選,45,25,,20,王明月,,"5,6",,,,,,,"[{""day"": 1, ""dayName"": ""星期一"", ""periods"": [""5"", ""6""], ""raw"": ""5,6""}]",限修,桌球場,https://course.nuk.edu.tw/QueryCourse/tcontent.asp?OpenYear=111&Helf=2&Sclass=DAP&Cono=B533,2026-08-26T18:26:42+00:00
111-2-DAP-B535-A-2-A,111,2,人文社會科學院,DAP,運動競技學系,B535,A,大學部,2,A,田徑,1,選,45,30,,15,葉天相,,,,"3,4",,,,,"[{""day"": 3, ""dayName"": ""星期三"", ""periods"": [""3"", ""4""], ""raw"": ""3,4""}]",限修,田徑場,https://course.nuk.edu.tw/QueryCourse/tcontent.asp?OpenYear=111&Helf=2&Sclass=DAP&Cono=B535,2026-08-26T18:26:42+00:00
111-2-DAP-B54B-A-2-A,111,2,人文社會科學院,DAP,運動競技學系,B54B,A,大學部,2,A,水上救生(Ⅱ),1,選,46,37,,9,葉天相,,,,"5,6",,,,,"[{""day"": 3, ""dayName"": ""星期三"", ""periods"": [""5"", ""6""], ""raw"": ""5,6""}]",限修及外加,游泳池使用4水道,https://course.nuk.edu.tw/QueryCourse/tcontent.asp?OpenYear=111&Helf=2&Sclass=DAP&Cono=B54B,2026-08-26T18:26:42+00:00
111-2-DAP-B551-A-2-A,111,2,人文社會科學院,DAP,運動競技學系,B551,A,大學部,2,A,運動傷害與急救,2,選,46,35,,11,陳宗榮,B01-207-6,,,"1,2",,,,,"[{""day"": 3, ""dayName"": ""星期三"", ""periods"": [""1"", ""2""], ""raw"": ""1,2""}]",限修及外加,207-6教室,https://course.nuk.edu.tw/QueryCourse/tcontent.asp?OpenYear=111&Helf=2&Sclass=DAP&Cono=B551,2026-08-26T18:26:42+00:00
111-2-DAP-C002-A-3-A,111,2,人文社會科學院,DAP,運動競技學系,C002,A,大學部,3,A,運動教練學,2,必,46,44,,2,李坤哲,B01-207-6,"5,6",,,,,,,"[{""day"": 1, ""dayName"": ""星期一"", ""periods"": [""5"", ""6""], ""raw"": ""5,6""}]",限修及外加,207-6教室,https://course.nuk.edu.tw/QueryCourse/tcontent.asp?OpenYear=111&Helf=2&Sclass=DAP&Cono=C002,2026-08-26T18:26:42+00:00
111-2-DAP-C01B-A-3-A,111,2,人文社會科學院,DAP,運動競技學系,C01B,A,大學部,3,A,專長術科(棒球)-Ⅵ,4,必,12,12,,0,李坤哲,其他教室,,"1,2, 3,4",,"5,6, 7,8",,,,"[{""day"": 2, ""dayName"": ""星期二"", ""periods"": [""1"", ""2"", ""3"", ""4""], ""raw"": ""1,2, 3,4""}, {""day"": 4, ""dayName"": ""星期四"", ""periods"": [""5"", ""6"", ""7"", ""8""], ""raw"": ""5,6, 7,8""}]",限修,授課老師：李坤哲，專長術科（棒球）-Ⅱ、Ⅳ、Ⅵ、Ⅷ每週二（1-4節）、四（5-8節）棒球場上課,https://course.nuk.edu.tw/QueryCourse/tcontent.asp?OpenYear=111&Helf=2&Sclass=DAP&Cono=C01B,2026-08-26T18:26:42+00:00
111-2-DAP-C02B-A-3-A,111,2,人文社會科學院,DAP,運動競技學系,C02B,A,大學部,3,A,專長術科(桌球)-Ⅵ,4,必,8,8,,0,王明月,其他教室,,"1,2, 3,4",,"5,6, 7,8",,,,"[{""day"": 2, ""dayName"": ""星期二"", ""periods"": [""1"", ""2"", ""3"", ""4""], ""raw"": ""1,2, 3,4""}, {""day"": 4, ""dayName"": ""星期四"", ""periods"": [""5"", ""6"", ""7"", ""8""], ""raw"": ""5,6, 7,8""}]",限修,授課老師：王明月，專長術科（桌球）-Ⅱ、Ⅳ、Ⅵ、Ⅷ每週二(1-4節)、五(5-8節)桌球場上課,https://course.nuk.edu.tw/QueryCourse/tcontent.asp?OpenYear=111&Helf=2&Sclass=DAP&Cono=C02B,2026-08-26T18:26:42+00:00
111-2-DAP-C03B-A-3-A,111,2,人文社會科學院,DAP,運動競技學系,C03B,A,大學部,3,A,專長術科(游泳)-Ⅵ,4,必,8,8,,0,林季嬋,其他教室,,"1,2, 3,4",,"5,6, 7,8",,,,"[{""day"": 2, ""dayName"": ""星期二"", ""periods"": [""1"", ""2"", ""3"", ""4""], ""raw"": ""1,2, 3,4""}, {""day"": 4, ""dayName"": ""星期四"", ""periods"": [""5"", ""6"", ""7"", ""8""], ""raw"": ""5,6, 7,8""}]",限修,授課老師：林季嬋，專長術科（游泳）-Ⅱ、Ⅳ、Ⅵ、Ⅷ每週二（1-4節）、四（5-8節）游泳池使用4水道上課,https://course.nuk.edu.tw/QueryCourse/tcontent.asp?OpenYear=111&Helf=2&Sclass=DAP&Cono=C03B,2026-08-26T18:26:42+00:00
111-2-DAP-C04B-A-3-A,111,2,人文社會科學院,DAP,運動競技學系,C04B,A,大學部,3,A,專長術科(羽球)-Ⅵ,4,必,12,12,,0,黃全成,其他教室,,"1,2, 3,4",,"5,6, 7,8",,,,"[{""day"": 2, ""dayName"": ""星期二"", ""periods"": [""1"", ""2"", ""3"", ""4""], ""raw"": ""1,2, 3,4""}, {""day"": 4, ""dayName"": ""星期四"", ""periods"": [""5"", ""6"", ""7"", ""8""], ""raw"": ""5,6, 7,8""}]",限修,授課老師：黃全成，專長術科（羽球）-Ⅱ、Ⅳ、Ⅵ、Ⅷ每週二（1-4節）、四（5-8節）羽球場上課,https://course.nuk.edu.tw/QueryCourse/tcontent.asp?OpenYear=111&Helf=2&Sclass=DAP&Cono=C04B,2026-08-26T18:26:42+00:00
111-2-DAP-C05B-A-3-A,111,2,人文社會科學院,DAP,運動競技學系,C05B,A,大學部,3,A,專長術科(木球)-Ⅵ,4,必,3,3,,0,葉天相,,,"1,2, 3,4",,"5,6, 7,8",,,,"[{""day"": 2, ""dayName"": ""星期二"", ""periods"": [""1"", ""2"", ""3"", ""4""], ""raw"": ""1,2, 3,4""}, {""day"": 4, ""dayName"": ""星期四"", ""periods"": [""5"", ""6"", ""7"", ""8""], ""raw"": ""5,6, 7,8""}]",限修,授課老師：葉天相，專長術科（木球）-Ⅱ、Ⅳ、Ⅵ、Ⅷ每週二(1-4節)、四（5-8節）木球場上課,https://course.nuk.edu.tw/QueryCourse/tcontent.asp?OpenYear=111&Helf=2&Sclass=DAP&Cono=C05B,2026-08-26T18:26:42+00:00
111-2-DAP-C511-A-3-A,111,2,人文社會科學院,DAP,運動競技學系,C511,A,大學部,3,A,運動社會學,2,選,46,34,,12,林政德,B01-207-4,,,"1,2",,,,,"[{""day"": 3, ""dayName"": ""星期三"", ""periods"": [""1"", ""2""], ""raw"": ""1,2""}]",限修及外加,207-4教室,https://course.nuk.edu.tw/QueryCourse/tcontent.asp?OpenYear=111&Helf=2&Sclass=DAP&Cono=C511,2026-08-26T18:26:42+00:00
111-2-DAP-C512-A-3-A,111,2,人文社會科學院,DAP,運動競技學系,C512,A,大學部,3,A,運動貼紮理論與實務,2,選,45,30,,15,陳宗榮,B01-207-4,,"5,6",,,,,,"[{""day"": 2, ""dayName"": ""星期二"", ""periods"": [""5"", ""6""], ""raw"": ""5,6""}]",限修,207-4教室,https://course.nuk.edu.tw/QueryCourse/tcontent.asp?OpenYear=111&Helf=2&Sclass=DAP&Cono=C512,2026-08-26T18:26:42+00:00
111-2-DAP-C514-A-3-A,111,2,人文社會科學院,DAP,運動競技學系,C514,A,大學部,3,A,運動法律,2,選,46,44,,2,林政德,B01-207-6,,,"3,4",,,,,"[{""day"": 3, ""dayName"": ""星期三"", ""periods"": [""3"", ""4""], ""raw"": ""3,4""}]",限修及外加,207-6教室,https://course.nuk.edu.tw/QueryCourse/tcontent.asp?OpenYear=111&Helf=2&Sclass=DAP&Cono=C514,2026-08-26T18:26:42+00:00
111-2-DAP-C523-A-3-A,111,2,人文社會科學院,DAP,運動競技學系,C523,A,大學部,3,A,羽球,1,選,46,29,,17,黃全成,,"1,2",,,,,,,"[{""day"": 1, ""dayName"": ""星期一"", ""periods"": [""1"", ""2""], ""raw"": ""1,2""}]",限修及外加,羽球場,https://course.nuk.edu.tw/QueryCourse/tcontent.asp?OpenYear=111&Helf=2&Sclass=DAP&Cono=C523,2026-08-26T18:26:42+00:00
111-2-DAP-C524-A-3-A,111,2,人文社會科學院,DAP,運動競技學系,C524,A,大學部,3,A,跆拳道,1,選,45,22,,23,葉天相,K01-004,,,,,"3,4",,,"[{""day"": 5, ""dayName"": ""星期五"", ""periods"": [""3"", ""4""], ""raw"": ""3,4""}]",限修,體適能教室,https://course.nuk.edu.tw/QueryCourse/tcontent.asp?OpenYear=111&Helf=2&Sclass=DAP&Cono=C524,2026-08-26T18:26:42+00:00
111-2-DAP-C54B-A-3-A,111,2,人文社會科學院,DAP,運動競技學系,C54B,A,大學部,3,A,重量訓練(Ⅱ),1,選,46,43,,3,黃全成,,"3,4",,,,,,,"[{""day"": 1, ""dayName"": ""星期一"", ""periods"": [""3"", ""4""], ""raw"": ""3,4""}]",限修及外加,重訓教室(一)(二),https://course.nuk.edu.tw/QueryCourse/tcontent.asp?OpenYear=111&Helf=2&Sclass=DAP&Cono=C54B,2026-08-26T18:26:42+00:00
111-2-DAP-D511-A-3-A,111,2,人文社會科學院,DAP,運動競技學系,D511,A,大學部,3,A,籃球,1,選,45,31,,14,陳建志,,,,"5,6",,,,,"[{""day"": 3, ""dayName"": ""星期三"", ""periods"": [""5"", ""6""], ""raw"": ""5,6""}]",限修,洪四川運動廣場,https://course.nuk.edu.tw/QueryCourse/tcontent.asp?OpenYear=111&Helf=2&Sclass=DAP&Cono=D511,2026-08-26T18:26:42+00:00
111-2-DAP-D01B-A-4-A,111,2,人文社會科學院,DAP,運動競技學系,D01B,A,大學部,4,A,專長術科(棒球)-Ⅷ,4,必,16,16,,0,李坤哲,其他教室,,"1,2, 3,4",,"5,6, 7,8",,,,"[{""day"": 2, ""dayName"": ""星期二"", ""periods"": [""1"", ""2"", ""3"", ""4""], ""raw"": ""1,2, 3,4""}, {""day"": 4, ""dayName"": ""星期四"", ""periods"": [""5"", ""6"", ""7"", ""8""], ""raw"": ""5,6, 7,8""}]",限修,授課老師：李坤哲，專長術科（棒球）-Ⅱ、Ⅳ、Ⅵ、Ⅷ每週二(1-4節)、四(5-8節)棒球場上課,https://course.nuk.edu.tw/QueryCourse/tcontent.asp?OpenYear=111&Helf=2&Sclass=DAP&Cono=D01B,2026-08-26T18:26:42+00:00
111-2-DAP-D02B-A-4-A,111,2,人文社會科學院,DAP,運動競技學系,D02B,A,大學部,4,A,專長術科(桌球)-Ⅷ,4,必,6,5,,1,王明月,其他教室,,"1,2, 3,4",,"5,6, 7,8",,,,"[{""day"": 2, ""dayName"": ""星期二"", ""periods"": [""1"", ""2"", ""3"", ""4""], ""raw"": ""1,2, 3,4""}, {""day"": 4, ""dayName"": ""星期四"", ""periods"": [""5"", ""6"", ""7"", ""8""], ""raw"": ""5,6, 7,8""}]",限修,授課老師：王明月，專長術科（桌球）-Ⅱ、Ⅳ、Ⅵ、Ⅷ每週二(1-4節)、四(5-8節)桌球場上課,https://course.nuk.edu.tw/QueryCourse/tcontent.asp?OpenYear=111&Helf=2&Sclass=DAP&Cono=D02B,2026-08-26T18:26:42+00:00
111-2-DAP-D03B-A-4-A,111,2,人文社會科學院,DAP,運動競技學系,D03B,A,大學部,4,A,專長術科(游泳)-Ⅷ,4,必,6,6,,0,林季嬋,其他教室,,"1,2, 3,4",,"5,6, 7,8",,,,"[{""day"": 2, ""dayName"": ""星期二"", ""periods"": [""1"", ""2"", ""3"", ""4""], ""raw"": ""1,2, 3,4""}, {""day"": 4, ""dayName"": ""星期四"", ""periods"": [""5"", ""6"", ""7"", ""8""], ""raw"": ""5,6, 7,8""}]",限修,授課老師：林季嬋，專長術科（游泳）-Ⅱ、Ⅳ、Ⅵ、Ⅷ每週二(1-4節)、四(5-8節)游泳池水用4水道上課,https://course.nuk.edu.tw/QueryCourse/tcontent.asp?OpenYear=111&Helf=2&Sclass=DAP&Cono=D03B,2026-08-26T18:26:42+00:00
111-2-DAP-D04B-A-4-A,111,2,人文社會科學院,DAP,運動競技學系,D04B,A,大學部,4,A,專長術科(羽球)-Ⅷ,4,必,11,11,,0,黃全成,其他教室,,"1,2, 3,4",,"5,6, 7,8",,,,"[{""day"": 2, ""dayName"": ""星期二"", ""periods"": [""1"", ""2"", ""3"", ""4""], ""raw"": ""1,2, 3,4""}, {""day"": 4, ""dayName"": ""星期四"", ""periods"": [""5"", ""6"", ""7"", ""8""], ""raw"": ""5,6, 7,8""}]",限修,授課老師：黃全成，專長術科（羽球）-Ⅱ、Ⅳ、Ⅵ、Ⅷ每週二（1-4節）、四（5-8節）羽球場上課,https://course.nuk.edu.tw/QueryCourse/tcontent.asp?OpenYear=111&Helf=2&Sclass=DAP&Cono=D04B,2026-08-26T18:26:42+00:00
111-2-DAP-D05B-A-4-A,111,2,人文社會科學院,DAP,運動競技學系,D05B,A,大學部,4,A,專長術科(木球)-Ⅷ,4,必,6,6,,0,葉天相,,,"1,2, 3,4",,"5,6, 7,8",,,,"[{""day"": 2, ""dayName"": ""星期二"", ""periods"": [""1"", ""2"", ""3"", ""4""], ""raw"": ""1,2, 3,4""}, {""day"": 4, ""dayName"": ""星期四"", ""periods"": [""5"", ""6"", ""7"", ""8""], ""raw"": ""5,6, 7,8""}]",限修,授課老師：葉天相，專長術科（木球）-Ⅱ、Ⅳ、Ⅵ、Ⅷ每週二(1-4節)、四（5-8節）木球場上課,https://course.nuk.edu.tw/QueryCourse/tcontent.asp?OpenYear=111&Helf=2&Sclass=DAP&Cono=D05B,2026-08-26T18:26:42+00:00
111-2-DAP-D502-A-4-A,111,2,人文社會科學院,DAP,運動競技學系,D502,A,大學部,4,A,運動選才學,2,選,48,37,,11,李坤哲,B01-207-6,,,,,"3,4",,,"[{""day"": 5, ""dayName"": ""星期五"", ""periods"": [""3"", ""4""], ""raw"": ""3,4""}]",限修,207-6教室,https://course.nuk.edu.tw/QueryCourse/tcontent.asp?OpenYear=111&Helf=2&Sclass=DAP&Cono=D502,2026-08-26T18:26:42+00:00
111-2-DAP-D522-A-4-A,111,2,人文社會科學院,DAP,運動競技學系,D522,A,大學部,4,A,運動服務學習,1,必,45,44,,1,黃全成,B01-207-4,,,,,"5,6",,,"[{""day"": 5, ""dayName"": ""星期五"", ""periods"": [""5"", ""6""], ""raw"": ""5,6""}]",限修,207-4教室,https://course.nuk.edu.tw/QueryCourse/tcontent.asp?OpenYear=111&Helf=2&Sclass=DAP&Cono=D522,2026-08-26T18:26:42+00:00
111-2-EL-A012-A-1-A,111,2,人文社會科學院,EL,東亞語文學系,A012,A,大學部,1,A,初級日語 II,4,必,30,20,,10,陳志文,H1--111,"3,4",,"3,4",,,,,"[{""day"": 1, ""dayName"": ""星期一"", ""periods"": [""3"", ""4""], ""raw"": ""3,4""}, {""day"": 3, ""dayName"": ""星期三"", ""periods"": [""3"", ""4""], ""raw"": ""3,4""}]",限修及外加 學程,限東語系及東語系輔系、雙主修同學修課。,https://course.nuk.edu.tw/QueryCourse/tcontent.asp?OpenYear=111&Helf=2&Sclass=EL&Cono=A012,2026-08-26T18:26:42+00:00
111-2-EL-A052-A-1-A,111,2,人文社會科學院,EL,東亞語文學系,A052,A,大學部,1,A,初級日語會話Ⅱ,2,必,30,29,,1,何資宜,H2--102,,,,"3,4",,,,"[{""day"": 4, ""dayName"": ""星期四"", ""periods"": [""3"", ""4""], ""raw"": ""3,4""}]",,,https://course.nuk.edu.tw/QueryCourse/tcontent.asp?OpenYear=111&Helf=2&Sclass=EL&Cono=A052,2026-08-26T18:26:42+00:00
111-2-EL-A06B-A-1-A,111,2,人文社會科學院,EL,東亞語文學系,A06B,A,大學部,1,A,初級韓語Ⅱ,4,必,37,33,,4,李京保,H2--201,,"3,4","3,4",,,,,"[{""day"": 2, ""dayName"": ""星期二"", ""periods"": [""3"", ""4""], ""raw"": ""3,4""}, {""day"": 3, ""dayName"": ""星期三"", ""periods"": [""3"", ""4""], ""raw"": ""3,4""}]",限修及外加 學程,限東語系及東語系輔系、雙主修同學修課,https://course.nuk.edu.tw/QueryCourse/tcontent.asp?OpenYear=111&Helf=2&Sclass=EL&Cono=A06B,2026-08-26T18:26:42+00:00
111-2-EL-A082-A-1-A,111,2,人文社會科學院,EL,東亞語文學系,A082,A,大學部,1,A,初級韓語會話 Ⅱ,2,必,32,31,,1,王清棟,H1--103,,"5,6",,,,,,"[{""day"": 2, ""dayName"": ""星期二"", ""periods"": [""5"", ""6""], ""raw"": ""5,6""}]",限修,限東語系及東語系輔系、雙主修同學修課。,https://course.nuk.edu.tw/QueryCourse/tcontent.asp?OpenYear=111&Helf=2&Sclass=EL&Cono=A082,2026-08-26T18:26:42+00:00
111-2-EL-A09B-A-1-A,111,2,人文社會科學院,EL,東亞語文學系,A09B,A,大學部,1,A,初級越語Ⅱ,4,必,30,18,,12,陳氏蘭,H2--202 其他教室,,"3,4",,"3,4",,,,"[{""day"": 2, ""dayName"": ""星期二"", ""periods"": [""3"", ""4""], ""raw"": ""3,4""}, {""day"": 4, ""dayName"": ""星期四"", ""periods"": [""3"", ""4""], ""raw"": ""3,4""}]",限修 學程,限東語系及東語系輔系、雙主修同學修課，隸屬台越交流法商菁英人才培育學程、外語觀光保健人才培育學程、人文與商管學程。星期二：教室H2-202 星期四：教室H1-111,https://course.nuk.edu.tw/QueryCourse/tcontent.asp?OpenYear=111&Helf=2&Sclass=EL&Cono=A09B,2026-08-26T18:26:42+00:00
111-2-EL-A112-A-1-A,111,2,人文社會科學院,EL,東亞語文學系,A112,A,大學部,1,A,初級越語會話Ⅱ,2,必,30,17,,13,裴光雄,H2--202,"3,4",,,,,,,"[{""day"": 1, ""dayName"": ""星期一"", ""periods"": [""3"", ""4""], ""raw"": ""3,4""}]",學程,,https://course.nuk.edu.tw/QueryCourse/tcontent.asp?OpenYear=111&Helf=2&Sclass=EL&Cono=A112,2026-08-26T18:26:42+00:00
111-2-EL-A514-A-1-A,111,2,人文社會科學院,EL,東亞語文學系,A514,A,大學部,1,A,越南地理,2,選,32,32,,0,裴光雄,H2--202,,"7,8",,,,,,"[{""day"": 2, ""dayName"": ""星期二"", ""periods"": [""7"", ""8""], ""raw"": ""7,8""}]",外加,,https://course.nuk.edu.tw/QueryCourse/tcontent.asp?OpenYear=111&Helf=2&Sclass=EL&Cono=A514,2026-08-26T18:26:42+00:00
111-2-EL-A541-A-1-A,111,2,人文社會科學院,EL,東亞語文學系,A541,A,大學部,1,A,韓國歷史,2,選,34,32,,2,河凡植,H2--201,"3,4",,,,,,,"[{""day"": 1, ""dayName"": ""星期一"", ""periods"": [""3"", ""4""], ""raw"": ""3,4""}]",限修及外加,,https://course.nuk.edu.tw/QueryCourse/tcontent.asp?OpenYear=111&Helf=2&Sclass=EL&Cono=A541,2026-08-26T18:26:42+00:00
111-2-EL-A562-A-1-A,111,2,人文社會科學院,EL,東亞語文學系,A562,A,大學部,1,A,越語語法,2,選,30,22,,8,陳氏蘭,H1--111,,,,"5,6",,,,"[{""day"": 4, ""dayName"": ""星期四"", ""periods"": [""5"", ""6""], ""raw"": ""5,6""}]",,,https://course.nuk.edu.tw/QueryCourse/tcontent.asp?OpenYear=111&Helf=2&Sclass=EL&Cono=A562,2026-08-26T18:26:42+00:00
111-2-EL-A56B-A-1-A,111,2,人文社會科學院,EL,東亞語文學系,A56B,A,大學部,1,A,日語語法 II,2,選,30,21,,9,陳志文,H1--111,,"3,4",,,,,,"[{""day"": 2, ""dayName"": ""星期二"", ""periods"": [""3"", ""4""], ""raw"": ""3,4""}]",,,https://course.nuk.edu.tw/QueryCourse/tcontent.asp?OpenYear=111&Helf=2&Sclass=EL&Cono=A56B,2026-08-26T18:26:42+00:00
111-2-EL-A61B-A-1-A,111,2,人文社會科學院,EL,東亞語文學系,A61B,A,大學部,1,A,初級泰語 II,3,選,31,31,,0,潘婉玲,H2--202,,,,"2,3, 4",,,,"[{""day"": 4, ""dayName"": ""星期四"", ""periods"": [""2"", ""3"", ""4""], ""raw"": ""2,3, 4""}]",限修,,https://course.nuk.edu.tw/QueryCourse/tcontent.asp?OpenYear=111&Helf=2&Sclass=EL&Cono=A61B,2026-08-26T18:26:42+00:00
111-2-EL-B10B-A-2-A,111,2,人文社會科學院,EL,東亞語文學系,B10B,A,大學部,2,A,中級日語 II,4,必,30,26,,4,何資宜,H2--102,,"3,4","3,4",,,,,"[{""day"": 2, ""dayName"": ""星期二"", ""periods"": [""3"", ""4""], ""raw"": ""3,4""}, {""day"": 3, ""dayName"": ""星期三"", ""periods"": [""3"", ""4""], ""raw"": ""3,4""}]",,,https://course.nuk.edu.tw/QueryCourse/tcontent.asp?OpenYear=111&Helf=2&Sclass=EL&Cono=B10B,2026-08-26T18:26:42+00:00
111-2-EL-B14B-A-2-A,111,2,人文社會科學院,EL,東亞語文學系,B14B,A,大學部,2,A,中級日語會話II,2,必,31,23,,8,深尾圓,H2--102,,,"7,8",,,,,"[{""day"": 3, ""dayName"": ""星期三"", ""periods"": [""7"", ""8""], ""raw"": ""7,8""}]",,,https://course.nuk.edu.tw/QueryCourse/tcontent.asp?OpenYear=111&Helf=2&Sclass=EL&Cono=B14B,2026-08-26T18:26:42+00:00
111-2-EL-B16A-A-2-A,111,2,人文社會科學院,EL,東亞語文學系,B16A,A,大學部,2,A,越語聽講實習Ⅱ,2,必,30,16,,14,裴光雄,H2--202,,"5,6",,,,,,"[{""day"": 2, ""dayName"": ""星期二"", ""periods"": [""5"", ""6""], ""raw"": ""5,6""}]",學程,,https://course.nuk.edu.tw/QueryCourse/tcontent.asp?OpenYear=111&Helf=2&Sclass=EL&Cono=B16A,2026-08-26T18:26:42+00:00
111-2-EL-B16B-A-2-A,111,2,人文社會科學院,EL,東亞語文學系,B16B,A,大學部,2,A,韓語聽講實習 Ⅱ,2,必,31,31,,0,李京保,H2--201,,,"5,6",,,,,"[{""day"": 3, ""dayName"": ""星期三"", ""periods"": [""5"", ""6""], ""raw"": ""5,6""}]",外加 學程,,https://course.nuk.edu.tw/QueryCourse/tcontent.asp?OpenYear=111&Helf=2&Sclass=EL&Cono=B16B,2026-08-26T18:26:42+00:00
111-2-EL-B17B-A-2-A,111,2,人文社會科學院,EL,東亞語文學系,B17B,A,大學部,2,A,日語聽講實習 Ⅱ,2,必,30,22,,8,深尾圓,H2--102,"7,8",,,,,,,"[{""day"": 1, ""dayName"": ""星期一"", ""periods"": [""7"", ""8""], ""raw"": ""7,8""}]",學程,,https://course.nuk.edu.tw/QueryCourse/tcontent.asp?OpenYear=111&Helf=2&Sclass=EL&Cono=B17B,2026-08-26T18:26:42+00:00
111-2-EL-B592-A-2-A,111,2,人文社會科學院,EL,東亞語文學系,B592,A,大學部,2,A,日本習作練習,2,選,30,30,,0,森國松江,H2--102,,,,"7,8",,,,"[{""day"": 4, ""dayName"": ""星期四"", ""periods"": [""7"", ""8""], ""raw"": ""7,8""}]",,,https://course.nuk.edu.tw/QueryCourse/tcontent.asp?OpenYear=111&Helf=2&Sclass=EL&Cono=B592,2026-08-26T18:26:42+00:00
111-2-EL-B59C-A-2-A,111,2,人文社會科學院,EL,東亞語文學系,B59C,A,大學部,2,A,進階日語語法,2,選,30,17,,13,陳志文,H2--102,"5,6",,,,,,,"[{""day"": 1, ""dayName"": ""星期一"", ""periods"": [""5"", ""6""], ""raw"": ""5,6""}]",,,https://course.nuk.edu.tw/QueryCourse/tcontent.asp?OpenYear=111&Helf=2&Sclass=EL&Cono=B59C,2026-08-26T18:26:42+00:00
111-2-EL-B61B-A-2-A,111,2,人文社會科學院,EL,東亞語文學系,B61B,A,大學部,2,A,中級泰語Ⅱ,2,選,31,5,,26,潘婉玲,H2--202,,,,"5,6",,,,"[{""day"": 4, ""dayName"": ""星期四"", ""periods"": [""5"", ""6""], ""raw"": ""5,6""}]",,,https://course.nuk.edu.tw/QueryCourse/tcontent.asp?OpenYear=111&Helf=2&Sclass=EL&Cono=B61B,2026-08-26T18:26:42+00:00
111-2-EL-B621-A-2-A,111,2,人文社會科學院,EL,東亞語文學系,B621,A,大學部,2,A,越南企業經營管理,2,選,30,16,,14,黎光英,H2--101,"3,4",,,,,,,"[{""day"": 1, ""dayName"": ""星期一"", ""periods"": [""3"", ""4""], ""raw"": ""3,4""}]",,,https://course.nuk.edu.tw/QueryCourse/tcontent.asp?OpenYear=111&Helf=2&Sclass=EL&Cono=B621,2026-08-26T18:26:42+00:00
111-2-EL-B632-A-2-A,111,2,人文社會科學院,EL,東亞語文學系,B632,A,大學部,2,A,韓國影劇欣賞,2,選,37,36,,1,河凡植,H2--201,"5,6",,,,,,,"[{""day"": 1, ""dayName"": ""星期一"", ""periods"": [""5"", ""6""], ""raw"": ""5,6""}]",限修及外加,,https://course.nuk.edu.tw/QueryCourse/tcontent.asp?OpenYear=111&Helf=2&Sclass=EL&Cono=B632,2026-08-26T18:26:42+00:00
111-2-EL-C03B-A-2-A,111,2,人文社會科學院,EL,東亞語文學系,C03B,A,大學部,2,A,中級韓語Ⅱ,4,必,30,29,,1,王清棟,H1--103,,,"3,4","3,4",,,,"[{""day"": 3, ""dayName"": ""星期三"", ""periods"": [""3"", ""4""], ""raw"": ""3,4""}, {""day"": 4, ""dayName"": ""星期四"", ""periods"": [""3"", ""4""], ""raw"": ""3,4""}]",學程,,https://course.nuk.edu.tw/QueryCourse/tcontent.asp?OpenYear=111&Helf=2&Sclass=EL&Cono=C03B,2026-08-26T18:26:42+00:00
111-2-EL-C04B-A-2-A,111,2,人文社會科學院,EL,東亞語文學系,C04B,A,大學部,2,A,中級韓語會話 Ⅱ,2,必,30,30,,0,劉素晶,H2--201,,,,"5,6",,,,"[{""day"": 4, ""dayName"": ""星期四"", ""periods"": [""5"", ""6""], ""raw"": ""5,6""}]",,,https://course.nuk.edu.tw/QueryCourse/tcontent.asp?OpenYear=111&Helf=2&Sclass=EL&Cono=C04B,2026-08-26T18:26:42+00:00
111-2-EL-C06B-A-2-A,111,2,人文社會科學院,EL,東亞語文學系,C06B,A,大學部,2,A,韓語習作Ⅱ,2,必,30,30,,0,李京保,H2--201,,,"7,8",,,,,"[{""day"": 3, ""dayName"": ""星期三"", ""periods"": [""7"", ""8""], ""raw"": ""7,8""}]",,,https://course.nuk.edu.tw/QueryCourse/tcontent.asp?OpenYear=111&Helf=2&Sclass=EL&Cono=C06B,2026-08-26T18:26:42+00:00
111-2-EL-C07B-A-2-A,111,2,人文社會科學院,EL,東亞語文學系,C07B,A,大學部,2,A,中級越語Ⅱ,4,必,31,19,,12,裴光雄,H2--202,"5,6",,"7,8",,,,,"[{""day"": 1, ""dayName"": ""星期一"", ""periods"": [""5"", ""6""], ""raw"": ""5,6""}, {""day"": 3, ""dayName"": ""星期三"", ""periods"": [""7"", ""8""], ""raw"": ""7,8""}]",,,https://course.nuk.edu.tw/QueryCourse/tcontent.asp?OpenYear=111&Helf=2&Sclass=EL&Cono=C07B,2026-08-26T18:26:42+00:00
111-2-EL-C08B-A-2-A,111,2,人文社會科學院,EL,東亞語文學系,C08B,A,大學部,2,A,中級越語會話Ⅱ,2,必,30,13,,17,陳氏蘭,H1--111,,,"5,6",,,,,"[{""day"": 3, ""dayName"": ""星期三"", ""periods"": [""5"", ""6""], ""raw"": ""5,6""}]",學程,,https://course.nuk.edu.tw/QueryCourse/tcontent.asp?OpenYear=111&Helf=2&Sclass=EL&Cono=C08B,2026-08-26T18:26:42+00:00
111-2-EL-C10B-A-2-A,111,2,人文社會科學院,EL,東亞語文學系,C10B,A,大學部,2,A,越語習作Ⅱ,2,必,31,16,,15,裴光雄,H2--202,"7,8",,,,,,,"[{""day"": 1, ""dayName"": ""星期一"", ""periods"": [""7"", ""8""], ""raw"": ""7,8""}]",,,https://course.nuk.edu.tw/QueryCourse/tcontent.asp?OpenYear=111&Helf=2&Sclass=EL&Cono=C10B,2026-08-26T18:26:42+00:00
111-2-EL-C62B-A-2-A,111,2,人文社會科學院,EL,東亞語文學系,C62B,A,大學部,2,A,韓語翻譯II,2,選,30,28,,2,王清棟,H1--103,,"7,8",,,,,,"[{""day"": 2, ""dayName"": ""星期二"", ""periods"": [""7"", ""8""], ""raw"": ""7,8""}]",,,https://course.nuk.edu.tw/QueryCourse/tcontent.asp?OpenYear=111&Helf=2&Sclass=EL&Cono=C62B,2026-08-26T18:26:42+00:00
111-2-EL-B173-A-3-A,111,2,人文社會科學院,EL,東亞語文學系,B173,A,大學部,3,A,日語習作II,2,必,30,11,,19,深尾圓,H2--102,,"5,6",,,,,,"[{""day"": 2, ""dayName"": ""星期二"", ""periods"": [""5"", ""6""], ""raw"": ""5,6""}]",,,https://course.nuk.edu.tw/QueryCourse/tcontent.asp?OpenYear=111&Helf=2&Sclass=EL&Cono=B173,2026-08-26T18:26:42+00:00
111-2-EL-B533-A-3-A,111,2,人文社會科學院,EL,東亞語文學系,B533,A,大學部,3,A,商用泰語Ⅱ,2,選,30,13,,17,潘婉玲,H2--101,"5,6",,,,,,,"[{""day"": 1, ""dayName"": ""星期一"", ""periods"": [""5"", ""6""], ""raw"": ""5,6""}]",限修,,https://course.nuk.edu.tw/QueryCourse/tcontent.asp?OpenYear=111&Helf=2&Sclass=EL&Cono=B533,2026-08-26T18:26:42+00:00
111-2-EL-C513-A-3-A,111,2,人文社會科學院,EL,東亞語文學系,C513,A,大學部,3,A,越語商業書信,2,選,30,16,,14,黎光英,H2--101,,"7,8",,,,,,"[{""day"": 2, ""dayName"": ""星期二"", ""periods"": [""7"", ""8""], ""raw"": ""7,8""}]",,,https://course.nuk.edu.tw/QueryCourse/tcontent.asp?OpenYear=111&Helf=2&Sclass=EL&Cono=C513,2026-08-26T18:26:42+00:00
111-2-EL-C64A-A-3-A,111,2,人文社會科學院,EL,東亞語文學系,C64A,A,大學部,3,A,高級日語II,2,選,30,11,,19,深尾圓,H2--102,,,"5,6",,,,,"[{""day"": 3, ""dayName"": ""星期三"", ""periods"": [""5"", ""6""], ""raw"": ""5,6""}]",,,https://course.nuk.edu.tw/QueryCourse/tcontent.asp?OpenYear=111&Helf=2&Sclass=EL&Cono=C64A,2026-08-26T18:26:42+00:00
111-2-EL-F543-A-3-A,111,2,人文社會科學院,EL,東亞語文學系,F543,A,大學部,3,A,韓國現代政治史研究,3,選,30,12,,18,河凡植,H1--211,,"2,3, 4",,,,,,"[{""day"": 2, ""dayName"": ""星期二"", ""periods"": [""2"", ""3"", ""4""], ""raw"": ""2,3, 4""}]",限修,學碩合開課程，開放本系學士班三年級以上同學選修,https://course.nuk.edu.tw/QueryCourse/tcontent.asp?OpenYear=111&Helf=2&Sclass=EL&Cono=F543,2026-08-26T18:26:42+00:00
111-2-EL-F546-A-3-A,111,2,人文社會科學院,EL,東亞語文學系,F546,A,大學部,3,A,世界化與韓國的跨文化社會,2,選,30,11,,19,洪攸善,H2--101,,,,"5,6",,,,"[{""day"": 4, ""dayName"": ""星期四"", ""periods"": [""5"", ""6""], ""raw"": ""5,6""}]",,學碩合開課程，開放本系學士班三年級以上同學選修,https://course.nuk.edu.tw/QueryCourse/tcontent.asp?OpenYear=111&Helf=2&Sclass=EL&Cono=F546,2026-08-26T18:26:42+00:00
111-2-EL-F553-A-3-A,111,2,人文社會科學院,EL,東亞語文學系,F553,A,大學部,3,A,近代東亞宗教史研究,2,選,30,18,,12,柴田幹夫,H2--101,,,,"3,4",,,,"[{""day"": 4, ""dayName"": ""星期四"", ""periods"": [""3"", ""4""], ""raw"": ""3,4""}]",,學碩合開課程，開放本系學士班三年級以上同學選修,https://course.nuk.edu.tw/QueryCourse/tcontent.asp?OpenYear=111&Helf=2&Sclass=EL&Cono=F553,2026-08-26T18:26:42+00:00
111-2-EL-F554-A-3-A,111,2,人文社會科學院,EL,東亞語文學系,F554,A,大學部,3,A,東亞企業文化,2,選,30,13,,17,黎光英,H2--201,,,,"7,8",,,,"[{""day"": 4, ""dayName"": ""星期四"", ""periods"": [""7"", ""8""], ""raw"": ""7,8""}]",,學碩合開課程，開放本系學士班三年級以上同學選修,https://course.nuk.edu.tw/QueryCourse/tcontent.asp?OpenYear=111&Helf=2&Sclass=EL&Cono=F554,2026-08-26T18:26:42+00:00
111-2-EL-D01D-A-4-A,111,2,人文社會科學院,EL,東亞語文學系,D01D,A,大學部,4,A,韓語口譯II,2,必,30,24,,6,王清棟,H1--103,,,"5,6",,,,,"[{""day"": 3, ""dayName"": ""星期三"", ""periods"": [""5"", ""6""], ""raw"": ""5,6""}]",,,https://course.nuk.edu.tw/QueryCourse/tcontent.asp?OpenYear=111&Helf=2&Sclass=EL&Cono=D01D,2026-08-26T18:26:42+00:00
111-2-EL-D104-A-4-A,111,2,人文社會科學院,EL,東亞語文學系,D104,A,大學部,4,A,進階日語習作II,2,必,30,22,,8,森國松江,H2--102,,,,"5,6",,,,"[{""day"": 4, ""dayName"": ""星期四"", ""periods"": [""5"", ""6""], ""raw"": ""5,6""}]",,,https://course.nuk.edu.tw/QueryCourse/tcontent.asp?OpenYear=111&Helf=2&Sclass=EL&Cono=D104,2026-08-26T18:26:42+00:00
111-2-EL-D105-A-4-A,111,2,人文社會科學院,EL,東亞語文學系,D105,A,大學部,4,A,進階越語習作II,2,必,30,13,,17,裴光雄,H2--202,,,"5,6",,,,,"[{""day"": 3, ""dayName"": ""星期三"", ""periods"": [""5"", ""6""], ""raw"": ""5,6""}]",,,https://course.nuk.edu.tw/QueryCourse/tcontent.asp?OpenYear=111&Helf=2&Sclass=EL&Cono=D105,2026-08-26T18:26:42+00:00
111-2-EL-D106-A-4-A,111,2,人文社會科學院,EL,東亞語文學系,D106,A,大學部,4,A,進階韓語習作II,2,必,30,23,,7,劉素晶,H2--201,,,,"3,4",,,,"[{""day"": 4, ""dayName"": ""星期四"", ""periods"": [""3"", ""4""], ""raw"": ""3,4""}]",,,https://course.nuk.edu.tw/QueryCourse/tcontent.asp?OpenYear=111&Helf=2&Sclass=EL&Cono=D106,2026-08-26T18:26:42+00:00
111-2-EL-D18B-A-4-A,111,2,人文社會科學院,EL,東亞語文學系,D18B,A,大學部,4,A,校外實習Ⅱ,9,必,30,12,,18,陳氏蘭 王清棟,H2--101,,,,,,"1,2, 3,4, Y,5, 6,7, 8",,"[{""day"": 6, ""dayName"": ""星期六"", ""periods"": [""1"", ""2"", ""3"", ""4"", ""Y"", ""5"", ""6"", ""7"", ""8""], ""raw"": ""1,2, 3,4, Y,5, 6,7, 8""}]",限修,修課學生由授課教師設定指定加簽，並須完成至少校外486小時實習。,https://course.nuk.edu.tw/QueryCourse/tcontent.asp?OpenYear=111&Helf=2&Sclass=EL&Cono=D18B,2026-08-26T18:26:42+00:00
111-2-EL-D50E-A-4-A,111,2,人文社會科學院,EL,東亞語文學系,D50E,A,大學部,4,A,越語口譯 II,2,必,30,12,,18,陳氏蘭,H1--111,,"5,6",,,,,,"[{""day"": 2, ""dayName"": ""星期二"", ""periods"": [""5"", ""6""], ""raw"": ""5,6""}]",,,https://course.nuk.edu.tw/QueryCourse/tcontent.asp?OpenYear=111&Helf=2&Sclass=EL&Cono=D50E,2026-08-26T18:26:42+00:00
111-2-EL-D652-A-4-A,111,2,人文社會科學院,EL,東亞語文學系,D652,A,大學部,4,A,觀光泰語 II,2,選,31,23,,8,潘婉玲,H2--202,,,,"7,8",,,,"[{""day"": 4, ""dayName"": ""星期四"", ""periods"": [""7"", ""8""], ""raw"": ""7,8""}]",,,https://course.nuk.edu.tw/QueryCourse/tcontent.asp?OpenYear=111&Helf=2&Sclass=EL&Cono=D652,2026-08-26T18:26:42+00:00
111-2-EL-F519-A-4-A,111,2,人文社會科學院,EL,東亞語文學系,F519,A,大學部,4,A,韓中對照研究及應用,3,選,31,5,,26,李京保,H1--211,,"5,6, 7",,,,,,"[{""day"": 2, ""dayName"": ""星期二"", ""periods"": [""5"", ""6"", ""7""], ""raw"": ""5,6, 7""}]",限修及外加,學碩合開課程，開放本系學士班四年級以上同學選修,https://course.nuk.edu.tw/QueryCourse/tcontent.asp?OpenYear=111&Helf=2&Sclass=EL&Cono=F519,2026-08-26T18:26:42+00:00
111-2-EL-F528-A-4-A,111,2,人文社會科學院,EL,東亞語文學系,F528,A,大學部,4,A,越語教學法研究,3,選,30,8,,22,陳氏蘭,H1--211,,,,,"5,6, 7",,,"[{""day"": 5, ""dayName"": ""星期五"", ""periods"": [""5"", ""6"", ""7""], ""raw"": ""5,6, 7""}]",限修,學碩合開課程，開放本系學士班四年級以上同學選修,https://course.nuk.edu.tw/QueryCourse/tcontent.asp?OpenYear=111&Helf=2&Sclass=EL&Cono=F528,2026-08-26T18:26:42+00:00
111-2-EL-F543-A-4-A,111,2,人文社會科學院,EL,東亞語文學系,F543,A,大學部,4,A,韓國現代政治史研究,3,選,30,12,,18,河凡植,H1--211,,"2,3, 4",,,,,,"[{""day"": 2, ""dayName"": ""星期二"", ""periods"": [""2"", ""3"", ""4""], ""raw"": ""2,3, 4""}]",限修,學碩合開課程，開放本系學士班三年級以上同學選修,https://course.nuk.edu.tw/QueryCourse/tcontent.asp?OpenYear=111&Helf=2&Sclass=EL&Cono=F543,2026-08-26T18:26:42+00:00
111-2-EL-F546-A-4-A,111,2,人文社會科學院,EL,東亞語文學系,F546,A,大學部,4,A,世界化與韓國的跨文化社會,2,選,30,11,,19,洪攸善,H2--101,,,,"5,6",,,,"[{""day"": 4, ""dayName"": ""星期四"", ""periods"": [""5"", ""6""], ""raw"": ""5,6""}]",,學碩合開課程，開放本系學士班三年級以上同學選修,https://course.nuk.edu.tw/QueryCourse/tcontent.asp?OpenYear=111&Helf=2&Sclass=EL&Cono=F546,2026-08-26T18:26:42+00:00
111-2-EL-F553-A-4-A,111,2,人文社會科學院,EL,東亞語文學系,F553,A,大學部,4,A,近代東亞宗教史研究,2,選,30,18,,12,柴田幹夫,H2--101,,,,"3,4",,,,"[{""day"": 4, ""dayName"": ""星期四"", ""periods"": [""3"", ""4""], ""raw"": ""3,4""}]",,學碩合開課程，開放本系學士班三年級以上同學選修,https://course.nuk.edu.tw/QueryCourse/tcontent.asp?OpenYear=111&Helf=2&Sclass=EL&Cono=F553,2026-08-26T18:26:42+00:00
111-2-EL-F554-A-4-A,111,2,人文社會科學院,EL,東亞語文學系,F554,A,大學部,4,A,東亞企業文化,2,選,30,13,,17,黎光英,H2--201,,,,"7,8",,,,"[{""day"": 4, ""dayName"": ""星期四"", ""periods"": [""7"", ""8""], ""raw"": ""7,8""}]",,學碩合開課程，開放本系學士班三年級以上同學選修,https://course.nuk.edu.tw/QueryCourse/tcontent.asp?OpenYear=111&Helf=2&Sclass=EL&Cono=F554,2026-08-26T18:26:42+00:00
111-2-EL-F561-A-4-A,111,2,人文社會科學院,EL,東亞語文學系,F561,A,大學部,4,A,日本語言學概論,2,選,31,7,,24,深尾圓,H2--102,,"7,8",,,,,,"[{""day"": 2, ""dayName"": ""星期二"", ""periods"": [""7"", ""8""], ""raw"": ""7,8""}]",限修及外加,,https://course.nuk.edu.tw/QueryCourse/tcontent.asp?OpenYear=111&Helf=2&Sclass=EL&Cono=F561,2026-08-26T18:26:42+00:00
111-2-EL-F56C-A-4-A,111,2,人文社會科學院,EL,東亞語文學系,F56C,A,大學部,4,A,日語口譯II,2,必,30,18,,12,何資宜,H2--102,"3,4",,,,,,,"[{""day"": 1, ""dayName"": ""星期一"", ""periods"": [""3"", ""4""], ""raw"": ""3,4""}]",,學碩合開課程，開放本系學士班四年級以上同學選修,https://course.nuk.edu.tw/QueryCourse/tcontent.asp?OpenYear=111&Helf=2&Sclass=EL&Cono=F56C,2026-08-26T18:26:42+00:00
111-2-EL-F573-A-4-A,111,2,人文社會科學院,EL,東亞語文學系,F573,A,大學部,4,A,韓國社會概論II,2,選,30,3,,27,洪攸善,H1--111,"5,6",,,,,,,"[{""day"": 1, ""dayName"": ""星期一"", ""periods"": [""5"", ""6""], ""raw"": ""5,6""}]",限修,學碩合開，本課程部分為遠距教學授課，教師授課鐘點由韓國外國語大學支應,https://course.nuk.edu.tw/QueryCourse/tcontent.asp?OpenYear=111&Helf=2&Sclass=EL&Cono=F573,2026-08-26T18:26:42+00:00
111-2-EL-F010-M-1-,111,2,人文社會科學院,EL,東亞語文學系,F010,M,碩士班,1,,論文導讀與討論,3,必,31,5,,26,李京保,H1--211,,"8,9, 10",,,,,,"[{""day"": 2, ""dayName"": ""星期二"", ""periods"": [""8"", ""9"", ""10""], ""raw"": ""8,9, 10""}]",外加,,https://course.nuk.edu.tw/QueryCourse/tcontent.asp?OpenYear=111&Helf=2&Sclass=EL&Cono=F010,2026-08-26T18:26:42+00:00
111-2-EL-F519-M-1-,111,2,人文社會科學院,EL,東亞語文學系,F519,M,碩士班,1,,韓中對照研究及應用,3,選,31,5,,26,李京保,H1--211,,"5,6, 7",,,,,,"[{""day"": 2, ""dayName"": ""星期二"", ""periods"": [""5"", ""6"", ""7""], ""raw"": ""5,6, 7""}]",外加,學碩合開課程，開放本系學士班四年級以上同學選修,https://course.nuk.edu.tw/QueryCourse/tcontent.asp?OpenYear=111&Helf=2&Sclass=EL&Cono=F519,2026-08-26T18:26:42+00:00
111-2-EL-F528-M-1-,111,2,人文社會科學院,EL,東亞語文學系,F528,M,碩士班,1,,越語教學法研究,3,選,30,8,,22,陳氏蘭,H1--211,,,,,"5,6, 7",,,"[{""day"": 5, ""dayName"": ""星期五"", ""periods"": [""5"", ""6"", ""7""], ""raw"": ""5,6, 7""}]",限修,,https://course.nuk.edu.tw/QueryCourse/tcontent.asp?OpenYear=111&Helf=2&Sclass=EL&Cono=F528,2026-08-26T18:26:42+00:00
111-2-EL-F543-M-1-,111,2,人文社會科學院,EL,東亞語文學系,F543,M,碩士班,1,,韓國現代政治史研究,3,選,30,12,,18,河凡植,H1--211,,"2,3, 4",,,,,,"[{""day"": 2, ""dayName"": ""星期二"", ""periods"": [""2"", ""3"", ""4""], ""raw"": ""2,3, 4""}]",限修,學碩合開課程，開放本系學士班三年級以上同學選修,https://course.nuk.edu.tw/QueryCourse/tcontent.asp?OpenYear=111&Helf=2&Sclass=EL&Cono=F543,2026-08-26T18:26:42+00:00
111-2-EL-F546-M-1-,111,2,人文社會科學院,EL,東亞語文學系,F546,M,碩士班,1,,世界化與韓國的跨文化社會,2,選,30,11,,19,洪攸善,H2--101,,,,"5,6",,,,"[{""day"": 4, ""dayName"": ""星期四"", ""periods"": [""5"", ""6""], ""raw"": ""5,6""}]",,學碩合開課程，開放本系學士班三年級以上同學選修,https://course.nuk.edu.tw/QueryCourse/tcontent.asp?OpenYear=111&Helf=2&Sclass=EL&Cono=F546,2026-08-26T18:26:42+00:00
111-2-EL-F553-M-1-,111,2,人文社會科學院,EL,東亞語文學系,F553,M,碩士班,1,,近代東亞宗教史研究,2,選,30,18,,12,柴田幹夫,H2--101,,,,"3,4",,,,"[{""day"": 4, ""dayName"": ""星期四"", ""periods"": [""3"", ""4""], ""raw"": ""3,4""}]",,學碩合開課程，開放本系學士班三年級以上同學選修,https://course.nuk.edu.tw/QueryCourse/tcontent.asp?OpenYear=111&Helf=2&Sclass=EL&Cono=F553,2026-08-26T18:26:42+00:00
111-2-EL-F554-M-1-,111,2,人文社會科學院,EL,東亞語文學系,F554,M,碩士班,1,,東亞企業文化,2,選,30,13,,17,黎光英,H2--201,,,,"7,8",,,,"[{""day"": 4, ""dayName"": ""星期四"", ""periods"": [""7"", ""8""], ""raw"": ""7,8""}]",,學碩合開課程，開放本系學士班三年級以上同學選修,https://course.nuk.edu.tw/QueryCourse/tcontent.asp?OpenYear=111&Helf=2&Sclass=EL&Cono=F554,2026-08-26T18:26:42+00:00
111-2-EL-F561-M-1-,111,2,人文社會科學院,EL,東亞語文學系,F561,M,碩士班,1,,日本語言學概論,2,選,31,7,,24,深尾圓,H2--102,,"7,8",,,,,,"[{""day"": 2, ""dayName"": ""星期二"", ""periods"": [""7"", ""8""], ""raw"": ""7,8""}]",限修及外加,學碩合開課程，開放本系學士班四年級以上同學選修,https://course.nuk.edu.tw/QueryCourse/tcontent.asp?OpenYear=111&Helf=2&Sclass=EL&Cono=F561,2026-08-26T18:26:42+00:00
111-2-EL-F56C-M-1-,111,2,人文社會科學院,EL,東亞語文學系,F56C,M,碩士班,1,,日語口譯II,2,必,30,18,,12,何資宜,H2--102,"3,4",,,,,,,"[{""day"": 1, ""dayName"": ""星期一"", ""periods"": [""3"", ""4""], ""raw"": ""3,4""}]",,學碩合開課程，開放本系學士班四年級以上同學選修,https://course.nuk.edu.tw/QueryCourse/tcontent.asp?OpenYear=111&Helf=2&Sclass=EL&Cono=F56C,2026-08-26T18:26:42+00:00
111-2-EL-F573-M-1-,111,2,人文社會科學院,EL,東亞語文學系,F573,M,碩士班,1,,韓國社會概論II,2,選,30,3,,27,洪攸善,H1--111,"5,6",,,,,,,"[{""day"": 1, ""dayName"": ""星期一"", ""periods"": [""5"", ""6""], ""raw"": ""5,6""}]",限修,學碩合開，本課程部分為遠距教學授課，教師授課鐘點由韓國外國語大學支應,https://course.nuk.edu.tw/QueryCourse/tcontent.asp?OpenYear=111&Helf=2&Sclass=EL&Cono=F573,2026-08-26T18:26:42+00:00
111-2-KH-A114-A-1-A,111,2,人文社會科學院,KH,運動健康與休閒學系,A114,A,大學部,1,A,環境健康學,2,必,69,69,,0,白秀華 徐爾烈,H1--104,,,"3,4",,,,,"[{""day"": 3, ""dayName"": ""星期三"", ""periods"": [""3"", ""4""], ""raw"": ""3,4""}]",限修及外加,核心必修,https://course.nuk.edu.tw/QueryCourse/tcontent.asp?OpenYear=111&Helf=2&Sclass=KH&Cono=A114,2026-08-26T18:26:42+00:00
111-2-KH-A19D-A-1-A,111,2,人文社會科學院,KH,運動健康與休閒學系,A19D,A,大學部,1,A,人體解剖生理學(含實驗)(2),2,必,81,80,,1,劉紹東,H1--107,,,,,"5,6",,,"[{""day"": 5, ""dayName"": ""星期五"", ""periods"": [""5"", ""6""], ""raw"": ""5,6""}]",限修及外加 學程,核心必修/外語觀光保健人才培育學程/運動防護員證照規定課程,https://course.nuk.edu.tw/QueryCourse/tcontent.asp?OpenYear=111&Helf=2&Sclass=KH&Cono=A19D,2026-08-26T18:26:42+00:00
111-2-KH-A517-A-1-A,111,2,人文社會科學院,KH,運動健康與休閒學系,A517,A,大學部,1,A,運動動作控制,2,選,56,56,,0,張志成,H1--105,,,"1,2",,,,,"[{""day"": 3, ""dayName"": ""星期三"", ""periods"": [""1"", ""2""], ""raw"": ""1,2""}]",限修及外加,運動健康促進學群,https://course.nuk.edu.tw/QueryCourse/tcontent.asp?OpenYear=111&Helf=2&Sclass=KH&Cono=A517,2026-08-26T18:26:42+00:00
111-2-KH-A551-A-1-A,111,2,人文社會科學院,KH,運動健康與休閒學系,A551,A,大學部,1,A,休閒與遊憩學,3,選,50,37,,13,潘明珠,H1--104,,"2,3, 4",,,,,,"[{""day"": 2, ""dayName"": ""星期二"", ""periods"": [""2"", ""3"", ""4""], ""raw"": ""2,3, 4""}]",限修 學程,休閒健康促進學群/外語導遊人才培育學程/外語觀光醫療學程,https://course.nuk.edu.tw/QueryCourse/tcontent.asp?OpenYear=111&Helf=2&Sclass=KH&Cono=A551,2026-08-26T18:26:42+00:00
111-2-KH-A554-A-1-A,111,2,人文社會科學院,KH,運動健康與休閒學系,A554,A,大學部,1,A,休閒、文化與活動,3,選,50,28,,22,莊淑姿,H1--107,"3,4, Y",,,,,,,"[{""day"": 1, ""dayName"": ""星期一"", ""periods"": [""3"", ""4"", ""Y""], ""raw"": ""3,4, Y""}]",限修,休閒健康促進學群,https://course.nuk.edu.tw/QueryCourse/tcontent.asp?OpenYear=111&Helf=2&Sclass=KH&Cono=A554,2026-08-26T18:26:42+00:00
111-2-KH-A561-A-1-A,111,2,人文社會科學院,KH,運動健康與休閒學系,A561,A,大學部,1,A,適應體育,2,選,52,49,,3,李福恩,K01-202,,,"5,6",,,,,"[{""day"": 3, ""dayName"": ""星期三"", ""periods"": [""5"", ""6""], ""raw"": ""5,6""}]",限修及外加,休閒健康促進學群,https://course.nuk.edu.tw/QueryCourse/tcontent.asp?OpenYear=111&Helf=2&Sclass=KH&Cono=A561,2026-08-26T18:26:42+00:00
111-2-KH-B181-A-1-A,111,2,人文社會科學院,KH,運動健康與休閒學系,B181,A,大學部,1,A,普通心理學,2,必,80,72,,8,陳詢榮,H1--107,"1,2",,,,,,,"[{""day"": 1, ""dayName"": ""星期一"", ""periods"": [""1"", ""2""], ""raw"": ""1,2""}]",限修及外加,核心必修,https://course.nuk.edu.tw/QueryCourse/tcontent.asp?OpenYear=111&Helf=2&Sclass=KH&Cono=B181,2026-08-26T18:26:42+00:00
111-2-KH-C605-A-1-A,111,2,人文社會科學院,KH,運動健康與休閒學系,C605,A,大學部,1,A,特殊族群之健康與文化,2,選,50,38,,12,章順仁,H1--105,,,,"7,8",,,,"[{""day"": 4, ""dayName"": ""星期四"", ""periods"": [""7"", ""8""], ""raw"": ""7,8""}]",限修,核心選修,https://course.nuk.edu.tw/QueryCourse/tcontent.asp?OpenYear=111&Helf=2&Sclass=KH&Cono=C605,2026-08-26T18:26:42+00:00
111-2-KH-B213-A-2-A,111,2,人文社會科學院,KH,運動健康與休閒學系,B213,A,大學部,2,A,健康行為科學,2,必,62,62,,0,陳詢榮,H1--105,,,"3,4",,,,,"[{""day"": 3, ""dayName"": ""星期三"", ""periods"": [""3"", ""4""], ""raw"": ""3,4""}]",限修及外加,核心必修,https://course.nuk.edu.tw/QueryCourse/tcontent.asp?OpenYear=111&Helf=2&Sclass=KH&Cono=B213,2026-08-26T18:26:42+00:00
111-2-KH-B502-A-2-A,111,2,人文社會科學院,KH,運動健康與休閒學系,B502,A,大學部,2,A,人類生殖生理概論,2,選,50,50,,0,劉紹東,H1--105,,,,"5,6",,,,"[{""day"": 4, ""dayName"": ""星期四"", ""periods"": [""5"", ""6""], ""raw"": ""5,6""}]",限修,運動健康促進學群,https://course.nuk.edu.tw/QueryCourse/tcontent.asp?OpenYear=111&Helf=2&Sclass=KH&Cono=B502,2026-08-26T18:26:42+00:00
111-2-KH-B552-A-2-A,111,2,人文社會科學院,KH,運動健康與休閒學系,B552,A,大學部,2,A,旅遊規劃實務,2,選,51,44,,7,李福恩,K01-202,,"3,4",,,,,,"[{""day"": 2, ""dayName"": ""星期二"", ""periods"": [""3"", ""4""], ""raw"": ""3,4""}]",限修及外加 學程,休閒健康促進學群/外語導遊人才培育學程,https://course.nuk.edu.tw/QueryCourse/tcontent.asp?OpenYear=111&Helf=2&Sclass=KH&Cono=B552,2026-08-26T18:26:42+00:00
111-2-KH-B573-A-2-A,111,2,人文社會科學院,KH,運動健康與休閒學系,B573,A,大學部,2,A,旅遊日語-中級,2,選,60,26,,34,吳得智,H1--105,,,,"3,4",,,,"[{""day"": 4, ""dayName"": ""星期四"", ""periods"": [""3"", ""4""], ""raw"": ""3,4""}]",外加,休閒健康促進學群,https://course.nuk.edu.tw/QueryCourse/tcontent.asp?OpenYear=111&Helf=2&Sclass=KH&Cono=B573,2026-08-26T18:26:42+00:00
111-2-KH-B574-A-2-A,111,2,人文社會科學院,KH,運動健康與休閒學系,B574,A,大學部,2,A,旅遊英語-中級,2,選,50,38,,12,陳信智,B01-110,,,"9,10",,,,,"[{""day"": 3, ""dayName"": ""星期三"", ""periods"": [""9"", ""10""], ""raw"": ""9,10""}]",,休閒健康促進學群,https://course.nuk.edu.tw/QueryCourse/tcontent.asp?OpenYear=111&Helf=2&Sclass=KH&Cono=B574,2026-08-26T18:26:42+00:00
111-2-KH-B583-A-2-A,111,2,人文社會科學院,KH,運動健康與休閒學系,B583,A,大學部,2,A,行銷管理,3,選,51,28,,23,潘明珠,H1--105,"7,8, 9",,,,,,,"[{""day"": 1, ""dayName"": ""星期一"", ""periods"": [""7"", ""8"", ""9""], ""raw"": ""7,8, 9""}]",限修及外加,核心選修,https://course.nuk.edu.tw/QueryCourse/tcontent.asp?OpenYear=111&Helf=2&Sclass=KH&Cono=B583,2026-08-26T18:26:42+00:00
111-2-KH-B593-A-2-A,111,2,人文社會科學院,KH,運動健康與休閒學系,B593,A,大學部,2,A,運動生理學,3,選,51,46,,5,吳佩芳,K01-202,,,,,"2,3, 4",,,"[{""day"": 5, ""dayName"": ""星期五"", ""periods"": [""2"", ""3"", ""4""], ""raw"": ""2,3, 4""}]",限修及外加,運動健康促進學群(運動防護員規定課程),https://course.nuk.edu.tw/QueryCourse/tcontent.asp?OpenYear=111&Helf=2&Sclass=KH&Cono=B593,2026-08-26T18:26:42+00:00
111-2-KH-B595-A-2-A,111,2,人文社會科學院,KH,運動健康與休閒學系,B595,A,大學部,2,A,運動傷害與防護學,2,選,50,47,,3,梁可欣,H1--104 其他教室,,,,,"7,8",,,"[{""day"": 5, ""dayName"": ""星期五"", ""periods"": [""7"", ""8""], ""raw"": ""7,8""}]",限修,運動健康促進學群/梁可欣老師,https://course.nuk.edu.tw/QueryCourse/tcontent.asp?OpenYear=111&Helf=2&Sclass=KH&Cono=B595,2026-08-26T18:26:42+00:00
111-2-KH-B604-A-2-A,111,2,人文社會科學院,KH,運動健康與休閒學系,B604,A,大學部,2,A,進階有氧,2,選,16,10,,6,孫婉華,K01-213,,,"5,6",,,,,"[{""day"": 3, ""dayName"": ""星期三"", ""periods"": [""5"", ""6""], ""raw"": ""5,6""}]",限修及外加,運動健康促進學群,https://course.nuk.edu.tw/QueryCourse/tcontent.asp?OpenYear=111&Helf=2&Sclass=KH&Cono=B604,2026-08-26T18:26:42+00:00
111-2-KH-B654-A-2-A,111,2,人文社會科學院,KH,運動健康與休閒學系,B654,A,大學部,2,A,運動休閒消費者行為,2,選,50,35,,15,張景弘,H1--105,"5,6",,,,,,,"[{""day"": 1, ""dayName"": ""星期一"", ""periods"": [""5"", ""6""], ""raw"": ""5,6""}]",限修,核心選修,https://course.nuk.edu.tw/QueryCourse/tcontent.asp?OpenYear=111&Helf=2&Sclass=KH&Cono=B654,2026-08-26T18:26:42+00:00
111-2-KH-B661-A-2-A,111,2,人文社會科學院,KH,運動健康與休閒學系,B661,A,大學部,2,A,老人健康促進,2,選,50,42,,8,章順仁,H1--106,"3,4",,,,,,,"[{""day"": 1, ""dayName"": ""星期一"", ""periods"": [""3"", ""4""], ""raw"": ""3,4""}]",限修,核心選修,https://course.nuk.edu.tw/QueryCourse/tcontent.asp?OpenYear=111&Helf=2&Sclass=KH&Cono=B661,2026-08-26T18:26:42+00:00
111-2-KH-B671-A-2-A,111,2,人文社會科學院,KH,運動健康與休閒學系,B671,A,大學部,2,A,重量訓練,2,選,50,50,,0,李福恩,K01-202,,"5,6",,,,,,"[{""day"": 2, ""dayName"": ""星期二"", ""periods"": [""5"", ""6""], ""raw"": ""5,6""}]",限修,運動健康促進學群,https://course.nuk.edu.tw/QueryCourse/tcontent.asp?OpenYear=111&Helf=2&Sclass=KH&Cono=B671,2026-08-26T18:26:42+00:00
111-2-KH-B681-A-2-A,111,2,人文社會科學院,KH,運動健康與休閒學系,B681,A,大學部,2,A,人工智慧,3,選,52,49,,3,張志成,L01-107,,,"5,6, 7",,,,,"[{""day"": 3, ""dayName"": ""星期三"", ""periods"": [""5"", ""6"", ""7""], ""raw"": ""5,6, 7""}]",限修及外加,本課程認列核心選修,https://course.nuk.edu.tw/QueryCourse/tcontent.asp?OpenYear=111&Helf=2&Sclass=KH&Cono=B681,2026-08-26T18:26:42+00:00
111-2-KH-B682-A-2-A,111,2,人文社會科學院,KH,運動健康與休閒學系,B682,A,大學部,2,A,巨量數據分析與應用,3,選,50,46,,4,張志成,L01-107,,"7,8, 9",,,,,,"[{""day"": 2, ""dayName"": ""星期二"", ""periods"": [""7"", ""8"", ""9""], ""raw"": ""7,8, 9""}]",,本課程認列核心選修,https://course.nuk.edu.tw/QueryCourse/tcontent.asp?OpenYear=111&Helf=2&Sclass=KH&Cono=B682,2026-08-26T18:26:42+00:00
111-2-KH-B683-A-2-A,111,2,人文社會科學院,KH,運動健康與休閒學系,B683,A,大學部,2,A,智慧科技與運動健康,3,選,50,46,,4,張志成,H1--105,,,,,"2,3, 4",,,"[{""day"": 5, ""dayName"": ""星期五"", ""periods"": [""2"", ""3"", ""4""], ""raw"": ""2,3, 4""}]",,本課程認列本系運動健康促進學群,https://course.nuk.edu.tw/QueryCourse/tcontent.asp?OpenYear=111&Helf=2&Sclass=KH&Cono=B683,2026-08-26T18:26:42+00:00
111-2-KH-B201-A-3-A,111,2,人文社會科學院,KH,運動健康與休閒學系,B201,A,大學部,3,A,休閒社會學,3,選,50,16,,34,莊淑姿,H1--106,,,,"2,3, 4",,,,"[{""day"": 4, ""dayName"": ""星期四"", ""periods"": [""2"", ""3"", ""4""], ""raw"": ""2,3, 4""}]",限修,休閒健康促進學群,https://course.nuk.edu.tw/QueryCourse/tcontent.asp?OpenYear=111&Helf=2&Sclass=KH&Cono=B201,2026-08-26T18:26:42+00:00
111-2-KH-B542-A-3-A,111,2,人文社會科學院,KH,運動健康與休閒學系,B542,A,大學部,3,A,戶外遊憩管理與實務,3,選,50,13,,37,潘明珠,H1--104,,"5,6, 7",,,,,,"[{""day"": 2, ""dayName"": ""星期二"", ""periods"": [""5"", ""6"", ""7""], ""raw"": ""5,6, 7""}]",限修,休閒健康促進學群,https://course.nuk.edu.tw/QueryCourse/tcontent.asp?OpenYear=111&Helf=2&Sclass=KH&Cono=B542,2026-08-26T18:26:42+00:00
111-2-KH-B551-A-3-A,111,2,人文社會科學院,KH,運動健康與休閒學系,B551,A,大學部,3,A,生態旅遊,3,選,50,14,,36,張景弘,H1--105,,,"5,6, 7",,,,,"[{""day"": 3, ""dayName"": ""星期三"", ""periods"": [""5"", ""6"", ""7""], ""raw"": ""5,6, 7""}]",,休閒健康促進學群,https://course.nuk.edu.tw/QueryCourse/tcontent.asp?OpenYear=111&Helf=2&Sclass=KH&Cono=B551,2026-08-26T18:26:42+00:00
111-2-KH-B612-A-3-A,111,2,人文社會科學院,KH,運動健康與休閒學系,B612,A,大學部,3,A,運動產業分析,2,選,50,11,,39,張景弘,H1--104,"7,8",,,,,,,"[{""day"": 1, ""dayName"": ""星期一"", ""periods"": [""7"", ""8""], ""raw"": ""7,8""}]",,運動健康促進學群,https://course.nuk.edu.tw/QueryCourse/tcontent.asp?OpenYear=111&Helf=2&Sclass=KH&Cono=B612,2026-08-26T18:26:42+00:00
111-2-KH-C102-A-3-A,111,2,人文社會科學院,KH,運動健康與休閒學系,C102,A,大學部,3,A,健康促進理論與實務,3,必,65,65,,0,白秀華,H1--104,,,,"6,7, 8",,,,"[{""day"": 4, ""dayName"": ""星期四"", ""periods"": [""6"", ""7"", ""8""], ""raw"": ""6,7, 8""}]",限修及外加,核心必修,https://course.nuk.edu.tw/QueryCourse/tcontent.asp?OpenYear=111&Helf=2&Sclass=KH&Cono=C102,2026-08-26T18:26:42+00:00
111-2-KH-C541-A-3-A,111,2,人文社會科學院,KH,運動健康與休閒學系,C541,A,大學部,3,A,徒手肌肉測試,2,選,50,29,,21,劉紹東,H1--104,,,,"3,4",,,,"[{""day"": 4, ""dayName"": ""星期四"", ""periods"": [""3"", ""4""], ""raw"": ""3,4""}]",先修 限修,運動健康促進學群,https://course.nuk.edu.tw/QueryCourse/tcontent.asp?OpenYear=111&Helf=2&Sclass=KH&Cono=C541,2026-08-26T18:26:42+00:00
111-2-KH-C597-A-3-A,111,2,人文社會科學院,KH,運動健康與休閒學系,C597,A,大學部,3,A,休閒政策與法規,2,選,67,67,,0,陳孝文,H1--104,"3,4",,,,,,,"[{""day"": 1, ""dayName"": ""星期一"", ""periods"": [""3"", ""4""], ""raw"": ""3,4""}]",限修及外加,休閒健康促進學群(運健休學系法學素養課程),https://course.nuk.edu.tw/QueryCourse/tcontent.asp?OpenYear=111&Helf=2&Sclass=KH&Cono=C597,2026-08-26T18:26:42+00:00
111-2-KH-C606-A-3-A,111,2,人文社會科學院,KH,運動健康與休閒學系,C606,A,大學部,3,A,運動傷害評估學,2,選,50,14,,36,梁可欣,H1--104 其他教室,,,,,"5,6",,,"[{""day"": 5, ""dayName"": ""星期五"", ""periods"": [""5"", ""6""], ""raw"": ""5,6""}]",限修,運動健康促進學群,https://course.nuk.edu.tw/QueryCourse/tcontent.asp?OpenYear=111&Helf=2&Sclass=KH&Cono=C606,2026-08-26T18:26:42+00:00
111-2-KH-C626-A-3-A,111,2,人文社會科學院,KH,運動健康與休閒學系,C626,A,大學部,3,A,游泳與水域安全救生,2,選,50,15,,35,林榮男,H1--105,,,,,"7,8",,,"[{""day"": 5, ""dayName"": ""星期五"", ""periods"": [""7"", ""8""], ""raw"": ""7,8""}]",限修,運動健康促進學群/林榮男老師,https://course.nuk.edu.tw/QueryCourse/tcontent.asp?OpenYear=111&Helf=2&Sclass=KH&Cono=C626,2026-08-26T18:26:42+00:00
111-2-KH-C682-A-3-A,111,2,人文社會科學院,KH,運動健康與休閒學系,C682,A,大學部,3,A,體重控制,2,選,30,24,,6,吳佩芳,H1--105,,"1,2",,,,,,"[{""day"": 2, ""dayName"": ""星期二"", ""periods"": [""1"", ""2""], ""raw"": ""1,2""}]",限修,核心選修,https://course.nuk.edu.tw/QueryCourse/tcontent.asp?OpenYear=111&Helf=2&Sclass=KH&Cono=C682,2026-08-26T18:26:42+00:00
111-2-KH-C684-A-3-A,111,2,人文社會科學院,KH,運動健康與休閒學系,C684,A,大學部,3,A,健康資訊與應用,2,選,50,29,,21,章順仁,L01-108,,"3,4",,,,,,"[{""day"": 2, ""dayName"": ""星期二"", ""periods"": [""3"", ""4""], ""raw"": ""3,4""}]",限修,核心選修,https://course.nuk.edu.tw/QueryCourse/tcontent.asp?OpenYear=111&Helf=2&Sclass=KH&Cono=C684,2026-08-26T18:26:42+00:00
111-2-KH-D523-A-3-A,111,2,人文社會科學院,KH,運動健康與休閒學系,D523,A,大學部,3,A,健身運動訓練,2,選,50,31,,19,李福恩,K01-202,,,"3,4",,,,,"[{""day"": 3, ""dayName"": ""星期三"", ""periods"": [""3"", ""4""], ""raw"": ""3,4""}]",限修,運動健康促進學群(運動防護員規定課程),https://course.nuk.edu.tw/QueryCourse/tcontent.asp?OpenYear=111&Helf=2&Sclass=KH&Cono=D523,2026-08-26T18:26:42+00:00
111-2-KH-D583-A-3-A,111,2,人文社會科學院,KH,運動健康與休閒學系,D583,A,大學部,3,A,運動保健學,2,選,51,43,,8,吳佩芳 劉紹東 張志成,H1--104,"5,6",,,,,,,"[{""day"": 1, ""dayName"": ""星期一"", ""periods"": [""5"", ""6""], ""raw"": ""5,6""}]",限修,運動健康促進學群(運動防護員規定課程),https://course.nuk.edu.tw/QueryCourse/tcontent.asp?OpenYear=111&Helf=2&Sclass=KH&Cono=D583,2026-08-26T18:26:42+00:00
111-2-KH-A518-A-4-A,111,2,人文社會科學院,KH,運動健康與休閒學系,A518,A,大學部,4,A,運動防護實習,2,選,30,6,,24,張志成,H1--105,,,"8,9",,,,,"[{""day"": 3, ""dayName"": ""星期三"", ""periods"": [""8"", ""9""], ""raw"": ""8,9""}]",限修,運動健康促進學群(需符合本系運動防護實習實施要點之學生實習資格限制之學生始得修習),https://course.nuk.edu.tw/QueryCourse/tcontent.asp?OpenYear=111&Helf=2&Sclass=KH&Cono=A518,2026-08-26T18:26:42+00:00
111-2-KH-D022-A-4-A,111,2,人文社會科學院,KH,運動健康與休閒學系,D022,A,大學部,4,A,產業實習,3,必,61,58,,3,張志成,H1--107,"7,8, 9",,,,,,,"[{""day"": 1, ""dayName"": ""星期一"", ""periods"": [""7"", ""8"", ""9""], ""raw"": ""7,8, 9""}]",限修及外加,核心必修,https://course.nuk.edu.tw/QueryCourse/tcontent.asp?OpenYear=111&Helf=2&Sclass=KH&Cono=D022,2026-08-26T18:26:42+00:00
111-2-KH-D572-A-4-A,111,2,人文社會科學院,KH,運動健康與休閒學系,D572,A,大學部,4,A,健康生活型態疾病與預防,3,選,50,15,,35,吳佩芳,H1--106,,,"2,3, 4",,,,,"[{""day"": 3, ""dayName"": ""星期三"", ""periods"": [""2"", ""3"", ""4""], ""raw"": ""2,3, 4""}]",限修,核心選修,https://course.nuk.edu.tw/QueryCourse/tcontent.asp?OpenYear=111&Helf=2&Sclass=KH&Cono=D572,2026-08-26T18:26:42+00:00
111-2-KH-D591-A-4-A,111,2,人文社會科學院,KH,運動健康與休閒學系,D591,A,大學部,4,A,職場壓力管理,2,選,50,29,,21,陳詢榮,H1--105,"3,4",,,,,,,"[{""day"": 1, ""dayName"": ""星期一"", ""periods"": [""3"", ""4""], ""raw"": ""3,4""}]",限修,運動健康促進學群/休閒健康促進學群,https://course.nuk.edu.tw/QueryCourse/tcontent.asp?OpenYear=111&Helf=2&Sclass=KH&Cono=D591,2026-08-26T18:26:42+00:00
111-2-KH-T00B-L-1-,111,2,人文社會科學院,KH,運動健康與休閒學系,T00B,L,碩士在職專班,1,,專題討論(二),2,必,30,13,,17,白秀華,H1--209,,,"10,11",,,,,"[{""day"": 3, ""dayName"": ""星期三"", ""periods"": [""10"", ""11""], ""raw"": ""10,11""}]",限修,,https://course.nuk.edu.tw/QueryCourse/tcontent.asp?OpenYear=111&Helf=2&Sclass=KH&Cono=T00B,2026-08-26T18:26:42+00:00
111-2-KH-T502-L-1-,111,2,人文社會科學院,KH,運動健康與休閒學系,T502,L,碩士在職專班,1,,運動心理學特論,3,選,30,14,,16,張志成,H1--209,,"10,11, 12",,,,,,"[{""day"": 2, ""dayName"": ""星期二"", ""periods"": [""10"", ""11"", ""12""], ""raw"": ""10,11, 12""}]",限修,運動知能專業課程,https://course.nuk.edu.tw/QueryCourse/tcontent.asp?OpenYear=111&Helf=2&Sclass=KH&Cono=T502,2026-08-26T18:26:42+00:00
111-2-KH-T505-L-1-,111,2,人文社會科學院,KH,運動健康與休閒學系,T505,L,碩士在職專班,1,,健康促進特論,3,選,30,12,,18,白秀華 章順仁,H1--209,,,,"10,11, 12",,,,"[{""day"": 4, ""dayName"": ""星期四"", ""periods"": [""10"", ""11"", ""12""], ""raw"": ""10,11, 12""}]",限修,健康促進專業課程,https://course.nuk.edu.tw/QueryCourse/tcontent.asp?OpenYear=111&Helf=2&Sclass=KH&Cono=T505,2026-08-26T18:26:42+00:00
111-2-KH-U002-L-2-,111,2,人文社會科學院,KH,運動健康與休閒學系,U002,L,碩士在職專班,2,,碩士論文(二),3,必,30,11,,19,吳佩芳 張景弘 劉紹東 李福恩 白秀華 張志成 莊淑姿,H1--210,,,"10,11, 12",,,,,"[{""day"": 3, ""dayName"": ""星期三"", ""periods"": [""10"", ""11"", ""12""], ""raw"": ""10,11, 12""}]",限修,,https://course.nuk.edu.tw/QueryCourse/tcontent.asp?OpenYear=111&Helf=2&Sclass=KH&Cono=U002,2026-08-26T18:26:42+00:00
111-2-KH-F013-M-1-,111,2,人文社會科學院,KH,運動健康與休閒學系,F013,M,碩士班,1,,專題討論(二),1,必,30,8,,22,白秀華,H1--209,,,,4,,,,"[{""day"": 4, ""dayName"": ""星期四"", ""periods"": [""4""], ""raw"": ""4""}]",限修,,https://course.nuk.edu.tw/QueryCourse/tcontent.asp?OpenYear=111&Helf=2&Sclass=KH&Cono=F013,2026-08-26T18:26:42+00:00
111-2-KH-F032-M-1-,111,2,人文社會科學院,KH,運動健康與休閒學系,F032,M,碩士班,1,,運動健康與休閒專題講座,2,必,30,8,,22,白秀華,H1--209,,,"6,7",,,,,"[{""day"": 3, ""dayName"": ""星期三"", ""periods"": [""6"", ""7""], ""raw"": ""6,7""}]",限修,,https://course.nuk.edu.tw/QueryCourse/tcontent.asp?OpenYear=111&Helf=2&Sclass=KH&Cono=F032,2026-08-26T18:26:42+00:00
111-2-KH-F515-M-1-,111,2,人文社會科學院,KH,運動健康與休閒學系,F515,M,碩士班,1,,運動選手培訓制度專論,3,選,30,5,,25,李福恩,K01-202,"5,6, 7",,,,,,,"[{""day"": 1, ""dayName"": ""星期一"", ""periods"": [""5"", ""6"", ""7""], ""raw"": ""5,6, 7""}]",限修,,https://course.nuk.edu.tw/QueryCourse/tcontent.asp?OpenYear=111&Helf=2&Sclass=KH&Cono=F515,2026-08-26T18:26:42+00:00
111-2-KH-F519-M-1-,111,2,人文社會科學院,KH,運動健康與休閒學系,F519,M,碩士班,1,,運動行銷專題研究,3,選,30,3,,27,張景弘,H1--209,,"5,6, 7",,,,,,"[{""day"": 2, ""dayName"": ""星期二"", ""periods"": [""5"", ""6"", ""7""], ""raw"": ""5,6, 7""}]",限修,,https://course.nuk.edu.tw/QueryCourse/tcontent.asp?OpenYear=111&Helf=2&Sclass=KH&Cono=F519,2026-08-26T18:26:42+00:00
111-2-KH-F52A-M-1-,111,2,人文社會科學院,KH,運動健康與休閒學系,F52A,M,碩士班,1,,休閒產業與地區發展特論,3,選,31,3,,28,莊淑姿,H1--209,,,,,"6,7, 8",,,"[{""day"": 5, ""dayName"": ""星期五"", ""periods"": [""6"", ""7"", ""8""], ""raw"": ""6,7, 8""}]",限修,,https://course.nuk.edu.tw/QueryCourse/tcontent.asp?OpenYear=111&Helf=2&Sclass=KH&Cono=F52A,2026-08-26T18:26:42+00:00
111-2-KH-F571-M-1-,111,2,人文社會科學院,KH,運動健康與休閒學系,F571,M,碩士班,1,,解剖學特論,3,選,20,12,,8,劉紹東,H1--209,,,,,"2,3, 4",,,"[{""day"": 5, ""dayName"": ""星期五"", ""periods"": [""2"", ""3"", ""4""], ""raw"": ""2,3, 4""}]",限修,,https://course.nuk.edu.tw/QueryCourse/tcontent.asp?OpenYear=111&Helf=2&Sclass=KH&Cono=F571,2026-08-26T18:26:42+00:00
111-2-KH-F612-M-1-,111,2,人文社會科學院,KH,運動健康與休閒學系,F612,M,碩士班,1,,永續觀光發展特論,3,選,30,4,,26,潘明珠,H1--209,,,"2,3, 4",,,,,"[{""day"": 3, ""dayName"": ""星期三"", ""periods"": [""2"", ""3"", ""4""], ""raw"": ""2,3, 4""}]",限修,,https://course.nuk.edu.tw/QueryCourse/tcontent.asp?OpenYear=111&Helf=2&Sclass=KH&Cono=F612,2026-08-26T18:26:42+00:00
111-2-KH-F015-M-2-,111,2,人文社會科學院,KH,運動健康與休閒學系,F015,M,碩士班,2,,專題討論(四),1,必,31,10,,21,白秀華,H1--209,,,,3,,,,"[{""day"": 4, ""dayName"": ""星期四"", ""periods"": [""3""], ""raw"": ""3""}]",限修及外加,,https://course.nuk.edu.tw/QueryCourse/tcontent.asp?OpenYear=111&Helf=2&Sclass=KH&Cono=F015,2026-08-26T18:26:42+00:00
111-2-WL-A04B-A-1-A,111,2,人文社會科學院,WL,西洋語文學系,A04B,A,大學部,1,A,英文作文(一下)(A),3,必,30,11,,19,顏正裕,H2--103,,"2,3, 4",,,,,,"[{""day"": 2, ""dayName"": ""星期二"", ""periods"": [""2"", ""3"", ""4""], ""raw"": ""2,3, 4""}]",限修及外加,全班分A、B兩組，依學生學號編列班級，A班單號、B班雙號。重補修學生請另加簽，全英語授課。,https://course.nuk.edu.tw/QueryCourse/tcontent.asp?OpenYear=111&Helf=2&Sclass=WL&Cono=A04B,2026-08-26T18:26:42+00:00
111-2-WL-A05B-A-1-A,111,2,人文社會科學院,WL,西洋語文學系,A05B,A,大學部,1,A,英文作文(一下)(B),3,必,31,20,,11,王嵩嵐,H2--108,,"2,3, 4",,,,,,"[{""day"": 2, ""dayName"": ""星期二"", ""periods"": [""2"", ""3"", ""4""], ""raw"": ""2,3, 4""}]",限修及外加,全班分A、B兩組，依學生學號編列班級，A班單號、B班雙號。重補修學生請另加簽，全英語授課。,https://course.nuk.edu.tw/QueryCourse/tcontent.asp?OpenYear=111&Helf=2&Sclass=WL&Cono=A05B,2026-08-26T18:26:42+00:00
111-2-WL-A07B-A-1-A,111,2,人文社會科學院,WL,西洋語文學系,A07B,A,大學部,1,A,西洋文學概論(下),3,必,54,32,,22,顏淑娟,H2--107,,,,"2,3, 4",,,,"[{""day"": 4, ""dayName"": ""星期四"", ""periods"": [""2"", ""3"", ""4""], ""raw"": ""2,3, 4""}]",限修及外加,限修本系一年級，補、重修請另加簽。,https://course.nuk.edu.tw/QueryCourse/tcontent.asp?OpenYear=111&Helf=2&Sclass=WL&Cono=A07B,2026-08-26T18:26:42+00:00
111-2-WL-A08B-A-1-A,111,2,人文社會科學院,WL,西洋語文學系,A08B,A,大學部,1,A,文學作品讀法(下),3,必,37,30,,7,傅鈺雯,H2--107,,,"5,6, 7",,,,,"[{""day"": 3, ""dayName"": ""星期三"", ""periods"": [""5"", ""6"", ""7""], ""raw"": ""5,6, 7""}]",限修及外加,限修本系一年級，補、重修請另加簽。,https://course.nuk.edu.tw/QueryCourse/tcontent.asp?OpenYear=111&Helf=2&Sclass=WL&Cono=A08B,2026-08-26T18:26:42+00:00
111-2-WL-A23C-A-1-A,111,2,人文社會科學院,WL,西洋語文學系,A23C,A,大學部,1,A,英語聽力與會話(一下)(A),3,必,26,15,,11,王嵩嵐,H2--108,,"5,6, 7",,,,,,"[{""day"": 2, ""dayName"": ""星期二"", ""periods"": [""5"", ""6"", ""7""], ""raw"": ""5,6, 7""}]",外加 學程,全班分A、B兩組，依學生學號編列班級，A班單號、B班雙號。重補修學生、人文與商管學程、外語觀光保健人才培育學程或外語導遊人才培育學程之修習學生請另加簽，全英語授課。,https://course.nuk.edu.tw/QueryCourse/tcontent.asp?OpenYear=111&Helf=2&Sclass=WL&Cono=A23C,2026-08-26T18:26:42+00:00
111-2-WL-A23D-A-1-A,111,2,人文社會科學院,WL,西洋語文學系,A23D,A,大學部,1,A,英語聽力與會話(一下)(B),3,必,35,16,,19,王靜嫻,H2--108,,,,"5,6, 7",,,,"[{""day"": 4, ""dayName"": ""星期四"", ""periods"": [""5"", ""6"", ""7""], ""raw"": ""5,6, 7""}]",限修及外加 學程,全班分A、B兩組，依學生學號編列班級，A班單號、B班雙號。重補修學生、人文與商管學程、外語觀光保健人才培育學程或外語導遊人才培育學程之修習學生請另加簽，全英語授課。,https://course.nuk.edu.tw/QueryCourse/tcontent.asp?OpenYear=111&Helf=2&Sclass=WL&Cono=A23D,2026-08-26T18:26:42+00:00
111-2-WL-A53B-A-1-A,111,2,人文社會科學院,WL,西洋語文學系,A53B,A,大學部,1,A,第二外語：西一(下),2,選,30,16,,14,李優俐,H2--108,"5,6",,,,,,,"[{""day"": 1, ""dayName"": ""星期一"", ""periods"": [""5"", ""6""], ""raw"": ""5,6""}]",學程,本系規定其學生畢業前至少須修習8學分。【人文與商管學程】須另外加簽。,https://course.nuk.edu.tw/QueryCourse/tcontent.asp?OpenYear=111&Helf=2&Sclass=WL&Cono=A53B,2026-08-26T18:26:42+00:00
111-2-WL-B58B-A-1-A,111,2,人文社會科學院,WL,西洋語文學系,B58B,A,大學部,1,A,翻譯導論(下),2,選,26,21,,5,王嵩嵐,H2--103,,,,"3,4",,,,"[{""day"": 4, ""dayName"": ""星期四"", ""periods"": [""3"", ""4""], ""raw"": ""3,4""}]",限修 學程,【人文與商管學程】須另外加簽。,https://course.nuk.edu.tw/QueryCourse/tcontent.asp?OpenYear=111&Helf=2&Sclass=WL&Cono=B58B,2026-08-26T18:26:42+00:00
111-2-WL-C65B-A-1-A,111,2,人文社會科學院,WL,西洋語文學系,C65B,A,大學部,1,A,英美戲劇(下),3,選,30,23,,7,歐馨雲,H2--105,,"2,3, 4",,,,,,"[{""day"": 2, ""dayName"": ""星期二"", ""periods"": [""2"", ""3"", ""4""], ""raw"": ""2,3, 4""}]",限修及外加 學程,【文學文化類】【人文與商管學程】須另外加簽。,https://course.nuk.edu.tw/QueryCourse/tcontent.asp?OpenYear=111&Helf=2&Sclass=WL&Cono=C65B,2026-08-26T18:26:42+00:00
111-2-WL-D912-A-1-A,111,2,人文社會科學院,WL,西洋語文學系,D912,A,大學部,1,A,進階英語聽力與溝通：兒童故事(I),2,選,30,28,,2,莫艾倫,H2--105,,,,,"8,9",,,"[{""day"": 5, ""dayName"": ""星期五"", ""periods"": [""8"", ""9""], ""raw"": ""8,9""}]",,全英語授課。開放本系大一至大四同學選修。,https://course.nuk.edu.tw/QueryCourse/tcontent.asp?OpenYear=111&Helf=2&Sclass=WL&Cono=D912,2026-08-26T18:26:42+00:00
111-2-WL-A52D-A-2-A,111,2,人文社會科學院,WL,西洋語文學系,A52D,A,大學部,2,A,第二外語：德文二,4,選,30,16,,14,奧利華,H2--106,"5,6",,"9,10",,,,,"[{""day"": 1, ""dayName"": ""星期一"", ""periods"": [""5"", ""6""], ""raw"": ""5,6""}, {""day"": 3, ""dayName"": ""星期三"", ""periods"": [""9"", ""10""], ""raw"": ""9,10""}]",限修 學程,本系規定其學生畢業前至少須修習8學分，【人文與商管學程】須另外加簽。【全英語授課】,https://course.nuk.edu.tw/QueryCourse/tcontent.asp?OpenYear=111&Helf=2&Sclass=WL&Cono=A52D,2026-08-26T18:26:42+00:00
111-2-WL-B023-A-2-A,111,2,人文社會科學院,WL,西洋語文學系,B023,A,大學部,2,A,進階英語聽力與會話(二下)(A),3,必,26,26,,0,陳麗青,H2--104,,"9,10, 11",,,,,,"[{""day"": 2, ""dayName"": ""星期二"", ""periods"": [""9"", ""10"", ""11""], ""raw"": ""9,10, 11""}]",限修及外加 學程,全班分A、B兩組，依學生學號編列班級，由老師指定加簽。學生請於老師指定加簽後，於加退選期間內上系統選課。【人文與商管學程】請另加簽。【全英語授課】,https://course.nuk.edu.tw/QueryCourse/tcontent.asp?OpenYear=111&Helf=2&Sclass=WL&Cono=B023,2026-08-26T18:26:42+00:00
111-2-WL-B024-A-2-A,111,2,人文社會科學院,WL,西洋語文學系,B024,A,大學部,2,A,進階英語聽力與會話(二下)(B),3,必,25,23,,2,莫艾倫,H2--105,,,"6,7, 8",,,,,"[{""day"": 3, ""dayName"": ""星期三"", ""periods"": [""6"", ""7"", ""8""], ""raw"": ""6,7, 8""}]",限修 學程,全班分A、B兩組，依學生學號編列班級，A班單號、B班雙號。【人文與商管學程】請另加簽，全外語授課-英語。,https://course.nuk.edu.tw/QueryCourse/tcontent.asp?OpenYear=111&Helf=2&Sclass=WL&Cono=B024,2026-08-26T18:26:42+00:00
111-2-WL-B04B-A-2-A,111,2,人文社會科學院,WL,西洋語文學系,B04B,A,大學部,2,A,英文作文(二下)(A),2,必,30,20,,10,莫艾倫,H2--103,,"6,7, 8",,,,,,"[{""day"": 2, ""dayName"": ""星期二"", ""periods"": [""6"", ""7"", ""8""], ""raw"": ""6,7, 8""}]",限修及外加,全班分A、B兩組，依學生學號編列班級，A班單號、B班雙號。重補修學生請另加簽,https://course.nuk.edu.tw/QueryCourse/tcontent.asp?OpenYear=111&Helf=2&Sclass=WL&Cono=B04B,2026-08-26T18:26:42+00:00
111-2-WL-B05B-A-2-A,111,2,人文社會科學院,WL,西洋語文學系,B05B,A,大學部,2,A,英文作文(二下)(B),2,必,25,24,,1,歐馨雲,H2--104,,"5,6, 7",,,,,,"[{""day"": 2, ""dayName"": ""星期二"", ""periods"": [""5"", ""6"", ""7""], ""raw"": ""5,6, 7""}]",限修,全班分A、B兩組，依學生學號編列班級，A班單號、B班雙號。重補修學生請另加簽,https://course.nuk.edu.tw/QueryCourse/tcontent.asp?OpenYear=111&Helf=2&Sclass=WL&Cono=B05B,2026-08-26T18:26:42+00:00
111-2-WL-B06B-A-2-A,111,2,人文社會科學院,WL,西洋語文學系,B06B,A,大學部,2,A,英國文學史(一下),3,必,60,50,,10,鄭月婷,H2--104,,,,"5,6, 7",,,,"[{""day"": 4, ""dayName"": ""星期四"", ""periods"": [""5"", ""6"", ""7""], ""raw"": ""5,6, 7""}]",限修及外加,限修本系二年級，大二、大三需重修者請找老師加簽。,https://course.nuk.edu.tw/QueryCourse/tcontent.asp?OpenYear=111&Helf=2&Sclass=WL&Cono=B06B,2026-08-26T18:26:42+00:00
111-2-WL-B07B-A-2-A,111,2,人文社會科學院,WL,西洋語文學系,B07B,A,大學部,2,A,語言學概論(下),3,必,56,42,,14,賴怡秀,H2--107,,"2,3, 4",,,,,,"[{""day"": 2, ""dayName"": ""星期二"", ""periods"": [""2"", ""3"", ""4""], ""raw"": ""2,3, 4""}]",限修及外加,限修本系二年級，補、重修請另加簽。,https://course.nuk.edu.tw/QueryCourse/tcontent.asp?OpenYear=111&Helf=2&Sclass=WL&Cono=B07B,2026-08-26T18:26:42+00:00
111-2-WL-B53B-A-2-A,111,2,人文社會科學院,WL,西洋語文學系,B53B,A,大學部,2,A,第二外語：西二(下),2,選,30,12,,18,李優俐,H2--108,"7,8",,,,,,,"[{""day"": 1, ""dayName"": ""星期一"", ""periods"": [""7"", ""8""], ""raw"": ""7,8""}]",,本系學生畢業前至少須修習8學分。先修：西一(上)(下)或已有西語基礎者。,https://course.nuk.edu.tw/QueryCourse/tcontent.asp?OpenYear=111&Helf=2&Sclass=WL&Cono=B53B,2026-08-26T18:26:42+00:00
111-2-WL-B61A-A-2-A,111,2,人文社會科學院,WL,西洋語文學系,B61A,A,大學部,2,A,第二外語：法二,4,選,41,41,,0,林雅芬,H2--107,"5,6",,,,"3,4",,,"[{""day"": 1, ""dayName"": ""星期一"", ""periods"": [""5"", ""6""], ""raw"": ""5,6""}, {""day"": 5, ""dayName"": ""星期五"", ""periods"": [""3"", ""4""], ""raw"": ""3,4""}]",限修及外加,本系規定其學生畢業前至少需修習同一語言8學分。,https://course.nuk.edu.tw/QueryCourse/tcontent.asp?OpenYear=111&Helf=2&Sclass=WL&Cono=B61A,2026-08-26T18:26:42+00:00
111-2-WL-C06B-A-3-A,111,2,人文社會科學院,WL,西洋語文學系,C06B,A,大學部,3,A,英國文學史(二下),3,必,46,39,,7,陳麗青,H2--107,,"5,6, 7",,,,,,"[{""day"": 2, ""dayName"": ""星期二"", ""periods"": [""5"", ""6"", ""7""], ""raw"": ""5,6, 7""}]",限修及外加,限修本系三年級，補重修請另加簽。【全英語授課】,https://course.nuk.edu.tw/QueryCourse/tcontent.asp?OpenYear=111&Helf=2&Sclass=WL&Cono=C06B,2026-08-26T18:26:42+00:00
111-2-WL-C07B-A-3-A,111,2,人文社會科學院,WL,西洋語文學系,C07B,A,大學部,3,A,美國文學史(下),3,必,50,38,,12,歐馨雲,H2--104,,,,,"2,3, 4",,,"[{""day"": 5, ""dayName"": ""星期五"", ""periods"": [""2"", ""3"", ""4""], ""raw"": ""2,3, 4""}]",限修,限修本系三年級以上。,https://course.nuk.edu.tw/QueryCourse/tcontent.asp?OpenYear=111&Helf=2&Sclass=WL&Cono=C07B,2026-08-26T18:26:42+00:00
111-2-WL-C601-A-3-A,111,2,人文社會科學院,WL,西洋語文學系,C601,A,大學部,3,A,文化地景,3,選,33,33,,0,顏淑娟,H2--107,,,,"5,6, 7",,,,"[{""day"": 4, ""dayName"": ""星期四"", ""periods"": [""5"", ""6"", ""7""], ""raw"": ""5,6, 7""}]",限修及外加,【文學文化類】限修本系三、四年級。,https://course.nuk.edu.tw/QueryCourse/tcontent.asp?OpenYear=111&Helf=2&Sclass=WL&Cono=C601,2026-08-26T18:26:42+00:00
111-2-WL-C64B-A-3-A,111,2,人文社會科學院,WL,西洋語文學系,C64B,A,大學部,3,A,社會語言學(下),2,選,26,23,,3,王嵩嵐,H2--108,"3,4",,,,,,,"[{""day"": 1, ""dayName"": ""星期一"", ""periods"": [""3"", ""4""], ""raw"": ""3,4""}]",限修及外加,【語言學類】限修本系大三、大四。,https://course.nuk.edu.tw/QueryCourse/tcontent.asp?OpenYear=111&Helf=2&Sclass=WL&Cono=C64B,2026-08-26T18:26:42+00:00
111-2-WL-C900-A-3-A,111,2,人文社會科學院,WL,西洋語文學系,C900,A,大學部,3,A,產學實習,2,選,1,1,,0,傅鈺雯,,,,"10,11",,,,,"[{""day"": 3, ""dayName"": ""星期三"", ""periods"": [""10"", ""11""], ""raw"": ""10,11""}]",限修,本課程限本系同學以外加方式選課，課程總實習時數至少須達72小時,https://course.nuk.edu.tw/QueryCourse/tcontent.asp?OpenYear=111&Helf=2&Sclass=WL&Cono=C900,2026-08-26T18:26:42+00:00
111-2-WL-D73A-A-3-A,111,2,人文社會科學院,WL,西洋語文學系,D73A,A,大學部,3,A,英美詩選,3,選,31,28,,3,顏淑娟,H2--107,,,"2,3, 4",,,,,"[{""day"": 3, ""dayName"": ""星期三"", ""periods"": [""2"", ""3"", ""4""], ""raw"": ""2,3, 4""}]",限修,【文學文化類】限修本系三、四年級。,https://course.nuk.edu.tw/QueryCourse/tcontent.asp?OpenYear=111&Helf=2&Sclass=WL&Cono=D73A,2026-08-26T18:26:42+00:00
111-2-WL-D912-A-3-A,111,2,人文社會科學院,WL,西洋語文學系,D912,A,大學部,3,A,進階英語聽力與溝通：兒童故事(I),2,選,30,28,,2,莫艾倫,H2--105,,,,,"8,9",,,"[{""day"": 5, ""dayName"": ""星期五"", ""periods"": [""8"", ""9""], ""raw"": ""8,9""}]",,全英語授課。開放本系大一至大四同學選修。,https://course.nuk.edu.tw/QueryCourse/tcontent.asp?OpenYear=111&Helf=2&Sclass=WL&Cono=D912,2026-08-26T18:26:42+00:00
111-2-WL-F504-A-3-A,111,2,人文社會科學院,WL,西洋語文學系,F504,A,大學部,3,A,語音學專題,3,選,15,5,,10,賴怡秀,H2--105,,,,"5,6, 7",,,,"[{""day"": 4, ""dayName"": ""星期四"", ""periods"": [""5"", ""6"", ""7""], ""raw"": ""5,6, 7""}]",限修,【語言學類】此碩士班課程開放本系大學部三、四年級學生選修。(全英語授課),https://course.nuk.edu.tw/QueryCourse/tcontent.asp?OpenYear=111&Helf=2&Sclass=WL&Cono=F504,2026-08-26T18:26:42+00:00
111-2-WL-F514-A-3-A,111,2,人文社會科學院,WL,西洋語文學系,F514,A,大學部,3,A,文學與電影I,3,選,25,25,,0,鄭月婷,H2--104,,,"5,6, 7",,,,,"[{""day"": 3, ""dayName"": ""星期三"", ""periods"": [""5"", ""6"", ""7""], ""raw"": ""5,6, 7""}]",限修及外加,與西語系碩士班合開，開放西語系大三、大四學生選修。本課程開放全校選修，請欲修課同學找老師加簽。【文學文化類】【全英語授課】另配合深耕計畫提供大二名額，須找老師加簽,https://course.nuk.edu.tw/QueryCourse/tcontent.asp?OpenYear=111&Helf=2&Sclass=WL&Cono=F514,2026-08-26T18:26:42+00:00
111-2-WL-F521-A-3-A,111,2,人文社會科學院,WL,西洋語文學系,F521,A,大學部,3,A,數位人文科學概論,3,選,15,14,,1,奧利華,H2--106,"8,9, 10",,,,,,,"[{""day"": 1, ""dayName"": ""星期一"", ""periods"": [""8"", ""9"", ""10""], ""raw"": ""8,9, 10""}]",限修 學程,開放本系大學部三、四年級選修，【人文與商管學程】須另加簽，【語言學類】全外語授課-英語,https://course.nuk.edu.tw/QueryCourse/tcontent.asp?OpenYear=111&Helf=2&Sclass=WL&Cono=F521,2026-08-26T18:26:42+00:00
111-2-WL-F531-A-3-A,111,2,人文社會科學院,WL,西洋語文學系,F531,A,大學部,3,A,莎士比亞與電影,3,選,15,8,,7,鄭月婷,H2--104,,"2,3, 4",,,,,,"[{""day"": 2, ""dayName"": ""星期二"", ""periods"": [""2"", ""3"", ""4""], ""raw"": ""2,3, 4""}]",限修,【文學文化類】(全英語授課)。此碩士班課程開放大學部三、四年級選修,https://course.nuk.edu.tw/QueryCourse/tcontent.asp?OpenYear=111&Helf=2&Sclass=WL&Cono=F531,2026-08-26T18:26:42+00:00
111-2-WL-F612-A-3-A,111,2,人文社會科學院,WL,西洋語文學系,F612,A,大學部,3,A,後殖民電影(I),3,選,15,11,,4,傅鈺雯,H2--103,,,,"5,6, 7",,,,"[{""day"": 4, ""dayName"": ""星期四"", ""periods"": [""5"", ""6"", ""7""], ""raw"": ""5,6, 7""}]",限修,「此碩士班課程開放本系大學部三、四年級選修。【文學文化類】。歡迎人社院國際學院碩士班及大學部三四年級跨域選修 全英語授課」,https://course.nuk.edu.tw/QueryCourse/tcontent.asp?OpenYear=111&Helf=2&Sclass=WL&Cono=F612,2026-08-26T18:26:42+00:00
111-2-WL-F621-A-3-A,111,2,人文社會科學院,WL,西洋語文學系,F621,A,大學部,3,A,歐洲語言的語言學：語系關係、語言接觸、雙語主義及通用語言,4,選,15,14,,1,奧利華,H2--106,"11,12",,"11,12",,,,,"[{""day"": 1, ""dayName"": ""星期一"", ""periods"": [""11"", ""12""], ""raw"": ""11,12""}, {""day"": 3, ""dayName"": ""星期三"", ""periods"": [""11"", ""12""], ""raw"": ""11,12""}]",限修,此碩士班課程開放本系大學部三、四年級選修。【語言學類】,https://course.nuk.edu.tw/QueryCourse/tcontent.asp?OpenYear=111&Helf=2&Sclass=WL&Cono=F621,2026-08-26T18:26:42+00:00
111-2-WL-D900-A-4-A,111,2,人文社會科學院,WL,西洋語文學系,D900,A,大學部,4,A,校外實習(上),9,選,1,1,,0,傅鈺雯,,,,,,,"1,2, 3,4, Y,5, 6,7, 8",,"[{""day"": 6, ""dayName"": ""星期六"", ""periods"": [""1"", ""2"", ""3"", ""4"", ""Y"", ""5"", ""6"", ""7"", ""8""], ""raw"": ""1,2, 3,4, Y,5, 6,7, 8""}]",限修,本課程限本系同學以外加方式選課，課程總實習時數至少須達450小時,https://course.nuk.edu.tw/QueryCourse/tcontent.asp?OpenYear=111&Helf=2&Sclass=WL&Cono=D900,2026-08-26T18:26:42+00:00
111-2-WL-F02B-M-1-,111,2,人文社會科學院,WL,西洋語文學系,F02B,M,碩士班,1,,教學實務及實習(II),3,必,7,5,,2,賴怡秀,H2--105,,,,"8,9, 10",,,,"[{""day"": 4, ""dayName"": ""星期四"", ""periods"": [""8"", ""9"", ""10""], ""raw"": ""8,9, 10""}]",限修及外加,「本碩士班課程。全英語授課。有興趣選修五年一貫和報考研究所的大三、大四同學請老師面談加簽。」,https://course.nuk.edu.tw/QueryCourse/tcontent.asp?OpenYear=111&Helf=2&Sclass=WL&Cono=F02B,2026-08-26T18:26:42+00:00
111-2-WL-F504-M-1-,111,2,人文社會科學院,WL,西洋語文學系,F504,M,碩士班,1,,語音學專題,3,選,15,5,,10,賴怡秀,H2--105,,,,"5,6, 7",,,,"[{""day"": 4, ""dayName"": ""星期四"", ""periods"": [""5"", ""6"", ""7""], ""raw"": ""5,6, 7""}]",限修,【語言學類】此碩士班課程開放本系大學部三、四年級學生選修。(全英語授課),https://course.nuk.edu.tw/QueryCourse/tcontent.asp?OpenYear=111&Helf=2&Sclass=WL&Cono=F504,2026-08-26T18:26:42+00:00
111-2-WL-F514-M-1-,111,2,人文社會科學院,WL,西洋語文學系,F514,M,碩士班,1,,文學與電影I,3,選,25,25,,0,鄭月婷,H2--104,,,"5,6, 7",,,,,"[{""day"": 3, ""dayName"": ""星期三"", ""periods"": [""5"", ""6"", ""7""], ""raw"": ""5,6, 7""}]",限修及外加,與西語系碩士班合開，開放西語系大三、大四學生選修。本課程開放全校選修，請欲修課同學找老師加簽。【文學文化類】【全英語授課】另配合深耕計畫提供大二名額，須找老師加簽,https://course.nuk.edu.tw/QueryCourse/tcontent.asp?OpenYear=111&Helf=2&Sclass=WL&Cono=F514,2026-08-26T18:26:42+00:00
111-2-WL-F521-M-1-,111,2,人文社會科學院,WL,西洋語文學系,F521,M,碩士班,1,,數位人文科學概論,3,選,15,14,,1,奧利華,H2--106,"8,9, 10",,,,,,,"[{""day"": 1, ""dayName"": ""星期一"", ""periods"": [""8"", ""9"", ""10""], ""raw"": ""8,9, 10""}]",限修 學程,開放本系大學部三、四年級選修，【人文與商管學程】須另加簽，【語言學類】全外語授課-英語,https://course.nuk.edu.tw/QueryCourse/tcontent.asp?OpenYear=111&Helf=2&Sclass=WL&Cono=F521,2026-08-26T18:26:42+00:00
111-2-WL-F531-M-1-,111,2,人文社會科學院,WL,西洋語文學系,F531,M,碩士班,1,,莎士比亞與電影,3,選,15,8,,7,鄭月婷,H2--104,,"2,3, 4",,,,,,"[{""day"": 2, ""dayName"": ""星期二"", ""periods"": [""2"", ""3"", ""4""], ""raw"": ""2,3, 4""}]",限修,【文學文化類】(全英語授課)。此碩士班課程開放大學部三、四年級選修,https://course.nuk.edu.tw/QueryCourse/tcontent.asp?OpenYear=111&Helf=2&Sclass=WL&Cono=F531,2026-08-26T18:26:42+00:00
111-2-WL-F612-M-1-,111,2,人文社會科學院,WL,西洋語文學系,F612,M,碩士班,1,,後殖民電影(I),3,選,15,11,,4,傅鈺雯,H2--103,,,,"5,6, 7",,,,"[{""day"": 4, ""dayName"": ""星期四"", ""periods"": [""5"", ""6"", ""7""], ""raw"": ""5,6, 7""}]",,「此碩士班課程開放本系大學部三、四年級選修。【文學文化類】。歡迎人社院國際學院碩士班及大學部三四年級跨域選修 全英語授課」,https://course.nuk.edu.tw/QueryCourse/tcontent.asp?OpenYear=111&Helf=2&Sclass=WL&Cono=F612,2026-08-26T18:26:42+00:00
111-2-WL-F621-M-1-,111,2,人文社會科學院,WL,西洋語文學系,F621,M,碩士班,1,,歐洲語言的語言學：語系關係、語言接觸、雙語主義及通用語言,4,選,15,14,,1,奧利華,H2--106,"11,12",,"11,12",,,,,"[{""day"": 1, ""dayName"": ""星期一"", ""periods"": [""11"", ""12""], ""raw"": ""11,12""}, {""day"": 3, ""dayName"": ""星期三"", ""periods"": [""11"", ""12""], ""raw"": ""11,12""}]",限修,此碩士班課程開放本系大學部三、四年級選修。【語言學類】,https://course.nuk.edu.tw/QueryCourse/tcontent.asp?OpenYear=111&Helf=2&Sclass=WL&Cono=F621,2026-08-26T18:26:42+00:00
111-2-WL-F03A-M-2-,111,2,人文社會科學院,WL,西洋語文學系,F03A,M,碩士班,2,,論文指導(I),1,必,3,3,,0,奧利華 顏淑娟 賴怡秀,H2--105,,8,,,,,,"[{""day"": 2, ""dayName"": ""星期二"", ""periods"": [""8""], ""raw"": ""8""}]",限修,依據碩士生修業規則，碩士生須於修習論文指導之前通過英語檢定考試並通過論文題目及計畫申請流程。選課須由教師指定加簽。,https://course.nuk.edu.tw/QueryCourse/tcontent.asp?OpenYear=111&Helf=2&Sclass=WL&Cono=F03A,2026-08-26T18:26:42+00:00
111-2-CC-C512-A-1-A,111,2,共同與通識課程,CC,核心通識,C512,A,大學部,1,A,科普讀物導讀,3,選,60,60,,0,高佑靈,C02-101,"7,8, 9",,,,,,,"[{""day"": 1, ""dayName"": ""星期一"", ""periods"": [""7"", ""8"", ""9""], ""raw"": ""7,8, 9""}]",禁止外加 學程,,https://course.nuk.edu.tw/QueryCourse/tcontent.asp?OpenYear=111&Helf=2&Sclass=CC&Cono=C512,2026-08-26T18:26:42+00:00
111-2-CC-C513-A-1-A,111,2,共同與通識課程,CC,核心通識,C513,A,大學部,1,A,科普讀物導讀,3,選,62,62,,0,洪鼎惟,B01-109,,,,"9,10, 11",,,,"[{""day"": 4, ""dayName"": ""星期四"", ""periods"": [""9"", ""10"", ""11""], ""raw"": ""9,10, 11""}]",禁止外加 學程,,https://course.nuk.edu.tw/QueryCourse/tcontent.asp?OpenYear=111&Helf=2&Sclass=CC&Cono=C513,2026-08-26T18:26:42+00:00
111-2-CC-C514-A-1-A,111,2,共同與通識課程,CC,核心通識,C514,A,大學部,1,A,科普讀物導讀,3,選,64,64,,0,胡忠信,B01-103,,"2,3, 4",,,,,,"[{""day"": 2, ""dayName"": ""星期二"", ""periods"": [""2"", ""3"", ""4""], ""raw"": ""2,3, 4""}]",禁止外加 學程,,https://course.nuk.edu.tw/QueryCourse/tcontent.asp?OpenYear=111&Helf=2&Sclass=CC&Cono=C514,2026-08-26T18:26:42+00:00
111-2-CC-C541-A-1-A,111,2,共同與通識課程,CC,核心通識,C541,A,大學部,1,A,科技與社會,3,選,60,60,,0,林明良,B01-103,,"5,6, 7",,,,,,"[{""day"": 2, ""dayName"": ""星期二"", ""periods"": [""5"", ""6"", ""7""], ""raw"": ""5,6, 7""}]",禁止外加 學程,,https://course.nuk.edu.tw/QueryCourse/tcontent.asp?OpenYear=111&Helf=2&Sclass=CC&Cono=C541,2026-08-26T18:26:42+00:00
111-2-CC-C542-A-1-A,111,2,共同與通識課程,CC,核心通識,C542,A,大學部,1,A,科技與社會,3,選,60,60,,0,倪麥童,L02-204,,"5,6, 7",,,,,,"[{""day"": 2, ""dayName"": ""星期二"", ""periods"": [""5"", ""6"", ""7""], ""raw"": ""5,6, 7""}]",禁止外加 學程,,https://course.nuk.edu.tw/QueryCourse/tcontent.asp?OpenYear=111&Helf=2&Sclass=CC&Cono=C542,2026-08-26T18:26:42+00:00
111-2-CC-C543-A-1-A,111,2,共同與通識課程,CC,核心通識,C543,A,大學部,1,A,科技與社會,3,選,61,61,,0,許藝騰,C02-102,"5,6, 7",,,,,,,"[{""day"": 1, ""dayName"": ""星期一"", ""periods"": [""5"", ""6"", ""7""], ""raw"": ""5,6, 7""}]",禁止外加 學程,,https://course.nuk.edu.tw/QueryCourse/tcontent.asp?OpenYear=111&Helf=2&Sclass=CC&Cono=C543,2026-08-26T18:26:42+00:00
111-2-CC-C544-A-1-A,111,2,共同與通識課程,CC,核心通識,C544,A,大學部,1,A,科技與社會,3,選,61,60,,1,陳怡夫,M01-206,,,"2,3, 4",,,,,"[{""day"": 3, ""dayName"": ""星期三"", ""periods"": [""2"", ""3"", ""4""], ""raw"": ""2,3, 4""}]",禁止外加 學程,,https://course.nuk.edu.tw/QueryCourse/tcontent.asp?OpenYear=111&Helf=2&Sclass=CC&Cono=C544,2026-08-26T18:26:42+00:00
111-2-CC-C611-A-1-A,111,2,共同與通識課程,CC,核心通識,C611,A,大學部,1,A,環境倫理,3,選,62,62,,0,林師平,B01-107,,,,"9,10, 11",,,,"[{""day"": 4, ""dayName"": ""星期四"", ""periods"": [""9"", ""10"", ""11""], ""raw"": ""9,10, 11""}]",禁止外加 學程,,https://course.nuk.edu.tw/QueryCourse/tcontent.asp?OpenYear=111&Helf=2&Sclass=CC&Cono=C611,2026-08-26T18:26:42+00:00
111-2-CC-C612-A-1-A,111,2,共同與通識課程,CC,核心通識,C612,A,大學部,1,A,環境倫理,3,選,60,58,,2,周孟麟,L02-108,,"2,3, 4",,,,,,"[{""day"": 2, ""dayName"": ""星期二"", ""periods"": [""2"", ""3"", ""4""], ""raw"": ""2,3, 4""}]",禁止外加 學程,,https://course.nuk.edu.tw/QueryCourse/tcontent.asp?OpenYear=111&Helf=2&Sclass=CC&Cono=C612,2026-08-26T18:26:42+00:00
111-2-CC-C613-A-1-A,111,2,共同與通識課程,CC,核心通識,C613,A,大學部,1,A,環境倫理,3,選,60,56,,4,林淑文,B01-103,,,"2,3, 4",,,,,"[{""day"": 3, ""dayName"": ""星期三"", ""periods"": [""2"", ""3"", ""4""], ""raw"": ""2,3, 4""}]",禁止外加 學程,,https://course.nuk.edu.tw/QueryCourse/tcontent.asp?OpenYear=111&Helf=2&Sclass=CC&Cono=C613,2026-08-26T18:26:42+00:00
111-2-CC-C651-A-1-A,111,2,共同與通識課程,CC,核心通識,C651,A,大學部,1,A,企業倫理,3,選,60,60,,0,陳致仁,B01-103,,,,"5,6, 7",,,,"[{""day"": 4, ""dayName"": ""星期四"", ""periods"": [""5"", ""6"", ""7""], ""raw"": ""5,6, 7""}]",禁止外加,,https://course.nuk.edu.tw/QueryCourse/tcontent.asp?OpenYear=111&Helf=2&Sclass=CC&Cono=C651,2026-08-26T18:26:42+00:00
111-2-CC-C681-A-1-A,111,2,共同與通識課程,CC,核心通識,C681,A,大學部,1,A,科技與工程倫理,3,選,60,60,,0,許藝騰,C02-102,"8,9, 10",,,,,,,"[{""day"": 1, ""dayName"": ""星期一"", ""periods"": [""8"", ""9"", ""10""], ""raw"": ""8,9, 10""}]",禁止外加 學程,"修過核心通識-倫理素養向度之「科技倫理」者請勿重覆選修,重覆選修不列入學分計算",https://course.nuk.edu.tw/QueryCourse/tcontent.asp?OpenYear=111&Helf=2&Sclass=CC&Cono=C681,2026-08-26T18:26:42+00:00
111-2-CC-C682-A-1-A,111,2,共同與通識課程,CC,核心通識,C682,A,大學部,1,A,科技與工程倫理,3,選,63,62,,1,陳怡夫,L02-202 其他教室,,"5,6, 7",,,,,,"[{""day"": 2, ""dayName"": ""星期二"", ""periods"": [""5"", ""6"", ""7""], ""raw"": ""5,6, 7""}]",禁止外加 學程,"修過核心通識-倫理素養向度之「科技倫理」者請勿重覆選修,重覆選修不列入學分計算",https://course.nuk.edu.tw/QueryCourse/tcontent.asp?OpenYear=111&Helf=2&Sclass=CC&Cono=C682,2026-08-26T18:26:42+00:00
111-2-CC-I111-A-1-A,111,2,共同與通識課程,CC,核心通識,I111,A,大學部,1,A,邏輯思維與論證,3,選,60,44,,16,陳今偉,B01-108,,,"2,3, 4",,,,,"[{""day"": 3, ""dayName"": ""星期三"", ""periods"": [""2"", ""3"", ""4""], ""raw"": ""2,3, 4""}]",禁止外加,,https://course.nuk.edu.tw/QueryCourse/tcontent.asp?OpenYear=111&Helf=2&Sclass=CC&Cono=I111,2026-08-26T18:26:42+00:00
111-2-CC-I112-A-1-A,111,2,共同與通識課程,CC,核心通識,I112,A,大學部,1,A,邏輯思維與論證,3,選,60,60,,0,陳維浩,B01-105,,,,,"5,6, 7",,,"[{""day"": 5, ""dayName"": ""星期五"", ""periods"": [""5"", ""6"", ""7""], ""raw"": ""5,6, 7""}]",禁止外加,,https://course.nuk.edu.tw/QueryCourse/tcontent.asp?OpenYear=111&Helf=2&Sclass=CC&Cono=I112,2026-08-26T18:26:42+00:00
111-2-CC-I113-A-1-A,111,2,共同與通識課程,CC,核心通識,I113,A,大學部,1,A,邏輯思維與論證,3,選,61,60,,1,黃頌竹,C02-103,,,,"2,3, 4",,,,"[{""day"": 4, ""dayName"": ""星期四"", ""periods"": [""2"", ""3"", ""4""], ""raw"": ""2,3, 4""}]",禁止外加,,https://course.nuk.edu.tw/QueryCourse/tcontent.asp?OpenYear=111&Helf=2&Sclass=CC&Cono=I113,2026-08-26T18:26:42+00:00
111-2-CC-I121-A-1-A,111,2,共同與通識課程,CC,核心通識,I121,A,大學部,1,A,哲學基本問題,3,選,60,60,,0,陳德興,B01-106,,,"2,3, 4",,,,,"[{""day"": 3, ""dayName"": ""星期三"", ""periods"": [""2"", ""3"", ""4""], ""raw"": ""2,3, 4""}]",禁止外加,,https://course.nuk.edu.tw/QueryCourse/tcontent.asp?OpenYear=111&Helf=2&Sclass=CC&Cono=I121,2026-08-26T18:26:42+00:00
111-2-CC-I122-A-1-A,111,2,共同與通識課程,CC,核心通識,I122,A,大學部,1,A,哲學基本問題,3,選,61,61,,0,陳德興,B01-107,,,,"2,3, 4",,,,"[{""day"": 4, ""dayName"": ""星期四"", ""periods"": [""2"", ""3"", ""4""], ""raw"": ""2,3, 4""}]",禁止外加,,https://course.nuk.edu.tw/QueryCourse/tcontent.asp?OpenYear=111&Helf=2&Sclass=CC&Cono=I122,2026-08-26T18:26:42+00:00
111-2-CC-I123-A-1-A,111,2,共同與通識課程,CC,核心通識,I123,A,大學部,1,A,哲學基本問題,3,選,60,58,,2,陳今偉,B01-103,,,,"2,3, 4",,,,"[{""day"": 4, ""dayName"": ""星期四"", ""periods"": [""2"", ""3"", ""4""], ""raw"": ""2,3, 4""}]",禁止外加,,https://course.nuk.edu.tw/QueryCourse/tcontent.asp?OpenYear=111&Helf=2&Sclass=CC&Cono=I123,2026-08-26T18:26:42+00:00
111-2-CC-I124-A-1-A,111,2,共同與通識課程,CC,核心通識,I124,A,大學部,1,A,哲學基本問題,3,選,61,61,,0,陳維浩,B01-105,,,,,"2,3, 4",,,"[{""day"": 5, ""dayName"": ""星期五"", ""periods"": [""2"", ""3"", ""4""], ""raw"": ""2,3, 4""}]",禁止外加,,https://course.nuk.edu.tw/QueryCourse/tcontent.asp?OpenYear=111&Helf=2&Sclass=CC&Cono=I124,2026-08-26T18:26:42+00:00
111-2-CC-I125-A-1-A,111,2,共同與通識課程,CC,核心通識,I125,A,大學部,1,A,哲學基本問題,3,選,60,60,,0,黃頌竹,C02-111,,,,"5,6, 7",,,,"[{""day"": 4, ""dayName"": ""星期四"", ""periods"": [""5"", ""6"", ""7""], ""raw"": ""5,6, 7""}]",禁止外加,,https://course.nuk.edu.tw/QueryCourse/tcontent.asp?OpenYear=111&Helf=2&Sclass=CC&Cono=I125,2026-08-26T18:26:42+00:00
111-2-CC-I126-A-1-A,111,2,共同與通識課程,CC,核心通識,I126,A,大學部,1,A,哲學基本問題,3,選,60,19,,41,林淑文,B01-108,,,,"2,3, 4",,,,"[{""day"": 4, ""dayName"": ""星期四"", ""periods"": [""2"", ""3"", ""4""], ""raw"": ""2,3, 4""}]",禁止外加,,https://course.nuk.edu.tw/QueryCourse/tcontent.asp?OpenYear=111&Helf=2&Sclass=CC&Cono=I126,2026-08-26T18:26:42+00:00
111-2-CC-I211-A-1-A,111,2,共同與通識課程,CC,核心通識,I211,A,大學部,1,A,藝術概論,3,選,60,60,,0,林殷齊,C02-105,,,"5,6, 7",,,,,"[{""day"": 3, ""dayName"": ""星期三"", ""periods"": [""5"", ""6"", ""7""], ""raw"": ""5,6, 7""}]",禁止外加,,https://course.nuk.edu.tw/QueryCourse/tcontent.asp?OpenYear=111&Helf=2&Sclass=CC&Cono=I211,2026-08-26T18:26:42+00:00
111-2-CC-I212-A-1-A,111,2,共同與通識課程,CC,核心通識,I212,A,大學部,1,A,藝術概論,3,選,63,63,,0,陳姿菁,L01-103,,,,,"9,10, 11",,,"[{""day"": 5, ""dayName"": ""星期五"", ""periods"": [""9"", ""10"", ""11""], ""raw"": ""9,10, 11""}]",禁止外加,,https://course.nuk.edu.tw/QueryCourse/tcontent.asp?OpenYear=111&Helf=2&Sclass=CC&Cono=I212,2026-08-26T18:26:42+00:00
111-2-CC-I213-A-1-A,111,2,共同與通識課程,CC,核心通識,I213,A,大學部,1,A,藝術概論,3,選,61,61,,0,蔡佩玲,B01-109,,,,,"2,3, 4",,,"[{""day"": 5, ""dayName"": ""星期五"", ""periods"": [""2"", ""3"", ""4""], ""raw"": ""2,3, 4""}]",禁止外加,,https://course.nuk.edu.tw/QueryCourse/tcontent.asp?OpenYear=111&Helf=2&Sclass=CC&Cono=I213,2026-08-26T18:26:42+00:00
111-2-CC-I251-A-1-A,111,2,共同與通識課程,CC,核心通識,I251,A,大學部,1,A,台灣藝術史,3,選,60,60,,0,蔡佩玲,B01-109,,,,,"5,6, 7",,,"[{""day"": 5, ""dayName"": ""星期五"", ""periods"": [""5"", ""6"", ""7""], ""raw"": ""5,6, 7""}]",禁止外加,,https://course.nuk.edu.tw/QueryCourse/tcontent.asp?OpenYear=111&Helf=2&Sclass=CC&Cono=I251,2026-08-26T18:26:42+00:00
111-2-CC-I261-A-1-A,111,2,共同與通識課程,CC,核心通識,I261,A,大學部,1,A,西洋藝術史概論,3,選,61,61,,0,歐陽蒨,M01-208,,,,"5,6, 7",,,,"[{""day"": 4, ""dayName"": ""星期四"", ""periods"": [""5"", ""6"", ""7""], ""raw"": ""5,6, 7""}]",禁止外加,,https://course.nuk.edu.tw/QueryCourse/tcontent.asp?OpenYear=111&Helf=2&Sclass=CC&Cono=I261,2026-08-26T18:26:42+00:00
111-2-CC-I262-A-1-A,111,2,共同與通識課程,CC,核心通識,I262,A,大學部,1,A,西洋藝術史概論,3,選,60,58,,2,羅文秀,L01-103,"7,8, 9",,,,,,,"[{""day"": 1, ""dayName"": ""星期一"", ""periods"": [""7"", ""8"", ""9""], ""raw"": ""7,8, 9""}]",禁止外加,,https://course.nuk.edu.tw/QueryCourse/tcontent.asp?OpenYear=111&Helf=2&Sclass=CC&Cono=I262,2026-08-26T18:26:42+00:00
111-2-CC-I263-A-1-A,111,2,共同與通識課程,CC,核心通識,I263,A,大學部,1,A,西洋藝術史概論,3,選,60,57,,3,羅文秀,L01-103,,"2,3, 4",,,,,,"[{""day"": 2, ""dayName"": ""星期二"", ""periods"": [""2"", ""3"", ""4""], ""raw"": ""2,3, 4""}]",禁止外加,,https://course.nuk.edu.tw/QueryCourse/tcontent.asp?OpenYear=111&Helf=2&Sclass=CC&Cono=I263,2026-08-26T18:26:42+00:00
111-2-CC-O311-A-1-A,111,2,共同與通識課程,CC,核心通識,O311,A,大學部,1,A,法律與人生,3,選,60,60,,0,陳進郁,L02-201,,,"2,3, 4",,,,,"[{""day"": 3, ""dayName"": ""星期三"", ""periods"": [""2"", ""3"", ""4""], ""raw"": ""2,3, 4""}]",禁止外加,,https://course.nuk.edu.tw/QueryCourse/tcontent.asp?OpenYear=111&Helf=2&Sclass=CC&Cono=O311,2026-08-26T18:26:42+00:00
111-2-CC-O312-A-1-A,111,2,共同與通識課程,CC,核心通識,O312,A,大學部,1,A,法律與人生,3,選,60,60,,0,陳進郁,L02-201,,,"5,6, 7",,,,,"[{""day"": 3, ""dayName"": ""星期三"", ""periods"": [""5"", ""6"", ""7""], ""raw"": ""5,6, 7""}]",禁止外加,,https://course.nuk.edu.tw/QueryCourse/tcontent.asp?OpenYear=111&Helf=2&Sclass=CC&Cono=O312,2026-08-26T18:26:42+00:00
111-2-CC-O313-A-1-A,111,2,共同與通識課程,CC,核心通識,O313,A,大學部,1,A,法律與人生,3,選,62,62,,0,康銘,L02-201,"5,6, 7",,,,,,,"[{""day"": 1, ""dayName"": ""星期一"", ""periods"": [""5"", ""6"", ""7""], ""raw"": ""5,6, 7""}]",禁止外加,,https://course.nuk.edu.tw/QueryCourse/tcontent.asp?OpenYear=111&Helf=2&Sclass=CC&Cono=O313,2026-08-26T18:26:42+00:00
111-2-CC-O314-A-1-A,111,2,共同與通識課程,CC,核心通識,O314,A,大學部,1,A,法律與人生,3,選,60,42,,18,林富水,L02-202,,,"2,3, 4",,,,,"[{""day"": 3, ""dayName"": ""星期三"", ""periods"": [""2"", ""3"", ""4""], ""raw"": ""2,3, 4""}]",禁止外加,,https://course.nuk.edu.tw/QueryCourse/tcontent.asp?OpenYear=111&Helf=2&Sclass=CC&Cono=O314,2026-08-26T18:26:42+00:00
111-2-CC-O361-A-1-A,111,2,共同與通識課程,CC,核心通識,O361,A,大學部,1,A,媒體識讀與公民參與,3,選,60,60,,0,洪聖斐,L02-107,"2,3, 4",,,,,,,"[{""day"": 1, ""dayName"": ""星期一"", ""periods"": [""2"", ""3"", ""4""], ""raw"": ""2,3, 4""}]",禁止外加,,https://course.nuk.edu.tw/QueryCourse/tcontent.asp?OpenYear=111&Helf=2&Sclass=CC&Cono=O361,2026-08-26T18:26:42+00:00
111-2-CC-O362-A-1-A,111,2,共同與通識課程,CC,核心通識,O362,A,大學部,1,A,媒體識讀與公民參與,3,選,60,60,,0,洪聖斐,B01-107,,,,,"5,6, 7",,,"[{""day"": 5, ""dayName"": ""星期五"", ""periods"": [""5"", ""6"", ""7""], ""raw"": ""5,6, 7""}]",禁止外加,,https://course.nuk.edu.tw/QueryCourse/tcontent.asp?OpenYear=111&Helf=2&Sclass=CC&Cono=O362,2026-08-26T18:26:42+00:00
111-2-CC-O364-A-1-A,111,2,共同與通識課程,CC,核心通識,O364,A,大學部,1,A,媒體識讀與公民參與,3,選,60,38,,22,藍美雅,B01-110,,,,"2,3, 4",,,,"[{""day"": 4, ""dayName"": ""星期四"", ""periods"": [""2"", ""3"", ""4""], ""raw"": ""2,3, 4""}]",禁止外加,,https://course.nuk.edu.tw/QueryCourse/tcontent.asp?OpenYear=111&Helf=2&Sclass=CC&Cono=O364,2026-08-26T18:26:42+00:00
111-2-CC-O411-A-1-A,111,2,共同與通識課程,CC,核心通識,O411,A,大學部,1,A,全球化與多元文化,3,選,60,58,,2,洪聖斐 楊書濠,L01-101,"5,6, 7",,,,,,,"[{""day"": 1, ""dayName"": ""星期一"", ""periods"": [""5"", ""6"", ""7""], ""raw"": ""5,6, 7""}]",禁止外加,本課程包含18小時之線上課程，學生必須加入磨課師平台參與課程教學及討論,https://course.nuk.edu.tw/QueryCourse/tcontent.asp?OpenYear=111&Helf=2&Sclass=CC&Cono=O411,2026-08-26T18:26:42+00:00
111-2-CC-O413-A-1-A,111,2,共同與通識課程,CC,核心通識,O413,A,大學部,1,A,全球化與多元文化,3,選,60,60,,0,劉子昱,M01-208,"7,8, 9",,,,,,,"[{""day"": 1, ""dayName"": ""星期一"", ""periods"": [""7"", ""8"", ""9""], ""raw"": ""7,8, 9""}]",禁止外加,,https://course.nuk.edu.tw/QueryCourse/tcontent.asp?OpenYear=111&Helf=2&Sclass=CC&Cono=O413,2026-08-26T18:26:42+00:00
111-2-CC-O414-A-1-A,111,2,共同與通識課程,CC,核心通識,O414,A,大學部,1,A,全球化與多元文化,3,選,60,60,,0,劉子昱,B01-107,,,"7,8, 9",,,,,"[{""day"": 3, ""dayName"": ""星期三"", ""periods"": [""7"", ""8"", ""9""], ""raw"": ""7,8, 9""}]",禁止外加,,https://course.nuk.edu.tw/QueryCourse/tcontent.asp?OpenYear=111&Helf=2&Sclass=CC&Cono=O414,2026-08-26T18:26:42+00:00
111-2-CC-O423-A-1-A,111,2,共同與通識課程,CC,核心通識,O423,A,大學部,1,A,探索台灣－歷史篇,3,選,61,61,,0,楊書濠,L01-101,"2,3, 4",,,,,,,"[{""day"": 1, ""dayName"": ""星期一"", ""periods"": [""2"", ""3"", ""4""], ""raw"": ""2,3, 4""}]",禁止外加,,https://course.nuk.edu.tw/QueryCourse/tcontent.asp?OpenYear=111&Helf=2&Sclass=CC&Cono=O423,2026-08-26T18:26:42+00:00
111-2-CC-O424-A-1-A,111,2,共同與通識課程,CC,核心通識,O424,A,大學部,1,A,探索台灣－歷史篇,3,選,60,60,,0,楊書濠,L01-101,"10,11, 12",,,,,,,"[{""day"": 1, ""dayName"": ""星期一"", ""periods"": [""10"", ""11"", ""12""], ""raw"": ""10,11, 12""}]",禁止外加,,https://course.nuk.edu.tw/QueryCourse/tcontent.asp?OpenYear=111&Helf=2&Sclass=CC&Cono=O424,2026-08-26T18:26:42+00:00
111-2-CC-O425-A-1-A,111,2,共同與通識課程,CC,核心通識,O425,A,大學部,1,A,探索台灣－歷史篇,3,選,61,61,,0,王和安,B01-108,,"2,3, 4",,,,,,"[{""day"": 2, ""dayName"": ""星期二"", ""periods"": [""2"", ""3"", ""4""], ""raw"": ""2,3, 4""}]",禁止外加,,https://course.nuk.edu.tw/QueryCourse/tcontent.asp?OpenYear=111&Helf=2&Sclass=CC&Cono=O425,2026-08-26T18:26:42+00:00
111-2-CC-O428-A-1-A,111,2,共同與通識課程,CC,核心通識,O428,A,大學部,1,A,探索台灣-政經篇,3,選,60,60,,0,楊筑尹,M01-103,,"5,6, 7",,,,,,"[{""day"": 2, ""dayName"": ""星期二"", ""periods"": [""5"", ""6"", ""7""], ""raw"": ""5,6, 7""}]",禁止外加,,https://course.nuk.edu.tw/QueryCourse/tcontent.asp?OpenYear=111&Helf=2&Sclass=CC&Cono=O428,2026-08-26T18:26:42+00:00
111-2-CC-O429-A-1-A,111,2,共同與通識課程,CC,核心通識,O429,A,大學部,1,A,探索台灣-政經篇,3,選,60,60,,0,李鐵生,B01-107,"2,3, 4",,,,,,,"[{""day"": 1, ""dayName"": ""星期一"", ""periods"": [""2"", ""3"", ""4""], ""raw"": ""2,3, 4""}]",禁止外加,,https://course.nuk.edu.tw/QueryCourse/tcontent.asp?OpenYear=111&Helf=2&Sclass=CC&Cono=O429,2026-08-26T18:26:42+00:00
111-2-CD-A063-A-1-A,111,2,共同與通識課程,CD,全民國防教育類,A063,A,大學部,1,A,全民國防教育軍事訓練課程-全民國防,0,選,152,132,,20,游明慧,L01-101,,,"3,4",,,,,"[{""day"": 3, ""dayName"": ""星期三"", ""periods"": [""3"", ""4""], ""raw"": ""3,4""}]",,,https://course.nuk.edu.tw/QueryCourse/tcontent.asp?OpenYear=111&Helf=2&Sclass=CD&Cono=A063,2026-08-26T18:26:42+00:00
111-2-GR-1102-A-1-A,111,2,共同與通識課程,GR,共同必修系列,1102,A,大學部,1,A,中文(下),2,必,60,60,,0,高美芸,L01-101,,,,"5,6",,,,"[{""day"": 4, ""dayName"": ""星期四"", ""periods"": [""5"", ""6""], ""raw"": ""5,6""}]",禁止外加,111學年度起學士班境外新生必須符合以下資格，始能選修此門課程。一、港澳生、陸生。二、具「TOCFL」B1成績或其他華語文檢測成績相當「TOCFL」B1以上之成績證明。三、具最近一年於境外修習720小時、境內360小時以上華語文課程之修課證明。四、通過本校華語檢定。,https://course.nuk.edu.tw/QueryCourse/tcontent.asp?OpenYear=111&Helf=2&Sclass=GR&Cono=1102,2026-08-26T18:26:42+00:00
111-2-GR-1702-A-1-A,111,2,共同與通識課程,GR,共同必修系列,1702,A,大學部,1,A,中文(下),2,必,60,60,,0,黃淑瑮,B01-106,,,"7,8",,,,,"[{""day"": 3, ""dayName"": ""星期三"", ""periods"": [""7"", ""8""], ""raw"": ""7,8""}]",禁止外加,111學年度起學士班境外新生必須符合以下資格，始能選修此門課程。一、港澳生、陸生。二、具「TOCFL」B1成績或其他華語文檢測成績相當「TOCFL」B1以上之成績證明。三、具最近一年於境外修習720小時、境內360小時以上華語文課程之修課證明。四、通過本校華語檢定。,https://course.nuk.edu.tw/QueryCourse/tcontent.asp?OpenYear=111&Helf=2&Sclass=GR&Cono=1702,2026-08-26T18:26:42+00:00
111-2-GR-2102-A-1-A,111,2,共同與通識課程,GR,共同必修系列,2102,A,大學部,1,A,中文(下),2,必,60,60,,0,林于盛,B01-107,,,"1,2",,,,,"[{""day"": 3, ""dayName"": ""星期三"", ""periods"": [""1"", ""2""], ""raw"": ""1,2""}]",禁止外加,111學年度起學士班境外新生必須符合以下資格，始能選修此門課程。一、港澳生、陸生。二、具「TOCFL」B1成績或其他華語文檢測成績相當「TOCFL」B1以上之成績證明。三、具最近一年於境外修習720小時、境內360小時以上華語文課程之修課證明。四、通過本校華語檢定。,https://course.nuk.edu.tw/QueryCourse/tcontent.asp?OpenYear=111&Helf=2&Sclass=GR&Cono=2102,2026-08-26T18:26:42+00:00
111-2-GR-2202-A-1-A,111,2,共同與通識課程,GR,共同必修系列,2202,A,大學部,1,A,中文(下),2,必,60,60,,0,林于盛,B01-107,,,"3,4",,,,,"[{""day"": 3, ""dayName"": ""星期三"", ""periods"": [""3"", ""4""], ""raw"": ""3,4""}]",禁止外加,111學年度起學士班境外新生必須符合以下資格，始能選修此門課程。一、港澳生、陸生。二、具「TOCFL」B1成績或其他華語文檢測成績相當「TOCFL」B1以上之成績證明。三、具最近一年於境外修習720小時、境內360小時以上華語文課程之修課證明。四、通過本校華語檢定。,https://course.nuk.edu.tw/QueryCourse/tcontent.asp?OpenYear=111&Helf=2&Sclass=GR&Cono=2202,2026-08-26T18:26:42+00:00
111-2-GR-2302-A-1-A,111,2,共同與通識課程,GR,共同必修系列,2302,A,大學部,1,A,中文(下),2,必,60,60,,0,林于盛,B01-107,,,"5,6",,,,,"[{""day"": 3, ""dayName"": ""星期三"", ""periods"": [""5"", ""6""], ""raw"": ""5,6""}]",禁止外加,111學年度起學士班境外新生必須符合以下資格，始能選修此門課程。一、港澳生、陸生。二、具「TOCFL」B1成績或其他華語文檢測成績相當「TOCFL」B1以上之成績證明。三、具最近一年於境外修習720小時、境內360小時以上華語文課程之修課證明。四、通過本校華語檢定。,https://course.nuk.edu.tw/QueryCourse/tcontent.asp?OpenYear=111&Helf=2&Sclass=GR&Cono=2302,2026-08-26T18:26:42+00:00
111-2-GR-3102-A-1-A,111,2,共同與通識課程,GR,共同必修系列,3102,A,大學部,1,A,中文(下),2,必,60,60,,0,陳猷青,B01-108,"3,4",,,,,,,"[{""day"": 1, ""dayName"": ""星期一"", ""periods"": [""3"", ""4""], ""raw"": ""3,4""}]",禁止外加,111學年度起學士班境外新生必須符合以下資格，始能選修此門課程。一、港澳生、陸生。二、具「TOCFL」B1成績或其他華語文檢測成績相當「TOCFL」B1以上之成績證明。三、具最近一年於境外修習720小時、境內360小時以上華語文課程之修課證明。四、通過本校華語檢定。,https://course.nuk.edu.tw/QueryCourse/tcontent.asp?OpenYear=111&Helf=2&Sclass=GR&Cono=3102,2026-08-26T18:26:42+00:00
111-2-GR-3202-A-1-A,111,2,共同與通識課程,GR,共同必修系列,3202,A,大學部,1,A,中文(下),2,必,60,60,,0,陳猷青,B01-108,,,,,"1,2",,,"[{""day"": 5, ""dayName"": ""星期五"", ""periods"": [""1"", ""2""], ""raw"": ""1,2""}]",禁止外加,111學年度起學士班境外新生必須符合以下資格，始能選修此門課程。一、港澳生、陸生。二、具「TOCFL」B1成績或其他華語文檢測成績相當「TOCFL」B1以上之成績證明。三、具最近一年於境外修習720小時、境內360小時以上華語文課程之修課證明。四、通過本校華語檢定。,https://course.nuk.edu.tw/QueryCourse/tcontent.asp?OpenYear=111&Helf=2&Sclass=GR&Cono=3202,2026-08-26T18:26:42+00:00
111-2-GR-3302-A-1-A,111,2,共同與通識課程,GR,共同必修系列,3302,A,大學部,1,A,中文(下),2,必,60,60,,0,陳猷青,B01-108,,,,,"3,4",,,"[{""day"": 5, ""dayName"": ""星期五"", ""periods"": [""3"", ""4""], ""raw"": ""3,4""}]",禁止外加,111學年度起學士班境外新生必須符合以下資格，始能選修此門課程。一、港澳生、陸生。二、具「TOCFL」B1成績或其他華語文檢測成績相當「TOCFL」B1以上之成績證明。三、具最近一年於境外修習720小時、境內360小時以上華語文課程之修課證明。四、通過本校華語檢定。,https://course.nuk.edu.tw/QueryCourse/tcontent.asp?OpenYear=111&Helf=2&Sclass=GR&Cono=3302,2026-08-26T18:26:42+00:00
111-2-GR-4102-A-1-A,111,2,共同與通識課程,GR,共同必修系列,4102,A,大學部,1,A,中文(下),2,必,60,58,,2,許正平,M01-103,,,"5,6",,,,,"[{""day"": 3, ""dayName"": ""星期三"", ""periods"": [""5"", ""6""], ""raw"": ""5,6""}]",禁止外加,111學年度起學士班境外新生必須符合以下資格，始能選修此門課程。一、港澳生、陸生。二、具「TOCFL」B1成績或其他華語文檢測成績相當「TOCFL」B1以上之成績證明。三、具最近一年於境外修習720小時、境內360小時以上華語文課程之修課證明。四、通過本校華語檢定。,https://course.nuk.edu.tw/QueryCourse/tcontent.asp?OpenYear=111&Helf=2&Sclass=GR&Cono=4102,2026-08-26T18:26:42+00:00
111-2-GR-4202-A-1-A,111,2,共同與通識課程,GR,共同必修系列,4202,A,大學部,1,A,中文(下),2,必,60,37,,23,許正平,M01-206,,,"7,8",,,,,"[{""day"": 3, ""dayName"": ""星期三"", ""periods"": [""7"", ""8""], ""raw"": ""7,8""}]",禁止外加,111學年度起學士班境外新生必須符合以下資格，始能選修此門課程。一、港澳生、陸生。二、具「TOCFL」B1成績或其他華語文檢測成績相當「TOCFL」B1以上之成績證明。三、具最近一年於境外修習720小時、境內360小時以上華語文課程之修課證明。四、通過本校華語檢定。,https://course.nuk.edu.tw/QueryCourse/tcontent.asp?OpenYear=111&Helf=2&Sclass=GR&Cono=4202,2026-08-26T18:26:42+00:00
111-2-GR-5102-A-1-A,111,2,共同與通識課程,GR,共同必修系列,5102,A,大學部,1,A,中文(下),2,必,60,60,,0,白崢勇,L02-103,,,"5,6",,,,,"[{""day"": 3, ""dayName"": ""星期三"", ""periods"": [""5"", ""6""], ""raw"": ""5,6""}]",禁止外加,111學年度起學士班境外新生必須符合以下資格，始能選修此門課程。一、港澳生、陸生。二、具「TOCFL」B1成績或其他華語文檢測成績相當「TOCFL」B1以上之成績證明。三、具最近一年於境外修習720小時、境內360小時以上華語文課程之修課證明。四、通過本校華語檢定。,https://course.nuk.edu.tw/QueryCourse/tcontent.asp?OpenYear=111&Helf=2&Sclass=GR&Cono=5102,2026-08-26T18:26:42+00:00
111-2-GR-5202-A-1-A,111,2,共同與通識課程,GR,共同必修系列,5202,A,大學部,1,A,中文(下),2,必,60,60,,0,白崢勇,L02-103,,,"7,8",,,,,"[{""day"": 3, ""dayName"": ""星期三"", ""periods"": [""7"", ""8""], ""raw"": ""7,8""}]",禁止外加,111學年度起學士班境外新生必須符合以下資格，始能選修此門課程。一、港澳生、陸生。二、具「TOCFL」B1成績或其他華語文檢測成績相當「TOCFL」B1以上之成績證明。三、具最近一年於境外修習720小時、境內360小時以上華語文課程之修課證明。四、通過本校華語檢定。,https://course.nuk.edu.tw/QueryCourse/tcontent.asp?OpenYear=111&Helf=2&Sclass=GR&Cono=5202,2026-08-26T18:26:42+00:00
111-2-GR-5302-A-1-A,111,2,共同與通識課程,GR,共同必修系列,5302,A,大學部,1,A,中文(下),2,必,60,41,,19,白崢勇,L02-103,,,,"1,2",,,,"[{""day"": 4, ""dayName"": ""星期四"", ""periods"": [""1"", ""2""], ""raw"": ""1,2""}]",禁止外加,111學年度起學士班境外新生必須符合以下資格，始能選修此門課程。一、港澳生、陸生。二、具「TOCFL」B1成績或其他華語文檢測成績相當「TOCFL」B1以上之成績證明。三、具最近一年於境外修習720小時、境內360小時以上華語文課程之修課證明。四、通過本校華語檢定。,https://course.nuk.edu.tw/QueryCourse/tcontent.asp?OpenYear=111&Helf=2&Sclass=GR&Cono=5302,2026-08-26T18:26:42+00:00
111-2-GR-5402-A-1-A,111,2,共同與通識課程,GR,共同必修系列,5402,A,大學部,1,A,中文(下),2,必,60,35,,25,白崢勇,L02-103,,,,"3,4",,,,"[{""day"": 4, ""dayName"": ""星期四"", ""periods"": [""3"", ""4""], ""raw"": ""3,4""}]",禁止外加,111學年度起學士班境外新生必須符合以下資格，始能選修此門課程。一、港澳生、陸生。二、具「TOCFL」B1成績或其他華語文檢測成績相當「TOCFL」B1以上之成績證明。三、具最近一年於境外修習720小時、境內360小時以上華語文課程之修課證明。四、通過本校華語檢定。,https://course.nuk.edu.tw/QueryCourse/tcontent.asp?OpenYear=111&Helf=2&Sclass=GR&Cono=5402,2026-08-26T18:26:42+00:00
111-2-GR-5502-A-1-A,111,2,共同與通識課程,GR,共同必修系列,5502,A,大學部,1,A,中文(下),2,必,60,50,,10,蔡文彥,B01-106,,"1,2",,,,,,"[{""day"": 2, ""dayName"": ""星期二"", ""periods"": [""1"", ""2""], ""raw"": ""1,2""}]",禁止外加,111學年度起學士班境外新生必須符合以下資格，始能選修此門課程。一、港澳生、陸生。二、具「TOCFL」B1成績或其他華語文檢測成績相當「TOCFL」B1以上之成績證明。三、具最近一年於境外修習720小時、境內360小時以上華語文課程之修課證明。四、通過本校華語檢定。,https://course.nuk.edu.tw/QueryCourse/tcontent.asp?OpenYear=111&Helf=2&Sclass=GR&Cono=5502,2026-08-26T18:26:42+00:00
111-2-GR-5602-A-1-A,111,2,共同與通識課程,GR,共同必修系列,5602,A,大學部,1,A,中文(下),2,必,60,23,,37,蔡文彥,B01-106,,"3,4",,,,,,"[{""day"": 2, ""dayName"": ""星期二"", ""periods"": [""3"", ""4""], ""raw"": ""3,4""}]",禁止外加,111學年度起學士班境外新生必須符合以下資格，始能選修此門課程。一、港澳生、陸生。二、具「TOCFL」B1成績或其他華語文檢測成績相當「TOCFL」B1以上之成績證明。三、具最近一年於境外修習720小時、境內360小時以上華語文課程之修課證明。四、通過本校華語檢定。,https://course.nuk.edu.tw/QueryCourse/tcontent.asp?OpenYear=111&Helf=2&Sclass=GR&Cono=5602,2026-08-26T18:26:42+00:00
111-2-GR-5702-A-1-A,111,2,共同與通識課程,GR,共同必修系列,5702,A,大學部,1,A,中文(下),2,必,60,60,,0,蔡文彥,B01-108,,,"5,6",,,,,"[{""day"": 3, ""dayName"": ""星期三"", ""periods"": [""5"", ""6""], ""raw"": ""5,6""}]",禁止外加,111學年度起學士班境外新生必須符合以下資格，始能選修此門課程。一、港澳生、陸生。二、具「TOCFL」B1成績或其他華語文檢測成績相當「TOCFL」B1以上之成績證明。三、具最近一年於境外修習720小時、境內360小時以上華語文課程之修課證明。四、通過本校華語檢定。,https://course.nuk.edu.tw/QueryCourse/tcontent.asp?OpenYear=111&Helf=2&Sclass=GR&Cono=5702,2026-08-26T18:26:42+00:00
111-2-GR-6302-A-1-A,111,2,共同與通識課程,GR,共同必修系列,6302,A,大學部,1,A,中文(下),2,必,60,60,,0,趙翊彤,B01-104,"5,6",,,,,,,"[{""day"": 1, ""dayName"": ""星期一"", ""periods"": [""5"", ""6""], ""raw"": ""5,6""}]",禁止外加,111學年度起學士班境外新生必須符合以下資格，始能選修此門課程。一、港澳生、陸生。二、具「TOCFL」B1成績或其他華語文檢測成績相當「TOCFL」B1以上之成績證明。三、具最近一年於境外修習720小時、境內360小時以上華語文課程之修課證明。四、通過本校華語檢定。,https://course.nuk.edu.tw/QueryCourse/tcontent.asp?OpenYear=111&Helf=2&Sclass=GR&Cono=6302,2026-08-26T18:26:42+00:00
111-2-GR-7102-A-1-A,111,2,共同與通識課程,GR,共同必修系列,7102,A,大學部,1,A,中文(下),2,必,60,60,,0,趙翊彤,B01-104,"7,8",,,,,,,"[{""day"": 1, ""dayName"": ""星期一"", ""periods"": [""7"", ""8""], ""raw"": ""7,8""}]",禁止外加,111學年度起學士班境外新生必須符合以下資格，始能選修此門課程。一、港澳生、陸生。二、具「TOCFL」B1成績或其他華語文檢測成績相當「TOCFL」B1以上之成績證明。三、具最近一年於境外修習720小時、境內360小時以上華語文課程之修課證明。四、通過本校華語檢定。,https://course.nuk.edu.tw/QueryCourse/tcontent.asp?OpenYear=111&Helf=2&Sclass=GR&Cono=7102,2026-08-26T18:26:42+00:00
111-2-GR-7202-A-1-A,111,2,共同與通識課程,GR,共同必修系列,7202,A,大學部,1,A,中文(下),2,必,60,60,,0,趙翊彤,B01-104,,,"5,6",,,,,"[{""day"": 3, ""dayName"": ""星期三"", ""periods"": [""5"", ""6""], ""raw"": ""5,6""}]",禁止外加,111學年度起學士班境外新生必須符合以下資格，始能選修此門課程。一、港澳生、陸生。二、具「TOCFL」B1成績或其他華語文檢測成績相當「TOCFL」B1以上之成績證明。三、具最近一年於境外修習720小時、境內360小時以上華語文課程之修課證明。四、通過本校華語檢定。,https://course.nuk.edu.tw/QueryCourse/tcontent.asp?OpenYear=111&Helf=2&Sclass=GR&Cono=7202,2026-08-26T18:26:42+00:00
111-2-GR-7302-A-1-A,111,2,共同與通識課程,GR,共同必修系列,7302,A,大學部,1,A,中文(下),2,必,60,60,,0,趙翊彤,B01-104,,,"7,8",,,,,"[{""day"": 3, ""dayName"": ""星期三"", ""periods"": [""7"", ""8""], ""raw"": ""7,8""}]",禁止外加,111學年度起學士班境外新生必須符合以下資格，始能選修此門課程。一、港澳生、陸生。二、具「TOCFL」B1成績或其他華語文檢測成績相當「TOCFL」B1以上之成績證明。三、具最近一年於境外修習720小時、境內360小時以上華語文課程之修課證明。四、通過本校華語檢定。,https://course.nuk.edu.tw/QueryCourse/tcontent.asp?OpenYear=111&Helf=2&Sclass=GR&Cono=7302,2026-08-26T18:26:42+00:00
111-2-GR-8106-A-1-A,111,2,共同與通識課程,GR,共同必修系列,8106,A,大學部,1,A,中文(下)-僑外班,2,必,19,19,,0,黃文娟,M01-103,"7,8",,,,,,,"[{""day"": 1, ""dayName"": ""星期一"", ""periods"": [""7"", ""8""], ""raw"": ""7,8""}]",外加,"選修此班需經教師認定核可;欲選修此班級之學生請於開學第一週至上課教室受測驗後,再由教師指定加選。",https://course.nuk.edu.tw/QueryCourse/tcontent.asp?OpenYear=111&Helf=2&Sclass=GR&Cono=8106,2026-08-26T18:26:42+00:00
111-2-GR-A0AA-A-1-A,111,2,共同與通識課程,GR,共同必修系列,A0AA,A,大學部,1,A,英語會話與閱讀(下)：高階班,2,必,45,24,,21,王嵩嵐,H1--102,"5,6",,,,,,,"[{""day"": 1, ""dayName"": ""星期一"", ""periods"": [""5"", ""6""], ""raw"": ""5,6""}]",禁止外加 限修,"全英語授課1.依學生英文能力分級,本學期起不再匯入系統 2.請同學於選課期間內依分級自行上網選課",https://course.nuk.edu.tw/QueryCourse/tcontent.asp?OpenYear=111&Helf=2&Sclass=GR&Cono=A0AA,2026-08-26T18:26:42+00:00
111-2-GR-A0AB-A-1-A,111,2,共同與通識課程,GR,共同必修系列,A0AB,A,大學部,1,A,英語會話與閱讀(下)：高階班,2,必,46,46,,0,陳麗青,H1--102,,,"5,6",,,,,"[{""day"": 3, ""dayName"": ""星期三"", ""periods"": [""5"", ""6""], ""raw"": ""5,6""}]",禁止外加 限修,"全英語授課1.依學生英文能力分級,本學期起不再匯入系統 2.請同學於選課期間內依分級自行上網選課",https://course.nuk.edu.tw/QueryCourse/tcontent.asp?OpenYear=111&Helf=2&Sclass=GR&Cono=A0AB,2026-08-26T18:26:42+00:00
111-2-GR-A0AC-A-1-A,111,2,共同與通識課程,GR,共同必修系列,A0AC,A,大學部,1,A,英語會話與閱讀(下)：高階班,2,必,45,35,,10,歐素雯,B01-109,,,"5,6",,,,,"[{""day"": 3, ""dayName"": ""星期三"", ""periods"": [""5"", ""6""], ""raw"": ""5,6""}]",禁止外加 限修,"全英文授課1.依學生英文能力分級,由同學於選課期間內依分級自行上網選課2.分級限修名單公告於通識中心網頁_「最新消息」及「課程相關及異動」",https://course.nuk.edu.tw/QueryCourse/tcontent.asp?OpenYear=111&Helf=2&Sclass=GR&Cono=A0AC,2026-08-26T18:26:42+00:00
111-2-GR-A0BA-A-1-A,111,2,共同與通識課程,GR,共同必修系列,A0BA,A,大學部,1,A,英語會話與閱讀(下)：中階班,2,必,50,44,,6,蔡奎如,M01-205,"5,6",,,,,,,"[{""day"": 1, ""dayName"": ""星期一"", ""periods"": [""5"", ""6""], ""raw"": ""5,6""}]",禁止外加 限修,"1.依學生英文能力分級,由同學於選課期間內依分級自行上網選課2.分級限修名單公告於通識中心網頁_「最新消息」及「課程相關及異動」",https://course.nuk.edu.tw/QueryCourse/tcontent.asp?OpenYear=111&Helf=2&Sclass=GR&Cono=A0BA,2026-08-26T18:26:42+00:00
111-2-GR-A0BB-A-1-A,111,2,共同與通識課程,GR,共同必修系列,A0BB,A,大學部,1,A,英語會話與閱讀(下)：中階班,2,必,50,21,,29,蔡奎如,M01-205,"7,8",,,,,,,"[{""day"": 1, ""dayName"": ""星期一"", ""periods"": [""7"", ""8""], ""raw"": ""7,8""}]",禁止外加 限修,"1.依學生英文能力分級,由同學於選課期間內依分級自行上網選課2.分級限修名單公告於通識中心網頁_「最新消息」及「課程相關及異動」",https://course.nuk.edu.tw/QueryCourse/tcontent.asp?OpenYear=111&Helf=2&Sclass=GR&Cono=A0BB,2026-08-26T18:26:42+00:00
111-2-GR-A0BC-A-1-A,111,2,共同與通識課程,GR,共同必修系列,A0BC,A,大學部,1,A,英語會話與閱讀(下)：中階班,2,必,50,50,,0,蔡奎如,M01-205,,,"5,6",,,,,"[{""day"": 3, ""dayName"": ""星期三"", ""periods"": [""5"", ""6""], ""raw"": ""5,6""}]",禁止外加 限修,"1.依學生英文能力分級,由同學於選課期間內依分級自行上網選課2.分級限修名單公告於通識中心網頁_「最新消息」及「課程相關及異動」",https://course.nuk.edu.tw/QueryCourse/tcontent.asp?OpenYear=111&Helf=2&Sclass=GR&Cono=A0BC,2026-08-26T18:26:42+00:00
111-2-GR-A0BD-A-1-A,111,2,共同與通識課程,GR,共同必修系列,A0BD,A,大學部,1,A,英語會話與閱讀(下)：中階班,2,必,51,51,,0,蔡奎如,M01-205,,,"7,8",,,,,"[{""day"": 3, ""dayName"": ""星期三"", ""periods"": [""7"", ""8""], ""raw"": ""7,8""}]",禁止外加 限修,"1.依學生英文能力分級,由同學於選課期間內依分級自行上網選課2.分級限修名單公告於通識中心網頁_「最新消息」及「課程相關及異動」",https://course.nuk.edu.tw/QueryCourse/tcontent.asp?OpenYear=111&Helf=2&Sclass=GR&Cono=A0BD,2026-08-26T18:26:42+00:00
111-2-GR-A0BE-A-1-A,111,2,共同與通識課程,GR,共同必修系列,A0BE,A,大學部,1,A,英語會話與閱讀(下)：中階班,2,必,50,50,,0,王靜嫻,B01-109,"5,6",,,,,,,"[{""day"": 1, ""dayName"": ""星期一"", ""periods"": [""5"", ""6""], ""raw"": ""5,6""}]",禁止外加 限修,"1.依學生英文能力分級,由同學於選課期間內依分級自行上網選課2.分級限修名單公告於通識中心網頁_「最新消息」及「課程相關及異動」",https://course.nuk.edu.tw/QueryCourse/tcontent.asp?OpenYear=111&Helf=2&Sclass=GR&Cono=A0BE,2026-08-26T18:26:42+00:00
111-2-GR-A0BF-A-1-A,111,2,共同與通識課程,GR,共同必修系列,A0BF,A,大學部,1,A,英語會話與閱讀(下)：中階班,2,必,50,50,,0,陳信智,B01-110,,,"5,6",,,,,"[{""day"": 3, ""dayName"": ""星期三"", ""periods"": [""5"", ""6""], ""raw"": ""5,6""}]",禁止外加 限修,"1.依學生英文能力分級,由同學於選課期間內依分級自行上網選課2.分級限修名單公告於通識中心網頁_「最新消息」及「課程相關及異動」",https://course.nuk.edu.tw/QueryCourse/tcontent.asp?OpenYear=111&Helf=2&Sclass=GR&Cono=A0BF,2026-08-26T18:26:42+00:00
111-2-GR-A0BG-A-1-A,111,2,共同與通識課程,GR,共同必修系列,A0BG,A,大學部,1,A,英語會話與閱讀(下)：中階班,2,必,51,51,,0,陳信智,B01-110,,,"7,8",,,,,"[{""day"": 3, ""dayName"": ""星期三"", ""periods"": [""7"", ""8""], ""raw"": ""7,8""}]",禁止外加 限修,"1.依學生英文能力分級,由同學於選課期間內依分級自行上網選課2.分級限修名單公告於通識中心網頁_「最新消息」及「課程相關及異動」",https://course.nuk.edu.tw/QueryCourse/tcontent.asp?OpenYear=111&Helf=2&Sclass=GR&Cono=A0BG,2026-08-26T18:26:42+00:00
111-2-GR-A114-A-1-A,111,2,共同與通識課程,GR,共同必修系列,A114,A,大學部,1,A,服務學習培養(西洋語文學系B),0,必,31,26,,5,游明慧,,,X,,,,,,"[{""day"": 2, ""dayName"": ""星期二"", ""periods"": [""X""], ""raw"": ""X""}]",,請於開學一週內上班時間0900~1630時至該服務單位報到即可‧,https://course.nuk.edu.tw/QueryCourse/tcontent.asp?OpenYear=111&Helf=2&Sclass=GR&Cono=A114,2026-08-26T18:26:42+00:00
111-2-GR-A124-A-1-A,111,2,共同與通識課程,GR,共同必修系列,A124,A,大學部,1,A,服務學習培養(運動健康與休閒學系B),0,必,20,20,,0,游明慧,,,X,,,,,,"[{""day"": 2, ""dayName"": ""星期二"", ""periods"": [""X""], ""raw"": ""X""}]",限修,限運動健康與休閒學系學生並請於開學一週內上班時間0900~1630時至該服務單位報到即可‧,https://course.nuk.edu.tw/QueryCourse/tcontent.asp?OpenYear=111&Helf=2&Sclass=GR&Cono=A124,2026-08-26T18:26:42+00:00
111-2-GR-A13D-A-1-A,111,2,共同與通識課程,GR,共同必修系列,A13D,A,大學部,1,A,體育(二)-藝創系,0,必,62,56,,6,宋洪經,,,,,,"3,4",,,"[{""day"": 5, ""dayName"": ""星期五"", ""periods"": [""3"", ""4""], ""raw"": ""3,4""}]",禁止外加 限修及外加,羽球(體健休大樓)/籃網球/大三、四重補修學生請於第三階段直接上網選課，不用再到通識中心加簽。注意:上、下學期選項重覆選修不算學分。,https://course.nuk.edu.tw/QueryCourse/tcontent.asp?OpenYear=111&Helf=2&Sclass=GR&Cono=A13D,2026-08-26T18:26:42+00:00
111-2-GR-A14D-A-1-A,111,2,共同與通識課程,GR,共同必修系列,A14D,A,大學部,1,A,體育(二)-建築系,0,必,60,33,,27,高群超,,,,"3,4",,,,,"[{""day"": 3, ""dayName"": ""星期三"", ""periods"": [""3"", ""4""], ""raw"": ""3,4""}]",禁止外加 限修,木球/羽球/大三、四重補修學生請於第三階段直接上網選課，不用再到通識中心加簽。注意:上、下學期選項重覆選修不算學分。,https://course.nuk.edu.tw/QueryCourse/tcontent.asp?OpenYear=111&Helf=2&Sclass=GR&Cono=A14D,2026-08-26T18:26:42+00:00
111-2-GR-A166-A-1-A,111,2,共同與通識課程,GR,共同必修系列,A166,A,大學部,1,A,服務學習培養(工藝與創意設計學系B),0,必,40,39,,1,游明慧,,X,,,,,,,"[{""day"": 1, ""dayName"": ""星期一"", ""periods"": [""X""], ""raw"": ""X""}]",,工藝與創意設計學系學生優先並請於開學一週內上班時間0900~1630時至該服務單位報到即可,https://course.nuk.edu.tw/QueryCourse/tcontent.asp?OpenYear=111&Helf=2&Sclass=GR&Cono=A166,2026-08-26T18:26:42+00:00
111-2-GR-A16B-A-1-A,111,2,共同與通識課程,GR,共同必修系列,A16B,A,大學部,1,A,服務學習培養(建築學系B),0,必,30,29,,1,游明慧,,X,,,,,,,"[{""day"": 1, ""dayName"": ""星期一"", ""periods"": [""X""], ""raw"": ""X""}]",限修,選課對象限制:建築學系﹑創建系建築組,https://course.nuk.edu.tw/QueryCourse/tcontent.asp?OpenYear=111&Helf=2&Sclass=GR&Cono=A16B,2026-08-26T18:26:42+00:00
111-2-GR-A174-A-1-A,111,2,共同與通識課程,GR,共同必修系列,A174,A,大學部,1,A,服務學習培養(東亞語文學系B),0,必,30,28,,2,游明慧,,X,,,,,,,"[{""day"": 1, ""dayName"": ""星期一"", ""periods"": [""X""], ""raw"": ""X""}]",,請於開學一週內上班時間0900~1630時至該服務單位報到即可‧,https://course.nuk.edu.tw/QueryCourse/tcontent.asp?OpenYear=111&Helf=2&Sclass=GR&Cono=A174,2026-08-26T18:26:42+00:00
111-2-GR-A184-A-1-A,111,2,共同與通識課程,GR,共同必修系列,A184,A,大學部,1,A,服務學習培養(運動競技學系B),0,必,30,30,,0,游明慧,,X,,,,,,,"[{""day"": 1, ""dayName"": ""星期一"", ""periods"": [""X""], ""raw"": ""X""}]",,請於開學一週內上班時間0900~1630時至該服務單位報到即可‧,https://course.nuk.edu.tw/QueryCourse/tcontent.asp?OpenYear=111&Helf=2&Sclass=GR&Cono=A184,2026-08-26T18:26:42+00:00
111-2-GR-A1CA-A-1-A,111,2,共同與通識課程,GR,共同必修系列,A1CA,A,大學部,1,A,英語會話與閱讀(下)：初階班,2,必,55,55,,0,楊淑華,B01-108,"5,6",,,,,,,"[{""day"": 1, ""dayName"": ""星期一"", ""periods"": [""5"", ""6""], ""raw"": ""5,6""}]",禁止外加 限修,"1.依學生英文能力分級,由同學於選課期間內依分級自行上網選課2.分級限修名單公告於通識中心網頁_「最新消息」及「課程相關及異動」",https://course.nuk.edu.tw/QueryCourse/tcontent.asp?OpenYear=111&Helf=2&Sclass=GR&Cono=A1CA,2026-08-26T18:26:42+00:00
111-2-GR-A1CB-A-1-A,111,2,共同與通識課程,GR,共同必修系列,A1CB,A,大學部,1,A,英語會話與閱讀(下)：初階班,2,必,55,55,,0,楊淑華,B01-108,"7,8",,,,,,,"[{""day"": 1, ""dayName"": ""星期一"", ""periods"": [""7"", ""8""], ""raw"": ""7,8""}]",禁止外加 限修,"1.依學生英文能力分級,由同學於選課期間內依分級自行上網選課2.分級限修名單公告於通識中心網頁_「最新消息」及「課程相關及異動」",https://course.nuk.edu.tw/QueryCourse/tcontent.asp?OpenYear=111&Helf=2&Sclass=GR&Cono=A1CB,2026-08-26T18:26:42+00:00
111-2-GR-A1CC-A-1-A,111,2,共同與通識課程,GR,共同必修系列,A1CC,A,大學部,1,A,英語會話與閱讀(下)：初階班,2,必,55,55,,0,唐淑芳,B01-105,,,"5,6",,,,,"[{""day"": 3, ""dayName"": ""星期三"", ""periods"": [""5"", ""6""], ""raw"": ""5,6""}]",禁止外加 限修,"1.依學生英文能力分級,由同學於選課期間內依分級自行上網選課2.分級限修名單公告於通識中心網頁_「最新消息」及「課程相關及異動」",https://course.nuk.edu.tw/QueryCourse/tcontent.asp?OpenYear=111&Helf=2&Sclass=GR&Cono=A1CC,2026-08-26T18:26:42+00:00
111-2-GR-A1CD-A-1-A,111,2,共同與通識課程,GR,共同必修系列,A1CD,A,大學部,1,A,英語會話與閱讀(下)：初階班,2,必,55,55,,0,唐淑芳,B01-105,,,"7,8",,,,,"[{""day"": 3, ""dayName"": ""星期三"", ""periods"": [""7"", ""8""], ""raw"": ""7,8""}]",禁止外加 限修,"1.依學生英文能力分級,由同學於選課期間內依分級自行上網選課2.分級限修名單公告於通識中心網頁_「最新消息」及「課程相關及異動」",https://course.nuk.edu.tw/QueryCourse/tcontent.asp?OpenYear=111&Helf=2&Sclass=GR&Cono=A1CD,2026-08-26T18:26:42+00:00
111-2-GR-A1CE-A-1-A,111,2,共同與通識課程,GR,共同必修系列,A1CE,A,大學部,1,A,英語會話與閱讀(下)：初階班,2,必,55,41,,14,曾雅惠,B01-105,"5,6",,,,,,,"[{""day"": 1, ""dayName"": ""星期一"", ""periods"": [""5"", ""6""], ""raw"": ""5,6""}]",禁止外加 限修,"1.依學生英文能力分級,由同學於選課期間內依分級自行上網選課2.分級限修名單公告於通識中心網頁_「最新消息」及「課程相關及異動」",https://course.nuk.edu.tw/QueryCourse/tcontent.asp?OpenYear=111&Helf=2&Sclass=GR&Cono=A1CE,2026-08-26T18:26:42+00:00
111-2-GR-A1CF-A-1-A,111,2,共同與通識課程,GR,共同必修系列,A1CF,A,大學部,1,A,英語會話與閱讀(下)：初階班,2,必,55,15,,40,曾雅惠,B01-105,"7,8",,,,,,,"[{""day"": 1, ""dayName"": ""星期一"", ""periods"": [""7"", ""8""], ""raw"": ""7,8""}]",禁止外加 限修,"1.依學生英文能力分級,由同學於選課期間內依分級自行上網選課2.分級限修名單公告於通識中心網頁_「最新消息」及「課程相關及異動」",https://course.nuk.edu.tw/QueryCourse/tcontent.asp?OpenYear=111&Helf=2&Sclass=GR&Cono=A1CF,2026-08-26T18:26:42+00:00
111-2-GR-A1CG-A-1-A,111,2,共同與通識課程,GR,共同必修系列,A1CG,A,大學部,1,A,英語會話與閱讀(下)：初階班,2,必,55,55,,0,顏正裕,B01-103,"5,6",,,,,,,"[{""day"": 1, ""dayName"": ""星期一"", ""periods"": [""5"", ""6""], ""raw"": ""5,6""}]",禁止外加 限修,"1.依學生英文能力分級,由同學於選課期間內依分級自行上網選課2.分級限修名單公告於通識中心網頁_「最新消息」及「課程相關及異動」",https://course.nuk.edu.tw/QueryCourse/tcontent.asp?OpenYear=111&Helf=2&Sclass=GR&Cono=A1CG,2026-08-26T18:26:42+00:00
111-2-GR-A1CH-A-1-A,111,2,共同與通識課程,GR,共同必修系列,A1CH,A,大學部,1,A,英語會話與閱讀(下)：初階班,2,必,55,55,,0,顏正裕,B01-103,"7,8",,,,,,,"[{""day"": 1, ""dayName"": ""星期一"", ""periods"": [""7"", ""8""], ""raw"": ""7,8""}]",禁止外加 限修,"1.依學生英文能力分級,由同學於選課期間內依分級自行上網選課2.分級限修名單公告於通識中心網頁_「最新消息」及「課程相關及異動」",https://course.nuk.edu.tw/QueryCourse/tcontent.asp?OpenYear=111&Helf=2&Sclass=GR&Cono=A1CH,2026-08-26T18:26:42+00:00
111-2-GR-A1CI-A-1-A,111,2,共同與通識課程,GR,共同必修系列,A1CI,A,大學部,1,A,英語會話與閱讀(下)：初階班,2,必,55,55,,0,許建華,B01-110,"5,6",,,,,,,"[{""day"": 1, ""dayName"": ""星期一"", ""periods"": [""5"", ""6""], ""raw"": ""5,6""}]",禁止外加 限修,"1.依學生英文能力分級,由同學於選課期間內依分級自行上網選課2.分級限修名單公告於通識中心網頁_「最新消息」及「課程相關及異動」",https://course.nuk.edu.tw/QueryCourse/tcontent.asp?OpenYear=111&Helf=2&Sclass=GR&Cono=A1CI,2026-08-26T18:26:42+00:00
111-2-GR-A1CJ-A-1-A,111,2,共同與通識課程,GR,共同必修系列,A1CJ,A,大學部,1,A,英語會話與閱讀(下)：初階班,2,必,55,53,,2,許建華,B01-110,"7,8",,,,,,,"[{""day"": 1, ""dayName"": ""星期一"", ""periods"": [""7"", ""8""], ""raw"": ""7,8""}]",禁止外加 限修,"1.依學生英文能力分級,由同學於選課期間內依分級自行上網選課2.分級限修名單公告於通識中心網頁_「最新消息」及「課程相關及異動」",https://course.nuk.edu.tw/QueryCourse/tcontent.asp?OpenYear=111&Helf=2&Sclass=GR&Cono=A1CJ,2026-08-26T18:26:42+00:00
111-2-GR-A1CK-A-1-A,111,2,共同與通識課程,GR,共同必修系列,A1CK,A,大學部,1,A,英語會話與閱讀(下)：初階班,2,必,55,55,,0,邱玉萍,B01-103,,,"5,6",,,,,"[{""day"": 3, ""dayName"": ""星期三"", ""periods"": [""5"", ""6""], ""raw"": ""5,6""}]",禁止外加 限修,"1.依學生英文能力分級,由同學於選課期間內依分級自行上網選課2.分級限修名單公告於通識中心網頁_「最新消息」及「課程相關及異動」",https://course.nuk.edu.tw/QueryCourse/tcontent.asp?OpenYear=111&Helf=2&Sclass=GR&Cono=A1CK,2026-08-26T18:26:42+00:00
111-2-GR-A1CL-A-1-A,111,2,共同與通識課程,GR,共同必修系列,A1CL,A,大學部,1,A,英語會話與閱讀(下)：初階班,2,必,55,55,,0,歐素雯,B01-109,,,"7,8",,,,,"[{""day"": 3, ""dayName"": ""星期三"", ""periods"": [""7"", ""8""], ""raw"": ""7,8""}]",禁止外加 限修,"1.依學生英文能力分級,由同學於選課期間內依分級自行上網選課2.分級限修名單公告於通識中心網頁_「最新消息」及「課程相關及異動」",https://course.nuk.edu.tw/QueryCourse/tcontent.asp?OpenYear=111&Helf=2&Sclass=GR&Cono=A1CL,2026-08-26T18:26:42+00:00
111-2-GR-A1CM-A-1-A,111,2,共同與通識課程,GR,共同必修系列,A1CM,A,大學部,1,A,英語會話與閱讀(下)：初階班,2,必,55,53,,2,邱玉萍,B01-103,,,"7,8",,,,,"[{""day"": 3, ""dayName"": ""星期三"", ""periods"": [""7"", ""8""], ""raw"": ""7,8""}]",禁止外加 限修,"限運競系選修1.依學生英文能力分級,由同學於選課期間內依分級自行上網選課2.分級限修名單公告於通識中心網頁_「最新消息」及「課程相關及異動」",https://course.nuk.edu.tw/QueryCourse/tcontent.asp?OpenYear=111&Helf=2&Sclass=GR&Cono=A1CM,2026-08-26T18:26:42+00:00
111-2-GR-A214-A-1-A,111,2,共同與通識課程,GR,共同必修系列,A214,A,大學部,1,A,服務學習培養(法律學系B),0,必,30,26,,4,游明慧,,X,,,,,,,"[{""day"": 1, ""dayName"": ""星期一"", ""periods"": [""X""], ""raw"": ""X""}]",,請於開學一週內上班時間0900~1630時至該服務單位報到即可‧,https://course.nuk.edu.tw/QueryCourse/tcontent.asp?OpenYear=111&Helf=2&Sclass=GR&Cono=A214,2026-08-26T18:26:42+00:00
111-2-GR-A224-A-1-A,111,2,共同與通識課程,GR,共同必修系列,A224,A,大學部,1,A,服務學習培養(政治法律學系B),0,必,30,25,,5,游明慧,,X,,,,,,,"[{""day"": 1, ""dayName"": ""星期一"", ""periods"": [""X""], ""raw"": ""X""}]",,請於開學一週內上班時間0900~1630時至該服務單位報到即可‧,https://course.nuk.edu.tw/QueryCourse/tcontent.asp?OpenYear=111&Helf=2&Sclass=GR&Cono=A224,2026-08-26T18:26:42+00:00
111-2-GR-A234-A-1-A,111,2,共同與通識課程,GR,共同必修系列,A234,A,大學部,1,A,服務學習培養(財經法律學系B),0,必,20,20,,0,游明慧,,X,,,,,,,"[{""day"": 1, ""dayName"": ""星期一"", ""periods"": [""X""], ""raw"": ""X""}]",,請於開學一週內上班時間0900~1630時至該服務單位報到即可‧,https://course.nuk.edu.tw/QueryCourse/tcontent.asp?OpenYear=111&Helf=2&Sclass=GR&Cono=A234,2026-08-26T18:26:42+00:00
111-2-GR-A314-A-1-A,111,2,共同與通識課程,GR,共同必修系列,A314,A,大學部,1,A,服務學習培養(應用經濟學系B),0,必,25,20,,5,游明慧,,X,,,,,,,"[{""day"": 1, ""dayName"": ""星期一"", ""periods"": [""X""], ""raw"": ""X""}]",限修,限應用經濟學系並請於開學一週內上班時間0900~1630時至該服務單位報到即可‧,https://course.nuk.edu.tw/QueryCourse/tcontent.asp?OpenYear=111&Helf=2&Sclass=GR&Cono=A314,2026-08-26T18:26:42+00:00
111-2-GR-A324-A-1-A,111,2,共同與通識課程,GR,共同必修系列,A324,A,大學部,1,A,服務學習培養(金融管理學系B),0,必,15,15,,0,游明慧,,X,,,,,,,"[{""day"": 1, ""dayName"": ""星期一"", ""periods"": [""X""], ""raw"": ""X""}]",限修,選課對象限制:限本系。請於開學第一週之週三前至本系臉書社團「高大金管系」http://www.facebook.com/groups/nukfin/ 查看課程說明時間(必到)。,https://course.nuk.edu.tw/QueryCourse/tcontent.asp?OpenYear=111&Helf=2&Sclass=GR&Cono=A324,2026-08-26T18:26:42+00:00
111-2-GR-A334-A-1-A,111,2,共同與通識課程,GR,共同必修系列,A334,A,大學部,1,A,服務學習培養(資訊管理學系B),0,必,17,16,,1,游明慧,,X,,,,,,,"[{""day"": 1, ""dayName"": ""星期一"", ""periods"": [""X""], ""raw"": ""X""}]",限修及外加,限資訊管理學系學生並請於開學一週內上班時間0900~1630時至該服務單位報到即可‧,https://course.nuk.edu.tw/QueryCourse/tcontent.asp?OpenYear=111&Helf=2&Sclass=GR&Cono=A334,2026-08-26T18:26:42+00:00
111-2-GR-A414-A-1-A,111,2,共同與通識課程,GR,共同必修系列,A414,A,大學部,1,A,服務學習培養(應用數學系B),0,必,19,19,,0,游明慧,,X,,,,,,,"[{""day"": 1, ""dayName"": ""星期一"", ""periods"": [""X""], ""raw"": ""X""}]",,請於開學一週內上班時間0900~1630時至該服務單位報到即可‧,https://course.nuk.edu.tw/QueryCourse/tcontent.asp?OpenYear=111&Helf=2&Sclass=GR&Cono=A414,2026-08-26T18:26:42+00:00
111-2-GR-A424-A-1-A,111,2,共同與通識課程,GR,共同必修系列,A424,A,大學部,1,A,服務學習培養(應用化學系B),0,必,9,9,,0,游明慧,,X,,,,,,,"[{""day"": 1, ""dayName"": ""星期一"", ""periods"": [""X""], ""raw"": ""X""}]",限修及外加,限應化系並請於開學一週內上班時間0900~1630時至該服務單位報到即可‧,https://course.nuk.edu.tw/QueryCourse/tcontent.asp?OpenYear=111&Helf=2&Sclass=GR&Cono=A424,2026-08-26T18:26:42+00:00
111-2-GR-A434-A-1-A,111,2,共同與通識課程,GR,共同必修系列,A434,A,大學部,1,A,服務學習培養(應用物理學系B),0,必,15,14,,1,游明慧,,X,,,,,,,"[{""day"": 1, ""dayName"": ""星期一"", ""periods"": [""X""], ""raw"": ""X""}]",限修,限應用物理系學生並請於開學一週內上班時間0900~1630時至該服務單位報到即可‧,https://course.nuk.edu.tw/QueryCourse/tcontent.asp?OpenYear=111&Helf=2&Sclass=GR&Cono=A434,2026-08-26T18:26:42+00:00
111-2-GR-A516-A-1-A,111,2,共同與通識課程,GR,共同必修系列,A516,A,大學部,1,A,服務學習培養(電機工程學系B),0,必,20,19,,1,游明慧,,X,,,,,,,"[{""day"": 1, ""dayName"": ""星期一"", ""periods"": [""X""], ""raw"": ""X""}]",限修,"限電機系學生,請於開學一週內上班時間0900~1630時至該服務單位報到即可‧",https://course.nuk.edu.tw/QueryCourse/tcontent.asp?OpenYear=111&Helf=2&Sclass=GR&Cono=A516,2026-08-26T18:26:42+00:00
111-2-GR-A524-A-1-A,111,2,共同與通識課程,GR,共同必修系列,A524,A,大學部,1,A,服務學習培養(土木與環境工程學系B),0,必,10,10,,0,游明慧,,X,,,,,,,"[{""day"": 1, ""dayName"": ""星期一"", ""periods"": [""X""], ""raw"": ""X""}]",限修,限土環系學生並請於開學一週內上班時間0900~1630時至該服務單位報到即可‧,https://course.nuk.edu.tw/QueryCourse/tcontent.asp?OpenYear=111&Helf=2&Sclass=GR&Cono=A524,2026-08-26T18:26:42+00:00
111-2-GR-A554-A-1-A,111,2,共同與通識課程,GR,共同必修系列,A554,A,大學部,1,A,服務學習培養(資訊工程學系B),0,必,30,29,,1,游明慧,,X,,,,,,,"[{""day"": 1, ""dayName"": ""星期一"", ""periods"": [""X""], ""raw"": ""X""}]",限修,限資工系同學並請於開學一週內上班時間0900~1630時至該服務單位報到即可‧,https://course.nuk.edu.tw/QueryCourse/tcontent.asp?OpenYear=111&Helf=2&Sclass=GR&Cono=A554,2026-08-26T18:26:42+00:00
111-2-GR-A564-A-1-A,111,2,共同與通識課程,GR,共同必修系列,A564,A,大學部,1,A,服務學習培養(化學工程及材料工程學系B),0,必,20,19,,1,游明慧,,X,,,,,,,"[{""day"": 1, ""dayName"": ""星期一"", ""periods"": [""X""], ""raw"": ""X""}]",限修,限化材系學生並請於開學一週內上班時間0900~1630時至該服務單位報到即可‧,https://course.nuk.edu.tw/QueryCourse/tcontent.asp?OpenYear=111&Helf=2&Sclass=GR&Cono=A564,2026-08-26T18:26:42+00:00
111-2-GR-A614-A-1-A,111,2,共同與通識課程,GR,共同必修系列,A614,A,大學部,1,A,服務學習培養(生命科學系B),0,必,12,11,,1,游明慧,,X,,,,,,,"[{""day"": 1, ""dayName"": ""星期一"", ""periods"": [""X""], ""raw"": ""X""}]",,請於開學一週內上班時間0900~1630時至該服務單位報到即可‧,https://course.nuk.edu.tw/QueryCourse/tcontent.asp?OpenYear=111&Helf=2&Sclass=GR&Cono=A614,2026-08-26T18:26:42+00:00
111-2-GR-A714-A-1-A,111,2,共同與通識課程,GR,共同必修系列,A714,A,大學部,1,A,服務學習培養(亞太工商管理學系B),0,必,15,14,,1,游明慧,,X,,,,,,,"[{""day"": 1, ""dayName"": ""星期一"", ""periods"": [""X""], ""raw"": ""X""}]",限修,限亞太工商管理學系並請於開學一週內上班時間0900~1630時至該服務單位報到即可‧,https://course.nuk.edu.tw/QueryCourse/tcontent.asp?OpenYear=111&Helf=2&Sclass=GR&Cono=A714,2026-08-26T18:26:42+00:00
111-2-GR-A812-A-1-A,111,2,共同與通識課程,GR,共同必修系列,A812,A,大學部,1,A,服務學習培養(EMBA中心B),0,必,6,6,,0,游明慧,,X,,,,,,,"[{""day"": 1, ""dayName"": ""星期一"", ""periods"": [""X""], ""raw"": ""X""}]",,請於開學一週內上班時間9:00-16:30至該服務單位報到。,https://course.nuk.edu.tw/QueryCourse/tcontent.asp?OpenYear=111&Helf=2&Sclass=GR&Cono=A812,2026-08-26T18:26:42+00:00
111-2-GR-A99B-A-1-A,111,2,共同與通識課程,GR,共同必修系列,A99B,A,大學部,1,A,適應體育,0,必,8,8,,0,蔡明書,K01-004,,"9,10",,,,,,"[{""day"": 2, ""dayName"": ""星期二"", ""periods"": [""9"", ""10""], ""raw"": ""9,10""}]",外加,上課地點:體適能教室。凡是不能參與一般體育課之大一、二學生，其身心狀況不適者，得經公立醫療院所診斷後並開立證明(90天內之證明)交給老師指定加選,https://course.nuk.edu.tw/QueryCourse/tcontent.asp?OpenYear=111&Helf=2&Sclass=GR&Cono=A99B,2026-08-26T18:26:42+00:00
111-2-GR-F104-A-1-A,111,2,共同與通識課程,GR,共同必修系列,F104,A,大學部,1,A,服務學習培養(秘書室B),0,必,6,5,,1,游明慧,,X,,,,,,,"[{""day"": 1, ""dayName"": ""星期一"", ""periods"": [""X""], ""raw"": ""X""}]",,請於開學一週內上班時間0900~1630時至該服務單位報到即可‧,https://course.nuk.edu.tw/QueryCourse/tcontent.asp?OpenYear=111&Helf=2&Sclass=GR&Cono=F104,2026-08-26T18:26:42+00:00
111-2-GR-F106-A-1-A,111,2,共同與通識課程,GR,共同必修系列,F106,A,大學部,1,A,服務學習培養(副校長室B),0,必,3,2,,1,游明慧,,X,,,,,,,"[{""day"": 1, ""dayName"": ""星期一"", ""periods"": [""X""], ""raw"": ""X""}]",,請於開學一週內上班時間0900~1630時至該服務單位報到即可‧限大一~大三學生選課,https://course.nuk.edu.tw/QueryCourse/tcontent.asp?OpenYear=111&Helf=2&Sclass=GR&Cono=F106,2026-08-26T18:26:42+00:00
111-2-GR-F108-A-1-A,111,2,共同與通識課程,GR,共同必修系列,F108,A,大學部,1,A,服務學習培養(創新學院 B),0,必,8,7,,1,游明慧,,X,,,,,,,"[{""day"": 1, ""dayName"": ""星期一"", ""periods"": [""X""], ""raw"": ""X""}]",,請於開學一週內上班時間0900~1630時至該服務單位報到即可‧(行政大樓二樓 教學發展中心）,https://course.nuk.edu.tw/QueryCourse/tcontent.asp?OpenYear=111&Helf=2&Sclass=GR&Cono=F108,2026-08-26T18:26:42+00:00
111-2-GR-F10D-A-1-A,111,2,共同與通識課程,GR,共同必修系列,F10D,A,大學部,1,A,服務學習培養(秘書室公共事務組 B),0,必,5,5,,0,游明慧,,X,,,,,,,"[{""day"": 1, ""dayName"": ""星期一"", ""periods"": [""X""], ""raw"": ""X""}]",,請於開學一週內上班時間0900~1630時至該服務單位報到即可‧,https://course.nuk.edu.tw/QueryCourse/tcontent.asp?OpenYear=111&Helf=2&Sclass=GR&Cono=F10D,2026-08-26T18:26:42+00:00
111-2-GR-F114-A-1-A,111,2,共同與通識課程,GR,共同必修系列,F114,A,大學部,1,A,服務學習培養(教務處B),0,必,7,7,,0,游明慧,,X,,,,,,,"[{""day"": 1, ""dayName"": ""星期一"", ""periods"": [""X""], ""raw"": ""X""}]",,請於開學一週內上班時間0900~1630時至該服務單位報到即可‧,https://course.nuk.edu.tw/QueryCourse/tcontent.asp?OpenYear=111&Helf=2&Sclass=GR&Cono=F114,2026-08-26T18:26:42+00:00
111-2-GR-F116-A-1-A,111,2,共同與通識課程,GR,共同必修系列,F116,A,大學部,1,A,服務學習培養(教學發展中心B),0,必,5,5,,0,游明慧,,X,,,,,,,"[{""day"": 1, ""dayName"": ""星期一"", ""periods"": [""X""], ""raw"": ""X""}]",,請於開學一週內上班時間0900~1630時至該服務單位報到即可‧(行政大樓北棟2樓),https://course.nuk.edu.tw/QueryCourse/tcontent.asp?OpenYear=111&Helf=2&Sclass=GR&Cono=F116,2026-08-26T18:26:42+00:00
111-2-GR-F154-A-1-A,111,2,共同與通識課程,GR,共同必修系列,F154,A,大學部,1,A,服務學習培養(體育室B),0,必,25,24,,1,游明慧,,X,,,,,,,"[{""day"": 1, ""dayName"": ""星期一"", ""periods"": [""X""], ""raw"": ""X""}]",,請於開學一週內上班時間0900~1630時至該服務單位報到即可‧,https://course.nuk.edu.tw/QueryCourse/tcontent.asp?OpenYear=111&Helf=2&Sclass=GR&Cono=F154,2026-08-26T18:26:42+00:00
111-2-GR-F15D-A-1-A,111,2,共同與通識課程,GR,共同必修系列,F15D,A,大學部,1,A,服務學習培養(體育室 器材室B),0,必,25,25,,0,游明慧,,X,,,,,,,"[{""day"": 1, ""dayName"": ""星期一"", ""periods"": [""X""], ""raw"": ""X""}]",,請於開學一週內上班時間0900~1630時至該服務單位報到即可‧,https://course.nuk.edu.tw/QueryCourse/tcontent.asp?OpenYear=111&Helf=2&Sclass=GR&Cono=F15D,2026-08-26T18:26:42+00:00
111-2-GR-F164-A-1-A,111,2,共同與通識課程,GR,共同必修系列,F164,A,大學部,1,A,服務學習培養(語文中心B),0,必,10,10,,0,游明慧,,X,,,,,,,"[{""day"": 1, ""dayName"": ""星期一"", ""periods"": [""X""], ""raw"": ""X""}]",,請於開學一週內上班時間0900~1630時至該服務單位報到即可‧,https://course.nuk.edu.tw/QueryCourse/tcontent.asp?OpenYear=111&Helf=2&Sclass=GR&Cono=F164,2026-08-26T18:26:42+00:00
111-2-GR-F174-A-1-A,111,2,共同與通識課程,GR,共同必修系列,F174,A,大學部,1,A,服務學習培養(推教中心B),0,必,10,10,,0,游明慧,,X,,,,,,,"[{""day"": 1, ""dayName"": ""星期一"", ""periods"": [""X""], ""raw"": ""X""}]",,請於開學一週內上班時間0900~1630時至該服務單位報到即可‧,https://course.nuk.edu.tw/QueryCourse/tcontent.asp?OpenYear=111&Helf=2&Sclass=GR&Cono=F174,2026-08-26T18:26:42+00:00
111-2-GR-F184-A-1-A,111,2,共同與通識課程,GR,共同必修系列,F184,A,大學部,1,A,服務學習培養(通識中心B),0,必,4,4,,0,游明慧,,X,,,,,,,"[{""day"": 1, ""dayName"": ""星期一"", ""periods"": [""X""], ""raw"": ""X""}]",,請於開學一週內上班時間0900~1630時至該服務單位報到即可‧,https://course.nuk.edu.tw/QueryCourse/tcontent.asp?OpenYear=111&Helf=2&Sclass=GR&Cono=F184,2026-08-26T18:26:42+00:00
111-2-GR-F194-A-1-A,111,2,共同與通識課程,GR,共同必修系列,F194,A,大學部,1,A,服務學習培養(研發處B),0,必,7,2,,5,游明慧,,X,,,,,,,"[{""day"": 1, ""dayName"": ""星期一"", ""periods"": [""X""], ""raw"": ""X""}]",,請於開學一週內上班時間0900~1630時至該服務單位報到即可‧,https://course.nuk.edu.tw/QueryCourse/tcontent.asp?OpenYear=111&Helf=2&Sclass=GR&Cono=F194,2026-08-26T18:26:42+00:00
111-2-GR-F224-A-1-A,111,2,共同與通識課程,GR,共同必修系列,F224,A,大學部,1,A,服務學習培養(工學院B),0,必,40,37,,3,游明慧,,X,,,,,,,"[{""day"": 1, ""dayName"": ""星期一"", ""periods"": [""X""], ""raw"": ""X""}]",,請於開學一週內上班時間0900~1630時至該服務單位報到即可‧,https://course.nuk.edu.tw/QueryCourse/tcontent.asp?OpenYear=111&Helf=2&Sclass=GR&Cono=F224,2026-08-26T18:26:42+00:00
111-2-GR-F234-A-1-A,111,2,共同與通識課程,GR,共同必修系列,F234,A,大學部,1,A,服務學習培養(法學院B),0,必,20,19,,1,游明慧,,X,,,,,,,"[{""day"": 1, ""dayName"": ""星期一"", ""periods"": [""X""], ""raw"": ""X""}]",,請於開學一週內上班時間0900~1630時至該服務單位報到即可‧,https://course.nuk.edu.tw/QueryCourse/tcontent.asp?OpenYear=111&Helf=2&Sclass=GR&Cono=F234,2026-08-26T18:26:42+00:00
111-2-GR-F244-A-1-A,111,2,共同與通識課程,GR,共同必修系列,F244,A,大學部,1,A,服務學習培養(管理學院B),0,必,20,20,,0,游明慧,,X,,,,,,,"[{""day"": 1, ""dayName"": ""星期一"", ""periods"": [""X""], ""raw"": ""X""}]",,請於開學一週內上班時間0900~1630時至該服務單位報到即可‧,https://course.nuk.edu.tw/QueryCourse/tcontent.asp?OpenYear=111&Helf=2&Sclass=GR&Cono=F244,2026-08-26T18:26:42+00:00
111-2-GR-F254-A-1-A,111,2,共同與通識課程,GR,共同必修系列,F254,A,大學部,1,A,服務學習培養(理學院B),0,必,30,27,,3,游明慧,,X,,,,,,,"[{""day"": 1, ""dayName"": ""星期一"", ""periods"": [""X""], ""raw"": ""X""}]",,理學院優先並請於開學一週內上班時間0900~1630時至該服務單位報到即可‧,https://course.nuk.edu.tw/QueryCourse/tcontent.asp?OpenYear=111&Helf=2&Sclass=GR&Cono=F254,2026-08-26T18:26:42+00:00
111-2-GR-F264-A-1-A,111,2,共同與通識課程,GR,共同必修系列,F264,A,大學部,1,A,服務學習培養(人文社科院B),0,必,20,16,,4,游明慧,,X,,,,,,,"[{""day"": 1, ""dayName"": ""星期一"", ""periods"": [""X""], ""raw"": ""X""}]",限修,人文社會科學院所屬系所學生優先並請於開學一週內上班時間0900~1630時至該服務單位報到即可‧,https://course.nuk.edu.tw/QueryCourse/tcontent.asp?OpenYear=111&Helf=2&Sclass=GR&Cono=F264,2026-08-26T18:26:42+00:00
111-2-GR-F27B-A-1-A,111,2,共同與通識課程,GR,共同必修系列,F27B,A,大學部,1,A,服務學習培養(國際事務處 招生及推廣組 B),0,必,8,7,,1,游明慧,,X,,,,,,,"[{""day"": 1, ""dayName"": ""星期一"", ""periods"": [""X""], ""raw"": ""X""}]",,請於開學一週內上班時間0900~1630時至該服務單位報到即可‧,https://course.nuk.edu.tw/QueryCourse/tcontent.asp?OpenYear=111&Helf=2&Sclass=GR&Cono=F27B,2026-08-26T18:26:42+00:00
111-2-GR-F27D-A-1-A,111,2,共同與通識課程,GR,共同必修系列,F27D,A,大學部,1,A,服務學習培養(國際事務處 國際交流組 B),0,必,8,7,,1,游明慧,,X,,,,,,,"[{""day"": 1, ""dayName"": ""星期一"", ""periods"": [""X""], ""raw"": ""X""}]",,請於開學一週內上班時間0900~1630時至該服務單位報到即可‧,https://course.nuk.edu.tw/QueryCourse/tcontent.asp?OpenYear=111&Helf=2&Sclass=GR&Cono=F27D,2026-08-26T18:26:42+00:00
111-2-GR-F27F-A-1-A,111,2,共同與通識課程,GR,共同必修系列,F27F,A,大學部,1,A,服務學習培養(國際事務處 國際學生事務組 B),0,必,20,10,,10,游明慧,,X,,,,,,,"[{""day"": 1, ""dayName"": ""星期一"", ""periods"": [""X""], ""raw"": ""X""}]",,"限僑生、陸生及外籍生,並請於開學一週內上班時間0900~1630時至該服務單位報到即可‧",https://course.nuk.edu.tw/QueryCourse/tcontent.asp?OpenYear=111&Helf=2&Sclass=GR&Cono=F27F,2026-08-26T18:26:42+00:00
111-2-GR-F30B-A-1-A,111,2,共同與通識課程,GR,共同必修系列,F30B,A,大學部,1,A,服務學習培養(學務處 課外組 B),0,必,15,15,,0,游明慧,,X,,,,,,,"[{""day"": 1, ""dayName"": ""星期一"", ""periods"": [""X""], ""raw"": ""X""}]",,請於開學一週內上班時間0900~1630時至該服務單位報到即可‧,https://course.nuk.edu.tw/QueryCourse/tcontent.asp?OpenYear=111&Helf=2&Sclass=GR&Cono=F30B,2026-08-26T18:26:42+00:00
111-2-GR-F30N-A-1-A,111,2,共同與通識課程,GR,共同必修系列,F30N,A,大學部,1,A,服務學習培養(學務處 諮涯組 B),0,必,10,10,,0,游明慧,,X,,,,,,,"[{""day"": 1, ""dayName"": ""星期一"", ""periods"": [""X""], ""raw"": ""X""}]",,請於開學一週內上班時間0900~1630時至該服務單位報到即可‧,https://course.nuk.edu.tw/QueryCourse/tcontent.asp?OpenYear=111&Helf=2&Sclass=GR&Cono=F30N,2026-08-26T18:26:42+00:00
111-2-GR-F31B-A-1-A,111,2,共同與通識課程,GR,共同必修系列,F31B,A,大學部,1,A,服務學習培養(總務處 文書組 B),0,必,5,5,,0,游明慧,,X,,,,,,,"[{""day"": 1, ""dayName"": ""星期一"", ""periods"": [""X""], ""raw"": ""X""}]",,請於開學一週內上班時間0900~1630時至該服務單位報到即可‧需會基本中文打字,https://course.nuk.edu.tw/QueryCourse/tcontent.asp?OpenYear=111&Helf=2&Sclass=GR&Cono=F31B,2026-08-26T18:26:42+00:00
111-2-GR-F31F-A-1-A,111,2,共同與通識課程,GR,共同必修系列,F31F,A,大學部,1,A,服務學習培養(總務處 事務組 B),0,必,7,7,,0,游明慧,,X,,,,,,,"[{""day"": 1, ""dayName"": ""星期一"", ""periods"": [""X""], ""raw"": ""X""}]",限修,請於開學一週內上班時間0900~1630時至該服務單位報到即可‧,https://course.nuk.edu.tw/QueryCourse/tcontent.asp?OpenYear=111&Helf=2&Sclass=GR&Cono=F31F,2026-08-26T18:26:42+00:00
111-2-GR-F31H-A-1-A,111,2,共同與通識課程,GR,共同必修系列,F31H,A,大學部,1,A,服務學習培養(總務處 出納組 B),0,必,2,2,,0,游明慧,,X,,,,,,,"[{""day"": 1, ""dayName"": ""星期一"", ""periods"": [""X""], ""raw"": ""X""}]",,請於開學一週內上班時間0900~1630時至該服務單位報到即可‧,https://course.nuk.edu.tw/QueryCourse/tcontent.asp?OpenYear=111&Helf=2&Sclass=GR&Cono=F31H,2026-08-26T18:26:42+00:00
111-2-GR-F322-A-1-A,111,2,共同與通識課程,GR,共同必修系列,F322,A,大學部,1,A,服務學習培養(圖書資訊館 B),0,必,25,25,,0,游明慧,,X,,,,,,,"[{""day"": 1, ""dayName"": ""星期一"", ""periods"": [""X""], ""raw"": ""X""}]",,請於開學一週內上班時間0900~1630時至該服務單位報到即可‧,https://course.nuk.edu.tw/QueryCourse/tcontent.asp?OpenYear=111&Helf=2&Sclass=GR&Cono=F322,2026-08-26T18:26:42+00:00
111-2-GR-F32B-A-1-A,111,2,共同與通識課程,GR,共同必修系列,F32B,A,大學部,1,A,服務學習培養(圖書資訊館 典藏閱覽組 B),0,必,20,20,,0,游明慧,,X,,,,,,,"[{""day"": 1, ""dayName"": ""星期一"", ""periods"": [""X""], ""raw"": ""X""}]",,請於開學一週內上班時間0900~1630時至該服務單位報到即可‧限大一~大三學生選修(大四學生請勿選),https://course.nuk.edu.tw/QueryCourse/tcontent.asp?OpenYear=111&Helf=2&Sclass=GR&Cono=F32B,2026-08-26T18:26:42+00:00
111-2-GR-F32F-A-1-A,111,2,共同與通識課程,GR,共同必修系列,F32F,A,大學部,1,A,服務學習培養(圖書資訊館 採購編目組 B),0,必,8,8,,0,游明慧,,X,,,,,,,"[{""day"": 1, ""dayName"": ""星期一"", ""periods"": [""X""], ""raw"": ""X""}]",,請於開學一週內上班時間0900~1630時至該服務單位報到即可‧,https://course.nuk.edu.tw/QueryCourse/tcontent.asp?OpenYear=111&Helf=2&Sclass=GR&Cono=F32F,2026-08-26T18:26:42+00:00
111-2-GR-F332-A-1-A,111,2,共同與通識課程,GR,共同必修系列,F332,A,大學部,1,A,服務學習培養(人事室 B),0,必,8,6,,2,游明慧,,X,,,,,,,"[{""day"": 1, ""dayName"": ""星期一"", ""periods"": [""X""], ""raw"": ""X""}]",,請於開學一週內上班時間0900~1630時至該服務單位報到即可‧,https://course.nuk.edu.tw/QueryCourse/tcontent.asp?OpenYear=111&Helf=2&Sclass=GR&Cono=F332,2026-08-26T18:26:42+00:00
111-2-GR-F334-A-1-A,111,2,共同與通識課程,GR,共同必修系列,F334,A,大學部,1,A,服務學習培養(主計室 B),0,必,20,20,,0,游明慧,,X,,,,,,,"[{""day"": 1, ""dayName"": ""星期一"", ""periods"": [""X""], ""raw"": ""X""}]",,請於開學一週內上班時間0900~1630時至該服務單位報到即可‧,https://course.nuk.edu.tw/QueryCourse/tcontent.asp?OpenYear=111&Helf=2&Sclass=GR&Cono=F334,2026-08-26T18:26:42+00:00
111-2-GR-F342-A-1-A,111,2,共同與通識課程,GR,共同必修系列,F342,A,大學部,1,A,服務學習培養(學生綜合宿舍 B),0,必,25,25,,0,游明慧,,X,,,,,,,"[{""day"": 1, ""dayName"": ""星期一"", ""periods"": [""X""], ""raw"": ""X""}]",,限住該棟同學選修並於開學第一週周五前至學二宿舍辦公室報到。,https://course.nuk.edu.tw/QueryCourse/tcontent.asp?OpenYear=111&Helf=2&Sclass=GR&Cono=F342,2026-08-26T18:26:42+00:00
111-2-GR-F34B-A-1-A,111,2,共同與通識課程,GR,共同必修系列,F34B,A,大學部,1,A,服務學習培養(學生第一宿舍男棟 B),0,必,25,24,,1,游明慧,,X,,,,,,,"[{""day"": 1, ""dayName"": ""星期一"", ""periods"": [""X""], ""raw"": ""X""}]",,限住該棟男同學選修並於開學第一週周五前至學二宿舍辦公室報到。,https://course.nuk.edu.tw/QueryCourse/tcontent.asp?OpenYear=111&Helf=2&Sclass=GR&Cono=F34B,2026-08-26T18:26:42+00:00
111-2-GR-F34D-A-1-A,111,2,共同與通識課程,GR,共同必修系列,F34D,A,大學部,1,A,服務學習培養(學生第一宿舍女棟 B),0,必,25,24,,1,游明慧,,X,,,,,,,"[{""day"": 1, ""dayName"": ""星期一"", ""periods"": [""X""], ""raw"": ""X""}]",,限住該棟女同學選修並於開學第一週周五前至學二宿舍辦公室報到。,https://course.nuk.edu.tw/QueryCourse/tcontent.asp?OpenYear=111&Helf=2&Sclass=GR&Cono=F34D,2026-08-26T18:26:42+00:00
111-2-GR-F34F-A-1-A,111,2,共同與通識課程,GR,共同必修系列,F34F,A,大學部,1,A,服務學習培養(學生第二宿舍男棟 B),0,必,25,21,,4,游明慧,,X,,,,,,,"[{""day"": 1, ""dayName"": ""星期一"", ""periods"": [""X""], ""raw"": ""X""}]",,限住該棟男同學選修並於開學第一週周五前至學二宿舍辦公室報到。,https://course.nuk.edu.tw/QueryCourse/tcontent.asp?OpenYear=111&Helf=2&Sclass=GR&Cono=F34F,2026-08-26T18:26:42+00:00
111-2-GR-F34H-A-1-A,111,2,共同與通識課程,GR,共同必修系列,F34H,A,大學部,1,A,服務學習培養(學生第二宿舍女棟 B),0,必,25,23,,2,游明慧,,X,,,,,,,"[{""day"": 1, ""dayName"": ""星期一"", ""periods"": [""X""], ""raw"": ""X""}]",,限住該棟女同學選修並於開學第一週周五前至學二宿舍辦公室報到。,https://course.nuk.edu.tw/QueryCourse/tcontent.asp?OpenYear=111&Helf=2&Sclass=GR&Cono=F34H,2026-08-26T18:26:42+00:00
111-2-GR-F408-A-1-A,111,2,共同與通識課程,GR,共同必修系列,F408,A,大學部,1,A,服務學習培養(寵物研究社-服務B),0,必,30,30,,0,蔡幸致,,X,,,,,,,"[{""day"": 1, ""dayName"": ""星期一"", ""periods"": [""X""], ""raw"": ""X""}]",,1.本課程為校內社團課程及校外服務，請有意願修習本課程同學務必要配合社團社課時間，若無意願且時間無法配合，請勿修習本課程。 2.社課時間請聯絡社長康昱翔同學。請在早上8點至17點間撥打0908-223-383 3. 課程期間要服務滿18小時，並且於期末填寫期中、期未反思表，未服務滿18小時及未填反思表者不予計分。,https://course.nuk.edu.tw/QueryCourse/tcontent.asp?OpenYear=111&Helf=2&Sclass=GR&Cono=F408,2026-08-26T18:26:42+00:00
111-2-GR-F40D-A-1-A,111,2,共同與通識課程,GR,共同必修系列,F40D,A,大學部,1,A,服務學習培養(希望種籽社-服務B),0,必,25,21,,4,蔡幸致,,X,,,,,,,"[{""day"": 1, ""dayName"": ""星期一"", ""periods"": [""X""], ""raw"": ""X""}]",外加,1.本課程為校內社團課程及校外服務，請有意願修習本課程同學務必要配合社團社課時間，若無意願且時間無法配合，請勿修習本課程。 2.社課時間請聯絡社長林昱妤同學，請在早上8點至17點間撥打0975-245-767。 3.課程期間要服務滿18小時，並且於期末填寫期中、期未反思表，未服務滿18小時及未填反思表者不予計分。,https://course.nuk.edu.tw/QueryCourse/tcontent.asp?OpenYear=111&Helf=2&Sclass=GR&Cono=F40D,2026-08-26T18:26:42+00:00
111-2-GR-F40N-A-1-A,111,2,共同與通識課程,GR,共同必修系列,F40N,A,大學部,1,A,服務學習培養(學生會-服務B),0,必,26,26,,0,蔡幸致,,X,,,,,,,"[{""day"": 1, ""dayName"": ""星期一"", ""periods"": [""X""], ""raw"": ""X""}]",外加,1.本課程為校內社團課程及校外服務，請有意願修習本課程同學務必要配合社團社課時間，若無意願且時間無法配合，請勿修習本課程。 2.社課時間請聯絡會長莊承諺同學，請在早上8點至17點間撥打0965-294-688。 3. 課程期間要服務滿18小時，並且於期末填寫期中、期未反思表，未服務滿18小時及未填反思表者不予計分,https://course.nuk.edu.tw/QueryCourse/tcontent.asp?OpenYear=111&Helf=2&Sclass=GR&Cono=F40N,2026-08-26T18:26:42+00:00
111-2-GR-F40V-A-1-A,111,2,共同與通識課程,GR,共同必修系列,F40V,A,大學部,1,A,服務學習培養(春暉社-服務B),0,必,15,15,,0,蔡幸致,,X,,,,,,,"[{""day"": 1, ""dayName"": ""星期一"", ""periods"": [""X""], ""raw"": ""X""}]",,1.本課程為校內社團課程及校外服務，請有意願修習本課程同學務必要配合社團社課時間，若無意願且時間無法配合，請勿修習本課程。 2. 社課時間請聯絡顏文進教官，請在早上8點至17點間撥打07-591-9054，或社長施宏強同學，撥打0908-230-206。 3.課程期間要服務滿18小時，並且於期末填寫期中、期未反思表，未服務滿18小時及未填反思表者不予計分。,https://course.nuk.edu.tw/QueryCourse/tcontent.asp?OpenYear=111&Helf=2&Sclass=GR&Cono=F40V,2026-08-26T18:26:42+00:00
111-2-GR-F40X-A-1-A,111,2,共同與通識課程,GR,共同必修系列,F40X,A,大學部,1,A,服務學習培養(書法社-服務B),0,必,10,2,,8,蔡幸致,,X,,,,,,,"[{""day"": 1, ""dayName"": ""星期一"", ""periods"": [""X""], ""raw"": ""X""}]",,1.本課程為校內社團課程及校外服務，請有意願修本課同學一定要配合社團社課時間，同學若無意願且無法配合時間者，請勿（不要）修本課程。2.社課時間請聯絡社長陳威丞同學，請在8點至17點間撥打0909000625。3.課程時間要上滿18小時，並且於期未時填期中、期未反思表，未做滿18小時及未填反思表者不計分。,https://course.nuk.edu.tw/QueryCourse/tcontent.asp?OpenYear=111&Helf=2&Sclass=GR&Cono=F40X,2026-08-26T18:26:42+00:00
111-2-GR-F41B-A-1-A,111,2,共同與通識課程,GR,共同必修系列,F41B,A,大學部,1,A,服務學習培養(愛鄰社-服務B),0,必,14,4,,10,蔡幸致,,X,,,,,,,"[{""day"": 1, ""dayName"": ""星期一"", ""periods"": [""X""], ""raw"": ""X""}]",,1.本課程為校內社團課程及校外服務，請有意願修習本課程同學務必要配合社團社課時間，若無意願且時間無法配合，請勿修習本課程。 2.社課時間請聯絡社長蔡翔宇同學，請在早上8點至17點間撥打0903-000-625。 3. 課程期間要服務滿18小時，並且於期末填寫期中、期未反思表，未服務滿18小時及未填反思表者不予計分。,https://course.nuk.edu.tw/QueryCourse/tcontent.asp?OpenYear=111&Helf=2&Sclass=GR&Cono=F41B,2026-08-26T18:26:42+00:00
111-2-GR-F41F-A-1-A,111,2,共同與通識課程,GR,共同必修系列,F41F,A,大學部,1,A,服務學習培養(崇德青年志工社-服務B),0,必,15,0,,15,蔡幸致,,X,,,,,,,"[{""day"": 1, ""dayName"": ""星期一"", ""periods"": [""X""], ""raw"": ""X""}]",,1.本課程為校內社團課程及校外服務，請有意願修習本課程同學務必要配合社團社課時間，若無意願且時間無法配合，請勿修習本課程。 2.社課時間請聯絡社長郭宇翔同學，請在早上8點至17點間撥打0936526092。 3.課程期間要服務滿18小時，並且於期末填寫期中、期未反思表，未服務滿18小時及未填反思表者不予計分。,https://course.nuk.edu.tw/QueryCourse/tcontent.asp?OpenYear=111&Helf=2&Sclass=GR&Cono=F41F,2026-08-26T18:26:42+00:00
111-2-GR-F41J-A-1-A,111,2,共同與通識課程,GR,共同必修系列,F41J,A,大學部,1,A,服務學習培養(小水獺維修站-服務B),0,必,10,6,,4,蔡幸致,,X,,,,,,,"[{""day"": 1, ""dayName"": ""星期一"", ""periods"": [""X""], ""raw"": ""X""}]",,1.本課程為校內社團課程及校外服務，請有意願修習本課程同學務必要配合社團社課時間，若無意願且時間無法配合，請勿修習本課程。 2.社課時間請聯絡社長饒頤萱同學，請在早上8點至17點間撥打0905-107-940。 3.課程期間要服務滿18小時，並且於期末填寫期中、期未反思表，未服務滿18小時及未填反思表者不予計分。,https://course.nuk.edu.tw/QueryCourse/tcontent.asp?OpenYear=111&Helf=2&Sclass=GR&Cono=F41J,2026-08-26T18:26:42+00:00
111-2-GR-ME01-A-1-A,111,2,共同與通識課程,GR,共同必修系列,ME01,A,大學部,1,A,進階英文,0,選,50,21,,29,吳苡菱,B01-106,"3,4",,,,,,,"[{""day"": 1, ""dayName"": ""星期一"", ""periods"": [""3"", ""4""], ""raw"": ""3,4""}]",先修 禁止外加 限修,英文能力畢業資格檢定2次未通過，且修畢英語會話與閱讀及格，方得選課，每人限修一門,https://course.nuk.edu.tw/QueryCourse/tcontent.asp?OpenYear=111&Helf=2&Sclass=GR&Cono=ME01,2026-08-26T18:26:42+00:00
111-2-GR-ME02-A-1-A,111,2,共同與通識課程,GR,共同必修系列,ME02,A,大學部,1,A,進階英文,0,選,51,44,,7,吳苡菱,B01-106,"5,6",,,,,,,"[{""day"": 1, ""dayName"": ""星期一"", ""periods"": [""5"", ""6""], ""raw"": ""5,6""}]",先修 禁止外加 限修,英文能力畢業資格檢定2次未通過，且修畢英語會話與閱讀及格，方得選課，每人限修一門,https://course.nuk.edu.tw/QueryCourse/tcontent.asp?OpenYear=111&Helf=2&Sclass=GR&Cono=ME02,2026-08-26T18:26:42+00:00
111-2-GR-S11B-A-1-A,111,2,共同與通識課程,GR,共同必修系列,S11B,A,大學部,1,A,體育(二)-西語系,0,必,60,32,,28,蔡義川,,"3,4",,,,,,,"[{""day"": 1, ""dayName"": ""星期一"", ""periods"": [""3"", ""4""], ""raw"": ""3,4""}]",禁止外加 限修,籃球/羽球 / 大三、四重補修學生請於第三階段直接上網選課，不用再到通識中心加簽。注意:上、下學期選項重覆選修不算學分。,https://course.nuk.edu.tw/QueryCourse/tcontent.asp?OpenYear=111&Helf=2&Sclass=GR&Cono=S11B,2026-08-26T18:26:42+00:00
111-2-GR-S12B-A-1-A,111,2,共同與通識課程,GR,共同必修系列,S12B,A,大學部,1,A,體育(二)-運健休系,0,必,60,53,,7,高群超,,,,,"3,4",,,,"[{""day"": 4, ""dayName"": ""星期四"", ""periods"": [""3"", ""4""], ""raw"": ""3,4""}]",禁止外加 限修,匹克球(學生活動中心)//羽球 / 大三、四重補修學生請於第三階段直接上網選課，不用再到通識中心加簽。注意:上、下學期選項重覆選修不算學分。,https://course.nuk.edu.tw/QueryCourse/tcontent.asp?OpenYear=111&Helf=2&Sclass=GR&Cono=S12B,2026-08-26T18:26:42+00:00
111-2-GR-S17B-A-1-A,111,2,共同與通識課程,GR,共同必修系列,S17B,A,大學部,1,A,體育(二)-東語系,0,必,60,54,,6,蔡春福,,,,,,"3,4",,,"[{""day"": 5, ""dayName"": ""星期五"", ""periods"": [""3"", ""4""], ""raw"": ""3,4""}]",禁止外加 限修,木球/桌球 /大三、四重補修學生請於第三階段直接上網選課，不用再到通識中心加簽。注意:上、下學期選項重覆選修不算學分。,https://course.nuk.edu.tw/QueryCourse/tcontent.asp?OpenYear=111&Helf=2&Sclass=GR&Cono=S17B,2026-08-26T18:26:42+00:00
111-2-GR-S18B-A-1-A,111,2,共同與通識課程,GR,共同必修系列,S18B,A,大學部,1,A,體育(二)-運技系,0,必,60,53,,7,施長和,,,,,"1,2",,,,"[{""day"": 4, ""dayName"": ""星期四"", ""periods"": [""1"", ""2""], ""raw"": ""1,2""}]",禁止外加 限修,籃球/排球 /大三、四重補修學生請於第三階段直接上網選課，不用再到通識中心加簽。注意:上、下學期選項重覆選修不算學分。,https://course.nuk.edu.tw/QueryCourse/tcontent.asp?OpenYear=111&Helf=2&Sclass=GR&Cono=S18B,2026-08-26T18:26:42+00:00
111-2-GR-S21B-A-1-A,111,2,共同與通識課程,GR,共同必修系列,S21B,A,大學部,1,A,體育(二)-法律系,0,必,60,57,,3,王士仁,,,,,"1,2",,,,"[{""day"": 4, ""dayName"": ""星期四"", ""periods"": [""1"", ""2""], ""raw"": ""1,2""}]",禁止外加 限修及外加,桌球/木球 / 大三、四重補修學生請於第三階段直接上網選課，不用再到通識中心加簽。注意:上、下學期選項重覆選修不算學分。,https://course.nuk.edu.tw/QueryCourse/tcontent.asp?OpenYear=111&Helf=2&Sclass=GR&Cono=S21B,2026-08-26T18:26:42+00:00
111-2-GR-S22B-A-1-A,111,2,共同與通識課程,GR,共同必修系列,S22B,A,大學部,1,A,體育(二)-政法系,0,必,60,48,,12,林文俊,,,"1,2",,,,,,"[{""day"": 2, ""dayName"": ""星期二"", ""periods"": [""1"", ""2""], ""raw"": ""1,2""}]",禁止外加 限修,籃球/排球/大三、四重補修學生請於第三階段直接上網選課，不用再到通識中心加簽。注意:上、下學期選項重覆選修不算學分。,https://course.nuk.edu.tw/QueryCourse/tcontent.asp?OpenYear=111&Helf=2&Sclass=GR&Cono=S22B,2026-08-26T18:26:42+00:00
111-2-GR-S23B-A-1-A,111,2,共同與通識課程,GR,共同必修系列,S23B,A,大學部,1,A,體育(二)-財法系,0,必,60,50,,10,王士仁,,,,,"3,4",,,,"[{""day"": 4, ""dayName"": ""星期四"", ""periods"": [""3"", ""4""], ""raw"": ""3,4""}]",禁止外加 限修,桌球/木球 / 大三、四重補修學生請於第三階段直接上網選課，不用再到通識中心加簽。注意:上、下學期選項重覆選修不算學分。,https://course.nuk.edu.tw/QueryCourse/tcontent.asp?OpenYear=111&Helf=2&Sclass=GR&Cono=S23B,2026-08-26T18:26:42+00:00
111-2-GR-S31B-A-1-A,111,2,共同與通識課程,GR,共同必修系列,S31B,A,大學部,1,A,體育(二)-應經系,0,必,60,57,,3,王士仁,,,,"3,4",,,,,"[{""day"": 3, ""dayName"": ""星期三"", ""periods"": [""3"", ""4""], ""raw"": ""3,4""}]",禁止外加 限修,桌球/木球 / 大三、四重補修學生請於第三階段直接上網選課，不用再到通識中心加簽。注意:上、下學期選項重覆選修不算學分。,https://course.nuk.edu.tw/QueryCourse/tcontent.asp?OpenYear=111&Helf=2&Sclass=GR&Cono=S31B,2026-08-26T18:26:42+00:00
111-2-GR-S32B-A-1-A,111,2,共同與通識課程,GR,共同必修系列,S32B,A,大學部,1,A,體育(二)-金管系,0,必,60,60,,0,蔡文星,,"3,4",,,,,,,"[{""day"": 1, ""dayName"": ""星期一"", ""periods"": [""3"", ""4""], ""raw"": ""3,4""}]",禁止外加 限修,網球/飛盤 / 大三、四重補修學生請於第三階段直接上網選課，不用再到通識中心加簽。注意:上、下學期選項重覆選修不算學分。,https://course.nuk.edu.tw/QueryCourse/tcontent.asp?OpenYear=111&Helf=2&Sclass=GR&Cono=S32B,2026-08-26T18:26:42+00:00
111-2-GR-S33B-A-1-A,111,2,共同與通識課程,GR,共同必修系列,S33B,A,大學部,1,A,體育(二)-資管系,0,必,61,61,,0,高群超,,,"3,4",,,,,,"[{""day"": 2, ""dayName"": ""星期二"", ""periods"": [""3"", ""4""], ""raw"": ""3,4""}]",禁止外加 限修,匹克球(學生活動中心)/羽球 / 大三、四重補修學生請於第三階段直接上網選課，不用再到通識中心加簽。注意:上、下學期選項重覆選修不算學分。,https://course.nuk.edu.tw/QueryCourse/tcontent.asp?OpenYear=111&Helf=2&Sclass=GR&Cono=S33B,2026-08-26T18:26:42+00:00
111-2-GR-S41B-A-1-A,111,2,共同與通識課程,GR,共同必修系列,S41B,A,大學部,1,A,體育(二)-應數系,0,必,61,47,,14,黃孟立,,,,,,"7,8",,,"[{""day"": 5, ""dayName"": ""星期五"", ""periods"": [""7"", ""8""], ""raw"": ""7,8""}]",禁止外加 限修及外加,羽球(學生活動中心)/桌球 / 大三、四重補修學生請於第三階段直接上網選課，不用再到通識中心加簽。注意:上、下學期選項重覆選修不算學分。,https://course.nuk.edu.tw/QueryCourse/tcontent.asp?OpenYear=111&Helf=2&Sclass=GR&Cono=S41B,2026-08-26T18:26:42+00:00
111-2-GR-S42B-A-1-A,111,2,共同與通識課程,GR,共同必修系列,S42B,A,大學部,1,A,體育(二)-應化系,0,必,61,53,,8,黃孟立,,,,,,"5,6",,,"[{""day"": 5, ""dayName"": ""星期五"", ""periods"": [""5"", ""6""], ""raw"": ""5,6""}]",禁止外加 限修及外加,羽球(學生活動中心)/桌球 / 大三、四重補修學生請於第三階段直接上網選課，不用再到通識中心加簽。注意:上、下學期選項重覆選修不算學分。,https://course.nuk.edu.tw/QueryCourse/tcontent.asp?OpenYear=111&Helf=2&Sclass=GR&Cono=S42B,2026-08-26T18:26:42+00:00
111-2-GR-S43B-A-1-A,111,2,共同與通識課程,GR,共同必修系列,S43B,A,大學部,1,A,體育(二)-應物系,0,必,60,54,,6,黃蔚,,"3,4",,,,,,,"[{""day"": 1, ""dayName"": ""星期一"", ""periods"": [""3"", ""4""], ""raw"": ""3,4""}]",禁止外加 限修,排球/籃球 / 大三、四重補修學生請於第三階段直接上網選課，不用再到通識中心加簽。注意:上、下學期選項重覆選修不算學分。,https://course.nuk.edu.tw/QueryCourse/tcontent.asp?OpenYear=111&Helf=2&Sclass=GR&Cono=S43B,2026-08-26T18:26:42+00:00
111-2-GR-S51B-A-1-A,111,2,共同與通識課程,GR,共同必修系列,S51B,A,大學部,1,A,體育(二)-電機A,0,必,60,53,,7,耿仕榮,,,,"3,4",,,,,"[{""day"": 3, ""dayName"": ""星期三"", ""periods"": [""3"", ""4""], ""raw"": ""3,4""}]",禁止外加 限修,排球/足球 /大三、四重補修學生請於第三階段直接上網選課，不用再到通識中心加簽。注意:上、下學期選項重覆選修不算學分。,https://course.nuk.edu.tw/QueryCourse/tcontent.asp?OpenYear=111&Helf=2&Sclass=GR&Cono=S51B,2026-08-26T18:26:42+00:00
111-2-GR-S51D-A-1-B,111,2,共同與通識課程,GR,共同必修系列,S51D,A,大學部,1,B,體育(二)-電機B,0,必,60,58,,2,施長和,,,,"3,4",,,,,"[{""day"": 3, ""dayName"": ""星期三"", ""periods"": [""3"", ""4""], ""raw"": ""3,4""}]",禁止外加 限修及外加,籃球/桌球 / 大三、四重補修學生請於第三階段直接上網選課，不用再到通識中心加簽。注意:上、下學期選項重覆選修不算學分。,https://course.nuk.edu.tw/QueryCourse/tcontent.asp?OpenYear=111&Helf=2&Sclass=GR&Cono=S51D,2026-08-26T18:26:42+00:00
111-2-GR-S52B-A-1-A,111,2,共同與通識課程,GR,共同必修系列,S52B,A,大學部,1,A,體育(二)-土環系A,0,必,60,50,,10,蔡春福,,,,,,"5,6",,,"[{""day"": 5, ""dayName"": ""星期五"", ""periods"": [""5"", ""6""], ""raw"": ""5,6""}]",禁止外加 限修,桌球/木球 / 大三、四重補修學生請於第三階段直接上網選課，不用再到通識中心加簽。注意:上、下學期選項重覆選修不算學分。,https://course.nuk.edu.tw/QueryCourse/tcontent.asp?OpenYear=111&Helf=2&Sclass=GR&Cono=S52B,2026-08-26T18:26:42+00:00
111-2-GR-S55B-A-1-A,111,2,共同與通識課程,GR,共同必修系列,S55B,A,大學部,1,A,體育(二)-資工系,0,必,60,46,,14,黃孟立,,,,,,"3,4",,,"[{""day"": 5, ""dayName"": ""星期五"", ""periods"": [""3"", ""4""], ""raw"": ""3,4""}]",禁止外加 限修,匹克球(學生活動中心)/羽球 /大三、四重補修學生請於第三階段直接上網選課，不用再到通識中心加簽。注意:上、下學期選項重覆選修不算學分。,https://course.nuk.edu.tw/QueryCourse/tcontent.asp?OpenYear=111&Helf=2&Sclass=GR&Cono=S55B,2026-08-26T18:26:42+00:00
111-2-GR-S56B-A-1-A,111,2,共同與通識課程,GR,共同必修系列,S56B,A,大學部,1,A,體育(二)-化材系,0,必,60,41,,19,許維哲,,,,,,"5,6",,,"[{""day"": 5, ""dayName"": ""星期五"", ""periods"": [""5"", ""6""], ""raw"": ""5,6""}]",禁止外加 限修,籃球/排球 / 大三、四重補修學生請於第三階段直接上網選課，不用再到通識中心加簽。注意:上、下學期選項重覆選修不算學分。,https://course.nuk.edu.tw/QueryCourse/tcontent.asp?OpenYear=111&Helf=2&Sclass=GR&Cono=S56B,2026-08-26T18:26:42+00:00
111-2-GR-S61B-A-1-A,111,2,共同與通識課程,GR,共同必修系列,S61B,A,大學部,1,A,體育(二)-生科系,0,必,60,55,,5,黃郁玲,,,,"3,4",,,,,"[{""day"": 3, ""dayName"": ""星期三"", ""periods"": [""3"", ""4""], ""raw"": ""3,4""}]",禁止外加 限修,羽球(學生活動中心)/網球 / 大三、四重補修學生請於第三階段直接上網選課，不用再到通識中心加簽。注意:上、下學期選項重覆選修不算學分。,https://course.nuk.edu.tw/QueryCourse/tcontent.asp?OpenYear=111&Helf=2&Sclass=GR&Cono=S61B,2026-08-26T18:26:42+00:00
111-2-GR-S71B-A-1-A,111,2,共同與通識課程,GR,共同必修系列,S71B,A,大學部,1,A,體育(二)-亞太系,0,必,60,53,,7,王士仁,,,,,,"3,4",,,"[{""day"": 5, ""dayName"": ""星期五"", ""periods"": [""3"", ""4""], ""raw"": ""3,4""}]",禁止外加 限修,桌球/木球 / 大三、四重補修學生請於第三階段直接上網選課，不用再到通識中心加簽。注意:上、下學期選項重覆選修不算學分。,https://course.nuk.edu.tw/QueryCourse/tcontent.asp?OpenYear=111&Helf=2&Sclass=GR&Cono=S71B,2026-08-26T18:26:42+00:00
111-2-GR-SB01-A-2-A,111,2,共同與通識課程,GR,共同必修系列,SB01,A,大學部,2,A,體育(四)-網球A,0,必,55,55,,0,黃郁玲,,,,"5,6",,,,,"[{""day"": 3, ""dayName"": ""星期三"", ""periods"": [""5"", ""6""], ""raw"": ""5,6""}]",禁止外加 限修,限應物二、應經二、金管二、土環二選修。大三、四重補修學生請於第三階段直接上網選課，不用再到通識中心加簽。注意:上、下學期選項重覆選修不算學分。,https://course.nuk.edu.tw/QueryCourse/tcontent.asp?OpenYear=111&Helf=2&Sclass=GR&Cono=SB01,2026-08-26T18:26:42+00:00
111-2-GR-SB11-A-2-A,111,2,共同與通識課程,GR,共同必修系列,SB11,A,大學部,2,A,體育(四)-桌球A,0,必,55,55,,0,蔡春福,,"1,2",,,,,,,"[{""day"": 1, ""dayName"": ""星期一"", ""periods"": [""1"", ""2""], ""raw"": ""1,2""}]",禁止外加 限修,限西語二、法律二、財法二、應數二、生科二選修。大三、四重補修學生請於第三階段直接上網選課，不用再到通識中心加簽。注意:上、下學期選項重覆選修不算學分。,https://course.nuk.edu.tw/QueryCourse/tcontent.asp?OpenYear=111&Helf=2&Sclass=GR&Cono=SB11,2026-08-26T18:26:42+00:00
111-2-GR-SB12-A-2-A,111,2,共同與通識課程,GR,共同必修系列,SB12,A,大學部,2,A,體育(四)-桌球B,0,必,56,55,,1,馮潤賓,,,,"1,2",,,,,"[{""day"": 3, ""dayName"": ""星期三"", ""periods"": [""1"", ""2""], ""raw"": ""1,2""}]",禁止外加 限修及外加,限藝創二、建築二、東語二、運健休二、政法二選修。大三、四重補修學生請於第三階段直接上網選課，不用再到通識中心加簽。注意:上、下學期選項重覆選修不算學分。,https://course.nuk.edu.tw/QueryCourse/tcontent.asp?OpenYear=111&Helf=2&Sclass=GR&Cono=SB12,2026-08-26T18:26:42+00:00
111-2-GR-SB13-A-2-A,111,2,共同與通識課程,GR,共同必修系列,SB13,A,大學部,2,A,體育(四)-桌球C,0,必,55,51,,4,蔡春福,,,,,,"1,2",,,"[{""day"": 5, ""dayName"": ""星期五"", ""periods"": [""1"", ""2""], ""raw"": ""1,2""}]",禁止外加 限修及外加,限運技二、資管二、應化二、資工二、化材二選修。大三、四重補修學生請於第三階段直接上網選課，不用再到通識中心加簽。注意:上、下學期選項重覆選修不算學分。,https://course.nuk.edu.tw/QueryCourse/tcontent.asp?OpenYear=111&Helf=2&Sclass=GR&Cono=SB13,2026-08-26T18:26:42+00:00
111-2-GR-SB21-A-2-A,111,2,共同與通識課程,GR,共同必修系列,SB21,A,大學部,2,A,體育(四)-木球A,0,必,55,55,,0,王士仁,,,,"1,2",,,,,"[{""day"": 3, ""dayName"": ""星期三"", ""periods"": [""1"", ""2""], ""raw"": ""1,2""}]",禁止外加 限修,限藝創二、建築二、東語二、運健休二、政法二選修。大三、四重補修學生請於第三階段直接上網選課，不用再到通識中心加簽。注意:上、下學期選項重覆選修不算學分。,https://course.nuk.edu.tw/QueryCourse/tcontent.asp?OpenYear=111&Helf=2&Sclass=GR&Cono=SB21,2026-08-26T18:26:42+00:00
111-2-GR-SB22-A-2-A,111,2,共同與通識課程,GR,共同必修系列,SB22,A,大學部,2,A,體育(四)-木球B,0,必,55,55,,0,王士仁,,,,"5,6",,,,,"[{""day"": 3, ""dayName"": ""星期三"", ""periods"": [""5"", ""6""], ""raw"": ""5,6""}]",禁止外加 限修,限應物二、應經二、金管二、土環二選修。大三、四重補修學生請於第三階段直接上網選課，不用再到通識中心加簽。注意:上、下學期選項重覆選修不算學分。,https://course.nuk.edu.tw/QueryCourse/tcontent.asp?OpenYear=111&Helf=2&Sclass=GR&Cono=SB22,2026-08-26T18:26:42+00:00
111-2-GR-SB23-A-2-A,111,2,共同與通識課程,GR,共同必修系列,SB23,A,大學部,2,A,體育(四)-木球C,0,必,55,55,,0,王士仁,,,,,,"1,2",,,"[{""day"": 5, ""dayName"": ""星期五"", ""periods"": [""1"", ""2""], ""raw"": ""1,2""}]",禁止外加 限修,限運技二、資管二、應化二、資工二、化材二選修。大三、四重補修學生請於第三階段直接上網選課，不用再到通識中心加簽。注意:上、下學期選項重覆選修不算學分。,https://course.nuk.edu.tw/QueryCourse/tcontent.asp?OpenYear=111&Helf=2&Sclass=GR&Cono=SB23,2026-08-26T18:26:42+00:00
111-2-GR-SB31-A-2-A,111,2,共同與通識課程,GR,共同必修系列,SB31,A,大學部,2,A,體育(四)-羽球A,0,必,56,56,,0,高群超,,,"5,6",,,,,,"[{""day"": 2, ""dayName"": ""星期二"", ""periods"": [""5"", ""6""], ""raw"": ""5,6""}]",禁止外加 限修及外加,限電機二A、電機二B、亞太二選修/上課地點:學生活動中心。大三、四重補修學生請於第三階段直接上網選課，不用再到通識中心加簽。注意:上、下學期選項重覆選修不算學分。,https://course.nuk.edu.tw/QueryCourse/tcontent.asp?OpenYear=111&Helf=2&Sclass=GR&Cono=SB31,2026-08-26T18:26:42+00:00
111-2-GR-SB32-A-2-A,111,2,共同與通識課程,GR,共同必修系列,SB32,A,大學部,2,A,體育(四)-羽球B,0,必,55,55,,0,黃郁玲,,,,"1,2",,,,,"[{""day"": 3, ""dayName"": ""星期三"", ""periods"": [""1"", ""2""], ""raw"": ""1,2""}]",禁止外加 限修,限藝創二、建築二、東語二、運健休二、政法二選修/上課地點:學生活動中心。大三、四重補修學生請於第三階段直接上網選課，不用再到通識中心加簽。注意:上、下學期選項重覆選修不算學分。,https://course.nuk.edu.tw/QueryCourse/tcontent.asp?OpenYear=111&Helf=2&Sclass=GR&Cono=SB32,2026-08-26T18:26:42+00:00
111-2-GR-SB33-A-2-A,111,2,共同與通識課程,GR,共同必修系列,SB33,A,大學部,2,A,體育(四)-羽球C,0,必,56,54,,2,高群超,,,,"5,6",,,,,"[{""day"": 3, ""dayName"": ""星期三"", ""periods"": [""5"", ""6""], ""raw"": ""5,6""}]",禁止外加 限修及外加,限應物二、應經二、金管二、土環二選修/上課地點:學生活動中心。大三、四重補修學生請於第三階段直接上網選課，不用再到通識中心加簽。注意:上、下學期選項重覆選修不算學分。,https://course.nuk.edu.tw/QueryCourse/tcontent.asp?OpenYear=111&Helf=2&Sclass=GR&Cono=SB33,2026-08-26T18:26:42+00:00
111-2-GR-SB41-A-2-A,111,2,共同與通識課程,GR,共同必修系列,SB41,A,大學部,2,A,體育(四)-壘球A,0,必,55,55,,0,林文俊,,,"5,6",,,,,,"[{""day"": 2, ""dayName"": ""星期二"", ""periods"": [""5"", ""6""], ""raw"": ""5,6""}]",禁止外加 限修,限電機二A、電機二B、亞太二選修。大三、四重補修學生請於第三階段直接上網選課，不用再到通識中心加簽。注意:上、下學期選項重覆選修不算學分。,https://course.nuk.edu.tw/QueryCourse/tcontent.asp?OpenYear=111&Helf=2&Sclass=GR&Cono=SB41,2026-08-26T18:26:42+00:00
111-2-GR-SB42-A-2-A,111,2,共同與通識課程,GR,共同必修系列,SB42,A,大學部,2,A,體育(四)-壘球B,0,必,55,24,,31,林文俊,,,,"1,2",,,,,"[{""day"": 3, ""dayName"": ""星期三"", ""periods"": [""1"", ""2""], ""raw"": ""1,2""}]",禁止外加 限修,限藝創二、建築二、東語二、運健休二、政法二選修。大三、四重補修學生請於第三階段直接上網選課，不用再到通識中心加簽。注意:上、下學期選項重覆選修不算學分。,https://course.nuk.edu.tw/QueryCourse/tcontent.asp?OpenYear=111&Helf=2&Sclass=GR&Cono=SB42,2026-08-26T18:26:42+00:00
111-2-GR-SB51-A-2-A,111,2,共同與通識課程,GR,共同必修系列,SB51,A,大學部,2,A,體育(四)-籃球A,0,必,56,47,,9,蔡義川,,"1,2",,,,,,,"[{""day"": 1, ""dayName"": ""星期一"", ""periods"": [""1"", ""2""], ""raw"": ""1,2""}]",禁止外加 限修及外加,限西語二、法律二、財法二、應數二、生科二選修。大三、四重補修學生請於第三階段直接上網選課，不用再到通識中心加簽。注意:上、下學期選項重覆選修不算學分。,https://course.nuk.edu.tw/QueryCourse/tcontent.asp?OpenYear=111&Helf=2&Sclass=GR&Cono=SB51,2026-08-26T18:26:42+00:00
111-2-GR-SB52-A-2-A,111,2,共同與通識課程,GR,共同必修系列,SB52,A,大學部,2,A,體育(四)-籃球B,0,必,60,60,,0,蔡義川,,,"5,6",,,,,,"[{""day"": 2, ""dayName"": ""星期二"", ""periods"": [""5"", ""6""], ""raw"": ""5,6""}]",禁止外加 限修及外加,限電機二A、電機二B、亞太二選修。大三、四重補修學生請於第三階段直接上網選課，不用再到通識中心加簽。注意:上、下學期選項重覆選修不算學分。,https://course.nuk.edu.tw/QueryCourse/tcontent.asp?OpenYear=111&Helf=2&Sclass=GR&Cono=SB52,2026-08-26T18:26:42+00:00
111-2-GR-SB53-A-2-A,111,2,共同與通識課程,GR,共同必修系列,SB53,A,大學部,2,A,體育(四)-籃球C,0,必,56,56,,0,施長和,,,,"1,2",,,,,"[{""day"": 3, ""dayName"": ""星期三"", ""periods"": [""1"", ""2""], ""raw"": ""1,2""}]",禁止外加 限修及外加,限藝創二、建築二、東語二、運健休二、政法二選修。大三、四重補修學生請於第三階段直接上網選課，不用再到通識中心加簽。注意:上、下學期選項重覆選修不算學分。,https://course.nuk.edu.tw/QueryCourse/tcontent.asp?OpenYear=111&Helf=2&Sclass=GR&Cono=SB53,2026-08-26T18:26:42+00:00
111-2-GR-SB54-A-2-A,111,2,共同與通識課程,GR,共同必修系列,SB54,A,大學部,2,A,體育(四)-籃球D,0,必,55,54,,1,黃蔚,,,,,,"1,2",,,"[{""day"": 5, ""dayName"": ""星期五"", ""periods"": [""1"", ""2""], ""raw"": ""1,2""}]",禁止外加 限修,限運技二、資管二、應化二、資工二、化材二選修。大三、四重補修學生請於第三階段直接上網選課，不用再到通識中心加簽。注意:上、下學期選項重覆選修不算學分。,https://course.nuk.edu.tw/QueryCourse/tcontent.asp?OpenYear=111&Helf=2&Sclass=GR&Cono=SB54,2026-08-26T18:26:42+00:00
111-2-GR-SB62-A-2-A,111,2,共同與通識課程,GR,共同必修系列,SB62,A,大學部,2,A,體育(四)-排球B,0,必,55,54,,1,耿仕榮,,,,"5,6",,,,,"[{""day"": 3, ""dayName"": ""星期三"", ""periods"": [""5"", ""6""], ""raw"": ""5,6""}]",禁止外加 限修,限應物二、應經二、金管二、土環二選修。大三、四重補修學生請於第三階段直接上網選課，不用再到通識中心加簽。注意:上、下學期選項重覆選修不算學分。,https://course.nuk.edu.tw/QueryCourse/tcontent.asp?OpenYear=111&Helf=2&Sclass=GR&Cono=SB62,2026-08-26T18:26:42+00:00
111-2-GR-SB63-A-2-A,111,2,共同與通識課程,GR,共同必修系列,SB63,A,大學部,2,A,體育(四)-排球C,0,必,56,31,,25,許維哲,,,,,,"1,2",,,"[{""day"": 5, ""dayName"": ""星期五"", ""periods"": [""1"", ""2""], ""raw"": ""1,2""}]",禁止外加 限修及外加,限運技二、資管二、應化二、資工二、化材二選修。大三、四重補修學生請於第三階段直接上網選課，不用再到通識中心加簽。注意:上、下學期選項重覆選修不算學分。,https://course.nuk.edu.tw/QueryCourse/tcontent.asp?OpenYear=111&Helf=2&Sclass=GR&Cono=SB63,2026-08-26T18:26:42+00:00
111-2-GR-SB83-A-2-A,111,2,共同與通識課程,GR,共同必修系列,SB83,A,大學部,2,A,體育(四)-匹克球A,0,必,55,55,,0,蔡明書,,"1,2",,,,,,,"[{""day"": 1, ""dayName"": ""星期一"", ""periods"": [""1"", ""2""], ""raw"": ""1,2""}]",禁止外加 限修及外加,限西語二、法律二、財法二、應數二、生科二選修/上課地點:學生活動中心。大三、四重補修學生請於第三階段直接上網選課，不用再到通識中心加簽。注意:上、下學期選項重覆選修不算學分。,https://course.nuk.edu.tw/QueryCourse/tcontent.asp?OpenYear=111&Helf=2&Sclass=GR&Cono=SB83,2026-08-26T18:26:42+00:00
111-2-GR-SC13-A-2-A,111,2,共同與通識課程,GR,共同必修系列,SC13,A,大學部,2,A,體育(四)-飛盤A,0,必,59,59,,0,蔡文星,,"1,2",,,,,,,"[{""day"": 1, ""dayName"": ""星期一"", ""periods"": [""1"", ""2""], ""raw"": ""1,2""}]",禁止外加 限修及外加,限西語二、法律二、財法二、應數二、生科二選修。大三、四重補修學生請於第三階段直接上網選課，不用再到通識中心加簽。注意:上、下學期選項重覆選修不算學分。,https://course.nuk.edu.tw/QueryCourse/tcontent.asp?OpenYear=111&Helf=2&Sclass=GR&Cono=SC13,2026-08-26T18:26:42+00:00
111-2-GR-SC21-A-2-A,111,2,共同與通識課程,GR,共同必修系列,SC21,A,大學部,2,A,體育(四)-籃網球A,0,必,55,54,,1,宋洪經,,,,,,"1,2",,,"[{""day"": 5, ""dayName"": ""星期五"", ""periods"": [""1"", ""2""], ""raw"": ""1,2""}]",禁止外加 限修,限運技二、資管二、應化二、資工二、化材二選修。大三、四重補修學生請於第三階段直接上網選課，不用再到通識中心加簽。注意:上、下學期選項重覆選修不算學分。,https://course.nuk.edu.tw/QueryCourse/tcontent.asp?OpenYear=111&Helf=2&Sclass=GR&Cono=SC21,2026-08-26T18:26:42+00:00
111-2-IN-A003-A-1-A,111,2,共同與通識課程,IN,興趣選修,A003,A,大學部,1,A,華語閱讀班(二),2,選,16,16,,0,黃文娟,M01-103,,,"7,8",,,,,"[{""day"": 3, ""dayName"": ""星期三"", ""periods"": [""7"", ""8""], ""raw"": ""7,8""}]",外加,"1.限母語為非華語者之同學選修,選修此班需經教師認定核可 2.本課程不計入通識學分，經學系認定後得列入畢業學分",https://course.nuk.edu.tw/QueryCourse/tcontent.asp?OpenYear=111&Helf=2&Sclass=IN&Cono=A003,2026-08-26T18:26:42+00:00
111-2-IN-A013-A-1-A,111,2,共同與通識課程,IN,興趣選修,A013,A,大學部,1,A,華語會話班(二),2,選,22,22,,0,黃文娟,M01-103,"5,6",,,,,,,"[{""day"": 1, ""dayName"": ""星期一"", ""periods"": [""5"", ""6""], ""raw"": ""5,6""}]",外加,"1.限母語為非華語者之同學選修,選修此班需經教師認定核可 2.本課程不計入通識學分，經學系認定後得列入畢業學分",https://course.nuk.edu.tw/QueryCourse/tcontent.asp?OpenYear=111&Helf=2&Sclass=IN&Cono=A013,2026-08-26T18:26:42+00:00
111-2-LI-A035-A-1-A,111,2,共同與通識課程,LI,通識人文科學類,A035,A,大學部,1,A,佛教的人生智慧,2,選,60,60,,0,林于盛,B01-107,,"1,2",,,,,,"[{""day"": 2, ""dayName"": ""星期二"", ""periods"": [""1"", ""2""], ""raw"": ""1,2""}]",禁止外加,,https://course.nuk.edu.tw/QueryCourse/tcontent.asp?OpenYear=111&Helf=2&Sclass=LI&Cono=A035,2026-08-26T18:26:42+00:00
111-2-LI-A036-A-1-A,111,2,共同與通識課程,LI,通識人文科學類,A036,A,大學部,1,A,禪宗經典智慧,2,選,60,49,,11,蕭愛蓉,B01-105,,"5,6",,,,,,"[{""day"": 2, ""dayName"": ""星期二"", ""periods"": [""5"", ""6""], ""raw"": ""5,6""}]",禁止外加,,https://course.nuk.edu.tw/QueryCourse/tcontent.asp?OpenYear=111&Helf=2&Sclass=LI&Cono=A036,2026-08-26T18:26:42+00:00
111-2-LI-A051-A-1-A,111,2,共同與通識課程,LI,通識人文科學類,A051,A,大學部,1,A,台灣文學,2,選,60,59,,1,黃淑瑮,B01-106,,,"5,6",,,,,"[{""day"": 3, ""dayName"": ""星期三"", ""periods"": [""5"", ""6""], ""raw"": ""5,6""}]",禁止外加,,https://course.nuk.edu.tw/QueryCourse/tcontent.asp?OpenYear=111&Helf=2&Sclass=LI&Cono=A051,2026-08-26T18:26:42+00:00
111-2-LI-A114-A-1-A,111,2,共同與通識課程,LI,通識人文科學類,A114,A,大學部,1,A,日本繪本,2,選,60,57,,3,錢秋茜,B01-106,,,,,"5,6",,,"[{""day"": 5, ""dayName"": ""星期五"", ""periods"": [""5"", ""6""], ""raw"": ""5,6""}]",禁止外加,本課程需具備50音基礎,https://course.nuk.edu.tw/QueryCourse/tcontent.asp?OpenYear=111&Helf=2&Sclass=LI&Cono=A114,2026-08-26T18:26:42+00:00
111-2-LI-A174-A-1-A,111,2,共同與通識課程,LI,通識人文科學類,A174,A,大學部,1,A,新詩創作(A),2,選,60,60,,0,張忠進,L02-108,,,,"7,8",,,,"[{""day"": 4, ""dayName"": ""星期四"", ""periods"": [""7"", ""8""], ""raw"": ""7,8""}]",禁止外加,,https://course.nuk.edu.tw/QueryCourse/tcontent.asp?OpenYear=111&Helf=2&Sclass=LI&Cono=A174,2026-08-26T18:26:42+00:00
111-2-LI-A184-A-1-A,111,2,共同與通識課程,LI,通識人文科學類,A184,A,大學部,1,A,現代文學選讀與習作,2,選,60,60,,0,張忠進,L02-201,,,,"3,4",,,,"[{""day"": 4, ""dayName"": ""星期四"", ""periods"": [""3"", ""4""], ""raw"": ""3,4""}]",禁止外加,,https://course.nuk.edu.tw/QueryCourse/tcontent.asp?OpenYear=111&Helf=2&Sclass=LI&Cono=A184,2026-08-26T18:26:42+00:00
111-2-LI-A204-A-1-A,111,2,共同與通識課程,LI,通識人文科學類,A204,A,大學部,1,A,應用文習作,2,選,60,54,,6,陳猷青,B01-108,,,,,"5,6",,,"[{""day"": 5, ""dayName"": ""星期五"", ""periods"": [""5"", ""6""], ""raw"": ""5,6""}]",禁止外加,,https://course.nuk.edu.tw/QueryCourse/tcontent.asp?OpenYear=111&Helf=2&Sclass=LI&Cono=A204,2026-08-26T18:26:42+00:00
111-2-LI-A213-A-1-A,111,2,共同與通識課程,LI,通識人文科學類,A213,A,大學部,1,A,田野調查,3,選,40,40,,0,翁烔慶,B01-109,,,,"5,6, 7",,,,"[{""day"": 4, ""dayName"": ""星期四"", ""periods"": [""5"", ""6"", ""7""], ""raw"": ""5,6, 7""}]",禁止外加,,https://course.nuk.edu.tw/QueryCourse/tcontent.asp?OpenYear=111&Helf=2&Sclass=LI&Cono=A213,2026-08-26T18:26:42+00:00
111-2-LI-A216-A-1-A,111,2,共同與通識課程,LI,通識人文科學類,A216,A,大學部,1,A,籤詩文學與寺廟文化,2,選,60,58,,2,翁烔慶,B01-109,,,,"3,4",,,,"[{""day"": 4, ""dayName"": ""星期四"", ""periods"": [""3"", ""4""], ""raw"": ""3,4""}]",禁止外加,,https://course.nuk.edu.tw/QueryCourse/tcontent.asp?OpenYear=111&Helf=2&Sclass=LI&Cono=A216,2026-08-26T18:26:42+00:00
111-2-LI-A219-A-1-A,111,2,共同與通識課程,LI,通識人文科學類,A219,A,大學部,1,A,在地知識與文化,2,選,40,40,,0,王和安,B01-108,,"5,6",,,,,,"[{""day"": 2, ""dayName"": ""星期二"", ""periods"": [""5"", ""6""], ""raw"": ""5,6""}]",禁止外加,,https://course.nuk.edu.tw/QueryCourse/tcontent.asp?OpenYear=111&Helf=2&Sclass=LI&Cono=A219,2026-08-26T18:26:42+00:00
111-2-LI-A343-A-1-A,111,2,共同與通識課程,LI,通識人文科學類,A343,A,大學部,1,A,人生哲學,2,選,60,59,,1,蕭愛蓉,B01-105,,"3,4",,,,,,"[{""day"": 2, ""dayName"": ""星期二"", ""periods"": [""3"", ""4""], ""raw"": ""3,4""}]",禁止外加,,https://course.nuk.edu.tw/QueryCourse/tcontent.asp?OpenYear=111&Helf=2&Sclass=LI&Cono=A343,2026-08-26T18:26:42+00:00
111-2-LI-A345-A-1-A,111,2,共同與通識課程,LI,通識人文科學類,A345,A,大學部,1,A,基督宗教的生命教育,2,選,60,60,,0,蔡仁傑,B01-103,"1,2",,,,,,,"[{""day"": 1, ""dayName"": ""星期一"", ""periods"": [""1"", ""2""], ""raw"": ""1,2""}]",禁止外加,,https://course.nuk.edu.tw/QueryCourse/tcontent.asp?OpenYear=111&Helf=2&Sclass=LI&Cono=A345,2026-08-26T18:26:42+00:00
111-2-LI-A373-A-1-A,111,2,共同與通識課程,LI,通識人文科學類,A373,A,大學部,1,A,音樂與戲劇,2,選,60,37,,23,羅文秀,L01-103,"5,6",,,,,,,"[{""day"": 1, ""dayName"": ""星期一"", ""periods"": [""5"", ""6""], ""raw"": ""5,6""}]",禁止外加,,https://course.nuk.edu.tw/QueryCourse/tcontent.asp?OpenYear=111&Helf=2&Sclass=LI&Cono=A373,2026-08-26T18:26:42+00:00
111-2-LI-A374-A-1-A,111,2,共同與通識課程,LI,通識人文科學類,A374,A,大學部,1,A,古典音樂導聆,2,選,60,58,,2,蔡麗芬,L01-103,,,,"3,4",,,,"[{""day"": 4, ""dayName"": ""星期四"", ""periods"": [""3"", ""4""], ""raw"": ""3,4""}]",禁止外加,,https://course.nuk.edu.tw/QueryCourse/tcontent.asp?OpenYear=111&Helf=2&Sclass=LI&Cono=A374,2026-08-26T18:26:42+00:00
111-2-LI-A497-A-1-A,111,2,共同與通識課程,LI,通識人文科學類,A497,A,大學部,1,A,台灣之流行音樂與社會變遷,2,選,60,60,,0,陳怡靜,L01-103,,,,,"5,6",,,"[{""day"": 5, ""dayName"": ""星期五"", ""periods"": [""5"", ""6""], ""raw"": ""5,6""}]",禁止外加,,https://course.nuk.edu.tw/QueryCourse/tcontent.asp?OpenYear=111&Helf=2&Sclass=LI&Cono=A497,2026-08-26T18:26:42+00:00
111-2-LI-A584-A-1-A,111,2,共同與通識課程,LI,通識人文科學類,A584,A,大學部,1,A,《易經》與人生,2,選,60,60,,0,盧秀仁,L02-103,"5,6",,,,,,,"[{""day"": 1, ""dayName"": ""星期一"", ""periods"": [""5"", ""6""], ""raw"": ""5,6""}]",禁止外加,,https://course.nuk.edu.tw/QueryCourse/tcontent.asp?OpenYear=111&Helf=2&Sclass=LI&Cono=A584,2026-08-26T18:26:42+00:00
111-2-LI-A585-A-1-A,111,2,共同與通識課程,LI,通識人文科學類,A585,A,大學部,1,A,《易經》與風水,2,選,60,56,,4,盧秀仁,L02-103,"7,8",,,,,,,"[{""day"": 1, ""dayName"": ""星期一"", ""periods"": [""7"", ""8""], ""raw"": ""7,8""}]",禁止外加,,https://course.nuk.edu.tw/QueryCourse/tcontent.asp?OpenYear=111&Helf=2&Sclass=LI&Cono=A585,2026-08-26T18:26:42+00:00
111-2-LI-A587-A-1-A,111,2,共同與通識課程,LI,通識人文科學類,A587,A,大學部,1,A,陰陽五行思想與生活應用,2,選,60,53,,7,陳德興,B01-106,,"5,6",,,,,,"[{""day"": 2, ""dayName"": ""星期二"", ""periods"": [""5"", ""6""], ""raw"": ""5,6""}]",禁止外加,"修過「(LIA586)陰陽五行思想與中華文化」者請勿重覆選修,重覆選修不列入學分計算。",https://course.nuk.edu.tw/QueryCourse/tcontent.asp?OpenYear=111&Helf=2&Sclass=LI&Cono=A587,2026-08-26T18:26:42+00:00
111-2-LI-A634-A-1-A,111,2,共同與通識課程,LI,通識人文科學類,A634,A,大學部,1,A,視覺藝術概論,2,選,60,60,,0,林殷齊,B01-106,,,,"5,6",,,,"[{""day"": 4, ""dayName"": ""星期四"", ""periods"": [""5"", ""6""], ""raw"": ""5,6""}]",禁止外加,,https://course.nuk.edu.tw/QueryCourse/tcontent.asp?OpenYear=111&Helf=2&Sclass=LI&Cono=A634,2026-08-26T18:26:42+00:00
111-2-LI-A714-A-1-A,111,2,共同與通識課程,LI,通識人文科學類,A714,A,大學部,1,A,戲曲藝術入門與賞析,2,選,60,55,,5,王海玲,B01-103,,,,,"8,9",,,"[{""day"": 5, ""dayName"": ""星期五"", ""periods"": [""8"", ""9""], ""raw"": ""8,9""}]",禁止外加,,https://course.nuk.edu.tw/QueryCourse/tcontent.asp?OpenYear=111&Helf=2&Sclass=LI&Cono=A714,2026-08-26T18:26:42+00:00
111-2-LI-A810-A-1-A,111,2,共同與通識課程,LI,通識人文科學類,A810,A,大學部,1,A,電影文學與人生,2,選,60,60,,0,高美芸,L01-103,,,,"7,8",,,,"[{""day"": 4, ""dayName"": ""星期四"", ""periods"": [""7"", ""8""], ""raw"": ""7,8""}]",禁止外加,,https://course.nuk.edu.tw/QueryCourse/tcontent.asp?OpenYear=111&Helf=2&Sclass=LI&Cono=A810,2026-08-26T18:26:42+00:00
111-2-LI-A831-A-1-A,111,2,共同與通識課程,LI,通識人文科學類,A831,A,大學部,1,A,台灣歷史與文化,2,選,60,24,,36,楊書濠,L01-101,"8,9",,,,,,,"[{""day"": 1, ""dayName"": ""星期一"", ""periods"": [""8"", ""9""], ""raw"": ""8,9""}]",禁止外加,本課程包含18小時之線上課程，學生必須加入磨課師平台參與課程教學及討論,https://course.nuk.edu.tw/QueryCourse/tcontent.asp?OpenYear=111&Helf=2&Sclass=LI&Cono=A831,2026-08-26T18:26:42+00:00
111-2-LI-A842-A-1-A,111,2,共同與通識課程,LI,通識人文科學類,A842,A,大學部,1,A,台灣原住民族文化,2,選,60,59,,1,林富水,L02-202,,,"5,6",,,,,"[{""day"": 3, ""dayName"": ""星期三"", ""periods"": [""5"", ""6""], ""raw"": ""5,6""}]",禁止外加,,https://course.nuk.edu.tw/QueryCourse/tcontent.asp?OpenYear=111&Helf=2&Sclass=LI&Cono=A842,2026-08-26T18:26:42+00:00
111-2-LI-A844-A-1-A,111,2,共同與通識課程,LI,通識人文科學類,A844,A,大學部,1,A,台灣原住民族藝術文化,2,選,61,60,,1,陳海雲 業界教師,C02-108,,"9,10",,,,,,"[{""day"": 2, ""dayName"": ""星期二"", ""periods"": [""9"", ""10""], ""raw"": ""9,10""}]",,課程相關問題請聯繫,https://course.nuk.edu.tw/QueryCourse/tcontent.asp?OpenYear=111&Helf=2&Sclass=LI&Cono=A844,2026-08-26T18:26:42+00:00
111-2-LI-B013-A-1-A,111,2,共同與通識課程,LI,通識人文科學類,B013,A,大學部,1,A,電影中的音樂媒介,2,選,60,60,,0,陳怡靜,L01-103,,,,,"3,4",,,"[{""day"": 5, ""dayName"": ""星期五"", ""periods"": [""3"", ""4""], ""raw"": ""3,4""}]",禁止外加,,https://course.nuk.edu.tw/QueryCourse/tcontent.asp?OpenYear=111&Helf=2&Sclass=LI&Cono=B013,2026-08-26T18:26:42+00:00
111-2-LI-B014-A-1-A,111,2,共同與通識課程,LI,通識人文科學類,B014,A,大學部,1,A,從巴洛克到搖滾樂,2,選,60,60,,0,陳怡靜,L01-103,,,,,"1,2",,,"[{""day"": 5, ""dayName"": ""星期五"", ""periods"": [""1"", ""2""], ""raw"": ""1,2""}]",禁止外加,,https://course.nuk.edu.tw/QueryCourse/tcontent.asp?OpenYear=111&Helf=2&Sclass=LI&Cono=B014,2026-08-26T18:26:42+00:00
111-2-LI-B015-A-1-A,111,2,共同與通識課程,LI,通識人文科學類,B015,A,大學部,1,A,電影音樂欣賞,2,選,60,52,,8,蔡麗芬,L01-103,,,,"5,6",,,,"[{""day"": 4, ""dayName"": ""星期四"", ""periods"": [""5"", ""6""], ""raw"": ""5,6""}]",禁止外加,,https://course.nuk.edu.tw/QueryCourse/tcontent.asp?OpenYear=111&Helf=2&Sclass=LI&Cono=B015,2026-08-26T18:26:42+00:00
111-2-LI-B032-A-1-A,111,2,共同與通識課程,LI,通識人文科學類,B032,A,大學部,1,A,日本社會與語言,2,選,60,60,,0,蔡仁傑,B01-103,"3,4",,,,,,,"[{""day"": 1, ""dayName"": ""星期一"", ""periods"": [""3"", ""4""], ""raw"": ""3,4""}]",禁止外加,,https://course.nuk.edu.tw/QueryCourse/tcontent.asp?OpenYear=111&Helf=2&Sclass=LI&Cono=B032,2026-08-26T18:26:42+00:00
111-2-LI-B060-A-1-A,111,2,共同與通識課程,LI,通識人文科學類,B060,A,大學部,1,A,SDGs超入門英文,2,選,40,24,,16,蔡奎如,L02-101,,"5,6",,,,,,"[{""day"": 2, ""dayName"": ""星期二"", ""periods"": [""5"", ""6""], ""raw"": ""5,6""}]",禁止外加,西語系，或母語為英語者請勿選修。,https://course.nuk.edu.tw/QueryCourse/tcontent.asp?OpenYear=111&Helf=2&Sclass=LI&Cono=B060,2026-08-26T18:26:42+00:00
111-2-LI-B068-A-1-A,111,2,共同與通識課程,LI,通識人文科學類,B068,A,大學部,1,A,初級日語會話(二),2,選,40,40,,0,錢秋茜,B01-106,,,,,"3,4",,,"[{""day"": 5, ""dayName"": ""星期五"", ""periods"": [""3"", ""4""], ""raw"": ""3,4""}]",禁止外加,東語系日文組；或以日語為母語者請勿選修,https://course.nuk.edu.tw/QueryCourse/tcontent.asp?OpenYear=111&Helf=2&Sclass=LI&Cono=B068,2026-08-26T18:26:42+00:00
111-2-LI-B069-A-1-A,111,2,共同與通識課程,LI,通識人文科學類,B069,A,大學部,1,A,職場英文聽讀訓練,2,選,40,39,,1,王靜嫻,B01-109,"7,8",,,,,,,"[{""day"": 1, ""dayName"": ""星期一"", ""periods"": [""7"", ""8""], ""raw"": ""7,8""}]",禁止外加 限修,西語系，或母語為英語者請勿選修。,https://course.nuk.edu.tw/QueryCourse/tcontent.asp?OpenYear=111&Helf=2&Sclass=LI&Cono=B069,2026-08-26T18:26:42+00:00
111-2-LI-B070-A-1-A,111,2,共同與通識課程,LI,通識人文科學類,B070,A,大學部,1,A,全民英檢準備班,2,選,40,40,,0,陳信智,B01-110,,,"3,4",,,,,"[{""day"": 3, ""dayName"": ""星期三"", ""periods"": [""3"", ""4""], ""raw"": ""3,4""}]",禁止外加 限修,西語系，或母語為英語者請勿選修。,https://course.nuk.edu.tw/QueryCourse/tcontent.asp?OpenYear=111&Helf=2&Sclass=LI&Cono=B070,2026-08-26T18:26:42+00:00
111-2-LI-B086-A-1-A,111,2,共同與通識課程,LI,通識人文科學類,B086,A,大學部,1,A,基礎法語(二),2,選,40,34,,6,歐陽蒨,L02-102,"5,6",,,,,,,"[{""day"": 1, ""dayName"": ""星期一"", ""periods"": [""5"", ""6""], ""raw"": ""5,6""}]",禁止外加,,https://course.nuk.edu.tw/QueryCourse/tcontent.asp?OpenYear=111&Helf=2&Sclass=LI&Cono=B086,2026-08-26T18:26:42+00:00
111-2-LI-B087-A-1-A,111,2,共同與通識課程,LI,通識人文科學類,B087,A,大學部,1,A,工商英文聽力和閱讀訓練,2,選,60,27,,33,王淑雱,C02-108,,,,,"5,6",,,"[{""day"": 5, ""dayName"": ""星期五"", ""periods"": [""5"", ""6""], ""raw"": ""5,6""}]",限修,限理學院及西語系同學選修,https://course.nuk.edu.tw/QueryCourse/tcontent.asp?OpenYear=111&Helf=2&Sclass=LI&Cono=B087,2026-08-26T18:26:42+00:00
111-2-LI-B088-A-1-A,111,2,共同與通識課程,LI,通識人文科學類,B088,A,大學部,1,A,旅遊商務英文,2,選,40,40,,0,唐淑芳,B01-105,"9,10",,,,,,,"[{""day"": 1, ""dayName"": ""星期一"", ""periods"": [""9"", ""10""], ""raw"": ""9,10""}]",禁止外加 限修,西語系，或母語為英語者請勿選修。,https://course.nuk.edu.tw/QueryCourse/tcontent.asp?OpenYear=111&Helf=2&Sclass=LI&Cono=B088,2026-08-26T18:26:42+00:00
111-2-LI-B089-A-1-A,111,2,共同與通識課程,LI,通識人文科學類,B089,A,大學部,1,A,運動飲食英文,2,選,40,40,,0,許建華,B01-103,,,,,"5,6",,,"[{""day"": 5, ""dayName"": ""星期五"", ""periods"": [""5"", ""6""], ""raw"": ""5,6""}]",禁止外加 限修,全英文授課；西語系，或母語為英語者請勿選修。,https://course.nuk.edu.tw/QueryCourse/tcontent.asp?OpenYear=111&Helf=2&Sclass=LI&Cono=B089,2026-08-26T18:26:42+00:00
111-2-LI-B090-A-1-A,111,2,共同與通識課程,LI,通識人文科學類,B090,A,大學部,1,A,英語口語表達,2,選,40,32,,8,歐素雯,B01-109,,,"3,4",,,,,"[{""day"": 3, ""dayName"": ""星期三"", ""periods"": [""3"", ""4""], ""raw"": ""3,4""}]",禁止外加 限修,全英文授課；西語系，或母語為英語者請勿選修。,https://course.nuk.edu.tw/QueryCourse/tcontent.asp?OpenYear=111&Helf=2&Sclass=LI&Cono=B090,2026-08-26T18:26:42+00:00
111-2-LI-B201-A-1-A,111,2,共同與通識課程,LI,通識人文科學類,B201,A,大學部,1,A,初級越南語(一),2,選,40,40,,0,范氏香蘭,L02-108,,,"5,6",,,,,"[{""day"": 3, ""dayName"": ""星期三"", ""periods"": [""5"", ""6""], ""raw"": ""5,6""}]",禁止外加,東語系越語組，或母語為越語者請勿選修,https://course.nuk.edu.tw/QueryCourse/tcontent.asp?OpenYear=111&Helf=2&Sclass=LI&Cono=B201,2026-08-26T18:26:42+00:00
111-2-LI-B202-A-1-A,111,2,共同與通識課程,LI,通識人文科學類,B202,A,大學部,1,A,初級越南語(二),2,選,40,40,,0,范氏香蘭,B01-107,,,,"5,6",,,,"[{""day"": 4, ""dayName"": ""星期四"", ""periods"": [""5"", ""6""], ""raw"": ""5,6""}]",禁止外加,東語系越語組，或母語為越語者請勿選修。,https://course.nuk.edu.tw/QueryCourse/tcontent.asp?OpenYear=111&Helf=2&Sclass=LI&Cono=B202,2026-08-26T18:26:42+00:00
111-2-SC-A022-A-1-A,111,2,共同與通識課程,SC,通識自然科學類,A022,A,大學部,1,A,探索地球,2,選,60,56,,4,周孟麟,C02-101,,,,"3,4",,,,"[{""day"": 4, ""dayName"": ""星期四"", ""periods"": [""3"", ""4""], ""raw"": ""3,4""}]",禁止外加 學程,,https://course.nuk.edu.tw/QueryCourse/tcontent.asp?OpenYear=111&Helf=2&Sclass=SC&Cono=A022,2026-08-26T18:26:42+00:00
111-2-SC-A142-A-1-A,111,2,共同與通識課程,SC,通識自然科學類,A142,A,大學部,1,A,生活中的數學,2,選,60,60,,0,張雲清,M01-102,,,,,"7,8",,,"[{""day"": 5, ""dayName"": ""星期五"", ""periods"": [""7"", ""8""], ""raw"": ""7,8""}]",禁止外加,,https://course.nuk.edu.tw/QueryCourse/tcontent.asp?OpenYear=111&Helf=2&Sclass=SC&Cono=A142,2026-08-26T18:26:42+00:00
111-2-SC-A144-A-1-A,111,2,共同與通識課程,SC,通識自然科學類,A144,A,大學部,1,A,大數據初探,2,選,60,31,,29,張雲清,M01-102,,,,,"9,10",,,"[{""day"": 5, ""dayName"": ""星期五"", ""periods"": [""9"", ""10""], ""raw"": ""9,10""}]",禁止外加,,https://course.nuk.edu.tw/QueryCourse/tcontent.asp?OpenYear=111&Helf=2&Sclass=SC&Cono=A144,2026-08-26T18:26:42+00:00
111-2-SC-A286-A-1-A,111,2,共同與通識課程,SC,通識自然科學類,A286,A,大學部,1,A,傳統推拿整復概論,2,選,40,40,,0,劉明坤,C02-101 其他教室,,,,"10,11",,,,"[{""day"": 4, ""dayName"": ""星期四"", ""periods"": [""10"", ""11""], ""raw"": ""10,11""}]",禁止外加,第11-16周至K01-210按摩教室上課,https://course.nuk.edu.tw/QueryCourse/tcontent.asp?OpenYear=111&Helf=2&Sclass=SC&Cono=A286,2026-08-26T18:26:42+00:00
111-2-SC-A293-A-1-A,111,2,共同與通識課程,SC,通識自然科學類,A293,A,大學部,1,A,環境保護,2,選,60,59,,1,倪麥童,C02-103,"5,6",,,,,,,"[{""day"": 1, ""dayName"": ""星期一"", ""periods"": [""5"", ""6""], ""raw"": ""5,6""}]",禁止外加 學程,,https://course.nuk.edu.tw/QueryCourse/tcontent.asp?OpenYear=111&Helf=2&Sclass=SC&Cono=A293,2026-08-26T18:26:42+00:00
111-2-SC-A483-A-1-A,111,2,共同與通識課程,SC,通識自然科學類,A483,A,大學部,1,A,自然保育概論,2,選,60,57,,3,蘇永銘,B01-108,,,,"7,8",,,,"[{""day"": 4, ""dayName"": ""星期四"", ""periods"": [""7"", ""8""], ""raw"": ""7,8""}]",禁止外加 學程,,https://course.nuk.edu.tw/QueryCourse/tcontent.asp?OpenYear=111&Helf=2&Sclass=SC&Cono=A483,2026-08-26T18:26:42+00:00
111-2-SC-A572-A-1-A,111,2,共同與通識課程,SC,通識自然科學類,A572,A,大學部,1,A,常用藥物基本知識,2,選,60,58,,2,戴秀卿,B01-106,,,,,"10,11",,,"[{""day"": 5, ""dayName"": ""星期五"", ""periods"": [""10"", ""11""], ""raw"": ""10,11""}]",禁止外加,,https://course.nuk.edu.tw/QueryCourse/tcontent.asp?OpenYear=111&Helf=2&Sclass=SC&Cono=A572,2026-08-26T18:26:42+00:00
111-2-SC-A593-A-1-A,111,2,共同與通識課程,SC,通識自然科學類,A593,A,大學部,1,A,科學思維: 科學家怎麼想,2,選,60,51,,9,林明良,B01-103,,"10,11",,,,,,"[{""day"": 2, ""dayName"": ""星期二"", ""periods"": [""10"", ""11""], ""raw"": ""10,11""}]",禁止外加 學程,,https://course.nuk.edu.tw/QueryCourse/tcontent.asp?OpenYear=111&Helf=2&Sclass=SC&Cono=A593,2026-08-26T18:26:42+00:00
111-2-SC-A621-A-1-A,111,2,共同與通識課程,SC,通識自然科學類,A621,A,大學部,1,A,人類生殖探秘,2,選,60,60,,0,劉紹東,H1--107,,"3,4",,,,,,"[{""day"": 2, ""dayName"": ""星期二"", ""periods"": [""3"", ""4""], ""raw"": ""3,4""}]",禁止外加 限修,運休系同學請勿選修,https://course.nuk.edu.tw/QueryCourse/tcontent.asp?OpenYear=111&Helf=2&Sclass=SC&Cono=A621,2026-08-26T18:26:42+00:00
111-2-SC-A668-A-1-A,111,2,共同與通識課程,SC,通識自然科學類,A668,A,大學部,1,A,利用綠能半導體科技實現碳中和與淨零排放,2,選,40,25,,15,馮世維,C02-111,,,"3,4",,,,,"[{""day"": 3, ""dayName"": ""星期三"", ""periods"": [""3"", ""4""], ""raw"": ""3,4""}]",禁止外加,,https://course.nuk.edu.tw/QueryCourse/tcontent.asp?OpenYear=111&Helf=2&Sclass=SC&Cono=A668,2026-08-26T18:26:42+00:00
111-2-SC-A711-A-1-A,111,2,共同與通識課程,SC,通識自然科學類,A711,A,大學部,1,A,健康與生活,2,選,60,60,,0,戴秀卿,B01-106,,,,,"8,9",,,"[{""day"": 5, ""dayName"": ""星期五"", ""periods"": [""8"", ""9""], ""raw"": ""8,9""}]",禁止外加,,https://course.nuk.edu.tw/QueryCourse/tcontent.asp?OpenYear=111&Helf=2&Sclass=SC&Cono=A711,2026-08-26T18:26:42+00:00
111-2-SC-A731-A-1-A,111,2,共同與通識課程,SC,通識自然科學類,A731,A,大學部,1,A,網球運動理論與實務,2,選,40,40,,0,林政德,,"7,8",,,,,,,"[{""day"": 1, ""dayName"": ""星期一"", ""periods"": [""7"", ""8""], ""raw"": ""7,8""}]",禁止外加,網球場上課,https://course.nuk.edu.tw/QueryCourse/tcontent.asp?OpenYear=111&Helf=2&Sclass=SC&Cono=A731,2026-08-26T18:26:42+00:00
111-2-SC-A775-A-1-A,111,2,共同與通識課程,SC,通識自然科學類,A775,A,大學部,1,A,飛鏢理論與實務,2,選,40,40,,0,孫美蓮,,"5,6",,,,,,,"[{""day"": 1, ""dayName"": ""星期一"", ""periods"": [""5"", ""6""], ""raw"": ""5,6""}]",禁止外加,運休大樓游泳池前集合,https://course.nuk.edu.tw/QueryCourse/tcontent.asp?OpenYear=111&Helf=2&Sclass=SC&Cono=A775,2026-08-26T18:26:42+00:00
111-2-SC-A777-A-1-A,111,2,共同與通識課程,SC,通識自然科學類,A777,A,大學部,1,A,飛鏢理論與實務,2,選,40,40,,0,孫美蓮,,"7,8",,,,,,,"[{""day"": 1, ""dayName"": ""星期一"", ""periods"": [""7"", ""8""], ""raw"": ""7,8""}]",禁止外加,運休大樓游泳池前集合,https://course.nuk.edu.tw/QueryCourse/tcontent.asp?OpenYear=111&Helf=2&Sclass=SC&Cono=A777,2026-08-26T18:26:42+00:00
111-2-SC-A785-A-1-A,111,2,共同與通識課程,SC,通識自然科學類,A785,A,大學部,1,A,休閒概論,2,選,40,40,,0,李福恩,K01-202,"8,9",,,,,,,"[{""day"": 1, ""dayName"": ""星期一"", ""periods"": [""8"", ""9""], ""raw"": ""8,9""}]",禁止外加 限修,運休系同學請勿選修,https://course.nuk.edu.tw/QueryCourse/tcontent.asp?OpenYear=111&Helf=2&Sclass=SC&Cono=A785,2026-08-26T18:26:42+00:00
111-2-SC-A798-A-1-A,111,2,共同與通識課程,SC,通識自然科學類,A798,A,大學部,1,A,資訊基本能力,2,選,50,50,,0,董建弘,L01-107,"9,10",,,,,,,"[{""day"": 1, ""dayName"": ""星期一"", ""periods"": [""9"", ""10""], ""raw"": ""9,10""}]",禁止外加 學程,,https://course.nuk.edu.tw/QueryCourse/tcontent.asp?OpenYear=111&Helf=2&Sclass=SC&Cono=A798,2026-08-26T18:26:42+00:00
111-2-SC-A799-A-1-A,111,2,共同與通識課程,SC,通識自然科學類,A799,A,大學部,1,A,資訊安全概論,2,選,50,48,,2,趙志宏,L01-107,"6,7",,,,,,,"[{""day"": 1, ""dayName"": ""星期一"", ""periods"": [""6"", ""7""], ""raw"": ""6,7""}]",禁止外加 學程,,https://course.nuk.edu.tw/QueryCourse/tcontent.asp?OpenYear=111&Helf=2&Sclass=SC&Cono=A799,2026-08-26T18:26:42+00:00
111-2-SC-A901-A-1-A,111,2,共同與通識課程,SC,通識自然科學類,A901,A,大學部,1,A,網路資訊挖掘,2,選,50,18,,32,蔡毓娟,L01-107,,,,,"9,10",,,"[{""day"": 5, ""dayName"": ""星期五"", ""periods"": [""9"", ""10""], ""raw"": ""9,10""}]",禁止外加 限修,資工系大三、大四以上同學請勿選修,https://course.nuk.edu.tw/QueryCourse/tcontent.asp?OpenYear=111&Helf=2&Sclass=SC&Cono=A901,2026-08-26T18:26:42+00:00
111-2-SC-A902-A-1-A,111,2,共同與通識課程,SC,通識自然科學類,A902,A,大學部,1,A,基礎程式設計,2,選,50,50,,0,曾智義,L01-108,"3,4",,,,,,,"[{""day"": 1, ""dayName"": ""星期一"", ""periods"": [""3"", ""4""], ""raw"": ""3,4""}]",禁止外加 學程,,https://course.nuk.edu.tw/QueryCourse/tcontent.asp?OpenYear=111&Helf=2&Sclass=SC&Cono=A902,2026-08-26T18:26:42+00:00
111-2-SC-A903-A-1-A,111,2,共同與通識課程,SC,通識自然科學類,A903,A,大學部,1,A,基礎程式設計,2,選,50,48,,2,曾智義,L01-108,,,"3,4",,,,,"[{""day"": 3, ""dayName"": ""星期三"", ""periods"": [""3"", ""4""], ""raw"": ""3,4""}]",禁止外加 學程,,https://course.nuk.edu.tw/QueryCourse/tcontent.asp?OpenYear=111&Helf=2&Sclass=SC&Cono=A903,2026-08-26T18:26:42+00:00
111-2-SC-A904-A-1-A,111,2,共同與通識課程,SC,通識自然科學類,A904,A,大學部,1,A,體驗設計思維,2,選,50,49,,1,曾智義,M01-103,,"3,4",,,,,,"[{""day"": 2, ""dayName"": ""星期二"", ""periods"": [""3"", ""4""], ""raw"": ""3,4""}]",禁止外加 學程,,https://course.nuk.edu.tw/QueryCourse/tcontent.asp?OpenYear=111&Helf=2&Sclass=SC&Cono=A904,2026-08-26T18:26:42+00:00
111-2-SO-A012-A-1-A,111,2,共同與通識課程,SO,通識社會科學類,A012,A,大學部,1,A,生活經濟學,2,選,60,57,,3,鄭義暉,M01-204,,,"3,4",,,,,"[{""day"": 3, ""dayName"": ""星期三"", ""periods"": [""3"", ""4""], ""raw"": ""3,4""}]",禁止外加 限修,管院同學請勿選修,https://course.nuk.edu.tw/QueryCourse/tcontent.asp?OpenYear=111&Helf=2&Sclass=SO&Cono=A012,2026-08-26T18:26:42+00:00
111-2-SO-A183-A-1-A,111,2,共同與通識課程,SO,通識社會科學類,A183,A,大學部,1,A,性別與法律,2,選,60,60,,0,陳玫君,B01-107,,"3,4",,,,,,"[{""day"": 2, ""dayName"": ""星期二"", ""periods"": [""3"", ""4""], ""raw"": ""3,4""}]",禁止外加,,https://course.nuk.edu.tw/QueryCourse/tcontent.asp?OpenYear=111&Helf=2&Sclass=SO&Cono=A183,2026-08-26T18:26:42+00:00
111-2-SO-A188-A-1-A,111,2,共同與通識課程,SO,通識社會科學類,A188,A,大學部,1,A,多元性別與親密關係,2,選,60,60,,0,陳靜儀,B01-107,"5,6",,,,,,,"[{""day"": 1, ""dayName"": ""星期一"", ""periods"": [""5"", ""6""], ""raw"": ""5,6""}]",禁止外加,,https://course.nuk.edu.tw/QueryCourse/tcontent.asp?OpenYear=111&Helf=2&Sclass=SO&Cono=A188,2026-08-26T18:26:42+00:00
111-2-SO-A365-A-1-A,111,2,共同與通識課程,SO,通識社會科學類,A365,A,大學部,1,A,領導統御,2,選,60,59,,1,蔣遠平,C02-102,,,"7,8",,,,,"[{""day"": 3, ""dayName"": ""星期三"", ""periods"": [""7"", ""8""], ""raw"": ""7,8""}]",禁止外加,,https://course.nuk.edu.tw/QueryCourse/tcontent.asp?OpenYear=111&Helf=2&Sclass=SO&Cono=A365,2026-08-26T18:26:42+00:00
111-2-SO-A366-A-1-A,111,2,共同與通識課程,SO,通識社會科學類,A366,A,大學部,1,A,國際關係,2,選,60,58,,2,楊筑尹,L02-102,"7,8",,,,,,,"[{""day"": 1, ""dayName"": ""星期一"", ""periods"": [""7"", ""8""], ""raw"": ""7,8""}]",禁止外加,,https://course.nuk.edu.tw/QueryCourse/tcontent.asp?OpenYear=111&Helf=2&Sclass=SO&Cono=A366,2026-08-26T18:26:42+00:00
111-2-SO-A367-A-1-A,111,2,共同與通識課程,SO,通識社會科學類,A367,A,大學部,1,A,孫子兵法,2,選,60,60,,0,蔣遠平,C02-102,,,"5,6",,,,,"[{""day"": 3, ""dayName"": ""星期三"", ""periods"": [""5"", ""6""], ""raw"": ""5,6""}]",禁止外加,,https://course.nuk.edu.tw/QueryCourse/tcontent.asp?OpenYear=111&Helf=2&Sclass=SO&Cono=A367,2026-08-26T18:26:42+00:00
111-2-SO-A372-A-1-A,111,2,共同與通識課程,SO,通識社會科學類,A372,A,大學部,1,A,自我管理與生涯規劃,2,選,60,60,,0,曾榮豐,B01-106,"8,9",,,,,,,"[{""day"": 1, ""dayName"": ""星期一"", ""periods"": [""8"", ""9""], ""raw"": ""8,9""}]",禁止外加,,https://course.nuk.edu.tw/QueryCourse/tcontent.asp?OpenYear=111&Helf=2&Sclass=SO&Cono=A372,2026-08-26T18:26:42+00:00
111-2-SO-A474-A-1-A,111,2,共同與通識課程,SO,通識社會科學類,A474,A,大學部,1,A,創意、創新與創業,2,選,40,38,,2,鄭育仁,M01-206,,,,"5,6",,,,"[{""day"": 4, ""dayName"": ""星期四"", ""periods"": [""5"", ""6""], ""raw"": ""5,6""}]",禁止外加,,https://course.nuk.edu.tw/QueryCourse/tcontent.asp?OpenYear=111&Helf=2&Sclass=SO&Cono=A474,2026-08-26T18:26:42+00:00
111-2-SO-A524-A-1-A,111,2,共同與通識課程,SO,通識社會科學類,A524,A,大學部,1,A,設計思考,2,選,60,24,,36,李亭林,M01-B104,"7,8",,,,,,,"[{""day"": 1, ""dayName"": ""星期一"", ""periods"": [""7"", ""8""], ""raw"": ""7,8""}]",禁止外加,,https://course.nuk.edu.tw/QueryCourse/tcontent.asp?OpenYear=111&Helf=2&Sclass=SO&Cono=A524,2026-08-26T18:26:42+00:00
111-2-SO-A525-A-1-A,111,2,共同與通識課程,SO,通識社會科學類,A525,A,大學部,1,A,社會設計與方案規劃,2,選,40,24,,16,陳靜儀,C02-107,,,"5,6",,,,,"[{""day"": 3, ""dayName"": ""星期三"", ""periods"": [""5"", ""6""], ""raw"": ""5,6""}]",禁止外加,,https://course.nuk.edu.tw/QueryCourse/tcontent.asp?OpenYear=111&Helf=2&Sclass=SO&Cono=A525,2026-08-26T18:26:42+00:00
111-2-SO-A619-A-1-A,111,2,共同與通識課程,SO,通識社會科學類,A619,A,大學部,1,A,台灣與全球化,2,選,60,57,,3,洪聖斐,B01-107,,,,,"3,4",,,"[{""day"": 5, ""dayName"": ""星期五"", ""periods"": [""3"", ""4""], ""raw"": ""3,4""}]",禁止外加,全英語授課,https://course.nuk.edu.tw/QueryCourse/tcontent.asp?OpenYear=111&Helf=2&Sclass=SO&Cono=A619,2026-08-26T18:26:42+00:00
111-2-SO-A691-A-1-A,111,2,共同與通識課程,SO,通識社會科學類,A691,A,大學部,1,A,高大卓越講座,2,選,180,180,,0,何永皓 莊淑姿 吳宗芳,L01-201,,"6,7",,,,,,"[{""day"": 2, ""dayName"": ""星期二"", ""periods"": [""6"", ""7""], ""raw"": ""6,7""}]",禁止外加,"1.修過「高大卓越講座(一).(二)」者請勿重覆選修,重覆選修不列入學分計算。2.若有課程相關問題請連繫",https://course.nuk.edu.tw/QueryCourse/tcontent.asp?OpenYear=111&Helf=2&Sclass=SO&Cono=A691,2026-08-26T18:26:42+00:00
111-2-SO-A803-A-1-A,111,2,共同與通識課程,SO,通識社會科學類,A803,A,大學部,1,A,走讀北高雄,2,選,40,40,,0,劉政暉,L01-103,,,"5,6",,,,,"[{""day"": 3, ""dayName"": ""星期三"", ""periods"": [""5"", ""6""], ""raw"": ""5,6""}]",禁止外加,全英文授課,https://course.nuk.edu.tw/QueryCourse/tcontent.asp?OpenYear=111&Helf=2&Sclass=SO&Cono=A803,2026-08-26T18:26:42+00:00
111-2-SO-A804-A-1-A,111,2,共同與通識課程,SO,通識社會科學類,A804,A,大學部,1,A,旅讀社區,2,選,40,32,,8,藍美雅,B01-110,,,,"9,10",,,,"[{""day"": 4, ""dayName"": ""星期四"", ""periods"": [""9"", ""10""], ""raw"": ""9,10""}]",禁止外加,,https://course.nuk.edu.tw/QueryCourse/tcontent.asp?OpenYear=111&Helf=2&Sclass=SO&Cono=A804,2026-08-26T18:26:42+00:00
111-2-SO-A840-A-1-A,111,2,共同與通識課程,SO,通識社會科學類,A840,A,大學部,1,A,媒體與公關實務,2,選,60,38,,22,鄭為松,B01-108,,,"10,11",,,,,"[{""day"": 3, ""dayName"": ""星期三"", ""periods"": [""10"", ""11""], ""raw"": ""10,11""}]",禁止外加,,https://course.nuk.edu.tw/QueryCourse/tcontent.asp?OpenYear=111&Helf=2&Sclass=SO&Cono=A840,2026-08-26T18:26:42+00:00
111-2-SO-A863-A-1-A,111,2,共同與通識課程,SO,通識社會科學類,A863,A,大學部,1,A,行政學的世界,2,選,60,60,,0,楊戊龍,L02-102,,,"7,8",,,,,"[{""day"": 3, ""dayName"": ""星期三"", ""periods"": [""7"", ""8""], ""raw"": ""7,8""}]",禁止外加,,https://course.nuk.edu.tw/QueryCourse/tcontent.asp?OpenYear=111&Helf=2&Sclass=SO&Cono=A863,2026-08-26T18:26:42+00:00
111-2-SO-A892-A-1-A,111,2,共同與通識課程,SO,通識社會科學類,A892,A,大學部,1,A,金融陷阱,2,選,60,60,,0,蔡宗廷,L02-204,,,"1,2",,,,,"[{""day"": 3, ""dayName"": ""星期三"", ""periods"": [""1"", ""2""], ""raw"": ""1,2""}]",禁止外加,,https://course.nuk.edu.tw/QueryCourse/tcontent.asp?OpenYear=111&Helf=2&Sclass=SO&Cono=A892,2026-08-26T18:26:42+00:00
111-2-SO-A963-A-1-A,111,2,共同與通識課程,SO,通識社會科學類,A963,A,大學部,1,A,人際關係,2,選,60,20,,40,陳永安,C02-107,,,,"3,4",,,,"[{""day"": 4, ""dayName"": ""星期四"", ""periods"": [""3"", ""4""], ""raw"": ""3,4""}]",禁止外加,,https://course.nuk.edu.tw/QueryCourse/tcontent.asp?OpenYear=111&Helf=2&Sclass=SO&Cono=A963,2026-08-26T18:26:42+00:00
111-2-SO-A972-A-1-A,111,2,共同與通識課程,SO,通識社會科學類,A972,A,大學部,1,A,壓力情緒管理,2,選,60,60,,0,柯慈姍,B01-109,,"10,11",,,,,,"[{""day"": 2, ""dayName"": ""星期二"", ""periods"": [""10"", ""11""], ""raw"": ""10,11""}]",禁止外加,,https://course.nuk.edu.tw/QueryCourse/tcontent.asp?OpenYear=111&Helf=2&Sclass=SO&Cono=A972,2026-08-26T18:26:42+00:00
111-2-SO-B012-A-1-A,111,2,共同與通識課程,SO,通識社會科學類,B012,A,大學部,1,A,民營化的迷思,2,選,60,56,,4,蔡宗廷,L02-204,,,"3,4",,,,,"[{""day"": 3, ""dayName"": ""星期三"", ""periods"": [""3"", ""4""], ""raw"": ""3,4""}]",禁止外加,,https://course.nuk.edu.tw/QueryCourse/tcontent.asp?OpenYear=111&Helf=2&Sclass=SO&Cono=B012,2026-08-26T18:26:42+00:00
111-2-SO-B051-A-1-A,111,2,共同與通識課程,SO,通識社會科學類,B051,A,大學部,1,A,智慧財產權,2,選,60,46,,14,陳玫君,B01-107,,"6,7",,,,,,"[{""day"": 2, ""dayName"": ""星期二"", ""periods"": [""6"", ""7""], ""raw"": ""6,7""}]",禁止外加,,https://course.nuk.edu.tw/QueryCourse/tcontent.asp?OpenYear=111&Helf=2&Sclass=SO&Cono=B051,2026-08-26T18:26:42+00:00
111-2-SO-B091-A-1-A,111,2,共同與通識課程,SO,通識社會科學類,B091,A,大學部,1,A,國際禮儀,2,選,60,58,,2,陳永安,M01-104,"3,4",,,,,,,"[{""day"": 1, ""dayName"": ""星期一"", ""periods"": [""3"", ""4""], ""raw"": ""3,4""}]",禁止外加,,https://course.nuk.edu.tw/QueryCourse/tcontent.asp?OpenYear=111&Helf=2&Sclass=SO&Cono=B091,2026-08-26T18:26:42+00:00
111-2-SO-B101-A-1-A,111,2,共同與通識課程,SO,通識社會科學類,B101,A,大學部,1,A,服務學習,3,選,40,39,,1,余進忠,C02-30022,"9,10, 11",,,,,,,"[{""day"": 1, ""dayName"": ""星期一"", ""periods"": [""9"", ""10"", ""11""], ""raw"": ""9,10, 11""}]",禁止外加,修習博雅通識【服務學習】課程，可同時抵認一學期共同必修【服務學習培養】課程(僅限一次),https://course.nuk.edu.tw/QueryCourse/tcontent.asp?OpenYear=111&Helf=2&Sclass=SO&Cono=B101,2026-08-26T18:26:42+00:00
111-2-SO-B102-A-1-A,111,2,共同與通識課程,SO,通識社會科學類,B102,A,大學部,1,A,服務學習,3,選,40,18,,22,陳靜儀,B01-107,"7,8, 9",,,,,,,"[{""day"": 1, ""dayName"": ""星期一"", ""periods"": [""7"", ""8"", ""9""], ""raw"": ""7,8, 9""}]",禁止外加,修習博雅通識【服務學習】課程，可同時抵認一學期共同必修【服務學習培養】課程(僅限一次),https://course.nuk.edu.tw/QueryCourse/tcontent.asp?OpenYear=111&Helf=2&Sclass=SO&Cono=B102,2026-08-26T18:26:42+00:00
111-2-SO-B103-A-1-A,111,2,共同與通識課程,SO,通識社會科學類,B103,A,大學部,1,A,服務學習,3,選,40,40,,0,邱昭文,C02-107,"8,9, 10",,,,,,,"[{""day"": 1, ""dayName"": ""星期一"", ""periods"": [""8"", ""9"", ""10""], ""raw"": ""8,9, 10""}]",禁止外加,修習博雅通識【服務學習】課程，可同時抵認一學期共同必修【服務學習培養】課程(僅限一次),https://course.nuk.edu.tw/QueryCourse/tcontent.asp?OpenYear=111&Helf=2&Sclass=SO&Cono=B103,2026-08-26T18:26:42+00:00
111-2-SO-B104-A-1-A,111,2,共同與通識課程,SO,通識社會科學類,B104,A,大學部,1,A,服務學習,3,選,40,35,,5,陳又菁,C02-108,"7,8, 9",,,,,,,"[{""day"": 1, ""dayName"": ""星期一"", ""periods"": [""7"", ""8"", ""9""], ""raw"": ""7,8, 9""}]",禁止外加,修習博雅通識【服務學習】課程，可同時抵認一學期共同必修【服務學習培養】課程(僅限一次),https://course.nuk.edu.tw/QueryCourse/tcontent.asp?OpenYear=111&Helf=2&Sclass=SO&Cono=B104,2026-08-26T18:26:42+00:00
111-2-SO-B105-A-1-A,111,2,共同與通識課程,SO,通識社會科學類,B105,A,大學部,1,A,服務學習,3,選,40,40,,0,陳致仁,B01-103,,,,"9,10, 11",,,,"[{""day"": 4, ""dayName"": ""星期四"", ""periods"": [""9"", ""10"", ""11""], ""raw"": ""9,10, 11""}]",禁止外加,修習博雅通識【服務學習】課程，可同時抵認一學期共同必修【服務學習培養】課程(僅限一次),https://course.nuk.edu.tw/QueryCourse/tcontent.asp?OpenYear=111&Helf=2&Sclass=SO&Cono=B105,2026-08-26T18:26:42+00:00
111-2-IFD-A50I-A-1-A,111,2,其他學程與教學單位,IFD,創新學院不分系,A50I,A,大學部,1,A,資料設計思考,3,選,40,36,,4,林杏子,L01-610,,"2,3, 4",,,,,,"[{""day"": 2, ""dayName"": ""星期二"", ""periods"": [""2"", ""3"", ""4""], ""raw"": ""2,3, 4""}]",限修 學程,本課程屬「XR 微學程」、「體感科技與數位創新學程」；創新學院主開並與資管系合開，創新學院課程適用「跨院選修可抵免通識，至多承認6學分」規定，教室為圖資610電腦教室，若因疫情課程變動將以Moodle 平台通知。,https://course.nuk.edu.tw/QueryCourse/tcontent.asp?OpenYear=111&Helf=2&Sclass=IFD&Cono=A50I,2026-08-26T18:26:42+00:00
111-2-IFD-A50X-A-1-A,111,2,其他學程與教學單位,IFD,創新學院不分系,A50X,A,大學部,1,A,遊戲化與服務設計思考在永續環境的應用,2,選,30,25,,5,李亭林,M01-B104,"5,6",,,,,,,"[{""day"": 1, ""dayName"": ""星期一"", ""periods"": [""5"", ""6""], ""raw"": ""5,6""}]",,創新學院主開，適用「跨院選修可抵免通識，至多承認6學分」規定，教室為管院B104，若因疫情課程變動將於課程大綱中註明線上會議方式。,https://course.nuk.edu.tw/QueryCourse/tcontent.asp?OpenYear=111&Helf=2&Sclass=IFD&Cono=A50X,2026-08-26T18:26:42+00:00
111-2-IFD-A61D-A-1-A,111,2,其他學程與教學單位,IFD,創新學院不分系,A61D,A,大學部,1,A,Unity遊戲設計與XR製作實務,2,選,37,37,,0,范立揚,L01-610,,,,,"5,6",,,"[{""day"": 5, ""dayName"": ""星期五"", ""periods"": [""5"", ""6""], ""raw"": ""5,6""}]",外加 學程,"本課程屬「XR 微學程」、「體感科技與數位創新學程」；創新學院課程適用「跨院選修可抵免通識，至多承認6學分」規定；若因疫情課程變動將以高大E-mail, 教學平台或通訊軟體課程群組通知，線上課程期間修課同學需自備電腦，教室:圖資610電腦教室",https://course.nuk.edu.tw/QueryCourse/tcontent.asp?OpenYear=111&Helf=2&Sclass=IFD&Cono=A61D,2026-08-26T18:26:42+00:00
111-2-IFD-A61E-A-1-A,111,2,其他學程與教學單位,IFD,創新學院不分系,A61E,A,大學部,1,A,XR 進階專案系統實務,3,選,14,10,,4,陳怡兆 業界教師,H3--110,,,"5,6, 7",,,,,"[{""day"": 3, ""dayName"": ""星期三"", ""periods"": [""5"", ""6"", ""7""], ""raw"": ""5,6, 7""}]",外加 學程,"本課程屬「XR 微學程」、「體感科技與數位創新學程」；創新學院課程適用「跨院選修可抵免通識，至多承認6學分」規定；若因疫情課程變動將以高大E-mail, 教學平台或通訊軟體課程群組通知，線上課程期間修課同學需自備電腦，教室:圖資610電腦教室",https://course.nuk.edu.tw/QueryCourse/tcontent.asp?OpenYear=111&Helf=2&Sclass=IFD&Cono=A61E,2026-08-26T18:26:42+00:00
111-2-IFD-A708-A-1-A,111,2,其他學程與教學單位,IFD,創新學院不分系,A708,A,大學部,1,A,心靈管理 有夢最美,2,選,30,15,,15,張秀瓊,L01-202,"5,6",,,,,,,"[{""day"": 1, ""dayName"": ""星期一"", ""periods"": [""5"", ""6""], ""raw"": ""5,6""}]",,本課程主開創新學院，適用「跨院選修可抵免通識，至多承認6學分」規定，教室為宅創空間(L01-202)，若因疫情課程變動將以LINE通知（ID 0928111535）。,https://course.nuk.edu.tw/QueryCourse/tcontent.asp?OpenYear=111&Helf=2&Sclass=IFD&Cono=A708,2026-08-26T18:26:42+00:00
111-2-IFD-A771-A-1-A,111,2,其他學程與教學單位,IFD,創新學院不分系,A771,A,大學部,1,A,遇見社區 訴說在地,3,選,31,16,,15,藍美雅 劉政暉,L01-202,,,,"5,6, 7",,,,"[{""day"": 4, ""dayName"": ""星期四"", ""periods"": [""5"", ""6"", ""7""], ""raw"": ""5,6, 7""}]",,創新學院主開，適用「跨院選修可抵免通識，至多承認6學分」規定，教室為宅創空間(L01-202)，若因疫情課程變動將以於高雄大學教學 4.0 平台公布，寄發電子信件個別通知。,https://course.nuk.edu.tw/QueryCourse/tcontent.asp?OpenYear=111&Helf=2&Sclass=IFD&Cono=A771,2026-08-26T18:26:42+00:00
111-2-IFD-A774-A-1-A,111,2,其他學程與教學單位,IFD,創新學院不分系,A774,A,大學部,1,A,偏左還是右？ 尋找屬於台灣的哲思之路,1,選,30,19,,11,劉政暉,,,,"7,8, 9",,,,,"[{""day"": 3, ""dayName"": ""星期三"", ""periods"": [""7"", ""8"", ""9""], ""raw"": ""7,8, 9""}]",,本課程主開創新學院，適用「跨院選修可抵免通識，至多承認6學分」規定，上課日期為2/15、2/22、3/22、3/29、4/19、4/26共6天15:10~18:10，教室為圖資一樓多媒體教室(L01-103)，若因疫情課程變動將於選課系統內公告。,https://course.nuk.edu.tw/QueryCourse/tcontent.asp?OpenYear=111&Helf=2&Sclass=IFD&Cono=A774,2026-08-26T18:26:42+00:00
111-2-IFD-A801-A-1-A,111,2,其他學程與教學單位,IFD,創新學院不分系,A801,A,大學部,1,A,元宇宙概論,2,選,18,18,,0,林宏殷,L01-202,,,"6,7",,,,,"[{""day"": 3, ""dayName"": ""星期三"", ""periods"": [""6"", ""7""], ""raw"": ""6,7""}]",外加,本課程主開創新學院，適用「跨院選修可抵免通識，至多承認6學分」規定，上課時間為每週三第67節，上課教室為宅創空間。若校內教學精進補助計畫通過，將會在第七周(3/29)安排校外分組體驗活動?VR真實體感活動?，上課時間改成中午12點到下午17點；第十五週(5/24)會在校內請業師協調教學 ?VR-Crevsion課程實作?上課時間改成下午13點到下午17點，需自備電腦。若因疫情課程變動將於LINE公告(ID: cme-nuk)。,https://course.nuk.edu.tw/QueryCourse/tcontent.asp?OpenYear=111&Helf=2&Sclass=IFD&Cono=A801,2026-08-26T18:26:42+00:00
111-2-IFD-A811-A-1-A,111,2,其他學程與教學單位,IFD,創新學院不分系,A811,A,大學部,1,A,敘事力與企業個案分析,2,選,30,9,,21,陳一民 李育齊,M01-208,,"2,3",,,,,,"[{""day"": 2, ""dayName"": ""星期二"", ""periods"": [""2"", ""3""], ""raw"": ""2,3""}]",,創新學院主開並與亞太系合開，教室為管理學院208教室，若因疫情課程變動將以通訊社交軟體通知。,https://course.nuk.edu.tw/QueryCourse/tcontent.asp?OpenYear=111&Helf=2&Sclass=IFD&Cono=A811,2026-08-26T18:26:42+00:00
111-2-IFD-A812-A-1-A,111,2,其他學程與教學單位,IFD,創新學院不分系,A812,A,大學部,1,A,大數據分析與 AI 創新應用,3,選,33,31,,2,曾智義,C01-104,,"5,6, 7",,,,,,"[{""day"": 2, ""dayName"": ""星期二"", ""periods"": [""5"", ""6"", ""7""], ""raw"": ""5,6, 7""}]",外加,主開創新學院並與通識中心合開，教室為工學院104教室，若因疫情課程變動將於選課系統備註遠 距上課連結。,https://course.nuk.edu.tw/QueryCourse/tcontent.asp?OpenYear=111&Helf=2&Sclass=IFD&Cono=A812,2026-08-26T18:26:42+00:00
111-2-IFD-A821-A-1-A,111,2,其他學程與教學單位,IFD,創新學院不分系,A821,A,大學部,1,A,泰國文化課程Ⅰ,3,選,41,38,,3,潘婉玲,H1--104,,,"5,6, 7",,,,,"[{""day"": 3, ""dayName"": ""星期三"", ""periods"": [""5"", ""6"", ""7""], ""raw"": ""5,6, 7""}]",限修及外加,創新學院主開並與東語系合開，適用「跨院選修可抵免通識，至多承認6學分」規定，教室為H2-101，若因疫情課程變動請聯繫信箱: warin.ppkin22@gmail.com,https://course.nuk.edu.tw/QueryCourse/tcontent.asp?OpenYear=111&Helf=2&Sclass=IFD&Cono=A821,2026-08-26T18:26:42+00:00
111-2-IFD-A50I-A-2-A,111,2,其他學程與教學單位,IFD,創新學院不分系,A50I,A,大學部,2,A,資料設計思考,3,選,40,36,,4,林杏子,L01-610,,"2,3, 4",,,,,,"[{""day"": 2, ""dayName"": ""星期二"", ""periods"": [""2"", ""3"", ""4""], ""raw"": ""2,3, 4""}]",限修及外加 學程,本課程屬「XR 微學程」、「體感科技與數位創新學程」；創新學院主開並與資管系合開，創新學院課程適用「跨院選修可抵免通識，至多承認6學分」規定，教室為圖資610電腦教室，若因疫情課程變動將以Moodle 平台通知。,https://course.nuk.edu.tw/QueryCourse/tcontent.asp?OpenYear=111&Helf=2&Sclass=IFD&Cono=A50I,2026-08-26T18:26:42+00:00
111-2-IFD-A811-A-2-A,111,2,其他學程與教學單位,IFD,創新學院不分系,A811,A,大學部,2,A,敘事力與企業個案分析,2,選,30,9,,21,陳一民 李育齊,M01-208,,"2,3",,,,,,"[{""day"": 2, ""dayName"": ""星期二"", ""periods"": [""2"", ""3""], ""raw"": ""2,3""}]",外加,創新學院主開並與亞太系合開，教室為管理學院208教室，若因疫情課程變動將以通訊社交軟體通知。,https://course.nuk.edu.tw/QueryCourse/tcontent.asp?OpenYear=111&Helf=2&Sclass=IFD&Cono=A811,2026-08-26T18:26:42+00:00
111-2-IFD-A50I-A-3-A,111,2,其他學程與教學單位,IFD,創新學院不分系,A50I,A,大學部,3,A,資料設計思考,3,選,40,36,,4,林杏子,L01-610,,"2,3, 4",,,,,,"[{""day"": 2, ""dayName"": ""星期二"", ""periods"": [""2"", ""3"", ""4""], ""raw"": ""2,3, 4""}]",限修及外加 學程,本課程屬「XR 微學程」、「體感科技與數位創新學程」；創新學院主開並與資管系合開，創新學院課程適用「跨院選修可抵免通識，至多承認6學分」規定，教室為圖資610電腦教室，若因疫情課程變動將以Moodle 平台通知。,https://course.nuk.edu.tw/QueryCourse/tcontent.asp?OpenYear=111&Helf=2&Sclass=IFD&Cono=A50I,2026-08-26T18:26:42+00:00
111-2-IFD-A50I-A-4-A,111,2,其他學程與教學單位,IFD,創新學院不分系,A50I,A,大學部,4,A,資料設計思考,3,選,40,36,,4,林杏子,L01-610,,"2,3, 4",,,,,,"[{""day"": 2, ""dayName"": ""星期二"", ""periods"": [""2"", ""3"", ""4""], ""raw"": ""2,3, 4""}]",限修 學程,本課程屬「XR 微學程」、「體感科技與數位創新學程」；創新學院主開並與資管系合開，創新學院課程適用「跨院選修可抵免通識，至多承認6學分」規定，教室為圖資610電腦教室，若因疫情課程變動將以Moodle 平台通知。,https://course.nuk.edu.tw/QueryCourse/tcontent.asp?OpenYear=111&Helf=2&Sclass=IFD&Cono=A50I,2026-08-26T18:26:42+00:00
111-2-IFD-A821-A-4-A,111,2,其他學程與教學單位,IFD,創新學院不分系,A821,A,大學部,4,A,泰國文化課程Ⅰ,3,選,41,38,,3,潘婉玲,H1--104,,,"5,6, 7",,,,,"[{""day"": 3, ""dayName"": ""星期三"", ""periods"": [""5"", ""6"", ""7""], ""raw"": ""5,6, 7""}]",限修,創新學院主開並與東語系合開，適用「跨院選修可抵免通識，至多承認6學分」規定，教室為H2-101，若因疫情課程變動請聯繫信箱: warin.ppkin22@gmail.com,https://course.nuk.edu.tw/QueryCourse/tcontent.asp?OpenYear=111&Helf=2&Sclass=IFD&Cono=A821,2026-08-26T18:26:42+00:00
111-2-CE-A01B-A-1-A,111,2,工學院,CE,土木與環境工程學系,A01B,A,大學部,1,A,微積分(二),3,必,76,72,,4,童士恆,B01-104,1,,"3,4",,,,,"[{""day"": 1, ""dayName"": ""星期一"", ""periods"": [""1""], ""raw"": ""1""}, {""day"": 3, ""dayName"": ""星期三"", ""periods"": [""3"", ""4""], ""raw"": ""3,4""}]",先修 限修,,https://course.nuk.edu.tw/QueryCourse/tcontent.asp?OpenYear=111&Helf=2&Sclass=CE&Cono=A01B,2026-08-26T18:26:42+00:00
111-2-CE-A041-A-1-A,111,2,工學院,CE,土木與環境工程學系,A041,A,大學部,1,A,工程統計學,3,必,60,56,,4,袁菁,C01-106,"2,3",4,,,,,,"[{""day"": 1, ""dayName"": ""星期一"", ""periods"": [""2"", ""3""], ""raw"": ""2,3""}, {""day"": 2, ""dayName"": ""星期二"", ""periods"": [""4""], ""raw"": ""4""}]",,,https://course.nuk.edu.tw/QueryCourse/tcontent.asp?OpenYear=111&Helf=2&Sclass=CE&Cono=A041,2026-08-26T18:26:42+00:00
111-2-CE-A061-A-1-A,111,2,工學院,CE,土木與環境工程學系,A061,A,大學部,1,A,工程圖學與電腦繪圖,2,必,65,64,,1,吳明淏,L01-108,,"5,6",,,,,,"[{""day"": 2, ""dayName"": ""星期二"", ""periods"": [""5"", ""6""], ""raw"": ""5,6""}]",外加,使用圖資108教室,https://course.nuk.edu.tw/QueryCourse/tcontent.asp?OpenYear=111&Helf=2&Sclass=CE&Cono=A061,2026-08-26T18:26:42+00:00
111-2-CE-A071-A-1-A,111,2,工學院,CE,土木與環境工程學系,A071,A,大學部,1,A,工程力學,3,必,75,71,,4,俞肇球,B01-104,,,,"3,4",1,,,"[{""day"": 4, ""dayName"": ""星期四"", ""periods"": [""3"", ""4""], ""raw"": ""3,4""}, {""day"": 5, ""dayName"": ""星期五"", ""periods"": [""1""], ""raw"": ""1""}]",,使用工學院大教室,https://course.nuk.edu.tw/QueryCourse/tcontent.asp?OpenYear=111&Helf=2&Sclass=CE&Cono=A071,2026-08-26T18:26:42+00:00
111-2-CE-A531-A-1-A,111,2,工學院,CE,土木與環境工程學系,A531,A,大學部,1,A,環境化學,3,選,60,47,,13,袁菁,C01-106,4,"2,3",,,,,,"[{""day"": 1, ""dayName"": ""星期一"", ""periods"": [""4""], ""raw"": ""4""}, {""day"": 2, ""dayName"": ""星期二"", ""periods"": [""2"", ""3""], ""raw"": ""2,3""}]",,,https://course.nuk.edu.tw/QueryCourse/tcontent.asp?OpenYear=111&Helf=2&Sclass=CE&Cono=A531,2026-08-26T18:26:42+00:00
111-2-CE-A582-A-1-A,111,2,工學院,CE,土木與環境工程學系,A582,A,大學部,1,A,永續環境導論,3,選,66,66,,0,蘇恩沁,B01-104,,,,2,"2,3",,,"[{""day"": 4, ""dayName"": ""星期四"", ""periods"": [""2""], ""raw"": ""2""}, {""day"": 5, ""dayName"": ""星期五"", ""periods"": [""2"", ""3""], ""raw"": ""2,3""}]",,,https://course.nuk.edu.tw/QueryCourse/tcontent.asp?OpenYear=111&Helf=2&Sclass=CE&Cono=A582,2026-08-26T18:26:42+00:00
111-2-CE-B02B-A-2-A,111,2,工學院,CE,土木與環境工程學系,B02B,A,大學部,2,A,環境分析及實驗〈二〉,2,必,60,56,,4,林秋良,C01-113 其他教室,,,,,"5,6, 7,8",,,"[{""day"": 5, ""dayName"": ""星期五"", ""periods"": [""5"", ""6"", ""7"", ""8""], ""raw"": ""5,6, 7,8""}]",,使用工113實驗室,https://course.nuk.edu.tw/QueryCourse/tcontent.asp?OpenYear=111&Helf=2&Sclass=CE&Cono=B02B,2026-08-26T18:26:42+00:00
111-2-CE-B031-A-2-A,111,2,工學院,CE,土木與環境工程學系,B031,A,大學部,2,A,土木工程實驗〈一〉,1,必,60,57,,3,陳韋志,C01-101 其他教室,,,,"5,6, 7",,,,"[{""day"": 4, ""dayName"": ""星期四"", ""periods"": [""5"", ""6"", ""7""], ""raw"": ""5,6, 7""}]",,使用工101實驗室,https://course.nuk.edu.tw/QueryCourse/tcontent.asp?OpenYear=111&Helf=2&Sclass=CE&Cono=B031,2026-08-26T18:26:42+00:00
111-2-CE-B04B-A-2-A,111,2,工學院,CE,土木與環境工程學系,B04B,A,大學部,2,A,工程數學〈二〉,3,必,71,60,,11,吳明淏,C01-B103,"5,6",7,,,,,,"[{""day"": 1, ""dayName"": ""星期一"", ""periods"": [""5"", ""6""], ""raw"": ""5,6""}, {""day"": 2, ""dayName"": ""星期二"", ""periods"": [""7""], ""raw"": ""7""}]",外加,,https://course.nuk.edu.tw/QueryCourse/tcontent.asp?OpenYear=111&Helf=2&Sclass=CE&Cono=B04B,2026-08-26T18:26:42+00:00
111-2-CE-B061-A-2-A,111,2,工學院,CE,土木與環境工程學系,B061,A,大學部,2,A,流體力學,3,必,80,67,,13,甯蜀光,C01-B103,,4,"2,3",,,,,"[{""day"": 2, ""dayName"": ""星期二"", ""periods"": [""4""], ""raw"": ""4""}, {""day"": 3, ""dayName"": ""星期三"", ""periods"": [""2"", ""3""], ""raw"": ""2,3""}]",,使用工學院大教室,https://course.nuk.edu.tw/QueryCourse/tcontent.asp?OpenYear=111&Helf=2&Sclass=CE&Cono=B061,2026-08-26T18:26:42+00:00
111-2-CE-B071-A-2-A,111,2,工學院,CE,土木與環境工程學系,B071,A,大學部,2,A,土壤力學,3,必,78,78,,0,童士恆,B01-104,"2,3",1,,,,,,"[{""day"": 1, ""dayName"": ""星期一"", ""periods"": [""2"", ""3""], ""raw"": ""2,3""}, {""day"": 2, ""dayName"": ""星期二"", ""periods"": [""1""], ""raw"": ""1""}]",外加,,https://course.nuk.edu.tw/QueryCourse/tcontent.asp?OpenYear=111&Helf=2&Sclass=CE&Cono=B071,2026-08-26T18:26:42+00:00
111-2-CE-B651-A-2-A,111,2,工學院,CE,土木與環境工程學系,B651,A,大學部,2,A,噪音與振動控制,3,選,60,27,,33,林琪,C01-B102,,,4,"3,4",,,,"[{""day"": 3, ""dayName"": ""星期三"", ""periods"": [""4""], ""raw"": ""4""}, {""day"": 4, ""dayName"": ""星期四"", ""periods"": [""3"", ""4""], ""raw"": ""3,4""}]",,,https://course.nuk.edu.tw/QueryCourse/tcontent.asp?OpenYear=111&Helf=2&Sclass=CE&Cono=B651,2026-08-26T18:26:42+00:00
111-2-CE-C663-A-2-A,111,2,工學院,CE,土木與環境工程學系,C663,A,大學部,2,A,空氣污染與防制,3,選,60,47,,13,林琪,C01-B102,,"2,3",,2,,,,"[{""day"": 2, ""dayName"": ""星期二"", ""periods"": [""2"", ""3""], ""raw"": ""2,3""}, {""day"": 4, ""dayName"": ""星期四"", ""periods"": [""2""], ""raw"": ""2""}]",,,https://course.nuk.edu.tw/QueryCourse/tcontent.asp?OpenYear=111&Helf=2&Sclass=CE&Cono=C663,2026-08-26T18:26:42+00:00
111-2-CE-D711-A-2-A,111,2,工學院,CE,土木與環境工程學系,D711,A,大學部,2,A,測量學實習,1,選,40,12,,28,俞肇球,C01-501-1,,,,,"2,3, 4",,,"[{""day"": 5, ""dayName"": ""星期五"", ""periods"": [""2"", ""3"", ""4""], ""raw"": ""2,3, 4""}]",先修,先修測量學及格(使用工501-1教室),https://course.nuk.edu.tw/QueryCourse/tcontent.asp?OpenYear=111&Helf=2&Sclass=CE&Cono=D711,2026-08-26T18:26:42+00:00
111-2-CE-C501-A-3-A,111,2,工學院,CE,土木與環境工程學系,C501,A,大學部,3,A,基礎工程,3,選,45,45,,0,陳韋志,C01-106,,,,2,"2,3",,,"[{""day"": 4, ""dayName"": ""星期四"", ""periods"": [""2""], ""raw"": ""2""}, {""day"": 5, ""dayName"": ""星期五"", ""periods"": [""2"", ""3""], ""raw"": ""2,3""}]",外加,,https://course.nuk.edu.tw/QueryCourse/tcontent.asp?OpenYear=111&Helf=2&Sclass=CE&Cono=C501,2026-08-26T18:26:42+00:00
111-2-CE-C543-A-3-B,111,2,工學院,CE,土木與環境工程學系,C543,A,大學部,3,B,流體力學,3,選,40,15,,25,甯蜀光,C01-413,"2,3, 4",,,,,,,"[{""day"": 1, ""dayName"": ""星期一"", ""periods"": [""2"", ""3"", ""4""], ""raw"": ""2,3, 4""}]",,,https://course.nuk.edu.tw/QueryCourse/tcontent.asp?OpenYear=111&Helf=2&Sclass=CE&Cono=C543,2026-08-26T18:26:42+00:00
111-2-CE-C591-A-3-A,111,2,工學院,CE,土木與環境工程學系,C591,A,大學部,3,A,鋼筋混凝土設計,3,選,60,28,,32,陳振華,C01-B101,"3,4, 7",,,,,,,"[{""day"": 1, ""dayName"": ""星期一"", ""periods"": [""3"", ""4"", ""7""], ""raw"": ""3,4, 7""}]",,,https://course.nuk.edu.tw/QueryCourse/tcontent.asp?OpenYear=111&Helf=2&Sclass=CE&Cono=C591,2026-08-26T18:26:42+00:00
111-2-CE-C603-A-3-B,111,2,工學院,CE,土木與環境工程學系,C603,A,大學部,3,B,結構學實例解析,3,選,40,12,,28,劉紀宏,C01-B101,,,,,"8,9, 10",,,"[{""day"": 5, ""dayName"": ""星期五"", ""periods"": [""8"", ""9"", ""10""], ""raw"": ""8,9, 10""}]",限修,,https://course.nuk.edu.tw/QueryCourse/tcontent.asp?OpenYear=111&Helf=2&Sclass=CE&Cono=C603,2026-08-26T18:26:42+00:00
111-2-CE-C672-A-3-A,111,2,工學院,CE,土木與環境工程學系,C672,A,大學部,3,A,預力混凝土工程,3,選,40,32,,8,施俊揚,C01-B102,,,"1,2",,5,,,"[{""day"": 3, ""dayName"": ""星期三"", ""periods"": [""1"", ""2""], ""raw"": ""1,2""}, {""day"": 5, ""dayName"": ""星期五"", ""periods"": [""5""], ""raw"": ""5""}]",,,https://course.nuk.edu.tw/QueryCourse/tcontent.asp?OpenYear=111&Helf=2&Sclass=CE&Cono=C672,2026-08-26T18:26:42+00:00
111-2-CE-C681-A-3-B,111,2,工學院,CE,土木與環境工程學系,C681,A,大學部,3,B,鋼結構設計,3,選,40,12,,28,林庚達,C01-B101,,,,,"5,6, 7",,,"[{""day"": 5, ""dayName"": ""星期五"", ""periods"": [""5"", ""6"", ""7""], ""raw"": ""5,6, 7""}]",限修,,https://course.nuk.edu.tw/QueryCourse/tcontent.asp?OpenYear=111&Helf=2&Sclass=CE&Cono=C681,2026-08-26T18:26:42+00:00
111-2-CE-C711-A-3-A,111,2,工學院,CE,土木與環境工程學系,C711,A,大學部,3,A,環境品質檢測分析,3,選,40,35,,5,林秋良,C01-413,,,,"3,4",4,,,"[{""day"": 4, ""dayName"": ""星期四"", ""periods"": [""3"", ""4""], ""raw"": ""3,4""}, {""day"": 5, ""dayName"": ""星期五"", ""periods"": [""4""], ""raw"": ""4""}]",,,https://course.nuk.edu.tw/QueryCourse/tcontent.asp?OpenYear=111&Helf=2&Sclass=CE&Cono=C711,2026-08-26T18:26:42+00:00
111-2-CE-C731-A-3-A,111,2,工學院,CE,土木與環境工程學系,C731,A,大學部,3,A,房屋結構設計,3,選,40,16,,24,陳振華,C01-B101,"2,5, 6",,,,,,,"[{""day"": 1, ""dayName"": ""星期一"", ""periods"": [""2"", ""5"", ""6""], ""raw"": ""2,5, 6""}]",,,https://course.nuk.edu.tw/QueryCourse/tcontent.asp?OpenYear=111&Helf=2&Sclass=CE&Cono=C731,2026-08-26T18:26:42+00:00
111-2-CE-C741-A-3-A,111,2,工學院,CE,土木與環境工程學系,C741,A,大學部,3,A,專題研究〈二〉,2,選,40,10,,30,甯蜀光,C01-106,,Y,Y,,,,,"[{""day"": 2, ""dayName"": ""星期二"", ""periods"": [""Y""], ""raw"": ""Y""}, {""day"": 3, ""dayName"": ""星期三"", ""periods"": [""Y""], ""raw"": ""Y""}]",,專題研究(一)及(二)須一併修畢始可取得3學分,https://course.nuk.edu.tw/QueryCourse/tcontent.asp?OpenYear=111&Helf=2&Sclass=CE&Cono=C741,2026-08-26T18:26:42+00:00
111-2-CE-C811-A-3-A,111,2,工學院,CE,土木與環境工程學系,C811,A,大學部,3,A,工業廢水處理,3,選,40,14,,26,蘇恩沁,C01-414,,,,"5,6",5,,,"[{""day"": 4, ""dayName"": ""星期四"", ""periods"": [""5"", ""6""], ""raw"": ""5,6""}, {""day"": 5, ""dayName"": ""星期五"", ""periods"": [""5""], ""raw"": ""5""}]",,,https://course.nuk.edu.tw/QueryCourse/tcontent.asp?OpenYear=111&Helf=2&Sclass=CE&Cono=C811,2026-08-26T18:26:42+00:00
111-2-CE-F581-A-3-A,111,2,工學院,CE,土木與環境工程學系,F581,A,大學部,3,A,空氣污染控制設計,3,選,40,5,,35,林琪,C01-413,,4,"2,3",,,,,"[{""day"": 2, ""dayName"": ""星期二"", ""periods"": [""4""], ""raw"": ""4""}, {""day"": 3, ""dayName"": ""星期三"", ""periods"": [""2"", ""3""], ""raw"": ""2,3""}]",,大四研一合開,https://course.nuk.edu.tw/QueryCourse/tcontent.asp?OpenYear=111&Helf=2&Sclass=CE&Cono=F581,2026-08-26T18:26:42+00:00
111-2-CE-C701-A-4-A,111,2,工學院,CE,土木與環境工程學系,C701,A,大學部,4,A,施工法,3,選,40,23,,17,童士恆,B01-104,,"2,3",2,,,,,"[{""day"": 2, ""dayName"": ""星期二"", ""periods"": [""2"", ""3""], ""raw"": ""2,3""}, {""day"": 3, ""dayName"": ""星期三"", ""periods"": [""2""], ""raw"": ""2""}]",,,https://course.nuk.edu.tw/QueryCourse/tcontent.asp?OpenYear=111&Helf=2&Sclass=CE&Cono=C701,2026-08-26T18:26:42+00:00
111-2-CE-C851-A-4-A,111,2,工學院,CE,土木與環境工程學系,C851,A,大學部,4,A,營建管理,3,選,40,39,,1,蔡幸致,C01-107 其他教室,,4,,"7,8",,,,"[{""day"": 2, ""dayName"": ""星期二"", ""periods"": [""4""], ""raw"": ""4""}, {""day"": 4, ""dayName"": ""星期四"", ""periods"": [""7"", ""8""], ""raw"": ""7,8""}]",,,https://course.nuk.edu.tw/QueryCourse/tcontent.asp?OpenYear=111&Helf=2&Sclass=CE&Cono=C851,2026-08-26T18:26:42+00:00
111-2-CE-D582-A-4-A,111,2,工學院,CE,土木與環境工程學系,D582,A,大學部,4,A,營建與環保法規實務,2,選,76,76,,0,張簡明杰,C01-B104,,,"7,8",,,,,"[{""day"": 3, ""dayName"": ""星期三"", ""periods"": [""7"", ""8""], ""raw"": ""7,8""}]",外加,法學畢業門檻課程，授課教師張簡明杰老師,https://course.nuk.edu.tw/QueryCourse/tcontent.asp?OpenYear=111&Helf=2&Sclass=CE&Cono=D582,2026-08-26T18:26:42+00:00
111-2-CE-D583-A-4-B,111,2,工學院,CE,土木與環境工程學系,D583,A,大學部,4,B,營建管理,3,選,40,17,,23,蔡幸致,C01-106,,"5,6, 7",,,,,,"[{""day"": 2, ""dayName"": ""星期二"", ""periods"": [""5"", ""6"", ""7""], ""raw"": ""5,6, 7""}]",限修,,https://course.nuk.edu.tw/QueryCourse/tcontent.asp?OpenYear=111&Helf=2&Sclass=CE&Cono=D583,2026-08-26T18:26:42+00:00
111-2-CE-D584-A-4-B,111,2,工學院,CE,土木與環境工程學系,D584,A,大學部,4,B,營建法規,2,選,40,26,,14,張簡明杰,C01-106,,,"5,6",,,,,"[{""day"": 3, ""dayName"": ""星期三"", ""periods"": [""5"", ""6""], ""raw"": ""5,6""}]",限修,法學畢業門檻課程，授課教師張簡明杰老師,https://course.nuk.edu.tw/QueryCourse/tcontent.asp?OpenYear=111&Helf=2&Sclass=CE&Cono=D584,2026-08-26T18:26:42+00:00
111-2-CE-D592-A-4-B,111,2,工學院,CE,土木與環境工程學系,D592,A,大學部,4,B,材料力學實例解析,3,選,40,16,,24,陳純森,C01-B101,,,,"6,7, 8",,,,"[{""day"": 4, ""dayName"": ""星期四"", ""periods"": [""6"", ""7"", ""8""], ""raw"": ""6,7, 8""}]",限修,,https://course.nuk.edu.tw/QueryCourse/tcontent.asp?OpenYear=111&Helf=2&Sclass=CE&Cono=D592,2026-08-26T18:26:42+00:00
111-2-CE-D672-A-4-B,111,2,工學院,CE,土木與環境工程學系,D672,A,大學部,4,B,工程識圖,3,選,40,13,,27,林庚達,C01-B102,,,,,"8,9, 10",,,"[{""day"": 5, ""dayName"": ""星期五"", ""periods"": [""8"", ""9"", ""10""], ""raw"": ""8,9, 10""}]",限修,,https://course.nuk.edu.tw/QueryCourse/tcontent.asp?OpenYear=111&Helf=2&Sclass=CE&Cono=D672,2026-08-26T18:26:42+00:00
111-2-CE-D70B-A-4-A,111,2,工學院,CE,土木與環境工程學系,D70B,A,大學部,4,A,業界實習(2),9,選,40,3,,37,俞肇球,C01-413,,,,,,X,,"[{""day"": 6, ""dayName"": ""星期六"", ""periods"": [""X""], ""raw"": ""X""}]",限修,限土環系大四學生選課 實習總時數:486,https://course.nuk.edu.tw/QueryCourse/tcontent.asp?OpenYear=111&Helf=2&Sclass=CE&Cono=D70B,2026-08-26T18:26:42+00:00
111-2-CE-D70B-A-4-B,111,2,工學院,CE,土木與環境工程學系,D70B,A,大學部,4,B,業界實習(2),9,選,40,3,,37,俞肇球,C01-413,,,,,,X,,"[{""day"": 6, ""dayName"": ""星期六"", ""periods"": [""X""], ""raw"": ""X""}]",限修,限土環系大四學生選課,https://course.nuk.edu.tw/QueryCourse/tcontent.asp?OpenYear=111&Helf=2&Sclass=CE&Cono=D70B,2026-08-26T18:26:42+00:00
111-2-CE-F513-A-4-A,111,2,工學院,CE,土木與環境工程學系,F513,A,大學部,4,A,結構矩陣,3,選,40,11,,29,蔡幸致,C01-107 其他教室,,3,,"5,6",,,,"[{""day"": 2, ""dayName"": ""星期二"", ""periods"": [""3""], ""raw"": ""3""}, {""day"": 4, ""dayName"": ""星期四"", ""periods"": [""5"", ""6""], ""raw"": ""5,6""}]",,大四研一合開,https://course.nuk.edu.tw/QueryCourse/tcontent.asp?OpenYear=111&Helf=2&Sclass=CE&Cono=F513,2026-08-26T18:26:42+00:00
111-2-CE-F516-A-4-A,111,2,工學院,CE,土木與環境工程學系,F516,A,大學部,4,A,結構耐震設計,3,選,40,16,,24,施俊揚,C01-B102,,,3,,"6,7",,,"[{""day"": 3, ""dayName"": ""星期三"", ""periods"": [""3""], ""raw"": ""3""}, {""day"": 5, ""dayName"": ""星期五"", ""periods"": [""6"", ""7""], ""raw"": ""6,7""}]",,大四研一合開,https://course.nuk.edu.tw/QueryCourse/tcontent.asp?OpenYear=111&Helf=2&Sclass=CE&Cono=F516,2026-08-26T18:26:42+00:00
111-2-CE-F51E-A-4-A,111,2,工學院,CE,土木與環境工程學系,F51E,A,大學部,4,A,專題討論,2,選,40,11,,29,蘇恩沁 俞肇球,C01-106,,,"7,8",,,,,"[{""day"": 3, ""dayName"": ""星期三"", ""periods"": [""7"", ""8""], ""raw"": ""7,8""}]",,大四研一合開,https://course.nuk.edu.tw/QueryCourse/tcontent.asp?OpenYear=111&Helf=2&Sclass=CE&Cono=F51E,2026-08-26T18:26:42+00:00
111-2-CE-F581-A-4-A,111,2,工學院,CE,土木與環境工程學系,F581,A,大學部,4,A,空氣污染控制設計,3,選,40,5,,35,林琪,C01-413,,4,"2,3",,,,,"[{""day"": 2, ""dayName"": ""星期二"", ""periods"": [""4""], ""raw"": ""4""}, {""day"": 3, ""dayName"": ""星期三"", ""periods"": [""2"", ""3""], ""raw"": ""2,3""}]",,大四研一合開,https://course.nuk.edu.tw/QueryCourse/tcontent.asp?OpenYear=111&Helf=2&Sclass=CE&Cono=F581,2026-08-26T18:26:42+00:00
111-2-CE-F601-A-4-A,111,2,工學院,CE,土木與環境工程學系,F601,A,大學部,4,A,有限元素法,3,選,40,9,,31,俞肇球,C01-413,,,,"2,5, 6",,,,"[{""day"": 4, ""dayName"": ""星期四"", ""periods"": [""2"", ""5"", ""6""], ""raw"": ""2,5, 6""}]",,大四研一合開,https://course.nuk.edu.tw/QueryCourse/tcontent.asp?OpenYear=111&Helf=2&Sclass=CE&Cono=F601,2026-08-26T18:26:42+00:00
111-2-CE-F642-A-4-A,111,2,工學院,CE,土木與環境工程學系,F642,A,大學部,4,A,高等物理化學處理,3,選,40,6,,34,蘇恩沁,C01-B107-1,,,,"3,4",4,,,"[{""day"": 4, ""dayName"": ""星期四"", ""periods"": [""3"", ""4""], ""raw"": ""3,4""}, {""day"": 5, ""dayName"": ""星期五"", ""periods"": [""4""], ""raw"": ""4""}]",,大四研一合開,https://course.nuk.edu.tw/QueryCourse/tcontent.asp?OpenYear=111&Helf=2&Sclass=CE&Cono=F642,2026-08-26T18:26:42+00:00
111-2-CE-F661-A-4-A,111,2,工學院,CE,土木與環境工程學系,F661,A,大學部,4,A,風工程,3,選,40,5,,35,陳振華,C01-B101,8,"6,7",,,,,,"[{""day"": 1, ""dayName"": ""星期一"", ""periods"": [""8""], ""raw"": ""8""}, {""day"": 2, ""dayName"": ""星期二"", ""periods"": [""6"", ""7""], ""raw"": ""6,7""}]",,大四研一合開,https://course.nuk.edu.tw/QueryCourse/tcontent.asp?OpenYear=111&Helf=2&Sclass=CE&Cono=F661,2026-08-26T18:26:42+00:00
111-2-CE-F513-M-1-,111,2,工學院,CE,土木與環境工程學系,F513,M,碩士班,1,,結構矩陣,3,選,40,11,,29,蔡幸致,C01-107 其他教室,,3,,"5,6",,,,"[{""day"": 2, ""dayName"": ""星期二"", ""periods"": [""3""], ""raw"": ""3""}, {""day"": 4, ""dayName"": ""星期四"", ""periods"": [""5"", ""6""], ""raw"": ""5,6""}]",,大四研一合開,https://course.nuk.edu.tw/QueryCourse/tcontent.asp?OpenYear=111&Helf=2&Sclass=CE&Cono=F513,2026-08-26T18:26:42+00:00
111-2-CE-F516-M-1-,111,2,工學院,CE,土木與環境工程學系,F516,M,碩士班,1,,結構耐震設計,3,選,40,16,,24,施俊揚,C01-B102,,,3,,"6,7",,,"[{""day"": 3, ""dayName"": ""星期三"", ""periods"": [""3""], ""raw"": ""3""}, {""day"": 5, ""dayName"": ""星期五"", ""periods"": [""6"", ""7""], ""raw"": ""6,7""}]",,大四研一合開,https://course.nuk.edu.tw/QueryCourse/tcontent.asp?OpenYear=111&Helf=2&Sclass=CE&Cono=F516,2026-08-26T18:26:42+00:00
111-2-CE-F51E-M-1-,111,2,工學院,CE,土木與環境工程學系,F51E,M,碩士班,1,,專題討論,2,選,40,11,,29,蘇恩沁 俞肇球,C01-106,,,"7,8",,,,,"[{""day"": 3, ""dayName"": ""星期三"", ""periods"": [""7"", ""8""], ""raw"": ""7,8""}]",,大四研一合開,https://course.nuk.edu.tw/QueryCourse/tcontent.asp?OpenYear=111&Helf=2&Sclass=CE&Cono=F51E,2026-08-26T18:26:42+00:00
111-2-CE-F581-M-1-,111,2,工學院,CE,土木與環境工程學系,F581,M,碩士班,1,,空氣污染控制設計,3,選,40,5,,35,林琪,C01-413,,4,"2,3",,,,,"[{""day"": 2, ""dayName"": ""星期二"", ""periods"": [""4""], ""raw"": ""4""}, {""day"": 3, ""dayName"": ""星期三"", ""periods"": [""2"", ""3""], ""raw"": ""2,3""}]",,大四研一合開,https://course.nuk.edu.tw/QueryCourse/tcontent.asp?OpenYear=111&Helf=2&Sclass=CE&Cono=F581,2026-08-26T18:26:42+00:00
111-2-CE-F601-M-1-,111,2,工學院,CE,土木與環境工程學系,F601,M,碩士班,1,,有限元素法,3,選,40,9,,31,俞肇球,C01-413,,,,"2,5, 6",,,,"[{""day"": 4, ""dayName"": ""星期四"", ""periods"": [""2"", ""5"", ""6""], ""raw"": ""2,5, 6""}]",,大四研一合開,https://course.nuk.edu.tw/QueryCourse/tcontent.asp?OpenYear=111&Helf=2&Sclass=CE&Cono=F601,2026-08-26T18:26:42+00:00
111-2-CE-F642-M-1-,111,2,工學院,CE,土木與環境工程學系,F642,M,碩士班,1,,高等物理化學處理,3,選,40,6,,34,蘇恩沁,C01-B107-1,,,,"3,4",4,,,"[{""day"": 4, ""dayName"": ""星期四"", ""periods"": [""3"", ""4""], ""raw"": ""3,4""}, {""day"": 5, ""dayName"": ""星期五"", ""periods"": [""4""], ""raw"": ""4""}]",,大四研一合開,https://course.nuk.edu.tw/QueryCourse/tcontent.asp?OpenYear=111&Helf=2&Sclass=CE&Cono=F642,2026-08-26T18:26:42+00:00
111-2-CE-F661-M-1-,111,2,工學院,CE,土木與環境工程學系,F661,M,碩士班,1,,風工程,3,選,40,5,,35,陳振華,C01-B101,8,"6,7",,,,,,"[{""day"": 1, ""dayName"": ""星期一"", ""periods"": [""8""], ""raw"": ""8""}, {""day"": 2, ""dayName"": ""星期二"", ""periods"": [""6"", ""7""], ""raw"": ""6,7""}]",,大四研一合開,https://course.nuk.edu.tw/QueryCourse/tcontent.asp?OpenYear=111&Helf=2&Sclass=CE&Cono=F661,2026-08-26T18:26:42+00:00
111-2-CM-A01B-A-1-A,111,2,工學院,CM,化學工程及材料工程學系,A01B,A,大學部,1,A,微積分(二),3,必,60,58,,2,黃祥哲,C01-B104,"5,6, 7",,,,,,,"[{""day"": 1, ""dayName"": ""星期一"", ""periods"": [""5"", ""6"", ""7""], ""raw"": ""5,6, 7""}]",,,https://course.nuk.edu.tw/QueryCourse/tcontent.asp?OpenYear=111&Helf=2&Sclass=CM&Cono=A01B,2026-08-26T18:26:42+00:00
111-2-CM-A031-A-1-A,111,2,工學院,CM,化學工程及材料工程學系,A031,A,大學部,1,A,普通物理實驗,1,必,60,54,,6,楊證富,C01-308,,"10,11, 12",,,,,,"[{""day"": 2, ""dayName"": ""星期二"", ""periods"": [""10"", ""11"", ""12""], ""raw"": ""10,11, 12""}]",,,https://course.nuk.edu.tw/QueryCourse/tcontent.asp?OpenYear=111&Helf=2&Sclass=CM&Cono=A031,2026-08-26T18:26:42+00:00
111-2-CM-A04B-A-1-A,111,2,工學院,CM,化學工程及材料工程學系,A04B,A,大學部,1,A,普通化學(二),2,必,60,51,,9,王宗櫚,C01-105,,"3,4",,,,,,"[{""day"": 2, ""dayName"": ""星期二"", ""periods"": [""3"", ""4""], ""raw"": ""3,4""}]",學程,屬高值化金屬製備學程,https://course.nuk.edu.tw/QueryCourse/tcontent.asp?OpenYear=111&Helf=2&Sclass=CM&Cono=A04B,2026-08-26T18:26:42+00:00
111-2-CM-A07B-A-1-A,111,2,工學院,CM,化學工程及材料工程學系,A07B,A,大學部,1,A,化工與材料科學導論(二),3,必,60,52,,8,王瑞琪,C01-105,,,,"2,3, 4",,,,"[{""day"": 4, ""dayName"": ""星期四"", ""periods"": [""2"", ""3"", ""4""], ""raw"": ""2,3, 4""}]",學程,屬高值化金屬製備學程,https://course.nuk.edu.tw/QueryCourse/tcontent.asp?OpenYear=111&Helf=2&Sclass=CM&Cono=A07B,2026-08-26T18:26:42+00:00
111-2-CM-A191-A-1-A,111,2,工學院,CM,化學工程及材料工程學系,A191,A,大學部,1,A,電子電工學,3,必,65,61,,4,楊證富,C01-105,"1,2, 3",,,,,,,"[{""day"": 1, ""dayName"": ""星期一"", ""periods"": [""1"", ""2"", ""3""], ""raw"": ""1,2, 3""}]",,,https://course.nuk.edu.tw/QueryCourse/tcontent.asp?OpenYear=111&Helf=2&Sclass=CM&Cono=A191,2026-08-26T18:26:42+00:00
111-2-CM-B01A-A-1-A,111,2,工學院,CM,化學工程及材料工程學系,B01A,A,大學部,1,A,物理化學(一),3,必,70,58,,12,陳文正,B01-105,,,"2,3, 4",,,,,"[{""day"": 3, ""dayName"": ""星期三"", ""periods"": [""2"", ""3"", ""4""], ""raw"": ""2,3, 4""}]",,,https://course.nuk.edu.tw/QueryCourse/tcontent.asp?OpenYear=111&Helf=2&Sclass=CM&Cono=B01A,2026-08-26T18:26:42+00:00
111-2-CM-B00B-A-2-A,111,2,工學院,CM,化學工程及材料工程學系,B00B,A,大學部,2,A,工程數學(二),3,必,60,47,,13,楊乾信,B01-105,,,,"2,3, 4",,,,"[{""day"": 4, ""dayName"": ""星期四"", ""periods"": [""2"", ""3"", ""4""], ""raw"": ""2,3, 4""}]",,,https://course.nuk.edu.tw/QueryCourse/tcontent.asp?OpenYear=111&Helf=2&Sclass=CM&Cono=B00B,2026-08-26T18:26:42+00:00
111-2-CM-B031-A-2-A,111,2,工學院,CM,化學工程及材料工程學系,B031,A,大學部,2,A,材料化學實驗,1,必,40,24,,16,蘇進成,C01-112 其他教室,"5,6, 7",,,,,,,"[{""day"": 1, ""dayName"": ""星期一"", ""periods"": [""5"", ""6"", ""7""], ""raw"": ""5,6, 7""}]",,請學號單號同學選修本課程，教室使用112實驗室與普通教室,https://course.nuk.edu.tw/QueryCourse/tcontent.asp?OpenYear=111&Helf=2&Sclass=CM&Cono=B031,2026-08-26T18:26:42+00:00
111-2-CM-B080-A-2-A,111,2,工學院,CM,化學工程及材料工程學系,B080,A,大學部,2,A,物理化學實驗,1,必,40,23,,17,陳文正,C01-112 其他教室,,,,,"5,6, 7",,,"[{""day"": 5, ""dayName"": ""星期五"", ""periods"": [""5"", ""6"", ""7""], ""raw"": ""5,6, 7""}]",,請學號雙號同學選修本課程，教室使用112實驗室與普通教室,https://course.nuk.edu.tw/QueryCourse/tcontent.asp?OpenYear=111&Helf=2&Sclass=CM&Cono=B080,2026-08-26T18:26:42+00:00
111-2-CM-B092-A-2-A,111,2,工學院,CM,化學工程及材料工程學系,B092,A,大學部,2,A,有機材料化學(二),3,必,60,47,,13,鍾宜璋,C01-107,"2,3, 4",,,,,,,"[{""day"": 1, ""dayName"": ""星期一"", ""periods"": [""2"", ""3"", ""4""], ""raw"": ""2,3, 4""}]",,,https://course.nuk.edu.tw/QueryCourse/tcontent.asp?OpenYear=111&Helf=2&Sclass=CM&Cono=B092,2026-08-26T18:26:42+00:00
111-2-CM-B592-A-2-A,111,2,工學院,CM,化學工程及材料工程學系,B592,A,大學部,2,A,高分子化學,3,選,60,31,,29,王宗櫚,C01-105,,,"2,3, 4",,,,,"[{""day"": 3, ""dayName"": ""星期三"", ""periods"": [""2"", ""3"", ""4""], ""raw"": ""2,3, 4""}]",,,https://course.nuk.edu.tw/QueryCourse/tcontent.asp?OpenYear=111&Helf=2&Sclass=CM&Cono=B592,2026-08-26T18:26:42+00:00
111-2-CM-C091-A-2-A,111,2,工學院,CM,化學工程及材料工程學系,C091,A,大學部,2,A,化工與材料動力學,3,必,60,53,,7,蘇進成,C01-105,,"5,6, 7",,,,,,"[{""day"": 2, ""dayName"": ""星期二"", ""periods"": [""5"", ""6"", ""7""], ""raw"": ""5,6, 7""}]",,,https://course.nuk.edu.tw/QueryCourse/tcontent.asp?OpenYear=111&Helf=2&Sclass=CM&Cono=C091,2026-08-26T18:26:42+00:00
111-2-CM-C512-A-2-A,111,2,工學院,CM,化學工程及材料工程學系,C512,A,大學部,2,A,物理冶金專題,3,選,60,41,,19,呂正傑,C01-B102-1,,"2,3, 4",,,,,,"[{""day"": 2, ""dayName"": ""星期二"", ""periods"": [""2"", ""3"", ""4""], ""raw"": ""2,3, 4""}]",學程,屬高值化金屬製備學程,https://course.nuk.edu.tw/QueryCourse/tcontent.asp?OpenYear=111&Helf=2&Sclass=CM&Cono=C512,2026-08-26T18:26:42+00:00
111-2-CM-C651-A-2-A,111,2,工學院,CM,化學工程及材料工程學系,C651,A,大學部,2,A,儀器分析,3,選,50,47,,3,陳文正,C01-105,,,,"5,6, 7",,,,"[{""day"": 4, ""dayName"": ""星期四"", ""periods"": [""5"", ""6"", ""7""], ""raw"": ""5,6, 7""}]",學程,屬「磁電材料」跨院系學分學程,https://course.nuk.edu.tw/QueryCourse/tcontent.asp?OpenYear=111&Helf=2&Sclass=CM&Cono=C651,2026-08-26T18:26:42+00:00
111-2-CM-B11B-A-3-A,111,2,工學院,CM,化學工程及材料工程學系,B11B,A,大學部,3,A,化工與材料輸送現象(二),3,必,60,45,,15,簡秀紋,C01-B103,,"10,11, 12",,,,,,"[{""day"": 2, ""dayName"": ""星期二"", ""periods"": [""10"", ""11"", ""12""], ""raw"": ""10,11, 12""}]",,,https://course.nuk.edu.tw/QueryCourse/tcontent.asp?OpenYear=111&Helf=2&Sclass=CM&Cono=B11B,2026-08-26T18:26:42+00:00
111-2-CM-B531-A-3-A,111,2,工學院,CM,化學工程及材料工程學系,B531,A,大學部,3,A,生物化學,3,選,32,11,,21,葛孟杰,C02-106,,,"2,3, 4",,,,,"[{""day"": 3, ""dayName"": ""星期三"", ""periods"": [""2"", ""3"", ""4""], ""raw"": ""2,3, 4""}]",,,https://course.nuk.edu.tw/QueryCourse/tcontent.asp?OpenYear=111&Helf=2&Sclass=CM&Cono=B531,2026-08-26T18:26:42+00:00
111-2-CM-C072-A-3-A,111,2,工學院,CM,化學工程及材料工程學系,C072,A,大學部,3,A,化工與材料實驗(II),1,必,60,46,,14,王宗櫚 楊乾信 鍾宜璋,C01-112 其他教室,,,,"5,6, 7,8",,,,"[{""day"": 4, ""dayName"": ""星期四"", ""periods"": [""5"", ""6"", ""7"", ""8""], ""raw"": ""5,6, 7,8""}]",,教室使用工學院112實驗室與普通教室授課,https://course.nuk.edu.tw/QueryCourse/tcontent.asp?OpenYear=111&Helf=2&Sclass=CM&Cono=C072,2026-08-26T18:26:42+00:00
111-2-CM-C10B-A-3-A,111,2,工學院,CM,化學工程及材料工程學系,C10B,A,大學部,3,A,化工與材料熱力學(II),3,必,60,50,,10,呂正傑,C01-107,"5,6, 7",,,,,,,"[{""day"": 1, ""dayName"": ""星期一"", ""periods"": [""5"", ""6"", ""7""], ""raw"": ""5,6, 7""}]",學程,屬高值化金屬製備特色人才培育學程,https://course.nuk.edu.tw/QueryCourse/tcontent.asp?OpenYear=111&Helf=2&Sclass=CM&Cono=C10B,2026-08-26T18:26:42+00:00
111-2-CM-C642-A-3-A,111,2,工學院,CM,化學工程及材料工程學系,C642,A,大學部,3,A,專題研究(二),1,選,60,12,,48,陳文正 王宗櫚 何文福 楊乾信 林東毅 鍾宜璋,C01-105,,X,X,X,,,,"[{""day"": 2, ""dayName"": ""星期二"", ""periods"": [""X""], ""raw"": ""X""}, {""day"": 3, ""dayName"": ""星期三"", ""periods"": [""X""], ""raw"": ""X""}, {""day"": 4, ""dayName"": ""星期四"", ""periods"": [""X""], ""raw"": ""X""}]",,,https://course.nuk.edu.tw/QueryCourse/tcontent.asp?OpenYear=111&Helf=2&Sclass=CM&Cono=C642,2026-08-26T18:26:42+00:00
111-2-CM-C665-A-3-A,111,2,工學院,CM,化學工程及材料工程學系,C665,A,大學部,3,A,鈦合金材料特性與應用,3,選,30,11,,19,何文福,C01-105,,,"5,6, 7",,,,,"[{""day"": 3, ""dayName"": ""星期三"", ""periods"": [""5"", ""6"", ""7""], ""raw"": ""5,6, 7""}]",,,https://course.nuk.edu.tw/QueryCourse/tcontent.asp?OpenYear=111&Helf=2&Sclass=CM&Cono=C665,2026-08-26T18:26:42+00:00
111-2-CM-D07A-A-3-A,111,2,工學院,CM,化學工程及材料工程學系,D07A,A,大學部,3,A,專題討論(I),0,必,60,40,,20,王瑞琪,C01-114,,"5,6",,,,,,"[{""day"": 2, ""dayName"": ""星期二"", ""periods"": [""5"", ""6""], ""raw"": ""5,6""}]",限修,使用工學院演講廳授課,https://course.nuk.edu.tw/QueryCourse/tcontent.asp?OpenYear=111&Helf=2&Sclass=CM&Cono=D07A,2026-08-26T18:26:42+00:00
111-2-CM-D600-A-3-A,111,2,工學院,CM,化學工程及材料工程學系,D600,A,大學部,3,A,智慧財產權保護法制與實用,2,選,100,100,,0,黃耀霆,C01-B104,,,,,"3,4",,,"[{""day"": 5, ""dayName"": ""星期五"", ""periods"": [""3"", ""4""], ""raw"": ""3,4""}]",外加,與資工系合開/授課教師:黃耀霆,https://course.nuk.edu.tw/QueryCourse/tcontent.asp?OpenYear=111&Helf=2&Sclass=CM&Cono=D600,2026-08-26T18:26:42+00:00
111-2-CM-D611-A-3-A,111,2,工學院,CM,化學工程及材料工程學系,D611,A,大學部,3,A,複合材料,3,選,46,32,,14,林東毅,C01-B101,,,,"2,3, 4",,,,"[{""day"": 4, ""dayName"": ""星期四"", ""periods"": [""2"", ""3"", ""4""], ""raw"": ""2,3, 4""}]",,大三大四合開,https://course.nuk.edu.tw/QueryCourse/tcontent.asp?OpenYear=111&Helf=2&Sclass=CM&Cono=D611,2026-08-26T18:26:42+00:00
111-2-CM-D631-A-3-A,111,2,工學院,CM,化學工程及材料工程學系,D631,A,大學部,3,A,材料機械性質,3,選,40,29,,11,何文福,C01-B101-1,,"2,3, 4",,,,,,"[{""day"": 2, ""dayName"": ""星期二"", ""periods"": [""2"", ""3"", ""4""], ""raw"": ""2,3, 4""}]",學程,,https://course.nuk.edu.tw/QueryCourse/tcontent.asp?OpenYear=111&Helf=2&Sclass=CM&Cono=D631,2026-08-26T18:26:42+00:00
111-2-CM-D651-A-3-A,111,2,工學院,CM,化學工程及材料工程學系,D651,A,大學部,3,A,石油化學工業實務,3,選,30,30,,0,蘇進成 林亞玄 呂正傑,C01-105,,,,,"5,6, 7",,,"[{""day"": 5, ""dayName"": ""星期五"", ""periods"": [""5"", ""6"", ""7""], ""raw"": ""5,6, 7""}]",,大三大四合開，本課程設計將有數週至公司實作，選修同學務必預留整天時間參與課程。,https://course.nuk.edu.tw/QueryCourse/tcontent.asp?OpenYear=111&Helf=2&Sclass=CM&Cono=D651,2026-08-26T18:26:42+00:00
111-2-CM-D611-A-4-A,111,2,工學院,CM,化學工程及材料工程學系,D611,A,大學部,4,A,複合材料,3,選,46,32,,14,林東毅,C01-B101,,,,"2,3, 4",,,,"[{""day"": 4, ""dayName"": ""星期四"", ""periods"": [""2"", ""3"", ""4""], ""raw"": ""2,3, 4""}]",,大三大四合開,https://course.nuk.edu.tw/QueryCourse/tcontent.asp?OpenYear=111&Helf=2&Sclass=CM&Cono=D611,2026-08-26T18:26:42+00:00
111-2-CM-D62C-A-4-A,111,2,工學院,CM,化學工程及材料工程學系,D62C,A,大學部,4,A,業界實習(三),9,選,30,8,,22,蘇進成 王宗櫚 林東毅,C01-B101,,Y,Y,Y,,,,"[{""day"": 2, ""dayName"": ""星期二"", ""periods"": [""Y""], ""raw"": ""Y""}, {""day"": 3, ""dayName"": ""星期三"", ""periods"": [""Y""], ""raw"": ""Y""}, {""day"": 4, ""dayName"": ""星期四"", ""periods"": [""Y""], ""raw"": ""Y""}]",學程,屬高值化金屬製備學程，實習須達450小時,https://course.nuk.edu.tw/QueryCourse/tcontent.asp?OpenYear=111&Helf=2&Sclass=CM&Cono=D62C,2026-08-26T18:26:42+00:00
111-2-CM-D651-A-4-A,111,2,工學院,CM,化學工程及材料工程學系,D651,A,大學部,4,A,石油化學工業實務,3,選,30,30,,0,蘇進成 林亞玄 呂正傑,C01-105,,,,,"5,6, 7",,,"[{""day"": 5, ""dayName"": ""星期五"", ""periods"": [""5"", ""6"", ""7""], ""raw"": ""5,6, 7""}]",,大三大四合開，本課程設計將有數週至公司實作，選修同學務必預留整天時間參與課程。,https://course.nuk.edu.tw/QueryCourse/tcontent.asp?OpenYear=111&Helf=2&Sclass=CM&Cono=D651,2026-08-26T18:26:42+00:00
111-2-CM-F534-A-4-A,111,2,工學院,CM,化學工程及材料工程學系,F534,A,大學部,4,A,生醫材料,3,選,30,11,,19,何文福,C01-B101-1,,,,"5,6, 7",,,,"[{""day"": 4, ""dayName"": ""星期四"", ""periods"": [""5"", ""6"", ""7""], ""raw"": ""5,6, 7""}]",,大四碩班合開,https://course.nuk.edu.tw/QueryCourse/tcontent.asp?OpenYear=111&Helf=2&Sclass=CM&Cono=F534,2026-08-26T18:26:42+00:00
111-2-CM-F571-A-4-A,111,2,工學院,CM,化學工程及材料工程學系,F571,A,大學部,4,A,X-光繞射與晶體結構,3,選,32,19,,13,呂正傑,C01-414,,,,"2,3, 4",,,,"[{""day"": 4, ""dayName"": ""星期四"", ""periods"": [""2"", ""3"", ""4""], ""raw"": ""2,3, 4""}]",學程,大四碩班合開，屬高值化金屬製備學程,https://course.nuk.edu.tw/QueryCourse/tcontent.asp?OpenYear=111&Helf=2&Sclass=CM&Cono=F571,2026-08-26T18:26:42+00:00
111-2-CM-F592-A-4-A,111,2,工學院,CM,化學工程及材料工程學系,F592,A,大學部,4,A,工程經濟,2,選,20,5,,15,林宏殷,C01-414,"4,5",,,,,,,"[{""day"": 1, ""dayName"": ""星期一"", ""periods"": [""4"", ""5""], ""raw"": ""4,5""}]",,大四碩班合開,https://course.nuk.edu.tw/QueryCourse/tcontent.asp?OpenYear=111&Helf=2&Sclass=CM&Cono=F592,2026-08-26T18:26:42+00:00
111-2-CM-F652-A-4-A,111,2,工學院,CM,化學工程及材料工程學系,F652,A,大學部,4,A,健康工程特論與實作,3,選,30,8,,22,鍾宜璋,C01-B102-1,"5,6, 7",,,,,,,"[{""day"": 1, ""dayName"": ""星期一"", ""periods"": [""5"", ""6"", ""7""], ""raw"": ""5,6, 7""}]",,大四碩班合開,https://course.nuk.edu.tw/QueryCourse/tcontent.asp?OpenYear=111&Helf=2&Sclass=CM&Cono=F652,2026-08-26T18:26:42+00:00
111-2-CM-F662-A-4-A,111,2,工學院,CM,化學工程及材料工程學系,F662,A,大學部,4,A,材料表面分析,3,選,31,15,,16,王瑞琪,C01-414,,,,,"2,3, 4",,,"[{""day"": 5, ""dayName"": ""星期五"", ""periods"": [""2"", ""3"", ""4""], ""raw"": ""2,3, 4""}]",學程,"大四碩班合開，屬高值化金屬製備特色人才培育學程, 「磁電材料」跨院系學分學程,半導體光電製程學程",https://course.nuk.edu.tw/QueryCourse/tcontent.asp?OpenYear=111&Helf=2&Sclass=CM&Cono=F662,2026-08-26T18:26:42+00:00
111-2-CM-F673-A-4-A,111,2,工學院,CM,化學工程及材料工程學系,F673,A,大學部,4,A,智能金屬理論與實務,3,選,30,17,,13,林東毅,C01-B102-1,,,"5,6, 7",,,,,"[{""day"": 3, ""dayName"": ""星期三"", ""periods"": [""5"", ""6"", ""7""], ""raw"": ""5,6, 7""}]",學程,大四碩班合開,https://course.nuk.edu.tw/QueryCourse/tcontent.asp?OpenYear=111&Helf=2&Sclass=CM&Cono=F673,2026-08-26T18:26:42+00:00
111-2-CM-F711-A-4-A,111,2,工學院,CM,化學工程及材料工程學系,F711,A,大學部,4,A,精油化學與實務,3,選,32,32,,0,林宏殷,C01-107,,,,"5,6, 7",,,,"[{""day"": 4, ""dayName"": ""星期四"", ""periods"": [""5"", ""6"", ""7""], ""raw"": ""5,6, 7""}]",限修及外加,大四碩班合開,https://course.nuk.edu.tw/QueryCourse/tcontent.asp?OpenYear=111&Helf=2&Sclass=CM&Cono=F711,2026-08-26T18:26:42+00:00
111-2-CM-G521-A-4-A,111,2,工學院,CM,化學工程及材料工程學系,G521,A,大學部,4,A,能源材料特論,3,選,30,30,,0,楊乾信,C01-B101,,,"2,3, 4",,,,,"[{""day"": 3, ""dayName"": ""星期三"", ""periods"": [""2"", ""3"", ""4""], ""raw"": ""2,3, 4""}]",,大四碩班合開,https://course.nuk.edu.tw/QueryCourse/tcontent.asp?OpenYear=111&Helf=2&Sclass=CM&Cono=G521,2026-08-26T18:26:42+00:00
111-2-CM-F02B-M-1-,111,2,工學院,CM,化學工程及材料工程學系,F02B,M,碩士班,1,,專題討論(II),0,必,60,48,,12,林東毅,,,"5,6",,,,,,"[{""day"": 2, ""dayName"": ""星期二"", ""periods"": [""5"", ""6""], ""raw"": ""5,6""}]",限修,大三碩班合開,https://course.nuk.edu.tw/QueryCourse/tcontent.asp?OpenYear=111&Helf=2&Sclass=CM&Cono=F02B,2026-08-26T18:26:42+00:00
111-2-CM-F051-M-1-,111,2,工學院,CM,化學工程及材料工程學系,F051,M,碩士班,1,,精密儀器分析與實作,3,必,30,28,,2,呂正傑 鍾宜璋 王瑞琪,C01-105,,Y,Y,Y,,,,"[{""day"": 2, ""dayName"": ""星期二"", ""periods"": [""Y""], ""raw"": ""Y""}, {""day"": 3, ""dayName"": ""星期三"", ""periods"": [""Y""], ""raw"": ""Y""}, {""day"": 4, ""dayName"": ""星期四"", ""periods"": [""Y""], ""raw"": ""Y""}]",限修,限化材系碩士班同學選修,https://course.nuk.edu.tw/QueryCourse/tcontent.asp?OpenYear=111&Helf=2&Sclass=CM&Cono=F051,2026-08-26T18:26:42+00:00
111-2-CM-F534-M-1-,111,2,工學院,CM,化學工程及材料工程學系,F534,M,碩士班,1,,生醫材料,3,選,30,11,,19,何文福,C01-B101-1,,,,"5,6, 7",,,,"[{""day"": 4, ""dayName"": ""星期四"", ""periods"": [""5"", ""6"", ""7""], ""raw"": ""5,6, 7""}]",,大四碩班合開,https://course.nuk.edu.tw/QueryCourse/tcontent.asp?OpenYear=111&Helf=2&Sclass=CM&Cono=F534,2026-08-26T18:26:42+00:00
111-2-CM-F571-M-1-,111,2,工學院,CM,化學工程及材料工程學系,F571,M,碩士班,1,,X-光繞射與晶體結構,3,選,32,19,,13,呂正傑,C01-414,,,,"2,3, 4",,,,"[{""day"": 4, ""dayName"": ""星期四"", ""periods"": [""2"", ""3"", ""4""], ""raw"": ""2,3, 4""}]",學程,大四碩班合開，屬高值化金屬製備學程,https://course.nuk.edu.tw/QueryCourse/tcontent.asp?OpenYear=111&Helf=2&Sclass=CM&Cono=F571,2026-08-26T18:26:42+00:00
111-2-CM-F592-M-1-,111,2,工學院,CM,化學工程及材料工程學系,F592,M,碩士班,1,,工程經濟,2,選,20,5,,15,林宏殷,C01-414,"4,5",,,,,,,"[{""day"": 1, ""dayName"": ""星期一"", ""periods"": [""4"", ""5""], ""raw"": ""4,5""}]",,大四碩班合開,https://course.nuk.edu.tw/QueryCourse/tcontent.asp?OpenYear=111&Helf=2&Sclass=CM&Cono=F592,2026-08-26T18:26:42+00:00
111-2-CM-F652-M-1-,111,2,工學院,CM,化學工程及材料工程學系,F652,M,碩士班,1,,健康工程特論與實作,3,選,30,8,,22,鍾宜璋,C01-B102-1,"5,6, 7",,,,,,,"[{""day"": 1, ""dayName"": ""星期一"", ""periods"": [""5"", ""6"", ""7""], ""raw"": ""5,6, 7""}]",,大四碩班合開,https://course.nuk.edu.tw/QueryCourse/tcontent.asp?OpenYear=111&Helf=2&Sclass=CM&Cono=F652,2026-08-26T18:26:42+00:00
111-2-CM-F662-M-1-,111,2,工學院,CM,化學工程及材料工程學系,F662,M,碩士班,1,,材料表面分析,3,選,31,15,,16,王瑞琪,C01-414,,,,,"2,3, 4",,,"[{""day"": 5, ""dayName"": ""星期五"", ""periods"": [""2"", ""3"", ""4""], ""raw"": ""2,3, 4""}]",學程,"大四碩班合開，屬高值化金屬製備特色人才培育學程, 「磁電材料」跨院系學分學程,半導體光電製程學程",https://course.nuk.edu.tw/QueryCourse/tcontent.asp?OpenYear=111&Helf=2&Sclass=CM&Cono=F662,2026-08-26T18:26:42+00:00
111-2-CM-F673-M-1-,111,2,工學院,CM,化學工程及材料工程學系,F673,M,碩士班,1,,智能金屬理論與實務,3,選,30,17,,13,林東毅,C01-B102-1,,,"5,6, 7",,,,,"[{""day"": 3, ""dayName"": ""星期三"", ""periods"": [""5"", ""6"", ""7""], ""raw"": ""5,6, 7""}]",學程,大四碩班合開,https://course.nuk.edu.tw/QueryCourse/tcontent.asp?OpenYear=111&Helf=2&Sclass=CM&Cono=F673,2026-08-26T18:26:42+00:00
111-2-CM-F711-M-1-,111,2,工學院,CM,化學工程及材料工程學系,F711,M,碩士班,1,,精油化學與實務,3,選,32,32,,0,林宏殷,C01-107,,,,"5,6, 7",,,,"[{""day"": 4, ""dayName"": ""星期四"", ""periods"": [""5"", ""6"", ""7""], ""raw"": ""5,6, 7""}]",限修及外加,大四碩班合開,https://course.nuk.edu.tw/QueryCourse/tcontent.asp?OpenYear=111&Helf=2&Sclass=CM&Cono=F711,2026-08-26T18:26:42+00:00
111-2-CM-G521-M-1-,111,2,工學院,CM,化學工程及材料工程學系,G521,M,碩士班,1,,能源材料特論,3,選,30,30,,0,楊乾信,C01-B101,,,"2,3, 4",,,,,"[{""day"": 3, ""dayName"": ""星期三"", ""periods"": [""2"", ""3"", ""4""], ""raw"": ""2,3, 4""}]",,大四碩班合開,https://course.nuk.edu.tw/QueryCourse/tcontent.asp?OpenYear=111&Helf=2&Sclass=CM&Cono=G521,2026-08-26T18:26:42+00:00
111-2-CM-F02B-M-2-,111,2,工學院,CM,化學工程及材料工程學系,F02B,M,碩士班,2,,專題討論(II),0,必,60,48,,12,林東毅,,,"5,6",,,,,,"[{""day"": 2, ""dayName"": ""星期二"", ""periods"": [""5"", ""6""], ""raw"": ""5,6""}]",限修,大三碩班合開,https://course.nuk.edu.tw/QueryCourse/tcontent.asp?OpenYear=111&Helf=2&Sclass=CM&Cono=F02B,2026-08-26T18:26:42+00:00
111-2-CM-F534-M-2-,111,2,工學院,CM,化學工程及材料工程學系,F534,M,碩士班,2,,生醫材料,3,選,30,11,,19,何文福,C01-B101-1,,,,"5,6, 7",,,,"[{""day"": 4, ""dayName"": ""星期四"", ""periods"": [""5"", ""6"", ""7""], ""raw"": ""5,6, 7""}]",,大四碩班合開,https://course.nuk.edu.tw/QueryCourse/tcontent.asp?OpenYear=111&Helf=2&Sclass=CM&Cono=F534,2026-08-26T18:26:42+00:00
111-2-CM-F571-M-2-,111,2,工學院,CM,化學工程及材料工程學系,F571,M,碩士班,2,,X-光繞射與晶體結構,3,選,32,19,,13,呂正傑,C01-414,,,,"2,3, 4",,,,"[{""day"": 4, ""dayName"": ""星期四"", ""periods"": [""2"", ""3"", ""4""], ""raw"": ""2,3, 4""}]",學程,大四碩班合開，屬高值化金屬製備學程,https://course.nuk.edu.tw/QueryCourse/tcontent.asp?OpenYear=111&Helf=2&Sclass=CM&Cono=F571,2026-08-26T18:26:42+00:00
111-2-CM-F592-M-2-,111,2,工學院,CM,化學工程及材料工程學系,F592,M,碩士班,2,,工程經濟,2,選,20,5,,15,林宏殷,C01-414,"4,5",,,,,,,"[{""day"": 1, ""dayName"": ""星期一"", ""periods"": [""4"", ""5""], ""raw"": ""4,5""}]",,大四碩班合開,https://course.nuk.edu.tw/QueryCourse/tcontent.asp?OpenYear=111&Helf=2&Sclass=CM&Cono=F592,2026-08-26T18:26:42+00:00
111-2-CM-F652-M-2-,111,2,工學院,CM,化學工程及材料工程學系,F652,M,碩士班,2,,健康工程特論與實作,3,選,30,8,,22,鍾宜璋,C01-B102-1,"5,6, 7",,,,,,,"[{""day"": 1, ""dayName"": ""星期一"", ""periods"": [""5"", ""6"", ""7""], ""raw"": ""5,6, 7""}]",,大四碩班合開,https://course.nuk.edu.tw/QueryCourse/tcontent.asp?OpenYear=111&Helf=2&Sclass=CM&Cono=F652,2026-08-26T18:26:42+00:00
111-2-CM-F662-M-2-,111,2,工學院,CM,化學工程及材料工程學系,F662,M,碩士班,2,,材料表面分析,3,選,31,15,,16,王瑞琪,C01-414,,,,,"2,3, 4",,,"[{""day"": 5, ""dayName"": ""星期五"", ""periods"": [""2"", ""3"", ""4""], ""raw"": ""2,3, 4""}]",學程,"大四碩班合開，屬高值化金屬製備特色人才培育學程, 「磁電材料」跨院系學分學程,半導體光電製程學程",https://course.nuk.edu.tw/QueryCourse/tcontent.asp?OpenYear=111&Helf=2&Sclass=CM&Cono=F662,2026-08-26T18:26:42+00:00
111-2-CM-F673-M-2-,111,2,工學院,CM,化學工程及材料工程學系,F673,M,碩士班,2,,智能金屬理論與實務,3,選,30,17,,13,林東毅,C01-B102-1,,,"5,6, 7",,,,,"[{""day"": 3, ""dayName"": ""星期三"", ""periods"": [""5"", ""6"", ""7""], ""raw"": ""5,6, 7""}]",學程,大四碩班合開,https://course.nuk.edu.tw/QueryCourse/tcontent.asp?OpenYear=111&Helf=2&Sclass=CM&Cono=F673,2026-08-26T18:26:42+00:00
111-2-CM-F711-M-2-,111,2,工學院,CM,化學工程及材料工程學系,F711,M,碩士班,2,,精油化學與實務,3,選,32,32,,0,林宏殷,C01-107,,,,"5,6, 7",,,,"[{""day"": 4, ""dayName"": ""星期四"", ""periods"": [""5"", ""6"", ""7""], ""raw"": ""5,6, 7""}]",限修及外加,大四碩班合開,https://course.nuk.edu.tw/QueryCourse/tcontent.asp?OpenYear=111&Helf=2&Sclass=CM&Cono=F711,2026-08-26T18:26:42+00:00
111-2-CM-G521-M-2-,111,2,工學院,CM,化學工程及材料工程學系,G521,M,碩士班,2,,能源材料特論,3,選,30,30,,0,楊乾信,C01-B101,,,"2,3, 4",,,,,"[{""day"": 3, ""dayName"": ""星期三"", ""periods"": [""2"", ""3"", ""4""], ""raw"": ""2,3, 4""}]",,大四碩班合開,https://course.nuk.edu.tw/QueryCourse/tcontent.asp?OpenYear=111&Helf=2&Sclass=CM&Cono=G521,2026-08-26T18:26:42+00:00
111-2-CS-A02B-A-1-A,111,2,工學院,CS,資訊工程學系,A02B,A,大學部,1,A,微積分(二),3,必,64,52,,12,陳建源,B01-204,,"5,6, 7",,,,,,"[{""day"": 2, ""dayName"": ""星期二"", ""periods"": [""5"", ""6"", ""7""], ""raw"": ""5,6, 7""}]",限修及外加,,https://course.nuk.edu.tw/QueryCourse/tcontent.asp?OpenYear=111&Helf=2&Sclass=CS&Cono=A02B,2026-08-26T18:26:42+00:00
111-2-CS-A041-A-1-A,111,2,工學院,CS,資訊工程學系,A041,A,大學部,1,A,線性代數,3,必,61,60,,1,洪宗貝,C01-B103,"2,3, 4",,,,,,,"[{""day"": 1, ""dayName"": ""星期一"", ""periods"": [""2"", ""3"", ""4""], ""raw"": ""2,3, 4""}]",外加,,https://course.nuk.edu.tw/QueryCourse/tcontent.asp?OpenYear=111&Helf=2&Sclass=CS&Cono=A041,2026-08-26T18:26:42+00:00
111-2-CS-A051-A-1-A,111,2,工學院,CS,資訊工程學系,A051,A,大學部,1,A,數位系統導論,3,必,60,53,,7,潘欣泰,B01-204,,,"2,3, 4",,,,,"[{""day"": 3, ""dayName"": ""星期三"", ""periods"": [""2"", ""3"", ""4""], ""raw"": ""2,3, 4""}]",,,https://course.nuk.edu.tw/QueryCourse/tcontent.asp?OpenYear=111&Helf=2&Sclass=CS&Cono=A051,2026-08-26T18:26:42+00:00
111-2-CS-A07B-A-1-A,111,2,工學院,CS,資訊工程學系,A07B,A,大學部,1,A,程式設計與實習（二）,2,必,51,50,,1,張保榮,C01-200,,"2,3, 4",,,,,,"[{""day"": 2, ""dayName"": ""星期二"", ""periods"": [""2"", ""3"", ""4""], ""raw"": ""2,3, 4""}]",限修及外加,,https://course.nuk.edu.tw/QueryCourse/tcontent.asp?OpenYear=111&Helf=2&Sclass=CS&Cono=A07B,2026-08-26T18:26:42+00:00
111-2-CS-D582-A-1-A,111,2,工學院,CS,資訊工程學系,D582,A,大學部,1,A,Linux系統應用與管理,3,選,45,31,,14,吳俊興,C01-200,"2,3, 4",,,,,,,"[{""day"": 1, ""dayName"": ""星期一"", ""periods"": [""2"", ""3"", ""4""], ""raw"": ""2,3, 4""}]",,資工二、三、四合開,https://course.nuk.edu.tw/QueryCourse/tcontent.asp?OpenYear=111&Helf=2&Sclass=CS&Cono=D582,2026-08-26T18:26:42+00:00
111-2-CS-B011-A-2-A,111,2,工學院,CS,資訊工程學系,B011,A,大學部,2,A,資料結構,3,必,61,60,,1,黃健,C01-200,,,,,"6,7, 8",,,"[{""day"": 5, ""dayName"": ""星期五"", ""periods"": [""6"", ""7"", ""8""], ""raw"": ""6,7, 8""}]",外加,,https://course.nuk.edu.tw/QueryCourse/tcontent.asp?OpenYear=111&Helf=2&Sclass=CS&Cono=B011,2026-08-26T18:26:42+00:00
111-2-CS-B042-A-2-A,111,2,工學院,CS,資訊工程學系,B042,A,大學部,2,A,數位電路實驗,1,必,47,46,,1,潘欣泰,C01-208,,"2,3, 4",,,,,,"[{""day"": 2, ""dayName"": ""星期二"", ""periods"": [""2"", ""3"", ""4""], ""raw"": ""2,3, 4""}]",限修及外加,,https://course.nuk.edu.tw/QueryCourse/tcontent.asp?OpenYear=111&Helf=2&Sclass=CS&Cono=B042,2026-08-26T18:26:42+00:00
111-2-CS-B061-A-2-A,111,2,工學院,CS,資訊工程學系,B061,A,大學部,2,A,工程數學,3,必,60,51,,9,殷堂凱,B01-104,,"5,6, 7",,,,,,"[{""day"": 2, ""dayName"": ""星期二"", ""periods"": [""5"", ""6"", ""7""], ""raw"": ""5,6, 7""}]",,,https://course.nuk.edu.tw/QueryCourse/tcontent.asp?OpenYear=111&Helf=2&Sclass=CS&Cono=B061,2026-08-26T18:26:42+00:00
111-2-CS-B071-A-2-A,111,2,工學院,CS,資訊工程學系,B071,A,大學部,2,A,組合語言與系統程式,3,必,56,49,,7,余亞儒,C01-200,,,,"2,3, 4",,,,"[{""day"": 4, ""dayName"": ""星期四"", ""periods"": [""2"", ""3"", ""4""], ""raw"": ""2,3, 4""}]",,,https://course.nuk.edu.tw/QueryCourse/tcontent.asp?OpenYear=111&Helf=2&Sclass=CS&Cono=B071,2026-08-26T18:26:42+00:00
111-2-CS-B543-A-2-A,111,2,工學院,CS,資訊工程學系,B543,A,大學部,2,A,java程式設計,3,選,50,47,,3,余亞儒,C01-200,,,"2,3, 4",,,,,"[{""day"": 3, ""dayName"": ""星期三"", ""periods"": [""2"", ""3"", ""4""], ""raw"": ""2,3, 4""}]",限修,,https://course.nuk.edu.tw/QueryCourse/tcontent.asp?OpenYear=111&Helf=2&Sclass=CS&Cono=B543,2026-08-26T18:26:42+00:00
111-2-CS-D521-A-2-A,111,2,工學院,CS,資訊工程學系,D521,A,大學部,2,A,視窗程式設計,3,選,45,35,,10,蘇家輝,C01-209,"2,3, 4",,,,,,,"[{""day"": 1, ""dayName"": ""星期一"", ""periods"": [""2"", ""3"", ""4""], ""raw"": ""2,3, 4""}]",,,https://course.nuk.edu.tw/QueryCourse/tcontent.asp?OpenYear=111&Helf=2&Sclass=CS&Cono=D521,2026-08-26T18:26:42+00:00
111-2-CS-C051-A-3-A,111,2,工學院,CS,資訊工程學系,C051,A,大學部,3,A,專題研究(一),1,必,60,48,,12,殷堂凱,,,,,,"10,11",,,"[{""day"": 5, ""dayName"": ""星期五"", ""periods"": [""10"", ""11""], ""raw"": ""10,11""}]",,,https://course.nuk.edu.tw/QueryCourse/tcontent.asp?OpenYear=111&Helf=2&Sclass=CS&Cono=C051,2026-08-26T18:26:42+00:00
111-2-CS-C061-A-3-A,111,2,工學院,CS,資訊工程學系,C061,A,大學部,3,A,作業系統,3,必,60,54,,6,吳俊興,B01-204,,"2,3, 4",,,,,,"[{""day"": 2, ""dayName"": ""星期二"", ""periods"": [""2"", ""3"", ""4""], ""raw"": ""2,3, 4""}]",,,https://course.nuk.edu.tw/QueryCourse/tcontent.asp?OpenYear=111&Helf=2&Sclass=CS&Cono=C061,2026-08-26T18:26:42+00:00
111-2-CS-C071-A-3-A,111,2,工學院,CS,資訊工程學系,C071,A,大學部,3,A,軟體工程,3,必,56,50,,6,林文揚,B01-204 其他教室,,,"6,7, 8",,,,,"[{""day"": 3, ""dayName"": ""星期三"", ""periods"": [""6"", ""7"", ""8""], ""raw"": ""6,7, 8""}]",限修 學程,,https://course.nuk.edu.tw/QueryCourse/tcontent.asp?OpenYear=111&Helf=2&Sclass=CS&Cono=C071,2026-08-26T18:26:42+00:00
111-2-CS-C551-A-3-A,111,2,工學院,CS,資訊工程學系,C551,A,大學部,3,A,影像處理,3,選,50,32,,18,殷堂凱,C01-200 其他教室,"5,6, 7",,,,,,,"[{""day"": 1, ""dayName"": ""星期一"", ""periods"": [""5"", ""6"", ""7""], ""raw"": ""5,6, 7""}]",,,https://course.nuk.edu.tw/QueryCourse/tcontent.asp?OpenYear=111&Helf=2&Sclass=CS&Cono=C551,2026-08-26T18:26:42+00:00
111-2-CS-C561-A-3-A,111,2,工學院,CS,資訊工程學系,C561,A,大學部,3,A,網路安全,3,選,68,68,,0,陳建源,B01-204,,,,"2,3, 4",,,,"[{""day"": 4, ""dayName"": ""星期四"", ""periods"": [""2"", ""3"", ""4""], ""raw"": ""2,3, 4""}]",外加,,https://course.nuk.edu.tw/QueryCourse/tcontent.asp?OpenYear=111&Helf=2&Sclass=CS&Cono=C561,2026-08-26T18:26:42+00:00
111-2-CS-C573-A-3-A,111,2,工學院,CS,資訊工程學系,C573,A,大學部,3,A,人工智慧,3,選,60,16,,44,蔡毓娟,L01-107,,,"10,11, 12",,,,,"[{""day"": 3, ""dayName"": ""星期三"", ""periods"": [""10"", ""11"", ""12""], ""raw"": ""10,11, 12""}]",,使用圖資電腦教室,https://course.nuk.edu.tw/QueryCourse/tcontent.asp?OpenYear=111&Helf=2&Sclass=CS&Cono=C573,2026-08-26T18:26:42+00:00
111-2-CS-D582-A-3-A,111,2,工學院,CS,資訊工程學系,D582,A,大學部,3,A,Linux系統應用與管理,3,選,45,31,,14,吳俊興,C01-200,"2,3, 4",,,,,,,"[{""day"": 1, ""dayName"": ""星期一"", ""periods"": [""2"", ""3"", ""4""], ""raw"": ""2,3, 4""}]",,資工二、三、四合開,https://course.nuk.edu.tw/QueryCourse/tcontent.asp?OpenYear=111&Helf=2&Sclass=CS&Cono=D582,2026-08-26T18:26:42+00:00
111-2-CS-F553-A-3-A,111,2,工學院,CS,資訊工程學系,F553,A,大學部,3,A,永續運算應用與實務,3,選,40,32,,8,吳俊興,C01-200,,"5,6, 7",,,,,,"[{""day"": 2, ""dayName"": ""星期二"", ""periods"": [""5"", ""6"", ""7""], ""raw"": ""5,6, 7""}]",,三.四.研合開,https://course.nuk.edu.tw/QueryCourse/tcontent.asp?OpenYear=111&Helf=2&Sclass=CS&Cono=F553,2026-08-26T18:26:42+00:00
111-2-CS-D02B-A-4-A,111,2,工學院,CS,資訊工程學系,D02B,A,大學部,4,A,資訊專題講座(二),1,必,65,46,,19,蘇家輝,C01-114,,,,"5,6",,,,"[{""day"": 4, ""dayName"": ""星期四"", ""periods"": [""5"", ""6""], ""raw"": ""5,6""}]",限修,使用工院演講廳,https://course.nuk.edu.tw/QueryCourse/tcontent.asp?OpenYear=111&Helf=2&Sclass=CS&Cono=D02B,2026-08-26T18:26:42+00:00
111-2-CS-D582-A-4-A,111,2,工學院,CS,資訊工程學系,D582,A,大學部,4,A,Linux系統應用與管理,3,選,45,31,,14,吳俊興,C01-200,"2,3, 4",,,,,,,"[{""day"": 1, ""dayName"": ""星期一"", ""periods"": [""2"", ""3"", ""4""], ""raw"": ""2,3, 4""}]",,資工二、三、四合開,https://course.nuk.edu.tw/QueryCourse/tcontent.asp?OpenYear=111&Helf=2&Sclass=CS&Cono=D582,2026-08-26T18:26:42+00:00
111-2-CS-F553-A-4-A,111,2,工學院,CS,資訊工程學系,F553,A,大學部,4,A,永續運算應用與實務,3,選,40,32,,8,吳俊興,C01-200,,"5,6, 7",,,,,,"[{""day"": 2, ""dayName"": ""星期二"", ""periods"": [""5"", ""6"", ""7""], ""raw"": ""5,6, 7""}]",,三.四.研合開,https://course.nuk.edu.tw/QueryCourse/tcontent.asp?OpenYear=111&Helf=2&Sclass=CS&Cono=F553,2026-08-26T18:26:42+00:00
111-2-CS-F612-A-4-A,111,2,工學院,CS,資訊工程學系,F612,A,大學部,4,A,物聯網,3,選,31,30,,1,余亞儒 郭錦福,C01-200,,,,,"2,3, 4",,,"[{""day"": 5, ""dayName"": ""星期五"", ""periods"": [""2"", ""3"", ""4""], ""raw"": ""2,3, 4""}]",學程,四.研合開，隸屬智慧生活整合創新學程 綠能永續科技人才培育學程,https://course.nuk.edu.tw/QueryCourse/tcontent.asp?OpenYear=111&Helf=2&Sclass=CS&Cono=F612,2026-08-26T18:26:42+00:00
111-2-CS-F622-A-4-A,111,2,工學院,CS,資訊工程學系,F622,A,大學部,4,A,嵌入式多核心系統與軟體,3,選,25,9,,16,郭錦福,C01-209 其他教室,,"2,3, 4",,,,,,"[{""day"": 2, ""dayName"": ""星期二"", ""periods"": [""2"", ""3"", ""4""], ""raw"": ""2,3, 4""}]",限修,四.研合開,https://course.nuk.edu.tw/QueryCourse/tcontent.asp?OpenYear=111&Helf=2&Sclass=CS&Cono=F622,2026-08-26T18:26:42+00:00
111-2-CS-F653-A-4-A,111,2,工學院,CS,資訊工程學系,F653,A,大學部,4,A,醫學影像處理,3,選,30,6,,24,殷堂凱,C01-209 其他教室,,,"2,3, 4",,,,,"[{""day"": 3, ""dayName"": ""星期三"", ""periods"": [""2"", ""3"", ""4""], ""raw"": ""2,3, 4""}]",,四.研合開,https://course.nuk.edu.tw/QueryCourse/tcontent.asp?OpenYear=111&Helf=2&Sclass=CS&Cono=F653,2026-08-26T18:26:42+00:00
111-2-CS-F655-A-4-A,111,2,工學院,CS,資訊工程學系,F655,A,大學部,4,A,醫療資訊學導論,3,選,58,24,,34,林文揚 潘欣泰 殷堂凱,B01-204,"2,3, 4",,,,,,,"[{""day"": 1, ""dayName"": ""星期一"", ""periods"": [""2"", ""3"", ""4""], ""raw"": ""2,3, 4""}]",,四.研合開,https://course.nuk.edu.tw/QueryCourse/tcontent.asp?OpenYear=111&Helf=2&Sclass=CS&Cono=F655,2026-08-26T18:26:42+00:00
111-2-CS-F681-A-4-A,111,2,工學院,CS,資訊工程學系,F681,A,大學部,4,A,計算機結構,3,選,29,14,,15,郭錦福,C01-B102-1,,,,"2,3, 4",,,,"[{""day"": 4, ""dayName"": ""星期四"", ""periods"": [""2"", ""3"", ""4""], ""raw"": ""2,3, 4""}]",,四.研合開,https://course.nuk.edu.tw/QueryCourse/tcontent.asp?OpenYear=111&Helf=2&Sclass=CS&Cono=F681,2026-08-26T18:26:42+00:00
111-2-CS-F701-A-4-A,111,2,工學院,CS,資訊工程學系,F701,A,大學部,4,A,擴增實境,3,選,36,30,,6,蘇家輝,C01-209,,,,,"6,7, 8",,,"[{""day"": 5, ""dayName"": ""星期五"", ""periods"": [""6"", ""7"", ""8""], ""raw"": ""6,7, 8""}]",限修,四.研合開,https://course.nuk.edu.tw/QueryCourse/tcontent.asp?OpenYear=111&Helf=2&Sclass=CS&Cono=F701,2026-08-26T18:26:42+00:00
111-2-CS-F734-A-4-A,111,2,工學院,CS,資訊工程學系,F734,A,大學部,4,A,深度學習,3,選,32,31,,1,張保榮,C01-209,"6,7, 8",,,,,,,"[{""day"": 1, ""dayName"": ""星期一"", ""periods"": [""6"", ""7"", ""8""], ""raw"": ""6,7, 8""}]",外加 學程,四.研合開,https://course.nuk.edu.tw/QueryCourse/tcontent.asp?OpenYear=111&Helf=2&Sclass=CS&Cono=F734,2026-08-26T18:26:42+00:00
111-2-CS-T02E-L-1-,111,2,工學院,CS,資訊工程學系,T02E,L,碩士在職專班,1,,專題研究(二),2,必,11,11,,0,蘇家輝 余亞儒 殷堂凱 吳俊興 郭錦福 洪宗貝 張保榮 潘欣泰 林文揚 黃健 陳建源,,,,,,,"3,4",,"[{""day"": 6, ""dayName"": ""星期六"", ""periods"": [""3"", ""4""], ""raw"": ""3,4""}]",限修,,https://course.nuk.edu.tw/QueryCourse/tcontent.asp?OpenYear=111&Helf=2&Sclass=CS&Cono=T02E,2026-08-26T18:26:42+00:00
111-2-CS-T04E-L-2-,111,2,工學院,CS,資訊工程學系,T04E,L,碩士在職專班,2,,專題研究(四),2,必,16,8,,8,殷堂凱 林文揚 潘欣泰 郭錦福 張保榮 余亞儒 洪宗貝 吳俊興 蘇家輝 黃健 陳建源,,,,,,,"1,2",,"[{""day"": 6, ""dayName"": ""星期六"", ""periods"": [""1"", ""2""], ""raw"": ""1,2""}]",限修及外加,,https://course.nuk.edu.tw/QueryCourse/tcontent.asp?OpenYear=111&Helf=2&Sclass=CS&Cono=T04E,2026-08-26T18:26:42+00:00
111-2-CS-T503-L-2-,111,2,工學院,CS,資訊工程學系,T503,L,碩士在職專班,2,,巨量資料分析,3,選,20,6,,14,林文揚,B01-202,,,,"10,11, 12",,,,"[{""day"": 4, ""dayName"": ""星期四"", ""periods"": [""10"", ""11"", ""12""], ""raw"": ""10,11, 12""}]",,,https://course.nuk.edu.tw/QueryCourse/tcontent.asp?OpenYear=111&Helf=2&Sclass=CS&Cono=T503,2026-08-26T18:26:42+00:00
111-2-CS-T524-L-2-,111,2,工學院,CS,資訊工程學系,T524,L,碩士在職專班,2,,量子計算,3,選,20,11,,9,陳建源,B01-204,,,,,"10,11, 12",,,"[{""day"": 5, ""dayName"": ""星期五"", ""periods"": [""10"", ""11"", ""12""], ""raw"": ""10,11, 12""}]",,,https://course.nuk.edu.tw/QueryCourse/tcontent.asp?OpenYear=111&Helf=2&Sclass=CS&Cono=T524,2026-08-26T18:26:42+00:00
111-2-CS-T553-L-2-,111,2,工學院,CS,資訊工程學系,T553,L,碩士在職專班,2,,嵌入式多核心系統與軟體,3,選,25,4,,21,郭錦福,C01-209 其他教室,,"10,11, 12",,,,,,"[{""day"": 2, ""dayName"": ""星期二"", ""periods"": [""10"", ""11"", ""12""], ""raw"": ""10,11, 12""}]",,,https://course.nuk.edu.tw/QueryCourse/tcontent.asp?OpenYear=111&Helf=2&Sclass=CS&Cono=T553,2026-08-26T18:26:42+00:00
111-2-CS-T565-L-2-,111,2,工學院,CS,資訊工程學系,T565,L,碩士在職專班,2,,人工智慧與金融科技,3,選,20,15,,5,黃健,C01-200,,,"10,11, 12",,,,,"[{""day"": 3, ""dayName"": ""星期三"", ""periods"": [""10"", ""11"", ""12""], ""raw"": ""10,11, 12""}]",,,https://course.nuk.edu.tw/QueryCourse/tcontent.asp?OpenYear=111&Helf=2&Sclass=CS&Cono=T565,2026-08-26T18:26:42+00:00
111-2-CS-T566-L-2-,111,2,工學院,CS,資訊工程學系,T566,L,碩士在職專班,2,,自駕車次系統技術,3,選,30,18,,12,張保榮,C01-209,"10,11, 12",,,,,,,"[{""day"": 1, ""dayName"": ""星期一"", ""periods"": [""10"", ""11"", ""12""], ""raw"": ""10,11, 12""}]",,,https://course.nuk.edu.tw/QueryCourse/tcontent.asp?OpenYear=111&Helf=2&Sclass=CS&Cono=T566,2026-08-26T18:26:42+00:00
111-2-CS-F54B-M-1-,111,2,工學院,CS,資訊工程學系,F54B,M,碩士班,1,,書報討論(二),1,選,50,21,,29,殷堂凱 余亞儒,,,,,"5,6",,,,"[{""day"": 4, ""dayName"": ""星期四"", ""periods"": [""5"", ""6""], ""raw"": ""5,6""}]",,,https://course.nuk.edu.tw/QueryCourse/tcontent.asp?OpenYear=111&Helf=2&Sclass=CS&Cono=F54B,2026-08-26T18:26:42+00:00
111-2-CS-F56F-M-1-,111,2,工學院,CS,資訊工程學系,F56F,M,碩士班,1,,專題研究(二),3,選,25,21,,4,蘇家輝 殷堂凱 余亞儒 張保榮 郭錦福 潘欣泰 林文揚 吳俊興 洪宗貝 黃健 陳建源,,,,,,,"12,13",,"[{""day"": 6, ""dayName"": ""星期六"", ""periods"": [""12"", ""13""], ""raw"": ""12,13""}]",,,https://course.nuk.edu.tw/QueryCourse/tcontent.asp?OpenYear=111&Helf=2&Sclass=CS&Cono=F56F,2026-08-26T18:26:42+00:00
111-2-CS-F54D-M-2-,111,2,工學院,CS,資訊工程學系,F54D,M,碩士班,2,,書報討論(四),1,選,60,16,,44,郭錦福 黃健 洪宗貝 林文揚,,,,,"5,6",,,,"[{""day"": 4, ""dayName"": ""星期四"", ""periods"": [""5"", ""6""], ""raw"": ""5,6""}]",,,https://course.nuk.edu.tw/QueryCourse/tcontent.asp?OpenYear=111&Helf=2&Sclass=CS&Cono=F54D,2026-08-26T18:26:42+00:00
111-2-CS-F553-M-2-,111,2,工學院,CS,資訊工程學系,F553,M,碩士班,2,,永續運算應用與實務,3,選,40,32,,8,吳俊興,C01-200,,"5,6, 7",,,,,,"[{""day"": 2, ""dayName"": ""星期二"", ""periods"": [""5"", ""6"", ""7""], ""raw"": ""5,6, 7""}]",,三.四.研合開,https://course.nuk.edu.tw/QueryCourse/tcontent.asp?OpenYear=111&Helf=2&Sclass=CS&Cono=F553,2026-08-26T18:26:42+00:00
111-2-CS-F56E-M-2-,111,2,工學院,CS,資訊工程學系,F56E,M,碩士班,2,,專題研究(四),3,選,20,16,,4,殷堂凱 林文揚 潘欣泰 郭錦福 張保榮 余亞儒 洪宗貝 吳俊興 蘇家輝 黃健 陳建源,,,,,,,"10,11",,"[{""day"": 6, ""dayName"": ""星期六"", ""periods"": [""10"", ""11""], ""raw"": ""10,11""}]",,,https://course.nuk.edu.tw/QueryCourse/tcontent.asp?OpenYear=111&Helf=2&Sclass=CS&Cono=F56E,2026-08-26T18:26:42+00:00
111-2-CS-F612-M-2-,111,2,工學院,CS,資訊工程學系,F612,M,碩士班,2,,物聯網,3,選,31,30,,1,余亞儒 郭錦福,C01-200,,,,,"2,3, 4",,,"[{""day"": 5, ""dayName"": ""星期五"", ""periods"": [""2"", ""3"", ""4""], ""raw"": ""2,3, 4""}]",學程,四.研合開，隸屬智慧生活整合創新學程.人工智慧與金融科技學程,https://course.nuk.edu.tw/QueryCourse/tcontent.asp?OpenYear=111&Helf=2&Sclass=CS&Cono=F612,2026-08-26T18:26:42+00:00
111-2-CS-F622-M-2-,111,2,工學院,CS,資訊工程學系,F622,M,碩士班,2,,嵌入式多核心系統與軟體,3,選,25,9,,16,郭錦福,C01-209 其他教室,,"2,3, 4",,,,,,"[{""day"": 2, ""dayName"": ""星期二"", ""periods"": [""2"", ""3"", ""4""], ""raw"": ""2,3, 4""}]",限修,四.研合開,https://course.nuk.edu.tw/QueryCourse/tcontent.asp?OpenYear=111&Helf=2&Sclass=CS&Cono=F622,2026-08-26T18:26:42+00:00
111-2-CS-F653-M-2-,111,2,工學院,CS,資訊工程學系,F653,M,碩士班,2,,醫學影像處理,3,選,30,6,,24,殷堂凱,C01-209 其他教室,,,"2,3, 4",,,,,"[{""day"": 3, ""dayName"": ""星期三"", ""periods"": [""2"", ""3"", ""4""], ""raw"": ""2,3, 4""}]",,四、研合開,https://course.nuk.edu.tw/QueryCourse/tcontent.asp?OpenYear=111&Helf=2&Sclass=CS&Cono=F653,2026-08-26T18:26:42+00:00
111-2-CS-F655-M-2-,111,2,工學院,CS,資訊工程學系,F655,M,碩士班,2,,醫療資訊學導論,3,選,58,24,,34,林文揚 潘欣泰 殷堂凱,B01-204,"2,3, 4",,,,,,,"[{""day"": 1, ""dayName"": ""星期一"", ""periods"": [""2"", ""3"", ""4""], ""raw"": ""2,3, 4""}]",,四.研合開,https://course.nuk.edu.tw/QueryCourse/tcontent.asp?OpenYear=111&Helf=2&Sclass=CS&Cono=F655,2026-08-26T18:26:42+00:00
111-2-CS-F681-M-2-,111,2,工學院,CS,資訊工程學系,F681,M,碩士班,2,,計算機結構,3,選,29,14,,15,郭錦福,C01-B102-1,,,,"2,3, 4",,,,"[{""day"": 4, ""dayName"": ""星期四"", ""periods"": [""2"", ""3"", ""4""], ""raw"": ""2,3, 4""}]",,四.研合開,https://course.nuk.edu.tw/QueryCourse/tcontent.asp?OpenYear=111&Helf=2&Sclass=CS&Cono=F681,2026-08-26T18:26:42+00:00
111-2-CS-F701-M-2-,111,2,工學院,CS,資訊工程學系,F701,M,碩士班,2,,擴增實境,3,選,36,30,,6,蘇家輝,C01-209,,,,,"6,7, 8",,,"[{""day"": 5, ""dayName"": ""星期五"", ""periods"": [""6"", ""7"", ""8""], ""raw"": ""6,7, 8""}]",限修,四.研合開,https://course.nuk.edu.tw/QueryCourse/tcontent.asp?OpenYear=111&Helf=2&Sclass=CS&Cono=F701,2026-08-26T18:26:42+00:00
111-2-CS-F734-M-2-,111,2,工學院,CS,資訊工程學系,F734,M,碩士班,2,,深度學習,3,選,32,31,,1,張保榮,C01-209,"6,7, 8",,,,,,,"[{""day"": 1, ""dayName"": ""星期一"", ""periods"": [""6"", ""7"", ""8""], ""raw"": ""6,7, 8""}]",外加 學程,四.研合開,https://course.nuk.edu.tw/QueryCourse/tcontent.asp?OpenYear=111&Helf=2&Sclass=CS&Cono=F734,2026-08-26T18:26:42+00:00
111-2-CS-G511-M-2-,111,2,工學院,CS,資訊工程學系,G511,M,碩士班,2,,科技論文寫作,3,選,10,8,,2,林文揚,C01-B107-1,"6,7, 8",,,,,,,"[{""day"": 1, ""dayName"": ""星期一"", ""periods"": [""6"", ""7"", ""8""], ""raw"": ""6,7, 8""}]",限修,申請工院地下1樓107室上課,https://course.nuk.edu.tw/QueryCourse/tcontent.asp?OpenYear=111&Helf=2&Sclass=CS&Cono=G511,2026-08-26T18:26:42+00:00
111-2-EE-A01B-A-1-A,111,2,工學院,EE,電機工程學系,A01B,A,大學部,1,A,計算機概論(二),3,必,68,68,,0,林宏益,L01-107,,,,,"2,3, 4",,,"[{""day"": 5, ""dayName"": ""星期五"", ""periods"": [""2"", ""3"", ""4""], ""raw"": ""2,3, 4""}]",限修及外加,一A；請安排電腦教室,https://course.nuk.edu.tw/QueryCourse/tcontent.asp?OpenYear=111&Helf=2&Sclass=EE&Cono=A01B,2026-08-26T18:26:42+00:00
111-2-EE-A01D-A-1-B,111,2,工學院,EE,電機工程學系,A01D,A,大學部,1,B,計算機概論(二),3,必,65,65,,0,蔡仁勝,L01-107,"2,3, 4",,,,,,,"[{""day"": 1, ""dayName"": ""星期一"", ""periods"": [""2"", ""3"", ""4""], ""raw"": ""2,3, 4""}]",限修及外加,一B；請安排電腦教室,https://course.nuk.edu.tw/QueryCourse/tcontent.asp?OpenYear=111&Helf=2&Sclass=EE&Cono=A01D,2026-08-26T18:26:42+00:00
111-2-EE-A02B-A-1-A,111,2,工學院,EE,電機工程學系,A02B,A,大學部,1,A,普通物理學(二),3,必,75,62,,13,郭馨徽,C01-B103,,,,"2,3, 4",,,,"[{""day"": 4, ""dayName"": ""星期四"", ""periods"": [""2"", ""3"", ""4""], ""raw"": ""2,3, 4""}]",限修,一A，因常以板書推導公式，需大面黑板書寫，而僅C01-B103教室有整片大面黑板，請優先安排C01-B103教室。,https://course.nuk.edu.tw/QueryCourse/tcontent.asp?OpenYear=111&Helf=2&Sclass=EE&Cono=A02B,2026-08-26T18:26:42+00:00
111-2-EE-A02D-A-1-B,111,2,工學院,EE,電機工程學系,A02D,A,大學部,1,B,普通物理學(二),3,必,90,77,,13,馮瑞陽,C01-B104,,"2,3, 4",,,,,,"[{""day"": 2, ""dayName"": ""星期二"", ""periods"": [""2"", ""3"", ""4""], ""raw"": ""2,3, 4""}]",限修及外加,一B，修課人數經常超過75人，請優先安排C01-B104教室,https://course.nuk.edu.tw/QueryCourse/tcontent.asp?OpenYear=111&Helf=2&Sclass=EE&Cono=A02D,2026-08-26T18:26:42+00:00
111-2-EE-A03B-A-1-A,111,2,工學院,EE,電機工程學系,A03B,A,大學部,1,A,普通物理學實驗(二),1,必,71,62,,9,施明昌,C01-211,,,"10,11, 12",,,,,"[{""day"": 3, ""dayName"": ""星期三"", ""periods"": [""10"", ""11"", ""12""], ""raw"": ""10,11, 12""}]",限修,一A；使用C01-211普通物理實驗室,https://course.nuk.edu.tw/QueryCourse/tcontent.asp?OpenYear=111&Helf=2&Sclass=EE&Cono=A03B,2026-08-26T18:26:42+00:00
111-2-EE-A03D-A-1-B,111,2,工學院,EE,電機工程學系,A03D,A,大學部,1,B,普通物理學實驗(二),1,必,72,58,,14,施明昌,C01-211,,,,,"2,3, 4",,,"[{""day"": 5, ""dayName"": ""星期五"", ""periods"": [""2"", ""3"", ""4""], ""raw"": ""2,3, 4""}]",限修,一B；使用C01-211普通物理實驗室,https://course.nuk.edu.tw/QueryCourse/tcontent.asp?OpenYear=111&Helf=2&Sclass=EE&Cono=A03D,2026-08-26T18:26:42+00:00
111-2-EE-A04B-A-1-A,111,2,工學院,EE,電機工程學系,A04B,A,大學部,1,A,微積分(二),3,必,100,66,,34,黃祥哲,C01-B104,"2,3, 4",,,,,,,"[{""day"": 1, ""dayName"": ""星期一"", ""periods"": [""2"", ""3"", ""4""], ""raw"": ""2,3, 4""}]",限修,一A；請安排工學院B104大教室,https://course.nuk.edu.tw/QueryCourse/tcontent.asp?OpenYear=111&Helf=2&Sclass=EE&Cono=A04B,2026-08-26T18:26:42+00:00
111-2-EE-A052-A-1-A,111,2,工學院,EE,電機工程學系,A052,A,大學部,1,A,數位邏輯實驗,1,必,62,60,,2,洪進華,C01-301-1 其他教室,,,,"6,7, 8",,,,"[{""day"": 4, ""dayName"": ""星期四"", ""periods"": [""6"", ""7"", ""8""], ""raw"": ""6,7, 8""}]",限修,一A；請安排C01-301-1電工實驗室及104電腦教室,https://course.nuk.edu.tw/QueryCourse/tcontent.asp?OpenYear=111&Helf=2&Sclass=EE&Cono=A052,2026-08-26T18:26:42+00:00
111-2-EE-A053-A-1-B,111,2,工學院,EE,電機工程學系,A053,A,大學部,1,B,數位邏輯實驗,1,必,62,62,,0,洪進華,C01-301-1 其他教室,,,"10,11, 12",,,,,"[{""day"": 3, ""dayName"": ""星期三"", ""periods"": [""10"", ""11"", ""12""], ""raw"": ""10,11, 12""}]",限修,一B；請安排C01-301-1電工實驗室及201實驗室,https://course.nuk.edu.tw/QueryCourse/tcontent.asp?OpenYear=111&Helf=2&Sclass=EE&Cono=A053,2026-08-26T18:26:42+00:00
111-2-EE-A061-A-1-A,111,2,工學院,EE,電機工程學系,A061,A,大學部,1,A,工程數學(一)(線性代數),3,必,100,70,,30,黃祥哲,C01-B104,,"5,6, 7",,,,,,"[{""day"": 2, ""dayName"": ""星期二"", ""periods"": [""5"", ""6"", ""7""], ""raw"": ""5,6, 7""}]",限修,一A，請安排工學院B104教室,https://course.nuk.edu.tw/QueryCourse/tcontent.asp?OpenYear=111&Helf=2&Sclass=EE&Cono=A061,2026-08-26T18:26:42+00:00
111-2-EE-A062-A-1-B,111,2,工學院,EE,電機工程學系,A062,A,大學部,1,B,工程數學(一)(線性代數),3,必,85,59,,26,一心,C01-B104,,,,"6,7, 8",,,,"[{""day"": 4, ""dayName"": ""星期四"", ""periods"": [""6"", ""7"", ""8""], ""raw"": ""6,7, 8""}]",限修,一B；請安排工學院B1大教室,https://course.nuk.edu.tw/QueryCourse/tcontent.asp?OpenYear=111&Helf=2&Sclass=EE&Cono=A062,2026-08-26T18:26:42+00:00
111-2-EE-A10B-A-1-B,111,2,工學院,EE,電機工程學系,A10B,A,大學部,1,B,微積分(二),3,必,71,67,,4,鄧卜華,B01-B108,,,,"2,3, 4",,,,"[{""day"": 4, ""dayName"": ""星期四"", ""periods"": [""2"", ""3"", ""4""], ""raw"": ""2,3, 4""}]",限修,一B；請安排工學院B1大教室,https://course.nuk.edu.tw/QueryCourse/tcontent.asp?OpenYear=111&Helf=2&Sclass=EE&Cono=A10B,2026-08-26T18:26:42+00:00
111-2-EE-B01B-A-2-A,111,2,工學院,EE,電機工程學系,B01B,A,大學部,2,A,電路學(二),3,必,79,70,,9,吳松茂,C01-B104,,,"2,3, 4",,,,,"[{""day"": 3, ""dayName"": ""星期三"", ""periods"": [""2"", ""3"", ""4""], ""raw"": ""2,3, 4""}]",限修及外加,二A；,https://course.nuk.edu.tw/QueryCourse/tcontent.asp?OpenYear=111&Helf=2&Sclass=EE&Cono=B01B,2026-08-26T18:26:42+00:00
111-2-EE-B01D-A-2-B,111,2,工學院,EE,電機工程學系,B01D,A,大學部,2,B,電路學(二),3,必,72,69,,3,江德光,C01-202,,"2,3, 4",,,,,,"[{""day"": 2, ""dayName"": ""星期二"", ""periods"": [""2"", ""3"", ""4""], ""raw"": ""2,3, 4""}]",限修及外加,二B,https://course.nuk.edu.tw/QueryCourse/tcontent.asp?OpenYear=111&Helf=2&Sclass=EE&Cono=B01D,2026-08-26T18:26:42+00:00
111-2-EE-B02B-A-2-B,111,2,工學院,EE,電機工程學系,B02B,A,大學部,2,B,電子學(二),3,必,73,73,,0,陳春僥,C01-202 其他教室,,,,"6,7, 8",,,,"[{""day"": 4, ""dayName"": ""星期四"", ""periods"": [""6"", ""7"", ""8""], ""raw"": ""6,7, 8""}]",限修及外加,二B；請安排C01-202,https://course.nuk.edu.tw/QueryCourse/tcontent.asp?OpenYear=111&Helf=2&Sclass=EE&Cono=B02B,2026-08-26T18:26:42+00:00
111-2-EE-B02D-A-2-A,111,2,工學院,EE,電機工程學系,B02D,A,大學部,2,A,電子學(二),3,必,80,59,,21,洪進華,C01-202,,,,"2,3, 4",,,,"[{""day"": 4, ""dayName"": ""星期四"", ""periods"": [""2"", ""3"", ""4""], ""raw"": ""2,3, 4""}]",限修,二A；請安排 C01-202,https://course.nuk.edu.tw/QueryCourse/tcontent.asp?OpenYear=111&Helf=2&Sclass=EE&Cono=B02D,2026-08-26T18:26:42+00:00
111-2-EE-B04B-A-2-A,111,2,工學院,EE,電機工程學系,B04B,A,大學部,2,A,電子電路工程實驗(二),1,必,73,67,,6,江德光,C01-301-1,,,,"10,11, 12",,,,"[{""day"": 4, ""dayName"": ""星期四"", ""periods"": [""10"", ""11"", ""12""], ""raw"": ""10,11, 12""}]",限修,二A；請安排C01-301-1實驗室,https://course.nuk.edu.tw/QueryCourse/tcontent.asp?OpenYear=111&Helf=2&Sclass=EE&Cono=B04B,2026-08-26T18:26:42+00:00
111-2-EE-B04D-A-2-B,111,2,工學院,EE,電機工程學系,B04D,A,大學部,2,B,電子電路工程實驗(二),1,必,63,63,,0,陳春僥,C01-301-1,"6,7, 8",,,,,,,"[{""day"": 1, ""dayName"": ""星期一"", ""periods"": [""6"", ""7"", ""8""], ""raw"": ""6,7, 8""}]",限修,二B；請安排C01-301-1實驗室,https://course.nuk.edu.tw/QueryCourse/tcontent.asp?OpenYear=111&Helf=2&Sclass=EE&Cono=B04D,2026-08-26T18:26:42+00:00
111-2-EE-B05B-A-2-A,111,2,工學院,EE,電機工程學系,B05B,A,大學部,2,A,電磁學(二),3,必,81,77,,4,郭馨徽,C01-B103,,,,"6,7, 8",,,,"[{""day"": 4, ""dayName"": ""星期四"", ""periods"": [""6"", ""7"", ""8""], ""raw"": ""6,7, 8""}]",限修及外加,二A；因以板書上課需大面黑板書寫，而僅C01-B103教室有大面黑板，請優先安排C01-B103教室。,https://course.nuk.edu.tw/QueryCourse/tcontent.asp?OpenYear=111&Helf=2&Sclass=EE&Cono=B05B,2026-08-26T18:26:42+00:00
111-2-EE-B05D-A-2-B,111,2,工學院,EE,電機工程學系,B05D,A,大學部,2,B,電磁學(二),3,必,87,84,,3,一心,C01-B104,,,,"2,3, 4",,,,"[{""day"": 4, ""dayName"": ""星期四"", ""periods"": [""2"", ""3"", ""4""], ""raw"": ""2,3, 4""}]",限修及外加,二B；請安排工學院B1大教室,https://course.nuk.edu.tw/QueryCourse/tcontent.asp?OpenYear=111&Helf=2&Sclass=EE&Cono=B05D,2026-08-26T18:26:42+00:00
111-2-EE-B551-A-2-A,111,2,工學院,EE,電機工程學系,B551,A,大學部,2,A,近代光學,3,選,80,64,,16,施明昌,C01-B103,,,"7,8, 9",,,,,"[{""day"": 3, ""dayName"": ""星期三"", ""periods"": [""7"", ""8"", ""9""], ""raw"": ""7,8, 9""}]",,二AB合開；請安排工學院B1大教室,https://course.nuk.edu.tw/QueryCourse/tcontent.asp?OpenYear=111&Helf=2&Sclass=EE&Cono=B551,2026-08-26T18:26:42+00:00
111-2-EE-B551-A-2-B,111,2,工學院,EE,電機工程學系,B551,A,大學部,2,B,近代光學,3,選,80,64,,16,施明昌,C01-B103,,,"7,8, 9",,,,,"[{""day"": 3, ""dayName"": ""星期三"", ""periods"": [""7"", ""8"", ""9""], ""raw"": ""7,8, 9""}]",,二AB合開；請安排工學院B1大教室,https://course.nuk.edu.tw/QueryCourse/tcontent.asp?OpenYear=111&Helf=2&Sclass=EE&Cono=B551,2026-08-26T18:26:42+00:00
111-2-EE-B561-A-2-A,111,2,工學院,EE,電機工程學系,B561,A,大學部,2,A,工程數學三(複變函數),3,選,130,109,,21,張文騰,C01-114,"2,3, 4",,,,,,,"[{""day"": 1, ""dayName"": ""星期一"", ""periods"": [""2"", ""3"", ""4""], ""raw"": ""2,3, 4""}]",,二AB合開(請安排工114演講廳),https://course.nuk.edu.tw/QueryCourse/tcontent.asp?OpenYear=111&Helf=2&Sclass=EE&Cono=B561,2026-08-26T18:26:42+00:00
111-2-EE-B561-A-2-B,111,2,工學院,EE,電機工程學系,B561,A,大學部,2,B,工程數學三(複變函數),3,選,130,109,,21,張文騰,C01-114,"2,3, 4",,,,,,,"[{""day"": 1, ""dayName"": ""星期一"", ""periods"": [""2"", ""3"", ""4""], ""raw"": ""2,3, 4""}]",,二AB合開(請安排工114演講廳),https://course.nuk.edu.tw/QueryCourse/tcontent.asp?OpenYear=111&Helf=2&Sclass=EE&Cono=B561,2026-08-26T18:26:42+00:00
111-2-EE-C751-A-2-A,111,2,工學院,EE,電機工程學系,C751,A,大學部,2,A,組合語言,3,選,60,54,,6,梁明正,C01-104,"2,3, 4",,,,,,,"[{""day"": 1, ""dayName"": ""星期一"", ""periods"": [""2"", ""3"", ""4""], ""raw"": ""2,3, 4""}]",,二AB合開；請安排C01-201電腦教室,https://course.nuk.edu.tw/QueryCourse/tcontent.asp?OpenYear=111&Helf=2&Sclass=EE&Cono=C751,2026-08-26T18:26:42+00:00
111-2-EE-C751-A-2-B,111,2,工學院,EE,電機工程學系,C751,A,大學部,2,B,組合語言,3,選,60,54,,6,梁明正,C01-104,"2,3, 4",,,,,,,"[{""day"": 1, ""dayName"": ""星期一"", ""periods"": [""2"", ""3"", ""4""], ""raw"": ""2,3, 4""}]",,二AB合開；請安排C01-201電腦教室,https://course.nuk.edu.tw/QueryCourse/tcontent.asp?OpenYear=111&Helf=2&Sclass=EE&Cono=C751,2026-08-26T18:26:42+00:00
111-2-EE-C761-A-2-A,111,2,工學院,EE,電機工程學系,C761,A,大學部,2,A,資料結構,3,選,40,40,,0,賴智錦,L01-108,,,,,"2,3, 4",,,"[{""day"": 5, ""dayName"": ""星期五"", ""periods"": [""2"", ""3"", ""4""], ""raw"": ""2,3, 4""}]",先修,二AB、三AB合開；需曾修習計算機概論(二)及格,https://course.nuk.edu.tw/QueryCourse/tcontent.asp?OpenYear=111&Helf=2&Sclass=EE&Cono=C761,2026-08-26T18:26:42+00:00
111-2-EE-C761-A-2-B,111,2,工學院,EE,電機工程學系,C761,A,大學部,2,B,資料結構,3,選,40,40,,0,賴智錦,L01-108,,,,,"2,3, 4",,,"[{""day"": 5, ""dayName"": ""星期五"", ""periods"": [""2"", ""3"", ""4""], ""raw"": ""2,3, 4""}]",先修,二AB、三AB合開；需曾修習計算機概論(二)及格,https://course.nuk.edu.tw/QueryCourse/tcontent.asp?OpenYear=111&Helf=2&Sclass=EE&Cono=C761,2026-08-26T18:26:42+00:00
111-2-EE-C651-A-3-A,111,2,工學院,EE,電機工程學系,C651,A,大學部,3,A,通訊原理,3,選,95,72,,23,徐忠枝,C01-B103,,,,,"6,7, 8",,,"[{""day"": 5, ""dayName"": ""星期五"", ""periods"": [""6"", ""7"", ""8""], ""raw"": ""6,7, 8""}]",先修,三AB合開；請安排工學院B103大教室。,https://course.nuk.edu.tw/QueryCourse/tcontent.asp?OpenYear=111&Helf=2&Sclass=EE&Cono=C651,2026-08-26T18:26:42+00:00
111-2-EE-C651-A-3-B,111,2,工學院,EE,電機工程學系,C651,A,大學部,3,B,通訊原理,3,選,95,72,,23,徐忠枝,C01-B103,,,,,"6,7, 8",,,"[{""day"": 5, ""dayName"": ""星期五"", ""periods"": [""6"", ""7"", ""8""], ""raw"": ""6,7, 8""}]",先修,三AB合開；請安排工學院B103大教室,https://course.nuk.edu.tw/QueryCourse/tcontent.asp?OpenYear=111&Helf=2&Sclass=EE&Cono=C651,2026-08-26T18:26:42+00:00
111-2-EE-C712-A-3-A,111,2,工學院,EE,電機工程學系,C712,A,大學部,3,A,計算機組織,3,選,71,64,,7,林宏益,C02-108,,,,"2,3, 4",,,,"[{""day"": 4, ""dayName"": ""星期四"", ""periods"": [""2"", ""3"", ""4""], ""raw"": ""2,3, 4""}]",,三四合開；請安排普通教室及C01-104電腦教室,https://course.nuk.edu.tw/QueryCourse/tcontent.asp?OpenYear=111&Helf=2&Sclass=EE&Cono=C712,2026-08-26T18:26:42+00:00
111-2-EE-C712-A-3-B,111,2,工學院,EE,電機工程學系,C712,A,大學部,3,B,計算機組織,3,選,71,64,,7,林宏益,C02-108,,,,"2,3, 4",,,,"[{""day"": 4, ""dayName"": ""星期四"", ""periods"": [""2"", ""3"", ""4""], ""raw"": ""2,3, 4""}]",,三四合開；請安排普通教室及C01-104電腦教室,https://course.nuk.edu.tw/QueryCourse/tcontent.asp?OpenYear=111&Helf=2&Sclass=EE&Cono=C712,2026-08-26T18:26:42+00:00
111-2-EE-C714-A-3-A,111,2,工學院,EE,電機工程學系,C714,A,大學部,3,A,計算機組織,3,選,50,24,,26,林宏益,C01-B101,,,"7,8, 9",,,,,"[{""day"": 3, ""dayName"": ""星期三"", ""periods"": [""7"", ""8"", ""9""], ""raw"": ""7,8, 9""}]",,三四AB合開,https://course.nuk.edu.tw/QueryCourse/tcontent.asp?OpenYear=111&Helf=2&Sclass=EE&Cono=C714,2026-08-26T18:26:42+00:00
111-2-EE-C714-A-3-B,111,2,工學院,EE,電機工程學系,C714,A,大學部,3,B,計算機組織,3,選,50,24,,26,林宏益,C01-B101,,,"7,8, 9",,,,,"[{""day"": 3, ""dayName"": ""星期三"", ""periods"": [""7"", ""8"", ""9""], ""raw"": ""7,8, 9""}]",,三四合開,https://course.nuk.edu.tw/QueryCourse/tcontent.asp?OpenYear=111&Helf=2&Sclass=EE&Cono=C714,2026-08-26T18:26:42+00:00
111-2-EE-C761-A-3-A,111,2,工學院,EE,電機工程學系,C761,A,大學部,3,A,資料結構,3,選,40,40,,0,賴智錦,L01-108,,,,,"2,3, 4",,,"[{""day"": 5, ""dayName"": ""星期五"", ""periods"": [""2"", ""3"", ""4""], ""raw"": ""2,3, 4""}]",先修,二AB、三AB合開；需曾修習計算機概論(二)及格,https://course.nuk.edu.tw/QueryCourse/tcontent.asp?OpenYear=111&Helf=2&Sclass=EE&Cono=C761,2026-08-26T18:26:42+00:00
111-2-EE-C761-A-3-B,111,2,工學院,EE,電機工程學系,C761,A,大學部,3,B,資料結構,3,選,40,40,,0,賴智錦,L01-108,,,,,"2,3, 4",,,"[{""day"": 5, ""dayName"": ""星期五"", ""periods"": [""2"", ""3"", ""4""], ""raw"": ""2,3, 4""}]",先修,二AB、三AB合開；需曾修習計算機概論(二)及格,https://course.nuk.edu.tw/QueryCourse/tcontent.asp?OpenYear=111&Helf=2&Sclass=EE&Cono=C761,2026-08-26T18:26:42+00:00
111-2-EE-C96A-A-3-A,111,2,工學院,EE,電機工程學系,C96A,A,大學部,3,A,電機實務專題(一)A,1,必,18,18,,0,施明昌 藍文厚,,,,,,,"2,3, 4",,"[{""day"": 6, ""dayName"": ""星期六"", ""periods"": [""2"", ""3"", ""4""], ""raw"": ""2,3, 4""}]",外加,,https://course.nuk.edu.tw/QueryCourse/tcontent.asp?OpenYear=111&Helf=2&Sclass=EE&Cono=C96A,2026-08-26T18:26:42+00:00
111-2-EE-C96A-A-3-B,111,2,工學院,EE,電機工程學系,C96A,A,大學部,3,B,電機實務專題(一)A,1,必,18,18,,0,施明昌 藍文厚,,,,,,,"2,3, 4",,"[{""day"": 6, ""dayName"": ""星期六"", ""periods"": [""2"", ""3"", ""4""], ""raw"": ""2,3, 4""}]",外加,,https://course.nuk.edu.tw/QueryCourse/tcontent.asp?OpenYear=111&Helf=2&Sclass=EE&Cono=C96A,2026-08-26T18:26:42+00:00
111-2-EE-C96C-A-3-A,111,2,工學院,EE,電機工程學系,C96C,A,大學部,3,A,電機實務專題(一)C,1,必,1,1,,0,馮瑞陽,,,,,,,"2,3, 4",,"[{""day"": 6, ""dayName"": ""星期六"", ""periods"": [""2"", ""3"", ""4""], ""raw"": ""2,3, 4""}]",,,https://course.nuk.edu.tw/QueryCourse/tcontent.asp?OpenYear=111&Helf=2&Sclass=EE&Cono=C96C,2026-08-26T18:26:42+00:00
111-2-EE-C96C-A-3-B,111,2,工學院,EE,電機工程學系,C96C,A,大學部,3,B,電機實務專題(一)C,1,必,1,1,,0,馮瑞陽,,,,,,,"2,3, 4",,"[{""day"": 6, ""dayName"": ""星期六"", ""periods"": [""2"", ""3"", ""4""], ""raw"": ""2,3, 4""}]",,,https://course.nuk.edu.tw/QueryCourse/tcontent.asp?OpenYear=111&Helf=2&Sclass=EE&Cono=C96C,2026-08-26T18:26:42+00:00
111-2-EE-C96D-A-3-A,111,2,工學院,EE,電機工程學系,C96D,A,大學部,3,A,電機實務專題(一)D,1,必,3,3,,0,一心,,,,,,,"2,3, 4",,"[{""day"": 6, ""dayName"": ""星期六"", ""periods"": [""2"", ""3"", ""4""], ""raw"": ""2,3, 4""}]",,,https://course.nuk.edu.tw/QueryCourse/tcontent.asp?OpenYear=111&Helf=2&Sclass=EE&Cono=C96D,2026-08-26T18:26:42+00:00
111-2-EE-C96D-A-3-B,111,2,工學院,EE,電機工程學系,C96D,A,大學部,3,B,電機實務專題(一)D,1,必,3,3,,0,一心,,,,,,,"2,3, 4",,"[{""day"": 6, ""dayName"": ""星期六"", ""periods"": [""2"", ""3"", ""4""], ""raw"": ""2,3, 4""}]",,,https://course.nuk.edu.tw/QueryCourse/tcontent.asp?OpenYear=111&Helf=2&Sclass=EE&Cono=C96D,2026-08-26T18:26:42+00:00
111-2-EE-C96E-A-3-A,111,2,工學院,EE,電機工程學系,C96E,A,大學部,3,A,電機實務專題(一)E,1,必,3,3,,0,黃祥哲,,,,,,,"2,3, 4",,"[{""day"": 6, ""dayName"": ""星期六"", ""periods"": [""2"", ""3"", ""4""], ""raw"": ""2,3, 4""}]",,,https://course.nuk.edu.tw/QueryCourse/tcontent.asp?OpenYear=111&Helf=2&Sclass=EE&Cono=C96E,2026-08-26T18:26:42+00:00
111-2-EE-C96E-A-3-B,111,2,工學院,EE,電機工程學系,C96E,A,大學部,3,B,電機實務專題(一)E,1,必,3,3,,0,黃祥哲,,,,,,,"2,3, 4",,"[{""day"": 6, ""dayName"": ""星期六"", ""periods"": [""2"", ""3"", ""4""], ""raw"": ""2,3, 4""}]",,,https://course.nuk.edu.tw/QueryCourse/tcontent.asp?OpenYear=111&Helf=2&Sclass=EE&Cono=C96E,2026-08-26T18:26:42+00:00
111-2-EE-C96G-A-3-A,111,2,工學院,EE,電機工程學系,C96G,A,大學部,3,A,電機實務專題(一)G,1,必,10,10,,0,鄧卜華,,,,,,,"5,6, 7",,"[{""day"": 6, ""dayName"": ""星期六"", ""periods"": [""5"", ""6"", ""7""], ""raw"": ""5,6, 7""}]",,,https://course.nuk.edu.tw/QueryCourse/tcontent.asp?OpenYear=111&Helf=2&Sclass=EE&Cono=C96G,2026-08-26T18:26:42+00:00
111-2-EE-C96G-A-3-B,111,2,工學院,EE,電機工程學系,C96G,A,大學部,3,B,電機實務專題(一)G,1,必,10,10,,0,鄧卜華,,,,,,,"5,6, 7",,"[{""day"": 6, ""dayName"": ""星期六"", ""periods"": [""5"", ""6"", ""7""], ""raw"": ""5,6, 7""}]",,,https://course.nuk.edu.tw/QueryCourse/tcontent.asp?OpenYear=111&Helf=2&Sclass=EE&Cono=C96G,2026-08-26T18:26:42+00:00
111-2-EE-C96H-A-3-A,111,2,工學院,EE,電機工程學系,C96H,A,大學部,3,A,電機實務專題(一)H,1,必,4,4,,0,賴智錦,,,,,,,"2,3, 4",,"[{""day"": 6, ""dayName"": ""星期六"", ""periods"": [""2"", ""3"", ""4""], ""raw"": ""2,3, 4""}]",,,https://course.nuk.edu.tw/QueryCourse/tcontent.asp?OpenYear=111&Helf=2&Sclass=EE&Cono=C96H,2026-08-26T18:26:42+00:00
111-2-EE-C96H-A-3-B,111,2,工學院,EE,電機工程學系,C96H,A,大學部,3,B,電機實務專題(一)H,1,必,4,4,,0,賴智錦,,,,,,,"2,3, 4",,"[{""day"": 6, ""dayName"": ""星期六"", ""periods"": [""2"", ""3"", ""4""], ""raw"": ""2,3, 4""}]",,,https://course.nuk.edu.tw/QueryCourse/tcontent.asp?OpenYear=111&Helf=2&Sclass=EE&Cono=C96H,2026-08-26T18:26:42+00:00
111-2-EE-C96J-A-3-A,111,2,工學院,EE,電機工程學系,C96J,A,大學部,3,A,電機實務專題(一)J,1,必,6,6,,0,吳志宏,,,,,,,"5,6, 7",,"[{""day"": 6, ""dayName"": ""星期六"", ""periods"": [""5"", ""6"", ""7""], ""raw"": ""5,6, 7""}]",,,https://course.nuk.edu.tw/QueryCourse/tcontent.asp?OpenYear=111&Helf=2&Sclass=EE&Cono=C96J,2026-08-26T18:26:42+00:00
111-2-EE-C96J-A-3-B,111,2,工學院,EE,電機工程學系,C96J,A,大學部,3,B,電機實務專題(一)J,1,必,6,6,,0,吳志宏,,,,,,,"5,6, 7",,"[{""day"": 6, ""dayName"": ""星期六"", ""periods"": [""5"", ""6"", ""7""], ""raw"": ""5,6, 7""}]",,,https://course.nuk.edu.tw/QueryCourse/tcontent.asp?OpenYear=111&Helf=2&Sclass=EE&Cono=C96J,2026-08-26T18:26:42+00:00
111-2-EE-C96K-A-3-A,111,2,工學院,EE,電機工程學系,C96K,A,大學部,3,A,電機實務專題(一)K,1,必,16,16,,0,張文騰,,,,,,,"5,6, 7",,"[{""day"": 6, ""dayName"": ""星期六"", ""periods"": [""5"", ""6"", ""7""], ""raw"": ""5,6, 7""}]",,,https://course.nuk.edu.tw/QueryCourse/tcontent.asp?OpenYear=111&Helf=2&Sclass=EE&Cono=C96K,2026-08-26T18:26:42+00:00
111-2-EE-C96K-A-3-B,111,2,工學院,EE,電機工程學系,C96K,A,大學部,3,B,電機實務專題(一)K,1,必,16,16,,0,張文騰,,,,,,,"5,6, 7",,"[{""day"": 6, ""dayName"": ""星期六"", ""periods"": [""5"", ""6"", ""7""], ""raw"": ""5,6, 7""}]",,,https://course.nuk.edu.tw/QueryCourse/tcontent.asp?OpenYear=111&Helf=2&Sclass=EE&Cono=C96K,2026-08-26T18:26:42+00:00
111-2-EE-C96L-A-3-A,111,2,工學院,EE,電機工程學系,C96L,A,大學部,3,A,電機實務專題(一)L,1,必,1,1,,0,江德光,,,,,,,"2,3, 4",,"[{""day"": 6, ""dayName"": ""星期六"", ""periods"": [""2"", ""3"", ""4""], ""raw"": ""2,3, 4""}]",,,https://course.nuk.edu.tw/QueryCourse/tcontent.asp?OpenYear=111&Helf=2&Sclass=EE&Cono=C96L,2026-08-26T18:26:42+00:00
111-2-EE-C96L-A-3-B,111,2,工學院,EE,電機工程學系,C96L,A,大學部,3,B,電機實務專題(一)L,1,必,1,1,,0,江德光,,,,,,,"2,3, 4",,"[{""day"": 6, ""dayName"": ""星期六"", ""periods"": [""2"", ""3"", ""4""], ""raw"": ""2,3, 4""}]",,,https://course.nuk.edu.tw/QueryCourse/tcontent.asp?OpenYear=111&Helf=2&Sclass=EE&Cono=C96L,2026-08-26T18:26:42+00:00
111-2-EE-C96M-A-3-A,111,2,工學院,EE,電機工程學系,C96M,A,大學部,3,A,電機實務專題(一)M,1,必,7,7,,0,吳松茂,,,,,,,"5,6, 7",,"[{""day"": 6, ""dayName"": ""星期六"", ""periods"": [""5"", ""6"", ""7""], ""raw"": ""5,6, 7""}]",,,https://course.nuk.edu.tw/QueryCourse/tcontent.asp?OpenYear=111&Helf=2&Sclass=EE&Cono=C96M,2026-08-26T18:26:42+00:00
111-2-EE-C96M-A-3-B,111,2,工學院,EE,電機工程學系,C96M,A,大學部,3,B,電機實務專題(一)M,1,必,7,7,,0,吳松茂,,,,,,,"5,6, 7",,"[{""day"": 6, ""dayName"": ""星期六"", ""periods"": [""5"", ""6"", ""7""], ""raw"": ""5,6, 7""}]",,,https://course.nuk.edu.tw/QueryCourse/tcontent.asp?OpenYear=111&Helf=2&Sclass=EE&Cono=C96M,2026-08-26T18:26:42+00:00
111-2-EE-C96N-A-3-A,111,2,工學院,EE,電機工程學系,C96N,A,大學部,3,A,電機實務專題(一)N,1,必,14,14,,0,洪進華,,,,,,,"2,3, 4",,"[{""day"": 6, ""dayName"": ""星期六"", ""periods"": [""2"", ""3"", ""4""], ""raw"": ""2,3, 4""}]",,,https://course.nuk.edu.tw/QueryCourse/tcontent.asp?OpenYear=111&Helf=2&Sclass=EE&Cono=C96N,2026-08-26T18:26:42+00:00
111-2-EE-C96N-A-3-B,111,2,工學院,EE,電機工程學系,C96N,A,大學部,3,B,電機實務專題(一)N,1,必,14,14,,0,洪進華,,,,,,,"2,3, 4",,"[{""day"": 6, ""dayName"": ""星期六"", ""periods"": [""2"", ""3"", ""4""], ""raw"": ""2,3, 4""}]",,,https://course.nuk.edu.tw/QueryCourse/tcontent.asp?OpenYear=111&Helf=2&Sclass=EE&Cono=C96N,2026-08-26T18:26:42+00:00
111-2-EE-C96O-A-3-A,111,2,工學院,EE,電機工程學系,C96O,A,大學部,3,A,電機實務專題(一)O,1,必,16,16,,0,徐忠枝,,,,,,,"2,3, 4",,"[{""day"": 6, ""dayName"": ""星期六"", ""periods"": [""2"", ""3"", ""4""], ""raw"": ""2,3, 4""}]",,,https://course.nuk.edu.tw/QueryCourse/tcontent.asp?OpenYear=111&Helf=2&Sclass=EE&Cono=C96O,2026-08-26T18:26:42+00:00
111-2-EE-C96O-A-3-B,111,2,工學院,EE,電機工程學系,C96O,A,大學部,3,B,電機實務專題(一)O,1,必,16,16,,0,徐忠枝,,,,,,,"2,3, 4",,"[{""day"": 6, ""dayName"": ""星期六"", ""periods"": [""2"", ""3"", ""4""], ""raw"": ""2,3, 4""}]",,,https://course.nuk.edu.tw/QueryCourse/tcontent.asp?OpenYear=111&Helf=2&Sclass=EE&Cono=C96O,2026-08-26T18:26:42+00:00
111-2-EE-C96P-A-3-A,111,2,工學院,EE,電機工程學系,C96P,A,大學部,3,A,電機實務專題(一)P,1,必,5,3,,2,蔡仁勝,,,,,,,"2,3, 4",,"[{""day"": 6, ""dayName"": ""星期六"", ""periods"": [""2"", ""3"", ""4""], ""raw"": ""2,3, 4""}]",,,https://course.nuk.edu.tw/QueryCourse/tcontent.asp?OpenYear=111&Helf=2&Sclass=EE&Cono=C96P,2026-08-26T18:26:42+00:00
111-2-EE-C96P-A-3-B,111,2,工學院,EE,電機工程學系,C96P,A,大學部,3,B,電機實務專題(一)P,1,必,5,3,,2,蔡仁勝,,,,,,,"2,3, 4",,"[{""day"": 6, ""dayName"": ""星期六"", ""periods"": [""2"", ""3"", ""4""], ""raw"": ""2,3, 4""}]",,,https://course.nuk.edu.tw/QueryCourse/tcontent.asp?OpenYear=111&Helf=2&Sclass=EE&Cono=C96P,2026-08-26T18:26:42+00:00
111-2-EE-F502-A-3-A,111,2,工學院,EE,電機工程學系,F502,A,大學部,3,A,真空技術,3,選,30,13,,17,馮瑞陽,C01-107,,,,"2,3, 4",,,,"[{""day"": 4, ""dayName"": ""星期四"", ""periods"": [""2"", ""3"", ""4""], ""raw"": ""2,3, 4""}]",,三AB、四AB、碩班合開,https://course.nuk.edu.tw/QueryCourse/tcontent.asp?OpenYear=111&Helf=2&Sclass=EE&Cono=F502,2026-08-26T18:26:42+00:00
111-2-EE-F502-A-3-B,111,2,工學院,EE,電機工程學系,F502,A,大學部,3,B,真空技術,3,選,30,13,,17,馮瑞陽,C01-107,,,,"2,3, 4",,,,"[{""day"": 4, ""dayName"": ""星期四"", ""periods"": [""2"", ""3"", ""4""], ""raw"": ""2,3, 4""}]",,三AB、四AB、碩班合開,https://course.nuk.edu.tw/QueryCourse/tcontent.asp?OpenYear=111&Helf=2&Sclass=EE&Cono=F502,2026-08-26T18:26:42+00:00
111-2-EE-F505-A-3-A,111,2,工學院,EE,電機工程學系,F505,A,大學部,3,A,科技英文,3,選,37,25,,12,郭馨徽,C01-B101-1,,"5,6, 7",,,,,,"[{""day"": 2, ""dayName"": ""星期二"", ""periods"": [""5"", ""6"", ""7""], ""raw"": ""5,6, 7""}]",,三AB、四AB、碩班合開；請安排 C01-B101-1,https://course.nuk.edu.tw/QueryCourse/tcontent.asp?OpenYear=111&Helf=2&Sclass=EE&Cono=F505,2026-08-26T18:26:42+00:00
111-2-EE-F505-A-3-B,111,2,工學院,EE,電機工程學系,F505,A,大學部,3,B,科技英文,3,選,37,25,,12,郭馨徽,C01-B101-1,,"5,6, 7",,,,,,"[{""day"": 2, ""dayName"": ""星期二"", ""periods"": [""5"", ""6"", ""7""], ""raw"": ""5,6, 7""}]",,三AB、四AB、碩班合開；請安排 C01-B101-1,https://course.nuk.edu.tw/QueryCourse/tcontent.asp?OpenYear=111&Helf=2&Sclass=EE&Cono=F505,2026-08-26T18:26:42+00:00
111-2-EE-F524-A-3-A,111,2,工學院,EE,電機工程學系,F524,A,大學部,3,A,數位訊號處理、系統設計與模擬,3,選,30,30,,0,徐忠枝,C01-201,,,,"6,7, 8",,,,"[{""day"": 4, ""dayName"": ""星期四"", ""periods"": [""6"", ""7"", ""8""], ""raw"": ""6,7, 8""}]",先修,三AB、四AB、碩班合開；請安排C01-201實驗室,https://course.nuk.edu.tw/QueryCourse/tcontent.asp?OpenYear=111&Helf=2&Sclass=EE&Cono=F524,2026-08-26T18:26:42+00:00
111-2-EE-F524-A-3-B,111,2,工學院,EE,電機工程學系,F524,A,大學部,3,B,數位訊號處理、系統設計與模擬,3,選,30,30,,0,徐忠枝,C01-201,,,,"6,7, 8",,,,"[{""day"": 4, ""dayName"": ""星期四"", ""periods"": [""6"", ""7"", ""8""], ""raw"": ""6,7, 8""}]",先修,三AB、四AB、碩班合開；請安排C01-201實驗室,https://course.nuk.edu.tw/QueryCourse/tcontent.asp?OpenYear=111&Helf=2&Sclass=EE&Cono=F524,2026-08-26T18:26:42+00:00
111-2-EE-F597-A-3-A,111,2,工學院,EE,電機工程學系,F597,A,大學部,3,A,微波無線系統導論,3,選,40,27,,13,一心,C01-107 其他教室,,,"2,3, 4",,,,,"[{""day"": 3, ""dayName"": ""星期三"", ""periods"": [""2"", ""3"", ""4""], ""raw"": ""2,3, 4""}]",,三AB、四AB、碩班合開，請安排C01-104電腦教室與一般教室,https://course.nuk.edu.tw/QueryCourse/tcontent.asp?OpenYear=111&Helf=2&Sclass=EE&Cono=F597,2026-08-26T18:26:42+00:00
111-2-EE-F597-A-3-B,111,2,工學院,EE,電機工程學系,F597,A,大學部,3,B,微波無線系統導論,3,選,40,27,,13,一心,C01-107 其他教室,,,"2,3, 4",,,,,"[{""day"": 3, ""dayName"": ""星期三"", ""periods"": [""2"", ""3"", ""4""], ""raw"": ""2,3, 4""}]",,三AB、四AB、碩班合開，請安排C01-104電腦教室與一般教室,https://course.nuk.edu.tw/QueryCourse/tcontent.asp?OpenYear=111&Helf=2&Sclass=EE&Cono=F597,2026-08-26T18:26:42+00:00
111-2-EE-F655-A-3-A,111,2,工學院,EE,電機工程學系,F655,A,大學部,3,A,光電子學(二),3,選,40,11,,29,馮瑞陽,C01-202,,,,,"5,6, 7",,,"[{""day"": 5, ""dayName"": ""星期五"", ""periods"": [""5"", ""6"", ""7""], ""raw"": ""5,6, 7""}]",,三AB、四AB、碩班合開,https://course.nuk.edu.tw/QueryCourse/tcontent.asp?OpenYear=111&Helf=2&Sclass=EE&Cono=F655,2026-08-26T18:26:42+00:00
111-2-EE-F655-A-3-B,111,2,工學院,EE,電機工程學系,F655,A,大學部,3,B,光電子學(二),3,選,40,11,,29,馮瑞陽,C01-202,,,,,"5,6, 7",,,"[{""day"": 5, ""dayName"": ""星期五"", ""periods"": [""5"", ""6"", ""7""], ""raw"": ""5,6, 7""}]",,三AB、四AB、碩班合開,https://course.nuk.edu.tw/QueryCourse/tcontent.asp?OpenYear=111&Helf=2&Sclass=EE&Cono=F655,2026-08-26T18:26:42+00:00
111-2-EE-F766-A-3-A,111,2,工學院,EE,電機工程學系,F766,A,大學部,3,A,行動通訊,3,選,38,37,,1,蔡仁勝,B01-109,,"2,3, 4",,,,,,"[{""day"": 2, ""dayName"": ""星期二"", ""periods"": [""2"", ""3"", ""4""], ""raw"": ""2,3, 4""}]",,三四碩合開,https://course.nuk.edu.tw/QueryCourse/tcontent.asp?OpenYear=111&Helf=2&Sclass=EE&Cono=F766,2026-08-26T18:26:42+00:00
111-2-EE-F766-A-3-B,111,2,工學院,EE,電機工程學系,F766,A,大學部,3,B,行動通訊,3,選,38,37,,1,蔡仁勝,B01-109,,"2,3, 4",,,,,,"[{""day"": 2, ""dayName"": ""星期二"", ""periods"": [""2"", ""3"", ""4""], ""raw"": ""2,3, 4""}]",,三四碩合開,https://course.nuk.edu.tw/QueryCourse/tcontent.asp?OpenYear=111&Helf=2&Sclass=EE&Cono=F766,2026-08-26T18:26:42+00:00
111-2-EE-F781-A-3-A,111,2,工學院,EE,電機工程學系,F781,A,大學部,3,A,數位影像處理,3,選,40,22,,18,黃祥哲,C01-B101,,"2,3, 4",,,,,,"[{""day"": 2, ""dayName"": ""星期二"", ""periods"": [""2"", ""3"", ""4""], ""raw"": ""2,3, 4""}]",,三AB、四AB、碩班合開；安排C01-B101教室,https://course.nuk.edu.tw/QueryCourse/tcontent.asp?OpenYear=111&Helf=2&Sclass=EE&Cono=F781,2026-08-26T18:26:42+00:00
111-2-EE-F781-A-3-B,111,2,工學院,EE,電機工程學系,F781,A,大學部,3,B,數位影像處理,3,選,40,22,,18,黃祥哲,C01-B101,,"2,3, 4",,,,,,"[{""day"": 2, ""dayName"": ""星期二"", ""periods"": [""2"", ""3"", ""4""], ""raw"": ""2,3, 4""}]",,三AB、四AB、碩班合開；請安排C01-B101教室,https://course.nuk.edu.tw/QueryCourse/tcontent.asp?OpenYear=111&Helf=2&Sclass=EE&Cono=F781,2026-08-26T18:26:42+00:00
111-2-EE-F787-A-3-A,111,2,工學院,EE,電機工程學系,F787,A,大學部,3,A,圖形識別,3,選,30,25,,5,賴智錦,C01-B101-1,"2,3, 4",,,,,,,"[{""day"": 1, ""dayName"": ""星期一"", ""periods"": [""2"", ""3"", ""4""], ""raw"": ""2,3, 4""}]",,三AB、四AB、碩班合開,https://course.nuk.edu.tw/QueryCourse/tcontent.asp?OpenYear=111&Helf=2&Sclass=EE&Cono=F787,2026-08-26T18:26:42+00:00
111-2-EE-F787-A-3-B,111,2,工學院,EE,電機工程學系,F787,A,大學部,3,B,圖形識別,3,選,30,25,,5,賴智錦,C01-B101-1,"2,3, 4",,,,,,,"[{""day"": 1, ""dayName"": ""星期一"", ""periods"": [""2"", ""3"", ""4""], ""raw"": ""2,3, 4""}]",,三AB、四AB、碩班合開,https://course.nuk.edu.tw/QueryCourse/tcontent.asp?OpenYear=111&Helf=2&Sclass=EE&Cono=F787,2026-08-26T18:26:42+00:00
111-2-EE-F796-A-3-A,111,2,工學院,EE,電機工程學系,F796,A,大學部,3,A,微波電路概論與量測基礎實務,3,選,35,29,,6,吳松茂,C01-B101-1,,,,"2,3, 4",,,,"[{""day"": 4, ""dayName"": ""星期四"", ""periods"": [""2"", ""3"", ""4""], ""raw"": ""2,3, 4""}]",,三AB、四AB、碩班合開,https://course.nuk.edu.tw/QueryCourse/tcontent.asp?OpenYear=111&Helf=2&Sclass=EE&Cono=F796,2026-08-26T18:26:42+00:00
111-2-EE-F796-A-3-B,111,2,工學院,EE,電機工程學系,F796,A,大學部,3,B,微波電路概論與量測基礎實務,3,選,35,29,,6,吳松茂,C01-B101-1,,,,"2,3, 4",,,,"[{""day"": 4, ""dayName"": ""星期四"", ""periods"": [""2"", ""3"", ""4""], ""raw"": ""2,3, 4""}]",,三AB、四AB、碩班合開,https://course.nuk.edu.tw/QueryCourse/tcontent.asp?OpenYear=111&Helf=2&Sclass=EE&Cono=F796,2026-08-26T18:26:42+00:00
111-2-EE-F836-A-3-A,111,2,工學院,EE,電機工程學系,F836,A,大學部,3,A,仿生計算,3,選,30,25,,5,賴智錦,C01-414,,,"2,3, 4",,,,,"[{""day"": 3, ""dayName"": ""星期三"", ""periods"": [""2"", ""3"", ""4""], ""raw"": ""2,3, 4""}]",,三AB、四AB、碩班合開,https://course.nuk.edu.tw/QueryCourse/tcontent.asp?OpenYear=111&Helf=2&Sclass=EE&Cono=F836,2026-08-26T18:26:42+00:00
111-2-EE-F836-A-3-B,111,2,工學院,EE,電機工程學系,F836,A,大學部,3,B,仿生計算,3,選,30,25,,5,賴智錦,C01-414,,,"2,3, 4",,,,,"[{""day"": 3, ""dayName"": ""星期三"", ""periods"": [""2"", ""3"", ""4""], ""raw"": ""2,3, 4""}]",,三AB、四AB、碩班合開,https://course.nuk.edu.tw/QueryCourse/tcontent.asp?OpenYear=111&Helf=2&Sclass=EE&Cono=F836,2026-08-26T18:26:42+00:00
111-2-EE-F837-A-3-A,111,2,工學院,EE,電機工程學系,F837,A,大學部,3,A,深度學習,3,選,32,32,,0,蔡仁勝,C01-201,,"5,6, 7",,,,,,"[{""day"": 2, ""dayName"": ""星期二"", ""periods"": [""5"", ""6"", ""7""], ""raw"": ""5,6, 7""}]",,三四碩合開；請安排工學院201實驗室,https://course.nuk.edu.tw/QueryCourse/tcontent.asp?OpenYear=111&Helf=2&Sclass=EE&Cono=F837,2026-08-26T18:26:42+00:00
111-2-EE-F837-A-3-B,111,2,工學院,EE,電機工程學系,F837,A,大學部,3,B,深度學習,3,選,32,32,,0,蔡仁勝,C01-201,,"5,6, 7",,,,,,"[{""day"": 2, ""dayName"": ""星期二"", ""periods"": [""5"", ""6"", ""7""], ""raw"": ""5,6, 7""}]",,三四碩合開；請安排工學院201實驗室,https://course.nuk.edu.tw/QueryCourse/tcontent.asp?OpenYear=111&Helf=2&Sclass=EE&Cono=F837,2026-08-26T18:26:42+00:00
111-2-EE-G546-A-3-A,111,2,工學院,EE,電機工程學系,G546,A,大學部,3,A,嵌入式程式設計,3,選,50,40,,10,林宏益,C01-104,,,,,"5,6, 7",,,"[{""day"": 5, ""dayName"": ""星期五"", ""periods"": [""5"", ""6"", ""7""], ""raw"": ""5,6, 7""}]",,三四碩合開；請安排工學院104電腦教室,https://course.nuk.edu.tw/QueryCourse/tcontent.asp?OpenYear=111&Helf=2&Sclass=EE&Cono=G546,2026-08-26T18:26:42+00:00
111-2-EE-G546-A-3-B,111,2,工學院,EE,電機工程學系,G546,A,大學部,3,B,嵌入式程式設計,3,選,50,40,,10,林宏益,C01-104,,,,,"5,6, 7",,,"[{""day"": 5, ""dayName"": ""星期五"", ""periods"": [""5"", ""6"", ""7""], ""raw"": ""5,6, 7""}]",,三四碩合開；請安排工學院104電腦教室,https://course.nuk.edu.tw/QueryCourse/tcontent.asp?OpenYear=111&Helf=2&Sclass=EE&Cono=G546,2026-08-26T18:26:42+00:00
111-2-EE-G563-A-3-A,111,2,工學院,EE,電機工程學系,G563,A,大學部,3,A,類神經網路導論,3,選,44,44,,0,李錫智,C01-B101-1,"6,7, 8",,,,,,,"[{""day"": 1, ""dayName"": ""星期一"", ""periods"": [""6"", ""7"", ""8""], ""raw"": ""6,7, 8""}]",外加,三AB、四AB、碩班合開,https://course.nuk.edu.tw/QueryCourse/tcontent.asp?OpenYear=111&Helf=2&Sclass=EE&Cono=G563,2026-08-26T18:26:42+00:00
111-2-EE-G563-A-3-B,111,2,工學院,EE,電機工程學系,G563,A,大學部,3,B,類神經網路導論,3,選,44,44,,0,李錫智,C01-B101-1,"6,7, 8",,,,,,,"[{""day"": 1, ""dayName"": ""星期一"", ""periods"": [""6"", ""7"", ""8""], ""raw"": ""6,7, 8""}]",,三AB、四AB、碩班合開,https://course.nuk.edu.tw/QueryCourse/tcontent.asp?OpenYear=111&Helf=2&Sclass=EE&Cono=G563,2026-08-26T18:26:42+00:00
111-2-EE-G70A-A-3-A,111,2,工學院,EE,電機工程學系,G70A,A,大學部,3,A,智慧生活空間資訊截取與運用效能化設計(Ⅰ),3,選,77,75,,2,梁明正,C01-202,,"5,6, 7",,,,,,"[{""day"": 2, ""dayName"": ""星期二"", ""periods"": [""5"", ""6"", ""7""], ""raw"": ""5,6, 7""}]",學程,三AB、四AB、碩班合開；智慧生活整合創新學程,https://course.nuk.edu.tw/QueryCourse/tcontent.asp?OpenYear=111&Helf=2&Sclass=EE&Cono=G70A,2026-08-26T18:26:42+00:00
111-2-EE-G70A-A-3-B,111,2,工學院,EE,電機工程學系,G70A,A,大學部,3,B,智慧生活空間資訊截取與運用效能化設計(Ⅰ),3,選,77,75,,2,梁明正,C01-202,,"5,6, 7",,,,,,"[{""day"": 2, ""dayName"": ""星期二"", ""periods"": [""5"", ""6"", ""7""], ""raw"": ""5,6, 7""}]",學程,三AB、四AB、碩班合開；智慧生活整合創新學程,https://course.nuk.edu.tw/QueryCourse/tcontent.asp?OpenYear=111&Helf=2&Sclass=EE&Cono=G70A,2026-08-26T18:26:42+00:00
111-2-EE-C712-A-4-A,111,2,工學院,EE,電機工程學系,C712,A,大學部,4,A,計算機組織,3,選,71,64,,7,林宏益,C02-108,,,,"2,3, 4",,,,"[{""day"": 4, ""dayName"": ""星期四"", ""periods"": [""2"", ""3"", ""4""], ""raw"": ""2,3, 4""}]",外加,三四合開；請安排普通教室及C01-104電腦教室,https://course.nuk.edu.tw/QueryCourse/tcontent.asp?OpenYear=111&Helf=2&Sclass=EE&Cono=C712,2026-08-26T18:26:42+00:00
111-2-EE-C712-A-4-B,111,2,工學院,EE,電機工程學系,C712,A,大學部,4,B,計算機組織,3,選,71,64,,7,林宏益,C02-108,,,,"2,3, 4",,,,"[{""day"": 4, ""dayName"": ""星期四"", ""periods"": [""2"", ""3"", ""4""], ""raw"": ""2,3, 4""}]",,三四合開；請安排普通教室及C01-104電腦教室,https://course.nuk.edu.tw/QueryCourse/tcontent.asp?OpenYear=111&Helf=2&Sclass=EE&Cono=C712,2026-08-26T18:26:42+00:00
111-2-EE-C714-A-4-A,111,2,工學院,EE,電機工程學系,C714,A,大學部,4,A,計算機組織,3,選,50,24,,26,林宏益,C01-B101,,,"7,8, 9",,,,,"[{""day"": 3, ""dayName"": ""星期三"", ""periods"": [""7"", ""8"", ""9""], ""raw"": ""7,8, 9""}]",,三四AB合開,https://course.nuk.edu.tw/QueryCourse/tcontent.asp?OpenYear=111&Helf=2&Sclass=EE&Cono=C714,2026-08-26T18:26:42+00:00
111-2-EE-C714-A-4-B,111,2,工學院,EE,電機工程學系,C714,A,大學部,4,B,計算機組織,3,選,50,24,,26,林宏益,C01-B101,,,"7,8, 9",,,,,"[{""day"": 3, ""dayName"": ""星期三"", ""periods"": [""7"", ""8"", ""9""], ""raw"": ""7,8, 9""}]",,三四AB合開,https://course.nuk.edu.tw/QueryCourse/tcontent.asp?OpenYear=111&Helf=2&Sclass=EE&Cono=C714,2026-08-26T18:26:42+00:00
111-2-EE-D50B-A-4-A,111,2,工學院,EE,電機工程學系,D50B,A,大學部,4,A,業界實習(二),9,選,3,2,,1,張文騰 吳志宏 吳松茂,,,,,,,,"1,2, 3,4, 5,6, 7,8, 9","[{""day"": 7, ""dayName"": ""星期日"", ""periods"": [""1"", ""2"", ""3"", ""4"", ""5"", ""6"", ""7"", ""8"", ""9""], ""raw"": ""1,2, 3,4, 5,6, 7,8, 9""}]",限修,總實習時數應達450小時以上,https://course.nuk.edu.tw/QueryCourse/tcontent.asp?OpenYear=111&Helf=2&Sclass=EE&Cono=D50B,2026-08-26T18:26:42+00:00
111-2-EE-D50B-A-4-B,111,2,工學院,EE,電機工程學系,D50B,A,大學部,4,B,業界實習(二),9,選,3,2,,1,張文騰 吳志宏 吳松茂,,,,,,,,"1,2, 3,4, 5,6, 7,8, 9","[{""day"": 7, ""dayName"": ""星期日"", ""periods"": [""1"", ""2"", ""3"", ""4"", ""5"", ""6"", ""7"", ""8"", ""9""], ""raw"": ""1,2, 3,4, 5,6, 7,8, 9""}]",限修,總實習時數應達450小時以上,https://course.nuk.edu.tw/QueryCourse/tcontent.asp?OpenYear=111&Helf=2&Sclass=EE&Cono=D50B,2026-08-26T18:26:42+00:00
111-2-EE-F502-A-4-A,111,2,工學院,EE,電機工程學系,F502,A,大學部,4,A,真空技術,3,選,30,13,,17,馮瑞陽,C01-107,,,,"2,3, 4",,,,"[{""day"": 4, ""dayName"": ""星期四"", ""periods"": [""2"", ""3"", ""4""], ""raw"": ""2,3, 4""}]",,三AB、四AB、碩班合開,https://course.nuk.edu.tw/QueryCourse/tcontent.asp?OpenYear=111&Helf=2&Sclass=EE&Cono=F502,2026-08-26T18:26:42+00:00
111-2-EE-F502-A-4-B,111,2,工學院,EE,電機工程學系,F502,A,大學部,4,B,真空技術,3,選,30,13,,17,馮瑞陽,C01-107,,,,"2,3, 4",,,,"[{""day"": 4, ""dayName"": ""星期四"", ""periods"": [""2"", ""3"", ""4""], ""raw"": ""2,3, 4""}]",,三AB、四AB、碩班合開,https://course.nuk.edu.tw/QueryCourse/tcontent.asp?OpenYear=111&Helf=2&Sclass=EE&Cono=F502,2026-08-26T18:26:42+00:00
111-2-EE-F505-A-4-A,111,2,工學院,EE,電機工程學系,F505,A,大學部,4,A,科技英文,3,選,37,25,,12,郭馨徽,C01-B101-1,,"5,6, 7",,,,,,"[{""day"": 2, ""dayName"": ""星期二"", ""periods"": [""5"", ""6"", ""7""], ""raw"": ""5,6, 7""}]",,三AB、四AB、碩班合開；請安排 C01-B101-1,https://course.nuk.edu.tw/QueryCourse/tcontent.asp?OpenYear=111&Helf=2&Sclass=EE&Cono=F505,2026-08-26T18:26:42+00:00
111-2-EE-F505-A-4-B,111,2,工學院,EE,電機工程學系,F505,A,大學部,4,B,科技英文,3,選,37,25,,12,郭馨徽,C01-B101-1,,"5,6, 7",,,,,,"[{""day"": 2, ""dayName"": ""星期二"", ""periods"": [""5"", ""6"", ""7""], ""raw"": ""5,6, 7""}]",,三AB、四AB、碩班合開；請安排 C01-B101-1,https://course.nuk.edu.tw/QueryCourse/tcontent.asp?OpenYear=111&Helf=2&Sclass=EE&Cono=F505,2026-08-26T18:26:42+00:00
111-2-EE-F522-A-4-A,111,2,工學院,EE,電機工程學系,F522,A,大學部,4,A,高速數位系統設計實務,3,選,70,40,,30,王陳肇,C01-B104,,,,"10,11, 12",,,,"[{""day"": 4, ""dayName"": ""星期四"", ""periods"": [""10"", ""11"", ""12""], ""raw"": ""10,11, 12""}]",,四AB、碩班合開,https://course.nuk.edu.tw/QueryCourse/tcontent.asp?OpenYear=111&Helf=2&Sclass=EE&Cono=F522,2026-08-26T18:26:42+00:00
111-2-EE-F522-A-4-B,111,2,工學院,EE,電機工程學系,F522,A,大學部,4,B,高速數位系統設計實務,3,選,70,40,,30,王陳肇,C01-B104,,,,"10,11, 12",,,,"[{""day"": 4, ""dayName"": ""星期四"", ""periods"": [""10"", ""11"", ""12""], ""raw"": ""10,11, 12""}]",,四AB、碩班合開,https://course.nuk.edu.tw/QueryCourse/tcontent.asp?OpenYear=111&Helf=2&Sclass=EE&Cono=F522,2026-08-26T18:26:42+00:00
111-2-EE-F524-A-4-A,111,2,工學院,EE,電機工程學系,F524,A,大學部,4,A,數位訊號處理、系統設計與模擬,3,選,30,30,,0,徐忠枝,C01-201,,,,"6,7, 8",,,,"[{""day"": 4, ""dayName"": ""星期四"", ""periods"": [""6"", ""7"", ""8""], ""raw"": ""6,7, 8""}]",先修,三AB、四AB、碩班合開；請安排C01-201實驗室,https://course.nuk.edu.tw/QueryCourse/tcontent.asp?OpenYear=111&Helf=2&Sclass=EE&Cono=F524,2026-08-26T18:26:42+00:00
111-2-EE-F524-A-4-B,111,2,工學院,EE,電機工程學系,F524,A,大學部,4,B,數位訊號處理、系統設計與模擬,3,選,30,30,,0,徐忠枝,C01-201,,,,"6,7, 8",,,,"[{""day"": 4, ""dayName"": ""星期四"", ""periods"": [""6"", ""7"", ""8""], ""raw"": ""6,7, 8""}]",先修,三AB、四AB、碩班合開；請安排C01-201實驗室,https://course.nuk.edu.tw/QueryCourse/tcontent.asp?OpenYear=111&Helf=2&Sclass=EE&Cono=F524,2026-08-26T18:26:42+00:00
111-2-EE-F597-A-4-A,111,2,工學院,EE,電機工程學系,F597,A,大學部,4,A,微波無線系統導論,3,選,40,27,,13,一心,C01-107 其他教室,,,"2,3, 4",,,,,"[{""day"": 3, ""dayName"": ""星期三"", ""periods"": [""2"", ""3"", ""4""], ""raw"": ""2,3, 4""}]",,三AB、四AB、碩班合開，請安排C01-104電腦教室與一般教室,https://course.nuk.edu.tw/QueryCourse/tcontent.asp?OpenYear=111&Helf=2&Sclass=EE&Cono=F597,2026-08-26T18:26:42+00:00
111-2-EE-F597-A-4-B,111,2,工學院,EE,電機工程學系,F597,A,大學部,4,B,微波無線系統導論,3,選,40,27,,13,一心,C01-107 其他教室,,,"2,3, 4",,,,,"[{""day"": 3, ""dayName"": ""星期三"", ""periods"": [""2"", ""3"", ""4""], ""raw"": ""2,3, 4""}]",,三AB、四AB、碩班合開，請安排C01-104電腦教室與一般教室,https://course.nuk.edu.tw/QueryCourse/tcontent.asp?OpenYear=111&Helf=2&Sclass=EE&Cono=F597,2026-08-26T18:26:42+00:00
111-2-EE-F603-A-4-A,111,2,工學院,EE,電機工程學系,F603,A,大學部,4,A,電機機械,3,選,50,18,,32,劉又齊,C01-202,,,,,"2,3, 4",,,"[{""day"": 5, ""dayName"": ""星期五"", ""periods"": [""2"", ""3"", ""4""], ""raw"": ""2,3, 4""}]",,四AB、碩班合開,https://course.nuk.edu.tw/QueryCourse/tcontent.asp?OpenYear=111&Helf=2&Sclass=EE&Cono=F603,2026-08-26T18:26:42+00:00
111-2-EE-F603-A-4-B,111,2,工學院,EE,電機工程學系,F603,A,大學部,4,B,電機機械,3,選,50,18,,32,劉又齊,C01-202,,,,,"2,3, 4",,,"[{""day"": 5, ""dayName"": ""星期五"", ""periods"": [""2"", ""3"", ""4""], ""raw"": ""2,3, 4""}]",,四AB、碩班合開,https://course.nuk.edu.tw/QueryCourse/tcontent.asp?OpenYear=111&Helf=2&Sclass=EE&Cono=F603,2026-08-26T18:26:42+00:00
111-2-EE-F613-A-4-A,111,2,工學院,EE,電機工程學系,F613,A,大學部,4,A,高等元件分析,3,選,60,34,,26,江德光,C01-202,,,"2,3, 4",,,,,"[{""day"": 3, ""dayName"": ""星期三"", ""periods"": [""2"", ""3"", ""4""], ""raw"": ""2,3, 4""}]",,四AB、碩班合開(全英授課),https://course.nuk.edu.tw/QueryCourse/tcontent.asp?OpenYear=111&Helf=2&Sclass=EE&Cono=F613,2026-08-26T18:26:42+00:00
111-2-EE-F613-A-4-B,111,2,工學院,EE,電機工程學系,F613,A,大學部,4,B,高等元件分析,3,選,60,34,,26,江德光,C01-202,,,"2,3, 4",,,,,"[{""day"": 3, ""dayName"": ""星期三"", ""periods"": [""2"", ""3"", ""4""], ""raw"": ""2,3, 4""}]",,四AB、碩班合開(全英授課),https://course.nuk.edu.tw/QueryCourse/tcontent.asp?OpenYear=111&Helf=2&Sclass=EE&Cono=F613,2026-08-26T18:26:42+00:00
111-2-EE-F655-A-4-A,111,2,工學院,EE,電機工程學系,F655,A,大學部,4,A,光電子學(二),3,選,40,11,,29,馮瑞陽,C01-202,,,,,"5,6, 7",,,"[{""day"": 5, ""dayName"": ""星期五"", ""periods"": [""5"", ""6"", ""7""], ""raw"": ""5,6, 7""}]",,三AB、四AB、碩班合開,https://course.nuk.edu.tw/QueryCourse/tcontent.asp?OpenYear=111&Helf=2&Sclass=EE&Cono=F655,2026-08-26T18:26:42+00:00
111-2-EE-F655-A-4-B,111,2,工學院,EE,電機工程學系,F655,A,大學部,4,B,光電子學(二),3,選,40,11,,29,馮瑞陽,C01-202,,,,,"5,6, 7",,,"[{""day"": 5, ""dayName"": ""星期五"", ""periods"": [""5"", ""6"", ""7""], ""raw"": ""5,6, 7""}]",,三AB、四AB、碩班合開,https://course.nuk.edu.tw/QueryCourse/tcontent.asp?OpenYear=111&Helf=2&Sclass=EE&Cono=F655,2026-08-26T18:26:42+00:00
111-2-EE-F766-A-4-A,111,2,工學院,EE,電機工程學系,F766,A,大學部,4,A,行動通訊,3,選,38,37,,1,蔡仁勝,B01-109,,"2,3, 4",,,,,,"[{""day"": 2, ""dayName"": ""星期二"", ""periods"": [""2"", ""3"", ""4""], ""raw"": ""2,3, 4""}]",,三四碩合開,https://course.nuk.edu.tw/QueryCourse/tcontent.asp?OpenYear=111&Helf=2&Sclass=EE&Cono=F766,2026-08-26T18:26:42+00:00
111-2-EE-F766-A-4-B,111,2,工學院,EE,電機工程學系,F766,A,大學部,4,B,行動通訊,3,選,38,37,,1,蔡仁勝,B01-109,,"2,3, 4",,,,,,"[{""day"": 2, ""dayName"": ""星期二"", ""periods"": [""2"", ""3"", ""4""], ""raw"": ""2,3, 4""}]",,三四碩合開,https://course.nuk.edu.tw/QueryCourse/tcontent.asp?OpenYear=111&Helf=2&Sclass=EE&Cono=F766,2026-08-26T18:26:42+00:00
111-2-EE-F781-A-4-A,111,2,工學院,EE,電機工程學系,F781,A,大學部,4,A,數位影像處理,3,選,40,22,,18,黃祥哲,C01-B101,,"2,3, 4",,,,,,"[{""day"": 2, ""dayName"": ""星期二"", ""periods"": [""2"", ""3"", ""4""], ""raw"": ""2,3, 4""}]",,三AB、四AB、碩班合開；安排C01-B101教室,https://course.nuk.edu.tw/QueryCourse/tcontent.asp?OpenYear=111&Helf=2&Sclass=EE&Cono=F781,2026-08-26T18:26:42+00:00
111-2-EE-F781-A-4-B,111,2,工學院,EE,電機工程學系,F781,A,大學部,4,B,數位影像處理,3,選,40,22,,18,黃祥哲,C01-B101,,"2,3, 4",,,,,,"[{""day"": 2, ""dayName"": ""星期二"", ""periods"": [""2"", ""3"", ""4""], ""raw"": ""2,3, 4""}]",,三AB、四AB、碩班合開；請安排C01-B101教室,https://course.nuk.edu.tw/QueryCourse/tcontent.asp?OpenYear=111&Helf=2&Sclass=EE&Cono=F781,2026-08-26T18:26:42+00:00
111-2-EE-F787-A-4-A,111,2,工學院,EE,電機工程學系,F787,A,大學部,4,A,圖形識別,3,選,30,25,,5,賴智錦,C01-B101-1,"2,3, 4",,,,,,,"[{""day"": 1, ""dayName"": ""星期一"", ""periods"": [""2"", ""3"", ""4""], ""raw"": ""2,3, 4""}]",,三AB、四AB、碩班合開,https://course.nuk.edu.tw/QueryCourse/tcontent.asp?OpenYear=111&Helf=2&Sclass=EE&Cono=F787,2026-08-26T18:26:42+00:00
111-2-EE-F787-A-4-B,111,2,工學院,EE,電機工程學系,F787,A,大學部,4,B,圖形識別,3,選,30,25,,5,賴智錦,C01-B101-1,"2,3, 4",,,,,,,"[{""day"": 1, ""dayName"": ""星期一"", ""periods"": [""2"", ""3"", ""4""], ""raw"": ""2,3, 4""}]",,三AB、四AB、碩班合開,https://course.nuk.edu.tw/QueryCourse/tcontent.asp?OpenYear=111&Helf=2&Sclass=EE&Cono=F787,2026-08-26T18:26:42+00:00
111-2-EE-F796-A-4-A,111,2,工學院,EE,電機工程學系,F796,A,大學部,4,A,微波電路概論與量測基礎實務,3,選,35,29,,6,吳松茂,C01-B101-1,,,,"2,3, 4",,,,"[{""day"": 4, ""dayName"": ""星期四"", ""periods"": [""2"", ""3"", ""4""], ""raw"": ""2,3, 4""}]",,三AB、四AB、碩班合開,https://course.nuk.edu.tw/QueryCourse/tcontent.asp?OpenYear=111&Helf=2&Sclass=EE&Cono=F796,2026-08-26T18:26:42+00:00
111-2-EE-F796-A-4-B,111,2,工學院,EE,電機工程學系,F796,A,大學部,4,B,微波電路概論與量測基礎實務,3,選,35,29,,6,吳松茂,C01-B101-1,,,,"2,3, 4",,,,"[{""day"": 4, ""dayName"": ""星期四"", ""periods"": [""2"", ""3"", ""4""], ""raw"": ""2,3, 4""}]",,三AB、四AB、碩班合開,https://course.nuk.edu.tw/QueryCourse/tcontent.asp?OpenYear=111&Helf=2&Sclass=EE&Cono=F796,2026-08-26T18:26:42+00:00
111-2-EE-F834-A-4-A,111,2,工學院,EE,電機工程學系,F834,A,大學部,4,A,RFID 系統,3,選,60,59,,1,梁明正,C01-202,"5,6, 7",,,,,,,"[{""day"": 1, ""dayName"": ""星期一"", ""periods"": [""5"", ""6"", ""7""], ""raw"": ""5,6, 7""}]",,四碩合開,https://course.nuk.edu.tw/QueryCourse/tcontent.asp?OpenYear=111&Helf=2&Sclass=EE&Cono=F834,2026-08-26T18:26:42+00:00
111-2-EE-F834-A-4-B,111,2,工學院,EE,電機工程學系,F834,A,大學部,4,B,RFID 系統,3,選,60,59,,1,梁明正,C01-202,"5,6, 7",,,,,,,"[{""day"": 1, ""dayName"": ""星期一"", ""periods"": [""5"", ""6"", ""7""], ""raw"": ""5,6, 7""}]",,四碩合開,https://course.nuk.edu.tw/QueryCourse/tcontent.asp?OpenYear=111&Helf=2&Sclass=EE&Cono=F834,2026-08-26T18:26:42+00:00
111-2-EE-F836-A-4-A,111,2,工學院,EE,電機工程學系,F836,A,大學部,4,A,仿生計算,3,選,30,25,,5,賴智錦,C01-414,,,"2,3, 4",,,,,"[{""day"": 3, ""dayName"": ""星期三"", ""periods"": [""2"", ""3"", ""4""], ""raw"": ""2,3, 4""}]",,三AB、四AB、碩班合開,https://course.nuk.edu.tw/QueryCourse/tcontent.asp?OpenYear=111&Helf=2&Sclass=EE&Cono=F836,2026-08-26T18:26:42+00:00
111-2-EE-F836-A-4-B,111,2,工學院,EE,電機工程學系,F836,A,大學部,4,B,仿生計算,3,選,30,25,,5,賴智錦,C01-414,,,"2,3, 4",,,,,"[{""day"": 3, ""dayName"": ""星期三"", ""periods"": [""2"", ""3"", ""4""], ""raw"": ""2,3, 4""}]",,三AB、四AB、碩班合開,https://course.nuk.edu.tw/QueryCourse/tcontent.asp?OpenYear=111&Helf=2&Sclass=EE&Cono=F836,2026-08-26T18:26:42+00:00
111-2-EE-F837-A-4-A,111,2,工學院,EE,電機工程學系,F837,A,大學部,4,A,深度學習,3,選,32,32,,0,蔡仁勝,C01-201,,"5,6, 7",,,,,,"[{""day"": 2, ""dayName"": ""星期二"", ""periods"": [""5"", ""6"", ""7""], ""raw"": ""5,6, 7""}]",,三四碩合開；請安排工學院201實驗室,https://course.nuk.edu.tw/QueryCourse/tcontent.asp?OpenYear=111&Helf=2&Sclass=EE&Cono=F837,2026-08-26T18:26:42+00:00
111-2-EE-F837-A-4-B,111,2,工學院,EE,電機工程學系,F837,A,大學部,4,B,深度學習,3,選,32,32,,0,蔡仁勝,C01-201,,"5,6, 7",,,,,,"[{""day"": 2, ""dayName"": ""星期二"", ""periods"": [""5"", ""6"", ""7""], ""raw"": ""5,6, 7""}]",,三四碩合開；請安排工學院201實驗室,https://course.nuk.edu.tw/QueryCourse/tcontent.asp?OpenYear=111&Helf=2&Sclass=EE&Cono=F837,2026-08-26T18:26:42+00:00
111-2-EE-F873-A-4-A,111,2,工學院,EE,電機工程學系,F873,A,大學部,4,A,密碼學與實驗,3,選,30,30,,0,徐忠枝,C01-201,,,"7,8, 9",,,,,"[{""day"": 3, ""dayName"": ""星期三"", ""periods"": [""7"", ""8"", ""9""], ""raw"": ""7,8, 9""}]",,四AB、碩班合開；請安排C01-201實驗室,https://course.nuk.edu.tw/QueryCourse/tcontent.asp?OpenYear=111&Helf=2&Sclass=EE&Cono=F873,2026-08-26T18:26:42+00:00
111-2-EE-F873-A-4-B,111,2,工學院,EE,電機工程學系,F873,A,大學部,4,B,密碼學與實驗,3,選,30,30,,0,徐忠枝,C01-201,,,"7,8, 9",,,,,"[{""day"": 3, ""dayName"": ""星期三"", ""periods"": [""7"", ""8"", ""9""], ""raw"": ""7,8, 9""}]",,四AB、碩班合開；請安排C01-201實驗室,https://course.nuk.edu.tw/QueryCourse/tcontent.asp?OpenYear=111&Helf=2&Sclass=EE&Cono=F873,2026-08-26T18:26:42+00:00
111-2-EE-G546-A-4-A,111,2,工學院,EE,電機工程學系,G546,A,大學部,4,A,嵌入式程式設計,3,選,50,40,,10,林宏益,C01-104,,,,,"5,6, 7",,,"[{""day"": 5, ""dayName"": ""星期五"", ""periods"": [""5"", ""6"", ""7""], ""raw"": ""5,6, 7""}]",,三四碩合開，請安排工學院104電腦教室,https://course.nuk.edu.tw/QueryCourse/tcontent.asp?OpenYear=111&Helf=2&Sclass=EE&Cono=G546,2026-08-26T18:26:42+00:00
111-2-EE-G546-A-4-B,111,2,工學院,EE,電機工程學系,G546,A,大學部,4,B,嵌入式程式設計,3,選,50,40,,10,林宏益,C01-104,,,,,"5,6, 7",,,"[{""day"": 5, ""dayName"": ""星期五"", ""periods"": [""5"", ""6"", ""7""], ""raw"": ""5,6, 7""}]",,三四碩合開；請安排工學院104電腦教室,https://course.nuk.edu.tw/QueryCourse/tcontent.asp?OpenYear=111&Helf=2&Sclass=EE&Cono=G546,2026-08-26T18:26:42+00:00
111-2-EE-G563-A-4-A,111,2,工學院,EE,電機工程學系,G563,A,大學部,4,A,類神經網路導論,3,選,44,44,,0,李錫智,C01-B101-1,"6,7, 8",,,,,,,"[{""day"": 1, ""dayName"": ""星期一"", ""periods"": [""6"", ""7"", ""8""], ""raw"": ""6,7, 8""}]",,三AB、四AB、碩班合開,https://course.nuk.edu.tw/QueryCourse/tcontent.asp?OpenYear=111&Helf=2&Sclass=EE&Cono=G563,2026-08-26T18:26:42+00:00
111-2-EE-G563-A-4-B,111,2,工學院,EE,電機工程學系,G563,A,大學部,4,B,類神經網路導論,3,選,44,44,,0,李錫智,C01-B101-1,"6,7, 8",,,,,,,"[{""day"": 1, ""dayName"": ""星期一"", ""periods"": [""6"", ""7"", ""8""], ""raw"": ""6,7, 8""}]",,三AB、四AB、碩班合開,https://course.nuk.edu.tw/QueryCourse/tcontent.asp?OpenYear=111&Helf=2&Sclass=EE&Cono=G563,2026-08-26T18:26:42+00:00
111-2-EE-G70A-A-4-A,111,2,工學院,EE,電機工程學系,G70A,A,大學部,4,A,智慧生活空間資訊截取與運用效能化設計(Ⅰ),3,選,77,75,,2,梁明正,C01-202,,"5,6, 7",,,,,,"[{""day"": 2, ""dayName"": ""星期二"", ""periods"": [""5"", ""6"", ""7""], ""raw"": ""5,6, 7""}]",學程,三AB、四AB、碩班合開；智慧生活整合創新學程,https://course.nuk.edu.tw/QueryCourse/tcontent.asp?OpenYear=111&Helf=2&Sclass=EE&Cono=G70A,2026-08-26T18:26:42+00:00
111-2-EE-G70A-A-4-B,111,2,工學院,EE,電機工程學系,G70A,A,大學部,4,B,智慧生活空間資訊截取與運用效能化設計(Ⅰ),3,選,77,75,,2,梁明正,C01-202,,"5,6, 7",,,,,,"[{""day"": 2, ""dayName"": ""星期二"", ""periods"": [""5"", ""6"", ""7""], ""raw"": ""5,6, 7""}]",學程,三AB、四AB、碩班合開；智慧生活整合創新學程,https://course.nuk.edu.tw/QueryCourse/tcontent.asp?OpenYear=111&Helf=2&Sclass=EE&Cono=G70A,2026-08-26T18:26:42+00:00
111-2-EE-K001-D-1-,111,2,工學院,EE,電機工程學系,K001,D,博士班,1,,專題討論,0,必,80,65,,15,蔡仁勝 馮瑞陽 林宏益 郭馨徽 梁明正 洪進華,C01-202,,,"5,6",,,,,"[{""day"": 3, ""dayName"": ""星期三"", ""periods"": [""5"", ""6""], ""raw"": ""5,6""}]",,碩博合開；上課教室每週公告於系網,https://course.nuk.edu.tw/QueryCourse/tcontent.asp?OpenYear=111&Helf=2&Sclass=EE&Cono=K001,2026-08-26T18:26:42+00:00
111-2-EE-K57B-D-1-,111,2,工學院,EE,電機工程學系,K57B,D,博士班,1,,應用量子力學(二),3,選,60,10,,50,施明昌,C01-414,,,,"7,8, 9",,,,"[{""day"": 4, ""dayName"": ""星期四"", ""periods"": [""7"", ""8"", ""9""], ""raw"": ""7,8, 9""}]",,碩博合開,https://course.nuk.edu.tw/QueryCourse/tcontent.asp?OpenYear=111&Helf=2&Sclass=EE&Cono=K57B,2026-08-26T18:26:42+00:00
111-2-EE-K584-D-1-,111,2,工學院,EE,電機工程學系,K584,D,博士班,1,,高頻前端電路之設計,3,選,1,1,,0,鄧卜華,C01-410,,,"2,3, 4",,,,,"[{""day"": 3, ""dayName"": ""星期三"", ""periods"": [""2"", ""3"", ""4""], ""raw"": ""2,3, 4""}]",限修,電機系博士班課程，指定加簽；上課教室：工學院C01-410-1,https://course.nuk.edu.tw/QueryCourse/tcontent.asp?OpenYear=111&Helf=2&Sclass=EE&Cono=K584,2026-08-26T18:26:42+00:00
111-2-EE-K631-D-1-,111,2,工學院,EE,電機工程學系,K631,D,博士班,1,,生醫感測器,3,選,10,1,,9,林宏殷 陳春僥,,,,,,"Y,5, 6",,,"[{""day"": 5, ""dayName"": ""星期五"", ""periods"": [""Y"", ""5"", ""6""], ""raw"": ""Y,5, 6""}]",,上課教室:C01-308-1 C01-110-1,https://course.nuk.edu.tw/QueryCourse/tcontent.asp?OpenYear=111&Helf=2&Sclass=EE&Cono=K631,2026-08-26T18:26:42+00:00
111-2-EE-K633-D-1-,111,2,工學院,EE,電機工程學系,K633,D,博士班,1,,生醫分子影像分析,3,選,5,1,,4,林宏殷 陳春僥,,,,,,"7,8, 9",,,"[{""day"": 5, ""dayName"": ""星期五"", ""periods"": [""7"", ""8"", ""9""], ""raw"": ""7,8, 9""}]",,博班課程，CO1-308-1/C01-110-1,https://course.nuk.edu.tw/QueryCourse/tcontent.asp?OpenYear=111&Helf=2&Sclass=EE&Cono=K633,2026-08-26T18:26:42+00:00
111-2-EE-K001-D-2-,111,2,工學院,EE,電機工程學系,K001,D,博士班,2,,專題討論,0,必,80,65,,15,蔡仁勝 馮瑞陽 林宏益 郭馨徽 梁明正 洪進華,C01-202,,,"5,6",,,,,"[{""day"": 3, ""dayName"": ""星期三"", ""periods"": [""5"", ""6""], ""raw"": ""5,6""}]",,碩博合開；上課教室每週公告於系網,https://course.nuk.edu.tw/QueryCourse/tcontent.asp?OpenYear=111&Helf=2&Sclass=EE&Cono=K001,2026-08-26T18:26:42+00:00
111-2-EE-K57B-D-2-,111,2,工學院,EE,電機工程學系,K57B,D,博士班,2,,應用量子力學(二),3,選,60,10,,50,施明昌,C01-414,,,,"7,8, 9",,,,"[{""day"": 4, ""dayName"": ""星期四"", ""periods"": [""7"", ""8"", ""9""], ""raw"": ""7,8, 9""}]",,碩博合開,https://course.nuk.edu.tw/QueryCourse/tcontent.asp?OpenYear=111&Helf=2&Sclass=EE&Cono=K57B,2026-08-26T18:26:42+00:00
111-2-EE-K631-D-2-,111,2,工學院,EE,電機工程學系,K631,D,博士班,2,,生醫感測器,3,選,10,1,,9,林宏殷 陳春僥,,,,,,"Y,5, 6",,,"[{""day"": 5, ""dayName"": ""星期五"", ""periods"": [""Y"", ""5"", ""6""], ""raw"": ""Y,5, 6""}]",,上課教室:C01-308-1 C01-110-1,https://course.nuk.edu.tw/QueryCourse/tcontent.asp?OpenYear=111&Helf=2&Sclass=EE&Cono=K631,2026-08-26T18:26:42+00:00
111-2-EE-K633-D-2-,111,2,工學院,EE,電機工程學系,K633,D,博士班,2,,生醫分子影像分析,3,選,5,1,,4,林宏殷 陳春僥,,,,,,"7,8, 9",,,"[{""day"": 5, ""dayName"": ""星期五"", ""periods"": [""7"", ""8"", ""9""], ""raw"": ""7,8, 9""}]",,上課教室:C01-308-1 C01-110-1,https://course.nuk.edu.tw/QueryCourse/tcontent.asp?OpenYear=111&Helf=2&Sclass=EE&Cono=K633,2026-08-26T18:26:42+00:00
111-2-EE-I033-J-1-,111,2,工學院,EE,電機工程學系,I033,J,產業碩士專班秋季班,1,,國際商務英語(2),2,必,30,20,,10,黃蘭棻,C01-B105,,,,"10,11",,,,"[{""day"": 4, ""dayName"": ""星期四"", ""periods"": [""10"", ""11""], ""raw"": ""10,11""}]",,限電機產碩班修課,https://course.nuk.edu.tw/QueryCourse/tcontent.asp?OpenYear=111&Helf=2&Sclass=EE&Cono=I033,2026-08-26T18:26:42+00:00
111-2-EE-I064-J-1-,111,2,工學院,EE,電機工程學系,I064,J,產業碩士專班秋季班,1,,巨量資料分析,3,必,30,22,,8,吳東穎,L01-108,,"10,11, 12",,,,,,"[{""day"": 2, ""dayName"": ""星期二"", ""periods"": [""10"", ""11"", ""12""], ""raw"": ""10,11, 12""}]",,限電機系修課 (請安排圖資電腦教室),https://course.nuk.edu.tw/QueryCourse/tcontent.asp?OpenYear=111&Helf=2&Sclass=EE&Cono=I064,2026-08-26T18:26:42+00:00
111-2-EE-I601-J-1-,111,2,工學院,EE,電機工程學系,I601,J,產業碩士專班秋季班,1,,物聯網技術,3,選,30,17,,13,曹永忠,L01-108,,,"10,11, 12",,,,,"[{""day"": 3, ""dayName"": ""星期三"", ""periods"": [""10"", ""11"", ""12""], ""raw"": ""10,11, 12""}]",限修,限電機系修課 (請安排圖資電腦教室),https://course.nuk.edu.tw/QueryCourse/tcontent.asp?OpenYear=111&Helf=2&Sclass=EE&Cono=I601,2026-08-26T18:26:42+00:00
111-2-EE-I613-J-1-,111,2,工學院,EE,電機工程學系,I613,J,產業碩士專班秋季班,1,,Python 程式基礎與應用,3,選,30,12,,18,胡中興,L01-108,,,,,"10,11, 12",,,"[{""day"": 5, ""dayName"": ""星期五"", ""periods"": [""10"", ""11"", ""12""], ""raw"": ""10,11, 12""}]",,"限電機系修課 (請安排圖資電腦教室),教師:湖中興",https://course.nuk.edu.tw/QueryCourse/tcontent.asp?OpenYear=111&Helf=2&Sclass=EE&Cono=I613,2026-08-26T18:26:42+00:00
111-2-EE-I623-J-1-,111,2,工學院,EE,電機工程學系,I623,J,產業碩士專班秋季班,1,,無線通訊技術與應用,3,選,30,23,,7,梁明正,C01-B105,"10,11, 12",,,,,,,"[{""day"": 1, ""dayName"": ""星期一"", ""periods"": [""10"", ""11"", ""12""], ""raw"": ""10,11, 12""}]",,限電機系修課,https://course.nuk.edu.tw/QueryCourse/tcontent.asp?OpenYear=111&Helf=2&Sclass=EE&Cono=I623,2026-08-26T18:26:42+00:00
111-2-EE-I001-J-2-,111,2,工學院,EE,電機工程學系,I001,J,產業碩士專班秋季班,2,,論文研究報告,1,必,30,16,,14,施明昌,C01-B105,,,,5,,,,"[{""day"": 4, ""dayName"": ""星期四"", ""periods"": [""5""], ""raw"": ""5""}]",,限電機產碩班修課,https://course.nuk.edu.tw/QueryCourse/tcontent.asp?OpenYear=111&Helf=2&Sclass=EE&Cono=I001,2026-08-26T18:26:42+00:00
111-2-EE-I061-J-2-,111,2,工學院,EE,電機工程學系,I061,J,產業碩士專班秋季班,2,,電子構裝技術,3,必,30,14,,16,楊秉豐,C01-B105,,"6,7, 8",,,,,,"[{""day"": 2, ""dayName"": ""星期二"", ""periods"": [""6"", ""7"", ""8""], ""raw"": ""6,7, 8""}]",,限電機系產碩班修課,https://course.nuk.edu.tw/QueryCourse/tcontent.asp?OpenYear=111&Helf=2&Sclass=EE&Cono=I061,2026-08-26T18:26:42+00:00
111-2-EE-T517-L-1-,111,2,工學院,EE,電機工程學系,T517,L,碩士在職專班,1,,數位系統架構設計,3,選,33,32,,1,陳春僥,C01-302-1,"10,11, 12",,,,,,,"[{""day"": 1, ""dayName"": ""星期一"", ""periods"": [""10"", ""11"", ""12""], ""raw"": ""10,11, 12""}]",限修,電機系碩士在職專班 碩一、碩二；安排C01-302-1,https://course.nuk.edu.tw/QueryCourse/tcontent.asp?OpenYear=111&Helf=2&Sclass=EE&Cono=T517,2026-08-26T18:26:42+00:00
111-2-EE-T51A-L-1-,111,2,工學院,EE,電機工程學系,T51A,L,碩士在職專班,1,,HSPICE積體電路分析與模擬,3,選,33,29,,4,陳春僥,C01-201,,,,"10,11, 12",,,,"[{""day"": 4, ""dayName"": ""星期四"", ""periods"": [""10"", ""11"", ""12""], ""raw"": ""10,11, 12""}]",限修,4月13日以前，請到C01-302-1上課。,https://course.nuk.edu.tw/QueryCourse/tcontent.asp?OpenYear=111&Helf=2&Sclass=EE&Cono=T51A,2026-08-26T18:26:42+00:00
111-2-EE-T544-L-1-,111,2,工學院,EE,電機工程學系,T544,L,碩士在職專班,1,,半導體元件分析與模擬,3,選,30,17,,13,江德光,C01-202,,"10,11, 12",,,,,,"[{""day"": 2, ""dayName"": ""星期二"", ""periods"": [""10"", ""11"", ""12""], ""raw"": ""10,11, 12""}]",,電機系碩士在職專班碩一、碩二；安排C01-202,https://course.nuk.edu.tw/QueryCourse/tcontent.asp?OpenYear=111&Helf=2&Sclass=EE&Cono=T544,2026-08-26T18:26:42+00:00
111-2-EE-T563-L-1-,111,2,工學院,EE,電機工程學系,T563,L,碩士在職專班,1,,FPGA通訊系統電路設計與實習,3,選,50,24,,26,徐忠枝,C01-201,,,,,"10,11, 12",,,"[{""day"": 5, ""dayName"": ""星期五"", ""periods"": [""10"", ""11"", ""12""], ""raw"": ""10,11, 12""}]",先修 限修,請安排C01-201實驗室,https://course.nuk.edu.tw/QueryCourse/tcontent.asp?OpenYear=111&Helf=2&Sclass=EE&Cono=T563,2026-08-26T18:26:42+00:00
111-2-EE-T601-L-1-,111,2,工學院,EE,電機工程學系,T601,L,碩士在職專班,1,,光電子學,3,選,30,8,,22,馮瑞陽,C01-202,,,"10,11, 12",,,,,"[{""day"": 3, ""dayName"": ""星期三"", ""periods"": [""10"", ""11"", ""12""], ""raw"": ""10,11, 12""}]",,碩專一二合開；請安排C01-202教室,https://course.nuk.edu.tw/QueryCourse/tcontent.asp?OpenYear=111&Helf=2&Sclass=EE&Cono=T601,2026-08-26T18:26:42+00:00
111-2-EE-T517-L-2-,111,2,工學院,EE,電機工程學系,T517,L,碩士在職專班,2,,數位系統架構設計,3,選,33,32,,1,陳春僥,C01-302-1,"10,11, 12",,,,,,,"[{""day"": 1, ""dayName"": ""星期一"", ""periods"": [""10"", ""11"", ""12""], ""raw"": ""10,11, 12""}]",限修,電機系碩士在職專班 碩一、碩二；安排C01-302-1,https://course.nuk.edu.tw/QueryCourse/tcontent.asp?OpenYear=111&Helf=2&Sclass=EE&Cono=T517,2026-08-26T18:26:42+00:00
111-2-EE-T51A-L-2-,111,2,工學院,EE,電機工程學系,T51A,L,碩士在職專班,2,,HSPICE積體電路分析與模擬,3,選,33,29,,4,陳春僥,C01-201,,,,"10,11, 12",,,,"[{""day"": 4, ""dayName"": ""星期四"", ""periods"": [""10"", ""11"", ""12""], ""raw"": ""10,11, 12""}]",限修,4月13日以前，請到C01-302-1上課。,https://course.nuk.edu.tw/QueryCourse/tcontent.asp?OpenYear=111&Helf=2&Sclass=EE&Cono=T51A,2026-08-26T18:26:42+00:00
111-2-EE-T544-L-2-,111,2,工學院,EE,電機工程學系,T544,L,碩士在職專班,2,,半導體元件分析與模擬,3,選,30,17,,13,江德光,C01-202,,"10,11, 12",,,,,,"[{""day"": 2, ""dayName"": ""星期二"", ""periods"": [""10"", ""11"", ""12""], ""raw"": ""10,11, 12""}]",,電機系碩士在職專班碩一、碩二；安排C01-202,https://course.nuk.edu.tw/QueryCourse/tcontent.asp?OpenYear=111&Helf=2&Sclass=EE&Cono=T544,2026-08-26T18:26:42+00:00
111-2-EE-T563-L-2-,111,2,工學院,EE,電機工程學系,T563,L,碩士在職專班,2,,FPGA通訊系統電路設計與實習,3,選,50,24,,26,徐忠枝,C01-201,,,,,"10,11, 12",,,"[{""day"": 5, ""dayName"": ""星期五"", ""periods"": [""10"", ""11"", ""12""], ""raw"": ""10,11, 12""}]",先修,請安排C01-201實驗室,https://course.nuk.edu.tw/QueryCourse/tcontent.asp?OpenYear=111&Helf=2&Sclass=EE&Cono=T563,2026-08-26T18:26:42+00:00
111-2-EE-T601-L-2-,111,2,工學院,EE,電機工程學系,T601,L,碩士在職專班,2,,光電子學,3,選,30,8,,22,馮瑞陽,C01-202,,,"10,11, 12",,,,,"[{""day"": 3, ""dayName"": ""星期三"", ""periods"": [""10"", ""11"", ""12""], ""raw"": ""10,11, 12""}]",,碩專一二合開；請安排C01-202教室,https://course.nuk.edu.tw/QueryCourse/tcontent.asp?OpenYear=111&Helf=2&Sclass=EE&Cono=T601,2026-08-26T18:26:42+00:00
111-2-EE-F502-M-1-,111,2,工學院,EE,電機工程學系,F502,M,碩士班,1,,真空技術,3,選,30,13,,17,馮瑞陽,C01-107,,,,"2,3, 4",,,,"[{""day"": 4, ""dayName"": ""星期四"", ""periods"": [""2"", ""3"", ""4""], ""raw"": ""2,3, 4""}]",,三AB、四AB、碩班合開,https://course.nuk.edu.tw/QueryCourse/tcontent.asp?OpenYear=111&Helf=2&Sclass=EE&Cono=F502,2026-08-26T18:26:42+00:00
111-2-EE-F505-M-1-,111,2,工學院,EE,電機工程學系,F505,M,碩士班,1,,科技英文,3,選,37,25,,12,郭馨徽,C01-B101-1,,"5,6, 7",,,,,,"[{""day"": 2, ""dayName"": ""星期二"", ""periods"": [""5"", ""6"", ""7""], ""raw"": ""5,6, 7""}]",外加,三AB、四AB、碩班合開；請安排 C01-B101-1,https://course.nuk.edu.tw/QueryCourse/tcontent.asp?OpenYear=111&Helf=2&Sclass=EE&Cono=F505,2026-08-26T18:26:42+00:00
111-2-EE-F522-M-1-,111,2,工學院,EE,電機工程學系,F522,M,碩士班,1,,高速數位系統設計實務,3,選,70,40,,30,王陳肇,C01-B104,,,,"10,11, 12",,,,"[{""day"": 4, ""dayName"": ""星期四"", ""periods"": [""10"", ""11"", ""12""], ""raw"": ""10,11, 12""}]",,四AB、碩班合開,https://course.nuk.edu.tw/QueryCourse/tcontent.asp?OpenYear=111&Helf=2&Sclass=EE&Cono=F522,2026-08-26T18:26:42+00:00
111-2-EE-F524-M-1-,111,2,工學院,EE,電機工程學系,F524,M,碩士班,1,,數位訊號處理、系統設計與模擬,3,選,30,30,,0,徐忠枝,C01-201,,,,"6,7, 8",,,,"[{""day"": 4, ""dayName"": ""星期四"", ""periods"": [""6"", ""7"", ""8""], ""raw"": ""6,7, 8""}]",先修,三AB、四AB、碩班合開；請安排C01-201實驗室,https://course.nuk.edu.tw/QueryCourse/tcontent.asp?OpenYear=111&Helf=2&Sclass=EE&Cono=F524,2026-08-26T18:26:42+00:00
111-2-EE-F597-M-1-,111,2,工學院,EE,電機工程學系,F597,M,碩士班,1,,微波無線系統導論,3,選,40,27,,13,一心,C01-107 其他教室,,,"2,3, 4",,,,,"[{""day"": 3, ""dayName"": ""星期三"", ""periods"": [""2"", ""3"", ""4""], ""raw"": ""2,3, 4""}]",,三AB、四AB、碩班合開，請安排C01-104電腦教室與一般教室,https://course.nuk.edu.tw/QueryCourse/tcontent.asp?OpenYear=111&Helf=2&Sclass=EE&Cono=F597,2026-08-26T18:26:42+00:00
111-2-EE-F603-M-1-,111,2,工學院,EE,電機工程學系,F603,M,碩士班,1,,電機機械,3,選,50,18,,32,劉又齊,C01-202,,,,,"2,3, 4",,,"[{""day"": 5, ""dayName"": ""星期五"", ""periods"": [""2"", ""3"", ""4""], ""raw"": ""2,3, 4""}]",,四AB、碩班合開,https://course.nuk.edu.tw/QueryCourse/tcontent.asp?OpenYear=111&Helf=2&Sclass=EE&Cono=F603,2026-08-26T18:26:42+00:00
111-2-EE-F613-M-1-,111,2,工學院,EE,電機工程學系,F613,M,碩士班,1,,高等元件分析,3,選,60,34,,26,江德光,C01-202,,,"2,3, 4",,,,,"[{""day"": 3, ""dayName"": ""星期三"", ""periods"": [""2"", ""3"", ""4""], ""raw"": ""2,3, 4""}]",,四AB、碩班合開(全英授課),https://course.nuk.edu.tw/QueryCourse/tcontent.asp?OpenYear=111&Helf=2&Sclass=EE&Cono=F613,2026-08-26T18:26:42+00:00
111-2-EE-F655-M-1-,111,2,工學院,EE,電機工程學系,F655,M,碩士班,1,,光電子學(二),3,選,40,11,,29,馮瑞陽,C01-202,,,,,"5,6, 7",,,"[{""day"": 5, ""dayName"": ""星期五"", ""periods"": [""5"", ""6"", ""7""], ""raw"": ""5,6, 7""}]",,三AB、四AB、碩班合開,https://course.nuk.edu.tw/QueryCourse/tcontent.asp?OpenYear=111&Helf=2&Sclass=EE&Cono=F655,2026-08-26T18:26:42+00:00
111-2-EE-F766-M-1-,111,2,工學院,EE,電機工程學系,F766,M,碩士班,1,,行動通訊,3,選,38,37,,1,蔡仁勝,B01-109,,"2,3, 4",,,,,,"[{""day"": 2, ""dayName"": ""星期二"", ""periods"": [""2"", ""3"", ""4""], ""raw"": ""2,3, 4""}]",外加,三四碩合開,https://course.nuk.edu.tw/QueryCourse/tcontent.asp?OpenYear=111&Helf=2&Sclass=EE&Cono=F766,2026-08-26T18:26:42+00:00
111-2-EE-F781-M-1-,111,2,工學院,EE,電機工程學系,F781,M,碩士班,1,,數位影像處理,3,選,40,22,,18,黃祥哲,C01-B101,,"2,3, 4",,,,,,"[{""day"": 2, ""dayName"": ""星期二"", ""periods"": [""2"", ""3"", ""4""], ""raw"": ""2,3, 4""}]",,3AB、4AB、碩班合開；安排工學院B101教室,https://course.nuk.edu.tw/QueryCourse/tcontent.asp?OpenYear=111&Helf=2&Sclass=EE&Cono=F781,2026-08-26T18:26:42+00:00
111-2-EE-F787-M-1-,111,2,工學院,EE,電機工程學系,F787,M,碩士班,1,,圖形識別,3,選,30,25,,5,賴智錦,C01-B101-1,"2,3, 4",,,,,,,"[{""day"": 1, ""dayName"": ""星期一"", ""periods"": [""2"", ""3"", ""4""], ""raw"": ""2,3, 4""}]",,三AB、四AB、碩班合開,https://course.nuk.edu.tw/QueryCourse/tcontent.asp?OpenYear=111&Helf=2&Sclass=EE&Cono=F787,2026-08-26T18:26:42+00:00
111-2-EE-F796-M-1-,111,2,工學院,EE,電機工程學系,F796,M,碩士班,1,,微波電路概論與量測基礎實務,3,選,35,29,,6,吳松茂,C01-B101-1,,,,"2,3, 4",,,,"[{""day"": 4, ""dayName"": ""星期四"", ""periods"": [""2"", ""3"", ""4""], ""raw"": ""2,3, 4""}]",,三AB、四AB、碩班合開,https://course.nuk.edu.tw/QueryCourse/tcontent.asp?OpenYear=111&Helf=2&Sclass=EE&Cono=F796,2026-08-26T18:26:42+00:00
111-2-EE-F834-M-1-,111,2,工學院,EE,電機工程學系,F834,M,碩士班,1,,RFID 系統,3,選,60,59,,1,梁明正,C01-202,"5,6, 7",,,,,,,"[{""day"": 1, ""dayName"": ""星期一"", ""periods"": [""5"", ""6"", ""7""], ""raw"": ""5,6, 7""}]",,四AB、碩班合開,https://course.nuk.edu.tw/QueryCourse/tcontent.asp?OpenYear=111&Helf=2&Sclass=EE&Cono=F834,2026-08-26T18:26:42+00:00
111-2-EE-F836-M-1-,111,2,工學院,EE,電機工程學系,F836,M,碩士班,1,,仿生計算,3,選,30,25,,5,賴智錦,C01-414,,,"2,3, 4",,,,,"[{""day"": 3, ""dayName"": ""星期三"", ""periods"": [""2"", ""3"", ""4""], ""raw"": ""2,3, 4""}]",,三AB、四AB、碩班合開,https://course.nuk.edu.tw/QueryCourse/tcontent.asp?OpenYear=111&Helf=2&Sclass=EE&Cono=F836,2026-08-26T18:26:42+00:00
111-2-EE-F837-M-1-,111,2,工學院,EE,電機工程學系,F837,M,碩士班,1,,深度學習,3,選,32,32,,0,蔡仁勝,C01-201,,"5,6, 7",,,,,,"[{""day"": 2, ""dayName"": ""星期二"", ""periods"": [""5"", ""6"", ""7""], ""raw"": ""5,6, 7""}]",外加,三四碩合開；請安排工學院201實驗室,https://course.nuk.edu.tw/QueryCourse/tcontent.asp?OpenYear=111&Helf=2&Sclass=EE&Cono=F837,2026-08-26T18:26:42+00:00
111-2-EE-F873-M-1-,111,2,工學院,EE,電機工程學系,F873,M,碩士班,1,,密碼學與實驗,3,選,30,30,,0,徐忠枝,C01-201,,,"7,8, 9",,,,,"[{""day"": 3, ""dayName"": ""星期三"", ""periods"": [""7"", ""8"", ""9""], ""raw"": ""7,8, 9""}]",,四AB、碩班合開；請安排C01-201實驗室,https://course.nuk.edu.tw/QueryCourse/tcontent.asp?OpenYear=111&Helf=2&Sclass=EE&Cono=F873,2026-08-26T18:26:42+00:00
111-2-EE-G546-M-1-,111,2,工學院,EE,電機工程學系,G546,M,碩士班,1,,嵌入式程式設計,3,選,50,40,,10,林宏益,C01-104,,,,,"5,6, 7",,,"[{""day"": 5, ""dayName"": ""星期五"", ""periods"": [""5"", ""6"", ""7""], ""raw"": ""5,6, 7""}]",,三四碩合開，請安排工學院104電腦教室,https://course.nuk.edu.tw/QueryCourse/tcontent.asp?OpenYear=111&Helf=2&Sclass=EE&Cono=G546,2026-08-26T18:26:42+00:00
111-2-EE-G563-M-1-,111,2,工學院,EE,電機工程學系,G563,M,碩士班,1,,類神經網路導論,3,選,44,44,,0,李錫智,C01-B101-1,"6,7, 8",,,,,,,"[{""day"": 1, ""dayName"": ""星期一"", ""periods"": [""6"", ""7"", ""8""], ""raw"": ""6,7, 8""}]",外加,三AB、四AB、碩班合開,https://course.nuk.edu.tw/QueryCourse/tcontent.asp?OpenYear=111&Helf=2&Sclass=EE&Cono=G563,2026-08-26T18:26:42+00:00
111-2-EE-G70A-M-1-,111,2,工學院,EE,電機工程學系,G70A,M,碩士班,1,,智慧生活空間資訊截取與運用效能化設計(Ⅰ),3,選,77,75,,2,梁明正,C01-202,,"5,6, 7",,,,,,"[{""day"": 2, ""dayName"": ""星期二"", ""periods"": [""5"", ""6"", ""7""], ""raw"": ""5,6, 7""}]",學程,三AB、四AB、碩班合開；智慧生活整合創新學程,https://course.nuk.edu.tw/QueryCourse/tcontent.asp?OpenYear=111&Helf=2&Sclass=EE&Cono=G70A,2026-08-26T18:26:42+00:00
111-2-EE-K001-M-1-,111,2,工學院,EE,電機工程學系,K001,M,碩士班,1,,專題討論,0,必,80,65,,15,蔡仁勝 馮瑞陽 林宏益 郭馨徽 梁明正 洪進華,C01-202,,,"5,6",,,,,"[{""day"": 3, ""dayName"": ""星期三"", ""periods"": [""5"", ""6""], ""raw"": ""5,6""}]",,碩博合開；上課教室每週公告於系網,https://course.nuk.edu.tw/QueryCourse/tcontent.asp?OpenYear=111&Helf=2&Sclass=EE&Cono=K001,2026-08-26T18:26:42+00:00
111-2-EE-K57B-M-1-,111,2,工學院,EE,電機工程學系,K57B,M,碩士班,1,,應用量子力學(二),3,選,60,10,,50,施明昌,C01-414,,,,"7,8, 9",,,,"[{""day"": 4, ""dayName"": ""星期四"", ""periods"": [""7"", ""8"", ""9""], ""raw"": ""7,8, 9""}]",,碩博合開,https://course.nuk.edu.tw/QueryCourse/tcontent.asp?OpenYear=111&Helf=2&Sclass=EE&Cono=K57B,2026-08-26T18:26:42+00:00
111-2-EE-F502-M-2-,111,2,工學院,EE,電機工程學系,F502,M,碩士班,2,,真空技術,3,選,30,13,,17,馮瑞陽,C01-107,,,,"2,3, 4",,,,"[{""day"": 4, ""dayName"": ""星期四"", ""periods"": [""2"", ""3"", ""4""], ""raw"": ""2,3, 4""}]",,三AB、四AB、碩班合開,https://course.nuk.edu.tw/QueryCourse/tcontent.asp?OpenYear=111&Helf=2&Sclass=EE&Cono=F502,2026-08-26T18:26:42+00:00
111-2-EE-F505-M-2-,111,2,工學院,EE,電機工程學系,F505,M,碩士班,2,,科技英文,3,選,37,25,,12,郭馨徽,C01-B101-1,,"5,6, 7",,,,,,"[{""day"": 2, ""dayName"": ""星期二"", ""periods"": [""5"", ""6"", ""7""], ""raw"": ""5,6, 7""}]",,三AB、四AB、碩班合開；請安排 C01-B101-1,https://course.nuk.edu.tw/QueryCourse/tcontent.asp?OpenYear=111&Helf=2&Sclass=EE&Cono=F505,2026-08-26T18:26:42+00:00
111-2-EE-F522-M-2-,111,2,工學院,EE,電機工程學系,F522,M,碩士班,2,,高速數位系統設計實務,3,選,70,40,,30,王陳肇,C01-B104,,,,"10,11, 12",,,,"[{""day"": 4, ""dayName"": ""星期四"", ""periods"": [""10"", ""11"", ""12""], ""raw"": ""10,11, 12""}]",,四AB、碩班合開,https://course.nuk.edu.tw/QueryCourse/tcontent.asp?OpenYear=111&Helf=2&Sclass=EE&Cono=F522,2026-08-26T18:26:42+00:00
111-2-EE-F524-M-2-,111,2,工學院,EE,電機工程學系,F524,M,碩士班,2,,數位訊號處理、系統設計與模擬,3,選,30,30,,0,徐忠枝,C01-201,,,,"6,7, 8",,,,"[{""day"": 4, ""dayName"": ""星期四"", ""periods"": [""6"", ""7"", ""8""], ""raw"": ""6,7, 8""}]",先修,三AB、四AB、碩班合開；請安排C01-201實驗室,https://course.nuk.edu.tw/QueryCourse/tcontent.asp?OpenYear=111&Helf=2&Sclass=EE&Cono=F524,2026-08-26T18:26:42+00:00
111-2-EE-F597-M-2-,111,2,工學院,EE,電機工程學系,F597,M,碩士班,2,,微波無線系統導論,3,選,40,27,,13,一心,C01-107 其他教室,,,"2,3, 4",,,,,"[{""day"": 3, ""dayName"": ""星期三"", ""periods"": [""2"", ""3"", ""4""], ""raw"": ""2,3, 4""}]",,三AB、四AB、碩班合開，請安排C01-104電腦教室與一般教室,https://course.nuk.edu.tw/QueryCourse/tcontent.asp?OpenYear=111&Helf=2&Sclass=EE&Cono=F597,2026-08-26T18:26:42+00:00
111-2-EE-F603-M-2-,111,2,工學院,EE,電機工程學系,F603,M,碩士班,2,,電機機械,3,選,50,18,,32,劉又齊,C01-202,,,,,"2,3, 4",,,"[{""day"": 5, ""dayName"": ""星期五"", ""periods"": [""2"", ""3"", ""4""], ""raw"": ""2,3, 4""}]",,四AB、碩班合開,https://course.nuk.edu.tw/QueryCourse/tcontent.asp?OpenYear=111&Helf=2&Sclass=EE&Cono=F603,2026-08-26T18:26:42+00:00
111-2-EE-F613-M-2-,111,2,工學院,EE,電機工程學系,F613,M,碩士班,2,,高等元件分析,3,選,60,34,,26,江德光,C01-202,,,"2,3, 4",,,,,"[{""day"": 3, ""dayName"": ""星期三"", ""periods"": [""2"", ""3"", ""4""], ""raw"": ""2,3, 4""}]",,四AB、碩班合開(全英授課),https://course.nuk.edu.tw/QueryCourse/tcontent.asp?OpenYear=111&Helf=2&Sclass=EE&Cono=F613,2026-08-26T18:26:42+00:00
111-2-EE-F655-M-2-,111,2,工學院,EE,電機工程學系,F655,M,碩士班,2,,光電子學(二),3,選,40,11,,29,馮瑞陽,C01-202,,,,,"5,6, 7",,,"[{""day"": 5, ""dayName"": ""星期五"", ""periods"": [""5"", ""6"", ""7""], ""raw"": ""5,6, 7""}]",,三AB、四AB、碩班合開,https://course.nuk.edu.tw/QueryCourse/tcontent.asp?OpenYear=111&Helf=2&Sclass=EE&Cono=F655,2026-08-26T18:26:42+00:00
111-2-EE-F766-M-2-,111,2,工學院,EE,電機工程學系,F766,M,碩士班,2,,行動通訊,3,選,38,37,,1,蔡仁勝,B01-109,,"2,3, 4",,,,,,"[{""day"": 2, ""dayName"": ""星期二"", ""periods"": [""2"", ""3"", ""4""], ""raw"": ""2,3, 4""}]",,三四碩合開,https://course.nuk.edu.tw/QueryCourse/tcontent.asp?OpenYear=111&Helf=2&Sclass=EE&Cono=F766,2026-08-26T18:26:42+00:00
111-2-EE-F781-M-2-,111,2,工學院,EE,電機工程學系,F781,M,碩士班,2,,數位影像處理,3,選,40,22,,18,黃祥哲,C01-B101,,"2,3, 4",,,,,,"[{""day"": 2, ""dayName"": ""星期二"", ""periods"": [""2"", ""3"", ""4""], ""raw"": ""2,3, 4""}]",,3AB、4AB、碩班合開；安排工學院B101教室,https://course.nuk.edu.tw/QueryCourse/tcontent.asp?OpenYear=111&Helf=2&Sclass=EE&Cono=F781,2026-08-26T18:26:42+00:00
111-2-EE-F787-M-2-,111,2,工學院,EE,電機工程學系,F787,M,碩士班,2,,圖形識別,3,選,30,25,,5,賴智錦,C01-B101-1,"2,3, 4",,,,,,,"[{""day"": 1, ""dayName"": ""星期一"", ""periods"": [""2"", ""3"", ""4""], ""raw"": ""2,3, 4""}]",,三AB、四AB、碩班合開,https://course.nuk.edu.tw/QueryCourse/tcontent.asp?OpenYear=111&Helf=2&Sclass=EE&Cono=F787,2026-08-26T18:26:42+00:00
111-2-EE-F796-M-2-,111,2,工學院,EE,電機工程學系,F796,M,碩士班,2,,微波電路概論與量測基礎實務,3,選,35,29,,6,吳松茂,C01-B101-1,,,,"2,3, 4",,,,"[{""day"": 4, ""dayName"": ""星期四"", ""periods"": [""2"", ""3"", ""4""], ""raw"": ""2,3, 4""}]",,三AB、四AB、碩班合開,https://course.nuk.edu.tw/QueryCourse/tcontent.asp?OpenYear=111&Helf=2&Sclass=EE&Cono=F796,2026-08-26T18:26:42+00:00
111-2-EE-F834-M-2-,111,2,工學院,EE,電機工程學系,F834,M,碩士班,2,,RFID 系統,3,選,60,59,,1,梁明正,C01-202,"5,6, 7",,,,,,,"[{""day"": 1, ""dayName"": ""星期一"", ""periods"": [""5"", ""6"", ""7""], ""raw"": ""5,6, 7""}]",,4碩合開,https://course.nuk.edu.tw/QueryCourse/tcontent.asp?OpenYear=111&Helf=2&Sclass=EE&Cono=F834,2026-08-26T18:26:42+00:00
111-2-EE-F836-M-2-,111,2,工學院,EE,電機工程學系,F836,M,碩士班,2,,仿生計算,3,選,30,25,,5,賴智錦,C01-414,,,"2,3, 4",,,,,"[{""day"": 3, ""dayName"": ""星期三"", ""periods"": [""2"", ""3"", ""4""], ""raw"": ""2,3, 4""}]",,三AB、四AB、碩班合開,https://course.nuk.edu.tw/QueryCourse/tcontent.asp?OpenYear=111&Helf=2&Sclass=EE&Cono=F836,2026-08-26T18:26:42+00:00
111-2-EE-F837-M-2-,111,2,工學院,EE,電機工程學系,F837,M,碩士班,2,,深度學習,3,選,32,32,,0,蔡仁勝,C01-201,,"5,6, 7",,,,,,"[{""day"": 2, ""dayName"": ""星期二"", ""periods"": [""5"", ""6"", ""7""], ""raw"": ""5,6, 7""}]",,三四碩合開；請安排工學院201實驗室,https://course.nuk.edu.tw/QueryCourse/tcontent.asp?OpenYear=111&Helf=2&Sclass=EE&Cono=F837,2026-08-26T18:26:42+00:00
111-2-EE-F873-M-2-,111,2,工學院,EE,電機工程學系,F873,M,碩士班,2,,密碼學與實驗,3,選,30,30,,0,徐忠枝,C01-201,,,"7,8, 9",,,,,"[{""day"": 3, ""dayName"": ""星期三"", ""periods"": [""7"", ""8"", ""9""], ""raw"": ""7,8, 9""}]",,四AB、碩班合開；請安排C01-201實驗室,https://course.nuk.edu.tw/QueryCourse/tcontent.asp?OpenYear=111&Helf=2&Sclass=EE&Cono=F873,2026-08-26T18:26:42+00:00
111-2-EE-G546-M-2-,111,2,工學院,EE,電機工程學系,G546,M,碩士班,2,,嵌入式程式設計,3,選,50,40,,10,林宏益,C01-104,,,,,"5,6, 7",,,"[{""day"": 5, ""dayName"": ""星期五"", ""periods"": [""5"", ""6"", ""7""], ""raw"": ""5,6, 7""}]",,三四碩合開，請安排工學院104電腦教室,https://course.nuk.edu.tw/QueryCourse/tcontent.asp?OpenYear=111&Helf=2&Sclass=EE&Cono=G546,2026-08-26T18:26:42+00:00
111-2-EE-G563-M-2-,111,2,工學院,EE,電機工程學系,G563,M,碩士班,2,,類神經網路導論,3,選,44,44,,0,李錫智,C01-B101-1,"6,7, 8",,,,,,,"[{""day"": 1, ""dayName"": ""星期一"", ""periods"": [""6"", ""7"", ""8""], ""raw"": ""6,7, 8""}]",,三AB、四AB、碩班合開,https://course.nuk.edu.tw/QueryCourse/tcontent.asp?OpenYear=111&Helf=2&Sclass=EE&Cono=G563,2026-08-26T18:26:42+00:00
111-2-EE-G70A-M-2-,111,2,工學院,EE,電機工程學系,G70A,M,碩士班,2,,智慧生活空間資訊截取與運用效能化設計(Ⅰ),3,選,77,75,,2,梁明正,C01-202,,"5,6, 7",,,,,,"[{""day"": 2, ""dayName"": ""星期二"", ""periods"": [""5"", ""6"", ""7""], ""raw"": ""5,6, 7""}]",學程,三AB、四AB、碩班合開；智慧生活整合創新學程,https://course.nuk.edu.tw/QueryCourse/tcontent.asp?OpenYear=111&Helf=2&Sclass=EE&Cono=G70A,2026-08-26T18:26:42+00:00
111-2-EE-K001-M-2-,111,2,工學院,EE,電機工程學系,K001,M,碩士班,2,,專題討論,0,必,80,65,,15,蔡仁勝 馮瑞陽 林宏益 郭馨徽 梁明正 洪進華,C01-202,,,"5,6",,,,,"[{""day"": 3, ""dayName"": ""星期三"", ""periods"": [""5"", ""6""], ""raw"": ""5,6""}]",,碩博合開；上課教室每週公告於系網,https://course.nuk.edu.tw/QueryCourse/tcontent.asp?OpenYear=111&Helf=2&Sclass=EE&Cono=K001,2026-08-26T18:26:42+00:00
111-2-EE-K57B-M-2-,111,2,工學院,EE,電機工程學系,K57B,M,碩士班,2,,應用量子力學(二),3,選,60,10,,50,施明昌,C01-414,,,,"7,8, 9",,,,"[{""day"": 4, ""dayName"": ""星期四"", ""periods"": [""7"", ""8"", ""9""], ""raw"": ""7,8, 9""}]",,碩博合開,https://course.nuk.edu.tw/QueryCourse/tcontent.asp?OpenYear=111&Helf=2&Sclass=EE&Cono=K57B,2026-08-26T18:26:42+00:00
111-2-FL-A03B-A-1-A,111,2,法學院,FL,財經法律學系,A03B,A,大學部,1,A,刑法總則(二),3,必,53,53,,0,謝開平,L02-107,,"5,6",,,"5,6",,,"[{""day"": 2, ""dayName"": ""星期二"", ""periods"": [""5"", ""6""], ""raw"": ""5,6""}, {""day"": 5, ""dayName"": ""星期五"", ""periods"": [""5"", ""6""], ""raw"": ""5,6""}]",限修及外加,限財法大學部一、二、三年級學生選修。週二5.6節課程為隔週上課。第一次上課時間為112.02.17。,https://course.nuk.edu.tw/QueryCourse/tcontent.asp?OpenYear=111&Helf=2&Sclass=FL&Cono=A03B,2026-08-26T18:26:42+00:00
111-2-FL-A081-A-1-A,111,2,法學院,FL,財經法律學系,A081,A,大學部,1,A,財政學,3,必,60,57,,3,佘志民,L02-107,,,"2,3, 4",,,,,"[{""day"": 3, ""dayName"": ""星期三"", ""periods"": [""2"", ""3"", ""4""], ""raw"": ""2,3, 4""}]",,限非應用經濟學系學生選修,https://course.nuk.edu.tw/QueryCourse/tcontent.asp?OpenYear=111&Helf=2&Sclass=FL&Cono=A081,2026-08-26T18:26:42+00:00
111-2-FL-A11B-A-1-A,111,2,法學院,FL,財經法律學系,A11B,A,大學部,1,A,憲法(二),2,必,60,59,,1,簡玉聰,L02-107,,"3,4",,,,,,"[{""day"": 2, ""dayName"": ""星期二"", ""periods"": [""3"", ""4""], ""raw"": ""3,4""}]",,,https://course.nuk.edu.tw/QueryCourse/tcontent.asp?OpenYear=111&Helf=2&Sclass=FL&Cono=A11B,2026-08-26T18:26:42+00:00
111-2-FL-A21B-A-1-A,111,2,法學院,FL,財經法律學系,A21B,A,大學部,1,A,民法總則(二),2,必,60,55,,5,邱泰錄,L02-108,,,,,"10,11",,,"[{""day"": 5, ""dayName"": ""星期五"", ""periods"": [""10"", ""11""], ""raw"": ""10,11""}]",,,https://course.nuk.edu.tw/QueryCourse/tcontent.asp?OpenYear=111&Helf=2&Sclass=FL&Cono=A21B,2026-08-26T18:26:42+00:00
111-2-FL-B02A-A-2-A,111,2,法學院,FL,財經法律學系,B02A,A,大學部,2,A,民法物權(二),2,必,65,60,,5,曾千娟,L02-108,,,"3,4",,,,,"[{""day"": 3, ""dayName"": ""星期三"", ""periods"": [""3"", ""4""], ""raw"": ""3,4""}]",,,https://course.nuk.edu.tw/QueryCourse/tcontent.asp?OpenYear=111&Helf=2&Sclass=FL&Cono=B02A,2026-08-26T18:26:42+00:00
111-2-FL-B04B-A-2-A,111,2,法學院,FL,財經法律學系,B04B,A,大學部,2,A,刑法分則(二),2,必,62,39,,23,謝開平,L02-108,,,,"5,6",,,,"[{""day"": 4, ""dayName"": ""星期四"", ""periods"": [""5"", ""6""], ""raw"": ""5,6""}]",限修及外加,限財法大學部二、三年級學生選修,https://course.nuk.edu.tw/QueryCourse/tcontent.asp?OpenYear=111&Helf=2&Sclass=FL&Cono=B04B,2026-08-26T18:26:42+00:00
111-2-FL-B092-A-2-A,111,2,法學院,FL,財經法律學系,B092,A,大學部,2,A,行政法總論(二),3,必,60,44,,16,簡玉聰,L02-108,,"5,6, 7",,,,,,"[{""day"": 2, ""dayName"": ""星期二"", ""periods"": [""5"", ""6"", ""7""], ""raw"": ""5,6, 7""}]",,,https://course.nuk.edu.tw/QueryCourse/tcontent.asp?OpenYear=111&Helf=2&Sclass=FL&Cono=B092,2026-08-26T18:26:42+00:00
111-2-FL-B11A-A-2-A,111,2,法學院,FL,財經法律學系,B11A,A,大學部,2,A,民法債編總論(二),3,必,50,46,,4,李淑如 張鈺光,L02-108,,,,"2,3, 4",,,,"[{""day"": 4, ""dayName"": ""星期四"", ""periods"": [""2"", ""3"", ""4""], ""raw"": ""2,3, 4""}]",,,https://course.nuk.edu.tw/QueryCourse/tcontent.asp?OpenYear=111&Helf=2&Sclass=FL&Cono=B11A,2026-08-26T18:26:42+00:00
111-2-FL-Q071-A-2-A,111,2,法學院,FL,財經法律學系,Q071,A,大學部,2,A,商事法總論及公司法,3,必,92,92,,0,黃清溪,L02-204,,,,,"12,13",,"2,3, 4","[{""day"": 5, ""dayName"": ""星期五"", ""periods"": [""12"", ""13""], ""raw"": ""12,13""}, {""day"": 7, ""dayName"": ""星期日"", ""periods"": [""2"", ""3"", ""4""], ""raw"": ""2,3, 4""}]",外加 學程,"週五上課時間為10-12節、週六第2-4節，隸屬服務與智慧型創新創業學分學程。黃清溪教授係旅居日本之日本拓殖大學之教授,每月自日本返台授課,每次停留一至二週,故上課時間集中於黃老師返台期間之週五晚上三小時及週六上午三小時。欲修習本課程之同學,請斟酌其他課程之排課時間避免衝堂情形,實際上課時間將於開學後公告於系網頁,請選課同學留意。",https://course.nuk.edu.tw/QueryCourse/tcontent.asp?OpenYear=111&Helf=2&Sclass=FL&Cono=Q071,2026-08-26T18:26:42+00:00
111-2-FL-C01B-A-3-A,111,2,法學院,FL,財經法律學系,C01B,A,大學部,3,A,民事訴訟法(二),3,必,51,44,,7,陳佩琪,L02-107,"5,6, 7",,,,,,,"[{""day"": 1, ""dayName"": ""星期一"", ""periods"": [""5"", ""6"", ""7""], ""raw"": ""5,6, 7""}]",限修及外加,限財法大三、大四修課。,https://course.nuk.edu.tw/QueryCourse/tcontent.asp?OpenYear=111&Helf=2&Sclass=FL&Cono=C01B,2026-08-26T18:26:42+00:00
111-2-FL-C02B-A-3-A,111,2,法學院,FL,財經法律學系,C02B,A,大學部,3,A,刑事訴訟法(二),2,必,50,42,,8,張麗卿,L02-415-1,,,,,"6,7",,,"[{""day"": 5, ""dayName"": ""星期五"", ""periods"": [""6"", ""7""], ""raw"": ""6,7""}]",,,https://course.nuk.edu.tw/QueryCourse/tcontent.asp?OpenYear=111&Helf=2&Sclass=FL&Cono=C02B,2026-08-26T18:26:42+00:00
111-2-FL-C20B-A-3-A,111,2,法學院,FL,財經法律學系,C20B,A,大學部,3,A,民法債編各論(二),2,必,66,65,,1,曾千娟,L02-108,,,"7,8",,,,,"[{""day"": 3, ""dayName"": ""星期三"", ""periods"": [""7"", ""8""], ""raw"": ""7,8""}]",,,https://course.nuk.edu.tw/QueryCourse/tcontent.asp?OpenYear=111&Helf=2&Sclass=FL&Cono=C20B,2026-08-26T18:26:42+00:00
111-2-FL-C51D-A-3-A,111,2,法學院,FL,財經法律學系,C51D,A,大學部,3,A,刑事訴訟法(二)：理論應用與業界參訪,1,選,53,37,,16,張麗卿,L02-415-1,,,,,8,,,"[{""day"": 5, ""dayName"": ""星期五"", ""periods"": [""8""], ""raw"": ""8""}]",限修及外加,,https://course.nuk.edu.tw/QueryCourse/tcontent.asp?OpenYear=111&Helf=2&Sclass=FL&Cono=C51D,2026-08-26T18:26:42+00:00
111-2-FL-C543-A-3-A,111,2,法學院,FL,財經法律學系,C543,A,大學部,3,A,法學英文,2,選,60,30,,30,謝國廉,L02-107,,,,"3,4",,,,"[{""day"": 4, ""dayName"": ""星期四"", ""periods"": [""3"", ""4""], ""raw"": ""3,4""}]",,全英語授課,https://course.nuk.edu.tw/QueryCourse/tcontent.asp?OpenYear=111&Helf=2&Sclass=FL&Cono=C543,2026-08-26T18:26:42+00:00
111-2-FL-C601-A-3-A,111,2,法學院,FL,財經法律學系,C601,A,大學部,3,A,專利法,2,選,60,51,,9,周伯翰,L02-107,,,,"8,9",,,,"[{""day"": 4, ""dayName"": ""星期四"", ""periods"": [""8"", ""9""], ""raw"": ""8,9""}]",學程,與生命科學系大四合開/財經法律專業學群/隸屬服務與智慧創新創業學分學程、生技產業跨領域學程,https://course.nuk.edu.tw/QueryCourse/tcontent.asp?OpenYear=111&Helf=2&Sclass=FL&Cono=C601,2026-08-26T18:26:42+00:00
111-2-FL-C761-A-3-A,111,2,法學院,FL,財經法律學系,C761,A,大學部,3,A,金融法,2,選,60,28,,32,周伯翰,L02-201,,"6,7",,,,,,"[{""day"": 2, ""dayName"": ""星期二"", ""periods"": [""6"", ""7""], ""raw"": ""6,7""}]",學程,財經法律專業學群；隸屬產業、科技與財經法律學分學程、服務與智慧型創新創業學分學程,https://course.nuk.edu.tw/QueryCourse/tcontent.asp?OpenYear=111&Helf=2&Sclass=FL&Cono=C761,2026-08-26T18:26:42+00:00
111-2-FL-C543-A-4-A,111,2,法學院,FL,財經法律學系,C543,A,大學部,4,A,法學英文,2,選,60,30,,30,謝國廉,L02-107,,,,"3,4",,,,"[{""day"": 4, ""dayName"": ""星期四"", ""periods"": [""3"", ""4""], ""raw"": ""3,4""}]",,全英語授課,https://course.nuk.edu.tw/QueryCourse/tcontent.asp?OpenYear=111&Helf=2&Sclass=FL&Cono=C543,2026-08-26T18:26:42+00:00
111-2-FL-C601-A-4-A,111,2,法學院,FL,財經法律學系,C601,A,大學部,4,A,專利法,2,選,60,51,,9,周伯翰,L02-107,,,,"8,9",,,,"[{""day"": 4, ""dayName"": ""星期四"", ""periods"": [""8"", ""9""], ""raw"": ""8,9""}]",學程,與財法三合開，使用法學院教室,https://course.nuk.edu.tw/QueryCourse/tcontent.asp?OpenYear=111&Helf=2&Sclass=FL&Cono=C601,2026-08-26T18:26:42+00:00
111-2-FL-D022-A-4-A,111,2,法學院,FL,財經法律學系,D022,A,大學部,4,A,民法實例演習,2,必,60,18,,42,林瑞成,L02-108,"8,9",,,,,,,"[{""day"": 1, ""dayName"": ""星期一"", ""periods"": [""8"", ""9""], ""raw"": ""8,9""}]",,與「公法、刑法、商事法實例演習」四選二。,https://course.nuk.edu.tw/QueryCourse/tcontent.asp?OpenYear=111&Helf=2&Sclass=FL&Cono=D022,2026-08-26T18:26:42+00:00
111-2-FL-D511-A-4-A,111,2,法學院,FL,財經法律學系,D511,A,大學部,4,A,國際私法,2,選,63,62,,1,曾千娟,L02-204-1,,"6,7",,,,,,"[{""day"": 2, ""dayName"": ""星期二"", ""periods"": [""6"", ""7""], ""raw"": ""6,7""}]",外加,財經法律專業學群,https://course.nuk.edu.tw/QueryCourse/tcontent.asp?OpenYear=111&Helf=2&Sclass=FL&Cono=D511,2026-08-26T18:26:42+00:00
111-2-FL-D512-A-4-A,111,2,法學院,FL,財經法律學系,D512,A,大學部,4,A,國際公法,2,選,60,51,,9,吳行浩,L02-108,"5,6",,,,,,,"[{""day"": 1, ""dayName"": ""星期一"", ""periods"": [""5"", ""6""], ""raw"": ""5,6""}]",,財經法律專業學群,https://course.nuk.edu.tw/QueryCourse/tcontent.asp?OpenYear=111&Helf=2&Sclass=FL&Cono=D512,2026-08-26T18:26:42+00:00
111-2-FL-D631-A-4-A,111,2,法學院,FL,財經法律學系,D631,A,大學部,4,A,商標法,2,選,60,48,,12,謝國廉,L02-107,,,,"1,2",,,,"[{""day"": 4, ""dayName"": ""星期四"", ""periods"": [""1"", ""2""], ""raw"": ""1,2""}]",學程,財經法律專業學群；隸屬服務與智慧型創新創業學分學程,https://course.nuk.edu.tw/QueryCourse/tcontent.asp?OpenYear=111&Helf=2&Sclass=FL&Cono=D631,2026-08-26T18:26:42+00:00
111-2-FL-D902-A-4-A,111,2,法學院,FL,財經法律學系,D902,A,大學部,4,A,財經法律實習(二),2,選,2,2,,0,謝開平,,,,,,"X,1",,,"[{""day"": 5, ""dayName"": ""星期五"", ""periods"": [""X"", ""1""], ""raw"": ""X,1""}]",外加,指定加簽，限通過學生校外實習面試學生選修。本課程總實習時數須達160小時以上。,https://course.nuk.edu.tw/QueryCourse/tcontent.asp?OpenYear=111&Helf=2&Sclass=FL&Cono=D902,2026-08-26T18:26:42+00:00
111-2-FL-P01B-F-1-,111,2,法學院,FL,財經法律學系,P01B,F,大學部二年制在職專班,1,,憲法(二),2,必,60,26,,34,簡玉聰,L02-107,,,"12,13",,,,,"[{""day"": 3, ""dayName"": ""星期三"", ""periods"": [""12"", ""13""], ""raw"": ""12,13""}]",,,https://course.nuk.edu.tw/QueryCourse/tcontent.asp?OpenYear=111&Helf=2&Sclass=FL&Cono=P01B,2026-08-26T18:26:42+00:00
111-2-FL-P03B-F-1-,111,2,法學院,FL,財經法律學系,P03B,F,大學部二年制在職專班,1,,刑法總則(二),2,必,100,30,,70,張麗卿,L02-415-1,,,,"11,12",,,,"[{""day"": 4, ""dayName"": ""星期四"", ""periods"": [""11"", ""12""], ""raw"": ""11,12""}]",,與財法系合班上課,https://course.nuk.edu.tw/QueryCourse/tcontent.asp?OpenYear=111&Helf=2&Sclass=FL&Cono=P03B,2026-08-26T18:26:42+00:00
111-2-FL-P071-F-1-,111,2,法學院,FL,財經法律學系,P071,F,大學部二年制在職專班,1,,民法物權(一),2,必,60,21,,39,曾千娟,L02-107,,"10,11",,,,,,"[{""day"": 2, ""dayName"": ""星期二"", ""periods"": [""10"", ""11""], ""raw"": ""10,11""}]",,,https://course.nuk.edu.tw/QueryCourse/tcontent.asp?OpenYear=111&Helf=2&Sclass=FL&Cono=P071,2026-08-26T18:26:42+00:00
111-2-FL-P04B-F-2-,111,2,法學院,FL,財經法律學系,P04B,F,大學部二年制在職專班,2,,行政法(二),2,必,60,27,,33,吳行浩,L02-107,"10,11",,,,,,,"[{""day"": 1, ""dayName"": ""星期一"", ""periods"": [""10"", ""11""], ""raw"": ""10,11""}]",,,https://course.nuk.edu.tw/QueryCourse/tcontent.asp?OpenYear=111&Helf=2&Sclass=FL&Cono=P04B,2026-08-26T18:26:42+00:00
111-2-FL-Q03B-F-2-,111,2,法學院,FL,財經法律學系,Q03B,F,大學部二年制在職專班,2,,刑法分則(二),2,必,60,13,,47,謝開平,L02-107,,,,,"10,11",,,"[{""day"": 5, ""dayName"": ""星期五"", ""periods"": [""10"", ""11""], ""raw"": ""10,11""}]",,與財法系合班上課。 110-2新制課表為選修課,https://course.nuk.edu.tw/QueryCourse/tcontent.asp?OpenYear=111&Helf=2&Sclass=FL&Cono=Q03B,2026-08-26T18:26:42+00:00
111-2-FL-Q071-F-2-,111,2,法學院,FL,財經法律學系,Q071,F,大學部二年制在職專班,2,,商事法總論及公司法,3,必,92,92,,0,黃清溪,L02-204,,,,,"12,13",,"2,3, 4","[{""day"": 5, ""dayName"": ""星期五"", ""periods"": [""12"", ""13""], ""raw"": ""12,13""}, {""day"": 7, ""dayName"": ""星期日"", ""periods"": [""2"", ""3"", ""4""], ""raw"": ""2,3, 4""}]",外加 學程,"週五上課時間為10-12節、週日第2-4節，黃清溪教授係旅居日本之日本拓殖大學之教授,每月自日本返台授課,每次停留一至二週,故上課時間集中於黃老師返台期間之週五晚上三小時及週日早上三小時。欲修習本課程之同學,請斟酌其他課程之排課時間避免衝堂情形,實際上課時間將於開學後公告於系網頁,請選課同學留意。(隸屬服務與智慧型創新創業學分學程)；本課程之上課時間將與謝開平老師刑法分則課程錯開。",https://course.nuk.edu.tw/QueryCourse/tcontent.asp?OpenYear=111&Helf=2&Sclass=FL&Cono=Q071,2026-08-26T18:26:42+00:00
111-2-FL-Q081-F-2-,111,2,法學院,FL,財經法律學系,Q081,F,大學部二年制在職專班,2,,民法繼承,2,必,60,48,,12,蔡顯鑫,L02-107,,,,,,"Y,5, 6,9",,"[{""day"": 6, ""dayName"": ""星期六"", ""periods"": [""Y"", ""5"", ""6"", ""9""], ""raw"": ""Y,5, 6,9""}]",,隔二週上課，每週上Y~9節，共6節課，中午12:10開始上課。上課日期依系網頁課程資訊公布為準。,https://course.nuk.edu.tw/QueryCourse/tcontent.asp?OpenYear=111&Helf=2&Sclass=FL&Cono=Q081,2026-08-26T18:26:42+00:00
111-2-FL-Q111-F-2-,111,2,法學院,FL,財經法律學系,Q111,F,大學部二年制在職專班,2,,民法債編總論(二),3,必,100,29,,71,姚志明,L02-202,,,,,,,"5,6, 7","[{""day"": 7, ""dayName"": ""星期日"", ""periods"": [""5"", ""6"", ""7""], ""raw"": ""5,6, 7""}]",,,https://course.nuk.edu.tw/QueryCourse/tcontent.asp?OpenYear=111&Helf=2&Sclass=FL&Cono=Q111,2026-08-26T18:26:42+00:00
111-2-FL-Q131-F-2-,111,2,法學院,FL,財經法律學系,Q131,F,大學部二年制在職專班,2,,民法債編各論(一),2,必,60,58,,2,曾千娟,L02-107,,,"10,11",,,,,"[{""day"": 3, ""dayName"": ""星期三"", ""periods"": [""10"", ""11""], ""raw"": ""10,11""}]",,,https://course.nuk.edu.tw/QueryCourse/tcontent.asp?OpenYear=111&Helf=2&Sclass=FL&Cono=Q131,2026-08-26T18:26:42+00:00
111-2-FL-Q515-F-2-,111,2,法學院,FL,財經法律學系,Q515,F,大學部二年制在職專班,2,,英美契約法,2,選,60,45,,15,謝國廉,L02-108,,,"12,13",,,,,"[{""day"": 3, ""dayName"": ""星期三"", ""periods"": [""12"", ""13""], ""raw"": ""12,13""}]",,,https://course.nuk.edu.tw/QueryCourse/tcontent.asp?OpenYear=111&Helf=2&Sclass=FL&Cono=Q515,2026-08-26T18:26:42+00:00
111-2-FL-R073-F-3-,111,2,法學院,FL,財經法律學系,R073,F,大學部二年制在職專班,3,,刑事訴訟法(二),2,必,50,13,,37,張麗卿,L02-415-1,,,,,"10,11",,,"[{""day"": 5, ""dayName"": ""星期五"", ""periods"": [""10"", ""11""], ""raw"": ""10,11""}]",,,https://course.nuk.edu.tw/QueryCourse/tcontent.asp?OpenYear=111&Helf=2&Sclass=FL&Cono=R073,2026-08-26T18:26:42+00:00
111-2-FL-R081-F-3-,111,2,法學院,FL,財經法律學系,R081,F,大學部二年制在職專班,3,,民事訴訟法(二),3,必,60,40,,20,林瑞成,L02-108,"10,11, 12",,,,,,,"[{""day"": 1, ""dayName"": ""星期一"", ""periods"": [""10"", ""11"", ""12""], ""raw"": ""10,11, 12""}]",,限修畢民法總則、民法債編總論、民事訴訟法(一),https://course.nuk.edu.tw/QueryCourse/tcontent.asp?OpenYear=111&Helf=2&Sclass=FL&Cono=R081,2026-08-26T18:26:42+00:00
111-2-FL-R101-F-3-,111,2,法學院,FL,財經法律學系,R101,F,大學部二年制在職專班,3,,海商法,2,必,61,61,,0,陳頂新,L02-108,,,,,,"7,8",,"[{""day"": 6, ""dayName"": ""星期六"", ""periods"": [""7"", ""8""], ""raw"": ""7,8""}]",,雙週上課,https://course.nuk.edu.tw/QueryCourse/tcontent.asp?OpenYear=111&Helf=2&Sclass=FL&Cono=R101,2026-08-26T18:26:42+00:00
111-2-FL-R112-F-3-,111,2,法學院,FL,財經法律學系,R112,F,大學部二年制在職專班,3,,證券交易法,2,必,61,29,,32,周伯翰,L02-108,,,,"12,13",,,,"[{""day"": 4, ""dayName"": ""星期四"", ""periods"": [""12"", ""13""], ""raw"": ""12,13""}]",,,https://course.nuk.edu.tw/QueryCourse/tcontent.asp?OpenYear=111&Helf=2&Sclass=FL&Cono=R112,2026-08-26T18:26:42+00:00
111-2-FL-R522-F-3-,111,2,法學院,FL,財經法律學系,R522,F,大學部二年制在職專班,3,,金融法,2,選,61,17,,44,周伯翰,L02-108,,"12,13",,,,,,"[{""day"": 2, ""dayName"": ""星期二"", ""periods"": [""12"", ""13""], ""raw"": ""12,13""}]",,,https://course.nuk.edu.tw/QueryCourse/tcontent.asp?OpenYear=111&Helf=2&Sclass=FL&Cono=R522,2026-08-26T18:26:42+00:00
111-2-FL-R535-F-3-,111,2,法學院,FL,財經法律學系,R535,F,大學部二年制在職專班,3,,著作權法,2,選,61,58,,3,謝國廉,L02-108,,,"10,11",,,,,"[{""day"": 3, ""dayName"": ""星期三"", ""periods"": [""10"", ""11""], ""raw"": ""10,11""}]",外加,,https://course.nuk.edu.tw/QueryCourse/tcontent.asp?OpenYear=111&Helf=2&Sclass=FL&Cono=R535,2026-08-26T18:26:42+00:00
111-2-FL-R601-F-3-,111,2,法學院,FL,財經法律學系,R601,F,大學部二年制在職專班,3,,行政爭訟實務,2,選,60,10,,50,林石猛,L02-107,,,,,,"1,2, 3,4",,"[{""day"": 6, ""dayName"": ""星期六"", ""periods"": [""1"", ""2"", ""3"", ""4""], ""raw"": ""1,2, 3,4""}]",,隔週上課。,https://course.nuk.edu.tw/QueryCourse/tcontent.asp?OpenYear=111&Helf=2&Sclass=FL&Cono=R601,2026-08-26T18:26:42+00:00
111-2-FL-F01E-M-1-,111,2,法學院,FL,財經法律學系,F01E,M,碩士班,1,,法學日文(一~四),2,必,20,8,,12,簡玉聰,L02-203,,,,,,"5,6",,"[{""day"": 6, ""dayName"": ""星期六"", ""periods"": [""5"", ""6""], ""raw"": ""5,6""}]",,開放本院大學部、二年制在職專班二年級以上、碩士班及碩士在職專班學生選修。,https://course.nuk.edu.tw/QueryCourse/tcontent.asp?OpenYear=111&Helf=2&Sclass=FL&Cono=F01E,2026-08-26T18:26:42+00:00
111-2-FL-F522-M-1-,111,2,法學院,FL,財經法律學系,F522,M,碩士班,1,,資訊科技與智慧財產權專題研究,2,選,20,14,,6,謝國廉,L02-307,,,"5,6",,,,,"[{""day"": 3, ""dayName"": ""星期三"", ""periods"": [""5"", ""6""], ""raw"": ""5,6""}]",,開放本院碩士班及碩士在職專班學生選修,https://course.nuk.edu.tw/QueryCourse/tcontent.asp?OpenYear=111&Helf=2&Sclass=FL&Cono=F522,2026-08-26T18:26:42+00:00
111-2-FL-F583-M-1-,111,2,法學院,FL,財經法律學系,F583,M,碩士班,1,,比較財產法專題研究-德國財產法經典案例導讀,2,選,20,10,,10,曾千娟,L02-306,,"3,4",,,,,,"[{""day"": 2, ""dayName"": ""星期二"", ""periods"": [""3"", ""4""], ""raw"": ""3,4""}]",,開放大學部三、四年級及在職專班選修。,https://course.nuk.edu.tw/QueryCourse/tcontent.asp?OpenYear=111&Helf=2&Sclass=FL&Cono=F583,2026-08-26T18:26:42+00:00
111-2-FL-F666-M-1-,111,2,法學院,FL,財經法律學系,F666,M,碩士班,1,,財稅法專題研究(一~四),2,選,20,8,,12,簡玉聰,L02-306,,,"7,8",,,,,"[{""day"": 3, ""dayName"": ""星期三"", ""periods"": [""7"", ""8""], ""raw"": ""7,8""}]",,開放本院大學部三、四年級、二年制在職專班二年級以上、碩士班及碩士在職專班學生選修。,https://course.nuk.edu.tw/QueryCourse/tcontent.asp?OpenYear=111&Helf=2&Sclass=FL&Cono=F666,2026-08-26T18:26:42+00:00
111-2-GL-A03B-A-1-A,111,2,法學院,GL,政治法律學系,A03B,A,大學部,1,A,憲法(二),2,必,63,63,,0,李俊增,L02-103,,"5,6",,,,,,"[{""day"": 2, ""dayName"": ""星期二"", ""periods"": [""5"", ""6""], ""raw"": ""5,6""}]",外加,,https://course.nuk.edu.tw/QueryCourse/tcontent.asp?OpenYear=111&Helf=2&Sclass=GL&Cono=A03B,2026-08-26T18:26:42+00:00
111-2-GL-A061-A-1-A,111,2,法學院,GL,政治法律學系,A061,A,大學部,1,A,國家學,3,必,62,62,,0,姚朝森,L02-103,,,,"6,7, 8",,,,"[{""day"": 4, ""dayName"": ""星期四"", ""periods"": [""6"", ""7"", ""8""], ""raw"": ""6,7, 8""}]",外加,,https://course.nuk.edu.tw/QueryCourse/tcontent.asp?OpenYear=111&Helf=2&Sclass=GL&Cono=A061,2026-08-26T18:26:42+00:00
111-2-GL-A071-A-1-A,111,2,法學院,GL,政治法律學系,A071,A,大學部,1,A,國際關係,2,必,65,65,,0,陳文生,L02-103,"3,4",,,,,,,"[{""day"": 1, ""dayName"": ""星期一"", ""periods"": [""3"", ""4""], ""raw"": ""3,4""}]",外加,,https://course.nuk.edu.tw/QueryCourse/tcontent.asp?OpenYear=111&Helf=2&Sclass=GL&Cono=A071,2026-08-26T18:26:42+00:00
111-2-GL-A10B-A-1-A,111,2,法學院,GL,政治法律學系,A10B,A,大學部,1,A,行政學(二）,2,必,60,58,,2,楊戊龍,L02-103,,"3,4",,,,,,"[{""day"": 2, ""dayName"": ""星期二"", ""periods"": [""3"", ""4""], ""raw"": ""3,4""}]",,,https://course.nuk.edu.tw/QueryCourse/tcontent.asp?OpenYear=111&Helf=2&Sclass=GL&Cono=A10B,2026-08-26T18:26:42+00:00
111-2-GL-B032-A-1-A,111,2,法學院,GL,政治法律學系,B032,A,大學部,1,A,民法債編總論(一),3,必,65,65,,0,李淑如,L02-103,,,"2,3, 4",,,,,"[{""day"": 3, ""dayName"": ""星期三"", ""periods"": [""2"", ""3"", ""4""], ""raw"": ""2,3, 4""}]",外加,共同必修課程,https://course.nuk.edu.tw/QueryCourse/tcontent.asp?OpenYear=111&Helf=2&Sclass=GL&Cono=B032,2026-08-26T18:26:42+00:00
111-2-GL-B012-A-2-A,111,2,法學院,GL,政治法律學系,B012,A,大學部,2,A,行政法(二),2,必,60,60,,0,邵惠玲,L02-204-1,,,"7,8",,,,,"[{""day"": 3, ""dayName"": ""星期三"", ""periods"": [""7"", ""8""], ""raw"": ""7,8""}]",,110學年度起課程名稱修改為行政法,https://course.nuk.edu.tw/QueryCourse/tcontent.asp?OpenYear=111&Helf=2&Sclass=GL&Cono=B012,2026-08-26T18:26:42+00:00
111-2-GL-B02B-A-2-A,111,2,法學院,GL,政治法律學系,B02B,A,大學部,2,A,比較政府(二),2,必,62,62,,0,陳文生,L02-204-1,,"3,4",,,,,,"[{""day"": 2, ""dayName"": ""星期二"", ""periods"": [""3"", ""4""], ""raw"": ""3,4""}]",外加,,https://course.nuk.edu.tw/QueryCourse/tcontent.asp?OpenYear=111&Helf=2&Sclass=GL&Cono=B02B,2026-08-26T18:26:42+00:00
111-2-GL-B05B-A-2-A,111,2,法學院,GL,政治法律學系,B05B,A,大學部,2,A,刑法分則(二),2,必,101,101,,0,陳明呈,L02-204,"7,8",,,,,,,"[{""day"": 1, ""dayName"": ""星期一"", ""periods"": [""7"", ""8""], ""raw"": ""7,8""}]",外加,選讀政治學群者，4科擇2必修,https://course.nuk.edu.tw/QueryCourse/tcontent.asp?OpenYear=111&Helf=2&Sclass=GL&Cono=B05B,2026-08-26T18:26:42+00:00
111-2-GL-B102-A-2-A,111,2,法學院,GL,政治法律學系,B102,A,大學部,2,A,民法債編各論(一),2,必,65,59,,6,李淑如,L02-106,,,"5,6",,,,,"[{""day"": 3, ""dayName"": ""星期三"", ""periods"": [""5"", ""6""], ""raw"": ""5,6""}]",先修 限修及外加,1. 自110-2起改為(I)(II)4學分109學年度(含)以前入學學生可選擇修習(I)所缺1學分以選修課補足 2. 限政法系大學部選修 3. 限修畢債總（一）,https://course.nuk.edu.tw/QueryCourse/tcontent.asp?OpenYear=111&Helf=2&Sclass=GL&Cono=B102,2026-08-26T18:26:42+00:00
111-2-GL-B161-A-2-A,111,2,法學院,GL,政治法律學系,B161,A,大學部,2,A,國際現勢,2,必,30,14,,16,陳文生,L02-204-1,,,,"6,7, 8",,,,"[{""day"": 4, ""dayName"": ""星期四"", ""periods"": [""6"", ""7"", ""8""], ""raw"": ""6,7, 8""}]",,政治學群，一次上課3小時，上課12周,https://course.nuk.edu.tw/QueryCourse/tcontent.asp?OpenYear=111&Helf=2&Sclass=GL&Cono=B161,2026-08-26T18:26:42+00:00
111-2-GL-B501-A-2-A,111,2,法學院,GL,政治法律學系,B501,A,大學部,2,A,公共政策,2,必,60,45,,15,楊鈞池,L02-106,,,,"3,4",,,,"[{""day"": 4, ""dayName"": ""星期四"", ""periods"": [""3"", ""4""], ""raw"": ""3,4""}]",,政治學群課程,https://course.nuk.edu.tw/QueryCourse/tcontent.asp?OpenYear=111&Helf=2&Sclass=GL&Cono=B501,2026-08-26T18:26:42+00:00
111-2-GL-C04A-A-2-A,111,2,法學院,GL,政治法律學系,C04A,A,大學部,2,A,民事訴訟法(一),3,必,63,57,,6,賴恆盈,L02-106,,"5,6, 7",,,,,,"[{""day"": 2, ""dayName"": ""星期二"", ""periods"": [""5"", ""6"", ""7""], ""raw"": ""5,6, 7""}]",限修及外加,限政法系學生,https://course.nuk.edu.tw/QueryCourse/tcontent.asp?OpenYear=111&Helf=2&Sclass=GL&Cono=C04A,2026-08-26T18:26:42+00:00
111-2-GL-C191-A-2-A,111,2,法學院,GL,政治法律學系,C191,A,大學部,2,A,商事法總論暨公司法,2,必,92,88,,4,李淑如,L02-202,,,,"5,6",,,,"[{""day"": 4, ""dayName"": ""星期四"", ""periods"": [""5"", ""6""], ""raw"": ""5,6""}]",外加,與政法系合班上課,https://course.nuk.edu.tw/QueryCourse/tcontent.asp?OpenYear=111&Helf=2&Sclass=GL&Cono=C191,2026-08-26T18:26:42+00:00
111-2-GL-C212-A-2-A,111,2,法學院,GL,政治法律學系,C212,A,大學部,2,A,當代政治哲學,2,必,60,58,,2,姚朝森,L02-106,"3,4",,,,,,,"[{""day"": 1, ""dayName"": ""星期一"", ""periods"": [""3"", ""4""], ""raw"": ""3,4""}]",,"110學年度起改為共同必修課程,開設於2年級，109學年度(含)以前入學學生為政治學群課程",https://course.nuk.edu.tw/QueryCourse/tcontent.asp?OpenYear=111&Helf=2&Sclass=GL&Cono=C212,2026-08-26T18:26:42+00:00
111-2-GL-D52A-A-2-A,111,2,法學院,GL,政治法律學系,D52A,A,大學部,2,A,行政法實例演習（一）,2,必,70,70,,0,徐偉超,L02-106,,,,,"5,6, 7,8",,,"[{""day"": 5, ""dayName"": ""星期五"", ""periods"": [""5"", ""6"", ""7"", ""8""], ""raw"": ""5,6, 7,8""}]",外加,"1.隔週上課（單）第8節為小考，修課同學皆須參加。2.開放法學院全年級修課。3.110學年度起為共同必修課程,109學年度(含)以前入學學生為選修課",https://course.nuk.edu.tw/QueryCourse/tcontent.asp?OpenYear=111&Helf=2&Sclass=GL&Cono=D52A,2026-08-26T18:26:42+00:00
111-2-GL-B092-A-3-A,111,2,法學院,GL,政治法律學系,B092,A,大學部,3,A,行政程序法制,2,必,61,58,,3,李俊增,L02-106,"5,6",,,,,,,"[{""day"": 1, ""dayName"": ""星期一"", ""periods"": [""5"", ""6""], ""raw"": ""5,6""}]",,"110學年度起改為共同必修課程,109學年度(含)以前入學學生為整合必修課程",https://course.nuk.edu.tw/QueryCourse/tcontent.asp?OpenYear=111&Helf=2&Sclass=GL&Cono=B092,2026-08-26T18:26:42+00:00
111-2-GL-C05B-A-3-A,111,2,法學院,GL,政治法律學系,C05B,A,大學部,3,A,刑事訴訟法(二),2,必,62,50,,12,黃翰義,L02-103,,,,,,"3,4",,"[{""day"": 6, ""dayName"": ""星期六"", ""periods"": [""3"", ""4""], ""raw"": ""3,4""}]",先修 限修及外加,"1.限政法系並修畢刑總及刑分 2.隔週上課(08:05-12:00)、3.110學年度起改為共同必修,選讀政治學群者，4科擇2必修,109學年度(含)以前入學學生政治學群者為選修、法律學群者為必修",https://course.nuk.edu.tw/QueryCourse/tcontent.asp?OpenYear=111&Helf=2&Sclass=GL&Cono=C05B,2026-08-26T18:26:42+00:00
111-2-GL-C14B-A-3-A,111,2,法學院,GL,政治法律學系,C14B,A,大學部,3,A,比較政治(二),2,必,60,30,,30,楊鈞池,L02-106,,,,"7,8",,,,"[{""day"": 4, ""dayName"": ""星期四"", ""periods"": [""7"", ""8""], ""raw"": ""7,8""}]",,政治學群,https://course.nuk.edu.tw/QueryCourse/tcontent.asp?OpenYear=111&Helf=2&Sclass=GL&Cono=C14B,2026-08-26T18:26:42+00:00
111-2-GL-C191-A-3-A,111,2,法學院,GL,政治法律學系,C191,A,大學部,3,A,商事法總論暨公司法,2,必,92,88,,4,李淑如,L02-202,,,,"5,6",,,,"[{""day"": 4, ""dayName"": ""星期四"", ""periods"": [""5"", ""6""], ""raw"": ""5,6""}]",外加,法律學群6科擇2科必修(與法律系合班上課),https://course.nuk.edu.tw/QueryCourse/tcontent.asp?OpenYear=111&Helf=2&Sclass=GL&Cono=C191,2026-08-26T18:26:42+00:00
111-2-GL-C656-A-3-A,111,2,法學院,GL,政治法律學系,C656,A,大學部,3,A,證券交易法,2,必,70,43,,27,陳宣至,L02-415-1,"9,10, 11",,,,,,,"[{""day"": 1, ""dayName"": ""星期一"", ""periods"": [""9"", ""10"", ""11""], ""raw"": ""9,10, 11""}]",,"1.1次3小時上課12周(上課週次於課程大綱內公布)2.法律學群課程，110學年度起與支付及信用工具法(票據法),證交法,保險法,海洋法*,海商法*,6選2。3.109學年度(含)以前入學學生為4選2(不含*課程)4.授課教師陳宣至律師",https://course.nuk.edu.tw/QueryCourse/tcontent.asp?OpenYear=111&Helf=2&Sclass=GL&Cono=C656,2026-08-26T18:26:42+00:00
111-2-GL-C657-A-3-A,111,2,法學院,GL,政治法律學系,C657,A,大學部,3,A,社會法,2,選,60,15,,45,邵惠玲,L02-204-1,,,"3,4",,,,,"[{""day"": 3, ""dayName"": ""星期三"", ""periods"": [""3"", ""4""], ""raw"": ""3,4""}]",,法律學群，與消保法勞動法及犯罪學4科選1科,https://course.nuk.edu.tw/QueryCourse/tcontent.asp?OpenYear=111&Helf=2&Sclass=GL&Cono=C657,2026-08-26T18:26:42+00:00
111-2-GL-C021-A-4-A,111,2,法學院,GL,政治法律學系,C021,A,大學部,4,A,立法論,2,必,60,15,,45,廖義銘,L02-310,,,,,"7,8",,,"[{""day"": 5, ""dayName"": ""星期五"", ""periods"": [""7"", ""8""], ""raw"": ""7,8""}]",,政治學群,https://course.nuk.edu.tw/QueryCourse/tcontent.asp?OpenYear=111&Helf=2&Sclass=GL&Cono=C021,2026-08-26T18:26:42+00:00
111-2-GL-D142-A-4-A,111,2,法學院,GL,政治法律學系,D142,A,大學部,4,A,公法實例演習(二),2,必,60,37,,23,徐偉超,L02-106,,,,,"2,3, 4,Y",,,"[{""day"": 5, ""dayName"": ""星期五"", ""periods"": [""2"", ""3"", ""4"", ""Y""], ""raw"": ""2,3, 4,Y""}]",,1. 法律學群 2. 隔週上課(單)2.3.4.第Y節為小考修課同學皆必須參加。,https://course.nuk.edu.tw/QueryCourse/tcontent.asp?OpenYear=111&Helf=2&Sclass=GL&Cono=D142,2026-08-26T18:26:42+00:00
111-2-GL-D191-A-4-A,111,2,法學院,GL,政治法律學系,D191,A,大學部,4,A,職場權責與專業倫理,2,必,62,51,,11,楊戊龍,L02-201,,,,"5,6",,,,"[{""day"": 4, ""dayName"": ""星期四"", ""periods"": [""5"", ""6""], ""raw"": ""5,6""}]",限修及外加,"110學年度起改為共同必修課程,109學年度(含)以前入學學生為整合必修課程，限本系大四及延畢生選修",https://course.nuk.edu.tw/QueryCourse/tcontent.asp?OpenYear=111&Helf=2&Sclass=GL&Cono=D191,2026-08-26T18:26:42+00:00
111-2-GL-P01B-F-1-,111,2,法學院,GL,政治法律學系,P01B,F,大學部二年制在職專班,1,,憲法(二),2,必,65,20,,45,李俊增,L02-106,"10,11",,,,,,,"[{""day"": 1, ""dayName"": ""星期一"", ""periods"": [""10"", ""11""], ""raw"": ""10,11""}]",限修及外加,限在職學生選修，日間大學部禁止選修(碩專學生補修學分請以加簽方式選修),https://course.nuk.edu.tw/QueryCourse/tcontent.asp?OpenYear=111&Helf=2&Sclass=GL&Cono=P01B,2026-08-26T18:26:42+00:00
111-2-GL-P081-F-1-,111,2,法學院,GL,政治法律學系,P081,F,大學部二年制在職專班,1,,政治學(二),2,必,60,12,,48,廖義銘,L02-307,,,"12,13",,,,,"[{""day"": 3, ""dayName"": ""星期三"", ""periods"": [""12"", ""13""], ""raw"": ""12,13""}]",,,https://course.nuk.edu.tw/QueryCourse/tcontent.asp?OpenYear=111&Helf=2&Sclass=GL&Cono=P081,2026-08-26T18:26:42+00:00
111-2-GL-P122-F-1-,111,2,法學院,GL,政治法律學系,P122,F,大學部二年制在職專班,1,,民法總則(二),2,必,64,49,,15,李淑如,L02-103,,,"10,11",,,,,"[{""day"": 3, ""dayName"": ""星期三"", ""periods"": [""10"", ""11""], ""raw"": ""10,11""}]",限修及外加,與財法在職一合班上課，限在職班及本系大學部重修選修(本系大學部重修請以加簽方式選修),https://course.nuk.edu.tw/QueryCourse/tcontent.asp?OpenYear=111&Helf=2&Sclass=GL&Cono=P122,2026-08-26T18:26:42+00:00
111-2-GL-P151-F-1-,111,2,法學院,GL,政治法律學系,P151,F,大學部二年制在職專班,1,,國際關係,2,必,60,12,,48,楊筑尹,L02-103,,"10,11",,,,,,"[{""day"": 2, ""dayName"": ""星期二"", ""periods"": [""10"", ""11""], ""raw"": ""10,11""}]",,,https://course.nuk.edu.tw/QueryCourse/tcontent.asp?OpenYear=111&Helf=2&Sclass=GL&Cono=P151,2026-08-26T18:26:42+00:00
111-2-GL-Q105-F-2-,111,2,法學院,GL,政治法律學系,Q105,F,大學部二年制在職專班,2,,行政法(二),2,必,60,14,,46,邵惠玲,L02-204-1,,"10,11",,,,,,"[{""day"": 2, ""dayName"": ""星期二"", ""periods"": [""10"", ""11""], ""raw"": ""10,11""}]",,,https://course.nuk.edu.tw/QueryCourse/tcontent.asp?OpenYear=111&Helf=2&Sclass=GL&Cono=Q105,2026-08-26T18:26:42+00:00
111-2-GL-Q171-F-2-,111,2,法學院,GL,政治法律學系,Q171,F,大學部二年制在職專班,2,,民法繼承,2,必,71,71,,0,黃小舫,L02-207,"10,11, 12",,,,,,,"[{""day"": 1, ""dayName"": ""星期一"", ""periods"": [""10"", ""11"", ""12""], ""raw"": ""10,11, 12""}]",外加,"自110學年度起，大學部可選修本課程，一次上課3小時(10.11.12節)共上課12周,上課周次由老師上課時公告。【上課日期時間將於課程大綱內載明，如有變動將於系網課程異動專區公告，請選課同學留意。】",https://course.nuk.edu.tw/QueryCourse/tcontent.asp?OpenYear=111&Helf=2&Sclass=GL&Cono=Q171,2026-08-26T18:26:42+00:00
111-2-GL-Q55B-F-2-,111,2,法學院,GL,政治法律學系,Q55B,F,大學部二年制在職專班,2,,民法實例演習（二）,2,選,60,28,,32,洪能超,L02-103,,,,"10,11",,,,"[{""day"": 4, ""dayName"": ""星期四"", ""periods"": [""10"", ""11""], ""raw"": ""10,11""}]",,大學部法律學群,https://course.nuk.edu.tw/QueryCourse/tcontent.asp?OpenYear=111&Helf=2&Sclass=GL&Cono=Q55B,2026-08-26T18:26:42+00:00
111-2-GL-R02A-F-2-,111,2,法學院,GL,政治法律學系,R02A,F,大學部二年制在職專班,2,,民事訴訟法(一),3,必,65,11,,54,賴恆盈,L02-106,,,"10,11, 12",,,,,"[{""day"": 3, ""dayName"": ""星期三"", ""periods"": [""10"", ""11"", ""12""], ""raw"": ""10,11, 12""}]",限修及外加,1.限政法系學生,https://course.nuk.edu.tw/QueryCourse/tcontent.asp?OpenYear=111&Helf=2&Sclass=GL&Cono=R02A,2026-08-26T18:26:42+00:00
111-2-GL-P152-F-3-,111,2,法學院,GL,政治法律學系,P152,F,大學部二年制在職專班,3,,兩岸關係,2,必,60,12,,48,曾蕙逸,L02-106,,"10,11",,,,,,"[{""day"": 2, ""dayName"": ""星期二"", ""periods"": [""10"", ""11""], ""raw"": ""10,11""}]",,大學部政治學群課程，與人權法(國際公法)，2科擇1必修,https://course.nuk.edu.tw/QueryCourse/tcontent.asp?OpenYear=111&Helf=2&Sclass=GL&Cono=P152,2026-08-26T18:26:42+00:00
111-2-GL-Q051-F-3-,111,2,法學院,GL,政治法律學系,Q051,F,大學部二年制在職專班,3,,公共政策,2,必,60,10,,50,楊鈞池,L02-102,,,,"10,11",,,,"[{""day"": 4, ""dayName"": ""星期四"", ""periods"": [""10"", ""11""], ""raw"": ""10,11""}]",,,https://course.nuk.edu.tw/QueryCourse/tcontent.asp?OpenYear=111&Helf=2&Sclass=GL&Cono=Q051,2026-08-26T18:26:42+00:00
111-2-GL-Q061-F-3-,111,2,法學院,GL,政治法律學系,Q061,F,大學部二年制在職專班,3,,立法論,2,必,60,10,,50,廖義銘,L02-310,,,,,"12,13",,,"[{""day"": 5, ""dayName"": ""星期五"", ""periods"": [""12"", ""13""], ""raw"": ""12,13""}]",,,https://course.nuk.edu.tw/QueryCourse/tcontent.asp?OpenYear=111&Helf=2&Sclass=GL&Cono=Q061,2026-08-26T18:26:42+00:00
111-2-GL-Q181-F-3-,111,2,法學院,GL,政治法律學系,Q181,F,大學部二年制在職專班,3,,地方政府與政治（含自治法制）,2,必,62,28,,34,尤天厚,L02-103,,,,,"10,11",,,"[{""day"": 5, ""dayName"": ""星期五"", ""periods"": [""10"", ""11""], ""raw"": ""10,11""}]",,授課教師：尤天厚老師，新制為大學部政治學群課程舊制為整合課程,https://course.nuk.edu.tw/QueryCourse/tcontent.asp?OpenYear=111&Helf=2&Sclass=GL&Cono=Q181,2026-08-26T18:26:42+00:00
111-2-GL-Q182-F-3-,111,2,法學院,GL,政治法律學系,Q182,F,大學部二年制在職專班,3,,勞動法,2,必,60,39,,21,洪能超,L02-103,,,,"12,13",,,,"[{""day"": 4, ""dayName"": ""星期四"", ""periods"": [""12"", ""13""], ""raw"": ""12,13""}]",,,https://course.nuk.edu.tw/QueryCourse/tcontent.asp?OpenYear=111&Helf=2&Sclass=GL&Cono=Q182,2026-08-26T18:26:42+00:00
111-2-GL-Q183-F-3-,111,2,法學院,GL,政治法律學系,Q183,F,大學部二年制在職專班,3,,土地稅法,2,選,60,20,,40,鍾麗娜,L02-201,,"10,11, 12",,,,,,"[{""day"": 2, ""dayName"": ""星期二"", ""periods"": [""10"", ""11"", ""12""], ""raw"": ""10,11, 12""}]",,1周上課3小時，共12周，授課教師：鍾麗娜老師,https://course.nuk.edu.tw/QueryCourse/tcontent.asp?OpenYear=111&Helf=2&Sclass=GL&Cono=Q183,2026-08-26T18:26:42+00:00
111-2-GL-Q184-F-3-,111,2,法學院,GL,政治法律學系,Q184,F,大學部二年制在職專班,3,,不動產經紀相關法規,2,選,60,41,,19,張鈺光,L02-106,,,,"10,11",,,,"[{""day"": 4, ""dayName"": ""星期四"", ""periods"": [""10"", ""11""], ""raw"": ""10,11""}]",,,https://course.nuk.edu.tw/QueryCourse/tcontent.asp?OpenYear=111&Helf=2&Sclass=GL&Cono=Q184,2026-08-26T18:26:42+00:00
111-2-GL-Q555-F-3-,111,2,法學院,GL,政治法律學系,Q555,F,大學部二年制在職專班,3,,刑法實例演習(二),2,選,60,11,,49,陳明呈,L02-310,"9,10",,,,,,,"[{""day"": 1, ""dayName"": ""星期一"", ""periods"": [""9"", ""10""], ""raw"": ""9,10""}]",,法律學群課程,https://course.nuk.edu.tw/QueryCourse/tcontent.asp?OpenYear=111&Helf=2&Sclass=GL&Cono=Q555,2026-08-26T18:26:42+00:00
111-2-GL-R051-F-3-,111,2,法學院,GL,政治法律學系,R051,F,大學部二年制在職專班,3,,行政程序法制,2,必,60,12,,48,李俊增,L02-103,,"12,13",,,,,,"[{""day"": 2, ""dayName"": ""星期二"", ""periods"": [""12"", ""13""], ""raw"": ""12,13""}]",,,https://course.nuk.edu.tw/QueryCourse/tcontent.asp?OpenYear=111&Helf=2&Sclass=GL&Cono=R051,2026-08-26T18:26:42+00:00
111-2-GL-T014-L-1-,111,2,法學院,GL,政治法律學系,T014,L,碩士在職專班,1,,城鄉發展與法制專題研究,2,必,30,7,,23,廖義銘,L02-310,,,,"12,13",,,,"[{""day"": 4, ""dayName"": ""星期四"", ""periods"": [""12"", ""13""], ""raw"": ""12,13""}]",,,https://course.nuk.edu.tw/QueryCourse/tcontent.asp?OpenYear=111&Helf=2&Sclass=GL&Cono=T014,2026-08-26T18:26:42+00:00
111-2-GL-T022-L-1-,111,2,法學院,GL,政治法律學系,T022,L,碩士在職專班,1,,憲政發展專題研究,2,必,20,3,,17,李俊增,L02-310,,,"10,11",,,,,"[{""day"": 3, ""dayName"": ""星期三"", ""periods"": [""10"", ""11""], ""raw"": ""10,11""}]",,,https://course.nuk.edu.tw/QueryCourse/tcontent.asp?OpenYear=111&Helf=2&Sclass=GL&Cono=T022,2026-08-26T18:26:42+00:00
111-2-GL-T036-L-1-,111,2,法學院,GL,政治法律學系,T036,L,碩士在職專班,1,,風險行政法專題研究,2,必,30,5,,25,賴恆盈,L02-310,,"10,11",,,,,,"[{""day"": 2, ""dayName"": ""星期二"", ""periods"": [""10"", ""11""], ""raw"": ""10,11""}]",,,https://course.nuk.edu.tw/QueryCourse/tcontent.asp?OpenYear=111&Helf=2&Sclass=GL&Cono=T036,2026-08-26T18:26:42+00:00
111-2-GL-T062-L-1-,111,2,法學院,GL,政治法律學系,T062,L,碩士在職專班,1,,社會法專題研究,2,必,30,5,,25,邵惠玲,L02-310,,,"12,13",,,,,"[{""day"": 3, ""dayName"": ""星期三"", ""periods"": [""12"", ""13""], ""raw"": ""12,13""}]",,,https://course.nuk.edu.tw/QueryCourse/tcontent.asp?OpenYear=111&Helf=2&Sclass=GL&Cono=T062,2026-08-26T18:26:42+00:00
111-2-GL-T101-L-1-,111,2,法學院,GL,政治法律學系,T101,L,碩士在職專班,1,,論文寫作(含學術倫理),1,必,30,8,,22,陳文生,L02-310,,,,"10,11",,,,"[{""day"": 4, ""dayName"": ""星期四"", ""periods"": [""10"", ""11""], ""raw"": ""10,11""}]",限修,1.限政法系學生選修，不開放旁聽2.1次上2小時，上課9周,https://course.nuk.edu.tw/QueryCourse/tcontent.asp?OpenYear=111&Helf=2&Sclass=GL&Cono=T101,2026-08-26T18:26:42+00:00
111-2-GL-U031-L-1-,111,2,法學院,GL,政治法律學系,U031,L,碩士在職專班,1,,地方自治法制專題研究,2,必,30,5,,25,楊戊龍,L02-310,,"12,13",,,,,,"[{""day"": 2, ""dayName"": ""星期二"", ""periods"": [""12"", ""13""], ""raw"": ""12,13""}]",,,https://course.nuk.edu.tw/QueryCourse/tcontent.asp?OpenYear=111&Helf=2&Sclass=GL&Cono=U031,2026-08-26T18:26:42+00:00
111-2-GL-F101-M-1-,111,2,法學院,GL,政治法律學系,F101,M,碩士班,1,,公共政策專題研究,3,必,30,3,,27,楊鈞池,L02-310,,"2,3, 4",,,,,,"[{""day"": 2, ""dayName"": ""星期二"", ""periods"": [""2"", ""3"", ""4""], ""raw"": ""2,3, 4""}]",,政治組課程，5科擇3科,https://course.nuk.edu.tw/QueryCourse/tcontent.asp?OpenYear=111&Helf=2&Sclass=GL&Cono=F101,2026-08-26T18:26:42+00:00
111-2-GL-F136-M-1-,111,2,法學院,GL,政治法律學系,F136,M,碩士班,1,,風險行政法專題研究,2,必,30,11,,19,賴恆盈,L02-310,,,"7,8",,,,,"[{""day"": 3, ""dayName"": ""星期三"", ""periods"": [""7"", ""8""], ""raw"": ""7,8""}]",,公法組課程，8科選5科,https://course.nuk.edu.tw/QueryCourse/tcontent.asp?OpenYear=111&Helf=2&Sclass=GL&Cono=F136,2026-08-26T18:26:42+00:00
111-2-GL-F161-M-1-,111,2,法學院,GL,政治法律學系,F161,M,碩士班,1,,論文寫作(含學術倫理),1,必,30,9,,21,陳文生,L02-310,,"7,8",,,,,,"[{""day"": 2, ""dayName"": ""星期二"", ""periods"": [""7"", ""8""], ""raw"": ""7,8""}]",限修,1.限政法系學生修課，且不開放旁聽2.一周上課2小時，上課9周。3.110學年度新制課表為共同必修課程,https://course.nuk.edu.tw/QueryCourse/tcontent.asp?OpenYear=111&Helf=2&Sclass=GL&Cono=F161,2026-08-26T18:26:42+00:00
111-2-GL-F111-M-2-,111,2,法學院,GL,政治法律學系,F111,M,碩士班,2,,法政策學專題研究,3,必,30,17,,13,廖義銘,L02-310,,,,"6,7, 8",,,,"[{""day"": 4, ""dayName"": ""星期四"", ""periods"": [""6"", ""7"", ""8""], ""raw"": ""6,7, 8""}]",,110學年度起改為3學分共同必修課程,https://course.nuk.edu.tw/QueryCourse/tcontent.asp?OpenYear=111&Helf=2&Sclass=GL&Cono=F111,2026-08-26T18:26:42+00:00
111-2-GL-F182-M-2-,111,2,法學院,GL,政治法律學系,F182,M,碩士班,2,,考銓制度專題研究,3,必,30,3,,27,楊戊龍,L02-307,,"6,7, 8",,,,,,"[{""day"": 2, ""dayName"": ""星期二"", ""periods"": [""6"", ""7"", ""8""], ""raw"": ""6,7, 8""}]",,政治組課程(5科擇3科),https://course.nuk.edu.tw/QueryCourse/tcontent.asp?OpenYear=111&Helf=2&Sclass=GL&Cono=F182,2026-08-26T18:26:42+00:00
111-2-LA-A001-A-1-A,111,2,法學院,LA,法律學系,A001,A,大學部,1,A,民法債編總論(一),3,必,80,64,,16,張鈺光,L02-204,,,"7,8","5,6",,,,"[{""day"": 3, ""dayName"": ""星期三"", ""periods"": [""7"", ""8""], ""raw"": ""7,8""}, {""day"": 4, ""dayName"": ""星期四"", ""periods"": [""5"", ""6""], ""raw"": ""5,6""}]",,星期三7、8節為隔週上課，星期四第5、6節為固定上課。,https://course.nuk.edu.tw/QueryCourse/tcontent.asp?OpenYear=111&Helf=2&Sclass=LA&Cono=A001,2026-08-26T18:26:42+00:00
111-2-LA-A09B-A-1-A,111,2,法學院,LA,法律學系,A09B,A,大學部,1,A,憲法(二),2,必,60,52,,8,陳正根,L02-102,,,"3,4",,,,,"[{""day"": 3, ""dayName"": ""星期三"", ""periods"": [""3"", ""4""], ""raw"": ""3,4""}]",,法律系大學部必修核心課程，限本系一年級及本系轉學生、本系重修生，人數不超過60人為原則。,https://course.nuk.edu.tw/QueryCourse/tcontent.asp?OpenYear=111&Helf=2&Sclass=LA&Cono=A09B,2026-08-26T18:26:42+00:00
111-2-LA-A512-A-1-A,111,2,法學院,LA,法律學系,A512,A,大學部,1,A,哲學導論,2,選,60,36,,24,賴志強,L02-101,,"3,4",,,,,,"[{""day"": 2, ""dayName"": ""星期二"", ""periods"": [""3"", ""4""], ""raw"": ""3,4""}]",,,https://course.nuk.edu.tw/QueryCourse/tcontent.asp?OpenYear=111&Helf=2&Sclass=LA&Cono=A512,2026-08-26T18:26:42+00:00
111-2-LA-A521-A-1-A,111,2,法學院,LA,法律學系,A521,A,大學部,1,A,法院組織法,2,選,60,38,,22,賴志強,L02-101,"5,6",,,,,,,"[{""day"": 1, ""dayName"": ""星期一"", ""periods"": [""5"", ""6""], ""raw"": ""5,6""}]",,,https://course.nuk.edu.tw/QueryCourse/tcontent.asp?OpenYear=111&Helf=2&Sclass=LA&Cono=A521,2026-08-26T18:26:42+00:00
111-2-LA-B011-A-1-A,111,2,法學院,LA,法律學系,B011,A,大學部,1,A,刑法總則(二),3,必,161,141,,20,劉傳璟,L02-202,,,,"3,4","3,4",,,"[{""day"": 4, ""dayName"": ""星期四"", ""periods"": [""3"", ""4""], ""raw"": ""3,4""}, {""day"": 5, ""dayName"": ""星期五"", ""periods"": [""3"", ""4""], ""raw"": ""3,4""}]",,與政法系合班上課，星期四第3、4節為固定上課，星期五3、4節為隔週上課。,https://course.nuk.edu.tw/QueryCourse/tcontent.asp?OpenYear=111&Helf=2&Sclass=LA&Cono=B011,2026-08-26T18:26:42+00:00
111-2-LA-B603-A-1-A,111,2,法學院,LA,法律學系,B603,A,大學部,1,A,法律服務(二),2,選,120,86,,34,陳正根,L02-204,,,,"10,11",,,,"[{""day"": 4, ""dayName"": ""星期四"", ""periods"": [""10"", ""11""], ""raw"": ""10,11""}]",,,https://course.nuk.edu.tw/QueryCourse/tcontent.asp?OpenYear=111&Helf=2&Sclass=LA&Cono=B603,2026-08-26T18:26:42+00:00
111-2-LA-B021-A-2-A,111,2,法學院,LA,法律學系,B021,A,大學部,2,A,民法繼承,2,必,82,79,,3,呂麗慧,L02-202,,,"7,8",,,,,"[{""day"": 3, ""dayName"": ""星期三"", ""periods"": [""7"", ""8""], ""raw"": ""7,8""}]",外加,法律/財法/政法合班上課,https://course.nuk.edu.tw/QueryCourse/tcontent.asp?OpenYear=111&Helf=2&Sclass=LA&Cono=B021,2026-08-26T18:26:42+00:00
111-2-LA-B03B-A-2-A,111,2,法學院,LA,法律學系,B03B,A,大學部,2,A,行政法總論(二),3,必,63,63,,0,陳正根,L02-102,,,,"2,3, 4",,,,"[{""day"": 4, ""dayName"": ""星期四"", ""periods"": [""2"", ""3"", ""4""], ""raw"": ""2,3, 4""}]",外加 學程,,https://course.nuk.edu.tw/QueryCourse/tcontent.asp?OpenYear=111&Helf=2&Sclass=LA&Cono=B03B,2026-08-26T18:26:42+00:00
111-2-LA-B05B-A-2-A,111,2,法學院,LA,法律學系,B05B,A,大學部,2,A,日文(二),2,必,62,21,,41,林柏舟,L02-201,,"3,4",,,,,,"[{""day"": 2, ""dayName"": ""星期二"", ""periods"": [""3"", ""4""], ""raw"": ""3,4""}]",先修 外加,德/日二選一為必修，須修過日文(一),https://course.nuk.edu.tw/QueryCourse/tcontent.asp?OpenYear=111&Helf=2&Sclass=LA&Cono=B05B,2026-08-26T18:26:42+00:00
111-2-LA-B06B-A-2-A,111,2,法學院,LA,法律學系,B06B,A,大學部,2,A,德文(二),2,必,52,42,,10,陳麗雅,L02-102,,,"5,6",,,,,"[{""day"": 3, ""dayName"": ""星期三"", ""periods"": [""5"", ""6""], ""raw"": ""5,6""}]",先修 限修及外加,1.德/日二選一為必修 2.法學院同學優先選課3.須修過德文(一),https://course.nuk.edu.tw/QueryCourse/tcontent.asp?OpenYear=111&Helf=2&Sclass=LA&Cono=B06B,2026-08-26T18:26:42+00:00
111-2-LA-B101-A-2-A,111,2,法學院,LA,法律學系,B101,A,大學部,2,A,民法債編各論(一),2,必,60,19,,41,林昭志,L02-102,,"5,6",,,,,,"[{""day"": 2, ""dayName"": ""星期二"", ""periods"": [""5"", ""6""], ""raw"": ""5,6""}]",,,https://course.nuk.edu.tw/QueryCourse/tcontent.asp?OpenYear=111&Helf=2&Sclass=LA&Cono=B101,2026-08-26T18:26:42+00:00
111-2-LA-B17B-A-2-A,111,2,法學院,LA,法律學系,B17B,A,大學部,2,A,民法物權(二),2,必,121,119,,2,謝志鵬,L02-202,"5,6",,,,,,,"[{""day"": 1, ""dayName"": ""星期一"", ""periods"": [""5"", ""6""], ""raw"": ""5,6""}]",外加,與政法系大二合班上課,https://course.nuk.edu.tw/QueryCourse/tcontent.asp?OpenYear=111&Helf=2&Sclass=LA&Cono=B17B,2026-08-26T18:26:42+00:00
111-2-LA-B544-A-2-A,111,2,法學院,LA,法律學系,B544,A,大學部,2,A,智慧財產權概論,2,選,60,39,,21,康銘,L02-101,,,"3,4",,,,,"[{""day"": 3, ""dayName"": ""星期三"", ""periods"": [""3"", ""4""], ""raw"": ""3,4""}]",,,https://course.nuk.edu.tw/QueryCourse/tcontent.asp?OpenYear=111&Helf=2&Sclass=LA&Cono=B544,2026-08-26T18:26:42+00:00
111-2-LA-C001-A-2-A,111,2,法學院,LA,法律學系,C001,A,大學部,2,A,刑法分則(二),2,必,60,44,,16,吳俊毅,L02-101,,,,,"3,4",,,"[{""day"": 5, ""dayName"": ""星期五"", ""periods"": [""3"", ""4""], ""raw"": ""3,4""}]",限修,限法律系大學部二年級以上同學選課,https://course.nuk.edu.tw/QueryCourse/tcontent.asp?OpenYear=111&Helf=2&Sclass=LA&Cono=C001,2026-08-26T18:26:42+00:00
111-2-LA-B021-A-3-A,111,2,法學院,LA,法律學系,B021,A,大學部,3,A,民法繼承,2,必,82,79,,3,呂麗慧,L02-202,,,"7,8",,,,,"[{""day"": 3, ""dayName"": ""星期三"", ""periods"": [""7"", ""8""], ""raw"": ""7,8""}]",外加,法律學群課程,https://course.nuk.edu.tw/QueryCourse/tcontent.asp?OpenYear=111&Helf=2&Sclass=LA&Cono=B021,2026-08-26T18:26:42+00:00
111-2-LA-B091-A-3-A,111,2,法學院,LA,法律學系,B091,A,大學部,3,A,海商法,2,必,121,98,,23,林昭志,L02-204,,,"5,6",,,,,"[{""day"": 3, ""dayName"": ""星期三"", ""periods"": [""5"", ""6""], ""raw"": ""5,6""}]",限修及外加,限法學院大三以上修課；與財法系大三合班上課,https://course.nuk.edu.tw/QueryCourse/tcontent.asp?OpenYear=111&Helf=2&Sclass=LA&Cono=B091,2026-08-26T18:26:42+00:00
111-2-LA-B554-A-3-A,111,2,法學院,LA,法律學系,B554,A,大學部,3,A,偵查法學,2,選,101,101,,0,章惠傑,L02-202,,"10,11",,,,,,"[{""day"": 2, ""dayName"": ""星期二"", ""periods"": [""10"", ""11""], ""raw"": ""10,11""}]",外加,開放政法及財法3年級以上選修,https://course.nuk.edu.tw/QueryCourse/tcontent.asp?OpenYear=111&Helf=2&Sclass=LA&Cono=B554,2026-08-26T18:26:42+00:00
111-2-LA-C02B-A-3-A,111,2,法學院,LA,法律學系,C02B,A,大學部,3,A,民事訴訟法(二),3,必,51,27,,24,賴志強,L02-101,"2,3, 4",,,,,,,"[{""day"": 1, ""dayName"": ""星期一"", ""periods"": [""2"", ""3"", ""4""], ""raw"": ""2,3, 4""}]",限修及外加,限法律系大三以上學生選課,https://course.nuk.edu.tw/QueryCourse/tcontent.asp?OpenYear=111&Helf=2&Sclass=LA&Cono=C02B,2026-08-26T18:26:42+00:00
111-2-LA-C03B-A-3-A,111,2,法學院,LA,法律學系,C03B,A,大學部,3,A,刑事訴訟法(二),3,必,60,50,,10,吳俊毅,L02-101,,,,"2,3, 4",,,,"[{""day"": 4, ""dayName"": ""星期四"", ""periods"": [""2"", ""3"", ""4""], ""raw"": ""2,3, 4""}]",限修,限法律系大學部三年級以上同學選課,https://course.nuk.edu.tw/QueryCourse/tcontent.asp?OpenYear=111&Helf=2&Sclass=LA&Cono=C03B,2026-08-26T18:26:42+00:00
111-2-LA-C052-A-3-A,111,2,法學院,LA,法律學系,C052,A,大學部,3,A,行政爭訟法,2,必,60,58,,2,陳正根,L02-102,,,,"7,8",,,,"[{""day"": 4, ""dayName"": ""星期四"", ""periods"": [""7"", ""8""], ""raw"": ""7,8""}]",,,https://course.nuk.edu.tw/QueryCourse/tcontent.asp?OpenYear=111&Helf=2&Sclass=LA&Cono=C052,2026-08-26T18:26:42+00:00
111-2-LA-C151-A-3-A,111,2,法學院,LA,法律學系,C151,A,大學部,3,A,刑法實例演習,2,必,60,50,,10,劉傳璟,L02-101,,,,,"6,7",,,"[{""day"": 5, ""dayName"": ""星期五"", ""periods"": [""6"", ""7""], ""raw"": ""6,7""}]",,,https://course.nuk.edu.tw/QueryCourse/tcontent.asp?OpenYear=111&Helf=2&Sclass=LA&Cono=C151,2026-08-26T18:26:42+00:00
111-2-LA-C152-A-3-A,111,2,法學院,LA,法律學系,C152,A,大學部,3,A,公法實例演習,2,必,60,31,,29,紀振清,L02-101,,,"7,8",,,,,"[{""day"": 3, ""dayName"": ""星期三"", ""periods"": [""7"", ""8""], ""raw"": ""7,8""}]",,,https://course.nuk.edu.tw/QueryCourse/tcontent.asp?OpenYear=111&Helf=2&Sclass=LA&Cono=C152,2026-08-26T18:26:42+00:00
111-2-LA-C911-A-3-A,111,2,法學院,LA,法律學系,C911,A,大學部,3,A,國際自由貿易協定與組織,2,選,60,16,,44,吳雪鳳,L02-102,,"3,4",,,,,,"[{""day"": 2, ""dayName"": ""星期二"", ""periods"": [""3"", ""4""], ""raw"": ""3,4""}]",,,https://course.nuk.edu.tw/QueryCourse/tcontent.asp?OpenYear=111&Helf=2&Sclass=LA&Cono=C911,2026-08-26T18:26:42+00:00
111-2-LA-T042-A-3-A,111,2,法學院,LA,法律學系,T042,A,大學部,3,A,基礎法學(英文)(二),2,必,25,16,,9,呂麗慧,L02-101,,"9,10",,,,,,"[{""day"": 2, ""dayName"": ""星期二"", ""periods"": [""9"", ""10""], ""raw"": ""9,10""}]",,1.碩專班：德文/日文/英文三選一為必修 2.全英語授課。,https://course.nuk.edu.tw/QueryCourse/tcontent.asp?OpenYear=111&Helf=2&Sclass=LA&Cono=T042,2026-08-26T18:26:42+00:00
111-2-LA-T84R-A-3-A,111,2,法學院,LA,法律學系,T84R,A,大學部,3,A,英文法學論文研究(二),2,選,20,16,,4,林昭志,L02-307,,,,"10,11",,,,"[{""day"": 4, ""dayName"": ""星期四"", ""periods"": [""10"", ""11""], ""raw"": ""10,11""}]",,1.三組皆可選修課程 2.全英語授課,https://course.nuk.edu.tw/QueryCourse/tcontent.asp?OpenYear=111&Helf=2&Sclass=LA&Cono=T84R,2026-08-26T18:26:42+00:00
111-2-LA-C071-A-4-A,111,2,法學院,LA,法律學系,C071,A,大學部,4,A,商事法實例演習,2,必,60,54,,6,黃清溪,L02-102,,,,,"5,6, 7,8",,,"[{""day"": 5, ""dayName"": ""星期五"", ""periods"": [""5"", ""6"", ""7"", ""8""], ""raw"": ""5,6, 7,8""}]",,"黃清溪教授係旅居日本之日本拓植大學之教授,每月自日本返台授課,每次停留一至二週,故上課時間集中於黃老師返台期間週五下午四小時。欲修習本課程之同學,請斟酌其他課程之排課時間避免衝堂情形,實際上課時間將於開學後公告於系網頁,請選課同學留意.",https://course.nuk.edu.tw/QueryCourse/tcontent.asp?OpenYear=111&Helf=2&Sclass=LA&Cono=C071,2026-08-26T18:26:42+00:00
111-2-LA-D012-A-4-A,111,2,法學院,LA,法律學系,D012,A,大學部,4,A,國際私法(二),2,必,120,50,,70,謝志鵬,L02-202,"7,8",,,,,,,"[{""day"": 1, ""dayName"": ""星期一"", ""periods"": [""7"", ""8""], ""raw"": ""7,8""}]",,,https://course.nuk.edu.tw/QueryCourse/tcontent.asp?OpenYear=111&Helf=2&Sclass=LA&Cono=D012,2026-08-26T18:26:42+00:00
111-2-LA-D504-A-4-A,111,2,法學院,LA,法律學系,D504,A,大學部,4,A,海洋法,2,選,60,13,,47,林昭志,L02-101,,,,"5,6",,,,"[{""day"": 4, ""dayName"": ""星期四"", ""periods"": [""5"", ""6""], ""raw"": ""5,6""}]",,開放大學部二、三年級選修,https://course.nuk.edu.tw/QueryCourse/tcontent.asp?OpenYear=111&Helf=2&Sclass=LA&Cono=D504,2026-08-26T18:26:42+00:00
111-2-LA-D722-A-4-A,111,2,法學院,LA,法律學系,D722,A,大學部,4,A,行政爭訟實務,2,選,60,18,,42,邱基峻,L02-204,,,,"3,4",,,,"[{""day"": 4, ""dayName"": ""星期四"", ""periods"": [""3"", ""4""], ""raw"": ""3,4""}]",,,https://course.nuk.edu.tw/QueryCourse/tcontent.asp?OpenYear=111&Helf=2&Sclass=LA&Cono=D722,2026-08-26T18:26:42+00:00
111-2-LA-P03B-F-1-,111,2,法學院,LA,法律學系,P03B,F,大學部二年制在職專班,1,,刑法總則(二),2,必,21,14,,7,劉傳璟,L02-302,,,,"12,13",,,,"[{""day"": 4, ""dayName"": ""星期四"", ""periods"": [""12"", ""13""], ""raw"": ""12,13""}]",限修及外加,限碩專班學士後法律組及法學院二年制在職專班同學選修,https://course.nuk.edu.tw/QueryCourse/tcontent.asp?OpenYear=111&Helf=2&Sclass=LA&Cono=P03B,2026-08-26T18:26:42+00:00
111-2-LA-Q02B-F-1-,111,2,法學院,LA,法律學系,Q02B,F,大學部二年制在職專班,1,,民法物權(二),2,必,50,32,,18,謝志鵬,L02-101,,"12,13",,,,,,"[{""day"": 2, ""dayName"": ""星期二"", ""periods"": [""12"", ""13""], ""raw"": ""12,13""}]",,與政法系二年制合班上課,https://course.nuk.edu.tw/QueryCourse/tcontent.asp?OpenYear=111&Helf=2&Sclass=LA&Cono=Q02B,2026-08-26T18:26:42+00:00
111-2-LA-Q04B-F-1-,111,2,法學院,LA,法律學系,Q04B,F,大學部二年制在職專班,1,,刑法分則(二),2,必,24,24,,0,劉傳璟,L02-301,,,,"10,11",,,,"[{""day"": 4, ""dayName"": ""星期四"", ""periods"": [""10"", ""11""], ""raw"": ""10,11""}]",限修及外加,限碩專班學士後法律組及法學院二年制在職專班同學選修,https://course.nuk.edu.tw/QueryCourse/tcontent.asp?OpenYear=111&Helf=2&Sclass=LA&Cono=Q04B,2026-08-26T18:26:42+00:00
111-2-LA-Q11B-F-1-,111,2,法學院,LA,法律學系,Q11B,F,大學部二年制在職專班,1,,民法債編總論(二),3,必,51,26,,25,張鈺光,L02-201,,,"11,12, 13",,,,,"[{""day"": 3, ""dayName"": ""星期三"", ""periods"": [""11"", ""12"", ""13""], ""raw"": ""11,12, 13""}]",,開放財法、政法碩專班同學選修。,https://course.nuk.edu.tw/QueryCourse/tcontent.asp?OpenYear=111&Helf=2&Sclass=LA&Cono=Q11B,2026-08-26T18:26:42+00:00
111-2-LA-R02B-F-1-,111,2,法學院,LA,法律學系,R02B,F,大學部二年制在職專班,1,,民事訴訟法(二),3,必,20,11,,9,賴志強,L02-301,"10,11, 12",,,,,,,"[{""day"": 1, ""dayName"": ""星期一"", ""periods"": [""10"", ""11"", ""12""], ""raw"": ""10,11, 12""}]",限修,限法律系碩專班學士後法律組選修,https://course.nuk.edu.tw/QueryCourse/tcontent.asp?OpenYear=111&Helf=2&Sclass=LA&Cono=R02B,2026-08-26T18:26:42+00:00
111-2-LA-R03B-F-1-,111,2,法學院,LA,法律學系,R03B,F,大學部二年制在職專班,1,,刑事訴訟法(二),3,必,26,26,,0,吳俊毅,L02-301,,,,,,"2,3, 4",,"[{""day"": 6, ""dayName"": ""星期六"", ""periods"": [""2"", ""3"", ""4""], ""raw"": ""2,3, 4""}]",限修及外加,限碩專班學士後法律組及法學院二年制在職專班同學選修,https://course.nuk.edu.tw/QueryCourse/tcontent.asp?OpenYear=111&Helf=2&Sclass=LA&Cono=R03B,2026-08-26T18:26:42+00:00
111-2-LA-Q02B-F-2-,111,2,法學院,LA,法律學系,Q02B,F,大學部二年制在職專班,2,,民法物權(二),2,必,50,32,,18,謝志鵬,L02-101,,"12,13",,,,,,"[{""day"": 2, ""dayName"": ""星期二"", ""periods"": [""12"", ""13""], ""raw"": ""12,13""}]",,,https://course.nuk.edu.tw/QueryCourse/tcontent.asp?OpenYear=111&Helf=2&Sclass=LA&Cono=Q02B,2026-08-26T18:26:42+00:00
111-2-LA-T042-L-1-,111,2,法學院,LA,法律學系,T042,L,碩士在職專班,1,,基礎法學(英文)(二),2,必,25,16,,9,呂麗慧,L02-101,,"9,10",,,,,,"[{""day"": 2, ""dayName"": ""星期二"", ""periods"": [""9"", ""10""], ""raw"": ""9,10""}]",,1.碩專班：德文/日文/英文三選一為必修 2.全英語授課。,https://course.nuk.edu.tw/QueryCourse/tcontent.asp?OpenYear=111&Helf=2&Sclass=LA&Cono=T042,2026-08-26T18:26:42+00:00
111-2-LA-T062-L-1-,111,2,法學院,LA,法律學系,T062,L,碩士在職專班,1,,基礎法學(日文)(二),2,必,20,7,,13,簡玉聰,L02-203,,,,,,"7,8",,"[{""day"": 6, ""dayName"": ""星期六"", ""periods"": [""7"", ""8""], ""raw"": ""7,8""}]",,碩專班：德文/日文/英文三選一為必修。,https://course.nuk.edu.tw/QueryCourse/tcontent.asp?OpenYear=111&Helf=2&Sclass=LA&Cono=T062,2026-08-26T18:26:42+00:00
111-2-LA-T074-L-1-,111,2,法學院,LA,法律學系,T074,L,碩士在職專班,1,,基礎法學(德文)(二),2,必,21,20,,1,陳正根,L02-302,,"12,13",,,,,,"[{""day"": 2, ""dayName"": ""星期二"", ""periods"": [""12"", ""13""], ""raw"": ""12,13""}]",外加,碩士班、碩專班：德/日/法三選一為必修,https://course.nuk.edu.tw/QueryCourse/tcontent.asp?OpenYear=111&Helf=2&Sclass=LA&Cono=T074,2026-08-26T18:26:42+00:00
111-2-LA-T62C-L-1-,111,2,法學院,LA,法律學系,T62C,L,碩士在職專班,1,,少年法專題研究,2,選,20,12,,8,張裕榮,L02-302,,,,,,"1,2, 3",,"[{""day"": 6, ""dayName"": ""星期六"", ""periods"": [""1"", ""2"", ""3""], ""raw"": ""1,2, 3""}]",,1.刑法組選修課程 2.隔週上課,https://course.nuk.edu.tw/QueryCourse/tcontent.asp?OpenYear=111&Helf=2&Sclass=LA&Cono=T62C,2026-08-26T18:26:42+00:00
111-2-LA-T651-L-1-,111,2,法學院,LA,法律學系,T651,L,碩士在職專班,1,,法律資訊學專題研究(一~四),2,選,20,9,,11,紀振清,L02-301,,,"12,13",,,,,"[{""day"": 3, ""dayName"": ""星期三"", ""periods"": [""12"", ""13""], ""raw"": ""12,13""}]",,1.公法組選修課程 2.開放三系碩士(專)班選修,https://course.nuk.edu.tw/QueryCourse/tcontent.asp?OpenYear=111&Helf=2&Sclass=LA&Cono=T651,2026-08-26T18:26:42+00:00
111-2-LA-T69B-L-1-,111,2,法學院,LA,法律學系,T69B,L,碩士在職專班,1,,刑法暨醫療刑法專題研究(二),2,選,20,13,,7,劉傳璟,L02-301,,,,,"10,11",,,"[{""day"": 5, ""dayName"": ""星期五"", ""periods"": [""10"", ""11""], ""raw"": ""10,11""}]",,刑法組選修課程,https://course.nuk.edu.tw/QueryCourse/tcontent.asp?OpenYear=111&Helf=2&Sclass=LA&Cono=T69B,2026-08-26T18:26:42+00:00
111-2-LA-T757-L-1-,111,2,法學院,LA,法律學系,T757,L,碩士在職專班,1,,物權法專題研究(三),2,選,20,13,,7,謝志鵬,L02-301,,"10,11",,,,,,"[{""day"": 2, ""dayName"": ""星期二"", ""periods"": [""10"", ""11""], ""raw"": ""10,11""}]",,民商法組選修課程,https://course.nuk.edu.tw/QueryCourse/tcontent.asp?OpenYear=111&Helf=2&Sclass=LA&Cono=T757,2026-08-26T18:26:42+00:00
111-2-LA-T76E-L-1-,111,2,法學院,LA,法律學系,T76E,L,碩士在職專班,1,,不動產交易管理與實務專題研究(一)~(四),2,選,33,30,,3,張鈺光,L02-204-1,,,,"12,13",,,,"[{""day"": 4, ""dayName"": ""星期四"", ""periods"": [""12"", ""13""], ""raw"": ""12,13""}]",外加,民商法組選修課程,https://course.nuk.edu.tw/QueryCourse/tcontent.asp?OpenYear=111&Helf=2&Sclass=LA&Cono=T76E,2026-08-26T18:26:42+00:00
111-2-LA-T78B-L-1-,111,2,法學院,LA,法律學系,T78B,L,碩士在職專班,1,,比較契約法專題研究(二),2,選,20,16,,4,林昭志,L02-307,,"12,13",,,,,,"[{""day"": 2, ""dayName"": ""星期二"", ""periods"": [""12"", ""13""], ""raw"": ""12,13""}]",,1.民商法組選修課程 2.開放法學院三系碩士(專)班選修。,https://course.nuk.edu.tw/QueryCourse/tcontent.asp?OpenYear=111&Helf=2&Sclass=LA&Cono=T78B,2026-08-26T18:26:42+00:00
111-2-LA-T831-L-1-,111,2,法學院,LA,法律學系,T831,L,碩士在職專班,1,,警察法專題研究,2,選,20,10,,10,陳正根,L02-302,,,"10,11",,,,,"[{""day"": 3, ""dayName"": ""星期三"", ""periods"": [""10"", ""11""], ""raw"": ""10,11""}]",,公法組選修課程,https://course.nuk.edu.tw/QueryCourse/tcontent.asp?OpenYear=111&Helf=2&Sclass=LA&Cono=T831,2026-08-26T18:26:42+00:00
111-2-LA-T847-L-1-,111,2,法學院,LA,法律學系,T847,L,碩士在職專班,1,,德文文獻選讀(二),2,選,20,16,,4,陳正根,L02-302,,,"12,13",,,,,"[{""day"": 3, ""dayName"": ""星期三"", ""periods"": [""12"", ""13""], ""raw"": ""12,13""}]",,三組皆可選修,https://course.nuk.edu.tw/QueryCourse/tcontent.asp?OpenYear=111&Helf=2&Sclass=LA&Cono=T847,2026-08-26T18:26:42+00:00
111-2-LA-T84R-L-1-,111,2,法學院,LA,法律學系,T84R,L,碩士在職專班,1,,英文法學論文研究(二),2,選,20,16,,4,林昭志,L02-307,,,,"10,11",,,,"[{""day"": 4, ""dayName"": ""星期四"", ""periods"": [""10"", ""11""], ""raw"": ""10,11""}]",,1.三組皆可選修課程 2.全英語授課,https://course.nuk.edu.tw/QueryCourse/tcontent.asp?OpenYear=111&Helf=2&Sclass=LA&Cono=T84R,2026-08-26T18:26:42+00:00
111-2-LA-F53C-M-1-,111,2,法學院,LA,法律學系,F53C,M,碩士班,1,,最高法院民事判決專題研究(一~四),2,選,20,9,,11,張鈺光 李淑如,L02-301,,,,"7,8",,,,"[{""day"": 4, ""dayName"": ""星期四"", ""periods"": [""7"", ""8""], ""raw"": ""7,8""}]",,民商法組選修課程,https://course.nuk.edu.tw/QueryCourse/tcontent.asp?OpenYear=111&Helf=2&Sclass=LA&Cono=F53C,2026-08-26T18:26:42+00:00
111-2-LA-F64D-M-1-,111,2,法學院,LA,法律學系,F64D,M,碩士班,1,,國際私法專題研究(四),2,選,20,6,,14,謝志鵬,L02-301,,,"7,8",,,,,"[{""day"": 3, ""dayName"": ""星期三"", ""periods"": [""7"", ""8""], ""raw"": ""7,8""}]",,民商法組選修課程,https://course.nuk.edu.tw/QueryCourse/tcontent.asp?OpenYear=111&Helf=2&Sclass=LA&Cono=F64D,2026-08-26T18:26:42+00:00
111-2-LA-F659-M-1-,111,2,法學院,LA,法律學系,F659,M,碩士班,1,,法學方法論(二),2,選,20,6,,14,賴志強,L02-301,,,,"3,4",,,,"[{""day"": 4, ""dayName"": ""星期四"", ""periods"": [""3"", ""4""], ""raw"": ""3,4""}]",,三組皆可選修,https://course.nuk.edu.tw/QueryCourse/tcontent.asp?OpenYear=111&Helf=2&Sclass=LA&Cono=F659,2026-08-26T18:26:42+00:00
111-2-LA-T074-M-1-,111,2,法學院,LA,法律學系,T074,M,碩士班,1,,基礎法學(德文)(二),2,必,21,20,,1,陳正根,L02-302,,"12,13",,,,,,"[{""day"": 2, ""dayName"": ""星期二"", ""periods"": [""12"", ""13""], ""raw"": ""12,13""}]",外加,碩士班、碩專班：德/日/法三選一為必修,https://course.nuk.edu.tw/QueryCourse/tcontent.asp?OpenYear=111&Helf=2&Sclass=LA&Cono=T074,2026-08-26T18:26:42+00:00
111-2-LAD-K509-D-1-,111,2,法學院,LAD,法學院博士班,K509,D,博士班,1,,法學英文名著選讀(二),2,選,20,3,,17,謝國廉,L02-306,,,,"7,8",,,,"[{""day"": 4, ""dayName"": ""星期四"", ""periods"": [""7"", ""8""], ""raw"": ""7,8""}]",,1.全英語授課。2.開放碩士班選修。,https://course.nuk.edu.tw/QueryCourse/tcontent.asp?OpenYear=111&Helf=2&Sclass=LAD&Cono=K509,2026-08-26T18:26:42+00:00
111-2-LAD-K50I-D-1-,111,2,法學院,LAD,法學院博士班,K50I,D,博士班,1,,法學英文(四),2,選,20,17,,3,吳行浩,L02-306,,,,"5,6",,,,"[{""day"": 4, ""dayName"": ""星期四"", ""periods"": [""5"", ""6""], ""raw"": ""5,6""}]",,1.全英語授課2.開放本院大學部3-4年級、二年制在職專班2年級以上、碩士班及碩專班學生選修3.博碩合開,https://course.nuk.edu.tw/QueryCourse/tcontent.asp?OpenYear=111&Helf=2&Sclass=LAD&Cono=K50I,2026-08-26T18:26:42+00:00
111-2-LAD-K50K-D-1-,111,2,法學院,LAD,法學院博士班,K50K,D,博士班,1,,法學專業日文(六),2,選,30,4,,26,簡玉聰,L02-203,,,,,,"3,4",,"[{""day"": 6, ""dayName"": ""星期六"", ""periods"": [""3"", ""4""], ""raw"": ""3,4""}]",,博士班開課碩士可選修，於L02-203教室上課。,https://course.nuk.edu.tw/QueryCourse/tcontent.asp?OpenYear=111&Helf=2&Sclass=LAD&Cono=K50K,2026-08-26T18:26:42+00:00
111-2-LAD-K515-D-1-,111,2,法學院,LAD,法學院博士班,K515,D,博士班,1,,國際經貿與紛爭解決,2,選,20,8,,12,吳行浩 鄭義暉 曾蕙逸,L02-306,,"6,7",,,,,,"[{""day"": 2, ""dayName"": ""星期二"", ""periods"": [""6"", ""7""], ""raw"": ""6,7""}]",,博碩合開，全英語授課。開放大學部三、四年級學生選修。,https://course.nuk.edu.tw/QueryCourse/tcontent.asp?OpenYear=111&Helf=2&Sclass=LAD&Cono=K515,2026-08-26T18:26:42+00:00
111-2-LAD-K51A-D-1-,111,2,法學院,LAD,法學院博士班,K51A,D,博士班,1,,專利法專題研究(一),2,選,20,3,,17,周伯翰,L02-306,"10,11",,,,,,,"[{""day"": 1, ""dayName"": ""星期一"", ""periods"": [""10"", ""11""], ""raw"": ""10,11""}]",,博碩合開，開放本院碩士班及碩士在職專班學生選修。,https://course.nuk.edu.tw/QueryCourse/tcontent.asp?OpenYear=111&Helf=2&Sclass=LAD&Cono=K51A,2026-08-26T18:26:42+00:00
111-2-LAD-K594-D-1-,111,2,法學院,LAD,法學院博士班,K594,D,博士班,1,,英美醫療民事法專題研究(二),2,選,1,1,,0,呂麗慧,L02-301,,,,,,"8,9",,"[{""day"": 6, ""dayName"": ""星期六"", ""periods"": [""8"", ""9""], ""raw"": ""8,9""}]",,1.指定加選須經授課同意。2.須具備進階法學英文研讀能力。,https://course.nuk.edu.tw/QueryCourse/tcontent.asp?OpenYear=111&Helf=2&Sclass=LAD&Cono=K594,2026-08-26T18:26:42+00:00
111-2-LAD-K595-D-1-,111,2,法學院,LAD,法學院博士班,K595,D,博士班,1,,醫療科技與法律專題研究(三),2,選,30,3,,27,張麗卿,L02-415-1,,,,"5,6",,,,"[{""day"": 4, ""dayName"": ""星期四"", ""periods"": [""5"", ""6""], ""raw"": ""5,6""}]",,開放碩士班選修,https://course.nuk.edu.tw/QueryCourse/tcontent.asp?OpenYear=111&Helf=2&Sclass=LAD&Cono=K595,2026-08-26T18:26:42+00:00
111-2-LAD-K61E-D-1-,111,2,法學院,LAD,法學院博士班,K61E,D,博士班,1,,比較台日德刑法專題研究(1~4),2,選,12,4,,8,謝開平,L02-306,,,"3,4",,,,,"[{""day"": 3, ""dayName"": ""星期三"", ""periods"": [""3"", ""4""], ""raw"": ""3,4""}]",,允許本院碩士班、碩專班、以及修畢刑法總則與刑法分則之碩士在職專班（非法律組）同學選修。,https://course.nuk.edu.tw/QueryCourse/tcontent.asp?OpenYear=111&Helf=2&Sclass=LAD&Cono=K61E,2026-08-26T18:26:42+00:00
111-2-LAD-K61F-D-1-,111,2,法學院,LAD,法學院博士班,K61F,D,博士班,1,,比較刑事訴訟法專題研究(一~四),2,選,15,5,,10,吳俊毅,L02-301,,,,"5,6",,,,"[{""day"": 4, ""dayName"": ""星期四"", ""periods"": [""5"", ""6""], ""raw"": ""5,6""}]",,1.刑法組選修課程2.博碩合開,https://course.nuk.edu.tw/QueryCourse/tcontent.asp?OpenYear=111&Helf=2&Sclass=LAD&Cono=K61F,2026-08-26T18:26:42+00:00
111-2-LAD-K688-D-1-,111,2,法學院,LAD,法學院博士班,K688,D,博士班,1,,人工智慧法律專題研究(二),2,選,20,7,,13,張麗卿,L02-305,,,,"7,8",,,,"[{""day"": 4, ""dayName"": ""星期四"", ""periods"": [""7"", ""8""], ""raw"": ""7,8""}]",,博碩合開，開放法學院所有碩博士選修。,https://course.nuk.edu.tw/QueryCourse/tcontent.asp?OpenYear=111&Helf=2&Sclass=LAD&Cono=K688,2026-08-26T18:26:42+00:00
111-2-LAD-K68B-D-1-,111,2,法學院,LAD,法學院博士班,K68B,D,博士班,1,,土地行政與法制之研究（一–六）,2,選,30,1,,29,陳正根 張鈺光,L02-305,,"10,11",,,,,,"[{""day"": 2, ""dayName"": ""星期二"", ""periods"": [""10"", ""11""], ""raw"": ""10,11""}]",,,https://course.nuk.edu.tw/QueryCourse/tcontent.asp?OpenYear=111&Helf=2&Sclass=LAD&Cono=K68B,2026-08-26T18:26:42+00:00
111-2-LAD-K691-D-1-,111,2,法學院,LAD,法學院博士班,K691,D,博士班,1,,研究方法與論文寫作,2,必,20,2,,18,陳正根 呂麗慧 賴志強 劉傳璟 周伯翰 謝開平 謝國廉 廖義銘 楊鈞池,L02-305,,"8,9",,,,,,"[{""day"": 2, ""dayName"": ""星期二"", ""periods"": [""8"", ""9""], ""raw"": ""8,9""}]",,,https://course.nuk.edu.tw/QueryCourse/tcontent.asp?OpenYear=111&Helf=2&Sclass=LAD&Cono=K691,2026-08-26T18:26:42+00:00
111-2-LAD-K69A-D-1-,111,2,法學院,LAD,法學院博士班,K69A,D,博士班,1,,商事法專題研究（一）,2,選,20,3,,17,黃清溪,L02-305,,,,,,"5,6, 7,8",,"[{""day"": 6, ""dayName"": ""星期六"", ""periods"": [""5"", ""6"", ""7"", ""8""], ""raw"": ""5,6, 7,8""}]",,"1.博碩合開與法律系碩專合班上課。2. 黃清溪教授係旅居日本之日本拓植大學之教授,每月自日本返台授課,每次停留一至二週,故上課時間集中於黃老師返台期間週六下午四小時。欲修習本課程之同學,請斟酌其他課程之排課時間避免衝堂情形,實際上課時間將於開學後公告於系網頁,請選課同學留意.",https://course.nuk.edu.tw/QueryCourse/tcontent.asp?OpenYear=111&Helf=2&Sclass=LAD&Cono=K69A,2026-08-26T18:26:42+00:00
111-2-LAD-K70F-D-1-,111,2,法學院,LAD,法學院博士班,K70F,D,博士班,1,,高階立法論專題研究(二),2,選,30,2,,28,廖義銘,L02-310,,,,,"10,11",,,"[{""day"": 5, ""dayName"": ""星期五"", ""periods"": [""10"", ""11""], ""raw"": ""10,11""}]",,,https://course.nuk.edu.tw/QueryCourse/tcontent.asp?OpenYear=111&Helf=2&Sclass=LAD&Cono=K70F,2026-08-26T18:26:42+00:00
111-2-LAD-K69A-L-1-,111,2,法學院,LAD,法學院博士班,K69A,L,碩士在職專班,1,,商事法專題研究（一）,2,選,20,3,,17,黃清溪,L02-305,,,,,,"5,6, 7,8",,"[{""day"": 6, ""dayName"": ""星期六"", ""periods"": [""5"", ""6"", ""7"", ""8""], ""raw"": ""5,6, 7,8""}]",,"1. 與財法系合班上課。2. 民商法組選修課程。3. 黃清溪教授係旅居日本之日本拓植大學之教授,每月自日本返台授課,每次停留一至二週,故上課時間集中於黃老師返台期間週六下午四小時。欲修習本課程之同學,請斟酌其他課程之排課時間避免衝堂情形,實際上課時間將於開學後公告於系網頁,請選課同學留意.",https://course.nuk.edu.tw/QueryCourse/tcontent.asp?OpenYear=111&Helf=2&Sclass=LAD&Cono=K69A,2026-08-26T18:26:42+00:00
111-2-LAD-K50I-M-1-,111,2,法學院,LAD,法學院博士班,K50I,M,碩士班,1,,法學英文(四),2,必,20,17,,3,吳行浩,L02-306,,,,"5,6",,,,"[{""day"": 4, ""dayName"": ""星期四"", ""periods"": [""5"", ""6""], ""raw"": ""5,6""}]",,1.全英語授課2.開放本院大學部3-4年級、二年制在職專班2年級以上、碩士班及碩專班學生選修3.博碩合開,https://course.nuk.edu.tw/QueryCourse/tcontent.asp?OpenYear=111&Helf=2&Sclass=LAD&Cono=K50I,2026-08-26T18:26:42+00:00
111-2-LAD-K515-M-1-,111,2,法學院,LAD,法學院博士班,K515,M,碩士班,1,,國際經貿與紛爭解決,2,選,20,8,,12,吳行浩 鄭義暉 曾蕙逸,L02-306,,"6,7",,,,,,"[{""day"": 2, ""dayName"": ""星期二"", ""periods"": [""6"", ""7""], ""raw"": ""6,7""}]",,博碩合開，全英語授課。開放大學部三、四年級學生選修。,https://course.nuk.edu.tw/QueryCourse/tcontent.asp?OpenYear=111&Helf=2&Sclass=LAD&Cono=K515,2026-08-26T18:26:42+00:00
111-2-LAD-K51A-M-1-,111,2,法學院,LAD,法學院博士班,K51A,M,碩士班,1,,專利法專題研究(一),2,選,20,3,,17,周伯翰,L02-306,"10,11",,,,,,,"[{""day"": 1, ""dayName"": ""星期一"", ""periods"": [""10"", ""11""], ""raw"": ""10,11""}]",,博碩合開，開放本院碩士班及碩士在職專班學生選修。,https://course.nuk.edu.tw/QueryCourse/tcontent.asp?OpenYear=111&Helf=2&Sclass=LAD&Cono=K51A,2026-08-26T18:26:42+00:00
111-2-LAD-K61F-M-1-,111,2,法學院,LAD,法學院博士班,K61F,M,碩士班,1,,比較刑事訴訟法專題研究(一~四),2,選,15,5,,10,吳俊毅,L02-301,,,,"5,6",,,,"[{""day"": 4, ""dayName"": ""星期四"", ""periods"": [""5"", ""6""], ""raw"": ""5,6""}]",,1.刑法組選修課程2.碩博合開,https://course.nuk.edu.tw/QueryCourse/tcontent.asp?OpenYear=111&Helf=2&Sclass=LAD&Cono=K61F,2026-08-26T18:26:42+00:00
111-2-LAD-K688-M-1-,111,2,法學院,LAD,法學院博士班,K688,M,碩士班,1,,人工智慧法律專題研究(二),2,選,20,7,,13,張麗卿,L02-305,,,,"7,8",,,,"[{""day"": 4, ""dayName"": ""星期四"", ""periods"": [""7"", ""8""], ""raw"": ""7,8""}]",,博碩合開。開放法學院所有碩博士班課程選修。,https://course.nuk.edu.tw/QueryCourse/tcontent.asp?OpenYear=111&Helf=2&Sclass=LAD&Cono=K688,2026-08-26T18:26:42+00:00
111-2-LAD-K69A-M-1-,111,2,法學院,LAD,法學院博士班,K69A,M,碩士班,1,,商事法專題研究（一）,2,選,20,3,,17,黃清溪,L02-305,,,,,,"5,6, 7,8",,"[{""day"": 6, ""dayName"": ""星期六"", ""periods"": [""5"", ""6"", ""7"", ""8""], ""raw"": ""5,6, 7,8""}]",,"1.博碩合開與法律系碩專合班上課。2. 黃清溪教授係旅居日本之日本拓植大學之教授,每月自日本返台授課,每次停留一至二週,故上課時間集中於黃老師返台期間週六下午四小時。欲修習本課程之同學,請斟酌其他課程之排課時間避免衝堂情形,實際上課時間將於開學後公告於系網頁,請選課同學留意。",https://course.nuk.edu.tw/QueryCourse/tcontent.asp?OpenYear=111&Helf=2&Sclass=LAD&Cono=K69A,2026-08-26T18:26:42+00:00
111-2-AC-A01B-A-1-A,111,2,理學院,AC,應用化學系,A01B,A,大學部,1,A,普通化學(二),3,必,60,55,,5,林佳慧,C02-103,,,"2,3, 4",,,,,"[{""day"": 3, ""dayName"": ""星期三"", ""periods"": [""2"", ""3"", ""4""], ""raw"": ""2,3, 4""}]",,限應化系,https://course.nuk.edu.tw/QueryCourse/tcontent.asp?OpenYear=111&Helf=2&Sclass=AC&Cono=A01B,2026-08-26T18:26:42+00:00
111-2-AC-A02B-A-1-A,111,2,理學院,AC,應用化學系,A02B,A,大學部,1,A,普通化學實驗(二)(A),1,必,30,26,,4,李頂瑜,C02-203,,"2,3, 4",,,,,,"[{""day"": 2, ""dayName"": ""星期二"", ""periods"": [""2"", ""3"", ""4""], ""raw"": ""2,3, 4""}]",限修,"本系大一單號,,理203",https://course.nuk.edu.tw/QueryCourse/tcontent.asp?OpenYear=111&Helf=2&Sclass=AC&Cono=A02B,2026-08-26T18:26:42+00:00
111-2-AC-A03B-A-1-A,111,2,理學院,AC,應用化學系,A03B,A,大學部,1,A,普通化學實驗(二)(B),1,必,30,26,,4,李頂瑜,C02-203,"2,3, 4",,,,,,,"[{""day"": 1, ""dayName"": ""星期一"", ""periods"": [""2"", ""3"", ""4""], ""raw"": ""2,3, 4""}]",限修,"本系大一雙號,理203",https://course.nuk.edu.tw/QueryCourse/tcontent.asp?OpenYear=111&Helf=2&Sclass=AC&Cono=A03B,2026-08-26T18:26:42+00:00
111-2-AC-A05B-A-1-A,111,2,理學院,AC,應用化學系,A05B,A,大學部,1,A,普通物理實驗(二),1,必,60,52,,8,胡裕民,C02-3004,,,,"5,6, 7",,,,"[{""day"": 4, ""dayName"": ""星期四"", ""periods"": [""5"", ""6"", ""7""], ""raw"": ""5,6, 7""}]",,C02-3004,https://course.nuk.edu.tw/QueryCourse/tcontent.asp?OpenYear=111&Helf=2&Sclass=AC&Cono=A05B,2026-08-26T18:26:42+00:00
111-2-AC-A09B-A-1-A,111,2,理學院,AC,應用化學系,A09B,A,大學部,1,A,普通物理(二),3,必,70,67,,3,馮世維,C02-406,,"5,6, 7",,,,,,"[{""day"": 2, ""dayName"": ""星期二"", ""periods"": [""5"", ""6"", ""7""], ""raw"": ""5,6, 7""}]",,,https://course.nuk.edu.tw/QueryCourse/tcontent.asp?OpenYear=111&Helf=2&Sclass=AC&Cono=A09B,2026-08-26T18:26:42+00:00
111-2-AC-A12B-A-1-A,111,2,理學院,AC,應用化學系,A12B,A,大學部,1,A,微積分(二),3,必,65,57,,8,梁育豪,C02-406,,,,"2,3, 4",,,,"[{""day"": 4, ""dayName"": ""星期四"", ""periods"": [""2"", ""3"", ""4""], ""raw"": ""2,3, 4""}]",,上課需有大黑板的教室,https://course.nuk.edu.tw/QueryCourse/tcontent.asp?OpenYear=111&Helf=2&Sclass=AC&Cono=A12B,2026-08-26T18:26:42+00:00
111-2-AC-B11A-A-1-A,111,2,理學院,AC,應用化學系,B11A,A,大學部,1,A,分析化學,3,必,63,63,,0,林佳慧,C02-105,,,,,"2,3, 4",,,"[{""day"": 5, ""dayName"": ""星期五"", ""periods"": [""2"", ""3"", ""4""], ""raw"": ""2,3, 4""}]",限修,限應化系,https://course.nuk.edu.tw/QueryCourse/tcontent.asp?OpenYear=111&Helf=2&Sclass=AC&Cono=B11A,2026-08-26T18:26:42+00:00
111-2-AC-B01B-A-2-A,111,2,理學院,AC,應用化學系,B01B,A,大學部,2,A,有機化學(二),4,必,80,51,,29,周志明,C02-108,"2,3, 4,5",,,,,,,"[{""day"": 1, ""dayName"": ""星期一"", ""periods"": [""2"", ""3"", ""4"", ""5""], ""raw"": ""2,3, 4,5""}]",,需有大黑板(108、105),https://course.nuk.edu.tw/QueryCourse/tcontent.asp?OpenYear=111&Helf=2&Sclass=AC&Cono=B01B,2026-08-26T18:26:42+00:00
111-2-AC-B051-A-2-A,111,2,理學院,AC,應用化學系,B051,A,大學部,2,A,有機化學實驗(二)A,1,必,60,28,,32,郭文章,C02-203,,,,,"5,6, 7",,,"[{""day"": 5, ""dayName"": ""星期五"", ""periods"": [""5"", ""6"", ""7""], ""raw"": ""5,6, 7""}]",限修,"大二單號,co2-203",https://course.nuk.edu.tw/QueryCourse/tcontent.asp?OpenYear=111&Helf=2&Sclass=AC&Cono=B051,2026-08-26T18:26:42+00:00
111-2-AC-B052-A-2-A,111,2,理學院,AC,應用化學系,B052,A,大學部,2,A,有機化學實驗(二)B,1,必,60,21,,39,黃榮宗,C02-203,,,"5,6, 7",,,,,"[{""day"": 3, ""dayName"": ""星期三"", ""periods"": [""5"", ""6"", ""7""], ""raw"": ""5,6, 7""}]",限修,大二雙號C02-203,https://course.nuk.edu.tw/QueryCourse/tcontent.asp?OpenYear=111&Helf=2&Sclass=AC&Cono=B052,2026-08-26T18:26:42+00:00
111-2-AC-B072-A-2-A,111,2,理學院,AC,應用化學系,B072,A,大學部,2,A,儀器分析實驗,1,必,60,49,,11,劉福鯤,C02-206,,,,"2,3, 4",,,,"[{""day"": 4, ""dayName"": ""星期四"", ""periods"": [""2"", ""3"", ""4""], ""raw"": ""2,3, 4""}]",限修,上課教室:C02-206,https://course.nuk.edu.tw/QueryCourse/tcontent.asp?OpenYear=111&Helf=2&Sclass=AC&Cono=B072,2026-08-26T18:26:42+00:00
111-2-AC-B13A-A-2-A,111,2,理學院,AC,應用化學系,B13A,A,大學部,2,A,化學數學,3,選,30,30,,0,莊曜遠,C02-106,,"5,6, 7",,,,,,"[{""day"": 2, ""dayName"": ""星期二"", ""periods"": [""5"", ""6"", ""7""], ""raw"": ""5,6, 7""}]",,,https://course.nuk.edu.tw/QueryCourse/tcontent.asp?OpenYear=111&Helf=2&Sclass=AC&Cono=B13A,2026-08-26T18:26:42+00:00
111-2-AC-B511-A-2-A,111,2,理學院,AC,應用化學系,B511,A,大學部,2,A,奈米科技與應用,3,選,60,16,,44,蔡振章,C02-211,,"2,3, 4",,,,,,"[{""day"": 2, ""dayName"": ""星期二"", ""periods"": [""2"", ""3"", ""4""], ""raw"": ""2,3, 4""}]",學程,"屬先進材料製備學程,請安排211室",https://course.nuk.edu.tw/QueryCourse/tcontent.asp?OpenYear=111&Helf=2&Sclass=AC&Cono=B511,2026-08-26T18:26:42+00:00
111-2-AC-B582-A-2-A,111,2,理學院,AC,應用化學系,B582,A,大學部,2,A,化學與生活,2,選,60,42,,18,何永皓,C02-103,,,,"5,6",,,,"[{""day"": 4, ""dayName"": ""星期四"", ""periods"": [""5"", ""6""], ""raw"": ""5,6""}]",,,https://course.nuk.edu.tw/QueryCourse/tcontent.asp?OpenYear=111&Helf=2&Sclass=AC&Cono=B582,2026-08-26T18:26:42+00:00
111-2-AC-C02A-A-2-A,111,2,理學院,AC,應用化學系,C02A,A,大學部,2,A,物理化學(一),3,必,70,57,,13,陳振興,C02-108,,,"2,3, 4",,,,,"[{""day"": 3, ""dayName"": ""星期三"", ""periods"": [""2"", ""3"", ""4""], ""raw"": ""2,3, 4""}]",,需大黑板,https://course.nuk.edu.tw/QueryCourse/tcontent.asp?OpenYear=111&Helf=2&Sclass=AC&Cono=C02A,2026-08-26T18:26:42+00:00
111-2-AC-C01B-A-3-A,111,2,理學院,AC,應用化學系,C01B,A,大學部,3,A,無機化學(二),3,必,70,42,,28,莊琇惠,C02-108,,"2,3, 4",,,,,,"[{""day"": 2, ""dayName"": ""星期二"", ""periods"": [""2"", ""3"", ""4""], ""raw"": ""2,3, 4""}]",,需大黑板上課,https://course.nuk.edu.tw/QueryCourse/tcontent.asp?OpenYear=111&Helf=2&Sclass=AC&Cono=C01B,2026-08-26T18:26:42+00:00
111-2-AC-C02C-A-3-A,111,2,理學院,AC,應用化學系,C02C,A,大學部,3,A,物理化學(三),3,必,60,40,,20,陳泓政,C02-103,,,,,"5,6, 7",,,"[{""day"": 5, ""dayName"": ""星期五"", ""periods"": [""5"", ""6"", ""7""], ""raw"": ""5,6, 7""}]",,,https://course.nuk.edu.tw/QueryCourse/tcontent.asp?OpenYear=111&Helf=2&Sclass=AC&Cono=C02C,2026-08-26T18:26:42+00:00
111-2-AC-C10A-A-3-A,111,2,理學院,AC,應用化學系,C10A,A,大學部,3,A,創意化學實驗(A),1,必,60,18,,42,蔡振章,C02-103 其他教室,,,"5,6, 7",,,,,"[{""day"": 3, ""dayName"": ""星期三"", ""periods"": [""5"", ""6"", ""7""], ""raw"": ""5,6, 7""}]",,大三單號/理學院203及理院普通教室,https://course.nuk.edu.tw/QueryCourse/tcontent.asp?OpenYear=111&Helf=2&Sclass=AC&Cono=C10A,2026-08-26T18:26:42+00:00
111-2-AC-C10B-A-3-A,111,2,理學院,AC,應用化學系,C10B,A,大學部,3,A,創意化學實驗(B),1,必,60,22,,38,莊曜遠,C02-104 其他教室,,,"5,6, 7",,,,,"[{""day"": 3, ""dayName"": ""星期三"", ""periods"": [""5"", ""6"", ""7""], ""raw"": ""5,6, 7""}]",,大三雙號/理學院203室及普通教室,https://course.nuk.edu.tw/QueryCourse/tcontent.asp?OpenYear=111&Helf=2&Sclass=AC&Cono=C10B,2026-08-26T18:26:42+00:00
111-2-AC-C595-A-3-A,111,2,理學院,AC,應用化學系,C595,A,大學部,3,A,專題研究(二),3,選,60,12,,48,陳振興 莊琇惠 周志明,C02-103,"10,11, 12",,,,,,,"[{""day"": 1, ""dayName"": ""星期一"", ""periods"": [""10"", ""11"", ""12""], ""raw"": ""10,11, 12""}]",,,https://course.nuk.edu.tw/QueryCourse/tcontent.asp?OpenYear=111&Helf=2&Sclass=AC&Cono=C595,2026-08-26T18:26:42+00:00
111-2-AC-C601-A-3-A,111,2,理學院,AC,應用化學系,C601,A,大學部,3,A,書報討論(一),1,必,30,18,,12,黃榮宗,C02-106,,,,"6,7",,,,"[{""day"": 4, ""dayName"": ""星期四"", ""periods"": [""6"", ""7""], ""raw"": ""6,7""}]",限修,大三單號,https://course.nuk.edu.tw/QueryCourse/tcontent.asp?OpenYear=111&Helf=2&Sclass=AC&Cono=C601,2026-08-26T18:26:42+00:00
111-2-AC-D011-A-3-A,111,2,理學院,AC,應用化學系,D011,A,大學部,3,A,書報討論(二),1,必,38,30,,8,莊曜遠,C02-211,,,,"6,7",,,,"[{""day"": 4, ""dayName"": ""星期四"", ""periods"": [""6"", ""7""], ""raw"": ""6,7""}]",限修及外加,"大三雙號,請排211",https://course.nuk.edu.tw/QueryCourse/tcontent.asp?OpenYear=111&Helf=2&Sclass=AC&Cono=D011,2026-08-26T18:26:42+00:00
111-2-AC-F611-A-3-A,111,2,理學院,AC,應用化學系,F611,A,大學部,3,A,無機光譜,3,選,50,8,,42,李頂瑜,C02-101,,,,,"2,3, 4",,,"[{""day"": 5, ""dayName"": ""星期五"", ""periods"": [""2"", ""3"", ""4""], ""raw"": ""2,3, 4""}]",學程,材料分析學程/與大四碩班合開,https://course.nuk.edu.tw/QueryCourse/tcontent.asp?OpenYear=111&Helf=2&Sclass=AC&Cono=F611,2026-08-26T18:26:42+00:00
111-2-AC-D70B-A-4-A,111,2,理學院,AC,應用化學系,D70B,A,大學部,4,A,業界實習2,9,選,5,5,,0,周志明,,,,"11,12, 13",,,,,"[{""day"": 3, ""dayName"": ""星期三"", ""periods"": [""11"", ""12"", ""13""], ""raw"": ""11,12, 13""}]",,指定加簽，實習總時數需達486小時以上。,https://course.nuk.edu.tw/QueryCourse/tcontent.asp?OpenYear=111&Helf=2&Sclass=AC&Cono=D70B,2026-08-26T18:26:42+00:00
111-2-AC-F511-A-4-A,111,2,理學院,AC,應用化學系,F511,A,大學部,4,A,質譜學,3,選,30,6,,24,何永皓,C02-104,,"5,6, 7",,,,,,"[{""day"": 2, ""dayName"": ""星期二"", ""periods"": [""5"", ""6"", ""7""], ""raw"": ""5,6, 7""}]",學程,材料分析學程/與碩班合開,https://course.nuk.edu.tw/QueryCourse/tcontent.asp?OpenYear=111&Helf=2&Sclass=AC&Cono=F511,2026-08-26T18:26:42+00:00
111-2-AC-F533-A-4-A,111,2,理學院,AC,應用化學系,F533,A,大學部,4,A,當代有機金屬化學,3,選,60,8,,52,周志明,C02-211,,,,"2,3, 4",,,,"[{""day"": 4, ""dayName"": ""星期四"", ""periods"": [""2"", ""3"", ""4""], ""raw"": ""2,3, 4""}]",學程,與碩班合開課程，限本系大三以上修習。請排211,https://course.nuk.edu.tw/QueryCourse/tcontent.asp?OpenYear=111&Helf=2&Sclass=AC&Cono=F533,2026-08-26T18:26:42+00:00
111-2-AC-F573-A-4-A,111,2,理學院,AC,應用化學系,F573,A,大學部,4,A,應用光化學,3,選,60,36,,24,陳泓政,C02-103,,,,"8,9, 10",,,,"[{""day"": 4, ""dayName"": ""星期四"", ""periods"": [""8"", ""9"", ""10""], ""raw"": ""8,9, 10""}]",,大四、碩班合開,https://course.nuk.edu.tw/QueryCourse/tcontent.asp?OpenYear=111&Helf=2&Sclass=AC&Cono=F573,2026-08-26T18:26:42+00:00
111-2-AC-F611-A-4-A,111,2,理學院,AC,應用化學系,F611,A,大學部,4,A,無機光譜,3,選,50,8,,42,李頂瑜,C02-101,,,,,"2,3, 4",,,"[{""day"": 5, ""dayName"": ""星期五"", ""periods"": [""2"", ""3"", ""4""], ""raw"": ""2,3, 4""}]",學程,大三四與碩班合開/材料分析學程,https://course.nuk.edu.tw/QueryCourse/tcontent.asp?OpenYear=111&Helf=2&Sclass=AC&Cono=F611,2026-08-26T18:26:42+00:00
111-2-AC-F671-A-4-A,111,2,理學院,AC,應用化學系,F671,A,大學部,4,A,薄膜製程,3,選,60,55,,5,劉福鯤,C02-108,,,"8,9, 10",,,,,"[{""day"": 3, ""dayName"": ""星期三"", ""periods"": [""8"", ""9"", ""10""], ""raw"": ""8,9, 10""}]",學程,隸屬半導體光電製程學程/與碩班合開,https://course.nuk.edu.tw/QueryCourse/tcontent.asp?OpenYear=111&Helf=2&Sclass=AC&Cono=F671,2026-08-26T18:26:42+00:00
111-2-AC-F692-A-4-A,111,2,理學院,AC,應用化學系,F692,A,大學部,4,A,層析實作與應用,3,選,20,20,,0,劉福鯤,C02-106,,"8,9, 10",,,,,,"[{""day"": 2, ""dayName"": ""星期二"", ""periods"": [""8"", ""9"", ""10""], ""raw"": ""8,9, 10""}]",限修,"與碩班合開,屬材料分析學程",https://course.nuk.edu.tw/QueryCourse/tcontent.asp?OpenYear=111&Helf=2&Sclass=AC&Cono=F692,2026-08-26T18:26:42+00:00
111-2-AC-F721-A-4-A,111,2,理學院,AC,應用化學系,F721,A,大學部,4,A,表面處理技術,3,選,60,33,,27,陳振興,C02-211,,"5,6, 7",,,,,,"[{""day"": 2, ""dayName"": ""星期二"", ""periods"": [""5"", ""6"", ""7""], ""raw"": ""5,6, 7""}]",學程,"大四與碩班合開/隸屬先進材料製備學程,請排211",https://course.nuk.edu.tw/QueryCourse/tcontent.asp?OpenYear=111&Helf=2&Sclass=AC&Cono=F721,2026-08-26T18:26:42+00:00
111-2-AC-F741-A-4-A,111,2,理學院,AC,應用化學系,F741,A,大學部,4,A,分子模擬,3,選,30,13,,17,莊曜遠,C02-106,,"2,3, 4",,,,,,"[{""day"": 2, ""dayName"": ""星期二"", ""periods"": [""2"", ""3"", ""4""], ""raw"": ""2,3, 4""}]",,與碩班合開,https://course.nuk.edu.tw/QueryCourse/tcontent.asp?OpenYear=111&Helf=2&Sclass=AC&Cono=F741,2026-08-26T18:26:42+00:00
111-2-AC-F742-A-4-A,111,2,理學院,AC,應用化學系,F742,A,大學部,4,A,高分子科學概論,3,選,60,9,,51,郭文章,C02-104,,,,"2,3, 4",,,,"[{""day"": 4, ""dayName"": ""星期四"", ""periods"": [""2"", ""3"", ""4""], ""raw"": ""2,3, 4""}]",,與碩班合開,https://course.nuk.edu.tw/QueryCourse/tcontent.asp?OpenYear=111&Helf=2&Sclass=AC&Cono=F742,2026-08-26T18:26:42+00:00
111-2-AC-F753-A-4-A,111,2,理學院,AC,應用化學系,F753,A,大學部,4,A,有機合成反應的回顧與討論,3,選,60,24,,36,黃榮宗,C02-106,"2,3, 4",,,,,,,"[{""day"": 1, ""dayName"": ""星期一"", ""periods"": [""2"", ""3"", ""4""], ""raw"": ""2,3, 4""}]",,"與碩班合開/需大黑板,請安排106教室",https://course.nuk.edu.tw/QueryCourse/tcontent.asp?OpenYear=111&Helf=2&Sclass=AC&Cono=F753,2026-08-26T18:26:42+00:00
111-2-AC-F791-A-4-A,111,2,理學院,AC,應用化學系,F791,A,大學部,4,A,儲能電池技術,3,選,60,19,,41,陳振興,C02-211,"5,6, 7",,,,,,,"[{""day"": 1, ""dayName"": ""星期一"", ""periods"": [""5"", ""6"", ""7""], ""raw"": ""5,6, 7""}]",學程,"與碩班合開,屬先進材料學程,請排211",https://course.nuk.edu.tw/QueryCourse/tcontent.asp?OpenYear=111&Helf=2&Sclass=AC&Cono=F791,2026-08-26T18:26:42+00:00
111-2-AC-F012-M-1-,111,2,理學院,AC,應用化學系,F012,M,碩士班,1,,書報討論(二),1,必,30,13,,17,林佳慧,C02-104,,,,"6,7",,,,"[{""day"": 4, ""dayName"": ""星期四"", ""periods"": [""6"", ""7""], ""raw"": ""6,7""}]",,,https://course.nuk.edu.tw/QueryCourse/tcontent.asp?OpenYear=111&Helf=2&Sclass=AC&Cono=F012,2026-08-26T18:26:42+00:00
111-2-AC-F511-M-1-,111,2,理學院,AC,應用化學系,F511,M,碩士班,1,,質譜學,3,選,30,6,,24,何永皓,C02-104,,"5,6, 7",,,,,,"[{""day"": 2, ""dayName"": ""星期二"", ""periods"": [""5"", ""6"", ""7""], ""raw"": ""5,6, 7""}]",學程,"與大四合開,屬材料分析學程",https://course.nuk.edu.tw/QueryCourse/tcontent.asp?OpenYear=111&Helf=2&Sclass=AC&Cono=F511,2026-08-26T18:26:42+00:00
111-2-AC-F533-M-1-,111,2,理學院,AC,應用化學系,F533,M,碩士班,1,,當代有機金屬化學,3,選,60,8,,52,周志明,C02-211,,,,"2,3, 4",,,,"[{""day"": 4, ""dayName"": ""星期四"", ""periods"": [""2"", ""3"", ""4""], ""raw"": ""2,3, 4""}]",學程,"與大四合開(限本系大三以上),屬先進材料學程,請排C02-211",https://course.nuk.edu.tw/QueryCourse/tcontent.asp?OpenYear=111&Helf=2&Sclass=AC&Cono=F533,2026-08-26T18:26:42+00:00
111-2-AC-F573-M-1-,111,2,理學院,AC,應用化學系,F573,M,碩士班,1,,應用光化學,3,選,60,36,,24,陳泓政,C02-103,,,,"8,9, 10",,,,"[{""day"": 4, ""dayName"": ""星期四"", ""periods"": [""8"", ""9"", ""10""], ""raw"": ""8,9, 10""}]",,大四、碩班合開,https://course.nuk.edu.tw/QueryCourse/tcontent.asp?OpenYear=111&Helf=2&Sclass=AC&Cono=F573,2026-08-26T18:26:42+00:00
111-2-AC-F611-M-1-,111,2,理學院,AC,應用化學系,F611,M,碩士班,1,,無機光譜,3,選,50,8,,42,李頂瑜,C02-101,,,,,"2,3, 4",,,"[{""day"": 5, ""dayName"": ""星期五"", ""periods"": [""2"", ""3"", ""4""], ""raw"": ""2,3, 4""}]",學程,大三四與碩班合開/材料分析學程,https://course.nuk.edu.tw/QueryCourse/tcontent.asp?OpenYear=111&Helf=2&Sclass=AC&Cono=F611,2026-08-26T18:26:42+00:00
111-2-AC-F635-M-1-,111,2,理學院,AC,應用化學系,F635,M,碩士班,1,,化學研究(二),3,選,30,13,,17,郭文章 林佳慧 黃榮宗,C02-108,,,,,"10,11, 12",,,"[{""day"": 5, ""dayName"": ""星期五"", ""periods"": [""10"", ""11"", ""12""], ""raw"": ""10,11, 12""}]",,,https://course.nuk.edu.tw/QueryCourse/tcontent.asp?OpenYear=111&Helf=2&Sclass=AC&Cono=F635,2026-08-26T18:26:42+00:00
111-2-AC-F671-M-1-,111,2,理學院,AC,應用化學系,F671,M,碩士班,1,,薄膜製程,3,選,60,55,,5,劉福鯤,C02-108,,,"8,9, 10",,,,,"[{""day"": 3, ""dayName"": ""星期三"", ""periods"": [""8"", ""9"", ""10""], ""raw"": ""8,9, 10""}]",學程,隸屬半導體光電製程學程/與大四合開,https://course.nuk.edu.tw/QueryCourse/tcontent.asp?OpenYear=111&Helf=2&Sclass=AC&Cono=F671,2026-08-26T18:26:42+00:00
111-2-AC-F692-M-1-,111,2,理學院,AC,應用化學系,F692,M,碩士班,1,,層析實作與應用,3,選,20,20,,0,劉福鯤,C02-106,,"8,9, 10",,,,,,"[{""day"": 2, ""dayName"": ""星期二"", ""periods"": [""8"", ""9"", ""10""], ""raw"": ""8,9, 10""}]",限修,"碩班與大四合開,屬材料分析學程",https://course.nuk.edu.tw/QueryCourse/tcontent.asp?OpenYear=111&Helf=2&Sclass=AC&Cono=F692,2026-08-26T18:26:42+00:00
111-2-AC-F721-M-1-,111,2,理學院,AC,應用化學系,F721,M,碩士班,1,,表面處理技術,3,選,60,33,,27,陳振興,C02-211,,"5,6, 7",,,,,,"[{""day"": 2, ""dayName"": ""星期二"", ""periods"": [""5"", ""6"", ""7""], ""raw"": ""5,6, 7""}]",學程,"大四與碩班合開/隸屬先進材料製備學程,請排211",https://course.nuk.edu.tw/QueryCourse/tcontent.asp?OpenYear=111&Helf=2&Sclass=AC&Cono=F721,2026-08-26T18:26:42+00:00
111-2-AC-F741-M-1-,111,2,理學院,AC,應用化學系,F741,M,碩士班,1,,分子模擬,3,選,30,13,,17,莊曜遠,C02-106,,"2,3, 4",,,,,,"[{""day"": 2, ""dayName"": ""星期二"", ""periods"": [""2"", ""3"", ""4""], ""raw"": ""2,3, 4""}]",,大四與碩班合開,https://course.nuk.edu.tw/QueryCourse/tcontent.asp?OpenYear=111&Helf=2&Sclass=AC&Cono=F741,2026-08-26T18:26:42+00:00
111-2-AC-F742-M-1-,111,2,理學院,AC,應用化學系,F742,M,碩士班,1,,高分子科學概論,3,選,60,9,,51,郭文章,C02-104,,,,"2,3, 4",,,,"[{""day"": 4, ""dayName"": ""星期四"", ""periods"": [""2"", ""3"", ""4""], ""raw"": ""2,3, 4""}]",,與大四合開,https://course.nuk.edu.tw/QueryCourse/tcontent.asp?OpenYear=111&Helf=2&Sclass=AC&Cono=F742,2026-08-26T18:26:42+00:00
111-2-AC-F753-M-1-,111,2,理學院,AC,應用化學系,F753,M,碩士班,1,,有機合成反應的回顧與討論,3,選,60,24,,36,黃榮宗,C02-106,"2,3, 4",,,,,,,"[{""day"": 1, ""dayName"": ""星期一"", ""periods"": [""2"", ""3"", ""4""], ""raw"": ""2,3, 4""}]",,"與大四合開,需大黑板,請安排C02-106",https://course.nuk.edu.tw/QueryCourse/tcontent.asp?OpenYear=111&Helf=2&Sclass=AC&Cono=F753,2026-08-26T18:26:42+00:00
111-2-AC-F791-M-1-,111,2,理學院,AC,應用化學系,F791,M,碩士班,1,,儲能電池技術,3,選,60,19,,41,陳振興,C02-211,"5,6, 7",,,,,,,"[{""day"": 1, ""dayName"": ""星期一"", ""periods"": [""5"", ""6"", ""7""], ""raw"": ""5,6, 7""}]",學程,"碩班與大四合開,屬先進材料學程,請排211",https://course.nuk.edu.tw/QueryCourse/tcontent.asp?OpenYear=111&Helf=2&Sclass=AC&Cono=F791,2026-08-26T18:26:42+00:00
111-2-AC-F605-M-2-,111,2,理學院,AC,應用化學系,F605,M,碩士班,2,,化學特性分析實驗,1,選,30,6,,24,李頂瑜 郭文章 何永皓,C02-104,"10,11, 12",,,,,,,"[{""day"": 1, ""dayName"": ""星期一"", ""periods"": [""10"", ""11"", ""12""], ""raw"": ""10,11, 12""}]",,限碩二以上修習,https://course.nuk.edu.tw/QueryCourse/tcontent.asp?OpenYear=111&Helf=2&Sclass=AC&Cono=F605,2026-08-26T18:26:42+00:00
111-2-AM-A01B-A-1-A,111,2,理學院,AM,應用數學系,A01B,A,大學部,1,A,微積分（二）,4,必,80,65,,15,林英杰,C02-407,,"3,4",,"3,4",,,,"[{""day"": 2, ""dayName"": ""星期二"", ""periods"": [""3"", ""4""], ""raw"": ""3,4""}, {""day"": 4, ""dayName"": ""星期四"", ""periods"": [""3"", ""4""], ""raw"": ""3,4""}]",,請安排大教室。,https://course.nuk.edu.tw/QueryCourse/tcontent.asp?OpenYear=111&Helf=2&Sclass=AM&Cono=A01B,2026-08-26T18:26:42+00:00
111-2-AM-A02B-A-1-A,111,2,理學院,AM,應用數學系,A02B,A,大學部,1,A,線性代數（二）,3,必,80,80,,0,劉青松,C02-407,,,"3,4",5,,,,"[{""day"": 3, ""dayName"": ""星期三"", ""periods"": [""3"", ""4""], ""raw"": ""3,4""}, {""day"": 4, ""dayName"": ""星期四"", ""periods"": [""5""], ""raw"": ""5""}]",,請安排大教室。,https://course.nuk.edu.tw/QueryCourse/tcontent.asp?OpenYear=111&Helf=2&Sclass=AM&Cono=A02B,2026-08-26T18:26:42+00:00
111-2-AM-A03B-A-1-A,111,2,理學院,AM,應用數學系,A03B,A,大學部,1,A,基礎數學（二）,3,必,80,72,,8,張惠蘭,C02-407,,1,"1,2",,,,,"[{""day"": 2, ""dayName"": ""星期二"", ""periods"": [""1""], ""raw"": ""1""}, {""day"": 3, ""dayName"": ""星期三"", ""periods"": [""1"", ""2""], ""raw"": ""1,2""}]",,請安排大教室。,https://course.nuk.edu.tw/QueryCourse/tcontent.asp?OpenYear=111&Helf=2&Sclass=AM&Cono=A03B,2026-08-26T18:26:42+00:00
111-2-AM-A05B-A-1-A,111,2,理學院,AM,應用數學系,A05B,A,大學部,1,A,數學實習（二）,1,選,60,42,,18,林英杰,C02-108,,,,"6,7",,,,"[{""day"": 4, ""dayName"": ""星期四"", ""periods"": [""6"", ""7""], ""raw"": ""6,7""}]",,請安排大教室。,https://course.nuk.edu.tw/QueryCourse/tcontent.asp?OpenYear=111&Helf=2&Sclass=AM&Cono=A05B,2026-08-26T18:26:42+00:00
111-2-AM-A112-A-1-A,111,2,理學院,AM,應用數學系,A112,A,大學部,1,A,程式設計,3,必,81,80,,1,洪丞輝,C02-B101,,"5,6, 7",,,,,,"[{""day"": 2, ""dayName"": ""星期二"", ""periods"": [""5"", ""6"", ""7""], ""raw"": ""5,6, 7""}]",,上課教室：理B101室。,https://course.nuk.edu.tw/QueryCourse/tcontent.asp?OpenYear=111&Helf=2&Sclass=AM&Cono=A112,2026-08-26T18:26:42+00:00
111-2-AM-A54B-A-1-A,111,2,理學院,AM,應用數學系,A54B,A,大學部,1,A,普通物理學(二),3,選,60,53,,7,余進忠,C02-406,"2,3, 4",,,,,,,"[{""day"": 1, ""dayName"": ""星期一"", ""periods"": [""2"", ""3"", ""4""], ""raw"": ""2,3, 4""}]",,系必選,https://course.nuk.edu.tw/QueryCourse/tcontent.asp?OpenYear=111&Helf=2&Sclass=AM&Cono=A54B,2026-08-26T18:26:42+00:00
111-2-AM-B01B-A-2-A,111,2,理學院,AM,應用數學系,B01B,A,大學部,2,A,高等微積分(二),4,必,80,56,,24,施信宏,C02-105,,"3,4",,"3,4",,,,"[{""day"": 2, ""dayName"": ""星期二"", ""periods"": [""3"", ""4""], ""raw"": ""3,4""}, {""day"": 4, ""dayName"": ""星期四"", ""periods"": [""3"", ""4""], ""raw"": ""3,4""}]",,請安排大教室,https://course.nuk.edu.tw/QueryCourse/tcontent.asp?OpenYear=111&Helf=2&Sclass=AM&Cono=B01B,2026-08-26T18:26:42+00:00
111-2-AM-B02B-A-2-A,111,2,理學院,AM,應用數學系,B02B,A,大學部,2,A,機率與統計(二),3,必,80,63,,17,郭錕霖,C02-407,"3,4",,,2,,,,"[{""day"": 1, ""dayName"": ""星期一"", ""periods"": [""3"", ""4""], ""raw"": ""3,4""}, {""day"": 4, ""dayName"": ""星期四"", ""periods"": [""2""], ""raw"": ""2""}]",學程,請安排大教室。,https://course.nuk.edu.tw/QueryCourse/tcontent.asp?OpenYear=111&Helf=2&Sclass=AM&Cono=B02B,2026-08-26T18:26:42+00:00
111-2-AM-B041-A-2-A,111,2,理學院,AM,應用數學系,B041,A,大學部,2,A,代數學(一),3,必,85,84,,1,鄭斯恩,C02-407,"6,7",,,6,,,,"[{""day"": 1, ""dayName"": ""星期一"", ""periods"": [""6"", ""7""], ""raw"": ""6,7""}, {""day"": 4, ""dayName"": ""星期四"", ""periods"": [""6""], ""raw"": ""6""}]",,請安排大教室。,https://course.nuk.edu.tw/QueryCourse/tcontent.asp?OpenYear=111&Helf=2&Sclass=AM&Cono=B041,2026-08-26T18:26:42+00:00
111-2-AM-B50B-A-2-A,111,2,理學院,AM,應用數學系,B50B,A,大學部,2,A,數學實習(四),1,選,60,34,,26,施信宏,C02-407,,"6,7",,,,,,"[{""day"": 2, ""dayName"": ""星期二"", ""periods"": [""6"", ""7""], ""raw"": ""6,7""}]",,,https://course.nuk.edu.tw/QueryCourse/tcontent.asp?OpenYear=111&Helf=2&Sclass=AM&Cono=B50B,2026-08-26T18:26:42+00:00
111-2-AM-B541-A-2-A,111,2,理學院,AM,應用數學系,B541,A,大學部,2,A,微分方程(二),3,選,60,21,,39,陳晴玉,C02-452,,5,,,"3,4",,,"[{""day"": 2, ""dayName"": ""星期二"", ""periods"": [""5""], ""raw"": ""5""}, {""day"": 5, ""dayName"": ""星期五"", ""periods"": [""3"", ""4""], ""raw"": ""3,4""}]",,,https://course.nuk.edu.tw/QueryCourse/tcontent.asp?OpenYear=111&Helf=2&Sclass=AM&Cono=B541,2026-08-26T18:26:42+00:00
111-2-AM-C517-A-3-A,111,2,理學院,AM,應用數學系,C517,A,大學部,3,A,個體經濟學,3,選,60,55,,5,俞淑惠,C02-108,,"5,6",5,,,,,"[{""day"": 2, ""dayName"": ""星期二"", ""periods"": [""5"", ""6""], ""raw"": ""5,6""}, {""day"": 3, ""dayName"": ""星期三"", ""periods"": [""5""], ""raw"": ""5""}]",,,https://course.nuk.edu.tw/QueryCourse/tcontent.asp?OpenYear=111&Helf=2&Sclass=AM&Cono=C517,2026-08-26T18:26:42+00:00
111-2-AM-C541-A-3-A,111,2,理學院,AM,應用數學系,C541,A,大學部,3,A,組合數學(二),3,選,30,26,,4,鄭斯恩,C02-408,"3,4",7,,,,,,"[{""day"": 1, ""dayName"": ""星期一"", ""periods"": [""3"", ""4""], ""raw"": ""3,4""}, {""day"": 2, ""dayName"": ""星期二"", ""periods"": [""7""], ""raw"": ""7""}]",,上課教室：理408室,https://course.nuk.edu.tw/QueryCourse/tcontent.asp?OpenYear=111&Helf=2&Sclass=AM&Cono=C541,2026-08-26T18:26:42+00:00
111-2-AM-C551-A-3-A,111,2,理學院,AM,應用數學系,C551,A,大學部,3,A,數理統計(二),3,選,50,9,,41,張志浩,C02-104,,,"3,4",,2,,,"[{""day"": 3, ""dayName"": ""星期三"", ""periods"": [""3"", ""4""], ""raw"": ""3,4""}, {""day"": 5, ""dayName"": ""星期五"", ""periods"": [""2""], ""raw"": ""2""}]",,,https://course.nuk.edu.tw/QueryCourse/tcontent.asp?OpenYear=111&Helf=2&Sclass=AM&Cono=C551,2026-08-26T18:26:42+00:00
111-2-AM-C663-A-3-A,111,2,理學院,AM,應用數學系,C663,A,大學部,3,A,數學與藝術(二),3,選,32,31,,1,鄭斯恩,C02-408,,,,"2,3, 4",,,,"[{""day"": 4, ""dayName"": ""星期四"", ""periods"": [""2"", ""3"", ""4""], ""raw"": ""2,3, 4""}]",,上課教室：理408室,https://course.nuk.edu.tw/QueryCourse/tcontent.asp?OpenYear=111&Helf=2&Sclass=AM&Cono=C663,2026-08-26T18:26:42+00:00
111-2-AM-C673-A-3-A,111,2,理學院,AM,應用數學系,C673,A,大學部,3,A,數位影像處理專題,3,選,50,15,,35,梁育豪,C02-408,,,,,"2,3, 4",,,"[{""day"": 5, ""dayName"": ""星期五"", ""periods"": [""2"", ""3"", ""4""], ""raw"": ""2,3, 4""}]",,上課教室:理408室,https://course.nuk.edu.tw/QueryCourse/tcontent.asp?OpenYear=111&Helf=2&Sclass=AM&Cono=C673,2026-08-26T18:26:42+00:00
111-2-AM-C701-A-3-A,111,2,理學院,AM,應用數學系,C701,A,大學部,3,A,專題實作(一),3,選,50,25,,25,梁育豪,C02-408,,,,,,"2,3, 4",,"[{""day"": 6, ""dayName"": ""星期六"", ""periods"": [""2"", ""3"", ""4""], ""raw"": ""2,3, 4""}]",,上課教室：理408室,https://course.nuk.edu.tw/QueryCourse/tcontent.asp?OpenYear=111&Helf=2&Sclass=AM&Cono=C701,2026-08-26T18:26:42+00:00
111-2-AM-F504-A-4-A,111,2,理學院,AM,應用數學系,F504,A,大學部,4,A,科學計算專題（四）,3,選,30,10,,20,曾昱豪,C02-450,,"10,11, 12",,,,,,"[{""day"": 2, ""dayName"": ""星期二"", ""periods"": [""10"", ""11"", ""12""], ""raw"": ""10,11, 12""}]",,大四、碩班合開；上課教室：理450室,https://course.nuk.edu.tw/QueryCourse/tcontent.asp?OpenYear=111&Helf=2&Sclass=AM&Cono=F504,2026-08-26T18:26:42+00:00
111-2-AM-F521-A-4-A,111,2,理學院,AM,應用數學系,F521,A,大學部,4,A,科學計算導論,3,選,30,19,,11,曾昱豪,C02-450,,"2,3, 4",,,,,,"[{""day"": 2, ""dayName"": ""星期二"", ""periods"": [""2"", ""3"", ""4""], ""raw"": ""2,3, 4""}]",,大四、碩班合開；上課教室：理450室,https://course.nuk.edu.tw/QueryCourse/tcontent.asp?OpenYear=111&Helf=2&Sclass=AM&Cono=F521,2026-08-26T18:26:42+00:00
111-2-AM-F525-A-4-A,111,2,理學院,AM,應用數學系,F525,A,大學部,4,A,Python程式設計,3,選,60,48,,12,楊洪鼎,C02-B101,,"2,3, 4",,,,,,"[{""day"": 2, ""dayName"": ""星期二"", ""periods"": [""2"", ""3"", ""4""], ""raw"": ""2,3, 4""}]",學程,大四、碩班合開；上課教室：理B101室,https://course.nuk.edu.tw/QueryCourse/tcontent.asp?OpenYear=111&Helf=2&Sclass=AM&Cono=F525,2026-08-26T18:26:42+00:00
111-2-AM-F613-A-4-A,111,2,理學院,AM,應用數學系,F613,A,大學部,4,A,訊號處理,3,選,42,38,,4,林英杰,C02-408,,,"2,3, 4",,,,,"[{""day"": 3, ""dayName"": ""星期三"", ""periods"": [""2"", ""3"", ""4""], ""raw"": ""2,3, 4""}]",學程,大四、碩班合開；上課教室：理408室,https://course.nuk.edu.tw/QueryCourse/tcontent.asp?OpenYear=111&Helf=2&Sclass=AM&Cono=F613,2026-08-26T18:26:42+00:00
111-2-AM-F65B-A-4-A,111,2,理學院,AM,應用數學系,F65B,A,大學部,4,A,最佳化理論與方法(二),3,選,30,17,,13,劉青松,C02-450,,,,"2,3, 4",,,,"[{""day"": 4, ""dayName"": ""星期四"", ""periods"": [""2"", ""3"", ""4""], ""raw"": ""2,3, 4""}]",學程,大四、碩班合開；上課教室：理450室,https://course.nuk.edu.tw/QueryCourse/tcontent.asp?OpenYear=111&Helf=2&Sclass=AM&Cono=F65B,2026-08-26T18:26:42+00:00
111-2-AM-F66C-A-4-A,111,2,理學院,AM,應用數學系,F66C,A,大學部,4,A,進階偏微分方程數值方法,3,選,30,5,,25,曾昱豪,C02-450,,,"2,3, 4",,,,,"[{""day"": 3, ""dayName"": ""星期三"", ""periods"": [""2"", ""3"", ""4""], ""raw"": ""2,3, 4""}]",,大四、碩班合開；上課教室：理450室,https://course.nuk.edu.tw/QueryCourse/tcontent.asp?OpenYear=111&Helf=2&Sclass=AM&Cono=F66C,2026-08-26T18:26:42+00:00
111-2-AM-F775-A-4-A,111,2,理學院,AM,應用數學系,F775,A,大學部,4,A,動態系統導論,3,選,31,14,,17,張志鴻,C02-450,"5,6, 7",,,,,,,"[{""day"": 1, ""dayName"": ""星期一"", ""periods"": [""5"", ""6"", ""7""], ""raw"": ""5,6, 7""}]",,大四、碩班合開；上課教室：理450室,https://course.nuk.edu.tw/QueryCourse/tcontent.asp?OpenYear=111&Helf=2&Sclass=AM&Cono=F775,2026-08-26T18:26:42+00:00
111-2-AM-K516-D-1-,111,2,理學院,AM,應用數學系,K516,D,博士班,1,,橢圓偏微分方程及應用(二),3,選,30,3,,27,吳宗芳,C02-452,,,,,"5,6, 7",,,"[{""day"": 5, ""dayName"": ""星期五"", ""periods"": [""5"", ""6"", ""7""], ""raw"": ""5,6, 7""}]",,上課教室：理452室；碩、博士班合開。,https://course.nuk.edu.tw/QueryCourse/tcontent.asp?OpenYear=111&Helf=2&Sclass=AM&Cono=K516,2026-08-26T18:26:42+00:00
111-2-AM-K558-D-1-,111,2,理學院,AM,應用數學系,K558,D,博士班,1,,計算生物數學專題(三),3,選,30,1,,29,陳晴玉,,,,,,"5,6, 7",,,"[{""day"": 5, ""dayName"": ""星期五"", ""periods"": [""5"", ""6"", ""7""], ""raw"": ""5,6, 7""}]",,上課教室：理455室,https://course.nuk.edu.tw/QueryCourse/tcontent.asp?OpenYear=111&Helf=2&Sclass=AM&Cono=K558,2026-08-26T18:26:42+00:00
111-2-AM-K585-D-1-,111,2,理學院,AM,應用數學系,K585,D,博士班,1,,泛函分析專題(二),3,選,30,2,,28,施信宏,C02-452,,,"3,4",5,,,,"[{""day"": 3, ""dayName"": ""星期三"", ""periods"": [""3"", ""4""], ""raw"": ""3,4""}, {""day"": 4, ""dayName"": ""星期四"", ""periods"": [""5""], ""raw"": ""5""}]",,上課教室：理452室；碩、博士班合開。,https://course.nuk.edu.tw/QueryCourse/tcontent.asp?OpenYear=111&Helf=2&Sclass=AM&Cono=K585,2026-08-26T18:26:42+00:00
111-2-AM-K602-D-1-,111,2,理學院,AM,應用數學系,K602,D,博士班,1,,群試設計(二),3,選,30,3,,27,張惠蘭,C02-450,,,,,"5,6, 7",,,"[{""day"": 5, ""dayName"": ""星期五"", ""periods"": [""5"", ""6"", ""7""], ""raw"": ""5,6, 7""}]",,上課教室：理450室；碩、博士班合開。,https://course.nuk.edu.tw/QueryCourse/tcontent.asp?OpenYear=111&Helf=2&Sclass=AM&Cono=K602,2026-08-26T18:26:42+00:00
111-2-AM-F012-M-1-,111,2,理學院,AM,應用數學系,F012,M,碩士班,1,,書報討論(二),1,必,30,4,,26,梁育豪,C02-408,,,"6,7",,,,,"[{""day"": 3, ""dayName"": ""星期三"", ""periods"": [""6"", ""7""], ""raw"": ""6,7""}]",,上課教室:理408室,https://course.nuk.edu.tw/QueryCourse/tcontent.asp?OpenYear=111&Helf=2&Sclass=AM&Cono=F012,2026-08-26T18:26:42+00:00
111-2-AM-F504-M-1-,111,2,理學院,AM,應用數學系,F504,M,碩士班,1,,科學計算專題（四）,3,選,30,10,,20,曾昱豪,C02-450,,"10,11, 12",,,,,,"[{""day"": 2, ""dayName"": ""星期二"", ""periods"": [""10"", ""11"", ""12""], ""raw"": ""10,11, 12""}]",,大四、碩班合開；上課教室：理450室,https://course.nuk.edu.tw/QueryCourse/tcontent.asp?OpenYear=111&Helf=2&Sclass=AM&Cono=F504,2026-08-26T18:26:42+00:00
111-2-AM-F521-M-1-,111,2,理學院,AM,應用數學系,F521,M,碩士班,1,,科學計算導論,3,選,30,19,,11,曾昱豪,C02-450,,"2,3, 4",,,,,,"[{""day"": 2, ""dayName"": ""星期二"", ""periods"": [""2"", ""3"", ""4""], ""raw"": ""2,3, 4""}]",,大四、碩班合開；上課教室：理450室,https://course.nuk.edu.tw/QueryCourse/tcontent.asp?OpenYear=111&Helf=2&Sclass=AM&Cono=F521,2026-08-26T18:26:42+00:00
111-2-AM-F525-M-1-,111,2,理學院,AM,應用數學系,F525,M,碩士班,1,,Python程式設計,3,選,60,48,,12,楊洪鼎,C02-B101,,"2,3, 4",,,,,,"[{""day"": 2, ""dayName"": ""星期二"", ""periods"": [""2"", ""3"", ""4""], ""raw"": ""2,3, 4""}]",學程,大四、碩班合開；上課教室：理B101室,https://course.nuk.edu.tw/QueryCourse/tcontent.asp?OpenYear=111&Helf=2&Sclass=AM&Cono=F525,2026-08-26T18:26:42+00:00
111-2-AM-F613-M-1-,111,2,理學院,AM,應用數學系,F613,M,碩士班,1,,訊號處理,3,選,42,38,,4,林英杰,C02-408,,,"2,3, 4",,,,,"[{""day"": 3, ""dayName"": ""星期三"", ""periods"": [""2"", ""3"", ""4""], ""raw"": ""2,3, 4""}]",學程,大四、碩班合開；上課教室：理408室,https://course.nuk.edu.tw/QueryCourse/tcontent.asp?OpenYear=111&Helf=2&Sclass=AM&Cono=F613,2026-08-26T18:26:42+00:00
111-2-AM-F65B-M-1-,111,2,理學院,AM,應用數學系,F65B,M,碩士班,1,,最佳化理論與方法(二),3,選,30,17,,13,劉青松,C02-450,,,,"2,3, 4",,,,"[{""day"": 4, ""dayName"": ""星期四"", ""periods"": [""2"", ""3"", ""4""], ""raw"": ""2,3, 4""}]",學程,大四、碩班合開；上課教室：理450室,https://course.nuk.edu.tw/QueryCourse/tcontent.asp?OpenYear=111&Helf=2&Sclass=AM&Cono=F65B,2026-08-26T18:26:42+00:00
111-2-AM-F66C-M-1-,111,2,理學院,AM,應用數學系,F66C,M,碩士班,1,,進階偏微分方程數值方法,3,選,30,5,,25,曾昱豪,C02-450,,,"2,3, 4",,,,,"[{""day"": 3, ""dayName"": ""星期三"", ""periods"": [""2"", ""3"", ""4""], ""raw"": ""2,3, 4""}]",,大四、碩班合開；上課教室：理450室,https://course.nuk.edu.tw/QueryCourse/tcontent.asp?OpenYear=111&Helf=2&Sclass=AM&Cono=F66C,2026-08-26T18:26:42+00:00
111-2-AM-F775-M-1-,111,2,理學院,AM,應用數學系,F775,M,碩士班,1,,動態系統導論,3,選,31,14,,17,張志鴻,C02-450,"5,6, 7",,,,,,,"[{""day"": 1, ""dayName"": ""星期一"", ""periods"": [""5"", ""6"", ""7""], ""raw"": ""5,6, 7""}]",,大四、碩班合開；上課教室：理450室,https://course.nuk.edu.tw/QueryCourse/tcontent.asp?OpenYear=111&Helf=2&Sclass=AM&Cono=F775,2026-08-26T18:26:42+00:00
111-2-AM-K516-M-1-,111,2,理學院,AM,應用數學系,K516,M,碩士班,1,,橢圓偏微分方程及應用(二),3,選,30,3,,27,吳宗芳,C02-452,,,,,"5,6, 7",,,"[{""day"": 5, ""dayName"": ""星期五"", ""periods"": [""5"", ""6"", ""7""], ""raw"": ""5,6, 7""}]",,上課教室：理452室；碩、博士班合開。,https://course.nuk.edu.tw/QueryCourse/tcontent.asp?OpenYear=111&Helf=2&Sclass=AM&Cono=K516,2026-08-26T18:26:42+00:00
111-2-AM-K585-M-1-,111,2,理學院,AM,應用數學系,K585,M,碩士班,1,,泛函分析專題(二),3,選,30,2,,28,施信宏,C02-452,,,"3,4",5,,,,"[{""day"": 3, ""dayName"": ""星期三"", ""periods"": [""3"", ""4""], ""raw"": ""3,4""}, {""day"": 4, ""dayName"": ""星期四"", ""periods"": [""5""], ""raw"": ""5""}]",,上課教室：理452室；碩、博士班合開。,https://course.nuk.edu.tw/QueryCourse/tcontent.asp?OpenYear=111&Helf=2&Sclass=AM&Cono=K585,2026-08-26T18:26:42+00:00
111-2-AM-K602-M-1-,111,2,理學院,AM,應用數學系,K602,M,碩士班,1,,群試設計(二),3,選,30,3,,27,張惠蘭,C02-450,,,,,"5,6, 7",,,"[{""day"": 5, ""dayName"": ""星期五"", ""periods"": [""5"", ""6"", ""7""], ""raw"": ""5,6, 7""}]",,上課教室：理450室；碩、博士班合開。,https://course.nuk.edu.tw/QueryCourse/tcontent.asp?OpenYear=111&Helf=2&Sclass=AM&Cono=K602,2026-08-26T18:26:42+00:00
111-2-AP-A01B-A-1-A,111,2,理學院,AP,應用物理學系,A01B,A,大學部,1,A,微積分(二),3,必,70,69,,1,陳晴玉,C02-406,,,"2,3, 4",,,,,"[{""day"": 3, ""dayName"": ""星期三"", ""periods"": [""2"", ""3"", ""4""], ""raw"": ""2,3, 4""}]",,,https://course.nuk.edu.tw/QueryCourse/tcontent.asp?OpenYear=111&Helf=2&Sclass=AP&Cono=A01B,2026-08-26T18:26:42+00:00
111-2-AP-A03B-A-1-A,111,2,理學院,AP,應用物理學系,A03B,A,大學部,1,A,普通物理學（二）,3,必,80,70,,10,謝振豪,C02-105,,"5,6, 7",,,,,,"[{""day"": 2, ""dayName"": ""星期二"", ""periods"": [""5"", ""6"", ""7""], ""raw"": ""5,6, 7""}]",學程,請安排大教室,https://course.nuk.edu.tw/QueryCourse/tcontent.asp?OpenYear=111&Helf=2&Sclass=AP&Cono=A03B,2026-08-26T18:26:42+00:00
111-2-AP-A041-A-1-A,111,2,理學院,AP,應用物理學系,A041,A,大學部,1,A,普通物理實驗(二)A,1,必,30,27,,3,謝振豪,C02-3004,,,,,"2,3, 4",,,"[{""day"": 5, ""dayName"": ""星期五"", ""periods"": [""2"", ""3"", ""4""], ""raw"": ""2,3, 4""}]",,限本系雙號學生選課,https://course.nuk.edu.tw/QueryCourse/tcontent.asp?OpenYear=111&Helf=2&Sclass=AP&Cono=A041,2026-08-26T18:26:42+00:00
111-2-AP-A042-A-1-A,111,2,理學院,AP,應用物理學系,A042,A,大學部,1,A,普通物理實驗(二)B,1,必,30,28,,2,謝振豪,C02-3004,,,,,"5,6, 7",,,"[{""day"": 5, ""dayName"": ""星期五"", ""periods"": [""5"", ""6"", ""7""], ""raw"": ""5,6, 7""}]",,限本系單號學生選課,https://course.nuk.edu.tw/QueryCourse/tcontent.asp?OpenYear=111&Helf=2&Sclass=AP&Cono=A042,2026-08-26T18:26:42+00:00
111-2-AP-A05B-A-1-A,111,2,理學院,AP,應用物理學系,A05B,A,大學部,1,A,普通化學（二）,3,必,66,66,,0,郭文章,C02-406,,,,"5,6, 7",,,,"[{""day"": 4, ""dayName"": ""星期四"", ""periods"": [""5"", ""6"", ""7""], ""raw"": ""5,6, 7""}]",外加,,https://course.nuk.edu.tw/QueryCourse/tcontent.asp?OpenYear=111&Helf=2&Sclass=AP&Cono=A05B,2026-08-26T18:26:42+00:00
111-2-AP-A06B-A-1-A,111,2,理學院,AP,應用物理學系,A06B,A,大學部,1,A,普通化學實驗(二),1,必,60,60,,0,莊琇惠,C02-203,,,,"2,3, 4",,,,"[{""day"": 4, ""dayName"": ""星期四"", ""periods"": [""2"", ""3"", ""4""], ""raw"": ""2,3, 4""}]",,,https://course.nuk.edu.tw/QueryCourse/tcontent.asp?OpenYear=111&Helf=2&Sclass=AP&Cono=A06B,2026-08-26T18:26:42+00:00
111-2-AP-A161-A-1-A,111,2,理學院,AP,應用物理學系,A161,A,大學部,1,A,工程數學(一),3,必,65,65,,0,廖英彥,C02-107,,"2,3, 4",,,,,,"[{""day"": 2, ""dayName"": ""星期二"", ""periods"": [""2"", ""3"", ""4""], ""raw"": ""2,3, 4""}]",,,https://course.nuk.edu.tw/QueryCourse/tcontent.asp?OpenYear=111&Helf=2&Sclass=AP&Cono=A161,2026-08-26T18:26:42+00:00
111-2-AP-B03B-A-2-A,111,2,理學院,AP,應用物理學系,B03B,A,大學部,2,A,電磁學(二),3,必,60,47,,13,孫士傑,C02-107,"2,3, 4",,,,,,,"[{""day"": 1, ""dayName"": ""星期一"", ""periods"": [""2"", ""3"", ""4""], ""raw"": ""2,3, 4""}]",,請安排大教室,https://course.nuk.edu.tw/QueryCourse/tcontent.asp?OpenYear=111&Helf=2&Sclass=AP&Cono=B03B,2026-08-26T18:26:42+00:00
111-2-AP-B051-A-2-A,111,2,理學院,AP,應用物理學系,B051,A,大學部,2,A,近代物理實驗,2,必,60,52,,8,余進忠,C02-3005,,,,"2,3, 4",,,,"[{""day"": 4, ""dayName"": ""星期四"", ""periods"": [""2"", ""3"", ""4""], ""raw"": ""2,3, 4""}]",,,https://course.nuk.edu.tw/QueryCourse/tcontent.asp?OpenYear=111&Helf=2&Sclass=AP&Cono=B051,2026-08-26T18:26:42+00:00
111-2-AP-B061-A-2-A,111,2,理學院,AP,應用物理學系,B061,A,大學部,2,A,近代物理導論,3,選,60,49,,11,蔡進譯,C02-105,"5,6, 7",,,,,,,"[{""day"": 1, ""dayName"": ""星期一"", ""periods"": [""5"", ""6"", ""7""], ""raw"": ""5,6, 7""}]",,本課程已改為『必選』，請100級(含)以後本系的學生一定要選修本課程，以免影響畢業資格。,https://course.nuk.edu.tw/QueryCourse/tcontent.asp?OpenYear=111&Helf=2&Sclass=AP&Cono=B061,2026-08-26T18:26:42+00:00
111-2-AP-B101-A-2-A,111,2,理學院,AP,應用物理學系,B101,A,大學部,2,A,物理數學,3,選,60,51,,9,邱昭文,C02-107,,,"2,3, 4",,,,,"[{""day"": 3, ""dayName"": ""星期三"", ""periods"": [""2"", ""3"", ""4""], ""raw"": ""2,3, 4""}]",,本課程已改為『必選』，請105級(含)以後本系的學生一定要選修本課程，以免影響畢業資格。,https://course.nuk.edu.tw/QueryCourse/tcontent.asp?OpenYear=111&Helf=2&Sclass=AP&Cono=B101,2026-08-26T18:26:42+00:00
111-2-AP-B121-A-2-A,111,2,理學院,AP,應用物理學系,B121,A,大學部,2,A,光電導論,3,選,61,40,,21,馮世維,C02-102,,,,"5,6, 7",,,,"[{""day"": 4, ""dayName"": ""星期四"", ""periods"": [""5"", ""6"", ""7""], ""raw"": ""5,6, 7""}]",,,https://course.nuk.edu.tw/QueryCourse/tcontent.asp?OpenYear=111&Helf=2&Sclass=AP&Cono=B121,2026-08-26T18:26:42+00:00
111-2-AP-B53B-A-2-A,111,2,理學院,AP,應用物理學系,B53B,A,大學部,2,A,電路學(二),3,選,60,47,,13,邱昭文,C02-107,,,,,"2,3, 4",,,"[{""day"": 5, ""dayName"": ""星期五"", ""periods"": [""2"", ""3"", ""4""], ""raw"": ""2,3, 4""}]",,,https://course.nuk.edu.tw/QueryCourse/tcontent.asp?OpenYear=111&Helf=2&Sclass=AP&Cono=B53B,2026-08-26T18:26:42+00:00
111-2-AP-B58B-A-2-A,111,2,理學院,AP,應用物理學系,B58B,A,大學部,2,A,理論力學(二),3,選,60,21,,39,邱昭文,C02-107,,"5,6, 7",,,,,,"[{""day"": 2, ""dayName"": ""星期二"", ""periods"": [""5"", ""6"", ""7""], ""raw"": ""5,6, 7""}]",,,https://course.nuk.edu.tw/QueryCourse/tcontent.asp?OpenYear=111&Helf=2&Sclass=AP&Cono=B58B,2026-08-26T18:26:42+00:00
111-2-AP-C011-A-3-A,111,2,理學院,AP,應用物理學系,C011,A,大學部,3,A,奈米光電專題實作(一),1,必,30,14,,16,廖英彥,C02-30022,1,1,1,,,,,"[{""day"": 1, ""dayName"": ""星期一"", ""periods"": [""1""], ""raw"": ""1""}, {""day"": 2, ""dayName"": ""星期二"", ""periods"": [""1""], ""raw"": ""1""}, {""day"": 3, ""dayName"": ""星期三"", ""periods"": [""1""], ""raw"": ""1""}]",,本課程為『必修』且需在周三下午第6~7節課聽演講，請109學年度(含)以後本系的大學部學生一定要選修本課程，以免影響畢業資格。本課程與「固態材料專題實作(一)」擇一修課即可。,https://course.nuk.edu.tw/QueryCourse/tcontent.asp?OpenYear=111&Helf=2&Sclass=AP&Cono=C011,2026-08-26T18:26:42+00:00
111-2-AP-C012-A-3-A,111,2,理學院,AP,應用物理學系,C012,A,大學部,3,A,固態材料專題實作(一),1,必,30,26,,4,廖英彥,C02-30022,,10,,1,1,,,"[{""day"": 2, ""dayName"": ""星期二"", ""periods"": [""10""], ""raw"": ""10""}, {""day"": 4, ""dayName"": ""星期四"", ""periods"": [""1""], ""raw"": ""1""}, {""day"": 5, ""dayName"": ""星期五"", ""periods"": [""1""], ""raw"": ""1""}]",,本課程為『必修』且需在周三下午第6~7節課聽演講，請109學年度(含)以後本系的大學部學生一定要選修本課程，以免影響畢業資格。本課程與「奈米光電專題實作(一)」擇一修課即可。,https://course.nuk.edu.tw/QueryCourse/tcontent.asp?OpenYear=111&Helf=2&Sclass=AP&Cono=C012,2026-08-26T18:26:42+00:00
111-2-AP-C02B-A-3-A,111,2,理學院,AP,應用物理學系,C02B,A,大學部,3,A,量子物理(二),3,必,60,40,,20,胡裕民,C02-104,,"2,3, 4",,,,,,"[{""day"": 2, ""dayName"": ""星期二"", ""periods"": [""2"", ""3"", ""4""], ""raw"": ""2,3, 4""}]",,,https://course.nuk.edu.tw/QueryCourse/tcontent.asp?OpenYear=111&Helf=2&Sclass=AP&Cono=C02B,2026-08-26T18:26:42+00:00
111-2-AP-C60B-A-3-A,111,2,理學院,AP,應用物理學系,C60B,A,大學部,3,A,光學(二),3,選,60,16,,44,謝振豪,C02-107,"5,6, 7",,,,,,,"[{""day"": 1, ""dayName"": ""星期一"", ""periods"": [""5"", ""6"", ""7""], ""raw"": ""5,6, 7""}]",學程,,https://course.nuk.edu.tw/QueryCourse/tcontent.asp?OpenYear=111&Helf=2&Sclass=AP&Cono=C60B,2026-08-26T18:26:42+00:00
111-2-AP-C682-A-3-A,111,2,理學院,AP,應用物理學系,C682,A,大學部,3,A,應用電子學(二),3,選,60,35,,25,蔡進譯,C02-104,"2,3, 4",,,,,,,"[{""day"": 1, ""dayName"": ""星期一"", ""periods"": [""2"", ""3"", ""4""], ""raw"": ""2,3, 4""}]",,,https://course.nuk.edu.tw/QueryCourse/tcontent.asp?OpenYear=111&Helf=2&Sclass=AP&Cono=C682,2026-08-26T18:26:42+00:00
111-2-AP-C68B-A-3-A,111,2,理學院,AP,應用物理學系,C68B,A,大學部,3,A,應用電子學實驗(二),2,選,60,4,,56,謝振豪,C02-3006,,,"2,3, 4",,,,,"[{""day"": 3, ""dayName"": ""星期三"", ""periods"": [""2"", ""3"", ""4""], ""raw"": ""2,3, 4""}]",,,https://course.nuk.edu.tw/QueryCourse/tcontent.asp?OpenYear=111&Helf=2&Sclass=AP&Cono=C68B,2026-08-26T18:26:42+00:00
111-2-AP-F80B-A-3-A,111,2,理學院,AP,應用物理學系,F80B,A,大學部,3,A,科技英文(二),3,選,60,55,,5,蔡進譯,C02-105,"8,9, 10",,,,,,,"[{""day"": 1, ""dayName"": ""星期一"", ""periods"": [""8"", ""9"", ""10""], ""raw"": ""8,9, 10""}]",,本課程與大四合開。,https://course.nuk.edu.tw/QueryCourse/tcontent.asp?OpenYear=111&Helf=2&Sclass=AP&Cono=F80B,2026-08-26T18:26:42+00:00
111-2-AP-F511-A-4-A,111,2,理學院,AP,應用物理學系,F511,A,大學部,4,A,薄膜物理,3,選,60,10,,50,余進忠,C02-521,,,"8,9, 10",,,,,"[{""day"": 3, ""dayName"": ""星期三"", ""periods"": [""8"", ""9"", ""10""], ""raw"": ""8,9, 10""}]",,本課程與碩一合開。,https://course.nuk.edu.tw/QueryCourse/tcontent.asp?OpenYear=111&Helf=2&Sclass=AP&Cono=F511,2026-08-26T18:26:42+00:00
111-2-AP-F59B-A-4-A,111,2,理學院,AP,應用物理學系,F59B,A,大學部,4,A,半導體元件與物理(二),3,選,60,11,,49,孫士傑,C02-30022,,"2,3, 4",,,,,,"[{""day"": 2, ""dayName"": ""星期二"", ""periods"": [""2"", ""3"", ""4""], ""raw"": ""2,3, 4""}]",學程,本課程與碩一合開。,https://course.nuk.edu.tw/QueryCourse/tcontent.asp?OpenYear=111&Helf=2&Sclass=AP&Cono=F59B,2026-08-26T18:26:42+00:00
111-2-AP-F631-A-4-A,111,2,理學院,AP,應用物理學系,F631,A,大學部,4,A,磁性薄膜材料與元件,3,選,60,7,,53,胡裕民,C02-521,,,"2,3, 4",,,,,"[{""day"": 3, ""dayName"": ""星期三"", ""periods"": [""2"", ""3"", ""4""], ""raw"": ""2,3, 4""}]",,本課程與碩一合開。,https://course.nuk.edu.tw/QueryCourse/tcontent.asp?OpenYear=111&Helf=2&Sclass=AP&Cono=F631,2026-08-26T18:26:42+00:00
111-2-AP-F66B-A-4-A,111,2,理學院,AP,應用物理學系,F66B,A,大學部,4,A,固態物理(二),3,選,60,11,,49,孫士傑,C02-106,,,,"2,3, 4",,,,"[{""day"": 4, ""dayName"": ""星期四"", ""periods"": [""2"", ""3"", ""4""], ""raw"": ""2,3, 4""}]",學程,本課程與碩一合開。,https://course.nuk.edu.tw/QueryCourse/tcontent.asp?OpenYear=111&Helf=2&Sclass=AP&Cono=F66B,2026-08-26T18:26:42+00:00
111-2-AP-F67B-A-4-A,111,2,理學院,AP,應用物理學系,F67B,A,大學部,4,A,量子力學(二),3,選,61,35,,26,廖英彥,C02-107,,,,"5,6, 7",,,,"[{""day"": 4, ""dayName"": ""星期四"", ""periods"": [""5"", ""6"", ""7""], ""raw"": ""5,6, 7""}]",,本課程與碩一合開。,https://course.nuk.edu.tw/QueryCourse/tcontent.asp?OpenYear=111&Helf=2&Sclass=AP&Cono=F67B,2026-08-26T18:26:42+00:00
111-2-AP-F80B-A-4-A,111,2,理學院,AP,應用物理學系,F80B,A,大學部,4,A,科技英文(二),3,選,60,55,,5,蔡進譯,C02-105,"8,9, 10",,,,,,,"[{""day"": 1, ""dayName"": ""星期一"", ""periods"": [""8"", ""9"", ""10""], ""raw"": ""8,9, 10""}]",,本課程與碩一合開。,https://course.nuk.edu.tw/QueryCourse/tcontent.asp?OpenYear=111&Helf=2&Sclass=AP&Cono=F80B,2026-08-26T18:26:42+00:00
111-2-AP-F02B-M-1-,111,2,理學院,AP,應用物理學系,F02B,M,碩士班,1,,書報討論(二),0,必,30,3,,27,孫士傑,C02-30022,,,"6,7",,,,,"[{""day"": 3, ""dayName"": ""星期三"", ""periods"": [""6"", ""7""], ""raw"": ""6,7""}]",,,https://course.nuk.edu.tw/QueryCourse/tcontent.asp?OpenYear=111&Helf=2&Sclass=AP&Cono=F02B,2026-08-26T18:26:42+00:00
111-2-AP-F511-M-1-,111,2,理學院,AP,應用物理學系,F511,M,碩士班,1,,薄膜物理,3,選,60,10,,50,余進忠,C02-521,,,"8,9, 10",,,,,"[{""day"": 3, ""dayName"": ""星期三"", ""periods"": [""8"", ""9"", ""10""], ""raw"": ""8,9, 10""}]",,本課程與大四合開。,https://course.nuk.edu.tw/QueryCourse/tcontent.asp?OpenYear=111&Helf=2&Sclass=AP&Cono=F511,2026-08-26T18:26:42+00:00
111-2-AP-F59B-M-1-,111,2,理學院,AP,應用物理學系,F59B,M,碩士班,1,,半導體元件與物理(二),3,選,60,11,,49,孫士傑,C02-30022,,"2,3, 4",,,,,,"[{""day"": 2, ""dayName"": ""星期二"", ""periods"": [""2"", ""3"", ""4""], ""raw"": ""2,3, 4""}]",學程,本課程與大四合開。,https://course.nuk.edu.tw/QueryCourse/tcontent.asp?OpenYear=111&Helf=2&Sclass=AP&Cono=F59B,2026-08-26T18:26:42+00:00
111-2-AP-F631-M-1-,111,2,理學院,AP,應用物理學系,F631,M,碩士班,1,,磁性薄膜材料與元件,3,選,60,7,,53,胡裕民,C02-521,,,"2,3, 4",,,,,"[{""day"": 3, ""dayName"": ""星期三"", ""periods"": [""2"", ""3"", ""4""], ""raw"": ""2,3, 4""}]",,本課程與大四合開。,https://course.nuk.edu.tw/QueryCourse/tcontent.asp?OpenYear=111&Helf=2&Sclass=AP&Cono=F631,2026-08-26T18:26:42+00:00
111-2-AP-F66B-M-1-,111,2,理學院,AP,應用物理學系,F66B,M,碩士班,1,,固態物理(二),3,選,60,11,,49,孫士傑,C02-106,,,,"2,3, 4",,,,"[{""day"": 4, ""dayName"": ""星期四"", ""periods"": [""2"", ""3"", ""4""], ""raw"": ""2,3, 4""}]",學程,本課程與大四合開。,https://course.nuk.edu.tw/QueryCourse/tcontent.asp?OpenYear=111&Helf=2&Sclass=AP&Cono=F66B,2026-08-26T18:26:42+00:00
111-2-AP-F67B-M-1-,111,2,理學院,AP,應用物理學系,F67B,M,碩士班,1,,量子力學(二),3,選,61,35,,26,廖英彥,C02-107,,,,"5,6, 7",,,,"[{""day"": 4, ""dayName"": ""星期四"", ""periods"": [""5"", ""6"", ""7""], ""raw"": ""5,6, 7""}]",,本課程與大四合開。,https://course.nuk.edu.tw/QueryCourse/tcontent.asp?OpenYear=111&Helf=2&Sclass=AP&Cono=F67B,2026-08-26T18:26:42+00:00
111-2-AP-F702-M-1-,111,2,理學院,AP,應用物理學系,F702,M,碩士班,1,,專題研究(二),1,選,30,3,,27,馮世維,C02-521,,,,,"8,9, 10",,,"[{""day"": 5, ""dayName"": ""星期五"", ""periods"": [""8"", ""9"", ""10""], ""raw"": ""8,9, 10""}]",,"本課程已改為必選,請102學年度(含)以後本系的碩士班學生一定要選修本課程,以免影響畢業資格",https://course.nuk.edu.tw/QueryCourse/tcontent.asp?OpenYear=111&Helf=2&Sclass=AP&Cono=F702,2026-08-26T18:26:42+00:00
111-2-AP-F80B-M-1-,111,2,理學院,AP,應用物理學系,F80B,M,碩士班,1,,科技英文(二),3,選,60,55,,5,蔡進譯,C02-105,"8,9, 10",,,,,,,"[{""day"": 1, ""dayName"": ""星期一"", ""periods"": [""8"", ""9"", ""10""], ""raw"": ""8,9, 10""}]",,本課程與大四合開。,https://course.nuk.edu.tw/QueryCourse/tcontent.asp?OpenYear=111&Helf=2&Sclass=AP&Cono=F80B,2026-08-26T18:26:42+00:00
111-2-AP-G002-M-2-,111,2,理學院,AP,應用物理學系,G002,M,碩士班,2,,書報討論(四),0,必,30,5,,25,廖英彥,C02-30022,,,"6,7",,,,,"[{""day"": 3, ""dayName"": ""星期三"", ""periods"": [""6"", ""7""], ""raw"": ""6,7""}]",,,https://course.nuk.edu.tw/QueryCourse/tcontent.asp?OpenYear=111&Helf=2&Sclass=AP&Cono=G002,2026-08-26T18:26:42+00:00
111-2-LS-A01B-A-1-A,111,2,理學院,LS,生命科學系,A01B,A,大學部,1,A,普通生物學(二),3,必,61,59,,2,施能朗,C02-102,,,,"2,3, 4",,,,"[{""day"": 4, ""dayName"": ""星期四"", ""periods"": [""2"", ""3"", ""4""], ""raw"": ""2,3, 4""}]",,,https://course.nuk.edu.tw/QueryCourse/tcontent.asp?OpenYear=111&Helf=2&Sclass=LS&Cono=A01B,2026-08-26T18:26:42+00:00
111-2-LS-A02B-A-1-A,111,2,理學院,LS,生命科學系,A02B,A,大學部,1,A,普通生物學實驗(二),1,必,30,29,,1,王俊順,C02-202,,,,"5,6, 7",,,,"[{""day"": 4, ""dayName"": ""星期四"", ""periods"": [""5"", ""6"", ""7""], ""raw"": ""5,6, 7""}]",,使用C02-202實驗室、本系一年級雙號學生,https://course.nuk.edu.tw/QueryCourse/tcontent.asp?OpenYear=111&Helf=2&Sclass=LS&Cono=A02B,2026-08-26T18:26:42+00:00
111-2-LS-A03B-A-1-A,111,2,理學院,LS,生命科學系,A03B,A,大學部,1,A,普通生物學實驗(二),1,必,31,26,,5,黃永森,C02-202,,,,,"2,3, 4",,,"[{""day"": 5, ""dayName"": ""星期五"", ""periods"": [""2"", ""3"", ""4""], ""raw"": ""2,3, 4""}]",,使用C02-202實驗室、本系一年級單號學生,https://course.nuk.edu.tw/QueryCourse/tcontent.asp?OpenYear=111&Helf=2&Sclass=LS&Cono=A03B,2026-08-26T18:26:42+00:00
111-2-LS-A041-A-1-A,111,2,理學院,LS,生命科學系,A041,A,大學部,1,A,生命科學概論,3,必,60,58,,2,黃重期,C02-101,,"5,6, 7",,,,,,"[{""day"": 2, ""dayName"": ""星期二"", ""periods"": [""5"", ""6"", ""7""], ""raw"": ""5,6, 7""}]",學程,,https://course.nuk.edu.tw/QueryCourse/tcontent.asp?OpenYear=111&Helf=2&Sclass=LS&Cono=A041,2026-08-26T18:26:42+00:00
111-2-LS-A07B-A-1-A,111,2,理學院,LS,生命科學系,A07B,A,大學部,1,A,普通化學(二),3,必,61,61,,0,蔡振章,C02-102,"2,3, 4",,,,,,,"[{""day"": 1, ""dayName"": ""星期一"", ""periods"": [""2"", ""3"", ""4""], ""raw"": ""2,3, 4""}]",,,https://course.nuk.edu.tw/QueryCourse/tcontent.asp?OpenYear=111&Helf=2&Sclass=LS&Cono=A07B,2026-08-26T18:26:42+00:00
111-2-LS-A502-A-1-A,111,2,理學院,LS,生命科學系,A502,A,大學部,1,A,生物科學製圖,2,選,60,58,,2,黃重期,L01-108,"9,10",,,,,,,"[{""day"": 1, ""dayName"": ""星期一"", ""periods"": [""9"", ""10""], ""raw"": ""9,10""}]",,,https://course.nuk.edu.tw/QueryCourse/tcontent.asp?OpenYear=111&Helf=2&Sclass=LS&Cono=A502,2026-08-26T18:26:42+00:00
111-2-LS-B582-A-1-A,111,2,理學院,LS,生命科學系,B582,A,大學部,1,A,無脊椎動物學,3,選,60,42,,18,溫秋明,C02-102,,"2,3, 4",,,,,,"[{""day"": 2, ""dayName"": ""星期二"", ""periods"": [""2"", ""3"", ""4""], ""raw"": ""2,3, 4""}]",,,https://course.nuk.edu.tw/QueryCourse/tcontent.asp?OpenYear=111&Helf=2&Sclass=LS&Cono=B582,2026-08-26T18:26:42+00:00
111-2-LS-B121-A-2-A,111,2,理學院,LS,生命科學系,B121,A,大學部,2,A,細胞生物學,3,必,60,57,,3,陳彥澄,C02-102,,,"2,3, 4",,,,,"[{""day"": 3, ""dayName"": ""星期三"", ""periods"": [""2"", ""3"", ""4""], ""raw"": ""2,3, 4""}]",學程,,https://course.nuk.edu.tw/QueryCourse/tcontent.asp?OpenYear=111&Helf=2&Sclass=LS&Cono=B121,2026-08-26T18:26:42+00:00
111-2-LS-B531-A-2-A,111,2,理學院,LS,生命科學系,B531,A,大學部,2,A,比較解剖學,3,選,60,43,,17,施能朗,C02-102,,,,,"2,3, 4",,,"[{""day"": 5, ""dayName"": ""星期五"", ""periods"": [""2"", ""3"", ""4""], ""raw"": ""2,3, 4""}]",,,https://course.nuk.edu.tw/QueryCourse/tcontent.asp?OpenYear=111&Helf=2&Sclass=LS&Cono=B531,2026-08-26T18:26:42+00:00
111-2-LS-B671-A-2-A,111,2,理學院,LS,生命科學系,B671,A,大學部,2,A,動物組織學及實驗,4,選,60,22,,38,溫秋明,C02-101,"3,4",,,,"5,6",,,"[{""day"": 1, ""dayName"": ""星期一"", ""periods"": [""3"", ""4""], ""raw"": ""3,4""}, {""day"": 5, ""dayName"": ""星期五"", ""periods"": [""5"", ""6""], ""raw"": ""5,6""}]",學程,,https://course.nuk.edu.tw/QueryCourse/tcontent.asp?OpenYear=111&Helf=2&Sclass=LS&Cono=B671,2026-08-26T18:26:42+00:00
111-2-LS-C01A-A-2-A,111,2,理學院,LS,生命科學系,C01A,A,大學部,2,A,生物化學(一),3,必,61,50,,11,葛孟杰,C02-102,,"5,6, 7",,,,,,"[{""day"": 2, ""dayName"": ""星期二"", ""periods"": [""5"", ""6"", ""7""], ""raw"": ""5,6, 7""}]",學程,,https://course.nuk.edu.tw/QueryCourse/tcontent.asp?OpenYear=111&Helf=2&Sclass=LS&Cono=C01A,2026-08-26T18:26:42+00:00
111-2-LS-C092-A-2-A,111,2,理學院,LS,生命科學系,C092,A,大學部,2,A,植物生理學,3,必,61,44,,17,侯玥如,C02-105,,,,"5,6, 7",,,,"[{""day"": 4, ""dayName"": ""星期四"", ""periods"": [""5"", ""6"", ""7""], ""raw"": ""5,6, 7""}]",學程,,https://course.nuk.edu.tw/QueryCourse/tcontent.asp?OpenYear=111&Helf=2&Sclass=LS&Cono=C092,2026-08-26T18:26:42+00:00
111-2-LS-C691-A-2-A,111,2,理學院,LS,生命科學系,C691,A,大學部,2,A,植物生理學實驗,1,選,60,19,,41,侯玥如,C02-201,,,,"2,3, 4",,,,"[{""day"": 4, ""dayName"": ""星期四"", ""periods"": [""2"", ""3"", ""4""], ""raw"": ""2,3, 4""}]",,使用C02-201實驗室,https://course.nuk.edu.tw/QueryCourse/tcontent.asp?OpenYear=111&Helf=2&Sclass=LS&Cono=C691,2026-08-26T18:26:42+00:00
111-2-LS-D561-A-2-A,111,2,理學院,LS,生命科學系,D561,A,大學部,2,A,生物統計學,3,必,60,49,,11,黃重期,C02-101,,"2,3, 4",,,,,,"[{""day"": 2, ""dayName"": ""星期二"", ""periods"": [""2"", ""3"", ""4""], ""raw"": ""2,3, 4""}]",,,https://course.nuk.edu.tw/QueryCourse/tcontent.asp?OpenYear=111&Helf=2&Sclass=LS&Cono=D561,2026-08-26T18:26:42+00:00
111-2-LS-D563-A-2-A,111,2,理學院,LS,生命科學系,D563,A,大學部,2,A,生物統計學實習,1,選,60,10,,50,黃重期,L01-108,,,,"2,3, 4",,,,"[{""day"": 4, ""dayName"": ""星期四"", ""periods"": [""2"", ""3"", ""4""], ""raw"": ""2,3, 4""}]",,,https://course.nuk.edu.tw/QueryCourse/tcontent.asp?OpenYear=111&Helf=2&Sclass=LS&Cono=D563,2026-08-26T18:26:42+00:00
111-2-LS-B621-A-3-A,111,2,理學院,LS,生命科學系,B621,A,大學部,3,A,天然物生物活性,3,選,60,27,,33,施能朗,C02-101,,,"2,3, 4",,,,,"[{""day"": 3, ""dayName"": ""星期三"", ""periods"": [""2"", ""3"", ""4""], ""raw"": ""2,3, 4""}]",,,https://course.nuk.edu.tw/QueryCourse/tcontent.asp?OpenYear=111&Helf=2&Sclass=LS&Cono=B621,2026-08-26T18:26:42+00:00
111-2-LS-B641-A-3-A,111,2,理學院,LS,生命科學系,B641,A,大學部,3,A,生物科技英文,3,選,60,14,,46,高佑靈,C02-101,,,"8,9, 10",,,,,"[{""day"": 3, ""dayName"": ""星期三"", ""periods"": [""8"", ""9"", ""10""], ""raw"": ""8,9, 10""}]",,,https://course.nuk.edu.tw/QueryCourse/tcontent.asp?OpenYear=111&Helf=2&Sclass=LS&Cono=B641,2026-08-26T18:26:42+00:00
111-2-LS-C02C-A-3-A,111,2,理學院,LS,生命科學系,C02C,A,大學部,3,A,生物化學實驗(二)(B),1,必,30,29,,1,葛孟杰,C02-202,,,,"2,3, 4",,,,"[{""day"": 4, ""dayName"": ""星期四"", ""periods"": [""2"", ""3"", ""4""], ""raw"": ""2,3, 4""}]",,使用C02-202實驗室,https://course.nuk.edu.tw/QueryCourse/tcontent.asp?OpenYear=111&Helf=2&Sclass=LS&Cono=C02C,2026-08-26T18:26:42+00:00
111-2-LS-C02D-A-3-A,111,2,理學院,LS,生命科學系,C02D,A,大學部,3,A,生物化學實驗(二)(A),1,必,34,16,,18,黃永森,C02-202,,,"5,6, 7",,,,,"[{""day"": 3, ""dayName"": ""星期三"", ""periods"": [""5"", ""6"", ""7""], ""raw"": ""5,6, 7""}]",,使用C02-202實驗室,https://course.nuk.edu.tw/QueryCourse/tcontent.asp?OpenYear=111&Helf=2&Sclass=LS&Cono=C02D,2026-08-26T18:26:42+00:00
111-2-LS-C071-A-3-A,111,2,理學院,LS,生命科學系,C071,A,大學部,3,A,分子生物學,3,必,65,49,,16,黃永森,C02-101,,,,"5,6, 7",,,,"[{""day"": 4, ""dayName"": ""星期四"", ""periods"": [""5"", ""6"", ""7""], ""raw"": ""5,6, 7""}]",,,https://course.nuk.edu.tw/QueryCourse/tcontent.asp?OpenYear=111&Helf=2&Sclass=LS&Cono=C071,2026-08-26T18:26:42+00:00
111-2-LS-C570-A-3-A,111,2,理學院,LS,生命科學系,C570,A,大學部,3,A,專題研究,3,選,30,28,,2,溫秋明 葛孟杰 高佑靈 黃永森 侯玥如 鄭竣亦 王俊順,,,,,,"10,11, 12",,,"[{""day"": 5, ""dayName"": ""星期五"", ""periods"": [""10"", ""11"", ""12""], ""raw"": ""10,11, 12""}]",,各老師實驗室,https://course.nuk.edu.tw/QueryCourse/tcontent.asp?OpenYear=111&Helf=2&Sclass=LS&Cono=C570,2026-08-26T18:26:42+00:00
111-2-LS-C574-A-3-A,111,2,理學院,LS,生命科學系,C574,A,大學部,3,A,天然物生合成路徑概論,2,選,60,15,,45,鄭竣亦 施能朗,C02-101,,,,"8,9",,,,"[{""day"": 4, ""dayName"": ""星期四"", ""periods"": [""8"", ""9""], ""raw"": ""8,9""}]",,,https://course.nuk.edu.tw/QueryCourse/tcontent.asp?OpenYear=111&Helf=2&Sclass=LS&Cono=C574,2026-08-26T18:26:42+00:00
111-2-LS-C731-A-3-A,111,2,理學院,LS,生命科學系,C731,A,大學部,3,A,免疫學,3,選,60,37,,23,王俊順,C02-103,,"5,6, 7",,,,,,"[{""day"": 2, ""dayName"": ""星期二"", ""periods"": [""5"", ""6"", ""7""], ""raw"": ""5,6, 7""}]",,,https://course.nuk.edu.tw/QueryCourse/tcontent.asp?OpenYear=111&Helf=2&Sclass=LS&Cono=C731,2026-08-26T18:26:42+00:00
111-2-LS-F621-A-3-A,111,2,理學院,LS,生命科學系,F621,A,大學部,3,A,科研英文口語訓練,2,選,30,21,,9,侯玥如,C02-104,,,,,"3,4",,,"[{""day"": 5, ""dayName"": ""星期五"", ""periods"": [""3"", ""4""], ""raw"": ""3,4""}]",,全英文授課，開放本系大三及大四選修,https://course.nuk.edu.tw/QueryCourse/tcontent.asp?OpenYear=111&Helf=2&Sclass=LS&Cono=F621,2026-08-26T18:26:42+00:00
111-2-LS-D011-A-4-A,111,2,理學院,LS,生命科學系,D011,A,大學部,4,A,書報討論(二),1,必,60,38,,22,黃重期 鄭竣亦,C02-102,,"10,11",,,,,,"[{""day"": 2, ""dayName"": ""星期二"", ""periods"": [""10"", ""11""], ""raw"": ""10,11""}]",,,https://course.nuk.edu.tw/QueryCourse/tcontent.asp?OpenYear=111&Helf=2&Sclass=LS&Cono=D011,2026-08-26T18:26:42+00:00
111-2-LS-D602-A-4-A,111,2,理學院,LS,生命科學系,D602,A,大學部,4,A,天然物結構鑑定,3,選,60,10,,50,鄭竣亦,C02-102,,,,,"5,6, 7",,,"[{""day"": 5, ""dayName"": ""星期五"", ""periods"": [""5"", ""6"", ""7""], ""raw"": ""5,6, 7""}]",學程,開放大三選修,https://course.nuk.edu.tw/QueryCourse/tcontent.asp?OpenYear=111&Helf=2&Sclass=LS&Cono=D602,2026-08-26T18:26:42+00:00
111-2-LS-D671-A-4-A,111,2,理學院,LS,生命科學系,D671,A,大學部,4,A,中國傳統醫學導論,3,選,60,35,,25,黃永森,C02-103,,"2,3, 4",,,,,,"[{""day"": 2, ""dayName"": ""星期二"", ""periods"": [""2"", ""3"", ""4""], ""raw"": ""2,3, 4""}]",,開放各學系大二以上選修，業師協同教學,https://course.nuk.edu.tw/QueryCourse/tcontent.asp?OpenYear=111&Helf=2&Sclass=LS&Cono=D671,2026-08-26T18:26:42+00:00
111-2-LS-F504-A-4-A,111,2,理學院,LS,生命科學系,F504,A,大學部,4,A,分子遺傳學與文獻導讀,2,選,30,27,,3,侯玥如,C02-107,,,"7,8",,,,,"[{""day"": 3, ""dayName"": ""星期三"", ""periods"": [""7"", ""8""], ""raw"": ""7,8""}]",,與碩士班合開，開放生科系大學部三、四年級,https://course.nuk.edu.tw/QueryCourse/tcontent.asp?OpenYear=111&Helf=2&Sclass=LS&Cono=F504,2026-08-26T18:26:42+00:00
111-2-LS-F514-A-4-A,111,2,理學院,LS,生命科學系,F514,A,大學部,4,A,藥用植物生物技術,3,選,30,18,,12,陳彥澄,C02-110,,,,"2,3, 4",,,,"[{""day"": 4, ""dayName"": ""星期四"", ""periods"": [""2"", ""3"", ""4""], ""raw"": ""2,3, 4""}]",學程,與碩士班合開，生技產業跨領域學程,https://course.nuk.edu.tw/QueryCourse/tcontent.asp?OpenYear=111&Helf=2&Sclass=LS&Cono=F514,2026-08-26T18:26:42+00:00
111-2-LS-F523-A-4-A,111,2,理學院,LS,生命科學系,F523,A,大學部,4,A,光譜學特論,3,選,30,9,,21,鄭竣亦,C02-110,,,,,"8,9, 10",,,"[{""day"": 5, ""dayName"": ""星期五"", ""periods"": [""8"", ""9"", ""10""], ""raw"": ""8,9, 10""}]",,與碩士班合開，開放大三及大四選修,https://course.nuk.edu.tw/QueryCourse/tcontent.asp?OpenYear=111&Helf=2&Sclass=LS&Cono=F523,2026-08-26T18:26:42+00:00
111-2-LS-F565-A-4-A,111,2,理學院,LS,生命科學系,F565,A,大學部,4,A,腫瘤生物學,3,選,30,14,,16,王俊順 高佑靈,C02-110,,,"2,3, 4",,,,,"[{""day"": 3, ""dayName"": ""星期三"", ""periods"": [""2"", ""3"", ""4""], ""raw"": ""2,3, 4""}]",,與碩士班合開，開放生科系大學部三、四年級,https://course.nuk.edu.tw/QueryCourse/tcontent.asp?OpenYear=111&Helf=2&Sclass=LS&Cono=F565,2026-08-26T18:26:42+00:00
111-2-LS-F572-A-4-A,111,2,理學院,LS,生命科學系,F572,A,大學部,4,A,動物細胞培養學特論及實驗,3,選,30,15,,15,溫秋明,C02-110,"5,6, 7",,,,,,,"[{""day"": 1, ""dayName"": ""星期一"", ""periods"": [""5"", ""6"", ""7""], ""raw"": ""5,6, 7""}]",,與碩士班合開，開放大三及大四選修,https://course.nuk.edu.tw/QueryCourse/tcontent.asp?OpenYear=111&Helf=2&Sclass=LS&Cono=F572,2026-08-26T18:26:42+00:00
111-2-LS-F621-A-4-A,111,2,理學院,LS,生命科學系,F621,A,大學部,4,A,科研英文口語訓練,2,選,30,21,,9,侯玥如,C02-104,,,,,"3,4",,,"[{""day"": 5, ""dayName"": ""星期五"", ""periods"": [""3"", ""4""], ""raw"": ""3,4""}]",,與碩士班合開，開放生科系大學部三、四年級,https://course.nuk.edu.tw/QueryCourse/tcontent.asp?OpenYear=111&Helf=2&Sclass=LS&Cono=F621,2026-08-26T18:26:42+00:00
111-2-LS-F00B-M-1-,111,2,理學院,LS,生命科學系,F00B,M,碩士班,1,,專題討論(二),1,必,30,8,,22,陳彥澄 王俊順 侯玥如,C02-101,,,"5,6",,,,,"[{""day"": 3, ""dayName"": ""星期三"", ""periods"": [""5"", ""6""], ""raw"": ""5,6""}]",,開放生科系大學部四年級選修,https://course.nuk.edu.tw/QueryCourse/tcontent.asp?OpenYear=111&Helf=2&Sclass=LS&Cono=F00B,2026-08-26T18:26:42+00:00
111-2-LS-F01B-M-1-,111,2,理學院,LS,生命科學系,F01B,M,碩士班,1,,專題研究(二),1,必,30,8,,22,黃永森 陳彥澄 林順富 侯玥如 鄭竣亦 葛孟杰,C02-101,,,"11,12",,,,,"[{""day"": 3, ""dayName"": ""星期三"", ""periods"": [""11"", ""12""], ""raw"": ""11,12""}]",,開放生科系大學部四年級選修,https://course.nuk.edu.tw/QueryCourse/tcontent.asp?OpenYear=111&Helf=2&Sclass=LS&Cono=F01B,2026-08-26T18:26:42+00:00
111-2-LS-F504-M-1-,111,2,理學院,LS,生命科學系,F504,M,碩士班,1,,分子遺傳學與文獻導讀,2,選,30,27,,3,侯玥如,C02-107,,,"7,8",,,,,"[{""day"": 3, ""dayName"": ""星期三"", ""periods"": [""7"", ""8""], ""raw"": ""7,8""}]",,開放本系大三及大四選修,https://course.nuk.edu.tw/QueryCourse/tcontent.asp?OpenYear=111&Helf=2&Sclass=LS&Cono=F504,2026-08-26T18:26:42+00:00
111-2-LS-F514-M-1-,111,2,理學院,LS,生命科學系,F514,M,碩士班,1,,藥用植物生物技術,3,選,30,18,,12,陳彥澄,C02-110,,,,"2,3, 4",,,,"[{""day"": 4, ""dayName"": ""星期四"", ""periods"": [""2"", ""3"", ""4""], ""raw"": ""2,3, 4""}]",學程,開放生科系大三、大四選修，生技產業跨領域學程,https://course.nuk.edu.tw/QueryCourse/tcontent.asp?OpenYear=111&Helf=2&Sclass=LS&Cono=F514,2026-08-26T18:26:42+00:00
111-2-LS-F523-M-1-,111,2,理學院,LS,生命科學系,F523,M,碩士班,1,,光譜學特論,3,選,30,9,,21,鄭竣亦,C02-110,,,,,"8,9, 10",,,"[{""day"": 5, ""dayName"": ""星期五"", ""periods"": [""8"", ""9"", ""10""], ""raw"": ""8,9, 10""}]",,開放生科系大三、大四選修,https://course.nuk.edu.tw/QueryCourse/tcontent.asp?OpenYear=111&Helf=2&Sclass=LS&Cono=F523,2026-08-26T18:26:42+00:00
111-2-LS-F565-M-1-,111,2,理學院,LS,生命科學系,F565,M,碩士班,1,,腫瘤生物學,3,選,30,14,,16,王俊順 高佑靈,C02-110,,,"2,3, 4",,,,,"[{""day"": 3, ""dayName"": ""星期三"", ""periods"": [""2"", ""3"", ""4""], ""raw"": ""2,3, 4""}]",,開放本系大三及大四選修,https://course.nuk.edu.tw/QueryCourse/tcontent.asp?OpenYear=111&Helf=2&Sclass=LS&Cono=F565,2026-08-26T18:26:42+00:00
111-2-LS-F572-M-1-,111,2,理學院,LS,生命科學系,F572,M,碩士班,1,,動物細胞培養學特論及實驗,3,選,30,15,,15,溫秋明,C02-110,"5,6, 7",,,,,,,"[{""day"": 1, ""dayName"": ""星期一"", ""periods"": [""5"", ""6"", ""7""], ""raw"": ""5,6, 7""}]",,開放本系大三及大四選修,https://course.nuk.edu.tw/QueryCourse/tcontent.asp?OpenYear=111&Helf=2&Sclass=LS&Cono=F572,2026-08-26T18:26:42+00:00
111-2-LS-F621-M-1-,111,2,理學院,LS,生命科學系,F621,M,碩士班,1,,科研英文口語訓練,2,選,30,21,,9,侯玥如,C02-104,,,,,"3,4",,,"[{""day"": 5, ""dayName"": ""星期五"", ""periods"": [""3"", ""4""], ""raw"": ""3,4""}]",,全英文授課，開放本系大三及大四選修,https://course.nuk.edu.tw/QueryCourse/tcontent.asp?OpenYear=111&Helf=2&Sclass=LS&Cono=F621,2026-08-26T18:26:42+00:00
111-2-LS-F900-M-1-,111,2,理學院,LS,生命科學系,F900,M,碩士班,1,,校外職場實習,3,選,1,1,,0,鄭竣亦,,"1,2, 3",,,,,,,"[{""day"": 1, ""dayName"": ""星期一"", ""periods"": [""1"", ""2"", ""3""], ""raw"": ""1,2, 3""}]",外加,實習時數240小時,https://course.nuk.edu.tw/QueryCourse/tcontent.asp?OpenYear=111&Helf=2&Sclass=LS&Cono=F900,2026-08-26T18:26:42+00:00
111-2-LS-G00D-M-2-,111,2,理學院,LS,生命科學系,G00D,M,碩士班,2,,專題討論(四),1,必,30,8,,22,陳彥澄 王俊順 侯玥如,C02-110,"8,9",,,,,,,"[{""day"": 1, ""dayName"": ""星期一"", ""periods"": [""8"", ""9""], ""raw"": ""8,9""}]",,,https://course.nuk.edu.tw/QueryCourse/tcontent.asp?OpenYear=111&Helf=2&Sclass=LS&Cono=G00D,2026-08-26T18:26:42+00:00
111-2-LS-G01D-M-2-,111,2,理學院,LS,生命科學系,G01D,M,碩士班,2,,專題研究(四),1,必,30,8,,22,黃永森 溫秋明 林順富 葛孟杰 鄭竣亦 王俊順,C02-110,,,,"10,11",,,,"[{""day"": 4, ""dayName"": ""星期四"", ""periods"": [""10"", ""11""], ""raw"": ""10,11""}]",,,https://course.nuk.edu.tw/QueryCourse/tcontent.asp?OpenYear=111&Helf=2&Sclass=LS&Cono=G01D,2026-08-26T18:26:42+00:00
111-2-ST-F01A-M-1-,111,2,理學院,ST,統計學研究所,F01A,M,碩士班,1,,書報討論(一),1,必,30,14,,16,楊洪鼎,C02-320,,,"7,8",,,,,"[{""day"": 3, ""dayName"": ""星期三"", ""periods"": [""7"", ""8""], ""raw"": ""7,8""}]",,上課2小時。,https://course.nuk.edu.tw/QueryCourse/tcontent.asp?OpenYear=111&Helf=2&Sclass=ST&Cono=F01A,2026-08-26T18:26:42+00:00
111-2-ST-F522-M-1-,111,2,理學院,ST,統計學研究所,F522,M,碩士班,1,,網絡分析,3,選,30,1,,29,郭錕霖,C02-309,,,,"5,6, 7",,,,"[{""day"": 4, ""dayName"": ""星期四"", ""periods"": [""5"", ""6"", ""7""], ""raw"": ""5,6, 7""}]",學程,應用數學系大三、大四學生亦可修。,https://course.nuk.edu.tw/QueryCourse/tcontent.asp?OpenYear=111&Helf=2&Sclass=ST&Cono=F522,2026-08-26T18:26:42+00:00
111-2-ST-F543-M-1-,111,2,理學院,ST,統計學研究所,F543,M,碩士班,1,,會計與金融,3,選,30,10,,20,俞淑惠,C02-320,,4,"3,4",,,,,"[{""day"": 2, ""dayName"": ""星期二"", ""periods"": [""4""], ""raw"": ""4""}, {""day"": 3, ""dayName"": ""星期三"", ""periods"": [""3"", ""4""], ""raw"": ""3,4""}]",學程,應用數學系大三、大四學生亦可修。,https://course.nuk.edu.tw/QueryCourse/tcontent.asp?OpenYear=111&Helf=2&Sclass=ST&Cono=F543,2026-08-26T18:26:42+00:00
111-2-ST-F561-M-1-,111,2,理學院,ST,統計學研究所,F561,M,碩士班,1,,實驗設計,3,選,30,4,,26,許湘伶,C02-320,,,,"3,4",7,,,"[{""day"": 4, ""dayName"": ""星期四"", ""periods"": [""3"", ""4""], ""raw"": ""3,4""}, {""day"": 5, ""dayName"": ""星期五"", ""periods"": [""7""], ""raw"": ""7""}]",,應用數學系大三、大四學生亦可修。,https://course.nuk.edu.tw/QueryCourse/tcontent.asp?OpenYear=111&Helf=2&Sclass=ST&Cono=F561,2026-08-26T18:26:42+00:00
111-2-ST-F564-M-1-,111,2,理學院,ST,統計學研究所,F564,M,碩士班,1,,統計模型選取之理論與應用,3,選,30,3,,27,張志浩,,,,,"2,3, 4",,,,"[{""day"": 4, ""dayName"": ""星期四"", ""periods"": [""2"", ""3"", ""4""], ""raw"": ""2,3, 4""}]",,上課教室: 理309室。,https://course.nuk.edu.tw/QueryCourse/tcontent.asp?OpenYear=111&Helf=2&Sclass=ST&Cono=F564,2026-08-26T18:26:42+00:00
111-2-ST-F642-M-1-,111,2,理學院,ST,統計學研究所,F642,M,碩士班,1,,時間序列,3,選,30,22,,8,楊洪鼎,C02-320,"7,8",8,,,,,,"[{""day"": 1, ""dayName"": ""星期一"", ""periods"": [""7"", ""8""], ""raw"": ""7,8""}, {""day"": 2, ""dayName"": ""星期二"", ""periods"": [""8""], ""raw"": ""8""}]",,應用數學系大三、大四學生亦可修。,https://course.nuk.edu.tw/QueryCourse/tcontent.asp?OpenYear=111&Helf=2&Sclass=ST&Cono=F642,2026-08-26T18:26:42+00:00
111-2-ST-F652-M-1-,111,2,理學院,ST,統計學研究所,F652,M,碩士班,1,,統計建模與模擬,3,選,30,13,,17,楊洪鼎,C02-320,"3,4",7,,,,,,"[{""day"": 1, ""dayName"": ""星期一"", ""periods"": [""3"", ""4""], ""raw"": ""3,4""}, {""day"": 2, ""dayName"": ""星期二"", ""periods"": [""7""], ""raw"": ""7""}]",學程,應用數學系大三、大四學生亦可修。,https://course.nuk.edu.tw/QueryCourse/tcontent.asp?OpenYear=111&Helf=2&Sclass=ST&Cono=F652,2026-08-26T18:26:42+00:00
111-2-ST-F653-M-1-,111,2,理學院,ST,統計學研究所,F653,M,碩士班,1,,統計風險模型,3,選,30,8,,22,張志浩,C02-320,,,6,,"3,4",,,"[{""day"": 3, ""dayName"": ""星期三"", ""periods"": [""6""], ""raw"": ""6""}, {""day"": 5, ""dayName"": ""星期五"", ""periods"": [""3"", ""4""], ""raw"": ""3,4""}]",,應用數學系大三、大四學生亦可修。,https://course.nuk.edu.tw/QueryCourse/tcontent.asp?OpenYear=111&Helf=2&Sclass=ST&Cono=F653,2026-08-26T18:26:42+00:00
111-2-ST-F694-M-1-,111,2,理學院,ST,統計學研究所,F694,M,碩士班,1,,巨量資料技術與分析應用,3,選,30,14,,16,許湘伶,C02-320,,,2,,"5,6",,,"[{""day"": 3, ""dayName"": ""星期三"", ""periods"": [""2""], ""raw"": ""2""}, {""day"": 5, ""dayName"": ""星期五"", ""periods"": [""5"", ""6""], ""raw"": ""5,6""}]",學程,應用數學系大三、大四學生亦可修。,https://course.nuk.edu.tw/QueryCourse/tcontent.asp?OpenYear=111&Helf=2&Sclass=ST&Cono=F694,2026-08-26T18:26:42+00:00
111-2-ST-F784-M-1-,111,2,理學院,ST,統計學研究所,F784,M,碩士班,1,,資料科學實務,3,選,30,9,,21,許湘伶 張志浩 張志鴻,C02-320,,,,"5,6, 7",,,,"[{""day"": 4, ""dayName"": ""星期四"", ""periods"": [""5"", ""6"", ""7""], ""raw"": ""5,6, 7""}]",,大四、碩班及統計所合開；,https://course.nuk.edu.tw/QueryCourse/tcontent.asp?OpenYear=111&Helf=2&Sclass=ST&Cono=F784,2026-08-26T18:26:42+00:00
111-2-ST-G561-M-1-,111,2,理學院,ST,統計學研究所,G561,M,碩士班,1,,多變量分析,3,選,30,6,,24,郭錕霖,C02-320,2,"5,6",,,,,,"[{""day"": 1, ""dayName"": ""星期一"", ""periods"": [""2""], ""raw"": ""2""}, {""day"": 2, ""dayName"": ""星期二"", ""periods"": [""5"", ""6""], ""raw"": ""5,6""}]",學程,應用數學系大三、大四學生亦可修。,https://course.nuk.edu.tw/QueryCourse/tcontent.asp?OpenYear=111&Helf=2&Sclass=ST&Cono=G561,2026-08-26T18:26:42+00:00
111-2-ST-F522-M-2-,111,2,理學院,ST,統計學研究所,F522,M,碩士班,2,,網絡分析,3,選,30,1,,29,郭錕霖,C02-309,,,,"5,6, 7",,,,"[{""day"": 4, ""dayName"": ""星期四"", ""periods"": [""5"", ""6"", ""7""], ""raw"": ""5,6, 7""}]",學程,應用數學系大三、大四學生亦可修。,https://course.nuk.edu.tw/QueryCourse/tcontent.asp?OpenYear=111&Helf=2&Sclass=ST&Cono=F522,2026-08-26T18:26:42+00:00
111-2-ST-F543-M-2-,111,2,理學院,ST,統計學研究所,F543,M,碩士班,2,,會計與金融,3,選,30,10,,20,俞淑惠,C02-320,,4,"3,4",,,,,"[{""day"": 2, ""dayName"": ""星期二"", ""periods"": [""4""], ""raw"": ""4""}, {""day"": 3, ""dayName"": ""星期三"", ""periods"": [""3"", ""4""], ""raw"": ""3,4""}]",學程,應用數學系大三、大四學生亦可修。,https://course.nuk.edu.tw/QueryCourse/tcontent.asp?OpenYear=111&Helf=2&Sclass=ST&Cono=F543,2026-08-26T18:26:42+00:00
111-2-ST-F561-M-2-,111,2,理學院,ST,統計學研究所,F561,M,碩士班,2,,實驗設計,3,選,30,4,,26,許湘伶,C02-320,,,,"3,4",7,,,"[{""day"": 4, ""dayName"": ""星期四"", ""periods"": [""3"", ""4""], ""raw"": ""3,4""}, {""day"": 5, ""dayName"": ""星期五"", ""periods"": [""7""], ""raw"": ""7""}]",,應用數學系大三、大四學生亦可修。,https://course.nuk.edu.tw/QueryCourse/tcontent.asp?OpenYear=111&Helf=2&Sclass=ST&Cono=F561,2026-08-26T18:26:42+00:00
111-2-ST-F564-M-2-,111,2,理學院,ST,統計學研究所,F564,M,碩士班,2,,統計模型選取之理論與應用,3,選,30,3,,27,張志浩,,,,,"2,3, 4",,,,"[{""day"": 4, ""dayName"": ""星期四"", ""periods"": [""2"", ""3"", ""4""], ""raw"": ""2,3, 4""}]",,上課教室: 理309室。,https://course.nuk.edu.tw/QueryCourse/tcontent.asp?OpenYear=111&Helf=2&Sclass=ST&Cono=F564,2026-08-26T18:26:42+00:00
111-2-ST-F642-M-2-,111,2,理學院,ST,統計學研究所,F642,M,碩士班,2,,時間序列,3,選,30,22,,8,楊洪鼎,C02-320,"7,8",8,,,,,,"[{""day"": 1, ""dayName"": ""星期一"", ""periods"": [""7"", ""8""], ""raw"": ""7,8""}, {""day"": 2, ""dayName"": ""星期二"", ""periods"": [""8""], ""raw"": ""8""}]",,應用數學系大三、大四學生亦可修。,https://course.nuk.edu.tw/QueryCourse/tcontent.asp?OpenYear=111&Helf=2&Sclass=ST&Cono=F642,2026-08-26T18:26:42+00:00
111-2-ST-F652-M-2-,111,2,理學院,ST,統計學研究所,F652,M,碩士班,2,,統計建模與模擬,3,選,30,13,,17,楊洪鼎,C02-320,"3,4",7,,,,,,"[{""day"": 1, ""dayName"": ""星期一"", ""periods"": [""3"", ""4""], ""raw"": ""3,4""}, {""day"": 2, ""dayName"": ""星期二"", ""periods"": [""7""], ""raw"": ""7""}]",學程,應用數學系大三、大四學生亦可修。,https://course.nuk.edu.tw/QueryCourse/tcontent.asp?OpenYear=111&Helf=2&Sclass=ST&Cono=F652,2026-08-26T18:26:42+00:00
111-2-ST-F653-M-2-,111,2,理學院,ST,統計學研究所,F653,M,碩士班,2,,統計風險模型,3,選,30,8,,22,張志浩,C02-320,,,6,,"3,4",,,"[{""day"": 3, ""dayName"": ""星期三"", ""periods"": [""6""], ""raw"": ""6""}, {""day"": 5, ""dayName"": ""星期五"", ""periods"": [""3"", ""4""], ""raw"": ""3,4""}]",,應用數學系大三、大四學生亦可修。,https://course.nuk.edu.tw/QueryCourse/tcontent.asp?OpenYear=111&Helf=2&Sclass=ST&Cono=F653,2026-08-26T18:26:42+00:00
111-2-ST-F694-M-2-,111,2,理學院,ST,統計學研究所,F694,M,碩士班,2,,巨量資料技術與分析應用,3,選,30,14,,16,許湘伶,C02-320,,,2,,"5,6",,,"[{""day"": 3, ""dayName"": ""星期三"", ""periods"": [""2""], ""raw"": ""2""}, {""day"": 5, ""dayName"": ""星期五"", ""periods"": [""5"", ""6""], ""raw"": ""5,6""}]",學程,應用數學系大三、大四學生亦可修。,https://course.nuk.edu.tw/QueryCourse/tcontent.asp?OpenYear=111&Helf=2&Sclass=ST&Cono=F694,2026-08-26T18:26:42+00:00
111-2-ST-F784-M-2-,111,2,理學院,ST,統計學研究所,F784,M,碩士班,2,,資料科學實務,3,選,30,9,,21,許湘伶 張志浩 張志鴻,C02-320,,,,"5,6, 7",,,,"[{""day"": 4, ""dayName"": ""星期四"", ""periods"": [""5"", ""6"", ""7""], ""raw"": ""5,6, 7""}]",,與應用數學系大四、碩士班合開；,https://course.nuk.edu.tw/QueryCourse/tcontent.asp?OpenYear=111&Helf=2&Sclass=ST&Cono=F784,2026-08-26T18:26:42+00:00
111-2-ST-G561-M-2-,111,2,理學院,ST,統計學研究所,G561,M,碩士班,2,,多變量分析,3,選,30,6,,24,郭錕霖,C02-320,2,"5,6",,,,,,"[{""day"": 1, ""dayName"": ""星期一"", ""periods"": [""2""], ""raw"": ""2""}, {""day"": 2, ""dayName"": ""星期二"", ""periods"": [""5"", ""6""], ""raw"": ""5,6""}]",學程,應用數學系大三、大四學生亦可修。,https://course.nuk.edu.tw/QueryCourse/tcontent.asp?OpenYear=111&Helf=2&Sclass=ST&Cono=G561,2026-08-26T18:26:42+00:00
111-2-AB-A01B-A-1-A,111,2,管理學院,AB,亞太工商管理學系,A01B,A,大學部,1,A,經濟學(二),3,必,87,87,,0,林聖蒨,M01-201,,,"2,3, 4",,,,,"[{""day"": 3, ""dayName"": ""星期三"", ""periods"": [""2"", ""3"", ""4""], ""raw"": ""2,3, 4""}]",外加,外系同學請洽授課教師,https://course.nuk.edu.tw/QueryCourse/tcontent.asp?OpenYear=111&Helf=2&Sclass=AB&Cono=A01B,2026-08-26T18:26:42+00:00
111-2-AB-A03B-A-1-A,111,2,管理學院,AB,亞太工商管理學系,A03B,A,大學部,1,A,會計學(二),3,必,80,68,,12,陳宜伶,M01-201,,"2,3, 4",,,,,,"[{""day"": 2, ""dayName"": ""星期二"", ""periods"": [""2"", ""3"", ""4""], ""raw"": ""2,3, 4""}]",,,https://course.nuk.edu.tw/QueryCourse/tcontent.asp?OpenYear=111&Helf=2&Sclass=AB&Cono=A03B,2026-08-26T18:26:42+00:00
111-2-AB-A052-A-1-A,111,2,管理學院,AB,亞太工商管理學系,A052,A,大學部,1,A,微積分（二）,3,必,71,63,,8,張志鴻,C02-105,"2,3, 4",,,,,,,"[{""day"": 1, ""dayName"": ""星期一"", ""periods"": [""2"", ""3"", ""4""], ""raw"": ""2,3, 4""}]",限修及外加,限本系選修，外系同學請洽授課教師,https://course.nuk.edu.tw/QueryCourse/tcontent.asp?OpenYear=111&Helf=2&Sclass=AB&Cono=A052,2026-08-26T18:26:42+00:00
111-2-AB-A191-A-1-A,111,2,管理學院,AB,亞太工商管理學系,A191,A,大學部,1,A,管理科學模式,3,選,50,50,,0,許博翔,M01-104,,"5,6, 7",,,,,,"[{""day"": 2, ""dayName"": ""星期二"", ""periods"": [""5"", ""6"", ""7""], ""raw"": ""5,6, 7""}]",外加,企管模組,https://course.nuk.edu.tw/QueryCourse/tcontent.asp?OpenYear=111&Helf=2&Sclass=AB&Cono=A191,2026-08-26T18:26:42+00:00
111-2-AB-A541-A-1-A,111,2,管理學院,AB,亞太工商管理學系,A541,A,大學部,1,A,物流管理概論,3,選,43,43,,0,林聖蒨,M01-104,,,,"2,3, 4",,,,"[{""day"": 4, ""dayName"": ""星期四"", ""periods"": [""2"", ""3"", ""4""], ""raw"": ""2,3, 4""}]",外加,,https://course.nuk.edu.tw/QueryCourse/tcontent.asp?OpenYear=111&Helf=2&Sclass=AB&Cono=A541,2026-08-26T18:26:42+00:00
111-2-AB-B03B-A-2-A,111,2,管理學院,AB,亞太工商管理學系,B03B,A,大學部,2,A,統計學(二),3,必,86,85,,1,莊寶鵰,M01-201,,,,"6,7, 8",,,,"[{""day"": 4, ""dayName"": ""星期四"", ""periods"": [""6"", ""7"", ""8""], ""raw"": ""6,7, 8""}]",外加,,https://course.nuk.edu.tw/QueryCourse/tcontent.asp?OpenYear=111&Helf=2&Sclass=AB&Cono=B03B,2026-08-26T18:26:42+00:00
111-2-AB-B091-A-2-A,111,2,管理學院,AB,亞太工商管理學系,B091,A,大學部,2,A,消費者行為,3,選,50,48,,2,劉信賢,M01-205,,"2,3, 4",,,,,,"[{""day"": 2, ""dayName"": ""星期二"", ""periods"": [""2"", ""3"", ""4""], ""raw"": ""2,3, 4""}]",限修,企管模組，他系同學欲選修請洽授課教師,https://course.nuk.edu.tw/QueryCourse/tcontent.asp?OpenYear=111&Helf=2&Sclass=AB&Cono=B091,2026-08-26T18:26:42+00:00
111-2-AB-B14A-A-2-A,111,2,管理學院,AB,亞太工商管理學系,B14A,A,大學部,2,A,商事法,3,必,94,94,,0,陳旻沂,M01-201,,,"10,11, 12",,,,,"[{""day"": 3, ""dayName"": ""星期三"", ""periods"": [""10"", ""11"", ""12""], ""raw"": ""10,11, 12""}]",限修及外加 學程,兼任老師，人文與商管學程,https://course.nuk.edu.tw/QueryCourse/tcontent.asp?OpenYear=111&Helf=2&Sclass=AB&Cono=B14A,2026-08-26T18:26:42+00:00
111-2-AB-B171-A-2-A,111,2,管理學院,AB,亞太工商管理學系,B171,A,大學部,2,A,亞太區域經濟發展,3,選,40,32,,8,許博翔,M01-104,,"2,3, 4",,,,,,"[{""day"": 2, ""dayName"": ""星期二"", ""periods"": [""2"", ""3"", ""4""], ""raw"": ""2,3, 4""}]",,亞太模組,https://course.nuk.edu.tw/QueryCourse/tcontent.asp?OpenYear=111&Helf=2&Sclass=AB&Cono=B171,2026-08-26T18:26:42+00:00
111-2-AB-B173-A-2-A,111,2,管理學院,AB,亞太工商管理學系,B173,A,大學部,2,A,亞太管理議題,3,選,40,27,,13,楊詠凱,M01-210,,,,"2,3, 4",,,,"[{""day"": 4, ""dayName"": ""星期四"", ""periods"": [""2"", ""3"", ""4""], ""raw"": ""2,3, 4""}]",,亞太模組，全英文授課,https://course.nuk.edu.tw/QueryCourse/tcontent.asp?OpenYear=111&Helf=2&Sclass=AB&Cono=B173,2026-08-26T18:26:42+00:00
111-2-AB-B531-A-2-A,111,2,管理學院,AB,亞太工商管理學系,B531,A,大學部,2,A,機率模式,3,選,41,31,,10,陳榮泰,M01-206,"1,2, 3",,,,,,,"[{""day"": 1, ""dayName"": ""星期一"", ""periods"": [""1"", ""2"", ""3""], ""raw"": ""1,2, 3""}]",限修及外加,工管模組，外系同學請洽授課教師,https://course.nuk.edu.tw/QueryCourse/tcontent.asp?OpenYear=111&Helf=2&Sclass=AB&Cono=B531,2026-08-26T18:26:42+00:00
111-2-AB-B643-A-2-A,111,2,管理學院,AB,亞太工商管理學系,B643,A,大學部,2,A,總體經濟學(I),3,選,40,15,,25,許博翔,M01-104,"5,6, 7",,,,,,,"[{""day"": 1, ""dayName"": ""星期一"", ""periods"": [""5"", ""6"", ""7""], ""raw"": ""5,6, 7""}]",,,https://course.nuk.edu.tw/QueryCourse/tcontent.asp?OpenYear=111&Helf=2&Sclass=AB&Cono=B643,2026-08-26T18:26:42+00:00
111-2-AB-C69B-A-2-A,111,2,管理學院,AB,亞太工商管理學系,C69B,A,大學部,2,A,日語(二),2,選,40,28,,12,林聖蒨,M01-104,,,"6,7",,,,,"[{""day"": 3, ""dayName"": ""星期三"", ""periods"": [""6"", ""7""], ""raw"": ""6,7""}]",,,https://course.nuk.edu.tw/QueryCourse/tcontent.asp?OpenYear=111&Helf=2&Sclass=AB&Cono=C69B,2026-08-26T18:26:42+00:00
111-2-AB-B173-A-3-A,111,2,管理學院,AB,亞太工商管理學系,B173,A,大學部,3,A,亞太管理議題,3,選,40,27,,13,楊詠凱,M01-210,,,,"2,3, 4",,,,"[{""day"": 4, ""dayName"": ""星期四"", ""periods"": [""2"", ""3"", ""4""], ""raw"": ""2,3, 4""}]",,亞太模組，全英文授課,https://course.nuk.edu.tw/QueryCourse/tcontent.asp?OpenYear=111&Helf=2&Sclass=AB&Cono=B173,2026-08-26T18:26:42+00:00
111-2-AB-C023-A-3-A,111,2,管理學院,AB,亞太工商管理學系,C023,A,大學部,3,A,亞太工商管理專題(一),3,必,75,73,,2,莊寶鵰 陳榮泰 陳一民 李亭林 林聖蒨 蘇桓彥 劉信賢 楊詠凱 陳宜伶 許博翔,M01-B102,,"8,9",,,,,,"[{""day"": 2, ""dayName"": ""星期二"", ""periods"": [""8"", ""9""], ""raw"": ""8,9""}]",限修 學程,,https://course.nuk.edu.tw/QueryCourse/tcontent.asp?OpenYear=111&Helf=2&Sclass=AB&Cono=C023,2026-08-26T18:26:42+00:00
111-2-AB-C142-A-3-A,111,2,管理學院,AB,亞太工商管理學系,C142,A,大學部,3,A,亞太科技政策與管理,3,必,70,67,,3,李亭林,M01-B102,"2,3, 4",,,,,,,"[{""day"": 1, ""dayName"": ""星期一"", ""periods"": [""2"", ""3"", ""4""], ""raw"": ""2,3, 4""}]",學程,人文與商管學程,https://course.nuk.edu.tw/QueryCourse/tcontent.asp?OpenYear=111&Helf=2&Sclass=AB&Cono=C142,2026-08-26T18:26:42+00:00
111-2-AB-C172-A-3-A,111,2,管理學院,AB,亞太工商管理學系,C172,A,大學部,3,A,組織行為學,3,選,41,41,,0,楊詠凱,M01-111,"5,6, 7",,,,,,,"[{""day"": 1, ""dayName"": ""星期一"", ""periods"": [""5"", ""6"", ""7""], ""raw"": ""5,6, 7""}]",,企管模組,https://course.nuk.edu.tw/QueryCourse/tcontent.asp?OpenYear=111&Helf=2&Sclass=AB&Cono=C172,2026-08-26T18:26:42+00:00
111-2-AB-C531-A-3-A,111,2,管理學院,AB,亞太工商管理學系,C531,A,大學部,3,A,電子商務,2,選,40,30,,10,蘇桓彥,M01-108,,,,"3,4",,,,"[{""day"": 4, ""dayName"": ""星期四"", ""periods"": [""3"", ""4""], ""raw"": ""3,4""}]",限修,,https://course.nuk.edu.tw/QueryCourse/tcontent.asp?OpenYear=111&Helf=2&Sclass=AB&Cono=C531,2026-08-26T18:26:42+00:00
111-2-AB-C612-A-3-A,111,2,管理學院,AB,亞太工商管理學系,C612,A,大學部,3,A,設施規劃,3,選,40,24,,16,陳榮泰,M01-206,"6,7, 8",,,,,,,"[{""day"": 1, ""dayName"": ""星期一"", ""periods"": [""6"", ""7"", ""8""], ""raw"": ""6,7, 8""}]",限修,工管組模組，外系同學請洽授課老師,https://course.nuk.edu.tw/QueryCourse/tcontent.asp?OpenYear=111&Helf=2&Sclass=AB&Cono=C612,2026-08-26T18:26:42+00:00
111-2-AB-C802-A-3-A,111,2,管理學院,AB,亞太工商管理學系,C802,A,大學部,3,A,精實與智慧生產,3,選,40,14,,26,莊寶鵰,M01-206,,,,"2,3, 4",,,,"[{""day"": 4, ""dayName"": ""星期四"", ""periods"": [""2"", ""3"", ""4""], ""raw"": ""2,3, 4""}]",,,https://course.nuk.edu.tw/QueryCourse/tcontent.asp?OpenYear=111&Helf=2&Sclass=AB&Cono=C802,2026-08-26T18:26:42+00:00
111-2-AB-F590-A-3-A,111,2,管理學院,AB,亞太工商管理學系,F590,A,大學部,3,A,應用類神經網路,3,選,40,7,,33,陳榮泰,M01-206,,"1,2, 3",,,,,,"[{""day"": 2, ""dayName"": ""星期二"", ""periods"": [""1"", ""2"", ""3""], ""raw"": ""1,2, 3""}]",限修,與碩士班合開，大學部3.4年級可選修，外系同學請洽授課教師,https://course.nuk.edu.tw/QueryCourse/tcontent.asp?OpenYear=111&Helf=2&Sclass=AB&Cono=F590,2026-08-26T18:26:42+00:00
111-2-AB-D702-A-4-A,111,2,管理學院,AB,亞太工商管理學系,D702,A,大學部,4,A,校外實習（春）,9,選,2,2,,0,楊詠凱,,,,,,,,"1,2, 3","[{""day"": 7, ""dayName"": ""星期日"", ""periods"": [""1"", ""2"", ""3""], ""raw"": ""1,2, 3""}]",限修及外加,參與實習同學指定加簽 實習時數:486,https://course.nuk.edu.tw/QueryCourse/tcontent.asp?OpenYear=111&Helf=2&Sclass=AB&Cono=D702,2026-08-26T18:26:42+00:00
111-2-AB-T512-L-1-,111,2,管理學院,AB,亞太工商管理學系,T512,L,碩士在職專班,1,,人力資源管理,3,選,40,6,,34,黃英忠,M01-111,,,,,"10,11, 12",,,"[{""day"": 5, ""dayName"": ""星期五"", ""periods"": [""10"", ""11"", ""12""], ""raw"": ""10,11, 12""}]",限修,,https://course.nuk.edu.tw/QueryCourse/tcontent.asp?OpenYear=111&Helf=2&Sclass=AB&Cono=T512,2026-08-26T18:26:42+00:00
111-2-AB-T521-L-1-,111,2,管理學院,AB,亞太工商管理學系,T521,L,碩士在職專班,1,,系統思考與動態模擬,3,選,40,3,,37,李亭林,M01-108,,,,"10,11, 12",,,,"[{""day"": 4, ""dayName"": ""星期四"", ""periods"": [""10"", ""11"", ""12""], ""raw"": ""10,11, 12""}]",限修,,https://course.nuk.edu.tw/QueryCourse/tcontent.asp?OpenYear=111&Helf=2&Sclass=AB&Cono=T521,2026-08-26T18:26:42+00:00
111-2-AB-T527-L-1-,111,2,管理學院,AB,亞太工商管理學系,T527,L,碩士在職專班,1,,進階行銷管理,3,選,40,4,,36,劉信賢,M01-420,,,"10,11, 12",,,,,"[{""day"": 3, ""dayName"": ""星期三"", ""periods"": [""10"", ""11"", ""12""], ""raw"": ""10,11, 12""}]",限修,,https://course.nuk.edu.tw/QueryCourse/tcontent.asp?OpenYear=111&Helf=2&Sclass=AB&Cono=T527,2026-08-26T18:26:42+00:00
111-2-AB-T542-L-1-,111,2,管理學院,AB,亞太工商管理學系,T542,L,碩士在職專班,1,,公司治理,3,選,40,4,,36,陳宜伶,M01-108,,"10,11, 12",,,,,,"[{""day"": 2, ""dayName"": ""星期二"", ""periods"": [""10"", ""11"", ""12""], ""raw"": ""10,11, 12""}]",限修,,https://course.nuk.edu.tw/QueryCourse/tcontent.asp?OpenYear=111&Helf=2&Sclass=AB&Cono=T542,2026-08-26T18:26:42+00:00
111-2-AB-T563-L-1-,111,2,管理學院,AB,亞太工商管理學系,T563,L,碩士在職專班,1,,品質管理與改善,3,選,40,3,,37,莊寶鵰,M01-317,,,"10,11, 12",,,,,"[{""day"": 3, ""dayName"": ""星期三"", ""periods"": [""10"", ""11"", ""12""], ""raw"": ""10,11, 12""}]",,,https://course.nuk.edu.tw/QueryCourse/tcontent.asp?OpenYear=111&Helf=2&Sclass=AB&Cono=T563,2026-08-26T18:26:42+00:00
111-2-AB-T581-L-1-,111,2,管理學院,AB,亞太工商管理學系,T581,L,碩士在職專班,1,,電子商務,3,選,40,2,,38,蘇桓彥,M01-317,,"10,11, 12",,,,,,"[{""day"": 2, ""dayName"": ""星期二"", ""periods"": [""10"", ""11"", ""12""], ""raw"": ""10,11, 12""}]",限修,,https://course.nuk.edu.tw/QueryCourse/tcontent.asp?OpenYear=111&Helf=2&Sclass=AB&Cono=T581,2026-08-26T18:26:42+00:00
111-2-AB-U501-L-1-,111,2,管理學院,AB,亞太工商管理學系,U501,L,碩士在職專班,1,,多變量分析,3,選,40,10,,30,許博翔,M01-206,"10,11, 12",,,,,,,"[{""day"": 1, ""dayName"": ""星期一"", ""periods"": [""10"", ""11"", ""12""], ""raw"": ""10,11, 12""}]",限修,與碩一合併上課,https://course.nuk.edu.tw/QueryCourse/tcontent.asp?OpenYear=111&Helf=2&Sclass=AB&Cono=U501,2026-08-26T18:26:42+00:00
111-2-AB-T512-L-2-,111,2,管理學院,AB,亞太工商管理學系,T512,L,碩士在職專班,2,,人力資源管理,3,選,40,6,,34,黃英忠,M01-111,,,,,"10,11, 12",,,"[{""day"": 5, ""dayName"": ""星期五"", ""periods"": [""10"", ""11"", ""12""], ""raw"": ""10,11, 12""}]",,與碩專一合開,https://course.nuk.edu.tw/QueryCourse/tcontent.asp?OpenYear=111&Helf=2&Sclass=AB&Cono=T512,2026-08-26T18:26:42+00:00
111-2-AB-T521-L-2-,111,2,管理學院,AB,亞太工商管理學系,T521,L,碩士在職專班,2,,系統思考與動態模擬,3,選,40,3,,37,李亭林,M01-108,,,,"10,11, 12",,,,"[{""day"": 4, ""dayName"": ""星期四"", ""periods"": [""10"", ""11"", ""12""], ""raw"": ""10,11, 12""}]",限修,與碩專一合開,https://course.nuk.edu.tw/QueryCourse/tcontent.asp?OpenYear=111&Helf=2&Sclass=AB&Cono=T521,2026-08-26T18:26:42+00:00
111-2-AB-T527-L-2-,111,2,管理學院,AB,亞太工商管理學系,T527,L,碩士在職專班,2,,進階行銷管理,3,選,40,4,,36,劉信賢,M01-420,,,"10,11, 12",,,,,"[{""day"": 3, ""dayName"": ""星期三"", ""periods"": [""10"", ""11"", ""12""], ""raw"": ""10,11, 12""}]",限修,與碩專一合開,https://course.nuk.edu.tw/QueryCourse/tcontent.asp?OpenYear=111&Helf=2&Sclass=AB&Cono=T527,2026-08-26T18:26:42+00:00
111-2-AB-T542-L-2-,111,2,管理學院,AB,亞太工商管理學系,T542,L,碩士在職專班,2,,公司治理,3,選,40,4,,36,陳宜伶,M01-108,,"10,11, 12",,,,,,"[{""day"": 2, ""dayName"": ""星期二"", ""periods"": [""10"", ""11"", ""12""], ""raw"": ""10,11, 12""}]",限修,與碩專一合開,https://course.nuk.edu.tw/QueryCourse/tcontent.asp?OpenYear=111&Helf=2&Sclass=AB&Cono=T542,2026-08-26T18:26:42+00:00
111-2-AB-T563-L-2-,111,2,管理學院,AB,亞太工商管理學系,T563,L,碩士在職專班,2,,品質管理與改善,3,選,40,3,,37,莊寶鵰,M01-317,,,"10,11, 12",,,,,"[{""day"": 3, ""dayName"": ""星期三"", ""periods"": [""10"", ""11"", ""12""], ""raw"": ""10,11, 12""}]",限修,與碩專一合開,https://course.nuk.edu.tw/QueryCourse/tcontent.asp?OpenYear=111&Helf=2&Sclass=AB&Cono=T563,2026-08-26T18:26:42+00:00
111-2-AB-T581-L-2-,111,2,管理學院,AB,亞太工商管理學系,T581,L,碩士在職專班,2,,電子商務,3,選,40,2,,38,蘇桓彥,M01-317,,"10,11, 12",,,,,,"[{""day"": 2, ""dayName"": ""星期二"", ""periods"": [""10"", ""11"", ""12""], ""raw"": ""10,11, 12""}]",限修,與碩專一合開,https://course.nuk.edu.tw/QueryCourse/tcontent.asp?OpenYear=111&Helf=2&Sclass=AB&Cono=T581,2026-08-26T18:26:42+00:00
111-2-AB-U501-L-2-,111,2,管理學院,AB,亞太工商管理學系,U501,L,碩士在職專班,2,,多變量分析,3,選,40,10,,30,許博翔,M01-206,"10,11, 12",,,,,,,"[{""day"": 1, ""dayName"": ""星期一"", ""periods"": [""10"", ""11"", ""12""], ""raw"": ""10,11, 12""}]",限修,與碩專一合開,https://course.nuk.edu.tw/QueryCourse/tcontent.asp?OpenYear=111&Helf=2&Sclass=AB&Cono=U501,2026-08-26T18:26:42+00:00
111-2-AB-F031-M-1-,111,2,管理學院,AB,亞太工商管理學系,F031,M,碩士班,1,,亞太企業管理,3,必,40,22,,18,陳一民,M01-106,,,"2,3, 4",,,,,"[{""day"": 3, ""dayName"": ""星期三"", ""periods"": [""2"", ""3"", ""4""], ""raw"": ""2,3, 4""}]",,,https://course.nuk.edu.tw/QueryCourse/tcontent.asp?OpenYear=111&Helf=2&Sclass=AB&Cono=F031,2026-08-26T18:26:42+00:00
111-2-AB-F504-M-1-,111,2,管理學院,AB,亞太工商管理學系,F504,M,碩士班,1,,整合行銷溝通管理,3,選,40,4,,36,劉信賢,M01-420,,"6,7, 8",,,,,,"[{""day"": 2, ""dayName"": ""星期二"", ""periods"": [""6"", ""7"", ""8""], ""raw"": ""6,7, 8""}]",限修,,https://course.nuk.edu.tw/QueryCourse/tcontent.asp?OpenYear=111&Helf=2&Sclass=AB&Cono=F504,2026-08-26T18:26:42+00:00
111-2-AB-F513-M-1-,111,2,管理學院,AB,亞太工商管理學系,F513,M,碩士班,1,,全球生產網絡,3,選,40,9,,31,楊詠凱,M01-210,,,,"5,6, 7",,,,"[{""day"": 4, ""dayName"": ""星期四"", ""periods"": [""5"", ""6"", ""7""], ""raw"": ""5,6, 7""}]",,,https://course.nuk.edu.tw/QueryCourse/tcontent.asp?OpenYear=111&Helf=2&Sclass=AB&Cono=F513,2026-08-26T18:26:42+00:00
111-2-AB-F532-M-1-,111,2,管理學院,AB,亞太工商管理學系,F532,M,碩士班,1,,電子商務,3,選,40,9,,31,蘇桓彥,M01-317,,"5,6, 7",,,,,,"[{""day"": 2, ""dayName"": ""星期二"", ""periods"": [""5"", ""6"", ""7""], ""raw"": ""5,6, 7""}]",,,https://course.nuk.edu.tw/QueryCourse/tcontent.asp?OpenYear=111&Helf=2&Sclass=AB&Cono=F532,2026-08-26T18:26:42+00:00
111-2-AB-F583-M-1-,111,2,管理學院,AB,亞太工商管理學系,F583,M,碩士班,1,,產業分析-理論與實務,3,選,40,3,,37,李亭林,M01-420,,,,"2,3, 4",,,,"[{""day"": 4, ""dayName"": ""星期四"", ""periods"": [""2"", ""3"", ""4""], ""raw"": ""2,3, 4""}]",,,https://course.nuk.edu.tw/QueryCourse/tcontent.asp?OpenYear=111&Helf=2&Sclass=AB&Cono=F583,2026-08-26T18:26:42+00:00
111-2-AB-F590-M-1-,111,2,管理學院,AB,亞太工商管理學系,F590,M,碩士班,1,,應用類神經網路,3,選,40,7,,33,陳榮泰,M01-206,,"1,2, 3",,,,,,"[{""day"": 2, ""dayName"": ""星期二"", ""periods"": [""1"", ""2"", ""3""], ""raw"": ""1,2, 3""}]",,"與大學部合開,大學部3.4年級可選修,外系同學請洽授課教師",https://course.nuk.edu.tw/QueryCourse/tcontent.asp?OpenYear=111&Helf=2&Sclass=AB&Cono=F590,2026-08-26T18:26:42+00:00
111-2-AB-F642-M-1-,111,2,管理學院,AB,亞太工商管理學系,F642,M,碩士班,1,,公司治理,3,選,40,8,,32,陳宜伶,M01-317,"6,7, 8",,,,,,,"[{""day"": 1, ""dayName"": ""星期一"", ""periods"": [""6"", ""7"", ""8""], ""raw"": ""6,7, 8""}]",,,https://course.nuk.edu.tw/QueryCourse/tcontent.asp?OpenYear=111&Helf=2&Sclass=AB&Cono=F642,2026-08-26T18:26:42+00:00
111-2-AB-F662-M-1-,111,2,管理學院,AB,亞太工商管理學系,F662,M,碩士班,1,,品質管理與改善,3,選,40,10,,30,莊寶鵰,M01-204,,,"6,7, 8",,,,,"[{""day"": 3, ""dayName"": ""星期三"", ""periods"": [""6"", ""7"", ""8""], ""raw"": ""6,7, 8""}]",,,https://course.nuk.edu.tw/QueryCourse/tcontent.asp?OpenYear=111&Helf=2&Sclass=AB&Cono=F662,2026-08-26T18:26:42+00:00
111-2-AB-U501-M-1-,111,2,管理學院,AB,亞太工商管理學系,U501,M,碩士班,1,,多變量分析,3,必,40,10,,30,許博翔,M01-206,"10,11, 12",,,,,,,"[{""day"": 1, ""dayName"": ""星期一"", ""periods"": [""10"", ""11"", ""12""], ""raw"": ""10,11, 12""}]",,與碩專一合併上課,https://course.nuk.edu.tw/QueryCourse/tcontent.asp?OpenYear=111&Helf=2&Sclass=AB&Cono=U501,2026-08-26T18:26:42+00:00
111-2-AB-F504-M-2-,111,2,管理學院,AB,亞太工商管理學系,F504,M,碩士班,2,,整合行銷溝通管理,3,選,40,4,,36,劉信賢,M01-420,,"6,7, 8",,,,,,"[{""day"": 2, ""dayName"": ""星期二"", ""periods"": [""6"", ""7"", ""8""], ""raw"": ""6,7, 8""}]",限修,與碩一合開,https://course.nuk.edu.tw/QueryCourse/tcontent.asp?OpenYear=111&Helf=2&Sclass=AB&Cono=F504,2026-08-26T18:26:42+00:00
111-2-AB-F513-M-2-,111,2,管理學院,AB,亞太工商管理學系,F513,M,碩士班,2,,全球生產網絡,3,選,40,9,,31,楊詠凱,M01-210,,,,"5,6, 7",,,,"[{""day"": 4, ""dayName"": ""星期四"", ""periods"": [""5"", ""6"", ""7""], ""raw"": ""5,6, 7""}]",,與碩一合開,https://course.nuk.edu.tw/QueryCourse/tcontent.asp?OpenYear=111&Helf=2&Sclass=AB&Cono=F513,2026-08-26T18:26:42+00:00
111-2-AB-F532-M-2-,111,2,管理學院,AB,亞太工商管理學系,F532,M,碩士班,2,,電子商務,3,選,40,9,,31,蘇桓彥,M01-317,,"5,6, 7",,,,,,"[{""day"": 2, ""dayName"": ""星期二"", ""periods"": [""5"", ""6"", ""7""], ""raw"": ""5,6, 7""}]",,與碩一合開,https://course.nuk.edu.tw/QueryCourse/tcontent.asp?OpenYear=111&Helf=2&Sclass=AB&Cono=F532,2026-08-26T18:26:42+00:00
111-2-AB-F583-M-2-,111,2,管理學院,AB,亞太工商管理學系,F583,M,碩士班,2,,產業分析-理論與實務,3,選,40,3,,37,李亭林,M01-420,,,,"2,3, 4",,,,"[{""day"": 4, ""dayName"": ""星期四"", ""periods"": [""2"", ""3"", ""4""], ""raw"": ""2,3, 4""}]",,與碩一合開,https://course.nuk.edu.tw/QueryCourse/tcontent.asp?OpenYear=111&Helf=2&Sclass=AB&Cono=F583,2026-08-26T18:26:42+00:00
111-2-AB-F590-M-2-,111,2,管理學院,AB,亞太工商管理學系,F590,M,碩士班,2,,應用類神經網路,3,選,40,7,,33,陳榮泰,M01-206,,"1,2, 3",,,,,,"[{""day"": 2, ""dayName"": ""星期二"", ""periods"": [""1"", ""2"", ""3""], ""raw"": ""1,2, 3""}]",,與大學部合開，大學部3、4年級可選修，外系同學請洽授課教師,https://course.nuk.edu.tw/QueryCourse/tcontent.asp?OpenYear=111&Helf=2&Sclass=AB&Cono=F590,2026-08-26T18:26:42+00:00
111-2-AB-F642-M-2-,111,2,管理學院,AB,亞太工商管理學系,F642,M,碩士班,2,,公司治理,3,選,40,8,,32,陳宜伶,M01-317,"6,7, 8",,,,,,,"[{""day"": 1, ""dayName"": ""星期一"", ""periods"": [""6"", ""7"", ""8""], ""raw"": ""6,7, 8""}]",,與碩一合開,https://course.nuk.edu.tw/QueryCourse/tcontent.asp?OpenYear=111&Helf=2&Sclass=AB&Cono=F642,2026-08-26T18:26:42+00:00
111-2-AB-F662-M-2-,111,2,管理學院,AB,亞太工商管理學系,F662,M,碩士班,2,,品質管理與改善,3,選,40,10,,30,莊寶鵰,M01-204,,,"6,7, 8",,,,,"[{""day"": 3, ""dayName"": ""星期三"", ""periods"": [""6"", ""7"", ""8""], ""raw"": ""6,7, 8""}]",,與碩一合開,https://course.nuk.edu.tw/QueryCourse/tcontent.asp?OpenYear=111&Helf=2&Sclass=AB&Cono=F662,2026-08-26T18:26:42+00:00
111-2-AE-A00B-A-1-A,111,2,管理學院,AE,應用經濟學系,A00B,A,大學部,1,A,經濟學原理(二),3,必,80,73,,7,蔡佳妤,M01-201,,,,"1,2, 3,4",,,,"[{""day"": 4, ""dayName"": ""星期四"", ""periods"": [""1"", ""2"", ""3"", ""4""], ""raw"": ""1,2, 3,4""}]",學程,人文與商管學程；台越法商菁英人才學程；星期四第1節為實習,https://course.nuk.edu.tw/QueryCourse/tcontent.asp?OpenYear=111&Helf=2&Sclass=AE&Cono=A00B,2026-08-26T18:26:42+00:00
111-2-AE-A01B-A-1-A,111,2,管理學院,AE,應用經濟學系,A01B,A,大學部,1,A,會計學(二),3,必,80,77,,3,吳怡慧,M01-201,,,,,"5,6, 7,8",,,"[{""day"": 5, ""dayName"": ""星期五"", ""periods"": [""5"", ""6"", ""7"", ""8""], ""raw"": ""5,6, 7,8""}]",學程,星期五第8節為實習；台越法商菁英人才學程,https://course.nuk.edu.tw/QueryCourse/tcontent.asp?OpenYear=111&Helf=2&Sclass=AE&Cono=A01B,2026-08-26T18:26:42+00:00
111-2-AE-A092-A-1-A,111,2,管理學院,AE,應用經濟學系,A092,A,大學部,1,A,微積分（二）,3,必,80,62,,18,陳奕帆,M01-201,"1,2, 3,4",,,,,,,"[{""day"": 1, ""dayName"": ""星期一"", ""periods"": [""1"", ""2"", ""3"", ""4""], ""raw"": ""1,2, 3,4""}]",,星期一第1節為實習,https://course.nuk.edu.tw/QueryCourse/tcontent.asp?OpenYear=111&Helf=2&Sclass=AE&Cono=A092,2026-08-26T18:26:42+00:00
111-2-AE-A103-A-1-A,111,2,管理學院,AE,應用經濟學系,A103,A,大學部,1,A,民法概要,3,必,64,64,,0,吳艾黎,M01-105,,,,,"2,3, 4",,,"[{""day"": 5, ""dayName"": ""星期五"", ""periods"": [""2"", ""3"", ""4""], ""raw"": ""2,3, 4""}]",外加 學程,台越法商菁英人才學程,https://course.nuk.edu.tw/QueryCourse/tcontent.asp?OpenYear=111&Helf=2&Sclass=AE&Cono=A103,2026-08-26T18:26:42+00:00
111-2-AE-A57B-A-1-A,111,2,管理學院,AE,應用經濟學系,A57B,A,大學部,1,A,經濟學原理實作(二),3,選,31,31,,0,劉志成,M01-205,,"5,6, 7",,,,,,"[{""day"": 2, ""dayName"": ""星期二"", ""periods"": [""5"", ""6"", ""7""], ""raw"": ""5,6, 7""}]",限修及外加,,https://course.nuk.edu.tw/QueryCourse/tcontent.asp?OpenYear=111&Helf=2&Sclass=AE&Cono=A57B,2026-08-26T18:26:42+00:00
111-2-AE-B03B-A-2-A,111,2,管理學院,AE,應用經濟學系,B03B,A,大學部,2,A,統計學(二),3,必,90,81,,9,許聖章,C02-111,,"1,2, 3,4",,,,,,"[{""day"": 2, ""dayName"": ""星期二"", ""periods"": [""1"", ""2"", ""3"", ""4""], ""raw"": ""1,2, 3,4""}]",學程,星期二第1堂為實習課；人文與商管學程,https://course.nuk.edu.tw/QueryCourse/tcontent.asp?OpenYear=111&Helf=2&Sclass=AE&Cono=B03B,2026-08-26T18:26:42+00:00
111-2-AE-B59B-A-2-A,111,2,管理學院,AE,應用經濟學系,B59B,A,大學部,2,A,個體經濟學實作(二),3,選,36,34,,2,蔡宗秀,M01-102,,,"2,3, 4",,,,,"[{""day"": 3, ""dayName"": ""星期三"", ""periods"": [""2"", ""3"", ""4""], ""raw"": ""2,3, 4""}]",限修及外加,,https://course.nuk.edu.tw/QueryCourse/tcontent.asp?OpenYear=111&Helf=2&Sclass=AE&Cono=B59B,2026-08-26T18:26:42+00:00
111-2-AE-C02B-A-2-A,111,2,管理學院,AE,應用經濟學系,C02B,A,大學部,2,A,總體經濟學（二）,3,必,81,54,,27,翁銘章,M01-201,"6,7, 8",,,,,,,"[{""day"": 1, ""dayName"": ""星期一"", ""periods"": [""6"", ""7"", ""8""], ""raw"": ""6,7, 8""}]",先修,,https://course.nuk.edu.tw/QueryCourse/tcontent.asp?OpenYear=111&Helf=2&Sclass=AE&Cono=C02B,2026-08-26T18:26:42+00:00
111-2-AE-C03B-A-2-A,111,2,管理學院,AE,應用經濟學系,C03B,A,大學部,2,A,個體經濟學（二）,3,必,80,67,,13,鄭義暉,M01-B102,,,,"6,7, 8",,,,"[{""day"": 4, ""dayName"": ""星期四"", ""periods"": [""6"", ""7"", ""8""], ""raw"": ""6,7, 8""}]",先修,,https://course.nuk.edu.tw/QueryCourse/tcontent.asp?OpenYear=111&Helf=2&Sclass=AE&Cono=C03B,2026-08-26T18:26:42+00:00
111-2-AE-D571-A-2-A,111,2,管理學院,AE,應用經濟學系,D571,A,大學部,2,A,經濟實驗,3,選,30,27,,3,劉志成,M01-205,,,,,"2,3, 4",,,"[{""day"": 5, ""dayName"": ""星期五"", ""periods"": [""2"", ""3"", ""4""], ""raw"": ""2,3, 4""}]",限修,大學部二、三、四年級合班授課。,https://course.nuk.edu.tw/QueryCourse/tcontent.asp?OpenYear=111&Helf=2&Sclass=AE&Cono=D571,2026-08-26T18:26:42+00:00
111-2-AE-C01A-A-3-A,111,2,管理學院,AE,應用經濟學系,C01A,A,大學部,3,A,國際經濟學（一）,3,必,80,55,,25,柯秀欣,M01-B102,,"5,6, 7",,,,,,"[{""day"": 2, ""dayName"": ""星期二"", ""periods"": [""5"", ""6"", ""7""], ""raw"": ""5,6, 7""}]",先修,,https://course.nuk.edu.tw/QueryCourse/tcontent.asp?OpenYear=111&Helf=2&Sclass=AE&Cono=C01A,2026-08-26T18:26:42+00:00
111-2-AE-C545-A-3-A,111,2,管理學院,AE,應用經濟學系,C545,A,大學部,3,A,管理經濟學,3,選,36,36,,0,蔡宗秀,M01-202,,"2,3, 4",,,,,,"[{""day"": 2, ""dayName"": ""星期二"", ""periods"": [""2"", ""3"", ""4""], ""raw"": ""2,3, 4""}]",限修及外加,產業組織與金融市場之專業發展課程；限大三、大四修課。,https://course.nuk.edu.tw/QueryCourse/tcontent.asp?OpenYear=111&Helf=2&Sclass=AE&Cono=C545,2026-08-26T18:26:42+00:00
111-2-AE-C69B-A-3-A,111,2,管理學院,AE,應用經濟學系,C69B,A,大學部,3,A,人力資源經濟學（二）,3,選,35,21,,14,許聖章,M01-103,,,,"2,3, 4",,,,"[{""day"": 4, ""dayName"": ""星期四"", ""periods"": [""2"", ""3"", ""4""], ""raw"": ""2,3, 4""}]",限修,本課程為學程之「專業發展課程」；限大三、大四修課,https://course.nuk.edu.tw/QueryCourse/tcontent.asp?OpenYear=111&Helf=2&Sclass=AE&Cono=C69B,2026-08-26T18:26:42+00:00
111-2-AE-C712-A-3-A,111,2,管理學院,AE,應用經濟學系,C712,A,大學部,3,A,訊息經濟學,3,選,36,18,,18,佘志民,M01-205,"2,3, 4",,,,,,,"[{""day"": 1, ""dayName"": ""星期一"", ""periods"": [""2"", ""3"", ""4""], ""raw"": ""2,3, 4""}]",限修及外加,本課程為學程之「專業發展課程」;限大三、大四修課,https://course.nuk.edu.tw/QueryCourse/tcontent.asp?OpenYear=111&Helf=2&Sclass=AE&Cono=C712,2026-08-26T18:26:42+00:00
111-2-AE-C713-A-3-A,111,2,管理學院,AE,應用經濟學系,C713,A,大學部,3,A,數理經濟學,3,選,60,47,,13,蔡穎義,M01-104,,,,"5,6, 7",,,,"[{""day"": 4, ""dayName"": ""星期四"", ""periods"": [""5"", ""6"", ""7""], ""raw"": ""5,6, 7""}]",限修及外加,本課程為學程之數量方法課程,https://course.nuk.edu.tw/QueryCourse/tcontent.asp?OpenYear=111&Helf=2&Sclass=AE&Cono=C713,2026-08-26T18:26:42+00:00
111-2-AE-C721-A-3-A,111,2,管理學院,AE,應用經濟學系,C721,A,大學部,3,A,經濟社會學,3,選,35,30,,5,蔡宗秀,M01-202,"2,3, 4",,,,,,,"[{""day"": 1, ""dayName"": ""星期一"", ""periods"": [""2"", ""3"", ""4""], ""raw"": ""2,3, 4""}]",限修,公共議題與經濟政策學程之指定選修課程；限大三、大四修課。,https://course.nuk.edu.tw/QueryCourse/tcontent.asp?OpenYear=111&Helf=2&Sclass=AE&Cono=C721,2026-08-26T18:26:42+00:00
111-2-AE-C761-A-3-A,111,2,管理學院,AE,應用經濟學系,C761,A,大學部,3,A,金融市場,3,選,60,57,,3,柯秀欣,M01-B102,"5,6, 7",,,,,,,"[{""day"": 1, ""dayName"": ""星期一"", ""periods"": [""5"", ""6"", ""7""], ""raw"": ""5,6, 7""}]",限修及外加 學程,產業組織與金融市場學程之指定選修課程;「產業、科技與財經法律」學分學程；人文與商管學程。限大三、大四修課,https://course.nuk.edu.tw/QueryCourse/tcontent.asp?OpenYear=111&Helf=2&Sclass=AE&Cono=C761,2026-08-26T18:26:42+00:00
111-2-AE-D571-A-3-A,111,2,管理學院,AE,應用經濟學系,D571,A,大學部,3,A,經濟實驗,3,選,30,27,,3,劉志成,M01-205,,,,,"2,3, 4",,,"[{""day"": 5, ""dayName"": ""星期五"", ""periods"": [""2"", ""3"", ""4""], ""raw"": ""2,3, 4""}]",限修,大學部二、三、四年級合班授課。,https://course.nuk.edu.tw/QueryCourse/tcontent.asp?OpenYear=111&Helf=2&Sclass=AE&Cono=D571,2026-08-26T18:26:42+00:00
111-2-AE-F558-A-3-A,111,2,管理學院,AE,應用經濟學系,F558,A,大學部,3,A,都市經濟學,3,選,35,19,,16,陳奕帆,M01-103,,,,"5,6, 7",,,,"[{""day"": 4, ""dayName"": ""星期四"", ""periods"": [""5"", ""6"", ""7""], ""raw"": ""5,6, 7""}]",,公共議題與經濟政策之專業發展課程；限大三、大四與碩士班合班授課,https://course.nuk.edu.tw/QueryCourse/tcontent.asp?OpenYear=111&Helf=2&Sclass=AE&Cono=F558,2026-08-26T18:26:42+00:00
111-2-AE-F563-A-3-A,111,2,管理學院,AE,應用經濟學系,F563,A,大學部,3,A,媒體經濟學,3,選,35,8,,27,蔡佳妤,M01-202,,,,,"2,3, 4",,,"[{""day"": 5, ""dayName"": ""星期五"", ""periods"": [""2"", ""3"", ""4""], ""raw"": ""2,3, 4""}]",限修,公共議題與經濟政策之專業發展課程；限大三、大四與碩士班合班授課,https://course.nuk.edu.tw/QueryCourse/tcontent.asp?OpenYear=111&Helf=2&Sclass=AE&Cono=F563,2026-08-26T18:26:42+00:00
111-2-AE-F613-A-3-A,111,2,管理學院,AE,應用經濟學系,F613,A,大學部,3,A,產業貿易與政策,3,選,41,41,,0,蔡穎義,M01-202,,,,"2,3, 4",,,,"[{""day"": 4, ""dayName"": ""星期四"", ""periods"": [""2"", ""3"", ""4""], ""raw"": ""2,3, 4""}]",限修及外加,本課程為學程之學程之專業發展課程；限大三、大四與碩士班合班授課,https://course.nuk.edu.tw/QueryCourse/tcontent.asp?OpenYear=111&Helf=2&Sclass=AE&Cono=F613,2026-08-26T18:26:42+00:00
111-2-AE-F631-A-3-A,111,2,管理學院,AE,應用經濟學系,F631,A,大學部,3,A,社會資料科學入門: Python應用分析,3,選,36,24,,12,蔡佳妤,M01-205,,,"2,3, 4",,,,,"[{""day"": 3, ""dayName"": ""星期三"", ""periods"": [""2"", ""3"", ""4""], ""raw"": ""2,3, 4""}]",限修及外加,限大三、大四與碩士合班授課班,https://course.nuk.edu.tw/QueryCourse/tcontent.asp?OpenYear=111&Helf=2&Sclass=AE&Cono=F631,2026-08-26T18:26:42+00:00
111-2-AE-F635-A-3-A,111,2,管理學院,AE,應用經濟學系,F635,A,大學部,3,A,高新技術發展、智慧財產權暨企業社會責任,3,選,30,26,,4,蔡穎義,M01-103,"2,3, 4",,,,,,,"[{""day"": 1, ""dayName"": ""星期一"", ""periods"": [""2"", ""3"", ""4""], ""raw"": ""2,3, 4""}]",,限大三、大四與碩士合班授課,https://course.nuk.edu.tw/QueryCourse/tcontent.asp?OpenYear=111&Helf=2&Sclass=AE&Cono=F635,2026-08-26T18:26:42+00:00
111-2-AE-C545-A-4-A,111,2,管理學院,AE,應用經濟學系,C545,A,大學部,4,A,管理經濟學,3,選,36,36,,0,蔡宗秀,M01-202,,"2,3, 4",,,,,,"[{""day"": 2, ""dayName"": ""星期二"", ""periods"": [""2"", ""3"", ""4""], ""raw"": ""2,3, 4""}]",限修,產業組織與金融市場之專業發展課程；限大三、大四修課,https://course.nuk.edu.tw/QueryCourse/tcontent.asp?OpenYear=111&Helf=2&Sclass=AE&Cono=C545,2026-08-26T18:26:42+00:00
111-2-AE-C69B-A-4-A,111,2,管理學院,AE,應用經濟學系,C69B,A,大學部,4,A,人力資源經濟學（二）,3,選,35,21,,14,許聖章,M01-103,,,,"2,3, 4",,,,"[{""day"": 4, ""dayName"": ""星期四"", ""periods"": [""2"", ""3"", ""4""], ""raw"": ""2,3, 4""}]",限修,本課程為學程之「專業發展課程」；限大三、大四修課。,https://course.nuk.edu.tw/QueryCourse/tcontent.asp?OpenYear=111&Helf=2&Sclass=AE&Cono=C69B,2026-08-26T18:26:42+00:00
111-2-AE-C712-A-4-A,111,2,管理學院,AE,應用經濟學系,C712,A,大學部,4,A,訊息經濟學,3,選,36,18,,18,佘志民,M01-205,"2,3, 4",,,,,,,"[{""day"": 1, ""dayName"": ""星期一"", ""periods"": [""2"", ""3"", ""4""], ""raw"": ""2,3, 4""}]",限修及外加,本課程為學程之「專業發展課程」;限大三、大四修課,https://course.nuk.edu.tw/QueryCourse/tcontent.asp?OpenYear=111&Helf=2&Sclass=AE&Cono=C712,2026-08-26T18:26:42+00:00
111-2-AE-C713-A-4-A,111,2,管理學院,AE,應用經濟學系,C713,A,大學部,4,A,數理經濟學,3,選,60,47,,13,蔡穎義,M01-104,,,,"5,6, 7",,,,"[{""day"": 4, ""dayName"": ""星期四"", ""periods"": [""5"", ""6"", ""7""], ""raw"": ""5,6, 7""}]",限修,本課程為學程之數量方法課程,https://course.nuk.edu.tw/QueryCourse/tcontent.asp?OpenYear=111&Helf=2&Sclass=AE&Cono=C713,2026-08-26T18:26:42+00:00
111-2-AE-C721-A-4-A,111,2,管理學院,AE,應用經濟學系,C721,A,大學部,4,A,經濟社會學,3,選,35,30,,5,蔡宗秀,M01-202,"2,3, 4",,,,,,,"[{""day"": 1, ""dayName"": ""星期一"", ""periods"": [""2"", ""3"", ""4""], ""raw"": ""2,3, 4""}]",限修,公共議題與經濟政策學程之指定選修課程；限大三、大四修課。,https://course.nuk.edu.tw/QueryCourse/tcontent.asp?OpenYear=111&Helf=2&Sclass=AE&Cono=C721,2026-08-26T18:26:42+00:00
111-2-AE-C761-A-4-A,111,2,管理學院,AE,應用經濟學系,C761,A,大學部,4,A,金融市場,3,選,60,57,,3,柯秀欣,M01-B102,"5,6, 7",,,,,,,"[{""day"": 1, ""dayName"": ""星期一"", ""periods"": [""5"", ""6"", ""7""], ""raw"": ""5,6, 7""}]",限修 學程,產業組織與金融市場學程之指定選修課程;「產業、科技與財經法律」學分學程；人文與商管學程。限大三、大四修課,https://course.nuk.edu.tw/QueryCourse/tcontent.asp?OpenYear=111&Helf=2&Sclass=AE&Cono=C761,2026-08-26T18:26:42+00:00
111-2-AE-D011-A-4-A,111,2,管理學院,AE,應用經濟學系,D011,A,大學部,4,A,應用經濟實務專題（二）,1,必,30,21,,9,陳奕帆,M01-202,,,"5,6, 7",,,,,"[{""day"": 3, ""dayName"": ""星期三"", ""periods"": [""5"", ""6"", ""7""], ""raw"": ""5,6, 7""}]",限修,限大四及修讀五年一貫學碩士學位者選修,https://course.nuk.edu.tw/QueryCourse/tcontent.asp?OpenYear=111&Helf=2&Sclass=AE&Cono=D011,2026-08-26T18:26:42+00:00
111-2-AE-D571-A-4-A,111,2,管理學院,AE,應用經濟學系,D571,A,大學部,4,A,經濟實驗,3,選,30,27,,3,劉志成,M01-205,,,,,"2,3, 4",,,"[{""day"": 5, ""dayName"": ""星期五"", ""periods"": [""2"", ""3"", ""4""], ""raw"": ""2,3, 4""}]",限修,大學部二、三、四年級合班授課。,https://course.nuk.edu.tw/QueryCourse/tcontent.asp?OpenYear=111&Helf=2&Sclass=AE&Cono=D571,2026-08-26T18:26:42+00:00
111-2-AE-F558-A-4-A,111,2,管理學院,AE,應用經濟學系,F558,A,大學部,4,A,都市經濟學,3,選,35,19,,16,陳奕帆,M01-103,,,,"5,6, 7",,,,"[{""day"": 4, ""dayName"": ""星期四"", ""periods"": [""5"", ""6"", ""7""], ""raw"": ""5,6, 7""}]",,公共議題與經濟政策之專業發展課程；限大三、大四與碩士班合班授課,https://course.nuk.edu.tw/QueryCourse/tcontent.asp?OpenYear=111&Helf=2&Sclass=AE&Cono=F558,2026-08-26T18:26:42+00:00
111-2-AE-F563-A-4-A,111,2,管理學院,AE,應用經濟學系,F563,A,大學部,4,A,媒體經濟學,3,選,35,8,,27,蔡佳妤,M01-202,,,,,"2,3, 4",,,"[{""day"": 5, ""dayName"": ""星期五"", ""periods"": [""2"", ""3"", ""4""], ""raw"": ""2,3, 4""}]",限修,公共議題與經濟政策之專業發展課程；限大三、大四與碩士班合班授課,https://course.nuk.edu.tw/QueryCourse/tcontent.asp?OpenYear=111&Helf=2&Sclass=AE&Cono=F563,2026-08-26T18:26:42+00:00
111-2-AE-F613-A-4-A,111,2,管理學院,AE,應用經濟學系,F613,A,大學部,4,A,產業貿易與政策,3,選,41,41,,0,蔡穎義,M01-202,,,,"2,3, 4",,,,"[{""day"": 4, ""dayName"": ""星期四"", ""periods"": [""2"", ""3"", ""4""], ""raw"": ""2,3, 4""}]",限修及外加,本課程為學程之學程之專業發展課程；限大三、大四與碩士班合班授課,https://course.nuk.edu.tw/QueryCourse/tcontent.asp?OpenYear=111&Helf=2&Sclass=AE&Cono=F613,2026-08-26T18:26:42+00:00
111-2-AE-F631-A-4-A,111,2,管理學院,AE,應用經濟學系,F631,A,大學部,4,A,社會資料科學入門: Python應用分析,3,選,36,24,,12,蔡佳妤,M01-205,,,"2,3, 4",,,,,"[{""day"": 3, ""dayName"": ""星期三"", ""periods"": [""2"", ""3"", ""4""], ""raw"": ""2,3, 4""}]",限修及外加,大學部三、四年級與碩士班合班授課,https://course.nuk.edu.tw/QueryCourse/tcontent.asp?OpenYear=111&Helf=2&Sclass=AE&Cono=F631,2026-08-26T18:26:42+00:00
111-2-AE-F635-A-4-A,111,2,管理學院,AE,應用經濟學系,F635,A,大學部,4,A,高新技術發展、智慧財產權暨企業社會責任,3,選,30,26,,4,蔡穎義,M01-103,"2,3, 4",,,,,,,"[{""day"": 1, ""dayName"": ""星期一"", ""periods"": [""2"", ""3"", ""4""], ""raw"": ""2,3, 4""}]",,限大三、大四與碩士合班授課,https://course.nuk.edu.tw/QueryCourse/tcontent.asp?OpenYear=111&Helf=2&Sclass=AE&Cono=F635,2026-08-26T18:26:42+00:00
111-2-AE-F03B-M-1-,111,2,管理學院,AE,應用經濟學系,F03B,M,碩士班,1,,專題討論（二）,1,必,30,8,,22,劉志成,M01-312,,,"5,6, 7",,,,,"[{""day"": 3, ""dayName"": ""星期三"", ""periods"": [""5"", ""6"", ""7""], ""raw"": ""5,6, 7""}]",,,https://course.nuk.edu.tw/QueryCourse/tcontent.asp?OpenYear=111&Helf=2&Sclass=AE&Cono=F03B,2026-08-26T18:26:42+00:00
111-2-AE-F513-M-1-,111,2,管理學院,AE,應用經濟學系,F513,M,碩士班,1,,人力資源經濟學（二）,3,選,33,8,,25,許聖章,M01-313,,"5,6, 7",,,,,,"[{""day"": 2, ""dayName"": ""星期二"", ""periods"": [""5"", ""6"", ""7""], ""raw"": ""5,6, 7""}]",限修及外加,碩士班一、二年級合班授課。,https://course.nuk.edu.tw/QueryCourse/tcontent.asp?OpenYear=111&Helf=2&Sclass=AE&Cono=F513,2026-08-26T18:26:42+00:00
111-2-AE-F558-M-1-,111,2,管理學院,AE,應用經濟學系,F558,M,碩士班,1,,都市經濟學,3,選,35,19,,16,陳奕帆,M01-103,,,,"5,6, 7",,,,"[{""day"": 4, ""dayName"": ""星期四"", ""periods"": [""5"", ""6"", ""7""], ""raw"": ""5,6, 7""}]",限修,公共議題與經濟政策之專業發展課程；限大三、大四與碩士班合班授課,https://course.nuk.edu.tw/QueryCourse/tcontent.asp?OpenYear=111&Helf=2&Sclass=AE&Cono=F558,2026-08-26T18:26:42+00:00
111-2-AE-F563-M-1-,111,2,管理學院,AE,應用經濟學系,F563,M,碩士班,1,,媒體經濟學,3,選,35,8,,27,蔡佳妤,M01-202,,,,,"2,3, 4",,,"[{""day"": 5, ""dayName"": ""星期五"", ""periods"": [""2"", ""3"", ""4""], ""raw"": ""2,3, 4""}]",限修,公共議題與經濟政策之專業發展課程；限大三、大四與碩士班合班授課,https://course.nuk.edu.tw/QueryCourse/tcontent.asp?OpenYear=111&Helf=2&Sclass=AE&Cono=F563,2026-08-26T18:26:42+00:00
111-2-AE-F59A-M-1-,111,2,管理學院,AE,應用經濟學系,F59A,M,碩士班,1,,國際金融(一),3,選,33,6,,27,翁銘章,M01-202,,,"2,3, 4",,,,,"[{""day"": 3, ""dayName"": ""星期三"", ""periods"": [""2"", ""3"", ""4""], ""raw"": ""2,3, 4""}]",限修及外加,碩士班一、二年級合班授課。,https://course.nuk.edu.tw/QueryCourse/tcontent.asp?OpenYear=111&Helf=2&Sclass=AE&Cono=F59A,2026-08-26T18:26:42+00:00
111-2-AE-F613-M-1-,111,2,管理學院,AE,應用經濟學系,F613,M,碩士班,1,,產業貿易與政策,3,選,41,41,,0,蔡穎義,M01-202,,,,"2,3, 4",,,,"[{""day"": 4, ""dayName"": ""星期四"", ""periods"": [""2"", ""3"", ""4""], ""raw"": ""2,3, 4""}]",限修及外加,本課程為學程之學程之專業發展課程；限大三、大四與碩士班合班授課,https://course.nuk.edu.tw/QueryCourse/tcontent.asp?OpenYear=111&Helf=2&Sclass=AE&Cono=F613,2026-08-26T18:26:42+00:00
111-2-AE-F631-M-1-,111,2,管理學院,AE,應用經濟學系,F631,M,碩士班,1,,社會資料科學入門: Python應用分析,3,選,36,24,,12,蔡佳妤,M01-205,,,"2,3, 4",,,,,"[{""day"": 3, ""dayName"": ""星期三"", ""periods"": [""2"", ""3"", ""4""], ""raw"": ""2,3, 4""}]",限修及外加,大學部三、四年級與碩士班合班授課,https://course.nuk.edu.tw/QueryCourse/tcontent.asp?OpenYear=111&Helf=2&Sclass=AE&Cono=F631,2026-08-26T18:26:42+00:00
111-2-AE-F635-M-1-,111,2,管理學院,AE,應用經濟學系,F635,M,碩士班,1,,高新技術發展、智慧財產權暨企業社會責任,3,選,30,26,,4,蔡穎義,M01-103,"2,3, 4",,,,,,,"[{""day"": 1, ""dayName"": ""星期一"", ""periods"": [""2"", ""3"", ""4""], ""raw"": ""2,3, 4""}]",限修,限大三、大四與碩士合班授課,https://course.nuk.edu.tw/QueryCourse/tcontent.asp?OpenYear=111&Helf=2&Sclass=AE&Cono=F635,2026-08-26T18:26:42+00:00
111-2-AE-F03D-M-2-,111,2,管理學院,AE,應用經濟學系,F03D,M,碩士班,2,,專題討論（四）,1,必,30,4,,26,鄭義暉,M01-419,,,"5,6, 7",,,,,"[{""day"": 3, ""dayName"": ""星期三"", ""periods"": [""5"", ""6"", ""7""], ""raw"": ""5,6, 7""}]",,,https://course.nuk.edu.tw/QueryCourse/tcontent.asp?OpenYear=111&Helf=2&Sclass=AE&Cono=F03D,2026-08-26T18:26:42+00:00
111-2-AE-F513-M-2-,111,2,管理學院,AE,應用經濟學系,F513,M,碩士班,2,,人力資源經濟學（二）,3,選,33,8,,25,許聖章,M01-313,,"5,6, 7",,,,,,"[{""day"": 2, ""dayName"": ""星期二"", ""periods"": [""5"", ""6"", ""7""], ""raw"": ""5,6, 7""}]",限修及外加,碩士班一、二年級合班授課。,https://course.nuk.edu.tw/QueryCourse/tcontent.asp?OpenYear=111&Helf=2&Sclass=AE&Cono=F513,2026-08-26T18:26:42+00:00
111-2-AE-F558-M-2-,111,2,管理學院,AE,應用經濟學系,F558,M,碩士班,2,,都市經濟學,3,選,35,19,,16,陳奕帆,M01-103,,,,"5,6, 7",,,,"[{""day"": 4, ""dayName"": ""星期四"", ""periods"": [""5"", ""6"", ""7""], ""raw"": ""5,6, 7""}]",限修,公共議題與經濟政策之專業發展課程；限大三、大四與碩士班合班授課,https://course.nuk.edu.tw/QueryCourse/tcontent.asp?OpenYear=111&Helf=2&Sclass=AE&Cono=F558,2026-08-26T18:26:42+00:00
111-2-AE-F563-M-2-,111,2,管理學院,AE,應用經濟學系,F563,M,碩士班,2,,媒體經濟學,3,選,35,8,,27,蔡佳妤,M01-202,,,,,"2,3, 4",,,"[{""day"": 5, ""dayName"": ""星期五"", ""periods"": [""2"", ""3"", ""4""], ""raw"": ""2,3, 4""}]",限修,公共議題與經濟政策之專業發展課程；限大三、大四與碩士班合班授課,https://course.nuk.edu.tw/QueryCourse/tcontent.asp?OpenYear=111&Helf=2&Sclass=AE&Cono=F563,2026-08-26T18:26:42+00:00
111-2-AE-F59A-M-2-,111,2,管理學院,AE,應用經濟學系,F59A,M,碩士班,2,,國際金融(一),3,選,33,6,,27,翁銘章,M01-202,,,"2,3, 4",,,,,"[{""day"": 3, ""dayName"": ""星期三"", ""periods"": [""2"", ""3"", ""4""], ""raw"": ""2,3, 4""}]",限修及外加,碩士班一、二年級合班授課。,https://course.nuk.edu.tw/QueryCourse/tcontent.asp?OpenYear=111&Helf=2&Sclass=AE&Cono=F59A,2026-08-26T18:26:42+00:00
111-2-AE-F613-M-2-,111,2,管理學院,AE,應用經濟學系,F613,M,碩士班,2,,產業貿易與政策,3,選,41,41,,0,蔡穎義,M01-202,,,,"2,3, 4",,,,"[{""day"": 4, ""dayName"": ""星期四"", ""periods"": [""2"", ""3"", ""4""], ""raw"": ""2,3, 4""}]",限修及外加,本課程為學程之學程之專業發展課程；限大三、大四與碩士班合班授課,https://course.nuk.edu.tw/QueryCourse/tcontent.asp?OpenYear=111&Helf=2&Sclass=AE&Cono=F613,2026-08-26T18:26:42+00:00
111-2-AE-F631-M-2-,111,2,管理學院,AE,應用經濟學系,F631,M,碩士班,2,,社會資料科學入門: Python應用分析,3,選,36,24,,12,蔡佳妤,M01-205,,,"2,3, 4",,,,,"[{""day"": 3, ""dayName"": ""星期三"", ""periods"": [""2"", ""3"", ""4""], ""raw"": ""2,3, 4""}]",限修及外加,限大三、大四與碩士合班授課,https://course.nuk.edu.tw/QueryCourse/tcontent.asp?OpenYear=111&Helf=2&Sclass=AE&Cono=F631,2026-08-26T18:26:42+00:00
111-2-AE-F635-M-2-,111,2,管理學院,AE,應用經濟學系,F635,M,碩士班,2,,高新技術發展、智慧財產權暨企業社會責任,3,選,30,26,,4,蔡穎義,M01-103,"2,3, 4",,,,,,,"[{""day"": 1, ""dayName"": ""星期一"", ""periods"": [""2"", ""3"", ""4""], ""raw"": ""2,3, 4""}]",限修,限大三、大四與碩士合班授課,https://course.nuk.edu.tw/QueryCourse/tcontent.asp?OpenYear=111&Helf=2&Sclass=AE&Cono=F635,2026-08-26T18:26:42+00:00
111-2-CCM-A601-A-1-A,111,2,管理學院,CCM,管理學院共同課程,A601,A,大學部,1,A,進階R資料分析與應用,3,選,60,28,,32,曾智義,L01-108 其他教室,"5,6, 7",,,,,,,"[{""day"": 1, ""dayName"": ""星期一"", ""periods"": [""5"", ""6"", ""7""], ""raw"": ""5,6, 7""}]",,本課程是否可抵本院學系畢業學分請洽各屬系所,https://course.nuk.edu.tw/QueryCourse/tcontent.asp?OpenYear=111&Helf=2&Sclass=CCM&Cono=A601,2026-08-26T18:26:42+00:00
111-2-EBA-N633-E-1-,111,2,管理學院,EBA,高階經營管理碩士在職專班,N633,E,高階經營管理碩士在職專班,1,,資訊科技應用與實務,3,選,10,4,,6,吳建興 趙建雄,,,,,,,,"1,2, 3,4, 5,6","[{""day"": 7, ""dayName"": ""星期日"", ""periods"": [""1"", ""2"", ""3"", ""4"", ""5"", ""6""], ""raw"": ""1,2, 3,4, 5,6""}]",限修,金門班,https://course.nuk.edu.tw/QueryCourse/tcontent.asp?OpenYear=111&Helf=2&Sclass=EBA&Cono=N633,2026-08-26T18:26:42+00:00
111-2-EBA-N652-E-1-,111,2,管理學院,EBA,高階經營管理碩士在職專班,N652,E,高階經營管理碩士在職專班,1,,組織與人力資源管理,3,選,70,48,,22,黃英忠,,,,,,,"1,2, 3,4, 5,6",,"[{""day"": 6, ""dayName"": ""星期六"", ""periods"": [""1"", ""2"", ""3"", ""4"", ""5"", ""6""], ""raw"": ""1,2, 3,4, 5,6""}]",限修,高雄班，上課教室：圖資大樓遠距教室,https://course.nuk.edu.tw/QueryCourse/tcontent.asp?OpenYear=111&Helf=2&Sclass=EBA&Cono=N652,2026-08-26T18:26:42+00:00
111-2-EBA-N681-E-1-,111,2,管理學院,EBA,高階經營管理碩士在職專班,N681,E,高階經營管理碩士在職專班,1,,金融市場與投資,3,選,10,4,,6,翁銘章 鄭義暉,,,,,,,"1,2, 3,4, 5,6",,"[{""day"": 6, ""dayName"": ""星期六"", ""periods"": [""1"", ""2"", ""3"", ""4"", ""5"", ""6""], ""raw"": ""1,2, 3,4, 5,6""}]",限修,金門班,https://course.nuk.edu.tw/QueryCourse/tcontent.asp?OpenYear=111&Helf=2&Sclass=EBA&Cono=N681,2026-08-26T18:26:42+00:00
111-2-EBA-N11B-E-2-,111,2,管理學院,EBA,高階經營管理碩士在職專班,N11B,E,高階經營管理碩士在職專班,2,,碩士論文(下)-(高雄班),3,必,80,48,,32,翁銘章 丁一賢 佘志民 吳建興 李亭林 李博志 張志向 楊書成 趙建雄 黃英忠,,,X,X,X,,,,"[{""day"": 2, ""dayName"": ""星期二"", ""periods"": [""X""], ""raw"": ""X""}, {""day"": 3, ""dayName"": ""星期三"", ""periods"": [""X""], ""raw"": ""X""}, {""day"": 4, ""dayName"": ""星期四"", ""periods"": [""X""], ""raw"": ""X""}]",限修,高雄班,https://course.nuk.edu.tw/QueryCourse/tcontent.asp?OpenYear=111&Helf=2&Sclass=EBA&Cono=N11B,2026-08-26T18:26:42+00:00
111-2-EBA-N12B-E-2-,111,2,管理學院,EBA,高階經營管理碩士在職專班,N12B,E,高階經營管理碩士在職專班,2,,碩士論文(下)-(金門班),3,必,10,2,,8,張志向,,,X,X,X,,,,"[{""day"": 2, ""dayName"": ""星期二"", ""periods"": [""X""], ""raw"": ""X""}, {""day"": 3, ""dayName"": ""星期三"", ""periods"": [""X""], ""raw"": ""X""}, {""day"": 4, ""dayName"": ""星期四"", ""periods"": [""X""], ""raw"": ""X""}]",限修,金門班,https://course.nuk.edu.tw/QueryCourse/tcontent.asp?OpenYear=111&Helf=2&Sclass=EBA&Cono=N12B,2026-08-26T18:26:42+00:00
111-2-EBA-N561-E-2-,111,2,管理學院,EBA,高階經營管理碩士在職專班,N561,E,高階經營管理碩士在職專班,2,,企業參訪,3,必,60,25,,35,翁銘章 佘志民 李亭林,,,Y,Y,Y,,,,"[{""day"": 2, ""dayName"": ""星期二"", ""periods"": [""Y""], ""raw"": ""Y""}, {""day"": 3, ""dayName"": ""星期三"", ""periods"": [""Y""], ""raw"": ""Y""}, {""day"": 4, ""dayName"": ""星期四"", ""periods"": [""Y""], ""raw"": ""Y""}]",限修,,https://course.nuk.edu.tw/QueryCourse/tcontent.asp?OpenYear=111&Helf=2&Sclass=EBA&Cono=N561,2026-08-26T18:26:42+00:00
111-2-EBA-N625-E-2-,111,2,管理學院,EBA,高階經營管理碩士在職專班,N625,E,高階經營管理碩士在職專班,2,,企業領袖移動講堂,3,選,35,17,,18,翁銘章 佘志民 李亭林,,,,,,"5,6, 7,8, 9,10",,,"[{""day"": 5, ""dayName"": ""星期五"", ""periods"": [""5"", ""6"", ""7"", ""8"", ""9"", ""10""], ""raw"": ""5,6, 7,8, 9,10""}]",限修,,https://course.nuk.edu.tw/QueryCourse/tcontent.asp?OpenYear=111&Helf=2&Sclass=EBA&Cono=N625,2026-08-26T18:26:42+00:00
111-2-EM-F582-A-2-A,111,2,管理學院,EM,經營管理研究所,F582,A,大學部,2,A,行銷管理,3,選,46,33,,13,吳毓麒,M01-105,,"2,3, 4",,,,,,"[{""day"": 2, ""dayName"": ""星期二"", ""periods"": [""2"", ""3"", ""4""], ""raw"": ""2,3, 4""}]",限修,M01- 105（與經營管理研究所合開）,https://course.nuk.edu.tw/QueryCourse/tcontent.asp?OpenYear=111&Helf=2&Sclass=EM&Cono=F582,2026-08-26T18:26:42+00:00
111-2-EM-F663-A-3-A,111,2,管理學院,EM,經營管理研究所,F663,A,大學部,3,A,產業組織與國際貿易專題,3,選,30,6,,24,鄭義暉 佘志民,M01-423,"5,6, 7",,,,,,,"[{""day"": 1, ""dayName"": ""星期一"", ""periods"": [""5"", ""6"", ""7""], ""raw"": ""5,6, 7""}]",,上課教室：管院423室,https://course.nuk.edu.tw/QueryCourse/tcontent.asp?OpenYear=111&Helf=2&Sclass=EM&Cono=F663,2026-08-26T18:26:42+00:00
111-2-EM-F101-M-1-,111,2,管理學院,EM,經營管理研究所,F101,M,碩士班,1,,國際企業管理,3,必,30,12,,18,吳毓麒 鄭育仁,M01-423,,,"2,3, 4",,,,,"[{""day"": 3, ""dayName"": ""星期三"", ""periods"": [""2"", ""3"", ""4""], ""raw"": ""2,3, 4""}]",,上課教室：管院423室,https://course.nuk.edu.tw/QueryCourse/tcontent.asp?OpenYear=111&Helf=2&Sclass=EM&Cono=F101,2026-08-26T18:26:42+00:00
111-2-EM-F18B-M-1-,111,2,管理學院,EM,經營管理研究所,F18B,M,碩士班,1,,經營管理實務研討（二）,1,必,30,12,,18,鄭育仁,M01-422,,,"5,6, 7",,,,,"[{""day"": 3, ""dayName"": ""星期三"", ""periods"": [""5"", ""6"", ""7""], ""raw"": ""5,6, 7""}]",,上課教室：管院422室,https://course.nuk.edu.tw/QueryCourse/tcontent.asp?OpenYear=111&Helf=2&Sclass=EM&Cono=F18B,2026-08-26T18:26:42+00:00
111-2-EM-F582-M-1-,111,2,管理學院,EM,經營管理研究所,F582,M,碩士班,1,,行銷管理,3,選,46,33,,13,吳毓麒,M01-105,,"2,3, 4",,,,,,"[{""day"": 2, ""dayName"": ""星期二"", ""periods"": [""2"", ""3"", ""4""], ""raw"": ""2,3, 4""}]",限修,上課教室：管院105室（與金管系合開）,https://course.nuk.edu.tw/QueryCourse/tcontent.asp?OpenYear=111&Helf=2&Sclass=EM&Cono=F582,2026-08-26T18:26:42+00:00
111-2-EM-F592-M-1-,111,2,管理學院,EM,經營管理研究所,F592,M,碩士班,1,,策略管理,3,選,30,12,,18,鄭育仁,M01-422,,,,"2,3, 4",,,,"[{""day"": 4, ""dayName"": ""星期四"", ""periods"": [""2"", ""3"", ""4""], ""raw"": ""2,3, 4""}]",,上課教室：管院422室,https://course.nuk.edu.tw/QueryCourse/tcontent.asp?OpenYear=111&Helf=2&Sclass=EM&Cono=F592,2026-08-26T18:26:42+00:00
111-2-EM-G632-M-1-,111,2,管理學院,EM,經營管理研究所,G632,M,碩士班,1,,社會科學研究方法,3,選,30,6,,24,吳毓麒,M01-423,,"5,6, 7",,,,,,"[{""day"": 2, ""dayName"": ""星期二"", ""periods"": [""5"", ""6"", ""7""], ""raw"": ""5,6, 7""}]",限修,上課教室：管院423室,https://course.nuk.edu.tw/QueryCourse/tcontent.asp?OpenYear=111&Helf=2&Sclass=EM&Cono=G632,2026-08-26T18:26:42+00:00
111-2-EM-F631-M-2-,111,2,管理學院,EM,經營管理研究所,F631,M,碩士班,2,,作業管理,3,選,30,3,,27,鄭育仁,M01-308,,,,,"2,3, 4",,,"[{""day"": 5, ""dayName"": ""星期五"", ""periods"": [""2"", ""3"", ""4""], ""raw"": ""2,3, 4""}]",,上課教室：管院308室,https://course.nuk.edu.tw/QueryCourse/tcontent.asp?OpenYear=111&Helf=2&Sclass=EM&Cono=F631,2026-08-26T18:26:42+00:00
111-2-EM-F663-M-2-,111,2,管理學院,EM,經營管理研究所,F663,M,碩士班,2,,產業組織與國際貿易專題,3,選,30,6,,24,鄭義暉 佘志民,M01-423,"5,6, 7",,,,,,,"[{""day"": 1, ""dayName"": ""星期一"", ""periods"": [""5"", ""6"", ""7""], ""raw"": ""5,6, 7""}]",,上課教室：管院423室,https://course.nuk.edu.tw/QueryCourse/tcontent.asp?OpenYear=111&Helf=2&Sclass=EM&Cono=F663,2026-08-26T18:26:42+00:00
111-2-EM-G032-M-2-,111,2,管理學院,EM,經營管理研究所,G032,M,碩士班,2,,專題研討（二）,1,必,30,11,,19,佘志民,M01-423,,,"5,6, 7",,,,,"[{""day"": 3, ""dayName"": ""星期三"", ""periods"": [""5"", ""6"", ""7""], ""raw"": ""5,6, 7""}]",,上課教室：管院423室,https://course.nuk.edu.tw/QueryCourse/tcontent.asp?OpenYear=111&Helf=2&Sclass=EM&Cono=G032,2026-08-26T18:26:42+00:00
111-2-EM-G626-M-2-,111,2,管理學院,EM,經營管理研究所,G626,M,碩士班,2,,服務業管理專題,3,選,30,5,,25,吳毓麒,M01-423,,,,"2,3, 4",,,,"[{""day"": 4, ""dayName"": ""星期四"", ""periods"": [""2"", ""3"", ""4""], ""raw"": ""2,3, 4""}]",限修,上課教室：管院423室,https://course.nuk.edu.tw/QueryCourse/tcontent.asp?OpenYear=111&Helf=2&Sclass=EM&Cono=G626,2026-08-26T18:26:42+00:00
111-2-FI-A01B-A-1-A,111,2,管理學院,FI,財務金融學系,A01B,A,大學部,1,A,經濟學原理(二),3,必,74,71,,3,楊琬如,M01-B102,,"2,3, 4",,,,,,"[{""day"": 2, ""dayName"": ""星期二"", ""periods"": [""2"", ""3"", ""4""], ""raw"": ""2,3, 4""}]",限修及外加,M01-B102,https://course.nuk.edu.tw/QueryCourse/tcontent.asp?OpenYear=111&Helf=2&Sclass=FI&Cono=A01B,2026-08-26T18:26:42+00:00
111-2-FI-A02B-A-1-A,111,2,管理學院,FI,財務金融學系,A02B,A,大學部,1,A,會計學原理(二),3,必,71,66,,5,高蘭芬,M01-201,,"5,6, 7",,,,,,"[{""day"": 2, ""dayName"": ""星期二"", ""periods"": [""5"", ""6"", ""7""], ""raw"": ""5,6, 7""}]",限修及外加,M01-201,https://course.nuk.edu.tw/QueryCourse/tcontent.asp?OpenYear=111&Helf=2&Sclass=FI&Cono=A02B,2026-08-26T18:26:42+00:00
111-2-FI-A061-A-1-A,111,2,管理學院,FI,財務金融學系,A061,A,大學部,1,A,民法概要,2,必,75,68,,7,謝國廉,M01-B109,,,"3,4",,,,,"[{""day"": 3, ""dayName"": ""星期三"", ""periods"": [""3"", ""4""], ""raw"": ""3,4""}]",限修及外加,M01-B109,https://course.nuk.edu.tw/QueryCourse/tcontent.asp?OpenYear=111&Helf=2&Sclass=FI&Cono=A061,2026-08-26T18:26:42+00:00
111-2-FI-B02B-A-1-A,111,2,管理學院,FI,財務金融學系,B02B,A,大學部,1,A,微積分（二）,3,必,83,80,,3,王文楷,M01-201,,,,,"2,3, 4",,,"[{""day"": 5, ""dayName"": ""星期五"", ""periods"": [""2"", ""3"", ""4""], ""raw"": ""2,3, 4""}]",限修及外加,M01-201,https://course.nuk.edu.tw/QueryCourse/tcontent.asp?OpenYear=111&Helf=2&Sclass=FI&Cono=B02B,2026-08-26T18:26:42+00:00
111-2-FI-B01B-A-2-A,111,2,管理學院,FI,財務金融學系,B01B,A,大學部,2,A,財務管理(二),3,必,90,65,,25,黃一祥,M01-B102,,,"2,3, 4",,,,,"[{""day"": 3, ""dayName"": ""星期三"", ""periods"": [""2"", ""3"", ""4""], ""raw"": ""2,3, 4""}]",,M01-B102,https://course.nuk.edu.tw/QueryCourse/tcontent.asp?OpenYear=111&Helf=2&Sclass=FI&Cono=B01B,2026-08-26T18:26:42+00:00
111-2-FI-B051-A-2-A,111,2,管理學院,FI,財務金融學系,B051,A,大學部,2,A,投資學,3,必,67,66,,1,黃旭輝,M01-102,,,,"6,7, 8",,,,"[{""day"": 4, ""dayName"": ""星期四"", ""periods"": [""6"", ""7"", ""8""], ""raw"": ""6,7, 8""}]",外加,M01-102,https://course.nuk.edu.tw/QueryCourse/tcontent.asp?OpenYear=111&Helf=2&Sclass=FI&Cono=B051,2026-08-26T18:26:42+00:00
111-2-FI-B07B-A-2-A,111,2,管理學院,FI,財務金融學系,B07B,A,大學部,2,A,統計學(二),3,必,56,52,,4,余歆儀,M01-102,"2,3, 4",,,,,,,"[{""day"": 1, ""dayName"": ""星期一"", ""periods"": [""2"", ""3"", ""4""], ""raw"": ""2,3, 4""}]",限修及外加,M01-102,https://course.nuk.edu.tw/QueryCourse/tcontent.asp?OpenYear=111&Helf=2&Sclass=FI&Cono=B07B,2026-08-26T18:26:42+00:00
111-2-FI-B52B-A-2-A,111,2,管理學院,FI,財務金融學系,B52B,A,大學部,2,A,中級會計學(二),3,選,60,46,,14,余文彬,M01-206,,"5,6, 7",,,,,,"[{""day"": 2, ""dayName"": ""星期二"", ""periods"": [""5"", ""6"", ""7""], ""raw"": ""5,6, 7""}]",,M01-206,https://course.nuk.edu.tw/QueryCourse/tcontent.asp?OpenYear=111&Helf=2&Sclass=FI&Cono=B52B,2026-08-26T18:26:42+00:00
111-2-FI-B69B-A-2-A,111,2,管理學院,FI,財務金融學系,B69B,A,大學部,2,A,個體經濟學(二),3,選,50,12,,38,楊琬如,M01-102,"5,6, 7",,,,,,,"[{""day"": 1, ""dayName"": ""星期一"", ""periods"": [""5"", ""6"", ""7""], ""raw"": ""5,6, 7""}]",限修,M01-102,https://course.nuk.edu.tw/QueryCourse/tcontent.asp?OpenYear=111&Helf=2&Sclass=FI&Cono=B69B,2026-08-26T18:26:42+00:00
111-2-FI-B721-A-2-A,111,2,管理學院,FI,財務金融學系,B721,A,大學部,2,A,投資與財務規劃,3,選,39,38,,1,王功亮,M01-102,,,,"2,3, 4",,,,"[{""day"": 4, ""dayName"": ""星期四"", ""periods"": [""2"", ""3"", ""4""], ""raw"": ""2,3, 4""}]",外加,M01-102；全英語授課,https://course.nuk.edu.tw/QueryCourse/tcontent.asp?OpenYear=111&Helf=2&Sclass=FI&Cono=B721,2026-08-26T18:26:42+00:00
111-2-FI-C661-A-2-A,111,2,管理學院,FI,財務金融學系,C661,A,大學部,2,A,保險學,3,選,40,40,,0,王功亮,M01-102,,,,,"2,3, 4",,,"[{""day"": 5, ""dayName"": ""星期五"", ""periods"": [""2"", ""3"", ""4""], ""raw"": ""2,3, 4""}]",外加,M01-102,https://course.nuk.edu.tw/QueryCourse/tcontent.asp?OpenYear=111&Helf=2&Sclass=FI&Cono=C661,2026-08-26T18:26:42+00:00
111-2-FI-B601-A-3-A,111,2,管理學院,FI,財務金融學系,B601,A,大學部,3,A,固定型收益證券,3,選,33,32,,1,蔡明憲,M01-105,"5,6, 7",,,,,,,"[{""day"": 1, ""dayName"": ""星期一"", ""periods"": [""5"", ""6"", ""7""], ""raw"": ""5,6, 7""}]",外加,M01-105,https://course.nuk.edu.tw/QueryCourse/tcontent.asp?OpenYear=111&Helf=2&Sclass=FI&Cono=B601,2026-08-26T18:26:42+00:00
111-2-FI-B721-A-3-A,111,2,管理學院,FI,財務金融學系,B721,A,大學部,3,A,投資與財務規劃,3,選,39,38,,1,王功亮,M01-102,,,,"2,3, 4",,,,"[{""day"": 4, ""dayName"": ""星期四"", ""periods"": [""2"", ""3"", ""4""], ""raw"": ""2,3, 4""}]",外加,M01-102；全英語授課,https://course.nuk.edu.tw/QueryCourse/tcontent.asp?OpenYear=111&Helf=2&Sclass=FI&Cono=B721,2026-08-26T18:26:42+00:00
111-2-FI-C031-A-3-A,111,2,管理學院,FI,財務金融學系,C031,A,大學部,3,A,國際財務管理,3,必,63,59,,4,余歆儀,M01-102,,"2,3, 4",,,,,,"[{""day"": 2, ""dayName"": ""星期二"", ""periods"": [""2"", ""3"", ""4""], ""raw"": ""2,3, 4""}]",限修及外加,M01-102,https://course.nuk.edu.tw/QueryCourse/tcontent.asp?OpenYear=111&Helf=2&Sclass=FI&Cono=C031,2026-08-26T18:26:42+00:00
111-2-FI-C041-A-3-A,111,2,管理學院,FI,財務金融學系,C041,A,大學部,3,A,投資組合管理,3,必,56,56,,0,張志向,M01-204,,"5,6, 7",,,,,,"[{""day"": 2, ""dayName"": ""星期二"", ""periods"": [""5"", ""6"", ""7""], ""raw"": ""5,6, 7""}]",外加 學程,M01-204，隸屬工智慧與金融科技學程,https://course.nuk.edu.tw/QueryCourse/tcontent.asp?OpenYear=111&Helf=2&Sclass=FI&Cono=C041,2026-08-26T18:26:42+00:00
111-2-FI-C501-A-3-A,111,2,管理學院,FI,財務金融學系,C501,A,大學部,3,A,基金投資與管理,3,選,30,20,,10,黃旭輝,M01-102,,,"6,7, 8",,,,,"[{""day"": 3, ""dayName"": ""星期三"", ""periods"": [""6"", ""7"", ""8""], ""raw"": ""6,7, 8""}]",限修,M01-102,https://course.nuk.edu.tw/QueryCourse/tcontent.asp?OpenYear=111&Helf=2&Sclass=FI&Cono=C501,2026-08-26T18:26:42+00:00
111-2-FI-G501-A-3-A,111,2,管理學院,FI,財務金融學系,G501,A,大學部,3,A,金融倫理,3,選,40,40,,0,王功亮,M01-204,,,,"5,6, 7",,,,"[{""day"": 4, ""dayName"": ""星期四"", ""periods"": [""5"", ""6"", ""7""], ""raw"": ""5,6, 7""}]",外加,M01-204，與大四、碩二合開,https://course.nuk.edu.tw/QueryCourse/tcontent.asp?OpenYear=111&Helf=2&Sclass=FI&Cono=G501,2026-08-26T18:26:42+00:00
111-2-FI-D623-A-4-A,111,2,管理學院,FI,財務金融學系,D623,A,大學部,4,A,校外實習（春）,9,選,2,2,,0,陳怡凱 高蘭芬 張志向,M01-203,,"8,9, 10",,,,,,"[{""day"": 2, ""dayName"": ""星期二"", ""periods"": [""8"", ""9"", ""10""], ""raw"": ""8,9, 10""}]",外加,"待實習確認且任課教師認定後，始開放名額選修此門課程),課程總實習時數須達486小時",https://course.nuk.edu.tw/QueryCourse/tcontent.asp?OpenYear=111&Helf=2&Sclass=FI&Cono=D623,2026-08-26T18:26:42+00:00
111-2-FI-F523-A-4-A,111,2,管理學院,FI,財務金融學系,F523,A,大學部,4,A,金融風險管理,3,選,30,23,,7,蔡明憲,M01-203,,"5,6, 7",,,,,,"[{""day"": 2, ""dayName"": ""星期二"", ""periods"": [""5"", ""6"", ""7""], ""raw"": ""5,6, 7""}]",學程,M01-203，與碩一合開，隸屬管理學院公司治理微學程,https://course.nuk.edu.tw/QueryCourse/tcontent.asp?OpenYear=111&Helf=2&Sclass=FI&Cono=F523,2026-08-26T18:26:42+00:00
111-2-FI-F562-A-4-A,111,2,管理學院,FI,財務金融學系,F562,A,大學部,4,A,行為財務,3,選,30,24,,6,張志向,M01-204,,"2,3, 4",,,,,,"[{""day"": 2, ""dayName"": ""星期二"", ""periods"": [""2"", ""3"", ""4""], ""raw"": ""2,3, 4""}]",學程,M01-204,https://course.nuk.edu.tw/QueryCourse/tcontent.asp?OpenYear=111&Helf=2&Sclass=FI&Cono=F562,2026-08-26T18:26:42+00:00
111-2-FI-G501-A-4-A,111,2,管理學院,FI,財務金融學系,G501,A,大學部,4,A,金融倫理,3,選,40,40,,0,王功亮,M01-204,,,,"5,6, 7",,,,"[{""day"": 4, ""dayName"": ""星期四"", ""periods"": [""5"", ""6"", ""7""], ""raw"": ""5,6, 7""}]",外加,M01-204，與大三、碩二合開,https://course.nuk.edu.tw/QueryCourse/tcontent.asp?OpenYear=111&Helf=2&Sclass=FI&Cono=G501,2026-08-26T18:26:42+00:00
111-2-FI-G511-A-4-A,111,2,管理學院,FI,財務金融學系,G511,A,大學部,4,A,證券分析與投資,3,選,20,6,,14,黃旭輝,M01-102,,"5,6, 7",,,,,,"[{""day"": 2, ""dayName"": ""星期二"", ""periods"": [""5"", ""6"", ""7""], ""raw"": ""5,6, 7""}]",限修,M01-102，與碩一、碩二合開,https://course.nuk.edu.tw/QueryCourse/tcontent.asp?OpenYear=111&Helf=2&Sclass=FI&Cono=G511,2026-08-26T18:26:42+00:00
111-2-FI-F00B-M-1-,111,2,管理學院,FI,財務金融學系,F00B,M,碩士班,1,,財務專題研討(二),2,必,30,16,,14,王文楷,M01-203,,,"6,7",,,,,"[{""day"": 3, ""dayName"": ""星期三"", ""periods"": [""6"", ""7""], ""raw"": ""6,7""}]",限修,M01-203,https://course.nuk.edu.tw/QueryCourse/tcontent.asp?OpenYear=111&Helf=2&Sclass=FI&Cono=F00B,2026-08-26T18:26:42+00:00
111-2-FI-F031-M-1-,111,2,管理學院,FI,財務金融學系,F031,M,碩士班,1,,期貨與選擇權,3,必,30,17,,13,蔡明憲,M01-203,,,,"5,6, 7",,,,"[{""day"": 4, ""dayName"": ""星期四"", ""periods"": [""5"", ""6"", ""7""], ""raw"": ""5,6, 7""}]",,M01-203,https://course.nuk.edu.tw/QueryCourse/tcontent.asp?OpenYear=111&Helf=2&Sclass=FI&Cono=F031,2026-08-26T18:26:42+00:00
111-2-FI-F041-M-1-,111,2,管理學院,FI,財務金融學系,F041,M,碩士班,1,,投資學,3,必,30,16,,14,黃一祥,M01-204,,,,"2,3, 4",,,,"[{""day"": 4, ""dayName"": ""星期四"", ""periods"": [""2"", ""3"", ""4""], ""raw"": ""2,3, 4""}]",限修,M01-204,https://course.nuk.edu.tw/QueryCourse/tcontent.asp?OpenYear=111&Helf=2&Sclass=FI&Cono=F041,2026-08-26T18:26:42+00:00
111-2-FI-F051-M-1-,111,2,管理學院,FI,財務金融學系,F051,M,碩士班,1,,國際財務管理,3,必,30,17,,13,陳怡凱,M01-203,,"2,3, 4",,,,,,"[{""day"": 2, ""dayName"": ""星期二"", ""periods"": [""2"", ""3"", ""4""], ""raw"": ""2,3, 4""}]",限修,M01-203,https://course.nuk.edu.tw/QueryCourse/tcontent.asp?OpenYear=111&Helf=2&Sclass=FI&Cono=F051,2026-08-26T18:26:42+00:00
111-2-FI-F523-M-1-,111,2,管理學院,FI,財務金融學系,F523,M,碩士班,1,,金融風險管理,3,選,30,23,,7,蔡明憲,M01-203,,"5,6, 7",,,,,,"[{""day"": 2, ""dayName"": ""星期二"", ""periods"": [""5"", ""6"", ""7""], ""raw"": ""5,6, 7""}]",學程,M01-203，與大四合開，隸屬管理學院公司治理微學程,https://course.nuk.edu.tw/QueryCourse/tcontent.asp?OpenYear=111&Helf=2&Sclass=FI&Cono=F523,2026-08-26T18:26:42+00:00
111-2-FI-F532-M-1-,111,2,管理學院,FI,財務金融學系,F532,M,碩士班,1,,財金文獻導讀,3,選,30,4,,26,楊琬如,M01-203,"2,3, 4",,,,,,,"[{""day"": 1, ""dayName"": ""星期一"", ""periods"": [""2"", ""3"", ""4""], ""raw"": ""2,3, 4""}]",限修,M01-203,https://course.nuk.edu.tw/QueryCourse/tcontent.asp?OpenYear=111&Helf=2&Sclass=FI&Cono=F532,2026-08-26T18:26:42+00:00
111-2-FI-F541-M-1-,111,2,管理學院,FI,財務金融學系,F541,M,碩士班,1,,公司治理,3,選,30,22,,8,高蘭芬,M01-204,"5,6, 7",,,,,,,"[{""day"": 1, ""dayName"": ""星期一"", ""periods"": [""5"", ""6"", ""7""], ""raw"": ""5,6, 7""}]",限修 學程,M01-204，與碩二合開，隸屬管理學院公司治理微學程,https://course.nuk.edu.tw/QueryCourse/tcontent.asp?OpenYear=111&Helf=2&Sclass=FI&Cono=F541,2026-08-26T18:26:42+00:00
111-2-FI-F562-M-1-,111,2,管理學院,FI,財務金融學系,F562,M,碩士班,1,,行為財務,3,選,30,24,,6,張志向,M01-204,,"2,3, 4",,,,,,"[{""day"": 2, ""dayName"": ""星期二"", ""periods"": [""2"", ""3"", ""4""], ""raw"": ""2,3, 4""}]",學程,M01-204,https://course.nuk.edu.tw/QueryCourse/tcontent.asp?OpenYear=111&Helf=2&Sclass=FI&Cono=F562,2026-08-26T18:26:42+00:00
111-2-FI-F563-M-1-,111,2,管理學院,FI,財務金融學系,F563,M,碩士班,1,,計算財務,3,選,20,8,,12,王文楷,M01-203,,,"2,3, 4",,,,,"[{""day"": 3, ""dayName"": ""星期三"", ""periods"": [""2"", ""3"", ""4""], ""raw"": ""2,3, 4""}]",,M01-203,https://course.nuk.edu.tw/QueryCourse/tcontent.asp?OpenYear=111&Helf=2&Sclass=FI&Cono=F563,2026-08-26T18:26:42+00:00
111-2-FI-F592-M-1-,111,2,管理學院,FI,財務金融學系,F592,M,碩士班,1,,財務實證研究,3,選,30,13,,17,張志向,M01-108,,,"2,3, 4",,,,,"[{""day"": 3, ""dayName"": ""星期三"", ""periods"": [""2"", ""3"", ""4""], ""raw"": ""2,3, 4""}]",,M01-108,https://course.nuk.edu.tw/QueryCourse/tcontent.asp?OpenYear=111&Helf=2&Sclass=FI&Cono=F592,2026-08-26T18:26:42+00:00
111-2-FI-G511-M-1-,111,2,管理學院,FI,財務金融學系,G511,M,碩士班,1,,證券分析與投資,3,選,20,6,,14,黃旭輝,M01-102,,"5,6, 7",,,,,,"[{""day"": 2, ""dayName"": ""星期二"", ""periods"": [""5"", ""6"", ""7""], ""raw"": ""5,6, 7""}]",限修,M01-102，與大四、碩二合開,https://course.nuk.edu.tw/QueryCourse/tcontent.asp?OpenYear=111&Helf=2&Sclass=FI&Cono=G511,2026-08-26T18:26:42+00:00
111-2-FI-F00D-M-2-,111,2,管理學院,FI,財務金融學系,F00D,M,碩士班,2,,財務專題研討(四),2,必,30,14,,16,高蘭芬,M01-421,,,"6,7",,,,,"[{""day"": 3, ""dayName"": ""星期三"", ""periods"": [""6"", ""7""], ""raw"": ""6,7""}]",限修,M01-421,https://course.nuk.edu.tw/QueryCourse/tcontent.asp?OpenYear=111&Helf=2&Sclass=FI&Cono=F00D,2026-08-26T18:26:42+00:00
111-2-FI-F541-M-2-,111,2,管理學院,FI,財務金融學系,F541,M,碩士班,2,,公司治理,3,選,30,22,,8,高蘭芬,M01-204,"5,6, 7",,,,,,,"[{""day"": 1, ""dayName"": ""星期一"", ""periods"": [""5"", ""6"", ""7""], ""raw"": ""5,6, 7""}]",限修 學程,M01-204，與碩一合開，隸屬管理學院公司治理微學程,https://course.nuk.edu.tw/QueryCourse/tcontent.asp?OpenYear=111&Helf=2&Sclass=FI&Cono=F541,2026-08-26T18:26:42+00:00
111-2-FI-G501-M-2-,111,2,管理學院,FI,財務金融學系,G501,M,碩士班,2,,金融倫理,3,選,40,40,,0,王功亮,M01-204,,,,"5,6, 7",,,,"[{""day"": 4, ""dayName"": ""星期四"", ""periods"": [""5"", ""6"", ""7""], ""raw"": ""5,6, 7""}]",外加,M01-204，與大三、大四合開,https://course.nuk.edu.tw/QueryCourse/tcontent.asp?OpenYear=111&Helf=2&Sclass=FI&Cono=G501,2026-08-26T18:26:42+00:00
111-2-FI-G511-M-2-,111,2,管理學院,FI,財務金融學系,G511,M,碩士班,2,,證券分析與投資,3,選,20,6,,14,黃旭輝,M01-102,,"5,6, 7",,,,,,"[{""day"": 2, ""dayName"": ""星期二"", ""periods"": [""5"", ""6"", ""7""], ""raw"": ""5,6, 7""}]",限修,M01-102，與大四、碩一合開,https://course.nuk.edu.tw/QueryCourse/tcontent.asp?OpenYear=111&Helf=2&Sclass=FI&Cono=G511,2026-08-26T18:26:42+00:00
111-2-IBA-O586-E-1-,111,2,管理學院,IBA,國際高階經營管理碩士在職專班,O586,E,高階經營管理碩士在職專班,1,,財務管理,3,選,25,7,,18,張志向 蔡明憲,,,,,,,"1,2, 3,4, 5,6",,"[{""day"": 6, ""dayName"": ""星期六"", ""periods"": [""1"", ""2"", ""3"", ""4"", ""5"", ""6""], ""raw"": ""1,2, 3,4, 5,6""}]",限修,廈門班，與泰國班合開,https://course.nuk.edu.tw/QueryCourse/tcontent.asp?OpenYear=111&Helf=2&Sclass=IBA&Cono=O586,2026-08-26T18:26:42+00:00
111-2-IBA-O613-E-1-,111,2,管理學院,IBA,國際高階經營管理碩士在職專班,O613,E,高階經營管理碩士在職專班,1,,管理經濟學應用,3,選,20,3,,17,鄭義暉 李博志,,,,,,,,"1,2, 3,4, 5,6","[{""day"": 7, ""dayName"": ""星期日"", ""periods"": [""1"", ""2"", ""3"", ""4"", ""5"", ""6""], ""raw"": ""1,2, 3,4, 5,6""}]",限修,海西班,https://course.nuk.edu.tw/QueryCourse/tcontent.asp?OpenYear=111&Helf=2&Sclass=IBA&Cono=O613,2026-08-26T18:26:42+00:00
111-2-IBA-O627-E-1-,111,2,管理學院,IBA,國際高階經營管理碩士在職專班,O627,E,高階經營管理碩士在職專班,1,,創新服務管理,3,選,25,6,,19,莊寶鵰 郭英峰,,,,,,,,"1,2, 3,4, 5,6","[{""day"": 7, ""dayName"": ""星期日"", ""periods"": [""1"", ""2"", ""3"", ""4"", ""5"", ""6""], ""raw"": ""1,2, 3,4, 5,6""}]",限修,廈門班，與泰國班合開,https://course.nuk.edu.tw/QueryCourse/tcontent.asp?OpenYear=111&Helf=2&Sclass=IBA&Cono=O627,2026-08-26T18:26:42+00:00
111-2-IBA-O628-E-1-,111,2,管理學院,IBA,國際高階經營管理碩士在職專班,O628,E,高階經營管理碩士在職專班,1,,創新服務管理,2,選,25,3,,22,莊寶鵰 李亭林,,,,,,,,"7,8, 9,10, 11,12","[{""day"": 7, ""dayName"": ""星期日"", ""periods"": [""7"", ""8"", ""9"", ""10"", ""11"", ""12""], ""raw"": ""7,8, 9,10, 11,12""}]",限修,越南班,https://course.nuk.edu.tw/QueryCourse/tcontent.asp?OpenYear=111&Helf=2&Sclass=IBA&Cono=O628,2026-08-26T18:26:42+00:00
111-2-IBA-O677-E-1-,111,2,管理學院,IBA,國際高階經營管理碩士在職專班,O677,E,高階經營管理碩士在職專班,1,,企業創新商業模式,3,選,25,9,,16,楊書成 王凱,,,,,,,"8,9, 10,11, 12,13",,"[{""day"": 6, ""dayName"": ""星期六"", ""periods"": [""8"", ""9"", ""10"", ""11"", ""12"", ""13""], ""raw"": ""8,9, 10,11, 12,13""}]",限修,廈門班，與泰國班合上,https://course.nuk.edu.tw/QueryCourse/tcontent.asp?OpenYear=111&Helf=2&Sclass=IBA&Cono=O677,2026-08-26T18:26:42+00:00
111-2-IBA-O682-E-1-,111,2,管理學院,IBA,國際高階經營管理碩士在職專班,O682,E,高階經營管理碩士在職專班,1,,永續發展與企業經營實務,3,選,25,7,,18,佘志民 吳行浩,,,,,,,,"1,2, 3,4, 5,6","[{""day"": 7, ""dayName"": ""星期日"", ""periods"": [""1"", ""2"", ""3"", ""4"", ""5"", ""6""], ""raw"": ""1,2, 3,4, 5,6""}]",限修,越南班,https://course.nuk.edu.tw/QueryCourse/tcontent.asp?OpenYear=111&Helf=2&Sclass=IBA&Cono=O682,2026-08-26T18:26:42+00:00
111-2-IBA-O746-E-1-,111,2,管理學院,IBA,國際高階經營管理碩士在職專班,O746,E,高階經營管理碩士在職專班,1,,顧客關係管理,3,選,25,7,,18,楊書成 丁一賢,,,,,,,,"1,2, 3,4, 5,6","[{""day"": 7, ""dayName"": ""星期日"", ""periods"": [""1"", ""2"", ""3"", ""4"", ""5"", ""6""], ""raw"": ""1,2, 3,4, 5,6""}]",限修,上海班,https://course.nuk.edu.tw/QueryCourse/tcontent.asp?OpenYear=111&Helf=2&Sclass=IBA&Cono=O746,2026-08-26T18:26:42+00:00
111-2-IBA-O757-E-1-,111,2,管理學院,IBA,國際高階經營管理碩士在職專班,O757,E,高階經營管理碩士在職專班,1,,資訊科技應用與實務,3,選,20,5,,15,吳建興 王凱,,,,,,,,"7,8, 9,10, 11,12","[{""day"": 7, ""dayName"": ""星期日"", ""periods"": [""7"", ""8"", ""9"", ""10"", ""11"", ""12""], ""raw"": ""7,8, 9,10, 11,12""}]",限修,海西班,https://course.nuk.edu.tw/QueryCourse/tcontent.asp?OpenYear=111&Helf=2&Sclass=IBA&Cono=O757,2026-08-26T18:26:42+00:00
111-2-IBA-O762-E-1-,111,2,管理學院,IBA,國際高階經營管理碩士在職專班,O762,E,高階經營管理碩士在職專班,1,,數位轉型與碳經濟,3,選,25,5,,20,佘志民 李亭林,,,,,,,"1,2, 3,4, 5,6",,"[{""day"": 6, ""dayName"": ""星期六"", ""periods"": [""1"", ""2"", ""3"", ""4"", ""5"", ""6""], ""raw"": ""1,2, 3,4, 5,6""}]",限修,上海班,https://course.nuk.edu.tw/QueryCourse/tcontent.asp?OpenYear=111&Helf=2&Sclass=IBA&Cono=O762,2026-08-26T18:26:42+00:00
111-2-IBA-O12B-E-2-,111,2,管理學院,IBA,國際高階經營管理碩士在職專班,O12B,E,高階經營管理碩士在職專班,2,,碩士論文(下)-(越南班),3,必,25,5,,20,翁銘章 張志向 莊寶鵰 鄭義暉,,,X,X,X,,,,"[{""day"": 2, ""dayName"": ""星期二"", ""periods"": [""X""], ""raw"": ""X""}, {""day"": 3, ""dayName"": ""星期三"", ""periods"": [""X""], ""raw"": ""X""}, {""day"": 4, ""dayName"": ""星期四"", ""periods"": [""X""], ""raw"": ""X""}]",限修,越南班,https://course.nuk.edu.tw/QueryCourse/tcontent.asp?OpenYear=111&Helf=2&Sclass=IBA&Cono=O12B,2026-08-26T18:26:42+00:00
111-2-IBA-O15B-E-2-,111,2,管理學院,IBA,國際高階經營管理碩士在職專班,O15B,E,高階經營管理碩士在職專班,2,,碩士論文(下)-(上海班),3,必,15,10,,5,翁銘章 張志向 吳毓麒 李亭林 丁一賢 李博志 趙建雄,,,X,X,X,,,,"[{""day"": 2, ""dayName"": ""星期二"", ""periods"": [""X""], ""raw"": ""X""}, {""day"": 3, ""dayName"": ""星期三"", ""periods"": [""X""], ""raw"": ""X""}, {""day"": 4, ""dayName"": ""星期四"", ""periods"": [""X""], ""raw"": ""X""}]",限修,上海班,https://course.nuk.edu.tw/QueryCourse/tcontent.asp?OpenYear=111&Helf=2&Sclass=IBA&Cono=O15B,2026-08-26T18:26:42+00:00
111-2-IBA-O16B-E-2-,111,2,管理學院,IBA,國際高階經營管理碩士在職專班,O16B,E,高階經營管理碩士在職專班,2,,碩士論文(下)-(海西班),3,必,30,12,,18,翁銘章 佘志民 楊書成 莊寶鵰 張志向,,,X,X,X,,,,"[{""day"": 2, ""dayName"": ""星期二"", ""periods"": [""X""], ""raw"": ""X""}, {""day"": 3, ""dayName"": ""星期三"", ""periods"": [""X""], ""raw"": ""X""}, {""day"": 4, ""dayName"": ""星期四"", ""periods"": [""X""], ""raw"": ""X""}]",限修,海西班,https://course.nuk.edu.tw/QueryCourse/tcontent.asp?OpenYear=111&Helf=2&Sclass=IBA&Cono=O16B,2026-08-26T18:26:42+00:00
111-2-IM-A051-A-1-A,111,2,管理學院,IM,資訊管理學系,A051,A,大學部,1,A,微積分,3,必,81,81,,0,張佳琪,M01-B109,,,,"5,6, 7",,,,"[{""day"": 4, ""dayName"": ""星期四"", ""periods"": [""5"", ""6"", ""7""], ""raw"": ""5,6, 7""}]",限修及外加,教室為M01-B109。限修本系，其他系所同學如須加簽請洽任課老師。,https://course.nuk.edu.tw/QueryCourse/tcontent.asp?OpenYear=111&Helf=2&Sclass=IM&Cono=A051,2026-08-26T18:26:42+00:00
111-2-IM-A081-A-1-A,111,2,管理學院,IM,資訊管理學系,A081,A,大學部,1,A,會計學,3,必,94,94,,0,楊書成,C02-105,,,"2,3, 4",,,,,"[{""day"": 3, ""dayName"": ""星期三"", ""periods"": [""2"", ""3"", ""4""], ""raw"": ""2,3, 4""}]",限修及外加,限修本系，其他系所同學如須加簽請洽任課老師。,https://course.nuk.edu.tw/QueryCourse/tcontent.asp?OpenYear=111&Helf=2&Sclass=IM&Cono=A081,2026-08-26T18:26:42+00:00
111-2-IM-A15A-A-1-A,111,2,管理學院,IM,資訊管理學系,A15A,A,大學部,1,A,物件導向程式設計Ⅰ,3,必,62,62,,0,丁一賢 王凱,L01-107,,,,,"5,6, 7",,,"[{""day"": 5, ""dayName"": ""星期五"", ""periods"": [""5"", ""6"", ""7""], ""raw"": ""5,6, 7""}]",限修,限修本系，其他系所同學如須加簽請洽任課老師。,https://course.nuk.edu.tw/QueryCourse/tcontent.asp?OpenYear=111&Helf=2&Sclass=IM&Cono=A15A,2026-08-26T18:26:42+00:00
111-2-IM-B031-A-1-A,111,2,管理學院,IM,資訊管理學系,B031,A,大學部,1,A,資訊管理導論,3,必,71,71,,0,王凱,M01-208,,,,"2,3, 4",,,,"[{""day"": 4, ""dayName"": ""星期四"", ""periods"": [""2"", ""3"", ""4""], ""raw"": ""2,3, 4""}]",限修及外加,教室為M01-208。限修本系，其他系所同學如須加簽請洽任課老師。,https://course.nuk.edu.tw/QueryCourse/tcontent.asp?OpenYear=111&Helf=2&Sclass=IM&Cono=B031,2026-08-26T18:26:42+00:00
111-2-IM-B101-A-1-A,111,2,管理學院,IM,資訊管理學系,B101,A,大學部,1,A,電子商務,3,選,70,70,,0,林杏子,M01-105,,,,"5,6, 7",,,,"[{""day"": 4, ""dayName"": ""星期四"", ""periods"": [""5"", ""6"", ""7""], ""raw"": ""5,6, 7""}]",限修,資訊管理系主開，並與創院合開，教室為管理學院105教室，若因疫情課程變動將以Moodle 平台通知。,https://course.nuk.edu.tw/QueryCourse/tcontent.asp?OpenYear=111&Helf=2&Sclass=IM&Cono=B101,2026-08-26T18:26:42+00:00
111-2-IM-A15C-A-2-A,111,2,管理學院,IM,資訊管理學系,A15C,A,大學部,2,A,物件導向程式設計Ⅰ,3,必,76,76,,0,丁一賢 王凱,L01-108,,,,,"5,6, 7",,,"[{""day"": 5, ""dayName"": ""星期五"", ""periods"": [""5"", ""6"", ""7""], ""raw"": ""5,6, 7""}]",限修及外加,重修班請選此班。限修本系，其他系所同學如須加簽請洽任課老師。,https://course.nuk.edu.tw/QueryCourse/tcontent.asp?OpenYear=111&Helf=2&Sclass=IM&Cono=A15C,2026-08-26T18:26:42+00:00
111-2-IM-B02B-A-2-A,111,2,管理學院,IM,資訊管理學系,B02B,A,大學部,2,A,統計學(二),3,必,63,63,,0,吳建興,M01-105,,"5,6, 7",,,,,,"[{""day"": 2, ""dayName"": ""星期二"", ""periods"": [""5"", ""6"", ""7""], ""raw"": ""5,6, 7""}]",限修及外加,教室為M01-105。限修本系，其他系所同學如須加簽請洽任課老師。,https://course.nuk.edu.tw/QueryCourse/tcontent.asp?OpenYear=111&Helf=2&Sclass=IM&Cono=B02B,2026-08-26T18:26:42+00:00
111-2-IM-B051-A-2-A,111,2,管理學院,IM,資訊管理學系,B051,A,大學部,2,A,資料庫管理,3,必,93,93,,0,楊書成,M01-B102,,,"5,6, 7",,,,,"[{""day"": 3, ""dayName"": ""星期三"", ""periods"": [""5"", ""6"", ""7""], ""raw"": ""5,6, 7""}]",限修,限修本系，其他系所同學如須加簽請洽任課老師。,https://course.nuk.edu.tw/QueryCourse/tcontent.asp?OpenYear=111&Helf=2&Sclass=IM&Cono=B051,2026-08-26T18:26:42+00:00
111-2-IM-B101-A-2-A,111,2,管理學院,IM,資訊管理學系,B101,A,大學部,2,A,電子商務,3,必,70,70,,0,林杏子,M01-105,,,,"5,6, 7",,,,"[{""day"": 4, ""dayName"": ""星期四"", ""periods"": [""5"", ""6"", ""7""], ""raw"": ""5,6, 7""}]",外加,教室為M01-105。與創新學院合開。,https://course.nuk.edu.tw/QueryCourse/tcontent.asp?OpenYear=111&Helf=2&Sclass=IM&Cono=B101,2026-08-26T18:26:42+00:00
111-2-IM-B121-A-2-A,111,2,管理學院,IM,資訊管理學系,B121,A,大學部,2,A,網頁程式設計,3,必,62,62,,0,丁一賢,L01-107,,,,"2,3, 4",,,,"[{""day"": 4, ""dayName"": ""星期四"", ""periods"": [""2"", ""3"", ""4""], ""raw"": ""2,3, 4""}]",限修及外加,限修本系，其他系所同學如須加簽請洽任課老師。,https://course.nuk.edu.tw/QueryCourse/tcontent.asp?OpenYear=111&Helf=2&Sclass=IM&Cono=B121,2026-08-26T18:26:42+00:00
111-2-IM-C03A-A-3-A,111,2,管理學院,IM,資訊管理學系,C03A,A,大學部,3,A,專案開發I(A),3,必,60,55,,5,楊書成 趙建雄 林杏子 郭英峰 蕭漢威 楊新章 丁一賢 張佳琪 吳建興 王凱,M01-105,"2,3, 4",,,,,,,"[{""day"": 1, ""dayName"": ""星期一"", ""periods"": [""2"", ""3"", ""4""], ""raw"": ""2,3, 4""}]",限修,教室為M01-105。,https://course.nuk.edu.tw/QueryCourse/tcontent.asp?OpenYear=111&Helf=2&Sclass=IM&Cono=C03A,2026-08-26T18:26:42+00:00
111-2-IM-C041-A-3-A,111,2,管理學院,IM,資訊管理學系,C041,A,大學部,3,A,作業系統,3,必,63,63,,0,楊新章,M01-208,,"5,6, 7",,,,,,"[{""day"": 2, ""dayName"": ""星期二"", ""periods"": [""5"", ""6"", ""7""], ""raw"": ""5,6, 7""}]",限修及外加,教室為M01-208。限修本系，其他系所同學如須加簽請洽任課老師。,https://course.nuk.edu.tw/QueryCourse/tcontent.asp?OpenYear=111&Helf=2&Sclass=IM&Cono=C041,2026-08-26T18:26:42+00:00
111-2-IM-C562-A-3-A,111,2,管理學院,IM,資訊管理學系,C562,A,大學部,3,A,企業資源規劃與供應鏈管理,3,選,60,15,,45,趙建雄,M01-105,,,"5,6, 7",,,,,"[{""day"": 3, ""dayName"": ""星期三"", ""periods"": [""5"", ""6"", ""7""], ""raw"": ""5,6, 7""}]",限修,教室為M01-105。限修本系，其他系所同學如須加簽請洽任課老師。,https://course.nuk.edu.tw/QueryCourse/tcontent.asp?OpenYear=111&Helf=2&Sclass=IM&Cono=C562,2026-08-26T18:26:42+00:00
111-2-IM-C633-A-3-A,111,2,管理學院,IM,資訊管理學系,C633,A,大學部,3,A,進階網路協定與軟體定義網路,2,選,60,20,,40,趙志宏,L01-107,,,,"9,10",,,,"[{""day"": 4, ""dayName"": ""星期四"", ""periods"": [""9"", ""10""], ""raw"": ""9,10""}]",先修 限修,,https://course.nuk.edu.tw/QueryCourse/tcontent.asp?OpenYear=111&Helf=2&Sclass=IM&Cono=C633,2026-08-26T18:26:42+00:00
111-2-IM-C643-A-3-A,111,2,管理學院,IM,資訊管理學系,C643,A,大學部,3,A,行動商務,3,選,60,44,,16,趙建雄,M01-105,,,,"2,3, 4",,,,"[{""day"": 4, ""dayName"": ""星期四"", ""periods"": [""2"", ""3"", ""4""], ""raw"": ""2,3, 4""}]",,教室為M01-105。限修本系，其他系所同學如須加簽請洽任課老師。,https://course.nuk.edu.tw/QueryCourse/tcontent.asp?OpenYear=111&Helf=2&Sclass=IM&Cono=C643,2026-08-26T18:26:42+00:00
111-2-IM-C66A-A-3-A,111,2,管理學院,IM,資訊管理學系,C66A,A,大學部,3,A,開放資料系統與實務 I,1,選,16,16,,0,林杏子 蕭漢威 丁一賢,,,,,,,"5,6, 7,8",,"[{""day"": 6, ""dayName"": ""星期六"", ""periods"": [""5"", ""6"", ""7"", ""8""], ""raw"": ""5,6, 7,8""}]",外加,此課程為指定加簽課程。,https://course.nuk.edu.tw/QueryCourse/tcontent.asp?OpenYear=111&Helf=2&Sclass=IM&Cono=C66A,2026-08-26T18:26:42+00:00
111-2-IM-C66B-A-3-A,111,2,管理學院,IM,資訊管理學系,C66B,A,大學部,3,A,社群網路系統與實務 I,1,選,13,13,,0,郭英峰 楊書成 王凱,,,,,,,"1,2, 3,4",,"[{""day"": 6, ""dayName"": ""星期六"", ""periods"": [""1"", ""2"", ""3"", ""4""], ""raw"": ""1,2, 3,4""}]",外加,此課程為指定加簽課程。,https://course.nuk.edu.tw/QueryCourse/tcontent.asp?OpenYear=111&Helf=2&Sclass=IM&Cono=C66B,2026-08-26T18:26:42+00:00
111-2-IM-C66C-A-3-A,111,2,管理學院,IM,資訊管理學系,C66C,A,大學部,3,A,人工智慧系統與實務 I,1,選,14,14,,0,張佳琪 丁一賢 趙建雄,,,,,,,"1,2, 3,4",,"[{""day"": 6, ""dayName"": ""星期六"", ""periods"": [""1"", ""2"", ""3"", ""4""], ""raw"": ""1,2, 3,4""}]",外加,此課程為指定加簽課程。,https://course.nuk.edu.tw/QueryCourse/tcontent.asp?OpenYear=111&Helf=2&Sclass=IM&Cono=C66C,2026-08-26T18:26:42+00:00
111-2-IM-C66D-A-3-A,111,2,管理學院,IM,資訊管理學系,C66D,A,大學部,3,A,資訊技術系統與實務 I,1,選,12,12,,0,吳建興 楊新章 楊書成,,,,,,,"5,6, 7,8",,"[{""day"": 6, ""dayName"": ""星期六"", ""periods"": [""5"", ""6"", ""7"", ""8""], ""raw"": ""5,6, 7,8""}]",外加,此課為指定加簽課程。,https://course.nuk.edu.tw/QueryCourse/tcontent.asp?OpenYear=111&Helf=2&Sclass=IM&Cono=C66D,2026-08-26T18:26:42+00:00
111-2-IM-C721-A-3-A,111,2,管理學院,IM,資訊管理學系,C721,A,大學部,3,A,Python程式設計,3,選,44,16,,28,蕭漢威,L01-107,,,,"5,6, 7",,,,"[{""day"": 4, ""dayName"": ""星期四"", ""periods"": [""5"", ""6"", ""7""], ""raw"": ""5,6, 7""}]",限修及外加,"限修本系，其他系所同學如須加簽請洽任課老師。3,4年級合開",https://course.nuk.edu.tw/QueryCourse/tcontent.asp?OpenYear=111&Helf=2&Sclass=IM&Cono=C721,2026-08-26T18:26:42+00:00
111-2-IM-F503-A-3-A,111,2,管理學院,IM,資訊管理學系,F503,A,大學部,3,A,資訊科技與商業模式,3,選,15,9,,6,王凱,M01-302,,,"2,3, 4",,,,,"[{""day"": 3, ""dayName"": ""星期三"", ""periods"": [""2"", ""3"", ""4""], ""raw"": ""2,3, 4""}]",限修,教室為M01-302。與資管大四、碩一合開。,https://course.nuk.edu.tw/QueryCourse/tcontent.asp?OpenYear=111&Helf=2&Sclass=IM&Cono=F503,2026-08-26T18:26:42+00:00
111-2-IM-F612-A-3-A,111,2,管理學院,IM,資訊管理學系,F612,A,大學部,3,A,管理數學,3,選,40,40,,0,楊新章,M01-208,,,"5,6, 7",,,,,"[{""day"": 3, ""dayName"": ""星期三"", ""periods"": [""5"", ""6"", ""7""], ""raw"": ""5,6, 7""}]",,教室為M01-208，與資管大四、碩一合開，限修本系，外系同學請洽任課老師,https://course.nuk.edu.tw/QueryCourse/tcontent.asp?OpenYear=111&Helf=2&Sclass=IM&Cono=F612,2026-08-26T18:26:42+00:00
111-2-IM-F633-A-3-A,111,2,管理學院,IM,資訊管理學系,F633,A,大學部,3,A,物聯網,3,選,32,30,,2,蕭漢威,L01-203,,,"2,3, 4",,,,,"[{""day"": 3, ""dayName"": ""星期三"", ""periods"": [""2"", ""3"", ""4""], ""raw"": ""2,3, 4""}]",外加,教室為圖資二樓機具間。,https://course.nuk.edu.tw/QueryCourse/tcontent.asp?OpenYear=111&Helf=2&Sclass=IM&Cono=F633,2026-08-26T18:26:42+00:00
111-2-IM-F63A-A-3-A,111,2,管理學院,IM,資訊管理學系,F63A,A,大學部,3,A,物聯網技術應用實作專題,3,選,30,15,,15,蕭漢威,L01-203,,,,,"5,6, 7",,,"[{""day"": 5, ""dayName"": ""星期五"", ""periods"": [""5"", ""6"", ""7""], ""raw"": ""5,6, 7""}]",,與資管大四、碩一，主開為資管系，教室為圖資機具間。,https://course.nuk.edu.tw/QueryCourse/tcontent.asp?OpenYear=111&Helf=2&Sclass=IM&Cono=F63A,2026-08-26T18:26:42+00:00
111-2-IM-F641-A-3-A,111,2,管理學院,IM,資訊管理學系,F641,A,大學部,3,A,英文簡報實務,3,選,15,6,,9,王凱,M01-302,,,"5,6, 7",,,,,"[{""day"": 3, ""dayName"": ""星期三"", ""periods"": [""5"", ""6"", ""7""], ""raw"": ""5,6, 7""}]",,教室為M01-302。,https://course.nuk.edu.tw/QueryCourse/tcontent.asp?OpenYear=111&Helf=2&Sclass=IM&Cono=F641,2026-08-26T18:26:42+00:00
111-2-IM-C721-A-4-A,111,2,管理學院,IM,資訊管理學系,C721,A,大學部,4,A,Python程式設計,3,選,44,16,,28,蕭漢威,L01-107,,,,"5,6, 7",,,,"[{""day"": 4, ""dayName"": ""星期四"", ""periods"": [""5"", ""6"", ""7""], ""raw"": ""5,6, 7""}]",限修及外加,"限修本系，其他系所同學如須加簽請洽任課老師。3,4年級合開",https://course.nuk.edu.tw/QueryCourse/tcontent.asp?OpenYear=111&Helf=2&Sclass=IM&Cono=C721,2026-08-26T18:26:42+00:00
111-2-IM-D60A-A-4-A,111,2,管理學院,IM,資訊管理學系,D60A,A,大學部,4,A,企業實習Ⅰ,9,選,2,2,,0,王凱 丁一賢 楊書成,M01-302,,,,,,,"2,3, 4","[{""day"": 7, ""dayName"": ""星期日"", ""periods"": [""2"", ""3"", ""4""], ""raw"": ""2,3, 4""}]",外加,教室為M01-302，此課程為指定加簽。,https://course.nuk.edu.tw/QueryCourse/tcontent.asp?OpenYear=111&Helf=2&Sclass=IM&Cono=D60A,2026-08-26T18:26:42+00:00
111-2-IM-F503-A-4-A,111,2,管理學院,IM,資訊管理學系,F503,A,大學部,4,A,資訊科技與商業模式,3,選,15,9,,6,王凱,M01-302,,,"2,3, 4",,,,,"[{""day"": 3, ""dayName"": ""星期三"", ""periods"": [""2"", ""3"", ""4""], ""raw"": ""2,3, 4""}]",限修,教室為M01-302。與資管大三、碩一合開。,https://course.nuk.edu.tw/QueryCourse/tcontent.asp?OpenYear=111&Helf=2&Sclass=IM&Cono=F503,2026-08-26T18:26:42+00:00
111-2-IM-F581-A-4-A,111,2,管理學院,IM,資訊管理學系,F581,A,大學部,4,A,資料探勘與知識挖掘,3,選,31,16,,15,張佳琪,M01-417,,,,,"2,3, 4",,,"[{""day"": 5, ""dayName"": ""星期五"", ""periods"": [""2"", ""3"", ""4""], ""raw"": ""2,3, 4""}]",限修及外加,與資管碩一合開，教室為M01-417。限修本系，外系同學欲加簽，請洽任課老師。,https://course.nuk.edu.tw/QueryCourse/tcontent.asp?OpenYear=111&Helf=2&Sclass=IM&Cono=F581,2026-08-26T18:26:42+00:00
111-2-IM-F610-A-4-A,111,2,管理學院,IM,資訊管理學系,F610,A,大學部,4,A,人工智慧商務應用,3,選,30,15,,15,趙建雄,M01-208,,,"2,3, 4",,,,,"[{""day"": 3, ""dayName"": ""星期三"", ""periods"": [""2"", ""3"", ""4""], ""raw"": ""2,3, 4""}]",限修,教室為M01-208限修本系，與資管大三合開，外系同學欲修此課程，請找任課老師加簽。,https://course.nuk.edu.tw/QueryCourse/tcontent.asp?OpenYear=111&Helf=2&Sclass=IM&Cono=F610,2026-08-26T18:26:42+00:00
111-2-IM-F612-A-4-A,111,2,管理學院,IM,資訊管理學系,F612,A,大學部,4,A,管理數學,3,選,40,40,,0,楊新章,M01-208,,,"5,6, 7",,,,,"[{""day"": 3, ""dayName"": ""星期三"", ""periods"": [""5"", ""6"", ""7""], ""raw"": ""5,6, 7""}]",,教室為M01-208，與資管大三、碩一合開，限修本系，外系同學請洽任課老師,https://course.nuk.edu.tw/QueryCourse/tcontent.asp?OpenYear=111&Helf=2&Sclass=IM&Cono=F612,2026-08-26T18:26:42+00:00
111-2-IM-F633-A-4-A,111,2,管理學院,IM,資訊管理學系,F633,A,大學部,4,A,物聯網,3,選,32,30,,2,蕭漢威,L01-203,,,"2,3, 4",,,,,"[{""day"": 3, ""dayName"": ""星期三"", ""periods"": [""2"", ""3"", ""4""], ""raw"": ""2,3, 4""}]",,教室為圖資二樓機具間。,https://course.nuk.edu.tw/QueryCourse/tcontent.asp?OpenYear=111&Helf=2&Sclass=IM&Cono=F633,2026-08-26T18:26:42+00:00
111-2-IM-F63A-A-4-A,111,2,管理學院,IM,資訊管理學系,F63A,A,大學部,4,A,物聯網技術應用實作專題,3,選,30,15,,15,蕭漢威,L01-203,,,,,"5,6, 7",,,"[{""day"": 5, ""dayName"": ""星期五"", ""periods"": [""5"", ""6"", ""7""], ""raw"": ""5,6, 7""}]",,與資管大三、碩一，主開為資管系，教室為圖資機具間。,https://course.nuk.edu.tw/QueryCourse/tcontent.asp?OpenYear=111&Helf=2&Sclass=IM&Cono=F63A,2026-08-26T18:26:42+00:00
111-2-IM-F641-A-4-A,111,2,管理學院,IM,資訊管理學系,F641,A,大學部,4,A,英文簡報實務,3,選,15,6,,9,王凱,M01-302,,,"5,6, 7",,,,,"[{""day"": 3, ""dayName"": ""星期三"", ""periods"": [""5"", ""6"", ""7""], ""raw"": ""5,6, 7""}]",,教室為M01-302。,https://course.nuk.edu.tw/QueryCourse/tcontent.asp?OpenYear=111&Helf=2&Sclass=IM&Cono=F641,2026-08-26T18:26:42+00:00
111-2-IM-F01B-M-1-,111,2,管理學院,IM,資訊管理學系,F01B,M,碩士班,1,,研究方法(二),3,必,15,11,,4,林杏子,M01-302,,,,"2,3, 4",,,,"[{""day"": 4, ""dayName"": ""星期四"", ""periods"": [""2"", ""3"", ""4""], ""raw"": ""2,3, 4""}]",限修,限修本系，其他系所同學如須加簽請洽任課老師。,https://course.nuk.edu.tw/QueryCourse/tcontent.asp?OpenYear=111&Helf=2&Sclass=IM&Cono=F01B,2026-08-26T18:26:42+00:00
111-2-IM-F03B-M-1-,111,2,管理學院,IM,資訊管理學系,F03B,M,碩士班,1,,書報討論(二),1,必,15,10,,5,郭英峰,M01-111,,,,"6,7",,,,"[{""day"": 4, ""dayName"": ""星期四"", ""periods"": [""6"", ""7""], ""raw"": ""6,7""}]",限修,教室為M01-111。限修本系，其他系所同學如須加簽請洽任課老師。,https://course.nuk.edu.tw/QueryCourse/tcontent.asp?OpenYear=111&Helf=2&Sclass=IM&Cono=F03B,2026-08-26T18:26:42+00:00
111-2-IM-F041-M-1-,111,2,管理學院,IM,資訊管理學系,F041,M,碩士班,1,,資訊科技導論,3,必,15,12,,3,丁一賢 蕭漢威 楊新章 張佳琪,M01-302,"5,6, 7",,,,,,,"[{""day"": 1, ""dayName"": ""星期一"", ""periods"": [""5"", ""6"", ""7""], ""raw"": ""5,6, 7""}]",限修,教室為M01-302。限修本系，其他系所同學如須加簽請洽任課老師。,https://course.nuk.edu.tw/QueryCourse/tcontent.asp?OpenYear=111&Helf=2&Sclass=IM&Cono=F041,2026-08-26T18:26:42+00:00
111-2-IM-F503-M-1-,111,2,管理學院,IM,資訊管理學系,F503,M,碩士班,1,,資訊科技與商業模式,3,選,15,9,,6,王凱,M01-302,,,"2,3, 4",,,,,"[{""day"": 3, ""dayName"": ""星期三"", ""periods"": [""2"", ""3"", ""4""], ""raw"": ""2,3, 4""}]",限修,教室為M01-302。與資管大三、大四合開。,https://course.nuk.edu.tw/QueryCourse/tcontent.asp?OpenYear=111&Helf=2&Sclass=IM&Cono=F503,2026-08-26T18:26:42+00:00
111-2-IM-F562-M-1-,111,2,管理學院,IM,資訊管理學系,F562,M,碩士班,1,,資訊化服務研究專題,3,選,4,4,,0,王凱,,,X,X,X,,,,"[{""day"": 2, ""dayName"": ""星期二"", ""periods"": [""X""], ""raw"": ""X""}, {""day"": 3, ""dayName"": ""星期三"", ""periods"": [""X""], ""raw"": ""X""}, {""day"": 4, ""dayName"": ""星期四"", ""periods"": [""X""], ""raw"": ""X""}]",限修及外加,此課程為指定加簽。,https://course.nuk.edu.tw/QueryCourse/tcontent.asp?OpenYear=111&Helf=2&Sclass=IM&Cono=F562,2026-08-26T18:26:42+00:00
111-2-IM-F57B-M-1-,111,2,管理學院,IM,資訊管理學系,F57B,M,碩士班,1,,資訊管理專題研討(二),1,選,15,6,,9,王凱,M01-302,,,"8,9, 10",,,,,"[{""day"": 3, ""dayName"": ""星期三"", ""periods"": [""8"", ""9"", ""10""], ""raw"": ""8,9, 10""}]",限修,教室為M01-302。限修本系，其他系所同學如須加簽請洽任課老師。,https://course.nuk.edu.tw/QueryCourse/tcontent.asp?OpenYear=111&Helf=2&Sclass=IM&Cono=F57B,2026-08-26T18:26:42+00:00
111-2-IM-F581-M-1-,111,2,管理學院,IM,資訊管理學系,F581,M,碩士班,1,,資料探勘與知識挖掘,3,選,31,16,,15,張佳琪,M01-417,,,,,"2,3, 4",,,"[{""day"": 5, ""dayName"": ""星期五"", ""periods"": [""2"", ""3"", ""4""], ""raw"": ""2,3, 4""}]",限修及外加,與資管大四合開，教室為M01-417。限修本系，外系同學欲加簽，請洽任課老師，老師為張佳琪。,https://course.nuk.edu.tw/QueryCourse/tcontent.asp?OpenYear=111&Helf=2&Sclass=IM&Cono=F581,2026-08-26T18:26:42+00:00
111-2-IM-F612-M-1-,111,2,管理學院,IM,資訊管理學系,F612,M,碩士班,1,,管理數學,3,選,40,40,,0,楊新章,M01-208,,,"5,6, 7",,,,,"[{""day"": 3, ""dayName"": ""星期三"", ""periods"": [""5"", ""6"", ""7""], ""raw"": ""5,6, 7""}]",,教室為M01-208，與資管大三、碩一合開，限修本系，外系同學請洽任課老師,https://course.nuk.edu.tw/QueryCourse/tcontent.asp?OpenYear=111&Helf=2&Sclass=IM&Cono=F612,2026-08-26T18:26:42+00:00
111-2-IM-F633-M-1-,111,2,管理學院,IM,資訊管理學系,F633,M,碩士班,1,,物聯網,3,選,32,30,,2,蕭漢威,L01-203,,,"2,3, 4",,,,,"[{""day"": 3, ""dayName"": ""星期三"", ""periods"": [""2"", ""3"", ""4""], ""raw"": ""2,3, 4""}]",外加,教室為圖資二樓機具間。,https://course.nuk.edu.tw/QueryCourse/tcontent.asp?OpenYear=111&Helf=2&Sclass=IM&Cono=F633,2026-08-26T18:26:42+00:00
111-2-IM-F63A-M-1-,111,2,管理學院,IM,資訊管理學系,F63A,M,碩士班,1,,物聯網技術應用實作專題,3,選,30,15,,15,蕭漢威,L01-203,,,,,"5,6, 7",,,"[{""day"": 5, ""dayName"": ""星期五"", ""periods"": [""5"", ""6"", ""7""], ""raw"": ""5,6, 7""}]",,與資管大三、大四，主開為資管系，教室為圖資機具間。,https://course.nuk.edu.tw/QueryCourse/tcontent.asp?OpenYear=111&Helf=2&Sclass=IM&Cono=F63A,2026-08-26T18:26:42+00:00
111-2-IM-F641-M-1-,111,2,管理學院,IM,資訊管理學系,F641,M,碩士班,1,,英文簡報實務,3,選,15,6,,9,王凱,M01-302,,,"5,6, 7",,,,,"[{""day"": 3, ""dayName"": ""星期三"", ""periods"": [""5"", ""6"", ""7""], ""raw"": ""5,6, 7""}]",,教室為M01-302。,https://course.nuk.edu.tw/QueryCourse/tcontent.asp?OpenYear=111&Helf=2&Sclass=IM&Cono=F641,2026-08-26T18:26:42+00:00
111-2-IM-F03D-M-2-,111,2,管理學院,IM,資訊管理學系,F03D,M,碩士班,2,,書報討論(四),1,選,15,10,,5,楊書成,M01-111,,,,"6,7",,,,"[{""day"": 4, ""dayName"": ""星期四"", ""periods"": [""6"", ""7""], ""raw"": ""6,7""}]",限修,教室為M01-111。限修本系，其他系所同學如須加簽請洽任課老師。,https://course.nuk.edu.tw/QueryCourse/tcontent.asp?OpenYear=111&Helf=2&Sclass=IM&Cono=F03D,2026-08-26T18:26:42+00:00
111-2-IM-F57D-M-2-,111,2,管理學院,IM,資訊管理學系,F57D,M,碩士班,2,,資訊管理專題研討(四),1,選,15,5,,10,郭英峰,M01-302,,,"8,9, 10",,,,,"[{""day"": 3, ""dayName"": ""星期三"", ""periods"": [""8"", ""9"", ""10""], ""raw"": ""8,9, 10""}]",限修,教室為M01-302。限修本系，其他系所同學如須加簽請洽任課老師。,https://course.nuk.edu.tw/QueryCourse/tcontent.asp?OpenYear=111&Helf=2&Sclass=IM&Cono=F57D,2026-08-26T18:26:42+00:00
111-2-IMA-F551-A-3-A,111,2,管理學院,IMA,國際商業管理碩士學位學程,F551,A,大學部,3,A,供應鏈管理,3,選,27,25,,2,趙建雄,M01-417,,"10,11, 12",,,,,,"[{""day"": 2, ""dayName"": ""星期二"", ""periods"": [""10"", ""11"", ""12""], ""raw"": ""10,11, 12""}]",外加,全英語授課，與資管大四及IMBA合開，教室為M01-417。主開為IMBA。,https://course.nuk.edu.tw/QueryCourse/tcontent.asp?OpenYear=111&Helf=2&Sclass=IMA&Cono=F551,2026-08-26T18:26:42+00:00
111-2-IMA-F551-A-4-A,111,2,管理學院,IMA,國際商業管理碩士學位學程,F551,A,大學部,4,A,供應鏈管理,3,選,27,25,,2,趙建雄,M01-417,,"10,11, 12",,,,,,"[{""day"": 2, ""dayName"": ""星期二"", ""periods"": [""10"", ""11"", ""12""], ""raw"": ""10,11, 12""}]",外加,主開為IMBA，教室為M01-417。全英語課程。,https://course.nuk.edu.tw/QueryCourse/tcontent.asp?OpenYear=111&Helf=2&Sclass=IMA&Cono=F551,2026-08-26T18:26:42+00:00
111-2-IMA-F042-M-1-,111,2,管理學院,IMA,國際商業管理碩士學位學程,F042,M,碩士班,1,,財務管理,3,必,30,8,,22,陳怡凱,M01-106,"5,6, 7",,,,,,,"[{""day"": 1, ""dayName"": ""星期一"", ""periods"": [""5"", ""6"", ""7""], ""raw"": ""5,6, 7""}]",,全英語授課。,https://course.nuk.edu.tw/QueryCourse/tcontent.asp?OpenYear=111&Helf=2&Sclass=IMA&Cono=F042,2026-08-26T18:26:42+00:00
111-2-IMA-F051-M-1-,111,2,管理學院,IMA,國際商業管理碩士學位學程,F051,M,碩士班,1,,國際行銷管理,3,必,30,9,,21,楊詠凱,M01-106,"2,3, 4",,,,,,,"[{""day"": 1, ""dayName"": ""星期一"", ""periods"": [""2"", ""3"", ""4""], ""raw"": ""2,3, 4""}]",,英文授課,https://course.nuk.edu.tw/QueryCourse/tcontent.asp?OpenYear=111&Helf=2&Sclass=IMA&Cono=F051,2026-08-26T18:26:42+00:00
111-2-IMA-F551-M-1-,111,2,管理學院,IMA,國際商業管理碩士學位學程,F551,M,碩士班,1,,供應鏈管理,3,選,27,25,,2,趙建雄,M01-417,,"10,11, 12",,,,,,"[{""day"": 2, ""dayName"": ""星期二"", ""periods"": [""10"", ""11"", ""12""], ""raw"": ""10,11, 12""}]",外加,全英語授課，與資管大四及IMBA合開，教室為M01-417。主開為IMBA。,https://course.nuk.edu.tw/QueryCourse/tcontent.asp?OpenYear=111&Helf=2&Sclass=IMA&Cono=F551,2026-08-26T18:26:42+00:00
111-2-IMA-F557-M-1-,111,2,管理學院,IMA,國際商業管理碩士學位學程,F557,M,碩士班,1,,產業組織與企業社會責任專題,3,選,25,10,,15,鄭義暉 佘志民 劉志成,M01-106,,,,"2,3, 4",,,,"[{""day"": 4, ""dayName"": ""星期四"", ""periods"": [""2"", ""3"", ""4""], ""raw"": ""2,3, 4""}]",,全英語授課，開放學程二年級學生選課,https://course.nuk.edu.tw/QueryCourse/tcontent.asp?OpenYear=111&Helf=2&Sclass=IMA&Cono=F557,2026-08-26T18:26:42+00:00
111-2-IMA-F002-M-2-,111,2,管理學院,IMA,國際商業管理碩士學位學程,F002,M,碩士班,2,,專題研討二,1,必,25,6,,19,王文楷,M01-106,,"2,3, 4",,,,,,"[{""day"": 2, ""dayName"": ""星期二"", ""periods"": [""2"", ""3"", ""4""], ""raw"": ""2,3, 4""}]",,全英語授課。,https://course.nuk.edu.tw/QueryCourse/tcontent.asp?OpenYear=111&Helf=2&Sclass=IMA&Cono=F002,2026-08-26T18:26:42+00:00
111-2-IMA-F071-M-2-,111,2,管理學院,IMA,國際商業管理碩士學位學程,F071,M,碩士班,2,,企業資訊及知識系統管理,3,必,30,7,,23,吳建興,M01-106,,,"5,6, 7",,,,,"[{""day"": 3, ""dayName"": ""星期三"", ""periods"": [""5"", ""6"", ""7""], ""raw"": ""5,6, 7""}]",限修,,https://course.nuk.edu.tw/QueryCourse/tcontent.asp?OpenYear=111&Helf=2&Sclass=IMA&Cono=F071,2026-08-26T18:26:42+00:00
111-2-LBA-O504-E-1-,111,2,管理學院,LBA,高階法律暨管理碩士在職專班,O504,E,高階經營管理碩士在職專班,1,,企業倫理與爭端解決,3,選,30,16,,14,陳月端,,,,,,,,"7,8, 9,10, 11,12","[{""day"": 7, ""dayName"": ""星期日"", ""periods"": [""7"", ""8"", ""9"", ""10"", ""11"", ""12""], ""raw"": ""7,8, 9,10, 11,12""}]",,金門班，與法律班合開，上課教室：管院108教室,https://course.nuk.edu.tw/QueryCourse/tcontent.asp?OpenYear=111&Helf=2&Sclass=LBA&Cono=O504,2026-08-26T18:26:42+00:00
111-2-LBA-O631-E-1-,111,2,管理學院,LBA,高階法律暨管理碩士在職專班,O631,E,高階經營管理碩士在職專班,1,,全球競爭力與經貿專題,3,選,90,68,,22,翁銘章 李博志,,,,,,,"7,8, 9,10, 11,12",,"[{""day"": 6, ""dayName"": ""星期六"", ""periods"": [""7"", ""8"", ""9"", ""10"", ""11"", ""12""], ""raw"": ""7,8, 9,10, 11,12""}]",,高雄班，與法律班合開，上課教室：圖資大樓遠距教室,https://course.nuk.edu.tw/QueryCourse/tcontent.asp?OpenYear=111&Helf=2&Sclass=LBA&Cono=O631,2026-08-26T18:26:42+00:00
111-2-LBA-O641-E-1-,111,2,管理學院,LBA,高階法律暨管理碩士在職專班,O641,E,高階經營管理碩士在職專班,1,,智慧商務與新媒體應用,3,選,90,74,,16,陳怡兆 外校老師,,,,,,,,"1,2, 3,4, 5,6","[{""day"": 7, ""dayName"": ""星期日"", ""periods"": [""1"", ""2"", ""3"", ""4"", ""5"", ""6""], ""raw"": ""1,2, 3,4, 5,6""}]",,高雄班，與法律班合開，上課教室：圖資大樓遠距教室,https://course.nuk.edu.tw/QueryCourse/tcontent.asp?OpenYear=111&Helf=2&Sclass=LBA&Cono=O641,2026-08-26T18:26:42+00:00
111-2-LBA-O00B-E-2-,111,2,管理學院,LBA,高階法律暨管理碩士在職專班,O00B,E,高階經營管理碩士在職專班,2,,碩士論文(下)-(法律班),3,必,20,11,,9,翁銘章 張麗卿 李亭林 張鈺光 林昭志 謝國廉 陳月端,,,X,X,X,,,,"[{""day"": 2, ""dayName"": ""星期二"", ""periods"": [""X""], ""raw"": ""X""}, {""day"": 3, ""dayName"": ""星期三"", ""periods"": [""X""], ""raw"": ""X""}, {""day"": 4, ""dayName"": ""星期四"", ""periods"": [""X""], ""raw"": ""X""}]",禁止外加 限修,法律班,https://course.nuk.edu.tw/QueryCourse/tcontent.asp?OpenYear=111&Helf=2&Sclass=LBA&Cono=O00B,2026-08-26T18:26:42+00:00
