id,year,semester,college,department,departmentName,courseId,division,divisionName,grade,className,courseName,credits,courseType,capacity,confirmed,enrolled,remaining,teacher,classroom,monday,tuesday,wednesday,thursday,friday,saturday,sunday,scheduleJson,restrictions,notes,detailUrl,fetchedAtUtc
095-1-KH-A01A-A-1-A,095,1,人文社會科學院,KH,運動健康與休閒學系,A01A,A,大學部,1,A,普通物理(一),2,必,65,61,,4,馮世維,C01-101,,"6,7",,,,,,"[{""day"": 2, ""dayName"": ""星期二"", ""periods"": [""6"", ""7""], ""raw"": ""6,7""}]",,,https://course.nuk.edu.tw/QueryCourse/tcontent.asp?OpenYear=095&Helf=1&Sclass=KH&Cono=A01A,2026-08-26T18:02:56+00:00
095-1-KH-A02A-A-1-A,095,1,人文社會科學院,KH,運動健康與休閒學系,A02A,A,大學部,1,A,普通生物(動物)學,2,必,70,69,,1,劉紹東,C01-101,,"3,4",,,,,,"[{""day"": 2, ""dayName"": ""星期二"", ""periods"": [""3"", ""4""], ""raw"": ""3,4""}]",,,https://course.nuk.edu.tw/QueryCourse/tcontent.asp?OpenYear=095&Helf=1&Sclass=KH&Cono=A02A,2026-08-26T18:02:56+00:00
095-1-KH-A03A-A-1-A,095,1,人文社會科學院,KH,運動健康與休閒學系,A03A,A,大學部,1,A,微積分(一),2,必,71,67,,4,劉晉良,C02-111,,,,"6,7",,,,"[{""day"": 4, ""dayName"": ""星期四"", ""periods"": [""6"", ""7""], ""raw"": ""6,7""}]",,,https://course.nuk.edu.tw/QueryCourse/tcontent.asp?OpenYear=095&Helf=1&Sclass=KH&Cono=A03A,2026-08-26T18:02:56+00:00
095-1-KH-A04A-A-1-A,095,1,人文社會科學院,KH,運動健康與休閒學系,A04A,A,大學部,1,A,會計學(一),2,必,70,68,,2,楊晴安,C01-101,,,"3,4",,,,,"[{""day"": 3, ""dayName"": ""星期三"", ""periods"": [""3"", ""4""], ""raw"": ""3,4""}]",,,https://course.nuk.edu.tw/QueryCourse/tcontent.asp?OpenYear=095&Helf=1&Sclass=KH&Cono=A04A,2026-08-26T18:02:56+00:00
095-1-KH-A05A-A-1-A,095,1,人文社會科學院,KH,運動健康與休閒學系,A05A,A,大學部,1,A,經濟學(一),2,必,83,81,,2,林聖蒨,C02-406,,,,"8,9",,,,"[{""day"": 4, ""dayName"": ""星期四"", ""periods"": [""8"", ""9""], ""raw"": ""8,9""}]",限修及外加,,https://course.nuk.edu.tw/QueryCourse/tcontent.asp?OpenYear=095&Helf=1&Sclass=KH&Cono=A05A,2026-08-26T18:02:56+00:00
095-1-KH-A071-A-1-A,095,1,人文社會科學院,KH,運動健康與休閒學系,A071,A,大學部,1,A,運動與科學,3,必,73,72,,1,王光濤,C01-101,"2,3, 4",,,,,,,"[{""day"": 1, ""dayName"": ""星期一"", ""periods"": [""2"", ""3"", ""4""], ""raw"": ""2,3, 4""}]",外加,,https://course.nuk.edu.tw/QueryCourse/tcontent.asp?OpenYear=095&Helf=1&Sclass=KH&Cono=A071,2026-08-26T18:02:56+00:00
095-1-KH-A081-A-1-A,095,1,人文社會科學院,KH,運動健康與休閒學系,A081,A,大學部,1,A,休閒與遊憩學,3,必,75,68,,7,潘明珠,C01-101,,,,,"5,6, 7",,,"[{""day"": 5, ""dayName"": ""星期五"", ""periods"": [""5"", ""6"", ""7""], ""raw"": ""5,6, 7""}]",,,https://course.nuk.edu.tw/QueryCourse/tcontent.asp?OpenYear=095&Helf=1&Sclass=KH&Cono=A081,2026-08-26T18:02:56+00:00
095-1-KH-A091-A-1-A,095,1,人文社會科學院,KH,運動健康與休閒學系,A091,A,大學部,1,A,資訊與網路應用,2,必,65,63,,2,郭錦福,B01-206,,,,"3,4",,,,"[{""day"": 4, ""dayName"": ""星期四"", ""periods"": [""3"", ""4""], ""raw"": ""3,4""}]",,,https://course.nuk.edu.tw/QueryCourse/tcontent.asp?OpenYear=095&Helf=1&Sclass=KH&Cono=A091,2026-08-26T18:02:56+00:00
095-1-KH-A06A-A-2-A,095,1,人文社會科學院,KH,運動健康與休閒學系,A06A,A,大學部,2,A,統計學(一),2,必,90,85,,5,潘明珠,C02-407,,,,,,"5,6",,"[{""day"": 6, ""dayName"": ""星期六"", ""periods"": [""5"", ""6""], ""raw"": ""5,6""}]",,,https://course.nuk.edu.tw/QueryCourse/tcontent.asp?OpenYear=095&Helf=1&Sclass=KH&Cono=A06A,2026-08-26T18:02:56+00:00
095-1-KH-B061-A-2-A,095,1,人文社會科學院,KH,運動健康與休閒學系,B061,A,大學部,2,A,休閒社會學,3,必,70,67,,3,莊淑姿,K01-202,,,,"2,3, 4",,,,"[{""day"": 4, ""dayName"": ""星期四"", ""periods"": [""2"", ""3"", ""4""], ""raw"": ""2,3, 4""}]",,,https://course.nuk.edu.tw/QueryCourse/tcontent.asp?OpenYear=095&Helf=1&Sclass=KH&Cono=B061,2026-08-26T18:02:56+00:00
095-1-KH-B151-A-2-A,095,1,人文社會科學院,KH,運動健康與休閒學系,B151,A,大學部,2,A,人體生理學,3,必,85,84,,1,吳佩芳,K01-202,,,,,"5,6, 7",,,"[{""day"": 5, ""dayName"": ""星期五"", ""periods"": [""5"", ""6"", ""7""], ""raw"": ""5,6, 7""}]",,,https://course.nuk.edu.tw/QueryCourse/tcontent.asp?OpenYear=095&Helf=1&Sclass=KH&Cono=B151,2026-08-26T18:02:56+00:00
095-1-KH-B161-A-2-A,095,1,人文社會科學院,KH,運動健康與休閒學系,B161,A,大學部,2,A,人體生理學實驗,1,必,60,58,,2,吳佩芳,K01-201,,,,"5,6, 7,8",,,,"[{""day"": 4, ""dayName"": ""星期四"", ""periods"": [""5"", ""6"", ""7"", ""8""], ""raw"": ""5,6, 7,8""}]",,,https://course.nuk.edu.tw/QueryCourse/tcontent.asp?OpenYear=095&Helf=1&Sclass=KH&Cono=B161,2026-08-26T18:02:56+00:00
095-1-KH-B17A-A-2-A,095,1,人文社會科學院,KH,運動健康與休閒學系,B17A,A,大學部,2,A,人體解剖學與實驗(一),2,必,80,68,,12,劉紹東,K01-202,"3,4",,,,,,,"[{""day"": 1, ""dayName"": ""星期一"", ""periods"": [""3"", ""4""], ""raw"": ""3,4""}]",,,https://course.nuk.edu.tw/QueryCourse/tcontent.asp?OpenYear=095&Helf=1&Sclass=KH&Cono=B17A,2026-08-26T18:02:56+00:00
095-1-KH-B181-A-2-A,095,1,人文社會科學院,KH,運動健康與休閒學系,B181,A,大學部,2,A,普通心理學,2,必,65,61,,4,張永源,K01-202,,,,,"3,4",,,"[{""day"": 5, ""dayName"": ""星期五"", ""periods"": [""3"", ""4""], ""raw"": ""3,4""}]",,,https://course.nuk.edu.tw/QueryCourse/tcontent.asp?OpenYear=095&Helf=1&Sclass=KH&Cono=B181,2026-08-26T18:02:56+00:00
095-1-KH-B191-A-2-A,095,1,人文社會科學院,KH,運動健康與休閒學系,B191,A,大學部,2,A,運動管理學,3,必,61,61,,0,劉碧華,C01-102,,"5,6, 7",,,,,,"[{""day"": 2, ""dayName"": ""星期二"", ""periods"": [""5"", ""6"", ""7""], ""raw"": ""5,6, 7""}]",外加,,https://course.nuk.edu.tw/QueryCourse/tcontent.asp?OpenYear=095&Helf=1&Sclass=KH&Cono=B191,2026-08-26T18:02:56+00:00
095-1-KH-B021-A-3-A,095,1,人文社會科學院,KH,運動健康與休閒學系,B021,A,大學部,3,A,運動心理學,2,必,65,60,,5,張永源,K01-202,,,,,"1,2",,,"[{""day"": 5, ""dayName"": ""星期五"", ""periods"": [""1"", ""2""], ""raw"": ""1,2""}]",,,https://course.nuk.edu.tw/QueryCourse/tcontent.asp?OpenYear=095&Helf=1&Sclass=KH&Cono=B021,2026-08-26T18:02:56+00:00
095-1-KH-B101-A-3-A,095,1,人文社會科學院,KH,運動健康與休閒學系,B101,A,大學部,3,A,人體肌動學,3,必,80,52,,28,劉紹東 吳汶蘭,K01-202,,,"2,3, 4",,,,,"[{""day"": 3, ""dayName"": ""星期三"", ""periods"": [""2"", ""3"", ""4""], ""raw"": ""2,3, 4""}]",,,https://course.nuk.edu.tw/QueryCourse/tcontent.asp?OpenYear=095&Helf=1&Sclass=KH&Cono=B101,2026-08-26T18:02:56+00:00
095-1-KH-B111-A-3-A,095,1,人文社會科學院,KH,運動健康與休閒學系,B111,A,大學部,3,A,休閒遊憩與運動事業人力資源管理,3,必,65,56,,9,潘明珠,C01-102,"6,7, 8",,,,,,,"[{""day"": 1, ""dayName"": ""星期一"", ""periods"": [""6"", ""7"", ""8""], ""raw"": ""6,7, 8""}]",,,https://course.nuk.edu.tw/QueryCourse/tcontent.asp?OpenYear=095&Helf=1&Sclass=KH&Cono=B111,2026-08-26T18:02:56+00:00
095-1-KH-B511-A-3-A,095,1,人文社會科學院,KH,運動健康與休閒學系,B511,A,大學部,3,A,基礎生物化學,2,必,70,66,,4,吳佩芳,B01-104,,,"5,6",,,,,"[{""day"": 3, ""dayName"": ""星期三"", ""periods"": [""5"", ""6""], ""raw"": ""5,6""}]",,,https://course.nuk.edu.tw/QueryCourse/tcontent.asp?OpenYear=095&Helf=1&Sclass=KH&Cono=B511,2026-08-26T18:02:56+00:00
095-1-KH-C011-A-3-A,095,1,人文社會科學院,KH,運動健康與休閒學系,C011,A,大學部,3,A,休閒遊憩與運動事業財務管理,3,必,60,47,,13,黃旭輝,L02-101,,"5,6, 7",,,,,,"[{""day"": 2, ""dayName"": ""星期二"", ""periods"": [""5"", ""6"", ""7""], ""raw"": ""5,6, 7""}]",,,https://course.nuk.edu.tw/QueryCourse/tcontent.asp?OpenYear=095&Helf=1&Sclass=KH&Cono=C011,2026-08-26T18:02:56+00:00
095-1-KH-C221-A-3-A,095,1,人文社會科學院,KH,運動健康與休閒學系,C221,A,大學部,3,A,運動(一),0,必,60,49,,11,高群超,,,"3,4",,,,,,"[{""day"": 2, ""dayName"": ""星期二"", ""periods"": [""3"", ""4""], ""raw"": ""3,4""}]",限修,"96.1.1以後上課地點更改為""高昌休閒養生游泳池""",https://course.nuk.edu.tw/QueryCourse/tcontent.asp?OpenYear=095&Helf=1&Sclass=KH&Cono=C221,2026-08-26T18:02:56+00:00
095-1-KH-C601-A-3-A,095,1,人文社會科學院,KH,運動健康與休閒學系,C601,A,大學部,3,A,運動傷害防護與實驗,2,必,60,56,,4,王光濤,K01-202,,"1,2",,,,,,"[{""day"": 2, ""dayName"": ""星期二"", ""periods"": [""1"", ""2""], ""raw"": ""1,2""}]",,,https://course.nuk.edu.tw/QueryCourse/tcontent.asp?OpenYear=095&Helf=1&Sclass=KH&Cono=C601,2026-08-26T18:02:56+00:00
095-1-KH-C641-A-3-A,095,1,人文社會科學院,KH,運動健康與休閒學系,C641,A,大學部,3,A,觀光學導論,2,選,20,20,,0,孫雅彥,K01-202,,,,"5,6",,,,"[{""day"": 4, ""dayName"": ""星期四"", ""periods"": [""5"", ""6""], ""raw"": ""5,6""}]",限修,,https://course.nuk.edu.tw/QueryCourse/tcontent.asp?OpenYear=095&Helf=1&Sclass=KH&Cono=C641,2026-08-26T18:02:56+00:00
095-1-KH-C661-A-3-A,095,1,人文社會科學院,KH,運動健康與休閒學系,C661,A,大學部,3,A,生物統計學(含實習),2,選,60,6,,54,白秀華,K01-202,,,,"7,8",,,,"[{""day"": 4, ""dayName"": ""星期四"", ""periods"": [""7"", ""8""], ""raw"": ""7,8""}]",限修,,https://course.nuk.edu.tw/QueryCourse/tcontent.asp?OpenYear=095&Helf=1&Sclass=KH&Cono=C661,2026-08-26T18:02:56+00:00
095-1-KH-C671-A-3-A,095,1,人文社會科學院,KH,運動健康與休閒學系,C671,A,大學部,3,A,正骨學,2,選,60,20,,40,王光濤,K01-202,,,"7,8",,,,,"[{""day"": 3, ""dayName"": ""星期三"", ""periods"": [""7"", ""8""], ""raw"": ""7,8""}]",先修 限修,限運健休系學生且修過按摩學課程,https://course.nuk.edu.tw/QueryCourse/tcontent.asp?OpenYear=095&Helf=1&Sclass=KH&Cono=C671,2026-08-26T18:02:56+00:00
095-1-KH-C041-A-4-a,095,1,人文社會科學院,KH,運動健康與休閒學系,C041,A,大學部,4,a,重量訓練,2,必,61,50,,11,李福恩,K01-202,,"6,7",,,,,,"[{""day"": 2, ""dayName"": ""星期二"", ""periods"": [""6"", ""7""], ""raw"": ""6,7""}]",外加,,https://course.nuk.edu.tw/QueryCourse/tcontent.asp?OpenYear=095&Helf=1&Sclass=KH&Cono=C041,2026-08-26T18:02:56+00:00
095-1-KH-C541-A-4-a,095,1,人文社會科學院,KH,運動健康與休閒學系,C541,A,大學部,4,a,徒手肌肉測試,2,選,60,25,,35,劉紹東,K01-202,,,"5,6",,,,,"[{""day"": 3, ""dayName"": ""星期三"", ""periods"": [""5"", ""6""], ""raw"": ""5,6""}]",先修 限修,,https://course.nuk.edu.tw/QueryCourse/tcontent.asp?OpenYear=095&Helf=1&Sclass=KH&Cono=C541,2026-08-26T18:02:56+00:00
095-1-KH-D021-A-4-a,095,1,人文社會科學院,KH,運動健康與休閒學系,D021,A,大學部,4,a,實習,2,必,60,45,,15,張志成 白秀華,K01-202,,,Y,Y,,,,"[{""day"": 3, ""dayName"": ""星期三"", ""periods"": [""Y""], ""raw"": ""Y""}, {""day"": 4, ""dayName"": ""星期四"", ""periods"": [""Y""], ""raw"": ""Y""}]",,,https://course.nuk.edu.tw/QueryCourse/tcontent.asp?OpenYear=095&Helf=1&Sclass=KH&Cono=D021,2026-08-26T18:02:56+00:00
095-1-KH-D091-A-4-a,095,1,人文社會科學院,KH,運動健康與休閒學系,D091,A,大學部,4,a,休閒服務業管理,2,必,60,47,,13,孫雅彥,C01-102,,,"3,4",,,,,"[{""day"": 3, ""dayName"": ""星期三"", ""periods"": [""3"", ""4""], ""raw"": ""3,4""}]",,,https://course.nuk.edu.tw/QueryCourse/tcontent.asp?OpenYear=095&Helf=1&Sclass=KH&Cono=D091,2026-08-26T18:02:56+00:00
095-1-KH-D101-A-4-a,095,1,人文社會科學院,KH,運動健康與休閒學系,D101,A,大學部,4,a,運動(三),0,必,60,54,,6,王士仁,,,"1,2",,,,,,"[{""day"": 2, ""dayName"": ""星期二"", ""periods"": [""1"", ""2""], ""raw"": ""1,2""}]",限修,,https://course.nuk.edu.tw/QueryCourse/tcontent.asp?OpenYear=095&Helf=1&Sclass=KH&Cono=D101,2026-08-26T18:02:56+00:00
095-1-KH-D121-A-4-a,095,1,人文社會科學院,KH,運動健康與休閒學系,D121,A,大學部,4,a,休閒心理學,2,必,60,50,,10,潘明珠,K01-202,,"3,4",,,,,,"[{""day"": 2, ""dayName"": ""星期二"", ""periods"": [""3"", ""4""], ""raw"": ""3,4""}]",,,https://course.nuk.edu.tw/QueryCourse/tcontent.asp?OpenYear=095&Helf=1&Sclass=KH&Cono=D121,2026-08-26T18:02:56+00:00
095-1-KH-D541-A-4-a,095,1,人文社會科學院,KH,運動健康與休閒學系,D541,A,大學部,4,a,休閒與遊憩專題討論,3,選,12,10,,2,莊淑姿,L02-107,,,,,"2,3, 4",,,"[{""day"": 5, ""dayName"": ""星期五"", ""periods"": [""2"", ""3"", ""4""], ""raw"": ""2,3, 4""}]",限修,,https://course.nuk.edu.tw/QueryCourse/tcontent.asp?OpenYear=095&Helf=1&Sclass=KH&Cono=D541,2026-08-26T18:02:56+00:00
095-1-KH-P011-F-1-,095,1,人文社會科學院,KH,運動健康與休閒學系,P011,F,大學部二年制在職專班,1,,運動與科學,2,必,60,27,,33,王光濤,K01-202,,,"12,13",,,,,"[{""day"": 3, ""dayName"": ""星期三"", ""periods"": [""12"", ""13""], ""raw"": ""12,13""}]",,,https://course.nuk.edu.tw/QueryCourse/tcontent.asp?OpenYear=095&Helf=1&Sclass=KH&Cono=P011,2026-08-26T18:02:56+00:00
095-1-KH-P021-F-1-,095,1,人文社會科學院,KH,運動健康與休閒學系,P021,F,大學部二年制在職專班,1,,運動心理學,2,必,60,27,,33,張志成,C01-101,"12,13",,,,,,,"[{""day"": 1, ""dayName"": ""星期一"", ""periods"": [""12"", ""13""], ""raw"": ""12,13""}]",,,https://course.nuk.edu.tw/QueryCourse/tcontent.asp?OpenYear=095&Helf=1&Sclass=KH&Cono=P021,2026-08-26T18:02:56+00:00
095-1-KH-P031-F-1-,095,1,人文社會科學院,KH,運動健康與休閒學系,P031,F,大學部二年制在職專班,1,,資訊與網路應用,2,必,60,28,,32,郭錦福,C01-112,,,"10,11",,,,,"[{""day"": 3, ""dayName"": ""星期三"", ""periods"": [""10"", ""11""], ""raw"": ""10,11""}]",,,https://course.nuk.edu.tw/QueryCourse/tcontent.asp?OpenYear=095&Helf=1&Sclass=KH&Cono=P031,2026-08-26T18:02:56+00:00
095-1-KH-P041-F-1-,095,1,人文社會科學院,KH,運動健康與休閒學系,P041,F,大學部二年制在職專班,1,,休閒與遊憩事業經營管理,3,必,60,31,,29,孫雅彥,K01-202,,,,"10,11, 12",,,,"[{""day"": 4, ""dayName"": ""星期四"", ""periods"": [""10"", ""11"", ""12""], ""raw"": ""10,11, 12""}]",,,https://course.nuk.edu.tw/QueryCourse/tcontent.asp?OpenYear=095&Helf=1&Sclass=KH&Cono=P041,2026-08-26T18:02:56+00:00
095-1-KH-P051-F-1-,095,1,人文社會科學院,KH,運動健康與休閒學系,P051,F,大學部二年制在職專班,1,,普通生物學,3,必,70,28,,42,劉紹東,C01-101,"9,10, 11",,,,,,,"[{""day"": 1, ""dayName"": ""星期一"", ""periods"": [""9"", ""10"", ""11""], ""raw"": ""9,10, 11""}]",,,https://course.nuk.edu.tw/QueryCourse/tcontent.asp?OpenYear=095&Helf=1&Sclass=KH&Cono=P051,2026-08-26T18:02:56+00:00
095-1-KH-P061-F-1-,095,1,人文社會科學院,KH,運動健康與休閒學系,P061,F,大學部二年制在職專班,1,,休閒與遊憩學,3,必,60,27,,33,潘明珠,C01-101,,,,,"10,11, 12",,,"[{""day"": 5, ""dayName"": ""星期五"", ""periods"": [""10"", ""11"", ""12""], ""raw"": ""10,11, 12""}]",,,https://course.nuk.edu.tw/QueryCourse/tcontent.asp?OpenYear=095&Helf=1&Sclass=KH&Cono=P061,2026-08-26T18:02:56+00:00
095-1-KH-Q101-F-1-,095,1,人文社會科學院,KH,運動健康與休閒學系,Q101,F,大學部二年制在職專班,1,,游泳,1,必,60,33,,27,高群超,,,"10,11",,,,,,"[{""day"": 2, ""dayName"": ""星期二"", ""periods"": [""10"", ""11""], ""raw"": ""10,11""}]",,,https://course.nuk.edu.tw/QueryCourse/tcontent.asp?OpenYear=095&Helf=1&Sclass=KH&Cono=Q101,2026-08-26T18:02:56+00:00
095-1-KH-Q011-F-2-,095,1,人文社會科學院,KH,運動健康與休閒學系,Q011,F,大學部二年制在職專班,2,,運動生理學,2,必,60,31,,29,吳佩芳,C01-101,,,,"10,11",,,,"[{""day"": 4, ""dayName"": ""星期四"", ""periods"": [""10"", ""11""], ""raw"": ""10,11""}]",,,https://course.nuk.edu.tw/QueryCourse/tcontent.asp?OpenYear=095&Helf=1&Sclass=KH&Cono=Q011,2026-08-26T18:02:56+00:00
095-1-KH-Q021-F-2-,095,1,人文社會科學院,KH,運動健康與休閒學系,Q021,F,大學部二年制在職專班,2,,健康評估與體適能測試,3,必,60,30,,30,王光濤,K01-202,,,"9,10, 11",,,,,"[{""day"": 3, ""dayName"": ""星期三"", ""periods"": [""9"", ""10"", ""11""], ""raw"": ""9,10, 11""}]",,,https://course.nuk.edu.tw/QueryCourse/tcontent.asp?OpenYear=095&Helf=1&Sclass=KH&Cono=Q021,2026-08-26T18:02:56+00:00
095-1-KH-Q031-F-2-,095,1,人文社會科學院,KH,運動健康與休閒學系,Q031,F,大學部二年制在職專班,2,,休閒社會學,3,必,60,33,,27,莊淑姿,K01-202,,,,,"10,11, 12",,,"[{""day"": 5, ""dayName"": ""星期五"", ""periods"": [""10"", ""11"", ""12""], ""raw"": ""10,11, 12""}]",,,https://course.nuk.edu.tw/QueryCourse/tcontent.asp?OpenYear=095&Helf=1&Sclass=KH&Cono=Q031,2026-08-26T18:02:56+00:00
095-1-KH-Q041-F-2-,095,1,人文社會科學院,KH,運動健康與休閒學系,Q041,F,大學部二年制在職專班,2,,休閒與遊憩事業人力資源管理,2,必,60,32,,28,潘明珠,C01-102,"10,11",,,,,,,"[{""day"": 1, ""dayName"": ""星期一"", ""periods"": [""10"", ""11""], ""raw"": ""10,11""}]",,,https://course.nuk.edu.tw/QueryCourse/tcontent.asp?OpenYear=095&Helf=1&Sclass=KH&Cono=Q041,2026-08-26T18:02:56+00:00
095-1-KH-Q051-F-2-,095,1,人文社會科學院,KH,運動健康與休閒學系,Q051,F,大學部二年制在職專班,2,,人體肌肉動力學,2,必,60,32,,28,劉紹東,K01-202,,"10,11",,,,,,"[{""day"": 2, ""dayName"": ""星期二"", ""periods"": [""10"", ""11""], ""raw"": ""10,11""}]",,,https://course.nuk.edu.tw/QueryCourse/tcontent.asp?OpenYear=095&Helf=1&Sclass=KH&Cono=Q051,2026-08-26T18:02:56+00:00
095-1-KH-Q541-F-2-,095,1,人文社會科學院,KH,運動健康與休閒學系,Q541,F,大學部二年制在職專班,2,,運動醫學專業英文,2,選,60,29,,31,劉紹東,C01-102,"12,13",,,,,,,"[{""day"": 1, ""dayName"": ""星期一"", ""periods"": [""12"", ""13""], ""raw"": ""12,13""}]",,,https://course.nuk.edu.tw/QueryCourse/tcontent.asp?OpenYear=095&Helf=1&Sclass=KH&Cono=Q541,2026-08-26T18:02:56+00:00
095-1-KH-Q561-F-2-,095,1,人文社會科學院,KH,運動健康與休閒學系,Q561,F,大學部二年制在職專班,2,,運動賽會管理,2,選,60,9,,51,孫美蓮,C01-101,,,"12,13",,,,,"[{""day"": 3, ""dayName"": ""星期三"", ""periods"": [""12"", ""13""], ""raw"": ""12,13""}]",,,https://course.nuk.edu.tw/QueryCourse/tcontent.asp?OpenYear=095&Helf=1&Sclass=KH&Cono=Q561,2026-08-26T18:02:56+00:00
095-1-KH-Q571-F-2-,095,1,人文社會科學院,KH,運動健康與休閒學系,Q571,F,大學部二年制在職專班,2,,羽球,2,選,60,52,,8,張志成,,,"12,13",,,,,,"[{""day"": 2, ""dayName"": ""星期二"", ""periods"": [""12"", ""13""], ""raw"": ""12,13""}]",,運健休大樓之與球場授課,https://course.nuk.edu.tw/QueryCourse/tcontent.asp?OpenYear=095&Helf=1&Sclass=KH&Cono=Q571,2026-08-26T18:02:56+00:00
095-1-KH-R011-F-3-,095,1,人文社會科學院,KH,運動健康與休閒學系,R011,F,大學部二年制在職專班,3,,運動傷害防護,2,必,60,12,,48,王光濤,K01-202,"10,11",,,,,,,"[{""day"": 1, ""dayName"": ""星期一"", ""periods"": [""10"", ""11""], ""raw"": ""10,11""}]",,,https://course.nuk.edu.tw/QueryCourse/tcontent.asp?OpenYear=095&Helf=1&Sclass=KH&Cono=R011,2026-08-26T18:02:56+00:00
095-1-KH-R021-F-3-,095,1,人文社會科學院,KH,運動健康與休閒學系,R021,F,大學部二年制在職專班,3,,運動營養學,2,必,60,14,,46,王光濤,K01-202,"12,13",,,,,,,"[{""day"": 1, ""dayName"": ""星期一"", ""periods"": [""12"", ""13""], ""raw"": ""12,13""}]",,,https://course.nuk.edu.tw/QueryCourse/tcontent.asp?OpenYear=095&Helf=1&Sclass=KH&Cono=R021,2026-08-26T18:02:56+00:00
095-1-KH-R031-F-3-,095,1,人文社會科學院,KH,運動健康與休閒學系,R031,F,大學部二年制在職專班,3,,重量訓練,2,必,60,12,,48,李福恩,C01-101,,"10,11",,,,,,"[{""day"": 2, ""dayName"": ""星期二"", ""periods"": [""10"", ""11""], ""raw"": ""10,11""}]",,,https://course.nuk.edu.tw/QueryCourse/tcontent.asp?OpenYear=095&Helf=1&Sclass=KH&Cono=R031,2026-08-26T18:02:56+00:00
095-1-KH-R041-F-3-,095,1,人文社會科學院,KH,運動健康與休閒學系,R041,F,大學部二年制在職專班,3,,休閒服務業管理,2,必,60,14,,46,孫雅彥,C01-101,,,"10,11",,,,,"[{""day"": 3, ""dayName"": ""星期三"", ""periods"": [""10"", ""11""], ""raw"": ""10,11""}]",,,https://course.nuk.edu.tw/QueryCourse/tcontent.asp?OpenYear=095&Helf=1&Sclass=KH&Cono=R041,2026-08-26T18:02:56+00:00
095-1-KH-R051-F-3-,095,1,人文社會科學院,KH,運動健康與休閒學系,R051,F,大學部二年制在職專班,3,,團體動力學,2,必,60,12,,48,楊招瑛,C01-102,,,"12,13",,,,,"[{""day"": 3, ""dayName"": ""星期三"", ""periods"": [""12"", ""13""], ""raw"": ""12,13""}]",,,https://course.nuk.edu.tw/QueryCourse/tcontent.asp?OpenYear=095&Helf=1&Sclass=KH&Cono=R051,2026-08-26T18:02:56+00:00
095-1-KH-R061-F-3-,095,1,人文社會科學院,KH,運動健康與休閒學系,R061,F,大學部二年制在職專班,3,,休閒活動設計與評估,3,必,60,12,,48,莊淑姿,C01-102,,,,"10,11, 12",,,,"[{""day"": 4, ""dayName"": ""星期四"", ""periods"": [""10"", ""11"", ""12""], ""raw"": ""10,11, 12""}]",,,https://course.nuk.edu.tw/QueryCourse/tcontent.asp?OpenYear=095&Helf=1&Sclass=KH&Cono=R061,2026-08-26T18:02:56+00:00
095-1-WL-A00A-A-1-A,095,1,人文社會科學院,WL,西洋語文學系,A00A,A,大學部,1,A,英語口語訓練(一上)(A),2,必,28,28,,0,蔡孟晃,C01-408,"8,9, 10",,,,,,,"[{""day"": 1, ""dayName"": ""星期一"", ""periods"": [""8"", ""9"", ""10""], ""raw"": ""8,9, 10""}]",外加,全班50人，分A.B兩組，每組25人，學號單號。,https://course.nuk.edu.tw/QueryCourse/tcontent.asp?OpenYear=095&Helf=1&Sclass=WL&Cono=A00A,2026-08-26T18:02:56+00:00
095-1-WL-A01A-A-1-A,095,1,人文社會科學院,WL,西洋語文學系,A01A,A,大學部,1,A,英語口語訓練(一上)(B),2,必,32,31,,1,傅鈺雯,B01-204,"8,9",,,8,,,,"[{""day"": 1, ""dayName"": ""星期一"", ""periods"": [""8"", ""9""], ""raw"": ""8,9""}, {""day"": 4, ""dayName"": ""星期四"", ""periods"": [""8""], ""raw"": ""8""}]",限修,全班50人，分A.B兩組，每組25人，學號雙號。,https://course.nuk.edu.tw/QueryCourse/tcontent.asp?OpenYear=095&Helf=1&Sclass=WL&Cono=A01A,2026-08-26T18:02:56+00:00
095-1-WL-A02A-A-1-A,095,1,人文社會科學院,WL,西洋語文學系,A02A,A,大學部,1,A,英語聽講實習(一上)(A),2,必,27,26,,1,顏淑娟,C01-408,,4,,"2,3",,,,"[{""day"": 2, ""dayName"": ""星期二"", ""periods"": [""4""], ""raw"": ""4""}, {""day"": 4, ""dayName"": ""星期四"", ""periods"": [""2"", ""3""], ""raw"": ""2,3""}]",,全班50人，分A.B兩組，每組25人，學號單號。,https://course.nuk.edu.tw/QueryCourse/tcontent.asp?OpenYear=095&Helf=1&Sclass=WL&Cono=A02A,2026-08-26T18:02:56+00:00
095-1-WL-A03A-A-1-A,095,1,人文社會科學院,WL,西洋語文學系,A03A,A,大學部,1,A,英語聽講實習(一上)(B),2,必,28,28,,0,歐淑珍,C01-304 其他教室,,4,,"2,3",,,,"[{""day"": 2, ""dayName"": ""星期二"", ""periods"": [""4""], ""raw"": ""4""}, {""day"": 4, ""dayName"": ""星期四"", ""periods"": [""2"", ""3""], ""raw"": ""2,3""}]",外加,全班50人，分A.B兩組，每組25人，學號雙號。,https://course.nuk.edu.tw/QueryCourse/tcontent.asp?OpenYear=095&Helf=1&Sclass=WL&Cono=A03A,2026-08-26T18:02:56+00:00
095-1-WL-A04A-A-1-A,095,1,人文社會科學院,WL,西洋語文學系,A04A,A,大學部,1,A,英文作文(一上)(A),3,必,27,25,,2,鄭月婷,C01-304,,"5,6, 7",,,,,,"[{""day"": 2, ""dayName"": ""星期二"", ""periods"": [""5"", ""6"", ""7""], ""raw"": ""5,6, 7""}]",限修,全班50人，分A.B兩組，每組25人，學號單號。,https://course.nuk.edu.tw/QueryCourse/tcontent.asp?OpenYear=095&Helf=1&Sclass=WL&Cono=A04A,2026-08-26T18:02:56+00:00
095-1-WL-A05A-A-1-A,095,1,人文社會科學院,WL,西洋語文學系,A05A,A,大學部,1,A,英文作文(一上)(B),3,必,33,32,,1,歐淑珍,C01-110,,"5,6, 7",,,,,,"[{""day"": 2, ""dayName"": ""星期二"", ""periods"": [""5"", ""6"", ""7""], ""raw"": ""5,6, 7""}]",限修及外加,全班50人，分A.B兩組，每組25人，學號雙號。歐淑珍老師授課,https://course.nuk.edu.tw/QueryCourse/tcontent.asp?OpenYear=095&Helf=1&Sclass=WL&Cono=A05A,2026-08-26T18:02:56+00:00
095-1-WL-A07A-A-1-A,095,1,人文社會科學院,WL,西洋語文學系,A07A,A,大學部,1,A,西洋文學概論(上),3,必,60,55,,5,顏淑娟,C01-408,,"2,3",,4,,,,"[{""day"": 2, ""dayName"": ""星期二"", ""periods"": [""2"", ""3""], ""raw"": ""2,3""}, {""day"": 4, ""dayName"": ""星期四"", ""periods"": [""4""], ""raw"": ""4""}]",,可開放給外系10名。,https://course.nuk.edu.tw/QueryCourse/tcontent.asp?OpenYear=095&Helf=1&Sclass=WL&Cono=A07A,2026-08-26T18:02:56+00:00
095-1-WL-A08A-A-1-A,095,1,人文社會科學院,WL,西洋語文學系,A08A,A,大學部,1,A,文學作品讀法(上),3,必,62,59,,3,傅鈺雯,C01-408,,,,"5,6, 7",,,,"[{""day"": 4, ""dayName"": ""星期四"", ""periods"": [""5"", ""6"", ""7""], ""raw"": ""5,6, 7""}]",限修,可開放給外系10名。,https://course.nuk.edu.tw/QueryCourse/tcontent.asp?OpenYear=095&Helf=1&Sclass=WL&Cono=A08A,2026-08-26T18:02:56+00:00
095-1-WL-A222-A-1-A,095,1,人文社會科學院,WL,西洋語文學系,A222,A,大學部,1,A,英文字彙與閱讀(上),2,必,68,62,,6,陳信智,B01-104,,,,,"5,6, 7",,,"[{""day"": 5, ""dayName"": ""星期五"", ""periods"": [""5"", ""6"", ""7""], ""raw"": ""5,6, 7""}]",外加,,https://course.nuk.edu.tw/QueryCourse/tcontent.asp?OpenYear=095&Helf=1&Sclass=WL&Cono=A222,2026-08-26T18:02:56+00:00
095-1-WL-A51A-A-1-A,095,1,人文社會科學院,WL,西洋語文學系,A51A,A,大學部,1,A,第二外語：法一(上),2,選,30,29,,1,李桂蜜,B01-205,,,"2,3, 4",,,,,"[{""day"": 3, ""dayName"": ""星期三"", ""periods"": [""2"", ""3"", ""4""], ""raw"": ""2,3, 4""}]",,第二外語本系學生畢業前至少須修8學分。,https://course.nuk.edu.tw/QueryCourse/tcontent.asp?OpenYear=095&Helf=1&Sclass=WL&Cono=A51A,2026-08-26T18:02:56+00:00
095-1-WL-A52A-A-1-A,095,1,人文社會科學院,WL,西洋語文學系,A52A,A,大學部,1,A,第二外語：德一(上),2,選,28,26,,2,周欣,C01-302,"2,3, 4",,,,,,,"[{""day"": 1, ""dayName"": ""星期一"", ""periods"": [""2"", ""3"", ""4""], ""raw"": ""2,3, 4""}]",,第二外語本系學生畢業前至少須修8學分。,https://course.nuk.edu.tw/QueryCourse/tcontent.asp?OpenYear=095&Helf=1&Sclass=WL&Cono=A52A,2026-08-26T18:02:56+00:00
095-1-WL-A53A-A-1-A,095,1,人文社會科學院,WL,西洋語文學系,A53A,A,大學部,1,A,第二外語：西一(上),2,選,25,25,,0,王鶴巘,C01-408,"2,3, 4",,,,,,,"[{""day"": 1, ""dayName"": ""星期一"", ""periods"": [""2"", ""3"", ""4""], ""raw"": ""2,3, 4""}]",,第二外語本系學生畢業前至少須修8學分。王鶴巘老師授課,https://course.nuk.edu.tw/QueryCourse/tcontent.asp?OpenYear=095&Helf=1&Sclass=WL&Cono=A53A,2026-08-26T18:02:56+00:00
095-1-WL-A54A-A-1-A,095,1,人文社會科學院,WL,西洋語文學系,A54A,A,大學部,1,A,第二外語：日一(上)(A),2,選,72,72,,0,林柏舟,C01-409,"2,3, 4",,,,,,,"[{""day"": 1, ""dayName"": ""星期一"", ""periods"": [""2"", ""3"", ""4""], ""raw"": ""2,3, 4""}]",外加,以西語系學生為主。,https://course.nuk.edu.tw/QueryCourse/tcontent.asp?OpenYear=095&Helf=1&Sclass=WL&Cono=A54A,2026-08-26T18:02:56+00:00
095-1-WL-A55A-A-1-A,095,1,人文社會科學院,WL,西洋語文學系,A55A,A,大學部,1,A,第二外語：日一(上)(B),2,選,67,65,,2,王光濤,B01-107,,"3,4, Y",,,,,,"[{""day"": 2, ""dayName"": ""星期二"", ""periods"": [""3"", ""4"", ""Y""], ""raw"": ""3,4, Y""}]",外加,以非西語系學生為主。,https://course.nuk.edu.tw/QueryCourse/tcontent.asp?OpenYear=095&Helf=1&Sclass=WL&Cono=A55A,2026-08-26T18:02:56+00:00
095-1-WL-B00A-A-2-A,095,1,人文社會科學院,WL,西洋語文學系,B00A,A,大學部,2,A,英語口語訓練(二上)(A),2,必,27,27,,0,李莉莎,C01-408,,,"2,3, 4",,,,,"[{""day"": 3, ""dayName"": ""星期三"", ""periods"": [""2"", ""3"", ""4""], ""raw"": ""2,3, 4""}]",,全班50人，分A.B兩組，每組25人，學號單號。,https://course.nuk.edu.tw/QueryCourse/tcontent.asp?OpenYear=095&Helf=1&Sclass=WL&Cono=B00A,2026-08-26T18:02:56+00:00
095-1-WL-B01A-A-2-A,095,1,人文社會科學院,WL,西洋語文學系,B01A,A,大學部,2,A,英語口語訓練(二上)(B),2,必,30,27,,3,艾喬,B01-104,,,"2,3, 4",,,,,"[{""day"": 3, ""dayName"": ""星期三"", ""periods"": [""2"", ""3"", ""4""], ""raw"": ""2,3, 4""}]",,全班50人，分A.B兩組，每組25人，學號雙號。,https://course.nuk.edu.tw/QueryCourse/tcontent.asp?OpenYear=095&Helf=1&Sclass=WL&Cono=B01A,2026-08-26T18:02:56+00:00
095-1-WL-B02A-A-2-A,095,1,人文社會科學院,WL,西洋語文學系,B02A,A,大學部,2,A,進階英語聽講實習(二上)(A),2,必,30,28,,2,陳麗青,C01-416,,,,"3,4",,,,"[{""day"": 4, ""dayName"": ""星期四"", ""periods"": [""3"", ""4""], ""raw"": ""3,4""}]",,全班50人，分A.B兩組，每組25人，學號單號。,https://course.nuk.edu.tw/QueryCourse/tcontent.asp?OpenYear=095&Helf=1&Sclass=WL&Cono=B02A,2026-08-26T18:02:56+00:00
095-1-WL-B03A-A-2-A,095,1,人文社會科學院,WL,西洋語文學系,B03A,A,大學部,2,A,進階英語聽講實習(二上)(B),2,必,30,29,,1,林秀芬,C01-304,,,,"3,4",,,,"[{""day"": 4, ""dayName"": ""星期四"", ""periods"": [""3"", ""4""], ""raw"": ""3,4""}]",,全班50人，分A.B兩組，每組25人，學號雙號。,https://course.nuk.edu.tw/QueryCourse/tcontent.asp?OpenYear=095&Helf=1&Sclass=WL&Cono=B03A,2026-08-26T18:02:56+00:00
095-1-WL-B04A-A-2-A,095,1,人文社會科學院,WL,西洋語文學系,B04A,A,大學部,2,A,英文作文(二上)(A),2,必,29,29,,0,艾喬,C01-408,,"5,6",,,,,,"[{""day"": 2, ""dayName"": ""星期二"", ""periods"": [""5"", ""6""], ""raw"": ""5,6""}]",限修,全班50人，分A.B兩組，每組25人，學號單號。,https://course.nuk.edu.tw/QueryCourse/tcontent.asp?OpenYear=095&Helf=1&Sclass=WL&Cono=B04A,2026-08-26T18:02:56+00:00
095-1-WL-B05A-A-2-A,095,1,人文社會科學院,WL,西洋語文學系,B05A,A,大學部,2,A,英文作文(二上)(B),2,必,35,33,,2,林秀芬,C01-416,,"3,4",,,,,,"[{""day"": 2, ""dayName"": ""星期二"", ""periods"": [""3"", ""4""], ""raw"": ""3,4""}]",限修,全班50人，分A.B兩組，每組25人，學號雙號。,https://course.nuk.edu.tw/QueryCourse/tcontent.asp?OpenYear=095&Helf=1&Sclass=WL&Cono=B05A,2026-08-26T18:02:56+00:00
095-1-WL-B06A-A-2-A,095,1,人文社會科學院,WL,西洋語文學系,B06A,A,大學部,2,A,英國文學史(一上),3,必,60,49,,11,鄭月婷,,,,,"5,6, 7",,,,"[{""day"": 4, ""dayName"": ""星期四"", ""periods"": [""5"", ""6"", ""7""], ""raw"": ""5,6, 7""}]",,可開放給外系10名。C01-113教室上課,https://course.nuk.edu.tw/QueryCourse/tcontent.asp?OpenYear=095&Helf=1&Sclass=WL&Cono=B06A,2026-08-26T18:02:56+00:00
095-1-WL-B07A-A-2-A,095,1,人文社會科學院,WL,西洋語文學系,B07A,A,大學部,2,A,語言學概論(上),3,必,60,51,,9,歐淑珍,C01-414,,,"8,9, 10",,,,,"[{""day"": 3, ""dayName"": ""星期三"", ""periods"": [""8"", ""9"", ""10""], ""raw"": ""8,9, 10""}]",外加,可開放給外系10名。歐淑珍老師授課,https://course.nuk.edu.tw/QueryCourse/tcontent.asp?OpenYear=095&Helf=1&Sclass=WL&Cono=B07A,2026-08-26T18:02:56+00:00
095-1-WL-B51A-A-2-A,095,1,人文社會科學院,WL,西洋語文學系,B51A,A,大學部,2,A,第二外語：法二(上),2,選,25,12,,13,李桂蜜,B01-204,"2,3, 4",,,,,,,"[{""day"": 1, ""dayName"": ""星期一"", ""periods"": [""2"", ""3"", ""4""], ""raw"": ""2,3, 4""}]",先修,第二外語本系學生畢業前至少須修8學分。,https://course.nuk.edu.tw/QueryCourse/tcontent.asp?OpenYear=095&Helf=1&Sclass=WL&Cono=B51A,2026-08-26T18:02:56+00:00
095-1-WL-B52A-A-2-A,095,1,人文社會科學院,WL,西洋語文學系,B52A,A,大學部,2,A,第二外語：德二(上),2,選,25,13,,12,奧利華,B01-101,"5,6, 7",,,,,,,"[{""day"": 1, ""dayName"": ""星期一"", ""periods"": [""5"", ""6"", ""7""], ""raw"": ""5,6, 7""}]",先修,第二外語本系學生畢業前至少須修8學分。,https://course.nuk.edu.tw/QueryCourse/tcontent.asp?OpenYear=095&Helf=1&Sclass=WL&Cono=B52A,2026-08-26T18:02:56+00:00
095-1-WL-B53A-A-2-A,095,1,人文社會科學院,WL,西洋語文學系,B53A,A,大學部,2,A,第二外語：西二(上),2,選,25,17,,8,林秀芬,B01-104,"5,6, 7",,,,,,,"[{""day"": 1, ""dayName"": ""星期一"", ""periods"": [""5"", ""6"", ""7""], ""raw"": ""5,6, 7""}]",先修,第二外語本系學生畢業前至少須修8學分。林秀芬老師授課,https://course.nuk.edu.tw/QueryCourse/tcontent.asp?OpenYear=095&Helf=1&Sclass=WL&Cono=B53A,2026-08-26T18:02:56+00:00
095-1-WL-B57A-A-2-A,095,1,人文社會科學院,WL,西洋語文學系,B57A,A,大學部,2,A,英美兒童文學(上),3,選,62,33,,29,艾喬,C01-408,,,,,"5,6, 7",,,"[{""day"": 5, ""dayName"": ""星期五"", ""periods"": [""5"", ""6"", ""7""], ""raw"": ""5,6, 7""}]",,文學、文化類。,https://course.nuk.edu.tw/QueryCourse/tcontent.asp?OpenYear=095&Helf=1&Sclass=WL&Cono=B57A,2026-08-26T18:02:56+00:00
095-1-WL-B70A-A-2-A,095,1,人文社會科學院,WL,西洋語文學系,B70A,A,大學部,2,A,英語聽講(一)(上),2,選,37,35,,2,趙詩忱,C01-304,"3,4",,,,,,,"[{""day"": 1, ""dayName"": ""星期一"", ""periods"": [""3"", ""4""], ""raw"": ""3,4""}]",外加 學程,"[菁英英文學程]課程,限非西語系學生且修畢[英語會話與閱讀]者,大一學生已通過相當全民英檢中級複試者亦可修習,此列之課程,未修(一)者,可修(二)。",https://course.nuk.edu.tw/QueryCourse/tcontent.asp?OpenYear=095&Helf=1&Sclass=WL&Cono=B70A,2026-08-26T18:02:56+00:00
095-1-WL-B711-A-2-A,095,1,人文社會科學院,WL,西洋語文學系,B711,A,大學部,2,A,英語口語表達(一)(上),2,選,34,31,,3,李莉莎,C01-301,,"5,6",,,,,,"[{""day"": 2, ""dayName"": ""星期二"", ""periods"": [""5"", ""6""], ""raw"": ""5,6""}]",學程,"[菁英英文學程]課程,限非西語系學生且修畢[英語會話與閱讀]者,大一學生已通過相當全民英檢中級複試者亦可修習,此列之課程,未修(一)者,可修(二)。",https://course.nuk.edu.tw/QueryCourse/tcontent.asp?OpenYear=095&Helf=1&Sclass=WL&Cono=B711,2026-08-26T18:02:56+00:00
095-1-WL-B72B-A-2-A,095,1,人文社會科學院,WL,西洋語文學系,B72B,A,大學部,2,A,英語閱讀與聽力(二),2,選,45,44,,1,唐淑芳,B01-104,,,,,"3,4",,,"[{""day"": 5, ""dayName"": ""星期五"", ""periods"": [""3"", ""4""], ""raw"": ""3,4""}]",外加 學程,"[菁英英文學程]課程,限非西語系學生且修畢[英語會話與閱讀]者,大一學生已通過相當全民英檢中級複試者亦可修習,此列之課程,未修(一)者,可修(二)。",https://course.nuk.edu.tw/QueryCourse/tcontent.asp?OpenYear=095&Helf=1&Sclass=WL&Cono=B72B,2026-08-26T18:02:56+00:00
095-1-WL-B751-A-2-A,095,1,人文社會科學院,WL,西洋語文學系,B751,A,大學部,2,A,第二外語：日二(A)(上),2,選,25,18,,7,城地茂,B01-102,"5,6, 7",,,,,,,"[{""day"": 1, ""dayName"": ""星期一"", ""periods"": [""5"", ""6"", ""7""], ""raw"": ""5,6, 7""}]",,以西語系學生為主。,https://course.nuk.edu.tw/QueryCourse/tcontent.asp?OpenYear=095&Helf=1&Sclass=WL&Cono=B751,2026-08-26T18:02:56+00:00
095-1-WL-B761-A-2-A,095,1,人文社會科學院,WL,西洋語文學系,B761,A,大學部,2,A,第二外語：日二(B)(上),2,選,60,49,,11,林柏舟,B01-103,"5,6, 7",,,,,,,"[{""day"": 1, ""dayName"": ""星期一"", ""periods"": [""5"", ""6"", ""7""], ""raw"": ""5,6, 7""}]",,以非西語系學生為主。,https://course.nuk.edu.tw/QueryCourse/tcontent.asp?OpenYear=095&Helf=1&Sclass=WL&Cono=B761,2026-08-26T18:02:56+00:00
095-1-WL-C00A-A-3-A,095,1,人文社會科學院,WL,西洋語文學系,C00A,A,大學部,3,A,英語口語訓練(三上)(A),2,必,29,29,,0,李莉莎,C01-107,"3,4",,,,,,,"[{""day"": 1, ""dayName"": ""星期一"", ""periods"": [""3"", ""4""], ""raw"": ""3,4""}]",,全班50人，分A.B兩組，每組25人，學號單號。,https://course.nuk.edu.tw/QueryCourse/tcontent.asp?OpenYear=095&Helf=1&Sclass=WL&Cono=C00A,2026-08-26T18:02:56+00:00
095-1-WL-C01A-A-3-A,095,1,人文社會科學院,WL,西洋語文學系,C01A,A,大學部,3,A,英語口語訓練(三上)(B),2,必,30,28,,2,艾喬,C01-301,"3,4",,,,,,,"[{""day"": 1, ""dayName"": ""星期一"", ""periods"": [""3"", ""4""], ""raw"": ""3,4""}]",,全班50人，分A.B兩組，每組25人，學號雙號。,https://course.nuk.edu.tw/QueryCourse/tcontent.asp?OpenYear=095&Helf=1&Sclass=WL&Cono=C01A,2026-08-26T18:02:56+00:00
095-1-WL-C02A-A-3-A,095,1,人文社會科學院,WL,西洋語文學系,C02A,A,大學部,3,A,英文作文(三上)(A),2,必,31,29,,2,唐淑芳,B01-103,,,,"5,6",,,,"[{""day"": 4, ""dayName"": ""星期四"", ""periods"": [""5"", ""6""], ""raw"": ""5,6""}]",限修及外加,全班50人，分A.B兩組，每組25人，學號單號。,https://course.nuk.edu.tw/QueryCourse/tcontent.asp?OpenYear=095&Helf=1&Sclass=WL&Cono=C02A,2026-08-26T18:02:56+00:00
095-1-WL-C03A-A-3-A,095,1,人文社會科學院,WL,西洋語文學系,C03A,A,大學部,3,A,英文作文(三上)(B),2,必,30,30,,0,陳麗青,C01-416,,,,"5,6",,,,"[{""day"": 4, ""dayName"": ""星期四"", ""periods"": [""5"", ""6""], ""raw"": ""5,6""}]",限修及外加,全班50人，分A.B兩組，每組25人，學號雙號。,https://course.nuk.edu.tw/QueryCourse/tcontent.asp?OpenYear=095&Helf=1&Sclass=WL&Cono=C03A,2026-08-26T18:02:56+00:00
095-1-WL-C06A-A-3-A,095,1,人文社會科學院,WL,西洋語文學系,C06A,A,大學部,3,A,英國文學史(二上),3,必,60,41,,19,陳麗青,B01-105,,"5,6, 7",,,,,,"[{""day"": 2, ""dayName"": ""星期二"", ""periods"": [""5"", ""6"", ""7""], ""raw"": ""5,6, 7""}]",,可開放給外系10名。,https://course.nuk.edu.tw/QueryCourse/tcontent.asp?OpenYear=095&Helf=1&Sclass=WL&Cono=C06A,2026-08-26T18:02:56+00:00
095-1-WL-C07A-A-3-A,095,1,人文社會科學院,WL,西洋語文學系,C07A,A,大學部,3,A,美國文學史(上),3,必,60,50,,10,艾喬,B01-106,,,,"2,3, 4",,,,"[{""day"": 4, ""dayName"": ""星期四"", ""periods"": [""2"", ""3"", ""4""], ""raw"": ""2,3, 4""}]",,可開放給外系10名。,https://course.nuk.edu.tw/QueryCourse/tcontent.asp?OpenYear=095&Helf=1&Sclass=WL&Cono=C07A,2026-08-26T18:02:56+00:00
095-1-WL-C08A-A-3-A,095,1,人文社會科學院,WL,西洋語文學系,C08A,A,大學部,3,A,莎士比亞(上),3,選,54,53,,1,鄭月婷,,,"2,3, 4",,,,,,"[{""day"": 2, ""dayName"": ""星期二"", ""periods"": [""2"", ""3"", ""4""], ""raw"": ""2,3, 4""}]",,文學、文化類。C01-113教室上課,https://course.nuk.edu.tw/QueryCourse/tcontent.asp?OpenYear=095&Helf=1&Sclass=WL&Cono=C08A,2026-08-26T18:02:56+00:00
095-1-WL-C51A-A-3-A,095,1,人文社會科學院,WL,西洋語文學系,C51A,A,大學部,3,A,第二外語：法三(上),2,選,25,6,,19,李桂蜜,B01-105,"5,6, 7",,,,,,,"[{""day"": 1, ""dayName"": ""星期一"", ""periods"": [""5"", ""6"", ""7""], ""raw"": ""5,6, 7""}]",先修,,https://course.nuk.edu.tw/QueryCourse/tcontent.asp?OpenYear=095&Helf=1&Sclass=WL&Cono=C51A,2026-08-26T18:02:56+00:00
095-1-WL-C54A-A-3-A,095,1,人文社會科學院,WL,西洋語文學系,C54A,A,大學部,3,A,第二外語：日三(上),2,選,25,11,,14,林田義行,C01-409,,,,"7,8, 9",,,,"[{""day"": 4, ""dayName"": ""星期四"", ""periods"": [""7"", ""8"", ""9""], ""raw"": ""7,8, 9""}]",先修,,https://course.nuk.edu.tw/QueryCourse/tcontent.asp?OpenYear=095&Helf=1&Sclass=WL&Cono=C54A,2026-08-26T18:02:56+00:00
095-1-WL-C61A-A-3-A,095,1,人文社會科學院,WL,西洋語文學系,C61A,A,大學部,3,A,英美小說(上),3,選,72,70,,2,顏淑娟,C01-408,,,,,"2,3, 4",,,"[{""day"": 5, ""dayName"": ""星期五"", ""periods"": [""2"", ""3"", ""4""], ""raw"": ""2,3, 4""}]",,文學、文化類。,https://course.nuk.edu.tw/QueryCourse/tcontent.asp?OpenYear=095&Helf=1&Sclass=WL&Cono=C61A,2026-08-26T18:02:56+00:00
095-1-WL-C63A-A-3-A,095,1,人文社會科學院,WL,西洋語文學系,C63A,A,大學部,3,A,聲韻學(上),2,選,73,69,,4,歐淑珍,C01-102,,,"5,6",,,,,"[{""day"": 3, ""dayName"": ""星期三"", ""periods"": [""5"", ""6""], ""raw"": ""5,6""}]",限修及外加,語言學類。,https://course.nuk.edu.tw/QueryCourse/tcontent.asp?OpenYear=095&Helf=1&Sclass=WL&Cono=C63A,2026-08-26T18:02:56+00:00
095-1-WL-C65A-A-3-A,095,1,人文社會科學院,WL,西洋語文學系,C65A,A,大學部,3,A,英美戲劇(上),3,選,60,28,,32,艾喬,C01-414,"5,6, 7",,,,,,,"[{""day"": 1, ""dayName"": ""星期一"", ""periods"": [""5"", ""6"", ""7""], ""raw"": ""5,6, 7""}]",,文學、文化類。可開放給外系10名。,https://course.nuk.edu.tw/QueryCourse/tcontent.asp?OpenYear=095&Helf=1&Sclass=WL&Cono=C65A,2026-08-26T18:02:56+00:00
095-1-WL-C791-A-3-A,095,1,人文社會科學院,WL,西洋語文學系,C791,A,大學部,3,A,第二外語：西三(上),2,選,25,8,,17,林秀芬,C01-416,,,,,"2,3, 4",,,"[{""day"": 5, ""dayName"": ""星期五"", ""periods"": [""2"", ""3"", ""4""], ""raw"": ""2,3, 4""}]",先修,,https://course.nuk.edu.tw/QueryCourse/tcontent.asp?OpenYear=095&Helf=1&Sclass=WL&Cono=C791,2026-08-26T18:02:56+00:00
095-1-WL-D63A-A-4-a,095,1,人文社會科學院,WL,西洋語文學系,D63A,A,大學部,4,a,文學理論與批評(上),3,選,20,7,,13,傅鈺雯,C01-416,"5,6, 7",,,,,,,"[{""day"": 1, ""dayName"": ""星期一"", ""periods"": [""5"", ""6"", ""7""], ""raw"": ""5,6, 7""}]",,文學、文化類。,https://course.nuk.edu.tw/QueryCourse/tcontent.asp?OpenYear=095&Helf=1&Sclass=WL&Cono=D63A,2026-08-26T18:02:56+00:00
095-1-WL-D821-A-4-a,095,1,人文社會科學院,WL,西洋語文學系,D821,A,大學部,4,a,第二外語:日四(上),2,選,25,11,,14,林田義行,C01-109,,,,,"5,6, 7",,,"[{""day"": 5, ""dayName"": ""星期五"", ""periods"": [""5"", ""6"", ""7""], ""raw"": ""5,6, 7""}]",,,https://course.nuk.edu.tw/QueryCourse/tcontent.asp?OpenYear=095&Helf=1&Sclass=WL&Cono=D821,2026-08-26T18:02:56+00:00
095-1-WL-D833-A-4-a,095,1,人文社會科學院,WL,西洋語文學系,D833,A,大學部,4,a,電腦語言學(上),2,選,50,13,,37,奧利華,C01-302,,"3,4",,,,,,"[{""day"": 2, ""dayName"": ""星期二"", ""periods"": [""3"", ""4""], ""raw"": ""3,4""}]",,語言學類。,https://course.nuk.edu.tw/QueryCourse/tcontent.asp?OpenYear=095&Helf=1&Sclass=WL&Cono=D833,2026-08-26T18:02:56+00:00
095-1-WL-D861-A-4-a,095,1,人文社會科學院,WL,西洋語文學系,D861,A,大學部,4,a,語言分析,2,選,50,10,,40,奧利華,C01-302,,"5,6",,,,,,"[{""day"": 2, ""dayName"": ""星期二"", ""periods"": [""5"", ""6""], ""raw"": ""5,6""}]",,語言學類。,https://course.nuk.edu.tw/QueryCourse/tcontent.asp?OpenYear=095&Helf=1&Sclass=WL&Cono=D861,2026-08-26T18:02:56+00:00
095-1-GR-A111-A-1-A,095,1,共同與通識課程,GR,共同必修系列,A111,A,大學部,1,A,服務(西洋語文學系),0,必,60,53,,7,郭中庸,,,1,,,,,,"[{""day"": 2, ""dayName"": ""星期二"", ""periods"": [""1""], ""raw"": ""1""}]",,,https://course.nuk.edu.tw/QueryCourse/tcontent.asp?OpenYear=095&Helf=1&Sclass=GR&Cono=A111,2026-08-26T18:02:56+00:00
095-1-GR-A11B-A-1-A,095,1,共同與通識課程,GR,共同必修系列,A11B,A,大學部,1,A,體育（西洋語文學系）,0,必,60,53,,7,潘慧雯,,,,,,"1,2",,,"[{""day"": 5, ""dayName"": ""星期五"", ""periods"": [""1"", ""2""], ""raw"": ""1,2""}]",,,https://course.nuk.edu.tw/QueryCourse/tcontent.asp?OpenYear=095&Helf=1&Sclass=GR&Cono=A11B,2026-08-26T18:02:56+00:00
095-1-GR-A121-A-1-A,095,1,共同與通識課程,GR,共同必修系列,A121,A,大學部,1,A,服務(運動健康與休閒學系),0,必,70,60,,10,郭中庸,,1,,,,,,,"[{""day"": 1, ""dayName"": ""星期一"", ""periods"": [""1""], ""raw"": ""1""}]",,,https://course.nuk.edu.tw/QueryCourse/tcontent.asp?OpenYear=095&Helf=1&Sclass=GR&Cono=A121,2026-08-26T18:02:56+00:00
095-1-GR-A12B-A-1-A,095,1,共同與通識課程,GR,共同必修系列,A12B,A,大學部,1,A,體育〈運動健康與休閒系〉,0,必,60,57,,3,李福恩,,,"1,2",,,,,,"[{""day"": 2, ""dayName"": ""星期二"", ""periods"": [""1"", ""2""], ""raw"": ""1,2""}]",,,https://course.nuk.edu.tw/QueryCourse/tcontent.asp?OpenYear=095&Helf=1&Sclass=GR&Cono=A12B,2026-08-26T18:02:56+00:00
095-1-GR-A151-A-1-A,095,1,共同與通識課程,GR,共同必修系列,A151,A,大學部,1,A,服務(傳統工藝與創意設計學系),0,必,60,46,,14,郭中庸,,1,,,,,,,"[{""day"": 1, ""dayName"": ""星期一"", ""periods"": [""1""], ""raw"": ""1""}]",,,https://course.nuk.edu.tw/QueryCourse/tcontent.asp?OpenYear=095&Helf=1&Sclass=GR&Cono=A151,2026-08-26T18:02:56+00:00
095-1-GR-A15A-A-1-A,095,1,共同與通識課程,GR,共同必修系列,A15A,A,大學部,1,A,體育(傳統工藝與創意設計學系),0,必,60,48,,12,潘慧雯,,,,,"3,4",,,,"[{""day"": 4, ""dayName"": ""星期四"", ""periods"": [""3"", ""4""], ""raw"": ""3,4""}]",,,https://course.nuk.edu.tw/QueryCourse/tcontent.asp?OpenYear=095&Helf=1&Sclass=GR&Cono=A15A,2026-08-26T18:02:56+00:00
095-1-GR-A211-A-1-A,095,1,共同與通識課程,GR,共同必修系列,A211,A,大學部,1,A,服務(法律學系),0,必,70,63,,7,郭中庸,,1,,,,,,,"[{""day"": 1, ""dayName"": ""星期一"", ""periods"": [""1""], ""raw"": ""1""}]",,,https://course.nuk.edu.tw/QueryCourse/tcontent.asp?OpenYear=095&Helf=1&Sclass=GR&Cono=A211,2026-08-26T18:02:56+00:00
095-1-GR-A21A-A-1-A,095,1,共同與通識課程,GR,共同必修系列,A21A,A,大學部,1,A,體育（法律學系）,0,必,61,61,,0,高群超,,,"1,2",,,,,,"[{""day"": 2, ""dayName"": ""星期二"", ""periods"": [""1"", ""2""], ""raw"": ""1,2""}]",,,https://course.nuk.edu.tw/QueryCourse/tcontent.asp?OpenYear=095&Helf=1&Sclass=GR&Cono=A21A,2026-08-26T18:02:56+00:00
095-1-GR-A221-A-1-A,095,1,共同與通識課程,GR,共同必修系列,A221,A,大學部,1,A,服務(政治法律學系),0,必,70,64,,6,郭中庸,,,,,1,,,,"[{""day"": 4, ""dayName"": ""星期四"", ""periods"": [""1""], ""raw"": ""1""}]",,,https://course.nuk.edu.tw/QueryCourse/tcontent.asp?OpenYear=095&Helf=1&Sclass=GR&Cono=A221,2026-08-26T18:02:56+00:00
095-1-GR-A22B-A-1-A,095,1,共同與通識課程,GR,共同必修系列,A22B,A,大學部,1,A,體育（政治法律學系）,0,必,61,54,,7,張志成,,,,"1,2",,,,,"[{""day"": 3, ""dayName"": ""星期三"", ""periods"": [""1"", ""2""], ""raw"": ""1,2""}]",外加,,https://course.nuk.edu.tw/QueryCourse/tcontent.asp?OpenYear=095&Helf=1&Sclass=GR&Cono=A22B,2026-08-26T18:02:56+00:00
095-1-GR-A231-A-1-A,095,1,共同與通識課程,GR,共同必修系列,A231,A,大學部,1,A,服務(財經法律學系),0,必,60,57,,3,郭中庸,,,,,1,,,,"[{""day"": 4, ""dayName"": ""星期四"", ""periods"": [""1""], ""raw"": ""1""}]",,,https://course.nuk.edu.tw/QueryCourse/tcontent.asp?OpenYear=095&Helf=1&Sclass=GR&Cono=A231,2026-08-26T18:02:56+00:00
095-1-GR-A23B-A-1-A,095,1,共同與通識課程,GR,共同必修系列,A23B,A,大學部,1,A,體育（財經法律學系）,0,必,60,51,,9,王士仁,,,,"1,2",,,,,"[{""day"": 3, ""dayName"": ""星期三"", ""periods"": [""1"", ""2""], ""raw"": ""1,2""}]",,,https://course.nuk.edu.tw/QueryCourse/tcontent.asp?OpenYear=095&Helf=1&Sclass=GR&Cono=A23B,2026-08-26T18:02:56+00:00
095-1-GR-A311-A-1-A,095,1,共同與通識課程,GR,共同必修系列,A311,A,大學部,1,A,服務(應用經濟學系),0,必,70,60,,10,郭中庸,,1,,,,,,,"[{""day"": 1, ""dayName"": ""星期一"", ""periods"": [""1""], ""raw"": ""1""}]",,,https://course.nuk.edu.tw/QueryCourse/tcontent.asp?OpenYear=095&Helf=1&Sclass=GR&Cono=A311,2026-08-26T18:02:56+00:00
095-1-GR-A31B-A-1-A,095,1,共同與通識課程,GR,共同必修系列,A31B,A,大學部,1,A,體育〈應用經濟系〉,0,必,60,57,,3,吳宗憲,,,,,"5,6",,,,"[{""day"": 4, ""dayName"": ""星期四"", ""periods"": [""5"", ""6""], ""raw"": ""5,6""}]",,,https://course.nuk.edu.tw/QueryCourse/tcontent.asp?OpenYear=095&Helf=1&Sclass=GR&Cono=A31B,2026-08-26T18:02:56+00:00
095-1-GR-A321-A-1-A,095,1,共同與通識課程,GR,共同必修系列,A321,A,大學部,1,A,服務(金融管理學系),0,必,60,54,,6,郭中庸,,1,,,,,,,"[{""day"": 1, ""dayName"": ""星期一"", ""periods"": [""1""], ""raw"": ""1""}]",,,https://course.nuk.edu.tw/QueryCourse/tcontent.asp?OpenYear=095&Helf=1&Sclass=GR&Cono=A321,2026-08-26T18:02:56+00:00
095-1-GR-A32B-A-1-A,095,1,共同與通識課程,GR,共同必修系列,A32B,A,大學部,1,A,體育〈金融管理系〉,0,必,60,51,,9,王士仁,,,"3,4",,,,,,"[{""day"": 2, ""dayName"": ""星期二"", ""periods"": [""3"", ""4""], ""raw"": ""3,4""}]",,,https://course.nuk.edu.tw/QueryCourse/tcontent.asp?OpenYear=095&Helf=1&Sclass=GR&Cono=A32B,2026-08-26T18:02:56+00:00
095-1-GR-A331-A-1-A,095,1,共同與通識課程,GR,共同必修系列,A331,A,大學部,1,A,服務(資訊管理學系),0,必,70,57,,13,郭中庸,,1,,,,,,,"[{""day"": 1, ""dayName"": ""星期一"", ""periods"": [""1""], ""raw"": ""1""}]",,,https://course.nuk.edu.tw/QueryCourse/tcontent.asp?OpenYear=095&Helf=1&Sclass=GR&Cono=A331,2026-08-26T18:02:56+00:00
095-1-GR-A33B-A-1-A,095,1,共同與通識課程,GR,共同必修系列,A33B,A,大學部,1,A,體育〈資訊管理系〉,0,必,60,51,,9,李福恩,,"3,4",,,,,,,"[{""day"": 1, ""dayName"": ""星期一"", ""periods"": [""3"", ""4""], ""raw"": ""3,4""}]",外加,,https://course.nuk.edu.tw/QueryCourse/tcontent.asp?OpenYear=095&Helf=1&Sclass=GR&Cono=A33B,2026-08-26T18:02:56+00:00
095-1-GR-A411-A-1-A,095,1,共同與通識課程,GR,共同必修系列,A411,A,大學部,1,A,服務(應用數學系),0,必,60,47,,13,郭中庸,,,1,,,,,,"[{""day"": 2, ""dayName"": ""星期二"", ""periods"": [""1""], ""raw"": ""1""}]",,,https://course.nuk.edu.tw/QueryCourse/tcontent.asp?OpenYear=095&Helf=1&Sclass=GR&Cono=A411,2026-08-26T18:02:56+00:00
095-1-GR-A41B-A-1-A,095,1,共同與通識課程,GR,共同必修系列,A41B,A,大學部,1,A,體育（應用數學系）,0,必,61,50,,11,李福恩,,,,"3,4",,,,,"[{""day"": 3, ""dayName"": ""星期三"", ""periods"": [""3"", ""4""], ""raw"": ""3,4""}]",,,https://course.nuk.edu.tw/QueryCourse/tcontent.asp?OpenYear=095&Helf=1&Sclass=GR&Cono=A41B,2026-08-26T18:02:56+00:00
095-1-GR-A421-A-1-A,095,1,共同與通識課程,GR,共同必修系列,A421,A,大學部,1,A,服務(應用化學系),0,必,60,45,,15,郭中庸,,,1,,,,,,"[{""day"": 2, ""dayName"": ""星期二"", ""periods"": [""1""], ""raw"": ""1""}]",,,https://course.nuk.edu.tw/QueryCourse/tcontent.asp?OpenYear=095&Helf=1&Sclass=GR&Cono=A421,2026-08-26T18:02:56+00:00
095-1-GR-A42B-A-1-A,095,1,共同與通識課程,GR,共同必修系列,A42B,A,大學部,1,A,體育〈應用化學系〉,0,必,60,45,,15,吳宗憲,,,,,,"1,2",,,"[{""day"": 5, ""dayName"": ""星期五"", ""periods"": [""1"", ""2""], ""raw"": ""1,2""}]",,,https://course.nuk.edu.tw/QueryCourse/tcontent.asp?OpenYear=095&Helf=1&Sclass=GR&Cono=A42B,2026-08-26T18:02:56+00:00
095-1-GR-A431-A-1-A,095,1,共同與通識課程,GR,共同必修系列,A431,A,大學部,1,A,服務(應用物理學系),0,必,60,48,,12,郭中庸,,,1,,,,,,"[{""day"": 2, ""dayName"": ""星期二"", ""periods"": [""1""], ""raw"": ""1""}]",,,https://course.nuk.edu.tw/QueryCourse/tcontent.asp?OpenYear=095&Helf=1&Sclass=GR&Cono=A431,2026-08-26T18:02:56+00:00
095-1-GR-A43B-A-1-A,095,1,共同與通識課程,GR,共同必修系列,A43B,A,大學部,1,A,體育〈應用物理系〉,0,必,60,49,,11,孫美蓮,,,"6,7",,,,,,"[{""day"": 2, ""dayName"": ""星期二"", ""periods"": [""6"", ""7""], ""raw"": ""6,7""}]",,,https://course.nuk.edu.tw/QueryCourse/tcontent.asp?OpenYear=095&Helf=1&Sclass=GR&Cono=A43B,2026-08-26T18:02:56+00:00
095-1-GR-A511-A-1-A,095,1,共同與通識課程,GR,共同必修系列,A511,A,大學部,1,A,服務（電機工程學系）,0,必,70,64,,6,郭中庸,,,1,,,,,,"[{""day"": 2, ""dayName"": ""星期二"", ""periods"": [""1""], ""raw"": ""1""}]",,,https://course.nuk.edu.tw/QueryCourse/tcontent.asp?OpenYear=095&Helf=1&Sclass=GR&Cono=A511,2026-08-26T18:02:56+00:00
095-1-GR-A513-A-1-B,095,1,共同與通識課程,GR,共同必修系列,A513,A,大學部,1,B,服務（電機工程學系）,0,必,70,65,,5,郭中庸,,,1,,,,,,"[{""day"": 2, ""dayName"": ""星期二"", ""periods"": [""1""], ""raw"": ""1""}]",,,https://course.nuk.edu.tw/QueryCourse/tcontent.asp?OpenYear=095&Helf=1&Sclass=GR&Cono=A513,2026-08-26T18:02:56+00:00
095-1-GR-A51B-A-1-A,095,1,共同與通識課程,GR,共同必修系列,A51B,A,大學部,1,A,體育（電機工程學系）,0,必,60,55,,5,高群超,,,,"3,4",,,,,"[{""day"": 3, ""dayName"": ""星期三"", ""periods"": [""3"", ""4""], ""raw"": ""3,4""}]",,,https://course.nuk.edu.tw/QueryCourse/tcontent.asp?OpenYear=095&Helf=1&Sclass=GR&Cono=A51B,2026-08-26T18:02:56+00:00
095-1-GR-A51D-A-1-B,095,1,共同與通識課程,GR,共同必修系列,A51D,A,大學部,1,B,體育（電機工程學系）,0,必,60,58,,2,高群超,,,"6,7",,,,,,"[{""day"": 2, ""dayName"": ""星期二"", ""periods"": [""6"", ""7""], ""raw"": ""6,7""}]",,,https://course.nuk.edu.tw/QueryCourse/tcontent.asp?OpenYear=095&Helf=1&Sclass=GR&Cono=A51D,2026-08-26T18:02:56+00:00
095-1-GR-A521-A-1-A,095,1,共同與通識課程,GR,共同必修系列,A521,A,大學部,1,A,服務(土木與環境學系),0,必,60,52,,8,郭中庸,,,1,,,,,,"[{""day"": 2, ""dayName"": ""星期二"", ""periods"": [""1""], ""raw"": ""1""}]",,,https://course.nuk.edu.tw/QueryCourse/tcontent.asp?OpenYear=095&Helf=1&Sclass=GR&Cono=A521,2026-08-26T18:02:56+00:00
095-1-GR-A52B-A-1-A,095,1,共同與通識課程,GR,共同必修系列,A52B,A,大學部,1,A,體育（土木與環境工程學系）,0,必,60,46,,14,孫美蓮,,,,"3,4",,,,,"[{""day"": 3, ""dayName"": ""星期三"", ""periods"": [""3"", ""4""], ""raw"": ""3,4""}]",,,https://course.nuk.edu.tw/QueryCourse/tcontent.asp?OpenYear=095&Helf=1&Sclass=GR&Cono=A52B,2026-08-26T18:02:56+00:00
095-1-GR-A551-A-1-A,095,1,共同與通識課程,GR,共同必修系列,A551,A,大學部,1,A,服務（資訊工程學系）,0,必,60,55,,5,郭中庸,,,1,,,,,,"[{""day"": 2, ""dayName"": ""星期二"", ""periods"": [""1""], ""raw"": ""1""}]",,,https://course.nuk.edu.tw/QueryCourse/tcontent.asp?OpenYear=095&Helf=1&Sclass=GR&Cono=A551,2026-08-26T18:02:56+00:00
095-1-GR-A55B-A-1-A,095,1,共同與通識課程,GR,共同必修系列,A55B,A,大學部,1,A,體育（資訊工程學系）,0,必,60,45,,15,郭雨欣,,,,,,"3,4",,,"[{""day"": 5, ""dayName"": ""星期五"", ""periods"": [""3"", ""4""], ""raw"": ""3,4""}]",,,https://course.nuk.edu.tw/QueryCourse/tcontent.asp?OpenYear=095&Helf=1&Sclass=GR&Cono=A55B,2026-08-26T18:02:56+00:00
095-1-GR-A561-A-1-A,095,1,共同與通識課程,GR,共同必修系列,A561,A,大學部,1,A,服務(化學工程與材料工程學系),0,必,60,46,,14,郭中庸,,,1,,,,,,"[{""day"": 2, ""dayName"": ""星期二"", ""periods"": [""1""], ""raw"": ""1""}]",,,https://course.nuk.edu.tw/QueryCourse/tcontent.asp?OpenYear=095&Helf=1&Sclass=GR&Cono=A561,2026-08-26T18:02:56+00:00
095-1-GR-A56B-A-1-A,095,1,共同與通識課程,GR,共同必修系列,A56B,A,大學部,1,A,體育〈化學工程與材料工程學系〉,0,必,60,44,,16,潘慧雯,,,,,"1,2",,,,"[{""day"": 4, ""dayName"": ""星期四"", ""periods"": [""1"", ""2""], ""raw"": ""1,2""}]",,,https://course.nuk.edu.tw/QueryCourse/tcontent.asp?OpenYear=095&Helf=1&Sclass=GR&Cono=A56B,2026-08-26T18:02:56+00:00
095-1-GR-A611-A-1-A,095,1,共同與通識課程,GR,共同必修系列,A611,A,大學部,1,A,服務(生命科學系),0,必,60,50,,10,郭中庸,,,1,,,,,,"[{""day"": 2, ""dayName"": ""星期二"", ""periods"": [""1""], ""raw"": ""1""}]",,,https://course.nuk.edu.tw/QueryCourse/tcontent.asp?OpenYear=095&Helf=1&Sclass=GR&Cono=A611,2026-08-26T18:02:56+00:00
095-1-GR-A61B-A-1-A,095,1,共同與通識課程,GR,共同必修系列,A61B,A,大學部,1,A,體育〈生命科學系〉,0,必,60,49,,11,張志成,,"1,2",,,,,,,"[{""day"": 1, ""dayName"": ""星期一"", ""periods"": [""1"", ""2""], ""raw"": ""1,2""}]",,,https://course.nuk.edu.tw/QueryCourse/tcontent.asp?OpenYear=095&Helf=1&Sclass=GR&Cono=A61B,2026-08-26T18:02:56+00:00
095-1-GR-A711-A-1-A,095,1,共同與通識課程,GR,共同必修系列,A711,A,大學部,1,A,服務(亞太工商管理學系),0,必,70,64,,6,郭中庸,,,1,,,,,,"[{""day"": 2, ""dayName"": ""星期二"", ""periods"": [""1""], ""raw"": ""1""}]",,,https://course.nuk.edu.tw/QueryCourse/tcontent.asp?OpenYear=095&Helf=1&Sclass=GR&Cono=A711,2026-08-26T18:02:56+00:00
095-1-GR-A71B-A-1-A,095,1,共同與通識課程,GR,共同必修系列,A71B,A,大學部,1,A,體育〈亞太工商管理學系〉,0,必,62,62,,0,高群超,,,,,"1,2",,,,"[{""day"": 4, ""dayName"": ""星期四"", ""periods"": [""1"", ""2""], ""raw"": ""1,2""}]",外加,,https://course.nuk.edu.tw/QueryCourse/tcontent.asp?OpenYear=095&Helf=1&Sclass=GR&Cono=A71B,2026-08-26T18:02:56+00:00
095-1-GR-A99A-A-1-A,095,1,共同與通識課程,GR,共同必修系列,A99A,A,大學部,1,A,適應體育,0,必,61,25,,36,李福恩,,,"8,9",,,,,,"[{""day"": 2, ""dayName"": ""星期二"", ""periods"": [""8"", ""9""], ""raw"": ""8,9""}]",外加,凡是不能參與一般體育課之大一、二學生，其身心狀況不適者，在90天內得經公立醫療院所診斷後並開立證明至本校教務處申請改選。,https://course.nuk.edu.tw/QueryCourse/tcontent.asp?OpenYear=095&Helf=1&Sclass=GR&Cono=A99A,2026-08-26T18:02:56+00:00
095-1-GR-AA1A-A-1-A,095,1,共同與通識課程,GR,共同必修系列,AA1A,A,大學部,1,A,英語會話與閱讀(上)：高級班(低階A),2,必,55,44,,11,林辰芳,B01-101,,,"5,6, 7",,,,,"[{""day"": 3, ""dayName"": ""星期三"", ""periods"": [""5"", ""6"", ""7""], ""raw"": ""5,6, 7""}]",,1.英語會話與閱讀依學生能力等級編列班級。2.為各系之必修課程(除西語系外)。3.重修同學仍要按照原本的編班等級(高低、中高、中中、中低等)。,https://course.nuk.edu.tw/QueryCourse/tcontent.asp?OpenYear=095&Helf=1&Sclass=GR&Cono=AA1A,2026-08-26T18:02:56+00:00
095-1-GR-AA2A-A-1-A,095,1,共同與通識課程,GR,共同必修系列,AA2A,A,大學部,1,A,英語會話與閱讀(上)：高級班(低階B),2,必,55,48,,7,鄭月婷,C01-103,,,"5,6, 7",,,,,"[{""day"": 3, ""dayName"": ""星期三"", ""periods"": [""5"", ""6"", ""7""], ""raw"": ""5,6, 7""}]",,,https://course.nuk.edu.tw/QueryCourse/tcontent.asp?OpenYear=095&Helf=1&Sclass=GR&Cono=AA2A,2026-08-26T18:02:56+00:00
095-1-GR-AA3A-A-1-A,095,1,共同與通識課程,GR,共同必修系列,AA3A,A,大學部,1,A,英語會話與閱讀(上)：高級班(低階C),2,必,55,50,,5,歐素雯,C01-103,"5,6, 7",,,,,,,"[{""day"": 1, ""dayName"": ""星期一"", ""periods"": [""5"", ""6"", ""7""], ""raw"": ""5,6, 7""}]",,,https://course.nuk.edu.tw/QueryCourse/tcontent.asp?OpenYear=095&Helf=1&Sclass=GR&Cono=AA3A,2026-08-26T18:02:56+00:00
095-1-GR-AB1A-A-1-A,095,1,共同與通識課程,GR,共同必修系列,AB1A,A,大學部,1,A,英語會話與閱讀(上)：中級班(高階A),2,必,55,48,,7,李莉莎,C01-104,,,"5,6, 7",,,,,"[{""day"": 3, ""dayName"": ""星期三"", ""periods"": [""5"", ""6"", ""7""], ""raw"": ""5,6, 7""}]",,,https://course.nuk.edu.tw/QueryCourse/tcontent.asp?OpenYear=095&Helf=1&Sclass=GR&Cono=AB1A,2026-08-26T18:02:56+00:00
095-1-GR-AB2A-A-1-A,095,1,共同與通識課程,GR,共同必修系列,AB2A,A,大學部,1,A,英語會話與閱讀(上)：中級班(高階B),2,必,55,48,,7,林秀芬,B01-102,,,"5,6, 7",,,,,"[{""day"": 3, ""dayName"": ""星期三"", ""periods"": [""5"", ""6"", ""7""], ""raw"": ""5,6, 7""}]",,,https://course.nuk.edu.tw/QueryCourse/tcontent.asp?OpenYear=095&Helf=1&Sclass=GR&Cono=AB2A,2026-08-26T18:02:56+00:00
095-1-GR-AB3A-A-1-A,095,1,共同與通識課程,GR,共同必修系列,AB3A,A,大學部,1,A,英語會話與閱讀(上)：中級班(高階C),2,必,55,55,,0,陳麗青,C01-105,,,"5,6, 7",,,,,"[{""day"": 3, ""dayName"": ""星期三"", ""periods"": [""5"", ""6"", ""7""], ""raw"": ""5,6, 7""}]",限修,,https://course.nuk.edu.tw/QueryCourse/tcontent.asp?OpenYear=095&Helf=1&Sclass=GR&Cono=AB3A,2026-08-26T18:02:56+00:00
095-1-GR-AB4A-A-1-A,095,1,共同與通識課程,GR,共同必修系列,AB4A,A,大學部,1,A,英語會話與閱讀(上)：中級班(高階D),2,必,55,53,,2,蔡孟晃,B01-106,"5,6, 7",,,,,,,"[{""day"": 1, ""dayName"": ""星期一"", ""periods"": [""5"", ""6"", ""7""], ""raw"": ""5,6, 7""}]",,,https://course.nuk.edu.tw/QueryCourse/tcontent.asp?OpenYear=095&Helf=1&Sclass=GR&Cono=AB4A,2026-08-26T18:02:56+00:00
095-1-GR-AB5A-A-1-A,095,1,共同與通識課程,GR,共同必修系列,AB5A,A,大學部,1,A,英語會話與閱讀(上)：中級班(高階E),2,必,63,61,,2,傅鈺雯,B01-103,,,"5,6, 7",,,,,"[{""day"": 3, ""dayName"": ""星期三"", ""periods"": [""5"", ""6"", ""7""], ""raw"": ""5,6, 7""}]",限修及外加,,https://course.nuk.edu.tw/QueryCourse/tcontent.asp?OpenYear=095&Helf=1&Sclass=GR&Cono=AB5A,2026-08-26T18:02:56+00:00
095-1-GR-AB6A-A-1-A,095,1,共同與通識課程,GR,共同必修系列,AB6A,A,大學部,1,A,英語會話與閱讀(上)：中級班(高階F),2,必,62,57,,5,林丹楓,C01-104,"5,6, 7",,,,,,,"[{""day"": 1, ""dayName"": ""星期一"", ""periods"": [""5"", ""6"", ""7""], ""raw"": ""5,6, 7""}]",,,https://course.nuk.edu.tw/QueryCourse/tcontent.asp?OpenYear=095&Helf=1&Sclass=GR&Cono=AB6A,2026-08-26T18:02:56+00:00
095-1-GR-AB7A-A-1-A,095,1,共同與通識課程,GR,共同必修系列,AB7A,A,大學部,1,A,英語會話與閱讀(上)：中級班(高階G),2,必,62,54,,8,林丹楓,C01-213,,,"5,6, 7",,,,,"[{""day"": 3, ""dayName"": ""星期三"", ""periods"": [""5"", ""6"", ""7""], ""raw"": ""5,6, 7""}]",,,https://course.nuk.edu.tw/QueryCourse/tcontent.asp?OpenYear=095&Helf=1&Sclass=GR&Cono=AB7A,2026-08-26T18:02:56+00:00
095-1-GR-AB8A-A-1-A,095,1,共同與通識課程,GR,共同必修系列,AB8A,A,大學部,1,A,英語會話與閱讀(上)：中級班(高階H),2,必,55,51,,4,楊莒光,B01-106,,,"5,6, 7",,,,,"[{""day"": 3, ""dayName"": ""星期三"", ""periods"": [""5"", ""6"", ""7""], ""raw"": ""5,6, 7""}]",,任課教師：楊莒光老師。,https://course.nuk.edu.tw/QueryCourse/tcontent.asp?OpenYear=095&Helf=1&Sclass=GR&Cono=AB8A,2026-08-26T18:02:56+00:00
095-1-GR-AC1A-A-1-A,095,1,共同與通識課程,GR,共同必修系列,AC1A,A,大學部,1,A,英語會話與閱讀(上)：中級班(中階A),2,必,55,55,,0,奧利華,C01-408,,,"5,6, 7",,,,,"[{""day"": 3, ""dayName"": ""星期三"", ""periods"": [""5"", ""6"", ""7""], ""raw"": ""5,6, 7""}]",,,https://course.nuk.edu.tw/QueryCourse/tcontent.asp?OpenYear=095&Helf=1&Sclass=GR&Cono=AC1A,2026-08-26T18:02:56+00:00
095-1-GR-AC2A-A-1-A,095,1,共同與通識課程,GR,共同必修系列,AC2A,A,大學部,1,A,英語會話與閱讀(上)：中級班(中階B),2,必,55,50,,5,楊淑華,C01-409,,,"5,6, 7",,,,,"[{""day"": 3, ""dayName"": ""星期三"", ""periods"": [""5"", ""6"", ""7""], ""raw"": ""5,6, 7""}]",,,https://course.nuk.edu.tw/QueryCourse/tcontent.asp?OpenYear=095&Helf=1&Sclass=GR&Cono=AC2A,2026-08-26T18:02:56+00:00
095-1-GR-AC3A-A-1-A,095,1,共同與通識課程,GR,共同必修系列,AC3A,A,大學部,1,A,英語會話與閱讀(上)：中級班(中階C),2,必,55,54,,1,陳信智,B01-202,,,"5,6, 7",,,,,"[{""day"": 3, ""dayName"": ""星期三"", ""periods"": [""5"", ""6"", ""7""], ""raw"": ""5,6, 7""}]",,,https://course.nuk.edu.tw/QueryCourse/tcontent.asp?OpenYear=095&Helf=1&Sclass=GR&Cono=AC3A,2026-08-26T18:02:56+00:00
095-1-GR-AC4A-A-1-A,095,1,共同與通識課程,GR,共同必修系列,AC4A,A,大學部,1,A,英語會話與閱讀(上)：中級班(中階D),2,必,60,59,,1,趙詩忱,C01-212,"5,6, 7",,,,,,,"[{""day"": 1, ""dayName"": ""星期一"", ""periods"": [""5"", ""6"", ""7""], ""raw"": ""5,6, 7""}]",外加,,https://course.nuk.edu.tw/QueryCourse/tcontent.asp?OpenYear=095&Helf=1&Sclass=GR&Cono=AC4A,2026-08-26T18:02:56+00:00
095-1-GR-AC5A-A-1-A,095,1,共同與通識課程,GR,共同必修系列,AC5A,A,大學部,1,A,英語會話與閱讀(上)：中級班(中階E),2,必,57,57,,0,唐淑芳,C01-414,,,"5,6, 7",,,,,"[{""day"": 3, ""dayName"": ""星期三"", ""periods"": [""5"", ""6"", ""7""], ""raw"": ""5,6, 7""}]",,任課教師：唐淑芳老師。,https://course.nuk.edu.tw/QueryCourse/tcontent.asp?OpenYear=095&Helf=1&Sclass=GR&Cono=AC5A,2026-08-26T18:02:56+00:00
095-1-GR-AC8A-A-1-A,095,1,共同與通識課程,GR,共同必修系列,AC8A,A,大學部,1,A,英語會話與閱讀(上)：中級班(中階F),2,必,55,50,,5,李桂蜜,C01-415,,,"5,6, 7",,,,,"[{""day"": 3, ""dayName"": ""星期三"", ""periods"": [""5"", ""6"", ""7""], ""raw"": ""5,6, 7""}]",,,https://course.nuk.edu.tw/QueryCourse/tcontent.asp?OpenYear=095&Helf=1&Sclass=GR&Cono=AC8A,2026-08-26T18:02:56+00:00
095-1-GR-AD1A-A-1-A,095,1,共同與通識課程,GR,共同必修系列,AD1A,A,大學部,1,A,英語會話與閱讀(上)：中級班(低階A),2,必,55,45,,10,黃意玲,C01-408,"5,6, 7",,,,,,,"[{""day"": 1, ""dayName"": ""星期一"", ""periods"": [""5"", ""6"", ""7""], ""raw"": ""5,6, 7""}]",,任課教師：黃意玲老師。,https://course.nuk.edu.tw/QueryCourse/tcontent.asp?OpenYear=095&Helf=1&Sclass=GR&Cono=AD1A,2026-08-26T18:02:56+00:00
095-1-GR-AD2A-A-1-A,095,1,共同與通識課程,GR,共同必修系列,AD2A,A,大學部,1,A,英語會話與閱讀(上)：中級班(低階B),2,必,55,19,,36,張瑛玿,C01-409,"5,6, 7",,,,,,,"[{""day"": 1, ""dayName"": ""星期一"", ""periods"": [""5"", ""6"", ""7""], ""raw"": ""5,6, 7""}]",,任課教師：張瑛玿老師。,https://course.nuk.edu.tw/QueryCourse/tcontent.asp?OpenYear=095&Helf=1&Sclass=GR&Cono=AD2A,2026-08-26T18:02:56+00:00
095-1-GR-AD4A-A-1-A,095,1,共同與通識課程,GR,共同必修系列,AD4A,A,大學部,1,A,英語會話與閱讀(上)：中級班(低階C),2,必,55,45,,10,張瑛玿,B01-105,,,"5,6, 7",,,,,"[{""day"": 3, ""dayName"": ""星期三"", ""periods"": [""5"", ""6"", ""7""], ""raw"": ""5,6, 7""}]",,任課教師：張瑛玿老師。,https://course.nuk.edu.tw/QueryCourse/tcontent.asp?OpenYear=095&Helf=1&Sclass=GR&Cono=AD4A,2026-08-26T18:02:56+00:00
095-1-GR-B11A-A-2-A,095,1,共同與通識課程,GR,共同必修系列,B11A,A,大學部,2,A,體育（西洋語文學系）,0,必,60,2,,58,潘慧雯,,,,,,"3,4",,,"[{""day"": 5, ""dayName"": ""星期五"", ""periods"": [""3"", ""4""], ""raw"": ""3,4""}]",,,https://course.nuk.edu.tw/QueryCourse/tcontent.asp?OpenYear=095&Helf=1&Sclass=GR&Cono=B11A,2026-08-26T18:02:56+00:00
095-1-GR-B12A-A-2-A,095,1,共同與通識課程,GR,共同必修系列,B12A,A,大學部,2,A,體育（運動健康與休閒系）,0,必,60,9,,51,張志成,,,"3,4",,,,,,"[{""day"": 2, ""dayName"": ""星期二"", ""periods"": [""3"", ""4""], ""raw"": ""3,4""}]",,,https://course.nuk.edu.tw/QueryCourse/tcontent.asp?OpenYear=095&Helf=1&Sclass=GR&Cono=B12A,2026-08-26T18:02:56+00:00
095-1-GR-B15B-A-2-A,095,1,共同與通識課程,GR,共同必修系列,B15B,A,大學部,2,A,體育(傳統工藝與創意設計學系),0,必,60,7,,53,張志成,,,"1,2",,,,,,"[{""day"": 2, ""dayName"": ""星期二"", ""periods"": [""1"", ""2""], ""raw"": ""1,2""}]",,,https://course.nuk.edu.tw/QueryCourse/tcontent.asp?OpenYear=095&Helf=1&Sclass=GR&Cono=B15B,2026-08-26T18:02:56+00:00
095-1-GR-B21A-A-2-A,095,1,共同與通識課程,GR,共同必修系列,B21A,A,大學部,2,A,體育（法律學系）,0,必,60,12,,48,孫美蓮,,,"1,2",,,,,,"[{""day"": 2, ""dayName"": ""星期二"", ""periods"": [""1"", ""2""], ""raw"": ""1,2""}]",,,https://course.nuk.edu.tw/QueryCourse/tcontent.asp?OpenYear=095&Helf=1&Sclass=GR&Cono=B21A,2026-08-26T18:02:56+00:00
095-1-GR-B22A-A-2-A,095,1,共同與通識課程,GR,共同必修系列,B22A,A,大學部,2,A,體育（政治法律學系）,0,必,60,13,,47,吳宗憲,,,,,,"6,7",,,"[{""day"": 5, ""dayName"": ""星期五"", ""periods"": [""6"", ""7""], ""raw"": ""6,7""}]",,,https://course.nuk.edu.tw/QueryCourse/tcontent.asp?OpenYear=095&Helf=1&Sclass=GR&Cono=B22A,2026-08-26T18:02:56+00:00
095-1-GR-B23A-A-2-A,095,1,共同與通識課程,GR,共同必修系列,B23A,A,大學部,2,A,體育（財經法律學系）,0,必,60,3,,57,潘慧雯,,,,,,"5,6",,,"[{""day"": 5, ""dayName"": ""星期五"", ""periods"": [""5"", ""6""], ""raw"": ""5,6""}]",,,https://course.nuk.edu.tw/QueryCourse/tcontent.asp?OpenYear=095&Helf=1&Sclass=GR&Cono=B23A,2026-08-26T18:02:56+00:00
095-1-GR-B31A-A-2-A,095,1,共同與通識課程,GR,共同必修系列,B31A,A,大學部,2,A,體育（應用經濟系）,0,必,60,6,,54,王士仁,,,,"3,4",,,,,"[{""day"": 3, ""dayName"": ""星期三"", ""periods"": [""3"", ""4""], ""raw"": ""3,4""}]",,,https://course.nuk.edu.tw/QueryCourse/tcontent.asp?OpenYear=095&Helf=1&Sclass=GR&Cono=B31A,2026-08-26T18:02:56+00:00
095-1-GR-B32A-A-2-A,095,1,共同與通識課程,GR,共同必修系列,B32A,A,大學部,2,A,體育（金融管理系）,0,必,60,5,,55,高群超,,,,,"3,4",,,,"[{""day"": 4, ""dayName"": ""星期四"", ""periods"": [""3"", ""4""], ""raw"": ""3,4""}]",,,https://course.nuk.edu.tw/QueryCourse/tcontent.asp?OpenYear=095&Helf=1&Sclass=GR&Cono=B32A,2026-08-26T18:02:56+00:00
095-1-GR-B33A-A-2-A,095,1,共同與通識課程,GR,共同必修系列,B33A,A,大學部,2,A,體育（資訊管理系）,0,必,60,14,,46,郭雨欣,,"3,4",,,,,,,"[{""day"": 1, ""dayName"": ""星期一"", ""periods"": [""3"", ""4""], ""raw"": ""3,4""}]",,,https://course.nuk.edu.tw/QueryCourse/tcontent.asp?OpenYear=095&Helf=1&Sclass=GR&Cono=B33A,2026-08-26T18:02:56+00:00
095-1-GR-B41A-A-2-A,095,1,共同與通識課程,GR,共同必修系列,B41A,A,大學部,2,A,體育（應用數學系）,0,必,60,13,,47,潘慧雯,,,,,,"7,8",,,"[{""day"": 5, ""dayName"": ""星期五"", ""periods"": [""7"", ""8""], ""raw"": ""7,8""}]",,,https://course.nuk.edu.tw/QueryCourse/tcontent.asp?OpenYear=095&Helf=1&Sclass=GR&Cono=B41A,2026-08-26T18:02:56+00:00
095-1-GR-B43A-A-2-A,095,1,共同與通識課程,GR,共同必修系列,B43A,A,大學部,2,A,體育（應用物理系）,0,必,60,10,,50,王士仁,,,"6,7",,,,,,"[{""day"": 2, ""dayName"": ""星期二"", ""periods"": [""6"", ""7""], ""raw"": ""6,7""}]",,,https://course.nuk.edu.tw/QueryCourse/tcontent.asp?OpenYear=095&Helf=1&Sclass=GR&Cono=B43A,2026-08-26T18:02:56+00:00
095-1-GR-B51A-A-2-A,095,1,共同與通識課程,GR,共同必修系列,B51A,A,大學部,2,A,體育（電機工程學系）,0,必,61,9,,52,李福恩,,,,"1,2",,,,,"[{""day"": 3, ""dayName"": ""星期三"", ""periods"": [""1"", ""2""], ""raw"": ""1,2""}]",,,https://course.nuk.edu.tw/QueryCourse/tcontent.asp?OpenYear=095&Helf=1&Sclass=GR&Cono=B51A,2026-08-26T18:02:56+00:00
095-1-GR-B51C-A-2-B,095,1,共同與通識課程,GR,共同必修系列,B51C,A,大學部,2,B,體育（電機工程學系）,0,必,60,19,,41,吳宗憲,,,,,,"8,9",,,"[{""day"": 5, ""dayName"": ""星期五"", ""periods"": [""8"", ""9""], ""raw"": ""8,9""}]",,,https://course.nuk.edu.tw/QueryCourse/tcontent.asp?OpenYear=095&Helf=1&Sclass=GR&Cono=B51C,2026-08-26T18:02:56+00:00
095-1-GR-B52A-A-2-A,095,1,共同與通識課程,GR,共同必修系列,B52A,A,大學部,2,A,體育（土木與環境工程學系）,0,必,60,14,,46,郭雨欣,,,,,,"1,2",,,"[{""day"": 5, ""dayName"": ""星期五"", ""periods"": [""1"", ""2""], ""raw"": ""1,2""}]",,,https://course.nuk.edu.tw/QueryCourse/tcontent.asp?OpenYear=095&Helf=1&Sclass=GR&Cono=B52A,2026-08-26T18:02:56+00:00
095-1-GR-B55A-A-2-A,095,1,共同與通識課程,GR,共同必修系列,B55A,A,大學部,2,A,體育（資訊工程學系）,0,必,60,11,,49,郭雨欣,,"1,2",,,,,,,"[{""day"": 1, ""dayName"": ""星期一"", ""periods"": [""1"", ""2""], ""raw"": ""1,2""}]",,,https://course.nuk.edu.tw/QueryCourse/tcontent.asp?OpenYear=095&Helf=1&Sclass=GR&Cono=B55A,2026-08-26T18:02:56+00:00
095-1-GR-B56A-A-2-A,095,1,共同與通識課程,GR,共同必修系列,B56A,A,大學部,2,A,體育（化學工程與材料工程學系）,0,必,60,7,,53,孫美蓮,,"1,2",,,,,,,"[{""day"": 1, ""dayName"": ""星期一"", ""periods"": [""1"", ""2""], ""raw"": ""1,2""}]",,,https://course.nuk.edu.tw/QueryCourse/tcontent.asp?OpenYear=095&Helf=1&Sclass=GR&Cono=B56A,2026-08-26T18:02:56+00:00
095-1-GR-B61A-A-2-A,095,1,共同與通識課程,GR,共同必修系列,B61A,A,大學部,2,A,體育（生命科學系）,0,必,60,6,,54,張志成,,"3,4",,,,,,,"[{""day"": 1, ""dayName"": ""星期一"", ""periods"": [""3"", ""4""], ""raw"": ""3,4""}]",,,https://course.nuk.edu.tw/QueryCourse/tcontent.asp?OpenYear=095&Helf=1&Sclass=GR&Cono=B61A,2026-08-26T18:02:56+00:00
095-1-GR-B71A-A-2-A,095,1,共同與通識課程,GR,共同必修系列,B71A,A,大學部,2,A,體育（亞太工商管理學系）,0,必,60,4,,56,高群超,,,,"1,2",,,,,"[{""day"": 3, ""dayName"": ""星期三"", ""periods"": [""1"", ""2""], ""raw"": ""1,2""}]",,,https://course.nuk.edu.tw/QueryCourse/tcontent.asp?OpenYear=095&Helf=1&Sclass=GR&Cono=B71A,2026-08-26T18:02:56+00:00
095-1-LI-A051-A-1-A,095,1,共同與通識課程,LI,通識人文科學類,A051,A,大學部,1,A,台灣文學,2,選,60,55,,5,黃美玲,B01-101,,"5,6",,,,,,"[{""day"": 2, ""dayName"": ""星期二"", ""periods"": [""5"", ""6""], ""raw"": ""5,6""}]",,,https://course.nuk.edu.tw/QueryCourse/tcontent.asp?OpenYear=095&Helf=1&Sclass=LI&Cono=A051,2026-08-26T18:02:56+00:00
095-1-LI-A071-A-1-A,095,1,共同與通識課程,LI,通識人文科學類,A071,A,大學部,1,A,音樂概論,2,選,82,81,,1,羅文秀,L01-103,"5,6",,,,,,,"[{""day"": 1, ""dayName"": ""星期一"", ""periods"": [""5"", ""6""], ""raw"": ""5,6""}]",外加,,https://course.nuk.edu.tw/QueryCourse/tcontent.asp?OpenYear=095&Helf=1&Sclass=LI&Cono=A071,2026-08-26T18:02:56+00:00
095-1-LI-A091-A-1-A,095,1,共同與通識課程,LI,通識人文科學類,A091,A,大學部,1,A,《史記》人物品鑑,2,選,60,59,,1,王翠芳,B01-101,"3,4",,,,,,,"[{""day"": 1, ""dayName"": ""星期一"", ""periods"": [""3"", ""4""], ""raw"": ""3,4""}]",,,https://course.nuk.edu.tw/QueryCourse/tcontent.asp?OpenYear=095&Helf=1&Sclass=LI&Cono=A091,2026-08-26T18:02:56+00:00
095-1-LI-A111-A-1-A,095,1,共同與通識課程,LI,通識人文科學類,A111,A,大學部,1,A,日本文化和民俗,2,選,137,137,,0,黃愛玲,B01-110,,,"5,6",,,,,"[{""day"": 3, ""dayName"": ""星期三"", ""periods"": [""5"", ""6""], ""raw"": ""5,6""}]",外加,多媒體教室,https://course.nuk.edu.tw/QueryCourse/tcontent.asp?OpenYear=095&Helf=1&Sclass=LI&Cono=A111,2026-08-26T18:02:56+00:00
095-1-LI-A172-A-1-A,095,1,共同與通識課程,LI,通識人文科學類,A172,A,大學部,1,A,新詩創作工作坊(一)(A),2,選,101,99,,2,張忠進,L01-103,,,,,"6,7",,,"[{""day"": 5, ""dayName"": ""星期五"", ""periods"": [""6"", ""7""], ""raw"": ""6,7""}]",外加,圖資館多媒體教室,https://course.nuk.edu.tw/QueryCourse/tcontent.asp?OpenYear=095&Helf=1&Sclass=LI&Cono=A172,2026-08-26T18:02:56+00:00
095-1-LI-A173-A-1-A,095,1,共同與通識課程,LI,通識人文科學類,A173,A,大學部,1,A,新詩創作工作坊(一)(B),2,選,100,99,,1,張忠進,L01-103,,,,,"8,9",,,"[{""day"": 5, ""dayName"": ""星期五"", ""periods"": [""8"", ""9""], ""raw"": ""8,9""}]",,圖資館多媒體教室,https://course.nuk.edu.tw/QueryCourse/tcontent.asp?OpenYear=095&Helf=1&Sclass=LI&Cono=A173,2026-08-26T18:02:56+00:00
095-1-LI-A222-A-1-A,095,1,共同與通識課程,LI,通識人文科學類,A222,A,大學部,1,A,現代文學欣賞與批評,2,選,60,53,,7,黃美玲,C02-104,,"3,4",,,,,,"[{""day"": 2, ""dayName"": ""星期二"", ""periods"": [""3"", ""4""], ""raw"": ""3,4""}]",限修,西語系學生選修不列入通識學分,https://course.nuk.edu.tw/QueryCourse/tcontent.asp?OpenYear=095&Helf=1&Sclass=LI&Cono=A222,2026-08-26T18:02:56+00:00
095-1-LI-A352-A-1-A,095,1,共同與通識課程,LI,通識人文科學類,A352,A,大學部,1,A,修辭、藝術與生活(A),2,選,60,52,,8,黃文龍,C01-108,,,"6,7",,,,,"[{""day"": 3, ""dayName"": ""星期三"", ""periods"": [""6"", ""7""], ""raw"": ""6,7""}]",,,https://course.nuk.edu.tw/QueryCourse/tcontent.asp?OpenYear=095&Helf=1&Sclass=LI&Cono=A352,2026-08-26T18:02:56+00:00
095-1-LI-A353-A-1-A,095,1,共同與通識課程,LI,通識人文科學類,A353,A,大學部,1,A,修辭、藝術與生活(B),2,選,60,56,,4,黃文龍,C01-108,,,"8,9",,,,,"[{""day"": 3, ""dayName"": ""星期三"", ""periods"": [""8"", ""9""], ""raw"": ""8,9""}]",,,https://course.nuk.edu.tw/QueryCourse/tcontent.asp?OpenYear=095&Helf=1&Sclass=LI&Cono=A353,2026-08-26T18:02:56+00:00
095-1-LI-A511-A-1-A,095,1,共同與通識課程,LI,通識人文科學類,A511,A,大學部,1,A,報導文學,2,選,40,40,,0,蔣耀賢,B01-101,,,,"3,4",,,,"[{""day"": 4, ""dayName"": ""星期四"", ""periods"": [""3"", ""4""], ""raw"": ""3,4""}]",,,https://course.nuk.edu.tw/QueryCourse/tcontent.asp?OpenYear=095&Helf=1&Sclass=LI&Cono=A511,2026-08-26T18:02:56+00:00
095-1-LI-A531-A-1-A,095,1,共同與通識課程,LI,通識人文科學類,A531,A,大學部,1,A,生命倫理,2,選,68,68,,0,陳曉郁,C01-114,,,"5,6",,,,,"[{""day"": 3, ""dayName"": ""星期三"", ""periods"": [""5"", ""6""], ""raw"": ""5,6""}]",外加,多媒體教室,https://course.nuk.edu.tw/QueryCourse/tcontent.asp?OpenYear=095&Helf=1&Sclass=LI&Cono=A531,2026-08-26T18:02:56+00:00
095-1-LI-A562-A-1-A,095,1,共同與通識課程,LI,通識人文科學類,A562,A,大學部,1,A,中國音樂概論(一),2,選,70,68,,2,賴錫中,L01-101,,,,"10,11",,,,"[{""day"": 4, ""dayName"": ""星期四"", ""periods"": [""10"", ""11""], ""raw"": ""10,11""}]",外加,圖資多媒體教室,https://course.nuk.edu.tw/QueryCourse/tcontent.asp?OpenYear=095&Helf=1&Sclass=LI&Cono=A562,2026-08-26T18:02:56+00:00
095-1-LI-A572-A-1-A,095,1,共同與通識課程,LI,通識人文科學類,A572,A,大學部,1,A,台灣音樂概論( 一),2,選,61,59,,2,賴錫中,L01-101,,,,"12,13",,,,"[{""day"": 4, ""dayName"": ""星期四"", ""periods"": [""12"", ""13""], ""raw"": ""12,13""}]",外加,圖資多媒體教室,https://course.nuk.edu.tw/QueryCourse/tcontent.asp?OpenYear=095&Helf=1&Sclass=LI&Cono=A572,2026-08-26T18:02:56+00:00
095-1-LI-A581-A-1-A,095,1,共同與通識課程,LI,通識人文科學類,A581,A,大學部,1,A,藝術潛能開發,2,選,60,58,,2,蔡獻友,L01-101,,,"10,11",,,,,"[{""day"": 3, ""dayName"": ""星期三"", ""periods"": [""10"", ""11""], ""raw"": ""10,11""}]",,,https://course.nuk.edu.tw/QueryCourse/tcontent.asp?OpenYear=095&Helf=1&Sclass=LI&Cono=A581,2026-08-26T18:02:56+00:00
095-1-LI-A621-A-1-A,095,1,共同與通識課程,LI,通識人文科學類,A621,A,大學部,1,A,素描,2,選,77,66,,11,陳聖頌,B01-107,,,"3,4",,,,,"[{""day"": 3, ""dayName"": ""星期三"", ""periods"": [""3"", ""4""], ""raw"": ""3,4""}]",限修,地面樓層普通教室(B01-106或105),https://course.nuk.edu.tw/QueryCourse/tcontent.asp?OpenYear=095&Helf=1&Sclass=LI&Cono=A621,2026-08-26T18:02:56+00:00
095-1-LI-A622-A-1-A,095,1,共同與通識課程,LI,通識人文科學類,A622,A,大學部,1,A,素描進階班,2,選,65,65,,0,陳聖頌,B01-105,,,,"3,4",,,,"[{""day"": 4, ""dayName"": ""星期四"", ""periods"": [""3"", ""4""], ""raw"": ""3,4""}]",外加,地面樓層普通教室,https://course.nuk.edu.tw/QueryCourse/tcontent.asp?OpenYear=095&Helf=1&Sclass=LI&Cono=A622,2026-08-26T18:02:56+00:00
095-1-LI-A631-A-1-A,095,1,共同與通識課程,LI,通識人文科學類,A631,A,大學部,1,A,裝置藝術,2,選,108,102,,6,陳聖頌,B01-110,"3,4",,,,,,,"[{""day"": 1, ""dayName"": ""星期一"", ""periods"": [""3"", ""4""], ""raw"": ""3,4""}]",外加,,https://course.nuk.edu.tw/QueryCourse/tcontent.asp?OpenYear=095&Helf=1&Sclass=LI&Cono=A631,2026-08-26T18:02:56+00:00
095-1-LI-A632-A-1-A,095,1,共同與通識課程,LI,通識人文科學類,A632,A,大學部,1,A,應用藝術,2,選,50,43,,7,陳雪妮,B01-202,"5,6, 7,8",,,,,,,"[{""day"": 1, ""dayName"": ""星期一"", ""periods"": [""5"", ""6"", ""7"", ""8""], ""raw"": ""5,6, 7,8""}]",,隔週上課,https://course.nuk.edu.tw/QueryCourse/tcontent.asp?OpenYear=095&Helf=1&Sclass=LI&Cono=A632,2026-08-26T18:02:56+00:00
095-1-LI-A640-A-1-A,095,1,共同與通識課程,LI,通識人文科學類,A640,A,大學部,1,A,二十世紀義大利的繪畫藝術,2,選,127,125,,2,陳聖頌,B01-110,,,,,"3,4",,,"[{""day"": 5, ""dayName"": ""星期五"", ""periods"": [""3"", ""4""], ""raw"": ""3,4""}]",外加,,https://course.nuk.edu.tw/QueryCourse/tcontent.asp?OpenYear=095&Helf=1&Sclass=LI&Cono=A640,2026-08-26T18:02:56+00:00
095-1-LI-A691-A-1-A,095,1,共同與通識課程,LI,通識人文科學類,A691,A,大學部,1,A,藝術心理學,2,選,100,99,,1,朱能榮,B01-110,"7,8",,,,,,,"[{""day"": 1, ""dayName"": ""星期一"", ""periods"": [""7"", ""8""], ""raw"": ""7,8""}]",,綜合一演講廳,https://course.nuk.edu.tw/QueryCourse/tcontent.asp?OpenYear=095&Helf=1&Sclass=LI&Cono=A691,2026-08-26T18:02:56+00:00
095-1-LI-A701-A-1-A,095,1,共同與通識課程,LI,通識人文科學類,A701,A,大學部,1,A,基礎樂理,2,選,60,59,,1,林伯鍾,B01-110,,,"1,2",,,,,"[{""day"": 3, ""dayName"": ""星期三"", ""periods"": [""1"", ""2""], ""raw"": ""1,2""}]",,多媒體教室(綜合一),https://course.nuk.edu.tw/QueryCourse/tcontent.asp?OpenYear=095&Helf=1&Sclass=LI&Cono=A701,2026-08-26T18:02:56+00:00
095-1-LI-A731-A-1-A,095,1,共同與通識課程,LI,通識人文科學類,A731,A,大學部,1,A,東方文化與佛學思想(A),2,選,67,67,,0,胡伯貴,C01-105,"3,4",,,,,,,"[{""day"": 1, ""dayName"": ""星期一"", ""periods"": [""3"", ""4""], ""raw"": ""3,4""}]",外加,,https://course.nuk.edu.tw/QueryCourse/tcontent.asp?OpenYear=095&Helf=1&Sclass=LI&Cono=A731,2026-08-26T18:02:56+00:00
095-1-LI-A732-A-1-A,095,1,共同與通識課程,LI,通識人文科學類,A732,A,大學部,1,A,東方文化與佛學思想(B),2,選,67,62,,5,胡伯貴,C01-105,"5,6",,,,,,,"[{""day"": 1, ""dayName"": ""星期一"", ""periods"": [""5"", ""6""], ""raw"": ""5,6""}]",外加,理工一教室,https://course.nuk.edu.tw/QueryCourse/tcontent.asp?OpenYear=095&Helf=1&Sclass=LI&Cono=A732,2026-08-26T18:02:56+00:00
095-1-LI-A741-A-1-A,095,1,共同與通識課程,LI,通識人文科學類,A741,A,大學部,1,A,中西城市采風,2,選,102,102,,0,張宇彤,L01-103,,,"7,8",,,,,"[{""day"": 3, ""dayName"": ""星期三"", ""periods"": [""7"", ""8""], ""raw"": ""7,8""}]",外加,,https://course.nuk.edu.tw/QueryCourse/tcontent.asp?OpenYear=095&Helf=1&Sclass=LI&Cono=A741,2026-08-26T18:02:56+00:00
095-1-LI-A751-A-1-A,095,1,共同與通識課程,LI,通識人文科學類,A751,A,大學部,1,A,民俗、藝術與建築,2,選,85,84,,1,林世超,C02-B100,,,"5,6",,,,,"[{""day"": 3, ""dayName"": ""星期三"", ""periods"": [""5"", ""6""], ""raw"": ""5,6""}]",外加,多媒體教室,https://course.nuk.edu.tw/QueryCourse/tcontent.asp?OpenYear=095&Helf=1&Sclass=LI&Cono=A751,2026-08-26T18:02:56+00:00
095-1-LI-A761-A-1-A,095,1,共同與通識課程,LI,通識人文科學類,A761,A,大學部,1,A,志願服務與學習(1)-青少年輔導,2,選,60,16,,44,紀振清,L02-101,,,,,,"1,2, 3,4",,"[{""day"": 6, ""dayName"": ""星期六"", ""periods"": [""1"", ""2"", ""3"", ""4""], ""raw"": ""1,2, 3,4""}]",,,https://course.nuk.edu.tw/QueryCourse/tcontent.asp?OpenYear=095&Helf=1&Sclass=LI&Cono=A761,2026-08-26T18:02:56+00:00
095-1-LI-A763-A-1-A,095,1,共同與通識課程,LI,通識人文科學類,A763,A,大學部,1,A,志願服務(3)-社區照護與教育,2,選,120,105,,15,廖義銘,C02-B100,,,"10,11",,,,,"[{""day"": 3, ""dayName"": ""星期三"", ""periods"": [""10"", ""11""], ""raw"": ""10,11""}]",,,https://course.nuk.edu.tw/QueryCourse/tcontent.asp?OpenYear=095&Helf=1&Sclass=LI&Cono=A763,2026-08-26T18:02:56+00:00
095-1-LI-A764-A-1-A,095,1,共同與通識課程,LI,通識人文科學類,A764,A,大學部,1,A,志願服務(4)-社區安全與發展,2,選,60,30,,30,廖義銘,L02-103,,,"7,8",,,,,"[{""day"": 3, ""dayName"": ""星期三"", ""periods"": [""7"", ""8""], ""raw"": ""7,8""}]",,,https://course.nuk.edu.tw/QueryCourse/tcontent.asp?OpenYear=095&Helf=1&Sclass=LI&Cono=A764,2026-08-26T18:02:56+00:00
095-1-LI-A771-A-1-A,095,1,共同與通識課程,LI,通識人文科學類,A771,A,大學部,1,A,社區劇場,2,選,34,31,,3,蔣耀賢,L01-103,,,,"5,6",,,,"[{""day"": 4, ""dayName"": ""星期四"", ""periods"": [""5"", ""6""], ""raw"": ""5,6""}]",外加,,https://course.nuk.edu.tw/QueryCourse/tcontent.asp?OpenYear=095&Helf=1&Sclass=LI&Cono=A771,2026-08-26T18:02:56+00:00
095-1-LI-A810-A-1-A,095,1,共同與通識課程,LI,通識人文科學類,A810,A,大學部,1,A,電影文學與人生,2,選,110,108,,2,高美芸,L01-103,,"6,7",,,,,,"[{""day"": 2, ""dayName"": ""星期二"", ""periods"": [""6"", ""7""], ""raw"": ""6,7""}]",外加,,https://course.nuk.edu.tw/QueryCourse/tcontent.asp?OpenYear=095&Helf=1&Sclass=LI&Cono=A810,2026-08-26T18:02:56+00:00
095-1-LI-A881-A-1-A,095,1,共同與通識課程,LI,通識人文科學類,A881,A,大學部,1,A,西洋音樂史(一),2,選,71,69,,2,羅文秀,L01-101,,,"5,6",,,,,"[{""day"": 3, ""dayName"": ""星期三"", ""periods"": [""5"", ""6""], ""raw"": ""5,6""}]",外加,,https://course.nuk.edu.tw/QueryCourse/tcontent.asp?OpenYear=095&Helf=1&Sclass=LI&Cono=A881,2026-08-26T18:02:56+00:00
095-1-LI-A891-A-1-A,095,1,共同與通識課程,LI,通識人文科學類,A891,A,大學部,1,A,複合媒體,2,選,30,28,,2,呂沐芢,L02-B101,,,"6,7",,,,,"[{""day"": 3, ""dayName"": ""星期三"", ""periods"": [""6"", ""7""], ""raw"": ""6,7""}]",,呂沐芢老師;多媒體教室,https://course.nuk.edu.tw/QueryCourse/tcontent.asp?OpenYear=095&Helf=1&Sclass=LI&Cono=A891,2026-08-26T18:02:56+00:00
095-1-LI-A901-A-1-A,095,1,共同與通識課程,LI,通識人文科學類,A901,A,大學部,1,A,公共藝術,2,選,30,26,,4,蔣耀賢,L01-103,,,,"7,8",,,,"[{""day"": 4, ""dayName"": ""星期四"", ""periods"": [""7"", ""8""], ""raw"": ""7,8""}]",,多媒體教室,https://course.nuk.edu.tw/QueryCourse/tcontent.asp?OpenYear=095&Helf=1&Sclass=LI&Cono=A901,2026-08-26T18:02:56+00:00
095-1-LI-A911-A-1-A,095,1,共同與通識課程,LI,通識人文科學類,A911,A,大學部,1,A,小說中的哲學智慧,2,選,67,67,,0,陳曉郁,C01-114,,,"7,8",,,,,"[{""day"": 3, ""dayName"": ""星期三"", ""periods"": [""7"", ""8""], ""raw"": ""7,8""}]",外加,多媒體教室,https://course.nuk.edu.tw/QueryCourse/tcontent.asp?OpenYear=095&Helf=1&Sclass=LI&Cono=A911,2026-08-26T18:02:56+00:00
095-1-LI-A921-A-1-A,095,1,共同與通識課程,LI,通識人文科學類,A921,A,大學部,1,A,台灣人民生活史,2,選,71,69,,2,邱淵惠,C01-114,"5,6",,,,,,,"[{""day"": 1, ""dayName"": ""星期一"", ""periods"": [""5"", ""6""], ""raw"": ""5,6""}]",外加,多媒體教室;邱淵惠老師,https://course.nuk.edu.tw/QueryCourse/tcontent.asp?OpenYear=095&Helf=1&Sclass=LI&Cono=A921,2026-08-26T18:02:56+00:00
095-1-LI-A931-A-1-A,095,1,共同與通識課程,LI,通識人文科學類,A931,A,大學部,1,A,影視史學,2,選,71,69,,2,邱淵惠,C01-114,"7,8",,,,,,,"[{""day"": 1, ""dayName"": ""星期一"", ""periods"": [""7"", ""8""], ""raw"": ""7,8""}]",外加,多媒體教室;邱淵惠老師,https://course.nuk.edu.tw/QueryCourse/tcontent.asp?OpenYear=095&Helf=1&Sclass=LI&Cono=A931,2026-08-26T18:02:56+00:00
095-1-LI-A941-A-1-A,095,1,共同與通識課程,LI,通識人文科學類,A941,A,大學部,1,A,現代藝術的凝視,2,選,60,40,,20,郭孟寬,C02-B100,,"3,4",,,,,,"[{""day"": 2, ""dayName"": ""星期二"", ""periods"": [""3"", ""4""], ""raw"": ""3,4""}]",,多媒體教室；郭孟寬老師,https://course.nuk.edu.tw/QueryCourse/tcontent.asp?OpenYear=095&Helf=1&Sclass=LI&Cono=A941,2026-08-26T18:02:56+00:00
095-1-LI-A951-A-1-A,095,1,共同與通識課程,LI,通識人文科學類,A951,A,大學部,1,A,人文藝術電影的追尋,2,選,61,59,,2,郭孟寬,C02-B100,,"5,6",,,,,,"[{""day"": 2, ""dayName"": ""星期二"", ""periods"": [""5"", ""6""], ""raw"": ""5,6""}]",外加,多媒體教室；郭孟寬老師,https://course.nuk.edu.tw/QueryCourse/tcontent.asp?OpenYear=095&Helf=1&Sclass=LI&Cono=A951,2026-08-26T18:02:56+00:00
095-1-LI-A961-A-1-A,095,1,共同與通識課程,LI,通識人文科學類,A961,A,大學部,1,A,認識歷史人物(帝王篇),2,選,111,107,,4,蔡金仁,L02-B101,,,"10,11",,,,,"[{""day"": 3, ""dayName"": ""星期三"", ""periods"": [""10"", ""11""], ""raw"": ""10,11""}]",外加,多媒體教室;蔡金仁老師,https://course.nuk.edu.tw/QueryCourse/tcontent.asp?OpenYear=095&Helf=1&Sclass=LI&Cono=A961,2026-08-26T18:02:56+00:00
095-1-LI-A962-A-1-A,095,1,共同與通識課程,LI,通識人文科學類,A962,A,大學部,1,A,認識歷史人物(宰相篇),2,選,104,100,,4,蔡金仁,L02-B101,,,"12,13",,,,,"[{""day"": 3, ""dayName"": ""星期三"", ""periods"": [""12"", ""13""], ""raw"": ""12,13""}]",外加,多媒體教室;蔡金仁老師,https://course.nuk.edu.tw/QueryCourse/tcontent.asp?OpenYear=095&Helf=1&Sclass=LI&Cono=A962,2026-08-26T18:02:56+00:00
095-1-LI-A971-A-1-A,095,1,共同與通識課程,LI,通識人文科學類,A971,A,大學部,1,A,藝術概論,2,選,100,97,,3,朱能榮,B01-110,"5,6",,,,,,,"[{""day"": 1, ""dayName"": ""星期一"", ""periods"": [""5"", ""6""], ""raw"": ""5,6""}]",,綜合一演講廳,https://course.nuk.edu.tw/QueryCourse/tcontent.asp?OpenYear=095&Helf=1&Sclass=LI&Cono=A971,2026-08-26T18:02:56+00:00
095-1-LI-A981-A-1-A,095,1,共同與通識課程,LI,通識人文科學類,A981,A,大學部,1,A,音樂與自然的美學(一),2,選,60,21,,39,羅文秀,L01-101,,,"3,4",,,,,"[{""day"": 3, ""dayName"": ""星期三"", ""periods"": [""3"", ""4""], ""raw"": ""3,4""}]",,,https://course.nuk.edu.tw/QueryCourse/tcontent.asp?OpenYear=095&Helf=1&Sclass=LI&Cono=A981,2026-08-26T18:02:56+00:00
095-1-SC-A021-A-1-A,095,1,共同與通識課程,SC,通識自然科學類,A021,A,大學部,1,A,環境科學,2,選,70,69,,1,袁菁,C01-105,"7,8",,,,,,,"[{""day"": 1, ""dayName"": ""星期一"", ""periods"": [""7"", ""8""], ""raw"": ""7,8""}]",,,https://course.nuk.edu.tw/QueryCourse/tcontent.asp?OpenYear=095&Helf=1&Sclass=SC&Cono=A021,2026-08-26T18:02:56+00:00
095-1-SC-A041-A-1-A,095,1,共同與通識課程,SC,通識自然科學類,A041,A,大學部,1,A,化妝品科技概論,2,選,79,78,,1,呂祖尚,L01-101,"3,4",,,,,,,"[{""day"": 1, ""dayName"": ""星期一"", ""periods"": [""3"", ""4""], ""raw"": ""3,4""}]",外加,需多媒體教室；呂祖尚老師,https://course.nuk.edu.tw/QueryCourse/tcontent.asp?OpenYear=095&Helf=1&Sclass=SC&Cono=A041,2026-08-26T18:02:56+00:00
095-1-SC-A082-A-1-A,095,1,共同與通識課程,SC,通識自然科學類,A082,A,大學部,1,A,生命科學漫談（一）,2,選,70,70,,0,陳彥澄,C02-101,,,"5,6",,,,,"[{""day"": 3, ""dayName"": ""星期三"", ""periods"": [""5"", ""6""], ""raw"": ""5,6""}]",限修,生命科學系學生選修不列入通識學分，亦不列入畢業學分,https://course.nuk.edu.tw/QueryCourse/tcontent.asp?OpenYear=095&Helf=1&Sclass=SC&Cono=A082,2026-08-26T18:02:56+00:00
095-1-SC-A141-A-1-A,095,1,共同與通識課程,SC,通識自然科學類,A141,A,大學部,1,A,基因工程與生活,2,選,63,62,,1,葛孟杰,C02-105,,,"5,6",,,,,"[{""day"": 3, ""dayName"": ""星期三"", ""periods"": [""5"", ""6""], ""raw"": ""5,6""}]",限修及外加,生命科學系學生選修不列入通識學分，亦不列入畢業學分,https://course.nuk.edu.tw/QueryCourse/tcontent.asp?OpenYear=095&Helf=1&Sclass=SC&Cono=A141,2026-08-26T18:02:56+00:00
095-1-SC-A231-A-1-A,095,1,共同與通識課程,SC,通識自然科學類,A231,A,大學部,1,A,生命探索,2,選,60,55,,5,黃永森,C02-104,,,"5,6",,,,,"[{""day"": 3, ""dayName"": ""星期三"", ""periods"": [""5"", ""6""], ""raw"": ""5,6""}]",限修,生命科學系學生選修不列入通識學分，亦不列入畢業學分,https://course.nuk.edu.tw/QueryCourse/tcontent.asp?OpenYear=095&Helf=1&Sclass=SC&Cono=A231,2026-08-26T18:02:56+00:00
095-1-SC-A241-A-1-A,095,1,共同與通識課程,SC,通識自然科學類,A241,A,大學部,1,A,實驗室安全衛生,2,選,65,65,,0,甯蜀光,C01-107,"7,8",,,,,,,"[{""day"": 1, ""dayName"": ""星期一"", ""periods"": [""7"", ""8""], ""raw"": ""7,8""}]",,,https://course.nuk.edu.tw/QueryCourse/tcontent.asp?OpenYear=095&Helf=1&Sclass=SC&Cono=A241,2026-08-26T18:02:56+00:00
095-1-SC-A352-A-1-A,095,1,共同與通識課程,SC,通識自然科學類,A352,A,大學部,1,A,數位科技生活應用,2,選,60,60,,0,蘇豐文 潘欣泰,C01-106,,,"7,8",,,,,"[{""day"": 3, ""dayName"": ""星期三"", ""periods"": [""7"", ""8""], ""raw"": ""7,8""}]",,,https://course.nuk.edu.tw/QueryCourse/tcontent.asp?OpenYear=095&Helf=1&Sclass=SC&Cono=A352,2026-08-26T18:02:56+00:00
095-1-SC-A431-A-1-A,095,1,共同與通識課程,SC,通識自然科學類,A431,A,大學部,1,A,電腦繪圖,2,選,42,42,,0,童士恒 廖文義,C01-112,,,"8,9",,,,,"[{""day"": 3, ""dayName"": ""星期三"", ""periods"": [""8"", ""9""], ""raw"": ""8,9""}]",限修及外加,理工一教室C112教室，工學院學生選修不列入通識,https://course.nuk.edu.tw/QueryCourse/tcontent.asp?OpenYear=095&Helf=1&Sclass=SC&Cono=A431,2026-08-26T18:02:56+00:00
095-1-SC-A501-A-1-A,095,1,共同與通識課程,SC,通識自然科學類,A501,A,大學部,1,A,永續發展與環境,2,選,70,57,,13,連興隆,B01-108,,,"3,4",,,,,"[{""day"": 3, ""dayName"": ""星期三"", ""periods"": [""3"", ""4""], ""raw"": ""3,4""}]",,,https://course.nuk.edu.tw/QueryCourse/tcontent.asp?OpenYear=095&Helf=1&Sclass=SC&Cono=A501,2026-08-26T18:02:56+00:00
095-1-SC-A511-A-1-A,095,1,共同與通識課程,SC,通識自然科學類,A511,A,大學部,1,A,漫談食品安全,2,選,70,70,,0,林順富,C02-104,,,"7,8",,,,,"[{""day"": 3, ""dayName"": ""星期三"", ""periods"": [""7"", ""8""], ""raw"": ""7,8""}]",外加,,https://course.nuk.edu.tw/QueryCourse/tcontent.asp?OpenYear=095&Helf=1&Sclass=SC&Cono=A511,2026-08-26T18:02:56+00:00
095-1-SC-A591-A-1-A,095,1,共同與通識課程,SC,通識自然科學類,A591,A,大學部,1,A,科技與生活,2,選,86,86,,0,呂祖尚,L02-B101,"5,6",,,,,,,"[{""day"": 1, ""dayName"": ""星期一"", ""periods"": [""5"", ""6""], ""raw"": ""5,6""}]",外加,需多媒體教室；呂祖尚老師,https://course.nuk.edu.tw/QueryCourse/tcontent.asp?OpenYear=095&Helf=1&Sclass=SC&Cono=A591,2026-08-26T18:02:56+00:00
095-1-SC-A601-A-1-A,095,1,共同與通識課程,SC,通識自然科學類,A601,A,大學部,1,A,材料與生活(A),2,選,60,56,,4,蘇進成,B01-109,,,"5,6",,,,,"[{""day"": 3, ""dayName"": ""星期三"", ""periods"": [""5"", ""6""], ""raw"": ""5,6""}]",限修,限工學院學生選修，巡迴授課,https://course.nuk.edu.tw/QueryCourse/tcontent.asp?OpenYear=095&Helf=1&Sclass=SC&Cono=A601,2026-08-26T18:02:56+00:00
095-1-SC-A602-A-1-A,095,1,共同與通識課程,SC,通識自然科學類,A602,A,大學部,1,A,材料與生活(B),2,選,60,47,,13,王宗櫚,C01-107,,,"5,6",,,,,"[{""day"": 3, ""dayName"": ""星期三"", ""periods"": [""5"", ""6""], ""raw"": ""5,6""}]",限修,限理學院與工學院學生選修，巡迴授課,https://course.nuk.edu.tw/QueryCourse/tcontent.asp?OpenYear=095&Helf=1&Sclass=SC&Cono=A602,2026-08-26T18:02:56+00:00
095-1-SC-A603-A-1-A,095,1,共同與通識課程,SC,通識自然科學類,A603,A,大學部,1,A,材料與生活(C),2,選,60,50,,10,陳文正,B01-108,,,"5,6",,,,,"[{""day"": 3, ""dayName"": ""星期三"", ""periods"": [""5"", ""6""], ""raw"": ""5,6""}]",限修,限非理學院與工學院學生選修，巡迴授課,https://course.nuk.edu.tw/QueryCourse/tcontent.asp?OpenYear=095&Helf=1&Sclass=SC&Cono=A603,2026-08-26T18:02:56+00:00
095-1-SC-A611-A-1-A,095,1,共同與通識課程,SC,通識自然科學類,A611,A,大學部,1,A,專利與產品開發,2,選,67,65,,2,歐家驥,C01-104,"8,9",,,,,,,"[{""day"": 1, ""dayName"": ""星期一"", ""periods"": [""8"", ""9""], ""raw"": ""8,9""}]",,,https://course.nuk.edu.tw/QueryCourse/tcontent.asp?OpenYear=095&Helf=1&Sclass=SC&Cono=A611,2026-08-26T18:02:56+00:00
095-1-SC-A621-A-1-A,095,1,共同與通識課程,SC,通識自然科學類,A621,A,大學部,1,A,人類生殖探秘,2,選,71,71,,0,劉紹東,C01-101,"5,6",,,,,,,"[{""day"": 1, ""dayName"": ""星期一"", ""periods"": [""5"", ""6""], ""raw"": ""5,6""}]",,自95學年由運休類更改為科技類，修習此課程之學生不得重覆修習。重覆修習不列入通識學分亦不列入畢業學分,https://course.nuk.edu.tw/QueryCourse/tcontent.asp?OpenYear=095&Helf=1&Sclass=SC&Cono=A621,2026-08-26T18:02:56+00:00
095-1-SC-A631-A-1-A,095,1,共同與通識課程,SC,通識自然科學類,A631,A,大學部,1,A,水污染防治與水資源永續利用,2,選,68,66,,2,葉琮裕,C01-107,,,"7,8",,,,,"[{""day"": 3, ""dayName"": ""星期三"", ""periods"": [""7"", ""8""], ""raw"": ""7,8""}]",,,https://course.nuk.edu.tw/QueryCourse/tcontent.asp?OpenYear=095&Helf=1&Sclass=SC&Cono=A631,2026-08-26T18:02:56+00:00
095-1-SC-A641-A-1-A,095,1,共同與通識課程,SC,通識自然科學類,A641,A,大學部,1,A,電機概論,2,選,154,153,,1,吳國棟,C01-114,,,,,"6,7",,,"[{""day"": 5, ""dayName"": ""星期五"", ""periods"": [""6"", ""7""], ""raw"": ""6,7""}]",外加,需大教室,https://course.nuk.edu.tw/QueryCourse/tcontent.asp?OpenYear=095&Helf=1&Sclass=SC&Cono=A641,2026-08-26T18:02:56+00:00
095-1-SC-A651-A-1-A,095,1,共同與通識課程,SC,通識自然科學類,A651,A,大學部,1,A,平面顯示器概論,2,選,100,97,,3,馮世維,C02-111,,,"8,9",,,,,"[{""day"": 3, ""dayName"": ""星期三"", ""periods"": [""8"", ""9""], ""raw"": ""8,9""}]",外加,,https://course.nuk.edu.tw/QueryCourse/tcontent.asp?OpenYear=095&Helf=1&Sclass=SC&Cono=A651,2026-08-26T18:02:56+00:00
095-1-SC-A661-A-1-A,095,1,共同與通識課程,SC,通識自然科學類,A661,A,大學部,1,A,綠建築,2,選,39,38,,1,陳啟仁,C01-102,,,"7,8",,,,,"[{""day"": 3, ""dayName"": ""星期三"", ""periods"": [""7"", ""8""], ""raw"": ""7,8""}]",外加,,https://course.nuk.edu.tw/QueryCourse/tcontent.asp?OpenYear=095&Helf=1&Sclass=SC&Cono=A661,2026-08-26T18:02:56+00:00
095-1-SO-A121-A-1-A,095,1,共同與通識課程,SO,通識社會科學類,A121,A,大學部,1,A,企劃與行銷,2,選,152,150,,2,李劍志,L01-103,,,"9,10",,,,,"[{""day"": 3, ""dayName"": ""星期三"", ""periods"": [""9"", ""10""], ""raw"": ""9,10""}]",,L01-103 多媒體教室,https://course.nuk.edu.tw/QueryCourse/tcontent.asp?OpenYear=095&Helf=1&Sclass=SO&Cono=A121,2026-08-26T18:02:56+00:00
095-1-SO-A181-A-1-A,095,1,共同與通識課程,SO,通識社會科學類,A181,A,大學部,1,A,兩性關係,2,選,50,48,,2,駱慧文,L01-101,,"3,4",,,,,,"[{""day"": 2, ""dayName"": ""星期二"", ""periods"": [""3"", ""4""], ""raw"": ""3,4""}]",,第一科技大學遠距教學，由駱慧文老師授課，修選後不得棄選,https://course.nuk.edu.tw/QueryCourse/tcontent.asp?OpenYear=095&Helf=1&Sclass=SO&Cono=A181,2026-08-26T18:02:56+00:00
095-1-SO-A232-A-1-A,095,1,共同與通識課程,SO,通識社會科學類,A232,A,大學部,1,A,電影概論(A),2,選,84,81,,3,王美玲,L01-103,"9,10",,,,,,,"[{""day"": 1, ""dayName"": ""星期一"", ""periods"": [""9"", ""10""], ""raw"": ""9,10""}]",外加,需多媒體教室(圖資103),https://course.nuk.edu.tw/QueryCourse/tcontent.asp?OpenYear=095&Helf=1&Sclass=SO&Cono=A232,2026-08-26T18:02:56+00:00
095-1-SO-A351-A-1-A,095,1,共同與通識課程,SO,通識社會科學類,A351,A,大學部,1,A,兩性、文化與社會,2,選,65,57,,8,駱慧文,C02-101,,,"7,8",,,,,"[{""day"": 3, ""dayName"": ""星期三"", ""periods"": [""7"", ""8""], ""raw"": ""7,8""}]",,,https://course.nuk.edu.tw/QueryCourse/tcontent.asp?OpenYear=095&Helf=1&Sclass=SO&Cono=A351,2026-08-26T18:02:56+00:00
095-1-SO-A371-A-1-A,095,1,共同與通識課程,SO,通識社會科學類,A371,A,大學部,1,A,生涯發展,2,選,69,67,,2,駱慧文,C02-101,,,"9,10",,,,,"[{""day"": 3, ""dayName"": ""星期三"", ""periods"": [""9"", ""10""], ""raw"": ""9,10""}]",外加,,https://course.nuk.edu.tw/QueryCourse/tcontent.asp?OpenYear=095&Helf=1&Sclass=SO&Cono=A371,2026-08-26T18:02:56+00:00
095-1-SO-A471-A-1-A,095,1,共同與通識課程,SO,通識社會科學類,A471,A,大學部,1,A,創意的發想與實踐,2,選,152,151,,1,李劍志,L01-101,"10,11",,,,,,,"[{""day"": 1, ""dayName"": ""星期一"", ""periods"": [""10"", ""11""], ""raw"": ""10,11""}]",,L01-103 多媒體教室,https://course.nuk.edu.tw/QueryCourse/tcontent.asp?OpenYear=095&Helf=1&Sclass=SO&Cono=A471,2026-08-26T18:02:56+00:00
095-1-SO-A481-A-1-A,095,1,共同與通識課程,SO,通識社會科學類,A481,A,大學部,1,A,行銷學,2,選,130,128,,2,張純端,L01-103,,,"3,4",,,,,"[{""day"": 3, ""dayName"": ""星期三"", ""periods"": [""3"", ""4""], ""raw"": ""3,4""}]",,,https://course.nuk.edu.tw/QueryCourse/tcontent.asp?OpenYear=095&Helf=1&Sclass=SO&Cono=A481,2026-08-26T18:02:56+00:00
095-1-SO-A561-A-1-A,095,1,共同與通識課程,SO,通識社會科學類,A561,A,大學部,1,A,心理學與生活,2,選,100,100,,0,陳詢榮,L01-103,,,,,"3,4",,,"[{""day"": 5, ""dayName"": ""星期五"", ""periods"": [""3"", ""4""], ""raw"": ""3,4""}]",,需多媒體教室,https://course.nuk.edu.tw/QueryCourse/tcontent.asp?OpenYear=095&Helf=1&Sclass=SO&Cono=A561,2026-08-26T18:02:56+00:00
095-1-SO-A622-A-1-A,095,1,共同與通識課程,SO,通識社會科學類,A622,A,大學部,1,A,心理學概論,2,選,100,98,,2,陳詢榮,L01-103,,,,,"1,2",,,"[{""day"": 5, ""dayName"": ""星期五"", ""periods"": [""1"", ""2""], ""raw"": ""1,2""}]",,需多媒體教室,https://course.nuk.edu.tw/QueryCourse/tcontent.asp?OpenYear=095&Helf=1&Sclass=SO&Cono=A622,2026-08-26T18:02:56+00:00
095-1-SO-A671-A-1-A,095,1,共同與通識課程,SO,通識社會科學類,A671,A,大學部,1,A,東亞區域主義與現勢,2,選,65,64,,1,楊鈞池,L02-101,,,"7,8",,,,,"[{""day"": 3, ""dayName"": ""星期三"", ""periods"": [""7"", ""8""], ""raw"": ""7,8""}]",,,https://course.nuk.edu.tw/QueryCourse/tcontent.asp?OpenYear=095&Helf=1&Sclass=SO&Cono=A671,2026-08-26T18:02:56+00:00
095-1-SO-A694-A-1-A,095,1,共同與通識課程,SO,通識社會科學類,A694,A,大學部,1,A,高大卓越講座(一),2,選,401,396,,5,黃文璋 黃一祥,L01-201,,"6,7",,,,,,"[{""day"": 2, ""dayName"": ""星期二"", ""periods"": [""6"", ""7""], ""raw"": ""6,7""}]",外加,,https://course.nuk.edu.tw/QueryCourse/tcontent.asp?OpenYear=095&Helf=1&Sclass=SO&Cono=A694,2026-08-26T18:02:56+00:00
095-1-SO-A831-A-1-A,095,1,共同與通識課程,SO,通識社會科學類,A831,A,大學部,1,A,數位傳播與文化,2,選,40,40,,0,外校老師,L01-101,"6,7",,,,,,,"[{""day"": 1, ""dayName"": ""星期一"", ""periods"": [""6"", ""7""], ""raw"": ""6,7""}]",,政治大學主播遠距教學，由政大黃葳葳老師授課，修選後不棄選,https://course.nuk.edu.tw/QueryCourse/tcontent.asp?OpenYear=095&Helf=1&Sclass=SO&Cono=A831,2026-08-26T18:02:56+00:00
095-1-SO-A851-A-1-A,095,1,共同與通識課程,SO,通識社會科學類,A851,A,大學部,1,A,保險與生活,2,選,120,119,,1,饒瑞正,L02-516,,,"5,6",,,,,"[{""day"": 3, ""dayName"": ""星期三"", ""periods"": [""5"", ""6""], ""raw"": ""5,6""}]",,,https://course.nuk.edu.tw/QueryCourse/tcontent.asp?OpenYear=095&Helf=1&Sclass=SO&Cono=A851,2026-08-26T18:02:56+00:00
095-1-SO-A891-A-1-A,095,1,共同與通識課程,SO,通識社會科學類,A891,A,大學部,1,A,投資學,2,選,64,63,,1,郭國聖,B01-107,"2,3",,,,,,,"[{""day"": 1, ""dayName"": ""星期一"", ""periods"": [""2"", ""3""], ""raw"": ""2,3""}]",外加,郭國聖老師,https://course.nuk.edu.tw/QueryCourse/tcontent.asp?OpenYear=095&Helf=1&Sclass=SO&Cono=A891,2026-08-26T18:02:56+00:00
095-1-SO-A901-A-1-A,095,1,共同與通識課程,SO,通識社會科學類,A901,A,大學部,1,A,憲法與政府概論,2,選,60,51,,9,楊戊龍,L02-101,"7,8",,,,,,,"[{""day"": 1, ""dayName"": ""星期一"", ""periods"": [""7"", ""8""], ""raw"": ""7,8""}]",限修,法學院學生選修不列入通識學分,https://course.nuk.edu.tw/QueryCourse/tcontent.asp?OpenYear=095&Helf=1&Sclass=SO&Cono=A901,2026-08-26T18:02:56+00:00
095-1-SO-A911-A-1-A,095,1,共同與通識課程,SO,通識社會科學類,A911,A,大學部,1,A,民法概要,2,選,60,60,,0,呂麗慧,L02-103,,,"5,6",,,,,"[{""day"": 3, ""dayName"": ""星期三"", ""periods"": [""5"", ""6""], ""raw"": ""5,6""}]",限修,法學院學生選修不列入通識學分,https://course.nuk.edu.tw/QueryCourse/tcontent.asp?OpenYear=095&Helf=1&Sclass=SO&Cono=A911,2026-08-26T18:02:56+00:00
095-1-SO-A921-A-1-A,095,1,共同與通識課程,SO,通識社會科學類,A921,A,大學部,1,A,管理學概要,2,選,65,64,,1,黃英忠 盧昆宏 鍾昆原,C02-102,,"10,11",,,,,,"[{""day"": 2, ""dayName"": ""星期二"", ""periods"": [""10"", ""11""], ""raw"": ""10,11""}]",外加,,https://course.nuk.edu.tw/QueryCourse/tcontent.asp?OpenYear=095&Helf=1&Sclass=SO&Cono=A921,2026-08-26T18:02:56+00:00
095-1-CE-A01A-A-1-A,095,1,工學院,CE,土木與環境工程學系,A01A,A,大學部,1,A,微積分(一),3,必,70,60,,10,童士恒,C01-103,,,,"1,2",3,,,"[{""day"": 4, ""dayName"": ""星期四"", ""periods"": [""1"", ""2""], ""raw"": ""1,2""}, {""day"": 5, ""dayName"": ""星期五"", ""periods"": [""3""], ""raw"": ""3""}]",,,https://course.nuk.edu.tw/QueryCourse/tcontent.asp?OpenYear=095&Helf=1&Sclass=CE&Cono=A01A,2026-08-26T18:02:56+00:00
095-1-CE-A021-A-1-A,095,1,工學院,CE,土木與環境工程學系,A021,A,大學部,1,A,普通化學,3,必,60,58,,2,莊曜遠,C01-104,,"2,3, 4",,,,,,"[{""day"": 2, ""dayName"": ""星期二"", ""periods"": [""2"", ""3"", ""4""], ""raw"": ""2,3, 4""}]",,,https://course.nuk.edu.tw/QueryCourse/tcontent.asp?OpenYear=095&Helf=1&Sclass=CE&Cono=A021,2026-08-26T18:02:56+00:00
095-1-CE-A031-A-1-A,095,1,工學院,CE,土木與環境工程學系,A031,A,大學部,1,A,土木與環境工程概論,3,必,60,49,,11,連興隆 廖文義,C01-105,,"5,6, 7",,,,,,"[{""day"": 2, ""dayName"": ""星期二"", ""periods"": [""5"", ""6"", ""7""], ""raw"": ""5,6, 7""}]",,,https://course.nuk.edu.tw/QueryCourse/tcontent.asp?OpenYear=095&Helf=1&Sclass=CE&Cono=A031,2026-08-26T18:02:56+00:00
095-1-CE-A041-A-1-A,095,1,工學院,CE,土木與環境工程學系,A041,A,大學部,1,A,工程統計學,3,必,65,60,,5,葉琮裕,C01-103,,,,"3,4",2,,,"[{""day"": 4, ""dayName"": ""星期四"", ""periods"": [""3"", ""4""], ""raw"": ""3,4""}, {""day"": 5, ""dayName"": ""星期五"", ""periods"": [""2""], ""raw"": ""2""}]",,,https://course.nuk.edu.tw/QueryCourse/tcontent.asp?OpenYear=095&Helf=1&Sclass=CE&Cono=A041,2026-08-26T18:02:56+00:00
095-1-CE-A111-A-1-A,095,1,工學院,CE,土木與環境工程學系,A111,A,大學部,1,A,普通物理,3,必,60,58,,2,馮世維,C01-103,,,,,"5,6, 7",,,"[{""day"": 5, ""dayName"": ""星期五"", ""periods"": [""5"", ""6"", ""7""], ""raw"": ""5,6, 7""}]",,,https://course.nuk.edu.tw/QueryCourse/tcontent.asp?OpenYear=095&Helf=1&Sclass=CE&Cono=A111,2026-08-26T18:02:56+00:00
095-1-CE-A501-A-1-A,095,1,工學院,CE,土木與環境工程學系,A501,A,大學部,1,A,測量學及實習,3,選,32,31,,1,俞肇球,C01-103,"3,4",,,"6,7, 8",,,,"[{""day"": 1, ""dayName"": ""星期一"", ""periods"": [""3"", ""4""], ""raw"": ""3,4""}, {""day"": 4, ""dayName"": ""星期四"", ""periods"": [""6"", ""7"", ""8""], ""raw"": ""6,7, 8""}]",外加,,https://course.nuk.edu.tw/QueryCourse/tcontent.asp?OpenYear=095&Helf=1&Sclass=CE&Cono=A501,2026-08-26T18:02:56+00:00
095-1-CE-B011-A-2-A,095,1,工學院,CE,土木與環境工程學系,B011,A,大學部,2,A,材料力學,3,必,60,52,,8,俞肇球,C01-104,,,1,"3,4",,,,"[{""day"": 3, ""dayName"": ""星期三"", ""periods"": [""1""], ""raw"": ""1""}, {""day"": 4, ""dayName"": ""星期四"", ""periods"": [""3"", ""4""], ""raw"": ""3,4""}]",,,https://course.nuk.edu.tw/QueryCourse/tcontent.asp?OpenYear=095&Helf=1&Sclass=CE&Cono=B011,2026-08-26T18:02:56+00:00
095-1-CE-B02A-A-2-A,095,1,工學院,CE,土木與環境工程學系,B02A,A,大學部,2,A,環境分析實驗(一),2,必,50,48,,2,連興隆,C01-B103,,,,,"6,7, 8,9",,,"[{""day"": 5, ""dayName"": ""星期五"", ""periods"": [""6"", ""7"", ""8"", ""9""], ""raw"": ""6,7, 8,9""}]",,,https://course.nuk.edu.tw/QueryCourse/tcontent.asp?OpenYear=095&Helf=1&Sclass=CE&Cono=B02A,2026-08-26T18:02:56+00:00
095-1-CE-B04A-A-2-A,095,1,工學院,CE,土木與環境工程學系,B04A,A,大學部,2,A,工程數學(一),3,必,67,62,,5,廖文義,C01-104,,1,,"8,9",,,,"[{""day"": 2, ""dayName"": ""星期二"", ""periods"": [""1""], ""raw"": ""1""}, {""day"": 4, ""dayName"": ""星期四"", ""periods"": [""8"", ""9""], ""raw"": ""8,9""}]",先修 限修及外加,,https://course.nuk.edu.tw/QueryCourse/tcontent.asp?OpenYear=095&Helf=1&Sclass=CE&Cono=B04A,2026-08-26T18:02:56+00:00
095-1-CE-B111-A-2-A,095,1,工學院,CE,土木與環境工程學系,B111,A,大學部,2,A,工程材料,3,必,60,54,,6,陳振華,C01-105,,"2,3, 4",,,,,,"[{""day"": 2, ""dayName"": ""星期二"", ""periods"": [""2"", ""3"", ""4""], ""raw"": ""2,3, 4""}]",,,https://course.nuk.edu.tw/QueryCourse/tcontent.asp?OpenYear=095&Helf=1&Sclass=CE&Cono=B111,2026-08-26T18:02:56+00:00
095-1-CE-B501-A-2-A,095,1,工學院,CE,土木與環境工程學系,B501,A,大學部,2,A,環工程序學,3,選,60,38,,22,連興隆,C01-104,,,,2,"3,4",,,"[{""day"": 4, ""dayName"": ""星期四"", ""periods"": [""2""], ""raw"": ""2""}, {""day"": 5, ""dayName"": ""星期五"", ""periods"": [""3"", ""4""], ""raw"": ""3,4""}]",,,https://course.nuk.edu.tw/QueryCourse/tcontent.asp?OpenYear=095&Helf=1&Sclass=CE&Cono=B501,2026-08-26T18:02:56+00:00
095-1-CE-B521-A-2-A,095,1,工學院,CE,土木與環境工程學系,B521,A,大學部,2,A,地下水,3,選,60,33,,27,袁菁,C01-104,"3,4",5,,,,,,"[{""day"": 1, ""dayName"": ""星期一"", ""periods"": [""3"", ""4""], ""raw"": ""3,4""}, {""day"": 2, ""dayName"": ""星期二"", ""periods"": [""5""], ""raw"": ""5""}]",,,https://course.nuk.edu.tw/QueryCourse/tcontent.asp?OpenYear=095&Helf=1&Sclass=CE&Cono=B521,2026-08-26T18:02:56+00:00
095-1-CE-B531-A-2-A,095,1,工學院,CE,土木與環境工程學系,B531,A,大學部,2,A,水文學,3,選,60,46,,14,甯蜀光,C01-105,2,,"2,3",,,,,"[{""day"": 1, ""dayName"": ""星期一"", ""periods"": [""2""], ""raw"": ""2""}, {""day"": 3, ""dayName"": ""星期三"", ""periods"": [""2"", ""3""], ""raw"": ""2,3""}]",,,https://course.nuk.edu.tw/QueryCourse/tcontent.asp?OpenYear=095&Helf=1&Sclass=CE&Cono=B531,2026-08-26T18:02:56+00:00
095-1-CE-B541-A-2-A,095,1,工學院,CE,土木與環境工程學系,B541,A,大學部,2,A,動力學,3,選,60,28,,32,張惠雲,C01-106,,"6,7",,6,,,,"[{""day"": 2, ""dayName"": ""星期二"", ""periods"": [""6"", ""7""], ""raw"": ""6,7""}, {""day"": 4, ""dayName"": ""星期四"", ""periods"": [""6""], ""raw"": ""6""}]",,,https://course.nuk.edu.tw/QueryCourse/tcontent.asp?OpenYear=095&Helf=1&Sclass=CE&Cono=B541,2026-08-26T18:02:56+00:00
095-1-CE-B561-A-3-A,095,1,工學院,CE,土木與環境工程學系,B561,A,大學部,3,A,工程與環境地質,3,選,60,23,,37,翁孟嘉,C01-106,,"3,4",,,2,,,"[{""day"": 2, ""dayName"": ""星期二"", ""periods"": [""3"", ""4""], ""raw"": ""3,4""}, {""day"": 5, ""dayName"": ""星期五"", ""periods"": [""2""], ""raw"": ""2""}]",,,https://course.nuk.edu.tw/QueryCourse/tcontent.asp?OpenYear=095&Helf=1&Sclass=CE&Cono=B561,2026-08-26T18:02:56+00:00
095-1-CE-C01B-A-3-A,095,1,工學院,CE,土木與環境工程學系,C01B,A,大學部,3,A,土木工程實驗(二),1,必,60,49,,11,童士恒,B01-B106,,,,,"6,7, 8",,,"[{""day"": 5, ""dayName"": ""星期五"", ""periods"": [""6"", ""7"", ""8""], ""raw"": ""6,7, 8""}]",,,https://course.nuk.edu.tw/QueryCourse/tcontent.asp?OpenYear=095&Helf=1&Sclass=CE&Cono=C01B,2026-08-26T18:02:56+00:00
095-1-CE-C501-A-3-A,095,1,工學院,CE,土木與環境工程學系,C501,A,大學部,3,A,基礎工程,3,選,60,39,,21,翁孟嘉,C01-107,,"6,7",,,1,,,"[{""day"": 2, ""dayName"": ""星期二"", ""periods"": [""6"", ""7""], ""raw"": ""6,7""}, {""day"": 5, ""dayName"": ""星期五"", ""periods"": [""1""], ""raw"": ""1""}]",,,https://course.nuk.edu.tw/QueryCourse/tcontent.asp?OpenYear=095&Helf=1&Sclass=CE&Cono=C501,2026-08-26T18:02:56+00:00
095-1-CE-C511-A-3-A,095,1,工學院,CE,土木與環境工程學系,C511,A,大學部,3,A,工程數學(三),3,選,60,38,,22,廖文義,C01-106,,2,,"3,4",,,,"[{""day"": 2, ""dayName"": ""星期二"", ""periods"": [""2""], ""raw"": ""2""}, {""day"": 4, ""dayName"": ""星期四"", ""periods"": [""3"", ""4""], ""raw"": ""3,4""}]",,,https://course.nuk.edu.tw/QueryCourse/tcontent.asp?OpenYear=095&Helf=1&Sclass=CE&Cono=C511,2026-08-26T18:02:56+00:00
095-1-CE-C521-A-3-A,095,1,工學院,CE,土木與環境工程學系,C521,A,大學部,3,A,地下環境污染防制,3,選,60,18,,42,袁菁,C01-107,2,"3,4",,,,,,"[{""day"": 1, ""dayName"": ""星期一"", ""periods"": [""2""], ""raw"": ""2""}, {""day"": 2, ""dayName"": ""星期二"", ""periods"": [""3"", ""4""], ""raw"": ""3,4""}]",,,https://course.nuk.edu.tw/QueryCourse/tcontent.asp?OpenYear=095&Helf=1&Sclass=CE&Cono=C521,2026-08-26T18:02:56+00:00
095-1-CE-C531-A-3-A,095,1,工學院,CE,土木與環境工程學系,C531,A,大學部,3,A,廢棄物處理及資源化,3,選,60,33,,27,葉琮裕,C01-105,,,,"6,7",5,,,"[{""day"": 4, ""dayName"": ""星期四"", ""periods"": [""6"", ""7""], ""raw"": ""6,7""}, {""day"": 5, ""dayName"": ""星期五"", ""periods"": [""5""], ""raw"": ""5""}]",,,https://course.nuk.edu.tw/QueryCourse/tcontent.asp?OpenYear=095&Helf=1&Sclass=CE&Cono=C531,2026-08-26T18:02:56+00:00
095-1-CE-C561-A-3-A,095,1,工學院,CE,土木與環境工程學系,C561,A,大學部,3,A,營建管理,3,選,60,49,,11,李文海,C01-106,,,"2,3",5,,,,"[{""day"": 3, ""dayName"": ""星期三"", ""periods"": [""2"", ""3""], ""raw"": ""2,3""}, {""day"": 4, ""dayName"": ""星期四"", ""periods"": [""5""], ""raw"": ""5""}]",,,https://course.nuk.edu.tw/QueryCourse/tcontent.asp?OpenYear=095&Helf=1&Sclass=CE&Cono=C561,2026-08-26T18:02:56+00:00
095-1-CE-C611-A-3-A,095,1,工學院,CE,土木與環境工程學系,C611,A,大學部,3,A,專題研究(一),1,選,60,16,,44,甯蜀光,C01-103,Y,,,,,,,"[{""day"": 1, ""dayName"": ""星期一"", ""periods"": [""Y""], ""raw"": ""Y""}]",,,https://course.nuk.edu.tw/QueryCourse/tcontent.asp?OpenYear=095&Helf=1&Sclass=CE&Cono=C611,2026-08-26T18:02:56+00:00
095-1-CE-C681-A-3-A,095,1,工學院,CE,土木與環境工程學系,C681,A,大學部,3,A,鋼結構設計,3,選,60,16,,44,陳振華,C01-106,"2,3, 4",,,,,,,"[{""day"": 1, ""dayName"": ""星期一"", ""periods"": [""2"", ""3"", ""4""], ""raw"": ""2,3, 4""}]",,,https://course.nuk.edu.tw/QueryCourse/tcontent.asp?OpenYear=095&Helf=1&Sclass=CE&Cono=C681,2026-08-26T18:02:56+00:00
095-1-CE-C701-A-3-A,095,1,工學院,CE,土木與環境工程學系,C701,A,大學部,3,A,施工法,3,選,60,22,,38,李文海,C01-106 其他教室,,,4,"6,7",,,,"[{""day"": 3, ""dayName"": ""星期三"", ""periods"": [""4""], ""raw"": ""4""}, {""day"": 4, ""dayName"": ""星期四"", ""periods"": [""6"", ""7""], ""raw"": ""6,7""}]",,,https://course.nuk.edu.tw/QueryCourse/tcontent.asp?OpenYear=095&Helf=1&Sclass=CE&Cono=C701,2026-08-26T18:02:56+00:00
095-1-CE-C881-A-3-A,095,1,工學院,CE,土木與環境工程學系,C881,A,大學部,3,A,污水工程,3,選,60,11,,49,葉琮裕,C01-105,,,,8,"3,4",,,"[{""day"": 4, ""dayName"": ""星期四"", ""periods"": [""8""], ""raw"": ""8""}, {""day"": 5, ""dayName"": ""星期五"", ""periods"": [""3"", ""4""], ""raw"": ""3,4""}]",,,https://course.nuk.edu.tw/QueryCourse/tcontent.asp?OpenYear=095&Helf=1&Sclass=CE&Cono=C881,2026-08-26T18:02:56+00:00
095-1-CE-D551-A-3-A,095,1,工學院,CE,土木與環境工程學系,D551,A,大學部,3,A,運輸系統分析,3,選,60,30,,30,王瑞民,C01-106,,,"Y,5, 6",,,,,"[{""day"": 3, ""dayName"": ""星期三"", ""periods"": [""Y"", ""5"", ""6""], ""raw"": ""Y,5, 6""}]",,,https://course.nuk.edu.tw/QueryCourse/tcontent.asp?OpenYear=095&Helf=1&Sclass=CE&Cono=D551,2026-08-26T18:02:56+00:00
095-1-CE-D501-A-4-A,095,1,工學院,CE,土木與環境工程學系,D501,A,大學部,4,A,電腦在土木與環工之應用,3,選,18,14,,4,俞肇球,C01-112,,,"2,3, 4",,,,,"[{""day"": 3, ""dayName"": ""星期三"", ""periods"": [""2"", ""3"", ""4""], ""raw"": ""2,3, 4""}]",,,https://course.nuk.edu.tw/QueryCourse/tcontent.asp?OpenYear=095&Helf=1&Sclass=CE&Cono=D501,2026-08-26T18:02:56+00:00
095-1-CE-D581-A-4-A,095,1,工學院,CE,土木與環境工程學系,D581,A,大學部,4,A,環境保護法規,3,選,60,26,,34,林勳佑,B01-103,,,,,"6,7, 8",,,"[{""day"": 5, ""dayName"": ""星期五"", ""periods"": [""6"", ""7"", ""8""], ""raw"": ""6,7, 8""}]",,,https://course.nuk.edu.tw/QueryCourse/tcontent.asp?OpenYear=095&Helf=1&Sclass=CE&Cono=D581,2026-08-26T18:02:56+00:00
095-1-CE-F501-A-4-A,095,1,工學院,CE,土木與環境工程學系,F501,A,大學部,4,A,高等土壤力學,3,選,60,6,,54,童士恒,C01-104,,,,"5,6",2,,,"[{""day"": 4, ""dayName"": ""星期四"", ""periods"": [""5"", ""6""], ""raw"": ""5,6""}, {""day"": 5, ""dayName"": ""星期五"", ""periods"": [""2""], ""raw"": ""2""}]",,與研一合開,https://course.nuk.edu.tw/QueryCourse/tcontent.asp?OpenYear=095&Helf=1&Sclass=CE&Cono=F501,2026-08-26T18:02:56+00:00
095-1-CE-F511-A-4-A,095,1,工學院,CE,土木與環境工程學系,F511,A,大學部,4,A,結構動力學,3,選,60,6,,54,陳振華,C01-106,"6,7, 8",,,,,,,"[{""day"": 1, ""dayName"": ""星期一"", ""periods"": [""6"", ""7"", ""8""], ""raw"": ""6,7, 8""}]",,與研一合開,https://course.nuk.edu.tw/QueryCourse/tcontent.asp?OpenYear=095&Helf=1&Sclass=CE&Cono=F511,2026-08-26T18:02:56+00:00
095-1-CE-F551-A-4-A,095,1,工學院,CE,土木與環境工程學系,F551,A,大學部,4,A,環境系統分析,3,選,60,8,,52,甯蜀光,C01-108,,"2,3, 4",,,,,,"[{""day"": 2, ""dayName"": ""星期二"", ""periods"": [""2"", ""3"", ""4""], ""raw"": ""2,3, 4""}]",,與研一合開,https://course.nuk.edu.tw/QueryCourse/tcontent.asp?OpenYear=095&Helf=1&Sclass=CE&Cono=F551,2026-08-26T18:02:56+00:00
095-1-CE-F561-A-4-A,095,1,工學院,CE,土木與環境工程學系,F561,A,大學部,4,A,彈性力學,3,選,60,12,,48,張惠雲,C01-109 其他教室,,"3,4",,,4,,,"[{""day"": 2, ""dayName"": ""星期二"", ""periods"": [""3"", ""4""], ""raw"": ""3,4""}, {""day"": 5, ""dayName"": ""星期五"", ""periods"": [""4""], ""raw"": ""4""}]",先修,與研一合開,https://course.nuk.edu.tw/QueryCourse/tcontent.asp?OpenYear=095&Helf=1&Sclass=CE&Cono=F561,2026-08-26T18:02:56+00:00
095-1-CE-F571-A-4-A,095,1,工學院,CE,土木與環境工程學系,F571,A,大學部,4,A,地震及防災工程,3,選,60,10,,50,張惠雲,C01-106,,,,"7,8, 9",,,,"[{""day"": 4, ""dayName"": ""星期四"", ""periods"": [""7"", ""8"", ""9""], ""raw"": ""7,8, 9""}]",,與研一合開,https://course.nuk.edu.tw/QueryCourse/tcontent.asp?OpenYear=095&Helf=1&Sclass=CE&Cono=F571,2026-08-26T18:02:56+00:00
095-1-CE-F581-A-4-A,095,1,工學院,CE,土木與環境工程學系,F581,A,大學部,4,A,空氣污染控制設計,3,選,60,10,,50,林勳佑,B01-103,,,,,"2,3, 4",,,"[{""day"": 5, ""dayName"": ""星期五"", ""periods"": [""2"", ""3"", ""4""], ""raw"": ""2,3, 4""}]",,大四研一合班,https://course.nuk.edu.tw/QueryCourse/tcontent.asp?OpenYear=095&Helf=1&Sclass=CE&Cono=F581,2026-08-26T18:02:56+00:00
095-1-CE-F591-A-4-A,095,1,工學院,CE,土木與環境工程學系,F591,A,大學部,4,A,岩石力學,3,選,60,6,,54,翁孟嘉,C01-107,,,,,"5,6, 7",,,"[{""day"": 5, ""dayName"": ""星期五"", ""periods"": [""5"", ""6"", ""7""], ""raw"": ""5,6, 7""}]",,與研一合開,https://course.nuk.edu.tw/QueryCourse/tcontent.asp?OpenYear=095&Helf=1&Sclass=CE&Cono=F591,2026-08-26T18:02:56+00:00
095-1-CE-F011-M-1-,095,1,工學院,CE,土木與環境工程學系,F011,M,碩士班,1,,專題討論(A),0,必,50,7,,43,廖文義,C01-103,,,"10,11",,,,,"[{""day"": 3, ""dayName"": ""星期三"", ""periods"": [""10"", ""11""], ""raw"": ""10,11""}]",,土木工程組必修,https://course.nuk.edu.tw/QueryCourse/tcontent.asp?OpenYear=095&Helf=1&Sclass=CE&Cono=F011,2026-08-26T18:02:56+00:00
095-1-CE-F021-M-1-,095,1,工學院,CE,土木與環境工程學系,F021,M,碩士班,1,,專題討論(B),0,必,50,7,,43,葉琮裕,C01-106,,,"10,11",,,,,"[{""day"": 3, ""dayName"": ""星期三"", ""periods"": [""10"", ""11""], ""raw"": ""10,11""}]",,環境工程組必修,https://course.nuk.edu.tw/QueryCourse/tcontent.asp?OpenYear=095&Helf=1&Sclass=CE&Cono=F021,2026-08-26T18:02:56+00:00
095-1-CE-F501-M-1-,095,1,工學院,CE,土木與環境工程學系,F501,M,碩士班,1,,高等土壤力學,3,選,50,6,,44,童士恒,C01-104,,,,"5,6",2,,,"[{""day"": 4, ""dayName"": ""星期四"", ""periods"": [""5"", ""6""], ""raw"": ""5,6""}, {""day"": 5, ""dayName"": ""星期五"", ""periods"": [""2""], ""raw"": ""2""}]",,與大四合開,https://course.nuk.edu.tw/QueryCourse/tcontent.asp?OpenYear=095&Helf=1&Sclass=CE&Cono=F501,2026-08-26T18:02:56+00:00
095-1-CE-F511-M-1-,095,1,工學院,CE,土木與環境工程學系,F511,M,碩士班,1,,結構動力學,3,選,50,6,,44,陳振華,C01-106,"6,7, 8",,,,,,,"[{""day"": 1, ""dayName"": ""星期一"", ""periods"": [""6"", ""7"", ""8""], ""raw"": ""6,7, 8""}]",,與大四合開,https://course.nuk.edu.tw/QueryCourse/tcontent.asp?OpenYear=095&Helf=1&Sclass=CE&Cono=F511,2026-08-26T18:02:56+00:00
095-1-CE-F512-M-1-,095,1,工學院,CE,土木與環境工程學系,F512,M,碩士班,1,,結構穩定,3,選,50,6,,44,李文海,C01-213,,,,"2,3, 4",,,,"[{""day"": 4, ""dayName"": ""星期四"", ""periods"": [""2"", ""3"", ""4""], ""raw"": ""2,3, 4""}]",,,https://course.nuk.edu.tw/QueryCourse/tcontent.asp?OpenYear=095&Helf=1&Sclass=CE&Cono=F512,2026-08-26T18:02:56+00:00
095-1-CE-F521-M-1-,095,1,工學院,CE,土木與環境工程學系,F521,M,碩士班,1,,實驗規劃與設計,3,選,50,7,,43,袁菁,B01-105,,,"2,3, 4",,,,,"[{""day"": 3, ""dayName"": ""星期三"", ""periods"": [""2"", ""3"", ""4""], ""raw"": ""2,3, 4""}]",,,https://course.nuk.edu.tw/QueryCourse/tcontent.asp?OpenYear=095&Helf=1&Sclass=CE&Cono=F521,2026-08-26T18:02:56+00:00
095-1-CE-F541-M-1-,095,1,工學院,CE,土木與環境工程學系,F541,M,碩士班,1,,環工理化原理,3,選,50,7,,43,連興隆,C01-101,,,"7,8, 9",,,,,"[{""day"": 3, ""dayName"": ""星期三"", ""periods"": [""7"", ""8"", ""9""], ""raw"": ""7,8, 9""}]",,,https://course.nuk.edu.tw/QueryCourse/tcontent.asp?OpenYear=095&Helf=1&Sclass=CE&Cono=F541,2026-08-26T18:02:56+00:00
095-1-CE-F551-M-1-,095,1,工學院,CE,土木與環境工程學系,F551,M,碩士班,1,,環境系統分析,3,選,50,8,,42,甯蜀光,C01-108,,"2,3, 4",,,,,,"[{""day"": 2, ""dayName"": ""星期二"", ""periods"": [""2"", ""3"", ""4""], ""raw"": ""2,3, 4""}]",,與大四合開,https://course.nuk.edu.tw/QueryCourse/tcontent.asp?OpenYear=095&Helf=1&Sclass=CE&Cono=F551,2026-08-26T18:02:56+00:00
095-1-CE-F561-M-1-,095,1,工學院,CE,土木與環境工程學系,F561,M,碩士班,1,,彈性力學,3,選,50,12,,38,張惠雲,C01-109 其他教室,,"3,4",,,4,,,"[{""day"": 2, ""dayName"": ""星期二"", ""periods"": [""3"", ""4""], ""raw"": ""3,4""}, {""day"": 5, ""dayName"": ""星期五"", ""periods"": [""4""], ""raw"": ""4""}]",先修,與大四合開,https://course.nuk.edu.tw/QueryCourse/tcontent.asp?OpenYear=095&Helf=1&Sclass=CE&Cono=F561,2026-08-26T18:02:56+00:00
095-1-CE-F571-M-1-,095,1,工學院,CE,土木與環境工程學系,F571,M,碩士班,1,,地震及防災工程,3,選,60,10,,50,張惠雲,C01-106,,,,"7,8, 9",,,,"[{""day"": 4, ""dayName"": ""星期四"", ""periods"": [""7"", ""8"", ""9""], ""raw"": ""7,8, 9""}]",,與大四合開,https://course.nuk.edu.tw/QueryCourse/tcontent.asp?OpenYear=095&Helf=1&Sclass=CE&Cono=F571,2026-08-26T18:02:56+00:00
095-1-CE-F581-M-1-,095,1,工學院,CE,土木與環境工程學系,F581,M,碩士班,1,,空氣污染控制設計,3,選,60,10,,50,林勳佑,B01-103,,,,,"2,3, 4",,,"[{""day"": 5, ""dayName"": ""星期五"", ""periods"": [""2"", ""3"", ""4""], ""raw"": ""2,3, 4""}]",,,https://course.nuk.edu.tw/QueryCourse/tcontent.asp?OpenYear=095&Helf=1&Sclass=CE&Cono=F581,2026-08-26T18:02:56+00:00
095-1-CE-F591-M-1-,095,1,工學院,CE,土木與環境工程學系,F591,M,碩士班,1,,岩石力學,3,選,60,6,,54,翁孟嘉,C01-107,,,,,"5,6, 7",,,"[{""day"": 5, ""dayName"": ""星期五"", ""periods"": [""5"", ""6"", ""7""], ""raw"": ""5,6, 7""}]",,與大四合開,https://course.nuk.edu.tw/QueryCourse/tcontent.asp?OpenYear=095&Helf=1&Sclass=CE&Cono=F591,2026-08-26T18:02:56+00:00
095-1-CM-A01A-A-1-A,095,1,工學院,CM,化學工程及材料工程學系,A01A,A,大學部,1,A,微積分(一),3,必,70,51,,19,陳青浩,C01-212,"2,3, 4",,,,,,,"[{""day"": 1, ""dayName"": ""星期一"", ""periods"": [""2"", ""3"", ""4""], ""raw"": ""2,3, 4""}]",,,https://course.nuk.edu.tw/QueryCourse/tcontent.asp?OpenYear=095&Helf=1&Sclass=CM&Cono=A01A,2026-08-26T18:02:56+00:00
095-1-CM-A02A-A-1-A,095,1,工學院,CM,化學工程及材料工程學系,A02A,A,大學部,1,A,普通物理(一),3,必,60,51,,9,胡裕民,C01-212,,"5,6, 7",,,,,,"[{""day"": 2, ""dayName"": ""星期二"", ""periods"": [""5"", ""6"", ""7""], ""raw"": ""5,6, 7""}]",,,https://course.nuk.edu.tw/QueryCourse/tcontent.asp?OpenYear=095&Helf=1&Sclass=CM&Cono=A02A,2026-08-26T18:02:56+00:00
095-1-CM-A03A-A-1-A,095,1,工學院,CM,化學工程及材料工程學系,A03A,A,大學部,1,A,普通物理實驗(一),1,必,60,47,,13,孫士傑,C02-3004,,,,,"5,6, 7",,,"[{""day"": 5, ""dayName"": ""星期五"", ""periods"": [""5"", ""6"", ""7""], ""raw"": ""5,6, 7""}]",,,https://course.nuk.edu.tw/QueryCourse/tcontent.asp?OpenYear=095&Helf=1&Sclass=CM&Cono=A03A,2026-08-26T18:02:56+00:00
095-1-CM-A04A-A-1-A,095,1,工學院,CM,化學工程及材料工程學系,A04A,A,大學部,1,A,普通化學(一),3,必,60,48,,12,王宗櫚,C01-212,,,"2,3, 4",,,,,"[{""day"": 3, ""dayName"": ""星期三"", ""periods"": [""2"", ""3"", ""4""], ""raw"": ""2,3, 4""}]",,,https://course.nuk.edu.tw/QueryCourse/tcontent.asp?OpenYear=095&Helf=1&Sclass=CM&Cono=A04A,2026-08-26T18:02:56+00:00
095-1-CM-A061-A-1-A,095,1,工學院,CM,化學工程及材料工程學系,A061,A,大學部,1,A,普通化學實驗(一)B,1,必,25,21,,4,歐家驥,C01-204,,,,,"2,3, 4",,,"[{""day"": 5, ""dayName"": ""星期五"", ""periods"": [""2"", ""3"", ""4""], ""raw"": ""2,3, 4""}]",限修,限化材系雙號同學選修,https://course.nuk.edu.tw/QueryCourse/tcontent.asp?OpenYear=095&Helf=1&Sclass=CM&Cono=A061,2026-08-26T18:02:56+00:00
095-1-CM-A062-A-1-A,095,1,工學院,CM,化學工程及材料工程學系,A062,A,大學部,1,A,普通化學實驗(一)A,1,必,25,23,,2,鍾宜璋,C01-204,,,,"5,6, 7",,,,"[{""day"": 4, ""dayName"": ""星期四"", ""periods"": [""5"", ""6"", ""7""], ""raw"": ""5,6, 7""}]",限修,限化材系單號同學選修,https://course.nuk.edu.tw/QueryCourse/tcontent.asp?OpenYear=095&Helf=1&Sclass=CM&Cono=A062,2026-08-26T18:02:56+00:00
095-1-CM-A07A-A-1-A,095,1,工學院,CM,化學工程及材料工程學系,A07A,A,大學部,1,A,化工與材料科學導論(一),3,必,60,54,,6,鍾賢龍,C01-212,,"2,3, 4",,,,,,"[{""day"": 2, ""dayName"": ""星期二"", ""periods"": [""2"", ""3"", ""4""], ""raw"": ""2,3, 4""}]",,,https://course.nuk.edu.tw/QueryCourse/tcontent.asp?OpenYear=095&Helf=1&Sclass=CM&Cono=A07A,2026-08-26T18:02:56+00:00
095-1-CM-B00A-A-2-A,095,1,工學院,CM,化學工程及材料工程學系,B00A,A,大學部,2,A,工程數學(一),3,必,66,66,,0,王瑞琪,C01-212,,,,,"5,6, 7",,,"[{""day"": 5, ""dayName"": ""星期五"", ""periods"": [""5"", ""6"", ""7""], ""raw"": ""5,6, 7""}]",外加,,https://course.nuk.edu.tw/QueryCourse/tcontent.asp?OpenYear=095&Helf=1&Sclass=CM&Cono=B00A,2026-08-26T18:02:56+00:00
095-1-CM-B01A-A-2-A,095,1,工學院,CM,化學工程及材料工程學系,B01A,A,大學部,2,A,物理化學(一),3,必,80,63,,17,陳文正,C01-211,,,,,"2,3, 4",,,"[{""day"": 5, ""dayName"": ""星期五"", ""periods"": [""2"", ""3"", ""4""], ""raw"": ""2,3, 4""}]",,,https://course.nuk.edu.tw/QueryCourse/tcontent.asp?OpenYear=095&Helf=1&Sclass=CM&Cono=B01A,2026-08-26T18:02:56+00:00
095-1-CM-B03A-A-2-A,095,1,工學院,CM,化學工程及材料工程學系,B03A,A,大學部,2,A,材料化學實驗(一),1,必,60,50,,10,蘇進成,B01-B102,,,,"2,3, 4",,,,"[{""day"": 4, ""dayName"": ""星期四"", ""periods"": [""2"", ""3"", ""4""], ""raw"": ""2,3, 4""}]",,,https://course.nuk.edu.tw/QueryCourse/tcontent.asp?OpenYear=095&Helf=1&Sclass=CM&Cono=B03A,2026-08-26T18:02:56+00:00
095-1-CM-B091-A-2-A,095,1,工學院,CM,化學工程及材料工程學系,B091,A,大學部,2,A,有機材料化學(一),3,必,60,60,,0,鍾宜璋,C01-211,,,"2,3, 4",,,,,"[{""day"": 3, ""dayName"": ""星期三"", ""periods"": [""2"", ""3"", ""4""], ""raw"": ""2,3, 4""}]",,,https://course.nuk.edu.tw/QueryCourse/tcontent.asp?OpenYear=095&Helf=1&Sclass=CM&Cono=B091,2026-08-26T18:02:56+00:00
095-1-CM-B501-A-2-A,095,1,工學院,CM,化學工程及材料工程學系,B501,A,大學部,2,A,電子電工學,3,必,60,48,,12,楊證富,C01-212,,,,"6,7, 8",,,,"[{""day"": 4, ""dayName"": ""星期四"", ""periods"": [""6"", ""7"", ""8""], ""raw"": ""6,7, 8""}]",,,https://course.nuk.edu.tw/QueryCourse/tcontent.asp?OpenYear=095&Helf=1&Sclass=CM&Cono=B501,2026-08-26T18:02:56+00:00
095-1-CM-B511-A-2-A,095,1,工學院,CM,化學工程及材料工程學系,B511,A,大學部,2,A,界面化學,3,選,50,48,,2,王宗櫚,C01-211 其他教室,"3,4",,,5,,,,"[{""day"": 1, ""dayName"": ""星期一"", ""periods"": [""3"", ""4""], ""raw"": ""3,4""}, {""day"": 4, ""dayName"": ""星期四"", ""periods"": [""5""], ""raw"": ""5""}]",,,https://course.nuk.edu.tw/QueryCourse/tcontent.asp?OpenYear=095&Helf=1&Sclass=CM&Cono=B511,2026-08-26T18:02:56+00:00
095-1-CM-B581-A-2-A,095,1,工學院,CM,化學工程及材料工程學系,B581,A,大學部,2,A,生物技術,3,選,27,27,,0,林宏殷,C01-211,,"2,3, 4",,,,,,"[{""day"": 2, ""dayName"": ""星期二"", ""periods"": [""2"", ""3"", ""4""], ""raw"": ""2,3, 4""}]",,生化醫學科技學程,https://course.nuk.edu.tw/QueryCourse/tcontent.asp?OpenYear=095&Helf=1&Sclass=CM&Cono=B581,2026-08-26T18:02:56+00:00
095-1-CM-C011-A-3-A,095,1,工學院,CM,化學工程及材料工程學系,C011,A,大學部,3,A,物理化學實驗(II),1,必,60,49,,11,陳文正,C01-B102,,,,"5,6, 7",,,,"[{""day"": 4, ""dayName"": ""星期四"", ""periods"": [""5"", ""6"", ""7""], ""raw"": ""5,6, 7""}]",,,https://course.nuk.edu.tw/QueryCourse/tcontent.asp?OpenYear=095&Helf=1&Sclass=CM&Cono=C011,2026-08-26T18:02:56+00:00
095-1-CM-C031-A-3-A,095,1,工學院,CM,化學工程及材料工程學系,C031,A,大學部,3,A,化工熱力學,3,必,60,51,,9,蘇進成,C01-213,,"2,3, 4",,,,,,"[{""day"": 2, ""dayName"": ""星期二"", ""periods"": [""2"", ""3"", ""4""], ""raw"": ""2,3, 4""}]",,,https://course.nuk.edu.tw/QueryCourse/tcontent.asp?OpenYear=095&Helf=1&Sclass=CM&Cono=C031,2026-08-26T18:02:56+00:00
095-1-CM-C041-A-3-A,095,1,工學院,CM,化學工程及材料工程學系,C041,A,大學部,3,A,輸送現象與單元操作（一）,3,必,61,55,,6,林宏殷,C01-212,,,,"2,3, 4",,,,"[{""day"": 4, ""dayName"": ""星期四"", ""periods"": [""2"", ""3"", ""4""], ""raw"": ""2,3, 4""}]",,,https://course.nuk.edu.tw/QueryCourse/tcontent.asp?OpenYear=095&Helf=1&Sclass=CM&Cono=C041,2026-08-26T18:02:56+00:00
095-1-CM-C051-A-3-A,095,1,工學院,CM,化學工程及材料工程學系,C051,A,大學部,3,A,材料物理,3,必,60,54,,6,王瑞琪,C01-213,"5,6, 7",,,,,,,"[{""day"": 1, ""dayName"": ""星期一"", ""periods"": [""5"", ""6"", ""7""], ""raw"": ""5,6, 7""}]",,,https://course.nuk.edu.tw/QueryCourse/tcontent.asp?OpenYear=095&Helf=1&Sclass=CM&Cono=C051,2026-08-26T18:02:56+00:00
095-1-CM-C501-A-3-A,095,1,工學院,CM,化學工程及材料工程學系,C501,A,大學部,3,A,生醫材料,3,選,40,18,,22,鍾宜璋,C01-212,,,"5,6, 7",,,,,"[{""day"": 3, ""dayName"": ""星期三"", ""periods"": [""5"", ""6"", ""7""], ""raw"": ""5,6, 7""}]",,,https://course.nuk.edu.tw/QueryCourse/tcontent.asp?OpenYear=095&Helf=1&Sclass=CM&Cono=C501,2026-08-26T18:02:56+00:00
095-1-CM-C511-A-3-A,095,1,工學院,CM,化學工程及材料工程學系,C511,A,大學部,3,A,物理冶金,3,必,60,55,,5,呂正傑,C01-213,"2,3, 4",,,,,,,"[{""day"": 1, ""dayName"": ""星期一"", ""periods"": [""2"", ""3"", ""4""], ""raw"": ""2,3, 4""}]",,化材系核心課程,https://course.nuk.edu.tw/QueryCourse/tcontent.asp?OpenYear=095&Helf=1&Sclass=CM&Cono=C511,2026-08-26T18:02:56+00:00
095-1-CM-C521-A-3-A,095,1,工學院,CM,化學工程及材料工程學系,C521,A,大學部,3,A,高分子物理,3,選,60,8,,52,蘇進成,C01-213,,,"2,3, 4",,,,,"[{""day"": 3, ""dayName"": ""星期三"", ""periods"": [""2"", ""3"", ""4""], ""raw"": ""2,3, 4""}]",,,https://course.nuk.edu.tw/QueryCourse/tcontent.asp?OpenYear=095&Helf=1&Sclass=CM&Cono=C521,2026-08-26T18:02:56+00:00
095-1-CM-C541-A-3-A,095,1,工學院,CM,化學工程及材料工程學系,C541,A,大學部,3,A,陶瓷材料工程,3,選,60,13,,47,楊證富,C01-213,,"5,6, 7",,,,,,"[{""day"": 2, ""dayName"": ""星期二"", ""periods"": [""5"", ""6"", ""7""], ""raw"": ""5,6, 7""}]",,,https://course.nuk.edu.tw/QueryCourse/tcontent.asp?OpenYear=095&Helf=1&Sclass=CM&Cono=C541,2026-08-26T18:02:56+00:00
095-1-CM-C621-A-3-A,095,1,工學院,CM,化學工程及材料工程學系,C621,A,大學部,3,A,薄膜工程,3,選,40,36,,4,呂正傑,C01-103,,,"2,3, 4",,,,,"[{""day"": 3, ""dayName"": ""星期三"", ""periods"": [""2"", ""3"", ""4""], ""raw"": ""2,3, 4""}]",,,https://course.nuk.edu.tw/QueryCourse/tcontent.asp?OpenYear=095&Helf=1&Sclass=CM&Cono=C621,2026-08-26T18:02:56+00:00
095-1-CM-C641-A-3-A,095,1,工學院,CM,化學工程及材料工程學系,C641,A,大學部,3,A,專題研究(一),1,選,60,18,,42,鍾賢龍 楊證富 蘇進成 林宏殷 王瑞琪,C01-212,X,X,X,X,X,,,"[{""day"": 1, ""dayName"": ""星期一"", ""periods"": [""X""], ""raw"": ""X""}, {""day"": 2, ""dayName"": ""星期二"", ""periods"": [""X""], ""raw"": ""X""}, {""day"": 3, ""dayName"": ""星期三"", ""periods"": [""X""], ""raw"": ""X""}, {""day"": 4, ""dayName"": ""星期四"", ""periods"": [""X""], ""raw"": ""X""}, {""day"": 5, ""dayName"": ""星期五"", ""periods"": [""X""], ""raw"": ""X""}]",,依學生興趣選擇系上所有老師之一作為指導教授，並取得教授指導同意書,https://course.nuk.edu.tw/QueryCourse/tcontent.asp?OpenYear=095&Helf=1&Sclass=CM&Cono=C641,2026-08-26T18:02:56+00:00
095-1-CM-C651-A-3-A,095,1,工學院,CM,化學工程及材料工程學系,C651,A,大學部,3,A,儀器分析,3,選,60,19,,41,陳文正,C01-211,,"5,6, 7",,,,,,"[{""day"": 2, ""dayName"": ""星期二"", ""periods"": [""5"", ""6"", ""7""], ""raw"": ""5,6, 7""}]",,,https://course.nuk.edu.tw/QueryCourse/tcontent.asp?OpenYear=095&Helf=1&Sclass=CM&Cono=C651,2026-08-26T18:02:56+00:00
095-1-CM-D011-A-4-A,095,1,工學院,CM,化學工程及材料工程學系,D011,A,大學部,4,A,輸送現象與單元操作(三),3,必,60,49,,11,鍾宜璋 林宏殷,C01-103,,"5,6, 7",,,,,,"[{""day"": 2, ""dayName"": ""星期二"", ""periods"": [""5"", ""6"", ""7""], ""raw"": ""5,6, 7""}]",,,https://course.nuk.edu.tw/QueryCourse/tcontent.asp?OpenYear=095&Helf=1&Sclass=CM&Cono=D011,2026-08-26T18:02:56+00:00
095-1-CM-D021-A-4-A,095,1,工學院,CM,化學工程及材料工程學系,D021,A,大學部,4,A,光電材料與製程,3,選,60,29,,31,楊證富,C01-104,,,"2,3, 4",,,,,"[{""day"": 3, ""dayName"": ""星期三"", ""periods"": [""2"", ""3"", ""4""], ""raw"": ""2,3, 4""}]",,,https://course.nuk.edu.tw/QueryCourse/tcontent.asp?OpenYear=095&Helf=1&Sclass=CM&Cono=D021,2026-08-26T18:02:56+00:00
095-1-CM-D031-A-4-A,095,1,工學院,CM,化學工程及材料工程學系,D031,A,大學部,4,A,藥物輸送及制放,3,選,25,15,,10,林宏殷,B01-204,"5,6, 7",,,,,,,"[{""day"": 1, ""dayName"": ""星期一"", ""periods"": [""5"", ""6"", ""7""], ""raw"": ""5,6, 7""}]",先修,擋修/限修條件：輸送現象與單元操作 ； 生化醫學科技學程,https://course.nuk.edu.tw/QueryCourse/tcontent.asp?OpenYear=095&Helf=1&Sclass=CM&Cono=D031,2026-08-26T18:02:56+00:00
095-1-CM-D051-A-4-A,095,1,工學院,CM,化學工程及材料工程學系,D051,A,大學部,4,A,專題研究(三),1,選,60,24,,36,鍾宜璋 陳文正 王宗櫚 呂正傑 歐家驥,C01-212,Y,Y,Y,Y,Y,,,"[{""day"": 1, ""dayName"": ""星期一"", ""periods"": [""Y""], ""raw"": ""Y""}, {""day"": 2, ""dayName"": ""星期二"", ""periods"": [""Y""], ""raw"": ""Y""}, {""day"": 3, ""dayName"": ""星期三"", ""periods"": [""Y""], ""raw"": ""Y""}, {""day"": 4, ""dayName"": ""星期四"", ""periods"": [""Y""], ""raw"": ""Y""}, {""day"": 5, ""dayName"": ""星期五"", ""periods"": [""Y""], ""raw"": ""Y""}]",,依學生興趣選擇系上所有老師之一作為指導教授，並取得教授指導同意書,https://course.nuk.edu.tw/QueryCourse/tcontent.asp?OpenYear=095&Helf=1&Sclass=CM&Cono=D051,2026-08-26T18:02:56+00:00
095-1-CM-D061-A-4-A,095,1,工學院,CM,化學工程及材料工程學系,D061,A,大學部,4,A,化工與材料實驗(II),1,必,60,48,,12,鍾賢龍 楊證富 呂正傑 王瑞琪,C01-B102,,,"5,6, 7,8",,,,,"[{""day"": 3, ""dayName"": ""星期三"", ""periods"": [""5"", ""6"", ""7"", ""8""], ""raw"": ""5,6, 7,8""}]",,,https://course.nuk.edu.tw/QueryCourse/tcontent.asp?OpenYear=095&Helf=1&Sclass=CM&Cono=D061,2026-08-26T18:02:56+00:00
095-1-CM-D511-A-4-A,095,1,工學院,CM,化學工程及材料工程學系,D511,A,大學部,4,A,電子顯微鏡理論與應用,3,選,60,11,,49,王瑞琪,C01-211,,,,"5,6, 7",,,,"[{""day"": 4, ""dayName"": ""星期四"", ""periods"": [""5"", ""6"", ""7""], ""raw"": ""5,6, 7""}]",,,https://course.nuk.edu.tw/QueryCourse/tcontent.asp?OpenYear=095&Helf=1&Sclass=CM&Cono=D511,2026-08-26T18:02:56+00:00
095-1-CS-A00A-A-1-A,095,1,工學院,CS,資訊工程學系,A00A,A,大學部,1,A,計算機概論(一),3,必,60,55,,5,嚴力行,C01-414 其他教室,,,,"6,7, 8",,,,"[{""day"": 4, ""dayName"": ""星期四"", ""periods"": [""6"", ""7"", ""8""], ""raw"": ""6,7, 8""}]",,,https://course.nuk.edu.tw/QueryCourse/tcontent.asp?OpenYear=095&Helf=1&Sclass=CS&Cono=A00A,2026-08-26T18:02:56+00:00
095-1-CS-A011-A-1-A,095,1,工學院,CS,資訊工程學系,A011,A,大學部,1,A,離散數學,3,必,65,64,,1,殷堂凱,C01-415,,"2,3, 4",,,,,,"[{""day"": 2, ""dayName"": ""星期二"", ""periods"": [""2"", ""3"", ""4""], ""raw"": ""2,3, 4""}]",,,https://course.nuk.edu.tw/QueryCourse/tcontent.asp?OpenYear=095&Helf=1&Sclass=CS&Cono=A011,2026-08-26T18:02:56+00:00
095-1-CS-A02A-A-1-A,095,1,工學院,CS,資訊工程學系,A02A,A,大學部,1,A,微積分(一),3,必,60,46,,14,潘欣泰,B01-106,"2,3, 4",,,,,,,"[{""day"": 1, ""dayName"": ""星期一"", ""periods"": [""2"", ""3"", ""4""], ""raw"": ""2,3, 4""}]",,,https://course.nuk.edu.tw/QueryCourse/tcontent.asp?OpenYear=095&Helf=1&Sclass=CS&Cono=A02A,2026-08-26T18:02:56+00:00
095-1-CS-A031-A-1-A,095,1,工學院,CS,資訊工程學系,A031,A,大學部,1,A,普通物理,3,必,60,44,,16,余進忠,L02-B101,,,"2,3, 4",,,,,"[{""day"": 3, ""dayName"": ""星期三"", ""periods"": [""2"", ""3"", ""4""], ""raw"": ""2,3, 4""}]",,,https://course.nuk.edu.tw/QueryCourse/tcontent.asp?OpenYear=095&Helf=1&Sclass=CS&Cono=A031,2026-08-26T18:02:56+00:00
095-1-CS-B011-A-2-A,095,1,工學院,CS,資訊工程學系,B011,A,大學部,2,A,資料結構,3,必,60,53,,7,林文揚,B01-103,,,"2,3, 4",,,,,"[{""day"": 3, ""dayName"": ""星期三"", ""periods"": [""2"", ""3"", ""4""], ""raw"": ""2,3, 4""}]",,,https://course.nuk.edu.tw/QueryCourse/tcontent.asp?OpenYear=095&Helf=1&Sclass=CS&Cono=B011,2026-08-26T18:02:56+00:00
095-1-CS-B021-A-2-A,095,1,工學院,CS,資訊工程學系,B021,A,大學部,2,A,物件導向程式設計,3,必,75,60,,15,洪宗貝,B01-108 其他教室,"3,4",,,9,,,,"[{""day"": 1, ""dayName"": ""星期一"", ""periods"": [""3"", ""4""], ""raw"": ""3,4""}, {""day"": 4, ""dayName"": ""星期四"", ""periods"": [""9""], ""raw"": ""9""}]",,,https://course.nuk.edu.tw/QueryCourse/tcontent.asp?OpenYear=095&Helf=1&Sclass=CS&Cono=B021,2026-08-26T18:02:56+00:00
095-1-CS-B031-A-2-A,095,1,工學院,CS,資訊工程學系,B031,A,大學部,2,A,機率學,3,必,60,47,,13,殷堂凱,C02-111,,"5,6, 7",,,,,,"[{""day"": 2, ""dayName"": ""星期二"", ""periods"": [""5"", ""6"", ""7""], ""raw"": ""5,6, 7""}]",,,https://course.nuk.edu.tw/QueryCourse/tcontent.asp?OpenYear=095&Helf=1&Sclass=CS&Cono=B031,2026-08-26T18:02:56+00:00
095-1-CS-B041-A-2-A,095,1,工學院,CS,資訊工程學系,B041,A,大學部,2,A,數位電路學,3,必,60,46,,14,潘欣泰,C01-414,,,,,"2,3, 4",,,"[{""day"": 5, ""dayName"": ""星期五"", ""periods"": [""2"", ""3"", ""4""], ""raw"": ""2,3, 4""}]",,,https://course.nuk.edu.tw/QueryCourse/tcontent.asp?OpenYear=095&Helf=1&Sclass=CS&Cono=B041,2026-08-26T18:02:56+00:00
095-1-CS-B551-A-2-A,095,1,工學院,CS,資訊工程學系,B551,A,大學部,2,A,計算機圖學,3,選,80,70,,10,洪宗貝,C01-114,,,,"6,7, 8",,,,"[{""day"": 4, ""dayName"": ""星期四"", ""periods"": [""6"", ""7"", ""8""], ""raw"": ""6,7, 8""}]",,資工二年級三年級合班,https://course.nuk.edu.tw/QueryCourse/tcontent.asp?OpenYear=095&Helf=1&Sclass=CS&Cono=B551,2026-08-26T18:02:56+00:00
095-1-CS-C541-A-2-A,095,1,工學院,CS,資訊工程學系,C541,A,大學部,2,A,電子學,3,選,60,41,,19,潘欣泰,C01-414,,"2,3, 4",,,,,,"[{""day"": 2, ""dayName"": ""星期二"", ""periods"": [""2"", ""3"", ""4""], ""raw"": ""2,3, 4""}]",,,https://course.nuk.edu.tw/QueryCourse/tcontent.asp?OpenYear=095&Helf=1&Sclass=CS&Cono=C541,2026-08-26T18:02:56+00:00
095-1-CS-B551-A-3-A,095,1,工學院,CS,資訊工程學系,B551,A,大學部,3,A,計算機圖學,3,選,80,70,,10,洪宗貝,C01-114,,,,"6,7, 8",,,,"[{""day"": 4, ""dayName"": ""星期四"", ""periods"": [""6"", ""7"", ""8""], ""raw"": ""6,7, 8""}]",,資工二三年級合班,https://course.nuk.edu.tw/QueryCourse/tcontent.asp?OpenYear=095&Helf=1&Sclass=CS&Cono=B551,2026-08-26T18:02:56+00:00
095-1-CS-C011-A-3-A,095,1,工學院,CS,資訊工程學系,C011,A,大學部,3,A,計算機組織,3,必,60,49,,11,郭錦福,C01-415,,,"2,3, 4",,,,,"[{""day"": 3, ""dayName"": ""星期三"", ""periods"": [""2"", ""3"", ""4""], ""raw"": ""2,3, 4""}]",,,https://course.nuk.edu.tw/QueryCourse/tcontent.asp?OpenYear=095&Helf=1&Sclass=CS&Cono=C011,2026-08-26T18:02:56+00:00
095-1-CS-C021-A-3-A,095,1,工學院,CS,資訊工程學系,C021,A,大學部,3,A,程式語言,3,必,60,43,,17,嚴力行,C01-415,,,,,"2,3, 4",,,"[{""day"": 5, ""dayName"": ""星期五"", ""periods"": [""2"", ""3"", ""4""], ""raw"": ""2,3, 4""}]",,,https://course.nuk.edu.tw/QueryCourse/tcontent.asp?OpenYear=095&Helf=1&Sclass=CS&Cono=C021,2026-08-26T18:02:56+00:00
095-1-CS-C031-A-3-A,095,1,工學院,CS,資訊工程學系,C031,A,大學部,3,A,資料庫系統,3,必,60,44,,16,林文揚,B01-107,,,,"2,3, 4",,,,"[{""day"": 4, ""dayName"": ""星期四"", ""periods"": [""2"", ""3"", ""4""], ""raw"": ""2,3, 4""}]",,,https://course.nuk.edu.tw/QueryCourse/tcontent.asp?OpenYear=095&Helf=1&Sclass=CS&Cono=C031,2026-08-26T18:02:56+00:00
095-1-CS-C521-A-3-A,095,1,工學院,CS,資訊工程學系,C521,A,大學部,3,A,網路通訊協定,3,選,50,39,,11,吳俊興,C02-106,"6,7, 8",,,,,,,"[{""day"": 1, ""dayName"": ""星期一"", ""periods"": [""6"", ""7"", ""8""], ""raw"": ""6,7, 8""}]",,理二300-3電腦教室,https://course.nuk.edu.tw/QueryCourse/tcontent.asp?OpenYear=095&Helf=1&Sclass=CS&Cono=C521,2026-08-26T18:02:56+00:00
095-1-CS-C541-A-3-A,095,1,工學院,CS,資訊工程學系,C541,A,大學部,3,A,電子學,3,選,60,41,,19,潘欣泰,C01-414,,"2,3, 4",,,,,,"[{""day"": 2, ""dayName"": ""星期二"", ""periods"": [""2"", ""3"", ""4""], ""raw"": ""2,3, 4""}]",,,https://course.nuk.edu.tw/QueryCourse/tcontent.asp?OpenYear=095&Helf=1&Sclass=CS&Cono=C541,2026-08-26T18:02:56+00:00
095-1-EE-A01A-A-1-A,095,1,工學院,EE,電機工程學系,A01A,A,大學部,1,A,計算機概論(一),3,必,65,58,,7,吳志宏,C01-114,"2,3, 4",,,,,,,"[{""day"": 1, ""dayName"": ""星期一"", ""periods"": [""2"", ""3"", ""4""], ""raw"": ""2,3, 4""}]",,,https://course.nuk.edu.tw/QueryCourse/tcontent.asp?OpenYear=095&Helf=1&Sclass=EE&Cono=A01A,2026-08-26T18:02:56+00:00
095-1-EE-A02A-A-1-B,095,1,工學院,EE,電機工程學系,A02A,A,大學部,1,B,普通物理學(一),3,必,70,65,,5,郭馨徽,C01-107,,,,,"2,3, 4",,,"[{""day"": 5, ""dayName"": ""星期五"", ""periods"": [""2"", ""3"", ""4""], ""raw"": ""2,3, 4""}]",,,https://course.nuk.edu.tw/QueryCourse/tcontent.asp?OpenYear=095&Helf=1&Sclass=EE&Cono=A02A,2026-08-26T18:02:56+00:00
095-1-EE-A03A-A-1-A,095,1,工學院,EE,電機工程學系,A03A,A,大學部,1,A,普通物理學實驗(一),1,必,70,60,,10,施明昌,C01-B104,,"10,11, 12",,,,,,"[{""day"": 2, ""dayName"": ""星期二"", ""periods"": [""10"", ""11"", ""12""], ""raw"": ""10,11, 12""}]",,,https://course.nuk.edu.tw/QueryCourse/tcontent.asp?OpenYear=095&Helf=1&Sclass=EE&Cono=A03A,2026-08-26T18:02:56+00:00
095-1-EE-A04A-A-1-A,095,1,工學院,EE,電機工程學系,A04A,A,大學部,1,A,微積分(一),3,必,75,72,,3,陳正忠,C01-109,,"5,6, 7",,,,,,"[{""day"": 2, ""dayName"": ""星期二"", ""periods"": [""5"", ""6"", ""7""], ""raw"": ""5,6, 7""}]",,,https://course.nuk.edu.tw/QueryCourse/tcontent.asp?OpenYear=095&Helf=1&Sclass=EE&Cono=A04A,2026-08-26T18:02:56+00:00
095-1-EE-A051-A-1-A,095,1,工學院,EE,電機工程學系,A051,A,大學部,1,A,數位邏輯,3,必,70,68,,2,洪進華,C01-108,,,,"7,8, 9",,,,"[{""day"": 4, ""dayName"": ""星期四"", ""periods"": [""7"", ""8"", ""9""], ""raw"": ""7,8, 9""}]",,,https://course.nuk.edu.tw/QueryCourse/tcontent.asp?OpenYear=095&Helf=1&Sclass=EE&Cono=A051,2026-08-26T18:02:56+00:00
095-1-EE-A08A-A-1-B,095,1,工學院,EE,電機工程學系,A08A,A,大學部,1,B,計算機概論（一）,3,必,80,75,,5,吳志宏,B01-110,,,,"7,8, 9",,,,"[{""day"": 4, ""dayName"": ""星期四"", ""periods"": [""7"", ""8"", ""9""], ""raw"": ""7,8, 9""}]",,,https://course.nuk.edu.tw/QueryCourse/tcontent.asp?OpenYear=095&Helf=1&Sclass=EE&Cono=A08A,2026-08-26T18:02:56+00:00
095-1-EE-A091-A-1-B,095,1,工學院,EE,電機工程學系,A091,A,大學部,1,B,數位邏輯,3,必,70,62,,8,吳俊興,C01-108,,,"2,3, 4",,,,,"[{""day"": 3, ""dayName"": ""星期三"", ""periods"": [""2"", ""3"", ""4""], ""raw"": ""2,3, 4""}]",,,https://course.nuk.edu.tw/QueryCourse/tcontent.asp?OpenYear=095&Helf=1&Sclass=EE&Cono=A091,2026-08-26T18:02:56+00:00
095-1-EE-A10A-A-1-B,095,1,工學院,EE,電機工程學系,A10A,A,大學部,1,B,微積分(一),3,必,70,61,,9,陳季聰,C01-109,"2,3, 4",,,,,,,"[{""day"": 1, ""dayName"": ""星期一"", ""periods"": [""2"", ""3"", ""4""], ""raw"": ""2,3, 4""}]",,,https://course.nuk.edu.tw/QueryCourse/tcontent.asp?OpenYear=095&Helf=1&Sclass=EE&Cono=A10A,2026-08-26T18:02:56+00:00
095-1-EE-A11A-A-1-A,095,1,工學院,EE,電機工程學系,A11A,A,大學部,1,A,普通物理學(一),3,必,70,61,,9,郭馨徽,C01-108,,,,"2,3, 4",,,,"[{""day"": 4, ""dayName"": ""星期四"", ""periods"": [""2"", ""3"", ""4""], ""raw"": ""2,3, 4""}]",,,https://course.nuk.edu.tw/QueryCourse/tcontent.asp?OpenYear=095&Helf=1&Sclass=EE&Cono=A11A,2026-08-26T18:02:56+00:00
095-1-EE-A12A-A-1-B,095,1,工學院,EE,電機工程學系,A12A,A,大學部,1,B,普通物理學實驗(一),1,必,70,61,,9,施明昌,C01-B104,,,"10,11, 12",,,,,"[{""day"": 3, ""dayName"": ""星期三"", ""periods"": [""10"", ""11"", ""12""], ""raw"": ""10,11, 12""}]",,,https://course.nuk.edu.tw/QueryCourse/tcontent.asp?OpenYear=095&Helf=1&Sclass=EE&Cono=A12A,2026-08-26T18:02:56+00:00
095-1-EE-A501-A-1-A,095,1,工學院,EE,電機工程學系,A501,A,大學部,1,A,普通化學,3,選,70,70,,0,劉福鯤,B01-106,,"2,3, 4",,,,,,"[{""day"": 2, ""dayName"": ""星期二"", ""periods"": [""2"", ""3"", ""4""], ""raw"": ""2,3, 4""}]",,A.B兩班合上,https://course.nuk.edu.tw/QueryCourse/tcontent.asp?OpenYear=095&Helf=1&Sclass=EE&Cono=A501,2026-08-26T18:02:56+00:00
095-1-EE-A501-A-1-B,095,1,工學院,EE,電機工程學系,A501,A,大學部,1,B,普通化學,3,選,70,70,,0,劉福鯤,B01-106,,"2,3, 4",,,,,,"[{""day"": 2, ""dayName"": ""星期二"", ""periods"": [""2"", ""3"", ""4""], ""raw"": ""2,3, 4""}]",,A.B兩班合上,https://course.nuk.edu.tw/QueryCourse/tcontent.asp?OpenYear=095&Helf=1&Sclass=EE&Cono=A501,2026-08-26T18:02:56+00:00
095-1-EE-B01A-A-2-A,095,1,工學院,EE,電機工程學系,B01A,A,大學部,2,A,電路學(一),3,必,70,70,,0,徐忠枝,B01-104,,"2,3, 4",,,,,,"[{""day"": 2, ""dayName"": ""星期二"", ""periods"": [""2"", ""3"", ""4""], ""raw"": ""2,3, 4""}]",,,https://course.nuk.edu.tw/QueryCourse/tcontent.asp?OpenYear=095&Helf=1&Sclass=EE&Cono=B01A,2026-08-26T18:02:56+00:00
095-1-EE-B02A-A-2-A,095,1,工學院,EE,電機工程學系,B02A,A,大學部,2,A,電子學(一),3,必,75,70,,5,吳松茂,B01-103,"2,3, 4",,,,,,,"[{""day"": 1, ""dayName"": ""星期一"", ""periods"": [""2"", ""3"", ""4""], ""raw"": ""2,3, 4""}]",,,https://course.nuk.edu.tw/QueryCourse/tcontent.asp?OpenYear=095&Helf=1&Sclass=EE&Cono=B02A,2026-08-26T18:02:56+00:00
095-1-EE-B02C-A-2-B,095,1,工學院,EE,電機工程學系,B02C,A,大學部,2,B,電子學(一),3,必,70,66,,4,張文騰,C01-415,,,,"2,3, 4",,,,"[{""day"": 4, ""dayName"": ""星期四"", ""periods"": [""2"", ""3"", ""4""], ""raw"": ""2,3, 4""}]",,,https://course.nuk.edu.tw/QueryCourse/tcontent.asp?OpenYear=095&Helf=1&Sclass=EE&Cono=B02C,2026-08-26T18:02:56+00:00
095-1-EE-B031-A-2-A,095,1,工學院,EE,電機工程學系,B031,A,大學部,2,A,工程數學二(微分方程),3,必,70,64,,6,藍文厚,C01-105,,,,"2,3, 4",,,,"[{""day"": 4, ""dayName"": ""星期四"", ""periods"": [""2"", ""3"", ""4""], ""raw"": ""2,3, 4""}]",,,https://course.nuk.edu.tw/QueryCourse/tcontent.asp?OpenYear=095&Helf=1&Sclass=EE&Cono=B031,2026-08-26T18:02:56+00:00
095-1-EE-B033-A-2-B,095,1,工學院,EE,電機工程學系,B033,A,大學部,2,B,工程數學二(微分方程),3,必,70,53,,17,張文騰,C01-107,,,"2,3, 4",,,,,"[{""day"": 3, ""dayName"": ""星期三"", ""periods"": [""2"", ""3"", ""4""], ""raw"": ""2,3, 4""}]",,,https://course.nuk.edu.tw/QueryCourse/tcontent.asp?OpenYear=095&Helf=1&Sclass=EE&Cono=B033,2026-08-26T18:02:56+00:00
095-1-EE-B04A-A-2-A,095,1,工學院,EE,電機工程學系,B04A,A,大學部,2,A,電子電路工程實驗(一),1,必,70,60,,10,吳松茂,C01-202,,,,,"6,7, 8",,,"[{""day"": 5, ""dayName"": ""星期五"", ""periods"": [""6"", ""7"", ""8""], ""raw"": ""6,7, 8""}]",,,https://course.nuk.edu.tw/QueryCourse/tcontent.asp?OpenYear=095&Helf=1&Sclass=EE&Cono=B04A,2026-08-26T18:02:56+00:00
095-1-EE-B04C-A-2-B,095,1,工學院,EE,電機工程學系,B04C,A,大學部,2,B,電子電路工程實驗(一),1,必,70,56,,14,張文騰,C01-202,,,,,"2,3, 4",,,"[{""day"": 5, ""dayName"": ""星期五"", ""periods"": [""2"", ""3"", ""4""], ""raw"": ""2,3, 4""}]",,,https://course.nuk.edu.tw/QueryCourse/tcontent.asp?OpenYear=095&Helf=1&Sclass=EE&Cono=B04C,2026-08-26T18:02:56+00:00
095-1-EE-B05A-A-2-A,095,1,工學院,EE,電機工程學系,B05A,A,大學部,2,A,電磁學(一),3,必,70,67,,3,陳宏任,C01-108,,,,,"2,3, 4",,,"[{""day"": 5, ""dayName"": ""星期五"", ""periods"": [""2"", ""3"", ""4""], ""raw"": ""2,3, 4""}]",,,https://course.nuk.edu.tw/QueryCourse/tcontent.asp?OpenYear=095&Helf=1&Sclass=EE&Cono=B05A,2026-08-26T18:02:56+00:00
095-1-EE-B05C-A-2-B,095,1,工學院,EE,電機工程學系,B05C,A,大學部,2,B,電磁學(一),3,必,70,64,,6,陳宏任,C01-108,,,,,"5,6, 7",,,"[{""day"": 5, ""dayName"": ""星期五"", ""periods"": [""5"", ""6"", ""7""], ""raw"": ""5,6, 7""}]",,,https://course.nuk.edu.tw/QueryCourse/tcontent.asp?OpenYear=095&Helf=1&Sclass=EE&Cono=B05C,2026-08-26T18:02:56+00:00
095-1-EE-B07A-A-2-B,095,1,工學院,EE,電機工程學系,B07A,A,大學部,2,B,電路學(一),3,必,70,64,,6,徐忠枝,B01-104,"2,3, 4",,,,,,,"[{""day"": 1, ""dayName"": ""星期一"", ""periods"": [""2"", ""3"", ""4""], ""raw"": ""2,3, 4""}]",,,https://course.nuk.edu.tw/QueryCourse/tcontent.asp?OpenYear=095&Helf=1&Sclass=EE&Cono=B07A,2026-08-26T18:02:56+00:00
095-1-EE-B501-A-2-B,095,1,工學院,EE,電機工程學系,B501,A,大學部,2,B,物件導向程式設計,3,選,70,34,,36,廖述銘,B01-206,,,,"7,8, 9",,,,"[{""day"": 4, ""dayName"": ""星期四"", ""periods"": [""7"", ""8"", ""9""], ""raw"": ""7,8, 9""}]",,電機二B同學請選此班別,https://course.nuk.edu.tw/QueryCourse/tcontent.asp?OpenYear=095&Helf=1&Sclass=EE&Cono=B501,2026-08-26T18:02:56+00:00
095-1-EE-B503-A-2-A,095,1,工學院,EE,電機工程學系,B503,A,大學部,2,A,物件導向程式設計,3,選,70,12,,58,廖述銘,B01-206,,,"8,9, 10",,,,,"[{""day"": 3, ""dayName"": ""星期三"", ""periods"": [""8"", ""9"", ""10""], ""raw"": ""8,9, 10""}]",,電機二A同學請選此班別,https://course.nuk.edu.tw/QueryCourse/tcontent.asp?OpenYear=095&Helf=1&Sclass=EE&Cono=B503,2026-08-26T18:02:56+00:00
095-1-EE-C761-A-2-A,095,1,工學院,EE,電機工程學系,C761,A,大學部,2,A,資料結構,3,選,70,34,,36,吳志宏,B01-103,,"5,6, 7",,,,,,"[{""day"": 2, ""dayName"": ""星期二"", ""periods"": [""5"", ""6"", ""7""], ""raw"": ""5,6, 7""}]",,,https://course.nuk.edu.tw/QueryCourse/tcontent.asp?OpenYear=095&Helf=1&Sclass=EE&Cono=C761,2026-08-26T18:02:56+00:00
095-1-EE-C761-A-2-B,095,1,工學院,EE,電機工程學系,C761,A,大學部,2,B,資料結構,3,選,70,34,,36,吳志宏,B01-103,,"5,6, 7",,,,,,"[{""day"": 2, ""dayName"": ""星期二"", ""periods"": [""5"", ""6"", ""7""], ""raw"": ""5,6, 7""}]",,,https://course.nuk.edu.tw/QueryCourse/tcontent.asp?OpenYear=095&Helf=1&Sclass=EE&Cono=C761,2026-08-26T18:02:56+00:00
095-1-EE-C021-A-3-A,095,1,工學院,EE,電機工程學系,C021,A,大學部,3,A,電子學(三),3,必,70,49,,21,葉文冠,B01-103,,"2,3, 4",,,,,,"[{""day"": 2, ""dayName"": ""星期二"", ""periods"": [""2"", ""3"", ""4""], ""raw"": ""2,3, 4""}]",,,https://course.nuk.edu.tw/QueryCourse/tcontent.asp?OpenYear=095&Helf=1&Sclass=EE&Cono=C021,2026-08-26T18:02:56+00:00
095-1-EE-C022-A-3-B,095,1,工學院,EE,電機工程學系,C022,A,大學部,3,B,電子學(三),3,必,70,44,,26,葉文冠,C01-409,,,"2,3, 4",,,,,"[{""day"": 3, ""dayName"": ""星期三"", ""periods"": [""2"", ""3"", ""4""], ""raw"": ""2,3, 4""}]",,,https://course.nuk.edu.tw/QueryCourse/tcontent.asp?OpenYear=095&Helf=1&Sclass=EE&Cono=C022,2026-08-26T18:02:56+00:00
095-1-EE-C031-A-3-B,095,1,工學院,EE,電機工程學系,C031,A,大學部,3,B,電子電路工程實驗(三),1,必,70,43,,27,張文騰,C01-202,,"2,3, 4",,,,,,"[{""day"": 2, ""dayName"": ""星期二"", ""periods"": [""2"", ""3"", ""4""], ""raw"": ""2,3, 4""}]",,,https://course.nuk.edu.tw/QueryCourse/tcontent.asp?OpenYear=095&Helf=1&Sclass=EE&Cono=C031,2026-08-26T18:02:56+00:00
095-1-EE-C032-A-3-A,095,1,工學院,EE,電機工程學系,C032,A,大學部,3,A,電子電路工程實驗(三),1,必,70,53,,17,葉文冠,C01-202,,,,"7,8, 9",,,,"[{""day"": 4, ""dayName"": ""星期四"", ""periods"": [""7"", ""8"", ""9""], ""raw"": ""7,8, 9""}]",,,https://course.nuk.edu.tw/QueryCourse/tcontent.asp?OpenYear=095&Helf=1&Sclass=EE&Cono=C032,2026-08-26T18:02:56+00:00
095-1-EE-C512-A-3-A,095,1,工學院,EE,電機工程學系,C512,A,大學部,3,A,積體光學導論,3,選,70,41,,29,郭馨徽,C01-105,,,,,"6,7, 8",,,"[{""day"": 5, ""dayName"": ""星期五"", ""periods"": [""6"", ""7"", ""8""], ""raw"": ""6,7, 8""}]",,,https://course.nuk.edu.tw/QueryCourse/tcontent.asp?OpenYear=095&Helf=1&Sclass=EE&Cono=C512,2026-08-26T18:02:56+00:00
095-1-EE-C512-A-3-B,095,1,工學院,EE,電機工程學系,C512,A,大學部,3,B,積體光學導論,3,選,70,41,,29,郭馨徽,C01-105,,,,,"6,7, 8",,,"[{""day"": 5, ""dayName"": ""星期五"", ""periods"": [""6"", ""7"", ""8""], ""raw"": ""6,7, 8""}]",,,https://course.nuk.edu.tw/QueryCourse/tcontent.asp?OpenYear=095&Helf=1&Sclass=EE&Cono=C512,2026-08-26T18:02:56+00:00
095-1-EE-C521-A-3-A,095,1,工學院,EE,電機工程學系,C521,A,大學部,3,A,信號與系統,3,選,70,66,,4,黃祥哲,C01-415,"2,3, 4",,,,,,,"[{""day"": 1, ""dayName"": ""星期一"", ""periods"": [""2"", ""3"", ""4""], ""raw"": ""2,3, 4""}]",,,https://course.nuk.edu.tw/QueryCourse/tcontent.asp?OpenYear=095&Helf=1&Sclass=EE&Cono=C521,2026-08-26T18:02:56+00:00
095-1-EE-C521-A-3-B,095,1,工學院,EE,電機工程學系,C521,A,大學部,3,B,信號與系統,3,選,70,66,,4,黃祥哲,C01-415,"2,3, 4",,,,,,,"[{""day"": 1, ""dayName"": ""星期一"", ""periods"": [""2"", ""3"", ""4""], ""raw"": ""2,3, 4""}]",,,https://course.nuk.edu.tw/QueryCourse/tcontent.asp?OpenYear=095&Helf=1&Sclass=EE&Cono=C521,2026-08-26T18:02:56+00:00
095-1-EE-C541-A-3-A,095,1,工學院,EE,電機工程學系,C541,A,大學部,3,A,近代物理導論,3,選,70,64,,6,藍文厚,B01-104,,"5,6, 7",,,,,,"[{""day"": 2, ""dayName"": ""星期二"", ""periods"": [""5"", ""6"", ""7""], ""raw"": ""5,6, 7""}]",,,https://course.nuk.edu.tw/QueryCourse/tcontent.asp?OpenYear=095&Helf=1&Sclass=EE&Cono=C541,2026-08-26T18:02:56+00:00
095-1-EE-C541-A-3-B,095,1,工學院,EE,電機工程學系,C541,A,大學部,3,B,近代物理導論,3,選,70,64,,6,藍文厚,B01-104,,"5,6, 7",,,,,,"[{""day"": 2, ""dayName"": ""星期二"", ""periods"": [""5"", ""6"", ""7""], ""raw"": ""5,6, 7""}]",,,https://course.nuk.edu.tw/QueryCourse/tcontent.asp?OpenYear=095&Helf=1&Sclass=EE&Cono=C541,2026-08-26T18:02:56+00:00
095-1-EE-C582-A-3-A,095,1,工學院,EE,電機工程學系,C582,A,大學部,3,A,電磁波理論,3,選,75,73,,2,吳松茂,C01-109,,,,"2,3, 4",,,,"[{""day"": 4, ""dayName"": ""星期四"", ""periods"": [""2"", ""3"", ""4""], ""raw"": ""2,3, 4""}]",,,https://course.nuk.edu.tw/QueryCourse/tcontent.asp?OpenYear=095&Helf=1&Sclass=EE&Cono=C582,2026-08-26T18:02:56+00:00
095-1-EE-C582-A-3-B,095,1,工學院,EE,電機工程學系,C582,A,大學部,3,B,電磁波理論,3,選,75,73,,2,吳松茂,C01-109,,,,"2,3, 4",,,,"[{""day"": 4, ""dayName"": ""星期四"", ""periods"": [""2"", ""3"", ""4""], ""raw"": ""2,3, 4""}]",,,https://course.nuk.edu.tw/QueryCourse/tcontent.asp?OpenYear=095&Helf=1&Sclass=EE&Cono=C582,2026-08-26T18:02:56+00:00
095-1-EE-C601-A-3-A,095,1,工學院,EE,電機工程學系,C601,A,大學部,3,A,VLSI設計導論,3,選,72,72,,0,陳春僥,C01-109,,,,,"2,3, 4",,,"[{""day"": 5, ""dayName"": ""星期五"", ""periods"": [""2"", ""3"", ""4""], ""raw"": ""2,3, 4""}]",外加,,https://course.nuk.edu.tw/QueryCourse/tcontent.asp?OpenYear=095&Helf=1&Sclass=EE&Cono=C601,2026-08-26T18:02:56+00:00
095-1-EE-C601-A-3-B,095,1,工學院,EE,電機工程學系,C601,A,大學部,3,B,VLSI設計導論,3,選,72,72,,0,陳春僥,C01-109,,,,,"2,3, 4",,,"[{""day"": 5, ""dayName"": ""星期五"", ""periods"": [""2"", ""3"", ""4""], ""raw"": ""2,3, 4""}]",,,https://course.nuk.edu.tw/QueryCourse/tcontent.asp?OpenYear=095&Helf=1&Sclass=EE&Cono=C601,2026-08-26T18:02:56+00:00
095-1-EE-C661-A-3-A,095,1,工學院,EE,電機工程學系,C661,A,大學部,3,A,積體電路設計實驗,1,選,70,49,,21,洪進華,C01-201,,,"10,11, 12",,,,,"[{""day"": 3, ""dayName"": ""星期三"", ""periods"": [""10"", ""11"", ""12""], ""raw"": ""10,11, 12""}]",,,https://course.nuk.edu.tw/QueryCourse/tcontent.asp?OpenYear=095&Helf=1&Sclass=EE&Cono=C661,2026-08-26T18:02:56+00:00
095-1-EE-C661-A-3-B,095,1,工學院,EE,電機工程學系,C661,A,大學部,3,B,積體電路設計實驗,1,選,70,49,,21,洪進華,C01-201,,,"10,11, 12",,,,,"[{""day"": 3, ""dayName"": ""星期三"", ""periods"": [""10"", ""11"", ""12""], ""raw"": ""10,11, 12""}]",,,https://course.nuk.edu.tw/QueryCourse/tcontent.asp?OpenYear=095&Helf=1&Sclass=EE&Cono=C661,2026-08-26T18:02:56+00:00
095-1-EE-C681-A-3-A,095,1,工學院,EE,電機工程學系,C681,A,大學部,3,A,近代光學工程實驗,1,選,70,29,,41,施明昌,C01-412,,,"6,7, 8",,,,,"[{""day"": 3, ""dayName"": ""星期三"", ""periods"": [""6"", ""7"", ""8""], ""raw"": ""6,7, 8""}]",,,https://course.nuk.edu.tw/QueryCourse/tcontent.asp?OpenYear=095&Helf=1&Sclass=EE&Cono=C681,2026-08-26T18:02:56+00:00
095-1-EE-C681-A-3-B,095,1,工學院,EE,電機工程學系,C681,A,大學部,3,B,近代光學工程實驗,1,選,70,29,,41,施明昌,C01-412,,,"6,7, 8",,,,,"[{""day"": 3, ""dayName"": ""星期三"", ""periods"": [""6"", ""7"", ""8""], ""raw"": ""6,7, 8""}]",,,https://course.nuk.edu.tw/QueryCourse/tcontent.asp?OpenYear=095&Helf=1&Sclass=EE&Cono=C681,2026-08-26T18:02:56+00:00
095-1-EE-C751-A-3-A,095,1,工學院,EE,電機工程學系,C751,A,大學部,3,A,組合語言,3,選,50,9,,41,殷堂凱,C01-112,,,,"2,3, 4",,,,"[{""day"": 4, ""dayName"": ""星期四"", ""periods"": [""2"", ""3"", ""4""], ""raw"": ""2,3, 4""}]",,,https://course.nuk.edu.tw/QueryCourse/tcontent.asp?OpenYear=095&Helf=1&Sclass=EE&Cono=C751,2026-08-26T18:02:56+00:00
095-1-EE-C751-A-3-B,095,1,工學院,EE,電機工程學系,C751,A,大學部,3,B,組合語言,3,選,50,9,,41,殷堂凱,C01-112,,,,"2,3, 4",,,,"[{""day"": 4, ""dayName"": ""星期四"", ""periods"": [""2"", ""3"", ""4""], ""raw"": ""2,3, 4""}]",,,https://course.nuk.edu.tw/QueryCourse/tcontent.asp?OpenYear=095&Helf=1&Sclass=EE&Cono=C751,2026-08-26T18:02:56+00:00
095-1-EE-C762-A-3-A,095,1,工學院,EE,電機工程學系,C762,A,大學部,3,A,資料壓縮,3,選,70,16,,54,黃祥哲,C01-109,,,"6,7, 8",,,,,"[{""day"": 3, ""dayName"": ""星期三"", ""periods"": [""6"", ""7"", ""8""], ""raw"": ""6,7, 8""}]",,,https://course.nuk.edu.tw/QueryCourse/tcontent.asp?OpenYear=095&Helf=1&Sclass=EE&Cono=C762,2026-08-26T18:02:56+00:00
095-1-EE-C762-A-3-B,095,1,工學院,EE,電機工程學系,C762,A,大學部,3,B,資料壓縮,3,選,70,16,,54,黃祥哲,C01-109,,,"6,7, 8",,,,,"[{""day"": 3, ""dayName"": ""星期三"", ""periods"": [""6"", ""7"", ""8""], ""raw"": ""6,7, 8""}]",,,https://course.nuk.edu.tw/QueryCourse/tcontent.asp?OpenYear=095&Helf=1&Sclass=EE&Cono=C762,2026-08-26T18:02:56+00:00
095-1-EE-C782-A-3-A,095,1,工學院,EE,電機工程學系,C782,A,大學部,3,A,機率與統計,3,選,70,68,,2,黃祥哲,B01-203,"6,7, 8",,,,,,,"[{""day"": 1, ""dayName"": ""星期一"", ""periods"": [""6"", ""7"", ""8""], ""raw"": ""6,7, 8""}]",,,https://course.nuk.edu.tw/QueryCourse/tcontent.asp?OpenYear=095&Helf=1&Sclass=EE&Cono=C782,2026-08-26T18:02:56+00:00
095-1-EE-C782-A-3-B,095,1,工學院,EE,電機工程學系,C782,A,大學部,3,B,機率與統計,3,選,70,68,,2,黃祥哲,B01-203,"6,7, 8",,,,,,,"[{""day"": 1, ""dayName"": ""星期一"", ""periods"": [""6"", ""7"", ""8""], ""raw"": ""6,7, 8""}]",,,https://course.nuk.edu.tw/QueryCourse/tcontent.asp?OpenYear=095&Helf=1&Sclass=EE&Cono=C782,2026-08-26T18:02:56+00:00
095-1-EE-F961-A-3-A,095,1,工學院,EE,電機工程學系,F961,A,大學部,3,A,物件導向軟體工程,3,選,50,6,,44,廖述銘,C01-112 其他教室,,,,"10,11, 12",,,,"[{""day"": 4, ""dayName"": ""星期四"", ""periods"": [""10"", ""11"", ""12""], ""raw"": ""10,11, 12""}]",,資管四與資工三合開,https://course.nuk.edu.tw/QueryCourse/tcontent.asp?OpenYear=095&Helf=1&Sclass=EE&Cono=F961,2026-08-26T18:02:56+00:00
095-1-EE-D591-A-4-A,095,1,工學院,EE,電機工程學系,D591,A,大學部,4,A,半導體專題(二),2,選,70,11,,59,葉文冠 洪進華,C01-508,"10,11, 12",,,,,,,"[{""day"": 1, ""dayName"": ""星期一"", ""periods"": [""10"", ""11"", ""12""], ""raw"": ""10,11, 12""}]",,,https://course.nuk.edu.tw/QueryCourse/tcontent.asp?OpenYear=095&Helf=1&Sclass=EE&Cono=D591,2026-08-26T18:02:56+00:00
095-1-EE-D601-A-4-A,095,1,工學院,EE,電機工程學系,D601,A,大學部,4,A,計算機專題二,2,選,70,2,,68,洪宗貝,C01-507,"10,11, 12",,,,,,,"[{""day"": 1, ""dayName"": ""星期一"", ""periods"": [""10"", ""11"", ""12""], ""raw"": ""10,11, 12""}]",,,https://course.nuk.edu.tw/QueryCourse/tcontent.asp?OpenYear=095&Helf=1&Sclass=EE&Cono=D601,2026-08-26T18:02:56+00:00
095-1-EE-D621-A-4-A,095,1,工學院,EE,電機工程學系,D621,A,大學部,4,A,光電專題二,2,選,70,25,,45,施明昌 藍文厚 陳宏任,C01-505,"10,11, 12",,,,,,,"[{""day"": 1, ""dayName"": ""星期一"", ""periods"": [""10"", ""11"", ""12""], ""raw"": ""10,11, 12""}]",,,https://course.nuk.edu.tw/QueryCourse/tcontent.asp?OpenYear=095&Helf=1&Sclass=EE&Cono=D621,2026-08-26T18:02:56+00:00
095-1-EE-D801-A-4-A,095,1,工學院,EE,電機工程學系,D801,A,大學部,4,A,通訊專題二,2,選,70,16,,54,徐忠枝 梁明正 黃祥哲,C01-504,"10,11, 12",,,,,,,"[{""day"": 1, ""dayName"": ""星期一"", ""periods"": [""10"", ""11"", ""12""], ""raw"": ""10,11, 12""}]",,,https://course.nuk.edu.tw/QueryCourse/tcontent.asp?OpenYear=095&Helf=1&Sclass=EE&Cono=D801,2026-08-26T18:02:56+00:00
095-1-EE-F002-A-4-A,095,1,工學院,EE,電機工程學系,F002,A,大學部,4,A,應用量子力學(一),3,選,70,15,,55,施明昌,C01-414,,,,"2,3, 4",,,,"[{""day"": 4, ""dayName"": ""星期四"", ""periods"": [""2"", ""3"", ""4""], ""raw"": ""2,3, 4""}]",,,https://course.nuk.edu.tw/QueryCourse/tcontent.asp?OpenYear=095&Helf=1&Sclass=EE&Cono=F002,2026-08-26T18:02:56+00:00
095-1-EE-F011-A-4-A,095,1,工學院,EE,電機工程學系,F011,A,大學部,4,A,計算機結構,3,選,70,20,,50,郭錦福,C01-102,,,,"7,8, 9",,,,"[{""day"": 4, ""dayName"": ""星期四"", ""periods"": [""7"", ""8"", ""9""], ""raw"": ""7,8, 9""}]",,,https://course.nuk.edu.tw/QueryCourse/tcontent.asp?OpenYear=095&Helf=1&Sclass=EE&Cono=F011,2026-08-26T18:02:56+00:00
095-1-EE-F031-A-4-A,095,1,工學院,EE,電機工程學系,F031,A,大學部,4,A,VLSI設計,3,選,70,12,,58,洪進華,C01-201,,,"6,7, 8",,,,,"[{""day"": 3, ""dayName"": ""星期三"", ""periods"": [""6"", ""7"", ""8""], ""raw"": ""6,7, 8""}]",,,https://course.nuk.edu.tw/QueryCourse/tcontent.asp?OpenYear=095&Helf=1&Sclass=EE&Cono=F031,2026-08-26T18:02:56+00:00
095-1-EE-F041-A-4-A,095,1,工學院,EE,電機工程學系,F041,A,大學部,4,A,半導體元件物理,3,選,70,23,,47,陳宏任,B01-106,,"5,6, 7",,,,,,"[{""day"": 2, ""dayName"": ""星期二"", ""periods"": [""5"", ""6"", ""7""], ""raw"": ""5,6, 7""}]",,,https://course.nuk.edu.tw/QueryCourse/tcontent.asp?OpenYear=095&Helf=1&Sclass=EE&Cono=F041,2026-08-26T18:02:56+00:00
095-1-EE-F501-A-4-A,095,1,工學院,EE,電機工程學系,F501,A,大學部,4,A,演算法,3,選,70,17,,53,洪宗貝,B01-109,"6,7, 8",,,,,,,"[{""day"": 1, ""dayName"": ""星期一"", ""periods"": [""6"", ""7"", ""8""], ""raw"": ""6,7, 8""}]",,,https://course.nuk.edu.tw/QueryCourse/tcontent.asp?OpenYear=095&Helf=1&Sclass=EE&Cono=F501,2026-08-26T18:02:56+00:00
095-1-EE-F511-A-4-A,095,1,工學院,EE,電機工程學系,F511,A,大學部,4,A,人工智慧,3,選,70,9,,61,吳志宏,B01-109,,"2,3, 4",,,,,,"[{""day"": 2, ""dayName"": ""星期二"", ""periods"": [""2"", ""3"", ""4""], ""raw"": ""2,3, 4""}]",,,https://course.nuk.edu.tw/QueryCourse/tcontent.asp?OpenYear=095&Helf=1&Sclass=EE&Cono=F511,2026-08-26T18:02:56+00:00
095-1-EE-F521-A-4-A,095,1,工學院,EE,電機工程學系,F521,A,大學部,4,A,數位通訊系統,3,選,70,24,,46,吳國棟,B01-203,,,,,"2,3, 4",,,"[{""day"": 5, ""dayName"": ""星期五"", ""periods"": [""2"", ""3"", ""4""], ""raw"": ""2,3, 4""}]",,,https://course.nuk.edu.tw/QueryCourse/tcontent.asp?OpenYear=095&Helf=1&Sclass=EE&Cono=F521,2026-08-26T18:02:56+00:00
095-1-EE-F531-A-4-A,095,1,工學院,EE,電機工程學系,F531,A,大學部,4,A,天線理論與設計,3,選,60,8,,52,梁明正,B01-203,"2,3, 4",,,,,,,"[{""day"": 1, ""dayName"": ""星期一"", ""periods"": [""2"", ""3"", ""4""], ""raw"": ""2,3, 4""}]",,,https://course.nuk.edu.tw/QueryCourse/tcontent.asp?OpenYear=095&Helf=1&Sclass=EE&Cono=F531,2026-08-26T18:02:56+00:00
095-1-EE-F571-A-4-A,095,1,工學院,EE,電機工程學系,F571,A,大學部,4,A,薄膜技術(一),3,選,70,27,,43,陳宏任,B01-107,,,"6,7, 8",,,,,"[{""day"": 3, ""dayName"": ""星期三"", ""periods"": [""6"", ""7"", ""8""], ""raw"": ""6,7, 8""}]",,,https://course.nuk.edu.tw/QueryCourse/tcontent.asp?OpenYear=095&Helf=1&Sclass=EE&Cono=F571,2026-08-26T18:02:56+00:00
095-1-EE-F581-A-4-A,095,1,工學院,EE,電機工程學系,F581,A,大學部,4,A,電腦網路,3,選,70,7,,63,廖述銘,B01-206,,,"5,6, 7",,,,,"[{""day"": 3, ""dayName"": ""星期三"", ""periods"": [""5"", ""6"", ""7""], ""raw"": ""5,6, 7""}]",,綜合一 - 206電腦教室,https://course.nuk.edu.tw/QueryCourse/tcontent.asp?OpenYear=095&Helf=1&Sclass=EE&Cono=F581,2026-08-26T18:02:56+00:00
095-1-EE-F591-A-4-A,095,1,工學院,EE,電機工程學系,F591,A,大學部,4,A,微處理機實驗,1,選,70,10,,60,洪進華,C01-201,,,"2,3, 4",,,,,"[{""day"": 3, ""dayName"": ""星期三"", ""periods"": [""2"", ""3"", ""4""], ""raw"": ""2,3, 4""}]",,,https://course.nuk.edu.tw/QueryCourse/tcontent.asp?OpenYear=095&Helf=1&Sclass=EE&Cono=F591,2026-08-26T18:02:56+00:00
095-1-EE-F593-A-4-A,095,1,工學院,EE,電機工程學系,F593,A,大學部,4,A,微波積體電路構裝之理論與設計分析,3,選,70,9,,61,吳松茂,C01-212,,,,,"2,3, 4",,,"[{""day"": 5, ""dayName"": ""星期五"", ""periods"": [""2"", ""3"", ""4""], ""raw"": ""2,3, 4""}]",,,https://course.nuk.edu.tw/QueryCourse/tcontent.asp?OpenYear=095&Helf=1&Sclass=EE&Cono=F593,2026-08-26T18:02:56+00:00
095-1-EE-F611-A-4-A,095,1,工學院,EE,電機工程學系,F611,A,大學部,4,A,光電元件製程技術,3,選,70,13,,57,施明昌,B01-108,,"2,3, 4",,,,,,"[{""day"": 2, ""dayName"": ""星期二"", ""periods"": [""2"", ""3"", ""4""], ""raw"": ""2,3, 4""}]",,,https://course.nuk.edu.tw/QueryCourse/tcontent.asp?OpenYear=095&Helf=1&Sclass=EE&Cono=F611,2026-08-26T18:02:56+00:00
095-1-EE-F652-A-4-A,095,1,工學院,EE,電機工程學系,F652,A,大學部,4,A,波導元件技術,3,選,70,8,,62,郭馨徽,C01-108,"6,7, 8",,,,,,,"[{""day"": 1, ""dayName"": ""星期一"", ""periods"": [""6"", ""7"", ""8""], ""raw"": ""6,7, 8""}]",,,https://course.nuk.edu.tw/QueryCourse/tcontent.asp?OpenYear=095&Helf=1&Sclass=EE&Cono=F652,2026-08-26T18:02:56+00:00
095-1-EE-F672-A-4-A,095,1,工學院,EE,電機工程學系,F672,A,大學部,4,A,類比IC設計,3,選,70,18,,52,王維倫,C01-201,,,,,"6,7, 8",,,"[{""day"": 5, ""dayName"": ""星期五"", ""periods"": [""6"", ""7"", ""8""], ""raw"": ""6,7, 8""}]",,,https://course.nuk.edu.tw/QueryCourse/tcontent.asp?OpenYear=095&Helf=1&Sclass=EE&Cono=F672,2026-08-26T18:02:56+00:00
095-1-EE-F731-A-4-A,095,1,工學院,EE,電機工程學系,F731,A,大學部,4,A,高等資料庫,3,選,70,9,,61,林文揚,B01-102,"2,3, 4",,,,,,,"[{""day"": 1, ""dayName"": ""星期一"", ""periods"": [""2"", ""3"", ""4""], ""raw"": ""2,3, 4""}]",,,https://course.nuk.edu.tw/QueryCourse/tcontent.asp?OpenYear=095&Helf=1&Sclass=EE&Cono=F731,2026-08-26T18:02:56+00:00
095-1-EE-F771-A-4-A,095,1,工學院,EE,電機工程學系,F771,A,大學部,4,A,隨機過程,3,選,70,15,,55,黃祥哲,B01-105,,"2,3, 4",,,,,,"[{""day"": 2, ""dayName"": ""星期二"", ""periods"": [""2"", ""3"", ""4""], ""raw"": ""2,3, 4""}]",,,https://course.nuk.edu.tw/QueryCourse/tcontent.asp?OpenYear=095&Helf=1&Sclass=EE&Cono=F771,2026-08-26T18:02:56+00:00
095-1-EE-F961-A-4-A,095,1,工學院,EE,電機工程學系,F961,A,大學部,4,A,物件導向軟體工程,3,選,50,6,,44,廖述銘,C01-112 其他教室,,,,"10,11, 12",,,,"[{""day"": 4, ""dayName"": ""星期四"", ""periods"": [""10"", ""11"", ""12""], ""raw"": ""10,11, 12""}]",,資管四與資工三合開,https://course.nuk.edu.tw/QueryCourse/tcontent.asp?OpenYear=095&Helf=1&Sclass=EE&Cono=F961,2026-08-26T18:02:56+00:00
095-1-EE-H111-J-1-,095,1,工學院,EE,電機工程學系,H111,J,產業碩士專班秋季班,1,,專題討論,1,必,60,29,,31,施明昌 藍文厚,C01-106,"9,10",,,,,,,"[{""day"": 1, ""dayName"": ""星期一"", ""periods"": [""9"", ""10""], ""raw"": ""9,10""}]",,春季班秋季班合班上課,https://course.nuk.edu.tw/QueryCourse/tcontent.asp?OpenYear=095&Helf=1&Sclass=EE&Cono=H111,2026-08-26T18:02:56+00:00
095-1-EE-H121-J-1-,095,1,工學院,EE,電機工程學系,H121,J,產業碩士專班秋季班,1,,熱應力分析,2,選,60,4,,56,沈茂田,B01-107,"5,6",,,,,,,"[{""day"": 1, ""dayName"": ""星期一"", ""periods"": [""5"", ""6""], ""raw"": ""5,6""}]",,春季班秋季班合班,https://course.nuk.edu.tw/QueryCourse/tcontent.asp?OpenYear=095&Helf=1&Sclass=EE&Cono=H121,2026-08-26T18:02:56+00:00
095-1-EE-H131-J-1-,095,1,工學院,EE,電機工程學系,H131,J,產業碩士專班秋季班,1,,電磁相容技術,2,必,60,14,,46,吳松茂,C01-104,,"9,10",,,,,,"[{""day"": 2, ""dayName"": ""星期二"", ""periods"": [""9"", ""10""], ""raw"": ""9,10""}]",,,https://course.nuk.edu.tw/QueryCourse/tcontent.asp?OpenYear=095&Helf=1&Sclass=EE&Cono=H131,2026-08-26T18:02:56+00:00
095-1-EE-H141-J-1-,095,1,工學院,EE,電機工程學系,H141,J,產業碩士專班秋季班,1,,電子構裝材料,2,必,60,13,,47,施明昌,B01-104,,,,"6,7",,,,"[{""day"": 4, ""dayName"": ""星期四"", ""periods"": [""6"", ""7""], ""raw"": ""6,7""}]",,,https://course.nuk.edu.tw/QueryCourse/tcontent.asp?OpenYear=095&Helf=1&Sclass=EE&Cono=H141,2026-08-26T18:02:56+00:00
095-1-EE-H081-K-1-,095,1,工學院,EE,電機工程學系,H081,K,產業碩士專班春季班,1,,半導體元件製程技術,2,必,60,15,,45,藍文厚,C01-103,,,,"9,10",,,,"[{""day"": 4, ""dayName"": ""星期四"", ""periods"": [""9"", ""10""], ""raw"": ""9,10""}]",,,https://course.nuk.edu.tw/QueryCourse/tcontent.asp?OpenYear=095&Helf=1&Sclass=EE&Cono=H081,2026-08-26T18:02:56+00:00
095-1-EE-H091-K-1-,095,1,工學院,EE,電機工程學系,H091,K,產業碩士專班春季班,1,,半導體元件製程技術實驗,1,必,60,15,,45,施明昌,C01-103,,,,11,,,,"[{""day"": 4, ""dayName"": ""星期四"", ""periods"": [""11""], ""raw"": ""11""}]",,,https://course.nuk.edu.tw/QueryCourse/tcontent.asp?OpenYear=095&Helf=1&Sclass=EE&Cono=H091,2026-08-26T18:02:56+00:00
095-1-EE-H101-K-1-,095,1,工學院,EE,電機工程學系,H101,K,產業碩士專班春季班,1,,電子構裝技術,2,必,60,15,,45,洪志斌,B01-109,,,,"3,4",,,,"[{""day"": 4, ""dayName"": ""星期四"", ""periods"": [""3"", ""4""], ""raw"": ""3,4""}]",,,https://course.nuk.edu.tw/QueryCourse/tcontent.asp?OpenYear=095&Helf=1&Sclass=EE&Cono=H101,2026-08-26T18:02:56+00:00
095-1-EE-H111-K-1-,095,1,工學院,EE,電機工程學系,H111,K,產業碩士專班春季班,1,,專題討論,1,必,60,29,,31,施明昌 藍文厚,C01-106,"9,10",,,,,,,"[{""day"": 1, ""dayName"": ""星期一"", ""periods"": [""9"", ""10""], ""raw"": ""9,10""}]",,春季班秋季班合班上課,https://course.nuk.edu.tw/QueryCourse/tcontent.asp?OpenYear=095&Helf=1&Sclass=EE&Cono=H111,2026-08-26T18:02:56+00:00
095-1-EE-H121-K-1-,095,1,工學院,EE,電機工程學系,H121,K,產業碩士專班春季班,1,,熱應力分析,2,選,60,4,,56,沈茂田,B01-107,"5,6",,,,,,,"[{""day"": 1, ""dayName"": ""星期一"", ""periods"": [""5"", ""6""], ""raw"": ""5,6""}]",,春季班秋季班合班上課,https://course.nuk.edu.tw/QueryCourse/tcontent.asp?OpenYear=095&Helf=1&Sclass=EE&Cono=H121,2026-08-26T18:02:56+00:00
095-1-EE-H501-K-1-,095,1,工學院,EE,電機工程學系,H501,K,產業碩士專班春季班,1,,材料工程科學,3,選,60,11,,49,郭馨徽,C01-109,,,"9,10, 11",,,,,"[{""day"": 3, ""dayName"": ""星期三"", ""periods"": [""9"", ""10"", ""11""], ""raw"": ""9,10, 11""}]",,,https://course.nuk.edu.tw/QueryCourse/tcontent.asp?OpenYear=095&Helf=1&Sclass=EE&Cono=H501,2026-08-26T18:02:56+00:00
095-1-EE-F002-M-1-,095,1,工學院,EE,電機工程學系,F002,M,碩士班,1,,應用量子力學(一),3,選,70,15,,55,施明昌,C01-414,,,,"2,3, 4",,,,"[{""day"": 4, ""dayName"": ""星期四"", ""periods"": [""2"", ""3"", ""4""], ""raw"": ""2,3, 4""}]",,光電組必修,https://course.nuk.edu.tw/QueryCourse/tcontent.asp?OpenYear=095&Helf=1&Sclass=EE&Cono=F002,2026-08-26T18:02:56+00:00
095-1-EE-F011-M-1-,095,1,工學院,EE,電機工程學系,F011,M,碩士班,1,,計算機結構,3,選,70,20,,50,郭錦福,C01-102,,,,"7,8, 9",,,,"[{""day"": 4, ""dayName"": ""星期四"", ""periods"": [""7"", ""8"", ""9""], ""raw"": ""7,8, 9""}]",,計算機組及微電子組(積體電路與系統領域)必修,https://course.nuk.edu.tw/QueryCourse/tcontent.asp?OpenYear=095&Helf=1&Sclass=EE&Cono=F011,2026-08-26T18:02:56+00:00
095-1-EE-F031-M-1-,095,1,工學院,EE,電機工程學系,F031,M,碩士班,1,,VLSI設計,3,選,70,12,,58,洪進華,C01-201,,,"6,7, 8",,,,,"[{""day"": 3, ""dayName"": ""星期三"", ""periods"": [""6"", ""7"", ""8""], ""raw"": ""6,7, 8""}]",,微電子組(積體電路與系統領域)必修,https://course.nuk.edu.tw/QueryCourse/tcontent.asp?OpenYear=095&Helf=1&Sclass=EE&Cono=F031,2026-08-26T18:02:56+00:00
095-1-EE-F041-M-1-,095,1,工學院,EE,電機工程學系,F041,M,碩士班,1,,半導體元件物理,3,選,70,23,,47,陳宏任,B01-106,,"5,6, 7",,,,,,"[{""day"": 2, ""dayName"": ""星期二"", ""periods"": [""5"", ""6"", ""7""], ""raw"": ""5,6, 7""}]",,微電子組(元件領域)必修,https://course.nuk.edu.tw/QueryCourse/tcontent.asp?OpenYear=095&Helf=1&Sclass=EE&Cono=F041,2026-08-26T18:02:56+00:00
095-1-EE-F101-M-1-,095,1,工學院,EE,電機工程學系,F101,M,碩士班,1,,專題討論,0,必,70,18,,52,徐忠枝 藍文厚 吳松茂,C01-108,,,,"5,6",,,,"[{""day"": 4, ""dayName"": ""星期四"", ""periods"": [""5"", ""6""], ""raw"": ""5,6""}]",,,https://course.nuk.edu.tw/QueryCourse/tcontent.asp?OpenYear=095&Helf=1&Sclass=EE&Cono=F101,2026-08-26T18:02:56+00:00
095-1-EE-F501-M-1-,095,1,工學院,EE,電機工程學系,F501,M,碩士班,1,,演算法,3,選,70,17,,53,洪宗貝,B01-109,"6,7, 8",,,,,,,"[{""day"": 1, ""dayName"": ""星期一"", ""periods"": [""6"", ""7"", ""8""], ""raw"": ""6,7, 8""}]",,計算機組必修,https://course.nuk.edu.tw/QueryCourse/tcontent.asp?OpenYear=095&Helf=1&Sclass=EE&Cono=F501,2026-08-26T18:02:56+00:00
095-1-EE-F511-M-1-,095,1,工學院,EE,電機工程學系,F511,M,碩士班,1,,人工智慧,3,選,70,9,,61,吳志宏,B01-109,,"2,3, 4",,,,,,"[{""day"": 2, ""dayName"": ""星期二"", ""periods"": [""2"", ""3"", ""4""], ""raw"": ""2,3, 4""}]",,,https://course.nuk.edu.tw/QueryCourse/tcontent.asp?OpenYear=095&Helf=1&Sclass=EE&Cono=F511,2026-08-26T18:02:56+00:00
095-1-EE-F521-M-1-,095,1,工學院,EE,電機工程學系,F521,M,碩士班,1,,數位通訊系統,3,選,70,24,,46,吳國棟,B01-203,,,,,"2,3, 4",,,"[{""day"": 5, ""dayName"": ""星期五"", ""periods"": [""2"", ""3"", ""4""], ""raw"": ""2,3, 4""}]",,,https://course.nuk.edu.tw/QueryCourse/tcontent.asp?OpenYear=095&Helf=1&Sclass=EE&Cono=F521,2026-08-26T18:02:56+00:00
095-1-EE-F531-M-1-,095,1,工學院,EE,電機工程學系,F531,M,碩士班,1,,天線理論與設計,3,選,70,8,,62,梁明正,B01-203,"2,3, 4",,,,,,,"[{""day"": 1, ""dayName"": ""星期一"", ""periods"": [""2"", ""3"", ""4""], ""raw"": ""2,3, 4""}]",,,https://course.nuk.edu.tw/QueryCourse/tcontent.asp?OpenYear=095&Helf=1&Sclass=EE&Cono=F531,2026-08-26T18:02:56+00:00
095-1-EE-F571-M-1-,095,1,工學院,EE,電機工程學系,F571,M,碩士班,1,,薄膜技術(一),3,選,70,27,,43,陳宏任,B01-107,,,"6,7, 8",,,,,"[{""day"": 3, ""dayName"": ""星期三"", ""periods"": [""6"", ""7"", ""8""], ""raw"": ""6,7, 8""}]",,,https://course.nuk.edu.tw/QueryCourse/tcontent.asp?OpenYear=095&Helf=1&Sclass=EE&Cono=F571,2026-08-26T18:02:56+00:00
095-1-EE-F581-M-1-,095,1,工學院,EE,電機工程學系,F581,M,碩士班,1,,電腦網路,3,選,70,7,,63,廖述銘,B01-206,,,"5,6, 7",,,,,"[{""day"": 3, ""dayName"": ""星期三"", ""periods"": [""5"", ""6"", ""7""], ""raw"": ""5,6, 7""}]",,綜合一 - 206電腦教室,https://course.nuk.edu.tw/QueryCourse/tcontent.asp?OpenYear=095&Helf=1&Sclass=EE&Cono=F581,2026-08-26T18:02:56+00:00
095-1-EE-F593-M-1-,095,1,工學院,EE,電機工程學系,F593,M,碩士班,1,,微波積體電路構裝之理論與設計分析,3,選,70,9,,61,吳松茂,C01-212,,,,,"2,3, 4",,,"[{""day"": 5, ""dayName"": ""星期五"", ""periods"": [""2"", ""3"", ""4""], ""raw"": ""2,3, 4""}]",,,https://course.nuk.edu.tw/QueryCourse/tcontent.asp?OpenYear=095&Helf=1&Sclass=EE&Cono=F593,2026-08-26T18:02:56+00:00
095-1-EE-F611-M-1-,095,1,工學院,EE,電機工程學系,F611,M,碩士班,1,,光電元件製程技術,3,選,70,13,,57,施明昌,B01-108,,"2,3, 4",,,,,,"[{""day"": 2, ""dayName"": ""星期二"", ""periods"": [""2"", ""3"", ""4""], ""raw"": ""2,3, 4""}]",,,https://course.nuk.edu.tw/QueryCourse/tcontent.asp?OpenYear=095&Helf=1&Sclass=EE&Cono=F611,2026-08-26T18:02:56+00:00
095-1-EE-F652-M-1-,095,1,工學院,EE,電機工程學系,F652,M,碩士班,1,,波導元件技術,3,選,70,8,,62,郭馨徽,C01-108,"6,7, 8",,,,,,,"[{""day"": 1, ""dayName"": ""星期一"", ""periods"": [""6"", ""7"", ""8""], ""raw"": ""6,7, 8""}]",,,https://course.nuk.edu.tw/QueryCourse/tcontent.asp?OpenYear=095&Helf=1&Sclass=EE&Cono=F652,2026-08-26T18:02:56+00:00
095-1-EE-F653-M-1-,095,1,工學院,EE,電機工程學系,F653,M,碩士班,1,,光電子學,3,選,70,4,,66,李孟恩,C01-109,,,,"7,8, 9",,,,"[{""day"": 4, ""dayName"": ""星期四"", ""periods"": [""7"", ""8"", ""9""], ""raw"": ""7,8, 9""}]",,,https://course.nuk.edu.tw/QueryCourse/tcontent.asp?OpenYear=095&Helf=1&Sclass=EE&Cono=F653,2026-08-26T18:02:56+00:00
095-1-EE-F672-M-1-,095,1,工學院,EE,電機工程學系,F672,M,碩士班,1,,類比IC設計,3,選,70,18,,52,王維倫,C01-201,,,,,"6,7, 8",,,"[{""day"": 5, ""dayName"": ""星期五"", ""periods"": [""6"", ""7"", ""8""], ""raw"": ""6,7, 8""}]",,,https://course.nuk.edu.tw/QueryCourse/tcontent.asp?OpenYear=095&Helf=1&Sclass=EE&Cono=F672,2026-08-26T18:02:56+00:00
095-1-EE-F731-M-1-,095,1,工學院,EE,電機工程學系,F731,M,碩士班,1,,高等資料庫,3,選,70,9,,61,林文揚,B01-102,"2,3, 4",,,,,,,"[{""day"": 1, ""dayName"": ""星期一"", ""periods"": [""2"", ""3"", ""4""], ""raw"": ""2,3, 4""}]",,,https://course.nuk.edu.tw/QueryCourse/tcontent.asp?OpenYear=095&Helf=1&Sclass=EE&Cono=F731,2026-08-26T18:02:56+00:00
095-1-EE-F771-M-1-,095,1,工學院,EE,電機工程學系,F771,M,碩士班,1,,隨機過程,3,選,70,15,,55,黃祥哲,B01-105,,"2,3, 4",,,,,,"[{""day"": 2, ""dayName"": ""星期二"", ""periods"": [""2"", ""3"", ""4""], ""raw"": ""2,3, 4""}]",,,https://course.nuk.edu.tw/QueryCourse/tcontent.asp?OpenYear=095&Helf=1&Sclass=EE&Cono=F771,2026-08-26T18:02:56+00:00
095-1-EE-F951-M-1-,095,1,工學院,EE,電機工程學系,F951,M,碩士班,1,,奈米材料製程,3,選,70,25,,45,藍文厚,C01-105,,,"10,11, 12",,,,,"[{""day"": 3, ""dayName"": ""星期三"", ""periods"": [""10"", ""11"", ""12""], ""raw"": ""10,11, 12""}]",,,https://course.nuk.edu.tw/QueryCourse/tcontent.asp?OpenYear=095&Helf=1&Sclass=EE&Cono=F951,2026-08-26T18:02:56+00:00
095-1-EE-F961-M-1-,095,1,工學院,EE,電機工程學系,F961,M,碩士班,1,,物件導向軟體工程,3,選,60,6,,54,廖述銘,C01-112,,,,"10,11, 12",,,,"[{""day"": 4, ""dayName"": ""星期四"", ""periods"": [""10"", ""11"", ""12""], ""raw"": ""10,11, 12""}]",,資工、資管、電機三、四、研一、研二合班,https://course.nuk.edu.tw/QueryCourse/tcontent.asp?OpenYear=095&Helf=1&Sclass=EE&Cono=F961,2026-08-26T18:02:56+00:00
095-1-EE-F002-M-2-,095,1,工學院,EE,電機工程學系,F002,M,碩士班,2,,應用量子力學(一),3,選,70,15,,55,施明昌,C01-414,,,,"2,3, 4",,,,"[{""day"": 4, ""dayName"": ""星期四"", ""periods"": [""2"", ""3"", ""4""], ""raw"": ""2,3, 4""}]",,光電組必修,https://course.nuk.edu.tw/QueryCourse/tcontent.asp?OpenYear=095&Helf=1&Sclass=EE&Cono=F002,2026-08-26T18:02:56+00:00
095-1-EE-F011-M-2-,095,1,工學院,EE,電機工程學系,F011,M,碩士班,2,,計算機結構,3,選,70,20,,50,郭錦福,C01-102,,,,"7,8, 9",,,,"[{""day"": 4, ""dayName"": ""星期四"", ""periods"": [""7"", ""8"", ""9""], ""raw"": ""7,8, 9""}]",,計算機組及微電子組(積體電路與系統領域)必修,https://course.nuk.edu.tw/QueryCourse/tcontent.asp?OpenYear=095&Helf=1&Sclass=EE&Cono=F011,2026-08-26T18:02:56+00:00
095-1-EE-F031-M-2-,095,1,工學院,EE,電機工程學系,F031,M,碩士班,2,,VLSI設計,3,選,70,12,,58,洪進華,C01-201,,,"6,7, 8",,,,,"[{""day"": 3, ""dayName"": ""星期三"", ""periods"": [""6"", ""7"", ""8""], ""raw"": ""6,7, 8""}]",,微電子組(積體電路與系統領域)必修,https://course.nuk.edu.tw/QueryCourse/tcontent.asp?OpenYear=095&Helf=1&Sclass=EE&Cono=F031,2026-08-26T18:02:56+00:00
095-1-EE-F041-M-2-,095,1,工學院,EE,電機工程學系,F041,M,碩士班,2,,半導體元件物理,3,選,70,23,,47,陳宏任,B01-106,,"5,6, 7",,,,,,"[{""day"": 2, ""dayName"": ""星期二"", ""periods"": [""5"", ""6"", ""7""], ""raw"": ""5,6, 7""}]",,微電子組(元件領域)必修,https://course.nuk.edu.tw/QueryCourse/tcontent.asp?OpenYear=095&Helf=1&Sclass=EE&Cono=F041,2026-08-26T18:02:56+00:00
095-1-EE-F081-M-2-,095,1,工學院,EE,電機工程學系,F081,M,碩士班,2,,專題討論(三),0,必,70,20,,50,徐忠枝 藍文厚 吳松茂,C01-108,,,,"5,6",,,,"[{""day"": 4, ""dayName"": ""星期四"", ""periods"": [""5"", ""6""], ""raw"": ""5,6""}]",,,https://course.nuk.edu.tw/QueryCourse/tcontent.asp?OpenYear=095&Helf=1&Sclass=EE&Cono=F081,2026-08-26T18:02:56+00:00
095-1-EE-F501-M-2-,095,1,工學院,EE,電機工程學系,F501,M,碩士班,2,,演算法,3,選,70,17,,53,洪宗貝,B01-109,"6,7, 8",,,,,,,"[{""day"": 1, ""dayName"": ""星期一"", ""periods"": [""6"", ""7"", ""8""], ""raw"": ""6,7, 8""}]",,計算機組必修,https://course.nuk.edu.tw/QueryCourse/tcontent.asp?OpenYear=095&Helf=1&Sclass=EE&Cono=F501,2026-08-26T18:02:56+00:00
095-1-EE-F511-M-2-,095,1,工學院,EE,電機工程學系,F511,M,碩士班,2,,人工智慧,3,選,70,9,,61,吳志宏,B01-109,,"2,3, 4",,,,,,"[{""day"": 2, ""dayName"": ""星期二"", ""periods"": [""2"", ""3"", ""4""], ""raw"": ""2,3, 4""}]",,,https://course.nuk.edu.tw/QueryCourse/tcontent.asp?OpenYear=095&Helf=1&Sclass=EE&Cono=F511,2026-08-26T18:02:56+00:00
095-1-EE-F521-M-2-,095,1,工學院,EE,電機工程學系,F521,M,碩士班,2,,數位通訊系統,3,選,70,24,,46,吳國棟,B01-203,,,,,"2,3, 4",,,"[{""day"": 5, ""dayName"": ""星期五"", ""periods"": [""2"", ""3"", ""4""], ""raw"": ""2,3, 4""}]",,,https://course.nuk.edu.tw/QueryCourse/tcontent.asp?OpenYear=095&Helf=1&Sclass=EE&Cono=F521,2026-08-26T18:02:56+00:00
095-1-EE-F531-M-2-,095,1,工學院,EE,電機工程學系,F531,M,碩士班,2,,天線理論與設計,3,選,70,8,,62,梁明正,B01-203,"2,3, 4",,,,,,,"[{""day"": 1, ""dayName"": ""星期一"", ""periods"": [""2"", ""3"", ""4""], ""raw"": ""2,3, 4""}]",,,https://course.nuk.edu.tw/QueryCourse/tcontent.asp?OpenYear=095&Helf=1&Sclass=EE&Cono=F531,2026-08-26T18:02:56+00:00
095-1-EE-F571-M-2-,095,1,工學院,EE,電機工程學系,F571,M,碩士班,2,,薄膜技術(一),3,選,70,27,,43,陳宏任,B01-107,,,"6,7, 8",,,,,"[{""day"": 3, ""dayName"": ""星期三"", ""periods"": [""6"", ""7"", ""8""], ""raw"": ""6,7, 8""}]",,,https://course.nuk.edu.tw/QueryCourse/tcontent.asp?OpenYear=095&Helf=1&Sclass=EE&Cono=F571,2026-08-26T18:02:56+00:00
095-1-EE-F581-M-2-,095,1,工學院,EE,電機工程學系,F581,M,碩士班,2,,電腦網路,3,選,70,7,,63,廖述銘,B01-206,,,"5,6, 7",,,,,"[{""day"": 3, ""dayName"": ""星期三"", ""periods"": [""5"", ""6"", ""7""], ""raw"": ""5,6, 7""}]",,綜合一 - 206電腦教室,https://course.nuk.edu.tw/QueryCourse/tcontent.asp?OpenYear=095&Helf=1&Sclass=EE&Cono=F581,2026-08-26T18:02:56+00:00
095-1-EE-F593-M-2-,095,1,工學院,EE,電機工程學系,F593,M,碩士班,2,,微波積體電路構裝之理論與設計分析,3,選,70,9,,61,吳松茂,C01-212,,,,,"2,3, 4",,,"[{""day"": 5, ""dayName"": ""星期五"", ""periods"": [""2"", ""3"", ""4""], ""raw"": ""2,3, 4""}]",,,https://course.nuk.edu.tw/QueryCourse/tcontent.asp?OpenYear=095&Helf=1&Sclass=EE&Cono=F593,2026-08-26T18:02:56+00:00
095-1-EE-F611-M-2-,095,1,工學院,EE,電機工程學系,F611,M,碩士班,2,,光電元件製程技術,3,選,70,13,,57,施明昌,B01-108,,"2,3, 4",,,,,,"[{""day"": 2, ""dayName"": ""星期二"", ""periods"": [""2"", ""3"", ""4""], ""raw"": ""2,3, 4""}]",,,https://course.nuk.edu.tw/QueryCourse/tcontent.asp?OpenYear=095&Helf=1&Sclass=EE&Cono=F611,2026-08-26T18:02:56+00:00
095-1-EE-F652-M-2-,095,1,工學院,EE,電機工程學系,F652,M,碩士班,2,,波導元件技術,3,選,70,8,,62,郭馨徽,C01-108,"6,7, 8",,,,,,,"[{""day"": 1, ""dayName"": ""星期一"", ""periods"": [""6"", ""7"", ""8""], ""raw"": ""6,7, 8""}]",,,https://course.nuk.edu.tw/QueryCourse/tcontent.asp?OpenYear=095&Helf=1&Sclass=EE&Cono=F652,2026-08-26T18:02:56+00:00
095-1-EE-F653-M-2-,095,1,工學院,EE,電機工程學系,F653,M,碩士班,2,,光電子學,3,選,70,4,,66,李孟恩,C01-109,,,,"7,8, 9",,,,"[{""day"": 4, ""dayName"": ""星期四"", ""periods"": [""7"", ""8"", ""9""], ""raw"": ""7,8, 9""}]",,,https://course.nuk.edu.tw/QueryCourse/tcontent.asp?OpenYear=095&Helf=1&Sclass=EE&Cono=F653,2026-08-26T18:02:56+00:00
095-1-EE-F672-M-2-,095,1,工學院,EE,電機工程學系,F672,M,碩士班,2,,類比IC設計,3,選,70,18,,52,王維倫,C01-201,,,,,"6,7, 8",,,"[{""day"": 5, ""dayName"": ""星期五"", ""periods"": [""6"", ""7"", ""8""], ""raw"": ""6,7, 8""}]",,,https://course.nuk.edu.tw/QueryCourse/tcontent.asp?OpenYear=095&Helf=1&Sclass=EE&Cono=F672,2026-08-26T18:02:56+00:00
095-1-EE-F731-M-2-,095,1,工學院,EE,電機工程學系,F731,M,碩士班,2,,高等資料庫,3,選,70,9,,61,林文揚,B01-102,"2,3, 4",,,,,,,"[{""day"": 1, ""dayName"": ""星期一"", ""periods"": [""2"", ""3"", ""4""], ""raw"": ""2,3, 4""}]",,,https://course.nuk.edu.tw/QueryCourse/tcontent.asp?OpenYear=095&Helf=1&Sclass=EE&Cono=F731,2026-08-26T18:02:56+00:00
095-1-EE-F771-M-2-,095,1,工學院,EE,電機工程學系,F771,M,碩士班,2,,隨機過程,3,選,70,15,,55,黃祥哲,B01-105,,"2,3, 4",,,,,,"[{""day"": 2, ""dayName"": ""星期二"", ""periods"": [""2"", ""3"", ""4""], ""raw"": ""2,3, 4""}]",,,https://course.nuk.edu.tw/QueryCourse/tcontent.asp?OpenYear=095&Helf=1&Sclass=EE&Cono=F771,2026-08-26T18:02:56+00:00
095-1-EE-F961-M-2-,095,1,工學院,EE,電機工程學系,F961,M,碩士班,2,,物件導向軟體工程,3,選,60,6,,54,廖述銘,C01-112,,,,"10,11, 12",,,,"[{""day"": 4, ""dayName"": ""星期四"", ""periods"": [""10"", ""11"", ""12""], ""raw"": ""10,11, 12""}]",,資工、資管、電機三、四、研一、研二合班,https://course.nuk.edu.tw/QueryCourse/tcontent.asp?OpenYear=095&Helf=1&Sclass=EE&Cono=F961,2026-08-26T18:02:56+00:00
095-1-EE-F961-M-3-,095,1,工學院,EE,電機工程學系,F961,M,碩士班,3,,物件導向軟體工程,3,選,60,6,,54,廖述銘,C01-112,,,,"10,11, 12",,,,"[{""day"": 4, ""dayName"": ""星期四"", ""periods"": [""10"", ""11"", ""12""], ""raw"": ""10,11, 12""}]",,資工、資管、電機三、四、研一、研二合班,https://course.nuk.edu.tw/QueryCourse/tcontent.asp?OpenYear=095&Helf=1&Sclass=EE&Cono=F961,2026-08-26T18:02:56+00:00
095-1-EE-F951-M-4-,095,1,工學院,EE,電機工程學系,F951,M,碩士班,4,,奈米材料製程,3,選,70,25,,45,藍文厚,C01-105,,,"10,11, 12",,,,,"[{""day"": 3, ""dayName"": ""星期三"", ""periods"": [""10"", ""11"", ""12""], ""raw"": ""10,11, 12""}]",,,https://course.nuk.edu.tw/QueryCourse/tcontent.asp?OpenYear=095&Helf=1&Sclass=EE&Cono=F951,2026-08-26T18:02:56+00:00
095-1-EE-F961-M-4-,095,1,工學院,EE,電機工程學系,F961,M,碩士班,4,,物件導向軟體工程,3,選,60,6,,54,廖述銘,C01-112,,,,"10,11, 12",,,,"[{""day"": 4, ""dayName"": ""星期四"", ""periods"": [""10"", ""11"", ""12""], ""raw"": ""10,11, 12""}]",,資工、資管、電機三、四、研一、研二合班,https://course.nuk.edu.tw/QueryCourse/tcontent.asp?OpenYear=095&Helf=1&Sclass=EE&Cono=F961,2026-08-26T18:02:56+00:00
095-1-UA-T111-L-1-,095,1,工學院,UA,都市發展與建築研究所,T111,L,碩士在職專班,1,,環境規劃設計實習(1),4,必,10,10,,0,吳文彥,C01-414,"10,11, 12,13",,,,,,,"[{""day"": 1, ""dayName"": ""星期一"", ""periods"": [""10"", ""11"", ""12"", ""13""], ""raw"": ""10,11, 12,13""}]",限修,,https://course.nuk.edu.tw/QueryCourse/tcontent.asp?OpenYear=095&Helf=1&Sclass=UA&Cono=T111,2026-08-26T18:02:56+00:00
095-1-UA-T112-L-1-,095,1,工學院,UA,都市發展與建築研究所,T112,L,碩士在職專班,1,,環境規劃設計實習(2),4,必,10,7,,3,劉安平 柯佑沛,C01-415,"10,11, 12,13",,,,,,,"[{""day"": 1, ""dayName"": ""星期一"", ""periods"": [""10"", ""11"", ""12"", ""13""], ""raw"": ""10,11, 12,13""}]",限修,,https://course.nuk.edu.tw/QueryCourse/tcontent.asp?OpenYear=095&Helf=1&Sclass=UA&Cono=T112,2026-08-26T18:02:56+00:00
095-1-UA-T121-L-1-,095,1,工學院,UA,都市發展與建築研究所,T121,L,碩士在職專班,1,,研究方法,2,必,20,16,,4,王瑞民,C01-211,,,"7,8",,,,,"[{""day"": 3, ""dayName"": ""星期三"", ""periods"": [""7"", ""8""], ""raw"": ""7,8""}]",限修,,https://course.nuk.edu.tw/QueryCourse/tcontent.asp?OpenYear=095&Helf=1&Sclass=UA&Cono=T121,2026-08-26T18:02:56+00:00
095-1-UA-T721-L-1-,095,1,工學院,UA,都市發展與建築研究所,T721,L,碩士在職專班,1,,專題演講,1,選,100,69,,31,黃世孟,C01-114,,,"10,11, 12,13",,,,,"[{""day"": 3, ""dayName"": ""星期三"", ""periods"": [""10"", ""11"", ""12"", ""13""], ""raw"": ""10,11, 12,13""}]",,上課地點：理一演講廳。本所碩士班一、二年級、碩專班一年級必須選修該課。,https://course.nuk.edu.tw/QueryCourse/tcontent.asp?OpenYear=095&Helf=1&Sclass=UA&Cono=T721,2026-08-26T18:02:56+00:00
095-1-UA-T751-L-1-,095,1,工學院,UA,都市發展與建築研究所,T751,L,碩士在職專班,1,,高科技生態環境材料,3,選,50,27,,23,賴啟銘,C01-213,,,,,"10,11, 12",,,"[{""day"": 5, ""dayName"": ""星期五"", ""periods"": [""10"", ""11"", ""12""], ""raw"": ""10,11, 12""}]",,,https://course.nuk.edu.tw/QueryCourse/tcontent.asp?OpenYear=095&Helf=1&Sclass=UA&Cono=T751,2026-08-26T18:02:56+00:00
095-1-UA-U531-L-2-,095,1,工學院,UA,都市發展與建築研究所,U531,L,碩士在職專班,2,,物業管理,2,選,60,13,,47,黃世孟,C01-414,,"10,11",,,,,,"[{""day"": 2, ""dayName"": ""星期二"", ""periods"": [""10"", ""11""], ""raw"": ""10,11""}]",,,https://course.nuk.edu.tw/QueryCourse/tcontent.asp?OpenYear=095&Helf=1&Sclass=UA&Cono=U531,2026-08-26T18:02:56+00:00
095-1-UA-U541-L-2-,095,1,工學院,UA,都市發展與建築研究所,U541,L,碩士在職專班,2,,地區發展產業,3,選,50,24,,26,曾參寶,C01-414,,,,"10,11, 12",,,,"[{""day"": 4, ""dayName"": ""星期四"", ""periods"": [""10"", ""11"", ""12""], ""raw"": ""10,11, 12""}]",,,https://course.nuk.edu.tw/QueryCourse/tcontent.asp?OpenYear=095&Helf=1&Sclass=UA&Cono=U541,2026-08-26T18:02:56+00:00
095-1-UA-F032-M-1-,095,1,工學院,UA,都市發展與建築研究所,F032,M,碩士班,1,,研究方法,2,必,50,16,,34,王瑞民,C01-107,,,,"3,4",,,,"[{""day"": 4, ""dayName"": ""星期四"", ""periods"": [""3"", ""4""], ""raw"": ""3,4""}]",限修,,https://course.nuk.edu.tw/QueryCourse/tcontent.asp?OpenYear=095&Helf=1&Sclass=UA&Cono=F032,2026-08-26T18:02:56+00:00
095-1-UA-F671-M-1-,095,1,工學院,UA,都市發展與建築研究所,F671,M,碩士班,1,,木建築特論,3,選,50,21,,29,陳啟仁,,,"2,3, 4",,,,,,"[{""day"": 2, ""dayName"": ""星期二"", ""periods"": [""2"", ""3"", ""4""], ""raw"": ""2,3, 4""}]",,上課教室改至都建所會議室,https://course.nuk.edu.tw/QueryCourse/tcontent.asp?OpenYear=095&Helf=1&Sclass=UA&Cono=F671,2026-08-26T18:02:56+00:00
095-1-UA-F681-M-1-,095,1,工學院,UA,都市發展與建築研究所,F681,M,碩士班,1,,區域規劃,3,選,50,5,,45,王瑞民,C01-200,,"5,6, 7",,,,,,"[{""day"": 2, ""dayName"": ""星期二"", ""periods"": [""5"", ""6"", ""7""], ""raw"": ""5,6, 7""}]",,,https://course.nuk.edu.tw/QueryCourse/tcontent.asp?OpenYear=095&Helf=1&Sclass=UA&Cono=F681,2026-08-26T18:02:56+00:00
095-1-UA-G651-M-1-,095,1,工學院,UA,都市發展與建築研究所,G651,M,碩士班,1,,休閒產業與鄉村發展,3,選,50,9,,41,莊淑姿,C01-213,,,,"6,7, 8",,,,"[{""day"": 4, ""dayName"": ""星期四"", ""periods"": [""6"", ""7"", ""8""], ""raw"": ""6,7, 8""}]",,,https://course.nuk.edu.tw/QueryCourse/tcontent.asp?OpenYear=095&Helf=1&Sclass=UA&Cono=G651,2026-08-26T18:02:56+00:00
095-1-UA-F061-M-2-,095,1,工學院,UA,都市發展與建築研究所,F061,M,碩士班,2,,環境規劃設計實習 (三A),4,必,11,11,,0,黃世孟,C01-415,"6,7, 8,9",,,,,,,"[{""day"": 1, ""dayName"": ""星期一"", ""periods"": [""6"", ""7"", ""8"", ""9""], ""raw"": ""6,7, 8,9""}]",,,https://course.nuk.edu.tw/QueryCourse/tcontent.asp?OpenYear=095&Helf=1&Sclass=UA&Cono=F061,2026-08-26T18:02:56+00:00
095-1-UA-F071-M-2-,095,1,工學院,UA,都市發展與建築研究所,F071,M,碩士班,2,,環境規劃設計實習 (三B),4,必,11,9,,2,曾梓峰,C01-109,"6,7, 8,9",,,,,,,"[{""day"": 1, ""dayName"": ""星期一"", ""periods"": [""6"", ""7"", ""8"", ""9""], ""raw"": ""6,7, 8,9""}]",,,https://course.nuk.edu.tw/QueryCourse/tcontent.asp?OpenYear=095&Helf=1&Sclass=UA&Cono=F071,2026-08-26T18:02:56+00:00
095-1-UA-F601-M-2-,095,1,工學院,UA,都市發展與建築研究所,F601,M,碩士班,2,,永續城市專題,3,選,50,8,,42,曾梓峰,C01-414,"2,3, 4",,,,,,,"[{""day"": 1, ""dayName"": ""星期一"", ""periods"": [""2"", ""3"", ""4""], ""raw"": ""2,3, 4""}]",,,https://course.nuk.edu.tw/QueryCourse/tcontent.asp?OpenYear=095&Helf=1&Sclass=UA&Cono=F601,2026-08-26T18:02:56+00:00
095-1-UA-G081-M-2-,095,1,工學院,UA,都市發展與建築研究所,G081,M,碩士班,2,,環境規劃設計實習 (三C),4,必,14,14,,0,劉安平,C01-211,"6,7, 8,9",,,,,,,"[{""day"": 1, ""dayName"": ""星期一"", ""periods"": [""6"", ""7"", ""8"", ""9""], ""raw"": ""6,7, 8,9""}]",,,https://course.nuk.edu.tw/QueryCourse/tcontent.asp?OpenYear=095&Helf=1&Sclass=UA&Cono=G081,2026-08-26T18:02:56+00:00
095-1-UA-G582-M-2-,095,1,工學院,UA,都市發展與建築研究所,G582,M,碩士班,2,,建築規劃與管理,3,選,50,26,,24,黃世孟,C01-415,,"5,6, 7",,,,,,"[{""day"": 2, ""dayName"": ""星期二"", ""periods"": [""5"", ""6"", ""7""], ""raw"": ""5,6, 7""}]",,,https://course.nuk.edu.tw/QueryCourse/tcontent.asp?OpenYear=095&Helf=1&Sclass=UA&Cono=G582,2026-08-26T18:02:56+00:00
095-1-HL-A031-A-1-A,095,1,歷史開課單位,HL,HL,A031,A,大學部,1,A,老人保健學,2,選,70,69,,1,王光濤,C01-101,"7,8",,,,,,,"[{""day"": 1, ""dayName"": ""星期一"", ""periods"": [""7"", ""8""], ""raw"": ""7,8""}]",外加,,https://course.nuk.edu.tw/QueryCourse/tcontent.asp?OpenYear=095&Helf=1&Sclass=HL&Cono=A031,2026-08-26T18:02:56+00:00
095-1-HL-A071-A-1-A,095,1,歷史開課單位,HL,HL,A071,A,大學部,1,A,公共藝術欣賞,2,選,99,98,,1,康錦樹,B01-110,,,"7,8",,,,,"[{""day"": 3, ""dayName"": ""星期三"", ""periods"": [""7"", ""8""], ""raw"": ""7,8""}]",,綜合一演講廳,https://course.nuk.edu.tw/QueryCourse/tcontent.asp?OpenYear=095&Helf=1&Sclass=HL&Cono=A071,2026-08-26T18:02:56+00:00
095-1-HL-A121-A-1-A,095,1,歷史開課單位,HL,HL,A121,A,大學部,1,A,台灣藝術欣賞,2,選,140,136,,4,徐秀嬪,C02-B100,"5,6",,,,,,,"[{""day"": 1, ""dayName"": ""星期一"", ""periods"": [""5"", ""6""], ""raw"": ""5,6""}]",外加,需多媒體教室,https://course.nuk.edu.tw/QueryCourse/tcontent.asp?OpenYear=095&Helf=1&Sclass=HL&Cono=A121,2026-08-26T18:02:56+00:00
095-1-HL-A132-A-1-A,095,1,歷史開課單位,HL,HL,A132,A,大學部,1,A,西洋藝術欣賞(A),2,選,140,134,,6,徐秀嬪,C02-111,"1,2",,,,,,,"[{""day"": 1, ""dayName"": ""星期一"", ""periods"": [""1"", ""2""], ""raw"": ""1,2""}]",,需多媒體教室,https://course.nuk.edu.tw/QueryCourse/tcontent.asp?OpenYear=095&Helf=1&Sclass=HL&Cono=A132,2026-08-26T18:02:56+00:00
095-1-HL-A133-A-1-A,095,1,歷史開課單位,HL,HL,A133,A,大學部,1,A,西洋藝術欣賞(B),2,選,140,113,,27,徐秀嬪,C02-111,"3,4",,,,,,,"[{""day"": 1, ""dayName"": ""星期一"", ""periods"": [""3"", ""4""], ""raw"": ""3,4""}]",,需多媒體教室,https://course.nuk.edu.tw/QueryCourse/tcontent.asp?OpenYear=095&Helf=1&Sclass=HL&Cono=A133,2026-08-26T18:02:56+00:00
095-1-HL-A141-A-1-A,095,1,歷史開課單位,HL,HL,A141,A,大學部,1,A,健康評估,2,選,70,63,,7,吳佩芳,B01-104,,,"7,8",,,,,"[{""day"": 3, ""dayName"": ""星期三"", ""periods"": [""7"", ""8""], ""raw"": ""7,8""}]",,,https://course.nuk.edu.tw/QueryCourse/tcontent.asp?OpenYear=095&Helf=1&Sclass=HL&Cono=A141,2026-08-26T18:02:56+00:00
095-1-HL-A191-A-1-A,095,1,歷史開課單位,HL,HL,A191,A,大學部,1,A,中華花藝欣賞,2,選,141,139,,2,徐秀嬪,C02-B100,"7,8",,,,,,,"[{""day"": 1, ""dayName"": ""星期一"", ""periods"": [""7"", ""8""], ""raw"": ""7,8""}]",外加,需多媒體教室,https://course.nuk.edu.tw/QueryCourse/tcontent.asp?OpenYear=095&Helf=1&Sclass=HL&Cono=A191,2026-08-26T18:02:56+00:00
095-1-HL-A192-A-1-A,095,1,歷史開課單位,HL,HL,A192,A,大學部,1,A,視覺藝術欣賞,2,選,70,69,,1,蔡淳文,L01-103,,"11,12",,,,,,"[{""day"": 2, ""dayName"": ""星期二"", ""periods"": [""11"", ""12""], ""raw"": ""11,12""}]",,蔡淳文老師；多媒體教室,https://course.nuk.edu.tw/QueryCourse/tcontent.asp?OpenYear=095&Helf=1&Sclass=HL&Cono=A192,2026-08-26T18:02:56+00:00
095-1-HL-A194-A-1-A,095,1,歷史開課單位,HL,HL,A194,A,大學部,1,A,電影藝術欣賞,2,選,70,70,,0,蔡淳文,L01-103,,,,,"11,12",,,"[{""day"": 5, ""dayName"": ""星期五"", ""periods"": [""11"", ""12""], ""raw"": ""11,12""}]",,蔡淳文老師；多媒體教室,https://course.nuk.edu.tw/QueryCourse/tcontent.asp?OpenYear=095&Helf=1&Sclass=HL&Cono=A194,2026-08-26T18:02:56+00:00
095-1-HL-A195-A-1-A,095,1,歷史開課單位,HL,HL,A195,A,大學部,1,A,台灣美術欣賞,2,選,70,67,,3,蔡淳文,L01-103,,,,"11,12",,,,"[{""day"": 4, ""dayName"": ""星期四"", ""periods"": [""11"", ""12""], ""raw"": ""11,12""}]",,蔡淳文老師,https://course.nuk.edu.tw/QueryCourse/tcontent.asp?OpenYear=095&Helf=1&Sclass=HL&Cono=A195,2026-08-26T18:02:56+00:00
095-1-HL-A251-A-1-A,095,1,歷史開課單位,HL,HL,A251,A,大學部,1,A,運動賽會管理,2,選,51,50,,1,孫美蓮,B01-108,"5,6",,,,,,,"[{""day"": 1, ""dayName"": ""星期一"", ""periods"": [""5"", ""6""], ""raw"": ""5,6""}]",外加,,https://course.nuk.edu.tw/QueryCourse/tcontent.asp?OpenYear=095&Helf=1&Sclass=HL&Cono=A251,2026-08-26T18:02:56+00:00
095-1-HL-A271-A-1-A,095,1,歷史開課單位,HL,HL,A271,A,大學部,1,A,現代雕塑欣賞,2,選,60,60,,0,賴廷鴻,B01-205,,,"7,8",,,,,"[{""day"": 3, ""dayName"": ""星期三"", ""periods"": [""7"", ""8""], ""raw"": ""7,8""}]",,教室請安排B01-205,https://course.nuk.edu.tw/QueryCourse/tcontent.asp?OpenYear=095&Helf=1&Sclass=HL&Cono=A271,2026-08-26T18:02:56+00:00
095-1-HL-A401-A-1-A,095,1,歷史開課單位,HL,HL,A401,A,大學部,1,A,軍訓(一)(A),0,選,60,43,,17,王美玲,B01-203,,"3,4",,,,,,"[{""day"": 2, ""dayName"": ""星期二"", ""periods"": [""3"", ""4""], ""raw"": ""3,4""}]",,已經修過軍訓(一)或軍訓(三)，不可以再重複選修同一門課程。但同一學期可以同時修軍訓一及軍訓三,https://course.nuk.edu.tw/QueryCourse/tcontent.asp?OpenYear=095&Helf=1&Sclass=HL&Cono=A401,2026-08-26T18:02:56+00:00
095-1-HL-A402-A-1-A,095,1,歷史開課單位,HL,HL,A402,A,大學部,1,A,軍訓(一)(B),0,選,60,37,,23,王美玲,B01-203,,"6,7",,,,,,"[{""day"": 2, ""dayName"": ""星期二"", ""periods"": [""6"", ""7""], ""raw"": ""6,7""}]",,已經修過軍訓(一)或軍訓(三)，不可以再重複選修同一門課程。但同一學期可以同時修軍訓一及軍訓三,https://course.nuk.edu.tw/QueryCourse/tcontent.asp?OpenYear=095&Helf=1&Sclass=HL&Cono=A402,2026-08-26T18:02:56+00:00
095-1-HL-A403-A-1-A,095,1,歷史開課單位,HL,HL,A403,A,大學部,1,A,軍訓(一)(C),0,選,60,28,,32,王美玲,B01-203,,,"3,4",,,,,"[{""day"": 3, ""dayName"": ""星期三"", ""periods"": [""3"", ""4""], ""raw"": ""3,4""}]",,已經修過軍訓(一)或軍訓(三)，不可以再重複選修同一門課程。但同一學期可以同時修軍訓一及軍訓三,https://course.nuk.edu.tw/QueryCourse/tcontent.asp?OpenYear=095&Helf=1&Sclass=HL&Cono=A403,2026-08-26T18:02:56+00:00
095-1-HL-A404-A-1-A,095,1,歷史開課單位,HL,HL,A404,A,大學部,1,A,軍訓(一)(D),0,選,65,61,,4,王美玲,B01-203,,,,"7,8",,,,"[{""day"": 4, ""dayName"": ""星期四"", ""periods"": [""7"", ""8""], ""raw"": ""7,8""}]",外加,已經修過軍訓(一)或軍訓(三)，不可以再重複選修同一門課程。但同一學期可以同時修軍訓一及軍訓三,https://course.nuk.edu.tw/QueryCourse/tcontent.asp?OpenYear=095&Helf=1&Sclass=HL&Cono=A404,2026-08-26T18:02:56+00:00
095-1-HL-A421-A-1-A,095,1,歷史開課單位,HL,HL,A421,A,大學部,1,A,軍訓(三)(A),0,選,60,39,,21,郭中庸,B01-201,,"3,4",,,,,,"[{""day"": 2, ""dayName"": ""星期二"", ""periods"": [""3"", ""4""], ""raw"": ""3,4""}]",,已經修過軍訓(一)或軍訓(三)，不可以再重複選修同一門課程。但同一學期可以同時修軍訓一及軍訓三,https://course.nuk.edu.tw/QueryCourse/tcontent.asp?OpenYear=095&Helf=1&Sclass=HL&Cono=A421,2026-08-26T18:02:56+00:00
095-1-HL-A422-A-1-A,095,1,歷史開課單位,HL,HL,A422,A,大學部,1,A,軍訓(三)(B),0,選,60,43,,17,郭中庸,B01-201,,,"3,4",,,,,"[{""day"": 3, ""dayName"": ""星期三"", ""periods"": [""3"", ""4""], ""raw"": ""3,4""}]",,已經修過軍訓(一)或軍訓(三)，不可以再重複選修同一門課程。但同一學期可以同時修軍訓一及軍訓三,https://course.nuk.edu.tw/QueryCourse/tcontent.asp?OpenYear=095&Helf=1&Sclass=HL&Cono=A422,2026-08-26T18:02:56+00:00
095-1-HL-A423-A-1-A,095,1,歷史開課單位,HL,HL,A423,A,大學部,1,A,軍訓(三)(C),0,選,70,70,,0,郭中庸,B01-108,,,"7,8",,,,,"[{""day"": 3, ""dayName"": ""星期三"", ""periods"": [""7"", ""8""], ""raw"": ""7,8""}]",,已經修過軍訓(一)或軍訓(三)，不可以再重複選修同一門課程。但同一學期可以同時修軍訓一及軍訓三,https://course.nuk.edu.tw/QueryCourse/tcontent.asp?OpenYear=095&Helf=1&Sclass=HL&Cono=A423,2026-08-26T18:02:56+00:00
095-1-HL-A704-A-1-A,095,1,歷史開課單位,HL,HL,A704,A,大學部,1,A,網球運動理論與實務(A),2,選,40,39,,1,王士仁,,"6,7",,,,,,,"[{""day"": 1, ""dayName"": ""星期一"", ""periods"": [""6"", ""7""], ""raw"": ""6,7""}]",限修,網球場上課；運休系同學選修不列入通識學分，修過「網球」課程之學生，選修此課程不列入通識學分亦不列入畢業學分,https://course.nuk.edu.tw/QueryCourse/tcontent.asp?OpenYear=095&Helf=1&Sclass=HL&Cono=A704,2026-08-26T18:02:56+00:00
095-1-HL-A705-A-1-A,095,1,歷史開課單位,HL,HL,A705,A,大學部,1,A,網球運動理論與實務(B),2,選,40,40,,0,王士仁,,"8,9",,,,,,,"[{""day"": 1, ""dayName"": ""星期一"", ""periods"": [""8"", ""9""], ""raw"": ""8,9""}]",限修,網球場上課；運休系同學選修不列入通識學分，修過「網球」課程之學生，選修此課程不列入通識學分亦不列入畢業學分,https://course.nuk.edu.tw/QueryCourse/tcontent.asp?OpenYear=095&Helf=1&Sclass=HL&Cono=A705,2026-08-26T18:02:56+00:00
095-1-HL-A712-A-1-A,095,1,歷史開課單位,HL,HL,A712,A,大學部,1,A,木球運動理論與實務,2,選,41,40,,1,張志成,,"8,9",,,,,,,"[{""day"": 1, ""dayName"": ""星期一"", ""periods"": [""8"", ""9""], ""raw"": ""8,9""}]",限修及外加,運健休閒系學生選修不列入通識學分，體育室前的草坪上課，修過「木球」課程之學生，選修此課程不列入通識學分，亦不列入畢業學分,https://course.nuk.edu.tw/QueryCourse/tcontent.asp?OpenYear=095&Helf=1&Sclass=HL&Cono=A712,2026-08-26T18:02:56+00:00
095-1-HL-A752-A-1-A,095,1,歷史開課單位,HL,HL,A752,A,大學部,1,A,國際標準舞(A),2,選,40,38,,2,孫美蓮,,"7,8",,,,,,,"[{""day"": 1, ""dayName"": ""星期一"", ""periods"": [""7"", ""8""], ""raw"": ""7,8""}]",,運健休閒中心,https://course.nuk.edu.tw/QueryCourse/tcontent.asp?OpenYear=095&Helf=1&Sclass=HL&Cono=A752,2026-08-26T18:02:56+00:00
095-1-HL-A753-A-1-A,095,1,歷史開課單位,HL,HL,A753,A,大學部,1,A,國際標準舞(B),2,選,40,39,,1,孫美蓮,,,,"5,6",,,,,"[{""day"": 3, ""dayName"": ""星期三"", ""periods"": [""5"", ""6""], ""raw"": ""5,6""}]",,運健休閒中心,https://course.nuk.edu.tw/QueryCourse/tcontent.asp?OpenYear=095&Helf=1&Sclass=HL&Cono=A753,2026-08-26T18:02:56+00:00
095-1-HL-A781-A-1-A,095,1,歷史開課單位,HL,HL,A781,A,大學部,1,A,飲食與健康,2,選,90,90,,0,白秀華,C01-101,,,"5,6",,,,,"[{""day"": 3, ""dayName"": ""星期三"", ""periods"": [""5"", ""6""], ""raw"": ""5,6""}]",,,https://course.nuk.edu.tw/QueryCourse/tcontent.asp?OpenYear=095&Helf=1&Sclass=HL&Cono=A781,2026-08-26T18:02:56+00:00
095-1-HL-A791-A-1-A,095,1,歷史開課單位,HL,HL,A791,A,大學部,1,A,羽球運動理論與實務(A),2,選,40,40,,0,廖清海,,,,"5,6",,,,,"[{""day"": 3, ""dayName"": ""星期三"", ""periods"": [""5"", ""6""], ""raw"": ""5,6""}]",限修,運健休閒系學生選修不列入通識學分，羽球場,https://course.nuk.edu.tw/QueryCourse/tcontent.asp?OpenYear=095&Helf=1&Sclass=HL&Cono=A791,2026-08-26T18:02:56+00:00
095-1-HL-A792-A-1-A,095,1,歷史開課單位,HL,HL,A792,A,大學部,1,A,羽球運動理論與實務(B),2,選,40,39,,1,廖清海,,,,"7,8",,,,,"[{""day"": 3, ""dayName"": ""星期三"", ""periods"": [""7"", ""8""], ""raw"": ""7,8""}]",限修,運健休閒系學生選修不列入通識學分，羽球場,https://course.nuk.edu.tw/QueryCourse/tcontent.asp?OpenYear=095&Helf=1&Sclass=HL&Cono=A792,2026-08-26T18:02:56+00:00
095-1-HL-A801-A-1-A,095,1,歷史開課單位,HL,HL,A801,A,大學部,1,A,城市生活家,2,選,109,109,,0,林世超,C02-B100,,,"7,8",,,,,"[{""day"": 3, ""dayName"": ""星期三"", ""periods"": [""7"", ""8""], ""raw"": ""7,8""}]",外加,需多媒體教室,https://course.nuk.edu.tw/QueryCourse/tcontent.asp?OpenYear=095&Helf=1&Sclass=HL&Cono=A801,2026-08-26T18:02:56+00:00
095-1-HL-A811-A-1-A,095,1,歷史開課單位,HL,HL,A811,A,大學部,1,A,西洋美術經典名作賞析,2,選,65,64,,1,蔡獻友,L01-101,,,"12,13",,,,,"[{""day"": 3, ""dayName"": ""星期三"", ""periods"": [""12"", ""13""], ""raw"": ""12,13""}]",,圖資多媒體教室 ；自95學年由人文類改為運休類，修過此課程之學生不得重覆修習。重覆修習不列入通識學分亦不列入畢業學分,https://course.nuk.edu.tw/QueryCourse/tcontent.asp?OpenYear=095&Helf=1&Sclass=HL&Cono=A811,2026-08-26T18:02:56+00:00
095-1-HL-A821-A-1-A,095,1,歷史開課單位,HL,HL,A821,A,大學部,1,A,戶外休閒,2,選,31,31,,0,李福恩,C01-103,"8,9",,,,,,,"[{""day"": 1, ""dayName"": ""星期一"", ""periods"": [""8"", ""9""], ""raw"": ""8,9""}]",外加,,https://course.nuk.edu.tw/QueryCourse/tcontent.asp?OpenYear=095&Helf=1&Sclass=HL&Cono=A821,2026-08-26T18:02:56+00:00
095-1-HL-A831-A-1-A,095,1,歷史開課單位,HL,HL,A831,A,大學部,1,A,交響曲賞析,2,選,81,78,,3,羅文秀,L01-103,"7,8",,,,,,,"[{""day"": 1, ""dayName"": ""星期一"", ""periods"": [""7"", ""8""], ""raw"": ""7,8""}]",外加,圖資103多媒體教室,https://course.nuk.edu.tw/QueryCourse/tcontent.asp?OpenYear=095&Helf=1&Sclass=HL&Cono=A831,2026-08-26T18:02:56+00:00
095-1-HL-A841-A-1-A,095,1,歷史開課單位,HL,HL,A841,A,大學部,1,A,歌劇欣賞入門,2,選,70,66,,4,羅文秀,L01-101,,,"7,8",,,,,"[{""day"": 3, ""dayName"": ""星期三"", ""periods"": [""7"", ""8""], ""raw"": ""7,8""}]",外加,自95學年由人文類更改為運休類，修過此課程之學生不得重覆修習。重覆修習不列入通識學分亦不列入畢業學分,https://course.nuk.edu.tw/QueryCourse/tcontent.asp?OpenYear=095&Helf=1&Sclass=HL&Cono=A841,2026-08-26T18:02:56+00:00
095-1-HL-A851-A-1-A,095,1,歷史開課單位,HL,HL,A851,A,大學部,1,A,鋼琴音樂賞析,2,選,60,35,,25,林伯鍾,B01-110,,,"3,4",,,,,"[{""day"": 3, ""dayName"": ""星期三"", ""periods"": [""3"", ""4""], ""raw"": ""3,4""}]",,自95學年由人文類更改為運休類，修過此課程之學生不得重覆修習。重覆修習不列入通識學分亦不列入畢業學分,https://course.nuk.edu.tw/QueryCourse/tcontent.asp?OpenYear=095&Helf=1&Sclass=HL&Cono=A851,2026-08-26T18:02:56+00:00
095-1-HL-A861-A-1-A,095,1,歷史開課單位,HL,HL,A861,A,大學部,1,A,風土建築賞析,2,選,108,108,,0,張宇彤,L01-103,,,"5,6",,,,,"[{""day"": 3, ""dayName"": ""星期三"", ""periods"": [""5"", ""6""], ""raw"": ""5,6""}]",外加,多媒體教室,https://course.nuk.edu.tw/QueryCourse/tcontent.asp?OpenYear=095&Helf=1&Sclass=HL&Cono=A861,2026-08-26T18:02:56+00:00
095-1-HL-A871-A-1-A,095,1,歷史開課單位,HL,HL,A871,A,大學部,1,A,傳統工藝藝術欣賞,2,選,63,62,,1,沈明旺,B01-110,,"5,6",,,,,,"[{""day"": 2, ""dayName"": ""星期二"", ""periods"": [""5"", ""6""], ""raw"": ""5,6""}]",外加,修過「傳統建築藝術欣賞」之學生，選修此課程不列入通識學分亦不得列入畢業學分,https://course.nuk.edu.tw/QueryCourse/tcontent.asp?OpenYear=095&Helf=1&Sclass=HL&Cono=A871,2026-08-26T18:02:56+00:00
095-1-HL-A881-A-1-A,095,1,歷史開課單位,HL,HL,A881,A,大學部,1,A,攝影藝術術賞析,2,選,71,69,,2,蔡淳文,L01-103,,,"11,12",,,,,"[{""day"": 3, ""dayName"": ""星期三"", ""periods"": [""11"", ""12""], ""raw"": ""11,12""}]",外加,蔡淳文老師；多媒體教室,https://course.nuk.edu.tw/QueryCourse/tcontent.asp?OpenYear=095&Helf=1&Sclass=HL&Cono=A881,2026-08-26T18:02:56+00:00
095-1-TA-A01A-A-1-A,095,1,歷史開課單位,TA,TA,A01A,A,大學部,1,A,基礎素描(一),2,必,60,47,,13,康錦樹,,,,"1,2, 3,4",,,,,"[{""day"": 3, ""dayName"": ""星期三"", ""periods"": [""1"", ""2"", ""3"", ""4""], ""raw"": ""1,2, 3,4""}]",,民藝系素描教室,https://course.nuk.edu.tw/QueryCourse/tcontent.asp?OpenYear=095&Helf=1&Sclass=TA&Cono=A01A,2026-08-26T18:02:56+00:00
095-1-TA-A04A-A-1-A,095,1,歷史開課單位,TA,TA,A04A,A,大學部,1,A,基礎塑造(一),2,必,60,47,,13,余南歷,,,,,"5,6, 7,8",,,,"[{""day"": 4, ""dayName"": ""星期四"", ""periods"": [""5"", ""6"", ""7"", ""8""], ""raw"": ""5,6, 7,8""}]",,民藝系塑造教室,https://course.nuk.edu.tw/QueryCourse/tcontent.asp?OpenYear=095&Helf=1&Sclass=TA&Cono=A04A,2026-08-26T18:02:56+00:00
095-1-TA-A141-A-1-A,095,1,歷史開課單位,TA,TA,A141,A,大學部,1,A,基本設計(一)A,3,必,20,14,,6,CHANTEHUI,B01-205,,"5,6, 7,10",,,,,,"[{""day"": 2, ""dayName"": ""星期二"", ""periods"": [""5"", ""6"", ""7"", ""10""], ""raw"": ""5,6, 7,10""}]",,"A組老師-張德煇.教室為綜一205教室或民藝設計教室,限修學生-A0941551,A0941552及A0951501~A0951511",https://course.nuk.edu.tw/QueryCourse/tcontent.asp?OpenYear=095&Helf=1&Sclass=TA&Cono=A141,2026-08-26T18:02:56+00:00
095-1-TA-A143-A-1-A,095,1,歷史開課單位,TA,TA,A143,A,大學部,1,A,基本設計(一)C,3,必,20,17,,3,CHANTEHUI 林俊,,,"5,6, 7,10",,,,,,"[{""day"": 2, ""dayName"": ""星期二"", ""periods"": [""5"", ""6"", ""7"", ""10""], ""raw"": ""5,6, 7,10""}]",,"C組老師-林喜俊.教室為民藝設計教室,限修學生-A0951525~A0951537",https://course.nuk.edu.tw/QueryCourse/tcontent.asp?OpenYear=095&Helf=1&Sclass=TA&Cono=A143,2026-08-26T18:02:56+00:00
095-1-TA-A144-A-1-A,095,1,歷史開課單位,TA,TA,A144,A,大學部,1,A,基本設計(一)D,3,必,20,17,,3,CHANTEHUI 許亦成,B01-204 其他教室,,"5,6, 7,10",,,,,,"[{""day"": 2, ""dayName"": ""星期二"", ""periods"": [""5"", ""6"", ""7"", ""10""], ""raw"": ""5,6, 7,10""}]",,"D組老師-許亦成.教室為綜一205教室或民藝設計教室,限修學生-A0951538~A0951550",https://course.nuk.edu.tw/QueryCourse/tcontent.asp?OpenYear=095&Helf=1&Sclass=TA&Cono=A144,2026-08-26T18:02:56+00:00
095-1-TA-A15A-A-1-A,095,1,歷史開課單位,TA,TA,A15A,A,大學部,1,A,藝術與設計概論,2,必,60,50,,10,孫蒨鈺,B01-110,,,,,"7,8",,,"[{""day"": 5, ""dayName"": ""星期五"", ""periods"": [""7"", ""8""], ""raw"": ""7,8""}]",,"9/29 為第一堂課,之後每隔週五連續上5~8堂計4小時」",https://course.nuk.edu.tw/QueryCourse/tcontent.asp?OpenYear=095&Helf=1&Sclass=TA&Cono=A15A,2026-08-26T18:02:56+00:00
095-1-TA-A16A-A-1-A,095,1,歷史開課單位,TA,TA,A16A,A,大學部,1,A,傳統工藝基本媒材概論與實習(ㄧ),3,必,60,49,,11,沈明旺 康錦樹 賴廷鴻,,,"1,2, 3,4",,,,,,"[{""day"": 2, ""dayName"": ""星期二"", ""periods"": [""1"", ""2"", ""3"", ""4""], ""raw"": ""1,2, 3,4""}]",,"「三位老師合開課程,第一堂課與之後概論課在民藝系設計教室上課,實習課在各相關專業教室上課」",https://course.nuk.edu.tw/QueryCourse/tcontent.asp?OpenYear=095&Helf=1&Sclass=TA&Cono=A16A,2026-08-26T18:02:56+00:00
095-1-TA-A511-A-1-A,095,1,歷史開課單位,TA,TA,A511,A,大學部,1,A,色彩學,2,選,69,70,,0,CHANTEHUI,,,,"5,6",,,,,"[{""day"": 3, ""dayName"": ""星期三"", ""periods"": [""5"", ""6""], ""raw"": ""5,6""}]",外加,"「民藝系設計教室, 本系99級(含)以後學生必選」",https://course.nuk.edu.tw/QueryCourse/tcontent.asp?OpenYear=095&Helf=1&Sclass=TA&Cono=A511,2026-08-26T18:02:56+00:00
095-1-TA-A521-A-1-A,095,1,歷史開課單位,TA,TA,A521,A,大學部,1,A,電腦繪圖,2,選,60,56,,4,李穎杰,L01-107,,,,,"3,4",,,"[{""day"": 5, ""dayName"": ""星期五"", ""periods"": [""3"", ""4""], ""raw"": ""3,4""}]",限修,"李穎杰老師,本系99級(含)以後學生必選",https://course.nuk.edu.tw/QueryCourse/tcontent.asp?OpenYear=095&Helf=1&Sclass=TA&Cono=A521,2026-08-26T18:02:56+00:00
095-1-TA-B00A-A-2-A,095,1,歷史開課單位,TA,TA,B00A,A,大學部,2,A,傳統木雕(一),2,必,60,50,,10,沈明旺,,"1,2, 3,4",,,,,,,"[{""day"": 1, ""dayName"": ""星期一"", ""periods"": [""1"", ""2"", ""3"", ""4""], ""raw"": ""1,2, 3,4""}]",,民藝系木竹硯雕工場,https://course.nuk.edu.tw/QueryCourse/tcontent.asp?OpenYear=095&Helf=1&Sclass=TA&Cono=B00A,2026-08-26T18:02:56+00:00
095-1-TA-B01A-A-2-A,095,1,歷史開課單位,TA,TA,B01A,A,大學部,2,A,人物素描(一),2,必,60,47,,13,康錦樹,,,,,"1,2, 3,4",,,,"[{""day"": 4, ""dayName"": ""星期四"", ""periods"": [""1"", ""2"", ""3"", ""4""], ""raw"": ""1,2, 3,4""}]",,民藝系素描教室,https://course.nuk.edu.tw/QueryCourse/tcontent.asp?OpenYear=095&Helf=1&Sclass=TA&Cono=B01A,2026-08-26T18:02:56+00:00
095-1-TA-B02A-A-2-A,095,1,歷史開課單位,TA,TA,B02A,A,大學部,2,A,中國書畫史(一),2,必,60,47,,13,林素幸,,,,"3,4",,,,,"[{""day"": 3, ""dayName"": ""星期三"", ""periods"": [""3"", ""4""], ""raw"": ""3,4""}]",,民藝系學科教室,https://course.nuk.edu.tw/QueryCourse/tcontent.asp?OpenYear=095&Helf=1&Sclass=TA&Cono=B02A,2026-08-26T18:02:56+00:00
095-1-TA-B06A-A-2-A,095,1,歷史開課單位,TA,TA,B06A,A,大學部,2,A,人物塑造(一),2,必,60,47,,13,賴廷鴻,,"5,6, 7,8",,,,,,,"[{""day"": 1, ""dayName"": ""星期一"", ""periods"": [""5"", ""6"", ""7"", ""8""], ""raw"": ""5,6, 7,8""}]",,民藝系塑造教室,https://course.nuk.edu.tw/QueryCourse/tcontent.asp?OpenYear=095&Helf=1&Sclass=TA&Cono=B06A,2026-08-26T18:02:56+00:00
095-1-TA-B10A-A-2-A,095,1,歷史開課單位,TA,TA,B10A,A,大學部,2,A,吉祥圖案與文化(一),2,必,60,48,,12,龔詩文,,,,,"7,8",,,,"[{""day"": 4, ""dayName"": ""星期四"", ""periods"": [""7"", ""8""], ""raw"": ""7,8""}]",,"9/21為第一堂課,之後每隔週四連續上7~10堂計4小時」",https://course.nuk.edu.tw/QueryCourse/tcontent.asp?OpenYear=095&Helf=1&Sclass=TA&Cono=B10A,2026-08-26T18:02:56+00:00
095-1-TA-B50A-A-2-A,095,1,歷史開課單位,TA,TA,B50A,A,大學部,2,A,台灣原住民藝術(一),2,選,61,60,,1,朱聖吉,,,,,,"5,6",,,"[{""day"": 5, ""dayName"": ""星期五"", ""periods"": [""5"", ""6""], ""raw"": ""5,6""}]",,"民藝系學科教室, 本系96 ~ 98級學生必選課,「9/22 為第一堂課,每隔週五連續上5~8堂 計4小時」",https://course.nuk.edu.tw/QueryCourse/tcontent.asp?OpenYear=095&Helf=1&Sclass=TA&Cono=B50A,2026-08-26T18:02:56+00:00
095-1-TA-B51A-A-2-A,095,1,歷史開課單位,TA,TA,B51A,A,大學部,2,A,交阯陶藝(一),2,選,60,49,,11,林再興,,,,,,"3,4",,,"[{""day"": 5, ""dayName"": ""星期五"", ""periods"": [""3"", ""4""], ""raw"": ""3,4""}]",,"民藝系交趾教室, 本系96 ~ 98級學生必選課",https://course.nuk.edu.tw/QueryCourse/tcontent.asp?OpenYear=095&Helf=1&Sclass=TA&Cono=B51A,2026-08-26T18:02:56+00:00
095-1-TA-B621-A-2-A,095,1,歷史開課單位,TA,TA,B621,A,大學部,2,A,石雕創作,2,選,60,11,,49,施弘毅,,,"5,6",,,,,,"[{""day"": 2, ""dayName"": ""星期二"", ""periods"": [""5"", ""6""], ""raw"": ""5,6""}]",,民藝系石雕教室,https://course.nuk.edu.tw/QueryCourse/tcontent.asp?OpenYear=095&Helf=1&Sclass=TA&Cono=B621,2026-08-26T18:02:56+00:00
095-1-TA-B631-A-2-A,095,1,歷史開課單位,TA,TA,B631,A,大學部,2,A,電腦繪圖(二年級課程),2,選,35,32,,3,楊肇傅,L01-107,,,"5,6",,,,,"[{""day"": 3, ""dayName"": ""星期三"", ""periods"": [""5"", ""6""], ""raw"": ""5,6""}]",,,https://course.nuk.edu.tw/QueryCourse/tcontent.asp?OpenYear=095&Helf=1&Sclass=TA&Cono=B631,2026-08-26T18:02:56+00:00
095-1-TA-B641-A-2-A,095,1,歷史開課單位,TA,TA,B641,A,大學部,2,A,地景與環境藝術,2,選,60,19,,41,CHANTEHUI,,,,"7,8",,,,,"[{""day"": 3, ""dayName"": ""星期三"", ""periods"": [""7"", ""8""], ""raw"": ""7,8""}]",,民藝系教室,https://course.nuk.edu.tw/QueryCourse/tcontent.asp?OpenYear=095&Helf=1&Sclass=TA&Cono=B641,2026-08-26T18:02:56+00:00
095-1-TA-C51A-A-2-A,095,1,歷史開課單位,TA,TA,C51A,A,大學部,2,A,攝影(一),2,選,60,11,,49,侯淑姿,,,"3,4",,,,,,"[{""day"": 2, ""dayName"": ""星期二"", ""periods"": [""3"", ""4""], ""raw"": ""3,4""}]",,民藝系學科教室,https://course.nuk.edu.tw/QueryCourse/tcontent.asp?OpenYear=095&Helf=1&Sclass=TA&Cono=C51A,2026-08-26T18:02:56+00:00
095-1-TA-C00A-A-3-A,095,1,歷史開課單位,TA,TA,C00A,A,大學部,3,A,專題製作(一)木雕,2,必,17,16,,1,沈明旺,,,,,"5,6, 7,8",,,,"[{""day"": 4, ""dayName"": ""星期四"", ""periods"": [""5"", ""6"", ""7"", ""8""], ""raw"": ""5,6, 7,8""}]",,民藝系木竹硯雕工場,https://course.nuk.edu.tw/QueryCourse/tcontent.asp?OpenYear=095&Helf=1&Sclass=TA&Cono=C00A,2026-08-26T18:02:56+00:00
095-1-TA-C01A-A-3-A,095,1,歷史開課單位,TA,TA,C01A,A,大學部,3,A,圖稿設計(一),2,必,60,44,,16,陳金鐘,,,"1,2, 3,4",,,,,,"[{""day"": 2, ""dayName"": ""星期二"", ""periods"": [""1"", ""2"", ""3"", ""4""], ""raw"": ""1,2, 3,4""}]",,民藝系交趾教室,https://course.nuk.edu.tw/QueryCourse/tcontent.asp?OpenYear=095&Helf=1&Sclass=TA&Cono=C01A,2026-08-26T18:02:56+00:00
095-1-TA-C02A-A-3-A,095,1,歷史開課單位,TA,TA,C02A,A,大學部,3,A,專題製作(一)硯雕,2,必,17,15,,2,余南歷,,,"5,6, 7,10",,,,,,"[{""day"": 2, ""dayName"": ""星期二"", ""periods"": [""5"", ""6"", ""7"", ""10""], ""raw"": ""5,6, 7,10""}]",,民藝系木竹硯雕工場,https://course.nuk.edu.tw/QueryCourse/tcontent.asp?OpenYear=095&Helf=1&Sclass=TA&Cono=C02A,2026-08-26T18:02:56+00:00
095-1-TA-C04B-A-3-A,095,1,歷史開課單位,TA,TA,C04B,A,大學部,3,A,錫藝(二),2,必,60,43,,17,賴廷鴻,,,,,"1,2, 3,4",,,,"[{""day"": 4, ""dayName"": ""星期四"", ""periods"": [""1"", ""2"", ""3"", ""4""], ""raw"": ""1,2, 3,4""}]",,民藝系金屬鍛造/錫藝工場,https://course.nuk.edu.tw/QueryCourse/tcontent.asp?OpenYear=095&Helf=1&Sclass=TA&Cono=C04B,2026-08-26T18:02:56+00:00
095-1-TA-C06A-A-3-A,095,1,歷史開課單位,TA,TA,C06A,A,大學部,3,A,專題製作(一)竹雕,2,必,17,15,,2,陳春明,,"1,2, 3,4",,,,,,,"[{""day"": 1, ""dayName"": ""星期一"", ""periods"": [""1"", ""2"", ""3"", ""4""], ""raw"": ""1,2, 3,4""}]",,民藝系木竹硯雕工場,https://course.nuk.edu.tw/QueryCourse/tcontent.asp?OpenYear=095&Helf=1&Sclass=TA&Cono=C06A,2026-08-26T18:02:56+00:00
095-1-TA-C07A-A-3-A,095,1,歷史開課單位,TA,TA,C07A,A,大學部,3,A,田野調查(一),2,必,60,43,,17,侯淑姿,,"5,6, 7,8",,,,,,,"[{""day"": 1, ""dayName"": ""星期一"", ""periods"": [""5"", ""6"", ""7"", ""8""], ""raw"": ""5,6, 7,8""}]",,民藝系學科教室,https://course.nuk.edu.tw/QueryCourse/tcontent.asp?OpenYear=095&Helf=1&Sclass=TA&Cono=C07A,2026-08-26T18:02:56+00:00
095-1-TA-C551-A-3-A,095,1,歷史開課單位,TA,TA,C551,A,大學部,3,A,傳統彩繪(一),2,選,60,15,,45,陳金鐘,,,"5,6",,,,,,"[{""day"": 2, ""dayName"": ""星期二"", ""periods"": [""5"", ""6""], ""raw"": ""5,6""}]",,民藝系交趾教室,https://course.nuk.edu.tw/QueryCourse/tcontent.asp?OpenYear=095&Helf=1&Sclass=TA&Cono=C551,2026-08-26T18:02:56+00:00
095-1-TA-C561-A-3-A,095,1,歷史開課單位,TA,TA,C561,A,大學部,3,A,傳統建築概論(一),2,選,60,30,,30,陳啟仁,,,,"1,2",,,,,"[{""day"": 3, ""dayName"": ""星期三"", ""periods"": [""1"", ""2""], ""raw"": ""1,2""}]",,民藝系學科教室,https://course.nuk.edu.tw/QueryCourse/tcontent.asp?OpenYear=095&Helf=1&Sclass=TA&Cono=C561,2026-08-26T18:02:56+00:00
095-1-TA-C571-A-3-A,095,1,歷史開課單位,TA,TA,C571,A,大學部,3,A,空間創意設計,3,選,60,13,,47,趙建銘,,,"7,10, 11,12",,,,,,"[{""day"": 2, ""dayName"": ""星期二"", ""periods"": [""7"", ""10"", ""11"", ""12""], ""raw"": ""7,10, 11,12""}]",,"民藝系交趾教室(表訂上課時間為二7.10.11.12,若該日未開導生會議,則實際上課時間為二7.8.9.10)",https://course.nuk.edu.tw/QueryCourse/tcontent.asp?OpenYear=095&Helf=1&Sclass=TA&Cono=C571,2026-08-26T18:02:56+00:00
095-1-TA-C581-A-3-A,095,1,歷史開課單位,TA,TA,C581,A,大學部,3,A,美學(一),2,選,60,29,,31,曾梓峰 蔡瑞霖,,,,,"9,10",,,,"[{""day"": 4, ""dayName"": ""星期四"", ""periods"": [""9"", ""10""], ""raw"": ""9,10""}]",,"「蔡瑞霖老師與曾梓峰老師合開,9/28 為第一堂課, 之後每隔週四連續上9~12堂計4小時」",https://course.nuk.edu.tw/QueryCourse/tcontent.asp?OpenYear=095&Helf=1&Sclass=TA&Cono=C581,2026-08-26T18:02:56+00:00
095-1-TA-C591-A-3-A,095,1,歷史開課單位,TA,TA,C591,A,大學部,3,A,石雕設計實務(一),2,選,60,11,,49,施弘毅,,,"7,10",,,,,,"[{""day"": 2, ""dayName"": ""星期二"", ""periods"": [""7"", ""10""], ""raw"": ""7,10""}]",,民藝系石雕教室,https://course.nuk.edu.tw/QueryCourse/tcontent.asp?OpenYear=095&Helf=1&Sclass=TA&Cono=C591,2026-08-26T18:02:56+00:00
095-1-TA-C03A-A-4-A,095,1,歷史開課單位,TA,TA,C03A,A,大學部,4,A,資料編輯(一),2,必,60,47,,13,待公布,,,,,,,,"5,6, 7,8","[{""day"": 7, ""dayName"": ""星期日"", ""periods"": [""5"", ""6"", ""7"", ""8""], ""raw"": ""5,6, 7,8""}]",,民藝系學科教室(邱上嘉老師授課),https://course.nuk.edu.tw/QueryCourse/tcontent.asp?OpenYear=095&Helf=1&Sclass=TA&Cono=C03A,2026-08-26T18:02:56+00:00
095-1-TA-D021-A-4-A,095,1,歷史開課單位,TA,TA,D021,A,大學部,4,A,專題製作(三)硯雕,2,必,10,8,,2,余南歷,,,,,,"1,2, 3,4",,,"[{""day"": 5, ""dayName"": ""星期五"", ""periods"": [""1"", ""2"", ""3"", ""4""], ""raw"": ""1,2, 3,4""}]",,民藝系木竹硯雕工場,https://course.nuk.edu.tw/QueryCourse/tcontent.asp?OpenYear=095&Helf=1&Sclass=TA&Cono=D021,2026-08-26T18:02:56+00:00
095-1-TA-D031-A-4-A,095,1,歷史開課單位,TA,TA,D031,A,大學部,4,A,專題製作(三)竹雕,2,必,10,9,,1,陳春明,,"5,6, 7,8",,,,,,,"[{""day"": 1, ""dayName"": ""星期一"", ""periods"": [""5"", ""6"", ""7"", ""8""], ""raw"": ""5,6, 7,8""}]",,民藝系木竹硯雕工場,https://course.nuk.edu.tw/QueryCourse/tcontent.asp?OpenYear=095&Helf=1&Sclass=TA&Cono=D031,2026-08-26T18:02:56+00:00
095-1-TA-D041-A-4-A,095,1,歷史開課單位,TA,TA,D041,A,大學部,4,A,專題製作(三)木雕,2,必,10,5,,5,沈明旺,,,,"1,2, 3,4",,,,,"[{""day"": 3, ""dayName"": ""星期三"", ""periods"": [""1"", ""2"", ""3"", ""4""], ""raw"": ""1,2, 3,4""}]",,民藝系木竹硯雕工場,https://course.nuk.edu.tw/QueryCourse/tcontent.asp?OpenYear=095&Helf=1&Sclass=TA&Cono=D041,2026-08-26T18:02:56+00:00
095-1-TA-D051-A-4-A,095,1,歷史開課單位,TA,TA,D051,A,大學部,4,A,專題製作(一)交阯陶藝,2,必,10,8,,2,林再興,,,,,,"5,6, 7,8",,,"[{""day"": 5, ""dayName"": ""星期五"", ""periods"": [""5"", ""6"", ""7"", ""8""], ""raw"": ""5,6, 7,8""}]",,民藝系交趾教室,https://course.nuk.edu.tw/QueryCourse/tcontent.asp?OpenYear=095&Helf=1&Sclass=TA&Cono=D051,2026-08-26T18:02:56+00:00
095-1-TA-D061-A-4-A,095,1,歷史開課單位,TA,TA,D061,A,大學部,4,A,專題製作(一)金屬,2,必,10,10,,0,賴廷鴻,,,,"1,2, 3,4",,,,,"[{""day"": 3, ""dayName"": ""星期三"", ""periods"": [""1"", ""2"", ""3"", ""4""], ""raw"": ""1,2, 3,4""}]",,民藝系金屬鍛造/錫藝工場,https://course.nuk.edu.tw/QueryCourse/tcontent.asp?OpenYear=095&Helf=1&Sclass=TA&Cono=D061,2026-08-26T18:02:56+00:00
095-1-TA-D071-A-4-A,095,1,歷史開課單位,TA,TA,D071,A,大學部,4,A,專題製作(一)影像,2,必,10,7,,3,侯淑姿,,,"5,6, 7,10",,,,,,"[{""day"": 2, ""dayName"": ""星期二"", ""periods"": [""5"", ""6"", ""7"", ""10""], ""raw"": ""5,6, 7,10""}]",,民藝系學科教室,https://course.nuk.edu.tw/QueryCourse/tcontent.asp?OpenYear=095&Helf=1&Sclass=TA&Cono=D071,2026-08-26T18:02:56+00:00
095-1-TA-D511-A-4-A,095,1,歷史開課單位,TA,TA,D511,A,大學部,4,A,當代藝術現況,2,選,60,47,,13,侯淑姿,,,,"7,8",,,,,"[{""day"": 3, ""dayName"": ""星期三"", ""periods"": [""7"", ""8""], ""raw"": ""7,8""}]",,"民藝系學科教室,本系96-98級學生必選課",https://course.nuk.edu.tw/QueryCourse/tcontent.asp?OpenYear=095&Helf=1&Sclass=TA&Cono=D511,2026-08-26T18:02:56+00:00
095-1-FL-A01A-A-1-A,095,1,法學院,FL,財經法律學系,A01A,A,大學部,1,A,憲法(一),2,必,65,65,,0,簡玉聰,L02-103,,,"10,11",,,,,"[{""day"": 3, ""dayName"": ""星期三"", ""periods"": [""10"", ""11""], ""raw"": ""10,11""}]",,,https://course.nuk.edu.tw/QueryCourse/tcontent.asp?OpenYear=095&Helf=1&Sclass=FL&Cono=A01A,2026-08-26T18:02:56+00:00
095-1-FL-A03A-A-1-A,095,1,法學院,FL,財經法律學系,A03A,A,大學部,1,A,刑法總則(一),3,必,70,69,,1,謝開平,L02-204,,,,,"5,6, 7",,,"[{""day"": 5, ""dayName"": ""星期五"", ""periods"": [""5"", ""6"", ""7""], ""raw"": ""5,6, 7""}]",外加,,https://course.nuk.edu.tw/QueryCourse/tcontent.asp?OpenYear=095&Helf=1&Sclass=FL&Cono=A03A,2026-08-26T18:02:56+00:00
095-1-FL-A041-A-1-A,095,1,法學院,FL,財經法律學系,A041,A,大學部,1,A,經濟學,3,必,60,53,,7,佘志民,L02-201,,"5,6, 7",,,,,,"[{""day"": 2, ""dayName"": ""星期二"", ""periods"": [""5"", ""6"", ""7""], ""raw"": ""5,6, 7""}]",,,https://course.nuk.edu.tw/QueryCourse/tcontent.asp?OpenYear=095&Helf=1&Sclass=FL&Cono=A041,2026-08-26T18:02:56+00:00
095-1-FL-A061-A-1-A,095,1,法學院,FL,財經法律學系,A061,A,大學部,1,A,會計學,3,必,60,60,,0,黃博聞,L02-103,,"2,3, 4",,,,,,"[{""day"": 2, ""dayName"": ""星期二"", ""periods"": [""2"", ""3"", ""4""], ""raw"": ""2,3, 4""}]",,,https://course.nuk.edu.tw/QueryCourse/tcontent.asp?OpenYear=095&Helf=1&Sclass=FL&Cono=A061,2026-08-26T18:02:56+00:00
095-1-FL-A501-A-1-A,095,1,法學院,FL,財經法律學系,A501,A,大學部,1,A,法學緒論,2,選,72,72,,0,呂麗慧,L02-103,,,,"5,6",,,,"[{""day"": 4, ""dayName"": ""星期四"", ""periods"": [""5"", ""6""], ""raw"": ""5,6""}]",外加,,https://course.nuk.edu.tw/QueryCourse/tcontent.asp?OpenYear=095&Helf=1&Sclass=FL&Cono=A501,2026-08-26T18:02:56+00:00
095-1-FL-A191-A-2-A,095,1,法學院,FL,財經法律學系,A191,A,大學部,2,A,行政法(一),3,必,60,52,,8,簡玉聰,L02-103,,,,"7,8, 9",,,,"[{""day"": 4, ""dayName"": ""星期四"", ""periods"": [""7"", ""8"", ""9""], ""raw"": ""7,8, 9""}]",,,https://course.nuk.edu.tw/QueryCourse/tcontent.asp?OpenYear=095&Helf=1&Sclass=FL&Cono=A191,2026-08-26T18:02:56+00:00
095-1-FL-B02A-A-2-A,095,1,法學院,FL,財經法律學系,B02A,A,大學部,2,A,民法物權(二),2,必,60,36,,24,曾千娟,L02-107,,"10,11",,,,,,"[{""day"": 2, ""dayName"": ""星期二"", ""periods"": [""10"", ""11""], ""raw"": ""10,11""}]",,,https://course.nuk.edu.tw/QueryCourse/tcontent.asp?OpenYear=095&Helf=1&Sclass=FL&Cono=B02A,2026-08-26T18:02:56+00:00
095-1-FL-B04A-A-2-A,095,1,法學院,FL,財經法律學系,B04A,A,大學部,2,A,刑法分則(一),2,必,121,120,,1,謝開平,L02-516,,,"3,4",,,,,"[{""day"": 3, ""dayName"": ""星期三"", ""periods"": [""3"", ""4""], ""raw"": ""3,4""}]",外加,與財法系合班上課,https://course.nuk.edu.tw/QueryCourse/tcontent.asp?OpenYear=095&Helf=1&Sclass=FL&Cono=B04A,2026-08-26T18:02:56+00:00
095-1-FL-B11A-A-2-A,095,1,法學院,FL,財經法律學系,B11A,A,大學部,2,A,民法債編總論(二),3,必,180,171,,9,姚志明,L02-202,3,,,"5,6",,,,"[{""day"": 1, ""dayName"": ""星期一"", ""periods"": [""3""], ""raw"": ""3""}, {""day"": 4, ""dayName"": ""星期四"", ""periods"": [""5"", ""6""], ""raw"": ""5,6""}]",,法律、政法、財法三系合班,https://course.nuk.edu.tw/QueryCourse/tcontent.asp?OpenYear=095&Helf=1&Sclass=FL&Cono=B11A,2026-08-26T18:02:56+00:00
095-1-FL-B161-A-2-A,095,1,法學院,FL,財經法律學系,B161,A,大學部,2,A,智慧財產權法,2,必,65,56,,9,周伯翰,L02-407,,"6,7",,,,,,"[{""day"": 2, ""dayName"": ""星期二"", ""periods"": [""6"", ""7""], ""raw"": ""6,7""}]",,,https://course.nuk.edu.tw/QueryCourse/tcontent.asp?OpenYear=095&Helf=1&Sclass=FL&Cono=B161,2026-08-26T18:02:56+00:00
095-1-FL-C02A-A-3-A,095,1,法學院,FL,財經法律學系,C02A,A,大學部,3,A,刑事訴訟法(一),2,必,60,52,,8,劉秉鈞,L02-202,,,,,"5,6, 7,8",,,"[{""day"": 5, ""dayName"": ""星期五"", ""periods"": [""5"", ""6"", ""7"", ""8""], ""raw"": ""5,6, 7,8""}]",,隔週上課,https://course.nuk.edu.tw/QueryCourse/tcontent.asp?OpenYear=095&Helf=1&Sclass=FL&Cono=C02A,2026-08-26T18:02:56+00:00
095-1-FL-C031-A-3-A,095,1,法學院,FL,財經法律學系,C031,A,大學部,3,A,支付及信用工具法(票據法),3,必,60,48,,12,黃清溪,L02-108,,,,"2,3, 4",,,,"[{""day"": 4, ""dayName"": ""星期四"", ""periods"": [""2"", ""3"", ""4""], ""raw"": ""2,3, 4""}]",,,https://course.nuk.edu.tw/QueryCourse/tcontent.asp?OpenYear=095&Helf=1&Sclass=FL&Cono=C031,2026-08-26T18:02:56+00:00
095-1-FL-C041-A-3-A,095,1,法學院,FL,財經法律學系,C041,A,大學部,3,A,保險法,2,必,60,59,,1,饒瑞正,L02-201,,"3,4",,,,,,"[{""day"": 2, ""dayName"": ""星期二"", ""periods"": [""3"", ""4""], ""raw"": ""3,4""}]",,,https://course.nuk.edu.tw/QueryCourse/tcontent.asp?OpenYear=095&Helf=1&Sclass=FL&Cono=C041,2026-08-26T18:02:56+00:00
095-1-FL-C111-A-3-A,095,1,法學院,FL,財經法律學系,C111,A,大學部,3,A,財稅法導論,2,必,65,58,,7,簡玉聰,L02-201,,,,"5,6",,,,"[{""day"": 4, ""dayName"": ""星期四"", ""periods"": [""5"", ""6""], ""raw"": ""5,6""}]",,,https://course.nuk.edu.tw/QueryCourse/tcontent.asp?OpenYear=095&Helf=1&Sclass=FL&Cono=C111,2026-08-26T18:02:56+00:00
095-1-FL-C631-A-3-A,095,1,法學院,FL,財經法律學系,C631,A,大學部,3,A,行政救濟,2,選,60,41,,19,吳行浩,L02-102,,,,"7,8",,,,"[{""day"": 4, ""dayName"": ""星期四"", ""periods"": [""7"", ""8""], ""raw"": ""7,8""}]",,,https://course.nuk.edu.tw/QueryCourse/tcontent.asp?OpenYear=095&Helf=1&Sclass=FL&Cono=C631,2026-08-26T18:02:56+00:00
095-1-FL-C661-A-3-A,095,1,法學院,FL,財經法律學系,C661,A,大學部,3,A,證券交易法,2,選,120,115,,5,姚志明,L02-202,,,"6,7",,,,,"[{""day"": 3, ""dayName"": ""星期三"", ""periods"": [""6"", ""7""], ""raw"": ""6,7""}]",,與財法三合班,https://course.nuk.edu.tw/QueryCourse/tcontent.asp?OpenYear=095&Helf=1&Sclass=FL&Cono=C661,2026-08-26T18:02:56+00:00
095-1-FL-C671-A-3-A,095,1,法學院,FL,財經法律學系,C671,A,大學部,3,A,環境法,2,選,85,84,,1,吳行浩,L02-204,"5,6",,,,,,,"[{""day"": 1, ""dayName"": ""星期一"", ""periods"": [""5"", ""6""], ""raw"": ""5,6""}]",,,https://course.nuk.edu.tw/QueryCourse/tcontent.asp?OpenYear=095&Helf=1&Sclass=FL&Cono=C671,2026-08-26T18:02:56+00:00
095-1-FL-C571-A-4-a,095,1,法學院,FL,財經法律學系,C571,A,大學部,4,a,公司法實例演習,2,選,60,8,,52,黃清溪,L02-201,,,,,"7,8",,,"[{""day"": 5, ""dayName"": ""星期五"", ""periods"": [""7"", ""8""], ""raw"": ""7,8""}]",,,https://course.nuk.edu.tw/QueryCourse/tcontent.asp?OpenYear=095&Helf=1&Sclass=FL&Cono=C571,2026-08-26T18:02:56+00:00
095-1-FL-D511-A-4-a,095,1,法學院,FL,財經法律學系,D511,A,大學部,4,a,國際私法,2,選,60,41,,19,曾千娟,L02-102,,,"5,6",,,,,"[{""day"": 3, ""dayName"": ""星期三"", ""periods"": [""5"", ""6""], ""raw"": ""5,6""}]",,,https://course.nuk.edu.tw/QueryCourse/tcontent.asp?OpenYear=095&Helf=1&Sclass=FL&Cono=D511,2026-08-26T18:02:56+00:00
095-1-FL-D541-A-4-a,095,1,法學院,FL,財經法律學系,D541,A,大學部,4,a,著作權法,2,選,100,46,,54,周伯翰,L02-516,,"3,4",,,,,,"[{""day"": 2, ""dayName"": ""星期二"", ""periods"": [""3"", ""4""], ""raw"": ""3,4""}]",,,https://course.nuk.edu.tw/QueryCourse/tcontent.asp?OpenYear=095&Helf=1&Sclass=FL&Cono=D541,2026-08-26T18:02:56+00:00
095-1-FL-D591-A-4-a,095,1,法學院,FL,財經法律學系,D591,A,大學部,4,a,國際運送法,2,選,60,45,,15,饒瑞正,L02-102,,,"3,4",,,,,"[{""day"": 3, ""dayName"": ""星期三"", ""periods"": [""3"", ""4""], ""raw"": ""3,4""}]",,,https://course.nuk.edu.tw/QueryCourse/tcontent.asp?OpenYear=095&Helf=1&Sclass=FL&Cono=D591,2026-08-26T18:02:56+00:00
095-1-FL-D691-A-4-a,095,1,法學院,FL,財經法律學系,D691,A,大學部,4,a,刑事法專題研究,2,選,60,34,,26,鄭逸哲,L02-201,,,,,"5,6",,,"[{""day"": 5, ""dayName"": ""星期五"", ""periods"": [""5"", ""6""], ""raw"": ""5,6""}]",,"鄭逸哲老師授課.星期五5.6.7.8上課,單週上課",https://course.nuk.edu.tw/QueryCourse/tcontent.asp?OpenYear=095&Helf=1&Sclass=FL&Cono=D691,2026-08-26T18:02:56+00:00
095-1-FL-P01A-F-1-,095,1,法學院,FL,財經法律學系,P01A,F,大學部二年制在職專班,1,,憲法(一),2,必,60,48,,12,簡玉聰,L02-202,,,"12,13",,,,,"[{""day"": 3, ""dayName"": ""星期三"", ""periods"": [""12"", ""13""], ""raw"": ""12,13""}]",,,https://course.nuk.edu.tw/QueryCourse/tcontent.asp?OpenYear=095&Helf=1&Sclass=FL&Cono=P01A,2026-08-26T18:02:56+00:00
095-1-FL-P03A-F-1-,095,1,法學院,FL,財經法律學系,P03A,F,大學部二年制在職專班,1,,刑法總則(一),2,必,121,112,,9,謝開平,L02-202,,,"10,11",,,,,"[{""day"": 3, ""dayName"": ""星期三"", ""periods"": [""10"", ""11""], ""raw"": ""10,11""}]",外加,與財法系合班上課,https://course.nuk.edu.tw/QueryCourse/tcontent.asp?OpenYear=095&Helf=1&Sclass=FL&Cono=P03A,2026-08-26T18:02:56+00:00
095-1-FL-P141-F-1-,095,1,法學院,FL,財經法律學系,P141,F,大學部二年制在職專班,1,,民法總則,4,必,120,101,,19,呂麗慧,L02-204,"12,13","10,11",,,,,,"[{""day"": 1, ""dayName"": ""星期一"", ""periods"": [""12"", ""13""], ""raw"": ""12,13""}, {""day"": 2, ""dayName"": ""星期二"", ""periods"": [""10"", ""11""], ""raw"": ""10,11""}]",,與財法系合班上課,https://course.nuk.edu.tw/QueryCourse/tcontent.asp?OpenYear=095&Helf=1&Sclass=FL&Cono=P141,2026-08-26T18:02:56+00:00
095-1-FL-P501-F-1-,095,1,法學院,FL,財經法律學系,P501,F,大學部二年制在職專班,1,,經濟學,3,選,60,30,,30,許聖章,L02-103,,,,"10,11, 12",,,,"[{""day"": 4, ""dayName"": ""星期四"", ""periods"": [""10"", ""11"", ""12""], ""raw"": ""10,11, 12""}]",,,https://course.nuk.edu.tw/QueryCourse/tcontent.asp?OpenYear=095&Helf=1&Sclass=FL&Cono=P501,2026-08-26T18:02:56+00:00
095-1-FL-P04A-F-2-,095,1,法學院,FL,財經法律學系,P04A,F,大學部二年制在職專班,2,,行政法(一),2,必,60,53,,7,吳行浩,L02-201,"10,11",,,,,,,"[{""day"": 1, ""dayName"": ""星期一"", ""periods"": [""10"", ""11""], ""raw"": ""10,11""}]",,,https://course.nuk.edu.tw/QueryCourse/tcontent.asp?OpenYear=095&Helf=1&Sclass=FL&Cono=P04A,2026-08-26T18:02:56+00:00
095-1-FL-Q02A-F-2-,095,1,法學院,FL,財經法律學系,Q02A,F,大學部二年制在職專班,2,,民法物權(二),2,必,62,56,,6,曾千娟,L02-201,,,,"10,11",,,,"[{""day"": 4, ""dayName"": ""星期四"", ""periods"": [""10"", ""11""], ""raw"": ""10,11""}]",限修,,https://course.nuk.edu.tw/QueryCourse/tcontent.asp?OpenYear=095&Helf=1&Sclass=FL&Cono=Q02A,2026-08-26T18:02:56+00:00
095-1-FL-Q03A-F-2-,095,1,法學院,FL,財經法律學系,Q03A,F,大學部二年制在職專班,2,,刑法分則(一),2,必,75,66,,9,謝開平,L02-204,,,,,"10,11",,,"[{""day"": 5, ""dayName"": ""星期五"", ""periods"": [""10"", ""11""], ""raw"": ""10,11""}]",,與財法系合班上課,https://course.nuk.edu.tw/QueryCourse/tcontent.asp?OpenYear=095&Helf=1&Sclass=FL&Cono=Q03A,2026-08-26T18:02:56+00:00
095-1-FL-Q111-F-2-,095,1,法學院,FL,財經法律學系,Q111,F,大學部二年制在職專班,2,,民法債編總論(二),3,必,150,120,,30,姚志明,L02-202,,,,,,"2,3, 4",,"[{""day"": 6, ""dayName"": ""星期六"", ""periods"": [""2"", ""3"", ""4""], ""raw"": ""2,3, 4""}]",,與財法在職二合班,https://course.nuk.edu.tw/QueryCourse/tcontent.asp?OpenYear=095&Helf=1&Sclass=FL&Cono=Q111,2026-08-26T18:02:56+00:00
095-1-FL-Q141-F-2-,095,1,法學院,FL,財經法律學系,Q141,F,大學部二年制在職專班,2,,民法親屬,2,必,60,45,,15,呂麗慧,L02-101,,,"10,11",,,,,"[{""day"": 3, ""dayName"": ""星期三"", ""periods"": [""10"", ""11""], ""raw"": ""10,11""}]",,呂麗慧老師授課,https://course.nuk.edu.tw/QueryCourse/tcontent.asp?OpenYear=095&Helf=1&Sclass=FL&Cono=Q141,2026-08-26T18:02:56+00:00
095-1-FL-Q511-F-2-,095,1,法學院,FL,財經法律學系,Q511,F,大學部二年制在職專班,2,,信託法,2,選,60,31,,29,曾千娟,L02-201,,"12,13",,,,,,"[{""day"": 2, ""dayName"": ""星期二"", ""periods"": [""12"", ""13""], ""raw"": ""12,13""}]",,,https://course.nuk.edu.tw/QueryCourse/tcontent.asp?OpenYear=095&Helf=1&Sclass=FL&Cono=Q511,2026-08-26T18:02:56+00:00
095-1-FL-R031-F-3-,095,1,法學院,FL,財經法律學系,R031,F,大學部二年制在職專班,3,,經貿法導論,2,必,60,58,,2,饒瑞正,L02-407,"12,13",,,,,,,"[{""day"": 1, ""dayName"": ""星期一"", ""periods"": [""12"", ""13""], ""raw"": ""12,13""}]",,,https://course.nuk.edu.tw/QueryCourse/tcontent.asp?OpenYear=095&Helf=1&Sclass=FL&Cono=R031,2026-08-26T18:02:56+00:00
095-1-FL-R091-F-3-,095,1,法學院,FL,財經法律學系,R091,F,大學部二年制在職專班,3,,保險法,2,必,120,95,,25,饒瑞正,L02-202,,"12,13",,,,,,"[{""day"": 2, ""dayName"": ""星期二"", ""periods"": [""12"", ""13""], ""raw"": ""12,13""}]",,與財法合班,https://course.nuk.edu.tw/QueryCourse/tcontent.asp?OpenYear=095&Helf=1&Sclass=FL&Cono=R091,2026-08-26T18:02:56+00:00
095-1-FL-R101-F-3-,095,1,法學院,FL,財經法律學系,R101,F,大學部二年制在職專班,3,,海商法,2,必,100,83,,17,饒瑞正,L02-204,"10,11",,,,,,,"[{""day"": 1, ""dayName"": ""星期一"", ""periods"": [""10"", ""11""], ""raw"": ""10,11""}]",,,https://course.nuk.edu.tw/QueryCourse/tcontent.asp?OpenYear=095&Helf=1&Sclass=FL&Cono=R101,2026-08-26T18:02:56+00:00
095-1-FL-R111-F-3-,095,1,法學院,FL,財經法律學系,R111,F,大學部二年制在職專班,3,,智慧財產權法,2,選,80,68,,12,周伯翰,L02-201,,"10,11",,,,,,"[{""day"": 2, ""dayName"": ""星期二"", ""periods"": [""10"", ""11""], ""raw"": ""10,11""}]",,,https://course.nuk.edu.tw/QueryCourse/tcontent.asp?OpenYear=095&Helf=1&Sclass=FL&Cono=R111,2026-08-26T18:02:56+00:00
095-1-FL-R121-F-3-,095,1,法學院,FL,財經法律學系,R121,F,大學部二年制在職專班,3,,民法債編各論(二),2,必,60,29,,31,曾千娟,L02-107,,,"10,11",,,,,"[{""day"": 3, ""dayName"": ""星期三"", ""periods"": [""10"", ""11""], ""raw"": ""10,11""}]",,,https://course.nuk.edu.tw/QueryCourse/tcontent.asp?OpenYear=095&Helf=1&Sclass=FL&Cono=R121,2026-08-26T18:02:56+00:00
095-1-FL-R511-F-3-,095,1,法學院,FL,財經法律學系,R511,F,大學部二年制在職專班,3,,民事審判實務,2,選,65,57,,8,林瑞成,L02-107,,,"12,13",,,,,"[{""day"": 3, ""dayName"": ""星期三"", ""periods"": [""12"", ""13""], ""raw"": ""12,13""}]",限修,,https://course.nuk.edu.tw/QueryCourse/tcontent.asp?OpenYear=095&Helf=1&Sclass=FL&Cono=R511,2026-08-26T18:02:56+00:00
095-1-GL-A011-A-1-A,095,1,法學院,GL,政治法律學系,A011,A,大學部,1,A,政治學,3,必,70,58,,12,姚朝森,L02-516,"2,3, 4",,,,,,,"[{""day"": 1, ""dayName"": ""星期一"", ""periods"": [""2"", ""3"", ""4""], ""raw"": ""2,3, 4""}]",,,https://course.nuk.edu.tw/QueryCourse/tcontent.asp?OpenYear=095&Helf=1&Sclass=GL&Cono=A011,2026-08-26T18:02:56+00:00
095-1-GL-A021-A-1-A,095,1,法學院,GL,政治法律學系,A021,A,大學部,1,A,行政學,2,必,60,58,,2,楊戊龍,L02-101,,"3,4",,,,,,"[{""day"": 2, ""dayName"": ""星期二"", ""periods"": [""3"", ""4""], ""raw"": ""3,4""}]",,,https://course.nuk.edu.tw/QueryCourse/tcontent.asp?OpenYear=095&Helf=1&Sclass=GL&Cono=A021,2026-08-26T18:02:56+00:00
095-1-GL-A03A-A-1-A,095,1,法學院,GL,政治法律學系,A03A,A,大學部,1,A,憲法(一),2,必,80,67,,13,李俊增,L02-516,,,,,"1,2",,,"[{""day"": 5, ""dayName"": ""星期五"", ""periods"": [""1"", ""2""], ""raw"": ""1,2""}]",,,https://course.nuk.edu.tw/QueryCourse/tcontent.asp?OpenYear=095&Helf=1&Sclass=GL&Cono=A03A,2026-08-26T18:02:56+00:00
095-1-GL-A111-A-1-A,095,1,法學院,GL,政治法律學系,A111,A,大學部,1,A,刑法總則(一),2,必,90,80,,10,謝開平,L02-204,,,,,,"3,4",,"[{""day"": 6, ""dayName"": ""星期六"", ""periods"": [""3"", ""4""], ""raw"": ""3,4""}]",,,https://course.nuk.edu.tw/QueryCourse/tcontent.asp?OpenYear=095&Helf=1&Sclass=GL&Cono=A111,2026-08-26T18:02:56+00:00
095-1-GL-A571-A-1-A,095,1,法學院,GL,政治法律學系,A571,A,大學部,1,A,法學緒論,2,選,65,58,,7,李俊增,L02-106,,"5,6",,,,,,"[{""day"": 2, ""dayName"": ""星期二"", ""periods"": [""5"", ""6""], ""raw"": ""5,6""}]",,,https://course.nuk.edu.tw/QueryCourse/tcontent.asp?OpenYear=095&Helf=1&Sclass=GL&Cono=A571,2026-08-26T18:02:56+00:00
095-1-GL-B01A-A-2-A,095,1,法學院,GL,政治法律學系,B01A,A,大學部,2,A,行政法總論(一),2,必,67,64,,3,詹鎮榮,L02-407,,,,"7,8",,,,"[{""day"": 4, ""dayName"": ""星期四"", ""periods"": [""7"", ""8""], ""raw"": ""7,8""}]",外加,,https://course.nuk.edu.tw/QueryCourse/tcontent.asp?OpenYear=095&Helf=1&Sclass=GL&Cono=B01A,2026-08-26T18:02:56+00:00
095-1-GL-B02A-A-2-A,095,1,法學院,GL,政治法律學系,B02A,A,大學部,2,A,比較政府(一),2,必,60,60,,0,陳文生,L02-407,,,,"3,4",,,,"[{""day"": 4, ""dayName"": ""星期四"", ""periods"": [""3"", ""4""], ""raw"": ""3,4""}]",,,https://course.nuk.edu.tw/QueryCourse/tcontent.asp?OpenYear=095&Helf=1&Sclass=GL&Cono=B02A,2026-08-26T18:02:56+00:00
095-1-GL-B06A-A-2-A,095,1,法學院,GL,政治法律學系,B06A,A,大學部,2,A,民法物權(一),2,必,65,62,,3,謝志鵬,L02-102,,"3,4",,,,,,"[{""day"": 2, ""dayName"": ""星期二"", ""periods"": [""3"", ""4""], ""raw"": ""3,4""}]",,,https://course.nuk.edu.tw/QueryCourse/tcontent.asp?OpenYear=095&Helf=1&Sclass=GL&Cono=B06A,2026-08-26T18:02:56+00:00
095-1-GL-C04A-A-3-A,095,1,法學院,GL,政治法律學系,C04A,A,大學部,3,A,民事訴訟法(一),2,必,62,18,,44,賴恆盈,L02-102,,"5,6",,,,,,"[{""day"": 2, ""dayName"": ""星期二"", ""periods"": [""5"", ""6""], ""raw"": ""5,6""}]",,"與刑事訴訟法(一)二選一,計二學分/民事訴訟法(一)擋修民事訴訟法(二)",https://course.nuk.edu.tw/QueryCourse/tcontent.asp?OpenYear=095&Helf=1&Sclass=GL&Cono=C04A,2026-08-26T18:02:56+00:00
095-1-GL-C05A-A-3-A,095,1,法學院,GL,政治法律學系,C05A,A,大學部,3,A,刑事訴訟法(一),2,必,71,66,,5,黃翰義,L02-516,"10,11",,,,,,,"[{""day"": 1, ""dayName"": ""星期一"", ""periods"": [""10"", ""11""], ""raw"": ""10,11""}]",,"與民事訴訟法(一)二選一,計二學分",https://course.nuk.edu.tw/QueryCourse/tcontent.asp?OpenYear=095&Helf=1&Sclass=GL&Cono=C05A,2026-08-26T18:02:56+00:00
095-1-GL-C091-A-3-A,095,1,法學院,GL,政治法律學系,C091,A,大學部,3,A,國際公法,2,必,60,52,,8,葉錦鴻,L02-202,,,,"7,8",,,,"[{""day"": 4, ""dayName"": ""星期四"", ""periods"": [""7"", ""8""], ""raw"": ""7,8""}]",,,https://course.nuk.edu.tw/QueryCourse/tcontent.asp?OpenYear=095&Helf=1&Sclass=GL&Cono=C091,2026-08-26T18:02:56+00:00
095-1-GL-C111-A-3-A,095,1,法學院,GL,政治法律學系,C111,A,大學部,3,A,地方政府與政治,2,必,60,18,,42,楊戊龍 黃錦堂,L02-101,,,"3,4",,,,,"[{""day"": 3, ""dayName"": ""星期三"", ""periods"": [""3"", ""4""], ""raw"": ""3,4""}]",,"與地方制度法二選一,計二學分",https://course.nuk.edu.tw/QueryCourse/tcontent.asp?OpenYear=095&Helf=1&Sclass=GL&Cono=C111,2026-08-26T18:02:56+00:00
095-1-GL-C121-A-3-A,095,1,法學院,GL,政治法律學系,C121,A,大學部,3,A,地方制度法,2,必,60,43,,17,詹鎮榮,L02-407,,,,,"7,8",,,"[{""day"": 5, ""dayName"": ""星期五"", ""periods"": [""7"", ""8""], ""raw"": ""7,8""}]",,與地方政府與政治二選一，計二學分,https://course.nuk.edu.tw/QueryCourse/tcontent.asp?OpenYear=095&Helf=1&Sclass=GL&Cono=C121,2026-08-26T18:02:56+00:00
095-1-GL-C13A-A-3-A,095,1,法學院,GL,政治法律學系,C13A,A,大學部,3,A,各國人事制度(一),2,必,61,58,,3,楊戊龍,L02-201,,"1,2",,,,,,"[{""day"": 2, ""dayName"": ""星期二"", ""periods"": [""1"", ""2""], ""raw"": ""1,2""}]",限修,,https://course.nuk.edu.tw/QueryCourse/tcontent.asp?OpenYear=095&Helf=1&Sclass=GL&Cono=C13A,2026-08-26T18:02:56+00:00
095-1-GL-C14A-A-3-A,095,1,法學院,GL,政治法律學系,C14A,A,大學部,3,A,比較政治(一),2,必,60,50,,10,廖光生,L02-103,,,,"3,4",,,,"[{""day"": 4, ""dayName"": ""星期四"", ""periods"": [""3"", ""4""], ""raw"": ""3,4""}]",,,https://course.nuk.edu.tw/QueryCourse/tcontent.asp?OpenYear=095&Helf=1&Sclass=GL&Cono=C14A,2026-08-26T18:02:56+00:00
095-1-GL-C17A-A-3-A,095,1,法學院,GL,政治法律學系,C17A,A,大學部,3,A,行政訴訟法(一),2,必,60,55,,5,賴恆盈,L02-101,,,"5,6",,,,,"[{""day"": 3, ""dayName"": ""星期三"", ""periods"": [""5"", ""6""], ""raw"": ""5,6""}]",先修,行政訴訟法(一)擋修行政訴訟法(二),https://course.nuk.edu.tw/QueryCourse/tcontent.asp?OpenYear=095&Helf=1&Sclass=GL&Cono=C17A,2026-08-26T18:02:56+00:00
095-1-GL-C621-A-3-A,095,1,法學院,GL,政治法律學系,C621,A,大學部,3,A,國際現勢,2,選,101,83,,18,陳文生,L02-202,"7,8",,,,,,,"[{""day"": 1, ""dayName"": ""星期一"", ""periods"": [""7"", ""8""], ""raw"": ""7,8""}]",,,https://course.nuk.edu.tw/QueryCourse/tcontent.asp?OpenYear=095&Helf=1&Sclass=GL&Cono=C621,2026-08-26T18:02:56+00:00
095-1-GL-D511-A-4-a,095,1,法學院,GL,政治法律學系,D511,A,大學部,4,a,政治經濟學,2,必,60,43,,17,楊鈞池,L02-103,,,"3,4",,,,,"[{""day"": 3, ""dayName"": ""星期三"", ""periods"": [""3"", ""4""], ""raw"": ""3,4""}]",,"與法律政策學 二選一,計二學分",https://course.nuk.edu.tw/QueryCourse/tcontent.asp?OpenYear=095&Helf=1&Sclass=GL&Cono=D511,2026-08-26T18:02:56+00:00
095-1-GL-D631-A-4-a,095,1,法學院,GL,政治法律學系,D631,A,大學部,4,a,政府文書,2,選,26,22,,4,楊戊龍,L02-301,,"10,11",,,,,,"[{""day"": 2, ""dayName"": ""星期二"", ""periods"": [""10"", ""11""], ""raw"": ""10,11""}]",限修,限大三大四選修,https://course.nuk.edu.tw/QueryCourse/tcontent.asp?OpenYear=095&Helf=1&Sclass=GL&Cono=D631,2026-08-26T18:02:56+00:00
095-1-GL-D641-A-4-a,095,1,法學院,GL,政治法律學系,D641,A,大學部,4,a,法律政策學,2,必,60,32,,28,廖義銘,L02-103,,,,,"3,4",,,"[{""day"": 5, ""dayName"": ""星期五"", ""periods"": [""3"", ""4""], ""raw"": ""3,4""}]",,與政治經濟學二選一，計二學分,https://course.nuk.edu.tw/QueryCourse/tcontent.asp?OpenYear=095&Helf=1&Sclass=GL&Cono=D641,2026-08-26T18:02:56+00:00
095-1-GL-P02A-F-1-,095,1,法學院,GL,政治法律學系,P02A,F,大學部二年制在職專班,1,,行政學(一),2,必,60,45,,15,廖義銘,L02-107,,,,"10,11",,,,"[{""day"": 4, ""dayName"": ""星期四"", ""periods"": [""10"", ""11""], ""raw"": ""10,11""}]",,,https://course.nuk.edu.tw/QueryCourse/tcontent.asp?OpenYear=095&Helf=1&Sclass=GL&Cono=P02A,2026-08-26T18:02:56+00:00
095-1-GL-P061-F-1-,095,1,法學院,GL,政治法律學系,P061,F,大學部二年制在職專班,1,,法學緒論,2,必,60,53,,7,李俊增,L02-407,,"12,13",,,,,,"[{""day"": 2, ""dayName"": ""星期二"", ""periods"": [""12"", ""13""], ""raw"": ""12,13""}]",,,https://course.nuk.edu.tw/QueryCourse/tcontent.asp?OpenYear=095&Helf=1&Sclass=GL&Cono=P061,2026-08-26T18:02:56+00:00
095-1-GL-P071-F-1-,095,1,法學院,GL,政治法律學系,P071,F,大學部二年制在職專班,1,,政治學(一),2,必,60,44,,16,姚朝森,L02-105,"10,11",,,,,,,"[{""day"": 1, ""dayName"": ""星期一"", ""periods"": [""10"", ""11""], ""raw"": ""10,11""}]",,,https://course.nuk.edu.tw/QueryCourse/tcontent.asp?OpenYear=095&Helf=1&Sclass=GL&Cono=P071,2026-08-26T18:02:56+00:00
095-1-GL-P091-F-1-,095,1,法學院,GL,政治法律學系,P091,F,大學部二年制在職專班,1,,憲法(一),2,必,64,54,,10,詹鎮榮,L02-201,,,,"12,13",,,,"[{""day"": 4, ""dayName"": ""星期四"", ""periods"": [""12"", ""13""], ""raw"": ""12,13""}]",外加,,https://course.nuk.edu.tw/QueryCourse/tcontent.asp?OpenYear=095&Helf=1&Sclass=GL&Cono=P091,2026-08-26T18:02:56+00:00
095-1-GL-P561-F-1-,095,1,法學院,GL,政治法律學系,P561,F,大學部二年制在職專班,1,,兩岸政治發展,2,選,60,28,,32,廖光生,L02-103,,,"12,13",,,,,"[{""day"": 3, ""dayName"": ""星期三"", ""periods"": [""12"", ""13""], ""raw"": ""12,13""}]",,,https://course.nuk.edu.tw/QueryCourse/tcontent.asp?OpenYear=095&Helf=1&Sclass=GL&Cono=P561,2026-08-26T18:02:56+00:00
095-1-GL-P531-F-2-,095,1,法學院,GL,政治法律學系,P531,F,大學部二年制在職專班,2,,比較政府,2,選,60,8,,52,陳文生,L02-306,,,,"10,11",,,,"[{""day"": 4, ""dayName"": ""星期四"", ""periods"": [""10"", ""11""], ""raw"": ""10,11""}]",,,https://course.nuk.edu.tw/QueryCourse/tcontent.asp?OpenYear=095&Helf=1&Sclass=GL&Cono=P531,2026-08-26T18:02:56+00:00
095-1-GL-Q01A-F-2-,095,1,法學院,GL,政治法律學系,Q01A,F,大學部二年制在職專班,2,,民法債編(一),2,必,60,21,,39,簡色嬌,L02-201,,,"10,11",,,,,"[{""day"": 3, ""dayName"": ""星期三"", ""periods"": [""10"", ""11""], ""raw"": ""10,11""}]",,,https://course.nuk.edu.tw/QueryCourse/tcontent.asp?OpenYear=095&Helf=1&Sclass=GL&Cono=Q01A,2026-08-26T18:02:56+00:00
095-1-GL-Q04A-F-2-,095,1,法學院,GL,政治法律學系,Q04A,F,大學部二年制在職專班,2,,行政法總論(一),2,必,60,26,,34,李俊增,L02-106,"10,11",,,,,,,"[{""day"": 1, ""dayName"": ""星期一"", ""periods"": [""10"", ""11""], ""raw"": ""10,11""}]",,,https://course.nuk.edu.tw/QueryCourse/tcontent.asp?OpenYear=095&Helf=1&Sclass=GL&Cono=Q04A,2026-08-26T18:02:56+00:00
095-1-GL-Q051-F-2-,095,1,法學院,GL,政治法律學系,Q051,F,大學部二年制在職專班,2,,公共政策,2,必,60,28,,32,楊鈞池,L02-201,,,"12,13",,,,,"[{""day"": 3, ""dayName"": ""星期三"", ""periods"": [""12"", ""13""], ""raw"": ""12,13""}]",,,https://course.nuk.edu.tw/QueryCourse/tcontent.asp?OpenYear=095&Helf=1&Sclass=GL&Cono=Q051,2026-08-26T18:02:56+00:00
095-1-GL-Q07A-F-2-,095,1,法學院,GL,政治法律學系,Q07A,F,大學部二年制在職專班,2,,民法物權(一),2,必,120,71,,49,謝志鵬,L02-202,,"10,11",,,,,,"[{""day"": 2, ""dayName"": ""星期二"", ""periods"": [""10"", ""11""], ""raw"": ""10,11""}]",,與法律系合班上課,https://course.nuk.edu.tw/QueryCourse/tcontent.asp?OpenYear=095&Helf=1&Sclass=GL&Cono=Q07A,2026-08-26T18:02:56+00:00
095-1-GL-Q151-F-2-,095,1,法學院,GL,政治法律學系,Q151,F,大學部二年制在職專班,2,,立法論,2,必,60,27,,33,廖義銘,L02-105,,,,"12,13",,,,"[{""day"": 4, ""dayName"": ""星期四"", ""periods"": [""12"", ""13""], ""raw"": ""12,13""}]",,,https://course.nuk.edu.tw/QueryCourse/tcontent.asp?OpenYear=095&Helf=1&Sclass=GL&Cono=Q151,2026-08-26T18:02:56+00:00
095-1-GL-Q551-F-2-,095,1,法學院,GL,政治法律學系,Q551,F,大學部二年制在職專班,2,,刑法案例演習,2,選,80,72,,8,黃翰義,L02-516,"12,13",,,,,,,"[{""day"": 1, ""dayName"": ""星期一"", ""periods"": [""12"", ""13""], ""raw"": ""12,13""}]",,,https://course.nuk.edu.tw/QueryCourse/tcontent.asp?OpenYear=095&Helf=1&Sclass=GL&Cono=Q551,2026-08-26T18:02:56+00:00
095-1-GL-R011-F-3-,095,1,法學院,GL,政治法律學系,R011,F,大學部二年制在職專班,3,,台灣政治發展,2,必,60,48,,12,楊鈞池,L02-103,,"12,13",,,,,,"[{""day"": 2, ""dayName"": ""星期二"", ""periods"": [""12"", ""13""], ""raw"": ""12,13""}]",,,https://course.nuk.edu.tw/QueryCourse/tcontent.asp?OpenYear=095&Helf=1&Sclass=GL&Cono=R011,2026-08-26T18:02:56+00:00
095-1-GL-R02A-F-3-,095,1,法學院,GL,政治法律學系,R02A,F,大學部二年制在職專班,3,,民事訴訟法(一),2,必,60,34,,26,賴恆盈,L02-105,,"10,11",,,,,,"[{""day"": 2, ""dayName"": ""星期二"", ""periods"": [""10"", ""11""], ""raw"": ""10,11""}]",,民事訴訟法(一)擋修民事訴訟法(二),https://course.nuk.edu.tw/QueryCourse/tcontent.asp?OpenYear=095&Helf=1&Sclass=GL&Cono=R02A,2026-08-26T18:02:56+00:00
095-1-GL-R041-F-3-,095,1,法學院,GL,政治法律學系,R041,F,大學部二年制在職專班,3,,地方制度法,2,必,60,48,,12,詹鎮榮,L02-103,,,,,"10,11",,,"[{""day"": 5, ""dayName"": ""星期五"", ""periods"": [""10"", ""11""], ""raw"": ""10,11""}]",,,https://course.nuk.edu.tw/QueryCourse/tcontent.asp?OpenYear=095&Helf=1&Sclass=GL&Cono=R041,2026-08-26T18:02:56+00:00
095-1-GL-R091-F-3-,095,1,法學院,GL,政治法律學系,R091,F,大學部二年制在職專班,3,,刑事訴訟法（一）,2,必,120,57,,63,彭南雄,L02-202,,,,"12,13",,,,"[{""day"": 4, ""dayName"": ""星期四"", ""periods"": [""12"", ""13""], ""raw"": ""12,13""}]",,與財法系合班上課,https://course.nuk.edu.tw/QueryCourse/tcontent.asp?OpenYear=095&Helf=1&Sclass=GL&Cono=R091,2026-08-26T18:02:56+00:00
095-1-GL-R141-F-3-,095,1,法學院,GL,政治法律學系,R141,F,大學部二年制在職專班,3,,行政程序之法制與實用(一),2,必,60,56,,4,李俊增,L02-106,"12,13",,,,,,,"[{""day"": 1, ""dayName"": ""星期一"", ""periods"": [""12"", ""13""], ""raw"": ""12,13""}]",先修,,https://course.nuk.edu.tw/QueryCourse/tcontent.asp?OpenYear=095&Helf=1&Sclass=GL&Cono=R141,2026-08-26T18:02:56+00:00
095-1-GL-R151-F-3-,095,1,法學院,GL,政治法律學系,R151,F,大學部二年制在職專班,3,,行政救濟法,3,必,60,52,,8,賴恆盈,L02-407,,,"10,11, 12",,,,,"[{""day"": 3, ""dayName"": ""星期三"", ""periods"": [""10"", ""11"", ""12""], ""raw"": ""10,11, 12""}]",,,https://course.nuk.edu.tw/QueryCourse/tcontent.asp?OpenYear=095&Helf=1&Sclass=GL&Cono=R151,2026-08-26T18:02:56+00:00
095-1-GL-R551-F-3-,095,1,法學院,GL,政治法律學系,R551,F,大學部二年制在職專班,3,,公共管理,2,選,60,17,,43,楊戊龍,L02-306,"10,11",,,,,,,"[{""day"": 1, ""dayName"": ""星期一"", ""periods"": [""10"", ""11""], ""raw"": ""10,11""}]",,,https://course.nuk.edu.tw/QueryCourse/tcontent.asp?OpenYear=095&Helf=1&Sclass=GL&Cono=R551,2026-08-26T18:02:56+00:00
095-1-GL-F011-M-1-,095,1,法學院,GL,政治法律學系,F011,M,碩士班,1,,國際公法與國際組織專題研究,2,必,20,12,,8,葉錦鴻,L02-306,,,,"5,6",,,,"[{""day"": 4, ""dayName"": ""星期四"", ""periods"": [""5"", ""6""], ""raw"": ""5,6""}]",,,https://course.nuk.edu.tw/QueryCourse/tcontent.asp?OpenYear=095&Helf=1&Sclass=GL&Cono=F011,2026-08-26T18:02:56+00:00
095-1-GL-F101-M-1-,095,1,法學院,GL,政治法律學系,F101,M,碩士班,1,,公共政策專題研究,2,必,20,7,,13,楊鈞池,L02-306,,,,"3,4",,,,"[{""day"": 4, ""dayName"": ""星期四"", ""periods"": [""3"", ""4""], ""raw"": ""3,4""}]",,,https://course.nuk.edu.tw/QueryCourse/tcontent.asp?OpenYear=095&Helf=1&Sclass=GL&Cono=F101,2026-08-26T18:02:56+00:00
095-1-GL-F102-M-1-,095,1,法學院,GL,政治法律學系,F102,M,碩士班,1,,憲法學專題研究,2,必,20,8,,12,李俊增,L02-306,"5,6",,,,,,,"[{""day"": 1, ""dayName"": ""星期一"", ""periods"": [""5"", ""6""], ""raw"": ""5,6""}]",,,https://course.nuk.edu.tw/QueryCourse/tcontent.asp?OpenYear=095&Helf=1&Sclass=GL&Cono=F102,2026-08-26T18:02:56+00:00
095-1-GL-F501-M-1-,095,1,法學院,GL,政治法律學系,F501,M,碩士班,1,,行政爭訟法專題研究,2,選,20,5,,15,賴恆盈,L02-402,,,"7,8",,,,,"[{""day"": 3, ""dayName"": ""星期三"", ""periods"": [""7"", ""8""], ""raw"": ""7,8""}]",,,https://course.nuk.edu.tw/QueryCourse/tcontent.asp?OpenYear=095&Helf=1&Sclass=GL&Cono=F501,2026-08-26T18:02:56+00:00
095-1-GL-F561-M-1-,095,1,法學院,GL,政治法律學系,F561,M,碩士班,1,,國際政治專題研究,2,選,20,6,,14,陳文生,L02-306,,"3,4",,,,,,"[{""day"": 2, ""dayName"": ""星期二"", ""periods"": [""3"", ""4""], ""raw"": ""3,4""}]",,,https://course.nuk.edu.tw/QueryCourse/tcontent.asp?OpenYear=095&Helf=1&Sclass=GL&Cono=F561,2026-08-26T18:02:56+00:00
095-1-GL-F691-M-1-,095,1,法學院,GL,政治法律學系,F691,M,碩士班,1,,當代政治理論專題研究,2,選,21,1,,20,姚朝森,L02-407,,"9,10",,,,,,"[{""day"": 2, ""dayName"": ""星期二"", ""periods"": [""9"", ""10""], ""raw"": ""9,10""}]",,,https://course.nuk.edu.tw/QueryCourse/tcontent.asp?OpenYear=095&Helf=1&Sclass=GL&Cono=F691,2026-08-26T18:02:56+00:00
095-1-GL-F701-M-1-,095,1,法學院,GL,政治法律學系,F701,M,碩士班,1,,比較憲法專題研究,2,選,15,6,,9,詹鎮榮,L02-306,,,"7,8",,,,,"[{""day"": 3, ""dayName"": ""星期三"", ""periods"": [""7"", ""8""], ""raw"": ""7,8""}]",,,https://course.nuk.edu.tw/QueryCourse/tcontent.asp?OpenYear=095&Helf=1&Sclass=GL&Cono=F701,2026-08-26T18:02:56+00:00
095-1-GL-F711-M-1-,095,1,法學院,GL,政治法律學系,F711,M,碩士班,1,,地方政府與政治專題研究,2,選,20,12,,8,楊戊龍 黃錦堂,L02-306,,,"5,6",,,,,"[{""day"": 3, ""dayName"": ""星期三"", ""periods"": [""5"", ""6""], ""raw"": ""5,6""}]",,開放大四選修,https://course.nuk.edu.tw/QueryCourse/tcontent.asp?OpenYear=095&Helf=1&Sclass=GL&Cono=F711,2026-08-26T18:02:56+00:00
095-1-GL-F721-M-1-,095,1,法學院,GL,政治法律學系,F721,M,碩士班,1,,當代政治問題研究,2,選,20,5,,15,廖光生,L02-306,,,"3,4",,,,,"[{""day"": 3, ""dayName"": ""星期三"", ""periods"": [""3"", ""4""], ""raw"": ""3,4""}]",,英文授課,https://course.nuk.edu.tw/QueryCourse/tcontent.asp?OpenYear=095&Helf=1&Sclass=GL&Cono=F721,2026-08-26T18:02:56+00:00
095-1-GL-F731-M-1-,095,1,法學院,GL,政治法律學系,F731,M,碩士班,1,,國際關係專題研究,2,選,20,3,,17,廖光生,L02-306,,,,"7,8",,,,"[{""day"": 4, ""dayName"": ""星期四"", ""periods"": [""7"", ""8""], ""raw"": ""7,8""}]",,英文授課,https://course.nuk.edu.tw/QueryCourse/tcontent.asp?OpenYear=095&Helf=1&Sclass=GL&Cono=F731,2026-08-26T18:02:56+00:00
095-1-GL-F741-M-1-,095,1,法學院,GL,政治法律學系,F741,M,碩士班,1,,當代治理理論專題研究,2,選,20,4,,16,廖義銘,L02-306,,"10,11",,,,,,"[{""day"": 2, ""dayName"": ""星期二"", ""periods"": [""10"", ""11""], ""raw"": ""10,11""}]",,,https://course.nuk.edu.tw/QueryCourse/tcontent.asp?OpenYear=095&Helf=1&Sclass=GL&Cono=F741,2026-08-26T18:02:56+00:00
095-1-LA-A011-A-1-A,095,1,法學院,LA,法律學系,A011,A,大學部,1,A,民法總則,4,必,200,178,,22,張鈺光,L02-202,,,"3,4","3,4",,,,"[{""day"": 3, ""dayName"": ""星期三"", ""periods"": [""3"", ""4""], ""raw"": ""3,4""}, {""day"": 4, ""dayName"": ""星期四"", ""periods"": [""3"", ""4""], ""raw"": ""3,4""}]",,法律(1)與政法（1）、財法（1）合班上課,https://course.nuk.edu.tw/QueryCourse/tcontent.asp?OpenYear=095&Helf=1&Sclass=LA&Cono=A011,2026-08-26T18:02:56+00:00
095-1-LA-A031-A-1-A,095,1,法學院,LA,法律學系,A031,A,大學部,1,A,政治學,2,必,80,72,,8,姚朝森,L02-204,,"5,6",,,,,,"[{""day"": 2, ""dayName"": ""星期二"", ""periods"": [""5"", ""6""], ""raw"": ""5,6""}]",,社會學停開、政治學與經濟學必修,https://course.nuk.edu.tw/QueryCourse/tcontent.asp?OpenYear=095&Helf=1&Sclass=LA&Cono=A031,2026-08-26T18:02:56+00:00
095-1-LA-A061-A-1-A,095,1,法學院,LA,法律學系,A061,A,大學部,1,A,經濟學,2,必,74,68,,6,蔡宗秀,L02-407,,"3,4",,,,,,"[{""day"": 2, ""dayName"": ""星期二"", ""periods"": [""3"", ""4""], ""raw"": ""3,4""}]",外加,社會學停開、政治學與經濟學必修,https://course.nuk.edu.tw/QueryCourse/tcontent.asp?OpenYear=095&Helf=1&Sclass=LA&Cono=A061,2026-08-26T18:02:56+00:00
095-1-LA-A09A-A-1-A,095,1,法學院,LA,法律學系,A09A,A,大學部,1,A,憲法(一),2,必,73,71,,2,林超駿,L02-101,,,,"5,6",,,,"[{""day"": 4, ""dayName"": ""星期四"", ""periods"": [""5"", ""6""], ""raw"": ""5,6""}]",外加,,https://course.nuk.edu.tw/QueryCourse/tcontent.asp?OpenYear=095&Helf=1&Sclass=LA&Cono=A09A,2026-08-26T18:02:56+00:00
095-1-LA-A501-A-1-A,095,1,法學院,LA,法律學系,A501,A,大學部,1,A,法學緒論,2,選,65,64,,1,謝志鵬,L02-101,"3,4",,,,,,,"[{""day"": 1, ""dayName"": ""星期一"", ""periods"": [""3"", ""4""], ""raw"": ""3,4""}]",,,https://course.nuk.edu.tw/QueryCourse/tcontent.asp?OpenYear=095&Helf=1&Sclass=LA&Cono=A501,2026-08-26T18:02:56+00:00
095-1-LA-A521-A-1-A,095,1,法學院,LA,法律學系,A521,A,大學部,1,A,法院組織法,2,選,150,149,,1,彭南雄,L02-202,"11,12",,,,,,,"[{""day"": 1, ""dayName"": ""星期一"", ""periods"": [""11"", ""12""], ""raw"": ""11,12""}]",,與財法（1）合班上課,https://course.nuk.edu.tw/QueryCourse/tcontent.asp?OpenYear=095&Helf=1&Sclass=LA&Cono=A521,2026-08-26T18:02:56+00:00
095-1-LA-B011-A-2-A,095,1,法學院,LA,法律學系,B011,A,大學部,2,A,刑法總則(二),3,必,82,82,,0,黃常仁,L02-516,,,,"2,3, 4",,,,"[{""day"": 4, ""dayName"": ""星期四"", ""periods"": [""2"", ""3"", ""4""], ""raw"": ""2,3, 4""}]",限修,,https://course.nuk.edu.tw/QueryCourse/tcontent.asp?OpenYear=095&Helf=1&Sclass=LA&Cono=B011,2026-08-26T18:02:56+00:00
095-1-LA-B041-A-2-A,095,1,法學院,LA,法律學系,B041,A,大學部,2,A,民法親屬,2,必,120,117,,3,呂麗慧,L02-202,,"3,4",,,,,,"[{""day"": 2, ""dayName"": ""星期二"", ""periods"": [""3"", ""4""], ""raw"": ""3,4""}]",,呂麗慧老師授課 與財法（2）合班,https://course.nuk.edu.tw/QueryCourse/tcontent.asp?OpenYear=095&Helf=1&Sclass=LA&Cono=B041,2026-08-26T18:02:56+00:00
095-1-LA-B05A-A-2-A,095,1,法學院,LA,法律學系,B05A,A,大學部,2,A,日文(一),2,必,120,115,,5,簡玉聰,L02-516,,"6,7",,,,,,"[{""day"": 2, ""dayName"": ""星期二"", ""periods"": [""6"", ""7""], ""raw"": ""6,7""}]",,,https://course.nuk.edu.tw/QueryCourse/tcontent.asp?OpenYear=095&Helf=1&Sclass=LA&Cono=B05A,2026-08-26T18:02:56+00:00
095-1-LA-B131-A-2-A,095,1,法學院,LA,法律學系,B131,A,大學部,2,A,行政法(二),3,必,62,59,,3,紀振清,L02-201,,,"3,4","7,8",,,,"[{""day"": 3, ""dayName"": ""星期三"", ""periods"": [""3"", ""4""], ""raw"": ""3,4""}, {""day"": 4, ""dayName"": ""星期四"", ""periods"": [""7"", ""8""], ""raw"": ""7,8""}]",,星期四7，8為隔週上課,https://course.nuk.edu.tw/QueryCourse/tcontent.asp?OpenYear=095&Helf=1&Sclass=LA&Cono=B131,2026-08-26T18:02:56+00:00
095-1-LA-C001-A-3-A,095,1,法學院,LA,法律學系,C001,A,大學部,3,A,刑法分則(二),2,必,100,99,,1,黃常仁,L02-202,,,"1,2",,,,,"[{""day"": 3, ""dayName"": ""星期三"", ""periods"": [""1"", ""2""], ""raw"": ""1,2""}]",限修,,https://course.nuk.edu.tw/QueryCourse/tcontent.asp?OpenYear=095&Helf=1&Sclass=LA&Cono=C001,2026-08-26T18:02:56+00:00
095-1-LA-C011-A-3-A,095,1,法學院,LA,法律學系,C011,A,大學部,3,A,支付與信用工具法(票據法),3,必,63,62,,1,王仁宏,L02-101,,,,"7,8, 9",,,,"[{""day"": 4, ""dayName"": ""星期四"", ""periods"": [""7"", ""8"", ""9""], ""raw"": ""7,8, 9""}]",,需修畢民法債編，開放財法、政法及其他(含在職)選課,https://course.nuk.edu.tw/QueryCourse/tcontent.asp?OpenYear=095&Helf=1&Sclass=LA&Cono=C011,2026-08-26T18:02:56+00:00
095-1-LA-C02A-A-3-A,095,1,法學院,LA,法律學系,C02A,A,大學部,3,A,民事訴訟法(一),3,必,150,132,,18,黃國昌,L02-202,,,,,"2,3, 4",,,"[{""day"": 5, ""dayName"": ""星期五"", ""periods"": [""2"", ""3"", ""4""], ""raw"": ""2,3, 4""}]",,星期五2.3.4.5.6.7上課，隔週(雙數週)上課；與財法（3）合班上課-不開放旁聽,https://course.nuk.edu.tw/QueryCourse/tcontent.asp?OpenYear=095&Helf=1&Sclass=LA&Cono=C02A,2026-08-26T18:02:56+00:00
095-1-LA-C02A-A-3-a,095,1,法學院,LA,法律學系,C02A,A,大學部,3,a,民事訴訟法(一),3,必,150,132,,18,黃國昌,L02-202,,,,,"2,3, 4",,,"[{""day"": 5, ""dayName"": ""星期五"", ""periods"": [""2"", ""3"", ""4""], ""raw"": ""2,3, 4""}]",,星期五2.3.4.5.6.7上課，隔週(雙數週)上課；與法律（3）合班上課-不開放旁聽,https://course.nuk.edu.tw/QueryCourse/tcontent.asp?OpenYear=095&Helf=1&Sclass=LA&Cono=C02A,2026-08-26T18:02:56+00:00
095-1-LA-C12A-A-3-A,095,1,法學院,LA,法律學系,C12A,A,大學部,3,A,刑事訴訟法(一),3,必,61,20,,41,吳俊毅,L02-B101,,"2,3, 4",,,,,,"[{""day"": 2, ""dayName"": ""星期二"", ""periods"": [""2"", ""3"", ""4""], ""raw"": ""2,3, 4""}]",,法律系3年級以上,https://course.nuk.edu.tw/QueryCourse/tcontent.asp?OpenYear=095&Helf=1&Sclass=LA&Cono=C12A,2026-08-26T18:02:56+00:00
095-1-LA-C131-A-3-A,095,1,法學院,LA,法律學系,C131,A,大學部,3,A,民法債編各論(二),2,必,170,160,,10,張鈺光,L02-202,,,"8,9",,,,,"[{""day"": 3, ""dayName"": ""星期三"", ""periods"": [""8"", ""9""], ""raw"": ""8,9""}]",,與政法（3）合班上課,https://course.nuk.edu.tw/QueryCourse/tcontent.asp?OpenYear=095&Helf=1&Sclass=LA&Cono=C131,2026-08-26T18:02:56+00:00
095-1-LA-C131-A-3-a,095,1,法學院,LA,法律學系,C131,A,大學部,3,a,民法債編各論(二),2,必,170,160,,10,張鈺光,L02-202,,,"8,9",,,,,"[{""day"": 3, ""dayName"": ""星期三"", ""periods"": [""8"", ""9""], ""raw"": ""8,9""}]",,與法律（3）合班上課,https://course.nuk.edu.tw/QueryCourse/tcontent.asp?OpenYear=095&Helf=1&Sclass=LA&Cono=C131,2026-08-26T18:02:56+00:00
095-1-LA-C141-A-3-A,095,1,法學院,LA,法律學系,C141,A,大學部,3,A,保險法,2,必,60,58,,2,葉啟洲,L02-106,,,,"5,6",,,,"[{""day"": 4, ""dayName"": ""星期四"", ""periods"": [""5"", ""6""], ""raw"": ""5,6""}]",限修,葉啟洲老師授課,https://course.nuk.edu.tw/QueryCourse/tcontent.asp?OpenYear=095&Helf=1&Sclass=LA&Cono=C141,2026-08-26T18:02:56+00:00
095-1-LA-C611-A-3-A,095,1,法學院,LA,法律學系,C611,A,大學部,3,A,少年事件處理法,2,選,40,28,,12,吳俊毅,L02-103,"5,6",,,,,,,"[{""day"": 1, ""dayName"": ""星期一"", ""periods"": [""5"", ""6""], ""raw"": ""5,6""}]",先修,修過刑法總則（一）（二）,https://course.nuk.edu.tw/QueryCourse/tcontent.asp?OpenYear=095&Helf=1&Sclass=LA&Cono=C611,2026-08-26T18:02:56+00:00
095-1-LA-D011-A-4-a,095,1,法學院,LA,法律學系,D011,A,大學部,4,a,國際私法(一),2,必,65,63,,2,謝志鵬,L02-102,,,,"3,4",,,,"[{""day"": 4, ""dayName"": ""星期四"", ""periods"": [""3"", ""4""], ""raw"": ""3,4""}]",,,https://course.nuk.edu.tw/QueryCourse/tcontent.asp?OpenYear=095&Helf=1&Sclass=LA&Cono=D011,2026-08-26T18:02:56+00:00
095-1-LA-D021-A-4-a,095,1,法學院,LA,法律學系,D021,A,大學部,4,a,法理學,2,必,120,78,,42,張鈺光,L02-202,,"6,7",,,,,,"[{""day"": 2, ""dayName"": ""星期二"", ""periods"": [""6"", ""7""], ""raw"": ""6,7""}]",,與財法（4）合班上課,https://course.nuk.edu.tw/QueryCourse/tcontent.asp?OpenYear=095&Helf=1&Sclass=LA&Cono=D021,2026-08-26T18:02:56+00:00
095-1-LA-D021-A-4-A,095,1,法學院,LA,法律學系,D021,A,大學部,4,A,法理學,2,必,120,78,,42,張鈺光,L02-202,,"6,7",,,,,,"[{""day"": 2, ""dayName"": ""星期二"", ""periods"": [""6"", ""7""], ""raw"": ""6,7""}]",,與法律（4）合班上課,https://course.nuk.edu.tw/QueryCourse/tcontent.asp?OpenYear=095&Helf=1&Sclass=LA&Cono=D021,2026-08-26T18:02:56+00:00
095-1-LA-D031-A-4-a,095,1,法學院,LA,法律學系,D031,A,大學部,4,a,強制執行法,3,必,120,119,,1,郭振恭,L02-204,,,,"6,7, 8",,,,"[{""day"": 4, ""dayName"": ""星期四"", ""periods"": [""6"", ""7"", ""8""], ""raw"": ""6,7, 8""}]",,與財法（4）合班上課,https://course.nuk.edu.tw/QueryCourse/tcontent.asp?OpenYear=095&Helf=1&Sclass=LA&Cono=D031,2026-08-26T18:02:56+00:00
095-1-LA-D651-A-4-a,095,1,法學院,LA,法律學系,D651,A,大學部,4,a,刑事訴訟法實例演習,2,選,20,8,,12,吳俊毅,L02-407,,,"3,4",,,,,"[{""day"": 3, ""dayName"": ""星期三"", ""periods"": [""3"", ""4""], ""raw"": ""3,4""}]",,需修畢刑事訴訟法（一）（二）,https://course.nuk.edu.tw/QueryCourse/tcontent.asp?OpenYear=095&Helf=1&Sclass=LA&Cono=D651,2026-08-26T18:02:56+00:00
095-1-LA-Q031-F-2-,095,1,法學院,LA,法律學系,Q031,F,大學部二年制在職專班,2,,民法親屬,2,必,120,91,,29,張鈺光,L02-204,,"12,13",,,,,,"[{""day"": 2, ""dayName"": ""星期二"", ""periods"": [""12"", ""13""], ""raw"": ""12,13""}]",,與政法在職（2）合班上課,https://course.nuk.edu.tw/QueryCourse/tcontent.asp?OpenYear=095&Helf=1&Sclass=LA&Cono=Q031,2026-08-26T18:02:56+00:00
095-1-LA-Q04A-F-2-,095,1,法學院,LA,法律學系,Q04A,F,大學部二年制在職專班,2,,刑法分則(一),2,必,60,48,,12,吳俊毅,L02-103,"10,11",,,,,,,"[{""day"": 1, ""dayName"": ""星期一"", ""periods"": [""10"", ""11""], ""raw"": ""10,11""}]",,限修過刑法總則（一）（二）,https://course.nuk.edu.tw/QueryCourse/tcontent.asp?OpenYear=095&Helf=1&Sclass=LA&Cono=Q04A,2026-08-26T18:02:56+00:00
095-1-LA-R011-F-3-,095,1,法學院,LA,法律學系,R011,F,大學部二年制在職專班,3,,民法債編各論(二),2,必,70,60,,10,張鈺光,L02-103,,"10,11",,,,,,"[{""day"": 2, ""dayName"": ""星期二"", ""periods"": [""10"", ""11""], ""raw"": ""10,11""}]",,,https://course.nuk.edu.tw/QueryCourse/tcontent.asp?OpenYear=095&Helf=1&Sclass=LA&Cono=R011,2026-08-26T18:02:56+00:00
095-1-LA-R03A-F-3-,095,1,法學院,LA,法律學系,R03A,F,大學部二年制在職專班,3,,刑事訴訟法(一),3,必,103,100,,3,林超駿,L02-204,,,"10,11, 12",,,,,"[{""day"": 3, ""dayName"": ""星期三"", ""periods"": [""10"", ""11"", ""12""], ""raw"": ""10,11, 12""}]",,,https://course.nuk.edu.tw/QueryCourse/tcontent.asp?OpenYear=095&Helf=1&Sclass=LA&Cono=R03A,2026-08-26T18:02:56+00:00
095-1-LA-R071-F-3-,095,1,法學院,LA,法律學系,R071,F,大學部二年制在職專班,3,,民事訴訟法(一),3,必,120,36,,84,林瑞成,L02-202,,,,,"10,11, 12",,,"[{""day"": 5, ""dayName"": ""星期五"", ""periods"": [""10"", ""11"", ""12""], ""raw"": ""10,11, 12""}]",,與財法合班,https://course.nuk.edu.tw/QueryCourse/tcontent.asp?OpenYear=095&Helf=1&Sclass=LA&Cono=R071,2026-08-26T18:02:56+00:00
095-1-LA-R111-F-3-,095,1,法學院,LA,法律學系,R111,F,大學部二年制在職專班,3,,支付與信用工具法(票據法),3,必,100,83,,17,黃清溪,L02-516,,,,,,"2,3, 4",,"[{""day"": 6, ""dayName"": ""星期六"", ""periods"": [""2"", ""3"", ""4""], ""raw"": ""2,3, 4""}]",,,https://course.nuk.edu.tw/QueryCourse/tcontent.asp?OpenYear=095&Helf=1&Sclass=LA&Cono=R111,2026-08-26T18:02:56+00:00
095-1-LA-R501-F-3-,095,1,法學院,LA,法律學系,R501,F,大學部二年制在職專班,3,,國際私法,2,選,105,100,,5,謝志鵬,L02-202,,,,"10,11",,,,"[{""day"": 4, ""dayName"": ""星期四"", ""periods"": [""10"", ""11""], ""raw"": ""10,11""}]",,,https://course.nuk.edu.tw/QueryCourse/tcontent.asp?OpenYear=095&Helf=1&Sclass=LA&Cono=R501,2026-08-26T18:02:56+00:00
095-1-LA-T041-L-1-,095,1,法學院,LA,法律學系,T041,L,碩士在職專班,1,,基礎法學(英文)(一),2,必,33,33,,0,林超駿,L02-106,,,,"10,11",,,,"[{""day"": 4, ""dayName"": ""星期四"", ""periods"": [""10"", ""11""], ""raw"": ""10,11""}]",,,https://course.nuk.edu.tw/QueryCourse/tcontent.asp?OpenYear=095&Helf=1&Sclass=LA&Cono=T041,2026-08-26T18:02:56+00:00
095-1-LA-T062-L-1-,095,1,法學院,LA,法律學系,T062,L,碩士在職專班,1,,基礎法學(日文)(二),2,必,30,9,,21,簡玉聰,L02-306,,,,,,"7,8",,"[{""day"": 6, ""dayName"": ""星期六"", ""periods"": [""7"", ""8""], ""raw"": ""7,8""}]",,L02-402研究生教室,https://course.nuk.edu.tw/QueryCourse/tcontent.asp?OpenYear=095&Helf=1&Sclass=LA&Cono=T062,2026-08-26T18:02:56+00:00
095-1-LA-T52B-L-1-,095,1,法學院,LA,法律學系,T52B,L,碩士在職專班,1,,財產法專題研究(二）,2,選,22,21,,1,姚志明,L02-301,,,,,,"5,6",,"[{""day"": 6, ""dayName"": ""星期六"", ""periods"": [""5"", ""6""], ""raw"": ""5,6""}]",,本課程以工程法律問題為中心,https://course.nuk.edu.tw/QueryCourse/tcontent.asp?OpenYear=095&Helf=1&Sclass=LA&Cono=T52B,2026-08-26T18:02:56+00:00
095-1-LA-T541-L-1-,095,1,法學院,LA,法律學系,T541,L,碩士在職專班,1,,消費者保護法專題研究,2,選,20,16,,4,姚志明,L02-301,,,,,,"7,8",,"[{""day"": 6, ""dayName"": ""星期六"", ""periods"": [""7"", ""8""], ""raw"": ""7,8""}]",,,https://course.nuk.edu.tw/QueryCourse/tcontent.asp?OpenYear=095&Helf=1&Sclass=LA&Cono=T541,2026-08-26T18:02:56+00:00
095-1-LA-T604-L-1-,095,1,法學院,LA,法律學系,T604,L,碩士在職專班,1,,商事法專題研究(一~四),2,選,30,10,,20,黃清溪,L02-201,,,,,"10,11",,,"[{""day"": 5, ""dayName"": ""星期五"", ""periods"": [""10"", ""11""], ""raw"": ""10,11""}]",,,https://course.nuk.edu.tw/QueryCourse/tcontent.asp?OpenYear=095&Helf=1&Sclass=LA&Cono=T604,2026-08-26T18:02:56+00:00
095-1-LA-T642-L-1-,095,1,法學院,LA,法律學系,T642,L,碩士在職專班,1,,社會保障法專題研究(二),2,選,30,9,,21,簡玉聰,L02-402,,"10,11",,,,,,"[{""day"": 2, ""dayName"": ""星期二"", ""periods"": [""10"", ""11""], ""raw"": ""10,11""}]",,L02-402研究生教室,https://course.nuk.edu.tw/QueryCourse/tcontent.asp?OpenYear=095&Helf=1&Sclass=LA&Cono=T642,2026-08-26T18:02:56+00:00
095-1-LA-T696-L-1-,095,1,法學院,LA,法律學系,T696,L,碩士在職專班,1,,刑法專題研究(六),2,選,15,11,,4,黃常仁,L02-301,,"12,13",,,,,,"[{""day"": 2, ""dayName"": ""星期二"", ""periods"": [""12"", ""13""], ""raw"": ""12,13""}]",,碩士進階課程,https://course.nuk.edu.tw/QueryCourse/tcontent.asp?OpenYear=095&Helf=1&Sclass=LA&Cono=T696,2026-08-26T18:02:56+00:00
095-1-LA-T703-L-1-,095,1,法學院,LA,法律學系,T703,L,碩士在職專班,1,,比較刑法專題研究(三),2,選,10,7,,3,黃常仁,L02-301,,,"12,13",,,,,"[{""day"": 3, ""dayName"": ""星期三"", ""periods"": [""12"", ""13""], ""raw"": ""12,13""}]",,具基本德文能力為宜，係碩士班比較法整合課程,https://course.nuk.edu.tw/QueryCourse/tcontent.asp?OpenYear=095&Helf=1&Sclass=LA&Cono=T703,2026-08-26T18:02:56+00:00
095-1-LA-T711-L-1-,095,1,法學院,LA,法律學系,T711,L,碩士在職專班,1,,法律資訊學專題研究,2,選,20,17,,3,紀振清,L02-301,,,"10,11",,,,,"[{""day"": 3, ""dayName"": ""星期三"", ""periods"": [""10"", ""11""], ""raw"": ""10,11""}]",,,https://course.nuk.edu.tw/QueryCourse/tcontent.asp?OpenYear=095&Helf=1&Sclass=LA&Cono=T711,2026-08-26T18:02:56+00:00
095-1-LA-T721-L-1-,095,1,法學院,LA,法律學系,T721,L,碩士在職專班,1,,最高法院民事判例研究（一）（個案之法學方法論研究）,2,選,60,47,,13,張鈺光,L02-107,"12,13",,,,,,,"[{""day"": 1, ""dayName"": ""星期一"", ""periods"": [""12"", ""13""], ""raw"": ""12,13""}]",,,https://course.nuk.edu.tw/QueryCourse/tcontent.asp?OpenYear=095&Helf=1&Sclass=LA&Cono=T721,2026-08-26T18:02:56+00:00
095-1-LA-T731-L-1-,095,1,法學院,LA,法律學系,T731,L,碩士在職專班,1,,臺灣私法專題研究（臨時臺灣舊慣調查報告）,2,選,60,38,,22,張鈺光,L02-107,"10,11",,,,,,,"[{""day"": 1, ""dayName"": ""星期一"", ""periods"": [""10"", ""11""], ""raw"": ""10,11""}]",,,https://course.nuk.edu.tw/QueryCourse/tcontent.asp?OpenYear=095&Helf=1&Sclass=LA&Cono=T731,2026-08-26T18:02:56+00:00
095-1-LA-F501-M-1-,095,1,法學院,LA,法律學系,F501,M,碩士班,1,,國際經濟法專題研究( 一，二，三，四）,2,選,20,10,,10,王仁宏,L02-301,,,"3,4",,,,,"[{""day"": 3, ""dayName"": ""星期三"", ""periods"": [""3"", ""4""], ""raw"": ""3,4""}]",,WTO防衛措施與爭端解決-兼論兩岸經貿關係,https://course.nuk.edu.tw/QueryCourse/tcontent.asp?OpenYear=095&Helf=1&Sclass=LA&Cono=F501,2026-08-26T18:02:56+00:00
095-1-LA-F666-M-1-,095,1,法學院,LA,法律學系,F666,M,碩士班,1,,憲法專題研究(一，二，三，四),2,選,20,17,,3,林超駿,L02-402,,,"5,6",,,,,"[{""day"": 3, ""dayName"": ""星期三"", ""periods"": [""5"", ""6""], ""raw"": ""5,6""}]",,開放大四選修,https://course.nuk.edu.tw/QueryCourse/tcontent.asp?OpenYear=095&Helf=1&Sclass=LA&Cono=F666,2026-08-26T18:02:56+00:00
095-1-LA-F711-M-1-,095,1,法學院,LA,法律學系,F711,M,碩士班,1,,海商法專題研究,2,選,30,7,,23,饒瑞正,L02-402,,"5,6",,,,,,"[{""day"": 2, ""dayName"": ""星期二"", ""periods"": [""5"", ""6""], ""raw"": ""5,6""}]",,,https://course.nuk.edu.tw/QueryCourse/tcontent.asp?OpenYear=095&Helf=1&Sclass=LA&Cono=F711,2026-08-26T18:02:56+00:00
095-1-LA-F812-M-1-,095,1,法學院,LA,法律學系,F812,M,碩士班,1,,商事法專題研究(一~四),2,選,30,13,,17,黃清溪,L02-301,,,,,"5,6",,,"[{""day"": 5, ""dayName"": ""星期五"", ""periods"": [""5"", ""6""], ""raw"": ""5,6""}]",,,https://course.nuk.edu.tw/QueryCourse/tcontent.asp?OpenYear=095&Helf=1&Sclass=LA&Cono=F812,2026-08-26T18:02:56+00:00
095-1-LA-F841-M-1-,095,1,法學院,LA,法律學系,F841,M,碩士班,1,,公平交易法專題研究(一~四),2,選,20,16,,4,紀振清,L02-301,,,,"10,11",,,,"[{""day"": 4, ""dayName"": ""星期四"", ""periods"": [""10"", ""11""], ""raw"": ""10,11""}]",,,https://course.nuk.edu.tw/QueryCourse/tcontent.asp?OpenYear=095&Helf=1&Sclass=LA&Cono=F841,2026-08-26T18:02:56+00:00
095-1-LA-F921-M-1-,095,1,法學院,LA,法律學系,F921,M,碩士班,1,,財產法專題研究(一 ),2,選,10,9,,1,姚志明,L02-301,,"3,4",,,,,,"[{""day"": 2, ""dayName"": ""星期二"", ""periods"": [""3"", ""4""], ""raw"": ""3,4""}]",,與黃茂榮教授合開,https://course.nuk.edu.tw/QueryCourse/tcontent.asp?OpenYear=095&Helf=1&Sclass=LA&Cono=F921,2026-08-26T18:02:56+00:00
095-1-LA-F931-M-1-,095,1,法學院,LA,法律學系,F931,M,碩士班,1,,民法之經濟分析,2,選,30,10,,20,曾千娟,L02-402,,,,"12,13",,,,"[{""day"": 4, ""dayName"": ""星期四"", ""periods"": [""12"", ""13""], ""raw"": ""12,13""}]",,,https://course.nuk.edu.tw/QueryCourse/tcontent.asp?OpenYear=095&Helf=1&Sclass=LA&Cono=F931,2026-08-26T18:02:56+00:00
095-1-LA-F951-M-1-,095,1,法學院,LA,法律學系,F951,M,碩士班,1,,環境法專題研究（一）,2,選,20,10,,10,吳行浩,L02-301,,"6,7",,,,,,"[{""day"": 2, ""dayName"": ""星期二"", ""periods"": [""6"", ""7""], ""raw"": ""6,7""}]",,,https://course.nuk.edu.tw/QueryCourse/tcontent.asp?OpenYear=095&Helf=1&Sclass=LA&Cono=F951,2026-08-26T18:02:56+00:00
095-1-LA-F961-M-1-,095,1,法學院,LA,法律學系,F961,M,碩士班,1,,基礎法學日文（二）,2,必,30,2,,28,簡玉聰,L02-306,,,,,,"5,6",,"[{""day"": 6, ""dayName"": ""星期六"", ""periods"": [""5"", ""6""], ""raw"": ""5,6""}]",,,https://course.nuk.edu.tw/QueryCourse/tcontent.asp?OpenYear=095&Helf=1&Sclass=LA&Cono=F961,2026-08-26T18:02:56+00:00
095-1-LA-F981-M-1-,095,1,法學院,LA,法律學系,F981,M,碩士班,1,,保險法專題研究（一）,2,選,15,9,,6,葉啟洲,L02-402,,,,"7,8",,,,"[{""day"": 4, ""dayName"": ""星期四"", ""periods"": [""7"", ""8""], ""raw"": ""7,8""}]",,,https://course.nuk.edu.tw/QueryCourse/tcontent.asp?OpenYear=095&Helf=1&Sclass=LA&Cono=F981,2026-08-26T18:02:56+00:00
095-1-LA-F991-M-1-,095,1,法學院,LA,法律學系,F991,M,碩士班,1,,刑事訴訟法專題研究(一),2,選,16,9,,7,吳俊毅,,,,"7,8",,,,,"[{""day"": 3, ""dayName"": ""星期三"", ""periods"": [""7"", ""8""], ""raw"": ""7,8""}]",,"乙組選修課程，開放甲、丙組以及碩士在職專班法律組選修,上課教室:L02-310",https://course.nuk.edu.tw/QueryCourse/tcontent.asp?OpenYear=095&Helf=1&Sclass=LA&Cono=F991,2026-08-26T18:02:56+00:00
095-1-LA-T696-M-1-,095,1,法學院,LA,法律學系,T696,M,碩士班,1,,刑法專題研究(六),2,選,15,11,,4,黃常仁,L02-301,,"12,13",,,,,,"[{""day"": 2, ""dayName"": ""星期二"", ""periods"": [""12"", ""13""], ""raw"": ""12,13""}]",,碩士進階課程,https://course.nuk.edu.tw/QueryCourse/tcontent.asp?OpenYear=095&Helf=1&Sclass=LA&Cono=T696,2026-08-26T18:02:56+00:00
095-1-LA-T703-M-1-,095,1,法學院,LA,法律學系,T703,M,碩士班,1,,比較刑法專題研究(三),2,選,10,7,,3,黃常仁,L02-301,,,"12,13",,,,,"[{""day"": 3, ""dayName"": ""星期三"", ""periods"": [""12"", ""13""], ""raw"": ""12,13""}]",,具基本德文能力為宜，係碩士班比較法整合課程,https://course.nuk.edu.tw/QueryCourse/tcontent.asp?OpenYear=095&Helf=1&Sclass=LA&Cono=T703,2026-08-26T18:02:56+00:00
095-1-AC-A01A-A-1-A,095,1,理學院,AC,應用化學系,A01A,A,大學部,1,A,普通化學(一),3,必,61,50,,11,鄭秀英,B01-102,,"5,6, 7",,,,,,"[{""day"": 2, ""dayName"": ""星期二"", ""periods"": [""5"", ""6"", ""7""], ""raw"": ""5,6, 7""}]",,,https://course.nuk.edu.tw/QueryCourse/tcontent.asp?OpenYear=095&Helf=1&Sclass=AC&Cono=A01A,2026-08-26T18:02:56+00:00
095-1-AC-A02A-A-1-A,095,1,理學院,AC,應用化學系,A02A,A,大學部,1,A,普通化學實驗(一)(A),1,必,26,24,,2,李頂瑜,C01-204,"2,3, 4",,,,,,,"[{""day"": 1, ""dayName"": ""星期一"", ""periods"": [""2"", ""3"", ""4""], ""raw"": ""2,3, 4""}]",,大一學號單號學生必修,https://course.nuk.edu.tw/QueryCourse/tcontent.asp?OpenYear=095&Helf=1&Sclass=AC&Cono=A02A,2026-08-26T18:02:56+00:00
095-1-AC-A03A-A-1-A,095,1,理學院,AC,應用化學系,A03A,A,大學部,1,A,普通化學實驗(一)(B),1,必,25,22,,3,鄭秀英,C01-204,,"2,3, 4",,,,,,"[{""day"": 2, ""dayName"": ""星期二"", ""periods"": [""2"", ""3"", ""4""], ""raw"": ""2,3, 4""}]",,大一學號雙號學生必修,https://course.nuk.edu.tw/QueryCourse/tcontent.asp?OpenYear=095&Helf=1&Sclass=AC&Cono=A03A,2026-08-26T18:02:56+00:00
095-1-AC-A04A-A-1-A,095,1,理學院,AC,應用化學系,A04A,A,大學部,1,A,普通物理(一),3,必,134,127,,7,蔡進譯,C02-111,,,,,"5,6, 7",,,"[{""day"": 5, ""dayName"": ""星期五"", ""periods"": [""5"", ""6"", ""7""], ""raw"": ""5,6, 7""}]",限修及外加,,https://course.nuk.edu.tw/QueryCourse/tcontent.asp?OpenYear=095&Helf=1&Sclass=AC&Cono=A04A,2026-08-26T18:02:56+00:00
095-1-AC-A05A-A-1-A,095,1,理學院,AC,應用化學系,A05A,A,大學部,1,A,普通物理實驗(一),1,必,60,44,,16,余進忠,C02-3004,,,,"5,6, 7",,,,"[{""day"": 4, ""dayName"": ""星期四"", ""periods"": [""5"", ""6"", ""7""], ""raw"": ""5,6, 7""}]",,,https://course.nuk.edu.tw/QueryCourse/tcontent.asp?OpenYear=095&Helf=1&Sclass=AC&Cono=A05A,2026-08-26T18:02:56+00:00
095-1-AC-A06A-A-1-A,095,1,理學院,AC,應用化學系,A06A,A,大學部,1,A,微積分(一),3,必,61,53,,8,朱晉德,B01-102,,,"2,3, 4",,,,,"[{""day"": 3, ""dayName"": ""星期三"", ""periods"": [""2"", ""3"", ""4""], ""raw"": ""2,3, 4""}]",外加,,https://course.nuk.edu.tw/QueryCourse/tcontent.asp?OpenYear=095&Helf=1&Sclass=AC&Cono=A06A,2026-08-26T18:02:56+00:00
095-1-AC-A071-A-1-A,095,1,理學院,AC,應用化學系,A071,A,大學部,1,A,計算機概論,3,必,60,44,,16,嚴力行,B01-102,,,,"2,3, 4",,,,"[{""day"": 4, ""dayName"": ""星期四"", ""periods"": [""2"", ""3"", ""4""], ""raw"": ""2,3, 4""}]",,,https://course.nuk.edu.tw/QueryCourse/tcontent.asp?OpenYear=095&Helf=1&Sclass=AC&Cono=A071,2026-08-26T18:02:56+00:00
095-1-AC-B01A-A-2-A,095,1,理學院,AC,應用化學系,B01A,A,大學部,2,A,有機化學(一),3,必,80,75,,5,張夢揚,B01-103,,,,"1,2, 3",,,,"[{""day"": 4, ""dayName"": ""星期四"", ""periods"": [""1"", ""2"", ""3""], ""raw"": ""1,2, 3""}]",,,https://course.nuk.edu.tw/QueryCourse/tcontent.asp?OpenYear=095&Helf=1&Sclass=AC&Cono=B01A,2026-08-26T18:02:56+00:00
095-1-AC-B02A-A-2-A,095,1,理學院,AC,應用化學系,B02A,A,大學部,2,A,化學數學(一),3,必,60,51,,9,莊曜遠,C02-103,,,"2,3, 4",,,,,"[{""day"": 3, ""dayName"": ""星期三"", ""periods"": [""2"", ""3"", ""4""], ""raw"": ""2,3, 4""}]",,,https://course.nuk.edu.tw/QueryCourse/tcontent.asp?OpenYear=095&Helf=1&Sclass=AC&Cono=B02A,2026-08-26T18:02:56+00:00
095-1-AC-B04A-A-2-A,095,1,理學院,AC,應用化學系,B04A,A,大學部,2,A,有機化學實驗(一),1,必,60,48,,12,張夢揚,C02-203,,,,,"5,6, 7",,,"[{""day"": 5, ""dayName"": ""星期五"", ""periods"": [""5"", ""6"", ""7""], ""raw"": ""5,6, 7""}]",,,https://course.nuk.edu.tw/QueryCourse/tcontent.asp?OpenYear=095&Helf=1&Sclass=AC&Cono=B04A,2026-08-26T18:02:56+00:00
095-1-AC-B11A-A-2-A,095,1,理學院,AC,應用化學系,B11A,A,大學部,2,A,分析化學,3,必,70,60,,10,何永皓,C02-111,,"2,3, 4",,,,,,"[{""day"": 2, ""dayName"": ""星期二"", ""periods"": [""2"", ""3"", ""4""], ""raw"": ""2,3, 4""}]",,,https://course.nuk.edu.tw/QueryCourse/tcontent.asp?OpenYear=095&Helf=1&Sclass=AC&Cono=B11A,2026-08-26T18:02:56+00:00
095-1-AC-B12A-A-2-A,095,1,理學院,AC,應用化學系,B12A,A,大學部,2,A,分析化學實驗,1,必,60,53,,7,何永皓,C02-203,"2,3, 4",,,,,,,"[{""day"": 1, ""dayName"": ""星期一"", ""periods"": [""2"", ""3"", ""4""], ""raw"": ""2,3, 4""}]",,,https://course.nuk.edu.tw/QueryCourse/tcontent.asp?OpenYear=095&Helf=1&Sclass=AC&Cono=B12A,2026-08-26T18:02:56+00:00
095-1-AC-B511-A-2-A,095,1,理學院,AC,應用化學系,B511,A,大學部,2,A,奈米科技與應用,3,選,93,88,,5,蔡振章,C02-111,"5,6, 7",,,,,,,"[{""day"": 1, ""dayName"": ""星期一"", ""periods"": [""5"", ""6"", ""7""], ""raw"": ""5,6, 7""}]",外加 學程,,https://course.nuk.edu.tw/QueryCourse/tcontent.asp?OpenYear=095&Helf=1&Sclass=AC&Cono=B511,2026-08-26T18:02:56+00:00
095-1-AC-C02B-A-3-A,095,1,理學院,AC,應用化學系,C02B,A,大學部,3,A,物理化學(二),3,必,70,56,,14,莊曜遠,C02-106,"2,3, 4",,,,,,,"[{""day"": 1, ""dayName"": ""星期一"", ""periods"": [""2"", ""3"", ""4""], ""raw"": ""2,3, 4""}]",,,https://course.nuk.edu.tw/QueryCourse/tcontent.asp?OpenYear=095&Helf=1&Sclass=AC&Cono=C02B,2026-08-26T18:02:56+00:00
095-1-AC-C03A-A-3-A,095,1,理學院,AC,應用化學系,C03A,A,大學部,3,A,物理化學實驗(一),1,必,60,46,,14,莊曜遠,C02-204,,,"5,6, 7",,,,,"[{""day"": 3, ""dayName"": ""星期三"", ""periods"": [""5"", ""6"", ""7""], ""raw"": ""5,6, 7""}]",,,https://course.nuk.edu.tw/QueryCourse/tcontent.asp?OpenYear=095&Helf=1&Sclass=AC&Cono=C03A,2026-08-26T18:02:56+00:00
095-1-AC-C04A-A-3-A,095,1,理學院,AC,應用化學系,C04A,A,大學部,3,A,無機化學(一),3,必,70,59,,11,莊琇惠,C02-104,,"5,6, 7",,,,,,"[{""day"": 2, ""dayName"": ""星期二"", ""periods"": [""5"", ""6"", ""7""], ""raw"": ""5,6, 7""}]",,,https://course.nuk.edu.tw/QueryCourse/tcontent.asp?OpenYear=095&Helf=1&Sclass=AC&Cono=C04A,2026-08-26T18:02:56+00:00
095-1-AC-C57A-A-3-A,095,1,理學院,AC,應用化學系,C57A,A,大學部,3,A,生物化學,3,選,60,33,,27,葛孟杰,B01-102,,"2,3, 4",,,,,,"[{""day"": 2, ""dayName"": ""星期二"", ""periods"": [""2"", ""3"", ""4""], ""raw"": ""2,3, 4""}]",,,https://course.nuk.edu.tw/QueryCourse/tcontent.asp?OpenYear=095&Helf=1&Sclass=AC&Cono=C57A,2026-08-26T18:02:56+00:00
095-1-AC-D641-A-3-A,095,1,理學院,AC,應用化學系,D641,A,大學部,3,A,綠色材料產業個案分析,3,選,35,30,,5,蔡振章,C02-101,,,,,"5,6, 7",,,"[{""day"": 5, ""dayName"": ""星期五"", ""periods"": [""5"", ""6"", ""7""], ""raw"": ""5,6, 7""}]",學程,,https://course.nuk.edu.tw/QueryCourse/tcontent.asp?OpenYear=095&Helf=1&Sclass=AC&Cono=D641,2026-08-26T18:02:56+00:00
095-1-AC-D021-A-4-A,095,1,理學院,AC,應用化學系,D021,A,大學部,4,A,專題研究(二),2,選,60,23,,37,鄭秀英,,,,,"Y,5",,,,"[{""day"": 4, ""dayName"": ""星期四"", ""periods"": [""Y"", ""5""], ""raw"": ""Y,5""}]",,上課教室為各指導教授實驗室,https://course.nuk.edu.tw/QueryCourse/tcontent.asp?OpenYear=095&Helf=1&Sclass=AC&Cono=D021,2026-08-26T18:02:56+00:00
095-1-AC-D031-A-4-A,095,1,理學院,AC,應用化學系,D031,A,大學部,4,A,書報討論(二)A,1,必,28,21,,7,莊琇惠,C02-103,,,,"6,7",,,,"[{""day"": 4, ""dayName"": ""星期四"", ""periods"": [""6"", ""7""], ""raw"": ""6,7""}]",,大四學號單號學生必修,https://course.nuk.edu.tw/QueryCourse/tcontent.asp?OpenYear=095&Helf=1&Sclass=AC&Cono=D031,2026-08-26T18:02:56+00:00
095-1-AC-D032-A-4-A,095,1,理學院,AC,應用化學系,D032,A,大學部,4,A,書報討論(二)B,1,必,28,23,,5,何永皓,C02-104,,,,"6,7",,,,"[{""day"": 4, ""dayName"": ""星期四"", ""periods"": [""6"", ""7""], ""raw"": ""6,7""}]",,大四學號雙號學生必修,https://course.nuk.edu.tw/QueryCourse/tcontent.asp?OpenYear=095&Helf=1&Sclass=AC&Cono=D032,2026-08-26T18:02:56+00:00
095-1-AC-F501-A-4-A,095,1,理學院,AC,應用化學系,F501,A,大學部,4,A,有機光電材料,3,選,40,10,,30,郭文章,C02-103,,"2,3, 4",,,,,,"[{""day"": 2, ""dayName"": ""星期二"", ""periods"": [""2"", ""3"", ""4""], ""raw"": ""2,3, 4""}]",,大四碩一合開課程,https://course.nuk.edu.tw/QueryCourse/tcontent.asp?OpenYear=095&Helf=1&Sclass=AC&Cono=F501,2026-08-26T18:02:56+00:00
095-1-AC-F511-A-4-A,095,1,理學院,AC,應用化學系,F511,A,大學部,4,A,質譜學,3,選,30,22,,8,何永皓,C02-103,,"5,6, 7",,,,,,"[{""day"": 2, ""dayName"": ""星期二"", ""periods"": [""5"", ""6"", ""7""], ""raw"": ""5,6, 7""}]",,大四碩一合開課程,https://course.nuk.edu.tw/QueryCourse/tcontent.asp?OpenYear=095&Helf=1&Sclass=AC&Cono=F511,2026-08-26T18:02:56+00:00
095-1-AC-F521-A-4-A,095,1,理學院,AC,應用化學系,F521,A,大學部,4,A,奈米製程,3,選,60,19,,41,劉福鯤,C02-103,,,"5,6, 7",,,,,"[{""day"": 3, ""dayName"": ""星期三"", ""periods"": [""5"", ""6"", ""7""], ""raw"": ""5,6, 7""}]",,大四碩一合開課程,https://course.nuk.edu.tw/QueryCourse/tcontent.asp?OpenYear=095&Helf=1&Sclass=AC&Cono=F521,2026-08-26T18:02:56+00:00
095-1-AC-F571-A-4-A,095,1,理學院,AC,應用化學系,F571,A,大學部,4,A,應用膠體化學,3,選,60,6,,54,歐家驥,C01-103,,"2,3, 4",,,,,,"[{""day"": 2, ""dayName"": ""星期二"", ""periods"": [""2"", ""3"", ""4""], ""raw"": ""2,3, 4""}]",,學生須已修過物理化學或界面化學或取得老師許可; 與應化研究所合開,https://course.nuk.edu.tw/QueryCourse/tcontent.asp?OpenYear=095&Helf=1&Sclass=AC&Cono=F571,2026-08-26T18:02:56+00:00
095-1-AC-F581-A-4-A,095,1,理學院,AC,應用化學系,F581,A,大學部,4,A,X光繞射與晶體結構,3,選,40,23,,17,呂正傑,C01-211,,,,"2,3, 4",,,,"[{""day"": 4, ""dayName"": ""星期四"", ""periods"": [""2"", ""3"", ""4""], ""raw"": ""2,3, 4""}]",,化材系大四與應化系碩一合開課程,https://course.nuk.edu.tw/QueryCourse/tcontent.asp?OpenYear=095&Helf=1&Sclass=AC&Cono=F581,2026-08-26T18:02:56+00:00
095-1-AC-F011-M-1-,095,1,理學院,AC,應用化學系,F011,M,碩士班,1,,書報討論(一),1,必,20,14,,6,李頂瑜,C02-106,,,,"6,7",,,,"[{""day"": 4, ""dayName"": ""星期四"", ""periods"": [""6"", ""7""], ""raw"": ""6,7""}]",,,https://course.nuk.edu.tw/QueryCourse/tcontent.asp?OpenYear=095&Helf=1&Sclass=AC&Cono=F011,2026-08-26T18:02:56+00:00
095-1-AC-F501-M-1-,095,1,理學院,AC,應用化學系,F501,M,碩士班,1,,有機光電材料,3,選,20,10,,10,郭文章,C02-103,,"2,3, 4",,,,,,"[{""day"": 2, ""dayName"": ""星期二"", ""periods"": [""2"", ""3"", ""4""], ""raw"": ""2,3, 4""}]",,大四碩一合開課程,https://course.nuk.edu.tw/QueryCourse/tcontent.asp?OpenYear=095&Helf=1&Sclass=AC&Cono=F501,2026-08-26T18:02:56+00:00
095-1-AC-F511-M-1-,095,1,理學院,AC,應用化學系,F511,M,碩士班,1,,質譜學,3,選,30,22,,8,何永皓,C02-103,,"5,6, 7",,,,,,"[{""day"": 2, ""dayName"": ""星期二"", ""periods"": [""5"", ""6"", ""7""], ""raw"": ""5,6, 7""}]",,大四碩一合開課程,https://course.nuk.edu.tw/QueryCourse/tcontent.asp?OpenYear=095&Helf=1&Sclass=AC&Cono=F511,2026-08-26T18:02:56+00:00
095-1-AC-F521-M-1-,095,1,理學院,AC,應用化學系,F521,M,碩士班,1,,奈米製程,3,選,60,19,,41,劉福鯤,C02-103,,,"5,6, 7",,,,,"[{""day"": 3, ""dayName"": ""星期三"", ""periods"": [""5"", ""6"", ""7""], ""raw"": ""5,6, 7""}]",,大四碩一合開課程,https://course.nuk.edu.tw/QueryCourse/tcontent.asp?OpenYear=095&Helf=1&Sclass=AC&Cono=F521,2026-08-26T18:02:56+00:00
095-1-AC-F531-M-1-,095,1,理學院,AC,應用化學系,F531,M,碩士班,1,,高等有機化學,3,選,20,5,,15,郭文章,C02-103,"2,3, 4",,,,,,,"[{""day"": 1, ""dayName"": ""星期一"", ""periods"": [""2"", ""3"", ""4""], ""raw"": ""2,3, 4""}]",,,https://course.nuk.edu.tw/QueryCourse/tcontent.asp?OpenYear=095&Helf=1&Sclass=AC&Cono=F531,2026-08-26T18:02:56+00:00
095-1-AC-F541-M-1-,095,1,理學院,AC,應用化學系,F541,M,碩士班,1,,高等無機化學,3,選,20,8,,12,李頂瑜,C02-103,"5,6, 7",,,,,,,"[{""day"": 1, ""dayName"": ""星期一"", ""periods"": [""5"", ""6"", ""7""], ""raw"": ""5,6, 7""}]",,,https://course.nuk.edu.tw/QueryCourse/tcontent.asp?OpenYear=095&Helf=1&Sclass=AC&Cono=F541,2026-08-26T18:02:56+00:00
095-1-AC-F551-M-1-,095,1,理學院,AC,應用化學系,F551,M,碩士班,1,,高等物理化學,3,選,20,7,,13,鄭秀英,C02-104,,,"2,3, 4",,,,,"[{""day"": 3, ""dayName"": ""星期三"", ""periods"": [""2"", ""3"", ""4""], ""raw"": ""2,3, 4""}]",,,https://course.nuk.edu.tw/QueryCourse/tcontent.asp?OpenYear=095&Helf=1&Sclass=AC&Cono=F551,2026-08-26T18:02:56+00:00
095-1-AC-F571-M-1-,095,1,理學院,AC,應用化學系,F571,M,碩士班,1,,應用膠體化學,3,選,60,6,,54,歐家驥,C01-103,,"2,3, 4",,,,,,"[{""day"": 2, ""dayName"": ""星期二"", ""periods"": [""2"", ""3"", ""4""], ""raw"": ""2,3, 4""}]",,化材系大四與應化系碩一合開課程,https://course.nuk.edu.tw/QueryCourse/tcontent.asp?OpenYear=095&Helf=1&Sclass=AC&Cono=F571,2026-08-26T18:02:56+00:00
095-1-AC-F581-M-1-,095,1,理學院,AC,應用化學系,F581,M,碩士班,1,,X光繞射與晶體結構,3,選,40,23,,17,呂正傑,C01-211,,,,"2,3, 4",,,,"[{""day"": 4, ""dayName"": ""星期四"", ""periods"": [""2"", ""3"", ""4""], ""raw"": ""2,3, 4""}]",,化材系大四與應化系碩一合開課程,https://course.nuk.edu.tw/QueryCourse/tcontent.asp?OpenYear=095&Helf=1&Sclass=AC&Cono=F581,2026-08-26T18:02:56+00:00
095-1-AC-F591-M-1-,095,1,理學院,AC,應用化學系,F591,M,碩士班,1,,化學研究(一)A,3,選,5,5,,0,郭文章 張夢揚 李頂瑜,,,,,"8,9, 10",,,,"[{""day"": 4, ""dayName"": ""星期四"", ""periods"": [""8"", ""9"", ""10""], ""raw"": ""8,9, 10""}]",限修,應化系碩一選課,https://course.nuk.edu.tw/QueryCourse/tcontent.asp?OpenYear=095&Helf=1&Sclass=AC&Cono=F591,2026-08-26T18:02:56+00:00
095-1-AC-F592-M-1-,095,1,理學院,AC,應用化學系,F592,M,碩士班,1,,化學研究(一)B,3,選,5,5,,0,莊琇惠 鄭秀英 劉福鯤,,,,,"8,9, 10",,,,"[{""day"": 4, ""dayName"": ""星期四"", ""periods"": [""8"", ""9"", ""10""], ""raw"": ""8,9, 10""}]",限修,應化系碩一選課,https://course.nuk.edu.tw/QueryCourse/tcontent.asp?OpenYear=095&Helf=1&Sclass=AC&Cono=F592,2026-08-26T18:02:56+00:00
095-1-AC-F593-M-1-,095,1,理學院,AC,應用化學系,F593,M,碩士班,1,,化學研究(一)C,3,選,5,4,,1,蔡振章 莊曜遠 何永皓,,,,,"8,9, 10",,,,"[{""day"": 4, ""dayName"": ""星期四"", ""periods"": [""8"", ""9"", ""10""], ""raw"": ""8,9, 10""}]",限修,應化系碩一選課,https://course.nuk.edu.tw/QueryCourse/tcontent.asp?OpenYear=095&Helf=1&Sclass=AC&Cono=F593,2026-08-26T18:02:56+00:00
095-1-AM-A01A-A-1-A,095,1,理學院,AM,應用數學系,A01A,A,大學部,1,A,微積分(一),4,必,80,64,,16,吳宗芳,B01-101 其他教室,,"3,4",,"1,2",,,,"[{""day"": 2, ""dayName"": ""星期二"", ""periods"": [""3"", ""4""], ""raw"": ""3,4""}, {""day"": 4, ""dayName"": ""星期四"", ""periods"": [""1"", ""2""], ""raw"": ""1,2""}]",,,https://course.nuk.edu.tw/QueryCourse/tcontent.asp?OpenYear=095&Helf=1&Sclass=AM&Cono=A01A,2026-08-26T18:02:56+00:00
095-1-AM-A02A-A-1-A,095,1,理學院,AM,應用數學系,A02A,A,大學部,1,A,線性代數(一),3,必,85,81,,4,郭岳承,B01-101 其他教室,,,"1,2",,1,,,"[{""day"": 3, ""dayName"": ""星期三"", ""periods"": [""1"", ""2""], ""raw"": ""1,2""}, {""day"": 5, ""dayName"": ""星期五"", ""periods"": [""1""], ""raw"": ""1""}]",限修,,https://course.nuk.edu.tw/QueryCourse/tcontent.asp?OpenYear=095&Helf=1&Sclass=AM&Cono=A02A,2026-08-26T18:02:56+00:00
095-1-AM-A03A-A-1-A,095,1,理學院,AM,應用數學系,A03A,A,大學部,1,A,基礎數學(一),3,必,63,62,,1,王偉仲,C02-407 其他教室,"1,2",,,,2,,,"[{""day"": 1, ""dayName"": ""星期一"", ""periods"": [""1"", ""2""], ""raw"": ""1,2""}, {""day"": 5, ""dayName"": ""星期五"", ""periods"": [""2""], ""raw"": ""2""}]",外加,,https://course.nuk.edu.tw/QueryCourse/tcontent.asp?OpenYear=095&Helf=1&Sclass=AM&Cono=A03A,2026-08-26T18:02:56+00:00
095-1-AM-A04A-A-1-A,095,1,理學院,AM,應用數學系,A04A,A,大學部,1,A,計算機概論(一),3,必,60,60,,0,蕭漢威,C01-112,,"5,6, 7",,,,,,"[{""day"": 2, ""dayName"": ""星期二"", ""periods"": [""5"", ""6"", ""7""], ""raw"": ""5,6, 7""}]",限修,,https://course.nuk.edu.tw/QueryCourse/tcontent.asp?OpenYear=095&Helf=1&Sclass=AM&Cono=A04A,2026-08-26T18:02:56+00:00
095-1-AM-A05A-A-1-A,095,1,理學院,AM,應用數學系,A05A,A,大學部,1,A,數學實習(一),1,必,60,51,,9,吳宗芳,B01-101,,,,"6,7",,,,"[{""day"": 4, ""dayName"": ""星期四"", ""periods"": [""6"", ""7""], ""raw"": ""6,7""}]",,,https://course.nuk.edu.tw/QueryCourse/tcontent.asp?OpenYear=095&Helf=1&Sclass=AM&Cono=A05A,2026-08-26T18:02:56+00:00
095-1-AM-B01A-A-2-A,095,1,理學院,AM,應用數學系,B01A,A,大學部,2,A,高等微積分(一),4,必,70,67,,3,陳晴玉,C02-406,,"1,2",,"3,4",,,,"[{""day"": 2, ""dayName"": ""星期二"", ""periods"": [""1"", ""2""], ""raw"": ""1,2""}, {""day"": 4, ""dayName"": ""星期四"", ""periods"": [""3"", ""4""], ""raw"": ""3,4""}]",,,https://course.nuk.edu.tw/QueryCourse/tcontent.asp?OpenYear=095&Helf=1&Sclass=AM&Cono=B01A,2026-08-26T18:02:56+00:00
095-1-AM-B02A-A-2-A,095,1,理學院,AM,應用數學系,B02A,A,大學部,2,A,機率與統計(一),3,必,80,65,,15,陳瑞彬,C02-406,,6,,,"3,4",,,"[{""day"": 2, ""dayName"": ""星期二"", ""periods"": [""6""], ""raw"": ""6""}, {""day"": 5, ""dayName"": ""星期五"", ""periods"": [""3"", ""4""], ""raw"": ""3,4""}]",,,https://course.nuk.edu.tw/QueryCourse/tcontent.asp?OpenYear=095&Helf=1&Sclass=AM&Cono=B02A,2026-08-26T18:02:56+00:00
095-1-AM-B03A-A-2-A,095,1,理學院,AM,應用數學系,B03A,A,大學部,2,A,微分方程(一),3,必,70,67,,3,李育嘉,C02-406,"3,4",,4,,,,,"[{""day"": 1, ""dayName"": ""星期一"", ""periods"": [""3"", ""4""], ""raw"": ""3,4""}, {""day"": 3, ""dayName"": ""星期三"", ""periods"": [""4""], ""raw"": ""4""}]",,,https://course.nuk.edu.tw/QueryCourse/tcontent.asp?OpenYear=095&Helf=1&Sclass=AM&Cono=B03A,2026-08-26T18:02:56+00:00
095-1-AM-B50A-A-2-A,095,1,理學院,AM,應用數學系,B50A,A,大學部,2,A,數學實習(三),1,選,50,43,,7,陳晴玉,C02-406,,,,"Y,5",,,,"[{""day"": 4, ""dayName"": ""星期四"", ""periods"": [""Y"", ""5""], ""raw"": ""Y,5""}]",,,https://course.nuk.edu.tw/QueryCourse/tcontent.asp?OpenYear=095&Helf=1&Sclass=AM&Cono=B50A,2026-08-26T18:02:56+00:00
095-1-AM-C02A-A-3-A,095,1,理學院,AM,應用數學系,C02A,A,大學部,3,A,組合數學(一),3,必,70,63,,7,鄭斯恩,C02-406,,,,"6,7",1,,,"[{""day"": 4, ""dayName"": ""星期四"", ""periods"": [""6"", ""7""], ""raw"": ""6,7""}, {""day"": 5, ""dayName"": ""星期五"", ""periods"": [""1""], ""raw"": ""1""}]",,,https://course.nuk.edu.tw/QueryCourse/tcontent.asp?OpenYear=095&Helf=1&Sclass=AM&Cono=C02A,2026-08-26T18:02:56+00:00
095-1-AM-C03A-A-3-A,095,1,理學院,AM,應用數學系,C03A,A,大學部,3,A,數值分析(一),3,必,62,57,,5,劉晉良,C02-406,"6,7, 8",,,,,,,"[{""day"": 1, ""dayName"": ""星期一"", ""periods"": [""6"", ""7"", ""8""], ""raw"": ""6,7, 8""}]",外加,,https://course.nuk.edu.tw/QueryCourse/tcontent.asp?OpenYear=095&Helf=1&Sclass=AM&Cono=C03A,2026-08-26T18:02:56+00:00
095-1-AM-C501-A-3-A,095,1,理學院,AM,應用數學系,C501,A,大學部,3,A,數理統計(一),3,選,60,11,,49,黃錦輝,C02-406,,"3,4",,2,,,,"[{""day"": 2, ""dayName"": ""星期二"", ""periods"": [""3"", ""4""], ""raw"": ""3,4""}, {""day"": 4, ""dayName"": ""星期四"", ""periods"": [""2""], ""raw"": ""2""}]",,,https://course.nuk.edu.tw/QueryCourse/tcontent.asp?OpenYear=095&Helf=1&Sclass=AM&Cono=C501,2026-08-26T18:02:56+00:00
095-1-AM-C521-A-3-A,095,1,理學院,AM,應用數學系,C521,A,大學部,3,A,數值分析實習(一),1,選,60,27,,33,劉晉良,L01-107 其他教室,,,"3,4",,,,,"[{""day"": 3, ""dayName"": ""星期三"", ""periods"": [""3"", ""4""], ""raw"": ""3,4""}]",,,https://course.nuk.edu.tw/QueryCourse/tcontent.asp?OpenYear=095&Helf=1&Sclass=AM&Cono=C521,2026-08-26T18:02:56+00:00
095-1-AM-C560-A-3-A,095,1,理學院,AM,應用數學系,C560,A,大學部,3,A,複變函數論,3,選,60,17,,43,陳晴玉,C02-406,,,"9,10, 11",,,,,"[{""day"": 3, ""dayName"": ""星期三"", ""periods"": [""9"", ""10"", ""11""], ""raw"": ""9,10, 11""}]",,,https://course.nuk.edu.tw/QueryCourse/tcontent.asp?OpenYear=095&Helf=1&Sclass=AM&Cono=C560,2026-08-26T18:02:56+00:00
095-1-AM-D58A-A-3-A,095,1,理學院,AM,應用數學系,D58A,A,大學部,3,A,高等線性代數(一),3,選,60,34,,26,郭岳承,C02-104,,"1,2",,,5,,,"[{""day"": 2, ""dayName"": ""星期二"", ""periods"": [""1"", ""2""], ""raw"": ""1,2""}, {""day"": 5, ""dayName"": ""星期五"", ""periods"": [""5""], ""raw"": ""5""}]",,,https://course.nuk.edu.tw/QueryCourse/tcontent.asp?OpenYear=095&Helf=1&Sclass=AM&Cono=D58A,2026-08-26T18:02:56+00:00
095-1-AM-D691-A-3-A,095,1,理學院,AM,應用數學系,D691,A,大學部,3,A,數學建模,3,選,60,10,,50,陳季聰,c02-408,,"5,6, 7",,,,,,"[{""day"": 2, ""dayName"": ""星期二"", ""periods"": [""5"", ""6"", ""7""], ""raw"": ""5,6, 7""}]",,授課教師預定為新聘之陳季聰老師,https://course.nuk.edu.tw/QueryCourse/tcontent.asp?OpenYear=095&Helf=1&Sclass=AM&Cono=D691,2026-08-26T18:02:56+00:00
095-1-AM-C560-A-4-A,095,1,理學院,AM,應用數學系,C560,A,大學部,4,A,複變函數論,3,選,60,17,,43,陳晴玉,C02-406,,,"9,10, 11",,,,,"[{""day"": 3, ""dayName"": ""星期三"", ""periods"": [""9"", ""10"", ""11""], ""raw"": ""9,10, 11""}]",,,https://course.nuk.edu.tw/QueryCourse/tcontent.asp?OpenYear=095&Helf=1&Sclass=AM&Cono=C560,2026-08-26T18:02:56+00:00
095-1-AM-D58A-A-4-A,095,1,理學院,AM,應用數學系,D58A,A,大學部,4,A,高等線性代數(一),3,選,60,34,,26,郭岳承,C02-104,,"1,2",,,5,,,"[{""day"": 2, ""dayName"": ""星期二"", ""periods"": [""1"", ""2""], ""raw"": ""1,2""}, {""day"": 5, ""dayName"": ""星期五"", ""periods"": [""5""], ""raw"": ""5""}]",,,https://course.nuk.edu.tw/QueryCourse/tcontent.asp?OpenYear=095&Helf=1&Sclass=AM&Cono=D58A,2026-08-26T18:02:56+00:00
095-1-AM-D691-A-4-A,095,1,理學院,AM,應用數學系,D691,A,大學部,4,A,數學建模,3,選,60,10,,50,陳季聰,c02-408,,"5,6, 7",,,,,,"[{""day"": 2, ""dayName"": ""星期二"", ""periods"": [""5"", ""6"", ""7""], ""raw"": ""5,6, 7""}]",,,https://course.nuk.edu.tw/QueryCourse/tcontent.asp?OpenYear=095&Helf=1&Sclass=AM&Cono=D691,2026-08-26T18:02:56+00:00
095-1-AM-F501-A-4-A,095,1,理學院,AM,應用數學系,F501,A,大學部,4,A,計數組合(一),3,選,40,3,,37,鄭斯恩,C02-406,,,"1,2",,2,,,"[{""day"": 3, ""dayName"": ""星期三"", ""periods"": [""1"", ""2""], ""raw"": ""1,2""}, {""day"": 5, ""dayName"": ""星期五"", ""periods"": [""2""], ""raw"": ""2""}]",,,https://course.nuk.edu.tw/QueryCourse/tcontent.asp?OpenYear=095&Helf=1&Sclass=AM&Cono=F501,2026-08-26T18:02:56+00:00
095-1-AM-F511-A-4-A,095,1,理學院,AM,應用數學系,F511,A,大學部,4,A,矩陣計算(一),3,選,40,15,,25,郭岳承,B01-101,,,4,,"3,4",,,"[{""day"": 3, ""dayName"": ""星期三"", ""periods"": [""4""], ""raw"": ""4""}, {""day"": 5, ""dayName"": ""星期五"", ""periods"": [""3"", ""4""], ""raw"": ""3,4""}]",,,https://course.nuk.edu.tw/QueryCourse/tcontent.asp?OpenYear=095&Helf=1&Sclass=AM&Cono=F511,2026-08-26T18:02:56+00:00
095-1-AM-F521-A-4-A,095,1,理學院,AM,應用數學系,F521,A,大學部,4,A,科學計算導論,3,選,50,9,,41,王偉仲,C02-406,,,,,"6,7, 8",,,"[{""day"": 5, ""dayName"": ""星期五"", ""periods"": [""6"", ""7"", ""8""], ""raw"": ""6,7, 8""}]",,,https://course.nuk.edu.tw/QueryCourse/tcontent.asp?OpenYear=095&Helf=1&Sclass=AM&Cono=F521,2026-08-26T18:02:56+00:00
095-1-AM-F531-A-4-A,095,1,理學院,AM,應用數學系,F531,A,大學部,4,A,機率論(一),3,選,60,2,,58,李育嘉,c02-408,,,,"6,7, 8",,,,"[{""day"": 4, ""dayName"": ""星期四"", ""periods"": [""6"", ""7"", ""8""], ""raw"": ""6,7, 8""}]",,,https://course.nuk.edu.tw/QueryCourse/tcontent.asp?OpenYear=095&Helf=1&Sclass=AM&Cono=F531,2026-08-26T18:02:56+00:00
095-1-AM-F541-A-4-A,095,1,理學院,AM,應用數學系,F541,A,大學部,4,A,實變函數論(一),3,選,50,21,,29,施信宏,C02-101,"2,3, 4",,,,,,,"[{""day"": 1, ""dayName"": ""星期一"", ""periods"": [""2"", ""3"", ""4""], ""raw"": ""2,3, 4""}]",,,https://course.nuk.edu.tw/QueryCourse/tcontent.asp?OpenYear=095&Helf=1&Sclass=AM&Cono=F541,2026-08-26T18:02:56+00:00
095-1-AM-F551-A-4-A,095,1,理學院,AM,應用數學系,F551,A,大學部,4,A,偏微分方程(一),3,選,60,14,,46,吳宗芳,C02-105,"6,7",,,3,,,,"[{""day"": 1, ""dayName"": ""星期一"", ""periods"": [""6"", ""7""], ""raw"": ""6,7""}, {""day"": 4, ""dayName"": ""星期四"", ""periods"": [""3""], ""raw"": ""3""}]",,,https://course.nuk.edu.tw/QueryCourse/tcontent.asp?OpenYear=095&Helf=1&Sclass=AM&Cono=F551,2026-08-26T18:02:56+00:00
095-1-AM-F011-M-1-,095,1,理學院,AM,應用數學系,F011,M,碩士班,1,,書報討論(一),1,必,20,13,,7,王偉仲,B01-203,,,"6,7",,,,,"[{""day"": 3, ""dayName"": ""星期三"", ""periods"": [""6"", ""7""], ""raw"": ""6,7""}]",,,https://course.nuk.edu.tw/QueryCourse/tcontent.asp?OpenYear=095&Helf=1&Sclass=AM&Cono=F011,2026-08-26T18:02:56+00:00
095-1-AM-F501-M-1-,095,1,理學院,AM,應用數學系,F501,M,碩士班,1,,計數組合(一),3,選,40,3,,37,鄭斯恩,C02-406,,,"1,2",,2,,,"[{""day"": 3, ""dayName"": ""星期三"", ""periods"": [""1"", ""2""], ""raw"": ""1,2""}, {""day"": 5, ""dayName"": ""星期五"", ""periods"": [""2""], ""raw"": ""2""}]",,,https://course.nuk.edu.tw/QueryCourse/tcontent.asp?OpenYear=095&Helf=1&Sclass=AM&Cono=F501,2026-08-26T18:02:56+00:00
095-1-AM-F511-M-1-,095,1,理學院,AM,應用數學系,F511,M,碩士班,1,,矩陣計算(一),3,選,40,15,,25,郭岳承,B01-101,,,4,,"3,4",,,"[{""day"": 3, ""dayName"": ""星期三"", ""periods"": [""4""], ""raw"": ""4""}, {""day"": 5, ""dayName"": ""星期五"", ""periods"": [""3"", ""4""], ""raw"": ""3,4""}]",,,https://course.nuk.edu.tw/QueryCourse/tcontent.asp?OpenYear=095&Helf=1&Sclass=AM&Cono=F511,2026-08-26T18:02:56+00:00
095-1-AM-F521-M-1-,095,1,理學院,AM,應用數學系,F521,M,碩士班,1,,科學計算導論,3,選,50,9,,41,王偉仲,C02-406,,,,,"6,7, 8",,,"[{""day"": 5, ""dayName"": ""星期五"", ""periods"": [""6"", ""7"", ""8""], ""raw"": ""6,7, 8""}]",,,https://course.nuk.edu.tw/QueryCourse/tcontent.asp?OpenYear=095&Helf=1&Sclass=AM&Cono=F521,2026-08-26T18:02:56+00:00
095-1-AM-F531-M-1-,095,1,理學院,AM,應用數學系,F531,M,碩士班,1,,機率論(一),3,選,60,2,,58,李育嘉,c02-408,,,,"6,7, 8",,,,"[{""day"": 4, ""dayName"": ""星期四"", ""periods"": [""6"", ""7"", ""8""], ""raw"": ""6,7, 8""}]",,,https://course.nuk.edu.tw/QueryCourse/tcontent.asp?OpenYear=095&Helf=1&Sclass=AM&Cono=F531,2026-08-26T18:02:56+00:00
095-1-AM-F541-M-1-,095,1,理學院,AM,應用數學系,F541,M,碩士班,1,,實變函數論(一),3,選,50,21,,29,施信宏,C02-101,"2,3, 4",,,,,,,"[{""day"": 1, ""dayName"": ""星期一"", ""periods"": [""2"", ""3"", ""4""], ""raw"": ""2,3, 4""}]",,,https://course.nuk.edu.tw/QueryCourse/tcontent.asp?OpenYear=095&Helf=1&Sclass=AM&Cono=F541,2026-08-26T18:02:56+00:00
095-1-AM-F551-M-1-,095,1,理學院,AM,應用數學系,F551,M,碩士班,1,,偏微分方程(一),3,選,60,14,,46,吳宗芳,C02-105,"6,7",,,3,,,,"[{""day"": 1, ""dayName"": ""星期一"", ""periods"": [""6"", ""7""], ""raw"": ""6,7""}, {""day"": 4, ""dayName"": ""星期四"", ""periods"": [""3""], ""raw"": ""3""}]",,,https://course.nuk.edu.tw/QueryCourse/tcontent.asp?OpenYear=095&Helf=1&Sclass=AM&Cono=F551,2026-08-26T18:02:56+00:00
095-1-AM-F561-M-1-,095,1,理學院,AM,應用數學系,F561,M,碩士班,1,,組合專題研究(一),3,選,30,5,,25,鄭斯恩,C02-406,,"10,11, 12",,,,,,"[{""day"": 2, ""dayName"": ""星期二"", ""periods"": [""10"", ""11"", ""12""], ""raw"": ""10,11, 12""}]",,,https://course.nuk.edu.tw/QueryCourse/tcontent.asp?OpenYear=095&Helf=1&Sclass=AM&Cono=F561,2026-08-26T18:02:56+00:00
095-1-AM-F561-M-4-,095,1,理學院,AM,應用數學系,F561,M,碩士班,4,,組合專題研究(一),3,選,30,5,,25,鄭斯恩,C02-406,,"10,11, 12",,,,,,"[{""day"": 2, ""dayName"": ""星期二"", ""periods"": [""10"", ""11"", ""12""], ""raw"": ""10,11, 12""}]",,,https://course.nuk.edu.tw/QueryCourse/tcontent.asp?OpenYear=095&Helf=1&Sclass=AM&Cono=F561,2026-08-26T18:02:56+00:00
095-1-AP-A01A-A-1-A,095,1,理學院,AP,應用物理學系,A01A,A,大學部,1,A,微積分(一),3,必,60,56,,4,鄭斯恩,C02-108,,,,"2,3, 4",,,,"[{""day"": 4, ""dayName"": ""星期四"", ""periods"": [""2"", ""3"", ""4""], ""raw"": ""2,3, 4""}]",,,https://course.nuk.edu.tw/QueryCourse/tcontent.asp?OpenYear=095&Helf=1&Sclass=AP&Cono=A01A,2026-08-26T18:02:56+00:00
095-1-AP-A02A-A-1-A,095,1,理學院,AP,應用物理學系,A02A,A,大學部,1,A,計算機概論(一),3,必,60,49,,11,沈茂田,L01-107,"2,3, 4",,,,,,,"[{""day"": 1, ""dayName"": ""星期一"", ""periods"": [""2"", ""3"", ""4""], ""raw"": ""2,3, 4""}]",,,https://course.nuk.edu.tw/QueryCourse/tcontent.asp?OpenYear=095&Helf=1&Sclass=AP&Cono=A02A,2026-08-26T18:02:56+00:00
095-1-AP-A03A-A-1-A,095,1,理學院,AP,應用物理學系,A03A,A,大學部,1,A,普通物理學(一),3,必,60,54,,6,黃榮俊,L01-103,,"2,3, 4",,,,,,"[{""day"": 2, ""dayName"": ""星期二"", ""periods"": [""2"", ""3"", ""4""], ""raw"": ""2,3, 4""}]",,,https://course.nuk.edu.tw/QueryCourse/tcontent.asp?OpenYear=095&Helf=1&Sclass=AP&Cono=A03A,2026-08-26T18:02:56+00:00
095-1-AP-A04A-A-1-A,095,1,理學院,AP,應用物理學系,A04A,A,大學部,1,A,普通物理實驗(一),1,必,60,48,,12,吳謙讓,C02-3004,,,,"8,9, 10",,,,"[{""day"": 4, ""dayName"": ""星期四"", ""periods"": [""8"", ""9"", ""10""], ""raw"": ""8,9, 10""}]",,理工二300-4,https://course.nuk.edu.tw/QueryCourse/tcontent.asp?OpenYear=095&Helf=1&Sclass=AP&Cono=A04A,2026-08-26T18:02:56+00:00
095-1-AP-A05A-A-1-A,095,1,理學院,AP,應用物理學系,A05A,A,大學部,1,A,普通化學(一),3,必,60,57,,3,王雲銘,B01-201,,,,,"2,3, 4",,,"[{""day"": 5, ""dayName"": ""星期五"", ""periods"": [""2"", ""3"", ""4""], ""raw"": ""2,3, 4""}]",,,https://course.nuk.edu.tw/QueryCourse/tcontent.asp?OpenYear=095&Helf=1&Sclass=AP&Cono=A05A,2026-08-26T18:02:56+00:00
095-1-AP-A06A-A-1-A,095,1,理學院,AP,應用物理學系,A06A,A,大學部,1,A,普通化學實驗(一),1,必,60,46,,14,劉福鯤,C02-203,,,"2,3, 4",,,,,"[{""day"": 3, ""dayName"": ""星期三"", ""periods"": [""2"", ""3"", ""4""], ""raw"": ""2,3, 4""}]",,,https://course.nuk.edu.tw/QueryCourse/tcontent.asp?OpenYear=095&Helf=1&Sclass=AP&Cono=A06A,2026-08-26T18:02:56+00:00
095-1-AP-B011-A-2-A,095,1,理學院,AP,應用物理學系,B011,A,大學部,2,A,基礎物理實驗,2,必,60,45,,15,黃榮俊 蔡進譯,C02-3005,,,,"1,2, 3,4",,,,"[{""day"": 4, ""dayName"": ""星期四"", ""periods"": [""1"", ""2"", ""3"", ""4""], ""raw"": ""1,2, 3,4""}]",,理工二300-5,https://course.nuk.edu.tw/QueryCourse/tcontent.asp?OpenYear=095&Helf=1&Sclass=AP&Cono=B011,2026-08-26T18:02:56+00:00
095-1-AP-B02A-A-2-A,095,1,理學院,AP,應用物理學系,B02A,A,大學部,2,A,物理數學(一),3,必,60,54,,6,吳謙讓,C02-105,,,,"5,6, 7",,,,"[{""day"": 4, ""dayName"": ""星期四"", ""periods"": [""5"", ""6"", ""7""], ""raw"": ""5,6, 7""}]",,,https://course.nuk.edu.tw/QueryCourse/tcontent.asp?OpenYear=095&Helf=1&Sclass=AP&Cono=B02A,2026-08-26T18:02:56+00:00
095-1-AP-B03A-A-2-A,095,1,理學院,AP,應用物理學系,B03A,A,大學部,2,A,電磁學(一),3,必,60,54,,6,胡裕民,B01-201,"2,3, 4",,,,,,,"[{""day"": 1, ""dayName"": ""星期一"", ""periods"": [""2"", ""3"", ""4""], ""raw"": ""2,3, 4""}]",,,https://course.nuk.edu.tw/QueryCourse/tcontent.asp?OpenYear=095&Helf=1&Sclass=AP&Cono=B03A,2026-08-26T18:02:56+00:00
095-1-AP-B041-A-2-A,095,1,理學院,AP,應用物理學系,B041,A,大學部,2,A,理論力學(一),3,必,60,45,,15,蔡進譯,C02-105,,,,,"2,3, 4",,,"[{""day"": 5, ""dayName"": ""星期五"", ""periods"": [""2"", ""3"", ""4""], ""raw"": ""2,3, 4""}]",,,https://course.nuk.edu.tw/QueryCourse/tcontent.asp?OpenYear=095&Helf=1&Sclass=AP&Cono=B041,2026-08-26T18:02:56+00:00
095-1-AP-B52A-A-2-A,095,1,理學院,AP,應用物理學系,B52A,A,大學部,2,A,奈米科技導論(一),3,選,60,53,,7,余進忠,C02-106,,,"5,6, 7",,,,,"[{""day"": 3, ""dayName"": ""星期三"", ""periods"": [""5"", ""6"", ""7""], ""raw"": ""5,6, 7""}]",,,https://course.nuk.edu.tw/QueryCourse/tcontent.asp?OpenYear=095&Helf=1&Sclass=AP&Cono=B52A,2026-08-26T18:02:56+00:00
095-1-AP-B541-A-3-A,095,1,理學院,AP,應用物理學系,B541,A,大學部,3,A,半導體元件物理,3,選,60,12,,48,孫士傑,C02-106,,,,"2,3, 4",,,,"[{""day"": 4, ""dayName"": ""星期四"", ""periods"": [""2"", ""3"", ""4""], ""raw"": ""2,3, 4""}]",,,https://course.nuk.edu.tw/QueryCourse/tcontent.asp?OpenYear=095&Helf=1&Sclass=AP&Cono=B541,2026-08-26T18:02:56+00:00
095-1-AP-C01A-A-3-A,095,1,理學院,AP,應用物理學系,C01A,A,大學部,3,A,應用電子學實驗(一),2,必,60,54,,6,黃建榮,C02-3006,,,"1,2, 3,4",,,,,"[{""day"": 3, ""dayName"": ""星期三"", ""periods"": [""1"", ""2"", ""3"", ""4""], ""raw"": ""1,2, 3,4""}]",,,https://course.nuk.edu.tw/QueryCourse/tcontent.asp?OpenYear=095&Helf=1&Sclass=AP&Cono=C01A,2026-08-26T18:02:56+00:00
095-1-AP-C02A-A-3-A,095,1,理學院,AP,應用物理學系,C02A,A,大學部,3,A,量子物理(一),3,必,70,68,,2,孫士傑,B01-201,,"5,6, 7",,,,,,"[{""day"": 2, ""dayName"": ""星期二"", ""periods"": [""5"", ""6"", ""7""], ""raw"": ""5,6, 7""}]",,,https://course.nuk.edu.tw/QueryCourse/tcontent.asp?OpenYear=095&Helf=1&Sclass=AP&Cono=C02A,2026-08-26T18:02:56+00:00
095-1-AP-C03A-A-3-A,095,1,理學院,AP,應用物理學系,C03A,A,大學部,3,A,應用電子學(一),3,必,70,66,,4,黃建榮,C02-105,,"2,3, 4",,,,,,"[{""day"": 2, ""dayName"": ""星期二"", ""periods"": [""2"", ""3"", ""4""], ""raw"": ""2,3, 4""}]",,,https://course.nuk.edu.tw/QueryCourse/tcontent.asp?OpenYear=095&Helf=1&Sclass=AP&Cono=C03A,2026-08-26T18:02:56+00:00
095-1-AP-C511-A-3-A,095,1,理學院,AP,應用物理學系,C511,A,大學部,3,A,物理數學特論,3,選,60,43,,17,吳謙讓,C02-106,,,,,"2,3, 4",,,"[{""day"": 5, ""dayName"": ""星期五"", ""periods"": [""2"", ""3"", ""4""], ""raw"": ""2,3, 4""}]",,,https://course.nuk.edu.tw/QueryCourse/tcontent.asp?OpenYear=095&Helf=1&Sclass=AP&Cono=C511,2026-08-26T18:02:56+00:00
095-1-AP-C59A-A-3-A,095,1,理學院,AP,應用物理學系,C59A,A,大學部,3,A,熱統計物理學(一),3,選,60,15,,45,孫士傑,C02-104,"5,6, 7",,,,,,,"[{""day"": 1, ""dayName"": ""星期一"", ""periods"": [""5"", ""6"", ""7""], ""raw"": ""5,6, 7""}]",,,https://course.nuk.edu.tw/QueryCourse/tcontent.asp?OpenYear=095&Helf=1&Sclass=AP&Cono=C59A,2026-08-26T18:02:56+00:00
095-1-AP-C60A-A-3-A,095,1,理學院,AP,應用物理學系,C60A,A,大學部,3,A,光學(一),3,選,60,53,,7,吳謙讓,C02-106,,,,,"6,7, 8",,,"[{""day"": 5, ""dayName"": ""星期五"", ""periods"": [""6"", ""7"", ""8""], ""raw"": ""6,7, 8""}]",,,https://course.nuk.edu.tw/QueryCourse/tcontent.asp?OpenYear=095&Helf=1&Sclass=AP&Cono=C60A,2026-08-26T18:02:56+00:00
095-1-AP-D50A-A-4-A,095,1,理學院,AP,應用物理學系,D50A,A,大學部,4,A,奈米工程(一),3,選,60,17,,43,余進忠,C02-105,"2,3, 4",,,,,,,"[{""day"": 1, ""dayName"": ""星期一"", ""periods"": [""2"", ""3"", ""4""], ""raw"": ""2,3, 4""}]",,,https://course.nuk.edu.tw/QueryCourse/tcontent.asp?OpenYear=095&Helf=1&Sclass=AP&Cono=D50A,2026-08-26T18:02:56+00:00
095-1-AP-D51A-A-4-A,095,1,理學院,AP,應用物理學系,D51A,A,大學部,4,A,固態物理導論(一),3,選,60,7,,53,胡裕民,B01-201,"5,6, 7",,,,,,,"[{""day"": 1, ""dayName"": ""星期一"", ""periods"": [""5"", ""6"", ""7""], ""raw"": ""5,6, 7""}]",,,https://course.nuk.edu.tw/QueryCourse/tcontent.asp?OpenYear=095&Helf=1&Sclass=AP&Cono=D51A,2026-08-26T18:02:56+00:00
095-1-AP-D52A-A-4-A,095,1,理學院,AP,應用物理學系,D52A,A,大學部,4,A,磁性物理導論(一),3,選,60,5,,55,周雄,C02-108,,,"5,6, 7",,,,,"[{""day"": 3, ""dayName"": ""星期三"", ""periods"": [""5"", ""6"", ""7""], ""raw"": ""5,6, 7""}]",,,https://course.nuk.edu.tw/QueryCourse/tcontent.asp?OpenYear=095&Helf=1&Sclass=AP&Cono=D52A,2026-08-26T18:02:56+00:00
095-1-AP-D55A-A-4-A,095,1,理學院,AP,應用物理學系,D55A,A,大學部,4,A,專題討論(一)-奈米,1,必,25,15,,10,黃建榮,,,,,,"10,11, 12",,,"[{""day"": 5, ""dayName"": ""星期五"", ""periods"": [""10"", ""11"", ""12""], ""raw"": ""10,11, 12""}]",,理工二521,https://course.nuk.edu.tw/QueryCourse/tcontent.asp?OpenYear=095&Helf=1&Sclass=AP&Cono=D55A,2026-08-26T18:02:56+00:00
095-1-AP-D56A-A-4-A,095,1,理學院,AP,應用物理學系,D56A,A,大學部,4,A,專題討論(一)-磁性半導體,1,必,25,12,,13,胡裕民,,,,,,"10,11, 12",,,"[{""day"": 5, ""dayName"": ""星期五"", ""periods"": [""10"", ""11"", ""12""], ""raw"": ""10,11, 12""}]",,理工二523,https://course.nuk.edu.tw/QueryCourse/tcontent.asp?OpenYear=095&Helf=1&Sclass=AP&Cono=D56A,2026-08-26T18:02:56+00:00
095-1-AP-D57A-A-4-A,095,1,理學院,AP,應用物理學系,D57A,A,大學部,4,A,專題討論(一)-光電,1,必,25,14,,11,馮世維,,,,,,"10,11, 12",,,"[{""day"": 5, ""dayName"": ""星期五"", ""periods"": [""10"", ""11"", ""12""], ""raw"": ""10,11, 12""}]",,理工二525,https://course.nuk.edu.tw/QueryCourse/tcontent.asp?OpenYear=095&Helf=1&Sclass=AP&Cono=D57A,2026-08-26T18:02:56+00:00
095-1-AP-D591-A-4-A,095,1,理學院,AP,應用物理學系,D591,A,大學部,4,A,光電元件與材料,3,選,60,21,,39,馮世維,C02-101,,,"2,3, 4",,,,,"[{""day"": 3, ""dayName"": ""星期三"", ""periods"": [""2"", ""3"", ""4""], ""raw"": ""2,3, 4""}]",,,https://course.nuk.edu.tw/QueryCourse/tcontent.asp?OpenYear=095&Helf=1&Sclass=AP&Cono=D591,2026-08-26T18:02:56+00:00
095-1-BT-F041-M-1-,095,1,理學院,BT,生物科技研究所,F041,M,碩士班,1,,生物科技特論,3,必,18,11,,7,楊文仁 陳彥澄,C02-110,,,,"2,3, 4",,,,"[{""day"": 4, ""dayName"": ""星期四"", ""periods"": [""2"", ""3"", ""4""], ""raw"": ""2,3, 4""}]",,,https://course.nuk.edu.tw/QueryCourse/tcontent.asp?OpenYear=095&Helf=1&Sclass=BT&Cono=F041,2026-08-26T18:02:56+00:00
095-1-BT-F051-M-1-,095,1,理學院,BT,生物科技研究所,F051,M,碩士班,1,,專題研究(一),1,必,18,10,,8,楊文仁,C02-110,"3,4",,,,,,,"[{""day"": 1, ""dayName"": ""星期一"", ""periods"": [""3"", ""4""], ""raw"": ""3,4""}]",,,https://course.nuk.edu.tw/QueryCourse/tcontent.asp?OpenYear=095&Helf=1&Sclass=BT&Cono=F051,2026-08-26T18:02:56+00:00
095-1-BT-F061-M-1-,095,1,理學院,BT,生物科技研究所,F061,M,碩士班,1,,專題討論(一),1,必,18,10,,8,陳文輝 楊文仁,C02-102,,,"3,4",,,,,"[{""day"": 3, ""dayName"": ""星期三"", ""periods"": [""3"", ""4""], ""raw"": ""3,4""}]",,,https://course.nuk.edu.tw/QueryCourse/tcontent.asp?OpenYear=095&Helf=1&Sclass=BT&Cono=F061,2026-08-26T18:02:56+00:00
095-1-BT-F641-M-1-,095,1,理學院,BT,生物科技研究所,F641,M,碩士班,1,,分子生物學特論,3,選,28,9,,19,楊文仁,C02-101,,"2,3, 4",,,,,,"[{""day"": 2, ""dayName"": ""星期二"", ""periods"": [""2"", ""3"", ""4""], ""raw"": ""2,3, 4""}]",,,https://course.nuk.edu.tw/QueryCourse/tcontent.asp?OpenYear=095&Helf=1&Sclass=BT&Cono=F641,2026-08-26T18:02:56+00:00
095-1-BT-F661-M-1-,095,1,理學院,BT,生物科技研究所,F661,M,碩士班,1,,植物生長分化特論,3,選,28,4,,24,王恆隆,C02-102,,,,"5,6, 7",,,,"[{""day"": 4, ""dayName"": ""星期四"", ""periods"": [""5"", ""6"", ""7""], ""raw"": ""5,6, 7""}]",,,https://course.nuk.edu.tw/QueryCourse/tcontent.asp?OpenYear=095&Helf=1&Sclass=BT&Cono=F661,2026-08-26T18:02:56+00:00
095-1-BT-F711-M-1-,095,1,理學院,BT,生物科技研究所,F711,M,碩士班,1,,環境荷爾蒙與內分泌,3,選,28,1,,27,黃永森,C02-110,,,,"5,6, 7",,,,"[{""day"": 4, ""dayName"": ""星期四"", ""periods"": [""5"", ""6"", ""7""], ""raw"": ""5,6, 7""}]",,,https://course.nuk.edu.tw/QueryCourse/tcontent.asp?OpenYear=095&Helf=1&Sclass=BT&Cono=F711,2026-08-26T18:02:56+00:00
095-1-BT-F781-M-1-,095,1,理學院,BT,生物科技研究所,F781,M,碩士班,1,,細胞與分子免疫學,3,選,28,10,,18,楊文仁,C02-102,,,,,"2,3, 4",,,"[{""day"": 5, ""dayName"": ""星期五"", ""periods"": [""2"", ""3"", ""4""], ""raw"": ""2,3, 4""}]",,,https://course.nuk.edu.tw/QueryCourse/tcontent.asp?OpenYear=095&Helf=1&Sclass=BT&Cono=F781,2026-08-26T18:02:56+00:00
095-1-BT-G001-M-2-,095,1,理學院,BT,生物科技研究所,G001,M,碩士班,2,,專題研究(三),1,必,10,10,,0,陳彥澄,,"3,4",,,,,,,"[{""day"": 1, ""dayName"": ""星期一"", ""periods"": [""3"", ""4""], ""raw"": ""3,4""}]",先修,理二608教室上課,https://course.nuk.edu.tw/QueryCourse/tcontent.asp?OpenYear=095&Helf=1&Sclass=BT&Cono=G001,2026-08-26T18:02:56+00:00
095-1-BT-G011-M-2-,095,1,理學院,BT,生物科技研究所,G011,M,碩士班,2,,專題討論(三),1,必,10,10,,0,林順富 陳彥澄,C02-110,,,"3,4",,,,,"[{""day"": 3, ""dayName"": ""星期三"", ""periods"": [""3"", ""4""], ""raw"": ""3,4""}]",先修,,https://course.nuk.edu.tw/QueryCourse/tcontent.asp?OpenYear=095&Helf=1&Sclass=BT&Cono=G011,2026-08-26T18:02:56+00:00
095-1-LS-A01A-A-1-A,095,1,理學院,LS,生命科學系,A01A,A,大學部,1,A,普通生物學(一),3,必,72,68,,4,陳彥澄,C02-101,,,,"5,6, 7",,,,"[{""day"": 4, ""dayName"": ""星期四"", ""periods"": [""5"", ""6"", ""7""], ""raw"": ""5,6, 7""}]",外加,,https://course.nuk.edu.tw/QueryCourse/tcontent.asp?OpenYear=095&Helf=1&Sclass=LS&Cono=A01A,2026-08-26T18:02:56+00:00
095-1-LS-A02A-A-1-A,095,1,理學院,LS,生命科學系,A02A,A,大學部,1,A,普通生物學實驗(一),1,必,30,26,,4,王俊順,C02-202,,"5,6, 7",,,,,,"[{""day"": 2, ""dayName"": ""星期二"", ""periods"": [""5"", ""6"", ""7""], ""raw"": ""5,6, 7""}]",,使用C02-202實驗室、本系一年級雙號學生,https://course.nuk.edu.tw/QueryCourse/tcontent.asp?OpenYear=095&Helf=1&Sclass=LS&Cono=A02A,2026-08-26T18:02:56+00:00
095-1-LS-A03A-A-1-A,095,1,理學院,LS,生命科學系,A03A,A,大學部,1,A,普通生物學實驗(一),1,必,30,28,,2,施能朗,C02-202,,"10,11, 12",,,,,,"[{""day"": 2, ""dayName"": ""星期二"", ""periods"": [""10"", ""11"", ""12""], ""raw"": ""10,11, 12""}]",,使用C02-202實驗室、本系一年級單號學生,https://course.nuk.edu.tw/QueryCourse/tcontent.asp?OpenYear=095&Helf=1&Sclass=LS&Cono=A03A,2026-08-26T18:02:56+00:00
095-1-LS-A07A-A-1-A,095,1,理學院,LS,生命科學系,A07A,A,大學部,1,A,普通化學(一),3,必,65,59,,6,王麗芳,B01-202,,,,,"2,3, 4",,,"[{""day"": 5, ""dayName"": ""星期五"", ""periods"": [""2"", ""3"", ""4""], ""raw"": ""2,3, 4""}]",,應化系王麗芳老師,https://course.nuk.edu.tw/QueryCourse/tcontent.asp?OpenYear=095&Helf=1&Sclass=LS&Cono=A07A,2026-08-26T18:02:56+00:00
095-1-LS-A08A-A-1-A,095,1,理學院,LS,生命科學系,A08A,A,大學部,1,A,普通化學實驗(一),1,必,52,52,,0,莊琇惠,C02-203,,"2,3, 4",,,,,,"[{""day"": 2, ""dayName"": ""星期二"", ""periods"": [""2"", ""3"", ""4""], ""raw"": ""2,3, 4""}]",限修及外加,使用C02-203實驗室,https://course.nuk.edu.tw/QueryCourse/tcontent.asp?OpenYear=095&Helf=1&Sclass=LS&Cono=A08A,2026-08-26T18:02:56+00:00
095-1-LS-A10A-A-1-A,095,1,理學院,LS,生命科學系,A10A,A,大學部,1,A,微積分(一),3,必,65,59,,6,陳季聰,B01-202,,,"2,3, 4",,,,,"[{""day"": 3, ""dayName"": ""星期三"", ""periods"": [""2"", ""3"", ""4""], ""raw"": ""2,3, 4""}]",,,https://course.nuk.edu.tw/QueryCourse/tcontent.asp?OpenYear=095&Helf=1&Sclass=LS&Cono=A10A,2026-08-26T18:02:56+00:00
095-1-LS-A511-A-1-A,095,1,理學院,LS,生命科學系,A511,A,大學部,1,A,生命科學概論,3,必,65,63,,2,陳文輝,C02-111,,,,"2,3, 4",,,,"[{""day"": 4, ""dayName"": ""星期四"", ""periods"": [""2"", ""3"", ""4""], ""raw"": ""2,3, 4""}]",,使用C02-111階梯教室,https://course.nuk.edu.tw/QueryCourse/tcontent.asp?OpenYear=095&Helf=1&Sclass=LS&Cono=A511,2026-08-26T18:02:56+00:00
095-1-LS-B021-A-2-A,095,1,理學院,LS,生命科學系,B021,A,大學部,2,A,有機化學實驗,1,必,60,43,,17,郭文章,C02-203,,,"5,6, 7",,,,,"[{""day"": 3, ""dayName"": ""星期三"", ""periods"": [""5"", ""6"", ""7""], ""raw"": ""5,6, 7""}]",,使用C02-203實驗室,https://course.nuk.edu.tw/QueryCourse/tcontent.asp?OpenYear=095&Helf=1&Sclass=LS&Cono=B021,2026-08-26T18:02:56+00:00
095-1-LS-B031-A-2-A,095,1,理學院,LS,生命科學系,B031,A,大學部,2,A,微生物學,3,必,60,45,,15,林順富,C02-106,,"2,3, 4",,,,,,"[{""day"": 2, ""dayName"": ""星期二"", ""periods"": [""2"", ""3"", ""4""], ""raw"": ""2,3, 4""}]",,,https://course.nuk.edu.tw/QueryCourse/tcontent.asp?OpenYear=095&Helf=1&Sclass=LS&Cono=B031,2026-08-26T18:02:56+00:00
095-1-LS-B042-A-2-A,095,1,理學院,LS,生命科學系,B042,A,大學部,2,A,微生物學實驗(A),1,必,30,18,,12,林順富,C02-201,,,,"2,3, 4",,,,"[{""day"": 4, ""dayName"": ""星期四"", ""periods"": [""2"", ""3"", ""4""], ""raw"": ""2,3, 4""}]",,生命科學系一年級雙號學生，使用 C02-201實驗室,https://course.nuk.edu.tw/QueryCourse/tcontent.asp?OpenYear=095&Helf=1&Sclass=LS&Cono=B042,2026-08-26T18:02:56+00:00
095-1-LS-B043-A-2-A,095,1,理學院,LS,生命科學系,B043,A,大學部,2,A,微生物學實驗(B),1,必,30,23,,7,林順富,C02-201,,,,"5,6, 7",,,,"[{""day"": 4, ""dayName"": ""星期四"", ""periods"": [""5"", ""6"", ""7""], ""raw"": ""5,6, 7""}]",,生命科學系二年級單號學生，使用 C02-201實驗室,https://course.nuk.edu.tw/QueryCourse/tcontent.asp?OpenYear=095&Helf=1&Sclass=LS&Cono=B043,2026-08-26T18:02:56+00:00
095-1-LS-B051-A-2-A,095,1,理學院,LS,生命科學系,B051,A,大學部,2,A,遺傳學,3,必,60,59,,1,高佑靈,C02-106,,"5,6, 7",,,,,,"[{""day"": 2, ""dayName"": ""星期二"", ""periods"": [""5"", ""6"", ""7""], ""raw"": ""5,6, 7""}]",,使用理二教室,https://course.nuk.edu.tw/QueryCourse/tcontent.asp?OpenYear=095&Helf=1&Sclass=LS&Cono=B051,2026-08-26T18:02:56+00:00
095-1-LS-B062-A-2-A,095,1,理學院,LS,生命科學系,B062,A,大學部,2,A,遺傳學實驗(A),1,必,30,25,,5,高佑靈,C02-202,,,,"2,3, 4",,,,"[{""day"": 4, ""dayName"": ""星期四"", ""periods"": [""2"", ""3"", ""4""], ""raw"": ""2,3, 4""}]",,生命科學系二年級單號學生，使用理工二202實驗室,https://course.nuk.edu.tw/QueryCourse/tcontent.asp?OpenYear=095&Helf=1&Sclass=LS&Cono=B062,2026-08-26T18:02:56+00:00
095-1-LS-B063-A-2-A,095,1,理學院,LS,生命科學系,B063,A,大學部,2,A,遺傳學實驗(B),1,必,30,22,,8,高佑靈,C02-202,,,,"5,6, 7",,,,"[{""day"": 4, ""dayName"": ""星期四"", ""periods"": [""5"", ""6"", ""7""], ""raw"": ""5,6, 7""}]",,生命科學系二年級雙號學生，使用 C02-202實驗室,https://course.nuk.edu.tw/QueryCourse/tcontent.asp?OpenYear=095&Helf=1&Sclass=LS&Cono=B063,2026-08-26T18:02:56+00:00
095-1-LS-B101-A-2-A,095,1,理學院,LS,生命科學系,B101,A,大學部,2,A,有機化學,3,必,60,54,,6,王志鉦,B01-102,,,,,"2,3, 4",,,"[{""day"": 5, ""dayName"": ""星期五"", ""periods"": [""2"", ""3"", ""4""], ""raw"": ""2,3, 4""}]",限修,,https://course.nuk.edu.tw/QueryCourse/tcontent.asp?OpenYear=095&Helf=1&Sclass=LS&Cono=B101,2026-08-26T18:02:56+00:00
095-1-LS-B521-A-2-A,095,1,理學院,LS,生命科學系,B521,A,大學部,2,A,寄生蟲學,3,選,60,43,,17,施能朗,C02-106,,,"2,3, 4",,,,,"[{""day"": 3, ""dayName"": ""星期三"", ""periods"": [""2"", ""3"", ""4""], ""raw"": ""2,3, 4""}]",,,https://course.nuk.edu.tw/QueryCourse/tcontent.asp?OpenYear=095&Helf=1&Sclass=LS&Cono=B521,2026-08-26T18:02:56+00:00
095-1-LS-C01A-A-3-A,095,1,理學院,LS,生命科學系,C01A,A,大學部,3,A,生物化學(一),3,必,60,56,,4,王恆隆,C02-105,,,"2,3, 4",,,,,"[{""day"": 3, ""dayName"": ""星期三"", ""periods"": [""2"", ""3"", ""4""], ""raw"": ""2,3, 4""}]",,,https://course.nuk.edu.tw/QueryCourse/tcontent.asp?OpenYear=095&Helf=1&Sclass=LS&Cono=C01A,2026-08-26T18:02:56+00:00
095-1-LS-C021-A-3-A,095,1,理學院,LS,生命科學系,C021,A,大學部,3,A,生物化學實驗(一)(A),1,必,30,21,,9,王恆隆 黃永森,C02-202,,,,,"2,3, 4",,,"[{""day"": 5, ""dayName"": ""星期五"", ""periods"": [""2"", ""3"", ""4""], ""raw"": ""2,3, 4""}]",,使用 理工二202驗室,https://course.nuk.edu.tw/QueryCourse/tcontent.asp?OpenYear=095&Helf=1&Sclass=LS&Cono=C021,2026-08-26T18:02:56+00:00
095-1-LS-C022-A-3-A,095,1,理學院,LS,生命科學系,C022,A,大學部,3,A,生物化學實驗(一)(B),1,必,30,29,,1,王恆隆 黃永森,C02-202,,,"10,11, 12",,,,,"[{""day"": 3, ""dayName"": ""星期三"", ""periods"": [""10"", ""11"", ""12""], ""raw"": ""10,11, 12""}]",,使用 理工二202驗室,https://course.nuk.edu.tw/QueryCourse/tcontent.asp?OpenYear=095&Helf=1&Sclass=LS&Cono=C022,2026-08-26T18:02:56+00:00
095-1-LS-C031-A-3-A,095,1,理學院,LS,生命科學系,C031,A,大學部,3,A,分子生物學,3,必,65,62,,3,黃永森,B01-202,"2,3, 4",,,,,,,"[{""day"": 1, ""dayName"": ""星期一"", ""periods"": [""2"", ""3"", ""4""], ""raw"": ""2,3, 4""}]",,,https://course.nuk.edu.tw/QueryCourse/tcontent.asp?OpenYear=095&Helf=1&Sclass=LS&Cono=C031,2026-08-26T18:02:56+00:00
095-1-LS-C081-A-3-A,095,1,理學院,LS,生命科學系,C081,A,大學部,3,A,動物生理學,3,必,60,28,,32,溫秋明,C02-102,"7,8, 9",,,,,,,"[{""day"": 1, ""dayName"": ""星期一"", ""periods"": [""7"", ""8"", ""9""], ""raw"": ""7,8, 9""}]",,,https://course.nuk.edu.tw/QueryCourse/tcontent.asp?OpenYear=095&Helf=1&Sclass=LS&Cono=C081,2026-08-26T18:02:56+00:00
095-1-LS-C501-A-3-A,095,1,理學院,LS,生命科學系,C501,A,大學部,3,A,病毒學,3,選,60,23,,37,王俊順,C02-102,,,,"2,3, 4",,,,"[{""day"": 4, ""dayName"": ""星期四"", ""periods"": [""2"", ""3"", ""4""], ""raw"": ""2,3, 4""}]",,,https://course.nuk.edu.tw/QueryCourse/tcontent.asp?OpenYear=095&Helf=1&Sclass=LS&Cono=C501,2026-08-26T18:02:56+00:00
095-1-LS-C511-A-3-A,095,1,理學院,LS,生命科學系,C511,A,大學部,3,A,胚胎學,3,選,60,21,,39,施能朗,B01-202,,,,"5,6, 7",,,,"[{""day"": 4, ""dayName"": ""星期四"", ""periods"": [""5"", ""6"", ""7""], ""raw"": ""5,6, 7""}]",,,https://course.nuk.edu.tw/QueryCourse/tcontent.asp?OpenYear=095&Helf=1&Sclass=LS&Cono=C511,2026-08-26T18:02:56+00:00
095-1-LS-C621-A-3-A,095,1,理學院,LS,生命科學系,C621,A,大學部,3,A,內分泌學,3,選,60,9,,51,黃永森,C02-110,,"2,3, 4",,,,,,"[{""day"": 2, ""dayName"": ""星期二"", ""periods"": [""2"", ""3"", ""4""], ""raw"": ""2,3, 4""}]",,,https://course.nuk.edu.tw/QueryCourse/tcontent.asp?OpenYear=095&Helf=1&Sclass=LS&Cono=C621,2026-08-26T18:02:56+00:00
095-1-LS-C631-A-3-A,095,1,理學院,LS,生命科學系,C631,A,大學部,3,A,動物生理學實驗,1,選,60,7,,53,溫秋明,C02-201,,"5,6, 7",,,,,,"[{""day"": 2, ""dayName"": ""星期二"", ""periods"": [""5"", ""6"", ""7""], ""raw"": ""5,6, 7""}]",,使用 C02-201實驗室,https://course.nuk.edu.tw/QueryCourse/tcontent.asp?OpenYear=095&Helf=1&Sclass=LS&Cono=C631,2026-08-26T18:02:56+00:00
095-1-LS-C641-A-3-A,095,1,理學院,LS,生命科學系,C641,A,大學部,3,A,動物組織培養學及實驗,3,選,60,24,,36,溫秋明,C02-102 其他教室,,,,1,"5,6",,,"[{""day"": 4, ""dayName"": ""星期四"", ""periods"": [""1""], ""raw"": ""1""}, {""day"": 5, ""dayName"": ""星期五"", ""periods"": [""5"", ""6""], ""raw"": ""5,6""}]",,使用 理工二605-1實驗室,https://course.nuk.edu.tw/QueryCourse/tcontent.asp?OpenYear=095&Helf=1&Sclass=LS&Cono=C641,2026-08-26T18:02:56+00:00
095-1-LS-C651-A-3-A,095,1,理學院,LS,生命科學系,C651,A,大學部,3,A,植物組織培養學及實驗,3,選,60,30,,30,陳文輝,C02-201 其他教室,,"2,3, 4",,,,,,"[{""day"": 2, ""dayName"": ""星期二"", ""periods"": [""2"", ""3"", ""4""], ""raw"": ""2,3, 4""}]",,使用 C02-201實驗室,https://course.nuk.edu.tw/QueryCourse/tcontent.asp?OpenYear=095&Helf=1&Sclass=LS&Cono=C651,2026-08-26T18:02:56+00:00
095-1-LS-C731-A-3-A,095,1,理學院,LS,生命科學系,C731,A,大學部,3,A,免疫學,3,選,60,24,,36,王俊順,C02-102,,,"5,6, 7",,,,,"[{""day"": 3, ""dayName"": ""星期三"", ""periods"": [""5"", ""6"", ""7""], ""raw"": ""5,6, 7""}]",,,https://course.nuk.edu.tw/QueryCourse/tcontent.asp?OpenYear=095&Helf=1&Sclass=LS&Cono=C731,2026-08-26T18:02:56+00:00
095-1-LS-C741-A-3-A,095,1,理學院,LS,生命科學系,C741,A,大學部,3,A,藥用植物學,3,選,60,31,,29,陳彥澄,C02-105,,"5,6, 7",,,,,,"[{""day"": 2, ""dayName"": ""星期二"", ""periods"": [""5"", ""6"", ""7""], ""raw"": ""5,6, 7""}]",,,https://course.nuk.edu.tw/QueryCourse/tcontent.asp?OpenYear=095&Helf=1&Sclass=LS&Cono=C741,2026-08-26T18:02:56+00:00
095-1-LS-D001-A-4-A,095,1,理學院,LS,生命科學系,D001,A,大學部,4,A,書報討論(一),1,必,60,56,,4,王俊順 高佑靈,C02-101,,"10,11",,,,,,"[{""day"": 2, ""dayName"": ""星期二"", ""periods"": [""10"", ""11""], ""raw"": ""10,11""}]",,,https://course.nuk.edu.tw/QueryCourse/tcontent.asp?OpenYear=095&Helf=1&Sclass=LS&Cono=D001,2026-08-26T18:02:56+00:00
095-1-LS-D631-A-4-A,095,1,理學院,LS,生命科學系,D631,A,大學部,4,A,學士論文,2,選,12,11,,1,王俊順,C02-101,"10,11",,,,,,,"[{""day"": 1, ""dayName"": ""星期一"", ""periods"": [""10"", ""11""], ""raw"": ""10,11""}]",,,https://course.nuk.edu.tw/QueryCourse/tcontent.asp?OpenYear=095&Helf=1&Sclass=LS&Cono=D631,2026-08-26T18:02:56+00:00
095-1-LS-D641-A-4-A,095,1,理學院,LS,生命科學系,D641,A,大學部,4,A,植物分子生物技術,3,選,60,20,,40,葛孟杰,C02-104,,,,"2,3, 4",,,,"[{""day"": 4, ""dayName"": ""星期四"", ""periods"": [""2"", ""3"", ""4""], ""raw"": ""2,3, 4""}]",,,https://course.nuk.edu.tw/QueryCourse/tcontent.asp?OpenYear=095&Helf=1&Sclass=LS&Cono=D641,2026-08-26T18:02:56+00:00
095-1-ST-F01A-D-1-,095,1,理學院,ST,統計學研究所,F01A,D,博士班,1,,書報討論(一),1,必,30,7,,23,黃錦輝,C02-B103,,,"6,7",,,,,"[{""day"": 3, ""dayName"": ""星期三"", ""periods"": [""6"", ""7""], ""raw"": ""6,7""}]",,,https://course.nuk.edu.tw/QueryCourse/tcontent.asp?OpenYear=095&Helf=1&Sclass=ST&Cono=F01A,2026-08-26T18:02:56+00:00
095-1-ST-F731-D-1-,095,1,理學院,ST,統計學研究所,F731,D,博士班,1,,應用機率模型,3,選,30,4,,26,黃文璋,C02-B103,,"3,4",,2,,,,"[{""day"": 2, ""dayName"": ""星期二"", ""periods"": [""3"", ""4""], ""raw"": ""3,4""}, {""day"": 4, ""dayName"": ""星期四"", ""periods"": [""2""], ""raw"": ""2""}]",,,https://course.nuk.edu.tw/QueryCourse/tcontent.asp?OpenYear=095&Helf=1&Sclass=ST&Cono=F731,2026-08-26T18:02:56+00:00
095-1-ST-F01A-M-1-,095,1,理學院,ST,統計學研究所,F01A,M,碩士班,1,,書報討論(一),1,必,30,7,,23,黃錦輝,C02-B103,,,"6,7",,,,,"[{""day"": 3, ""dayName"": ""星期三"", ""periods"": [""6"", ""7""], ""raw"": ""6,7""}]",,上課2小時。,https://course.nuk.edu.tw/QueryCourse/tcontent.asp?OpenYear=095&Helf=1&Sclass=ST&Cono=F01A,2026-08-26T18:02:56+00:00
095-1-ST-F511-M-1-,095,1,理學院,ST,統計學研究所,F511,M,碩士班,1,,數理統計,3,選,30,6,,24,陳瑞彬,C02-B103,6,,"3,4",,,,,"[{""day"": 1, ""dayName"": ""星期一"", ""periods"": [""6""], ""raw"": ""6""}, {""day"": 3, ""dayName"": ""星期三"", ""periods"": [""3"", ""4""], ""raw"": ""3,4""}]",,,https://course.nuk.edu.tw/QueryCourse/tcontent.asp?OpenYear=095&Helf=1&Sclass=ST&Cono=F511,2026-08-26T18:02:56+00:00
095-1-ST-F521-M-1-,095,1,理學院,ST,統計學研究所,F521,M,碩士班,1,,迴歸分析,3,選,30,6,,24,黃錦輝,C02-B103,,2,,,"3,4",,,"[{""day"": 2, ""dayName"": ""星期二"", ""periods"": [""2""], ""raw"": ""2""}, {""day"": 5, ""dayName"": ""星期五"", ""periods"": [""3"", ""4""], ""raw"": ""3,4""}]",,應用數學系大四學生亦可修。,https://course.nuk.edu.tw/QueryCourse/tcontent.asp?OpenYear=095&Helf=1&Sclass=ST&Cono=F521,2026-08-26T18:02:56+00:00
095-1-ST-F681-M-1-,095,1,理學院,ST,統計學研究所,F681,M,碩士班,1,,基礎統計,3,選,30,6,,24,黃文璋 陳瑞彬,C02-B103,"7,8",,,,2,,,"[{""day"": 1, ""dayName"": ""星期一"", ""periods"": [""7"", ""8""], ""raw"": ""7,8""}, {""day"": 5, ""dayName"": ""星期五"", ""periods"": [""2""], ""raw"": ""2""}]",,應用數學系大四學生亦可修。,https://course.nuk.edu.tw/QueryCourse/tcontent.asp?OpenYear=095&Helf=1&Sclass=ST&Cono=F681,2026-08-26T18:02:56+00:00
095-1-ST-F691-M-1-,095,1,理學院,ST,統計學研究所,F691,M,碩士班,1,,離散資料分析,3,選,30,3,,27,陳俞成,C02-B103,"2,3, 4",,,,,,,"[{""day"": 1, ""dayName"": ""星期一"", ""periods"": [""2"", ""3"", ""4""], ""raw"": ""2,3, 4""}]",,,https://course.nuk.edu.tw/QueryCourse/tcontent.asp?OpenYear=095&Helf=1&Sclass=ST&Cono=F691,2026-08-26T18:02:56+00:00
095-1-ST-F531-M-2-,095,1,理學院,ST,統計學研究所,F531,M,碩士班,2,,統計品管,3,選,32,9,,23,蘇志成,C02-B103,,,,,,"2,3, 4",,"[{""day"": 6, ""dayName"": ""星期六"", ""periods"": [""2"", ""3"", ""4""], ""raw"": ""2,3, 4""}]",,授課教師為蘇志成教授。,https://course.nuk.edu.tw/QueryCourse/tcontent.asp?OpenYear=095&Helf=1&Sclass=ST&Cono=F531,2026-08-26T18:02:56+00:00
095-1-ST-G501-M-2-,095,1,理學院,ST,統計學研究所,G501,M,碩士班,2,,存活分析,3,選,30,5,,25,黃錦輝,C02-B103,,5,,"3,4",,,,"[{""day"": 2, ""dayName"": ""星期二"", ""periods"": [""5""], ""raw"": ""5""}, {""day"": 4, ""dayName"": ""星期四"", ""periods"": [""3"", ""4""], ""raw"": ""3,4""}]",,,https://course.nuk.edu.tw/QueryCourse/tcontent.asp?OpenYear=095&Helf=1&Sclass=ST&Cono=G501,2026-08-26T18:02:56+00:00
095-1-AB-A01A-A-1-A,095,1,管理學院,AB,亞太工商管理學系,A01A,A,大學部,1,A,經濟學(一),3,必,67,66,,1,李博志,L02-108,,,"2,3, 4",,,,,"[{""day"": 3, ""dayName"": ""星期三"", ""periods"": [""2"", ""3"", ""4""], ""raw"": ""2,3, 4""}]",外加,,https://course.nuk.edu.tw/QueryCourse/tcontent.asp?OpenYear=095&Helf=1&Sclass=AB&Cono=A01A,2026-08-26T18:02:56+00:00
095-1-AB-A021-A-1-A,095,1,管理學院,AB,亞太工商管理學系,A021,A,大學部,1,A,亞太工商管理概論,3,必,80,68,,12,陳一民,L02-102,"2,3, 4",,,,,,,"[{""day"": 1, ""dayName"": ""星期一"", ""periods"": [""2"", ""3"", ""4""], ""raw"": ""2,3, 4""}]",,,https://course.nuk.edu.tw/QueryCourse/tcontent.asp?OpenYear=095&Helf=1&Sclass=AB&Cono=A021,2026-08-26T18:02:56+00:00
095-1-AB-A03A-A-1-A,095,1,管理學院,AB,亞太工商管理學系,A03A,A,大學部,1,A,會計學(一),3,必,77,76,,1,蘇銘峰,C02-111,,,,"11,12, 13",,,,"[{""day"": 4, ""dayName"": ""星期四"", ""periods"": [""11"", ""12"", ""13""], ""raw"": ""11,12, 13""}]",限修及外加,,https://course.nuk.edu.tw/QueryCourse/tcontent.asp?OpenYear=095&Helf=1&Sclass=AB&Cono=A03A,2026-08-26T18:02:56+00:00
095-1-AB-A121-A-1-A,095,1,管理學院,AB,亞太工商管理學系,A121,A,大學部,1,A,電腦概論,3,必,60,53,,7,蘇桓彥,L01-108,,,,,"2,3, 4",,,"[{""day"": 5, ""dayName"": ""星期五"", ""periods"": [""2"", ""3"", ""4""], ""raw"": ""2,3, 4""}]",,,https://course.nuk.edu.tw/QueryCourse/tcontent.asp?OpenYear=095&Helf=1&Sclass=AB&Cono=A121,2026-08-26T18:02:56+00:00
095-1-AB-A131-A-1-A,095,1,管理學院,AB,亞太工商管理學系,A131,A,大學部,1,A,電腦概論,3,必,60,56,,4,蘇桓彥,L01-108,,,,,"6,7, 8",,,"[{""day"": 5, ""dayName"": ""星期五"", ""periods"": [""6"", ""7"", ""8""], ""raw"": ""6,7, 8""}]",,,https://course.nuk.edu.tw/QueryCourse/tcontent.asp?OpenYear=095&Helf=1&Sclass=AB&Cono=A131,2026-08-26T18:02:56+00:00
095-1-AB-A161-A-1-A,095,1,管理學院,AB,亞太工商管理學系,A161,A,大學部,1,A,微積分（一）,3,必,79,77,,2,盧昆宏,L02-108,,"2,3, 4",,,,,,"[{""day"": 2, ""dayName"": ""星期二"", ""periods"": [""2"", ""3"", ""4""], ""raw"": ""2,3, 4""}]",,,https://course.nuk.edu.tw/QueryCourse/tcontent.asp?OpenYear=095&Helf=1&Sclass=AB&Cono=A161,2026-08-26T18:02:56+00:00
095-1-AB-B011-A-2-A,095,1,管理學院,AB,亞太工商管理學系,B011,A,大學部,2,A,管理經濟學,3,必,60,45,,15,李博志,L02-107,"2,3, 4",,,,,,,"[{""day"": 1, ""dayName"": ""星期一"", ""periods"": [""2"", ""3"", ""4""], ""raw"": ""2,3, 4""}]",,亞太系企管組必修,https://course.nuk.edu.tw/QueryCourse/tcontent.asp?OpenYear=095&Helf=1&Sclass=AB&Cono=B011,2026-08-26T18:02:56+00:00
095-1-AB-B03A-A-2-A,095,1,管理學院,AB,亞太工商管理學系,B03A,A,大學部,2,A,統計學(一),3,必,75,66,,9,莊寶鵰,L02-204,,"2,3, 4",,,,,,"[{""day"": 2, ""dayName"": ""星期二"", ""periods"": [""2"", ""3"", ""4""], ""raw"": ""2,3, 4""}]",,,https://course.nuk.edu.tw/QueryCourse/tcontent.asp?OpenYear=095&Helf=1&Sclass=AB&Cono=B03A,2026-08-26T18:02:56+00:00
095-1-AB-B041-A-2-A,095,1,管理學院,AB,亞太工商管理學系,B041,A,大學部,2,A,作業研究,3,必,60,33,,27,陳榮泰,C02-108,,,,"6,7, 8",,,,"[{""day"": 4, ""dayName"": ""星期四"", ""periods"": [""6"", ""7"", ""8""], ""raw"": ""6,7, 8""}]",,亞太系工管組必修,https://course.nuk.edu.tw/QueryCourse/tcontent.asp?OpenYear=095&Helf=1&Sclass=AB&Cono=B041,2026-08-26T18:02:56+00:00
095-1-AB-B051-A-2-A,095,1,管理學院,AB,亞太工商管理學系,B051,A,大學部,2,A,行銷管理,3,選,130,126,,4,黃明新,C02-111,,,,,"2,3, 4",,,"[{""day"": 5, ""dayName"": ""星期五"", ""periods"": [""2"", ""3"", ""4""], ""raw"": ""2,3, 4""}]",,與亞太系合開,https://course.nuk.edu.tw/QueryCourse/tcontent.asp?OpenYear=095&Helf=1&Sclass=AB&Cono=B051,2026-08-26T18:02:56+00:00
095-1-AB-B07A-A-2-A,095,1,管理學院,AB,亞太工商管理學系,B07A,A,大學部,2,A,商事法(一),2,必,74,63,,11,周伯翰,L02-107,,,"3,4",,,,,"[{""day"": 3, ""dayName"": ""星期三"", ""periods"": [""3"", ""4""], ""raw"": ""3,4""}]",限修,,https://course.nuk.edu.tw/QueryCourse/tcontent.asp?OpenYear=095&Helf=1&Sclass=AB&Cono=B07A,2026-08-26T18:02:56+00:00
095-1-AB-B101-A-2-A,095,1,管理學院,AB,亞太工商管理學系,B101,A,大學部,2,A,工程投資分析,3,必,60,32,,28,曹以明,L02-108,,"5,6, 7",,,,,,"[{""day"": 2, ""dayName"": ""星期二"", ""periods"": [""5"", ""6"", ""7""], ""raw"": ""5,6, 7""}]",,亞太系工管組必修,https://course.nuk.edu.tw/QueryCourse/tcontent.asp?OpenYear=095&Helf=1&Sclass=AB&Cono=B101,2026-08-26T18:02:56+00:00
095-1-AB-B521-A-2-A,095,1,管理學院,AB,亞太工商管理學系,B521,A,大學部,2,A,國際貿易理論與政策,3,選,60,25,,35,林聖蒨,C02-105,,,,,"6,7, 8",,,"[{""day"": 5, ""dayName"": ""星期五"", ""periods"": [""6"", ""7"", ""8""], ""raw"": ""6,7, 8""}]",,,https://course.nuk.edu.tw/QueryCourse/tcontent.asp?OpenYear=095&Helf=1&Sclass=AB&Cono=B521,2026-08-26T18:02:56+00:00
095-1-AB-C011-A-3-A,095,1,管理學院,AB,亞太工商管理學系,C011,A,大學部,3,A,作業管理,3,必,75,63,,12,陳榮泰,L02-204,,,"2,3, 4",,,,,"[{""day"": 3, ""dayName"": ""星期三"", ""periods"": [""2"", ""3"", ""4""], ""raw"": ""2,3, 4""}]",,,https://course.nuk.edu.tw/QueryCourse/tcontent.asp?OpenYear=095&Helf=1&Sclass=AB&Cono=C011,2026-08-26T18:02:56+00:00
095-1-AB-C021-A-3-A,095,1,管理學院,AB,亞太工商管理學系,C021,A,大學部,3,A,人力資源管理,3,必,70,48,,22,李亭林,C01-409,,"2,3, 4",,,,,,"[{""day"": 2, ""dayName"": ""星期二"", ""periods"": [""2"", ""3"", ""4""], ""raw"": ""2,3, 4""}]",,亞太系企管組必修,https://course.nuk.edu.tw/QueryCourse/tcontent.asp?OpenYear=095&Helf=1&Sclass=AB&Cono=C021,2026-08-26T18:02:56+00:00
095-1-AB-C141-A-3-A,095,1,管理學院,AB,亞太工商管理學系,C141,A,大學部,3,A,科技管理,3,選,100,67,,33,李亭林,C02-108,"2,3, 4",,,,,,,"[{""day"": 1, ""dayName"": ""星期一"", ""periods"": [""2"", ""3"", ""4""], ""raw"": ""2,3, 4""}]",學程,,https://course.nuk.edu.tw/QueryCourse/tcontent.asp?OpenYear=095&Helf=1&Sclass=AB&Cono=C141,2026-08-26T18:02:56+00:00
095-1-AB-C151-A-3-A,095,1,管理學院,AB,亞太工商管理學系,C151,A,大學部,3,A,財務管理,3,必,100,79,,21,黃旭輝,L02-204,,,"5,6, 7",,,,,"[{""day"": 3, ""dayName"": ""星期三"", ""periods"": [""5"", ""6"", ""7""], ""raw"": ""5,6, 7""}]",,,https://course.nuk.edu.tw/QueryCourse/tcontent.asp?OpenYear=095&Helf=1&Sclass=AB&Cono=C151,2026-08-26T18:02:56+00:00
095-1-AB-C531-A-3-A,095,1,管理學院,AB,亞太工商管理學系,C531,A,大學部,3,A,電子商務,3,選,60,29,,31,蘇桓彥,C02-107,,"5,6, 7",,,,,,"[{""day"": 2, ""dayName"": ""星期二"", ""periods"": [""5"", ""6"", ""7""], ""raw"": ""5,6, 7""}]",,,https://course.nuk.edu.tw/QueryCourse/tcontent.asp?OpenYear=095&Helf=1&Sclass=AB&Cono=C531,2026-08-26T18:02:56+00:00
095-1-AB-D01A-A-4-A,095,1,管理學院,AB,亞太工商管理學系,D01A,A,大學部,4,A,組織行為學,3,必,70,69,,1,李亭林,C02-111,,,"2,3, 4",,,,,"[{""day"": 3, ""dayName"": ""星期三"", ""periods"": [""2"", ""3"", ""4""], ""raw"": ""2,3, 4""}]",,,https://course.nuk.edu.tw/QueryCourse/tcontent.asp?OpenYear=095&Helf=1&Sclass=AB&Cono=D01A,2026-08-26T18:02:56+00:00
095-1-AB-D02A-A-4-A,095,1,管理學院,AB,亞太工商管理學系,D02A,A,大學部,4,A,亞太工商管理專題(二)(A),3,必,20,17,,3,李博志 林聖蒨,,Y,Y,Y,Y,Y,,,"[{""day"": 1, ""dayName"": ""星期一"", ""periods"": [""Y""], ""raw"": ""Y""}, {""day"": 2, ""dayName"": ""星期二"", ""periods"": [""Y""], ""raw"": ""Y""}, {""day"": 3, ""dayName"": ""星期三"", ""periods"": [""Y""], ""raw"": ""Y""}, {""day"": 4, ""dayName"": ""星期四"", ""periods"": [""Y""], ""raw"": ""Y""}, {""day"": 5, ""dayName"": ""星期五"", ""periods"": [""Y""], ""raw"": ""Y""}]",先修,,https://course.nuk.edu.tw/QueryCourse/tcontent.asp?OpenYear=095&Helf=1&Sclass=AB&Cono=D02A,2026-08-26T18:02:56+00:00
095-1-AB-D031-A-4-A,095,1,管理學院,AB,亞太工商管理學系,D031,A,大學部,4,A,策略管理,3,必,60,49,,11,陳一民,C02-107,,,,,"2,3, 4",,,"[{""day"": 5, ""dayName"": ""星期五"", ""periods"": [""2"", ""3"", ""4""], ""raw"": ""2,3, 4""}]",,亞太系企管組必修,https://course.nuk.edu.tw/QueryCourse/tcontent.asp?OpenYear=095&Helf=1&Sclass=AB&Cono=D031,2026-08-26T18:02:56+00:00
095-1-AB-D04A-A-4-A,095,1,管理學院,AB,亞太工商管理學系,D04A,A,大學部,4,A,亞太工商管理專題(二)(B),3,必,20,19,,1,陳一民 蘇桓彥,,Y,Y,Y,Y,Y,,,"[{""day"": 1, ""dayName"": ""星期一"", ""periods"": [""Y""], ""raw"": ""Y""}, {""day"": 2, ""dayName"": ""星期二"", ""periods"": [""Y""], ""raw"": ""Y""}, {""day"": 3, ""dayName"": ""星期三"", ""periods"": [""Y""], ""raw"": ""Y""}, {""day"": 4, ""dayName"": ""星期四"", ""periods"": [""Y""], ""raw"": ""Y""}, {""day"": 5, ""dayName"": ""星期五"", ""periods"": [""Y""], ""raw"": ""Y""}]",先修,,https://course.nuk.edu.tw/QueryCourse/tcontent.asp?OpenYear=095&Helf=1&Sclass=AB&Cono=D04A,2026-08-26T18:02:56+00:00
095-1-AB-D05A-A-4-A,095,1,管理學院,AB,亞太工商管理學系,D05A,A,大學部,4,A,亞太工商管理專題(二)(C),3,必,20,15,,5,李亭林 黃明新,,Y,Y,Y,Y,Y,,,"[{""day"": 1, ""dayName"": ""星期一"", ""periods"": [""Y""], ""raw"": ""Y""}, {""day"": 2, ""dayName"": ""星期二"", ""periods"": [""Y""], ""raw"": ""Y""}, {""day"": 3, ""dayName"": ""星期三"", ""periods"": [""Y""], ""raw"": ""Y""}, {""day"": 4, ""dayName"": ""星期四"", ""periods"": [""Y""], ""raw"": ""Y""}, {""day"": 5, ""dayName"": ""星期五"", ""periods"": [""Y""], ""raw"": ""Y""}]",先修,,https://course.nuk.edu.tw/QueryCourse/tcontent.asp?OpenYear=095&Helf=1&Sclass=AB&Cono=D05A,2026-08-26T18:02:56+00:00
095-1-AB-D06A-A-4-A,095,1,管理學院,AB,亞太工商管理學系,D06A,A,大學部,4,A,亞太工商管理專題(二)(D),3,必,20,16,,4,莊寶鵰 陳榮泰,,Y,Y,Y,Y,Y,,,"[{""day"": 1, ""dayName"": ""星期一"", ""periods"": [""Y""], ""raw"": ""Y""}, {""day"": 2, ""dayName"": ""星期二"", ""periods"": [""Y""], ""raw"": ""Y""}, {""day"": 3, ""dayName"": ""星期三"", ""periods"": [""Y""], ""raw"": ""Y""}, {""day"": 4, ""dayName"": ""星期四"", ""periods"": [""Y""], ""raw"": ""Y""}, {""day"": 5, ""dayName"": ""星期五"", ""periods"": [""Y""], ""raw"": ""Y""}]",先修,,https://course.nuk.edu.tw/QueryCourse/tcontent.asp?OpenYear=095&Helf=1&Sclass=AB&Cono=D06A,2026-08-26T18:02:56+00:00
095-1-AB-P01A-F-1-,095,1,管理學院,AB,亞太工商管理學系,P01A,F,大學部二年制在職專班,1,,經濟學(一),3,必,50,24,,26,李博志,C02-106,,,,"10,11, 12",,,,"[{""day"": 4, ""dayName"": ""星期四"", ""periods"": [""10"", ""11"", ""12""], ""raw"": ""10,11, 12""}]",,,https://course.nuk.edu.tw/QueryCourse/tcontent.asp?OpenYear=095&Helf=1&Sclass=AB&Cono=P01A,2026-08-26T18:02:56+00:00
095-1-AB-P02A-F-1-,095,1,管理學院,AB,亞太工商管理學系,P02A,F,大學部二年制在職專班,1,,統計學(一),3,必,50,31,,19,莊寶鵰,C02-106,,,"10,11, 12",,,,,"[{""day"": 3, ""dayName"": ""星期三"", ""periods"": [""10"", ""11"", ""12""], ""raw"": ""10,11, 12""}]",,,https://course.nuk.edu.tw/QueryCourse/tcontent.asp?OpenYear=095&Helf=1&Sclass=AB&Cono=P02A,2026-08-26T18:02:56+00:00
095-1-AB-P03A-F-1-,095,1,管理學院,AB,亞太工商管理學系,P03A,F,大學部二年制在職專班,1,,會計學(一),3,必,50,26,,24,余文彬,C02-106,"10,11, 12",,,,,,,"[{""day"": 1, ""dayName"": ""星期一"", ""periods"": [""10"", ""11"", ""12""], ""raw"": ""10,11, 12""}]",,,https://course.nuk.edu.tw/QueryCourse/tcontent.asp?OpenYear=095&Helf=1&Sclass=AB&Cono=P03A,2026-08-26T18:02:56+00:00
095-1-AB-P041-F-1-,095,1,管理學院,AB,亞太工商管理學系,P041,F,大學部二年制在職專班,1,,亞太工商管理概論,3,必,60,40,,20,陳一民,C02-106,,,,,"10,11, 12",,,"[{""day"": 5, ""dayName"": ""星期五"", ""periods"": [""10"", ""11"", ""12""], ""raw"": ""10,11, 12""}]",,,https://course.nuk.edu.tw/QueryCourse/tcontent.asp?OpenYear=095&Helf=1&Sclass=AB&Cono=P041,2026-08-26T18:02:56+00:00
095-1-AB-P051-F-1-,095,1,管理學院,AB,亞太工商管理學系,P051,F,大學部二年制在職專班,1,,電腦概論,3,必,60,21,,39,蘇桓彥,L01-107,,"10,11, 12",,,,,,"[{""day"": 2, ""dayName"": ""星期二"", ""periods"": [""10"", ""11"", ""12""], ""raw"": ""10,11, 12""}]",,,https://course.nuk.edu.tw/QueryCourse/tcontent.asp?OpenYear=095&Helf=1&Sclass=AB&Cono=P051,2026-08-26T18:02:56+00:00
095-1-AB-Q011-F-2-,095,1,管理學院,AB,亞太工商管理學系,Q011,F,大學部二年制在職專班,2,,作業管理,3,必,50,36,,14,陳榮泰,C02-107,,,,"10,11, 12",,,,"[{""day"": 4, ""dayName"": ""星期四"", ""periods"": [""10"", ""11"", ""12""], ""raw"": ""10,11, 12""}]",,,https://course.nuk.edu.tw/QueryCourse/tcontent.asp?OpenYear=095&Helf=1&Sclass=AB&Cono=Q011,2026-08-26T18:02:56+00:00
095-1-AB-Q031-F-2-,095,1,管理學院,AB,亞太工商管理學系,Q031,F,大學部二年制在職專班,2,,財務管理,3,必,50,35,,15,余文彬,C02-107,,,"10,11, 12",,,,,"[{""day"": 3, ""dayName"": ""星期三"", ""periods"": [""10"", ""11"", ""12""], ""raw"": ""10,11, 12""}]",,,https://course.nuk.edu.tw/QueryCourse/tcontent.asp?OpenYear=095&Helf=1&Sclass=AB&Cono=Q031,2026-08-26T18:02:56+00:00
095-1-AB-Q041-F-2-,095,1,管理學院,AB,亞太工商管理學系,Q041,F,大學部二年制在職專班,2,,人力資源管理,3,必,45,31,,14,李亭林,C02-107,,"10,11, 12",,,,,,"[{""day"": 2, ""dayName"": ""星期二"", ""periods"": [""10"", ""11"", ""12""], ""raw"": ""10,11, 12""}]",,,https://course.nuk.edu.tw/QueryCourse/tcontent.asp?OpenYear=095&Helf=1&Sclass=AB&Cono=Q041,2026-08-26T18:02:56+00:00
095-1-AB-Q531-F-2-,095,1,管理學院,AB,亞太工商管理學系,Q531,F,大學部二年制在職專班,2,,知識管理,3,選,60,27,,33,林聖蒨,C02-107,,,,,"10,11, 12",,,"[{""day"": 5, ""dayName"": ""星期五"", ""periods"": [""10"", ""11"", ""12""], ""raw"": ""10,11, 12""}]",,,https://course.nuk.edu.tw/QueryCourse/tcontent.asp?OpenYear=095&Helf=1&Sclass=AB&Cono=Q531,2026-08-26T18:02:56+00:00
095-1-AB-Q551-F-2-,095,1,管理學院,AB,亞太工商管理學系,Q551,F,大學部二年制在職專班,2,,管理科學模式,3,必,50,40,,10,盧昆宏,C02-107,"10,11, 12",,,,,,,"[{""day"": 1, ""dayName"": ""星期一"", ""periods"": [""10"", ""11"", ""12""], ""raw"": ""10,11, 12""}]",,,https://course.nuk.edu.tw/QueryCourse/tcontent.asp?OpenYear=095&Helf=1&Sclass=AB&Cono=Q551,2026-08-26T18:02:56+00:00
095-1-AB-R011-F-3-,095,1,管理學院,AB,亞太工商管理學系,R011,F,大學部二年制在職專班,3,,組織行為學,3,必,50,41,,9,李亭林,C02-108,,,"10,11, 12",,,,,"[{""day"": 3, ""dayName"": ""星期三"", ""periods"": [""10"", ""11"", ""12""], ""raw"": ""10,11, 12""}]",,,https://course.nuk.edu.tw/QueryCourse/tcontent.asp?OpenYear=095&Helf=1&Sclass=AB&Cono=R011,2026-08-26T18:02:56+00:00
095-1-AB-R021-F-3-,095,1,管理學院,AB,亞太工商管理學系,R021,F,大學部二年制在職專班,3,,商業自動化,3,必,45,41,,4,莊寶鵰,C02-108,,,,"10,11, 12",,,,"[{""day"": 4, ""dayName"": ""星期四"", ""periods"": [""10"", ""11"", ""12""], ""raw"": ""10,11, 12""}]",,,https://course.nuk.edu.tw/QueryCourse/tcontent.asp?OpenYear=095&Helf=1&Sclass=AB&Cono=R021,2026-08-26T18:02:56+00:00
095-1-AB-R031-F-3-,095,1,管理學院,AB,亞太工商管理學系,R031,F,大學部二年制在職專班,3,,商事法,3,必,45,40,,5,邱秋芳,C02-108,,,,,"10,11, 12",,,"[{""day"": 5, ""dayName"": ""星期五"", ""periods"": [""10"", ""11"", ""12""], ""raw"": ""10,11, 12""}]",,,https://course.nuk.edu.tw/QueryCourse/tcontent.asp?OpenYear=095&Helf=1&Sclass=AB&Cono=R031,2026-08-26T18:02:56+00:00
095-1-AB-R501-F-3-,095,1,管理學院,AB,亞太工商管理學系,R501,F,大學部二年制在職專班,3,,亞太地區競爭力比較,3,選,45,37,,8,李博志,C02-108,,"10,11, 12",,,,,,"[{""day"": 2, ""dayName"": ""星期二"", ""periods"": [""10"", ""11"", ""12""], ""raw"": ""10,11, 12""}]",,,https://course.nuk.edu.tw/QueryCourse/tcontent.asp?OpenYear=095&Helf=1&Sclass=AB&Cono=R501,2026-08-26T18:02:56+00:00
095-1-AB-R541-F-3-,095,1,管理學院,AB,亞太工商管理學系,R541,F,大學部二年制在職專班,3,,行銷個案,3,選,40,32,,8,黃明新,C02-108,"10,11, 12",,,,,,,"[{""day"": 1, ""dayName"": ""星期一"", ""periods"": [""10"", ""11"", ""12""], ""raw"": ""10,11, 12""}]",,,https://course.nuk.edu.tw/QueryCourse/tcontent.asp?OpenYear=095&Helf=1&Sclass=AB&Cono=R541,2026-08-26T18:02:56+00:00
095-1-AB-F011-M-1-,095,1,管理學院,AB,亞太工商管理學系,F011,M,碩士班,1,,書報討論（一）,1,必,25,13,,12,陳一民 吳建興 蘇桓彥 廖四郎,L02-301,,,,"6,7",,,,"[{""day"": 4, ""dayName"": ""星期四"", ""periods"": [""6"", ""7""], ""raw"": ""6,7""}]",,甲、乙、丙、丁組,https://course.nuk.edu.tw/QueryCourse/tcontent.asp?OpenYear=095&Helf=1&Sclass=AB&Cono=F011,2026-08-26T18:02:56+00:00
095-1-AB-F02A-M-1-,095,1,管理學院,AB,亞太工商管理學系,F02A,M,碩士班,1,,研究方法（A）,3,必,15,2,,13,盧昆宏,C02-102,"2,3, 4",,,,,,,"[{""day"": 1, ""dayName"": ""星期一"", ""periods"": [""2"", ""3"", ""4""], ""raw"": ""2,3, 4""}]",,甲組課程，與研究方法（B）合開,https://course.nuk.edu.tw/QueryCourse/tcontent.asp?OpenYear=095&Helf=1&Sclass=AB&Cono=F02A,2026-08-26T18:02:56+00:00
095-1-AB-F02B-M-1-,095,1,管理學院,AB,亞太工商管理學系,F02B,M,碩士班,1,,研究方法（B）,3,必,15,4,,11,盧昆宏,C02-102,"2,3, 4",,,,,,,"[{""day"": 1, ""dayName"": ""星期一"", ""periods"": [""2"", ""3"", ""4""], ""raw"": ""2,3, 4""}]",,乙組課程，與研究方法（A）合開,https://course.nuk.edu.tw/QueryCourse/tcontent.asp?OpenYear=095&Helf=1&Sclass=AB&Cono=F02B,2026-08-26T18:02:56+00:00
095-1-AB-F02C-M-1-,095,1,管理學院,AB,亞太工商管理學系,F02C,M,碩士班,1,,研究方法（C）,3,必,30,4,,26,林杏子 蕭漢威,L02-107,,,"5,6, 7",,,,,"[{""day"": 3, ""dayName"": ""星期三"", ""periods"": [""5"", ""6"", ""7""], ""raw"": ""5,6, 7""}]",,丙組課程,https://course.nuk.edu.tw/QueryCourse/tcontent.asp?OpenYear=095&Helf=1&Sclass=AB&Cono=F02C,2026-08-26T18:02:56+00:00
095-1-AB-F02D-M-1-,095,1,管理學院,AB,亞太工商管理學系,F02D,M,碩士班,1,,研究方法（D）,3,必,15,3,,12,陳怡凱 廖四郎 林士貴,L02-402,,,,,"2,3, 4",,,"[{""day"": 5, ""dayName"": ""星期五"", ""periods"": [""2"", ""3"", ""4""], ""raw"": ""2,3, 4""}]",,丁組課程,https://course.nuk.edu.tw/QueryCourse/tcontent.asp?OpenYear=095&Helf=1&Sclass=AB&Cono=F02D,2026-08-26T18:02:56+00:00
095-1-AB-F031-M-1-,095,1,管理學院,AB,亞太工商管理學系,F031,M,碩士班,1,,亞太企業管理,3,必,15,6,,9,陳一民,L02-402,,,,"2,3, 4",,,,"[{""day"": 4, ""dayName"": ""星期四"", ""periods"": [""2"", ""3"", ""4""], ""raw"": ""2,3, 4""}]",,甲、乙組課程,https://course.nuk.edu.tw/QueryCourse/tcontent.asp?OpenYear=095&Helf=1&Sclass=AB&Cono=F031,2026-08-26T18:02:56+00:00
095-1-AB-F041-M-1-,095,1,管理學院,AB,亞太工商管理學系,F041,M,碩士班,1,,計量經濟學,3,必,15,3,,12,林士貴,L02-301,,,,"2,3, 4",,,,"[{""day"": 4, ""dayName"": ""星期四"", ""periods"": [""2"", ""3"", ""4""], ""raw"": ""2,3, 4""}]",,丁組課程,https://course.nuk.edu.tw/QueryCourse/tcontent.asp?OpenYear=095&Helf=1&Sclass=AB&Cono=F041,2026-08-26T18:02:56+00:00
095-1-AB-F051-M-1-,095,1,管理學院,AB,亞太工商管理學系,F051,M,碩士班,1,,財務理論,3,必,15,6,,9,廖四郎,L02-402,,"2,3, 4",,,,,,"[{""day"": 2, ""dayName"": ""星期二"", ""periods"": [""2"", ""3"", ""4""], ""raw"": ""2,3, 4""}]",,丁組課程,https://course.nuk.edu.tw/QueryCourse/tcontent.asp?OpenYear=095&Helf=1&Sclass=AB&Cono=F051,2026-08-26T18:02:56+00:00
095-1-AB-F061-M-1-,095,1,管理學院,AB,亞太工商管理學系,F061,M,碩士班,1,,高等作業管理,3,必,15,2,,13,陳榮泰,C01-416,,"5,6, 7",,,,,,"[{""day"": 2, ""dayName"": ""星期二"", ""periods"": [""5"", ""6"", ""7""], ""raw"": ""5,6, 7""}]",,僅為甲組必修,https://course.nuk.edu.tw/QueryCourse/tcontent.asp?OpenYear=095&Helf=1&Sclass=AB&Cono=F061,2026-08-26T18:02:56+00:00
095-1-AB-F501-M-1-,095,1,管理學院,AB,亞太工商管理學系,F501,M,碩士班,1,,行銷管理,3,選,15,8,,7,黃明新,L02-301,"6,7, 8",,,,,,,"[{""day"": 1, ""dayName"": ""星期一"", ""periods"": [""6"", ""7"", ""8""], ""raw"": ""6,7, 8""}]",,甲、乙組課程,https://course.nuk.edu.tw/QueryCourse/tcontent.asp?OpenYear=095&Helf=1&Sclass=AB&Cono=F501,2026-08-26T18:02:56+00:00
095-1-AB-F521-M-1-,095,1,管理學院,AB,亞太工商管理學系,F521,M,碩士班,1,,資訊服務品質管理,3,選,10,4,,6,郭英峰,L02-402,,,"2,3, 4",,,,,"[{""day"": 3, ""dayName"": ""星期三"", ""periods"": [""2"", ""3"", ""4""], ""raw"": ""2,3, 4""}]",,與本校亞太工商管理學系碩士班合班上課,https://course.nuk.edu.tw/QueryCourse/tcontent.asp?OpenYear=095&Helf=1&Sclass=AB&Cono=F521,2026-08-26T18:02:56+00:00
095-1-AB-F531-M-1-,095,1,管理學院,AB,亞太工商管理學系,F531,M,碩士班,1,,電子商務研究,3,選,15,5,,10,林杏子,L02-409,,"2,3, 4",,,,,,"[{""day"": 2, ""dayName"": ""星期二"", ""periods"": [""2"", ""3"", ""4""], ""raw"": ""2,3, 4""}]",,丙組課程，與經濟管理研究所合開,https://course.nuk.edu.tw/QueryCourse/tcontent.asp?OpenYear=095&Helf=1&Sclass=AB&Cono=F531,2026-08-26T18:02:56+00:00
095-1-AB-F541-M-1-,095,1,管理學院,AB,亞太工商管理學系,F541,M,碩士班,1,,資訊科技與競爭策略,3,選,20,9,,11,趙建雄,L02-409,,"5,6, 7",,,,,,"[{""day"": 2, ""dayName"": ""星期二"", ""periods"": [""5"", ""6"", ""7""], ""raw"": ""5,6, 7""}]",,丙組課程，與經濟管理研究所合開,https://course.nuk.edu.tw/QueryCourse/tcontent.asp?OpenYear=095&Helf=1&Sclass=AB&Cono=F541,2026-08-26T18:02:56+00:00
095-1-AB-F551-M-1-,095,1,管理學院,AB,亞太工商管理學系,F551,M,碩士班,1,,財金專題(一),1,選,15,3,,12,廖四郎,L02-301,,,"6,7",,,,,"[{""day"": 3, ""dayName"": ""星期三"", ""periods"": [""6"", ""7""], ""raw"": ""6,7""}]",,丁組課程,https://course.nuk.edu.tw/QueryCourse/tcontent.asp?OpenYear=095&Helf=1&Sclass=AB&Cono=F551,2026-08-26T18:02:56+00:00
095-1-AB-F561-M-1-,095,1,管理學院,AB,亞太工商管理學系,F561,M,碩士班,1,,財務管理個案研究,3,選,15,3,,12,張志向,C01-414,,,"2,3, 4",,,,,"[{""day"": 3, ""dayName"": ""星期三"", ""periods"": [""2"", ""3"", ""4""], ""raw"": ""2,3, 4""}]",,丁組課程,https://course.nuk.edu.tw/QueryCourse/tcontent.asp?OpenYear=095&Helf=1&Sclass=AB&Cono=F561,2026-08-26T18:02:56+00:00
095-1-AB-F531-M-2-,095,1,管理學院,AB,亞太工商管理學系,F531,M,碩士班,2,,電子商務研究,3,選,20,5,,15,林杏子,L02-409,,"2,3, 4",,,,,,"[{""day"": 2, ""dayName"": ""星期二"", ""periods"": [""2"", ""3"", ""4""], ""raw"": ""2,3, 4""}]",,與本校亞太工商管理學系碩士班合班上課,https://course.nuk.edu.tw/QueryCourse/tcontent.asp?OpenYear=095&Helf=1&Sclass=AB&Cono=F531,2026-08-26T18:02:56+00:00
095-1-AB-F541-M-2-,095,1,管理學院,AB,亞太工商管理學系,F541,M,碩士班,2,,資訊科技與競爭策略,3,選,20,9,,11,趙建雄,L02-409,,"5,6, 7",,,,,,"[{""day"": 2, ""dayName"": ""星期二"", ""periods"": [""5"", ""6"", ""7""], ""raw"": ""5,6, 7""}]",,與本校亞太工商管理學系碩士班合班上課,https://course.nuk.edu.tw/QueryCourse/tcontent.asp?OpenYear=095&Helf=1&Sclass=AB&Cono=F541,2026-08-26T18:02:56+00:00
095-1-AE-A00A-A-1-A,095,1,管理學院,AE,應用經濟學系,A00A,A,大學部,1,A,經濟學原理(一),3,必,90,74,,16,蔡宗秀,L02-204 其他教室,"2,3, 4",,,,"5,6",,,"[{""day"": 1, ""dayName"": ""星期一"", ""periods"": [""2"", ""3"", ""4""], ""raw"": ""2,3, 4""}, {""day"": 5, ""dayName"": ""星期五"", ""periods"": [""5"", ""6""], ""raw"": ""5,6""}]",,五56為實習課，隔週上課,https://course.nuk.edu.tw/QueryCourse/tcontent.asp?OpenYear=095&Helf=1&Sclass=AE&Cono=A00A,2026-08-26T18:02:56+00:00
095-1-AE-A01A-A-1-A,095,1,管理學院,AE,應用經濟學系,A01A,A,大學部,1,A,會計學(一),3,必,90,72,,18,李文智,C02-407,,,"1,2, 3,4",,,,,"[{""day"": 3, ""dayName"": ""星期三"", ""periods"": [""1"", ""2"", ""3"", ""4""], ""raw"": ""1,2, 3,4""}]",,,https://course.nuk.edu.tw/QueryCourse/tcontent.asp?OpenYear=095&Helf=1&Sclass=AE&Cono=A01A,2026-08-26T18:02:56+00:00
095-1-AE-A02A-A-1-A,095,1,管理學院,AE,應用經濟學系,A02A,A,大學部,1,A,商用數學(一),3,必,90,74,,16,謝良瑜,L02-204,,,,"1,2, 3,4",,,,"[{""day"": 4, ""dayName"": ""星期四"", ""periods"": [""1"", ""2"", ""3"", ""4""], ""raw"": ""1,2, 3,4""}]",,,https://course.nuk.edu.tw/QueryCourse/tcontent.asp?OpenYear=095&Helf=1&Sclass=AE&Cono=A02A,2026-08-26T18:02:56+00:00
095-1-AE-A061-A-1-A,095,1,管理學院,AE,應用經濟學系,A061,A,大學部,1,A,經濟發展導論,3,必,61,60,,1,蔡穎義,C02-108,,"2,3, 4",,,,,,"[{""day"": 2, ""dayName"": ""星期二"", ""periods"": [""2"", ""3"", ""4""], ""raw"": ""2,3, 4""}]",外加,,https://course.nuk.edu.tw/QueryCourse/tcontent.asp?OpenYear=095&Helf=1&Sclass=AE&Cono=A061,2026-08-26T18:02:56+00:00
095-1-AE-A521-A-1-A,095,1,管理學院,AE,應用經濟學系,A521,A,大學部,1,A,計算機概論,3,選,63,61,,2,蔡旭昇,B01-206,,,,,"2,3, 4",,,"[{""day"": 5, ""dayName"": ""星期五"", ""periods"": [""2"", ""3"", ""4""], ""raw"": ""2,3, 4""}]",外加,,https://course.nuk.edu.tw/QueryCourse/tcontent.asp?OpenYear=095&Helf=1&Sclass=AE&Cono=A521,2026-08-26T18:02:56+00:00
095-1-AE-B00A-A-2-A,095,1,管理學院,AE,應用經濟學系,B00A,A,大學部,2,A,應用總體經濟學(一),3,必,95,82,,13,翁銘章,C02-407,,,,"6,7, 8",,,,"[{""day"": 4, ""dayName"": ""星期四"", ""periods"": [""6"", ""7"", ""8""], ""raw"": ""6,7, 8""}]",先修 限修及外加,,https://course.nuk.edu.tw/QueryCourse/tcontent.asp?OpenYear=095&Helf=1&Sclass=AE&Cono=B00A,2026-08-26T18:02:56+00:00
095-1-AE-B02A-A-2-A,095,1,管理學院,AE,應用經濟學系,B02A,A,大學部,2,A,應用個體經濟學(一),3,必,100,93,,7,許聖章,C02-407,,,,,"2,3, 4",,,"[{""day"": 5, ""dayName"": ""星期五"", ""periods"": [""2"", ""3"", ""4""], ""raw"": ""2,3, 4""}]",先修 限修,限本系學生修課,https://course.nuk.edu.tw/QueryCourse/tcontent.asp?OpenYear=095&Helf=1&Sclass=AE&Cono=B02A,2026-08-26T18:02:56+00:00
095-1-AE-B03A-A-2-A,095,1,管理學院,AE,應用經濟學系,B03A,A,大學部,2,A,統計學(一),3,必,85,82,,3,耿紹勛,L01-108 其他教室,,"1,2, 3,4",,,,,,"[{""day"": 2, ""dayName"": ""星期二"", ""periods"": [""1"", ""2"", ""3"", ""4""], ""raw"": ""1,2, 3,4""}]",,,https://course.nuk.edu.tw/QueryCourse/tcontent.asp?OpenYear=095&Helf=1&Sclass=AE&Cono=B03A,2026-08-26T18:02:56+00:00
095-1-AE-B041-A-2-A,095,1,管理學院,AE,應用經濟學系,B041,A,大學部,2,A,經濟數學,3,必,64,49,,15,蔡穎義,C02-108,,"5,6, 7",,,,,,"[{""day"": 2, ""dayName"": ""星期二"", ""periods"": [""5"", ""6"", ""7""], ""raw"": ""5,6, 7""}]",先修 外加,,https://course.nuk.edu.tw/QueryCourse/tcontent.asp?OpenYear=095&Helf=1&Sclass=AE&Cono=B041,2026-08-26T18:02:56+00:00
095-1-AE-C011-A-3-A,095,1,管理學院,AE,應用經濟學系,C011,A,大學部,3,A,貨幣銀行學,3,必,65,60,,5,翁銘章,L02-201,,,,"2,3, 4",,,,"[{""day"": 4, ""dayName"": ""星期四"", ""periods"": [""2"", ""3"", ""4""], ""raw"": ""2,3, 4""}]",先修 限修,"先修課程經濟學原理(一),經濟學原理(二)",https://course.nuk.edu.tw/QueryCourse/tcontent.asp?OpenYear=095&Helf=1&Sclass=AE&Cono=C011,2026-08-26T18:02:56+00:00
095-1-AE-C021-A-3-A,095,1,管理學院,AE,應用經濟學系,C021,A,大學部,3,A,公共經濟學,3,必,77,77,,0,佘志民,L02-B101,"2,3, 4",,,,,,,"[{""day"": 1, ""dayName"": ""星期一"", ""periods"": [""2"", ""3"", ""4""], ""raw"": ""2,3, 4""}]",先修 限修及外加,,https://course.nuk.edu.tw/QueryCourse/tcontent.asp?OpenYear=095&Helf=1&Sclass=AE&Cono=C021,2026-08-26T18:02:56+00:00
095-1-AE-C041-A-3-A,095,1,管理學院,AE,應用經濟學系,C041,A,大學部,3,A,財務管理,3,選,60,34,,26,陳怡凱,L01-108,,"2,3, 4",,,,,,"[{""day"": 2, ""dayName"": ""星期二"", ""periods"": [""2"", ""3"", ""4""], ""raw"": ""2,3, 4""}]",,,https://course.nuk.edu.tw/QueryCourse/tcontent.asp?OpenYear=095&Helf=1&Sclass=AE&Cono=C041,2026-08-26T18:02:56+00:00
095-1-AE-C071-A-3-A,095,1,管理學院,AE,應用經濟學系,C071,A,大學部,3,A,國際貿易理論與政策,3,必,67,65,,2,鄭義暉,C02-101,,"5,6, 7",,,,,,"[{""day"": 2, ""dayName"": ""星期二"", ""periods"": [""5"", ""6"", ""7""], ""raw"": ""5,6, 7""}]",先修 限修及外加,,https://course.nuk.edu.tw/QueryCourse/tcontent.asp?OpenYear=095&Helf=1&Sclass=AE&Cono=C071,2026-08-26T18:02:56+00:00
095-1-AE-C091-A-3-A,095,1,管理學院,AE,應用經濟學系,C091,A,大學部,3,A,管理學,3,選,60,30,,30,鄭育仁,C02-108,,,"2,3, 4",,,,,"[{""day"": 3, ""dayName"": ""星期三"", ""periods"": [""2"", ""3"", ""4""], ""raw"": ""2,3, 4""}]",,產業與管理學程,https://course.nuk.edu.tw/QueryCourse/tcontent.asp?OpenYear=095&Helf=1&Sclass=AE&Cono=C091,2026-08-26T18:02:56+00:00
095-1-AE-C121-A-3-A,095,1,管理學院,AE,應用經濟學系,C121,A,大學部,3,A,環境與資源經濟學,3,選,35,27,,8,蔡宗秀,,,,,"6,7, 8",,,,"[{""day"": 4, ""dayName"": ""星期四"", ""periods"": [""6"", ""7"", ""8""], ""raw"": ""6,7, 8""}]",先修,C02-320上課(政府與公共政策學程),https://course.nuk.edu.tw/QueryCourse/tcontent.asp?OpenYear=095&Helf=1&Sclass=AE&Cono=C121,2026-08-26T18:02:56+00:00
095-1-AE-C681-A-3-A,095,1,管理學院,AE,應用經濟學系,C681,A,大學部,3,A,產業組織理論,3,選,60,33,,27,蔡穎義,C02-101,"5,6, 7",,,,,,,"[{""day"": 1, ""dayName"": ""星期一"", ""periods"": [""5"", ""6"", ""7""], ""raw"": ""5,6, 7""}]",,產業與管理學程,https://course.nuk.edu.tw/QueryCourse/tcontent.asp?OpenYear=095&Helf=1&Sclass=AE&Cono=C681,2026-08-26T18:02:56+00:00
095-1-AE-C691-A-3-A,095,1,管理學院,AE,應用經濟學系,C691,A,大學部,3,A,人力資源經濟學,3,選,60,42,,18,許聖章,B01-109,,,"2,3, 4",,,,,"[{""day"": 3, ""dayName"": ""星期三"", ""periods"": [""2"", ""3"", ""4""], ""raw"": ""2,3, 4""}]",,政府與公共政策學程,https://course.nuk.edu.tw/QueryCourse/tcontent.asp?OpenYear=095&Helf=1&Sclass=AE&Cono=C691,2026-08-26T18:02:56+00:00
095-1-AE-D001-A-4-a,095,1,管理學院,AE,應用經濟學系,D001,A,大學部,4,a,國際金融,3,必,62,48,,14,楊筑安,C02-103,,,,"2,3, 4",,,,"[{""day"": 4, ""dayName"": ""星期四"", ""periods"": [""2"", ""3"", ""4""], ""raw"": ""2,3, 4""}]",先修 外加,,https://course.nuk.edu.tw/QueryCourse/tcontent.asp?OpenYear=095&Helf=1&Sclass=AE&Cono=D001,2026-08-26T18:02:56+00:00
095-1-AE-D01A-A-4-a,095,1,管理學院,AE,應用經濟學系,D01A,A,大學部,4,a,應用經濟實務專題(一)(A組),1,必,7,7,,0,耿紹勛,,,,"5,6, 7",,,,,"[{""day"": 3, ""dayName"": ""星期三"", ""periods"": [""5"", ""6"", ""7""], ""raw"": ""5,6, 7""}]",,C02-320上課,https://course.nuk.edu.tw/QueryCourse/tcontent.asp?OpenYear=095&Helf=1&Sclass=AE&Cono=D01A,2026-08-26T18:02:56+00:00
095-1-AE-D021-A-4-a,095,1,管理學院,AE,應用經濟學系,D021,A,大學部,4,a,商事法,3,必,60,52,,8,吳行浩,L02-106,,"2,3, 4",,,,,,"[{""day"": 2, ""dayName"": ""星期二"", ""periods"": [""2"", ""3"", ""4""], ""raw"": ""2,3, 4""}]",,,https://course.nuk.edu.tw/QueryCourse/tcontent.asp?OpenYear=095&Helf=1&Sclass=AE&Cono=D021,2026-08-26T18:02:56+00:00
095-1-AE-D02A-A-4-a,095,1,管理學院,AE,應用經濟學系,D02A,A,大學部,4,a,應用經濟實務專題(一)(B組),1,必,7,7,,0,鄭義暉,,,,"5,6, 7",,,,,"[{""day"": 3, ""dayName"": ""星期三"", ""periods"": [""5"", ""6"", ""7""], ""raw"": ""5,6, 7""}]",,c02-320上課,https://course.nuk.edu.tw/QueryCourse/tcontent.asp?OpenYear=095&Helf=1&Sclass=AE&Cono=D02A,2026-08-26T18:02:56+00:00
095-1-AE-D03A-A-4-a,095,1,管理學院,AE,應用經濟學系,D03A,A,大學部,4,a,應用經濟實務專題(一)(C組),1,必,7,5,,2,蔡宗秀,,,,"5,6, 7",,,,,"[{""day"": 3, ""dayName"": ""星期三"", ""periods"": [""5"", ""6"", ""7""], ""raw"": ""5,6, 7""}]",,c02-320上課,https://course.nuk.edu.tw/QueryCourse/tcontent.asp?OpenYear=095&Helf=1&Sclass=AE&Cono=D03A,2026-08-26T18:02:56+00:00
095-1-AE-D081-A-4-a,095,1,管理學院,AE,應用經濟學系,D081,A,大學部,4,a,應用經濟實務專題(一)(D組),1,必,7,7,,0,許聖章,,,,"5,6, 7",,,,,"[{""day"": 3, ""dayName"": ""星期三"", ""periods"": [""5"", ""6"", ""7""], ""raw"": ""5,6, 7""}]",,c02-320上課,https://course.nuk.edu.tw/QueryCourse/tcontent.asp?OpenYear=095&Helf=1&Sclass=AE&Cono=D081,2026-08-26T18:02:56+00:00
095-1-AE-D561-A-4-A,095,1,管理學院,AE,應用經濟學系,D561,A,大學部,4,A,區域經濟整合,3,選,60,43,,17,鄭義暉,C02-107,"5,6, 7",,,,,,,"[{""day"": 1, ""dayName"": ""星期一"", ""periods"": [""5"", ""6"", ""7""], ""raw"": ""5,6, 7""}]",,區域與發展學程,https://course.nuk.edu.tw/QueryCourse/tcontent.asp?OpenYear=095&Helf=1&Sclass=AE&Cono=D561,2026-08-26T18:02:56+00:00
095-1-EBA-N061-E-1-,095,1,管理學院,EBA,高階經營管理碩士在職專班,N061,E,高階經營管理碩士在職專班,1,,資訊管理,3,必,60,41,,19,吳建興,,,,,,,"6,7, 8,10, 11,12",,"[{""day"": 6, ""dayName"": ""星期六"", ""periods"": [""6"", ""7"", ""8"", ""10"", ""11"", ""12""], ""raw"": ""6,7, 8,10, 11,12""}]",,EMBA專班-九十五學年度第一學期開設課程,https://course.nuk.edu.tw/QueryCourse/tcontent.asp?OpenYear=095&Helf=1&Sclass=EBA&Cono=N061,2026-08-26T18:02:56+00:00
095-1-EBA-N521-E-1-,095,1,管理學院,EBA,高階經營管理碩士在職專班,N521,E,高階經營管理碩士在職專班,1,,國際企業專題,3,選,60,41,,19,陳一民,,,,,,"10,11, 12","2,3, 4",,"[{""day"": 5, ""dayName"": ""星期五"", ""periods"": [""10"", ""11"", ""12""], ""raw"": ""10,11, 12""}, {""day"": 6, ""dayName"": ""星期六"", ""periods"": [""2"", ""3"", ""4""], ""raw"": ""2,3, 4""}]",,EMBA專班-九十五學年度第一學期開設課程,https://course.nuk.edu.tw/QueryCourse/tcontent.asp?OpenYear=095&Helf=1&Sclass=EBA&Cono=N521,2026-08-26T18:02:56+00:00
095-1-EBA-N531-E-1-,095,1,管理學院,EBA,高階經營管理碩士在職專班,N531,E,高階經營管理碩士在職專班,1,,亞太地區競爭力分析,3,選,60,41,,19,李博志,,,,,,,,"1,2, 3,4, 5,6","[{""day"": 7, ""dayName"": ""星期日"", ""periods"": [""1"", ""2"", ""3"", ""4"", ""5"", ""6""], ""raw"": ""1,2, 3,4, 5,6""}]",,EMBA專班-九十五學年度第一學期開設課程,https://course.nuk.edu.tw/QueryCourse/tcontent.asp?OpenYear=095&Helf=1&Sclass=EBA&Cono=N531,2026-08-26T18:02:56+00:00
095-1-EBA-N061-E-2-,095,1,管理學院,EBA,高階經營管理碩士在職專班,N061,E,高階經營管理碩士在職專班,2,,資訊管理,3,必,60,41,,19,吳建興,,,,,,,"6,7, 8,10, 11,12",,"[{""day"": 6, ""dayName"": ""星期六"", ""periods"": [""6"", ""7"", ""8"", ""10"", ""11"", ""12""], ""raw"": ""6,7, 8,10, 11,12""}]",,EMBA專班-九十五學年度第一學期開設課程,https://course.nuk.edu.tw/QueryCourse/tcontent.asp?OpenYear=095&Helf=1&Sclass=EBA&Cono=N061,2026-08-26T18:02:56+00:00
095-1-EBA-N521-E-2-,095,1,管理學院,EBA,高階經營管理碩士在職專班,N521,E,高階經營管理碩士在職專班,2,,國際企業專題,3,選,60,41,,19,陳一民,,,,,,"10,11, 12","2,3, 4",,"[{""day"": 5, ""dayName"": ""星期五"", ""periods"": [""10"", ""11"", ""12""], ""raw"": ""10,11, 12""}, {""day"": 6, ""dayName"": ""星期六"", ""periods"": [""2"", ""3"", ""4""], ""raw"": ""2,3, 4""}]",,EMBA專班-九十五學年度第一學期開設課程,https://course.nuk.edu.tw/QueryCourse/tcontent.asp?OpenYear=095&Helf=1&Sclass=EBA&Cono=N521,2026-08-26T18:02:56+00:00
095-1-EBA-N531-E-2-,095,1,管理學院,EBA,高階經營管理碩士在職專班,N531,E,高階經營管理碩士在職專班,2,,亞太地區競爭力分析,3,選,60,41,,19,李博志,,,,,,,,"1,2, 3,4, 5,6","[{""day"": 7, ""dayName"": ""星期日"", ""periods"": [""1"", ""2"", ""3"", ""4"", ""5"", ""6""], ""raw"": ""1,2, 3,4, 5,6""}]",,EMBA專班-九十五學年度第一學期開設課程,https://course.nuk.edu.tw/QueryCourse/tcontent.asp?OpenYear=095&Helf=1&Sclass=EBA&Cono=N531,2026-08-26T18:02:56+00:00
095-1-EM-F011-M-1-,095,1,管理學院,EM,經營管理研究所,F011,M,碩士班,1,,數量方法,3,必,30,19,,11,李揚,L02-408,,"2,3, 4",,,,,,"[{""day"": 2, ""dayName"": ""星期二"", ""periods"": [""2"", ""3"", ""4""], ""raw"": ""2,3, 4""}]",,,https://course.nuk.edu.tw/QueryCourse/tcontent.asp?OpenYear=095&Helf=1&Sclass=EM&Cono=F011,2026-08-26T18:02:56+00:00
095-1-EM-F021-M-1-,095,1,管理學院,EM,經營管理研究所,F021,M,碩士班,1,,全球經貿組專題研究(一),1,必,10,9,,1,鄭育仁,L02-409,,,"5,6, 7",,,,,"[{""day"": 3, ""dayName"": ""星期三"", ""periods"": [""5"", ""6"", ""7""], ""raw"": ""5,6, 7""}]",,,https://course.nuk.edu.tw/QueryCourse/tcontent.asp?OpenYear=095&Helf=1&Sclass=EM&Cono=F021,2026-08-26T18:02:56+00:00
095-1-EM-F031-M-1-,095,1,管理學院,EM,經營管理研究所,F031,M,碩士班,1,,個體經濟學,4,必,15,10,,5,耿紹勛 佘志民,C02-108 其他教室,"6,7",,"3,4",,,,,"[{""day"": 1, ""dayName"": ""星期一"", ""periods"": [""6"", ""7""], ""raw"": ""6,7""}, {""day"": 3, ""dayName"": ""星期三"", ""periods"": [""3"", ""4""], ""raw"": ""3,4""}]",,,https://course.nuk.edu.tw/QueryCourse/tcontent.asp?OpenYear=095&Helf=1&Sclass=EM&Cono=F031,2026-08-26T18:02:56+00:00
095-1-EM-F041-M-1-,095,1,管理學院,EM,經營管理研究所,F041,M,碩士班,1,,總體經濟學,4,必,15,9,,6,翁銘章,C02-108,,,,,"1,2, 3,4",,,"[{""day"": 5, ""dayName"": ""星期五"", ""periods"": [""1"", ""2"", ""3"", ""4""], ""raw"": ""1,2, 3,4""}]",限修,C02-108,https://course.nuk.edu.tw/QueryCourse/tcontent.asp?OpenYear=095&Helf=1&Sclass=EM&Cono=F041,2026-08-26T18:02:56+00:00
095-1-EM-F051-M-1-,095,1,管理學院,EM,經營管理研究所,F051,M,碩士班,1,,全球管理組專題研究(一),1,必,20,11,,9,張純端,L02-408,,,"5,6, 7",,,,,"[{""day"": 3, ""dayName"": ""星期三"", ""periods"": [""5"", ""6"", ""7""], ""raw"": ""5,6, 7""}]",,,https://course.nuk.edu.tw/QueryCourse/tcontent.asp?OpenYear=095&Helf=1&Sclass=EM&Cono=F051,2026-08-26T18:02:56+00:00
095-1-EM-F071-M-1-,095,1,管理學院,EM,經營管理研究所,F071,M,碩士班,1,,國際財務管理,3,必,20,12,,8,陳怡凱,L02-409,"6,7, 8",,,,,,,"[{""day"": 1, ""dayName"": ""星期一"", ""periods"": [""6"", ""7"", ""8""], ""raw"": ""6,7, 8""}]",,全英文授課,https://course.nuk.edu.tw/QueryCourse/tcontent.asp?OpenYear=095&Helf=1&Sclass=EM&Cono=F071,2026-08-26T18:02:56+00:00
095-1-EM-F081-M-1-,095,1,管理學院,EM,經營管理研究所,F081,M,碩士班,1,,組織與策略管理,3,必,20,9,,11,鄭育仁,L02-408,,"5,6, 7",,,,,,"[{""day"": 2, ""dayName"": ""星期二"", ""periods"": [""5"", ""6"", ""7""], ""raw"": ""5,6, 7""}]",,,https://course.nuk.edu.tw/QueryCourse/tcontent.asp?OpenYear=095&Helf=1&Sclass=EM&Cono=F081,2026-08-26T18:02:56+00:00
095-1-EM-F121-M-1-,095,1,管理學院,EM,經營管理研究所,F121,M,碩士班,1,,企業經濟學,3,必,20,11,,9,鄭育仁,L02-408,,,,"2,3, 4",,,,"[{""day"": 4, ""dayName"": ""星期四"", ""periods"": [""2"", ""3"", ""4""], ""raw"": ""2,3, 4""}]",,,https://course.nuk.edu.tw/QueryCourse/tcontent.asp?OpenYear=095&Helf=1&Sclass=EM&Cono=F121,2026-08-26T18:02:56+00:00
095-1-EM-F141-M-1-,095,1,管理學院,EM,經營管理研究所,F141,M,碩士班,1,,國際行銷管理,3,必,20,13,,7,張純端,L02-409,"2,3, 4",,,,,,,"[{""day"": 1, ""dayName"": ""星期一"", ""periods"": [""2"", ""3"", ""4""], ""raw"": ""2,3, 4""}]",,全英文授課,https://course.nuk.edu.tw/QueryCourse/tcontent.asp?OpenYear=095&Helf=1&Sclass=EM&Cono=F141,2026-08-26T18:02:56+00:00
095-1-EM-G521-M-1-,095,1,管理學院,EM,經營管理研究所,G521,M,碩士班,1,,知識管理研究,3,選,20,7,,13,吳建興,L02-409,,,,"2,3, 4",,,,"[{""day"": 4, ""dayName"": ""星期四"", ""periods"": [""2"", ""3"", ""4""], ""raw"": ""2,3, 4""}]",,經管所與亞太工商管理學系碩士班合班上課，L02-408,https://course.nuk.edu.tw/QueryCourse/tcontent.asp?OpenYear=095&Helf=1&Sclass=EM&Cono=G521,2026-08-26T18:02:56+00:00
095-1-EM-G011-M-2-,095,1,管理學院,EM,經營管理研究所,G011,M,碩士班,2,,全球經貿組專題研究(三),1,必,10,9,,1,李揚,C02-107,,,"5,6, 7",,,,,"[{""day"": 3, ""dayName"": ""星期三"", ""periods"": [""5"", ""6"", ""7""], ""raw"": ""5,6, 7""}]",,與全球管理組專題研究（三）合班上課,https://course.nuk.edu.tw/QueryCourse/tcontent.asp?OpenYear=095&Helf=1&Sclass=EM&Cono=G011,2026-08-26T18:02:56+00:00
095-1-EM-G021-M-2-,095,1,管理學院,EM,經營管理研究所,G021,M,碩士班,2,,全球管理組專題研究(三),1,必,20,13,,7,李揚,L02-105,,,"5,6, 7",,,,,"[{""day"": 3, ""dayName"": ""星期三"", ""periods"": [""5"", ""6"", ""7""], ""raw"": ""5,6, 7""}]",,與全球經貿組專題研究（三）合班上課,https://course.nuk.edu.tw/QueryCourse/tcontent.asp?OpenYear=095&Helf=1&Sclass=EM&Cono=G021,2026-08-26T18:02:56+00:00
095-1-EM-G501-M-2-,095,1,管理學院,EM,經營管理研究所,G501,M,碩士班,2,,財務報表分析,3,選,20,11,,9,高蘭芬,L02-409,,,"2,3, 4",,,,,"[{""day"": 3, ""dayName"": ""星期三"", ""periods"": [""2"", ""3"", ""4""], ""raw"": ""2,3, 4""}]",,,https://course.nuk.edu.tw/QueryCourse/tcontent.asp?OpenYear=095&Helf=1&Sclass=EM&Cono=G501,2026-08-26T18:02:56+00:00
095-1-EM-G521-M-2-,095,1,管理學院,EM,經營管理研究所,G521,M,碩士班,2,,知識管理研究,3,選,20,7,,13,吳建興,L02-409,,,,"2,3, 4",,,,"[{""day"": 4, ""dayName"": ""星期四"", ""periods"": [""2"", ""3"", ""4""], ""raw"": ""2,3, 4""}]",,經管所與亞太工商管理學系碩士班合班上課,https://course.nuk.edu.tw/QueryCourse/tcontent.asp?OpenYear=095&Helf=1&Sclass=EM&Cono=G521,2026-08-26T18:02:56+00:00
095-1-EM-G631-M-2-,095,1,管理學院,EM,經營管理研究所,G631,M,碩士班,2,,理論經濟研究方法,3,選,20,3,,17,蔡穎義,,"2,3, 4",,,,,,,"[{""day"": 1, ""dayName"": ""星期一"", ""periods"": [""2"", ""3"", ""4""], ""raw"": ""2,3, 4""}]",,C02-320應用經濟學系會議室,https://course.nuk.edu.tw/QueryCourse/tcontent.asp?OpenYear=095&Helf=1&Sclass=EM&Cono=G631,2026-08-26T18:02:56+00:00
095-1-EM-G651-M-2-,095,1,管理學院,EM,經營管理研究所,G651,M,碩士班,2,,家庭經濟學,3,選,20,5,,15,耿紹勛,C02-104,"2,3, 4",,,,,,,"[{""day"": 1, ""dayName"": ""星期一"", ""periods"": [""2"", ""3"", ""4""], ""raw"": ""2,3, 4""}]",,全英文授課,https://course.nuk.edu.tw/QueryCourse/tcontent.asp?OpenYear=095&Helf=1&Sclass=EM&Cono=G651,2026-08-26T18:02:56+00:00
095-1-EM-G661-M-2-,095,1,管理學院,EM,經營管理研究所,G661,M,碩士班,2,,績效評估專題,3,選,20,3,,17,李揚,L02-402,"5,6, 7",,,,,,,"[{""day"": 1, ""dayName"": ""星期一"", ""periods"": [""5"", ""6"", ""7""], ""raw"": ""5,6, 7""}]",,,https://course.nuk.edu.tw/QueryCourse/tcontent.asp?OpenYear=095&Helf=1&Sclass=EM&Cono=G661,2026-08-26T18:02:56+00:00
095-1-EM-G721-M-2-,095,1,管理學院,EM,經營管理研究所,G721,M,碩士班,2,,消費者決策分析,3,選,20,3,,17,張純端,L02-408,"5,6, 7",,,,,,,"[{""day"": 1, ""dayName"": ""星期一"", ""periods"": [""5"", ""6"", ""7""], ""raw"": ""5,6, 7""}]",,,https://course.nuk.edu.tw/QueryCourse/tcontent.asp?OpenYear=095&Helf=1&Sclass=EM&Cono=G721,2026-08-26T18:02:56+00:00
095-1-FI-A01A-A-1-A,095,1,管理學院,FI,財務金融學系,A01A,A,大學部,1,A,經濟學原理(一),3,必,61,55,,6,鄭義暉,B01-204,,,"2,3, 4",,,,,"[{""day"": 3, ""dayName"": ""星期三"", ""periods"": [""2"", ""3"", ""4""], ""raw"": ""2,3, 4""}]",,,https://course.nuk.edu.tw/QueryCourse/tcontent.asp?OpenYear=095&Helf=1&Sclass=FI&Cono=A01A,2026-08-26T18:02:56+00:00
095-1-FI-A02A-A-1-A,095,1,管理學院,FI,財務金融學系,A02A,A,大學部,1,A,會計學原理(一),3,必,69,69,,0,高蘭芬,L02-103,,"5,6, 7",,,,,,"[{""day"": 2, ""dayName"": ""星期二"", ""periods"": [""5"", ""6"", ""7""], ""raw"": ""5,6, 7""}]",限修,,https://course.nuk.edu.tw/QueryCourse/tcontent.asp?OpenYear=095&Helf=1&Sclass=FI&Cono=A02A,2026-08-26T18:02:56+00:00
095-1-FI-A03A-A-1-A,095,1,管理學院,FI,財務金融學系,A03A,A,大學部,1,A,微積分(一),3,必,70,63,,7,林明俊,C02-107,"2,3, 4",,,,,,,"[{""day"": 1, ""dayName"": ""星期一"", ""periods"": [""2"", ""3"", ""4""], ""raw"": ""2,3, 4""}]",,,https://course.nuk.edu.tw/QueryCourse/tcontent.asp?OpenYear=095&Helf=1&Sclass=FI&Cono=A03A,2026-08-26T18:02:56+00:00
095-1-FI-A04A-A-1-A,095,1,管理學院,FI,財務金融學系,A04A,A,大學部,1,A,計算機概論(一),3,必,60,56,,4,林義隆,L01-108,,,,"2,3, 4",,,,"[{""day"": 4, ""dayName"": ""星期四"", ""periods"": [""2"", ""3"", ""4""], ""raw"": ""2,3, 4""}]",,,https://course.nuk.edu.tw/QueryCourse/tcontent.asp?OpenYear=095&Helf=1&Sclass=FI&Cono=A04A,2026-08-26T18:02:56+00:00
095-1-FI-A511-A-1-A,095,1,管理學院,FI,財務金融學系,A511,A,大學部,1,A,企業概論,3,選,60,49,,11,林聖蒨,C02-104,,,,,"2,3, 4",,,"[{""day"": 5, ""dayName"": ""星期五"", ""periods"": [""2"", ""3"", ""4""], ""raw"": ""2,3, 4""}]",,,https://course.nuk.edu.tw/QueryCourse/tcontent.asp?OpenYear=095&Helf=1&Sclass=FI&Cono=A511,2026-08-26T18:02:56+00:00
095-1-FI-B06A-A-2-A,095,1,管理學院,FI,財務金融學系,B06A,A,大學部,2,A,財務管理(一),3,必,60,58,,2,黃一祥,C01-102,,"2,3, 4",,,,,,"[{""day"": 2, ""dayName"": ""星期二"", ""periods"": [""2"", ""3"", ""4""], ""raw"": ""2,3, 4""}]",,,https://course.nuk.edu.tw/QueryCourse/tcontent.asp?OpenYear=095&Helf=1&Sclass=FI&Cono=B06A,2026-08-26T18:02:56+00:00
095-1-FI-B07A-A-2-A,095,1,管理學院,FI,財務金融學系,B07A,A,大學部,2,A,統計學(一),3,必,60,57,,3,林士貴,C01-109,,,"2,3, 4",,,,,"[{""day"": 3, ""dayName"": ""星期三"", ""periods"": [""2"", ""3"", ""4""], ""raw"": ""2,3, 4""}]",,,https://course.nuk.edu.tw/QueryCourse/tcontent.asp?OpenYear=095&Helf=1&Sclass=FI&Cono=B07A,2026-08-26T18:02:56+00:00
095-1-FI-B52A-A-2-A,095,1,管理學院,FI,財務金融學系,B52A,A,大學部,2,A,中級會計學(一),3,選,60,39,,21,余文彬,L02-107,,"5,6, 7",,,,,,"[{""day"": 2, ""dayName"": ""星期二"", ""periods"": [""5"", ""6"", ""7""], ""raw"": ""5,6, 7""}]",,L02-105,https://course.nuk.edu.tw/QueryCourse/tcontent.asp?OpenYear=095&Helf=1&Sclass=FI&Cono=B52A,2026-08-26T18:02:56+00:00
095-1-FI-C001-A-3-A,095,1,管理學院,FI,財務金融學系,C001,A,大學部,3,A,金融市場與機構,3,必,62,62,,0,陳怡凱,L02-105,"2,3, 4",,,,,,,"[{""day"": 1, ""dayName"": ""星期一"", ""periods"": [""2"", ""3"", ""4""], ""raw"": ""2,3, 4""}]",限修,,https://course.nuk.edu.tw/QueryCourse/tcontent.asp?OpenYear=095&Helf=1&Sclass=FI&Cono=C001,2026-08-26T18:02:56+00:00
095-1-FI-C011-A-3-A,095,1,管理學院,FI,財務金融學系,C011,A,大學部,3,A,期貨與選擇權,3,必,67,67,,0,張志向,L02-107,,,,"2,3, 4",,,,"[{""day"": 4, ""dayName"": ""星期四"", ""periods"": [""2"", ""3"", ""4""], ""raw"": ""2,3, 4""}]",限修及外加,,https://course.nuk.edu.tw/QueryCourse/tcontent.asp?OpenYear=095&Helf=1&Sclass=FI&Cono=C011,2026-08-26T18:02:56+00:00
095-1-FI-C021-A-3-A,095,1,管理學院,FI,財務金融學系,C021,A,大學部,3,A,公司理財專題,3,必,60,54,,6,黃旭輝,L02-106,,,,,"5,6, 7",,,"[{""day"": 5, ""dayName"": ""星期五"", ""periods"": [""5"", ""6"", ""7""], ""raw"": ""5,6, 7""}]",限修,,https://course.nuk.edu.tw/QueryCourse/tcontent.asp?OpenYear=095&Helf=1&Sclass=FI&Cono=C021,2026-08-26T18:02:56+00:00
095-1-FI-C541-A-3-A,095,1,管理學院,FI,財務金融學系,C541,A,大學部,3,A,證券投資分析,3,選,60,51,,9,黃一祥,B01-106,,,"2,3, 4",,,,,"[{""day"": 3, ""dayName"": ""星期三"", ""periods"": [""2"", ""3"", ""4""], ""raw"": ""2,3, 4""}]",,,https://course.nuk.edu.tw/QueryCourse/tcontent.asp?OpenYear=095&Helf=1&Sclass=FI&Cono=C541,2026-08-26T18:02:56+00:00
095-1-FI-C621-A-3-A,095,1,管理學院,FI,財務金融學系,C621,A,大學部,3,A,財務經濟分析,3,選,60,16,,44,廖四郎,L02-107,"5,6, 7",,,,,,,"[{""day"": 1, ""dayName"": ""星期一"", ""periods"": [""5"", ""6"", ""7""], ""raw"": ""5,6, 7""}]",,與金管四合開,https://course.nuk.edu.tw/QueryCourse/tcontent.asp?OpenYear=095&Helf=1&Sclass=FI&Cono=C621,2026-08-26T18:02:56+00:00
095-1-FI-C631-A-3-A,095,1,管理學院,FI,財務金融學系,C631,A,大學部,3,A,高等統計學(一),3,選,60,35,,25,林士貴,B01-205,,"2,3, 4",,,,,,"[{""day"": 2, ""dayName"": ""星期二"", ""periods"": [""2"", ""3"", ""4""], ""raw"": ""2,3, 4""}]",,,https://course.nuk.edu.tw/QueryCourse/tcontent.asp?OpenYear=095&Helf=1&Sclass=FI&Cono=C631,2026-08-26T18:02:56+00:00
095-1-FI-D551-A-3-A,095,1,管理學院,FI,財務金融學系,D551,A,大學部,3,A,財金實務專題(一),3,選,65,64,,1,廖四郎,L02-B101,,"5,6, 7",,,,,,"[{""day"": 2, ""dayName"": ""星期二"", ""periods"": [""5"", ""6"", ""7""], ""raw"": ""5,6, 7""}]",限修及外加,與金管四合開,https://course.nuk.edu.tw/QueryCourse/tcontent.asp?OpenYear=095&Helf=1&Sclass=FI&Cono=D551,2026-08-26T18:02:56+00:00
095-1-FI-C621-A-4-A,095,1,管理學院,FI,財務金融學系,C621,A,大學部,4,A,財務經濟分析,3,選,60,16,,44,廖四郎,L02-107,"5,6, 7",,,,,,,"[{""day"": 1, ""dayName"": ""星期一"", ""periods"": [""5"", ""6"", ""7""], ""raw"": ""5,6, 7""}]",,與金管三合開L02-106,https://course.nuk.edu.tw/QueryCourse/tcontent.asp?OpenYear=095&Helf=1&Sclass=FI&Cono=C621,2026-08-26T18:02:56+00:00
095-1-FI-D011-A-4-A,095,1,管理學院,FI,財務金融學系,D011,A,大學部,4,A,金融機構專題,3,必,51,46,,5,陳怡凱,L02-106,,,"2,3, 4",,,,,"[{""day"": 3, ""dayName"": ""星期三"", ""periods"": [""2"", ""3"", ""4""], ""raw"": ""2,3, 4""}]",限修,L02-108,https://course.nuk.edu.tw/QueryCourse/tcontent.asp?OpenYear=095&Helf=1&Sclass=FI&Cono=D011,2026-08-26T18:02:56+00:00
095-1-FI-D021-A-4-A,095,1,管理學院,FI,財務金融學系,D021,A,大學部,4,A,財務管理個案研究,3,必,60,46,,14,張志向,L02-107,,"2,3, 4",,,,,,"[{""day"": 2, ""dayName"": ""星期二"", ""periods"": [""2"", ""3"", ""4""], ""raw"": ""2,3, 4""}]",,,https://course.nuk.edu.tw/QueryCourse/tcontent.asp?OpenYear=095&Helf=1&Sclass=FI&Cono=D021,2026-08-26T18:02:56+00:00
095-1-FI-D551-A-4-A,095,1,管理學院,FI,財務金融學系,D551,A,大學部,4,A,財金實務專題(一),3,選,65,64,,1,廖四郎,L02-B101,,"5,6, 7",,,,,,"[{""day"": 2, ""dayName"": ""星期二"", ""periods"": [""5"", ""6"", ""7""], ""raw"": ""5,6, 7""}]",限修及外加,與金管三合開,https://course.nuk.edu.tw/QueryCourse/tcontent.asp?OpenYear=095&Helf=1&Sclass=FI&Cono=D551,2026-08-26T18:02:56+00:00
095-1-IBA-O501-E-1-,095,1,管理學院,IBA,國際高階經營管理碩士在職專班,O501,E,高階經營管理碩士在職專班,1,,亞太地區競爭力分析-(越南班),3,選,30,12,,18,李博志,,,,,,,"6,7, 8,10, 11,12",,"[{""day"": 6, ""dayName"": ""星期六"", ""periods"": [""6"", ""7"", ""8"", ""10"", ""11"", ""12""], ""raw"": ""6,7, 8,10, 11,12""}]",,IEMBA專班-九十五學年度第一學期開設課程,https://course.nuk.edu.tw/QueryCourse/tcontent.asp?OpenYear=095&Helf=1&Sclass=IBA&Cono=O501,2026-08-26T18:02:56+00:00
095-1-IBA-O511-E-1-,095,1,管理學院,IBA,國際高階經營管理碩士在職專班,O511,E,高階經營管理碩士在職專班,1,,高階經營管理專題-(高雄班),3,選,30,12,,18,黃英忠,,,,,,,,"1,2, 3,4, 5,6","[{""day"": 7, ""dayName"": ""星期日"", ""periods"": [""1"", ""2"", ""3"", ""4"", ""5"", ""6""], ""raw"": ""1,2, 3,4, 5,6""}]",,IEMBA專班-九十五學年度第一學期開設課程,https://course.nuk.edu.tw/QueryCourse/tcontent.asp?OpenYear=095&Helf=1&Sclass=IBA&Cono=O511,2026-08-26T18:02:56+00:00
095-1-IBA-O521-E-1-,095,1,管理學院,IBA,國際高階經營管理碩士在職專班,O521,E,高階經營管理碩士在職專班,1,,資訊管理-(越南班),3,選,30,12,,18,吳建興,,,,,,"10,11, 12","2,3, 4",,"[{""day"": 5, ""dayName"": ""星期五"", ""periods"": [""10"", ""11"", ""12""], ""raw"": ""10,11, 12""}, {""day"": 6, ""dayName"": ""星期六"", ""periods"": [""2"", ""3"", ""4""], ""raw"": ""2,3, 4""}]",,IEMBA-專班九十五學年度第一學期開設課程,https://course.nuk.edu.tw/QueryCourse/tcontent.asp?OpenYear=095&Helf=1&Sclass=IBA&Cono=O521,2026-08-26T18:02:56+00:00
095-1-IM-A01A-A-1-A,095,1,管理學院,IM,資訊管理學系,A01A,A,大學部,1,A,計算機概論(一),3,必,61,58,,3,蕭漢威,L01-108 其他教室,,,"2,3, 4",,,,,"[{""day"": 3, ""dayName"": ""星期三"", ""periods"": [""2"", ""3"", ""4""], ""raw"": ""2,3, 4""}]",限修,,https://course.nuk.edu.tw/QueryCourse/tcontent.asp?OpenYear=095&Helf=1&Sclass=IM&Cono=A01A,2026-08-26T18:02:56+00:00
095-1-IM-A02A-A-1-A,095,1,管理學院,IM,資訊管理學系,A02A,A,大學部,1,A,會計學(含實習)(一),3,必,61,53,,8,高蘭芬,C02-107,,"2,3, 4",,,,,,"[{""day"": 2, ""dayName"": ""星期二"", ""periods"": [""2"", ""3"", ""4""], ""raw"": ""2,3, 4""}]",限修及外加,,https://course.nuk.edu.tw/QueryCourse/tcontent.asp?OpenYear=095&Helf=1&Sclass=IM&Cono=A02A,2026-08-26T18:02:56+00:00
095-1-IM-A031-A-1-A,095,1,管理學院,IM,資訊管理學系,A031,A,大學部,1,A,企業概論,3,必,70,68,,2,趙建雄,C02-107,,,,"2,3, 4",,,,"[{""day"": 4, ""dayName"": ""星期四"", ""periods"": [""2"", ""3"", ""4""], ""raw"": ""2,3, 4""}]",,L02-107,https://course.nuk.edu.tw/QueryCourse/tcontent.asp?OpenYear=095&Helf=1&Sclass=IM&Cono=A031,2026-08-26T18:02:56+00:00
095-1-IM-A04A-A-1-A,095,1,管理學院,IM,資訊管理學系,A04A,A,大學部,1,A,經濟學原理(含實習)(一),3,必,72,70,,2,許聖章,B01-108,,,,"5,6, 7",,,,"[{""day"": 4, ""dayName"": ""星期四"", ""periods"": [""5"", ""6"", ""7""], ""raw"": ""5,6, 7""}]",限修及外加,,https://course.nuk.edu.tw/QueryCourse/tcontent.asp?OpenYear=095&Helf=1&Sclass=IM&Cono=A04A,2026-08-26T18:02:56+00:00
095-1-IM-A05A-A-1-A,095,1,管理學院,IM,資訊管理學系,A05A,A,大學部,1,A,微積分(一),3,必,79,71,,8,陳正忠,L02-204,,,,,"2,3, 4",,,"[{""day"": 5, ""dayName"": ""星期五"", ""periods"": [""2"", ""3"", ""4""], ""raw"": ""2,3, 4""}]",限修及外加,,https://course.nuk.edu.tw/QueryCourse/tcontent.asp?OpenYear=095&Helf=1&Sclass=IM&Cono=A05A,2026-08-26T18:02:56+00:00
095-1-IM-B02A-A-2-A,095,1,管理學院,IM,資訊管理學系,B02A,A,大學部,2,A,統計學(一),3,必,60,52,,8,吳建興,L02-105,,"2,3, 4",,,,,,"[{""day"": 2, ""dayName"": ""星期二"", ""periods"": [""2"", ""3"", ""4""], ""raw"": ""2,3, 4""}]",,,https://course.nuk.edu.tw/QueryCourse/tcontent.asp?OpenYear=095&Helf=1&Sclass=IM&Cono=B02A,2026-08-26T18:02:56+00:00
095-1-IM-B041-A-2-A,095,1,管理學院,IM,資訊管理學系,B041,A,大學部,2,A,資料結構,3,必,61,60,,1,李偉柏,L01-107,,"5,6, 7",,,,,,"[{""day"": 2, ""dayName"": ""星期二"", ""periods"": [""5"", ""6"", ""7""], ""raw"": ""5,6, 7""}]",限修,,https://course.nuk.edu.tw/QueryCourse/tcontent.asp?OpenYear=095&Helf=1&Sclass=IM&Cono=B041,2026-08-26T18:02:56+00:00
095-1-IM-B06A-A-2-A,095,1,管理學院,IM,資訊管理學系,B06A,A,大學部,2,A,程式設計(一),3,必,60,51,,9,陶幼慧,L01-107,,,,"2,3, 4",,,,"[{""day"": 4, ""dayName"": ""星期四"", ""periods"": [""2"", ""3"", ""4""], ""raw"": ""2,3, 4""}]",,教學需要請排於L01-107,https://course.nuk.edu.tw/QueryCourse/tcontent.asp?OpenYear=095&Helf=1&Sclass=IM&Cono=B06A,2026-08-26T18:02:56+00:00
095-1-IM-B081-A-2-A,095,1,管理學院,IM,資訊管理學系,B081,A,大學部,2,A,資訊管理導論,3,必,60,54,,6,林杏子,C02-107,,,"2,3, 4",,,,,"[{""day"": 3, ""dayName"": ""星期三"", ""periods"": [""2"", ""3"", ""4""], ""raw"": ""2,3, 4""}]",,,https://course.nuk.edu.tw/QueryCourse/tcontent.asp?OpenYear=095&Helf=1&Sclass=IM&Cono=B081,2026-08-26T18:02:56+00:00
095-1-IM-B541-A-2-A,095,1,管理學院,IM,資訊管理學系,B541,A,大學部,2,A,離散數學,3,選,60,34,,26,黃立文,L02-105,,,,"5,6, 7",,,,"[{""day"": 4, ""dayName"": ""星期四"", ""periods"": [""5"", ""6"", ""7""], ""raw"": ""5,6, 7""}]",,,https://course.nuk.edu.tw/QueryCourse/tcontent.asp?OpenYear=095&Helf=1&Sclass=IM&Cono=B541,2026-08-26T18:02:56+00:00
095-1-IM-B581-A-2-A,095,1,管理學院,IM,資訊管理學系,B581,A,大學部,2,A,行銷管理,3,選,50,32,,18,郭英峰,C02-107,,,,"5,6, 7",,,,"[{""day"": 4, ""dayName"": ""星期四"", ""periods"": [""5"", ""6"", ""7""], ""raw"": ""5,6, 7""}]",,,https://course.nuk.edu.tw/QueryCourse/tcontent.asp?OpenYear=095&Helf=1&Sclass=IM&Cono=B581,2026-08-26T18:02:56+00:00
095-1-IM-C001-A-3-A,095,1,管理學院,IM,資訊管理學系,C001,A,大學部,3,A,系統分析與設計,3,必,60,57,,3,陶幼慧,L01-108,,"5,6, 7",,,,,,"[{""day"": 2, ""dayName"": ""星期二"", ""periods"": [""5"", ""6"", ""7""], ""raw"": ""5,6, 7""}]",,,https://course.nuk.edu.tw/QueryCourse/tcontent.asp?OpenYear=095&Helf=1&Sclass=IM&Cono=C001,2026-08-26T18:02:56+00:00
095-1-IM-C011-A-3-A,095,1,管理學院,IM,資訊管理學系,C011,A,大學部,3,A,作業研究,3,必,67,67,,0,郭英峰,C02-103,,,,,"2,3, 4",,,"[{""day"": 5, ""dayName"": ""星期五"", ""periods"": [""2"", ""3"", ""4""], ""raw"": ""2,3, 4""}]",,,https://course.nuk.edu.tw/QueryCourse/tcontent.asp?OpenYear=095&Helf=1&Sclass=IM&Cono=C011,2026-08-26T18:02:56+00:00
095-1-IM-C021-A-3-A,095,1,管理學院,IM,資訊管理學系,C021,A,大學部,3,A,電腦網路,3,必,71,71,,0,蕭漢威,L01-107,,"2,3, 4",,,,,,"[{""day"": 2, ""dayName"": ""星期二"", ""periods"": [""2"", ""3"", ""4""], ""raw"": ""2,3, 4""}]",限修,,https://course.nuk.edu.tw/QueryCourse/tcontent.asp?OpenYear=095&Helf=1&Sclass=IM&Cono=C021,2026-08-26T18:02:56+00:00
095-1-IM-C501-A-3-A,095,1,管理學院,IM,資訊管理學系,C501,A,大學部,3,A,知識管理概論,3,選,40,39,,1,吳建興,L02-201,,,"5,6, 7",,,,,"[{""day"": 3, ""dayName"": ""星期三"", ""periods"": [""5"", ""6"", ""7""], ""raw"": ""5,6, 7""}]",外加,英文授課,https://course.nuk.edu.tw/QueryCourse/tcontent.asp?OpenYear=095&Helf=1&Sclass=IM&Cono=C501,2026-08-26T18:02:56+00:00
095-1-IM-C511-A-3-A,095,1,管理學院,IM,資訊管理學系,C511,A,大學部,3,A,專案管理,3,選,60,9,,51,趙建雄,L02-105,,,"2,3, 4",,,,,"[{""day"": 3, ""dayName"": ""星期三"", ""periods"": [""2"", ""3"", ""4""], ""raw"": ""2,3, 4""}]",,,https://course.nuk.edu.tw/QueryCourse/tcontent.asp?OpenYear=095&Helf=1&Sclass=IM&Cono=C511,2026-08-26T18:02:56+00:00
095-1-IM-C531-A-3-A,095,1,管理學院,IM,資訊管理學系,C531,A,大學部,3,A,網際網路心理學,3,選,60,33,,27,林杏子,C02-101,,,,"2,3, 4",,,,"[{""day"": 4, ""dayName"": ""星期四"", ""periods"": [""2"", ""3"", ""4""], ""raw"": ""2,3, 4""}]",,,https://course.nuk.edu.tw/QueryCourse/tcontent.asp?OpenYear=095&Helf=1&Sclass=IM&Cono=C531,2026-08-26T18:02:56+00:00
095-1-IM-C621-A-3-A,095,1,管理學院,IM,資訊管理學系,C621,A,大學部,3,A,顧客關係與服務管理,3,選,50,22,,28,郭英峰,L02-105,,,,"2,3, 4",,,,"[{""day"": 4, ""dayName"": ""星期四"", ""periods"": [""2"", ""3"", ""4""], ""raw"": ""2,3, 4""}]",,,https://course.nuk.edu.tw/QueryCourse/tcontent.asp?OpenYear=095&Helf=1&Sclass=IM&Cono=C621,2026-08-26T18:02:56+00:00
095-1-IM-C671-A-3-A,095,1,管理學院,IM,資訊管理學系,C671,A,大學部,3,A,奈米綠色材料製商實務專題,3,選,50,40,,10,趙建雄 王宗櫚,B01-109,,,,,"2,3, 4",,,"[{""day"": 5, ""dayName"": ""星期五"", ""periods"": [""2"", ""3"", ""4""], ""raw"": ""2,3, 4""}]",學程,,https://course.nuk.edu.tw/QueryCourse/tcontent.asp?OpenYear=095&Helf=1&Sclass=IM&Cono=C671,2026-08-26T18:02:56+00:00
095-1-IM-D011-A-4-A,095,1,管理學院,IM,資訊管理學系,D011,A,大學部,4,A,專案開發II,3,必,60,48,,12,趙建雄 吳建興 林杏子 郭英峰 蕭漢威 陶幼慧 李偉柏,L02-106,"2,3, 4",,,,,,,"[{""day"": 1, ""dayName"": ""星期一"", ""periods"": [""2"", ""3"", ""4""], ""raw"": ""2,3, 4""}]",先修,,https://course.nuk.edu.tw/QueryCourse/tcontent.asp?OpenYear=095&Helf=1&Sclass=IM&Cono=D011,2026-08-26T18:02:56+00:00
