id,year,semester,college,department,departmentName,courseId,division,divisionName,grade,className,courseName,credits,courseType,capacity,confirmed,enrolled,remaining,teacher,classroom,monday,tuesday,wednesday,thursday,friday,saturday,sunday,scheduleJson,restrictions,notes,detailUrl,fetchedAtUtc
110-2-CCD-A04B-A-1-A,110,2,人文社會科學院,CCD,工藝與創意設計學系,A04B,A,大學部,1,A,基本造型構成(二),3,必,65,53,,12,陳冠勳,H1--108,,,,,"5,6, 7,8",,,"[{""day"": 5, ""dayName"": ""星期五"", ""periods"": [""5"", ""6"", ""7"", ""8""], ""raw"": ""5,6, 7,8""}]",先修 限修及外加,H1-108,https://course.nuk.edu.tw/QueryCourse/tcontent.asp?OpenYear=110&Helf=2&Sclass=CCD&Cono=A04B,2026-08-26T18:26:40+00:00
110-2-CCD-A05A-A-1-A,110,2,人文社會科學院,CCD,工藝與創意設計學系,A05A,A,大學部,1,A,基礎雕塑(二)-A,3,必,30,30,,0,沈明旺,,,,,"2,3, 4",,,,"[{""day"": 4, ""dayName"": ""星期四"", ""periods"": [""2"", ""3"", ""4""], ""raw"": ""2,3, 4""}]",限修及外加,工坊木竹教室,https://course.nuk.edu.tw/QueryCourse/tcontent.asp?OpenYear=110&Helf=2&Sclass=CCD&Cono=A05A,2026-08-26T18:26:40+00:00
110-2-CCD-A05B-A-1-A,110,2,人文社會科學院,CCD,工藝與創意設計學系,A05B,A,大學部,1,A,基礎雕塑(二)-B,3,必,28,25,,3,陳冠勳,,,,,"2,3, 4",,,,"[{""day"": 4, ""dayName"": ""星期四"", ""periods"": [""2"", ""3"", ""4""], ""raw"": ""2,3, 4""}]",限修,工坊塑造教室,https://course.nuk.edu.tw/QueryCourse/tcontent.asp?OpenYear=110&Helf=2&Sclass=CCD&Cono=A05B,2026-08-26T18:26:40+00:00
110-2-CCD-A503-A-1-A,110,2,人文社會科學院,CCD,工藝與創意設計學系,A503,A,大學部,1,A,設計素描,2,選,40,40,,0,賴廷鴻,H1--108,,"2,3, 4",,,,,,"[{""day"": 2, ""dayName"": ""星期二"", ""periods"": [""2"", ""3"", ""4""], ""raw"": ""2,3, 4""}]",限修及外加,教室-H1-108,https://course.nuk.edu.tw/QueryCourse/tcontent.asp?OpenYear=110&Helf=2&Sclass=CCD&Cono=A503,2026-08-26T18:26:40+00:00
110-2-CCD-A504-A-1-A,110,2,人文社會科學院,CCD,工藝與創意設計學系,A504,A,大學部,1,A,設計媒材(二),2,選,31,31,,0,賴廷鴻,,,"6,7",,,,,,"[{""day"": 2, ""dayName"": ""星期二"", ""periods"": [""6"", ""7""], ""raw"": ""6,7""}]",限修及外加,教室:大一工作室,https://course.nuk.edu.tw/QueryCourse/tcontent.asp?OpenYear=110&Helf=2&Sclass=CCD&Cono=A504,2026-08-26T18:26:40+00:00
110-2-CCD-A506-A-1-A,110,2,人文社會科學院,CCD,工藝與創意設計學系,A506,A,大學部,1,A,圖案與文字造型設計,2,選,34,34,,0,洪碩延,H1--108,,,"3,4",,,,,"[{""day"": 3, ""dayName"": ""星期三"", ""periods"": [""3"", ""4""], ""raw"": ""3,4""}]",限修及外加,教室:H1-108,https://course.nuk.edu.tw/QueryCourse/tcontent.asp?OpenYear=110&Helf=2&Sclass=CCD&Cono=A506,2026-08-26T18:26:40+00:00
110-2-CCD-A513-A-1-A,110,2,人文社會科學院,CCD,工藝與創意設計學系,A513,A,大學部,1,A,電腦影像處理-A,2,選,29,29,,0,王政弘,H1--112,,,,"5,6",,,,"[{""day"": 4, ""dayName"": ""星期四"", ""periods"": [""5"", ""6""], ""raw"": ""5,6""}]",限修及外加,H1-112，電腦影像處理-A、B擇一選修，請勿重複選課,https://course.nuk.edu.tw/QueryCourse/tcontent.asp?OpenYear=110&Helf=2&Sclass=CCD&Cono=A513,2026-08-26T18:26:40+00:00
110-2-CCD-A514-A-1-A,110,2,人文社會科學院,CCD,工藝與創意設計學系,A514,A,大學部,1,A,電腦影像處理-B,2,選,31,28,,3,王政弘,H1--112,,,,"7,8",,,,"[{""day"": 4, ""dayName"": ""星期四"", ""periods"": [""7"", ""8""], ""raw"": ""7,8""}]",限修及外加,H1-112，電腦影像處理-A、B擇一選修，請勿重複選課,https://course.nuk.edu.tw/QueryCourse/tcontent.asp?OpenYear=110&Helf=2&Sclass=CCD&Cono=A514,2026-08-26T18:26:40+00:00
110-2-CCD-A523-A-1-A,110,2,人文社會科學院,CCD,工藝與創意設計學系,A523,A,大學部,1,A,模型製作(二),2,選,23,23,,0,翁群儀,H1--332,,"10,11",,,,,,"[{""day"": 2, ""dayName"": ""星期二"", ""periods"": [""10"", ""11""], ""raw"": ""10,11""}]",限修及外加,H1-332,https://course.nuk.edu.tw/QueryCourse/tcontent.asp?OpenYear=110&Helf=2&Sclass=CCD&Cono=A523,2026-08-26T18:26:40+00:00
110-2-CCD-B011-A-2-A,110,2,人文社會科學院,CCD,工藝與創意設計學系,B011,A,大學部,2,A,創意設計(二),3,必,69,58,,11,王政弘 沈明旺,,,"1,2, 3,4",,,,,,"[{""day"": 2, ""dayName"": ""星期二"", ""periods"": [""1"", ""2"", ""3"", ""4""], ""raw"": ""1,2, 3,4""}]",先修 限修及外加,教室:大二工作室,https://course.nuk.edu.tw/QueryCourse/tcontent.asp?OpenYear=110&Helf=2&Sclass=CCD&Cono=B011,2026-08-26T18:26:40+00:00
110-2-CCD-B510-A-2-A,110,2,人文社會科學院,CCD,工藝與創意設計學系,B510,A,大學部,2,A,版面編排設計,2,選,31,28,,3,黃裕宸,H1--112,,,,"11,12",,,,"[{""day"": 4, ""dayName"": ""星期四"", ""periods"": [""11"", ""12""], ""raw"": ""11,12""}]",限修及外加,教室:H1-112,https://course.nuk.edu.tw/QueryCourse/tcontent.asp?OpenYear=110&Helf=2&Sclass=CCD&Cono=B510,2026-08-26T18:26:40+00:00
110-2-CCD-B522-A-2-A,110,2,人文社會科學院,CCD,工藝與創意設計學系,B522,A,大學部,2,A,產品語意學,2,選,49,49,,0,洪碩延,H1--108,,,"5,6",,,,,"[{""day"": 3, ""dayName"": ""星期三"", ""periods"": [""5"", ""6""], ""raw"": ""5,6""}]",限修及外加,H1-108,https://course.nuk.edu.tw/QueryCourse/tcontent.asp?OpenYear=110&Helf=2&Sclass=CCD&Cono=B522,2026-08-26T18:26:40+00:00
110-2-CCD-B531-A-2-A,110,2,人文社會科學院,CCD,工藝與創意設計學系,B531,A,大學部,2,A,設計議題,2,選,34,34,,0,翁群儀,H1--108,,"6,7",,,,,,"[{""day"": 2, ""dayName"": ""星期二"", ""periods"": [""6"", ""7""], ""raw"": ""6,7""}]",外加,教室:H1-108,https://course.nuk.edu.tw/QueryCourse/tcontent.asp?OpenYear=110&Helf=2&Sclass=CCD&Cono=B531,2026-08-26T18:26:40+00:00
110-2-CCD-B533-A-2-A,110,2,人文社會科學院,CCD,工藝與創意設計學系,B533,A,大學部,2,A,影像美學與攝影史,2,選,50,13,,37,侯淑姿,H1--110,,,"3,4",,,,,"[{""day"": 3, ""dayName"": ""星期三"", ""periods"": [""3"", ""4""], ""raw"": ""3,4""}]",限修,H1-110,https://course.nuk.edu.tw/QueryCourse/tcontent.asp?OpenYear=110&Helf=2&Sclass=CCD&Cono=B533,2026-08-26T18:26:40+00:00
110-2-CCD-B535-A-2-A,110,2,人文社會科學院,CCD,工藝與創意設計學系,B535,A,大學部,2,A,攝影概念與設計,2,選,60,10,,50,侯淑姿,H1--110,"5,6",,,,,,,"[{""day"": 1, ""dayName"": ""星期一"", ""periods"": [""5"", ""6""], ""raw"": ""5,6""}]",限修,H1-110,https://course.nuk.edu.tw/QueryCourse/tcontent.asp?OpenYear=110&Helf=2&Sclass=CCD&Cono=B535,2026-08-26T18:26:40+00:00
110-2-CCD-B543-A-2-A,110,2,人文社會科學院,CCD,工藝與創意設計學系,B543,A,大學部,2,A,創意視覺設計(二),3,選,31,28,,3,黃裕宸 蔡雪麗,H1--108 其他教室,,,,"1,2, 3,4",,,,"[{""day"": 4, ""dayName"": ""星期四"", ""periods"": [""1"", ""2"", ""3"", ""4""], ""raw"": ""1,2, 3,4""}]",限修及外加,吳亭翰老師:H1-112；黃裕宸老師:H1-108,https://course.nuk.edu.tw/QueryCourse/tcontent.asp?OpenYear=110&Helf=2&Sclass=CCD&Cono=B543,2026-08-26T18:26:40+00:00
110-2-CCD-B552-A-2-A,110,2,人文社會科學院,CCD,工藝與創意設計學系,B552,A,大學部,2,A,工藝設計(二),3,選,48,37,,11,陳冠勳 賴廷鴻 沈明旺,,,,,"5,6, 7,8, 9,10",,,,"[{""day"": 4, ""dayName"": ""星期四"", ""periods"": [""5"", ""6"", ""7"", ""8"", ""9"", ""10""], ""raw"": ""5,6, 7,8, 9,10""}]",限修及外加,教室:大二工作室,https://course.nuk.edu.tw/QueryCourse/tcontent.asp?OpenYear=110&Helf=2&Sclass=CCD&Cono=B552,2026-08-26T18:26:40+00:00
110-2-CCD-B563-A-2-A,110,2,人文社會科學院,CCD,工藝與創意設計學系,B563,A,大學部,2,A,造型藝術創作(二),2,選,32,32,,0,沈明旺 吳京臻,,,,,,"1,2, 3,4",,,"[{""day"": 5, ""dayName"": ""星期五"", ""periods"": [""1"", ""2"", ""3"", ""4""], ""raw"": ""1,2, 3,4""}]",限修及外加,教室:大二工作室,https://course.nuk.edu.tw/QueryCourse/tcontent.asp?OpenYear=110&Helf=2&Sclass=CCD&Cono=B563,2026-08-26T18:26:40+00:00
110-2-CCD-C022-A-3-A,110,2,人文社會科學院,CCD,工藝與創意設計學系,C022,A,大學部,3,A,創意設計(四),3,必,61,40,,21,賴廷鴻 黃裕宸,H1--102,,,"1,2, 3,4",,,,,"[{""day"": 3, ""dayName"": ""星期三"", ""periods"": [""1"", ""2"", ""3"", ""4""], ""raw"": ""1,2, 3,4""}]",先修 限修及外加,教室:H1-102,https://course.nuk.edu.tw/QueryCourse/tcontent.asp?OpenYear=110&Helf=2&Sclass=CCD&Cono=C022,2026-08-26T18:26:40+00:00
110-2-CCD-C500-A-3-A,110,2,人文社會科學院,CCD,工藝與創意設計學系,C500,A,大學部,3,A,校外實習,2,必,50,34,,16,翁群儀 賴廷鴻,H1--108,,,"11,12",,,,,"[{""day"": 3, ""dayName"": ""星期三"", ""periods"": [""11"", ""12""], ""raw"": ""11,12""}]",限修,H1-108，大三大四合開課程,https://course.nuk.edu.tw/QueryCourse/tcontent.asp?OpenYear=110&Helf=2&Sclass=CCD&Cono=C500,2026-08-26T18:26:40+00:00
110-2-CCD-C512-A-3-A,110,2,人文社會科學院,CCD,工藝與創意設計學系,C512,A,大學部,3,A,木作漆藝(二),2,選,15,15,,0,翁群儀,,"5,6, 7,8",,,,,,,"[{""day"": 1, ""dayName"": ""星期一"", ""periods"": [""5"", ""6"", ""7"", ""8""], ""raw"": ""5,6, 7,8""}]",限修及外加,教室:工坊文產教室,https://course.nuk.edu.tw/QueryCourse/tcontent.asp?OpenYear=110&Helf=2&Sclass=CCD&Cono=C512,2026-08-26T18:26:40+00:00
110-2-CCD-C524-A-3-A,110,2,人文社會科學院,CCD,工藝與創意設計學系,C524,A,大學部,3,A,數位設計(二),3,選,25,24,,1,吳亭翰,H1--112,,,,,"5,6, 7",,,"[{""day"": 5, ""dayName"": ""星期五"", ""periods"": [""5"", ""6"", ""7""], ""raw"": ""5,6, 7""}]",限修,教室:H1-112,https://course.nuk.edu.tw/QueryCourse/tcontent.asp?OpenYear=110&Helf=2&Sclass=CCD&Cono=C524,2026-08-26T18:26:40+00:00
110-2-CCD-C525-A-3-A,110,2,人文社會科學院,CCD,工藝與創意設計學系,C525,A,大學部,3,A,數位立體造型設計(二),2,選,25,24,,1,吳亭翰,H1--112,,,,,"3,4",,,"[{""day"": 5, ""dayName"": ""星期五"", ""periods"": [""3"", ""4""], ""raw"": ""3,4""}]",限修,教室:H1-112,https://course.nuk.edu.tw/QueryCourse/tcontent.asp?OpenYear=110&Helf=2&Sclass=CCD&Cono=C525,2026-08-26T18:26:40+00:00
110-2-CCD-C52B-A-3-A,110,2,人文社會科學院,CCD,工藝與創意設計學系,C52B,A,大學部,3,A,媒體創新設計(二),3,選,45,10,,35,侯淑姿 王政弘 黃裕宸,H1--110 其他教室,,,"5,6, 7,8, 9,10",,,,,"[{""day"": 3, ""dayName"": ""星期三"", ""periods"": [""5"", ""6"", ""7"", ""8"", ""9"", ""10""], ""raw"": ""5,6, 7,8, 9,10""}]",限修,侯淑姿老師:H1-110；王政弘老師:H1-112；黃裕宸老師:玉石教室,https://course.nuk.edu.tw/QueryCourse/tcontent.asp?OpenYear=110&Helf=2&Sclass=CCD&Cono=C52B,2026-08-26T18:26:40+00:00
110-2-CCD-C532-A-3-A,110,2,人文社會科學院,CCD,工藝與創意設計學系,C532,A,大學部,3,A,工藝設計(四),3,選,45,21,,24,賴廷鴻 沈明旺 陳冠勳,,,,"5,6, 7,8, 9,10",,,,,"[{""day"": 3, ""dayName"": ""星期三"", ""periods"": [""5"", ""6"", ""7"", ""8"", ""9"", ""10""], ""raw"": ""5,6, 7,8, 9,10""}]",限修,賴廷鴻老師:金工教室；沈明旺老師:木竹教室；陳冠勳老師:塑性教室,https://course.nuk.edu.tw/QueryCourse/tcontent.asp?OpenYear=110&Helf=2&Sclass=CCD&Cono=C532,2026-08-26T18:26:40+00:00
110-2-CCD-C542-A-3-A,110,2,人文社會科學院,CCD,工藝與創意設計學系,C542,A,大學部,3,A,策展實務,3,選,50,10,,40,侯淑姿,H1--110,,"2,3, 4",,,,,,"[{""day"": 2, ""dayName"": ""星期二"", ""periods"": [""2"", ""3"", ""4""], ""raw"": ""2,3, 4""}]",限修,教室:H1-110,https://course.nuk.edu.tw/QueryCourse/tcontent.asp?OpenYear=110&Helf=2&Sclass=CCD&Cono=C542,2026-08-26T18:26:40+00:00
110-2-CCD-C552-A-3-A,110,2,人文社會科學院,CCD,工藝與創意設計學系,C552,A,大學部,3,A,文化產品設計,2,選,13,12,,1,翁群儀,H1--332,,,,"7,8, 9",,,,"[{""day"": 4, ""dayName"": ""星期四"", ""periods"": [""7"", ""8"", ""9""], ""raw"": ""7,8, 9""}]",限修及外加,教室:H1-332,https://course.nuk.edu.tw/QueryCourse/tcontent.asp?OpenYear=110&Helf=2&Sclass=CCD&Cono=C552,2026-08-26T18:26:40+00:00
110-2-CCD-C553-A-3-A,110,2,人文社會科學院,CCD,工藝與創意設計學系,C553,A,大學部,3,A,初階商業攝影,2,選,12,10,,2,侯淑姿,H1--332,,"6,7",,,,,,"[{""day"": 2, ""dayName"": ""星期二"", ""periods"": [""6"", ""7""], ""raw"": ""6,7""}]",限修,教室:H1-332,https://course.nuk.edu.tw/QueryCourse/tcontent.asp?OpenYear=110&Helf=2&Sclass=CCD&Cono=C553,2026-08-26T18:26:40+00:00
110-2-CCD-C554-A-3-A,110,2,人文社會科學院,CCD,工藝與創意設計學系,C554,A,大學部,3,A,包裝設計,2,選,30,22,,8,黃裕宸,H1--108,,,,"5,6",,,,"[{""day"": 4, ""dayName"": ""星期四"", ""periods"": [""5"", ""6""], ""raw"": ""5,6""}]",限修,教室:H1-108,https://course.nuk.edu.tw/QueryCourse/tcontent.asp?OpenYear=110&Helf=2&Sclass=CCD&Cono=C554,2026-08-26T18:26:40+00:00
110-2-CCD-C562-A-3-A,110,2,人文社會科學院,CCD,工藝與創意設計學系,C562,A,大學部,3,A,玉石媒材創作(二),3,選,15,15,,0,盧志松,,,,,,"5,6, 7,8",,,"[{""day"": 5, ""dayName"": ""星期五"", ""periods"": [""5"", ""6"", ""7"", ""8""], ""raw"": ""5,6, 7,8""}]",限修及外加,教室:工坊玉石教室,https://course.nuk.edu.tw/QueryCourse/tcontent.asp?OpenYear=110&Helf=2&Sclass=CCD&Cono=C562,2026-08-26T18:26:40+00:00
110-2-CCD-C500-A-4-A,110,2,人文社會科學院,CCD,工藝與創意設計學系,C500,A,大學部,4,A,校外實習,2,必,50,34,,16,翁群儀 賴廷鴻,H1--108,,,"11,12",,,,,"[{""day"": 3, ""dayName"": ""星期三"", ""periods"": [""11"", ""12""], ""raw"": ""11,12""}]",限修,H1-108，大三大四合開課程,https://course.nuk.edu.tw/QueryCourse/tcontent.asp?OpenYear=110&Helf=2&Sclass=CCD&Cono=C500,2026-08-26T18:26:40+00:00
110-2-CCD-D102-A-4-A,110,2,人文社會科學院,CCD,工藝與創意設計學系,D102,A,大學部,4,A,畢業製作(二)-A,3,必,31,23,,8,洪碩延 陳冠勳 沈明旺 賴廷鴻,H1--334,,,,,,"1,2, 3,4, 5,6, 7,8",,"[{""day"": 6, ""dayName"": ""星期六"", ""periods"": [""1"", ""2"", ""3"", ""4"", ""5"", ""6"", ""7"", ""8""], ""raw"": ""1,2, 3,4, 5,6, 7,8""}]",先修 限修及外加,洪碩延老師:H1-334、賴廷鴻老師:金工教室、沈明旺老師:木竹教室、陳冠勳老師:塑造教室,https://course.nuk.edu.tw/QueryCourse/tcontent.asp?OpenYear=110&Helf=2&Sclass=CCD&Cono=D102,2026-08-26T18:26:40+00:00
110-2-CCD-D103-A-4-A,110,2,人文社會科學院,CCD,工藝與創意設計學系,D103,A,大學部,4,A,畢業製作(二)-B,3,必,31,14,,17,翁群儀 侯淑姿 王政弘 黃裕宸,H1--112 其他教室,,,,,,"1,2, 3,4, 5,6, 7,8",,"[{""day"": 6, ""dayName"": ""星期六"", ""periods"": [""1"", ""2"", ""3"", ""4"", ""5"", ""6"", ""7"", ""8""], ""raw"": ""1,2, 3,4, 5,6, 7,8""}]",先修 限修及外加,教室:翁群儀老師-文產教室、王政弘老師:H1-112、侯淑姿老師:H1-332、黃裕宸老師:H1-330,https://course.nuk.edu.tw/QueryCourse/tcontent.asp?OpenYear=110&Helf=2&Sclass=CCD&Cono=D103,2026-08-26T18:26:40+00:00
110-2-CHS-A802-A-1-A,110,2,人文社會科學院,CHS,人文社會科學院共同課程,A802,A,大學部,1,A,AI語意應用程式設計實作,2,選,30,28,,2,曾智義,L01-108,,,"5,6",,,,,"[{""day"": 3, ""dayName"": ""星期三"", ""periods"": [""5"", ""6""], ""raw"": ""5,6""}]",,課程由通識曾智義老師為主負責教師，課程另有規劃入「人文院_跨領域數位人文設計應用微學程(專業選修)」及「校級_智慧創新跨域人才培育聯盟計畫」中。課程開放本院學生修課，可抵本院所屬學系畢業選修學分，課程與109-2課名相同，內容雖有部分不同，但如有重複修課者，本院所屬學系畢業選修學分不重複採認，教室：需求電腦教室。,https://course.nuk.edu.tw/QueryCourse/tcontent.asp?OpenYear=110&Helf=2&Sclass=CHS&Cono=A802,2026-08-26T18:26:40+00:00
110-2-DA-A02A-A-1-A,110,2,人文社會科學院,DA,建築學系,A02A,A,大學部,1,A,建築設計(二)A,4,必,11,10,,1,馬瑜嬪,H1--101,,,,,"1,2, 3,4, 5,6, 7,8",,,"[{""day"": 5, ""dayName"": ""星期五"", ""periods"": [""1"", ""2"", ""3"", ""4"", ""5"", ""6"", ""7"", ""8""], ""raw"": ""1,2, 3,4, 5,6, 7,8""}]",先修 限修及外加,教室：h1-101,https://course.nuk.edu.tw/QueryCourse/tcontent.asp?OpenYear=110&Helf=2&Sclass=DA&Cono=A02A,2026-08-26T18:26:40+00:00
110-2-DA-A02B-A-1-A,110,2,人文社會科學院,DA,建築學系,A02B,A,大學部,1,A,建築設計(二)B,4,必,13,12,,1,蔡寧 史曜齊,H2--101,,,,,"1,2, 3,4, 5,6, 7,8",,,"[{""day"": 5, ""dayName"": ""星期五"", ""periods"": [""1"", ""2"", ""3"", ""4"", ""5"", ""6"", ""7"", ""8""], ""raw"": ""1,2, 3,4, 5,6, 7,8""}]",先修 限修及外加,教室：H2-101教室，教師：蔡寧+史曜齊建築師,https://course.nuk.edu.tw/QueryCourse/tcontent.asp?OpenYear=110&Helf=2&Sclass=DA&Cono=A02B,2026-08-26T18:26:40+00:00
110-2-DA-A02C-A-1-A,110,2,人文社會科學院,DA,建築學系,A02C,A,大學部,1,A,建築設計(二)C,4,必,15,13,,2,王煦中,,,,,,"1,2, 3,4, 5,6, 7,8",,,"[{""day"": 5, ""dayName"": ""星期五"", ""periods"": [""1"", ""2"", ""3"", ""4"", ""5"", ""6"", ""7"", ""8""], ""raw"": ""1,2, 3,4, 5,6, 7,8""}]",先修 限修,教室：藝文空間。,https://course.nuk.edu.tw/QueryCourse/tcontent.asp?OpenYear=110&Helf=2&Sclass=DA&Cono=A02C,2026-08-26T18:26:40+00:00
110-2-DA-A032-A-1-A,110,2,人文社會科學院,DA,建築學系,A032,A,大學部,1,A,建築設計表現法,2,必,41,41,,0,蔡寧,H1--108,,,"8,9",,,,,"[{""day"": 3, ""dayName"": ""星期三"", ""periods"": [""8"", ""9""], ""raw"": ""8,9""}]",限修及外加,教室：H1-108圖學教室,https://course.nuk.edu.tw/QueryCourse/tcontent.asp?OpenYear=110&Helf=2&Sclass=DA&Cono=A032,2026-08-26T18:26:40+00:00
110-2-DA-B501-A-1-A,110,2,人文社會科學院,DA,建築學系,B501,A,大學部,1,A,數位創新設計(一),2,選,36,36,,0,馬瑜嬪,C02-B102,,,,"5,6",,,,"[{""day"": 4, ""dayName"": ""星期四"", ""periods"": [""5"", ""6""], ""raw"": ""5,6""}]",外加 學程,教室：理學院地下室B102電腦教室,https://course.nuk.edu.tw/QueryCourse/tcontent.asp?OpenYear=110&Helf=2&Sclass=DA&Cono=B501,2026-08-26T18:26:40+00:00
110-2-DA-B010-A-2-A,110,2,人文社會科學院,DA,建築學系,B010,A,大學部,2,A,建築構造學(一),2,必,46,45,,1,陳怡兆,H1--102,,,,"3,4",,,,"[{""day"": 4, ""dayName"": ""星期四"", ""periods"": [""3"", ""4""], ""raw"": ""3,4""}]",外加,教室：h1-102,https://course.nuk.edu.tw/QueryCourse/tcontent.asp?OpenYear=110&Helf=2&Sclass=DA&Cono=B010,2026-08-26T18:26:40+00:00
110-2-DA-B022-A-2-A,110,2,人文社會科學院,DA,建築學系,B022,A,大學部,2,A,近代建築史,2,必,50,35,,15,陳逸杰,H1--101,,,"3,4",,,,,"[{""day"": 3, ""dayName"": ""星期三"", ""periods"": [""3"", ""4""], ""raw"": ""3,4""}]",,教室：H1-101,https://course.nuk.edu.tw/QueryCourse/tcontent.asp?OpenYear=110&Helf=2&Sclass=DA&Cono=B022,2026-08-26T18:26:40+00:00
110-2-DA-B023-A-2-A,110,2,人文社會科學院,DA,建築學系,B023,A,大學部,2,A,建築物理環境,2,必,50,34,,16,葉育君,H1--102,,,,"5,6",,,,"[{""day"": 4, ""dayName"": ""星期四"", ""periods"": [""5"", ""6""], ""raw"": ""5,6""}]",學程,教室H1-102,https://course.nuk.edu.tw/QueryCourse/tcontent.asp?OpenYear=110&Helf=2&Sclass=DA&Cono=B023,2026-08-26T18:26:40+00:00
110-2-DA-B05A-A-2-A,110,2,人文社會科學院,DA,建築學系,B05A,A,大學部,2,A,建築設計(四)A,4,必,13,12,,1,葉育君,H1--101,,"1,2, 3,4, 5,6, 7,8",,,,,,"[{""day"": 2, ""dayName"": ""星期二"", ""periods"": [""1"", ""2"", ""3"", ""4"", ""5"", ""6"", ""7"", ""8""], ""raw"": ""1,2, 3,4, 5,6, 7,8""}]",先修 限修及外加,教室：H1--101。,https://course.nuk.edu.tw/QueryCourse/tcontent.asp?OpenYear=110&Helf=2&Sclass=DA&Cono=B05A,2026-08-26T18:26:40+00:00
110-2-DA-B05B-A-2-A,110,2,人文社會科學院,DA,建築學系,B05B,A,大學部,2,A,建築設計(四)B,4,必,14,12,,2,林光浩 黃卓仁,H2--101,,"1,2, 3,4, 5,6, 7,8",,,,,,"[{""day"": 2, ""dayName"": ""星期二"", ""periods"": [""1"", ""2"", ""3"", ""4"", ""5"", ""6"", ""7"", ""8""], ""raw"": ""1,2, 3,4, 5,6, 7,8""}]",先修 限修及外加,教室：h2-101,https://course.nuk.edu.tw/QueryCourse/tcontent.asp?OpenYear=110&Helf=2&Sclass=DA&Cono=B05B,2026-08-26T18:26:40+00:00
110-2-DA-B05C-A-2-A,110,2,人文社會科學院,DA,建築學系,B05C,A,大學部,2,A,建築設計(四)C,4,必,14,10,,4,梁凱翔,,,"1,2, 3,4, 5,6, 7,8",,,,,,"[{""day"": 2, ""dayName"": ""星期二"", ""periods"": [""1"", ""2"", ""3"", ""4"", ""5"", ""6"", ""7"", ""8""], ""raw"": ""1,2, 3,4, 5,6, 7,8""}]",先修 限修及外加,教室：藝文空間,https://course.nuk.edu.tw/QueryCourse/tcontent.asp?OpenYear=110&Helf=2&Sclass=DA&Cono=B05C,2026-08-26T18:26:40+00:00
110-2-DA-B031-A-3-A,110,2,人文社會科學院,DA,建築學系,B031,A,大學部,3,A,結構學,3,必,51,39,,12,傅昭睿,H1--102,,"2,3, 4",,,,,,"[{""day"": 2, ""dayName"": ""星期二"", ""periods"": [""2"", ""3"", ""4""], ""raw"": ""2,3, 4""}]",,教室：H1-102，教師：傅昭睿,https://course.nuk.edu.tw/QueryCourse/tcontent.asp?OpenYear=110&Helf=2&Sclass=DA&Cono=B031,2026-08-26T18:26:40+00:00
110-2-DA-C02A-A-3-A,110,2,人文社會科學院,DA,建築學系,C02A,A,大學部,3,A,建築設計(六)A,4,必,15,13,,2,楊欣潔,H1--108,"1,2, 3,4, 5,6, 7,8",,,,,,,"[{""day"": 1, ""dayName"": ""星期一"", ""periods"": [""1"", ""2"", ""3"", ""4"", ""5"", ""6"", ""7"", ""8""], ""raw"": ""1,2, 3,4, 5,6, 7,8""}]",先修 限修,教室：h1-108教室,https://course.nuk.edu.tw/QueryCourse/tcontent.asp?OpenYear=110&Helf=2&Sclass=DA&Cono=C02A,2026-08-26T18:26:40+00:00
110-2-DA-C02B-A-3-A,110,2,人文社會科學院,DA,建築學系,C02B,A,大學部,3,A,建築設計(六)B,4,必,19,10,,9,蔡寧 辜達齊,H1--101,"1,2, 3,4, 5,6, 7,8",,,,,,,"[{""day"": 1, ""dayName"": ""星期一"", ""periods"": [""1"", ""2"", ""3"", ""4"", ""5"", ""6"", ""7"", ""8""], ""raw"": ""1,2, 3,4, 5,6, 7,8""}]",先修 限修及外加,教室：h1-101,https://course.nuk.edu.tw/QueryCourse/tcontent.asp?OpenYear=110&Helf=2&Sclass=DA&Cono=C02B,2026-08-26T18:26:40+00:00
110-2-DA-C02C-A-3-A,110,2,人文社會科學院,DA,建築學系,C02C,A,大學部,3,A,建築設計(六)C,4,必,31,10,,21,趙文紳 林建宇,,"1,2, 3,4, 5,6, 7,8",,,,,,,"[{""day"": 1, ""dayName"": ""星期一"", ""periods"": [""1"", ""2"", ""3"", ""4"", ""5"", ""6"", ""7"", ""8""], ""raw"": ""1,2, 3,4, 5,6, 7,8""}]",先修 限修及外加,教室：藝文空間,https://course.nuk.edu.tw/QueryCourse/tcontent.asp?OpenYear=110&Helf=2&Sclass=DA&Cono=C02C,2026-08-26T18:26:40+00:00
110-2-DA-C032-A-3-A,110,2,人文社會科學院,DA,建築學系,C032,A,大學部,3,A,都市設計,2,必,50,31,,19,曾梓峰,C01-106,,"5,6",,,,,,"[{""day"": 2, ""dayName"": ""星期二"", ""periods"": [""5"", ""6""], ""raw"": ""5,6""}]",,,https://course.nuk.edu.tw/QueryCourse/tcontent.asp?OpenYear=110&Helf=2&Sclass=DA&Cono=C032,2026-08-26T18:26:40+00:00
110-2-DA-C54B-A-3-A,110,2,人文社會科學院,DA,建築學系,C54B,A,大學部,3,A,數位創新設計(三),2,選,32,32,,0,梁凱翔,C02-B102,,,,,"3,4",,,"[{""day"": 5, ""dayName"": ""星期五"", ""periods"": [""3"", ""4""], ""raw"": ""3,4""}]",外加 學程,理學院地下室b102電腦教室,https://course.nuk.edu.tw/QueryCourse/tcontent.asp?OpenYear=110&Helf=2&Sclass=DA&Cono=C54B,2026-08-26T18:26:40+00:00
110-2-DA-F524-A-3-A,110,2,人文社會科學院,DA,建築學系,F524,A,大學部,3,A,台灣建築史,2,必,50,36,,14,蔡寧,H1--107,,,"5,6",,,,,"[{""day"": 3, ""dayName"": ""星期三"", ""periods"": [""5"", ""6""], ""raw"": ""5,6""}]",,教室h1-107,https://course.nuk.edu.tw/QueryCourse/tcontent.asp?OpenYear=110&Helf=2&Sclass=DA&Cono=F524,2026-08-26T18:26:40+00:00
110-2-DA-D01C-A-4-A,110,2,人文社會科學院,DA,建築學系,D01C,A,大學部,4,A,建築設計(八)A,4,必,34,17,,17,梁凱翔 陳逸杰,H1--103,,,,"5,6, 7,8, 9,10, 11,12",,,,"[{""day"": 4, ""dayName"": ""星期四"", ""periods"": [""5"", ""6"", ""7"", ""8"", ""9"", ""10"", ""11"", ""12""], ""raw"": ""5,6, 7,8, 9,10, 11,12""}]",先修 限修及外加,教室：藝文空間,https://course.nuk.edu.tw/QueryCourse/tcontent.asp?OpenYear=110&Helf=2&Sclass=DA&Cono=D01C,2026-08-26T18:26:40+00:00
110-2-DA-D01D-A-4-A,110,2,人文社會科學院,DA,建築學系,D01D,A,大學部,4,A,建築設計(八)B,4,必,30,10,,20,徐岩奇 趙建銘,H1--101,,,,"5,6, 7,8, 9,10, 11,12",,,,"[{""day"": 4, ""dayName"": ""星期四"", ""periods"": [""5"", ""6"", ""7"", ""8"", ""9"", ""10"", ""11"", ""12""], ""raw"": ""5,6, 7,8, 9,10, 11,12""}]",先修 限修,教室：H1-101,https://course.nuk.edu.tw/QueryCourse/tcontent.asp?OpenYear=110&Helf=2&Sclass=DA&Cono=D01D,2026-08-26T18:26:40+00:00
110-2-DA-D501-A-4-A,110,2,人文社會科學院,DA,建築學系,D501,A,大學部,4,A,建築防災,2,選,50,40,,10,楊欣潔,H1--106,,,"3,4",,,,,"[{""day"": 3, ""dayName"": ""星期三"", ""periods"": [""3"", ""4""], ""raw"": ""3,4""}]",,教室：h1-106,https://course.nuk.edu.tw/QueryCourse/tcontent.asp?OpenYear=110&Helf=2&Sclass=DA&Cono=D501,2026-08-26T18:26:40+00:00
110-2-DA-F544-A-4-A,110,2,人文社會科學院,DA,建築學系,F544,A,大學部,4,A,不動產開發與建築規劃實務,3,選,30,25,,5,徐弘宇,H1--102,,,,,"3,4, Y",,,"[{""day"": 5, ""dayName"": ""星期五"", ""periods"": [""3"", ""4"", ""Y""], ""raw"": ""3,4, Y""}]",,教室：h1-102,https://course.nuk.edu.tw/QueryCourse/tcontent.asp?OpenYear=110&Helf=2&Sclass=DA&Cono=F544,2026-08-26T18:26:40+00:00
110-2-DA-F568-A-4-A,110,2,人文社會科學院,DA,建築學系,F568,A,大學部,4,A,數位創新設計(六),2,選,20,17,,3,陳怡兆,H3--110,,,,"7,8",,,,"[{""day"": 4, ""dayName"": ""星期四"", ""periods"": [""7"", ""8""], ""raw"": ""7,8""}]",,教室：h3-110，本課程開放大三、大四共同上課。本課程為配合虛擬實境競賽的課程，擬修課同學須經任課老師簽名加簽。限修人數10人,https://course.nuk.edu.tw/QueryCourse/tcontent.asp?OpenYear=110&Helf=2&Sclass=DA&Cono=F568,2026-08-26T18:26:40+00:00
110-2-DA-F594-A-4-A,110,2,人文社會科學院,DA,建築學系,F594,A,大學部,4,A,社區共學與文化空間創生,3,選,27,26,,1,陳仁,H1--106,,"5,6, 7",,,,,,"[{""day"": 2, ""dayName"": ""星期二"", ""periods"": [""5"", ""6"", ""7""], ""raw"": ""5,6, 7""}]",限修及外加,教室：h1-103教室。本課程大四與碩士班合開。,https://course.nuk.edu.tw/QueryCourse/tcontent.asp?OpenYear=110&Helf=2&Sclass=DA&Cono=F594,2026-08-26T18:26:40+00:00
110-2-DA-F011-M-1-,110,2,人文社會科學院,DA,建築學系,F011,M,碩士班,1,,專題研討(二),3,必,51,16,,35,馬瑜嬪,H1--102,,,"10,11, 12",,,,,"[{""day"": 3, ""dayName"": ""星期三"", ""periods"": [""10"", ""11"", ""12""], ""raw"": ""10,11, 12""}]",外加,教室：h1-102,https://course.nuk.edu.tw/QueryCourse/tcontent.asp?OpenYear=110&Helf=2&Sclass=DA&Cono=F011,2026-08-26T18:26:40+00:00
110-2-DA-F526-M-1-,110,2,人文社會科學院,DA,建築學系,F526,M,碩士班,1,,近代建築史研究專題,3,選,31,6,,25,陳逸杰,H3--102,,,"6,7, 8",,,,,"[{""day"": 3, ""dayName"": ""星期三"", ""periods"": [""6"", ""7"", ""8""], ""raw"": ""6,7, 8""}]",限修及外加,教室H1-102。碩士、碩專班學生不分年級皆可選修,https://course.nuk.edu.tw/QueryCourse/tcontent.asp?OpenYear=110&Helf=2&Sclass=DA&Cono=F526,2026-08-26T18:26:40+00:00
110-2-DA-F531-M-1-,110,2,人文社會科學院,DA,建築學系,F531,M,碩士班,1,,建築研究專業英文,0,選,30,13,,17,葉育君,H1--105,,,,"3,4",,,,"[{""day"": 4, ""dayName"": ""星期四"", ""periods"": [""3"", ""4""], ""raw"": ""3,4""}]",限修,本課程限建築學系碩士班學生選修，學期總成績達70分即符合本系外語能力認定之標準。,https://course.nuk.edu.tw/QueryCourse/tcontent.asp?OpenYear=110&Helf=2&Sclass=DA&Cono=F531,2026-08-26T18:26:40+00:00
110-2-DA-F542-M-1-,110,2,人文社會科學院,DA,建築學系,F542,M,碩士班,1,,低碳建築與木構造特論,3,選,22,10,,12,陳仁,H1--107,"5,6, 7",,,,,,,"[{""day"": 1, ""dayName"": ""星期一"", ""periods"": [""5"", ""6"", ""7""], ""raw"": ""5,6, 7""}]",限修及外加,,https://course.nuk.edu.tw/QueryCourse/tcontent.asp?OpenYear=110&Helf=2&Sclass=DA&Cono=F542,2026-08-26T18:26:40+00:00
110-2-DA-F544-M-1-,110,2,人文社會科學院,DA,建築學系,F544,M,碩士班,1,,不動產開發與建築規劃實務,3,選,30,25,,5,徐弘宇,H1--102,,,,,"3,4, Y",,,"[{""day"": 5, ""dayName"": ""星期五"", ""periods"": [""3"", ""4"", ""Y""], ""raw"": ""3,4, Y""}]",,本課程碩士、大四合開,https://course.nuk.edu.tw/QueryCourse/tcontent.asp?OpenYear=110&Helf=2&Sclass=DA&Cono=F544,2026-08-26T18:26:40+00:00
110-2-DA-F551-M-1-,110,2,人文社會科學院,DA,建築學系,F551,M,碩士班,1,,氣候反應設計專論,3,選,30,11,,19,葉育君,H1--101,,,"5,6, 7",,,,,"[{""day"": 3, ""dayName"": ""星期三"", ""periods"": [""5"", ""6"", ""7""], ""raw"": ""5,6, 7""}]",,,https://course.nuk.edu.tw/QueryCourse/tcontent.asp?OpenYear=110&Helf=2&Sclass=DA&Cono=F551,2026-08-26T18:26:40+00:00
110-2-DA-F568-M-1-,110,2,人文社會科學院,DA,建築學系,F568,M,碩士班,1,,數位創新設計(六),2,選,20,17,,3,陳怡兆,H3--110,,,,"7,8",,,,"[{""day"": 4, ""dayName"": ""星期四"", ""periods"": [""7"", ""8""], ""raw"": ""7,8""}]",,教室：h3-110，本課程開放大三、大四共同上課。本課程為配合虛擬實境競賽的課程，擬修課同學須經任課老師簽名加簽。限修人數10人,https://course.nuk.edu.tw/QueryCourse/tcontent.asp?OpenYear=110&Helf=2&Sclass=DA&Cono=F568,2026-08-26T18:26:40+00:00
110-2-DA-F573-M-1-,110,2,人文社會科學院,DA,建築學系,F573,M,碩士班,1,,室內設計實務,3,選,40,36,,4,梁凱翔,H1--102,,,,,"5,6, 7",,,"[{""day"": 5, ""dayName"": ""星期五"", ""periods"": [""5"", ""6"", ""7""], ""raw"": ""5,6, 7""}]",外加,教室：h1-102,https://course.nuk.edu.tw/QueryCourse/tcontent.asp?OpenYear=110&Helf=2&Sclass=DA&Cono=F573,2026-08-26T18:26:40+00:00
110-2-DA-F593-M-1-,110,2,人文社會科學院,DA,建築學系,F593,M,碩士班,1,,高齡生活創意設計,3,選,50,9,,41,曾梓峰,H1--102,"2,3, 4",,,,,,,"[{""day"": 1, ""dayName"": ""星期一"", ""periods"": [""2"", ""3"", ""4""], ""raw"": ""2,3, 4""}]",,教室：h1-102。本課程碩士、碩專不分年級皆可選修。本課程開放大三大四選修。,https://course.nuk.edu.tw/QueryCourse/tcontent.asp?OpenYear=110&Helf=2&Sclass=DA&Cono=F593,2026-08-26T18:26:40+00:00
110-2-DA-F594-M-1-,110,2,人文社會科學院,DA,建築學系,F594,M,碩士班,1,,社區共學與文化空間創生,3,選,27,26,,1,陳仁,H1--106,,"5,6, 7",,,,,,"[{""day"": 2, ""dayName"": ""星期二"", ""periods"": [""5"", ""6"", ""7""], ""raw"": ""5,6, 7""}]",限修及外加,本課程大四與碩士班合開。,https://course.nuk.edu.tw/QueryCourse/tcontent.asp?OpenYear=110&Helf=2&Sclass=DA&Cono=F594,2026-08-26T18:26:40+00:00
110-2-DA-F602-M-1-,110,2,人文社會科學院,DA,建築學系,F602,M,碩士班,1,,歐洲永續城市專題,3,選,50,11,,39,曾梓峰,H1--102,"5,6, 7",,,,,,,"[{""day"": 1, ""dayName"": ""星期一"", ""periods"": [""5"", ""6"", ""7""], ""raw"": ""5,6, 7""}]",,教室：h1-102，本課程碩士、碩專不分年級皆可選修。開放大三、大四學生選修。,https://course.nuk.edu.tw/QueryCourse/tcontent.asp?OpenYear=110&Helf=2&Sclass=DA&Cono=F602,2026-08-26T18:26:40+00:00
110-2-DAP-A005-A-1-A,110,2,人文社會科學院,DAP,運動競技學系,A005,A,大學部,1,A,運動行銷學,2,必,44,44,,0,孫美蓮,B01-207-4,,,"3,4",,,,,"[{""day"": 3, ""dayName"": ""星期三"", ""periods"": [""3"", ""4""], ""raw"": ""3,4""}]",限修及外加,207-4教室,https://course.nuk.edu.tw/QueryCourse/tcontent.asp?OpenYear=110&Helf=2&Sclass=DAP&Cono=A005,2026-08-26T18:26:40+00:00
110-2-DAP-A01B-A-1-A,110,2,人文社會科學院,DAP,運動競技學系,A01B,A,大學部,1,A,專長術科(棒球)-Ⅱ,4,必,12,12,,0,李坤哲,其他教室,,"1,2, 3,4",,"5,6, 7,8",,,,"[{""day"": 2, ""dayName"": ""星期二"", ""periods"": [""1"", ""2"", ""3"", ""4""], ""raw"": ""1,2, 3,4""}, {""day"": 4, ""dayName"": ""星期四"", ""periods"": [""5"", ""6"", ""7"", ""8""], ""raw"": ""5,6, 7,8""}]",限修,授課老師：李坤哲，專長術科（棒球）-Ⅱ、Ⅳ、Ⅵ、Ⅷ每週二(1-4節)、四(5-8節）棒球場上課,https://course.nuk.edu.tw/QueryCourse/tcontent.asp?OpenYear=110&Helf=2&Sclass=DAP&Cono=A01B,2026-08-26T18:26:40+00:00
110-2-DAP-A02B-A-1-A,110,2,人文社會科學院,DAP,運動競技學系,A02B,A,大學部,1,A,專長術科(桌球)-Ⅱ,4,必,10,10,,0,王明月,其他教室,,"1,2, 3,4",,"5,6, 7,8",,,,"[{""day"": 2, ""dayName"": ""星期二"", ""periods"": [""1"", ""2"", ""3"", ""4""], ""raw"": ""1,2, 3,4""}, {""day"": 4, ""dayName"": ""星期四"", ""periods"": [""5"", ""6"", ""7"", ""8""], ""raw"": ""5,6, 7,8""}]",限修,授課老師：王明月，專長術科（桌球）-Ⅱ、Ⅳ、Ⅵ、Ⅷ每週二(1-4節)、四(5-8節)桌球場上課,https://course.nuk.edu.tw/QueryCourse/tcontent.asp?OpenYear=110&Helf=2&Sclass=DAP&Cono=A02B,2026-08-26T18:26:40+00:00
110-2-DAP-A03B-A-1-A,110,2,人文社會科學院,DAP,運動競技學系,A03B,A,大學部,1,A,專長術科(游泳)-Ⅱ,4,必,1,1,,0,林季嬋,其他教室,,"1,2, 3,4",,"5,6, 7,8",,,,"[{""day"": 2, ""dayName"": ""星期二"", ""periods"": [""1"", ""2"", ""3"", ""4""], ""raw"": ""1,2, 3,4""}, {""day"": 4, ""dayName"": ""星期四"", ""periods"": [""5"", ""6"", ""7"", ""8""], ""raw"": ""5,6, 7,8""}]",限修,授課老師：林季嬋，專長術科（游泳）-Ⅱ、Ⅳ、Ⅵ、Ⅷ每週二(1-4節)、四(5-8節)游泳池水用4水道上課,https://course.nuk.edu.tw/QueryCourse/tcontent.asp?OpenYear=110&Helf=2&Sclass=DAP&Cono=A03B,2026-08-26T18:26:40+00:00
110-2-DAP-A04B-A-1-A,110,2,人文社會科學院,DAP,運動競技學系,A04B,A,大學部,1,A,專長術科(羽球)-Ⅱ,4,必,11,11,,0,黃全成,其他教室,,"1,2, 3,4",,"5,6, 7,8",,,,"[{""day"": 2, ""dayName"": ""星期二"", ""periods"": [""1"", ""2"", ""3"", ""4""], ""raw"": ""1,2, 3,4""}, {""day"": 4, ""dayName"": ""星期四"", ""periods"": [""5"", ""6"", ""7"", ""8""], ""raw"": ""5,6, 7,8""}]",限修,授課老師：黃全成，專長術科（羽球）-Ⅱ、Ⅳ、Ⅵ、Ⅷ每週二(1-4節)、四(5-8節)羽球場上課,https://course.nuk.edu.tw/QueryCourse/tcontent.asp?OpenYear=110&Helf=2&Sclass=DAP&Cono=A04B,2026-08-26T18:26:40+00:00
110-2-DAP-A051-A-1-A,110,2,人文社會科學院,DAP,運動競技學系,A051,A,大學部,1,A,人體解剖學,2,必,50,42,,8,林季嬋,B01-207-4,"1,2",,,,,,,"[{""day"": 1, ""dayName"": ""星期一"", ""periods"": [""1"", ""2""], ""raw"": ""1,2""}]",限修及外加,207-4教室,https://course.nuk.edu.tw/QueryCourse/tcontent.asp?OpenYear=110&Helf=2&Sclass=DAP&Cono=A051,2026-08-26T18:26:40+00:00
110-2-DAP-A061-A-1-A,110,2,人文社會科學院,DAP,運動競技學系,A061,A,大學部,1,A,飛盤運動,1,選,41,38,,3,陳宗榮,,,,,,"1,2",,,"[{""day"": 5, ""dayName"": ""星期五"", ""periods"": [""1"", ""2""], ""raw"": ""1,2""}]",限修及外加,綜合球場(木球場二),https://course.nuk.edu.tw/QueryCourse/tcontent.asp?OpenYear=110&Helf=2&Sclass=DAP&Cono=A061,2026-08-26T18:26:40+00:00
110-2-DAP-A06B-A-1-A,110,2,人文社會科學院,DAP,運動競技學系,A06B,A,大學部,1,A,專長術科(木球)-Ⅱ,4,必,6,6,,0,葉天相,其他教室,,"1,2, 3,4",,"5,6, 7,8",,,,"[{""day"": 2, ""dayName"": ""星期二"", ""periods"": [""1"", ""2"", ""3"", ""4""], ""raw"": ""1,2, 3,4""}, {""day"": 4, ""dayName"": ""星期四"", ""periods"": [""5"", ""6"", ""7"", ""8""], ""raw"": ""5,6, 7,8""}]",限修,授課老師：葉天相，專長術科（木球）-Ⅱ、Ⅳ、Ⅵ、Ⅷ每週二(1-4節)、四（5-8節）木球場上課,https://course.nuk.edu.tw/QueryCourse/tcontent.asp?OpenYear=110&Helf=2&Sclass=DAP&Cono=A06B,2026-08-26T18:26:40+00:00
110-2-DAP-A501-A-1-A,110,2,人文社會科學院,DAP,運動競技學系,A501,A,大學部,1,A,運動場地設施與管理,2,選,42,41,,1,林政德,B01-207-4,,,,,"3,4",,,"[{""day"": 5, ""dayName"": ""星期五"", ""periods"": [""3"", ""4""], ""raw"": ""3,4""}]",限修及外加,207-4教室,https://course.nuk.edu.tw/QueryCourse/tcontent.asp?OpenYear=110&Helf=2&Sclass=DAP&Cono=A501,2026-08-26T18:26:40+00:00
110-2-DAP-A512-A-1-A,110,2,人文社會科學院,DAP,運動競技學系,A512,A,大學部,1,A,體育活動設計,2,選,40,40,,0,黃全成,B01-207-4,"5,6",,,,,,,"[{""day"": 1, ""dayName"": ""星期一"", ""periods"": [""5"", ""6""], ""raw"": ""5,6""}]",限修,207-4教室,https://course.nuk.edu.tw/QueryCourse/tcontent.asp?OpenYear=110&Helf=2&Sclass=DAP&Cono=A512,2026-08-26T18:26:40+00:00
110-2-DAP-B05C-A-1-A,110,2,人文社會科學院,DAP,運動競技學系,B05C,A,大學部,1,A,體適能(Ⅱ),1,必,40,40,,0,陳宗榮,B01-207-6,,,,"3,4",,,,"[{""day"": 4, ""dayName"": ""星期四"", ""periods"": [""3"", ""4""], ""raw"": ""3,4""}]",限修,207-6教室、重量訓練教室(一)(二),https://course.nuk.edu.tw/QueryCourse/tcontent.asp?OpenYear=110&Helf=2&Sclass=DAP&Cono=B05C,2026-08-26T18:26:40+00:00
110-2-DAP-B06D-A-1-A,110,2,人文社會科學院,DAP,運動競技學系,B06D,A,大學部,1,A,游泳(Ⅱ),1,必,40,38,,2,葉天相,B01-207-6,,"5,6",,,,,,"[{""day"": 2, ""dayName"": ""星期二"", ""periods"": [""5"", ""6""], ""raw"": ""5,6""}]",限修,游泳池使用4水道,https://course.nuk.edu.tw/QueryCourse/tcontent.asp?OpenYear=110&Helf=2&Sclass=DAP&Cono=B06D,2026-08-26T18:26:40+00:00
110-2-DAP-B003-A-2-A,110,2,人文社會科學院,DAP,運動競技學系,B003,A,大學部,2,A,運動生物力學,2,必,50,45,,5,陳宗榮,B01-207-4,"3,4",,,,,,,"[{""day"": 1, ""dayName"": ""星期一"", ""periods"": [""3"", ""4""], ""raw"": ""3,4""}]",限修及外加,207-4教室,https://course.nuk.edu.tw/QueryCourse/tcontent.asp?OpenYear=110&Helf=2&Sclass=DAP&Cono=B003,2026-08-26T18:26:40+00:00
110-2-DAP-B01B-A-2-A,110,2,人文社會科學院,DAP,運動競技學系,B01B,A,大學部,2,A,專長術科(棒球)-Ⅳ,4,必,15,12,,3,李坤哲,其他教室,,"1,2, 3,4",,"5,6, 7,8",,,,"[{""day"": 2, ""dayName"": ""星期二"", ""periods"": [""1"", ""2"", ""3"", ""4""], ""raw"": ""1,2, 3,4""}, {""day"": 4, ""dayName"": ""星期四"", ""periods"": [""5"", ""6"", ""7"", ""8""], ""raw"": ""5,6, 7,8""}]",限修,授課老師：李坤哲，專長術科（棒球）-Ⅱ、Ⅳ、Ⅵ、Ⅷ每週二(1-4節)、四(5-8節)棒球場上課,https://course.nuk.edu.tw/QueryCourse/tcontent.asp?OpenYear=110&Helf=2&Sclass=DAP&Cono=B01B,2026-08-26T18:26:40+00:00
110-2-DAP-B02B-A-2-A,110,2,人文社會科學院,DAP,運動競技學系,B02B,A,大學部,2,A,專長術科(桌球)-Ⅳ,4,必,8,7,,1,王明月,其他教室,,"1,2, 3,4",,"5,6, 7,8",,,,"[{""day"": 2, ""dayName"": ""星期二"", ""periods"": [""1"", ""2"", ""3"", ""4""], ""raw"": ""1,2, 3,4""}, {""day"": 4, ""dayName"": ""星期四"", ""periods"": [""5"", ""6"", ""7"", ""8""], ""raw"": ""5,6, 7,8""}]",限修,授課老師：王明月，專長術科（桌球）-Ⅱ、Ⅳ、Ⅵ、Ⅷ每週二(1-4節)、四(5-8節)桌球場上課,https://course.nuk.edu.tw/QueryCourse/tcontent.asp?OpenYear=110&Helf=2&Sclass=DAP&Cono=B02B,2026-08-26T18:26:40+00:00
110-2-DAP-B03B-A-2-A,110,2,人文社會科學院,DAP,運動競技學系,B03B,A,大學部,2,A,專長術科(游泳)-Ⅳ,4,必,9,8,,1,林季嬋,其他教室,,"1,2, 3,4",,"5,6, 7,8",,,,"[{""day"": 2, ""dayName"": ""星期二"", ""periods"": [""1"", ""2"", ""3"", ""4""], ""raw"": ""1,2, 3,4""}, {""day"": 4, ""dayName"": ""星期四"", ""periods"": [""5"", ""6"", ""7"", ""8""], ""raw"": ""5,6, 7,8""}]",限修,授課老師：林季嬋，專長術科（游泳）-Ⅱ、Ⅳ、Ⅵ、Ⅷ每週二(1-4節)、四(5-8節)游泳池水用4水道上課,https://course.nuk.edu.tw/QueryCourse/tcontent.asp?OpenYear=110&Helf=2&Sclass=DAP&Cono=B03B,2026-08-26T18:26:40+00:00
110-2-DAP-B04B-A-2-A,110,2,人文社會科學院,DAP,運動競技學系,B04B,A,大學部,2,A,專長術科(羽球)-Ⅳ,4,必,13,12,,1,黃全成,其他教室,,"1,2, 3,4",,"5,6, 7,8",,,,"[{""day"": 2, ""dayName"": ""星期二"", ""periods"": [""1"", ""2"", ""3"", ""4""], ""raw"": ""1,2, 3,4""}, {""day"": 4, ""dayName"": ""星期四"", ""periods"": [""5"", ""6"", ""7"", ""8""], ""raw"": ""5,6, 7,8""}]",限修,授課老師：黃全成，專長術科（羽球）-Ⅱ、Ⅳ、Ⅵ、Ⅷ每週二（1-4節）、四（5-8節）羽球場上課,https://course.nuk.edu.tw/QueryCourse/tcontent.asp?OpenYear=110&Helf=2&Sclass=DAP&Cono=B04B,2026-08-26T18:26:40+00:00
110-2-DAP-B071-A-2-A,110,2,人文社會科學院,DAP,運動競技學系,B071,A,大學部,2,A,運動科學講座,2,必,51,46,,5,孫美蓮,B01-207-4,,"8,9",,,,,,"[{""day"": 2, ""dayName"": ""星期二"", ""periods"": [""8"", ""9""], ""raw"": ""8,9""}]",限修及外加,207-4教室,https://course.nuk.edu.tw/QueryCourse/tcontent.asp?OpenYear=110&Helf=2&Sclass=DAP&Cono=B071,2026-08-26T18:26:40+00:00
110-2-DAP-B07B-A-2-A,110,2,人文社會科學院,DAP,運動競技學系,B07B,A,大學部,2,A,專長術科(木球)-IV,4,必,3,3,,0,葉天相,,,"1,2, 3,4",,"5,6, 7,8",,,,"[{""day"": 2, ""dayName"": ""星期二"", ""periods"": [""1"", ""2"", ""3"", ""4""], ""raw"": ""1,2, 3,4""}, {""day"": 4, ""dayName"": ""星期四"", ""periods"": [""5"", ""6"", ""7"", ""8""], ""raw"": ""5,6, 7,8""}]",限修,授課老師：葉天相，專長術科（木球）-Ⅱ、Ⅳ、Ⅵ、Ⅷ每週二(1-4節)、五(5-8節)木球場上課,https://course.nuk.edu.tw/QueryCourse/tcontent.asp?OpenYear=110&Helf=2&Sclass=DAP&Cono=B07B,2026-08-26T18:26:40+00:00
110-2-DAP-B501-A-2-A,110,2,人文社會科學院,DAP,運動競技學系,B501,A,大學部,2,A,運動團隊管理與領導,2,選,48,42,,6,林政德,B01-207-4,,,,"3,4",,,,"[{""day"": 4, ""dayName"": ""星期四"", ""periods"": [""3"", ""4""], ""raw"": ""3,4""}]",限修及外加,207-4教室,https://course.nuk.edu.tw/QueryCourse/tcontent.asp?OpenYear=110&Helf=2&Sclass=DAP&Cono=B501,2026-08-26T18:26:40+00:00
110-2-DAP-B521-A-2-A,110,2,人文社會科學院,DAP,運動競技學系,B521,A,大學部,2,A,肌力與體能訓練,1,選,50,43,,7,陳宗榮,B01-207-6,"1,2",,,,,,,"[{""day"": 1, ""dayName"": ""星期一"", ""periods"": [""1"", ""2""], ""raw"": ""1,2""}]",限修及外加,207-6教室、重量訓練教室(一)(二),https://course.nuk.edu.tw/QueryCourse/tcontent.asp?OpenYear=110&Helf=2&Sclass=DAP&Cono=B521,2026-08-26T18:26:40+00:00
110-2-DAP-B533-A-2-A,110,2,人文社會科學院,DAP,運動競技學系,B533,A,大學部,2,A,桌球,1,選,47,34,,13,王明月,,"5,6",,,,,,,"[{""day"": 1, ""dayName"": ""星期一"", ""periods"": [""5"", ""6""], ""raw"": ""5,6""}]",限修及外加,桌球場,https://course.nuk.edu.tw/QueryCourse/tcontent.asp?OpenYear=110&Helf=2&Sclass=DAP&Cono=B533,2026-08-26T18:26:40+00:00
110-2-DAP-B535-A-2-A,110,2,人文社會科學院,DAP,運動競技學系,B535,A,大學部,2,A,田徑,1,選,51,44,,7,葉天相,,,,"3,4",,,,,"[{""day"": 3, ""dayName"": ""星期三"", ""periods"": [""3"", ""4""], ""raw"": ""3,4""}]",限修及外加,田徑場,https://course.nuk.edu.tw/QueryCourse/tcontent.asp?OpenYear=110&Helf=2&Sclass=DAP&Cono=B535,2026-08-26T18:26:40+00:00
110-2-DAP-B54B-A-2-A,110,2,人文社會科學院,DAP,運動競技學系,B54B,A,大學部,2,A,水上救生(Ⅱ),1,選,48,42,,6,葉天相,,,,"5,6",,,,,"[{""day"": 3, ""dayName"": ""星期三"", ""periods"": [""5"", ""6""], ""raw"": ""5,6""}]",限修及外加,游泳池使用4水道,https://course.nuk.edu.tw/QueryCourse/tcontent.asp?OpenYear=110&Helf=2&Sclass=DAP&Cono=B54B,2026-08-26T18:26:40+00:00
110-2-DAP-B551-A-2-A,110,2,人文社會科學院,DAP,運動競技學系,B551,A,大學部,2,A,運動傷害與急救,2,選,48,43,,5,陳宗榮,B01-207-6,,,"1,2",,,,,"[{""day"": 3, ""dayName"": ""星期三"", ""periods"": [""1"", ""2""], ""raw"": ""1,2""}]",限修及外加,207-6教室,https://course.nuk.edu.tw/QueryCourse/tcontent.asp?OpenYear=110&Helf=2&Sclass=DAP&Cono=B551,2026-08-26T18:26:40+00:00
110-2-DAP-C002-A-3-A,110,2,人文社會科學院,DAP,運動競技學系,C002,A,大學部,3,A,運動教練學,2,必,48,46,,2,李坤哲,B01-207-6,"5,6",,,,,,,"[{""day"": 1, ""dayName"": ""星期一"", ""periods"": [""5"", ""6""], ""raw"": ""5,6""}]",限修,207-6教室,https://course.nuk.edu.tw/QueryCourse/tcontent.asp?OpenYear=110&Helf=2&Sclass=DAP&Cono=C002,2026-08-26T18:26:40+00:00
110-2-DAP-C01B-A-3-A,110,2,人文社會科學院,DAP,運動競技學系,C01B,A,大學部,3,A,專長術科(棒球)-Ⅵ,4,必,18,18,,0,李坤哲,其他教室,,"1,2, 3,4",,"5,6, 7,8",,,,"[{""day"": 2, ""dayName"": ""星期二"", ""periods"": [""1"", ""2"", ""3"", ""4""], ""raw"": ""1,2, 3,4""}, {""day"": 4, ""dayName"": ""星期四"", ""periods"": [""5"", ""6"", ""7"", ""8""], ""raw"": ""5,6, 7,8""}]",限修,授課老師：李坤哲，專長術科（棒球）-Ⅱ、Ⅳ、Ⅵ、Ⅷ每週二（1-4節）、四（5-8節）棒球場上課,https://course.nuk.edu.tw/QueryCourse/tcontent.asp?OpenYear=110&Helf=2&Sclass=DAP&Cono=C01B,2026-08-26T18:26:40+00:00
110-2-DAP-C02B-A-3-A,110,2,人文社會科學院,DAP,運動競技學系,C02B,A,大學部,3,A,專長術科(桌球)-Ⅵ,4,必,5,5,,0,王明月,其他教室,,"1,2, 3,4",,"5,6, 7,8",,,,"[{""day"": 2, ""dayName"": ""星期二"", ""periods"": [""1"", ""2"", ""3"", ""4""], ""raw"": ""1,2, 3,4""}, {""day"": 4, ""dayName"": ""星期四"", ""periods"": [""5"", ""6"", ""7"", ""8""], ""raw"": ""5,6, 7,8""}]",限修,授課老師：王明月，專長術科（桌球）-Ⅱ、Ⅳ、Ⅵ、Ⅷ每週二(1-4節)、五(5-8節)桌球場上課,https://course.nuk.edu.tw/QueryCourse/tcontent.asp?OpenYear=110&Helf=2&Sclass=DAP&Cono=C02B,2026-08-26T18:26:40+00:00
110-2-DAP-C03B-A-3-A,110,2,人文社會科學院,DAP,運動競技學系,C03B,A,大學部,3,A,專長術科(游泳)-Ⅵ,4,必,6,6,,0,林季嬋,其他教室,,"1,2, 3,4",,"5,6, 7,8",,,,"[{""day"": 2, ""dayName"": ""星期二"", ""periods"": [""1"", ""2"", ""3"", ""4""], ""raw"": ""1,2, 3,4""}, {""day"": 4, ""dayName"": ""星期四"", ""periods"": [""5"", ""6"", ""7"", ""8""], ""raw"": ""5,6, 7,8""}]",限修,授課老師：林季嬋，專長術科（游泳）-Ⅱ、Ⅳ、Ⅵ、Ⅷ每週二（1-4節）、四（5-8節）游泳池使用4水道上課,https://course.nuk.edu.tw/QueryCourse/tcontent.asp?OpenYear=110&Helf=2&Sclass=DAP&Cono=C03B,2026-08-26T18:26:40+00:00
110-2-DAP-C04B-A-3-A,110,2,人文社會科學院,DAP,運動競技學系,C04B,A,大學部,3,A,專長術科(羽球)-Ⅵ,4,必,13,11,,2,黃全成,其他教室,,"1,2, 3,4",,"5,6, 7,8",,,,"[{""day"": 2, ""dayName"": ""星期二"", ""periods"": [""1"", ""2"", ""3"", ""4""], ""raw"": ""1,2, 3,4""}, {""day"": 4, ""dayName"": ""星期四"", ""periods"": [""5"", ""6"", ""7"", ""8""], ""raw"": ""5,6, 7,8""}]",限修,授課老師：黃全成，專長術科（羽球）-Ⅱ、Ⅳ、Ⅵ、Ⅷ每週二（1-4節）、四（5-8節）羽球場上課,https://course.nuk.edu.tw/QueryCourse/tcontent.asp?OpenYear=110&Helf=2&Sclass=DAP&Cono=C04B,2026-08-26T18:26:40+00:00
110-2-DAP-C05B-A-3-A,110,2,人文社會科學院,DAP,運動競技學系,C05B,A,大學部,3,A,專長術科(木球)-Ⅵ,4,必,6,6,,0,葉天相,,,"1,2, 3,4",,"5,6, 7,8",,,,"[{""day"": 2, ""dayName"": ""星期二"", ""periods"": [""1"", ""2"", ""3"", ""4""], ""raw"": ""1,2, 3,4""}, {""day"": 4, ""dayName"": ""星期四"", ""periods"": [""5"", ""6"", ""7"", ""8""], ""raw"": ""5,6, 7,8""}]",限修,授課老師：葉天相，專長術科（木球）-Ⅱ、Ⅳ、Ⅵ、Ⅷ每週二(1-4節)、四（5-8節）木球場上課,https://course.nuk.edu.tw/QueryCourse/tcontent.asp?OpenYear=110&Helf=2&Sclass=DAP&Cono=C05B,2026-08-26T18:26:40+00:00
110-2-DAP-C511-A-3-A,110,2,人文社會科學院,DAP,運動競技學系,C511,A,大學部,3,A,運動社會學,2,選,42,31,,11,林政德,B01-207-6,,,"3,4",,,,,"[{""day"": 3, ""dayName"": ""星期三"", ""periods"": [""3"", ""4""], ""raw"": ""3,4""}]",限修及外加,,https://course.nuk.edu.tw/QueryCourse/tcontent.asp?OpenYear=110&Helf=2&Sclass=DAP&Cono=C511,2026-08-26T18:26:40+00:00
110-2-DAP-C512-A-3-A,110,2,人文社會科學院,DAP,運動競技學系,C512,A,大學部,3,A,運動貼紮理論與實務,2,選,50,43,,7,陳宗榮,B01-207-4,,,,"1,2",,,,"[{""day"": 4, ""dayName"": ""星期四"", ""periods"": [""1"", ""2""], ""raw"": ""1,2""}]",限修及外加,207-4教室,https://course.nuk.edu.tw/QueryCourse/tcontent.asp?OpenYear=110&Helf=2&Sclass=DAP&Cono=C512,2026-08-26T18:26:40+00:00
110-2-DAP-C514-A-3-A,110,2,人文社會科學院,DAP,運動競技學系,C514,A,大學部,3,A,運動法律,2,選,53,50,,3,林政德,B01-207-4,,,"1,2",,,,,"[{""day"": 3, ""dayName"": ""星期三"", ""periods"": [""1"", ""2""], ""raw"": ""1,2""}]",限修及外加,,https://course.nuk.edu.tw/QueryCourse/tcontent.asp?OpenYear=110&Helf=2&Sclass=DAP&Cono=C514,2026-08-26T18:26:40+00:00
110-2-DAP-C523-A-3-A,110,2,人文社會科學院,DAP,運動競技學系,C523,A,大學部,3,A,羽球,1,選,50,34,,16,黃全成,,"1,2",,,,,,,"[{""day"": 1, ""dayName"": ""星期一"", ""periods"": [""1"", ""2""], ""raw"": ""1,2""}]",限修及外加,羽球場,https://course.nuk.edu.tw/QueryCourse/tcontent.asp?OpenYear=110&Helf=2&Sclass=DAP&Cono=C523,2026-08-26T18:26:40+00:00
110-2-DAP-C524-A-3-A,110,2,人文社會科學院,DAP,運動競技學系,C524,A,大學部,3,A,跆拳道,1,選,48,16,,32,葉天相,K01-004,,,,,"3,4",,,"[{""day"": 5, ""dayName"": ""星期五"", ""periods"": [""3"", ""4""], ""raw"": ""3,4""}]",限修,體適能教室,https://course.nuk.edu.tw/QueryCourse/tcontent.asp?OpenYear=110&Helf=2&Sclass=DAP&Cono=C524,2026-08-26T18:26:40+00:00
110-2-DAP-C54B-A-3-A,110,2,人文社會科學院,DAP,運動競技學系,C54B,A,大學部,3,A,重量訓練(Ⅱ),1,選,51,49,,2,黃全成,,"3,4",,,,,,,"[{""day"": 1, ""dayName"": ""星期一"", ""periods"": [""3"", ""4""], ""raw"": ""3,4""}]",限修及外加,重訓教室(一)(二),https://course.nuk.edu.tw/QueryCourse/tcontent.asp?OpenYear=110&Helf=2&Sclass=DAP&Cono=C54B,2026-08-26T18:26:40+00:00
110-2-DAP-D01B-A-4-A,110,2,人文社會科學院,DAP,運動競技學系,D01B,A,大學部,4,A,專長術科(棒球)-Ⅷ,4,必,17,12,,5,李坤哲,其他教室,,"1,2, 3,4",,"5,6, 7,8",,,,"[{""day"": 2, ""dayName"": ""星期二"", ""periods"": [""1"", ""2"", ""3"", ""4""], ""raw"": ""1,2, 3,4""}, {""day"": 4, ""dayName"": ""星期四"", ""periods"": [""5"", ""6"", ""7"", ""8""], ""raw"": ""5,6, 7,8""}]",限修,授課老師：李坤哲，專長術科（棒球）-Ⅱ、Ⅳ、Ⅵ、Ⅷ每週二(1-4節)、四(5-8節)棒球場上課,https://course.nuk.edu.tw/QueryCourse/tcontent.asp?OpenYear=110&Helf=2&Sclass=DAP&Cono=D01B,2026-08-26T18:26:40+00:00
110-2-DAP-D02B-A-4-A,110,2,人文社會科學院,DAP,運動競技學系,D02B,A,大學部,4,A,專長術科(桌球)-Ⅷ,4,必,11,10,,1,王明月,其他教室,,"1,2, 3,4",,"5,6, 7,8",,,,"[{""day"": 2, ""dayName"": ""星期二"", ""periods"": [""1"", ""2"", ""3"", ""4""], ""raw"": ""1,2, 3,4""}, {""day"": 4, ""dayName"": ""星期四"", ""periods"": [""5"", ""6"", ""7"", ""8""], ""raw"": ""5,6, 7,8""}]",限修,授課老師：王明月，專長術科（桌球）-Ⅱ、Ⅳ、Ⅵ、Ⅷ每週二(1-4節)、四(5-8節)桌球場上課,https://course.nuk.edu.tw/QueryCourse/tcontent.asp?OpenYear=110&Helf=2&Sclass=DAP&Cono=D02B,2026-08-26T18:26:40+00:00
110-2-DAP-D03B-A-4-A,110,2,人文社會科學院,DAP,運動競技學系,D03B,A,大學部,4,A,專長術科(游泳)-Ⅷ,4,必,4,1,,3,林季嬋,其他教室,,"1,2, 3,4",,"5,6, 7,8",,,,"[{""day"": 2, ""dayName"": ""星期二"", ""periods"": [""1"", ""2"", ""3"", ""4""], ""raw"": ""1,2, 3,4""}, {""day"": 4, ""dayName"": ""星期四"", ""periods"": [""5"", ""6"", ""7"", ""8""], ""raw"": ""5,6, 7,8""}]",限修,授課老師：林季嬋，專長術科（游泳）-Ⅱ、Ⅳ、Ⅵ、Ⅷ每週二(1-4節)、四(5-8節)游泳池水用4水道上課,https://course.nuk.edu.tw/QueryCourse/tcontent.asp?OpenYear=110&Helf=2&Sclass=DAP&Cono=D03B,2026-08-26T18:26:40+00:00
110-2-DAP-D04B-A-4-A,110,2,人文社會科學院,DAP,運動競技學系,D04B,A,大學部,4,A,專長術科(羽球)-Ⅷ,4,必,13,10,,3,黃全成,其他教室,,"1,2, 3,4",,"5,6, 7,8",,,,"[{""day"": 2, ""dayName"": ""星期二"", ""periods"": [""1"", ""2"", ""3"", ""4""], ""raw"": ""1,2, 3,4""}, {""day"": 4, ""dayName"": ""星期四"", ""periods"": [""5"", ""6"", ""7"", ""8""], ""raw"": ""5,6, 7,8""}]",限修,授課老師：黃全成，專長術科（羽球）-Ⅱ、Ⅳ、Ⅵ、Ⅷ每週二（1-4節）、四（5-8節）羽球場上課,https://course.nuk.edu.tw/QueryCourse/tcontent.asp?OpenYear=110&Helf=2&Sclass=DAP&Cono=D04B,2026-08-26T18:26:40+00:00
110-2-DAP-D05B-A-4-A,110,2,人文社會科學院,DAP,運動競技學系,D05B,A,大學部,4,A,專長術科(木球)-Ⅷ,4,必,5,4,,1,葉天相,,,"1,2, 3,4",,"5,6, 7,8",,,,"[{""day"": 2, ""dayName"": ""星期二"", ""periods"": [""1"", ""2"", ""3"", ""4""], ""raw"": ""1,2, 3,4""}, {""day"": 4, ""dayName"": ""星期四"", ""periods"": [""5"", ""6"", ""7"", ""8""], ""raw"": ""5,6, 7,8""}]",限修,授課老師：葉天相，專長術科（木球）-Ⅱ、Ⅳ、Ⅵ、Ⅷ每週二(1-4節)、四（5-8節）木球場上課,https://course.nuk.edu.tw/QueryCourse/tcontent.asp?OpenYear=110&Helf=2&Sclass=DAP&Cono=D05B,2026-08-26T18:26:40+00:00
110-2-DAP-D502-A-4-A,110,2,人文社會科學院,DAP,運動競技學系,D502,A,大學部,4,A,運動選才學,2,選,48,33,,15,李坤哲,B01-207-6,,,,,"3,4",,,"[{""day"": 5, ""dayName"": ""星期五"", ""periods"": [""3"", ""4""], ""raw"": ""3,4""}]",限修,207-6教室,https://course.nuk.edu.tw/QueryCourse/tcontent.asp?OpenYear=110&Helf=2&Sclass=DAP&Cono=D502,2026-08-26T18:26:40+00:00
110-2-DAP-D522-A-4-A,110,2,人文社會科學院,DAP,運動競技學系,D522,A,大學部,4,A,運動服務學習,1,必,50,37,,13,黃全成,B01-207-4,,,,,"5,6",,,"[{""day"": 5, ""dayName"": ""星期五"", ""periods"": [""5"", ""6""], ""raw"": ""5,6""}]",限修,207-4教室,https://course.nuk.edu.tw/QueryCourse/tcontent.asp?OpenYear=110&Helf=2&Sclass=DAP&Cono=D522,2026-08-26T18:26:40+00:00
110-2-EL-A012-A-1-A,110,2,人文社會科學院,EL,東亞語文學系,A012,A,大學部,1,A,初級日語 II,4,必,38,35,,3,陳志文,H1--111,"3,4",,"3,4",,,,,"[{""day"": 1, ""dayName"": ""星期一"", ""periods"": [""3"", ""4""], ""raw"": ""3,4""}, {""day"": 3, ""dayName"": ""星期三"", ""periods"": [""3"", ""4""], ""raw"": ""3,4""}]",限修及外加 學程,教室H1-111,https://course.nuk.edu.tw/QueryCourse/tcontent.asp?OpenYear=110&Helf=2&Sclass=EL&Cono=A012,2026-08-26T18:26:40+00:00
110-2-EL-A052-A-1-A,110,2,人文社會科學院,EL,東亞語文學系,A052,A,大學部,1,A,初級日語會話Ⅱ,2,必,31,30,,1,深尾圓,H2--102,,"5,6",,,,,,"[{""day"": 2, ""dayName"": ""星期二"", ""periods"": [""5"", ""6""], ""raw"": ""5,6""}]",外加,教室H2-102,https://course.nuk.edu.tw/QueryCourse/tcontent.asp?OpenYear=110&Helf=2&Sclass=EL&Cono=A052,2026-08-26T18:26:40+00:00
110-2-EL-A06B-A-1-A,110,2,人文社會科學院,EL,東亞語文學系,A06B,A,大學部,1,A,初級韓語Ⅱ,4,必,54,43,,11,李京保,H2--201,,"3,4","3,4",,,,,"[{""day"": 2, ""dayName"": ""星期二"", ""periods"": [""3"", ""4""], ""raw"": ""3,4""}, {""day"": 3, ""dayName"": ""星期三"", ""periods"": [""3"", ""4""], ""raw"": ""3,4""}]",限修及外加 學程,教室H2-201,https://course.nuk.edu.tw/QueryCourse/tcontent.asp?OpenYear=110&Helf=2&Sclass=EL&Cono=A06B,2026-08-26T18:26:40+00:00
110-2-EL-A082-A-1-A,110,2,人文社會科學院,EL,東亞語文學系,A082,A,大學部,1,A,初級韓語會話 Ⅱ,2,必,37,36,,1,王清棟,H1--103,,"5,6",,,,,,"[{""day"": 2, ""dayName"": ""星期二"", ""periods"": [""5"", ""6""], ""raw"": ""5,6""}]",限修,教室H1-103,https://course.nuk.edu.tw/QueryCourse/tcontent.asp?OpenYear=110&Helf=2&Sclass=EL&Cono=A082,2026-08-26T18:26:40+00:00
110-2-EL-A09B-A-1-A,110,2,人文社會科學院,EL,東亞語文學系,A09B,A,大學部,1,A,初級越語Ⅱ,4,必,30,18,,12,陳氏蘭,H1--103 其他教室,,"3,4",,"3,4",,,,"[{""day"": 2, ""dayName"": ""星期二"", ""periods"": [""3"", ""4""], ""raw"": ""3,4""}, {""day"": 4, ""dayName"": ""星期四"", ""periods"": [""3"", ""4""], ""raw"": ""3,4""}]",,星期二：教室H1-103 星期四：教室H1-111,https://course.nuk.edu.tw/QueryCourse/tcontent.asp?OpenYear=110&Helf=2&Sclass=EL&Cono=A09B,2026-08-26T18:26:40+00:00
110-2-EL-A112-A-1-A,110,2,人文社會科學院,EL,東亞語文學系,A112,A,大學部,1,A,初級越語會話Ⅱ,2,必,30,18,,12,阮美香,H2--202,,,,"5,6",,,,"[{""day"": 4, ""dayName"": ""星期四"", ""periods"": [""5"", ""6""], ""raw"": ""5,6""}]",學程,教室H2-202,https://course.nuk.edu.tw/QueryCourse/tcontent.asp?OpenYear=110&Helf=2&Sclass=EL&Cono=A112,2026-08-26T18:26:40+00:00
110-2-EL-A514-A-1-A,110,2,人文社會科學院,EL,東亞語文學系,A514,A,大學部,1,A,越南地理,2,選,30,22,,8,裴光雄,H2--202,"3,4",,,,,,,"[{""day"": 1, ""dayName"": ""星期一"", ""periods"": [""3"", ""4""], ""raw"": ""3,4""}]",,教室H2-202,https://course.nuk.edu.tw/QueryCourse/tcontent.asp?OpenYear=110&Helf=2&Sclass=EL&Cono=A514,2026-08-26T18:26:40+00:00
110-2-EL-A541-A-1-A,110,2,人文社會科學院,EL,東亞語文學系,A541,A,大學部,1,A,韓國歷史,2,選,40,38,,2,河凡植,H2--102,"3,4",,,,,,,"[{""day"": 1, ""dayName"": ""星期一"", ""periods"": [""3"", ""4""], ""raw"": ""3,4""}]",限修及外加,教室H2-102,https://course.nuk.edu.tw/QueryCourse/tcontent.asp?OpenYear=110&Helf=2&Sclass=EL&Cono=A541,2026-08-26T18:26:40+00:00
110-2-EL-A562-A-1-A,110,2,人文社會科學院,EL,東亞語文學系,A562,A,大學部,1,A,越語語法,2,選,30,19,,11,陳氏蘭,H1--111,,,,"7,8",,,,"[{""day"": 4, ""dayName"": ""星期四"", ""periods"": [""7"", ""8""], ""raw"": ""7,8""}]",,教室H1-111,https://course.nuk.edu.tw/QueryCourse/tcontent.asp?OpenYear=110&Helf=2&Sclass=EL&Cono=A562,2026-08-26T18:26:40+00:00
110-2-EL-A56B-A-1-A,110,2,人文社會科學院,EL,東亞語文學系,A56B,A,大學部,1,A,日語語法 II,2,選,35,33,,2,陳志文,H1--111,,"3,4",,,,,,"[{""day"": 2, ""dayName"": ""星期二"", ""periods"": [""3"", ""4""], ""raw"": ""3,4""}]",外加,教室H1-111,https://course.nuk.edu.tw/QueryCourse/tcontent.asp?OpenYear=110&Helf=2&Sclass=EL&Cono=A56B,2026-08-26T18:26:40+00:00
110-2-EL-A583-A-1-A,110,2,人文社會科學院,EL,東亞語文學系,A583,A,大學部,1,A,日本文化史與多媒體敘事II,2,選,30,12,,18,何資宜,H2--102,,,,"3,4",,,,"[{""day"": 4, ""dayName"": ""星期四"", ""periods"": [""3"", ""4""], ""raw"": ""3,4""}]",,教室H2-102,https://course.nuk.edu.tw/QueryCourse/tcontent.asp?OpenYear=110&Helf=2&Sclass=EL&Cono=A583,2026-08-26T18:26:40+00:00
110-2-EL-A61B-A-1-A,110,2,人文社會科學院,EL,東亞語文學系,A61B,A,大學部,1,A,初級泰語 II,3,選,31,24,,7,潘婉玲,H2--101,,,,"2,3, 4",,,,"[{""day"": 4, ""dayName"": ""星期四"", ""periods"": [""2"", ""3"", ""4""], ""raw"": ""2,3, 4""}]",,本課程獲教育部經費補助，授課教師鐘點費由教學發展中心計畫案經費支應,https://course.nuk.edu.tw/QueryCourse/tcontent.asp?OpenYear=110&Helf=2&Sclass=EL&Cono=A61B,2026-08-26T18:26:40+00:00
110-2-EL-B10B-A-2-A,110,2,人文社會科學院,EL,東亞語文學系,B10B,A,大學部,2,A,中級日語 II,4,必,30,23,,7,何資宜,H2--102,,"3,4","3,4",,,,,"[{""day"": 2, ""dayName"": ""星期二"", ""periods"": [""3"", ""4""], ""raw"": ""3,4""}, {""day"": 3, ""dayName"": ""星期三"", ""periods"": [""3"", ""4""], ""raw"": ""3,4""}]",,教室H2-102,https://course.nuk.edu.tw/QueryCourse/tcontent.asp?OpenYear=110&Helf=2&Sclass=EL&Cono=B10B,2026-08-26T18:26:40+00:00
110-2-EL-B14B-A-2-A,110,2,人文社會科學院,EL,東亞語文學系,B14B,A,大學部,2,A,中級日語會話II,2,必,30,25,,5,深尾圓,H2--102,,,"7,8",,,,,"[{""day"": 3, ""dayName"": ""星期三"", ""periods"": [""7"", ""8""], ""raw"": ""7,8""}]",,教室H2-102,https://course.nuk.edu.tw/QueryCourse/tcontent.asp?OpenYear=110&Helf=2&Sclass=EL&Cono=B14B,2026-08-26T18:26:40+00:00
110-2-EL-B16A-A-2-A,110,2,人文社會科學院,EL,東亞語文學系,B16A,A,大學部,2,A,越語聽講實習Ⅱ,2,必,30,13,,17,阮美香,H2--202,,,,"7,8",,,,"[{""day"": 4, ""dayName"": ""星期四"", ""periods"": [""7"", ""8""], ""raw"": ""7,8""}]",學程,教室H2-202,https://course.nuk.edu.tw/QueryCourse/tcontent.asp?OpenYear=110&Helf=2&Sclass=EL&Cono=B16A,2026-08-26T18:26:40+00:00
110-2-EL-B16B-A-2-A,110,2,人文社會科學院,EL,東亞語文學系,B16B,A,大學部,2,A,韓語聽講實習 Ⅱ,2,必,30,27,,3,李京保,H2--201,"3,4",,,,,,,"[{""day"": 1, ""dayName"": ""星期一"", ""periods"": [""3"", ""4""], ""raw"": ""3,4""}]",學程,教室H2-201,https://course.nuk.edu.tw/QueryCourse/tcontent.asp?OpenYear=110&Helf=2&Sclass=EL&Cono=B16B,2026-08-26T18:26:40+00:00
110-2-EL-B17B-A-2-A,110,2,人文社會科學院,EL,東亞語文學系,B17B,A,大學部,2,A,日語聽講實習 Ⅱ,2,必,30,21,,9,深尾圓,H2--102,"7,8",,,,,,,"[{""day"": 1, ""dayName"": ""星期一"", ""periods"": [""7"", ""8""], ""raw"": ""7,8""}]",學程,教室H2-102,https://course.nuk.edu.tw/QueryCourse/tcontent.asp?OpenYear=110&Helf=2&Sclass=EL&Cono=B17B,2026-08-26T18:26:40+00:00
110-2-EL-B533-A-2-A,110,2,人文社會科學院,EL,東亞語文學系,B533,A,大學部,2,A,商用泰語Ⅱ,2,選,31,22,,9,潘婉玲,H2--101,,,,"5,6",,,,"[{""day"": 4, ""dayName"": ""星期四"", ""periods"": [""5"", ""6""], ""raw"": ""5,6""}]",限修,教室H2-101,https://course.nuk.edu.tw/QueryCourse/tcontent.asp?OpenYear=110&Helf=2&Sclass=EL&Cono=B533,2026-08-26T18:26:40+00:00
110-2-EL-B58D-A-2-A,110,2,人文社會科學院,EL,東亞語文學系,B58D,A,大學部,2,A,越語檢定聽力訓練Ⅱ,2,選,30,16,,14,裴光雄,H2--202,,,"7,8",,,,,"[{""day"": 3, ""dayName"": ""星期三"", ""periods"": [""7"", ""8""], ""raw"": ""7,8""}]",,,https://course.nuk.edu.tw/QueryCourse/tcontent.asp?OpenYear=110&Helf=2&Sclass=EL&Cono=B58D,2026-08-26T18:26:40+00:00
110-2-EL-B59B-A-2-A,110,2,人文社會科學院,EL,東亞語文學系,B59B,A,大學部,2,A,進階日語語法Ⅱ,2,選,31,14,,17,吳得智,H1--106,,,,"3,4",,,,"[{""day"": 4, ""dayName"": ""星期四"", ""periods"": [""3"", ""4""], ""raw"": ""3,4""}]",,,https://course.nuk.edu.tw/QueryCourse/tcontent.asp?OpenYear=110&Helf=2&Sclass=EL&Cono=B59B,2026-08-26T18:26:40+00:00
110-2-EL-B613-A-2-A,110,2,人文社會科學院,EL,東亞語文學系,B613,A,大學部,2,A,商務越南語-社交篇Ⅱ,2,選,30,20,,10,阮美香,H2--202,,"5,6",,,,,,"[{""day"": 2, ""dayName"": ""星期二"", ""periods"": [""5"", ""6""], ""raw"": ""5,6""}]",,教室H2-202,https://course.nuk.edu.tw/QueryCourse/tcontent.asp?OpenYear=110&Helf=2&Sclass=EL&Cono=B613,2026-08-26T18:26:40+00:00
110-2-EL-B632-A-2-A,110,2,人文社會科學院,EL,東亞語文學系,B632,A,大學部,2,A,韓國影劇欣賞,2,選,36,32,,4,河凡植,H2--201,"5,6",,,,,,,"[{""day"": 1, ""dayName"": ""星期一"", ""periods"": [""5"", ""6""], ""raw"": ""5,6""}]",限修及外加,教室H2-201,https://course.nuk.edu.tw/QueryCourse/tcontent.asp?OpenYear=110&Helf=2&Sclass=EL&Cono=B632,2026-08-26T18:26:40+00:00
110-2-EL-C03B-A-2-A,110,2,人文社會科學院,EL,東亞語文學系,C03B,A,大學部,2,A,中級韓語Ⅱ,4,必,30,26,,4,王清棟,H1--103,,,"3,4","3,4",,,,"[{""day"": 3, ""dayName"": ""星期三"", ""periods"": [""3"", ""4""], ""raw"": ""3,4""}, {""day"": 4, ""dayName"": ""星期四"", ""periods"": [""3"", ""4""], ""raw"": ""3,4""}]",學程,,https://course.nuk.edu.tw/QueryCourse/tcontent.asp?OpenYear=110&Helf=2&Sclass=EL&Cono=C03B,2026-08-26T18:26:40+00:00
110-2-EL-C04B-A-2-A,110,2,人文社會科學院,EL,東亞語文學系,C04B,A,大學部,2,A,中級韓語會話 Ⅱ,2,必,30,25,,5,劉素晶,H2--201,,,,"5,6",,,,"[{""day"": 4, ""dayName"": ""星期四"", ""periods"": [""5"", ""6""], ""raw"": ""5,6""}]",,教室H2-201,https://course.nuk.edu.tw/QueryCourse/tcontent.asp?OpenYear=110&Helf=2&Sclass=EL&Cono=C04B,2026-08-26T18:26:40+00:00
110-2-EL-C06B-A-2-A,110,2,人文社會科學院,EL,東亞語文學系,C06B,A,大學部,2,A,韓語習作Ⅱ,2,必,30,27,,3,李京保,H2--201,,"5,6",,,,,,"[{""day"": 2, ""dayName"": ""星期二"", ""periods"": [""5"", ""6""], ""raw"": ""5,6""}]",,教室H2-201,https://course.nuk.edu.tw/QueryCourse/tcontent.asp?OpenYear=110&Helf=2&Sclass=EL&Cono=C06B,2026-08-26T18:26:40+00:00
110-2-EL-C07B-A-2-A,110,2,人文社會科學院,EL,東亞語文學系,C07B,A,大學部,2,A,中級越語Ⅱ,4,必,30,14,,16,阮美香,H2--202,,"3,4",,"3,4",,,,"[{""day"": 2, ""dayName"": ""星期二"", ""periods"": [""3"", ""4""], ""raw"": ""3,4""}, {""day"": 4, ""dayName"": ""星期四"", ""periods"": [""3"", ""4""], ""raw"": ""3,4""}]",,教室H2-202,https://course.nuk.edu.tw/QueryCourse/tcontent.asp?OpenYear=110&Helf=2&Sclass=EL&Cono=C07B,2026-08-26T18:26:40+00:00
110-2-EL-C08B-A-2-A,110,2,人文社會科學院,EL,東亞語文學系,C08B,A,大學部,2,A,中級越語會話Ⅱ,2,必,30,13,,17,陳氏蘭,H1--111,,,,"5,6",,,,"[{""day"": 4, ""dayName"": ""星期四"", ""periods"": [""5"", ""6""], ""raw"": ""5,6""}]",學程,教室H1-111,https://course.nuk.edu.tw/QueryCourse/tcontent.asp?OpenYear=110&Helf=2&Sclass=EL&Cono=C08B,2026-08-26T18:26:40+00:00
110-2-EL-C10B-A-2-A,110,2,人文社會科學院,EL,東亞語文學系,C10B,A,大學部,2,A,越語習作Ⅱ,2,必,30,11,,19,裴光雄,H2--202,"7,8",,,,,,,"[{""day"": 1, ""dayName"": ""星期一"", ""periods"": [""7"", ""8""], ""raw"": ""7,8""}]",,教室H2-202,https://course.nuk.edu.tw/QueryCourse/tcontent.asp?OpenYear=110&Helf=2&Sclass=EL&Cono=C10B,2026-08-26T18:26:40+00:00
110-2-EL-C62B-A-2-A,110,2,人文社會科學院,EL,東亞語文學系,C62B,A,大學部,2,A,韓語翻譯II,2,選,35,34,,1,王清棟,H1--103,,,"5,6",,,,,"[{""day"": 3, ""dayName"": ""星期三"", ""periods"": [""5"", ""6""], ""raw"": ""5,6""}]",限修,教室H1-103,https://course.nuk.edu.tw/QueryCourse/tcontent.asp?OpenYear=110&Helf=2&Sclass=EL&Cono=C62B,2026-08-26T18:26:40+00:00
110-2-EL-B173-A-3-A,110,2,人文社會科學院,EL,東亞語文學系,B173,A,大學部,3,A,日語習作II,2,必,30,15,,15,深尾圓,H2--102,,,"5,6",,,,,"[{""day"": 3, ""dayName"": ""星期三"", ""periods"": [""5"", ""6""], ""raw"": ""5,6""}]",,教室H2-102,https://course.nuk.edu.tw/QueryCourse/tcontent.asp?OpenYear=110&Helf=2&Sclass=EL&Cono=B173,2026-08-26T18:26:40+00:00
110-2-EL-B532-A-3-A,110,2,人文社會科學院,EL,東亞語文學系,B532,A,大學部,3,A,觀光越語,2,選,30,10,,20,陳氏蘭,H1--111,,"5,6",,,,,,"[{""day"": 2, ""dayName"": ""星期二"", ""periods"": [""5"", ""6""], ""raw"": ""5,6""}]",,教室H1-111,https://course.nuk.edu.tw/QueryCourse/tcontent.asp?OpenYear=110&Helf=2&Sclass=EL&Cono=B532,2026-08-26T18:26:40+00:00
110-2-EL-C593-A-3-A,110,2,人文社會科學院,EL,東亞語文學系,C593,A,大學部,3,A,韓語溝通技巧,2,選,30,13,,17,劉素晶,H2--201,,,,"3,4",,,,"[{""day"": 4, ""dayName"": ""星期四"", ""periods"": [""3"", ""4""], ""raw"": ""3,4""}]",,,https://course.nuk.edu.tw/QueryCourse/tcontent.asp?OpenYear=110&Helf=2&Sclass=EL&Cono=C593,2026-08-26T18:26:40+00:00
110-2-EL-C61B-A-3-A,110,2,人文社會科學院,EL,東亞語文學系,C61B,A,大學部,3,A,日語翻譯II,2,選,32,32,,0,森國松江,H2--102,,,,"7,8",,,,"[{""day"": 4, ""dayName"": ""星期四"", ""periods"": [""7"", ""8""], ""raw"": ""7,8""}]",外加,教室H2-102,https://course.nuk.edu.tw/QueryCourse/tcontent.asp?OpenYear=110&Helf=2&Sclass=EL&Cono=C61B,2026-08-26T18:26:40+00:00
110-2-EL-C64A-A-3-A,110,2,人文社會科學院,EL,東亞語文學系,C64A,A,大學部,3,A,高級日語II,2,選,30,22,,8,深尾圓,H2--102,"5,6",,,,,,,"[{""day"": 1, ""dayName"": ""星期一"", ""periods"": [""5"", ""6""], ""raw"": ""5,6""}]",,教室H2-102,https://course.nuk.edu.tw/QueryCourse/tcontent.asp?OpenYear=110&Helf=2&Sclass=EL&Cono=C64A,2026-08-26T18:26:40+00:00
110-2-EL-C66B-A-3-A,110,2,人文社會科學院,EL,東亞語文學系,C66B,A,大學部,3,A,高級日語會話II,2,選,30,30,,0,森國松江,H2--102,,,,"5,6",,,,"[{""day"": 4, ""dayName"": ""星期四"", ""periods"": [""5"", ""6""], ""raw"": ""5,6""}]",,教室H2-102,https://course.nuk.edu.tw/QueryCourse/tcontent.asp?OpenYear=110&Helf=2&Sclass=EL&Cono=C66B,2026-08-26T18:26:40+00:00
110-2-EL-F522-A-3-A,110,2,人文社會科學院,EL,東亞語文學系,F522,A,大學部,3,A,越語口筆譯研究,2,選,30,15,,15,裴光雄,H2--202,,,"5,6",,,,,"[{""day"": 3, ""dayName"": ""星期三"", ""periods"": [""5"", ""6""], ""raw"": ""5,6""}]",限修,教室H2-202，本課程學碩合開，開放學士班三年級以上同學選修,https://course.nuk.edu.tw/QueryCourse/tcontent.asp?OpenYear=110&Helf=2&Sclass=EL&Cono=F522,2026-08-26T18:26:40+00:00
110-2-EL-F543-A-3-A,110,2,人文社會科學院,EL,東亞語文學系,F543,A,大學部,3,A,韓國現代政治史研究,3,選,30,11,,19,河凡植,H1--211,,"2,3, 4",,,,,,"[{""day"": 2, ""dayName"": ""星期二"", ""periods"": [""2"", ""3"", ""4""], ""raw"": ""2,3, 4""}]",限修,教室H1-211，學碩合開課程，開放本系學士班三年級以上同學選修,https://course.nuk.edu.tw/QueryCourse/tcontent.asp?OpenYear=110&Helf=2&Sclass=EL&Cono=F543,2026-08-26T18:26:40+00:00
110-2-EL-F544-A-3-A,110,2,人文社會科學院,EL,東亞語文學系,F544,A,大學部,3,A,韓國文化變遷與理解,3,選,30,11,,19,李京保 河凡植 洪攸善,H1--111,,,"5,6, 7",,,,,"[{""day"": 3, ""dayName"": ""星期三"", ""periods"": [""5"", ""6"", ""7""], ""raw"": ""5,6, 7""}]",,教室H1-111，學碩合開課程，開放本系學士班三年級以上同學選修,https://course.nuk.edu.tw/QueryCourse/tcontent.asp?OpenYear=110&Helf=2&Sclass=EL&Cono=F544,2026-08-26T18:26:40+00:00
110-2-EL-F568-A-3-A,110,2,人文社會科學院,EL,東亞語文學系,F568,A,大學部,3,A,日本社會問題研究,2,選,30,18,,12,柴田幹夫,H1--101,,,,"3,4",,,,"[{""day"": 4, ""dayName"": ""星期四"", ""periods"": [""3"", ""4""], ""raw"": ""3,4""}]",,教室H1-101，學碩合開，本課程開放大三以上選課,https://course.nuk.edu.tw/QueryCourse/tcontent.asp?OpenYear=110&Helf=2&Sclass=EL&Cono=F568,2026-08-26T18:26:40+00:00
110-2-EL-F571-A-3-A,110,2,人文社會科學院,EL,東亞語文學系,F571,A,大學部,3,A,北韓社會與文化,3,選,31,17,,14,林志豪,H2--101,,,"2,3, 4",,,,,"[{""day"": 3, ""dayName"": ""星期三"", ""periods"": [""2"", ""3"", ""4""], ""raw"": ""2,3, 4""}]",限修,學碩合開課程，開放本系學士班三年級以上及碩士班同學選修,https://course.nuk.edu.tw/QueryCourse/tcontent.asp?OpenYear=110&Helf=2&Sclass=EL&Cono=F571,2026-08-26T18:26:40+00:00
110-2-EL-B61B-A-4-A,110,2,人文社會科學院,EL,東亞語文學系,B61B,A,大學部,4,A,中級泰語Ⅱ,2,選,30,12,,18,潘婉玲,H2--101,,,,"7,8",,,,"[{""day"": 4, ""dayName"": ""星期四"", ""periods"": [""7"", ""8""], ""raw"": ""7,8""}]",,教室H2-101，本課程為教育部經費補助，教師鐘點費由計劃案支應,https://course.nuk.edu.tw/QueryCourse/tcontent.asp?OpenYear=110&Helf=2&Sclass=EL&Cono=B61B,2026-08-26T18:26:40+00:00
110-2-EL-D14B-A-4-A,110,2,人文社會科學院,EL,東亞語文學系,D14B,A,大學部,4,A,日本專題研究Ⅱ,3,必,30,14,,16,陳志文 何資宜 深尾圓,H1--111,,,,,"7,8, 9",,,"[{""day"": 5, ""dayName"": ""星期五"", ""periods"": [""7"", ""8"", ""9""], ""raw"": ""7,8, 9""}]",外加,,https://course.nuk.edu.tw/QueryCourse/tcontent.asp?OpenYear=110&Helf=2&Sclass=EL&Cono=D14B,2026-08-26T18:26:40+00:00
110-2-EL-D15B-A-4-A,110,2,人文社會科學院,EL,東亞語文學系,D15B,A,大學部,4,A,韓國專題研究Ⅱ,3,必,30,19,,11,李京保 王清棟 河凡植,H2--201,,,,,"7,8, 9",,,"[{""day"": 5, ""dayName"": ""星期五"", ""periods"": [""7"", ""8"", ""9""], ""raw"": ""7,8, 9""}]",,,https://course.nuk.edu.tw/QueryCourse/tcontent.asp?OpenYear=110&Helf=2&Sclass=EL&Cono=D15B,2026-08-26T18:26:40+00:00
110-2-EL-D16B-A-4-A,110,2,人文社會科學院,EL,東亞語文學系,D16B,A,大學部,4,A,越南專題研究Ⅱ,3,必,30,7,,23,裴光雄 陳氏蘭,H2--202,,,,,"7,8, 9",,,"[{""day"": 5, ""dayName"": ""星期五"", ""periods"": [""7"", ""8"", ""9""], ""raw"": ""7,8, 9""}]",,,https://course.nuk.edu.tw/QueryCourse/tcontent.asp?OpenYear=110&Helf=2&Sclass=EL&Cono=D16B,2026-08-26T18:26:40+00:00
110-2-EL-D18B-A-4-A,110,2,人文社會科學院,EL,東亞語文學系,D18B,A,大學部,4,A,校外實習Ⅱ,9,必,30,18,,12,河凡植 何資宜 王清棟 阮美香 深尾圓 陳志文,H2--101,,,,,,"1,2, 3,4, Y,5, 6,7, 8",,"[{""day"": 6, ""dayName"": ""星期六"", ""periods"": [""1"", ""2"", ""3"", ""4"", ""Y"", ""5"", ""6"", ""7"", ""8""], ""raw"": ""1,2, 3,4, Y,5, 6,7, 8""}]",限修,修課學生由授課教師設定指定加簽，並須完成至少校外486小時實習。,https://course.nuk.edu.tw/QueryCourse/tcontent.asp?OpenYear=110&Helf=2&Sclass=EL&Cono=D18B,2026-08-26T18:26:40+00:00
110-2-EL-D533-A-4-A,110,2,人文社會科學院,EL,東亞語文學系,D533,A,大學部,4,A,越語能力檢定實習,2,選,30,27,,3,阮美香,H2--202,,,,,"5,6",,,"[{""day"": 5, ""dayName"": ""星期五"", ""periods"": [""5"", ""6""], ""raw"": ""5,6""}]",,教室H2-202,https://course.nuk.edu.tw/QueryCourse/tcontent.asp?OpenYear=110&Helf=2&Sclass=EL&Cono=D533,2026-08-26T18:26:40+00:00
110-2-EL-D582-A-4-A,110,2,人文社會科學院,EL,東亞語文學系,D582,A,大學部,4,A,新聞越語聽力練習,2,選,30,16,,14,裴光雄,H2--202,"5,6",,,,,,,"[{""day"": 1, ""dayName"": ""星期一"", ""periods"": [""5"", ""6""], ""raw"": ""5,6""}]",,,https://course.nuk.edu.tw/QueryCourse/tcontent.asp?OpenYear=110&Helf=2&Sclass=EL&Cono=D582,2026-08-26T18:26:40+00:00
110-2-EL-D654-A-4-A,110,2,人文社會科學院,EL,東亞語文學系,D654,A,大學部,4,A,泰語與泰國文化課程Ⅱ,3,選,30,24,,6,潘婉玲,H2--101,"5,6, 7",,,,,,,"[{""day"": 1, ""dayName"": ""星期一"", ""periods"": [""5"", ""6"", ""7""], ""raw"": ""5,6, 7""}]",,教室H2-101，本課程獲教育部經費補助，授課教師鐘點費由教學發展中心計畫案經費支應,https://course.nuk.edu.tw/QueryCourse/tcontent.asp?OpenYear=110&Helf=2&Sclass=EL&Cono=D654,2026-08-26T18:26:40+00:00
110-2-EL-F522-A-4-A,110,2,人文社會科學院,EL,東亞語文學系,F522,A,大學部,4,A,越語口筆譯研究,2,選,30,15,,15,裴光雄,H2--202,,,"5,6",,,,,"[{""day"": 3, ""dayName"": ""星期三"", ""periods"": [""5"", ""6""], ""raw"": ""5,6""}]",限修,教室H2-202，本課程學碩合開，開放學士班三年級以上同學選修,https://course.nuk.edu.tw/QueryCourse/tcontent.asp?OpenYear=110&Helf=2&Sclass=EL&Cono=F522,2026-08-26T18:26:40+00:00
110-2-EL-F543-A-4-A,110,2,人文社會科學院,EL,東亞語文學系,F543,A,大學部,4,A,韓國現代政治史研究,3,選,30,11,,19,河凡植,H1--211,,"2,3, 4",,,,,,"[{""day"": 2, ""dayName"": ""星期二"", ""periods"": [""2"", ""3"", ""4""], ""raw"": ""2,3, 4""}]",限修,教室H1-211，學碩合開課程，開放本系學士班三年級以上同學選修,https://course.nuk.edu.tw/QueryCourse/tcontent.asp?OpenYear=110&Helf=2&Sclass=EL&Cono=F543,2026-08-26T18:26:40+00:00
110-2-EL-F544-A-4-A,110,2,人文社會科學院,EL,東亞語文學系,F544,A,大學部,4,A,韓國文化變遷與理解,3,選,30,11,,19,李京保 河凡植 洪攸善,H1--111,,,"5,6, 7",,,,,"[{""day"": 3, ""dayName"": ""星期三"", ""periods"": [""5"", ""6"", ""7""], ""raw"": ""5,6, 7""}]",,教室H1-111，學碩合開課程，開放本系學士班三年級以上同學選修,https://course.nuk.edu.tw/QueryCourse/tcontent.asp?OpenYear=110&Helf=2&Sclass=EL&Cono=F544,2026-08-26T18:26:40+00:00
110-2-EL-F564-A-4-A,110,2,人文社會科學院,EL,東亞語文學系,F564,A,大學部,4,A,日語口筆譯研究,2,選,38,15,,23,何資宜,H1--211,,"5,6",,,,,,"[{""day"": 2, ""dayName"": ""星期二"", ""periods"": [""5"", ""6""], ""raw"": ""5,6""}]",限修及外加,教室H1-211，學碩合開，本課程開放大四以上選課,https://course.nuk.edu.tw/QueryCourse/tcontent.asp?OpenYear=110&Helf=2&Sclass=EL&Cono=F564,2026-08-26T18:26:40+00:00
110-2-EL-F568-A-4-A,110,2,人文社會科學院,EL,東亞語文學系,F568,A,大學部,4,A,日本社會問題研究,2,選,30,18,,12,柴田幹夫,H1--101,,,,"3,4",,,,"[{""day"": 4, ""dayName"": ""星期四"", ""periods"": [""3"", ""4""], ""raw"": ""3,4""}]",,教室H1-101，學碩合開，本課程開放大三以上選課,https://course.nuk.edu.tw/QueryCourse/tcontent.asp?OpenYear=110&Helf=2&Sclass=EL&Cono=F568,2026-08-26T18:26:40+00:00
110-2-EL-F571-A-4-A,110,2,人文社會科學院,EL,東亞語文學系,F571,A,大學部,4,A,北韓社會與文化,3,選,31,17,,14,林志豪,H2--101,,,"2,3, 4",,,,,"[{""day"": 3, ""dayName"": ""星期三"", ""periods"": [""2"", ""3"", ""4""], ""raw"": ""2,3, 4""}]",限修,學碩合開課程，開放本系學士班三年級以上及碩士班同學選修,https://course.nuk.edu.tw/QueryCourse/tcontent.asp?OpenYear=110&Helf=2&Sclass=EL&Cono=F571,2026-08-26T18:26:40+00:00
110-2-EL-F573-A-4-A,110,2,人文社會科學院,EL,東亞語文學系,F573,A,大學部,4,A,韓國社會概論II,2,選,30,7,,23,洪攸善,H1--111,"5,6",,,,,,,"[{""day"": 1, ""dayName"": ""星期一"", ""periods"": [""5"", ""6""], ""raw"": ""5,6""}]",限修,教室H1-111，學碩合開，本課程部分為遠距教學授課，教師授課鐘點由韓國外國語大學支應,https://course.nuk.edu.tw/QueryCourse/tcontent.asp?OpenYear=110&Helf=2&Sclass=EL&Cono=F573,2026-08-26T18:26:40+00:00
110-2-EL-F010-M-1-,110,2,人文社會科學院,EL,東亞語文學系,F010,M,碩士班,1,,論文導讀與討論,3,必,30,4,,26,河凡植 深尾圓 裴光雄,H2--204,,"8,9, 10",,,,,,"[{""day"": 2, ""dayName"": ""星期二"", ""periods"": [""8"", ""9"", ""10""], ""raw"": ""8,9, 10""}]",限修,,https://course.nuk.edu.tw/QueryCourse/tcontent.asp?OpenYear=110&Helf=2&Sclass=EL&Cono=F010,2026-08-26T18:26:40+00:00
110-2-EL-F522-M-1-,110,2,人文社會科學院,EL,東亞語文學系,F522,M,碩士班,1,,越語口筆譯研究,2,選,30,15,,15,裴光雄,H2--202,,,"5,6",,,,,"[{""day"": 3, ""dayName"": ""星期三"", ""periods"": [""5"", ""6""], ""raw"": ""5,6""}]",,教室H2-202，學碩合開，本課程開放大三以上選課,https://course.nuk.edu.tw/QueryCourse/tcontent.asp?OpenYear=110&Helf=2&Sclass=EL&Cono=F522,2026-08-26T18:26:40+00:00
110-2-EL-F543-M-1-,110,2,人文社會科學院,EL,東亞語文學系,F543,M,碩士班,1,,韓國現代政治史研究,3,選,30,11,,19,河凡植,H1--211,,"2,3, 4",,,,,,"[{""day"": 2, ""dayName"": ""星期二"", ""periods"": [""2"", ""3"", ""4""], ""raw"": ""2,3, 4""}]",,教室H1-211，學碩合開課程，開放本系學士班三年級以上同學選修,https://course.nuk.edu.tw/QueryCourse/tcontent.asp?OpenYear=110&Helf=2&Sclass=EL&Cono=F543,2026-08-26T18:26:40+00:00
110-2-EL-F544-M-1-,110,2,人文社會科學院,EL,東亞語文學系,F544,M,碩士班,1,,韓國文化變遷與理解,3,選,30,11,,19,李京保 河凡植 洪攸善,H1--111,,,"5,6, 7",,,,,"[{""day"": 3, ""dayName"": ""星期三"", ""periods"": [""5"", ""6"", ""7""], ""raw"": ""5,6, 7""}]",,"教室H1-111，學碩合開，本課程開放大三以上選課,洪攸善鐘點費由計畫支應",https://course.nuk.edu.tw/QueryCourse/tcontent.asp?OpenYear=110&Helf=2&Sclass=EL&Cono=F544,2026-08-26T18:26:40+00:00
110-2-EL-F564-M-1-,110,2,人文社會科學院,EL,東亞語文學系,F564,M,碩士班,1,,日語口筆譯研究,2,選,38,15,,23,何資宜,H1--211,,"5,6",,,,,,"[{""day"": 2, ""dayName"": ""星期二"", ""periods"": [""5"", ""6""], ""raw"": ""5,6""}]",限修及外加,學碩合開，本課程開放大四選課,https://course.nuk.edu.tw/QueryCourse/tcontent.asp?OpenYear=110&Helf=2&Sclass=EL&Cono=F564,2026-08-26T18:26:40+00:00
110-2-EL-F568-M-1-,110,2,人文社會科學院,EL,東亞語文學系,F568,M,碩士班,1,,日本社會問題研究,2,選,30,18,,12,柴田幹夫,H1--101,,,,"3,4",,,,"[{""day"": 4, ""dayName"": ""星期四"", ""periods"": [""3"", ""4""], ""raw"": ""3,4""}]",,教室H1-101，學碩合開，本課程開放大三以上選課,https://course.nuk.edu.tw/QueryCourse/tcontent.asp?OpenYear=110&Helf=2&Sclass=EL&Cono=F568,2026-08-26T18:26:40+00:00
110-2-EL-F571-M-1-,110,2,人文社會科學院,EL,東亞語文學系,F571,M,碩士班,1,,北韓社會與文化,3,選,31,17,,14,林志豪,H2--101,,,"2,3, 4",,,,,"[{""day"": 3, ""dayName"": ""星期三"", ""periods"": [""2"", ""3"", ""4""], ""raw"": ""2,3, 4""}]",,學碩合開課程，開放本系學士班三年級以上及碩士班同學選修,https://course.nuk.edu.tw/QueryCourse/tcontent.asp?OpenYear=110&Helf=2&Sclass=EL&Cono=F571,2026-08-26T18:26:40+00:00
110-2-EL-F573-M-1-,110,2,人文社會科學院,EL,東亞語文學系,F573,M,碩士班,1,,韓國社會概論II,2,選,30,7,,23,洪攸善,H1--111,"5,6",,,,,,,"[{""day"": 1, ""dayName"": ""星期一"", ""periods"": [""5"", ""6""], ""raw"": ""5,6""}]",,教室H1-111，學碩合開，本課程部分為遠距教學授課，教師授課鐘點由韓國外國語大學支應,https://course.nuk.edu.tw/QueryCourse/tcontent.asp?OpenYear=110&Helf=2&Sclass=EL&Cono=F573,2026-08-26T18:26:40+00:00
110-2-EL-F581-M-1-,110,2,人文社會科學院,EL,東亞語文學系,F581,M,碩士班,1,,語料庫研究法,3,選,34,8,,26,陳志文 李京保,H1--211 其他教室,"5,6, 7",,,,,,,"[{""day"": 1, ""dayName"": ""星期一"", ""periods"": [""5"", ""6"", ""7""], ""raw"": ""5,6, 7""}]",限修及外加,"日語組教室：H2-204 韓語組教室：H1-211,",https://course.nuk.edu.tw/QueryCourse/tcontent.asp?OpenYear=110&Helf=2&Sclass=EL&Cono=F581,2026-08-26T18:26:40+00:00
110-2-KH-A081-A-1-A,110,2,人文社會科學院,KH,運動健康與休閒學系,A081,A,大學部,1,A,休閒與遊憩學,3,選,51,15,,36,潘明珠,H1--104,,"5,6, 7",,,,,,"[{""day"": 2, ""dayName"": ""星期二"", ""periods"": [""5"", ""6"", ""7""], ""raw"": ""5,6, 7""}]",限修及外加 學程,休閒健康促進學群/外語導遊人才培育學程/外語觀光醫療學程,https://course.nuk.edu.tw/QueryCourse/tcontent.asp?OpenYear=110&Helf=2&Sclass=KH&Cono=A081,2026-08-26T18:26:40+00:00
110-2-KH-A114-A-1-A,110,2,人文社會科學院,KH,運動健康與休閒學系,A114,A,大學部,1,A,環境健康學,2,必,73,60,,13,白秀華 徐爾烈,H1--107,,,"3,4",,,,,"[{""day"": 3, ""dayName"": ""星期三"", ""periods"": [""3"", ""4""], ""raw"": ""3,4""}]",限修及外加,核心必修,https://course.nuk.edu.tw/QueryCourse/tcontent.asp?OpenYear=110&Helf=2&Sclass=KH&Cono=A114,2026-08-26T18:26:40+00:00
110-2-KH-A19D-A-1-A,110,2,人文社會科學院,KH,運動健康與休閒學系,A19D,A,大學部,1,A,人體解剖生理學(含實驗)(2),2,必,106,106,,0,劉紹東,H1--107,,,,,"5,6",,,"[{""day"": 5, ""dayName"": ""星期五"", ""periods"": [""5"", ""6""], ""raw"": ""5,6""}]",限修及外加 學程,核心必修/外語觀光保健人才培育學程/運動防護員證照規定課程,https://course.nuk.edu.tw/QueryCourse/tcontent.asp?OpenYear=110&Helf=2&Sclass=KH&Cono=A19D,2026-08-26T18:26:40+00:00
110-2-KH-A554-A-1-A,110,2,人文社會科學院,KH,運動健康與休閒學系,A554,A,大學部,1,A,休閒、文化與活動,3,選,71,71,,0,莊淑姿,H1--104,,"2,3, 4",,,,,,"[{""day"": 2, ""dayName"": ""星期二"", ""periods"": [""2"", ""3"", ""4""], ""raw"": ""2,3, 4""}]",限修,休閒健康促進學群,https://course.nuk.edu.tw/QueryCourse/tcontent.asp?OpenYear=110&Helf=2&Sclass=KH&Cono=A554,2026-08-26T18:26:40+00:00
110-2-KH-A561-A-1-A,110,2,人文社會科學院,KH,運動健康與休閒學系,A561,A,大學部,1,A,適應體育,2,選,62,62,,0,李福恩,K01-202,,,"5,6",,,,,"[{""day"": 3, ""dayName"": ""星期三"", ""periods"": [""5"", ""6""], ""raw"": ""5,6""}]",限修及外加,休閒健康促進學群,https://course.nuk.edu.tw/QueryCourse/tcontent.asp?OpenYear=110&Helf=2&Sclass=KH&Cono=A561,2026-08-26T18:26:40+00:00
110-2-KH-B181-A-1-A,110,2,人文社會科學院,KH,運動健康與休閒學系,B181,A,大學部,1,A,普通心理學,2,必,103,86,,17,陳詢榮,H1--107,"3,4",,,,,,,"[{""day"": 1, ""dayName"": ""星期一"", ""periods"": [""3"", ""4""], ""raw"": ""3,4""}]",限修及外加,核心必修,https://course.nuk.edu.tw/QueryCourse/tcontent.asp?OpenYear=110&Helf=2&Sclass=KH&Cono=B181,2026-08-26T18:26:40+00:00
110-2-KH-C605-A-1-A,110,2,人文社會科學院,KH,運動健康與休閒學系,C605,A,大學部,1,A,特殊族群之健康與文化,2,選,53,53,,0,章順仁,H1--106,,,,"7,8",,,,"[{""day"": 4, ""dayName"": ""星期四"", ""periods"": [""7"", ""8""], ""raw"": ""7,8""}]",限修及外加,核心選修,https://course.nuk.edu.tw/QueryCourse/tcontent.asp?OpenYear=110&Helf=2&Sclass=KH&Cono=C605,2026-08-26T18:26:40+00:00
110-2-KH-B213-A-2-A,110,2,人文社會科學院,KH,運動健康與休閒學系,B213,A,大學部,2,A,健康行為科學,2,必,63,60,,3,陳詢榮,H1--104,,,"3,4",,,,,"[{""day"": 3, ""dayName"": ""星期三"", ""periods"": [""3"", ""4""], ""raw"": ""3,4""}]",限修及外加,核心必修,https://course.nuk.edu.tw/QueryCourse/tcontent.asp?OpenYear=110&Helf=2&Sclass=KH&Cono=B213,2026-08-26T18:26:40+00:00
110-2-KH-B502-A-2-A,110,2,人文社會科學院,KH,運動健康與休閒學系,B502,A,大學部,2,A,人類生殖生理概論,2,選,51,49,,2,劉紹東,H1--106,,,,"5,6",,,,"[{""day"": 4, ""dayName"": ""星期四"", ""periods"": [""5"", ""6""], ""raw"": ""5,6""}]",限修及外加,運動健康促進學群,https://course.nuk.edu.tw/QueryCourse/tcontent.asp?OpenYear=110&Helf=2&Sclass=KH&Cono=B502,2026-08-26T18:26:40+00:00
110-2-KH-B552-A-2-A,110,2,人文社會科學院,KH,運動健康與休閒學系,B552,A,大學部,2,A,旅遊規劃實務,2,選,51,32,,19,李福恩,K01-202,,"3,4",,,,,,"[{""day"": 2, ""dayName"": ""星期二"", ""periods"": [""3"", ""4""], ""raw"": ""3,4""}]",限修及外加 學程,休閒健康促進學群/外語導遊人才培育學程,https://course.nuk.edu.tw/QueryCourse/tcontent.asp?OpenYear=110&Helf=2&Sclass=KH&Cono=B552,2026-08-26T18:26:40+00:00
110-2-KH-B573-A-2-A,110,2,人文社會科學院,KH,運動健康與休閒學系,B573,A,大學部,2,A,旅遊日語-中級,2,選,64,19,,45,吳得智,H1--105,,,,"5,6",,,,"[{""day"": 4, ""dayName"": ""星期四"", ""periods"": [""5"", ""6""], ""raw"": ""5,6""}]",限修及外加,休閒健康促進學群,https://course.nuk.edu.tw/QueryCourse/tcontent.asp?OpenYear=110&Helf=2&Sclass=KH&Cono=B573,2026-08-26T18:26:40+00:00
110-2-KH-B574-A-2-A,110,2,人文社會科學院,KH,運動健康與休閒學系,B574,A,大學部,2,A,旅遊英語-中級,2,選,51,20,,31,陳信智,B01-110,,,"9,10",,,,,"[{""day"": 3, ""dayName"": ""星期三"", ""periods"": [""9"", ""10""], ""raw"": ""9,10""}]",外加,休閒健康促進學群,https://course.nuk.edu.tw/QueryCourse/tcontent.asp?OpenYear=110&Helf=2&Sclass=KH&Cono=B574,2026-08-26T18:26:40+00:00
110-2-KH-B583-A-2-A,110,2,人文社會科學院,KH,運動健康與休閒學系,B583,A,大學部,2,A,行銷管理,3,選,52,23,,29,潘明珠,H1--105,,,,"7,8, 9",,,,"[{""day"": 4, ""dayName"": ""星期四"", ""periods"": [""7"", ""8"", ""9""], ""raw"": ""7,8, 9""}]",限修及外加,核心選修,https://course.nuk.edu.tw/QueryCourse/tcontent.asp?OpenYear=110&Helf=2&Sclass=KH&Cono=B583,2026-08-26T18:26:40+00:00
110-2-KH-B593-A-2-A,110,2,人文社會科學院,KH,運動健康與休閒學系,B593,A,大學部,2,A,運動生理學,3,選,52,52,,0,吳佩芳,K01-202,,,,,"2,3, 4",,,"[{""day"": 5, ""dayName"": ""星期五"", ""periods"": [""2"", ""3"", ""4""], ""raw"": ""2,3, 4""}]",限修,運動健康促進學群(運動防護員規定課程),https://course.nuk.edu.tw/QueryCourse/tcontent.asp?OpenYear=110&Helf=2&Sclass=KH&Cono=B593,2026-08-26T18:26:40+00:00
110-2-KH-B594-A-2-A,110,2,人文社會科學院,KH,運動健康與休閒學系,B594,A,大學部,2,A,運動生理學實驗,1,選,30,17,,13,吳佩芳,K01-201,,,,,"5,6",,,"[{""day"": 5, ""dayName"": ""星期五"", ""periods"": [""5"", ""6""], ""raw"": ""5,6""}]",限修,運動健康促進學群,https://course.nuk.edu.tw/QueryCourse/tcontent.asp?OpenYear=110&Helf=2&Sclass=KH&Cono=B594,2026-08-26T18:26:40+00:00
110-2-KH-B595-A-2-A,110,2,人文社會科學院,KH,運動健康與休閒學系,B595,A,大學部,2,A,運動傷害與防護學,2,選,50,46,,4,梁可欣,H1--104,,,,,"7,8",,,"[{""day"": 5, ""dayName"": ""星期五"", ""periods"": [""7"", ""8""], ""raw"": ""7,8""}]",限修,運動健康促進學群/梁可欣老師,https://course.nuk.edu.tw/QueryCourse/tcontent.asp?OpenYear=110&Helf=2&Sclass=KH&Cono=B595,2026-08-26T18:26:40+00:00
110-2-KH-B604-A-2-A,110,2,人文社會科學院,KH,運動健康與休閒學系,B604,A,大學部,2,A,進階有氧,2,選,15,13,,2,孫婉華,H1--106,,,"5,6",,,,,"[{""day"": 3, ""dayName"": ""星期三"", ""periods"": [""5"", ""6""], ""raw"": ""5,6""}]",限修,運動健康促進學群,https://course.nuk.edu.tw/QueryCourse/tcontent.asp?OpenYear=110&Helf=2&Sclass=KH&Cono=B604,2026-08-26T18:26:40+00:00
110-2-KH-B654-A-2-A,110,2,人文社會科學院,KH,運動健康與休閒學系,B654,A,大學部,2,A,運動休閒消費者行為,2,選,50,36,,14,張景弘,H1--106,"5,6",,,,,,,"[{""day"": 1, ""dayName"": ""星期一"", ""periods"": [""5"", ""6""], ""raw"": ""5,6""}]",限修,核心選修,https://course.nuk.edu.tw/QueryCourse/tcontent.asp?OpenYear=110&Helf=2&Sclass=KH&Cono=B654,2026-08-26T18:26:40+00:00
110-2-KH-B661-A-2-A,110,2,人文社會科學院,KH,運動健康與休閒學系,B661,A,大學部,2,A,老人健康促進,2,選,50,45,,5,章順仁,H1--105,"3,4",,,,,,,"[{""day"": 1, ""dayName"": ""星期一"", ""periods"": [""3"", ""4""], ""raw"": ""3,4""}]",限修,核心選修,https://course.nuk.edu.tw/QueryCourse/tcontent.asp?OpenYear=110&Helf=2&Sclass=KH&Cono=B661,2026-08-26T18:26:40+00:00
110-2-KH-B671-A-2-A,110,2,人文社會科學院,KH,運動健康與休閒學系,B671,A,大學部,2,A,重量訓練,2,選,59,52,,7,李福恩,K01-202,,"6,7",,,,,,"[{""day"": 2, ""dayName"": ""星期二"", ""periods"": [""6"", ""7""], ""raw"": ""6,7""}]",限修及外加,運動健康促進學群,https://course.nuk.edu.tw/QueryCourse/tcontent.asp?OpenYear=110&Helf=2&Sclass=KH&Cono=B671,2026-08-26T18:26:40+00:00
110-2-KH-B201-A-3-A,110,2,人文社會科學院,KH,運動健康與休閒學系,B201,A,大學部,3,A,休閒社會學,3,選,51,13,,38,莊淑姿,H1--105,,,"2,3, 4",,,,,"[{""day"": 3, ""dayName"": ""星期三"", ""periods"": [""2"", ""3"", ""4""], ""raw"": ""2,3, 4""}]",限修及外加,休閒健康促進學群,https://course.nuk.edu.tw/QueryCourse/tcontent.asp?OpenYear=110&Helf=2&Sclass=KH&Cono=B201,2026-08-26T18:26:40+00:00
110-2-KH-B542-A-3-A,110,2,人文社會科學院,KH,運動健康與休閒學系,B542,A,大學部,3,A,戶外遊憩管理與實務,3,選,51,24,,27,潘明珠,H1--104,,,,"2,3, 4",,,,"[{""day"": 4, ""dayName"": ""星期四"", ""periods"": [""2"", ""3"", ""4""], ""raw"": ""2,3, 4""}]",限修及外加,休閒健康促進學群,https://course.nuk.edu.tw/QueryCourse/tcontent.asp?OpenYear=110&Helf=2&Sclass=KH&Cono=B542,2026-08-26T18:26:40+00:00
110-2-KH-C102-A-3-A,110,2,人文社會科學院,KH,運動健康與休閒學系,C102,A,大學部,3,A,健康促進理論與實務,3,必,60,58,,2,白秀華,H1--104,,,,"6,7, 8",,,,"[{""day"": 4, ""dayName"": ""星期四"", ""periods"": [""6"", ""7"", ""8""], ""raw"": ""6,7, 8""}]",限修,核心必修,https://course.nuk.edu.tw/QueryCourse/tcontent.asp?OpenYear=110&Helf=2&Sclass=KH&Cono=C102,2026-08-26T18:26:40+00:00
110-2-KH-C541-A-3-A,110,2,人文社會科學院,KH,運動健康與休閒學系,C541,A,大學部,3,A,徒手肌肉測試,2,選,50,28,,22,劉紹東,H1--105,,,,,"3,4",,,"[{""day"": 5, ""dayName"": ""星期五"", ""periods"": [""3"", ""4""], ""raw"": ""3,4""}]",先修 限修,運動健康促進學群,https://course.nuk.edu.tw/QueryCourse/tcontent.asp?OpenYear=110&Helf=2&Sclass=KH&Cono=C541,2026-08-26T18:26:40+00:00
110-2-KH-C597-A-3-A,110,2,人文社會科學院,KH,運動健康與休閒學系,C597,A,大學部,3,A,休閒政策與法規,2,選,72,53,,19,陳孝文,H1--104,"3,4",,,,,,,"[{""day"": 1, ""dayName"": ""星期一"", ""periods"": [""3"", ""4""], ""raw"": ""3,4""}]",限修及外加,休閒健康促進學群(運健休學系法學素養課程),https://course.nuk.edu.tw/QueryCourse/tcontent.asp?OpenYear=110&Helf=2&Sclass=KH&Cono=C597,2026-08-26T18:26:40+00:00
110-2-KH-C604-A-3-A,110,2,人文社會科學院,KH,運動健康與休閒學系,C604,A,大學部,3,A,健身運動心理學,2,選,50,34,,16,張志成,H1--106,,"3,4",,,,,,"[{""day"": 2, ""dayName"": ""星期二"", ""periods"": [""3"", ""4""], ""raw"": ""3,4""}]",限修,運動健康促進學群,https://course.nuk.edu.tw/QueryCourse/tcontent.asp?OpenYear=110&Helf=2&Sclass=KH&Cono=C604,2026-08-26T18:26:40+00:00
110-2-KH-C606-A-3-A,110,2,人文社會科學院,KH,運動健康與休閒學系,C606,A,大學部,3,A,運動傷害評估學,2,選,50,16,,34,梁可欣,H1--104,,,,,"5,6",,,"[{""day"": 5, ""dayName"": ""星期五"", ""periods"": [""5"", ""6""], ""raw"": ""5,6""}]",限修,運動健康促進學群,https://course.nuk.edu.tw/QueryCourse/tcontent.asp?OpenYear=110&Helf=2&Sclass=KH&Cono=C606,2026-08-26T18:26:40+00:00
110-2-KH-C623-A-3-A,110,2,人文社會科學院,KH,運動健康與休閒學系,C623,A,大學部,3,A,網球,2,選,34,34,,0,張志成,H1--104,,,"7,8",,,,,"[{""day"": 3, ""dayName"": ""星期三"", ""periods"": [""7"", ""8""], ""raw"": ""7,8""}]",限修及外加,運動健康促進學群(網球場),https://course.nuk.edu.tw/QueryCourse/tcontent.asp?OpenYear=110&Helf=2&Sclass=KH&Cono=C623,2026-08-26T18:26:40+00:00
110-2-KH-C626-A-3-A,110,2,人文社會科學院,KH,運動健康與休閒學系,C626,A,大學部,3,A,游泳與水域安全救生,2,選,50,25,,25,林榮男,H1--105,,"6,7",,,,,,"[{""day"": 2, ""dayName"": ""星期二"", ""periods"": [""6"", ""7""], ""raw"": ""6,7""}]",限修,運動健康促進學群/林榮男老師,https://course.nuk.edu.tw/QueryCourse/tcontent.asp?OpenYear=110&Helf=2&Sclass=KH&Cono=C626,2026-08-26T18:26:40+00:00
110-2-KH-C682-A-3-A,110,2,人文社會科學院,KH,運動健康與休閒學系,C682,A,大學部,3,A,體重控制,2,選,31,31,,0,吳佩芳,H1--105,,"1,2",,,,,,"[{""day"": 2, ""dayName"": ""星期二"", ""periods"": [""1"", ""2""], ""raw"": ""1,2""}]",限修及外加,核心選修,https://course.nuk.edu.tw/QueryCourse/tcontent.asp?OpenYear=110&Helf=2&Sclass=KH&Cono=C682,2026-08-26T18:26:40+00:00
110-2-KH-C684-A-3-A,110,2,人文社會科學院,KH,運動健康與休閒學系,C684,A,大學部,3,A,健康資訊與應用,2,選,50,21,,29,章順仁,L01-107,,"3,4",,,,,,"[{""day"": 2, ""dayName"": ""星期二"", ""periods"": [""3"", ""4""], ""raw"": ""3,4""}]",限修,核心選修,https://course.nuk.edu.tw/QueryCourse/tcontent.asp?OpenYear=110&Helf=2&Sclass=KH&Cono=C684,2026-08-26T18:26:40+00:00
110-2-KH-D061-A-3-A,110,2,人文社會科學院,KH,運動健康與休閒學系,D061,A,大學部,3,A,團體動力學,2,選,51,35,,16,陳詢榮,H1--104,"1,2",,,,,,,"[{""day"": 1, ""dayName"": ""星期一"", ""periods"": [""1"", ""2""], ""raw"": ""1,2""}]",限修及外加 學程,核心選修/外語導遊人才培育學程,https://course.nuk.edu.tw/QueryCourse/tcontent.asp?OpenYear=110&Helf=2&Sclass=KH&Cono=D061,2026-08-26T18:26:40+00:00
110-2-KH-D523-A-3-A,110,2,人文社會科學院,KH,運動健康與休閒學系,D523,A,大學部,3,A,健身運動訓練,2,選,50,44,,6,李福恩,K01-202,,,"3,4",,,,,"[{""day"": 3, ""dayName"": ""星期三"", ""periods"": [""3"", ""4""], ""raw"": ""3,4""}]",限修,運動健康促進學群(運動防護員規定課程),https://course.nuk.edu.tw/QueryCourse/tcontent.asp?OpenYear=110&Helf=2&Sclass=KH&Cono=D523,2026-08-26T18:26:40+00:00
110-2-KH-D583-A-3-A,110,2,人文社會科學院,KH,運動健康與休閒學系,D583,A,大學部,3,A,運動保健學,2,選,50,29,,21,吳佩芳 劉紹東 張志成,H1--104,"5,6",,,,,,,"[{""day"": 1, ""dayName"": ""星期一"", ""periods"": [""5"", ""6""], ""raw"": ""5,6""}]",限修,運動健康促進學群(運動防護員規定課程),https://course.nuk.edu.tw/QueryCourse/tcontent.asp?OpenYear=110&Helf=2&Sclass=KH&Cono=D583,2026-08-26T18:26:40+00:00
110-2-KH-A518-A-4-A,110,2,人文社會科學院,KH,運動健康與休閒學系,A518,A,大學部,4,A,運動防護實習,2,選,12,5,,7,張志成,H1--105,,,"5,6",,,,,"[{""day"": 3, ""dayName"": ""星期三"", ""periods"": [""5"", ""6""], ""raw"": ""5,6""}]",限修及外加,運動健康促進學群(需符合本系運動防護實習實施要點之學生實習資格限制之學生始得修習),https://course.nuk.edu.tw/QueryCourse/tcontent.asp?OpenYear=110&Helf=2&Sclass=KH&Cono=A518,2026-08-26T18:26:40+00:00
110-2-KH-D022-A-4-A,110,2,人文社會科學院,KH,運動健康與休閒學系,D022,A,大學部,4,A,產業實習,3,必,62,49,,13,張志成,H1--104,"7,8, 9",,,,,,,"[{""day"": 1, ""dayName"": ""星期一"", ""periods"": [""7"", ""8"", ""9""], ""raw"": ""7,8, 9""}]",限修,核心必修,https://course.nuk.edu.tw/QueryCourse/tcontent.asp?OpenYear=110&Helf=2&Sclass=KH&Cono=D022,2026-08-26T18:26:40+00:00
110-2-KH-D591-A-4-A,110,2,人文社會科學院,KH,運動健康與休閒學系,D591,A,大學部,4,A,職場壓力管理,2,選,50,37,,13,陳詢榮,H1--105,"5,6",,,,,,,"[{""day"": 1, ""dayName"": ""星期一"", ""periods"": [""5"", ""6""], ""raw"": ""5,6""}]",限修,運動健康促進學群/休閒健康促進學群,https://course.nuk.edu.tw/QueryCourse/tcontent.asp?OpenYear=110&Helf=2&Sclass=KH&Cono=D591,2026-08-26T18:26:40+00:00
110-2-KH-F013-M-1-,110,2,人文社會科學院,KH,運動健康與休閒學系,F013,M,碩士班,1,,專題討論(二),1,必,30,12,,18,白秀華,H1--209,,,,4,,,,"[{""day"": 4, ""dayName"": ""星期四"", ""periods"": [""4""], ""raw"": ""4""}]",限修,,https://course.nuk.edu.tw/QueryCourse/tcontent.asp?OpenYear=110&Helf=2&Sclass=KH&Cono=F013,2026-08-26T18:26:40+00:00
110-2-KH-F032-M-1-,110,2,人文社會科學院,KH,運動健康與休閒學系,F032,M,碩士班,1,,運動健康與休閒專題講座,2,必,30,12,,18,白秀華,H1--209,,,"6,7",,,,,"[{""day"": 3, ""dayName"": ""星期三"", ""periods"": [""6"", ""7""], ""raw"": ""6,7""}]",限修,,https://course.nuk.edu.tw/QueryCourse/tcontent.asp?OpenYear=110&Helf=2&Sclass=KH&Cono=F032,2026-08-26T18:26:40+00:00
110-2-KH-F515-M-1-,110,2,人文社會科學院,KH,運動健康與休閒學系,F515,M,碩士班,1,,運動選手培訓制度專論,3,選,30,7,,23,李福恩,K01-202,"5,6, 7",,,,,,,"[{""day"": 1, ""dayName"": ""星期一"", ""periods"": [""5"", ""6"", ""7""], ""raw"": ""5,6, 7""}]",限修,,https://course.nuk.edu.tw/QueryCourse/tcontent.asp?OpenYear=110&Helf=2&Sclass=KH&Cono=F515,2026-08-26T18:26:40+00:00
110-2-KH-F519-M-1-,110,2,人文社會科學院,KH,運動健康與休閒學系,F519,M,碩士班,1,,運動行銷專題研究,3,選,30,11,,19,張景弘,H1--209,,"5,6, 7",,,,,,"[{""day"": 2, ""dayName"": ""星期二"", ""periods"": [""5"", ""6"", ""7""], ""raw"": ""5,6, 7""}]",限修,,https://course.nuk.edu.tw/QueryCourse/tcontent.asp?OpenYear=110&Helf=2&Sclass=KH&Cono=F519,2026-08-26T18:26:40+00:00
110-2-KH-F612-M-1-,110,2,人文社會科學院,KH,運動健康與休閒學系,F612,M,碩士班,1,,永續觀光發展特論,3,選,30,10,,20,潘明珠,H1--209,,,"2,3, 4",,,,,"[{""day"": 3, ""dayName"": ""星期三"", ""periods"": [""2"", ""3"", ""4""], ""raw"": ""2,3, 4""}]",限修,,https://course.nuk.edu.tw/QueryCourse/tcontent.asp?OpenYear=110&Helf=2&Sclass=KH&Cono=F612,2026-08-26T18:26:40+00:00
110-2-KH-F015-M-2-,110,2,人文社會科學院,KH,運動健康與休閒學系,F015,M,碩士班,2,,專題討論(四),1,必,30,6,,24,白秀華,H1--209,,,,3,,,,"[{""day"": 4, ""dayName"": ""星期四"", ""periods"": [""3""], ""raw"": ""3""}]",限修,,https://course.nuk.edu.tw/QueryCourse/tcontent.asp?OpenYear=110&Helf=2&Sclass=KH&Cono=F015,2026-08-26T18:26:40+00:00
110-2-WL-A04B-A-1-A,110,2,人文社會科學院,WL,西洋語文學系,A04B,A,大學部,1,A,英文作文(一下)(A),3,必,27,27,,0,周瑞安,H2--107,,,"5,6, 7",,,,,"[{""day"": 3, ""dayName"": ""星期三"", ""periods"": [""5"", ""6"", ""7""], ""raw"": ""5,6, 7""}]",限修,全班分A、B兩組，依學生學號編列班級，A班單號、B班雙號。重補修學生請另加簽，全英語授課。,https://course.nuk.edu.tw/QueryCourse/tcontent.asp?OpenYear=110&Helf=2&Sclass=WL&Cono=A04B,2026-08-26T18:26:40+00:00
110-2-WL-A05B-A-1-A,110,2,人文社會科學院,WL,西洋語文學系,A05B,A,大學部,1,A,英文作文(一下)(B),3,必,33,33,,0,王嵩嵐,H2--108,,,"2,3, 4",,,,,"[{""day"": 3, ""dayName"": ""星期三"", ""periods"": [""2"", ""3"", ""4""], ""raw"": ""2,3, 4""}]",限修及外加,全班分A、B兩組，依學生學號編列班級，A班單號、B班雙號。重補修學生請另加簽，全英語授課。,https://course.nuk.edu.tw/QueryCourse/tcontent.asp?OpenYear=110&Helf=2&Sclass=WL&Cono=A05B,2026-08-26T18:26:40+00:00
110-2-WL-A07B-A-1-A,110,2,人文社會科學院,WL,西洋語文學系,A07B,A,大學部,1,A,西洋文學概論(下),3,必,49,47,,2,顏淑娟,H2--107,,,,"2,3, 4",,,,"[{""day"": 4, ""dayName"": ""星期四"", ""periods"": [""2"", ""3"", ""4""], ""raw"": ""2,3, 4""}]",限修及外加,限修本系一年級，補、重修請另加簽。,https://course.nuk.edu.tw/QueryCourse/tcontent.asp?OpenYear=110&Helf=2&Sclass=WL&Cono=A07B,2026-08-26T18:26:40+00:00
110-2-WL-A08B-A-1-A,110,2,人文社會科學院,WL,西洋語文學系,A08B,A,大學部,1,A,文學作品讀法(下),3,必,56,55,,1,傅鈺雯,H2--104,,"5,6, 7",,,,,,"[{""day"": 2, ""dayName"": ""星期二"", ""periods"": [""5"", ""6"", ""7""], ""raw"": ""5,6, 7""}]",限修,限修本系一年級，補、重修請另加簽。,https://course.nuk.edu.tw/QueryCourse/tcontent.asp?OpenYear=110&Helf=2&Sclass=WL&Cono=A08B,2026-08-26T18:26:40+00:00
110-2-WL-A23C-A-1-A,110,2,人文社會科學院,WL,西洋語文學系,A23C,A,大學部,1,A,英語聽力與會話(一下)(A),3,必,27,26,,1,鄭月婷,H2--105,,"2,3, 4",,,,,,"[{""day"": 2, ""dayName"": ""星期二"", ""periods"": [""2"", ""3"", ""4""], ""raw"": ""2,3, 4""}]",外加 學程,全班分A、B兩組，依學生學號編列班級，A班單號、B班雙號。重補修學生、人文與商管學程、外語觀光保健人才培育學程或外語導遊人才培育學程之修習學生請另加簽，全英語授課。,https://course.nuk.edu.tw/QueryCourse/tcontent.asp?OpenYear=110&Helf=2&Sclass=WL&Cono=A23C,2026-08-26T18:26:40+00:00
110-2-WL-A23D-A-1-A,110,2,人文社會科學院,WL,西洋語文學系,A23D,A,大學部,1,A,英語聽力與會話(一下)(B),3,必,30,28,,2,周瑞安,H2--107,,,,"5,6, 7",,,,"[{""day"": 4, ""dayName"": ""星期四"", ""periods"": [""5"", ""6"", ""7""], ""raw"": ""5,6, 7""}]",限修 學程,全班分A、B兩組，依學生學號編列班級，A班單號、B班雙號。重補修學生、人文與商管學程、外語觀光保健人才培育學程或外語導遊人才培育學程之修習學生請另加簽，全英語授課。,https://course.nuk.edu.tw/QueryCourse/tcontent.asp?OpenYear=110&Helf=2&Sclass=WL&Cono=A23D,2026-08-26T18:26:40+00:00
110-2-WL-A51B-A-1-A,110,2,人文社會科學院,WL,西洋語文學系,A51B,A,大學部,1,A,第二外語：法一(下),2,選,39,39,,0,林雅芬,H2--107,"5,6",,,,,,,"[{""day"": 1, ""dayName"": ""星期一"", ""periods"": [""5"", ""6""], ""raw"": ""5,6""}]",限修及外加 學程,本系規定其學生畢業前至少需修習8學分。【人文與商管學程】須另外加簽。,https://course.nuk.edu.tw/QueryCourse/tcontent.asp?OpenYear=110&Helf=2&Sclass=WL&Cono=A51B,2026-08-26T18:26:40+00:00
110-2-WL-A53B-A-1-A,110,2,人文社會科學院,WL,西洋語文學系,A53B,A,大學部,1,A,第二外語：西一(下),2,選,30,29,,1,李優俐,H2--108,"5,6",,,,,,,"[{""day"": 1, ""dayName"": ""星期一"", ""periods"": [""5"", ""6""], ""raw"": ""5,6""}]",學程,本系規定其學生畢業前至少須修習8學分。【人文與商管學程】須另外加簽。,https://course.nuk.edu.tw/QueryCourse/tcontent.asp?OpenYear=110&Helf=2&Sclass=WL&Cono=A53B,2026-08-26T18:26:40+00:00
110-2-WL-A621-A-1-A,110,2,人文社會科學院,WL,西洋語文學系,A621,A,大學部,1,A,進階會話：透過傳播媒體了解美國文化,2,選,30,20,,10,莫艾倫,H2--105,,,,,"6,7",,,"[{""day"": 5, ""dayName"": ""星期五"", ""periods"": [""6"", ""7""], ""raw"": ""6,7""}]",,開放大學部一到四年級選修。全英語授課。授課教室:H2-105,https://course.nuk.edu.tw/QueryCourse/tcontent.asp?OpenYear=110&Helf=2&Sclass=WL&Cono=A621,2026-08-26T18:26:40+00:00
110-2-WL-A622-A-1-A,110,2,人文社會科學院,WL,西洋語文學系,A622,A,大學部,1,A,進階會話：當今全球時事,2,選,30,18,,12,莫艾倫,H2--105,,,"8,9",,,,,"[{""day"": 3, ""dayName"": ""星期三"", ""periods"": [""8"", ""9""], ""raw"": ""8,9""}]",,開放大學部一到四年級選修。全英語授課。授課教室:H2-105,https://course.nuk.edu.tw/QueryCourse/tcontent.asp?OpenYear=110&Helf=2&Sclass=WL&Cono=A622,2026-08-26T18:26:40+00:00
110-2-WL-B58B-A-1-A,110,2,人文社會科學院,WL,西洋語文學系,B58B,A,大學部,1,A,翻譯導論(下),2,選,26,24,,2,王嵩嵐,H2--108,,,,"3,4",,,,"[{""day"": 4, ""dayName"": ""星期四"", ""periods"": [""3"", ""4""], ""raw"": ""3,4""}]",限修及外加 學程,【人文與商管學程】須另外加簽。,https://course.nuk.edu.tw/QueryCourse/tcontent.asp?OpenYear=110&Helf=2&Sclass=WL&Cono=B58B,2026-08-26T18:26:40+00:00
110-2-WL-C65B-A-1-A,110,2,人文社會科學院,WL,西洋語文學系,C65B,A,大學部,1,A,英美戲劇(下),3,選,38,38,,0,歐馨雲,H2--104,,,,,"5,6, 7",,,"[{""day"": 5, ""dayName"": ""星期五"", ""periods"": [""5"", ""6"", ""7""], ""raw"": ""5,6, 7""}]",限修及外加 學程,【文學文化類】【人文與商管學程】須另外加簽。,https://course.nuk.edu.tw/QueryCourse/tcontent.asp?OpenYear=110&Helf=2&Sclass=WL&Cono=C65B,2026-08-26T18:26:40+00:00
110-2-WL-C842-A-1-A,110,2,人文社會科學院,WL,西洋語文學系,C842,A,大學部,1,A,美國影視流行文化,2,選,30,13,,17,莫艾倫,H2--105,,,,,"8,9",,,"[{""day"": 5, ""dayName"": ""星期五"", ""periods"": [""8"", ""9""], ""raw"": ""8,9""}]",,開放本系大一至大四同學選修，全英語授課。教室：H2-105,https://course.nuk.edu.tw/QueryCourse/tcontent.asp?OpenYear=110&Helf=2&Sclass=WL&Cono=C842,2026-08-26T18:26:40+00:00
110-2-WL-D912-A-1-A,110,2,人文社會科學院,WL,西洋語文學系,D912,A,大學部,1,A,進階英語聽力與溝通：兒童故事(I),2,選,30,8,,22,莫艾倫,H2--105,,,,"8,9",,,,"[{""day"": 4, ""dayName"": ""星期四"", ""periods"": [""8"", ""9""], ""raw"": ""8,9""}]",,全英語授課。開放本系大一至大四同學選修。教室：H2-105,https://course.nuk.edu.tw/QueryCourse/tcontent.asp?OpenYear=110&Helf=2&Sclass=WL&Cono=D912,2026-08-26T18:26:40+00:00
110-2-WL-A52D-A-2-A,110,2,人文社會科學院,WL,西洋語文學系,A52D,A,大學部,2,A,第二外語：德文二,4,選,30,12,,18,奧利華,H2--106,"5,6",,"8,9",,,,,"[{""day"": 1, ""dayName"": ""星期一"", ""periods"": [""5"", ""6""], ""raw"": ""5,6""}, {""day"": 3, ""dayName"": ""星期三"", ""periods"": [""8"", ""9""], ""raw"": ""8,9""}]",限修 學程,本系規定其學生畢業前至少須修習8學分，【人文與商管學程】須另外加簽。【全英語授課】,https://course.nuk.edu.tw/QueryCourse/tcontent.asp?OpenYear=110&Helf=2&Sclass=WL&Cono=A52D,2026-08-26T18:26:40+00:00
110-2-WL-B023-A-2-A,110,2,人文社會科學院,WL,西洋語文學系,B023,A,大學部,2,A,進階英語聽力與會話(二下)(A),3,必,31,25,,6,陳麗青,H2--104,,"9,10, 11",,,,,,"[{""day"": 2, ""dayName"": ""星期二"", ""periods"": [""9"", ""10"", ""11""], ""raw"": ""9,10, 11""}]",限修及外加 學程,全班分A、B兩組，依學生學號編列班級，由老師指定加簽。學生請於老師指定加簽後，於加退選期間內上系統選課。【人文與商管學程】請另加簽。【全英語授課】,https://course.nuk.edu.tw/QueryCourse/tcontent.asp?OpenYear=110&Helf=2&Sclass=WL&Cono=B023,2026-08-26T18:26:40+00:00
110-2-WL-B024-A-2-A,110,2,人文社會科學院,WL,西洋語文學系,B024,A,大學部,2,A,進階英語聽力與會話(二下)(B),3,必,31,23,,8,王嵩嵐,H2--108,,,"5,6, 7",,,,,"[{""day"": 3, ""dayName"": ""星期三"", ""periods"": [""5"", ""6"", ""7""], ""raw"": ""5,6, 7""}]",限修及外加 學程,全班分A、B兩組，依學生學號編列班級，A班單號、B班雙號。【人文與商管學程】請另加簽，全外語授課-英語。教室:H2-108,https://course.nuk.edu.tw/QueryCourse/tcontent.asp?OpenYear=110&Helf=2&Sclass=WL&Cono=B024,2026-08-26T18:26:40+00:00
110-2-WL-B04B-A-2-A,110,2,人文社會科學院,WL,西洋語文學系,B04B,A,大學部,2,A,英文作文(二下)(A),2,必,34,17,,17,歐馨雲,H2--104,,,,"2,3, 4",,,,"[{""day"": 4, ""dayName"": ""星期四"", ""periods"": [""2"", ""3"", ""4""], ""raw"": ""2,3, 4""}]",限修及外加,全班分A、B兩組，依學生學號編列班級，A班單號、B班雙號。重補修學生請另加簽,https://course.nuk.edu.tw/QueryCourse/tcontent.asp?OpenYear=110&Helf=2&Sclass=WL&Cono=B04B,2026-08-26T18:26:40+00:00
110-2-WL-B05B-A-2-A,110,2,人文社會科學院,WL,西洋語文學系,B05B,A,大學部,2,A,英文作文(二下)(B),2,必,34,29,,5,歐馨雲,H2--104,,,,,"2,3, 4",,,"[{""day"": 5, ""dayName"": ""星期五"", ""periods"": [""2"", ""3"", ""4""], ""raw"": ""2,3, 4""}]",限修及外加,全班分A、B兩組，依學生學號編列班級，A班單號、B班雙號。重補修學生請另加簽,https://course.nuk.edu.tw/QueryCourse/tcontent.asp?OpenYear=110&Helf=2&Sclass=WL&Cono=B05B,2026-08-26T18:26:40+00:00
110-2-WL-B06B-A-2-A,110,2,人文社會科學院,WL,西洋語文學系,B06B,A,大學部,2,A,英國文學史(一下),3,必,51,47,,4,鄭月婷,H2--104,,,,"5,6, 7",,,,"[{""day"": 4, ""dayName"": ""星期四"", ""periods"": [""5"", ""6"", ""7""], ""raw"": ""5,6, 7""}]",限修及外加,限修本系二年級，大二、大三需重修者請找老師加簽。,https://course.nuk.edu.tw/QueryCourse/tcontent.asp?OpenYear=110&Helf=2&Sclass=WL&Cono=B06B,2026-08-26T18:26:40+00:00
110-2-WL-B07B-A-2-A,110,2,人文社會科學院,WL,西洋語文學系,B07B,A,大學部,2,A,語言學概論(下),3,必,52,42,,10,賴怡秀,H2--107,,"2,3, 4",,,,,,"[{""day"": 2, ""dayName"": ""星期二"", ""periods"": [""2"", ""3"", ""4""], ""raw"": ""2,3, 4""}]",限修及外加,限修本系二年級，補、重修請另加簽。,https://course.nuk.edu.tw/QueryCourse/tcontent.asp?OpenYear=110&Helf=2&Sclass=WL&Cono=B07B,2026-08-26T18:26:40+00:00
110-2-WL-B51B-A-2-A,110,2,人文社會科學院,WL,西洋語文學系,B51B,A,大學部,2,A,第二外語：法二(下),2,選,27,27,,0,林雅芬,H2--107,"7,8",,,,,,,"[{""day"": 1, ""dayName"": ""星期一"", ""periods"": [""7"", ""8""], ""raw"": ""7,8""}]",限修及外加,本系學生畢業前至少需修8學分。先修：法一(上)(下)或已有法語基礎者。,https://course.nuk.edu.tw/QueryCourse/tcontent.asp?OpenYear=110&Helf=2&Sclass=WL&Cono=B51B,2026-08-26T18:26:40+00:00
110-2-WL-B53B-A-2-A,110,2,人文社會科學院,WL,西洋語文學系,B53B,A,大學部,2,A,第二外語：西二(下),2,選,30,23,,7,李優俐,H2--108,"7,8",,,,,,,"[{""day"": 1, ""dayName"": ""星期一"", ""periods"": [""7"", ""8""], ""raw"": ""7,8""}]",,本系學生畢業前至少須修習8學分。先修：西一(上)(下)或已有西語基礎者。,https://course.nuk.edu.tw/QueryCourse/tcontent.asp?OpenYear=110&Helf=2&Sclass=WL&Cono=B53B,2026-08-26T18:26:40+00:00
110-2-WL-B742-A-2-A,110,2,人文社會科學院,WL,西洋語文學系,B742,A,大學部,2,A,人文計算：程式語言設計、基本概念及人文特色開拓介紹,3,選,30,11,,19,奧利華,H2--106,"7,8, 9",,,,,,,"[{""day"": 1, ""dayName"": ""星期一"", ""periods"": [""7"", ""8"", ""9""], ""raw"": ""7,8, 9""}]",,【語言學類】【全英語授課】,https://course.nuk.edu.tw/QueryCourse/tcontent.asp?OpenYear=110&Helf=2&Sclass=WL&Cono=B742,2026-08-26T18:26:40+00:00
110-2-WL-C06B-A-3-A,110,2,人文社會科學院,WL,西洋語文學系,C06B,A,大學部,3,A,英國文學史(二下),3,必,45,45,,0,陳麗青,H2--107,,"5,6, 7",,,,,,"[{""day"": 2, ""dayName"": ""星期二"", ""periods"": [""5"", ""6"", ""7""], ""raw"": ""5,6, 7""}]",限修,限修本系三年級，補重修請另加簽。【全英語授課】,https://course.nuk.edu.tw/QueryCourse/tcontent.asp?OpenYear=110&Helf=2&Sclass=WL&Cono=C06B,2026-08-26T18:26:40+00:00
110-2-WL-C07B-A-3-A,110,2,人文社會科學院,WL,西洋語文學系,C07B,A,大學部,3,A,美國文學史(下),3,必,49,49,,0,周瑞安,H2--107,,,,,"2,3, 4",,,"[{""day"": 5, ""dayName"": ""星期五"", ""periods"": [""2"", ""3"", ""4""], ""raw"": ""2,3, 4""}]",限修,限修本系三年級以上。,https://course.nuk.edu.tw/QueryCourse/tcontent.asp?OpenYear=110&Helf=2&Sclass=WL&Cono=C07B,2026-08-26T18:26:40+00:00
110-2-WL-C61D-A-3-A,110,2,人文社會科學院,WL,西洋語文學系,C61D,A,大學部,3,A,類型小說(下),3,選,36,35,,1,周瑞安,H2--108,,"2,3, 4",,,,,,"[{""day"": 2, ""dayName"": ""星期二"", ""periods"": [""2"", ""3"", ""4""], ""raw"": ""2,3, 4""}]",限修,全英語授課。【文學文化類】開放本系大一~大四同學選修。教室H2-108,https://course.nuk.edu.tw/QueryCourse/tcontent.asp?OpenYear=110&Helf=2&Sclass=WL&Cono=C61D,2026-08-26T18:26:40+00:00
110-2-WL-C64B-A-3-A,110,2,人文社會科學院,WL,西洋語文學系,C64B,A,大學部,3,A,社會語言學(下),2,選,27,24,,3,王嵩嵐,H2--108,"3,4",,,,,,,"[{""day"": 1, ""dayName"": ""星期一"", ""periods"": [""3"", ""4""], ""raw"": ""3,4""}]",限修及外加,【語言學類】限修本系大三、大四。,https://course.nuk.edu.tw/QueryCourse/tcontent.asp?OpenYear=110&Helf=2&Sclass=WL&Cono=C64B,2026-08-26T18:26:40+00:00
110-2-WL-C69A-A-3-A,110,2,人文社會科學院,WL,西洋語文學系,C69A,A,大學部,3,A,英美小說,3,選,33,31,,2,顏淑娟,H2--107,,,"2,3, 4",,,,,"[{""day"": 3, ""dayName"": ""星期三"", ""periods"": [""2"", ""3"", ""4""], ""raw"": ""2,3, 4""}]",限修及外加,【文學文化類】限修本系三、四年級。全外語授課-英文,https://course.nuk.edu.tw/QueryCourse/tcontent.asp?OpenYear=110&Helf=2&Sclass=WL&Cono=C69A,2026-08-26T18:26:40+00:00
110-2-WL-C832-A-3-A,110,2,人文社會科學院,WL,西洋語文學系,C832,A,大學部,3,A,英語教學,2,選,30,5,,25,莫艾倫,H2--105,,"6,7",,,,,,"[{""day"": 2, ""dayName"": ""星期二"", ""periods"": [""6"", ""7""], ""raw"": ""6,7""}]",限修及外加,限修西語系大三、大四。全英語授課。教室:H2-105,https://course.nuk.edu.tw/QueryCourse/tcontent.asp?OpenYear=110&Helf=2&Sclass=WL&Cono=C832,2026-08-26T18:26:40+00:00
110-2-WL-C902-A-3-A,110,2,人文社會科學院,WL,西洋語文學系,C902,A,大學部,3,A,企業實習I：英語教學與行政,2,選,5,1,,4,鄭月婷,H2--103,,,"9,10",,,,,"[{""day"": 3, ""dayName"": ""星期三"", ""periods"": [""9"", ""10""], ""raw"": ""9,10""}]",限修,指定外加實習課程，課程總實習時數須達162小時。,https://course.nuk.edu.tw/QueryCourse/tcontent.asp?OpenYear=110&Helf=2&Sclass=WL&Cono=C902,2026-08-26T18:26:40+00:00
110-2-WL-F513-A-3-A,110,2,人文社會科學院,WL,西洋語文學系,F513,A,大學部,3,A,人類語言學,3,選,15,12,,3,奧利華,H2--106,,"9,10, 11",,,,,,"[{""day"": 2, ""dayName"": ""星期二"", ""periods"": [""9"", ""10"", ""11""], ""raw"": ""9,10, 11""}]",限修,開放西語系大學部三、四年級選修，【語言學類】【全英語授課】,https://course.nuk.edu.tw/QueryCourse/tcontent.asp?OpenYear=110&Helf=2&Sclass=WL&Cono=F513,2026-08-26T18:26:40+00:00
110-2-WL-F514-A-3-A,110,2,人文社會科學院,WL,西洋語文學系,F514,A,大學部,3,A,文學與電影I,3,選,21,21,,0,鄭月婷,H2--104,,,"5,6, 7",,,,,"[{""day"": 3, ""dayName"": ""星期三"", ""periods"": [""5"", ""6"", ""7""], ""raw"": ""5,6, 7""}]",限修及外加,與西語系碩士班合開，開放西語系大三、大四學生選修。本課程開放全校選修，請欲修課同學找老師加簽。【文學文化類】【全英語授課】另配合深耕計畫提供大二名額，須找老師加簽,https://course.nuk.edu.tw/QueryCourse/tcontent.asp?OpenYear=110&Helf=2&Sclass=WL&Cono=F514,2026-08-26T18:26:40+00:00
110-2-WL-F532-A-3-A,110,2,人文社會科學院,WL,西洋語文學系,F532,A,大學部,3,A,影片中的美國文學,3,選,31,14,,17,莫艾倫,H2--105,"7,8, 9",,,,,,,"[{""day"": 1, ""dayName"": ""星期一"", ""periods"": [""7"", ""8"", ""9""], ""raw"": ""7,8, 9""}]",限修及外加,開放大學部三到四年級選修。全英語授課。授課教室:H2-105。【文學文化類】,https://course.nuk.edu.tw/QueryCourse/tcontent.asp?OpenYear=110&Helf=2&Sclass=WL&Cono=F532,2026-08-26T18:26:40+00:00
110-2-WL-D900-A-4-A,110,2,人文社會科學院,WL,西洋語文學系,D900,A,大學部,4,A,校外實習(上),9,選,1,1,,0,傅鈺雯,,,,,,,"1,2, 3,4, Y,5, 6,7, 8",,"[{""day"": 6, ""dayName"": ""星期六"", ""periods"": [""1"", ""2"", ""3"", ""4"", ""Y"", ""5"", ""6"", ""7"", ""8""], ""raw"": ""1,2, 3,4, Y,5, 6,7, 8""}]",限修,本課程限本系同學以外加方式選課，課程總實習時數須達720小時,https://course.nuk.edu.tw/QueryCourse/tcontent.asp?OpenYear=110&Helf=2&Sclass=WL&Cono=D900,2026-08-26T18:26:40+00:00
110-2-WL-F021-A-4-A,110,2,人文社會科學院,WL,西洋語文學系,F021,A,大學部,4,A,教學實務,3,選,12,11,,1,賴怡秀,H2--105,,,,"5,6, 7",,,,"[{""day"": 4, ""dayName"": ""星期四"", ""periods"": [""5"", ""6"", ""7""], ""raw"": ""5,6, 7""}]",限修及外加,與本系碩士班合開。,https://course.nuk.edu.tw/QueryCourse/tcontent.asp?OpenYear=110&Helf=2&Sclass=WL&Cono=F021,2026-08-26T18:26:40+00:00
110-2-WL-F021-M-1-,110,2,人文社會科學院,WL,西洋語文學系,F021,M,碩士班,1,,教學實務,3,必,12,11,,1,賴怡秀,H2--105,,,,"5,6, 7",,,,"[{""day"": 4, ""dayName"": ""星期四"", ""periods"": [""5"", ""6"", ""7""], ""raw"": ""5,6, 7""}]",限修及外加,與本系大學部四年級合開。,https://course.nuk.edu.tw/QueryCourse/tcontent.asp?OpenYear=110&Helf=2&Sclass=WL&Cono=F021,2026-08-26T18:26:40+00:00
110-2-WL-F02B-M-1-,110,2,人文社會科學院,WL,西洋語文學系,F02B,M,碩士班,1,,教學實務及實習(II),3,必,5,5,,0,賴怡秀 顏淑娟 鄭月婷,H2--103,,,,"10,11, 12",,,,"[{""day"": 4, ""dayName"": ""星期四"", ""periods"": [""10"", ""11"", ""12""], ""raw"": ""10,11, 12""}]",限修,「本碩士班課程。全英語授課。有興趣選修五年一貫和報考研究所的大三、大四同學請老師面談加簽。」,https://course.nuk.edu.tw/QueryCourse/tcontent.asp?OpenYear=110&Helf=2&Sclass=WL&Cono=F02B,2026-08-26T18:26:40+00:00
110-2-WL-F513-M-1-,110,2,人文社會科學院,WL,西洋語文學系,F513,M,碩士班,1,,人類語言學,3,選,15,12,,3,奧利華,H2--106,,"9,10, 11",,,,,,"[{""day"": 2, ""dayName"": ""星期二"", ""periods"": [""9"", ""10"", ""11""], ""raw"": ""9,10, 11""}]",限修,開放西語系大學部三、四年級選修，【語言學類】【全英語授課】,https://course.nuk.edu.tw/QueryCourse/tcontent.asp?OpenYear=110&Helf=2&Sclass=WL&Cono=F513,2026-08-26T18:26:40+00:00
110-2-WL-F514-M-1-,110,2,人文社會科學院,WL,西洋語文學系,F514,M,碩士班,1,,文學與電影I,3,選,21,21,,0,鄭月婷,H2--104,,,"5,6, 7",,,,,"[{""day"": 3, ""dayName"": ""星期三"", ""periods"": [""5"", ""6"", ""7""], ""raw"": ""5,6, 7""}]",限修及外加,與西語系碩士班合開，開放西語系大三、大四學生選修。本課程開放全校選修，請欲修課同學找老師加簽。【文學文化類】【全英語授課】另配合深耕計畫提供大二名額，須找老師加簽,https://course.nuk.edu.tw/QueryCourse/tcontent.asp?OpenYear=110&Helf=2&Sclass=WL&Cono=F514,2026-08-26T18:26:40+00:00
110-2-WL-F532-M-1-,110,2,人文社會科學院,WL,西洋語文學系,F532,M,碩士班,1,,影片中的美國文學,3,選,31,14,,17,莫艾倫,H2--105,"7,8, 9",,,,,,,"[{""day"": 1, ""dayName"": ""星期一"", ""periods"": [""7"", ""8"", ""9""], ""raw"": ""7,8, 9""}]",限修及外加,開放大學部三到四年級選修。全英語授課。授課教室:H2-105。【文學文化類】,https://course.nuk.edu.tw/QueryCourse/tcontent.asp?OpenYear=110&Helf=2&Sclass=WL&Cono=F532,2026-08-26T18:26:40+00:00
110-2-WL-F03A-M-2-,110,2,人文社會科學院,WL,西洋語文學系,F03A,M,碩士班,2,,論文指導(I),1,必,2,2,,0,奧利華 顏淑娟,H1--103,,8,,,,,,"[{""day"": 2, ""dayName"": ""星期二"", ""periods"": [""8""], ""raw"": ""8""}]",限修及外加,,https://course.nuk.edu.tw/QueryCourse/tcontent.asp?OpenYear=110&Helf=2&Sclass=WL&Cono=F03A,2026-08-26T18:26:40+00:00
110-2-CC-C512-A-1-A,110,2,共同與通識課程,CC,核心通識,C512,A,大學部,1,A,科普讀物導讀,3,選,60,60,,0,高佑靈,C02-407,"7,8, 9",,,,,,,"[{""day"": 1, ""dayName"": ""星期一"", ""periods"": [""7"", ""8"", ""9""], ""raw"": ""7,8, 9""}]",禁止外加 限修,,https://course.nuk.edu.tw/QueryCourse/tcontent.asp?OpenYear=110&Helf=2&Sclass=CC&Cono=C512,2026-08-26T18:26:40+00:00
110-2-CC-C513-A-1-A,110,2,共同與通識課程,CC,核心通識,C513,A,大學部,1,A,科普讀物導讀,3,選,60,60,,0,洪鼎惟,B01-106,,,,"9,10, 11",,,,"[{""day"": 4, ""dayName"": ""星期四"", ""periods"": [""9"", ""10"", ""11""], ""raw"": ""9,10, 11""}]",禁止外加,,https://course.nuk.edu.tw/QueryCourse/tcontent.asp?OpenYear=110&Helf=2&Sclass=CC&Cono=C513,2026-08-26T18:26:40+00:00
110-2-CC-C514-A-1-A,110,2,共同與通識課程,CC,核心通識,C514,A,大學部,1,A,科普讀物導讀,3,選,62,62,,0,胡忠信,B01-106,,"2,3, 4",,,,,,"[{""day"": 2, ""dayName"": ""星期二"", ""periods"": [""2"", ""3"", ""4""], ""raw"": ""2,3, 4""}]",禁止外加,,https://course.nuk.edu.tw/QueryCourse/tcontent.asp?OpenYear=110&Helf=2&Sclass=CC&Cono=C514,2026-08-26T18:26:40+00:00
110-2-CC-C541-A-1-A,110,2,共同與通識課程,CC,核心通識,C541,A,大學部,1,A,科技與社會,3,選,62,62,,0,林明良,B01-106,,"5,6, 7",,,,,,"[{""day"": 2, ""dayName"": ""星期二"", ""periods"": [""5"", ""6"", ""7""], ""raw"": ""5,6, 7""}]",禁止外加,,https://course.nuk.edu.tw/QueryCourse/tcontent.asp?OpenYear=110&Helf=2&Sclass=CC&Cono=C541,2026-08-26T18:26:40+00:00
110-2-CC-C542-A-1-A,110,2,共同與通識課程,CC,核心通識,C542,A,大學部,1,A,科技與社會,3,選,61,61,,0,倪麥童,B01-107,,"5,6, 7",,,,,,"[{""day"": 2, ""dayName"": ""星期二"", ""periods"": [""5"", ""6"", ""7""], ""raw"": ""5,6, 7""}]",禁止外加,,https://course.nuk.edu.tw/QueryCourse/tcontent.asp?OpenYear=110&Helf=2&Sclass=CC&Cono=C542,2026-08-26T18:26:40+00:00
110-2-CC-C543-A-1-A,110,2,共同與通識課程,CC,核心通識,C543,A,大學部,1,A,科技與社會,3,選,60,60,,0,許藝騰,B01-105,"5,6, 7",,,,,,,"[{""day"": 1, ""dayName"": ""星期一"", ""periods"": [""5"", ""6"", ""7""], ""raw"": ""5,6, 7""}]",禁止外加,,https://course.nuk.edu.tw/QueryCourse/tcontent.asp?OpenYear=110&Helf=2&Sclass=CC&Cono=C543,2026-08-26T18:26:40+00:00
110-2-CC-C544-A-1-A,110,2,共同與通識課程,CC,核心通識,C544,A,大學部,1,A,科技與社會,3,選,61,61,,0,陳怡夫,M01-104,"5,6, 7",,,,,,,"[{""day"": 1, ""dayName"": ""星期一"", ""periods"": [""5"", ""6"", ""7""], ""raw"": ""5,6, 7""}]",禁止外加,陳怡夫老師,https://course.nuk.edu.tw/QueryCourse/tcontent.asp?OpenYear=110&Helf=2&Sclass=CC&Cono=C544,2026-08-26T18:26:40+00:00
110-2-CC-C611-A-1-A,110,2,共同與通識課程,CC,核心通識,C611,A,大學部,1,A,環境倫理,3,選,64,64,,0,林師平,B01-109,,,,"9,10, 11",,,,"[{""day"": 4, ""dayName"": ""星期四"", ""periods"": [""9"", ""10"", ""11""], ""raw"": ""9,10, 11""}]",禁止外加,修過「SCA496環境與人類行為」(自然科學類)者，請勿選修,https://course.nuk.edu.tw/QueryCourse/tcontent.asp?OpenYear=110&Helf=2&Sclass=CC&Cono=C611,2026-08-26T18:26:40+00:00
110-2-CC-C612-A-1-A,110,2,共同與通識課程,CC,核心通識,C612,A,大學部,1,A,環境倫理,3,選,60,58,,2,周孟麟,B01-103,,"2,3, 4",,,,,,"[{""day"": 2, ""dayName"": ""星期二"", ""periods"": [""2"", ""3"", ""4""], ""raw"": ""2,3, 4""}]",禁止外加,,https://course.nuk.edu.tw/QueryCourse/tcontent.asp?OpenYear=110&Helf=2&Sclass=CC&Cono=C612,2026-08-26T18:26:40+00:00
110-2-CC-C651-A-1-A,110,2,共同與通識課程,CC,核心通識,C651,A,大學部,1,A,企業倫理,3,選,60,60,,0,陳致仁,C02-107,,,,"5,6, 7",,,,"[{""day"": 4, ""dayName"": ""星期四"", ""periods"": [""5"", ""6"", ""7""], ""raw"": ""5,6, 7""}]",禁止外加,,https://course.nuk.edu.tw/QueryCourse/tcontent.asp?OpenYear=110&Helf=2&Sclass=CC&Cono=C651,2026-08-26T18:26:40+00:00
110-2-CC-C681-A-1-A,110,2,共同與通識課程,CC,核心通識,C681,A,大學部,1,A,科技與工程倫理,3,選,61,61,,0,許藝騰,B01-105,"8,9, 10",,,,,,,"[{""day"": 1, ""dayName"": ""星期一"", ""periods"": [""8"", ""9"", ""10""], ""raw"": ""8,9, 10""}]",禁止外加,"修過核心通識-倫理素養向度之「科技倫理」者請勿重覆選修,重覆選修不列入學分計算",https://course.nuk.edu.tw/QueryCourse/tcontent.asp?OpenYear=110&Helf=2&Sclass=CC&Cono=C681,2026-08-26T18:26:40+00:00
110-2-CC-C682-A-1-A,110,2,共同與通識課程,CC,核心通識,C682,A,大學部,1,A,科技與工程倫理,3,選,63,63,,0,陳怡夫,M01-208 其他教室,"2,3, 4",,,,,,,"[{""day"": 1, ""dayName"": ""星期一"", ""periods"": [""2"", ""3"", ""4""], ""raw"": ""2,3, 4""}]",禁止外加,"陳怡夫老師；修過核心通識-倫理素養向度之「科技倫理」者請勿重覆選修,重覆選修不列入學分計算",https://course.nuk.edu.tw/QueryCourse/tcontent.asp?OpenYear=110&Helf=2&Sclass=CC&Cono=C682,2026-08-26T18:26:40+00:00
110-2-CC-I111-A-1-A,110,2,共同與通識課程,CC,核心通識,I111,A,大學部,1,A,邏輯思維與論證,3,選,60,58,,2,陳今偉,B01-109,,,,"5,6, 7",,,,"[{""day"": 4, ""dayName"": ""星期四"", ""periods"": [""5"", ""6"", ""7""], ""raw"": ""5,6, 7""}]",禁止外加,,https://course.nuk.edu.tw/QueryCourse/tcontent.asp?OpenYear=110&Helf=2&Sclass=CC&Cono=I111,2026-08-26T18:26:40+00:00
110-2-CC-I112-A-1-A,110,2,共同與通識課程,CC,核心通識,I112,A,大學部,1,A,邏輯思維與論證,3,選,63,63,,0,陳維浩,M01-204,,,,,"5,6, 7",,,"[{""day"": 5, ""dayName"": ""星期五"", ""periods"": [""5"", ""6"", ""7""], ""raw"": ""5,6, 7""}]",禁止外加,,https://course.nuk.edu.tw/QueryCourse/tcontent.asp?OpenYear=110&Helf=2&Sclass=CC&Cono=I112,2026-08-26T18:26:40+00:00
110-2-CC-I113-A-1-A,110,2,共同與通識課程,CC,核心通識,I113,A,大學部,1,A,邏輯思維與論證,3,選,60,60,,0,黃頌竹,C02-103,,,,"2,3, 4",,,,"[{""day"": 4, ""dayName"": ""星期四"", ""periods"": [""2"", ""3"", ""4""], ""raw"": ""2,3, 4""}]",禁止外加,,https://course.nuk.edu.tw/QueryCourse/tcontent.asp?OpenYear=110&Helf=2&Sclass=CC&Cono=I113,2026-08-26T18:26:40+00:00
110-2-CC-I121-A-1-A,110,2,共同與通識課程,CC,核心通識,I121,A,大學部,1,A,哲學基本問題,3,選,64,63,,1,陳德興,B01-106,,,,"2,3, 4",,,,"[{""day"": 4, ""dayName"": ""星期四"", ""periods"": [""2"", ""3"", ""4""], ""raw"": ""2,3, 4""}]",禁止外加,,https://course.nuk.edu.tw/QueryCourse/tcontent.asp?OpenYear=110&Helf=2&Sclass=CC&Cono=I121,2026-08-26T18:26:40+00:00
110-2-CC-I122-A-1-A,110,2,共同與通識課程,CC,核心通識,I122,A,大學部,1,A,哲學基本問題,3,選,61,61,,0,陳德興,B01-107,,,,,"2,3, 4",,,"[{""day"": 5, ""dayName"": ""星期五"", ""periods"": [""2"", ""3"", ""4""], ""raw"": ""2,3, 4""}]",禁止外加,,https://course.nuk.edu.tw/QueryCourse/tcontent.asp?OpenYear=110&Helf=2&Sclass=CC&Cono=I122,2026-08-26T18:26:40+00:00
110-2-CC-I123-A-1-A,110,2,共同與通識課程,CC,核心通識,I123,A,大學部,1,A,哲學基本問題,3,選,60,59,,1,陳今偉,B01-109,,,,"2,3, 4",,,,"[{""day"": 4, ""dayName"": ""星期四"", ""periods"": [""2"", ""3"", ""4""], ""raw"": ""2,3, 4""}]",禁止外加,,https://course.nuk.edu.tw/QueryCourse/tcontent.asp?OpenYear=110&Helf=2&Sclass=CC&Cono=I123,2026-08-26T18:26:40+00:00
110-2-CC-I124-A-1-A,110,2,共同與通識課程,CC,核心通識,I124,A,大學部,1,A,哲學基本問題,3,選,62,62,,0,陳維浩,M01-204,,,,,"2,3, 4",,,"[{""day"": 5, ""dayName"": ""星期五"", ""periods"": [""2"", ""3"", ""4""], ""raw"": ""2,3, 4""}]",禁止外加,,https://course.nuk.edu.tw/QueryCourse/tcontent.asp?OpenYear=110&Helf=2&Sclass=CC&Cono=I124,2026-08-26T18:26:40+00:00
110-2-CC-I125-A-1-A,110,2,共同與通識課程,CC,核心通識,I125,A,大學部,1,A,哲學基本問題,3,選,61,61,,0,黃頌竹,C02-105,,,,"5,6, 7",,,,"[{""day"": 4, ""dayName"": ""星期四"", ""periods"": [""5"", ""6"", ""7""], ""raw"": ""5,6, 7""}]",禁止外加,,https://course.nuk.edu.tw/QueryCourse/tcontent.asp?OpenYear=110&Helf=2&Sclass=CC&Cono=I125,2026-08-26T18:26:40+00:00
110-2-CC-I211-A-1-A,110,2,共同與通識課程,CC,核心通識,I211,A,大學部,1,A,藝術概論,3,選,60,59,,1,林殷齊,B01-108,,,,"2,3, 4",,,,"[{""day"": 4, ""dayName"": ""星期四"", ""periods"": [""2"", ""3"", ""4""], ""raw"": ""2,3, 4""}]",禁止外加,,https://course.nuk.edu.tw/QueryCourse/tcontent.asp?OpenYear=110&Helf=2&Sclass=CC&Cono=I211,2026-08-26T18:26:40+00:00
110-2-CC-I212-A-1-A,110,2,共同與通識課程,CC,核心通識,I212,A,大學部,1,A,藝術概論,3,選,63,63,,0,陳姿菁,L01-103,,,,,"9,10, 11",,,"[{""day"": 5, ""dayName"": ""星期五"", ""periods"": [""9"", ""10"", ""11""], ""raw"": ""9,10, 11""}]",禁止外加,,https://course.nuk.edu.tw/QueryCourse/tcontent.asp?OpenYear=110&Helf=2&Sclass=CC&Cono=I212,2026-08-26T18:26:40+00:00
110-2-CC-I213-A-1-A,110,2,共同與通識課程,CC,核心通識,I213,A,大學部,1,A,藝術概論,3,選,60,51,,9,蔡佩玲,B01-108,,,,"5,6, 7",,,,"[{""day"": 4, ""dayName"": ""星期四"", ""periods"": [""5"", ""6"", ""7""], ""raw"": ""5,6, 7""}]",禁止外加,,https://course.nuk.edu.tw/QueryCourse/tcontent.asp?OpenYear=110&Helf=2&Sclass=CC&Cono=I213,2026-08-26T18:26:40+00:00
110-2-CC-I251-A-1-A,110,2,共同與通識課程,CC,核心通識,I251,A,大學部,1,A,台灣藝術史,3,選,60,60,,0,蔡佩玲,B01-108,,,,"9,10, 11",,,,"[{""day"": 4, ""dayName"": ""星期四"", ""periods"": [""9"", ""10"", ""11""], ""raw"": ""9,10, 11""}]",禁止外加,,https://course.nuk.edu.tw/QueryCourse/tcontent.asp?OpenYear=110&Helf=2&Sclass=CC&Cono=I251,2026-08-26T18:26:40+00:00
110-2-CC-I261-A-1-A,110,2,共同與通識課程,CC,核心通識,I261,A,大學部,1,A,西洋藝術史概論,3,選,61,59,,2,歐陽蒨,B01-108,,"5,6, 7",,,,,,"[{""day"": 2, ""dayName"": ""星期二"", ""periods"": [""5"", ""6"", ""7""], ""raw"": ""5,6, 7""}]",禁止外加,,https://course.nuk.edu.tw/QueryCourse/tcontent.asp?OpenYear=110&Helf=2&Sclass=CC&Cono=I261,2026-08-26T18:26:40+00:00
110-2-CC-I262-A-1-A,110,2,共同與通識課程,CC,核心通識,I262,A,大學部,1,A,西洋藝術史概論,3,選,60,60,,0,羅文秀,L01-103,"7,8, 9",,,,,,,"[{""day"": 1, ""dayName"": ""星期一"", ""periods"": [""7"", ""8"", ""9""], ""raw"": ""7,8, 9""}]",禁止外加,,https://course.nuk.edu.tw/QueryCourse/tcontent.asp?OpenYear=110&Helf=2&Sclass=CC&Cono=I262,2026-08-26T18:26:40+00:00
110-2-CC-I263-A-1-A,110,2,共同與通識課程,CC,核心通識,I263,A,大學部,1,A,西洋藝術史概論,3,選,60,57,,3,羅文秀,L01-103,,"2,3, 4",,,,,,"[{""day"": 2, ""dayName"": ""星期二"", ""periods"": [""2"", ""3"", ""4""], ""raw"": ""2,3, 4""}]",禁止外加,,https://course.nuk.edu.tw/QueryCourse/tcontent.asp?OpenYear=110&Helf=2&Sclass=CC&Cono=I263,2026-08-26T18:26:40+00:00
110-2-CC-O311-A-1-A,110,2,共同與通識課程,CC,核心通識,O311,A,大學部,1,A,法律與人生,3,選,61,60,,1,陳進郁,L02-202,,,"2,3, 4",,,,,"[{""day"": 3, ""dayName"": ""星期三"", ""periods"": [""2"", ""3"", ""4""], ""raw"": ""2,3, 4""}]",禁止外加,,https://course.nuk.edu.tw/QueryCourse/tcontent.asp?OpenYear=110&Helf=2&Sclass=CC&Cono=O311,2026-08-26T18:26:40+00:00
110-2-CC-O312-A-1-A,110,2,共同與通識課程,CC,核心通識,O312,A,大學部,1,A,法律與人生,3,選,62,62,,0,陳進郁,L02-202,,,"5,6, 7",,,,,"[{""day"": 3, ""dayName"": ""星期三"", ""periods"": [""5"", ""6"", ""7""], ""raw"": ""5,6, 7""}]",禁止外加,,https://course.nuk.edu.tw/QueryCourse/tcontent.asp?OpenYear=110&Helf=2&Sclass=CC&Cono=O312,2026-08-26T18:26:40+00:00
110-2-CC-O313-A-1-A,110,2,共同與通識課程,CC,核心通識,O313,A,大學部,1,A,法律與人生,3,選,60,60,,0,康銘,L02-201,"5,6, 7",,,,,,,"[{""day"": 1, ""dayName"": ""星期一"", ""periods"": [""5"", ""6"", ""7""], ""raw"": ""5,6, 7""}]",禁止外加,,https://course.nuk.edu.tw/QueryCourse/tcontent.asp?OpenYear=110&Helf=2&Sclass=CC&Cono=O313,2026-08-26T18:26:40+00:00
110-2-CC-O314-A-1-A,110,2,共同與通識課程,CC,核心通識,O314,A,大學部,1,A,法律與人生,3,選,60,33,,27,林富水,L02-204,,,"2,3, 4",,,,,"[{""day"": 3, ""dayName"": ""星期三"", ""periods"": [""2"", ""3"", ""4""], ""raw"": ""2,3, 4""}]",禁止外加,,https://course.nuk.edu.tw/QueryCourse/tcontent.asp?OpenYear=110&Helf=2&Sclass=CC&Cono=O314,2026-08-26T18:26:40+00:00
110-2-CC-O361-A-1-A,110,2,共同與通識課程,CC,核心通識,O361,A,大學部,1,A,媒體識讀與公民參與,3,選,60,60,,0,洪聖斐,L02-108,"2,3, 4",,,,,,,"[{""day"": 1, ""dayName"": ""星期一"", ""periods"": [""2"", ""3"", ""4""], ""raw"": ""2,3, 4""}]",禁止外加,,https://course.nuk.edu.tw/QueryCourse/tcontent.asp?OpenYear=110&Helf=2&Sclass=CC&Cono=O361,2026-08-26T18:26:40+00:00
110-2-CC-O362-A-1-A,110,2,共同與通識課程,CC,核心通識,O362,A,大學部,1,A,媒體識讀與公民參與,3,選,61,61,,0,洪聖斐,B01-108,,,,,"5,6, 7",,,"[{""day"": 5, ""dayName"": ""星期五"", ""periods"": [""5"", ""6"", ""7""], ""raw"": ""5,6, 7""}]",禁止外加,,https://course.nuk.edu.tw/QueryCourse/tcontent.asp?OpenYear=110&Helf=2&Sclass=CC&Cono=O362,2026-08-26T18:26:40+00:00
110-2-CC-O363-A-1-A,110,2,共同與通識課程,CC,核心通識,O363,A,大學部,1,A,媒體識讀與公民參與,3,選,60,55,,5,藍美雅,B01-110,,,,"2,3, 4",,,,"[{""day"": 4, ""dayName"": ""星期四"", ""periods"": [""2"", ""3"", ""4""], ""raw"": ""2,3, 4""}]",禁止外加,,https://course.nuk.edu.tw/QueryCourse/tcontent.asp?OpenYear=110&Helf=2&Sclass=CC&Cono=O363,2026-08-26T18:26:40+00:00
110-2-CC-O364-A-1-A,110,2,共同與通識課程,CC,核心通識,O364,A,大學部,1,A,媒體識讀與公民參與,3,選,60,46,,14,藍美雅,B01-110,,,,"5,6, 7",,,,"[{""day"": 4, ""dayName"": ""星期四"", ""periods"": [""5"", ""6"", ""7""], ""raw"": ""5,6, 7""}]",禁止外加,,https://course.nuk.edu.tw/QueryCourse/tcontent.asp?OpenYear=110&Helf=2&Sclass=CC&Cono=O364,2026-08-26T18:26:40+00:00
110-2-CC-O411-A-1-A,110,2,共同與通識課程,CC,核心通識,O411,A,大學部,1,A,全球化與多元文化,3,選,63,63,,0,洪聖斐 楊書濠,L02-204,"5,6, 7",,,,,,,"[{""day"": 1, ""dayName"": ""星期一"", ""periods"": [""5"", ""6"", ""7""], ""raw"": ""5,6, 7""}]",禁止外加,本課程包含18小時之線上課程，學生必須加入磨課師平台參與課程教學及討論,https://course.nuk.edu.tw/QueryCourse/tcontent.asp?OpenYear=110&Helf=2&Sclass=CC&Cono=O411,2026-08-26T18:26:40+00:00
110-2-CC-O413-A-1-A,110,2,共同與通識課程,CC,核心通識,O413,A,大學部,1,A,全球化與多元文化,3,選,63,63,,0,劉子昱,C02-108,,,,"5,6, 7",,,,"[{""day"": 4, ""dayName"": ""星期四"", ""periods"": [""5"", ""6"", ""7""], ""raw"": ""5,6, 7""}]",禁止外加,,https://course.nuk.edu.tw/QueryCourse/tcontent.asp?OpenYear=110&Helf=2&Sclass=CC&Cono=O413,2026-08-26T18:26:40+00:00
110-2-CC-O414-A-1-A,110,2,共同與通識課程,CC,核心通識,O414,A,大學部,1,A,全球化與多元文化,3,選,62,62,,0,劉子昱,C02-108,,,,"9,10, 11",,,,"[{""day"": 4, ""dayName"": ""星期四"", ""periods"": [""9"", ""10"", ""11""], ""raw"": ""9,10, 11""}]",禁止外加,,https://course.nuk.edu.tw/QueryCourse/tcontent.asp?OpenYear=110&Helf=2&Sclass=CC&Cono=O414,2026-08-26T18:26:40+00:00
110-2-CC-O423-A-1-A,110,2,共同與通識課程,CC,核心通識,O423,A,大學部,1,A,探索台灣－歷史篇,3,選,62,62,,0,楊書濠,L02-204,"2,3, 4",,,,,,,"[{""day"": 1, ""dayName"": ""星期一"", ""periods"": [""2"", ""3"", ""4""], ""raw"": ""2,3, 4""}]",禁止外加,,https://course.nuk.edu.tw/QueryCourse/tcontent.asp?OpenYear=110&Helf=2&Sclass=CC&Cono=O423,2026-08-26T18:26:40+00:00
110-2-CC-O424-A-1-A,110,2,共同與通識課程,CC,核心通識,O424,A,大學部,1,A,探索台灣－歷史篇,3,選,61,61,,0,楊書濠,L02-204,"10,11, 12",,,,,,,"[{""day"": 1, ""dayName"": ""星期一"", ""periods"": [""10"", ""11"", ""12""], ""raw"": ""10,11, 12""}]",禁止外加,,https://course.nuk.edu.tw/QueryCourse/tcontent.asp?OpenYear=110&Helf=2&Sclass=CC&Cono=O424,2026-08-26T18:26:40+00:00
110-2-CD-A081-A-1-A,110,2,共同與通識課程,CD,全民國防教育類,A081,A,大學部,1,A,全民國防教育軍事訓練課程-國防科技,0,選,83,76,,7,賴祥慶,L01-101,,"3,4",,,,,,"[{""day"": 2, ""dayName"": ""星期二"", ""periods"": [""3"", ""4""], ""raw"": ""3,4""}]",外加,,https://course.nuk.edu.tw/QueryCourse/tcontent.asp?OpenYear=110&Helf=2&Sclass=CD&Cono=A081,2026-08-26T18:26:40+00:00
110-2-CD-A082-A-1-A,110,2,共同與通識課程,CD,全民國防教育類,A082,A,大學部,1,A,全民國防教育軍事訓練課程-國防科技,0,選,94,88,,6,賴祥慶,L01-101,,"5,6",,,,,,"[{""day"": 2, ""dayName"": ""星期二"", ""periods"": [""5"", ""6""], ""raw"": ""5,6""}]",外加,,https://course.nuk.edu.tw/QueryCourse/tcontent.asp?OpenYear=110&Helf=2&Sclass=CD&Cono=A082,2026-08-26T18:26:40+00:00
110-2-GR-0102-A-1-A,110,2,共同與通識課程,GR,共同必修系列,0102,A,大學部,1,A,中文(下),2,必,60,60,,0,賴素玫,M01-206,"5,6",,,,,,,"[{""day"": 1, ""dayName"": ""星期一"", ""periods"": [""5"", ""6""], ""raw"": ""5,6""}]",禁止外加,,https://course.nuk.edu.tw/QueryCourse/tcontent.asp?OpenYear=110&Helf=2&Sclass=GR&Cono=0102,2026-08-26T18:26:40+00:00
110-2-GR-0202-A-1-A,110,2,共同與通識課程,GR,共同必修系列,0202,A,大學部,1,A,中文(下),2,必,60,60,,0,賴素玫,M01-206,"7,8",,,,,,,"[{""day"": 1, ""dayName"": ""星期一"", ""periods"": [""7"", ""8""], ""raw"": ""7,8""}]",禁止外加,,https://course.nuk.edu.tw/QueryCourse/tcontent.asp?OpenYear=110&Helf=2&Sclass=GR&Cono=0202,2026-08-26T18:26:40+00:00
110-2-GR-0302-A-1-A,110,2,共同與通識課程,GR,共同必修系列,0302,A,大學部,1,A,中文(下),2,必,60,60,,0,賴素玫,L02-107,,,"5,6",,,,,"[{""day"": 3, ""dayName"": ""星期三"", ""periods"": [""5"", ""6""], ""raw"": ""5,6""}]",禁止外加,,https://course.nuk.edu.tw/QueryCourse/tcontent.asp?OpenYear=110&Helf=2&Sclass=GR&Cono=0302,2026-08-26T18:26:40+00:00
110-2-GR-0402-A-1-A,110,2,共同與通識課程,GR,共同必修系列,0402,A,大學部,1,A,中文(下),2,必,60,60,,0,賴素玫,L02-107,,,"7,8",,,,,"[{""day"": 3, ""dayName"": ""星期三"", ""periods"": [""7"", ""8""], ""raw"": ""7,8""}]",禁止外加,,https://course.nuk.edu.tw/QueryCourse/tcontent.asp?OpenYear=110&Helf=2&Sclass=GR&Cono=0402,2026-08-26T18:26:40+00:00
110-2-GR-1102-A-1-A,110,2,共同與通識課程,GR,共同必修系列,1102,A,大學部,1,A,中文(下),2,必,60,60,,0,高美芸,L01-101,,,,"5,6",,,,"[{""day"": 4, ""dayName"": ""星期四"", ""periods"": [""5"", ""6""], ""raw"": ""5,6""}]",禁止外加,,https://course.nuk.edu.tw/QueryCourse/tcontent.asp?OpenYear=110&Helf=2&Sclass=GR&Cono=1102,2026-08-26T18:26:40+00:00
110-2-GR-2102-A-1-A,110,2,共同與通識課程,GR,共同必修系列,2102,A,大學部,1,A,中文(下),2,必,60,60,,0,林于盛,B01-107,,,"1,2",,,,,"[{""day"": 3, ""dayName"": ""星期三"", ""periods"": [""1"", ""2""], ""raw"": ""1,2""}]",禁止外加,,https://course.nuk.edu.tw/QueryCourse/tcontent.asp?OpenYear=110&Helf=2&Sclass=GR&Cono=2102,2026-08-26T18:26:40+00:00
110-2-GR-2202-A-1-A,110,2,共同與通識課程,GR,共同必修系列,2202,A,大學部,1,A,中文(下),2,必,60,60,,0,林于盛,B01-107,,,"3,4",,,,,"[{""day"": 3, ""dayName"": ""星期三"", ""periods"": [""3"", ""4""], ""raw"": ""3,4""}]",禁止外加,,https://course.nuk.edu.tw/QueryCourse/tcontent.asp?OpenYear=110&Helf=2&Sclass=GR&Cono=2202,2026-08-26T18:26:40+00:00
110-2-GR-2302-A-1-A,110,2,共同與通識課程,GR,共同必修系列,2302,A,大學部,1,A,中文(下),2,必,60,60,,0,林于盛,B01-107,,,"5,6",,,,,"[{""day"": 3, ""dayName"": ""星期三"", ""periods"": [""5"", ""6""], ""raw"": ""5,6""}]",禁止外加,,https://course.nuk.edu.tw/QueryCourse/tcontent.asp?OpenYear=110&Helf=2&Sclass=GR&Cono=2302,2026-08-26T18:26:40+00:00
110-2-GR-3102-A-1-A,110,2,共同與通識課程,GR,共同必修系列,3102,A,大學部,1,A,中文(下),2,必,60,60,,0,陳猷青,B01-107,,,,"1,2",,,,"[{""day"": 4, ""dayName"": ""星期四"", ""periods"": [""1"", ""2""], ""raw"": ""1,2""}]",禁止外加,,https://course.nuk.edu.tw/QueryCourse/tcontent.asp?OpenYear=110&Helf=2&Sclass=GR&Cono=3102,2026-08-26T18:26:40+00:00
110-2-GR-3202-A-1-A,110,2,共同與通識課程,GR,共同必修系列,3202,A,大學部,1,A,中文(下),2,必,60,60,,0,陳猷青,B01-107,,,,"3,4",,,,"[{""day"": 4, ""dayName"": ""星期四"", ""periods"": [""3"", ""4""], ""raw"": ""3,4""}]",禁止外加,,https://course.nuk.edu.tw/QueryCourse/tcontent.asp?OpenYear=110&Helf=2&Sclass=GR&Cono=3202,2026-08-26T18:26:40+00:00
110-2-GR-3302-A-1-A,110,2,共同與通識課程,GR,共同必修系列,3302,A,大學部,1,A,中文(下),2,必,60,60,,0,黃淑瑮,B01-105,,,"7,8",,,,,"[{""day"": 3, ""dayName"": ""星期三"", ""periods"": [""7"", ""8""], ""raw"": ""7,8""}]",禁止外加,,https://course.nuk.edu.tw/QueryCourse/tcontent.asp?OpenYear=110&Helf=2&Sclass=GR&Cono=3302,2026-08-26T18:26:40+00:00
110-2-GR-4102-A-1-A,110,2,共同與通識課程,GR,共同必修系列,4102,A,大學部,1,A,中文(下),2,必,60,60,,0,許正平,M01-102,,,"5,6",,,,,"[{""day"": 3, ""dayName"": ""星期三"", ""periods"": [""5"", ""6""], ""raw"": ""5,6""}]",禁止外加,,https://course.nuk.edu.tw/QueryCourse/tcontent.asp?OpenYear=110&Helf=2&Sclass=GR&Cono=4102,2026-08-26T18:26:40+00:00
110-2-GR-4202-A-1-A,110,2,共同與通識課程,GR,共同必修系列,4202,A,大學部,1,A,中文(下),2,必,60,42,,18,許正平,M01-102,,,"7,8",,,,,"[{""day"": 3, ""dayName"": ""星期三"", ""periods"": [""7"", ""8""], ""raw"": ""7,8""}]",禁止外加,,https://course.nuk.edu.tw/QueryCourse/tcontent.asp?OpenYear=110&Helf=2&Sclass=GR&Cono=4202,2026-08-26T18:26:40+00:00
110-2-GR-5102-A-1-A,110,2,共同與通識課程,GR,共同必修系列,5102,A,大學部,1,A,中文(下),2,必,60,60,,0,白崢勇,B01-106,"3,4",,,,,,,"[{""day"": 1, ""dayName"": ""星期一"", ""periods"": [""3"", ""4""], ""raw"": ""3,4""}]",禁止外加,,https://course.nuk.edu.tw/QueryCourse/tcontent.asp?OpenYear=110&Helf=2&Sclass=GR&Cono=5102,2026-08-26T18:26:40+00:00
110-2-GR-5202-A-1-A,110,2,共同與通識課程,GR,共同必修系列,5202,A,大學部,1,A,中文(下),2,必,60,60,,0,白崢勇,B01-106,,,"5,6",,,,,"[{""day"": 3, ""dayName"": ""星期三"", ""periods"": [""5"", ""6""], ""raw"": ""5,6""}]",禁止外加,,https://course.nuk.edu.tw/QueryCourse/tcontent.asp?OpenYear=110&Helf=2&Sclass=GR&Cono=5202,2026-08-26T18:26:40+00:00
110-2-GR-5302-A-1-A,110,2,共同與通識課程,GR,共同必修系列,5302,A,大學部,1,A,中文(下),2,必,60,60,,0,白崢勇,B01-106,,,"7,8",,,,,"[{""day"": 3, ""dayName"": ""星期三"", ""periods"": [""7"", ""8""], ""raw"": ""7,8""}]",禁止外加,,https://course.nuk.edu.tw/QueryCourse/tcontent.asp?OpenYear=110&Helf=2&Sclass=GR&Cono=5302,2026-08-26T18:26:40+00:00
110-2-GR-6102-A-1-A,110,2,共同與通識課程,GR,共同必修系列,6102,A,大學部,1,A,中文(下),2,必,60,35,,25,蔡文彥,B01-109,,,"1,2",,,,,"[{""day"": 3, ""dayName"": ""星期三"", ""periods"": [""1"", ""2""], ""raw"": ""1,2""}]",禁止外加,,https://course.nuk.edu.tw/QueryCourse/tcontent.asp?OpenYear=110&Helf=2&Sclass=GR&Cono=6102,2026-08-26T18:26:40+00:00
110-2-GR-6302-A-1-A,110,2,共同與通識課程,GR,共同必修系列,6302,A,大學部,1,A,中文(下),2,必,60,60,,0,蔡文彥,B01-103,,,"7,8",,,,,"[{""day"": 3, ""dayName"": ""星期三"", ""periods"": [""7"", ""8""], ""raw"": ""7,8""}]",禁止外加,,https://course.nuk.edu.tw/QueryCourse/tcontent.asp?OpenYear=110&Helf=2&Sclass=GR&Cono=6302,2026-08-26T18:26:40+00:00
110-2-GR-7102-A-1-A,110,2,共同與通識課程,GR,共同必修系列,7102,A,大學部,1,A,中文(下),2,必,60,60,,0,趙翊彤,B01-107,"5,6",,,,,,,"[{""day"": 1, ""dayName"": ""星期一"", ""periods"": [""5"", ""6""], ""raw"": ""5,6""}]",禁止外加,,https://course.nuk.edu.tw/QueryCourse/tcontent.asp?OpenYear=110&Helf=2&Sclass=GR&Cono=7102,2026-08-26T18:26:40+00:00
110-2-GR-7202-A-1-A,110,2,共同與通識課程,GR,共同必修系列,7202,A,大學部,1,A,中文(下),2,必,60,60,,0,趙翊彤,B01-107,"7,8",,,,,,,"[{""day"": 1, ""dayName"": ""星期一"", ""periods"": [""7"", ""8""], ""raw"": ""7,8""}]",禁止外加,,https://course.nuk.edu.tw/QueryCourse/tcontent.asp?OpenYear=110&Helf=2&Sclass=GR&Cono=7202,2026-08-26T18:26:40+00:00
110-2-GR-8102-A-1-A,110,2,共同與通識課程,GR,共同必修系列,8102,A,大學部,1,A,中文(下)-外僑組,2,必,40,40,,0,黃文娟,M01-105,"7,8",,,,,,,"[{""day"": 1, ""dayName"": ""星期一"", ""periods"": [""7"", ""8""], ""raw"": ""7,8""}]",外加,"選修此班需經教師認定核可;欲選修此班級之學生請於開學第一週至上課教室受測驗後,再由教師指定加選。",https://course.nuk.edu.tw/QueryCourse/tcontent.asp?OpenYear=110&Helf=2&Sclass=GR&Cono=8102,2026-08-26T18:26:40+00:00
110-2-GR-A0AA-A-1-A,110,2,共同與通識課程,GR,共同必修系列,A0AA,A,大學部,1,A,英語會話與閱讀(下)：高階班,2,必,55,51,,4,王嵩嵐,H1--103,"5,6",,,,,,,"[{""day"": 1, ""dayName"": ""星期一"", ""periods"": [""5"", ""6""], ""raw"": ""5,6""}]",禁止外加 限修,"1.依學生英文能力分級,本學期起不再匯入系統 2.請同學於選課期間內依分級自行上網選課",https://course.nuk.edu.tw/QueryCourse/tcontent.asp?OpenYear=110&Helf=2&Sclass=GR&Cono=A0AA,2026-08-26T18:26:40+00:00
110-2-GR-A0AB-A-1-A,110,2,共同與通識課程,GR,共同必修系列,A0AB,A,大學部,1,A,英語會話與閱讀(下)：高階班,2,必,55,55,,0,陳麗青,H1--102,,,"5,6",,,,,"[{""day"": 3, ""dayName"": ""星期三"", ""periods"": [""5"", ""6""], ""raw"": ""5,6""}]",禁止外加 限修,"1.依學生英文能力分級,本學期起不再匯入系統 2.請同學於選課期間內依分級自行上網選課",https://course.nuk.edu.tw/QueryCourse/tcontent.asp?OpenYear=110&Helf=2&Sclass=GR&Cono=A0AB,2026-08-26T18:26:40+00:00
110-2-GR-A0AC-A-1-A,110,2,共同與通識課程,GR,共同必修系列,A0AC,A,大學部,1,A,英語會話與閱讀(下)：高階班,2,必,55,55,,0,歐素雯,B01-109,,,"5,6",,,,,"[{""day"": 3, ""dayName"": ""星期三"", ""periods"": [""5"", ""6""], ""raw"": ""5,6""}]",禁止外加 限修,"1.依學生英文能力分級,本學期起不再匯入系統 2.請同學於選課期間內依分級自行上網選課",https://course.nuk.edu.tw/QueryCourse/tcontent.asp?OpenYear=110&Helf=2&Sclass=GR&Cono=A0AC,2026-08-26T18:26:40+00:00
110-2-GR-A0AD-A-1-A,110,2,共同與通識課程,GR,共同必修系列,A0AD,A,大學部,1,A,英語會話與閱讀(下)：高階班,2,必,55,36,,19,歐素雯,B01-109,,,"7,8",,,,,"[{""day"": 3, ""dayName"": ""星期三"", ""periods"": [""7"", ""8""], ""raw"": ""7,8""}]",禁止外加 限修,"1.依學生英文能力分級,本學期起不再匯入系統 2.請同學於選課期間內依分級自行上網選課",https://course.nuk.edu.tw/QueryCourse/tcontent.asp?OpenYear=110&Helf=2&Sclass=GR&Cono=A0AD,2026-08-26T18:26:40+00:00
110-2-GR-A0BA-A-1-A,110,2,共同與通識課程,GR,共同必修系列,A0BA,A,大學部,1,A,英語會話與閱讀(下)：中階班,2,必,50,50,,0,王靜嫻,B01-109,"5,6",,,,,,,"[{""day"": 1, ""dayName"": ""星期一"", ""periods"": [""5"", ""6""], ""raw"": ""5,6""}]",禁止外加 限修,"1.依學生英文能力分級,本學期起不再匯入系統 2.請同學於選課期間內依分級自行上網選課",https://course.nuk.edu.tw/QueryCourse/tcontent.asp?OpenYear=110&Helf=2&Sclass=GR&Cono=A0BA,2026-08-26T18:26:40+00:00
110-2-GR-A0BB-A-1-A,110,2,共同與通識課程,GR,共同必修系列,A0BB,A,大學部,1,A,英語會話與閱讀(下)：中階班,2,必,50,23,,27,蔡奎如,M01-205,"7,8",,,,,,,"[{""day"": 1, ""dayName"": ""星期一"", ""periods"": [""7"", ""8""], ""raw"": ""7,8""}]",禁止外加 限修,"1.依學生英文能力分級,本學期起不再匯入系統 2.請同學於選課期間內依分級自行上網選課",https://course.nuk.edu.tw/QueryCourse/tcontent.asp?OpenYear=110&Helf=2&Sclass=GR&Cono=A0BB,2026-08-26T18:26:40+00:00
110-2-GR-A0BC-A-1-A,110,2,共同與通識課程,GR,共同必修系列,A0BC,A,大學部,1,A,英語會話與閱讀(下)：中階班,2,必,50,49,,1,蔡奎如,M01-103,,,"5,6",,,,,"[{""day"": 3, ""dayName"": ""星期三"", ""periods"": [""5"", ""6""], ""raw"": ""5,6""}]",禁止外加 限修,"1.依學生英文能力分級,本學期起不再匯入系統 2.請同學於選課期間內依分級自行上網選課",https://course.nuk.edu.tw/QueryCourse/tcontent.asp?OpenYear=110&Helf=2&Sclass=GR&Cono=A0BC,2026-08-26T18:26:40+00:00
110-2-GR-A0BD-A-1-A,110,2,共同與通識課程,GR,共同必修系列,A0BD,A,大學部,1,A,英語會話與閱讀(下)：中階班,2,必,50,45,,5,蔡奎如,M01-103,,,"7,8",,,,,"[{""day"": 3, ""dayName"": ""星期三"", ""periods"": [""7"", ""8""], ""raw"": ""7,8""}]",禁止外加 限修,"1.依學生英文能力分級,本學期起不再匯入系統 2.請同學於選課期間內依分級自行上網選課",https://course.nuk.edu.tw/QueryCourse/tcontent.asp?OpenYear=110&Helf=2&Sclass=GR&Cono=A0BD,2026-08-26T18:26:40+00:00
110-2-GR-A0BE-A-1-A,110,2,共同與通識課程,GR,共同必修系列,A0BE,A,大學部,1,A,英語會話與閱讀(下)：中階班,2,必,50,50,,0,許建華,B01-110,"5,6",,,,,,,"[{""day"": 1, ""dayName"": ""星期一"", ""periods"": [""5"", ""6""], ""raw"": ""5,6""}]",禁止外加 限修,"1.依學生英文能力分級,本學期起不再匯入系統 2.請同學於選課期間內依分級自行上網選課",https://course.nuk.edu.tw/QueryCourse/tcontent.asp?OpenYear=110&Helf=2&Sclass=GR&Cono=A0BE,2026-08-26T18:26:40+00:00
110-2-GR-A0BF-A-1-A,110,2,共同與通識課程,GR,共同必修系列,A0BF,A,大學部,1,A,英語會話與閱讀(下)：中階班,2,必,50,50,,0,許建華,B01-110,"7,8",,,,,,,"[{""day"": 1, ""dayName"": ""星期一"", ""periods"": [""7"", ""8""], ""raw"": ""7,8""}]",禁止外加 限修,"1.依學生英文能力分級,本學期起不再匯入系統 2.請同學於選課期間內依分級自行上網選課",https://course.nuk.edu.tw/QueryCourse/tcontent.asp?OpenYear=110&Helf=2&Sclass=GR&Cono=A0BF,2026-08-26T18:26:40+00:00
110-2-GR-A0BG-A-1-A,110,2,共同與通識課程,GR,共同必修系列,A0BG,A,大學部,1,A,英語會話與閱讀(下)：中階班,2,必,50,50,,0,陳信智,B01-110,,,"5,6",,,,,"[{""day"": 3, ""dayName"": ""星期三"", ""periods"": [""5"", ""6""], ""raw"": ""5,6""}]",禁止外加 限修,"1.依學生英文能力分級,本學期起不再匯入系統 2.請同學於選課期間內依分級自行上網選課",https://course.nuk.edu.tw/QueryCourse/tcontent.asp?OpenYear=110&Helf=2&Sclass=GR&Cono=A0BG,2026-08-26T18:26:40+00:00
110-2-GR-A0BH-A-1-A,110,2,共同與通識課程,GR,共同必修系列,A0BH,A,大學部,1,A,英語會話與閱讀(下)：中階班,2,必,50,50,,0,陳信智,B01-110,,,"7,8",,,,,"[{""day"": 3, ""dayName"": ""星期三"", ""periods"": [""7"", ""8""], ""raw"": ""7,8""}]",禁止外加 限修,"1.依學生英文能力分級,本學期起不再匯入系統 2.請同學於選課期間內依分級自行上網選課",https://course.nuk.edu.tw/QueryCourse/tcontent.asp?OpenYear=110&Helf=2&Sclass=GR&Cono=A0BH,2026-08-26T18:26:40+00:00
110-2-GR-A114-A-1-A,110,2,共同與通識課程,GR,共同必修系列,A114,A,大學部,1,A,服務學習培養(西洋語文學系B),0,必,30,30,,0,賴祥慶,,,X,,,,,,"[{""day"": 2, ""dayName"": ""星期二"", ""periods"": [""X""], ""raw"": ""X""}]",,請於開學一週內上班時間0900~1630時至該服務單位報到即可‧,https://course.nuk.edu.tw/QueryCourse/tcontent.asp?OpenYear=110&Helf=2&Sclass=GR&Cono=A114,2026-08-26T18:26:40+00:00
110-2-GR-A124-A-1-A,110,2,共同與通識課程,GR,共同必修系列,A124,A,大學部,1,A,服務學習培養(運動健康與休閒學系B),0,必,20,20,,0,賴祥慶,,,X,,,,,,"[{""day"": 2, ""dayName"": ""星期二"", ""periods"": [""X""], ""raw"": ""X""}]",限修,限運動健康與休閒學系學生並請於開學一週內上班時間0900~1630時至該服務單位報到即可‧,https://course.nuk.edu.tw/QueryCourse/tcontent.asp?OpenYear=110&Helf=2&Sclass=GR&Cono=A124,2026-08-26T18:26:40+00:00
110-2-GR-A13D-A-1-A,110,2,共同與通識課程,GR,共同必修系列,A13D,A,大學部,1,A,體育(二)-藝創系,0,必,60,58,,2,宋洪經,,,,,,"3,4",,,"[{""day"": 5, ""dayName"": ""星期五"", ""periods"": [""3"", ""4""], ""raw"": ""3,4""}]",禁止外加 限修,木球場/大三、四重補修學生請於第三階段直接上網選課，不用再到通識中心加簽。注意:上、下學期選項重覆選修不算學分。,https://course.nuk.edu.tw/QueryCourse/tcontent.asp?OpenYear=110&Helf=2&Sclass=GR&Cono=A13D,2026-08-26T18:26:40+00:00
110-2-GR-A14D-A-1-A,110,2,共同與通識課程,GR,共同必修系列,A14D,A,大學部,1,A,體育(二)-建築系,0,必,60,39,,21,黃郁玲,,,,"3,4",,,,,"[{""day"": 3, ""dayName"": ""星期三"", ""periods"": [""3"", ""4""], ""raw"": ""3,4""}]",禁止外加 限修,羽球場/大三、四重補修學生請於第三階段直接上網選課，不用再到通識中心加簽。注意:上、下學期選項重覆選修不算學分。,https://course.nuk.edu.tw/QueryCourse/tcontent.asp?OpenYear=110&Helf=2&Sclass=GR&Cono=A14D,2026-08-26T18:26:40+00:00
110-2-GR-A166-A-1-A,110,2,共同與通識課程,GR,共同必修系列,A166,A,大學部,1,A,服務學習培養(工藝與創意設計學系B),0,必,40,36,,4,賴祥慶,,X,,,,,,,"[{""day"": 1, ""dayName"": ""星期一"", ""periods"": [""X""], ""raw"": ""X""}]",,工藝與創意設計學系學生優先並請於開學一週內上班時間0900~1630時至該服務單位報到即可,https://course.nuk.edu.tw/QueryCourse/tcontent.asp?OpenYear=110&Helf=2&Sclass=GR&Cono=A166,2026-08-26T18:26:40+00:00
110-2-GR-A174-A-1-A,110,2,共同與通識課程,GR,共同必修系列,A174,A,大學部,1,A,服務學習培養(東亞語文學系B),0,必,30,23,,7,賴祥慶,,X,,,,,,,"[{""day"": 1, ""dayName"": ""星期一"", ""periods"": [""X""], ""raw"": ""X""}]",,請於開學一週內上班時間0900~1630時至該服務單位報到即可‧,https://course.nuk.edu.tw/QueryCourse/tcontent.asp?OpenYear=110&Helf=2&Sclass=GR&Cono=A174,2026-08-26T18:26:40+00:00
110-2-GR-A184-A-1-A,110,2,共同與通識課程,GR,共同必修系列,A184,A,大學部,1,A,服務學習培養(運動競技學系B),0,必,30,22,,8,賴祥慶,,X,,,,,,,"[{""day"": 1, ""dayName"": ""星期一"", ""periods"": [""X""], ""raw"": ""X""}]",,請於開學一週內上班時間0900~1630時至該服務單位報到即可‧,https://course.nuk.edu.tw/QueryCourse/tcontent.asp?OpenYear=110&Helf=2&Sclass=GR&Cono=A184,2026-08-26T18:26:40+00:00
110-2-GR-A1CA-A-1-A,110,2,共同與通識課程,GR,共同必修系列,A1CA,A,大學部,1,A,英語會話與閱讀(下)：初階班,2,必,55,55,,0,楊淑華,B01-108,"5,6",,,,,,,"[{""day"": 1, ""dayName"": ""星期一"", ""periods"": [""5"", ""6""], ""raw"": ""5,6""}]",禁止外加 限修,"1.依學生英文能力分級,本學期起不再匯入系統 2.請同學於選課期間內依分級自行上網選課",https://course.nuk.edu.tw/QueryCourse/tcontent.asp?OpenYear=110&Helf=2&Sclass=GR&Cono=A1CA,2026-08-26T18:26:40+00:00
110-2-GR-A1CB-A-1-A,110,2,共同與通識課程,GR,共同必修系列,A1CB,A,大學部,1,A,英語會話與閱讀(下)：初階班,2,必,55,55,,0,楊淑華,B01-108,"7,8",,,,,,,"[{""day"": 1, ""dayName"": ""星期一"", ""periods"": [""7"", ""8""], ""raw"": ""7,8""}]",禁止外加 限修,"1.依學生英文能力分級,本學期起不再匯入系統 2.請同學於選課期間內依分級自行上網選課",https://course.nuk.edu.tw/QueryCourse/tcontent.asp?OpenYear=110&Helf=2&Sclass=GR&Cono=A1CB,2026-08-26T18:26:40+00:00
110-2-GR-A1CC-A-1-A,110,2,共同與通識課程,GR,共同必修系列,A1CC,A,大學部,1,A,英語會話與閱讀(下)：初階班,2,必,55,55,,0,唐淑芳,B01-108,,,"5,6",,,,,"[{""day"": 3, ""dayName"": ""星期三"", ""periods"": [""5"", ""6""], ""raw"": ""5,6""}]",禁止外加 限修,"1.依學生英文能力分級,本學期起不再匯入系統 2.請同學於選課期間內依分級自行上網選課",https://course.nuk.edu.tw/QueryCourse/tcontent.asp?OpenYear=110&Helf=2&Sclass=GR&Cono=A1CC,2026-08-26T18:26:40+00:00
110-2-GR-A1CD-A-1-A,110,2,共同與通識課程,GR,共同必修系列,A1CD,A,大學部,1,A,英語會話與閱讀(下)：初階班,2,必,55,55,,0,唐淑芳,B01-108,,,"7,8",,,,,"[{""day"": 3, ""dayName"": ""星期三"", ""periods"": [""7"", ""8""], ""raw"": ""7,8""}]",禁止外加 限修,"1.依學生英文能力分級,本學期起不再匯入系統 2.請同學於選課期間內依分級自行上網選課",https://course.nuk.edu.tw/QueryCourse/tcontent.asp?OpenYear=110&Helf=2&Sclass=GR&Cono=A1CD,2026-08-26T18:26:40+00:00
110-2-GR-A1CE-A-1-A,110,2,共同與通識課程,GR,共同必修系列,A1CE,A,大學部,1,A,英語會話與閱讀(下)：初階班,2,必,55,54,,1,曾雅惠,B01-104,"5,6",,,,,,,"[{""day"": 1, ""dayName"": ""星期一"", ""periods"": [""5"", ""6""], ""raw"": ""5,6""}]",禁止外加 限修,"1.依學生英文能力分級,本學期起不再匯入系統 2.請同學於選課期間內依分級自行上網選課",https://course.nuk.edu.tw/QueryCourse/tcontent.asp?OpenYear=110&Helf=2&Sclass=GR&Cono=A1CE,2026-08-26T18:26:40+00:00
110-2-GR-A1CF-A-1-A,110,2,共同與通識課程,GR,共同必修系列,A1CF,A,大學部,1,A,英語會話與閱讀(下)：初階班,2,必,55,51,,4,曾雅惠,B01-104,"7,8",,,,,,,"[{""day"": 1, ""dayName"": ""星期一"", ""periods"": [""7"", ""8""], ""raw"": ""7,8""}]",禁止外加 限修,"1.依學生英文能力分級,本學期起不再匯入系統 2.請同學於選課期間內依分級自行上網選課",https://course.nuk.edu.tw/QueryCourse/tcontent.asp?OpenYear=110&Helf=2&Sclass=GR&Cono=A1CF,2026-08-26T18:26:40+00:00
110-2-GR-A1CG-A-1-A,110,2,共同與通識課程,GR,共同必修系列,A1CG,A,大學部,1,A,英語會話與閱讀(下)：初階班,2,必,55,55,,0,顏正裕,B01-103,"5,6",,,,,,,"[{""day"": 1, ""dayName"": ""星期一"", ""periods"": [""5"", ""6""], ""raw"": ""5,6""}]",禁止外加 限修,"1.依學生英文能力分級,本學期起不再匯入系統 2.請同學於選課期間內依分級自行上網選課",https://course.nuk.edu.tw/QueryCourse/tcontent.asp?OpenYear=110&Helf=2&Sclass=GR&Cono=A1CG,2026-08-26T18:26:40+00:00
110-2-GR-A1CH-A-1-A,110,2,共同與通識課程,GR,共同必修系列,A1CH,A,大學部,1,A,英語會話與閱讀(下)：初階班,2,必,55,55,,0,顏正裕,B01-103,"7,8",,,,,,,"[{""day"": 1, ""dayName"": ""星期一"", ""periods"": [""7"", ""8""], ""raw"": ""7,8""}]",禁止外加 限修,"1.依學生英文能力分級,本學期起不再匯入系統 2.請同學於選課期間內依分級自行上網選課",https://course.nuk.edu.tw/QueryCourse/tcontent.asp?OpenYear=110&Helf=2&Sclass=GR&Cono=A1CH,2026-08-26T18:26:40+00:00
110-2-GR-A1CI-A-1-A,110,2,共同與通識課程,GR,共同必修系列,A1CI,A,大學部,1,A,英語會話與閱讀(下)：初階班,2,必,55,55,,0,翁嵐瑜,B01-104,,,"5,6",,,,,"[{""day"": 3, ""dayName"": ""星期三"", ""periods"": [""5"", ""6""], ""raw"": ""5,6""}]",禁止外加 限修,"1.依學生英文能力分級,本學期起不再匯入系統 2.請同學於選課期間內依分級自行上網選課",https://course.nuk.edu.tw/QueryCourse/tcontent.asp?OpenYear=110&Helf=2&Sclass=GR&Cono=A1CI,2026-08-26T18:26:40+00:00
110-2-GR-A1CJ-A-1-A,110,2,共同與通識課程,GR,共同必修系列,A1CJ,A,大學部,1,A,英語會話與閱讀(下)：初階班,2,必,55,42,,13,邱玉萍,B01-107,,,"9,10",,,,,"[{""day"": 3, ""dayName"": ""星期三"", ""periods"": [""9"", ""10""], ""raw"": ""9,10""}]",禁止外加 限修,"限運競系選修 1.依學生英文能力分級,本學期起不再匯入系統 2.請同學於選課期間內依分級自行上網選課",https://course.nuk.edu.tw/QueryCourse/tcontent.asp?OpenYear=110&Helf=2&Sclass=GR&Cono=A1CJ,2026-08-26T18:26:40+00:00
110-2-GR-A214-A-1-A,110,2,共同與通識課程,GR,共同必修系列,A214,A,大學部,1,A,服務學習培養(法律學系B),0,必,30,30,,0,賴祥慶,,X,,,,,,,"[{""day"": 1, ""dayName"": ""星期一"", ""periods"": [""X""], ""raw"": ""X""}]",,請於開學一週內上班時間0900~1630時至該服務單位報到即可‧,https://course.nuk.edu.tw/QueryCourse/tcontent.asp?OpenYear=110&Helf=2&Sclass=GR&Cono=A214,2026-08-26T18:26:40+00:00
110-2-GR-A224-A-1-A,110,2,共同與通識課程,GR,共同必修系列,A224,A,大學部,1,A,服務學習培養(政治法律學系B),0,必,25,25,,0,賴祥慶,,X,,,,,,,"[{""day"": 1, ""dayName"": ""星期一"", ""periods"": [""X""], ""raw"": ""X""}]",,請於開學一週內上班時間0900~1630時至該服務單位報到即可‧,https://course.nuk.edu.tw/QueryCourse/tcontent.asp?OpenYear=110&Helf=2&Sclass=GR&Cono=A224,2026-08-26T18:26:40+00:00
110-2-GR-A234-A-1-A,110,2,共同與通識課程,GR,共同必修系列,A234,A,大學部,1,A,服務學習培養(財經法律學系B),0,必,20,17,,3,賴祥慶,,X,,,,,,,"[{""day"": 1, ""dayName"": ""星期一"", ""periods"": [""X""], ""raw"": ""X""}]",,請於開學一週內上班時間0900~1630時至該服務單位報到即可‧,https://course.nuk.edu.tw/QueryCourse/tcontent.asp?OpenYear=110&Helf=2&Sclass=GR&Cono=A234,2026-08-26T18:26:40+00:00
110-2-GR-A314-A-1-A,110,2,共同與通識課程,GR,共同必修系列,A314,A,大學部,1,A,服務學習培養(應用經濟學系B),0,必,20,19,,1,賴祥慶,,X,,,,,,,"[{""day"": 1, ""dayName"": ""星期一"", ""periods"": [""X""], ""raw"": ""X""}]",限修,限應用經濟學系並請於開學一週內上班時間0900~1630時至該服務單位報到即可‧,https://course.nuk.edu.tw/QueryCourse/tcontent.asp?OpenYear=110&Helf=2&Sclass=GR&Cono=A314,2026-08-26T18:26:40+00:00
110-2-GR-A324-A-1-A,110,2,共同與通識課程,GR,共同必修系列,A324,A,大學部,1,A,服務學習培養(金融管理學系B),0,必,15,8,,7,賴祥慶,,X,,,,,,,"[{""day"": 1, ""dayName"": ""星期一"", ""periods"": [""X""], ""raw"": ""X""}]",限修,選課對象限制:限本系。請於開學第一週之週三前至本系臉書社團「高大金管系」http://www.facebook.com/groups/nukfin/ 查看課程說明時間(必到)。,https://course.nuk.edu.tw/QueryCourse/tcontent.asp?OpenYear=110&Helf=2&Sclass=GR&Cono=A324,2026-08-26T18:26:40+00:00
110-2-GR-A334-A-1-A,110,2,共同與通識課程,GR,共同必修系列,A334,A,大學部,1,A,服務學習培養(資訊管理學系B),0,必,15,14,,1,賴祥慶,,X,,,,,,,"[{""day"": 1, ""dayName"": ""星期一"", ""periods"": [""X""], ""raw"": ""X""}]",限修,限資訊管理學系學生並請於開學一週內上班時間0900~1630時至該服務單位報到即可‧,https://course.nuk.edu.tw/QueryCourse/tcontent.asp?OpenYear=110&Helf=2&Sclass=GR&Cono=A334,2026-08-26T18:26:40+00:00
110-2-GR-A414-A-1-A,110,2,共同與通識課程,GR,共同必修系列,A414,A,大學部,1,A,服務學習培養(應用數學系B),0,必,19,19,,0,賴祥慶,,X,,,,,,,"[{""day"": 1, ""dayName"": ""星期一"", ""periods"": [""X""], ""raw"": ""X""}]",,請於開學一週內上班時間0900~1630時至該服務單位報到即可‧,https://course.nuk.edu.tw/QueryCourse/tcontent.asp?OpenYear=110&Helf=2&Sclass=GR&Cono=A414,2026-08-26T18:26:40+00:00
110-2-GR-A424-A-1-A,110,2,共同與通識課程,GR,共同必修系列,A424,A,大學部,1,A,服務學習培養(應用化學系B),0,必,10,10,,0,賴祥慶,,X,,,,,,,"[{""day"": 1, ""dayName"": ""星期一"", ""periods"": [""X""], ""raw"": ""X""}]",限修,限應化系並請於開學一週內上班時間0900~1630時至該服務單位報到即可‧,https://course.nuk.edu.tw/QueryCourse/tcontent.asp?OpenYear=110&Helf=2&Sclass=GR&Cono=A424,2026-08-26T18:26:40+00:00
110-2-GR-A434-A-1-A,110,2,共同與通識課程,GR,共同必修系列,A434,A,大學部,1,A,服務學習培養(應用物理學系B),0,必,10,10,,0,賴祥慶,,X,,,,,,,"[{""day"": 1, ""dayName"": ""星期一"", ""periods"": [""X""], ""raw"": ""X""}]",限修,限應用物理系學生並請於開學一週內上班時間0900~1630時至該服務單位報到即可‧,https://course.nuk.edu.tw/QueryCourse/tcontent.asp?OpenYear=110&Helf=2&Sclass=GR&Cono=A434,2026-08-26T18:26:40+00:00
110-2-GR-A524-A-1-A,110,2,共同與通識課程,GR,共同必修系列,A524,A,大學部,1,A,服務學習培養(土木與環境工程學系B),0,必,10,10,,0,賴祥慶,,X,,,,,,,"[{""day"": 1, ""dayName"": ""星期一"", ""periods"": [""X""], ""raw"": ""X""}]",限修,限土環系學生並請於開學一週內上班時間0900~1630時至該服務單位報到即可‧,https://course.nuk.edu.tw/QueryCourse/tcontent.asp?OpenYear=110&Helf=2&Sclass=GR&Cono=A524,2026-08-26T18:26:40+00:00
110-2-GR-A554-A-1-A,110,2,共同與通識課程,GR,共同必修系列,A554,A,大學部,1,A,服務學習培養(資訊工程學系B),0,必,30,30,,0,賴祥慶,,X,,,,,,,"[{""day"": 1, ""dayName"": ""星期一"", ""periods"": [""X""], ""raw"": ""X""}]",限修,限資工系同學並請於開學一週內上班時間0900~1630時至該服務單位報到即可‧,https://course.nuk.edu.tw/QueryCourse/tcontent.asp?OpenYear=110&Helf=2&Sclass=GR&Cono=A554,2026-08-26T18:26:40+00:00
110-2-GR-A564-A-1-A,110,2,共同與通識課程,GR,共同必修系列,A564,A,大學部,1,A,服務學習培養(化學工程及材料工程學系B),0,必,20,19,,1,賴祥慶,,X,,,,,,,"[{""day"": 1, ""dayName"": ""星期一"", ""periods"": [""X""], ""raw"": ""X""}]",限修,限化材系學生並請於開學一週內上班時間0900~1630時至該服務單位報到即可‧,https://course.nuk.edu.tw/QueryCourse/tcontent.asp?OpenYear=110&Helf=2&Sclass=GR&Cono=A564,2026-08-26T18:26:40+00:00
110-2-GR-A614-A-1-A,110,2,共同與通識課程,GR,共同必修系列,A614,A,大學部,1,A,服務學習培養(生命科學系B),0,必,15,15,,0,賴祥慶,,X,,,,,,,"[{""day"": 1, ""dayName"": ""星期一"", ""periods"": [""X""], ""raw"": ""X""}]",,請於開學一週內上班時間0900~1630時至該服務單位報到即可‧,https://course.nuk.edu.tw/QueryCourse/tcontent.asp?OpenYear=110&Helf=2&Sclass=GR&Cono=A614,2026-08-26T18:26:40+00:00
110-2-GR-A714-A-1-A,110,2,共同與通識課程,GR,共同必修系列,A714,A,大學部,1,A,服務學習培養(亞太工商管理學系B),0,必,20,19,,1,賴祥慶,,X,,,,,,,"[{""day"": 1, ""dayName"": ""星期一"", ""periods"": [""X""], ""raw"": ""X""}]",限修,限亞太工商管理學系並請於開學一週內上班時間0900~1630時至該服務單位報到即可‧,https://course.nuk.edu.tw/QueryCourse/tcontent.asp?OpenYear=110&Helf=2&Sclass=GR&Cono=A714,2026-08-26T18:26:40+00:00
110-2-GR-A812-A-1-A,110,2,共同與通識課程,GR,共同必修系列,A812,A,大學部,1,A,服務學習培養(EMBA中心B),0,必,6,6,,0,賴祥慶,,X,,,,,,,"[{""day"": 1, ""dayName"": ""星期一"", ""periods"": [""X""], ""raw"": ""X""}]",,請於開學一週內上班時間9:00-16:30至該服務單位報到。,https://course.nuk.edu.tw/QueryCourse/tcontent.asp?OpenYear=110&Helf=2&Sclass=GR&Cono=A812,2026-08-26T18:26:40+00:00
110-2-GR-A99B-A-1-A,110,2,共同與通識課程,GR,共同必修系列,A99B,A,大學部,1,A,適應體育,0,必,30,10,,20,蔡明書,,,"9,10",,,,,,"[{""day"": 2, ""dayName"": ""星期二"", ""periods"": [""9"", ""10""], ""raw"": ""9,10""}]",外加,上課地點:體適能教室。凡是不能參與一般體育課之大一、二學生，其身心狀況不適者，得經公立醫療院所診斷後並開立證明(90天內之證明)交給老師指定加選,https://course.nuk.edu.tw/QueryCourse/tcontent.asp?OpenYear=110&Helf=2&Sclass=GR&Cono=A99B,2026-08-26T18:26:40+00:00
110-2-GR-F104-A-1-A,110,2,共同與通識課程,GR,共同必修系列,F104,A,大學部,1,A,服務學習培養(秘書室B),0,必,7,7,,0,賴祥慶,,X,,,,,,,"[{""day"": 1, ""dayName"": ""星期一"", ""periods"": [""X""], ""raw"": ""X""}]",,請於開學一週內上班時間0900~1630時至該服務單位報到即可‧,https://course.nuk.edu.tw/QueryCourse/tcontent.asp?OpenYear=110&Helf=2&Sclass=GR&Cono=F104,2026-08-26T18:26:40+00:00
110-2-GR-F106-A-1-A,110,2,共同與通識課程,GR,共同必修系列,F106,A,大學部,1,A,服務學習培養(副校長室B),0,必,3,3,,0,賴祥慶,,X,,,,,,,"[{""day"": 1, ""dayName"": ""星期一"", ""periods"": [""X""], ""raw"": ""X""}]",,請於開學一週內上班時間0900~1630時至該服務單位報到即可‧限大一~大三學生選課,https://course.nuk.edu.tw/QueryCourse/tcontent.asp?OpenYear=110&Helf=2&Sclass=GR&Cono=F106,2026-08-26T18:26:40+00:00
110-2-GR-F108-A-1-A,110,2,共同與通識課程,GR,共同必修系列,F108,A,大學部,1,A,服務學習培養(創新學院 B),0,必,5,5,,0,賴祥慶,,X,,,,,,,"[{""day"": 1, ""dayName"": ""星期一"", ""periods"": [""X""], ""raw"": ""X""}]",,請於開學一週內上班時間0900~1630時至該服務單位報到即可‧(行政大樓二樓 教學發展中心）,https://course.nuk.edu.tw/QueryCourse/tcontent.asp?OpenYear=110&Helf=2&Sclass=GR&Cono=F108,2026-08-26T18:26:40+00:00
110-2-GR-F10D-A-1-A,110,2,共同與通識課程,GR,共同必修系列,F10D,A,大學部,1,A,服務學習培養(秘書室公共事務組 B),0,必,5,5,,0,賴祥慶,,X,,,,,,,"[{""day"": 1, ""dayName"": ""星期一"", ""periods"": [""X""], ""raw"": ""X""}]",,請於開學一週內上班時間0900~1630時至該服務單位報到即可‧,https://course.nuk.edu.tw/QueryCourse/tcontent.asp?OpenYear=110&Helf=2&Sclass=GR&Cono=F10D,2026-08-26T18:26:40+00:00
110-2-GR-F114-A-1-A,110,2,共同與通識課程,GR,共同必修系列,F114,A,大學部,1,A,服務學習培養(教務處B),0,必,8,8,,0,賴祥慶,,X,,,,,,,"[{""day"": 1, ""dayName"": ""星期一"", ""periods"": [""X""], ""raw"": ""X""}]",,請於開學一週內上班時間0900~1630時至該服務單位報到即可‧,https://course.nuk.edu.tw/QueryCourse/tcontent.asp?OpenYear=110&Helf=2&Sclass=GR&Cono=F114,2026-08-26T18:26:40+00:00
110-2-GR-F116-A-1-A,110,2,共同與通識課程,GR,共同必修系列,F116,A,大學部,1,A,服務學習培養(教學發展中心B),0,必,10,9,,1,賴祥慶,,X,,,,,,,"[{""day"": 1, ""dayName"": ""星期一"", ""periods"": [""X""], ""raw"": ""X""}]",,請於開學一週內上班時間0900~1630時至該服務單位報到即可‧(行政大樓北棟2樓),https://course.nuk.edu.tw/QueryCourse/tcontent.asp?OpenYear=110&Helf=2&Sclass=GR&Cono=F116,2026-08-26T18:26:40+00:00
110-2-GR-F154-A-1-A,110,2,共同與通識課程,GR,共同必修系列,F154,A,大學部,1,A,服務學習培養(體育室B),0,必,25,25,,0,賴祥慶,,X,,,,,,,"[{""day"": 1, ""dayName"": ""星期一"", ""periods"": [""X""], ""raw"": ""X""}]",,請於開學一週內上班時間0900~1630時至該服務單位報到即可‧,https://course.nuk.edu.tw/QueryCourse/tcontent.asp?OpenYear=110&Helf=2&Sclass=GR&Cono=F154,2026-08-26T18:26:40+00:00
110-2-GR-F15D-A-1-A,110,2,共同與通識課程,GR,共同必修系列,F15D,A,大學部,1,A,服務學習培養(體育室 器材室B),0,必,25,25,,0,賴祥慶,,X,,,,,,,"[{""day"": 1, ""dayName"": ""星期一"", ""periods"": [""X""], ""raw"": ""X""}]",,請於開學一週內上班時間0900~1630時至該服務單位報到即可‧,https://course.nuk.edu.tw/QueryCourse/tcontent.asp?OpenYear=110&Helf=2&Sclass=GR&Cono=F15D,2026-08-26T18:26:40+00:00
110-2-GR-F164-A-1-A,110,2,共同與通識課程,GR,共同必修系列,F164,A,大學部,1,A,服務學習培養(語文中心B),0,必,10,10,,0,賴祥慶,,X,,,,,,,"[{""day"": 1, ""dayName"": ""星期一"", ""periods"": [""X""], ""raw"": ""X""}]",,請於開學一週內上班時間0900~1630時至該服務單位報到即可‧,https://course.nuk.edu.tw/QueryCourse/tcontent.asp?OpenYear=110&Helf=2&Sclass=GR&Cono=F164,2026-08-26T18:26:40+00:00
110-2-GR-F174-A-1-A,110,2,共同與通識課程,GR,共同必修系列,F174,A,大學部,1,A,服務學習培養(推教中心B),0,必,10,8,,2,賴祥慶,,X,,,,,,,"[{""day"": 1, ""dayName"": ""星期一"", ""periods"": [""X""], ""raw"": ""X""}]",,請於開學一週內上班時間0900~1630時至該服務單位報到即可‧,https://course.nuk.edu.tw/QueryCourse/tcontent.asp?OpenYear=110&Helf=2&Sclass=GR&Cono=F174,2026-08-26T18:26:40+00:00
110-2-GR-F184-A-1-A,110,2,共同與通識課程,GR,共同必修系列,F184,A,大學部,1,A,服務學習培養(通識中心B),0,必,4,4,,0,賴祥慶,,X,,,,,,,"[{""day"": 1, ""dayName"": ""星期一"", ""periods"": [""X""], ""raw"": ""X""}]",,請於開學一週內上班時間0900~1630時至該服務單位報到即可‧,https://course.nuk.edu.tw/QueryCourse/tcontent.asp?OpenYear=110&Helf=2&Sclass=GR&Cono=F184,2026-08-26T18:26:40+00:00
110-2-GR-F194-A-1-A,110,2,共同與通識課程,GR,共同必修系列,F194,A,大學部,1,A,服務學習培養(研發處B),0,必,7,3,,4,賴祥慶,,X,,,,,,,"[{""day"": 1, ""dayName"": ""星期一"", ""periods"": [""X""], ""raw"": ""X""}]",,請於開學一週內上班時間0900~1630時至該服務單位報到即可‧,https://course.nuk.edu.tw/QueryCourse/tcontent.asp?OpenYear=110&Helf=2&Sclass=GR&Cono=F194,2026-08-26T18:26:40+00:00
110-2-GR-F224-A-1-A,110,2,共同與通識課程,GR,共同必修系列,F224,A,大學部,1,A,服務學習培養(工學院B),0,必,40,40,,0,賴祥慶,,X,,,,,,,"[{""day"": 1, ""dayName"": ""星期一"", ""periods"": [""X""], ""raw"": ""X""}]",,請於開學一週內上班時間0900~1630時至該服務單位報到即可‧,https://course.nuk.edu.tw/QueryCourse/tcontent.asp?OpenYear=110&Helf=2&Sclass=GR&Cono=F224,2026-08-26T18:26:40+00:00
110-2-GR-F234-A-1-A,110,2,共同與通識課程,GR,共同必修系列,F234,A,大學部,1,A,服務學習培養(法學院B),0,必,30,27,,3,賴祥慶,,X,,,,,,,"[{""day"": 1, ""dayName"": ""星期一"", ""periods"": [""X""], ""raw"": ""X""}]",,請於開學一週內上班時間0900~1630時至該服務單位報到即可‧,https://course.nuk.edu.tw/QueryCourse/tcontent.asp?OpenYear=110&Helf=2&Sclass=GR&Cono=F234,2026-08-26T18:26:40+00:00
110-2-GR-F244-A-1-A,110,2,共同與通識課程,GR,共同必修系列,F244,A,大學部,1,A,服務學習培養(管理學院B),0,必,20,20,,0,賴祥慶,,X,,,,,,,"[{""day"": 1, ""dayName"": ""星期一"", ""periods"": [""X""], ""raw"": ""X""}]",,請於開學一週內上班時間0900~1630時至該服務單位報到即可‧,https://course.nuk.edu.tw/QueryCourse/tcontent.asp?OpenYear=110&Helf=2&Sclass=GR&Cono=F244,2026-08-26T18:26:40+00:00
110-2-GR-F254-A-1-A,110,2,共同與通識課程,GR,共同必修系列,F254,A,大學部,1,A,服務學習培養(理學院B),0,必,30,30,,0,賴祥慶,,X,,,,,,,"[{""day"": 1, ""dayName"": ""星期一"", ""periods"": [""X""], ""raw"": ""X""}]",,理學院優先並請於開學一週內上班時間0900~1630時至該服務單位報到即可‧,https://course.nuk.edu.tw/QueryCourse/tcontent.asp?OpenYear=110&Helf=2&Sclass=GR&Cono=F254,2026-08-26T18:26:40+00:00
110-2-GR-F264-A-1-A,110,2,共同與通識課程,GR,共同必修系列,F264,A,大學部,1,A,服務學習培養(人文社科院B),0,必,20,18,,2,賴祥慶,,X,,,,,,,"[{""day"": 1, ""dayName"": ""星期一"", ""periods"": [""X""], ""raw"": ""X""}]",限修,人文社會科學院所屬系所學生優先並請於開學一週內上班時間0900~1630時至該服務單位報到即可‧,https://course.nuk.edu.tw/QueryCourse/tcontent.asp?OpenYear=110&Helf=2&Sclass=GR&Cono=F264,2026-08-26T18:26:40+00:00
110-2-GR-F27B-A-1-A,110,2,共同與通識課程,GR,共同必修系列,F27B,A,大學部,1,A,服務學習培養(國際事務處 招生及推廣組 B),0,必,8,8,,0,賴祥慶,,X,,,,,,,"[{""day"": 1, ""dayName"": ""星期一"", ""periods"": [""X""], ""raw"": ""X""}]",,請於開學一週內上班時間0900~1630時至該服務單位報到即可‧,https://course.nuk.edu.tw/QueryCourse/tcontent.asp?OpenYear=110&Helf=2&Sclass=GR&Cono=F27B,2026-08-26T18:26:40+00:00
110-2-GR-F27D-A-1-A,110,2,共同與通識課程,GR,共同必修系列,F27D,A,大學部,1,A,服務學習培養(國際事務處 國際交流組 B),0,必,8,7,,1,賴祥慶,,X,,,,,,,"[{""day"": 1, ""dayName"": ""星期一"", ""periods"": [""X""], ""raw"": ""X""}]",,請於開學一週內上班時間0900~1630時至該服務單位報到即可‧,https://course.nuk.edu.tw/QueryCourse/tcontent.asp?OpenYear=110&Helf=2&Sclass=GR&Cono=F27D,2026-08-26T18:26:40+00:00
110-2-GR-F27F-A-1-A,110,2,共同與通識課程,GR,共同必修系列,F27F,A,大學部,1,A,服務學習培養(國際事務處 國際學生事務組 B),0,必,15,15,,0,賴祥慶,,X,,,,,,,"[{""day"": 1, ""dayName"": ""星期一"", ""periods"": [""X""], ""raw"": ""X""}]",,限僑外生並請於開學一週內上班時間0900~1630時至該服務單位報到即可‧,https://course.nuk.edu.tw/QueryCourse/tcontent.asp?OpenYear=110&Helf=2&Sclass=GR&Cono=F27F,2026-08-26T18:26:40+00:00
110-2-GR-F30B-A-1-A,110,2,共同與通識課程,GR,共同必修系列,F30B,A,大學部,1,A,服務學習培養(學務處 課外組 B),0,必,10,10,,0,賴祥慶,,X,,,,,,,"[{""day"": 1, ""dayName"": ""星期一"", ""periods"": [""X""], ""raw"": ""X""}]",,請於開學一週內上班時間0900~1630時至該服務單位報到即可‧,https://course.nuk.edu.tw/QueryCourse/tcontent.asp?OpenYear=110&Helf=2&Sclass=GR&Cono=F30B,2026-08-26T18:26:40+00:00
110-2-GR-F30D-A-1-A,110,2,共同與通識課程,GR,共同必修系列,F30D,A,大學部,1,A,服務學習培養(學務處 生輔組 B),0,必,16,15,,1,賴祥慶,,X,,,,,,,"[{""day"": 1, ""dayName"": ""星期一"", ""periods"": [""X""], ""raw"": ""X""}]",,請於開學一週內上班時間0900~1630時至該服務單位報到即可‧,https://course.nuk.edu.tw/QueryCourse/tcontent.asp?OpenYear=110&Helf=2&Sclass=GR&Cono=F30D,2026-08-26T18:26:40+00:00
110-2-GR-F30H-A-1-A,110,2,共同與通識課程,GR,共同必修系列,F30H,A,大學部,1,A,服務學習培養(學務處 衛保組 B),0,必,2,2,,0,賴祥慶,,,X,,,,,,"[{""day"": 2, ""dayName"": ""星期二"", ""periods"": [""X""], ""raw"": ""X""}]",,請於開學一週內上班時間0900~1630時至該服務單位報到即可‧協助健康中心的各項活動及行政工作支援，坐滿18個小時方為及格。,https://course.nuk.edu.tw/QueryCourse/tcontent.asp?OpenYear=110&Helf=2&Sclass=GR&Cono=F30H,2026-08-26T18:26:40+00:00
110-2-GR-F30N-A-1-A,110,2,共同與通識課程,GR,共同必修系列,F30N,A,大學部,1,A,服務學習培養(學務處 諮涯組 B),0,必,10,10,,0,賴祥慶,,X,,,,,,,"[{""day"": 1, ""dayName"": ""星期一"", ""periods"": [""X""], ""raw"": ""X""}]",,請於開學一週內上班時間0900~1630時至該服務單位報到即可‧,https://course.nuk.edu.tw/QueryCourse/tcontent.asp?OpenYear=110&Helf=2&Sclass=GR&Cono=F30N,2026-08-26T18:26:40+00:00
110-2-GR-F31B-A-1-A,110,2,共同與通識課程,GR,共同必修系列,F31B,A,大學部,1,A,服務學習培養(總務處 文書組 B),0,必,45,45,,0,賴祥慶,,X,,,,,,,"[{""day"": 1, ""dayName"": ""星期一"", ""periods"": [""X""], ""raw"": ""X""}]",,請於開學一週內上班時間0900~1630時至該服務單位報到即可‧需會基本中文打字,https://course.nuk.edu.tw/QueryCourse/tcontent.asp?OpenYear=110&Helf=2&Sclass=GR&Cono=F31B,2026-08-26T18:26:40+00:00
110-2-GR-F31F-A-1-A,110,2,共同與通識課程,GR,共同必修系列,F31F,A,大學部,1,A,服務學習培養(總務處 事務組 B),0,必,6,6,,0,賴祥慶,,X,,,,,,,"[{""day"": 1, ""dayName"": ""星期一"", ""periods"": [""X""], ""raw"": ""X""}]",,請於開學一週內上班時間0900~1630時至該服務單位報到即可‧,https://course.nuk.edu.tw/QueryCourse/tcontent.asp?OpenYear=110&Helf=2&Sclass=GR&Cono=F31F,2026-08-26T18:26:40+00:00
110-2-GR-F31H-A-1-A,110,2,共同與通識課程,GR,共同必修系列,F31H,A,大學部,1,A,服務學習培養(總務處 出納組 B),0,必,2,2,,0,賴祥慶,,X,,,,,,,"[{""day"": 1, ""dayName"": ""星期一"", ""periods"": [""X""], ""raw"": ""X""}]",,請於開學一週內上班時間0900~1630時至該服務單位報到即可‧,https://course.nuk.edu.tw/QueryCourse/tcontent.asp?OpenYear=110&Helf=2&Sclass=GR&Cono=F31H,2026-08-26T18:26:40+00:00
110-2-GR-F322-A-1-A,110,2,共同與通識課程,GR,共同必修系列,F322,A,大學部,1,A,服務學習培養(圖書資訊館 B),0,必,25,25,,0,賴祥慶,,X,,,,,,,"[{""day"": 1, ""dayName"": ""星期一"", ""periods"": [""X""], ""raw"": ""X""}]",,請於開學一週內上班時間0900~1630時至該服務單位報到即可‧,https://course.nuk.edu.tw/QueryCourse/tcontent.asp?OpenYear=110&Helf=2&Sclass=GR&Cono=F322,2026-08-26T18:26:40+00:00
110-2-GR-F32B-A-1-A,110,2,共同與通識課程,GR,共同必修系列,F32B,A,大學部,1,A,服務學習培養(圖書資訊館 典藏閱覽組 B),0,必,20,20,,0,賴祥慶,,X,,,,,,,"[{""day"": 1, ""dayName"": ""星期一"", ""periods"": [""X""], ""raw"": ""X""}]",,請於開學一週內上班時間0900~1630時至該服務單位報到即可‧限大一~大三學生選修(大四學生請勿選),https://course.nuk.edu.tw/QueryCourse/tcontent.asp?OpenYear=110&Helf=2&Sclass=GR&Cono=F32B,2026-08-26T18:26:40+00:00
110-2-GR-F32F-A-1-A,110,2,共同與通識課程,GR,共同必修系列,F32F,A,大學部,1,A,服務學習培養(圖書資訊館 採購編目組 B),0,必,8,8,,0,賴祥慶,,X,,,,,,,"[{""day"": 1, ""dayName"": ""星期一"", ""periods"": [""X""], ""raw"": ""X""}]",,請於開學一週內上班時間0900~1630時至該服務單位報到即可‧,https://course.nuk.edu.tw/QueryCourse/tcontent.asp?OpenYear=110&Helf=2&Sclass=GR&Cono=F32F,2026-08-26T18:26:40+00:00
110-2-GR-F332-A-1-A,110,2,共同與通識課程,GR,共同必修系列,F332,A,大學部,1,A,服務學習培養(人事室 B),0,必,8,8,,0,賴祥慶,,X,,,,,,,"[{""day"": 1, ""dayName"": ""星期一"", ""periods"": [""X""], ""raw"": ""X""}]",,請於開學一週內上班時間0900~1630時至該服務單位報到即可‧,https://course.nuk.edu.tw/QueryCourse/tcontent.asp?OpenYear=110&Helf=2&Sclass=GR&Cono=F332,2026-08-26T18:26:40+00:00
110-2-GR-F334-A-1-A,110,2,共同與通識課程,GR,共同必修系列,F334,A,大學部,1,A,服務學習培養(主計室 B),0,必,35,8,,27,賴祥慶,,X,,,,,,,"[{""day"": 1, ""dayName"": ""星期一"", ""periods"": [""X""], ""raw"": ""X""}]",,請於開學一週內上班時間0900~1630時至該服務單位報到即可‧,https://course.nuk.edu.tw/QueryCourse/tcontent.asp?OpenYear=110&Helf=2&Sclass=GR&Cono=F334,2026-08-26T18:26:40+00:00
110-2-GR-F342-A-1-A,110,2,共同與通識課程,GR,共同必修系列,F342,A,大學部,1,A,服務學習培養(學生綜合宿舍 B),0,必,25,23,,2,賴祥慶,,X,,,,,,,"[{""day"": 1, ""dayName"": ""星期一"", ""periods"": [""X""], ""raw"": ""X""}]",,限住該棟同學選修並於開學第一週周五前至學二宿舍辦公室報到。,https://course.nuk.edu.tw/QueryCourse/tcontent.asp?OpenYear=110&Helf=2&Sclass=GR&Cono=F342,2026-08-26T18:26:40+00:00
110-2-GR-F34B-A-1-A,110,2,共同與通識課程,GR,共同必修系列,F34B,A,大學部,1,A,服務學習培養(學生第一宿舍男棟 B),0,必,25,24,,1,賴祥慶,,X,,,,,,,"[{""day"": 1, ""dayName"": ""星期一"", ""periods"": [""X""], ""raw"": ""X""}]",,限住該棟男同學選修並於開學第一週周五前至學二宿舍辦公室報到。,https://course.nuk.edu.tw/QueryCourse/tcontent.asp?OpenYear=110&Helf=2&Sclass=GR&Cono=F34B,2026-08-26T18:26:40+00:00
110-2-GR-F34D-A-1-A,110,2,共同與通識課程,GR,共同必修系列,F34D,A,大學部,1,A,服務學習培養(學生第一宿舍女棟 B),0,必,25,23,,2,賴祥慶,,X,,,,,,,"[{""day"": 1, ""dayName"": ""星期一"", ""periods"": [""X""], ""raw"": ""X""}]",,限住該棟女同學選修並於開學第一週周五前至學二宿舍辦公室報到。,https://course.nuk.edu.tw/QueryCourse/tcontent.asp?OpenYear=110&Helf=2&Sclass=GR&Cono=F34D,2026-08-26T18:26:40+00:00
110-2-GR-F34F-A-1-A,110,2,共同與通識課程,GR,共同必修系列,F34F,A,大學部,1,A,服務學習培養(學生第二宿舍男棟 B),0,必,25,25,,0,賴祥慶,,X,,,,,,,"[{""day"": 1, ""dayName"": ""星期一"", ""periods"": [""X""], ""raw"": ""X""}]",,限住該棟男同學選修並於開學第一週周五前至學二宿舍辦公室報到。,https://course.nuk.edu.tw/QueryCourse/tcontent.asp?OpenYear=110&Helf=2&Sclass=GR&Cono=F34F,2026-08-26T18:26:40+00:00
110-2-GR-F34H-A-1-A,110,2,共同與通識課程,GR,共同必修系列,F34H,A,大學部,1,A,服務學習培養(學生第二宿舍女棟 B),0,必,25,23,,2,賴祥慶,,X,,,,,,,"[{""day"": 1, ""dayName"": ""星期一"", ""periods"": [""X""], ""raw"": ""X""}]",,限住該棟女同學選修並於開學第一週周五前至學二宿舍辦公室報到。,https://course.nuk.edu.tw/QueryCourse/tcontent.asp?OpenYear=110&Helf=2&Sclass=GR&Cono=F34H,2026-08-26T18:26:40+00:00
110-2-GR-F408-A-1-A,110,2,共同與通識課程,GR,共同必修系列,F408,A,大學部,1,A,服務學習培養(寵物研究社-服務B),0,必,35,35,,0,何資宜,,X,,,,,,,"[{""day"": 1, ""dayName"": ""星期一"", ""periods"": [""X""], ""raw"": ""X""}]",,1.本課程為校內社團課程及校外服務，請有意願修本課同學一定要配合社團社課時間，同學若無意願且無法配合時間者，請勿（不要）修本課程。2.社課時間請聯絡李佩瑄同學，請在8點至17點間撥打0919016220。3.課程時間要上滿18小時，並且於期未時填期中、期未反思表，未做滿18小時及未填反思表者不計分。,https://course.nuk.edu.tw/QueryCourse/tcontent.asp?OpenYear=110&Helf=2&Sclass=GR&Cono=F408,2026-08-26T18:26:40+00:00
110-2-GR-F40D-A-1-A,110,2,共同與通識課程,GR,共同必修系列,F40D,A,大學部,1,A,服務學習培養(希望種籽社-服務B),0,必,6,6,,0,何資宜,,X,,,,,,,"[{""day"": 1, ""dayName"": ""星期一"", ""periods"": [""X""], ""raw"": ""X""}]",外加,1.本課程為校內社團課程及校外服務，請有意願修本課同學一定要配合社團社課時間，同學若無意願且無法配合時間者，請勿（不要）修本課程。2.社課時間請聯絡林晉緯同學，請在17點至20點間撥打0968693063。3.課程時間要上滿18小時，並且於期未時填期中、期未反思表，未做滿18小時及未填反思表者不計分。,https://course.nuk.edu.tw/QueryCourse/tcontent.asp?OpenYear=110&Helf=2&Sclass=GR&Cono=F40D,2026-08-26T18:26:40+00:00
110-2-GR-F40N-A-1-A,110,2,共同與通識課程,GR,共同必修系列,F40N,A,大學部,1,A,服務學習培養(學生會-服務B),0,必,40,27,,13,何資宜,,X,,,,,,,"[{""day"": 1, ""dayName"": ""星期一"", ""periods"": [""X""], ""raw"": ""X""}]",,1.本課程為校內社團課程及校外服務，請有意願修習本課程同學務必要配合社團社課時間，若無意願且時間無法配合，請勿修習本課程。 2.社課時間請聯絡會長黃振翔同學，請在早上8點至17點間撥打0908-529-567。 3.課程期間要服務滿18小時，並且於期末填寫期中、期未反思表，未服務滿18小時及未填反思表者不予計分。,https://course.nuk.edu.tw/QueryCourse/tcontent.asp?OpenYear=110&Helf=2&Sclass=GR&Cono=F40N,2026-08-26T18:26:40+00:00
110-2-GR-F40V-A-1-A,110,2,共同與通識課程,GR,共同必修系列,F40V,A,大學部,1,A,服務學習培養(春暉社-服務B),0,必,10,10,,0,何資宜,,X,,,,,,,"[{""day"": 1, ""dayName"": ""星期一"", ""periods"": [""X""], ""raw"": ""X""}]",,1.本課程為校內社團課程及校外服務，請有意願修本課同學一定要配合社團社課時間，同學若無意願且無法配合時間者，請勿（不要）修本課程。2.社課時間請聯絡王文崇教官，請在8點至17點間撥打07-5919062 社長:施宏強0908-230206。3.課程時間要上滿18小時，並且於期未時填期中、期未反思表，未做滿18小時及未填反思表者不計分。,https://course.nuk.edu.tw/QueryCourse/tcontent.asp?OpenYear=110&Helf=2&Sclass=GR&Cono=F40V,2026-08-26T18:26:40+00:00
110-2-GR-F40X-A-1-A,110,2,共同與通識課程,GR,共同必修系列,F40X,A,大學部,1,A,服務學習培養(書法社-服務B),0,必,10,8,,2,何資宜,,X,,,,,,,"[{""day"": 1, ""dayName"": ""星期一"", ""periods"": [""X""], ""raw"": ""X""}]",,1.本課程為校內社團課程及校外服務，請有意願修本課同學一定要配合社團社課時間，同學若無意願且無法配合時間者，請勿（不要）修本課程。2.社課時間請聯絡社長葉心榆同學，請在8點至17點間撥打0909770266。3.課程時間要上滿18小時，並且於期未時填期中、期未反思表，未做滿18小時及未填反思表者不計分。,https://course.nuk.edu.tw/QueryCourse/tcontent.asp?OpenYear=110&Helf=2&Sclass=GR&Cono=F40X,2026-08-26T18:26:40+00:00
110-2-GR-F41B-A-1-A,110,2,共同與通識課程,GR,共同必修系列,F41B,A,大學部,1,A,服務學習培養(愛鄰社-服務B),0,必,14,3,,11,何資宜,,X,,,,,,,"[{""day"": 1, ""dayName"": ""星期一"", ""periods"": [""X""], ""raw"": ""X""}]",,1.本課程為校內社團課程及校外服務，請有意願修本課同學一定要配合社團社課時間，同學若無意願且無法配合時間者，請勿（不要）修本課程。2.社課時間請聯絡社長范舒婷同學，請在8點至17點間撥打0980-313777。3.課程時間要上滿18小時，並且於期未時填期中、期未反思表，未做滿18小時及未填反思表者不計分。,https://course.nuk.edu.tw/QueryCourse/tcontent.asp?OpenYear=110&Helf=2&Sclass=GR&Cono=F41B,2026-08-26T18:26:40+00:00
110-2-GR-F41F-A-1-A,110,2,共同與通識課程,GR,共同必修系列,F41F,A,大學部,1,A,服務學習培養(崇德青年志工社-服務B),0,必,15,1,,14,何資宜,,X,,,,,,,"[{""day"": 1, ""dayName"": ""星期一"", ""periods"": [""X""], ""raw"": ""X""}]",,1.本課程為校內社團課程及校外服務，請有意願修本課同學一定要配合社團社課時間，同學若無意願且無法配合時間者，請勿（不要）修本課程。2.社課時間請聯絡林嘉琪同學，請在17點至20點間撥打0971-766807。3.課程時間要上滿18小時，並且於期未時填期中、期未反思表，未做滿18小時及未填反思表者不計分。,https://course.nuk.edu.tw/QueryCourse/tcontent.asp?OpenYear=110&Helf=2&Sclass=GR&Cono=F41F,2026-08-26T18:26:40+00:00
110-2-GR-ME01-A-1-A,110,2,共同與通識課程,GR,共同必修系列,ME01,A,大學部,1,A,進階英文,0,選,50,44,,6,吳苡菱,B01-103,"3,4",,,,,,,"[{""day"": 1, ""dayName"": ""星期一"", ""periods"": [""3"", ""4""], ""raw"": ""3,4""}]",先修 禁止外加 限修,英文能力畢業資格檢定2次未通過，且修畢英語會話與閱讀及格，方得選課，每人限修一門,https://course.nuk.edu.tw/QueryCourse/tcontent.asp?OpenYear=110&Helf=2&Sclass=GR&Cono=ME01,2026-08-26T18:26:40+00:00
110-2-GR-ME02-A-1-A,110,2,共同與通識課程,GR,共同必修系列,ME02,A,大學部,1,A,進階英文,0,選,50,36,,14,吳苡菱,B01-106,"5,6",,,,,,,"[{""day"": 1, ""dayName"": ""星期一"", ""periods"": [""5"", ""6""], ""raw"": ""5,6""}]",先修 禁止外加 限修,英文能力畢業資格檢定2次未通過，且修畢英語會話與閱讀及格，方得選課，每人限修一門,https://course.nuk.edu.tw/QueryCourse/tcontent.asp?OpenYear=110&Helf=2&Sclass=GR&Cono=ME02,2026-08-26T18:26:40+00:00
110-2-GR-ME03-A-1-A,110,2,共同與通識課程,GR,共同必修系列,ME03,A,大學部,1,A,進階英文,0,選,52,52,,0,邱玉萍,B01-107,,,"7,8",,,,,"[{""day"": 3, ""dayName"": ""星期三"", ""periods"": [""7"", ""8""], ""raw"": ""7,8""}]",先修 禁止外加 限修,英文能力畢業資格檢定2次未通過，且修畢英語會話與閱讀及格，方得選課，每人限修一門,https://course.nuk.edu.tw/QueryCourse/tcontent.asp?OpenYear=110&Helf=2&Sclass=GR&Cono=ME03,2026-08-26T18:26:40+00:00
110-2-GR-S11B-A-1-A,110,2,共同與通識課程,GR,共同必修系列,S11B,A,大學部,1,A,體育(二)-西語系,0,必,60,46,,14,蔡春福,,,,,,"3,4",,,"[{""day"": 5, ""dayName"": ""星期五"", ""periods"": [""3"", ""4""], ""raw"": ""3,4""}]",禁止外加 限修,排球場 / 大三、四重補修學生請於第三階段直接上網選課，不用再到通識中心加簽。注意:上、下學期選項重覆選修不算學分。,https://course.nuk.edu.tw/QueryCourse/tcontent.asp?OpenYear=110&Helf=2&Sclass=GR&Cono=S11B,2026-08-26T18:26:40+00:00
110-2-GR-S12B-A-1-A,110,2,共同與通識課程,GR,共同必修系列,S12B,A,大學部,1,A,體育(二)-運健休系,0,必,60,57,,3,高群超,,,,,"3,4",,,,"[{""day"": 4, ""dayName"": ""星期四"", ""periods"": [""3"", ""4""], ""raw"": ""3,4""}]",禁止外加 限修,羽球場 / 大三、四重補修學生請於第三階段直接上網選課，不用再到通識中心加簽。注意:上、下學期選項重覆選修不算學分。,https://course.nuk.edu.tw/QueryCourse/tcontent.asp?OpenYear=110&Helf=2&Sclass=GR&Cono=S12B,2026-08-26T18:26:40+00:00
110-2-GR-S17B-A-1-A,110,2,共同與通識課程,GR,共同必修系列,S17B,A,大學部,1,A,體育(二)-東語系,0,必,60,57,,3,林文俊,,,"1,2",,,,,,"[{""day"": 2, ""dayName"": ""星期二"", ""periods"": [""1"", ""2""], ""raw"": ""1,2""}]",禁止外加 限修,排球場 /大三、四重補修學生請於第三階段直接上網選課，不用再到通識中心加簽。注意:上、下學期選項重覆選修不算學分。,https://course.nuk.edu.tw/QueryCourse/tcontent.asp?OpenYear=110&Helf=2&Sclass=GR&Cono=S17B,2026-08-26T18:26:40+00:00
110-2-GR-S18B-A-1-A,110,2,共同與通識課程,GR,共同必修系列,S18B,A,大學部,1,A,體育(二)-運技系,0,必,60,41,,19,蔡義川,,"3,4",,,,,,,"[{""day"": 1, ""dayName"": ""星期一"", ""periods"": [""3"", ""4""], ""raw"": ""3,4""}]",禁止外加 限修,籃球場 /大三、四重補修學生請於第三階段直接上網選課，不用再到通識中心加簽。注意:上、下學期選項重覆選修不算學分。,https://course.nuk.edu.tw/QueryCourse/tcontent.asp?OpenYear=110&Helf=2&Sclass=GR&Cono=S18B,2026-08-26T18:26:40+00:00
110-2-GR-S21B-A-1-A,110,2,共同與通識課程,GR,共同必修系列,S21B,A,大學部,1,A,體育(二)-法律系,0,必,60,54,,6,王士仁,,,,,"1,2",,,,"[{""day"": 4, ""dayName"": ""星期四"", ""periods"": [""1"", ""2""], ""raw"": ""1,2""}]",禁止外加 限修,桌球場 / 大三、四重補修學生請於第三階段直接上網選課，不用再到通識中心加簽。注意:上、下學期選項重覆選修不算學分。,https://course.nuk.edu.tw/QueryCourse/tcontent.asp?OpenYear=110&Helf=2&Sclass=GR&Cono=S21B,2026-08-26T18:26:40+00:00
110-2-GR-S22B-A-1-A,110,2,共同與通識課程,GR,共同必修系列,S22B,A,大學部,1,A,體育(二)-政法系,0,必,60,40,,20,許維哲,,,,,,"3,4",,,"[{""day"": 5, ""dayName"": ""星期五"", ""periods"": [""3"", ""4""], ""raw"": ""3,4""}]",禁止外加 限修,籃球場/大三、四重補修學生請於第三階段直接上網選課，不用再到通識中心加簽。注意:上、下學期選項重覆選修不算學分。,https://course.nuk.edu.tw/QueryCourse/tcontent.asp?OpenYear=110&Helf=2&Sclass=GR&Cono=S22B,2026-08-26T18:26:40+00:00
110-2-GR-S23B-A-1-A,110,2,共同與通識課程,GR,共同必修系列,S23B,A,大學部,1,A,體育(二)-財法系,0,必,60,49,,11,黃蔚,,"3,4",,,,,,,"[{""day"": 1, ""dayName"": ""星期一"", ""periods"": [""3"", ""4""], ""raw"": ""3,4""}]",禁止外加 限修,桌球場 / 大三、四重補修學生請於第三階段直接上網選課，不用再到通識中心加簽。注意:上、下學期選項重覆選修不算學分。,https://course.nuk.edu.tw/QueryCourse/tcontent.asp?OpenYear=110&Helf=2&Sclass=GR&Cono=S23B,2026-08-26T18:26:40+00:00
110-2-GR-S31B-A-1-A,110,2,共同與通識課程,GR,共同必修系列,S31B,A,大學部,1,A,體育(二)-應經系,0,必,60,55,,5,施長和,,,,"3,4",,,,,"[{""day"": 3, ""dayName"": ""星期三"", ""periods"": [""3"", ""4""], ""raw"": ""3,4""}]",禁止外加 限修,排球場 / 大三、四重補修學生請於第三階段直接上網選課，不用再到通識中心加簽。注意:上、下學期選項重覆選修不算學分。,https://course.nuk.edu.tw/QueryCourse/tcontent.asp?OpenYear=110&Helf=2&Sclass=GR&Cono=S31B,2026-08-26T18:26:40+00:00
110-2-GR-S32B-A-1-A,110,2,共同與通識課程,GR,共同必修系列,S32B,A,大學部,1,A,體育(二)-金管系,0,必,61,49,,12,王士仁,,,,,"3,4",,,,"[{""day"": 4, ""dayName"": ""星期四"", ""periods"": [""3"", ""4""], ""raw"": ""3,4""}]",禁止外加 限修及外加,桌球場 / 大三、四重補修學生請於第三階段直接上網選課，不用再到通識中心加簽。注意:上、下學期選項重覆選修不算學分。,https://course.nuk.edu.tw/QueryCourse/tcontent.asp?OpenYear=110&Helf=2&Sclass=GR&Cono=S32B,2026-08-26T18:26:40+00:00
110-2-GR-S33B-A-1-A,110,2,共同與通識課程,GR,共同必修系列,S33B,A,大學部,1,A,體育(二)-資管系,0,必,60,53,,7,林文俊,,,"3,4",,,,,,"[{""day"": 2, ""dayName"": ""星期二"", ""periods"": [""3"", ""4""], ""raw"": ""3,4""}]",禁止外加 限修,排球場 / 大三、四重補修學生請於第三階段直接上網選課，不用再到通識中心加簽。注意:上、下學期選項重覆選修不算學分。,https://course.nuk.edu.tw/QueryCourse/tcontent.asp?OpenYear=110&Helf=2&Sclass=GR&Cono=S33B,2026-08-26T18:26:40+00:00
110-2-GR-S41B-A-1-A,110,2,共同與通識課程,GR,共同必修系列,S41B,A,大學部,1,A,體育(二)-應數系,0,必,60,54,,6,黃孟立,,,,,,"7,8",,,"[{""day"": 5, ""dayName"": ""星期五"", ""periods"": [""7"", ""8""], ""raw"": ""7,8""}]",禁止外加 限修,排球場 / 大三、四重補修學生請於第三階段直接上網選課，不用再到通識中心加簽。注意:上、下學期選項重覆選修不算學分。,https://course.nuk.edu.tw/QueryCourse/tcontent.asp?OpenYear=110&Helf=2&Sclass=GR&Cono=S41B,2026-08-26T18:26:40+00:00
110-2-GR-S42B-A-1-A,110,2,共同與通識課程,GR,共同必修系列,S42B,A,大學部,1,A,體育(二)-應化系,0,必,61,56,,5,黃孟立,,,,,,"5,6",,,"[{""day"": 5, ""dayName"": ""星期五"", ""periods"": [""5"", ""6""], ""raw"": ""5,6""}]",禁止外加 限修及外加,羽球場 / 大三、四重補修學生請於第三階段直接上網選課，不用再到通識中心加簽。注意:上、下學期選項重覆選修不算學分。,https://course.nuk.edu.tw/QueryCourse/tcontent.asp?OpenYear=110&Helf=2&Sclass=GR&Cono=S42B,2026-08-26T18:26:40+00:00
110-2-GR-S43B-A-1-A,110,2,共同與通識課程,GR,共同必修系列,S43B,A,大學部,1,A,體育(二)-應物系,0,必,60,50,,10,黃勝杰,,"3,4",,,,,,,"[{""day"": 1, ""dayName"": ""星期一"", ""periods"": [""3"", ""4""], ""raw"": ""3,4""}]",禁止外加 限修,壘球場 / 大三、四重補修學生請於第三階段直接上網選課，不用再到通識中心加簽。注意:上、下學期選項重覆選修不算學分。,https://course.nuk.edu.tw/QueryCourse/tcontent.asp?OpenYear=110&Helf=2&Sclass=GR&Cono=S43B,2026-08-26T18:26:40+00:00
110-2-GR-S51B-A-1-A,110,2,共同與通識課程,GR,共同必修系列,S51B,A,大學部,1,A,體育(二)-電機A,0,必,60,54,,6,王士仁,,,,"3,4",,,,,"[{""day"": 3, ""dayName"": ""星期三"", ""periods"": [""3"", ""4""], ""raw"": ""3,4""}]",禁止外加 限修,桌球場 /大三、四重補修學生請於第三階段直接上網選課，不用再到通識中心加簽。注意:上、下學期選項重覆選修不算學分。,https://course.nuk.edu.tw/QueryCourse/tcontent.asp?OpenYear=110&Helf=2&Sclass=GR&Cono=S51B,2026-08-26T18:26:40+00:00
110-2-GR-S51D-A-1-B,110,2,共同與通識課程,GR,共同必修系列,S51D,A,大學部,1,B,體育(二)-電機B,0,必,60,58,,2,高群超,,,,"3,4",,,,,"[{""day"": 3, ""dayName"": ""星期三"", ""periods"": [""3"", ""4""], ""raw"": ""3,4""}]",禁止外加 限修,木球場 / 大三、四重補修學生請於第三階段直接上網選課，不用再到通識中心加簽。注意:上、下學期選項重覆選修不算學分。,https://course.nuk.edu.tw/QueryCourse/tcontent.asp?OpenYear=110&Helf=2&Sclass=GR&Cono=S51D,2026-08-26T18:26:40+00:00
110-2-GR-S52B-A-1-A,110,2,共同與通識課程,GR,共同必修系列,S52B,A,大學部,1,A,體育(二)-土環系A,0,必,60,54,,6,施長和,,,,,"1,2",,,,"[{""day"": 4, ""dayName"": ""星期四"", ""periods"": [""1"", ""2""], ""raw"": ""1,2""}]",禁止外加 限修,排球場 / 大三、四重補修學生請於第三階段直接上網選課，不用再到通識中心加簽。注意:上、下學期選項重覆選修不算學分。,https://course.nuk.edu.tw/QueryCourse/tcontent.asp?OpenYear=110&Helf=2&Sclass=GR&Cono=S52B,2026-08-26T18:26:40+00:00
110-2-GR-S55B-A-1-A,110,2,共同與通識課程,GR,共同必修系列,S55B,A,大學部,1,A,體育(二)-資工系,0,必,60,47,,13,黃孟立,,,,,,"3,4",,,"[{""day"": 5, ""dayName"": ""星期五"", ""periods"": [""3"", ""4""], ""raw"": ""3,4""}]",禁止外加 限修,羽球場 /大三、四重補修學生請於第三階段直接上網選課，不用再到通識中心加簽。注意:上、下學期選項重覆選修不算學分。,https://course.nuk.edu.tw/QueryCourse/tcontent.asp?OpenYear=110&Helf=2&Sclass=GR&Cono=S55B,2026-08-26T18:26:40+00:00
110-2-GR-S56B-A-1-A,110,2,共同與通識課程,GR,共同必修系列,S56B,A,大學部,1,A,體育(二)-化材系,0,必,60,43,,17,許維哲,,,,,,"5,6",,,"[{""day"": 5, ""dayName"": ""星期五"", ""periods"": [""5"", ""6""], ""raw"": ""5,6""}]",禁止外加 限修,桌球場 / 大三、四重補修學生請於第三階段直接上網選課，不用再到通識中心加簽。注意:上、下學期選項重覆選修不算學分。,https://course.nuk.edu.tw/QueryCourse/tcontent.asp?OpenYear=110&Helf=2&Sclass=GR&Cono=S56B,2026-08-26T18:26:40+00:00
110-2-GR-S61B-A-1-A,110,2,共同與通識課程,GR,共同必修系列,S61B,A,大學部,1,A,體育(二)-生科系,0,必,60,45,,15,蔡文星,,,,"3,4",,,,,"[{""day"": 3, ""dayName"": ""星期三"", ""periods"": [""3"", ""4""], ""raw"": ""3,4""}]",禁止外加 限修,壘球場 / 大三、四重補修學生請於第三階段直接上網選課，不用再到通識中心加簽。注意:上、下學期選項重覆選修不算學分。,https://course.nuk.edu.tw/QueryCourse/tcontent.asp?OpenYear=110&Helf=2&Sclass=GR&Cono=S61B,2026-08-26T18:26:40+00:00
110-2-GR-S71B-A-1-A,110,2,共同與通識課程,GR,共同必修系列,S71B,A,大學部,1,A,體育(二)-亞太系,0,必,66,65,,1,王士仁,,,,,,"3,4",,,"[{""day"": 5, ""dayName"": ""星期五"", ""periods"": [""3"", ""4""], ""raw"": ""3,4""}]",禁止外加 限修,桌球場 / 大三、四重補修學生請於第三階段直接上網選課，不用再到通識中心加簽。注意:上、下學期選項重覆選修不算學分。,https://course.nuk.edu.tw/QueryCourse/tcontent.asp?OpenYear=110&Helf=2&Sclass=GR&Cono=S71B,2026-08-26T18:26:40+00:00
110-2-GR-SB01-A-2-A,110,2,共同與通識課程,GR,共同必修系列,SB01,A,大學部,2,A,體育(四)-網球A,0,必,55,44,,11,蔡明書,,"1,2",,,,,,,"[{""day"": 1, ""dayName"": ""星期一"", ""periods"": [""1"", ""2""], ""raw"": ""1,2""}]",禁止外加 限修,限西語二、法律二、財法二、應數二、生科二選修。大三、四重補修學生請於第三階段直接上網選課，不用再到通識中心加簽。注意:上、下學期選項重覆選修不算學分。,https://course.nuk.edu.tw/QueryCourse/tcontent.asp?OpenYear=110&Helf=2&Sclass=GR&Cono=SB01,2026-08-26T18:26:40+00:00
110-2-GR-SB11-A-2-A,110,2,共同與通識課程,GR,共同必修系列,SB11,A,大學部,2,A,體育(四)-桌球A,0,必,56,42,,14,馮潤賓,,,,"1,2",,,,,"[{""day"": 3, ""dayName"": ""星期三"", ""periods"": [""1"", ""2""], ""raw"": ""1,2""}]",禁止外加 限修及外加,限藝創二、建築二、東語二、運健休二、政法二選修。大三、四重補修學生請於第三階段直接上網選課，不用再到通識中心加簽。注意:上、下學期選項重覆選修不算學分。,https://course.nuk.edu.tw/QueryCourse/tcontent.asp?OpenYear=110&Helf=2&Sclass=GR&Cono=SB11,2026-08-26T18:26:40+00:00
110-2-GR-SB12-A-2-A,110,2,共同與通識課程,GR,共同必修系列,SB12,A,大學部,2,A,體育(四)-桌球B,0,必,55,55,,0,黃郁玲,,,,"5,6",,,,,"[{""day"": 3, ""dayName"": ""星期三"", ""periods"": [""5"", ""6""], ""raw"": ""5,6""}]",禁止外加 限修,限應物二、應經二、金管二選修。大三、四重補修學生請於第三階段直接上網選課，不用再到通識中心加簽。注意:上、下學期選項重覆選修不算學分。,https://course.nuk.edu.tw/QueryCourse/tcontent.asp?OpenYear=110&Helf=2&Sclass=GR&Cono=SB12,2026-08-26T18:26:40+00:00
110-2-GR-SB13-A-2-A,110,2,共同與通識課程,GR,共同必修系列,SB13,A,大學部,2,A,體育(四)-桌球C,0,必,55,52,,3,蔡春福,,,,,,"1,2",,,"[{""day"": 5, ""dayName"": ""星期五"", ""periods"": [""1"", ""2""], ""raw"": ""1,2""}]",禁止外加 限修,限運技二、資管二、應化二、化材二、電機二B選修。大三、四重補修學生請於第三階段直接上網選課，不用再到通識中心加簽。注意:上、下學期選項重覆選修不算學分。,https://course.nuk.edu.tw/QueryCourse/tcontent.asp?OpenYear=110&Helf=2&Sclass=GR&Cono=SB13,2026-08-26T18:26:40+00:00
110-2-GR-SB21-A-2-A,110,2,共同與通識課程,GR,共同必修系列,SB21,A,大學部,2,A,體育(四)-木球A,0,必,55,47,,8,蔡春福,,"1,2",,,,,,,"[{""day"": 1, ""dayName"": ""星期一"", ""periods"": [""1"", ""2""], ""raw"": ""1,2""}]",禁止外加 限修,限西語二、法律二、財法二、應數二、生科二選修。大三、四重補修學生請於第三階段直接上網選課，不用再到通識中心加簽。注意:上、下學期選項重覆選修不算學分。,https://course.nuk.edu.tw/QueryCourse/tcontent.asp?OpenYear=110&Helf=2&Sclass=GR&Cono=SB21,2026-08-26T18:26:40+00:00
110-2-GR-SB22-A-2-A,110,2,共同與通識課程,GR,共同必修系列,SB22,A,大學部,2,A,體育(四)-木球B,0,必,55,55,,0,王士仁,,,,"1,2",,,,,"[{""day"": 3, ""dayName"": ""星期三"", ""periods"": [""1"", ""2""], ""raw"": ""1,2""}]",禁止外加 限修,限藝創二、建築二、東語二、運健休二、政法二選修。大三、四重補修學生請於第三階段直接上網選課，不用再到通識中心加簽。注意:上、下學期選項重覆選修不算學分。,https://course.nuk.edu.tw/QueryCourse/tcontent.asp?OpenYear=110&Helf=2&Sclass=GR&Cono=SB22,2026-08-26T18:26:40+00:00
110-2-GR-SB23-A-2-A,110,2,共同與通識課程,GR,共同必修系列,SB23,A,大學部,2,A,體育(四)-木球C,0,必,56,55,,1,王士仁,,,,,,"1,2",,,"[{""day"": 5, ""dayName"": ""星期五"", ""periods"": [""1"", ""2""], ""raw"": ""1,2""}]",禁止外加 限修及外加,限運技二、資管二、應化二、化材二、電機二B選修。大三、四重補修學生請於第三階段直接上網選課，不用再到通識中心加簽。注意:上、下學期選項重覆選修不算學分。,https://course.nuk.edu.tw/QueryCourse/tcontent.asp?OpenYear=110&Helf=2&Sclass=GR&Cono=SB23,2026-08-26T18:26:40+00:00
110-2-GR-SB31-A-2-A,110,2,共同與通識課程,GR,共同必修系列,SB31,A,大學部,2,A,體育(四)-羽球A,0,必,55,55,,0,高群超,,,"5,6",,,,,,"[{""day"": 2, ""dayName"": ""星期二"", ""periods"": [""5"", ""6""], ""raw"": ""5,6""}]",禁止外加 限修,限電機二A、土環二、資工二、亞太二選修。大三、四重補修學生請於第三階段直接上網選課，不用再到通識中心加簽。注意:上、下學期選項重覆選修不算學分。,https://course.nuk.edu.tw/QueryCourse/tcontent.asp?OpenYear=110&Helf=2&Sclass=GR&Cono=SB31,2026-08-26T18:26:40+00:00
110-2-GR-SB32-A-2-A,110,2,共同與通識課程,GR,共同必修系列,SB32,A,大學部,2,A,體育(四)-羽球B,0,必,55,55,,0,黃郁玲,,,,"1,2",,,,,"[{""day"": 3, ""dayName"": ""星期三"", ""periods"": [""1"", ""2""], ""raw"": ""1,2""}]",禁止外加 限修,限藝創二、建築二、東語二、運健休二、政法二選修。大三、四重補修學生請於第三階段直接上網選課，不用再到通識中心加簽。注意:上、下學期選項重覆選修不算學分。,https://course.nuk.edu.tw/QueryCourse/tcontent.asp?OpenYear=110&Helf=2&Sclass=GR&Cono=SB32,2026-08-26T18:26:40+00:00
110-2-GR-SB33-A-2-A,110,2,共同與通識課程,GR,共同必修系列,SB33,A,大學部,2,A,體育(四)-羽球C,0,必,55,55,,0,高群超,,,,"5,6",,,,,"[{""day"": 3, ""dayName"": ""星期三"", ""periods"": [""5"", ""6""], ""raw"": ""5,6""}]",禁止外加 限修,限應物二、應經二、金管二選修。大三、四重補修學生請於第三階段直接上網選課，不用再到通識中心加簽。注意:上、下學期選項重覆選修不算學分。,https://course.nuk.edu.tw/QueryCourse/tcontent.asp?OpenYear=110&Helf=2&Sclass=GR&Cono=SB33,2026-08-26T18:26:40+00:00
110-2-GR-SB41-A-2-A,110,2,共同與通識課程,GR,共同必修系列,SB41,A,大學部,2,A,體育(四)-壘球A,0,必,55,37,,18,黃勝杰,,"1,2",,,,,,,"[{""day"": 1, ""dayName"": ""星期一"", ""periods"": [""1"", ""2""], ""raw"": ""1,2""}]",禁止外加 限修,限西語二、法律二、財法二、應數二、生科二選修。大三、四重補修學生請於第三階段直接上網選課，不用再到通識中心加簽。注意:上、下學期選項重覆選修不算學分。,https://course.nuk.edu.tw/QueryCourse/tcontent.asp?OpenYear=110&Helf=2&Sclass=GR&Cono=SB41,2026-08-26T18:26:40+00:00
110-2-GR-SB42-A-2-A,110,2,共同與通識課程,GR,共同必修系列,SB42,A,大學部,2,A,體育(四)-壘球B,0,必,55,49,,6,林文俊,,,"5,6",,,,,,"[{""day"": 2, ""dayName"": ""星期二"", ""periods"": [""5"", ""6""], ""raw"": ""5,6""}]",禁止外加 限修,限電機二A、土環二、資工二、亞太二選修。大三、四重補修學生請於第三階段直接上網選課，不用再到通識中心加簽。注意:上、下學期選項重覆選修不算學分。,https://course.nuk.edu.tw/QueryCourse/tcontent.asp?OpenYear=110&Helf=2&Sclass=GR&Cono=SB42,2026-08-26T18:26:40+00:00
110-2-GR-SB51-A-2-A,110,2,共同與通識課程,GR,共同必修系列,SB51,A,大學部,2,A,體育(四)-籃球A,0,必,55,53,,2,蔡義川,,"1,2",,,,,,,"[{""day"": 1, ""dayName"": ""星期一"", ""periods"": [""1"", ""2""], ""raw"": ""1,2""}]",禁止外加 限修,限西語二、法律二、財法二、應數二、生科二選修。大三、四重補修學生請於第三階段直接上網選課，不用再到通識中心加簽。注意:上、下學期選項重覆選修不算學分。,https://course.nuk.edu.tw/QueryCourse/tcontent.asp?OpenYear=110&Helf=2&Sclass=GR&Cono=SB51,2026-08-26T18:26:40+00:00
110-2-GR-SB52-A-2-A,110,2,共同與通識課程,GR,共同必修系列,SB52,A,大學部,2,A,體育(四)-籃球B,0,必,55,54,,1,黃蔚,,,"5,6",,,,,,"[{""day"": 2, ""dayName"": ""星期二"", ""periods"": [""5"", ""6""], ""raw"": ""5,6""}]",禁止外加 限修,限電機二A、土環二、資工二、亞太二選修。大三、四重補修學生請於第三階段直接上網選課，不用再到通識中心加簽。注意:上、下學期選項重覆選修不算學分。,https://course.nuk.edu.tw/QueryCourse/tcontent.asp?OpenYear=110&Helf=2&Sclass=GR&Cono=SB52,2026-08-26T18:26:40+00:00
110-2-GR-SB53-A-2-A,110,2,共同與通識課程,GR,共同必修系列,SB53,A,大學部,2,A,體育(四)-籃球C,0,必,56,56,,0,施長和,,,,"1,2",,,,,"[{""day"": 3, ""dayName"": ""星期三"", ""periods"": [""1"", ""2""], ""raw"": ""1,2""}]",禁止外加 限修及外加,限藝創二、建築二、東語二、運健休二、政法二選修。大三、四重補修學生請於第三階段直接上網選課，不用再到通識中心加簽。注意:上、下學期選項重覆選修不算學分。,https://course.nuk.edu.tw/QueryCourse/tcontent.asp?OpenYear=110&Helf=2&Sclass=GR&Cono=SB53,2026-08-26T18:26:40+00:00
110-2-GR-SB54-A-2-A,110,2,共同與通識課程,GR,共同必修系列,SB54,A,大學部,2,A,體育(四)-籃球D,0,必,55,55,,0,蔡義川,,,,,,"1,2",,,"[{""day"": 5, ""dayName"": ""星期五"", ""periods"": [""1"", ""2""], ""raw"": ""1,2""}]",禁止外加 限修,限運技二、資管二、應化二、化材二、電機二B選修。大三、四重補修學生請於第三階段直接上網選課，不用再到通識中心加簽。注意:上、下學期選項重覆選修不算學分。,https://course.nuk.edu.tw/QueryCourse/tcontent.asp?OpenYear=110&Helf=2&Sclass=GR&Cono=SB54,2026-08-26T18:26:40+00:00
110-2-GR-SB61-A-2-A,110,2,共同與通識課程,GR,共同必修系列,SB61,A,大學部,2,A,體育(四)-排球A,0,必,55,49,,6,黃蔚,,"1,2",,,,,,,"[{""day"": 1, ""dayName"": ""星期一"", ""periods"": [""1"", ""2""], ""raw"": ""1,2""}]",禁止外加 限修,限西語二、法律二、財法二、應數二、生科二選修。大三、四重補修學生請於第三階段直接上網選課，不用再到通識中心加簽。注意:上、下學期選項重覆選修不算學分。,https://course.nuk.edu.tw/QueryCourse/tcontent.asp?OpenYear=110&Helf=2&Sclass=GR&Cono=SB61,2026-08-26T18:26:40+00:00
110-2-GR-SB62-A-2-A,110,2,共同與通識課程,GR,共同必修系列,SB62,A,大學部,2,A,體育(四)-排球B,0,必,55,51,,4,耿仕榮,,,"5,6",,,,,,"[{""day"": 2, ""dayName"": ""星期二"", ""periods"": [""5"", ""6""], ""raw"": ""5,6""}]",禁止外加 限修,限電機二A、土環二、資工二、亞太二選修。大三、四重補修學生請於第三階段直接上網選課，不用再到通識中心加簽。注意:上、下學期選項重覆選修不算學分。,https://course.nuk.edu.tw/QueryCourse/tcontent.asp?OpenYear=110&Helf=2&Sclass=GR&Cono=SB62,2026-08-26T18:26:40+00:00
110-2-GR-SB63-A-2-A,110,2,共同與通識課程,GR,共同必修系列,SB63,A,大學部,2,A,體育(四)-排球C,0,必,60,60,,0,耿仕榮,,,,"5,6",,,,,"[{""day"": 3, ""dayName"": ""星期三"", ""periods"": [""5"", ""6""], ""raw"": ""5,6""}]",禁止外加 限修及外加,限應物二、應經二、金管二選修。大三、四重補修學生請於第三階段直接上網選課，不用再到通識中心加簽。注意:上、下學期選項重覆選修不算學分。,https://course.nuk.edu.tw/QueryCourse/tcontent.asp?OpenYear=110&Helf=2&Sclass=GR&Cono=SB63,2026-08-26T18:26:40+00:00
110-2-GR-SB64-A-2-A,110,2,共同與通識課程,GR,共同必修系列,SB64,A,大學部,2,A,體育(四)-排球D,0,必,57,37,,20,許維哲,,,,,,"1,2",,,"[{""day"": 5, ""dayName"": ""星期五"", ""periods"": [""1"", ""2""], ""raw"": ""1,2""}]",禁止外加 限修及外加,限運技二、資管二、應化二、化材二、電機二B選修。大三、四重補修學生請於第三階段直接上網選課，不用再到通識中心加簽。注意:上、下學期選項重覆選修不算學分。,https://course.nuk.edu.tw/QueryCourse/tcontent.asp?OpenYear=110&Helf=2&Sclass=GR&Cono=SB64,2026-08-26T18:26:40+00:00
110-2-GR-SC13-A-2-A,110,2,共同與通識課程,GR,共同必修系列,SC13,A,大學部,2,A,體育(四)-飛盤A,0,必,55,55,,0,蔡文星,,,,"1,2",,,,,"[{""day"": 3, ""dayName"": ""星期三"", ""periods"": [""1"", ""2""], ""raw"": ""1,2""}]",禁止外加 限修,限藝創二、建築二、東語二、運健休二、政法二選修。大三、四重補修學生請於第三階段直接上網選課，不用再到通識中心加簽。注意:上、下學期選項重覆選修不算學分。,https://course.nuk.edu.tw/QueryCourse/tcontent.asp?OpenYear=110&Helf=2&Sclass=GR&Cono=SC13,2026-08-26T18:26:40+00:00
110-2-GR-SC21-A-2-A,110,2,共同與通識課程,GR,共同必修系列,SC21,A,大學部,2,A,體育(四)-籃網球A,0,必,55,37,,18,宋洪經,,,,,,"1,2",,,"[{""day"": 5, ""dayName"": ""星期五"", ""periods"": [""1"", ""2""], ""raw"": ""1,2""}]",禁止外加 限修,限運技二、資管二、應化二、化材二、電機二B選修。大三、四重補修學生請於第三階段直接上網選課，不用再到通識中心加簽。注意:上、下學期選項重覆選修不算學分。,https://course.nuk.edu.tw/QueryCourse/tcontent.asp?OpenYear=110&Helf=2&Sclass=GR&Cono=SC21,2026-08-26T18:26:40+00:00
110-2-IN-A003-A-1-A,110,2,共同與通識課程,IN,興趣選修,A003,A,大學部,1,A,華語閱讀班(二),2,選,8,8,,0,黃文娟,L02-103,,,"7,8",,,,,"[{""day"": 3, ""dayName"": ""星期三"", ""periods"": [""7"", ""8""], ""raw"": ""7,8""}]",外加,"1.限母語為非華語者之同學選修,選修此班需經教師認定核可 2.本課程不計入通識學分，經學系認定後得列入畢業學分",https://course.nuk.edu.tw/QueryCourse/tcontent.asp?OpenYear=110&Helf=2&Sclass=IN&Cono=A003,2026-08-26T18:26:40+00:00
110-2-LI-A036-A-1-A,110,2,共同與通識課程,LI,通識人文科學類,A036,A,大學部,1,A,禪宗經典智慧,2,選,60,56,,4,蕭愛蓉,B01-109,,"3,4",,,,,,"[{""day"": 2, ""dayName"": ""星期二"", ""periods"": [""3"", ""4""], ""raw"": ""3,4""}]",禁止外加,,https://course.nuk.edu.tw/QueryCourse/tcontent.asp?OpenYear=110&Helf=2&Sclass=LI&Cono=A036,2026-08-26T18:26:40+00:00
110-2-LI-A051-A-1-A,110,2,共同與通識課程,LI,通識人文科學類,A051,A,大學部,1,A,台灣文學,2,選,60,60,,0,黃淑瑮,B01-105,,,"5,6",,,,,"[{""day"": 3, ""dayName"": ""星期三"", ""periods"": [""5"", ""6""], ""raw"": ""5,6""}]",禁止外加,,https://course.nuk.edu.tw/QueryCourse/tcontent.asp?OpenYear=110&Helf=2&Sclass=LI&Cono=A051,2026-08-26T18:26:40+00:00
110-2-LI-A114-A-1-A,110,2,共同與通識課程,LI,通識人文科學類,A114,A,大學部,1,A,日本繪本,2,選,60,37,,23,錢秋茜,B01-106,,,,,"5,6",,,"[{""day"": 5, ""dayName"": ""星期五"", ""periods"": [""5"", ""6""], ""raw"": ""5,6""}]",禁止外加,1.本課程需具備50音基礎,https://course.nuk.edu.tw/QueryCourse/tcontent.asp?OpenYear=110&Helf=2&Sclass=LI&Cono=A114,2026-08-26T18:26:40+00:00
110-2-LI-A174-A-1-A,110,2,共同與通識課程,LI,通識人文科學類,A174,A,大學部,1,A,新詩創作(A),2,選,60,60,,0,張忠進,B01-109,"3,4",,,,,,,"[{""day"": 1, ""dayName"": ""星期一"", ""periods"": [""3"", ""4""], ""raw"": ""3,4""}]",禁止外加,,https://course.nuk.edu.tw/QueryCourse/tcontent.asp?OpenYear=110&Helf=2&Sclass=LI&Cono=A174,2026-08-26T18:26:40+00:00
110-2-LI-A184-A-1-A,110,2,共同與通識課程,LI,通識人文科學類,A184,A,大學部,1,A,現代文學選讀與習作,2,選,60,60,,0,張忠進,B01-109,"1,2",,,,,,,"[{""day"": 1, ""dayName"": ""星期一"", ""periods"": [""1"", ""2""], ""raw"": ""1,2""}]",禁止外加,,https://course.nuk.edu.tw/QueryCourse/tcontent.asp?OpenYear=110&Helf=2&Sclass=LI&Cono=A184,2026-08-26T18:26:40+00:00
110-2-LI-A204-A-1-A,110,2,共同與通識課程,LI,通識人文科學類,A204,A,大學部,1,A,應用文習作,2,選,60,56,,4,陳猷青,B01-107,,,,"5,6",,,,"[{""day"": 4, ""dayName"": ""星期四"", ""periods"": [""5"", ""6""], ""raw"": ""5,6""}]",禁止外加,,https://course.nuk.edu.tw/QueryCourse/tcontent.asp?OpenYear=110&Helf=2&Sclass=LI&Cono=A204,2026-08-26T18:26:40+00:00
110-2-LI-A213-A-1-A,110,2,共同與通識課程,LI,通識人文科學類,A213,A,大學部,1,A,田野調查,3,選,40,40,,0,翁烔慶,B01-103,,,,"5,6, 7",,,,"[{""day"": 4, ""dayName"": ""星期四"", ""periods"": [""5"", ""6"", ""7""], ""raw"": ""5,6, 7""}]",禁止外加,,https://course.nuk.edu.tw/QueryCourse/tcontent.asp?OpenYear=110&Helf=2&Sclass=LI&Cono=A213,2026-08-26T18:26:40+00:00
110-2-LI-A216-A-1-A,110,2,共同與通識課程,LI,通識人文科學類,A216,A,大學部,1,A,籤詩文學與寺廟文化,2,選,60,60,,0,翁烔慶,B01-103,,,,"3,4",,,,"[{""day"": 4, ""dayName"": ""星期四"", ""periods"": [""3"", ""4""], ""raw"": ""3,4""}]",禁止外加,,https://course.nuk.edu.tw/QueryCourse/tcontent.asp?OpenYear=110&Helf=2&Sclass=LI&Cono=A216,2026-08-26T18:26:40+00:00
110-2-LI-A343-A-1-A,110,2,共同與通識課程,LI,通識人文科學類,A343,A,大學部,1,A,人生哲學,2,選,60,60,,0,蕭愛蓉,B01-109,,"5,6",,,,,,"[{""day"": 2, ""dayName"": ""星期二"", ""periods"": [""5"", ""6""], ""raw"": ""5,6""}]",禁止外加,,https://course.nuk.edu.tw/QueryCourse/tcontent.asp?OpenYear=110&Helf=2&Sclass=LI&Cono=A343,2026-08-26T18:26:40+00:00
110-2-LI-A345-A-1-A,110,2,共同與通識課程,LI,通識人文科學類,A345,A,大學部,1,A,基督宗教的生命教育,2,選,60,50,,10,蔡仁傑,B01-107,"1,2",,,,,,,"[{""day"": 1, ""dayName"": ""星期一"", ""periods"": [""1"", ""2""], ""raw"": ""1,2""}]",禁止外加,,https://course.nuk.edu.tw/QueryCourse/tcontent.asp?OpenYear=110&Helf=2&Sclass=LI&Cono=A345,2026-08-26T18:26:40+00:00
110-2-LI-A373-A-1-A,110,2,共同與通識課程,LI,通識人文科學類,A373,A,大學部,1,A,音樂與戲劇,2,選,60,60,,0,羅文秀,L01-103,"5,6",,,,,,,"[{""day"": 1, ""dayName"": ""星期一"", ""periods"": [""5"", ""6""], ""raw"": ""5,6""}]",禁止外加,,https://course.nuk.edu.tw/QueryCourse/tcontent.asp?OpenYear=110&Helf=2&Sclass=LI&Cono=A373,2026-08-26T18:26:40+00:00
110-2-LI-A374-A-1-A,110,2,共同與通識課程,LI,通識人文科學類,A374,A,大學部,1,A,古典音樂導聆,2,選,60,60,,0,蔡麗芬,L01-103,,,,"5,6",,,,"[{""day"": 4, ""dayName"": ""星期四"", ""periods"": [""5"", ""6""], ""raw"": ""5,6""}]",禁止外加,,https://course.nuk.edu.tw/QueryCourse/tcontent.asp?OpenYear=110&Helf=2&Sclass=LI&Cono=A374,2026-08-26T18:26:40+00:00
110-2-LI-A451-A-1-A,110,2,共同與通識課程,LI,通識人文科學類,A451,A,大學部,1,A,古典短篇小說選讀,2,選,60,20,,40,賴素玫,L02-102,,"5,6",,,,,,"[{""day"": 2, ""dayName"": ""星期二"", ""periods"": [""5"", ""6""], ""raw"": ""5,6""}]",禁止外加,,https://course.nuk.edu.tw/QueryCourse/tcontent.asp?OpenYear=110&Helf=2&Sclass=LI&Cono=A451,2026-08-26T18:26:40+00:00
110-2-LI-A497-A-1-A,110,2,共同與通識課程,LI,通識人文科學類,A497,A,大學部,1,A,台灣之流行音樂與社會變遷,2,選,60,60,,0,陳怡靜,L01-103,,,,,"5,6",,,"[{""day"": 5, ""dayName"": ""星期五"", ""periods"": [""5"", ""6""], ""raw"": ""5,6""}]",禁止外加,,https://course.nuk.edu.tw/QueryCourse/tcontent.asp?OpenYear=110&Helf=2&Sclass=LI&Cono=A497,2026-08-26T18:26:40+00:00
110-2-LI-A584-A-1-A,110,2,共同與通識課程,LI,通識人文科學類,A584,A,大學部,1,A,《易經》與人生,2,選,60,60,,0,盧秀仁,C02-104,"5,6",,,,,,,"[{""day"": 1, ""dayName"": ""星期一"", ""periods"": [""5"", ""6""], ""raw"": ""5,6""}]",禁止外加,,https://course.nuk.edu.tw/QueryCourse/tcontent.asp?OpenYear=110&Helf=2&Sclass=LI&Cono=A584,2026-08-26T18:26:40+00:00
110-2-LI-A585-A-1-A,110,2,共同與通識課程,LI,通識人文科學類,A585,A,大學部,1,A,《易經》與風水,2,選,60,60,,0,盧秀仁,C02-104,"7,8",,,,,,,"[{""day"": 1, ""dayName"": ""星期一"", ""periods"": [""7"", ""8""], ""raw"": ""7,8""}]",禁止外加,,https://course.nuk.edu.tw/QueryCourse/tcontent.asp?OpenYear=110&Helf=2&Sclass=LI&Cono=A585,2026-08-26T18:26:40+00:00
110-2-LI-A586-A-1-A,110,2,共同與通識課程,LI,通識人文科學類,A586,A,大學部,1,A,陰陽五行思想與中華文化,2,選,60,30,,30,陳德興,B01-106,,,"3,4",,,,,"[{""day"": 3, ""dayName"": ""星期三"", ""periods"": [""3"", ""4""], ""raw"": ""3,4""}]",禁止外加,,https://course.nuk.edu.tw/QueryCourse/tcontent.asp?OpenYear=110&Helf=2&Sclass=LI&Cono=A586,2026-08-26T18:26:40+00:00
110-2-LI-A606-A-1-A,110,2,共同與通識課程,LI,通識人文科學類,A606,A,大學部,1,A,從國家公園看見台灣,2,選,40,14,,26,蔡奎如,M01-205,"5,6",,,,,,,"[{""day"": 1, ""dayName"": ""星期一"", ""periods"": [""5"", ""6""], ""raw"": ""5,6""}]",禁止外加,全英文授課,https://course.nuk.edu.tw/QueryCourse/tcontent.asp?OpenYear=110&Helf=2&Sclass=LI&Cono=A606,2026-08-26T18:26:40+00:00
110-2-LI-A634-A-1-A,110,2,共同與通識課程,LI,通識人文科學類,A634,A,大學部,1,A,視覺藝術概論,2,選,60,59,,1,林殷齊,B01-104,,,,"5,6",,,,"[{""day"": 4, ""dayName"": ""星期四"", ""periods"": [""5"", ""6""], ""raw"": ""5,6""}]",禁止外加,,https://course.nuk.edu.tw/QueryCourse/tcontent.asp?OpenYear=110&Helf=2&Sclass=LI&Cono=A634,2026-08-26T18:26:40+00:00
110-2-LI-A714-A-1-A,110,2,共同與通識課程,LI,通識人文科學類,A714,A,大學部,1,A,戲曲藝術入門與賞析,2,選,60,19,,41,王海玲,B01-103,,,,,"8,9",,,"[{""day"": 5, ""dayName"": ""星期五"", ""periods"": [""8"", ""9""], ""raw"": ""8,9""}]",禁止外加,,https://course.nuk.edu.tw/QueryCourse/tcontent.asp?OpenYear=110&Helf=2&Sclass=LI&Cono=A714,2026-08-26T18:26:40+00:00
110-2-LI-A810-A-1-A,110,2,共同與通識課程,LI,通識人文科學類,A810,A,大學部,1,A,電影文學與人生,2,選,60,60,,0,高美芸,L01-103,,,,"7,8",,,,"[{""day"": 4, ""dayName"": ""星期四"", ""periods"": [""7"", ""8""], ""raw"": ""7,8""}]",禁止外加,,https://course.nuk.edu.tw/QueryCourse/tcontent.asp?OpenYear=110&Helf=2&Sclass=LI&Cono=A810,2026-08-26T18:26:40+00:00
110-2-LI-A831-A-1-A,110,2,共同與通識課程,LI,通識人文科學類,A831,A,大學部,1,A,台灣歷史與文化,2,選,60,15,,45,楊書濠 洪聖斐,L02-204,"8,9",,,,,,,"[{""day"": 1, ""dayName"": ""星期一"", ""periods"": [""8"", ""9""], ""raw"": ""8,9""}]",禁止外加,本課程包含18小時之線上課程，學生必須加入磨課師平台參與課程教學及討論,https://course.nuk.edu.tw/QueryCourse/tcontent.asp?OpenYear=110&Helf=2&Sclass=LI&Cono=A831,2026-08-26T18:26:40+00:00
110-2-LI-A842-A-1-A,110,2,共同與通識課程,LI,通識人文科學類,A842,A,大學部,1,A,台灣原住民族文化,2,選,60,60,,0,林富水,L02-201,,,"5,6",,,,,"[{""day"": 3, ""dayName"": ""星期三"", ""periods"": [""5"", ""6""], ""raw"": ""5,6""}]",禁止外加,,https://course.nuk.edu.tw/QueryCourse/tcontent.asp?OpenYear=110&Helf=2&Sclass=LI&Cono=A842,2026-08-26T18:26:40+00:00
110-2-LI-A844-A-1-A,110,2,共同與通識課程,LI,通識人文科學類,A844,A,大學部,1,A,台灣原住民族藝術文化,2,選,60,56,,4,陳海雲 業界教師,C02-107 其他教室,,"9,10",,,,,,"[{""day"": 2, ""dayName"": ""星期二"", ""periods"": [""9"", ""10""], ""raw"": ""9,10""}]",,課程相關問題請聯繫,https://course.nuk.edu.tw/QueryCourse/tcontent.asp?OpenYear=110&Helf=2&Sclass=LI&Cono=A844,2026-08-26T18:26:40+00:00
110-2-LI-B013-A-1-A,110,2,共同與通識課程,LI,通識人文科學類,B013,A,大學部,1,A,電影中的音樂媒介,2,選,60,60,,0,陳怡靜,L01-103,,,,,"3,4",,,"[{""day"": 5, ""dayName"": ""星期五"", ""periods"": [""3"", ""4""], ""raw"": ""3,4""}]",禁止外加,,https://course.nuk.edu.tw/QueryCourse/tcontent.asp?OpenYear=110&Helf=2&Sclass=LI&Cono=B013,2026-08-26T18:26:40+00:00
110-2-LI-B014-A-1-A,110,2,共同與通識課程,LI,通識人文科學類,B014,A,大學部,1,A,從巴洛克到搖滾樂,2,選,60,60,,0,陳怡靜,L01-103,,,,,"1,2",,,"[{""day"": 5, ""dayName"": ""星期五"", ""periods"": [""1"", ""2""], ""raw"": ""1,2""}]",禁止外加,,https://course.nuk.edu.tw/QueryCourse/tcontent.asp?OpenYear=110&Helf=2&Sclass=LI&Cono=B014,2026-08-26T18:26:40+00:00
110-2-LI-B015-A-1-A,110,2,共同與通識課程,LI,通識人文科學類,B015,A,大學部,1,A,電影音樂欣賞,2,選,60,60,,0,蔡麗芬,L01-103,,,,"3,4",,,,"[{""day"": 4, ""dayName"": ""星期四"", ""periods"": [""3"", ""4""], ""raw"": ""3,4""}]",禁止外加,,https://course.nuk.edu.tw/QueryCourse/tcontent.asp?OpenYear=110&Helf=2&Sclass=LI&Cono=B015,2026-08-26T18:26:40+00:00
110-2-LI-B032-A-1-A,110,2,共同與通識課程,LI,通識人文科學類,B032,A,大學部,1,A,日本社會與語言,2,選,60,60,,0,蔡仁傑,B01-107,"3,4",,,,,,,"[{""day"": 1, ""dayName"": ""星期一"", ""periods"": [""3"", ""4""], ""raw"": ""3,4""}]",禁止外加,,https://course.nuk.edu.tw/QueryCourse/tcontent.asp?OpenYear=110&Helf=2&Sclass=LI&Cono=B032,2026-08-26T18:26:40+00:00
110-2-LI-B068-A-1-A,110,2,共同與通識課程,LI,通識人文科學類,B068,A,大學部,1,A,初級日語會話(二),2,選,40,40,,0,錢秋茜,B01-106,,,,,"3,4",,,"[{""day"": 5, ""dayName"": ""星期五"", ""periods"": [""3"", ""4""], ""raw"": ""3,4""}]",禁止外加,東語系日文組；或以日語為母語者請勿選修,https://course.nuk.edu.tw/QueryCourse/tcontent.asp?OpenYear=110&Helf=2&Sclass=LI&Cono=B068,2026-08-26T18:26:40+00:00
110-2-LI-B069-A-1-A,110,2,共同與通識課程,LI,通識人文科學類,B069,A,大學部,1,A,職場英文聽讀訓練,2,選,40,40,,0,王靜嫻,B01-109,"7,8",,,,,,,"[{""day"": 1, ""dayName"": ""星期一"", ""periods"": [""7"", ""8""], ""raw"": ""7,8""}]",禁止外加 限修,西語系，或母語為英語者請勿選修。,https://course.nuk.edu.tw/QueryCourse/tcontent.asp?OpenYear=110&Helf=2&Sclass=LI&Cono=B069,2026-08-26T18:26:40+00:00
110-2-LI-B070-A-1-A,110,2,共同與通識課程,LI,通識人文科學類,B070,A,大學部,1,A,全民英檢準備班,2,選,40,38,,2,翁嵐瑜,B01-104,,,"7,8",,,,,"[{""day"": 3, ""dayName"": ""星期三"", ""periods"": [""7"", ""8""], ""raw"": ""7,8""}]",禁止外加 限修,西語系，或母語為英語者請勿選修。,https://course.nuk.edu.tw/QueryCourse/tcontent.asp?OpenYear=110&Helf=2&Sclass=LI&Cono=B070,2026-08-26T18:26:40+00:00
110-2-LI-B086-A-1-A,110,2,共同與通識課程,LI,通識人文科學類,B086,A,大學部,1,A,基礎法語(二),2,選,40,35,,5,歐陽蒨,B01-108,,"3,4",,,,,,"[{""day"": 2, ""dayName"": ""星期二"", ""periods"": [""3"", ""4""], ""raw"": ""3,4""}]",禁止外加,,https://course.nuk.edu.tw/QueryCourse/tcontent.asp?OpenYear=110&Helf=2&Sclass=LI&Cono=B086,2026-08-26T18:26:40+00:00
110-2-LI-B087-A-1-A,110,2,共同與通識課程,LI,通識人文科學類,B087,A,大學部,1,A,工商英文聽力和閱讀訓練,2,選,60,48,,12,王淑雱,C02-103,,,,,"5,6",,,"[{""day"": 5, ""dayName"": ""星期五"", ""periods"": [""5"", ""6""], ""raw"": ""5,6""}]",限修,限理學院及西語系同學選修,https://course.nuk.edu.tw/QueryCourse/tcontent.asp?OpenYear=110&Helf=2&Sclass=LI&Cono=B087,2026-08-26T18:26:40+00:00
110-2-LI-B088-A-1-A,110,2,共同與通識課程,LI,通識人文科學類,B088,A,大學部,1,A,旅遊商務英文,2,選,40,40,,0,唐淑芳,B01-108,"9,10",,,,,,,"[{""day"": 1, ""dayName"": ""星期一"", ""periods"": [""9"", ""10""], ""raw"": ""9,10""}]",禁止外加 限修,西語系，或母語為英語者請勿選修。,https://course.nuk.edu.tw/QueryCourse/tcontent.asp?OpenYear=110&Helf=2&Sclass=LI&Cono=B088,2026-08-26T18:26:40+00:00
110-2-LI-B089-A-1-A,110,2,共同與通識課程,LI,通識人文科學類,B089,A,大學部,1,A,運動飲食英文,2,選,40,40,,0,許建華,B01-109,,,,,"5,6",,,"[{""day"": 5, ""dayName"": ""星期五"", ""periods"": [""5"", ""6""], ""raw"": ""5,6""}]",禁止外加 限修,全英文授課；西語系，或母語為英語者請勿選修。,https://course.nuk.edu.tw/QueryCourse/tcontent.asp?OpenYear=110&Helf=2&Sclass=LI&Cono=B089,2026-08-26T18:26:40+00:00
110-2-LI-B090-A-1-A,110,2,共同與通識課程,LI,通識人文科學類,B090,A,大學部,1,A,英語口語表達,2,選,40,15,,25,歐素雯,B01-109,,,"3,4",,,,,"[{""day"": 3, ""dayName"": ""星期三"", ""periods"": [""3"", ""4""], ""raw"": ""3,4""}]",禁止外加 限修,全英文授課；西語系，或母語為英語者請勿選修。,https://course.nuk.edu.tw/QueryCourse/tcontent.asp?OpenYear=110&Helf=2&Sclass=LI&Cono=B090,2026-08-26T18:26:40+00:00
110-2-LI-B201-A-1-A,110,2,共同與通識課程,LI,通識人文科學類,B201,A,大學部,1,A,初級越南語(一),2,選,40,40,,0,范氏香蘭,L02-101,,,"5,6",,,,,"[{""day"": 3, ""dayName"": ""星期三"", ""periods"": [""5"", ""6""], ""raw"": ""5,6""}]",禁止外加,東語系越語組，或母語為越語者請勿選修,https://course.nuk.edu.tw/QueryCourse/tcontent.asp?OpenYear=110&Helf=2&Sclass=LI&Cono=B201,2026-08-26T18:26:40+00:00
110-2-LI-B202-A-1-A,110,2,共同與通識課程,LI,通識人文科學類,B202,A,大學部,1,A,初級越南語(二),2,選,40,40,,0,范氏香蘭,L02-103,,,,"5,6",,,,"[{""day"": 4, ""dayName"": ""星期四"", ""periods"": [""5"", ""6""], ""raw"": ""5,6""}]",禁止外加,東語系越語組，或母語為越語者請勿選修。,https://course.nuk.edu.tw/QueryCourse/tcontent.asp?OpenYear=110&Helf=2&Sclass=LI&Cono=B202,2026-08-26T18:26:40+00:00
110-2-SC-A022-A-1-A,110,2,共同與通識課程,SC,通識自然科學類,A022,A,大學部,1,A,探索地球,2,選,60,33,,27,周孟麟,L02-201,,,"3,4",,,,,"[{""day"": 3, ""dayName"": ""星期三"", ""periods"": [""3"", ""4""], ""raw"": ""3,4""}]",禁止外加,,https://course.nuk.edu.tw/QueryCourse/tcontent.asp?OpenYear=110&Helf=2&Sclass=SC&Cono=A022,2026-08-26T18:26:40+00:00
110-2-SC-A142-A-1-A,110,2,共同與通識課程,SC,通識自然科學類,A142,A,大學部,1,A,生活中的數學,2,選,59,59,,0,張雲清,M01-105,"5,6",,,,,,,"[{""day"": 1, ""dayName"": ""星期一"", ""periods"": [""5"", ""6""], ""raw"": ""5,6""}]",禁止外加,張雲清老師,https://course.nuk.edu.tw/QueryCourse/tcontent.asp?OpenYear=110&Helf=2&Sclass=SC&Cono=A142,2026-08-26T18:26:40+00:00
110-2-SC-A286-A-1-A,110,2,共同與通識課程,SC,通識自然科學類,A286,A,大學部,1,A,傳統推拿整復概論,2,選,40,40,,0,劉明坤,C02-101 其他教室,,,"10,11",,,,,"[{""day"": 3, ""dayName"": ""星期三"", ""periods"": [""10"", ""11""], ""raw"": ""10,11""}]",禁止外加,第11-16周至K01-210按摩教室上課,https://course.nuk.edu.tw/QueryCourse/tcontent.asp?OpenYear=110&Helf=2&Sclass=SC&Cono=A286,2026-08-26T18:26:40+00:00
110-2-SC-A293-A-1-A,110,2,共同與通識課程,SC,通識自然科學類,A293,A,大學部,1,A,環境保護,2,選,60,60,,0,倪麥童,B01-107,"10,11",,,,,,,"[{""day"": 1, ""dayName"": ""星期一"", ""periods"": [""10"", ""11""], ""raw"": ""10,11""}]",禁止外加,,https://course.nuk.edu.tw/QueryCourse/tcontent.asp?OpenYear=110&Helf=2&Sclass=SC&Cono=A293,2026-08-26T18:26:40+00:00
110-2-SC-A483-A-1-A,110,2,共同與通識課程,SC,通識自然科學類,A483,A,大學部,1,A,自然保育概論,2,選,60,60,,0,蘇永銘,B01-106,,,,"7,8",,,,"[{""day"": 4, ""dayName"": ""星期四"", ""periods"": [""7"", ""8""], ""raw"": ""7,8""}]",禁止外加,,https://course.nuk.edu.tw/QueryCourse/tcontent.asp?OpenYear=110&Helf=2&Sclass=SC&Cono=A483,2026-08-26T18:26:40+00:00
110-2-SC-A572-A-1-A,110,2,共同與通識課程,SC,通識自然科學類,A572,A,大學部,1,A,常用藥物基本知識,2,選,60,60,,0,戴秀卿,B01-109,,,,,"10,11",,,"[{""day"": 5, ""dayName"": ""星期五"", ""periods"": [""10"", ""11""], ""raw"": ""10,11""}]",禁止外加,,https://course.nuk.edu.tw/QueryCourse/tcontent.asp?OpenYear=110&Helf=2&Sclass=SC&Cono=A572,2026-08-26T18:26:40+00:00
110-2-SC-A593-A-1-A,110,2,共同與通識課程,SC,通識自然科學類,A593,A,大學部,1,A,科學思維: 科學家怎麼想,2,選,60,59,,1,林明良,B01-106,,"10,11",,,,,,"[{""day"": 2, ""dayName"": ""星期二"", ""periods"": [""10"", ""11""], ""raw"": ""10,11""}]",禁止外加,,https://course.nuk.edu.tw/QueryCourse/tcontent.asp?OpenYear=110&Helf=2&Sclass=SC&Cono=A593,2026-08-26T18:26:40+00:00
110-2-SC-A621-A-1-A,110,2,共同與通識課程,SC,通識自然科學類,A621,A,大學部,1,A,人類生殖探秘,2,選,60,60,,0,劉紹東,H1--107,,,,"3,4",,,,"[{""day"": 4, ""dayName"": ""星期四"", ""periods"": [""3"", ""4""], ""raw"": ""3,4""}]",禁止外加 限修,運休系同學請勿選修,https://course.nuk.edu.tw/QueryCourse/tcontent.asp?OpenYear=110&Helf=2&Sclass=SC&Cono=A621,2026-08-26T18:26:40+00:00
110-2-SC-A685-A-1-A,110,2,共同與通識課程,SC,通識自然科學類,A685,A,大學部,1,A,生態環境解說,2,選,60,56,,4,陳奕亮,L02-101,"7,8",,,,,,,"[{""day"": 1, ""dayName"": ""星期一"", ""periods"": [""7"", ""8""], ""raw"": ""7,8""}]",禁止外加,english proficiency required,https://course.nuk.edu.tw/QueryCourse/tcontent.asp?OpenYear=110&Helf=2&Sclass=SC&Cono=A685,2026-08-26T18:26:40+00:00
110-2-SC-A711-A-1-A,110,2,共同與通識課程,SC,通識自然科學類,A711,A,大學部,1,A,健康與生活,2,選,60,59,,1,戴秀卿,B01-109,,,,,"8,9",,,"[{""day"": 5, ""dayName"": ""星期五"", ""periods"": [""8"", ""9""], ""raw"": ""8,9""}]",禁止外加,,https://course.nuk.edu.tw/QueryCourse/tcontent.asp?OpenYear=110&Helf=2&Sclass=SC&Cono=A711,2026-08-26T18:26:40+00:00
110-2-SC-A741-A-1-A,110,2,共同與通識課程,SC,通識自然科學類,A741,A,大學部,1,A,國際標準舞理論與實務,2,選,40,40,,0,孫美蓮,K01-004,"7,8",,,,,,,"[{""day"": 1, ""dayName"": ""星期一"", ""periods"": [""7"", ""8""], ""raw"": ""7,8""}]",禁止外加,運健休大樓-體適能教室上課,https://course.nuk.edu.tw/QueryCourse/tcontent.asp?OpenYear=110&Helf=2&Sclass=SC&Cono=A741,2026-08-26T18:26:40+00:00
110-2-SC-A775-A-1-A,110,2,共同與通識課程,SC,通識自然科學類,A775,A,大學部,1,A,飛鏢理論與實務,2,選,40,40,,0,孫美蓮,,"5,6",,,,,,,"[{""day"": 1, ""dayName"": ""星期一"", ""periods"": [""5"", ""6""], ""raw"": ""5,6""}]",禁止外加,運休大樓游泳池前集合,https://course.nuk.edu.tw/QueryCourse/tcontent.asp?OpenYear=110&Helf=2&Sclass=SC&Cono=A775,2026-08-26T18:26:40+00:00
110-2-SC-A785-A-1-A,110,2,共同與通識課程,SC,通識自然科學類,A785,A,大學部,1,A,休閒概論,2,選,40,40,,0,李福恩,K01-202,"8,9",,,,,,,"[{""day"": 1, ""dayName"": ""星期一"", ""periods"": [""8"", ""9""], ""raw"": ""8,9""}]",禁止外加,,https://course.nuk.edu.tw/QueryCourse/tcontent.asp?OpenYear=110&Helf=2&Sclass=SC&Cono=A785,2026-08-26T18:26:40+00:00
110-2-SC-A798-A-1-A,110,2,共同與通識課程,SC,通識自然科學類,A798,A,大學部,1,A,資訊基本能力,2,選,50,50,,0,董建弘,L01-107,"9,10",,,,,,,"[{""day"": 1, ""dayName"": ""星期一"", ""periods"": [""9"", ""10""], ""raw"": ""9,10""}]",禁止外加,,https://course.nuk.edu.tw/QueryCourse/tcontent.asp?OpenYear=110&Helf=2&Sclass=SC&Cono=A798,2026-08-26T18:26:40+00:00
110-2-SC-A799-A-1-A,110,2,共同與通識課程,SC,通識自然科學類,A799,A,大學部,1,A,資訊安全概論,2,選,50,49,,1,趙志宏,L01-107,"3,4",,,,,,,"[{""day"": 1, ""dayName"": ""星期一"", ""periods"": [""3"", ""4""], ""raw"": ""3,4""}]",禁止外加,,https://course.nuk.edu.tw/QueryCourse/tcontent.asp?OpenYear=110&Helf=2&Sclass=SC&Cono=A799,2026-08-26T18:26:40+00:00
110-2-SC-A901-A-1-A,110,2,共同與通識課程,SC,通識自然科學類,A901,A,大學部,1,A,網路資訊挖掘,2,選,50,39,,11,蔡毓娟,L01-108,,,,,"9,10",,,"[{""day"": 5, ""dayName"": ""星期五"", ""periods"": [""9"", ""10""], ""raw"": ""9,10""}]",禁止外加 限修,資工系大三、大四同學請勿選修,https://course.nuk.edu.tw/QueryCourse/tcontent.asp?OpenYear=110&Helf=2&Sclass=SC&Cono=A901,2026-08-26T18:26:40+00:00
110-2-SC-A902-A-1-A,110,2,共同與通識課程,SC,通識自然科學類,A902,A,大學部,1,A,基礎程式設計,2,選,50,48,,2,曾智義,L01-108,"3,4",,,,,,,"[{""day"": 1, ""dayName"": ""星期一"", ""periods"": [""3"", ""4""], ""raw"": ""3,4""}]",禁止外加,,https://course.nuk.edu.tw/QueryCourse/tcontent.asp?OpenYear=110&Helf=2&Sclass=SC&Cono=A902,2026-08-26T18:26:40+00:00
110-2-SC-A903-A-1-A,110,2,共同與通識課程,SC,通識自然科學類,A903,A,大學部,1,A,基礎程式設計,2,選,50,47,,3,曾智義,L01-108,,,"3,4",,,,,"[{""day"": 3, ""dayName"": ""星期三"", ""periods"": [""3"", ""4""], ""raw"": ""3,4""}]",禁止外加,,https://course.nuk.edu.tw/QueryCourse/tcontent.asp?OpenYear=110&Helf=2&Sclass=SC&Cono=A903,2026-08-26T18:26:40+00:00
110-2-SC-A904-A-1-A,110,2,共同與通識課程,SC,通識自然科學類,A904,A,大學部,1,A,體驗設計思維,2,選,50,50,,0,曾智義,B01-107,,"3,4",,,,,,"[{""day"": 2, ""dayName"": ""星期二"", ""periods"": [""3"", ""4""], ""raw"": ""3,4""}]",禁止外加,,https://course.nuk.edu.tw/QueryCourse/tcontent.asp?OpenYear=110&Helf=2&Sclass=SC&Cono=A904,2026-08-26T18:26:40+00:00
110-2-SO-A012-A-1-A,110,2,共同與通識課程,SO,通識社會科學類,A012,A,大學部,1,A,生活經濟學,2,選,60,60,,0,鄭義暉,M01-205,,,"7,8",,,,,"[{""day"": 3, ""dayName"": ""星期三"", ""periods"": [""7"", ""8""], ""raw"": ""7,8""}]",禁止外加 限修,管院同學請勿選修,https://course.nuk.edu.tw/QueryCourse/tcontent.asp?OpenYear=110&Helf=2&Sclass=SO&Cono=A012,2026-08-26T18:26:40+00:00
110-2-SO-A183-A-1-A,110,2,共同與通識課程,SO,通識社會科學類,A183,A,大學部,1,A,性別與法律,2,選,60,60,,0,陳玫君,B01-107,,"10,11",,,,,,"[{""day"": 2, ""dayName"": ""星期二"", ""periods"": [""10"", ""11""], ""raw"": ""10,11""}]",禁止外加,,https://course.nuk.edu.tw/QueryCourse/tcontent.asp?OpenYear=110&Helf=2&Sclass=SO&Cono=A183,2026-08-26T18:26:40+00:00
110-2-SO-A188-A-1-A,110,2,共同與通識課程,SO,通識社會科學類,A188,A,大學部,1,A,多元性別與親密關係,2,選,60,60,,0,陳靜儀,M01-208,"5,6",,,,,,,"[{""day"": 1, ""dayName"": ""星期一"", ""periods"": [""5"", ""6""], ""raw"": ""5,6""}]",禁止外加,,https://course.nuk.edu.tw/QueryCourse/tcontent.asp?OpenYear=110&Helf=2&Sclass=SO&Cono=A188,2026-08-26T18:26:40+00:00
110-2-SO-A226-A-1-A,110,2,共同與通識課程,SO,通識社會科學類,A226,A,大學部,1,A,國際會展公關禮儀,2,選,60,21,,39,張秀瓊,B01-106,,,,"5,6",,,,"[{""day"": 4, ""dayName"": ""星期四"", ""periods"": [""5"", ""6""], ""raw"": ""5,6""}]",禁止外加,,https://course.nuk.edu.tw/QueryCourse/tcontent.asp?OpenYear=110&Helf=2&Sclass=SO&Cono=A226,2026-08-26T18:26:40+00:00
110-2-SO-A365-A-1-A,110,2,共同與通識課程,SO,通識社會科學類,A365,A,大學部,1,A,領導統御,2,選,60,21,,39,蔣遠平,B01-107,,,,,"7,8",,,"[{""day"": 5, ""dayName"": ""星期五"", ""periods"": [""7"", ""8""], ""raw"": ""7,8""}]",禁止外加,,https://course.nuk.edu.tw/QueryCourse/tcontent.asp?OpenYear=110&Helf=2&Sclass=SO&Cono=A365,2026-08-26T18:26:40+00:00
110-2-SO-A366-A-1-A,110,2,共同與通識課程,SO,通識社會科學類,A366,A,大學部,1,A,國際關係,2,選,60,49,,11,楊筑尹,L02-108,"7,8",,,,,,,"[{""day"": 1, ""dayName"": ""星期一"", ""periods"": [""7"", ""8""], ""raw"": ""7,8""}]",禁止外加,,https://course.nuk.edu.tw/QueryCourse/tcontent.asp?OpenYear=110&Helf=2&Sclass=SO&Cono=A366,2026-08-26T18:26:40+00:00
110-2-SO-A367-A-1-A,110,2,共同與通識課程,SO,通識社會科學類,A367,A,大學部,1,A,孫子兵法,2,選,60,56,,4,蔣遠平,B01-107,,,,,"5,6",,,"[{""day"": 5, ""dayName"": ""星期五"", ""periods"": [""5"", ""6""], ""raw"": ""5,6""}]",禁止外加,,https://course.nuk.edu.tw/QueryCourse/tcontent.asp?OpenYear=110&Helf=2&Sclass=SO&Cono=A367,2026-08-26T18:26:40+00:00
110-2-SO-A372-A-1-A,110,2,共同與通識課程,SO,通識社會科學類,A372,A,大學部,1,A,自我管理與生涯規劃,2,選,59,59,,0,曾榮豐,B01-106,"8,9",,,,,,,"[{""day"": 1, ""dayName"": ""星期一"", ""periods"": [""8"", ""9""], ""raw"": ""8,9""}]",禁止外加,,https://course.nuk.edu.tw/QueryCourse/tcontent.asp?OpenYear=110&Helf=2&Sclass=SO&Cono=A372,2026-08-26T18:26:40+00:00
110-2-SO-A474-A-1-A,110,2,共同與通識課程,SO,通識社會科學類,A474,A,大學部,1,A,創意、創新與創業,2,選,40,15,,25,鄭育仁,M01-102,,,,"3,4",,,,"[{""day"": 4, ""dayName"": ""星期四"", ""periods"": [""3"", ""4""], ""raw"": ""3,4""}]",禁止外加,,https://course.nuk.edu.tw/QueryCourse/tcontent.asp?OpenYear=110&Helf=2&Sclass=SO&Cono=A474,2026-08-26T18:26:40+00:00
110-2-SO-A524-A-1-A,110,2,共同與通識課程,SO,通識社會科學類,A524,A,大學部,1,A,設計思考,2,選,60,16,,44,李亭林,M01-B104,"7,8",,,,,,,"[{""day"": 1, ""dayName"": ""星期一"", ""periods"": [""7"", ""8""], ""raw"": ""7,8""}]",禁止外加,,https://course.nuk.edu.tw/QueryCourse/tcontent.asp?OpenYear=110&Helf=2&Sclass=SO&Cono=A524,2026-08-26T18:26:40+00:00
110-2-SO-A525-A-1-A,110,2,共同與通識課程,SO,通識社會科學類,A525,A,大學部,1,A,社會設計與方案規劃,2,選,40,14,,26,陳靜儀,M01-208,"7,8",,,,,,,"[{""day"": 1, ""dayName"": ""星期一"", ""periods"": [""7"", ""8""], ""raw"": ""7,8""}]",禁止外加,,https://course.nuk.edu.tw/QueryCourse/tcontent.asp?OpenYear=110&Helf=2&Sclass=SO&Cono=A525,2026-08-26T18:26:40+00:00
110-2-SO-A619-A-1-A,110,2,共同與通識課程,SO,通識社會科學類,A619,A,大學部,1,A,台灣與全球化,2,選,60,60,,0,洪聖斐,B01-108,,,,,"3,4",,,"[{""day"": 5, ""dayName"": ""星期五"", ""periods"": [""3"", ""4""], ""raw"": ""3,4""}]",禁止外加,全英文授課,https://course.nuk.edu.tw/QueryCourse/tcontent.asp?OpenYear=110&Helf=2&Sclass=SO&Cono=A619,2026-08-26T18:26:40+00:00
110-2-SO-A686-A-1-A,110,2,共同與通識課程,SO,通識社會科學類,A686,A,大學部,1,A,交通事故鑑定法規與案例解說,2,選,60,60,,0,張永明,L02-108,,"1,2",,,,,,"[{""day"": 2, ""dayName"": ""星期二"", ""periods"": [""1"", ""2""], ""raw"": ""1,2""}]",禁止外加,,https://course.nuk.edu.tw/QueryCourse/tcontent.asp?OpenYear=110&Helf=2&Sclass=SO&Cono=A686,2026-08-26T18:26:40+00:00
110-2-SO-A691-A-1-A,110,2,共同與通識課程,SO,通識社會科學類,A691,A,大學部,1,A,高大卓越講座,2,選,250,250,,0,陳怡兆 吳宗芳,L01-201,,"6,7",,,,,,"[{""day"": 2, ""dayName"": ""星期二"", ""periods"": [""6"", ""7""], ""raw"": ""6,7""}]",禁止外加,"1.修過「高大卓越講座(一).(二)」者請勿重覆選修,重覆選修不列入學分計算。2.若有課程相關問題請連繫",https://course.nuk.edu.tw/QueryCourse/tcontent.asp?OpenYear=110&Helf=2&Sclass=SO&Cono=A691,2026-08-26T18:26:40+00:00
110-2-SO-A802-A-1-A,110,2,共同與通識課程,SO,通識社會科學類,A802,A,大學部,1,A,如何說出一個好故事,2,選,60,23,,37,劉政暉,L01-103,,,"3,4",,,,,"[{""day"": 3, ""dayName"": ""星期三"", ""periods"": [""3"", ""4""], ""raw"": ""3,4""}]",禁止外加,,https://course.nuk.edu.tw/QueryCourse/tcontent.asp?OpenYear=110&Helf=2&Sclass=SO&Cono=A802,2026-08-26T18:26:40+00:00
110-2-SO-A803-A-1-A,110,2,共同與通識課程,SO,通識社會科學類,A803,A,大學部,1,A,走讀北高雄,2,選,40,39,,1,劉政暉,L01-103,,,"5,6",,,,,"[{""day"": 3, ""dayName"": ""星期三"", ""periods"": [""5"", ""6""], ""raw"": ""5,6""}]",禁止外加,全英文授課,https://course.nuk.edu.tw/QueryCourse/tcontent.asp?OpenYear=110&Helf=2&Sclass=SO&Cono=A803,2026-08-26T18:26:40+00:00
110-2-SO-A840-A-1-A,110,2,共同與通識課程,SO,通識社會科學類,A840,A,大學部,1,A,媒體與公關實務,2,選,60,50,,10,鄭為松,B01-103,,,"10,11",,,,,"[{""day"": 3, ""dayName"": ""星期三"", ""periods"": [""10"", ""11""], ""raw"": ""10,11""}]",禁止外加,,https://course.nuk.edu.tw/QueryCourse/tcontent.asp?OpenYear=110&Helf=2&Sclass=SO&Cono=A840,2026-08-26T18:26:40+00:00
110-2-SO-A892-A-1-A,110,2,共同與通識課程,SO,通識社會科學類,A892,A,大學部,1,A,金融陷阱,2,選,60,60,,0,蔡宗廷,B01-108,,,"1,2",,,,,"[{""day"": 3, ""dayName"": ""星期三"", ""periods"": [""1"", ""2""], ""raw"": ""1,2""}]",禁止外加,,https://course.nuk.edu.tw/QueryCourse/tcontent.asp?OpenYear=110&Helf=2&Sclass=SO&Cono=A892,2026-08-26T18:26:40+00:00
110-2-SO-A963-A-1-A,110,2,共同與通識課程,SO,通識社會科學類,A963,A,大學部,1,A,人際關係,2,選,60,27,,33,陳永安,C02-104,,,,"3,4",,,,"[{""day"": 4, ""dayName"": ""星期四"", ""periods"": [""3"", ""4""], ""raw"": ""3,4""}]",禁止外加,,https://course.nuk.edu.tw/QueryCourse/tcontent.asp?OpenYear=110&Helf=2&Sclass=SO&Cono=A963,2026-08-26T18:26:40+00:00
110-2-SO-A972-A-1-A,110,2,共同與通識課程,SO,通識社會科學類,A972,A,大學部,1,A,壓力情緒管理,2,選,60,60,,0,柯慈姍,B01-103,,"10,11",,,,,,"[{""day"": 2, ""dayName"": ""星期二"", ""periods"": [""10"", ""11""], ""raw"": ""10,11""}]",禁止外加,,https://course.nuk.edu.tw/QueryCourse/tcontent.asp?OpenYear=110&Helf=2&Sclass=SO&Cono=A972,2026-08-26T18:26:40+00:00
110-2-SO-B012-A-1-A,110,2,共同與通識課程,SO,通識社會科學類,B012,A,大學部,1,A,民營化的迷思,2,選,60,60,,0,蔡宗廷,B01-108,,,"3,4",,,,,"[{""day"": 3, ""dayName"": ""星期三"", ""periods"": [""3"", ""4""], ""raw"": ""3,4""}]",禁止外加,,https://course.nuk.edu.tw/QueryCourse/tcontent.asp?OpenYear=110&Helf=2&Sclass=SO&Cono=B012,2026-08-26T18:26:40+00:00
110-2-SO-B051-A-1-A,110,2,共同與通識課程,SO,通識社會科學類,B051,A,大學部,1,A,智慧財產權,2,選,60,36,,24,陳玫君,B01-107,,,,"10,11",,,,"[{""day"": 4, ""dayName"": ""星期四"", ""periods"": [""10"", ""11""], ""raw"": ""10,11""}]",禁止外加,,https://course.nuk.edu.tw/QueryCourse/tcontent.asp?OpenYear=110&Helf=2&Sclass=SO&Cono=B051,2026-08-26T18:26:40+00:00
110-2-SO-B091-A-1-A,110,2,共同與通識課程,SO,通識社會科學類,B091,A,大學部,1,A,國際禮儀,2,選,60,36,,24,陳永安,B01-108,"3,4",,,,,,,"[{""day"": 1, ""dayName"": ""星期一"", ""periods"": [""3"", ""4""], ""raw"": ""3,4""}]",禁止外加,,https://course.nuk.edu.tw/QueryCourse/tcontent.asp?OpenYear=110&Helf=2&Sclass=SO&Cono=B091,2026-08-26T18:26:40+00:00
110-2-SO-B101-A-1-A,110,2,共同與通識課程,SO,通識社會科學類,B101,A,大學部,1,A,服務學習,3,選,50,50,,0,余進忠 陳又菁,C02-108,"7,8, 9",,,,,,,"[{""day"": 1, ""dayName"": ""星期一"", ""periods"": [""7"", ""8"", ""9""], ""raw"": ""7,8, 9""}]",禁止外加,與陳又菁老師合開。修習博雅通識【服務學習】課程，可同時抵認一學期共同必修【服務學習培養】課程(僅限一次),https://course.nuk.edu.tw/QueryCourse/tcontent.asp?OpenYear=110&Helf=2&Sclass=SO&Cono=B101,2026-08-26T18:26:40+00:00
110-2-SO-B102-A-1-A,110,2,共同與通識課程,SO,通識社會科學類,B102,A,大學部,1,A,服務學習,3,選,40,27,,13,陳靜儀,B01-103,,,"5,6",10,,,,"[{""day"": 3, ""dayName"": ""星期三"", ""periods"": [""5"", ""6""], ""raw"": ""5,6""}, {""day"": 4, ""dayName"": ""星期四"", ""periods"": [""10""], ""raw"": ""10""}]",禁止外加,修習博雅通識【服務學習】課程，可同時抵認一學期共同必修【服務學習培養】課程(僅限一次),https://course.nuk.edu.tw/QueryCourse/tcontent.asp?OpenYear=110&Helf=2&Sclass=SO&Cono=B102,2026-08-26T18:26:40+00:00
110-2-SO-B103-A-1-A,110,2,共同與通識課程,SO,通識社會科學類,B103,A,大學部,1,A,服務學習,3,選,40,20,,20,邱昭文,C02-107,"8,9, 10",,,,,,,"[{""day"": 1, ""dayName"": ""星期一"", ""periods"": [""8"", ""9"", ""10""], ""raw"": ""8,9, 10""}]",禁止外加,修習博雅通識【服務學習】課程，可同時抵認一學期共同必修【服務學習培養】課程(僅限一次),https://course.nuk.edu.tw/QueryCourse/tcontent.asp?OpenYear=110&Helf=2&Sclass=SO&Cono=B103,2026-08-26T18:26:40+00:00
110-2-SO-B105-A-1-A,110,2,共同與通識課程,SO,通識社會科學類,B105,A,大學部,1,A,服務學習,3,選,40,40,,0,游明珠,M01-105,"9,10, 11",,,,,,,"[{""day"": 1, ""dayName"": ""星期一"", ""periods"": [""9"", ""10"", ""11""], ""raw"": ""9,10, 11""}]",禁止外加,修習博雅通識【服務學習】課程，可同時抵認一學期共同必修【服務學習培養】課程(僅限一次),https://course.nuk.edu.tw/QueryCourse/tcontent.asp?OpenYear=110&Helf=2&Sclass=SO&Cono=B105,2026-08-26T18:26:40+00:00
110-2-SO-B106-A-1-A,110,2,共同與通識課程,SO,通識社會科學類,B106,A,大學部,1,A,服務學習,3,選,40,40,,0,陳致仁,C02-107,,,,"9,10, 11",,,,"[{""day"": 4, ""dayName"": ""星期四"", ""periods"": [""9"", ""10"", ""11""], ""raw"": ""9,10, 11""}]",禁止外加,修習博雅通識【服務學習】課程，可同時抵認一學期共同必修【服務學習培養】課程(僅限一次),https://course.nuk.edu.tw/QueryCourse/tcontent.asp?OpenYear=110&Helf=2&Sclass=SO&Cono=B106,2026-08-26T18:26:40+00:00
110-2-IFD-A50Q-A-1-A,110,2,其他學程與教學單位,IFD,創新學院不分系,A50Q,A,大學部,1,A,遊戲化與服務設計思考在商業上的應用,2,選,30,28,,2,李亭林,M01-B104,"5,6",,,,,,,"[{""day"": 1, ""dayName"": ""星期一"", ""periods"": [""5"", ""6""], ""raw"": ""5,6""}]",,創新學院課程至多可抵通識6學分，上課時間：固定18週，每周一， 5-6節皆有開課(2/21~6/20)，,https://course.nuk.edu.tw/QueryCourse/tcontent.asp?OpenYear=110&Helf=2&Sclass=IFD&Cono=A50Q,2026-08-26T18:26:40+00:00
110-2-IFD-A61A-A-1-A,110,2,其他學程與教學單位,IFD,創新學院不分系,A61A,A,大學部,1,A,Unreal遊戲設計與AVR製作實務,2,選,29,18,,11,楊凱鳴 陳怡兆,L01-610,,,,,"3,4",,,"[{""day"": 5, ""dayName"": ""星期五"", ""periods"": [""3"", ""4""], ""raw"": ""3,4""}]",學程,限修資格:修過 110-1AVR+ 學程，隸屬學程： AVR 微學程、體感科技與數位創新學程，固定18週，每周五3-4節皆有開課，創新學院課程至多可抵通識 6學分,https://course.nuk.edu.tw/QueryCourse/tcontent.asp?OpenYear=110&Helf=2&Sclass=IFD&Cono=A61A,2026-08-26T18:26:40+00:00
110-2-IFD-A61B-A-1-A,110,2,其他學程與教學單位,IFD,創新學院不分系,A61B,A,大學部,1,A,AVR 進階專案系統實務,3,選,29,12,,17,陳怡兆 業界教師,H3--110,"5,6, 7",,,,,,,"[{""day"": 1, ""dayName"": ""星期一"", ""periods"": [""5"", ""6"", ""7""], ""raw"": ""5,6, 7""}]",學程,限修資格:修過 110-1AVR+ 學程，隸屬學程： AVR 微學程、體感科技與數位創新學程，創新學院課程至多可抵通識 6學分,https://course.nuk.edu.tw/QueryCourse/tcontent.asp?OpenYear=110&Helf=2&Sclass=IFD&Cono=A61B,2026-08-26T18:26:40+00:00
110-2-IFD-A61C-A-1-A,110,2,其他學程與教學單位,IFD,創新學院不分系,A61C,A,大學部,1,A,Unity遊戲設計與AVR製作實務,2,選,29,18,,11,楊凱鳴 陳怡兆,L01-610,,,,,"5,6",,,"[{""day"": 5, ""dayName"": ""星期五"", ""periods"": [""5"", ""6""], ""raw"": ""5,6""}]",學程,"限修資格:修過 110-1AVR+ 學程，隸屬學程： AVR 微學程、體感科技與數位創新學程，固定18週，每周五 5-6節皆有開課,創新學院課程至多可抵通識 6學分",https://course.nuk.edu.tw/QueryCourse/tcontent.asp?OpenYear=110&Helf=2&Sclass=IFD&Cono=A61C,2026-08-26T18:26:40+00:00
110-2-IFD-A622-A-1-A,110,2,其他學程與教學單位,IFD,創新學院不分系,A622,A,大學部,1,A,設計自創者,1,選,30,20,,10,黃裕宸 楊詠凱,L01-202,,,,,,"6,7, 8",,"[{""day"": 6, ""dayName"": ""星期六"", ""periods"": [""6"", ""7"", ""8""], ""raw"": ""6,7, 8""}]",,創新學院課程至多可抵通識6學分，上課時間：4/30(六)14:00-17:00 5/14(六)14:00-17:00 5/28(六)14:00-17:00 6/18(六)14:00-17:00 6/25(六)14:00-17:00 7/2(六)14:00-17:00，地點:宅創空間,https://course.nuk.edu.tw/QueryCourse/tcontent.asp?OpenYear=110&Helf=2&Sclass=IFD&Cono=A622,2026-08-26T18:26:40+00:00
110-2-IFD-A771-A-1-A,110,2,其他學程與教學單位,IFD,創新學院不分系,A771,A,大學部,1,A,遇見社區 訴說在地,2,選,30,23,,7,藍美雅 劉政暉,L01-202,,,,,,X,X,"[{""day"": 6, ""dayName"": ""星期六"", ""periods"": [""X""], ""raw"": ""X""}, {""day"": 7, ""dayName"": ""星期日"", ""periods"": [""X""], ""raw"": ""X""}]",,創新學院課程至多可抵通識6學分，上課時間： 3/05(六)、3/26(六)、 4/30(六)、5/01(日) 、5/21(六)、6/11(六) 9:05-12:00＆13:10-16:05 6堂，地點:宅創空間,https://course.nuk.edu.tw/QueryCourse/tcontent.asp?OpenYear=110&Helf=2&Sclass=IFD&Cono=A771,2026-08-26T18:26:40+00:00
110-2-CCE-D501-A-1-A,110,2,工學院,CCE,工學院共同課程,D501,A,大學部,1,A,再生能源與設計思考,1,選,30,30,,0,連興隆 袁菁,C01-106,,,,,,Y,,"[{""day"": 6, ""dayName"": ""星期六"", ""periods"": [""Y""], ""raw"": ""Y""}]",學程,本課程屬再生能源科技管理與應用微學程，與創新學院合開；創新學院課程至多可抵通識6學分；本課程得認列為跨院系選修學分，學分數抵免上限依各系規定之。上課時間：5/14(六)、5/21(六)、5/28(六) ：各6hrs(9:05-12:00；13:00-16:00),https://course.nuk.edu.tw/QueryCourse/tcontent.asp?OpenYear=110&Helf=2&Sclass=CCE&Cono=D501,2026-08-26T18:26:40+00:00
110-2-CCE-D501-A-1-B,110,2,工學院,CCE,工學院共同課程,D501,A,大學部,1,B,再生能源與設計思考,1,選,30,30,,0,連興隆 袁菁,C01-106,,,,,,Y,,"[{""day"": 6, ""dayName"": ""星期六"", ""periods"": [""Y""], ""raw"": ""Y""}]",學程,本課程屬再生能源科技管理與應用微學程，與創新學院合開；創新學院課程至多可抵通識6學分；本課程得認列為跨院系選修學分，學分數抵免上限依各系規定之。上課時間：5/14(六)、5/21(六)、5/28(六) ：各6hrs(9:05-12:00；13:00-16:00),https://course.nuk.edu.tw/QueryCourse/tcontent.asp?OpenYear=110&Helf=2&Sclass=CCE&Cono=D501,2026-08-26T18:26:40+00:00
110-2-CCE-D502-A-1-A,110,2,工學院,CCE,工學院共同課程,D502,A,大學部,1,A,再生能源導論,2,選,50,26,,24,袁菁 甯蜀光 連興隆,C01-107,,,,,,"3,4",,"[{""day"": 6, ""dayName"": ""星期六"", ""periods"": [""3"", ""4""], ""raw"": ""3,4""}]",學程,本課程屬再生能源科技管理與應用微學程，與創新學院合開；創新學院課程至多可抵通識6學分；本課程得認列為跨院系選修學分，學分數抵免上限依各系規定之。上課時間：3/5(六)：2hrs (9:05-11:00)3/12(六)、3/26(六)、4/9(六)、4/16(六)、4/23(六)：各6hrs(9:05-12:00；13:10-16:05) 4/30(六)：4hrs(13:10-15:00；15:15-17:10),https://course.nuk.edu.tw/QueryCourse/tcontent.asp?OpenYear=110&Helf=2&Sclass=CCE&Cono=D502,2026-08-26T18:26:40+00:00
110-2-CCE-D502-A-1-B,110,2,工學院,CCE,工學院共同課程,D502,A,大學部,1,B,再生能源導論,2,選,50,26,,24,袁菁 甯蜀光 連興隆,C01-107,,,,,,"3,4",,"[{""day"": 6, ""dayName"": ""星期六"", ""periods"": [""3"", ""4""], ""raw"": ""3,4""}]",學程,本課程屬再生能源科技管理與應用微學程，與創新學院合開；創新學院課程至多可抵通識6學分；本課程得認列為跨院系選修學分，學分數抵免上限依各系規定之。上課時間：3/5(六)：2hrs (9:05-11:00)3/12(六)、3/26(六)、4/9(六)、4/16(六)、4/23(六)：各6hrs(9:05-12:00；13:10-16:05) 4/30(六)：4hrs(13:10-15:00；15:15-17:10),https://course.nuk.edu.tw/QueryCourse/tcontent.asp?OpenYear=110&Helf=2&Sclass=CCE&Cono=D502,2026-08-26T18:26:40+00:00
110-2-CCE-D501-A-2-A,110,2,工學院,CCE,工學院共同課程,D501,A,大學部,2,A,再生能源與設計思考,1,選,30,30,,0,連興隆 袁菁,C01-106,,,,,,Y,,"[{""day"": 6, ""dayName"": ""星期六"", ""periods"": [""Y""], ""raw"": ""Y""}]",學程,本課程屬再生能源科技管理與應用微學程，與創新學院合開；創新學院課程至多可抵通識6學分；本課程得認列為跨院系選修學分，學分數抵免上限依各系規定之。上課時間：5/14(六)、5/21(六)、5/28(六) ：各6hrs(9:05-12:00；13:00-16:00),https://course.nuk.edu.tw/QueryCourse/tcontent.asp?OpenYear=110&Helf=2&Sclass=CCE&Cono=D501,2026-08-26T18:26:40+00:00
110-2-CCE-D501-A-2-B,110,2,工學院,CCE,工學院共同課程,D501,A,大學部,2,B,再生能源與設計思考,1,選,30,30,,0,連興隆 袁菁,C01-106,,,,,,Y,,"[{""day"": 6, ""dayName"": ""星期六"", ""periods"": [""Y""], ""raw"": ""Y""}]",學程,本課程屬再生能源科技管理與應用微學程，與創新學院合開；創新學院課程至多可抵通識6學分；本課程得認列為跨院系選修學分，學分數抵免上限依各系規定之。上課時間：5/14(六)、5/21(六)、5/28(六) ：各6hrs(9:05-12:00；13:00-16:00),https://course.nuk.edu.tw/QueryCourse/tcontent.asp?OpenYear=110&Helf=2&Sclass=CCE&Cono=D501,2026-08-26T18:26:40+00:00
110-2-CCE-D502-A-2-A,110,2,工學院,CCE,工學院共同課程,D502,A,大學部,2,A,再生能源導論,2,選,50,26,,24,袁菁 甯蜀光 連興隆,C01-107,,,,,,"3,4",,"[{""day"": 6, ""dayName"": ""星期六"", ""periods"": [""3"", ""4""], ""raw"": ""3,4""}]",學程,本課程屬再生能源科技管理與應用微學程，與創新學院合開；創新學院課程至多可抵通識6學分；本課程得認列為跨院系選修學分，學分數抵免上限依各系規定之。上課時間：3/5(六)：2hrs (9:05-11:00)3/12(六)、3/26(六)、4/9(六)、4/16(六)、4/23(六)：各6hrs(9:05-12:00；13:10-16:05) 4/30(六)：4hrs(13:10-15:00；15:15-17:10),https://course.nuk.edu.tw/QueryCourse/tcontent.asp?OpenYear=110&Helf=2&Sclass=CCE&Cono=D502,2026-08-26T18:26:40+00:00
110-2-CCE-D502-A-2-B,110,2,工學院,CCE,工學院共同課程,D502,A,大學部,2,B,再生能源導論,2,選,50,26,,24,袁菁 甯蜀光 連興隆,C01-107,,,,,,"3,4",,"[{""day"": 6, ""dayName"": ""星期六"", ""periods"": [""3"", ""4""], ""raw"": ""3,4""}]",學程,本課程屬再生能源科技管理與應用微學程，與創新學院合開；創新學院課程至多可抵通識6學分；本課程得認列為跨院系選修學分，學分數抵免上限依各系規定之。上課時間：3/5(六)：2hrs (9:05-11:00)3/12(六)、3/26(六)、4/9(六)、4/16(六)、4/23(六)：各6hrs(9:05-12:00；13:10-16:05) 4/30(六)：4hrs(13:10-15:00；15:15-17:10),https://course.nuk.edu.tw/QueryCourse/tcontent.asp?OpenYear=110&Helf=2&Sclass=CCE&Cono=D502,2026-08-26T18:26:40+00:00
110-2-CCE-D501-A-3-A,110,2,工學院,CCE,工學院共同課程,D501,A,大學部,3,A,再生能源與設計思考,1,選,30,30,,0,連興隆 袁菁,C01-106,,,,,,Y,,"[{""day"": 6, ""dayName"": ""星期六"", ""periods"": [""Y""], ""raw"": ""Y""}]",學程,本課程屬再生能源科技管理與應用微學程，與創新學院合開；創新學院課程至多可抵通識6學分；本課程得認列為跨院系選修學分，學分數抵免上限依各系規定之。上課時間：5/14(六)、5/21(六)、5/28(六) ：各6hrs(9:05-12:00；13:00-16:00),https://course.nuk.edu.tw/QueryCourse/tcontent.asp?OpenYear=110&Helf=2&Sclass=CCE&Cono=D501,2026-08-26T18:26:40+00:00
110-2-CCE-D501-A-3-B,110,2,工學院,CCE,工學院共同課程,D501,A,大學部,3,B,再生能源與設計思考,1,選,30,30,,0,連興隆 袁菁,C01-106,,,,,,Y,,"[{""day"": 6, ""dayName"": ""星期六"", ""periods"": [""Y""], ""raw"": ""Y""}]",學程,本課程屬再生能源科技管理與應用微學程，與創新學院合開；創新學院課程至多可抵通識6學分；本課程得認列為跨院系選修學分，學分數抵免上限依各系規定之。上課時間：5/14(六)、5/21(六)、5/28(六) ：各6hrs(9:05-12:00；13:00-16:00),https://course.nuk.edu.tw/QueryCourse/tcontent.asp?OpenYear=110&Helf=2&Sclass=CCE&Cono=D501,2026-08-26T18:26:40+00:00
110-2-CCE-D502-A-3-A,110,2,工學院,CCE,工學院共同課程,D502,A,大學部,3,A,再生能源導論,2,選,50,26,,24,袁菁 甯蜀光 連興隆,C01-107,,,,,,"3,4",,"[{""day"": 6, ""dayName"": ""星期六"", ""periods"": [""3"", ""4""], ""raw"": ""3,4""}]",學程,本課程屬再生能源科技管理與應用微學程，與創新學院合開；創新學院課程至多可抵通識6學分；本課程得認列為跨院系選修學分，學分數抵免上限依各系規定之。上課時間：3/5(六)：2hrs (9:05-11:00)3/12(六)、3/26(六)、4/9(六)、4/16(六)、4/23(六)：各6hrs(9:05-12:00；13:10-16:05) 4/30(六)：4hrs(13:10-15:00；15:15-17:10),https://course.nuk.edu.tw/QueryCourse/tcontent.asp?OpenYear=110&Helf=2&Sclass=CCE&Cono=D502,2026-08-26T18:26:40+00:00
110-2-CCE-D502-A-3-B,110,2,工學院,CCE,工學院共同課程,D502,A,大學部,3,B,再生能源導論,2,選,50,26,,24,袁菁 甯蜀光 連興隆,C01-107,,,,,,"3,4",,"[{""day"": 6, ""dayName"": ""星期六"", ""periods"": [""3"", ""4""], ""raw"": ""3,4""}]",學程,本課程屬再生能源科技管理與應用微學程，與創新學院合開；創新學院課程至多可抵通識6學分；本課程得認列為跨院系選修學分，學分數抵免上限依各系規定之。上課時間：3/5(六)：2hrs (9:05-11:00)3/12(六)、3/26(六)、4/9(六)、4/16(六)、4/23(六)：各6hrs(9:05-12:00；13:10-16:05) 4/30(六)：4hrs(13:10-15:00；15:15-17:10),https://course.nuk.edu.tw/QueryCourse/tcontent.asp?OpenYear=110&Helf=2&Sclass=CCE&Cono=D502,2026-08-26T18:26:40+00:00
110-2-CCE-D501-A-4-A,110,2,工學院,CCE,工學院共同課程,D501,A,大學部,4,A,再生能源與設計思考,1,選,30,30,,0,連興隆 袁菁,C01-106,,,,,,Y,,"[{""day"": 6, ""dayName"": ""星期六"", ""periods"": [""Y""], ""raw"": ""Y""}]",學程,本課程屬再生能源科技管理與應用微學程，與創新學院合開；創新學院課程至多可抵通識6學分；本課程得認列為跨院系選修學分，學分數抵免上限依各系規定之。上課時間：5/14(六)、5/21(六)、5/28(六) ：各6hrs(9:05-12:00；13:00-16:00),https://course.nuk.edu.tw/QueryCourse/tcontent.asp?OpenYear=110&Helf=2&Sclass=CCE&Cono=D501,2026-08-26T18:26:40+00:00
110-2-CCE-D501-A-4-B,110,2,工學院,CCE,工學院共同課程,D501,A,大學部,4,B,再生能源與設計思考,1,選,30,30,,0,連興隆 袁菁,C01-106,,,,,,Y,,"[{""day"": 6, ""dayName"": ""星期六"", ""periods"": [""Y""], ""raw"": ""Y""}]",學程,本課程屬再生能源科技管理與應用微學程，與創新學院合開；創新學院課程至多可抵通識6學分；本課程得認列為跨院系選修學分，學分數抵免上限依各系規定之。上課時間：5/14(六)、5/21(六)、5/28(六) ：各6hrs(9:05-12:00；13:00-16:00),https://course.nuk.edu.tw/QueryCourse/tcontent.asp?OpenYear=110&Helf=2&Sclass=CCE&Cono=D501,2026-08-26T18:26:40+00:00
110-2-CCE-D502-A-4-A,110,2,工學院,CCE,工學院共同課程,D502,A,大學部,4,A,再生能源導論,2,選,50,26,,24,袁菁 甯蜀光 連興隆,C01-107,,,,,,"3,4",,"[{""day"": 6, ""dayName"": ""星期六"", ""periods"": [""3"", ""4""], ""raw"": ""3,4""}]",學程,本課程屬再生能源科技管理與應用微學程，與創新學院合開；創新學院課程至多可抵通識6學分；本課程得認列為跨院系選修學分，學分數抵免上限依各系規定之。上課時間：3/5(六)：2hrs (9:05-11:00)3/12(六)、3/26(六)、4/9(六)、4/16(六)、4/23(六)：各6hrs(9:05-12:00；13:10-16:05) 4/30(六)：4hrs(13:10-15:00；15:15-17:10),https://course.nuk.edu.tw/QueryCourse/tcontent.asp?OpenYear=110&Helf=2&Sclass=CCE&Cono=D502,2026-08-26T18:26:40+00:00
110-2-CCE-D502-A-4-B,110,2,工學院,CCE,工學院共同課程,D502,A,大學部,4,B,再生能源導論,2,選,50,26,,24,袁菁 甯蜀光 連興隆,C01-107,,,,,,"3,4",,"[{""day"": 6, ""dayName"": ""星期六"", ""periods"": [""3"", ""4""], ""raw"": ""3,4""}]",學程,本課程屬再生能源科技管理與應用微學程，與創新學院合開；創新學院課程至多可抵通識6學分；本課程得認列為跨院系選修學分，學分數抵免上限依各系規定之。上課時間：3/5(六)：2hrs (9:05-11:00)3/12(六)、3/26(六)、4/9(六)、4/16(六)、4/23(六)：各6hrs(9:05-12:00；13:10-16:05) 4/30(六)：4hrs(13:10-15:00；15:15-17:10),https://course.nuk.edu.tw/QueryCourse/tcontent.asp?OpenYear=110&Helf=2&Sclass=CCE&Cono=D502,2026-08-26T18:26:40+00:00
110-2-CE-A01B-A-1-A,110,2,工學院,CE,土木與環境工程學系,A01B,A,大學部,1,A,微積分(二),3,必,66,66,,0,童士恆,B01-105,1,,"3,4",,,,,"[{""day"": 1, ""dayName"": ""星期一"", ""periods"": [""1""], ""raw"": ""1""}, {""day"": 3, ""dayName"": ""星期三"", ""periods"": [""3"", ""4""], ""raw"": ""3,4""}]",先修 限修及外加,,https://course.nuk.edu.tw/QueryCourse/tcontent.asp?OpenYear=110&Helf=2&Sclass=CE&Cono=A01B,2026-08-26T18:26:40+00:00
110-2-CE-A041-A-1-A,110,2,工學院,CE,土木與環境工程學系,A041,A,大學部,1,A,工程統計學,3,必,60,59,,1,袁菁,C01-106,"2,3",4,,,,,,"[{""day"": 1, ""dayName"": ""星期一"", ""periods"": [""2"", ""3""], ""raw"": ""2,3""}, {""day"": 2, ""dayName"": ""星期二"", ""periods"": [""4""], ""raw"": ""4""}]",,,https://course.nuk.edu.tw/QueryCourse/tcontent.asp?OpenYear=110&Helf=2&Sclass=CE&Cono=A041,2026-08-26T18:26:40+00:00
110-2-CE-A061-A-1-A,110,2,工學院,CE,土木與環境工程學系,A061,A,大學部,1,A,工程圖學與電腦繪圖,2,必,61,61,,0,吳明淏,L01-108,,"5,6",,,,,,"[{""day"": 2, ""dayName"": ""星期二"", ""periods"": [""5"", ""6""], ""raw"": ""5,6""}]",,,https://course.nuk.edu.tw/QueryCourse/tcontent.asp?OpenYear=110&Helf=2&Sclass=CE&Cono=A061,2026-08-26T18:26:40+00:00
110-2-CE-A071-A-1-A,110,2,工學院,CE,土木與環境工程學系,A071,A,大學部,1,A,工程力學,3,必,70,61,,9,俞肇球,B01-105,,,2,"3,4",,,,"[{""day"": 3, ""dayName"": ""星期三"", ""periods"": [""2""], ""raw"": ""2""}, {""day"": 4, ""dayName"": ""星期四"", ""periods"": [""3"", ""4""], ""raw"": ""3,4""}]",,,https://course.nuk.edu.tw/QueryCourse/tcontent.asp?OpenYear=110&Helf=2&Sclass=CE&Cono=A071,2026-08-26T18:26:40+00:00
110-2-CE-A531-A-1-A,110,2,工學院,CE,土木與環境工程學系,A531,A,大學部,1,A,環境化學,3,選,60,30,,30,袁菁,C01-106,4,"2,3",,,,,,"[{""day"": 1, ""dayName"": ""星期一"", ""periods"": [""4""], ""raw"": ""4""}, {""day"": 2, ""dayName"": ""星期二"", ""periods"": [""2"", ""3""], ""raw"": ""2,3""}]",,,https://course.nuk.edu.tw/QueryCourse/tcontent.asp?OpenYear=110&Helf=2&Sclass=CE&Cono=A531,2026-08-26T18:26:40+00:00
110-2-CE-B02B-A-2-A,110,2,工學院,CE,土木與環境工程學系,B02B,A,大學部,2,A,環境分析及實驗〈二〉,2,必,60,50,,10,林秋良,C01-113 其他教室,,,,,"5,6, 7,8",,,"[{""day"": 5, ""dayName"": ""星期五"", ""periods"": [""5"", ""6"", ""7"", ""8""], ""raw"": ""5,6, 7,8""}]",,使用工113實驗室,https://course.nuk.edu.tw/QueryCourse/tcontent.asp?OpenYear=110&Helf=2&Sclass=CE&Cono=B02B,2026-08-26T18:26:40+00:00
110-2-CE-B02D-A-2-B,110,2,工學院,CE,土木與環境工程學系,B02D,A,大學部,2,B,環境分析及實驗〈二〉,2,必,40,10,,30,林秋良,C01-113 其他教室,,,,"5,6, 7,8",,,,"[{""day"": 4, ""dayName"": ""星期四"", ""periods"": [""5"", ""6"", ""7"", ""8""], ""raw"": ""5,6, 7,8""}]",限修,使用工113實驗室,https://course.nuk.edu.tw/QueryCourse/tcontent.asp?OpenYear=110&Helf=2&Sclass=CE&Cono=B02D,2026-08-26T18:26:40+00:00
110-2-CE-B031-A-2-A,110,2,工學院,CE,土木與環境工程學系,B031,A,大學部,2,A,土木工程實驗〈一〉,1,必,60,55,,5,陳韋志,C01-101 其他教室,,,,"5,6, 7",,,,"[{""day"": 4, ""dayName"": ""星期四"", ""periods"": [""5"", ""6"", ""7""], ""raw"": ""5,6, 7""}]",,使用工101實驗室,https://course.nuk.edu.tw/QueryCourse/tcontent.asp?OpenYear=110&Helf=2&Sclass=CE&Cono=B031,2026-08-26T18:26:40+00:00
110-2-CE-B032-A-2-B,110,2,工學院,CE,土木與環境工程學系,B032,A,大學部,2,B,土木工程實驗(一),2,必,40,10,,30,陳韋志,C01-101 其他教室,,,,,"5,6, 7",,,"[{""day"": 5, ""dayName"": ""星期五"", ""periods"": [""5"", ""6"", ""7""], ""raw"": ""5,6, 7""}]",限修,使用工101實驗室,https://course.nuk.edu.tw/QueryCourse/tcontent.asp?OpenYear=110&Helf=2&Sclass=CE&Cono=B032,2026-08-26T18:26:40+00:00
110-2-CE-B04B-A-2-A,110,2,工學院,CE,土木與環境工程學系,B04B,A,大學部,2,A,工程數學〈二〉,3,必,60,55,,5,吳明淏,C01-B103,"5,6",7,,,,,,"[{""day"": 1, ""dayName"": ""星期一"", ""periods"": [""5"", ""6""], ""raw"": ""5,6""}, {""day"": 2, ""dayName"": ""星期二"", ""periods"": [""7""], ""raw"": ""7""}]",,,https://course.nuk.edu.tw/QueryCourse/tcontent.asp?OpenYear=110&Helf=2&Sclass=CE&Cono=B04B,2026-08-26T18:26:40+00:00
110-2-CE-B04C-A-2-B,110,2,工學院,CE,土木與環境工程學系,B04C,A,大學部,2,B,工程數學〈二〉,3,必,40,12,,28,吳宗芳,C02-450,,,"2,3, 4",,,,,"[{""day"": 3, ""dayName"": ""星期三"", ""periods"": [""2"", ""3"", ""4""], ""raw"": ""2,3, 4""}]",限修,使用理院教室,https://course.nuk.edu.tw/QueryCourse/tcontent.asp?OpenYear=110&Helf=2&Sclass=CE&Cono=B04C,2026-08-26T18:26:40+00:00
110-2-CE-B061-A-2-A,110,2,工學院,CE,土木與環境工程學系,B061,A,大學部,2,A,流體力學,3,必,80,59,,21,甯蜀光,C01-B103,,4,"2,3",,,,,"[{""day"": 2, ""dayName"": ""星期二"", ""periods"": [""4""], ""raw"": ""4""}, {""day"": 3, ""dayName"": ""星期三"", ""periods"": [""2"", ""3""], ""raw"": ""2,3""}]",,,https://course.nuk.edu.tw/QueryCourse/tcontent.asp?OpenYear=110&Helf=2&Sclass=CE&Cono=B061,2026-08-26T18:26:40+00:00
110-2-CE-B071-A-2-A,110,2,工學院,CE,土木與環境工程學系,B071,A,大學部,2,A,土壤力學,3,必,61,61,,0,童士恆,B01-105,"2,3",1,,,,,,"[{""day"": 1, ""dayName"": ""星期一"", ""periods"": [""2"", ""3""], ""raw"": ""2,3""}, {""day"": 2, ""dayName"": ""星期二"", ""periods"": [""1""], ""raw"": ""1""}]",外加,,https://course.nuk.edu.tw/QueryCourse/tcontent.asp?OpenYear=110&Helf=2&Sclass=CE&Cono=B071,2026-08-26T18:26:40+00:00
110-2-CE-B072-A-2-B,110,2,工學院,CE,土木與環境工程學系,B072,A,大學部,2,B,土壤力學,3,必,40,16,,24,童士恆,C01-413,,"2,3, 4",,,,,,"[{""day"": 2, ""dayName"": ""星期二"", ""periods"": [""2"", ""3"", ""4""], ""raw"": ""2,3, 4""}]",限修,,https://course.nuk.edu.tw/QueryCourse/tcontent.asp?OpenYear=110&Helf=2&Sclass=CE&Cono=B072,2026-08-26T18:26:40+00:00
110-2-CE-B641-A-2-A,110,2,工學院,CE,土木與環境工程學系,B641,A,大學部,2,A,給水工程,3,選,60,53,,7,連興隆,C01-105 其他教室,4,"2,3",,,,,,"[{""day"": 1, ""dayName"": ""星期一"", ""periods"": [""4""], ""raw"": ""4""}, {""day"": 2, ""dayName"": ""星期二"", ""periods"": [""2"", ""3""], ""raw"": ""2,3""}]",,,https://course.nuk.edu.tw/QueryCourse/tcontent.asp?OpenYear=110&Helf=2&Sclass=CE&Cono=B641,2026-08-26T18:26:40+00:00
110-2-CE-B642-A-2-B,110,2,工學院,CE,土木與環境工程學系,B642,A,大學部,2,B,污水工程,3,選,40,13,,27,連興隆,C01-106,"5,6, 7",,,,,,,"[{""day"": 1, ""dayName"": ""星期一"", ""periods"": [""5"", ""6"", ""7""], ""raw"": ""5,6, 7""}]",限修,,https://course.nuk.edu.tw/QueryCourse/tcontent.asp?OpenYear=110&Helf=2&Sclass=CE&Cono=B642,2026-08-26T18:26:40+00:00
110-2-CE-C663-A-2-A,110,2,工學院,CE,土木與環境工程學系,C663,A,大學部,2,A,空氣污染與防制,3,選,60,58,,2,林琪,B01-104,,,4,"3,4",,,,"[{""day"": 3, ""dayName"": ""星期三"", ""periods"": [""4""], ""raw"": ""4""}, {""day"": 4, ""dayName"": ""星期四"", ""periods"": [""3"", ""4""], ""raw"": ""3,4""}]",,,https://course.nuk.edu.tw/QueryCourse/tcontent.asp?OpenYear=110&Helf=2&Sclass=CE&Cono=C663,2026-08-26T18:26:40+00:00
110-2-CE-D711-A-2-A,110,2,工學院,CE,土木與環境工程學系,D711,A,大學部,2,A,測量學實習,1,選,40,18,,22,俞肇球,C01-501-1,,,"7,8, 9",,,,,"[{""day"": 3, ""dayName"": ""星期三"", ""periods"": [""7"", ""8"", ""9""], ""raw"": ""7,8, 9""}]",先修,先修測量學及格(使用工501-1教室),https://course.nuk.edu.tw/QueryCourse/tcontent.asp?OpenYear=110&Helf=2&Sclass=CE&Cono=D711,2026-08-26T18:26:40+00:00
110-2-CE-B581-A-3-A,110,2,工學院,CE,土木與環境工程學系,B581,A,大學部,3,A,結構學,3,選,40,36,,4,蔡幸致,C01-B102-1,,,4,"5,6",,,,"[{""day"": 3, ""dayName"": ""星期三"", ""periods"": [""4""], ""raw"": ""4""}, {""day"": 4, ""dayName"": ""星期四"", ""periods"": [""5"", ""6""], ""raw"": ""5,6""}]",,,https://course.nuk.edu.tw/QueryCourse/tcontent.asp?OpenYear=110&Helf=2&Sclass=CE&Cono=B581,2026-08-26T18:26:40+00:00
110-2-CE-C501-A-3-A,110,2,工學院,CE,土木與環境工程學系,C501,A,大學部,3,A,基礎工程,3,選,60,34,,26,陳韋志,C01-106,,,,"2,3",2,,,"[{""day"": 4, ""dayName"": ""星期四"", ""periods"": [""2"", ""3""], ""raw"": ""2,3""}, {""day"": 5, ""dayName"": ""星期五"", ""periods"": [""2""], ""raw"": ""2""}]",,,https://course.nuk.edu.tw/QueryCourse/tcontent.asp?OpenYear=110&Helf=2&Sclass=CE&Cono=C501,2026-08-26T18:26:40+00:00
110-2-CE-C543-A-3-B,110,2,工學院,CE,土木與環境工程學系,C543,A,大學部,3,B,流體力學,3,選,40,23,,17,甯蜀光,C01-413,"2,3, 4",,,,,,,"[{""day"": 1, ""dayName"": ""星期一"", ""periods"": [""2"", ""3"", ""4""], ""raw"": ""2,3, 4""}]",限修,,https://course.nuk.edu.tw/QueryCourse/tcontent.asp?OpenYear=110&Helf=2&Sclass=CE&Cono=C543,2026-08-26T18:26:40+00:00
110-2-CE-C591-A-3-A,110,2,工學院,CE,土木與環境工程學系,C591,A,大學部,3,A,鋼筋混凝土設計,3,選,40,22,,18,陳振華,C01-B102-1,"2,3, 5",,,,,,,"[{""day"": 1, ""dayName"": ""星期一"", ""periods"": [""2"", ""3"", ""5""], ""raw"": ""2,3, 5""}]",先修,,https://course.nuk.edu.tw/QueryCourse/tcontent.asp?OpenYear=110&Helf=2&Sclass=CE&Cono=C591,2026-08-26T18:26:40+00:00
110-2-CE-C603-A-3-B,110,2,工學院,CE,土木與環境工程學系,C603,A,大學部,3,B,結構學實例解析,3,選,40,21,,19,劉紀宏,C01-B101,,,,,"8,9, 10",,,"[{""day"": 5, ""dayName"": ""星期五"", ""periods"": [""8"", ""9"", ""10""], ""raw"": ""8,9, 10""}]",限修,,https://course.nuk.edu.tw/QueryCourse/tcontent.asp?OpenYear=110&Helf=2&Sclass=CE&Cono=C603,2026-08-26T18:26:40+00:00
110-2-CE-C672-A-3-A,110,2,工學院,CE,土木與環境工程學系,C672,A,大學部,3,A,預力混凝土工程,3,選,60,31,,29,施俊揚,B01-104,,3,"2,3",,,,,"[{""day"": 2, ""dayName"": ""星期二"", ""periods"": [""3""], ""raw"": ""3""}, {""day"": 3, ""dayName"": ""星期三"", ""periods"": [""2"", ""3""], ""raw"": ""2,3""}]",,授課教師：施俊揚老師,https://course.nuk.edu.tw/QueryCourse/tcontent.asp?OpenYear=110&Helf=2&Sclass=CE&Cono=C672,2026-08-26T18:26:40+00:00
110-2-CE-C681-A-3-B,110,2,工學院,CE,土木與環境工程學系,C681,A,大學部,3,B,鋼結構設計,3,選,41,24,,17,林庚達,C01-B101,,,,,"5,6, 7",,,"[{""day"": 5, ""dayName"": ""星期五"", ""periods"": [""5"", ""6"", ""7""], ""raw"": ""5,6, 7""}]",限修,,https://course.nuk.edu.tw/QueryCourse/tcontent.asp?OpenYear=110&Helf=2&Sclass=CE&Cono=C681,2026-08-26T18:26:40+00:00
110-2-CE-C731-A-3-A,110,2,工學院,CE,土木與環境工程學系,C731,A,大學部,3,A,房屋結構設計,3,選,40,18,,22,陳振華,C01-B102-1,"4,6, 7",,,,,,,"[{""day"": 1, ""dayName"": ""星期一"", ""periods"": [""4"", ""6"", ""7""], ""raw"": ""4,6, 7""}]",先修,,https://course.nuk.edu.tw/QueryCourse/tcontent.asp?OpenYear=110&Helf=2&Sclass=CE&Cono=C731,2026-08-26T18:26:40+00:00
110-2-CE-C741-A-3-A,110,2,工學院,CE,土木與環境工程學系,C741,A,大學部,3,A,專題研究〈二〉,2,選,40,10,,30,甯蜀光,C01-106,,Y,Y,,,,,"[{""day"": 2, ""dayName"": ""星期二"", ""periods"": [""Y""], ""raw"": ""Y""}, {""day"": 3, ""dayName"": ""星期三"", ""periods"": [""Y""], ""raw"": ""Y""}]",,專題研究(一)及(二)須一併修畢始可取得3學分,https://course.nuk.edu.tw/QueryCourse/tcontent.asp?OpenYear=110&Helf=2&Sclass=CE&Cono=C741,2026-08-26T18:26:40+00:00
110-2-CE-C881-A-3-A,110,2,工學院,CE,土木與環境工程學系,C881,A,大學部,3,A,污水工程,3,選,40,28,,12,連興隆,C01-107,,"4,5, 6",,,,,,"[{""day"": 2, ""dayName"": ""星期二"", ""periods"": [""4"", ""5"", ""6""], ""raw"": ""4,5, 6""}]",學程,,https://course.nuk.edu.tw/QueryCourse/tcontent.asp?OpenYear=110&Helf=2&Sclass=CE&Cono=C881,2026-08-26T18:26:40+00:00
110-2-CE-C701-A-4-A,110,2,工學院,CE,土木與環境工程學系,C701,A,大學部,4,A,施工法,3,選,40,22,,18,童士恆,B01-105 其他教室,4,"5,6",,,,,,"[{""day"": 1, ""dayName"": ""星期一"", ""periods"": [""4""], ""raw"": ""4""}, {""day"": 2, ""dayName"": ""星期二"", ""periods"": [""5"", ""6""], ""raw"": ""5,6""}]",,,https://course.nuk.edu.tw/QueryCourse/tcontent.asp?OpenYear=110&Helf=2&Sclass=CE&Cono=C701,2026-08-26T18:26:40+00:00
110-2-CE-C851-A-4-A,110,2,工學院,CE,土木與環境工程學系,C851,A,大學部,4,A,營建管理,3,選,40,34,,6,蔡幸致,C01-B102-1,,,,2,"3,4",,,"[{""day"": 4, ""dayName"": ""星期四"", ""periods"": [""2""], ""raw"": ""2""}, {""day"": 5, ""dayName"": ""星期五"", ""periods"": [""3"", ""4""], ""raw"": ""3,4""}]",,,https://course.nuk.edu.tw/QueryCourse/tcontent.asp?OpenYear=110&Helf=2&Sclass=CE&Cono=C851,2026-08-26T18:26:40+00:00
110-2-CE-D511-A-4-A,110,2,工學院,CE,土木與環境工程學系,D511,A,大學部,4,A,環境規劃與管理,3,選,40,15,,25,甯蜀光,C01-B103,,"1,2, 3",,,,,,"[{""day"": 2, ""dayName"": ""星期二"", ""periods"": [""1"", ""2"", ""3""], ""raw"": ""1,2, 3""}]",,,https://course.nuk.edu.tw/QueryCourse/tcontent.asp?OpenYear=110&Helf=2&Sclass=CE&Cono=D511,2026-08-26T18:26:40+00:00
110-2-CE-D582-A-4-A,110,2,工學院,CE,土木與環境工程學系,D582,A,大學部,4,A,營建與環保法規實務,2,選,70,35,,35,顏佳新,C01-B104,"5,6",,,,,,,"[{""day"": 1, ""dayName"": ""星期一"", ""periods"": [""5"", ""6""], ""raw"": ""5,6""}]",,法學畢業門檻課程，授課教師顏佳新老師,https://course.nuk.edu.tw/QueryCourse/tcontent.asp?OpenYear=110&Helf=2&Sclass=CE&Cono=D582,2026-08-26T18:26:40+00:00
110-2-CE-D583-A-4-B,110,2,工學院,CE,土木與環境工程學系,D583,A,大學部,4,B,營建管理,3,選,60,16,,44,蔡幸致,C01-B107-1,,"2,3, 4",,,,,,"[{""day"": 2, ""dayName"": ""星期二"", ""periods"": [""2"", ""3"", ""4""], ""raw"": ""2,3, 4""}]",限修,,https://course.nuk.edu.tw/QueryCourse/tcontent.asp?OpenYear=110&Helf=2&Sclass=CE&Cono=D583,2026-08-26T18:26:40+00:00
110-2-CE-D584-A-4-B,110,2,工學院,CE,土木與環境工程學系,D584,A,大學部,4,B,營建法規,2,選,41,17,,24,張簡明杰,C01-413,,,"3,4",,,,,"[{""day"": 3, ""dayName"": ""星期三"", ""periods"": [""3"", ""4""], ""raw"": ""3,4""}]",限修及外加,授法學畢業門檻課程，授課教師：張簡杰明老師,https://course.nuk.edu.tw/QueryCourse/tcontent.asp?OpenYear=110&Helf=2&Sclass=CE&Cono=D584,2026-08-26T18:26:40+00:00
110-2-CE-D592-A-4-B,110,2,工學院,CE,土木與環境工程學系,D592,A,大學部,4,B,材料力學實例解析,3,選,40,15,,25,陳純森,B01-105,,,,"6,7, 8",,,,"[{""day"": 4, ""dayName"": ""星期四"", ""periods"": [""6"", ""7"", ""8""], ""raw"": ""6,7, 8""}]",限修,,https://course.nuk.edu.tw/QueryCourse/tcontent.asp?OpenYear=110&Helf=2&Sclass=CE&Cono=D592,2026-08-26T18:26:40+00:00
110-2-CE-D672-A-4-B,110,2,工學院,CE,土木與環境工程學系,D672,A,大學部,4,B,工程識圖,3,選,40,13,,27,陳景文,C01-B102-1,,,,,"6,7, 8",,,"[{""day"": 5, ""dayName"": ""星期五"", ""periods"": [""6"", ""7"", ""8""], ""raw"": ""6,7, 8""}]",限修,,https://course.nuk.edu.tw/QueryCourse/tcontent.asp?OpenYear=110&Helf=2&Sclass=CE&Cono=D672,2026-08-26T18:26:40+00:00
110-2-CE-F516-A-4-A,110,2,工學院,CE,土木與環境工程學系,F516,A,大學部,4,A,結構耐震設計,3,選,60,11,,49,施俊揚,B01-104,,2,,,"1,2",,,"[{""day"": 2, ""dayName"": ""星期二"", ""periods"": [""2""], ""raw"": ""2""}, {""day"": 5, ""dayName"": ""星期五"", ""periods"": [""1"", ""2""], ""raw"": ""1,2""}]",,大四研一合開，授課教師：施俊揚老師,https://course.nuk.edu.tw/QueryCourse/tcontent.asp?OpenYear=110&Helf=2&Sclass=CE&Cono=F516,2026-08-26T18:26:40+00:00
110-2-CE-F51E-A-4-A,110,2,工學院,CE,土木與環境工程學系,F51E,A,大學部,4,A,專題討論,2,選,40,26,,14,施俊揚 林琪,C01-106,,,"7,8",,,,,"[{""day"": 3, ""dayName"": ""星期三"", ""periods"": [""7"", ""8""], ""raw"": ""7,8""}]",,大四研一合開,https://course.nuk.edu.tw/QueryCourse/tcontent.asp?OpenYear=110&Helf=2&Sclass=CE&Cono=F51E,2026-08-26T18:26:40+00:00
110-2-CE-F542-A-4-A,110,2,工學院,CE,土木與環境工程學系,F542,A,大學部,4,A,環工生物原理,3,選,40,21,,19,莊蕙萍,C01-413,,,,,"5,6, 7",,,"[{""day"": 5, ""dayName"": ""星期五"", ""periods"": [""5"", ""6"", ""7""], ""raw"": ""5,6, 7""}]",,大四研一合開,https://course.nuk.edu.tw/QueryCourse/tcontent.asp?OpenYear=110&Helf=2&Sclass=CE&Cono=F542,2026-08-26T18:26:40+00:00
110-2-CE-F561-A-4-A,110,2,工學院,CE,土木與環境工程學系,F561,A,大學部,4,A,彈性力學,3,選,60,12,,48,施俊揚,B01-104,,1,,,"5,6",,,"[{""day"": 2, ""dayName"": ""星期二"", ""periods"": [""1""], ""raw"": ""1""}, {""day"": 5, ""dayName"": ""星期五"", ""periods"": [""5"", ""6""], ""raw"": ""5,6""}]",,大四研一合開，授課教師：施俊揚老師,https://course.nuk.edu.tw/QueryCourse/tcontent.asp?OpenYear=110&Helf=2&Sclass=CE&Cono=F561,2026-08-26T18:26:40+00:00
110-2-CE-F581-A-4-A,110,2,工學院,CE,土木與環境工程學系,F581,A,大學部,4,A,空氣污染控制設計,3,選,40,17,,23,林琪,C01-413,,"5,6",,2,,,,"[{""day"": 2, ""dayName"": ""星期二"", ""periods"": [""5"", ""6""], ""raw"": ""5,6""}, {""day"": 4, ""dayName"": ""星期四"", ""periods"": [""2""], ""raw"": ""2""}]",,大四研一合開,https://course.nuk.edu.tw/QueryCourse/tcontent.asp?OpenYear=110&Helf=2&Sclass=CE&Cono=F581,2026-08-26T18:26:40+00:00
110-2-CE-F591-A-4-A,110,2,工學院,CE,土木與環境工程學系,F591,A,大學部,4,A,岩石力學,3,選,60,13,,47,陳韋志,C01-106,,,,4,"3,4",,,"[{""day"": 4, ""dayName"": ""星期四"", ""periods"": [""4""], ""raw"": ""4""}, {""day"": 5, ""dayName"": ""星期五"", ""periods"": [""3"", ""4""], ""raw"": ""3,4""}]",,大四研一合開,https://course.nuk.edu.tw/QueryCourse/tcontent.asp?OpenYear=110&Helf=2&Sclass=CE&Cono=F591,2026-08-26T18:26:40+00:00
110-2-CE-F601-A-4-A,110,2,工學院,CE,土木與環境工程學系,F601,A,大學部,4,A,有限元素法,3,選,40,10,,30,俞肇球,C01-B102,,,,"Y,5, 6",,,,"[{""day"": 4, ""dayName"": ""星期四"", ""periods"": [""Y"", ""5"", ""6""], ""raw"": ""Y,5, 6""}]",,大四研一合開,https://course.nuk.edu.tw/QueryCourse/tcontent.asp?OpenYear=110&Helf=2&Sclass=CE&Cono=F601,2026-08-26T18:26:40+00:00
110-2-CE-F612-A-4-A,110,2,工學院,CE,土木與環境工程學系,F612,A,大學部,4,A,室內空氣品質,3,選,40,11,,29,林琪,C01-413 其他教室,,7,"2,3",,,,,"[{""day"": 2, ""dayName"": ""星期二"", ""periods"": [""7""], ""raw"": ""7""}, {""day"": 3, ""dayName"": ""星期三"", ""periods"": [""2"", ""3""], ""raw"": ""2,3""}]",,大四研一合開,https://course.nuk.edu.tw/QueryCourse/tcontent.asp?OpenYear=110&Helf=2&Sclass=CE&Cono=F612,2026-08-26T18:26:40+00:00
110-2-CE-F663-A-4-A,110,2,工學院,CE,土木與環境工程學系,F663,A,大學部,4,A,橋梁工程,3,選,30,12,,18,陳振華,C01-B102,"8,9",10,,,,,,"[{""day"": 1, ""dayName"": ""星期一"", ""periods"": [""8"", ""9""], ""raw"": ""8,9""}, {""day"": 2, ""dayName"": ""星期二"", ""periods"": [""10""], ""raw"": ""10""}]",,大四研一合開,https://course.nuk.edu.tw/QueryCourse/tcontent.asp?OpenYear=110&Helf=2&Sclass=CE&Cono=F663,2026-08-26T18:26:40+00:00
110-2-CE-F715-A-4-A,110,2,工學院,CE,土木與環境工程學系,F715,A,大學部,4,A,再生能源憑證制度：理論與實務,3,選,40,6,,34,連興隆,C01-B101,"2,3, 8",,,,,,,"[{""day"": 1, ""dayName"": ""星期一"", ""periods"": [""2"", ""3"", ""8""], ""raw"": ""2,3, 8""}]",,大四研一合開,https://course.nuk.edu.tw/QueryCourse/tcontent.asp?OpenYear=110&Helf=2&Sclass=CE&Cono=F715,2026-08-26T18:26:40+00:00
110-2-CE-F732-A-4-A,110,2,工學院,CE,土木與環境工程學系,F732,A,大學部,4,A,創意策略與實踐研究,2,選,40,18,,22,吳文昌,C01-106,,,"5,6",,,,,"[{""day"": 3, ""dayName"": ""星期三"", ""periods"": [""5"", ""6""], ""raw"": ""5,6""}]",,大四研一合開，授課教師：吳文昌老師,https://course.nuk.edu.tw/QueryCourse/tcontent.asp?OpenYear=110&Helf=2&Sclass=CE&Cono=F732,2026-08-26T18:26:40+00:00
110-2-CE-F741-A-4-A,110,2,工學院,CE,土木與環境工程學系,F741,A,大學部,4,A,人工智慧於土木與環境工程之應用,3,選,40,17,,23,蔡幸致,L01-108,,,,"7,8, 9",,,,"[{""day"": 4, ""dayName"": ""星期四"", ""periods"": [""7"", ""8"", ""9""], ""raw"": ""7,8, 9""}]",,大四研一合開,https://course.nuk.edu.tw/QueryCourse/tcontent.asp?OpenYear=110&Helf=2&Sclass=CE&Cono=F741,2026-08-26T18:26:40+00:00
110-2-CE-F751-A-4-A,110,2,工學院,CE,土木與環境工程學系,F751,A,大學部,4,A,清潔生產,3,選,40,15,,25,戴永惇,C01-413,,,,,"2,3, 4",,,"[{""day"": 5, ""dayName"": ""星期五"", ""periods"": [""2"", ""3"", ""4""], ""raw"": ""2,3, 4""}]",,大四研一合開，授課教師為戴永惇老師,https://course.nuk.edu.tw/QueryCourse/tcontent.asp?OpenYear=110&Helf=2&Sclass=CE&Cono=F751,2026-08-26T18:26:40+00:00
110-2-CE-F516-M-1-,110,2,工學院,CE,土木與環境工程學系,F516,M,碩士班,1,,結構耐震設計,3,選,60,11,,49,施俊揚,B01-104,,2,,,"1,2",,,"[{""day"": 2, ""dayName"": ""星期二"", ""periods"": [""2""], ""raw"": ""2""}, {""day"": 5, ""dayName"": ""星期五"", ""periods"": [""1"", ""2""], ""raw"": ""1,2""}]",,大四研一合開，授課教師：施俊揚老師,https://course.nuk.edu.tw/QueryCourse/tcontent.asp?OpenYear=110&Helf=2&Sclass=CE&Cono=F516,2026-08-26T18:26:40+00:00
110-2-CE-F51E-M-1-,110,2,工學院,CE,土木與環境工程學系,F51E,M,碩士班,1,,專題討論,2,選,40,26,,14,施俊揚 林琪,C01-106,,,"7,8",,,,,"[{""day"": 3, ""dayName"": ""星期三"", ""periods"": [""7"", ""8""], ""raw"": ""7,8""}]",,大四研一合開,https://course.nuk.edu.tw/QueryCourse/tcontent.asp?OpenYear=110&Helf=2&Sclass=CE&Cono=F51E,2026-08-26T18:26:40+00:00
110-2-CE-F542-M-1-,110,2,工學院,CE,土木與環境工程學系,F542,M,碩士班,1,,環工生物原理,3,選,40,21,,19,莊蕙萍,C01-413,,,,,"5,6, 7",,,"[{""day"": 5, ""dayName"": ""星期五"", ""periods"": [""5"", ""6"", ""7""], ""raw"": ""5,6, 7""}]",,大四研一合開,https://course.nuk.edu.tw/QueryCourse/tcontent.asp?OpenYear=110&Helf=2&Sclass=CE&Cono=F542,2026-08-26T18:26:40+00:00
110-2-CE-F561-M-1-,110,2,工學院,CE,土木與環境工程學系,F561,M,碩士班,1,,彈性力學,3,選,60,12,,48,施俊揚,B01-104,,1,,,"5,6",,,"[{""day"": 2, ""dayName"": ""星期二"", ""periods"": [""1""], ""raw"": ""1""}, {""day"": 5, ""dayName"": ""星期五"", ""periods"": [""5"", ""6""], ""raw"": ""5,6""}]",,大四研一合開，授課教師：施俊揚老師,https://course.nuk.edu.tw/QueryCourse/tcontent.asp?OpenYear=110&Helf=2&Sclass=CE&Cono=F561,2026-08-26T18:26:40+00:00
110-2-CE-F581-M-1-,110,2,工學院,CE,土木與環境工程學系,F581,M,碩士班,1,,空氣污染控制設計,3,選,40,17,,23,林琪,C01-413,,"5,6",,2,,,,"[{""day"": 2, ""dayName"": ""星期二"", ""periods"": [""5"", ""6""], ""raw"": ""5,6""}, {""day"": 4, ""dayName"": ""星期四"", ""periods"": [""2""], ""raw"": ""2""}]",,大四研一合開,https://course.nuk.edu.tw/QueryCourse/tcontent.asp?OpenYear=110&Helf=2&Sclass=CE&Cono=F581,2026-08-26T18:26:40+00:00
110-2-CE-F591-M-1-,110,2,工學院,CE,土木與環境工程學系,F591,M,碩士班,1,,岩石力學,3,選,60,13,,47,陳韋志,C01-106,,,,4,"3,4",,,"[{""day"": 4, ""dayName"": ""星期四"", ""periods"": [""4""], ""raw"": ""4""}, {""day"": 5, ""dayName"": ""星期五"", ""periods"": [""3"", ""4""], ""raw"": ""3,4""}]",,大四研一合開,https://course.nuk.edu.tw/QueryCourse/tcontent.asp?OpenYear=110&Helf=2&Sclass=CE&Cono=F591,2026-08-26T18:26:40+00:00
110-2-CE-F601-M-1-,110,2,工學院,CE,土木與環境工程學系,F601,M,碩士班,1,,有限元素法,3,選,40,10,,30,俞肇球,C01-B102,,,,"Y,5, 6",,,,"[{""day"": 4, ""dayName"": ""星期四"", ""periods"": [""Y"", ""5"", ""6""], ""raw"": ""Y,5, 6""}]",,大四研一合開,https://course.nuk.edu.tw/QueryCourse/tcontent.asp?OpenYear=110&Helf=2&Sclass=CE&Cono=F601,2026-08-26T18:26:40+00:00
110-2-CE-F612-M-1-,110,2,工學院,CE,土木與環境工程學系,F612,M,碩士班,1,,室內空氣品質,3,選,40,11,,29,林琪,C01-413 其他教室,,7,"2,3",,,,,"[{""day"": 2, ""dayName"": ""星期二"", ""periods"": [""7""], ""raw"": ""7""}, {""day"": 3, ""dayName"": ""星期三"", ""periods"": [""2"", ""3""], ""raw"": ""2,3""}]",,大四研一合開,https://course.nuk.edu.tw/QueryCourse/tcontent.asp?OpenYear=110&Helf=2&Sclass=CE&Cono=F612,2026-08-26T18:26:40+00:00
110-2-CE-F663-M-1-,110,2,工學院,CE,土木與環境工程學系,F663,M,碩士班,1,,橋梁工程,3,選,30,12,,18,陳振華,C01-B102,"8,9",10,,,,,,"[{""day"": 1, ""dayName"": ""星期一"", ""periods"": [""8"", ""9""], ""raw"": ""8,9""}, {""day"": 2, ""dayName"": ""星期二"", ""periods"": [""10""], ""raw"": ""10""}]",,大四研一合開,https://course.nuk.edu.tw/QueryCourse/tcontent.asp?OpenYear=110&Helf=2&Sclass=CE&Cono=F663,2026-08-26T18:26:40+00:00
110-2-CE-F715-M-1-,110,2,工學院,CE,土木與環境工程學系,F715,M,碩士班,1,,再生能源憑證制度：理論與實務,3,選,40,6,,34,連興隆,C01-B101,"2,3, 8",,,,,,,"[{""day"": 1, ""dayName"": ""星期一"", ""periods"": [""2"", ""3"", ""8""], ""raw"": ""2,3, 8""}]",,大四研一合開,https://course.nuk.edu.tw/QueryCourse/tcontent.asp?OpenYear=110&Helf=2&Sclass=CE&Cono=F715,2026-08-26T18:26:40+00:00
110-2-CE-F732-M-1-,110,2,工學院,CE,土木與環境工程學系,F732,M,碩士班,1,,創意策略與實踐研究,2,選,40,18,,22,吳文昌,C01-106,,,"5,6",,,,,"[{""day"": 3, ""dayName"": ""星期三"", ""periods"": [""5"", ""6""], ""raw"": ""5,6""}]",,大四研一合開，授課教師：吳文昌老師,https://course.nuk.edu.tw/QueryCourse/tcontent.asp?OpenYear=110&Helf=2&Sclass=CE&Cono=F732,2026-08-26T18:26:40+00:00
110-2-CE-F741-M-1-,110,2,工學院,CE,土木與環境工程學系,F741,M,碩士班,1,,人工智慧於土木與環境工程之應用,3,選,40,17,,23,蔡幸致,L01-108,,,,"7,8, 9",,,,"[{""day"": 4, ""dayName"": ""星期四"", ""periods"": [""7"", ""8"", ""9""], ""raw"": ""7,8, 9""}]",,大四研一合開,https://course.nuk.edu.tw/QueryCourse/tcontent.asp?OpenYear=110&Helf=2&Sclass=CE&Cono=F741,2026-08-26T18:26:40+00:00
110-2-CE-F751-M-1-,110,2,工學院,CE,土木與環境工程學系,F751,M,碩士班,1,,清潔生產,3,選,40,15,,25,戴永惇,C01-413,,,,,"2,3, 4",,,"[{""day"": 5, ""dayName"": ""星期五"", ""periods"": [""2"", ""3"", ""4""], ""raw"": ""2,3, 4""}]",,大四研一合開，授課教師為戴永惇老師,https://course.nuk.edu.tw/QueryCourse/tcontent.asp?OpenYear=110&Helf=2&Sclass=CE&Cono=F751,2026-08-26T18:26:40+00:00
110-2-CM-A01B-A-1-A,110,2,工學院,CM,化學工程及材料工程學系,A01B,A,大學部,1,A,微積分(二),3,必,60,59,,1,謝永堂,C01-105,,,"2,3, 4",,,,,"[{""day"": 3, ""dayName"": ""星期三"", ""periods"": [""2"", ""3"", ""4""], ""raw"": ""2,3, 4""}]",,全英語授課,https://course.nuk.edu.tw/QueryCourse/tcontent.asp?OpenYear=110&Helf=2&Sclass=CM&Cono=A01B,2026-08-26T18:26:40+00:00
110-2-CM-A031-A-1-A,110,2,工學院,CM,化學工程及材料工程學系,A031,A,大學部,1,A,普通物理實驗,1,必,60,55,,5,楊證富,C01-211,,"10,11, 12",,,,,,"[{""day"": 2, ""dayName"": ""星期二"", ""periods"": [""10"", ""11"", ""12""], ""raw"": ""10,11, 12""}]",,,https://course.nuk.edu.tw/QueryCourse/tcontent.asp?OpenYear=110&Helf=2&Sclass=CM&Cono=A031,2026-08-26T18:26:40+00:00
110-2-CM-A04B-A-1-A,110,2,工學院,CM,化學工程及材料工程學系,A04B,A,大學部,1,A,普通化學(二),2,必,60,53,,7,謝永堂,C01-105,,"3,4",,,,,,"[{""day"": 2, ""dayName"": ""星期二"", ""periods"": [""3"", ""4""], ""raw"": ""3,4""}]",學程,全英語授課 屬高值化金屬製備學程,https://course.nuk.edu.tw/QueryCourse/tcontent.asp?OpenYear=110&Helf=2&Sclass=CM&Cono=A04B,2026-08-26T18:26:40+00:00
110-2-CM-A07B-A-1-A,110,2,工學院,CM,化學工程及材料工程學系,A07B,A,大學部,1,A,化工與材料科學導論(二),3,必,57,57,,0,王瑞琪,C01-105,,,,"2,3, 4",,,,"[{""day"": 4, ""dayName"": ""星期四"", ""periods"": [""2"", ""3"", ""4""], ""raw"": ""2,3, 4""}]",限修及外加 學程,屬高值化金屬製備學程,https://course.nuk.edu.tw/QueryCourse/tcontent.asp?OpenYear=110&Helf=2&Sclass=CM&Cono=A07B,2026-08-26T18:26:40+00:00
110-2-CM-A191-A-1-A,110,2,工學院,CM,化學工程及材料工程學系,A191,A,大學部,1,A,電子電工學,3,必,60,56,,4,楊證富,C01-105,"1,2, 3",,,,,,,"[{""day"": 1, ""dayName"": ""星期一"", ""periods"": [""1"", ""2"", ""3""], ""raw"": ""1,2, 3""}]",,,https://course.nuk.edu.tw/QueryCourse/tcontent.asp?OpenYear=110&Helf=2&Sclass=CM&Cono=A191,2026-08-26T18:26:40+00:00
110-2-CM-B01A-A-1-A,110,2,工學院,CM,化學工程及材料工程學系,B01A,A,大學部,1,A,物理化學(一),3,必,71,71,,0,陳文正,C01-105,,,,,"2,3, 4",,,"[{""day"": 5, ""dayName"": ""星期五"", ""periods"": [""2"", ""3"", ""4""], ""raw"": ""2,3, 4""}]",,,https://course.nuk.edu.tw/QueryCourse/tcontent.asp?OpenYear=110&Helf=2&Sclass=CM&Cono=B01A,2026-08-26T18:26:40+00:00
110-2-CM-D600-A-1-A,110,2,工學院,CM,化學工程及材料工程學系,D600,A,大學部,1,A,智慧財產權保護法制與實用,2,選,92,76,,16,黃耀霆,C01-B104,,,,,"3,4",,,"[{""day"": 5, ""dayName"": ""星期五"", ""periods"": [""3"", ""4""], ""raw"": ""3,4""}]",,與化材系合開/授課教師:黃耀霆,https://course.nuk.edu.tw/QueryCourse/tcontent.asp?OpenYear=110&Helf=2&Sclass=CM&Cono=D600,2026-08-26T18:26:40+00:00
110-2-CM-B00B-A-2-A,110,2,工學院,CM,化學工程及材料工程學系,B00B,A,大學部,2,A,工程數學(二),3,必,60,49,,11,楊乾信,B01-103,,,"2,3, 4",,,,,"[{""day"": 3, ""dayName"": ""星期三"", ""periods"": [""2"", ""3"", ""4""], ""raw"": ""2,3, 4""}]",,,https://course.nuk.edu.tw/QueryCourse/tcontent.asp?OpenYear=110&Helf=2&Sclass=CM&Cono=B00B,2026-08-26T18:26:40+00:00
110-2-CM-B031-A-2-A,110,2,工學院,CM,化學工程及材料工程學系,B031,A,大學部,2,A,材料化學實驗,1,必,40,21,,19,蘇進成,C01-112 其他教室,,,,"2,3, 4",,,,"[{""day"": 4, ""dayName"": ""星期四"", ""periods"": [""2"", ""3"", ""4""], ""raw"": ""2,3, 4""}]",,請學號單號同學選修本課程，教室使用112實驗室與普通教室,https://course.nuk.edu.tw/QueryCourse/tcontent.asp?OpenYear=110&Helf=2&Sclass=CM&Cono=B031,2026-08-26T18:26:40+00:00
110-2-CM-B080-A-2-A,110,2,工學院,CM,化學工程及材料工程學系,B080,A,大學部,2,A,物理化學實驗,1,必,40,22,,18,陳文正,C01-112 其他教室,,,,"5,6, 7",,,,"[{""day"": 4, ""dayName"": ""星期四"", ""periods"": [""5"", ""6"", ""7""], ""raw"": ""5,6, 7""}]",,請學號雙號同學選修本課程，教室使用112實驗室與普通教室,https://course.nuk.edu.tw/QueryCourse/tcontent.asp?OpenYear=110&Helf=2&Sclass=CM&Cono=B080,2026-08-26T18:26:40+00:00
110-2-CM-B092-A-2-A,110,2,工學院,CM,化學工程及材料工程學系,B092,A,大學部,2,A,有機材料化學(二),3,必,60,51,,9,鍾宜璋,C01-107,"2,3, 4",,,,,,,"[{""day"": 1, ""dayName"": ""星期一"", ""periods"": [""2"", ""3"", ""4""], ""raw"": ""2,3, 4""}]",,,https://course.nuk.edu.tw/QueryCourse/tcontent.asp?OpenYear=110&Helf=2&Sclass=CM&Cono=B092,2026-08-26T18:26:40+00:00
110-2-CM-C091-A-2-A,110,2,工學院,CM,化學工程及材料工程學系,C091,A,大學部,2,A,化工與材料動力學,3,必,60,53,,7,蘇進成,C01-105,"5,6, 7",,,,,,,"[{""day"": 1, ""dayName"": ""星期一"", ""periods"": [""5"", ""6"", ""7""], ""raw"": ""5,6, 7""}]",,,https://course.nuk.edu.tw/QueryCourse/tcontent.asp?OpenYear=110&Helf=2&Sclass=CM&Cono=C091,2026-08-26T18:26:40+00:00
110-2-CM-C512-A-2-A,110,2,工學院,CM,化學工程及材料工程學系,C512,A,大學部,2,A,物理冶金專題,3,選,60,32,,28,呂正傑,B01-105,,"2,3, 4",,,,,,"[{""day"": 2, ""dayName"": ""星期二"", ""periods"": [""2"", ""3"", ""4""], ""raw"": ""2,3, 4""}]",學程,屬高值化金屬製備學程,https://course.nuk.edu.tw/QueryCourse/tcontent.asp?OpenYear=110&Helf=2&Sclass=CM&Cono=C512,2026-08-26T18:26:40+00:00
110-2-CM-C651-A-2-A,110,2,工學院,CM,化學工程及材料工程學系,C651,A,大學部,2,A,儀器分析,3,選,50,47,,3,陳文正,C01-105,,"5,6, 7",,,,,,"[{""day"": 2, ""dayName"": ""星期二"", ""periods"": [""5"", ""6"", ""7""], ""raw"": ""5,6, 7""}]",,屬「磁電材料」跨院系學分學程,https://course.nuk.edu.tw/QueryCourse/tcontent.asp?OpenYear=110&Helf=2&Sclass=CM&Cono=C651,2026-08-26T18:26:40+00:00
110-2-CM-D600-A-2-A,110,2,工學院,CM,化學工程及材料工程學系,D600,A,大學部,2,A,智慧財產權保護法制與實用,2,選,92,76,,16,黃耀霆,C01-B104,,,,,"3,4",,,"[{""day"": 5, ""dayName"": ""星期五"", ""periods"": [""3"", ""4""], ""raw"": ""3,4""}]",外加,與化材系合開/授課教師:黃耀霆,https://course.nuk.edu.tw/QueryCourse/tcontent.asp?OpenYear=110&Helf=2&Sclass=CM&Cono=D600,2026-08-26T18:26:40+00:00
110-2-CM-B11B-A-3-A,110,2,工學院,CM,化學工程及材料工程學系,B11B,A,大學部,3,A,化工與材料輸送現象(二),3,必,60,37,,23,簡秀紋,C01-B103,,"10,11, 12",,,,,,"[{""day"": 2, ""dayName"": ""星期二"", ""periods"": [""10"", ""11"", ""12""], ""raw"": ""10,11, 12""}]",,,https://course.nuk.edu.tw/QueryCourse/tcontent.asp?OpenYear=110&Helf=2&Sclass=CM&Cono=B11B,2026-08-26T18:26:40+00:00
110-2-CM-B531-A-3-A,110,2,工學院,CM,化學工程及材料工程學系,B531,A,大學部,3,A,生物化學,3,選,32,32,,0,葛孟杰,C02-111,,,"2,3, 4",,,,,"[{""day"": 3, ""dayName"": ""星期三"", ""periods"": [""2"", ""3"", ""4""], ""raw"": ""2,3, 4""}]",外加,,https://course.nuk.edu.tw/QueryCourse/tcontent.asp?OpenYear=110&Helf=2&Sclass=CM&Cono=B531,2026-08-26T18:26:40+00:00
110-2-CM-C072-A-3-A,110,2,工學院,CM,化學工程及材料工程學系,C072,A,大學部,3,A,化工與材料實驗(II),1,必,60,36,,24,謝永堂 鍾宜璋 楊乾信,C01-112 其他教室,,,"5,6, 7,8",,,,,"[{""day"": 3, ""dayName"": ""星期三"", ""periods"": [""5"", ""6"", ""7"", ""8""], ""raw"": ""5,6, 7,8""}]",,教室使用工學院112實驗室與普通教室授課,https://course.nuk.edu.tw/QueryCourse/tcontent.asp?OpenYear=110&Helf=2&Sclass=CM&Cono=C072,2026-08-26T18:26:40+00:00
110-2-CM-C10B-A-3-A,110,2,工學院,CM,化學工程及材料工程學系,C10B,A,大學部,3,A,化工與材料熱力學(II),3,必,60,39,,21,呂正傑,C01-107,"5,6, 7",,,,,,,"[{""day"": 1, ""dayName"": ""星期一"", ""periods"": [""5"", ""6"", ""7""], ""raw"": ""5,6, 7""}]",學程,屬高值化金屬製備特色人才培育學程,https://course.nuk.edu.tw/QueryCourse/tcontent.asp?OpenYear=110&Helf=2&Sclass=CM&Cono=C10B,2026-08-26T18:26:40+00:00
110-2-CM-C642-A-3-A,110,2,工學院,CM,化學工程及材料工程學系,C642,A,大學部,3,A,專題研究(二),1,選,60,11,,49,蘇進成 王瑞琪 楊證富 林宏殷 呂正傑,C01-B101-1,,,10,10,10,,,"[{""day"": 3, ""dayName"": ""星期三"", ""periods"": [""10""], ""raw"": ""10""}, {""day"": 4, ""dayName"": ""星期四"", ""periods"": [""10""], ""raw"": ""10""}, {""day"": 5, ""dayName"": ""星期五"", ""periods"": [""10""], ""raw"": ""10""}]",,,https://course.nuk.edu.tw/QueryCourse/tcontent.asp?OpenYear=110&Helf=2&Sclass=CM&Cono=C642,2026-08-26T18:26:40+00:00
110-2-CM-D07A-A-3-A,110,2,工學院,CM,化學工程及材料工程學系,D07A,A,大學部,3,A,專題討論(I),0,必,60,34,,26,王瑞琪,C01-114,,"5,6",,,,,,"[{""day"": 2, ""dayName"": ""星期二"", ""periods"": [""5"", ""6""], ""raw"": ""5,6""}]",,使用工學院演講廳授課,https://course.nuk.edu.tw/QueryCourse/tcontent.asp?OpenYear=110&Helf=2&Sclass=CM&Cono=D07A,2026-08-26T18:26:40+00:00
110-2-CM-D600-A-3-A,110,2,工學院,CM,化學工程及材料工程學系,D600,A,大學部,3,A,智慧財產權保護法制與實用,2,選,92,76,,16,黃耀霆,C01-B104,,,,,"3,4",,,"[{""day"": 5, ""dayName"": ""星期五"", ""periods"": [""3"", ""4""], ""raw"": ""3,4""}]",,與化材系合開/授課教師:黃耀霆,https://course.nuk.edu.tw/QueryCourse/tcontent.asp?OpenYear=110&Helf=2&Sclass=CM&Cono=D600,2026-08-26T18:26:40+00:00
110-2-CM-D631-A-3-A,110,2,工學院,CM,化學工程及材料工程學系,D631,A,大學部,3,A,材料機械性質,3,選,40,20,,20,何文福,C01-B101-1,,,,"2,3, 4",,,,"[{""day"": 4, ""dayName"": ""星期四"", ""periods"": [""2"", ""3"", ""4""], ""raw"": ""2,3, 4""}]",學程,,https://course.nuk.edu.tw/QueryCourse/tcontent.asp?OpenYear=110&Helf=2&Sclass=CM&Cono=D631,2026-08-26T18:26:40+00:00
110-2-CM-D651-A-3-A,110,2,工學院,CM,化學工程及材料工程學系,D651,A,大學部,3,A,石油化學工業實務,3,選,30,29,,1,蘇進成 楊證富 林亞玄,C01-105,,,,,"5,6, 7",,,"[{""day"": 5, ""dayName"": ""星期五"", ""periods"": [""5"", ""6"", ""7""], ""raw"": ""5,6, 7""}]",,大三大四合開，本課程設計將有數週至公司實作，選修同學務必預留整天時間參與課程。,https://course.nuk.edu.tw/QueryCourse/tcontent.asp?OpenYear=110&Helf=2&Sclass=CM&Cono=D651,2026-08-26T18:26:40+00:00
110-2-CM-D600-A-4-A,110,2,工學院,CM,化學工程及材料工程學系,D600,A,大學部,4,A,智慧財產權保護法制與實用,2,選,92,76,,16,黃耀霆,C01-B104,,,,,"3,4",,,"[{""day"": 5, ""dayName"": ""星期五"", ""periods"": [""3"", ""4""], ""raw"": ""3,4""}]",,與化材系合開/授課教師:黃耀霆,https://course.nuk.edu.tw/QueryCourse/tcontent.asp?OpenYear=110&Helf=2&Sclass=CM&Cono=D600,2026-08-26T18:26:40+00:00
110-2-CM-D62C-A-4-A,110,2,工學院,CM,化學工程及材料工程學系,D62C,A,大學部,4,A,業界實習(三),9,選,30,10,,20,蘇進成 楊證富 楊乾信,C01-105,,1,1,1,,,,"[{""day"": 2, ""dayName"": ""星期二"", ""periods"": [""1""], ""raw"": ""1""}, {""day"": 3, ""dayName"": ""星期三"", ""periods"": [""1""], ""raw"": ""1""}, {""day"": 4, ""dayName"": ""星期四"", ""periods"": [""1""], ""raw"": ""1""}]",學程,屬高值化金屬製備學程，實習須達450小時,https://course.nuk.edu.tw/QueryCourse/tcontent.asp?OpenYear=110&Helf=2&Sclass=CM&Cono=D62C,2026-08-26T18:26:40+00:00
110-2-CM-D651-A-4-A,110,2,工學院,CM,化學工程及材料工程學系,D651,A,大學部,4,A,石油化學工業實務,3,選,30,29,,1,蘇進成 楊證富 林亞玄,C01-105,,,,,"5,6, 7",,,"[{""day"": 5, ""dayName"": ""星期五"", ""periods"": [""5"", ""6"", ""7""], ""raw"": ""5,6, 7""}]",,大三大四合開，本課程設計將有數週至公司實作，選修同學務必預留整天時間參與課程。,https://course.nuk.edu.tw/QueryCourse/tcontent.asp?OpenYear=110&Helf=2&Sclass=CM&Cono=D651,2026-08-26T18:26:40+00:00
110-2-CM-F534-A-4-A,110,2,工學院,CM,化學工程及材料工程學系,F534,A,大學部,4,A,生醫材料,3,選,30,14,,16,何文福,C01-B101-1,,"2,3, 4",,,,,,"[{""day"": 2, ""dayName"": ""星期二"", ""periods"": [""2"", ""3"", ""4""], ""raw"": ""2,3, 4""}]",,大四與碩班合開,https://course.nuk.edu.tw/QueryCourse/tcontent.asp?OpenYear=110&Helf=2&Sclass=CM&Cono=F534,2026-08-26T18:26:40+00:00
110-2-CM-F542-A-4-A,110,2,工學院,CM,化學工程及材料工程學系,F542,A,大學部,4,A,高等動力學,3,選,30,6,,24,謝永堂,C01-B101-1,"6,7, 8",,,,,,,"[{""day"": 1, ""dayName"": ""星期一"", ""periods"": [""6"", ""7"", ""8""], ""raw"": ""6,7, 8""}]",,大四與碩班合開，全英語授課,https://course.nuk.edu.tw/QueryCourse/tcontent.asp?OpenYear=110&Helf=2&Sclass=CM&Cono=F542,2026-08-26T18:26:40+00:00
110-2-CM-F562-A-4-A,110,2,工學院,CM,化學工程及材料工程學系,F562,A,大學部,4,A,機能性高分子,3,選,30,7,,23,鍾宜璋,C01-105,,,,"8,9, 10",,,,"[{""day"": 4, ""dayName"": ""星期四"", ""periods"": [""8"", ""9"", ""10""], ""raw"": ""8,9, 10""}]",,大四與碩班合開,https://course.nuk.edu.tw/QueryCourse/tcontent.asp?OpenYear=110&Helf=2&Sclass=CM&Cono=F562,2026-08-26T18:26:40+00:00
110-2-CM-F571-A-4-A,110,2,工學院,CM,化學工程及材料工程學系,F571,A,大學部,4,A,X-光繞射與晶體結構,3,選,31,16,,15,呂正傑,C01-B101-1,,,"2,3, 4",,,,,"[{""day"": 3, ""dayName"": ""星期三"", ""periods"": [""2"", ""3"", ""4""], ""raw"": ""2,3, 4""}]",,大四與碩班合開，屬高值化金屬製備學程,https://course.nuk.edu.tw/QueryCourse/tcontent.asp?OpenYear=110&Helf=2&Sclass=CM&Cono=F571,2026-08-26T18:26:40+00:00
110-2-CM-F662-A-4-A,110,2,工學院,CM,化學工程及材料工程學系,F662,A,大學部,4,A,材料表面分析,3,選,30,10,,20,王瑞琪,C01-B101-1,,,,,"2,3, 4",,,"[{""day"": 5, ""dayName"": ""星期五"", ""periods"": [""2"", ""3"", ""4""], ""raw"": ""2,3, 4""}]",學程,"大四與碩班合開，屬高值化金屬製備特色人才培育學程, 「磁電材料」跨院系學分學程,半導體光電製程學程",https://course.nuk.edu.tw/QueryCourse/tcontent.asp?OpenYear=110&Helf=2&Sclass=CM&Cono=F662,2026-08-26T18:26:40+00:00
110-2-CM-F674-A-4-A,110,2,工學院,CM,化學工程及材料工程學系,F674,A,大學部,4,A,智慧材料,3,選,30,24,,6,林宏殷,C01-105,,,,"5,6, 7",,,,"[{""day"": 4, ""dayName"": ""星期四"", ""periods"": [""5"", ""6"", ""7""], ""raw"": ""5,6, 7""}]",,大四與碩班合開,https://course.nuk.edu.tw/QueryCourse/tcontent.asp?OpenYear=110&Helf=2&Sclass=CM&Cono=F674,2026-08-26T18:26:40+00:00
110-2-CM-F701-A-4-A,110,2,工學院,CM,化學工程及材料工程學系,F701,A,大學部,4,A,鈦合金材料特性與應用,3,選,30,5,,25,何文福,C01-414,"2,3, 4",,,,,,,"[{""day"": 1, ""dayName"": ""星期一"", ""periods"": [""2"", ""3"", ""4""], ""raw"": ""2,3, 4""}]",,大四與碩班合開,https://course.nuk.edu.tw/QueryCourse/tcontent.asp?OpenYear=110&Helf=2&Sclass=CM&Cono=F701,2026-08-26T18:26:40+00:00
110-2-CM-F711-A-4-A,110,2,工學院,CM,化學工程及材料工程學系,F711,A,大學部,4,A,精油化學與實務,3,選,30,25,,5,林宏殷,C01-105,,,"5,6, 7",,,,,"[{""day"": 3, ""dayName"": ""星期三"", ""periods"": [""5"", ""6"", ""7""], ""raw"": ""5,6, 7""}]",,大四與碩班合開,https://course.nuk.edu.tw/QueryCourse/tcontent.asp?OpenYear=110&Helf=2&Sclass=CM&Cono=F711,2026-08-26T18:26:40+00:00
110-2-CM-G521-A-4-A,110,2,工學院,CM,化學工程及材料工程學系,G521,A,大學部,4,A,能源材料特論,3,選,30,13,,17,楊乾信,C01-B107-1,,,,"2,3, 4",,,,"[{""day"": 4, ""dayName"": ""星期四"", ""periods"": [""2"", ""3"", ""4""], ""raw"": ""2,3, 4""}]",,大四與碩班合開,https://course.nuk.edu.tw/QueryCourse/tcontent.asp?OpenYear=110&Helf=2&Sclass=CM&Cono=G521,2026-08-26T18:26:40+00:00
110-2-CM-F02B-M-1-,110,2,工學院,CM,化學工程及材料工程學系,F02B,M,碩士班,1,,專題討論(II),0,必,60,39,,21,楊證富,C01-114,,"5,6",,,,,,"[{""day"": 2, ""dayName"": ""星期二"", ""periods"": [""5"", ""6""], ""raw"": ""5,6""}]",限修,大四與碩班合開,https://course.nuk.edu.tw/QueryCourse/tcontent.asp?OpenYear=110&Helf=2&Sclass=CM&Cono=F02B,2026-08-26T18:26:40+00:00
110-2-CM-F051-M-1-,110,2,工學院,CM,化學工程及材料工程學系,F051,M,碩士班,1,,精密儀器分析與實作,3,必,30,23,,7,呂正傑 鍾宜璋 楊證富,C01-105,,Y,Y,Y,,,,"[{""day"": 2, ""dayName"": ""星期二"", ""periods"": [""Y""], ""raw"": ""Y""}, {""day"": 3, ""dayName"": ""星期三"", ""periods"": [""Y""], ""raw"": ""Y""}, {""day"": 4, ""dayName"": ""星期四"", ""periods"": [""Y""], ""raw"": ""Y""}]",限修,限化材系碩士班同學選修,https://course.nuk.edu.tw/QueryCourse/tcontent.asp?OpenYear=110&Helf=2&Sclass=CM&Cono=F051,2026-08-26T18:26:40+00:00
110-2-CM-F534-M-1-,110,2,工學院,CM,化學工程及材料工程學系,F534,M,碩士班,1,,生醫材料,3,選,30,14,,16,何文福,C01-B101-1,,"2,3, 4",,,,,,"[{""day"": 2, ""dayName"": ""星期二"", ""periods"": [""2"", ""3"", ""4""], ""raw"": ""2,3, 4""}]",,大四與碩班合開,https://course.nuk.edu.tw/QueryCourse/tcontent.asp?OpenYear=110&Helf=2&Sclass=CM&Cono=F534,2026-08-26T18:26:40+00:00
110-2-CM-F542-M-1-,110,2,工學院,CM,化學工程及材料工程學系,F542,M,碩士班,1,,高等動力學,3,選,30,6,,24,謝永堂,C01-B101-1,"6,7, 8",,,,,,,"[{""day"": 1, ""dayName"": ""星期一"", ""periods"": [""6"", ""7"", ""8""], ""raw"": ""6,7, 8""}]",,大四與碩班合開 全英語授課，屬碩士班核心課程,https://course.nuk.edu.tw/QueryCourse/tcontent.asp?OpenYear=110&Helf=2&Sclass=CM&Cono=F542,2026-08-26T18:26:40+00:00
110-2-CM-F562-M-1-,110,2,工學院,CM,化學工程及材料工程學系,F562,M,碩士班,1,,機能性高分子,3,選,30,7,,23,鍾宜璋,C01-105,,,,"8,9, 10",,,,"[{""day"": 4, ""dayName"": ""星期四"", ""periods"": [""8"", ""9"", ""10""], ""raw"": ""8,9, 10""}]",,大四與碩班合開,https://course.nuk.edu.tw/QueryCourse/tcontent.asp?OpenYear=110&Helf=2&Sclass=CM&Cono=F562,2026-08-26T18:26:40+00:00
110-2-CM-F571-M-1-,110,2,工學院,CM,化學工程及材料工程學系,F571,M,碩士班,1,,X-光繞射與晶體結構,3,選,31,16,,15,呂正傑,C01-B101-1,,,"2,3, 4",,,,,"[{""day"": 3, ""dayName"": ""星期三"", ""periods"": [""2"", ""3"", ""4""], ""raw"": ""2,3, 4""}]",,大四與碩班合開，屬高值化金屬製備學程,https://course.nuk.edu.tw/QueryCourse/tcontent.asp?OpenYear=110&Helf=2&Sclass=CM&Cono=F571,2026-08-26T18:26:40+00:00
110-2-CM-F662-M-1-,110,2,工學院,CM,化學工程及材料工程學系,F662,M,碩士班,1,,材料表面分析,3,選,30,10,,20,王瑞琪,C01-B101-1,,,,,"2,3, 4",,,"[{""day"": 5, ""dayName"": ""星期五"", ""periods"": [""2"", ""3"", ""4""], ""raw"": ""2,3, 4""}]",學程,"大四與碩班合開，屬高值化金屬製備特色人才培育學程, 「磁電材料」跨院系學分學程,半導體光電製程學程",https://course.nuk.edu.tw/QueryCourse/tcontent.asp?OpenYear=110&Helf=2&Sclass=CM&Cono=F662,2026-08-26T18:26:40+00:00
110-2-CM-F674-M-1-,110,2,工學院,CM,化學工程及材料工程學系,F674,M,碩士班,1,,智慧材料,3,選,30,24,,6,林宏殷,C01-105,,,,"5,6, 7",,,,"[{""day"": 4, ""dayName"": ""星期四"", ""periods"": [""5"", ""6"", ""7""], ""raw"": ""5,6, 7""}]",,大四與碩班合開,https://course.nuk.edu.tw/QueryCourse/tcontent.asp?OpenYear=110&Helf=2&Sclass=CM&Cono=F674,2026-08-26T18:26:40+00:00
110-2-CM-F701-M-1-,110,2,工學院,CM,化學工程及材料工程學系,F701,M,碩士班,1,,鈦合金材料特性與應用,3,選,30,5,,25,何文福,C01-414,"2,3, 4",,,,,,,"[{""day"": 1, ""dayName"": ""星期一"", ""periods"": [""2"", ""3"", ""4""], ""raw"": ""2,3, 4""}]",,大四與碩班合開,https://course.nuk.edu.tw/QueryCourse/tcontent.asp?OpenYear=110&Helf=2&Sclass=CM&Cono=F701,2026-08-26T18:26:40+00:00
110-2-CM-F711-M-1-,110,2,工學院,CM,化學工程及材料工程學系,F711,M,碩士班,1,,精油化學與實務,3,選,30,25,,5,林宏殷,C01-105,,,"5,6, 7",,,,,"[{""day"": 3, ""dayName"": ""星期三"", ""periods"": [""5"", ""6"", ""7""], ""raw"": ""5,6, 7""}]",限修及外加,大四與碩班合開,https://course.nuk.edu.tw/QueryCourse/tcontent.asp?OpenYear=110&Helf=2&Sclass=CM&Cono=F711,2026-08-26T18:26:40+00:00
110-2-CM-G521-M-1-,110,2,工學院,CM,化學工程及材料工程學系,G521,M,碩士班,1,,能源材料特論,3,選,30,13,,17,楊乾信,C01-B107-1,,,,"2,3, 4",,,,"[{""day"": 4, ""dayName"": ""星期四"", ""periods"": [""2"", ""3"", ""4""], ""raw"": ""2,3, 4""}]",,大四與碩班合開,https://course.nuk.edu.tw/QueryCourse/tcontent.asp?OpenYear=110&Helf=2&Sclass=CM&Cono=G521,2026-08-26T18:26:40+00:00
110-2-CM-F02B-M-2-,110,2,工學院,CM,化學工程及材料工程學系,F02B,M,碩士班,2,,專題討論(II),0,必,60,39,,21,楊證富,C01-114,,"5,6",,,,,,"[{""day"": 2, ""dayName"": ""星期二"", ""periods"": [""5"", ""6""], ""raw"": ""5,6""}]",限修,大四與碩班合開,https://course.nuk.edu.tw/QueryCourse/tcontent.asp?OpenYear=110&Helf=2&Sclass=CM&Cono=F02B,2026-08-26T18:26:40+00:00
110-2-CM-F534-M-2-,110,2,工學院,CM,化學工程及材料工程學系,F534,M,碩士班,2,,生醫材料,3,選,30,14,,16,何文福,C01-B101-1,,"2,3, 4",,,,,,"[{""day"": 2, ""dayName"": ""星期二"", ""periods"": [""2"", ""3"", ""4""], ""raw"": ""2,3, 4""}]",,大四與碩班合開,https://course.nuk.edu.tw/QueryCourse/tcontent.asp?OpenYear=110&Helf=2&Sclass=CM&Cono=F534,2026-08-26T18:26:40+00:00
110-2-CM-F542-M-2-,110,2,工學院,CM,化學工程及材料工程學系,F542,M,碩士班,2,,高等動力學,3,選,30,6,,24,謝永堂,C01-B101-1,"6,7, 8",,,,,,,"[{""day"": 1, ""dayName"": ""星期一"", ""periods"": [""6"", ""7"", ""8""], ""raw"": ""6,7, 8""}]",,大四與碩班合開，全英語授課，屬碩士班核心課程,https://course.nuk.edu.tw/QueryCourse/tcontent.asp?OpenYear=110&Helf=2&Sclass=CM&Cono=F542,2026-08-26T18:26:40+00:00
110-2-CM-F571-M-2-,110,2,工學院,CM,化學工程及材料工程學系,F571,M,碩士班,2,,X-光繞射與晶體結構,3,選,31,16,,15,呂正傑,C01-B101-1,,,"2,3, 4",,,,,"[{""day"": 3, ""dayName"": ""星期三"", ""periods"": [""2"", ""3"", ""4""], ""raw"": ""2,3, 4""}]",,大四與碩班合開，屬高值化金屬製備學程,https://course.nuk.edu.tw/QueryCourse/tcontent.asp?OpenYear=110&Helf=2&Sclass=CM&Cono=F571,2026-08-26T18:26:40+00:00
110-2-CM-F662-M-2-,110,2,工學院,CM,化學工程及材料工程學系,F662,M,碩士班,2,,材料表面分析,3,選,30,10,,20,王瑞琪,C01-B101-1,,,,,"2,3, 4",,,"[{""day"": 5, ""dayName"": ""星期五"", ""periods"": [""2"", ""3"", ""4""], ""raw"": ""2,3, 4""}]",學程,"大四與碩班合開，屬高值化金屬製備特色人才培育學程, 「磁電材料」跨院系學分學程,半導體光電製程學程",https://course.nuk.edu.tw/QueryCourse/tcontent.asp?OpenYear=110&Helf=2&Sclass=CM&Cono=F662,2026-08-26T18:26:40+00:00
110-2-CM-F674-M-2-,110,2,工學院,CM,化學工程及材料工程學系,F674,M,碩士班,2,,智慧材料,3,選,30,24,,6,林宏殷,C01-105,,,,"5,6, 7",,,,"[{""day"": 4, ""dayName"": ""星期四"", ""periods"": [""5"", ""6"", ""7""], ""raw"": ""5,6, 7""}]",,大四與碩班合開,https://course.nuk.edu.tw/QueryCourse/tcontent.asp?OpenYear=110&Helf=2&Sclass=CM&Cono=F674,2026-08-26T18:26:40+00:00
110-2-CM-F701-M-2-,110,2,工學院,CM,化學工程及材料工程學系,F701,M,碩士班,2,,鈦合金材料特性與應用,3,選,30,5,,25,何文福,C01-414,"2,3, 4",,,,,,,"[{""day"": 1, ""dayName"": ""星期一"", ""periods"": [""2"", ""3"", ""4""], ""raw"": ""2,3, 4""}]",,大四與碩班合開,https://course.nuk.edu.tw/QueryCourse/tcontent.asp?OpenYear=110&Helf=2&Sclass=CM&Cono=F701,2026-08-26T18:26:40+00:00
110-2-CM-F711-M-2-,110,2,工學院,CM,化學工程及材料工程學系,F711,M,碩士班,2,,精油化學與實務,3,選,30,25,,5,林宏殷,C01-105,,,"5,6, 7",,,,,"[{""day"": 3, ""dayName"": ""星期三"", ""periods"": [""5"", ""6"", ""7""], ""raw"": ""5,6, 7""}]",,大四與碩班合開,https://course.nuk.edu.tw/QueryCourse/tcontent.asp?OpenYear=110&Helf=2&Sclass=CM&Cono=F711,2026-08-26T18:26:40+00:00
110-2-CM-G521-M-2-,110,2,工學院,CM,化學工程及材料工程學系,G521,M,碩士班,2,,能源材料特論,3,選,30,13,,17,楊乾信,C01-B107-1,,,,"2,3, 4",,,,"[{""day"": 4, ""dayName"": ""星期四"", ""periods"": [""2"", ""3"", ""4""], ""raw"": ""2,3, 4""}]",,大四與碩班合開,https://course.nuk.edu.tw/QueryCourse/tcontent.asp?OpenYear=110&Helf=2&Sclass=CM&Cono=G521,2026-08-26T18:26:40+00:00
110-2-CS-A02B-A-1-A,110,2,工學院,CS,資訊工程學系,A02B,A,大學部,1,A,微積分(二),3,必,62,52,,10,黃健 陳建源,B01-105,,"5,6, 7",,,,,,"[{""day"": 2, ""dayName"": ""星期二"", ""periods"": [""5"", ""6"", ""7""], ""raw"": ""5,6, 7""}]",限修,,https://course.nuk.edu.tw/QueryCourse/tcontent.asp?OpenYear=110&Helf=2&Sclass=CS&Cono=A02B,2026-08-26T18:26:40+00:00
110-2-CS-A041-A-1-A,110,2,工學院,CS,資訊工程學系,A041,A,大學部,1,A,線性代數,3,必,69,69,,0,洪宗貝,C01-B103,"2,3, 4",,,,,,,"[{""day"": 1, ""dayName"": ""星期一"", ""periods"": [""2"", ""3"", ""4""], ""raw"": ""2,3, 4""}]",限修及外加,,https://course.nuk.edu.tw/QueryCourse/tcontent.asp?OpenYear=110&Helf=2&Sclass=CS&Cono=A041,2026-08-26T18:26:40+00:00
110-2-CS-A051-A-1-A,110,2,工學院,CS,資訊工程學系,A051,A,大學部,1,A,數位系統導論,3,必,60,60,,0,潘欣泰,B01-204,,,"2,3, 4",,,,,"[{""day"": 3, ""dayName"": ""星期三"", ""periods"": [""2"", ""3"", ""4""], ""raw"": ""2,3, 4""}]",,,https://course.nuk.edu.tw/QueryCourse/tcontent.asp?OpenYear=110&Helf=2&Sclass=CS&Cono=A051,2026-08-26T18:26:40+00:00
110-2-CS-A07B-A-1-A,110,2,工學院,CS,資訊工程學系,A07B,A,大學部,1,A,程式設計與實習（二）,2,必,58,53,,5,張保榮,C01-200,,"2,3, 4",,,,,,"[{""day"": 2, ""dayName"": ""星期二"", ""periods"": [""2"", ""3"", ""4""], ""raw"": ""2,3, 4""}]",限修及外加,,https://course.nuk.edu.tw/QueryCourse/tcontent.asp?OpenYear=110&Helf=2&Sclass=CS&Cono=A07B,2026-08-26T18:26:40+00:00
110-2-CS-B011-A-2-A,110,2,工學院,CS,資訊工程學系,B011,A,大學部,2,A,資料結構,3,必,61,61,,0,黃健,C01-200,,,,,"6,7, 8",,,"[{""day"": 5, ""dayName"": ""星期五"", ""periods"": [""6"", ""7"", ""8""], ""raw"": ""6,7, 8""}]",,,https://course.nuk.edu.tw/QueryCourse/tcontent.asp?OpenYear=110&Helf=2&Sclass=CS&Cono=B011,2026-08-26T18:26:40+00:00
110-2-CS-B042-A-2-A,110,2,工學院,CS,資訊工程學系,B042,A,大學部,2,A,數位電路實驗,1,必,48,47,,1,潘欣泰,C01-208,,,,"6,7, 8",,,,"[{""day"": 4, ""dayName"": ""星期四"", ""periods"": [""6"", ""7"", ""8""], ""raw"": ""6,7, 8""}]",限修,,https://course.nuk.edu.tw/QueryCourse/tcontent.asp?OpenYear=110&Helf=2&Sclass=CS&Cono=B042,2026-08-26T18:26:40+00:00
110-2-CS-B061-A-2-A,110,2,工學院,CS,資訊工程學系,B061,A,大學部,2,A,工程數學,3,必,60,50,,10,殷堂凱,B01-B108,,"2,3, 4",,,,,,"[{""day"": 2, ""dayName"": ""星期二"", ""periods"": [""2"", ""3"", ""4""], ""raw"": ""2,3, 4""}]",,,https://course.nuk.edu.tw/QueryCourse/tcontent.asp?OpenYear=110&Helf=2&Sclass=CS&Cono=B061,2026-08-26T18:26:40+00:00
110-2-CS-B071-A-2-A,110,2,工學院,CS,資訊工程學系,B071,A,大學部,2,A,組合語言與系統程式,3,必,57,57,,0,余亞儒,C01-200,,,,,"2,3, 4",,,"[{""day"": 5, ""dayName"": ""星期五"", ""periods"": [""2"", ""3"", ""4""], ""raw"": ""2,3, 4""}]",外加,,https://course.nuk.edu.tw/QueryCourse/tcontent.asp?OpenYear=110&Helf=2&Sclass=CS&Cono=B071,2026-08-26T18:26:40+00:00
110-2-CS-B543-A-2-A,110,2,工學院,CS,資訊工程學系,B543,A,大學部,2,A,java程式設計,3,選,52,52,,0,余亞儒,C01-200,,,"2,3, 4",,,,,"[{""day"": 3, ""dayName"": ""星期三"", ""periods"": [""2"", ""3"", ""4""], ""raw"": ""2,3, 4""}]",限修及外加,,https://course.nuk.edu.tw/QueryCourse/tcontent.asp?OpenYear=110&Helf=2&Sclass=CS&Cono=B543,2026-08-26T18:26:40+00:00
110-2-CS-D521-A-2-A,110,2,工學院,CS,資訊工程學系,D521,A,大學部,2,A,視窗程式設計,3,選,45,27,,18,蘇家輝,C01-209,"2,3, 4",,,,,,,"[{""day"": 1, ""dayName"": ""星期一"", ""periods"": [""2"", ""3"", ""4""], ""raw"": ""2,3, 4""}]",,,https://course.nuk.edu.tw/QueryCourse/tcontent.asp?OpenYear=110&Helf=2&Sclass=CS&Cono=D521,2026-08-26T18:26:40+00:00
110-2-CS-C051-A-3-A,110,2,工學院,CS,資訊工程學系,C051,A,大學部,3,A,專題研究(一),1,必,60,44,,16,殷堂凱,,,,,,,X,X,"[{""day"": 6, ""dayName"": ""星期六"", ""periods"": [""X""], ""raw"": ""X""}, {""day"": 7, ""dayName"": ""星期日"", ""periods"": [""X""], ""raw"": ""X""}]",,,https://course.nuk.edu.tw/QueryCourse/tcontent.asp?OpenYear=110&Helf=2&Sclass=CS&Cono=C051,2026-08-26T18:26:40+00:00
110-2-CS-C061-A-3-A,110,2,工學院,CS,資訊工程學系,C061,A,大學部,3,A,作業系統,3,必,60,49,,11,吳俊興,B01-204,,"2,3, 4",,,,,,"[{""day"": 2, ""dayName"": ""星期二"", ""periods"": [""2"", ""3"", ""4""], ""raw"": ""2,3, 4""}]",,,https://course.nuk.edu.tw/QueryCourse/tcontent.asp?OpenYear=110&Helf=2&Sclass=CS&Cono=C061,2026-08-26T18:26:40+00:00
110-2-CS-C071-A-3-A,110,2,工學院,CS,資訊工程學系,C071,A,大學部,3,A,軟體工程,3,必,56,43,,13,林文揚,C01-107 其他教室,,,"6,7, 8",,,,,"[{""day"": 3, ""dayName"": ""星期三"", ""periods"": [""6"", ""7"", ""8""], ""raw"": ""6,7, 8""}]",限修 學程,申請工院1樓107室上課,https://course.nuk.edu.tw/QueryCourse/tcontent.asp?OpenYear=110&Helf=2&Sclass=CS&Cono=C071,2026-08-26T18:26:40+00:00
110-2-CS-C551-A-3-A,110,2,工學院,CS,資訊工程學系,C551,A,大學部,3,A,影像處理,3,選,51,48,,3,殷堂凱,B01-204 其他教室,,"5,6, 7",,,,,,"[{""day"": 2, ""dayName"": ""星期二"", ""periods"": [""5"", ""6"", ""7""], ""raw"": ""5,6, 7""}]",,,https://course.nuk.edu.tw/QueryCourse/tcontent.asp?OpenYear=110&Helf=2&Sclass=CS&Cono=C551,2026-08-26T18:26:40+00:00
110-2-CS-F504-A-3-A,110,2,工學院,CS,資訊工程學系,F504,A,大學部,3,A,5G創新應用與核網資安,3,選,30,16,,14,吳俊興,C01-209,,,,"2,3, 4",,,,"[{""day"": 4, ""dayName"": ""星期四"", ""periods"": [""2"", ""3"", ""4""], ""raw"": ""2,3, 4""}]",,資工三.四.研合開,https://course.nuk.edu.tw/QueryCourse/tcontent.asp?OpenYear=110&Helf=2&Sclass=CS&Cono=F504,2026-08-26T18:26:40+00:00
110-2-CS-F553-A-3-A,110,2,工學院,CS,資訊工程學系,F553,A,大學部,3,A,永續運算應用與實務,3,選,40,23,,17,吳俊興,C01-200,"2,3, 4",,,,,,,"[{""day"": 1, ""dayName"": ""星期一"", ""periods"": [""2"", ""3"", ""4""], ""raw"": ""2,3, 4""}]",,三.四.研合開,https://course.nuk.edu.tw/QueryCourse/tcontent.asp?OpenYear=110&Helf=2&Sclass=CS&Cono=F553,2026-08-26T18:26:40+00:00
110-2-CS-D02B-A-4-A,110,2,工學院,CS,資訊工程學系,D02B,A,大學部,4,A,資訊專題講座(二),1,必,65,47,,18,蘇家輝,C01-114,,,,"5,6",,,,"[{""day"": 4, ""dayName"": ""星期四"", ""periods"": [""5"", ""6""], ""raw"": ""5,6""}]",限修及外加,使用工院演講廳,https://course.nuk.edu.tw/QueryCourse/tcontent.asp?OpenYear=110&Helf=2&Sclass=CS&Cono=D02B,2026-08-26T18:26:40+00:00
110-2-CS-D602-A-4-A,110,2,工學院,CS,資訊工程學系,D602,A,大學部,4,A,業界實習(二),8,選,4,4,,0,黃健,,,,,,,"2,3, 4,6, 7,8","2,3, 4,6","[{""day"": 6, ""dayName"": ""星期六"", ""periods"": [""2"", ""3"", ""4"", ""6"", ""7"", ""8""], ""raw"": ""2,3, 4,6, 7,8""}, {""day"": 7, ""dayName"": ""星期日"", ""periods"": [""2"", ""3"", ""4"", ""6""], ""raw"": ""2,3, 4,6""}]",限修,實習總時數達432小時，核給八學分。每周24小時/一天6小時,https://course.nuk.edu.tw/QueryCourse/tcontent.asp?OpenYear=110&Helf=2&Sclass=CS&Cono=D602,2026-08-26T18:26:40+00:00
110-2-CS-F504-A-4-A,110,2,工學院,CS,資訊工程學系,F504,A,大學部,4,A,5G創新應用與核網資安,3,選,30,16,,14,吳俊興,C01-209,,,,"2,3, 4",,,,"[{""day"": 4, ""dayName"": ""星期四"", ""periods"": [""2"", ""3"", ""4""], ""raw"": ""2,3, 4""}]",,資工三.四.研合開,https://course.nuk.edu.tw/QueryCourse/tcontent.asp?OpenYear=110&Helf=2&Sclass=CS&Cono=F504,2026-08-26T18:26:40+00:00
110-2-CS-F553-A-4-A,110,2,工學院,CS,資訊工程學系,F553,A,大學部,4,A,永續運算應用與實務,3,選,40,23,,17,吳俊興,C01-200,"2,3, 4",,,,,,,"[{""day"": 1, ""dayName"": ""星期一"", ""periods"": [""2"", ""3"", ""4""], ""raw"": ""2,3, 4""}]",,三.四.研合開,https://course.nuk.edu.tw/QueryCourse/tcontent.asp?OpenYear=110&Helf=2&Sclass=CS&Cono=F553,2026-08-26T18:26:40+00:00
110-2-CS-F554-A-4-A,110,2,工學院,CS,資訊工程學系,F554,A,大學部,4,A,行動邊緣計算,3,選,30,22,,8,張保榮,C01-209,,"5,6, 7",,,,,,"[{""day"": 2, ""dayName"": ""星期二"", ""periods"": [""5"", ""6"", ""7""], ""raw"": ""5,6, 7""}]",,四.研合開,https://course.nuk.edu.tw/QueryCourse/tcontent.asp?OpenYear=110&Helf=2&Sclass=CS&Cono=F554,2026-08-26T18:26:40+00:00
110-2-CS-F612-A-4-A,110,2,工學院,CS,資訊工程學系,F612,A,大學部,4,A,物聯網,3,選,31,31,,0,余亞儒 郭錦福,C01-200,,,,"2,3, 4",,,,"[{""day"": 4, ""dayName"": ""星期四"", ""periods"": [""2"", ""3"", ""4""], ""raw"": ""2,3, 4""}]",,四.研合開，隸屬智慧生活整合創新學程 綠能永續科技人才培育學程,https://course.nuk.edu.tw/QueryCourse/tcontent.asp?OpenYear=110&Helf=2&Sclass=CS&Cono=F612,2026-08-26T18:26:40+00:00
110-2-CS-F622-A-4-A,110,2,工學院,CS,資訊工程學系,F622,A,大學部,4,A,嵌入式多核心系統與軟體,3,選,30,26,,4,郭錦福,C01-209 其他教室,,"2,3, 4",,,,,,"[{""day"": 2, ""dayName"": ""星期二"", ""periods"": [""2"", ""3"", ""4""], ""raw"": ""2,3, 4""}]",,四.研合開,https://course.nuk.edu.tw/QueryCourse/tcontent.asp?OpenYear=110&Helf=2&Sclass=CS&Cono=F622,2026-08-26T18:26:40+00:00
110-2-CS-F653-A-4-A,110,2,工學院,CS,資訊工程學系,F653,A,大學部,4,A,醫學影像處理,3,選,28,20,,8,殷堂凱,C01-209 其他教室,,,"5,6, 7",,,,,"[{""day"": 3, ""dayName"": ""星期三"", ""periods"": [""5"", ""6"", ""7""], ""raw"": ""5,6, 7""}]",外加,四.研合開,https://course.nuk.edu.tw/QueryCourse/tcontent.asp?OpenYear=110&Helf=2&Sclass=CS&Cono=F653,2026-08-26T18:26:40+00:00
110-2-CS-F655-A-4-A,110,2,工學院,CS,資訊工程學系,F655,A,大學部,4,A,醫療資訊學導論,3,選,58,19,,39,林文揚 潘欣泰 殷堂凱,B01-104,"2,3, 4",,,,,,,"[{""day"": 1, ""dayName"": ""星期一"", ""periods"": [""2"", ""3"", ""4""], ""raw"": ""2,3, 4""}]",,四.研合開,https://course.nuk.edu.tw/QueryCourse/tcontent.asp?OpenYear=110&Helf=2&Sclass=CS&Cono=F655,2026-08-26T18:26:40+00:00
110-2-CS-F681-A-4-A,110,2,工學院,CS,資訊工程學系,F681,A,大學部,4,A,計算機結構,3,選,29,28,,1,郭錦福,C01-107,,,"2,3, 4",,,,,"[{""day"": 3, ""dayName"": ""星期三"", ""periods"": [""2"", ""3"", ""4""], ""raw"": ""2,3, 4""}]",限修,四.研合開,https://course.nuk.edu.tw/QueryCourse/tcontent.asp?OpenYear=110&Helf=2&Sclass=CS&Cono=F681,2026-08-26T18:26:40+00:00
110-2-CS-F701-A-4-A,110,2,工學院,CS,資訊工程學系,F701,A,大學部,4,A,擴增實境,3,選,30,23,,7,蘇家輝,C01-209,,,,,"6,7, 8",,,"[{""day"": 5, ""dayName"": ""星期五"", ""periods"": [""6"", ""7"", ""8""], ""raw"": ""6,7, 8""}]",,四.研合開,https://course.nuk.edu.tw/QueryCourse/tcontent.asp?OpenYear=110&Helf=2&Sclass=CS&Cono=F701,2026-08-26T18:26:40+00:00
110-2-CS-F734-A-4-A,110,2,工學院,CS,資訊工程學系,F734,A,大學部,4,A,深度學習,3,選,31,27,,4,張保榮,C01-209,"6,7, 8",,,,,,,"[{""day"": 1, ""dayName"": ""星期一"", ""periods"": [""6"", ""7"", ""8""], ""raw"": ""6,7, 8""}]",外加,四.研合開,https://course.nuk.edu.tw/QueryCourse/tcontent.asp?OpenYear=110&Helf=2&Sclass=CS&Cono=F734,2026-08-26T18:26:40+00:00
110-2-CS-F54B-M-1-,110,2,工學院,CS,資訊工程學系,F54B,M,碩士班,1,,書報討論(二),1,選,50,18,,32,殷堂凱 余亞儒,,,,,"5,6",,,,"[{""day"": 4, ""dayName"": ""星期四"", ""periods"": [""5"", ""6""], ""raw"": ""5,6""}]",,,https://course.nuk.edu.tw/QueryCourse/tcontent.asp?OpenYear=110&Helf=2&Sclass=CS&Cono=F54B,2026-08-26T18:26:40+00:00
110-2-CS-F56F-M-1-,110,2,工學院,CS,資訊工程學系,F56F,M,碩士班,1,,專題研究(二),3,選,25,18,,7,蘇家輝 殷堂凱 余亞儒 張保榮 郭錦福 潘欣泰 林文揚 吳俊興 洪宗貝 黃健,,,,,,,"7,8, 9",,"[{""day"": 6, ""dayName"": ""星期六"", ""periods"": [""7"", ""8"", ""9""], ""raw"": ""7,8, 9""}]",,,https://course.nuk.edu.tw/QueryCourse/tcontent.asp?OpenYear=110&Helf=2&Sclass=CS&Cono=F56F,2026-08-26T18:26:40+00:00
110-2-CS-F504-M-2-,110,2,工學院,CS,資訊工程學系,F504,M,碩士班,2,,5G創新應用與核網資安,3,選,30,16,,14,吳俊興,C01-209,,,,"2,3, 4",,,,"[{""day"": 4, ""dayName"": ""星期四"", ""periods"": [""2"", ""3"", ""4""], ""raw"": ""2,3, 4""}]",,三.四.研合開,https://course.nuk.edu.tw/QueryCourse/tcontent.asp?OpenYear=110&Helf=2&Sclass=CS&Cono=F504,2026-08-26T18:26:40+00:00
110-2-CS-F54D-M-2-,110,2,工學院,CS,資訊工程學系,F54D,M,碩士班,2,,書報討論(四),1,選,60,15,,45,郭錦福 黃健 洪宗貝 林文揚,,,,,"5,6",,,,"[{""day"": 4, ""dayName"": ""星期四"", ""periods"": [""5"", ""6""], ""raw"": ""5,6""}]",,,https://course.nuk.edu.tw/QueryCourse/tcontent.asp?OpenYear=110&Helf=2&Sclass=CS&Cono=F54D,2026-08-26T18:26:40+00:00
110-2-CS-F553-M-2-,110,2,工學院,CS,資訊工程學系,F553,M,碩士班,2,,永續運算應用與實務,3,選,40,23,,17,吳俊興,C01-200,"2,3, 4",,,,,,,"[{""day"": 1, ""dayName"": ""星期一"", ""periods"": [""2"", ""3"", ""4""], ""raw"": ""2,3, 4""}]",,三.四.研合開,https://course.nuk.edu.tw/QueryCourse/tcontent.asp?OpenYear=110&Helf=2&Sclass=CS&Cono=F553,2026-08-26T18:26:40+00:00
110-2-CS-F554-M-2-,110,2,工學院,CS,資訊工程學系,F554,M,碩士班,2,,行動邊緣計算,3,選,30,22,,8,張保榮,C01-209,,"5,6, 7",,,,,,"[{""day"": 2, ""dayName"": ""星期二"", ""periods"": [""5"", ""6"", ""7""], ""raw"": ""5,6, 7""}]",,四.研合開,https://course.nuk.edu.tw/QueryCourse/tcontent.asp?OpenYear=110&Helf=2&Sclass=CS&Cono=F554,2026-08-26T18:26:40+00:00
110-2-CS-F56E-M-2-,110,2,工學院,CS,資訊工程學系,F56E,M,碩士班,2,,專題研究(四),3,選,20,15,,5,殷堂凱 林文揚 潘欣泰 郭錦福 張保榮 余亞儒 洪宗貝 吳俊興 蘇家輝 黃健,,,,,,,"10,11, 12",,"[{""day"": 6, ""dayName"": ""星期六"", ""periods"": [""10"", ""11"", ""12""], ""raw"": ""10,11, 12""}]",,,https://course.nuk.edu.tw/QueryCourse/tcontent.asp?OpenYear=110&Helf=2&Sclass=CS&Cono=F56E,2026-08-26T18:26:40+00:00
110-2-CS-F612-M-2-,110,2,工學院,CS,資訊工程學系,F612,M,碩士班,2,,物聯網,3,選,31,31,,0,余亞儒 郭錦福,C01-200,,,,"2,3, 4",,,,"[{""day"": 4, ""dayName"": ""星期四"", ""periods"": [""2"", ""3"", ""4""], ""raw"": ""2,3, 4""}]",,四.研合開，隸屬智慧生活整合創新學程.人工智慧與金融科技學程,https://course.nuk.edu.tw/QueryCourse/tcontent.asp?OpenYear=110&Helf=2&Sclass=CS&Cono=F612,2026-08-26T18:26:40+00:00
110-2-CS-F622-M-2-,110,2,工學院,CS,資訊工程學系,F622,M,碩士班,2,,嵌入式多核心系統與軟體,3,選,30,26,,4,郭錦福,C01-209 其他教室,,"2,3, 4",,,,,,"[{""day"": 2, ""dayName"": ""星期二"", ""periods"": [""2"", ""3"", ""4""], ""raw"": ""2,3, 4""}]",,四.研合開,https://course.nuk.edu.tw/QueryCourse/tcontent.asp?OpenYear=110&Helf=2&Sclass=CS&Cono=F622,2026-08-26T18:26:40+00:00
110-2-CS-F653-M-2-,110,2,工學院,CS,資訊工程學系,F653,M,碩士班,2,,醫學影像處理,3,選,28,20,,8,殷堂凱,C01-209 其他教室,,,"5,6, 7",,,,,"[{""day"": 3, ""dayName"": ""星期三"", ""periods"": [""5"", ""6"", ""7""], ""raw"": ""5,6, 7""}]",外加,四、研合開,https://course.nuk.edu.tw/QueryCourse/tcontent.asp?OpenYear=110&Helf=2&Sclass=CS&Cono=F653,2026-08-26T18:26:40+00:00
110-2-CS-F655-M-2-,110,2,工學院,CS,資訊工程學系,F655,M,碩士班,2,,醫療資訊學導論,3,選,58,19,,39,林文揚 潘欣泰 殷堂凱,B01-104,"2,3, 4",,,,,,,"[{""day"": 1, ""dayName"": ""星期一"", ""periods"": [""2"", ""3"", ""4""], ""raw"": ""2,3, 4""}]",,四.研合開,https://course.nuk.edu.tw/QueryCourse/tcontent.asp?OpenYear=110&Helf=2&Sclass=CS&Cono=F655,2026-08-26T18:26:40+00:00
110-2-CS-F681-M-2-,110,2,工學院,CS,資訊工程學系,F681,M,碩士班,2,,計算機結構,3,選,29,28,,1,郭錦福,C01-107,,,"2,3, 4",,,,,"[{""day"": 3, ""dayName"": ""星期三"", ""periods"": [""2"", ""3"", ""4""], ""raw"": ""2,3, 4""}]",限修,四.研合開,https://course.nuk.edu.tw/QueryCourse/tcontent.asp?OpenYear=110&Helf=2&Sclass=CS&Cono=F681,2026-08-26T18:26:40+00:00
110-2-CS-F701-M-2-,110,2,工學院,CS,資訊工程學系,F701,M,碩士班,2,,擴增實境,3,選,30,23,,7,蘇家輝,C01-209,,,,,"6,7, 8",,,"[{""day"": 5, ""dayName"": ""星期五"", ""periods"": [""6"", ""7"", ""8""], ""raw"": ""6,7, 8""}]",,四研合開,https://course.nuk.edu.tw/QueryCourse/tcontent.asp?OpenYear=110&Helf=2&Sclass=CS&Cono=F701,2026-08-26T18:26:40+00:00
110-2-CS-F734-M-2-,110,2,工學院,CS,資訊工程學系,F734,M,碩士班,2,,深度學習,3,選,31,27,,4,張保榮,C01-209,"6,7, 8",,,,,,,"[{""day"": 1, ""dayName"": ""星期一"", ""periods"": [""6"", ""7"", ""8""], ""raw"": ""6,7, 8""}]",外加,四.研合開,https://course.nuk.edu.tw/QueryCourse/tcontent.asp?OpenYear=110&Helf=2&Sclass=CS&Cono=F734,2026-08-26T18:26:40+00:00
110-2-CS-G511-M-2-,110,2,工學院,CS,資訊工程學系,G511,M,碩士班,2,,科技論文寫作,3,選,60,8,,52,林文揚,C01-B107-1,"6,7, 8",,,,,,,"[{""day"": 1, ""dayName"": ""星期一"", ""periods"": [""6"", ""7"", ""8""], ""raw"": ""6,7, 8""}]",限修,申請工院地下1樓107室上課,https://course.nuk.edu.tw/QueryCourse/tcontent.asp?OpenYear=110&Helf=2&Sclass=CS&Cono=G511,2026-08-26T18:26:40+00:00
110-2-EE-A01B-A-1-A,110,2,工學院,EE,電機工程學系,A01B,A,大學部,1,A,計算機概論(二),3,必,65,64,,1,賴智錦,C01-104,,"2,3, 4",,,,,,"[{""day"": 2, ""dayName"": ""星期二"", ""periods"": [""2"", ""3"", ""4""], ""raw"": ""2,3, 4""}]",限修及外加,一A；請安排電腦教室,https://course.nuk.edu.tw/QueryCourse/tcontent.asp?OpenYear=110&Helf=2&Sclass=EE&Cono=A01B,2026-08-26T18:26:40+00:00
110-2-EE-A01D-A-1-B,110,2,工學院,EE,電機工程學系,A01D,A,大學部,1,B,計算機概論(二),3,必,63,63,,0,賴智錦,C01-104,"2,3, 4",,,,,,,"[{""day"": 1, ""dayName"": ""星期一"", ""periods"": [""2"", ""3"", ""4""], ""raw"": ""2,3, 4""}]",限修及外加,一B；請安排電腦教室,https://course.nuk.edu.tw/QueryCourse/tcontent.asp?OpenYear=110&Helf=2&Sclass=EE&Cono=A01D,2026-08-26T18:26:40+00:00
110-2-EE-A02B-A-1-A,110,2,工學院,EE,電機工程學系,A02B,A,大學部,1,A,普通物理學(二),3,必,75,72,,3,郭馨徽,C01-B103,,,,"2,3, 4",,,,"[{""day"": 4, ""dayName"": ""星期四"", ""periods"": [""2"", ""3"", ""4""], ""raw"": ""2,3, 4""}]",限修及外加,一A；請優先安排C01-B103、B104教室,https://course.nuk.edu.tw/QueryCourse/tcontent.asp?OpenYear=110&Helf=2&Sclass=EE&Cono=A02B,2026-08-26T18:26:40+00:00
110-2-EE-A02D-A-1-B,110,2,工學院,EE,電機工程學系,A02D,A,大學部,1,B,普通物理學(二),3,必,94,87,,7,馮瑞陽,C01-B104,,"2,3, 4",,,,,,"[{""day"": 2, ""dayName"": ""星期二"", ""periods"": [""2"", ""3"", ""4""], ""raw"": ""2,3, 4""}]",限修及外加,一B；請優先安排C01-B104教室,https://course.nuk.edu.tw/QueryCourse/tcontent.asp?OpenYear=110&Helf=2&Sclass=EE&Cono=A02D,2026-08-26T18:26:40+00:00
110-2-EE-A03B-A-1-A,110,2,工學院,EE,電機工程學系,A03B,A,大學部,1,A,普通物理學實驗(二),1,必,71,62,,9,施明昌,C01-211,,,"10,11, 12",,,,,"[{""day"": 3, ""dayName"": ""星期三"", ""periods"": [""10"", ""11"", ""12""], ""raw"": ""10,11, 12""}]",限修,一A；使用C01-211普通物理實驗室,https://course.nuk.edu.tw/QueryCourse/tcontent.asp?OpenYear=110&Helf=2&Sclass=EE&Cono=A03B,2026-08-26T18:26:40+00:00
110-2-EE-A03D-A-1-B,110,2,工學院,EE,電機工程學系,A03D,A,大學部,1,B,普通物理學實驗(二),1,必,72,65,,7,施明昌,C01-211,,,,,"2,3, 4",,,"[{""day"": 5, ""dayName"": ""星期五"", ""periods"": [""2"", ""3"", ""4""], ""raw"": ""2,3, 4""}]",限修,一B；使用C01-211普通物理實驗室,https://course.nuk.edu.tw/QueryCourse/tcontent.asp?OpenYear=110&Helf=2&Sclass=EE&Cono=A03D,2026-08-26T18:26:40+00:00
110-2-EE-A04B-A-1-A,110,2,工學院,EE,電機工程學系,A04B,A,大學部,1,A,微積分(二),3,必,100,69,,31,黃祥哲,C01-B104,"2,3, 4",,,,,,,"[{""day"": 1, ""dayName"": ""星期一"", ""periods"": [""2"", ""3"", ""4""], ""raw"": ""2,3, 4""}]",限修,一A；請安排工學院B104大教室,https://course.nuk.edu.tw/QueryCourse/tcontent.asp?OpenYear=110&Helf=2&Sclass=EE&Cono=A04B,2026-08-26T18:26:40+00:00
110-2-EE-A052-A-1-A,110,2,工學院,EE,電機工程學系,A052,A,大學部,1,A,數位邏輯實驗,1,必,62,61,,1,洪進華,C01-201 其他教室,,,,,"2,3, 4",,,"[{""day"": 5, ""dayName"": ""星期五"", ""periods"": [""2"", ""3"", ""4""], ""raw"": ""2,3, 4""}]",限修,一A；請安排C01-201實驗室;及C01-301-1電工實驗室,https://course.nuk.edu.tw/QueryCourse/tcontent.asp?OpenYear=110&Helf=2&Sclass=EE&Cono=A052,2026-08-26T18:26:40+00:00
110-2-EE-A053-A-1-B,110,2,工學院,EE,電機工程學系,A053,A,大學部,1,B,數位邏輯實驗,1,必,62,62,,0,洪進華,C01-201 其他教室,,,,,"6,7, 8",,,"[{""day"": 5, ""dayName"": ""星期五"", ""periods"": [""6"", ""7"", ""8""], ""raw"": ""6,7, 8""}]",限修,一B；請安排C01-201實驗室;及C01-301-1電工實驗室,https://course.nuk.edu.tw/QueryCourse/tcontent.asp?OpenYear=110&Helf=2&Sclass=EE&Cono=A053,2026-08-26T18:26:40+00:00
110-2-EE-A061-A-1-A,110,2,工學院,EE,電機工程學系,A061,A,大學部,1,A,工程數學(一)(線性代數),3,必,100,62,,38,黃祥哲,C01-B104,,"5,6, 7",,,,,,"[{""day"": 2, ""dayName"": ""星期二"", ""periods"": [""5"", ""6"", ""7""], ""raw"": ""5,6, 7""}]",限修,一A，請安排工學院B104教室,https://course.nuk.edu.tw/QueryCourse/tcontent.asp?OpenYear=110&Helf=2&Sclass=EE&Cono=A061,2026-08-26T18:26:40+00:00
110-2-EE-A062-A-1-B,110,2,工學院,EE,電機工程學系,A062,A,大學部,1,B,工程數學(一)(線性代數),3,必,88,87,,1,一心,C01-B104,,,,"6,7, 8",,,,"[{""day"": 4, ""dayName"": ""星期四"", ""periods"": [""6"", ""7"", ""8""], ""raw"": ""6,7, 8""}]",限修及外加,一B；請安排工學院B1大教室,https://course.nuk.edu.tw/QueryCourse/tcontent.asp?OpenYear=110&Helf=2&Sclass=EE&Cono=A062,2026-08-26T18:26:40+00:00
110-2-EE-A10B-A-1-B,110,2,工學院,EE,電機工程學系,A10B,A,大學部,1,B,微積分(二),3,必,71,69,,2,鄧卜華,B01-204,,,,"2,3, 4",,,,"[{""day"": 4, ""dayName"": ""星期四"", ""periods"": [""2"", ""3"", ""4""], ""raw"": ""2,3, 4""}]",限修,一B；請安排工學院B1大教室,https://course.nuk.edu.tw/QueryCourse/tcontent.asp?OpenYear=110&Helf=2&Sclass=EE&Cono=A10B,2026-08-26T18:26:40+00:00
110-2-EE-B01B-A-2-A,110,2,工學院,EE,電機工程學系,B01B,A,大學部,2,A,電路學(二),3,必,74,59,,15,吳松茂,C01-B104,,,"2,3, 4",,,,,"[{""day"": 3, ""dayName"": ""星期三"", ""periods"": [""2"", ""3"", ""4""], ""raw"": ""2,3, 4""}]",限修及外加,二A,https://course.nuk.edu.tw/QueryCourse/tcontent.asp?OpenYear=110&Helf=2&Sclass=EE&Cono=B01B,2026-08-26T18:26:40+00:00
110-2-EE-B01D-A-2-B,110,2,工學院,EE,電機工程學系,B01D,A,大學部,2,B,電路學(二),3,必,72,61,,11,江德光,C01-202,,"2,3, 4",,,,,,"[{""day"": 2, ""dayName"": ""星期二"", ""periods"": [""2"", ""3"", ""4""], ""raw"": ""2,3, 4""}]",限修及外加,二B,https://course.nuk.edu.tw/QueryCourse/tcontent.asp?OpenYear=110&Helf=2&Sclass=EE&Cono=B01D,2026-08-26T18:26:40+00:00
110-2-EE-B02B-A-2-B,110,2,工學院,EE,電機工程學系,B02B,A,大學部,2,B,電子學(二),3,必,80,60,,20,陳春僥,C01-202 其他教室,,"6,7, 8",,,,,,"[{""day"": 2, ""dayName"": ""星期二"", ""periods"": [""6"", ""7"", ""8""], ""raw"": ""6,7, 8""}]",限修,二B；,https://course.nuk.edu.tw/QueryCourse/tcontent.asp?OpenYear=110&Helf=2&Sclass=EE&Cono=B02B,2026-08-26T18:26:40+00:00
110-2-EE-B02D-A-2-A,110,2,工學院,EE,電機工程學系,B02D,A,大學部,2,A,電子學(二),3,必,80,59,,21,洪進華,C01-202,,,,"2,3, 4",,,,"[{""day"": 4, ""dayName"": ""星期四"", ""periods"": [""2"", ""3"", ""4""], ""raw"": ""2,3, 4""}]",限修,二A；請安排 C01-202,https://course.nuk.edu.tw/QueryCourse/tcontent.asp?OpenYear=110&Helf=2&Sclass=EE&Cono=B02D,2026-08-26T18:26:40+00:00
110-2-EE-B04B-A-2-A,110,2,工學院,EE,電機工程學系,B04B,A,大學部,2,A,電子電路工程實驗(二),1,必,73,54,,19,江德光,C01-301-1,,,,"10,11, 12",,,,"[{""day"": 4, ""dayName"": ""星期四"", ""periods"": [""10"", ""11"", ""12""], ""raw"": ""10,11, 12""}]",限修及外加,二A；請安排C01-301-1實驗室,https://course.nuk.edu.tw/QueryCourse/tcontent.asp?OpenYear=110&Helf=2&Sclass=EE&Cono=B04B,2026-08-26T18:26:40+00:00
110-2-EE-B04D-A-2-B,110,2,工學院,EE,電機工程學系,B04D,A,大學部,2,B,電子電路工程實驗(二),1,必,50,46,,4,陳春僥,C01-301-1,,,,"6,7, 8",,,,"[{""day"": 4, ""dayName"": ""星期四"", ""periods"": [""6"", ""7"", ""8""], ""raw"": ""6,7, 8""}]",限修及外加,二B；請安排C01-301-1實驗室,https://course.nuk.edu.tw/QueryCourse/tcontent.asp?OpenYear=110&Helf=2&Sclass=EE&Cono=B04D,2026-08-26T18:26:40+00:00
110-2-EE-B05B-A-2-A,110,2,工學院,EE,電機工程學系,B05B,A,大學部,2,A,電磁學(二),3,必,74,74,,0,郭馨徽,C01-B103,,,,"6,7, 8",,,,"[{""day"": 4, ""dayName"": ""星期四"", ""periods"": [""6"", ""7"", ""8""], ""raw"": ""6,7, 8""}]",限修及外加,二A；因以板書上課需大面黑板書寫，而僅C01-B103教室有大面黑板，請優先安排C01-B103教室。,https://course.nuk.edu.tw/QueryCourse/tcontent.asp?OpenYear=110&Helf=2&Sclass=EE&Cono=B05B,2026-08-26T18:26:40+00:00
110-2-EE-B05D-A-2-B,110,2,工學院,EE,電機工程學系,B05D,A,大學部,2,B,電磁學(二),3,必,83,53,,30,一心,C01-B104,,,,"2,3, 4",,,,"[{""day"": 4, ""dayName"": ""星期四"", ""periods"": [""2"", ""3"", ""4""], ""raw"": ""2,3, 4""}]",限修,二B；請安排工學院B1大教室,https://course.nuk.edu.tw/QueryCourse/tcontent.asp?OpenYear=110&Helf=2&Sclass=EE&Cono=B05D,2026-08-26T18:26:40+00:00
110-2-EE-B551-A-2-A,110,2,工學院,EE,電機工程學系,B551,A,大學部,2,A,近代光學,3,選,89,89,,0,施明昌,C01-B103,,,"7,8, 9",,,,,"[{""day"": 3, ""dayName"": ""星期三"", ""periods"": [""7"", ""8"", ""9""], ""raw"": ""7,8, 9""}]",限修及外加,二AB合開；請安排工學院B1大教室,https://course.nuk.edu.tw/QueryCourse/tcontent.asp?OpenYear=110&Helf=2&Sclass=EE&Cono=B551,2026-08-26T18:26:40+00:00
110-2-EE-B551-A-2-B,110,2,工學院,EE,電機工程學系,B551,A,大學部,2,B,近代光學,3,選,89,89,,0,施明昌,C01-B103,,,"7,8, 9",,,,,"[{""day"": 3, ""dayName"": ""星期三"", ""periods"": [""7"", ""8"", ""9""], ""raw"": ""7,8, 9""}]",限修,二AB合開；請安排工學院B1大教室,https://course.nuk.edu.tw/QueryCourse/tcontent.asp?OpenYear=110&Helf=2&Sclass=EE&Cono=B551,2026-08-26T18:26:40+00:00
110-2-EE-B561-A-2-A,110,2,工學院,EE,電機工程學系,B561,A,大學部,2,A,工程數學三(複變函數),3,選,280,101,,179,張文騰,C01-114,"2,3, 4",,,,,,,"[{""day"": 1, ""dayName"": ""星期一"", ""periods"": [""2"", ""3"", ""4""], ""raw"": ""2,3, 4""}]",,二AB合開,https://course.nuk.edu.tw/QueryCourse/tcontent.asp?OpenYear=110&Helf=2&Sclass=EE&Cono=B561,2026-08-26T18:26:40+00:00
110-2-EE-B561-A-2-B,110,2,工學院,EE,電機工程學系,B561,A,大學部,2,B,工程數學三(複變函數),3,選,280,101,,179,張文騰,C01-114,"2,3, 4",,,,,,,"[{""day"": 1, ""dayName"": ""星期一"", ""periods"": [""2"", ""3"", ""4""], ""raw"": ""2,3, 4""}]",,二AB合開,https://course.nuk.edu.tw/QueryCourse/tcontent.asp?OpenYear=110&Helf=2&Sclass=EE&Cono=B561,2026-08-26T18:26:40+00:00
110-2-EE-C751-A-2-A,110,2,工學院,EE,電機工程學系,C751,A,大學部,2,A,組合語言,3,選,60,31,,29,梁明正,C01-201,"2,3, 4",,,,,,,"[{""day"": 1, ""dayName"": ""星期一"", ""periods"": [""2"", ""3"", ""4""], ""raw"": ""2,3, 4""}]",,二AB合開；請安排C01-201電腦教室,https://course.nuk.edu.tw/QueryCourse/tcontent.asp?OpenYear=110&Helf=2&Sclass=EE&Cono=C751,2026-08-26T18:26:40+00:00
110-2-EE-C751-A-2-B,110,2,工學院,EE,電機工程學系,C751,A,大學部,2,B,組合語言,3,選,60,31,,29,梁明正,C01-201,"2,3, 4",,,,,,,"[{""day"": 1, ""dayName"": ""星期一"", ""periods"": [""2"", ""3"", ""4""], ""raw"": ""2,3, 4""}]",,二AB合開；請安排C01-201電腦教室,https://course.nuk.edu.tw/QueryCourse/tcontent.asp?OpenYear=110&Helf=2&Sclass=EE&Cono=C751,2026-08-26T18:26:40+00:00
110-2-EE-C621-A-3-A,110,2,工學院,EE,電機工程學系,C621,A,大學部,3,A,固態物理導論,3,選,67,65,,2,藍文厚,C01-202,,,"2,3, 4",,,,,"[{""day"": 3, ""dayName"": ""星期三"", ""periods"": [""2"", ""3"", ""4""], ""raw"": ""2,3, 4""}]",,三AB、四AB合開,https://course.nuk.edu.tw/QueryCourse/tcontent.asp?OpenYear=110&Helf=2&Sclass=EE&Cono=C621,2026-08-26T18:26:40+00:00
110-2-EE-C621-A-3-B,110,2,工學院,EE,電機工程學系,C621,A,大學部,3,B,固態物理導論,3,選,67,65,,2,藍文厚,C01-202,,,"2,3, 4",,,,,"[{""day"": 3, ""dayName"": ""星期三"", ""periods"": [""2"", ""3"", ""4""], ""raw"": ""2,3, 4""}]",,三AB、四AB合開,https://course.nuk.edu.tw/QueryCourse/tcontent.asp?OpenYear=110&Helf=2&Sclass=EE&Cono=C621,2026-08-26T18:26:40+00:00
110-2-EE-C651-A-3-A,110,2,工學院,EE,電機工程學系,C651,A,大學部,3,A,通訊原理,3,選,60,58,,2,徐忠枝,C01-B103,,,,,"6,7, 8",,,"[{""day"": 5, ""dayName"": ""星期五"", ""periods"": [""6"", ""7"", ""8""], ""raw"": ""6,7, 8""}]",先修,三AB合開；請安排工學院B103大教室。,https://course.nuk.edu.tw/QueryCourse/tcontent.asp?OpenYear=110&Helf=2&Sclass=EE&Cono=C651,2026-08-26T18:26:40+00:00
110-2-EE-C651-A-3-B,110,2,工學院,EE,電機工程學系,C651,A,大學部,3,B,通訊原理,3,選,60,58,,2,徐忠枝,C01-B103,,,,,"6,7, 8",,,"[{""day"": 5, ""dayName"": ""星期五"", ""periods"": [""6"", ""7"", ""8""], ""raw"": ""6,7, 8""}]",先修,三AB合開；請安排工學院B103大教室,https://course.nuk.edu.tw/QueryCourse/tcontent.asp?OpenYear=110&Helf=2&Sclass=EE&Cono=C651,2026-08-26T18:26:40+00:00
110-2-EE-C761-A-3-A,110,2,工學院,EE,電機工程學系,C761,A,大學部,3,A,資料結構,3,選,61,31,,30,吳志宏,L01-108,,,,"2,3, 4",,,,"[{""day"": 4, ""dayName"": ""星期四"", ""periods"": [""2"", ""3"", ""4""], ""raw"": ""2,3, 4""}]",先修 外加,三AB、四AB合開；請安排圖資L01-107、108電腦教室。需曾修習計算機概論(二)及格,https://course.nuk.edu.tw/QueryCourse/tcontent.asp?OpenYear=110&Helf=2&Sclass=EE&Cono=C761,2026-08-26T18:26:40+00:00
110-2-EE-C761-A-3-B,110,2,工學院,EE,電機工程學系,C761,A,大學部,3,B,資料結構,3,選,61,31,,30,吳志宏,L01-108,,,,"2,3, 4",,,,"[{""day"": 4, ""dayName"": ""星期四"", ""periods"": [""2"", ""3"", ""4""], ""raw"": ""2,3, 4""}]",先修 外加,三AB、四AB合開。需曾修習計算機概論(二)及格,https://course.nuk.edu.tw/QueryCourse/tcontent.asp?OpenYear=110&Helf=2&Sclass=EE&Cono=C761,2026-08-26T18:26:40+00:00
110-2-EE-C882-A-3-A,110,2,工學院,EE,電機工程學系,C882,A,大學部,3,A,半導體技術導論,3,選,100,46,,54,李耀仁,C01-B103,,,,"10,11, 12",,,,"[{""day"": 4, ""dayName"": ""星期四"", ""periods"": [""10"", ""11"", ""12""], ""raw"": ""10,11, 12""}]",學程,三AB合開；半導體光電製程學程,https://course.nuk.edu.tw/QueryCourse/tcontent.asp?OpenYear=110&Helf=2&Sclass=EE&Cono=C882,2026-08-26T18:26:40+00:00
110-2-EE-C882-A-3-B,110,2,工學院,EE,電機工程學系,C882,A,大學部,3,B,半導體技術導論,3,選,100,46,,54,李耀仁,C01-B103,,,,"10,11, 12",,,,"[{""day"": 4, ""dayName"": ""星期四"", ""periods"": [""10"", ""11"", ""12""], ""raw"": ""10,11, 12""}]",學程,三AB合開；半導體光電製程學程,https://course.nuk.edu.tw/QueryCourse/tcontent.asp?OpenYear=110&Helf=2&Sclass=EE&Cono=C882,2026-08-26T18:26:40+00:00
110-2-EE-C96A-A-3-A,110,2,工學院,EE,電機工程學系,C96A,A,大學部,3,A,電機實務專題(一)A,1,必,15,14,,1,施明昌 藍文厚,,,,,,,"5,6, 7",,"[{""day"": 6, ""dayName"": ""星期六"", ""periods"": [""5"", ""6"", ""7""], ""raw"": ""5,6, 7""}]",限修,,https://course.nuk.edu.tw/QueryCourse/tcontent.asp?OpenYear=110&Helf=2&Sclass=EE&Cono=C96A,2026-08-26T18:26:40+00:00
110-2-EE-C96A-A-3-B,110,2,工學院,EE,電機工程學系,C96A,A,大學部,3,B,電機實務專題(一)A,1,必,15,14,,1,施明昌 藍文厚,,,,,,,"5,6, 7",,"[{""day"": 6, ""dayName"": ""星期六"", ""periods"": [""5"", ""6"", ""7""], ""raw"": ""5,6, 7""}]",限修,,https://course.nuk.edu.tw/QueryCourse/tcontent.asp?OpenYear=110&Helf=2&Sclass=EE&Cono=C96A,2026-08-26T18:26:40+00:00
110-2-EE-C96B-A-3-A,110,2,工學院,EE,電機工程學系,C96B,A,大學部,3,A,電機實務專題(一)B,1,必,15,3,,12,郭馨徽,,,,,,,"5,6, 7",,"[{""day"": 6, ""dayName"": ""星期六"", ""periods"": [""5"", ""6"", ""7""], ""raw"": ""5,6, 7""}]",,,https://course.nuk.edu.tw/QueryCourse/tcontent.asp?OpenYear=110&Helf=2&Sclass=EE&Cono=C96B,2026-08-26T18:26:40+00:00
110-2-EE-C96B-A-3-B,110,2,工學院,EE,電機工程學系,C96B,A,大學部,3,B,電機實務專題(一)B,1,必,15,3,,12,郭馨徽,,,,,,,"5,6, 7",,"[{""day"": 6, ""dayName"": ""星期六"", ""periods"": [""5"", ""6"", ""7""], ""raw"": ""5,6, 7""}]",,,https://course.nuk.edu.tw/QueryCourse/tcontent.asp?OpenYear=110&Helf=2&Sclass=EE&Cono=C96B,2026-08-26T18:26:40+00:00
110-2-EE-C96C-A-3-A,110,2,工學院,EE,電機工程學系,C96C,A,大學部,3,A,電機實務專題(一)C,1,必,15,6,,9,馮瑞陽,,,,,,,"5,6, 7",,"[{""day"": 6, ""dayName"": ""星期六"", ""periods"": [""5"", ""6"", ""7""], ""raw"": ""5,6, 7""}]",,,https://course.nuk.edu.tw/QueryCourse/tcontent.asp?OpenYear=110&Helf=2&Sclass=EE&Cono=C96C,2026-08-26T18:26:40+00:00
110-2-EE-C96C-A-3-B,110,2,工學院,EE,電機工程學系,C96C,A,大學部,3,B,電機實務專題(一)C,1,必,15,6,,9,馮瑞陽,,,,,,,"5,6, 7",,"[{""day"": 6, ""dayName"": ""星期六"", ""periods"": [""5"", ""6"", ""7""], ""raw"": ""5,6, 7""}]",,,https://course.nuk.edu.tw/QueryCourse/tcontent.asp?OpenYear=110&Helf=2&Sclass=EE&Cono=C96C,2026-08-26T18:26:40+00:00
110-2-EE-C96D-A-3-A,110,2,工學院,EE,電機工程學系,C96D,A,大學部,3,A,電機實務專題(一)D,1,必,15,3,,12,一心,,,,,,,"5,6, 7",,"[{""day"": 6, ""dayName"": ""星期六"", ""periods"": [""5"", ""6"", ""7""], ""raw"": ""5,6, 7""}]",,,https://course.nuk.edu.tw/QueryCourse/tcontent.asp?OpenYear=110&Helf=2&Sclass=EE&Cono=C96D,2026-08-26T18:26:40+00:00
110-2-EE-C96D-A-3-B,110,2,工學院,EE,電機工程學系,C96D,A,大學部,3,B,電機實務專題(一)D,1,必,15,3,,12,一心,,,,,,,"5,6, 7",,"[{""day"": 6, ""dayName"": ""星期六"", ""periods"": [""5"", ""6"", ""7""], ""raw"": ""5,6, 7""}]",,,https://course.nuk.edu.tw/QueryCourse/tcontent.asp?OpenYear=110&Helf=2&Sclass=EE&Cono=C96D,2026-08-26T18:26:40+00:00
110-2-EE-C96E-A-3-A,110,2,工學院,EE,電機工程學系,C96E,A,大學部,3,A,電機實務專題(一)E,1,必,15,3,,12,黃祥哲,,,,,,,"5,6, 7",,"[{""day"": 6, ""dayName"": ""星期六"", ""periods"": [""5"", ""6"", ""7""], ""raw"": ""5,6, 7""}]",,,https://course.nuk.edu.tw/QueryCourse/tcontent.asp?OpenYear=110&Helf=2&Sclass=EE&Cono=C96E,2026-08-26T18:26:40+00:00
110-2-EE-C96E-A-3-B,110,2,工學院,EE,電機工程學系,C96E,A,大學部,3,B,電機實務專題(一)E,1,必,15,3,,12,黃祥哲,,,,,,,"5,6, 7",,"[{""day"": 6, ""dayName"": ""星期六"", ""periods"": [""5"", ""6"", ""7""], ""raw"": ""5,6, 7""}]",,,https://course.nuk.edu.tw/QueryCourse/tcontent.asp?OpenYear=110&Helf=2&Sclass=EE&Cono=C96E,2026-08-26T18:26:40+00:00
110-2-EE-C96F-A-3-A,110,2,工學院,EE,電機工程學系,C96F,A,大學部,3,A,電機實務專題(一)F,1,必,16,16,,0,梁明正,,,,,,,"5,6, 7",,"[{""day"": 6, ""dayName"": ""星期六"", ""periods"": [""5"", ""6"", ""7""], ""raw"": ""5,6, 7""}]",,,https://course.nuk.edu.tw/QueryCourse/tcontent.asp?OpenYear=110&Helf=2&Sclass=EE&Cono=C96F,2026-08-26T18:26:40+00:00
110-2-EE-C96F-A-3-B,110,2,工學院,EE,電機工程學系,C96F,A,大學部,3,B,電機實務專題(一)F,1,必,16,16,,0,梁明正,,,,,,,"5,6, 7",,"[{""day"": 6, ""dayName"": ""星期六"", ""periods"": [""5"", ""6"", ""7""], ""raw"": ""5,6, 7""}]",,,https://course.nuk.edu.tw/QueryCourse/tcontent.asp?OpenYear=110&Helf=2&Sclass=EE&Cono=C96F,2026-08-26T18:26:40+00:00
110-2-EE-C96G-A-3-A,110,2,工學院,EE,電機工程學系,C96G,A,大學部,3,A,電機實務專題(一)G,1,必,15,7,,8,鄧卜華,,,,,,,"5,6, 7",,"[{""day"": 6, ""dayName"": ""星期六"", ""periods"": [""5"", ""6"", ""7""], ""raw"": ""5,6, 7""}]",,,https://course.nuk.edu.tw/QueryCourse/tcontent.asp?OpenYear=110&Helf=2&Sclass=EE&Cono=C96G,2026-08-26T18:26:40+00:00
110-2-EE-C96G-A-3-B,110,2,工學院,EE,電機工程學系,C96G,A,大學部,3,B,電機實務專題(一)G,1,必,15,7,,8,鄧卜華,,,,,,,"5,6, 7",,"[{""day"": 6, ""dayName"": ""星期六"", ""periods"": [""5"", ""6"", ""7""], ""raw"": ""5,6, 7""}]",,,https://course.nuk.edu.tw/QueryCourse/tcontent.asp?OpenYear=110&Helf=2&Sclass=EE&Cono=C96G,2026-08-26T18:26:40+00:00
110-2-EE-C96H-A-3-A,110,2,工學院,EE,電機工程學系,C96H,A,大學部,3,A,電機實務專題(一)H,1,必,15,1,,14,賴智錦,,,,,,,"5,6, 7",,"[{""day"": 6, ""dayName"": ""星期六"", ""periods"": [""5"", ""6"", ""7""], ""raw"": ""5,6, 7""}]",,,https://course.nuk.edu.tw/QueryCourse/tcontent.asp?OpenYear=110&Helf=2&Sclass=EE&Cono=C96H,2026-08-26T18:26:40+00:00
110-2-EE-C96H-A-3-B,110,2,工學院,EE,電機工程學系,C96H,A,大學部,3,B,電機實務專題(一)H,1,必,15,1,,14,賴智錦,,,,,,,"5,6, 7",,"[{""day"": 6, ""dayName"": ""星期六"", ""periods"": [""5"", ""6"", ""7""], ""raw"": ""5,6, 7""}]",,,https://course.nuk.edu.tw/QueryCourse/tcontent.asp?OpenYear=110&Helf=2&Sclass=EE&Cono=C96H,2026-08-26T18:26:40+00:00
110-2-EE-C96J-A-3-A,110,2,工學院,EE,電機工程學系,C96J,A,大學部,3,A,電機實務專題(一)J,1,必,15,6,,9,吳志宏,,,,,,,"X,8, 9",,"[{""day"": 6, ""dayName"": ""星期六"", ""periods"": [""X"", ""8"", ""9""], ""raw"": ""X,8, 9""}]",,,https://course.nuk.edu.tw/QueryCourse/tcontent.asp?OpenYear=110&Helf=2&Sclass=EE&Cono=C96J,2026-08-26T18:26:40+00:00
110-2-EE-C96J-A-3-B,110,2,工學院,EE,電機工程學系,C96J,A,大學部,3,B,電機實務專題(一)J,1,必,15,6,,9,吳志宏,,,,,,,"X,8, 9",,"[{""day"": 6, ""dayName"": ""星期六"", ""periods"": [""X"", ""8"", ""9""], ""raw"": ""X,8, 9""}]",,,https://course.nuk.edu.tw/QueryCourse/tcontent.asp?OpenYear=110&Helf=2&Sclass=EE&Cono=C96J,2026-08-26T18:26:40+00:00
110-2-EE-C96K-A-3-A,110,2,工學院,EE,電機工程學系,C96K,A,大學部,3,A,電機實務專題(一)K,1,必,16,9,,7,張文騰,,,,,,,"5,6, 7",,"[{""day"": 6, ""dayName"": ""星期六"", ""periods"": [""5"", ""6"", ""7""], ""raw"": ""5,6, 7""}]",外加,,https://course.nuk.edu.tw/QueryCourse/tcontent.asp?OpenYear=110&Helf=2&Sclass=EE&Cono=C96K,2026-08-26T18:26:40+00:00
110-2-EE-C96K-A-3-B,110,2,工學院,EE,電機工程學系,C96K,A,大學部,3,B,電機實務專題(一)K,1,必,16,9,,7,張文騰,,,,,,,"5,6, 7",,"[{""day"": 6, ""dayName"": ""星期六"", ""periods"": [""5"", ""6"", ""7""], ""raw"": ""5,6, 7""}]",外加,,https://course.nuk.edu.tw/QueryCourse/tcontent.asp?OpenYear=110&Helf=2&Sclass=EE&Cono=C96K,2026-08-26T18:26:40+00:00
110-2-EE-C96L-A-3-A,110,2,工學院,EE,電機工程學系,C96L,A,大學部,3,A,電機實務專題(一)L,1,必,15,3,,12,江德光,,,,,,,"5,6, 7",,"[{""day"": 6, ""dayName"": ""星期六"", ""periods"": [""5"", ""6"", ""7""], ""raw"": ""5,6, 7""}]",,,https://course.nuk.edu.tw/QueryCourse/tcontent.asp?OpenYear=110&Helf=2&Sclass=EE&Cono=C96L,2026-08-26T18:26:40+00:00
110-2-EE-C96L-A-3-B,110,2,工學院,EE,電機工程學系,C96L,A,大學部,3,B,電機實務專題(一)L,1,必,15,3,,12,江德光,,,,,,,"5,6, 7",,"[{""day"": 6, ""dayName"": ""星期六"", ""periods"": [""5"", ""6"", ""7""], ""raw"": ""5,6, 7""}]",,,https://course.nuk.edu.tw/QueryCourse/tcontent.asp?OpenYear=110&Helf=2&Sclass=EE&Cono=C96L,2026-08-26T18:26:40+00:00
110-2-EE-C96M-A-3-A,110,2,工學院,EE,電機工程學系,C96M,A,大學部,3,A,電機實務專題(一)M,1,必,15,15,,0,吳松茂,,,,,,,"X,8, 9",,"[{""day"": 6, ""dayName"": ""星期六"", ""periods"": [""X"", ""8"", ""9""], ""raw"": ""X,8, 9""}]",,,https://course.nuk.edu.tw/QueryCourse/tcontent.asp?OpenYear=110&Helf=2&Sclass=EE&Cono=C96M,2026-08-26T18:26:40+00:00
110-2-EE-C96M-A-3-B,110,2,工學院,EE,電機工程學系,C96M,A,大學部,3,B,電機實務專題(一)M,1,必,15,15,,0,吳松茂,,,,,,,"X,8, 9",,"[{""day"": 6, ""dayName"": ""星期六"", ""periods"": [""X"", ""8"", ""9""], ""raw"": ""X,8, 9""}]",,,https://course.nuk.edu.tw/QueryCourse/tcontent.asp?OpenYear=110&Helf=2&Sclass=EE&Cono=C96M,2026-08-26T18:26:40+00:00
110-2-EE-C96N-A-3-A,110,2,工學院,EE,電機工程學系,C96N,A,大學部,3,A,電機實務專題(一)N,1,必,15,12,,3,洪進華 徐忠枝,,,,,,,"5,6, 7",,"[{""day"": 6, ""dayName"": ""星期六"", ""periods"": [""5"", ""6"", ""7""], ""raw"": ""5,6, 7""}]",,,https://course.nuk.edu.tw/QueryCourse/tcontent.asp?OpenYear=110&Helf=2&Sclass=EE&Cono=C96N,2026-08-26T18:26:40+00:00
110-2-EE-C96N-A-3-B,110,2,工學院,EE,電機工程學系,C96N,A,大學部,3,B,電機實務專題(一)N,1,必,15,12,,3,洪進華 徐忠枝,,,,,,,"5,6, 7",,"[{""day"": 6, ""dayName"": ""星期六"", ""periods"": [""5"", ""6"", ""7""], ""raw"": ""5,6, 7""}]",,,https://course.nuk.edu.tw/QueryCourse/tcontent.asp?OpenYear=110&Helf=2&Sclass=EE&Cono=C96N,2026-08-26T18:26:40+00:00
110-2-EE-D521-A-3-A,110,2,工學院,EE,電機工程學系,D521,A,大學部,3,A,電腦輔助電路設計,3,選,31,31,,0,張文騰,C01-104,,"5,6, 7",,,,,,"[{""day"": 2, ""dayName"": ""星期二"", ""periods"": [""5"", ""6"", ""7""], ""raw"": ""5,6, 7""}]",外加,三AB；請安排C01-104電腦教室,https://course.nuk.edu.tw/QueryCourse/tcontent.asp?OpenYear=110&Helf=2&Sclass=EE&Cono=D521,2026-08-26T18:26:40+00:00
110-2-EE-D521-A-3-B,110,2,工學院,EE,電機工程學系,D521,A,大學部,3,B,電腦輔助電路設計,3,選,31,31,,0,張文騰,C01-104,,"5,6, 7",,,,,,"[{""day"": 2, ""dayName"": ""星期二"", ""periods"": [""5"", ""6"", ""7""], ""raw"": ""5,6, 7""}]",外加,三AB；請安排C01-104電腦教室,https://course.nuk.edu.tw/QueryCourse/tcontent.asp?OpenYear=110&Helf=2&Sclass=EE&Cono=D521,2026-08-26T18:26:40+00:00
110-2-EE-D82D-A-3-A,110,2,工學院,EE,電機工程學系,D82D,A,大學部,3,A,元件與微系統概論,3,選,30,28,,2,張文騰,C01-414,"5,6, 7",,,,,,,"[{""day"": 1, ""dayName"": ""星期一"", ""periods"": [""5"", ""6"", ""7""], ""raw"": ""5,6, 7""}]",,三AB,https://course.nuk.edu.tw/QueryCourse/tcontent.asp?OpenYear=110&Helf=2&Sclass=EE&Cono=D82D,2026-08-26T18:26:40+00:00
110-2-EE-D82D-A-3-B,110,2,工學院,EE,電機工程學系,D82D,A,大學部,3,B,元件與微系統概論,3,選,30,28,,2,張文騰,C01-414,"5,6, 7",,,,,,,"[{""day"": 1, ""dayName"": ""星期一"", ""periods"": [""5"", ""6"", ""7""], ""raw"": ""5,6, 7""}]",,三AB,https://course.nuk.edu.tw/QueryCourse/tcontent.asp?OpenYear=110&Helf=2&Sclass=EE&Cono=D82D,2026-08-26T18:26:40+00:00
110-2-EE-F502-A-3-A,110,2,工學院,EE,電機工程學系,F502,A,大學部,3,A,真空技術,3,選,30,23,,7,馮瑞陽,C01-B101,,,,"2,3, 4",,,,"[{""day"": 4, ""dayName"": ""星期四"", ""periods"": [""2"", ""3"", ""4""], ""raw"": ""2,3, 4""}]",學程,三AB、四AB、碩班合開,https://course.nuk.edu.tw/QueryCourse/tcontent.asp?OpenYear=110&Helf=2&Sclass=EE&Cono=F502,2026-08-26T18:26:40+00:00
110-2-EE-F502-A-3-B,110,2,工學院,EE,電機工程學系,F502,A,大學部,3,B,真空技術,3,選,30,23,,7,馮瑞陽,C01-B101,,,,"2,3, 4",,,,"[{""day"": 4, ""dayName"": ""星期四"", ""periods"": [""2"", ""3"", ""4""], ""raw"": ""2,3, 4""}]",學程,三AB、四AB、碩班合開,https://course.nuk.edu.tw/QueryCourse/tcontent.asp?OpenYear=110&Helf=2&Sclass=EE&Cono=F502,2026-08-26T18:26:40+00:00
110-2-EE-F505-A-3-A,110,2,工學院,EE,電機工程學系,F505,A,大學部,3,A,科技英文,3,選,37,14,,23,郭馨徽,C01-B101-1,,"5,6, 7",,,,,,"[{""day"": 2, ""dayName"": ""星期二"", ""periods"": [""5"", ""6"", ""7""], ""raw"": ""5,6, 7""}]",,請安排C01-B101-1,https://course.nuk.edu.tw/QueryCourse/tcontent.asp?OpenYear=110&Helf=2&Sclass=EE&Cono=F505,2026-08-26T18:26:40+00:00
110-2-EE-F505-A-3-B,110,2,工學院,EE,電機工程學系,F505,A,大學部,3,B,科技英文,3,選,37,14,,23,郭馨徽,C01-B101-1,,"5,6, 7",,,,,,"[{""day"": 2, ""dayName"": ""星期二"", ""periods"": [""5"", ""6"", ""7""], ""raw"": ""5,6, 7""}]",,請安排 C01-B101-1,https://course.nuk.edu.tw/QueryCourse/tcontent.asp?OpenYear=110&Helf=2&Sclass=EE&Cono=F505,2026-08-26T18:26:40+00:00
110-2-EE-F507-A-3-A,110,2,工學院,EE,電機工程學系,F507,A,大學部,3,A,電力系統分析,3,選,40,12,,28,寧家慶,C01-B101,"10,11, 12",,,,,,,"[{""day"": 1, ""dayName"": ""星期一"", ""periods"": [""10"", ""11"", ""12""], ""raw"": ""10,11, 12""}]",,,https://course.nuk.edu.tw/QueryCourse/tcontent.asp?OpenYear=110&Helf=2&Sclass=EE&Cono=F507,2026-08-26T18:26:40+00:00
110-2-EE-F507-A-3-B,110,2,工學院,EE,電機工程學系,F507,A,大學部,3,B,電力系統分析,3,選,40,12,,28,寧家慶,C01-B101,"10,11, 12",,,,,,,"[{""day"": 1, ""dayName"": ""星期一"", ""periods"": [""10"", ""11"", ""12""], ""raw"": ""10,11, 12""}]",,,https://course.nuk.edu.tw/QueryCourse/tcontent.asp?OpenYear=110&Helf=2&Sclass=EE&Cono=F507,2026-08-26T18:26:40+00:00
110-2-EE-F513-A-3-A,110,2,工學院,EE,電機工程學系,F513,A,大學部,3,A,智能金屬製造實務研討,3,選,24,11,,13,郭馨徽 吳志宏 賴智錦,C01-414,,,,,"2,3, 4",,,"[{""day"": 5, ""dayName"": ""星期五"", ""periods"": [""2"", ""3"", ""4""], ""raw"": ""2,3, 4""}]",,配合工業局智能金屬產業育才平台計畫,https://course.nuk.edu.tw/QueryCourse/tcontent.asp?OpenYear=110&Helf=2&Sclass=EE&Cono=F513,2026-08-26T18:26:40+00:00
110-2-EE-F513-A-3-B,110,2,工學院,EE,電機工程學系,F513,A,大學部,3,B,智能金屬製造實務研討,3,選,24,11,,13,郭馨徽 吳志宏 賴智錦,C01-414,,,,,"2,3, 4",,,"[{""day"": 5, ""dayName"": ""星期五"", ""periods"": [""2"", ""3"", ""4""], ""raw"": ""2,3, 4""}]",,智能金屬製造實務研討,https://course.nuk.edu.tw/QueryCourse/tcontent.asp?OpenYear=110&Helf=2&Sclass=EE&Cono=F513,2026-08-26T18:26:40+00:00
110-2-EE-F524-A-3-A,110,2,工學院,EE,電機工程學系,F524,A,大學部,3,A,數位訊號處理、系統設計與模擬,3,選,34,27,,7,徐忠枝,C01-201,,,,"6,7, 8",,,,"[{""day"": 4, ""dayName"": ""星期四"", ""periods"": [""6"", ""7"", ""8""], ""raw"": ""6,7, 8""}]",先修,三AB、四AB、碩班合開；請安排C01-201實驗室,https://course.nuk.edu.tw/QueryCourse/tcontent.asp?OpenYear=110&Helf=2&Sclass=EE&Cono=F524,2026-08-26T18:26:40+00:00
110-2-EE-F524-A-3-B,110,2,工學院,EE,電機工程學系,F524,A,大學部,3,B,數位訊號處理、系統設計與模擬,3,選,34,27,,7,徐忠枝,C01-201,,,,"6,7, 8",,,,"[{""day"": 4, ""dayName"": ""星期四"", ""periods"": [""6"", ""7"", ""8""], ""raw"": ""6,7, 8""}]",先修,三AB、四AB、碩班合開；請安排C01-201實驗室,https://course.nuk.edu.tw/QueryCourse/tcontent.asp?OpenYear=110&Helf=2&Sclass=EE&Cono=F524,2026-08-26T18:26:40+00:00
110-2-EE-F565-A-3-A,110,2,工學院,EE,電機工程學系,F565,A,大學部,3,A,先進半導體工程(一),3,選,50,33,,17,李耀仁,C01-202,"2,3, 4",,,,,,,"[{""day"": 1, ""dayName"": ""星期一"", ""periods"": [""2"", ""3"", ""4""], ""raw"": ""2,3, 4""}]",,三、四、碩班合開,https://course.nuk.edu.tw/QueryCourse/tcontent.asp?OpenYear=110&Helf=2&Sclass=EE&Cono=F565,2026-08-26T18:26:40+00:00
110-2-EE-F565-A-3-B,110,2,工學院,EE,電機工程學系,F565,A,大學部,3,B,先進半導體工程(一),3,選,50,33,,17,李耀仁,C01-202,"2,3, 4",,,,,,,"[{""day"": 1, ""dayName"": ""星期一"", ""periods"": [""2"", ""3"", ""4""], ""raw"": ""2,3, 4""}]",,三、四、碩班合開,https://course.nuk.edu.tw/QueryCourse/tcontent.asp?OpenYear=110&Helf=2&Sclass=EE&Cono=F565,2026-08-26T18:26:40+00:00
110-2-EE-F573-A-3-A,110,2,工學院,EE,電機工程學系,F573,A,大學部,3,A,薄膜元件技術,3,選,50,50,,0,藍文厚,C01-B101,,"6,7, 8",,,,,,"[{""day"": 2, ""dayName"": ""星期二"", ""periods"": [""6"", ""7"", ""8""], ""raw"": ""6,7, 8""}]",外加,三AB、四AB、碩班合開,https://course.nuk.edu.tw/QueryCourse/tcontent.asp?OpenYear=110&Helf=2&Sclass=EE&Cono=F573,2026-08-26T18:26:40+00:00
110-2-EE-F573-A-3-B,110,2,工學院,EE,電機工程學系,F573,A,大學部,3,B,薄膜元件技術,3,選,50,50,,0,藍文厚,C01-B101,,"6,7, 8",,,,,,"[{""day"": 2, ""dayName"": ""星期二"", ""periods"": [""6"", ""7"", ""8""], ""raw"": ""6,7, 8""}]",外加,三AB、四AB、碩班合開,https://course.nuk.edu.tw/QueryCourse/tcontent.asp?OpenYear=110&Helf=2&Sclass=EE&Cono=F573,2026-08-26T18:26:40+00:00
110-2-EE-F595-A-3-A,110,2,工學院,EE,電機工程學系,F595,A,大學部,3,A,微波濾波器設計,3,選,60,30,,30,鄧卜華,C01-B101,,,,"6,7, 8",,,,"[{""day"": 4, ""dayName"": ""星期四"", ""periods"": [""6"", ""7"", ""8""], ""raw"": ""6,7, 8""}]",,四AB、碩班合開,https://course.nuk.edu.tw/QueryCourse/tcontent.asp?OpenYear=110&Helf=2&Sclass=EE&Cono=F595,2026-08-26T18:26:40+00:00
110-2-EE-F595-A-3-B,110,2,工學院,EE,電機工程學系,F595,A,大學部,3,B,微波濾波器設計,3,選,60,30,,30,鄧卜華,C01-B101,,,,"6,7, 8",,,,"[{""day"": 4, ""dayName"": ""星期四"", ""periods"": [""6"", ""7"", ""8""], ""raw"": ""6,7, 8""}]",,四AB、碩班合開,https://course.nuk.edu.tw/QueryCourse/tcontent.asp?OpenYear=110&Helf=2&Sclass=EE&Cono=F595,2026-08-26T18:26:40+00:00
110-2-EE-F597-A-3-A,110,2,工學院,EE,電機工程學系,F597,A,大學部,3,A,微波無線系統導論,3,選,40,25,,15,一心,C01-B107-1 其他教室,,,"2,3, 4",,,,,"[{""day"": 3, ""dayName"": ""星期三"", ""periods"": [""2"", ""3"", ""4""], ""raw"": ""2,3, 4""}]",,三AB、四AB、碩班合開，請安排C01-104電腦教室與一般教室,https://course.nuk.edu.tw/QueryCourse/tcontent.asp?OpenYear=110&Helf=2&Sclass=EE&Cono=F597,2026-08-26T18:26:40+00:00
110-2-EE-F597-A-3-B,110,2,工學院,EE,電機工程學系,F597,A,大學部,3,B,微波無線系統導論,3,選,40,25,,15,一心,C01-B107-1 其他教室,,,"2,3, 4",,,,,"[{""day"": 3, ""dayName"": ""星期三"", ""periods"": [""2"", ""3"", ""4""], ""raw"": ""2,3, 4""}]",,三AB、四AB、碩班合開，請安排C01-104電腦教室與一般教室,https://course.nuk.edu.tw/QueryCourse/tcontent.asp?OpenYear=110&Helf=2&Sclass=EE&Cono=F597,2026-08-26T18:26:40+00:00
110-2-EE-F655-A-3-A,110,2,工學院,EE,電機工程學系,F655,A,大學部,3,A,光電子學(二),3,選,40,6,,34,馮瑞陽,C01-202,,,,,"6,7, 8",,,"[{""day"": 5, ""dayName"": ""星期五"", ""periods"": [""6"", ""7"", ""8""], ""raw"": ""6,7, 8""}]",,三AB、四AB、碩班合開,https://course.nuk.edu.tw/QueryCourse/tcontent.asp?OpenYear=110&Helf=2&Sclass=EE&Cono=F655,2026-08-26T18:26:40+00:00
110-2-EE-F655-A-3-B,110,2,工學院,EE,電機工程學系,F655,A,大學部,3,B,光電子學(二),3,選,40,6,,34,馮瑞陽,C01-202,,,,,"6,7, 8",,,"[{""day"": 5, ""dayName"": ""星期五"", ""periods"": [""6"", ""7"", ""8""], ""raw"": ""6,7, 8""}]",,三AB、四AB、碩班合開,https://course.nuk.edu.tw/QueryCourse/tcontent.asp?OpenYear=110&Helf=2&Sclass=EE&Cono=F655,2026-08-26T18:26:40+00:00
110-2-EE-F682-A-3-A,110,2,工學院,EE,電機工程學系,F682,A,大學部,3,A,固態元件導論(一),3,選,50,21,,29,李耀仁,C01-202,,,"7,8, 9",,,,,"[{""day"": 3, ""dayName"": ""星期三"", ""periods"": [""7"", ""8"", ""9""], ""raw"": ""7,8, 9""}]",,三、四、碩班合開,https://course.nuk.edu.tw/QueryCourse/tcontent.asp?OpenYear=110&Helf=2&Sclass=EE&Cono=F682,2026-08-26T18:26:40+00:00
110-2-EE-F682-A-3-B,110,2,工學院,EE,電機工程學系,F682,A,大學部,3,B,固態元件導論(一),3,選,50,21,,29,李耀仁,C01-202,,,"7,8, 9",,,,,"[{""day"": 3, ""dayName"": ""星期三"", ""periods"": [""7"", ""8"", ""9""], ""raw"": ""7,8, 9""}]",,三、四、碩班合開,https://course.nuk.edu.tw/QueryCourse/tcontent.asp?OpenYear=110&Helf=2&Sclass=EE&Cono=F682,2026-08-26T18:26:40+00:00
110-2-EE-F714-A-3-A,110,2,工學院,EE,電機工程學系,F714,A,大學部,3,A,多媒體系統,3,選,40,10,,30,黃祥哲,C01-B101,"5,6, 7",,,,,,,"[{""day"": 1, ""dayName"": ""星期一"", ""periods"": [""5"", ""6"", ""7""], ""raw"": ""5,6, 7""}]",,三AB、四AB、碩班合開,https://course.nuk.edu.tw/QueryCourse/tcontent.asp?OpenYear=110&Helf=2&Sclass=EE&Cono=F714,2026-08-26T18:26:40+00:00
110-2-EE-F714-A-3-B,110,2,工學院,EE,電機工程學系,F714,A,大學部,3,B,多媒體系統,3,選,40,10,,30,黃祥哲,C01-B101,"5,6, 7",,,,,,,"[{""day"": 1, ""dayName"": ""星期一"", ""periods"": [""5"", ""6"", ""7""], ""raw"": ""5,6, 7""}]",,三AB、四AB、碩班合開,https://course.nuk.edu.tw/QueryCourse/tcontent.asp?OpenYear=110&Helf=2&Sclass=EE&Cono=F714,2026-08-26T18:26:40+00:00
110-2-EE-F771-A-3-A,110,2,工學院,EE,電機工程學系,F771,A,大學部,3,A,隨機過程,3,選,40,16,,24,黃祥哲,C01-B101,,"2,3, 4",,,,,,"[{""day"": 2, ""dayName"": ""星期二"", ""periods"": [""2"", ""3"", ""4""], ""raw"": ""2,3, 4""}]",,三AB、四AB、碩班合開,https://course.nuk.edu.tw/QueryCourse/tcontent.asp?OpenYear=110&Helf=2&Sclass=EE&Cono=F771,2026-08-26T18:26:40+00:00
110-2-EE-F771-A-3-B,110,2,工學院,EE,電機工程學系,F771,A,大學部,3,B,隨機過程,3,選,40,16,,24,黃祥哲,C01-B101,,"2,3, 4",,,,,,"[{""day"": 2, ""dayName"": ""星期二"", ""periods"": [""2"", ""3"", ""4""], ""raw"": ""2,3, 4""}]",,三AB、四AB、碩班合開,https://course.nuk.edu.tw/QueryCourse/tcontent.asp?OpenYear=110&Helf=2&Sclass=EE&Cono=F771,2026-08-26T18:26:40+00:00
110-2-EE-F793-A-3-A,110,2,工學院,EE,電機工程學系,F793,A,大學部,3,A,微波被動電路設計與分析,3,選,68,47,,21,鄧卜華,C01-104,,,,,"2,3, 4",,,"[{""day"": 5, ""dayName"": ""星期五"", ""periods"": [""2"", ""3"", ""4""], ""raw"": ""2,3, 4""}]",,三AB、四AB、碩班合開；請安排C01-104電腦教室,https://course.nuk.edu.tw/QueryCourse/tcontent.asp?OpenYear=110&Helf=2&Sclass=EE&Cono=F793,2026-08-26T18:26:40+00:00
110-2-EE-F793-A-3-B,110,2,工學院,EE,電機工程學系,F793,A,大學部,3,B,微波被動電路設計與分析,3,選,68,47,,21,鄧卜華,C01-104,,,,,"2,3, 4",,,"[{""day"": 5, ""dayName"": ""星期五"", ""periods"": [""2"", ""3"", ""4""], ""raw"": ""2,3, 4""}]",,三AB、四AB、碩班合開；請安排C01-104電腦教室,https://course.nuk.edu.tw/QueryCourse/tcontent.asp?OpenYear=110&Helf=2&Sclass=EE&Cono=F793,2026-08-26T18:26:40+00:00
110-2-EE-F796-A-3-A,110,2,工學院,EE,電機工程學系,F796,A,大學部,3,A,微波電路概論與量測基礎實務,3,選,35,20,,15,吳松茂,C01-107,,,,"2,3, 4",,,,"[{""day"": 4, ""dayName"": ""星期四"", ""periods"": [""2"", ""3"", ""4""], ""raw"": ""2,3, 4""}]",,三AB、四AB、碩班合開,https://course.nuk.edu.tw/QueryCourse/tcontent.asp?OpenYear=110&Helf=2&Sclass=EE&Cono=F796,2026-08-26T18:26:40+00:00
110-2-EE-F796-A-3-B,110,2,工學院,EE,電機工程學系,F796,A,大學部,3,B,微波電路概論與量測基礎實務,3,選,35,20,,15,吳松茂,C01-107,,,,"2,3, 4",,,,"[{""day"": 4, ""dayName"": ""星期四"", ""periods"": [""2"", ""3"", ""4""], ""raw"": ""2,3, 4""}]",,三AB、四AB、碩班合開,https://course.nuk.edu.tw/QueryCourse/tcontent.asp?OpenYear=110&Helf=2&Sclass=EE&Cono=F796,2026-08-26T18:26:40+00:00
110-2-EE-F836-A-3-A,110,2,工學院,EE,電機工程學系,F836,A,大學部,3,A,仿生計算,3,選,30,16,,14,賴智錦,C01-414,,,"2,3, 4",,,,,"[{""day"": 3, ""dayName"": ""星期三"", ""periods"": [""2"", ""3"", ""4""], ""raw"": ""2,3, 4""}]",,三AB、四AB、碩班合開,https://course.nuk.edu.tw/QueryCourse/tcontent.asp?OpenYear=110&Helf=2&Sclass=EE&Cono=F836,2026-08-26T18:26:40+00:00
110-2-EE-F836-A-3-B,110,2,工學院,EE,電機工程學系,F836,A,大學部,3,B,仿生計算,3,選,30,16,,14,賴智錦,C01-414,,,"2,3, 4",,,,,"[{""day"": 3, ""dayName"": ""星期三"", ""periods"": [""2"", ""3"", ""4""], ""raw"": ""2,3, 4""}]",,三AB、四AB、碩班合開,https://course.nuk.edu.tw/QueryCourse/tcontent.asp?OpenYear=110&Helf=2&Sclass=EE&Cono=F836,2026-08-26T18:26:40+00:00
110-2-EE-G695-A-3-A,110,2,工學院,EE,電機工程學系,G695,A,大學部,3,A,機器人影像控制技術,3,選,33,20,,13,吳志宏,C01-414,,,,,"6,7, 8",,,"[{""day"": 5, ""dayName"": ""星期五"", ""periods"": [""6"", ""7"", ""8""], ""raw"": ""6,7, 8""}]",先修 外加,三AB、四AB、碩班合開；本課程配合教育部計畫，需進行專題實作與競賽。需曾修讀EEB512 計算機程式或EEF733 資料探勘導論及格,https://course.nuk.edu.tw/QueryCourse/tcontent.asp?OpenYear=110&Helf=2&Sclass=EE&Cono=G695,2026-08-26T18:26:40+00:00
110-2-EE-G695-A-3-B,110,2,工學院,EE,電機工程學系,G695,A,大學部,3,B,機器人影像控制技術,3,選,33,20,,13,吳志宏,C01-414,,,,,"6,7, 8",,,"[{""day"": 5, ""dayName"": ""星期五"", ""periods"": [""6"", ""7"", ""8""], ""raw"": ""6,7, 8""}]",先修 外加,三AB、四AB、碩班合開；本課程配合教育部計畫，需進行專題實作與競賽。需曾修讀EEB512 計算機程式或EEF733 資料探勘導論及格,https://course.nuk.edu.tw/QueryCourse/tcontent.asp?OpenYear=110&Helf=2&Sclass=EE&Cono=G695,2026-08-26T18:26:40+00:00
110-2-EE-G70A-A-3-A,110,2,工學院,EE,電機工程學系,G70A,A,大學部,3,A,智慧生活空間資訊截取與運用效能化設計(Ⅰ),3,選,77,50,,27,梁明正,B01-104,,"5,6, 7",,,,,,"[{""day"": 2, ""dayName"": ""星期二"", ""periods"": [""5"", ""6"", ""7""], ""raw"": ""5,6, 7""}]",學程,三AB、四AB、碩班合開；智慧生活整合創新學程,https://course.nuk.edu.tw/QueryCourse/tcontent.asp?OpenYear=110&Helf=2&Sclass=EE&Cono=G70A,2026-08-26T18:26:40+00:00
110-2-EE-G70A-A-3-B,110,2,工學院,EE,電機工程學系,G70A,A,大學部,3,B,智慧生活空間資訊截取與運用效能化設計(Ⅰ),3,選,77,50,,27,梁明正,B01-104,,"5,6, 7",,,,,,"[{""day"": 2, ""dayName"": ""星期二"", ""periods"": [""5"", ""6"", ""7""], ""raw"": ""5,6, 7""}]",學程,三AB、四AB、碩班合開；智慧生活整合創新學程,https://course.nuk.edu.tw/QueryCourse/tcontent.asp?OpenYear=110&Helf=2&Sclass=EE&Cono=G70A,2026-08-26T18:26:40+00:00
110-2-EE-C621-A-4-A,110,2,工學院,EE,電機工程學系,C621,A,大學部,4,A,固態物理導論,3,選,67,65,,2,藍文厚,C01-202,,,"2,3, 4",,,,,"[{""day"": 3, ""dayName"": ""星期三"", ""periods"": [""2"", ""3"", ""4""], ""raw"": ""2,3, 4""}]",,三AB、四AB合開,https://course.nuk.edu.tw/QueryCourse/tcontent.asp?OpenYear=110&Helf=2&Sclass=EE&Cono=C621,2026-08-26T18:26:40+00:00
110-2-EE-C621-A-4-B,110,2,工學院,EE,電機工程學系,C621,A,大學部,4,B,固態物理導論,3,選,67,65,,2,藍文厚,C01-202,,,"2,3, 4",,,,,"[{""day"": 3, ""dayName"": ""星期三"", ""periods"": [""2"", ""3"", ""4""], ""raw"": ""2,3, 4""}]",,三AB、四AB合開,https://course.nuk.edu.tw/QueryCourse/tcontent.asp?OpenYear=110&Helf=2&Sclass=EE&Cono=C621,2026-08-26T18:26:40+00:00
110-2-EE-C761-A-4-A,110,2,工學院,EE,電機工程學系,C761,A,大學部,4,A,資料結構,3,選,61,31,,30,吳志宏,L01-108,,,,"2,3, 4",,,,"[{""day"": 4, ""dayName"": ""星期四"", ""periods"": [""2"", ""3"", ""4""], ""raw"": ""2,3, 4""}]",先修 外加,三AB、四AB合開；需曾修習計算機概論(二)及格,https://course.nuk.edu.tw/QueryCourse/tcontent.asp?OpenYear=110&Helf=2&Sclass=EE&Cono=C761,2026-08-26T18:26:40+00:00
110-2-EE-C761-A-4-B,110,2,工學院,EE,電機工程學系,C761,A,大學部,4,B,資料結構,3,選,61,31,,30,吳志宏,L01-108,,,,"2,3, 4",,,,"[{""day"": 4, ""dayName"": ""星期四"", ""periods"": [""2"", ""3"", ""4""], ""raw"": ""2,3, 4""}]",先修 外加,三AB、四AB合開；請安排圖資L01-107、108電腦教室。需曾修習計算機概論(二)及格,https://course.nuk.edu.tw/QueryCourse/tcontent.asp?OpenYear=110&Helf=2&Sclass=EE&Cono=C761,2026-08-26T18:26:40+00:00
110-2-EE-D207-A-4-A,110,2,工學院,EE,電機工程學系,D207,A,大學部,4,A,電機實務專題(二)微波電路,1,必,1,1,,0,鄧卜華,,,,,,,"X,1, Y",,"[{""day"": 6, ""dayName"": ""星期六"", ""periods"": [""X"", ""1"", ""Y""], ""raw"": ""X,1, Y""}]",,4AB合開，指定外加,https://course.nuk.edu.tw/QueryCourse/tcontent.asp?OpenYear=110&Helf=2&Sclass=EE&Cono=D207,2026-08-26T18:26:40+00:00
110-2-EE-D50B-A-4-A,110,2,工學院,EE,電機工程學系,D50B,A,大學部,4,A,業界實習(二),9,選,5,5,,0,陳春僥 李耀仁,,,,,,,,"1,2, 3,4, 5,6, 7,8, 9","[{""day"": 7, ""dayName"": ""星期日"", ""periods"": [""1"", ""2"", ""3"", ""4"", ""5"", ""6"", ""7"", ""8"", ""9""], ""raw"": ""1,2, 3,4, 5,6, 7,8, 9""}]",限修,總實習時數應達450小時以上,https://course.nuk.edu.tw/QueryCourse/tcontent.asp?OpenYear=110&Helf=2&Sclass=EE&Cono=D50B,2026-08-26T18:26:40+00:00
110-2-EE-D50B-A-4-B,110,2,工學院,EE,電機工程學系,D50B,A,大學部,4,B,業界實習(二),9,選,5,5,,0,陳春僥 李耀仁,,,,,,,,"1,2, 3,4, 5,6, 7,8, 9","[{""day"": 7, ""dayName"": ""星期日"", ""periods"": [""1"", ""2"", ""3"", ""4"", ""5"", ""6"", ""7"", ""8"", ""9""], ""raw"": ""1,2, 3,4, 5,6, 7,8, 9""}]",限修,總實習時數應達450小時以上,https://course.nuk.edu.tw/QueryCourse/tcontent.asp?OpenYear=110&Helf=2&Sclass=EE&Cono=D50B,2026-08-26T18:26:40+00:00
110-2-EE-F502-A-4-A,110,2,工學院,EE,電機工程學系,F502,A,大學部,4,A,真空技術,3,選,30,23,,7,馮瑞陽,C01-B101,,,,"2,3, 4",,,,"[{""day"": 4, ""dayName"": ""星期四"", ""periods"": [""2"", ""3"", ""4""], ""raw"": ""2,3, 4""}]",學程,三AB、四AB、碩班合開,https://course.nuk.edu.tw/QueryCourse/tcontent.asp?OpenYear=110&Helf=2&Sclass=EE&Cono=F502,2026-08-26T18:26:40+00:00
110-2-EE-F502-A-4-B,110,2,工學院,EE,電機工程學系,F502,A,大學部,4,B,真空技術,3,選,30,23,,7,馮瑞陽,C01-B101,,,,"2,3, 4",,,,"[{""day"": 4, ""dayName"": ""星期四"", ""periods"": [""2"", ""3"", ""4""], ""raw"": ""2,3, 4""}]",學程,三AB、四AB、碩班合開,https://course.nuk.edu.tw/QueryCourse/tcontent.asp?OpenYear=110&Helf=2&Sclass=EE&Cono=F502,2026-08-26T18:26:40+00:00
110-2-EE-F505-A-4-A,110,2,工學院,EE,電機工程學系,F505,A,大學部,4,A,科技英文,3,選,37,14,,23,郭馨徽,C01-B101-1,,"5,6, 7",,,,,,"[{""day"": 2, ""dayName"": ""星期二"", ""periods"": [""5"", ""6"", ""7""], ""raw"": ""5,6, 7""}]",,請安排 C01-B101-1,https://course.nuk.edu.tw/QueryCourse/tcontent.asp?OpenYear=110&Helf=2&Sclass=EE&Cono=F505,2026-08-26T18:26:40+00:00
110-2-EE-F505-A-4-B,110,2,工學院,EE,電機工程學系,F505,A,大學部,4,B,科技英文,3,選,37,14,,23,郭馨徽,C01-B101-1,,"5,6, 7",,,,,,"[{""day"": 2, ""dayName"": ""星期二"", ""periods"": [""5"", ""6"", ""7""], ""raw"": ""5,6, 7""}]",,請安排 C01-B101-1,https://course.nuk.edu.tw/QueryCourse/tcontent.asp?OpenYear=110&Helf=2&Sclass=EE&Cono=F505,2026-08-26T18:26:40+00:00
110-2-EE-F513-A-4-A,110,2,工學院,EE,電機工程學系,F513,A,大學部,4,A,智能金屬製造實務研討,3,選,24,11,,13,郭馨徽 吳志宏 賴智錦,C01-414,,,,,"2,3, 4",,,"[{""day"": 5, ""dayName"": ""星期五"", ""periods"": [""2"", ""3"", ""4""], ""raw"": ""2,3, 4""}]",,智能金屬製造實務研討,https://course.nuk.edu.tw/QueryCourse/tcontent.asp?OpenYear=110&Helf=2&Sclass=EE&Cono=F513,2026-08-26T18:26:40+00:00
110-2-EE-F513-A-4-B,110,2,工學院,EE,電機工程學系,F513,A,大學部,4,B,智能金屬製造實務研討,3,選,24,11,,13,郭馨徽 吳志宏 賴智錦,C01-414,,,,,"2,3, 4",,,"[{""day"": 5, ""dayName"": ""星期五"", ""periods"": [""2"", ""3"", ""4""], ""raw"": ""2,3, 4""}]",,智能金屬製造實務研討,https://course.nuk.edu.tw/QueryCourse/tcontent.asp?OpenYear=110&Helf=2&Sclass=EE&Cono=F513,2026-08-26T18:26:40+00:00
110-2-EE-F522-A-4-A,110,2,工學院,EE,電機工程學系,F522,A,大學部,4,A,高速數位系統設計實務,3,選,70,49,,21,王陳肇,C01-B104,,,,"10,11, 12",,,,"[{""day"": 4, ""dayName"": ""星期四"", ""periods"": [""10"", ""11"", ""12""], ""raw"": ""10,11, 12""}]",,四AB、碩班合開,https://course.nuk.edu.tw/QueryCourse/tcontent.asp?OpenYear=110&Helf=2&Sclass=EE&Cono=F522,2026-08-26T18:26:40+00:00
110-2-EE-F522-A-4-B,110,2,工學院,EE,電機工程學系,F522,A,大學部,4,B,高速數位系統設計實務,3,選,70,49,,21,王陳肇,C01-B104,,,,"10,11, 12",,,,"[{""day"": 4, ""dayName"": ""星期四"", ""periods"": [""10"", ""11"", ""12""], ""raw"": ""10,11, 12""}]",,四AB、碩班合開,https://course.nuk.edu.tw/QueryCourse/tcontent.asp?OpenYear=110&Helf=2&Sclass=EE&Cono=F522,2026-08-26T18:26:40+00:00
110-2-EE-F524-A-4-A,110,2,工學院,EE,電機工程學系,F524,A,大學部,4,A,數位訊號處理、系統設計與模擬,3,選,34,27,,7,徐忠枝,C01-201,,,,"6,7, 8",,,,"[{""day"": 4, ""dayName"": ""星期四"", ""periods"": [""6"", ""7"", ""8""], ""raw"": ""6,7, 8""}]",先修,三AB、四AB、碩班合開；請安排C01-201實驗室,https://course.nuk.edu.tw/QueryCourse/tcontent.asp?OpenYear=110&Helf=2&Sclass=EE&Cono=F524,2026-08-26T18:26:40+00:00
110-2-EE-F524-A-4-B,110,2,工學院,EE,電機工程學系,F524,A,大學部,4,B,數位訊號處理、系統設計與模擬,3,選,34,27,,7,徐忠枝,C01-201,,,,"6,7, 8",,,,"[{""day"": 4, ""dayName"": ""星期四"", ""periods"": [""6"", ""7"", ""8""], ""raw"": ""6,7, 8""}]",先修,三AB、四AB、碩班合開三AB、四AB、碩班合開；請安排C01-201實驗室,https://course.nuk.edu.tw/QueryCourse/tcontent.asp?OpenYear=110&Helf=2&Sclass=EE&Cono=F524,2026-08-26T18:26:40+00:00
110-2-EE-F565-A-4-A,110,2,工學院,EE,電機工程學系,F565,A,大學部,4,A,先進半導體工程(一),3,選,50,33,,17,李耀仁,C01-202,"2,3, 4",,,,,,,"[{""day"": 1, ""dayName"": ""星期一"", ""periods"": [""2"", ""3"", ""4""], ""raw"": ""2,3, 4""}]",,三、四、碩班合開,https://course.nuk.edu.tw/QueryCourse/tcontent.asp?OpenYear=110&Helf=2&Sclass=EE&Cono=F565,2026-08-26T18:26:40+00:00
110-2-EE-F565-A-4-B,110,2,工學院,EE,電機工程學系,F565,A,大學部,4,B,先進半導體工程(一),3,選,50,33,,17,李耀仁,C01-202,"2,3, 4",,,,,,,"[{""day"": 1, ""dayName"": ""星期一"", ""periods"": [""2"", ""3"", ""4""], ""raw"": ""2,3, 4""}]",,三、四、碩班合開,https://course.nuk.edu.tw/QueryCourse/tcontent.asp?OpenYear=110&Helf=2&Sclass=EE&Cono=F565,2026-08-26T18:26:40+00:00
110-2-EE-F573-A-4-A,110,2,工學院,EE,電機工程學系,F573,A,大學部,4,A,薄膜元件技術,3,選,50,50,,0,藍文厚,C01-B101,,"6,7, 8",,,,,,"[{""day"": 2, ""dayName"": ""星期二"", ""periods"": [""6"", ""7"", ""8""], ""raw"": ""6,7, 8""}]",外加,三AB、四AB、碩班合開,https://course.nuk.edu.tw/QueryCourse/tcontent.asp?OpenYear=110&Helf=2&Sclass=EE&Cono=F573,2026-08-26T18:26:40+00:00
110-2-EE-F573-A-4-B,110,2,工學院,EE,電機工程學系,F573,A,大學部,4,B,薄膜元件技術,3,選,50,50,,0,藍文厚,C01-B101,,"6,7, 8",,,,,,"[{""day"": 2, ""dayName"": ""星期二"", ""periods"": [""6"", ""7"", ""8""], ""raw"": ""6,7, 8""}]",外加,三AB、四AB、碩班合開,https://course.nuk.edu.tw/QueryCourse/tcontent.asp?OpenYear=110&Helf=2&Sclass=EE&Cono=F573,2026-08-26T18:26:40+00:00
110-2-EE-F595-A-4-A,110,2,工學院,EE,電機工程學系,F595,A,大學部,4,A,微波濾波器設計,3,選,60,30,,30,鄧卜華,C01-B101,,,,"6,7, 8",,,,"[{""day"": 4, ""dayName"": ""星期四"", ""periods"": [""6"", ""7"", ""8""], ""raw"": ""6,7, 8""}]",,四AB、碩班合開,https://course.nuk.edu.tw/QueryCourse/tcontent.asp?OpenYear=110&Helf=2&Sclass=EE&Cono=F595,2026-08-26T18:26:40+00:00
110-2-EE-F595-A-4-B,110,2,工學院,EE,電機工程學系,F595,A,大學部,4,B,微波濾波器設計,3,選,60,30,,30,鄧卜華,C01-B101,,,,"6,7, 8",,,,"[{""day"": 4, ""dayName"": ""星期四"", ""periods"": [""6"", ""7"", ""8""], ""raw"": ""6,7, 8""}]",,四AB、碩班合開,https://course.nuk.edu.tw/QueryCourse/tcontent.asp?OpenYear=110&Helf=2&Sclass=EE&Cono=F595,2026-08-26T18:26:40+00:00
110-2-EE-F597-A-4-A,110,2,工學院,EE,電機工程學系,F597,A,大學部,4,A,微波無線系統導論,3,選,40,25,,15,一心,C01-B107-1 其他教室,,,"2,3, 4",,,,,"[{""day"": 3, ""dayName"": ""星期三"", ""periods"": [""2"", ""3"", ""4""], ""raw"": ""2,3, 4""}]",,三AB、四AB、碩班合開，請安排C01-104電腦教室與一般教室,https://course.nuk.edu.tw/QueryCourse/tcontent.asp?OpenYear=110&Helf=2&Sclass=EE&Cono=F597,2026-08-26T18:26:40+00:00
110-2-EE-F597-A-4-B,110,2,工學院,EE,電機工程學系,F597,A,大學部,4,B,微波無線系統導論,3,選,40,25,,15,一心,C01-B107-1 其他教室,,,"2,3, 4",,,,,"[{""day"": 3, ""dayName"": ""星期三"", ""periods"": [""2"", ""3"", ""4""], ""raw"": ""2,3, 4""}]",,三AB、四AB、碩班合開，請安排C01-104電腦教室與一般教室,https://course.nuk.edu.tw/QueryCourse/tcontent.asp?OpenYear=110&Helf=2&Sclass=EE&Cono=F597,2026-08-26T18:26:40+00:00
110-2-EE-F603-A-4-A,110,2,工學院,EE,電機工程學系,F603,A,大學部,4,A,電機機械,3,選,50,8,,42,劉又齊,C01-202,,,,,"2,3, 4",,,"[{""day"": 5, ""dayName"": ""星期五"", ""periods"": [""2"", ""3"", ""4""], ""raw"": ""2,3, 4""}]",,四AB、碩班合開,https://course.nuk.edu.tw/QueryCourse/tcontent.asp?OpenYear=110&Helf=2&Sclass=EE&Cono=F603,2026-08-26T18:26:40+00:00
110-2-EE-F603-A-4-B,110,2,工學院,EE,電機工程學系,F603,A,大學部,4,B,電機機械,3,選,50,8,,42,劉又齊,C01-202,,,,,"2,3, 4",,,"[{""day"": 5, ""dayName"": ""星期五"", ""periods"": [""2"", ""3"", ""4""], ""raw"": ""2,3, 4""}]",,四AB、碩班合開,https://course.nuk.edu.tw/QueryCourse/tcontent.asp?OpenYear=110&Helf=2&Sclass=EE&Cono=F603,2026-08-26T18:26:40+00:00
110-2-EE-F613-A-4-A,110,2,工學院,EE,電機工程學系,F613,A,大學部,4,A,高等元件分析,3,選,60,10,,50,江德光,C01-B101,,,"2,3, 4",,,,,"[{""day"": 3, ""dayName"": ""星期三"", ""periods"": [""2"", ""3"", ""4""], ""raw"": ""2,3, 4""}]",,四AB、碩班合開(全英授課),https://course.nuk.edu.tw/QueryCourse/tcontent.asp?OpenYear=110&Helf=2&Sclass=EE&Cono=F613,2026-08-26T18:26:40+00:00
110-2-EE-F613-A-4-B,110,2,工學院,EE,電機工程學系,F613,A,大學部,4,B,高等元件分析,3,選,60,10,,50,江德光,C01-B101,,,"2,3, 4",,,,,"[{""day"": 3, ""dayName"": ""星期三"", ""periods"": [""2"", ""3"", ""4""], ""raw"": ""2,3, 4""}]",,四AB、碩班合開(全英授課),https://course.nuk.edu.tw/QueryCourse/tcontent.asp?OpenYear=110&Helf=2&Sclass=EE&Cono=F613,2026-08-26T18:26:40+00:00
110-2-EE-F655-A-4-A,110,2,工學院,EE,電機工程學系,F655,A,大學部,4,A,光電子學(二),3,選,40,6,,34,馮瑞陽,C01-202,,,,,"6,7, 8",,,"[{""day"": 5, ""dayName"": ""星期五"", ""periods"": [""6"", ""7"", ""8""], ""raw"": ""6,7, 8""}]",,三AB、四AB、碩班合開,https://course.nuk.edu.tw/QueryCourse/tcontent.asp?OpenYear=110&Helf=2&Sclass=EE&Cono=F655,2026-08-26T18:26:40+00:00
110-2-EE-F655-A-4-B,110,2,工學院,EE,電機工程學系,F655,A,大學部,4,B,光電子學(二),3,選,40,6,,34,馮瑞陽,C01-202,,,,,"6,7, 8",,,"[{""day"": 5, ""dayName"": ""星期五"", ""periods"": [""6"", ""7"", ""8""], ""raw"": ""6,7, 8""}]",,三AB、四AB、碩班合開,https://course.nuk.edu.tw/QueryCourse/tcontent.asp?OpenYear=110&Helf=2&Sclass=EE&Cono=F655,2026-08-26T18:26:40+00:00
110-2-EE-F682-A-4-A,110,2,工學院,EE,電機工程學系,F682,A,大學部,4,A,固態元件導論(一),3,選,50,21,,29,李耀仁,C01-202,,,"7,8, 9",,,,,"[{""day"": 3, ""dayName"": ""星期三"", ""periods"": [""7"", ""8"", ""9""], ""raw"": ""7,8, 9""}]",,三、四、碩班合開,https://course.nuk.edu.tw/QueryCourse/tcontent.asp?OpenYear=110&Helf=2&Sclass=EE&Cono=F682,2026-08-26T18:26:40+00:00
110-2-EE-F682-A-4-B,110,2,工學院,EE,電機工程學系,F682,A,大學部,4,B,固態元件導論(一),3,選,50,21,,29,李耀仁,C01-202,,,"7,8, 9",,,,,"[{""day"": 3, ""dayName"": ""星期三"", ""periods"": [""7"", ""8"", ""9""], ""raw"": ""7,8, 9""}]",,三、四、碩班合開,https://course.nuk.edu.tw/QueryCourse/tcontent.asp?OpenYear=110&Helf=2&Sclass=EE&Cono=F682,2026-08-26T18:26:40+00:00
110-2-EE-F714-A-4-A,110,2,工學院,EE,電機工程學系,F714,A,大學部,4,A,多媒體系統,3,選,40,10,,30,黃祥哲,C01-B101,"5,6, 7",,,,,,,"[{""day"": 1, ""dayName"": ""星期一"", ""periods"": [""5"", ""6"", ""7""], ""raw"": ""5,6, 7""}]",,三AB、四AB、碩班合開,https://course.nuk.edu.tw/QueryCourse/tcontent.asp?OpenYear=110&Helf=2&Sclass=EE&Cono=F714,2026-08-26T18:26:40+00:00
110-2-EE-F714-A-4-B,110,2,工學院,EE,電機工程學系,F714,A,大學部,4,B,多媒體系統,3,選,40,10,,30,黃祥哲,C01-B101,"5,6, 7",,,,,,,"[{""day"": 1, ""dayName"": ""星期一"", ""periods"": [""5"", ""6"", ""7""], ""raw"": ""5,6, 7""}]",,三AB、四AB、碩班合開,https://course.nuk.edu.tw/QueryCourse/tcontent.asp?OpenYear=110&Helf=2&Sclass=EE&Cono=F714,2026-08-26T18:26:40+00:00
110-2-EE-F771-A-4-A,110,2,工學院,EE,電機工程學系,F771,A,大學部,4,A,隨機過程,3,選,40,16,,24,黃祥哲,C01-B101,,"2,3, 4",,,,,,"[{""day"": 2, ""dayName"": ""星期二"", ""periods"": [""2"", ""3"", ""4""], ""raw"": ""2,3, 4""}]",,三AB、四AB、碩班合開,https://course.nuk.edu.tw/QueryCourse/tcontent.asp?OpenYear=110&Helf=2&Sclass=EE&Cono=F771,2026-08-26T18:26:40+00:00
110-2-EE-F771-A-4-B,110,2,工學院,EE,電機工程學系,F771,A,大學部,4,B,隨機過程,3,選,40,16,,24,黃祥哲,C01-B101,,"2,3, 4",,,,,,"[{""day"": 2, ""dayName"": ""星期二"", ""periods"": [""2"", ""3"", ""4""], ""raw"": ""2,3, 4""}]",,三AB、四AB、碩班合開,https://course.nuk.edu.tw/QueryCourse/tcontent.asp?OpenYear=110&Helf=2&Sclass=EE&Cono=F771,2026-08-26T18:26:40+00:00
110-2-EE-F793-A-4-A,110,2,工學院,EE,電機工程學系,F793,A,大學部,4,A,微波被動電路設計與分析,3,選,68,47,,21,鄧卜華,C01-104,,,,,"2,3, 4",,,"[{""day"": 5, ""dayName"": ""星期五"", ""periods"": [""2"", ""3"", ""4""], ""raw"": ""2,3, 4""}]",,三AB、四AB、碩班合開；請安排C01-104電腦教室,https://course.nuk.edu.tw/QueryCourse/tcontent.asp?OpenYear=110&Helf=2&Sclass=EE&Cono=F793,2026-08-26T18:26:40+00:00
110-2-EE-F793-A-4-B,110,2,工學院,EE,電機工程學系,F793,A,大學部,4,B,微波被動電路設計與分析,3,選,68,47,,21,鄧卜華,C01-104,,,,,"2,3, 4",,,"[{""day"": 5, ""dayName"": ""星期五"", ""periods"": [""2"", ""3"", ""4""], ""raw"": ""2,3, 4""}]",,三AB、四AB、碩班合開；請安排C01-104電腦教室,https://course.nuk.edu.tw/QueryCourse/tcontent.asp?OpenYear=110&Helf=2&Sclass=EE&Cono=F793,2026-08-26T18:26:40+00:00
110-2-EE-F796-A-4-A,110,2,工學院,EE,電機工程學系,F796,A,大學部,4,A,微波電路概論與量測基礎實務,3,選,35,20,,15,吳松茂,C01-107,,,,"2,3, 4",,,,"[{""day"": 4, ""dayName"": ""星期四"", ""periods"": [""2"", ""3"", ""4""], ""raw"": ""2,3, 4""}]",,三AB、四AB、碩班合開,https://course.nuk.edu.tw/QueryCourse/tcontent.asp?OpenYear=110&Helf=2&Sclass=EE&Cono=F796,2026-08-26T18:26:40+00:00
110-2-EE-F796-A-4-B,110,2,工學院,EE,電機工程學系,F796,A,大學部,4,B,微波電路概論與量測基礎實務,3,選,35,20,,15,吳松茂,C01-107,,,,"2,3, 4",,,,"[{""day"": 4, ""dayName"": ""星期四"", ""periods"": [""2"", ""3"", ""4""], ""raw"": ""2,3, 4""}]",,三AB、四AB、碩班合開,https://course.nuk.edu.tw/QueryCourse/tcontent.asp?OpenYear=110&Helf=2&Sclass=EE&Cono=F796,2026-08-26T18:26:40+00:00
110-2-EE-F834-A-4-A,110,2,工學院,EE,電機工程學系,F834,A,大學部,4,A,RFID 系統,3,選,61,57,,4,梁明正,C01-202,"5,6, 7",,,,,,,"[{""day"": 1, ""dayName"": ""星期一"", ""periods"": [""5"", ""6"", ""7""], ""raw"": ""5,6, 7""}]",外加,四碩合開,https://course.nuk.edu.tw/QueryCourse/tcontent.asp?OpenYear=110&Helf=2&Sclass=EE&Cono=F834,2026-08-26T18:26:40+00:00
110-2-EE-F834-A-4-B,110,2,工學院,EE,電機工程學系,F834,A,大學部,4,B,RFID 系統,3,選,61,57,,4,梁明正,C01-202,"5,6, 7",,,,,,,"[{""day"": 1, ""dayName"": ""星期一"", ""periods"": [""5"", ""6"", ""7""], ""raw"": ""5,6, 7""}]",外加,四碩合開,https://course.nuk.edu.tw/QueryCourse/tcontent.asp?OpenYear=110&Helf=2&Sclass=EE&Cono=F834,2026-08-26T18:26:40+00:00
110-2-EE-F836-A-4-A,110,2,工學院,EE,電機工程學系,F836,A,大學部,4,A,仿生計算,3,選,30,16,,14,賴智錦,C01-414,,,"2,3, 4",,,,,"[{""day"": 3, ""dayName"": ""星期三"", ""periods"": [""2"", ""3"", ""4""], ""raw"": ""2,3, 4""}]",,三AB、四AB、碩班合開,https://course.nuk.edu.tw/QueryCourse/tcontent.asp?OpenYear=110&Helf=2&Sclass=EE&Cono=F836,2026-08-26T18:26:40+00:00
110-2-EE-F836-A-4-B,110,2,工學院,EE,電機工程學系,F836,A,大學部,4,B,仿生計算,3,選,30,16,,14,賴智錦,C01-414,,,"2,3, 4",,,,,"[{""day"": 3, ""dayName"": ""星期三"", ""periods"": [""2"", ""3"", ""4""], ""raw"": ""2,3, 4""}]",,三AB、四AB、碩班合開,https://course.nuk.edu.tw/QueryCourse/tcontent.asp?OpenYear=110&Helf=2&Sclass=EE&Cono=F836,2026-08-26T18:26:40+00:00
110-2-EE-F873-A-4-A,110,2,工學院,EE,電機工程學系,F873,A,大學部,4,A,密碼學與實驗,3,選,30,8,,22,徐忠枝,C01-201,,,"7,8, 9",,,,,"[{""day"": 3, ""dayName"": ""星期三"", ""periods"": [""7"", ""8"", ""9""], ""raw"": ""7,8, 9""}]",,四AB、碩班合開；請安排C01-201實驗室,https://course.nuk.edu.tw/QueryCourse/tcontent.asp?OpenYear=110&Helf=2&Sclass=EE&Cono=F873,2026-08-26T18:26:40+00:00
110-2-EE-F873-A-4-B,110,2,工學院,EE,電機工程學系,F873,A,大學部,4,B,密碼學與實驗,3,選,30,8,,22,徐忠枝,C01-201,,,"7,8, 9",,,,,"[{""day"": 3, ""dayName"": ""星期三"", ""periods"": [""7"", ""8"", ""9""], ""raw"": ""7,8, 9""}]",,四AB、碩班合開；請安排C01-201實驗室,https://course.nuk.edu.tw/QueryCourse/tcontent.asp?OpenYear=110&Helf=2&Sclass=EE&Cono=F873,2026-08-26T18:26:40+00:00
110-2-EE-G563-A-4-A,110,2,工學院,EE,電機工程學系,G563,A,大學部,4,A,類神經網路導論,3,選,40,27,,13,李錫智,C01-B101,,,"7,8, 9",,,,,"[{""day"": 3, ""dayName"": ""星期三"", ""periods"": [""7"", ""8"", ""9""], ""raw"": ""7,8, 9""}]",,四AB、碩班合開,https://course.nuk.edu.tw/QueryCourse/tcontent.asp?OpenYear=110&Helf=2&Sclass=EE&Cono=G563,2026-08-26T18:26:40+00:00
110-2-EE-G563-A-4-B,110,2,工學院,EE,電機工程學系,G563,A,大學部,4,B,類神經網路導論,3,選,40,27,,13,李錫智,C01-B101,,,"7,8, 9",,,,,"[{""day"": 3, ""dayName"": ""星期三"", ""periods"": [""7"", ""8"", ""9""], ""raw"": ""7,8, 9""}]",,四AB、碩班合開,https://course.nuk.edu.tw/QueryCourse/tcontent.asp?OpenYear=110&Helf=2&Sclass=EE&Cono=G563,2026-08-26T18:26:40+00:00
110-2-EE-G695-A-4-A,110,2,工學院,EE,電機工程學系,G695,A,大學部,4,A,機器人影像控制技術,3,選,33,20,,13,吳志宏,C01-414,,,,,"6,7, 8",,,"[{""day"": 5, ""dayName"": ""星期五"", ""periods"": [""6"", ""7"", ""8""], ""raw"": ""6,7, 8""}]",先修 外加,三AB、四AB、碩班合開；本課程配合教育部計畫，需進行專題實作與競賽。需曾修讀EEB512 計算機程式或EEF733 資料探勘導論及格,https://course.nuk.edu.tw/QueryCourse/tcontent.asp?OpenYear=110&Helf=2&Sclass=EE&Cono=G695,2026-08-26T18:26:40+00:00
110-2-EE-G695-A-4-B,110,2,工學院,EE,電機工程學系,G695,A,大學部,4,B,機器人影像控制技術,3,選,33,20,,13,吳志宏,C01-414,,,,,"6,7, 8",,,"[{""day"": 5, ""dayName"": ""星期五"", ""periods"": [""6"", ""7"", ""8""], ""raw"": ""6,7, 8""}]",先修 外加,三AB、四AB、碩班合開；本課程配合教育部計畫，需進行專題實作與競賽。需曾修讀EEB512 計算機程式或EEF733 資料探勘導論及格,https://course.nuk.edu.tw/QueryCourse/tcontent.asp?OpenYear=110&Helf=2&Sclass=EE&Cono=G695,2026-08-26T18:26:40+00:00
110-2-EE-G70A-A-4-A,110,2,工學院,EE,電機工程學系,G70A,A,大學部,4,A,智慧生活空間資訊截取與運用效能化設計(Ⅰ),3,選,77,50,,27,梁明正,B01-104,,"5,6, 7",,,,,,"[{""day"": 2, ""dayName"": ""星期二"", ""periods"": [""5"", ""6"", ""7""], ""raw"": ""5,6, 7""}]",學程,三AB、四AB、碩班合開；智慧生活整合創新學程,https://course.nuk.edu.tw/QueryCourse/tcontent.asp?OpenYear=110&Helf=2&Sclass=EE&Cono=G70A,2026-08-26T18:26:40+00:00
110-2-EE-G70A-A-4-B,110,2,工學院,EE,電機工程學系,G70A,A,大學部,4,B,智慧生活空間資訊截取與運用效能化設計(Ⅰ),3,選,77,50,,27,梁明正,B01-104,,"5,6, 7",,,,,,"[{""day"": 2, ""dayName"": ""星期二"", ""periods"": [""5"", ""6"", ""7""], ""raw"": ""5,6, 7""}]",學程,三AB、四AB、碩班合開；智慧生活整合創新學程,https://course.nuk.edu.tw/QueryCourse/tcontent.asp?OpenYear=110&Helf=2&Sclass=EE&Cono=G70A,2026-08-26T18:26:40+00:00
110-2-EE-K001-D-1-,110,2,工學院,EE,電機工程學系,K001,D,博士班,1,,專題討論,0,必,70,62,,8,李耀仁,C01-114,,,"5,6",,,,,"[{""day"": 3, ""dayName"": ""星期三"", ""periods"": [""5"", ""6""], ""raw"": ""5,6""}]",,,https://course.nuk.edu.tw/QueryCourse/tcontent.asp?OpenYear=110&Helf=2&Sclass=EE&Cono=K001,2026-08-26T18:26:40+00:00
110-2-EE-K544-D-1-,110,2,工學院,EE,電機工程學系,K544,D,博士班,1,,高等半導體元件物理,3,選,40,7,,33,藍文厚,C01-414,,"2,3, 4",,,,,,"[{""day"": 2, ""dayName"": ""星期二"", ""periods"": [""2"", ""3"", ""4""], ""raw"": ""2,3, 4""}]",,碩班、博班合開,https://course.nuk.edu.tw/QueryCourse/tcontent.asp?OpenYear=110&Helf=2&Sclass=EE&Cono=K544,2026-08-26T18:26:40+00:00
110-2-EE-K57B-D-1-,110,2,工學院,EE,電機工程學系,K57B,D,博士班,1,,應用量子力學(二),3,選,60,8,,52,施明昌,C01-414,,,,"7,8, 9",,,,"[{""day"": 4, ""dayName"": ""星期四"", ""periods"": [""7"", ""8"", ""9""], ""raw"": ""7,8, 9""}]",,碩博合開,https://course.nuk.edu.tw/QueryCourse/tcontent.asp?OpenYear=110&Helf=2&Sclass=EE&Cono=K57B,2026-08-26T18:26:40+00:00
110-2-EE-K61B-D-1-,110,2,工學院,EE,電機工程學系,K61B,D,博士班,1,,機器學習專論(二),3,選,3,2,,1,吳志宏,C01-406-1,"10,11, 12",,,,,,,"[{""day"": 1, ""dayName"": ""星期一"", ""periods"": [""10"", ""11"", ""12""], ""raw"": ""10,11, 12""}]",先修,限博士班，使用C01-406-1實驗室。需先修機器學習專論(一),https://course.nuk.edu.tw/QueryCourse/tcontent.asp?OpenYear=110&Helf=2&Sclass=EE&Cono=K61B,2026-08-26T18:26:40+00:00
110-2-EE-K633-D-1-,110,2,工學院,EE,電機工程學系,K633,D,博士班,1,,生醫分子影像分析,3,選,5,1,,4,林宏殷 陳春僥,,,,,,"Y,5, 6",,,"[{""day"": 5, ""dayName"": ""星期五"", ""periods"": [""Y"", ""5"", ""6""], ""raw"": ""Y,5, 6""}]",,博班課程，請安排CO1-308-1/C01-110-1,https://course.nuk.edu.tw/QueryCourse/tcontent.asp?OpenYear=110&Helf=2&Sclass=EE&Cono=K633,2026-08-26T18:26:40+00:00
110-2-EE-K634-D-1-,110,2,工學院,EE,電機工程學系,K634,D,博士班,1,,生物晶片技術,3,選,5,1,,4,林宏殷 陳春僥,,,,,,"7,8, 9",,,"[{""day"": 5, ""dayName"": ""星期五"", ""periods"": [""7"", ""8"", ""9""], ""raw"": ""7,8, 9""}]",,博班課程，請安排CO1-308-1/C01-110-1,https://course.nuk.edu.tw/QueryCourse/tcontent.asp?OpenYear=110&Helf=2&Sclass=EE&Cono=K634,2026-08-26T18:26:40+00:00
110-2-EE-K001-D-2-,110,2,工學院,EE,電機工程學系,K001,D,博士班,2,,專題討論,0,必,70,62,,8,李耀仁,C01-114,,,"5,6",,,,,"[{""day"": 3, ""dayName"": ""星期三"", ""periods"": [""5"", ""6""], ""raw"": ""5,6""}]",,,https://course.nuk.edu.tw/QueryCourse/tcontent.asp?OpenYear=110&Helf=2&Sclass=EE&Cono=K001,2026-08-26T18:26:40+00:00
110-2-EE-K544-D-2-,110,2,工學院,EE,電機工程學系,K544,D,博士班,2,,高等半導體元件物理,3,選,40,7,,33,藍文厚,C01-414,,"2,3, 4",,,,,,"[{""day"": 2, ""dayName"": ""星期二"", ""periods"": [""2"", ""3"", ""4""], ""raw"": ""2,3, 4""}]",,碩班、博班合開,https://course.nuk.edu.tw/QueryCourse/tcontent.asp?OpenYear=110&Helf=2&Sclass=EE&Cono=K544,2026-08-26T18:26:40+00:00
110-2-EE-K57B-D-2-,110,2,工學院,EE,電機工程學系,K57B,D,博士班,2,,應用量子力學(二),3,選,60,8,,52,施明昌,C01-414,,,,"7,8, 9",,,,"[{""day"": 4, ""dayName"": ""星期四"", ""periods"": [""7"", ""8"", ""9""], ""raw"": ""7,8, 9""}]",,碩博合開,https://course.nuk.edu.tw/QueryCourse/tcontent.asp?OpenYear=110&Helf=2&Sclass=EE&Cono=K57B,2026-08-26T18:26:40+00:00
110-2-EE-K61B-D-2-,110,2,工學院,EE,電機工程學系,K61B,D,博士班,2,,機器學習專論(二),3,選,3,2,,1,吳志宏,C01-406-1,"10,11, 12",,,,,,,"[{""day"": 1, ""dayName"": ""星期一"", ""periods"": [""10"", ""11"", ""12""], ""raw"": ""10,11, 12""}]",先修,限博士班，使用C01-406-1實驗室。需先修機器學習專論(一),https://course.nuk.edu.tw/QueryCourse/tcontent.asp?OpenYear=110&Helf=2&Sclass=EE&Cono=K61B,2026-08-26T18:26:40+00:00
110-2-EE-I033-J-1-,110,2,工學院,EE,電機工程學系,I033,J,產業碩士專班秋季班,1,,國際商務英語(2),2,必,30,16,,14,黃蘭棻,C01-B101,,,"10,11",,,,,"[{""day"": 3, ""dayName"": ""星期三"", ""periods"": [""10"", ""11""], ""raw"": ""10,11""}]",,限電機產碩班修課,https://course.nuk.edu.tw/QueryCourse/tcontent.asp?OpenYear=110&Helf=2&Sclass=EE&Cono=I033,2026-08-26T18:26:40+00:00
110-2-EE-I064-J-1-,110,2,工學院,EE,電機工程學系,I064,J,產業碩士專班秋季班,1,,巨量資料分析,3,必,30,19,,11,吳東穎,C01-104,,,,"10,11, 12",,,,"[{""day"": 4, ""dayName"": ""星期四"", ""periods"": [""10"", ""11"", ""12""], ""raw"": ""10,11, 12""}]",,請安排工104電腦教室,https://course.nuk.edu.tw/QueryCourse/tcontent.asp?OpenYear=110&Helf=2&Sclass=EE&Cono=I064,2026-08-26T18:26:40+00:00
110-2-EE-I574-J-1-,110,2,工學院,EE,電機工程學系,I574,J,產業碩士專班秋季班,1,,統計分析與應用,3,選,30,4,,26,許湘伶,C01-104,"10,11, 12",,,,,,,"[{""day"": 1, ""dayName"": ""星期一"", ""periods"": [""10"", ""11"", ""12""], ""raw"": ""10,11, 12""}]",,限電機系修課；使用電腦教室,https://course.nuk.edu.tw/QueryCourse/tcontent.asp?OpenYear=110&Helf=2&Sclass=EE&Cono=I574,2026-08-26T18:26:40+00:00
110-2-EE-I622-J-1-,110,2,工學院,EE,電機工程學系,I622,J,產業碩士專班秋季班,1,,網路與資訊安全,3,選,30,13,,17,吳嘉龍,C01-B102-1,,"2,3, 4",,,,,,"[{""day"": 2, ""dayName"": ""星期二"", ""periods"": [""2"", ""3"", ""4""], ""raw"": ""2,3, 4""}]",,限電機系產碩班修課,https://course.nuk.edu.tw/QueryCourse/tcontent.asp?OpenYear=110&Helf=2&Sclass=EE&Cono=I622,2026-08-26T18:26:40+00:00
110-2-EE-I001-J-2-,110,2,工學院,EE,電機工程學系,I001,J,產業碩士專班秋季班,2,,論文研究報告,1,必,30,18,,12,施明昌,C01-414,,,"5,6",,,,,"[{""day"": 3, ""dayName"": ""星期三"", ""periods"": [""5"", ""6""], ""raw"": ""5,6""}]",,限電機產碩班修課,https://course.nuk.edu.tw/QueryCourse/tcontent.asp?OpenYear=110&Helf=2&Sclass=EE&Cono=I001,2026-08-26T18:26:40+00:00
110-2-EE-I061-J-2-,110,2,工學院,EE,電機工程學系,I061,J,產業碩士專班秋季班,2,,電子構裝技術,3,必,30,20,,10,楊秉豐,C01-B102-1,,"6,7, 8",,,,,,"[{""day"": 2, ""dayName"": ""星期二"", ""periods"": [""6"", ""7"", ""8""], ""raw"": ""6,7, 8""}]",,限電機系產碩班修課,https://course.nuk.edu.tw/QueryCourse/tcontent.asp?OpenYear=110&Helf=2&Sclass=EE&Cono=I061,2026-08-26T18:26:40+00:00
110-2-EE-I561-J-2-,110,2,工學院,EE,電機工程學系,I561,J,產業碩士專班秋季班,2,,機械與自動化控制,3,選,30,10,,20,謝宏榮,C01-104,,,,,"10,11, 12",,,"[{""day"": 5, ""dayName"": ""星期五"", ""periods"": [""10"", ""11"", ""12""], ""raw"": ""10,11, 12""}]",,限電機系修課；使用C01-104電腦教室,https://course.nuk.edu.tw/QueryCourse/tcontent.asp?OpenYear=110&Helf=2&Sclass=EE&Cono=I561,2026-08-26T18:26:40+00:00
110-2-EE-F502-M-1-,110,2,工學院,EE,電機工程學系,F502,M,碩士班,1,,真空技術,3,選,30,23,,7,馮瑞陽,C01-B101,,,,"2,3, 4",,,,"[{""day"": 4, ""dayName"": ""星期四"", ""periods"": [""2"", ""3"", ""4""], ""raw"": ""2,3, 4""}]",學程,三AB、四AB、碩班合開,https://course.nuk.edu.tw/QueryCourse/tcontent.asp?OpenYear=110&Helf=2&Sclass=EE&Cono=F502,2026-08-26T18:26:40+00:00
110-2-EE-F505-M-1-,110,2,工學院,EE,電機工程學系,F505,M,碩士班,1,,科技英文,3,選,37,14,,23,郭馨徽,C01-B101-1,,"5,6, 7",,,,,,"[{""day"": 2, ""dayName"": ""星期二"", ""periods"": [""5"", ""6"", ""7""], ""raw"": ""5,6, 7""}]",,請安排 C01-B101-1,https://course.nuk.edu.tw/QueryCourse/tcontent.asp?OpenYear=110&Helf=2&Sclass=EE&Cono=F505,2026-08-26T18:26:40+00:00
110-2-EE-F507-M-1-,110,2,工學院,EE,電機工程學系,F507,M,碩士班,1,,電力系統分析,3,選,40,12,,28,寧家慶,C01-B101,"10,11, 12",,,,,,,"[{""day"": 1, ""dayName"": ""星期一"", ""periods"": [""10"", ""11"", ""12""], ""raw"": ""10,11, 12""}]",,三AB合開,https://course.nuk.edu.tw/QueryCourse/tcontent.asp?OpenYear=110&Helf=2&Sclass=EE&Cono=F507,2026-08-26T18:26:40+00:00
110-2-EE-F513-M-1-,110,2,工學院,EE,電機工程學系,F513,M,碩士班,1,,智能金屬製造實務研討,3,選,24,11,,13,郭馨徽 吳志宏 賴智錦,C01-414,,,,,"2,3, 4",,,"[{""day"": 5, ""dayName"": ""星期五"", ""periods"": [""2"", ""3"", ""4""], ""raw"": ""2,3, 4""}]",,智能金屬製造實務研討,https://course.nuk.edu.tw/QueryCourse/tcontent.asp?OpenYear=110&Helf=2&Sclass=EE&Cono=F513,2026-08-26T18:26:40+00:00
110-2-EE-F522-M-1-,110,2,工學院,EE,電機工程學系,F522,M,碩士班,1,,高速數位系統設計實務,3,選,70,49,,21,王陳肇,C01-B104,,,,"10,11, 12",,,,"[{""day"": 4, ""dayName"": ""星期四"", ""periods"": [""10"", ""11"", ""12""], ""raw"": ""10,11, 12""}]",,四AB、碩班合開,https://course.nuk.edu.tw/QueryCourse/tcontent.asp?OpenYear=110&Helf=2&Sclass=EE&Cono=F522,2026-08-26T18:26:40+00:00
110-2-EE-F524-M-1-,110,2,工學院,EE,電機工程學系,F524,M,碩士班,1,,數位訊號處理、系統設計與模擬,3,選,34,27,,7,徐忠枝,C01-201,,,,"6,7, 8",,,,"[{""day"": 4, ""dayName"": ""星期四"", ""periods"": [""6"", ""7"", ""8""], ""raw"": ""6,7, 8""}]",先修,三AB、四AB、碩班合開；請安排C01-201實驗室,https://course.nuk.edu.tw/QueryCourse/tcontent.asp?OpenYear=110&Helf=2&Sclass=EE&Cono=F524,2026-08-26T18:26:40+00:00
110-2-EE-F565-M-1-,110,2,工學院,EE,電機工程學系,F565,M,碩士班,1,,先進半導體工程(一),3,選,50,33,,17,李耀仁,C01-202,"2,3, 4",,,,,,,"[{""day"": 1, ""dayName"": ""星期一"", ""periods"": [""2"", ""3"", ""4""], ""raw"": ""2,3, 4""}]",,三、四、碩班合開,https://course.nuk.edu.tw/QueryCourse/tcontent.asp?OpenYear=110&Helf=2&Sclass=EE&Cono=F565,2026-08-26T18:26:40+00:00
110-2-EE-F573-M-1-,110,2,工學院,EE,電機工程學系,F573,M,碩士班,1,,薄膜元件技術,3,選,50,50,,0,藍文厚,C01-B101,,"6,7, 8",,,,,,"[{""day"": 2, ""dayName"": ""星期二"", ""periods"": [""6"", ""7"", ""8""], ""raw"": ""6,7, 8""}]",外加,三AB、四AB、碩班合開,https://course.nuk.edu.tw/QueryCourse/tcontent.asp?OpenYear=110&Helf=2&Sclass=EE&Cono=F573,2026-08-26T18:26:40+00:00
110-2-EE-F595-M-1-,110,2,工學院,EE,電機工程學系,F595,M,碩士班,1,,微波濾波器設計,3,選,60,30,,30,鄧卜華,C01-B101,,,,"6,7, 8",,,,"[{""day"": 4, ""dayName"": ""星期四"", ""periods"": [""6"", ""7"", ""8""], ""raw"": ""6,7, 8""}]",,四AB、碩班合開,https://course.nuk.edu.tw/QueryCourse/tcontent.asp?OpenYear=110&Helf=2&Sclass=EE&Cono=F595,2026-08-26T18:26:40+00:00
110-2-EE-F597-M-1-,110,2,工學院,EE,電機工程學系,F597,M,碩士班,1,,微波無線系統導論,3,選,40,25,,15,一心,C01-B107-1 其他教室,,,"2,3, 4",,,,,"[{""day"": 3, ""dayName"": ""星期三"", ""periods"": [""2"", ""3"", ""4""], ""raw"": ""2,3, 4""}]",,三AB、四AB、碩班合開，請安排C01-104電腦教室與一般教室,https://course.nuk.edu.tw/QueryCourse/tcontent.asp?OpenYear=110&Helf=2&Sclass=EE&Cono=F597,2026-08-26T18:26:40+00:00
110-2-EE-F603-M-1-,110,2,工學院,EE,電機工程學系,F603,M,碩士班,1,,電機機械,3,選,50,8,,42,劉又齊,C01-202,,,,,"2,3, 4",,,"[{""day"": 5, ""dayName"": ""星期五"", ""periods"": [""2"", ""3"", ""4""], ""raw"": ""2,3, 4""}]",,四AB、碩班合開,https://course.nuk.edu.tw/QueryCourse/tcontent.asp?OpenYear=110&Helf=2&Sclass=EE&Cono=F603,2026-08-26T18:26:40+00:00
110-2-EE-F613-M-1-,110,2,工學院,EE,電機工程學系,F613,M,碩士班,1,,高等元件分析,3,選,60,10,,50,江德光,C01-B101,,,"2,3, 4",,,,,"[{""day"": 3, ""dayName"": ""星期三"", ""periods"": [""2"", ""3"", ""4""], ""raw"": ""2,3, 4""}]",,四AB、碩班合開(全英授課),https://course.nuk.edu.tw/QueryCourse/tcontent.asp?OpenYear=110&Helf=2&Sclass=EE&Cono=F613,2026-08-26T18:26:40+00:00
110-2-EE-F655-M-1-,110,2,工學院,EE,電機工程學系,F655,M,碩士班,1,,光電子學(二),3,選,40,6,,34,馮瑞陽,C01-202,,,,,"6,7, 8",,,"[{""day"": 5, ""dayName"": ""星期五"", ""periods"": [""6"", ""7"", ""8""], ""raw"": ""6,7, 8""}]",,三AB、四AB、碩班合開,https://course.nuk.edu.tw/QueryCourse/tcontent.asp?OpenYear=110&Helf=2&Sclass=EE&Cono=F655,2026-08-26T18:26:40+00:00
110-2-EE-F682-M-1-,110,2,工學院,EE,電機工程學系,F682,M,碩士班,1,,固態元件導論(一),3,選,50,21,,29,李耀仁,C01-202,,,"7,8, 9",,,,,"[{""day"": 3, ""dayName"": ""星期三"", ""periods"": [""7"", ""8"", ""9""], ""raw"": ""7,8, 9""}]",,三、四、碩班合開,https://course.nuk.edu.tw/QueryCourse/tcontent.asp?OpenYear=110&Helf=2&Sclass=EE&Cono=F682,2026-08-26T18:26:40+00:00
110-2-EE-F714-M-1-,110,2,工學院,EE,電機工程學系,F714,M,碩士班,1,,多媒體系統,3,選,40,10,,30,黃祥哲,C01-B101,"5,6, 7",,,,,,,"[{""day"": 1, ""dayName"": ""星期一"", ""periods"": [""5"", ""6"", ""7""], ""raw"": ""5,6, 7""}]",,三AB、四AB、碩班合開,https://course.nuk.edu.tw/QueryCourse/tcontent.asp?OpenYear=110&Helf=2&Sclass=EE&Cono=F714,2026-08-26T18:26:40+00:00
110-2-EE-F771-M-1-,110,2,工學院,EE,電機工程學系,F771,M,碩士班,1,,隨機過程,3,選,40,16,,24,黃祥哲,C01-B101,,"2,3, 4",,,,,,"[{""day"": 2, ""dayName"": ""星期二"", ""periods"": [""2"", ""3"", ""4""], ""raw"": ""2,3, 4""}]",,三AB、四AB、碩班合開,https://course.nuk.edu.tw/QueryCourse/tcontent.asp?OpenYear=110&Helf=2&Sclass=EE&Cono=F771,2026-08-26T18:26:40+00:00
110-2-EE-F793-M-1-,110,2,工學院,EE,電機工程學系,F793,M,碩士班,1,,微波被動電路設計與分析,3,選,68,47,,21,鄧卜華,C01-104,,,,,"2,3, 4",,,"[{""day"": 5, ""dayName"": ""星期五"", ""periods"": [""2"", ""3"", ""4""], ""raw"": ""2,3, 4""}]",,三AB、四AB、碩班合開；請安排C01-104電腦教室,https://course.nuk.edu.tw/QueryCourse/tcontent.asp?OpenYear=110&Helf=2&Sclass=EE&Cono=F793,2026-08-26T18:26:40+00:00
110-2-EE-F796-M-1-,110,2,工學院,EE,電機工程學系,F796,M,碩士班,1,,微波電路概論與量測基礎實務,3,選,35,20,,15,吳松茂,C01-107,,,,"2,3, 4",,,,"[{""day"": 4, ""dayName"": ""星期四"", ""periods"": [""2"", ""3"", ""4""], ""raw"": ""2,3, 4""}]",,三AB、四AB、碩班合開,https://course.nuk.edu.tw/QueryCourse/tcontent.asp?OpenYear=110&Helf=2&Sclass=EE&Cono=F796,2026-08-26T18:26:40+00:00
110-2-EE-F834-M-1-,110,2,工學院,EE,電機工程學系,F834,M,碩士班,1,,RFID 系統,3,選,61,57,,4,梁明正,C01-202,"5,6, 7",,,,,,,"[{""day"": 1, ""dayName"": ""星期一"", ""periods"": [""5"", ""6"", ""7""], ""raw"": ""5,6, 7""}]",外加,四AB、碩班合開,https://course.nuk.edu.tw/QueryCourse/tcontent.asp?OpenYear=110&Helf=2&Sclass=EE&Cono=F834,2026-08-26T18:26:40+00:00
110-2-EE-F836-M-1-,110,2,工學院,EE,電機工程學系,F836,M,碩士班,1,,仿生計算,3,選,30,16,,14,賴智錦,C01-414,,,"2,3, 4",,,,,"[{""day"": 3, ""dayName"": ""星期三"", ""periods"": [""2"", ""3"", ""4""], ""raw"": ""2,3, 4""}]",,三AB、四AB、碩班合開,https://course.nuk.edu.tw/QueryCourse/tcontent.asp?OpenYear=110&Helf=2&Sclass=EE&Cono=F836,2026-08-26T18:26:40+00:00
110-2-EE-F873-M-1-,110,2,工學院,EE,電機工程學系,F873,M,碩士班,1,,密碼學與實驗,3,選,30,8,,22,徐忠枝,C01-201,,,"7,8, 9",,,,,"[{""day"": 3, ""dayName"": ""星期三"", ""periods"": [""7"", ""8"", ""9""], ""raw"": ""7,8, 9""}]",,四AB、碩班合開；請安排C01-201實驗室,https://course.nuk.edu.tw/QueryCourse/tcontent.asp?OpenYear=110&Helf=2&Sclass=EE&Cono=F873,2026-08-26T18:26:40+00:00
110-2-EE-G563-M-1-,110,2,工學院,EE,電機工程學系,G563,M,碩士班,1,,類神經網路導論,3,選,40,27,,13,李錫智,C01-B101,,,"7,8, 9",,,,,"[{""day"": 3, ""dayName"": ""星期三"", ""periods"": [""7"", ""8"", ""9""], ""raw"": ""7,8, 9""}]",,四AB、碩班合開,https://course.nuk.edu.tw/QueryCourse/tcontent.asp?OpenYear=110&Helf=2&Sclass=EE&Cono=G563,2026-08-26T18:26:40+00:00
110-2-EE-G695-M-1-,110,2,工學院,EE,電機工程學系,G695,M,碩士班,1,,機器人影像控制技術,3,選,33,20,,13,吳志宏,C01-414,,,,,"6,7, 8",,,"[{""day"": 5, ""dayName"": ""星期五"", ""periods"": [""6"", ""7"", ""8""], ""raw"": ""6,7, 8""}]",先修 外加,三AB、四AB、碩班合開；本課程配合教育部計畫，需進行專題實作與競賽。需曾修讀EEB512 計算機程式或EEF733 資料探勘導論及格,https://course.nuk.edu.tw/QueryCourse/tcontent.asp?OpenYear=110&Helf=2&Sclass=EE&Cono=G695,2026-08-26T18:26:40+00:00
110-2-EE-G70A-M-1-,110,2,工學院,EE,電機工程學系,G70A,M,碩士班,1,,智慧生活空間資訊截取與運用效能化設計(Ⅰ),3,選,77,50,,27,梁明正,B01-104,,"5,6, 7",,,,,,"[{""day"": 2, ""dayName"": ""星期二"", ""periods"": [""5"", ""6"", ""7""], ""raw"": ""5,6, 7""}]",學程,三AB、四AB、碩班合開；智慧生活整合創新學程,https://course.nuk.edu.tw/QueryCourse/tcontent.asp?OpenYear=110&Helf=2&Sclass=EE&Cono=G70A,2026-08-26T18:26:40+00:00
110-2-EE-K001-M-1-,110,2,工學院,EE,電機工程學系,K001,M,碩士班,1,,專題討論,0,必,70,62,,8,李耀仁,C01-114,,,"5,6",,,,,"[{""day"": 3, ""dayName"": ""星期三"", ""periods"": [""5"", ""6""], ""raw"": ""5,6""}]",,上課地點依每週課程公告為主,https://course.nuk.edu.tw/QueryCourse/tcontent.asp?OpenYear=110&Helf=2&Sclass=EE&Cono=K001,2026-08-26T18:26:40+00:00
110-2-EE-K544-M-1-,110,2,工學院,EE,電機工程學系,K544,M,碩士班,1,,高等半導體元件物理,3,選,40,7,,33,藍文厚,C01-414,,"2,3, 4",,,,,,"[{""day"": 2, ""dayName"": ""星期二"", ""periods"": [""2"", ""3"", ""4""], ""raw"": ""2,3, 4""}]",,碩班、博班合開,https://course.nuk.edu.tw/QueryCourse/tcontent.asp?OpenYear=110&Helf=2&Sclass=EE&Cono=K544,2026-08-26T18:26:40+00:00
110-2-EE-K57B-M-1-,110,2,工學院,EE,電機工程學系,K57B,M,碩士班,1,,應用量子力學(二),3,選,60,8,,52,施明昌,C01-414,,,,"7,8, 9",,,,"[{""day"": 4, ""dayName"": ""星期四"", ""periods"": [""7"", ""8"", ""9""], ""raw"": ""7,8, 9""}]",,碩博合開,https://course.nuk.edu.tw/QueryCourse/tcontent.asp?OpenYear=110&Helf=2&Sclass=EE&Cono=K57B,2026-08-26T18:26:40+00:00
110-2-EE-F502-M-2-,110,2,工學院,EE,電機工程學系,F502,M,碩士班,2,,真空技術,3,選,30,23,,7,馮瑞陽,C01-B101,,,,"2,3, 4",,,,"[{""day"": 4, ""dayName"": ""星期四"", ""periods"": [""2"", ""3"", ""4""], ""raw"": ""2,3, 4""}]",學程,三AB、四AB、碩班合開,https://course.nuk.edu.tw/QueryCourse/tcontent.asp?OpenYear=110&Helf=2&Sclass=EE&Cono=F502,2026-08-26T18:26:40+00:00
110-2-EE-F505-M-2-,110,2,工學院,EE,電機工程學系,F505,M,碩士班,2,,科技英文,3,選,37,14,,23,郭馨徽,C01-B101-1,,"5,6, 7",,,,,,"[{""day"": 2, ""dayName"": ""星期二"", ""periods"": [""5"", ""6"", ""7""], ""raw"": ""5,6, 7""}]",,請安排 C01-B101-1,https://course.nuk.edu.tw/QueryCourse/tcontent.asp?OpenYear=110&Helf=2&Sclass=EE&Cono=F505,2026-08-26T18:26:40+00:00
110-2-EE-F507-M-2-,110,2,工學院,EE,電機工程學系,F507,M,碩士班,2,,電力系統分析,3,選,40,12,,28,寧家慶,C01-B101,"10,11, 12",,,,,,,"[{""day"": 1, ""dayName"": ""星期一"", ""periods"": [""10"", ""11"", ""12""], ""raw"": ""10,11, 12""}]",,三AB合開,https://course.nuk.edu.tw/QueryCourse/tcontent.asp?OpenYear=110&Helf=2&Sclass=EE&Cono=F507,2026-08-26T18:26:40+00:00
110-2-EE-F513-M-2-,110,2,工學院,EE,電機工程學系,F513,M,碩士班,2,,智能金屬製造實務研討,3,選,24,11,,13,郭馨徽 吳志宏 賴智錦,C01-414,,,,,"2,3, 4",,,"[{""day"": 5, ""dayName"": ""星期五"", ""periods"": [""2"", ""3"", ""4""], ""raw"": ""2,3, 4""}]",,智能金屬製造實務研討,https://course.nuk.edu.tw/QueryCourse/tcontent.asp?OpenYear=110&Helf=2&Sclass=EE&Cono=F513,2026-08-26T18:26:40+00:00
110-2-EE-F522-M-2-,110,2,工學院,EE,電機工程學系,F522,M,碩士班,2,,高速數位系統設計實務,3,選,70,49,,21,王陳肇,C01-B104,,,,"10,11, 12",,,,"[{""day"": 4, ""dayName"": ""星期四"", ""periods"": [""10"", ""11"", ""12""], ""raw"": ""10,11, 12""}]",,四AB、碩班合開,https://course.nuk.edu.tw/QueryCourse/tcontent.asp?OpenYear=110&Helf=2&Sclass=EE&Cono=F522,2026-08-26T18:26:40+00:00
110-2-EE-F524-M-2-,110,2,工學院,EE,電機工程學系,F524,M,碩士班,2,,數位訊號處理、系統設計與模擬,3,選,34,27,,7,徐忠枝,C01-201,,,,"6,7, 8",,,,"[{""day"": 4, ""dayName"": ""星期四"", ""periods"": [""6"", ""7"", ""8""], ""raw"": ""6,7, 8""}]",先修,三AB、四AB、碩班合開；請安排C01-201實驗室,https://course.nuk.edu.tw/QueryCourse/tcontent.asp?OpenYear=110&Helf=2&Sclass=EE&Cono=F524,2026-08-26T18:26:40+00:00
110-2-EE-F565-M-2-,110,2,工學院,EE,電機工程學系,F565,M,碩士班,2,,先進半導體工程(一),3,選,50,33,,17,李耀仁,C01-202,"2,3, 4",,,,,,,"[{""day"": 1, ""dayName"": ""星期一"", ""periods"": [""2"", ""3"", ""4""], ""raw"": ""2,3, 4""}]",,三、四、碩班合開,https://course.nuk.edu.tw/QueryCourse/tcontent.asp?OpenYear=110&Helf=2&Sclass=EE&Cono=F565,2026-08-26T18:26:40+00:00
110-2-EE-F573-M-2-,110,2,工學院,EE,電機工程學系,F573,M,碩士班,2,,薄膜元件技術,3,選,50,50,,0,藍文厚,C01-B101,,"6,7, 8",,,,,,"[{""day"": 2, ""dayName"": ""星期二"", ""periods"": [""6"", ""7"", ""8""], ""raw"": ""6,7, 8""}]",外加,三AB、四AB、碩班合開,https://course.nuk.edu.tw/QueryCourse/tcontent.asp?OpenYear=110&Helf=2&Sclass=EE&Cono=F573,2026-08-26T18:26:40+00:00
110-2-EE-F595-M-2-,110,2,工學院,EE,電機工程學系,F595,M,碩士班,2,,微波濾波器設計,3,選,60,30,,30,鄧卜華,C01-B101,,,,"6,7, 8",,,,"[{""day"": 4, ""dayName"": ""星期四"", ""periods"": [""6"", ""7"", ""8""], ""raw"": ""6,7, 8""}]",,四AB、碩班合開,https://course.nuk.edu.tw/QueryCourse/tcontent.asp?OpenYear=110&Helf=2&Sclass=EE&Cono=F595,2026-08-26T18:26:40+00:00
110-2-EE-F597-M-2-,110,2,工學院,EE,電機工程學系,F597,M,碩士班,2,,微波無線系統導論,3,選,40,25,,15,一心,C01-B107-1 其他教室,,,"2,3, 4",,,,,"[{""day"": 3, ""dayName"": ""星期三"", ""periods"": [""2"", ""3"", ""4""], ""raw"": ""2,3, 4""}]",,三AB、四AB、碩班合開，請安排C01-104電腦教室與一般教室,https://course.nuk.edu.tw/QueryCourse/tcontent.asp?OpenYear=110&Helf=2&Sclass=EE&Cono=F597,2026-08-26T18:26:40+00:00
110-2-EE-F603-M-2-,110,2,工學院,EE,電機工程學系,F603,M,碩士班,2,,電機機械,3,選,50,8,,42,劉又齊,C01-202,,,,,"2,3, 4",,,"[{""day"": 5, ""dayName"": ""星期五"", ""periods"": [""2"", ""3"", ""4""], ""raw"": ""2,3, 4""}]",,四AB、碩班合開,https://course.nuk.edu.tw/QueryCourse/tcontent.asp?OpenYear=110&Helf=2&Sclass=EE&Cono=F603,2026-08-26T18:26:40+00:00
110-2-EE-F613-M-2-,110,2,工學院,EE,電機工程學系,F613,M,碩士班,2,,高等元件分析,3,選,60,10,,50,江德光,C01-B101,,,"2,3, 4",,,,,"[{""day"": 3, ""dayName"": ""星期三"", ""periods"": [""2"", ""3"", ""4""], ""raw"": ""2,3, 4""}]",,四AB、碩班合開(全英授課),https://course.nuk.edu.tw/QueryCourse/tcontent.asp?OpenYear=110&Helf=2&Sclass=EE&Cono=F613,2026-08-26T18:26:40+00:00
110-2-EE-F655-M-2-,110,2,工學院,EE,電機工程學系,F655,M,碩士班,2,,光電子學(二),3,選,40,6,,34,馮瑞陽,C01-202,,,,,"6,7, 8",,,"[{""day"": 5, ""dayName"": ""星期五"", ""periods"": [""6"", ""7"", ""8""], ""raw"": ""6,7, 8""}]",,三AB、四AB、碩班合開,https://course.nuk.edu.tw/QueryCourse/tcontent.asp?OpenYear=110&Helf=2&Sclass=EE&Cono=F655,2026-08-26T18:26:40+00:00
110-2-EE-F682-M-2-,110,2,工學院,EE,電機工程學系,F682,M,碩士班,2,,固態元件導論(一),3,選,50,21,,29,李耀仁,C01-202,,,"7,8, 9",,,,,"[{""day"": 3, ""dayName"": ""星期三"", ""periods"": [""7"", ""8"", ""9""], ""raw"": ""7,8, 9""}]",,三、四、碩班合開,https://course.nuk.edu.tw/QueryCourse/tcontent.asp?OpenYear=110&Helf=2&Sclass=EE&Cono=F682,2026-08-26T18:26:40+00:00
110-2-EE-F714-M-2-,110,2,工學院,EE,電機工程學系,F714,M,碩士班,2,,多媒體系統,3,選,40,10,,30,黃祥哲,C01-B101,"5,6, 7",,,,,,,"[{""day"": 1, ""dayName"": ""星期一"", ""periods"": [""5"", ""6"", ""7""], ""raw"": ""5,6, 7""}]",,三AB、四AB、碩班合開,https://course.nuk.edu.tw/QueryCourse/tcontent.asp?OpenYear=110&Helf=2&Sclass=EE&Cono=F714,2026-08-26T18:26:40+00:00
110-2-EE-F771-M-2-,110,2,工學院,EE,電機工程學系,F771,M,碩士班,2,,隨機過程,3,選,40,16,,24,黃祥哲,C01-B101,,"2,3, 4",,,,,,"[{""day"": 2, ""dayName"": ""星期二"", ""periods"": [""2"", ""3"", ""4""], ""raw"": ""2,3, 4""}]",,三AB、四AB、碩班合開,https://course.nuk.edu.tw/QueryCourse/tcontent.asp?OpenYear=110&Helf=2&Sclass=EE&Cono=F771,2026-08-26T18:26:40+00:00
110-2-EE-F793-M-2-,110,2,工學院,EE,電機工程學系,F793,M,碩士班,2,,微波被動電路設計與分析,3,選,68,47,,21,鄧卜華,C01-104,,,,,"2,3, 4",,,"[{""day"": 5, ""dayName"": ""星期五"", ""periods"": [""2"", ""3"", ""4""], ""raw"": ""2,3, 4""}]",,三AB、四AB、碩班合開；請安排C01-104電腦教室,https://course.nuk.edu.tw/QueryCourse/tcontent.asp?OpenYear=110&Helf=2&Sclass=EE&Cono=F793,2026-08-26T18:26:40+00:00
110-2-EE-F796-M-2-,110,2,工學院,EE,電機工程學系,F796,M,碩士班,2,,微波電路概論與量測基礎實務,3,選,35,20,,15,吳松茂,C01-107,,,,"2,3, 4",,,,"[{""day"": 4, ""dayName"": ""星期四"", ""periods"": [""2"", ""3"", ""4""], ""raw"": ""2,3, 4""}]",,三AB、四AB、碩班合開,https://course.nuk.edu.tw/QueryCourse/tcontent.asp?OpenYear=110&Helf=2&Sclass=EE&Cono=F796,2026-08-26T18:26:40+00:00
110-2-EE-F834-M-2-,110,2,工學院,EE,電機工程學系,F834,M,碩士班,2,,RFID 系統,3,選,61,57,,4,梁明正,C01-202,"5,6, 7",,,,,,,"[{""day"": 1, ""dayName"": ""星期一"", ""periods"": [""5"", ""6"", ""7""], ""raw"": ""5,6, 7""}]",外加,4碩合開,https://course.nuk.edu.tw/QueryCourse/tcontent.asp?OpenYear=110&Helf=2&Sclass=EE&Cono=F834,2026-08-26T18:26:40+00:00
110-2-EE-F836-M-2-,110,2,工學院,EE,電機工程學系,F836,M,碩士班,2,,仿生計算,3,選,30,16,,14,賴智錦,C01-414,,,"2,3, 4",,,,,"[{""day"": 3, ""dayName"": ""星期三"", ""periods"": [""2"", ""3"", ""4""], ""raw"": ""2,3, 4""}]",,三AB、四AB、碩班合開,https://course.nuk.edu.tw/QueryCourse/tcontent.asp?OpenYear=110&Helf=2&Sclass=EE&Cono=F836,2026-08-26T18:26:40+00:00
110-2-EE-F873-M-2-,110,2,工學院,EE,電機工程學系,F873,M,碩士班,2,,密碼學與實驗,3,選,30,8,,22,徐忠枝,C01-201,,,"7,8, 9",,,,,"[{""day"": 3, ""dayName"": ""星期三"", ""periods"": [""7"", ""8"", ""9""], ""raw"": ""7,8, 9""}]",,四AB、碩班合開；請安排C01-201實驗室,https://course.nuk.edu.tw/QueryCourse/tcontent.asp?OpenYear=110&Helf=2&Sclass=EE&Cono=F873,2026-08-26T18:26:40+00:00
110-2-EE-G563-M-2-,110,2,工學院,EE,電機工程學系,G563,M,碩士班,2,,類神經網路導論,3,選,40,27,,13,李錫智,C01-B101,,,"7,8, 9",,,,,"[{""day"": 3, ""dayName"": ""星期三"", ""periods"": [""7"", ""8"", ""9""], ""raw"": ""7,8, 9""}]",,四AB、碩班合開,https://course.nuk.edu.tw/QueryCourse/tcontent.asp?OpenYear=110&Helf=2&Sclass=EE&Cono=G563,2026-08-26T18:26:40+00:00
110-2-EE-G695-M-2-,110,2,工學院,EE,電機工程學系,G695,M,碩士班,2,,機器人影像控制技術,3,選,33,20,,13,吳志宏,C01-414,,,,,"6,7, 8",,,"[{""day"": 5, ""dayName"": ""星期五"", ""periods"": [""6"", ""7"", ""8""], ""raw"": ""6,7, 8""}]",先修 外加,三AB、四AB、碩班合開；本課程配合教育部計畫，需進行專題實作與競賽。需曾修讀EEB512 計算機程式或EEF733 資料探勘導論及格,https://course.nuk.edu.tw/QueryCourse/tcontent.asp?OpenYear=110&Helf=2&Sclass=EE&Cono=G695,2026-08-26T18:26:40+00:00
110-2-EE-G70A-M-2-,110,2,工學院,EE,電機工程學系,G70A,M,碩士班,2,,智慧生活空間資訊截取與運用效能化設計(Ⅰ),3,選,77,50,,27,梁明正,B01-104,,"5,6, 7",,,,,,"[{""day"": 2, ""dayName"": ""星期二"", ""periods"": [""5"", ""6"", ""7""], ""raw"": ""5,6, 7""}]",學程,三AB、四AB、碩班合開；智慧生活整合創新學程,https://course.nuk.edu.tw/QueryCourse/tcontent.asp?OpenYear=110&Helf=2&Sclass=EE&Cono=G70A,2026-08-26T18:26:40+00:00
110-2-EE-K001-M-2-,110,2,工學院,EE,電機工程學系,K001,M,碩士班,2,,專題討論,0,必,70,62,,8,李耀仁,C01-114,,,"5,6",,,,,"[{""day"": 3, ""dayName"": ""星期三"", ""periods"": [""5"", ""6""], ""raw"": ""5,6""}]",,上課地點依每週課程公告為主,https://course.nuk.edu.tw/QueryCourse/tcontent.asp?OpenYear=110&Helf=2&Sclass=EE&Cono=K001,2026-08-26T18:26:40+00:00
110-2-EE-K544-M-2-,110,2,工學院,EE,電機工程學系,K544,M,碩士班,2,,高等半導體元件物理,3,選,40,7,,33,藍文厚,C01-414,,"2,3, 4",,,,,,"[{""day"": 2, ""dayName"": ""星期二"", ""periods"": [""2"", ""3"", ""4""], ""raw"": ""2,3, 4""}]",,碩班、博班合開,https://course.nuk.edu.tw/QueryCourse/tcontent.asp?OpenYear=110&Helf=2&Sclass=EE&Cono=K544,2026-08-26T18:26:40+00:00
110-2-EE-K57B-M-2-,110,2,工學院,EE,電機工程學系,K57B,M,碩士班,2,,應用量子力學(二),3,選,60,8,,52,施明昌,C01-414,,,,"7,8, 9",,,,"[{""day"": 4, ""dayName"": ""星期四"", ""periods"": [""7"", ""8"", ""9""], ""raw"": ""7,8, 9""}]",,碩博合開,https://course.nuk.edu.tw/QueryCourse/tcontent.asp?OpenYear=110&Helf=2&Sclass=EE&Cono=K57B,2026-08-26T18:26:40+00:00
110-2-FL-A03B-A-1-A,110,2,法學院,FL,財經法律學系,A03B,A,大學部,1,A,刑法總則(二),3,必,52,44,,8,謝開平,L02-107,,"5,6",,,"5,6",,,"[{""day"": 2, ""dayName"": ""星期二"", ""periods"": [""5"", ""6""], ""raw"": ""5,6""}, {""day"": 5, ""dayName"": ""星期五"", ""periods"": [""5"", ""6""], ""raw"": ""5,6""}]",限修,限財法大學部一、二、三年級學生選修。週二5.6節課程為隔週上課。第一次上課時間為111.02.25。,https://course.nuk.edu.tw/QueryCourse/tcontent.asp?OpenYear=110&Helf=2&Sclass=FL&Cono=A03B,2026-08-26T18:26:40+00:00
110-2-FL-A081-A-1-A,110,2,法學院,FL,財經法律學系,A081,A,大學部,1,A,財政學,3,必,60,53,,7,佘志民,L02-107,,,"2,3, 4",,,,,"[{""day"": 3, ""dayName"": ""星期三"", ""periods"": [""2"", ""3"", ""4""], ""raw"": ""2,3, 4""}]",,限非應用經濟學系學生選修,https://course.nuk.edu.tw/QueryCourse/tcontent.asp?OpenYear=110&Helf=2&Sclass=FL&Cono=A081,2026-08-26T18:26:40+00:00
110-2-FL-A11B-A-1-A,110,2,法學院,FL,財經法律學系,A11B,A,大學部,1,A,憲法(二),2,必,61,61,,0,簡玉聰,L02-107,,"3,4",,,,,,"[{""day"": 2, ""dayName"": ""星期二"", ""periods"": [""3"", ""4""], ""raw"": ""3,4""}]",外加,,https://course.nuk.edu.tw/QueryCourse/tcontent.asp?OpenYear=110&Helf=2&Sclass=FL&Cono=A11B,2026-08-26T18:26:40+00:00
110-2-FL-A21B-A-1-A,110,2,法學院,FL,財經法律學系,A21B,A,大學部,1,A,民法總則(二),2,必,61,61,,0,邱泰錄,L02-108,,,,,"10,11",,,"[{""day"": 5, ""dayName"": ""星期五"", ""periods"": [""10"", ""11""], ""raw"": ""10,11""}]",外加,,https://course.nuk.edu.tw/QueryCourse/tcontent.asp?OpenYear=110&Helf=2&Sclass=FL&Cono=A21B,2026-08-26T18:26:40+00:00
110-2-FL-B02A-A-2-A,110,2,法學院,FL,財經法律學系,B02A,A,大學部,2,A,民法物權(二),2,必,60,45,,15,曾千娟,L02-108,,,"3,4",,,,,"[{""day"": 3, ""dayName"": ""星期三"", ""periods"": [""3"", ""4""], ""raw"": ""3,4""}]",,,https://course.nuk.edu.tw/QueryCourse/tcontent.asp?OpenYear=110&Helf=2&Sclass=FL&Cono=B02A,2026-08-26T18:26:40+00:00
110-2-FL-B04B-A-2-A,110,2,法學院,FL,財經法律學系,B04B,A,大學部,2,A,刑法分則(二),2,必,94,94,,0,謝開平,L02-204,,,,"5,6",,,,"[{""day"": 4, ""dayName"": ""星期四"", ""periods"": [""5"", ""6""], ""raw"": ""5,6""}]",,"1.與財法系合班上課 2.110學年度起改為共同必修,選讀政治學群者，4科擇2必修,109學年度(含)以前入學學生政治學群者為選修、法律學群者為必修",https://course.nuk.edu.tw/QueryCourse/tcontent.asp?OpenYear=110&Helf=2&Sclass=FL&Cono=B04B,2026-08-26T18:26:40+00:00
110-2-FL-B092-A-2-A,110,2,法學院,FL,財經法律學系,B092,A,大學部,2,A,行政法總論(二),3,必,60,49,,11,簡玉聰,L02-108,,"5,6, 7",,,,,,"[{""day"": 2, ""dayName"": ""星期二"", ""periods"": [""5"", ""6"", ""7""], ""raw"": ""5,6, 7""}]",,,https://course.nuk.edu.tw/QueryCourse/tcontent.asp?OpenYear=110&Helf=2&Sclass=FL&Cono=B092,2026-08-26T18:26:40+00:00
110-2-FL-B11A-A-2-A,110,2,法學院,FL,財經法律學系,B11A,A,大學部,2,A,民法債編總論(二),3,必,51,51,,0,李淑如,L02-108,,,,"2,3, 4",,,,"[{""day"": 4, ""dayName"": ""星期四"", ""periods"": [""2"", ""3"", ""4""], ""raw"": ""2,3, 4""}]",外加,,https://course.nuk.edu.tw/QueryCourse/tcontent.asp?OpenYear=110&Helf=2&Sclass=FL&Cono=B11A,2026-08-26T18:26:40+00:00
110-2-FL-Q071-A-2-A,110,2,法學院,FL,財經法律學系,Q071,A,大學部,2,A,商事法總論及公司法,3,必,90,87,,3,黃清溪,L02-204,,,,,"12,13",,"2,3, 4","[{""day"": 5, ""dayName"": ""星期五"", ""periods"": [""12"", ""13""], ""raw"": ""12,13""}, {""day"": 7, ""dayName"": ""星期日"", ""periods"": [""2"", ""3"", ""4""], ""raw"": ""2,3, 4""}]",學程,"週五上課時間為10-12節、週日第2-4節，隸屬服務與智慧型創新創業學分學程。黃清溪教授係旅居日本之日本拓殖大學之教授,每月自日本返台授課,每次停留一至二週,故上課時間集中於黃老師返台期間之週五晚上三小時及週日上午三小時。欲修習本課程之同學,請斟酌其他課程之排課時間避免衝堂情形,實際上課時間將於開學後公告於系網頁,請選課同學留意。",https://course.nuk.edu.tw/QueryCourse/tcontent.asp?OpenYear=110&Helf=2&Sclass=FL&Cono=Q071,2026-08-26T18:26:40+00:00
110-2-FL-C01B-A-3-A,110,2,法學院,FL,財經法律學系,C01B,A,大學部,3,A,民事訴訟法(二),3,必,52,48,,4,陳佩琪,L02-107,"5,6, 7",,,,,,,"[{""day"": 1, ""dayName"": ""星期一"", ""periods"": [""5"", ""6"", ""7""], ""raw"": ""5,6, 7""}]",限修及外加,限財法大三、大四修課。,https://course.nuk.edu.tw/QueryCourse/tcontent.asp?OpenYear=110&Helf=2&Sclass=FL&Cono=C01B,2026-08-26T18:26:40+00:00
110-2-FL-C02B-A-3-A,110,2,法學院,FL,財經法律學系,C02B,A,大學部,3,A,刑事訴訟法(二),2,必,50,40,,10,張麗卿,L02-415-1,,,,,"6,7",,,"[{""day"": 5, ""dayName"": ""星期五"", ""periods"": [""6"", ""7""], ""raw"": ""6,7""}]",,,https://course.nuk.edu.tw/QueryCourse/tcontent.asp?OpenYear=110&Helf=2&Sclass=FL&Cono=C02B,2026-08-26T18:26:40+00:00
110-2-FL-C20B-A-3-A,110,2,法學院,FL,財經法律學系,C20B,A,大學部,3,A,民法債編各論(二),2,必,60,53,,7,曾千娟,L02-108,,,"7,8",,,,,"[{""day"": 3, ""dayName"": ""星期三"", ""periods"": [""7"", ""8""], ""raw"": ""7,8""}]",,,https://course.nuk.edu.tw/QueryCourse/tcontent.asp?OpenYear=110&Helf=2&Sclass=FL&Cono=C20B,2026-08-26T18:26:40+00:00
110-2-FL-C51D-A-3-A,110,2,法學院,FL,財經法律學系,C51D,A,大學部,3,A,刑事訴訟法(二)：理論應用與業界參訪,1,選,40,40,,0,張麗卿,L02-415-1,,,,,8,,,"[{""day"": 5, ""dayName"": ""星期五"", ""periods"": [""8""], ""raw"": ""8""}]",限修,,https://course.nuk.edu.tw/QueryCourse/tcontent.asp?OpenYear=110&Helf=2&Sclass=FL&Cono=C51D,2026-08-26T18:26:40+00:00
110-2-FL-C521-A-3-A,110,2,法學院,FL,財經法律學系,C521,A,大學部,3,A,刑事審判實務,2,選,60,31,,29,陳明富,L02-108,,,,,,"2,3, 4,Y",,"[{""day"": 6, ""dayName"": ""星期六"", ""periods"": [""2"", ""3"", ""4"", ""Y""], ""raw"": ""2,3, 4,Y""}]",,"隔週上課，每次上課四小時，上課時間為9:05-13:00。第一次上課時間為111.02.26,其他上課時間請至系網頁查詢",https://course.nuk.edu.tw/QueryCourse/tcontent.asp?OpenYear=110&Helf=2&Sclass=FL&Cono=C521,2026-08-26T18:26:40+00:00
110-2-FL-C541-A-3-A,110,2,法學院,FL,財經法律學系,C541,A,大學部,3,A,租稅法總論,2,選,60,33,,27,張永明,L02-108,,"3,4",,,,,,"[{""day"": 2, ""dayName"": ""星期二"", ""periods"": [""3"", ""4""], ""raw"": ""3,4""}]",學程,財經法律專業學群課程/隸屬產業、科技財經法律學分學程,https://course.nuk.edu.tw/QueryCourse/tcontent.asp?OpenYear=110&Helf=2&Sclass=FL&Cono=C541,2026-08-26T18:26:40+00:00
110-2-FL-C601-A-3-A,110,2,法學院,FL,財經法律學系,C601,A,大學部,3,A,專利法,2,選,60,45,,15,周伯翰,L02-107,,,,"8,9",,,,"[{""day"": 4, ""dayName"": ""星期四"", ""periods"": [""8"", ""9""], ""raw"": ""8,9""}]",學程,與生命科學系大四合開/財經法律專業學群/隸屬服務與智慧創新創業學分學程、生技產業跨領域學程,https://course.nuk.edu.tw/QueryCourse/tcontent.asp?OpenYear=110&Helf=2&Sclass=FL&Cono=C601,2026-08-26T18:26:40+00:00
110-2-FL-C761-A-3-A,110,2,法學院,FL,財經法律學系,C761,A,大學部,3,A,金融法,2,選,60,34,,26,周伯翰,L02-201,,"6,7",,,,,,"[{""day"": 2, ""dayName"": ""星期二"", ""periods"": [""6"", ""7""], ""raw"": ""6,7""}]",,財經法律專業學群；隸屬產業、科技與財經法律學分學程、服務與智慧型創新創業學分學程,https://course.nuk.edu.tw/QueryCourse/tcontent.asp?OpenYear=110&Helf=2&Sclass=FL&Cono=C761,2026-08-26T18:26:40+00:00
110-2-FL-C601-A-4-A,110,2,法學院,FL,財經法律學系,C601,A,大學部,4,A,專利法,2,選,60,45,,15,周伯翰,L02-107,,,,"8,9",,,,"[{""day"": 4, ""dayName"": ""星期四"", ""periods"": [""8"", ""9""], ""raw"": ""8,9""}]",學程,與財法三合開，使用法學院教室,https://course.nuk.edu.tw/QueryCourse/tcontent.asp?OpenYear=110&Helf=2&Sclass=FL&Cono=C601,2026-08-26T18:26:40+00:00
110-2-FL-D022-A-4-A,110,2,法學院,FL,財經法律學系,D022,A,大學部,4,A,民法實例演習,2,必,60,37,,23,林瑞成,L02-201,"8,9",,,,,,,"[{""day"": 1, ""dayName"": ""星期一"", ""periods"": [""8"", ""9""], ""raw"": ""8,9""}]",,與「公法、刑法、商事法實例演習」四選二。,https://course.nuk.edu.tw/QueryCourse/tcontent.asp?OpenYear=110&Helf=2&Sclass=FL&Cono=D022,2026-08-26T18:26:40+00:00
110-2-FL-D511-A-4-A,110,2,法學院,FL,財經法律學系,D511,A,大學部,4,A,國際私法,2,選,60,47,,13,曾千娟,L02-204-1,,"6,7",,,,,,"[{""day"": 2, ""dayName"": ""星期二"", ""periods"": [""6"", ""7""], ""raw"": ""6,7""}]",,財經法律專業學群,https://course.nuk.edu.tw/QueryCourse/tcontent.asp?OpenYear=110&Helf=2&Sclass=FL&Cono=D511,2026-08-26T18:26:40+00:00
110-2-FL-D512-A-4-A,110,2,法學院,FL,財經法律學系,D512,A,大學部,4,A,國際公法,2,選,60,33,,27,吳行浩,L02-108,"5,6",,,,,,,"[{""day"": 1, ""dayName"": ""星期一"", ""periods"": [""5"", ""6""], ""raw"": ""5,6""}]",,財經法律專業學群,https://course.nuk.edu.tw/QueryCourse/tcontent.asp?OpenYear=110&Helf=2&Sclass=FL&Cono=D512,2026-08-26T18:26:40+00:00
110-2-FL-D631-A-4-A,110,2,法學院,FL,財經法律學系,D631,A,大學部,4,A,商標法,2,選,60,60,,0,謝國廉,L02-107,,,,"5,6",,,,"[{""day"": 4, ""dayName"": ""星期四"", ""periods"": [""5"", ""6""], ""raw"": ""5,6""}]",學程,財經法律專業學群；隸屬服務與智慧型創新創業學分學程,https://course.nuk.edu.tw/QueryCourse/tcontent.asp?OpenYear=110&Helf=2&Sclass=FL&Cono=D631,2026-08-26T18:26:40+00:00
110-2-FL-D902-A-4-A,110,2,法學院,FL,財經法律學系,D902,A,大學部,4,A,財經法律實習(二),2,選,1,1,,0,謝開平,,,,,,"X,1",,,"[{""day"": 5, ""dayName"": ""星期五"", ""periods"": [""X"", ""1""], ""raw"": ""X,1""}]",外加,指定加簽，限通過學生校外實習面試學生選修。本課程總實習時數須達160小時以上。,https://course.nuk.edu.tw/QueryCourse/tcontent.asp?OpenYear=110&Helf=2&Sclass=FL&Cono=D902,2026-08-26T18:26:40+00:00
110-2-FL-F01C-M-1-,110,2,法學院,FL,財經法律學系,F01C,M,碩士班,1,,法學日文(三),2,必,20,6,,14,簡玉聰,L02-203,,,,,,"5,6",,"[{""day"": 6, ""dayName"": ""星期六"", ""periods"": [""5"", ""6""], ""raw"": ""5,6""}]",,開放本院大學部、二年制在職專班二年級以上、碩士班及碩士在職專班學生選修。,https://course.nuk.edu.tw/QueryCourse/tcontent.asp?OpenYear=110&Helf=2&Sclass=FL&Cono=F01C,2026-08-26T18:26:40+00:00
110-2-FL-F521-M-1-,110,2,法學院,FL,財經法律學系,F521,M,碩士班,1,,智慧財產權與公平交易法專題研究,2,選,20,10,,10,謝國廉,L02-307,,,"5,6",,,,,"[{""day"": 3, ""dayName"": ""星期三"", ""periods"": [""5"", ""6""], ""raw"": ""5,6""}]",,開放本院碩士班及碩士在職專班學生選修,https://course.nuk.edu.tw/QueryCourse/tcontent.asp?OpenYear=110&Helf=2&Sclass=FL&Cono=F521,2026-08-26T18:26:40+00:00
110-2-FL-F581-M-1-,110,2,法學院,FL,財經法律學系,F581,M,碩士班,1,,比較財產法專題研究-歐洲私法統一化(三),2,選,20,6,,14,曾千娟,L02-306,,"3,4",,,,,,"[{""day"": 2, ""dayName"": ""星期二"", ""periods"": [""3"", ""4""], ""raw"": ""3,4""}]",,開放大學部三、四年級及在職專班選修。,https://course.nuk.edu.tw/QueryCourse/tcontent.asp?OpenYear=110&Helf=2&Sclass=FL&Cono=F581,2026-08-26T18:26:40+00:00
110-2-FL-F664-M-2-,110,2,法學院,FL,財經法律學系,F664,M,碩士班,2,,財稅法專題研究(四),2,選,20,3,,17,簡玉聰,L02-306,,,"7,8",,,,,"[{""day"": 3, ""dayName"": ""星期三"", ""periods"": [""7"", ""8""], ""raw"": ""7,8""}]",,開放本院大學部三、四年級、二年制在職專班二年級以上、碩士班及碩士在職專班學生選修。,https://course.nuk.edu.tw/QueryCourse/tcontent.asp?OpenYear=110&Helf=2&Sclass=FL&Cono=F664,2026-08-26T18:26:40+00:00
110-2-GL-A03B-A-1-A,110,2,法學院,GL,政治法律學系,A03B,A,大學部,1,A,憲法(二),2,必,73,73,,0,李俊增,L02-103,,"5,6",,,,,,"[{""day"": 2, ""dayName"": ""星期二"", ""periods"": [""5"", ""6""], ""raw"": ""5,6""}]",外加,,https://course.nuk.edu.tw/QueryCourse/tcontent.asp?OpenYear=110&Helf=2&Sclass=GL&Cono=A03B,2026-08-26T18:26:40+00:00
110-2-GL-A061-A-1-A,110,2,法學院,GL,政治法律學系,A061,A,大學部,1,A,國家學,3,必,61,61,,0,姚朝森,L02-106,,,,"2,3, 4",,,,"[{""day"": 4, ""dayName"": ""星期四"", ""periods"": [""2"", ""3"", ""4""], ""raw"": ""2,3, 4""}]",外加,,https://course.nuk.edu.tw/QueryCourse/tcontent.asp?OpenYear=110&Helf=2&Sclass=GL&Cono=A061,2026-08-26T18:26:40+00:00
110-2-GL-A071-A-1-A,110,2,法學院,GL,政治法律學系,A071,A,大學部,1,A,國際關係,2,必,61,61,,0,陳文生,L02-103,"3,4",,,,,,,"[{""day"": 1, ""dayName"": ""星期一"", ""periods"": [""3"", ""4""], ""raw"": ""3,4""}]",外加,,https://course.nuk.edu.tw/QueryCourse/tcontent.asp?OpenYear=110&Helf=2&Sclass=GL&Cono=A071,2026-08-26T18:26:40+00:00
110-2-GL-A10B-A-1-A,110,2,法學院,GL,政治法律學系,A10B,A,大學部,1,A,行政學(二）,2,必,68,68,,0,楊戊龍,L02-103,,"3,4",,,,,,"[{""day"": 2, ""dayName"": ""星期二"", ""periods"": [""3"", ""4""], ""raw"": ""3,4""}]",外加,,https://course.nuk.edu.tw/QueryCourse/tcontent.asp?OpenYear=110&Helf=2&Sclass=GL&Cono=A10B,2026-08-26T18:26:40+00:00
110-2-GL-B032-A-1-A,110,2,法學院,GL,政治法律學系,B032,A,大學部,1,A,民法債編總論(一),3,必,67,65,,2,李淑如,L02-106,,,"2,3, 4",,,,,"[{""day"": 3, ""dayName"": ""星期三"", ""periods"": [""2"", ""3"", ""4""], ""raw"": ""2,3, 4""}]",外加,,https://course.nuk.edu.tw/QueryCourse/tcontent.asp?OpenYear=110&Helf=2&Sclass=GL&Cono=B032,2026-08-26T18:26:40+00:00
110-2-GL-B012-A-2-A,110,2,法學院,GL,政治法律學系,B012,A,大學部,2,A,行政法(二),2,必,60,52,,8,邵惠玲,L02-106,,,,"7,8",,,,"[{""day"": 4, ""dayName"": ""星期四"", ""periods"": [""7"", ""8""], ""raw"": ""7,8""}]",,110學年度起課程名稱修改為行政法,https://course.nuk.edu.tw/QueryCourse/tcontent.asp?OpenYear=110&Helf=2&Sclass=GL&Cono=B012,2026-08-26T18:26:40+00:00
110-2-GL-B02B-A-2-A,110,2,法學院,GL,政治法律學系,B02B,A,大學部,2,A,比較政府(二),2,必,64,64,,0,陳文生,L02-103,,,"3,4",,,,,"[{""day"": 3, ""dayName"": ""星期三"", ""periods"": [""3"", ""4""], ""raw"": ""3,4""}]",外加,,https://course.nuk.edu.tw/QueryCourse/tcontent.asp?OpenYear=110&Helf=2&Sclass=GL&Cono=B02B,2026-08-26T18:26:40+00:00
110-2-GL-B102-A-2-A,110,2,法學院,GL,政治法律學系,B102,A,大學部,2,A,民法債編各論(一),2,必,62,56,,6,李淑如,L02-106,,,"6,7",,,,,"[{""day"": 3, ""dayName"": ""星期三"", ""periods"": [""6"", ""7""], ""raw"": ""6,7""}]",先修 限修及外加,1. 自110-2起改為(I)(II)4學分109學年度(含)以前入學學生可選擇修習(I)所缺1學分以選修課補足 2. 限政法系大學部選修 3. 限修畢債總（一）,https://course.nuk.edu.tw/QueryCourse/tcontent.asp?OpenYear=110&Helf=2&Sclass=GL&Cono=B102,2026-08-26T18:26:40+00:00
110-2-GL-B501-A-2-A,110,2,法學院,GL,政治法律學系,B501,A,大學部,2,A,公共政策,2,必,60,44,,16,楊鈞池,L02-103,,,,"3,4",,,,"[{""day"": 4, ""dayName"": ""星期四"", ""periods"": [""3"", ""4""], ""raw"": ""3,4""}]",,政治學群課程,https://course.nuk.edu.tw/QueryCourse/tcontent.asp?OpenYear=110&Helf=2&Sclass=GL&Cono=B501,2026-08-26T18:26:40+00:00
110-2-GL-C04A-A-2-A,110,2,法學院,GL,政治法律學系,C04A,A,大學部,2,A,民事訴訟法(一),3,必,60,57,,3,賴恆盈,L02-106,,"5,6, 7",,,,,,"[{""day"": 2, ""dayName"": ""星期二"", ""periods"": [""5"", ""6"", ""7""], ""raw"": ""5,6, 7""}]",限修,限政法系學生,https://course.nuk.edu.tw/QueryCourse/tcontent.asp?OpenYear=110&Helf=2&Sclass=GL&Cono=C04A,2026-08-26T18:26:40+00:00
110-2-GL-C191-A-2-A,110,2,法學院,GL,政治法律學系,C191,A,大學部,2,A,商事法總論暨公司法,2,必,90,85,,5,李淑如,L02-202,,,,"5,6",,,,"[{""day"": 4, ""dayName"": ""星期四"", ""periods"": [""5"", ""6""], ""raw"": ""5,6""}]",,,https://course.nuk.edu.tw/QueryCourse/tcontent.asp?OpenYear=110&Helf=2&Sclass=GL&Cono=C191,2026-08-26T18:26:40+00:00
110-2-GL-C212-A-2-A,110,2,法學院,GL,政治法律學系,C212,A,大學部,2,A,當代政治哲學,2,必,61,49,,12,姚朝森,L02-106,,"3,4",,,,,,"[{""day"": 2, ""dayName"": ""星期二"", ""periods"": [""3"", ""4""], ""raw"": ""3,4""}]",,"110學年度起改為共同必修課程,開設於2年級，109學年度(含)以前入學學生為政治學群課程",https://course.nuk.edu.tw/QueryCourse/tcontent.asp?OpenYear=110&Helf=2&Sclass=GL&Cono=C212,2026-08-26T18:26:40+00:00
110-2-GL-B092-A-3-A,110,2,法學院,GL,政治法律學系,B092,A,大學部,3,A,行政程序法制,2,必,61,61,,0,李俊增,L02-106,"5,6",,,,,,,"[{""day"": 1, ""dayName"": ""星期一"", ""periods"": [""5"", ""6""], ""raw"": ""5,6""}]",外加,"110學年度起改為共同必修課程,109學年度(含)以前入學學生為整合必修課程",https://course.nuk.edu.tw/QueryCourse/tcontent.asp?OpenYear=110&Helf=2&Sclass=GL&Cono=B092,2026-08-26T18:26:40+00:00
110-2-GL-C05B-A-3-A,110,2,法學院,GL,政治法律學系,C05B,A,大學部,3,A,刑事訴訟法(二),2,必,61,43,,18,黃翰義,L02-202,,,,,,"3,4",,"[{""day"": 6, ""dayName"": ""星期六"", ""periods"": [""3"", ""4""], ""raw"": ""3,4""}]",先修 限修及外加,"1.限政法系並修畢刑總及刑分 2.單週上課(2/26延至3/5上課、6/4提前至5/28上課)、3.110學年度起改為共同必修,選讀政治學群者，4科擇2必修,109學年度(含)以前入學學生政治學群者為選修、法律學群者為必修",https://course.nuk.edu.tw/QueryCourse/tcontent.asp?OpenYear=110&Helf=2&Sclass=GL&Cono=C05B,2026-08-26T18:26:40+00:00
110-2-GL-C083-A-3-A,110,2,法學院,GL,政治法律學系,C083,A,大學部,3,A,民法繼承,2,必,60,38,,22,呂麗慧,L02-103,,,,,"3,4",,,"[{""day"": 5, ""dayName"": ""星期五"", ""periods"": [""3"", ""4""], ""raw"": ""3,4""}]",,法律學群課程,https://course.nuk.edu.tw/QueryCourse/tcontent.asp?OpenYear=110&Helf=2&Sclass=GL&Cono=C083,2026-08-26T18:26:40+00:00
110-2-GL-C14B-A-3-A,110,2,法學院,GL,政治法律學系,C14B,A,大學部,3,A,比較政治(二),2,必,61,40,,21,楊鈞池,L02-103,,,,"7,8",,,,"[{""day"": 4, ""dayName"": ""星期四"", ""periods"": [""7"", ""8""], ""raw"": ""7,8""}]",,政治學群,https://course.nuk.edu.tw/QueryCourse/tcontent.asp?OpenYear=110&Helf=2&Sclass=GL&Cono=C14B,2026-08-26T18:26:40+00:00
110-2-GL-C191-A-3-A,110,2,法學院,GL,政治法律學系,C191,A,大學部,3,A,商事法總論暨公司法,2,必,90,85,,5,李淑如,L02-202,,,,"5,6",,,,"[{""day"": 4, ""dayName"": ""星期四"", ""periods"": [""5"", ""6""], ""raw"": ""5,6""}]",,"1. 與法律系合班上課 2. 法律學群課程，110學年度起與支付及信用工具法(票據法),證交法,保險法,海洋法*,海商法*,6選2。3.109學年度(含)以前入學學生為4選2(不含*課程)",https://course.nuk.edu.tw/QueryCourse/tcontent.asp?OpenYear=110&Helf=2&Sclass=GL&Cono=C191,2026-08-26T18:26:40+00:00
110-2-GL-C656-A-3-A,110,2,法學院,GL,政治法律學系,C656,A,大學部,3,A,證券交易法,2,必,70,26,,44,陳宣至,L02-106,"9,10, 11",,,,,,,"[{""day"": 1, ""dayName"": ""星期一"", ""periods"": [""9"", ""10"", ""11""], ""raw"": ""9,10, 11""}]",,"1.1次3小時上課12周(上課週次於課程大綱內公布)2.法律學群課程，110學年度起與支付及信用工具法(票據法),證交法,保險法,海洋法*,海商法*,6選2。3.109學年度(含)以前入學學生為4選2(不含*課程)4.授課教師陳宣至律師",https://course.nuk.edu.tw/QueryCourse/tcontent.asp?OpenYear=110&Helf=2&Sclass=GL&Cono=C656,2026-08-26T18:26:40+00:00
110-2-GL-C657-A-3-A,110,2,法學院,GL,政治法律學系,C657,A,大學部,3,A,社會法,2,選,60,18,,42,邵惠玲,L02-106,,,"8,9",,,,,"[{""day"": 3, ""dayName"": ""星期三"", ""periods"": [""8"", ""9""], ""raw"": ""8,9""}]",,4科選1科,https://course.nuk.edu.tw/QueryCourse/tcontent.asp?OpenYear=110&Helf=2&Sclass=GL&Cono=C657,2026-08-26T18:26:40+00:00
110-2-GL-D52A-A-3-A,110,2,法學院,GL,政治法律學系,D52A,A,大學部,3,A,行政法實例演習（一）,2,必,60,51,,9,徐偉超,L02-106,,,,,"5,6, 7",,,"[{""day"": 5, ""dayName"": ""星期五"", ""periods"": [""5"", ""6"", ""7""], ""raw"": ""5,6, 7""}]",,"1.隔週上課（單）。2.開放法學院全年級修課。3.110學年度起為3年級共同必修課程,109學年度(含)以前入學學生為選修課",https://course.nuk.edu.tw/QueryCourse/tcontent.asp?OpenYear=110&Helf=2&Sclass=GL&Cono=D52A,2026-08-26T18:26:40+00:00
110-2-GL-C021-A-4-A,110,2,法學院,GL,政治法律學系,C021,A,大學部,4,A,立法論,2,必,60,13,,47,廖義銘,L02-310,,,,,"7,8",,,"[{""day"": 5, ""dayName"": ""星期五"", ""periods"": [""7"", ""8""], ""raw"": ""7,8""}]",,政治學群,https://course.nuk.edu.tw/QueryCourse/tcontent.asp?OpenYear=110&Helf=2&Sclass=GL&Cono=C021,2026-08-26T18:26:40+00:00
110-2-GL-D142-A-4-A,110,2,法學院,GL,政治法律學系,D142,A,大學部,4,A,公法實例演習(二),2,必,60,46,,14,徐偉超,L02-106,,,,,"2,3, 4",,,"[{""day"": 5, ""dayName"": ""星期五"", ""periods"": [""2"", ""3"", ""4""], ""raw"": ""2,3, 4""}]",,1. 法律學群 2. 隔週上課(單)2.3.4.Y。【上課日期時間將於課程大綱內載明，如有變動將於系網課程異動專區公告，請選課同學留意。】,https://course.nuk.edu.tw/QueryCourse/tcontent.asp?OpenYear=110&Helf=2&Sclass=GL&Cono=D142,2026-08-26T18:26:40+00:00
110-2-GL-D191-A-4-A,110,2,法學院,GL,政治法律學系,D191,A,大學部,4,A,職場權責與專業倫理,2,必,60,56,,4,楊戊龍,L02-204-1,,,,"7,8",,,,"[{""day"": 4, ""dayName"": ""星期四"", ""periods"": [""7"", ""8""], ""raw"": ""7,8""}]",限修,"110學年度起改為共同必修課程,109學年度(含)以前入學學生為整合必修課程，限本系大四及延畢生選修",https://course.nuk.edu.tw/QueryCourse/tcontent.asp?OpenYear=110&Helf=2&Sclass=GL&Cono=D191,2026-08-26T18:26:40+00:00
110-2-GL-D692-A-4-A,110,2,法學院,GL,政治法律學系,D692,A,大學部,4,A,立法程序與技術,2,選,60,10,,50,楊戊龍,L02-310,,"7,8",,,,,,"[{""day"": 2, ""dayName"": ""星期二"", ""periods"": [""7"", ""8""], ""raw"": ""7,8""}]",,選修課程,https://course.nuk.edu.tw/QueryCourse/tcontent.asp?OpenYear=110&Helf=2&Sclass=GL&Cono=D692,2026-08-26T18:26:40+00:00
110-2-GL-F101-M-1-,110,2,法學院,GL,政治法律學系,F101,M,碩士班,1,,公共政策專題研究,3,必,30,6,,24,楊鈞池,L02-310,,"2,3, 4",,,,,,"[{""day"": 2, ""dayName"": ""星期二"", ""periods"": [""2"", ""3"", ""4""], ""raw"": ""2,3, 4""}]",,政治組課程，5科擇3科,https://course.nuk.edu.tw/QueryCourse/tcontent.asp?OpenYear=110&Helf=2&Sclass=GL&Cono=F101,2026-08-26T18:26:40+00:00
110-2-GL-F134-M-1-,110,2,法學院,GL,政治法律學系,F134,M,碩士班,1,,選舉法制與實務專題研究,3,必,30,4,,26,陳文生,L02-310,"6,7, 8",,,,,,,"[{""day"": 1, ""dayName"": ""星期一"", ""periods"": [""6"", ""7"", ""8""], ""raw"": ""6,7, 8""}]",,,https://course.nuk.edu.tw/QueryCourse/tcontent.asp?OpenYear=110&Helf=2&Sclass=GL&Cono=F134,2026-08-26T18:26:40+00:00
110-2-GL-F136-M-1-,110,2,法學院,GL,政治法律學系,F136,M,碩士班,1,,風險行政法專題研究,2,必,30,5,,25,賴恆盈,L02-310,,,"7,8",,,,,"[{""day"": 3, ""dayName"": ""星期三"", ""periods"": [""7"", ""8""], ""raw"": ""7,8""}]",,公法組課程，8科選5科,https://course.nuk.edu.tw/QueryCourse/tcontent.asp?OpenYear=110&Helf=2&Sclass=GL&Cono=F136,2026-08-26T18:26:40+00:00
110-2-GL-F141-M-1-,110,2,法學院,GL,政治法律學系,F141,M,碩士班,1,,國家理論專題研究,3,必,30,5,,25,姚朝森,L02-310,,,"2,3, 4",,,,,"[{""day"": 3, ""dayName"": ""星期三"", ""periods"": [""2"", ""3"", ""4""], ""raw"": ""2,3, 4""}]",,110學年度新制課程為共同必修課程,https://course.nuk.edu.tw/QueryCourse/tcontent.asp?OpenYear=110&Helf=2&Sclass=GL&Cono=F141,2026-08-26T18:26:40+00:00
110-2-GL-F161-M-1-,110,2,法學院,GL,政治法律學系,F161,M,碩士班,1,,論文寫作(含學術倫理),1,必,30,12,,18,陳文生,L02-310,,,,"7,8",,,,"[{""day"": 4, ""dayName"": ""星期四"", ""periods"": [""7"", ""8""], ""raw"": ""7,8""}]",限修,1.限政法系學生修課，且不開放旁聽2.一周上課2小時，上課9周。3.110學年度新制課表為共同必修課程,https://course.nuk.edu.tw/QueryCourse/tcontent.asp?OpenYear=110&Helf=2&Sclass=GL&Cono=F161,2026-08-26T18:26:40+00:00
110-2-LA-A001-A-1-A,110,2,法學院,LA,法律學系,A001,A,大學部,1,A,民法債編總論(一),3,必,80,54,,26,張鈺光,L02-204,,,"7,8","7,8",,,,"[{""day"": 3, ""dayName"": ""星期三"", ""periods"": [""7"", ""8""], ""raw"": ""7,8""}, {""day"": 4, ""dayName"": ""星期四"", ""periods"": [""7"", ""8""], ""raw"": ""7,8""}]",,星期三7、8節為隔週上課，星期四第7、8節為固定上課。,https://course.nuk.edu.tw/QueryCourse/tcontent.asp?OpenYear=110&Helf=2&Sclass=LA&Cono=A001,2026-08-26T18:26:40+00:00
110-2-LA-A09B-A-1-A,110,2,法學院,LA,法律學系,A09B,A,大學部,1,A,憲法(二),2,必,61,44,,17,紀振清,L02-101,,,"3,4",,,,,"[{""day"": 3, ""dayName"": ""星期三"", ""periods"": [""3"", ""4""], ""raw"": ""3,4""}]",限修及外加,法律系大學部必修核心課程，限本系一年級及本系轉學生、本系重修生，人數以不超過60人為原則。,https://course.nuk.edu.tw/QueryCourse/tcontent.asp?OpenYear=110&Helf=2&Sclass=LA&Cono=A09B,2026-08-26T18:26:40+00:00
110-2-LA-A512-A-1-A,110,2,法學院,LA,法律學系,A512,A,大學部,1,A,哲學導論,2,選,60,13,,47,賴志強,L02-101,,"3,4",,,,,,"[{""day"": 2, ""dayName"": ""星期二"", ""periods"": [""3"", ""4""], ""raw"": ""3,4""}]",,,https://course.nuk.edu.tw/QueryCourse/tcontent.asp?OpenYear=110&Helf=2&Sclass=LA&Cono=A512,2026-08-26T18:26:40+00:00
110-2-LA-A521-A-1-A,110,2,法學院,LA,法律學系,A521,A,大學部,1,A,法院組織法,2,選,61,36,,25,賴志強,L02-101,"5,6",,,,,,,"[{""day"": 1, ""dayName"": ""星期一"", ""periods"": [""5"", ""6""], ""raw"": ""5,6""}]",,,https://course.nuk.edu.tw/QueryCourse/tcontent.asp?OpenYear=110&Helf=2&Sclass=LA&Cono=A521,2026-08-26T18:26:40+00:00
110-2-LA-B011-A-1-A,110,2,法學院,LA,法律學系,B011,A,大學部,1,A,刑法總則(二),3,必,156,155,,1,劉傳璟,L02-204,,,,,"5,6, 7",,,"[{""day"": 5, ""dayName"": ""星期五"", ""periods"": [""5"", ""6"", ""7""], ""raw"": ""5,6, 7""}]",外加,與政法系合班上課。,https://course.nuk.edu.tw/QueryCourse/tcontent.asp?OpenYear=110&Helf=2&Sclass=LA&Cono=B011,2026-08-26T18:26:40+00:00
110-2-LA-B603-A-1-A,110,2,法學院,LA,法律學系,B603,A,大學部,1,A,法律服務(二),2,選,120,100,,20,陳正根,L02-204,,,,"10,11",,,,"[{""day"": 4, ""dayName"": ""星期四"", ""periods"": [""10"", ""11""], ""raw"": ""10,11""}]",,,https://course.nuk.edu.tw/QueryCourse/tcontent.asp?OpenYear=110&Helf=2&Sclass=LA&Cono=B603,2026-08-26T18:26:40+00:00
110-2-LA-B021-A-2-A,110,2,法學院,LA,法律學系,B021,A,大學部,2,A,民法繼承,2,必,80,48,,32,呂麗慧,L02-202,,,,,"7,8",,,"[{""day"": 5, ""dayName"": ""星期五"", ""periods"": [""7"", ""8""], ""raw"": ""7,8""}]",,法律/財法合班上課,https://course.nuk.edu.tw/QueryCourse/tcontent.asp?OpenYear=110&Helf=2&Sclass=LA&Cono=B021,2026-08-26T18:26:40+00:00
110-2-LA-B03B-A-2-A,110,2,法學院,LA,法律學系,B03B,A,大學部,2,A,行政法總論(二),3,必,60,49,,11,陳正根,L02-102,,,,"2,3, 4",,,,"[{""day"": 4, ""dayName"": ""星期四"", ""periods"": [""2"", ""3"", ""4""], ""raw"": ""2,3, 4""}]",學程,,https://course.nuk.edu.tw/QueryCourse/tcontent.asp?OpenYear=110&Helf=2&Sclass=LA&Cono=B03B,2026-08-26T18:26:40+00:00
110-2-LA-B05B-A-2-A,110,2,法學院,LA,法律學系,B05B,A,大學部,2,A,日文(二),2,必,60,34,,26,林柏舟,L02-201,,"3,4",,,,,,"[{""day"": 2, ""dayName"": ""星期二"", ""periods"": [""3"", ""4""], ""raw"": ""3,4""}]",先修,德/日二選一為必修，須修過日文(一),https://course.nuk.edu.tw/QueryCourse/tcontent.asp?OpenYear=110&Helf=2&Sclass=LA&Cono=B05B,2026-08-26T18:26:40+00:00
110-2-LA-B06B-A-2-A,110,2,法學院,LA,法律學系,B06B,A,大學部,2,A,德文(二),2,必,47,47,,0,陳麗雅,L02-102,"3,4",,,,,,,"[{""day"": 1, ""dayName"": ""星期一"", ""periods"": [""3"", ""4""], ""raw"": ""3,4""}]",先修 限修及外加,1.德/日二選一為必修。2.須修過德文(一)。3.法學院同學優先選課。,https://course.nuk.edu.tw/QueryCourse/tcontent.asp?OpenYear=110&Helf=2&Sclass=LA&Cono=B06B,2026-08-26T18:26:40+00:00
110-2-LA-B101-A-2-A,110,2,法學院,LA,法律學系,B101,A,大學部,2,A,民法債編各論(一),2,必,60,40,,20,林昭志,L02-102,,,"7,8",,,,,"[{""day"": 3, ""dayName"": ""星期三"", ""periods"": [""7"", ""8""], ""raw"": ""7,8""}]",,,https://course.nuk.edu.tw/QueryCourse/tcontent.asp?OpenYear=110&Helf=2&Sclass=LA&Cono=B101,2026-08-26T18:26:40+00:00
110-2-LA-B17B-A-2-A,110,2,法學院,LA,法律學系,B17B,A,大學部,2,A,民法物權(二),2,必,120,111,,9,謝志鵬,L02-202,"5,6",,,,,,,"[{""day"": 1, ""dayName"": ""星期一"", ""periods"": [""5"", ""6""], ""raw"": ""5,6""}]",,與政法系大二合班上課,https://course.nuk.edu.tw/QueryCourse/tcontent.asp?OpenYear=110&Helf=2&Sclass=LA&Cono=B17B,2026-08-26T18:26:40+00:00
110-2-LA-B544-A-2-A,110,2,法學院,LA,法律學系,B544,A,大學部,2,A,智慧財產權概論,2,選,61,36,,25,康銘,L02-102,,,"3,4",,,,,"[{""day"": 3, ""dayName"": ""星期三"", ""periods"": [""3"", ""4""], ""raw"": ""3,4""}]",,,https://course.nuk.edu.tw/QueryCourse/tcontent.asp?OpenYear=110&Helf=2&Sclass=LA&Cono=B544,2026-08-26T18:26:40+00:00
110-2-LA-B632-A-2-A,110,2,法學院,LA,法律學系,B632,A,大學部,2,A,社會秩序維護法,2,選,61,52,,9,章惠傑,L02-101,,,,,"5,6",,,"[{""day"": 5, ""dayName"": ""星期五"", ""periods"": [""5"", ""6""], ""raw"": ""5,6""}]",限修及外加,授課老師：章惠傑老師。開放政法及財法2年級以上選修,https://course.nuk.edu.tw/QueryCourse/tcontent.asp?OpenYear=110&Helf=2&Sclass=LA&Cono=B632,2026-08-26T18:26:40+00:00
110-2-LA-C001-A-2-A,110,2,法學院,LA,法律學系,C001,A,大學部,2,A,刑法分則(二),2,必,60,46,,14,吳俊毅,L02-101,,,,,"3,4",,,"[{""day"": 5, ""dayName"": ""星期五"", ""periods"": [""3"", ""4""], ""raw"": ""3,4""}]",限修,限法律系大學部二年級以上同學選修,https://course.nuk.edu.tw/QueryCourse/tcontent.asp?OpenYear=110&Helf=2&Sclass=LA&Cono=C001,2026-08-26T18:26:40+00:00
110-2-LA-B091-A-3-A,110,2,法學院,LA,法律學系,B091,A,大學部,3,A,海商法,2,必,82,63,,19,林昭志,L02-204,,,"5,6",,,,,"[{""day"": 3, ""dayName"": ""星期三"", ""periods"": [""5"", ""6""], ""raw"": ""5,6""}]",限修及外加,限法學院大三以上修課；與財法系大三合班上課,https://course.nuk.edu.tw/QueryCourse/tcontent.asp?OpenYear=110&Helf=2&Sclass=LA&Cono=B091,2026-08-26T18:26:40+00:00
110-2-LA-C02B-A-3-A,110,2,法學院,LA,法律學系,C02B,A,大學部,3,A,民事訴訟法(二),3,必,65,27,,38,賴志強,L02-101,"2,3, 4",,,,,,,"[{""day"": 1, ""dayName"": ""星期一"", ""periods"": [""2"", ""3"", ""4""], ""raw"": ""2,3, 4""}]",限修及外加,限法律系大三以上學生選課。,https://course.nuk.edu.tw/QueryCourse/tcontent.asp?OpenYear=110&Helf=2&Sclass=LA&Cono=C02B,2026-08-26T18:26:40+00:00
110-2-LA-C03B-A-3-A,110,2,法學院,LA,法律學系,C03B,A,大學部,3,A,刑事訴訟法(二),3,必,60,53,,7,吳俊毅,L02-101,,,,"2,3, 4",,,,"[{""day"": 4, ""dayName"": ""星期四"", ""periods"": [""2"", ""3"", ""4""], ""raw"": ""2,3, 4""}]",限修,限法律系大學部三年級以上同學選課,https://course.nuk.edu.tw/QueryCourse/tcontent.asp?OpenYear=110&Helf=2&Sclass=LA&Cono=C03B,2026-08-26T18:26:40+00:00
110-2-LA-C052-A-3-A,110,2,法學院,LA,法律學系,C052,A,大學部,3,A,行政爭訟法,2,必,60,58,,2,陳正根,L02-102,,,,"7,8",,,,"[{""day"": 4, ""dayName"": ""星期四"", ""periods"": [""7"", ""8""], ""raw"": ""7,8""}]",,,https://course.nuk.edu.tw/QueryCourse/tcontent.asp?OpenYear=110&Helf=2&Sclass=LA&Cono=C052,2026-08-26T18:26:40+00:00
110-2-LA-C151-A-3-A,110,2,法學院,LA,法律學系,C151,A,大學部,3,A,刑法實例演習,2,必,60,42,,18,劉傳璟,L02-102,"6,7",,,,,,,"[{""day"": 1, ""dayName"": ""星期一"", ""periods"": [""6"", ""7""], ""raw"": ""6,7""}]",,,https://course.nuk.edu.tw/QueryCourse/tcontent.asp?OpenYear=110&Helf=2&Sclass=LA&Cono=C151,2026-08-26T18:26:40+00:00
110-2-LA-C152-A-3-A,110,2,法學院,LA,法律學系,C152,A,大學部,3,A,公法實例演習,2,必,60,36,,24,紀振清,L02-101,,,"7,8",,,,,"[{""day"": 3, ""dayName"": ""星期三"", ""periods"": [""7"", ""8""], ""raw"": ""7,8""}]",,,https://course.nuk.edu.tw/QueryCourse/tcontent.asp?OpenYear=110&Helf=2&Sclass=LA&Cono=C152,2026-08-26T18:26:40+00:00
110-2-LA-C911-A-3-A,110,2,法學院,LA,法律學系,C911,A,大學部,3,A,國際自由貿易協定與組織,2,選,60,18,,42,吳雪鳳,L02-102,,"3,4",,,,,,"[{""day"": 2, ""dayName"": ""星期二"", ""periods"": [""3"", ""4""], ""raw"": ""3,4""}]",,,https://course.nuk.edu.tw/QueryCourse/tcontent.asp?OpenYear=110&Helf=2&Sclass=LA&Cono=C911,2026-08-26T18:26:40+00:00
110-2-LA-C071-A-4-A,110,2,法學院,LA,法律學系,C071,A,大學部,4,A,商事法實例演習,2,必,60,56,,4,黃清溪,L02-102,,,,,"5,6, 7,8",,,"[{""day"": 5, ""dayName"": ""星期五"", ""periods"": [""5"", ""6"", ""7"", ""8""], ""raw"": ""5,6, 7,8""}]",,"黃清溪教授係旅居日本之日本拓植大學之教授,每月自日本返台授課,每次停留一至二週,故上課時間集中於黃老師返台期間之週五下午四小時。欲修習本課程之同學,請斟酌其他課程之排課時間避免衝堂情形,實際上課時間將於開學後公告於系網頁,請選課同學留意。",https://course.nuk.edu.tw/QueryCourse/tcontent.asp?OpenYear=110&Helf=2&Sclass=LA&Cono=C071,2026-08-26T18:26:40+00:00
110-2-LA-D012-A-4-A,110,2,法學院,LA,法律學系,D012,A,大學部,4,A,國際私法(二),2,必,120,64,,56,謝志鵬,L02-202,"7,8",,,,,,,"[{""day"": 1, ""dayName"": ""星期一"", ""periods"": [""7"", ""8""], ""raw"": ""7,8""}]",,,https://course.nuk.edu.tw/QueryCourse/tcontent.asp?OpenYear=110&Helf=2&Sclass=LA&Cono=D012,2026-08-26T18:26:40+00:00
110-2-LA-D062-A-4-A,110,2,法學院,LA,法律學系,D062,A,大學部,4,A,刑事法實務,2,選,60,10,,50,裕斗,L02-102,,,,,"3,4",,,"[{""day"": 5, ""dayName"": ""星期五"", ""periods"": [""3"", ""4""], ""raw"": ""3,4""}]",,授課教師：裕斗老師,https://course.nuk.edu.tw/QueryCourse/tcontent.asp?OpenYear=110&Helf=2&Sclass=LA&Cono=D062,2026-08-26T18:26:40+00:00
110-2-LA-D504-A-4-A,110,2,法學院,LA,法律學系,D504,A,大學部,4,A,海洋法,2,選,60,29,,31,林昭志,L02-101,,"5,6",,,,,,"[{""day"": 2, ""dayName"": ""星期二"", ""periods"": [""5"", ""6""], ""raw"": ""5,6""}]",,開放大學部二、三年級選修,https://course.nuk.edu.tw/QueryCourse/tcontent.asp?OpenYear=110&Helf=2&Sclass=LA&Cono=D504,2026-08-26T18:26:40+00:00
110-2-LA-D722-A-4-A,110,2,法學院,LA,法律學系,D722,A,大學部,4,A,行政爭訟實務,2,選,60,25,,35,邱基峻,L02-204,,,,"3,4",,,,"[{""day"": 4, ""dayName"": ""星期四"", ""periods"": [""3"", ""4""], ""raw"": ""3,4""}]",,,https://course.nuk.edu.tw/QueryCourse/tcontent.asp?OpenYear=110&Helf=2&Sclass=LA&Cono=D722,2026-08-26T18:26:40+00:00
110-2-LA-F033-M-1-,110,2,法學院,LA,法律學系,F033,M,碩士班,1,,基礎法學(德文)(二),2,必,20,19,,1,陳正根,L02-302,,,"5,6",,,,,"[{""day"": 3, ""dayName"": ""星期三"", ""periods"": [""5"", ""6""], ""raw"": ""5,6""}]",,碩士班：德/日/法三選一為必修,https://course.nuk.edu.tw/QueryCourse/tcontent.asp?OpenYear=110&Helf=2&Sclass=LA&Cono=F033,2026-08-26T18:26:40+00:00
110-2-LA-F572-M-1-,110,2,法學院,LA,法律學系,F572,M,碩士班,1,,身份法專題研究(二),2,選,15,7,,8,呂麗慧,L02-108,,,,"7,8",,,,"[{""day"": 4, ""dayName"": ""星期四"", ""periods"": [""7"", ""8""], ""raw"": ""7,8""}]",,民商法組選修課程,https://course.nuk.edu.tw/QueryCourse/tcontent.asp?OpenYear=110&Helf=2&Sclass=LA&Cono=F572,2026-08-26T18:26:40+00:00
110-2-LA-F64A-M-1-,110,2,法學院,LA,法律學系,F64A,M,碩士班,1,,國際私法專題研究(一),2,選,20,9,,11,謝志鵬,L02-301,,,"7,8",,,,,"[{""day"": 3, ""dayName"": ""星期三"", ""periods"": [""7"", ""8""], ""raw"": ""7,8""}]",,民商法組選修課程,https://course.nuk.edu.tw/QueryCourse/tcontent.asp?OpenYear=110&Helf=2&Sclass=LA&Cono=F64A,2026-08-26T18:26:40+00:00
110-2-LA-F658-M-1-,110,2,法學院,LA,法律學系,F658,M,碩士班,1,,法學方法論(一),2,選,20,6,,14,賴志強,L02-301,,,,"3,4",,,,"[{""day"": 4, ""dayName"": ""星期四"", ""periods"": [""3"", ""4""], ""raw"": ""3,4""}]",,三組皆可選修,https://course.nuk.edu.tw/QueryCourse/tcontent.asp?OpenYear=110&Helf=2&Sclass=LA&Cono=F658,2026-08-26T18:26:40+00:00
110-2-LA-F999-M-1-,110,2,法學院,LA,法律學系,F999,M,碩士班,1,,刑事訴訟法專題研究(一~四)-聚焦在附屬規定,2,選,15,8,,7,吳俊毅,L02-301,,,,"7,8",,,,"[{""day"": 4, ""dayName"": ""星期四"", ""periods"": [""7"", ""8""], ""raw"": ""7,8""}]",,1.修畢刑事訴訟法(一)、(二)。 2.刑法組選修課程。,https://course.nuk.edu.tw/QueryCourse/tcontent.asp?OpenYear=110&Helf=2&Sclass=LA&Cono=F999,2026-08-26T18:26:40+00:00
110-2-LAD-K506-D-1-,110,2,法學院,LAD,法學院博士班,K506,D,博士班,1,,法學英文名著選讀(一),2,選,30,4,,26,謝國廉,L02-306,,,,"7,8",,,,"[{""day"": 4, ""dayName"": ""星期四"", ""periods"": [""7"", ""8""], ""raw"": ""7,8""}]",,"博碩合開，開放碩士班、碩士在職專班選修,全外語授課",https://course.nuk.edu.tw/QueryCourse/tcontent.asp?OpenYear=110&Helf=2&Sclass=LAD&Cono=K506,2026-08-26T18:26:40+00:00
110-2-LAD-K507-D-1-,110,2,法學院,LAD,法學院博士班,K507,D,博士班,1,,法學英文（二）,2,選,20,10,,10,吳行浩,L02-306,,,,"5,6",,,,"[{""day"": 4, ""dayName"": ""星期四"", ""periods"": [""5"", ""6""], ""raw"": ""5,6""}]",,全英語授課、博碩合開。開放本院大學部3-4年級、二年制在職專班2年級以上、碩士班及碩士在職專班學生,https://course.nuk.edu.tw/QueryCourse/tcontent.asp?OpenYear=110&Helf=2&Sclass=LAD&Cono=K507,2026-08-26T18:26:40+00:00
110-2-LAD-K508-D-1-,110,2,法學院,LAD,法學院博士班,K508,D,博士班,1,,法學德文(一~四),2,選,20,2,,18,張永明,L02-305,,"12,13",,,,,,"[{""day"": 2, ""dayName"": ""星期二"", ""periods"": [""12"", ""13""], ""raw"": ""12,13""}]",,開放本院大學部三、四年級、二年制在職專班二年級以上、碩士班及碩士在職專班學生選修。博碩合開。,https://course.nuk.edu.tw/QueryCourse/tcontent.asp?OpenYear=110&Helf=2&Sclass=LAD&Cono=K508,2026-08-26T18:26:40+00:00
110-2-LAD-K50D-D-1-,110,2,法學院,LAD,法學院博士班,K50D,D,博士班,1,,法學專業日文（二）,2,選,30,3,,27,簡玉聰,L02-203,,,,,,"3,4",,"[{""day"": 6, ""dayName"": ""星期六"", ""periods"": [""3"", ""4""], ""raw"": ""3,4""}]",,博士班開課碩士可選修,https://course.nuk.edu.tw/QueryCourse/tcontent.asp?OpenYear=110&Helf=2&Sclass=LAD&Cono=K50D,2026-08-26T18:26:40+00:00
110-2-LAD-K515-D-1-,110,2,法學院,LAD,法學院博士班,K515,D,博士班,1,,國際經貿與紛爭解決,3,選,20,16,,4,吳行浩 鄭義暉,L02-306,,"6,7, 8",,,,,,"[{""day"": 2, ""dayName"": ""星期二"", ""periods"": [""6"", ""7"", ""8""], ""raw"": ""6,7, 8""}]",,博碩合開，全英語授課，與IMBA合開。開放法學院、管理學院大學部三、四年級學生選修。,https://course.nuk.edu.tw/QueryCourse/tcontent.asp?OpenYear=110&Helf=2&Sclass=LAD&Cono=K515,2026-08-26T18:26:40+00:00
110-2-LAD-K51B-D-1-,110,2,法學院,LAD,法學院博士班,K51B,D,博士班,1,,專利法專題研究(二),2,選,20,7,,13,周伯翰,L02-306,"10,11",,,,,,,"[{""day"": 1, ""dayName"": ""星期一"", ""periods"": [""10"", ""11""], ""raw"": ""10,11""}]",,博碩合開，開放本院碩士班及碩士在職專班學生選修。,https://course.nuk.edu.tw/QueryCourse/tcontent.asp?OpenYear=110&Helf=2&Sclass=LAD&Cono=K51B,2026-08-26T18:26:40+00:00
110-2-LAD-K56C-D-1-,110,2,法學院,LAD,法學院博士班,K56C,D,博士班,1,,產業經濟法專題研究(一~四),2,選,4,3,,1,紀振清,L02-301,,,,,,,"1,2, 3,4","[{""day"": 7, ""dayName"": ""星期日"", ""periods"": [""1"", ""2"", ""3"", ""4""], ""raw"": ""1,2, 3,4""}]",外加,1.由教師決定修習必要人選。 2.隔週上課。 3.公法組選修。 4.碩博班合開。,https://course.nuk.edu.tw/QueryCourse/tcontent.asp?OpenYear=110&Helf=2&Sclass=LAD&Cono=K56C,2026-08-26T18:26:40+00:00
110-2-LAD-K590-D-1-,110,2,法學院,LAD,法學院博士班,K590,D,博士班,1,,醫療科技與法律專題研究(一),2,選,20,2,,18,張麗卿,L02-305,,,"5,6",,,,,"[{""day"": 3, ""dayName"": ""星期三"", ""periods"": [""5"", ""6""], ""raw"": ""5,6""}]",,限博士班選課,https://course.nuk.edu.tw/QueryCourse/tcontent.asp?OpenYear=110&Helf=2&Sclass=LAD&Cono=K590,2026-08-26T18:26:40+00:00
110-2-LAD-K684-D-1-,110,2,法學院,LAD,法學院博士班,K684,D,博士班,1,,高階法政策學專題研究(一~四),2,選,30,1,,29,廖義銘,L02-305,,,,"10,11",,,,"[{""day"": 4, ""dayName"": ""星期四"", ""periods"": [""10"", ""11""], ""raw"": ""10,11""}]",,指定加選需經授課教師同意,https://course.nuk.edu.tw/QueryCourse/tcontent.asp?OpenYear=110&Helf=2&Sclass=LAD&Cono=K684,2026-08-26T18:26:40+00:00
110-2-LAD-K68A-D-1-,110,2,法學院,LAD,法學院博士班,K68A,D,博士班,1,,最高法院民事判決專題研究(一)~(四),2,選,30,23,,7,張鈺光,L02-301,,,,"5,6",,,,"[{""day"": 4, ""dayName"": ""星期四"", ""periods"": [""5"", ""6""], ""raw"": ""5,6""}]",,1.民商法組選修課程。2.碩博合開。,https://course.nuk.edu.tw/QueryCourse/tcontent.asp?OpenYear=110&Helf=2&Sclass=LAD&Cono=K68A,2026-08-26T18:26:40+00:00
110-2-LAD-K690-D-1-,110,2,法學院,LAD,法學院博士班,K690,D,博士班,1,,人工智慧法律專題研究(四),2,選,20,9,,11,張麗卿,L02-305,,,,"7,8",,,,"[{""day"": 4, ""dayName"": ""星期四"", ""periods"": [""7"", ""8""], ""raw"": ""7,8""}]",,博碩合開，開放大學部二年級以上及二年制在職專班一年級下學期以上、法學院碩士班及碩士在職專班學生選修,https://course.nuk.edu.tw/QueryCourse/tcontent.asp?OpenYear=110&Helf=2&Sclass=LAD&Cono=K690,2026-08-26T18:26:40+00:00
110-2-LAD-K691-D-1-,110,2,法學院,LAD,法學院博士班,K691,D,博士班,1,,研究方法與論文寫作,2,必,20,2,,18,陳正根 呂麗慧 林昭志 賴志強 廖義銘 楊鈞池 周伯翰 謝開平 謝國廉,L02-305,,"8,9",,,,,,"[{""day"": 2, ""dayName"": ""星期二"", ""periods"": [""8"", ""9""], ""raw"": ""8,9""}]",,,https://course.nuk.edu.tw/QueryCourse/tcontent.asp?OpenYear=110&Helf=2&Sclass=LAD&Cono=K691,2026-08-26T18:26:40+00:00
110-2-LAD-K69C-D-1-,110,2,法學院,LAD,法學院博士班,K69C,D,博士班,1,,商事法專題研究（三）,2,選,20,1,,19,黃清溪,L02-305,,,,,,"5,6, 7,8",,"[{""day"": 6, ""dayName"": ""星期六"", ""periods"": [""5"", ""6"", ""7"", ""8""], ""raw"": ""5,6, 7,8""}]",,1.博碩合開與法律系碩專合班上課 2.黃清溪教授係旅居日本之日本拓殖大學之教授，每月自日本返台授課，每次停留一至二週，故上課時間集中於黃老師返台期間週五下午至晚上四小時。欲修習本課程之同學，請斟酌其他課程之排課時間，避免衝堂情形，實際上課時間將於開學後公告於系網頁，請選課同學留意。,https://course.nuk.edu.tw/QueryCourse/tcontent.asp?OpenYear=110&Helf=2&Sclass=LAD&Cono=K69C,2026-08-26T18:26:40+00:00
110-2-LAD-K704-D-1-,110,2,法學院,LAD,法學院博士班,K704,D,博士班,1,,納稅者權利保護法專題研究(一),2,選,20,4,,16,張永明,L02-305,,"10,11",,,,,,"[{""day"": 2, ""dayName"": ""星期二"", ""periods"": [""10"", ""11""], ""raw"": ""10,11""}]",,博碩合開,https://course.nuk.edu.tw/QueryCourse/tcontent.asp?OpenYear=110&Helf=2&Sclass=LAD&Cono=K704,2026-08-26T18:26:40+00:00
110-2-LAD-K70B-D-1-,110,2,法學院,LAD,法學院博士班,K70B,D,博士班,1,,高階刑法專題研究(一~四）,2,選,1,1,,0,吳俊毅,,,,,,,"5,6",,"[{""day"": 6, ""dayName"": ""星期六"", ""periods"": [""5"", ""6""], ""raw"": ""5,6""}]",,指定加選需經授課教師同意。上課教室:法學院627-1。,https://course.nuk.edu.tw/QueryCourse/tcontent.asp?OpenYear=110&Helf=2&Sclass=LAD&Cono=K70B,2026-08-26T18:26:40+00:00
110-2-LAD-K70D-D-1-,110,2,法學院,LAD,法學院博士班,K70D,D,博士班,1,,高階地方治理專題研究(一~四),2,選,30,1,,29,廖義銘,L02-310,,,,,,"5,6",,"[{""day"": 6, ""dayName"": ""星期六"", ""periods"": [""5"", ""6""], ""raw"": ""5,6""}]",,,https://course.nuk.edu.tw/QueryCourse/tcontent.asp?OpenYear=110&Helf=2&Sclass=LAD&Cono=K70D,2026-08-26T18:26:40+00:00
110-2-LAD-K71B-D-1-,110,2,法學院,LAD,法學院博士班,K71B,D,博士班,1,,高階刑事訴訟法專題研究(一~四）,2,選,1,1,,0,吳俊毅,,,,,,,"7,8",,"[{""day"": 6, ""dayName"": ""星期六"", ""periods"": [""7"", ""8""], ""raw"": ""7,8""}]",,指定加選需經授課教師同意。上課教室:法學院627-1。,https://course.nuk.edu.tw/QueryCourse/tcontent.asp?OpenYear=110&Helf=2&Sclass=LAD&Cono=K71B,2026-08-26T18:26:40+00:00
110-2-LAD-K507-M-1-,110,2,法學院,LAD,法學院博士班,K507,M,碩士班,1,,法學英文（二）,2,必,20,10,,10,吳行浩,L02-306,,,,"5,6",,,,"[{""day"": 4, ""dayName"": ""星期四"", ""periods"": [""5"", ""6""], ""raw"": ""5,6""}]",,1.全英語授課2.開放本院大學部3-4年級、二年制在職專班2年級以上、碩士班及碩專班學生選修3.博碩合開,https://course.nuk.edu.tw/QueryCourse/tcontent.asp?OpenYear=110&Helf=2&Sclass=LAD&Cono=K507,2026-08-26T18:26:40+00:00
110-2-LAD-K508-M-1-,110,2,法學院,LAD,法學院博士班,K508,M,碩士班,1,,法學德文(一~四),2,必,20,2,,18,張永明,L02-305,,"12,13",,,,,,"[{""day"": 2, ""dayName"": ""星期二"", ""periods"": [""12"", ""13""], ""raw"": ""12,13""}]",,開放本院大學部三、四年級、二年制在職專班二年級以上、碩士班及碩士在職專班學生選修。博碩合開。,https://course.nuk.edu.tw/QueryCourse/tcontent.asp?OpenYear=110&Helf=2&Sclass=LAD&Cono=K508,2026-08-26T18:26:40+00:00
110-2-LAD-K515-M-1-,110,2,法學院,LAD,法學院博士班,K515,M,碩士班,1,,國際經貿與紛爭解決,3,選,20,16,,4,吳行浩 鄭義暉,L02-306,,"6,7, 8",,,,,,"[{""day"": 2, ""dayName"": ""星期二"", ""periods"": [""6"", ""7"", ""8""], ""raw"": ""6,7, 8""}]",,博碩合開，全英語授課，與IMBA合開。開放法學院、管理學院大學部三、四年級學生選修。,https://course.nuk.edu.tw/QueryCourse/tcontent.asp?OpenYear=110&Helf=2&Sclass=LAD&Cono=K515,2026-08-26T18:26:40+00:00
110-2-LAD-K56C-M-1-,110,2,法學院,LAD,法學院博士班,K56C,M,碩士班,1,,產業經濟法專題研究(一~四),2,選,4,3,,1,紀振清,L02-301,,,,,,,"1,2, 3,4","[{""day"": 7, ""dayName"": ""星期日"", ""periods"": [""1"", ""2"", ""3"", ""4""], ""raw"": ""1,2, 3,4""}]",外加,1.由教師決定修習必要人選。 2.隔週上課。 3.公法組選修課程。 4.碩博合開,https://course.nuk.edu.tw/QueryCourse/tcontent.asp?OpenYear=110&Helf=2&Sclass=LAD&Cono=K56C,2026-08-26T18:26:40+00:00
110-2-LAD-K68A-M-1-,110,2,法學院,LAD,法學院博士班,K68A,M,碩士班,1,,最高法院民事判決專題研究(一)~(四),2,選,30,23,,7,張鈺光,L02-301,,,,"5,6",,,,"[{""day"": 4, ""dayName"": ""星期四"", ""periods"": [""5"", ""6""], ""raw"": ""5,6""}]",,民商法組選修課程,https://course.nuk.edu.tw/QueryCourse/tcontent.asp?OpenYear=110&Helf=2&Sclass=LAD&Cono=K68A,2026-08-26T18:26:40+00:00
110-2-LAD-K690-M-1-,110,2,法學院,LAD,法學院博士班,K690,M,碩士班,1,,人工智慧法律專題研究(四),2,選,20,9,,11,張麗卿,L02-305,,,,"7,8",,,,"[{""day"": 4, ""dayName"": ""星期四"", ""periods"": [""7"", ""8""], ""raw"": ""7,8""}]",,博碩合開。開放法學院所有碩博士班課程選修。,https://course.nuk.edu.tw/QueryCourse/tcontent.asp?OpenYear=110&Helf=2&Sclass=LAD&Cono=K690,2026-08-26T18:26:40+00:00
110-2-LAD-K704-M-1-,110,2,法學院,LAD,法學院博士班,K704,M,碩士班,1,,納稅者權利保護法專題研究(一),2,選,20,4,,16,張永明,L02-305,,"10,11",,,,,,"[{""day"": 2, ""dayName"": ""星期二"", ""periods"": [""10"", ""11""], ""raw"": ""10,11""}]",,博碩合開,https://course.nuk.edu.tw/QueryCourse/tcontent.asp?OpenYear=110&Helf=2&Sclass=LAD&Cono=K704,2026-08-26T18:26:40+00:00
110-2-LAD-K515-M-2-,110,2,法學院,LAD,法學院博士班,K515,M,碩士班,2,,國際經貿與紛爭解決,3,選,20,16,,4,吳行浩 鄭義暉,L02-306,,"6,7, 8",,,,,,"[{""day"": 2, ""dayName"": ""星期二"", ""periods"": [""6"", ""7"", ""8""], ""raw"": ""6,7, 8""}]",,法學院306教室。全英語授課，與財法系合開。開放法、管理學院大三、四年級學生選修。,https://course.nuk.edu.tw/QueryCourse/tcontent.asp?OpenYear=110&Helf=2&Sclass=LAD&Cono=K515,2026-08-26T18:26:40+00:00
110-2-LAD-K51B-M-2-,110,2,法學院,LAD,法學院博士班,K51B,M,碩士班,2,,專利法專題研究(二),2,選,20,7,,13,周伯翰,L02-306,"10,11",,,,,,,"[{""day"": 1, ""dayName"": ""星期一"", ""periods"": [""10"", ""11""], ""raw"": ""10,11""}]",,博碩合開，開放本院碩士班及碩士在職專班學生選修。,https://course.nuk.edu.tw/QueryCourse/tcontent.asp?OpenYear=110&Helf=2&Sclass=LAD&Cono=K51B,2026-08-26T18:26:40+00:00
110-2-LAD-K69C-M-2-,110,2,法學院,LAD,法學院博士班,K69C,M,碩士班,2,,商事法專題研究（三）,2,選,20,1,,19,黃清溪,L02-305,,,,,,"5,6, 7,8",,"[{""day"": 6, ""dayName"": ""星期六"", ""periods"": [""5"", ""6"", ""7"", ""8""], ""raw"": ""5,6, 7,8""}]",,"1.博碩合開與法律系碩專合班上課。2. 黃清溪教授係旅居日本之日本拓植大學之教授,每月自日本返台授課,每次停留一至二週,故上課時間集中於黃老師返台期間週六下午四小時。欲修習本課程之同學,請斟酌其他課程之排課時間避免衝堂情形,實際上課時間將於開學後公告於系網頁,請選課同學留意.",https://course.nuk.edu.tw/QueryCourse/tcontent.asp?OpenYear=110&Helf=2&Sclass=LAD&Cono=K69C,2026-08-26T18:26:40+00:00
110-2-AC-A01B-A-1-A,110,2,理學院,AC,應用化學系,A01B,A,大學部,1,A,普通化學(二),3,必,62,55,,7,陳泓政,C02-103,,,"2,3, 4",,,,,"[{""day"": 3, ""dayName"": ""星期三"", ""periods"": [""2"", ""3"", ""4""], ""raw"": ""2,3, 4""}]",,,https://course.nuk.edu.tw/QueryCourse/tcontent.asp?OpenYear=110&Helf=2&Sclass=AC&Cono=A01B,2026-08-26T18:26:40+00:00
110-2-AC-A02B-A-1-A,110,2,理學院,AC,應用化學系,A02B,A,大學部,1,A,普通化學實驗(二)(A),1,必,30,29,,1,莊琇惠,C02-203,,"2,3, 4",,,,,,"[{""day"": 2, ""dayName"": ""星期二"", ""periods"": [""2"", ""3"", ""4""], ""raw"": ""2,3, 4""}]",限修,本系大一單號,https://course.nuk.edu.tw/QueryCourse/tcontent.asp?OpenYear=110&Helf=2&Sclass=AC&Cono=A02B,2026-08-26T18:26:40+00:00
110-2-AC-A03B-A-1-A,110,2,理學院,AC,應用化學系,A03B,A,大學部,1,A,普通化學實驗(二)(B),1,必,30,26,,4,莊琇惠,C02-203,"2,3, 4",,,,,,,"[{""day"": 1, ""dayName"": ""星期一"", ""periods"": [""2"", ""3"", ""4""], ""raw"": ""2,3, 4""}]",限修,本系大一雙號,https://course.nuk.edu.tw/QueryCourse/tcontent.asp?OpenYear=110&Helf=2&Sclass=AC&Cono=A03B,2026-08-26T18:26:40+00:00
110-2-AC-A05B-A-1-A,110,2,理學院,AC,應用化學系,A05B,A,大學部,1,A,普通物理實驗(二),1,必,60,56,,4,胡裕民,C02-3004,,,,"5,6, 7",,,,"[{""day"": 4, ""dayName"": ""星期四"", ""periods"": [""5"", ""6"", ""7""], ""raw"": ""5,6, 7""}]",,C02-3004,https://course.nuk.edu.tw/QueryCourse/tcontent.asp?OpenYear=110&Helf=2&Sclass=AC&Cono=A05B,2026-08-26T18:26:40+00:00
110-2-AC-A09B-A-1-A,110,2,理學院,AC,應用化學系,A09B,A,大學部,1,A,普通物理(二),3,必,70,63,,7,馮世維,C02-406,,"5,6, 7",,,,,,"[{""day"": 2, ""dayName"": ""星期二"", ""periods"": [""5"", ""6"", ""7""], ""raw"": ""5,6, 7""}]",,,https://course.nuk.edu.tw/QueryCourse/tcontent.asp?OpenYear=110&Helf=2&Sclass=AC&Cono=A09B,2026-08-26T18:26:40+00:00
110-2-AC-A12B-A-1-A,110,2,理學院,AC,應用化學系,A12B,A,大學部,1,A,微積分(二),3,必,63,63,,0,鄭斯恩,C02-108,,,,"2,3, 4",,,,"[{""day"": 4, ""dayName"": ""星期四"", ""periods"": [""2"", ""3"", ""4""], ""raw"": ""2,3, 4""}]",,上課需有大黑板的教室,https://course.nuk.edu.tw/QueryCourse/tcontent.asp?OpenYear=110&Helf=2&Sclass=AC&Cono=A12B,2026-08-26T18:26:40+00:00
110-2-AC-B11A-A-1-A,110,2,理學院,AC,應用化學系,B11A,A,大學部,1,A,分析化學,3,必,81,73,,8,林佳慧,C02-111,,,,,"2,3, 4",,,"[{""day"": 5, ""dayName"": ""星期五"", ""periods"": [""2"", ""3"", ""4""], ""raw"": ""2,3, 4""}]",外加,,https://course.nuk.edu.tw/QueryCourse/tcontent.asp?OpenYear=110&Helf=2&Sclass=AC&Cono=B11A,2026-08-26T18:26:40+00:00
110-2-AC-B01B-A-2-A,110,2,理學院,AC,應用化學系,B01B,A,大學部,2,A,有機化學(二),4,必,80,51,,29,黃榮宗,C02-108,"2,3, 4,5",,,,,,,"[{""day"": 1, ""dayName"": ""星期一"", ""periods"": [""2"", ""3"", ""4"", ""5""], ""raw"": ""2,3, 4,5""}]",,需有大黑板(108、105),https://course.nuk.edu.tw/QueryCourse/tcontent.asp?OpenYear=110&Helf=2&Sclass=AC&Cono=B01B,2026-08-26T18:26:40+00:00
110-2-AC-B051-A-2-A,110,2,理學院,AC,應用化學系,B051,A,大學部,2,A,有機化學實驗(二)A,1,必,60,23,,37,周志明,C02-203,,,,,"5,6, 7",,,"[{""day"": 5, ""dayName"": ""星期五"", ""periods"": [""5"", ""6"", ""7""], ""raw"": ""5,6, 7""}]",限修,"大二單號,co2-203",https://course.nuk.edu.tw/QueryCourse/tcontent.asp?OpenYear=110&Helf=2&Sclass=AC&Cono=B051,2026-08-26T18:26:40+00:00
110-2-AC-B052-A-2-A,110,2,理學院,AC,應用化學系,B052,A,大學部,2,A,有機化學實驗(二)B,1,必,60,23,,37,郭文章,C02-203,,,"5,6, 7",,,,,"[{""day"": 3, ""dayName"": ""星期三"", ""periods"": [""5"", ""6"", ""7""], ""raw"": ""5,6, 7""}]",限修,大二雙號C02-203,https://course.nuk.edu.tw/QueryCourse/tcontent.asp?OpenYear=110&Helf=2&Sclass=AC&Cono=B052,2026-08-26T18:26:40+00:00
110-2-AC-B072-A-2-A,110,2,理學院,AC,應用化學系,B072,A,大學部,2,A,儀器分析實驗,1,必,60,46,,14,劉福鯤,,,,,"2,3, 4",,,,"[{""day"": 4, ""dayName"": ""星期四"", ""periods"": [""2"", ""3"", ""4""], ""raw"": ""2,3, 4""}]",限修,上課教室:C02-206,https://course.nuk.edu.tw/QueryCourse/tcontent.asp?OpenYear=110&Helf=2&Sclass=AC&Cono=B072,2026-08-26T18:26:40+00:00
110-2-AC-B13A-A-2-A,110,2,理學院,AC,應用化學系,B13A,A,大學部,2,A,化學數學,3,選,60,39,,21,莊曜遠,C02-104 其他教室,,"5,6, 7",,,,,,"[{""day"": 2, ""dayName"": ""星期二"", ""periods"": [""5"", ""6"", ""7""], ""raw"": ""5,6, 7""}]",,需一般教室及電腦教室,https://course.nuk.edu.tw/QueryCourse/tcontent.asp?OpenYear=110&Helf=2&Sclass=AC&Cono=B13A,2026-08-26T18:26:40+00:00
110-2-AC-B511-A-2-A,110,2,理學院,AC,應用化學系,B511,A,大學部,2,A,奈米科技與應用,3,選,60,25,,35,蔡振章,C02-211,,"2,3, 4",,,,,,"[{""day"": 2, ""dayName"": ""星期二"", ""periods"": [""2"", ""3"", ""4""], ""raw"": ""2,3, 4""}]",學程,"屬先進材料製備學程,請安排211室",https://course.nuk.edu.tw/QueryCourse/tcontent.asp?OpenYear=110&Helf=2&Sclass=AC&Cono=B511,2026-08-26T18:26:40+00:00
110-2-AC-C02A-A-2-A,110,2,理學院,AC,應用化學系,C02A,A,大學部,2,A,物理化學(一),3,必,70,65,,5,陳振興,C02-108,,,"2,3, 4",,,,,"[{""day"": 3, ""dayName"": ""星期三"", ""periods"": [""2"", ""3"", ""4""], ""raw"": ""2,3, 4""}]",,需大黑板,https://course.nuk.edu.tw/QueryCourse/tcontent.asp?OpenYear=110&Helf=2&Sclass=AC&Cono=C02A,2026-08-26T18:26:40+00:00
110-2-AC-C01B-A-3-A,110,2,理學院,AC,應用化學系,C01B,A,大學部,3,A,無機化學(二),3,必,80,53,,27,李頂瑜,C02-108,,"2,3, 4",,,,,,"[{""day"": 2, ""dayName"": ""星期二"", ""periods"": [""2"", ""3"", ""4""], ""raw"": ""2,3, 4""}]",,需大黑板上課,https://course.nuk.edu.tw/QueryCourse/tcontent.asp?OpenYear=110&Helf=2&Sclass=AC&Cono=C01B,2026-08-26T18:26:40+00:00
110-2-AC-C02C-A-3-A,110,2,理學院,AC,應用化學系,C02C,A,大學部,3,A,物理化學(三),3,必,60,44,,16,陳泓政,C02-103,,,,,"2,3, 4",,,"[{""day"": 5, ""dayName"": ""星期五"", ""periods"": [""2"", ""3"", ""4""], ""raw"": ""2,3, 4""}]",,,https://course.nuk.edu.tw/QueryCourse/tcontent.asp?OpenYear=110&Helf=2&Sclass=AC&Cono=C02C,2026-08-26T18:26:40+00:00
110-2-AC-C10A-A-3-A,110,2,理學院,AC,應用化學系,C10A,A,大學部,3,A,創意化學實驗(A),1,必,60,17,,43,蔡振章,C02-104 其他教室,,,"5,6, 7",,,,,"[{""day"": 3, ""dayName"": ""星期三"", ""periods"": [""5"", ""6"", ""7""], ""raw"": ""5,6, 7""}]",,大三單號/理學院203及理院普通教室,https://course.nuk.edu.tw/QueryCourse/tcontent.asp?OpenYear=110&Helf=2&Sclass=AC&Cono=C10A,2026-08-26T18:26:40+00:00
110-2-AC-C10B-A-3-A,110,2,理學院,AC,應用化學系,C10B,A,大學部,3,A,創意化學實驗(B),1,必,60,23,,37,莊曜遠,C02-103,,,"5,6, 7",,,,,"[{""day"": 3, ""dayName"": ""星期三"", ""periods"": [""5"", ""6"", ""7""], ""raw"": ""5,6, 7""}]",,大三雙號/理學院203室及普通教室,https://course.nuk.edu.tw/QueryCourse/tcontent.asp?OpenYear=110&Helf=2&Sclass=AC&Cono=C10B,2026-08-26T18:26:40+00:00
110-2-AC-C601-A-3-A,110,2,理學院,AC,應用化學系,C601,A,大學部,3,A,書報討論(一),1,必,60,19,,41,陳振興,C02-211,,,,"6,7",,,,"[{""day"": 4, ""dayName"": ""星期四"", ""periods"": [""6"", ""7""], ""raw"": ""6,7""}]",,"大三單號,請排211",https://course.nuk.edu.tw/QueryCourse/tcontent.asp?OpenYear=110&Helf=2&Sclass=AC&Cono=C601,2026-08-26T18:26:40+00:00
110-2-AC-D011-A-3-A,110,2,理學院,AC,應用化學系,D011,A,大學部,3,A,書報討論(二),1,必,60,24,,36,郭文章,C02-103,,,,"6,7",,,,"[{""day"": 4, ""dayName"": ""星期四"", ""periods"": [""6"", ""7""], ""raw"": ""6,7""}]",限修,大三雙號,https://course.nuk.edu.tw/QueryCourse/tcontent.asp?OpenYear=110&Helf=2&Sclass=AC&Cono=D011,2026-08-26T18:26:40+00:00
110-2-AC-F533-A-3-A,110,2,理學院,AC,應用化學系,F533,A,大學部,3,A,當代有機金屬化學,3,選,60,3,,57,周志明,C02-211,,,,,"2,3, 4",,,"[{""day"": 5, ""dayName"": ""星期五"", ""periods"": [""2"", ""3"", ""4""], ""raw"": ""2,3, 4""}]",學程,與碩班合開課程，限本系大三以上修習。請排211,https://course.nuk.edu.tw/QueryCourse/tcontent.asp?OpenYear=110&Helf=2&Sclass=AC&Cono=F533,2026-08-26T18:26:40+00:00
110-2-AC-F753-A-3-A,110,2,理學院,AC,應用化學系,F753,A,大學部,3,A,有機合成反應的回顧與討論,3,選,60,15,,45,黃榮宗,C02-106,,,,"2,3, 4",,,,"[{""day"": 4, ""dayName"": ""星期四"", ""periods"": [""2"", ""3"", ""4""], ""raw"": ""2,3, 4""}]",,"大三大四與碩班合開/需大黑板,請安排106教室",https://course.nuk.edu.tw/QueryCourse/tcontent.asp?OpenYear=110&Helf=2&Sclass=AC&Cono=F753,2026-08-26T18:26:40+00:00
110-2-AC-D70B-A-4-A,110,2,理學院,AC,應用化學系,D70B,A,大學部,4,A,業界實習2,9,選,5,4,,1,李頂瑜,,,,"10,11, 12",,,,,"[{""day"": 3, ""dayName"": ""星期三"", ""periods"": [""10"", ""11"", ""12""], ""raw"": ""10,11, 12""}]",,指定加簽，總時數應達486小時以上。,https://course.nuk.edu.tw/QueryCourse/tcontent.asp?OpenYear=110&Helf=2&Sclass=AC&Cono=D70B,2026-08-26T18:26:40+00:00
110-2-AC-F512-A-4-A,110,2,理學院,AC,應用化學系,F512,A,大學部,4,A,有機光譜分析與實作,3,選,60,18,,42,黃榮宗,C02-106,,"2,3, 4",,,,,,"[{""day"": 2, ""dayName"": ""星期二"", ""periods"": [""2"", ""3"", ""4""], ""raw"": ""2,3, 4""}]",,"與碩班合開/需大黑板,請排106教室",https://course.nuk.edu.tw/QueryCourse/tcontent.asp?OpenYear=110&Helf=2&Sclass=AC&Cono=F512,2026-08-26T18:26:40+00:00
110-2-AC-F522-A-4-A,110,2,理學院,AC,應用化學系,F522,A,大學部,4,A,奈米生物技術概論,3,選,60,5,,55,林佳慧,C02-104,,,,,"6,7, 8",,,"[{""day"": 5, ""dayName"": ""星期五"", ""periods"": [""6"", ""7"", ""8""], ""raw"": ""6,7, 8""}]",,大四、碩班合開,https://course.nuk.edu.tw/QueryCourse/tcontent.asp?OpenYear=110&Helf=2&Sclass=AC&Cono=F522,2026-08-26T18:26:40+00:00
110-2-AC-F533-A-4-A,110,2,理學院,AC,應用化學系,F533,A,大學部,4,A,當代有機金屬化學,3,選,60,3,,57,周志明,C02-211,,,,,"2,3, 4",,,"[{""day"": 5, ""dayName"": ""星期五"", ""periods"": [""2"", ""3"", ""4""], ""raw"": ""2,3, 4""}]",學程,與碩班合開課程，限本系大三以上修習。請排211,https://course.nuk.edu.tw/QueryCourse/tcontent.asp?OpenYear=110&Helf=2&Sclass=AC&Cono=F533,2026-08-26T18:26:40+00:00
110-2-AC-F573-A-4-A,110,2,理學院,AC,應用化學系,F573,A,大學部,4,A,應用光化學,3,選,60,41,,19,陳泓政,C02-103,,,"8,9, 10",,,,,"[{""day"": 3, ""dayName"": ""星期三"", ""periods"": [""8"", ""9"", ""10""], ""raw"": ""8,9, 10""}]",,大四、碩班合開,https://course.nuk.edu.tw/QueryCourse/tcontent.asp?OpenYear=110&Helf=2&Sclass=AC&Cono=F573,2026-08-26T18:26:40+00:00
110-2-AC-F601-A-4-A,110,2,理學院,AC,應用化學系,F601,A,大學部,4,A,高等分析化學,3,選,20,8,,12,何永皓,C02-209,,,"2,3, 4",,,,,"[{""day"": 3, ""dayName"": ""星期三"", ""periods"": [""2"", ""3"", ""4""], ""raw"": ""2,3, 4""}]",限修,大四與碩班合開,https://course.nuk.edu.tw/QueryCourse/tcontent.asp?OpenYear=110&Helf=2&Sclass=AC&Cono=F601,2026-08-26T18:26:40+00:00
110-2-AC-F624-A-4-A,110,2,理學院,AC,應用化學系,F624,A,大學部,4,A,鍍膜材料與技術,3,選,60,4,,56,蔡振章,C02-108,,,,,"2,3, 4",,,"[{""day"": 5, ""dayName"": ""星期五"", ""periods"": [""2"", ""3"", ""4""], ""raw"": ""2,3, 4""}]",,大四與碩班合開,https://course.nuk.edu.tw/QueryCourse/tcontent.asp?OpenYear=110&Helf=2&Sclass=AC&Cono=F624,2026-08-26T18:26:40+00:00
110-2-AC-F671-A-4-A,110,2,理學院,AC,應用化學系,F671,A,大學部,4,A,薄膜製程,3,選,60,14,,46,劉福鯤,C02-108,,,"5,6, 7",,,,,"[{""day"": 3, ""dayName"": ""星期三"", ""periods"": [""5"", ""6"", ""7""], ""raw"": ""5,6, 7""}]",學程,隸屬半導體光電製程學程/與碩班合開,https://course.nuk.edu.tw/QueryCourse/tcontent.asp?OpenYear=110&Helf=2&Sclass=AC&Cono=F671,2026-08-26T18:26:40+00:00
110-2-AC-F672-A-4-A,110,2,理學院,AC,應用化學系,F672,A,大學部,4,A,蝕刻製程,2,選,40,40,,0,莊琇惠,C02-103,,"5,6, 7",,,,,,"[{""day"": 2, ""dayName"": ""星期二"", ""periods"": [""5"", ""6"", ""7""], ""raw"": ""5,6, 7""}]",學程,"與碩班合開,修習半導體學程優先,1至12週上課",https://course.nuk.edu.tw/QueryCourse/tcontent.asp?OpenYear=110&Helf=2&Sclass=AC&Cono=F672,2026-08-26T18:26:40+00:00
110-2-AC-F692-A-4-A,110,2,理學院,AC,應用化學系,F692,A,大學部,4,A,層析實作與應用,3,選,20,20,,0,劉福鯤,C02-106,,"8,9, 10",,,,,,"[{""day"": 2, ""dayName"": ""星期二"", ""periods"": [""8"", ""9"", ""10""], ""raw"": ""8,9, 10""}]",限修,"與碩班合開,屬材料分析學程",https://course.nuk.edu.tw/QueryCourse/tcontent.asp?OpenYear=110&Helf=2&Sclass=AC&Cono=F692,2026-08-26T18:26:40+00:00
110-2-AC-F753-A-4-A,110,2,理學院,AC,應用化學系,F753,A,大學部,4,A,有機合成反應的回顧與討論,3,選,60,15,,45,黃榮宗,C02-106,,,,"2,3, 4",,,,"[{""day"": 4, ""dayName"": ""星期四"", ""periods"": [""2"", ""3"", ""4""], ""raw"": ""2,3, 4""}]",,"與碩班合開/需大黑板,請安排106教室",https://course.nuk.edu.tw/QueryCourse/tcontent.asp?OpenYear=110&Helf=2&Sclass=AC&Cono=F753,2026-08-26T18:26:40+00:00
110-2-AC-F791-A-4-A,110,2,理學院,AC,應用化學系,F791,A,大學部,4,A,儲能電池技術,3,選,60,50,,10,陳振興,C02-211,"5,6, 7",,,,,,,"[{""day"": 1, ""dayName"": ""星期一"", ""periods"": [""5"", ""6"", ""7""], ""raw"": ""5,6, 7""}]",學程,"與碩班合開,屬先進材料學程,請排211",https://course.nuk.edu.tw/QueryCourse/tcontent.asp?OpenYear=110&Helf=2&Sclass=AC&Cono=F791,2026-08-26T18:26:40+00:00
110-2-AC-F012-M-1-,110,2,理學院,AC,應用化學系,F012,M,碩士班,1,,書報討論(二),1,必,30,13,,17,林佳慧,C02-106,,,,"6,7",,,,"[{""day"": 4, ""dayName"": ""星期四"", ""periods"": [""6"", ""7""], ""raw"": ""6,7""}]",,,https://course.nuk.edu.tw/QueryCourse/tcontent.asp?OpenYear=110&Helf=2&Sclass=AC&Cono=F012,2026-08-26T18:26:40+00:00
110-2-AC-F512-M-1-,110,2,理學院,AC,應用化學系,F512,M,碩士班,1,,有機光譜分析與實作,3,選,60,18,,42,黃榮宗,C02-106,,"2,3, 4",,,,,,"[{""day"": 2, ""dayName"": ""星期二"", ""periods"": [""2"", ""3"", ""4""], ""raw"": ""2,3, 4""}]",,"與大四合開,需大黑板,請排理106室,屬材料分析學程",https://course.nuk.edu.tw/QueryCourse/tcontent.asp?OpenYear=110&Helf=2&Sclass=AC&Cono=F512,2026-08-26T18:26:40+00:00
110-2-AC-F522-M-1-,110,2,理學院,AC,應用化學系,F522,M,碩士班,1,,奈米生物技術概論,3,選,60,5,,55,林佳慧,C02-104,,,,,"6,7, 8",,,"[{""day"": 5, ""dayName"": ""星期五"", ""periods"": [""6"", ""7"", ""8""], ""raw"": ""6,7, 8""}]",,大四、碩班合開,https://course.nuk.edu.tw/QueryCourse/tcontent.asp?OpenYear=110&Helf=2&Sclass=AC&Cono=F522,2026-08-26T18:26:40+00:00
110-2-AC-F533-M-1-,110,2,理學院,AC,應用化學系,F533,M,碩士班,1,,當代有機金屬化學,3,選,60,3,,57,周志明,C02-211,,,,,"2,3, 4",,,"[{""day"": 5, ""dayName"": ""星期五"", ""periods"": [""2"", ""3"", ""4""], ""raw"": ""2,3, 4""}]",學程,"與大四合開(限本系大三以上),屬先進材料學程,請排C02-211",https://course.nuk.edu.tw/QueryCourse/tcontent.asp?OpenYear=110&Helf=2&Sclass=AC&Cono=F533,2026-08-26T18:26:40+00:00
110-2-AC-F573-M-1-,110,2,理學院,AC,應用化學系,F573,M,碩士班,1,,應用光化學,3,選,60,41,,19,陳泓政,C02-103,,,"8,9, 10",,,,,"[{""day"": 3, ""dayName"": ""星期三"", ""periods"": [""8"", ""9"", ""10""], ""raw"": ""8,9, 10""}]",,大四、碩班合開,https://course.nuk.edu.tw/QueryCourse/tcontent.asp?OpenYear=110&Helf=2&Sclass=AC&Cono=F573,2026-08-26T18:26:40+00:00
110-2-AC-F601-M-1-,110,2,理學院,AC,應用化學系,F601,M,碩士班,1,,高等分析化學,3,選,20,8,,12,何永皓,C02-209,,,"2,3, 4",,,,,"[{""day"": 3, ""dayName"": ""星期三"", ""periods"": [""2"", ""3"", ""4""], ""raw"": ""2,3, 4""}]",限修,"碩班與大四合開,屬材料分析學程",https://course.nuk.edu.tw/QueryCourse/tcontent.asp?OpenYear=110&Helf=2&Sclass=AC&Cono=F601,2026-08-26T18:26:40+00:00
110-2-AC-F624-M-1-,110,2,理學院,AC,應用化學系,F624,M,碩士班,1,,鍍膜材料與技術,3,選,60,4,,56,蔡振章,C02-108,,,,,"2,3, 4",,,"[{""day"": 5, ""dayName"": ""星期五"", ""periods"": [""2"", ""3"", ""4""], ""raw"": ""2,3, 4""}]",,大四與碩班合開,https://course.nuk.edu.tw/QueryCourse/tcontent.asp?OpenYear=110&Helf=2&Sclass=AC&Cono=F624,2026-08-26T18:26:40+00:00
110-2-AC-F635-M-1-,110,2,理學院,AC,應用化學系,F635,M,碩士班,1,,化學研究(二),3,選,30,12,,18,陳振興 郭文章 林佳慧,C02-108,,,,,"10,11, 12",,,"[{""day"": 5, ""dayName"": ""星期五"", ""periods"": [""10"", ""11"", ""12""], ""raw"": ""10,11, 12""}]",,,https://course.nuk.edu.tw/QueryCourse/tcontent.asp?OpenYear=110&Helf=2&Sclass=AC&Cono=F635,2026-08-26T18:26:40+00:00
110-2-AC-F671-M-1-,110,2,理學院,AC,應用化學系,F671,M,碩士班,1,,薄膜製程,3,選,60,14,,46,劉福鯤,C02-108,,,"5,6, 7",,,,,"[{""day"": 3, ""dayName"": ""星期三"", ""periods"": [""5"", ""6"", ""7""], ""raw"": ""5,6, 7""}]",學程,隸屬半導體光電製程學程/與大四合開,https://course.nuk.edu.tw/QueryCourse/tcontent.asp?OpenYear=110&Helf=2&Sclass=AC&Cono=F671,2026-08-26T18:26:40+00:00
110-2-AC-F672-M-1-,110,2,理學院,AC,應用化學系,F672,M,碩士班,1,,蝕刻製程,2,選,40,40,,0,莊琇惠,C02-103,,"5,6, 7",,,,,,"[{""day"": 2, ""dayName"": ""星期二"", ""periods"": [""5"", ""6"", ""7""], ""raw"": ""5,6, 7""}]",學程,"限大三以上,修習半導體學程優先/與大四合開,1至12週上課",https://course.nuk.edu.tw/QueryCourse/tcontent.asp?OpenYear=110&Helf=2&Sclass=AC&Cono=F672,2026-08-26T18:26:40+00:00
110-2-AC-F692-M-1-,110,2,理學院,AC,應用化學系,F692,M,碩士班,1,,層析實作與應用,3,選,20,20,,0,劉福鯤,C02-106,,"8,9, 10",,,,,,"[{""day"": 2, ""dayName"": ""星期二"", ""periods"": [""8"", ""9"", ""10""], ""raw"": ""8,9, 10""}]",限修,"碩班與大四合開,屬材料分析學程",https://course.nuk.edu.tw/QueryCourse/tcontent.asp?OpenYear=110&Helf=2&Sclass=AC&Cono=F692,2026-08-26T18:26:40+00:00
110-2-AC-F753-M-1-,110,2,理學院,AC,應用化學系,F753,M,碩士班,1,,有機合成反應的回顧與討論,3,選,60,15,,45,黃榮宗,C02-106,,,,"2,3, 4",,,,"[{""day"": 4, ""dayName"": ""星期四"", ""periods"": [""2"", ""3"", ""4""], ""raw"": ""2,3, 4""}]",,"碩班與大三大四合開,需大黑板,請安排C02-106",https://course.nuk.edu.tw/QueryCourse/tcontent.asp?OpenYear=110&Helf=2&Sclass=AC&Cono=F753,2026-08-26T18:26:40+00:00
110-2-AC-F791-M-1-,110,2,理學院,AC,應用化學系,F791,M,碩士班,1,,儲能電池技術,3,選,60,50,,10,陳振興,C02-211,"5,6, 7",,,,,,,"[{""day"": 1, ""dayName"": ""星期一"", ""periods"": [""5"", ""6"", ""7""], ""raw"": ""5,6, 7""}]",學程,"碩班與大四合開,屬先進材料學程,請排211",https://course.nuk.edu.tw/QueryCourse/tcontent.asp?OpenYear=110&Helf=2&Sclass=AC&Cono=F791,2026-08-26T18:26:40+00:00
110-2-AC-F605-M-2-,110,2,理學院,AC,應用化學系,F605,M,碩士班,2,,化學特性分析實驗,1,選,30,5,,25,陳泓政 莊琇惠 蔡振章,C02-106,,,,"8,9, 10",,,,"[{""day"": 4, ""dayName"": ""星期四"", ""periods"": [""8"", ""9"", ""10""], ""raw"": ""8,9, 10""}]",限修,限碩二以上修習,https://course.nuk.edu.tw/QueryCourse/tcontent.asp?OpenYear=110&Helf=2&Sclass=AC&Cono=F605,2026-08-26T18:26:40+00:00
110-2-AM-A01B-A-1-A,110,2,理學院,AM,應用數學系,A01B,A,大學部,1,A,微積分（二）,4,必,80,75,,5,劉青松,C02-407,,"3,4",,"3,4",,,,"[{""day"": 2, ""dayName"": ""星期二"", ""periods"": [""3"", ""4""], ""raw"": ""3,4""}, {""day"": 4, ""dayName"": ""星期四"", ""periods"": [""3"", ""4""], ""raw"": ""3,4""}]",,請安排大教室。,https://course.nuk.edu.tw/QueryCourse/tcontent.asp?OpenYear=110&Helf=2&Sclass=AM&Cono=A01B,2026-08-26T18:26:40+00:00
110-2-AM-A02B-A-1-A,110,2,理學院,AM,應用數學系,A02B,A,大學部,1,A,線性代數（二）,3,必,89,89,,0,梁育豪,C02-407,,"1,2",2,,,,,"[{""day"": 2, ""dayName"": ""星期二"", ""periods"": [""1"", ""2""], ""raw"": ""1,2""}, {""day"": 3, ""dayName"": ""星期三"", ""periods"": [""2""], ""raw"": ""2""}]",外加,請安排大教室。,https://course.nuk.edu.tw/QueryCourse/tcontent.asp?OpenYear=110&Helf=2&Sclass=AM&Cono=A02B,2026-08-26T18:26:40+00:00
110-2-AM-A03B-A-1-A,110,2,理學院,AM,應用數學系,A03B,A,大學部,1,A,基礎數學（二）,3,必,80,80,,0,施信宏,C02-105,,,"3,4",,1,,,"[{""day"": 3, ""dayName"": ""星期三"", ""periods"": [""3"", ""4""], ""raw"": ""3,4""}, {""day"": 5, ""dayName"": ""星期五"", ""periods"": [""1""], ""raw"": ""1""}]",,請安排大教室。,https://course.nuk.edu.tw/QueryCourse/tcontent.asp?OpenYear=110&Helf=2&Sclass=AM&Cono=A03B,2026-08-26T18:26:40+00:00
110-2-AM-A05B-A-1-A,110,2,理學院,AM,應用數學系,A05B,A,大學部,1,A,數學實習（二）,1,選,60,48,,12,劉青松,C02-406,,,,"6,7",,,,"[{""day"": 4, ""dayName"": ""星期四"", ""periods"": [""6"", ""7""], ""raw"": ""6,7""}]",,請安排大教室。,https://course.nuk.edu.tw/QueryCourse/tcontent.asp?OpenYear=110&Helf=2&Sclass=AM&Cono=A05B,2026-08-26T18:26:40+00:00
110-2-AM-A112-A-1-A,110,2,理學院,AM,應用數學系,A112,A,大學部,1,A,程式設計,3,必,80,80,,0,洪丞輝,C02-B101,,"5,6, 7",,,,,,"[{""day"": 2, ""dayName"": ""星期二"", ""periods"": [""5"", ""6"", ""7""], ""raw"": ""5,6, 7""}]",,上課教室：理B101室。第一階段選課：限大一、大四及延畢同學選修,https://course.nuk.edu.tw/QueryCourse/tcontent.asp?OpenYear=110&Helf=2&Sclass=AM&Cono=A112,2026-08-26T18:26:40+00:00
110-2-AM-A54B-A-1-A,110,2,理學院,AM,應用數學系,A54B,A,大學部,1,A,普通物理學(二),3,選,60,56,,4,廖英彥,C02-105,,,,,"2,3, 4",,,"[{""day"": 5, ""dayName"": ""星期五"", ""periods"": [""2"", ""3"", ""4""], ""raw"": ""2,3, 4""}]",,系必選,https://course.nuk.edu.tw/QueryCourse/tcontent.asp?OpenYear=110&Helf=2&Sclass=AM&Cono=A54B,2026-08-26T18:26:40+00:00
110-2-AM-B01B-A-2-A,110,2,理學院,AM,應用數學系,B01B,A,大學部,2,A,高等微積分(二),4,必,60,40,,20,林英杰,C02-105,,"3,4",,"3,4",,,,"[{""day"": 2, ""dayName"": ""星期二"", ""periods"": [""3"", ""4""], ""raw"": ""3,4""}, {""day"": 4, ""dayName"": ""星期四"", ""periods"": [""3"", ""4""], ""raw"": ""3,4""}]",限修,,https://course.nuk.edu.tw/QueryCourse/tcontent.asp?OpenYear=110&Helf=2&Sclass=AM&Cono=B01B,2026-08-26T18:26:40+00:00
110-2-AM-B02B-A-2-A,110,2,理學院,AM,應用數學系,B02B,A,大學部,2,A,機率與統計(二),3,必,80,58,,22,黃士峰,C02-406,"3,4",,,2,,,,"[{""day"": 1, ""dayName"": ""星期一"", ""periods"": [""3"", ""4""], ""raw"": ""3,4""}, {""day"": 4, ""dayName"": ""星期四"", ""periods"": [""2""], ""raw"": ""2""}]",學程,請安排大教室。,https://course.nuk.edu.tw/QueryCourse/tcontent.asp?OpenYear=110&Helf=2&Sclass=AM&Cono=B02B,2026-08-26T18:26:40+00:00
110-2-AM-B041-A-2-A,110,2,理學院,AM,應用數學系,B041,A,大學部,2,A,代數學(一),3,必,85,63,,22,鄭斯恩,C02-406,,2,,,"3,4",,,"[{""day"": 2, ""dayName"": ""星期二"", ""periods"": [""2""], ""raw"": ""2""}, {""day"": 5, ""dayName"": ""星期五"", ""periods"": [""3"", ""4""], ""raw"": ""3,4""}]",,請安排大教室。,https://course.nuk.edu.tw/QueryCourse/tcontent.asp?OpenYear=110&Helf=2&Sclass=AM&Cono=B041,2026-08-26T18:26:40+00:00
110-2-AM-B10C-A-2-A,110,2,理學院,AM,應用數學系,B10C,A,大學部,2,A,科技法學素養,2,必,83,83,,0,吳任偉,C02-105,,"11,12",,,,,,"[{""day"": 2, ""dayName"": ""星期二"", ""periods"": [""11"", ""12""], ""raw"": ""11,12""}]",外加,請安排大教室。與應物系及生科系合開。,https://course.nuk.edu.tw/QueryCourse/tcontent.asp?OpenYear=110&Helf=2&Sclass=AM&Cono=B10C,2026-08-26T18:26:40+00:00
110-2-AM-B50B-A-2-A,110,2,理學院,AM,應用數學系,B50B,A,大學部,2,A,數學實習(四),1,選,60,16,,44,林英杰,C02-407,,"6,7",,,,,,"[{""day"": 2, ""dayName"": ""星期二"", ""periods"": [""6"", ""7""], ""raw"": ""6,7""}]",,,https://course.nuk.edu.tw/QueryCourse/tcontent.asp?OpenYear=110&Helf=2&Sclass=AM&Cono=B50B,2026-08-26T18:26:40+00:00
110-2-AM-B541-A-2-A,110,2,理學院,AM,應用數學系,B541,A,大學部,2,A,微分方程(二),3,選,50,21,,29,陳晴玉,C02-407,,,"3,4",,5,,,"[{""day"": 3, ""dayName"": ""星期三"", ""periods"": [""3"", ""4""], ""raw"": ""3,4""}, {""day"": 5, ""dayName"": ""星期五"", ""periods"": [""5""], ""raw"": ""5""}]",,,https://course.nuk.edu.tw/QueryCourse/tcontent.asp?OpenYear=110&Helf=2&Sclass=AM&Cono=B541,2026-08-26T18:26:40+00:00
110-2-AM-C05B-A-3-A,110,2,理學院,AM,應用數學系,C05B,A,大學部,3,A,高等微積分(二),4,必,60,22,,38,吳宗芳,C02-406,,"3,4",,"3,4",,,,"[{""day"": 2, ""dayName"": ""星期二"", ""periods"": [""3"", ""4""], ""raw"": ""3,4""}, {""day"": 4, ""dayName"": ""星期四"", ""periods"": [""3"", ""4""], ""raw"": ""3,4""}]",限修,,https://course.nuk.edu.tw/QueryCourse/tcontent.asp?OpenYear=110&Helf=2&Sclass=AM&Cono=C05B,2026-08-26T18:26:40+00:00
110-2-AM-C551-A-3-A,110,2,理學院,AM,應用數學系,C551,A,大學部,3,A,數理統計(二),3,選,51,26,,25,張志浩,C02-104,,,"3,4",,2,,,"[{""day"": 3, ""dayName"": ""星期三"", ""periods"": [""3"", ""4""], ""raw"": ""3,4""}, {""day"": 5, ""dayName"": ""星期五"", ""periods"": [""2""], ""raw"": ""2""}]",,,https://course.nuk.edu.tw/QueryCourse/tcontent.asp?OpenYear=110&Helf=2&Sclass=AM&Cono=C551,2026-08-26T18:26:40+00:00
110-2-AM-C60C-A-3-A,110,2,理學院,AM,應用數學系,C60C,A,大學部,3,A,分析導論(二),3,選,50,17,,33,施信宏,C02-408,,2,,,"3,4",,,"[{""day"": 2, ""dayName"": ""星期二"", ""periods"": [""2""], ""raw"": ""2""}, {""day"": 5, ""dayName"": ""星期五"", ""periods"": [""3"", ""4""], ""raw"": ""3,4""}]",,上課教室：理408室,https://course.nuk.edu.tw/QueryCourse/tcontent.asp?OpenYear=110&Helf=2&Sclass=AM&Cono=C60C,2026-08-26T18:26:40+00:00
110-2-AM-C60G-A-3-A,110,2,理學院,AM,應用數學系,C60G,A,大學部,3,A,矩陣理論實習(二),1,選,50,17,,33,郭岳承,C02-450,,7,,,,,,"[{""day"": 2, ""dayName"": ""星期二"", ""periods"": [""7""], ""raw"": ""7""}]",,,https://course.nuk.edu.tw/QueryCourse/tcontent.asp?OpenYear=110&Helf=2&Sclass=AM&Cono=C60G,2026-08-26T18:26:40+00:00
110-2-AM-C623-A-3-A,110,2,理學院,AM,應用數學系,C623,A,大學部,3,A,演算法(二),3,選,60,20,,40,張惠蘭,C02-408,,,,"1,7, 8",,,,"[{""day"": 4, ""dayName"": ""星期四"", ""periods"": [""1"", ""7"", ""8""], ""raw"": ""1,7, 8""}]",,,https://course.nuk.edu.tw/QueryCourse/tcontent.asp?OpenYear=110&Helf=2&Sclass=AM&Cono=C623,2026-08-26T18:26:40+00:00
110-2-AM-C651-A-3-A,110,2,理學院,AM,應用數學系,C651,A,大學部,3,A,數值計算,3,選,60,23,,37,曾昱豪,C02-105,,1,"1,2",,,,,"[{""day"": 2, ""dayName"": ""星期二"", ""periods"": [""1""], ""raw"": ""1""}, {""day"": 3, ""dayName"": ""星期三"", ""periods"": [""1"", ""2""], ""raw"": ""1,2""}]",,,https://course.nuk.edu.tw/QueryCourse/tcontent.asp?OpenYear=110&Helf=2&Sclass=AM&Cono=C651,2026-08-26T18:26:40+00:00
110-2-AM-C701-A-3-A,110,2,理學院,AM,應用數學系,C701,A,大學部,3,A,專題實作(一),3,選,50,11,,39,梁育豪,C02-408,,,,,,"2,3, 4",,"[{""day"": 6, ""dayName"": ""星期六"", ""periods"": [""2"", ""3"", ""4""], ""raw"": ""2,3, 4""}]",,上課教室：理408室,https://course.nuk.edu.tw/QueryCourse/tcontent.asp?OpenYear=110&Helf=2&Sclass=AM&Cono=C701,2026-08-26T18:26:40+00:00
110-2-AM-D74B-A-3-A,110,2,理學院,AM,應用數學系,D74B,A,大學部,3,A,矩陣理論（二）,3,選,50,17,,33,郭岳承,C02-450,"3,4",6,,,,,,"[{""day"": 1, ""dayName"": ""星期一"", ""periods"": [""3"", ""4""], ""raw"": ""3,4""}, {""day"": 2, ""dayName"": ""星期二"", ""periods"": [""6""], ""raw"": ""6""}]",,,https://course.nuk.edu.tw/QueryCourse/tcontent.asp?OpenYear=110&Helf=2&Sclass=AM&Cono=D74B,2026-08-26T18:26:40+00:00
110-2-AM-D751-A-4-A,110,2,理學院,AM,應用數學系,D751,A,大學部,4,A,編碼理論,3,選,36,36,,0,鄭斯恩,C02-408,,"5,6",,6,,,,"[{""day"": 2, ""dayName"": ""星期二"", ""periods"": [""5"", ""6""], ""raw"": ""5,6""}, {""day"": 4, ""dayName"": ""星期四"", ""periods"": [""6""], ""raw"": ""6""}]",,,https://course.nuk.edu.tw/QueryCourse/tcontent.asp?OpenYear=110&Helf=2&Sclass=AM&Cono=D751,2026-08-26T18:26:40+00:00
110-2-AM-D900-A-4-A,110,2,理學院,AM,應用數學系,D900,A,大學部,4,A,企業實習,3,選,30,2,,28,黃士峰,C02-320,,,,,,"2,3, 4",,"[{""day"": 6, ""dayName"": ""星期六"", ""periods"": [""2"", ""3"", ""4""], ""raw"": ""2,3, 4""}]",,,https://course.nuk.edu.tw/QueryCourse/tcontent.asp?OpenYear=110&Helf=2&Sclass=AM&Cono=D900,2026-08-26T18:26:40+00:00
110-2-AM-F512-A-4-A,110,2,理學院,AM,應用數學系,F512,A,大學部,4,A,矩陣計算(二),3,選,30,12,,18,劉青松,C02-450,"5,6, 7",,,,,,,"[{""day"": 1, ""dayName"": ""星期一"", ""periods"": [""5"", ""6"", ""7""], ""raw"": ""5,6, 7""}]",,大四、碩班合開；上課教室：理450室,https://course.nuk.edu.tw/QueryCourse/tcontent.asp?OpenYear=110&Helf=2&Sclass=AM&Cono=F512,2026-08-26T18:26:40+00:00
110-2-AM-F526-A-4-A,110,2,理學院,AM,應用數學系,F526,A,大學部,4,A,Python程式設計(一),3,選,60,39,,21,楊洪鼎,C02-B101,,"2,3, 4",,,,,,"[{""day"": 2, ""dayName"": ""星期二"", ""periods"": [""2"", ""3"", ""4""], ""raw"": ""2,3, 4""}]",學程,大四、碩班合開；上課教室：理B101室,https://course.nuk.edu.tw/QueryCourse/tcontent.asp?OpenYear=110&Helf=2&Sclass=AM&Cono=F526,2026-08-26T18:26:40+00:00
110-2-AM-F529-A-4-A,110,2,理學院,AM,應用數學系,F529,A,大學部,4,A,數據科學與應用數學(二),3,選,30,21,,9,曾昱豪,C02-408,,"10,11, 12",,,,,,"[{""day"": 2, ""dayName"": ""星期二"", ""periods"": [""10"", ""11"", ""12""], ""raw"": ""10,11, 12""}]",,大四、碩班合開；上課教室：理408室,https://course.nuk.edu.tw/QueryCourse/tcontent.asp?OpenYear=110&Helf=2&Sclass=AM&Cono=F529,2026-08-26T18:26:40+00:00
110-2-AM-F607-A-4-A,110,2,理學院,AM,應用數學系,F607,A,大學部,4,A,深度學習,3,選,42,40,,2,張志鴻,C02-408,"2,3, 4",,,,,,,"[{""day"": 1, ""dayName"": ""星期一"", ""periods"": [""2"", ""3"", ""4""], ""raw"": ""2,3, 4""}]",外加,大四、碩班合開,https://course.nuk.edu.tw/QueryCourse/tcontent.asp?OpenYear=110&Helf=2&Sclass=AM&Cono=F607,2026-08-26T18:26:40+00:00
110-2-AM-F622-A-4-A,110,2,理學院,AM,應用數學系,F622,A,大學部,4,A,財務工程,3,選,30,16,,14,黃士峰,C02-408,"8,9",,,3,,,,"[{""day"": 1, ""dayName"": ""星期一"", ""periods"": [""8"", ""9""], ""raw"": ""8,9""}, {""day"": 4, ""dayName"": ""星期四"", ""periods"": [""3""], ""raw"": ""3""}]",,大四、碩班合開；上課教室：理408室,https://course.nuk.edu.tw/QueryCourse/tcontent.asp?OpenYear=110&Helf=2&Sclass=AM&Cono=F622,2026-08-26T18:26:40+00:00
110-2-AM-F641-A-4-A,110,2,理學院,AM,應用數學系,F641,A,大學部,4,A,生物數學,3,選,30,3,,27,陳晴玉,C02-450,,"2,3, 4",,,,,,"[{""day"": 2, ""dayName"": ""星期二"", ""periods"": [""2"", ""3"", ""4""], ""raw"": ""2,3, 4""}]",,大四、碩班合開；上課教室：理450室,https://course.nuk.edu.tw/QueryCourse/tcontent.asp?OpenYear=110&Helf=2&Sclass=AM&Cono=F641,2026-08-26T18:26:40+00:00
110-2-AM-F778-A-4-A,110,2,理學院,AM,應用數學系,F778,A,大學部,4,A,動態系統導論(二),3,選,30,8,,22,梁育豪,C02-450,,,,"2,3, 4",,,,"[{""day"": 4, ""dayName"": ""星期四"", ""periods"": [""2"", ""3"", ""4""], ""raw"": ""2,3, 4""}]",,大四、碩班合開；上課教室：理450室,https://course.nuk.edu.tw/QueryCourse/tcontent.asp?OpenYear=110&Helf=2&Sclass=AM&Cono=F778,2026-08-26T18:26:40+00:00
110-2-AM-K50E-D-1-,110,2,理學院,AM,應用數學系,K50E,D,博士班,1,,生物數學與建模專題(三),3,選,30,1,,29,陳晴玉,,,,,,"2,3, 4",,,"[{""day"": 5, ""dayName"": ""星期五"", ""periods"": [""2"", ""3"", ""4""], ""raw"": ""2,3, 4""}]",,上課教室：理455室。,https://course.nuk.edu.tw/QueryCourse/tcontent.asp?OpenYear=110&Helf=2&Sclass=AM&Cono=K50E,2026-08-26T18:26:40+00:00
110-2-AM-K514-D-1-,110,2,理學院,AM,應用數學系,K514,D,博士班,1,,分式階橢圓方程專題(二),3,選,30,2,,28,吳宗芳,C02-450,,,,"6,7, 8",,,,"[{""day"": 4, ""dayName"": ""星期四"", ""periods"": [""6"", ""7"", ""8""], ""raw"": ""6,7, 8""}]",,碩、博士班合開；上課教室：理450室,https://course.nuk.edu.tw/QueryCourse/tcontent.asp?OpenYear=110&Helf=2&Sclass=AM&Cono=K514,2026-08-26T18:26:40+00:00
110-2-AM-K60D-D-1-,110,2,理學院,AM,應用數學系,K60D,D,博士班,1,,動態系統專題(二),3,選,30,4,,26,張志鴻,C02-452,"5,6, 7",,,,,,,"[{""day"": 1, ""dayName"": ""星期一"", ""periods"": [""5"", ""6"", ""7""], ""raw"": ""5,6, 7""}]",,碩、博士班合開；上課教室：理452室,https://course.nuk.edu.tw/QueryCourse/tcontent.asp?OpenYear=110&Helf=2&Sclass=AM&Cono=K60D,2026-08-26T18:26:40+00:00
110-2-AM-K614-D-1-,110,2,理學院,AM,應用數學系,K614,D,博士班,1,,計數組合專題(二),3,選,30,1,,29,張惠蘭,,,,"2,3, 4",,,,,"[{""day"": 3, ""dayName"": ""星期三"", ""periods"": [""2"", ""3"", ""4""], ""raw"": ""2,3, 4""}]",,碩、博士班合開；上課教室：理455室,https://course.nuk.edu.tw/QueryCourse/tcontent.asp?OpenYear=110&Helf=2&Sclass=AM&Cono=K614,2026-08-26T18:26:40+00:00
110-2-AM-K66B-D-1-,110,2,理學院,AM,應用數學系,K66B,D,博士班,1,,泛函分析(二),3,選,30,3,,27,施信宏,其他教室,,"5,6",2,,,,,"[{""day"": 2, ""dayName"": ""星期二"", ""periods"": [""5"", ""6""], ""raw"": ""5,6""}, {""day"": 3, ""dayName"": ""星期三"", ""periods"": [""2""], ""raw"": ""2""}]",,碩、博士班合開；上課教室：理455室,https://course.nuk.edu.tw/QueryCourse/tcontent.asp?OpenYear=110&Helf=2&Sclass=AM&Cono=K66B,2026-08-26T18:26:40+00:00
110-2-AM-F012-M-1-,110,2,理學院,AM,應用數學系,F012,M,碩士班,1,,書報討論(二),1,必,30,6,,24,梁育豪,C02-408,,,"6,7",,,,,"[{""day"": 3, ""dayName"": ""星期三"", ""periods"": [""6"", ""7""], ""raw"": ""6,7""}]",,上課教室：理408室,https://course.nuk.edu.tw/QueryCourse/tcontent.asp?OpenYear=110&Helf=2&Sclass=AM&Cono=F012,2026-08-26T18:26:40+00:00
110-2-AM-F512-M-1-,110,2,理學院,AM,應用數學系,F512,M,碩士班,1,,矩陣計算(二),3,選,30,12,,18,劉青松,C02-450,"5,6, 7",,,,,,,"[{""day"": 1, ""dayName"": ""星期一"", ""periods"": [""5"", ""6"", ""7""], ""raw"": ""5,6, 7""}]",,大四、碩班合開；上課教室：理450室,https://course.nuk.edu.tw/QueryCourse/tcontent.asp?OpenYear=110&Helf=2&Sclass=AM&Cono=F512,2026-08-26T18:26:40+00:00
110-2-AM-F526-M-1-,110,2,理學院,AM,應用數學系,F526,M,碩士班,1,,Python程式設計(一),3,選,60,39,,21,楊洪鼎,C02-B101,,"2,3, 4",,,,,,"[{""day"": 2, ""dayName"": ""星期二"", ""periods"": [""2"", ""3"", ""4""], ""raw"": ""2,3, 4""}]",學程,大四、碩班合開；上課教室：理B101室,https://course.nuk.edu.tw/QueryCourse/tcontent.asp?OpenYear=110&Helf=2&Sclass=AM&Cono=F526,2026-08-26T18:26:40+00:00
110-2-AM-F529-M-1-,110,2,理學院,AM,應用數學系,F529,M,碩士班,1,,數據科學與應用數學(二),3,選,30,21,,9,曾昱豪,C02-408,,"10,11, 12",,,,,,"[{""day"": 2, ""dayName"": ""星期二"", ""periods"": [""10"", ""11"", ""12""], ""raw"": ""10,11, 12""}]",,大四、碩班合開；上課教室：理408室,https://course.nuk.edu.tw/QueryCourse/tcontent.asp?OpenYear=110&Helf=2&Sclass=AM&Cono=F529,2026-08-26T18:26:40+00:00
110-2-AM-F52B-M-1-,110,2,理學院,AM,應用數學系,F52B,M,碩士班,1,,科學計算專題（二）,3,選,30,5,,25,曾昱豪,C02-408,,,"10,11, 12",,,,,"[{""day"": 3, ""dayName"": ""星期三"", ""periods"": [""10"", ""11"", ""12""], ""raw"": ""10,11, 12""}]",,碩、博士班合開。上課教室:理學院408室,https://course.nuk.edu.tw/QueryCourse/tcontent.asp?OpenYear=110&Helf=2&Sclass=AM&Cono=F52B,2026-08-26T18:26:40+00:00
110-2-AM-F607-M-1-,110,2,理學院,AM,應用數學系,F607,M,碩士班,1,,深度學習,3,選,42,40,,2,張志鴻,C02-408,"2,3, 4",,,,,,,"[{""day"": 1, ""dayName"": ""星期一"", ""periods"": [""2"", ""3"", ""4""], ""raw"": ""2,3, 4""}]",外加,大四、碩班合開,https://course.nuk.edu.tw/QueryCourse/tcontent.asp?OpenYear=110&Helf=2&Sclass=AM&Cono=F607,2026-08-26T18:26:40+00:00
110-2-AM-F622-M-1-,110,2,理學院,AM,應用數學系,F622,M,碩士班,1,,財務工程,3,選,30,16,,14,黃士峰,C02-408,"8,9",,,3,,,,"[{""day"": 1, ""dayName"": ""星期一"", ""periods"": [""8"", ""9""], ""raw"": ""8,9""}, {""day"": 4, ""dayName"": ""星期四"", ""periods"": [""3""], ""raw"": ""3""}]",,大四、碩班合開；上課教室：理408室,https://course.nuk.edu.tw/QueryCourse/tcontent.asp?OpenYear=110&Helf=2&Sclass=AM&Cono=F622,2026-08-26T18:26:40+00:00
110-2-AM-F641-M-1-,110,2,理學院,AM,應用數學系,F641,M,碩士班,1,,生物數學,3,選,30,3,,27,陳晴玉,C02-450,,"2,3, 4",,,,,,"[{""day"": 2, ""dayName"": ""星期二"", ""periods"": [""2"", ""3"", ""4""], ""raw"": ""2,3, 4""}]",,大四、碩班合開；上課教室：理450室,https://course.nuk.edu.tw/QueryCourse/tcontent.asp?OpenYear=110&Helf=2&Sclass=AM&Cono=F641,2026-08-26T18:26:40+00:00
110-2-AM-F778-M-1-,110,2,理學院,AM,應用數學系,F778,M,碩士班,1,,動態系統導論(二),3,選,30,8,,22,梁育豪,C02-450,,,,"2,3, 4",,,,"[{""day"": 4, ""dayName"": ""星期四"", ""periods"": [""2"", ""3"", ""4""], ""raw"": ""2,3, 4""}]",,大四、碩班合開；上課教室：理450室,https://course.nuk.edu.tw/QueryCourse/tcontent.asp?OpenYear=110&Helf=2&Sclass=AM&Cono=F778,2026-08-26T18:26:40+00:00
110-2-AM-K514-M-1-,110,2,理學院,AM,應用數學系,K514,M,碩士班,1,,分式階橢圓方程專題(二),3,選,30,2,,28,吳宗芳,C02-450,,,,"6,7, 8",,,,"[{""day"": 4, ""dayName"": ""星期四"", ""periods"": [""6"", ""7"", ""8""], ""raw"": ""6,7, 8""}]",,碩、博士班合開。上課教室:理學院450室,https://course.nuk.edu.tw/QueryCourse/tcontent.asp?OpenYear=110&Helf=2&Sclass=AM&Cono=K514,2026-08-26T18:26:40+00:00
110-2-AM-K60D-M-1-,110,2,理學院,AM,應用數學系,K60D,M,碩士班,1,,動態系統專題(二),3,選,30,4,,26,張志鴻,C02-452,"5,6, 7",,,,,,,"[{""day"": 1, ""dayName"": ""星期一"", ""periods"": [""5"", ""6"", ""7""], ""raw"": ""5,6, 7""}]",,碩、博士班合開；上課教室：理452,https://course.nuk.edu.tw/QueryCourse/tcontent.asp?OpenYear=110&Helf=2&Sclass=AM&Cono=K60D,2026-08-26T18:26:40+00:00
110-2-AM-K614-M-1-,110,2,理學院,AM,應用數學系,K614,M,碩士班,1,,計數組合專題(二),3,選,30,1,,29,張惠蘭,,,,"2,3, 4",,,,,"[{""day"": 3, ""dayName"": ""星期三"", ""periods"": [""2"", ""3"", ""4""], ""raw"": ""2,3, 4""}]",,碩、博士班合開；上課教室：理455室,https://course.nuk.edu.tw/QueryCourse/tcontent.asp?OpenYear=110&Helf=2&Sclass=AM&Cono=K614,2026-08-26T18:26:40+00:00
110-2-AM-K66B-M-1-,110,2,理學院,AM,應用數學系,K66B,M,碩士班,1,,泛函分析(二),3,選,30,3,,27,施信宏,其他教室,,"5,6",2,,,,,"[{""day"": 2, ""dayName"": ""星期二"", ""periods"": [""5"", ""6""], ""raw"": ""5,6""}, {""day"": 3, ""dayName"": ""星期三"", ""periods"": [""2""], ""raw"": ""2""}]",,碩、博士班合開；上課教室：理455,https://course.nuk.edu.tw/QueryCourse/tcontent.asp?OpenYear=110&Helf=2&Sclass=AM&Cono=K66B,2026-08-26T18:26:40+00:00
110-2-AP-A01B-A-1-A,110,2,理學院,AP,應用物理學系,A01B,A,大學部,1,A,微積分(二),3,必,75,75,,0,林英杰,C02-406,,,"2,3, 4",,,,,"[{""day"": 3, ""dayName"": ""星期三"", ""periods"": [""2"", ""3"", ""4""], ""raw"": ""2,3, 4""}]",,,https://course.nuk.edu.tw/QueryCourse/tcontent.asp?OpenYear=110&Helf=2&Sclass=AP&Cono=A01B,2026-08-26T18:26:40+00:00
110-2-AP-A03B-A-1-A,110,2,理學院,AP,應用物理學系,A03B,A,大學部,1,A,普通物理學（二）,3,必,80,62,,18,謝振豪,C02-105,,"5,6, 7",,,,,,"[{""day"": 2, ""dayName"": ""星期二"", ""periods"": [""5"", ""6"", ""7""], ""raw"": ""5,6, 7""}]",學程,,https://course.nuk.edu.tw/QueryCourse/tcontent.asp?OpenYear=110&Helf=2&Sclass=AP&Cono=A03B,2026-08-26T18:26:40+00:00
110-2-AP-A041-A-1-A,110,2,理學院,AP,應用物理學系,A041,A,大學部,1,A,普通物理實驗(二)A,1,必,32,27,,5,余進忠,C02-3004,,,,,"2,3, 4",,,"[{""day"": 5, ""dayName"": ""星期五"", ""periods"": [""2"", ""3"", ""4""], ""raw"": ""2,3, 4""}]",,限本系雙號學生選課,https://course.nuk.edu.tw/QueryCourse/tcontent.asp?OpenYear=110&Helf=2&Sclass=AP&Cono=A041,2026-08-26T18:26:40+00:00
110-2-AP-A042-A-1-A,110,2,理學院,AP,應用物理學系,A042,A,大學部,1,A,普通物理實驗(二)B,1,必,30,28,,2,余進忠,C02-3004,,,,,"5,6, 7",,,"[{""day"": 5, ""dayName"": ""星期五"", ""periods"": [""5"", ""6"", ""7""], ""raw"": ""5,6, 7""}]",,限本系單號學生選課,https://course.nuk.edu.tw/QueryCourse/tcontent.asp?OpenYear=110&Helf=2&Sclass=AP&Cono=A042,2026-08-26T18:26:40+00:00
110-2-AP-A05B-A-1-A,110,2,理學院,AP,應用物理學系,A05B,A,大學部,1,A,普通化學（二）,3,必,63,61,,2,周志明,C02-111,,,,"5,6, 7",,,,"[{""day"": 4, ""dayName"": ""星期四"", ""periods"": [""5"", ""6"", ""7""], ""raw"": ""5,6, 7""}]",外加,,https://course.nuk.edu.tw/QueryCourse/tcontent.asp?OpenYear=110&Helf=2&Sclass=AP&Cono=A05B,2026-08-26T18:26:40+00:00
110-2-AP-A06B-A-1-A,110,2,理學院,AP,應用物理學系,A06B,A,大學部,1,A,普通化學實驗(二),1,必,60,50,,10,李頂瑜,C02-203,,,,"2,3, 4",,,,"[{""day"": 4, ""dayName"": ""星期四"", ""periods"": [""2"", ""3"", ""4""], ""raw"": ""2,3, 4""}]",,,https://course.nuk.edu.tw/QueryCourse/tcontent.asp?OpenYear=110&Helf=2&Sclass=AP&Cono=A06B,2026-08-26T18:26:40+00:00
110-2-AP-A161-A-1-A,110,2,理學院,AP,應用物理學系,A161,A,大學部,1,A,工程數學(一),3,必,65,62,,3,廖英彥,C02-111,,"2,3, 4",,,,,,"[{""day"": 2, ""dayName"": ""星期二"", ""periods"": [""2"", ""3"", ""4""], ""raw"": ""2,3, 4""}]",外加,,https://course.nuk.edu.tw/QueryCourse/tcontent.asp?OpenYear=110&Helf=2&Sclass=AP&Cono=A161,2026-08-26T18:26:40+00:00
110-2-AP-B03B-A-2-A,110,2,理學院,AP,應用物理學系,B03B,A,大學部,2,A,電磁學(二),3,必,71,46,,25,胡裕民,C02-107,"2,3, 4",,,,,,,"[{""day"": 1, ""dayName"": ""星期一"", ""periods"": [""2"", ""3"", ""4""], ""raw"": ""2,3, 4""}]",,,https://course.nuk.edu.tw/QueryCourse/tcontent.asp?OpenYear=110&Helf=2&Sclass=AP&Cono=B03B,2026-08-26T18:26:40+00:00
110-2-AP-B051-A-2-A,110,2,理學院,AP,應用物理學系,B051,A,大學部,2,A,近代物理實驗,2,必,60,41,,19,韓岱君,C02-3005,,,,"2,3, 4",,,,"[{""day"": 4, ""dayName"": ""星期四"", ""periods"": [""2"", ""3"", ""4""], ""raw"": ""2,3, 4""}]",,,https://course.nuk.edu.tw/QueryCourse/tcontent.asp?OpenYear=110&Helf=2&Sclass=AP&Cono=B051,2026-08-26T18:26:40+00:00
110-2-AP-B061-A-2-A,110,2,理學院,AP,應用物理學系,B061,A,大學部,2,A,近代物理導論,3,選,60,48,,12,蔡進譯,C02-105,"5,6, 7",,,,,,,"[{""day"": 1, ""dayName"": ""星期一"", ""periods"": [""5"", ""6"", ""7""], ""raw"": ""5,6, 7""}]",,本課程已改為『必選』，請100級(含)以後本系的學生一定要選修本課程，以免影響畢業資格。,https://course.nuk.edu.tw/QueryCourse/tcontent.asp?OpenYear=110&Helf=2&Sclass=AP&Cono=B061,2026-08-26T18:26:40+00:00
110-2-AP-B101-A-2-A,110,2,理學院,AP,應用物理學系,B101,A,大學部,2,A,物理數學,3,選,60,45,,15,邱昭文,C02-107,,"2,3, 4",,,,,,"[{""day"": 2, ""dayName"": ""星期二"", ""periods"": [""2"", ""3"", ""4""], ""raw"": ""2,3, 4""}]",,本課程已改為『必選』，請105級(含)以後本系的學生一定要選修本課程，以免影響畢業資格。,https://course.nuk.edu.tw/QueryCourse/tcontent.asp?OpenYear=110&Helf=2&Sclass=AP&Cono=B101,2026-08-26T18:26:40+00:00
110-2-AP-B121-A-2-A,110,2,理學院,AP,應用物理學系,B121,A,大學部,2,A,光電導論,3,選,61,40,,21,馮世維,C02-102,,,,"5,6, 7",,,,"[{""day"": 4, ""dayName"": ""星期四"", ""periods"": [""5"", ""6"", ""7""], ""raw"": ""5,6, 7""}]",,,https://course.nuk.edu.tw/QueryCourse/tcontent.asp?OpenYear=110&Helf=2&Sclass=AP&Cono=B121,2026-08-26T18:26:40+00:00
110-2-AP-B53B-A-2-A,110,2,理學院,AP,應用物理學系,B53B,A,大學部,2,A,電路學(二),3,選,60,43,,17,韓岱君,C02-107,,"5,6, 7",,,,,,"[{""day"": 2, ""dayName"": ""星期二"", ""periods"": [""5"", ""6"", ""7""], ""raw"": ""5,6, 7""}]",,本課程已改為『必選』，請105學年度(含) 以後本系的學生一定要選修本課程，以免影響畢業資格。,https://course.nuk.edu.tw/QueryCourse/tcontent.asp?OpenYear=110&Helf=2&Sclass=AP&Cono=B53B,2026-08-26T18:26:40+00:00
110-2-AP-B58B-A-2-A,110,2,理學院,AP,應用物理學系,B58B,A,大學部,2,A,理論力學(二),3,選,60,36,,24,韓岱君,C02-107,,,"2,3, 4",,,,,"[{""day"": 3, ""dayName"": ""星期三"", ""periods"": [""2"", ""3"", ""4""], ""raw"": ""2,3, 4""}]",,,https://course.nuk.edu.tw/QueryCourse/tcontent.asp?OpenYear=110&Helf=2&Sclass=AP&Cono=B58B,2026-08-26T18:26:40+00:00
110-2-AP-C02B-A-3-A,110,2,理學院,AP,應用物理學系,C02B,A,大學部,3,A,量子物理(二),3,必,60,43,,17,余進忠,C02-30022,,,,"2,3, 4",,,,"[{""day"": 4, ""dayName"": ""星期四"", ""periods"": [""2"", ""3"", ""4""], ""raw"": ""2,3, 4""}]",,,https://course.nuk.edu.tw/QueryCourse/tcontent.asp?OpenYear=110&Helf=2&Sclass=AP&Cono=C02B,2026-08-26T18:26:40+00:00
110-2-AP-C60B-A-3-A,110,2,理學院,AP,應用物理學系,C60B,A,大學部,3,A,光學(二),3,選,63,10,,53,邱昭文,C02-107,"5,6, 7",,,,,,,"[{""day"": 1, ""dayName"": ""星期一"", ""periods"": [""5"", ""6"", ""7""], ""raw"": ""5,6, 7""}]",學程,,https://course.nuk.edu.tw/QueryCourse/tcontent.asp?OpenYear=110&Helf=2&Sclass=AP&Cono=C60B,2026-08-26T18:26:40+00:00
110-2-AP-C67A-A-3-A,110,2,理學院,AP,應用物理學系,C67A,A,大學部,3,A,奈米光電專題實作(一),1,選,30,13,,17,邱昭文,C02-30022,,,,,"7,8, 9",,,"[{""day"": 5, ""dayName"": ""星期五"", ""periods"": [""7"", ""8"", ""9""], ""raw"": ""7,8, 9""}]",,本課程為『必選』且需在周三下午第6~7節課聽演講，請102學年度(含)以後本系的大學部學生一定要選修本課程，以免影響畢業資格。本課程與固態材料專題實作(一)擇一選課即可。,https://course.nuk.edu.tw/QueryCourse/tcontent.asp?OpenYear=110&Helf=2&Sclass=AP&Cono=C67A,2026-08-26T18:26:40+00:00
110-2-AP-C67B-A-3-A,110,2,理學院,AP,應用物理學系,C67B,A,大學部,3,A,固態材料專題實作(一),1,選,30,27,,3,邱昭文,C02-30022,,,,,"10,11, 12",,,"[{""day"": 5, ""dayName"": ""星期五"", ""periods"": [""10"", ""11"", ""12""], ""raw"": ""10,11, 12""}]",,本課程為『必選』且需在周三下午第6~7節課聽演講，請102學年度(含)以後本系的大學部學生一定要選修本課程，以免影響畢業資格。本課程與奈米光電專題實作(一)擇一選課即可。,https://course.nuk.edu.tw/QueryCourse/tcontent.asp?OpenYear=110&Helf=2&Sclass=AP&Cono=C67B,2026-08-26T18:26:40+00:00
110-2-AP-C682-A-3-A,110,2,理學院,AP,應用物理學系,C682,A,大學部,3,A,應用電子學(二),3,選,60,15,,45,黃建榮,C02-30022,,,"2,3, 4",,,,,"[{""day"": 3, ""dayName"": ""星期三"", ""periods"": [""2"", ""3"", ""4""], ""raw"": ""2,3, 4""}]",,,https://course.nuk.edu.tw/QueryCourse/tcontent.asp?OpenYear=110&Helf=2&Sclass=AP&Cono=C682,2026-08-26T18:26:40+00:00
110-2-AP-C68B-A-3-A,110,2,理學院,AP,應用物理學系,C68B,A,大學部,3,A,應用電子學實驗(二),2,選,60,10,,50,謝振豪,C02-3006,"2,3, 4",,,,,,,"[{""day"": 1, ""dayName"": ""星期一"", ""periods"": [""2"", ""3"", ""4""], ""raw"": ""2,3, 4""}]",,,https://course.nuk.edu.tw/QueryCourse/tcontent.asp?OpenYear=110&Helf=2&Sclass=AP&Cono=C68B,2026-08-26T18:26:40+00:00
110-2-AP-F59B-A-4-A,110,2,理學院,AP,應用物理學系,F59B,A,大學部,4,A,半導體元件與物理(二),3,選,60,7,,53,謝振豪,C02-521,,,,"2,3, 4",,,,"[{""day"": 4, ""dayName"": ""星期四"", ""periods"": [""2"", ""3"", ""4""], ""raw"": ""2,3, 4""}]",學程,本課程與本系碩一合開。,https://course.nuk.edu.tw/QueryCourse/tcontent.asp?OpenYear=110&Helf=2&Sclass=AP&Cono=F59B,2026-08-26T18:26:40+00:00
110-2-AP-F601-A-4-A,110,2,理學院,AP,應用物理學系,F601,A,大學部,4,A,有機電致發光二極體,3,選,60,9,,51,黃建榮,C02-30022,,"2,3, 4",,,,,,"[{""day"": 2, ""dayName"": ""星期二"", ""periods"": [""2"", ""3"", ""4""], ""raw"": ""2,3, 4""}]",學程,本課程與本系碩一合開。,https://course.nuk.edu.tw/QueryCourse/tcontent.asp?OpenYear=110&Helf=2&Sclass=AP&Cono=F601,2026-08-26T18:26:40+00:00
110-2-AP-F66B-A-4-A,110,2,理學院,AP,應用物理學系,F66B,A,大學部,4,A,固態物理(二),3,選,60,29,,31,胡裕民,C02-106,,,"2,3, 4",,,,,"[{""day"": 3, ""dayName"": ""星期三"", ""periods"": [""2"", ""3"", ""4""], ""raw"": ""2,3, 4""}]",學程,本課程與本系碩一合開。,https://course.nuk.edu.tw/QueryCourse/tcontent.asp?OpenYear=110&Helf=2&Sclass=AP&Cono=F66B,2026-08-26T18:26:40+00:00
110-2-AP-F67B-A-4-A,110,2,理學院,AP,應用物理學系,F67B,A,大學部,4,A,量子力學(二),3,選,60,43,,17,蔡進譯,C02-103,"2,3, 4",,,,,,,"[{""day"": 1, ""dayName"": ""星期一"", ""periods"": [""2"", ""3"", ""4""], ""raw"": ""2,3, 4""}]",,本課程與本系碩一合開。,https://course.nuk.edu.tw/QueryCourse/tcontent.asp?OpenYear=110&Helf=2&Sclass=AP&Cono=F67B,2026-08-26T18:26:40+00:00
110-2-AP-F681-A-4-A,110,2,理學院,AP,應用物理學系,F681,A,大學部,4,A,應用光譜學,3,選,60,37,,23,廖英彥,C02-103,"5,6, 7",,,,,,,"[{""day"": 1, ""dayName"": ""星期一"", ""periods"": [""5"", ""6"", ""7""], ""raw"": ""5,6, 7""}]",,本課程與本系碩一合開。,https://course.nuk.edu.tw/QueryCourse/tcontent.asp?OpenYear=110&Helf=2&Sclass=AP&Cono=F681,2026-08-26T18:26:40+00:00
110-2-AP-F80B-A-4-A,110,2,理學院,AP,應用物理學系,F80B,A,大學部,4,A,科技英文(二),3,選,61,52,,9,蔡進譯,C02-105,"8,9, 10",,,,,,,"[{""day"": 1, ""dayName"": ""星期一"", ""periods"": [""8"", ""9"", ""10""], ""raw"": ""8,9, 10""}]",,本課程與本系碩一合開。,https://course.nuk.edu.tw/QueryCourse/tcontent.asp?OpenYear=110&Helf=2&Sclass=AP&Cono=F80B,2026-08-26T18:26:40+00:00
110-2-AP-F02B-M-1-,110,2,理學院,AP,應用物理學系,F02B,M,碩士班,1,,書報討論(二),0,必,30,3,,27,邱昭文,C02-30022,,,"6,7",,,,,"[{""day"": 3, ""dayName"": ""星期三"", ""periods"": [""6"", ""7""], ""raw"": ""6,7""}]",,,https://course.nuk.edu.tw/QueryCourse/tcontent.asp?OpenYear=110&Helf=2&Sclass=AP&Cono=F02B,2026-08-26T18:26:40+00:00
110-2-AP-F59B-M-1-,110,2,理學院,AP,應用物理學系,F59B,M,碩士班,1,,半導體元件與物理(二),3,選,60,7,,53,謝振豪,C02-521,,,,"2,3, 4",,,,"[{""day"": 4, ""dayName"": ""星期四"", ""periods"": [""2"", ""3"", ""4""], ""raw"": ""2,3, 4""}]",學程,本課程與大四合開。,https://course.nuk.edu.tw/QueryCourse/tcontent.asp?OpenYear=110&Helf=2&Sclass=AP&Cono=F59B,2026-08-26T18:26:40+00:00
110-2-AP-F601-M-1-,110,2,理學院,AP,應用物理學系,F601,M,碩士班,1,,有機電致發光二極體,3,選,60,9,,51,黃建榮,C02-30022,,"2,3, 4",,,,,,"[{""day"": 2, ""dayName"": ""星期二"", ""periods"": [""2"", ""3"", ""4""], ""raw"": ""2,3, 4""}]",學程,本課程與大四合開。,https://course.nuk.edu.tw/QueryCourse/tcontent.asp?OpenYear=110&Helf=2&Sclass=AP&Cono=F601,2026-08-26T18:26:40+00:00
110-2-AP-F66B-M-1-,110,2,理學院,AP,應用物理學系,F66B,M,碩士班,1,,固態物理(二),3,選,60,29,,31,胡裕民,C02-106,,,"2,3, 4",,,,,"[{""day"": 3, ""dayName"": ""星期三"", ""periods"": [""2"", ""3"", ""4""], ""raw"": ""2,3, 4""}]",學程,本課程與大四合開。,https://course.nuk.edu.tw/QueryCourse/tcontent.asp?OpenYear=110&Helf=2&Sclass=AP&Cono=F66B,2026-08-26T18:26:40+00:00
110-2-AP-F67B-M-1-,110,2,理學院,AP,應用物理學系,F67B,M,碩士班,1,,量子力學(二),3,選,60,43,,17,蔡進譯,C02-103,"2,3, 4",,,,,,,"[{""day"": 1, ""dayName"": ""星期一"", ""periods"": [""2"", ""3"", ""4""], ""raw"": ""2,3, 4""}]",,本課程與大四合開。,https://course.nuk.edu.tw/QueryCourse/tcontent.asp?OpenYear=110&Helf=2&Sclass=AP&Cono=F67B,2026-08-26T18:26:40+00:00
110-2-AP-F681-M-1-,110,2,理學院,AP,應用物理學系,F681,M,碩士班,1,,應用光譜學,3,選,60,37,,23,廖英彥,C02-103,"5,6, 7",,,,,,,"[{""day"": 1, ""dayName"": ""星期一"", ""periods"": [""5"", ""6"", ""7""], ""raw"": ""5,6, 7""}]",,本課程與大四合開。,https://course.nuk.edu.tw/QueryCourse/tcontent.asp?OpenYear=110&Helf=2&Sclass=AP&Cono=F681,2026-08-26T18:26:40+00:00
110-2-AP-F702-M-1-,110,2,理學院,AP,應用物理學系,F702,M,碩士班,1,,專題研究(二),1,選,30,3,,27,馮世維,C02-521,,,,,"8,9, 10",,,"[{""day"": 5, ""dayName"": ""星期五"", ""periods"": [""8"", ""9"", ""10""], ""raw"": ""8,9, 10""}]",,"本課程已改為必選,請102學年度(含)以後本系的碩士班學生一定要選修本課程,以免影響畢業資格",https://course.nuk.edu.tw/QueryCourse/tcontent.asp?OpenYear=110&Helf=2&Sclass=AP&Cono=F702,2026-08-26T18:26:40+00:00
110-2-AP-F80B-M-1-,110,2,理學院,AP,應用物理學系,F80B,M,碩士班,1,,科技英文(二),3,選,61,52,,9,蔡進譯,C02-105,"8,9, 10",,,,,,,"[{""day"": 1, ""dayName"": ""星期一"", ""periods"": [""8"", ""9"", ""10""], ""raw"": ""8,9, 10""}]",,本課程與大四合開。,https://course.nuk.edu.tw/QueryCourse/tcontent.asp?OpenYear=110&Helf=2&Sclass=AP&Cono=F80B,2026-08-26T18:26:40+00:00
110-2-AP-G002-M-2-,110,2,理學院,AP,應用物理學系,G002,M,碩士班,2,,書報討論(四),0,必,30,6,,24,黃建榮,C02-30022,,,"6,7",,,,,"[{""day"": 3, ""dayName"": ""星期三"", ""periods"": [""6"", ""7""], ""raw"": ""6,7""}]",,,https://course.nuk.edu.tw/QueryCourse/tcontent.asp?OpenYear=110&Helf=2&Sclass=AP&Cono=G002,2026-08-26T18:26:40+00:00
110-2-LS-A01B-A-1-A,110,2,理學院,LS,生命科學系,A01B,A,大學部,1,A,普通生物學(二),3,必,60,53,,7,施能朗,C02-102,,,,"2,3, 4",,,,"[{""day"": 4, ""dayName"": ""星期四"", ""periods"": [""2"", ""3"", ""4""], ""raw"": ""2,3, 4""}]",,,https://course.nuk.edu.tw/QueryCourse/tcontent.asp?OpenYear=110&Helf=2&Sclass=LS&Cono=A01B,2026-08-26T18:26:40+00:00
110-2-LS-A02B-A-1-A,110,2,理學院,LS,生命科學系,A02B,A,大學部,1,A,普通生物學實驗(二),1,必,30,25,,5,王俊順,C02-202,,,,"5,6, 7",,,,"[{""day"": 4, ""dayName"": ""星期四"", ""periods"": [""5"", ""6"", ""7""], ""raw"": ""5,6, 7""}]",,使用C02-202實驗室、本系一年級雙號學生,https://course.nuk.edu.tw/QueryCourse/tcontent.asp?OpenYear=110&Helf=2&Sclass=LS&Cono=A02B,2026-08-26T18:26:40+00:00
110-2-LS-A03B-A-1-A,110,2,理學院,LS,生命科學系,A03B,A,大學部,1,A,普通生物學實驗(二),1,必,30,22,,8,黃永森,C02-202,,,,,"2,3, 4",,,"[{""day"": 5, ""dayName"": ""星期五"", ""periods"": [""2"", ""3"", ""4""], ""raw"": ""2,3, 4""}]",,使用C02-202實驗室、本系一年級單號學生,https://course.nuk.edu.tw/QueryCourse/tcontent.asp?OpenYear=110&Helf=2&Sclass=LS&Cono=A03B,2026-08-26T18:26:40+00:00
110-2-LS-A041-A-1-A,110,2,理學院,LS,生命科學系,A041,A,大學部,1,A,生命科學概論,3,必,60,51,,9,黃重期,C02-101,,"5,6, 7",,,,,,"[{""day"": 2, ""dayName"": ""星期二"", ""periods"": [""5"", ""6"", ""7""], ""raw"": ""5,6, 7""}]",學程,,https://course.nuk.edu.tw/QueryCourse/tcontent.asp?OpenYear=110&Helf=2&Sclass=LS&Cono=A041,2026-08-26T18:26:40+00:00
110-2-LS-A07B-A-1-A,110,2,理學院,LS,生命科學系,A07B,A,大學部,1,A,普通化學(二),3,必,60,58,,2,何永皓,C02-102,"2,3, 4",,,,,,,"[{""day"": 1, ""dayName"": ""星期一"", ""periods"": [""2"", ""3"", ""4""], ""raw"": ""2,3, 4""}]",,,https://course.nuk.edu.tw/QueryCourse/tcontent.asp?OpenYear=110&Helf=2&Sclass=LS&Cono=A07B,2026-08-26T18:26:40+00:00
110-2-LS-B582-A-1-A,110,2,理學院,LS,生命科學系,B582,A,大學部,1,A,無脊椎動物學,3,選,60,36,,24,溫秋明,C02-102,,"2,3, 4",,,,,,"[{""day"": 2, ""dayName"": ""星期二"", ""periods"": [""2"", ""3"", ""4""], ""raw"": ""2,3, 4""}]",,,https://course.nuk.edu.tw/QueryCourse/tcontent.asp?OpenYear=110&Helf=2&Sclass=LS&Cono=B582,2026-08-26T18:26:40+00:00
110-2-LS-B121-A-2-A,110,2,理學院,LS,生命科學系,B121,A,大學部,2,A,細胞生物學,3,必,60,51,,9,陳彥澄,C02-102,,,"2,3, 4",,,,,"[{""day"": 3, ""dayName"": ""星期三"", ""periods"": [""2"", ""3"", ""4""], ""raw"": ""2,3, 4""}]",學程,,https://course.nuk.edu.tw/QueryCourse/tcontent.asp?OpenYear=110&Helf=2&Sclass=LS&Cono=B121,2026-08-26T18:26:40+00:00
110-2-LS-B531-A-2-A,110,2,理學院,LS,生命科學系,B531,A,大學部,2,A,比較解剖學,3,選,60,39,,21,施能朗,C02-102,,,,,"2,3, 4",,,"[{""day"": 5, ""dayName"": ""星期五"", ""periods"": [""2"", ""3"", ""4""], ""raw"": ""2,3, 4""}]",,,https://course.nuk.edu.tw/QueryCourse/tcontent.asp?OpenYear=110&Helf=2&Sclass=LS&Cono=B531,2026-08-26T18:26:40+00:00
110-2-LS-B561-A-2-A,110,2,理學院,LS,生命科學系,B561,A,大學部,2,A,應用微生物學及實驗,4,選,60,32,,28,林順富,C02-101,,,,"1,2, 3,4",,,,"[{""day"": 4, ""dayName"": ""星期四"", ""periods"": [""1"", ""2"", ""3"", ""4""], ""raw"": ""1,2, 3,4""}]",,,https://course.nuk.edu.tw/QueryCourse/tcontent.asp?OpenYear=110&Helf=2&Sclass=LS&Cono=B561,2026-08-26T18:26:40+00:00
110-2-LS-B671-A-2-A,110,2,理學院,LS,生命科學系,B671,A,大學部,2,A,動物組織學及實驗,4,選,60,11,,49,溫秋明,C02-101,"3,4",,,,"8,9",,,"[{""day"": 1, ""dayName"": ""星期一"", ""periods"": [""3"", ""4""], ""raw"": ""3,4""}, {""day"": 5, ""dayName"": ""星期五"", ""periods"": [""8"", ""9""], ""raw"": ""8,9""}]",學程,,https://course.nuk.edu.tw/QueryCourse/tcontent.asp?OpenYear=110&Helf=2&Sclass=LS&Cono=B671,2026-08-26T18:26:40+00:00
110-2-LS-C01A-A-2-A,110,2,理學院,LS,生命科學系,C01A,A,大學部,2,A,生物化學(一),3,必,60,45,,15,葛孟杰,C02-108,,"5,6, 7",,,,,,"[{""day"": 2, ""dayName"": ""星期二"", ""periods"": [""5"", ""6"", ""7""], ""raw"": ""5,6, 7""}]",學程,,https://course.nuk.edu.tw/QueryCourse/tcontent.asp?OpenYear=110&Helf=2&Sclass=LS&Cono=C01A,2026-08-26T18:26:40+00:00
110-2-LS-C092-A-2-A,110,2,理學院,LS,生命科學系,C092,A,大學部,2,A,植物生理學,3,必,60,25,,35,王恒隆,C02-102,,,,,"5,6, 7",,,"[{""day"": 5, ""dayName"": ""星期五"", ""periods"": [""5"", ""6"", ""7""], ""raw"": ""5,6, 7""}]",學程,,https://course.nuk.edu.tw/QueryCourse/tcontent.asp?OpenYear=110&Helf=2&Sclass=LS&Cono=C092,2026-08-26T18:26:40+00:00
110-2-LS-C691-A-2-A,110,2,理學院,LS,生命科學系,C691,A,大學部,2,A,植物生理學實驗,1,選,60,11,,49,葛孟杰,C02-201,,,,"5,6, 7",,,,"[{""day"": 4, ""dayName"": ""星期四"", ""periods"": [""5"", ""6"", ""7""], ""raw"": ""5,6, 7""}]",,,https://course.nuk.edu.tw/QueryCourse/tcontent.asp?OpenYear=110&Helf=2&Sclass=LS&Cono=C691,2026-08-26T18:26:40+00:00
110-2-LS-D561-A-2-A,110,2,理學院,LS,生命科學系,D561,A,大學部,2,A,生物統計學,3,必,60,41,,19,黃重期,C02-101,"10,11, 12",,,,,,,"[{""day"": 1, ""dayName"": ""星期一"", ""periods"": [""10"", ""11"", ""12""], ""raw"": ""10,11, 12""}]",,,https://course.nuk.edu.tw/QueryCourse/tcontent.asp?OpenYear=110&Helf=2&Sclass=LS&Cono=D561,2026-08-26T18:26:40+00:00
110-2-LS-D563-A-2-A,110,2,理學院,LS,生命科學系,D563,A,大學部,2,A,生物統計學實習,1,選,60,16,,44,黃重期,L01-108,,"2,3, 4",,,,,,"[{""day"": 2, ""dayName"": ""星期二"", ""periods"": [""2"", ""3"", ""4""], ""raw"": ""2,3, 4""}]",,,https://course.nuk.edu.tw/QueryCourse/tcontent.asp?OpenYear=110&Helf=2&Sclass=LS&Cono=D563,2026-08-26T18:26:40+00:00
110-2-LS-B521-A-3-A,110,2,理學院,LS,生命科學系,B521,A,大學部,3,A,寄生蟲學,3,選,60,35,,25,施能朗,C02-101,,,"2,3, 4",,,,,"[{""day"": 3, ""dayName"": ""星期三"", ""periods"": [""2"", ""3"", ""4""], ""raw"": ""2,3, 4""}]",,,https://course.nuk.edu.tw/QueryCourse/tcontent.asp?OpenYear=110&Helf=2&Sclass=LS&Cono=B521,2026-08-26T18:26:40+00:00
110-2-LS-C02C-A-3-A,110,2,理學院,LS,生命科學系,C02C,A,大學部,3,A,生物化學實驗(二)(B),1,必,30,18,,12,葛孟杰,C02-202,,,,"2,3, 4",,,,"[{""day"": 4, ""dayName"": ""星期四"", ""periods"": [""2"", ""3"", ""4""], ""raw"": ""2,3, 4""}]",,使用C02-202實驗室,https://course.nuk.edu.tw/QueryCourse/tcontent.asp?OpenYear=110&Helf=2&Sclass=LS&Cono=C02C,2026-08-26T18:26:40+00:00
110-2-LS-C02D-A-3-A,110,2,理學院,LS,生命科學系,C02D,A,大學部,3,A,生物化學實驗(二)(A),1,必,30,21,,9,黃永森,C02-202,,,"5,6, 7",,,,,"[{""day"": 3, ""dayName"": ""星期三"", ""periods"": [""5"", ""6"", ""7""], ""raw"": ""5,6, 7""}]",,使用C02-202實驗室,https://course.nuk.edu.tw/QueryCourse/tcontent.asp?OpenYear=110&Helf=2&Sclass=LS&Cono=C02D,2026-08-26T18:26:40+00:00
110-2-LS-C071-A-3-A,110,2,理學院,LS,生命科學系,C071,A,大學部,3,A,分子生物學,3,必,65,42,,23,黃永森,C02-101,,,,"5,6, 7",,,,"[{""day"": 4, ""dayName"": ""星期四"", ""periods"": [""5"", ""6"", ""7""], ""raw"": ""5,6, 7""}]",,,https://course.nuk.edu.tw/QueryCourse/tcontent.asp?OpenYear=110&Helf=2&Sclass=LS&Cono=C071,2026-08-26T18:26:40+00:00
110-2-LS-C542-A-3-A,110,2,理學院,LS,生命科學系,C542,A,大學部,3,A,植物組織培養學,3,選,60,18,,42,陳彥澄,C02-103,,"2,3, 4",,,,,,"[{""day"": 2, ""dayName"": ""星期二"", ""periods"": [""2"", ""3"", ""4""], ""raw"": ""2,3, 4""}]",學程,"開放生科系大二及大四選修,隸屬生技產業跨領域學程",https://course.nuk.edu.tw/QueryCourse/tcontent.asp?OpenYear=110&Helf=2&Sclass=LS&Cono=C542,2026-08-26T18:26:40+00:00
110-2-LS-C570-A-3-A,110,2,理學院,LS,生命科學系,C570,A,大學部,3,A,專題研究,3,選,30,18,,12,溫秋明 林順富 葛孟杰 高佑靈 黃永森 王恒隆,,,,,,"10,11, 12",,,"[{""day"": 5, ""dayName"": ""星期五"", ""periods"": [""10"", ""11"", ""12""], ""raw"": ""10,11, 12""}]",,各老師實驗室,https://course.nuk.edu.tw/QueryCourse/tcontent.asp?OpenYear=110&Helf=2&Sclass=LS&Cono=C570,2026-08-26T18:26:40+00:00
110-2-LS-C581-A-3-A,110,2,理學院,LS,生命科學系,C581,A,大學部,3,A,光合作用及實驗,3,選,60,12,,48,王恒隆,C02-101,,,,,"2,3, 4",,,"[{""day"": 5, ""dayName"": ""星期五"", ""periods"": [""2"", ""3"", ""4""], ""raw"": ""2,3, 4""}]",,,https://course.nuk.edu.tw/QueryCourse/tcontent.asp?OpenYear=110&Helf=2&Sclass=LS&Cono=C581,2026-08-26T18:26:40+00:00
110-2-LS-C731-A-3-A,110,2,理學院,LS,生命科學系,C731,A,大學部,3,A,免疫學,3,選,60,35,,25,王俊順,C02-102,,"5,6, 7",,,,,,"[{""day"": 2, ""dayName"": ""星期二"", ""periods"": [""5"", ""6"", ""7""], ""raw"": ""5,6, 7""}]",,,https://course.nuk.edu.tw/QueryCourse/tcontent.asp?OpenYear=110&Helf=2&Sclass=LS&Cono=C731,2026-08-26T18:26:40+00:00
110-2-LS-D011-A-4-A,110,2,理學院,LS,生命科學系,D011,A,大學部,4,A,書報討論(二),1,必,60,44,,16,黃重期 葛孟杰,C02-102,,"10,11",,,,,,"[{""day"": 2, ""dayName"": ""星期二"", ""periods"": [""10"", ""11""], ""raw"": ""10,11""}]",,,https://course.nuk.edu.tw/QueryCourse/tcontent.asp?OpenYear=110&Helf=2&Sclass=LS&Cono=D011,2026-08-26T18:26:40+00:00
110-2-LS-D602-A-4-A,110,2,理學院,LS,生命科學系,D602,A,大學部,4,A,天然物結構鑑定,3,選,60,14,,46,鄭竣亦,C02-102,"5,6, 7",,,,,,,"[{""day"": 1, ""dayName"": ""星期一"", ""periods"": [""5"", ""6"", ""7""], ""raw"": ""5,6, 7""}]",學程,開放大三選修,https://course.nuk.edu.tw/QueryCourse/tcontent.asp?OpenYear=110&Helf=2&Sclass=LS&Cono=D602,2026-08-26T18:26:40+00:00
110-2-LS-D671-A-4-A,110,2,理學院,LS,生命科學系,D671,A,大學部,4,A,中國傳統醫學導論,3,選,60,31,,29,黃永森,C02-101,,"2,3, 4",,,,,,"[{""day"": 2, ""dayName"": ""星期二"", ""periods"": [""2"", ""3"", ""4""], ""raw"": ""2,3, 4""}]",,開放各學系大二以上選修，業師協同教學,https://course.nuk.edu.tw/QueryCourse/tcontent.asp?OpenYear=110&Helf=2&Sclass=LS&Cono=D671,2026-08-26T18:26:40+00:00
110-2-LS-D700-A-4-A,110,2,理學院,LS,生命科學系,D700,A,大學部,4,A,校外職場實習,3,選,30,1,,29,鄭竣亦,,"2,3, 4",,,,,,,"[{""day"": 1, ""dayName"": ""星期一"", ""periods"": [""2"", ""3"", ""4""], ""raw"": ""2,3, 4""}]",限修,,https://course.nuk.edu.tw/QueryCourse/tcontent.asp?OpenYear=110&Helf=2&Sclass=LS&Cono=D700,2026-08-26T18:26:40+00:00
110-2-LS-F514-A-4-A,110,2,理學院,LS,生命科學系,F514,A,大學部,4,A,藥用植物生物技術,3,選,30,24,,6,陳彥澄,C02-110,,,,"2,3, 4",,,,"[{""day"": 4, ""dayName"": ""星期四"", ""periods"": [""2"", ""3"", ""4""], ""raw"": ""2,3, 4""}]",,與碩士班合開，生技產業跨領域學程,https://course.nuk.edu.tw/QueryCourse/tcontent.asp?OpenYear=110&Helf=2&Sclass=LS&Cono=F514,2026-08-26T18:26:40+00:00
110-2-LS-F523-A-4-A,110,2,理學院,LS,生命科學系,F523,A,大學部,4,A,光譜學特論,3,選,30,10,,20,鄭竣亦,C02-110,"8,9, 10",,,,,,,"[{""day"": 1, ""dayName"": ""星期一"", ""periods"": [""8"", ""9"", ""10""], ""raw"": ""8,9, 10""}]",,與碩士班合開，開放大三及大四選修,https://course.nuk.edu.tw/QueryCourse/tcontent.asp?OpenYear=110&Helf=2&Sclass=LS&Cono=F523,2026-08-26T18:26:40+00:00
110-2-LS-F564-A-4-A,110,2,理學院,LS,生命科學系,F564,A,大學部,4,A,生物科技英文特論,3,選,30,6,,24,高佑靈,C02-101,,"10,11, 12",,,,,,"[{""day"": 2, ""dayName"": ""星期二"", ""periods"": [""10"", ""11"", ""12""], ""raw"": ""10,11, 12""}]",,與碩士班合開，開放生科系大三及大四選修,https://course.nuk.edu.tw/QueryCourse/tcontent.asp?OpenYear=110&Helf=2&Sclass=LS&Cono=F564,2026-08-26T18:26:40+00:00
110-2-LS-F572-A-4-A,110,2,理學院,LS,生命科學系,F572,A,大學部,4,A,動物細胞培養學特論及實驗,3,選,30,21,,9,溫秋明,C02-110,"5,6, 7",,,,,,,"[{""day"": 1, ""dayName"": ""星期一"", ""periods"": [""5"", ""6"", ""7""], ""raw"": ""5,6, 7""}]",,與碩士班合開，開放大三及大四選修,https://course.nuk.edu.tw/QueryCourse/tcontent.asp?OpenYear=110&Helf=2&Sclass=LS&Cono=F572,2026-08-26T18:26:40+00:00
110-2-LS-F00B-M-1-,110,2,理學院,LS,生命科學系,F00B,M,碩士班,1,,專題討論(二),1,必,31,8,,23,鄭竣亦 陳彥澄 王俊順,C02-101,,,"5,6",,,,,"[{""day"": 3, ""dayName"": ""星期三"", ""periods"": [""5"", ""6""], ""raw"": ""5,6""}]",,開放生科系大學部四年級選修,https://course.nuk.edu.tw/QueryCourse/tcontent.asp?OpenYear=110&Helf=2&Sclass=LS&Cono=F00B,2026-08-26T18:26:40+00:00
110-2-LS-F01B-M-1-,110,2,理學院,LS,生命科學系,F01B,M,碩士班,1,,專題研究(二),1,必,31,8,,23,葛孟杰 林順富 高佑靈 溫秋明 鄭竣亦 王俊順,C02-110,,,"12,13",,,,,"[{""day"": 3, ""dayName"": ""星期三"", ""periods"": [""12"", ""13""], ""raw"": ""12,13""}]",,開放生科系大學部四年級選修,https://course.nuk.edu.tw/QueryCourse/tcontent.asp?OpenYear=110&Helf=2&Sclass=LS&Cono=F01B,2026-08-26T18:26:40+00:00
110-2-LS-F514-M-1-,110,2,理學院,LS,生命科學系,F514,M,碩士班,1,,藥用植物生物技術,3,選,30,24,,6,陳彥澄,C02-110,,,,"2,3, 4",,,,"[{""day"": 4, ""dayName"": ""星期四"", ""periods"": [""2"", ""3"", ""4""], ""raw"": ""2,3, 4""}]",,開放生科系大三、大四選修，生技產業跨領域學程,https://course.nuk.edu.tw/QueryCourse/tcontent.asp?OpenYear=110&Helf=2&Sclass=LS&Cono=F514,2026-08-26T18:26:40+00:00
110-2-LS-F521-M-1-,110,2,理學院,LS,生命科學系,F521,M,碩士班,1,,高等微生物學,3,選,30,9,,21,林順富,C02-110,,"2,3, 4",,,,,,"[{""day"": 2, ""dayName"": ""星期二"", ""periods"": [""2"", ""3"", ""4""], ""raw"": ""2,3, 4""}]",,開放生科系大學部三、四年級選修,https://course.nuk.edu.tw/QueryCourse/tcontent.asp?OpenYear=110&Helf=2&Sclass=LS&Cono=F521,2026-08-26T18:26:40+00:00
110-2-LS-F523-M-1-,110,2,理學院,LS,生命科學系,F523,M,碩士班,1,,光譜學特論,3,選,30,10,,20,鄭竣亦,C02-110,"8,9, 10",,,,,,,"[{""day"": 1, ""dayName"": ""星期一"", ""periods"": [""8"", ""9"", ""10""], ""raw"": ""8,9, 10""}]",,開放生科系大三、大四選修,https://course.nuk.edu.tw/QueryCourse/tcontent.asp?OpenYear=110&Helf=2&Sclass=LS&Cono=F523,2026-08-26T18:26:40+00:00
110-2-LS-F564-M-1-,110,2,理學院,LS,生命科學系,F564,M,碩士班,1,,生物科技英文特論,3,選,30,6,,24,高佑靈,C02-101,,"10,11, 12",,,,,,"[{""day"": 2, ""dayName"": ""星期二"", ""periods"": [""10"", ""11"", ""12""], ""raw"": ""10,11, 12""}]",,與大四合開，開放生科系大三及大四選修,https://course.nuk.edu.tw/QueryCourse/tcontent.asp?OpenYear=110&Helf=2&Sclass=LS&Cono=F564,2026-08-26T18:26:40+00:00
110-2-LS-F572-M-1-,110,2,理學院,LS,生命科學系,F572,M,碩士班,1,,動物細胞培養學特論及實驗,3,選,30,21,,9,溫秋明,C02-110,"5,6, 7",,,,,,,"[{""day"": 1, ""dayName"": ""星期一"", ""periods"": [""5"", ""6"", ""7""], ""raw"": ""5,6, 7""}]",,開放本系大三及大四選修,https://course.nuk.edu.tw/QueryCourse/tcontent.asp?OpenYear=110&Helf=2&Sclass=LS&Cono=F572,2026-08-26T18:26:40+00:00
110-2-LS-G00D-M-2-,110,2,理學院,LS,生命科學系,G00D,M,碩士班,2,,專題討論(四),1,必,30,8,,22,鄭竣亦 陳彥澄 王俊順,C02-110,,,,,"5,6",,,"[{""day"": 5, ""dayName"": ""星期五"", ""periods"": [""5"", ""6""], ""raw"": ""5,6""}]",,,https://course.nuk.edu.tw/QueryCourse/tcontent.asp?OpenYear=110&Helf=2&Sclass=LS&Cono=G00D,2026-08-26T18:26:40+00:00
110-2-LS-G01D-M-2-,110,2,理學院,LS,生命科學系,G01D,M,碩士班,2,,專題研究(四),1,必,30,8,,22,葛孟杰 林順富 陳彥澄 王恒隆 黃重期 高佑靈,C02-110,,,,"10,11",,,,"[{""day"": 4, ""dayName"": ""星期四"", ""periods"": [""10"", ""11""], ""raw"": ""10,11""}]",,,https://course.nuk.edu.tw/QueryCourse/tcontent.asp?OpenYear=110&Helf=2&Sclass=LS&Cono=G01D,2026-08-26T18:26:40+00:00
110-2-ST-F784-A-4-A,110,2,理學院,ST,統計學研究所,F784,A,大學部,4,A,資料科學實務,3,選,30,14,,16,黃士峰 許湘伶 劉青松,C02-452,,"5,6, 7",,,,,,"[{""day"": 2, ""dayName"": ""星期二"", ""periods"": [""5"", ""6"", ""7""], ""raw"": ""5,6, 7""}]",學程,大四、碩班合開；上課教室：理450室,https://course.nuk.edu.tw/QueryCourse/tcontent.asp?OpenYear=110&Helf=2&Sclass=ST&Cono=F784,2026-08-26T18:26:40+00:00
110-2-ST-F01A-M-1-,110,2,理學院,ST,統計學研究所,F01A,M,碩士班,1,,書報討論(一),1,必,30,12,,18,楊洪鼎,C02-320,,,"7,8",,,,,"[{""day"": 3, ""dayName"": ""星期三"", ""periods"": [""7"", ""8""], ""raw"": ""7,8""}]",,上課2小時。,https://course.nuk.edu.tw/QueryCourse/tcontent.asp?OpenYear=110&Helf=2&Sclass=ST&Cono=F01A,2026-08-26T18:26:40+00:00
110-2-ST-F532-M-1-,110,2,理學院,ST,統計學研究所,F532,M,碩士班,1,,品質工程實務,3,選,30,10,,20,許湘伶,C02-320,,,2,"2,3",,,,"[{""day"": 3, ""dayName"": ""星期三"", ""periods"": [""2""], ""raw"": ""2""}, {""day"": 4, ""dayName"": ""星期四"", ""periods"": [""2"", ""3""], ""raw"": ""2,3""}]",,應用數學系大三、大四學生亦可修。,https://course.nuk.edu.tw/QueryCourse/tcontent.asp?OpenYear=110&Helf=2&Sclass=ST&Cono=F532,2026-08-26T18:26:40+00:00
110-2-ST-F564-M-1-,110,2,理學院,ST,統計學研究所,F564,M,碩士班,1,,統計模型選取之理論與應用,3,選,30,3,,27,張志浩,C02-320,,,,"5,6, 7",,,,"[{""day"": 4, ""dayName"": ""星期四"", ""periods"": [""5"", ""6"", ""7""], ""raw"": ""5,6, 7""}]",,,https://course.nuk.edu.tw/QueryCourse/tcontent.asp?OpenYear=110&Helf=2&Sclass=ST&Cono=F564,2026-08-26T18:26:40+00:00
110-2-ST-F652-M-1-,110,2,理學院,ST,統計學研究所,F652,M,碩士班,1,,統計建模與模擬,3,選,30,9,,21,楊洪鼎,C02-320,,"8,9",3,,,,,"[{""day"": 2, ""dayName"": ""星期二"", ""periods"": [""8"", ""9""], ""raw"": ""8,9""}, {""day"": 3, ""dayName"": ""星期三"", ""periods"": [""3""], ""raw"": ""3""}]",學程,應用數學系大三、大四學生亦可修。,https://course.nuk.edu.tw/QueryCourse/tcontent.asp?OpenYear=110&Helf=2&Sclass=ST&Cono=F652,2026-08-26T18:26:40+00:00
110-2-ST-F653-M-1-,110,2,理學院,ST,統計學研究所,F653,M,碩士班,1,,統計風險模型,3,選,30,3,,27,張志浩,C02-320,,,,4,"5,6",,,"[{""day"": 4, ""dayName"": ""星期四"", ""periods"": [""4""], ""raw"": ""4""}, {""day"": 5, ""dayName"": ""星期五"", ""periods"": [""5"", ""6""], ""raw"": ""5,6""}]",,應用數學系大三、大四學生亦可修。,https://course.nuk.edu.tw/QueryCourse/tcontent.asp?OpenYear=110&Helf=2&Sclass=ST&Cono=F653,2026-08-26T18:26:40+00:00
110-2-ST-F682-M-1-,110,2,理學院,ST,統計學研究所,F682,M,碩士班,1,,無母數統計,3,選,30,5,,25,郭錕霖,C02-320,,"2,3",,,3,,,"[{""day"": 2, ""dayName"": ""星期二"", ""periods"": [""2"", ""3""], ""raw"": ""2,3""}, {""day"": 5, ""dayName"": ""星期五"", ""periods"": [""3""], ""raw"": ""3""}]",,應用數學系大三、大四學生亦可修。,https://course.nuk.edu.tw/QueryCourse/tcontent.asp?OpenYear=110&Helf=2&Sclass=ST&Cono=F682,2026-08-26T18:26:40+00:00
110-2-ST-F695-M-1-,110,2,理學院,ST,統計學研究所,F695,M,碩士班,1,,相依資料可靠度分析,3,選,30,6,,24,楊洪鼎,C02-104,,,,"5,6, 7",,,,"[{""day"": 4, ""dayName"": ""星期四"", ""periods"": [""5"", ""6"", ""7""], ""raw"": ""5,6, 7""}]",,,https://course.nuk.edu.tw/QueryCourse/tcontent.asp?OpenYear=110&Helf=2&Sclass=ST&Cono=F695,2026-08-26T18:26:40+00:00
110-2-ST-F711-M-1-,110,2,理學院,ST,統計學研究所,F711,M,碩士班,1,,線性模型,3,選,30,5,,25,俞淑惠,C02-320,,4,"5,6",,,,,"[{""day"": 2, ""dayName"": ""星期二"", ""periods"": [""4""], ""raw"": ""4""}, {""day"": 3, ""dayName"": ""星期三"", ""periods"": [""5"", ""6""], ""raw"": ""5,6""}]",,應用數學系大三、大四學生亦可修。,https://course.nuk.edu.tw/QueryCourse/tcontent.asp?OpenYear=110&Helf=2&Sclass=ST&Cono=F711,2026-08-26T18:26:40+00:00
110-2-ST-F761-M-1-,110,2,理學院,ST,統計學研究所,F761,M,碩士班,1,,信用風險分析,3,選,30,5,,25,俞淑惠,C02-320,,"5,6",4,,,,,"[{""day"": 2, ""dayName"": ""星期二"", ""periods"": [""5"", ""6""], ""raw"": ""5,6""}, {""day"": 3, ""dayName"": ""星期三"", ""periods"": [""4""], ""raw"": ""4""}]",,應用數學系大三、大四學生亦可修。,https://course.nuk.edu.tw/QueryCourse/tcontent.asp?OpenYear=110&Helf=2&Sclass=ST&Cono=F761,2026-08-26T18:26:40+00:00
110-2-ST-F784-M-1-,110,2,理學院,ST,統計學研究所,F784,M,碩士班,1,,資料科學實務,3,選,30,14,,16,黃士峰 許湘伶 劉青松,C02-452,,"5,6, 7",,,,,,"[{""day"": 2, ""dayName"": ""星期二"", ""periods"": [""5"", ""6"", ""7""], ""raw"": ""5,6, 7""}]",學程,大四、碩班合開；上課教室：理450室,https://course.nuk.edu.tw/QueryCourse/tcontent.asp?OpenYear=110&Helf=2&Sclass=ST&Cono=F784,2026-08-26T18:26:40+00:00
110-2-ST-G561-M-1-,110,2,理學院,ST,統計學研究所,G561,M,碩士班,1,,多變量分析,3,選,30,5,,25,郭錕霖,C02-320,"5,6",,,,4,,,"[{""day"": 1, ""dayName"": ""星期一"", ""periods"": [""5"", ""6""], ""raw"": ""5,6""}, {""day"": 5, ""dayName"": ""星期五"", ""periods"": [""4""], ""raw"": ""4""}]",學程,應用數學系大三、大四學生亦可修。,https://course.nuk.edu.tw/QueryCourse/tcontent.asp?OpenYear=110&Helf=2&Sclass=ST&Cono=G561,2026-08-26T18:26:40+00:00
110-2-ST-F532-M-2-,110,2,理學院,ST,統計學研究所,F532,M,碩士班,2,,品質工程實務,3,選,30,10,,20,許湘伶,C02-320,,,2,"2,3",,,,"[{""day"": 3, ""dayName"": ""星期三"", ""periods"": [""2""], ""raw"": ""2""}, {""day"": 4, ""dayName"": ""星期四"", ""periods"": [""2"", ""3""], ""raw"": ""2,3""}]",,應用數學系大三、大四學生亦可修。,https://course.nuk.edu.tw/QueryCourse/tcontent.asp?OpenYear=110&Helf=2&Sclass=ST&Cono=F532,2026-08-26T18:26:40+00:00
110-2-ST-F564-M-2-,110,2,理學院,ST,統計學研究所,F564,M,碩士班,2,,統計模型選取之理論與應用,3,選,30,3,,27,張志浩,C02-320,,,,"5,6, 7",,,,"[{""day"": 4, ""dayName"": ""星期四"", ""periods"": [""5"", ""6"", ""7""], ""raw"": ""5,6, 7""}]",,,https://course.nuk.edu.tw/QueryCourse/tcontent.asp?OpenYear=110&Helf=2&Sclass=ST&Cono=F564,2026-08-26T18:26:40+00:00
110-2-ST-F652-M-2-,110,2,理學院,ST,統計學研究所,F652,M,碩士班,2,,統計建模與模擬,3,選,30,9,,21,楊洪鼎,C02-320,,"8,9",3,,,,,"[{""day"": 2, ""dayName"": ""星期二"", ""periods"": [""8"", ""9""], ""raw"": ""8,9""}, {""day"": 3, ""dayName"": ""星期三"", ""periods"": [""3""], ""raw"": ""3""}]",學程,應用數學系大三、大四學生亦可修。,https://course.nuk.edu.tw/QueryCourse/tcontent.asp?OpenYear=110&Helf=2&Sclass=ST&Cono=F652,2026-08-26T18:26:40+00:00
110-2-ST-F653-M-2-,110,2,理學院,ST,統計學研究所,F653,M,碩士班,2,,統計風險模型,3,選,30,3,,27,張志浩,C02-320,,,,4,"5,6",,,"[{""day"": 4, ""dayName"": ""星期四"", ""periods"": [""4""], ""raw"": ""4""}, {""day"": 5, ""dayName"": ""星期五"", ""periods"": [""5"", ""6""], ""raw"": ""5,6""}]",,應用數學系大三、大四學生亦可修。,https://course.nuk.edu.tw/QueryCourse/tcontent.asp?OpenYear=110&Helf=2&Sclass=ST&Cono=F653,2026-08-26T18:26:40+00:00
110-2-ST-F682-M-2-,110,2,理學院,ST,統計學研究所,F682,M,碩士班,2,,無母數統計,3,選,30,5,,25,郭錕霖,C02-320,,"2,3",,,3,,,"[{""day"": 2, ""dayName"": ""星期二"", ""periods"": [""2"", ""3""], ""raw"": ""2,3""}, {""day"": 5, ""dayName"": ""星期五"", ""periods"": [""3""], ""raw"": ""3""}]",,應用數學系大三、大四學生亦可修。,https://course.nuk.edu.tw/QueryCourse/tcontent.asp?OpenYear=110&Helf=2&Sclass=ST&Cono=F682,2026-08-26T18:26:40+00:00
110-2-ST-F695-M-2-,110,2,理學院,ST,統計學研究所,F695,M,碩士班,2,,相依資料可靠度分析,3,選,30,6,,24,楊洪鼎,C02-104,,,,"5,6, 7",,,,"[{""day"": 4, ""dayName"": ""星期四"", ""periods"": [""5"", ""6"", ""7""], ""raw"": ""5,6, 7""}]",,,https://course.nuk.edu.tw/QueryCourse/tcontent.asp?OpenYear=110&Helf=2&Sclass=ST&Cono=F695,2026-08-26T18:26:40+00:00
110-2-ST-F711-M-2-,110,2,理學院,ST,統計學研究所,F711,M,碩士班,2,,線性模型,3,選,30,5,,25,俞淑惠,C02-320,,4,"5,6",,,,,"[{""day"": 2, ""dayName"": ""星期二"", ""periods"": [""4""], ""raw"": ""4""}, {""day"": 3, ""dayName"": ""星期三"", ""periods"": [""5"", ""6""], ""raw"": ""5,6""}]",,應用數學系大三、大四學生亦可修。,https://course.nuk.edu.tw/QueryCourse/tcontent.asp?OpenYear=110&Helf=2&Sclass=ST&Cono=F711,2026-08-26T18:26:40+00:00
110-2-ST-F761-M-2-,110,2,理學院,ST,統計學研究所,F761,M,碩士班,2,,信用風險分析,3,選,30,5,,25,俞淑惠,C02-320,,"5,6",4,,,,,"[{""day"": 2, ""dayName"": ""星期二"", ""periods"": [""5"", ""6""], ""raw"": ""5,6""}, {""day"": 3, ""dayName"": ""星期三"", ""periods"": [""4""], ""raw"": ""4""}]",,應用數學系大三、大四學生亦可修。,https://course.nuk.edu.tw/QueryCourse/tcontent.asp?OpenYear=110&Helf=2&Sclass=ST&Cono=F761,2026-08-26T18:26:40+00:00
110-2-ST-F784-M-2-,110,2,理學院,ST,統計學研究所,F784,M,碩士班,2,,資料科學實務,3,選,30,14,,16,黃士峰 許湘伶 劉青松,C02-452,,"5,6, 7",,,,,,"[{""day"": 2, ""dayName"": ""星期二"", ""periods"": [""5"", ""6"", ""7""], ""raw"": ""5,6, 7""}]",學程,應用數學系大四、碩士班合開。,https://course.nuk.edu.tw/QueryCourse/tcontent.asp?OpenYear=110&Helf=2&Sclass=ST&Cono=F784,2026-08-26T18:26:40+00:00
110-2-ST-G561-M-2-,110,2,理學院,ST,統計學研究所,G561,M,碩士班,2,,多變量分析,3,選,30,5,,25,郭錕霖,C02-320,"5,6",,,,4,,,"[{""day"": 1, ""dayName"": ""星期一"", ""periods"": [""5"", ""6""], ""raw"": ""5,6""}, {""day"": 5, ""dayName"": ""星期五"", ""periods"": [""4""], ""raw"": ""4""}]",學程,應用數學系大三、大四學生亦可修。,https://course.nuk.edu.tw/QueryCourse/tcontent.asp?OpenYear=110&Helf=2&Sclass=ST&Cono=G561,2026-08-26T18:26:40+00:00
110-2-AB-A01B-A-1-A,110,2,管理學院,AB,亞太工商管理學系,A01B,A,大學部,1,A,經濟學(二),3,必,76,76,,0,林聖蒨,M01-201,,,"2,3, 4",,,,,"[{""day"": 3, ""dayName"": ""星期三"", ""periods"": [""2"", ""3"", ""4""], ""raw"": ""2,3, 4""}]",限修及外加,,https://course.nuk.edu.tw/QueryCourse/tcontent.asp?OpenYear=110&Helf=2&Sclass=AB&Cono=A01B,2026-08-26T18:26:40+00:00
110-2-AB-A03B-A-1-A,110,2,管理學院,AB,亞太工商管理學系,A03B,A,大學部,1,A,會計學(二),3,必,87,87,,0,陳宜伶,M01-201,,"2,3, 4",,,,,,"[{""day"": 2, ""dayName"": ""星期二"", ""periods"": [""2"", ""3"", ""4""], ""raw"": ""2,3, 4""}]",,,https://course.nuk.edu.tw/QueryCourse/tcontent.asp?OpenYear=110&Helf=2&Sclass=AB&Cono=A03B,2026-08-26T18:26:40+00:00
110-2-AB-A052-A-1-A,110,2,管理學院,AB,亞太工商管理學系,A052,A,大學部,1,A,微積分（二）,3,必,96,96,,0,盧昆宏,M01-B102,"2,3, 4",,,,,,,"[{""day"": 1, ""dayName"": ""星期一"", ""periods"": [""2"", ""3"", ""4""], ""raw"": ""2,3, 4""}]",限修及外加,限本系選修，外系同學請洽授課老師,https://course.nuk.edu.tw/QueryCourse/tcontent.asp?OpenYear=110&Helf=2&Sclass=AB&Cono=A052,2026-08-26T18:26:40+00:00
110-2-AB-A121-A-1-A,110,2,管理學院,AB,亞太工商管理學系,A121,A,大學部,1,A,電腦概論,3,必,51,51,,0,蘇桓彥,L01-107,,"5,6, 7",,,,,,"[{""day"": 2, ""dayName"": ""星期二"", ""periods"": [""5"", ""6"", ""7""], ""raw"": ""5,6, 7""}]",,,https://course.nuk.edu.tw/QueryCourse/tcontent.asp?OpenYear=110&Helf=2&Sclass=AB&Cono=A121,2026-08-26T18:26:40+00:00
110-2-AB-A131-A-1-A,110,2,管理學院,AB,亞太工商管理學系,A131,A,大學部,1,A,電腦概論,3,必,50,45,,5,蘇桓彥,L01-108,,,,,"6,7, 8",,,"[{""day"": 5, ""dayName"": ""星期五"", ""periods"": [""6"", ""7"", ""8""], ""raw"": ""6,7, 8""}]",,,https://course.nuk.edu.tw/QueryCourse/tcontent.asp?OpenYear=110&Helf=2&Sclass=AB&Cono=A131,2026-08-26T18:26:40+00:00
110-2-AB-A191-A-1-A,110,2,管理學院,AB,亞太工商管理學系,A191,A,大學部,1,A,管理科學模式,3,選,60,60,,0,許博翔,M01-206,,,,"6,7, 8",,,,"[{""day"": 4, ""dayName"": ""星期四"", ""periods"": [""6"", ""7"", ""8""], ""raw"": ""6,7, 8""}]",,企管組模組,https://course.nuk.edu.tw/QueryCourse/tcontent.asp?OpenYear=110&Helf=2&Sclass=AB&Cono=A191,2026-08-26T18:26:40+00:00
110-2-AB-A541-A-1-A,110,2,管理學院,AB,亞太工商管理學系,A541,A,大學部,1,A,物流管理概論,3,選,50,48,,2,林聖蒨,M01-206,,,,"2,3, 4",,,,"[{""day"": 4, ""dayName"": ""星期四"", ""periods"": [""2"", ""3"", ""4""], ""raw"": ""2,3, 4""}]",,,https://course.nuk.edu.tw/QueryCourse/tcontent.asp?OpenYear=110&Helf=2&Sclass=AB&Cono=A541,2026-08-26T18:26:40+00:00
110-2-AB-B03B-A-2-A,110,2,管理學院,AB,亞太工商管理學系,B03B,A,大學部,2,A,統計學(二),3,必,96,78,,18,許博翔,L02-204,,"2,3, 4",,,,,,"[{""day"": 2, ""dayName"": ""星期二"", ""periods"": [""2"", ""3"", ""4""], ""raw"": ""2,3, 4""}]",限修及外加,,https://course.nuk.edu.tw/QueryCourse/tcontent.asp?OpenYear=110&Helf=2&Sclass=AB&Cono=B03B,2026-08-26T18:26:40+00:00
110-2-AB-B14A-A-2-A,110,2,管理學院,AB,亞太工商管理學系,B14A,A,大學部,2,A,商事法,3,必,101,78,,23,陳旻沂,M01-201,,,"10,11, 12",,,,,"[{""day"": 3, ""dayName"": ""星期三"", ""periods"": [""10"", ""11"", ""12""], ""raw"": ""10,11, 12""}]",限修及外加 學程,,https://course.nuk.edu.tw/QueryCourse/tcontent.asp?OpenYear=110&Helf=2&Sclass=AB&Cono=B14A,2026-08-26T18:26:40+00:00
110-2-AB-B171-A-2-A,110,2,管理學院,AB,亞太工商管理學系,B171,A,大學部,2,A,亞太區域經濟發展,3,選,60,60,,0,許博翔,M01-206,,,,,"2,3, 4",,,"[{""day"": 5, ""dayName"": ""星期五"", ""periods"": [""2"", ""3"", ""4""], ""raw"": ""2,3, 4""}]",,亞太模組,https://course.nuk.edu.tw/QueryCourse/tcontent.asp?OpenYear=110&Helf=2&Sclass=AB&Cono=B171,2026-08-26T18:26:40+00:00
110-2-AB-B173-A-2-A,110,2,管理學院,AB,亞太工商管理學系,B173,A,大學部,2,A,亞太管理議題,3,選,50,27,,23,楊詠凱,M01-210,,,,"2,3, 4",,,,"[{""day"": 4, ""dayName"": ""星期四"", ""periods"": [""2"", ""3"", ""4""], ""raw"": ""2,3, 4""}]",學程,亞太模組，全英文授課,https://course.nuk.edu.tw/QueryCourse/tcontent.asp?OpenYear=110&Helf=2&Sclass=AB&Cono=B173,2026-08-26T18:26:40+00:00
110-2-AB-B531-A-2-A,110,2,管理學院,AB,亞太工商管理學系,B531,A,大學部,2,A,機率模式,3,選,50,29,,21,陳榮泰,M01-206,"1,2, 3",,,,,,,"[{""day"": 1, ""dayName"": ""星期一"", ""periods"": [""1"", ""2"", ""3""], ""raw"": ""1,2, 3""}]",限修及外加,工管模組，3、4年級可選修，外系同學請洽授課教師,https://course.nuk.edu.tw/QueryCourse/tcontent.asp?OpenYear=110&Helf=2&Sclass=AB&Cono=B531,2026-08-26T18:26:40+00:00
110-2-AB-C551-A-2-A,110,2,管理學院,AB,亞太工商管理學系,C551,A,大學部,2,A,應用計量經濟學,3,選,50,10,,40,許博翔,M01-104,"2,3, 4",,,,,,,"[{""day"": 1, ""dayName"": ""星期一"", ""periods"": [""2"", ""3"", ""4""], ""raw"": ""2,3, 4""}]",,,https://course.nuk.edu.tw/QueryCourse/tcontent.asp?OpenYear=110&Helf=2&Sclass=AB&Cono=C551,2026-08-26T18:26:40+00:00
110-2-AB-C69B-A-2-A,110,2,管理學院,AB,亞太工商管理學系,C69B,A,大學部,2,A,日語(二),2,選,40,39,,1,林聖蒨,M01-104,,,"6,7",,,,,"[{""day"": 3, ""dayName"": ""星期三"", ""periods"": [""6"", ""7""], ""raw"": ""6,7""}]",,,https://course.nuk.edu.tw/QueryCourse/tcontent.asp?OpenYear=110&Helf=2&Sclass=AB&Cono=C69B,2026-08-26T18:26:40+00:00
110-2-AB-C023-A-3-A,110,2,管理學院,AB,亞太工商管理學系,C023,A,大學部,3,A,亞太工商管理專題(一),3,必,70,65,,5,陳榮泰 陳一民 李亭林 林聖蒨 蘇桓彥 盧昆宏 楊詠凱 陳宜伶 許博翔,M01-B102,,"Y,8, 9",,,,,,"[{""day"": 2, ""dayName"": ""星期二"", ""periods"": [""Y"", ""8"", ""9""], ""raw"": ""Y,8, 9""}]",限修,,https://course.nuk.edu.tw/QueryCourse/tcontent.asp?OpenYear=110&Helf=2&Sclass=AB&Cono=C023,2026-08-26T18:26:40+00:00
110-2-AB-C142-A-3-A,110,2,管理學院,AB,亞太工商管理學系,C142,A,大學部,3,A,亞太科技政策與管理,3,必,70,67,,3,李亭林,M01-B104,,,"2,3, 4",,,,,"[{""day"": 3, ""dayName"": ""星期三"", ""periods"": [""2"", ""3"", ""4""], ""raw"": ""2,3, 4""}]",學程,,https://course.nuk.edu.tw/QueryCourse/tcontent.asp?OpenYear=110&Helf=2&Sclass=AB&Cono=C142,2026-08-26T18:26:40+00:00
110-2-AB-C592-A-3-A,110,2,管理學院,AB,亞太工商管理學系,C592,A,大學部,3,A,管理資訊系統,3,選,57,57,,0,蘇桓彥,M01-104,,,,,"2,3, 4",,,"[{""day"": 5, ""dayName"": ""星期五"", ""periods"": [""2"", ""3"", ""4""], ""raw"": ""2,3, 4""}]",外加,企管模組,https://course.nuk.edu.tw/QueryCourse/tcontent.asp?OpenYear=110&Helf=2&Sclass=AB&Cono=C592,2026-08-26T18:26:40+00:00
110-2-AB-C613-A-3-A,110,2,管理學院,AB,亞太工商管理學系,C613,A,大學部,3,A,組織行為學,3,選,50,30,,20,楊詠凱,M01-210,,,,"5,6, 7",,,,"[{""day"": 4, ""dayName"": ""星期四"", ""periods"": [""5"", ""6"", ""7""], ""raw"": ""5,6, 7""}]",,企管模組,https://course.nuk.edu.tw/QueryCourse/tcontent.asp?OpenYear=110&Helf=2&Sclass=AB&Cono=C613,2026-08-26T18:26:40+00:00
110-2-AB-C811-A-3-A,110,2,管理學院,AB,亞太工商管理學系,C811,A,大學部,3,A,類神經網路概論,3,選,50,14,,36,陳榮泰,M01-206,,,"5,6, 7",,,,,"[{""day"": 3, ""dayName"": ""星期三"", ""periods"": [""5"", ""6"", ""7""], ""raw"": ""5,6, 7""}]",學程,3、4年級可選修，商業數據分析微學程、電商與金融科技微學程,https://course.nuk.edu.tw/QueryCourse/tcontent.asp?OpenYear=110&Helf=2&Sclass=AB&Cono=C811,2026-08-26T18:26:40+00:00
110-2-AB-C811-A-4-A,110,2,管理學院,AB,亞太工商管理學系,C811,A,大學部,4,A,類神經網路概論,3,選,50,14,,36,陳榮泰,M01-206,,,"5,6, 7",,,,,"[{""day"": 3, ""dayName"": ""星期三"", ""periods"": [""5"", ""6"", ""7""], ""raw"": ""5,6, 7""}]",學程,三、四年級可選修，商業數據分析微學程、電商與金融科技微學程,https://course.nuk.edu.tw/QueryCourse/tcontent.asp?OpenYear=110&Helf=2&Sclass=AB&Cono=C811,2026-08-26T18:26:40+00:00
110-2-AB-D032-A-4-A,110,2,管理學院,AB,亞太工商管理學系,D032,A,大學部,4,A,亞太策略管理,3,必,70,66,,4,陳一民,M01-104,,,,"2,3, 4",,,,"[{""day"": 4, ""dayName"": ""星期四"", ""periods"": [""2"", ""3"", ""4""], ""raw"": ""2,3, 4""}]",,,https://course.nuk.edu.tw/QueryCourse/tcontent.asp?OpenYear=110&Helf=2&Sclass=AB&Cono=D032,2026-08-26T18:26:40+00:00
110-2-AB-D521-A-4-A,110,2,管理學院,AB,亞太工商管理學系,D521,A,大學部,4,A,亞太產業政策,3,選,70,19,,51,陳一民,M01-104,,"2,3, 4",,,,,,"[{""day"": 2, ""dayName"": ""星期二"", ""periods"": [""2"", ""3"", ""4""], ""raw"": ""2,3, 4""}]",,亞太模組,https://course.nuk.edu.tw/QueryCourse/tcontent.asp?OpenYear=110&Helf=2&Sclass=AB&Cono=D521,2026-08-26T18:26:40+00:00
110-2-AB-F071-M-1-,110,2,管理學院,AB,亞太工商管理學系,F071,M,碩士班,1,,多變量分析,3,必,30,17,,13,盧昆宏,M01-317,,"2,3, 4",,,,,,"[{""day"": 2, ""dayName"": ""星期二"", ""periods"": [""2"", ""3"", ""4""], ""raw"": ""2,3, 4""}]",,,https://course.nuk.edu.tw/QueryCourse/tcontent.asp?OpenYear=110&Helf=2&Sclass=AB&Cono=F071,2026-08-26T18:26:40+00:00
110-2-AB-F583-M-1-,110,2,管理學院,AB,亞太工商管理學系,F583,M,碩士班,1,,產業分析-理論與實務,3,選,30,12,,18,李亭林,M01-317,,,"6,7, 8",,,,,"[{""day"": 3, ""dayName"": ""星期三"", ""periods"": [""6"", ""7"", ""8""], ""raw"": ""6,7, 8""}]",,與碩二合開,https://course.nuk.edu.tw/QueryCourse/tcontent.asp?OpenYear=110&Helf=2&Sclass=AB&Cono=F583,2026-08-26T18:26:40+00:00
110-2-AB-F642-M-1-,110,2,管理學院,AB,亞太工商管理學系,F642,M,碩士班,1,,公司治理,3,選,30,13,,17,陳宜伶,M01-420,,,,"6,7, 8",,,,"[{""day"": 4, ""dayName"": ""星期四"", ""periods"": [""6"", ""7"", ""8""], ""raw"": ""6,7, 8""}]",,與碩二合開,https://course.nuk.edu.tw/QueryCourse/tcontent.asp?OpenYear=110&Helf=2&Sclass=AB&Cono=F642,2026-08-26T18:26:40+00:00
110-2-AB-F695-M-1-,110,2,管理學院,AB,亞太工商管理學系,F695,M,碩士班,1,,人力資源管理,3,選,30,14,,16,黃英忠,M01-111,,,,,"2,3, 4",,,"[{""day"": 5, ""dayName"": ""星期五"", ""periods"": [""2"", ""3"", ""4""], ""raw"": ""2,3, 4""}]",,與碩二合開,https://course.nuk.edu.tw/QueryCourse/tcontent.asp?OpenYear=110&Helf=2&Sclass=AB&Cono=F695,2026-08-26T18:26:40+00:00
110-2-AB-F703-M-1-,110,2,管理學院,AB,亞太工商管理學系,F703,M,碩士班,1,,校外實習（春）,9,必,2,2,,0,楊詠凱,,,,Y,Y,Y,,,"[{""day"": 3, ""dayName"": ""星期三"", ""periods"": [""Y""], ""raw"": ""Y""}, {""day"": 4, ""dayName"": ""星期四"", ""periods"": [""Y""], ""raw"": ""Y""}, {""day"": 5, ""dayName"": ""星期五"", ""periods"": [""Y""], ""raw"": ""Y""}]",,指定加簽實習同學 實習時數:486,https://course.nuk.edu.tw/QueryCourse/tcontent.asp?OpenYear=110&Helf=2&Sclass=AB&Cono=F703,2026-08-26T18:26:40+00:00
110-2-AB-T031-M-1-,110,2,管理學院,AB,亞太工商管理學系,T031,M,碩士班,1,,亞太企業管理,3,必,30,20,,10,陳一民,M01-111,,,,,,"2,3, 4",,"[{""day"": 6, ""dayName"": ""星期六"", ""periods"": [""2"", ""3"", ""4""], ""raw"": ""2,3, 4""}]",,與碩專班共同開課,https://course.nuk.edu.tw/QueryCourse/tcontent.asp?OpenYear=110&Helf=2&Sclass=AB&Cono=T031,2026-08-26T18:26:40+00:00
110-2-AB-F583-M-2-,110,2,管理學院,AB,亞太工商管理學系,F583,M,碩士班,2,,產業分析-理論與實務,3,選,30,12,,18,李亭林,M01-317,,,"6,7, 8",,,,,"[{""day"": 3, ""dayName"": ""星期三"", ""periods"": [""6"", ""7"", ""8""], ""raw"": ""6,7, 8""}]",,與碩一合開,https://course.nuk.edu.tw/QueryCourse/tcontent.asp?OpenYear=110&Helf=2&Sclass=AB&Cono=F583,2026-08-26T18:26:40+00:00
110-2-AB-F642-M-2-,110,2,管理學院,AB,亞太工商管理學系,F642,M,碩士班,2,,公司治理,3,選,30,13,,17,陳宜伶,M01-420,,,,"6,7, 8",,,,"[{""day"": 4, ""dayName"": ""星期四"", ""periods"": [""6"", ""7"", ""8""], ""raw"": ""6,7, 8""}]",,與碩一合開,https://course.nuk.edu.tw/QueryCourse/tcontent.asp?OpenYear=110&Helf=2&Sclass=AB&Cono=F642,2026-08-26T18:26:40+00:00
110-2-AB-F695-M-2-,110,2,管理學院,AB,亞太工商管理學系,F695,M,碩士班,2,,人力資源管理,3,選,30,14,,16,黃英忠,M01-111,,,,,"2,3, 4",,,"[{""day"": 5, ""dayName"": ""星期五"", ""periods"": [""2"", ""3"", ""4""], ""raw"": ""2,3, 4""}]",,與碩一合開,https://course.nuk.edu.tw/QueryCourse/tcontent.asp?OpenYear=110&Helf=2&Sclass=AB&Cono=F695,2026-08-26T18:26:40+00:00
110-2-AE-A00B-A-1-A,110,2,管理學院,AE,應用經濟學系,A00B,A,大學部,1,A,經濟學原理(二),3,必,80,67,,13,蔡佳妤,M01-B102,,"1,2, 3,4",,,,,,"[{""day"": 2, ""dayName"": ""星期二"", ""periods"": [""1"", ""2"", ""3"", ""4""], ""raw"": ""1,2, 3,4""}]",學程,人文與商管學程；台越法商菁英人才學程；星期二第1節為實習,https://course.nuk.edu.tw/QueryCourse/tcontent.asp?OpenYear=110&Helf=2&Sclass=AE&Cono=A00B,2026-08-26T18:26:40+00:00
110-2-AE-A01B-A-1-A,110,2,管理學院,AE,應用經濟學系,A01B,A,大學部,1,A,會計學(二),3,必,80,79,,1,吳怡慧,M01-201,,,,,"5,6, 7,8",,,"[{""day"": 5, ""dayName"": ""星期五"", ""periods"": [""5"", ""6"", ""7"", ""8""], ""raw"": ""5,6, 7,8""}]",學程,星期五第8節為實習；台越法商菁英人才學程,https://course.nuk.edu.tw/QueryCourse/tcontent.asp?OpenYear=110&Helf=2&Sclass=AE&Cono=A01B,2026-08-26T18:26:40+00:00
110-2-AE-A092-A-1-A,110,2,管理學院,AE,應用經濟學系,A092,A,大學部,1,A,微積分（二）,3,必,80,80,,0,陳奕帆,M01-B102,,,,"5,6, 7,8",,,,"[{""day"": 4, ""dayName"": ""星期四"", ""periods"": [""5"", ""6"", ""7"", ""8""], ""raw"": ""5,6, 7,8""}]",,星期四第8節為實習,https://course.nuk.edu.tw/QueryCourse/tcontent.asp?OpenYear=110&Helf=2&Sclass=AE&Cono=A092,2026-08-26T18:26:40+00:00
110-2-AE-A103-A-1-A,110,2,管理學院,AE,應用經濟學系,A103,A,大學部,1,A,民法概要,3,必,70,69,,1,陳旻沂,M01-B102,,,,,"2,3, 4",,,"[{""day"": 5, ""dayName"": ""星期五"", ""periods"": [""2"", ""3"", ""4""], ""raw"": ""2,3, 4""}]",學程,台越法商菁英人才學程,https://course.nuk.edu.tw/QueryCourse/tcontent.asp?OpenYear=110&Helf=2&Sclass=AE&Cono=A103,2026-08-26T18:26:40+00:00
110-2-AE-A552-A-1-A,110,2,管理學院,AE,應用經濟學系,A552,A,大學部,1,A,全球英文財經時事討論,3,選,35,29,,6,佘志民,M01-B104,,"5,6, 7",,,,,,"[{""day"": 2, ""dayName"": ""星期二"", ""periods"": [""5"", ""6"", ""7""], ""raw"": ""5,6, 7""}]",,高等教育深耕計畫-競爭型方案-課群；國際學院課程；全英語授課。限大一、大二修課,https://course.nuk.edu.tw/QueryCourse/tcontent.asp?OpenYear=110&Helf=2&Sclass=AE&Cono=A552,2026-08-26T18:26:40+00:00
110-2-AE-A57B-A-1-A,110,2,管理學院,AE,應用經濟學系,A57B,A,大學部,1,A,經濟學原理實作(二),3,選,51,42,,9,劉志成,M01-103,,,,"2,3, 4",,,,"[{""day"": 4, ""dayName"": ""星期四"", ""periods"": [""2"", ""3"", ""4""], ""raw"": ""2,3, 4""}]",外加,,https://course.nuk.edu.tw/QueryCourse/tcontent.asp?OpenYear=110&Helf=2&Sclass=AE&Cono=A57B,2026-08-26T18:26:40+00:00
110-2-AE-A552-A-2-A,110,2,管理學院,AE,應用經濟學系,A552,A,大學部,2,A,全球英文財經時事討論,3,選,35,29,,6,佘志民,M01-B104,,"5,6, 7",,,,,,"[{""day"": 2, ""dayName"": ""星期二"", ""periods"": [""5"", ""6"", ""7""], ""raw"": ""5,6, 7""}]",,高等教育深耕計畫-競爭型方案-課群；國際學院課程；全英語授課。限大一、大二修課,https://course.nuk.edu.tw/QueryCourse/tcontent.asp?OpenYear=110&Helf=2&Sclass=AE&Cono=A552,2026-08-26T18:26:40+00:00
110-2-AE-B03B-A-2-A,110,2,管理學院,AE,應用經濟學系,B03B,A,大學部,2,A,統計學(二),3,必,80,70,,10,耿紹勛,C02-111,"1,2, 3,4",,,,,,,"[{""day"": 1, ""dayName"": ""星期一"", ""periods"": [""1"", ""2"", ""3"", ""4""], ""raw"": ""1,2, 3,4""}]",學程,星期一第1堂為實習課；人文與商管學程,https://course.nuk.edu.tw/QueryCourse/tcontent.asp?OpenYear=110&Helf=2&Sclass=AE&Cono=B03B,2026-08-26T18:26:40+00:00
110-2-AE-B59B-A-2-A,110,2,管理學院,AE,應用經濟學系,B59B,A,大學部,2,A,個體經濟學實作(二),3,選,57,38,,19,蔡宗秀,M01-103,,,"2,3, 4",,,,,"[{""day"": 3, ""dayName"": ""星期三"", ""periods"": [""2"", ""3"", ""4""], ""raw"": ""2,3, 4""}]",,,https://course.nuk.edu.tw/QueryCourse/tcontent.asp?OpenYear=110&Helf=2&Sclass=AE&Cono=B59B,2026-08-26T18:26:40+00:00
110-2-AE-C02B-A-2-A,110,2,管理學院,AE,應用經濟學系,C02B,A,大學部,2,A,總體經濟學（二）,3,必,80,63,,17,翁銘章,M01-201,"6,7, 8",,,,,,,"[{""day"": 1, ""dayName"": ""星期一"", ""periods"": [""6"", ""7"", ""8""], ""raw"": ""6,7, 8""}]",先修,,https://course.nuk.edu.tw/QueryCourse/tcontent.asp?OpenYear=110&Helf=2&Sclass=AE&Cono=C02B,2026-08-26T18:26:40+00:00
110-2-AE-C03B-A-2-A,110,2,管理學院,AE,應用經濟學系,C03B,A,大學部,2,A,個體經濟學（二）,3,必,80,76,,4,鄭義暉,M01-201,,,,"3,4","3,4",,,"[{""day"": 4, ""dayName"": ""星期四"", ""periods"": [""3"", ""4""], ""raw"": ""3,4""}, {""day"": 5, ""dayName"": ""星期五"", ""periods"": [""3"", ""4""], ""raw"": ""3,4""}]",先修,四34隔週上,https://course.nuk.edu.tw/QueryCourse/tcontent.asp?OpenYear=110&Helf=2&Sclass=AE&Cono=C03B,2026-08-26T18:26:40+00:00
110-2-AE-D571-A-2-A,110,2,管理學院,AE,應用經濟學系,D571,A,大學部,2,A,經濟實驗,3,選,41,39,,2,劉志成,M01-205,,"5,6, 7",,,,,,"[{""day"": 2, ""dayName"": ""星期二"", ""periods"": [""5"", ""6"", ""7""], ""raw"": ""5,6, 7""}]",限修及外加,大學部二、三、四年級合班授課。,https://course.nuk.edu.tw/QueryCourse/tcontent.asp?OpenYear=110&Helf=2&Sclass=AE&Cono=D571,2026-08-26T18:26:40+00:00
110-2-AE-C01A-A-3-A,110,2,管理學院,AE,應用經濟學系,C01A,A,大學部,3,A,國際經濟學（一）,3,必,80,53,,27,柯秀欣,M01-201,,"5,6, 7",,,,,,"[{""day"": 2, ""dayName"": ""星期二"", ""periods"": [""5"", ""6"", ""7""], ""raw"": ""5,6, 7""}]",先修,,https://course.nuk.edu.tw/QueryCourse/tcontent.asp?OpenYear=110&Helf=2&Sclass=AE&Cono=C01A,2026-08-26T18:26:40+00:00
110-2-AE-C542-A-3-A,110,2,管理學院,AE,應用經濟學系,C542,A,大學部,3,A,計量經濟學,3,選,59,48,,11,許聖章,M01-103,,"2,3, 4",,,,,,"[{""day"": 2, ""dayName"": ""星期二"", ""periods"": [""2"", ""3"", ""4""], ""raw"": ""2,3, 4""}]",先修 限修及外加,本課程為學程之數量方法課程；限大三、大四修課,https://course.nuk.edu.tw/QueryCourse/tcontent.asp?OpenYear=110&Helf=2&Sclass=AE&Cono=C542,2026-08-26T18:26:40+00:00
110-2-AE-C545-A-3-A,110,2,管理學院,AE,應用經濟學系,C545,A,大學部,3,A,管理經濟學,3,選,35,20,,15,蔡宗秀,M01-202,,"2,3, 4",,,,,,"[{""day"": 2, ""dayName"": ""星期二"", ""periods"": [""2"", ""3"", ""4""], ""raw"": ""2,3, 4""}]",限修,產業組織與金融市場之專業發展課程；限大三、大四修課。,https://course.nuk.edu.tw/QueryCourse/tcontent.asp?OpenYear=110&Helf=2&Sclass=AE&Cono=C545,2026-08-26T18:26:40+00:00
110-2-AE-C651-A-3-A,110,2,管理學院,AE,應用經濟學系,C651,A,大學部,3,A,財政理論與政策,3,選,35,10,,25,佘志民,M01-103,"5,6, 7",,,,,,,"[{""day"": 1, ""dayName"": ""星期一"", ""periods"": [""5"", ""6"", ""7""], ""raw"": ""5,6, 7""}]",限修,公共議題與經濟政策學程之專業發展課程；限大三、大四修課,https://course.nuk.edu.tw/QueryCourse/tcontent.asp?OpenYear=110&Helf=2&Sclass=AE&Cono=C651,2026-08-26T18:26:40+00:00
110-2-AE-C69B-A-3-A,110,2,管理學院,AE,應用經濟學系,C69B,A,大學部,3,A,人力資源經濟學（二）,3,選,35,11,,24,許聖章,M01-103,"2,3, 4",,,,,,,"[{""day"": 1, ""dayName"": ""星期一"", ""periods"": [""2"", ""3"", ""4""], ""raw"": ""2,3, 4""}]",限修,本課程為學程之「專業發展課程」；限大三、大四修課,https://course.nuk.edu.tw/QueryCourse/tcontent.asp?OpenYear=110&Helf=2&Sclass=AE&Cono=C69B,2026-08-26T18:26:40+00:00
110-2-AE-C713-A-3-A,110,2,管理學院,AE,應用經濟學系,C713,A,大學部,3,A,數理經濟學,3,選,51,12,,39,蔡穎義,M01-205,,,,"5,6, 7",,,,"[{""day"": 4, ""dayName"": ""星期四"", ""periods"": [""5"", ""6"", ""7""], ""raw"": ""5,6, 7""}]",限修,本課程為學程之數量方法課程,https://course.nuk.edu.tw/QueryCourse/tcontent.asp?OpenYear=110&Helf=2&Sclass=AE&Cono=C713,2026-08-26T18:26:40+00:00
110-2-AE-C721-A-3-A,110,2,管理學院,AE,應用經濟學系,C721,A,大學部,3,A,經濟社會學,3,選,35,24,,11,蔡宗秀,M01-202,"2,3, 4",,,,,,,"[{""day"": 1, ""dayName"": ""星期一"", ""periods"": [""2"", ""3"", ""4""], ""raw"": ""2,3, 4""}]",限修,公共議題與經濟政策學程之指定選修課程；限大三、大四修課。,https://course.nuk.edu.tw/QueryCourse/tcontent.asp?OpenYear=110&Helf=2&Sclass=AE&Cono=C721,2026-08-26T18:26:40+00:00
110-2-AE-C741-A-3-A,110,2,管理學院,AE,應用經濟學系,C741,A,大學部,3,A,法律經濟學,3,選,36,35,,1,宋皇叡,M01-103,,,,,"5,6, 7",,,"[{""day"": 5, ""dayName"": ""星期五"", ""periods"": [""5"", ""6"", ""7""], ""raw"": ""5,6, 7""}]",限修及外加 學程,本課程為學程之「專業發展課程」；產業、科技與財經法律學分學程； 限大三、大四修課,https://course.nuk.edu.tw/QueryCourse/tcontent.asp?OpenYear=110&Helf=2&Sclass=AE&Cono=C741,2026-08-26T18:26:40+00:00
110-2-AE-C761-A-3-A,110,2,管理學院,AE,應用經濟學系,C761,A,大學部,3,A,金融市場,3,選,61,61,,0,柯秀欣,M01-B102,"5,6, 7",,,,,,,"[{""day"": 1, ""dayName"": ""星期一"", ""periods"": [""5"", ""6"", ""7""], ""raw"": ""5,6, 7""}]",限修及外加,產業組織與金融市場學程之指定選修課程;「產業、科技與財經法律」學分學程；人文與商管學程。 限大三、大四修課,https://course.nuk.edu.tw/QueryCourse/tcontent.asp?OpenYear=110&Helf=2&Sclass=AE&Cono=C761,2026-08-26T18:26:40+00:00
110-2-AE-D542-A-3-A,110,2,管理學院,AE,應用經濟學系,D542,A,大學部,3,A,都市經濟學,3,選,40,17,,23,陳奕帆,M01-103,,,,,"2,3, 4",,,"[{""day"": 5, ""dayName"": ""星期五"", ""periods"": [""2"", ""3"", ""4""], ""raw"": ""2,3, 4""}]",限修,大學部三、四年級合班授課,https://course.nuk.edu.tw/QueryCourse/tcontent.asp?OpenYear=110&Helf=2&Sclass=AE&Cono=D542,2026-08-26T18:26:40+00:00
110-2-AE-D571-A-3-A,110,2,管理學院,AE,應用經濟學系,D571,A,大學部,3,A,經濟實驗,3,選,41,39,,2,劉志成,M01-205,,"5,6, 7",,,,,,"[{""day"": 2, ""dayName"": ""星期二"", ""periods"": [""5"", ""6"", ""7""], ""raw"": ""5,6, 7""}]",限修及外加,大學部二、三、四年級合班授課。,https://course.nuk.edu.tw/QueryCourse/tcontent.asp?OpenYear=110&Helf=2&Sclass=AE&Cono=D571,2026-08-26T18:26:40+00:00
110-2-AE-D601-A-3-A,110,2,管理學院,AE,應用經濟學系,D601,A,大學部,3,A,國際貿易實務,3,選,43,32,,11,鄭義暉,M01-103,,,,"6,7, 8",,,,"[{""day"": 4, ""dayName"": ""星期四"", ""periods"": [""6"", ""7"", ""8""], ""raw"": ""6,7, 8""}]",限修及外加,產業組織與金融市場之專業發展課程；限大三、大四修課,https://course.nuk.edu.tw/QueryCourse/tcontent.asp?OpenYear=110&Helf=2&Sclass=AE&Cono=D601,2026-08-26T18:26:40+00:00
110-2-AE-F50C-A-3-A,110,2,管理學院,AE,應用經濟學系,F50C,A,大學部,3,A,計量經濟學(二),3,選,30,14,,16,耿紹勛,M01-205,,,,"2,3, 4",,,,"[{""day"": 4, ""dayName"": ""星期四"", ""periods"": [""2"", ""3"", ""4""], ""raw"": ""2,3, 4""}]",,大學部三、四年級及碩士班一、二年級年級合班授課,https://course.nuk.edu.tw/QueryCourse/tcontent.asp?OpenYear=110&Helf=2&Sclass=AE&Cono=F50C,2026-08-26T18:26:40+00:00
110-2-AE-F563-A-3-A,110,2,管理學院,AE,應用經濟學系,F563,A,大學部,3,A,媒體經濟學,3,選,35,11,,24,蔡佳妤,M01-205,,,,,"2,3, 4",,,"[{""day"": 5, ""dayName"": ""星期五"", ""periods"": [""2"", ""3"", ""4""], ""raw"": ""2,3, 4""}]",限修,公共議題與經濟政策之專業發展課程；限大三、大四與碩士班合班授課,https://course.nuk.edu.tw/QueryCourse/tcontent.asp?OpenYear=110&Helf=2&Sclass=AE&Cono=F563,2026-08-26T18:26:40+00:00
110-2-AE-F613-A-3-A,110,2,管理學院,AE,應用經濟學系,F613,A,大學部,3,A,產業貿易與政策,3,選,30,17,,13,蔡穎義,M01-202,,,,"2,3, 4",,,,"[{""day"": 4, ""dayName"": ""星期四"", ""periods"": [""2"", ""3"", ""4""], ""raw"": ""2,3, 4""}]",限修及外加,本課程為學程之學程之專業發展課程,https://course.nuk.edu.tw/QueryCourse/tcontent.asp?OpenYear=110&Helf=2&Sclass=AE&Cono=F613,2026-08-26T18:26:40+00:00
110-2-AE-F631-A-3-A,110,2,管理學院,AE,應用經濟學系,F631,A,大學部,3,A,社會資料科學入門: Python應用分析,3,選,50,29,,21,蔡佳妤,M01-104,,,"2,3, 4",,,,,"[{""day"": 3, ""dayName"": ""星期三"", ""periods"": [""2"", ""3"", ""4""], ""raw"": ""2,3, 4""}]",限修及外加,限大三、大四與碩士合班授課班,https://course.nuk.edu.tw/QueryCourse/tcontent.asp?OpenYear=110&Helf=2&Sclass=AE&Cono=F631,2026-08-26T18:26:40+00:00
110-2-AE-F633-A-3-A,110,2,管理學院,AE,應用經濟學系,F633,A,大學部,3,A,國際經濟組織,3,選,42,41,,1,鄭義暉,M01-205,,,"2,3, 4",,,,,"[{""day"": 3, ""dayName"": ""星期三"", ""periods"": [""2"", ""3"", ""4""], ""raw"": ""2,3, 4""}]",外加,本課程為學程之「專業發展課程」；限大三、大四與碩士合班授課班,https://course.nuk.edu.tw/QueryCourse/tcontent.asp?OpenYear=110&Helf=2&Sclass=AE&Cono=F633,2026-08-26T18:26:40+00:00
110-2-AE-C542-A-4-A,110,2,管理學院,AE,應用經濟學系,C542,A,大學部,4,A,計量經濟學,3,選,59,48,,11,許聖章,M01-103,,"2,3, 4",,,,,,"[{""day"": 2, ""dayName"": ""星期二"", ""periods"": [""2"", ""3"", ""4""], ""raw"": ""2,3, 4""}]",先修 限修及外加,本課程為學程之數量方法課程；限大三、大四修課,https://course.nuk.edu.tw/QueryCourse/tcontent.asp?OpenYear=110&Helf=2&Sclass=AE&Cono=C542,2026-08-26T18:26:40+00:00
110-2-AE-C545-A-4-A,110,2,管理學院,AE,應用經濟學系,C545,A,大學部,4,A,管理經濟學,3,選,35,20,,15,蔡宗秀,M01-202,,"2,3, 4",,,,,,"[{""day"": 2, ""dayName"": ""星期二"", ""periods"": [""2"", ""3"", ""4""], ""raw"": ""2,3, 4""}]",限修,產業組織與金融市場之專業發展課程；限大三、大四修課,https://course.nuk.edu.tw/QueryCourse/tcontent.asp?OpenYear=110&Helf=2&Sclass=AE&Cono=C545,2026-08-26T18:26:40+00:00
110-2-AE-C651-A-4-A,110,2,管理學院,AE,應用經濟學系,C651,A,大學部,4,A,財政理論與政策,3,選,35,10,,25,佘志民,M01-103,"5,6, 7",,,,,,,"[{""day"": 1, ""dayName"": ""星期一"", ""periods"": [""5"", ""6"", ""7""], ""raw"": ""5,6, 7""}]",限修,公共議題與經濟政策學程之專業發展課程； 限大三、大四修課,https://course.nuk.edu.tw/QueryCourse/tcontent.asp?OpenYear=110&Helf=2&Sclass=AE&Cono=C651,2026-08-26T18:26:40+00:00
110-2-AE-C69B-A-4-A,110,2,管理學院,AE,應用經濟學系,C69B,A,大學部,4,A,人力資源經濟學（二）,3,選,35,11,,24,許聖章,M01-103,"2,3, 4",,,,,,,"[{""day"": 1, ""dayName"": ""星期一"", ""periods"": [""2"", ""3"", ""4""], ""raw"": ""2,3, 4""}]",限修,本課程為學程之「專業發展課程」；限大三、大四修課。,https://course.nuk.edu.tw/QueryCourse/tcontent.asp?OpenYear=110&Helf=2&Sclass=AE&Cono=C69B,2026-08-26T18:26:40+00:00
110-2-AE-C713-A-4-A,110,2,管理學院,AE,應用經濟學系,C713,A,大學部,4,A,數理經濟學,3,選,51,12,,39,蔡穎義,M01-205,,,,"5,6, 7",,,,"[{""day"": 4, ""dayName"": ""星期四"", ""periods"": [""5"", ""6"", ""7""], ""raw"": ""5,6, 7""}]",,本課程為學程之數量方法課程,https://course.nuk.edu.tw/QueryCourse/tcontent.asp?OpenYear=110&Helf=2&Sclass=AE&Cono=C713,2026-08-26T18:26:40+00:00
110-2-AE-C721-A-4-A,110,2,管理學院,AE,應用經濟學系,C721,A,大學部,4,A,經濟社會學,3,選,35,24,,11,蔡宗秀,M01-202,"2,3, 4",,,,,,,"[{""day"": 1, ""dayName"": ""星期一"", ""periods"": [""2"", ""3"", ""4""], ""raw"": ""2,3, 4""}]",限修,公共議題與經濟政策學程之指定選修課程；限大三、大四修課,https://course.nuk.edu.tw/QueryCourse/tcontent.asp?OpenYear=110&Helf=2&Sclass=AE&Cono=C721,2026-08-26T18:26:40+00:00
110-2-AE-C741-A-4-A,110,2,管理學院,AE,應用經濟學系,C741,A,大學部,4,A,法律經濟學,3,選,36,35,,1,宋皇叡,M01-103,,,,,"5,6, 7",,,"[{""day"": 5, ""dayName"": ""星期五"", ""periods"": [""5"", ""6"", ""7""], ""raw"": ""5,6, 7""}]",限修及外加 學程,本課程為學程之「專業發展課程」；產業、科技與財經法律學分學程；限大三、大四修課,https://course.nuk.edu.tw/QueryCourse/tcontent.asp?OpenYear=110&Helf=2&Sclass=AE&Cono=C741,2026-08-26T18:26:40+00:00
110-2-AE-C761-A-4-A,110,2,管理學院,AE,應用經濟學系,C761,A,大學部,4,A,金融市場,3,選,61,61,,0,柯秀欣,M01-B102,"5,6, 7",,,,,,,"[{""day"": 1, ""dayName"": ""星期一"", ""periods"": [""5"", ""6"", ""7""], ""raw"": ""5,6, 7""}]",限修及外加,產業組織與金融市場學程之指定選修課程;「產業、科技與財經法律」學分學程；人文與商管學程。限大三、大四修課,https://course.nuk.edu.tw/QueryCourse/tcontent.asp?OpenYear=110&Helf=2&Sclass=AE&Cono=C761,2026-08-26T18:26:40+00:00
110-2-AE-D011-A-4-A,110,2,管理學院,AE,應用經濟學系,D011,A,大學部,4,A,應用經濟實務專題（二）,1,必,30,28,,2,陳奕帆,M01-202,,,"5,6, 7",,,,,"[{""day"": 3, ""dayName"": ""星期三"", ""periods"": [""5"", ""6"", ""7""], ""raw"": ""5,6, 7""}]",限修,限大四及修讀五年一貫學碩士學位者選修,https://course.nuk.edu.tw/QueryCourse/tcontent.asp?OpenYear=110&Helf=2&Sclass=AE&Cono=D011,2026-08-26T18:26:40+00:00
110-2-AE-D542-A-4-A,110,2,管理學院,AE,應用經濟學系,D542,A,大學部,4,A,都市經濟學,3,選,40,17,,23,陳奕帆,M01-103,,,,,"2,3, 4",,,"[{""day"": 5, ""dayName"": ""星期五"", ""periods"": [""2"", ""3"", ""4""], ""raw"": ""2,3, 4""}]",限修,大學部三、四年級合班授課,https://course.nuk.edu.tw/QueryCourse/tcontent.asp?OpenYear=110&Helf=2&Sclass=AE&Cono=D542,2026-08-26T18:26:40+00:00
110-2-AE-D571-A-4-A,110,2,管理學院,AE,應用經濟學系,D571,A,大學部,4,A,經濟實驗,3,選,41,39,,2,劉志成,M01-205,,"5,6, 7",,,,,,"[{""day"": 2, ""dayName"": ""星期二"", ""periods"": [""5"", ""6"", ""7""], ""raw"": ""5,6, 7""}]",外加,大學部二、三、四年級合班授課,https://course.nuk.edu.tw/QueryCourse/tcontent.asp?OpenYear=110&Helf=2&Sclass=AE&Cono=D571,2026-08-26T18:26:40+00:00
110-2-AE-D601-A-4-A,110,2,管理學院,AE,應用經濟學系,D601,A,大學部,4,A,國際貿易實務,3,選,43,32,,11,鄭義暉,M01-103,,,,"6,7, 8",,,,"[{""day"": 4, ""dayName"": ""星期四"", ""periods"": [""6"", ""7"", ""8""], ""raw"": ""6,7, 8""}]",限修及外加,產業組織與金融市場之專業發展課程；限大三、大四修課,https://course.nuk.edu.tw/QueryCourse/tcontent.asp?OpenYear=110&Helf=2&Sclass=AE&Cono=D601,2026-08-26T18:26:40+00:00
110-2-AE-D902-A-4-A,110,2,管理學院,AE,應用經濟學系,D902,A,大學部,4,A,應用經濟實務實習(二),9,選,30,1,,29,蔡穎義,M01-312,,,"2,3, 4",,,,,"[{""day"": 3, ""dayName"": ""星期三"", ""periods"": [""2"", ""3"", ""4""], ""raw"": ""2,3, 4""}]",限修,實習總時數需達486小時。限應經系大四同學選修。如有參加企業實習之同學，要修習本課程請洽蔡穎義老師指定加簽,https://course.nuk.edu.tw/QueryCourse/tcontent.asp?OpenYear=110&Helf=2&Sclass=AE&Cono=D902,2026-08-26T18:26:40+00:00
110-2-AE-F50C-A-4-A,110,2,管理學院,AE,應用經濟學系,F50C,A,大學部,4,A,計量經濟學(二),3,選,30,14,,16,耿紹勛,M01-205,,,,"2,3, 4",,,,"[{""day"": 4, ""dayName"": ""星期四"", ""periods"": [""2"", ""3"", ""4""], ""raw"": ""2,3, 4""}]",,大學部三、四年級及碩士班一、二年級年級合班授課,https://course.nuk.edu.tw/QueryCourse/tcontent.asp?OpenYear=110&Helf=2&Sclass=AE&Cono=F50C,2026-08-26T18:26:40+00:00
110-2-AE-F563-A-4-A,110,2,管理學院,AE,應用經濟學系,F563,A,大學部,4,A,媒體經濟學,3,選,35,11,,24,蔡佳妤,M01-205,,,,,"2,3, 4",,,"[{""day"": 5, ""dayName"": ""星期五"", ""periods"": [""2"", ""3"", ""4""], ""raw"": ""2,3, 4""}]",,公共議題與經濟政策之專業發展課程；限大三、大四與碩士班合班授課,https://course.nuk.edu.tw/QueryCourse/tcontent.asp?OpenYear=110&Helf=2&Sclass=AE&Cono=F563,2026-08-26T18:26:40+00:00
110-2-AE-F613-A-4-A,110,2,管理學院,AE,應用經濟學系,F613,A,大學部,4,A,產業貿易與政策,3,選,30,17,,13,蔡穎義,M01-202,,,,"2,3, 4",,,,"[{""day"": 4, ""dayName"": ""星期四"", ""periods"": [""2"", ""3"", ""4""], ""raw"": ""2,3, 4""}]",,本課程為學程之學程之專業發展課程,https://course.nuk.edu.tw/QueryCourse/tcontent.asp?OpenYear=110&Helf=2&Sclass=AE&Cono=F613,2026-08-26T18:26:40+00:00
110-2-AE-F631-A-4-A,110,2,管理學院,AE,應用經濟學系,F631,A,大學部,4,A,社會資料科學入門: Python應用分析,3,選,50,29,,21,蔡佳妤,M01-104,,,"2,3, 4",,,,,"[{""day"": 3, ""dayName"": ""星期三"", ""periods"": [""2"", ""3"", ""4""], ""raw"": ""2,3, 4""}]",,大學部三、四年級與碩士班合班授課,https://course.nuk.edu.tw/QueryCourse/tcontent.asp?OpenYear=110&Helf=2&Sclass=AE&Cono=F631,2026-08-26T18:26:40+00:00
110-2-AE-F633-A-4-A,110,2,管理學院,AE,應用經濟學系,F633,A,大學部,4,A,國際經濟組織,3,選,42,41,,1,鄭義暉,M01-205,,,"2,3, 4",,,,,"[{""day"": 3, ""dayName"": ""星期三"", ""periods"": [""2"", ""3"", ""4""], ""raw"": ""2,3, 4""}]",外加,本課程為學程之「專業發展課程」；限大三、大四與碩士合班授課班,https://course.nuk.edu.tw/QueryCourse/tcontent.asp?OpenYear=110&Helf=2&Sclass=AE&Cono=F633,2026-08-26T18:26:40+00:00
110-2-AE-F015-M-1-,110,2,管理學院,AE,應用經濟學系,F015,M,碩士班,1,,總體經濟學,3,必,30,7,,23,柯秀欣,M01-312,,,,"5,6, 7",,,,"[{""day"": 4, ""dayName"": ""星期四"", ""periods"": [""5"", ""6"", ""7""], ""raw"": ""5,6, 7""}]",,,https://course.nuk.edu.tw/QueryCourse/tcontent.asp?OpenYear=110&Helf=2&Sclass=AE&Cono=F015,2026-08-26T18:26:40+00:00
110-2-AE-F03B-M-1-,110,2,管理學院,AE,應用經濟學系,F03B,M,碩士班,1,,專題討論（二）,1,必,30,4,,26,蔡穎義,M01-312,,,"5,6, 7",,,,,"[{""day"": 3, ""dayName"": ""星期三"", ""periods"": [""5"", ""6"", ""7""], ""raw"": ""5,6, 7""}]",,,https://course.nuk.edu.tw/QueryCourse/tcontent.asp?OpenYear=110&Helf=2&Sclass=AE&Cono=F03B,2026-08-26T18:26:40+00:00
110-2-AE-F50C-M-1-,110,2,管理學院,AE,應用經濟學系,F50C,M,碩士班,1,,計量經濟學(二),3,選,30,14,,16,耿紹勛,M01-205,,,,"2,3, 4",,,,"[{""day"": 4, ""dayName"": ""星期四"", ""periods"": [""2"", ""3"", ""4""], ""raw"": ""2,3, 4""}]",,大學部三、四年級及碩士班一、二年級年級合班授課,https://course.nuk.edu.tw/QueryCourse/tcontent.asp?OpenYear=110&Helf=2&Sclass=AE&Cono=F50C,2026-08-26T18:26:40+00:00
110-2-AE-F513-M-1-,110,2,管理學院,AE,應用經濟學系,F513,M,碩士班,1,,人力資源經濟學（二）,3,選,30,5,,25,許聖章,M01-313,"5,6, 7",,,,,,,"[{""day"": 1, ""dayName"": ""星期一"", ""periods"": [""5"", ""6"", ""7""], ""raw"": ""5,6, 7""}]",限修及外加,碩士班合班授課,https://course.nuk.edu.tw/QueryCourse/tcontent.asp?OpenYear=110&Helf=2&Sclass=AE&Cono=F513,2026-08-26T18:26:40+00:00
110-2-AE-F563-M-1-,110,2,管理學院,AE,應用經濟學系,F563,M,碩士班,1,,媒體經濟學,3,選,35,11,,24,蔡佳妤,M01-205,,,,,"2,3, 4",,,"[{""day"": 5, ""dayName"": ""星期五"", ""periods"": [""2"", ""3"", ""4""], ""raw"": ""2,3, 4""}]",限修,公共議題與經濟政策之專業發展課程；限大三、大四與碩士班合班授課,https://course.nuk.edu.tw/QueryCourse/tcontent.asp?OpenYear=110&Helf=2&Sclass=AE&Cono=F563,2026-08-26T18:26:40+00:00
110-2-AE-F59A-M-1-,110,2,管理學院,AE,應用經濟學系,F59A,M,碩士班,1,,國際金融(一),3,選,30,6,,24,翁銘章,M01-202,,,"2,3, 4",,,,,"[{""day"": 3, ""dayName"": ""星期三"", ""periods"": [""2"", ""3"", ""4""], ""raw"": ""2,3, 4""}]",限修及外加,碩士班合班授課,https://course.nuk.edu.tw/QueryCourse/tcontent.asp?OpenYear=110&Helf=2&Sclass=AE&Cono=F59A,2026-08-26T18:26:40+00:00
110-2-AE-F613-M-1-,110,2,管理學院,AE,應用經濟學系,F613,M,碩士班,1,,產業貿易與政策,3,選,30,17,,13,蔡穎義,M01-202,,,,"2,3, 4",,,,"[{""day"": 4, ""dayName"": ""星期四"", ""periods"": [""2"", ""3"", ""4""], ""raw"": ""2,3, 4""}]",限修及外加,本課程為學程之學程之專業發展課程,https://course.nuk.edu.tw/QueryCourse/tcontent.asp?OpenYear=110&Helf=2&Sclass=AE&Cono=F613,2026-08-26T18:26:40+00:00
110-2-AE-F631-M-1-,110,2,管理學院,AE,應用經濟學系,F631,M,碩士班,1,,社會資料科學入門: Python應用分析,3,選,50,29,,21,蔡佳妤,M01-104,,,"2,3, 4",,,,,"[{""day"": 3, ""dayName"": ""星期三"", ""periods"": [""2"", ""3"", ""4""], ""raw"": ""2,3, 4""}]",限修及外加,大學部三、四年級與碩士班合班授課,https://course.nuk.edu.tw/QueryCourse/tcontent.asp?OpenYear=110&Helf=2&Sclass=AE&Cono=F631,2026-08-26T18:26:40+00:00
110-2-AE-F633-M-1-,110,2,管理學院,AE,應用經濟學系,F633,M,碩士班,1,,國際經濟組織,3,選,42,41,,1,鄭義暉,M01-205,,,"2,3, 4",,,,,"[{""day"": 3, ""dayName"": ""星期三"", ""periods"": [""2"", ""3"", ""4""], ""raw"": ""2,3, 4""}]",外加,本課程為大學部學程之專業發展課程；限大三、大四與碩士合班授課班,https://course.nuk.edu.tw/QueryCourse/tcontent.asp?OpenYear=110&Helf=2&Sclass=AE&Cono=F633,2026-08-26T18:26:40+00:00
110-2-AE-F03D-M-2-,110,2,管理學院,AE,應用經濟學系,F03D,M,碩士班,2,,專題討論（四）,1,必,30,3,,27,耿紹勛,M01-419,,,"5,6, 7",,,,,"[{""day"": 3, ""dayName"": ""星期三"", ""periods"": [""5"", ""6"", ""7""], ""raw"": ""5,6, 7""}]",,,https://course.nuk.edu.tw/QueryCourse/tcontent.asp?OpenYear=110&Helf=2&Sclass=AE&Cono=F03D,2026-08-26T18:26:40+00:00
110-2-AE-F50C-M-2-,110,2,管理學院,AE,應用經濟學系,F50C,M,碩士班,2,,計量經濟學(二),3,選,30,14,,16,耿紹勛,M01-205,,,,"2,3, 4",,,,"[{""day"": 4, ""dayName"": ""星期四"", ""periods"": [""2"", ""3"", ""4""], ""raw"": ""2,3, 4""}]",,大學部三、四年級及碩士班一、二年級年級合班授課,https://course.nuk.edu.tw/QueryCourse/tcontent.asp?OpenYear=110&Helf=2&Sclass=AE&Cono=F50C,2026-08-26T18:26:40+00:00
110-2-AE-F513-M-2-,110,2,管理學院,AE,應用經濟學系,F513,M,碩士班,2,,人力資源經濟學（二）,3,選,30,5,,25,許聖章,M01-313,"5,6, 7",,,,,,,"[{""day"": 1, ""dayName"": ""星期一"", ""periods"": [""5"", ""6"", ""7""], ""raw"": ""5,6, 7""}]",,碩士班合班授課,https://course.nuk.edu.tw/QueryCourse/tcontent.asp?OpenYear=110&Helf=2&Sclass=AE&Cono=F513,2026-08-26T18:26:40+00:00
110-2-AE-F563-M-2-,110,2,管理學院,AE,應用經濟學系,F563,M,碩士班,2,,媒體經濟學,3,選,35,11,,24,蔡佳妤,M01-205,,,,,"2,3, 4",,,"[{""day"": 5, ""dayName"": ""星期五"", ""periods"": [""2"", ""3"", ""4""], ""raw"": ""2,3, 4""}]",,公共議題與經濟政策之專業發展課程；限大三、大四與碩士班合班授課,https://course.nuk.edu.tw/QueryCourse/tcontent.asp?OpenYear=110&Helf=2&Sclass=AE&Cono=F563,2026-08-26T18:26:40+00:00
110-2-AE-F59A-M-2-,110,2,管理學院,AE,應用經濟學系,F59A,M,碩士班,2,,國際金融(一),3,選,30,6,,24,翁銘章,M01-202,,,"2,3, 4",,,,,"[{""day"": 3, ""dayName"": ""星期三"", ""periods"": [""2"", ""3"", ""4""], ""raw"": ""2,3, 4""}]",,碩士班合班授課,https://course.nuk.edu.tw/QueryCourse/tcontent.asp?OpenYear=110&Helf=2&Sclass=AE&Cono=F59A,2026-08-26T18:26:40+00:00
110-2-AE-F613-M-2-,110,2,管理學院,AE,應用經濟學系,F613,M,碩士班,2,,產業貿易與政策,3,選,30,17,,13,蔡穎義,M01-202,,,,"2,3, 4",,,,"[{""day"": 4, ""dayName"": ""星期四"", ""periods"": [""2"", ""3"", ""4""], ""raw"": ""2,3, 4""}]",,本課程為學程之學程之專業發展課程；,https://course.nuk.edu.tw/QueryCourse/tcontent.asp?OpenYear=110&Helf=2&Sclass=AE&Cono=F613,2026-08-26T18:26:40+00:00
110-2-AE-F631-M-2-,110,2,管理學院,AE,應用經濟學系,F631,M,碩士班,2,,社會資料科學入門: Python應用分析,3,選,50,29,,21,蔡佳妤,M01-104,,,"2,3, 4",,,,,"[{""day"": 3, ""dayName"": ""星期三"", ""periods"": [""2"", ""3"", ""4""], ""raw"": ""2,3, 4""}]",,限大三、大四與碩士合班授課,https://course.nuk.edu.tw/QueryCourse/tcontent.asp?OpenYear=110&Helf=2&Sclass=AE&Cono=F631,2026-08-26T18:26:40+00:00
110-2-AE-F633-M-2-,110,2,管理學院,AE,應用經濟學系,F633,M,碩士班,2,,國際經濟組織,3,選,42,41,,1,鄭義暉,M01-205,,,"2,3, 4",,,,,"[{""day"": 3, ""dayName"": ""星期三"", ""periods"": [""2"", ""3"", ""4""], ""raw"": ""2,3, 4""}]",外加,本課程為學程之「專業發展課程」；限大三、大四與碩士合班授課班授課,https://course.nuk.edu.tw/QueryCourse/tcontent.asp?OpenYear=110&Helf=2&Sclass=AE&Cono=F633,2026-08-26T18:26:40+00:00
110-2-CCM-A601-A-1-A,110,2,管理學院,CCM,管理學院共同課程,A601,A,大學部,1,A,進階R資料分析與應用,3,選,60,16,,44,曾智義,L01-108 其他教室,"5,6, 7",,,,,,,"[{""day"": 1, ""dayName"": ""星期一"", ""periods"": [""5"", ""6"", ""7""], ""raw"": ""5,6, 7""}]",學程,本課程是否可抵本院學系畢業學分請洽各屬系所,https://course.nuk.edu.tw/QueryCourse/tcontent.asp?OpenYear=110&Helf=2&Sclass=CCM&Cono=A601,2026-08-26T18:26:40+00:00
110-2-EBA-N072-E-1-,110,2,管理學院,EBA,高階經營管理碩士在職專班,N072,E,高階經營管理碩士在職專班,1,,策略管理-(金門班),3,選,10,3,,7,李亭林 佘志民,,,,,,,"1,2, 3,4, 5,6",,"[{""day"": 6, ""dayName"": ""星期六"", ""periods"": [""1"", ""2"", ""3"", ""4"", ""5"", ""6""], ""raw"": ""1,2, 3,4, 5,6""}]",限修,金門班,https://course.nuk.edu.tw/QueryCourse/tcontent.asp?OpenYear=110&Helf=2&Sclass=EBA&Cono=N072,2026-08-26T18:26:40+00:00
110-2-EBA-N542-E-1-,110,2,管理學院,EBA,高階經營管理碩士在職專班,N542,E,高階經營管理碩士在職專班,1,,全球經貿專題,3,選,10,4,,6,翁銘章 鄭義暉,,,,,,,"7,8, 9","7,8, 9","[{""day"": 6, ""dayName"": ""星期六"", ""periods"": [""7"", ""8"", ""9""], ""raw"": ""7,8, 9""}, {""day"": 7, ""dayName"": ""星期日"", ""periods"": [""7"", ""8"", ""9""], ""raw"": ""7,8, 9""}]",限修,金門班,https://course.nuk.edu.tw/QueryCourse/tcontent.asp?OpenYear=110&Helf=2&Sclass=EBA&Cono=N542,2026-08-26T18:26:40+00:00
110-2-EBA-N624-E-1-,110,2,管理學院,EBA,高階經營管理碩士在職專班,N624,E,高階經營管理碩士在職專班,1,,企業經營與法律,3,選,10,3,,7,陳月端 吳行浩,,,,,,,,"1,2, 3,4, 5,6","[{""day"": 7, ""dayName"": ""星期日"", ""periods"": [""1"", ""2"", ""3"", ""4"", ""5"", ""6""], ""raw"": ""1,2, 3,4, 5,6""}]",限修,金門班,https://course.nuk.edu.tw/QueryCourse/tcontent.asp?OpenYear=110&Helf=2&Sclass=EBA&Cono=N624,2026-08-26T18:26:40+00:00
110-2-EBA-N625-E-1-,110,2,管理學院,EBA,高階經營管理碩士在職專班,N625,E,高階經營管理碩士在職專班,1,,企業領袖移動講堂,3,選,35,27,,8,翁銘章 佘志民 李亭林,,,,,,,"10,11, 12","10,11, 12","[{""day"": 6, ""dayName"": ""星期六"", ""periods"": [""10"", ""11"", ""12""], ""raw"": ""10,11, 12""}, {""day"": 7, ""dayName"": ""星期日"", ""periods"": [""10"", ""11"", ""12""], ""raw"": ""10,11, 12""}]",限修,,https://course.nuk.edu.tw/QueryCourse/tcontent.asp?OpenYear=110&Helf=2&Sclass=EBA&Cono=N625,2026-08-26T18:26:40+00:00
110-2-EBA-N635-E-1-,110,2,管理學院,EBA,高階經營管理碩士在職專班,N635,E,高階經營管理碩士在職專班,1,,創新科技應用與管理,3,選,90,72,,18,鍾宜璋 吳松茂 吳志宏,,,,,,,"1,2, 3,4, 5,6",,"[{""day"": 6, ""dayName"": ""星期六"", ""periods"": [""1"", ""2"", ""3"", ""4"", ""5"", ""6""], ""raw"": ""1,2, 3,4, 5,6""}]",限修,高雄班，上課教室：管院B102室,https://course.nuk.edu.tw/QueryCourse/tcontent.asp?OpenYear=110&Helf=2&Sclass=EBA&Cono=N635,2026-08-26T18:26:40+00:00
110-2-EBA-N681-E-1-,110,2,管理學院,EBA,高階經營管理碩士在職專班,N681,E,高階經營管理碩士在職專班,1,,金融市場與投資,3,選,90,65,,25,翁銘章 鄭義暉,,,,,,,,"1,2, 3,4, 5,6","[{""day"": 7, ""dayName"": ""星期日"", ""periods"": [""1"", ""2"", ""3"", ""4"", ""5"", ""6""], ""raw"": ""1,2, 3,4, 5,6""}]",限修,高雄班，上課教室：管院B102室,https://course.nuk.edu.tw/QueryCourse/tcontent.asp?OpenYear=110&Helf=2&Sclass=EBA&Cono=N681,2026-08-26T18:26:40+00:00
110-2-EBA-N721-E-1-,110,2,管理學院,EBA,高階經營管理碩士在職專班,N721,E,高階經營管理碩士在職專班,1,,數位轉型與碳經濟,3,選,90,74,,16,佘志民 李亭林 外校老師,,,,,,,"7,8, 9","7,8, 9","[{""day"": 6, ""dayName"": ""星期六"", ""periods"": [""7"", ""8"", ""9""], ""raw"": ""7,8, 9""}, {""day"": 7, ""dayName"": ""星期日"", ""periods"": [""7"", ""8"", ""9""], ""raw"": ""7,8, 9""}]",限修,高雄班，上課教室：管院B102室,https://course.nuk.edu.tw/QueryCourse/tcontent.asp?OpenYear=110&Helf=2&Sclass=EBA&Cono=N721,2026-08-26T18:26:40+00:00
110-2-EBA-N11B-E-2-,110,2,管理學院,EBA,高階經營管理碩士在職專班,N11B,E,高階經營管理碩士在職專班,2,,碩士論文(下)-(高雄班),3,必,50,44,,6,丁一賢 趙建雄 佘志民 吳建興 李亭林 李博志 黃英忠 楊書成,,,X,X,X,,,,"[{""day"": 2, ""dayName"": ""星期二"", ""periods"": [""X""], ""raw"": ""X""}, {""day"": 3, ""dayName"": ""星期三"", ""periods"": [""X""], ""raw"": ""X""}, {""day"": 4, ""dayName"": ""星期四"", ""periods"": [""X""], ""raw"": ""X""}]",限修,高雄班與金門班合開,https://course.nuk.edu.tw/QueryCourse/tcontent.asp?OpenYear=110&Helf=2&Sclass=EBA&Cono=N11B,2026-08-26T18:26:40+00:00
110-2-EBA-N561-E-2-,110,2,管理學院,EBA,高階經營管理碩士在職專班,N561,E,高階經營管理碩士在職專班,2,,企業參訪,3,必,60,39,,21,翁銘章 佘志民 李亭林,,,Y,Y,Y,,,,"[{""day"": 2, ""dayName"": ""星期二"", ""periods"": [""Y""], ""raw"": ""Y""}, {""day"": 3, ""dayName"": ""星期三"", ""periods"": [""Y""], ""raw"": ""Y""}, {""day"": 4, ""dayName"": ""星期四"", ""periods"": [""Y""], ""raw"": ""Y""}]",限修,,https://course.nuk.edu.tw/QueryCourse/tcontent.asp?OpenYear=110&Helf=2&Sclass=EBA&Cono=N561,2026-08-26T18:26:40+00:00
110-2-EM-F101-M-1-,110,2,管理學院,EM,經營管理研究所,F101,M,碩士班,1,,國際企業管理,3,必,30,12,,18,吳毓麒 楊雅博 鄭育仁,M01-423,,,"2,3, 4",,,,,"[{""day"": 3, ""dayName"": ""星期三"", ""periods"": [""2"", ""3"", ""4""], ""raw"": ""2,3, 4""}]",,上課教室：管院423室,https://course.nuk.edu.tw/QueryCourse/tcontent.asp?OpenYear=110&Helf=2&Sclass=EM&Cono=F101,2026-08-26T18:26:40+00:00
110-2-EM-F18B-M-1-,110,2,管理學院,EM,經營管理研究所,F18B,M,碩士班,1,,經營管理實務研討（二）,1,必,30,12,,18,鄭育仁,M01-422,,,"5,6, 7",,,,,"[{""day"": 3, ""dayName"": ""星期三"", ""periods"": [""5"", ""6"", ""7""], ""raw"": ""5,6, 7""}]",,上課教室：管院422室,https://course.nuk.edu.tw/QueryCourse/tcontent.asp?OpenYear=110&Helf=2&Sclass=EM&Cono=F18B,2026-08-26T18:26:40+00:00
110-2-EM-F582-M-1-,110,2,管理學院,EM,經營管理研究所,F582,M,碩士班,1,,行銷管理,3,選,30,8,,22,吳毓麒,M01-423,,"2,3, 4",,,,,,"[{""day"": 2, ""dayName"": ""星期二"", ""periods"": [""2"", ""3"", ""4""], ""raw"": ""2,3, 4""}]",禁止外加,上課教室：管院423室,https://course.nuk.edu.tw/QueryCourse/tcontent.asp?OpenYear=110&Helf=2&Sclass=EM&Cono=F582,2026-08-26T18:26:40+00:00
110-2-EM-F592-M-1-,110,2,管理學院,EM,經營管理研究所,F592,M,碩士班,1,,策略管理,3,選,30,5,,25,鄭育仁,M01-422,,,,"5,6, 7",,,,"[{""day"": 4, ""dayName"": ""星期四"", ""periods"": [""5"", ""6"", ""7""], ""raw"": ""5,6, 7""}]",,上課教室：管院422室,https://course.nuk.edu.tw/QueryCourse/tcontent.asp?OpenYear=110&Helf=2&Sclass=EM&Cono=F592,2026-08-26T18:26:40+00:00
110-2-EM-F601-M-1-,110,2,管理學院,EM,經營管理研究所,F601,M,碩士班,1,,產業分析與企業診斷,3,選,30,5,,25,鄭育仁,M01-308,,,,,"2,3, 4",,,"[{""day"": 5, ""dayName"": ""星期五"", ""periods"": [""2"", ""3"", ""4""], ""raw"": ""2,3, 4""}]",,上課教室：管院308室,https://course.nuk.edu.tw/QueryCourse/tcontent.asp?OpenYear=110&Helf=2&Sclass=EM&Cono=F601,2026-08-26T18:26:40+00:00
110-2-EM-G632-M-1-,110,2,管理學院,EM,經營管理研究所,G632,M,碩士班,1,,社會科學研究方法,3,選,30,4,,26,吳毓麒,M01-423,,"5,6, 7",,,,,,"[{""day"": 2, ""dayName"": ""星期二"", ""periods"": [""5"", ""6"", ""7""], ""raw"": ""5,6, 7""}]",禁止外加 限修,上課教室：管院423室,https://course.nuk.edu.tw/QueryCourse/tcontent.asp?OpenYear=110&Helf=2&Sclass=EM&Cono=G632,2026-08-26T18:26:40+00:00
110-2-EM-G702-M-1-,110,2,管理學院,EM,經營管理研究所,G702,M,碩士班,1,,國際競爭策略,3,選,30,18,,12,楊雅博,M01-423,,,,"2,3, 4",,,,"[{""day"": 4, ""dayName"": ""星期四"", ""periods"": [""2"", ""3"", ""4""], ""raw"": ""2,3, 4""}]",,,https://course.nuk.edu.tw/QueryCourse/tcontent.asp?OpenYear=110&Helf=2&Sclass=EM&Cono=G702,2026-08-26T18:26:40+00:00
110-2-EM-F651-M-2-,110,2,管理學院,EM,經營管理研究所,F651,M,碩士班,2,,國際經貿情勢分析,3,選,30,4,,26,楊雅博,M01-423,"5,6, 7",,,,,,,"[{""day"": 1, ""dayName"": ""星期一"", ""periods"": [""5"", ""6"", ""7""], ""raw"": ""5,6, 7""}]",,上課教室:管院423室,https://course.nuk.edu.tw/QueryCourse/tcontent.asp?OpenYear=110&Helf=2&Sclass=EM&Cono=F651,2026-08-26T18:26:40+00:00
110-2-EM-G032-M-2-,110,2,管理學院,EM,經營管理研究所,G032,M,碩士班,2,,專題研討（二）,1,必,30,7,,23,楊雅博,M01-423,,,"5,6, 7",,,,,"[{""day"": 3, ""dayName"": ""星期三"", ""periods"": [""5"", ""6"", ""7""], ""raw"": ""5,6, 7""}]",,上課教室：管院423室,https://course.nuk.edu.tw/QueryCourse/tcontent.asp?OpenYear=110&Helf=2&Sclass=EM&Cono=G032,2026-08-26T18:26:40+00:00
110-2-EM-G626-M-2-,110,2,管理學院,EM,經營管理研究所,G626,M,碩士班,2,,服務業管理專題,3,選,30,6,,24,吳毓麒,M01-422,,,,"2,3, 4",,,,"[{""day"": 4, ""dayName"": ""星期四"", ""periods"": [""2"", ""3"", ""4""], ""raw"": ""2,3, 4""}]",禁止外加 限修,上課教室：管院422室,https://course.nuk.edu.tw/QueryCourse/tcontent.asp?OpenYear=110&Helf=2&Sclass=EM&Cono=G626,2026-08-26T18:26:40+00:00
110-2-FI-A01B-A-1-A,110,2,管理學院,FI,財務金融學系,A01B,A,大學部,1,A,經濟學原理(二),3,必,61,59,,2,楊琬如,M01-102,,"1,2, 3",,,,,,"[{""day"": 2, ""dayName"": ""星期二"", ""periods"": [""1"", ""2"", ""3""], ""raw"": ""1,2, 3""}]",限修及外加,M01-102,https://course.nuk.edu.tw/QueryCourse/tcontent.asp?OpenYear=110&Helf=2&Sclass=FI&Cono=A01B,2026-08-26T18:26:40+00:00
110-2-FI-A02B-A-1-A,110,2,管理學院,FI,財務金融學系,A02B,A,大學部,1,A,會計學原理(二),3,必,60,57,,3,高蘭芬,M01-103,,"5,6, 7",,,,,,"[{""day"": 2, ""dayName"": ""星期二"", ""periods"": [""5"", ""6"", ""7""], ""raw"": ""5,6, 7""}]",,M01-103,https://course.nuk.edu.tw/QueryCourse/tcontent.asp?OpenYear=110&Helf=2&Sclass=FI&Cono=A02B,2026-08-26T18:26:40+00:00
110-2-FI-A061-A-1-A,110,2,管理學院,FI,財務金融學系,A061,A,大學部,1,A,民法概要,2,必,61,61,,0,周伯翰,L02-201,,,,"5,6",,,,"[{""day"": 4, ""dayName"": ""星期四"", ""periods"": [""5"", ""6""], ""raw"": ""5,6""}]",,,https://course.nuk.edu.tw/QueryCourse/tcontent.asp?OpenYear=110&Helf=2&Sclass=FI&Cono=A061,2026-08-26T18:26:40+00:00
110-2-FI-B02B-A-1-A,110,2,管理學院,FI,財務金融學系,B02B,A,大學部,1,A,微積分（二）,3,必,70,57,,13,王文楷,M01-201,"2,3, 4",,,,,,,"[{""day"": 1, ""dayName"": ""星期一"", ""periods"": [""2"", ""3"", ""4""], ""raw"": ""2,3, 4""}]",限修,M01-201,https://course.nuk.edu.tw/QueryCourse/tcontent.asp?OpenYear=110&Helf=2&Sclass=FI&Cono=B02B,2026-08-26T18:26:40+00:00
110-2-FI-B01B-A-2-A,110,2,管理學院,FI,財務金融學系,B01B,A,大學部,2,A,財務管理(二),3,必,91,69,,22,黃一祥,M01-B102,,,"2,3, 4",,,,,"[{""day"": 3, ""dayName"": ""星期三"", ""periods"": [""2"", ""3"", ""4""], ""raw"": ""2,3, 4""}]",,M01-B102,https://course.nuk.edu.tw/QueryCourse/tcontent.asp?OpenYear=110&Helf=2&Sclass=FI&Cono=B01B,2026-08-26T18:26:40+00:00
110-2-FI-B051-A-2-A,110,2,管理學院,FI,財務金融學系,B051,A,大學部,2,A,投資學,3,必,66,65,,1,黃旭輝,M01-102,,,,"6,7, 8",,,,"[{""day"": 4, ""dayName"": ""星期四"", ""periods"": [""6"", ""7"", ""8""], ""raw"": ""6,7, 8""}]",外加,M01-102,https://course.nuk.edu.tw/QueryCourse/tcontent.asp?OpenYear=110&Helf=2&Sclass=FI&Cono=B051,2026-08-26T18:26:40+00:00
110-2-FI-B07B-A-2-A,110,2,管理學院,FI,財務金融學系,B07B,A,大學部,2,A,統計學(二),3,必,61,50,,11,余歆儀,M01-204,"2,3, 4",,,,,,,"[{""day"": 1, ""dayName"": ""星期一"", ""periods"": [""2"", ""3"", ""4""], ""raw"": ""2,3, 4""}]",限修及外加,M01-204,https://course.nuk.edu.tw/QueryCourse/tcontent.asp?OpenYear=110&Helf=2&Sclass=FI&Cono=B07B,2026-08-26T18:26:40+00:00
110-2-FI-B52B-A-2-A,110,2,管理學院,FI,財務金融學系,B52B,A,大學部,2,A,中級會計學(二),3,選,60,50,,10,余文彬,M01-104,,"5,6, 7",,,,,,"[{""day"": 2, ""dayName"": ""星期二"", ""periods"": [""5"", ""6"", ""7""], ""raw"": ""5,6, 7""}]",,M01-104,https://course.nuk.edu.tw/QueryCourse/tcontent.asp?OpenYear=110&Helf=2&Sclass=FI&Cono=B52B,2026-08-26T18:26:40+00:00
110-2-FI-B661-A-2-A,110,2,管理學院,FI,財務金融學系,B661,A,大學部,2,A,貨幣銀行學,3,選,38,38,,0,蔡怡純,M01-105,,"2,3, 4",,,,,,"[{""day"": 2, ""dayName"": ""星期二"", ""periods"": [""2"", ""3"", ""4""], ""raw"": ""2,3, 4""}]",限修及外加,M01-105,https://course.nuk.edu.tw/QueryCourse/tcontent.asp?OpenYear=110&Helf=2&Sclass=FI&Cono=B661,2026-08-26T18:26:40+00:00
110-2-FI-B69B-A-2-A,110,2,管理學院,FI,財務金融學系,B69B,A,大學部,2,A,個體經濟學(二),3,選,60,16,,44,楊琬如,M01-102,"5,6, 7",,,,,,,"[{""day"": 1, ""dayName"": ""星期一"", ""periods"": [""5"", ""6"", ""7""], ""raw"": ""5,6, 7""}]",限修,M01-102,https://course.nuk.edu.tw/QueryCourse/tcontent.asp?OpenYear=110&Helf=2&Sclass=FI&Cono=B69B,2026-08-26T18:26:40+00:00
110-2-FI-B721-A-2-A,110,2,管理學院,FI,財務金融學系,B721,A,大學部,2,A,投資與財務規劃,3,選,30,26,,4,王功亮,M01-102,,,,,"2,3, 4",,,"[{""day"": 5, ""dayName"": ""星期五"", ""periods"": [""2"", ""3"", ""4""], ""raw"": ""2,3, 4""}]",,M01-102；全英語授課,https://course.nuk.edu.tw/QueryCourse/tcontent.asp?OpenYear=110&Helf=2&Sclass=FI&Cono=B721,2026-08-26T18:26:40+00:00
110-2-FI-C661-A-2-A,110,2,管理學院,FI,財務金融學系,C661,A,大學部,2,A,保險學,3,選,42,42,,0,王功亮,M01-204,,,,"2,3, 4",,,,"[{""day"": 4, ""dayName"": ""星期四"", ""periods"": [""2"", ""3"", ""4""], ""raw"": ""2,3, 4""}]",外加,M01-204,https://course.nuk.edu.tw/QueryCourse/tcontent.asp?OpenYear=110&Helf=2&Sclass=FI&Cono=C661,2026-08-26T18:26:40+00:00
110-2-FI-B601-A-3-A,110,2,管理學院,FI,財務金融學系,B601,A,大學部,3,A,固定型收益證券,3,選,33,33,,0,蔡明憲,M01-204,,,,"5,6, 7",,,,"[{""day"": 4, ""dayName"": ""星期四"", ""periods"": [""5"", ""6"", ""7""], ""raw"": ""5,6, 7""}]",外加,M01-204,https://course.nuk.edu.tw/QueryCourse/tcontent.asp?OpenYear=110&Helf=2&Sclass=FI&Cono=B601,2026-08-26T18:26:40+00:00
110-2-FI-B641-A-3-A,110,2,管理學院,FI,財務金融學系,B641,A,大學部,3,A,行為財務,3,選,60,53,,7,張志向,M01-206,,"5,6, 7",,,,,,"[{""day"": 2, ""dayName"": ""星期二"", ""periods"": [""5"", ""6"", ""7""], ""raw"": ""5,6, 7""}]",,M01-206（與大四合開）,https://course.nuk.edu.tw/QueryCourse/tcontent.asp?OpenYear=110&Helf=2&Sclass=FI&Cono=B641,2026-08-26T18:26:40+00:00
110-2-FI-C031-A-3-A,110,2,管理學院,FI,財務金融學系,C031,A,大學部,3,A,國際財務管理,3,必,65,58,,7,余歆儀,M01-204,,"2,3, 4",,,,,,"[{""day"": 2, ""dayName"": ""星期二"", ""periods"": [""2"", ""3"", ""4""], ""raw"": ""2,3, 4""}]",限修及外加,M01-204,https://course.nuk.edu.tw/QueryCourse/tcontent.asp?OpenYear=110&Helf=2&Sclass=FI&Cono=C031,2026-08-26T18:26:40+00:00
110-2-FI-C041-A-3-A,110,2,管理學院,FI,財務金融學系,C041,A,大學部,3,A,投資組合管理,3,必,61,61,,0,張志向,M01-102,,,"2,3, 4",,,,,"[{""day"": 3, ""dayName"": ""星期三"", ""periods"": [""2"", ""3"", ""4""], ""raw"": ""2,3, 4""}]",外加 學程,M01-102，人工智慧與金融科技學程,https://course.nuk.edu.tw/QueryCourse/tcontent.asp?OpenYear=110&Helf=2&Sclass=FI&Cono=C041,2026-08-26T18:26:40+00:00
110-2-FI-C501-A-3-A,110,2,管理學院,FI,財務金融學系,C501,A,大學部,3,A,基金投資與管理,3,選,32,25,,7,黃旭輝,M01-102,,"5,6, 7",,,,,,"[{""day"": 2, ""dayName"": ""星期二"", ""periods"": [""5"", ""6"", ""7""], ""raw"": ""5,6, 7""}]",限修及外加,M01-102,https://course.nuk.edu.tw/QueryCourse/tcontent.asp?OpenYear=110&Helf=2&Sclass=FI&Cono=C501,2026-08-26T18:26:40+00:00
110-2-FI-C531-A-3-A,110,2,管理學院,FI,財務金融學系,C531,A,大學部,3,A,財務報表分析,3,選,44,44,,0,高蘭芬,M01-204,,,"6,7, 8",,,,,"[{""day"": 3, ""dayName"": ""星期三"", ""periods"": [""6"", ""7"", ""8""], ""raw"": ""6,7, 8""}]",限修及外加,M01-204,https://course.nuk.edu.tw/QueryCourse/tcontent.asp?OpenYear=110&Helf=2&Sclass=FI&Cono=C531,2026-08-26T18:26:40+00:00
110-2-FI-F541-A-3-A,110,2,管理學院,FI,財務金融學系,F541,A,大學部,3,A,公司治理,3,選,40,33,,7,高蘭芬,M01-204,"5,6, 7",,,,,,,"[{""day"": 1, ""dayName"": ""星期一"", ""periods"": [""5"", ""6"", ""7""], ""raw"": ""5,6, 7""}]",限修及外加,M01-204（與大四、碩二合開）,https://course.nuk.edu.tw/QueryCourse/tcontent.asp?OpenYear=110&Helf=2&Sclass=FI&Cono=F541,2026-08-26T18:26:40+00:00
110-2-FI-F56B-A-3-A,110,2,管理學院,FI,財務金融學系,F56B,A,大學部,3,A,財務工程(二),3,選,30,15,,15,王文楷,M01-203,,,,"2,3, 4",,,,"[{""day"": 4, ""dayName"": ""星期四"", ""periods"": [""2"", ""3"", ""4""], ""raw"": ""2,3, 4""}]",,M01-203（與大四、碩一合開）,https://course.nuk.edu.tw/QueryCourse/tcontent.asp?OpenYear=110&Helf=2&Sclass=FI&Cono=F56B,2026-08-26T18:26:40+00:00
110-2-FI-B641-A-4-A,110,2,管理學院,FI,財務金融學系,B641,A,大學部,4,A,行為財務,3,選,60,53,,7,張志向,M01-206,,"5,6, 7",,,,,,"[{""day"": 2, ""dayName"": ""星期二"", ""periods"": [""5"", ""6"", ""7""], ""raw"": ""5,6, 7""}]",,M01-206（與大三合開）,https://course.nuk.edu.tw/QueryCourse/tcontent.asp?OpenYear=110&Helf=2&Sclass=FI&Cono=B641,2026-08-26T18:26:40+00:00
110-2-FI-D541-A-4-A,110,2,管理學院,FI,財務金融學系,D541,A,大學部,4,A,財務軟體應用,3,選,30,25,,5,陳怡凱,M01-203,"2,3, 4",,,,,,,"[{""day"": 1, ""dayName"": ""星期一"", ""periods"": [""2"", ""3"", ""4""], ""raw"": ""2,3, 4""}]",,M01-203,https://course.nuk.edu.tw/QueryCourse/tcontent.asp?OpenYear=110&Helf=2&Sclass=FI&Cono=D541,2026-08-26T18:26:40+00:00
110-2-FI-D623-A-4-A,110,2,管理學院,FI,財務金融學系,D623,A,大學部,4,A,校外實習（春）,9,選,1,1,,0,陳怡凱 高蘭芬 張志向,M01-203,,,,,"5,6, 7",,,"[{""day"": 5, ""dayName"": ""星期五"", ""periods"": [""5"", ""6"", ""7""], ""raw"": ""5,6, 7""}]",,"M01-203（待實習確認且任課教師認定後，始開放名額選修此門課程),課程總實習時數須達486小時",https://course.nuk.edu.tw/QueryCourse/tcontent.asp?OpenYear=110&Helf=2&Sclass=FI&Cono=D623,2026-08-26T18:26:40+00:00
110-2-FI-F523-A-4-A,110,2,管理學院,FI,財務金融學系,F523,A,大學部,4,A,金融風險管理,3,選,40,14,,26,蔡明憲,M01-204,,"5,6, 7",,,,,,"[{""day"": 2, ""dayName"": ""星期二"", ""periods"": [""5"", ""6"", ""7""], ""raw"": ""5,6, 7""}]",,M01-204（與碩一合開）,https://course.nuk.edu.tw/QueryCourse/tcontent.asp?OpenYear=110&Helf=2&Sclass=FI&Cono=F523,2026-08-26T18:26:40+00:00
110-2-FI-F541-A-4-A,110,2,管理學院,FI,財務金融學系,F541,A,大學部,4,A,公司治理,3,選,40,33,,7,高蘭芬,M01-204,"5,6, 7",,,,,,,"[{""day"": 1, ""dayName"": ""星期一"", ""periods"": [""5"", ""6"", ""7""], ""raw"": ""5,6, 7""}]",限修及外加,M01-204（與大三、碩二合開）,https://course.nuk.edu.tw/QueryCourse/tcontent.asp?OpenYear=110&Helf=2&Sclass=FI&Cono=F541,2026-08-26T18:26:40+00:00
110-2-FI-F56B-A-4-A,110,2,管理學院,FI,財務金融學系,F56B,A,大學部,4,A,財務工程(二),3,選,30,15,,15,王文楷,M01-203,,,,"2,3, 4",,,,"[{""day"": 4, ""dayName"": ""星期四"", ""periods"": [""2"", ""3"", ""4""], ""raw"": ""2,3, 4""}]",,M01-203（與大三、碩一合開）,https://course.nuk.edu.tw/QueryCourse/tcontent.asp?OpenYear=110&Helf=2&Sclass=FI&Cono=F56B,2026-08-26T18:26:40+00:00
110-2-FI-F00B-M-1-,110,2,管理學院,FI,財務金融學系,F00B,M,碩士班,1,,財務專題研討(二),2,必,30,14,,16,黃旭輝,M01-203,,,"6,7",,,,,"[{""day"": 3, ""dayName"": ""星期三"", ""periods"": [""6"", ""7""], ""raw"": ""6,7""}]",限修,M01-203,https://course.nuk.edu.tw/QueryCourse/tcontent.asp?OpenYear=110&Helf=2&Sclass=FI&Cono=F00B,2026-08-26T18:26:40+00:00
110-2-FI-F031-M-1-,110,2,管理學院,FI,財務金融學系,F031,M,碩士班,1,,期貨與選擇權,3,必,30,14,,16,蔡明憲,M01-203,"5,6, 7",,,,,,,"[{""day"": 1, ""dayName"": ""星期一"", ""periods"": [""5"", ""6"", ""7""], ""raw"": ""5,6, 7""}]",,M01-203,https://course.nuk.edu.tw/QueryCourse/tcontent.asp?OpenYear=110&Helf=2&Sclass=FI&Cono=F031,2026-08-26T18:26:40+00:00
110-2-FI-F041-M-1-,110,2,管理學院,FI,財務金融學系,F041,M,碩士班,1,,投資學,3,必,30,14,,16,黃一祥,M01-306,,,,"2,3, 4",,,,"[{""day"": 4, ""dayName"": ""星期四"", ""periods"": [""2"", ""3"", ""4""], ""raw"": ""2,3, 4""}]",限修,M01-306,https://course.nuk.edu.tw/QueryCourse/tcontent.asp?OpenYear=110&Helf=2&Sclass=FI&Cono=F041,2026-08-26T18:26:40+00:00
110-2-FI-F051-M-1-,110,2,管理學院,FI,財務金融學系,F051,M,碩士班,1,,國際財務管理,3,必,30,13,,17,蔡怡純,M01-204,,,"2,3, 4",,,,,"[{""day"": 3, ""dayName"": ""星期三"", ""periods"": [""2"", ""3"", ""4""], ""raw"": ""2,3, 4""}]",限修,M01-204,https://course.nuk.edu.tw/QueryCourse/tcontent.asp?OpenYear=110&Helf=2&Sclass=FI&Cono=F051,2026-08-26T18:26:40+00:00
110-2-FI-F523-M-1-,110,2,管理學院,FI,財務金融學系,F523,M,碩士班,1,,金融風險管理,3,選,40,14,,26,蔡明憲,M01-204,,"5,6, 7",,,,,,"[{""day"": 2, ""dayName"": ""星期二"", ""periods"": [""5"", ""6"", ""7""], ""raw"": ""5,6, 7""}]",,M01-204（與大四合開）,https://course.nuk.edu.tw/QueryCourse/tcontent.asp?OpenYear=110&Helf=2&Sclass=FI&Cono=F523,2026-08-26T18:26:40+00:00
110-2-FI-F532-M-1-,110,2,管理學院,FI,財務金融學系,F532,M,碩士班,1,,財金文獻導讀,3,選,30,5,,25,楊琬如,M01-102,"2,3, 4",,,,,,,"[{""day"": 1, ""dayName"": ""星期一"", ""periods"": [""2"", ""3"", ""4""], ""raw"": ""2,3, 4""}]",限修,M01-102,https://course.nuk.edu.tw/QueryCourse/tcontent.asp?OpenYear=110&Helf=2&Sclass=FI&Cono=F532,2026-08-26T18:26:40+00:00
110-2-FI-F592-M-1-,110,2,管理學院,FI,財務金融學系,F592,M,碩士班,1,,財務實證研究,3,選,30,12,,18,張志向,M01-203,,"2,3, 4",,,,,,"[{""day"": 2, ""dayName"": ""星期二"", ""periods"": [""2"", ""3"", ""4""], ""raw"": ""2,3, 4""}]",,M01-203,https://course.nuk.edu.tw/QueryCourse/tcontent.asp?OpenYear=110&Helf=2&Sclass=FI&Cono=F592,2026-08-26T18:26:40+00:00
110-2-FI-F00D-M-2-,110,2,管理學院,FI,財務金融學系,F00D,M,碩士班,2,,財務專題研討(四),2,必,30,16,,14,余歆儀,M01-421,,,"6,7",,,,,"[{""day"": 3, ""dayName"": ""星期三"", ""periods"": [""6"", ""7""], ""raw"": ""6,7""}]",限修,M01-421,https://course.nuk.edu.tw/QueryCourse/tcontent.asp?OpenYear=110&Helf=2&Sclass=FI&Cono=F00D,2026-08-26T18:26:40+00:00
110-2-FI-F541-M-2-,110,2,管理學院,FI,財務金融學系,F541,M,碩士班,2,,公司治理,3,選,40,33,,7,高蘭芬,M01-204,"5,6, 7",,,,,,,"[{""day"": 1, ""dayName"": ""星期一"", ""periods"": [""5"", ""6"", ""7""], ""raw"": ""5,6, 7""}]",限修及外加,M01-204（與大三、大四合開）,https://course.nuk.edu.tw/QueryCourse/tcontent.asp?OpenYear=110&Helf=2&Sclass=FI&Cono=F541,2026-08-26T18:26:40+00:00
110-2-FI-F56B-M-2-,110,2,管理學院,FI,財務金融學系,F56B,M,碩士班,2,,財務工程(二),3,選,30,15,,15,王文楷,M01-203,,,,"2,3, 4",,,,"[{""day"": 4, ""dayName"": ""星期四"", ""periods"": [""2"", ""3"", ""4""], ""raw"": ""2,3, 4""}]",,M01-203（與大三大四合開）,https://course.nuk.edu.tw/QueryCourse/tcontent.asp?OpenYear=110&Helf=2&Sclass=FI&Cono=F56B,2026-08-26T18:26:40+00:00
110-2-FI-G501-M-2-,110,2,管理學院,FI,財務金融學系,G501,M,碩士班,2,,金融倫理,3,選,30,17,,13,王功亮,M01-208,,,,"5,6, 7",,,,"[{""day"": 4, ""dayName"": ""星期四"", ""periods"": [""5"", ""6"", ""7""], ""raw"": ""5,6, 7""}]",,M01-208,https://course.nuk.edu.tw/QueryCourse/tcontent.asp?OpenYear=110&Helf=2&Sclass=FI&Cono=G501,2026-08-26T18:26:40+00:00
110-2-IBA-O523-E-1-,110,2,管理學院,IBA,國際高階經營管理碩士在職專班,O523,E,高階經營管理碩士在職專班,1,,資訊管理,3,選,30,15,,15,吳建興 趙建雄,,,,,,,"8,9, 10","8,9, 10","[{""day"": 6, ""dayName"": ""星期六"", ""periods"": [""8"", ""9"", ""10""], ""raw"": ""8,9, 10""}, {""day"": 7, ""dayName"": ""星期日"", ""periods"": [""8"", ""9"", ""10""], ""raw"": ""8,9, 10""}]",禁止外加 限修,廈門班，與泰國班合開,https://course.nuk.edu.tw/QueryCourse/tcontent.asp?OpenYear=110&Helf=2&Sclass=IBA&Cono=O523,2026-08-26T18:26:40+00:00
110-2-IBA-O582-E-1-,110,2,管理學院,IBA,國際高階經營管理碩士在職專班,O582,E,高階經營管理碩士在職專班,1,,財務管理,3,選,30,4,,26,張志向 蔡明憲,,,,,,,"8,9, 10","8,9, 10","[{""day"": 6, ""dayName"": ""星期六"", ""periods"": [""8"", ""9"", ""10""], ""raw"": ""8,9, 10""}, {""day"": 7, ""dayName"": ""星期日"", ""periods"": [""8"", ""9"", ""10""], ""raw"": ""8,9, 10""}]",限修,越南班,https://course.nuk.edu.tw/QueryCourse/tcontent.asp?OpenYear=110&Helf=2&Sclass=IBA&Cono=O582,2026-08-26T18:26:40+00:00
110-2-IBA-O594-E-1-,110,2,管理學院,IBA,國際高階經營管理碩士在職專班,O594,E,高階經營管理碩士在職專班,1,,行銷管理,3,選,15,14,,1,楊書成 郭英峰,,,,,,,,"1,2, 3,4, 5,6","[{""day"": 7, ""dayName"": ""星期日"", ""periods"": [""1"", ""2"", ""3"", ""4"", ""5"", ""6""], ""raw"": ""1,2, 3,4, 5,6""}]",禁止外加 限修,廈門班，與泰國班合開,https://course.nuk.edu.tw/QueryCourse/tcontent.asp?OpenYear=110&Helf=2&Sclass=IBA&Cono=O594,2026-08-26T18:26:40+00:00
110-2-IBA-O598-E-1-,110,2,管理學院,IBA,國際高階經營管理碩士在職專班,O598,E,高階經營管理碩士在職專班,1,,行銷與專案管理(上海班),3,選,30,11,,19,吳毓麒 李博志,,,,,,,"7,8, 9","7,8, 9","[{""day"": 6, ""dayName"": ""星期六"", ""periods"": [""7"", ""8"", ""9""], ""raw"": ""7,8, 9""}, {""day"": 7, ""dayName"": ""星期日"", ""periods"": [""7"", ""8"", ""9""], ""raw"": ""7,8, 9""}]",限修,上海班,https://course.nuk.edu.tw/QueryCourse/tcontent.asp?OpenYear=110&Helf=2&Sclass=IBA&Cono=O598,2026-08-26T18:26:40+00:00
110-2-IBA-O613-E-1-,110,2,管理學院,IBA,國際高階經營管理碩士在職專班,O613,E,高階經營管理碩士在職專班,1,,管理經濟學應用,3,選,30,10,,20,耿紹勛 劉志成,,,,,,,"1,2, 3,4, 5,6",,"[{""day"": 6, ""dayName"": ""星期六"", ""periods"": [""1"", ""2"", ""3"", ""4"", ""5"", ""6""], ""raw"": ""1,2, 3,4, 5,6""}]",限修,廈門班,https://course.nuk.edu.tw/QueryCourse/tcontent.asp?OpenYear=110&Helf=2&Sclass=IBA&Cono=O613,2026-08-26T18:26:40+00:00
110-2-IBA-O681-E-1-,110,2,管理學院,IBA,國際高階經營管理碩士在職專班,O681,E,高階經營管理碩士在職專班,1,,企業創新與人力經濟,3,選,30,9,,21,李亭林 許聖章,,,,,,,,"1,2, 3,4, 5,6","[{""day"": 7, ""dayName"": ""星期日"", ""periods"": [""1"", ""2"", ""3"", ""4"", ""5"", ""6""], ""raw"": ""1,2, 3,4, 5,6""}]",限修,海西班,https://course.nuk.edu.tw/QueryCourse/tcontent.asp?OpenYear=110&Helf=2&Sclass=IBA&Cono=O681,2026-08-26T18:26:40+00:00
110-2-IBA-O682-E-1-,110,2,管理學院,IBA,國際高階經營管理碩士在職專班,O682,E,高階經營管理碩士在職專班,1,,永續發展與企業經營實務,3,選,30,9,,21,佘志民 吳行浩,,,,,,,,"1,2, 3,4, 5,6","[{""day"": 7, ""dayName"": ""星期日"", ""periods"": [""1"", ""2"", ""3"", ""4"", ""5"", ""6""], ""raw"": ""1,2, 3,4, 5,6""}]",限修,上海班,https://course.nuk.edu.tw/QueryCourse/tcontent.asp?OpenYear=110&Helf=2&Sclass=IBA&Cono=O682,2026-08-26T18:26:40+00:00
110-2-IBA-O706-E-1-,110,2,管理學院,IBA,國際高階經營管理碩士在職專班,O706,E,高階經營管理碩士在職專班,1,,金融市場與投資,3,選,30,5,,25,翁銘章 鄭義暉,,,,,,,"2,3, 4,5, 6",,"[{""day"": 6, ""dayName"": ""星期六"", ""periods"": [""2"", ""3"", ""4"", ""5"", ""6""], ""raw"": ""2,3, 4,5, 6""}]",限修,越南班,https://course.nuk.edu.tw/QueryCourse/tcontent.asp?OpenYear=110&Helf=2&Sclass=IBA&Cono=O706,2026-08-26T18:26:40+00:00
110-2-IBA-O736-E-1-,110,2,管理學院,IBA,國際高階經營管理碩士在職專班,O736,E,高階經營管理碩士在職專班,1,,組織與人力資源管理,3,選,20,9,,11,黃英忠,,,,,,,"1,2, 3,4, 5,6",,"[{""day"": 6, ""dayName"": ""星期六"", ""periods"": [""1"", ""2"", ""3"", ""4"", ""5"", ""6""], ""raw"": ""1,2, 3,4, 5,6""}]",限修,上海班,https://course.nuk.edu.tw/QueryCourse/tcontent.asp?OpenYear=110&Helf=2&Sclass=IBA&Cono=O736,2026-08-26T18:26:40+00:00
110-2-IBA-O745-E-1-,110,2,管理學院,IBA,國際高階經營管理碩士在職專班,O745,E,高階經營管理碩士在職專班,1,,行銷與專案管理,3,選,30,8,,22,吳毓麒 李博志,,,,,,,"1,2, 3,4, 5,6",,"[{""day"": 6, ""dayName"": ""星期六"", ""periods"": [""1"", ""2"", ""3"", ""4"", ""5"", ""6""], ""raw"": ""1,2, 3,4, 5,6""}]",限修,海西班,https://course.nuk.edu.tw/QueryCourse/tcontent.asp?OpenYear=110&Helf=2&Sclass=IBA&Cono=O745,2026-08-26T18:26:40+00:00
110-2-IBA-O746-E-1-,110,2,管理學院,IBA,國際高階經營管理碩士在職專班,O746,E,高階經營管理碩士在職專班,1,,顧客關係管理,3,選,30,10,,20,楊書成 丁一賢,,,,,,,,"8,9, 10,11, 12,13","[{""day"": 7, ""dayName"": ""星期日"", ""periods"": [""8"", ""9"", ""10"", ""11"", ""12"", ""13""], ""raw"": ""8,9, 10,11, 12,13""}]",限修,海西班,https://course.nuk.edu.tw/QueryCourse/tcontent.asp?OpenYear=110&Helf=2&Sclass=IBA&Cono=O746,2026-08-26T18:26:40+00:00
110-2-IBA-O12B-E-2-,110,2,管理學院,IBA,國際高階經營管理碩士在職專班,O12B,E,高階經營管理碩士在職專班,2,,碩士論文(下)-(越南班),3,必,25,1,,24,翁銘章,,,X,X,X,,,,"[{""day"": 2, ""dayName"": ""星期二"", ""periods"": [""X""], ""raw"": ""X""}, {""day"": 3, ""dayName"": ""星期三"", ""periods"": [""X""], ""raw"": ""X""}, {""day"": 4, ""dayName"": ""星期四"", ""periods"": [""X""], ""raw"": ""X""}]",限修,越南班,https://course.nuk.edu.tw/QueryCourse/tcontent.asp?OpenYear=110&Helf=2&Sclass=IBA&Cono=O12B,2026-08-26T18:26:40+00:00
110-2-IBA-O16B-E-2-,110,2,管理學院,IBA,國際高階經營管理碩士在職專班,O16B,E,高階經營管理碩士在職專班,2,,碩士論文(下)-(海西班),3,必,30,16,,14,丁一賢 佘志民 吳建興 李亭林 張志向 楊書成 盧昆宏,,,X,X,X,,,,"[{""day"": 2, ""dayName"": ""星期二"", ""periods"": [""X""], ""raw"": ""X""}, {""day"": 3, ""dayName"": ""星期三"", ""periods"": [""X""], ""raw"": ""X""}, {""day"": 4, ""dayName"": ""星期四"", ""periods"": [""X""], ""raw"": ""X""}]",限修,海西班,https://course.nuk.edu.tw/QueryCourse/tcontent.asp?OpenYear=110&Helf=2&Sclass=IBA&Cono=O16B,2026-08-26T18:26:40+00:00
110-2-IM-A051-A-1-A,110,2,管理學院,IM,資訊管理學系,A051,A,大學部,1,A,微積分,3,必,80,72,,8,張佳琪,M01-201,,,,"5,6, 7",,,,"[{""day"": 4, ""dayName"": ""星期四"", ""periods"": [""5"", ""6"", ""7""], ""raw"": ""5,6, 7""}]",限修,教室為M01-201。限修本系，其他系所同學如須加簽請洽任課老師。,https://course.nuk.edu.tw/QueryCourse/tcontent.asp?OpenYear=110&Helf=2&Sclass=IM&Cono=A051,2026-08-26T18:26:40+00:00
110-2-IM-A081-A-1-A,110,2,管理學院,IM,資訊管理學系,A081,A,大學部,1,A,會計學,3,必,60,60,,0,楊書成,M01-208,,,,"2,3, 4",,,,"[{""day"": 4, ""dayName"": ""星期四"", ""periods"": [""2"", ""3"", ""4""], ""raw"": ""2,3, 4""}]",限修,教室為M01-105。限修本系，其他系所同學如須加簽請洽任課老師。,https://course.nuk.edu.tw/QueryCourse/tcontent.asp?OpenYear=110&Helf=2&Sclass=IM&Cono=A081,2026-08-26T18:26:40+00:00
110-2-IM-A15A-A-1-A,110,2,管理學院,IM,資訊管理學系,A15A,A,大學部,1,A,物件導向程式設計Ⅰ,3,必,89,88,,1,楊子賢,M01-B102 其他教室,,,,,"5,6, 9",,,"[{""day"": 5, ""dayName"": ""星期五"", ""periods"": [""5"", ""6"", ""9""], ""raw"": ""5,6, 9""}]",限修及外加,限修本系，其他系所同學如須加簽請洽任課老師。,https://course.nuk.edu.tw/QueryCourse/tcontent.asp?OpenYear=110&Helf=2&Sclass=IM&Cono=A15A,2026-08-26T18:26:40+00:00
110-2-IM-B031-A-1-A,110,2,管理學院,IM,資訊管理學系,B031,A,大學部,1,A,資訊管理導論,3,必,64,64,,0,林杏子,M01-105,,,"2,3, 4",,,,,"[{""day"": 3, ""dayName"": ""星期三"", ""periods"": [""2"", ""3"", ""4""], ""raw"": ""2,3, 4""}]",限修及外加,教室為M01-105。限修本系，其他系所同學如須加簽請洽任課老師。,https://course.nuk.edu.tw/QueryCourse/tcontent.asp?OpenYear=110&Helf=2&Sclass=IM&Cono=B031,2026-08-26T18:26:40+00:00
110-2-IM-B101-A-1-A,110,2,管理學院,IM,資訊管理學系,B101,A,大學部,1,A,電子商務,3,選,63,62,,1,林杏子,M01-105,,,,"5,6, 7",,,,"[{""day"": 4, ""dayName"": ""星期四"", ""periods"": [""5"", ""6"", ""7""], ""raw"": ""5,6, 7""}]",,"創新學院課程至多可抵通識6學分,教室為M01-105。與資管系合開。",https://course.nuk.edu.tw/QueryCourse/tcontent.asp?OpenYear=110&Helf=2&Sclass=IM&Cono=B101,2026-08-26T18:26:40+00:00
110-2-IM-B02B-A-2-A,110,2,管理學院,IM,資訊管理學系,B02B,A,大學部,2,A,統計學(二),3,必,61,61,,0,吳建興,M01-105,,"5,6, 7",,,,,,"[{""day"": 2, ""dayName"": ""星期二"", ""periods"": [""5"", ""6"", ""7""], ""raw"": ""5,6, 7""}]",限修及外加,教室為M01-105。限修本系，其他系所同學如須加簽請洽任課老師。,https://course.nuk.edu.tw/QueryCourse/tcontent.asp?OpenYear=110&Helf=2&Sclass=IM&Cono=B02B,2026-08-26T18:26:40+00:00
110-2-IM-B051-A-2-A,110,2,管理學院,IM,資訊管理學系,B051,A,大學部,2,A,資料庫管理,3,必,71,71,,0,楊子賢,M01-B102 其他教室,,,"5,6",,8,,,"[{""day"": 3, ""dayName"": ""星期三"", ""periods"": [""5"", ""6""], ""raw"": ""5,6""}, {""day"": 5, ""dayName"": ""星期五"", ""periods"": [""8""], ""raw"": ""8""}]",限修及外加,限修本系，其他系所同學如須加簽請洽任課老師。,https://course.nuk.edu.tw/QueryCourse/tcontent.asp?OpenYear=110&Helf=2&Sclass=IM&Cono=B051,2026-08-26T18:26:40+00:00
110-2-IM-B101-A-2-A,110,2,管理學院,IM,資訊管理學系,B101,A,大學部,2,A,電子商務,3,必,63,62,,1,林杏子,M01-105,,,,"5,6, 7",,,,"[{""day"": 4, ""dayName"": ""星期四"", ""periods"": [""5"", ""6"", ""7""], ""raw"": ""5,6, 7""}]",外加,教室為M01-105。與創新學院合開。,https://course.nuk.edu.tw/QueryCourse/tcontent.asp?OpenYear=110&Helf=2&Sclass=IM&Cono=B101,2026-08-26T18:26:40+00:00
110-2-IM-B121-A-2-A,110,2,管理學院,IM,資訊管理學系,B121,A,大學部,2,A,網頁程式設計,3,必,63,60,,3,丁一賢,L01-107,,,,"2,3, 4",,,,"[{""day"": 4, ""dayName"": ""星期四"", ""periods"": [""2"", ""3"", ""4""], ""raw"": ""2,3, 4""}]",限修及外加,限修本系，其他系所同學如須加簽請洽任課老師。,https://course.nuk.edu.tw/QueryCourse/tcontent.asp?OpenYear=110&Helf=2&Sclass=IM&Cono=B121,2026-08-26T18:26:40+00:00
110-2-IM-C721-A-2-A,110,2,管理學院,IM,資訊管理學系,C721,A,大學部,2,A,Python程式設計,3,選,54,54,,0,蕭漢威,L01-107,,,"2,3, 4",,,,,"[{""day"": 3, ""dayName"": ""星期三"", ""periods"": [""2"", ""3"", ""4""], ""raw"": ""2,3, 4""}]",限修及外加,限修本系，其他系所同學如須加簽請洽任課老師。,https://course.nuk.edu.tw/QueryCourse/tcontent.asp?OpenYear=110&Helf=2&Sclass=IM&Cono=C721,2026-08-26T18:26:40+00:00
110-2-IM-B621-A-3-A,110,2,管理學院,IM,資訊管理學系,B621,A,大學部,3,A,人力資源管理,3,選,30,10,,20,郭英峰,M01-208,,"2,3, 4",,,,,,"[{""day"": 2, ""dayName"": ""星期二"", ""periods"": [""2"", ""3"", ""4""], ""raw"": ""2,3, 4""}]",,教室為M01-208。,https://course.nuk.edu.tw/QueryCourse/tcontent.asp?OpenYear=110&Helf=2&Sclass=IM&Cono=B621,2026-08-26T18:26:40+00:00
110-2-IM-C03A-A-3-A,110,2,管理學院,IM,資訊管理學系,C03A,A,大學部,3,A,專案開發I(A),3,必,60,43,,17,楊書成 趙建雄 林杏子 郭英峰 蕭漢威 楊新章 楊子賢 丁一賢 張佳琪 吳建興,M01-105,"2,3, 4",,,,,,,"[{""day"": 1, ""dayName"": ""星期一"", ""periods"": [""2"", ""3"", ""4""], ""raw"": ""2,3, 4""}]",限修,教室為M01-105。,https://course.nuk.edu.tw/QueryCourse/tcontent.asp?OpenYear=110&Helf=2&Sclass=IM&Cono=C03A,2026-08-26T18:26:40+00:00
110-2-IM-C041-A-3-A,110,2,管理學院,IM,資訊管理學系,C041,A,大學部,3,A,作業系統,3,必,61,42,,19,楊新章,M01-208,,"5,6, 7",,,,,,"[{""day"": 2, ""dayName"": ""星期二"", ""periods"": [""5"", ""6"", ""7""], ""raw"": ""5,6, 7""}]",限修,教室為M01-208。限修本系，其他系所同學如須加簽請洽任課老師。,https://course.nuk.edu.tw/QueryCourse/tcontent.asp?OpenYear=110&Helf=2&Sclass=IM&Cono=C041,2026-08-26T18:26:40+00:00
110-2-IM-C562-A-3-A,110,2,管理學院,IM,資訊管理學系,C562,A,大學部,3,A,企業資源規劃與供應鏈管理,3,選,60,10,,50,趙建雄,M01-105,,,"5,6, 7",,,,,"[{""day"": 3, ""dayName"": ""星期三"", ""periods"": [""5"", ""6"", ""7""], ""raw"": ""5,6, 7""}]",限修,教室為M01-105。限修本系，其他系所同學如須加簽請洽任課老師。,https://course.nuk.edu.tw/QueryCourse/tcontent.asp?OpenYear=110&Helf=2&Sclass=IM&Cono=C562,2026-08-26T18:26:40+00:00
110-2-IM-C633-A-3-A,110,2,管理學院,IM,資訊管理學系,C633,A,大學部,3,A,進階網路協定與軟體定義網路,2,選,60,13,,47,趙志宏,L01-107,,,,"9,10",,,,"[{""day"": 4, ""dayName"": ""星期四"", ""periods"": [""9"", ""10""], ""raw"": ""9,10""}]",限修,,https://course.nuk.edu.tw/QueryCourse/tcontent.asp?OpenYear=110&Helf=2&Sclass=IM&Cono=C633,2026-08-26T18:26:40+00:00
110-2-IM-C643-A-3-A,110,2,管理學院,IM,資訊管理學系,C643,A,大學部,3,A,行動商務,3,選,60,12,,48,趙建雄,M01-105,,,,"2,3, 4",,,,"[{""day"": 4, ""dayName"": ""星期四"", ""periods"": [""2"", ""3"", ""4""], ""raw"": ""2,3, 4""}]",,教室為M01-105。限修本系，其他系所同學如須加簽請洽任課老師。,https://course.nuk.edu.tw/QueryCourse/tcontent.asp?OpenYear=110&Helf=2&Sclass=IM&Cono=C643,2026-08-26T18:26:40+00:00
110-2-IM-C66A-A-3-A,110,2,管理學院,IM,資訊管理學系,C66A,A,大學部,3,A,開放資料系統與實務 I,1,選,12,12,,0,林杏子 蕭漢威 丁一賢,M01-417,,,,,,"5,6, 7,8",,"[{""day"": 6, ""dayName"": ""星期六"", ""periods"": [""5"", ""6"", ""7"", ""8""], ""raw"": ""5,6, 7,8""}]",外加,此課程為指定加簽課程。,https://course.nuk.edu.tw/QueryCourse/tcontent.asp?OpenYear=110&Helf=2&Sclass=IM&Cono=C66A,2026-08-26T18:26:40+00:00
110-2-IM-C66B-A-3-A,110,2,管理學院,IM,資訊管理學系,C66B,A,大學部,3,A,社群網路系統與實務 I,1,選,10,10,,0,郭英峰 趙建雄 楊書成,M01-302,,,,,,"1,2, 3,4",,"[{""day"": 6, ""dayName"": ""星期六"", ""periods"": [""1"", ""2"", ""3"", ""4""], ""raw"": ""1,2, 3,4""}]",,此課程為指定加簽課程。,https://course.nuk.edu.tw/QueryCourse/tcontent.asp?OpenYear=110&Helf=2&Sclass=IM&Cono=C66B,2026-08-26T18:26:40+00:00
110-2-IM-C66C-A-3-A,110,2,管理學院,IM,資訊管理學系,C66C,A,大學部,3,A,人工智慧系統與實務 I,1,選,11,11,,0,楊子賢 張佳琪 丁一賢,M01-417,,,,,,"1,2, 3,4",,"[{""day"": 6, ""dayName"": ""星期六"", ""periods"": [""1"", ""2"", ""3"", ""4""], ""raw"": ""1,2, 3,4""}]",外加,此課程為指定加簽課程。,https://course.nuk.edu.tw/QueryCourse/tcontent.asp?OpenYear=110&Helf=2&Sclass=IM&Cono=C66C,2026-08-26T18:26:40+00:00
110-2-IM-C66D-A-3-A,110,2,管理學院,IM,資訊管理學系,C66D,A,大學部,3,A,資訊技術系統與實務 I,1,選,10,10,,0,吳建興 楊新章 楊書成,M01-302,,,,,,"5,6, 7,8",,"[{""day"": 6, ""dayName"": ""星期六"", ""periods"": [""5"", ""6"", ""7"", ""8""], ""raw"": ""5,6, 7,8""}]",,此課為指定加簽課程。,https://course.nuk.edu.tw/QueryCourse/tcontent.asp?OpenYear=110&Helf=2&Sclass=IM&Cono=C66D,2026-08-26T18:26:40+00:00
110-2-IM-F612-A-3-A,110,2,管理學院,IM,資訊管理學系,F612,A,大學部,3,A,管理數學,3,選,40,35,,5,楊新章,M01-208,,,"5,6, 7",,,,,"[{""day"": 3, ""dayName"": ""星期三"", ""periods"": [""5"", ""6"", ""7""], ""raw"": ""5,6, 7""}]",限修,教室為M01-208，與資管大四、碩一合開，限修本系，外系同學請洽任課老師,https://course.nuk.edu.tw/QueryCourse/tcontent.asp?OpenYear=110&Helf=2&Sclass=IM&Cono=F612,2026-08-26T18:26:40+00:00
110-2-IM-F613-A-3-A,110,2,管理學院,IM,資訊管理學系,F613,A,大學部,3,A,財經新聞解讀,3,選,31,28,,3,楊書成,M01-B104,,,,"5,6, 7",,,,"[{""day"": 4, ""dayName"": ""星期四"", ""periods"": [""5"", ""6"", ""7""], ""raw"": ""5,6, 7""}]",外加,與資管大四、碩一合開。,https://course.nuk.edu.tw/QueryCourse/tcontent.asp?OpenYear=110&Helf=2&Sclass=IM&Cono=F613,2026-08-26T18:26:40+00:00
110-2-IM-F61C-A-3-A,110,2,管理學院,IM,資訊管理學系,F61C,A,大學部,3,A,深度神經網路 II,2,選,30,19,,11,楊子賢,M01-417,,,"8,9",,,,,"[{""day"": 3, ""dayName"": ""星期三"", ""periods"": [""8"", ""9""], ""raw"": ""8,9""}]",,與資管大四、碩一合開，教室為M01-417。,https://course.nuk.edu.tw/QueryCourse/tcontent.asp?OpenYear=110&Helf=2&Sclass=IM&Cono=F61C,2026-08-26T18:26:40+00:00
110-2-IM-F61D-A-3-A,110,2,管理學院,IM,資訊管理學系,F61D,A,大學部,3,A,深度神經網路研究,3,選,13,13,,0,楊子賢,M01-302,1,,1,,1,,,"[{""day"": 1, ""dayName"": ""星期一"", ""periods"": [""1""], ""raw"": ""1""}, {""day"": 3, ""dayName"": ""星期三"", ""periods"": [""1""], ""raw"": ""1""}, {""day"": 5, ""dayName"": ""星期五"", ""periods"": [""1""], ""raw"": ""1""}]",,與資管大四、碩一合開，指定加簽課程。,https://course.nuk.edu.tw/QueryCourse/tcontent.asp?OpenYear=110&Helf=2&Sclass=IM&Cono=F61D,2026-08-26T18:26:40+00:00
110-2-IM-F624-A-3-A,110,2,管理學院,IM,資訊管理學系,F624,A,大學部,3,A,數位行銷,3,選,30,13,,17,郭英峰,M01-208,,,"2,3, 4",,,,,"[{""day"": 3, ""dayName"": ""星期三"", ""periods"": [""2"", ""3"", ""4""], ""raw"": ""2,3, 4""}]",,與資管大四、碩一合開。,https://course.nuk.edu.tw/QueryCourse/tcontent.asp?OpenYear=110&Helf=2&Sclass=IM&Cono=F624,2026-08-26T18:26:40+00:00
110-2-IM-F633-A-3-A,110,2,管理學院,IM,資訊管理學系,F633,A,大學部,3,A,物聯網,3,選,30,23,,7,蕭漢威,L01-203,,"2,3, 4",,,,,,"[{""day"": 2, ""dayName"": ""星期二"", ""periods"": [""2"", ""3"", ""4""], ""raw"": ""2,3, 4""}]",,教室為圖資二樓機具間。,https://course.nuk.edu.tw/QueryCourse/tcontent.asp?OpenYear=110&Helf=2&Sclass=IM&Cono=F633,2026-08-26T18:26:40+00:00
110-2-IM-F639-A-3-A,110,2,管理學院,IM,資訊管理學系,F639,A,大學部,3,A,室內定位與無人載具技術應用,3,選,30,13,,17,蕭漢威,L01-203,,,,,"5,6, 7",,,"[{""day"": 5, ""dayName"": ""星期五"", ""periods"": [""5"", ""6"", ""7""], ""raw"": ""5,6, 7""}]",,與資管大四、碩一，主開為資管系，教室為圖資機具間。,https://course.nuk.edu.tw/QueryCourse/tcontent.asp?OpenYear=110&Helf=2&Sclass=IM&Cono=F639,2026-08-26T18:26:40+00:00
110-2-IM-F581-A-4-A,110,2,管理學院,IM,資訊管理學系,F581,A,大學部,4,A,資料探勘與知識挖掘,3,選,30,13,,17,張佳琪,M01-417,,,,,"2,3, 4",,,"[{""day"": 5, ""dayName"": ""星期五"", ""periods"": [""2"", ""3"", ""4""], ""raw"": ""2,3, 4""}]",限修,與資管碩一合開，教室為M01-417。限修本系，外系同學欲加簽，請洽任課老師。,https://course.nuk.edu.tw/QueryCourse/tcontent.asp?OpenYear=110&Helf=2&Sclass=IM&Cono=F581,2026-08-26T18:26:40+00:00
110-2-IM-F60A-A-4-A,110,2,管理學院,IM,資訊管理學系,F60A,A,大學部,4,A,企業實習Ⅰ,9,選,4,4,,0,丁一賢 楊書成,M01-302,,,,,,"9,10, 11",,"[{""day"": 6, ""dayName"": ""星期六"", ""periods"": [""9"", ""10"", ""11""], ""raw"": ""9,10, 11""}]",外加,教室為M01-302，與資管碩一合開。此課程為指定加簽。,https://course.nuk.edu.tw/QueryCourse/tcontent.asp?OpenYear=110&Helf=2&Sclass=IM&Cono=F60A,2026-08-26T18:26:40+00:00
110-2-IM-F612-A-4-A,110,2,管理學院,IM,資訊管理學系,F612,A,大學部,4,A,管理數學,3,選,40,35,,5,楊新章,M01-208,,,"5,6, 7",,,,,"[{""day"": 3, ""dayName"": ""星期三"", ""periods"": [""5"", ""6"", ""7""], ""raw"": ""5,6, 7""}]",限修,教室為M01-208，與資管大三、碩一合開，限修本系，外系同學請洽任課老師,https://course.nuk.edu.tw/QueryCourse/tcontent.asp?OpenYear=110&Helf=2&Sclass=IM&Cono=F612,2026-08-26T18:26:40+00:00
110-2-IM-F613-A-4-A,110,2,管理學院,IM,資訊管理學系,F613,A,大學部,4,A,財經新聞解讀,3,選,31,28,,3,楊書成,M01-B104,,,,"5,6, 7",,,,"[{""day"": 4, ""dayName"": ""星期四"", ""periods"": [""5"", ""6"", ""7""], ""raw"": ""5,6, 7""}]",外加,與資管大三、碩一合開。,https://course.nuk.edu.tw/QueryCourse/tcontent.asp?OpenYear=110&Helf=2&Sclass=IM&Cono=F613,2026-08-26T18:26:40+00:00
110-2-IM-F61C-A-4-A,110,2,管理學院,IM,資訊管理學系,F61C,A,大學部,4,A,深度神經網路 II,2,選,30,19,,11,楊子賢,M01-417,,,"8,9",,,,,"[{""day"": 3, ""dayName"": ""星期三"", ""periods"": [""8"", ""9""], ""raw"": ""8,9""}]",,與資管大四、碩一合開，教室為M01-417。,https://course.nuk.edu.tw/QueryCourse/tcontent.asp?OpenYear=110&Helf=2&Sclass=IM&Cono=F61C,2026-08-26T18:26:40+00:00
110-2-IM-F61D-A-4-A,110,2,管理學院,IM,資訊管理學系,F61D,A,大學部,4,A,深度神經網路研究,3,選,13,13,,0,楊子賢,M01-302,1,,1,,1,,,"[{""day"": 1, ""dayName"": ""星期一"", ""periods"": [""1""], ""raw"": ""1""}, {""day"": 3, ""dayName"": ""星期三"", ""periods"": [""1""], ""raw"": ""1""}, {""day"": 5, ""dayName"": ""星期五"", ""periods"": [""1""], ""raw"": ""1""}]",,與資管大三、碩一合開，指定加簽課程。,https://course.nuk.edu.tw/QueryCourse/tcontent.asp?OpenYear=110&Helf=2&Sclass=IM&Cono=F61D,2026-08-26T18:26:40+00:00
110-2-IM-F624-A-4-A,110,2,管理學院,IM,資訊管理學系,F624,A,大學部,4,A,數位行銷,3,選,30,13,,17,郭英峰,M01-208,,,"2,3, 4",,,,,"[{""day"": 3, ""dayName"": ""星期三"", ""periods"": [""2"", ""3"", ""4""], ""raw"": ""2,3, 4""}]",,與資管大三、碩一合開。,https://course.nuk.edu.tw/QueryCourse/tcontent.asp?OpenYear=110&Helf=2&Sclass=IM&Cono=F624,2026-08-26T18:26:40+00:00
110-2-IM-F633-A-4-A,110,2,管理學院,IM,資訊管理學系,F633,A,大學部,4,A,物聯網,3,選,30,23,,7,蕭漢威,L01-203,,"2,3, 4",,,,,,"[{""day"": 2, ""dayName"": ""星期二"", ""periods"": [""2"", ""3"", ""4""], ""raw"": ""2,3, 4""}]",,教室為圖資二樓機具間。,https://course.nuk.edu.tw/QueryCourse/tcontent.asp?OpenYear=110&Helf=2&Sclass=IM&Cono=F633,2026-08-26T18:26:40+00:00
110-2-IM-F639-A-4-A,110,2,管理學院,IM,資訊管理學系,F639,A,大學部,4,A,室內定位與無人載具技術應用,3,選,30,13,,17,蕭漢威,L01-203,,,,,"5,6, 7",,,"[{""day"": 5, ""dayName"": ""星期五"", ""periods"": [""5"", ""6"", ""7""], ""raw"": ""5,6, 7""}]",,與資管大三、碩一，主開為資管系，教室為圖資機具間。,https://course.nuk.edu.tw/QueryCourse/tcontent.asp?OpenYear=110&Helf=2&Sclass=IM&Cono=F639,2026-08-26T18:26:40+00:00
110-2-IM-F01B-M-1-,110,2,管理學院,IM,資訊管理學系,F01B,M,碩士班,1,,研究方法(二),3,必,15,12,,3,林杏子,M01-108,,,,"2,3, 4",,,,"[{""day"": 4, ""dayName"": ""星期四"", ""periods"": [""2"", ""3"", ""4""], ""raw"": ""2,3, 4""}]",限修,教室為M01-108，限修本系，其他系所同學如須加簽請洽任課老師。,https://course.nuk.edu.tw/QueryCourse/tcontent.asp?OpenYear=110&Helf=2&Sclass=IM&Cono=F01B,2026-08-26T18:26:40+00:00
110-2-IM-F03B-M-1-,110,2,管理學院,IM,資訊管理學系,F03B,M,碩士班,1,,書報討論(二),1,必,15,12,,3,楊新章,M01-111,,,,"6,7",,,,"[{""day"": 4, ""dayName"": ""星期四"", ""periods"": [""6"", ""7""], ""raw"": ""6,7""}]",限修,教室為M01-111。限修本系，其他系所同學如須加簽請洽任課老師。,https://course.nuk.edu.tw/QueryCourse/tcontent.asp?OpenYear=110&Helf=2&Sclass=IM&Cono=F03B,2026-08-26T18:26:40+00:00
110-2-IM-F041-M-1-,110,2,管理學院,IM,資訊管理學系,F041,M,碩士班,1,,資訊科技導論,3,必,15,13,,2,丁一賢 蕭漢威 楊新章 楊子賢 張佳琪,M01-302,"5,6, 7",,,,,,,"[{""day"": 1, ""dayName"": ""星期一"", ""periods"": [""5"", ""6"", ""7""], ""raw"": ""5,6, 7""}]",限修,教室為M01-302。限修本系，其他系所同學如須加簽請洽任課老師。,https://course.nuk.edu.tw/QueryCourse/tcontent.asp?OpenYear=110&Helf=2&Sclass=IM&Cono=F041,2026-08-26T18:26:40+00:00
110-2-IM-F57B-M-1-,110,2,管理學院,IM,資訊管理學系,F57B,M,碩士班,1,,資訊管理專題研討(二),1,選,15,6,,9,楊書成 趙建雄,M01-302,,,"8,9, 10",,,,,"[{""day"": 3, ""dayName"": ""星期三"", ""periods"": [""8"", ""9"", ""10""], ""raw"": ""8,9, 10""}]",限修,教室為M01-302。限修本系，其他系所同學如須加簽請洽任課老師。,https://course.nuk.edu.tw/QueryCourse/tcontent.asp?OpenYear=110&Helf=2&Sclass=IM&Cono=F57B,2026-08-26T18:26:40+00:00
110-2-IM-F581-M-1-,110,2,管理學院,IM,資訊管理學系,F581,M,碩士班,1,,資料探勘與知識挖掘,3,選,30,13,,17,張佳琪,M01-417,,,,,"2,3, 4",,,"[{""day"": 5, ""dayName"": ""星期五"", ""periods"": [""2"", ""3"", ""4""], ""raw"": ""2,3, 4""}]",限修,與資管大四合開，教室為M01-417。限修本系，外系同學欲加簽，請洽任課老師，老師為張佳琪。,https://course.nuk.edu.tw/QueryCourse/tcontent.asp?OpenYear=110&Helf=2&Sclass=IM&Cono=F581,2026-08-26T18:26:40+00:00
110-2-IM-F60A-M-1-,110,2,管理學院,IM,資訊管理學系,F60A,M,碩士班,1,,企業實習Ⅰ,9,選,4,4,,0,丁一賢 楊書成,M01-302,,,,,,"9,10, 11",,"[{""day"": 6, ""dayName"": ""星期六"", ""periods"": [""9"", ""10"", ""11""], ""raw"": ""9,10, 11""}]",外加,教室為M01-302，與資管大四合開。此課程為指定加簽。總實習時數486小時。,https://course.nuk.edu.tw/QueryCourse/tcontent.asp?OpenYear=110&Helf=2&Sclass=IM&Cono=F60A,2026-08-26T18:26:40+00:00
110-2-IM-F612-M-1-,110,2,管理學院,IM,資訊管理學系,F612,M,碩士班,1,,管理數學,3,選,40,35,,5,楊新章,M01-208,,,"5,6, 7",,,,,"[{""day"": 3, ""dayName"": ""星期三"", ""periods"": [""5"", ""6"", ""7""], ""raw"": ""5,6, 7""}]",限修,教室為M01-208，與資管大三、碩一合開，限修本系，外系同學請洽任課老師,https://course.nuk.edu.tw/QueryCourse/tcontent.asp?OpenYear=110&Helf=2&Sclass=IM&Cono=F612,2026-08-26T18:26:40+00:00
110-2-IM-F613-M-1-,110,2,管理學院,IM,資訊管理學系,F613,M,碩士班,1,,財經新聞解讀,3,選,31,28,,3,楊書成,M01-B104,,,,"5,6, 7",,,,"[{""day"": 4, ""dayName"": ""星期四"", ""periods"": [""5"", ""6"", ""7""], ""raw"": ""5,6, 7""}]",限修及外加,與資管大三、大四合開。,https://course.nuk.edu.tw/QueryCourse/tcontent.asp?OpenYear=110&Helf=2&Sclass=IM&Cono=F613,2026-08-26T18:26:40+00:00
110-2-IM-F61C-M-1-,110,2,管理學院,IM,資訊管理學系,F61C,M,碩士班,1,,深度神經網路 II,2,選,30,19,,11,楊子賢,M01-417,,,"8,9",,,,,"[{""day"": 3, ""dayName"": ""星期三"", ""periods"": [""8"", ""9""], ""raw"": ""8,9""}]",限修,與資管大四、碩一合開。,https://course.nuk.edu.tw/QueryCourse/tcontent.asp?OpenYear=110&Helf=2&Sclass=IM&Cono=F61C,2026-08-26T18:26:40+00:00
110-2-IM-F61D-M-1-,110,2,管理學院,IM,資訊管理學系,F61D,M,碩士班,1,,深度神經網路研究,3,選,13,13,,0,楊子賢,M01-302,1,,1,,1,,,"[{""day"": 1, ""dayName"": ""星期一"", ""periods"": [""1""], ""raw"": ""1""}, {""day"": 3, ""dayName"": ""星期三"", ""periods"": [""1""], ""raw"": ""1""}, {""day"": 5, ""dayName"": ""星期五"", ""periods"": [""1""], ""raw"": ""1""}]",,與資管大三、大四合開，指定加簽課程。,https://course.nuk.edu.tw/QueryCourse/tcontent.asp?OpenYear=110&Helf=2&Sclass=IM&Cono=F61D,2026-08-26T18:26:40+00:00
110-2-IM-F624-M-1-,110,2,管理學院,IM,資訊管理學系,F624,M,碩士班,1,,數位行銷,3,選,30,13,,17,郭英峰,M01-208,,,"2,3, 4",,,,,"[{""day"": 3, ""dayName"": ""星期三"", ""periods"": [""2"", ""3"", ""4""], ""raw"": ""2,3, 4""}]",,與資管大三、碩一合開。,https://course.nuk.edu.tw/QueryCourse/tcontent.asp?OpenYear=110&Helf=2&Sclass=IM&Cono=F624,2026-08-26T18:26:40+00:00
110-2-IM-F633-M-1-,110,2,管理學院,IM,資訊管理學系,F633,M,碩士班,1,,物聯網,3,選,30,23,,7,蕭漢威,L01-203,,"2,3, 4",,,,,,"[{""day"": 2, ""dayName"": ""星期二"", ""periods"": [""2"", ""3"", ""4""], ""raw"": ""2,3, 4""}]",,教室為圖資二樓機具間。,https://course.nuk.edu.tw/QueryCourse/tcontent.asp?OpenYear=110&Helf=2&Sclass=IM&Cono=F633,2026-08-26T18:26:40+00:00
110-2-IM-F639-M-1-,110,2,管理學院,IM,資訊管理學系,F639,M,碩士班,1,,室內定位與無人載具技術應用,3,選,30,13,,17,蕭漢威,L01-203,,,,,"5,6, 7",,,"[{""day"": 5, ""dayName"": ""星期五"", ""periods"": [""5"", ""6"", ""7""], ""raw"": ""5,6, 7""}]",,與資管大三、大四，主開為資管系，教室為圖資機具間。,https://course.nuk.edu.tw/QueryCourse/tcontent.asp?OpenYear=110&Helf=2&Sclass=IM&Cono=F639,2026-08-26T18:26:40+00:00
110-2-IM-F03D-M-2-,110,2,管理學院,IM,資訊管理學系,F03D,M,碩士班,2,,書報討論(四),1,選,15,13,,2,丁一賢,M01-111,,,,"6,7",,,,"[{""day"": 4, ""dayName"": ""星期四"", ""periods"": [""6"", ""7""], ""raw"": ""6,7""}]",限修,教室為M01-111。限修本系，其他系所同學如須加簽請洽任課老師。,https://course.nuk.edu.tw/QueryCourse/tcontent.asp?OpenYear=110&Helf=2&Sclass=IM&Cono=F03D,2026-08-26T18:26:40+00:00
110-2-IM-F57D-M-2-,110,2,管理學院,IM,資訊管理學系,F57D,M,碩士班,2,,資訊管理專題研討(四),1,選,15,5,,10,郭英峰,M01-302,,,"8,9, 10",,,,,"[{""day"": 3, ""dayName"": ""星期三"", ""periods"": [""8"", ""9"", ""10""], ""raw"": ""8,9, 10""}]",限修,教室為M01-302。限修本系，其他系所同學如須加簽請洽任課老師。,https://course.nuk.edu.tw/QueryCourse/tcontent.asp?OpenYear=110&Helf=2&Sclass=IM&Cono=F57D,2026-08-26T18:26:40+00:00
110-2-IMA-F042-M-1-,110,2,管理學院,IMA,國際商業管理碩士學位學程,F042,M,碩士班,1,,財務管理,3,必,30,11,,19,陳怡凱,M01-106,,"2,3, 4",,,,,,"[{""day"": 2, ""dayName"": ""星期二"", ""periods"": [""2"", ""3"", ""4""], ""raw"": ""2,3, 4""}]",,全英語授課。,https://course.nuk.edu.tw/QueryCourse/tcontent.asp?OpenYear=110&Helf=2&Sclass=IMA&Cono=F042,2026-08-26T18:26:40+00:00
110-2-IMA-F051-M-1-,110,2,管理學院,IMA,國際商業管理碩士學位學程,F051,M,碩士班,1,,國際行銷管理,3,必,30,16,,14,楊詠凱,M01-108,,,"2,3, 4",,,,,"[{""day"": 3, ""dayName"": ""星期三"", ""periods"": [""2"", ""3"", ""4""], ""raw"": ""2,3, 4""}]",,英文授課,https://course.nuk.edu.tw/QueryCourse/tcontent.asp?OpenYear=110&Helf=2&Sclass=IMA&Cono=F051,2026-08-26T18:26:40+00:00
110-2-IMA-F551-M-1-,110,2,管理學院,IMA,國際商業管理碩士學位學程,F551,M,碩士班,1,,供應鏈管理,3,選,20,17,,3,趙建雄,M01-417,,"10,11, 12",,,,,,"[{""day"": 2, ""dayName"": ""星期二"", ""periods"": [""10"", ""11"", ""12""], ""raw"": ""10,11, 12""}]",學程,全英語授課，與資管大四及IMBA合開，教室為M01-417。主開為IMBA。,https://course.nuk.edu.tw/QueryCourse/tcontent.asp?OpenYear=110&Helf=2&Sclass=IMA&Cono=F551,2026-08-26T18:26:40+00:00
110-2-IMA-F002-M-2-,110,2,管理學院,IMA,國際商業管理碩士學位學程,F002,M,碩士班,2,,專題研討二,1,必,25,7,,18,王文楷 吳毓麒 傅鈺雯 謝國廉,,"5,6, 7",,,,,,,"[{""day"": 1, ""dayName"": ""星期一"", ""periods"": [""5"", ""6"", ""7""], ""raw"": ""5,6, 7""}]",,全英語授課。,https://course.nuk.edu.tw/QueryCourse/tcontent.asp?OpenYear=110&Helf=2&Sclass=IMA&Cono=F002,2026-08-26T18:26:40+00:00
110-2-IMA-F071-M-2-,110,2,管理學院,IMA,國際商業管理碩士學位學程,F071,M,碩士班,2,,企業資訊及知識系統管理,3,必,31,7,,24,吳建興,M01-106,,,"5,6, 7",,,,,"[{""day"": 3, ""dayName"": ""星期三"", ""periods"": [""5"", ""6"", ""7""], ""raw"": ""5,6, 7""}]",限修及外加,,https://course.nuk.edu.tw/QueryCourse/tcontent.asp?OpenYear=110&Helf=2&Sclass=IMA&Cono=F071,2026-08-26T18:26:40+00:00
110-2-LBA-O502-E-1-,110,2,管理學院,LBA,高階法律暨管理碩士在職專班,O502,E,高階經營管理碩士在職專班,1,,企業經營與法律,3,選,30,17,,13,陳月端,,,,,,,"7,8, 9","7,8, 9","[{""day"": 6, ""dayName"": ""星期六"", ""periods"": [""7"", ""8"", ""9""], ""raw"": ""7,8, 9""}, {""day"": 7, ""dayName"": ""星期日"", ""periods"": [""7"", ""8"", ""9""], ""raw"": ""7,8, 9""}]",限修,法律班，上課教室：管院108室,https://course.nuk.edu.tw/QueryCourse/tcontent.asp?OpenYear=110&Helf=2&Sclass=LBA&Cono=O502,2026-08-26T18:26:40+00:00
110-2-LBA-O503-E-1-,110,2,管理學院,LBA,高階法律暨管理碩士在職專班,O503,E,高階經營管理碩士在職專班,1,,財經刑法與企業犯罪,3,選,30,15,,15,張麗卿 吳俊毅,,,,,,,,"1,2, 3,4, 5,6","[{""day"": 7, ""dayName"": ""星期日"", ""periods"": [""1"", ""2"", ""3"", ""4"", ""5"", ""6""], ""raw"": ""1,2, 3,4, 5,6""}]",限修,法律班，上課教室：管院108室,https://course.nuk.edu.tw/QueryCourse/tcontent.asp?OpenYear=110&Helf=2&Sclass=LBA&Cono=O503,2026-08-26T18:26:40+00:00
110-2-LBA-O514-E-1-,110,2,管理學院,LBA,高階法律暨管理碩士在職專班,O514,E,高階經營管理碩士在職專班,1,,民事法律與勞動法,3,選,30,17,,13,吳行浩 李淑如,,,,,,,"1,2, 3,4, 5,6",,"[{""day"": 6, ""dayName"": ""星期六"", ""periods"": [""1"", ""2"", ""3"", ""4"", ""5"", ""6""], ""raw"": ""1,2, 3,4, 5,6""}]",限修,法律班，上課教室：管院108室,https://course.nuk.edu.tw/QueryCourse/tcontent.asp?OpenYear=110&Helf=2&Sclass=LBA&Cono=O514,2026-08-26T18:26:40+00:00
110-2-LBA-O00B-E-2-,110,2,管理學院,LBA,高階法律暨管理碩士在職專班,O00B,E,高階經營管理碩士在職專班,2,,碩士論文(下)-(法律班),3,必,15,9,,6,楊書成 張麗卿 吳行浩 李亭林 李博志 張鈺光 佘志民,,,X,X,X,,,,"[{""day"": 2, ""dayName"": ""星期二"", ""periods"": [""X""], ""raw"": ""X""}, {""day"": 3, ""dayName"": ""星期三"", ""periods"": [""X""], ""raw"": ""X""}, {""day"": 4, ""dayName"": ""星期四"", ""periods"": [""X""], ""raw"": ""X""}]",禁止外加 限修,法律班,https://course.nuk.edu.tw/QueryCourse/tcontent.asp?OpenYear=110&Helf=2&Sclass=LBA&Cono=O00B,2026-08-26T18:26:40+00:00
