id,year,semester,college,department,departmentName,courseId,division,divisionName,grade,className,courseName,credits,courseType,capacity,confirmed,enrolled,remaining,teacher,classroom,monday,tuesday,wednesday,thursday,friday,saturday,sunday,scheduleJson,restrictions,notes,detailUrl,fetchedAtUtc
091-1-KH-2001-A-2-A,091,1,人文社會科學院,KH,運動健康與休閒學系,2001,A,大學部,2,A,休閒遊憩與運動事業行銷管理,3,必,60,40,,20,潘明珠,C01-103,"2,3, 4",,,,,,,"[{""day"": 1, ""dayName"": ""星期一"", ""periods"": [""2"", ""3"", ""4""], ""raw"": ""2,3, 4""}]",,,https://course.nuk.edu.tw/QueryCourse/tcontent.asp?OpenYear=091&Helf=1&Sclass=KH&Cono=2001,2026-08-26T17:59:16+00:00
091-1-WL-111C-A-1-A,091,1,人文社會科學院,WL,西洋語文學系,111C,A,大學部,1,A,英語會話與閱讀：高級班（低階C）,2,必,45,41,,4,曾銘裕,C01-103,,,"5,6, 7",,,,,"[{""day"": 3, ""dayName"": ""星期三"", ""periods"": [""5"", ""6"", ""7""], ""raw"": ""5,6, 7""}]",,1.英語會話與閱讀依學生能力等級編列班級。2.為各系之必修課程(除西語系外)。,https://course.nuk.edu.tw/QueryCourse/tcontent.asp?OpenYear=091&Helf=1&Sclass=WL&Cono=111C,2026-08-26T17:59:16+00:00
091-1-WL-1515-A-1-A,091,1,人文社會科學院,WL,西洋語文學系,1515,A,大學部,1,A,第二外語(日一),2,選,30,23,,7,林田義行,B01-102,,,"9,10, 11",,,,,"[{""day"": 3, ""dayName"": ""星期三"", ""periods"": [""9"", ""10"", ""11""], ""raw"": ""9,10, 11""}]",,"第二外語本系學生畢業前至少須修8學分,並可視為大一語文通識學分,他系修讀列為綜合教學部文學系列學分.",https://course.nuk.edu.tw/QueryCourse/tcontent.asp?OpenYear=091&Helf=1&Sclass=WL&Cono=1515,2026-08-26T17:59:16+00:00
091-1-WL-2518-A-2-A,091,1,人文社會科學院,WL,西洋語文學系,2518,A,大學部,2,A,第二外語：西二,2,選,25,18,,7,劉碧交,C01-102,,,,,"5,6, 7",,,"[{""day"": 5, ""dayName"": ""星期五"", ""periods"": [""5"", ""6"", ""7""], ""raw"": ""5,6, 7""}]",,,https://course.nuk.edu.tw/QueryCourse/tcontent.asp?OpenYear=091&Helf=1&Sclass=WL&Cono=2518,2026-08-26T17:59:16+00:00
091-1-WL-2519-A-2-A,091,1,人文社會科學院,WL,西洋語文學系,2519,A,大學部,2,A,第二外語：日二,2,選,50,41,,9,林田義行,C01-408,"5,6, 7",,,,,,,"[{""day"": 1, ""dayName"": ""星期一"", ""periods"": [""5"", ""6"", ""7""], ""raw"": ""5,6, 7""}]",,,https://course.nuk.edu.tw/QueryCourse/tcontent.asp?OpenYear=091&Helf=1&Sclass=WL&Cono=2519,2026-08-26T17:59:16+00:00
091-1-WL-2551-A-2-A,091,1,人文社會科學院,WL,西洋語文學系,2551,A,大學部,2,A,翻譯導論,3,選,26,18,,8,張秀珍,C01-101,,,,,"3,4, 5",,,"[{""day"": 5, ""dayName"": ""星期五"", ""periods"": [""3"", ""4"", ""5""], ""raw"": ""3,4, 5""}]",,,https://course.nuk.edu.tw/QueryCourse/tcontent.asp?OpenYear=091&Helf=1&Sclass=WL&Cono=2551,2026-08-26T17:59:16+00:00
091-1-kh-1002-A-1-A,091,1,人文社會科學院,kh,運動健康與休閒學系,1002,A,大學部,1,A,休閒遊憩導論,3,必,60,43,,17,潘明珠,B01-102,,,"2,3, 4",,,,,"[{""day"": 3, ""dayName"": ""星期三"", ""periods"": [""2"", ""3"", ""4""], ""raw"": ""2,3, 4""}]",,,https://course.nuk.edu.tw/QueryCourse/tcontent.asp?OpenYear=091&Helf=1&Sclass=kh&Cono=1002,2026-08-26T17:59:16+00:00
091-1-kh-1011-A-1-A,091,1,人文社會科學院,kh,運動健康與休閒學系,1011,A,大學部,1,A,運動科學概論,3,必,60,46,,14,王光濤,B01-110,"2,3, 4",,,,,,,"[{""day"": 1, ""dayName"": ""星期一"", ""periods"": [""2"", ""3"", ""4""], ""raw"": ""2,3, 4""}]",,,https://course.nuk.edu.tw/QueryCourse/tcontent.asp?OpenYear=091&Helf=1&Sclass=kh&Cono=1011,2026-08-26T17:59:16+00:00
091-1-kh-1012-A-1-A,091,1,人文社會科學院,kh,運動健康與休閒學系,1012,A,大學部,1,A,人體生理學,3,選,120,83,,37,吳佩芳,B01-110,,"2,3, 4",,,,,,"[{""day"": 2, ""dayName"": ""星期二"", ""periods"": [""2"", ""3"", ""4""], ""raw"": ""2,3, 4""}]",,大一大二合班，與王光濤老師合授，教室B01-演講廳,https://course.nuk.edu.tw/QueryCourse/tcontent.asp?OpenYear=091&Helf=1&Sclass=kh&Cono=1012,2026-08-26T17:59:16+00:00
091-1-kh-1013-A-1-A,091,1,人文社會科學院,kh,運動健康與休閒學系,1013,A,大學部,1,A,人體生理學實習,1,選,60,48,,12,吳佩芳,C02-201,,,,,"5,6",,,"[{""day"": 5, ""dayName"": ""星期五"", ""periods"": [""5"", ""6""], ""raw"": ""5,6""}]",,採隔週上課(單週上課上4堂課即五5.6.7.8),https://course.nuk.edu.tw/QueryCourse/tcontent.asp?OpenYear=091&Helf=1&Sclass=kh&Cono=1013,2026-08-26T17:59:16+00:00
091-1-kh-1012-A-2-A,091,1,人文社會科學院,kh,運動健康與休閒學系,1012,A,大學部,2,A,人體生理學,3,必,120,83,,37,吳佩芳,B01-110,,"2,3, 4",,,,,,"[{""day"": 2, ""dayName"": ""星期二"", ""periods"": [""2"", ""3"", ""4""], ""raw"": ""2,3, 4""}]",,大一大二合班，與王光濤合授，教室B01-演講廳,https://course.nuk.edu.tw/QueryCourse/tcontent.asp?OpenYear=091&Helf=1&Sclass=kh&Cono=1012,2026-08-26T17:59:16+00:00
091-1-kh-2011-A-2-A,091,1,人文社會科學院,kh,運動健康與休閒學系,2011,A,大學部,2,A,急救處置,3,必,60,41,,19,蔡米山,C01-111,,,"1,2, 3",,,,,"[{""day"": 3, ""dayName"": ""星期三"", ""periods"": [""1"", ""2"", ""3""], ""raw"": ""1,2, 3""}]",,,https://course.nuk.edu.tw/QueryCourse/tcontent.asp?OpenYear=091&Helf=1&Sclass=kh&Cono=2011,2026-08-26T17:59:16+00:00
091-1-kh-2021-A-2-A,091,1,人文社會科學院,kh,運動健康與休閒學系,2021,A,大學部,2,A,急救處置實習,1,必,60,41,,19,王光濤,C01-111,,,"4,Y",,,,,"[{""day"": 3, ""dayName"": ""星期三"", ""periods"": [""4"", ""Y""], ""raw"": ""4,Y""}]",,,https://course.nuk.edu.tw/QueryCourse/tcontent.asp?OpenYear=091&Helf=1&Sclass=kh&Cono=2021,2026-08-26T17:59:16+00:00
091-1-kh-2031-A-2-A,091,1,人文社會科學院,kh,運動健康與休閒學系,2031,A,大學部,2,A,運動心理學,2,必,60,44,,16,張永源,C01-103,,,,"3,4",,,,"[{""day"": 4, ""dayName"": ""星期四"", ""periods"": [""3"", ""4""], ""raw"": ""3,4""}]",,,https://course.nuk.edu.tw/QueryCourse/tcontent.asp?OpenYear=091&Helf=1&Sclass=kh&Cono=2031,2026-08-26T17:59:16+00:00
091-1-kh-2041-A-2-A,091,1,人文社會科學院,kh,運動健康與休閒學系,2041,A,大學部,2,A,體適能計畫,3,必,60,41,,19,王光濤,C01-103,,,,"5,6, 7",,,,"[{""day"": 4, ""dayName"": ""星期四"", ""periods"": [""5"", ""6"", ""7""], ""raw"": ""5,6, 7""}]",,,https://course.nuk.edu.tw/QueryCourse/tcontent.asp?OpenYear=091&Helf=1&Sclass=kh&Cono=2041,2026-08-26T17:59:16+00:00
091-1-kh-2051-A-2-A,091,1,人文社會科學院,kh,運動健康與休閒學系,2051,A,大學部,2,A,人體生理學實習,1,必,60,36,,24,吳佩芳,C02-201,,,,,"7,8",,,"[{""day"": 5, ""dayName"": ""星期五"", ""periods"": [""7"", ""8""], ""raw"": ""7,8""}]",,採隔週上課(雙週上課上4堂課即五5.6.7.8)),https://course.nuk.edu.tw/QueryCourse/tcontent.asp?OpenYear=091&Helf=1&Sclass=kh&Cono=2051,2026-08-26T17:59:16+00:00
091-1-kh-2501-A-2-A,091,1,人文社會科學院,kh,運動健康與休閒學系,2501,A,大學部,2,A,基礎生物化學,2,選,60,22,,38,吳佩芳,C01-103,,"5,6",,,,,,"[{""day"": 2, ""dayName"": ""星期二"", ""periods"": [""5"", ""6""], ""raw"": ""5,6""}]",,,https://course.nuk.edu.tw/QueryCourse/tcontent.asp?OpenYear=091&Helf=1&Sclass=kh&Cono=2501,2026-08-26T17:59:16+00:00
091-1-wl-1001-A-1-A,091,1,人文社會科學院,wl,西洋語文學系,1001,A,大學部,1,A,英語口語訓練(A),2,必,27,27,,0,林雅惠,C01-103,,4,"3,4",,,,,"[{""day"": 2, ""dayName"": ""星期二"", ""periods"": [""4""], ""raw"": ""4""}, {""day"": 3, ""dayName"": ""星期三"", ""periods"": [""3"", ""4""], ""raw"": ""3,4""}]",,"全班50人,分A.B二組,每組25人,學號單號",https://course.nuk.edu.tw/QueryCourse/tcontent.asp?OpenYear=091&Helf=1&Sclass=wl&Cono=1001,2026-08-26T17:59:16+00:00
091-1-wl-1002-A-1-A,091,1,人文社會科學院,wl,西洋語文學系,1002,A,大學部,1,A,英語口語訓練(B),2,必,27,27,,0,鮑瑞安,B01-203,,4,"3,4",,,,,"[{""day"": 2, ""dayName"": ""星期二"", ""periods"": [""4""], ""raw"": ""4""}, {""day"": 3, ""dayName"": ""星期三"", ""periods"": [""3"", ""4""], ""raw"": ""3,4""}]",,"全班50人,分A.B二組,每組25人,學號雙號",https://course.nuk.edu.tw/QueryCourse/tcontent.asp?OpenYear=091&Helf=1&Sclass=wl&Cono=1002,2026-08-26T17:59:16+00:00
091-1-wl-1011-A-1-A,091,1,人文社會科學院,wl,西洋語文學系,1011,A,大學部,1,A,英語聽講實習(A),2,必,29,29,,0,狄建世,B01-101,,"6,7",2,,,,,"[{""day"": 2, ""dayName"": ""星期二"", ""periods"": [""6"", ""7""], ""raw"": ""6,7""}, {""day"": 3, ""dayName"": ""星期三"", ""periods"": [""2""], ""raw"": ""2""}]",,"全班50人,分A.B二組,每組25人,學號單號",https://course.nuk.edu.tw/QueryCourse/tcontent.asp?OpenYear=091&Helf=1&Sclass=wl&Cono=1011,2026-08-26T17:59:16+00:00
091-1-wl-1012-A-1-A,091,1,人文社會科學院,wl,西洋語文學系,1012,A,大學部,1,A,英語聽講實習(B),2,必,27,28,,0,彭淑惠,C02-101,,"6,7",2,,,,,"[{""day"": 2, ""dayName"": ""星期二"", ""periods"": [""6"", ""7""], ""raw"": ""6,7""}, {""day"": 3, ""dayName"": ""星期三"", ""periods"": [""2""], ""raw"": ""2""}]",,"全班50人,分A.B二組,每組25人,學號雙號",https://course.nuk.edu.tw/QueryCourse/tcontent.asp?OpenYear=091&Helf=1&Sclass=wl&Cono=1012,2026-08-26T17:59:16+00:00
091-1-wl-1021-A-1-A,091,1,人文社會科學院,wl,西洋語文學系,1021,A,大學部,1,A,英文作文(一)(A),3,必,27,27,,0,狄建世,B01-101,,5,,"5,6",,,,"[{""day"": 2, ""dayName"": ""星期二"", ""periods"": [""5""], ""raw"": ""5""}, {""day"": 4, ""dayName"": ""星期四"", ""periods"": [""5"", ""6""], ""raw"": ""5,6""}]",,"全班50人,分A.B二組,每組25人,學號單號",https://course.nuk.edu.tw/QueryCourse/tcontent.asp?OpenYear=091&Helf=1&Sclass=wl&Cono=1021,2026-08-26T17:59:16+00:00
091-1-wl-1022-A-1-A,091,1,人文社會科學院,wl,西洋語文學系,1022,A,大學部,1,A,英文作文(一)(B),3,必,27,27,,0,曾銘裕,B01-102,,5,,"5,6",,,,"[{""day"": 2, ""dayName"": ""星期二"", ""periods"": [""5""], ""raw"": ""5""}, {""day"": 4, ""dayName"": ""星期四"", ""periods"": [""5"", ""6""], ""raw"": ""5,6""}]",,"全班50人,分A.B二組,每組25人,學號雙號",https://course.nuk.edu.tw/QueryCourse/tcontent.asp?OpenYear=091&Helf=1&Sclass=wl&Cono=1022,2026-08-26T17:59:16+00:00
091-1-wl-1032-A-1-A,091,1,人文社會科學院,wl,西洋語文學系,1032,A,大學部,1,A,英文閱讀,2,必,56,54,,2,廖招治,B01-101,,,,,"1,2, 3",,,"[{""day"": 5, ""dayName"": ""星期五"", ""periods"": [""1"", ""2"", ""3""], ""raw"": ""1,2, 3""}]",,,https://course.nuk.edu.tw/QueryCourse/tcontent.asp?OpenYear=091&Helf=1&Sclass=wl&Cono=1032,2026-08-26T17:59:16+00:00
091-1-wl-1041-A-1-A,091,1,人文社會科學院,wl,西洋語文學系,1041,A,大學部,1,A,西洋文學概論,3,必,60,53,,7,顏淑娟,B01-105,,"1,2, 3",,,,,,"[{""day"": 2, ""dayName"": ""星期二"", ""periods"": [""1"", ""2"", ""3""], ""raw"": ""1,2, 3""}]",,開放外系10人教師:顏淑娟,https://course.nuk.edu.tw/QueryCourse/tcontent.asp?OpenYear=091&Helf=1&Sclass=wl&Cono=1041,2026-08-26T17:59:16+00:00
091-1-wl-1051-A-1-A,091,1,人文社會科學院,wl,西洋語文學系,1051,A,大學部,1,A,文學作品讀法,3,必,60,54,,6,陳英輝,B01-101,,,,"2,3, 4",,,,"[{""day"": 4, ""dayName"": ""星期四"", ""periods"": [""2"", ""3"", ""4""], ""raw"": ""2,3, 4""}]",,開放外系10人,https://course.nuk.edu.tw/QueryCourse/tcontent.asp?OpenYear=091&Helf=1&Sclass=wl&Cono=1051,2026-08-26T17:59:16+00:00
091-1-wl-111A-A-1-A,091,1,人文社會科學院,wl,西洋語文學系,111A,A,大學部,1,A,英語會話與閱讀：高級班（低階A）,2,必,45,43,,2,林雅惠,C01-101,"5,6, 7",,,,,,,"[{""day"": 1, ""dayName"": ""星期一"", ""periods"": [""5"", ""6"", ""7""], ""raw"": ""5,6, 7""}]",,1.英語會話與閱讀依學生能力等級編列班級。2.為各系之必修課程(除西語系外)。,https://course.nuk.edu.tw/QueryCourse/tcontent.asp?OpenYear=091&Helf=1&Sclass=wl&Cono=111A,2026-08-26T17:59:16+00:00
091-1-wl-111B-A-1-A,091,1,人文社會科學院,wl,西洋語文學系,111B,A,大學部,1,A,英語會話與閱讀：高級班（低階B）,2,必,75,46,,29,陳英輝,C01-101,,,"5,6, 7",,,,,"[{""day"": 3, ""dayName"": ""星期三"", ""periods"": [""5"", ""6"", ""7""], ""raw"": ""5,6, 7""}]",,1.英語會話與閱讀依學生能力等級編列班級。2.為各系之必修課程(除西語系外)。,https://course.nuk.edu.tw/QueryCourse/tcontent.asp?OpenYear=091&Helf=1&Sclass=wl&Cono=111B,2026-08-26T17:59:16+00:00
091-1-wl-112A-A-1-A,091,1,人文社會科學院,wl,西洋語文學系,112A,A,大學部,1,A,英語會話與閱讀：中級班（高階A）,2,必,60,46,,14,張秀珍,B01-202,,,"5,6, 7",,,,,"[{""day"": 3, ""dayName"": ""星期三"", ""periods"": [""5"", ""6"", ""7""], ""raw"": ""5,6, 7""}]",,1.英語會話與閱讀依學生能力等級編列班級。2.為各系之必修課程(除西語系外)。,https://course.nuk.edu.tw/QueryCourse/tcontent.asp?OpenYear=091&Helf=1&Sclass=wl&Cono=112A,2026-08-26T17:59:16+00:00
091-1-wl-112B-A-1-A,091,1,人文社會科學院,wl,西洋語文學系,112B,A,大學部,1,A,英語會話與閱讀：中級班（高階B）,2,必,45,45,,0,葉純純,B01-103,"5,6, 7",,,,,,,"[{""day"": 1, ""dayName"": ""星期一"", ""periods"": [""5"", ""6"", ""7""], ""raw"": ""5,6, 7""}]",,1.英語會話與閱讀依學生能力等級編列班級。2.為各系之必修課程(除西語系外)。,https://course.nuk.edu.tw/QueryCourse/tcontent.asp?OpenYear=091&Helf=1&Sclass=wl&Cono=112B,2026-08-26T17:59:16+00:00
091-1-wl-112C-A-1-A,091,1,人文社會科學院,wl,西洋語文學系,112C,A,大學部,1,A,英語會話與閱讀：中級班（高階C）,2,必,45,45,,0,許維真,B01-104,"5,6, 7",,,,,,,"[{""day"": 1, ""dayName"": ""星期一"", ""periods"": [""5"", ""6"", ""7""], ""raw"": ""5,6, 7""}]",,1.英語會話與閱讀依學生能力等級編列班級。2.為各系之必修課程(除西語系外)。,https://course.nuk.edu.tw/QueryCourse/tcontent.asp?OpenYear=091&Helf=1&Sclass=wl&Cono=112C,2026-08-26T17:59:16+00:00
091-1-wl-112D-A-1-A,091,1,人文社會科學院,wl,西洋語文學系,112D,A,大學部,1,A,英語會話與閱讀：中級班（高階D）,2,必,45,44,,1,彭淑惠,C01-102,,,"5,6, 7",,,,,"[{""day"": 3, ""dayName"": ""星期三"", ""periods"": [""5"", ""6"", ""7""], ""raw"": ""5,6, 7""}]",,1.英語會話與閱讀依學生能力等級編列班級。2.為各系之必修課程(除西語系外)。,https://course.nuk.edu.tw/QueryCourse/tcontent.asp?OpenYear=091&Helf=1&Sclass=wl&Cono=112D,2026-08-26T17:59:16+00:00
091-1-wl-112E-A-1-A,091,1,人文社會科學院,wl,西洋語文學系,112E,A,大學部,1,A,英語會話與閱讀：中級班(高階E),2,必,45,32,,13,狄建世,B01-104,,,"5,6, 7",,,,,"[{""day"": 3, ""dayName"": ""星期三"", ""periods"": [""5"", ""6"", ""7""], ""raw"": ""5,6, 7""}]",,1.英語會話與閱讀依學生能力等級編列班級。2.為各系之必修課程(除西語系外)。,https://course.nuk.edu.tw/QueryCourse/tcontent.asp?OpenYear=091&Helf=1&Sclass=wl&Cono=112E,2026-08-26T17:59:16+00:00
091-1-wl-112F-A-1-A,091,1,人文社會科學院,wl,西洋語文學系,112F,A,大學部,1,A,英語會話與閱讀：中級班(高階F),2,必,60,51,,9,陳麗青,B01-105,,,"5,6, 7",,,,,"[{""day"": 3, ""dayName"": ""星期三"", ""periods"": [""5"", ""6"", ""7""], ""raw"": ""5,6, 7""}]",,1.英語會話與閱讀依學生能力等級編列班級。2.為各系之必修課程(除西語系外)。,https://course.nuk.edu.tw/QueryCourse/tcontent.asp?OpenYear=091&Helf=1&Sclass=wl&Cono=112F,2026-08-26T17:59:16+00:00
091-1-wl-113A-A-1-A,091,1,人文社會科學院,wl,西洋語文學系,113A,A,大學部,1,A,英語會話與閱讀：中級班（中階A）,2,必,45,44,,1,傑西,B01-105,"5,6, 7",,,,,,,"[{""day"": 1, ""dayName"": ""星期一"", ""periods"": [""5"", ""6"", ""7""], ""raw"": ""5,6, 7""}]",,1.英語會話與閱讀依學生能力等級編列班級。2.為各系之必修課程(除西語系外)。,https://course.nuk.edu.tw/QueryCourse/tcontent.asp?OpenYear=091&Helf=1&Sclass=wl&Cono=113A,2026-08-26T17:59:16+00:00
091-1-wl-113B-A-1-A,091,1,人文社會科學院,wl,西洋語文學系,113B,A,大學部,1,A,英語會話與閱讀：中級班（中階B）,2,必,45,43,,2,顏淑娟,B01-106,"5,6, 7",,,,,,,"[{""day"": 1, ""dayName"": ""星期一"", ""periods"": [""5"", ""6"", ""7""], ""raw"": ""5,6, 7""}]",,1.英語會話與閱讀依學生能力等級編列班級。2.為各系之必修課程(除西語系外)。,https://course.nuk.edu.tw/QueryCourse/tcontent.asp?OpenYear=091&Helf=1&Sclass=wl&Cono=113B,2026-08-26T17:59:16+00:00
091-1-wl-113C-A-1-A,091,1,人文社會科學院,wl,西洋語文學系,113C,A,大學部,1,A,英語會話與閱讀：中級班（中階C）,2,必,45,45,,0,田靜誼,B01-107,"5,6, 7",,,,,,,"[{""day"": 1, ""dayName"": ""星期一"", ""periods"": [""5"", ""6"", ""7""], ""raw"": ""5,6, 7""}]",,1.英語會話與閱讀依學生能力等級編列班級。2.為各系之必修課程(除西語系外)。,https://course.nuk.edu.tw/QueryCourse/tcontent.asp?OpenYear=091&Helf=1&Sclass=wl&Cono=113C,2026-08-26T17:59:16+00:00
091-1-wl-113D-A-1-A,091,1,人文社會科學院,wl,西洋語文學系,113D,A,大學部,1,A,英語會話與閱讀：中級班（中階D）,2,必,45,45,,0,顏淑娟,B01-102,,,"5,6, 7",,,,,"[{""day"": 3, ""dayName"": ""星期三"", ""periods"": [""5"", ""6"", ""7""], ""raw"": ""5,6, 7""}]",,1.英語會話與閱讀依學生能力等級編列班級。2.為各系之必修課程(除西語系外)。3.教師：顏淑娟,https://course.nuk.edu.tw/QueryCourse/tcontent.asp?OpenYear=091&Helf=1&Sclass=wl&Cono=113D,2026-08-26T17:59:16+00:00
091-1-wl-113E-A-1-A,091,1,人文社會科學院,wl,西洋語文學系,113E,A,大學部,1,A,英語會話與閱讀：中級班（中階E）,2,必,45,41,,4,倪碧華,C01-104,,,"5,6, 7",,,,,"[{""day"": 3, ""dayName"": ""星期三"", ""periods"": [""5"", ""6"", ""7""], ""raw"": ""5,6, 7""}]",,1.英語會話與閱讀依學生能力等級編列班級。2.為各系之必修課程(除西語系外)。,https://course.nuk.edu.tw/QueryCourse/tcontent.asp?OpenYear=091&Helf=1&Sclass=wl&Cono=113E,2026-08-26T17:59:16+00:00
091-1-wl-113F-A-1-A,091,1,人文社會科學院,wl,西洋語文學系,113F,A,大學部,1,A,英語會話與閱讀：中級班（中階F）,2,必,45,24,,21,廖招治,B01-108,,,"5,6, 7",,,,,"[{""day"": 3, ""dayName"": ""星期三"", ""periods"": [""5"", ""6"", ""7""], ""raw"": ""5,6, 7""}]",,1.英語會話與閱讀依學生能力等級編列班級。2.為各系之必修課程(除西語系外)。,https://course.nuk.edu.tw/QueryCourse/tcontent.asp?OpenYear=091&Helf=1&Sclass=wl&Cono=113F,2026-08-26T17:59:16+00:00
091-1-wl-114B-A-1-A,091,1,人文社會科學院,wl,西洋語文學系,114B,A,大學部,1,A,英語會話與閱讀：中級班（低階B）,2,必,60,37,,23,陳麗青,B01-101,"5,6, 7",,,,,,,"[{""day"": 1, ""dayName"": ""星期一"", ""periods"": [""5"", ""6"", ""7""], ""raw"": ""5,6, 7""}]",,1.英語會話與閱讀依學生能力等級編列班級。2.為各系之必修課程(除西語系外)。,https://course.nuk.edu.tw/QueryCourse/tcontent.asp?OpenYear=091&Helf=1&Sclass=wl&Cono=114B,2026-08-26T17:59:16+00:00
091-1-wl-114C-A-1-A,091,1,人文社會科學院,wl,西洋語文學系,114C,A,大學部,1,A,英語會話與閱讀：中級班（低階C）,2,必,45,25,,20,曾瓊瑢,B01-109,,,"5,6, 7",,,,,"[{""day"": 3, ""dayName"": ""星期三"", ""periods"": [""5"", ""6"", ""7""], ""raw"": ""5,6, 7""}]",,1.英語會話與閱讀依學生能力等級編列班級。2.為各系之必修課程(除西語系外)。,https://course.nuk.edu.tw/QueryCourse/tcontent.asp?OpenYear=091&Helf=1&Sclass=wl&Cono=114C,2026-08-26T17:59:16+00:00
091-1-wl-1511-A-1-A,091,1,人文社會科學院,wl,西洋語文學系,1511,A,大學部,1,A,第二外語(法一),2,選,25,22,,3,戴莉安,C01-106 其他教室,"5,6",,,,5,,,"[{""day"": 1, ""dayName"": ""星期一"", ""periods"": [""5"", ""6""], ""raw"": ""5,6""}, {""day"": 5, ""dayName"": ""星期五"", ""periods"": [""5""], ""raw"": ""5""}]",,"第二外語本系學生畢業前至少須修讀8學分,並可視為大一語文通識學分,他系修讀列為綜合教學部文學系列學分.",https://course.nuk.edu.tw/QueryCourse/tcontent.asp?OpenYear=091&Helf=1&Sclass=wl&Cono=1511,2026-08-26T17:59:16+00:00
091-1-wl-1512-A-1-A,091,1,人文社會科學院,wl,西洋語文學系,1512,A,大學部,1,A,第二外語(德一),2,選,26,23,,3,黃麗鳳,B01-101,"2,3, 4",,,,,,,"[{""day"": 1, ""dayName"": ""星期一"", ""periods"": [""2"", ""3"", ""4""], ""raw"": ""2,3, 4""}]",,"第二外語本系學生畢業前至少須修讀8學分,並可視為大一語文通識學分,他系修讀列為綜合教學部文學系列學分.",https://course.nuk.edu.tw/QueryCourse/tcontent.asp?OpenYear=091&Helf=1&Sclass=wl&Cono=1512,2026-08-26T17:59:16+00:00
091-1-wl-1513-A-1-A,091,1,人文社會科學院,wl,西洋語文學系,1513,A,大學部,1,A,第二外語(西一),2,選,25,22,,3,Javier,B01-204,"5,6, 7",,,,,,,"[{""day"": 1, ""dayName"": ""星期一"", ""periods"": [""5"", ""6"", ""7""], ""raw"": ""5,6, 7""}]",,".第二外語本系學生畢業前至少須修讀8學分,並可視為大一語文通識學分,他系修讀列為綜合教學部文學系列學分.",https://course.nuk.edu.tw/QueryCourse/tcontent.asp?OpenYear=091&Helf=1&Sclass=wl&Cono=1513,2026-08-26T17:59:16+00:00
091-1-wl-1514-A-1-A,091,1,人文社會科學院,wl,西洋語文學系,1514,A,大學部,1,A,第二外語(日一),2,選,30,37,,0,林田義行,B01-105,"2,3, 4",,,,,,,"[{""day"": 1, ""dayName"": ""星期一"", ""periods"": [""2"", ""3"", ""4""], ""raw"": ""2,3, 4""}]",,"第二外語本系學生畢業前至少須修8學分,並可視為大一語文通識學分,他系修讀列為綜合教學部文學系列學分.",https://course.nuk.edu.tw/QueryCourse/tcontent.asp?OpenYear=091&Helf=1&Sclass=wl&Cono=1514,2026-08-26T17:59:16+00:00
091-1-wl-2001-A-2-A,091,1,人文社會科學院,wl,西洋語文學系,2001,A,大學部,2,A,英語口語訓練(二)(A),2,必,28,25,,3,狄建世,C01-101,,"1,2",1,,,,,"[{""day"": 2, ""dayName"": ""星期二"", ""periods"": [""1"", ""2""], ""raw"": ""1,2""}, {""day"": 3, ""dayName"": ""星期三"", ""periods"": [""1""], ""raw"": ""1""}]",,"全班50人,分A.B兩組,每組25人,學號單號",https://course.nuk.edu.tw/QueryCourse/tcontent.asp?OpenYear=091&Helf=1&Sclass=wl&Cono=2001,2026-08-26T17:59:16+00:00
091-1-wl-2002-A-2-A,091,1,人文社會科學院,wl,西洋語文學系,2002,A,大學部,2,A,英語口語訓練(二)(B),2,必,28,26,,2,鮑瑞安,B01-102,,"1,2",1,,,,,"[{""day"": 2, ""dayName"": ""星期二"", ""periods"": [""1"", ""2""], ""raw"": ""1,2""}, {""day"": 3, ""dayName"": ""星期三"", ""periods"": [""1""], ""raw"": ""1""}]",,"全班50人,分A.B兩組,每組25人,學號雙號",https://course.nuk.edu.tw/QueryCourse/tcontent.asp?OpenYear=091&Helf=1&Sclass=wl&Cono=2002,2026-08-26T17:59:16+00:00
091-1-wl-2006-A-2-A,091,1,人文社會科學院,wl,西洋語文學系,2006,A,大學部,2,A,進階英語聽講實習(二)(A),2,必,28,26,,2,曾銘裕,C01-101,,,,"3,4",,,,"[{""day"": 4, ""dayName"": ""星期四"", ""periods"": [""3"", ""4""], ""raw"": ""3,4""}]",,"全班50人,分A.B兩組,每組25人,學號單號",https://course.nuk.edu.tw/QueryCourse/tcontent.asp?OpenYear=091&Helf=1&Sclass=wl&Cono=2006,2026-08-26T17:59:16+00:00
091-1-wl-2007-A-2-A,091,1,人文社會科學院,wl,西洋語文學系,2007,A,大學部,2,A,進階英語聽講實習(二)(B),2,必,28,26,,2,陳麗青,B01-102,,,,"3,4",,,,"[{""day"": 4, ""dayName"": ""星期四"", ""periods"": [""3"", ""4""], ""raw"": ""3,4""}]",,"全班50人,分A.B兩組,每組25人,學號雙號",https://course.nuk.edu.tw/QueryCourse/tcontent.asp?OpenYear=091&Helf=1&Sclass=wl&Cono=2007,2026-08-26T17:59:16+00:00
091-1-wl-2010-A-2-A,091,1,人文社會科學院,wl,西洋語文學系,2010,A,大學部,2,A,英文作文(二)(A),2,必,28,26,,2,倪碧華,C01-101,,,,"5,6",,,,"[{""day"": 4, ""dayName"": ""星期四"", ""periods"": [""5"", ""6""], ""raw"": ""5,6""}]",,"全班50人,分A.B兩組,每組25人,學號單號",https://course.nuk.edu.tw/QueryCourse/tcontent.asp?OpenYear=091&Helf=1&Sclass=wl&Cono=2010,2026-08-26T17:59:16+00:00
091-1-wl-2011-A-2-A,091,1,人文社會科學院,wl,西洋語文學系,2011,A,大學部,2,A,英文作文(二)(B),2,必,28,25,,3,彭淑惠,B01-107,,,,"5,6",,,,"[{""day"": 4, ""dayName"": ""星期四"", ""periods"": [""5"", ""6""], ""raw"": ""5,6""}]",,"全班50人,分A.B兩組,每組25人,學號雙號",https://course.nuk.edu.tw/QueryCourse/tcontent.asp?OpenYear=091&Helf=1&Sclass=wl&Cono=2011,2026-08-26T17:59:16+00:00
091-1-wl-2021-A-2-A,091,1,人文社會科學院,wl,西洋語文學系,2021,A,大學部,2,A,英國文學(一),3,必,60,51,,9,倪碧華,C01-101,,,"2,3, 4",,,,,"[{""day"": 3, ""dayName"": ""星期三"", ""periods"": [""2"", ""3"", ""4""], ""raw"": ""2,3, 4""}]",,開放外系10名,https://course.nuk.edu.tw/QueryCourse/tcontent.asp?OpenYear=091&Helf=1&Sclass=wl&Cono=2021,2026-08-26T17:59:16+00:00
091-1-wl-2041-A-2-A,091,1,人文社會科學院,wl,西洋語文學系,2041,A,大學部,2,A,語言學概論,3,必,60,52,,8,曾銘裕,C01-101,,"3,4",,9,,,,"[{""day"": 2, ""dayName"": ""星期二"", ""periods"": [""3"", ""4""], ""raw"": ""3,4""}, {""day"": 4, ""dayName"": ""星期四"", ""periods"": [""9""], ""raw"": ""9""}]",,開放外系10名,https://course.nuk.edu.tw/QueryCourse/tcontent.asp?OpenYear=091&Helf=1&Sclass=wl&Cono=2041,2026-08-26T17:59:16+00:00
091-1-wl-2042-A-2-A,091,1,人文社會科學院,wl,西洋語文學系,2042,A,大學部,2,A,字源學與字彙,2,必,60,51,,9,狄建世,C01-101,,,,"1,2",,,,"[{""day"": 4, ""dayName"": ""星期四"", ""periods"": [""1"", ""2""], ""raw"": ""1,2""}]",,開放外系10名,https://course.nuk.edu.tw/QueryCourse/tcontent.asp?OpenYear=091&Helf=1&Sclass=wl&Cono=2042,2026-08-26T17:59:16+00:00
091-1-wl-2516-A-2-A,091,1,人文社會科學院,wl,西洋語文學系,2516,A,大學部,2,A,第二外語(法二),2,選,25,17,,8,劉育君,C01-102 其他教室,4,,,,"6,7",,,"[{""day"": 1, ""dayName"": ""星期一"", ""periods"": [""4""], ""raw"": ""4""}, {""day"": 5, ""dayName"": ""星期五"", ""periods"": [""6"", ""7""], ""raw"": ""6,7""}]",,第二外語本系學生畢業前至少須修8學分,https://course.nuk.edu.tw/QueryCourse/tcontent.asp?OpenYear=091&Helf=1&Sclass=wl&Cono=2516,2026-08-26T17:59:16+00:00
091-1-wl-2517-A-2-A,091,1,人文社會科學院,wl,西洋語文學系,2517,A,大學部,2,A,第二外語(德二),2,選,25,8,,17,華偉納,C01-103,"5,6, 7",,,,,,,"[{""day"": 1, ""dayName"": ""星期一"", ""periods"": [""5"", ""6"", ""7""], ""raw"": ""5,6, 7""}]",,第二外語本系學生畢業前至少須修8學分,https://course.nuk.edu.tw/QueryCourse/tcontent.asp?OpenYear=091&Helf=1&Sclass=wl&Cono=2517,2026-08-26T17:59:16+00:00
091-1-wl-2531-A-2-A,091,1,人文社會科學院,wl,西洋語文學系,2531,A,大學部,2,A,當代英美文學,3,選,60,25,,35,傑西,C01-101,"1,2, 3",,,,,,,"[{""day"": 1, ""dayName"": ""星期一"", ""periods"": [""1"", ""2"", ""3""], ""raw"": ""1,2, 3""}]",,開放外系10名,https://course.nuk.edu.tw/QueryCourse/tcontent.asp?OpenYear=091&Helf=1&Sclass=wl&Cono=2531,2026-08-26T17:59:16+00:00
091-1-wl-2532-A-2-A,091,1,人文社會科學院,wl,西洋語文學系,2532,A,大學部,2,A,英美兒童文學,3,選,60,30,,30,林雅惠,C01-101,,"5,6, 7",,,,,,"[{""day"": 2, ""dayName"": ""星期二"", ""periods"": [""5"", ""6"", ""7""], ""raw"": ""5,6, 7""}]",,開放外系10名,https://course.nuk.edu.tw/QueryCourse/tcontent.asp?OpenYear=091&Helf=1&Sclass=wl&Cono=2532,2026-08-26T17:59:16+00:00
091-1-wl-2560-A-2-A,091,1,人文社會科學院,wl,西洋語文學系,2560,A,大學部,2,A,語音學,2,選,27,28,,0,彭淑惠,C01-101,,,,"7,8",,,,"[{""day"": 4, ""dayName"": ""星期四"", ""periods"": [""7"", ""8""], ""raw"": ""7,8""}]",,,https://course.nuk.edu.tw/QueryCourse/tcontent.asp?OpenYear=091&Helf=1&Sclass=wl&Cono=2560,2026-08-26T17:59:16+00:00
091-1-wl-3001-A-3-A,091,1,人文社會科學院,wl,西洋語文學系,3001,A,大學部,3,A,英語口語訓練(三)(A),2,必,27,23,,4,廖招治,C01-102,,,,"5,6",,,,"[{""day"": 4, ""dayName"": ""星期四"", ""periods"": [""5"", ""6""], ""raw"": ""5,6""}]",,,https://course.nuk.edu.tw/QueryCourse/tcontent.asp?OpenYear=091&Helf=1&Sclass=wl&Cono=3001,2026-08-26T17:59:16+00:00
091-1-wl-3002-A-3-A,091,1,人文社會科學院,wl,西洋語文學系,3002,A,大學部,3,A,英語口語訓練(三)(B),2,必,27,24,,3,張秀珍,B01-105,,,,"5,6",,,,"[{""day"": 4, ""dayName"": ""星期四"", ""periods"": [""5"", ""6""], ""raw"": ""5,6""}]",,,https://course.nuk.edu.tw/QueryCourse/tcontent.asp?OpenYear=091&Helf=1&Sclass=wl&Cono=3002,2026-08-26T17:59:16+00:00
091-1-wl-3021-A-3-A,091,1,人文社會科學院,wl,西洋語文學系,3021,A,大學部,3,A,英文作文(三)(A),2,必,27,24,,3,顏淑娟,C01-102,,,"3,4",,,,,"[{""day"": 3, ""dayName"": ""星期三"", ""periods"": [""3"", ""4""], ""raw"": ""3,4""}]",,教師：顏淑娟,https://course.nuk.edu.tw/QueryCourse/tcontent.asp?OpenYear=091&Helf=1&Sclass=wl&Cono=3021,2026-08-26T17:59:16+00:00
091-1-wl-3022-A-3-A,091,1,人文社會科學院,wl,西洋語文學系,3022,A,大學部,3,A,英文作文(三)(B),2,必,27,25,,2,廖招治,B01-103,,,"3,4",,,,,"[{""day"": 3, ""dayName"": ""星期三"", ""periods"": [""3"", ""4""], ""raw"": ""3,4""}]",,,https://course.nuk.edu.tw/QueryCourse/tcontent.asp?OpenYear=091&Helf=1&Sclass=wl&Cono=3022,2026-08-26T17:59:16+00:00
091-1-wl-3041-A-3-A,091,1,人文社會科學院,wl,西洋語文學系,3041,A,大學部,3,A,美國文學史,3,必,60,50,,10,林雅惠,C01-102,,,,"2,3, 4",,,,"[{""day"": 4, ""dayName"": ""星期四"", ""periods"": [""2"", ""3"", ""4""], ""raw"": ""2,3, 4""}]",,可開放外系10名,https://course.nuk.edu.tw/QueryCourse/tcontent.asp?OpenYear=091&Helf=1&Sclass=wl&Cono=3041,2026-08-26T17:59:16+00:00
091-1-wl-3051-A-3-A,091,1,人文社會科學院,wl,西洋語文學系,3051,A,大學部,3,A,英國文學史(二),3,必,60,47,,13,陳麗青,C01-102,,"2,3, 4",,,,,,"[{""day"": 2, ""dayName"": ""星期二"", ""periods"": [""2"", ""3"", ""4""], ""raw"": ""2,3, 4""}]",,可開放外系10名,https://course.nuk.edu.tw/QueryCourse/tcontent.asp?OpenYear=091&Helf=1&Sclass=wl&Cono=3051,2026-08-26T17:59:16+00:00
091-1-wl-3056-A-3-A,091,1,人文社會科學院,wl,西洋語文學系,3056,A,大學部,3,A,英美小說,3,選,60,21,,39,陳英輝,C01-102,,,,"7,8, 9",,,,"[{""day"": 4, ""dayName"": ""星期四"", ""periods"": [""7"", ""8"", ""9""], ""raw"": ""7,8, 9""}]",,可開放外系10名,https://course.nuk.edu.tw/QueryCourse/tcontent.asp?OpenYear=091&Helf=1&Sclass=wl&Cono=3056,2026-08-26T17:59:16+00:00
091-1-wl-3061-A-3-A,091,1,人文社會科學院,wl,西洋語文學系,3061,A,大學部,3,A,女性主義,3,選,60,23,,37,倪碧華,C01-102,,"5,6, 7",,,,,,"[{""day"": 2, ""dayName"": ""星期二"", ""periods"": [""5"", ""6"", ""7""], ""raw"": ""5,6, 7""}]",,可開放外系10名,https://course.nuk.edu.tw/QueryCourse/tcontent.asp?OpenYear=091&Helf=1&Sclass=wl&Cono=3061,2026-08-26T17:59:16+00:00
091-1-wl-3072-A-3-A,091,1,人文社會科學院,wl,西洋語文學系,3072,A,大學部,3,A,社會語言學,2,選,60,18,,42,廖招治,B01-107,,"5,6",,,,,,"[{""day"": 2, ""dayName"": ""星期二"", ""periods"": [""5"", ""6""], ""raw"": ""5,6""}]",,,https://course.nuk.edu.tw/QueryCourse/tcontent.asp?OpenYear=091&Helf=1&Sclass=wl&Cono=3072,2026-08-26T17:59:16+00:00
091-1-wl-3073-A-3-A,091,1,人文社會科學院,wl,西洋語文學系,3073,A,大學部,3,A,英語教學：方法論,3,選,60,11,,49,張秀珍,B01-105,,,"1,2",,2,,,"[{""day"": 3, ""dayName"": ""星期三"", ""periods"": [""1"", ""2""], ""raw"": ""1,2""}, {""day"": 5, ""dayName"": ""星期五"", ""periods"": [""2""], ""raw"": ""2""}]",,,https://course.nuk.edu.tw/QueryCourse/tcontent.asp?OpenYear=091&Helf=1&Sclass=wl&Cono=3073,2026-08-26T17:59:16+00:00
091-1-wl-3511-A-3-A,091,1,人文社會科學院,wl,西洋語文學系,3511,A,大學部,3,A,第二外語：法語三,2,選,60,9,,51,戴莉安,C01-102,"1,2, 3",,,,,,,"[{""day"": 1, ""dayName"": ""星期一"", ""periods"": [""1"", ""2"", ""3""], ""raw"": ""1,2, 3""}]",,第二外語本系學生畢業前至少須修8學分,https://course.nuk.edu.tw/QueryCourse/tcontent.asp?OpenYear=091&Helf=1&Sclass=wl&Cono=3511,2026-08-26T17:59:16+00:00
091-1-GR-1527-A-1-A,091,1,共同與通識課程,GR,共同必修系列,1527,A,大學部,1,A,適應體育,0,必,60,4,,56,李福恩,",,,,,,",,"10,11",,,,,,"[{""day"": 2, ""dayName"": ""星期二"", ""periods"": [""10"", ""11""], ""raw"": ""10,11""}]",,限大一二學生患有先天疾病或意外傷害且在三個月內不適合進行正常運動並取得公立醫療單位開立證明者得選讀本課程,https://course.nuk.edu.tw/QueryCourse/tcontent.asp?OpenYear=091&Helf=1&Sclass=GR&Cono=1527,2026-08-26T17:59:16+00:00
091-1-GR-1621-A-1-A,091,1,共同與通識課程,GR,共同必修系列,1621,A,大學部,1,A,體育(電機工程學系),0,必,60,51,,9,王士仁,",,,,,,",,"3,4",,,,,,"[{""day"": 2, ""dayName"": ""星期二"", ""periods"": [""3"", ""4""], ""raw"": ""3,4""}]",,,https://course.nuk.edu.tw/QueryCourse/tcontent.asp?OpenYear=091&Helf=1&Sclass=GR&Cono=1621,2026-08-26T17:59:16+00:00
091-1-GR-1622-A-1-A,091,1,共同與通識課程,GR,共同必修系列,1622,A,大學部,1,A,體育(土木與環境工程學系),0,必,60,40,,20,李福恩,",,",,,,,"1,2",,,"[{""day"": 5, ""dayName"": ""星期五"", ""periods"": [""1"", ""2""], ""raw"": ""1,2""}]",,,https://course.nuk.edu.tw/QueryCourse/tcontent.asp?OpenYear=091&Helf=1&Sclass=GR&Cono=1622,2026-08-26T17:59:16+00:00
091-1-GR-1623-A-1-A,091,1,共同與通識課程,GR,共同必修系列,1623,A,大學部,1,A,體育(生命科學系),0,必,60,35,,25,王士仁,",,","3,4",,,,,,,"[{""day"": 1, ""dayName"": ""星期一"", ""periods"": [""3"", ""4""], ""raw"": ""3,4""}]",,,https://course.nuk.edu.tw/QueryCourse/tcontent.asp?OpenYear=091&Helf=1&Sclass=GR&Cono=1623,2026-08-26T17:59:16+00:00
091-1-GR-1624-A-1-A,091,1,共同與通識課程,GR,共同必修系列,1624,A,大學部,1,A,體育(亞太工商管理學系),0,必,65,56,,9,李福恩,",,",,,,"8,9",,,,"[{""day"": 4, ""dayName"": ""星期四"", ""periods"": [""8"", ""9""], ""raw"": ""8,9""}]",,,https://course.nuk.edu.tw/QueryCourse/tcontent.asp?OpenYear=091&Helf=1&Sclass=GR&Cono=1624,2026-08-26T17:59:16+00:00
091-1-GR-162A-A-1-A,091,1,共同與通識課程,GR,共同必修系列,162A,A,大學部,1,A,體育(西洋語文學系),0,必,60,50,,10,陳澤銘,",,",,,,,"6,7",,,"[{""day"": 5, ""dayName"": ""星期五"", ""periods"": [""6"", ""7""], ""raw"": ""6,7""}]",,,https://course.nuk.edu.tw/QueryCourse/tcontent.asp?OpenYear=091&Helf=1&Sclass=GR&Cono=162A,2026-08-26T17:59:16+00:00
091-1-GR-162B-A-1-A,091,1,共同與通識課程,GR,共同必修系列,162B,A,大學部,1,A,體育(運動健康與休閒學系),0,必,60,42,,18,李福恩,",,,,,,",,,,"3,4",,,,"[{""day"": 4, ""dayName"": ""星期四"", ""periods"": [""3"", ""4""], ""raw"": ""3,4""}]",,,https://course.nuk.edu.tw/QueryCourse/tcontent.asp?OpenYear=091&Helf=1&Sclass=GR&Cono=162B,2026-08-26T17:59:16+00:00
091-1-GR-162D-A-1-A,091,1,共同與通識課程,GR,共同必修系列,162D,A,大學部,1,A,體育(法律學系),0,必,60,49,,11,張志成,",,",,,,,"7,8",,,"[{""day"": 5, ""dayName"": ""星期五"", ""periods"": [""7"", ""8""], ""raw"": ""7,8""}]",,,https://course.nuk.edu.tw/QueryCourse/tcontent.asp?OpenYear=091&Helf=1&Sclass=GR&Cono=162D,2026-08-26T17:59:16+00:00
091-1-GR-162E-A-1-A,091,1,共同與通識課程,GR,共同必修系列,162E,A,大學部,1,A,體育(政治法律學系),0,必,60,44,,16,孫美蓮,",,,,,,",,,,"6,7",,,,"[{""day"": 4, ""dayName"": ""星期四"", ""periods"": [""6"", ""7""], ""raw"": ""6,7""}]",,,https://course.nuk.edu.tw/QueryCourse/tcontent.asp?OpenYear=091&Helf=1&Sclass=GR&Cono=162E,2026-08-26T17:59:16+00:00
091-1-GR-162F-A-1-A,091,1,共同與通識課程,GR,共同必修系列,162F,A,大學部,1,A,體育(財經法律學系),0,必,60,44,,16,王士仁,",,",,,"1,2",,,,,"[{""day"": 3, ""dayName"": ""星期三"", ""periods"": [""1"", ""2""], ""raw"": ""1,2""}]",,,https://course.nuk.edu.tw/QueryCourse/tcontent.asp?OpenYear=091&Helf=1&Sclass=GR&Cono=162F,2026-08-26T17:59:16+00:00
091-1-GR-162G-A-1-A,091,1,共同與通識課程,GR,共同必修系列,162G,A,大學部,1,A,體育(應用經濟學系),0,必,60,50,,10,張志成,",,",,"5,6",,,,,,"[{""day"": 2, ""dayName"": ""星期二"", ""periods"": [""5"", ""6""], ""raw"": ""5,6""}]",,,https://course.nuk.edu.tw/QueryCourse/tcontent.asp?OpenYear=091&Helf=1&Sclass=GR&Cono=162G,2026-08-26T17:59:16+00:00
091-1-GR-162H-A-1-A,091,1,共同與通識課程,GR,共同必修系列,162H,A,大學部,1,A,體育(金融管理學系),0,必,60,46,,14,王士仁,",,,,,,","1,2",,,,,,,"[{""day"": 1, ""dayName"": ""星期一"", ""periods"": [""1"", ""2""], ""raw"": ""1,2""}]",,,https://course.nuk.edu.tw/QueryCourse/tcontent.asp?OpenYear=091&Helf=1&Sclass=GR&Cono=162H,2026-08-26T17:59:16+00:00
091-1-GR-162I-A-1-A,091,1,共同與通識課程,GR,共同必修系列,162I,A,大學部,1,A,體育(資訊管理學系),0,必,60,49,,11,孫美蓮,",,,,,,",,,"1,2",,,,,"[{""day"": 3, ""dayName"": ""星期三"", ""periods"": [""1"", ""2""], ""raw"": ""1,2""}]",,,https://course.nuk.edu.tw/QueryCourse/tcontent.asp?OpenYear=091&Helf=1&Sclass=GR&Cono=162I,2026-08-26T17:59:16+00:00
091-1-GR-162J-A-1-A,091,1,共同與通識課程,GR,共同必修系列,162J,A,大學部,1,A,體育(應用數學系),0,必,60,49,,11,王士仁,",,",,,,"3,4",,,,"[{""day"": 4, ""dayName"": ""星期四"", ""periods"": [""3"", ""4""], ""raw"": ""3,4""}]",,,https://course.nuk.edu.tw/QueryCourse/tcontent.asp?OpenYear=091&Helf=1&Sclass=GR&Cono=162J,2026-08-26T17:59:16+00:00
091-1-GR-162K-A-1-A,091,1,共同與通識課程,GR,共同必修系列,162K,A,大學部,1,A,體育(應用化學系),0,必,60,42,,18,王士仁,",,",,"6,7",,,,,,"[{""day"": 2, ""dayName"": ""星期二"", ""periods"": [""6"", ""7""], ""raw"": ""6,7""}]",,,https://course.nuk.edu.tw/QueryCourse/tcontent.asp?OpenYear=091&Helf=1&Sclass=GR&Cono=162K,2026-08-26T17:59:16+00:00
091-1-GR-162L-A-1-A,091,1,共同與通識課程,GR,共同必修系列,162L,A,大學部,1,A,體育(應用物理學系),0,必,60,48,,12,李福恩,",,",,"5,6",,,,,,"[{""day"": 2, ""dayName"": ""星期二"", ""periods"": [""5"", ""6""], ""raw"": ""5,6""}]",,,https://course.nuk.edu.tw/QueryCourse/tcontent.asp?OpenYear=091&Helf=1&Sclass=GR&Cono=162L,2026-08-26T17:59:16+00:00
091-1-GR-1681-A-1-A,091,1,共同與通識課程,GR,共同必修系列,1681,A,大學部,1,A,服務(電機工程學系),0,必,60,53,,7,顏允武,,,,,,,,,[],,,https://course.nuk.edu.tw/QueryCourse/tcontent.asp?OpenYear=091&Helf=1&Sclass=GR&Cono=1681,2026-08-26T17:59:16+00:00
091-1-GR-1682-A-1-A,091,1,共同與通識課程,GR,共同必修系列,1682,A,大學部,1,A,服務(土木與環境工程學系),0,必,60,41,,19,顏允武,,,,,,,,,[],,,https://course.nuk.edu.tw/QueryCourse/tcontent.asp?OpenYear=091&Helf=1&Sclass=GR&Cono=1682,2026-08-26T17:59:16+00:00
091-1-GR-1683-A-1-A,091,1,共同與通識課程,GR,共同必修系列,1683,A,大學部,1,A,服務(生命科學系),0,必,60,35,,25,顏允武,,,,,,,,,[],,,https://course.nuk.edu.tw/QueryCourse/tcontent.asp?OpenYear=091&Helf=1&Sclass=GR&Cono=1683,2026-08-26T17:59:16+00:00
091-1-GR-1684-A-1-A,091,1,共同與通識課程,GR,共同必修系列,1684,A,大學部,1,A,服務(亞太工商管理學系),0,必,60,57,,3,顏允武,,,,,,,,,[],,,https://course.nuk.edu.tw/QueryCourse/tcontent.asp?OpenYear=091&Helf=1&Sclass=GR&Cono=1684,2026-08-26T17:59:16+00:00
091-1-GR-168A-A-1-A,091,1,共同與通識課程,GR,共同必修系列,168A,A,大學部,1,A,服務(西洋語文學系),0,必,60,54,,6,顏允武,",",,,,1,,,,"[{""day"": 4, ""dayName"": ""星期四"", ""periods"": [""1""], ""raw"": ""1""}]",,,https://course.nuk.edu.tw/QueryCourse/tcontent.asp?OpenYear=091&Helf=1&Sclass=GR&Cono=168A,2026-08-26T17:59:16+00:00
091-1-GR-168B-A-1-A,091,1,共同與通識課程,GR,共同必修系列,168B,A,大學部,1,A,服務(運動健康與休閒學系),0,必,60,47,,13,顏允武,",,",,1,,,,,,"[{""day"": 2, ""dayName"": ""星期二"", ""periods"": [""1""], ""raw"": ""1""}]",,,https://course.nuk.edu.tw/QueryCourse/tcontent.asp?OpenYear=091&Helf=1&Sclass=GR&Cono=168B,2026-08-26T17:59:16+00:00
091-1-GR-168D-A-1-A,091,1,共同與通識課程,GR,共同必修系列,168D,A,大學部,1,A,服務(法律學系),0,必,60,51,,9,顏允武,",",,,,9,,,,"[{""day"": 4, ""dayName"": ""星期四"", ""periods"": [""9""], ""raw"": ""9""}]",,,https://course.nuk.edu.tw/QueryCourse/tcontent.asp?OpenYear=091&Helf=1&Sclass=GR&Cono=168D,2026-08-26T17:59:16+00:00
091-1-GR-168E-A-1-A,091,1,共同與通識課程,GR,共同必修系列,168E,A,大學部,1,A,服務(政治法律學系),0,必,60,46,,14,顏允武,,,,,,,,,[],,,https://course.nuk.edu.tw/QueryCourse/tcontent.asp?OpenYear=091&Helf=1&Sclass=GR&Cono=168E,2026-08-26T17:59:16+00:00
091-1-GR-168F-A-1-A,091,1,共同與通識課程,GR,共同必修系列,168F,A,大學部,1,A,服務(財經法律學系),0,必,60,44,,16,顏允武,,,,,,,,,[],,,https://course.nuk.edu.tw/QueryCourse/tcontent.asp?OpenYear=091&Helf=1&Sclass=GR&Cono=168F,2026-08-26T17:59:16+00:00
091-1-GR-168G-A-1-A,091,1,共同與通識課程,GR,共同必修系列,168G,A,大學部,1,A,服務(應用經濟學系),0,必,60,52,,8,顏允武,",",,,1,,,,,"[{""day"": 3, ""dayName"": ""星期三"", ""periods"": [""1""], ""raw"": ""1""}]",,,https://course.nuk.edu.tw/QueryCourse/tcontent.asp?OpenYear=091&Helf=1&Sclass=GR&Cono=168G,2026-08-26T17:59:16+00:00
091-1-GR-168H-A-1-A,091,1,共同與通識課程,GR,共同必修系列,168H,A,大學部,1,A,服務(金融管理學系),0,必,60,48,,12,顏允武,",",,,,9,,,,"[{""day"": 4, ""dayName"": ""星期四"", ""periods"": [""9""], ""raw"": ""9""}]",,,https://course.nuk.edu.tw/QueryCourse/tcontent.asp?OpenYear=091&Helf=1&Sclass=GR&Cono=168H,2026-08-26T17:59:16+00:00
091-1-GR-168I-A-1-A,091,1,共同與通識課程,GR,共同必修系列,168I,A,大學部,1,A,服務(資訊管理學系),0,必,60,48,,12,顏允武,,,,,,,,,[],,,https://course.nuk.edu.tw/QueryCourse/tcontent.asp?OpenYear=091&Helf=1&Sclass=GR&Cono=168I,2026-08-26T17:59:16+00:00
091-1-GR-168J-A-1-A,091,1,共同與通識課程,GR,共同必修系列,168J,A,大學部,1,A,服務(應用數學系),0,必,60,51,,9,顏允武,,,,,,,,,[],,,https://course.nuk.edu.tw/QueryCourse/tcontent.asp?OpenYear=091&Helf=1&Sclass=GR&Cono=168J,2026-08-26T17:59:16+00:00
091-1-GR-168K-A-1-A,091,1,共同與通識課程,GR,共同必修系列,168K,A,大學部,1,A,服務(應用化學系),0,必,60,40,,20,顏允武,,,,,,,,,[],,,https://course.nuk.edu.tw/QueryCourse/tcontent.asp?OpenYear=091&Helf=1&Sclass=GR&Cono=168K,2026-08-26T17:59:16+00:00
091-1-GR-168L-A-1-A,091,1,共同與通識課程,GR,共同必修系列,168L,A,大學部,1,A,服務(應用物理學系),0,必,60,50,,10,顏允武,,,,,,,,,[],,,https://course.nuk.edu.tw/QueryCourse/tcontent.asp?OpenYear=091&Helf=1&Sclass=GR&Cono=168L,2026-08-26T17:59:16+00:00
091-1-GR-2621-A-2-A,091,1,共同與通識課程,GR,共同必修系列,2621,A,大學部,2,A,體育(電機工程學系),0,必,60,55,,5,陳澤銘,",,,,,,",,,,,"3,4",,,"[{""day"": 5, ""dayName"": ""星期五"", ""periods"": [""3"", ""4""], ""raw"": ""3,4""}]",,,https://course.nuk.edu.tw/QueryCourse/tcontent.asp?OpenYear=091&Helf=1&Sclass=GR&Cono=2621,2026-08-26T17:59:16+00:00
091-1-GR-2622-A-2-A,091,1,共同與通識課程,GR,共同必修系列,2622,A,大學部,2,A,體育(土木與環境工程學系),0,必,60,39,,21,張志成,",,",,"1,2",,,,,,"[{""day"": 2, ""dayName"": ""星期二"", ""periods"": [""1"", ""2""], ""raw"": ""1,2""}]",,,https://course.nuk.edu.tw/QueryCourse/tcontent.asp?OpenYear=091&Helf=1&Sclass=GR&Cono=2622,2026-08-26T17:59:16+00:00
091-1-GR-2623-A-2-A,091,1,共同與通識課程,GR,共同必修系列,2623,A,大學部,2,A,體育(生命科學系),0,必,60,37,,23,張志成,",,,,,,","3,4",,,,,,,"[{""day"": 1, ""dayName"": ""星期一"", ""periods"": [""3"", ""4""], ""raw"": ""3,4""}]",,,https://course.nuk.edu.tw/QueryCourse/tcontent.asp?OpenYear=091&Helf=1&Sclass=GR&Cono=2623,2026-08-26T17:59:16+00:00
091-1-GR-2624-A-2-A,091,1,共同與通識課程,GR,共同必修系列,2624,A,大學部,2,A,體育(亞太工商與管理學系),0,必,60,52,,8,孫美蓮,,,,,,,,,[],,,https://course.nuk.edu.tw/QueryCourse/tcontent.asp?OpenYear=091&Helf=1&Sclass=GR&Cono=2624,2026-08-26T17:59:16+00:00
091-1-GR-262A-A-2-A,091,1,共同與通識課程,GR,共同必修系列,262A,A,大學部,2,A,體育(西洋語文學系),0,必,60,51,,9,孫美蓮,",,,,,,",,,,,"1,2",,,"[{""day"": 5, ""dayName"": ""星期五"", ""periods"": [""1"", ""2""], ""raw"": ""1,2""}]",,,https://course.nuk.edu.tw/QueryCourse/tcontent.asp?OpenYear=091&Helf=1&Sclass=GR&Cono=262A,2026-08-26T17:59:16+00:00
091-1-GR-262B-A-2-A,091,1,共同與通識課程,GR,共同必修系列,262B,A,大學部,2,A,體育(運動健康與休閒學系),0,必,60,41,,19,李福恩,",,,,,,",,,,"1,2",,,,"[{""day"": 4, ""dayName"": ""星期四"", ""periods"": [""1"", ""2""], ""raw"": ""1,2""}]",,,https://course.nuk.edu.tw/QueryCourse/tcontent.asp?OpenYear=091&Helf=1&Sclass=GR&Cono=262B,2026-08-26T17:59:16+00:00
091-1-GR-262D-A-2-A,091,1,共同與通識課程,GR,共同必修系列,262D,A,大學部,2,A,體育(法律學系),0,必,60,50,,10,孫美蓮,",,,,,,",,,,,"3,4",,,"[{""day"": 5, ""dayName"": ""星期五"", ""periods"": [""3"", ""4""], ""raw"": ""3,4""}]",,,https://course.nuk.edu.tw/QueryCourse/tcontent.asp?OpenYear=091&Helf=1&Sclass=GR&Cono=262D,2026-08-26T17:59:16+00:00
091-1-GR-262E-A-2-A,091,1,共同與通識課程,GR,共同必修系列,262E,A,大學部,2,A,體育(政治法律學系),0,必,60,46,,14,張志成,",,,,,,",,,"1,2",,,,,"[{""day"": 3, ""dayName"": ""星期三"", ""periods"": [""1"", ""2""], ""raw"": ""1,2""}]",,,https://course.nuk.edu.tw/QueryCourse/tcontent.asp?OpenYear=091&Helf=1&Sclass=GR&Cono=262E,2026-08-26T17:59:16+00:00
091-1-GR-262F-A-2-A,091,1,共同與通識課程,GR,共同必修系列,262F,A,大學部,2,A,體育(財經法律學系),0,必,60,42,,18,張志成,",,,,,,",,,,,"1,2",,,"[{""day"": 5, ""dayName"": ""星期五"", ""periods"": [""1"", ""2""], ""raw"": ""1,2""}]",,,https://course.nuk.edu.tw/QueryCourse/tcontent.asp?OpenYear=091&Helf=1&Sclass=GR&Cono=262F,2026-08-26T17:59:16+00:00
091-1-GR-262G-A-2-A,091,1,共同與通識課程,GR,共同必修系列,262G,A,大學部,2,A,體育(應用經濟學系),0,必,60,48,,12,王士仁,",,,,,,",,,,"1,2",,,,"[{""day"": 4, ""dayName"": ""星期四"", ""periods"": [""1"", ""2""], ""raw"": ""1,2""}]",,,https://course.nuk.edu.tw/QueryCourse/tcontent.asp?OpenYear=091&Helf=1&Sclass=GR&Cono=262G,2026-08-26T17:59:16+00:00
091-1-GR-262J-A-2-A,091,1,共同與通識課程,GR,共同必修系列,262J,A,大學部,2,A,體育(應用數學系),0,必,60,45,,15,王士仁,",,",,,,"8,9",,,,"[{""day"": 4, ""dayName"": ""星期四"", ""periods"": [""8"", ""9""], ""raw"": ""8,9""}]",,,https://course.nuk.edu.tw/QueryCourse/tcontent.asp?OpenYear=091&Helf=1&Sclass=GR&Cono=262J,2026-08-26T17:59:16+00:00
091-1-GR-262K-A-2-A,091,1,共同與通識課程,GR,共同必修系列,262K,A,大學部,2,A,體育(應用化學系),0,必,60,45,,15,張志成,",,,,,,",,,,,"3,4",,,"[{""day"": 5, ""dayName"": ""星期五"", ""periods"": [""3"", ""4""], ""raw"": ""3,4""}]",,,https://course.nuk.edu.tw/QueryCourse/tcontent.asp?OpenYear=091&Helf=1&Sclass=GR&Cono=262K,2026-08-26T17:59:16+00:00
091-1-LI-1301-A-1-A,091,1,共同與通識課程,LI,通識人文科學類,1301,A,大學部,1,A,老莊選讀,2,選,61,77,,0,簡光明,B01-201,"6,7",,,,,,,"[{""day"": 1, ""dayName"": ""星期一"", ""periods"": [""6"", ""7""], ""raw"": ""6,7""}]",,,https://course.nuk.edu.tw/QueryCourse/tcontent.asp?OpenYear=091&Helf=1&Sclass=LI&Cono=1301,2026-08-26T17:59:16+00:00
091-1-LI-1303-A-1-A,091,1,共同與通識課程,LI,通識人文科學類,1303,A,大學部,1,A,台灣文學,2,選,121,137,,0,龔顯宗,C01-308,"8,9",,,,,,,"[{""day"": 1, ""dayName"": ""星期一"", ""periods"": [""8"", ""9""], ""raw"": ""8,9""}]",,,https://course.nuk.edu.tw/QueryCourse/tcontent.asp?OpenYear=091&Helf=1&Sclass=LI&Cono=1303,2026-08-26T17:59:16+00:00
091-1-LI-1306-A-1-A,091,1,共同與通識課程,LI,通識人文科學類,1306,A,大學部,1,A,倫語EQ,2,選,60,88,,0,林美秀,C02-407,,,"6,7",,,,,"[{""day"": 3, ""dayName"": ""星期三"", ""periods"": [""6"", ""7""], ""raw"": ""6,7""}]",,,https://course.nuk.edu.tw/QueryCourse/tcontent.asp?OpenYear=091&Helf=1&Sclass=LI&Cono=1306,2026-08-26T17:59:16+00:00
091-1-LI-1307-A-1-A,091,1,共同與通識課程,LI,通識人文科學類,1307,A,大學部,1,A,宋詞賞析,2,選,80,94,,0,王翠芳,c01-111,,,"6,7",,,,,"[{""day"": 3, ""dayName"": ""星期三"", ""periods"": [""6"", ""7""], ""raw"": ""6,7""}]",,,https://course.nuk.edu.tw/QueryCourse/tcontent.asp?OpenYear=091&Helf=1&Sclass=LI&Cono=1307,2026-08-26T17:59:16+00:00
091-1-LI-1308-A-1-A,091,1,共同與通識課程,LI,通識人文科學類,1308,A,大學部,1,A,西方科學文化史,2,選,60,27,,33,華偉納,C01-104,"8,9",,,,,,,"[{""day"": 1, ""dayName"": ""星期一"", ""periods"": [""8"", ""9""], ""raw"": ""8,9""}]",,英文授課,https://course.nuk.edu.tw/QueryCourse/tcontent.asp?OpenYear=091&Helf=1&Sclass=LI&Cono=1308,2026-08-26T17:59:16+00:00
091-1-SC-1402-A-1-A,091,1,共同與通識課程,SC,通識自然科學類,1402,A,大學部,1,A,環境科學,2,選,61,76,,0,袁菁,B01-201,,,"6,7",,,,,"[{""day"": 3, ""dayName"": ""星期三"", ""periods"": [""6"", ""7""], ""raw"": ""6,7""}]",,土環系學生修讀不列入本部自然科學系列，亦不得列入該系畢業學分,https://course.nuk.edu.tw/QueryCourse/tcontent.asp?OpenYear=091&Helf=1&Sclass=SC&Cono=1402,2026-08-26T17:59:16+00:00
091-1-SC-1406-A-1-A,091,1,共同與通識課程,SC,通識自然科學類,1406,A,大學部,1,A,建築結構與防震概論,2,選,60,12,,48,俞肇球,B01-101,,,"7,8",,,,,"[{""day"": 3, ""dayName"": ""星期三"", ""periods"": [""7"", ""8""], ""raw"": ""7,8""}]",,"土環系學生修讀不列入本部自然科學系列,亦不得列入該系畢業學分",https://course.nuk.edu.tw/QueryCourse/tcontent.asp?OpenYear=091&Helf=1&Sclass=SC&Cono=1406,2026-08-26T17:59:16+00:00
091-1-SC-1408-A-1-A,091,1,共同與通識課程,SC,通識自然科學類,1408,A,大學部,1,A,生命探索,2,選,85,79,,6,溫秋明,C01-101,,,"8,9",,,,,"[{""day"": 3, ""dayName"": ""星期三"", ""periods"": [""8"", ""9""], ""raw"": ""8,9""}]",,,https://course.nuk.edu.tw/QueryCourse/tcontent.asp?OpenYear=091&Helf=1&Sclass=SC&Cono=1408,2026-08-26T17:59:16+00:00
091-1-SC-1409-A-1-A,091,1,共同與通識課程,SC,通識自然科學類,1409,A,大學部,1,A,宇宙探索(A),2,選,60,60,,0,林穎裕,C01-105,,,"6,7",,,,,"[{""day"": 3, ""dayName"": ""星期三"", ""periods"": [""6"", ""7""], ""raw"": ""6,7""}]",,,https://course.nuk.edu.tw/QueryCourse/tcontent.asp?OpenYear=091&Helf=1&Sclass=SC&Cono=1409,2026-08-26T17:59:16+00:00
091-1-SC-1410-A-1-A,091,1,共同與通識課程,SC,通識自然科學類,1410,A,大學部,1,A,宇宙探索(B),2,選,75,73,,2,林穎裕,C01-105,,,"8,9",,,,,"[{""day"": 3, ""dayName"": ""星期三"", ""periods"": [""8"", ""9""], ""raw"": ""8,9""}]",,,https://course.nuk.edu.tw/QueryCourse/tcontent.asp?OpenYear=091&Helf=1&Sclass=SC&Cono=1410,2026-08-26T17:59:16+00:00
091-1-SC-1411-A-1-A,091,1,共同與通識課程,SC,通識自然科學類,1411,A,大學部,1,A,科技與人生(A),2,選,60,59,,1,傅國恩,C01-410,"6,7",,,,,,,"[{""day"": 1, ""dayName"": ""星期一"", ""periods"": [""6"", ""7""], ""raw"": ""6,7""}]",,,https://course.nuk.edu.tw/QueryCourse/tcontent.asp?OpenYear=091&Helf=1&Sclass=SC&Cono=1411,2026-08-26T17:59:16+00:00
091-1-SC-1412-A-1-A,091,1,共同與通識課程,SC,通識自然科學類,1412,A,大學部,1,A,科技與人生(B),2,選,80,62,,18,傅國恩,C01-410,"8,9",,,,,,,"[{""day"": 1, ""dayName"": ""星期一"", ""periods"": [""8"", ""9""], ""raw"": ""8,9""}]",,,https://course.nuk.edu.tw/QueryCourse/tcontent.asp?OpenYear=091&Helf=1&Sclass=SC&Cono=1412,2026-08-26T17:59:16+00:00
091-1-SC-1414-A-1-A,091,1,共同與通識課程,SC,通識自然科學類,1414,A,大學部,1,A,奈米科技概論,2,選,82,82,,0,李紫原,C02-104,,,"8,9",,,,,"[{""day"": 3, ""dayName"": ""星期三"", ""periods"": [""8"", ""9""], ""raw"": ""8,9""}]",,,https://course.nuk.edu.tw/QueryCourse/tcontent.asp?OpenYear=091&Helf=1&Sclass=SC&Cono=1414,2026-08-26T17:59:16+00:00
091-1-SC-1415-A-1-A,091,1,共同與通識課程,SC,通識自然科學類,1415,A,大學部,1,A,人體的奧祕,2,選,120,130,,0,吳佩芳,C02-111,,,"8,9",,,,,"[{""day"": 3, ""dayName"": ""星期三"", ""periods"": [""8"", ""9""], ""raw"": ""8,9""}]",,,https://course.nuk.edu.tw/QueryCourse/tcontent.asp?OpenYear=091&Helf=1&Sclass=SC&Cono=1415,2026-08-26T17:59:16+00:00
091-1-SC-1421-A-1-A,091,1,共同與通識課程,SC,通識自然科學類,1421,A,大學部,1,A,化學概論,2,選,60,43,,17,蔡振章,B01-202,"8,9",,,,,,,"[{""day"": 1, ""dayName"": ""星期一"", ""periods"": [""8"", ""9""], ""raw"": ""8,9""}]",,開有普通化學必修課程學生修讀，不得修讀。,https://course.nuk.edu.tw/QueryCourse/tcontent.asp?OpenYear=091&Helf=1&Sclass=SC&Cono=1421,2026-08-26T17:59:16+00:00
091-1-SO-1102-A-1-A,091,1,共同與通識課程,SO,通識社會科學類,1102,A,大學部,1,A,經濟與人生,2,選,60,49,,11,蔡穎義,C02-103,,,"5,6",,,,,"[{""day"": 3, ""dayName"": ""星期三"", ""periods"": [""5"", ""6""], ""raw"": ""5,6""}]",,,https://course.nuk.edu.tw/QueryCourse/tcontent.asp?OpenYear=091&Helf=1&Sclass=SO&Cono=1102,2026-08-26T17:59:16+00:00
091-1-SO-1107-A-1-A,091,1,共同與通識課程,SO,通識社會科學類,1107,A,大學部,1,A,中國通史,2,選,60,55,,5,張勝柏,C01-105,"7,8",,,,,,,"[{""day"": 1, ""dayName"": ""星期一"", ""periods"": [""7"", ""8""], ""raw"": ""7,8""}]",,,https://course.nuk.edu.tw/QueryCourse/tcontent.asp?OpenYear=091&Helf=1&Sclass=SO&Cono=1107,2026-08-26T17:59:16+00:00
091-1-SO-1109-A-1-A,091,1,共同與通識課程,SO,通識社會科學類,1109,A,大學部,1,A,國際現勢,2,選,120,130,,0,陳文生,C01-308,,,"7,8",,,,,"[{""day"": 3, ""dayName"": ""星期三"", ""periods"": [""7"", ""8""], ""raw"": ""7,8""}]",,,https://course.nuk.edu.tw/QueryCourse/tcontent.asp?OpenYear=091&Helf=1&Sclass=SO&Cono=1109,2026-08-26T17:59:16+00:00
091-1-SO-1110-A-1-A,091,1,共同與通識課程,SO,通識社會科學類,1110,A,大學部,1,A,男與女：兩性關係,2,選,150,166,,0,林燕卿,B01-110,"5,6",,,,,,,"[{""day"": 1, ""dayName"": ""星期一"", ""periods"": [""5"", ""6""], ""raw"": ""5,6""}]",,教室B01-演講廳,https://course.nuk.edu.tw/QueryCourse/tcontent.asp?OpenYear=091&Helf=1&Sclass=SO&Cono=1110,2026-08-26T17:59:16+00:00
091-1-SO-1111-A-1-A,091,1,共同與通識課程,SO,通識社會科學類,1111,A,大學部,1,A,風險管理概論,2,選,150,168,,0,江如圭,B01-110,"8,9",,,,,,,"[{""day"": 1, ""dayName"": ""星期一"", ""periods"": [""8"", ""9""], ""raw"": ""8,9""}]",,,https://course.nuk.edu.tw/QueryCourse/tcontent.asp?OpenYear=091&Helf=1&Sclass=SO&Cono=1111,2026-08-26T17:59:16+00:00
091-1-SO-1112-A-1-A,091,1,共同與通識課程,SO,通識社會科學類,1112,A,大學部,1,A,品質管理概論,2,選,60,27,,33,莊寶鵰,B01-106,,,"6,7",,,,,"[{""day"": 3, ""dayName"": ""星期三"", ""periods"": [""6"", ""7""], ""raw"": ""6,7""}]",,亞太系學生不得修讀,https://course.nuk.edu.tw/QueryCourse/tcontent.asp?OpenYear=091&Helf=1&Sclass=SO&Cono=1112,2026-08-26T17:59:16+00:00
091-1-SO-1113-A-1-A,091,1,共同與通識課程,SO,通識社會科學類,1113,A,大學部,1,A,統計與人生,2,選,60,51,,9,李博志,C01-102,"6,7",,,,,,,"[{""day"": 1, ""dayName"": ""星期一"", ""periods"": [""6"", ""7""], ""raw"": ""6,7""}]",,亞太系學生不得修讀,https://course.nuk.edu.tw/QueryCourse/tcontent.asp?OpenYear=091&Helf=1&Sclass=SO&Cono=1113,2026-08-26T17:59:16+00:00
091-1-SO-1117-A-1-A,091,1,共同與通識課程,SO,通識社會科學類,1117,A,大學部,1,A,金融法規與生活,2,選,60,34,,26,周伯翰,C02-105,"5,6",,,,,,,"[{""day"": 1, ""dayName"": ""星期一"", ""periods"": [""5"", ""6""], ""raw"": ""5,6""}]",,,https://course.nuk.edu.tw/QueryCourse/tcontent.asp?OpenYear=091&Helf=1&Sclass=SO&Cono=1117,2026-08-26T17:59:16+00:00
091-1-SO-1118-A-1-A,091,1,共同與通識課程,SO,通識社會科學類,1118,A,大學部,1,A,兩岸三地政治與法制,2,選,60,50,,10,廖光生,C01-411,,,"6,7",,,,,"[{""day"": 3, ""dayName"": ""星期三"", ""periods"": [""6"", ""7""], ""raw"": ""6,7""}]",,,https://course.nuk.edu.tw/QueryCourse/tcontent.asp?OpenYear=091&Helf=1&Sclass=SO&Cono=1118,2026-08-26T17:59:16+00:00
091-1-SO-1119-A-1-A,091,1,共同與通識課程,SO,通識社會科學類,1119,A,大學部,1,A,理財與人生,2,選,60,66,,0,王澤世,C02-101,,,"8,9",,,,,"[{""day"": 3, ""dayName"": ""星期三"", ""periods"": [""8"", ""9""], ""raw"": ""8,9""}]",,,https://course.nuk.edu.tw/QueryCourse/tcontent.asp?OpenYear=091&Helf=1&Sclass=SO&Cono=1119,2026-08-26T17:59:16+00:00
091-1-SO-1120-A-1-A,091,1,共同與通識課程,SO,通識社會科學類,1120,A,大學部,1,A,管理科學概論,2,選,60,39,,21,陳榮泰,C02-102,"6,7",,,,,,,"[{""day"": 1, ""dayName"": ""星期一"", ""periods"": [""6"", ""7""], ""raw"": ""6,7""}]",,亞太系學生不得修讀,https://course.nuk.edu.tw/QueryCourse/tcontent.asp?OpenYear=091&Helf=1&Sclass=SO&Cono=1120,2026-08-26T17:59:16+00:00
091-1-SO-1121-A-1-A,091,1,共同與通識課程,SO,通識社會科學類,1121,A,大學部,1,A,理財與人生,2,選,137,137,,0,黃一祥,,,,,,,,,[],,教室已更改至理工二大樓演講廳,https://course.nuk.edu.tw/QueryCourse/tcontent.asp?OpenYear=091&Helf=1&Sclass=SO&Cono=1121,2026-08-26T17:59:16+00:00
091-1-SO-1122-A-1-A,091,1,共同與通識課程,SO,通識社會科學類,1122,A,大學部,1,A,兩性關係,2,選,200,112,,88,外校老師,C01-111,,"3,4",,,,,,"[{""day"": 2, ""dayName"": ""星期二"", ""periods"": [""3"", ""4""], ""raw"": ""3,4""}]",,同步遠距教學,https://course.nuk.edu.tw/QueryCourse/tcontent.asp?OpenYear=091&Helf=1&Sclass=SO&Cono=1122,2026-08-26T17:59:16+00:00
091-1-SO-1124-A-1-A,091,1,共同與通識課程,SO,通識社會科學類,1124,A,大學部,1,A,台灣史,2,選,60,62,,0,張勝柏,C01-104,"5,6",,,,,,,"[{""day"": 1, ""dayName"": ""星期一"", ""periods"": [""5"", ""6""], ""raw"": ""5,6""}]",,,https://course.nuk.edu.tw/QueryCourse/tcontent.asp?OpenYear=091&Helf=1&Sclass=SO&Cono=1124,2026-08-26T17:59:16+00:00
091-1-SO-1127-A-1-A,091,1,共同與通識課程,SO,通識社會科學類,1127,A,大學部,1,A,個人風險管理與保險規劃,2,選,60,46,,14,汪信君,B01-205,"7,8",,,,,,,"[{""day"": 1, ""dayName"": ""星期一"", ""periods"": [""7"", ""8""], ""raw"": ""7,8""}]",,,https://course.nuk.edu.tw/QueryCourse/tcontent.asp?OpenYear=091&Helf=1&Sclass=SO&Cono=1127,2026-08-26T17:59:16+00:00
091-1-EE-1042-A-1-A,091,1,工學院,EE,電機工程學系,1042,A,大學部,1,A,數位邏輯,3,必,60,52,,8,黃國勝,B01-203,"2,3, 4",,,,,,,"[{""day"": 1, ""dayName"": ""星期一"", ""periods"": [""2"", ""3"", ""4""], ""raw"": ""2,3, 4""}]",,,https://course.nuk.edu.tw/QueryCourse/tcontent.asp?OpenYear=091&Helf=1&Sclass=EE&Cono=1042,2026-08-26T17:59:16+00:00
091-1-EE-1212-A-1-A,091,1,工學院,EE,電機工程學系,1212,A,大學部,1,A,計算機概論,3,必,60,41,,19,吳志宏,B01-206,,,,"8,9, 10",,,,"[{""day"": 4, ""dayName"": ""星期四"", ""periods"": [""8"", ""9"", ""10""], ""raw"": ""8,9, 10""}]",,,https://course.nuk.edu.tw/QueryCourse/tcontent.asp?OpenYear=091&Helf=1&Sclass=EE&Cono=1212,2026-08-26T17:59:16+00:00
091-1-EE-2033-A-2-A,091,1,工學院,EE,電機工程學系,2033,A,大學部,2,A,工程數學(二)(微分方程),3,必,60,55,,5,藍文厚,C01-105,,,"2,3",6,,,,"[{""day"": 3, ""dayName"": ""星期三"", ""periods"": [""2"", ""3""], ""raw"": ""2,3""}, {""day"": 4, ""dayName"": ""星期四"", ""periods"": [""6""], ""raw"": ""6""}]",,,https://course.nuk.edu.tw/QueryCourse/tcontent.asp?OpenYear=091&Helf=1&Sclass=EE&Cono=2033,2026-08-26T17:59:16+00:00
091-1-EE-2061-A-2-A,091,1,工學院,EE,電機工程學系,2061,A,大學部,2,A,計算機組織,3,必,60,56,,4,洪進華,C01-105,,,,,"5,6, 7",,,"[{""day"": 5, ""dayName"": ""星期五"", ""periods"": [""5"", ""6"", ""7""], ""raw"": ""5,6, 7""}]",,,https://course.nuk.edu.tw/QueryCourse/tcontent.asp?OpenYear=091&Helf=1&Sclass=EE&Cono=2061,2026-08-26T17:59:16+00:00
091-1-EE-2501-A-2-A,091,1,工學院,EE,電機工程學系,2501,A,大學部,2,A,物件導向程式設計,3,選,60,36,,24,洪宗貝,C01-105,,4,,"3,4",,,,"[{""day"": 2, ""dayName"": ""星期二"", ""periods"": [""4""], ""raw"": ""4""}, {""day"": 4, ""dayName"": ""星期四"", ""periods"": [""3"", ""4""], ""raw"": ""3,4""}]",,,https://course.nuk.edu.tw/QueryCourse/tcontent.asp?OpenYear=091&Helf=1&Sclass=EE&Cono=2501,2026-08-26T17:59:16+00:00
091-1-EE-3011-A-3-A,091,1,工學院,EE,電機工程學系,3011,A,大學部,3,A,計算機組織,3,必,60,46,,14,洪進華,C01-408,,,"8,9, 10",,,,,"[{""day"": 3, ""dayName"": ""星期三"", ""periods"": [""8"", ""9"", ""10""], ""raw"": ""8,9, 10""}]",,,https://course.nuk.edu.tw/QueryCourse/tcontent.asp?OpenYear=091&Helf=1&Sclass=EE&Cono=3011,2026-08-26T17:59:16+00:00
091-1-EE-3021-A-3-A,091,1,工學院,EE,電機工程學系,3021,A,大學部,3,A,電子學(三),3,必,60,46,,14,葉文冠,C01-106,,,"2,3, 4",,,,,"[{""day"": 3, ""dayName"": ""星期三"", ""periods"": [""2"", ""3"", ""4""], ""raw"": ""2,3, 4""}]",,,https://course.nuk.edu.tw/QueryCourse/tcontent.asp?OpenYear=091&Helf=1&Sclass=EE&Cono=3021,2026-08-26T17:59:16+00:00
091-1-EE-3031-A-3-A,091,1,工學院,EE,電機工程學系,3031,A,大學部,3,A,數位系統實驗,1,選,60,40,,20,潘欣泰,C01-201,"2,3, 4",,,,,,,"[{""day"": 1, ""dayName"": ""星期一"", ""periods"": [""2"", ""3"", ""4""], ""raw"": ""2,3, 4""}]",,,https://course.nuk.edu.tw/QueryCourse/tcontent.asp?OpenYear=091&Helf=1&Sclass=EE&Cono=3031,2026-08-26T17:59:16+00:00
091-1-EE-3041-A-3-A,091,1,工學院,EE,電機工程學系,3041,A,大學部,3,A,工程數學(三)(複變函數),3,必,60,46,,14,徐忠枝,C01-106,,"3,4",,3,,,,"[{""day"": 2, ""dayName"": ""星期二"", ""periods"": [""3"", ""4""], ""raw"": ""3,4""}, {""day"": 4, ""dayName"": ""星期四"", ""periods"": [""3""], ""raw"": ""3""}]",,,https://course.nuk.edu.tw/QueryCourse/tcontent.asp?OpenYear=091&Helf=1&Sclass=EE&Cono=3041,2026-08-26T17:59:16+00:00
091-1-EE-3501-A-3-A,091,1,工學院,EE,電機工程學系,3501,A,大學部,3,A,近代物理導論,3,選,60,37,,23,藍文厚,C01-106,,,,"2,8, 9",,,,"[{""day"": 4, ""dayName"": ""星期四"", ""periods"": [""2"", ""8"", ""9""], ""raw"": ""2,8, 9""}]",,,https://course.nuk.edu.tw/QueryCourse/tcontent.asp?OpenYear=091&Helf=1&Sclass=EE&Cono=3501,2026-08-26T17:59:16+00:00
091-1-EE-3521-A-3-A,091,1,工學院,EE,電機工程學系,3521,A,大學部,3,A,資料庫,3,選,60,9,,51,洪宗貝,C01-106,,7,,,"6,7",,,"[{""day"": 2, ""dayName"": ""星期二"", ""periods"": [""7""], ""raw"": ""7""}, {""day"": 5, ""dayName"": ""星期五"", ""periods"": [""6"", ""7""], ""raw"": ""6,7""}]",,,https://course.nuk.edu.tw/QueryCourse/tcontent.asp?OpenYear=091&Helf=1&Sclass=EE&Cono=3521,2026-08-26T17:59:16+00:00
091-1-EE-3531-A-3-A,091,1,工學院,EE,電機工程學系,3531,A,大學部,3,A,通訊原理,3,選,60,35,,25,徐忠枝,C01-106,,,,4,"3,4",,,"[{""day"": 4, ""dayName"": ""星期四"", ""periods"": [""4""], ""raw"": ""4""}, {""day"": 5, ""dayName"": ""星期五"", ""periods"": [""3"", ""4""], ""raw"": ""3,4""}]",,,https://course.nuk.edu.tw/QueryCourse/tcontent.asp?OpenYear=091&Helf=1&Sclass=EE&Cono=3531,2026-08-26T17:59:16+00:00
091-1-EE-3541-A-3-A,091,1,工學院,EE,電機工程學系,3541,A,大學部,3,A,電磁波,3,選,60,19,,41,施明昌,C01-106,,,5,"6,7",,,,"[{""day"": 3, ""dayName"": ""星期三"", ""periods"": [""5""], ""raw"": ""5""}, {""day"": 4, ""dayName"": ""星期四"", ""periods"": [""6"", ""7""], ""raw"": ""6,7""}]",,,https://course.nuk.edu.tw/QueryCourse/tcontent.asp?OpenYear=091&Helf=1&Sclass=EE&Cono=3541,2026-08-26T17:59:16+00:00
091-1-UA-5001-M-1-,091,1,工學院,UA,都市發展與建築研究所,5001,M,碩士班,1,,環境規劃設計實習 (三A),4,必,15,7,,8,黃世孟,C01-406,,,"5,6, 7,8, 9,10",,,,,"[{""day"": 3, ""dayName"": ""星期三"", ""periods"": [""5"", ""6"", ""7"", ""8"", ""9"", ""10""], ""raw"": ""5,6, 7,8, 9,10""}]",,與UA-5002二選一,https://course.nuk.edu.tw/QueryCourse/tcontent.asp?OpenYear=091&Helf=1&Sclass=UA&Cono=5001,2026-08-26T17:59:16+00:00
091-1-UA-5002-M-1-,091,1,工學院,UA,都市發展與建築研究所,5002,M,碩士班,1,,環境規劃設計實習 (三B),4,必,15,7,,8,曾梓峰,C01-407,,,"5,6, 7,8, 9,10",,,,,"[{""day"": 3, ""dayName"": ""星期三"", ""periods"": [""5"", ""6"", ""7"", ""8"", ""9"", ""10""], ""raw"": ""5,6, 7,8, 9,10""}]",,與UA-5001二選一,https://course.nuk.edu.tw/QueryCourse/tcontent.asp?OpenYear=091&Helf=1&Sclass=UA&Cono=5002,2026-08-26T17:59:16+00:00
091-1-UA-5510-M-1-,091,1,工學院,UA,都市發展與建築研究所,5510,M,碩士班,1,,校園規劃與學校建築,3,選,15,8,,7,黃世孟,C01-406,,,,"2,3, 4",,,,"[{""day"": 4, ""dayName"": ""星期四"", ""periods"": [""2"", ""3"", ""4""], ""raw"": ""2,3, 4""}]",,,https://course.nuk.edu.tw/QueryCourse/tcontent.asp?OpenYear=091&Helf=1&Sclass=UA&Cono=5510,2026-08-26T17:59:16+00:00
091-1-UA-5520-M-1-,091,1,工學院,UA,都市發展與建築研究所,5520,M,碩士班,1,,城鄉變遷與社會發展,3,選,15,7,,8,曾梓峰,C01-406,,,,"6,7, 8",,,,"[{""day"": 4, ""dayName"": ""星期四"", ""periods"": [""6"", ""7"", ""8""], ""raw"": ""6,7, 8""}]",,,https://course.nuk.edu.tw/QueryCourse/tcontent.asp?OpenYear=091&Helf=1&Sclass=UA&Cono=5520,2026-08-26T17:59:16+00:00
091-1-UA-5530-M-1-,091,1,工學院,UA,都市發展與建築研究所,5530,M,碩士班,1,,建築環境與設備,3,選,15,8,,7,劉安平,C01-406,,,"2,3, 4",,,,,"[{""day"": 3, ""dayName"": ""星期三"", ""periods"": [""2"", ""3"", ""4""], ""raw"": ""2,3, 4""}]",,,https://course.nuk.edu.tw/QueryCourse/tcontent.asp?OpenYear=091&Helf=1&Sclass=UA&Cono=5530,2026-08-26T17:59:16+00:00
091-1-UA-5540-M-1-,091,1,工學院,UA,都市發展與建築研究所,5540,M,碩士班,1,,建築設計品質管理,3,選,15,7,,8,劉安平,C01-406,,"5,6, 7",,,,,,"[{""day"": 2, ""dayName"": ""星期二"", ""periods"": [""5"", ""6"", ""7""], ""raw"": ""5,6, 7""}]",,,https://course.nuk.edu.tw/QueryCourse/tcontent.asp?OpenYear=091&Helf=1&Sclass=UA&Cono=5540,2026-08-26T17:59:16+00:00
091-1-UA-5550-M-1-,091,1,工學院,UA,都市發展與建築研究所,5550,M,碩士班,1,,基地與環境規劃專題,3,選,15,7,,8,劉安平,C01-406,,"2,3, 4",,,,,,"[{""day"": 2, ""dayName"": ""星期二"", ""periods"": [""2"", ""3"", ""4""], ""raw"": ""2,3, 4""}]",,,https://course.nuk.edu.tw/QueryCourse/tcontent.asp?OpenYear=091&Helf=1&Sclass=UA&Cono=5550,2026-08-26T17:59:16+00:00
091-1-UA-5560-M-1-,091,1,工學院,UA,都市發展與建築研究所,5560,M,碩士班,1,,都市經濟學,3,選,15,6,,9,蔡宗秀,C02-101,"7,8, 9",,,,,,,"[{""day"": 1, ""dayName"": ""星期一"", ""periods"": [""7"", ""8"", ""9""], ""raw"": ""7,8, 9""}]",,與王鳳生老師合授(0學分),https://course.nuk.edu.tw/QueryCourse/tcontent.asp?OpenYear=091&Helf=1&Sclass=UA&Cono=5560,2026-08-26T17:59:16+00:00
091-1-ce-1011-A-1-A,091,1,工學院,ce,土木與環境工程學系,1011,A,大學部,1,A,工程統計學,3,必,60,46,,14,袁菁,B01-204,"1,2",,3,,,,,"[{""day"": 1, ""dayName"": ""星期一"", ""periods"": [""1"", ""2""], ""raw"": ""1,2""}, {""day"": 3, ""dayName"": ""星期三"", ""periods"": [""3""], ""raw"": ""3""}]",,,https://course.nuk.edu.tw/QueryCourse/tcontent.asp?OpenYear=091&Helf=1&Sclass=ce&Cono=1011,2026-08-26T17:59:16+00:00
091-1-ce-1021-A-1-A,091,1,工學院,ce,土木與環境工程學系,1021,A,大學部,1,A,土木與環境工程概論,3,必,60,42,,18,俞肇球,B01-204,,"5,6, 7",,,,,,"[{""day"": 2, ""dayName"": ""星期二"", ""periods"": [""5"", ""6"", ""7""], ""raw"": ""5,6, 7""}]",,與連興隆合授,https://course.nuk.edu.tw/QueryCourse/tcontent.asp?OpenYear=091&Helf=1&Sclass=ce&Cono=1021,2026-08-26T17:59:16+00:00
091-1-ce-1531-A-1-A,091,1,工學院,ce,土木與環境工程學系,1531,A,大學部,1,A,環境設計導論,3,選,60,32,,28,劉安平,B01-204,,,,"2,3, 4",,,,"[{""day"": 4, ""dayName"": ""星期四"", ""periods"": [""2"", ""3"", ""4""], ""raw"": ""2,3, 4""}]",,,https://course.nuk.edu.tw/QueryCourse/tcontent.asp?OpenYear=091&Helf=1&Sclass=ce&Cono=1531,2026-08-26T17:59:16+00:00
091-1-ce-1551-A-1-A,091,1,工學院,ce,土木與環境工程學系,1551,A,大學部,1,A,測量學及實習,3,選,60,19,,41,俞肇球,B01-204,,,,"5,6, 7,8, 9",,,,"[{""day"": 4, ""dayName"": ""星期四"", ""periods"": [""5"", ""6"", ""7"", ""8"", ""9""], ""raw"": ""5,6, 7,8, 9""}]",,,https://course.nuk.edu.tw/QueryCourse/tcontent.asp?OpenYear=091&Helf=1&Sclass=ce&Cono=1551,2026-08-26T17:59:16+00:00
091-1-ce-2011-A-2-A,091,1,工學院,ce,土木與環境工程學系,2011,A,大學部,2,A,工程數學(一),3,必,60,38,,22,廖文義,B01-205,,,1,"5,6",,,,"[{""day"": 3, ""dayName"": ""星期三"", ""periods"": [""1""], ""raw"": ""1""}, {""day"": 4, ""dayName"": ""星期四"", ""periods"": [""5"", ""6""], ""raw"": ""5,6""}]",,,https://course.nuk.edu.tw/QueryCourse/tcontent.asp?OpenYear=091&Helf=1&Sclass=ce&Cono=2011,2026-08-26T17:59:16+00:00
091-1-ce-2021-A-2-A,091,1,工學院,ce,土木與環境工程學系,2021,A,大學部,2,A,工程力學,3,必,60,40,,20,俞肇球,B01-205,,,,"1,2",1,,,"[{""day"": 4, ""dayName"": ""星期四"", ""periods"": [""1"", ""2""], ""raw"": ""1,2""}, {""day"": 5, ""dayName"": ""星期五"", ""periods"": [""1""], ""raw"": ""1""}]",,,https://course.nuk.edu.tw/QueryCourse/tcontent.asp?OpenYear=091&Helf=1&Sclass=ce&Cono=2021,2026-08-26T17:59:16+00:00
091-1-ce-2031-A-2-A,091,1,工學院,ce,土木與環境工程學系,2031,A,大學部,2,A,環境分析及實驗(一),2,必,60,40,,20,連興隆,B01-205,,,,,"6,7, 8,9",,,"[{""day"": 5, ""dayName"": ""星期五"", ""periods"": [""6"", ""7"", ""8"", ""9""], ""raw"": ""6,7, 8,9""}]",,,https://course.nuk.edu.tw/QueryCourse/tcontent.asp?OpenYear=091&Helf=1&Sclass=ce&Cono=2031,2026-08-26T17:59:16+00:00
091-1-ce-2041-A-2-A,091,1,工學院,ce,土木與環境工程學系,2041,A,大學部,2,A,工程材料,3,必,60,40,,20,廖文義,B01-205,,7,,"3,4",,,,"[{""day"": 2, ""dayName"": ""星期二"", ""periods"": [""7""], ""raw"": ""7""}, {""day"": 4, ""dayName"": ""星期四"", ""periods"": [""3"", ""4""], ""raw"": ""3,4""}]",,,https://course.nuk.edu.tw/QueryCourse/tcontent.asp?OpenYear=091&Helf=1&Sclass=ce&Cono=2041,2026-08-26T17:59:16+00:00
091-1-ce-2551-A-2-A,091,1,工學院,ce,土木與環境工程學系,2551,A,大學部,2,A,水處理工程,4,選,60,26,,34,連興隆,B01-205,,,"2,3","7,8",,,,"[{""day"": 3, ""dayName"": ""星期三"", ""periods"": [""2"", ""3""], ""raw"": ""2,3""}, {""day"": 4, ""dayName"": ""星期四"", ""periods"": [""7"", ""8""], ""raw"": ""7,8""}]",,,https://course.nuk.edu.tw/QueryCourse/tcontent.asp?OpenYear=091&Helf=1&Sclass=ce&Cono=2551,2026-08-26T17:59:16+00:00
091-1-ce-2561-A-2-A,091,1,工學院,ce,土木與環境工程學系,2561,A,大學部,2,A,動力學,3,選,60,22,,38,廖文義,B01-205,,"3,4",,9,,,,"[{""day"": 2, ""dayName"": ""星期二"", ""periods"": [""3"", ""4""], ""raw"": ""3,4""}, {""day"": 4, ""dayName"": ""星期四"", ""periods"": [""9""], ""raw"": ""9""}]",,,https://course.nuk.edu.tw/QueryCourse/tcontent.asp?OpenYear=091&Helf=1&Sclass=ce&Cono=2561,2026-08-26T17:59:16+00:00
091-1-ce-2571-A-2-A,091,1,工學院,ce,土木與環境工程學系,2571,A,大學部,2,A,水文學,3,選,60,34,,26,童士恒,B01-205,,"5,6",,,5,,,"[{""day"": 2, ""dayName"": ""星期二"", ""periods"": [""5"", ""6""], ""raw"": ""5,6""}, {""day"": 5, ""dayName"": ""星期五"", ""periods"": [""5""], ""raw"": ""5""}]",,,https://course.nuk.edu.tw/QueryCourse/tcontent.asp?OpenYear=091&Helf=1&Sclass=ce&Cono=2571,2026-08-26T17:59:16+00:00
091-1-ce-2581-A-2-A,091,1,工學院,ce,土木與環境工程學系,2581,A,大學部,2,A,地下水,3,選,60,15,,45,袁菁,B01-205,"3,4",,4,,,,,"[{""day"": 1, ""dayName"": ""星期一"", ""periods"": [""3"", ""4""], ""raw"": ""3,4""}, {""day"": 3, ""dayName"": ""星期三"", ""periods"": [""4""], ""raw"": ""4""}]",,,https://course.nuk.edu.tw/QueryCourse/tcontent.asp?OpenYear=091&Helf=1&Sclass=ce&Cono=2581,2026-08-26T17:59:16+00:00
091-1-ce-2591-A-2-A,091,1,工學院,ce,土木與環境工程學系,2591,A,大學部,2,A,計算機應用,3,選,60,15,,45,童士恒,C01-109,,,,,"2,3, 4",,,"[{""day"": 5, ""dayName"": ""星期五"", ""periods"": [""2"", ""3"", ""4""], ""raw"": ""2,3, 4""}]",,,https://course.nuk.edu.tw/QueryCourse/tcontent.asp?OpenYear=091&Helf=1&Sclass=ce&Cono=2591,2026-08-26T17:59:16+00:00
091-1-ee-1001-A-1-A,091,1,工學院,ee,電機工程學系,1001,A,大學部,1,A,計算機概論(一),3,必,59,52,,7,洪宗貝,B01-203,,6,,"6,7",,,,"[{""day"": 2, ""dayName"": ""星期二"", ""periods"": [""6""], ""raw"": ""6""}, {""day"": 4, ""dayName"": ""星期四"", ""periods"": [""6"", ""7""], ""raw"": ""6,7""}]",,四6四7於電腦教室B01-206上課,https://course.nuk.edu.tw/QueryCourse/tcontent.asp?OpenYear=091&Helf=1&Sclass=ee&Cono=1001,2026-08-26T17:59:16+00:00
091-1-ee-1002-A-1-A,091,1,工學院,ee,電機工程學系,1002,A,大學部,1,A,計算機概論(一),3,必,60,55,,5,王學亮,C01-108,"2,3, 4",,,,,,,"[{""day"": 1, ""dayName"": ""星期一"", ""periods"": [""2"", ""3"", ""4""], ""raw"": ""2,3, 4""}]",,,https://course.nuk.edu.tw/QueryCourse/tcontent.asp?OpenYear=091&Helf=1&Sclass=ee&Cono=1002,2026-08-26T17:59:16+00:00
091-1-ee-1011-A-1-A,091,1,工學院,ee,電機工程學系,1011,A,大學部,1,A,普通物理(一),3,必,120,90,,30,施明昌,C01-308,,,"1,2",5,,,,"[{""day"": 3, ""dayName"": ""星期三"", ""periods"": [""1"", ""2""], ""raw"": ""1,2""}, {""day"": 4, ""dayName"": ""星期四"", ""periods"": [""5""], ""raw"": ""5""}]",,與生科系合班,https://course.nuk.edu.tw/QueryCourse/tcontent.asp?OpenYear=091&Helf=1&Sclass=ee&Cono=1011,2026-08-26T17:59:16+00:00
091-1-ee-1021-A-1-A,091,1,工學院,ee,電機工程學系,1021,A,大學部,1,A,普通物理實驗(一),1,必,60,52,,8,施明昌,B01-B104,,,"10,11, 12",,,,,"[{""day"": 3, ""dayName"": ""星期三"", ""periods"": [""10"", ""11"", ""12""], ""raw"": ""10,11, 12""}]",,,https://course.nuk.edu.tw/QueryCourse/tcontent.asp?OpenYear=091&Helf=1&Sclass=ee&Cono=1021,2026-08-26T17:59:16+00:00
091-1-ee-1221-A-1-A,091,1,工學院,ee,電機工程學系,1221,A,大學部,1,A,資訊與網路運用,3,必,60,60,,0,洪進華,C01-109,,,,"5,6, 7",,,,"[{""day"": 4, ""dayName"": ""星期四"", ""periods"": [""5"", ""6"", ""7""], ""raw"": ""5,6, 7""}]",,,https://course.nuk.edu.tw/QueryCourse/tcontent.asp?OpenYear=091&Helf=1&Sclass=ee&Cono=1221,2026-08-26T17:59:16+00:00
091-1-ee-1311-A-1-A,091,1,工學院,ee,電機工程學系,1311,A,大學部,1,A,普通物理(一),3,必,45,41,,4,萬裕民,B01-202,,,,,"5,6, 7",,,"[{""day"": 5, ""dayName"": ""星期五"", ""periods"": [""5"", ""6"", ""7""], ""raw"": ""5,6, 7""}]",,,https://course.nuk.edu.tw/QueryCourse/tcontent.asp?OpenYear=091&Helf=1&Sclass=ee&Cono=1311,2026-08-26T17:59:16+00:00
091-1-ee-1312-A-1-A,091,1,工學院,ee,電機工程學系,1312,A,大學部,1,A,普通物理實驗(一),1,必,45,41,,4,藍文厚,C01-B104,,,"10,11, 12",,,,,"[{""day"": 3, ""dayName"": ""星期三"", ""periods"": [""10"", ""11"", ""12""], ""raw"": ""10,11, 12""}]",,,https://course.nuk.edu.tw/QueryCourse/tcontent.asp?OpenYear=091&Helf=1&Sclass=ee&Cono=1312,2026-08-26T17:59:16+00:00
091-1-ee-1351-A-1-A,091,1,工學院,ee,電機工程學系,1351,A,大學部,1,A,電腦與網路,2,必,60,46,,14,趙建雄,C01-109,,,,,"7,8",,,"[{""day"": 5, ""dayName"": ""星期五"", ""periods"": [""7"", ""8""], ""raw"": ""7,8""}]",,,https://course.nuk.edu.tw/QueryCourse/tcontent.asp?OpenYear=091&Helf=1&Sclass=ee&Cono=1351,2026-08-26T17:59:16+00:00
091-1-ee-1501-A-1-A,091,1,工學院,ee,電機工程學系,1501,A,大學部,1,A,普通化學(一),2,選,60,24,,36,侯敦仁,B01-203,,,,"3,4",,,,"[{""day"": 4, ""dayName"": ""星期四"", ""periods"": [""3"", ""4""], ""raw"": ""3,4""}]",,,https://course.nuk.edu.tw/QueryCourse/tcontent.asp?OpenYear=091&Helf=1&Sclass=ee&Cono=1501,2026-08-26T17:59:16+00:00
091-1-ee-1511-A-1-A,091,1,工學院,ee,電機工程學系,1511,A,大學部,1,A,資訊與網路運用,3,選,50,33,,17,洪進華,C01-109,,,,"8,9, 10",,,,"[{""day"": 4, ""dayName"": ""星期四"", ""periods"": [""8"", ""9"", ""10""], ""raw"": ""8,9, 10""}]",,,https://course.nuk.edu.tw/QueryCourse/tcontent.asp?OpenYear=091&Helf=1&Sclass=ee&Cono=1511,2026-08-26T17:59:16+00:00
091-1-ee-1521-A-1-A,091,1,工學院,ee,電機工程學系,1521,A,大學部,1,A,文書處理(電腦與網路),2,選,61,64,,0,趙建雄,C01-109,,,,,"5,6",,,"[{""day"": 5, ""dayName"": ""星期五"", ""periods"": [""5"", ""6""], ""raw"": ""5,6""}]",,,https://course.nuk.edu.tw/QueryCourse/tcontent.asp?OpenYear=091&Helf=1&Sclass=ee&Cono=1521,2026-08-26T17:59:16+00:00
091-1-ee-2001-A-2-A,091,1,工學院,ee,電機工程學系,2001,A,大學部,2,A,電路學(一),3,必,60,55,,5,徐忠枝,C01-105,"3,4",,,2,,,,"[{""day"": 1, ""dayName"": ""星期一"", ""periods"": [""3"", ""4""], ""raw"": ""3,4""}, {""day"": 4, ""dayName"": ""星期四"", ""periods"": [""2""], ""raw"": ""2""}]",,,https://course.nuk.edu.tw/QueryCourse/tcontent.asp?OpenYear=091&Helf=1&Sclass=ee&Cono=2001,2026-08-26T17:59:16+00:00
091-1-ee-2011-A-2-A,091,1,工學院,ee,電機工程學系,2011,A,大學部,2,A,電子學(一),3,必,60,58,,2,葉文冠,C01-105,,"5,6, 7",,,,,,"[{""day"": 2, ""dayName"": ""星期二"", ""periods"": [""5"", ""6"", ""7""], ""raw"": ""5,6, 7""}]",,,https://course.nuk.edu.tw/QueryCourse/tcontent.asp?OpenYear=091&Helf=1&Sclass=ee&Cono=2011,2026-08-26T17:59:16+00:00
091-1-ee-2041-A-2-A,091,1,工學院,ee,電機工程學系,2041,A,大學部,2,A,電子電路工程實驗(一),1,必,60,55,,5,葉文冠,C01-201,,,,"7,8, 9",,,,"[{""day"": 4, ""dayName"": ""星期四"", ""periods"": [""7"", ""8"", ""9""], ""raw"": ""7,8, 9""}]",,,https://course.nuk.edu.tw/QueryCourse/tcontent.asp?OpenYear=091&Helf=1&Sclass=ee&Cono=2041,2026-08-26T17:59:16+00:00
091-1-HL-1504-A-1-A,091,1,歷史開課單位,HL,HL,1504,A,大學部,1,A,傳統建築藝術欣賞,2,選,80,85,,0,王宏舉,B01-104,,,"8,9",,,,,"[{""day"": 3, ""dayName"": ""星期三"", ""periods"": [""8"", ""9""], ""raw"": ""8,9""}]",,,https://course.nuk.edu.tw/QueryCourse/tcontent.asp?OpenYear=091&Helf=1&Sclass=HL&Cono=1504,2026-08-26T17:59:16+00:00
091-1-HL-155C-A-1-A,091,1,歷史開課單位,HL,HL,155C,A,大學部,1,A,軍訓(一)(C),0,選,60,32,,28,江秀珍,B01-203,"6,7",,,,,,,"[{""day"": 1, ""dayName"": ""星期一"", ""periods"": [""6"", ""7""], ""raw"": ""6,7""}]",,,https://course.nuk.edu.tw/QueryCourse/tcontent.asp?OpenYear=091&Helf=1&Sclass=HL&Cono=155C,2026-08-26T17:59:16+00:00
091-1-HL-155D-A-1-A,091,1,歷史開課單位,HL,HL,155D,A,大學部,1,A,軍訓(一)(D),0,選,60,56,,4,江秀珍,B01-203,"8,9",,,,,,,"[{""day"": 1, ""dayName"": ""星期一"", ""periods"": [""8"", ""9""], ""raw"": ""8,9""}]",,,https://course.nuk.edu.tw/QueryCourse/tcontent.asp?OpenYear=091&Helf=1&Sclass=HL&Cono=155D,2026-08-26T17:59:16+00:00
091-1-HL-155E-A-1-A,091,1,歷史開課單位,HL,HL,155E,A,大學部,1,A,軍訓(一)(E),0,選,60,20,,40,顏允武,B01-201,,,"8,9",,,,,"[{""day"": 3, ""dayName"": ""星期三"", ""periods"": [""8"", ""9""], ""raw"": ""8,9""}]",,,https://course.nuk.edu.tw/QueryCourse/tcontent.asp?OpenYear=091&Helf=1&Sclass=HL&Cono=155E,2026-08-26T17:59:16+00:00
091-1-LW-1201-A-1-A,091,1,歷史開課單位,LW,LW,1201,A,大學部,1,A,法律與生活(A),2,選,120,106,,14,姜世明,C02-111,,,"6,7",,,,,"[{""day"": 3, ""dayName"": ""星期三"", ""periods"": [""6"", ""7""], ""raw"": ""6,7""}]",,法學系列課程不屬於法學院之通識課程，法學院學生修習本科目不列入通識學分，惟得列入畢業學分（91學年度新生適用）,https://course.nuk.edu.tw/QueryCourse/tcontent.asp?OpenYear=091&Helf=1&Sclass=LW&Cono=1201,2026-08-26T17:59:16+00:00
091-1-LW-1203-A-1-A,091,1,歷史開課單位,LW,LW,1203,A,大學部,1,A,犯罪與刑法,2,選,60,49,,11,薛泰成,C02-103,"6,7",,,,,,,"[{""day"": 1, ""dayName"": ""星期一"", ""periods"": [""6"", ""7""], ""raw"": ""6,7""}]",,法學系列課程不屬於法學院之通識課程，法學院學生修習本科目不列入通識學分，惟得列入畢業學分（91學年度新生適用）,https://course.nuk.edu.tw/QueryCourse/tcontent.asp?OpenYear=091&Helf=1&Sclass=LW&Cono=1203,2026-08-26T17:59:16+00:00
091-1-LW-1207-A-1-A,091,1,歷史開課單位,LW,LW,1207,A,大學部,1,A,法學概論,2,選,78,77,,1,黃國昌,C01-102,,,"8,9",,,,,"[{""day"": 3, ""dayName"": ""星期三"", ""periods"": [""8"", ""9""], ""raw"": ""8,9""}]",,法學系列課程不屬於法學院之通識課程，法學院學生修習本科目不列入通識學分，惟得列入畢業學分（91學年度新生適用）,https://course.nuk.edu.tw/QueryCourse/tcontent.asp?OpenYear=091&Helf=1&Sclass=LW&Cono=1207,2026-08-26T17:59:16+00:00
091-1-LW-1208-A-1-A,091,1,歷史開課單位,LW,LW,1208,A,大學部,1,A,法律資源探索,2,選,60,52,,8,江如圭,C01-103,,,"8,9",,,,,"[{""day"": 3, ""dayName"": ""星期三"", ""periods"": [""8"", ""9""], ""raw"": ""8,9""}]",,法學系列課程不屬於法學院之通識課程，法學院學生修習本科目不列入通識學分，惟得列入畢業學分（91學年度新生適用）,https://course.nuk.edu.tw/QueryCourse/tcontent.asp?OpenYear=091&Helf=1&Sclass=LW&Cono=1208,2026-08-26T17:59:16+00:00
091-1-LW-1209-A-1-A,091,1,歷史開課單位,LW,LW,1209,A,大學部,1,A,法律與生活(B),2,選,63,61,,2,曾千娟,C02-105,,,"6,7",,,,,"[{""day"": 3, ""dayName"": ""星期三"", ""periods"": [""6"", ""7""], ""raw"": ""6,7""}]",,法學系列課程不屬於法學院之通識課程，法學院學生修習本科目不列入通識學分，惟得列入畢業學分（91學年度新生適用）,https://course.nuk.edu.tw/QueryCourse/tcontent.asp?OpenYear=091&Helf=1&Sclass=LW&Cono=1209,2026-08-26T17:59:16+00:00
091-1-LW-1210-A-1-A,091,1,歷史開課單位,LW,LW,1210,A,大學部,1,A,民法與生活(一 ),2,選,60,53,,7,汪信君,B01-205,"5,6",,,,,,,"[{""day"": 1, ""dayName"": ""星期一"", ""periods"": [""5"", ""6""], ""raw"": ""5,6""}]",,法學系列課程不屬於法學院之通識課程，法學院學生修習本科目不列入通識學分，惟得列入畢業學分（91學年度新生適用）,https://course.nuk.edu.tw/QueryCourse/tcontent.asp?OpenYear=091&Helf=1&Sclass=LW&Cono=1210,2026-08-26T17:59:16+00:00
091-1-LW-1211-A-1-A,091,1,歷史開課單位,LW,LW,1211,A,大學部,1,A,民法與生活(一 ),2,選,60,22,,38,汪信君,B01-205,,,"5,6",,,,,"[{""day"": 3, ""dayName"": ""星期三"", ""periods"": [""5"", ""6""], ""raw"": ""5,6""}]",,法學系列課程不屬於法學院之通識課程，法學院學生修習本科目不列入通識學分，惟得列入畢業學分（91學年度新生適用）,https://course.nuk.edu.tw/QueryCourse/tcontent.asp?OpenYear=091&Helf=1&Sclass=LW&Cono=1211,2026-08-26T17:59:16+00:00
091-1-hl-1501-A-1-A,091,1,歷史開課單位,hl,hl,1501,A,大學部,1,A,音樂賞析(A),1,選,120,24,,96,柯慶姿,B01-110,,,7,,,,,"[{""day"": 3, ""dayName"": ""星期三"", ""periods"": [""7""], ""raw"": ""7""}]",,教室B01-演講廳,https://course.nuk.edu.tw/QueryCourse/tcontent.asp?OpenYear=091&Helf=1&Sclass=hl&Cono=1501,2026-08-26T17:59:16+00:00
091-1-hl-1502-A-1-A,091,1,歷史開課單位,hl,hl,1502,A,大學部,1,A,音樂賞析(B),1,選,120,78,,42,柯慶姿,B01-110,,,8,,,,,"[{""day"": 3, ""dayName"": ""星期三"", ""periods"": [""8""], ""raw"": ""8""}]",,教室B01-演講廳,https://course.nuk.edu.tw/QueryCourse/tcontent.asp?OpenYear=091&Helf=1&Sclass=hl&Cono=1502,2026-08-26T17:59:16+00:00
091-1-hl-153A-A-1-A,091,1,歷史開課單位,hl,hl,153A,A,大學部,1,A,運動與健康,2,選,150,190,,0,王光濤,C01-111,"6,7",,,,,,,"[{""day"": 1, ""dayName"": ""星期一"", ""periods"": [""6"", ""7""], ""raw"": ""6,7""}]",,,https://course.nuk.edu.tw/QueryCourse/tcontent.asp?OpenYear=091&Helf=1&Sclass=hl&Cono=153A,2026-08-26T17:59:16+00:00
091-1-hl-154A-A-1-A,091,1,歷史開課單位,hl,hl,154A,A,大學部,1,A,休閒與人類行為(A),2,選,75,70,,5,潘明珠,C02-102,"8,9",,,,,,,"[{""day"": 1, ""dayName"": ""星期一"", ""periods"": [""8"", ""9""], ""raw"": ""8,9""}]",,,https://course.nuk.edu.tw/QueryCourse/tcontent.asp?OpenYear=091&Helf=1&Sclass=hl&Cono=154A,2026-08-26T17:59:16+00:00
091-1-hl-155A-A-1-A,091,1,歷史開課單位,hl,hl,155A,A,大學部,1,A,軍訓(一)(A),0,選,60,20,,40,江秀珍,B01-103,,,"6,7",,,,,"[{""day"": 3, ""dayName"": ""星期三"", ""periods"": [""6"", ""7""], ""raw"": ""6,7""}]",,,https://course.nuk.edu.tw/QueryCourse/tcontent.asp?OpenYear=091&Helf=1&Sclass=hl&Cono=155A,2026-08-26T17:59:16+00:00
091-1-hl-155B-A-1-A,091,1,歷史開課單位,hl,hl,155B,A,大學部,1,A,軍訓(一)(B),0,選,60,40,,20,江秀珍,B01-103,,,"8,9",,,,,"[{""day"": 3, ""dayName"": ""星期三"", ""periods"": [""8"", ""9""], ""raw"": ""8,9""}]",,,https://course.nuk.edu.tw/QueryCourse/tcontent.asp?OpenYear=091&Helf=1&Sclass=hl&Cono=155B,2026-08-26T17:59:16+00:00
091-1-FL-2031-A-2-A,091,1,法學院,FL,財經法律學系,2031,A,大學部,2,A,民法債編總論(二),3,必,60,43,,17,姚志明,C01-104,"3,4",,,5,,,,"[{""day"": 1, ""dayName"": ""星期一"", ""periods"": [""3"", ""4""], ""raw"": ""3,4""}, {""day"": 4, ""dayName"": ""星期四"", ""periods"": [""5""], ""raw"": ""5""}]",,,https://course.nuk.edu.tw/QueryCourse/tcontent.asp?OpenYear=091&Helf=1&Sclass=FL&Cono=2031,2026-08-26T17:59:16+00:00
091-1-GL-1001-A-1-A,091,1,法學院,GL,政治法律學系,1001,A,大學部,1,A,政治學,3,必,60,49,,11,姚朝森,B01-105,,"5,6, 7",,,,,,"[{""day"": 2, ""dayName"": ""星期二"", ""periods"": [""5"", ""6"", ""7""], ""raw"": ""5,6, 7""}]",,,https://course.nuk.edu.tw/QueryCourse/tcontent.asp?OpenYear=091&Helf=1&Sclass=GL&Cono=1001,2026-08-26T17:59:16+00:00
091-1-GL-1031-A-1-A,091,1,法學院,GL,政治法律學系,1031,A,大學部,1,A,行政學,2,必,58,53,,5,廖義銘,B01-105,,,,"3,4",,,,"[{""day"": 4, ""dayName"": ""星期四"", ""periods"": [""3"", ""4""], ""raw"": ""3,4""}]",,,https://course.nuk.edu.tw/QueryCourse/tcontent.asp?OpenYear=091&Helf=1&Sclass=GL&Cono=1031,2026-08-26T17:59:16+00:00
091-1-GL-1081-A-1-A,091,1,法學院,GL,政治法律學系,1081,A,大學部,1,A,民法總則,4,必,120,99,,21,黃清溪,C01-111 其他教室,"3,4","3,4",,,,,,"[{""day"": 1, ""dayName"": ""星期一"", ""periods"": [""3"", ""4""], ""raw"": ""3,4""}, {""day"": 2, ""dayName"": ""星期二"", ""periods"": [""3"", ""4""], ""raw"": ""3,4""}]",,與財法系一合班，二3.4於c02-111教室上課,https://course.nuk.edu.tw/QueryCourse/tcontent.asp?OpenYear=091&Helf=1&Sclass=GL&Cono=1081,2026-08-26T17:59:16+00:00
091-1-GL-1091-A-1-A,091,1,法學院,GL,政治法律學系,1091,A,大學部,1,A,刑法總則,2,必,58,50,,8,鄭昆山,B01-105,,,,,"6,7",,,"[{""day"": 5, ""dayName"": ""星期五"", ""periods"": [""6"", ""7""], ""raw"": ""6,7""}]",,,https://course.nuk.edu.tw/QueryCourse/tcontent.asp?OpenYear=091&Helf=1&Sclass=GL&Cono=1091,2026-08-26T17:59:16+00:00
091-1-GL-1110-A-1-A,091,1,法學院,GL,政治法律學系,1110,A,大學部,1,A,憲法,2,必,60,47,,13,高聖惕,B01-105,,,,"1,2",,,,"[{""day"": 4, ""dayName"": ""星期四"", ""periods"": [""1"", ""2""], ""raw"": ""1,2""}]",,,https://course.nuk.edu.tw/QueryCourse/tcontent.asp?OpenYear=091&Helf=1&Sclass=GL&Cono=1110,2026-08-26T17:59:16+00:00
091-1-GL-1401-A-1-A,091,1,法學院,GL,政治法律學系,1401,A,大學部,1,A,政治學,2,必,60,40,,20,姚朝森,B01-104,,"3,4",,,,,,"[{""day"": 2, ""dayName"": ""星期二"", ""periods"": [""3"", ""4""], ""raw"": ""3,4""}]",,經濟學、政治學、社會學等三門課程請本系學生選二門修讀,https://course.nuk.edu.tw/QueryCourse/tcontent.asp?OpenYear=091&Helf=1&Sclass=GL&Cono=1401,2026-08-26T17:59:16+00:00
091-1-GL-1501-A-1-A,091,1,法學院,GL,政治法律學系,1501,A,大學部,1,A,美國憲法與政治制度,2,選,60,16,,44,高聖惕,B01-105,,,"3,4",,,,,"[{""day"": 3, ""dayName"": ""星期三"", ""periods"": [""3"", ""4""], ""raw"": ""3,4""}]",,,https://course.nuk.edu.tw/QueryCourse/tcontent.asp?OpenYear=091&Helf=1&Sclass=GL&Cono=1501,2026-08-26T17:59:16+00:00
091-1-GL-2001-A-2-A,091,1,法學院,GL,政治法律學系,2001,A,大學部,2,A,行政法總論,2,必,60,48,,12,李俊增,C01-411,,"5,6",,,,,,"[{""day"": 2, ""dayName"": ""星期二"", ""periods"": [""5"", ""6""], ""raw"": ""5,6""}]",,,https://course.nuk.edu.tw/QueryCourse/tcontent.asp?OpenYear=091&Helf=1&Sclass=GL&Cono=2001,2026-08-26T17:59:16+00:00
091-1-GL-2011-A-2-A,091,1,法學院,GL,政治法律學系,2011,A,大學部,2,A,比較政府,2,必,60,31,,29,陳文生,C01-411,,"3,4",,,,,,"[{""day"": 2, ""dayName"": ""星期二"", ""periods"": [""3"", ""4""], ""raw"": ""3,4""}]",,與GL-2081選一門,https://course.nuk.edu.tw/QueryCourse/tcontent.asp?OpenYear=091&Helf=1&Sclass=GL&Cono=2011,2026-08-26T17:59:16+00:00
091-1-GL-2021-A-2-A,091,1,法學院,GL,政治法律學系,2021,A,大學部,2,A,公共政策,2,必,60,53,,7,楊鈞池,C01-411,,,"3,4",,,,,"[{""day"": 3, ""dayName"": ""星期三"", ""periods"": [""3"", ""4""], ""raw"": ""3,4""}]",,,https://course.nuk.edu.tw/QueryCourse/tcontent.asp?OpenYear=091&Helf=1&Sclass=GL&Cono=2021,2026-08-26T17:59:16+00:00
091-1-GL-2041-A-2-A,091,1,法學院,GL,政治法律學系,2041,A,大學部,2,A,民法債篇,2,必,60,50,,10,黃清溪,C01-411,,"1,2",,,,,,"[{""day"": 2, ""dayName"": ""星期二"", ""periods"": [""1"", ""2""], ""raw"": ""1,2""}]",,,https://course.nuk.edu.tw/QueryCourse/tcontent.asp?OpenYear=091&Helf=1&Sclass=GL&Cono=2041,2026-08-26T17:59:16+00:00
091-1-GL-2051-A-2-A,091,1,法學院,GL,政治法律學系,2051,A,大學部,2,A,民法物權,2,必,60,50,,10,曾千娟,C01-411,"3,4",,,,,,,"[{""day"": 1, ""dayName"": ""星期一"", ""periods"": [""3"", ""4""], ""raw"": ""3,4""}]",,,https://course.nuk.edu.tw/QueryCourse/tcontent.asp?OpenYear=091&Helf=1&Sclass=GL&Cono=2051,2026-08-26T17:59:16+00:00
091-1-GL-2071-A-2-A,091,1,法學院,GL,政治法律學系,2071,A,大學部,2,A,當代政治哲學,2,必,60,42,,18,李俊增,C01-411,,"10,11",,,,,,"[{""day"": 2, ""dayName"": ""星期二"", ""periods"": [""10"", ""11""], ""raw"": ""10,11""}]",,與當代法律哲學二選一,https://course.nuk.edu.tw/QueryCourse/tcontent.asp?OpenYear=091&Helf=1&Sclass=GL&Cono=2071,2026-08-26T17:59:16+00:00
091-1-GL-2081-A-2-A,091,1,法學院,GL,政治法律學系,2081,A,大學部,2,A,比較政治理論,2,必,60,22,,38,廖光生,C01-411,,,,"8,9",,,,"[{""day"": 4, ""dayName"": ""星期四"", ""periods"": [""8"", ""9""], ""raw"": ""8,9""}]",,與GL-2011選一門,https://course.nuk.edu.tw/QueryCourse/tcontent.asp?OpenYear=091&Helf=1&Sclass=GL&Cono=2081,2026-08-26T17:59:16+00:00
091-1-GL-2501-A-2-A,091,1,法學院,GL,政治法律學系,2501,A,大學部,2,A,西洋政治思想史,2,選,60,18,,42,姚朝森,C01-411,,,,"3,4",,,,"[{""day"": 4, ""dayName"": ""星期四"", ""periods"": [""3"", ""4""], ""raw"": ""3,4""}]",,,https://course.nuk.edu.tw/QueryCourse/tcontent.asp?OpenYear=091&Helf=1&Sclass=GL&Cono=2501,2026-08-26T17:59:16+00:00
091-1-GL-2571-A-2-A,091,1,法學院,GL,政治法律學系,2571,A,大學部,2,A,國際法案例研究,2,選,60,4,,56,高聖惕,,,,,,,,,[],,地點：理工一地下室實習法庭，英語授課。,https://course.nuk.edu.tw/QueryCourse/tcontent.asp?OpenYear=091&Helf=1&Sclass=GL&Cono=2571,2026-08-26T17:59:16+00:00
091-1-GL-3001-A-3-A,091,1,法學院,GL,政治法律學系,3001,A,大學部,3,A,政黨論,2,必,60,46,,14,陳文生,C01-410,,,"3,4",,,,,"[{""day"": 3, ""dayName"": ""星期三"", ""periods"": [""3"", ""4""], ""raw"": ""3,4""}]",,,https://course.nuk.edu.tw/QueryCourse/tcontent.asp?OpenYear=091&Helf=1&Sclass=GL&Cono=3001,2026-08-26T17:59:16+00:00
091-1-GL-3011-A-3-A,091,1,法學院,GL,政治法律學系,3011,A,大學部,3,A,立法論,2,必,60,46,,14,廖義銘,C01-410,,,"7,8",,,,,"[{""day"": 3, ""dayName"": ""星期三"", ""periods"": [""7"", ""8""], ""raw"": ""7,8""}]",,,https://course.nuk.edu.tw/QueryCourse/tcontent.asp?OpenYear=091&Helf=1&Sclass=GL&Cono=3011,2026-08-26T17:59:16+00:00
091-1-GL-3021-A-3-A,091,1,法學院,GL,政治法律學系,3021,A,大學部,3,A,行政法規及作業研究,2,必,60,45,,15,李俊增,C01-410,,,"5,6",,,,,"[{""day"": 3, ""dayName"": ""星期三"", ""periods"": [""5"", ""6""], ""raw"": ""5,6""}]",,,https://course.nuk.edu.tw/QueryCourse/tcontent.asp?OpenYear=091&Helf=1&Sclass=GL&Cono=3021,2026-08-26T17:59:16+00:00
091-1-GL-3031-A-3-A,091,1,法學院,GL,政治法律學系,3031,A,大學部,3,A,民事訴訟法,3,必,60,45,,15,姜世明,C01-412,,"5,6, 7",,,,,,"[{""day"": 2, ""dayName"": ""星期二"", ""periods"": [""5"", ""6"", ""7""], ""raw"": ""5,6, 7""}]",,,https://course.nuk.edu.tw/QueryCourse/tcontent.asp?OpenYear=091&Helf=1&Sclass=GL&Cono=3031,2026-08-26T17:59:16+00:00
091-1-GL-3051-A-3-A,091,1,法學院,GL,政治法律學系,3051,A,大學部,3,A,商事法,2,必,60,47,,13,周伯翰,C01-410,,,,"3,4",,,,"[{""day"": 4, ""dayName"": ""星期四"", ""periods"": [""3"", ""4""], ""raw"": ""3,4""}]",,,https://course.nuk.edu.tw/QueryCourse/tcontent.asp?OpenYear=091&Helf=1&Sclass=GL&Cono=3051,2026-08-26T17:59:16+00:00
091-1-GL-3501-A-3-A,091,1,法學院,GL,政治法律學系,3501,A,大學部,3,A,憲法訴訟法,2,選,60,14,,46,楊子慧,C01-410,"3,4",,,,,,,"[{""day"": 1, ""dayName"": ""星期一"", ""periods"": [""3"", ""4""], ""raw"": ""3,4""}]",,,https://course.nuk.edu.tw/QueryCourse/tcontent.asp?OpenYear=091&Helf=1&Sclass=GL&Cono=3501,2026-08-26T17:59:16+00:00
091-1-GL-3511-A-3-A,091,1,法學院,GL,政治法律學系,3511,A,大學部,3,A,中國政治思想史,2,選,60,19,,41,楊鈞池,C01-410,,,,"5,6",,,,"[{""day"": 4, ""dayName"": ""星期四"", ""periods"": [""5"", ""6""], ""raw"": ""5,6""}]",,,https://course.nuk.edu.tw/QueryCourse/tcontent.asp?OpenYear=091&Helf=1&Sclass=GL&Cono=3511,2026-08-26T17:59:16+00:00
091-1-GL-3521-A-3-A,091,1,法學院,GL,政治法律學系,3521,A,大學部,3,A,公法專題研究,2,選,60,16,,44,詹鎮榮,C01-410,,,,,"5,6",,,"[{""day"": 5, ""dayName"": ""星期五"", ""periods"": [""5"", ""6""], ""raw"": ""5,6""}]",,,https://course.nuk.edu.tw/QueryCourse/tcontent.asp?OpenYear=091&Helf=1&Sclass=GL&Cono=3521,2026-08-26T17:59:16+00:00
091-1-GL-111N-F-1-,091,1,法學院,GL,政治法律學系,111N,F,大學部二年制在職專班,1,,憲法(一),2,必,60,36,,24,李俊增,C01-104,"12,13",,,,,,,"[{""day"": 1, ""dayName"": ""星期一"", ""periods"": [""12"", ""13""], ""raw"": ""12,13""}]",,,https://course.nuk.edu.tw/QueryCourse/tcontent.asp?OpenYear=091&Helf=1&Sclass=GL&Cono=111N,2026-08-26T17:59:16+00:00
091-1-GL-112N-F-1-,091,1,法學院,GL,政治法律學系,112N,F,大學部二年制在職專班,1,,政治學(一),2,必,60,37,,23,蔣麗君,C01-104,"10,11",,,,,,,"[{""day"": 1, ""dayName"": ""星期一"", ""periods"": [""10"", ""11""], ""raw"": ""10,11""}]",,,https://course.nuk.edu.tw/QueryCourse/tcontent.asp?OpenYear=091&Helf=1&Sclass=GL&Cono=112N,2026-08-26T17:59:16+00:00
091-1-GL-113N-F-1-,091,1,法學院,GL,政治法律學系,113N,F,大學部二年制在職專班,1,,行政學(一),2,必,60,33,,27,廖義銘,C01-104,,,,"10,11",,,,"[{""day"": 4, ""dayName"": ""星期四"", ""periods"": [""10"", ""11""], ""raw"": ""10,11""}]",,,https://course.nuk.edu.tw/QueryCourse/tcontent.asp?OpenYear=091&Helf=1&Sclass=GL&Cono=113N,2026-08-26T17:59:16+00:00
091-1-GL-114N-F-1-,091,1,法學院,GL,政治法律學系,114N,F,大學部二年制在職專班,1,,法學緒論,2,必,60,45,,15,李俊增,C01-104,,,"12,13",,,,,"[{""day"": 3, ""dayName"": ""星期三"", ""periods"": [""12"", ""13""], ""raw"": ""12,13""}]",,,https://course.nuk.edu.tw/QueryCourse/tcontent.asp?OpenYear=091&Helf=1&Sclass=GL&Cono=114N,2026-08-26T17:59:16+00:00
091-1-GL-150N-F-1-,091,1,法學院,GL,政治法律學系,150N,F,大學部二年制在職專班,1,,國際政治與現勢,2,選,75,62,,13,陳文生,C01-104,,,"10,11",,,,,"[{""day"": 3, ""dayName"": ""星期三"", ""periods"": [""10"", ""11""], ""raw"": ""10,11""}]",,,https://course.nuk.edu.tw/QueryCourse/tcontent.asp?OpenYear=091&Helf=1&Sclass=GL&Cono=150N,2026-08-26T17:59:16+00:00
091-1-GL-211N-F-2-,091,1,法學院,GL,政治法律學系,211N,F,大學部二年制在職專班,2,,民法債編(一),2,必,60,36,,24,周伯翰,C01-101,"10,11",,,,,,,"[{""day"": 1, ""dayName"": ""星期一"", ""periods"": [""10"", ""11""], ""raw"": ""10,11""}]",,,https://course.nuk.edu.tw/QueryCourse/tcontent.asp?OpenYear=091&Helf=1&Sclass=GL&Cono=211N,2026-08-26T17:59:16+00:00
091-1-GL-214N-F-2-,091,1,法學院,GL,政治法律學系,214N,F,大學部二年制在職專班,2,,行政法總論(一),2,必,60,34,,26,詹鎮榮,C01-101,,,,"10,11",,,,"[{""day"": 4, ""dayName"": ""星期四"", ""periods"": [""10"", ""11""], ""raw"": ""10,11""}]",,,https://course.nuk.edu.tw/QueryCourse/tcontent.asp?OpenYear=091&Helf=1&Sclass=GL&Cono=214N,2026-08-26T17:59:16+00:00
091-1-GL-215N-F-2-,091,1,法學院,GL,政治法律學系,215N,F,大學部二年制在職專班,2,,民法物權(一),2,必,60,36,,24,曾千娟,C01-101,,,"10,11",,,,,"[{""day"": 3, ""dayName"": ""星期三"", ""periods"": [""10"", ""11""], ""raw"": ""10,11""}]",,,https://course.nuk.edu.tw/QueryCourse/tcontent.asp?OpenYear=091&Helf=1&Sclass=GL&Cono=215N,2026-08-26T17:59:16+00:00
091-1-GL-217N-F-2-,091,1,法學院,GL,政治法律學系,217N,F,大學部二年制在職專班,2,,公共政策,2,必,60,28,,32,楊鈞池,C01-101,,"10,11",,,,,,"[{""day"": 2, ""dayName"": ""星期二"", ""periods"": [""10"", ""11""], ""raw"": ""10,11""}]",,,https://course.nuk.edu.tw/QueryCourse/tcontent.asp?OpenYear=091&Helf=1&Sclass=GL&Cono=217N,2026-08-26T17:59:16+00:00
091-1-GL-250N-F-2-,091,1,法學院,GL,政治法律學系,250N,F,大學部二年制在職專班,2,,日本政府與政治,2,選,60,18,,42,楊鈞池,C01-101,,,"12,13",,,,,"[{""day"": 3, ""dayName"": ""星期三"", ""periods"": [""12"", ""13""], ""raw"": ""12,13""}]",,,https://course.nuk.edu.tw/QueryCourse/tcontent.asp?OpenYear=091&Helf=1&Sclass=GL&Cono=250N,2026-08-26T17:59:16+00:00
091-1-GL-251N-F-2-,091,1,法學院,GL,政治法律學系,251N,F,大學部二年制在職專班,2,,法律政策學,2,選,60,26,,34,廖義銘,C01-101,,,,"12,13",,,,"[{""day"": 4, ""dayName"": ""星期四"", ""periods"": [""12"", ""13""], ""raw"": ""12,13""}]",,,https://course.nuk.edu.tw/QueryCourse/tcontent.asp?OpenYear=091&Helf=1&Sclass=GL&Cono=251N,2026-08-26T17:59:16+00:00
091-1-LA-2031-A-2-A,091,1,法學院,LA,法律學系,2031,A,大學部,2,A,行政法(二),3,必,60,53,,7,紀振清,C01-408,,,,"5,6, 9",,,,"[{""day"": 4, ""dayName"": ""星期四"", ""periods"": [""5"", ""6"", ""9""], ""raw"": ""5,6, 9""}]",,,https://course.nuk.edu.tw/QueryCourse/tcontent.asp?OpenYear=091&Helf=1&Sclass=LA&Cono=2031,2026-08-26T17:59:16+00:00
091-1-LA-2531-A-2-A,091,1,法學院,LA,法律學系,2531,A,大學部,2,A,中國大陸法制概論,2,選,60,51,,9,王泰銓,C01-408,,,"3,4",,,,,"[{""day"": 3, ""dayName"": ""星期三"", ""periods"": [""3"", ""4""], ""raw"": ""3,4""}]",,,https://course.nuk.edu.tw/QueryCourse/tcontent.asp?OpenYear=091&Helf=1&Sclass=LA&Cono=2531,2026-08-26T17:59:16+00:00
091-1-LA-2541-A-2-A,091,1,法學院,LA,法律學系,2541,A,大學部,2,A,租稅法,2,選,120,56,,64,黃俊杰,C02-111,,,,"7,8",,,,"[{""day"": 4, ""dayName"": ""星期四"", ""periods"": [""7"", ""8""], ""raw"": ""7,8""}]",,與法律系在職班二合班,https://course.nuk.edu.tw/QueryCourse/tcontent.asp?OpenYear=091&Helf=1&Sclass=LA&Cono=2541,2026-08-26T17:59:16+00:00
091-1-LA-3001-A-3-A,091,1,法學院,LA,法律學系,3001,A,大學部,3,A,刑法分則(二),2,必,60,58,,2,黃常仁,C01-409,,,"3,4",,,,,"[{""day"": 3, ""dayName"": ""星期三"", ""periods"": [""3"", ""4""], ""raw"": ""3,4""}]",,,https://course.nuk.edu.tw/QueryCourse/tcontent.asp?OpenYear=091&Helf=1&Sclass=LA&Cono=3001,2026-08-26T17:59:16+00:00
091-1-LA-3011-A-3-A,091,1,法學院,LA,法律學系,3011,A,大學部,3,A,支付與信用工具法(票據法),3,必,90,61,,29,王仁宏,C01-410,,,,"7,8, 9",,,,"[{""day"": 4, ""dayName"": ""星期四"", ""periods"": [""7"", ""8"", ""9""], ""raw"": ""7,8, 9""}]",,亦開放給財法系學生修讀,https://course.nuk.edu.tw/QueryCourse/tcontent.asp?OpenYear=091&Helf=1&Sclass=LA&Cono=3011,2026-08-26T17:59:16+00:00
091-1-LA-3021-A-3-A,091,1,法學院,LA,法律學系,3021,A,大學部,3,A,民事訴訟法(一),3,必,75,68,,7,許澍林,C01-409,,,"6,7, 8",,,,,"[{""day"": 3, ""dayName"": ""星期三"", ""periods"": [""6"", ""7"", ""8""], ""raw"": ""6,7, 8""}]",,,https://course.nuk.edu.tw/QueryCourse/tcontent.asp?OpenYear=091&Helf=1&Sclass=LA&Cono=3021,2026-08-26T17:59:16+00:00
091-1-LA-3031-A-3-A,091,1,法學院,LA,法律學系,3031,A,大學部,3,A,刑事訴訟法(一),3,必,120,102,,18,薛泰成,B01-110,,,,,"2,3, 4",,,"[{""day"": 5, ""dayName"": ""星期五"", ""periods"": [""2"", ""3"", ""4""], ""raw"": ""2,3, 4""}]",,與政法系三合班教室由B01-演講廳改至c02-406,https://course.nuk.edu.tw/QueryCourse/tcontent.asp?OpenYear=091&Helf=1&Sclass=LA&Cono=3031,2026-08-26T17:59:16+00:00
091-1-LA-3041-A-3-A,091,1,法學院,LA,法律學系,3041,A,大學部,3,A,保險法,2,必,60,58,,2,林一山,C01-409,"3,4",,,,,,,"[{""day"": 1, ""dayName"": ""星期一"", ""periods"": [""3"", ""4""], ""raw"": ""3,4""}]",,,https://course.nuk.edu.tw/QueryCourse/tcontent.asp?OpenYear=091&Helf=1&Sclass=LA&Cono=3041,2026-08-26T17:59:16+00:00
091-1-LA-3051-A-3-A,091,1,法學院,LA,法律學系,3051,A,大學部,3,A,行政訴訟法,2,必,60,50,,10,紀振清,C01-409,,"3,4",,,,,,"[{""day"": 2, ""dayName"": ""星期二"", ""periods"": [""3"", ""4""], ""raw"": ""3,4""}]",,,https://course.nuk.edu.tw/QueryCourse/tcontent.asp?OpenYear=091&Helf=1&Sclass=LA&Cono=3051,2026-08-26T17:59:16+00:00
091-1-LA-3551-A-3-A,091,1,法學院,LA,法律學系,3551,A,大學部,3,A,犯罪學,2,選,60,36,,24,薛泰成,C01-409,,,,"3,4",,,,"[{""day"": 4, ""dayName"": ""星期四"", ""periods"": [""3"", ""4""], ""raw"": ""3,4""}]",,,https://course.nuk.edu.tw/QueryCourse/tcontent.asp?OpenYear=091&Helf=1&Sclass=LA&Cono=3551,2026-08-26T17:59:16+00:00
091-1-LA-3552-A-3-A,091,1,法學院,LA,法律學系,3552,A,大學部,3,A,證券交易法,2,選,60,28,,32,姚志明,C01-409,,,,"1,2",,,,"[{""day"": 4, ""dayName"": ""星期四"", ""periods"": [""1"", ""2""], ""raw"": ""1,2""}]",,,https://course.nuk.edu.tw/QueryCourse/tcontent.asp?OpenYear=091&Helf=1&Sclass=LA&Cono=3552,2026-08-26T17:59:16+00:00
091-1-LA-3553-A-3-A,091,1,法學院,LA,法律學系,3553,A,大學部,3,A,土地法,2,選,60,51,,9,吳樹欉,C01-409,,,,,"6,7",,,"[{""day"": 5, ""dayName"": ""星期五"", ""periods"": [""6"", ""7""], ""raw"": ""6,7""}]",,,https://course.nuk.edu.tw/QueryCourse/tcontent.asp?OpenYear=091&Helf=1&Sclass=LA&Cono=3553,2026-08-26T17:59:16+00:00
091-1-LA-3554-A-3-A,091,1,法學院,LA,法律學系,3554,A,大學部,3,A,德國法制概論,2,選,60,16,,44,姜世明,C01-409,,,"1,2",,,,,"[{""day"": 3, ""dayName"": ""星期三"", ""periods"": [""1"", ""2""], ""raw"": ""1,2""}]",,,https://course.nuk.edu.tw/QueryCourse/tcontent.asp?OpenYear=091&Helf=1&Sclass=LA&Cono=3554,2026-08-26T17:59:16+00:00
091-1-LA-156N-F-1-,091,1,法學院,LA,法律學系,156N,F,大學部二年制在職專班,1,,當前兩岸法律問題分析,2,選,60,23,,37,王泰銓,C01-102,,,"10,11",,,,,"[{""day"": 3, ""dayName"": ""星期三"", ""periods"": [""10"", ""11""], ""raw"": ""10,11""}]",,,https://course.nuk.edu.tw/QueryCourse/tcontent.asp?OpenYear=091&Helf=1&Sclass=LA&Cono=156N,2026-08-26T17:59:16+00:00
091-1-LA-211N-F-2-,091,1,法學院,LA,法律學系,211N,F,大學部二年制在職專班,2,,民法債編總論(二),3,必,60,39,,21,姚志明,C01-103,,,"10,11, 12",,,,,"[{""day"": 3, ""dayName"": ""星期三"", ""periods"": [""10"", ""11"", ""12""], ""raw"": ""10,11, 12""}]",,,https://course.nuk.edu.tw/QueryCourse/tcontent.asp?OpenYear=091&Helf=1&Sclass=LA&Cono=211N,2026-08-26T17:59:16+00:00
091-1-LA-212N-F-2-,091,1,法學院,LA,法律學系,212N,F,大學部二年制在職專班,2,,民法物權(一),2,必,60,38,,22,姜世明,C01-103,,"10,11",,,,,,"[{""day"": 2, ""dayName"": ""星期二"", ""periods"": [""10"", ""11""], ""raw"": ""10,11""}]",,,https://course.nuk.edu.tw/QueryCourse/tcontent.asp?OpenYear=091&Helf=1&Sclass=LA&Cono=212N,2026-08-26T17:59:16+00:00
091-1-LA-213N-F-2-,091,1,法學院,LA,法律學系,213N,F,大學部二年制在職專班,2,,民法親屬,2,必,120,76,,44,郭振恭,C01-308,,"12,13",,,,,,"[{""day"": 2, ""dayName"": ""星期二"", ""periods"": [""12"", ""13""], ""raw"": ""12,13""}]",,與政法系二年制二合班,https://course.nuk.edu.tw/QueryCourse/tcontent.asp?OpenYear=091&Helf=1&Sclass=LA&Cono=213N,2026-08-26T17:59:16+00:00
091-1-LA-214N-F-2-,091,1,法學院,LA,法律學系,214N,F,大學部二年制在職專班,2,,刑法分則(一),2,必,120,68,,52,薛泰成,C01-308,"12,13",,,,,,,"[{""day"": 1, ""dayName"": ""星期一"", ""periods"": [""12"", ""13""], ""raw"": ""12,13""}]",,與政法系二年制二合班,https://course.nuk.edu.tw/QueryCourse/tcontent.asp?OpenYear=091&Helf=1&Sclass=LA&Cono=214N,2026-08-26T17:59:16+00:00
091-1-LA-251N-F-2-,091,1,法學院,LA,法律學系,251N,F,大學部二年制在職專班,2,,行政救濟法,2,選,60,29,,31,紀振清,C01-103,,,,"12,13",,,,"[{""day"": 4, ""dayName"": ""星期四"", ""periods"": [""12"", ""13""], ""raw"": ""12,13""}]",,,https://course.nuk.edu.tw/QueryCourse/tcontent.asp?OpenYear=091&Helf=1&Sclass=LA&Cono=251N,2026-08-26T17:59:16+00:00
091-1-LA-253N-F-2-,091,1,法學院,LA,法律學系,253N,F,大學部二年制在職專班,2,,國際貿易法,2,選,60,14,,46,黃國昌,C01-103,,,,"10,11",,,,"[{""day"": 4, ""dayName"": ""星期四"", ""periods"": [""10"", ""11""], ""raw"": ""10,11""}]",,英文課本上課,https://course.nuk.edu.tw/QueryCourse/tcontent.asp?OpenYear=091&Helf=1&Sclass=LA&Cono=253N,2026-08-26T17:59:16+00:00
091-1-fl-1011-A-1-A,091,1,法學院,fl,財經法律學系,1011,A,大學部,1,A,刑法總則(一),2,必,56,49,,7,薛泰成,B01-106,"1,2",,,,,,,"[{""day"": 1, ""dayName"": ""星期一"", ""periods"": [""1"", ""2""], ""raw"": ""1,2""}]",,,https://course.nuk.edu.tw/QueryCourse/tcontent.asp?OpenYear=091&Helf=1&Sclass=fl&Cono=1011,2026-08-26T17:59:16+00:00
091-1-fl-1021-A-1-A,091,1,法學院,fl,財經法律學系,1021,A,大學部,1,A,憲法(一),2,必,58,49,,9,詹鎮榮,B01-106,,,,"7,8",,,,"[{""day"": 4, ""dayName"": ""星期四"", ""periods"": [""7"", ""8""], ""raw"": ""7,8""}]",,,https://course.nuk.edu.tw/QueryCourse/tcontent.asp?OpenYear=091&Helf=1&Sclass=fl&Cono=1021,2026-08-26T17:59:16+00:00
091-1-fl-1511-A-1-A,091,1,法學院,fl,財經法律學系,1511,A,大學部,1,A,法學緒論(一),2,選,60,23,,37,江如圭,B01-106,,"6,7",,,,,,"[{""day"": 2, ""dayName"": ""星期二"", ""periods"": [""6"", ""7""], ""raw"": ""6,7""}]",,,https://course.nuk.edu.tw/QueryCourse/tcontent.asp?OpenYear=091&Helf=1&Sclass=fl&Cono=1511,2026-08-26T17:59:16+00:00
091-1-fl-1555-A-1-A,091,1,法學院,fl,財經法律學系,1555,A,大學部,1,A,心理學概論,2,選,100,113,,0,張永源,B01-106,,,,"1,2",,,,"[{""day"": 4, ""dayName"": ""星期四"", ""periods"": [""1"", ""2""], ""raw"": ""1,2""}]",,他系選修可視為通識,https://course.nuk.edu.tw/QueryCourse/tcontent.asp?OpenYear=091&Helf=1&Sclass=fl&Cono=1555,2026-08-26T17:59:16+00:00
091-1-fl-2011-A-2-A,091,1,法學院,fl,財經法律學系,2011,A,大學部,2,A,刑法分則(一),2,必,120,109,,11,黃常仁,C01-308,,,,"6,7",,,,"[{""day"": 4, ""dayName"": ""星期四"", ""periods"": [""6"", ""7""], ""raw"": ""6,7""}]",,與財法系合班教室B01-演講廳,https://course.nuk.edu.tw/QueryCourse/tcontent.asp?OpenYear=091&Helf=1&Sclass=fl&Cono=2011,2026-08-26T17:59:16+00:00
091-1-fl-2041-A-2-A,091,1,法學院,fl,財經法律學系,2041,A,大學部,2,A,民法物權(二),2,必,60,43,,17,姜世明,C01-104,,"2,3",,,,,,"[{""day"": 2, ""dayName"": ""星期二"", ""periods"": [""2"", ""3""], ""raw"": ""2,3""}]",,,https://course.nuk.edu.tw/QueryCourse/tcontent.asp?OpenYear=091&Helf=1&Sclass=fl&Cono=2041,2026-08-26T17:59:16+00:00
091-1-fl-2051-A-2-A,091,1,法學院,fl,財經法律學系,2051,A,大學部,2,A,行政法(二),2,必,60,45,,15,詹鎮榮,C01-104,,,,,"3,4",,,"[{""day"": 5, ""dayName"": ""星期五"", ""periods"": [""3"", ""4""], ""raw"": ""3,4""}]",,,https://course.nuk.edu.tw/QueryCourse/tcontent.asp?OpenYear=091&Helf=1&Sclass=fl&Cono=2051,2026-08-26T17:59:16+00:00
091-1-fl-2552-A-2-A,091,1,法學院,fl,財經法律學系,2552,A,大學部,2,A,英美法導論(一),2,選,60,15,,45,江如圭,C01-104,,,"3,4",,,,,"[{""day"": 3, ""dayName"": ""星期三"", ""periods"": [""3"", ""4""], ""raw"": ""3,4""}]",,,https://course.nuk.edu.tw/QueryCourse/tcontent.asp?OpenYear=091&Helf=1&Sclass=fl&Cono=2552,2026-08-26T17:59:16+00:00
091-1-fl-2553-A-2-A,091,1,法學院,fl,財經法律學系,2553,A,大學部,2,A,企業概論,2,選,60,31,,29,陳榮泰,C01-104,,"5,6",,,,,,"[{""day"": 2, ""dayName"": ""星期二"", ""periods"": [""5"", ""6""], ""raw"": ""5,6""}]",,,https://course.nuk.edu.tw/QueryCourse/tcontent.asp?OpenYear=091&Helf=1&Sclass=fl&Cono=2553,2026-08-26T17:59:16+00:00
091-1-fl-2554-A-2-A,091,1,法學院,fl,財經法律學系,2554,A,大學部,2,A,統計學,2,選,60,24,,36,李博志,C01-104,,,,"8,9",,,,"[{""day"": 4, ""dayName"": ""星期四"", ""periods"": [""8"", ""9""], ""raw"": ""8,9""}]",,,https://course.nuk.edu.tw/QueryCourse/tcontent.asp?OpenYear=091&Helf=1&Sclass=fl&Cono=2554,2026-08-26T17:59:16+00:00
091-1-fl-2555-A-2-A,091,1,法學院,fl,財經法律學系,2555,A,大學部,2,A,政治學,2,選,60,28,,32,陳文生,C01-104,,,,"3,4",,,,"[{""day"": 4, ""dayName"": ""星期四"", ""periods"": [""3"", ""4""], ""raw"": ""3,4""}]",,,https://course.nuk.edu.tw/QueryCourse/tcontent.asp?OpenYear=091&Helf=1&Sclass=fl&Cono=2555,2026-08-26T17:59:16+00:00
091-1-la-1001-A-1-A,091,1,法學院,la,法律學系,1001,A,大學部,1,A,憲法(一),2,必,60,55,,5,黃俊杰,B01-104,,,,"5,6",,,,"[{""day"": 4, ""dayName"": ""星期四"", ""periods"": [""5"", ""6""], ""raw"": ""5,6""}]",,,https://course.nuk.edu.tw/QueryCourse/tcontent.asp?OpenYear=091&Helf=1&Sclass=la&Cono=1001,2026-08-26T17:59:16+00:00
091-1-la-1011-A-1-A,091,1,法學院,la,法律學系,1011,A,大學部,1,A,民法總則,4,必,60,55,,5,郭振恭,B01-104,,,"1,2","7,8",,,,"[{""day"": 3, ""dayName"": ""星期三"", ""periods"": [""1"", ""2""], ""raw"": ""1,2""}, {""day"": 4, ""dayName"": ""星期四"", ""periods"": [""7"", ""8""], ""raw"": ""7,8""}]",,,https://course.nuk.edu.tw/QueryCourse/tcontent.asp?OpenYear=091&Helf=1&Sclass=la&Cono=1011,2026-08-26T17:59:16+00:00
091-1-la-1041-A-1-A,091,1,法學院,la,法律學系,1041,A,大學部,1,A,社會學,2,必,60,34,,26,曾梓峰,B01-104,,"1,2",,,,,,"[{""day"": 2, ""dayName"": ""星期二"", ""periods"": [""1"", ""2""], ""raw"": ""1,2""}]",,經濟學、政治學、社會學等三門課程請本系學生選二門修讀,https://course.nuk.edu.tw/QueryCourse/tcontent.asp?OpenYear=091&Helf=1&Sclass=la&Cono=1041,2026-08-26T17:59:16+00:00
091-1-la-1502-A-1-A,091,1,法學院,la,法律學系,1502,A,大學部,1,A,法學緒論,2,選,80,68,,12,黃國昌,B01-104,,"6,7",,,,,,"[{""day"": 2, ""dayName"": ""星期二"", ""periods"": [""6"", ""7""], ""raw"": ""6,7""}]",,,https://course.nuk.edu.tw/QueryCourse/tcontent.asp?OpenYear=091&Helf=1&Sclass=la&Cono=1502,2026-08-26T17:59:16+00:00
091-1-la-1511-A-1-A,091,1,法學院,la,法律學系,1511,A,大學部,1,A,法律邏輯,2,選,75,59,,16,黃國昌,B01-104,,,"3,4",,,,,"[{""day"": 3, ""dayName"": ""星期三"", ""periods"": [""3"", ""4""], ""raw"": ""3,4""}]",,,https://course.nuk.edu.tw/QueryCourse/tcontent.asp?OpenYear=091&Helf=1&Sclass=la&Cono=1511,2026-08-26T17:59:16+00:00
091-1-la-1521-A-1-A,091,1,法學院,la,法律學系,1521,A,大學部,1,A,法院組織法,2,選,120,114,,6,姜世明,C01-308,,,,"3,4",,,,"[{""day"": 4, ""dayName"": ""星期四"", ""periods"": [""3"", ""4""], ""raw"": ""3,4""}]",,與財法系一合併,https://course.nuk.edu.tw/QueryCourse/tcontent.asp?OpenYear=091&Helf=1&Sclass=la&Cono=1521,2026-08-26T17:59:16+00:00
091-1-la-2001-A-2-A,091,1,法學院,la,法律學系,2001,A,大學部,2,A,民法債編通則(二),3,必,60,54,,6,姚志明,C01-408,,"2,3, 4",,,,,,"[{""day"": 2, ""dayName"": ""星期二"", ""periods"": [""2"", ""3"", ""4""], ""raw"": ""2,3, 4""}]",,,https://course.nuk.edu.tw/QueryCourse/tcontent.asp?OpenYear=091&Helf=1&Sclass=la&Cono=2001,2026-08-26T17:59:16+00:00
091-1-la-2011-A-2-A,091,1,法學院,la,法律學系,2011,A,大學部,2,A,刑法總則(二),3,必,60,58,,2,黃常仁,C01-408,,7,,"3,4",,,,"[{""day"": 2, ""dayName"": ""星期二"", ""periods"": [""7""], ""raw"": ""7""}, {""day"": 4, ""dayName"": ""星期四"", ""periods"": [""3"", ""4""], ""raw"": ""3,4""}]",,,https://course.nuk.edu.tw/QueryCourse/tcontent.asp?OpenYear=091&Helf=1&Sclass=la&Cono=2011,2026-08-26T17:59:16+00:00
091-1-la-2041-A-2-A,091,1,法學院,la,法律學系,2041,A,大學部,2,A,民法親屬,2,必,180,150,,30,郭振恭,B01-110,,,,"1,2",,,,"[{""day"": 4, ""dayName"": ""星期四"", ""periods"": [""1"", ""2""], ""raw"": ""1,2""}]",,與政法系二財法系二合班，教室B01-演講廳,https://course.nuk.edu.tw/QueryCourse/tcontent.asp?OpenYear=091&Helf=1&Sclass=la&Cono=2041,2026-08-26T17:59:16+00:00
091-1-la-2111-A-2-A,091,1,法學院,la,法律學系,2111,A,大學部,2,A,日文(一),2,必,74,68,,6,劉姿汝,C01-408,,"5,6",,,,,,"[{""day"": 2, ""dayName"": ""星期二"", ""periods"": [""5"", ""6""], ""raw"": ""5,6""}]",,與LA-2121選一門修讀,https://course.nuk.edu.tw/QueryCourse/tcontent.asp?OpenYear=091&Helf=1&Sclass=la&Cono=2111,2026-08-26T17:59:16+00:00
091-1-la-2121-A-2-A,091,1,法學院,la,法律學系,2121,A,大學部,2,A,德文(一),2,必,60,31,,29,薛泰成,C01-408,,,,,"8,9",,,"[{""day"": 5, ""dayName"": ""星期五"", ""periods"": [""8"", ""9""], ""raw"": ""8,9""}]",,與LA-2111選一門修讀,https://course.nuk.edu.tw/QueryCourse/tcontent.asp?OpenYear=091&Helf=1&Sclass=la&Cono=2121,2026-08-26T17:59:16+00:00
091-1-la-2601-A-2-A,091,1,法學院,la,法律學系,2601,A,大學部,2,A,國際公法,2,選,120,31,,89,高聖惕,B01-110,,,"1,2",,,,,"[{""day"": 3, ""dayName"": ""星期三"", ""periods"": [""1"", ""2""], ""raw"": ""1,2""}]",,與財法系二合班教室B01-演講廳,https://course.nuk.edu.tw/QueryCourse/tcontent.asp?OpenYear=091&Helf=1&Sclass=la&Cono=2601,2026-08-26T17:59:16+00:00
091-1-la-3031-A-3-A,091,1,法學院,la,法律學系,3031,A,大學部,3,A,刑事訴訟法(一),3,必,120,102,,18,薛泰成,B01-110,,,,,"2,3, 4",,,"[{""day"": 5, ""dayName"": ""星期五"", ""periods"": [""2"", ""3"", ""4""], ""raw"": ""2,3, 4""}]",,與法律系三合班，教室由綜合一演講廳改至理工二406教室,https://course.nuk.edu.tw/QueryCourse/tcontent.asp?OpenYear=091&Helf=1&Sclass=la&Cono=3031,2026-08-26T17:59:16+00:00
091-1-la-3555-A-3-A,091,1,法學院,la,法律學系,3555,A,大學部,3,A,刑事證據法,2,選,60,34,,26,彭南雄,C01-409,"1,2",,,,,,,"[{""day"": 1, ""dayName"": ""星期一"", ""periods"": [""1"", ""2""], ""raw"": ""1,2""}]",,,https://course.nuk.edu.tw/QueryCourse/tcontent.asp?OpenYear=091&Helf=1&Sclass=la&Cono=3555,2026-08-26T17:59:16+00:00
091-1-la-111N-F-1-,091,1,法學院,la,法律學系,111N,F,大學部二年制在職專班,1,,民法總則(一),2,必,120,72,,48,黃國昌,C01-308,,,,"12,13",,,,"[{""day"": 4, ""dayName"": ""星期四"", ""periods"": [""12"", ""13""], ""raw"": ""12,13""}]",,與政法系二年制合班,https://course.nuk.edu.tw/QueryCourse/tcontent.asp?OpenYear=091&Helf=1&Sclass=la&Cono=111N,2026-08-26T17:59:16+00:00
091-1-la-112N-F-1-,091,1,法學院,la,法律學系,112N,F,大學部二年制在職專班,1,,憲法(一),2,必,60,44,,16,詹鎮榮,C01-102,,,,,"10,11",,,"[{""day"": 5, ""dayName"": ""星期五"", ""periods"": [""10"", ""11""], ""raw"": ""10,11""}]",,,https://course.nuk.edu.tw/QueryCourse/tcontent.asp?OpenYear=091&Helf=1&Sclass=la&Cono=112N,2026-08-26T17:59:16+00:00
091-1-la-113N-F-1-,091,1,法學院,la,法律學系,113N,F,大學部二年制在職專班,1,,刑法總則(一),2,必,120,78,,42,黃常仁,B01-110,,"12,13",,,,,,"[{""day"": 2, ""dayName"": ""星期二"", ""periods"": [""12"", ""13""], ""raw"": ""12,13""}]",,與政法系二年制合班，教室B01-演講廳,https://course.nuk.edu.tw/QueryCourse/tcontent.asp?OpenYear=091&Helf=1&Sclass=la&Cono=113N,2026-08-26T17:59:16+00:00
091-1-la-114N-F-1-,091,1,法學院,la,法律學系,114N,F,大學部二年制在職專班,1,,行政法(一),2,必,60,37,,23,紀振清,C01-102,,"10,11",,,,,,"[{""day"": 2, ""dayName"": ""星期二"", ""periods"": [""10"", ""11""], ""raw"": ""10,11""}]",,,https://course.nuk.edu.tw/QueryCourse/tcontent.asp?OpenYear=091&Helf=1&Sclass=la&Cono=114N,2026-08-26T17:59:16+00:00
091-1-la-151N-F-1-,091,1,法學院,la,法律學系,151N,F,大學部二年制在職專班,1,,國際經濟法,2,選,60,25,,35,周伯翰,C01-102,,,"12,13",,,,,"[{""day"": 3, ""dayName"": ""星期三"", ""periods"": [""12"", ""13""], ""raw"": ""12,13""}]",,,https://course.nuk.edu.tw/QueryCourse/tcontent.asp?OpenYear=091&Helf=1&Sclass=la&Cono=151N,2026-08-26T17:59:16+00:00
091-1-la-152N-F-1-,091,1,法學院,la,法律學系,152N,F,大學部二年制在職專班,1,,英美法導論,2,選,60,20,,40,高聖惕,C01-102,"10,11",,,,,,,"[{""day"": 1, ""dayName"": ""星期一"", ""periods"": [""10"", ""11""], ""raw"": ""10,11""}]",,,https://course.nuk.edu.tw/QueryCourse/tcontent.asp?OpenYear=091&Helf=1&Sclass=la&Cono=152N,2026-08-26T17:59:16+00:00
091-1-la-213N-F-2-,091,1,法學院,la,法律學系,213N,F,大學部二年制在職專班,2,,民法親屬,2,必,120,76,,44,郭振恭,C01-308,,"12,13",,,,,,"[{""day"": 2, ""dayName"": ""星期二"", ""periods"": [""12"", ""13""], ""raw"": ""12,13""}]",,與法律系在職二合班,https://course.nuk.edu.tw/QueryCourse/tcontent.asp?OpenYear=091&Helf=1&Sclass=la&Cono=213N,2026-08-26T17:59:16+00:00
091-1-la-214N-F-2-,091,1,法學院,la,法律學系,214N,F,大學部二年制在職專班,2,,刑法分則(一),2,必,120,68,,52,薛泰成,C01-308,"12,13",,,,,,,"[{""day"": 1, ""dayName"": ""星期一"", ""periods"": [""12"", ""13""], ""raw"": ""12,13""}]",,與法律系在職二合班,https://course.nuk.edu.tw/QueryCourse/tcontent.asp?OpenYear=091&Helf=1&Sclass=la&Cono=214N,2026-08-26T17:59:16+00:00
091-1-la-2541-F-2-,091,1,法學院,la,法律學系,2541,F,大學部二年制在職專班,2,,租稅法,2,選,120,56,,64,黃俊杰,C02-111,,,,"7,8",,,,"[{""day"": 4, ""dayName"": ""星期四"", ""periods"": [""7"", ""8""], ""raw"": ""7,8""}]",,與法律系二合班,https://course.nuk.edu.tw/QueryCourse/tcontent.asp?OpenYear=091&Helf=1&Sclass=la&Cono=2541,2026-08-26T17:59:16+00:00
091-1-la-5001-M-1-,091,1,法學院,la,法律學系,5001,M,碩士班,1,,基礎法學(德文),2,必,10,4,,6,姜世明,C01-412,,,,"1,2",,,,"[{""day"": 4, ""dayName"": ""星期四"", ""periods"": [""1"", ""2""], ""raw"": ""1,2""}]",,與基礎法學(日文)二選一,https://course.nuk.edu.tw/QueryCourse/tcontent.asp?OpenYear=091&Helf=1&Sclass=la&Cono=5001,2026-08-26T17:59:16+00:00
091-1-la-5010-M-1-,091,1,法學院,la,法律學系,5010,M,碩士班,1,,基礎法學(日文),2,必,10,6,,4,劉姿汝,C01-104,,"7,8",,,,,,"[{""day"": 2, ""dayName"": ""星期二"", ""periods"": [""7"", ""8""], ""raw"": ""7,8""}]",,與基礎法學(德文)二選一,https://course.nuk.edu.tw/QueryCourse/tcontent.asp?OpenYear=091&Helf=1&Sclass=la&Cono=5010,2026-08-26T17:59:16+00:00
091-1-la-5501-M-1-,091,1,法學院,la,法律學系,5501,M,碩士班,1,,國際經濟法專題研究(一),2,選,10,4,,6,王仁宏,C01-412,,,"3,4",,,,,"[{""day"": 3, ""dayName"": ""星期三"", ""periods"": [""3"", ""4""], ""raw"": ""3,4""}]",,,https://course.nuk.edu.tw/QueryCourse/tcontent.asp?OpenYear=091&Helf=1&Sclass=la&Cono=5501,2026-08-26T17:59:16+00:00
091-1-la-5502-M-1-,091,1,法學院,la,法律學系,5502,M,碩士班,1,,債權法專題研究,2,選,10,4,,6,姚志明,C01-412,,,,,"3,4",,,"[{""day"": 5, ""dayName"": ""星期五"", ""periods"": [""3"", ""4""], ""raw"": ""3,4""}]",,與黃茂榮合授,https://course.nuk.edu.tw/QueryCourse/tcontent.asp?OpenYear=091&Helf=1&Sclass=la&Cono=5502,2026-08-26T17:59:16+00:00
091-1-la-5503-M-1-,091,1,法學院,la,法律學系,5503,M,碩士班,1,,身分法專題研究,2,選,10,8,,2,郭振恭,C01-412,,,"8,9",,,,,"[{""day"": 3, ""dayName"": ""星期三"", ""periods"": [""8"", ""9""], ""raw"": ""8,9""}]",,,https://course.nuk.edu.tw/QueryCourse/tcontent.asp?OpenYear=091&Helf=1&Sclass=la&Cono=5503,2026-08-26T17:59:16+00:00
091-1-la-5504-M-1-,091,1,法學院,la,法律學系,5504,M,碩士班,1,,公司法專題研究,2,選,10,3,,7,黃清溪,C01-412,"7,8",,,,,,,"[{""day"": 1, ""dayName"": ""星期一"", ""periods"": [""7"", ""8""], ""raw"": ""7,8""}]",,,https://course.nuk.edu.tw/QueryCourse/tcontent.asp?OpenYear=091&Helf=1&Sclass=la&Cono=5504,2026-08-26T17:59:16+00:00
091-1-la-5505-M-1-,091,1,法學院,la,法律學系,5505,M,碩士班,1,,刑法專題研究,2,選,10,10,,0,黃常仁,C01-412,,,"6,7",,,,,"[{""day"": 3, ""dayName"": ""星期三"", ""periods"": [""6"", ""7""], ""raw"": ""6,7""}]",,,https://course.nuk.edu.tw/QueryCourse/tcontent.asp?OpenYear=091&Helf=1&Sclass=la&Cono=5505,2026-08-26T17:59:16+00:00
091-1-la-5507-M-1-,091,1,法學院,la,法律學系,5507,M,碩士班,1,,歐洲聯盟法專題研究,2,選,10,3,,7,王泰銓,C01-412,,,,"3,4",,,,"[{""day"": 4, ""dayName"": ""星期四"", ""periods"": [""3"", ""4""], ""raw"": ""3,4""}]",,,https://course.nuk.edu.tw/QueryCourse/tcontent.asp?OpenYear=091&Helf=1&Sclass=la&Cono=5507,2026-08-26T17:59:16+00:00
091-1-la-5508-M-1-,091,1,法學院,la,法律學系,5508,M,碩士班,1,,物權法專題研究,2,選,10,7,,3,朱柏松,C01-412,,,,,"6,7",,,"[{""day"": 5, ""dayName"": ""星期五"", ""periods"": [""6"", ""7""], ""raw"": ""6,7""}]",,,https://course.nuk.edu.tw/QueryCourse/tcontent.asp?OpenYear=091&Helf=1&Sclass=la&Cono=5508,2026-08-26T17:59:16+00:00
091-1-la-5509-M-1-,091,1,法學院,la,法律學系,5509,M,碩士班,1,,人權專題研究,2,選,10,4,,6,廖光生,C01-412,,,,"6,7",,,,"[{""day"": 4, ""dayName"": ""星期四"", ""periods"": [""6"", ""7""], ""raw"": ""6,7""}]",,,https://course.nuk.edu.tw/QueryCourse/tcontent.asp?OpenYear=091&Helf=1&Sclass=la&Cono=5509,2026-08-26T17:59:16+00:00
091-1-AC-1001-A-1-A,091,1,理學院,AC,應用化學系,1001,A,大學部,1,A,普通化學(一),3,必,45,41,,4,蔡振章,B01-202,,"1,2",1,,,,,"[{""day"": 2, ""dayName"": ""星期二"", ""periods"": [""1"", ""2""], ""raw"": ""1,2""}, {""day"": 3, ""dayName"": ""星期三"", ""periods"": [""1""], ""raw"": ""1""}]",,,https://course.nuk.edu.tw/QueryCourse/tcontent.asp?OpenYear=091&Helf=1&Sclass=AC&Cono=1001,2026-08-26T17:59:16+00:00
091-1-AC-1002-A-1-A,091,1,理學院,AC,應用化學系,1002,A,大學部,1,A,普通化學(一),3,必,60,35,,25,李紫原,B01-101,,,"3,4",1,,,,"[{""day"": 3, ""dayName"": ""星期三"", ""periods"": [""3"", ""4""], ""raw"": ""3,4""}, {""day"": 4, ""dayName"": ""星期四"", ""periods"": [""1""], ""raw"": ""1""}]",,,https://course.nuk.edu.tw/QueryCourse/tcontent.asp?OpenYear=091&Helf=1&Sclass=AC&Cono=1002,2026-08-26T17:59:16+00:00
091-1-AC-1003-A-1-A,091,1,理學院,AC,應用化學系,1003,A,大學部,1,A,普通化學,3,必,60,42,,18,李丁在,B01-204,,"2,3, 4",,,,,,"[{""day"": 2, ""dayName"": ""星期二"", ""periods"": [""2"", ""3"", ""4""], ""raw"": ""2,3, 4""}]",,,https://course.nuk.edu.tw/QueryCourse/tcontent.asp?OpenYear=091&Helf=1&Sclass=AC&Cono=1003,2026-08-26T17:59:16+00:00
091-1-AC-1021-A-1-A,091,1,理學院,AC,應用化學系,1021,A,大學部,1,A,普通化學實驗(一),1,必,23,21,,2,侯敦仁,C01-204,"2,3, 4",,,,,,,"[{""day"": 1, ""dayName"": ""星期一"", ""periods"": [""2"", ""3"", ""4""], ""raw"": ""2,3, 4""}]",,學號單號者,https://course.nuk.edu.tw/QueryCourse/tcontent.asp?OpenYear=091&Helf=1&Sclass=AC&Cono=1021,2026-08-26T17:59:16+00:00
091-1-AC-1022-A-1-A,091,1,理學院,AC,應用化學系,1022,A,大學部,1,A,普通化學實驗(一),1,必,23,20,,3,侯敦仁,C01-204,,,,,"2,3, 4",,,"[{""day"": 5, ""dayName"": ""星期五"", ""periods"": [""2"", ""3"", ""4""], ""raw"": ""2,3, 4""}]",,學號雙號者,https://course.nuk.edu.tw/QueryCourse/tcontent.asp?OpenYear=091&Helf=1&Sclass=AC&Cono=1022,2026-08-26T17:59:16+00:00
091-1-AC-1023-A-1-A,091,1,理學院,AC,應用化學系,1023,A,大學部,1,A,普通化學實驗(一),1,必,25,22,,3,王恒隆,C01-204,,"2,3, 4",,,,,,"[{""day"": 2, ""dayName"": ""星期二"", ""periods"": [""2"", ""3"", ""4""], ""raw"": ""2,3, 4""}]",,學號單號,https://course.nuk.edu.tw/QueryCourse/tcontent.asp?OpenYear=091&Helf=1&Sclass=AC&Cono=1023,2026-08-26T17:59:16+00:00
091-1-AC-1024-A-1-A,091,1,理學院,AC,應用化學系,1024,A,大學部,1,A,普通化學實驗(一),1,必,25,13,,12,王恒隆,C01-204,,"5,6, 7",,,,,,"[{""day"": 2, ""dayName"": ""星期二"", ""periods"": [""5"", ""6"", ""7""], ""raw"": ""5,6, 7""}]",,學號雙號,https://course.nuk.edu.tw/QueryCourse/tcontent.asp?OpenYear=091&Helf=1&Sclass=AC&Cono=1024,2026-08-26T17:59:16+00:00
091-1-AC-1041-A-1-A,091,1,理學院,AC,應用化學系,1041,A,大學部,1,A,普通化學,3,必,60,51,,9,李紫原,C02-407,,,,"2,3, 4",,,,"[{""day"": 4, ""dayName"": ""星期四"", ""periods"": [""2"", ""3"", ""4""], ""raw"": ""2,3, 4""}]",,,https://course.nuk.edu.tw/QueryCourse/tcontent.asp?OpenYear=091&Helf=1&Sclass=AC&Cono=1041,2026-08-26T17:59:16+00:00
091-1-AC-1042-A-1-A,091,1,理學院,AC,應用化學系,1042,A,大學部,1,A,普通化學實驗,1,必,60,25,,35,蔡振章,C01-204,,,"2,3, 4",,,,,"[{""day"": 3, ""dayName"": ""星期三"", ""periods"": [""2"", ""3"", ""4""], ""raw"": ""2,3, 4""}]",,學號單號,https://course.nuk.edu.tw/QueryCourse/tcontent.asp?OpenYear=091&Helf=1&Sclass=AC&Cono=1042,2026-08-26T17:59:16+00:00
091-1-AC-1043-A-1-A,091,1,理學院,AC,應用化學系,1043,A,大學部,1,A,普通化學實驗,1,必,60,24,,36,郭文章,C01-204,,,,,"5,6, 7",,,"[{""day"": 5, ""dayName"": ""星期五"", ""periods"": [""5"", ""6"", ""7""], ""raw"": ""5,6, 7""}]",,學號雙號,https://course.nuk.edu.tw/QueryCourse/tcontent.asp?OpenYear=091&Helf=1&Sclass=AC&Cono=1043,2026-08-26T17:59:16+00:00
091-1-AC-2001-A-2-A,091,1,理學院,AC,應用化學系,2001,A,大學部,2,A,有機化學(一),3,必,60,45,,15,侯敦仁,C02-406,1,"1,2",,,,,,"[{""day"": 1, ""dayName"": ""星期一"", ""periods"": [""1""], ""raw"": ""1""}, {""day"": 2, ""dayName"": ""星期二"", ""periods"": [""1"", ""2""], ""raw"": ""1,2""}]",,,https://course.nuk.edu.tw/QueryCourse/tcontent.asp?OpenYear=091&Helf=1&Sclass=AC&Cono=2001,2026-08-26T17:59:16+00:00
091-1-AC-2002-A-2-A,091,1,理學院,AC,應用化學系,2002,A,大學部,2,A,有機化學,3,必,60,37,,23,郭文章,C02-102,2,"1,2",,,,,,"[{""day"": 1, ""dayName"": ""星期一"", ""periods"": [""2""], ""raw"": ""2""}, {""day"": 2, ""dayName"": ""星期二"", ""periods"": [""1"", ""2""], ""raw"": ""1,2""}]",,,https://course.nuk.edu.tw/QueryCourse/tcontent.asp?OpenYear=091&Helf=1&Sclass=AC&Cono=2002,2026-08-26T17:59:16+00:00
091-1-AC-2022-A-2-A,091,1,理學院,AC,應用化學系,2022,A,大學部,2,A,有機化學實驗,1,必,50,37,,13,蔡振章,C02-204,,,,,"2,3, 4",,,"[{""day"": 5, ""dayName"": ""星期五"", ""periods"": [""2"", ""3"", ""4""], ""raw"": ""2,3, 4""}]",,,https://course.nuk.edu.tw/QueryCourse/tcontent.asp?OpenYear=091&Helf=1&Sclass=AC&Cono=2022,2026-08-26T17:59:16+00:00
091-1-AC-2041-A-2-A,091,1,理學院,AC,應用化學系,2041,A,大學部,2,A,分析化學(一),3,必,60,45,,15,李丁在,C02-406,,,"2,3, 4",,,,,"[{""day"": 3, ""dayName"": ""星期三"", ""periods"": [""2"", ""3"", ""4""], ""raw"": ""2,3, 4""}]",,,https://course.nuk.edu.tw/QueryCourse/tcontent.asp?OpenYear=091&Helf=1&Sclass=AC&Cono=2041,2026-08-26T17:59:16+00:00
091-1-AC-2061-A-2-A,091,1,理學院,AC,應用化學系,2061,A,大學部,2,A,分析化學實驗(一),1,必,50,45,,5,李丁在,C02-203,,,,,"5,6, 7",,,"[{""day"": 5, ""dayName"": ""星期五"", ""periods"": [""5"", ""6"", ""7""], ""raw"": ""5,6, 7""}]",,,https://course.nuk.edu.tw/QueryCourse/tcontent.asp?OpenYear=091&Helf=1&Sclass=AC&Cono=2061,2026-08-26T17:59:16+00:00
091-1-AC-2081-A-2-A,091,1,理學院,AC,應用化學系,2081,A,大學部,2,A,有機化學實驗(一),1,必,50,45,,5,郭文章,C02-203,,"5,6, 7",,,,,,"[{""day"": 2, ""dayName"": ""星期二"", ""periods"": [""5"", ""6"", ""7""], ""raw"": ""5,6, 7""}]",,,https://course.nuk.edu.tw/QueryCourse/tcontent.asp?OpenYear=091&Helf=1&Sclass=AC&Cono=2081,2026-08-26T17:59:16+00:00
091-1-AC-2091-A-2-A,091,1,理學院,AC,應用化學系,2091,A,大學部,2,A,化學數學(一),2,必,60,45,,15,莊曜遠,C02-406,,,,"7,8",,,,"[{""day"": 4, ""dayName"": ""星期四"", ""periods"": [""7"", ""8""], ""raw"": ""7,8""}]",,,https://course.nuk.edu.tw/QueryCourse/tcontent.asp?OpenYear=091&Helf=1&Sclass=AC&Cono=2091,2026-08-26T17:59:16+00:00
091-1-AM-1251-A-1-A,091,1,理學院,AM,應用數學系,1251,A,大學部,1,A,微積分(一),3,必,60,49,,11,吳慶堂,B01-109,,4,,,"3,4",,,"[{""day"": 2, ""dayName"": ""星期二"", ""periods"": [""4""], ""raw"": ""4""}, {""day"": 5, ""dayName"": ""星期五"", ""periods"": [""3"", ""4""], ""raw"": ""3,4""}]",,,https://course.nuk.edu.tw/QueryCourse/tcontent.asp?OpenYear=091&Helf=1&Sclass=AM&Cono=1251,2026-08-26T17:59:16+00:00
091-1-AM-1451-A-1-A,091,1,理學院,AM,應用數學系,1451,A,大學部,1,A,微積分,3,必,60,50,,10,黃文璋,C02-407,1,"3,4",,,,,,"[{""day"": 1, ""dayName"": ""星期一"", ""periods"": [""1""], ""raw"": ""1""}, {""day"": 2, ""dayName"": ""星期二"", ""periods"": [""3"", ""4""], ""raw"": ""3,4""}]",,,https://course.nuk.edu.tw/QueryCourse/tcontent.asp?OpenYear=091&Helf=1&Sclass=AM&Cono=1451,2026-08-26T17:59:16+00:00
091-1-AM-3011-A-3-A,091,1,理學院,AM,應用數學系,3011,A,大學部,3,A,數值分析(一),3,必,60,44,,16,王偉仲,B01-206,"3,4",5,,,,,,"[{""day"": 1, ""dayName"": ""星期一"", ""periods"": [""3"", ""4""], ""raw"": ""3,4""}, {""day"": 2, ""dayName"": ""星期二"", ""periods"": [""5""], ""raw"": ""5""}]",,普通教室C02-406,https://course.nuk.edu.tw/QueryCourse/tcontent.asp?OpenYear=091&Helf=1&Sclass=AM&Cono=3011,2026-08-26T17:59:16+00:00
091-1-AM-3031-A-3-A,091,1,理學院,AM,應用數學系,3031,A,大學部,3,A,組合數學(一),3,必,60,46,,14,陳鵬安,C02-108,,"6,7",,,5,,,"[{""day"": 2, ""dayName"": ""星期二"", ""periods"": [""6"", ""7""], ""raw"": ""6,7""}, {""day"": 5, ""dayName"": ""星期五"", ""periods"": [""5""], ""raw"": ""5""}]",,,https://course.nuk.edu.tw/QueryCourse/tcontent.asp?OpenYear=091&Helf=1&Sclass=AM&Cono=3031,2026-08-26T17:59:16+00:00
091-1-AM-3511-A-3-A,091,1,理學院,AM,應用數學系,3511,A,大學部,3,A,實變函數論(一),3,選,60,35,,25,張永明,C02-108,,4,,,"3,4",,,"[{""day"": 2, ""dayName"": ""星期二"", ""periods"": [""4""], ""raw"": ""4""}, {""day"": 5, ""dayName"": ""星期五"", ""periods"": [""3"", ""4""], ""raw"": ""3,4""}]",,,https://course.nuk.edu.tw/QueryCourse/tcontent.asp?OpenYear=091&Helf=1&Sclass=AM&Cono=3511,2026-08-26T17:59:16+00:00
091-1-AM-3521-A-3-A,091,1,理學院,AM,應用數學系,3521,A,大學部,3,A,數值分析實習(一),1,選,60,31,,29,王偉仲,C02-108,,,,"1,2",,,,"[{""day"": 4, ""dayName"": ""星期四"", ""periods"": [""1"", ""2""], ""raw"": ""1,2""}]",,,https://course.nuk.edu.tw/QueryCourse/tcontent.asp?OpenYear=091&Helf=1&Sclass=AM&Cono=3521,2026-08-26T17:59:16+00:00
091-1-AP-1001-A-1-A,091,1,理學院,AP,應用物理學系,1001,A,大學部,1,A,普通物理學,3,必,60,50,,10,胡裕民,C02-407,,"1,2",,5,,,,"[{""day"": 2, ""dayName"": ""星期二"", ""periods"": [""1"", ""2""], ""raw"": ""1,2""}, {""day"": 4, ""dayName"": ""星期四"", ""periods"": [""5""], ""raw"": ""5""}]",,,https://course.nuk.edu.tw/QueryCourse/tcontent.asp?OpenYear=091&Helf=1&Sclass=AP&Cono=1001,2026-08-26T17:59:16+00:00
091-1-AP-1002-A-1-A,091,1,理學院,AP,應用物理學系,1002,A,大學部,1,A,計算機概論,3,選,60,41,,19,待公布,C01-109,"2,3, 4",,,,,,,"[{""day"": 1, ""dayName"": ""星期一"", ""periods"": [""2"", ""3"", ""4""], ""raw"": ""2,3, 4""}]",,,https://course.nuk.edu.tw/QueryCourse/tcontent.asp?OpenYear=091&Helf=1&Sclass=AP&Cono=1002,2026-08-26T17:59:16+00:00
091-1-AP-1011-A-1-A,091,1,理學院,AP,應用物理學系,1011,A,大學部,1,A,普通物理實驗,1,必,60,49,,11,胡裕民,C02-3004,,,,"6,7, 8",,,,"[{""day"": 4, ""dayName"": ""星期四"", ""periods"": [""6"", ""7"", ""8""], ""raw"": ""6,7, 8""}]",,,https://course.nuk.edu.tw/QueryCourse/tcontent.asp?OpenYear=091&Helf=1&Sclass=AP&Cono=1011,2026-08-26T17:59:16+00:00
091-1-AP-1311-A-1-A,091,1,理學院,AP,應用物理學系,1311,A,大學部,1,A,普通物理(一),3,必,60,41,,19,胡裕民,B01-204,,,,,"6,7, 8",,,"[{""day"": 5, ""dayName"": ""星期五"", ""periods"": [""6"", ""7"", ""8""], ""raw"": ""6,7, 8""}]",,,https://course.nuk.edu.tw/QueryCourse/tcontent.asp?OpenYear=091&Helf=1&Sclass=AP&Cono=1311,2026-08-26T17:59:16+00:00
091-1-AP-1322-A-1-A,091,1,理學院,AP,應用物理學系,1322,A,大學部,1,A,普通物理實驗,1,選,60,7,,53,胡裕民,C02-3005,,,,,"3,4, 5",,,"[{""day"": 5, ""dayName"": ""星期五"", ""periods"": [""3"", ""4"", ""5""], ""raw"": ""3,4, 5""}]",,,https://course.nuk.edu.tw/QueryCourse/tcontent.asp?OpenYear=091&Helf=1&Sclass=AP&Cono=1322,2026-08-26T17:59:16+00:00
091-1-AP-1412-A-1-A,091,1,理學院,AP,應用物理學系,1412,A,大學部,1,A,普通物理實驗,1,必,60,36,,24,黃智裕,C02-3004,,,,,"2,3, 4",,,"[{""day"": 5, ""dayName"": ""星期五"", ""periods"": [""2"", ""3"", ""4""], ""raw"": ""2,3, 4""}]",,,https://course.nuk.edu.tw/QueryCourse/tcontent.asp?OpenYear=091&Helf=1&Sclass=AP&Cono=1412,2026-08-26T17:59:16+00:00
091-1-AP-1501-A-1-A,091,1,理學院,AP,應用物理學系,1501,A,大學部,1,A,物理發展與現代科技,2,選,120,52,,68,施明昌,C01-111,,,"8,9",,,,,"[{""day"": 3, ""dayName"": ""星期三"", ""periods"": [""8"", ""9""], ""raw"": ""8,9""}]",,教室C01-演講廳，與胡裕民合授，教室C01-111,https://course.nuk.edu.tw/QueryCourse/tcontent.asp?OpenYear=091&Helf=1&Sclass=AP&Cono=1501,2026-08-26T17:59:16+00:00
091-1-LS-1001-A-1-A,091,1,理學院,LS,生命科學系,1001,A,大學部,1,A,生命科學概論,3,必,180,98,,82,葉開溫,C02-111,,,,"2,3, 4",,,,"[{""day"": 4, ""dayName"": ""星期四"", ""periods"": [""2"", ""3"", ""4""], ""raw"": ""2,3, 4""}]",,"應化系學生選修,視為綜合教學部自然科學系列通識課程",https://course.nuk.edu.tw/QueryCourse/tcontent.asp?OpenYear=091&Helf=1&Sclass=LS&Cono=1001,2026-08-26T17:59:16+00:00
091-1-LS-1011-A-1-A,091,1,理學院,LS,生命科學系,1011,A,大學部,1,A,普通生物學(一),3,必,60,35,,25,王俊順,C02-101,,,,"7,8, 9",,,,"[{""day"": 4, ""dayName"": ""星期四"", ""periods"": [""7"", ""8"", ""9""], ""raw"": ""7,8, 9""}]",,,https://course.nuk.edu.tw/QueryCourse/tcontent.asp?OpenYear=091&Helf=1&Sclass=LS&Cono=1011,2026-08-26T17:59:16+00:00
091-1-LS-1021-A-1-A,091,1,理學院,LS,生命科學系,1021,A,大學部,1,A,普通生物學實驗(一),1,必,25,13,,12,王俊順,C01-203,,"2,3, 4",,,,,,"[{""day"": 2, ""dayName"": ""星期二"", ""periods"": [""2"", ""3"", ""4""], ""raw"": ""2,3, 4""}]",,學號雙號,https://course.nuk.edu.tw/QueryCourse/tcontent.asp?OpenYear=091&Helf=1&Sclass=LS&Cono=1021,2026-08-26T17:59:16+00:00
091-1-LS-1022-A-1-A,091,1,理學院,LS,生命科學系,1022,A,大學部,1,A,普通生物學實驗(一),1,必,25,22,,3,王俊順,C01-203,,"5,6, 7",,,,,,"[{""day"": 2, ""dayName"": ""星期二"", ""periods"": [""5"", ""6"", ""7""], ""raw"": ""5,6, 7""}]",,學號單號,https://course.nuk.edu.tw/QueryCourse/tcontent.asp?OpenYear=091&Helf=1&Sclass=LS&Cono=1022,2026-08-26T17:59:16+00:00
091-1-LS-2001-A-2-A,091,1,理學院,LS,生命科學系,2001,A,大學部,2,A,遺傳學,3,必,60,37,,23,高佑靈,C02-102,,,"3,4",,1,,,"[{""day"": 3, ""dayName"": ""星期三"", ""periods"": [""3"", ""4""], ""raw"": ""3,4""}, {""day"": 5, ""dayName"": ""星期五"", ""periods"": [""1""], ""raw"": ""1""}]",,,https://course.nuk.edu.tw/QueryCourse/tcontent.asp?OpenYear=091&Helf=1&Sclass=LS&Cono=2001,2026-08-26T17:59:16+00:00
091-1-LS-2011-A-2-A,091,1,理學院,LS,生命科學系,2011,A,大學部,2,A,微生物學,3,必,60,37,,23,林順富,C02-102,,"5,6, 7",,,,,,"[{""day"": 2, ""dayName"": ""星期二"", ""periods"": [""5"", ""6"", ""7""], ""raw"": ""5,6, 7""}]",,,https://course.nuk.edu.tw/QueryCourse/tcontent.asp?OpenYear=091&Helf=1&Sclass=LS&Cono=2011,2026-08-26T17:59:16+00:00
091-1-LS-2021-A-2-A,091,1,理學院,LS,生命科學系,2021,A,大學部,2,A,遺傳學實驗,1,必,25,17,,8,高佑靈,C02-201,,,,"2,3, 4",,,,"[{""day"": 4, ""dayName"": ""星期四"", ""periods"": [""2"", ""3"", ""4""], ""raw"": ""2,3, 4""}]",,學號單號,https://course.nuk.edu.tw/QueryCourse/tcontent.asp?OpenYear=091&Helf=1&Sclass=LS&Cono=2021,2026-08-26T17:59:16+00:00
091-1-LS-2022-A-2-A,091,1,理學院,LS,生命科學系,2022,A,大學部,2,A,遺傳學實驗,1,必,25,20,,5,高佑靈,C02-202,,,,"5,6, 7",,,,"[{""day"": 4, ""dayName"": ""星期四"", ""periods"": [""5"", ""6"", ""7""], ""raw"": ""5,6, 7""}]",,學號雙號,https://course.nuk.edu.tw/QueryCourse/tcontent.asp?OpenYear=091&Helf=1&Sclass=LS&Cono=2022,2026-08-26T17:59:16+00:00
091-1-LS-2031-A-2-A,091,1,理學院,LS,生命科學系,2031,A,大學部,2,A,微生物學實驗,1,必,25,20,,5,林順富,C02-202,,,,"2,3, 4",,,,"[{""day"": 4, ""dayName"": ""星期四"", ""periods"": [""2"", ""3"", ""4""], ""raw"": ""2,3, 4""}]",,學號雙號,https://course.nuk.edu.tw/QueryCourse/tcontent.asp?OpenYear=091&Helf=1&Sclass=LS&Cono=2031,2026-08-26T17:59:16+00:00
091-1-LS-2032-A-2-A,091,1,理學院,LS,生命科學系,2032,A,大學部,2,A,微生物學實驗,1,必,25,17,,8,林順富,C02-201,,,,"5,6, 7",,,,"[{""day"": 4, ""dayName"": ""星期四"", ""periods"": [""5"", ""6"", ""7""], ""raw"": ""5,6, 7""}]",,學號單號,https://course.nuk.edu.tw/QueryCourse/tcontent.asp?OpenYear=091&Helf=1&Sclass=LS&Cono=2032,2026-08-26T17:59:16+00:00
091-1-LS-2041-A-2-A,091,1,理學院,LS,生命科學系,2041,A,大學部,2,A,植物生理學,3,必,60,37,,23,王恒隆,C02-102,,,"1,2",1,,,,"[{""day"": 3, ""dayName"": ""星期三"", ""periods"": [""1"", ""2""], ""raw"": ""1,2""}, {""day"": 4, ""dayName"": ""星期四"", ""periods"": [""1""], ""raw"": ""1""}]",,,https://course.nuk.edu.tw/QueryCourse/tcontent.asp?OpenYear=091&Helf=1&Sclass=LS&Cono=2041,2026-08-26T17:59:16+00:00
091-1-LS-2571-A-2-A,091,1,理學院,LS,生命科學系,2571,A,大學部,2,A,組織學及實驗,3,選,60,37,,23,溫秋明,C02-202,,,,"8,9, 10",,,,"[{""day"": 4, ""dayName"": ""星期四"", ""periods"": [""8"", ""9"", ""10""], ""raw"": ""8,9, 10""}]",,,https://course.nuk.edu.tw/QueryCourse/tcontent.asp?OpenYear=091&Helf=1&Sclass=LS&Cono=2571,2026-08-26T17:59:16+00:00
091-1-LS-2581-A-2-A,091,1,理學院,LS,生命科學系,2581,A,大學部,2,A,無脊椎動物學,3,選,60,24,,36,溫秋明,C02-102,,,,,"5,6, 7",,,"[{""day"": 5, ""dayName"": ""星期五"", ""periods"": [""5"", ""6"", ""7""], ""raw"": ""5,6, 7""}]",,,https://course.nuk.edu.tw/QueryCourse/tcontent.asp?OpenYear=091&Helf=1&Sclass=LS&Cono=2581,2026-08-26T17:59:16+00:00
091-1-am-1011-A-1-A,091,1,理學院,am,應用數學系,1011,A,大學部,1,A,微積分(一),4,必,80,68,,12,張永明,C01-308,,"1,2",,"1,2",,,,"[{""day"": 2, ""dayName"": ""星期二"", ""periods"": [""1"", ""2""], ""raw"": ""1,2""}, {""day"": 4, ""dayName"": ""星期四"", ""periods"": [""1"", ""2""], ""raw"": ""1,2""}]",,,https://course.nuk.edu.tw/QueryCourse/tcontent.asp?OpenYear=091&Helf=1&Sclass=am&Cono=1011,2026-08-26T17:59:16+00:00
091-1-am-1031-A-1-A,091,1,理學院,am,應用數學系,1031,A,大學部,1,A,線性代數(一),3,必,56,53,,3,吳慶堂,B01-201,,,"3,4",,2,,,"[{""day"": 3, ""dayName"": ""星期三"", ""periods"": [""3"", ""4""], ""raw"": ""3,4""}, {""day"": 5, ""dayName"": ""星期五"", ""periods"": [""2""], ""raw"": ""2""}]",,,https://course.nuk.edu.tw/QueryCourse/tcontent.asp?OpenYear=091&Helf=1&Sclass=am&Cono=1031,2026-08-26T17:59:16+00:00
091-1-am-1051-A-1-A,091,1,理學院,am,應用數學系,1051,A,大學部,1,A,基礎數學(一),3,必,58,52,,6,張耀祖,C01-104,,"5,6, 7",,,,,,"[{""day"": 2, ""dayName"": ""星期二"", ""periods"": [""5"", ""6"", ""7""], ""raw"": ""5,6, 7""}]",,,https://course.nuk.edu.tw/QueryCourse/tcontent.asp?OpenYear=091&Helf=1&Sclass=am&Cono=1051,2026-08-26T17:59:16+00:00
091-1-am-1071-A-1-A,091,1,理學院,am,應用數學系,1071,A,大學部,1,A,數學實習(一),1,必,60,52,,8,張永明,C02-407,,,,"6,7",,,,"[{""day"": 4, ""dayName"": ""星期四"", ""periods"": [""6"", ""7""], ""raw"": ""6,7""}]",,,https://course.nuk.edu.tw/QueryCourse/tcontent.asp?OpenYear=091&Helf=1&Sclass=am&Cono=1071,2026-08-26T17:59:16+00:00
091-1-am-1311-A-1-A,091,1,理學院,am,應用數學系,1311,A,大學部,1,A,微積分(一),3,必,60,54,,6,李育嘉,B01-106,,,4,,"6,7",,,"[{""day"": 3, ""dayName"": ""星期三"", ""periods"": [""4""], ""raw"": ""4""}, {""day"": 5, ""dayName"": ""星期五"", ""periods"": [""6"", ""7""], ""raw"": ""6,7""}]",,,https://course.nuk.edu.tw/QueryCourse/tcontent.asp?OpenYear=091&Helf=1&Sclass=am&Cono=1311,2026-08-26T17:59:16+00:00
091-1-am-1331-A-1-A,091,1,理學院,am,應用數學系,1331,A,大學部,1,A,微積分(一),3,必,60,43,,17,童士恒,B01-204,,1,"1,2",,,,,"[{""day"": 2, ""dayName"": ""星期二"", ""periods"": [""1""], ""raw"": ""1""}, {""day"": 3, ""dayName"": ""星期三"", ""periods"": [""1"", ""2""], ""raw"": ""1,2""}]",,,https://course.nuk.edu.tw/QueryCourse/tcontent.asp?OpenYear=091&Helf=1&Sclass=am&Cono=1331,2026-08-26T17:59:16+00:00
091-1-am-1411-A-1-A,091,1,理學院,am,應用數學系,1411,A,大學部,1,A,微積分 (一),3,必,47,46,,1,黃永裕,B01-202,,,"2,3, 4",,,,,"[{""day"": 3, ""dayName"": ""星期三"", ""periods"": [""2"", ""3"", ""4""], ""raw"": ""2,3, 4""}]",,,https://course.nuk.edu.tw/QueryCourse/tcontent.asp?OpenYear=091&Helf=1&Sclass=am&Cono=1411,2026-08-26T17:59:16+00:00
091-1-am-1431-A-1-A,091,1,理學院,am,應用數學系,1431,A,大學部,1,A,微積分(一）,3,必,57,37,,20,朱晉德,B01-107,,,,,"6,7, 8",,,"[{""day"": 5, ""dayName"": ""星期五"", ""periods"": [""6"", ""7"", ""8""], ""raw"": ""6,7, 8""}]",,,https://course.nuk.edu.tw/QueryCourse/tcontent.asp?OpenYear=091&Helf=1&Sclass=am&Cono=1431,2026-08-26T17:59:16+00:00
091-1-am-2011-A-2-A,091,1,理學院,am,應用數學系,2011,A,大學部,2,A,高等微積分（一）,4,必,60,51,,9,陳鵬安,C02-107,,"3,4",,"3,4",,,,"[{""day"": 2, ""dayName"": ""星期二"", ""periods"": [""3"", ""4""], ""raw"": ""3,4""}, {""day"": 4, ""dayName"": ""星期四"", ""periods"": [""3"", ""4""], ""raw"": ""3,4""}]",,,https://course.nuk.edu.tw/QueryCourse/tcontent.asp?OpenYear=091&Helf=1&Sclass=am&Cono=2011,2026-08-26T17:59:16+00:00
091-1-am-2031-A-2-A,091,1,理學院,am,應用數學系,2031,A,大學部,2,A,機率與統計（一）,3,必,80,63,,17,吳慶堂,C02-111,,,1,,"6,7",,,"[{""day"": 3, ""dayName"": ""星期三"", ""periods"": [""1""], ""raw"": ""1""}, {""day"": 5, ""dayName"": ""星期五"", ""periods"": [""6"", ""7""], ""raw"": ""6,7""}]",,,https://course.nuk.edu.tw/QueryCourse/tcontent.asp?OpenYear=091&Helf=1&Sclass=am&Cono=2031,2026-08-26T17:59:16+00:00
091-1-am-2051-A-2-A,091,1,理學院,am,應用數學系,2051,A,大學部,2,A,微分方程(一),3,必,60,50,,10,李育嘉,C02-407,,,2,,"3,4",,,"[{""day"": 3, ""dayName"": ""星期三"", ""periods"": [""2""], ""raw"": ""2""}, {""day"": 5, ""dayName"": ""星期五"", ""periods"": [""3"", ""4""], ""raw"": ""3,4""}]",,,https://course.nuk.edu.tw/QueryCourse/tcontent.asp?OpenYear=091&Helf=1&Sclass=am&Cono=2051,2026-08-26T17:59:16+00:00
091-1-am-2511-A-2-A,091,1,理學院,am,應用數學系,2511,A,大學部,2,A,數學實習（三）,1,選,60,37,,23,陳鵬安,C02-107,,,,"6,7",,,,"[{""day"": 4, ""dayName"": ""星期四"", ""periods"": [""6"", ""7""], ""raw"": ""6,7""}]",,,https://course.nuk.edu.tw/QueryCourse/tcontent.asp?OpenYear=091&Helf=1&Sclass=am&Cono=2511,2026-08-26T17:59:16+00:00
091-1-am-2521-A-2-A,091,1,理學院,am,應用數學系,2521,A,大學部,2,A,多媒體設計及應用(一),3,選,60,35,,25,王偉仲,B01-206,2,"6,7",,,,,,"[{""day"": 1, ""dayName"": ""星期一"", ""periods"": [""2""], ""raw"": ""2""}, {""day"": 2, ""dayName"": ""星期二"", ""periods"": [""6"", ""7""], ""raw"": ""6,7""}]",,普通教室C02-107,https://course.nuk.edu.tw/QueryCourse/tcontent.asp?OpenYear=091&Helf=1&Sclass=am&Cono=2521,2026-08-26T17:59:16+00:00
091-1-am-3501-A-3-A,091,1,理學院,am,應用數學系,3501,A,大學部,3,A,數理統計(一),3,選,60,24,,36,黃文璋,C02-407,2,,"3,4",,,,,"[{""day"": 1, ""dayName"": ""星期一"", ""periods"": [""2""], ""raw"": ""2""}, {""day"": 3, ""dayName"": ""星期三"", ""periods"": [""3"", ""4""], ""raw"": ""3,4""}]",,,https://course.nuk.edu.tw/QueryCourse/tcontent.asp?OpenYear=091&Helf=1&Sclass=am&Cono=3501,2026-08-26T17:59:16+00:00
091-1-ls-1001-A-1-A,091,1,理學院,ls,生命科學系,1001,A,大學部,1,A,生命科學概論,3,選,180,98,,82,葉開溫,C02-111,,,,"2,3, 4",,,,"[{""day"": 4, ""dayName"": ""星期四"", ""periods"": [""2"", ""3"", ""4""], ""raw"": ""2,3, 4""}]",,應化系學生修讀可視為綜合教學部自然科學系列通識學分,https://course.nuk.edu.tw/QueryCourse/tcontent.asp?OpenYear=091&Helf=1&Sclass=ls&Cono=1001,2026-08-26T17:59:16+00:00
091-1-ls-1001-A-2-A,091,1,理學院,ls,生命科學系,1001,A,大學部,2,A,生命科學概論,3,選,180,98,,82,葉開溫,C02-111,,,,"2,3, 4",,,,"[{""day"": 4, ""dayName"": ""星期四"", ""periods"": [""2"", ""3"", ""4""], ""raw"": ""2,3, 4""}]",,應化系學生修讀可視為綜合教學部自然科學系列通識學分,https://course.nuk.edu.tw/QueryCourse/tcontent.asp?OpenYear=091&Helf=1&Sclass=ls&Cono=1001,2026-08-26T17:59:16+00:00
091-1-AB-1001-A-1-A,091,1,管理學院,AB,亞太工商管理學系,1001,A,大學部,1,A,經濟學(一),3,必,63,58,,5,李博志,C02-103,"2,3",,4,,,,,"[{""day"": 1, ""dayName"": ""星期一"", ""periods"": [""2"", ""3""], ""raw"": ""2,3""}, {""day"": 3, ""dayName"": ""星期三"", ""periods"": [""4""], ""raw"": ""4""}]",,,https://course.nuk.edu.tw/QueryCourse/tcontent.asp?OpenYear=091&Helf=1&Sclass=AB&Cono=1001,2026-08-26T17:59:16+00:00
091-1-AB-1031-A-1-A,091,1,管理學院,AB,亞太工商管理學系,1031,A,大學部,1,A,法學緒論(一),2,必,63,58,,5,江如圭,C02-103,,,"1,2",,,,,"[{""day"": 3, ""dayName"": ""星期三"", ""periods"": [""1"", ""2""], ""raw"": ""1,2""}]",,,https://course.nuk.edu.tw/QueryCourse/tcontent.asp?OpenYear=091&Helf=1&Sclass=AB&Cono=1031,2026-08-26T17:59:16+00:00
091-1-AB-1051-A-1-A,091,1,管理學院,AB,亞太工商管理學系,1051,A,大學部,1,A,電腦概論,3,必,63,61,,2,陳一民,C01-109,,"5,6, 7",,,,,,"[{""day"": 2, ""dayName"": ""星期二"", ""periods"": [""5"", ""6"", ""7""], ""raw"": ""5,6, 7""}]",,,https://course.nuk.edu.tw/QueryCourse/tcontent.asp?OpenYear=091&Helf=1&Sclass=AB&Cono=1051,2026-08-26T17:59:16+00:00
091-1-AB-1071-A-1-A,091,1,管理學院,AB,亞太工商管理學系,1071,A,大學部,1,A,亞太工商管理概論,3,必,75,63,,12,陳一民,C02-103,,,,2,"1,2",,,"[{""day"": 4, ""dayName"": ""星期四"", ""periods"": [""2""], ""raw"": ""2""}, {""day"": 5, ""dayName"": ""星期五"", ""periods"": [""1"", ""2""], ""raw"": ""1,2""}]",,,https://course.nuk.edu.tw/QueryCourse/tcontent.asp?OpenYear=091&Helf=1&Sclass=AB&Cono=1071,2026-08-26T17:59:16+00:00
091-1-AE-1003-A-1-A,091,1,管理學院,AE,應用經濟學系,1003,A,大學部,1,A,經濟學原理(一),4,必,60,49,,11,李揚,B01-109,1,"5,6, 7",,,,,,"[{""day"": 1, ""dayName"": ""星期一"", ""periods"": [""1""], ""raw"": ""1""}, {""day"": 2, ""dayName"": ""星期二"", ""periods"": [""5"", ""6"", ""7""], ""raw"": ""5,6, 7""}]",,,https://course.nuk.edu.tw/QueryCourse/tcontent.asp?OpenYear=091&Helf=1&Sclass=AE&Cono=1003,2026-08-26T17:59:16+00:00
091-1-AE-1031-A-1-A,091,1,管理學院,AE,應用經濟學系,1031,A,大學部,1,A,商用數學,4,必,58,55,,3,翁銘章,B01-107,,,,"3,4","2,3",,,"[{""day"": 4, ""dayName"": ""星期四"", ""periods"": [""3"", ""4""], ""raw"": ""3,4""}, {""day"": 5, ""dayName"": ""星期五"", ""periods"": [""2"", ""3""], ""raw"": ""2,3""}]",,,https://course.nuk.edu.tw/QueryCourse/tcontent.asp?OpenYear=091&Helf=1&Sclass=AE&Cono=1031,2026-08-26T17:59:16+00:00
091-1-AE-1501-A-1-A,091,1,管理學院,AE,應用經濟學系,1501,A,大學部,1,A,台灣經濟發展導論,3,選,60,30,,30,蔡宗秀,B01-107,,,"2,3, 4",,,,,"[{""day"": 3, ""dayName"": ""星期三"", ""periods"": [""2"", ""3"", ""4""], ""raw"": ""2,3, 4""}]",,,https://course.nuk.edu.tw/QueryCourse/tcontent.asp?OpenYear=091&Helf=1&Sclass=AE&Cono=1501,2026-08-26T17:59:16+00:00
091-1-AE-2003-A-2-A,091,1,管理學院,AE,應用經濟學系,2003,A,大學部,2,A,應用總體經濟學,3,必,60,52,,8,翁銘章,C02-105,,,"2,3, 4",,,,,"[{""day"": 3, ""dayName"": ""星期三"", ""periods"": [""2"", ""3"", ""4""], ""raw"": ""2,3, 4""}]",,,https://course.nuk.edu.tw/QueryCourse/tcontent.asp?OpenYear=091&Helf=1&Sclass=AE&Cono=2003,2026-08-26T17:59:16+00:00
091-1-AE-2023-A-2-A,091,1,管理學院,AE,應用經濟學系,2023,A,大學部,2,A,應用個體經濟學,3,必,60,51,,9,蔡穎義,C02-105,,"5,6",,5,,,,"[{""day"": 2, ""dayName"": ""星期二"", ""periods"": [""5"", ""6""], ""raw"": ""5,6""}, {""day"": 4, ""dayName"": ""星期四"", ""periods"": [""5""], ""raw"": ""5""}]",,,https://course.nuk.edu.tw/QueryCourse/tcontent.asp?OpenYear=091&Helf=1&Sclass=AE&Cono=2023,2026-08-26T17:59:16+00:00
091-1-AE-2712-A-2-A,091,1,管理學院,AE,應用經濟學系,2712,A,大學部,2,A,經濟學原理,3,選,50,8,,42,楊智育,C01-409,,"5,6, 7",,,,,,"[{""day"": 2, ""dayName"": ""星期二"", ""periods"": [""5"", ""6"", ""7""], ""raw"": ""5,6, 7""}]",,,https://course.nuk.edu.tw/QueryCourse/tcontent.asp?OpenYear=091&Helf=1&Sclass=AE&Cono=2712,2026-08-26T17:59:16+00:00
091-1-AE-3011-A-3-A,091,1,管理學院,AE,應用經濟學系,3011,A,大學部,3,A,公共經濟學,3,必,60,37,,23,王鳳生,C02-106,,,,"2,3, 4",,,,"[{""day"": 4, ""dayName"": ""星期四"", ""periods"": [""2"", ""3"", ""4""], ""raw"": ""2,3, 4""}]",,,https://course.nuk.edu.tw/QueryCourse/tcontent.asp?OpenYear=091&Helf=1&Sclass=AE&Cono=3011,2026-08-26T17:59:16+00:00
091-1-AE-3031-A-3-A,091,1,管理學院,AE,應用經濟學系,3031,A,大學部,3,A,國際貿易,3,必,60,23,,37,鄭義暉,C02-106,,"2,3, 4",,,,,,"[{""day"": 2, ""dayName"": ""星期二"", ""periods"": [""2"", ""3"", ""4""], ""raw"": ""2,3, 4""}]",,區域與國際經濟學程必修,https://course.nuk.edu.tw/QueryCourse/tcontent.asp?OpenYear=091&Helf=1&Sclass=AE&Cono=3031,2026-08-26T17:59:16+00:00
091-1-AE-3041-A-3-A,091,1,管理學院,AE,應用經濟學系,3041,A,大學部,3,A,財務管理,3,必,60,39,,21,黃一祥,C02-106,,,,,"6,7, 8",,,"[{""day"": 5, ""dayName"": ""星期五"", ""periods"": [""6"", ""7"", ""8""], ""raw"": ""6,7, 8""}]",,金融與財務經濟學程必修,https://course.nuk.edu.tw/QueryCourse/tcontent.asp?OpenYear=091&Helf=1&Sclass=AE&Cono=3041,2026-08-26T17:59:16+00:00
091-1-AE-3051-A-3-A,091,1,管理學院,AE,應用經濟學系,3051,A,大學部,3,A,產業經濟學,3,必,60,24,,36,蔡穎義,C02-106,,,,"6,7, 8",,,,"[{""day"": 4, ""dayName"": ""星期四"", ""periods"": [""6"", ""7"", ""8""], ""raw"": ""6,7, 8""}]",,管理與產業經濟學程必修,https://course.nuk.edu.tw/QueryCourse/tcontent.asp?OpenYear=091&Helf=1&Sclass=AE&Cono=3051,2026-08-26T17:59:16+00:00
091-1-AE-3061-A-3-A,091,1,管理學院,AE,應用經濟學系,3061,A,大學部,3,A,健康經濟學,3,必,60,20,,40,耿紹勛,C02-106,"2,3, 4",,,,,,,"[{""day"": 1, ""dayName"": ""星期一"", ""periods"": [""2"", ""3"", ""4""], ""raw"": ""2,3, 4""}]",,健康與醫療經濟學程必修,https://course.nuk.edu.tw/QueryCourse/tcontent.asp?OpenYear=091&Helf=1&Sclass=AE&Cono=3061,2026-08-26T17:59:16+00:00
091-1-AE-3071-A-3-A,091,1,管理學院,AE,應用經濟學系,3071,A,大學部,3,A,企業概論,3,必,60,38,,22,陳榮泰,C02-106,,,,,"2,3, 4",,,"[{""day"": 5, ""dayName"": ""星期五"", ""periods"": [""2"", ""3"", ""4""], ""raw"": ""2,3, 4""}]",,,https://course.nuk.edu.tw/QueryCourse/tcontent.asp?OpenYear=091&Helf=1&Sclass=AE&Cono=3071,2026-08-26T17:59:16+00:00
091-1-AE-3501-A-3-A,091,1,管理學院,AE,應用經濟學系,3501,A,大學部,3,A,中等會計學,3,選,60,19,,41,李文智,B01-105,,"2,3, 4",,,,,,"[{""day"": 2, ""dayName"": ""星期二"", ""periods"": [""2"", ""3"", ""4""], ""raw"": ""2,3, 4""}]",,,https://course.nuk.edu.tw/QueryCourse/tcontent.asp?OpenYear=091&Helf=1&Sclass=AE&Cono=3501,2026-08-26T17:59:16+00:00
091-1-AE-3511-A-3-A,091,1,管理學院,AE,應用經濟學系,3511,A,大學部,3,A,高等統計學,3,選,60,24,,36,李揚,C02-106,,,"2,3, 4",,,,,"[{""day"": 3, ""dayName"": ""星期三"", ""periods"": [""2"", ""3"", ""4""], ""raw"": ""2,3, 4""}]",,,https://course.nuk.edu.tw/QueryCourse/tcontent.asp?OpenYear=091&Helf=1&Sclass=AE&Cono=3511,2026-08-26T17:59:16+00:00
091-1-FI-1001-A-1-A,091,1,管理學院,FI,財務金融學系,1001,A,大學部,1,A,經濟學原理,4,必,60,48,,12,翁銘章,B01-108,,,,"5,6, 7,8",,,,"[{""day"": 4, ""dayName"": ""星期四"", ""periods"": [""5"", ""6"", ""7"", ""8""], ""raw"": ""5,6, 7,8""}]",,,https://course.nuk.edu.tw/QueryCourse/tcontent.asp?OpenYear=091&Helf=1&Sclass=FI&Cono=1001,2026-08-26T17:59:16+00:00
091-1-FI-1011-A-1-A,091,1,管理學院,FI,財務金融學系,1011,A,大學部,1,A,會計學,4,必,55,50,,5,黃一祥,B01-108,,,,,"1,2, 3,4",,,"[{""day"": 5, ""dayName"": ""星期五"", ""periods"": [""1"", ""2"", ""3"", ""4""], ""raw"": ""1,2, 3,4""}]",,,https://course.nuk.edu.tw/QueryCourse/tcontent.asp?OpenYear=091&Helf=1&Sclass=FI&Cono=1011,2026-08-26T17:59:16+00:00
091-1-FI-1021-A-1-A,091,1,管理學院,FI,財務金融學系,1021,A,大學部,1,A,商用數學,4,必,54,53,,1,王澤世,B01-108,,"1,2, 3,4",,,,,,"[{""day"": 2, ""dayName"": ""星期二"", ""periods"": [""1"", ""2"", ""3"", ""4""], ""raw"": ""1,2, 3,4""}]",,,https://course.nuk.edu.tw/QueryCourse/tcontent.asp?OpenYear=091&Helf=1&Sclass=FI&Cono=1021,2026-08-26T17:59:16+00:00
091-1-FI-1031-A-1-A,091,1,管理學院,FI,財務金融學系,1031,A,大學部,1,A,統計學,4,必,54,48,,6,王澤世,B01-108,,,"1,2, 3,4",,,,,"[{""day"": 3, ""dayName"": ""星期三"", ""periods"": [""1"", ""2"", ""3"", ""4""], ""raw"": ""1,2, 3,4""}]",,,https://course.nuk.edu.tw/QueryCourse/tcontent.asp?OpenYear=091&Helf=1&Sclass=FI&Cono=1031,2026-08-26T17:59:16+00:00
091-1-IM-1001-A-1-a,091,1,管理學院,IM,資訊管理學系,1001,A,大學部,1,a,計算機概論(一),3,必,60,49,,11,王學亮,B01-206,,"2,3",,4,,,,"[{""day"": 2, ""dayName"": ""星期二"", ""periods"": [""2"", ""3""], ""raw"": ""2,3""}, {""day"": 4, ""dayName"": ""星期四"", ""periods"": [""4""], ""raw"": ""4""}]",,,https://course.nuk.edu.tw/QueryCourse/tcontent.asp?OpenYear=091&Helf=1&Sclass=IM&Cono=1001,2026-08-26T17:59:16+00:00
091-1-IM-1011-A-1-A,091,1,管理學院,IM,資訊管理學系,1011,A,大學部,1,A,企業概論,3,必,59,51,,8,趙建雄,B01-109,,,"3,4",,2,,,"[{""day"": 3, ""dayName"": ""星期三"", ""periods"": [""3"", ""4""], ""raw"": ""3,4""}, {""day"": 5, ""dayName"": ""星期五"", ""periods"": [""2""], ""raw"": ""2""}]",,,https://course.nuk.edu.tw/QueryCourse/tcontent.asp?OpenYear=091&Helf=1&Sclass=IM&Cono=1011,2026-08-26T17:59:16+00:00
091-1-IM-1021-A-1-A,091,1,管理學院,IM,資訊管理學系,1021,A,大學部,1,A,會計學(一),4,必,58,49,,9,趙建雄,B01-109,,,,"5,6, 7,8",,,,"[{""day"": 4, ""dayName"": ""星期四"", ""periods"": [""5"", ""6"", ""7"", ""8""], ""raw"": ""5,6, 7,8""}]",,,https://course.nuk.edu.tw/QueryCourse/tcontent.asp?OpenYear=091&Helf=1&Sclass=IM&Cono=1021,2026-08-26T17:59:16+00:00
091-1-IM-1031-A-1-a,091,1,管理學院,IM,資訊管理學系,1031,A,大學部,1,a,計算機概論,3,選,60,47,,13,王學亮,C01-108,,"5,6, 7",,,,,,"[{""day"": 2, ""dayName"": ""星期二"", ""periods"": [""5"", ""6"", ""7""], ""raw"": ""5,6, 7""}]",,,https://course.nuk.edu.tw/QueryCourse/tcontent.asp?OpenYear=091&Helf=1&Sclass=IM&Cono=1031,2026-08-26T17:59:16+00:00
091-1-IM-1501-A-1-A,091,1,管理學院,IM,資訊管理學系,1501,A,大學部,1,A,計算機概論,3,選,60,55,,5,王學亮,C01-108,,,,"7,8, 9",,,,"[{""day"": 4, ""dayName"": ""星期四"", ""periods"": [""7"", ""8"", ""9""], ""raw"": ""7,8, 9""}]",,,https://course.nuk.edu.tw/QueryCourse/tcontent.asp?OpenYear=091&Helf=1&Sclass=IM&Cono=1501,2026-08-26T17:59:16+00:00
091-1-ab-1003-A-1-A,091,1,管理學院,ab,亞太工商管理學系,1003,A,大學部,1,A,微積分,3,必,63,56,,7,盧昆宏,C02-103,,"2,3, 4",,,,,,"[{""day"": 2, ""dayName"": ""星期二"", ""periods"": [""2"", ""3"", ""4""], ""raw"": ""2,3, 4""}]",,,https://course.nuk.edu.tw/QueryCourse/tcontent.asp?OpenYear=091&Helf=1&Sclass=ab&Cono=1003,2026-08-26T17:59:16+00:00
091-1-ab-2001-A-2-A,091,1,管理學院,ab,亞太工商管理學系,2001,A,大學部,2,A,管理經濟學,3,必,60,53,,7,李博志,C02-104,4,,"2,3",,,,,"[{""day"": 1, ""dayName"": ""星期一"", ""periods"": [""4""], ""raw"": ""4""}, {""day"": 3, ""dayName"": ""星期三"", ""periods"": [""2"", ""3""], ""raw"": ""2,3""}]",,管理組必修,https://course.nuk.edu.tw/QueryCourse/tcontent.asp?OpenYear=091&Helf=1&Sclass=ab&Cono=2001,2026-08-26T17:59:16+00:00
091-1-ab-2011-A-2-A,091,1,管理學院,ab,亞太工商管理學系,2011,A,大學部,2,A,工作系統設計,3,必,60,48,,12,莊寶鵰,C02-104,,,4,"3,4",,,,"[{""day"": 3, ""dayName"": ""星期三"", ""periods"": [""4""], ""raw"": ""4""}, {""day"": 4, ""dayName"": ""星期四"", ""periods"": [""3"", ""4""], ""raw"": ""3,4""}]",,技術組必修,https://course.nuk.edu.tw/QueryCourse/tcontent.asp?OpenYear=091&Helf=1&Sclass=ab&Cono=2011,2026-08-26T17:59:16+00:00
091-1-ab-2021-A-2-A,091,1,管理學院,ab,亞太工商管理學系,2021,A,大學部,2,A,商事法,2,必,60,54,,6,曾千娟,C02-104,,"1,2",,,,,,"[{""day"": 2, ""dayName"": ""星期二"", ""periods"": [""1"", ""2""], ""raw"": ""1,2""}]",,,https://course.nuk.edu.tw/QueryCourse/tcontent.asp?OpenYear=091&Helf=1&Sclass=ab&Cono=2021,2026-08-26T17:59:16+00:00
091-1-ab-2031-A-2-A,091,1,管理學院,ab,亞太工商管理學系,2031,A,大學部,2,A,行銷管理,3,必,60,53,,7,陳一民,C02-104,,,,1,"3,4",,,"[{""day"": 4, ""dayName"": ""星期四"", ""periods"": [""1""], ""raw"": ""1""}, {""day"": 5, ""dayName"": ""星期五"", ""periods"": [""3"", ""4""], ""raw"": ""3,4""}]",,,https://course.nuk.edu.tw/QueryCourse/tcontent.asp?OpenYear=091&Helf=1&Sclass=ab&Cono=2031,2026-08-26T17:59:16+00:00
091-1-ab-2051-A-2-A,091,1,管理學院,ab,亞太工商管理學系,2051,A,大學部,2,A,國際經濟法,2,選,60,46,,14,周伯翰,C02-104,"2,3",,,,,,,"[{""day"": 1, ""dayName"": ""星期一"", ""periods"": [""2"", ""3""], ""raw"": ""2,3""}]",,,https://course.nuk.edu.tw/QueryCourse/tcontent.asp?OpenYear=091&Helf=1&Sclass=ab&Cono=2051,2026-08-26T17:59:16+00:00
091-1-ab-2061-A-2-A,091,1,管理學院,ab,亞太工商管理學系,2061,A,大學部,2,A,作業研究,3,必,60,52,,8,陳榮泰,C02-104,,,,"6,7, 8",,,,"[{""day"": 4, ""dayName"": ""星期四"", ""periods"": [""6"", ""7"", ""8""], ""raw"": ""6,7, 8""}]",,,https://course.nuk.edu.tw/QueryCourse/tcontent.asp?OpenYear=091&Helf=1&Sclass=ab&Cono=2061,2026-08-26T17:59:16+00:00
091-1-ae-1001-A-1-A,091,1,管理學院,ae,應用經濟學系,1001,A,大學部,1,A,經濟學原理,4,必,58,53,,5,王鳳生,B01-107,"1,2, 3,4",,,,,,,"[{""day"": 1, ""dayName"": ""星期一"", ""periods"": [""1"", ""2"", ""3"", ""4""], ""raw"": ""1,2, 3,4""}]",,,https://course.nuk.edu.tw/QueryCourse/tcontent.asp?OpenYear=091&Helf=1&Sclass=ae&Cono=1001,2026-08-26T17:59:16+00:00
091-1-ae-1011-A-1-A,091,1,管理學院,ae,應用經濟學系,1011,A,大學部,1,A,會計學,4,必,65,56,,9,陳玫峰,B01-107,,"1,2, 3,4",,,,,,"[{""day"": 2, ""dayName"": ""星期二"", ""periods"": [""1"", ""2"", ""3"", ""4""], ""raw"": ""1,2, 3,4""}]",,,https://course.nuk.edu.tw/QueryCourse/tcontent.asp?OpenYear=091&Helf=1&Sclass=ae&Cono=1011,2026-08-26T17:59:16+00:00
091-1-ae-1311-A-1-A,091,1,管理學院,ae,應用經濟學系,1311,A,大學部,1,A,經濟學,3,必,60,46,,14,鄭義暉,B01-106,,5,,"5,6",,,,"[{""day"": 2, ""dayName"": ""星期二"", ""periods"": [""5""], ""raw"": ""5""}, {""day"": 4, ""dayName"": ""星期四"", ""periods"": [""5"", ""6""], ""raw"": ""5,6""}]",,,https://course.nuk.edu.tw/QueryCourse/tcontent.asp?OpenYear=091&Helf=1&Sclass=ae&Cono=1311,2026-08-26T17:59:16+00:00
091-1-ae-1401-A-1-A,091,1,管理學院,ae,應用經濟學系,1401,A,大學部,1,A,經濟學,3,必,120,93,,27,楊筑安,C01-308,,,,,"2,3, 4",,,"[{""day"": 5, ""dayName"": ""星期五"", ""periods"": [""2"", ""3"", ""4""], ""raw"": ""2,3, 4""}]",,大一大二合班上課,https://course.nuk.edu.tw/QueryCourse/tcontent.asp?OpenYear=091&Helf=1&Sclass=ae&Cono=1401,2026-08-26T17:59:16+00:00
091-1-ae-1551-A-1-A,091,1,管理學院,ae,應用經濟學系,1551,A,大學部,1,A,經濟學,2,必,60,47,,13,蔡宗秀,B01-104,"3,4",,,,,,,"[{""day"": 1, ""dayName"": ""星期一"", ""periods"": [""3"", ""4""], ""raw"": ""3,4""}]",,經濟學、政治學、社會學等三門課程請本系學生選二門修讀,https://course.nuk.edu.tw/QueryCourse/tcontent.asp?OpenYear=091&Helf=1&Sclass=ae&Cono=1551,2026-08-26T17:59:16+00:00
091-1-ae-1401-A-2-A,091,1,管理學院,ae,應用經濟學系,1401,A,大學部,2,A,經濟學,3,必,120,93,,27,楊筑安,C01-308,,,,,"2,3, 4",,,"[{""day"": 5, ""dayName"": ""星期五"", ""periods"": [""2"", ""3"", ""4""], ""raw"": ""2,3, 4""}]",,大一大二合班上課,https://course.nuk.edu.tw/QueryCourse/tcontent.asp?OpenYear=091&Helf=1&Sclass=ae&Cono=1401,2026-08-26T17:59:16+00:00
091-1-ae-2031-A-2-A,091,1,管理學院,ae,應用經濟學系,2031,A,大學部,2,A,統計學,4,必,60,51,,9,李揚,C02-105,"2,3, 4",,1,,,,,"[{""day"": 1, ""dayName"": ""星期一"", ""periods"": [""2"", ""3"", ""4""], ""raw"": ""2,3, 4""}, {""day"": 3, ""dayName"": ""星期三"", ""periods"": [""1""], ""raw"": ""1""}]",,,https://course.nuk.edu.tw/QueryCourse/tcontent.asp?OpenYear=091&Helf=1&Sclass=ae&Cono=2031,2026-08-26T17:59:16+00:00
091-1-ae-2501-A-2-A,091,1,管理學院,ae,應用經濟學系,2501,A,大學部,2,A,經濟數學,3,必,60,43,,17,鄭義暉,C02-105,,7,,"3,4",,,,"[{""day"": 2, ""dayName"": ""星期二"", ""periods"": [""7""], ""raw"": ""7""}, {""day"": 4, ""dayName"": ""星期四"", ""periods"": [""3"", ""4""], ""raw"": ""3,4""}]",,與「應用計量經濟學」課程此二門課程至少需修習一門,https://course.nuk.edu.tw/QueryCourse/tcontent.asp?OpenYear=091&Helf=1&Sclass=ae&Cono=2501,2026-08-26T17:59:16+00:00
091-1-ae-2511-A-2-A,091,1,管理學院,ae,應用經濟學系,2511,A,大學部,2,A,當代經濟課題探討系列(一),3,選,60,17,,43,蔡穎義,C02-105,,"2,3, 4",,,,,,"[{""day"": 2, ""dayName"": ""星期二"", ""periods"": [""2"", ""3"", ""4""], ""raw"": ""2,3, 4""}]",,英文授課。由蔡穎義、蔡宗秀、王澤世共同擔任,https://course.nuk.edu.tw/QueryCourse/tcontent.asp?OpenYear=091&Helf=1&Sclass=ae&Cono=2511,2026-08-26T17:59:16+00:00
