id,year,semester,college,department,departmentName,courseId,division,divisionName,grade,className,courseName,credits,courseType,capacity,confirmed,enrolled,remaining,teacher,classroom,monday,tuesday,wednesday,thursday,friday,saturday,sunday,scheduleJson,restrictions,notes,detailUrl,fetchedAtUtc
107-2-CCD-A04B-A-1-A,107,2,人文社會科學院,CCD,工藝與創意設計學系,A04B,A,大學部,1,A,基本造型構成(二),3,必,60,41,,19,黃裕宸 陳冠勳,,,,,,"5,6, 7,8",,,"[{""day"": 5, ""dayName"": ""星期五"", ""periods"": [""5"", ""6"", ""7"", ""8""], ""raw"": ""5,6, 7,8""}]",限修,教室:大一工作室,https://course.nuk.edu.tw/QueryCourse/tcontent.asp?OpenYear=107&Helf=2&Sclass=CCD&Cono=A04B,2026-08-26T18:18:27+00:00
107-2-CCD-A05A-A-1-A,107,2,人文社會科學院,CCD,工藝與創意設計學系,A05A,A,大學部,1,A,基礎雕塑(二)-A,3,必,25,17,,8,沈明旺,,,,,"2,3, 4",,,,"[{""day"": 4, ""dayName"": ""星期四"", ""periods"": [""2"", ""3"", ""4""], ""raw"": ""2,3, 4""}]",限修,工坊木竹教室,https://course.nuk.edu.tw/QueryCourse/tcontent.asp?OpenYear=107&Helf=2&Sclass=CCD&Cono=A05A,2026-08-26T18:18:27+00:00
107-2-CCD-A05B-A-1-A,107,2,人文社會科學院,CCD,工藝與創意設計學系,A05B,A,大學部,1,A,基礎雕塑(二)-B,3,必,25,23,,2,康錦樹,,,,,"2,3, 4",,,,"[{""day"": 4, ""dayName"": ""星期四"", ""periods"": [""2"", ""3"", ""4""], ""raw"": ""2,3, 4""}]",限修,工坊塑造教室,https://course.nuk.edu.tw/QueryCourse/tcontent.asp?OpenYear=107&Helf=2&Sclass=CCD&Cono=A05B,2026-08-26T18:18:27+00:00
107-2-CCD-A502-A-1-A,107,2,人文社會科學院,CCD,工藝與創意設計學系,A502,A,大學部,1,A,圖案設計,2,選,50,32,,18,洪碩延,H1--102,,,,"5,6",,,,"[{""day"": 4, ""dayName"": ""星期四"", ""periods"": [""5"", ""6""], ""raw"": ""5,6""}]",限修,教室:H1-102,https://course.nuk.edu.tw/QueryCourse/tcontent.asp?OpenYear=107&Helf=2&Sclass=CCD&Cono=A502,2026-08-26T18:18:27+00:00
107-2-CCD-A503-A-1-A,107,2,人文社會科學院,CCD,工藝與創意設計學系,A503,A,大學部,1,A,設計素描,2,選,50,33,,17,康錦樹,,,"2,3, 4",,,,,,"[{""day"": 2, ""dayName"": ""星期二"", ""periods"": [""2"", ""3"", ""4""], ""raw"": ""2,3, 4""}]",限修,教室-藝創系工坊塑造教室,https://course.nuk.edu.tw/QueryCourse/tcontent.asp?OpenYear=107&Helf=2&Sclass=CCD&Cono=A503,2026-08-26T18:18:27+00:00
107-2-CCD-A504-A-1-A,107,2,人文社會科學院,CCD,工藝與創意設計學系,A504,A,大學部,1,A,設計媒材(二),2,選,26,26,,0,賴廷鴻 王政弘,H1--112,,,,"8,9",,,,"[{""day"": 4, ""dayName"": ""星期四"", ""periods"": [""8"", ""9""], ""raw"": ""8,9""}]",限修及外加,教室:大一工作室,https://course.nuk.edu.tw/QueryCourse/tcontent.asp?OpenYear=107&Helf=2&Sclass=CCD&Cono=A504,2026-08-26T18:18:27+00:00
107-2-CCD-A512-A-1-A,107,2,人文社會科學院,CCD,工藝與創意設計學系,A512,A,大學部,1,A,電腦影像處理,2,選,37,37,,0,王政弘,H1--112,,"5,6",,,,,,"[{""day"": 2, ""dayName"": ""星期二"", ""periods"": [""5"", ""6""], ""raw"": ""5,6""}]",限修及外加,建議同學選修此課程。教室-H1-112教室,https://course.nuk.edu.tw/QueryCourse/tcontent.asp?OpenYear=107&Helf=2&Sclass=CCD&Cono=A512,2026-08-26T18:18:27+00:00
107-2-CCD-A521-A-1-A,107,2,人文社會科學院,CCD,工藝與創意設計學系,A521,A,大學部,1,A,模型製作,2,選,16,16,,0,翁群儀,H1--332,,"10,11",,,,,,"[{""day"": 2, ""dayName"": ""星期二"", ""periods"": [""10"", ""11""], ""raw"": ""10,11""}]",,H1-332,https://course.nuk.edu.tw/QueryCourse/tcontent.asp?OpenYear=107&Helf=2&Sclass=CCD&Cono=A521,2026-08-26T18:18:27+00:00
107-2-CCD-A531-A-1-A,107,2,人文社會科學院,CCD,工藝與創意設計學系,A531,A,大學部,1,A,美學,2,選,60,10,,50,朱能榮,H1--107,"3,4",,,,,,,"[{""day"": 1, ""dayName"": ""星期一"", ""periods"": [""3"", ""4""], ""raw"": ""3,4""}]",限修,教室H1-107,https://course.nuk.edu.tw/QueryCourse/tcontent.asp?OpenYear=107&Helf=2&Sclass=CCD&Cono=A531,2026-08-26T18:18:27+00:00
107-2-CCD-A532-A-1-A,107,2,人文社會科學院,CCD,工藝與創意設計學系,A532,A,大學部,1,A,產品表現技法,2,選,31,31,,0,賴廷鴻,H1--108,,,"3,4",,,,,"[{""day"": 3, ""dayName"": ""星期三"", ""periods"": [""3"", ""4""], ""raw"": ""3,4""}]",限修及外加,教室-H1-108,https://course.nuk.edu.tw/QueryCourse/tcontent.asp?OpenYear=107&Helf=2&Sclass=CCD&Cono=A532,2026-08-26T18:18:27+00:00
107-2-CDA-B013-A-2-A,107,2,人文社會科學院,CDA,創意設計與建築學系,B013,A,大學部,2,A,西洋工藝史,2,必,50,29,,21,朱能榮,H1--107,"5,6",,,,,,,"[{""day"": 1, ""dayName"": ""星期一"", ""periods"": [""5"", ""6""], ""raw"": ""5,6""}]",限修,教室-H1-107,https://course.nuk.edu.tw/QueryCourse/tcontent.asp?OpenYear=107&Helf=2&Sclass=CDA&Cono=B013,2026-08-26T18:18:27+00:00
107-2-CDA-B014-A-2-A,107,2,人文社會科學院,CDA,創意設計與建築學系,B014,A,大學部,2,A,近代建築史,2,必,20,16,,4,陳逸杰,H1--107,,,,"7,8",,,,"[{""day"": 4, ""dayName"": ""星期四"", ""periods"": [""7"", ""8""], ""raw"": ""7,8""}]",限修,教室：H1-107教室,https://course.nuk.edu.tw/QueryCourse/tcontent.asp?OpenYear=107&Helf=2&Sclass=CDA&Cono=B014,2026-08-26T18:18:27+00:00
107-2-CDA-B033-A-2-A,107,2,人文社會科學院,CDA,創意設計與建築學系,B033,A,大學部,2,A,視覺傳達設計,2,必,40,30,,10,黃裕宸,,,,,"5,6",,,,"[{""day"": 4, ""dayName"": ""星期四"", ""periods"": [""5"", ""6""], ""raw"": ""5,6""}]",限修,教室工坊大二工作室,https://course.nuk.edu.tw/QueryCourse/tcontent.asp?OpenYear=107&Helf=2&Sclass=CDA&Cono=B033,2026-08-26T18:18:27+00:00
107-2-CDA-B034-A-2-A,107,2,人文社會科學院,CDA,創意設計與建築學系,B034,A,大學部,2,A,造型原理與設計,3,選,37,19,,18,康錦樹,,,,"7,8, 9",,,,,"[{""day"": 3, ""dayName"": ""星期三"", ""periods"": [""7"", ""8"", ""9""], ""raw"": ""7,8, 9""}]",限修及外加,教室-工坊塑造教室,https://course.nuk.edu.tw/QueryCourse/tcontent.asp?OpenYear=107&Helf=2&Sclass=CDA&Cono=B034,2026-08-26T18:18:27+00:00
107-2-CDA-B041-A-2-A,107,2,人文社會科學院,CDA,創意設計與建築學系,B041,A,大學部,2,A,傳統圖案研究,2,必,41,29,,12,沈明旺,H1--108,"7,8",,,,,,,"[{""day"": 1, ""dayName"": ""星期一"", ""periods"": [""7"", ""8""], ""raw"": ""7,8""}]",限修,教室:H1-108,https://course.nuk.edu.tw/QueryCourse/tcontent.asp?OpenYear=107&Helf=2&Sclass=CDA&Cono=B041,2026-08-26T18:18:27+00:00
107-2-CDA-B051-A-2-A,107,2,人文社會科學院,CDA,創意設計與建築學系,B051,A,大學部,2,A,創意設計(二),3,必,45,30,,15,翁群儀,,,,,,"5,6, 7",,,"[{""day"": 5, ""dayName"": ""星期五"", ""periods"": [""5"", ""6"", ""7""], ""raw"": ""5,6, 7""}]",先修 限修及外加,教室-工坊大二工作室,https://course.nuk.edu.tw/QueryCourse/tcontent.asp?OpenYear=107&Helf=2&Sclass=CDA&Cono=B051,2026-08-26T18:18:27+00:00
107-2-CDA-B123-A-2-A,107,2,人文社會科學院,CDA,創意設計與建築學系,B123,A,大學部,2,A,建築結構力學,2,必,20,19,,1,陳怡兆,H1--103,,,"7,8",,,,,"[{""day"": 3, ""dayName"": ""星期三"", ""periods"": [""7"", ""8""], ""raw"": ""7,8""}]",限修,教室：h1-103,https://course.nuk.edu.tw/QueryCourse/tcontent.asp?OpenYear=107&Helf=2&Sclass=CDA&Cono=B123,2026-08-26T18:18:27+00:00
107-2-CDA-B124-A-2-A,107,2,人文社會科學院,CDA,創意設計與建築學系,B124,A,大學部,2,A,建築物理環境,2,必,20,16,,4,葉育君,H1--102,,,,,"3,4",,,"[{""day"": 5, ""dayName"": ""星期五"", ""periods"": [""3"", ""4""], ""raw"": ""3,4""}]",限修,教室：H1-102教室,https://course.nuk.edu.tw/QueryCourse/tcontent.asp?OpenYear=107&Helf=2&Sclass=CDA&Cono=B124,2026-08-26T18:18:27+00:00
107-2-CDA-B12B-A-2-A,107,2,人文社會科學院,CDA,創意設計與建築學系,B12B,A,大學部,2,A,建築構造(二),2,必,25,17,,8,陳怡兆,H1--101,,,"3,4",,,,,"[{""day"": 3, ""dayName"": ""星期三"", ""periods"": [""3"", ""4""], ""raw"": ""3,4""}]",,教室H1-101,https://course.nuk.edu.tw/QueryCourse/tcontent.asp?OpenYear=107&Helf=2&Sclass=CDA&Cono=B12B,2026-08-26T18:18:27+00:00
107-2-CDA-B15B-A-2-A,107,2,人文社會科學院,CDA,創意設計與建築學系,B15B,A,大學部,2,A,工藝與工業設計專題(二),2,必,41,32,,9,翁群儀,,,,,,"8,9",,,"[{""day"": 5, ""dayName"": ""星期五"", ""periods"": [""8"", ""9""], ""raw"": ""8,9""}]",限修及外加,教室-工坊大二工作室,https://course.nuk.edu.tw/QueryCourse/tcontent.asp?OpenYear=107&Helf=2&Sclass=CDA&Cono=B15B,2026-08-26T18:18:27+00:00
107-2-CDA-B502-A-2-A,107,2,人文社會科學院,CDA,創意設計與建築學系,B502,A,大學部,2,A,設計議題,2,選,30,13,,17,黃裕宸,,,,,,"3,4",,,"[{""day"": 5, ""dayName"": ""星期五"", ""periods"": [""3"", ""4""], ""raw"": ""3,4""}]",限修,教室-工坊大二工作室,https://course.nuk.edu.tw/QueryCourse/tcontent.asp?OpenYear=107&Helf=2&Sclass=CDA&Cono=B502,2026-08-26T18:18:27+00:00
107-2-CDA-B512-A-2-A,107,2,人文社會科學院,CDA,創意設計與建築學系,B512,A,大學部,2,A,影像美學與攝影史,2,選,40,10,,30,侯淑姿,H1--102,,"3,4",,,,,,"[{""day"": 2, ""dayName"": ""星期二"", ""periods"": [""3"", ""4""], ""raw"": ""3,4""}]",限修,教室:H1-102,https://course.nuk.edu.tw/QueryCourse/tcontent.asp?OpenYear=107&Helf=2&Sclass=CDA&Cono=B512,2026-08-26T18:18:27+00:00
107-2-CDA-B524-A-2-A,107,2,人文社會科學院,CDA,創意設計與建築學系,B524,A,大學部,2,A,錫質媒材創作,2,選,12,10,,2,賴廷鴻,,,"10,11",,,,,,"[{""day"": 2, ""dayName"": ""星期二"", ""periods"": [""10"", ""11""], ""raw"": ""10,11""}]",限修,教室:工坊金工教室,https://course.nuk.edu.tw/QueryCourse/tcontent.asp?OpenYear=107&Helf=2&Sclass=CDA&Cono=B524,2026-08-26T18:18:27+00:00
107-2-CDA-B52B-A-2-A,107,2,人文社會科學院,CDA,創意設計與建築學系,B52B,A,大學部,2,A,平面造型設計與應用(二),3,選,21,16,,5,黃裕宸,,,,,"2,3, 4",,,,"[{""day"": 4, ""dayName"": ""星期四"", ""periods"": [""2"", ""3"", ""4""], ""raw"": ""2,3, 4""}]",限修及外加,教室:工坊大二工作室。,https://course.nuk.edu.tw/QueryCourse/tcontent.asp?OpenYear=107&Helf=2&Sclass=CDA&Cono=B52B,2026-08-26T18:18:27+00:00
107-2-CDA-B566-A-2-A,107,2,人文社會科學院,CDA,創意設計與建築學系,B566,A,大學部,2,A,數位圖像設計與編輯(二),3,選,21,15,,6,王政弘,H1--112,,,,"2,3, 4",,,,"[{""day"": 4, ""dayName"": ""星期四"", ""periods"": [""2"", ""3"", ""4""], ""raw"": ""2,3, 4""}]",限修及外加,教室:HI-112,https://course.nuk.edu.tw/QueryCourse/tcontent.asp?OpenYear=107&Helf=2&Sclass=CDA&Cono=B566,2026-08-26T18:18:27+00:00
107-2-CDA-B591-A-2-A,107,2,人文社會科學院,CDA,創意設計與建築學系,B591,A,大學部,2,A,產品語意學,2,選,40,11,,29,洪碩延,H1--102,,,"5,6",,,,,"[{""day"": 3, ""dayName"": ""星期三"", ""periods"": [""5"", ""6""], ""raw"": ""5,6""}]",限修,教室-H1-102,https://course.nuk.edu.tw/QueryCourse/tcontent.asp?OpenYear=107&Helf=2&Sclass=CDA&Cono=B591,2026-08-26T18:18:27+00:00
107-2-CDA-B64E-A-2-A,107,2,人文社會科學院,CDA,創意設計與建築學系,B64E,A,大學部,2,A,木質媒材創作(二),3,選,12,10,,2,沈明旺,,,"5,6, 7",,,,,,"[{""day"": 2, ""dayName"": ""星期二"", ""periods"": [""5"", ""6"", ""7""], ""raw"": ""5,6, 7""}]",限修,教室-工坊木竹教室,https://course.nuk.edu.tw/QueryCourse/tcontent.asp?OpenYear=107&Helf=2&Sclass=CDA&Cono=B64E,2026-08-26T18:18:27+00:00
107-2-CDA-B64F-A-2-A,107,2,人文社會科學院,CDA,創意設計與建築學系,B64F,A,大學部,2,A,金屬媒材創作(二),3,選,16,16,,0,賴廷鴻,,,"5,6, 7",,,,,,"[{""day"": 2, ""dayName"": ""星期二"", ""periods"": [""5"", ""6"", ""7""], ""raw"": ""5,6, 7""}]",限修及外加,教室-工坊金工教室,https://course.nuk.edu.tw/QueryCourse/tcontent.asp?OpenYear=107&Helf=2&Sclass=CDA&Cono=B64F,2026-08-26T18:18:27+00:00
107-2-CDA-C07C-A-2-A,107,2,人文社會科學院,CDA,創意設計與建築學系,C07C,A,大學部,2,A,建築設計(四)A,5,必,22,17,,5,廖硃岑 許家彰,H1--110,,"1,2, 3,4, 5,6, 7,8",,,,,,"[{""day"": 2, ""dayName"": ""星期二"", ""periods"": [""1"", ""2"", ""3"", ""4"", ""5"", ""6"", ""7"", ""8""], ""raw"": ""1,2, 3,4, 5,6, 7,8""}]",先修 限修及外加,教室：h1-110，教師：許家彰建築師+廖硃岑老師,https://course.nuk.edu.tw/QueryCourse/tcontent.asp?OpenYear=107&Helf=2&Sclass=CDA&Cono=C07C,2026-08-26T18:18:27+00:00
107-2-CDA-B64K-A-3-A,107,2,人文社會科學院,CDA,創意設計與建築學系,B64K,A,大學部,3,A,木質媒材創作(四),3,選,16,13,,3,沈明旺,,,,,"5,6, 7",,,,"[{""day"": 4, ""dayName"": ""星期四"", ""periods"": [""5"", ""6"", ""7""], ""raw"": ""5,6, 7""}]",限修及外加,教室-工坊木竹教室,https://course.nuk.edu.tw/QueryCourse/tcontent.asp?OpenYear=107&Helf=2&Sclass=CDA&Cono=B64K,2026-08-26T18:18:27+00:00
107-2-CDA-B64L-A-3-A,107,2,人文社會科學院,CDA,創意設計與建築學系,B64L,A,大學部,3,A,金屬媒材創作(四),3,選,15,11,,4,賴廷鴻,,,,,"5,6, 7",,,,"[{""day"": 4, ""dayName"": ""星期四"", ""periods"": [""5"", ""6"", ""7""], ""raw"": ""5,6, 7""}]",限修,教室-工坊金工教室,https://course.nuk.edu.tw/QueryCourse/tcontent.asp?OpenYear=107&Helf=2&Sclass=CDA&Cono=B64L,2026-08-26T18:18:27+00:00
107-2-CDA-C012-A-3-A,107,2,人文社會科學院,CDA,創意設計與建築學系,C012,A,大學部,3,A,台灣建築史,2,必,20,15,,5,廖硃岑,H1--106,,,"3,4",,,,,"[{""day"": 3, ""dayName"": ""星期三"", ""periods"": [""3"", ""4""], ""raw"": ""3,4""}]",限修,教室：h1-106教室,https://course.nuk.edu.tw/QueryCourse/tcontent.asp?OpenYear=107&Helf=2&Sclass=CDA&Cono=C012,2026-08-26T18:18:27+00:00
107-2-CDA-C022-A-3-A,107,2,人文社會科學院,CDA,創意設計與建築學系,C022,A,大學部,3,A,田野調查(二),2,必,40,32,,8,侯淑姿,H1--102,,,"3,4",,,,,"[{""day"": 3, ""dayName"": ""星期三"", ""periods"": [""3"", ""4""], ""raw"": ""3,4""}]",限修,教室H1-102,https://course.nuk.edu.tw/QueryCourse/tcontent.asp?OpenYear=107&Helf=2&Sclass=CDA&Cono=C022,2026-08-26T18:18:27+00:00
107-2-CDA-C031-A-3-A,107,2,人文社會科學院,CDA,創意設計與建築學系,C031,A,大學部,3,A,創意設計(四),3,必,42,35,,7,洪碩延,H1--102,,,,"2,3, 4",,,,"[{""day"": 4, ""dayName"": ""星期四"", ""periods"": [""2"", ""3"", ""4""], ""raw"": ""2,3, 4""}]",先修 限修及外加,教室-H1-102,https://course.nuk.edu.tw/QueryCourse/tcontent.asp?OpenYear=107&Helf=2&Sclass=CDA&Cono=C031,2026-08-26T18:18:27+00:00
107-2-CDA-C061-A-3-A,107,2,人文社會科學院,CDA,創意設計與建築學系,C061,A,大學部,3,A,建築法規,2,必,21,17,,4,吳啟光,H1--102,,"6,7",,,,,,"[{""day"": 2, ""dayName"": ""星期二"", ""periods"": [""6"", ""7""], ""raw"": ""6,7""}]",限修及外加,教師：吳啟光老師，教室：H1-102教室,https://course.nuk.edu.tw/QueryCourse/tcontent.asp?OpenYear=107&Helf=2&Sclass=CDA&Cono=C061,2026-08-26T18:18:27+00:00
107-2-CDA-C505-A-3-A,107,2,人文社會科學院,CDA,創意設計與建築學系,C505,A,大學部,3,A,現代主義之後的建築發展,2,選,20,19,,1,陳逸杰,H1--101,,,,"3,4",,,,"[{""day"": 4, ""dayName"": ""星期四"", ""periods"": [""3"", ""4""], ""raw"": ""3,4""}]",限修,教室：H1-101。本課程建築組同學必須選修。,https://course.nuk.edu.tw/QueryCourse/tcontent.asp?OpenYear=107&Helf=2&Sclass=CDA&Cono=C505,2026-08-26T18:18:27+00:00
107-2-CDA-C534-A-3-A,107,2,人文社會科學院,CDA,創意設計與建築學系,C534,A,大學部,3,A,數位內容設計,2,選,31,18,,13,王政弘,H1--112,,,"5,6",,,,,"[{""day"": 3, ""dayName"": ""星期三"", ""periods"": [""5"", ""6""], ""raw"": ""5,6""}]",限修及外加,教室:H1-112,https://course.nuk.edu.tw/QueryCourse/tcontent.asp?OpenYear=107&Helf=2&Sclass=CDA&Cono=C534,2026-08-26T18:18:27+00:00
107-2-CDA-C552-A-3-A,107,2,人文社會科學院,CDA,創意設計與建築學系,C552,A,大學部,3,A,玉石媒材創作(二),2,選,13,11,,2,盧志松,,,,,,"5,6, 7",,,"[{""day"": 5, ""dayName"": ""星期五"", ""periods"": [""5"", ""6"", ""7""], ""raw"": ""5,6, 7""}]",限修,教室-工坊玉石教室,https://course.nuk.edu.tw/QueryCourse/tcontent.asp?OpenYear=107&Helf=2&Sclass=CDA&Cono=C552,2026-08-26T18:18:27+00:00
107-2-CDA-C561-A-3-A,107,2,人文社會科學院,CDA,創意設計與建築學系,C561,A,大學部,3,A,企業識別體系,2,選,40,14,,26,洪碩延,H1--102,,,"7,8",,,,,"[{""day"": 3, ""dayName"": ""星期三"", ""periods"": [""7"", ""8""], ""raw"": ""7,8""}]",限修,教室:H1-102,https://course.nuk.edu.tw/QueryCourse/tcontent.asp?OpenYear=107&Helf=2&Sclass=CDA&Cono=C561,2026-08-26T18:18:27+00:00
107-2-CDA-C581-A-3-A,107,2,人文社會科學院,CDA,創意設計與建築學系,C581,A,大學部,3,A,互動科技藝術,3,選,30,13,,17,王政弘,H1--112,,"2,3, 4",,,,,,"[{""day"": 2, ""dayName"": ""星期二"", ""periods"": [""2"", ""3"", ""4""], ""raw"": ""2,3, 4""}]",限修,教室:H1-112,https://course.nuk.edu.tw/QueryCourse/tcontent.asp?OpenYear=107&Helf=2&Sclass=CDA&Cono=C581,2026-08-26T18:18:27+00:00
107-2-CDA-C60D-A-3-A,107,2,人文社會科學院,CDA,創意設計與建築學系,C60D,A,大學部,3,A,漆器工藝專題(二),2,選,14,14,,0,翁群儀,,,,,"8,9",,,,"[{""day"": 4, ""dayName"": ""星期四"", ""periods"": [""8"", ""9""], ""raw"": ""8,9""}]",限修及外加,上課教室:工坊文產教室,https://course.nuk.edu.tw/QueryCourse/tcontent.asp?OpenYear=107&Helf=2&Sclass=CDA&Cono=C60D,2026-08-26T18:18:27+00:00
107-2-CDA-C631-A-3-A,107,2,人文社會科學院,CDA,創意設計與建築學系,C631,A,大學部,3,A,都市設計,2,選,20,16,,4,曾梓峰,H3--106,,"3,4",,,,,,"[{""day"": 2, ""dayName"": ""星期二"", ""periods"": [""3"", ""4""], ""raw"": ""3,4""}]",,教室：H3-106研究室,https://course.nuk.edu.tw/QueryCourse/tcontent.asp?OpenYear=107&Helf=2&Sclass=CDA&Cono=C631,2026-08-26T18:18:27+00:00
107-2-CDA-C701-A-3-A,107,2,人文社會科學院,CDA,創意設計與建築學系,C701,A,大學部,3,A,商業攝影,3,選,20,19,,1,侯淑姿,H1--332,,"5,6, 7",,,,,,"[{""day"": 2, ""dayName"": ""星期二"", ""periods"": [""5"", ""6"", ""7""], ""raw"": ""5,6, 7""}]",,教室:H1-332,https://course.nuk.edu.tw/QueryCourse/tcontent.asp?OpenYear=107&Helf=2&Sclass=CDA&Cono=C701,2026-08-26T18:18:27+00:00
107-2-CDA-D06B-A-3-A,107,2,人文社會科學院,CDA,創意設計與建築學系,D06B,A,大學部,3,A,建築設計(六)B,6,必,17,11,,6,陳仁,,"1,2, 3,4, 5,6, 7,8",,,,,,,"[{""day"": 1, ""dayName"": ""星期一"", ""periods"": [""1"", ""2"", ""3"", ""4"", ""5"", ""6"", ""7"", ""8""], ""raw"": ""1,2, 3,4, 5,6, 7,8""}]",先修 外加,教室：人文院藝文空間,https://course.nuk.edu.tw/QueryCourse/tcontent.asp?OpenYear=107&Helf=2&Sclass=CDA&Cono=D06B,2026-08-26T18:18:27+00:00
107-2-CDA-D06C-A-3-A,107,2,人文社會科學院,CDA,創意設計與建築學系,D06C,A,大學部,3,A,建築設計(六)C,6,必,12,10,,2,葉育君,H3--102,"1,2, 3,4, 5,6, 7,8",,,,,,,"[{""day"": 1, ""dayName"": ""星期一"", ""periods"": [""1"", ""2"", ""3"", ""4"", ""5"", ""6"", ""7"", ""8""], ""raw"": ""1,2, 3,4, 5,6, 7,8""}]",先修 外加,教室：H3-102,https://course.nuk.edu.tw/QueryCourse/tcontent.asp?OpenYear=107&Helf=2&Sclass=CDA&Cono=D06C,2026-08-26T18:18:27+00:00
107-2-CDA-C571-A-4-A,107,2,人文社會科學院,CDA,創意設計與建築學系,C571,A,大學部,4,A,設計與行銷,2,選,37,12,,25,洪碩延,H1--102,,,,"7,8",,,,"[{""day"": 4, ""dayName"": ""星期四"", ""periods"": [""7"", ""8""], ""raw"": ""7,8""}]",限修及外加,教室,https://course.nuk.edu.tw/QueryCourse/tcontent.asp?OpenYear=107&Helf=2&Sclass=CDA&Cono=C571,2026-08-26T18:18:27+00:00
107-2-CDA-D02A-A-4-A,107,2,人文社會科學院,CDA,創意設計與建築學系,D02A,A,大學部,4,A,創意設計(六)-A,3,必,20,15,,5,王政弘 洪碩延 黃裕宸,H1--112 其他教室,,,"1,2, 3,4",,,,,"[{""day"": 3, ""dayName"": ""星期三"", ""periods"": [""1"", ""2"", ""3"", ""4""], ""raw"": ""1,2, 3,4""}]",先修 限修,教室:洪碩延老師-H1-334、王政弘老師-H1-112、黃裕宸老師-H1-330,https://course.nuk.edu.tw/QueryCourse/tcontent.asp?OpenYear=107&Helf=2&Sclass=CDA&Cono=D02A,2026-08-26T18:18:27+00:00
107-2-CDA-D02B-A-4-A,107,2,人文社會科學院,CDA,創意設計與建築學系,D02B,A,大學部,4,A,創意設計(六)-B,3,必,20,16,,4,翁群儀 賴廷鴻 侯淑姿 沈明旺,H1--332,,,"5,6, 7,8",,,,,"[{""day"": 3, ""dayName"": ""星期三"", ""periods"": [""5"", ""6"", ""7"", ""8""], ""raw"": ""5,6, 7,8""}]",先修 限修,教室:翁群儀老師-文產教室、賴廷鴻老師-金工教室、侯淑姿老師-H1-332、沈明旺老師:木竹教室,https://course.nuk.edu.tw/QueryCourse/tcontent.asp?OpenYear=107&Helf=2&Sclass=CDA&Cono=D02B,2026-08-26T18:18:27+00:00
107-2-CDA-D06A-A-4-A,107,2,人文社會科學院,CDA,創意設計與建築學系,D06A,A,大學部,4,A,建築設計(六)A,6,必,13,13,,0,陳逸杰 徐岩奇,H1--108,,,,,,"1,2, 3,4, 5,6, 7,8",,"[{""day"": 6, ""dayName"": ""星期六"", ""periods"": [""1"", ""2"", ""3"", ""4"", ""5"", ""6"", ""7"", ""8""], ""raw"": ""1,2, 3,4, 5,6, 7,8""}]",先修 限修及外加,教室：h1-108教室,https://course.nuk.edu.tw/QueryCourse/tcontent.asp?OpenYear=107&Helf=2&Sclass=CDA&Cono=D06A,2026-08-26T18:18:27+00:00
107-2-CDA-F563-M-2-,107,2,人文社會科學院,CDA,創意設計與建築學系,F563,M,碩士班,2,,當代藝術專業英文,2,選,7,4,,3,侯淑姿,H1--332,"7,8",,,,,,,"[{""day"": 1, ""dayName"": ""星期一"", ""periods"": [""7"", ""8""], ""raw"": ""7,8""}]",限修,"全外語授課-英文,本課程限創建系創意設計組碩士班學生選修，學期總成績達70分即符合本系外語能力認定之標準。",https://course.nuk.edu.tw/QueryCourse/tcontent.asp?OpenYear=107&Helf=2&Sclass=CDA&Cono=F563,2026-08-26T18:18:27+00:00
107-2-CHS-A801-A-1-A,107,2,人文社會科學院,CHS,人文社會科學院共同課程,A801,A,大學部,1,A,人文程式設計,3,選,30,30,,0,曾智義,L01-107,"2,3, 4",,,,,,,"[{""day"": 1, ""dayName"": ""星期一"", ""periods"": [""2"", ""3"", ""4""], ""raw"": ""2,3, 4""}]",,本課程由通識教育中心曾智義老師為主負責教師，開放人文社會科學院學生修課，本課程可抵人文社會科學院所屬學系畢業學分，經費由本校深耕計畫支應，請校方協助媒合電腦教室(需有電源插座)供教師上課用。,https://course.nuk.edu.tw/QueryCourse/tcontent.asp?OpenYear=107&Helf=2&Sclass=CHS&Cono=A801,2026-08-26T18:18:27+00:00
107-2-DA-A02A-A-1-A,107,2,人文社會科學院,DA,建築學系,A02A,A,大學部,1,A,建築設計(二)A,4,必,11,11,,0,馬瑜嬪,H1--110,,,,"1,2, 3,4, 5,6, 7,8",,,,"[{""day"": 4, ""dayName"": ""星期四"", ""periods"": [""1"", ""2"", ""3"", ""4"", ""5"", ""6"", ""7"", ""8""], ""raw"": ""1,2, 3,4, 5,6, 7,8""}]",先修 限修及外加,教室：H1-110演講廳,https://course.nuk.edu.tw/QueryCourse/tcontent.asp?OpenYear=107&Helf=2&Sclass=DA&Cono=A02A,2026-08-26T18:18:27+00:00
107-2-DA-A02B-A-1-A,107,2,人文社會科學院,DA,建築學系,A02B,A,大學部,1,A,建築設計(二)B,4,必,11,11,,0,葉育君,H1--108,,,,"1,2, 3,4, 5,6, 7,8",,,,"[{""day"": 4, ""dayName"": ""星期四"", ""periods"": [""1"", ""2"", ""3"", ""4"", ""5"", ""6"", ""7"", ""8""], ""raw"": ""1,2, 3,4, 5,6, 7,8""}]",先修 限修及外加,教室：H1-108圖學教室,https://course.nuk.edu.tw/QueryCourse/tcontent.asp?OpenYear=107&Helf=2&Sclass=DA&Cono=A02B,2026-08-26T18:18:27+00:00
107-2-DA-A02C-A-1-A,107,2,人文社會科學院,DA,建築學系,A02C,A,大學部,1,A,建築設計(二)C,4,必,10,10,,0,林光浩,,,,,"1,2, 3,4, 5,6, 7,8",,,,"[{""day"": 4, ""dayName"": ""星期四"", ""periods"": [""1"", ""2"", ""3"", ""4"", ""5"", ""6"", ""7"", ""8""], ""raw"": ""1,2, 3,4, 5,6, 7,8""}]",先修 限修,教室：H1-藝文空間,https://course.nuk.edu.tw/QueryCourse/tcontent.asp?OpenYear=107&Helf=2&Sclass=DA&Cono=A02C,2026-08-26T18:18:27+00:00
107-2-DA-A032-A-1-A,107,2,人文社會科學院,DA,建築學系,A032,A,大學部,1,A,建築設計表現法,2,必,42,34,,8,葉育君,H1--108,,"3,4",,,,,,"[{""day"": 2, ""dayName"": ""星期二"", ""periods"": [""3"", ""4""], ""raw"": ""3,4""}]",限修及外加,教室：H1-108圖學教室,https://course.nuk.edu.tw/QueryCourse/tcontent.asp?OpenYear=107&Helf=2&Sclass=DA&Cono=A032,2026-08-26T18:18:27+00:00
107-2-DA-A501-A-1-A,107,2,人文社會科學院,DA,建築學系,A501,A,大學部,1,A,數位創新設計(一),2,選,33,32,,1,馬瑜嬪,H1--112,,,,,"5,6",,,"[{""day"": 5, ""dayName"": ""星期五"", ""periods"": [""5"", ""6""], ""raw"": ""5,6""}]",限修及外加,教室：H1-112電腦教室,https://course.nuk.edu.tw/QueryCourse/tcontent.asp?OpenYear=107&Helf=2&Sclass=DA&Cono=A501,2026-08-26T18:18:27+00:00
107-2-DA-F541-A-4-A,107,2,人文社會科學院,DA,建築學系,F541,A,大學部,4,A,城市考古與建築踏查,3,選,15,10,,5,陳仁,H3--102,,"2,3, 4",,,,,,"[{""day"": 2, ""dayName"": ""星期二"", ""periods"": [""2"", ""3"", ""4""], ""raw"": ""2,3, 4""}]",,教室：h1-101。本課程大四、碩士班合開。,https://course.nuk.edu.tw/QueryCourse/tcontent.asp?OpenYear=107&Helf=2&Sclass=DA&Cono=F541,2026-08-26T18:18:27+00:00
107-2-DA-T02B-L-1-,107,2,人文社會科學院,DA,建築學系,T02B,L,碩士在職專班,1,,專題研討(二),0,必,20,16,,4,陳逸杰,H1--107,,,"10,11, 12",,,,,"[{""day"": 3, ""dayName"": ""星期三"", ""periods"": [""10"", ""11"", ""12""], ""raw"": ""10,11, 12""}]",,教室：h1-107視聽教室,https://course.nuk.edu.tw/QueryCourse/tcontent.asp?OpenYear=107&Helf=2&Sclass=DA&Cono=T02B,2026-08-26T18:18:27+00:00
107-2-DA-T502-L-1-,107,2,人文社會科學院,DA,建築學系,T502,L,碩士在職專班,1,,建築資訊模型特論,3,選,20,17,,3,陳怡兆,H1--112,,"10,11, 12",,,,,,"[{""day"": 2, ""dayName"": ""星期二"", ""periods"": [""10"", ""11"", ""12""], ""raw"": ""10,11, 12""}]",,教室：h1-112電腦教室。本課程創建系、建築系碩士、碩專不分年級皆可選修,https://course.nuk.edu.tw/QueryCourse/tcontent.asp?OpenYear=107&Helf=2&Sclass=DA&Cono=T502,2026-08-26T18:18:27+00:00
107-2-DA-T503-L-1-,107,2,人文社會科學院,DA,建築學系,T503,L,碩士在職專班,1,,當代歐洲生態城市規劃設計特論,3,選,50,6,,44,曾梓峰,H3--106,"10,11, 12",,,,,,,"[{""day"": 1, ""dayName"": ""星期一"", ""periods"": [""10"", ""11"", ""12""], ""raw"": ""10,11, 12""}]",,教室：h3-106，本課程創建系、建築系碩士、碩專不分年級皆可選修。,https://course.nuk.edu.tw/QueryCourse/tcontent.asp?OpenYear=107&Helf=2&Sclass=DA&Cono=T503,2026-08-26T18:18:27+00:00
107-2-DA-T504-L-1-,107,2,人文社會科學院,DA,建築學系,T504,L,碩士在職專班,1,,近代建築物改修與解體特論,3,選,25,21,,4,廖硃岑,H1--102,"10,11, 12",,,,,,,"[{""day"": 1, ""dayName"": ""星期一"", ""periods"": [""10"", ""11"", ""12""], ""raw"": ""10,11, 12""}]",外加,教室：h1-102。本課程創建系、建築系碩士、碩專不分年級皆可選修,https://course.nuk.edu.tw/QueryCourse/tcontent.asp?OpenYear=107&Helf=2&Sclass=DA&Cono=T504,2026-08-26T18:18:27+00:00
107-2-DA-T512-L-1-,107,2,人文社會科學院,DA,建築學系,T512,L,碩士在職專班,1,,考現學觀點下的城市研究,3,選,20,10,,10,陳逸杰,H1--102,,"10,11, 12",,,,,,"[{""day"": 2, ""dayName"": ""星期二"", ""periods"": [""10"", ""11"", ""12""], ""raw"": ""10,11, 12""}]",限修,教室：h1-102教室。本課程創建系、建築系碩士、碩專不分年級皆可選修,https://course.nuk.edu.tw/QueryCourse/tcontent.asp?OpenYear=107&Helf=2&Sclass=DA&Cono=T512,2026-08-26T18:18:27+00:00
107-2-DA-T521-L-1-,107,2,人文社會科學院,DA,建築學系,T521,L,碩士在職專班,1,,規劃研究方法專題,3,選,20,11,,9,吳文彥,H1--102,,,,"10,11, 12",,,,"[{""day"": 4, ""dayName"": ""星期四"", ""periods"": [""10"", ""11"", ""12""], ""raw"": ""10,11, 12""}]",,教室：h1-102。教師：吳文彥老師。本課程創建系、建築系碩士、碩專不分年級皆可選修,https://course.nuk.edu.tw/QueryCourse/tcontent.asp?OpenYear=107&Helf=2&Sclass=DA&Cono=T521,2026-08-26T18:18:27+00:00
107-2-DA-T522-L-1-,107,2,人文社會科學院,DA,建築學系,T522,L,碩士在職專班,1,,建築數據與智慧運算專題研究,3,選,10,8,,2,馬瑜嬪,H1--112,,,,"10,11, 12",,,,"[{""day"": 4, ""dayName"": ""星期四"", ""periods"": [""10"", ""11"", ""12""], ""raw"": ""10,11, 12""}]",先修,教室：h1-112電腦教室,https://course.nuk.edu.tw/QueryCourse/tcontent.asp?OpenYear=107&Helf=2&Sclass=DA&Cono=T522,2026-08-26T18:18:27+00:00
107-2-DA-T531-L-1-,107,2,人文社會科學院,DA,建築學系,T531,L,碩士在職專班,1,,建築實務與工程倫理,3,選,25,18,,7,蘇志勳,H1--102,,,,,,"2,3, 4",,"[{""day"": 6, ""dayName"": ""星期六"", ""periods"": [""2"", ""3"", ""4""], ""raw"": ""2,3, 4""}]",,教室：h1-102。本課程創建系、建築系碩士、碩專不分年級皆可選修,https://course.nuk.edu.tw/QueryCourse/tcontent.asp?OpenYear=107&Helf=2&Sclass=DA&Cono=T531,2026-08-26T18:18:27+00:00
107-2-DA-F011-M-1-,107,2,人文社會科學院,DA,建築學系,F011,M,碩士班,1,,專題研討(二),3,必,50,10,,40,馬瑜嬪,H3--102,,,"10,11, 12",,,,,"[{""day"": 3, ""dayName"": ""星期三"", ""periods"": [""10"", ""11"", ""12""], ""raw"": ""10,11, 12""}]",,教室：h3-102,https://course.nuk.edu.tw/QueryCourse/tcontent.asp?OpenYear=107&Helf=2&Sclass=DA&Cono=F011,2026-08-26T18:18:27+00:00
107-2-DA-F541-M-1-,107,2,人文社會科學院,DA,建築學系,F541,M,碩士班,1,,城市考古與建築踏查,3,選,15,10,,5,陳仁,H3--102,,"2,3, 4",,,,,,"[{""day"": 2, ""dayName"": ""星期二"", ""periods"": [""2"", ""3"", ""4""], ""raw"": ""2,3, 4""}]",限修,教室：h3-102，本課程開放大四學生選修。,https://course.nuk.edu.tw/QueryCourse/tcontent.asp?OpenYear=107&Helf=2&Sclass=DA&Cono=F541,2026-08-26T18:18:27+00:00
107-2-DA-F551-M-1-,107,2,人文社會科學院,DA,建築學系,F551,M,碩士班,1,,氣候反應設計專論,3,選,20,13,,7,葉育君,H2--103,,,"5,6, 7",,,,,"[{""day"": 3, ""dayName"": ""星期三"", ""periods"": [""5"", ""6"", ""7""], ""raw"": ""5,6, 7""}]",,教室：h2-103，本課程開放本系碩士、碩專班學生選修,https://course.nuk.edu.tw/QueryCourse/tcontent.asp?OpenYear=107&Helf=2&Sclass=DA&Cono=F551,2026-08-26T18:18:27+00:00
107-2-DA-F567-M-1-,107,2,人文社會科學院,DA,建築學系,F567,M,碩士班,1,,數位創新設計(七)-城市資訊模型模擬應用,2,選,10,10,,0,陳怡兆,H1--112,,,,"5,6",,,,"[{""day"": 4, ""dayName"": ""星期四"", ""periods"": [""5"", ""6""], ""raw"": ""5,6""}]",外加,教室：h1-112。本課程為配合虛擬實境競賽的課程，擬修課同學須經任課老師簽名加簽。限修人數10人,https://course.nuk.edu.tw/QueryCourse/tcontent.asp?OpenYear=107&Helf=2&Sclass=DA&Cono=F567,2026-08-26T18:18:27+00:00
107-2-DA-F567-M-4-,107,2,人文社會科學院,DA,建築學系,F567,M,碩士班,4,,數位創新設計(七)-城市資訊模型模擬應用,2,選,10,10,,0,陳怡兆,H1--112,,,,"5,6",,,,"[{""day"": 4, ""dayName"": ""星期四"", ""periods"": [""5"", ""6""], ""raw"": ""5,6""}]",限修及外加,教室：h1-112。本課程為配合虛擬實境競賽的課程，擬修課同學須經任課老師簽名加簽。限修人數10人,https://course.nuk.edu.tw/QueryCourse/tcontent.asp?OpenYear=107&Helf=2&Sclass=DA&Cono=F567,2026-08-26T18:18:27+00:00
107-2-DAP-A005-A-1-A,107,2,人文社會科學院,DAP,運動競技學系,A005,A,大學部,1,A,運動行銷學,2,必,50,48,,2,孫美蓮,B01-207-4,,,,"3,4",,,,"[{""day"": 4, ""dayName"": ""星期四"", ""periods"": [""3"", ""4""], ""raw"": ""3,4""}]",限修及外加,207-4教室,https://course.nuk.edu.tw/QueryCourse/tcontent.asp?OpenYear=107&Helf=2&Sclass=DAP&Cono=A005,2026-08-26T18:18:27+00:00
107-2-DAP-A01B-A-1-A,107,2,人文社會科學院,DAP,運動競技學系,A01B,A,大學部,1,A,專長術科(棒球)-Ⅱ,4,必,17,17,,0,李坤哲,其他教室,,,,"5,6, 7,8","5,6, 7,8",,,"[{""day"": 4, ""dayName"": ""星期四"", ""periods"": [""5"", ""6"", ""7"", ""8""], ""raw"": ""5,6, 7,8""}, {""day"": 5, ""dayName"": ""星期五"", ""periods"": [""5"", ""6"", ""7"", ""8""], ""raw"": ""5,6, 7,8""}]",限修,授課老師：李坤哲，專長術科（棒球）-Ⅱ、Ⅳ、Ⅵ、Ⅷ每週四、五（5-8節）棒球場上課,https://course.nuk.edu.tw/QueryCourse/tcontent.asp?OpenYear=107&Helf=2&Sclass=DAP&Cono=A01B,2026-08-26T18:18:27+00:00
107-2-DAP-A02B-A-1-A,107,2,人文社會科學院,DAP,運動競技學系,A02B,A,大學部,1,A,專長術科(桌球)-Ⅱ,4,必,10,10,,0,王明月,其他教室,,,,"5,6, 7,8","5,6, 7,8",,,"[{""day"": 4, ""dayName"": ""星期四"", ""periods"": [""5"", ""6"", ""7"", ""8""], ""raw"": ""5,6, 7,8""}, {""day"": 5, ""dayName"": ""星期五"", ""periods"": [""5"", ""6"", ""7"", ""8""], ""raw"": ""5,6, 7,8""}]",限修,授課老師：王明月，專長術科（桌球）-Ⅱ、Ⅳ、Ⅵ、Ⅷ每週四、五（5-8節）桌球場上課,https://course.nuk.edu.tw/QueryCourse/tcontent.asp?OpenYear=107&Helf=2&Sclass=DAP&Cono=A02B,2026-08-26T18:18:27+00:00
107-2-DAP-A03B-A-1-A,107,2,人文社會科學院,DAP,運動競技學系,A03B,A,大學部,1,A,專長術科(游泳)-Ⅱ,4,必,4,4,,0,林季嬋,其他教室,,,,"5,6, 7,8","5,6, 7,8",,,"[{""day"": 4, ""dayName"": ""星期四"", ""periods"": [""5"", ""6"", ""7"", ""8""], ""raw"": ""5,6, 7,8""}, {""day"": 5, ""dayName"": ""星期五"", ""periods"": [""5"", ""6"", ""7"", ""8""], ""raw"": ""5,6, 7,8""}]",限修,授課老師：林季嬋，專長術科（游泳）-Ⅱ、Ⅳ、Ⅵ、Ⅷ每週四、五（5-8節）游泳池水用4水道上課,https://course.nuk.edu.tw/QueryCourse/tcontent.asp?OpenYear=107&Helf=2&Sclass=DAP&Cono=A03B,2026-08-26T18:18:27+00:00
107-2-DAP-A04B-A-1-A,107,2,人文社會科學院,DAP,運動競技學系,A04B,A,大學部,1,A,專長術科(羽球)-Ⅱ,4,必,11,10,,1,黃全成,其他教室,,,,"5,6, 7,8","5,6, 7,8",,,"[{""day"": 4, ""dayName"": ""星期四"", ""periods"": [""5"", ""6"", ""7"", ""8""], ""raw"": ""5,6, 7,8""}, {""day"": 5, ""dayName"": ""星期五"", ""periods"": [""5"", ""6"", ""7"", ""8""], ""raw"": ""5,6, 7,8""}]",限修,授課老師：黃全成，專長術科（羽球）-Ⅱ、Ⅳ、Ⅵ、Ⅷ每週四、五（5-8節）羽球場上課,https://course.nuk.edu.tw/QueryCourse/tcontent.asp?OpenYear=107&Helf=2&Sclass=DAP&Cono=A04B,2026-08-26T18:18:27+00:00
107-2-DAP-A051-A-1-A,107,2,人文社會科學院,DAP,運動競技學系,A051,A,大學部,1,A,人體解剖學,2,必,48,46,,2,林季嬋,B01-207-4,,"3,4",,,,,,"[{""day"": 2, ""dayName"": ""星期二"", ""periods"": [""3"", ""4""], ""raw"": ""3,4""}]",限修,207-4教室,https://course.nuk.edu.tw/QueryCourse/tcontent.asp?OpenYear=107&Helf=2&Sclass=DAP&Cono=A051,2026-08-26T18:18:27+00:00
107-2-DAP-A061-A-1-A,107,2,人文社會科學院,DAP,運動競技學系,A061,A,大學部,1,A,飛盤運動,1,選,53,53,,0,陳宗榮,其他教室,,,,,"1,2",,,"[{""day"": 5, ""dayName"": ""星期五"", ""periods"": [""1"", ""2""], ""raw"": ""1,2""}]",外加,田徑場,https://course.nuk.edu.tw/QueryCourse/tcontent.asp?OpenYear=107&Helf=2&Sclass=DAP&Cono=A061,2026-08-26T18:18:27+00:00
107-2-DAP-A06B-A-1-A,107,2,人文社會科學院,DAP,運動競技學系,A06B,A,大學部,1,A,專長術科(木球)-Ⅱ,4,必,6,5,,1,李晟瑋 陳宗榮,其他教室,,,,"5,6, 7,8","5,6, 7,8",,,"[{""day"": 4, ""dayName"": ""星期四"", ""periods"": [""5"", ""6"", ""7"", ""8""], ""raw"": ""5,6, 7,8""}, {""day"": 5, ""dayName"": ""星期五"", ""periods"": [""5"", ""6"", ""7"", ""8""], ""raw"": ""5,6, 7,8""}]",限修,授課老師：待公布，專長術科（木球）-Ⅱ、Ⅳ、Ⅵ、Ⅷ每週四、五（5-8節）木球場上課,https://course.nuk.edu.tw/QueryCourse/tcontent.asp?OpenYear=107&Helf=2&Sclass=DAP&Cono=A06B,2026-08-26T18:18:27+00:00
107-2-DAP-A501-A-1-A,107,2,人文社會科學院,DAP,運動競技學系,A501,A,大學部,1,A,運動場地設施與管理,2,選,47,45,,2,林政德,B01-207-4,"3,4",,,,,,,"[{""day"": 1, ""dayName"": ""星期一"", ""periods"": [""3"", ""4""], ""raw"": ""3,4""}]",限修及外加,207-4教室,https://course.nuk.edu.tw/QueryCourse/tcontent.asp?OpenYear=107&Helf=2&Sclass=DAP&Cono=A501,2026-08-26T18:18:27+00:00
107-2-DAP-A512-A-1-A,107,2,人文社會科學院,DAP,運動競技學系,A512,A,大學部,1,A,體育活動設計,2,選,54,48,,6,黃全成,B01-207-4,,"5,6",,,,,,"[{""day"": 2, ""dayName"": ""星期二"", ""periods"": [""5"", ""6""], ""raw"": ""5,6""}]",限修及外加,207-4教室,https://course.nuk.edu.tw/QueryCourse/tcontent.asp?OpenYear=107&Helf=2&Sclass=DAP&Cono=A512,2026-08-26T18:18:27+00:00
107-2-DAP-B003-A-2-A,107,2,人文社會科學院,DAP,運動競技學系,B003,A,大學部,2,A,運動生物力學,2,必,47,47,,0,陳宗榮,B01-207-4,,,"3,4",,,,,"[{""day"": 3, ""dayName"": ""星期三"", ""periods"": [""3"", ""4""], ""raw"": ""3,4""}]",限修及外加,207-4教室,https://course.nuk.edu.tw/QueryCourse/tcontent.asp?OpenYear=107&Helf=2&Sclass=DAP&Cono=B003,2026-08-26T18:18:27+00:00
107-2-DAP-B01B-A-2-A,107,2,人文社會科學院,DAP,運動競技學系,B01B,A,大學部,2,A,專長術科(棒球)-Ⅳ,4,必,20,18,,2,李坤哲,其他教室,,,,"5,6, 7,8","5,6, 7,8",,,"[{""day"": 4, ""dayName"": ""星期四"", ""periods"": [""5"", ""6"", ""7"", ""8""], ""raw"": ""5,6, 7,8""}, {""day"": 5, ""dayName"": ""星期五"", ""periods"": [""5"", ""6"", ""7"", ""8""], ""raw"": ""5,6, 7,8""}]",限修,授課老師：李坤哲，專長術科（棒球）-Ⅱ、Ⅳ、Ⅵ、Ⅷ每週四、五（5-8節）棒球場上課,https://course.nuk.edu.tw/QueryCourse/tcontent.asp?OpenYear=107&Helf=2&Sclass=DAP&Cono=B01B,2026-08-26T18:18:27+00:00
107-2-DAP-B02B-A-2-A,107,2,人文社會科學院,DAP,運動競技學系,B02B,A,大學部,2,A,專長術科(桌球)-Ⅳ,4,必,11,10,,1,王明月,其他教室,,,,"5,6, 7,8","5,6, 7,8",,,"[{""day"": 4, ""dayName"": ""星期四"", ""periods"": [""5"", ""6"", ""7"", ""8""], ""raw"": ""5,6, 7,8""}, {""day"": 5, ""dayName"": ""星期五"", ""periods"": [""5"", ""6"", ""7"", ""8""], ""raw"": ""5,6, 7,8""}]",限修,授課老師：王明月，專長術科（桌球）-Ⅱ、Ⅳ、Ⅵ、Ⅷ每週四、五（5-8節）桌球場上課,https://course.nuk.edu.tw/QueryCourse/tcontent.asp?OpenYear=107&Helf=2&Sclass=DAP&Cono=B02B,2026-08-26T18:18:27+00:00
107-2-DAP-B03B-A-2-A,107,2,人文社會科學院,DAP,運動競技學系,B03B,A,大學部,2,A,專長術科(游泳)-Ⅳ,4,必,5,4,,1,林季嬋,其他教室,,,,"5,6, 7,8","5,6, 7,8",,,"[{""day"": 4, ""dayName"": ""星期四"", ""periods"": [""5"", ""6"", ""7"", ""8""], ""raw"": ""5,6, 7,8""}, {""day"": 5, ""dayName"": ""星期五"", ""periods"": [""5"", ""6"", ""7"", ""8""], ""raw"": ""5,6, 7,8""}]",限修,授課老師：林季嬋，專長術科（游泳）-Ⅱ、Ⅳ、Ⅵ、Ⅷ每週四、五（5-8節）游泳池水用4水道上課,https://course.nuk.edu.tw/QueryCourse/tcontent.asp?OpenYear=107&Helf=2&Sclass=DAP&Cono=B03B,2026-08-26T18:18:27+00:00
107-2-DAP-B04B-A-2-A,107,2,人文社會科學院,DAP,運動競技學系,B04B,A,大學部,2,A,專長術科(羽球)-Ⅳ,4,必,12,10,,2,黃全成,其他教室,,,,"5,6, 7,8","5,6, 7,8",,,"[{""day"": 4, ""dayName"": ""星期四"", ""periods"": [""5"", ""6"", ""7"", ""8""], ""raw"": ""5,6, 7,8""}, {""day"": 5, ""dayName"": ""星期五"", ""periods"": [""5"", ""6"", ""7"", ""8""], ""raw"": ""5,6, 7,8""}]",限修,授課老師：黃全成，專長術科（羽球）-Ⅱ、Ⅳ、Ⅵ、Ⅷ每週四、五（5-8節）羽球場上課,https://course.nuk.edu.tw/QueryCourse/tcontent.asp?OpenYear=107&Helf=2&Sclass=DAP&Cono=B04B,2026-08-26T18:18:27+00:00
107-2-DAP-B05B-A-2-A,107,2,人文社會科學院,DAP,運動競技學系,B05B,A,大學部,2,A,體適能(Ⅱ),1,必,48,48,,0,黃全成,K01-004,"1,2",,,,,,,"[{""day"": 1, ""dayName"": ""星期一"", ""periods"": [""1"", ""2""], ""raw"": ""1,2""}]",限修及外加,體適能教室,https://course.nuk.edu.tw/QueryCourse/tcontent.asp?OpenYear=107&Helf=2&Sclass=DAP&Cono=B05B,2026-08-26T18:18:27+00:00
107-2-DAP-B06D-A-2-A,107,2,人文社會科學院,DAP,運動競技學系,B06D,A,大學部,2,A,游泳(Ⅱ),1,必,52,48,,4,李晟瑋,,,"5,6",,,,,,"[{""day"": 2, ""dayName"": ""星期二"", ""periods"": [""5"", ""6""], ""raw"": ""5,6""}]",限修及外加,游泳池使用4水道,https://course.nuk.edu.tw/QueryCourse/tcontent.asp?OpenYear=107&Helf=2&Sclass=DAP&Cono=B06D,2026-08-26T18:18:27+00:00
107-2-DAP-B071-A-2-A,107,2,人文社會科學院,DAP,運動競技學系,B071,A,大學部,2,A,運動科學講座,2,必,51,47,,4,孫美蓮,B01-207-4,,"10,11",,,,,,"[{""day"": 2, ""dayName"": ""星期二"", ""periods"": [""10"", ""11""], ""raw"": ""10,11""}]",限修及外加,207-4教室,https://course.nuk.edu.tw/QueryCourse/tcontent.asp?OpenYear=107&Helf=2&Sclass=DAP&Cono=B071,2026-08-26T18:18:27+00:00
107-2-DAP-B07B-A-2-A,107,2,人文社會科學院,DAP,運動競技學系,B07B,A,大學部,2,A,專長術科(木球)-IV,4,必,4,4,,0,李晟瑋 陳宗榮,其他教室,,,,"5,6, 7,8","5,6, 7,8",,,"[{""day"": 4, ""dayName"": ""星期四"", ""periods"": [""5"", ""6"", ""7"", ""8""], ""raw"": ""5,6, 7,8""}, {""day"": 5, ""dayName"": ""星期五"", ""periods"": [""5"", ""6"", ""7"", ""8""], ""raw"": ""5,6, 7,8""}]",限修,授課老師：待公布，專長術科（木球）-Ⅱ、Ⅳ、Ⅵ、Ⅷ每週四、五（5-8節）木球場上課,https://course.nuk.edu.tw/QueryCourse/tcontent.asp?OpenYear=107&Helf=2&Sclass=DAP&Cono=B07B,2026-08-26T18:18:27+00:00
107-2-DAP-B501-A-2-A,107,2,人文社會科學院,DAP,運動競技學系,B501,A,大學部,2,A,運動團隊管理與領導,2,選,45,45,,0,林政德,B01-207-6,,"3,4",,,,,,"[{""day"": 2, ""dayName"": ""星期二"", ""periods"": [""3"", ""4""], ""raw"": ""3,4""}]",限修及外加,207-6教室,https://course.nuk.edu.tw/QueryCourse/tcontent.asp?OpenYear=107&Helf=2&Sclass=DAP&Cono=B501,2026-08-26T18:18:27+00:00
107-2-DAP-B514-A-2-A,107,2,人文社會科學院,DAP,運動競技學系,B514,A,大學部,2,A,運動英文,2,選,43,43,,0,李晟瑋,B01-207-4,,,,,"3,4",,,"[{""day"": 5, ""dayName"": ""星期五"", ""periods"": [""3"", ""4""], ""raw"": ""3,4""}]",限修及外加,"207-4教室,全英語授課",https://course.nuk.edu.tw/QueryCourse/tcontent.asp?OpenYear=107&Helf=2&Sclass=DAP&Cono=B514,2026-08-26T18:18:27+00:00
107-2-DAP-B521-A-2-A,107,2,人文社會科學院,DAP,運動競技學系,B521,A,大學部,2,A,肌力與體能訓練,1,選,47,44,,3,陳宗榮,,,,"1,2",,,,,"[{""day"": 3, ""dayName"": ""星期三"", ""periods"": [""1"", ""2""], ""raw"": ""1,2""}]",限修及外加,重量訓練教室,https://course.nuk.edu.tw/QueryCourse/tcontent.asp?OpenYear=107&Helf=2&Sclass=DAP&Cono=B521,2026-08-26T18:18:27+00:00
107-2-DAP-B534-A-2-A,107,2,人文社會科學院,DAP,運動競技學系,B534,A,大學部,2,A,木球,1,選,48,43,,5,陳宗榮,,,,,"1,2",,,,"[{""day"": 4, ""dayName"": ""星期四"", ""periods"": [""1"", ""2""], ""raw"": ""1,2""}]",限修及外加,木球場,https://course.nuk.edu.tw/QueryCourse/tcontent.asp?OpenYear=107&Helf=2&Sclass=DAP&Cono=B534,2026-08-26T18:18:27+00:00
107-2-DAP-B535-A-2-A,107,2,人文社會科學院,DAP,運動競技學系,B535,A,大學部,2,A,田徑,1,選,49,33,,16,李晟瑋,,"3,4",,,,,,,"[{""day"": 1, ""dayName"": ""星期一"", ""periods"": [""3"", ""4""], ""raw"": ""3,4""}]",限修及外加,田徑場,https://course.nuk.edu.tw/QueryCourse/tcontent.asp?OpenYear=107&Helf=2&Sclass=DAP&Cono=B535,2026-08-26T18:18:27+00:00
107-2-DAP-B54B-A-2-A,107,2,人文社會科學院,DAP,運動競技學系,B54B,A,大學部,2,A,水上救生(Ⅱ),1,選,51,51,,0,李晟瑋,,,,"5,6",,,,,"[{""day"": 3, ""dayName"": ""星期三"", ""periods"": [""5"", ""6""], ""raw"": ""5,6""}]",限修及外加,游泳池使用4水道,https://course.nuk.edu.tw/QueryCourse/tcontent.asp?OpenYear=107&Helf=2&Sclass=DAP&Cono=B54B,2026-08-26T18:18:27+00:00
107-2-DAP-B551-A-2-A,107,2,人文社會科學院,DAP,運動競技學系,B551,A,大學部,2,A,運動傷害與急救,2,選,43,43,,0,李晟瑋,B01-207-4,,"1,2",,,,,,"[{""day"": 2, ""dayName"": ""星期二"", ""periods"": [""1"", ""2""], ""raw"": ""1,2""}]",限修及外加,207-4教室,https://course.nuk.edu.tw/QueryCourse/tcontent.asp?OpenYear=107&Helf=2&Sclass=DAP&Cono=B551,2026-08-26T18:18:27+00:00
107-2-DAP-C002-A-3-A,107,2,人文社會科學院,DAP,運動競技學系,C002,A,大學部,3,A,運動教練學,2,必,38,36,,2,李坤哲,B01-207-6,,"1,2",,,,,,"[{""day"": 2, ""dayName"": ""星期二"", ""periods"": [""1"", ""2""], ""raw"": ""1,2""}]",限修及外加,207-6教室,https://course.nuk.edu.tw/QueryCourse/tcontent.asp?OpenYear=107&Helf=2&Sclass=DAP&Cono=C002,2026-08-26T18:18:27+00:00
107-2-DAP-C01B-A-3-A,107,2,人文社會科學院,DAP,運動競技學系,C01B,A,大學部,3,A,專長術科(棒球)-Ⅵ,4,必,14,11,,3,李坤哲,其他教室,,,,"5,6, 7,8","5,6, 7,8",,,"[{""day"": 4, ""dayName"": ""星期四"", ""periods"": [""5"", ""6"", ""7"", ""8""], ""raw"": ""5,6, 7,8""}, {""day"": 5, ""dayName"": ""星期五"", ""periods"": [""5"", ""6"", ""7"", ""8""], ""raw"": ""5,6, 7,8""}]",限修,授課老師：李坤哲，專長術科（棒球）-Ⅱ、Ⅳ、Ⅵ、Ⅷ每週四、五（5-8節）棒球場上課,https://course.nuk.edu.tw/QueryCourse/tcontent.asp?OpenYear=107&Helf=2&Sclass=DAP&Cono=C01B,2026-08-26T18:18:27+00:00
107-2-DAP-C02B-A-3-A,107,2,人文社會科學院,DAP,運動競技學系,C02B,A,大學部,3,A,專長術科(桌球)-Ⅵ,4,必,9,8,,1,王明月,其他教室,,,,"5,6, 7,8","5,6, 7,8",,,"[{""day"": 4, ""dayName"": ""星期四"", ""periods"": [""5"", ""6"", ""7"", ""8""], ""raw"": ""5,6, 7,8""}, {""day"": 5, ""dayName"": ""星期五"", ""periods"": [""5"", ""6"", ""7"", ""8""], ""raw"": ""5,6, 7,8""}]",限修,授課老師：王明月，專長術科（桌球）-Ⅱ、Ⅳ、Ⅵ、Ⅷ每週四、五（5-8節）桌球場上課,https://course.nuk.edu.tw/QueryCourse/tcontent.asp?OpenYear=107&Helf=2&Sclass=DAP&Cono=C02B,2026-08-26T18:18:27+00:00
107-2-DAP-C03B-A-3-A,107,2,人文社會科學院,DAP,運動競技學系,C03B,A,大學部,3,A,專長術科(游泳)-Ⅵ,4,必,10,8,,2,林季嬋,其他教室,,,,"5,6, 7,8","5,6, 7,8",,,"[{""day"": 4, ""dayName"": ""星期四"", ""periods"": [""5"", ""6"", ""7"", ""8""], ""raw"": ""5,6, 7,8""}, {""day"": 5, ""dayName"": ""星期五"", ""periods"": [""5"", ""6"", ""7"", ""8""], ""raw"": ""5,6, 7,8""}]",限修,授課老師：林季嬋，專長術科（游泳）-Ⅱ、Ⅳ、Ⅵ、Ⅷ每週四、五（5-8節）游泳池使用4水道上課,https://course.nuk.edu.tw/QueryCourse/tcontent.asp?OpenYear=107&Helf=2&Sclass=DAP&Cono=C03B,2026-08-26T18:18:27+00:00
107-2-DAP-C04B-A-3-A,107,2,人文社會科學院,DAP,運動競技學系,C04B,A,大學部,3,A,專長術科(羽球)-Ⅵ,4,必,11,9,,2,黃全成,其他教室,,,,"5,6, 7,8","5,6, 7,8",,,"[{""day"": 4, ""dayName"": ""星期四"", ""periods"": [""5"", ""6"", ""7"", ""8""], ""raw"": ""5,6, 7,8""}, {""day"": 5, ""dayName"": ""星期五"", ""periods"": [""5"", ""6"", ""7"", ""8""], ""raw"": ""5,6, 7,8""}]",限修,授課老師：黃全成，專長術科（羽球）-Ⅱ、Ⅳ、Ⅵ、Ⅷ每週四、五（5-8節）羽球場上課,https://course.nuk.edu.tw/QueryCourse/tcontent.asp?OpenYear=107&Helf=2&Sclass=DAP&Cono=C04B,2026-08-26T18:18:27+00:00
107-2-DAP-C511-A-3-A,107,2,人文社會科學院,DAP,運動競技學系,C511,A,大學部,3,A,運動社會學,2,選,38,33,,5,林政德,B01-207-6,,,"3,4",,,,,"[{""day"": 3, ""dayName"": ""星期三"", ""periods"": [""3"", ""4""], ""raw"": ""3,4""}]",限修及外加,207-6教室,https://course.nuk.edu.tw/QueryCourse/tcontent.asp?OpenYear=107&Helf=2&Sclass=DAP&Cono=C511,2026-08-26T18:18:27+00:00
107-2-DAP-C512-A-3-A,107,2,人文社會科學院,DAP,運動競技學系,C512,A,大學部,3,A,運動貼紮理論與實務,2,選,37,35,,2,陳宗榮,B01-207-6,"3,4",,,,,,,"[{""day"": 1, ""dayName"": ""星期一"", ""periods"": [""3"", ""4""], ""raw"": ""3,4""}]",限修,207-6教室,https://course.nuk.edu.tw/QueryCourse/tcontent.asp?OpenYear=107&Helf=2&Sclass=DAP&Cono=C512,2026-08-26T18:18:27+00:00
107-2-DAP-C514-A-3-A,107,2,人文社會科學院,DAP,運動競技學系,C514,A,大學部,3,A,運動法律,2,選,37,34,,3,林政德,B01-207-6,,,,"3,4",,,,"[{""day"": 4, ""dayName"": ""星期四"", ""periods"": [""3"", ""4""], ""raw"": ""3,4""}]",限修,207-6教室,https://course.nuk.edu.tw/QueryCourse/tcontent.asp?OpenYear=107&Helf=2&Sclass=DAP&Cono=C514,2026-08-26T18:18:27+00:00
107-2-DAP-C523-A-3-A,107,2,人文社會科學院,DAP,運動競技學系,C523,A,大學部,3,A,羽球,1,選,37,26,,11,黃全成,,"5,6",,,,,,,"[{""day"": 1, ""dayName"": ""星期一"", ""periods"": [""5"", ""6""], ""raw"": ""5,6""}]",限修,羽球場,https://course.nuk.edu.tw/QueryCourse/tcontent.asp?OpenYear=107&Helf=2&Sclass=DAP&Cono=C523,2026-08-26T18:18:27+00:00
107-2-DAP-C54B-A-3-A,107,2,人文社會科學院,DAP,運動競技學系,C54B,A,大學部,3,A,重量訓練(Ⅱ),1,選,37,36,,1,陳宗榮,,,"3,4",,,,,,"[{""day"": 2, ""dayName"": ""星期二"", ""periods"": [""3"", ""4""], ""raw"": ""3,4""}]",限修,重訓教室,https://course.nuk.edu.tw/QueryCourse/tcontent.asp?OpenYear=107&Helf=2&Sclass=DAP&Cono=C54B,2026-08-26T18:18:27+00:00
107-2-DAP-D511-A-3-A,107,2,人文社會科學院,DAP,運動競技學系,D511,A,大學部,3,A,籃球,1,選,37,23,,14,李晟瑋,,,,,"1,2",,,,"[{""day"": 4, ""dayName"": ""星期四"", ""periods"": [""1"", ""2""], ""raw"": ""1,2""}]",限修,籃球場,https://course.nuk.edu.tw/QueryCourse/tcontent.asp?OpenYear=107&Helf=2&Sclass=DAP&Cono=D511,2026-08-26T18:18:27+00:00
107-2-DAP-D01B-A-4-A,107,2,人文社會科學院,DAP,運動競技學系,D01B,A,大學部,4,A,專長術科(棒球)-Ⅷ,4,必,17,15,,2,李坤哲,其他教室,,,,"5,6, 7,8","5,6, 7,8",,,"[{""day"": 4, ""dayName"": ""星期四"", ""periods"": [""5"", ""6"", ""7"", ""8""], ""raw"": ""5,6, 7,8""}, {""day"": 5, ""dayName"": ""星期五"", ""periods"": [""5"", ""6"", ""7"", ""8""], ""raw"": ""5,6, 7,8""}]",限修及外加,授課老師：李坤哲，專長術科（棒球）-Ⅱ、Ⅳ、Ⅵ、Ⅷ每週四、五（5-8節）棒球場上課,https://course.nuk.edu.tw/QueryCourse/tcontent.asp?OpenYear=107&Helf=2&Sclass=DAP&Cono=D01B,2026-08-26T18:18:27+00:00
107-2-DAP-D02B-A-4-A,107,2,人文社會科學院,DAP,運動競技學系,D02B,A,大學部,4,A,專長術科(桌球)-Ⅷ,4,必,6,5,,1,王明月,其他教室,,,,"5,6, 7,8","5,6, 7,8",,,"[{""day"": 4, ""dayName"": ""星期四"", ""periods"": [""5"", ""6"", ""7"", ""8""], ""raw"": ""5,6, 7,8""}, {""day"": 5, ""dayName"": ""星期五"", ""periods"": [""5"", ""6"", ""7"", ""8""], ""raw"": ""5,6, 7,8""}]",限修及外加,授課老師：王明月，專長術科（桌球）-Ⅱ、Ⅳ、Ⅵ、Ⅷ每週四、五（5-8節）桌球場上課,https://course.nuk.edu.tw/QueryCourse/tcontent.asp?OpenYear=107&Helf=2&Sclass=DAP&Cono=D02B,2026-08-26T18:18:27+00:00
107-2-DAP-D03B-A-4-A,107,2,人文社會科學院,DAP,運動競技學系,D03B,A,大學部,4,A,專長術科(游泳)-Ⅷ,4,必,6,6,,0,林季嬋,其他教室,,,,"5,6, 7,8","5,6, 7,8",,,"[{""day"": 4, ""dayName"": ""星期四"", ""periods"": [""5"", ""6"", ""7"", ""8""], ""raw"": ""5,6, 7,8""}, {""day"": 5, ""dayName"": ""星期五"", ""periods"": [""5"", ""6"", ""7"", ""8""], ""raw"": ""5,6, 7,8""}]",限修,授課老師：林季嬋，專長術科（游泳）-Ⅱ、Ⅳ、Ⅵ、Ⅷ每週四、五（5-8節）游泳池水用4水道上課,https://course.nuk.edu.tw/QueryCourse/tcontent.asp?OpenYear=107&Helf=2&Sclass=DAP&Cono=D03B,2026-08-26T18:18:27+00:00
107-2-DAP-D04B-A-4-A,107,2,人文社會科學院,DAP,運動競技學系,D04B,A,大學部,4,A,專長術科(羽球)-Ⅷ,4,必,8,6,,2,黃全成,其他教室,,,,"5,6, 7,8","5,6, 7,8",,,"[{""day"": 4, ""dayName"": ""星期四"", ""periods"": [""5"", ""6"", ""7"", ""8""], ""raw"": ""5,6, 7,8""}, {""day"": 5, ""dayName"": ""星期五"", ""periods"": [""5"", ""6"", ""7"", ""8""], ""raw"": ""5,6, 7,8""}]",限修,授課老師：黃全成，專長術科（羽球）-Ⅱ、Ⅳ、Ⅵ、Ⅷ每週四、五（5-8節）羽球場上課,https://course.nuk.edu.tw/QueryCourse/tcontent.asp?OpenYear=107&Helf=2&Sclass=DAP&Cono=D04B,2026-08-26T18:18:27+00:00
107-2-DAP-D502-A-4-A,107,2,人文社會科學院,DAP,運動競技學系,D502,A,大學部,4,A,運動選才學,2,選,32,28,,4,李坤哲,B01-207-6,,"5,6",,,,,,"[{""day"": 2, ""dayName"": ""星期二"", ""periods"": [""5"", ""6""], ""raw"": ""5,6""}]",限修,207-6教室,https://course.nuk.edu.tw/QueryCourse/tcontent.asp?OpenYear=107&Helf=2&Sclass=DAP&Cono=D502,2026-08-26T18:18:27+00:00
107-2-EL-A012-A-1-A,107,2,人文社會科學院,EL,東亞語文學系,A012,A,大學部,1,A,初級日語 II,4,必,41,35,,6,陳志文,H1--111,"3,4",,"3,4",,,,,"[{""day"": 1, ""dayName"": ""星期一"", ""periods"": [""3"", ""4""], ""raw"": ""3,4""}, {""day"": 3, ""dayName"": ""星期三"", ""periods"": [""3"", ""4""], ""raw"": ""3,4""}]",限修及外加 學程,教室H1-111,https://course.nuk.edu.tw/QueryCourse/tcontent.asp?OpenYear=107&Helf=2&Sclass=EL&Cono=A012,2026-08-26T18:18:27+00:00
107-2-EL-A052-A-1-A,107,2,人文社會科學院,EL,東亞語文學系,A052,A,大學部,1,A,初級日語會話Ⅱ,2,必,27,26,,1,深尾圓,H2--102,,"5,6",,,,,,"[{""day"": 2, ""dayName"": ""星期二"", ""periods"": [""5"", ""6""], ""raw"": ""5,6""}]",外加 學程,教室H2-102,https://course.nuk.edu.tw/QueryCourse/tcontent.asp?OpenYear=107&Helf=2&Sclass=EL&Cono=A052,2026-08-26T18:18:27+00:00
107-2-EL-A06B-A-1-A,107,2,人文社會科學院,EL,東亞語文學系,A06B,A,大學部,1,A,初級韓語Ⅱ,4,必,46,42,,4,李京保,H2--201,,"5,6",,"5,6",,,,"[{""day"": 2, ""dayName"": ""星期二"", ""periods"": [""5"", ""6""], ""raw"": ""5,6""}, {""day"": 4, ""dayName"": ""星期四"", ""periods"": [""5"", ""6""], ""raw"": ""5,6""}]",限修及外加 學程,教室H2-201,https://course.nuk.edu.tw/QueryCourse/tcontent.asp?OpenYear=107&Helf=2&Sclass=EL&Cono=A06B,2026-08-26T18:18:27+00:00
107-2-EL-A09B-A-1-A,107,2,人文社會科學院,EL,東亞語文學系,A09B,A,大學部,1,A,初級越語Ⅱ,4,必,33,19,,14,陳氏蘭,H2--202,,"3,4",,"3,4",,,,"[{""day"": 2, ""dayName"": ""星期二"", ""periods"": [""3"", ""4""], ""raw"": ""3,4""}, {""day"": 4, ""dayName"": ""星期四"", ""periods"": [""3"", ""4""], ""raw"": ""3,4""}]",限修及外加 學程,教室H2-202,https://course.nuk.edu.tw/QueryCourse/tcontent.asp?OpenYear=107&Helf=2&Sclass=EL&Cono=A09B,2026-08-26T18:18:27+00:00
107-2-EL-A112-A-1-A,107,2,人文社會科學院,EL,東亞語文學系,A112,A,大學部,1,A,初級越語會話Ⅱ,2,必,30,19,,11,阮美香,H2--202,,"5,6",,,,,,"[{""day"": 2, ""dayName"": ""星期二"", ""periods"": [""5"", ""6""], ""raw"": ""5,6""}]",學程,教室H2-202,https://course.nuk.edu.tw/QueryCourse/tcontent.asp?OpenYear=107&Helf=2&Sclass=EL&Cono=A112,2026-08-26T18:18:27+00:00
107-2-EL-A521-A-1-A,107,2,人文社會科學院,EL,東亞語文學系,A521,A,大學部,1,A,越南歷史,2,選,30,20,,10,阮氏青河,H1--103,"3,4",,,,,,,"[{""day"": 1, ""dayName"": ""星期一"", ""periods"": [""3"", ""4""], ""raw"": ""3,4""}]",,教室H1-103,https://course.nuk.edu.tw/QueryCourse/tcontent.asp?OpenYear=107&Helf=2&Sclass=EL&Cono=A521,2026-08-26T18:18:27+00:00
107-2-EL-A532-A-1-A,107,2,人文社會科學院,EL,東亞語文學系,A532,A,大學部,1,A,日本歷史,2,選,33,30,,3,何資宜,H1--111,,,,"5,6",,,,"[{""day"": 4, ""dayName"": ""星期四"", ""periods"": [""5"", ""6""], ""raw"": ""5,6""}]",外加,教室H1-111,https://course.nuk.edu.tw/QueryCourse/tcontent.asp?OpenYear=107&Helf=2&Sclass=EL&Cono=A532,2026-08-26T18:18:27+00:00
107-2-EL-A541-A-1-A,107,2,人文社會科學院,EL,東亞語文學系,A541,A,大學部,1,A,韓國歷史,2,選,30,30,,0,河凡植,H2--201,"3,4",,,,,,,"[{""day"": 1, ""dayName"": ""星期一"", ""periods"": [""3"", ""4""], ""raw"": ""3,4""}]",,教室H2-201,https://course.nuk.edu.tw/QueryCourse/tcontent.asp?OpenYear=107&Helf=2&Sclass=EL&Cono=A541,2026-08-26T18:18:27+00:00
107-2-EL-A562-A-1-A,107,2,人文社會科學院,EL,東亞語文學系,A562,A,大學部,1,A,越語語法,2,選,30,18,,12,陳氏蘭,H2--202,,,"3,4",,,,,"[{""day"": 3, ""dayName"": ""星期三"", ""periods"": [""3"", ""4""], ""raw"": ""3,4""}]",,教室H2-202,https://course.nuk.edu.tw/QueryCourse/tcontent.asp?OpenYear=107&Helf=2&Sclass=EL&Cono=A562,2026-08-26T18:18:27+00:00
107-2-EL-A56B-A-1-A,107,2,人文社會科學院,EL,東亞語文學系,A56B,A,大學部,1,A,日語語法 II,2,選,36,33,,3,陳志文,H1--111,,"3,4",,,,,,"[{""day"": 2, ""dayName"": ""星期二"", ""periods"": [""3"", ""4""], ""raw"": ""3,4""}]",外加,教室H1-111,https://course.nuk.edu.tw/QueryCourse/tcontent.asp?OpenYear=107&Helf=2&Sclass=EL&Cono=A56B,2026-08-26T18:18:27+00:00
107-2-EL-A574-A-1-A,107,2,人文社會科學院,EL,東亞語文學系,A574,A,大學部,1,A,韓語語法Ⅱ,2,選,33,32,,1,王清棟,H1--103,,,,"3,4",,,,"[{""day"": 4, ""dayName"": ""星期四"", ""periods"": [""3"", ""4""], ""raw"": ""3,4""}]",外加,教室H1-103,https://course.nuk.edu.tw/QueryCourse/tcontent.asp?OpenYear=107&Helf=2&Sclass=EL&Cono=A574,2026-08-26T18:18:27+00:00
107-2-EL-A592-A-1-A,107,2,人文社會科學院,EL,東亞語文學系,A592,A,大學部,1,A,韓國政府與政治,2,選,30,22,,8,河凡植,H2--201,,"3,4",,,,,,"[{""day"": 2, ""dayName"": ""星期二"", ""periods"": [""3"", ""4""], ""raw"": ""3,4""}]",,教室H2-201,https://course.nuk.edu.tw/QueryCourse/tcontent.asp?OpenYear=107&Helf=2&Sclass=EL&Cono=A592,2026-08-26T18:18:27+00:00
107-2-EL-A61B-A-1-A,107,2,人文社會科學院,EL,東亞語文學系,A61B,A,大學部,1,A,初級泰語 II,2,選,30,21,,9,潘婉玲,M01-206,,"5,6",,,,,,"[{""day"": 2, ""dayName"": ""星期二"", ""periods"": [""5"", ""6""], ""raw"": ""5,6""}]",,教室管206，本課程獲教育部經費補助，授課鐘點費由計劃案支應,https://course.nuk.edu.tw/QueryCourse/tcontent.asp?OpenYear=107&Helf=2&Sclass=EL&Cono=A61B,2026-08-26T18:18:27+00:00
107-2-EL-A61D-A-1-A,107,2,人文社會科學院,EL,東亞語文學系,A61D,A,大學部,1,A,高級泰語 I,2,選,51,19,,32,潘婉玲,M01-206,,"7,8",,,,,,"[{""day"": 2, ""dayName"": ""星期二"", ""periods"": [""7"", ""8""], ""raw"": ""7,8""}]",,本課程由教育部計畫補助教師授課鐘點,https://course.nuk.edu.tw/QueryCourse/tcontent.asp?OpenYear=107&Helf=2&Sclass=EL&Cono=A61D,2026-08-26T18:18:27+00:00
107-2-EL-B13B-A-1-A,107,2,人文社會科學院,EL,東亞語文學系,B13B,A,大學部,1,A,初級韓語會話 Ⅱ,2,必,33,33,,0,劉素晶,H1--103,,,,"7,8",,,,"[{""day"": 4, ""dayName"": ""星期四"", ""periods"": [""7"", ""8""], ""raw"": ""7,8""}]",外加 學程,,https://course.nuk.edu.tw/QueryCourse/tcontent.asp?OpenYear=107&Helf=2&Sclass=EL&Cono=B13B,2026-08-26T18:18:27+00:00
107-2-EL-F53A-A-1-A,107,2,人文社會科學院,EL,東亞語文學系,F53A,A,大學部,1,A,初級泰語Ⅰ,2,選,55,47,,8,潘婉玲,H1--103,"7,8",,,,,,,"[{""day"": 1, ""dayName"": ""星期一"", ""periods"": [""7"", ""8""], ""raw"": ""7,8""}]",,本課程為教育部經費補助，教師鐘點費由計劃案支應,https://course.nuk.edu.tw/QueryCourse/tcontent.asp?OpenYear=107&Helf=2&Sclass=EL&Cono=F53A,2026-08-26T18:18:27+00:00
107-2-EL-A042-A-2-A,107,2,人文社會科學院,EL,東亞語文學系,A042,A,大學部,2,A,日語聽講實習Ⅱ,2,必,30,19,,11,深尾圓,H2--102,"7,8",,,,,,,"[{""day"": 1, ""dayName"": ""星期一"", ""periods"": [""7"", ""8""], ""raw"": ""7,8""}]",學程,教室H2-102,https://course.nuk.edu.tw/QueryCourse/tcontent.asp?OpenYear=107&Helf=2&Sclass=EL&Cono=A042,2026-08-26T18:18:27+00:00
107-2-EL-B10B-A-2-A,107,2,人文社會科學院,EL,東亞語文學系,B10B,A,大學部,2,A,中級日語 II,3,必,30,24,,6,何資宜,H2--102,,"2,3, 4",,,,,,"[{""day"": 2, ""dayName"": ""星期二"", ""periods"": [""2"", ""3"", ""4""], ""raw"": ""2,3, 4""}]",學程,教室H2-102,https://course.nuk.edu.tw/QueryCourse/tcontent.asp?OpenYear=107&Helf=2&Sclass=EL&Cono=B10B,2026-08-26T18:18:27+00:00
107-2-EL-B14B-A-2-A,107,2,人文社會科學院,EL,東亞語文學系,B14B,A,大學部,2,A,中級日語會話II,2,必,30,19,,11,深尾圓,H2--102,,,"7,8",,,,,"[{""day"": 3, ""dayName"": ""星期三"", ""periods"": [""7"", ""8""], ""raw"": ""7,8""}]",,教室H2-102,https://course.nuk.edu.tw/QueryCourse/tcontent.asp?OpenYear=107&Helf=2&Sclass=EL&Cono=B14B,2026-08-26T18:18:27+00:00
107-2-EL-B16A-A-2-A,107,2,人文社會科學院,EL,東亞語文學系,B16A,A,大學部,2,A,越語聽講實習Ⅱ,2,必,30,15,,15,阮美香,H1--111,,,,"3,4",,,,"[{""day"": 4, ""dayName"": ""星期四"", ""periods"": [""3"", ""4""], ""raw"": ""3,4""}]",學程,教室H1-111,https://course.nuk.edu.tw/QueryCourse/tcontent.asp?OpenYear=107&Helf=2&Sclass=EL&Cono=B16A,2026-08-26T18:18:27+00:00
107-2-EL-B16B-A-2-A,107,2,人文社會科學院,EL,東亞語文學系,B16B,A,大學部,2,A,韓語聽講實習 Ⅱ,2,必,30,19,,11,劉素晶,H1--103,,,,"5,6",,,,"[{""day"": 4, ""dayName"": ""星期四"", ""periods"": [""5"", ""6""], ""raw"": ""5,6""}]",學程,教室H1-103,https://course.nuk.edu.tw/QueryCourse/tcontent.asp?OpenYear=107&Helf=2&Sclass=EL&Cono=B16B,2026-08-26T18:18:27+00:00
107-2-EL-B56B-A-2-A,107,2,人文社會科學院,EL,東亞語文學系,B56B,A,大學部,2,A,文學跨界讀寫 Ⅱ,3,選,30,12,,18,何資宜,H2--102,,,,"2,3, 4",,,,"[{""day"": 4, ""dayName"": ""星期四"", ""periods"": [""2"", ""3"", ""4""], ""raw"": ""2,3, 4""}]",,教室H2-102,https://course.nuk.edu.tw/QueryCourse/tcontent.asp?OpenYear=107&Helf=2&Sclass=EL&Cono=B56B,2026-08-26T18:18:27+00:00
107-2-EL-B581-A-2-A,107,2,人文社會科學院,EL,東亞語文學系,B581,A,大學部,2,A,越語習作練習,2,選,30,14,,16,阮美香,H2--202,,,,"5,6",,,,"[{""day"": 4, ""dayName"": ""星期四"", ""periods"": [""5"", ""6""], ""raw"": ""5,6""}]",,教室H2-202,https://course.nuk.edu.tw/QueryCourse/tcontent.asp?OpenYear=107&Helf=2&Sclass=EL&Cono=B581,2026-08-26T18:18:27+00:00
107-2-EL-B58B-A-2-A,107,2,人文社會科學院,EL,東亞語文學系,B58B,A,大學部,2,A,進階越語語法Ⅱ,2,選,30,14,,16,陳氏蘭,H2--202,,,"5,6",,,,,"[{""day"": 3, ""dayName"": ""星期三"", ""periods"": [""5"", ""6""], ""raw"": ""5,6""}]",,教室H2-202,https://course.nuk.edu.tw/QueryCourse/tcontent.asp?OpenYear=107&Helf=2&Sclass=EL&Cono=B58B,2026-08-26T18:18:27+00:00
107-2-EL-B59B-A-2-A,107,2,人文社會科學院,EL,東亞語文學系,B59B,A,大學部,2,A,進階日語語法Ⅱ,2,選,30,23,,7,吳得智,H1--103,,,"5,6",,,,,"[{""day"": 3, ""dayName"": ""星期三"", ""periods"": [""5"", ""6""], ""raw"": ""5,6""}]",外加,教室H1-103,https://course.nuk.edu.tw/QueryCourse/tcontent.asp?OpenYear=107&Helf=2&Sclass=EL&Cono=B59B,2026-08-26T18:18:27+00:00
107-2-EL-C03B-A-2-A,107,2,人文社會科學院,EL,東亞語文學系,C03B,A,大學部,2,A,中級韓語Ⅱ,3,必,30,21,,9,王清棟,H1--103,,"5,6, 7",,,,,,"[{""day"": 2, ""dayName"": ""星期二"", ""periods"": [""5"", ""6"", ""7""], ""raw"": ""5,6, 7""}]",學程,教室H1-103,https://course.nuk.edu.tw/QueryCourse/tcontent.asp?OpenYear=107&Helf=2&Sclass=EL&Cono=C03B,2026-08-26T18:18:27+00:00
107-2-EL-C04B-A-2-A,107,2,人文社會科學院,EL,東亞語文學系,C04B,A,大學部,2,A,中級韓語會話 Ⅱ,2,必,30,19,,11,劉素晶,H2--201,,,,"3,4",,,,"[{""day"": 4, ""dayName"": ""星期四"", ""periods"": [""3"", ""4""], ""raw"": ""3,4""}]",,教室H2-201,https://course.nuk.edu.tw/QueryCourse/tcontent.asp?OpenYear=107&Helf=2&Sclass=EL&Cono=C04B,2026-08-26T18:18:27+00:00
107-2-EL-C07B-A-2-A,107,2,人文社會科學院,EL,東亞語文學系,C07B,A,大學部,2,A,中級越語Ⅱ,3,必,30,17,,13,阮美香,H1--103,,"2,3, 4",,,,,,"[{""day"": 2, ""dayName"": ""星期二"", ""periods"": [""2"", ""3"", ""4""], ""raw"": ""2,3, 4""}]",學程,教室H1-103,https://course.nuk.edu.tw/QueryCourse/tcontent.asp?OpenYear=107&Helf=2&Sclass=EL&Cono=C07B,2026-08-26T18:18:27+00:00
107-2-EL-C08B-A-2-A,107,2,人文社會科學院,EL,東亞語文學系,C08B,A,大學部,2,A,中級越語會話Ⅱ,2,必,30,15,,15,陳氏蘭,H1--111,,"5,6",,,,,,"[{""day"": 2, ""dayName"": ""星期二"", ""periods"": [""5"", ""6""], ""raw"": ""5,6""}]",學程,教室H1-111,https://course.nuk.edu.tw/QueryCourse/tcontent.asp?OpenYear=107&Helf=2&Sclass=EL&Cono=C08B,2026-08-26T18:18:27+00:00
107-2-EL-B173-A-3-A,107,2,人文社會科學院,EL,東亞語文學系,B173,A,大學部,3,A,日語習作II,2,必,30,16,,14,深尾圓,H2--102,"5,6",,,,,,,"[{""day"": 1, ""dayName"": ""星期一"", ""periods"": [""5"", ""6""], ""raw"": ""5,6""}]",,教室H2-102,https://course.nuk.edu.tw/QueryCourse/tcontent.asp?OpenYear=107&Helf=2&Sclass=EL&Cono=B173,2026-08-26T18:18:27+00:00
107-2-EL-B532-A-3-A,107,2,人文社會科學院,EL,東亞語文學系,B532,A,大學部,3,A,觀光越語,2,選,30,10,,20,陳氏蘭,H2--202,,,"7,8",,,,,"[{""day"": 3, ""dayName"": ""星期三"", ""periods"": [""7"", ""8""], ""raw"": ""7,8""}]",,教室H2-202,https://course.nuk.edu.tw/QueryCourse/tcontent.asp?OpenYear=107&Helf=2&Sclass=EL&Cono=B532,2026-08-26T18:18:27+00:00
107-2-EL-C02B-A-3-A,107,2,人文社會科學院,EL,東亞語文學系,C02B,A,大學部,3,A,高級日語II,2,必,30,9,,21,森國松江,H2--102,,,,"5,6",,,,"[{""day"": 4, ""dayName"": ""星期四"", ""periods"": [""5"", ""6""], ""raw"": ""5,6""}]",,教室H2-102,https://course.nuk.edu.tw/QueryCourse/tcontent.asp?OpenYear=107&Helf=2&Sclass=EL&Cono=C02B,2026-08-26T18:18:27+00:00
107-2-EL-C06B-A-3-A,107,2,人文社會科學院,EL,東亞語文學系,C06B,A,大學部,3,A,韓語習作Ⅱ,2,必,30,22,,8,李京保,H2--201,"5,6",,,,,,,"[{""day"": 1, ""dayName"": ""星期一"", ""periods"": [""5"", ""6""], ""raw"": ""5,6""}]",,教室H2-201,https://course.nuk.edu.tw/QueryCourse/tcontent.asp?OpenYear=107&Helf=2&Sclass=EL&Cono=C06B,2026-08-26T18:18:27+00:00
107-2-EL-C10B-A-3-A,107,2,人文社會科學院,EL,東亞語文學系,C10B,A,大學部,3,A,越語習作Ⅱ,2,必,30,15,,15,裴光雄,H2--202,"5,6",,,,,,,"[{""day"": 1, ""dayName"": ""星期一"", ""periods"": [""5"", ""6""], ""raw"": ""5,6""}]",,教室H2-202,https://course.nuk.edu.tw/QueryCourse/tcontent.asp?OpenYear=107&Helf=2&Sclass=EL&Cono=C10B,2026-08-26T18:18:27+00:00
107-2-EL-C502-A-3-A,107,2,人文社會科學院,EL,東亞語文學系,C502,A,大學部,3,A,越南新聞選讀,2,選,30,11,,19,裴光雄,H2--202,,,,"7,8",,,,"[{""day"": 4, ""dayName"": ""星期四"", ""periods"": [""7"", ""8""], ""raw"": ""7,8""}]",,教室H2-202,https://course.nuk.edu.tw/QueryCourse/tcontent.asp?OpenYear=107&Helf=2&Sclass=EL&Cono=C502,2026-08-26T18:18:27+00:00
107-2-EL-C62B-A-3-A,107,2,人文社會科學院,EL,東亞語文學系,C62B,A,大學部,3,A,韓語翻譯II,2,選,32,18,,14,王清棟,H2--201,,,"5,6",,,,,"[{""day"": 3, ""dayName"": ""星期三"", ""periods"": [""5"", ""6""], ""raw"": ""5,6""}]",,教室H2-201,https://course.nuk.edu.tw/QueryCourse/tcontent.asp?OpenYear=107&Helf=2&Sclass=EL&Cono=C62B,2026-08-26T18:18:27+00:00
107-2-EL-C66B-A-3-A,107,2,人文社會科學院,EL,東亞語文學系,C66B,A,大學部,3,A,高級日語會話II,2,選,30,16,,14,森國松江,H2--102,,,,"7,8",,,,"[{""day"": 4, ""dayName"": ""星期四"", ""periods"": [""7"", ""8""], ""raw"": ""7,8""}]",,教室H2-102,https://course.nuk.edu.tw/QueryCourse/tcontent.asp?OpenYear=107&Helf=2&Sclass=EL&Cono=C66B,2026-08-26T18:18:27+00:00
107-2-EL-D01B-A-3-A,107,2,人文社會科學院,EL,東亞語文學系,D01B,A,大學部,3,A,高級韓語 Ⅱ,2,必,32,18,,14,王清棟,H2--201,,,"3,4",,,,,"[{""day"": 3, ""dayName"": ""星期三"", ""periods"": [""3"", ""4""], ""raw"": ""3,4""}]",,教室H2-201,https://course.nuk.edu.tw/QueryCourse/tcontent.asp?OpenYear=107&Helf=2&Sclass=EL&Cono=D01B,2026-08-26T18:18:27+00:00
107-2-EL-D02B-A-3-A,107,2,人文社會科學院,EL,東亞語文學系,D02B,A,大學部,3,A,高級越語 II,2,必,30,10,,20,裴光雄,H2--202,"3,4",,,,,,,"[{""day"": 1, ""dayName"": ""星期一"", ""periods"": [""3"", ""4""], ""raw"": ""3,4""}]",學程,教室H2-202,https://course.nuk.edu.tw/QueryCourse/tcontent.asp?OpenYear=107&Helf=2&Sclass=EL&Cono=D02B,2026-08-26T18:18:27+00:00
107-2-EL-F010-A-3-A,107,2,人文社會科學院,EL,東亞語文學系,F010,A,大學部,3,A,論文導讀與討論,3,選,20,7,,13,李京保 裴光雄,H1--211,,"2,3, 4",,,,,,"[{""day"": 2, ""dayName"": ""星期二"", ""periods"": [""2"", ""3"", ""4""], ""raw"": ""2,3, 4""}]",,教室H1-211，學碩合開課程，開放本系學士班三年級以上同學選修,https://course.nuk.edu.tw/QueryCourse/tcontent.asp?OpenYear=107&Helf=2&Sclass=EL&Cono=F010,2026-08-26T18:18:27+00:00
107-2-EL-F513-A-3-A,107,2,人文社會科學院,EL,東亞語文學系,F513,A,大學部,3,A,韓國人文講座,3,選,16,13,,3,河凡植 李京保,H1--211,"7,8, 9",,,,,,,"[{""day"": 1, ""dayName"": ""星期一"", ""periods"": [""7"", ""8"", ""9""], ""raw"": ""7,8, 9""}]",外加,教室H1-211，學碩合開課程，開放本系學士班三年級以上同學選修,https://course.nuk.edu.tw/QueryCourse/tcontent.asp?OpenYear=107&Helf=2&Sclass=EL&Cono=F513,2026-08-26T18:18:27+00:00
107-2-EL-F523-A-3-A,107,2,人文社會科學院,EL,東亞語文學系,F523,A,大學部,3,A,越南民間信仰研究,3,選,15,8,,7,裴光雄,H1--211,,,"2,3, 4",,,,,"[{""day"": 3, ""dayName"": ""星期三"", ""periods"": [""2"", ""3"", ""4""], ""raw"": ""2,3, 4""}]",,教室H1-211，學碩合開課程，開放本系學士班三年級以上同學選修,https://course.nuk.edu.tw/QueryCourse/tcontent.asp?OpenYear=107&Helf=2&Sclass=EL&Cono=F523,2026-08-26T18:18:27+00:00
107-2-EL-F524-A-3-A,107,2,人文社會科學院,EL,東亞語文學系,F524,A,大學部,3,A,越南少數民族研究,3,選,15,8,,7,裴光雄,H1--211,,,"5,6, 7",,,,,"[{""day"": 3, ""dayName"": ""星期三"", ""periods"": [""5"", ""6"", ""7""], ""raw"": ""5,6, 7""}]",,教室H1-211，學碩合開課程，開放本系學士班三年級以上同學選修,https://course.nuk.edu.tw/QueryCourse/tcontent.asp?OpenYear=107&Helf=2&Sclass=EL&Cono=F524,2026-08-26T18:18:27+00:00
107-2-EL-F541-A-3-A,107,2,人文社會科學院,EL,東亞語文學系,F541,A,大學部,3,A,韓日中語法對照研究,3,選,15,7,,8,李京保,H1--211,"2,3, 4",,,,,,,"[{""day"": 1, ""dayName"": ""星期一"", ""periods"": [""2"", ""3"", ""4""], ""raw"": ""2,3, 4""}]",,教室H1-211，學碩合開課程，開放本系學士班三年級以上同學選修,https://course.nuk.edu.tw/QueryCourse/tcontent.asp?OpenYear=107&Helf=2&Sclass=EL&Cono=F541,2026-08-26T18:18:27+00:00
107-2-EL-D14B-A-4-A,107,2,人文社會科學院,EL,東亞語文學系,D14B,A,大學部,4,A,日本專題研究Ⅱ,3,必,30,14,,16,陳志文 何資宜 深尾圓,H2--102,,,,,"7,8, 9",,,"[{""day"": 5, ""dayName"": ""星期五"", ""periods"": [""7"", ""8"", ""9""], ""raw"": ""7,8, 9""}]",,教室H2-102,https://course.nuk.edu.tw/QueryCourse/tcontent.asp?OpenYear=107&Helf=2&Sclass=EL&Cono=D14B,2026-08-26T18:18:27+00:00
107-2-EL-D15B-A-4-A,107,2,人文社會科學院,EL,東亞語文學系,D15B,A,大學部,4,A,韓國專題研究Ⅱ,3,必,30,20,,10,李京保 王清棟 河凡植,H2--201,,,,,"7,8, 9",,,"[{""day"": 5, ""dayName"": ""星期五"", ""periods"": [""7"", ""8"", ""9""], ""raw"": ""7,8, 9""}]",,教室H2-201,https://course.nuk.edu.tw/QueryCourse/tcontent.asp?OpenYear=107&Helf=2&Sclass=EL&Cono=D15B,2026-08-26T18:18:27+00:00
107-2-EL-D16B-A-4-A,107,2,人文社會科學院,EL,東亞語文學系,D16B,A,大學部,4,A,越南專題研究Ⅱ,3,必,30,8,,22,阮美香 裴光雄,H2--202,,,,,"X,Y",X,,"[{""day"": 5, ""dayName"": ""星期五"", ""periods"": [""X"", ""Y""], ""raw"": ""X,Y""}, {""day"": 6, ""dayName"": ""星期六"", ""periods"": [""X""], ""raw"": ""X""}]",,教室H2-202,https://course.nuk.edu.tw/QueryCourse/tcontent.asp?OpenYear=107&Helf=2&Sclass=EL&Cono=D16B,2026-08-26T18:18:27+00:00
107-2-EL-D18B-A-4-A,107,2,人文社會科學院,EL,東亞語文學系,D18B,A,大學部,4,A,校外實習Ⅱ,9,必,3,3,,0,陳志文 阮美香 陳氏蘭,,,,,,,"1,2, 3,4, Y,5, 6,7, 8",,"[{""day"": 6, ""dayName"": ""星期六"", ""periods"": [""1"", ""2"", ""3"", ""4"", ""Y"", ""5"", ""6"", ""7"", ""8""], ""raw"": ""1,2, 3,4, Y,5, 6,7, 8""}]",限修及外加,修課學生由授課教師設定指定加簽，並須完成至少校外486小時實習。,https://course.nuk.edu.tw/QueryCourse/tcontent.asp?OpenYear=107&Helf=2&Sclass=EL&Cono=D18B,2026-08-26T18:18:27+00:00
107-2-EL-D57B-A-4-A,107,2,人文社會科學院,EL,東亞語文學系,D57B,A,大學部,4,A,韓國社會概論II,2,選,30,3,,27,河凡植,H1--111,"5,6",,,,,,,"[{""day"": 1, ""dayName"": ""星期一"", ""periods"": [""5"", ""6""], ""raw"": ""5,6""}]",,教室H1-111，本課程部分為遠距教學授課，教師授課鐘點由韓國外國語大學支應,https://course.nuk.edu.tw/QueryCourse/tcontent.asp?OpenYear=107&Helf=2&Sclass=EL&Cono=D57B,2026-08-26T18:18:27+00:00
107-2-EL-D622-A-4-A,107,2,人文社會科學院,EL,東亞語文學系,D622,A,大學部,4,A,越南產業概論,2,選,30,10,,20,鄧氏霞妝,H2--202,,,,,"3,4",,,"[{""day"": 5, ""dayName"": ""星期五"", ""periods"": [""3"", ""4""], ""raw"": ""3,4""}]",,教室H2-202,https://course.nuk.edu.tw/QueryCourse/tcontent.asp?OpenYear=107&Helf=2&Sclass=EL&Cono=D622,2026-08-26T18:18:27+00:00
107-2-EL-F010-M-1-,107,2,人文社會科學院,EL,東亞語文學系,F010,M,碩士班,1,,論文導讀與討論,3,必,20,7,,13,李京保 裴光雄,H1--211,,"2,3, 4",,,,,,"[{""day"": 2, ""dayName"": ""星期二"", ""periods"": [""2"", ""3"", ""4""], ""raw"": ""2,3, 4""}]",,教室H1-211,https://course.nuk.edu.tw/QueryCourse/tcontent.asp?OpenYear=107&Helf=2&Sclass=EL&Cono=F010,2026-08-26T18:18:27+00:00
107-2-EL-F513-M-1-,107,2,人文社會科學院,EL,東亞語文學系,F513,M,碩士班,1,,韓國人文講座,3,選,16,13,,3,河凡植 李京保,H1--211,"7,8, 9",,,,,,,"[{""day"": 1, ""dayName"": ""星期一"", ""periods"": [""7"", ""8"", ""9""], ""raw"": ""7,8, 9""}]",外加,教室H1-211,https://course.nuk.edu.tw/QueryCourse/tcontent.asp?OpenYear=107&Helf=2&Sclass=EL&Cono=F513,2026-08-26T18:18:27+00:00
107-2-EL-F523-M-1-,107,2,人文社會科學院,EL,東亞語文學系,F523,M,碩士班,1,,越南民間信仰研究,3,選,15,8,,7,裴光雄,H1--211,,,"2,3, 4",,,,,"[{""day"": 3, ""dayName"": ""星期三"", ""periods"": [""2"", ""3"", ""4""], ""raw"": ""2,3, 4""}]",,教室H1-211,https://course.nuk.edu.tw/QueryCourse/tcontent.asp?OpenYear=107&Helf=2&Sclass=EL&Cono=F523,2026-08-26T18:18:27+00:00
107-2-EL-F524-M-1-,107,2,人文社會科學院,EL,東亞語文學系,F524,M,碩士班,1,,越南少數民族研究,3,選,15,8,,7,裴光雄,H1--211,,,"5,6, 7",,,,,"[{""day"": 3, ""dayName"": ""星期三"", ""periods"": [""5"", ""6"", ""7""], ""raw"": ""5,6, 7""}]",,教室H1-211,https://course.nuk.edu.tw/QueryCourse/tcontent.asp?OpenYear=107&Helf=2&Sclass=EL&Cono=F524,2026-08-26T18:18:27+00:00
107-2-EL-F541-M-1-,107,2,人文社會科學院,EL,東亞語文學系,F541,M,碩士班,1,,韓日中語法對照研究,3,選,15,7,,8,李京保,H1--211,"2,3, 4",,,,,,,"[{""day"": 1, ""dayName"": ""星期一"", ""periods"": [""2"", ""3"", ""4""], ""raw"": ""2,3, 4""}]",,教室H1-211,https://course.nuk.edu.tw/QueryCourse/tcontent.asp?OpenYear=107&Helf=2&Sclass=EL&Cono=F541,2026-08-26T18:18:27+00:00
107-2-KH-A081-A-1-A,107,2,人文社會科學院,KH,運動健康與休閒學系,A081,A,大學部,1,A,休閒與遊憩學,3,選,50,23,,27,潘明珠,H1--104,"2,3, 4",,,,,,,"[{""day"": 1, ""dayName"": ""星期一"", ""periods"": [""2"", ""3"", ""4""], ""raw"": ""2,3, 4""}]",限修 學程,休閒健康促進學群/外語導遊人才培育學程/外語觀光保健人才培育學程,https://course.nuk.edu.tw/QueryCourse/tcontent.asp?OpenYear=107&Helf=2&Sclass=KH&Cono=A081,2026-08-26T18:18:27+00:00
107-2-KH-A114-A-1-A,107,2,人文社會科學院,KH,運動健康與休閒學系,A114,A,大學部,1,A,環境健康學,2,必,70,65,,5,白秀華 徐爾烈,H1--107,,,"3,4",,,,,"[{""day"": 3, ""dayName"": ""星期三"", ""periods"": [""3"", ""4""], ""raw"": ""3,4""}]",限修及外加,核心必修,https://course.nuk.edu.tw/QueryCourse/tcontent.asp?OpenYear=107&Helf=2&Sclass=KH&Cono=A114,2026-08-26T18:18:27+00:00
107-2-KH-A19D-A-1-A,107,2,人文社會科學院,KH,運動健康與休閒學系,A19D,A,大學部,1,A,人體解剖生理學(含實驗)(2),2,必,85,81,,4,劉紹東,H1--107,,,,,"5,6",,,"[{""day"": 5, ""dayName"": ""星期五"", ""periods"": [""5"", ""6""], ""raw"": ""5,6""}]",限修及外加 學程,核心必修/外語觀光保健人才培育學程,https://course.nuk.edu.tw/QueryCourse/tcontent.asp?OpenYear=107&Helf=2&Sclass=KH&Cono=A19D,2026-08-26T18:18:27+00:00
107-2-KH-A517-A-1-A,107,2,人文社會科學院,KH,運動健康與休閒學系,A517,A,大學部,1,A,運動動作控制,2,選,51,34,,17,張志成,H1--105,,"6,7",,,,,,"[{""day"": 2, ""dayName"": ""星期二"", ""periods"": [""6"", ""7""], ""raw"": ""6,7""}]",限修及外加,運動健康促進學群,https://course.nuk.edu.tw/QueryCourse/tcontent.asp?OpenYear=107&Helf=2&Sclass=KH&Cono=A517,2026-08-26T18:18:27+00:00
107-2-KH-A554-A-1-A,107,2,人文社會科學院,KH,運動健康與休閒學系,A554,A,大學部,1,A,休閒、文化與活動,3,選,54,44,,10,莊淑姿,H1--104,,,,,"2,3, 4",,,"[{""day"": 5, ""dayName"": ""星期五"", ""periods"": [""2"", ""3"", ""4""], ""raw"": ""2,3, 4""}]",限修及外加,休閒健康促進學群,https://course.nuk.edu.tw/QueryCourse/tcontent.asp?OpenYear=107&Helf=2&Sclass=KH&Cono=A554,2026-08-26T18:18:27+00:00
107-2-KH-A561-A-1-A,107,2,人文社會科學院,KH,運動健康與休閒學系,A561,A,大學部,1,A,適應體育,2,選,50,37,,13,李福恩,K01-202,,"3,4",,,,,,"[{""day"": 2, ""dayName"": ""星期二"", ""periods"": [""3"", ""4""], ""raw"": ""3,4""}]",限修,休閒健康促進學群,https://course.nuk.edu.tw/QueryCourse/tcontent.asp?OpenYear=107&Helf=2&Sclass=KH&Cono=A561,2026-08-26T18:18:27+00:00
107-2-KH-B181-A-1-A,107,2,人文社會科學院,KH,運動健康與休閒學系,B181,A,大學部,1,A,普通心理學,2,必,89,71,,18,陳詢榮,H1--107,,,,"1,2",,,,"[{""day"": 4, ""dayName"": ""星期四"", ""periods"": [""1"", ""2""], ""raw"": ""1,2""}]",限修及外加,核心必修,https://course.nuk.edu.tw/QueryCourse/tcontent.asp?OpenYear=107&Helf=2&Sclass=KH&Cono=B181,2026-08-26T18:18:27+00:00
107-2-KH-C605-A-1-A,107,2,人文社會科學院,KH,運動健康與休閒學系,C605,A,大學部,1,A,特殊族群之健康與文化,2,選,55,46,,9,章順仁,H1--104,,,,"5,6",,,,"[{""day"": 4, ""dayName"": ""星期四"", ""periods"": [""5"", ""6""], ""raw"": ""5,6""}]",限修及外加,核心選修,https://course.nuk.edu.tw/QueryCourse/tcontent.asp?OpenYear=107&Helf=2&Sclass=KH&Cono=C605,2026-08-26T18:18:27+00:00
107-2-KH-B213-A-2-A,107,2,人文社會科學院,KH,運動健康與休閒學系,B213,A,大學部,2,A,健康行為科學,2,必,63,57,,6,陳詢榮,H1--104,,,,,"5,6",,,"[{""day"": 5, ""dayName"": ""星期五"", ""periods"": [""5"", ""6""], ""raw"": ""5,6""}]",限修及外加,核心必修,https://course.nuk.edu.tw/QueryCourse/tcontent.asp?OpenYear=107&Helf=2&Sclass=KH&Cono=B213,2026-08-26T18:18:27+00:00
107-2-KH-B222-A-2-A,107,2,人文社會科學院,KH,運動健康與休閒學系,B222,A,大學部,2,A,健康飲食,2,必,78,78,,0,吳佩芳,H1--107,,"3,4",,,,,,"[{""day"": 2, ""dayName"": ""星期二"", ""periods"": [""3"", ""4""], ""raw"": ""3,4""}]",限修及外加,核心必修,https://course.nuk.edu.tw/QueryCourse/tcontent.asp?OpenYear=107&Helf=2&Sclass=KH&Cono=B222,2026-08-26T18:18:27+00:00
107-2-KH-B502-A-2-A,107,2,人文社會科學院,KH,運動健康與休閒學系,B502,A,大學部,2,A,人類生殖生理概論,2,選,50,45,,5,劉紹東,H1--105,,,,"5,6",,,,"[{""day"": 4, ""dayName"": ""星期四"", ""periods"": [""5"", ""6""], ""raw"": ""5,6""}]",限修,運動健康促進學群,https://course.nuk.edu.tw/QueryCourse/tcontent.asp?OpenYear=107&Helf=2&Sclass=KH&Cono=B502,2026-08-26T18:18:27+00:00
107-2-KH-B552-A-2-A,107,2,人文社會科學院,KH,運動健康與休閒學系,B552,A,大學部,2,A,旅遊規劃實務,2,選,53,13,,40,李福恩,K01-202,,"6,7",,,,,,"[{""day"": 2, ""dayName"": ""星期二"", ""periods"": [""6"", ""7""], ""raw"": ""6,7""}]",限修及外加 學程,休閒健康促進學群/外語導遊人才培育學程,https://course.nuk.edu.tw/QueryCourse/tcontent.asp?OpenYear=107&Helf=2&Sclass=KH&Cono=B552,2026-08-26T18:18:27+00:00
107-2-KH-B573-A-2-A,107,2,人文社會科學院,KH,運動健康與休閒學系,B573,A,大學部,2,A,旅遊日語-中級,2,選,60,47,,13,吳得智,H1--104,,,"3,4",,,,,"[{""day"": 3, ""dayName"": ""星期三"", ""periods"": [""3"", ""4""], ""raw"": ""3,4""}]",限修及外加,休閒健康促進學群,https://course.nuk.edu.tw/QueryCourse/tcontent.asp?OpenYear=107&Helf=2&Sclass=KH&Cono=B573,2026-08-26T18:18:27+00:00
107-2-KH-B574-A-2-A,107,2,人文社會科學院,KH,運動健康與休閒學系,B574,A,大學部,2,A,旅遊英語-中級,2,選,59,31,,28,陳信智,B01-105,,,"9,10",,,,,"[{""day"": 3, ""dayName"": ""星期三"", ""periods"": [""9"", ""10""], ""raw"": ""9,10""}]",限修及外加,休閒健康促進學群,https://course.nuk.edu.tw/QueryCourse/tcontent.asp?OpenYear=107&Helf=2&Sclass=KH&Cono=B574,2026-08-26T18:18:27+00:00
107-2-KH-B582-A-2-A,107,2,人文社會科學院,KH,運動健康與休閒學系,B582,A,大學部,2,A,導遊與領隊實務,2,選,53,22,,31,謝文芳,H1--104,,,,"8,9",,,,"[{""day"": 4, ""dayName"": ""星期四"", ""periods"": [""8"", ""9""], ""raw"": ""8,9""}]",限修及外加 學程,謝文芳老師/休閒健康促進學群/外語導遊人才培育學程,https://course.nuk.edu.tw/QueryCourse/tcontent.asp?OpenYear=107&Helf=2&Sclass=KH&Cono=B582,2026-08-26T18:18:27+00:00
107-2-KH-B583-A-2-A,107,2,人文社會科學院,KH,運動健康與休閒學系,B583,A,大學部,2,A,行銷管理,3,選,57,36,,21,潘明珠,H1--104,,"5,6, 7",,,,,,"[{""day"": 2, ""dayName"": ""星期二"", ""periods"": [""5"", ""6"", ""7""], ""raw"": ""5,6, 7""}]",限修及外加,核心選修,https://course.nuk.edu.tw/QueryCourse/tcontent.asp?OpenYear=107&Helf=2&Sclass=KH&Cono=B583,2026-08-26T18:18:27+00:00
107-2-KH-B593-A-2-A,107,2,人文社會科學院,KH,運動健康與休閒學系,B593,A,大學部,2,A,運動生理學,3,選,55,52,,3,吳佩芳,K01-202,,,,"2,3, 4",,,,"[{""day"": 4, ""dayName"": ""星期四"", ""periods"": [""2"", ""3"", ""4""], ""raw"": ""2,3, 4""}]",限修及外加,運動健康促進學群,https://course.nuk.edu.tw/QueryCourse/tcontent.asp?OpenYear=107&Helf=2&Sclass=KH&Cono=B593,2026-08-26T18:18:27+00:00
107-2-KH-B604-A-2-A,107,2,人文社會科學院,KH,運動健康與休閒學系,B604,A,大學部,2,A,進階有氧,2,選,54,13,,41,孫婉華,H1--104,,,"8,9",,,,,"[{""day"": 3, ""dayName"": ""星期三"", ""periods"": [""8"", ""9""], ""raw"": ""8,9""}]",限修及外加,運動健康促進學群,https://course.nuk.edu.tw/QueryCourse/tcontent.asp?OpenYear=107&Helf=2&Sclass=KH&Cono=B604,2026-08-26T18:18:27+00:00
107-2-KH-B654-A-2-A,107,2,人文社會科學院,KH,運動健康與休閒學系,B654,A,大學部,2,A,運動休閒消費者行為,2,選,51,34,,17,張景弘,H1--105,,,,,"3,4",,,"[{""day"": 5, ""dayName"": ""星期五"", ""periods"": [""3"", ""4""], ""raw"": ""3,4""}]",限修及外加,核心選修,https://course.nuk.edu.tw/QueryCourse/tcontent.asp?OpenYear=107&Helf=2&Sclass=KH&Cono=B654,2026-08-26T18:18:27+00:00
107-2-KH-B661-A-2-A,107,2,人文社會科學院,KH,運動健康與休閒學系,B661,A,大學部,2,A,老人健康促進,2,選,53,44,,9,章順仁,H1--105,"3,4",,,,,,,"[{""day"": 1, ""dayName"": ""星期一"", ""periods"": [""3"", ""4""], ""raw"": ""3,4""}]",限修及外加,核心選修,https://course.nuk.edu.tw/QueryCourse/tcontent.asp?OpenYear=107&Helf=2&Sclass=KH&Cono=B661,2026-08-26T18:18:27+00:00
107-2-KH-B671-A-2-A,107,2,人文社會科學院,KH,運動健康與休閒學系,B671,A,大學部,2,A,重量訓練,2,選,52,52,,0,李福恩,K01-202,,,"6,7",,,,,"[{""day"": 3, ""dayName"": ""星期三"", ""periods"": [""6"", ""7""], ""raw"": ""6,7""}]",限修及外加,運動健康促進學群,https://course.nuk.edu.tw/QueryCourse/tcontent.asp?OpenYear=107&Helf=2&Sclass=KH&Cono=B671,2026-08-26T18:18:27+00:00
107-2-KH-B061-A-3-A,107,2,人文社會科學院,KH,運動健康與休閒學系,B061,A,大學部,3,A,休閒社會學,3,選,53,14,,39,莊淑姿,H1--106,,"5,6, 7",,,,,,"[{""day"": 2, ""dayName"": ""星期二"", ""periods"": [""5"", ""6"", ""7""], ""raw"": ""5,6, 7""}]",限修及外加,休閒健康促進學群,https://course.nuk.edu.tw/QueryCourse/tcontent.asp?OpenYear=107&Helf=2&Sclass=KH&Cono=B061,2026-08-26T18:18:27+00:00
107-2-KH-B542-A-3-A,107,2,人文社會科學院,KH,運動健康與休閒學系,B542,A,大學部,3,A,戶外遊憩管理與實務,3,選,51,26,,25,潘明珠,H1--106,"5,6, 7",,,,,,,"[{""day"": 1, ""dayName"": ""星期一"", ""periods"": [""5"", ""6"", ""7""], ""raw"": ""5,6, 7""}]",限修及外加,休閒健康促進學群,https://course.nuk.edu.tw/QueryCourse/tcontent.asp?OpenYear=107&Helf=2&Sclass=KH&Cono=B542,2026-08-26T18:18:27+00:00
107-2-KH-B551-A-3-A,107,2,人文社會科學院,KH,運動健康與休閒學系,B551,A,大學部,3,A,生態旅遊,3,選,51,10,,41,張景弘,H1--105,,,"5,6, 7",,,,,"[{""day"": 3, ""dayName"": ""星期三"", ""periods"": [""5"", ""6"", ""7""], ""raw"": ""5,6, 7""}]",限修及外加,休閒健康促進學群,https://course.nuk.edu.tw/QueryCourse/tcontent.asp?OpenYear=107&Helf=2&Sclass=KH&Cono=B551,2026-08-26T18:18:27+00:00
107-2-KH-B612-A-3-A,107,2,人文社會科學院,KH,運動健康與休閒學系,B612,A,大學部,3,A,運動產業分析,2,選,50,11,,39,張景弘,H1--105,,,"3,4",,,,,"[{""day"": 3, ""dayName"": ""星期三"", ""periods"": [""3"", ""4""], ""raw"": ""3,4""}]",限修,運動健康促進學群,https://course.nuk.edu.tw/QueryCourse/tcontent.asp?OpenYear=107&Helf=2&Sclass=KH&Cono=B612,2026-08-26T18:18:27+00:00
107-2-KH-C102-A-3-A,107,2,人文社會科學院,KH,運動健康與休閒學系,C102,A,大學部,3,A,健康促進理論與實務,3,必,63,57,,6,白秀華,H1--104,,,,"2,3, 4",,,,"[{""day"": 4, ""dayName"": ""星期四"", ""periods"": [""2"", ""3"", ""4""], ""raw"": ""2,3, 4""}]",限修及外加,核心必修,https://course.nuk.edu.tw/QueryCourse/tcontent.asp?OpenYear=107&Helf=2&Sclass=KH&Cono=C102,2026-08-26T18:18:27+00:00
107-2-KH-C131-A-3-A,107,2,人文社會科學院,KH,運動健康與休閒學系,C131,A,大學部,3,A,運動處方,2,選,50,42,,8,張志成,H1--104,,,"6,7",,,,,"[{""day"": 3, ""dayName"": ""星期三"", ""periods"": [""6"", ""7""], ""raw"": ""6,7""}]",限修,運動健康促進學群,https://course.nuk.edu.tw/QueryCourse/tcontent.asp?OpenYear=107&Helf=2&Sclass=KH&Cono=C131,2026-08-26T18:18:27+00:00
107-2-KH-C162-A-3-A,107,2,人文社會科學院,KH,運動健康與休閒學系,C162,A,大學部,3,A,游泳與水上安全救生,2,選,50,10,,40,林榮男,H1--210,,"6,7",,,,,,"[{""day"": 2, ""dayName"": ""星期二"", ""periods"": [""6"", ""7""], ""raw"": ""6,7""}]",,"林榮男老師/運動健康促進學群,上課地點:H106,游泳池",https://course.nuk.edu.tw/QueryCourse/tcontent.asp?OpenYear=107&Helf=2&Sclass=KH&Cono=C162,2026-08-26T18:18:27+00:00
107-2-KH-C541-A-3-A,107,2,人文社會科學院,KH,運動健康與休閒學系,C541,A,大學部,3,A,徒手肌肉測試,2,選,50,11,,39,劉紹東,H1--106,,,,"7,8",,,,"[{""day"": 4, ""dayName"": ""星期四"", ""periods"": [""7"", ""8""], ""raw"": ""7,8""}]",先修 限修,運動健康促進學群,https://course.nuk.edu.tw/QueryCourse/tcontent.asp?OpenYear=107&Helf=2&Sclass=KH&Cono=C541,2026-08-26T18:18:27+00:00
107-2-KH-C597-A-3-A,107,2,人文社會科學院,KH,運動健康與休閒學系,C597,A,大學部,3,A,休閒政策與法規,2,選,61,43,,18,謝文芳,H1--104,,,"1,2",,,,,"[{""day"": 3, ""dayName"": ""星期三"", ""periods"": [""1"", ""2""], ""raw"": ""1,2""}]",限修及外加,謝文芳老師/休閒健康促進學群(運健休學系法學素養課程),https://course.nuk.edu.tw/QueryCourse/tcontent.asp?OpenYear=107&Helf=2&Sclass=KH&Cono=C597,2026-08-26T18:18:27+00:00
107-2-KH-C604-A-3-A,107,2,人文社會科學院,KH,運動健康與休閒學系,C604,A,大學部,3,A,健身運動心理學,2,選,54,34,,20,張志成,H1--104,,"1,2",,,,,,"[{""day"": 2, ""dayName"": ""星期二"", ""periods"": [""1"", ""2""], ""raw"": ""1,2""}]",限修及外加,運動健康促進學群,https://course.nuk.edu.tw/QueryCourse/tcontent.asp?OpenYear=107&Helf=2&Sclass=KH&Cono=C604,2026-08-26T18:18:27+00:00
107-2-KH-C623-A-3-A,107,2,人文社會科學院,KH,運動健康與休閒學系,C623,A,大學部,3,A,網球,2,選,50,35,,15,張志成,H1--105,,,"8,9",,,,,"[{""day"": 3, ""dayName"": ""星期三"", ""periods"": [""8"", ""9""], ""raw"": ""8,9""}]",限修,運動健康促進學群(網球場),https://course.nuk.edu.tw/QueryCourse/tcontent.asp?OpenYear=107&Helf=2&Sclass=KH&Cono=C623,2026-08-26T18:18:27+00:00
107-2-KH-C682-A-3-A,107,2,人文社會科學院,KH,運動健康與休閒學系,C682,A,大學部,3,A,體重控制,2,選,31,29,,2,吳佩芳,K01-202,"3,4",,,,,,,"[{""day"": 1, ""dayName"": ""星期一"", ""periods"": [""3"", ""4""], ""raw"": ""3,4""}]",限修及外加,核心選修,https://course.nuk.edu.tw/QueryCourse/tcontent.asp?OpenYear=107&Helf=2&Sclass=KH&Cono=C682,2026-08-26T18:18:27+00:00
107-2-KH-C684-A-3-A,107,2,人文社會科學院,KH,運動健康與休閒學系,C684,A,大學部,3,A,健康資訊與應用,2,選,50,22,,28,章順仁,H1--104,,"3,4",,,,,,"[{""day"": 2, ""dayName"": ""星期二"", ""periods"": [""3"", ""4""], ""raw"": ""3,4""}]",限修,核心選修,https://course.nuk.edu.tw/QueryCourse/tcontent.asp?OpenYear=107&Helf=2&Sclass=KH&Cono=C684,2026-08-26T18:18:27+00:00
107-2-KH-D061-A-3-A,107,2,人文社會科學院,KH,運動健康與休閒學系,D061,A,大學部,3,A,團體動力學,2,選,50,29,,21,陳詢榮,H1--106,,,,"5,6",,,,"[{""day"": 4, ""dayName"": ""星期四"", ""periods"": [""5"", ""6""], ""raw"": ""5,6""}]",限修 學程,核心選修/外語導遊人才培育學程,https://course.nuk.edu.tw/QueryCourse/tcontent.asp?OpenYear=107&Helf=2&Sclass=KH&Cono=D061,2026-08-26T18:18:27+00:00
107-2-KH-D022-A-4-A,107,2,人文社會科學院,KH,運動健康與休閒學系,D022,A,大學部,4,A,產業實習,3,必,55,47,,8,張志成 鄭越才,H1--105,,,,,"5,6, 7",,,"[{""day"": 5, ""dayName"": ""星期五"", ""periods"": [""5"", ""6"", ""7""], ""raw"": ""5,6, 7""}]",限修及外加,核心必修,https://course.nuk.edu.tw/QueryCourse/tcontent.asp?OpenYear=107&Helf=2&Sclass=KH&Cono=D022,2026-08-26T18:18:27+00:00
107-2-KH-D523-A-4-A,107,2,人文社會科學院,KH,運動健康與休閒學系,D523,A,大學部,4,A,健身運動訓練,2,選,50,17,,33,李福恩,K01-202,,,"3,4",,,,,"[{""day"": 3, ""dayName"": ""星期三"", ""periods"": [""3"", ""4""], ""raw"": ""3,4""}]",限修,運動健康促進學群,https://course.nuk.edu.tw/QueryCourse/tcontent.asp?OpenYear=107&Helf=2&Sclass=KH&Cono=D523,2026-08-26T18:18:27+00:00
107-2-KH-D56B-A-4-A,107,2,人文社會科學院,KH,運動健康與休閒學系,D56B,A,大學部,4,A,休閒產業的藝術管理(二),1,選,50,12,,38,鄭越才,H1--105,,,,,8,,,"[{""day"": 5, ""dayName"": ""星期五"", ""periods"": [""8""], ""raw"": ""8""}]",限修,休閒健康促進學群,https://course.nuk.edu.tw/QueryCourse/tcontent.asp?OpenYear=107&Helf=2&Sclass=KH&Cono=D56B,2026-08-26T18:18:27+00:00
107-2-KH-D583-A-4-A,107,2,人文社會科學院,KH,運動健康與休閒學系,D583,A,大學部,4,A,運動保健學,2,選,54,21,,33,劉紹東 張志成 吳佩芳,H1--104,"5,6",,,,,,,"[{""day"": 1, ""dayName"": ""星期一"", ""periods"": [""5"", ""6""], ""raw"": ""5,6""}]",限修及外加,運動健康促進學群,https://course.nuk.edu.tw/QueryCourse/tcontent.asp?OpenYear=107&Helf=2&Sclass=KH&Cono=D583,2026-08-26T18:18:27+00:00
107-2-KH-D591-A-4-A,107,2,人文社會科學院,KH,運動健康與休閒學系,D591,A,大學部,4,A,職場壓力管理,2,選,50,21,,29,陳詢榮,H1--105,,,,"3,4",,,,"[{""day"": 4, ""dayName"": ""星期四"", ""periods"": [""3"", ""4""], ""raw"": ""3,4""}]",限修,運動健康促進學群/休閒健康促進學群,https://course.nuk.edu.tw/QueryCourse/tcontent.asp?OpenYear=107&Helf=2&Sclass=KH&Cono=D591,2026-08-26T18:18:27+00:00
107-2-KH-T00B-L-1-,107,2,人文社會科學院,KH,運動健康與休閒學系,T00B,L,碩士在職專班,1,,專題討論(二),2,必,15,11,,4,白秀華,H1--209,,,"10,11",,,,,"[{""day"": 3, ""dayName"": ""星期三"", ""periods"": [""10"", ""11""], ""raw"": ""10,11""}]",限修,,https://course.nuk.edu.tw/QueryCourse/tcontent.asp?OpenYear=107&Helf=2&Sclass=KH&Cono=T00B,2026-08-26T18:18:27+00:00
107-2-KH-T502-L-1-,107,2,人文社會科學院,KH,運動健康與休閒學系,T502,L,碩士在職專班,1,,運動心理學特論,3,選,20,10,,10,張志成,H1--209,,"10,11, 12",,,,,,"[{""day"": 2, ""dayName"": ""星期二"", ""periods"": [""10"", ""11"", ""12""], ""raw"": ""10,11, 12""}]",限修,運動知能專業課程,https://course.nuk.edu.tw/QueryCourse/tcontent.asp?OpenYear=107&Helf=2&Sclass=KH&Cono=T502,2026-08-26T18:18:27+00:00
107-2-KH-T505-L-1-,107,2,人文社會科學院,KH,運動健康與休閒學系,T505,L,碩士在職專班,1,,健康促進特論,3,選,22,11,,11,白秀華 章順仁,H1--209,,,,"10,11, 12",,,,"[{""day"": 4, ""dayName"": ""星期四"", ""periods"": [""10"", ""11"", ""12""], ""raw"": ""10,11, 12""}]",限修,健康促進專業課程,https://course.nuk.edu.tw/QueryCourse/tcontent.asp?OpenYear=107&Helf=2&Sclass=KH&Cono=T505,2026-08-26T18:18:27+00:00
107-2-KH-U002-L-2-,107,2,人文社會科學院,KH,運動健康與休閒學系,U002,L,碩士在職專班,2,,碩士論文(二),3,必,15,12,,3,張志成 劉紹東 吳佩芳 張景弘 潘明珠,H1--210,,,"10,11, 12",,,,,"[{""day"": 3, ""dayName"": ""星期三"", ""periods"": [""10"", ""11"", ""12""], ""raw"": ""10,11, 12""}]",限修,,https://course.nuk.edu.tw/QueryCourse/tcontent.asp?OpenYear=107&Helf=2&Sclass=KH&Cono=U002,2026-08-26T18:18:27+00:00
107-2-KH-F013-M-1-,107,2,人文社會科學院,KH,運動健康與休閒學系,F013,M,碩士班,1,,專題討論(二),1,必,15,10,,5,白秀華,H1--209,,,6,,,,,"[{""day"": 3, ""dayName"": ""星期三"", ""periods"": [""6""], ""raw"": ""6""}]",限修,,https://course.nuk.edu.tw/QueryCourse/tcontent.asp?OpenYear=107&Helf=2&Sclass=KH&Cono=F013,2026-08-26T18:18:27+00:00
107-2-KH-F032-M-1-,107,2,人文社會科學院,KH,運動健康與休閒學系,F032,M,碩士班,1,,運動健康與休閒專題講座,2,必,15,10,,5,白秀華,H1--209,,,,"6,7",,,,"[{""day"": 4, ""dayName"": ""星期四"", ""periods"": [""6"", ""7""], ""raw"": ""6,7""}]",限修,,https://course.nuk.edu.tw/QueryCourse/tcontent.asp?OpenYear=107&Helf=2&Sclass=KH&Cono=F032,2026-08-26T18:18:27+00:00
107-2-KH-F515-M-1-,107,2,人文社會科學院,KH,運動健康與休閒學系,F515,M,碩士班,1,,運動選手培訓制度專論,3,選,15,5,,10,李福恩,H1--209,"5,6, 7",,,,,,,"[{""day"": 1, ""dayName"": ""星期一"", ""periods"": [""5"", ""6"", ""7""], ""raw"": ""5,6, 7""}]",限修,,https://course.nuk.edu.tw/QueryCourse/tcontent.asp?OpenYear=107&Helf=2&Sclass=KH&Cono=F515,2026-08-26T18:18:27+00:00
107-2-KH-F519-M-1-,107,2,人文社會科學院,KH,運動健康與休閒學系,F519,M,碩士班,1,,運動行銷專題研究,3,選,15,7,,8,張景弘,H1--209,,"5,6, 7",,,,,,"[{""day"": 2, ""dayName"": ""星期二"", ""periods"": [""5"", ""6"", ""7""], ""raw"": ""5,6, 7""}]",限修,,https://course.nuk.edu.tw/QueryCourse/tcontent.asp?OpenYear=107&Helf=2&Sclass=KH&Cono=F519,2026-08-26T18:18:27+00:00
107-2-KH-F52A-M-1-,107,2,人文社會科學院,KH,運動健康與休閒學系,F52A,M,碩士班,1,,休閒產業與地區發展特論,3,選,15,8,,7,莊淑姿,H1--209,,,,"2,3, 4",,,,"[{""day"": 4, ""dayName"": ""星期四"", ""periods"": [""2"", ""3"", ""4""], ""raw"": ""2,3, 4""}]",限修,,https://course.nuk.edu.tw/QueryCourse/tcontent.asp?OpenYear=107&Helf=2&Sclass=KH&Cono=F52A,2026-08-26T18:18:27+00:00
107-2-KH-F571-M-1-,107,2,人文社會科學院,KH,運動健康與休閒學系,F571,M,碩士班,1,,解剖學特論,3,選,20,12,,8,劉紹東,H1--209,,,,,"2,3, 4",,,"[{""day"": 5, ""dayName"": ""星期五"", ""periods"": [""2"", ""3"", ""4""], ""raw"": ""2,3, 4""}]",限修,,https://course.nuk.edu.tw/QueryCourse/tcontent.asp?OpenYear=107&Helf=2&Sclass=KH&Cono=F571,2026-08-26T18:18:27+00:00
107-2-KH-F612-M-1-,107,2,人文社會科學院,KH,運動健康與休閒學系,F612,M,碩士班,1,,永續觀光發展特論,3,選,15,5,,10,潘明珠,H1--209,,,"2,3, 4",,,,,"[{""day"": 3, ""dayName"": ""星期三"", ""periods"": [""2"", ""3"", ""4""], ""raw"": ""2,3, 4""}]",限修,,https://course.nuk.edu.tw/QueryCourse/tcontent.asp?OpenYear=107&Helf=2&Sclass=KH&Cono=F612,2026-08-26T18:18:27+00:00
107-2-KH-F015-M-2-,107,2,人文社會科學院,KH,運動健康與休閒學系,F015,M,碩士班,2,,專題討論(四),1,必,16,12,,4,白秀華,H1--209,,,5,,,,,"[{""day"": 3, ""dayName"": ""星期三"", ""periods"": [""5""], ""raw"": ""5""}]",限修及外加,,https://course.nuk.edu.tw/QueryCourse/tcontent.asp?OpenYear=107&Helf=2&Sclass=KH&Cono=F015,2026-08-26T18:18:27+00:00
107-2-WL-A04B-A-1-A,107,2,人文社會科學院,WL,西洋語文學系,A04B,A,大學部,1,A,英文作文(一下)(A),3,必,25,18,,7,莫艾倫,H2--105,"2,3, 4",,,,,,,"[{""day"": 1, ""dayName"": ""星期一"", ""periods"": [""2"", ""3"", ""4""], ""raw"": ""2,3, 4""}]",限修,"全班50人，分A,B兩組，每組25人，學號單號，補、重修須另加簽，教室H2-105，全外語授課-英語",https://course.nuk.edu.tw/QueryCourse/tcontent.asp?OpenYear=107&Helf=2&Sclass=WL&Cono=A04B,2026-08-26T18:18:27+00:00
107-2-WL-A05B-A-1-A,107,2,人文社會科學院,WL,西洋語文學系,A05B,A,大學部,1,A,英文作文(一下)(B),3,必,26,11,,15,莫艾倫,H2--105,,"2,3, 4",,,,,,"[{""day"": 2, ""dayName"": ""星期二"", ""periods"": [""2"", ""3"", ""4""], ""raw"": ""2,3, 4""}]",限修及外加,"全班50人，分A,B兩組，每組25人，學號雙號。補、重修請另加簽，教室:H2-105，全外語授課-英語",https://course.nuk.edu.tw/QueryCourse/tcontent.asp?OpenYear=107&Helf=2&Sclass=WL&Cono=A05B,2026-08-26T18:18:27+00:00
107-2-WL-A07B-A-1-A,107,2,人文社會科學院,WL,西洋語文學系,A07B,A,大學部,1,A,西洋文學概論(下),3,必,54,45,,9,顏淑娟,H2--107,,,"6,7, 8",,,,,"[{""day"": 3, ""dayName"": ""星期三"", ""periods"": [""6"", ""7"", ""8""], ""raw"": ""6,7, 8""}]",限修及外加,限修本系一年級，補、重修請另加簽，H2-107教室,https://course.nuk.edu.tw/QueryCourse/tcontent.asp?OpenYear=107&Helf=2&Sclass=WL&Cono=A07B,2026-08-26T18:18:27+00:00
107-2-WL-A08B-A-1-A,107,2,人文社會科學院,WL,西洋語文學系,A08B,A,大學部,1,A,文學作品讀法(下),3,必,50,46,,4,傅鈺雯,H2--104,,,,"5,6, 7",,,,"[{""day"": 4, ""dayName"": ""星期四"", ""periods"": [""5"", ""6"", ""7""], ""raw"": ""5,6, 7""}]",限修及外加,限修本系一年級，補、重修請另加簽，教室H2-104，全外語授課-英語。,https://course.nuk.edu.tw/QueryCourse/tcontent.asp?OpenYear=107&Helf=2&Sclass=WL&Cono=A08B,2026-08-26T18:18:27+00:00
107-2-WL-A23C-A-1-A,107,2,人文社會科學院,WL,西洋語文學系,A23C,A,大學部,1,A,英語聽力與會話(一下)(A),3,必,29,22,,7,莫艾倫,H2--105,"7,8, 9",,,,,,,"[{""day"": 1, ""dayName"": ""星期一"", ""periods"": [""7"", ""8"", ""9""], ""raw"": ""7,8, 9""}]",限修及外加 學程,"全班50人，分A,B兩組，每組25人，學號單號。補重修學生、人文與商管學程、外語觀光保健人才培育學程或外語導遊人才培育學程之修習學生請另加簽，教室H2-105，全外語授課-英語。",https://course.nuk.edu.tw/QueryCourse/tcontent.asp?OpenYear=107&Helf=2&Sclass=WL&Cono=A23C,2026-08-26T18:18:27+00:00
107-2-WL-A23D-A-1-A,107,2,人文社會科學院,WL,西洋語文學系,A23D,A,大學部,1,A,英語聽力與會話(一下)(B),3,必,27,26,,1,顏淑娟,H2--105,,,,"2,3, 4",,,,"[{""day"": 4, ""dayName"": ""星期四"", ""periods"": [""2"", ""3"", ""4""], ""raw"": ""2,3, 4""}]",限修及外加 學程,"全班50人，分A,B兩組，每組25人，學號雙號。補重修學生、人文與商管學程、外語觀光保健人才培育學程或外語導遊人才培育學程之修習學生請另加簽。教室H2-105。",https://course.nuk.edu.tw/QueryCourse/tcontent.asp?OpenYear=107&Helf=2&Sclass=WL&Cono=A23D,2026-08-26T18:18:27+00:00
107-2-WL-A51B-A-1-A,107,2,人文社會科學院,WL,西洋語文學系,A51B,A,大學部,1,A,第二外語：法一(下),2,選,56,49,,7,林雅芬,H2--107,"5,6",,,,,,,"[{""day"": 1, ""dayName"": ""星期一"", ""periods"": [""5"", ""6""], ""raw"": ""5,6""}]",限修及外加 學程,本系規定其學生畢業前至少需修習8學分。【人文與商管學程】須另外加簽。教室H2-107,https://course.nuk.edu.tw/QueryCourse/tcontent.asp?OpenYear=107&Helf=2&Sclass=WL&Cono=A51B,2026-08-26T18:18:27+00:00
107-2-WL-A52B-A-1-A,107,2,人文社會科學院,WL,西洋語文學系,A52B,A,大學部,1,A,第二外語：德一(下),2,選,20,12,,8,奧利華,H2--103,"5,6",,,,,,,"[{""day"": 1, ""dayName"": ""星期一"", ""periods"": [""5"", ""6""], ""raw"": ""5,6""}]",限修 學程,本系規定其學生畢業前至少須修習8學分，【人文與商管學程】須另外加簽，教室H2-103,https://course.nuk.edu.tw/QueryCourse/tcontent.asp?OpenYear=107&Helf=2&Sclass=WL&Cono=A52B,2026-08-26T18:18:27+00:00
107-2-WL-A53B-A-1-A,107,2,人文社會科學院,WL,西洋語文學系,A53B,A,大學部,1,A,第二外語：西一(下),2,選,40,18,,22,李優俐,H2--108,"5,6",,,,,,,"[{""day"": 1, ""dayName"": ""星期一"", ""periods"": [""5"", ""6""], ""raw"": ""5,6""}]",限修及外加 學程,本系規定其學生畢業前至少須修習8學分。【人文與商管學程】須另外加簽。教室H2-108,https://course.nuk.edu.tw/QueryCourse/tcontent.asp?OpenYear=107&Helf=2&Sclass=WL&Cono=A53B,2026-08-26T18:18:27+00:00
107-2-WL-C900-A-1-A,107,2,人文社會科學院,WL,西洋語文學系,C900,A,大學部,1,A,產學實習,2,選,2,2,,0,傅鈺雯,,,,,"11,12",,,,"[{""day"": 4, ""dayName"": ""星期四"", ""periods"": [""11"", ""12""], ""raw"": ""11,12""}]",限修及外加,本課程限本系同學以外加方式選課，課程總實習時數須達162小時,https://course.nuk.edu.tw/QueryCourse/tcontent.asp?OpenYear=107&Helf=2&Sclass=WL&Cono=C900,2026-08-26T18:18:27+00:00
107-2-WL-B023-A-2-A,107,2,人文社會科學院,WL,西洋語文學系,B023,A,大學部,2,A,進階英語聽力與會話(二下)(A),3,必,30,20,,10,奧利華,H2--106,,,"2,3, 4",,,,,"[{""day"": 3, ""dayName"": ""星期三"", ""periods"": [""2"", ""3"", ""4""], ""raw"": ""2,3, 4""}]",限修 學程,限修本系二年級(學號單號)，【人文與商管學程】請另加簽，教室:H2-106，全外語授課-英語,https://course.nuk.edu.tw/QueryCourse/tcontent.asp?OpenYear=107&Helf=2&Sclass=WL&Cono=B023,2026-08-26T18:18:27+00:00
107-2-WL-B024-A-2-A,107,2,人文社會科學院,WL,西洋語文學系,B024,A,大學部,2,A,進階英語聽力與會話(二下)(B),3,必,30,18,,12,陳麗青,H2--104,,10,"3,4",,,,,"[{""day"": 2, ""dayName"": ""星期二"", ""periods"": [""10""], ""raw"": ""10""}, {""day"": 3, ""dayName"": ""星期三"", ""periods"": [""3"", ""4""], ""raw"": ""3,4""}]",限修 學程,限修本系二年級(學號雙號)，【人文與商管學程】請另加簽，教室H2-104，全外語授課-英語。,https://course.nuk.edu.tw/QueryCourse/tcontent.asp?OpenYear=107&Helf=2&Sclass=WL&Cono=B024,2026-08-26T18:18:27+00:00
107-2-WL-B04B-A-2-A,107,2,人文社會科學院,WL,西洋語文學系,B04B,A,大學部,2,A,英文作文(二下)(A),2,必,32,19,,13,王嵩嵐,H2--107,,,,"5,6, 7",,,,"[{""day"": 4, ""dayName"": ""星期四"", ""periods"": [""5"", ""6"", ""7""], ""raw"": ""5,6, 7""}]",限修及外加,限修本系二年級(學號單號)，補、重修請另加簽，教室H2-107,https://course.nuk.edu.tw/QueryCourse/tcontent.asp?OpenYear=107&Helf=2&Sclass=WL&Cono=B04B,2026-08-26T18:18:27+00:00
107-2-WL-B05B-A-2-A,107,2,人文社會科學院,WL,西洋語文學系,B05B,A,大學部,2,A,英文作文(二下)(B),2,必,39,31,,8,王嵩嵐,H2--104,"2,3, 4",,,,,,,"[{""day"": 1, ""dayName"": ""星期一"", ""periods"": [""2"", ""3"", ""4""], ""raw"": ""2,3, 4""}]",限修及外加,限修本系二年級(學號雙號)，補、重修請另加簽，H2-104教室,https://course.nuk.edu.tw/QueryCourse/tcontent.asp?OpenYear=107&Helf=2&Sclass=WL&Cono=B05B,2026-08-26T18:18:27+00:00
107-2-WL-B06B-A-2-A,107,2,人文社會科學院,WL,西洋語文學系,B06B,A,大學部,2,A,英國文學史(一下),3,必,60,41,,19,鄭月婷,H2--104,,,"5,6, 7",,,,,"[{""day"": 3, ""dayName"": ""星期三"", ""periods"": [""5"", ""6"", ""7""], ""raw"": ""5,6, 7""}]",,限修本系二年級，H2-104教室,https://course.nuk.edu.tw/QueryCourse/tcontent.asp?OpenYear=107&Helf=2&Sclass=WL&Cono=B06B,2026-08-26T18:18:27+00:00
107-2-WL-B07B-A-2-A,107,2,人文社會科學院,WL,西洋語文學系,B07B,A,大學部,2,A,語言學概論(下),3,必,49,42,,7,賴怡秀,H2--107,,"2,3, 4",,,,,,"[{""day"": 2, ""dayName"": ""星期二"", ""periods"": [""2"", ""3"", ""4""], ""raw"": ""2,3, 4""}]",限修及外加,限修本系二年級，補、重修請另加簽。人社院H2-107教室,https://course.nuk.edu.tw/QueryCourse/tcontent.asp?OpenYear=107&Helf=2&Sclass=WL&Cono=B07B,2026-08-26T18:18:27+00:00
107-2-WL-B51B-A-2-A,107,2,人文社會科學院,WL,西洋語文學系,B51B,A,大學部,2,A,第二外語：法二(下),2,選,21,15,,6,林雅芬,H2--103,"7,8",,,,,,,"[{""day"": 1, ""dayName"": ""星期一"", ""periods"": [""7"", ""8""], ""raw"": ""7,8""}]",先修 限修及外加,本系學生畢業前至少需修8學分。先修：法一(上)(下)或已有法語基礎者。教室H2-103,https://course.nuk.edu.tw/QueryCourse/tcontent.asp?OpenYear=107&Helf=2&Sclass=WL&Cono=B51B,2026-08-26T18:18:27+00:00
107-2-WL-B53B-A-2-A,107,2,人文社會科學院,WL,西洋語文學系,B53B,A,大學部,2,A,第二外語：西二(下),2,選,32,24,,8,李優俐,H1--101,"7,8",,,,,,,"[{""day"": 1, ""dayName"": ""星期一"", ""periods"": [""7"", ""8""], ""raw"": ""7,8""}]",先修 限修及外加,本系學生畢業前至少須修習8學分。先修：西一(上)(下)。H1-101教室,https://course.nuk.edu.tw/QueryCourse/tcontent.asp?OpenYear=107&Helf=2&Sclass=WL&Cono=B53B,2026-08-26T18:18:27+00:00
107-2-WL-B54B-A-2-A,107,2,人文社會科學院,WL,西洋語文學系,B54B,A,大學部,2,A,第二外語：日二(下),2,選,33,11,,22,林柏舟,H2--107,"7,8",,,,,,,"[{""day"": 1, ""dayName"": ""星期一"", ""periods"": [""7"", ""8""], ""raw"": ""7,8""}]",先修 限修及外加,本系規定其學生畢業前至少需修習8學分。先修:日一(上)(下)。教室H2-107,https://course.nuk.edu.tw/QueryCourse/tcontent.asp?OpenYear=107&Helf=2&Sclass=WL&Cono=B54B,2026-08-26T18:18:27+00:00
107-2-WL-B57B-A-2-A,107,2,人文社會科學院,WL,西洋語文學系,B57B,A,大學部,2,A,英美兒童文學(下),3,選,35,35,,0,林雅惠,H2--107,,,,,"2,3, 4",,,"[{""day"": 5, ""dayName"": ""星期五"", ""periods"": [""2"", ""3"", ""4""], ""raw"": ""2,3, 4""}]",限修及外加,限修本系二年級以上，【文學文化類】H2-107教室，全外語授課-英語,https://course.nuk.edu.tw/QueryCourse/tcontent.asp?OpenYear=107&Helf=2&Sclass=WL&Cono=B57B,2026-08-26T18:18:27+00:00
107-2-WL-C06B-A-3-A,107,2,人文社會科學院,WL,西洋語文學系,C06B,A,大學部,3,A,英國文學史(二下),3,必,51,46,,5,陳麗青,H2--107,,"5,6, 7",,,,,,"[{""day"": 2, ""dayName"": ""星期二"", ""periods"": [""5"", ""6"", ""7""], ""raw"": ""5,6, 7""}]",限修及外加,限修本系三年級，補重修請另加簽，教室:H2-107，全外語授課-英語。,https://course.nuk.edu.tw/QueryCourse/tcontent.asp?OpenYear=107&Helf=2&Sclass=WL&Cono=C06B,2026-08-26T18:18:27+00:00
107-2-WL-C07B-A-3-A,107,2,人文社會科學院,WL,西洋語文學系,C07B,A,大學部,3,A,美國文學史(下),3,必,60,51,,9,林雅惠,H2--107,,,,"2,3, 4",,,,"[{""day"": 4, ""dayName"": ""星期四"", ""periods"": [""2"", ""3"", ""4""], ""raw"": ""2,3, 4""}]",限修,限修本系三年級以上，H2-107教室,https://course.nuk.edu.tw/QueryCourse/tcontent.asp?OpenYear=107&Helf=2&Sclass=WL&Cono=C07B,2026-08-26T18:18:27+00:00
107-2-WL-C64B-A-3-A,107,2,人文社會科學院,WL,西洋語文學系,C64B,A,大學部,3,A,社會語言學(下),2,選,26,15,,11,王嵩嵐,H2--108,,"3,4",,,,,,"[{""day"": 2, ""dayName"": ""星期二"", ""periods"": [""3"", ""4""], ""raw"": ""3,4""}]",限修及外加,【語言學類】教室H2-108,https://course.nuk.edu.tw/QueryCourse/tcontent.asp?OpenYear=107&Helf=2&Sclass=WL&Cono=C64B,2026-08-26T18:18:27+00:00
107-2-WL-C65B-A-3-A,107,2,人文社會科學院,WL,西洋語文學系,C65B,A,大學部,3,A,英美戲劇(下),3,選,28,28,,0,歐馨雲,H2--107,,,,,"5,6, 7",,,"[{""day"": 5, ""dayName"": ""星期五"", ""periods"": [""5"", ""6"", ""7""], ""raw"": ""5,6, 7""}]",限修及外加 學程,【文學文化類】限修本系三年級以上。【人文與商管學程】須另外加簽。H2-107教室,https://course.nuk.edu.tw/QueryCourse/tcontent.asp?OpenYear=107&Helf=2&Sclass=WL&Cono=C65B,2026-08-26T18:18:27+00:00
107-2-WL-C671-A-3-A,107,2,人文社會科學院,WL,西洋語文學系,C671,A,大學部,3,A,莎士比亞與電影,3,選,27,22,,5,鄭月婷,H2--104,,"2,3, 4",,,,,,"[{""day"": 2, ""dayName"": ""星期二"", ""periods"": [""2"", ""3"", ""4""], ""raw"": ""2,3, 4""}]",限修及外加,【文學文化類】H2-104教室，全外語授課-英語,https://course.nuk.edu.tw/QueryCourse/tcontent.asp?OpenYear=107&Helf=2&Sclass=WL&Cono=C671,2026-08-26T18:18:27+00:00
107-2-WL-C69A-A-3-A,107,2,人文社會科學院,WL,西洋語文學系,C69A,A,大學部,3,A,英美小說,3,選,31,31,,0,顏淑娟,H2--105,,,"2,3, 4",,,,,"[{""day"": 3, ""dayName"": ""星期三"", ""periods"": [""2"", ""3"", ""4""], ""raw"": ""2,3, 4""}]",限修及外加,【文學文化類】限修本系三年級，四年級請另加簽，H2-105教室,https://course.nuk.edu.tw/QueryCourse/tcontent.asp?OpenYear=107&Helf=2&Sclass=WL&Cono=C69A,2026-08-26T18:18:27+00:00
107-2-WL-C733-A-3-A,107,2,人文社會科學院,WL,西洋語文學系,C733,A,大學部,3,A,商用英文寫作,3,選,23,23,,0,陳麗青,H2--108,,,"7,8, 9",,,,,"[{""day"": 3, ""dayName"": ""星期三"", ""periods"": [""7"", ""8"", ""9""], ""raw"": ""7,8, 9""}]",限修及外加,限修本系三、四年級。教室: H2-108，全外語授課-英語,https://course.nuk.edu.tw/QueryCourse/tcontent.asp?OpenYear=107&Helf=2&Sclass=WL&Cono=C733,2026-08-26T18:18:27+00:00
107-2-WL-C821-A-3-A,107,2,人文社會科學院,WL,西洋語文學系,C821,A,大學部,3,A,英語話劇實作,2,選,35,11,,24,歐馨雲,H2--104,"10,11, 12",,,,,,,"[{""day"": 1, ""dayName"": ""星期一"", ""periods"": [""10"", ""11"", ""12""], ""raw"": ""10,11, 12""}]",限修,【文學文化類】「業界教師協同教學課程」。H2-104教室,https://course.nuk.edu.tw/QueryCourse/tcontent.asp?OpenYear=107&Helf=2&Sclass=WL&Cono=C821,2026-08-26T18:18:27+00:00
107-2-WL-F501-A-3-A,107,2,人文社會科學院,WL,西洋語文學系,F501,A,大學部,3,A,雙語研究,3,選,15,9,,6,王嵩嵐,H2--108,,"5,6, 7",,,,,,"[{""day"": 2, ""dayName"": ""星期二"", ""periods"": [""5"", ""6"", ""7""], ""raw"": ""5,6, 7""}]",限修,開放大學部三、四年級，【語言學類】H2-108教室,https://course.nuk.edu.tw/QueryCourse/tcontent.asp?OpenYear=107&Helf=2&Sclass=WL&Cono=F501,2026-08-26T18:18:27+00:00
107-2-WL-F512-A-3-A,107,2,人文社會科學院,WL,西洋語文學系,F512,A,大學部,3,A,第二語言習得,3,選,15,10,,5,賴怡秀,H2--108,,,,"5,6, 7",,,,"[{""day"": 4, ""dayName"": ""星期四"", ""periods"": [""5"", ""6"", ""7""], ""raw"": ""5,6, 7""}]",,開放大學部三、四年級，【語言學類】，H2-108教室，全外語授課-英語,https://course.nuk.edu.tw/QueryCourse/tcontent.asp?OpenYear=107&Helf=2&Sclass=WL&Cono=F512,2026-08-26T18:18:27+00:00
107-2-WL-F521-A-3-A,107,2,人文社會科學院,WL,西洋語文學系,F521,A,大學部,3,A,數位人文科學概論,3,選,30,11,,19,奧利華,H2--106,,,"7,8, 9",,,,,"[{""day"": 3, ""dayName"": ""星期三"", ""periods"": [""7"", ""8"", ""9""], ""raw"": ""7,8, 9""}]",限修 學程,開放本系大學部三、四年級選修，【人文與商管學程】須另加簽，【語言學類】H2-106教室，全外語授課-英語,https://course.nuk.edu.tw/QueryCourse/tcontent.asp?OpenYear=107&Helf=2&Sclass=WL&Cono=F521,2026-08-26T18:18:27+00:00
107-2-WL-F542-A-3-A,107,2,人文社會科學院,WL,西洋語文學系,F542,A,大學部,3,A,主要作家專題,3,選,17,16,,1,歐馨雲,H2--104,"7,8, 9",,,,,,,"[{""day"": 1, ""dayName"": ""星期一"", ""periods"": [""7"", ""8"", ""9""], ""raw"": ""7,8, 9""}]",限修及外加,開放大學部三、四年級，【文學文化類】H2-104教室,https://course.nuk.edu.tw/QueryCourse/tcontent.asp?OpenYear=107&Helf=2&Sclass=WL&Cono=F542,2026-08-26T18:18:27+00:00
107-2-WL-F602-A-3-A,107,2,人文社會科學院,WL,西洋語文學系,F602,A,大學部,3,A,自然與美國文學,3,選,25,24,,1,林雅惠,H2--103,,,"2,3, 4",,,,,"[{""day"": 3, ""dayName"": ""星期三"", ""periods"": [""2"", ""3"", ""4""], ""raw"": ""2,3, 4""}]",外加,開放大學部三、四年級選修，【文學文化類】，H2-103教室，全外語授課-英語,https://course.nuk.edu.tw/QueryCourse/tcontent.asp?OpenYear=107&Helf=2&Sclass=WL&Cono=F602,2026-08-26T18:18:27+00:00
107-2-WL-D692-A-4-A,107,2,人文社會科學院,WL,西洋語文學系,D692,A,大學部,4,A,歐美文化與社會,3,選,30,26,,4,顏淑娟,H2--105,,,,"5,6, 7",,,,"[{""day"": 4, ""dayName"": ""星期四"", ""periods"": [""5"", ""6"", ""7""], ""raw"": ""5,6, 7""}]",限修 學程,【文學文化類】，【人文與商管學程】請另加簽，H2-105教室,https://course.nuk.edu.tw/QueryCourse/tcontent.asp?OpenYear=107&Helf=2&Sclass=WL&Cono=D692,2026-08-26T18:18:27+00:00
107-2-WL-F512-A-4-A,107,2,人文社會科學院,WL,西洋語文學系,F512,A,大學部,4,A,第二語言習得,3,選,15,10,,5,賴怡秀,H2--108,,,,"5,6, 7",,,,"[{""day"": 4, ""dayName"": ""星期四"", ""periods"": [""5"", ""6"", ""7""], ""raw"": ""5,6, 7""}]",限修,開放大學部三、四年級，【語言學類】，H2-108教室，全外語授課-英語,https://course.nuk.edu.tw/QueryCourse/tcontent.asp?OpenYear=107&Helf=2&Sclass=WL&Cono=F512,2026-08-26T18:18:27+00:00
107-2-WL-F02B-M-1-,107,2,人文社會科學院,WL,西洋語文學系,F02B,M,碩士班,1,,教學實務及實習(II),3,必,5,4,,1,傅鈺雯 賴怡秀,H2--105,,"10,11, 12",,,,,,"[{""day"": 2, ""dayName"": ""星期二"", ""periods"": [""10"", ""11"", ""12""], ""raw"": ""10,11, 12""}]",限修,限修西語系研究生，教室H2-105，各組分開授課,https://course.nuk.edu.tw/QueryCourse/tcontent.asp?OpenYear=107&Helf=2&Sclass=WL&Cono=F02B,2026-08-26T18:18:27+00:00
107-2-WL-F501-M-1-,107,2,人文社會科學院,WL,西洋語文學系,F501,M,碩士班,1,,雙語研究,3,選,15,9,,6,王嵩嵐,H2--108,,"5,6, 7",,,,,,"[{""day"": 2, ""dayName"": ""星期二"", ""periods"": [""5"", ""6"", ""7""], ""raw"": ""5,6, 7""}]",限修,開放大學部三、四年級，【語言學類】H2-108教室,https://course.nuk.edu.tw/QueryCourse/tcontent.asp?OpenYear=107&Helf=2&Sclass=WL&Cono=F501,2026-08-26T18:18:27+00:00
107-2-WL-F512-M-1-,107,2,人文社會科學院,WL,西洋語文學系,F512,M,碩士班,1,,第二語言習得,3,選,15,10,,5,賴怡秀,H2--108,,,,"5,6, 7",,,,"[{""day"": 4, ""dayName"": ""星期四"", ""periods"": [""5"", ""6"", ""7""], ""raw"": ""5,6, 7""}]",限修,開放大學部三、四年級，【語言學類】，H2-108教室，全外語授課-英語,https://course.nuk.edu.tw/QueryCourse/tcontent.asp?OpenYear=107&Helf=2&Sclass=WL&Cono=F512,2026-08-26T18:18:27+00:00
107-2-WL-F521-M-1-,107,2,人文社會科學院,WL,西洋語文學系,F521,M,碩士班,1,,數位人文科學概論,3,選,30,11,,19,奧利華,H2--106,,,"7,8, 9",,,,,"[{""day"": 3, ""dayName"": ""星期三"", ""periods"": [""7"", ""8"", ""9""], ""raw"": ""7,8, 9""}]",限修 學程,開放本系大學部三、四年級選修，【人文與商管學程】須另加簽，【語言學類】H2-106教室，全外語授課-英語,https://course.nuk.edu.tw/QueryCourse/tcontent.asp?OpenYear=107&Helf=2&Sclass=WL&Cono=F521,2026-08-26T18:18:27+00:00
107-2-WL-F542-M-1-,107,2,人文社會科學院,WL,西洋語文學系,F542,M,碩士班,1,,主要作家專題,3,選,17,16,,1,歐馨雲,H2--104,"7,8, 9",,,,,,,"[{""day"": 1, ""dayName"": ""星期一"", ""periods"": [""7"", ""8"", ""9""], ""raw"": ""7,8, 9""}]",限修及外加,開放大學部三、四年級，【文學文化類】H2-104教室,https://course.nuk.edu.tw/QueryCourse/tcontent.asp?OpenYear=107&Helf=2&Sclass=WL&Cono=F542,2026-08-26T18:18:27+00:00
107-2-WL-F602-M-1-,107,2,人文社會科學院,WL,西洋語文學系,F602,M,碩士班,1,,自然與美國文學,3,選,25,24,,1,林雅惠,H2--103,,,"2,3, 4",,,,,"[{""day"": 3, ""dayName"": ""星期三"", ""periods"": [""2"", ""3"", ""4""], ""raw"": ""2,3, 4""}]",限修及外加,開放大學部三、四年級選修，【文學文化類】，H2-103教室，全外語授課-英語,https://course.nuk.edu.tw/QueryCourse/tcontent.asp?OpenYear=107&Helf=2&Sclass=WL&Cono=F602,2026-08-26T18:18:27+00:00
107-2-WL-F03B-M-2-,107,2,人文社會科學院,WL,西洋語文學系,F03B,M,碩士班,2,,論文指導(II),1,必,4,4,,0,林雅惠 顏淑娟 傅鈺雯 王嵩嵐,H2--108,,2,,,,,,"[{""day"": 2, ""dayName"": ""星期二"", ""periods"": [""2""], ""raw"": ""2""}]",限修,限修碩士班二年級以上，各組分開授課，人社院H2-108,https://course.nuk.edu.tw/QueryCourse/tcontent.asp?OpenYear=107&Helf=2&Sclass=WL&Cono=F03B,2026-08-26T18:18:27+00:00
107-2-CC-C512-A-1-A,107,2,共同與通識課程,CC,核心通識,C512,A,大學部,1,A,科普讀物導讀,3,選,60,60,,0,高佑靈,C02-111,,,,,"2,3, 4",,,"[{""day"": 5, ""dayName"": ""星期五"", ""periods"": [""2"", ""3"", ""4""], ""raw"": ""2,3, 4""}]",禁止外加,,https://course.nuk.edu.tw/QueryCourse/tcontent.asp?OpenYear=107&Helf=2&Sclass=CC&Cono=C512,2026-08-26T18:18:27+00:00
107-2-CC-C513-A-1-A,107,2,共同與通識課程,CC,核心通識,C513,A,大學部,1,A,科普讀物導讀,3,選,60,60,,0,胡忠信,B01-109,,"2,3, 4",,,,,,"[{""day"": 2, ""dayName"": ""星期二"", ""periods"": [""2"", ""3"", ""4""], ""raw"": ""2,3, 4""}]",禁止外加,,https://course.nuk.edu.tw/QueryCourse/tcontent.asp?OpenYear=107&Helf=2&Sclass=CC&Cono=C513,2026-08-26T18:18:27+00:00
107-2-CC-C514-A-1-A,107,2,共同與通識課程,CC,核心通識,C514,A,大學部,1,A,科普讀物導讀,3,選,62,62,,0,洪鼎惟,B01-107,,,,"9,10, 11",,,,"[{""day"": 4, ""dayName"": ""星期四"", ""periods"": [""9"", ""10"", ""11""], ""raw"": ""9,10, 11""}]",禁止外加,,https://course.nuk.edu.tw/QueryCourse/tcontent.asp?OpenYear=107&Helf=2&Sclass=CC&Cono=C514,2026-08-26T18:18:27+00:00
107-2-CC-C541-A-1-A,107,2,共同與通識課程,CC,核心通識,C541,A,大學部,1,A,科技與社會,3,選,60,59,,1,林明良,B01-106,,"5,6, 7",,,,,,"[{""day"": 2, ""dayName"": ""星期二"", ""periods"": [""5"", ""6"", ""7""], ""raw"": ""5,6, 7""}]",禁止外加,,https://course.nuk.edu.tw/QueryCourse/tcontent.asp?OpenYear=107&Helf=2&Sclass=CC&Cono=C541,2026-08-26T18:18:27+00:00
107-2-CC-C542-A-1-A,107,2,共同與通識課程,CC,核心通識,C542,A,大學部,1,A,科技與社會,3,選,63,62,,1,倪麥童,B01-109,,"5,6, 7",,,,,,"[{""day"": 2, ""dayName"": ""星期二"", ""periods"": [""5"", ""6"", ""7""], ""raw"": ""5,6, 7""}]",禁止外加,,https://course.nuk.edu.tw/QueryCourse/tcontent.asp?OpenYear=107&Helf=2&Sclass=CC&Cono=C542,2026-08-26T18:18:27+00:00
107-2-CC-C543-A-1-A,107,2,共同與通識課程,CC,核心通識,C543,A,大學部,1,A,科技與社會,3,選,61,62,,0,許藝騰,L02-102,"5,6, 7",,,,,,,"[{""day"": 1, ""dayName"": ""星期一"", ""periods"": [""5"", ""6"", ""7""], ""raw"": ""5,6, 7""}]",禁止外加,,https://course.nuk.edu.tw/QueryCourse/tcontent.asp?OpenYear=107&Helf=2&Sclass=CC&Cono=C543,2026-08-26T18:18:27+00:00
107-2-CC-C544-A-1-A,107,2,共同與通識課程,CC,核心通識,C544,A,大學部,1,A,科技與社會,3,選,60,60,,0,許藝騰,L02-108,"9,10, 11",,,,,,,"[{""day"": 1, ""dayName"": ""星期一"", ""periods"": [""9"", ""10"", ""11""], ""raw"": ""9,10, 11""}]",禁止外加,,https://course.nuk.edu.tw/QueryCourse/tcontent.asp?OpenYear=107&Helf=2&Sclass=CC&Cono=C544,2026-08-26T18:18:27+00:00
107-2-CC-C545-A-1-A,107,2,共同與通識課程,CC,核心通識,C545,A,大學部,1,A,科技與社會,3,選,61,61,,0,陳怡夫,B01-109,,,,"2,3, 4",,,,"[{""day"": 4, ""dayName"": ""星期四"", ""periods"": [""2"", ""3"", ""4""], ""raw"": ""2,3, 4""}]",禁止外加 外加,,https://course.nuk.edu.tw/QueryCourse/tcontent.asp?OpenYear=107&Helf=2&Sclass=CC&Cono=C545,2026-08-26T18:18:27+00:00
107-2-CC-C611-A-1-A,107,2,共同與通識課程,CC,核心通識,C611,A,大學部,1,A,環境倫理,3,選,63,63,,0,林師平,B01-108,,,,"9,10, 11",,,,"[{""day"": 4, ""dayName"": ""星期四"", ""periods"": [""9"", ""10"", ""11""], ""raw"": ""9,10, 11""}]",禁止外加 外加,修過「SCA496環境與人類行為」(自然科學類)者，請勿選修,https://course.nuk.edu.tw/QueryCourse/tcontent.asp?OpenYear=107&Helf=2&Sclass=CC&Cono=C611,2026-08-26T18:18:27+00:00
107-2-CC-C612-A-1-A,107,2,共同與通識課程,CC,核心通識,C612,A,大學部,1,A,環境倫理,3,選,60,35,,25,周孟麟,B01-101,,"5,6, 7",,,,,,"[{""day"": 2, ""dayName"": ""星期二"", ""periods"": [""5"", ""6"", ""7""], ""raw"": ""5,6, 7""}]",禁止外加,,https://course.nuk.edu.tw/QueryCourse/tcontent.asp?OpenYear=107&Helf=2&Sclass=CC&Cono=C612,2026-08-26T18:18:27+00:00
107-2-CC-C613-A-1-A,107,2,共同與通識課程,CC,核心通識,C613,A,大學部,1,A,環境倫理,3,選,60,57,,3,林淑文,L02-102,,"10,11, 12",,,,,,"[{""day"": 2, ""dayName"": ""星期二"", ""periods"": [""10"", ""11"", ""12""], ""raw"": ""10,11, 12""}]",禁止外加,,https://course.nuk.edu.tw/QueryCourse/tcontent.asp?OpenYear=107&Helf=2&Sclass=CC&Cono=C613,2026-08-26T18:18:27+00:00
107-2-CC-C614-A-1-A,107,2,共同與通識課程,CC,核心通識,C614,A,大學部,1,A,環境倫理,3,選,61,55,,6,林淑文,L02-102,,,"9,10, 11",,,,,"[{""day"": 3, ""dayName"": ""星期三"", ""periods"": [""9"", ""10"", ""11""], ""raw"": ""9,10, 11""}]",禁止外加,,https://course.nuk.edu.tw/QueryCourse/tcontent.asp?OpenYear=107&Helf=2&Sclass=CC&Cono=C614,2026-08-26T18:18:27+00:00
107-2-CC-C651-A-1-A,107,2,共同與通識課程,CC,核心通識,C651,A,大學部,1,A,企業倫理,3,選,61,61,,0,陳致仁,B01-104,,,,"5,6, 7",,,,"[{""day"": 4, ""dayName"": ""星期四"", ""periods"": [""5"", ""6"", ""7""], ""raw"": ""5,6, 7""}]",禁止外加,,https://course.nuk.edu.tw/QueryCourse/tcontent.asp?OpenYear=107&Helf=2&Sclass=CC&Cono=C651,2026-08-26T18:18:27+00:00
107-2-CC-C681-A-1-A,107,2,共同與通識課程,CC,核心通識,C681,A,大學部,1,A,科技與工程倫理,3,選,60,60,,0,許藝騰,B01-101,,,"9,10, 11",,,,,"[{""day"": 3, ""dayName"": ""星期三"", ""periods"": [""9"", ""10"", ""11""], ""raw"": ""9,10, 11""}]",禁止外加,"修過核心通識-倫理素養向度之「科技倫理」者請勿重覆選修,重覆選修不列入學分計算",https://course.nuk.edu.tw/QueryCourse/tcontent.asp?OpenYear=107&Helf=2&Sclass=CC&Cono=C681,2026-08-26T18:18:27+00:00
107-2-CC-C682-A-1-A,107,2,共同與通識課程,CC,核心通識,C682,A,大學部,1,A,科技與工程倫理,3,選,60,60,,0,黃鼎元,M01-204,"2,3, 4",,,,,,,"[{""day"": 1, ""dayName"": ""星期一"", ""periods"": [""2"", ""3"", ""4""], ""raw"": ""2,3, 4""}]",禁止外加,"修過核心通識-倫理素養向度之「科技倫理」者請勿重覆選修,重覆選修不列入學分計算",https://course.nuk.edu.tw/QueryCourse/tcontent.asp?OpenYear=107&Helf=2&Sclass=CC&Cono=C682,2026-08-26T18:18:27+00:00
107-2-CC-I121-A-1-A,107,2,共同與通識課程,CC,核心通識,I121,A,大學部,1,A,哲學基本問題,3,選,60,47,,13,陳今偉,B01-101,,,,"2,3, 4",,,,"[{""day"": 4, ""dayName"": ""星期四"", ""periods"": [""2"", ""3"", ""4""], ""raw"": ""2,3, 4""}]",禁止外加,,https://course.nuk.edu.tw/QueryCourse/tcontent.asp?OpenYear=107&Helf=2&Sclass=CC&Cono=I121,2026-08-26T18:18:27+00:00
107-2-CC-I122-A-1-A,107,2,共同與通識課程,CC,核心通識,I122,A,大學部,1,A,哲學基本問題,3,選,61,60,,1,陳德興,B01-106,,,"2,3, 4",,,,,"[{""day"": 3, ""dayName"": ""星期三"", ""periods"": [""2"", ""3"", ""4""], ""raw"": ""2,3, 4""}]",禁止外加,,https://course.nuk.edu.tw/QueryCourse/tcontent.asp?OpenYear=107&Helf=2&Sclass=CC&Cono=I122,2026-08-26T18:18:27+00:00
107-2-CC-I123-A-1-A,107,2,共同與通識課程,CC,核心通識,I123,A,大學部,1,A,哲學基本問題,3,選,60,60,,0,陳德興,B01-108,,,,"2,3, 4",,,,"[{""day"": 4, ""dayName"": ""星期四"", ""periods"": [""2"", ""3"", ""4""], ""raw"": ""2,3, 4""}]",禁止外加,,https://course.nuk.edu.tw/QueryCourse/tcontent.asp?OpenYear=107&Helf=2&Sclass=CC&Cono=I123,2026-08-26T18:18:27+00:00
107-2-CC-I124-A-1-A,107,2,共同與通識課程,CC,核心通識,I124,A,大學部,1,A,哲學基本問題,3,選,62,61,,1,陳德興,B01-108,,,,"6,7, 8",,,,"[{""day"": 4, ""dayName"": ""星期四"", ""periods"": [""6"", ""7"", ""8""], ""raw"": ""6,7, 8""}]",禁止外加,,https://course.nuk.edu.tw/QueryCourse/tcontent.asp?OpenYear=107&Helf=2&Sclass=CC&Cono=I124,2026-08-26T18:18:27+00:00
107-2-CC-I125-A-1-A,107,2,共同與通識課程,CC,核心通識,I125,A,大學部,1,A,哲學基本問題,3,選,61,61,,0,黃鼎元,M01-204,"5,6, 7",,,,,,,"[{""day"": 1, ""dayName"": ""星期一"", ""periods"": [""5"", ""6"", ""7""], ""raw"": ""5,6, 7""}]",禁止外加,,https://course.nuk.edu.tw/QueryCourse/tcontent.asp?OpenYear=107&Helf=2&Sclass=CC&Cono=I125,2026-08-26T18:18:27+00:00
107-2-CC-I211-A-1-A,107,2,共同與通識課程,CC,核心通識,I211,A,大學部,1,A,藝術概論,3,選,60,60,,0,林殷齊,B01-108,,,"2,3, 4",,,,,"[{""day"": 3, ""dayName"": ""星期三"", ""periods"": [""2"", ""3"", ""4""], ""raw"": ""2,3, 4""}]",禁止外加,,https://course.nuk.edu.tw/QueryCourse/tcontent.asp?OpenYear=107&Helf=2&Sclass=CC&Cono=I211,2026-08-26T18:18:27+00:00
107-2-CC-I212-A-1-A,107,2,共同與通識課程,CC,核心通識,I212,A,大學部,1,A,藝術概論,3,選,63,63,,0,陳姿菁,L01-103,,,,,"9,10, 11",,,"[{""day"": 5, ""dayName"": ""星期五"", ""periods"": [""9"", ""10"", ""11""], ""raw"": ""9,10, 11""}]",禁止外加 外加,,https://course.nuk.edu.tw/QueryCourse/tcontent.asp?OpenYear=107&Helf=2&Sclass=CC&Cono=I212,2026-08-26T18:18:27+00:00
107-2-CC-I213-A-1-A,107,2,共同與通識課程,CC,核心通識,I213,A,大學部,1,A,藝術概論,3,選,60,24,,36,蔡佩玲,L01-103,,"5,6, 7",,,,,,"[{""day"": 2, ""dayName"": ""星期二"", ""periods"": [""5"", ""6"", ""7""], ""raw"": ""5,6, 7""}]",禁止外加,,https://course.nuk.edu.tw/QueryCourse/tcontent.asp?OpenYear=107&Helf=2&Sclass=CC&Cono=I213,2026-08-26T18:18:27+00:00
107-2-CC-I251-A-1-A,107,2,共同與通識課程,CC,核心通識,I251,A,大學部,1,A,台灣藝術史,3,選,60,24,,36,蔡佩玲,L01-103,,"2,3, 4",,,,,,"[{""day"": 2, ""dayName"": ""星期二"", ""periods"": [""2"", ""3"", ""4""], ""raw"": ""2,3, 4""}]",禁止外加,,https://course.nuk.edu.tw/QueryCourse/tcontent.asp?OpenYear=107&Helf=2&Sclass=CC&Cono=I251,2026-08-26T18:18:27+00:00
107-2-CC-I261-A-1-A,107,2,共同與通識課程,CC,核心通識,I261,A,大學部,1,A,西洋藝術史概論,3,選,61,61,,0,歐陽蒨,L02-201,,"5,6, 7",,,,,,"[{""day"": 2, ""dayName"": ""星期二"", ""periods"": [""5"", ""6"", ""7""], ""raw"": ""5,6, 7""}]",禁止外加,,https://course.nuk.edu.tw/QueryCourse/tcontent.asp?OpenYear=107&Helf=2&Sclass=CC&Cono=I261,2026-08-26T18:18:27+00:00
107-2-CC-I262-A-1-A,107,2,共同與通識課程,CC,核心通識,I262,A,大學部,1,A,西洋藝術史概論,3,選,60,60,,0,羅文秀,L01-103,"7,8, 9",,,,,,,"[{""day"": 1, ""dayName"": ""星期一"", ""periods"": [""7"", ""8"", ""9""], ""raw"": ""7,8, 9""}]",禁止外加,,https://course.nuk.edu.tw/QueryCourse/tcontent.asp?OpenYear=107&Helf=2&Sclass=CC&Cono=I262,2026-08-26T18:18:27+00:00
107-2-CC-I263-A-1-A,107,2,共同與通識課程,CC,核心通識,I263,A,大學部,1,A,西洋藝術史概論,3,選,60,16,,44,羅文秀,L01-101,,,"2,3, 4",,,,,"[{""day"": 3, ""dayName"": ""星期三"", ""periods"": [""2"", ""3"", ""4""], ""raw"": ""2,3, 4""}]",禁止外加,,https://course.nuk.edu.tw/QueryCourse/tcontent.asp?OpenYear=107&Helf=2&Sclass=CC&Cono=I263,2026-08-26T18:18:27+00:00
107-2-CC-O311-A-1-A,107,2,共同與通識課程,CC,核心通識,O311,A,大學部,1,A,法律與人生,3,選,60,60,,0,許震宇,B01-107,,"5,6, 7",,,,,,"[{""day"": 2, ""dayName"": ""星期二"", ""periods"": [""5"", ""6"", ""7""], ""raw"": ""5,6, 7""}]",禁止外加,,https://course.nuk.edu.tw/QueryCourse/tcontent.asp?OpenYear=107&Helf=2&Sclass=CC&Cono=O311,2026-08-26T18:18:27+00:00
107-2-CC-O312-A-1-A,107,2,共同與通識課程,CC,核心通識,O312,A,大學部,1,A,法律與人生,3,選,60,60,,0,陳進郁,C02-111,,,"2,3, 4",,,,,"[{""day"": 3, ""dayName"": ""星期三"", ""periods"": [""2"", ""3"", ""4""], ""raw"": ""2,3, 4""}]",禁止外加,,https://course.nuk.edu.tw/QueryCourse/tcontent.asp?OpenYear=107&Helf=2&Sclass=CC&Cono=O312,2026-08-26T18:18:27+00:00
107-2-CC-O313-A-1-A,107,2,共同與通識課程,CC,核心通識,O313,A,大學部,1,A,法律與人生,3,選,60,60,,0,陳進郁,C02-111,,,"5,6, 7",,,,,"[{""day"": 3, ""dayName"": ""星期三"", ""periods"": [""5"", ""6"", ""7""], ""raw"": ""5,6, 7""}]",禁止外加,,https://course.nuk.edu.tw/QueryCourse/tcontent.asp?OpenYear=107&Helf=2&Sclass=CC&Cono=O313,2026-08-26T18:18:27+00:00
107-2-CC-O361-A-1-A,107,2,共同與通識課程,CC,核心通識,O361,A,大學部,1,A,媒體識讀與公民參與,3,選,62,60,,2,洪聖斐,C02-111,"2,3, 4",,,,,,,"[{""day"": 1, ""dayName"": ""星期一"", ""periods"": [""2"", ""3"", ""4""], ""raw"": ""2,3, 4""}]",禁止外加,,https://course.nuk.edu.tw/QueryCourse/tcontent.asp?OpenYear=107&Helf=2&Sclass=CC&Cono=O361,2026-08-26T18:18:27+00:00
107-2-CC-O362-A-1-A,107,2,共同與通識課程,CC,核心通識,O362,A,大學部,1,A,媒體識讀與公民參與,3,選,60,60,,0,洪聖斐,L02-103,,,,,"2,3, 4",,,"[{""day"": 5, ""dayName"": ""星期五"", ""periods"": [""2"", ""3"", ""4""], ""raw"": ""2,3, 4""}]",禁止外加,,https://course.nuk.edu.tw/QueryCourse/tcontent.asp?OpenYear=107&Helf=2&Sclass=CC&Cono=O362,2026-08-26T18:18:27+00:00
107-2-CC-O363-A-1-A,107,2,共同與通識課程,CC,核心通識,O363,A,大學部,1,A,媒體識讀與公民參與,3,選,60,60,,0,曾也慎,B01-103,"7,8, 9",,,,,,,"[{""day"": 1, ""dayName"": ""星期一"", ""periods"": [""7"", ""8"", ""9""], ""raw"": ""7,8, 9""}]",禁止外加,,https://course.nuk.edu.tw/QueryCourse/tcontent.asp?OpenYear=107&Helf=2&Sclass=CC&Cono=O363,2026-08-26T18:18:27+00:00
107-2-CC-O411-A-1-A,107,2,共同與通識課程,CC,核心通識,O411,A,大學部,1,A,全球化與多元文化,3,選,60,60,,0,洪聖斐 楊書濠,L01-101,"5,6, 7",,,,,,,"[{""day"": 1, ""dayName"": ""星期一"", ""periods"": [""5"", ""6"", ""7""], ""raw"": ""5,6, 7""}]",禁止外加,本課程包含18小時之線上課程，學生必須加入磨課師平台參與課程教學及討論,https://course.nuk.edu.tw/QueryCourse/tcontent.asp?OpenYear=107&Helf=2&Sclass=CC&Cono=O411,2026-08-26T18:18:27+00:00
107-2-CC-O412-A-1-A,107,2,共同與通識課程,CC,核心通識,O412,A,大學部,1,A,全球化與多元文化,3,選,61,61,,0,陳俊昇,M01-204,,,,"5,6, 7",,,,"[{""day"": 4, ""dayName"": ""星期四"", ""periods"": [""5"", ""6"", ""7""], ""raw"": ""5,6, 7""}]",禁止外加,,https://course.nuk.edu.tw/QueryCourse/tcontent.asp?OpenYear=107&Helf=2&Sclass=CC&Cono=O412,2026-08-26T18:18:27+00:00
107-2-CC-O413-A-1-A,107,2,共同與通識課程,CC,核心通識,O413,A,大學部,1,A,全球化與多元文化,3,選,63,63,,0,劉子昱,L02-102,,,,"5,6, 7",,,,"[{""day"": 4, ""dayName"": ""星期四"", ""periods"": [""5"", ""6"", ""7""], ""raw"": ""5,6, 7""}]",禁止外加,,https://course.nuk.edu.tw/QueryCourse/tcontent.asp?OpenYear=107&Helf=2&Sclass=CC&Cono=O413,2026-08-26T18:18:27+00:00
107-2-CC-O414-A-1-A,107,2,共同與通識課程,CC,核心通識,O414,A,大學部,1,A,全球化與多元文化,3,選,61,61,,0,劉子昱,L02-102,,,,"9,10, 11",,,,"[{""day"": 4, ""dayName"": ""星期四"", ""periods"": [""9"", ""10"", ""11""], ""raw"": ""9,10, 11""}]",禁止外加,,https://course.nuk.edu.tw/QueryCourse/tcontent.asp?OpenYear=107&Helf=2&Sclass=CC&Cono=O414,2026-08-26T18:18:27+00:00
107-2-CC-O421-A-1-A,107,2,共同與通識課程,CC,核心通識,O421,A,大學部,1,A,探索台灣-政經篇,3,選,63,63,,0,陳俊昇,L02-107,,,,,"2,3, 4",,,"[{""day"": 5, ""dayName"": ""星期五"", ""periods"": [""2"", ""3"", ""4""], ""raw"": ""2,3, 4""}]",禁止外加 外加,,https://course.nuk.edu.tw/QueryCourse/tcontent.asp?OpenYear=107&Helf=2&Sclass=CC&Cono=O421,2026-08-26T18:18:27+00:00
107-2-CC-O423-A-1-A,107,2,共同與通識課程,CC,核心通識,O423,A,大學部,1,A,探索台灣－歷史篇,3,選,60,58,,2,楊書濠,L01-101,"2,3, 4",,,,,,,"[{""day"": 1, ""dayName"": ""星期一"", ""periods"": [""2"", ""3"", ""4""], ""raw"": ""2,3, 4""}]",禁止外加,,https://course.nuk.edu.tw/QueryCourse/tcontent.asp?OpenYear=107&Helf=2&Sclass=CC&Cono=O423,2026-08-26T18:18:27+00:00
107-2-CC-O424-A-1-A,107,2,共同與通識課程,CC,核心通識,O424,A,大學部,1,A,探索台灣－歷史篇,3,選,60,60,,0,楊書濠,L01-101,"10,11, 12",,,,,,,"[{""day"": 1, ""dayName"": ""星期一"", ""periods"": [""10"", ""11"", ""12""], ""raw"": ""10,11, 12""}]",禁止外加,,https://course.nuk.edu.tw/QueryCourse/tcontent.asp?OpenYear=107&Helf=2&Sclass=CC&Cono=O424,2026-08-26T18:18:27+00:00
107-2-CD-A091-A-1-A,107,2,共同與通識課程,CD,全民國防教育類,A091,A,大學部,1,A,全民國防教育軍事訓練課程-防衛動員,0,選,70,67,,3,賴祥慶,L01-101 其他教室,,"3,4",,,,,,"[{""day"": 2, ""dayName"": ""星期二"", ""periods"": [""3"", ""4""], ""raw"": ""3,4""}]",,限本國籍生,https://course.nuk.edu.tw/QueryCourse/tcontent.asp?OpenYear=107&Helf=2&Sclass=CD&Cono=A091,2026-08-26T18:18:27+00:00
107-2-CD-A092-A-1-A,107,2,共同與通識課程,CD,全民國防教育類,A092,A,大學部,1,A,全民國防教育軍事訓練課程-防衛動員,0,選,60,48,,12,賴祥慶,L01-101,,"5,6",,,,,,"[{""day"": 2, ""dayName"": ""星期二"", ""periods"": [""5"", ""6""], ""raw"": ""5,6""}]",,限本國籍生,https://course.nuk.edu.tw/QueryCourse/tcontent.asp?OpenYear=107&Helf=2&Sclass=CD&Cono=A092,2026-08-26T18:18:27+00:00
107-2-GR-0102-A-1-A,107,2,共同與通識課程,GR,共同必修系列,0102,A,大學部,1,A,中文(下),2,必,42,42,,0,賴素玫,M01-105,"5,6",,,,,,,"[{""day"": 1, ""dayName"": ""星期一"", ""periods"": [""5"", ""6""], ""raw"": ""5,6""}]",禁止外加,,https://course.nuk.edu.tw/QueryCourse/tcontent.asp?OpenYear=107&Helf=2&Sclass=GR&Cono=0102,2026-08-26T18:18:27+00:00
107-2-GR-0202-A-1-A,107,2,共同與通識課程,GR,共同必修系列,0202,A,大學部,1,A,中文(下),2,必,42,38,,4,賴素玫,M01-105,"7,8",,,,,,,"[{""day"": 1, ""dayName"": ""星期一"", ""periods"": [""7"", ""8""], ""raw"": ""7,8""}]",禁止外加,,https://course.nuk.edu.tw/QueryCourse/tcontent.asp?OpenYear=107&Helf=2&Sclass=GR&Cono=0202,2026-08-26T18:18:27+00:00
107-2-GR-0302-A-1-A,107,2,共同與通識課程,GR,共同必修系列,0302,A,大學部,1,A,中文(下),2,必,42,23,,19,賴素玫,M01-105,,"5,6",,,,,,"[{""day"": 2, ""dayName"": ""星期二"", ""periods"": [""5"", ""6""], ""raw"": ""5,6""}]",禁止外加,,https://course.nuk.edu.tw/QueryCourse/tcontent.asp?OpenYear=107&Helf=2&Sclass=GR&Cono=0302,2026-08-26T18:18:27+00:00
107-2-GR-0402-A-1-A,107,2,共同與通識課程,GR,共同必修系列,0402,A,大學部,1,A,中文(下),2,必,42,37,,5,賴素玫,L02-102,,,"5,6",,,,,"[{""day"": 3, ""dayName"": ""星期三"", ""periods"": [""5"", ""6""], ""raw"": ""5,6""}]",禁止外加,,https://course.nuk.edu.tw/QueryCourse/tcontent.asp?OpenYear=107&Helf=2&Sclass=GR&Cono=0402,2026-08-26T18:18:27+00:00
107-2-GR-0502-A-1-A,107,2,共同與通識課程,GR,共同必修系列,0502,A,大學部,1,A,中文(下),2,必,42,42,,0,賴素玫,L02-102,,,"7,8",,,,,"[{""day"": 3, ""dayName"": ""星期三"", ""periods"": [""7"", ""8""], ""raw"": ""7,8""}]",禁止外加,,https://course.nuk.edu.tw/QueryCourse/tcontent.asp?OpenYear=107&Helf=2&Sclass=GR&Cono=0502,2026-08-26T18:18:27+00:00
107-2-GR-0602-A-1-A,107,2,共同與通識課程,GR,共同必修系列,0602,A,大學部,1,A,中文(下),2,必,42,42,,0,高美芸,L01-101,,,,"5,6",,,,"[{""day"": 4, ""dayName"": ""星期四"", ""periods"": [""5"", ""6""], ""raw"": ""5,6""}]",禁止外加,,https://course.nuk.edu.tw/QueryCourse/tcontent.asp?OpenYear=107&Helf=2&Sclass=GR&Cono=0602,2026-08-26T18:18:27+00:00
107-2-GR-0702-A-1-A,107,2,共同與通識課程,GR,共同必修系列,0702,A,大學部,1,A,中文(下),2,必,42,27,,15,趙翊彤,C02-102,,,"7,8",,,,,"[{""day"": 3, ""dayName"": ""星期三"", ""periods"": [""7"", ""8""], ""raw"": ""7,8""}]",禁止外加,趙翊彤,https://course.nuk.edu.tw/QueryCourse/tcontent.asp?OpenYear=107&Helf=2&Sclass=GR&Cono=0702,2026-08-26T18:18:27+00:00
107-2-GR-1102-A-1-A,107,2,共同與通識課程,GR,共同必修系列,1102,A,大學部,1,A,中文(下),2,必,42,42,,0,陳猷青,B01-107,,,,"1,2",,,,"[{""day"": 4, ""dayName"": ""星期四"", ""periods"": [""1"", ""2""], ""raw"": ""1,2""}]",禁止外加,,https://course.nuk.edu.tw/QueryCourse/tcontent.asp?OpenYear=107&Helf=2&Sclass=GR&Cono=1102,2026-08-26T18:18:27+00:00
107-2-GR-1702-A-1-A,107,2,共同與通識課程,GR,共同必修系列,1702,A,大學部,1,A,中文(下),2,必,42,42,,0,陳猷青,B01-107,,,,"3,4",,,,"[{""day"": 4, ""dayName"": ""星期四"", ""periods"": [""3"", ""4""], ""raw"": ""3,4""}]",禁止外加,,https://course.nuk.edu.tw/QueryCourse/tcontent.asp?OpenYear=107&Helf=2&Sclass=GR&Cono=1702,2026-08-26T18:18:27+00:00
107-2-GR-2102-A-1-A,107,2,共同與通識課程,GR,共同必修系列,2102,A,大學部,1,A,中文(下),2,必,42,42,,0,林于盛,B01-107,,,"1,2",,,,,"[{""day"": 3, ""dayName"": ""星期三"", ""periods"": [""1"", ""2""], ""raw"": ""1,2""}]",禁止外加,,https://course.nuk.edu.tw/QueryCourse/tcontent.asp?OpenYear=107&Helf=2&Sclass=GR&Cono=2102,2026-08-26T18:18:27+00:00
107-2-GR-2202-A-1-A,107,2,共同與通識課程,GR,共同必修系列,2202,A,大學部,1,A,中文(下),2,必,42,42,,0,林于盛,B01-107,,,"3,4",,,,,"[{""day"": 3, ""dayName"": ""星期三"", ""periods"": [""3"", ""4""], ""raw"": ""3,4""}]",禁止外加,,https://course.nuk.edu.tw/QueryCourse/tcontent.asp?OpenYear=107&Helf=2&Sclass=GR&Cono=2202,2026-08-26T18:18:27+00:00
107-2-GR-2302-A-1-A,107,2,共同與通識課程,GR,共同必修系列,2302,A,大學部,1,A,中文(下),2,必,42,40,,2,郭國泰,B01-107,,"1,2",,,,,,"[{""day"": 2, ""dayName"": ""星期二"", ""periods"": [""1"", ""2""], ""raw"": ""1,2""}]",禁止外加,,https://course.nuk.edu.tw/QueryCourse/tcontent.asp?OpenYear=107&Helf=2&Sclass=GR&Cono=2302,2026-08-26T18:18:27+00:00
107-2-GR-3102-A-1-A,107,2,共同與通識課程,GR,共同必修系列,3102,A,大學部,1,A,中文(下),2,必,42,42,,0,郭國泰,B01-107,"10,11",,,,,,,"[{""day"": 1, ""dayName"": ""星期一"", ""periods"": [""10"", ""11""], ""raw"": ""10,11""}]",禁止外加,,https://course.nuk.edu.tw/QueryCourse/tcontent.asp?OpenYear=107&Helf=2&Sclass=GR&Cono=3102,2026-08-26T18:18:27+00:00
107-2-GR-3202-A-1-A,107,2,共同與通識課程,GR,共同必修系列,3202,A,大學部,1,A,中文(下),2,必,42,38,,4,嚴立仁,B01-101,"1,2",,,,,,,"[{""day"": 1, ""dayName"": ""星期一"", ""periods"": [""1"", ""2""], ""raw"": ""1,2""}]",禁止外加,,https://course.nuk.edu.tw/QueryCourse/tcontent.asp?OpenYear=107&Helf=2&Sclass=GR&Cono=3202,2026-08-26T18:18:27+00:00
107-2-GR-3302-A-1-A,107,2,共同與通識課程,GR,共同必修系列,3302,A,大學部,1,A,中文(下),2,必,42,39,,3,嚴立仁,B01-101,,"1,2",,,,,,"[{""day"": 2, ""dayName"": ""星期二"", ""periods"": [""1"", ""2""], ""raw"": ""1,2""}]",禁止外加,,https://course.nuk.edu.tw/QueryCourse/tcontent.asp?OpenYear=107&Helf=2&Sclass=GR&Cono=3302,2026-08-26T18:18:27+00:00
107-2-GR-4102-A-1-A,107,2,共同與通識課程,GR,共同必修系列,4102,A,大學部,1,A,中文(下),2,必,42,41,,1,黃淑瑮,B01-101,,,,,"3,4",,,"[{""day"": 5, ""dayName"": ""星期五"", ""periods"": [""3"", ""4""], ""raw"": ""3,4""}]",禁止外加,,https://course.nuk.edu.tw/QueryCourse/tcontent.asp?OpenYear=107&Helf=2&Sclass=GR&Cono=4102,2026-08-26T18:18:27+00:00
107-2-GR-4202-A-1-A,107,2,共同與通識課程,GR,共同必修系列,4202,A,大學部,1,A,中文(下),2,必,42,42,,0,黃淑瑮,B01-101,,,,,"1,2",,,"[{""day"": 5, ""dayName"": ""星期五"", ""periods"": [""1"", ""2""], ""raw"": ""1,2""}]",禁止外加,,https://course.nuk.edu.tw/QueryCourse/tcontent.asp?OpenYear=107&Helf=2&Sclass=GR&Cono=4202,2026-08-26T18:18:27+00:00
107-2-GR-5302-A-1-A,107,2,共同與通識課程,GR,共同必修系列,5302,A,大學部,1,A,中文(下),2,必,42,42,,0,白崢勇,B01-109,,,"5,6",,,,,"[{""day"": 3, ""dayName"": ""星期三"", ""periods"": [""5"", ""6""], ""raw"": ""5,6""}]",禁止外加,,https://course.nuk.edu.tw/QueryCourse/tcontent.asp?OpenYear=107&Helf=2&Sclass=GR&Cono=5302,2026-08-26T18:18:27+00:00
107-2-GR-5402-A-1-A,107,2,共同與通識課程,GR,共同必修系列,5402,A,大學部,1,A,中文(下),2,必,42,42,,0,白崢勇,B01-109,,,"7,8",,,,,"[{""day"": 3, ""dayName"": ""星期三"", ""periods"": [""7"", ""8""], ""raw"": ""7,8""}]",禁止外加,,https://course.nuk.edu.tw/QueryCourse/tcontent.asp?OpenYear=107&Helf=2&Sclass=GR&Cono=5402,2026-08-26T18:18:27+00:00
107-2-GR-5502-A-1-A,107,2,共同與通識課程,GR,共同必修系列,5502,A,大學部,1,A,中文(下),2,必,42,42,,0,喻緒琪,B01-108,,,"11,12",,,,,"[{""day"": 3, ""dayName"": ""星期三"", ""periods"": [""11"", ""12""], ""raw"": ""11,12""}]",禁止外加,,https://course.nuk.edu.tw/QueryCourse/tcontent.asp?OpenYear=107&Helf=2&Sclass=GR&Cono=5502,2026-08-26T18:18:27+00:00
107-2-GR-5602-A-1-A,107,2,共同與通識課程,GR,共同必修系列,5602,A,大學部,1,A,中文(下),2,必,42,42,,0,喻緒琪,B01-108,,,"9,10",,,,,"[{""day"": 3, ""dayName"": ""星期三"", ""periods"": [""9"", ""10""], ""raw"": ""9,10""}]",禁止外加,,https://course.nuk.edu.tw/QueryCourse/tcontent.asp?OpenYear=107&Helf=2&Sclass=GR&Cono=5602,2026-08-26T18:18:27+00:00
107-2-GR-5702-A-1-A,107,2,共同與通識課程,GR,共同必修系列,5702,A,大學部,1,A,中文(下),2,必,42,42,,0,蔡文彥,B01-104,,,"7,8",,,,,"[{""day"": 3, ""dayName"": ""星期三"", ""periods"": [""7"", ""8""], ""raw"": ""7,8""}]",禁止外加,,https://course.nuk.edu.tw/QueryCourse/tcontent.asp?OpenYear=107&Helf=2&Sclass=GR&Cono=5702,2026-08-26T18:18:27+00:00
107-2-GR-6102-A-1-A,107,2,共同與通識課程,GR,共同必修系列,6102,A,大學部,1,A,中文(下),2,必,42,42,,0,蔡文彥,B01-104,,,"5,6",,,,,"[{""day"": 3, ""dayName"": ""星期三"", ""periods"": [""5"", ""6""], ""raw"": ""5,6""}]",禁止外加,,https://course.nuk.edu.tw/QueryCourse/tcontent.asp?OpenYear=107&Helf=2&Sclass=GR&Cono=6102,2026-08-26T18:18:27+00:00
107-2-GR-6302-A-1-A,107,2,共同與通識課程,GR,共同必修系列,6302,A,大學部,1,A,中文(下),2,必,42,40,,2,許正平,L02-101,,,"5,6",,,,,"[{""day"": 3, ""dayName"": ""星期三"", ""periods"": [""5"", ""6""], ""raw"": ""5,6""}]",禁止外加,,https://course.nuk.edu.tw/QueryCourse/tcontent.asp?OpenYear=107&Helf=2&Sclass=GR&Cono=6302,2026-08-26T18:18:27+00:00
107-2-GR-7102-A-1-A,107,2,共同與通識課程,GR,共同必修系列,7102,A,大學部,1,A,中文(下),2,必,42,23,,19,黃勇中,B01-108,,"1,2",,,,,,"[{""day"": 2, ""dayName"": ""星期二"", ""periods"": [""1"", ""2""], ""raw"": ""1,2""}]",禁止外加,黃勇中,https://course.nuk.edu.tw/QueryCourse/tcontent.asp?OpenYear=107&Helf=2&Sclass=GR&Cono=7102,2026-08-26T18:18:27+00:00
107-2-GR-7302-A-1-A,107,2,共同與通識課程,GR,共同必修系列,7302,A,大學部,1,A,中文(下),2,必,42,27,,15,趙翊彤,C02-107,,,"5,6",,,,,"[{""day"": 3, ""dayName"": ""星期三"", ""periods"": [""5"", ""6""], ""raw"": ""5,6""}]",禁止外加,趙翊彤,https://course.nuk.edu.tw/QueryCourse/tcontent.asp?OpenYear=107&Helf=2&Sclass=GR&Cono=7302,2026-08-26T18:18:27+00:00
107-2-GR-8102-A-1-A,107,2,共同與通識課程,GR,共同必修系列,8102,A,大學部,1,A,中文(下)-外僑組,2,必,19,19,,0,黃文娟,M01-205,"5,6",,,,,,,"[{""day"": 1, ""dayName"": ""星期一"", ""periods"": [""5"", ""6""], ""raw"": ""5,6""}]",外加,"選修此班需經教師認定核可;欲選修此班級之學生請於開學第一週至上課教室受測驗後,再由教師指定加選。",https://course.nuk.edu.tw/QueryCourse/tcontent.asp?OpenYear=107&Helf=2&Sclass=GR&Cono=8102,2026-08-26T18:18:27+00:00
107-2-GR-A0AA-A-1-A,107,2,共同與通識課程,GR,共同必修系列,A0AA,A,大學部,1,A,英語會話與閱讀(下)：高階班,2,必,50,50,,0,王嵩嵐,H1--102,"5,6",,,,,,,"[{""day"": 1, ""dayName"": ""星期一"", ""periods"": [""5"", ""6""], ""raw"": ""5,6""}]",禁止外加 限修,1.英語會話與閱讀依學生能力等級編列班級(系統匯入選課，請勿自行選課) 2.原則上不承認自行更換班級之學生學分 3.重補修生請於第3階段再行加選,https://course.nuk.edu.tw/QueryCourse/tcontent.asp?OpenYear=107&Helf=2&Sclass=GR&Cono=A0AA,2026-08-26T18:18:27+00:00
107-2-GR-A0AB-A-1-A,107,2,共同與通識課程,GR,共同必修系列,A0AB,A,大學部,1,A,英語會話與閱讀(下)：高階班,2,必,50,50,,0,陳麗青,H1--101,,,"5,6",,,,,"[{""day"": 3, ""dayName"": ""星期三"", ""periods"": [""5"", ""6""], ""raw"": ""5,6""}]",禁止外加 限修,"1.依學生英文能力分級,本學期起不再匯入系統 2.請同學於選課期間內依分級自行上網選課",https://course.nuk.edu.tw/QueryCourse/tcontent.asp?OpenYear=107&Helf=2&Sclass=GR&Cono=A0AB,2026-08-26T18:18:27+00:00
107-2-GR-A0AC-A-1-A,107,2,共同與通識課程,GR,共同必修系列,A0AC,A,大學部,1,A,英語會話與閱讀(下)：高階班,2,必,50,37,,13,顏正裕,B01-101,"7,8",,,,,,,"[{""day"": 1, ""dayName"": ""星期一"", ""periods"": [""7"", ""8""], ""raw"": ""7,8""}]",禁止外加 限修,"1.依學生英文能力分級,本學期起不再匯入系統 2.請同學於選課期間內依分級自行上網選課",https://course.nuk.edu.tw/QueryCourse/tcontent.asp?OpenYear=107&Helf=2&Sclass=GR&Cono=A0AC,2026-08-26T18:18:27+00:00
107-2-GR-A0AD-A-1-A,107,2,共同與通識課程,GR,共同必修系列,A0AD,A,大學部,1,A,英語會話與閱讀(下)：高階班,2,必,50,49,,1,唐淑芳,B01-106,,,"7,8",,,,,"[{""day"": 3, ""dayName"": ""星期三"", ""periods"": [""7"", ""8""], ""raw"": ""7,8""}]",禁止外加 限修,"1.依學生英文能力分級,本學期起不再匯入系統 2.請同學於選課期間內依分級自行上網選課",https://course.nuk.edu.tw/QueryCourse/tcontent.asp?OpenYear=107&Helf=2&Sclass=GR&Cono=A0AD,2026-08-26T18:18:27+00:00
107-2-GR-A0AE-A-1-A,107,2,共同與通識課程,GR,共同必修系列,A0AE,A,大學部,1,A,英語會話與閱讀(下)：高階班,2,必,50,36,,14,歐素雯,B01-101,,,"5,6",,,,,"[{""day"": 3, ""dayName"": ""星期三"", ""periods"": [""5"", ""6""], ""raw"": ""5,6""}]",禁止外加 限修,"1.依學生英文能力分級,本學期起不再匯入系統 2.請同學於選課期間內依分級自行上網選課",https://course.nuk.edu.tw/QueryCourse/tcontent.asp?OpenYear=107&Helf=2&Sclass=GR&Cono=A0AE,2026-08-26T18:18:27+00:00
107-2-GR-A0AF-A-1-A,107,2,共同與通識課程,GR,共同必修系列,A0AF,A,大學部,1,A,英語會話與閱讀(下)：高階班,2,必,50,26,,24,歐素雯,B01-101,,,"7,8",,,,,"[{""day"": 3, ""dayName"": ""星期三"", ""periods"": [""7"", ""8""], ""raw"": ""7,8""}]",禁止外加 限修,"1.依學生英文能力分級,本學期起不再匯入系統 2.請同學於選課期間內依分級自行上網選課",https://course.nuk.edu.tw/QueryCourse/tcontent.asp?OpenYear=107&Helf=2&Sclass=GR&Cono=A0AF,2026-08-26T18:18:27+00:00
107-2-GR-A0BA-A-1-A,107,2,共同與通識課程,GR,共同必修系列,A0BA,A,大學部,1,A,英語會話與閱讀(下)：中階班,2,必,45,36,,9,蔡奎如,M01-208,"5,6",,,,,,,"[{""day"": 1, ""dayName"": ""星期一"", ""periods"": [""5"", ""6""], ""raw"": ""5,6""}]",禁止外加 限修,"1.依學生英文能力分級,本學期起不再匯入系統 2.請同學於選課期間內依分級自行上網選課",https://course.nuk.edu.tw/QueryCourse/tcontent.asp?OpenYear=107&Helf=2&Sclass=GR&Cono=A0BA,2026-08-26T18:18:27+00:00
107-2-GR-A0BB-A-1-A,107,2,共同與通識課程,GR,共同必修系列,A0BB,A,大學部,1,A,英語會話與閱讀(下)：中階班,2,必,45,15,,30,蔡奎如,M01-208,"7,8",,,,,,,"[{""day"": 1, ""dayName"": ""星期一"", ""periods"": [""7"", ""8""], ""raw"": ""7,8""}]",禁止外加 限修,"1.依學生英文能力分級,本學期起不再匯入系統 2.請同學於選課期間內依分級自行上網選課",https://course.nuk.edu.tw/QueryCourse/tcontent.asp?OpenYear=107&Helf=2&Sclass=GR&Cono=A0BB,2026-08-26T18:18:27+00:00
107-2-GR-A0BC-A-1-A,107,2,共同與通識課程,GR,共同必修系列,A0BC,A,大學部,1,A,英語會話與閱讀(下)：中階班,2,必,45,45,,0,許建華,B01-106,"7,8",,,,,,,"[{""day"": 1, ""dayName"": ""星期一"", ""periods"": [""7"", ""8""], ""raw"": ""7,8""}]",禁止外加 限修,"1.依學生英文能力分級,本學期起不再匯入系統 2.請同學於選課期間內依分級自行上網選課",https://course.nuk.edu.tw/QueryCourse/tcontent.asp?OpenYear=107&Helf=2&Sclass=GR&Cono=A0BC,2026-08-26T18:18:27+00:00
107-2-GR-A0BD-A-1-A,107,2,共同與通識課程,GR,共同必修系列,A0BD,A,大學部,1,A,英語會話與閱讀(下)：中階班,2,必,45,15,,30,蔡奎如,M01-103,,,"7,8",,,,,"[{""day"": 3, ""dayName"": ""星期三"", ""periods"": [""7"", ""8""], ""raw"": ""7,8""}]",禁止外加 限修,"1.依學生英文能力分級,本學期起不再匯入系統 2.請同學於選課期間內依分級自行上網選課",https://course.nuk.edu.tw/QueryCourse/tcontent.asp?OpenYear=107&Helf=2&Sclass=GR&Cono=A0BD,2026-08-26T18:18:27+00:00
107-2-GR-A0BE-A-1-A,107,2,共同與通識課程,GR,共同必修系列,A0BE,A,大學部,1,A,英語會話與閱讀(下)：中階班,2,必,45,18,,27,蔡奎如,M01-103,,,"5,6",,,,,"[{""day"": 3, ""dayName"": ""星期三"", ""periods"": [""5"", ""6""], ""raw"": ""5,6""}]",禁止外加 限修,"1.依學生英文能力分級,本學期起不再匯入系統 2.請同學於選課期間內依分級自行上網選課",https://course.nuk.edu.tw/QueryCourse/tcontent.asp?OpenYear=107&Helf=2&Sclass=GR&Cono=A0BE,2026-08-26T18:18:27+00:00
107-2-GR-A0BF-A-1-A,107,2,共同與通識課程,GR,共同必修系列,A0BF,A,大學部,1,A,英語會話與閱讀(下)：中階班,2,必,45,45,,0,許建華,B01-106,"5,6",,,,,,,"[{""day"": 1, ""dayName"": ""星期一"", ""periods"": [""5"", ""6""], ""raw"": ""5,6""}]",禁止外加 限修,"1.依學生英文能力分級,本學期起不再匯入系統 2.請同學於選課期間內依分級自行上網選課",https://course.nuk.edu.tw/QueryCourse/tcontent.asp?OpenYear=107&Helf=2&Sclass=GR&Cono=A0BF,2026-08-26T18:18:27+00:00
107-2-GR-A0BG-A-1-A,107,2,共同與通識課程,GR,共同必修系列,A0BG,A,大學部,1,A,英語會話與閱讀(下)：中階班,2,必,45,45,,0,楊淑華,B01-108,"5,6",,,,,,,"[{""day"": 1, ""dayName"": ""星期一"", ""periods"": [""5"", ""6""], ""raw"": ""5,6""}]",禁止外加 限修,"1.依學生英文能力分級,本學期起不再匯入系統 2.請同學於選課期間內依分級自行上網選課",https://course.nuk.edu.tw/QueryCourse/tcontent.asp?OpenYear=107&Helf=2&Sclass=GR&Cono=A0BG,2026-08-26T18:18:27+00:00
107-2-GR-A0BH-A-1-A,107,2,共同與通識課程,GR,共同必修系列,A0BH,A,大學部,1,A,英語會話與閱讀(下)：中階班,2,必,45,45,,0,楊淑華,B01-108,"7,8",,,,,,,"[{""day"": 1, ""dayName"": ""星期一"", ""periods"": [""7"", ""8""], ""raw"": ""7,8""}]",禁止外加 限修,"1.依學生英文能力分級,本學期起不再匯入系統 2.請同學於選課期間內依分級自行上網選課",https://course.nuk.edu.tw/QueryCourse/tcontent.asp?OpenYear=107&Helf=2&Sclass=GR&Cono=A0BH,2026-08-26T18:18:27+00:00
107-2-GR-A0BI-A-1-A,107,2,共同與通識課程,GR,共同必修系列,A0BI,A,大學部,1,A,英語會話與閱讀(下)：中階班,2,必,45,45,,0,陳信智,B01-105,,,"5,6",,,,,"[{""day"": 3, ""dayName"": ""星期三"", ""periods"": [""5"", ""6""], ""raw"": ""5,6""}]",禁止外加 限修,"1.依學生英文能力分級,本學期起不再匯入系統 2.請同學於選課期間內依分級自行上網選課",https://course.nuk.edu.tw/QueryCourse/tcontent.asp?OpenYear=107&Helf=2&Sclass=GR&Cono=A0BI,2026-08-26T18:18:27+00:00
107-2-GR-A0BJ-A-1-A,107,2,共同與通識課程,GR,共同必修系列,A0BJ,A,大學部,1,A,英語會話與閱讀(下)：中階班,2,必,45,45,,0,陳信智,B01-105,,,"7,8",,,,,"[{""day"": 3, ""dayName"": ""星期三"", ""periods"": [""7"", ""8""], ""raw"": ""7,8""}]",禁止外加 限修,"1.依學生英文能力分級,本學期起不再匯入系統 2.請同學於選課期間內依分級自行上網選課",https://course.nuk.edu.tw/QueryCourse/tcontent.asp?OpenYear=107&Helf=2&Sclass=GR&Cono=A0BJ,2026-08-26T18:18:27+00:00
107-2-GR-A0BK-A-1-A,107,2,共同與通識課程,GR,共同必修系列,A0BK,A,大學部,1,A,英語會話與閱讀(下)：中階班,2,必,45,46,,0,唐淑芳,B01-106,,,"5,6",,,,,"[{""day"": 3, ""dayName"": ""星期三"", ""periods"": [""5"", ""6""], ""raw"": ""5,6""}]",禁止外加 限修,"1.依學生英文能力分級,本學期起不再匯入系統 2.請同學於選課期間內依分級自行上網選課",https://course.nuk.edu.tw/QueryCourse/tcontent.asp?OpenYear=107&Helf=2&Sclass=GR&Cono=A0BK,2026-08-26T18:18:27+00:00
107-2-GR-A114-A-1-A,107,2,共同與通識課程,GR,共同必修系列,A114,A,大學部,1,A,服務學習培養(西洋語文學系B),0,必,40,17,,23,賴祥慶,,,X,,,,,,"[{""day"": 2, ""dayName"": ""星期二"", ""periods"": [""X""], ""raw"": ""X""}]",,請於開學一週內上班時間0900~1630時至該服務單位報到即可‧,https://course.nuk.edu.tw/QueryCourse/tcontent.asp?OpenYear=107&Helf=2&Sclass=GR&Cono=A114,2026-08-26T18:18:27+00:00
107-2-GR-A124-A-1-A,107,2,共同與通識課程,GR,共同必修系列,A124,A,大學部,1,A,服務學習培養(運動健康與休閒學系B),0,必,20,20,,0,賴祥慶,,,X,,,,,,"[{""day"": 2, ""dayName"": ""星期二"", ""periods"": [""X""], ""raw"": ""X""}]",限修,限運動健康與休閒學系學生並請於開學一週內上班時間0900~1630時至該服務單位報到即可‧,https://course.nuk.edu.tw/QueryCourse/tcontent.asp?OpenYear=107&Helf=2&Sclass=GR&Cono=A124,2026-08-26T18:18:27+00:00
107-2-GR-A13D-A-1-A,107,2,共同與通識課程,GR,共同必修系列,A13D,A,大學部,1,A,體育(二)-藝創系,0,必,57,44,,13,蔡春福,,,,,,"3,4",,,"[{""day"": 5, ""dayName"": ""星期五"", ""periods"": [""3"", ""4""], ""raw"": ""3,4""}]",限修及外加,田徑場/大三、四重補修請於第三階段至通識中心加選。,https://course.nuk.edu.tw/QueryCourse/tcontent.asp?OpenYear=107&Helf=2&Sclass=GR&Cono=A13D,2026-08-26T18:18:27+00:00
107-2-GR-A14D-A-1-A,107,2,共同與通識課程,GR,共同必修系列,A14D,A,大學部,1,A,體育(二)-建築系,0,必,55,30,,25,馮潤賓,,,,"3,4",,,,,"[{""day"": 3, ""dayName"": ""星期三"", ""periods"": [""3"", ""4""], ""raw"": ""3,4""}]",禁止外加 限修及外加,籃球場/大三、四重補修請於第三階段至通識中心加選。,https://course.nuk.edu.tw/QueryCourse/tcontent.asp?OpenYear=107&Helf=2&Sclass=GR&Cono=A14D,2026-08-26T18:18:27+00:00
107-2-GR-A166-A-1-A,107,2,共同與通識課程,GR,共同必修系列,A166,A,大學部,1,A,服務學習培養(工藝與創意設計學系B),0,必,40,29,,11,賴祥慶,,X,,,,,,,"[{""day"": 1, ""dayName"": ""星期一"", ""periods"": [""X""], ""raw"": ""X""}]",,工藝與創意設計學系學生優先並請於開學一週內上班時間0900~1630時至該服務單位報到即可,https://course.nuk.edu.tw/QueryCourse/tcontent.asp?OpenYear=107&Helf=2&Sclass=GR&Cono=A166,2026-08-26T18:18:27+00:00
107-2-GR-A16B-A-1-A,107,2,共同與通識課程,GR,共同必修系列,A16B,A,大學部,1,A,服務學習培養(建築學系B),0,必,40,34,,6,賴祥慶,,X,,,,,,,"[{""day"": 1, ""dayName"": ""星期一"", ""periods"": [""X""], ""raw"": ""X""}]",限修,限建築學系學生並請於開學一週內上班時間0900~1630時至該服務單位報到即可,https://course.nuk.edu.tw/QueryCourse/tcontent.asp?OpenYear=107&Helf=2&Sclass=GR&Cono=A16B,2026-08-26T18:18:27+00:00
107-2-GR-A174-A-1-A,107,2,共同與通識課程,GR,共同必修系列,A174,A,大學部,1,A,服務學習培養(東亞語文學系B),0,必,30,27,,3,賴祥慶,,X,,,,,,,"[{""day"": 1, ""dayName"": ""星期一"", ""periods"": [""X""], ""raw"": ""X""}]",,請於開學一週內上班時間0900~1630時至該服務單位報到即可‧,https://course.nuk.edu.tw/QueryCourse/tcontent.asp?OpenYear=107&Helf=2&Sclass=GR&Cono=A174,2026-08-26T18:18:27+00:00
107-2-GR-A184-A-1-A,107,2,共同與通識課程,GR,共同必修系列,A184,A,大學部,1,A,服務學習培養(運動競技學系B),0,必,20,20,,0,賴祥慶,,X,,,,,,,"[{""day"": 1, ""dayName"": ""星期一"", ""periods"": [""X""], ""raw"": ""X""}]",,請於開學一週內上班時間0900~1630時至該服務單位報到即可‧,https://course.nuk.edu.tw/QueryCourse/tcontent.asp?OpenYear=107&Helf=2&Sclass=GR&Cono=A184,2026-08-26T18:18:27+00:00
107-2-GR-A1CA-A-1-A,107,2,共同與通識課程,GR,共同必修系列,A1CA,A,大學部,1,A,英語會話與閱讀(下)：初階班,2,必,50,50,,0,顏正裕,B01-101,"5,6",,,,,,,"[{""day"": 1, ""dayName"": ""星期一"", ""periods"": [""5"", ""6""], ""raw"": ""5,6""}]",禁止外加 限修,"1.依學生英文能力分級,本學期起不再匯入系統 2.請同學於選課期間內依分級自行上網選課",https://course.nuk.edu.tw/QueryCourse/tcontent.asp?OpenYear=107&Helf=2&Sclass=GR&Cono=A1CA,2026-08-26T18:18:27+00:00
107-2-GR-A1CB-A-1-A,107,2,共同與通識課程,GR,共同必修系列,A1CB,A,大學部,1,A,英語會話與閱讀(下)：初階班,2,必,50,21,,29,邱玉萍,C01-413,,,,"1,2",,,,"[{""day"": 4, ""dayName"": ""星期四"", ""periods"": [""1"", ""2""], ""raw"": ""1,2""}]",禁止外加 限修,"限土環系原住民班選修 1.依學生英文能力分級,本學期起不再匯入系統 2.請同學於選課期間內依分級自行上網選課",https://course.nuk.edu.tw/QueryCourse/tcontent.asp?OpenYear=107&Helf=2&Sclass=GR&Cono=A1CB,2026-08-26T18:18:27+00:00
107-2-GR-A1CC-A-1-A,107,2,共同與通識課程,GR,共同必修系列,A1CC,A,大學部,1,A,英語會話與閱讀(下)：初階班,2,必,50,50,,0,翁嵐瑜,B01-108,,,"5,6",,,,,"[{""day"": 3, ""dayName"": ""星期三"", ""periods"": [""5"", ""6""], ""raw"": ""5,6""}]",禁止外加 限修,"1.依學生英文能力分級,本學期起不再匯入系統 2.請同學於選課期間內依分級自行上網選課",https://course.nuk.edu.tw/QueryCourse/tcontent.asp?OpenYear=107&Helf=2&Sclass=GR&Cono=A1CC,2026-08-26T18:18:27+00:00
107-2-GR-A1CD-A-1-A,107,2,共同與通識課程,GR,共同必修系列,A1CD,A,大學部,1,A,英語會話與閱讀(下)：初階班,2,必,50,38,,12,翁嵐瑜,B01-108,,,"7,8",,,,,"[{""day"": 3, ""dayName"": ""星期三"", ""periods"": [""7"", ""8""], ""raw"": ""7,8""}]",禁止外加 限修,"1.依學生英文能力分級,本學期起不再匯入系統 2.請同學於選課期間內依分級自行上網選課",https://course.nuk.edu.tw/QueryCourse/tcontent.asp?OpenYear=107&Helf=2&Sclass=GR&Cono=A1CD,2026-08-26T18:18:27+00:00
107-2-GR-A1CE-A-1-A,107,2,共同與通識課程,GR,共同必修系列,A1CE,A,大學部,1,A,英語會話與閱讀(下)：初階班,2,必,50,48,,2,邱玉萍,B01-107,,,"9,10",,,,,"[{""day"": 3, ""dayName"": ""星期三"", ""periods"": [""9"", ""10""], ""raw"": ""9,10""}]",限修,"限運競系選修 1.依學生英文能力分級,本學期起不再匯入系統 2.請同學於選課期間內依分級自行上網選課",https://course.nuk.edu.tw/QueryCourse/tcontent.asp?OpenYear=107&Helf=2&Sclass=GR&Cono=A1CE,2026-08-26T18:18:27+00:00
107-2-GR-A1CF-A-1-A,107,2,共同與通識課程,GR,共同必修系列,A1CF,A,大學部,1,A,英語會話與閱讀(下)：初階班,2,必,50,50,,0,王靜嫻,B01-109,"5,6",,,,,,,"[{""day"": 1, ""dayName"": ""星期一"", ""periods"": [""5"", ""6""], ""raw"": ""5,6""}]",禁止外加 限修,"1.依學生英文能力分級,本學期起不再匯入系統 2.請同學於選課期間內依分級自行上網選課",https://course.nuk.edu.tw/QueryCourse/tcontent.asp?OpenYear=107&Helf=2&Sclass=GR&Cono=A1CF,2026-08-26T18:18:27+00:00
107-2-GR-A1CG-A-1-A,107,2,共同與通識課程,GR,共同必修系列,A1CG,A,大學部,1,A,英語會話與閱讀(下)：初階班,2,必,50,50,,0,王靜嫻,B01-109,"7,8",,,,,,,"[{""day"": 1, ""dayName"": ""星期一"", ""periods"": [""7"", ""8""], ""raw"": ""7,8""}]",禁止外加 限修,"1.依學生英文能力分級,本學期起不再匯入系統 2.請同學於選課期間內依分級自行上網選課",https://course.nuk.edu.tw/QueryCourse/tcontent.asp?OpenYear=107&Helf=2&Sclass=GR&Cono=A1CG,2026-08-26T18:18:27+00:00
107-2-GR-A214-A-1-A,107,2,共同與通識課程,GR,共同必修系列,A214,A,大學部,1,A,服務學習培養(法律學系B),0,必,30,28,,2,賴祥慶,,X,,,,,,,"[{""day"": 1, ""dayName"": ""星期一"", ""periods"": [""X""], ""raw"": ""X""}]",,請於開學一週內上班時間0900~1630時至該服務單位報到即可‧,https://course.nuk.edu.tw/QueryCourse/tcontent.asp?OpenYear=107&Helf=2&Sclass=GR&Cono=A214,2026-08-26T18:18:27+00:00
107-2-GR-A224-A-1-A,107,2,共同與通識課程,GR,共同必修系列,A224,A,大學部,1,A,服務學習培養(政治法律學系B),0,必,25,23,,2,賴祥慶,,X,,,,,,,"[{""day"": 1, ""dayName"": ""星期一"", ""periods"": [""X""], ""raw"": ""X""}]",外加,請於開學一週內上班時間0900~1630時至該服務單位報到即可‧,https://course.nuk.edu.tw/QueryCourse/tcontent.asp?OpenYear=107&Helf=2&Sclass=GR&Cono=A224,2026-08-26T18:18:27+00:00
107-2-GR-A234-A-1-A,107,2,共同與通識課程,GR,共同必修系列,A234,A,大學部,1,A,服務學習培養(財經法律學系B),0,必,20,20,,0,賴祥慶,,X,,,,,,,"[{""day"": 1, ""dayName"": ""星期一"", ""periods"": [""X""], ""raw"": ""X""}]",,請於開學一週內上班時間0900~1630時至該服務單位報到即可‧,https://course.nuk.edu.tw/QueryCourse/tcontent.asp?OpenYear=107&Helf=2&Sclass=GR&Cono=A234,2026-08-26T18:18:27+00:00
107-2-GR-A314-A-1-A,107,2,共同與通識課程,GR,共同必修系列,A314,A,大學部,1,A,服務學習培養(應用經濟學系B),0,必,30,25,,5,賴祥慶,,X,,,,,,,"[{""day"": 1, ""dayName"": ""星期一"", ""periods"": [""X""], ""raw"": ""X""}]",限修,限應用經濟學系並請於開學一週內上班時間0900~1630時至該服務單位報到即可‧,https://course.nuk.edu.tw/QueryCourse/tcontent.asp?OpenYear=107&Helf=2&Sclass=GR&Cono=A314,2026-08-26T18:18:27+00:00
107-2-GR-A324-A-1-A,107,2,共同與通識課程,GR,共同必修系列,A324,A,大學部,1,A,服務學習培養(金融管理學系B),0,必,40,40,,0,賴祥慶,,X,,,,,,,"[{""day"": 1, ""dayName"": ""星期一"", ""periods"": [""X""], ""raw"": ""X""}]",,請於108.02.2 16:20或108.2.22中午12:00至系辦報到‧,https://course.nuk.edu.tw/QueryCourse/tcontent.asp?OpenYear=107&Helf=2&Sclass=GR&Cono=A324,2026-08-26T18:18:27+00:00
107-2-GR-A334-A-1-A,107,2,共同與通識課程,GR,共同必修系列,A334,A,大學部,1,A,服務學習培養(資訊管理學系B),0,必,15,15,,0,賴祥慶,,X,,,,,,,"[{""day"": 1, ""dayName"": ""星期一"", ""periods"": [""X""], ""raw"": ""X""}]",限修,限資訊管理學系學生並請於開學一週內上班時間0900~1630時至該服務單位報到即可‧,https://course.nuk.edu.tw/QueryCourse/tcontent.asp?OpenYear=107&Helf=2&Sclass=GR&Cono=A334,2026-08-26T18:18:27+00:00
107-2-GR-A414-A-1-A,107,2,共同與通識課程,GR,共同必修系列,A414,A,大學部,1,A,服務學習培養(應用數學系B),0,必,24,24,,0,賴祥慶,,X,,,,,,,"[{""day"": 1, ""dayName"": ""星期一"", ""periods"": [""X""], ""raw"": ""X""}]",,請於開學一週內上班時間0900~1630時至該服務單位報到即可‧,https://course.nuk.edu.tw/QueryCourse/tcontent.asp?OpenYear=107&Helf=2&Sclass=GR&Cono=A414,2026-08-26T18:18:27+00:00
107-2-GR-A424-A-1-A,107,2,共同與通識課程,GR,共同必修系列,A424,A,大學部,1,A,服務學習培養(應用化學系B),0,必,10,9,,1,賴祥慶,,X,,,,,,,"[{""day"": 1, ""dayName"": ""星期一"", ""periods"": [""X""], ""raw"": ""X""}]",限修,限應化系並請於開學一週內上班時間0900~1630時至該服務單位報到即可‧,https://course.nuk.edu.tw/QueryCourse/tcontent.asp?OpenYear=107&Helf=2&Sclass=GR&Cono=A424,2026-08-26T18:18:27+00:00
107-2-GR-A434-A-1-A,107,2,共同與通識課程,GR,共同必修系列,A434,A,大學部,1,A,服務學習培養(應用物理學系B),0,必,10,10,,0,賴祥慶,,X,,,,,,,"[{""day"": 1, ""dayName"": ""星期一"", ""periods"": [""X""], ""raw"": ""X""}]",限修,限應用物理系學生並請於開學一週內上班時間0900~1630時至該服務單位報到即可‧,https://course.nuk.edu.tw/QueryCourse/tcontent.asp?OpenYear=107&Helf=2&Sclass=GR&Cono=A434,2026-08-26T18:18:27+00:00
107-2-GR-A516-A-1-A,107,2,共同與通識課程,GR,共同必修系列,A516,A,大學部,1,A,服務學習培養(電機工程學系B),0,必,10,10,,0,賴祥慶,,X,,,,,,,"[{""day"": 1, ""dayName"": ""星期一"", ""periods"": [""X""], ""raw"": ""X""}]",限修,"限電機系學生,請於開學一週內上班時間0900~1630時至該服務單位報到即可‧",https://course.nuk.edu.tw/QueryCourse/tcontent.asp?OpenYear=107&Helf=2&Sclass=GR&Cono=A516,2026-08-26T18:18:27+00:00
107-2-GR-A524-A-1-A,107,2,共同與通識課程,GR,共同必修系列,A524,A,大學部,1,A,服務學習培養(土木與環境工程學系B),0,必,10,9,,1,賴祥慶,,X,,,,,,,"[{""day"": 1, ""dayName"": ""星期一"", ""periods"": [""X""], ""raw"": ""X""}]",限修,限土環系學生並請於開學一週內上班時間0900~1630時至該服務單位報到即可‧,https://course.nuk.edu.tw/QueryCourse/tcontent.asp?OpenYear=107&Helf=2&Sclass=GR&Cono=A524,2026-08-26T18:18:27+00:00
107-2-GR-A554-A-1-A,107,2,共同與通識課程,GR,共同必修系列,A554,A,大學部,1,A,服務學習培養(資訊工程學系B),0,必,30,30,,0,賴祥慶,,X,,,,,,,"[{""day"": 1, ""dayName"": ""星期一"", ""periods"": [""X""], ""raw"": ""X""}]",限修,限資工系同學並請於開學一週內上班時間0900~1630時至該服務單位報到即可‧,https://course.nuk.edu.tw/QueryCourse/tcontent.asp?OpenYear=107&Helf=2&Sclass=GR&Cono=A554,2026-08-26T18:18:27+00:00
107-2-GR-A564-A-1-A,107,2,共同與通識課程,GR,共同必修系列,A564,A,大學部,1,A,服務學習培養(化學工程及材料工程學系B),0,必,10,10,,0,賴祥慶,,X,,,,,,,"[{""day"": 1, ""dayName"": ""星期一"", ""periods"": [""X""], ""raw"": ""X""}]",限修,限化材系學生並請於開學一週內上班時間0900~1630時至該服務單位報到即可‧,https://course.nuk.edu.tw/QueryCourse/tcontent.asp?OpenYear=107&Helf=2&Sclass=GR&Cono=A564,2026-08-26T18:18:27+00:00
107-2-GR-A614-A-1-A,107,2,共同與通識課程,GR,共同必修系列,A614,A,大學部,1,A,服務學習培養(生命科學系B),0,必,15,15,,0,賴祥慶,,X,,,,,,,"[{""day"": 1, ""dayName"": ""星期一"", ""periods"": [""X""], ""raw"": ""X""}]",,請於開學一週內上班時間0900~1630時至該服務單位報到即可‧,https://course.nuk.edu.tw/QueryCourse/tcontent.asp?OpenYear=107&Helf=2&Sclass=GR&Cono=A614,2026-08-26T18:18:27+00:00
107-2-GR-A714-A-1-A,107,2,共同與通識課程,GR,共同必修系列,A714,A,大學部,1,A,服務學習培養(亞太工商管理學系B),0,必,20,20,,0,賴祥慶,,X,,,,,,,"[{""day"": 1, ""dayName"": ""星期一"", ""periods"": [""X""], ""raw"": ""X""}]",限修,限亞太工商管理學系並請於開學一週內上班時間0900~1630時至該服務單位報到即可‧,https://course.nuk.edu.tw/QueryCourse/tcontent.asp?OpenYear=107&Helf=2&Sclass=GR&Cono=A714,2026-08-26T18:18:27+00:00
107-2-GR-A812-A-1-A,107,2,共同與通識課程,GR,共同必修系列,A812,A,大學部,1,A,服務學習培養(EMBA中心B),0,必,10,4,,6,賴祥慶,,X,,,,,,,"[{""day"": 1, ""dayName"": ""星期一"", ""periods"": [""X""], ""raw"": ""X""}]",,請於開學一週內上班時間0900~1630時至該服務單位報到即可‧,https://course.nuk.edu.tw/QueryCourse/tcontent.asp?OpenYear=107&Helf=2&Sclass=GR&Cono=A812,2026-08-26T18:18:27+00:00
107-2-GR-A99B-A-1-A,107,2,共同與通識課程,GR,共同必修系列,A99B,A,大學部,1,A,適應體育,0,必,8,8,,0,蔡明書,K01-004,,"9,10",,,,,,"[{""day"": 2, ""dayName"": ""星期二"", ""periods"": [""9"", ""10""], ""raw"": ""9,10""}]",外加,上課地點:體適能教室。凡是不能參與一般體育課之大一、二學生，其身心狀況不適者，得經公立醫療院所診斷後並開立證明(90天內之證明)交給老師指定加選,https://course.nuk.edu.tw/QueryCourse/tcontent.asp?OpenYear=107&Helf=2&Sclass=GR&Cono=A99B,2026-08-26T18:18:27+00:00
107-2-GR-F104-A-1-A,107,2,共同與通識課程,GR,共同必修系列,F104,A,大學部,1,A,服務學習培養(秘書室B),0,必,6,5,,1,賴祥慶,,X,,,,,,,"[{""day"": 1, ""dayName"": ""星期一"", ""periods"": [""X""], ""raw"": ""X""}]",,請於開學一週內上班時間0900~1630時至該服務單位報到即可‧,https://course.nuk.edu.tw/QueryCourse/tcontent.asp?OpenYear=107&Helf=2&Sclass=GR&Cono=F104,2026-08-26T18:18:27+00:00
107-2-GR-F106-A-1-A,107,2,共同與通識課程,GR,共同必修系列,F106,A,大學部,1,A,服務學習培養(副校長室B),0,必,15,15,,0,賴祥慶,,X,,,,,,,"[{""day"": 1, ""dayName"": ""星期一"", ""periods"": [""X""], ""raw"": ""X""}]",,請於開學一週內上班時間0900~1630時至該服務單位報到即可‧,https://course.nuk.edu.tw/QueryCourse/tcontent.asp?OpenYear=107&Helf=2&Sclass=GR&Cono=F106,2026-08-26T18:18:27+00:00
107-2-GR-F108-A-1-A,107,2,共同與通識課程,GR,共同必修系列,F108,A,大學部,1,A,服務學習培養(創新學院 B),0,必,10,5,,5,賴祥慶,,X,,,,,,,"[{""day"": 1, ""dayName"": ""星期一"", ""periods"": [""X""], ""raw"": ""X""}]",,請於開學一週內上班時間0900~1630時至該服務單位報到即可‧(行政大樓二樓 教學發展中心）,https://course.nuk.edu.tw/QueryCourse/tcontent.asp?OpenYear=107&Helf=2&Sclass=GR&Cono=F108,2026-08-26T18:18:27+00:00
107-2-GR-F10D-A-1-A,107,2,共同與通識課程,GR,共同必修系列,F10D,A,大學部,1,A,服務學習培養(秘書室公共事務組 B),0,必,6,6,,0,賴祥慶,,X,,,,,,,"[{""day"": 1, ""dayName"": ""星期一"", ""periods"": [""X""], ""raw"": ""X""}]",,請於開學一週內上班時間0900~1630時至該服務單位報到即可‧,https://course.nuk.edu.tw/QueryCourse/tcontent.asp?OpenYear=107&Helf=2&Sclass=GR&Cono=F10D,2026-08-26T18:18:27+00:00
107-2-GR-F110-A-1-A,107,2,共同與通識課程,GR,共同必修系列,F110,A,大學部,1,A,服務學習培養(全大運專案辦公室 B),0,必,10,4,,6,賴祥慶,,X,,,,,,,"[{""day"": 1, ""dayName"": ""星期一"", ""periods"": [""X""], ""raw"": ""X""}]",,請於開學一週內上班時間0900~1630時至該服務單位報到即可(行政大樓六樓副校長室)‧,https://course.nuk.edu.tw/QueryCourse/tcontent.asp?OpenYear=107&Helf=2&Sclass=GR&Cono=F110,2026-08-26T18:18:27+00:00
107-2-GR-F114-A-1-A,107,2,共同與通識課程,GR,共同必修系列,F114,A,大學部,1,A,服務學習培養(教務處B),0,必,11,11,,0,賴祥慶,,X,,,,,,,"[{""day"": 1, ""dayName"": ""星期一"", ""periods"": [""X""], ""raw"": ""X""}]",,請於開學一週內上班時間0900~1630時至該服務單位報到即可‧,https://course.nuk.edu.tw/QueryCourse/tcontent.asp?OpenYear=107&Helf=2&Sclass=GR&Cono=F114,2026-08-26T18:18:27+00:00
107-2-GR-F154-A-1-A,107,2,共同與通識課程,GR,共同必修系列,F154,A,大學部,1,A,服務學習培養(體育室B),0,必,30,30,,0,賴祥慶,,X,,,,,,,"[{""day"": 1, ""dayName"": ""星期一"", ""periods"": [""X""], ""raw"": ""X""}]",,請於開學一週內上班時間0900~1630時至該服務單位報到即可‧,https://course.nuk.edu.tw/QueryCourse/tcontent.asp?OpenYear=107&Helf=2&Sclass=GR&Cono=F154,2026-08-26T18:18:27+00:00
107-2-GR-F15D-A-1-A,107,2,共同與通識課程,GR,共同必修系列,F15D,A,大學部,1,A,服務學習培養(體育室 器材室B),0,必,30,30,,0,賴祥慶,,X,,,,,,,"[{""day"": 1, ""dayName"": ""星期一"", ""periods"": [""X""], ""raw"": ""X""}]",,請於開學一週內上班時間0900~1630時至該服務單位報到即可‧,https://course.nuk.edu.tw/QueryCourse/tcontent.asp?OpenYear=107&Helf=2&Sclass=GR&Cono=F15D,2026-08-26T18:18:27+00:00
107-2-GR-F164-A-1-A,107,2,共同與通識課程,GR,共同必修系列,F164,A,大學部,1,A,服務學習培養(語文中心B),0,必,10,10,,0,賴祥慶,,X,,,,,,,"[{""day"": 1, ""dayName"": ""星期一"", ""periods"": [""X""], ""raw"": ""X""}]",,請於開學一週內上班時間0900~1630時至該服務單位報到即可‧,https://course.nuk.edu.tw/QueryCourse/tcontent.asp?OpenYear=107&Helf=2&Sclass=GR&Cono=F164,2026-08-26T18:18:27+00:00
107-2-GR-F174-A-1-A,107,2,共同與通識課程,GR,共同必修系列,F174,A,大學部,1,A,服務學習培養(推教中心B),0,必,10,2,,8,賴祥慶,,X,,,,,,,"[{""day"": 1, ""dayName"": ""星期一"", ""periods"": [""X""], ""raw"": ""X""}]",,請於開學一週內上班時間0900~1630時至該服務單位報到即可‧,https://course.nuk.edu.tw/QueryCourse/tcontent.asp?OpenYear=107&Helf=2&Sclass=GR&Cono=F174,2026-08-26T18:18:27+00:00
107-2-GR-F184-A-1-A,107,2,共同與通識課程,GR,共同必修系列,F184,A,大學部,1,A,服務學習培養(通識中心B),0,必,8,1,,7,賴祥慶,,X,,,,,,,"[{""day"": 1, ""dayName"": ""星期一"", ""periods"": [""X""], ""raw"": ""X""}]",,請於開學一週內上班時間0900~1630時至該服務單位報到即可‧,https://course.nuk.edu.tw/QueryCourse/tcontent.asp?OpenYear=107&Helf=2&Sclass=GR&Cono=F184,2026-08-26T18:18:27+00:00
107-2-GR-F194-A-1-A,107,2,共同與通識課程,GR,共同必修系列,F194,A,大學部,1,A,服務學習培養(研發處B),0,必,6,2,,4,賴祥慶,,X,,,,,,,"[{""day"": 1, ""dayName"": ""星期一"", ""periods"": [""X""], ""raw"": ""X""}]",,請於開學一週內上班時間0900~1630時至該服務單位報到即可‧,https://course.nuk.edu.tw/QueryCourse/tcontent.asp?OpenYear=107&Helf=2&Sclass=GR&Cono=F194,2026-08-26T18:18:27+00:00
107-2-GR-F202-A-1-A,107,2,共同與通識課程,GR,共同必修系列,F202,A,大學部,1,A,服務學習培養(環安中心 環境保護B),0,必,20,4,,16,賴祥慶,,X,,,,,,,"[{""day"": 1, ""dayName"": ""星期一"", ""periods"": [""X""], ""raw"": ""X""}]",,1.對環境生態有興趣者。2.服務時請勿穿著裙裝、短褲、拖鞋或涼鞋並請於開學一週內上班時間0900~1630時至該服務單位報到即可‧,https://course.nuk.edu.tw/QueryCourse/tcontent.asp?OpenYear=107&Helf=2&Sclass=GR&Cono=F202,2026-08-26T18:18:27+00:00
107-2-GR-F204-A-1-A,107,2,共同與通識課程,GR,共同必修系列,F204,A,大學部,1,A,服務學習培養(環安中心 環境安全B),0,必,20,2,,18,賴祥慶,,X,,,,,,,"[{""day"": 1, ""dayName"": ""星期一"", ""periods"": [""X""], ""raw"": ""X""}]",,請於開學一週內上班時間0900~1630時至該服務單位報到即可‧,https://course.nuk.edu.tw/QueryCourse/tcontent.asp?OpenYear=107&Helf=2&Sclass=GR&Cono=F204,2026-08-26T18:18:27+00:00
107-2-GR-F224-A-1-A,107,2,共同與通識課程,GR,共同必修系列,F224,A,大學部,1,A,服務學習培養(工學院B),0,必,40,17,,23,賴祥慶,,X,,,,,,,"[{""day"": 1, ""dayName"": ""星期一"", ""periods"": [""X""], ""raw"": ""X""}]",,請於開學一週內上班時間0900~1630時至該服務單位報到即可‧,https://course.nuk.edu.tw/QueryCourse/tcontent.asp?OpenYear=107&Helf=2&Sclass=GR&Cono=F224,2026-08-26T18:18:27+00:00
107-2-GR-F234-A-1-A,107,2,共同與通識課程,GR,共同必修系列,F234,A,大學部,1,A,服務學習培養(法學院B),0,必,20,19,,1,賴祥慶,,X,,,,,,,"[{""day"": 1, ""dayName"": ""星期一"", ""periods"": [""X""], ""raw"": ""X""}]",,請於開學一週內上班時間0900~1630時至該服務單位報到即可‧,https://course.nuk.edu.tw/QueryCourse/tcontent.asp?OpenYear=107&Helf=2&Sclass=GR&Cono=F234,2026-08-26T18:18:27+00:00
107-2-GR-F244-A-1-A,107,2,共同與通識課程,GR,共同必修系列,F244,A,大學部,1,A,服務學習培養(管理學院B),0,必,40,21,,19,賴祥慶,,X,,,,,,,"[{""day"": 1, ""dayName"": ""星期一"", ""periods"": [""X""], ""raw"": ""X""}]",,請於開學一週內上班時間0900~1630時至該服務單位報到即可‧,https://course.nuk.edu.tw/QueryCourse/tcontent.asp?OpenYear=107&Helf=2&Sclass=GR&Cono=F244,2026-08-26T18:18:27+00:00
107-2-GR-F254-A-1-A,107,2,共同與通識課程,GR,共同必修系列,F254,A,大學部,1,A,服務學習培養(理學院B),0,必,30,30,,0,賴祥慶,,X,,,,,,,"[{""day"": 1, ""dayName"": ""星期一"", ""periods"": [""X""], ""raw"": ""X""}]",,理學院優先並請於開學一週內上班時間0900~1630時至該服務單位報到即可‧,https://course.nuk.edu.tw/QueryCourse/tcontent.asp?OpenYear=107&Helf=2&Sclass=GR&Cono=F254,2026-08-26T18:18:27+00:00
107-2-GR-F264-A-1-A,107,2,共同與通識課程,GR,共同必修系列,F264,A,大學部,1,A,服務學習培養(人文社科院B),0,必,30,30,,0,賴祥慶,,X,,,,,,,"[{""day"": 1, ""dayName"": ""星期一"", ""periods"": [""X""], ""raw"": ""X""}]",,人文社會科學院所屬系所學生優先並請於開學一週內上班時間0900~1630時至該服務單位報到即可‧,https://course.nuk.edu.tw/QueryCourse/tcontent.asp?OpenYear=107&Helf=2&Sclass=GR&Cono=F264,2026-08-26T18:18:27+00:00
107-2-GR-F27B-A-1-A,107,2,共同與通識課程,GR,共同必修系列,F27B,A,大學部,1,A,服務學習培養(國際事務處 招生及推廣組 B),0,必,6,6,,0,賴祥慶,,X,,,,,,,"[{""day"": 1, ""dayName"": ""星期一"", ""periods"": [""X""], ""raw"": ""X""}]",,請於開學一週內上班時間0900~1630時至該服務單位報到即可‧,https://course.nuk.edu.tw/QueryCourse/tcontent.asp?OpenYear=107&Helf=2&Sclass=GR&Cono=F27B,2026-08-26T18:18:27+00:00
107-2-GR-F27D-A-1-A,107,2,共同與通識課程,GR,共同必修系列,F27D,A,大學部,1,A,服務學習培養(國際事務處 國際交流組 B),0,必,6,6,,0,賴祥慶,,X,,,,,,,"[{""day"": 1, ""dayName"": ""星期一"", ""periods"": [""X""], ""raw"": ""X""}]",,請於開學一週內上班時間0900~1630時至該服務單位報到即可‧,https://course.nuk.edu.tw/QueryCourse/tcontent.asp?OpenYear=107&Helf=2&Sclass=GR&Cono=F27D,2026-08-26T18:18:27+00:00
107-2-GR-F27F-A-1-A,107,2,共同與通識課程,GR,共同必修系列,F27F,A,大學部,1,A,服務學習培養(國際事務處 國際學生事務組 B),0,必,15,15,,0,賴祥慶,,X,,,,,,,"[{""day"": 1, ""dayName"": ""星期一"", ""periods"": [""X""], ""raw"": ""X""}]",,限僑生並請於開學一週內上班時間0900~1630時至該服務單位報到即可‧,https://course.nuk.edu.tw/QueryCourse/tcontent.asp?OpenYear=107&Helf=2&Sclass=GR&Cono=F27F,2026-08-26T18:18:27+00:00
107-2-GR-F282-A-1-A,107,2,共同與通識課程,GR,共同必修系列,F282,A,大學部,1,A,服務(IMBA中心B),0,必,10,5,,5,賴祥慶,,X,,,,,,,"[{""day"": 1, ""dayName"": ""星期一"", ""periods"": [""X""], ""raw"": ""X""}]",,請於開學一週內上班時間0900~1630時至該服務單位報到即可‧,https://course.nuk.edu.tw/QueryCourse/tcontent.asp?OpenYear=107&Helf=2&Sclass=GR&Cono=F282,2026-08-26T18:18:27+00:00
107-2-GR-F30B-A-1-A,107,2,共同與通識課程,GR,共同必修系列,F30B,A,大學部,1,A,服務學習培養(學務處 課外組 B),0,必,20,18,,2,賴祥慶,,X,,,,,,,"[{""day"": 1, ""dayName"": ""星期一"", ""periods"": [""X""], ""raw"": ""X""}]",,請於開學一週內上班時間0900~1630時至該服務單位報到即可‧,https://course.nuk.edu.tw/QueryCourse/tcontent.asp?OpenYear=107&Helf=2&Sclass=GR&Cono=F30B,2026-08-26T18:18:27+00:00
107-2-GR-F30D-A-1-A,107,2,共同與通識課程,GR,共同必修系列,F30D,A,大學部,1,A,服務學習培養(學務處 生輔組 B),0,必,20,11,,9,賴祥慶,,X,,,,,,,"[{""day"": 1, ""dayName"": ""星期一"", ""periods"": [""X""], ""raw"": ""X""}]",,請於開學一週內上班時間0900~1630時至該服務單位報到即可‧,https://course.nuk.edu.tw/QueryCourse/tcontent.asp?OpenYear=107&Helf=2&Sclass=GR&Cono=F30D,2026-08-26T18:18:27+00:00
107-2-GR-F30L-A-1-A,107,2,共同與通識課程,GR,共同必修系列,F30L,A,大學部,1,A,服務學習培養(學務處 健康中心 B),0,必,1,1,,0,賴祥慶,,X,,,,,,,"[{""day"": 1, ""dayName"": ""星期一"", ""periods"": [""X""], ""raw"": ""X""}]",,請於開學一週內上班時間0900~1630時至該服務單位報到即可‧,https://course.nuk.edu.tw/QueryCourse/tcontent.asp?OpenYear=107&Helf=2&Sclass=GR&Cono=F30L,2026-08-26T18:18:27+00:00
107-2-GR-F30N-A-1-A,107,2,共同與通識課程,GR,共同必修系列,F30N,A,大學部,1,A,服務學習培養(學務處 諮涯組 B),0,必,5,5,,0,賴祥慶,,X,,,,,,,"[{""day"": 1, ""dayName"": ""星期一"", ""periods"": [""X""], ""raw"": ""X""}]",,請於開學一週內上班時間0900~1630時至該服務單位報到即可,https://course.nuk.edu.tw/QueryCourse/tcontent.asp?OpenYear=107&Helf=2&Sclass=GR&Cono=F30N,2026-08-26T18:18:27+00:00
107-2-GR-F31B-A-1-A,107,2,共同與通識課程,GR,共同必修系列,F31B,A,大學部,1,A,服務學習培養(總務處 文書組 B),0,必,40,37,,3,賴祥慶,,X,,,,,,,"[{""day"": 1, ""dayName"": ""星期一"", ""periods"": [""X""], ""raw"": ""X""}]",,請於開學一週內上班時間0900~1630時至該服務單位報到即可‧,https://course.nuk.edu.tw/QueryCourse/tcontent.asp?OpenYear=107&Helf=2&Sclass=GR&Cono=F31B,2026-08-26T18:18:27+00:00
107-2-GR-F31F-A-1-A,107,2,共同與通識課程,GR,共同必修系列,F31F,A,大學部,1,A,服務學習培養(總務處 事務組 B),0,必,12,6,,6,賴祥慶,,X,,,,,,,"[{""day"": 1, ""dayName"": ""星期一"", ""periods"": [""X""], ""raw"": ""X""}]",,請於開學一週內上班時間0900~1630時至該服務單位報到即可‧,https://course.nuk.edu.tw/QueryCourse/tcontent.asp?OpenYear=107&Helf=2&Sclass=GR&Cono=F31F,2026-08-26T18:18:27+00:00
107-2-GR-F31H-A-1-A,107,2,共同與通識課程,GR,共同必修系列,F31H,A,大學部,1,A,服務學習培養(總務處 出納組 B),0,必,4,2,,2,賴祥慶,,X,,,,,,,"[{""day"": 1, ""dayName"": ""星期一"", ""periods"": [""X""], ""raw"": ""X""}]",限修,限管理學院同學選修，請於開學一週內上班時間0900~1630時至該服務單位報到即可‧,https://course.nuk.edu.tw/QueryCourse/tcontent.asp?OpenYear=107&Helf=2&Sclass=GR&Cono=F31H,2026-08-26T18:18:27+00:00
107-2-GR-F322-A-1-A,107,2,共同與通識課程,GR,共同必修系列,F322,A,大學部,1,A,服務學習培養(圖書資訊館 B),0,必,30,30,,0,賴祥慶,,X,,,,,,,"[{""day"": 1, ""dayName"": ""星期一"", ""periods"": [""X""], ""raw"": ""X""}]",,請於開學一週內上班時間0900~1630時至該服務單位報到即可‧,https://course.nuk.edu.tw/QueryCourse/tcontent.asp?OpenYear=107&Helf=2&Sclass=GR&Cono=F322,2026-08-26T18:18:27+00:00
107-2-GR-F32B-A-1-A,107,2,共同與通識課程,GR,共同必修系列,F32B,A,大學部,1,A,服務學習培養(圖書資訊館 典藏閱覽組 B),0,必,30,30,,0,賴祥慶,,X,,,,,,,"[{""day"": 1, ""dayName"": ""星期一"", ""periods"": [""X""], ""raw"": ""X""}]",,請於開學一週內上班時間0900~1630時至該服務單位報到即可‧,https://course.nuk.edu.tw/QueryCourse/tcontent.asp?OpenYear=107&Helf=2&Sclass=GR&Cono=F32B,2026-08-26T18:18:27+00:00
107-2-GR-F32F-A-1-A,107,2,共同與通識課程,GR,共同必修系列,F32F,A,大學部,1,A,服務學習培養(圖書資訊館 採購編目組 B),0,必,10,10,,0,賴祥慶,,X,,,,,,,"[{""day"": 1, ""dayName"": ""星期一"", ""periods"": [""X""], ""raw"": ""X""}]",,限大一學生請於開學一週內上班時間0900~1630時至該服務單位報到即可‧,https://course.nuk.edu.tw/QueryCourse/tcontent.asp?OpenYear=107&Helf=2&Sclass=GR&Cono=F32F,2026-08-26T18:18:27+00:00
107-2-GR-F332-A-1-A,107,2,共同與通識課程,GR,共同必修系列,F332,A,大學部,1,A,服務學習培養(人事室 B),0,必,8,3,,5,賴祥慶,,X,,,,,,,"[{""day"": 1, ""dayName"": ""星期一"", ""periods"": [""X""], ""raw"": ""X""}]",,請於開學一週內上班時間0900~1630時至該服務單位報到即可‧,https://course.nuk.edu.tw/QueryCourse/tcontent.asp?OpenYear=107&Helf=2&Sclass=GR&Cono=F332,2026-08-26T18:18:27+00:00
107-2-GR-F334-A-1-A,107,2,共同與通識課程,GR,共同必修系列,F334,A,大學部,1,A,服務學習培養(主計室 B),0,必,3,3,,0,賴祥慶,,X,,,,,,,"[{""day"": 1, ""dayName"": ""星期一"", ""periods"": [""X""], ""raw"": ""X""}]",,請於開學一週內上班時間0900~1630時至該服務單位報到即可‧,https://course.nuk.edu.tw/QueryCourse/tcontent.asp?OpenYear=107&Helf=2&Sclass=GR&Cono=F334,2026-08-26T18:18:27+00:00
107-2-GR-F342-A-1-A,107,2,共同與通識課程,GR,共同必修系列,F342,A,大學部,1,A,服務學習培養(學生綜合宿舍 B),0,必,25,25,,0,賴祥慶,,X,,,,,,,"[{""day"": 1, ""dayName"": ""星期一"", ""periods"": [""X""], ""raw"": ""X""}]",,限住綜宿同學選修並於開學第一週周五前至學二宿舍辦公室報到。,https://course.nuk.edu.tw/QueryCourse/tcontent.asp?OpenYear=107&Helf=2&Sclass=GR&Cono=F342,2026-08-26T18:18:27+00:00
107-2-GR-F34B-A-1-A,107,2,共同與通識課程,GR,共同必修系列,F34B,A,大學部,1,A,服務學習培養(學生第一宿舍男棟 B),0,必,25,18,,7,賴祥慶,,X,,,,,,,"[{""day"": 1, ""dayName"": ""星期一"", ""periods"": [""X""], ""raw"": ""X""}]",,限住該棟男同學選修並於開學第一週周五前至學二宿舍辦公室報到。,https://course.nuk.edu.tw/QueryCourse/tcontent.asp?OpenYear=107&Helf=2&Sclass=GR&Cono=F34B,2026-08-26T18:18:27+00:00
107-2-GR-F34D-A-1-A,107,2,共同與通識課程,GR,共同必修系列,F34D,A,大學部,1,A,服務學習培養(學生第一宿舍女棟 B),0,必,25,6,,19,賴祥慶,,X,,,,,,,"[{""day"": 1, ""dayName"": ""星期一"", ""periods"": [""X""], ""raw"": ""X""}]",,限住該棟女同學選修並於開學第一週周五前至學二宿舍辦公室報到。,https://course.nuk.edu.tw/QueryCourse/tcontent.asp?OpenYear=107&Helf=2&Sclass=GR&Cono=F34D,2026-08-26T18:18:27+00:00
107-2-GR-F34F-A-1-A,107,2,共同與通識課程,GR,共同必修系列,F34F,A,大學部,1,A,服務學習培養(學生第二宿舍男棟 B),0,必,25,13,,12,賴祥慶,,X,,,,,,,"[{""day"": 1, ""dayName"": ""星期一"", ""periods"": [""X""], ""raw"": ""X""}]",,限住該棟男同學選修並於開學第一週周五前至學二宿舍辦公室報到。,https://course.nuk.edu.tw/QueryCourse/tcontent.asp?OpenYear=107&Helf=2&Sclass=GR&Cono=F34F,2026-08-26T18:18:27+00:00
107-2-GR-F36B-A-1-A,107,2,共同與通識課程,GR,共同必修系列,F36B,A,大學部,1,A,服務學習培養(人工智慧研究中心 B),0,必,5,4,,1,賴祥慶,,X,,,,,,,"[{""day"": 1, ""dayName"": ""星期一"", ""periods"": [""X""], ""raw"": ""X""}]",,請於開學一週內上班時間0900~1630時至該服務單位報到即可‧,https://course.nuk.edu.tw/QueryCourse/tcontent.asp?OpenYear=107&Helf=2&Sclass=GR&Cono=F36B,2026-08-26T18:18:27+00:00
107-2-GR-F402-A-1-A,107,2,共同與通識課程,GR,共同必修系列,F402,A,大學部,1,A,服務學習培養(應化系科普服務活動-服務B),0,必,15,9,,6,鄭秀英,,X,,,,,,,"[{""day"": 1, ""dayName"": ""星期一"", ""periods"": [""X""], ""raw"": ""X""}]",,1.本課程為應用化學系服務課程，請有意願修本課同學一定要配合應化系服務時間，同學若無意願且無法配合時間者，請勿（不要）修本課程。2.服務時間請聯絡應化系鄭秀英老師，請在上班時間撥打07-5919459。3.課程時間要上滿18小時，並且於期未時填期中、期未反思表，未做滿18小時及未填反思表者不計分。,https://course.nuk.edu.tw/QueryCourse/tcontent.asp?OpenYear=107&Helf=2&Sclass=GR&Cono=F402,2026-08-26T18:18:27+00:00
107-2-GR-F408-A-1-A,107,2,共同與通識課程,GR,共同必修系列,F408,A,大學部,1,A,服務學習培養(寵物研究社-服務B),0,必,19,19,,0,何永皓,,X,,,,,,,"[{""day"": 1, ""dayName"": ""星期一"", ""periods"": [""X""], ""raw"": ""X""}]",外加,1.本課程為校內社團課程及校外服務，請有意願修本課同學一定要配合社團社課時間，同學若無意願且無法配合時間者，請勿（不要）修本課程。2.社課時間請聯絡社長林巧菱、蔡宜蓁同學，請在17點至20點間撥打0911-769073，0972-957509。3.課程時間要上滿18小時，並且於期未時填期中、期未反思表，未做滿18小時及未填反思表者不計分。,https://course.nuk.edu.tw/QueryCourse/tcontent.asp?OpenYear=107&Helf=2&Sclass=GR&Cono=F408,2026-08-26T18:18:27+00:00
107-2-GR-F40D-A-1-A,107,2,共同與通識課程,GR,共同必修系列,F40D,A,大學部,1,A,服務學習培養(希望種籽社-服務B),0,必,13,13,,0,何永皓,,X,,,,,,,"[{""day"": 1, ""dayName"": ""星期一"", ""periods"": [""X""], ""raw"": ""X""}]",外加,1.本課程為校內社團課程及校外服務，請有意願修本課同學一定要配合社團社課時間，同學若無意願且無法配合時間者，請勿（不要）修本課程。2.社課時間請聯絡社長鍾鎬宇同學，請在17點至20點間撥打0979-288205。3.課程時間要上滿18小時，並且於期未時填期中、期未反思表，未做滿18小時及未填反思表者不計分。,https://course.nuk.edu.tw/QueryCourse/tcontent.asp?OpenYear=107&Helf=2&Sclass=GR&Cono=F40D,2026-08-26T18:18:27+00:00
107-2-GR-F40F-A-1-A,107,2,共同與通識課程,GR,共同必修系列,F40F,A,大學部,1,A,服務學習培養(志願服務團-服務B),0,必,12,7,,5,何永皓,,X,,,,,,,"[{""day"": 1, ""dayName"": ""星期一"", ""periods"": [""X""], ""raw"": ""X""}]",外加,1.本課程為校內社團課程及校外服務，請有意願修本課同學一定要配合社團社課時間，同學若無意願且無法配合時間者，請勿（不要）修本課程。2.社課時間請聯絡社長劉品言同學，請在17點至20點間撥打0972-214882。3.課程時間要上滿18小時，並且於期未時填期中、期未反思表，未做滿18小時及未填反思表者不計分。,https://course.nuk.edu.tw/QueryCourse/tcontent.asp?OpenYear=107&Helf=2&Sclass=GR&Cono=F40F,2026-08-26T18:18:27+00:00
107-2-GR-F40L-A-1-A,107,2,共同與通識課程,GR,共同必修系列,F40L,A,大學部,1,A,服務學習培養(土環系學會-服務B),0,必,10,2,,8,何永皓,,X,,,,,,,"[{""day"": 1, ""dayName"": ""星期一"", ""periods"": [""X""], ""raw"": ""X""}]",,1.本課程為校內社團課程及校外服務，請有意願修本課同學一定要配合社團社課時間，同學若無意願且無法配合時間者，請勿（不要）修本課程。2.社課時間請聯絡社長盧冠廷同學，請在17點至20點間撥打0928-762377。3.課程時間要上滿18小時，並且於期未時填期中、期未反思表，未做滿18小時及未填反思表者不計分。,https://course.nuk.edu.tw/QueryCourse/tcontent.asp?OpenYear=107&Helf=2&Sclass=GR&Cono=F40L,2026-08-26T18:18:27+00:00
107-2-GR-F40P-A-1-A,107,2,共同與通識課程,GR,共同必修系列,F40P,A,大學部,1,A,服務學習培養(合氣道社-服務B),0,必,10,10,,0,何永皓,,X,,,,,,,"[{""day"": 1, ""dayName"": ""星期一"", ""periods"": [""X""], ""raw"": ""X""}]",,1.本課程為校內社團課程及校外服務，請有意願修本課同學一定要配合社團社課時間，同學若無意願且無法配合時間者，請勿（不要）修本課程。2.社課時間請聯絡社長林耿仲同學，請在17點至20點間撥打0937-871211。3.課程時間要上滿18小時，並且於期未時填期中、期未反思表，未做滿18小時及未填反思表者不計分。,https://course.nuk.edu.tw/QueryCourse/tcontent.asp?OpenYear=107&Helf=2&Sclass=GR&Cono=F40P,2026-08-26T18:18:27+00:00
107-2-GR-F40V-A-1-A,107,2,共同與通識課程,GR,共同必修系列,F40V,A,大學部,1,A,服務學習培養(春暉社-服務B),0,必,10,1,,9,何永皓,,X,,,,,,,"[{""day"": 1, ""dayName"": ""星期一"", ""periods"": [""X""], ""raw"": ""X""}]",,1.本課程為校內社團課程及校外服務，請有意願修本課同學一定要配合社團社課時間，同學若無意願且無法配合時間者，請勿（不要）修本課程。2.社課時間請聯絡顏文進教官，請在早上8點至17點間撥打07-5919054。3.課程時間要上滿18小時，並且於期未時填期中、期未反思表，未做滿18小時及未填反思表者不計分。,https://course.nuk.edu.tw/QueryCourse/tcontent.asp?OpenYear=107&Helf=2&Sclass=GR&Cono=F40V,2026-08-26T18:18:27+00:00
107-2-GR-F40X-A-1-A,107,2,共同與通識課程,GR,共同必修系列,F40X,A,大學部,1,A,服務學習培養(書法社-服務B),0,必,10,4,,6,何永皓,,X,,,,,,,"[{""day"": 1, ""dayName"": ""星期一"", ""periods"": [""X""], ""raw"": ""X""}]",,1.本課程為校內社團課程及校外服務，請有意願修本課同學一定要配合社團社課時間，同學若無意願且無法配合時間者，請勿（不要）修本課程。2.社課時間請聯絡社長陳俊佑同學，請在17點至20點間撥打0979-003201。3.課程時間要上滿18小時，並且於期未時填期中、期未反思表，未做滿18小時及未填反思表者不計分。,https://course.nuk.edu.tw/QueryCourse/tcontent.asp?OpenYear=107&Helf=2&Sclass=GR&Cono=F40X,2026-08-26T18:18:27+00:00
107-2-GR-F41B-A-1-A,107,2,共同與通識課程,GR,共同必修系列,F41B,A,大學部,1,A,服務學習培養(愛鄰社-服務B),0,必,10,3,,7,何永皓,,X,,,,,,,"[{""day"": 1, ""dayName"": ""星期一"", ""periods"": [""X""], ""raw"": ""X""}]",,1.本課程為校內社團課程及校外服務，請有意願修本課同學一定要配合社團社課時間，同學若無意願且無法配合時間者，請勿（不要）修本課程。2.社課時間請聯絡社長陳映潔同學，請在17點至20點間撥打0988-552525。3.課程時間要上滿18小時，並且於期未時填期中、期未反思表，未做滿18小時及未填反思表者不計分。,https://course.nuk.edu.tw/QueryCourse/tcontent.asp?OpenYear=107&Helf=2&Sclass=GR&Cono=F41B,2026-08-26T18:18:27+00:00
107-2-GR-S11B-A-1-A,107,2,共同與通識課程,GR,共同必修系列,S11B,A,大學部,1,A,體育(二)-西語系,0,必,59,38,,21,許維哲,,,,,,"3,4",,,"[{""day"": 5, ""dayName"": ""星期五"", ""periods"": [""3"", ""4""], ""raw"": ""3,4""}]",禁止外加 限修及外加,籃球場 / 大三、四重補修請於第三階段至通識中心加選。,https://course.nuk.edu.tw/QueryCourse/tcontent.asp?OpenYear=107&Helf=2&Sclass=GR&Cono=S11B,2026-08-26T18:18:27+00:00
107-2-GR-S12B-A-1-A,107,2,共同與通識課程,GR,共同必修系列,S12B,A,大學部,1,A,體育(二)-運健休系,0,必,54,54,,0,王士仁,,,"1,2",,,,,,"[{""day"": 2, ""dayName"": ""星期二"", ""periods"": [""1"", ""2""], ""raw"": ""1,2""}]",禁止外加 限修及外加,桌球場 / 大三、四重補修請於第三階段至通識中心加選。,https://course.nuk.edu.tw/QueryCourse/tcontent.asp?OpenYear=107&Helf=2&Sclass=GR&Cono=S12B,2026-08-26T18:18:27+00:00
107-2-GR-S17B-A-1-A,107,2,共同與通識課程,GR,共同必修系列,S17B,A,大學部,1,A,體育(二)-東語系,0,必,57,54,,3,黃蔚,,,"1,2",,,,,,"[{""day"": 2, ""dayName"": ""星期二"", ""periods"": [""1"", ""2""], ""raw"": ""1,2""}]",禁止外加 限修及外加,排球場 / 大三、四重補修請於第三階段至通識中心加選。,https://course.nuk.edu.tw/QueryCourse/tcontent.asp?OpenYear=107&Helf=2&Sclass=GR&Cono=S17B,2026-08-26T18:18:27+00:00
107-2-GR-S18B-A-1-A,107,2,共同與通識課程,GR,共同必修系列,S18B,A,大學部,1,A,體育(二)-運技系,0,必,55,47,,8,葉天相,,,,"3,4",,,,,"[{""day"": 3, ""dayName"": ""星期三"", ""periods"": [""3"", ""4""], ""raw"": ""3,4""}]",禁止外加 限修,羽球場 / 大三、四重補修請於第三階段至通識中心加選。,https://course.nuk.edu.tw/QueryCourse/tcontent.asp?OpenYear=107&Helf=2&Sclass=GR&Cono=S18B,2026-08-26T18:18:27+00:00
107-2-GR-S21B-A-1-A,107,2,共同與通識課程,GR,共同必修系列,S21B,A,大學部,1,A,體育(二)-法律系,0,必,58,51,,7,林文俊,,,,,"1,2",,,,"[{""day"": 4, ""dayName"": ""星期四"", ""periods"": [""1"", ""2""], ""raw"": ""1,2""}]",禁止外加 限修及外加,桌球場 / 大三、四重補修請於第三階段至通識中心加選。,https://course.nuk.edu.tw/QueryCourse/tcontent.asp?OpenYear=107&Helf=2&Sclass=GR&Cono=S21B,2026-08-26T18:18:27+00:00
107-2-GR-S22B-A-1-A,107,2,共同與通識課程,GR,共同必修系列,S22B,A,大學部,1,A,體育(二)-政法系,0,必,56,48,,8,黃蔚,,,,,"6,7",,,,"[{""day"": 4, ""dayName"": ""星期四"", ""periods"": [""6"", ""7""], ""raw"": ""6,7""}]",禁止外加 外加,網球場 / 大三、四重補修請於第三階段至通識中心加選。,https://course.nuk.edu.tw/QueryCourse/tcontent.asp?OpenYear=107&Helf=2&Sclass=GR&Cono=S22B,2026-08-26T18:18:27+00:00
107-2-GR-S23B-A-1-A,107,2,共同與通識課程,GR,共同必修系列,S23B,A,大學部,1,A,體育(二)-財法系,0,必,55,40,,15,施長和,,,,,"1,2",,,,"[{""day"": 4, ""dayName"": ""星期四"", ""periods"": [""1"", ""2""], ""raw"": ""1,2""}]",禁止外加 限修,排球場 / 大三、四重補修請於第三階段至通識中心加選。,https://course.nuk.edu.tw/QueryCourse/tcontent.asp?OpenYear=107&Helf=2&Sclass=GR&Cono=S23B,2026-08-26T18:18:27+00:00
107-2-GR-S31B-A-1-A,107,2,共同與通識課程,GR,共同必修系列,S31B,A,大學部,1,A,體育(二)-應經系,0,必,55,45,,10,王士仁,,,,"3,4",,,,,"[{""day"": 3, ""dayName"": ""星期三"", ""periods"": [""3"", ""4""], ""raw"": ""3,4""}]",禁止外加 限修,桌球場 / 大三、四重補修請於第三階段至通識中心加選。,https://course.nuk.edu.tw/QueryCourse/tcontent.asp?OpenYear=107&Helf=2&Sclass=GR&Cono=S31B,2026-08-26T18:18:27+00:00
107-2-GR-S32B-A-1-A,107,2,共同與通識課程,GR,共同必修系列,S32B,A,大學部,1,A,體育(二)-金管系,0,必,56,49,,7,王士仁,,"3,4",,,,,,,"[{""day"": 1, ""dayName"": ""星期一"", ""periods"": [""3"", ""4""], ""raw"": ""3,4""}]",禁止外加 限修及外加,桌球場 / 大三、四重補修請於第三階段至通識中心加選。,https://course.nuk.edu.tw/QueryCourse/tcontent.asp?OpenYear=107&Helf=2&Sclass=GR&Cono=S32B,2026-08-26T18:18:27+00:00
107-2-GR-S33B-A-1-A,107,2,共同與通識課程,GR,共同必修系列,S33B,A,大學部,1,A,體育(二)-資管系,0,必,55,41,,14,高群超,,,"3,4",,,,,,"[{""day"": 2, ""dayName"": ""星期二"", ""periods"": [""3"", ""4""], ""raw"": ""3,4""}]",禁止外加 限修,木球場 / 大三、四重補修請於第三階段至通識中心加選。,https://course.nuk.edu.tw/QueryCourse/tcontent.asp?OpenYear=107&Helf=2&Sclass=GR&Cono=S33B,2026-08-26T18:18:27+00:00
107-2-GR-S41B-A-1-A,107,2,共同與通識課程,GR,共同必修系列,S41B,A,大學部,1,A,體育(二)-應數系,0,必,58,56,,2,蔡明書,,,,,,"7,8",,,"[{""day"": 5, ""dayName"": ""星期五"", ""periods"": [""7"", ""8""], ""raw"": ""7,8""}]",禁止外加 限修及外加,網球場 / 大三、四重補修請於第三階段至通識中心加選。,https://course.nuk.edu.tw/QueryCourse/tcontent.asp?OpenYear=107&Helf=2&Sclass=GR&Cono=S41B,2026-08-26T18:18:27+00:00
107-2-GR-S42B-A-1-A,107,2,共同與通識課程,GR,共同必修系列,S42B,A,大學部,1,A,體育(二)-應化系,0,必,56,39,,17,葉天相,,,,,,"3,4",,,"[{""day"": 5, ""dayName"": ""星期五"", ""periods"": [""3"", ""4""], ""raw"": ""3,4""}]",禁止外加 限修及外加,桌球場 / 大三、四重補修請於第三階段至通識中心加選。,https://course.nuk.edu.tw/QueryCourse/tcontent.asp?OpenYear=107&Helf=2&Sclass=GR&Cono=S42B,2026-08-26T18:18:27+00:00
107-2-GR-S43B-A-1-A,107,2,共同與通識課程,GR,共同必修系列,S43B,A,大學部,1,A,體育(二)-應物系,0,必,57,49,,8,施長和,,,,,"6,7",,,,"[{""day"": 4, ""dayName"": ""星期四"", ""periods"": [""6"", ""7""], ""raw"": ""6,7""}]",禁止外加 限修及外加,排球場 / 大三、四重補修請於第三階段至通識中心加選。,https://course.nuk.edu.tw/QueryCourse/tcontent.asp?OpenYear=107&Helf=2&Sclass=GR&Cono=S43B,2026-08-26T18:18:27+00:00
107-2-GR-S51B-A-1-A,107,2,共同與通識課程,GR,共同必修系列,S51B,A,大學部,1,A,體育(二)-電機A,0,必,61,50,,11,蔡義川,,,,,,"7,8",,,"[{""day"": 5, ""dayName"": ""星期五"", ""periods"": [""7"", ""8""], ""raw"": ""7,8""}]",禁止外加 限修及外加,排球場 / 大三、四重補修請於第三階段至通識中心加選。,https://course.nuk.edu.tw/QueryCourse/tcontent.asp?OpenYear=107&Helf=2&Sclass=GR&Cono=S51B,2026-08-26T18:18:27+00:00
107-2-GR-S51D-A-1-B,107,2,共同與通識課程,GR,共同必修系列,S51D,A,大學部,1,B,體育(二)-電機B,0,必,55,51,,4,高群超,,,,"3,4",,,,,"[{""day"": 3, ""dayName"": ""星期三"", ""periods"": [""3"", ""4""], ""raw"": ""3,4""}]",禁止外加 限修,木球場 / 大三、四重補修請於第三階段至通識中心加選。,https://course.nuk.edu.tw/QueryCourse/tcontent.asp?OpenYear=107&Helf=2&Sclass=GR&Cono=S51D,2026-08-26T18:18:27+00:00
107-2-GR-S52B-A-1-A,107,2,共同與通識課程,GR,共同必修系列,S52B,A,大學部,1,A,體育(二)-土環系A,0,必,60,55,,5,黃郁玲,,,,,,"3,4",,,"[{""day"": 5, ""dayName"": ""星期五"", ""periods"": [""3"", ""4""], ""raw"": ""3,4""}]",禁止外加 限修及外加,羽球場 / 大三、四重補修請於第三階段至通識中心加選。,https://course.nuk.edu.tw/QueryCourse/tcontent.asp?OpenYear=107&Helf=2&Sclass=GR&Cono=S52B,2026-08-26T18:18:27+00:00
107-2-GR-S52D-A-1-B,107,2,共同與通識課程,GR,共同必修系列,S52D,A,大學部,1,B,體育(二)-土環系B,0,必,55,21,,34,高群超,,,,,"3,4",,,,"[{""day"": 4, ""dayName"": ""星期四"", ""periods"": [""3"", ""4""], ""raw"": ""3,4""}]",禁止外加 限修,原民班/木球場/大三、四重補修請於第三階段至通識中心加選。,https://course.nuk.edu.tw/QueryCourse/tcontent.asp?OpenYear=107&Helf=2&Sclass=GR&Cono=S52D,2026-08-26T18:18:27+00:00
107-2-GR-S55B-A-1-A,107,2,共同與通識課程,GR,共同必修系列,S55B,A,大學部,1,A,體育(二)-資工系,0,必,55,43,,12,宋洪經,,,,,,"3,4",,,"[{""day"": 5, ""dayName"": ""星期五"", ""periods"": [""3"", ""4""], ""raw"": ""3,4""}]",禁止外加 限修,木球場 / 大三、四重補修請於第三階段至通識中心加選。,https://course.nuk.edu.tw/QueryCourse/tcontent.asp?OpenYear=107&Helf=2&Sclass=GR&Cono=S55B,2026-08-26T18:18:27+00:00
107-2-GR-S56B-A-1-A,107,2,共同與通識課程,GR,共同必修系列,S56B,A,大學部,1,A,體育(二)-化材系,0,必,58,45,,13,薛福財,,,,,,"7,8",,,"[{""day"": 5, ""dayName"": ""星期五"", ""periods"": [""7"", ""8""], ""raw"": ""7,8""}]",禁止外加 限修及外加,籃球場 / 大三、四重補修請於第三階段至通識中心加選。,https://course.nuk.edu.tw/QueryCourse/tcontent.asp?OpenYear=107&Helf=2&Sclass=GR&Cono=S56B,2026-08-26T18:18:27+00:00
107-2-GR-S61B-A-1-A,107,2,共同與通識課程,GR,共同必修系列,S61B,A,大學部,1,A,體育(二)-生科系,0,必,55,44,,11,林文俊,,,,"3,4",,,,,"[{""day"": 3, ""dayName"": ""星期三"", ""periods"": [""3"", ""4""], ""raw"": ""3,4""}]",禁止外加 限修,壘球場 / 大三、四重補修請於第三階段至通識中心加選。,https://course.nuk.edu.tw/QueryCourse/tcontent.asp?OpenYear=107&Helf=2&Sclass=GR&Cono=S61B,2026-08-26T18:18:27+00:00
107-2-GR-S71B-A-1-A,107,2,共同與通識課程,GR,共同必修系列,S71B,A,大學部,1,A,體育(二)-亞太系,0,必,60,59,,1,耿仕榮,,,,,"6,7",,,,"[{""day"": 4, ""dayName"": ""星期四"", ""periods"": [""6"", ""7""], ""raw"": ""6,7""}]",禁止外加 限修及外加,籃球場 / 大三、四重補修請於第三階段至通識中心加選。,https://course.nuk.edu.tw/QueryCourse/tcontent.asp?OpenYear=107&Helf=2&Sclass=GR&Cono=S71B,2026-08-26T18:18:27+00:00
107-2-GR-SB02-A-2-A,107,2,共同與通識課程,GR,共同必修系列,SB02,A,大學部,2,A,體育(四)-網球B,0,必,48,48,,0,蔡明書,,,,,,"5,6",,,"[{""day"": 5, ""dayName"": ""星期五"", ""periods"": [""5"", ""6""], ""raw"": ""5,6""}]",禁止外加 限修及外加,限應數二、電機A二、電機B二、西語二選修。大三、四重補修請於第三階段至通識中心加選。上下學期選項重覆選修不算學分。,https://course.nuk.edu.tw/QueryCourse/tcontent.asp?OpenYear=107&Helf=2&Sclass=GR&Cono=SB02,2026-08-26T18:18:27+00:00
107-2-GR-SB11-A-2-A,107,2,共同與通識課程,GR,共同必修系列,SB11,A,大學部,2,A,體育(四)-桌球A,0,必,58,31,,27,馮潤賓,,,,"1,2",,,,,"[{""day"": 3, ""dayName"": ""星期三"", ""periods"": [""1"", ""2""], ""raw"": ""1,2""}]",禁止外加 限修及外加,限創建二、運健休二、東語二、財法二、政法二選修。大三、四重補修請於第三階段至通識中心加選。上下學期選項重覆選修不算學分。,https://course.nuk.edu.tw/QueryCourse/tcontent.asp?OpenYear=107&Helf=2&Sclass=GR&Cono=SB11,2026-08-26T18:18:27+00:00
107-2-GR-SB12-A-2-A,107,2,共同與通識課程,GR,共同必修系列,SB12,A,大學部,2,A,體育(四)-桌球B,0,必,53,52,,1,蔡春福,,,,,,"1,2",,,"[{""day"": 5, ""dayName"": ""星期五"", ""periods"": [""1"", ""2""], ""raw"": ""1,2""}]",禁止外加 限修及外加,限應化二、資管二、運技二、土環二、資工二選修。大三、四重補修請於第三階段至通識中心加選。上下學期選項重覆選修不算學分。,https://course.nuk.edu.tw/QueryCourse/tcontent.asp?OpenYear=107&Helf=2&Sclass=GR&Cono=SB12,2026-08-26T18:18:27+00:00
107-2-GR-SB21-A-2-A,107,2,共同與通識課程,GR,共同必修系列,SB21,A,大學部,2,A,體育(四)-木球A,0,必,53,45,,8,王士仁,,"1,2",,,,,,,"[{""day"": 1, ""dayName"": ""星期一"", ""periods"": [""1"", ""2""], ""raw"": ""1,2""}]",禁止外加 限修及外加,應經二、生科二、法律二、金管二選修。大三、四重補修請於第三階段至通識中心加選。上下學期選項重覆選修不算學分。,https://course.nuk.edu.tw/QueryCourse/tcontent.asp?OpenYear=107&Helf=2&Sclass=GR&Cono=SB21,2026-08-26T18:18:27+00:00
107-2-GR-SB22-A-2-A,107,2,共同與通識課程,GR,共同必修系列,SB22,A,大學部,2,A,體育(四)-木球B,0,必,55,31,,24,宋洪經,,,,,,"1,2",,,"[{""day"": 5, ""dayName"": ""星期五"", ""periods"": [""1"", ""2""], ""raw"": ""1,2""}]",禁止外加 限修及外加,限應化二、資管二、運技二、土環二、資工二選修。大三、四重補修請於第三階段至通識中心加選。上下學期選項重覆選修不算學分。,https://course.nuk.edu.tw/QueryCourse/tcontent.asp?OpenYear=107&Helf=2&Sclass=GR&Cono=SB22,2026-08-26T18:18:27+00:00
107-2-GR-SB23-A-2-A,107,2,共同與通識課程,GR,共同必修系列,SB23,A,大學部,2,A,體育(四)-木球C,0,必,60,60,,0,王士仁,,,,"1,2",,,,,"[{""day"": 3, ""dayName"": ""星期三"", ""periods"": [""1"", ""2""], ""raw"": ""1,2""}]",禁止外加 限修及外加,限創建二、運健休二、東語二、財法二、政法二選修。大三、四重補修請於第三階段至通識中心加選。上下學期選項重覆選修不算學分。,https://course.nuk.edu.tw/QueryCourse/tcontent.asp?OpenYear=107&Helf=2&Sclass=GR&Cono=SB23,2026-08-26T18:18:27+00:00
107-2-GR-SB31-A-2-A,107,2,共同與通識課程,GR,共同必修系列,SB31,A,大學部,2,A,體育(四)-羽球A,0,必,55,55,,0,黃郁玲,,"1,2",,,,,,,"[{""day"": 1, ""dayName"": ""星期一"", ""periods"": [""1"", ""2""], ""raw"": ""1,2""}]",禁止外加 限修,應經二、生科二、法律二、金管二選修。大三、四重補修請於第三階段至通識中心加選。上下學期選項重覆選修不算學分。,https://course.nuk.edu.tw/QueryCourse/tcontent.asp?OpenYear=107&Helf=2&Sclass=GR&Cono=SB31,2026-08-26T18:18:27+00:00
107-2-GR-SB32-A-2-A,107,2,共同與通識課程,GR,共同必修系列,SB32,A,大學部,2,A,體育(四)-羽球B,0,必,60,58,,2,葉天相,,,,"1,2",,,,,"[{""day"": 3, ""dayName"": ""星期三"", ""periods"": [""1"", ""2""], ""raw"": ""1,2""}]",禁止外加 限修及外加,限創建二、運健休二、東語二、財法二、政法二選修。大三、四重補修請於第三階段至通識中心加選。上下學期選項重覆選修不算學分。,https://course.nuk.edu.tw/QueryCourse/tcontent.asp?OpenYear=107&Helf=2&Sclass=GR&Cono=SB32,2026-08-26T18:18:27+00:00
107-2-GR-SB33-A-2-A,107,2,共同與通識課程,GR,共同必修系列,SB33,A,大學部,2,A,體育(四)-羽球C,0,必,58,58,,0,葉天相,,,,,,"1,2",,,"[{""day"": 5, ""dayName"": ""星期五"", ""periods"": [""1"", ""2""], ""raw"": ""1,2""}]",禁止外加 限修及外加,限應化二、資管二、運技二、土環二、資工二選修。大三、四重補修請於第三階段至通識中心加選。上下學期選項重覆選修不算學分。,https://course.nuk.edu.tw/QueryCourse/tcontent.asp?OpenYear=107&Helf=2&Sclass=GR&Cono=SB33,2026-08-26T18:18:27+00:00
107-2-GR-SB41-A-2-A,107,2,共同與通識課程,GR,共同必修系列,SB41,A,大學部,2,A,體育(四)-壘球A,0,必,55,20,,35,李坤哲,,"1,2",,,,,,,"[{""day"": 1, ""dayName"": ""星期一"", ""periods"": [""1"", ""2""], ""raw"": ""1,2""}]",禁止外加 限修及外加,限應經二、生科二、法律二、金管二選修。大三、四重補修請於第三階段至通識中心加選。上下學期選項重覆選修不算學分。,https://course.nuk.edu.tw/QueryCourse/tcontent.asp?OpenYear=107&Helf=2&Sclass=GR&Cono=SB41,2026-08-26T18:18:27+00:00
107-2-GR-SB42-A-2-A,107,2,共同與通識課程,GR,共同必修系列,SB42,A,大學部,2,A,體育(四)-壘球B,0,必,54,46,,8,林文俊,,,,"1,2",,,,,"[{""day"": 3, ""dayName"": ""星期三"", ""periods"": [""1"", ""2""], ""raw"": ""1,2""}]",禁止外加 限修及外加,限創建二、運健休二、東語二、財法二、政法二選修。大三、四重補修請於第三階段至通識中心加選。上下學期選項重覆選修不算學分。,https://course.nuk.edu.tw/QueryCourse/tcontent.asp?OpenYear=107&Helf=2&Sclass=GR&Cono=SB42,2026-08-26T18:18:27+00:00
107-2-GR-SB51-A-2-A,107,2,共同與通識課程,GR,共同必修系列,SB51,A,大學部,2,A,體育(四)-籃球A,0,必,59,59,,0,蔡義川,,,,"1,2",,,,,"[{""day"": 3, ""dayName"": ""星期三"", ""periods"": [""1"", ""2""], ""raw"": ""1,2""}]",禁止外加 限修及外加,限創建二、運健休二、東語二、財法二、政法二選修。大三、四重補修請於第三階段至通識中心加選。上下學期選項重覆選修不算學分。,https://course.nuk.edu.tw/QueryCourse/tcontent.asp?OpenYear=107&Helf=2&Sclass=GR&Cono=SB51,2026-08-26T18:18:27+00:00
107-2-GR-SB52-A-2-A,107,2,共同與通識課程,GR,共同必修系列,SB52,A,大學部,2,A,體育(四)-籃球B,0,必,51,44,,7,施長和,,,,,"8,9",,,,"[{""day"": 4, ""dayName"": ""星期四"", ""periods"": [""8"", ""9""], ""raw"": ""8,9""}]",禁止外加 限修及外加,限應物二、化材二、亞太二選修。大三、四重補修請於第三階段至通識中心加選。上下學期選項重覆選修不算學分。,https://course.nuk.edu.tw/QueryCourse/tcontent.asp?OpenYear=107&Helf=2&Sclass=GR&Cono=SB52,2026-08-26T18:18:27+00:00
107-2-GR-SB53-A-2-A,107,2,共同與通識課程,GR,共同必修系列,SB53,A,大學部,2,A,體育(四)-籃球C,0,必,57,33,,24,黃郁玲,,,,,,"1,2",,,"[{""day"": 5, ""dayName"": ""星期五"", ""periods"": [""1"", ""2""], ""raw"": ""1,2""}]",禁止外加 限修及外加,限應化二、資管二、運技二、土環二、資工二選修。大三、四重補修請於第三階段至通識中心加選。上下學期選項重覆選修不算學分。,https://course.nuk.edu.tw/QueryCourse/tcontent.asp?OpenYear=107&Helf=2&Sclass=GR&Cono=SB53,2026-08-26T18:18:27+00:00
107-2-GR-SB54-A-2-A,107,2,共同與通識課程,GR,共同必修系列,SB54,A,大學部,2,A,體育(四)-籃球D,0,必,55,55,,0,蔡義川,,,,,,"5,6",,,"[{""day"": 5, ""dayName"": ""星期五"", ""periods"": [""5"", ""6""], ""raw"": ""5,6""}]",禁止外加 限修及外加,限應數二、電機A二、電機B二、西語二選修。大三、四重補修請於第三階段至通識中心加選。上下學期選項重覆選修不算學分。,https://course.nuk.edu.tw/QueryCourse/tcontent.asp?OpenYear=107&Helf=2&Sclass=GR&Cono=SB54,2026-08-26T18:18:27+00:00
107-2-GR-SB61-A-2-A,107,2,共同與通識課程,GR,共同必修系列,SB61,A,大學部,2,A,體育(四)-排球A,0,必,57,54,,3,許維哲,,,,,,"1,2",,,"[{""day"": 5, ""dayName"": ""星期五"", ""periods"": [""1"", ""2""], ""raw"": ""1,2""}]",禁止外加 限修及外加,限應化二、資管二、運技二、土環二、資工二選修。大三、四重補修請於第三階段至通識中心加選。上下學期選項重覆選修不算學分。,https://course.nuk.edu.tw/QueryCourse/tcontent.asp?OpenYear=107&Helf=2&Sclass=GR&Cono=SB61,2026-08-26T18:18:27+00:00
107-2-GR-SB62-A-2-A,107,2,共同與通識課程,GR,共同必修系列,SB62,A,大學部,2,A,體育(四)-排球B,0,必,55,34,,21,薛福財,,,,,,"5,6",,,"[{""day"": 5, ""dayName"": ""星期五"", ""periods"": [""5"", ""6""], ""raw"": ""5,6""}]",禁止外加 限修及外加,限應數二、電機A二、電機B二、西語二選修。大三、四重補修請於第三階段至通識中心加選。上下學期選項重覆選修不算學分。,https://course.nuk.edu.tw/QueryCourse/tcontent.asp?OpenYear=107&Helf=2&Sclass=GR&Cono=SB62,2026-08-26T18:18:27+00:00
107-2-GR-SB81-A-2-A,107,2,共同與通識課程,GR,共同必修系列,SB81,A,大學部,2,A,體育(四)-有氧舞蹈A,0,必,51,51,,0,黃蔚,,,,,"8,9",,,,"[{""day"": 4, ""dayName"": ""星期四"", ""periods"": [""8"", ""9""], ""raw"": ""8,9""}]",禁止外加 限修及外加,限應物二、化材二、亞太二選修。大三、四重補修請於第三階段至通識中心加選。上下學期選項重覆選修不算學分。,https://course.nuk.edu.tw/QueryCourse/tcontent.asp?OpenYear=107&Helf=2&Sclass=GR&Cono=SB81,2026-08-26T18:18:27+00:00
107-2-GR-SB91-A-2-A,107,2,共同與通識課程,GR,共同必修系列,SB91,A,大學部,2,A,體育(四)-足球A,0,必,54,55,,0,耿仕榮,,,,,"8,9",,,,"[{""day"": 4, ""dayName"": ""星期四"", ""periods"": [""8"", ""9""], ""raw"": ""8,9""}]",禁止外加 限修及外加,限應物二、化材二、亞太二選修。大三、四重補修請於第三階段至通識中心加選。上下學期選項重覆選修不算學分。,https://course.nuk.edu.tw/QueryCourse/tcontent.asp?OpenYear=107&Helf=2&Sclass=GR&Cono=SB91,2026-08-26T18:18:27+00:00
107-2-GR-SC13-A-2-A,107,2,共同與通識課程,GR,共同必修系列,SC13,A,大學部,2,A,體育(四)-飛盤A,0,必,56,53,,3,蔡文星,,"1,2",,,,,,,"[{""day"": 1, ""dayName"": ""星期一"", ""periods"": [""1"", ""2""], ""raw"": ""1,2""}]",禁止外加 限修及外加,田徑場/應經二、生科二、法律二、金管二選修。大三、四重補修請於第三階段至通識中心加選。上下學期選項重覆選修不算學分。,https://course.nuk.edu.tw/QueryCourse/tcontent.asp?OpenYear=107&Helf=2&Sclass=GR&Cono=SC13,2026-08-26T18:18:27+00:00
107-2-GR-SC14-A-2-A,107,2,共同與通識課程,GR,共同必修系列,SC14,A,大學部,2,A,體育(四)-飛盤B,0,必,52,44,,8,蔡春福,,,,,,"5,6",,,"[{""day"": 5, ""dayName"": ""星期五"", ""periods"": [""5"", ""6""], ""raw"": ""5,6""}]",禁止外加 限修及外加,田徑場/限應數二、電機A二、電機B二、西語二選修。大三、四重補修請於第三階段至通識中心加選。上下學期選項重覆選修不算學分。,https://course.nuk.edu.tw/QueryCourse/tcontent.asp?OpenYear=107&Helf=2&Sclass=GR&Cono=SC14,2026-08-26T18:18:27+00:00
107-2-GR-ME02-A-4-A,107,2,共同與通識課程,GR,共同必修系列,ME02,A,大學部,4,A,進階英文,0,選,40,38,,2,曾雅惠,B01-108,,"3,4",,,,,,"[{""day"": 2, ""dayName"": ""星期二"", ""periods"": [""3"", ""4""], ""raw"": ""3,4""}]",先修 禁止外加 限修,英文能力畢業資格檢定2次未通過方得選課 每人限修一門,https://course.nuk.edu.tw/QueryCourse/tcontent.asp?OpenYear=107&Helf=2&Sclass=GR&Cono=ME02,2026-08-26T18:18:27+00:00
107-2-GR-ME04-A-4-A,107,2,共同與通識課程,GR,共同必修系列,ME04,A,大學部,4,A,進階英文,0,選,40,36,,4,吳苡菱,B01-107,"3,4",,,,,,,"[{""day"": 1, ""dayName"": ""星期一"", ""periods"": [""3"", ""4""], ""raw"": ""3,4""}]",先修 禁止外加 限修,英文能力畢業資格檢定2次未通過方得選課 每人限修一門,https://course.nuk.edu.tw/QueryCourse/tcontent.asp?OpenYear=107&Helf=2&Sclass=GR&Cono=ME04,2026-08-26T18:18:27+00:00
107-2-GR-ME05-A-4-A,107,2,共同與通識課程,GR,共同必修系列,ME05,A,大學部,4,A,進階英文,0,選,40,25,,15,吳苡菱,B01-107,"5,6",,,,,,,"[{""day"": 1, ""dayName"": ""星期一"", ""periods"": [""5"", ""6""], ""raw"": ""5,6""}]",先修 禁止外加 限修,英文能力畢業資格檢定2次未通過方得選課 每人限修一門,https://course.nuk.edu.tw/QueryCourse/tcontent.asp?OpenYear=107&Helf=2&Sclass=GR&Cono=ME05,2026-08-26T18:18:27+00:00
107-2-IN-A003-A-1-A,107,2,共同與通識課程,IN,興趣選修,A003,A,大學部,1,A,華語閱讀班(二),2,選,42,8,,34,黃文娟,L02-108,,,,"7,8",,,,"[{""day"": 4, ""dayName"": ""星期四"", ""periods"": [""7"", ""8""], ""raw"": ""7,8""}]",禁止外加,"1.限母語為非華語者之同學選修,選修此班需經教師認定核可 2.本課程不計入通識學分，經學系認定後得列入畢業學分",https://course.nuk.edu.tw/QueryCourse/tcontent.asp?OpenYear=107&Helf=2&Sclass=IN&Cono=A003,2026-08-26T18:18:27+00:00
107-2-IN-A013-A-1-A,107,2,共同與通識課程,IN,興趣選修,A013,A,大學部,1,A,華語會話班(二),2,選,42,16,,26,黃文娟,M01-205,"7,8",,,,,,,"[{""day"": 1, ""dayName"": ""星期一"", ""periods"": [""7"", ""8""], ""raw"": ""7,8""}]",禁止外加,"1.限母語為非華語者之同學選修,選修此班需經教師認定核可 2.本課程不計入通識學分，經學系認定後得列入畢業學分",https://course.nuk.edu.tw/QueryCourse/tcontent.asp?OpenYear=107&Helf=2&Sclass=IN&Cono=A013,2026-08-26T18:18:27+00:00
107-2-LI-A035-A-1-A,107,2,共同與通識課程,LI,通識人文科學類,A035,A,大學部,1,A,佛教的人生智慧,2,選,60,60,,0,林于盛,B01-107,,,"5,6",,,,,"[{""day"": 3, ""dayName"": ""星期三"", ""periods"": [""5"", ""6""], ""raw"": ""5,6""}]",禁止外加,,https://course.nuk.edu.tw/QueryCourse/tcontent.asp?OpenYear=107&Helf=2&Sclass=LI&Cono=A035,2026-08-26T18:18:27+00:00
107-2-LI-A036-A-1-A,107,2,共同與通識課程,LI,通識人文科學類,A036,A,大學部,1,A,禪宗經典智慧,2,選,60,47,,13,蕭愛蓉,L02-103,,,"5,6",,,,,"[{""day"": 3, ""dayName"": ""星期三"", ""periods"": [""5"", ""6""], ""raw"": ""5,6""}]",禁止外加,蕭愛蓉老師,https://course.nuk.edu.tw/QueryCourse/tcontent.asp?OpenYear=107&Helf=2&Sclass=LI&Cono=A036,2026-08-26T18:18:27+00:00
107-2-LI-A044-A-1-A,107,2,共同與通識課程,LI,通識人文科學類,A044,A,大學部,1,A,氣的探索與體驗,2,選,60,59,,1,蔡仁傑,M01-102,"1,2",,,,,,,"[{""day"": 1, ""dayName"": ""星期一"", ""periods"": [""1"", ""2""], ""raw"": ""1,2""}]",禁止外加,,https://course.nuk.edu.tw/QueryCourse/tcontent.asp?OpenYear=107&Helf=2&Sclass=LI&Cono=A044,2026-08-26T18:18:27+00:00
107-2-LI-A174-A-1-A,107,2,共同與通識課程,LI,通識人文科學類,A174,A,大學部,1,A,新詩創作(A),2,選,60,60,,0,張忠進,B01-106,,,,,"3,4",,,"[{""day"": 5, ""dayName"": ""星期五"", ""periods"": [""3"", ""4""], ""raw"": ""3,4""}]",禁止外加,,https://course.nuk.edu.tw/QueryCourse/tcontent.asp?OpenYear=107&Helf=2&Sclass=LI&Cono=A174,2026-08-26T18:18:27+00:00
107-2-LI-A184-A-1-A,107,2,共同與通識課程,LI,通識人文科學類,A184,A,大學部,1,A,現代文學選讀與習作,2,選,60,60,,0,張忠進,B01-106,,,,,"7,8",,,"[{""day"": 5, ""dayName"": ""星期五"", ""periods"": [""7"", ""8""], ""raw"": ""7,8""}]",禁止外加,,https://course.nuk.edu.tw/QueryCourse/tcontent.asp?OpenYear=107&Helf=2&Sclass=LI&Cono=A184,2026-08-26T18:18:27+00:00
107-2-LI-A213-A-1-A,107,2,共同與通識課程,LI,通識人文科學類,A213,A,大學部,1,A,田野調查,3,選,40,38,,2,翁烔慶,C02-111,,,,"5,6, 7",,,,"[{""day"": 4, ""dayName"": ""星期四"", ""periods"": [""5"", ""6"", ""7""], ""raw"": ""5,6, 7""}]",禁止外加,,https://course.nuk.edu.tw/QueryCourse/tcontent.asp?OpenYear=107&Helf=2&Sclass=LI&Cono=A213,2026-08-26T18:18:27+00:00
107-2-LI-A216-A-1-A,107,2,共同與通識課程,LI,通識人文科學類,A216,A,大學部,1,A,籤詩文學與寺廟文化,2,選,60,60,,0,翁烔慶,C02-111,,,,"3,4",,,,"[{""day"": 4, ""dayName"": ""星期四"", ""periods"": [""3"", ""4""], ""raw"": ""3,4""}]",禁止外加,,https://course.nuk.edu.tw/QueryCourse/tcontent.asp?OpenYear=107&Helf=2&Sclass=LI&Cono=A216,2026-08-26T18:18:27+00:00
107-2-LI-A343-A-1-A,107,2,共同與通識課程,LI,通識人文科學類,A343,A,大學部,1,A,人生哲學,2,選,60,56,,4,蕭愛蓉,L02-103,,,"7,8",,,,,"[{""day"": 3, ""dayName"": ""星期三"", ""periods"": [""7"", ""8""], ""raw"": ""7,8""}]",禁止外加,蕭愛蓉老師,https://course.nuk.edu.tw/QueryCourse/tcontent.asp?OpenYear=107&Helf=2&Sclass=LI&Cono=A343,2026-08-26T18:18:27+00:00
107-2-LI-A345-A-1-A,107,2,共同與通識課程,LI,通識人文科學類,A345,A,大學部,1,A,基督宗教的生命教育,2,選,60,60,,0,蔡仁傑,M01-102,"3,4",,,,,,,"[{""day"": 1, ""dayName"": ""星期一"", ""periods"": [""3"", ""4""], ""raw"": ""3,4""}]",禁止外加,,https://course.nuk.edu.tw/QueryCourse/tcontent.asp?OpenYear=107&Helf=2&Sclass=LI&Cono=A345,2026-08-26T18:18:27+00:00
107-2-LI-A373-A-1-A,107,2,共同與通識課程,LI,通識人文科學類,A373,A,大學部,1,A,音樂與戲劇,2,選,60,37,,23,羅文秀,L01-103,"5,6",,,,,,,"[{""day"": 1, ""dayName"": ""星期一"", ""periods"": [""5"", ""6""], ""raw"": ""5,6""}]",禁止外加,,https://course.nuk.edu.tw/QueryCourse/tcontent.asp?OpenYear=107&Helf=2&Sclass=LI&Cono=A373,2026-08-26T18:18:27+00:00
107-2-LI-A374-A-1-A,107,2,共同與通識課程,LI,通識人文科學類,A374,A,大學部,1,A,古典音樂導聆,2,選,60,59,,1,蔡麗芬,L01-103,,,,"5,6",,,,"[{""day"": 4, ""dayName"": ""星期四"", ""periods"": [""5"", ""6""], ""raw"": ""5,6""}]",禁止外加,,https://course.nuk.edu.tw/QueryCourse/tcontent.asp?OpenYear=107&Helf=2&Sclass=LI&Cono=A374,2026-08-26T18:18:27+00:00
107-2-LI-A436-A-1-A,107,2,共同與通識課程,LI,通識人文科學類,A436,A,大學部,1,A,中國古典詩詞選讀,2,選,60,59,,1,陳猷青,B01-107,,,,"5,6",,,,"[{""day"": 4, ""dayName"": ""星期四"", ""periods"": [""5"", ""6""], ""raw"": ""5,6""}]",禁止外加,,https://course.nuk.edu.tw/QueryCourse/tcontent.asp?OpenYear=107&Helf=2&Sclass=LI&Cono=A436,2026-08-26T18:18:27+00:00
107-2-LI-A497-A-1-A,107,2,共同與通識課程,LI,通識人文科學類,A497,A,大學部,1,A,台灣之流行音樂與社會變遷,2,選,60,61,,0,陳怡靜,L01-103,,,,,"5,6",,,"[{""day"": 5, ""dayName"": ""星期五"", ""periods"": [""5"", ""6""], ""raw"": ""5,6""}]",禁止外加,,https://course.nuk.edu.tw/QueryCourse/tcontent.asp?OpenYear=107&Helf=2&Sclass=LI&Cono=A497,2026-08-26T18:18:27+00:00
107-2-LI-A592-A-1-A,107,2,共同與通識課程,LI,通識人文科學類,A592,A,大學部,1,A,意識哲學與科學,2,選,60,22,,38,陳今偉,B01-101,,,,"5,6",,,,"[{""day"": 4, ""dayName"": ""星期四"", ""periods"": [""5"", ""6""], ""raw"": ""5,6""}]",禁止外加,,https://course.nuk.edu.tw/QueryCourse/tcontent.asp?OpenYear=107&Helf=2&Sclass=LI&Cono=A592,2026-08-26T18:18:27+00:00
107-2-LI-A638-A-1-A,107,2,共同與通識課程,LI,通識人文科學類,A638,A,大學部,1,A,視覺文化藝術,2,選,60,57,,3,林殷齊,M01-B104,,"3,4",,,,,,"[{""day"": 2, ""dayName"": ""星期二"", ""periods"": [""3"", ""4""], ""raw"": ""3,4""}]",禁止外加,,https://course.nuk.edu.tw/QueryCourse/tcontent.asp?OpenYear=107&Helf=2&Sclass=LI&Cono=A638,2026-08-26T18:18:27+00:00
107-2-LI-A714-A-1-A,107,2,共同與通識課程,LI,通識人文科學類,A714,A,大學部,1,A,戲曲藝術入門與賞析,2,選,60,41,,19,王海玲,M01-102,,,,,"8,9",,,"[{""day"": 5, ""dayName"": ""星期五"", ""periods"": [""8"", ""9""], ""raw"": ""8,9""}]",禁止外加,,https://course.nuk.edu.tw/QueryCourse/tcontent.asp?OpenYear=107&Helf=2&Sclass=LI&Cono=A714,2026-08-26T18:18:27+00:00
107-2-LI-A810-A-1-A,107,2,共同與通識課程,LI,通識人文科學類,A810,A,大學部,1,A,電影文學與人生,2,選,60,60,,0,高美芸,L01-103,,,,"7,8",,,,"[{""day"": 4, ""dayName"": ""星期四"", ""periods"": [""7"", ""8""], ""raw"": ""7,8""}]",禁止外加,,https://course.nuk.edu.tw/QueryCourse/tcontent.asp?OpenYear=107&Helf=2&Sclass=LI&Cono=A810,2026-08-26T18:18:27+00:00
107-2-LI-A831-A-1-A,107,2,共同與通識課程,LI,通識人文科學類,A831,A,大學部,1,A,台灣歷史與文化,2,選,60,57,,3,楊書濠 洪聖斐,L01-101,"8,9",,,,,,,"[{""day"": 1, ""dayName"": ""星期一"", ""periods"": [""8"", ""9""], ""raw"": ""8,9""}]",禁止外加,本課程包含18小時之線上課程，學生必須加入磨課師平台參與課程教學及討論,https://course.nuk.edu.tw/QueryCourse/tcontent.asp?OpenYear=107&Helf=2&Sclass=LI&Cono=A831,2026-08-26T18:18:27+00:00
107-2-LI-A839-A-1-A,107,2,共同與通識課程,LI,通識人文科學類,A839,A,大學部,1,A,台灣與東南亞,2,選,60,46,,14,翁烔慶,M01-105,,,"3,4",,,,,"[{""day"": 3, ""dayName"": ""星期三"", ""periods"": [""3"", ""4""], ""raw"": ""3,4""}]",禁止外加,,https://course.nuk.edu.tw/QueryCourse/tcontent.asp?OpenYear=107&Helf=2&Sclass=LI&Cono=A839,2026-08-26T18:18:27+00:00
107-2-LI-A842-A-1-A,107,2,共同與通識課程,LI,通識人文科學類,A842,A,大學部,1,A,台灣原住民族文化,2,選,60,42,,18,林富水,B01-106,,,,"7,8",,,,"[{""day"": 4, ""dayName"": ""星期四"", ""periods"": [""7"", ""8""], ""raw"": ""7,8""}]",禁止外加,林富水老師,https://course.nuk.edu.tw/QueryCourse/tcontent.asp?OpenYear=107&Helf=2&Sclass=LI&Cono=A842,2026-08-26T18:18:27+00:00
107-2-LI-B013-A-1-A,107,2,共同與通識課程,LI,通識人文科學類,B013,A,大學部,1,A,電影中的音樂媒介,2,選,60,60,,0,陳怡靜,L01-103,,,,,"3,4",,,"[{""day"": 5, ""dayName"": ""星期五"", ""periods"": [""3"", ""4""], ""raw"": ""3,4""}]",禁止外加,,https://course.nuk.edu.tw/QueryCourse/tcontent.asp?OpenYear=107&Helf=2&Sclass=LI&Cono=B013,2026-08-26T18:18:27+00:00
107-2-LI-B014-A-1-A,107,2,共同與通識課程,LI,通識人文科學類,B014,A,大學部,1,A,從巴洛克到搖滾樂,2,選,60,62,,0,陳怡靜,L01-103,,,,,"1,2",,,"[{""day"": 5, ""dayName"": ""星期五"", ""periods"": [""1"", ""2""], ""raw"": ""1,2""}]",禁止外加,,https://course.nuk.edu.tw/QueryCourse/tcontent.asp?OpenYear=107&Helf=2&Sclass=LI&Cono=B014,2026-08-26T18:18:27+00:00
107-2-LI-B015-A-1-A,107,2,共同與通識課程,LI,通識人文科學類,B015,A,大學部,1,A,電影音樂欣賞,2,選,60,60,,0,蔡麗芬,L01-103,,,,"3,4",,,,"[{""day"": 4, ""dayName"": ""星期四"", ""periods"": [""3"", ""4""], ""raw"": ""3,4""}]",禁止外加,,https://course.nuk.edu.tw/QueryCourse/tcontent.asp?OpenYear=107&Helf=2&Sclass=LI&Cono=B015,2026-08-26T18:18:27+00:00
107-2-LI-B032-A-1-A,107,2,共同與通識課程,LI,通識人文科學類,B032,A,大學部,1,A,日本社會與語言,2,選,60,60,,0,蔡仁傑,M01-102,"5,6",,,,,,,"[{""day"": 1, ""dayName"": ""星期一"", ""periods"": [""5"", ""6""], ""raw"": ""5,6""}]",禁止外加,,https://course.nuk.edu.tw/QueryCourse/tcontent.asp?OpenYear=107&Helf=2&Sclass=LI&Cono=B032,2026-08-26T18:18:27+00:00
107-2-LI-B068-A-1-A,107,2,共同與通識課程,LI,通識人文科學類,B068,A,大學部,1,A,初級日語會話(二),2,選,60,59,,1,錢秋茜,B01-105,,,,,"3,4",,,"[{""day"": 5, ""dayName"": ""星期五"", ""periods"": [""3"", ""4""], ""raw"": ""3,4""}]",禁止外加,東語系日文組請勿選修,https://course.nuk.edu.tw/QueryCourse/tcontent.asp?OpenYear=107&Helf=2&Sclass=LI&Cono=B068,2026-08-26T18:18:27+00:00
107-2-LI-B069-A-1-A,107,2,共同與通識課程,LI,通識人文科學類,B069,A,大學部,1,A,職場英文聽讀訓練,2,選,60,60,,0,陳信智,B01-105,,,"11,12",,,,,"[{""day"": 3, ""dayName"": ""星期三"", ""periods"": [""11"", ""12""], ""raw"": ""11,12""}]",禁止外加,,https://course.nuk.edu.tw/QueryCourse/tcontent.asp?OpenYear=107&Helf=2&Sclass=LI&Cono=B069,2026-08-26T18:18:27+00:00
107-2-LI-B070-A-1-A,107,2,共同與通識課程,LI,通識人文科學類,B070,A,大學部,1,A,全民英檢準備班,2,選,60,32,,28,翁嵐瑜,M01-105,,,,"5,6",,,,"[{""day"": 4, ""dayName"": ""星期四"", ""periods"": [""5"", ""6""], ""raw"": ""5,6""}]",禁止外加,,https://course.nuk.edu.tw/QueryCourse/tcontent.asp?OpenYear=107&Helf=2&Sclass=LI&Cono=B070,2026-08-26T18:18:27+00:00
107-2-LI-B073-A-1-A,107,2,共同與通識課程,LI,通識人文科學類,B073,A,大學部,1,A,初級印尼語(一),3,選,60,46,,14,倪華緣,L02-108,"2,3, 4",,,,,,,"[{""day"": 1, ""dayName"": ""星期一"", ""periods"": [""2"", ""3"", ""4""], ""raw"": ""2,3, 4""}]",禁止外加,倪華緣老師,https://course.nuk.edu.tw/QueryCourse/tcontent.asp?OpenYear=107&Helf=2&Sclass=LI&Cono=B073,2026-08-26T18:18:27+00:00
107-2-LI-B086-A-1-A,107,2,共同與通識課程,LI,通識人文科學類,B086,A,大學部,1,A,基礎法語(二),2,選,40,23,,17,歐陽蒨,L02-101,,"3,4",,,,,,"[{""day"": 2, ""dayName"": ""星期二"", ""periods"": [""3"", ""4""], ""raw"": ""3,4""}]",禁止外加,,https://course.nuk.edu.tw/QueryCourse/tcontent.asp?OpenYear=107&Helf=2&Sclass=LI&Cono=B086,2026-08-26T18:18:27+00:00
107-2-LI-B087-A-1-A,107,2,共同與通識課程,LI,通識人文科學類,B087,A,大學部,1,A,工商英文聽力和閱讀訓練,2,選,59,46,,13,王淑雱,C02-107,,,,,"5,6",,,"[{""day"": 5, ""dayName"": ""星期五"", ""periods"": [""5"", ""6""], ""raw"": ""5,6""}]",限修及外加,限理學院及西語系同學選修,https://course.nuk.edu.tw/QueryCourse/tcontent.asp?OpenYear=107&Helf=2&Sclass=LI&Cono=B087,2026-08-26T18:18:27+00:00
107-2-LI-B088-A-1-A,107,2,共同與通識課程,LI,通識人文科學類,B088,A,大學部,1,A,旅遊商務英文,2,選,60,60,,0,唐淑芳,B01-106,,,"9,10",,,,,"[{""day"": 3, ""dayName"": ""星期三"", ""periods"": [""9"", ""10""], ""raw"": ""9,10""}]",禁止外加,,https://course.nuk.edu.tw/QueryCourse/tcontent.asp?OpenYear=107&Helf=2&Sclass=LI&Cono=B088,2026-08-26T18:18:27+00:00
107-2-LI-B089-A-1-A,107,2,共同與通識課程,LI,通識人文科學類,B089,A,大學部,1,A,運動飲食英文,2,選,60,60,,0,許建華,L02-108,,,,"5,6",,,,"[{""day"": 4, ""dayName"": ""星期四"", ""periods"": [""5"", ""6""], ""raw"": ""5,6""}]",禁止外加,,https://course.nuk.edu.tw/QueryCourse/tcontent.asp?OpenYear=107&Helf=2&Sclass=LI&Cono=B089,2026-08-26T18:18:27+00:00
107-2-LI-B090-A-1-A,107,2,共同與通識課程,LI,通識人文科學類,B090,A,大學部,1,A,英語口語表達,2,選,50,22,,28,歐素雯,B01-102,,,"3,4",,,,,"[{""day"": 3, ""dayName"": ""星期三"", ""periods"": [""3"", ""4""], ""raw"": ""3,4""}]",禁止外加,,https://course.nuk.edu.tw/QueryCourse/tcontent.asp?OpenYear=107&Helf=2&Sclass=LI&Cono=B090,2026-08-26T18:18:27+00:00
107-2-SC-A137-A-1-A,107,2,共同與通識課程,SC,通識自然科學類,A137,A,大學部,1,A,科學史: 從古代到科學革命,2,選,60,60,,0,陳怡夫,B01-103,,,,,"3,4",,,"[{""day"": 5, ""dayName"": ""星期五"", ""periods"": [""3"", ""4""], ""raw"": ""3,4""}]",禁止外加,,https://course.nuk.edu.tw/QueryCourse/tcontent.asp?OpenYear=107&Helf=2&Sclass=SC&Cono=A137,2026-08-26T18:18:27+00:00
107-2-SC-A233-A-1-A,107,2,共同與通識課程,SC,通識自然科學類,A233,A,大學部,1,A,光合作用與減碳,2,選,30,29,,1,王恒隆,C02-104,,,,"5,6",,,,"[{""day"": 4, ""dayName"": ""星期四"", ""periods"": [""5"", ""6""], ""raw"": ""5,6""}]",禁止外加 限修,生科系請勿選修,https://course.nuk.edu.tw/QueryCourse/tcontent.asp?OpenYear=107&Helf=2&Sclass=SC&Cono=A233,2026-08-26T18:18:27+00:00
107-2-SC-A286-A-1-A,107,2,共同與通識課程,SC,通識自然科學類,A286,A,大學部,1,A,傳統推拿整復概論,2,選,40,40,,0,劉明坤,C02-101 其他教室,,,"10,11",,,,,"[{""day"": 3, ""dayName"": ""星期三"", ""periods"": [""10"", ""11""], ""raw"": ""10,11""}]",禁止外加,劉明坤老師，第8周起至K01-210按摩教室上課,https://course.nuk.edu.tw/QueryCourse/tcontent.asp?OpenYear=107&Helf=2&Sclass=SC&Cono=A286,2026-08-26T18:18:27+00:00
107-2-SC-A293-A-1-A,107,2,共同與通識課程,SC,通識自然科學類,A293,A,大學部,1,A,環境保護,2,選,60,59,,1,倪麥童,B01-109,,"10,11",,,,,,"[{""day"": 2, ""dayName"": ""星期二"", ""periods"": [""10"", ""11""], ""raw"": ""10,11""}]",禁止外加,,https://course.nuk.edu.tw/QueryCourse/tcontent.asp?OpenYear=107&Helf=2&Sclass=SC&Cono=A293,2026-08-26T18:18:27+00:00
107-2-SC-A483-A-1-A,107,2,共同與通識課程,SC,通識自然科學類,A483,A,大學部,1,A,自然保育概論,2,選,60,60,,0,蘇永銘,C02-108,,,,"7,8",,,,"[{""day"": 4, ""dayName"": ""星期四"", ""periods"": [""7"", ""8""], ""raw"": ""7,8""}]",禁止外加,,https://course.nuk.edu.tw/QueryCourse/tcontent.asp?OpenYear=107&Helf=2&Sclass=SC&Cono=A483,2026-08-26T18:18:27+00:00
107-2-SC-A506-A-1-A,107,2,共同與通識課程,SC,通識自然科學類,A506,A,大學部,1,A,認識韌性城市,2,選,60,13,,47,曾梓峰,H3--106,"5,6",,,,,,,"[{""day"": 1, ""dayName"": ""星期一"", ""periods"": [""5"", ""6""], ""raw"": ""5,6""}]",禁止外加,,https://course.nuk.edu.tw/QueryCourse/tcontent.asp?OpenYear=107&Helf=2&Sclass=SC&Cono=A506,2026-08-26T18:18:27+00:00
107-2-SC-A561-A-1-A,107,2,共同與通識課程,SC,通識自然科學類,A561,A,大學部,1,A,病毒學漫談,2,選,60,60,,0,楊文仁,C02-B100,"3,4",,,,,,,"[{""day"": 1, ""dayName"": ""星期一"", ""periods"": [""3"", ""4""], ""raw"": ""3,4""}]",禁止外加 限修,生科系請勿選修,https://course.nuk.edu.tw/QueryCourse/tcontent.asp?OpenYear=107&Helf=2&Sclass=SC&Cono=A561,2026-08-26T18:18:27+00:00
107-2-SC-A572-A-1-A,107,2,共同與通識課程,SC,通識自然科學類,A572,A,大學部,1,A,常用藥物基本知識,2,選,60,59,,1,戴秀卿,B01-101,,,,,"10,11",,,"[{""day"": 5, ""dayName"": ""星期五"", ""periods"": [""10"", ""11""], ""raw"": ""10,11""}]",禁止外加,戴秀卿老師,https://course.nuk.edu.tw/QueryCourse/tcontent.asp?OpenYear=107&Helf=2&Sclass=SC&Cono=A572,2026-08-26T18:18:27+00:00
107-2-SC-A593-A-1-A,107,2,共同與通識課程,SC,通識自然科學類,A593,A,大學部,1,A,科學思維: 科學家怎麼想,2,選,60,45,,15,林明良,B01-106,,"10,11",,,,,,"[{""day"": 2, ""dayName"": ""星期二"", ""periods"": [""10"", ""11""], ""raw"": ""10,11""}]",禁止外加,,https://course.nuk.edu.tw/QueryCourse/tcontent.asp?OpenYear=107&Helf=2&Sclass=SC&Cono=A593,2026-08-26T18:18:27+00:00
107-2-SC-A621-A-1-A,107,2,共同與通識課程,SC,通識自然科學類,A621,A,大學部,1,A,人類生殖探秘,2,選,60,60,,0,劉紹東,H1--106,,"3,4",,,,,,"[{""day"": 2, ""dayName"": ""星期二"", ""periods"": [""3"", ""4""], ""raw"": ""3,4""}]",禁止外加 限修,運休系同學請勿選修,https://course.nuk.edu.tw/QueryCourse/tcontent.asp?OpenYear=107&Helf=2&Sclass=SC&Cono=A621,2026-08-26T18:18:27+00:00
107-2-SC-A685-A-1-A,107,2,共同與通識課程,SC,通識自然科學類,A685,A,大學部,1,A,生態環境解說,2,選,60,55,,5,陳奕亮,C02-108,"7,8",,,,,,,"[{""day"": 1, ""dayName"": ""星期一"", ""periods"": [""7"", ""8""], ""raw"": ""7,8""}]",禁止外加,english proficiency required,https://course.nuk.edu.tw/QueryCourse/tcontent.asp?OpenYear=107&Helf=2&Sclass=SC&Cono=A685,2026-08-26T18:18:27+00:00
107-2-SC-A711-A-1-A,107,2,共同與通識課程,SC,通識自然科學類,A711,A,大學部,1,A,健康與生活,2,選,60,60,,0,戴秀卿,B01-101,,,,,"8,9",,,"[{""day"": 5, ""dayName"": ""星期五"", ""periods"": [""8"", ""9""], ""raw"": ""8,9""}]",禁止外加,戴秀卿老師,https://course.nuk.edu.tw/QueryCourse/tcontent.asp?OpenYear=107&Helf=2&Sclass=SC&Cono=A711,2026-08-26T18:18:27+00:00
107-2-SC-A731-A-1-A,107,2,共同與通識課程,SC,通識自然科學類,A731,A,大學部,1,A,網球運動理論與實務,2,選,40,40,,0,王士仁,,,"3,4",,,,,,"[{""day"": 2, ""dayName"": ""星期二"", ""periods"": [""3"", ""4""], ""raw"": ""3,4""}]",禁止外加,網球場上課,https://course.nuk.edu.tw/QueryCourse/tcontent.asp?OpenYear=107&Helf=2&Sclass=SC&Cono=A731,2026-08-26T18:18:27+00:00
107-2-SC-A741-A-1-A,107,2,共同與通識課程,SC,通識自然科學類,A741,A,大學部,1,A,國際標準舞理論與實務,2,選,40,40,,0,孫美蓮,K01-004,,,"7,8",,,,,"[{""day"": 3, ""dayName"": ""星期三"", ""periods"": [""7"", ""8""], ""raw"": ""7,8""}]",禁止外加,運健休大樓-體適能教室上課,https://course.nuk.edu.tw/QueryCourse/tcontent.asp?OpenYear=107&Helf=2&Sclass=SC&Cono=A741,2026-08-26T18:18:27+00:00
107-2-SC-A761-A-1-A,107,2,共同與通識課程,SC,通識自然科學類,A761,A,大學部,1,A,羽球運動理論與實務,2,選,32,32,,0,高群超,,,,"5,6",,,,,"[{""day"": 3, ""dayName"": ""星期三"", ""periods"": [""5"", ""6""], ""raw"": ""5,6""}]",禁止外加,羽球場上課,https://course.nuk.edu.tw/QueryCourse/tcontent.asp?OpenYear=107&Helf=2&Sclass=SC&Cono=A761,2026-08-26T18:18:27+00:00
107-2-SC-A773-A-1-A,107,2,共同與通識課程,SC,通識自然科學類,A773,A,大學部,1,A,跆拳道運動與防身術,2,選,32,32,,0,葉天相,K01-004,,,"5,6",,,,,"[{""day"": 3, ""dayName"": ""星期三"", ""periods"": [""5"", ""6""], ""raw"": ""5,6""}]",禁止外加,運健休大樓-體適能教室上課,https://course.nuk.edu.tw/QueryCourse/tcontent.asp?OpenYear=107&Helf=2&Sclass=SC&Cono=A773,2026-08-26T18:18:27+00:00
107-2-SC-A774-A-1-A,107,2,共同與通識課程,SC,通識自然科學類,A774,A,大學部,1,A,棒球運動理論與實務,2,選,40,40,,0,李坤哲,,"5,6",,,,,,,"[{""day"": 1, ""dayName"": ""星期一"", ""periods"": [""5"", ""6""], ""raw"": ""5,6""}]",禁止外加,棒壘球場上課；運技系棒球專長生請勿選修,https://course.nuk.edu.tw/QueryCourse/tcontent.asp?OpenYear=107&Helf=2&Sclass=SC&Cono=A774,2026-08-26T18:18:27+00:00
107-2-SC-A775-A-1-A,107,2,共同與通識課程,SC,通識自然科學類,A775,A,大學部,1,A,飛鏢理論與實務,2,選,32,32,,0,孫美蓮,,,,"5,6",,,,,"[{""day"": 3, ""dayName"": ""星期三"", ""periods"": [""5"", ""6""], ""raw"": ""5,6""}]",禁止外加,運休大樓游泳池前集合,https://course.nuk.edu.tw/QueryCourse/tcontent.asp?OpenYear=107&Helf=2&Sclass=SC&Cono=A775,2026-08-26T18:18:27+00:00
107-2-SC-A785-A-1-A,107,2,共同與通識課程,SC,通識自然科學類,A785,A,大學部,1,A,休閒概論,2,選,40,38,,2,李福恩,K01-202,"8,9",,,,,,,"[{""day"": 1, ""dayName"": ""星期一"", ""periods"": [""8"", ""9""], ""raw"": ""8,9""}]",禁止外加,,https://course.nuk.edu.tw/QueryCourse/tcontent.asp?OpenYear=107&Helf=2&Sclass=SC&Cono=A785,2026-08-26T18:18:27+00:00
107-2-SC-A798-A-1-A,107,2,共同與通識課程,SC,通識自然科學類,A798,A,大學部,1,A,資訊基本能力,2,選,50,50,,0,董建弘,L01-108,,,"9,10",,,,,"[{""day"": 3, ""dayName"": ""星期三"", ""periods"": [""9"", ""10""], ""raw"": ""9,10""}]",禁止外加,,https://course.nuk.edu.tw/QueryCourse/tcontent.asp?OpenYear=107&Helf=2&Sclass=SC&Cono=A798,2026-08-26T18:18:27+00:00
107-2-SC-A799-A-1-A,107,2,共同與通識課程,SC,通識自然科學類,A799,A,大學部,1,A,資訊安全概論,2,選,50,50,,0,趙志宏,L01-107,"9,10",,,,,,,"[{""day"": 1, ""dayName"": ""星期一"", ""periods"": [""9"", ""10""], ""raw"": ""9,10""}]",禁止外加,,https://course.nuk.edu.tw/QueryCourse/tcontent.asp?OpenYear=107&Helf=2&Sclass=SC&Cono=A799,2026-08-26T18:18:27+00:00
107-2-SC-A901-A-1-A,107,2,共同與通識課程,SC,通識自然科學類,A901,A,大學部,1,A,網路資訊挖掘,2,選,50,29,,21,蔡毓娟,L01-107,,,,,"9,10",,,"[{""day"": 5, ""dayName"": ""星期五"", ""periods"": [""9"", ""10""], ""raw"": ""9,10""}]",禁止外加,,https://course.nuk.edu.tw/QueryCourse/tcontent.asp?OpenYear=107&Helf=2&Sclass=SC&Cono=A901,2026-08-26T18:18:27+00:00
107-2-SC-A902-A-1-A,107,2,共同與通識課程,SC,通識自然科學類,A902,A,大學部,1,A,基礎程式設計,2,選,40,40,,0,曾智義,B01-102,,"5,6",,,,,,"[{""day"": 2, ""dayName"": ""星期二"", ""periods"": [""5"", ""6""], ""raw"": ""5,6""}]",禁止外加,,https://course.nuk.edu.tw/QueryCourse/tcontent.asp?OpenYear=107&Helf=2&Sclass=SC&Cono=A902,2026-08-26T18:18:27+00:00
107-2-SC-A904-A-1-A,107,2,共同與通識課程,SC,通識自然科學類,A904,A,大學部,1,A,體驗設計思維,2,選,40,20,,20,曾智義,B01-107,,"3,4",,,,,,"[{""day"": 2, ""dayName"": ""星期二"", ""periods"": [""3"", ""4""], ""raw"": ""3,4""}]",禁止外加,與創新學院合開,https://course.nuk.edu.tw/QueryCourse/tcontent.asp?OpenYear=107&Helf=2&Sclass=SC&Cono=A904,2026-08-26T18:18:27+00:00
107-2-SO-A012-A-1-A,107,2,共同與通識課程,SO,通識社會科學類,A012,A,大學部,1,A,生活經濟學,2,選,60,60,,0,鄭義暉,M01-103,,,,"5,6",,,,"[{""day"": 4, ""dayName"": ""星期四"", ""periods"": [""5"", ""6""], ""raw"": ""5,6""}]",禁止外加,,https://course.nuk.edu.tw/QueryCourse/tcontent.asp?OpenYear=107&Helf=2&Sclass=SO&Cono=A012,2026-08-26T18:18:27+00:00
107-2-SO-A033-A-1-A,107,2,共同與通識課程,SO,通識社會科學類,A033,A,大學部,1,A,資產配置與信託規劃實務,2,選,60,60,,0,蔡宗廷,B01-109,,,,"9,10",,,,"[{""day"": 4, ""dayName"": ""星期四"", ""periods"": [""9"", ""10""], ""raw"": ""9,10""}]",禁止外加,,https://course.nuk.edu.tw/QueryCourse/tcontent.asp?OpenYear=107&Helf=2&Sclass=SO&Cono=A033,2026-08-26T18:18:27+00:00
107-2-SO-A118-A-1-A,107,2,共同與通識課程,SO,通識社會科學類,A118,A,大學部,1,A,理財與人生,2,選,60,60,,0,蔡宗廷,B01-109,"9,10",,,,,,,"[{""day"": 1, ""dayName"": ""星期一"", ""periods"": [""9"", ""10""], ""raw"": ""9,10""}]",禁止外加,,https://course.nuk.edu.tw/QueryCourse/tcontent.asp?OpenYear=107&Helf=2&Sclass=SO&Cono=A118,2026-08-26T18:18:27+00:00
107-2-SO-A183-A-1-A,107,2,共同與通識課程,SO,通識社會科學類,A183,A,大學部,1,A,性別與法律,2,選,61,61,,0,許震宇,B01-106,,,,"3,4",,,,"[{""day"": 4, ""dayName"": ""星期四"", ""periods"": [""3"", ""4""], ""raw"": ""3,4""}]",禁止外加,,https://course.nuk.edu.tw/QueryCourse/tcontent.asp?OpenYear=107&Helf=2&Sclass=SO&Cono=A183,2026-08-26T18:18:27+00:00
107-2-SO-A188-A-1-A,107,2,共同與通識課程,SO,通識社會科學類,A188,A,大學部,1,A,多元性別與親密關係,2,選,60,60,,0,陳靜儀,L02-106,"7,8",,,,,,,"[{""day"": 1, ""dayName"": ""星期一"", ""periods"": [""7"", ""8""], ""raw"": ""7,8""}]",禁止外加,,https://course.nuk.edu.tw/QueryCourse/tcontent.asp?OpenYear=107&Helf=2&Sclass=SO&Cono=A188,2026-08-26T18:18:27+00:00
107-2-SO-A225-A-1-A,107,2,共同與通識課程,SO,通識社會科學類,A225,A,大學部,1,A,電影敘事與製作,2,選,60,54,,6,曾也慎,B01-103,"5,6",,,,,,,"[{""day"": 1, ""dayName"": ""星期一"", ""periods"": [""5"", ""6""], ""raw"": ""5,6""}]",禁止外加,,https://course.nuk.edu.tw/QueryCourse/tcontent.asp?OpenYear=107&Helf=2&Sclass=SO&Cono=A225,2026-08-26T18:18:27+00:00
107-2-SO-A365-A-1-A,107,2,共同與通識課程,SO,通識社會科學類,A365,A,大學部,1,A,領導統御,2,選,60,24,,36,蔣遠平,B01-109,,,"3,4",,,,,"[{""day"": 3, ""dayName"": ""星期三"", ""periods"": [""3"", ""4""], ""raw"": ""3,4""}]",禁止外加,,https://course.nuk.edu.tw/QueryCourse/tcontent.asp?OpenYear=107&Helf=2&Sclass=SO&Cono=A365,2026-08-26T18:18:27+00:00
107-2-SO-A367-A-1-A,107,2,共同與通識課程,SO,通識社會科學類,A367,A,大學部,1,A,孫子兵法,2,選,60,60,,0,蔣遠平,B01-109,,,"1,2",,,,,"[{""day"": 3, ""dayName"": ""星期三"", ""periods"": [""1"", ""2""], ""raw"": ""1,2""}]",禁止外加,,https://course.nuk.edu.tw/QueryCourse/tcontent.asp?OpenYear=107&Helf=2&Sclass=SO&Cono=A367,2026-08-26T18:18:27+00:00
107-2-SO-A372-A-1-A,107,2,共同與通識課程,SO,通識社會科學類,A372,A,大學部,1,A,自我管理與生涯規劃,2,選,60,60,,0,曾榮豐,B01-103,"10,11",,,,,,,"[{""day"": 1, ""dayName"": ""星期一"", ""periods"": [""10"", ""11""], ""raw"": ""10,11""}]",禁止外加,,https://course.nuk.edu.tw/QueryCourse/tcontent.asp?OpenYear=107&Helf=2&Sclass=SO&Cono=A372,2026-08-26T18:18:27+00:00
107-2-SO-A474-A-1-A,107,2,共同與通識課程,SO,通識社會科學類,A474,A,大學部,1,A,創意、創新與創業,2,選,40,36,,4,鄭育仁,L02-202,,,,"3,4",,,,"[{""day"": 4, ""dayName"": ""星期四"", ""periods"": [""3"", ""4""], ""raw"": ""3,4""}]",禁止外加,,https://course.nuk.edu.tw/QueryCourse/tcontent.asp?OpenYear=107&Helf=2&Sclass=SO&Cono=A474,2026-08-26T18:18:27+00:00
107-2-SO-A524-A-1-A,107,2,共同與通識課程,SO,通識社會科學類,A524,A,大學部,1,A,設計思考,2,選,60,33,,27,李亭林,M01-102,,,,,"5,6",,,"[{""day"": 5, ""dayName"": ""星期五"", ""periods"": [""5"", ""6""], ""raw"": ""5,6""}]",禁止外加,,https://course.nuk.edu.tw/QueryCourse/tcontent.asp?OpenYear=107&Helf=2&Sclass=SO&Cono=A524,2026-08-26T18:18:27+00:00
107-2-SO-A618-A-1-A,107,2,共同與通識課程,SO,通識社會科學類,A618,A,大學部,1,A,全球化與台灣高等教育,2,選,60,58,,2,李佩瑾,B01-106,,,,"10,11",,,,"[{""day"": 4, ""dayName"": ""星期四"", ""periods"": [""10"", ""11""], ""raw"": ""10,11""}]",禁止外加,,https://course.nuk.edu.tw/QueryCourse/tcontent.asp?OpenYear=107&Helf=2&Sclass=SO&Cono=A618,2026-08-26T18:18:27+00:00
107-2-SO-A686-A-1-A,107,2,共同與通識課程,SO,通識社會科學類,A686,A,大學部,1,A,交通事故鑑定法規與案例解說,2,選,60,60,,0,張永明,L02-107,,,"7,8",,,,,"[{""day"": 3, ""dayName"": ""星期三"", ""periods"": [""7"", ""8""], ""raw"": ""7,8""}]",禁止外加,,https://course.nuk.edu.tw/QueryCourse/tcontent.asp?OpenYear=107&Helf=2&Sclass=SO&Cono=A686,2026-08-26T18:18:27+00:00
107-2-SO-A691-A-1-A,107,2,共同與通識課程,SO,通識社會科學類,A691,A,大學部,1,A,高大卓越講座,2,選,400,216,,184,陳一民 連興隆,L01-201,,"6,7",,,,,,"[{""day"": 2, ""dayName"": ""星期二"", ""periods"": [""6"", ""7""], ""raw"": ""6,7""}]",禁止外加,"1.修過「高大卓越講座(一).(二)」者請勿重覆選修,重覆選修不列入學分計算。",https://course.nuk.edu.tw/QueryCourse/tcontent.asp?OpenYear=107&Helf=2&Sclass=SO&Cono=A691,2026-08-26T18:18:27+00:00
107-2-SO-A840-A-1-A,107,2,共同與通識課程,SO,通識社會科學類,A840,A,大學部,1,A,媒體與公關實務,2,選,60,39,,21,鄭為松,B01-103,,,"10,11",,,,,"[{""day"": 3, ""dayName"": ""星期三"", ""periods"": [""10"", ""11""], ""raw"": ""10,11""}]",禁止外加,,https://course.nuk.edu.tw/QueryCourse/tcontent.asp?OpenYear=107&Helf=2&Sclass=SO&Cono=A840,2026-08-26T18:18:27+00:00
107-2-SO-A963-A-1-A,107,2,共同與通識課程,SO,通識社會科學類,A963,A,大學部,1,A,人際關係,2,選,60,26,,34,陳永安,C02-107,,,"3,4",,,,,"[{""day"": 3, ""dayName"": ""星期三"", ""periods"": [""3"", ""4""], ""raw"": ""3,4""}]",禁止外加,,https://course.nuk.edu.tw/QueryCourse/tcontent.asp?OpenYear=107&Helf=2&Sclass=SO&Cono=A963,2026-08-26T18:18:27+00:00
107-2-SO-A972-A-1-A,107,2,共同與通識課程,SO,通識社會科學類,A972,A,大學部,1,A,壓力情緒管理,2,選,60,60,,0,柯慈姍,B01-108,,"10,11",,,,,,"[{""day"": 2, ""dayName"": ""星期二"", ""periods"": [""10"", ""11""], ""raw"": ""10,11""}]",禁止外加,,https://course.nuk.edu.tw/QueryCourse/tcontent.asp?OpenYear=107&Helf=2&Sclass=SO&Cono=A972,2026-08-26T18:18:27+00:00
107-2-SO-B003-A-1-A,107,2,共同與通識課程,SO,通識社會科學類,B003,A,大學部,1,A,政府文書(公文寫作),1,選,40,37,,3,楊戊龍,L02-201,,,"1,2",,,,,"[{""day"": 3, ""dayName"": ""星期三"", ""periods"": [""1"", ""2""], ""raw"": ""1,2""}]",禁止外加 限修,【本課程1學分，課程時間為每週三1-2節，共上課11週，選課前請閱讀課綱；法學院學生不可選 ; (實際上課11週，不含中間國定假日一週),https://course.nuk.edu.tw/QueryCourse/tcontent.asp?OpenYear=107&Helf=2&Sclass=SO&Cono=B003,2026-08-26T18:18:27+00:00
107-2-SO-B012-A-1-A,107,2,共同與通識課程,SO,通識社會科學類,B012,A,大學部,1,A,民營化的迷思,2,選,60,60,,0,蔡宗廷,B01-109,,,"9,10",,,,,"[{""day"": 3, ""dayName"": ""星期三"", ""periods"": [""9"", ""10""], ""raw"": ""9,10""}]",禁止外加,,https://course.nuk.edu.tw/QueryCourse/tcontent.asp?OpenYear=107&Helf=2&Sclass=SO&Cono=B012,2026-08-26T18:18:27+00:00
107-2-SO-B051-A-1-A,107,2,共同與通識課程,SO,通識社會科學類,B051,A,大學部,1,A,智慧財產權,2,選,60,59,,1,許震宇,B01-106,,,,"1,2",,,,"[{""day"": 4, ""dayName"": ""星期四"", ""periods"": [""1"", ""2""], ""raw"": ""1,2""}]",禁止外加,,https://course.nuk.edu.tw/QueryCourse/tcontent.asp?OpenYear=107&Helf=2&Sclass=SO&Cono=B051,2026-08-26T18:18:27+00:00
107-2-SO-B091-A-1-A,107,2,共同與通識課程,SO,通識社會科學類,B091,A,大學部,1,A,國際禮儀,2,選,60,52,,8,陳永安,M01-103,"3,4",,,,,,,"[{""day"": 1, ""dayName"": ""星期一"", ""periods"": [""3"", ""4""], ""raw"": ""3,4""}]",禁止外加,,https://course.nuk.edu.tw/QueryCourse/tcontent.asp?OpenYear=107&Helf=2&Sclass=SO&Cono=B091,2026-08-26T18:18:27+00:00
107-2-SO-B101-A-1-A,107,2,共同與通識課程,SO,通識社會科學類,B101,A,大學部,1,A,服務學習,3,選,30,28,,2,余進忠,C02-107,"10,11, 12",,,,,,,"[{""day"": 1, ""dayName"": ""星期一"", ""periods"": [""10"", ""11"", ""12""], ""raw"": ""10,11, 12""}]",禁止外加,修習博雅通識【服務學習】課程，可同時抵認一學期共同必修【服務學習培養】課程(僅限一次),https://course.nuk.edu.tw/QueryCourse/tcontent.asp?OpenYear=107&Helf=2&Sclass=SO&Cono=B101,2026-08-26T18:18:27+00:00
107-2-SO-B102-A-1-A,107,2,共同與通識課程,SO,通識社會科學類,B102,A,大學部,1,A,服務學習,3,選,30,29,,1,陳靜儀,L02-106,"5,6",10,,,,,,"[{""day"": 1, ""dayName"": ""星期一"", ""periods"": [""5"", ""6""], ""raw"": ""5,6""}, {""day"": 2, ""dayName"": ""星期二"", ""periods"": [""10""], ""raw"": ""10""}]",禁止外加,修習博雅通識【服務學習】課程，可同時抵認一學期共同必修【服務學習培養】課程(僅限一次),https://course.nuk.edu.tw/QueryCourse/tcontent.asp?OpenYear=107&Helf=2&Sclass=SO&Cono=B102,2026-08-26T18:18:27+00:00
107-2-SO-B103-A-1-A,107,2,共同與通識課程,SO,通識社會科學類,B103,A,大學部,1,A,服務學習,3,選,30,26,,4,朱朝煌,C02-105,"9,10, 11",,,,,,,"[{""day"": 1, ""dayName"": ""星期一"", ""periods"": [""9"", ""10"", ""11""], ""raw"": ""9,10, 11""}]",禁止外加,修習博雅通識【服務學習】課程，可同時抵認一學期共同必修【服務學習培養】課程(僅限一次),https://course.nuk.edu.tw/QueryCourse/tcontent.asp?OpenYear=107&Helf=2&Sclass=SO&Cono=B103,2026-08-26T18:18:27+00:00
107-2-SO-B104-A-1-A,107,2,共同與通識課程,SO,通識社會科學類,B104,A,大學部,1,A,服務學習,3,選,30,23,,7,吳孝慈,L02-107,"5,6, 7",,,,,,,"[{""day"": 1, ""dayName"": ""星期一"", ""periods"": [""5"", ""6"", ""7""], ""raw"": ""5,6, 7""}]",禁止外加,修習博雅通識【服務學習】課程，可同時抵認一學期共同必修【服務學習培養】課程(僅限一次),https://course.nuk.edu.tw/QueryCourse/tcontent.asp?OpenYear=107&Helf=2&Sclass=SO&Cono=B104,2026-08-26T18:18:27+00:00
107-2-SO-B105-A-1-A,107,2,共同與通識課程,SO,通識社會科學類,B105,A,大學部,1,A,服務學習,3,選,30,29,,1,游明珠,M01-103,,,,"9,10, 11",,,,"[{""day"": 4, ""dayName"": ""星期四"", ""periods"": [""9"", ""10"", ""11""], ""raw"": ""9,10, 11""}]",禁止外加,修習博雅通識【服務學習】課程，可同時抵認一學期共同必修【服務學習培養】課程(僅限一次),https://course.nuk.edu.tw/QueryCourse/tcontent.asp?OpenYear=107&Helf=2&Sclass=SO&Cono=B105,2026-08-26T18:18:27+00:00
107-2-SO-B106-A-1-A,107,2,共同與通識課程,SO,通識社會科學類,B106,A,大學部,1,A,服務學習,3,選,30,22,,8,陳致仁,B01-104,,,,"9,10, 11",,,,"[{""day"": 4, ""dayName"": ""星期四"", ""periods"": [""9"", ""10"", ""11""], ""raw"": ""9,10, 11""}]",禁止外加,修習博雅通識【服務學習】課程，可同時抵認一學期共同必修【服務學習培養】課程(僅限一次),https://course.nuk.edu.tw/QueryCourse/tcontent.asp?OpenYear=107&Helf=2&Sclass=SO&Cono=B106,2026-08-26T18:18:27+00:00
107-2-ISP-F511-M-1-,107,2,其他學程與教學單位,ISP,國際學生系,F511,M,碩士班,1,,國際競爭力分析,3,選,20,13,,7,李博志,M01-106,,,,,"2,3, 4",,,"[{""day"": 5, ""dayName"": ""星期五"", ""periods"": [""2"", ""3"", ""4""], ""raw"": ""2,3, 4""}]",,此課程與國際學院共同開課，為全英文授課課程，開放管理學院大四及碩士生修習,https://course.nuk.edu.tw/QueryCourse/tcontent.asp?OpenYear=107&Helf=2&Sclass=ISP&Cono=F511,2026-08-26T18:18:27+00:00
107-2-CE-A01B-A-1-A,107,2,工學院,CE,土木與環境工程學系,A01B,A,大學部,1,A,微積分(二),3,必,60,60,,0,童士恆,B01-103,1,,"2,3",,,,,"[{""day"": 1, ""dayName"": ""星期一"", ""periods"": [""1""], ""raw"": ""1""}, {""day"": 3, ""dayName"": ""星期三"", ""periods"": [""2"", ""3""], ""raw"": ""2,3""}]",,,https://course.nuk.edu.tw/QueryCourse/tcontent.asp?OpenYear=107&Helf=2&Sclass=CE&Cono=A01B,2026-08-26T18:18:27+00:00
107-2-CE-A01D-A-1-B,107,2,工學院,CE,土木與環境工程學系,A01D,A,大學部,1,B,微積分(二),3,必,25,21,,4,吳宗芳,C02-450,,"2,3, 4",,,,,,"[{""day"": 2, ""dayName"": ""星期二"", ""periods"": [""2"", ""3"", ""4""], ""raw"": ""2,3, 4""}]",限修,,https://course.nuk.edu.tw/QueryCourse/tcontent.asp?OpenYear=107&Helf=2&Sclass=CE&Cono=A01D,2026-08-26T18:18:27+00:00
107-2-CE-A041-A-1-A,107,2,工學院,CE,土木與環境工程學系,A041,A,大學部,1,A,工程統計學,3,必,60,52,,8,袁菁,C01-106,2,"3,4",,,,,,"[{""day"": 1, ""dayName"": ""星期一"", ""periods"": [""2""], ""raw"": ""2""}, {""day"": 2, ""dayName"": ""星期二"", ""periods"": [""3"", ""4""], ""raw"": ""3,4""}]",,,https://course.nuk.edu.tw/QueryCourse/tcontent.asp?OpenYear=107&Helf=2&Sclass=CE&Cono=A041,2026-08-26T18:18:27+00:00
107-2-CE-A042-A-1-B,107,2,工學院,CE,土木與環境工程學系,A042,A,大學部,1,B,工程統計學,3,必,25,21,,4,袁菁,C01-B102-1,,"5,6, 7",,,,,,"[{""day"": 2, ""dayName"": ""星期二"", ""periods"": [""5"", ""6"", ""7""], ""raw"": ""5,6, 7""}]",限修,,https://course.nuk.edu.tw/QueryCourse/tcontent.asp?OpenYear=107&Helf=2&Sclass=CE&Cono=A042,2026-08-26T18:18:27+00:00
107-2-CE-A061-A-1-A,107,2,工學院,CE,土木與環境工程學系,A061,A,大學部,1,A,工程圖學與電腦繪圖,2,必,60,53,,7,吳明淏,L01-108,,,,"3,4",,,,"[{""day"": 4, ""dayName"": ""星期四"", ""periods"": [""3"", ""4""], ""raw"": ""3,4""}]",,,https://course.nuk.edu.tw/QueryCourse/tcontent.asp?OpenYear=107&Helf=2&Sclass=CE&Cono=A061,2026-08-26T18:18:27+00:00
107-2-CE-A062-A-1-B,107,2,工學院,CE,土木與環境工程學系,A062,A,大學部,1,B,工程圖學與電腦繪圖,3,必,25,21,,4,吳明淏,L01-108,,,"2,3, 4",,,,,"[{""day"": 3, ""dayName"": ""星期三"", ""periods"": [""2"", ""3"", ""4""], ""raw"": ""2,3, 4""}]",限修,,https://course.nuk.edu.tw/QueryCourse/tcontent.asp?OpenYear=107&Helf=2&Sclass=CE&Cono=A062,2026-08-26T18:18:27+00:00
107-2-CE-A071-A-1-A,107,2,工學院,CE,土木與環境工程學系,A071,A,大學部,1,A,工程力學,3,必,80,65,,15,俞肇球,C01-B103,,"5,6, 7",,,,,,"[{""day"": 2, ""dayName"": ""星期二"", ""periods"": [""5"", ""6"", ""7""], ""raw"": ""5,6, 7""}]",,使用工學院大教室,https://course.nuk.edu.tw/QueryCourse/tcontent.asp?OpenYear=107&Helf=2&Sclass=CE&Cono=A071,2026-08-26T18:18:27+00:00
107-2-CE-A072-A-1-B,107,2,工學院,CE,土木與環境工程學系,A072,A,大學部,1,B,工程力學,3,必,25,21,,4,陳純森,C01-413,,,"7,8, 9",,,,,"[{""day"": 3, ""dayName"": ""星期三"", ""periods"": [""7"", ""8"", ""9""], ""raw"": ""7,8, 9""}]",限修,授課教師為陳純森老師,https://course.nuk.edu.tw/QueryCourse/tcontent.asp?OpenYear=107&Helf=2&Sclass=CE&Cono=A072,2026-08-26T18:18:27+00:00
107-2-CE-A503-A-1-B,107,2,工學院,CE,土木與環境工程學系,A503,A,大學部,1,B,測量學,2,選,25,21,,4,俞肇球,C01-B102-1,,,,"5,6",,,,"[{""day"": 4, ""dayName"": ""星期四"", ""periods"": [""5"", ""6""], ""raw"": ""5,6""}]",限修,,https://course.nuk.edu.tw/QueryCourse/tcontent.asp?OpenYear=107&Helf=2&Sclass=CE&Cono=A503,2026-08-26T18:18:27+00:00
107-2-CE-A531-A-1-A,107,2,工學院,CE,土木與環境工程學系,A531,A,大學部,1,A,環境化學,3,選,60,47,,13,袁菁,C01-106,"3,4",2,,,,,,"[{""day"": 1, ""dayName"": ""星期一"", ""periods"": [""3"", ""4""], ""raw"": ""3,4""}, {""day"": 2, ""dayName"": ""星期二"", ""periods"": [""2""], ""raw"": ""2""}]",,,https://course.nuk.edu.tw/QueryCourse/tcontent.asp?OpenYear=107&Helf=2&Sclass=CE&Cono=A531,2026-08-26T18:18:27+00:00
107-2-CE-A611-A-1-B,107,2,工學院,CE,土木與環境工程學系,A611,A,大學部,1,B,原民創意思考,3,選,60,21,,39,張雅淨,C01-413,"2,3, 4",,,,,,,"[{""day"": 1, ""dayName"": ""星期一"", ""periods"": [""2"", ""3"", ""4""], ""raw"": ""2,3, 4""}]",,教師：張雅淨,https://course.nuk.edu.tw/QueryCourse/tcontent.asp?OpenYear=107&Helf=2&Sclass=CE&Cono=A611,2026-08-26T18:18:27+00:00
107-2-CE-F612-A-1-A,107,2,工學院,CE,土木與環境工程學系,F612,A,大學部,1,A,室內空氣品質,3,選,40,7,,33,林啟琪,C01-414,,"2,3, 4",,,,,,"[{""day"": 2, ""dayName"": ""星期二"", ""periods"": [""2"", ""3"", ""4""], ""raw"": ""2,3, 4""}]",學程,大四研一合開。全英語授課,https://course.nuk.edu.tw/QueryCourse/tcontent.asp?OpenYear=107&Helf=2&Sclass=CE&Cono=F612,2026-08-26T18:18:27+00:00
107-2-CE-B02B-A-2-A,107,2,工學院,CE,土木與環境工程學系,B02B,A,大學部,2,A,環境分析及實驗〈二〉,2,必,60,52,,8,林秋良,C01-113,,,,,"5,6, 7,8",,,"[{""day"": 5, ""dayName"": ""星期五"", ""periods"": [""5"", ""6"", ""7"", ""8""], ""raw"": ""5,6, 7,8""}]",,使用工113實驗室,https://course.nuk.edu.tw/QueryCourse/tcontent.asp?OpenYear=107&Helf=2&Sclass=CE&Cono=B02B,2026-08-26T18:18:27+00:00
107-2-CE-B031-A-2-A,107,2,工學院,CE,土木與環境工程學系,B031,A,大學部,2,A,土木工程實驗〈一〉,1,必,60,50,,10,施博仁,C01-101 其他教室,,,,"5,6, 7",,,,"[{""day"": 4, ""dayName"": ""星期四"", ""periods"": [""5"", ""6"", ""7""], ""raw"": ""5,6, 7""}]",,使用工101實驗室,https://course.nuk.edu.tw/QueryCourse/tcontent.asp?OpenYear=107&Helf=2&Sclass=CE&Cono=B031,2026-08-26T18:18:27+00:00
107-2-CE-B04B-A-2-A,107,2,工學院,CE,土木與環境工程學系,B04B,A,大學部,2,A,工程數學〈二〉,3,必,80,62,,18,吳明淏,C01-B104,"5,6, 7",,,,,,,"[{""day"": 1, ""dayName"": ""星期一"", ""periods"": [""5"", ""6"", ""7""], ""raw"": ""5,6, 7""}]",,,https://course.nuk.edu.tw/QueryCourse/tcontent.asp?OpenYear=107&Helf=2&Sclass=CE&Cono=B04B,2026-08-26T18:18:27+00:00
107-2-CE-B061-A-2-A,107,2,工學院,CE,土木與環境工程學系,B061,A,大學部,2,A,流體力學,3,必,80,67,,13,甯蜀光,C01-B103 其他教室,,"3,4",3,,,,,"[{""day"": 2, ""dayName"": ""星期二"", ""periods"": [""3"", ""4""], ""raw"": ""3,4""}, {""day"": 3, ""dayName"": ""星期三"", ""periods"": [""3""], ""raw"": ""3""}]",,使用工學院大教室,https://course.nuk.edu.tw/QueryCourse/tcontent.asp?OpenYear=107&Helf=2&Sclass=CE&Cono=B061,2026-08-26T18:18:27+00:00
107-2-CE-B071-A-2-A,107,2,工學院,CE,土木與環境工程學系,B071,A,大學部,2,A,土壤力學,3,必,64,64,,0,童士恆,B01-103,"2,3",,1,,,,,"[{""day"": 1, ""dayName"": ""星期一"", ""periods"": [""2"", ""3""], ""raw"": ""2,3""}, {""day"": 3, ""dayName"": ""星期三"", ""periods"": [""1""], ""raw"": ""1""}]",外加,,https://course.nuk.edu.tw/QueryCourse/tcontent.asp?OpenYear=107&Helf=2&Sclass=CE&Cono=B071,2026-08-26T18:18:27+00:00
107-2-CE-B641-A-2-A,107,2,工學院,CE,土木與環境工程學系,B641,A,大學部,2,A,給水工程,3,選,60,51,,9,連興隆,C01-B103,1,"1,2",,,,,,"[{""day"": 1, ""dayName"": ""星期一"", ""periods"": [""1""], ""raw"": ""1""}, {""day"": 2, ""dayName"": ""星期二"", ""periods"": [""1"", ""2""], ""raw"": ""1,2""}]",,,https://course.nuk.edu.tw/QueryCourse/tcontent.asp?OpenYear=107&Helf=2&Sclass=CE&Cono=B641,2026-08-26T18:18:27+00:00
107-2-CE-C663-A-2-A,107,2,工學院,CE,土木與環境工程學系,C663,A,大學部,2,A,空氣污染與防制,3,選,76,76,,0,林啟琪,B01-104,,,2,"2,3",,,,"[{""day"": 3, ""dayName"": ""星期三"", ""periods"": [""2""], ""raw"": ""2""}, {""day"": 4, ""dayName"": ""星期四"", ""periods"": [""2"", ""3""], ""raw"": ""2,3""}]",,,https://course.nuk.edu.tw/QueryCourse/tcontent.asp?OpenYear=107&Helf=2&Sclass=CE&Cono=C663,2026-08-26T18:18:27+00:00
107-2-CE-D711-A-2-A,107,2,工學院,CE,土木與環境工程學系,D711,A,大學部,2,A,測量學實習,1,選,25,25,,0,俞肇球,C01-501,,,"7,8, 9",,,,,"[{""day"": 3, ""dayName"": ""星期三"", ""periods"": [""7"", ""8"", ""9""], ""raw"": ""7,8, 9""}]",,先修測量學及格，使用工501-1實驗室,https://course.nuk.edu.tw/QueryCourse/tcontent.asp?OpenYear=107&Helf=2&Sclass=CE&Cono=D711,2026-08-26T18:18:27+00:00
107-2-CE-B561-A-3-A,107,2,工學院,CE,土木與環境工程學系,B561,A,大學部,3,A,工程與環境地質,3,選,60,41,,19,王建智,B01-107,,,,,"2,3, 4",,,"[{""day"": 5, ""dayName"": ""星期五"", ""periods"": [""2"", ""3"", ""4""], ""raw"": ""2,3, 4""}]",,授課教師為王建智教授,https://course.nuk.edu.tw/QueryCourse/tcontent.asp?OpenYear=107&Helf=2&Sclass=CE&Cono=B561,2026-08-26T18:18:27+00:00
107-2-CE-B581-A-3-A,107,2,工學院,CE,土木與環境工程學系,B581,A,大學部,3,A,結構學,3,選,40,37,,3,張惠雲,C01-B101-1,5,"3,4",,,,,,"[{""day"": 1, ""dayName"": ""星期一"", ""periods"": [""5""], ""raw"": ""5""}, {""day"": 2, ""dayName"": ""星期二"", ""periods"": [""3"", ""4""], ""raw"": ""3,4""}]",學程,,https://course.nuk.edu.tw/QueryCourse/tcontent.asp?OpenYear=107&Helf=2&Sclass=CE&Cono=B581,2026-08-26T18:18:27+00:00
107-2-CE-C542-A-3-A,107,2,工學院,CE,土木與環境工程學系,C542,A,大學部,3,A,固體廢棄物,3,選,60,21,,39,林秋良,B01-104,,,,4,"3,4",,,"[{""day"": 4, ""dayName"": ""星期四"", ""periods"": [""4""], ""raw"": ""4""}, {""day"": 5, ""dayName"": ""星期五"", ""periods"": [""3"", ""4""], ""raw"": ""3,4""}]",,,https://course.nuk.edu.tw/QueryCourse/tcontent.asp?OpenYear=107&Helf=2&Sclass=CE&Cono=C542,2026-08-26T18:18:27+00:00
107-2-CE-C591-A-3-A,107,2,工學院,CE,土木與環境工程學系,C591,A,大學部,3,A,鋼筋混凝土設計,3,選,45,38,,7,陳振華,C01-B102-1,"2,3, 4",,,,,,,"[{""day"": 1, ""dayName"": ""星期一"", ""periods"": [""2"", ""3"", ""4""], ""raw"": ""2,3, 4""}]",學程,,https://course.nuk.edu.tw/QueryCourse/tcontent.asp?OpenYear=107&Helf=2&Sclass=CE&Cono=C591,2026-08-26T18:18:27+00:00
107-2-CE-C731-A-3-A,107,2,工學院,CE,土木與環境工程學系,C731,A,大學部,3,A,房屋結構設計,3,選,20,19,,1,張惠雲,C01-B101-1,"6,7",2,,,,,,"[{""day"": 1, ""dayName"": ""星期一"", ""periods"": [""6"", ""7""], ""raw"": ""6,7""}, {""day"": 2, ""dayName"": ""星期二"", ""periods"": [""2""], ""raw"": ""2""}]",,,https://course.nuk.edu.tw/QueryCourse/tcontent.asp?OpenYear=107&Helf=2&Sclass=CE&Cono=C731,2026-08-26T18:18:27+00:00
107-2-CE-C741-A-3-A,107,2,工學院,CE,土木與環境工程學系,C741,A,大學部,3,A,專題研究〈二〉,2,選,30,13,,17,甯蜀光,C01-106,,Y,Y,,,,,"[{""day"": 2, ""dayName"": ""星期二"", ""periods"": [""Y""], ""raw"": ""Y""}, {""day"": 3, ""dayName"": ""星期三"", ""periods"": [""Y""], ""raw"": ""Y""}]",,,https://course.nuk.edu.tw/QueryCourse/tcontent.asp?OpenYear=107&Helf=2&Sclass=CE&Cono=C741,2026-08-26T18:18:27+00:00
107-2-CE-C881-A-3-A,107,2,工學院,CE,土木與環境工程學系,C881,A,大學部,3,A,污水工程,3,選,60,32,,28,葉琮裕 連興隆,C01-B101,,,,"5,6",7,,,"[{""day"": 4, ""dayName"": ""星期四"", ""periods"": [""5"", ""6""], ""raw"": ""5,6""}, {""day"": 5, ""dayName"": ""星期五"", ""periods"": [""7""], ""raw"": ""7""}]",學程,,https://course.nuk.edu.tw/QueryCourse/tcontent.asp?OpenYear=107&Helf=2&Sclass=CE&Cono=C881,2026-08-26T18:18:27+00:00
107-2-CE-D511-A-4-A,107,2,工學院,CE,土木與環境工程學系,D511,A,大學部,4,A,環境規劃與管理,3,選,40,14,,26,甯蜀光,C01-106,,"6,7",4,,,,,"[{""day"": 2, ""dayName"": ""星期二"", ""periods"": [""6"", ""7""], ""raw"": ""6,7""}, {""day"": 3, ""dayName"": ""星期三"", ""periods"": [""4""], ""raw"": ""4""}]",,,https://course.nuk.edu.tw/QueryCourse/tcontent.asp?OpenYear=107&Helf=2&Sclass=CE&Cono=D511,2026-08-26T18:18:27+00:00
107-2-CE-D571-A-4-A,107,2,工學院,CE,土木與環境工程學系,D571,A,大學部,4,A,基礎科技英文讀寫,2,選,44,16,,28,葉琮裕,C01-B101-1,,"5,6",,,,,,"[{""day"": 2, ""dayName"": ""星期二"", ""periods"": [""5"", ""6""], ""raw"": ""5,6""}]",,全英語授課,https://course.nuk.edu.tw/QueryCourse/tcontent.asp?OpenYear=107&Helf=2&Sclass=CE&Cono=D571,2026-08-26T18:18:27+00:00
107-2-CE-D582-A-4-A,107,2,工學院,CE,土木與環境工程學系,D582,A,大學部,4,A,營建與環保法規實務,2,選,60,32,,28,李振榮,C01-106,,,"5,6",,,,,"[{""day"": 3, ""dayName"": ""星期三"", ""periods"": [""5"", ""6""], ""raw"": ""5,6""}]",,授課教師為李振榮教授,https://course.nuk.edu.tw/QueryCourse/tcontent.asp?OpenYear=107&Helf=2&Sclass=CE&Cono=D582,2026-08-26T18:18:27+00:00
107-2-CE-F513-A-4-A,107,2,工學院,CE,土木與環境工程學系,F513,A,大學部,4,A,結構矩陣,3,選,40,24,,16,李柏翰,B01-104,,,,,"7,8, 9",,,"[{""day"": 5, ""dayName"": ""星期五"", ""periods"": [""7"", ""8"", ""9""], ""raw"": ""7,8, 9""}]",學程,大四研一合開，教師：李柏翰,https://course.nuk.edu.tw/QueryCourse/tcontent.asp?OpenYear=107&Helf=2&Sclass=CE&Cono=F513,2026-08-26T18:18:27+00:00
107-2-CE-F514-A-4-A,107,2,工學院,CE,土木與環境工程學系,F514,A,大學部,4,A,高樓結構設計,3,選,40,18,,22,林庚達,C01-B101,,"8,9, 10",,,,,,"[{""day"": 2, ""dayName"": ""星期二"", ""periods"": [""8"", ""9"", ""10""], ""raw"": ""8,9, 10""}]",,大四研一合開,https://course.nuk.edu.tw/QueryCourse/tcontent.asp?OpenYear=107&Helf=2&Sclass=CE&Cono=F514,2026-08-26T18:18:27+00:00
107-2-CE-F515-A-4-A,107,2,工學院,CE,土木與環境工程學系,F515,A,大學部,4,A,結構實驗,1,選,10,10,,0,陳振華 張惠雲,C01-B101-1,"Y,8, 9",,,,,,,"[{""day"": 1, ""dayName"": ""星期一"", ""periods"": [""Y"", ""8"", ""9""], ""raw"": ""Y,8, 9""}]",,配合校外實驗,https://course.nuk.edu.tw/QueryCourse/tcontent.asp?OpenYear=107&Helf=2&Sclass=CE&Cono=F515,2026-08-26T18:18:27+00:00
107-2-CE-F521-A-4-A,107,2,工學院,CE,土木與環境工程學系,F521,A,大學部,4,A,實驗規劃與設計,3,選,40,9,,31,袁菁,C01-106,"5,6, 7",,,,,,,"[{""day"": 1, ""dayName"": ""星期一"", ""periods"": [""5"", ""6"", ""7""], ""raw"": ""5,6, 7""}]",,大四研一合開,https://course.nuk.edu.tw/QueryCourse/tcontent.asp?OpenYear=107&Helf=2&Sclass=CE&Cono=F521,2026-08-26T18:18:27+00:00
107-2-CE-F581-A-4-A,107,2,工學院,CE,土木與環境工程學系,F581,A,大學部,4,A,空氣污染控制設計,3,選,40,6,,34,林啟琪,C01-413,,,"3,4",4,,,,"[{""day"": 3, ""dayName"": ""星期三"", ""periods"": [""3"", ""4""], ""raw"": ""3,4""}, {""day"": 4, ""dayName"": ""星期四"", ""periods"": [""4""], ""raw"": ""4""}]",,大四研一合開,https://course.nuk.edu.tw/QueryCourse/tcontent.asp?OpenYear=107&Helf=2&Sclass=CE&Cono=F581,2026-08-26T18:18:27+00:00
107-2-CE-F601-A-4-A,107,2,工學院,CE,土木與環境工程學系,F601,A,大學部,4,A,有限元素法,3,選,40,30,,10,俞肇球,C01-B101-1,,,"2,3, 4",,,,,"[{""day"": 3, ""dayName"": ""星期三"", ""periods"": [""2"", ""3"", ""4""], ""raw"": ""2,3, 4""}]",,大四研一合開,https://course.nuk.edu.tw/QueryCourse/tcontent.asp?OpenYear=107&Helf=2&Sclass=CE&Cono=F601,2026-08-26T18:18:27+00:00
107-2-CE-F612-A-4-A,107,2,工學院,CE,土木與環境工程學系,F612,A,大學部,4,A,室內空氣品質,3,選,40,7,,33,林啟琪,C01-414,,"2,3, 4",,,,,,"[{""day"": 2, ""dayName"": ""星期二"", ""periods"": [""2"", ""3"", ""4""], ""raw"": ""2,3, 4""}]",學程,大四研一合開。全英語授課,https://course.nuk.edu.tw/QueryCourse/tcontent.asp?OpenYear=107&Helf=2&Sclass=CE&Cono=F612,2026-08-26T18:18:27+00:00
107-2-CE-F664-A-4-A,107,2,工學院,CE,土木與環境工程學系,F664,A,大學部,4,A,水土保持工程學,3,選,40,18,,22,劉紀宏,C01-B102,,,,"8,9, 10",,,,"[{""day"": 4, ""dayName"": ""星期四"", ""periods"": [""8"", ""9"", ""10""], ""raw"": ""8,9, 10""}]",,大四研一合開,https://course.nuk.edu.tw/QueryCourse/tcontent.asp?OpenYear=107&Helf=2&Sclass=CE&Cono=F664,2026-08-26T18:18:27+00:00
107-2-CE-F671-A-4-A,107,2,工學院,CE,土木與環境工程學系,F671,A,大學部,4,A,地震及防災工程,3,選,40,12,,28,吳明淏,C01-B101,,"2,3, 4",,,,,,"[{""day"": 2, ""dayName"": ""星期二"", ""periods"": [""2"", ""3"", ""4""], ""raw"": ""2,3, 4""}]",學程,大四研一合開,https://course.nuk.edu.tw/QueryCourse/tcontent.asp?OpenYear=107&Helf=2&Sclass=CE&Cono=F671,2026-08-26T18:18:27+00:00
107-2-CE-F715-A-4-A,107,2,工學院,CE,土木與環境工程學系,F715,A,大學部,4,A,再生能源憑證制度：理論與實務,3,選,40,11,,29,連興隆,C01-B101-1,"2,3, 4",,,,,,,"[{""day"": 1, ""dayName"": ""星期一"", ""periods"": [""2"", ""3"", ""4""], ""raw"": ""2,3, 4""}]",,大四研一合開,https://course.nuk.edu.tw/QueryCourse/tcontent.asp?OpenYear=107&Helf=2&Sclass=CE&Cono=F715,2026-08-26T18:18:27+00:00
107-2-CE-F513-M-1-,107,2,工學院,CE,土木與環境工程學系,F513,M,碩士班,1,,結構矩陣,3,選,40,24,,16,李柏翰,B01-104,,,,,"7,8, 9",,,"[{""day"": 5, ""dayName"": ""星期五"", ""periods"": [""7"", ""8"", ""9""], ""raw"": ""7,8, 9""}]",學程,"大四研一合開, 授課教師:李柏翰",https://course.nuk.edu.tw/QueryCourse/tcontent.asp?OpenYear=107&Helf=2&Sclass=CE&Cono=F513,2026-08-26T18:18:27+00:00
107-2-CE-F514-M-1-,107,2,工學院,CE,土木與環境工程學系,F514,M,碩士班,1,,高樓結構設計,3,選,40,18,,22,林庚達,C01-B101,,"8,9, 10",,,,,,"[{""day"": 2, ""dayName"": ""星期二"", ""periods"": [""8"", ""9"", ""10""], ""raw"": ""8,9, 10""}]",,大四研一合開,https://course.nuk.edu.tw/QueryCourse/tcontent.asp?OpenYear=107&Helf=2&Sclass=CE&Cono=F514,2026-08-26T18:18:27+00:00
107-2-CE-F515-M-1-,107,2,工學院,CE,土木與環境工程學系,F515,M,碩士班,1,,結構實驗,1,選,10,10,,0,陳振華 張惠雲,C01-B101-1,"Y,8, 9",,,,,,,"[{""day"": 1, ""dayName"": ""星期一"", ""periods"": [""Y"", ""8"", ""9""], ""raw"": ""Y,8, 9""}]",,配合校外實驗,https://course.nuk.edu.tw/QueryCourse/tcontent.asp?OpenYear=107&Helf=2&Sclass=CE&Cono=F515,2026-08-26T18:18:27+00:00
107-2-CE-F51A-M-1-,107,2,工學院,CE,土木與環境工程學系,F51A,M,碩士班,1,,專題討論(A),0,選,30,11,,19,童士恆,C01-106,,,"7,8",,,,,"[{""day"": 3, ""dayName"": ""星期三"", ""periods"": [""7"", ""8""], ""raw"": ""7,8""}]",,,https://course.nuk.edu.tw/QueryCourse/tcontent.asp?OpenYear=107&Helf=2&Sclass=CE&Cono=F51A,2026-08-26T18:18:27+00:00
107-2-CE-F51B-M-1-,107,2,工學院,CE,土木與環境工程學系,F51B,M,碩士班,1,,專題討論(B),0,選,30,15,,15,連興隆,,,,"7,8",,,,,"[{""day"": 3, ""dayName"": ""星期三"", ""periods"": [""7"", ""8""], ""raw"": ""7,8""}]",,,https://course.nuk.edu.tw/QueryCourse/tcontent.asp?OpenYear=107&Helf=2&Sclass=CE&Cono=F51B,2026-08-26T18:18:27+00:00
107-2-CE-F521-M-1-,107,2,工學院,CE,土木與環境工程學系,F521,M,碩士班,1,,實驗規劃與設計,3,選,40,9,,31,袁菁,C01-106,"5,6, 7",,,,,,,"[{""day"": 1, ""dayName"": ""星期一"", ""periods"": [""5"", ""6"", ""7""], ""raw"": ""5,6, 7""}]",,大四研一合開,https://course.nuk.edu.tw/QueryCourse/tcontent.asp?OpenYear=107&Helf=2&Sclass=CE&Cono=F521,2026-08-26T18:18:27+00:00
107-2-CE-F581-M-1-,107,2,工學院,CE,土木與環境工程學系,F581,M,碩士班,1,,空氣污染控制設計,3,選,40,6,,34,林啟琪,C01-413,,,"3,4",4,,,,"[{""day"": 3, ""dayName"": ""星期三"", ""periods"": [""3"", ""4""], ""raw"": ""3,4""}, {""day"": 4, ""dayName"": ""星期四"", ""periods"": [""4""], ""raw"": ""4""}]",,大四研一合開。全英語授課,https://course.nuk.edu.tw/QueryCourse/tcontent.asp?OpenYear=107&Helf=2&Sclass=CE&Cono=F581,2026-08-26T18:18:27+00:00
107-2-CE-F601-M-1-,107,2,工學院,CE,土木與環境工程學系,F601,M,碩士班,1,,有限元素法,3,選,40,30,,10,俞肇球,C01-B101-1,,,"2,3, 4",,,,,"[{""day"": 3, ""dayName"": ""星期三"", ""periods"": [""2"", ""3"", ""4""], ""raw"": ""2,3, 4""}]",,大四研一合開,https://course.nuk.edu.tw/QueryCourse/tcontent.asp?OpenYear=107&Helf=2&Sclass=CE&Cono=F601,2026-08-26T18:18:27+00:00
107-2-CE-F612-M-1-,107,2,工學院,CE,土木與環境工程學系,F612,M,碩士班,1,,室內空氣品質,3,選,40,7,,33,林啟琪,C01-414,,"2,3, 4",,,,,,"[{""day"": 2, ""dayName"": ""星期二"", ""periods"": [""2"", ""3"", ""4""], ""raw"": ""2,3, 4""}]",學程,大四研一合開,https://course.nuk.edu.tw/QueryCourse/tcontent.asp?OpenYear=107&Helf=2&Sclass=CE&Cono=F612,2026-08-26T18:18:27+00:00
107-2-CE-F661-M-1-,107,2,工學院,CE,土木與環境工程學系,F661,M,碩士班,1,,風工程,3,選,10,4,,6,陳振華,B01-104,"5,6, 7",,,,,,,"[{""day"": 1, ""dayName"": ""星期一"", ""periods"": [""5"", ""6"", ""7""], ""raw"": ""5,6, 7""}]",,,https://course.nuk.edu.tw/QueryCourse/tcontent.asp?OpenYear=107&Helf=2&Sclass=CE&Cono=F661,2026-08-26T18:18:27+00:00
107-2-CE-F664-M-1-,107,2,工學院,CE,土木與環境工程學系,F664,M,碩士班,1,,水土保持工程學,3,選,40,18,,22,劉紀宏,C01-B102,,,,"8,9, 10",,,,"[{""day"": 4, ""dayName"": ""星期四"", ""periods"": [""8"", ""9"", ""10""], ""raw"": ""8,9, 10""}]",,大四研一合開,https://course.nuk.edu.tw/QueryCourse/tcontent.asp?OpenYear=107&Helf=2&Sclass=CE&Cono=F664,2026-08-26T18:18:27+00:00
107-2-CE-F671-M-1-,107,2,工學院,CE,土木與環境工程學系,F671,M,碩士班,1,,地震及防災工程,3,選,40,12,,28,吳明淏,C01-B101,,"2,3, 4",,,,,,"[{""day"": 2, ""dayName"": ""星期二"", ""periods"": [""2"", ""3"", ""4""], ""raw"": ""2,3, 4""}]",學程,大四研一合開,https://course.nuk.edu.tw/QueryCourse/tcontent.asp?OpenYear=107&Helf=2&Sclass=CE&Cono=F671,2026-08-26T18:18:27+00:00
107-2-CE-F715-M-1-,107,2,工學院,CE,土木與環境工程學系,F715,M,碩士班,1,,再生能源憑證制度：理論與實務,3,選,30,11,,19,連興隆,C01-B101-1,"2,3, 4",,,,,,,"[{""day"": 1, ""dayName"": ""星期一"", ""periods"": [""2"", ""3"", ""4""], ""raw"": ""2,3, 4""}]",,大四研一合開,https://course.nuk.edu.tw/QueryCourse/tcontent.asp?OpenYear=107&Helf=2&Sclass=CE&Cono=F715,2026-08-26T18:18:27+00:00
107-2-CM-A01B-A-1-A,107,2,工學院,CM,化學工程及材料工程學系,A01B,A,大學部,1,A,微積分(二),3,必,60,47,,13,謝永堂,B01-105,,,"2,3, 4",,,,,"[{""day"": 3, ""dayName"": ""星期三"", ""periods"": [""2"", ""3"", ""4""], ""raw"": ""2,3, 4""}]",,全英語授課,https://course.nuk.edu.tw/QueryCourse/tcontent.asp?OpenYear=107&Helf=2&Sclass=CM&Cono=A01B,2026-08-26T18:18:27+00:00
107-2-CM-A031-A-1-A,107,2,工學院,CM,化學工程及材料工程學系,A031,A,大學部,1,A,普通物理實驗,1,必,50,44,,6,楊證富,C02-3004,,"2,3, 4",,,,,,"[{""day"": 2, ""dayName"": ""星期二"", ""periods"": [""2"", ""3"", ""4""], ""raw"": ""2,3, 4""}]",,於理學院應物實驗室C02-3004上課,https://course.nuk.edu.tw/QueryCourse/tcontent.asp?OpenYear=107&Helf=2&Sclass=CM&Cono=A031,2026-08-26T18:18:27+00:00
107-2-CM-A04B-A-1-A,107,2,工學院,CM,化學工程及材料工程學系,A04B,A,大學部,1,A,普通化學(二),2,必,60,43,,17,王宗櫚,C01-105,,"6,7",,,,,,"[{""day"": 2, ""dayName"": ""星期二"", ""periods"": [""6"", ""7""], ""raw"": ""6,7""}]",學程,屬高值化金屬製備特色人才培育學程,https://course.nuk.edu.tw/QueryCourse/tcontent.asp?OpenYear=107&Helf=2&Sclass=CM&Cono=A04B,2026-08-26T18:18:27+00:00
107-2-CM-A07B-A-1-A,107,2,工學院,CM,化學工程及材料工程學系,A07B,A,大學部,1,A,化工與材料科學導論(二),3,必,60,49,,11,王瑞琪,C01-202,,,,"2,3, 4",,,,"[{""day"": 4, ""dayName"": ""星期四"", ""periods"": [""2"", ""3"", ""4""], ""raw"": ""2,3, 4""}]",,,https://course.nuk.edu.tw/QueryCourse/tcontent.asp?OpenYear=107&Helf=2&Sclass=CM&Cono=A07B,2026-08-26T18:18:27+00:00
107-2-CM-A191-A-1-A,107,2,工學院,CM,化學工程及材料工程學系,A191,A,大學部,1,A,電子電工學,3,必,60,49,,11,楊證富,B01-104,"1,2, 3",,,,,,,"[{""day"": 1, ""dayName"": ""星期一"", ""periods"": [""1"", ""2"", ""3""], ""raw"": ""1,2, 3""}]",,,https://course.nuk.edu.tw/QueryCourse/tcontent.asp?OpenYear=107&Helf=2&Sclass=CM&Cono=A191,2026-08-26T18:18:27+00:00
107-2-CM-B00B-A-1-A,107,2,工學院,CM,化學工程及材料工程學系,B00B,A,大學部,1,A,工程數學(二),3,必,70,40,,30,楊乾信,C01-105,,,"2,3, 4",,,,,"[{""day"": 3, ""dayName"": ""星期三"", ""periods"": [""2"", ""3"", ""4""], ""raw"": ""2,3, 4""}]",,全英語授課,https://course.nuk.edu.tw/QueryCourse/tcontent.asp?OpenYear=107&Helf=2&Sclass=CM&Cono=B00B,2026-08-26T18:18:27+00:00
107-2-CM-B01A-A-1-A,107,2,工學院,CM,化學工程及材料工程學系,B01A,A,大學部,1,A,物理化學(一),3,必,60,49,,11,陳文正,C01-105,,,,,"2,3, 4",,,"[{""day"": 5, ""dayName"": ""星期五"", ""periods"": [""2"", ""3"", ""4""], ""raw"": ""2,3, 4""}]",,,https://course.nuk.edu.tw/QueryCourse/tcontent.asp?OpenYear=107&Helf=2&Sclass=CM&Cono=B01A,2026-08-26T18:18:27+00:00
107-2-CM-B092-A-1-A,107,2,工學院,CM,化學工程及材料工程學系,B092,A,大學部,1,A,有機材料化學(二),3,必,80,63,,17,鍾宜璋,B01-105,"2,3, 4",,,,,,,"[{""day"": 1, ""dayName"": ""星期一"", ""periods"": [""2"", ""3"", ""4""], ""raw"": ""2,3, 4""}]",,全英語授課,https://course.nuk.edu.tw/QueryCourse/tcontent.asp?OpenYear=107&Helf=2&Sclass=CM&Cono=B092,2026-08-26T18:18:27+00:00
107-2-CM-B00B-A-2-A,107,2,工學院,CM,化學工程及材料工程學系,B00B,A,大學部,2,A,工程數學(二),3,必,70,40,,30,楊乾信,C01-105,,,"2,3, 4",,,,,"[{""day"": 3, ""dayName"": ""星期三"", ""periods"": [""2"", ""3"", ""4""], ""raw"": ""2,3, 4""}]",,全英語授課,https://course.nuk.edu.tw/QueryCourse/tcontent.asp?OpenYear=107&Helf=2&Sclass=CM&Cono=B00B,2026-08-26T18:18:27+00:00
107-2-CM-B031-A-2-A,107,2,工學院,CM,化學工程及材料工程學系,B031,A,大學部,2,A,材料化學實驗,1,必,40,22,,18,蘇進成,C01-112 其他教室,,,,"5,6, 7",,,,"[{""day"": 4, ""dayName"": ""星期四"", ""periods"": [""5"", ""6"", ""7""], ""raw"": ""5,6, 7""}]",,請學號單號同學選修本課程，教室使用112實驗室與普通教室,https://course.nuk.edu.tw/QueryCourse/tcontent.asp?OpenYear=107&Helf=2&Sclass=CM&Cono=B031,2026-08-26T18:18:27+00:00
107-2-CM-B080-A-2-A,107,2,工學院,CM,化學工程及材料工程學系,B080,A,大學部,2,A,物理化學實驗,1,必,40,16,,24,陳文正,C01-112 其他教室,,,,,"5,6, 7",,,"[{""day"": 5, ""dayName"": ""星期五"", ""periods"": [""5"", ""6"", ""7""], ""raw"": ""5,6, 7""}]",,請學號雙號同學選修本課程，教室使用112實驗室與普通教室,https://course.nuk.edu.tw/QueryCourse/tcontent.asp?OpenYear=107&Helf=2&Sclass=CM&Cono=B080,2026-08-26T18:18:27+00:00
107-2-CM-B092-A-2-A,107,2,工學院,CM,化學工程及材料工程學系,B092,A,大學部,2,A,有機材料化學(二),3,必,80,63,,17,鍾宜璋,B01-105,"2,3, 4",,,,,,,"[{""day"": 1, ""dayName"": ""星期一"", ""periods"": [""2"", ""3"", ""4""], ""raw"": ""2,3, 4""}]",,全英語授課,https://course.nuk.edu.tw/QueryCourse/tcontent.asp?OpenYear=107&Helf=2&Sclass=CM&Cono=B092,2026-08-26T18:18:27+00:00
107-2-CM-B592-A-2-A,107,2,工學院,CM,化學工程及材料工程學系,B592,A,大學部,2,A,高分子化學,3,選,60,31,,29,王宗櫚,C01-105,,,,"2,3, 4",,,,"[{""day"": 4, ""dayName"": ""星期四"", ""periods"": [""2"", ""3"", ""4""], ""raw"": ""2,3, 4""}]",,,https://course.nuk.edu.tw/QueryCourse/tcontent.asp?OpenYear=107&Helf=2&Sclass=CM&Cono=B592,2026-08-26T18:18:27+00:00
107-2-CM-C091-A-2-A,107,2,工學院,CM,化學工程及材料工程學系,C091,A,大學部,2,A,化工與材料動力學,3,必,80,41,,39,蘇進成,B01-103,,"5,6, 7",,,,,,"[{""day"": 2, ""dayName"": ""星期二"", ""periods"": [""5"", ""6"", ""7""], ""raw"": ""5,6, 7""}]",,,https://course.nuk.edu.tw/QueryCourse/tcontent.asp?OpenYear=107&Helf=2&Sclass=CM&Cono=C091,2026-08-26T18:18:27+00:00
107-2-CM-C512-A-2-A,107,2,工學院,CM,化學工程及材料工程學系,C512,A,大學部,2,A,物理冶金專題,3,選,60,45,,15,呂正傑,C01-105,,"2,3, 4",,,,,,"[{""day"": 2, ""dayName"": ""星期二"", ""periods"": [""2"", ""3"", ""4""], ""raw"": ""2,3, 4""}]",學程,大二與大三合開，屬高值化金屬製備特色人才培育學程,https://course.nuk.edu.tw/QueryCourse/tcontent.asp?OpenYear=107&Helf=2&Sclass=CM&Cono=C512,2026-08-26T18:18:27+00:00
107-2-CM-D600-A-2-A,107,2,工學院,CM,化學工程及材料工程學系,D600,A,大學部,2,A,智慧財產權保護法制與實用,2,選,100,97,,3,黃耀霆,C01-B103,,,,,"3,4",,,"[{""day"": 5, ""dayName"": ""星期五"", ""periods"": [""3"", ""4""], ""raw"": ""3,4""}]",外加,大二大三合開,https://course.nuk.edu.tw/QueryCourse/tcontent.asp?OpenYear=107&Helf=2&Sclass=CM&Cono=D600,2026-08-26T18:18:27+00:00
107-2-CM-B11B-A-3-A,107,2,工學院,CM,化學工程及材料工程學系,B11B,A,大學部,3,A,化工與材料輸送現象(二),3,必,80,48,,32,林宏殷,C01-105,"5,6, 7",,,,,,,"[{""day"": 1, ""dayName"": ""星期一"", ""periods"": [""5"", ""6"", ""7""], ""raw"": ""5,6, 7""}]",,,https://course.nuk.edu.tw/QueryCourse/tcontent.asp?OpenYear=107&Helf=2&Sclass=CM&Cono=B11B,2026-08-26T18:18:27+00:00
107-2-CM-C072-A-3-A,107,2,工學院,CM,化學工程及材料工程學系,C072,A,大學部,3,A,化工與材料實驗(II),1,必,60,45,,15,陳文正 王宗櫚 謝永堂 鍾宜璋,C01-112 其他教室,,,"6,7, 8,9",,,,,"[{""day"": 3, ""dayName"": ""星期三"", ""periods"": [""6"", ""7"", ""8"", ""9""], ""raw"": ""6,7, 8,9""}]",,教室使用工學院112實驗室與普通教室授課,https://course.nuk.edu.tw/QueryCourse/tcontent.asp?OpenYear=107&Helf=2&Sclass=CM&Cono=C072,2026-08-26T18:18:27+00:00
107-2-CM-C10B-A-3-A,107,2,工學院,CM,化學工程及材料工程學系,C10B,A,大學部,3,A,化工與材料熱力學(II),3,必,80,48,,32,呂正傑,B01-101,,,"2,3, 4",,,,,"[{""day"": 3, ""dayName"": ""星期三"", ""periods"": [""2"", ""3"", ""4""], ""raw"": ""2,3, 4""}]",學程,屬高值化金屬製備特色人才培育學程,https://course.nuk.edu.tw/QueryCourse/tcontent.asp?OpenYear=107&Helf=2&Sclass=CM&Cono=C10B,2026-08-26T18:18:27+00:00
107-2-CM-C512-A-3-A,107,2,工學院,CM,化學工程及材料工程學系,C512,A,大學部,3,A,物理冶金專題,3,選,60,45,,15,呂正傑,C01-105,,"2,3, 4",,,,,,"[{""day"": 2, ""dayName"": ""星期二"", ""periods"": [""2"", ""3"", ""4""], ""raw"": ""2,3, 4""}]",學程,大二與大三合開，屬高值化金屬製備特色人才培育學程,https://course.nuk.edu.tw/QueryCourse/tcontent.asp?OpenYear=107&Helf=2&Sclass=CM&Cono=C512,2026-08-26T18:18:27+00:00
107-2-CM-C521-A-3-A,107,2,工學院,CM,化學工程及材料工程學系,C521,A,大學部,3,A,高分子物理,3,選,60,19,,41,蘇進成,C01-B102,"2,3, 4",,,,,,,"[{""day"": 1, ""dayName"": ""星期一"", ""periods"": [""2"", ""3"", ""4""], ""raw"": ""2,3, 4""}]",,,https://course.nuk.edu.tw/QueryCourse/tcontent.asp?OpenYear=107&Helf=2&Sclass=CM&Cono=C521,2026-08-26T18:18:27+00:00
107-2-CM-C642-A-3-A,107,2,工學院,CM,化學工程及材料工程學系,C642,A,大學部,3,A,專題研究(二),1,選,60,23,,37,謝永堂 何文福 呂正傑 楊乾信 鍾宜璋,C01-105,,Y,Y,Y,,,,"[{""day"": 2, ""dayName"": ""星期二"", ""periods"": [""Y""], ""raw"": ""Y""}, {""day"": 3, ""dayName"": ""星期三"", ""periods"": [""Y""], ""raw"": ""Y""}, {""day"": 4, ""dayName"": ""星期四"", ""periods"": [""Y""], ""raw"": ""Y""}]",,,https://course.nuk.edu.tw/QueryCourse/tcontent.asp?OpenYear=107&Helf=2&Sclass=CM&Cono=C642,2026-08-26T18:18:27+00:00
107-2-CM-D07B-A-3-A,107,2,工學院,CM,化學工程及材料工程學系,D07B,A,大學部,3,A,專題討論(II),0,必,60,39,,21,王瑞琪,C01-114,,"5,6",,,,,,"[{""day"": 2, ""dayName"": ""星期二"", ""periods"": [""5"", ""6""], ""raw"": ""5,6""}]",,使用工學院演講廳授課,https://course.nuk.edu.tw/QueryCourse/tcontent.asp?OpenYear=107&Helf=2&Sclass=CM&Cono=D07B,2026-08-26T18:18:27+00:00
107-2-CM-D600-A-3-A,107,2,工學院,CM,化學工程及材料工程學系,D600,A,大學部,3,A,智慧財產權保護法制與實用,2,選,100,97,,3,黃耀霆,C01-B103,,,,,"3,4",,,"[{""day"": 5, ""dayName"": ""星期五"", ""periods"": [""3"", ""4""], ""raw"": ""3,4""}]",,大二大三合開,https://course.nuk.edu.tw/QueryCourse/tcontent.asp?OpenYear=107&Helf=2&Sclass=CM&Cono=D600,2026-08-26T18:18:27+00:00
107-2-CM-D631-A-3-A,107,2,工學院,CM,化學工程及材料工程學系,D631,A,大學部,3,A,材料機械性質,3,選,60,36,,24,何文福,C01-B101-1,,,,"2,3, 4",,,,"[{""day"": 4, ""dayName"": ""星期四"", ""periods"": [""2"", ""3"", ""4""], ""raw"": ""2,3, 4""}]",學程,屬高值化金屬製備特色人才培育學程，與土環系合開,https://course.nuk.edu.tw/QueryCourse/tcontent.asp?OpenYear=107&Helf=2&Sclass=CM&Cono=D631,2026-08-26T18:18:27+00:00
107-2-CM-F535-A-3-A,107,2,工學院,CM,化學工程及材料工程學系,F535,A,大學部,3,A,生醫工程概論,3,選,19,17,,2,劉開璽,C01-105,,,,,"6,7, 8",,,"[{""day"": 5, ""dayName"": ""星期五"", ""periods"": [""6"", ""7"", ""8""], ""raw"": ""6,7, 8""}]",外加,大三、大四與碩一合開,https://course.nuk.edu.tw/QueryCourse/tcontent.asp?OpenYear=107&Helf=2&Sclass=CM&Cono=F535,2026-08-26T18:18:27+00:00
107-2-CM-F671-A-3-A,107,2,工學院,CM,化學工程及材料工程學系,F671,A,大學部,3,A,金屬材料特性、加工與智慧製造,3,選,60,20,,40,何文福 林東毅 林宏殷,C01-105,,,,"5,6, 7",,,,"[{""day"": 4, ""dayName"": ""星期四"", ""periods"": [""5"", ""6"", ""7""], ""raw"": ""5,6, 7""}]",學程,大三、大四與碩一合開，屬扎根計畫課程，高值化金屬製備特色人才培育學程,https://course.nuk.edu.tw/QueryCourse/tcontent.asp?OpenYear=107&Helf=2&Sclass=CM&Cono=F671,2026-08-26T18:18:27+00:00
107-2-CM-D62C-A-4-A,107,2,工學院,CM,化學工程及材料工程學系,D62C,A,大學部,4,A,業界實習(三),9,選,30,14,,16,林宏殷 王宗櫚 楊證富,C01-105,,X,X,X,,,,"[{""day"": 2, ""dayName"": ""星期二"", ""periods"": [""X""], ""raw"": ""X""}, {""day"": 3, ""dayName"": ""星期三"", ""periods"": [""X""], ""raw"": ""X""}, {""day"": 4, ""dayName"": ""星期四"", ""periods"": [""X""], ""raw"": ""X""}]",學程,屬高值化金屬製備特色人才培育學程，實習須達450小時,https://course.nuk.edu.tw/QueryCourse/tcontent.asp?OpenYear=107&Helf=2&Sclass=CM&Cono=D62C,2026-08-26T18:18:27+00:00
107-2-CM-F031-A-4-A,107,2,工學院,CM,化學工程及材料工程學系,F031,A,大學部,4,A,高等動力學,3,選,30,14,,16,謝永堂,C01-B102,,,,"2,3, 4",,,,"[{""day"": 4, ""dayName"": ""星期四"", ""periods"": [""2"", ""3"", ""4""], ""raw"": ""2,3, 4""}]",,全英語授課屬碩士班核心課程,https://course.nuk.edu.tw/QueryCourse/tcontent.asp?OpenYear=107&Helf=2&Sclass=CM&Cono=F031,2026-08-26T18:18:27+00:00
107-2-CM-F535-A-4-A,107,2,工學院,CM,化學工程及材料工程學系,F535,A,大學部,4,A,生醫工程概論,3,選,19,17,,2,劉開璽,C01-105,,,,,"6,7, 8",,,"[{""day"": 5, ""dayName"": ""星期五"", ""periods"": [""6"", ""7"", ""8""], ""raw"": ""6,7, 8""}]",外加,大三、大四與碩一合開,https://course.nuk.edu.tw/QueryCourse/tcontent.asp?OpenYear=107&Helf=2&Sclass=CM&Cono=F535,2026-08-26T18:18:27+00:00
107-2-CM-F561-A-4-A,107,2,工學院,CM,化學工程及材料工程學系,F561,A,大學部,4,A,高分子特論,3,選,50,6,,44,鍾宜璋,C01-B101,"5,6, 7",,,,,,,"[{""day"": 1, ""dayName"": ""星期一"", ""periods"": [""5"", ""6"", ""7""], ""raw"": ""5,6, 7""}]",,大四與碩一合開,https://course.nuk.edu.tw/QueryCourse/tcontent.asp?OpenYear=107&Helf=2&Sclass=CM&Cono=F561,2026-08-26T18:18:27+00:00
107-2-CM-F571-A-4-A,107,2,工學院,CM,化學工程及材料工程學系,F571,A,大學部,4,A,X-光繞射與晶體結構,3,選,40,14,,26,呂正傑,C01-B101,"2,3, 4",,,,,,,"[{""day"": 1, ""dayName"": ""星期一"", ""periods"": [""2"", ""3"", ""4""], ""raw"": ""2,3, 4""}]",學程,大四與碩一合開，屬高值化金屬製備特色人才培育學程,https://course.nuk.edu.tw/QueryCourse/tcontent.asp?OpenYear=107&Helf=2&Sclass=CM&Cono=F571,2026-08-26T18:18:27+00:00
107-2-CM-F611-A-4-A,107,2,工學院,CM,化學工程及材料工程學系,F611,A,大學部,4,A,光電材料與製程,3,選,60,4,,56,楊證富,C01-B107-1,"5,6, 7",,,,,,,"[{""day"": 1, ""dayName"": ""星期一"", ""periods"": [""5"", ""6"", ""7""], ""raw"": ""5,6, 7""}]",,大四與碩一合開,https://course.nuk.edu.tw/QueryCourse/tcontent.asp?OpenYear=107&Helf=2&Sclass=CM&Cono=F611,2026-08-26T18:18:27+00:00
107-2-CM-F662-A-4-A,107,2,工學院,CM,化學工程及材料工程學系,F662,A,大學部,4,A,材料表面分析,3,選,30,10,,20,王瑞琪,C01-B101,,,"2,3, 4",,,,,"[{""day"": 3, ""dayName"": ""星期三"", ""periods"": [""2"", ""3"", ""4""], ""raw"": ""2,3, 4""}]",學程,"大四與碩一合開，屬高值化金屬製備特色人才培育學程, 「磁電材料」跨院系學分學程,半導體光電製程學程",https://course.nuk.edu.tw/QueryCourse/tcontent.asp?OpenYear=107&Helf=2&Sclass=CM&Cono=F662,2026-08-26T18:18:27+00:00
107-2-CM-F663-A-4-A,107,2,工學院,CM,化學工程及材料工程學系,F663,A,大學部,4,A,表面處理與防蝕技術,3,選,50,22,,28,林東毅,C01-B101,,,"5,6, 7",,,,,"[{""day"": 3, ""dayName"": ""星期三"", ""periods"": [""5"", ""6"", ""7""], ""raw"": ""5,6, 7""}]",學程,大四、碩一與碩二合開，屬高值化金屬製備特色人才培育學程,https://course.nuk.edu.tw/QueryCourse/tcontent.asp?OpenYear=107&Helf=2&Sclass=CM&Cono=F663,2026-08-26T18:18:27+00:00
107-2-CM-F671-A-4-A,107,2,工學院,CM,化學工程及材料工程學系,F671,A,大學部,4,A,金屬材料特性、加工與智慧製造,3,選,60,20,,40,何文福 林東毅 林宏殷,C01-105,,,,"5,6, 7",,,,"[{""day"": 4, ""dayName"": ""星期四"", ""periods"": [""5"", ""6"", ""7""], ""raw"": ""5,6, 7""}]",學程,大三、大四與碩一合開，屬扎根計畫課程，高值化金屬製備特色人才培育學程,https://course.nuk.edu.tw/QueryCourse/tcontent.asp?OpenYear=107&Helf=2&Sclass=CM&Cono=F671,2026-08-26T18:18:27+00:00
107-2-CM-F701-A-4-A,107,2,工學院,CM,化學工程及材料工程學系,F701,A,大學部,4,A,鈦合金材料特性與應用,3,選,30,6,,24,何文福,C01-414,,,,,"2,3, 4",,,"[{""day"": 5, ""dayName"": ""星期五"", ""periods"": [""2"", ""3"", ""4""], ""raw"": ""2,3, 4""}]",,大四與碩一合開,https://course.nuk.edu.tw/QueryCourse/tcontent.asp?OpenYear=107&Helf=2&Sclass=CM&Cono=F701,2026-08-26T18:18:27+00:00
107-2-CM-G521-A-4-A,107,2,工學院,CM,化學工程及材料工程學系,G521,A,大學部,4,A,能源材料特論,3,選,27,26,,1,楊乾信,C01-B102,,"2,3, 4",,,,,,"[{""day"": 2, ""dayName"": ""星期二"", ""periods"": [""2"", ""3"", ""4""], ""raw"": ""2,3, 4""}]",外加,大四與碩一合開,https://course.nuk.edu.tw/QueryCourse/tcontent.asp?OpenYear=107&Helf=2&Sclass=CM&Cono=G521,2026-08-26T18:18:27+00:00
107-2-CM-F02B-M-1-,107,2,工學院,CM,化學工程及材料工程學系,F02B,M,碩士班,1,,專題討論(II),0,必,40,34,,6,楊乾信,C01-414,,"5,6",,,,,,"[{""day"": 2, ""dayName"": ""星期二"", ""periods"": [""5"", ""6""], ""raw"": ""5,6""}]",,碩一與碩二合開,https://course.nuk.edu.tw/QueryCourse/tcontent.asp?OpenYear=107&Helf=2&Sclass=CM&Cono=F02B,2026-08-26T18:18:27+00:00
107-2-CM-F031-M-1-,107,2,工學院,CM,化學工程及材料工程學系,F031,M,碩士班,1,,高等動力學,3,選,30,14,,16,謝永堂,C01-B102,,,,"2,3, 4",,,,"[{""day"": 4, ""dayName"": ""星期四"", ""periods"": [""2"", ""3"", ""4""], ""raw"": ""2,3, 4""}]",,全英語授課屬碩士班核心課程,https://course.nuk.edu.tw/QueryCourse/tcontent.asp?OpenYear=107&Helf=2&Sclass=CM&Cono=F031,2026-08-26T18:18:27+00:00
107-2-CM-F051-M-1-,107,2,工學院,CM,化學工程及材料工程學系,F051,M,碩士班,1,,精密儀器分析與實作,3,必,30,19,,11,呂正傑 王瑞琪 鍾宜璋,C01-105,,1,1,1,,,,"[{""day"": 2, ""dayName"": ""星期二"", ""periods"": [""1""], ""raw"": ""1""}, {""day"": 3, ""dayName"": ""星期三"", ""periods"": [""1""], ""raw"": ""1""}, {""day"": 4, ""dayName"": ""星期四"", ""periods"": [""1""], ""raw"": ""1""}]",,限化材系碩士班同學選修,https://course.nuk.edu.tw/QueryCourse/tcontent.asp?OpenYear=107&Helf=2&Sclass=CM&Cono=F051,2026-08-26T18:18:27+00:00
107-2-CM-F500-M-1-,107,2,工學院,CM,化學工程及材料工程學系,F500,M,碩士班,1,,教學實務演練(化學工程及材料工程學系),1,選,40,31,,9,林宏殷,C01-B102,,Y,,,,,,"[{""day"": 2, ""dayName"": ""星期二"", ""periods"": [""Y""], ""raw"": ""Y""}]",,碩一與碩二合開,https://course.nuk.edu.tw/QueryCourse/tcontent.asp?OpenYear=107&Helf=2&Sclass=CM&Cono=F500,2026-08-26T18:18:27+00:00
107-2-CM-F535-M-1-,107,2,工學院,CM,化學工程及材料工程學系,F535,M,碩士班,1,,生醫工程概論,3,選,19,17,,2,劉開璽,C01-105,,,,,"6,7, 8",,,"[{""day"": 5, ""dayName"": ""星期五"", ""periods"": [""6"", ""7"", ""8""], ""raw"": ""6,7, 8""}]",外加,大三、大四與碩一合開,https://course.nuk.edu.tw/QueryCourse/tcontent.asp?OpenYear=107&Helf=2&Sclass=CM&Cono=F535,2026-08-26T18:18:27+00:00
107-2-CM-F561-M-1-,107,2,工學院,CM,化學工程及材料工程學系,F561,M,碩士班,1,,高分子特論,3,選,50,6,,44,鍾宜璋,C01-B101,"5,6, 7",,,,,,,"[{""day"": 1, ""dayName"": ""星期一"", ""periods"": [""5"", ""6"", ""7""], ""raw"": ""5,6, 7""}]",,大四與碩一合開,https://course.nuk.edu.tw/QueryCourse/tcontent.asp?OpenYear=107&Helf=2&Sclass=CM&Cono=F561,2026-08-26T18:18:27+00:00
107-2-CM-F571-M-1-,107,2,工學院,CM,化學工程及材料工程學系,F571,M,碩士班,1,,X-光繞射與晶體結構,3,選,40,14,,26,呂正傑,C01-B101,"2,3, 4",,,,,,,"[{""day"": 1, ""dayName"": ""星期一"", ""periods"": [""2"", ""3"", ""4""], ""raw"": ""2,3, 4""}]",學程,大四與碩一合開，屬高值化金屬製備特色人才培育學程,https://course.nuk.edu.tw/QueryCourse/tcontent.asp?OpenYear=107&Helf=2&Sclass=CM&Cono=F571,2026-08-26T18:18:27+00:00
107-2-CM-F611-M-1-,107,2,工學院,CM,化學工程及材料工程學系,F611,M,碩士班,1,,光電材料與製程,3,選,60,4,,56,楊證富,C01-B107-1,"5,6, 7",,,,,,,"[{""day"": 1, ""dayName"": ""星期一"", ""periods"": [""5"", ""6"", ""7""], ""raw"": ""5,6, 7""}]",,大四與碩一合開,https://course.nuk.edu.tw/QueryCourse/tcontent.asp?OpenYear=107&Helf=2&Sclass=CM&Cono=F611,2026-08-26T18:18:27+00:00
107-2-CM-F662-M-1-,107,2,工學院,CM,化學工程及材料工程學系,F662,M,碩士班,1,,材料表面分析,3,選,30,10,,20,王瑞琪,C01-B101,,,"2,3, 4",,,,,"[{""day"": 3, ""dayName"": ""星期三"", ""periods"": [""2"", ""3"", ""4""], ""raw"": ""2,3, 4""}]",學程,"大四與碩一合開，屬高值化金屬製備特色人才培育學程, 「磁電材料」跨院系學分學程,半導體光電製程學程",https://course.nuk.edu.tw/QueryCourse/tcontent.asp?OpenYear=107&Helf=2&Sclass=CM&Cono=F662,2026-08-26T18:18:27+00:00
107-2-CM-F663-M-1-,107,2,工學院,CM,化學工程及材料工程學系,F663,M,碩士班,1,,表面處理與防蝕技術,3,選,50,22,,28,林東毅,C01-B101,,,"5,6, 7",,,,,"[{""day"": 3, ""dayName"": ""星期三"", ""periods"": [""5"", ""6"", ""7""], ""raw"": ""5,6, 7""}]",學程,大四、碩一與碩二合開，屬高值化金屬製備特色人才培育學程,https://course.nuk.edu.tw/QueryCourse/tcontent.asp?OpenYear=107&Helf=2&Sclass=CM&Cono=F663,2026-08-26T18:18:27+00:00
107-2-CM-F671-M-1-,107,2,工學院,CM,化學工程及材料工程學系,F671,M,碩士班,1,,金屬材料特性、加工與智慧製造,3,選,60,20,,40,何文福 林東毅 林宏殷,C01-105,,,,"5,6, 7",,,,"[{""day"": 4, ""dayName"": ""星期四"", ""periods"": [""5"", ""6"", ""7""], ""raw"": ""5,6, 7""}]",學程,大三、大四與碩一合開，屬扎根計畫課程，高值化金屬製備特色人才培育學程,https://course.nuk.edu.tw/QueryCourse/tcontent.asp?OpenYear=107&Helf=2&Sclass=CM&Cono=F671,2026-08-26T18:18:27+00:00
107-2-CM-F701-M-1-,107,2,工學院,CM,化學工程及材料工程學系,F701,M,碩士班,1,,鈦合金材料特性與應用,3,選,30,6,,24,何文福,C01-414,,,,,"2,3, 4",,,"[{""day"": 5, ""dayName"": ""星期五"", ""periods"": [""2"", ""3"", ""4""], ""raw"": ""2,3, 4""}]",,大四與碩一合開,https://course.nuk.edu.tw/QueryCourse/tcontent.asp?OpenYear=107&Helf=2&Sclass=CM&Cono=F701,2026-08-26T18:18:27+00:00
107-2-CM-G521-M-1-,107,2,工學院,CM,化學工程及材料工程學系,G521,M,碩士班,1,,能源材料特論,3,選,27,26,,1,楊乾信,C01-B102,,"2,3, 4",,,,,,"[{""day"": 2, ""dayName"": ""星期二"", ""periods"": [""2"", ""3"", ""4""], ""raw"": ""2,3, 4""}]",外加,大四與碩一合開,https://course.nuk.edu.tw/QueryCourse/tcontent.asp?OpenYear=107&Helf=2&Sclass=CM&Cono=G521,2026-08-26T18:18:27+00:00
107-2-CM-F02B-M-2-,107,2,工學院,CM,化學工程及材料工程學系,F02B,M,碩士班,2,,專題討論(II),0,必,40,34,,6,楊乾信,C01-414,,"5,6",,,,,,"[{""day"": 2, ""dayName"": ""星期二"", ""periods"": [""5"", ""6""], ""raw"": ""5,6""}]",,碩一與碩二合開,https://course.nuk.edu.tw/QueryCourse/tcontent.asp?OpenYear=107&Helf=2&Sclass=CM&Cono=F02B,2026-08-26T18:18:27+00:00
107-2-CM-F500-M-2-,107,2,工學院,CM,化學工程及材料工程學系,F500,M,碩士班,2,,教學實務演練(化學工程及材料工程學系),1,選,40,31,,9,林宏殷,C01-B102,,Y,,,,,,"[{""day"": 2, ""dayName"": ""星期二"", ""periods"": [""Y""], ""raw"": ""Y""}]",,碩一與碩二合開,https://course.nuk.edu.tw/QueryCourse/tcontent.asp?OpenYear=107&Helf=2&Sclass=CM&Cono=F500,2026-08-26T18:18:27+00:00
107-2-CM-F663-M-2-,107,2,工學院,CM,化學工程及材料工程學系,F663,M,碩士班,2,,表面處理與防蝕技術,3,選,50,22,,28,林東毅,C01-B101,,,"5,6, 7",,,,,"[{""day"": 3, ""dayName"": ""星期三"", ""periods"": [""5"", ""6"", ""7""], ""raw"": ""5,6, 7""}]",學程,大四、碩一與碩二合開，屬高值化金屬製備特色人才培育學程,https://course.nuk.edu.tw/QueryCourse/tcontent.asp?OpenYear=107&Helf=2&Sclass=CM&Cono=F663,2026-08-26T18:18:27+00:00
107-2-CS-A02B-A-1-A,107,2,工學院,CS,資訊工程學系,A02B,A,大學部,1,A,微積分(二),3,必,68,60,,8,陳建源,B01-104,,"5,6, 7",,,,,,"[{""day"": 2, ""dayName"": ""星期二"", ""periods"": [""5"", ""6"", ""7""], ""raw"": ""5,6, 7""}]",限修及外加,,https://course.nuk.edu.tw/QueryCourse/tcontent.asp?OpenYear=107&Helf=2&Sclass=CS&Cono=A02B,2026-08-26T18:18:27+00:00
107-2-CS-A041-A-1-A,107,2,工學院,CS,資訊工程學系,A041,A,大學部,1,A,線性代數,3,必,60,57,,3,洪宗貝,C01-105,"2,3, 4",,,,,,,"[{""day"": 1, ""dayName"": ""星期一"", ""periods"": [""2"", ""3"", ""4""], ""raw"": ""2,3, 4""}]",,,https://course.nuk.edu.tw/QueryCourse/tcontent.asp?OpenYear=107&Helf=2&Sclass=CS&Cono=A041,2026-08-26T18:18:27+00:00
107-2-CS-A051-A-1-A,107,2,工學院,CS,資訊工程學系,A051,A,大學部,1,A,數位系統導論,3,必,60,60,,0,潘欣泰,B01-204,,,"2,3, 4",,,,,"[{""day"": 3, ""dayName"": ""星期三"", ""periods"": [""2"", ""3"", ""4""], ""raw"": ""2,3, 4""}]",,,https://course.nuk.edu.tw/QueryCourse/tcontent.asp?OpenYear=107&Helf=2&Sclass=CS&Cono=A051,2026-08-26T18:18:27+00:00
107-2-CS-A07B-A-1-A,107,2,工學院,CS,資訊工程學系,A07B,A,大學部,1,A,程式設計與實習（二）,2,必,54,54,,0,張保榮,C01-200,,"2,3, 4",,,,,,"[{""day"": 2, ""dayName"": ""星期二"", ""periods"": [""2"", ""3"", ""4""], ""raw"": ""2,3, 4""}]",外加,,https://course.nuk.edu.tw/QueryCourse/tcontent.asp?OpenYear=107&Helf=2&Sclass=CS&Cono=A07B,2026-08-26T18:18:27+00:00
107-2-CS-B011-A-2-A,107,2,工學院,CS,資訊工程學系,B011,A,大學部,2,A,資料結構,3,必,58,50,,8,黃健,B01-105 其他教室,,,,,"6,7, 8",,,"[{""day"": 5, ""dayName"": ""星期五"", ""periods"": [""6"", ""7"", ""8""], ""raw"": ""6,7, 8""}]",,,https://course.nuk.edu.tw/QueryCourse/tcontent.asp?OpenYear=107&Helf=2&Sclass=CS&Cono=B011,2026-08-26T18:18:27+00:00
107-2-CS-B042-A-2-A,107,2,工學院,CS,資訊工程學系,B042,A,大學部,2,A,數位電路實驗,1,必,45,41,,4,潘欣泰,C01-208,,"2,3, 4",,,,,,"[{""day"": 2, ""dayName"": ""星期二"", ""periods"": [""2"", ""3"", ""4""], ""raw"": ""2,3, 4""}]",,,https://course.nuk.edu.tw/QueryCourse/tcontent.asp?OpenYear=107&Helf=2&Sclass=CS&Cono=B042,2026-08-26T18:18:27+00:00
107-2-CS-B061-A-2-A,107,2,工學院,CS,資訊工程學系,B061,A,大學部,2,A,工程數學,3,必,60,44,,16,殷堂凱,B01-204,"2,3, 4",,,,,,,"[{""day"": 1, ""dayName"": ""星期一"", ""periods"": [""2"", ""3"", ""4""], ""raw"": ""2,3, 4""}]",,,https://course.nuk.edu.tw/QueryCourse/tcontent.asp?OpenYear=107&Helf=2&Sclass=CS&Cono=B061,2026-08-26T18:18:27+00:00
107-2-CS-B071-A-2-A,107,2,工學院,CS,資訊工程學系,B071,A,大學部,2,A,組合語言與系統程式,3,必,57,46,,11,余亞儒,C01-200,,,"2,3, 4",,,,,"[{""day"": 3, ""dayName"": ""星期三"", ""periods"": [""2"", ""3"", ""4""], ""raw"": ""2,3, 4""}]",,,https://course.nuk.edu.tw/QueryCourse/tcontent.asp?OpenYear=107&Helf=2&Sclass=CS&Cono=B071,2026-08-26T18:18:27+00:00
107-2-CS-B543-A-2-A,107,2,工學院,CS,資訊工程學系,B543,A,大學部,2,A,java程式設計,3,選,52,50,,2,余亞儒,C01-200,,,,"2,3, 4",,,,"[{""day"": 4, ""dayName"": ""星期四"", ""periods"": [""2"", ""3"", ""4""], ""raw"": ""2,3, 4""}]",限修,,https://course.nuk.edu.tw/QueryCourse/tcontent.asp?OpenYear=107&Helf=2&Sclass=CS&Cono=B543,2026-08-26T18:18:27+00:00
107-2-CS-C051-A-3-A,107,2,工學院,CS,資訊工程學系,C051,A,大學部,3,A,專題研究(一),1,必,60,38,,22,殷堂凱,,,,,,"10,11",,,"[{""day"": 5, ""dayName"": ""星期五"", ""periods"": [""10"", ""11""], ""raw"": ""10,11""}]",,,https://course.nuk.edu.tw/QueryCourse/tcontent.asp?OpenYear=107&Helf=2&Sclass=CS&Cono=C051,2026-08-26T18:18:27+00:00
107-2-CS-C061-A-3-A,107,2,工學院,CS,資訊工程學系,C061,A,大學部,3,A,作業系統,3,必,67,51,,16,吳俊興,B01-106,"2,3, 4",,,,,,,"[{""day"": 1, ""dayName"": ""星期一"", ""periods"": [""2"", ""3"", ""4""], ""raw"": ""2,3, 4""}]",,,https://course.nuk.edu.tw/QueryCourse/tcontent.asp?OpenYear=107&Helf=2&Sclass=CS&Cono=C061,2026-08-26T18:18:27+00:00
107-2-CS-C071-A-3-A,107,2,工學院,CS,資訊工程學系,C071,A,大學部,3,A,軟體工程,3,必,50,47,,3,林文揚,B01-204 其他教室,"6,7, 8",,,,,,,"[{""day"": 1, ""dayName"": ""星期一"", ""periods"": [""6"", ""7"", ""8""], ""raw"": ""6,7, 8""}]",學程,,https://course.nuk.edu.tw/QueryCourse/tcontent.asp?OpenYear=107&Helf=2&Sclass=CS&Cono=C071,2026-08-26T18:18:27+00:00
107-2-CS-C522-A-3-A,107,2,工學院,CS,資訊工程學系,C522,A,大學部,3,A,信號與系統,3,選,60,31,,29,潘欣泰,B01-204,,,,"2,3, 4",,,,"[{""day"": 4, ""dayName"": ""星期四"", ""periods"": [""2"", ""3"", ""4""], ""raw"": ""2,3, 4""}]",,,https://course.nuk.edu.tw/QueryCourse/tcontent.asp?OpenYear=107&Helf=2&Sclass=CS&Cono=C522,2026-08-26T18:18:27+00:00
107-2-CS-C551-A-3-A,107,2,工學院,CS,資訊工程學系,C551,A,大學部,3,A,影像處理,3,選,50,20,,30,殷堂凱,B01-204 其他教室,,"5,6, 7",,,,,,"[{""day"": 2, ""dayName"": ""星期二"", ""periods"": [""5"", ""6"", ""7""], ""raw"": ""5,6, 7""}]",,,https://course.nuk.edu.tw/QueryCourse/tcontent.asp?OpenYear=107&Helf=2&Sclass=CS&Cono=C551,2026-08-26T18:18:27+00:00
107-2-CS-C561-A-3-A,107,2,工學院,CS,資訊工程學系,C561,A,大學部,3,A,網路安全,3,選,60,27,,33,陳建源,B01-204,,,,,"5,6, 7",,,"[{""day"": 5, ""dayName"": ""星期五"", ""periods"": [""5"", ""6"", ""7""], ""raw"": ""5,6, 7""}]",,,https://course.nuk.edu.tw/QueryCourse/tcontent.asp?OpenYear=107&Helf=2&Sclass=CS&Cono=C561,2026-08-26T18:18:27+00:00
107-2-CS-C573-A-3-A,107,2,工學院,CS,資訊工程學系,C573,A,大學部,3,A,人工智慧,3,選,55,48,,7,楊惠芳 洪宗貝,B01-B106 其他教室,,,"2,3, 4",,,,,"[{""day"": 3, ""dayName"": ""星期三"", ""periods"": [""2"", ""3"", ""4""], ""raw"": ""2,3, 4""}]",外加,,https://course.nuk.edu.tw/QueryCourse/tcontent.asp?OpenYear=107&Helf=2&Sclass=CS&Cono=C573,2026-08-26T18:18:27+00:00
107-2-CS-C631-A-3-A,107,2,工學院,CS,資訊工程學系,C631,A,大學部,3,A,資料壓縮,3,選,45,27,,18,黃健,C01-200 其他教室,,,,"7,8, 9",,,,"[{""day"": 4, ""dayName"": ""星期四"", ""periods"": [""7"", ""8"", ""9""], ""raw"": ""7,8, 9""}]",學程,隸屬雲端學程,https://course.nuk.edu.tw/QueryCourse/tcontent.asp?OpenYear=107&Helf=2&Sclass=CS&Cono=C631,2026-08-26T18:18:27+00:00
107-2-CS-C651-A-3-A,107,2,工學院,CS,資訊工程學系,C651,A,大學部,3,A,Python程式設計,3,選,46,45,,1,楊惠芳,B01-204 其他教室,,,"6,7, 8",,,,,"[{""day"": 3, ""dayName"": ""星期三"", ""periods"": [""6"", ""7"", ""8""], ""raw"": ""6,7, 8""}]",,,https://course.nuk.edu.tw/QueryCourse/tcontent.asp?OpenYear=107&Helf=2&Sclass=CS&Cono=C651,2026-08-26T18:18:27+00:00
107-2-CS-D02B-A-4-A,107,2,工學院,CS,資訊工程學系,D02B,A,大學部,4,A,資訊專題講座(二),1,必,62,60,,2,郭錦福,C01-114,,,,"5,6",,,,"[{""day"": 4, ""dayName"": ""星期四"", ""periods"": [""5"", ""6""], ""raw"": ""5,6""}]",限修,使用工院演講廳,https://course.nuk.edu.tw/QueryCourse/tcontent.asp?OpenYear=107&Helf=2&Sclass=CS&Cono=D02B,2026-08-26T18:18:27+00:00
107-2-CS-D602-A-4-A,107,2,工學院,CS,資訊工程學系,D602,A,大學部,4,A,業界實習(二),8,選,4,2,,2,黃健,,,,,,,"5,6, 7",,"[{""day"": 6, ""dayName"": ""星期六"", ""periods"": [""5"", ""6"", ""7""], ""raw"": ""5,6, 7""}]",限修及外加,實習總時數達432小時，核給八學分。每周24小時/一天6小時,https://course.nuk.edu.tw/QueryCourse/tcontent.asp?OpenYear=107&Helf=2&Sclass=CS&Cono=D602,2026-08-26T18:18:27+00:00
107-2-CS-F602-A-4-A,107,2,工學院,CS,資訊工程學系,F602,A,大學部,4,A,資料探勘,3,選,50,18,,32,林文揚,C01-B107-1,,,"6,7, 8",,,,,"[{""day"": 3, ""dayName"": ""星期三"", ""periods"": [""6"", ""7"", ""8""], ""raw"": ""6,7, 8""}]",學程,四.研合開,https://course.nuk.edu.tw/QueryCourse/tcontent.asp?OpenYear=107&Helf=2&Sclass=CS&Cono=F602,2026-08-26T18:18:27+00:00
107-2-CS-F622-A-4-A,107,2,工學院,CS,資訊工程學系,F622,A,大學部,4,A,嵌入式多核心系統與軟體,3,選,25,15,,10,郭錦福,C01-414 其他教室,,,"6,7, 8",,,,,"[{""day"": 3, ""dayName"": ""星期三"", ""periods"": [""6"", ""7"", ""8""], ""raw"": ""6,7, 8""}]",,四.研合開,https://course.nuk.edu.tw/QueryCourse/tcontent.asp?OpenYear=107&Helf=2&Sclass=CS&Cono=F622,2026-08-26T18:18:27+00:00
107-2-CS-F645-A-4-A,107,2,工學院,CS,資訊工程學系,F645,A,大學部,4,A,行動計算,3,選,30,13,,17,吳俊興,C01-209,,"2,3, 4",,,,,,"[{""day"": 2, ""dayName"": ""星期二"", ""periods"": [""2"", ""3"", ""4""], ""raw"": ""2,3, 4""}]",,四.研合開,https://course.nuk.edu.tw/QueryCourse/tcontent.asp?OpenYear=107&Helf=2&Sclass=CS&Cono=F645,2026-08-26T18:18:27+00:00
107-2-CS-F653-A-4-A,107,2,工學院,CS,資訊工程學系,F653,A,大學部,4,A,醫學影像處理,3,選,25,5,,20,殷堂凱,C01-209 其他教室,,,,"2,3, 4",,,,"[{""day"": 4, ""dayName"": ""星期四"", ""periods"": [""2"", ""3"", ""4""], ""raw"": ""2,3, 4""}]",,四.研合開,https://course.nuk.edu.tw/QueryCourse/tcontent.asp?OpenYear=107&Helf=2&Sclass=CS&Cono=F653,2026-08-26T18:18:27+00:00
107-2-CS-F681-A-4-A,107,2,工學院,CS,資訊工程學系,F681,A,大學部,4,A,計算機結構,3,選,20,15,,5,郭錦福,C01-B101,,,,"2,3, 4",,,,"[{""day"": 4, ""dayName"": ""星期四"", ""periods"": [""2"", ""3"", ""4""], ""raw"": ""2,3, 4""}]",,四.研合開,https://course.nuk.edu.tw/QueryCourse/tcontent.asp?OpenYear=107&Helf=2&Sclass=CS&Cono=F681,2026-08-26T18:18:27+00:00
107-2-CS-F702-A-4-A,107,2,工學院,CS,資訊工程學系,F702,A,大學部,4,A,虛擬化技術,3,選,30,25,,5,張保榮,C01-209,,"5,6, 7",,,,,,"[{""day"": 2, ""dayName"": ""星期二"", ""periods"": [""5"", ""6"", ""7""], ""raw"": ""5,6, 7""}]",,四.研合開,https://course.nuk.edu.tw/QueryCourse/tcontent.asp?OpenYear=107&Helf=2&Sclass=CS&Cono=F702,2026-08-26T18:18:27+00:00
107-2-CS-F732-A-4-A,107,2,工學院,CS,資訊工程學系,F732,A,大學部,4,A,巨量資料分析,3,選,33,16,,17,張保榮,C01-209,"2,3, 4",,,,,,,"[{""day"": 1, ""dayName"": ""星期一"", ""periods"": [""2"", ""3"", ""4""], ""raw"": ""2,3, 4""}]",學程,四.研合開,https://course.nuk.edu.tw/QueryCourse/tcontent.asp?OpenYear=107&Helf=2&Sclass=CS&Cono=F732,2026-08-26T18:18:27+00:00
107-2-CS-F734-A-4-A,107,2,工學院,CS,資訊工程學系,F734,A,大學部,4,A,深度學習,3,選,25,22,,3,張保榮 楊惠芳,C01-209,"6,7, 8",,,,,,,"[{""day"": 1, ""dayName"": ""星期一"", ""periods"": [""6"", ""7"", ""8""], ""raw"": ""6,7, 8""}]",學程,四.研合開,https://course.nuk.edu.tw/QueryCourse/tcontent.asp?OpenYear=107&Helf=2&Sclass=CS&Cono=F734,2026-08-26T18:18:27+00:00
107-2-CS-F743-A-4-A,107,2,工學院,CS,資訊工程學系,F743,A,大學部,4,A,三維資料以及擴增實境,3,選,20,8,,12,陳佳妍,B01-202,,"2,3, 4",,,,,,"[{""day"": 2, ""dayName"": ""星期二"", ""periods"": [""2"", ""3"", ""4""], ""raw"": ""2,3, 4""}]",,四.研合開/遠距教學-授課老師:陳佳妍,https://course.nuk.edu.tw/QueryCourse/tcontent.asp?OpenYear=107&Helf=2&Sclass=CS&Cono=F743,2026-08-26T18:18:27+00:00
107-2-CS-G503-A-4-A,107,2,工學院,CS,資訊工程學系,G503,A,大學部,4,A,5G行動寬頻協同網路,3,選,40,14,,26,吳俊興,C01-209,,,,,"2,3, 4",,,"[{""day"": 5, ""dayName"": ""星期五"", ""periods"": [""2"", ""3"", ""4""], ""raw"": ""2,3, 4""}]",,四.研合開,https://course.nuk.edu.tw/QueryCourse/tcontent.asp?OpenYear=107&Helf=2&Sclass=CS&Cono=G503,2026-08-26T18:18:27+00:00
107-2-CS-T02A-L-1-,107,2,工學院,CS,資訊工程學系,T02A,L,碩士在職專班,1,,專題研究(二)-智慧型系統,2,必,20,6,,14,殷堂凱 林文揚 洪宗貝 黃健,,,,,,,"3,4",,"[{""day"": 6, ""dayName"": ""星期六"", ""periods"": [""3"", ""4""], ""raw"": ""3,4""}]",,,https://course.nuk.edu.tw/QueryCourse/tcontent.asp?OpenYear=107&Helf=2&Sclass=CS&Cono=T02A,2026-08-26T18:18:27+00:00
107-2-CS-T02B-L-1-,107,2,工學院,CS,資訊工程學系,T02B,L,碩士在職專班,1,,專題研究(二)-嵌入式系統,2,必,20,4,,16,張保榮 郭錦福 潘欣泰,,,,,,,"3,4",,"[{""day"": 6, ""dayName"": ""星期六"", ""periods"": [""3"", ""4""], ""raw"": ""3,4""}]",,,https://course.nuk.edu.tw/QueryCourse/tcontent.asp?OpenYear=107&Helf=2&Sclass=CS&Cono=T02B,2026-08-26T18:18:27+00:00
107-2-CS-T02D-L-1-,107,2,工學院,CS,資訊工程學系,T02D,L,碩士在職專班,1,,專題研究(二)-網路與多媒體,2,必,20,3,,17,余亞儒 吳俊興 楊惠芳 陳建源,,,,,,,"3,4",,"[{""day"": 6, ""dayName"": ""星期六"", ""periods"": [""3"", ""4""], ""raw"": ""3,4""}]",,,https://course.nuk.edu.tw/QueryCourse/tcontent.asp?OpenYear=107&Helf=2&Sclass=CS&Cono=T02D,2026-08-26T18:18:27+00:00
107-2-CS-T04A-L-2-,107,2,工學院,CS,資訊工程學系,T04A,L,碩士在職專班,2,,專題研究(四)-智慧型系統,2,必,20,2,,18,殷堂凱 洪宗貝 林文揚 黃健,,,,,,,"1,2",,"[{""day"": 6, ""dayName"": ""星期六"", ""periods"": [""1"", ""2""], ""raw"": ""1,2""}]",,,https://course.nuk.edu.tw/QueryCourse/tcontent.asp?OpenYear=107&Helf=2&Sclass=CS&Cono=T04A,2026-08-26T18:18:27+00:00
107-2-CS-T04B-L-2-,107,2,工學院,CS,資訊工程學系,T04B,L,碩士在職專班,2,,專題研究(四)-嵌入式系統,2,必,60,3,,57,張保榮 郭錦福 潘欣泰,,,,,,,"1,2",,"[{""day"": 6, ""dayName"": ""星期六"", ""periods"": [""1"", ""2""], ""raw"": ""1,2""}]",,,https://course.nuk.edu.tw/QueryCourse/tcontent.asp?OpenYear=107&Helf=2&Sclass=CS&Cono=T04B,2026-08-26T18:18:27+00:00
107-2-CS-T04D-L-2-,107,2,工學院,CS,資訊工程學系,T04D,L,碩士在職專班,2,,專題研究(四)-網路與多媒體,2,必,60,3,,57,余亞儒 吳俊興 楊惠芳 陳建源,,,,,,,"1,2",,"[{""day"": 6, ""dayName"": ""星期六"", ""periods"": [""1"", ""2""], ""raw"": ""1,2""}]",,,https://course.nuk.edu.tw/QueryCourse/tcontent.asp?OpenYear=107&Helf=2&Sclass=CS&Cono=T04D,2026-08-26T18:18:27+00:00
107-2-CS-T501-L-2-,107,2,工學院,CS,資訊工程學系,T501,L,碩士在職專班,2,,資料探勘,3,選,30,7,,23,林文揚,B01-202,,,,"10,11, 12",,,,"[{""day"": 4, ""dayName"": ""星期四"", ""periods"": [""10"", ""11"", ""12""], ""raw"": ""10,11, 12""}]",,,https://course.nuk.edu.tw/QueryCourse/tcontent.asp?OpenYear=107&Helf=2&Sclass=CS&Cono=T501,2026-08-26T18:18:27+00:00
107-2-CS-T524-L-2-,107,2,工學院,CS,資訊工程學系,T524,L,碩士在職專班,2,,量子計算,3,選,20,16,,4,陳建源,B01-202,,,"10,11, 12",,,,,"[{""day"": 3, ""dayName"": ""星期三"", ""periods"": [""10"", ""11"", ""12""], ""raw"": ""10,11, 12""}]",,,https://course.nuk.edu.tw/QueryCourse/tcontent.asp?OpenYear=107&Helf=2&Sclass=CS&Cono=T524,2026-08-26T18:18:27+00:00
107-2-CS-T544-L-2-,107,2,工學院,CS,資訊工程學系,T544,L,碩士在職專班,2,,深度學習,3,選,20,8,,12,張保榮,C01-209,"10,11, 12",,,,,,,"[{""day"": 1, ""dayName"": ""星期一"", ""periods"": [""10"", ""11"", ""12""], ""raw"": ""10,11, 12""}]",學程,,https://course.nuk.edu.tw/QueryCourse/tcontent.asp?OpenYear=107&Helf=2&Sclass=CS&Cono=T544,2026-08-26T18:18:27+00:00
107-2-CS-T553-L-2-,107,2,工學院,CS,資訊工程學系,T553,L,碩士在職專班,2,,嵌入式多核心系統與軟體,3,選,20,3,,17,郭錦福,B01-204 其他教室,,"10,11, 12",,,,,,"[{""day"": 2, ""dayName"": ""星期二"", ""periods"": [""10"", ""11"", ""12""], ""raw"": ""10,11, 12""}]",,,https://course.nuk.edu.tw/QueryCourse/tcontent.asp?OpenYear=107&Helf=2&Sclass=CS&Cono=T553,2026-08-26T18:18:27+00:00
107-2-CS-F54B-M-1-,107,2,工學院,CS,資訊工程學系,F54B,M,碩士班,1,,書報討論(二),1,選,50,12,,38,楊惠芳,,,,,"5,6",,,,"[{""day"": 4, ""dayName"": ""星期四"", ""periods"": [""5"", ""6""], ""raw"": ""5,6""}]",,,https://course.nuk.edu.tw/QueryCourse/tcontent.asp?OpenYear=107&Helf=2&Sclass=CS&Cono=F54B,2026-08-26T18:18:27+00:00
107-2-CS-F56B-M-1-,107,2,工學院,CS,資訊工程學系,F56B,M,碩士班,1,,專題研究(二)-智慧型系統,1,選,20,3,,17,殷堂凱 洪宗貝 林文揚 黃健,,,,,,,"12,13",,"[{""day"": 6, ""dayName"": ""星期六"", ""periods"": [""12"", ""13""], ""raw"": ""12,13""}]",,,https://course.nuk.edu.tw/QueryCourse/tcontent.asp?OpenYear=107&Helf=2&Sclass=CS&Cono=F56B,2026-08-26T18:18:27+00:00
107-2-CS-F57B-M-1-,107,2,工學院,CS,資訊工程學系,F57B,M,碩士班,1,,專題研究(二)-嵌入式系統,1,選,20,4,,16,張保榮 郭錦福 潘欣泰,,,,,,,"12,13",,"[{""day"": 6, ""dayName"": ""星期六"", ""periods"": [""12"", ""13""], ""raw"": ""12,13""}]",,,https://course.nuk.edu.tw/QueryCourse/tcontent.asp?OpenYear=107&Helf=2&Sclass=CS&Cono=F57B,2026-08-26T18:18:27+00:00
107-2-CS-F72B-M-1-,107,2,工學院,CS,資訊工程學系,F72B,M,碩士班,1,,專題研究(二)─網路與多媒體,1,選,20,3,,17,余亞儒 吳俊興 楊惠芳 陳建源,,,,,,,"12,13",,"[{""day"": 6, ""dayName"": ""星期六"", ""periods"": [""12"", ""13""], ""raw"": ""12,13""}]",,,https://course.nuk.edu.tw/QueryCourse/tcontent.asp?OpenYear=107&Helf=2&Sclass=CS&Cono=F72B,2026-08-26T18:18:27+00:00
107-2-CS-F54D-M-2-,107,2,工學院,CS,資訊工程學系,F54D,M,碩士班,2,,書報討論(四),1,選,60,14,,46,吳俊興 洪宗貝 林文揚,,,,,"5,6",,,,"[{""day"": 4, ""dayName"": ""星期四"", ""periods"": [""5"", ""6""], ""raw"": ""5,6""}]",,,https://course.nuk.edu.tw/QueryCourse/tcontent.asp?OpenYear=107&Helf=2&Sclass=CS&Cono=F54D,2026-08-26T18:18:27+00:00
107-2-CS-F56D-M-2-,107,2,工學院,CS,資訊工程學系,F56D,M,碩士班,2,,專題研究(四)-智慧型系統,1,選,60,3,,57,殷堂凱 林文揚 洪宗貝 黃健,,,,,,,"10,11",,"[{""day"": 6, ""dayName"": ""星期六"", ""periods"": [""10"", ""11""], ""raw"": ""10,11""}]",,,https://course.nuk.edu.tw/QueryCourse/tcontent.asp?OpenYear=107&Helf=2&Sclass=CS&Cono=F56D,2026-08-26T18:18:27+00:00
107-2-CS-F57D-M-2-,107,2,工學院,CS,資訊工程學系,F57D,M,碩士班,2,,專題研究(四)-嵌入式系統,1,選,60,5,,55,張保榮 郭錦福 潘欣泰,,,,,,,"10,11",,"[{""day"": 6, ""dayName"": ""星期六"", ""periods"": [""10"", ""11""], ""raw"": ""10,11""}]",,,https://course.nuk.edu.tw/QueryCourse/tcontent.asp?OpenYear=107&Helf=2&Sclass=CS&Cono=F57D,2026-08-26T18:18:27+00:00
107-2-CS-F602-M-2-,107,2,工學院,CS,資訊工程學系,F602,M,碩士班,2,,資料探勘,3,選,50,18,,32,林文揚,C01-B107-1,,,"6,7, 8",,,,,"[{""day"": 3, ""dayName"": ""星期三"", ""periods"": [""6"", ""7"", ""8""], ""raw"": ""6,7, 8""}]",學程,四.研合開,https://course.nuk.edu.tw/QueryCourse/tcontent.asp?OpenYear=107&Helf=2&Sclass=CS&Cono=F602,2026-08-26T18:18:27+00:00
107-2-CS-F622-M-2-,107,2,工學院,CS,資訊工程學系,F622,M,碩士班,2,,嵌入式多核心系統與軟體,3,選,25,15,,10,郭錦福,C01-414 其他教室,,,"6,7, 8",,,,,"[{""day"": 3, ""dayName"": ""星期三"", ""periods"": [""6"", ""7"", ""8""], ""raw"": ""6,7, 8""}]",,四.研合開,https://course.nuk.edu.tw/QueryCourse/tcontent.asp?OpenYear=107&Helf=2&Sclass=CS&Cono=F622,2026-08-26T18:18:27+00:00
107-2-CS-F645-M-2-,107,2,工學院,CS,資訊工程學系,F645,M,碩士班,2,,行動計算,3,選,30,13,,17,吳俊興,C01-209,,"2,3, 4",,,,,,"[{""day"": 2, ""dayName"": ""星期二"", ""periods"": [""2"", ""3"", ""4""], ""raw"": ""2,3, 4""}]",,四.研合開,https://course.nuk.edu.tw/QueryCourse/tcontent.asp?OpenYear=107&Helf=2&Sclass=CS&Cono=F645,2026-08-26T18:18:27+00:00
107-2-CS-F653-M-2-,107,2,工學院,CS,資訊工程學系,F653,M,碩士班,2,,醫學影像處理,3,選,25,5,,20,殷堂凱,C01-209 其他教室,,,,"2,3, 4",,,,"[{""day"": 4, ""dayName"": ""星期四"", ""periods"": [""2"", ""3"", ""4""], ""raw"": ""2,3, 4""}]",,四、研合開,https://course.nuk.edu.tw/QueryCourse/tcontent.asp?OpenYear=107&Helf=2&Sclass=CS&Cono=F653,2026-08-26T18:18:27+00:00
107-2-CS-F681-M-2-,107,2,工學院,CS,資訊工程學系,F681,M,碩士班,2,,計算機結構,3,選,20,15,,5,郭錦福,C01-B101,,,,"2,3, 4",,,,"[{""day"": 4, ""dayName"": ""星期四"", ""periods"": [""2"", ""3"", ""4""], ""raw"": ""2,3, 4""}]",,四.研合開,https://course.nuk.edu.tw/QueryCourse/tcontent.asp?OpenYear=107&Helf=2&Sclass=CS&Cono=F681,2026-08-26T18:18:27+00:00
107-2-CS-F702-M-2-,107,2,工學院,CS,資訊工程學系,F702,M,碩士班,2,,虛擬化技術,3,選,30,25,,5,張保榮,C01-209,,"5,6, 7",,,,,,"[{""day"": 2, ""dayName"": ""星期二"", ""periods"": [""5"", ""6"", ""7""], ""raw"": ""5,6, 7""}]",,四.研合開,https://course.nuk.edu.tw/QueryCourse/tcontent.asp?OpenYear=107&Helf=2&Sclass=CS&Cono=F702,2026-08-26T18:18:27+00:00
107-2-CS-F72D-M-2-,107,2,工學院,CS,資訊工程學系,F72D,M,碩士班,2,,專題研究(四)─網路與多媒體,1,選,60,4,,56,余亞儒 吳俊興 楊惠芳 陳建源,,,,,,,"10,11",,"[{""day"": 6, ""dayName"": ""星期六"", ""periods"": [""10"", ""11""], ""raw"": ""10,11""}]",,,https://course.nuk.edu.tw/QueryCourse/tcontent.asp?OpenYear=107&Helf=2&Sclass=CS&Cono=F72D,2026-08-26T18:18:27+00:00
107-2-CS-F732-M-2-,107,2,工學院,CS,資訊工程學系,F732,M,碩士班,2,,巨量資料分析,3,選,33,16,,17,張保榮,C01-209,"2,3, 4",,,,,,,"[{""day"": 1, ""dayName"": ""星期一"", ""periods"": [""2"", ""3"", ""4""], ""raw"": ""2,3, 4""}]",學程,四.研合開,https://course.nuk.edu.tw/QueryCourse/tcontent.asp?OpenYear=107&Helf=2&Sclass=CS&Cono=F732,2026-08-26T18:18:27+00:00
107-2-CS-F734-M-2-,107,2,工學院,CS,資訊工程學系,F734,M,碩士班,2,,深度學習,3,選,25,22,,3,張保榮 楊惠芳,C01-209,"6,7, 8",,,,,,,"[{""day"": 1, ""dayName"": ""星期一"", ""periods"": [""6"", ""7"", ""8""], ""raw"": ""6,7, 8""}]",學程,,https://course.nuk.edu.tw/QueryCourse/tcontent.asp?OpenYear=107&Helf=2&Sclass=CS&Cono=F734,2026-08-26T18:18:27+00:00
107-2-CS-F743-M-2-,107,2,工學院,CS,資訊工程學系,F743,M,碩士班,2,,三維資料以及擴增實境,3,選,20,8,,12,陳佳妍,B01-202,,"2,3, 4",,,,,,"[{""day"": 2, ""dayName"": ""星期二"", ""periods"": [""2"", ""3"", ""4""], ""raw"": ""2,3, 4""}]",,四.研合開/遠距教學-授課老師:陳佳妍,https://course.nuk.edu.tw/QueryCourse/tcontent.asp?OpenYear=107&Helf=2&Sclass=CS&Cono=F743,2026-08-26T18:18:27+00:00
107-2-CS-G503-M-2-,107,2,工學院,CS,資訊工程學系,G503,M,碩士班,2,,5G行動寬頻協同網路,3,選,40,14,,26,吳俊興,C01-209,,,,,"2,3, 4",,,"[{""day"": 5, ""dayName"": ""星期五"", ""periods"": [""2"", ""3"", ""4""], ""raw"": ""2,3, 4""}]",,四.研合開,https://course.nuk.edu.tw/QueryCourse/tcontent.asp?OpenYear=107&Helf=2&Sclass=CS&Cono=G503,2026-08-26T18:18:27+00:00
107-2-EE-A01B-A-1-A,107,2,工學院,EE,電機工程學系,A01B,A,大學部,1,A,計算機概論(二),3,必,65,57,,8,賴智錦,L01-107,,"2,3, 4",,,,,,"[{""day"": 2, ""dayName"": ""星期二"", ""periods"": [""2"", ""3"", ""4""], ""raw"": ""2,3, 4""}]",限修,一A；請安排圖資107或108電腦教室,https://course.nuk.edu.tw/QueryCourse/tcontent.asp?OpenYear=107&Helf=2&Sclass=EE&Cono=A01B,2026-08-26T18:18:27+00:00
107-2-EE-A01D-A-1-B,107,2,工學院,EE,電機工程學系,A01D,A,大學部,1,B,計算機概論(二),3,必,70,58,,12,吳志宏,L01-108,"2,3, 4",,,,,,,"[{""day"": 1, ""dayName"": ""星期一"", ""periods"": [""2"", ""3"", ""4""], ""raw"": ""2,3, 4""}]",限修,一B；請安排圖資107、108電腦教室,https://course.nuk.edu.tw/QueryCourse/tcontent.asp?OpenYear=107&Helf=2&Sclass=EE&Cono=A01D,2026-08-26T18:18:27+00:00
107-2-EE-A02B-A-1-A,107,2,工學院,EE,電機工程學系,A02B,A,大學部,1,A,普通物理學(二),3,必,70,51,,19,郭馨徽,C01-B103,,,,"2,3, 4",,,,"[{""day"": 4, ""dayName"": ""星期四"", ""periods"": [""2"", ""3"", ""4""], ""raw"": ""2,3, 4""}]",限修,一A；請安排工學院C01-B103大教室,https://course.nuk.edu.tw/QueryCourse/tcontent.asp?OpenYear=107&Helf=2&Sclass=EE&Cono=A02B,2026-08-26T18:18:27+00:00
107-2-EE-A02D-A-1-B,107,2,工學院,EE,電機工程學系,A02D,A,大學部,1,B,普通物理學(二),3,必,76,65,,11,馮瑞陽,C01-B104,,"2,3, 4",,,,,,"[{""day"": 2, ""dayName"": ""星期二"", ""periods"": [""2"", ""3"", ""4""], ""raw"": ""2,3, 4""}]",限修及外加,一B；請安排C01-B104教室,https://course.nuk.edu.tw/QueryCourse/tcontent.asp?OpenYear=107&Helf=2&Sclass=EE&Cono=A02D,2026-08-26T18:18:27+00:00
107-2-EE-A03B-A-1-A,107,2,工學院,EE,電機工程學系,A03B,A,大學部,1,A,普通物理學實驗(二),1,必,70,47,,23,施明昌,C01-211,,,,,"2,3, 4",,,"[{""day"": 5, ""dayName"": ""星期五"", ""periods"": [""2"", ""3"", ""4""], ""raw"": ""2,3, 4""}]",限修,一A；使用C01-211普通物理實驗室,https://course.nuk.edu.tw/QueryCourse/tcontent.asp?OpenYear=107&Helf=2&Sclass=EE&Cono=A03B,2026-08-26T18:18:27+00:00
107-2-EE-A03D-A-1-B,107,2,工學院,EE,電機工程學系,A03D,A,大學部,1,B,普通物理學實驗(二),1,必,70,52,,18,施明昌,C01-211,,,"10,11, 12",,,,,"[{""day"": 3, ""dayName"": ""星期三"", ""periods"": [""10"", ""11"", ""12""], ""raw"": ""10,11, 12""}]",限修,一B；使用C01-211普通物理實驗室,https://course.nuk.edu.tw/QueryCourse/tcontent.asp?OpenYear=107&Helf=2&Sclass=EE&Cono=A03D,2026-08-26T18:18:27+00:00
107-2-EE-A04B-A-1-A,107,2,工學院,EE,電機工程學系,A04B,A,大學部,1,A,微積分(二),3,必,100,48,,52,黃祥哲,C01-B104,"2,3, 4",,,,,,,"[{""day"": 1, ""dayName"": ""星期一"", ""periods"": [""2"", ""3"", ""4""], ""raw"": ""2,3, 4""}]",限修,一A；請安排工學院B104教室,https://course.nuk.edu.tw/QueryCourse/tcontent.asp?OpenYear=107&Helf=2&Sclass=EE&Cono=A04B,2026-08-26T18:18:27+00:00
107-2-EE-A052-A-1-A,107,2,工學院,EE,電機工程學系,A052,A,大學部,1,A,數位邏輯實驗,1,必,60,48,,12,洪進華,C01-201,,,"10,11, 12",,,,,"[{""day"": 3, ""dayName"": ""星期三"", ""periods"": [""10"", ""11"", ""12""], ""raw"": ""10,11, 12""}]",限修,上課教室:C01-301-1,https://course.nuk.edu.tw/QueryCourse/tcontent.asp?OpenYear=107&Helf=2&Sclass=EE&Cono=A052,2026-08-26T18:18:27+00:00
107-2-EE-A053-A-1-B,107,2,工學院,EE,電機工程學系,A053,A,大學部,1,B,數位邏輯實驗,1,必,60,55,,5,洪進華,,,,,,"6,7, 8",,,"[{""day"": 5, ""dayName"": ""星期五"", ""periods"": [""6"", ""7"", ""8""], ""raw"": ""6,7, 8""}]",限修,上課教室:C01-301-1,https://course.nuk.edu.tw/QueryCourse/tcontent.asp?OpenYear=107&Helf=2&Sclass=EE&Cono=A053,2026-08-26T18:18:27+00:00
107-2-EE-A061-A-1-A,107,2,工學院,EE,電機工程學系,A061,A,大學部,1,A,工程數學(一)(線性代數),3,必,100,53,,47,黃祥哲,C01-B104,,"5,6, 7",,,,,,"[{""day"": 2, ""dayName"": ""星期二"", ""periods"": [""5"", ""6"", ""7""], ""raw"": ""5,6, 7""}]",限修,一A；請安排工學院B104教室,https://course.nuk.edu.tw/QueryCourse/tcontent.asp?OpenYear=107&Helf=2&Sclass=EE&Cono=A061,2026-08-26T18:18:27+00:00
107-2-EE-A062-A-1-B,107,2,工學院,EE,電機工程學系,A062,A,大學部,1,B,工程數學(一)(線性代數),3,必,70,65,,5,一心,B01-105,,"5,6, 7",,,,,,"[{""day"": 2, ""dayName"": ""星期二"", ""periods"": [""5"", ""6"", ""7""], ""raw"": ""5,6, 7""}]",限修,一B；請安排工學院B1大教室,https://course.nuk.edu.tw/QueryCourse/tcontent.asp?OpenYear=107&Helf=2&Sclass=EE&Cono=A062,2026-08-26T18:18:27+00:00
107-2-EE-A10B-A-1-B,107,2,工學院,EE,電機工程學系,A10B,A,大學部,1,B,微積分(二),3,必,70,54,,16,鄧卜華,B01-103,,,,"2,3, 4",,,,"[{""day"": 4, ""dayName"": ""星期四"", ""periods"": [""2"", ""3"", ""4""], ""raw"": ""2,3, 4""}]",限修,一B,https://course.nuk.edu.tw/QueryCourse/tcontent.asp?OpenYear=107&Helf=2&Sclass=EE&Cono=A10B,2026-08-26T18:18:27+00:00
107-2-EE-B01B-A-2-A,107,2,工學院,EE,電機工程學系,B01B,A,大學部,2,A,電路學(二),3,必,73,57,,16,陳春僥,C01-B103,,,"2,3, 4",,,,,"[{""day"": 3, ""dayName"": ""星期三"", ""periods"": [""2"", ""3"", ""4""], ""raw"": ""2,3, 4""}]",限修,二A；請安排C01-B103教室,https://course.nuk.edu.tw/QueryCourse/tcontent.asp?OpenYear=107&Helf=2&Sclass=EE&Cono=B01B,2026-08-26T18:18:27+00:00
107-2-EE-B01D-A-2-B,107,2,工學院,EE,電機工程學系,B01D,A,大學部,2,B,電路學(二),3,必,73,48,,25,江德光,B01-103,,"2,3, 4",,,,,,"[{""day"": 2, ""dayName"": ""星期二"", ""periods"": [""2"", ""3"", ""4""], ""raw"": ""2,3, 4""}]",限修及外加,二B,https://course.nuk.edu.tw/QueryCourse/tcontent.asp?OpenYear=107&Helf=2&Sclass=EE&Cono=B01D,2026-08-26T18:18:27+00:00
107-2-EE-B02B-A-2-B,107,2,工學院,EE,電機工程學系,B02B,A,大學部,2,B,電子學(二),3,必,74,64,,10,吳松茂,C01-B104,,,"2,3, 4",,,,,"[{""day"": 3, ""dayName"": ""星期三"", ""periods"": [""2"", ""3"", ""4""], ""raw"": ""2,3, 4""}]",限修及外加,二B；請安排C01-B103或B104教室,https://course.nuk.edu.tw/QueryCourse/tcontent.asp?OpenYear=107&Helf=2&Sclass=EE&Cono=B02B,2026-08-26T18:18:27+00:00
107-2-EE-B02D-A-2-A,107,2,工學院,EE,電機工程學系,B02D,A,大學部,2,A,電子學(二),3,必,70,59,,11,洪進華,B01-B106,,,,"2,3, 4",,,,"[{""day"": 4, ""dayName"": ""星期四"", ""periods"": [""2"", ""3"", ""4""], ""raw"": ""2,3, 4""}]",限修,二A,https://course.nuk.edu.tw/QueryCourse/tcontent.asp?OpenYear=107&Helf=2&Sclass=EE&Cono=B02D,2026-08-26T18:18:27+00:00
107-2-EE-B04B-A-2-A,107,2,工學院,EE,電機工程學系,B04B,A,大學部,2,A,電子電路工程實驗(二),1,必,70,52,,18,江德光,,,,,"10,11, 12",,,,"[{""day"": 4, ""dayName"": ""星期四"", ""periods"": [""10"", ""11"", ""12""], ""raw"": ""10,11, 12""}]",限修,二A；請安排C01-301-1實驗室,https://course.nuk.edu.tw/QueryCourse/tcontent.asp?OpenYear=107&Helf=2&Sclass=EE&Cono=B04B,2026-08-26T18:18:27+00:00
107-2-EE-B04D-A-2-B,107,2,工學院,EE,電機工程學系,B04D,A,大學部,2,B,電子電路工程實驗(二),1,必,70,40,,30,陳春僥,,,,,"6,7, 8",,,,"[{""day"": 4, ""dayName"": ""星期四"", ""periods"": [""6"", ""7"", ""8""], ""raw"": ""6,7, 8""}]",限修,二B；C01-301-1實驗室,https://course.nuk.edu.tw/QueryCourse/tcontent.asp?OpenYear=107&Helf=2&Sclass=EE&Cono=B04D,2026-08-26T18:18:27+00:00
107-2-EE-B05B-A-2-A,107,2,工學院,EE,電機工程學系,B05B,A,大學部,2,A,電磁學(二),3,必,71,63,,8,郭馨徽,C01-B103,,,,"6,7, 8",,,,"[{""day"": 4, ""dayName"": ""星期四"", ""periods"": [""6"", ""7"", ""8""], ""raw"": ""6,7, 8""}]",限修及外加,二A；請安排C01-B103教室,https://course.nuk.edu.tw/QueryCourse/tcontent.asp?OpenYear=107&Helf=2&Sclass=EE&Cono=B05B,2026-08-26T18:18:27+00:00
107-2-EE-B05D-A-2-B,107,2,工學院,EE,電機工程學系,B05D,A,大學部,2,B,電磁學(二),3,必,81,71,,10,一心,C01-B104,,,,"2,3, 4",,,,"[{""day"": 4, ""dayName"": ""星期四"", ""periods"": [""2"", ""3"", ""4""], ""raw"": ""2,3, 4""}]",限修及外加,二B；請安排工學院B1大教室,https://course.nuk.edu.tw/QueryCourse/tcontent.asp?OpenYear=107&Helf=2&Sclass=EE&Cono=B05D,2026-08-26T18:18:27+00:00
107-2-EE-B551-A-2-A,107,2,工學院,EE,電機工程學系,B551,A,大學部,2,A,近代光學,3,選,80,54,,26,施明昌,C01-B103,,,"7,8, 9",,,,,"[{""day"": 3, ""dayName"": ""星期三"", ""periods"": [""7"", ""8"", ""9""], ""raw"": ""7,8, 9""}]",,二AB合開；請安排工學院B1大教室,https://course.nuk.edu.tw/QueryCourse/tcontent.asp?OpenYear=107&Helf=2&Sclass=EE&Cono=B551,2026-08-26T18:18:27+00:00
107-2-EE-B551-A-2-B,107,2,工學院,EE,電機工程學系,B551,A,大學部,2,B,近代光學,3,選,80,54,,26,施明昌,C01-B103,,,"7,8, 9",,,,,"[{""day"": 3, ""dayName"": ""星期三"", ""periods"": [""7"", ""8"", ""9""], ""raw"": ""7,8, 9""}]",,二AB合開；請安排工學院B1大教室,https://course.nuk.edu.tw/QueryCourse/tcontent.asp?OpenYear=107&Helf=2&Sclass=EE&Cono=B551,2026-08-26T18:18:27+00:00
107-2-EE-B561-A-2-A,107,2,工學院,EE,電機工程學系,B561,A,大學部,2,A,工程數學三(複變函數),3,選,100,99,,1,張文騰,C01-B103,"2,3, 4",,,,,,,"[{""day"": 1, ""dayName"": ""星期一"", ""periods"": [""2"", ""3"", ""4""], ""raw"": ""2,3, 4""}]",限修,二AB合開；C01-B103,https://course.nuk.edu.tw/QueryCourse/tcontent.asp?OpenYear=107&Helf=2&Sclass=EE&Cono=B561,2026-08-26T18:18:27+00:00
107-2-EE-B561-A-2-B,107,2,工學院,EE,電機工程學系,B561,A,大學部,2,B,工程數學三(複變函數),3,選,100,99,,1,張文騰,C01-B103,"2,3, 4",,,,,,,"[{""day"": 1, ""dayName"": ""星期一"", ""periods"": [""2"", ""3"", ""4""], ""raw"": ""2,3, 4""}]",限修,二AB合開；請安排C01-B103或B104教室,https://course.nuk.edu.tw/QueryCourse/tcontent.asp?OpenYear=107&Helf=2&Sclass=EE&Cono=B561,2026-08-26T18:18:27+00:00
107-2-EE-C751-A-2-A,107,2,工學院,EE,電機工程學系,C751,A,大學部,2,A,組合語言,3,選,60,27,,33,梁明正,C01-201,"2,3, 4",,,,,,,"[{""day"": 1, ""dayName"": ""星期一"", ""periods"": [""2"", ""3"", ""4""], ""raw"": ""2,3, 4""}]",,二AB合開，使用C01-201實驗教室,https://course.nuk.edu.tw/QueryCourse/tcontent.asp?OpenYear=107&Helf=2&Sclass=EE&Cono=C751,2026-08-26T18:18:27+00:00
107-2-EE-C751-A-2-B,107,2,工學院,EE,電機工程學系,C751,A,大學部,2,B,組合語言,3,選,60,27,,33,梁明正,C01-201,"2,3, 4",,,,,,,"[{""day"": 1, ""dayName"": ""星期一"", ""periods"": [""2"", ""3"", ""4""], ""raw"": ""2,3, 4""}]",,二AB合開，使用C01-201實驗教室,https://course.nuk.edu.tw/QueryCourse/tcontent.asp?OpenYear=107&Helf=2&Sclass=EE&Cono=C751,2026-08-26T18:18:27+00:00
107-2-EE-C761-A-2-A,107,2,工學院,EE,電機工程學系,C761,A,大學部,2,A,資料結構,3,選,49,47,,2,蕭培墉,C01-201,,"5,6, 7",,,,,,"[{""day"": 2, ""dayName"": ""星期二"", ""periods"": [""5"", ""6"", ""7""], ""raw"": ""5,6, 7""}]",限修及外加,二AB合開；請安排圖資L01-107、108電腦教室,https://course.nuk.edu.tw/QueryCourse/tcontent.asp?OpenYear=107&Helf=2&Sclass=EE&Cono=C761,2026-08-26T18:18:27+00:00
107-2-EE-C761-A-2-B,107,2,工學院,EE,電機工程學系,C761,A,大學部,2,B,資料結構,3,選,49,47,,2,蕭培墉,C01-201,,"5,6, 7",,,,,,"[{""day"": 2, ""dayName"": ""星期二"", ""periods"": [""5"", ""6"", ""7""], ""raw"": ""5,6, 7""}]",限修及外加,二AB合開；請安排圖資L01-107、108電腦教室,https://course.nuk.edu.tw/QueryCourse/tcontent.asp?OpenYear=107&Helf=2&Sclass=EE&Cono=C761,2026-08-26T18:18:27+00:00
107-2-EE-C121-A-3-A,107,2,工學院,EE,電機工程學系,C121,A,大學部,3,A,電機實務專題(一)光電元件技術,1,必,10,10,,0,施明昌 藍文厚,,,,,,,"2,3, 4",,"[{""day"": 6, ""dayName"": ""星期六"", ""periods"": [""2"", ""3"", ""4""], ""raw"": ""2,3, 4""}]",外加,3AB合開，指定外加,https://course.nuk.edu.tw/QueryCourse/tcontent.asp?OpenYear=107&Helf=2&Sclass=EE&Cono=C121,2026-08-26T18:18:27+00:00
107-2-EE-C121-A-3-B,107,2,工學院,EE,電機工程學系,C121,A,大學部,3,B,電機實務專題(一)光電元件技術,1,必,10,10,,0,施明昌 藍文厚,,,,,,,"2,3, 4",,"[{""day"": 6, ""dayName"": ""星期六"", ""periods"": [""2"", ""3"", ""4""], ""raw"": ""2,3, 4""}]",外加,3AB合開，指定外加,https://course.nuk.edu.tw/QueryCourse/tcontent.asp?OpenYear=107&Helf=2&Sclass=EE&Cono=C121,2026-08-26T18:18:27+00:00
107-2-EE-C122-A-3-A,107,2,工學院,EE,電機工程學系,C122,A,大學部,3,A,電機實務專題(一)積體電路與元件,1,必,13,13,,0,陳春僥 葉文冠 郭馨徽,,,,,,,"2,3, 4",,"[{""day"": 6, ""dayName"": ""星期六"", ""periods"": [""2"", ""3"", ""4""], ""raw"": ""2,3, 4""}]",,3AB合開，指定外加,https://course.nuk.edu.tw/QueryCourse/tcontent.asp?OpenYear=107&Helf=2&Sclass=EE&Cono=C122,2026-08-26T18:18:27+00:00
107-2-EE-C122-A-3-B,107,2,工學院,EE,電機工程學系,C122,A,大學部,3,B,電機實務專題(一)積體電路與元件,1,必,13,13,,0,陳春僥 葉文冠 郭馨徽,,,,,,,"2,3, 4",,"[{""day"": 6, ""dayName"": ""星期六"", ""periods"": [""2"", ""3"", ""4""], ""raw"": ""2,3, 4""}]",,3AB合開，指定外加,https://course.nuk.edu.tw/QueryCourse/tcontent.asp?OpenYear=107&Helf=2&Sclass=EE&Cono=C122,2026-08-26T18:18:27+00:00
107-2-EE-C123-A-3-A,107,2,工學院,EE,電機工程學系,C123,A,大學部,3,A,電機實務專題(一)積體電路與系統,1,必,16,16,,0,洪進華 徐忠枝,,,,,,,"2,3, 4",,"[{""day"": 6, ""dayName"": ""星期六"", ""periods"": [""2"", ""3"", ""4""], ""raw"": ""2,3, 4""}]",外加,3AB合開，指定外加,https://course.nuk.edu.tw/QueryCourse/tcontent.asp?OpenYear=107&Helf=2&Sclass=EE&Cono=C123,2026-08-26T18:18:27+00:00
107-2-EE-C123-A-3-B,107,2,工學院,EE,電機工程學系,C123,A,大學部,3,B,電機實務專題(一)積體電路與系統,1,必,16,16,,0,洪進華 徐忠枝,,,,,,,"2,3, 4",,"[{""day"": 6, ""dayName"": ""星期六"", ""periods"": [""2"", ""3"", ""4""], ""raw"": ""2,3, 4""}]",外加,3AB合開，指定外加,https://course.nuk.edu.tw/QueryCourse/tcontent.asp?OpenYear=107&Helf=2&Sclass=EE&Cono=C123,2026-08-26T18:18:27+00:00
107-2-EE-C124-A-3-A,107,2,工學院,EE,電機工程學系,C124,A,大學部,3,A,電機實務專題(一)微波電路,1,必,16,16,,0,吳松茂 鄧卜華,,,,,,,"X,1, Y",,"[{""day"": 6, ""dayName"": ""星期六"", ""periods"": [""X"", ""1"", ""Y""], ""raw"": ""X,1, Y""}]",外加,3AB合開，指定外加,https://course.nuk.edu.tw/QueryCourse/tcontent.asp?OpenYear=107&Helf=2&Sclass=EE&Cono=C124,2026-08-26T18:18:27+00:00
107-2-EE-C124-A-3-B,107,2,工學院,EE,電機工程學系,C124,A,大學部,3,B,電機實務專題(一)微波電路,1,必,16,16,,0,吳松茂 鄧卜華,,,,,,,"X,1, Y",,"[{""day"": 6, ""dayName"": ""星期六"", ""periods"": [""X"", ""1"", ""Y""], ""raw"": ""X,1, Y""}]",外加,3AB合開，指定外加,https://course.nuk.edu.tw/QueryCourse/tcontent.asp?OpenYear=107&Helf=2&Sclass=EE&Cono=C124,2026-08-26T18:18:27+00:00
107-2-EE-C125-A-3-A,107,2,工學院,EE,電機工程學系,C125,A,大學部,3,A,電機實務專題(一)物聯網與積體電路,1,必,11,11,,0,梁明正 廖述銘,,,,,,,"2,3, 4",,"[{""day"": 6, ""dayName"": ""星期六"", ""periods"": [""2"", ""3"", ""4""], ""raw"": ""2,3, 4""}]",外加,3AB合開，指定外加,https://course.nuk.edu.tw/QueryCourse/tcontent.asp?OpenYear=107&Helf=2&Sclass=EE&Cono=C125,2026-08-26T18:18:27+00:00
107-2-EE-C125-A-3-B,107,2,工學院,EE,電機工程學系,C125,A,大學部,3,B,電機實務專題(一)物聯網與積體電路,1,必,11,11,,0,梁明正 廖述銘,,,,,,,"2,3, 4",,"[{""day"": 6, ""dayName"": ""星期六"", ""periods"": [""2"", ""3"", ""4""], ""raw"": ""2,3, 4""}]",外加,3AB合開，指定外加,https://course.nuk.edu.tw/QueryCourse/tcontent.asp?OpenYear=107&Helf=2&Sclass=EE&Cono=C125,2026-08-26T18:18:27+00:00
107-2-EE-C126-A-3-A,107,2,工學院,EE,電機工程學系,C126,A,大學部,3,A,電機實務專題(一)嵌入式系統與微機電,1,必,12,12,,0,張文騰 蕭培墉,,,,,,,"2,3, 4",,"[{""day"": 6, ""dayName"": ""星期六"", ""periods"": [""2"", ""3"", ""4""], ""raw"": ""2,3, 4""}]",外加,3AB合開，指定外加,https://course.nuk.edu.tw/QueryCourse/tcontent.asp?OpenYear=107&Helf=2&Sclass=EE&Cono=C126,2026-08-26T18:18:27+00:00
107-2-EE-C126-A-3-B,107,2,工學院,EE,電機工程學系,C126,A,大學部,3,B,電機實務專題(一)嵌入式系統與微機電,1,必,12,12,,0,張文騰 蕭培墉,,,,,,,"2,3, 4",,"[{""day"": 6, ""dayName"": ""星期六"", ""periods"": [""2"", ""3"", ""4""], ""raw"": ""2,3, 4""}]",外加,3AB合開，指定外加,https://course.nuk.edu.tw/QueryCourse/tcontent.asp?OpenYear=107&Helf=2&Sclass=EE&Cono=C126,2026-08-26T18:18:27+00:00
107-2-EE-C127-A-3-A,107,2,工學院,EE,電機工程學系,C127,A,大學部,3,A,電機實務專題(一)演化式計算、射頻電路與光電,1,必,10,10,,0,賴智錦 一心 馮瑞陽,,,,,,,"2,3, 4",,"[{""day"": 6, ""dayName"": ""星期六"", ""periods"": [""2"", ""3"", ""4""], ""raw"": ""2,3, 4""}]",外加,3AB合開，指定外加,https://course.nuk.edu.tw/QueryCourse/tcontent.asp?OpenYear=107&Helf=2&Sclass=EE&Cono=C127,2026-08-26T18:18:27+00:00
107-2-EE-C127-A-3-B,107,2,工學院,EE,電機工程學系,C127,A,大學部,3,B,電機實務專題(一)演化式計算、射頻電路與光電,1,必,10,10,,0,賴智錦 一心 馮瑞陽,,,,,,,"2,3, 4",,"[{""day"": 6, ""dayName"": ""星期六"", ""periods"": [""2"", ""3"", ""4""], ""raw"": ""2,3, 4""}]",外加,3AB合開，指定外加,https://course.nuk.edu.tw/QueryCourse/tcontent.asp?OpenYear=107&Helf=2&Sclass=EE&Cono=C127,2026-08-26T18:18:27+00:00
107-2-EE-C128-A-3-A,107,2,工學院,EE,電機工程學系,C128,A,大學部,3,A,電機實務專題(一)智慧計算與信號處理,1,必,11,11,,0,吳志宏 黃祥哲,,,,,,,"X,1, Y",,"[{""day"": 6, ""dayName"": ""星期六"", ""periods"": [""X"", ""1"", ""Y""], ""raw"": ""X,1, Y""}]",外加,3AB合開，指定外加,https://course.nuk.edu.tw/QueryCourse/tcontent.asp?OpenYear=107&Helf=2&Sclass=EE&Cono=C128,2026-08-26T18:18:27+00:00
107-2-EE-C128-A-3-B,107,2,工學院,EE,電機工程學系,C128,A,大學部,3,B,電機實務專題(一)智慧計算與信號處理,1,必,11,11,,0,吳志宏 黃祥哲,,,,,,,"X,1, Y",,"[{""day"": 6, ""dayName"": ""星期六"", ""periods"": [""X"", ""1"", ""Y""], ""raw"": ""X,1, Y""}]",外加,3AB合開，指定外加,https://course.nuk.edu.tw/QueryCourse/tcontent.asp?OpenYear=107&Helf=2&Sclass=EE&Cono=C128,2026-08-26T18:18:27+00:00
107-2-EE-C524-A-3-A,107,2,工學院,EE,電機工程學系,C524,A,大學部,3,A,電力系統分析,3,選,40,14,,26,寧家慶,C01-B102,"10,11, 12",,,,,,,"[{""day"": 1, ""dayName"": ""星期一"", ""periods"": [""10"", ""11"", ""12""], ""raw"": ""10,11, 12""}]",,三AB合開,https://course.nuk.edu.tw/QueryCourse/tcontent.asp?OpenYear=107&Helf=2&Sclass=EE&Cono=C524,2026-08-26T18:18:27+00:00
107-2-EE-C524-A-3-B,107,2,工學院,EE,電機工程學系,C524,A,大學部,3,B,電力系統分析,3,選,40,14,,26,寧家慶,C01-B102,"10,11, 12",,,,,,,"[{""day"": 1, ""dayName"": ""星期一"", ""periods"": [""10"", ""11"", ""12""], ""raw"": ""10,11, 12""}]",,三AB合開,https://course.nuk.edu.tw/QueryCourse/tcontent.asp?OpenYear=107&Helf=2&Sclass=EE&Cono=C524,2026-08-26T18:18:27+00:00
107-2-EE-C562-A-3-A,107,2,工學院,EE,電機工程學系,C562,A,大學部,3,A,控制系統,3,選,100,45,,55,黃祥哲,B01-105,"5,6, 7",,,,,,,"[{""day"": 1, ""dayName"": ""星期一"", ""periods"": [""5"", ""6"", ""7""], ""raw"": ""5,6, 7""}]",,三AB、四AB合開；請安排工院B1大教室,https://course.nuk.edu.tw/QueryCourse/tcontent.asp?OpenYear=107&Helf=2&Sclass=EE&Cono=C562,2026-08-26T18:18:27+00:00
107-2-EE-C562-A-3-B,107,2,工學院,EE,電機工程學系,C562,A,大學部,3,B,控制系統,3,選,100,45,,55,黃祥哲,B01-105,"5,6, 7",,,,,,,"[{""day"": 1, ""dayName"": ""星期一"", ""periods"": [""5"", ""6"", ""7""], ""raw"": ""5,6, 7""}]",,三AB、四AB合開；請安排工院B1大教室,https://course.nuk.edu.tw/QueryCourse/tcontent.asp?OpenYear=107&Helf=2&Sclass=EE&Cono=C562,2026-08-26T18:18:27+00:00
107-2-EE-C651-A-3-A,107,2,工學院,EE,電機工程學系,C651,A,大學部,3,A,通訊原理,3,選,90,65,,25,徐忠枝,C01-B104,,,,"6,7, 8",,,,"[{""day"": 4, ""dayName"": ""星期四"", ""periods"": [""6"", ""7"", ""8""], ""raw"": ""6,7, 8""}]",,三AB合開,https://course.nuk.edu.tw/QueryCourse/tcontent.asp?OpenYear=107&Helf=2&Sclass=EE&Cono=C651,2026-08-26T18:18:27+00:00
107-2-EE-C651-A-3-B,107,2,工學院,EE,電機工程學系,C651,A,大學部,3,B,通訊原理,3,選,90,65,,25,徐忠枝,C01-B104,,,,"6,7, 8",,,,"[{""day"": 4, ""dayName"": ""星期四"", ""periods"": [""6"", ""7"", ""8""], ""raw"": ""6,7, 8""}]",,三AB合開,https://course.nuk.edu.tw/QueryCourse/tcontent.asp?OpenYear=107&Helf=2&Sclass=EE&Cono=C651,2026-08-26T18:18:27+00:00
107-2-EE-C691-A-3-A,107,2,工學院,EE,電機工程學系,C691,A,大學部,3,A,光電工程概論,3,選,63,51,,12,施明昌,B01-B108,,"2,3, 4",,,,,,"[{""day"": 2, ""dayName"": ""星期二"", ""periods"": [""2"", ""3"", ""4""], ""raw"": ""2,3, 4""}]",,三AB合開,https://course.nuk.edu.tw/QueryCourse/tcontent.asp?OpenYear=107&Helf=2&Sclass=EE&Cono=C691,2026-08-26T18:18:27+00:00
107-2-EE-C691-A-3-B,107,2,工學院,EE,電機工程學系,C691,A,大學部,3,B,光電工程概論,3,選,63,51,,12,施明昌,B01-B108,,"2,3, 4",,,,,,"[{""day"": 2, ""dayName"": ""星期二"", ""periods"": [""2"", ""3"", ""4""], ""raw"": ""2,3, 4""}]",,三AB合開,https://course.nuk.edu.tw/QueryCourse/tcontent.asp?OpenYear=107&Helf=2&Sclass=EE&Cono=C691,2026-08-26T18:18:27+00:00
107-2-EE-C712-A-3-A,107,2,工學院,EE,電機工程學系,C712,A,大學部,3,A,計算機組織,3,選,35,32,,3,賴智錦,C01-414,"2,3, 4",,,,,,,"[{""day"": 1, ""dayName"": ""星期一"", ""periods"": [""2"", ""3"", ""4""], ""raw"": ""2,3, 4""}]",,三AB合開；請安排工學院C01-414教室,https://course.nuk.edu.tw/QueryCourse/tcontent.asp?OpenYear=107&Helf=2&Sclass=EE&Cono=C712,2026-08-26T18:18:27+00:00
107-2-EE-C712-A-3-B,107,2,工學院,EE,電機工程學系,C712,A,大學部,3,B,計算機組織,3,選,35,32,,3,賴智錦,C01-414,"2,3, 4",,,,,,,"[{""day"": 1, ""dayName"": ""星期一"", ""periods"": [""2"", ""3"", ""4""], ""raw"": ""2,3, 4""}]",,三AB合開；請安排工學院C01-414教室,https://course.nuk.edu.tw/QueryCourse/tcontent.asp?OpenYear=107&Helf=2&Sclass=EE&Cono=C712,2026-08-26T18:18:27+00:00
107-2-EE-C791-A-3-A,107,2,工學院,EE,電機工程學系,C791,A,大學部,3,A,數位訊號處理,3,選,60,41,,19,徐忠枝,C01-B103,,,,,"6,7, 8",,,"[{""day"": 5, ""dayName"": ""星期五"", ""periods"": [""6"", ""7"", ""8""], ""raw"": ""6,7, 8""}]",,三四AB合開,https://course.nuk.edu.tw/QueryCourse/tcontent.asp?OpenYear=107&Helf=2&Sclass=EE&Cono=C791,2026-08-26T18:18:27+00:00
107-2-EE-C791-A-3-B,107,2,工學院,EE,電機工程學系,C791,A,大學部,3,B,數位訊號處理,3,選,60,41,,19,徐忠枝,C01-B103,,,,,"6,7, 8",,,"[{""day"": 5, ""dayName"": ""星期五"", ""periods"": [""6"", ""7"", ""8""], ""raw"": ""6,7, 8""}]",,三四AB合開,https://course.nuk.edu.tw/QueryCourse/tcontent.asp?OpenYear=107&Helf=2&Sclass=EE&Cono=C791,2026-08-26T18:18:27+00:00
107-2-EE-C882-A-3-A,107,2,工學院,EE,電機工程學系,C882,A,大學部,3,A,半導體技術導論,3,選,71,64,,7,葉文冠,C01-B103,,,,"10,11, 12",,,,"[{""day"": 4, ""dayName"": ""星期四"", ""periods"": [""10"", ""11"", ""12""], ""raw"": ""10,11, 12""}]",外加 學程,三AB合開；半導體光電製程學程,https://course.nuk.edu.tw/QueryCourse/tcontent.asp?OpenYear=107&Helf=2&Sclass=EE&Cono=C882,2026-08-26T18:18:27+00:00
107-2-EE-C882-A-3-B,107,2,工學院,EE,電機工程學系,C882,A,大學部,3,B,半導體技術導論,3,選,71,64,,7,葉文冠,C01-B103,,,,"10,11, 12",,,,"[{""day"": 4, ""dayName"": ""星期四"", ""periods"": [""10"", ""11"", ""12""], ""raw"": ""10,11, 12""}]",外加 學程,三AB合開；半導體光電製程學程,https://course.nuk.edu.tw/QueryCourse/tcontent.asp?OpenYear=107&Helf=2&Sclass=EE&Cono=C882,2026-08-26T18:18:27+00:00
107-2-EE-D82D-A-3-A,107,2,工學院,EE,電機工程學系,D82D,A,大學部,3,A,元件與微系統概論,3,選,30,28,,2,張文騰,C01-414,"5,6, 7",,,,,,,"[{""day"": 1, ""dayName"": ""星期一"", ""periods"": [""5"", ""6"", ""7""], ""raw"": ""5,6, 7""}]",外加,三AB、四AB,https://course.nuk.edu.tw/QueryCourse/tcontent.asp?OpenYear=107&Helf=2&Sclass=EE&Cono=D82D,2026-08-26T18:18:27+00:00
107-2-EE-D82D-A-3-B,107,2,工學院,EE,電機工程學系,D82D,A,大學部,3,B,元件與微系統概論,3,選,30,28,,2,張文騰,C01-414,"5,6, 7",,,,,,,"[{""day"": 1, ""dayName"": ""星期一"", ""periods"": [""5"", ""6"", ""7""], ""raw"": ""5,6, 7""}]",外加,三AB、四AB,https://course.nuk.edu.tw/QueryCourse/tcontent.asp?OpenYear=107&Helf=2&Sclass=EE&Cono=D82D,2026-08-26T18:18:27+00:00
107-2-EE-D901-A-3-A,107,2,工學院,EE,電機工程學系,D901,A,大學部,3,A,射頻主動電路設計,3,選,40,24,,16,一心,C01-104 其他教室,,,"2,3, 4",,,,,"[{""day"": 3, ""dayName"": ""星期三"", ""periods"": [""2"", ""3"", ""4""], ""raw"": ""2,3, 4""}]",,三、四AB合開；請安排C01-104電腦教室與普通教室,https://course.nuk.edu.tw/QueryCourse/tcontent.asp?OpenYear=107&Helf=2&Sclass=EE&Cono=D901,2026-08-26T18:18:27+00:00
107-2-EE-D901-A-3-B,107,2,工學院,EE,電機工程學系,D901,A,大學部,3,B,射頻主動電路設計,3,選,40,24,,16,一心,C01-104 其他教室,,,"2,3, 4",,,,,"[{""day"": 3, ""dayName"": ""星期三"", ""periods"": [""2"", ""3"", ""4""], ""raw"": ""2,3, 4""}]",,三、四AB合開；請安排C01-104電腦教室與普通教室,https://course.nuk.edu.tw/QueryCourse/tcontent.asp?OpenYear=107&Helf=2&Sclass=EE&Cono=D901,2026-08-26T18:18:27+00:00
107-2-EE-F502-A-3-A,107,2,工學院,EE,電機工程學系,F502,A,大學部,3,A,真空技術,3,選,20,8,,12,馮瑞陽,B01-105,,,,"2,3, 4",,,,"[{""day"": 4, ""dayName"": ""星期四"", ""periods"": [""2"", ""3"", ""4""], ""raw"": ""2,3, 4""}]",學程,三AB、四AB、碩班合開,https://course.nuk.edu.tw/QueryCourse/tcontent.asp?OpenYear=107&Helf=2&Sclass=EE&Cono=F502,2026-08-26T18:18:27+00:00
107-2-EE-F502-A-3-B,107,2,工學院,EE,電機工程學系,F502,A,大學部,3,B,真空技術,3,選,20,8,,12,馮瑞陽,B01-105,,,,"2,3, 4",,,,"[{""day"": 4, ""dayName"": ""星期四"", ""periods"": [""2"", ""3"", ""4""], ""raw"": ""2,3, 4""}]",學程,三AB、四AB、碩班合開,https://course.nuk.edu.tw/QueryCourse/tcontent.asp?OpenYear=107&Helf=2&Sclass=EE&Cono=F502,2026-08-26T18:18:27+00:00
107-2-EE-F655-A-3-A,107,2,工學院,EE,電機工程學系,F655,A,大學部,3,A,光電子學(二),3,選,40,5,,35,馮瑞陽,C01-B102,"5,6, 7",,,,,,,"[{""day"": 1, ""dayName"": ""星期一"", ""periods"": [""5"", ""6"", ""7""], ""raw"": ""5,6, 7""}]",,三AB、四AB、碩班合開,https://course.nuk.edu.tw/QueryCourse/tcontent.asp?OpenYear=107&Helf=2&Sclass=EE&Cono=F655,2026-08-26T18:18:27+00:00
107-2-EE-F655-A-3-B,107,2,工學院,EE,電機工程學系,F655,A,大學部,3,B,光電子學(二),3,選,40,5,,35,馮瑞陽,C01-B102,"5,6, 7",,,,,,,"[{""day"": 1, ""dayName"": ""星期一"", ""periods"": [""5"", ""6"", ""7""], ""raw"": ""5,6, 7""}]",,三AB、四AB、碩班合開,https://course.nuk.edu.tw/QueryCourse/tcontent.asp?OpenYear=107&Helf=2&Sclass=EE&Cono=F655,2026-08-26T18:18:27+00:00
107-2-EE-F794-A-3-A,107,2,工學院,EE,電機工程學系,F794,A,大學部,3,A,進階微波被動電路設計與分析,3,選,50,49,,1,鄧卜華,C01-104,,,,,"2,3, 4",,,"[{""day"": 5, ""dayName"": ""星期五"", ""periods"": [""2"", ""3"", ""4""], ""raw"": ""2,3, 4""}]",,三AB、四AB、碩班合開；請安排C01-104電腦教室,https://course.nuk.edu.tw/QueryCourse/tcontent.asp?OpenYear=107&Helf=2&Sclass=EE&Cono=F794,2026-08-26T18:18:27+00:00
107-2-EE-F794-A-3-B,107,2,工學院,EE,電機工程學系,F794,A,大學部,3,B,進階微波被動電路設計與分析,3,選,50,49,,1,鄧卜華,C01-104,,,,,"2,3, 4",,,"[{""day"": 5, ""dayName"": ""星期五"", ""periods"": [""2"", ""3"", ""4""], ""raw"": ""2,3, 4""}]",,三AB、四AB、碩班合開；請安排C01-104電腦教室,https://course.nuk.edu.tw/QueryCourse/tcontent.asp?OpenYear=107&Helf=2&Sclass=EE&Cono=F794,2026-08-26T18:18:27+00:00
107-2-EE-F795-A-3-A,107,2,工學院,EE,電機工程學系,F795,A,大學部,3,A,微波電路設計與電磁相容技術,3,選,29,29,,0,吳松茂,C01-B102-1,,,,"2,3, 4",,,,"[{""day"": 4, ""dayName"": ""星期四"", ""periods"": [""2"", ""3"", ""4""], ""raw"": ""2,3, 4""}]",外加,三AB、四AB、碩班合開,https://course.nuk.edu.tw/QueryCourse/tcontent.asp?OpenYear=107&Helf=2&Sclass=EE&Cono=F795,2026-08-26T18:18:27+00:00
107-2-EE-F795-A-3-B,107,2,工學院,EE,電機工程學系,F795,A,大學部,3,B,微波電路設計與電磁相容技術,3,選,29,29,,0,吳松茂,C01-B102-1,,,,"2,3, 4",,,,"[{""day"": 4, ""dayName"": ""星期四"", ""periods"": [""2"", ""3"", ""4""], ""raw"": ""2,3, 4""}]",外加,三AB、四AB、碩班合開,https://course.nuk.edu.tw/QueryCourse/tcontent.asp?OpenYear=107&Helf=2&Sclass=EE&Cono=F795,2026-08-26T18:18:27+00:00
107-2-EE-F944-A-3-A,107,2,工學院,EE,電機工程學系,F944,A,大學部,3,A,演化式計算,3,選,33,32,,1,賴智錦,C01-414,,,,"2,3, 4",,,,"[{""day"": 4, ""dayName"": ""星期四"", ""periods"": [""2"", ""3"", ""4""], ""raw"": ""2,3, 4""}]",外加,三AB、四AB、碩班合開；請安排C01-414教室,https://course.nuk.edu.tw/QueryCourse/tcontent.asp?OpenYear=107&Helf=2&Sclass=EE&Cono=F944,2026-08-26T18:18:27+00:00
107-2-EE-F944-A-3-B,107,2,工學院,EE,電機工程學系,F944,A,大學部,3,B,演化式計算,3,選,33,32,,1,賴智錦,C01-414,,,,"2,3, 4",,,,"[{""day"": 4, ""dayName"": ""星期四"", ""periods"": [""2"", ""3"", ""4""], ""raw"": ""2,3, 4""}]",外加,三AB、四AB、碩班合開；請安排C01-414教室,https://course.nuk.edu.tw/QueryCourse/tcontent.asp?OpenYear=107&Helf=2&Sclass=EE&Cono=F944,2026-08-26T18:18:27+00:00
107-2-EE-G505-A-3-A,107,2,工學院,EE,電機工程學系,G505,A,大學部,3,A,電腦輔助電路設計,3,選,34,33,,1,張文騰,C01-104,,"2,3, 4",,,,,,"[{""day"": 2, ""dayName"": ""星期二"", ""periods"": [""2"", ""3"", ""4""], ""raw"": ""2,3, 4""}]",外加,三AB、四AB、碩班合開；請安排C01-104電腦教室,https://course.nuk.edu.tw/QueryCourse/tcontent.asp?OpenYear=107&Helf=2&Sclass=EE&Cono=G505,2026-08-26T18:18:27+00:00
107-2-EE-G505-A-3-B,107,2,工學院,EE,電機工程學系,G505,A,大學部,3,B,電腦輔助電路設計,3,選,34,33,,1,張文騰,C01-104,,"2,3, 4",,,,,,"[{""day"": 2, ""dayName"": ""星期二"", ""periods"": [""2"", ""3"", ""4""], ""raw"": ""2,3, 4""}]",外加,三AB、四AB、碩班合開；請安排C01-104電腦教室,https://course.nuk.edu.tw/QueryCourse/tcontent.asp?OpenYear=107&Helf=2&Sclass=EE&Cono=G505,2026-08-26T18:18:27+00:00
107-2-EE-G574-A-3-A,107,2,工學院,EE,電機工程學系,G574,A,大學部,3,A,光電元件物理,3,選,40,12,,28,郭馨徽,C01-B102-1,,,"2,3, 4",,,,,"[{""day"": 3, ""dayName"": ""星期三"", ""periods"": [""2"", ""3"", ""4""], ""raw"": ""2,3, 4""}]",,,https://course.nuk.edu.tw/QueryCourse/tcontent.asp?OpenYear=107&Helf=2&Sclass=EE&Cono=G574,2026-08-26T18:18:27+00:00
107-2-EE-G574-A-3-B,107,2,工學院,EE,電機工程學系,G574,A,大學部,3,B,光電元件物理,3,選,40,12,,28,郭馨徽,C01-B102-1,,,"2,3, 4",,,,,"[{""day"": 3, ""dayName"": ""星期三"", ""periods"": [""2"", ""3"", ""4""], ""raw"": ""2,3, 4""}]",,,https://course.nuk.edu.tw/QueryCourse/tcontent.asp?OpenYear=107&Helf=2&Sclass=EE&Cono=G574,2026-08-26T18:18:27+00:00
107-2-EE-G694-A-3-A,107,2,工學院,EE,電機工程學系,G694,A,大學部,3,A,深度學習與智慧型機械人,3,選,41,21,,20,吳志宏,C01-104,,,,,"6,7, 8",,,"[{""day"": 5, ""dayName"": ""星期五"", ""periods"": [""6"", ""7"", ""8""], ""raw"": ""6,7, 8""}]",先修 外加,三AB、四AB、碩班合開；使用C01-104電腦教室,https://course.nuk.edu.tw/QueryCourse/tcontent.asp?OpenYear=107&Helf=2&Sclass=EE&Cono=G694,2026-08-26T18:18:27+00:00
107-2-EE-G694-A-3-B,107,2,工學院,EE,電機工程學系,G694,A,大學部,3,B,深度學習與智慧型機械人,3,選,41,21,,20,吳志宏,C01-104,,,,,"6,7, 8",,,"[{""day"": 5, ""dayName"": ""星期五"", ""periods"": [""6"", ""7"", ""8""], ""raw"": ""6,7, 8""}]",先修 外加,三AB、四AB、碩班合開；使用C01-104電腦教室,https://course.nuk.edu.tw/QueryCourse/tcontent.asp?OpenYear=107&Helf=2&Sclass=EE&Cono=G694,2026-08-26T18:18:27+00:00
107-2-EE-G70A-A-3-A,107,2,工學院,EE,電機工程學系,G70A,A,大學部,3,A,智慧生活空間資訊截取與運用效能化設計(Ⅰ),3,選,70,25,,45,梁明正,C01-B102,,"5,6, 7",,,,,,"[{""day"": 2, ""dayName"": ""星期二"", ""periods"": [""5"", ""6"", ""7""], ""raw"": ""5,6, 7""}]",學程,三AB、四AB、碩班合開，智慧生活整合創新學程,https://course.nuk.edu.tw/QueryCourse/tcontent.asp?OpenYear=107&Helf=2&Sclass=EE&Cono=G70A,2026-08-26T18:18:27+00:00
107-2-EE-G70A-A-3-B,107,2,工學院,EE,電機工程學系,G70A,A,大學部,3,B,智慧生活空間資訊截取與運用效能化設計(Ⅰ),3,選,70,25,,45,梁明正,C01-B102,,"5,6, 7",,,,,,"[{""day"": 2, ""dayName"": ""星期二"", ""periods"": [""5"", ""6"", ""7""], ""raw"": ""5,6, 7""}]",學程,三AB、四AB、碩班合開，智慧生活整合創新學程,https://course.nuk.edu.tw/QueryCourse/tcontent.asp?OpenYear=107&Helf=2&Sclass=EE&Cono=G70A,2026-08-26T18:18:27+00:00
107-2-EE-C562-A-4-A,107,2,工學院,EE,電機工程學系,C562,A,大學部,4,A,控制系統,3,選,100,45,,55,黃祥哲,B01-105,"5,6, 7",,,,,,,"[{""day"": 1, ""dayName"": ""星期一"", ""periods"": [""5"", ""6"", ""7""], ""raw"": ""5,6, 7""}]",,三AB、四AB合開；請安排工院B1大教室,https://course.nuk.edu.tw/QueryCourse/tcontent.asp?OpenYear=107&Helf=2&Sclass=EE&Cono=C562,2026-08-26T18:18:27+00:00
107-2-EE-C562-A-4-B,107,2,工學院,EE,電機工程學系,C562,A,大學部,4,B,控制系統,3,選,100,45,,55,黃祥哲,B01-105,"5,6, 7",,,,,,,"[{""day"": 1, ""dayName"": ""星期一"", ""periods"": [""5"", ""6"", ""7""], ""raw"": ""5,6, 7""}]",,三AB、四AB合開；請安排工院B1大教室,https://course.nuk.edu.tw/QueryCourse/tcontent.asp?OpenYear=107&Helf=2&Sclass=EE&Cono=C562,2026-08-26T18:18:27+00:00
107-2-EE-C791-A-4-A,107,2,工學院,EE,電機工程學系,C791,A,大學部,4,A,數位訊號處理,3,選,60,41,,19,徐忠枝,C01-B103,,,,,"6,7, 8",,,"[{""day"": 5, ""dayName"": ""星期五"", ""periods"": [""6"", ""7"", ""8""], ""raw"": ""6,7, 8""}]",,三四AB合開,https://course.nuk.edu.tw/QueryCourse/tcontent.asp?OpenYear=107&Helf=2&Sclass=EE&Cono=C791,2026-08-26T18:18:27+00:00
107-2-EE-C791-A-4-B,107,2,工學院,EE,電機工程學系,C791,A,大學部,4,B,數位訊號處理,3,選,60,41,,19,徐忠枝,C01-B103,,,,,"6,7, 8",,,"[{""day"": 5, ""dayName"": ""星期五"", ""periods"": [""6"", ""7"", ""8""], ""raw"": ""6,7, 8""}]",,三四AB合開,https://course.nuk.edu.tw/QueryCourse/tcontent.asp?OpenYear=107&Helf=2&Sclass=EE&Cono=C791,2026-08-26T18:18:27+00:00
107-2-EE-D50B-A-4-A,107,2,工學院,EE,電機工程學系,D50B,A,大學部,4,A,業界實習(二),9,選,5,5,,0,陳春僥 廖述銘,,,X,,,,,,"[{""day"": 2, ""dayName"": ""星期二"", ""periods"": [""X""], ""raw"": ""X""}]",,總實習時數,https://course.nuk.edu.tw/QueryCourse/tcontent.asp?OpenYear=107&Helf=2&Sclass=EE&Cono=D50B,2026-08-26T18:18:27+00:00
107-2-EE-D50B-A-4-B,107,2,工學院,EE,電機工程學系,D50B,A,大學部,4,B,業界實習(二),9,選,5,5,,0,陳春僥 廖述銘,,,X,,,,,,"[{""day"": 2, ""dayName"": ""星期二"", ""periods"": [""X""], ""raw"": ""X""}]",,總實習時數,https://course.nuk.edu.tw/QueryCourse/tcontent.asp?OpenYear=107&Helf=2&Sclass=EE&Cono=D50B,2026-08-26T18:18:27+00:00
107-2-EE-D82D-A-4-A,107,2,工學院,EE,電機工程學系,D82D,A,大學部,4,A,元件與微系統概論,3,選,30,28,,2,張文騰,C01-414,"5,6, 7",,,,,,,"[{""day"": 1, ""dayName"": ""星期一"", ""periods"": [""5"", ""6"", ""7""], ""raw"": ""5,6, 7""}]",,三AB、四AB,https://course.nuk.edu.tw/QueryCourse/tcontent.asp?OpenYear=107&Helf=2&Sclass=EE&Cono=D82D,2026-08-26T18:18:27+00:00
107-2-EE-D82D-A-4-B,107,2,工學院,EE,電機工程學系,D82D,A,大學部,4,B,元件與微系統概論,3,選,30,28,,2,張文騰,C01-414,"5,6, 7",,,,,,,"[{""day"": 1, ""dayName"": ""星期一"", ""periods"": [""5"", ""6"", ""7""], ""raw"": ""5,6, 7""}]",外加,三AB、四AB,https://course.nuk.edu.tw/QueryCourse/tcontent.asp?OpenYear=107&Helf=2&Sclass=EE&Cono=D82D,2026-08-26T18:18:27+00:00
107-2-EE-D901-A-4-A,107,2,工學院,EE,電機工程學系,D901,A,大學部,4,A,射頻主動電路設計,3,選,40,24,,16,一心,C01-104 其他教室,,,"2,3, 4",,,,,"[{""day"": 3, ""dayName"": ""星期三"", ""periods"": [""2"", ""3"", ""4""], ""raw"": ""2,3, 4""}]",,三AB、四AB合開；請安排C01-104電腦教室與普通教室,https://course.nuk.edu.tw/QueryCourse/tcontent.asp?OpenYear=107&Helf=2&Sclass=EE&Cono=D901,2026-08-26T18:18:27+00:00
107-2-EE-D901-A-4-B,107,2,工學院,EE,電機工程學系,D901,A,大學部,4,B,射頻主動電路設計,3,選,40,24,,16,一心,C01-104 其他教室,,,"2,3, 4",,,,,"[{""day"": 3, ""dayName"": ""星期三"", ""periods"": [""2"", ""3"", ""4""], ""raw"": ""2,3, 4""}]",,三、四AB合開；請安排C01-104電腦教室與普通教室,https://course.nuk.edu.tw/QueryCourse/tcontent.asp?OpenYear=107&Helf=2&Sclass=EE&Cono=D901,2026-08-26T18:18:27+00:00
107-2-EE-F502-A-4-A,107,2,工學院,EE,電機工程學系,F502,A,大學部,4,A,真空技術,3,選,20,8,,12,馮瑞陽,B01-105,,,,"2,3, 4",,,,"[{""day"": 4, ""dayName"": ""星期四"", ""periods"": [""2"", ""3"", ""4""], ""raw"": ""2,3, 4""}]",學程,三AB、四AB、碩班合開,https://course.nuk.edu.tw/QueryCourse/tcontent.asp?OpenYear=107&Helf=2&Sclass=EE&Cono=F502,2026-08-26T18:18:27+00:00
107-2-EE-F502-A-4-B,107,2,工學院,EE,電機工程學系,F502,A,大學部,4,B,真空技術,3,選,20,8,,12,馮瑞陽,B01-105,,,,"2,3, 4",,,,"[{""day"": 4, ""dayName"": ""星期四"", ""periods"": [""2"", ""3"", ""4""], ""raw"": ""2,3, 4""}]",學程,三AB、四AB、碩班合開,https://course.nuk.edu.tw/QueryCourse/tcontent.asp?OpenYear=107&Helf=2&Sclass=EE&Cono=F502,2026-08-26T18:18:27+00:00
107-2-EE-F522-A-4-A,107,2,工學院,EE,電機工程學系,F522,A,大學部,4,A,高速數位系統設計實務,3,選,70,29,,41,王陳肇,C01-B104,,,,"10,11, 12",,,,"[{""day"": 4, ""dayName"": ""星期四"", ""periods"": [""10"", ""11"", ""12""], ""raw"": ""10,11, 12""}]",,四AB、碩班合開,https://course.nuk.edu.tw/QueryCourse/tcontent.asp?OpenYear=107&Helf=2&Sclass=EE&Cono=F522,2026-08-26T18:18:27+00:00
107-2-EE-F522-A-4-B,107,2,工學院,EE,電機工程學系,F522,A,大學部,4,B,高速數位系統設計實務,3,選,70,29,,41,王陳肇,C01-B104,,,,"10,11, 12",,,,"[{""day"": 4, ""dayName"": ""星期四"", ""periods"": [""10"", ""11"", ""12""], ""raw"": ""10,11, 12""}]",,四AB、碩班合開,https://course.nuk.edu.tw/QueryCourse/tcontent.asp?OpenYear=107&Helf=2&Sclass=EE&Cono=F522,2026-08-26T18:18:27+00:00
107-2-EE-F583-A-4-A,107,2,工學院,EE,電機工程學系,F583,A,大學部,4,A,電腦網路(二),3,選,51,51,,0,廖述銘,C01-104,,"5,6, 7",,,,,,"[{""day"": 2, ""dayName"": ""星期二"", ""periods"": [""5"", ""6"", ""7""], ""raw"": ""5,6, 7""}]",,四AB、碩班合開，使用工學院C01-104電腦教室,https://course.nuk.edu.tw/QueryCourse/tcontent.asp?OpenYear=107&Helf=2&Sclass=EE&Cono=F583,2026-08-26T18:18:27+00:00
107-2-EE-F583-A-4-B,107,2,工學院,EE,電機工程學系,F583,A,大學部,4,B,電腦網路(二),3,選,51,51,,0,廖述銘,C01-104,,"5,6, 7",,,,,,"[{""day"": 2, ""dayName"": ""星期二"", ""periods"": [""5"", ""6"", ""7""], ""raw"": ""5,6, 7""}]",,四AB、碩班合開，使用工學院C01-104電腦教室,https://course.nuk.edu.tw/QueryCourse/tcontent.asp?OpenYear=107&Helf=2&Sclass=EE&Cono=F583,2026-08-26T18:18:27+00:00
107-2-EE-F595-A-4-A,107,2,工學院,EE,電機工程學系,F595,A,大學部,4,A,微波濾波器設計,3,選,60,33,,27,鄧卜華,B01-105,,,,"6,7, 8",,,,"[{""day"": 4, ""dayName"": ""星期四"", ""periods"": [""6"", ""7"", ""8""], ""raw"": ""6,7, 8""}]",,四AB、碩班合開,https://course.nuk.edu.tw/QueryCourse/tcontent.asp?OpenYear=107&Helf=2&Sclass=EE&Cono=F595,2026-08-26T18:18:27+00:00
107-2-EE-F595-A-4-B,107,2,工學院,EE,電機工程學系,F595,A,大學部,4,B,微波濾波器設計,3,選,60,33,,27,鄧卜華,B01-105,,,,"6,7, 8",,,,"[{""day"": 4, ""dayName"": ""星期四"", ""periods"": [""6"", ""7"", ""8""], ""raw"": ""6,7, 8""}]",,四AB、碩班合開,https://course.nuk.edu.tw/QueryCourse/tcontent.asp?OpenYear=107&Helf=2&Sclass=EE&Cono=F595,2026-08-26T18:18:27+00:00
107-2-EE-F603-A-4-A,107,2,工學院,EE,電機工程學系,F603,A,大學部,4,A,電機機械,3,選,50,21,,29,劉又齊,C01-B104,,,,,"2,3, 4",,,"[{""day"": 5, ""dayName"": ""星期五"", ""periods"": [""2"", ""3"", ""4""], ""raw"": ""2,3, 4""}]",,四AB、碩班合開,https://course.nuk.edu.tw/QueryCourse/tcontent.asp?OpenYear=107&Helf=2&Sclass=EE&Cono=F603,2026-08-26T18:18:27+00:00
107-2-EE-F603-A-4-B,107,2,工學院,EE,電機工程學系,F603,A,大學部,4,B,電機機械,3,選,50,21,,29,劉又齊,C01-B104,,,,,"2,3, 4",,,"[{""day"": 5, ""dayName"": ""星期五"", ""periods"": [""2"", ""3"", ""4""], ""raw"": ""2,3, 4""}]",,四AB、碩班合開,https://course.nuk.edu.tw/QueryCourse/tcontent.asp?OpenYear=107&Helf=2&Sclass=EE&Cono=F603,2026-08-26T18:18:27+00:00
107-2-EE-F613-A-4-A,107,2,工學院,EE,電機工程學系,F613,A,大學部,4,A,高等元件分析,3,選,60,18,,42,江德光,C01-B101-1,,,,,"2,3, 4",,,"[{""day"": 5, ""dayName"": ""星期五"", ""periods"": [""2"", ""3"", ""4""], ""raw"": ""2,3, 4""}]",,四AB、碩班合開,https://course.nuk.edu.tw/QueryCourse/tcontent.asp?OpenYear=107&Helf=2&Sclass=EE&Cono=F613,2026-08-26T18:18:27+00:00
107-2-EE-F613-A-4-B,107,2,工學院,EE,電機工程學系,F613,A,大學部,4,B,高等元件分析,3,選,60,18,,42,江德光,C01-B101-1,,,,,"2,3, 4",,,"[{""day"": 5, ""dayName"": ""星期五"", ""periods"": [""2"", ""3"", ""4""], ""raw"": ""2,3, 4""}]",,四AB、碩班合開,https://course.nuk.edu.tw/QueryCourse/tcontent.asp?OpenYear=107&Helf=2&Sclass=EE&Cono=F613,2026-08-26T18:18:27+00:00
107-2-EE-F655-A-4-A,107,2,工學院,EE,電機工程學系,F655,A,大學部,4,A,光電子學(二),3,選,40,5,,35,馮瑞陽,C01-B102,"5,6, 7",,,,,,,"[{""day"": 1, ""dayName"": ""星期一"", ""periods"": [""5"", ""6"", ""7""], ""raw"": ""5,6, 7""}]",,三AB、四AB、碩班合開,https://course.nuk.edu.tw/QueryCourse/tcontent.asp?OpenYear=107&Helf=2&Sclass=EE&Cono=F655,2026-08-26T18:18:27+00:00
107-2-EE-F655-A-4-B,107,2,工學院,EE,電機工程學系,F655,A,大學部,4,B,光電子學(二),3,選,40,5,,35,馮瑞陽,C01-B102,"5,6, 7",,,,,,,"[{""day"": 1, ""dayName"": ""星期一"", ""periods"": [""5"", ""6"", ""7""], ""raw"": ""5,6, 7""}]",,三AB、四AB、碩班合開,https://course.nuk.edu.tw/QueryCourse/tcontent.asp?OpenYear=107&Helf=2&Sclass=EE&Cono=F655,2026-08-26T18:18:27+00:00
107-2-EE-F691-A-4-A,107,2,工學院,EE,電機工程學系,F691,A,大學部,4,A,高等天線原理,3,選,60,11,,49,梁明正,C01-B102-1,"5,6, 7",,,,,,,"[{""day"": 1, ""dayName"": ""星期一"", ""periods"": [""5"", ""6"", ""7""], ""raw"": ""5,6, 7""}]",,四AB、碩班合開,https://course.nuk.edu.tw/QueryCourse/tcontent.asp?OpenYear=107&Helf=2&Sclass=EE&Cono=F691,2026-08-26T18:18:27+00:00
107-2-EE-F691-A-4-B,107,2,工學院,EE,電機工程學系,F691,A,大學部,4,B,高等天線原理,3,選,60,11,,49,梁明正,C01-B102-1,"5,6, 7",,,,,,,"[{""day"": 1, ""dayName"": ""星期一"", ""periods"": [""5"", ""6"", ""7""], ""raw"": ""5,6, 7""}]",,四AB、碩班合開,https://course.nuk.edu.tw/QueryCourse/tcontent.asp?OpenYear=107&Helf=2&Sclass=EE&Cono=F691,2026-08-26T18:18:27+00:00
107-2-EE-F764-A-4-A,107,2,工學院,EE,電機工程學系,F764,A,大學部,4,A,數位濾波器設計專論,3,選,40,16,,24,徐忠枝,C01-201,,,"7,8, 9",,,,,"[{""day"": 3, ""dayName"": ""星期三"", ""periods"": [""7"", ""8"", ""9""], ""raw"": ""7,8, 9""}]",,四AB、碩班合開；請安排C01-201實驗室,https://course.nuk.edu.tw/QueryCourse/tcontent.asp?OpenYear=107&Helf=2&Sclass=EE&Cono=F764,2026-08-26T18:18:27+00:00
107-2-EE-F764-A-4-B,107,2,工學院,EE,電機工程學系,F764,A,大學部,4,B,數位濾波器設計專論,3,選,40,16,,24,徐忠枝,C01-201,,,"7,8, 9",,,,,"[{""day"": 3, ""dayName"": ""星期三"", ""periods"": [""7"", ""8"", ""9""], ""raw"": ""7,8, 9""}]",,四AB、碩班合開；請安排C01-201實驗室,https://course.nuk.edu.tw/QueryCourse/tcontent.asp?OpenYear=107&Helf=2&Sclass=EE&Cono=F764,2026-08-26T18:18:27+00:00
107-2-EE-F794-A-4-A,107,2,工學院,EE,電機工程學系,F794,A,大學部,4,A,進階微波被動電路設計與分析,3,選,50,49,,1,鄧卜華,C01-104,,,,,"2,3, 4",,,"[{""day"": 5, ""dayName"": ""星期五"", ""periods"": [""2"", ""3"", ""4""], ""raw"": ""2,3, 4""}]",,三AB、四AB、碩班合開；請安排C01-104電腦教室,https://course.nuk.edu.tw/QueryCourse/tcontent.asp?OpenYear=107&Helf=2&Sclass=EE&Cono=F794,2026-08-26T18:18:27+00:00
107-2-EE-F794-A-4-B,107,2,工學院,EE,電機工程學系,F794,A,大學部,4,B,進階微波被動電路設計與分析,3,選,50,49,,1,鄧卜華,C01-104,,,,,"2,3, 4",,,"[{""day"": 5, ""dayName"": ""星期五"", ""periods"": [""2"", ""3"", ""4""], ""raw"": ""2,3, 4""}]",,三AB、四AB、碩班合開；請安排C01-104電腦教室,https://course.nuk.edu.tw/QueryCourse/tcontent.asp?OpenYear=107&Helf=2&Sclass=EE&Cono=F794,2026-08-26T18:18:27+00:00
107-2-EE-F795-A-4-A,107,2,工學院,EE,電機工程學系,F795,A,大學部,4,A,微波電路設計與電磁相容技術,3,選,29,29,,0,吳松茂,C01-B102-1,,,,"2,3, 4",,,,"[{""day"": 4, ""dayName"": ""星期四"", ""periods"": [""2"", ""3"", ""4""], ""raw"": ""2,3, 4""}]",外加,三AB、四AB、碩班合開,https://course.nuk.edu.tw/QueryCourse/tcontent.asp?OpenYear=107&Helf=2&Sclass=EE&Cono=F795,2026-08-26T18:18:27+00:00
107-2-EE-F795-A-4-B,107,2,工學院,EE,電機工程學系,F795,A,大學部,4,B,微波電路設計與電磁相容技術,3,選,29,29,,0,吳松茂,C01-B102-1,,,,"2,3, 4",,,,"[{""day"": 4, ""dayName"": ""星期四"", ""periods"": [""2"", ""3"", ""4""], ""raw"": ""2,3, 4""}]",外加,三AB、四AB、碩班合開,https://course.nuk.edu.tw/QueryCourse/tcontent.asp?OpenYear=107&Helf=2&Sclass=EE&Cono=F795,2026-08-26T18:18:27+00:00
107-2-EE-F944-A-4-A,107,2,工學院,EE,電機工程學系,F944,A,大學部,4,A,演化式計算,3,選,33,32,,1,賴智錦,C01-414,,,,"2,3, 4",,,,"[{""day"": 4, ""dayName"": ""星期四"", ""periods"": [""2"", ""3"", ""4""], ""raw"": ""2,3, 4""}]",外加,三AB、四AB、碩班合開；請安排C01-414教室,https://course.nuk.edu.tw/QueryCourse/tcontent.asp?OpenYear=107&Helf=2&Sclass=EE&Cono=F944,2026-08-26T18:18:27+00:00
107-2-EE-F944-A-4-B,107,2,工學院,EE,電機工程學系,F944,A,大學部,4,B,演化式計算,3,選,33,32,,1,賴智錦,C01-414,,,,"2,3, 4",,,,"[{""day"": 4, ""dayName"": ""星期四"", ""periods"": [""2"", ""3"", ""4""], ""raw"": ""2,3, 4""}]",外加,三AB、四AB、碩班合開；請安排C01-414教室,https://course.nuk.edu.tw/QueryCourse/tcontent.asp?OpenYear=107&Helf=2&Sclass=EE&Cono=F944,2026-08-26T18:18:27+00:00
107-2-EE-F963-A-4-A,107,2,工學院,EE,電機工程學系,F963,A,大學部,4,A,Java物件導向程式設計,3,選,50,38,,12,廖述銘,C01-104,,,,"6,7, 8",,,,"[{""day"": 4, ""dayName"": ""星期四"", ""periods"": [""6"", ""7"", ""8""], ""raw"": ""6,7, 8""}]",,四AB、碩班合開；請安排C01-104電腦教室,https://course.nuk.edu.tw/QueryCourse/tcontent.asp?OpenYear=107&Helf=2&Sclass=EE&Cono=F963,2026-08-26T18:18:27+00:00
107-2-EE-F963-A-4-B,107,2,工學院,EE,電機工程學系,F963,A,大學部,4,B,Java物件導向程式設計,3,選,50,38,,12,廖述銘,C01-104,,,,"6,7, 8",,,,"[{""day"": 4, ""dayName"": ""星期四"", ""periods"": [""6"", ""7"", ""8""], ""raw"": ""6,7, 8""}]",,四AB、碩班合開；請安排C01-104電腦教室,https://course.nuk.edu.tw/QueryCourse/tcontent.asp?OpenYear=107&Helf=2&Sclass=EE&Cono=F963,2026-08-26T18:18:27+00:00
107-2-EE-G505-A-4-A,107,2,工學院,EE,電機工程學系,G505,A,大學部,4,A,電腦輔助電路設計,3,選,34,33,,1,張文騰,C01-104,,"2,3, 4",,,,,,"[{""day"": 2, ""dayName"": ""星期二"", ""periods"": [""2"", ""3"", ""4""], ""raw"": ""2,3, 4""}]",外加,三AB、四AB、碩班合開；請安排C01-104電腦教室,https://course.nuk.edu.tw/QueryCourse/tcontent.asp?OpenYear=107&Helf=2&Sclass=EE&Cono=G505,2026-08-26T18:18:27+00:00
107-2-EE-G505-A-4-B,107,2,工學院,EE,電機工程學系,G505,A,大學部,4,B,電腦輔助電路設計,3,選,34,33,,1,張文騰,C01-104,,"2,3, 4",,,,,,"[{""day"": 2, ""dayName"": ""星期二"", ""periods"": [""2"", ""3"", ""4""], ""raw"": ""2,3, 4""}]",外加,三AB、四AB、碩班合開；請安排C01-104電腦教室,https://course.nuk.edu.tw/QueryCourse/tcontent.asp?OpenYear=107&Helf=2&Sclass=EE&Cono=G505,2026-08-26T18:18:27+00:00
107-2-EE-G563-A-4-A,107,2,工學院,EE,電機工程學系,G563,A,大學部,4,A,類神經網路導論,3,選,40,34,,6,李錫智,B01-B106,,,"7,8, 9",,,,,"[{""day"": 3, ""dayName"": ""星期三"", ""periods"": [""7"", ""8"", ""9""], ""raw"": ""7,8, 9""}]",,四AB、碩班合開,https://course.nuk.edu.tw/QueryCourse/tcontent.asp?OpenYear=107&Helf=2&Sclass=EE&Cono=G563,2026-08-26T18:18:27+00:00
107-2-EE-G563-A-4-B,107,2,工學院,EE,電機工程學系,G563,A,大學部,4,B,類神經網路導論,3,選,40,34,,6,李錫智,B01-B106,,,"7,8, 9",,,,,"[{""day"": 3, ""dayName"": ""星期三"", ""periods"": [""7"", ""8"", ""9""], ""raw"": ""7,8, 9""}]",,四AB、碩班合開,https://course.nuk.edu.tw/QueryCourse/tcontent.asp?OpenYear=107&Helf=2&Sclass=EE&Cono=G563,2026-08-26T18:18:27+00:00
107-2-EE-G574-A-4-A,107,2,工學院,EE,電機工程學系,G574,A,大學部,4,A,光電元件物理,3,選,40,12,,28,郭馨徽,C01-B102-1,,,"2,3, 4",,,,,"[{""day"": 3, ""dayName"": ""星期三"", ""periods"": [""2"", ""3"", ""4""], ""raw"": ""2,3, 4""}]",,,https://course.nuk.edu.tw/QueryCourse/tcontent.asp?OpenYear=107&Helf=2&Sclass=EE&Cono=G574,2026-08-26T18:18:27+00:00
107-2-EE-G574-A-4-B,107,2,工學院,EE,電機工程學系,G574,A,大學部,4,B,光電元件物理,3,選,40,12,,28,郭馨徽,C01-B102-1,,,"2,3, 4",,,,,"[{""day"": 3, ""dayName"": ""星期三"", ""periods"": [""2"", ""3"", ""4""], ""raw"": ""2,3, 4""}]",,,https://course.nuk.edu.tw/QueryCourse/tcontent.asp?OpenYear=107&Helf=2&Sclass=EE&Cono=G574,2026-08-26T18:18:27+00:00
107-2-EE-G694-A-4-A,107,2,工學院,EE,電機工程學系,G694,A,大學部,4,A,深度學習與智慧型機械人,3,選,41,21,,20,吳志宏,C01-104,,,,,"6,7, 8",,,"[{""day"": 5, ""dayName"": ""星期五"", ""periods"": [""6"", ""7"", ""8""], ""raw"": ""6,7, 8""}]",先修 外加,三AB、四AB、碩班合開；使用C01-104電腦教室,https://course.nuk.edu.tw/QueryCourse/tcontent.asp?OpenYear=107&Helf=2&Sclass=EE&Cono=G694,2026-08-26T18:18:27+00:00
107-2-EE-G694-A-4-B,107,2,工學院,EE,電機工程學系,G694,A,大學部,4,B,深度學習與智慧型機械人,3,選,41,21,,20,吳志宏,C01-104,,,,,"6,7, 8",,,"[{""day"": 5, ""dayName"": ""星期五"", ""periods"": [""6"", ""7"", ""8""], ""raw"": ""6,7, 8""}]",先修 外加,三AB、四AB、碩班合開；使用C01-104電腦教室,https://course.nuk.edu.tw/QueryCourse/tcontent.asp?OpenYear=107&Helf=2&Sclass=EE&Cono=G694,2026-08-26T18:18:27+00:00
107-2-EE-G70A-A-4-A,107,2,工學院,EE,電機工程學系,G70A,A,大學部,4,A,智慧生活空間資訊截取與運用效能化設計(Ⅰ),3,選,70,25,,45,梁明正,C01-B102,,"5,6, 7",,,,,,"[{""day"": 2, ""dayName"": ""星期二"", ""periods"": [""5"", ""6"", ""7""], ""raw"": ""5,6, 7""}]",學程,三AB、四AB、碩班合開，智慧生活整合創新學程,https://course.nuk.edu.tw/QueryCourse/tcontent.asp?OpenYear=107&Helf=2&Sclass=EE&Cono=G70A,2026-08-26T18:18:27+00:00
107-2-EE-G70A-A-4-B,107,2,工學院,EE,電機工程學系,G70A,A,大學部,4,B,智慧生活空間資訊截取與運用效能化設計(Ⅰ),3,選,70,25,,45,梁明正,C01-B102,,"5,6, 7",,,,,,"[{""day"": 2, ""dayName"": ""星期二"", ""periods"": [""5"", ""6"", ""7""], ""raw"": ""5,6, 7""}]",學程,三AB、四AB、碩班合開，智慧生活整合創新學程,https://course.nuk.edu.tw/QueryCourse/tcontent.asp?OpenYear=107&Helf=2&Sclass=EE&Cono=G70A,2026-08-26T18:18:27+00:00
107-2-EE-K001-D-1-,107,2,工學院,EE,電機工程學系,K001,D,博士班,1,,專題討論,0,必,70,58,,12,一心 廖述銘 馮瑞陽 賴智錦,,,,"5,6",,,,,"[{""day"": 3, ""dayName"": ""星期三"", ""periods"": [""5"", ""6""], ""raw"": ""5,6""}]",,碩博合開，使用C01-302-1,https://course.nuk.edu.tw/QueryCourse/tcontent.asp?OpenYear=107&Helf=2&Sclass=EE&Cono=K001,2026-08-26T18:18:27+00:00
107-2-EE-K57B-D-1-,107,2,工學院,EE,電機工程學系,K57B,D,博士班,1,,應用量子力學(二),3,選,60,5,,55,施明昌,C01-B102-1,,,,"7,8, 9",,,,"[{""day"": 4, ""dayName"": ""星期四"", ""periods"": [""7"", ""8"", ""9""], ""raw"": ""7,8, 9""}]",,碩班、博班合開,https://course.nuk.edu.tw/QueryCourse/tcontent.asp?OpenYear=107&Helf=2&Sclass=EE&Cono=K57B,2026-08-26T18:18:27+00:00
107-2-EE-K61A-D-1-,107,2,工學院,EE,電機工程學系,K61A,D,博士班,1,,機器學習專論(一),3,選,3,1,,2,吳志宏,C01-101 其他教室,"10,11, 12",,,,,,,"[{""day"": 1, ""dayName"": ""星期一"", ""periods"": [""10"", ""11"", ""12""], ""raw"": ""10,11, 12""}]",限修,限博士班；請安排C01-406-1實驗室,https://course.nuk.edu.tw/QueryCourse/tcontent.asp?OpenYear=107&Helf=2&Sclass=EE&Cono=K61A,2026-08-26T18:18:27+00:00
107-2-EE-K621-D-1-,107,2,工學院,EE,電機工程學系,K621,D,博士班,1,,深度學習屏下指紋辨識專論,3,選,30,8,,22,蕭培墉,L01-107,,,"2,3, 4",,,,,"[{""day"": 3, ""dayName"": ""星期三"", ""periods"": [""2"", ""3"", ""4""], ""raw"": ""2,3, 4""}]",,博、碩班合開；,https://course.nuk.edu.tw/QueryCourse/tcontent.asp?OpenYear=107&Helf=2&Sclass=EE&Cono=K621,2026-08-26T18:18:27+00:00
107-2-EE-K001-D-2-,107,2,工學院,EE,電機工程學系,K001,D,博士班,2,,專題討論,0,必,70,58,,12,一心 廖述銘 馮瑞陽 賴智錦,,,,"5,6",,,,,"[{""day"": 3, ""dayName"": ""星期三"", ""periods"": [""5"", ""6""], ""raw"": ""5,6""}]",,碩博合開，使用C01-302-1,https://course.nuk.edu.tw/QueryCourse/tcontent.asp?OpenYear=107&Helf=2&Sclass=EE&Cono=K001,2026-08-26T18:18:27+00:00
107-2-EE-K57B-D-2-,107,2,工學院,EE,電機工程學系,K57B,D,博士班,2,,應用量子力學(二),3,選,60,5,,55,施明昌,C01-B102-1,,,,"7,8, 9",,,,"[{""day"": 4, ""dayName"": ""星期四"", ""periods"": [""7"", ""8"", ""9""], ""raw"": ""7,8, 9""}]",,碩班、博班合開,https://course.nuk.edu.tw/QueryCourse/tcontent.asp?OpenYear=107&Helf=2&Sclass=EE&Cono=K57B,2026-08-26T18:18:27+00:00
107-2-EE-K61A-D-2-,107,2,工學院,EE,電機工程學系,K61A,D,博士班,2,,機器學習專論(一),3,選,3,1,,2,吳志宏,C01-101 其他教室,"10,11, 12",,,,,,,"[{""day"": 1, ""dayName"": ""星期一"", ""periods"": [""10"", ""11"", ""12""], ""raw"": ""10,11, 12""}]",限修,限博士班；請安排C01-406-1實驗室,https://course.nuk.edu.tw/QueryCourse/tcontent.asp?OpenYear=107&Helf=2&Sclass=EE&Cono=K61A,2026-08-26T18:18:27+00:00
107-2-EE-K621-D-2-,107,2,工學院,EE,電機工程學系,K621,D,博士班,2,,深度學習屏下指紋辨識專論,3,選,30,8,,22,蕭培墉,L01-107,,,"2,3, 4",,,,,"[{""day"": 3, ""dayName"": ""星期三"", ""periods"": [""2"", ""3"", ""4""], ""raw"": ""2,3, 4""}]",,博、碩班合開；請安排圖資107、108電腦教室,https://course.nuk.edu.tw/QueryCourse/tcontent.asp?OpenYear=107&Helf=2&Sclass=EE&Cono=K621,2026-08-26T18:18:27+00:00
107-2-EE-I012-J-1-,107,2,工學院,EE,電機工程學系,I012,J,產業碩士專班秋季班,1,,專題,1,必,35,31,,4,施明昌,C01-B105,5,,,,,,,"[{""day"": 1, ""dayName"": ""星期一"", ""periods"": [""5""], ""raw"": ""5""}]",,使用工院B1育成中心B105教室,https://course.nuk.edu.tw/QueryCourse/tcontent.asp?OpenYear=107&Helf=2&Sclass=EE&Cono=I012,2026-08-26T18:18:27+00:00
107-2-EE-I033-J-1-,107,2,工學院,EE,電機工程學系,I033,J,產業碩士專班秋季班,1,,國際商務英語(2),2,必,30,11,,19,黃蘭棻,C01-B105,"10,11",,,,,,,"[{""day"": 1, ""dayName"": ""星期一"", ""periods"": [""10"", ""11""], ""raw"": ""10,11""}]",,使用C01-B105(育成中心多媒體教室),https://course.nuk.edu.tw/QueryCourse/tcontent.asp?OpenYear=107&Helf=2&Sclass=EE&Cono=I033,2026-08-26T18:18:27+00:00
107-2-EE-I071-J-1-,107,2,工學院,EE,電機工程學系,I071,J,產業碩士專班秋季班,1,,C#程式語言,3,必,20,12,,8,宋杭融,C01-104,,"10,11, 12",,,,,,"[{""day"": 2, ""dayName"": ""星期二"", ""periods"": [""10"", ""11"", ""12""], ""raw"": ""10,11, 12""}]",,使用C01-104電腦教室,https://course.nuk.edu.tw/QueryCourse/tcontent.asp?OpenYear=107&Helf=2&Sclass=EE&Cono=I071,2026-08-26T18:18:27+00:00
107-2-EE-I611-J-1-,107,2,工學院,EE,電機工程學系,I611,J,產業碩士專班秋季班,1,,Python機器學習概論,3,選,35,18,,17,謝昱銘,C01-104,,,"10,11, 12",,,,,"[{""day"": 3, ""dayName"": ""星期三"", ""periods"": [""10"", ""11"", ""12""], ""raw"": ""10,11, 12""}]",,使用C01-104電腦教室,https://course.nuk.edu.tw/QueryCourse/tcontent.asp?OpenYear=107&Helf=2&Sclass=EE&Cono=I611,2026-08-26T18:18:27+00:00
107-2-EE-I612-J-1-,107,2,工學院,EE,電機工程學系,I612,J,產業碩士專班秋季班,1,,Python深度學習應用,3,選,35,14,,21,胡中興,C01-104,,,,,"10,11, 12",,,"[{""day"": 5, ""dayName"": ""星期五"", ""periods"": [""10"", ""11"", ""12""], ""raw"": ""10,11, 12""}]",,使用C01-104電腦教室,https://course.nuk.edu.tw/QueryCourse/tcontent.asp?OpenYear=107&Helf=2&Sclass=EE&Cono=I612,2026-08-26T18:18:27+00:00
107-2-EE-I001-J-2-,107,2,工學院,EE,電機工程學系,I001,J,產業碩士專班秋季班,2,,論文研究報告,1,必,21,21,,0,施明昌,C01-B105,,,,,5,,,"[{""day"": 5, ""dayName"": ""星期五"", ""periods"": [""5""], ""raw"": ""5""}]",外加,使用C01-B105(育成中心多媒體教室),https://course.nuk.edu.tw/QueryCourse/tcontent.asp?OpenYear=107&Helf=2&Sclass=EE&Cono=I001,2026-08-26T18:18:27+00:00
107-2-EE-I012-J-2-,107,2,工學院,EE,電機工程學系,I012,J,產業碩士專班秋季班,2,,專題,1,必,45,31,,14,施明昌,C01-B105,5,,,,,,,"[{""day"": 1, ""dayName"": ""星期一"", ""periods"": [""5""], ""raw"": ""5""}]",,使用工院B1育成中心B105教室,https://course.nuk.edu.tw/QueryCourse/tcontent.asp?OpenYear=107&Helf=2&Sclass=EE&Cono=I012,2026-08-26T18:18:27+00:00
107-2-EE-I611-J-2-,107,2,工學院,EE,電機工程學系,I611,J,產業碩士專班秋季班,2,,Python機器學習概論,3,選,35,18,,17,謝昱銘,C01-104,,,"10,11, 12",,,,,"[{""day"": 3, ""dayName"": ""星期三"", ""periods"": [""10"", ""11"", ""12""], ""raw"": ""10,11, 12""}]",,使用C01-104電腦教室,https://course.nuk.edu.tw/QueryCourse/tcontent.asp?OpenYear=107&Helf=2&Sclass=EE&Cono=I611,2026-08-26T18:18:27+00:00
107-2-EE-I612-J-2-,107,2,工學院,EE,電機工程學系,I612,J,產業碩士專班秋季班,2,,Python深度學習應用,3,選,35,14,,21,胡中興,C01-104,,,,,"10,11, 12",,,"[{""day"": 5, ""dayName"": ""星期五"", ""periods"": [""10"", ""11"", ""12""], ""raw"": ""10,11, 12""}]",,使用C01-104電腦教室,https://course.nuk.edu.tw/QueryCourse/tcontent.asp?OpenYear=107&Helf=2&Sclass=EE&Cono=I612,2026-08-26T18:18:27+00:00
107-2-EE-T516-L-1-,107,2,工學院,EE,電機工程學系,T516,L,碩士在職專班,1,,數位設計與模擬,3,選,20,17,,3,陳春僥,C01-201,,,,"10,11, 12",,,,"[{""day"": 4, ""dayName"": ""星期四"", ""periods"": [""10"", ""11"", ""12""], ""raw"": ""10,11, 12""}]",,碩專一二合開；請安排C01-201實驗室,https://course.nuk.edu.tw/QueryCourse/tcontent.asp?OpenYear=107&Helf=2&Sclass=EE&Cono=T516,2026-08-26T18:18:27+00:00
107-2-EE-T522-L-1-,107,2,工學院,EE,電機工程學系,T522,L,碩士在職專班,1,,嵌入式影像處理與電腦視覺,3,選,20,6,,14,蕭培墉,L01-107,,"10,11, 12",,,,,,"[{""day"": 2, ""dayName"": ""星期二"", ""periods"": [""10"", ""11"", ""12""], ""raw"": ""10,11, 12""}]",,碩專班；請安排圖資107或108電腦教室,https://course.nuk.edu.tw/QueryCourse/tcontent.asp?OpenYear=107&Helf=2&Sclass=EE&Cono=T522,2026-08-26T18:18:27+00:00
107-2-EE-T531-L-1-,107,2,工學院,EE,電機工程學系,T531,L,碩士在職專班,1,,數位通訊,3,選,20,7,,13,徐忠枝,C01-414,,,,,"10,11, 12",,,"[{""day"": 5, ""dayName"": ""星期五"", ""periods"": [""10"", ""11"", ""12""], ""raw"": ""10,11, 12""}]",,碩專一二合開，使用C01-414教室,https://course.nuk.edu.tw/QueryCourse/tcontent.asp?OpenYear=107&Helf=2&Sclass=EE&Cono=T531,2026-08-26T18:18:27+00:00
107-2-EE-T601-L-1-,107,2,工學院,EE,電機工程學系,T601,L,碩士在職專班,1,,光電子學,3,選,20,8,,12,馮瑞陽,C01-B102-1,,,"10,11, 12",,,,,"[{""day"": 3, ""dayName"": ""星期三"", ""periods"": [""10"", ""11"", ""12""], ""raw"": ""10,11, 12""}]",,碩專一二合開,https://course.nuk.edu.tw/QueryCourse/tcontent.asp?OpenYear=107&Helf=2&Sclass=EE&Cono=T601,2026-08-26T18:18:27+00:00
107-2-EE-T61A-L-1-,107,2,工學院,EE,電機工程學系,T61A,L,碩士在職專班,1,,應用電子學(一),3,選,20,8,,12,張文騰,C01-104,"10,11, 12",,,,,,,"[{""day"": 1, ""dayName"": ""星期一"", ""periods"": [""10"", ""11"", ""12""], ""raw"": ""10,11, 12""}]",,碩專一二合開；請安排C01-104或C01-201電腦教室,https://course.nuk.edu.tw/QueryCourse/tcontent.asp?OpenYear=107&Helf=2&Sclass=EE&Cono=T61A,2026-08-26T18:18:27+00:00
107-2-EE-T516-L-2-,107,2,工學院,EE,電機工程學系,T516,L,碩士在職專班,2,,數位設計與模擬,3,選,20,17,,3,陳春僥,C01-201,,,,"10,11, 12",,,,"[{""day"": 4, ""dayName"": ""星期四"", ""periods"": [""10"", ""11"", ""12""], ""raw"": ""10,11, 12""}]",,碩專一二合開；請安排C01-201實驗室,https://course.nuk.edu.tw/QueryCourse/tcontent.asp?OpenYear=107&Helf=2&Sclass=EE&Cono=T516,2026-08-26T18:18:27+00:00
107-2-EE-T522-L-2-,107,2,工學院,EE,電機工程學系,T522,L,碩士在職專班,2,,嵌入式影像處理與電腦視覺,3,選,20,6,,14,蕭培墉,L01-107,,"10,11, 12",,,,,,"[{""day"": 2, ""dayName"": ""星期二"", ""periods"": [""10"", ""11"", ""12""], ""raw"": ""10,11, 12""}]",,碩專班；請安排圖資107或108電腦教室,https://course.nuk.edu.tw/QueryCourse/tcontent.asp?OpenYear=107&Helf=2&Sclass=EE&Cono=T522,2026-08-26T18:18:27+00:00
107-2-EE-T531-L-2-,107,2,工學院,EE,電機工程學系,T531,L,碩士在職專班,2,,數位通訊,3,選,20,7,,13,徐忠枝,C01-414,,,,,"10,11, 12",,,"[{""day"": 5, ""dayName"": ""星期五"", ""periods"": [""10"", ""11"", ""12""], ""raw"": ""10,11, 12""}]",,碩專一二合開，使用C01-414教室,https://course.nuk.edu.tw/QueryCourse/tcontent.asp?OpenYear=107&Helf=2&Sclass=EE&Cono=T531,2026-08-26T18:18:27+00:00
107-2-EE-T601-L-2-,107,2,工學院,EE,電機工程學系,T601,L,碩士在職專班,2,,光電子學,3,選,20,8,,12,馮瑞陽,C01-B102-1,,,"10,11, 12",,,,,"[{""day"": 3, ""dayName"": ""星期三"", ""periods"": [""10"", ""11"", ""12""], ""raw"": ""10,11, 12""}]",,碩專一二合開,https://course.nuk.edu.tw/QueryCourse/tcontent.asp?OpenYear=107&Helf=2&Sclass=EE&Cono=T601,2026-08-26T18:18:27+00:00
107-2-EE-T61A-L-2-,107,2,工學院,EE,電機工程學系,T61A,L,碩士在職專班,2,,應用電子學(一),3,選,20,8,,12,張文騰,C01-104,"10,11, 12",,,,,,,"[{""day"": 1, ""dayName"": ""星期一"", ""periods"": [""10"", ""11"", ""12""], ""raw"": ""10,11, 12""}]",,碩專一二合開；,https://course.nuk.edu.tw/QueryCourse/tcontent.asp?OpenYear=107&Helf=2&Sclass=EE&Cono=T61A,2026-08-26T18:18:27+00:00
107-2-EE-D82D-M-1-,107,2,工學院,EE,電機工程學系,D82D,M,碩士班,1,,元件與微系統概論,3,選,30,28,,2,張文騰,C01-414,"5,6, 7",,,,,,,"[{""day"": 1, ""dayName"": ""星期一"", ""periods"": [""5"", ""6"", ""7""], ""raw"": ""5,6, 7""}]",,三AB、四AB、碩班合開；請安排C01-414教室,https://course.nuk.edu.tw/QueryCourse/tcontent.asp?OpenYear=107&Helf=2&Sclass=EE&Cono=D82D,2026-08-26T18:18:27+00:00
107-2-EE-F502-M-1-,107,2,工學院,EE,電機工程學系,F502,M,碩士班,1,,真空技術,3,選,20,8,,12,馮瑞陽,B01-105,,,,"2,3, 4",,,,"[{""day"": 4, ""dayName"": ""星期四"", ""periods"": [""2"", ""3"", ""4""], ""raw"": ""2,3, 4""}]",學程,三AB、四AB、碩班合開,https://course.nuk.edu.tw/QueryCourse/tcontent.asp?OpenYear=107&Helf=2&Sclass=EE&Cono=F502,2026-08-26T18:18:27+00:00
107-2-EE-F522-M-1-,107,2,工學院,EE,電機工程學系,F522,M,碩士班,1,,高速數位系統設計實務,3,選,70,29,,41,王陳肇,C01-B104,,,,"10,11, 12",,,,"[{""day"": 4, ""dayName"": ""星期四"", ""periods"": [""10"", ""11"", ""12""], ""raw"": ""10,11, 12""}]",,四AB、碩班合開,https://course.nuk.edu.tw/QueryCourse/tcontent.asp?OpenYear=107&Helf=2&Sclass=EE&Cono=F522,2026-08-26T18:18:27+00:00
107-2-EE-F583-M-1-,107,2,工學院,EE,電機工程學系,F583,M,碩士班,1,,電腦網路(二),3,選,51,51,,0,廖述銘,C01-104,,"5,6, 7",,,,,,"[{""day"": 2, ""dayName"": ""星期二"", ""periods"": [""5"", ""6"", ""7""], ""raw"": ""5,6, 7""}]",,四AB、碩班合開，使用工學院C01-104電腦教室,https://course.nuk.edu.tw/QueryCourse/tcontent.asp?OpenYear=107&Helf=2&Sclass=EE&Cono=F583,2026-08-26T18:18:27+00:00
107-2-EE-F595-M-1-,107,2,工學院,EE,電機工程學系,F595,M,碩士班,1,,微波濾波器設計,3,選,60,33,,27,鄧卜華,B01-105,,,,"6,7, 8",,,,"[{""day"": 4, ""dayName"": ""星期四"", ""periods"": [""6"", ""7"", ""8""], ""raw"": ""6,7, 8""}]",,四AB、碩班合開,https://course.nuk.edu.tw/QueryCourse/tcontent.asp?OpenYear=107&Helf=2&Sclass=EE&Cono=F595,2026-08-26T18:18:27+00:00
107-2-EE-F603-M-1-,107,2,工學院,EE,電機工程學系,F603,M,碩士班,1,,電機機械,3,選,50,21,,29,劉又齊,C01-B104,,,,,"2,3, 4",,,"[{""day"": 5, ""dayName"": ""星期五"", ""periods"": [""2"", ""3"", ""4""], ""raw"": ""2,3, 4""}]",,四AB、碩班合開,https://course.nuk.edu.tw/QueryCourse/tcontent.asp?OpenYear=107&Helf=2&Sclass=EE&Cono=F603,2026-08-26T18:18:27+00:00
107-2-EE-F613-M-1-,107,2,工學院,EE,電機工程學系,F613,M,碩士班,1,,高等元件分析,3,選,60,18,,42,江德光,C01-B101-1,,,,,"2,3, 4",,,"[{""day"": 5, ""dayName"": ""星期五"", ""periods"": [""2"", ""3"", ""4""], ""raw"": ""2,3, 4""}]",,四AB、碩班合開,https://course.nuk.edu.tw/QueryCourse/tcontent.asp?OpenYear=107&Helf=2&Sclass=EE&Cono=F613,2026-08-26T18:18:27+00:00
107-2-EE-F655-M-1-,107,2,工學院,EE,電機工程學系,F655,M,碩士班,1,,光電子學(二),3,選,40,5,,35,馮瑞陽,C01-B102,"5,6, 7",,,,,,,"[{""day"": 1, ""dayName"": ""星期一"", ""periods"": [""5"", ""6"", ""7""], ""raw"": ""5,6, 7""}]",,三AB、四AB、碩班合開,https://course.nuk.edu.tw/QueryCourse/tcontent.asp?OpenYear=107&Helf=2&Sclass=EE&Cono=F655,2026-08-26T18:18:27+00:00
107-2-EE-F691-M-1-,107,2,工學院,EE,電機工程學系,F691,M,碩士班,1,,高等天線原理,3,選,60,11,,49,梁明正,C01-B102-1,"5,6, 7",,,,,,,"[{""day"": 1, ""dayName"": ""星期一"", ""periods"": [""5"", ""6"", ""7""], ""raw"": ""5,6, 7""}]",,四AB、碩班合開,https://course.nuk.edu.tw/QueryCourse/tcontent.asp?OpenYear=107&Helf=2&Sclass=EE&Cono=F691,2026-08-26T18:18:27+00:00
107-2-EE-F764-M-1-,107,2,工學院,EE,電機工程學系,F764,M,碩士班,1,,數位濾波器設計專論,3,選,40,16,,24,徐忠枝,C01-201,,,"7,8, 9",,,,,"[{""day"": 3, ""dayName"": ""星期三"", ""periods"": [""7"", ""8"", ""9""], ""raw"": ""7,8, 9""}]",,四AB、碩班合開；請安排C01-201實驗室,https://course.nuk.edu.tw/QueryCourse/tcontent.asp?OpenYear=107&Helf=2&Sclass=EE&Cono=F764,2026-08-26T18:18:27+00:00
107-2-EE-F794-M-1-,107,2,工學院,EE,電機工程學系,F794,M,碩士班,1,,進階微波被動電路設計與分析,3,選,50,49,,1,鄧卜華,C01-104,,,,,"2,3, 4",,,"[{""day"": 5, ""dayName"": ""星期五"", ""periods"": [""2"", ""3"", ""4""], ""raw"": ""2,3, 4""}]",,三AB、四AB、碩班合開；請安排C01-104電腦教室,https://course.nuk.edu.tw/QueryCourse/tcontent.asp?OpenYear=107&Helf=2&Sclass=EE&Cono=F794,2026-08-26T18:18:27+00:00
107-2-EE-F795-M-1-,107,2,工學院,EE,電機工程學系,F795,M,碩士班,1,,微波電路設計與電磁相容技術,3,選,29,29,,0,吳松茂,C01-B102-1,,,,"2,3, 4",,,,"[{""day"": 4, ""dayName"": ""星期四"", ""periods"": [""2"", ""3"", ""4""], ""raw"": ""2,3, 4""}]",外加,三AB、四AB、碩班合開,https://course.nuk.edu.tw/QueryCourse/tcontent.asp?OpenYear=107&Helf=2&Sclass=EE&Cono=F795,2026-08-26T18:18:27+00:00
107-2-EE-F944-M-1-,107,2,工學院,EE,電機工程學系,F944,M,碩士班,1,,演化式計算,3,選,33,32,,1,賴智錦,C01-414,,,,"2,3, 4",,,,"[{""day"": 4, ""dayName"": ""星期四"", ""periods"": [""2"", ""3"", ""4""], ""raw"": ""2,3, 4""}]",外加,三AB、四AB、碩班合開；請安排C01-414教室,https://course.nuk.edu.tw/QueryCourse/tcontent.asp?OpenYear=107&Helf=2&Sclass=EE&Cono=F944,2026-08-26T18:18:27+00:00
107-2-EE-F963-M-1-,107,2,工學院,EE,電機工程學系,F963,M,碩士班,1,,Java物件導向程式設計,3,選,50,38,,12,廖述銘,C01-104,,,,"6,7, 8",,,,"[{""day"": 4, ""dayName"": ""星期四"", ""periods"": [""6"", ""7"", ""8""], ""raw"": ""6,7, 8""}]",,四AB、碩班合開；請安排C01-104電腦教室,https://course.nuk.edu.tw/QueryCourse/tcontent.asp?OpenYear=107&Helf=2&Sclass=EE&Cono=F963,2026-08-26T18:18:27+00:00
107-2-EE-G505-M-1-,107,2,工學院,EE,電機工程學系,G505,M,碩士班,1,,電腦輔助電路設計,3,選,34,33,,1,張文騰,C01-104,,"2,3, 4",,,,,,"[{""day"": 2, ""dayName"": ""星期二"", ""periods"": [""2"", ""3"", ""4""], ""raw"": ""2,3, 4""}]",外加,三AB、四AB、碩班合開；請安排C01-104電腦教室,https://course.nuk.edu.tw/QueryCourse/tcontent.asp?OpenYear=107&Helf=2&Sclass=EE&Cono=G505,2026-08-26T18:18:27+00:00
107-2-EE-G563-M-1-,107,2,工學院,EE,電機工程學系,G563,M,碩士班,1,,類神經網路導論,3,選,40,34,,6,李錫智,B01-B106,,,"7,8, 9",,,,,"[{""day"": 3, ""dayName"": ""星期三"", ""periods"": [""7"", ""8"", ""9""], ""raw"": ""7,8, 9""}]",,四AB、碩班合開,https://course.nuk.edu.tw/QueryCourse/tcontent.asp?OpenYear=107&Helf=2&Sclass=EE&Cono=G563,2026-08-26T18:18:27+00:00
107-2-EE-G574-M-1-,107,2,工學院,EE,電機工程學系,G574,M,碩士班,1,,光電元件物理,3,選,40,12,,28,郭馨徽,C01-B102-1,,,"2,3, 4",,,,,"[{""day"": 3, ""dayName"": ""星期三"", ""periods"": [""2"", ""3"", ""4""], ""raw"": ""2,3, 4""}]",,,https://course.nuk.edu.tw/QueryCourse/tcontent.asp?OpenYear=107&Helf=2&Sclass=EE&Cono=G574,2026-08-26T18:18:27+00:00
107-2-EE-G694-M-1-,107,2,工學院,EE,電機工程學系,G694,M,碩士班,1,,深度學習與智慧型機械人,3,選,41,21,,20,吳志宏,C01-104,,,,,"6,7, 8",,,"[{""day"": 5, ""dayName"": ""星期五"", ""periods"": [""6"", ""7"", ""8""], ""raw"": ""6,7, 8""}]",先修 外加,三AB、四AB、碩班合開；使用C01-104電腦教室,https://course.nuk.edu.tw/QueryCourse/tcontent.asp?OpenYear=107&Helf=2&Sclass=EE&Cono=G694,2026-08-26T18:18:27+00:00
107-2-EE-G70A-M-1-,107,2,工學院,EE,電機工程學系,G70A,M,碩士班,1,,智慧生活空間資訊截取與運用效能化設計(Ⅰ),3,選,70,25,,45,梁明正,C01-B102,,"5,6, 7",,,,,,"[{""day"": 2, ""dayName"": ""星期二"", ""periods"": [""5"", ""6"", ""7""], ""raw"": ""5,6, 7""}]",學程,三AB、四AB、碩班合開，智慧生活整合創新學程,https://course.nuk.edu.tw/QueryCourse/tcontent.asp?OpenYear=107&Helf=2&Sclass=EE&Cono=G70A,2026-08-26T18:18:27+00:00
107-2-EE-K001-M-1-,107,2,工學院,EE,電機工程學系,K001,M,碩士班,1,,專題討論,0,必,70,58,,12,一心 廖述銘 馮瑞陽 賴智錦,,,,"5,6",,,,,"[{""day"": 3, ""dayName"": ""星期三"", ""periods"": [""5"", ""6""], ""raw"": ""5,6""}]",,碩博合開，使用C01-302-1,https://course.nuk.edu.tw/QueryCourse/tcontent.asp?OpenYear=107&Helf=2&Sclass=EE&Cono=K001,2026-08-26T18:18:27+00:00
107-2-EE-K57B-M-1-,107,2,工學院,EE,電機工程學系,K57B,M,碩士班,1,,應用量子力學(二),3,選,60,5,,55,施明昌,C01-B102-1,,,,"7,8, 9",,,,"[{""day"": 4, ""dayName"": ""星期四"", ""periods"": [""7"", ""8"", ""9""], ""raw"": ""7,8, 9""}]",,碩博合開,https://course.nuk.edu.tw/QueryCourse/tcontent.asp?OpenYear=107&Helf=2&Sclass=EE&Cono=K57B,2026-08-26T18:18:27+00:00
107-2-EE-K621-M-1-,107,2,工學院,EE,電機工程學系,K621,M,碩士班,1,,深度學習屏下指紋辨識專論,3,選,30,8,,22,蕭培墉,L01-107,,,"2,3, 4",,,,,"[{""day"": 3, ""dayName"": ""星期三"", ""periods"": [""2"", ""3"", ""4""], ""raw"": ""2,3, 4""}]",,博、碩班合開；請安排圖資107、108電腦教室,https://course.nuk.edu.tw/QueryCourse/tcontent.asp?OpenYear=107&Helf=2&Sclass=EE&Cono=K621,2026-08-26T18:18:27+00:00
107-2-EE-D82D-M-2-,107,2,工學院,EE,電機工程學系,D82D,M,碩士班,2,,元件與微系統概論,3,選,30,28,,2,張文騰,C01-414,"5,6, 7",,,,,,,"[{""day"": 1, ""dayName"": ""星期一"", ""periods"": [""5"", ""6"", ""7""], ""raw"": ""5,6, 7""}]",,三AB、四AB、碩班合開；請安排C01-414教室,https://course.nuk.edu.tw/QueryCourse/tcontent.asp?OpenYear=107&Helf=2&Sclass=EE&Cono=D82D,2026-08-26T18:18:27+00:00
107-2-EE-F502-M-2-,107,2,工學院,EE,電機工程學系,F502,M,碩士班,2,,真空技術,3,選,20,8,,12,馮瑞陽,B01-105,,,,"2,3, 4",,,,"[{""day"": 4, ""dayName"": ""星期四"", ""periods"": [""2"", ""3"", ""4""], ""raw"": ""2,3, 4""}]",學程,三AB、四AB、碩班合開,https://course.nuk.edu.tw/QueryCourse/tcontent.asp?OpenYear=107&Helf=2&Sclass=EE&Cono=F502,2026-08-26T18:18:27+00:00
107-2-EE-F522-M-2-,107,2,工學院,EE,電機工程學系,F522,M,碩士班,2,,高速數位系統設計實務,3,選,70,29,,41,王陳肇,C01-B104,,,,"10,11, 12",,,,"[{""day"": 4, ""dayName"": ""星期四"", ""periods"": [""10"", ""11"", ""12""], ""raw"": ""10,11, 12""}]",,四AB、碩班合開,https://course.nuk.edu.tw/QueryCourse/tcontent.asp?OpenYear=107&Helf=2&Sclass=EE&Cono=F522,2026-08-26T18:18:27+00:00
107-2-EE-F583-M-2-,107,2,工學院,EE,電機工程學系,F583,M,碩士班,2,,電腦網路(二),3,選,51,51,,0,廖述銘,C01-104,,"5,6, 7",,,,,,"[{""day"": 2, ""dayName"": ""星期二"", ""periods"": [""5"", ""6"", ""7""], ""raw"": ""5,6, 7""}]",,四AB、碩班合開，使用工學院C01-104電腦教室,https://course.nuk.edu.tw/QueryCourse/tcontent.asp?OpenYear=107&Helf=2&Sclass=EE&Cono=F583,2026-08-26T18:18:27+00:00
107-2-EE-F595-M-2-,107,2,工學院,EE,電機工程學系,F595,M,碩士班,2,,微波濾波器設計,3,選,60,33,,27,鄧卜華,B01-105,,,,"6,7, 8",,,,"[{""day"": 4, ""dayName"": ""星期四"", ""periods"": [""6"", ""7"", ""8""], ""raw"": ""6,7, 8""}]",,四AB、碩班合開,https://course.nuk.edu.tw/QueryCourse/tcontent.asp?OpenYear=107&Helf=2&Sclass=EE&Cono=F595,2026-08-26T18:18:27+00:00
107-2-EE-F603-M-2-,107,2,工學院,EE,電機工程學系,F603,M,碩士班,2,,電機機械,3,選,50,21,,29,劉又齊,C01-B104,,,,,"2,3, 4",,,"[{""day"": 5, ""dayName"": ""星期五"", ""periods"": [""2"", ""3"", ""4""], ""raw"": ""2,3, 4""}]",,四AB、碩班合開,https://course.nuk.edu.tw/QueryCourse/tcontent.asp?OpenYear=107&Helf=2&Sclass=EE&Cono=F603,2026-08-26T18:18:27+00:00
107-2-EE-F613-M-2-,107,2,工學院,EE,電機工程學系,F613,M,碩士班,2,,高等元件分析,3,選,60,18,,42,江德光,C01-B101-1,,,,,"2,3, 4",,,"[{""day"": 5, ""dayName"": ""星期五"", ""periods"": [""2"", ""3"", ""4""], ""raw"": ""2,3, 4""}]",,四AB、碩班合開,https://course.nuk.edu.tw/QueryCourse/tcontent.asp?OpenYear=107&Helf=2&Sclass=EE&Cono=F613,2026-08-26T18:18:27+00:00
107-2-EE-F655-M-2-,107,2,工學院,EE,電機工程學系,F655,M,碩士班,2,,光電子學(二),3,選,40,5,,35,馮瑞陽,C01-B102,"5,6, 7",,,,,,,"[{""day"": 1, ""dayName"": ""星期一"", ""periods"": [""5"", ""6"", ""7""], ""raw"": ""5,6, 7""}]",,三AB、四AB、碩班合開,https://course.nuk.edu.tw/QueryCourse/tcontent.asp?OpenYear=107&Helf=2&Sclass=EE&Cono=F655,2026-08-26T18:18:27+00:00
107-2-EE-F691-M-2-,107,2,工學院,EE,電機工程學系,F691,M,碩士班,2,,高等天線原理,3,選,60,11,,49,梁明正,C01-B102-1,"5,6, 7",,,,,,,"[{""day"": 1, ""dayName"": ""星期一"", ""periods"": [""5"", ""6"", ""7""], ""raw"": ""5,6, 7""}]",,四AB、碩班合開,https://course.nuk.edu.tw/QueryCourse/tcontent.asp?OpenYear=107&Helf=2&Sclass=EE&Cono=F691,2026-08-26T18:18:27+00:00
107-2-EE-F764-M-2-,107,2,工學院,EE,電機工程學系,F764,M,碩士班,2,,數位濾波器設計專論,3,選,40,16,,24,徐忠枝,C01-201,,,"7,8, 9",,,,,"[{""day"": 3, ""dayName"": ""星期三"", ""periods"": [""7"", ""8"", ""9""], ""raw"": ""7,8, 9""}]",,四AB、碩班合開；請安排C01-201實驗室,https://course.nuk.edu.tw/QueryCourse/tcontent.asp?OpenYear=107&Helf=2&Sclass=EE&Cono=F764,2026-08-26T18:18:27+00:00
107-2-EE-F794-M-2-,107,2,工學院,EE,電機工程學系,F794,M,碩士班,2,,進階微波被動電路設計與分析,3,選,50,49,,1,鄧卜華,C01-104,,,,,"2,3, 4",,,"[{""day"": 5, ""dayName"": ""星期五"", ""periods"": [""2"", ""3"", ""4""], ""raw"": ""2,3, 4""}]",,三AB、四AB、碩班合開；請安排C01-104電腦教室,https://course.nuk.edu.tw/QueryCourse/tcontent.asp?OpenYear=107&Helf=2&Sclass=EE&Cono=F794,2026-08-26T18:18:27+00:00
107-2-EE-F795-M-2-,107,2,工學院,EE,電機工程學系,F795,M,碩士班,2,,微波電路設計與電磁相容技術,3,選,29,29,,0,吳松茂,C01-B102-1,,,,"2,3, 4",,,,"[{""day"": 4, ""dayName"": ""星期四"", ""periods"": [""2"", ""3"", ""4""], ""raw"": ""2,3, 4""}]",外加,三AB、四AB、碩班合開,https://course.nuk.edu.tw/QueryCourse/tcontent.asp?OpenYear=107&Helf=2&Sclass=EE&Cono=F795,2026-08-26T18:18:27+00:00
107-2-EE-F944-M-2-,107,2,工學院,EE,電機工程學系,F944,M,碩士班,2,,演化式計算,3,選,33,32,,1,賴智錦,C01-414,,,,"2,3, 4",,,,"[{""day"": 4, ""dayName"": ""星期四"", ""periods"": [""2"", ""3"", ""4""], ""raw"": ""2,3, 4""}]",外加,三AB、四AB、碩班合開；請安排C01-414教室,https://course.nuk.edu.tw/QueryCourse/tcontent.asp?OpenYear=107&Helf=2&Sclass=EE&Cono=F944,2026-08-26T18:18:27+00:00
107-2-EE-F963-M-2-,107,2,工學院,EE,電機工程學系,F963,M,碩士班,2,,Java物件導向程式設計,3,選,50,38,,12,廖述銘,C01-104,,,,"6,7, 8",,,,"[{""day"": 4, ""dayName"": ""星期四"", ""periods"": [""6"", ""7"", ""8""], ""raw"": ""6,7, 8""}]",,四AB、碩班合開；請安排C01-104電腦教室,https://course.nuk.edu.tw/QueryCourse/tcontent.asp?OpenYear=107&Helf=2&Sclass=EE&Cono=F963,2026-08-26T18:18:27+00:00
107-2-EE-G505-M-2-,107,2,工學院,EE,電機工程學系,G505,M,碩士班,2,,電腦輔助電路設計,3,選,34,33,,1,張文騰,C01-104,,"2,3, 4",,,,,,"[{""day"": 2, ""dayName"": ""星期二"", ""periods"": [""2"", ""3"", ""4""], ""raw"": ""2,3, 4""}]",外加,三AB、四AB、碩班合開；請安排C01-104電腦教室,https://course.nuk.edu.tw/QueryCourse/tcontent.asp?OpenYear=107&Helf=2&Sclass=EE&Cono=G505,2026-08-26T18:18:27+00:00
107-2-EE-G563-M-2-,107,2,工學院,EE,電機工程學系,G563,M,碩士班,2,,類神經網路導論,3,選,40,34,,6,李錫智,B01-B106,,,"7,8, 9",,,,,"[{""day"": 3, ""dayName"": ""星期三"", ""periods"": [""7"", ""8"", ""9""], ""raw"": ""7,8, 9""}]",,四AB、碩班合開,https://course.nuk.edu.tw/QueryCourse/tcontent.asp?OpenYear=107&Helf=2&Sclass=EE&Cono=G563,2026-08-26T18:18:27+00:00
107-2-EE-G574-M-2-,107,2,工學院,EE,電機工程學系,G574,M,碩士班,2,,光電元件物理,3,選,40,12,,28,郭馨徽,C01-B102-1,,,"2,3, 4",,,,,"[{""day"": 3, ""dayName"": ""星期三"", ""periods"": [""2"", ""3"", ""4""], ""raw"": ""2,3, 4""}]",,,https://course.nuk.edu.tw/QueryCourse/tcontent.asp?OpenYear=107&Helf=2&Sclass=EE&Cono=G574,2026-08-26T18:18:27+00:00
107-2-EE-G694-M-2-,107,2,工學院,EE,電機工程學系,G694,M,碩士班,2,,深度學習與智慧型機械人,3,選,41,21,,20,吳志宏,C01-104,,,,,"6,7, 8",,,"[{""day"": 5, ""dayName"": ""星期五"", ""periods"": [""6"", ""7"", ""8""], ""raw"": ""6,7, 8""}]",先修 外加,三AB、四AB、碩班合開；使用C01-104電腦教室,https://course.nuk.edu.tw/QueryCourse/tcontent.asp?OpenYear=107&Helf=2&Sclass=EE&Cono=G694,2026-08-26T18:18:27+00:00
107-2-EE-G70A-M-2-,107,2,工學院,EE,電機工程學系,G70A,M,碩士班,2,,智慧生活空間資訊截取與運用效能化設計(Ⅰ),3,選,70,25,,45,梁明正,C01-B102,,"5,6, 7",,,,,,"[{""day"": 2, ""dayName"": ""星期二"", ""periods"": [""5"", ""6"", ""7""], ""raw"": ""5,6, 7""}]",學程,三AB、四AB、碩班合開，智慧生活整合創新學程,https://course.nuk.edu.tw/QueryCourse/tcontent.asp?OpenYear=107&Helf=2&Sclass=EE&Cono=G70A,2026-08-26T18:18:27+00:00
107-2-EE-K001-M-2-,107,2,工學院,EE,電機工程學系,K001,M,碩士班,2,,專題討論,0,必,70,58,,12,一心 廖述銘 馮瑞陽 賴智錦,,,,"5,6",,,,,"[{""day"": 3, ""dayName"": ""星期三"", ""periods"": [""5"", ""6""], ""raw"": ""5,6""}]",,碩博合開，使用C01-302-1,https://course.nuk.edu.tw/QueryCourse/tcontent.asp?OpenYear=107&Helf=2&Sclass=EE&Cono=K001,2026-08-26T18:18:27+00:00
107-2-EE-K57B-M-2-,107,2,工學院,EE,電機工程學系,K57B,M,碩士班,2,,應用量子力學(二),3,選,60,5,,55,施明昌,C01-B102-1,,,,"7,8, 9",,,,"[{""day"": 4, ""dayName"": ""星期四"", ""periods"": [""7"", ""8"", ""9""], ""raw"": ""7,8, 9""}]",,碩博合開,https://course.nuk.edu.tw/QueryCourse/tcontent.asp?OpenYear=107&Helf=2&Sclass=EE&Cono=K57B,2026-08-26T18:18:27+00:00
107-2-EE-K621-M-2-,107,2,工學院,EE,電機工程學系,K621,M,碩士班,2,,深度學習屏下指紋辨識專論,3,選,30,8,,22,蕭培墉,L01-107,,,"2,3, 4",,,,,"[{""day"": 3, ""dayName"": ""星期三"", ""periods"": [""2"", ""3"", ""4""], ""raw"": ""2,3, 4""}]",,博、碩班合開；,https://course.nuk.edu.tw/QueryCourse/tcontent.asp?OpenYear=107&Helf=2&Sclass=EE&Cono=K621,2026-08-26T18:18:27+00:00
107-2-596-GR08-A-1-A,107,2,歷史開課單位,596,596,GR08,A,大學部,1,A,運動與健康:初級帆船,1,選,0,0,,0,外校老師,,,,,,,,X,"[{""day"": 7, ""dayName"": ""星期日"", ""periods"": [""X""], ""raw"": ""X""}]",,,https://course.nuk.edu.tw/QueryCourse/tcontent.asp?OpenYear=107&Helf=2&Sclass=596&Cono=GR08,2026-08-26T18:18:27+00:00
107-2-FL-A03B-A-1-A,107,2,法學院,FL,財經法律學系,A03B,A,大學部,1,A,刑法總則(二),3,必,123,104,,19,謝開平,L02-204,,"5,6",,,"5,6",,,"[{""day"": 2, ""dayName"": ""星期二"", ""periods"": [""5"", ""6""], ""raw"": ""5,6""}, {""day"": 5, ""dayName"": ""星期五"", ""periods"": [""5"", ""6""], ""raw"": ""5,6""}]",,與政法一合班；限財法、政法大學部一、二、三年級學生選修。週二5.6節課程為隔週上課。第一次上課時間為108.02.22。上課時間請上系統查詢,https://course.nuk.edu.tw/QueryCourse/tcontent.asp?OpenYear=107&Helf=2&Sclass=FL&Cono=A03B,2026-08-26T18:18:27+00:00
107-2-FL-A081-A-1-A,107,2,法學院,FL,財經法律學系,A081,A,大學部,1,A,財政學,3,必,60,49,,11,佘志民,L02-107,,,"2,3, 4",,,,,"[{""day"": 3, ""dayName"": ""星期三"", ""periods"": [""2"", ""3"", ""4""], ""raw"": ""2,3, 4""}]",,限非應用經濟學系學生選修,https://course.nuk.edu.tw/QueryCourse/tcontent.asp?OpenYear=107&Helf=2&Sclass=FL&Cono=A081,2026-08-26T18:18:27+00:00
107-2-FL-A11B-A-1-A,107,2,法學院,FL,財經法律學系,A11B,A,大學部,1,A,憲法(二),2,必,60,45,,15,簡玉聰,L02-107,,"3,4",,,,,,"[{""day"": 2, ""dayName"": ""星期二"", ""periods"": [""3"", ""4""], ""raw"": ""3,4""}]",,,https://course.nuk.edu.tw/QueryCourse/tcontent.asp?OpenYear=107&Helf=2&Sclass=FL&Cono=A11B,2026-08-26T18:18:27+00:00
107-2-FL-A21B-A-1-A,107,2,法學院,FL,財經法律學系,A21B,A,大學部,1,A,民法總則(二),2,必,50,31,,19,陳月端,,,,,"7,8",,,,"[{""day"": 4, ""dayName"": ""星期四"", ""periods"": [""7"", ""8""], ""raw"": ""7,8""}]",,上課教室:L02-415-1,https://course.nuk.edu.tw/QueryCourse/tcontent.asp?OpenYear=107&Helf=2&Sclass=FL&Cono=A21B,2026-08-26T18:18:27+00:00
107-2-FL-B02A-A-2-A,107,2,法學院,FL,財經法律學系,B02A,A,大學部,2,A,民法物權(二),2,必,60,38,,22,曾千娟,L02-108,,,"3,4",,,,,"[{""day"": 3, ""dayName"": ""星期三"", ""periods"": [""3"", ""4""], ""raw"": ""3,4""}]",,,https://course.nuk.edu.tw/QueryCourse/tcontent.asp?OpenYear=107&Helf=2&Sclass=FL&Cono=B02A,2026-08-26T18:18:27+00:00
107-2-FL-B04B-A-2-A,107,2,法學院,FL,財經法律學系,B04B,A,大學部,2,A,刑法分則(二),2,必,121,94,,27,謝開平,L02-204,,,,"5,6",,,,"[{""day"": 4, ""dayName"": ""星期四"", ""periods"": [""5"", ""6""], ""raw"": ""5,6""}]",,與財法二合班；限財法、政法大學部二、三年級學生選修,https://course.nuk.edu.tw/QueryCourse/tcontent.asp?OpenYear=107&Helf=2&Sclass=FL&Cono=B04B,2026-08-26T18:18:27+00:00
107-2-FL-B092-A-2-A,107,2,法學院,FL,財經法律學系,B092,A,大學部,2,A,行政法總論(二),3,必,60,44,,16,簡玉聰,L02-108,,"5,6, 7",,,,,,"[{""day"": 2, ""dayName"": ""星期二"", ""periods"": [""5"", ""6"", ""7""], ""raw"": ""5,6, 7""}]",,,https://course.nuk.edu.tw/QueryCourse/tcontent.asp?OpenYear=107&Helf=2&Sclass=FL&Cono=B092,2026-08-26T18:18:27+00:00
107-2-FL-B11A-A-2-A,107,2,法學院,FL,財經法律學系,B11A,A,大學部,2,A,民法債編總論(二),3,必,60,48,,12,張鈺光,L02-108,,,,"2,3, 4",,,,"[{""day"": 4, ""dayName"": ""星期四"", ""periods"": [""2"", ""3"", ""4""], ""raw"": ""2,3, 4""}]",,,https://course.nuk.edu.tw/QueryCourse/tcontent.asp?OpenYear=107&Helf=2&Sclass=FL&Cono=B11A,2026-08-26T18:18:27+00:00
107-2-FL-Q071-A-2-A,107,2,法學院,FL,財經法律學系,Q071,A,大學部,2,A,商事法總論及公司法,3,必,90,85,,5,黃清溪,L02-204,,,,,"10,11","2,3, 4",,"[{""day"": 5, ""dayName"": ""星期五"", ""periods"": [""10"", ""11""], ""raw"": ""10,11""}, {""day"": 6, ""dayName"": ""星期六"", ""periods"": [""2"", ""3"", ""4""], ""raw"": ""2,3, 4""}]",學程,"週五上課時間為10-12節、週六第2-4節；黃清溪教授係旅居日本之日本拓殖大學之教授,每月自日本返台授課,每次停留一至二週,故上課時間集中於黃老師返台期間之週五晚上三小時及週六早上三小時。欲修習本課程之同學,請斟酌其他課程之排課時間避免衝堂情形,實際上課時間將於開學後公告於系網頁,請選課同學留意。(隸屬服務與智慧型創新創業學分學程)",https://course.nuk.edu.tw/QueryCourse/tcontent.asp?OpenYear=107&Helf=2&Sclass=FL&Cono=Q071,2026-08-26T18:18:27+00:00
107-2-FL-C02B-A-3-A,107,2,法學院,FL,財經法律學系,C02B,A,大學部,3,A,刑事訴訟法(二),2,必,60,14,,46,張麗卿,L02-516,,,,,"6,7",,,"[{""day"": 5, ""dayName"": ""星期五"", ""periods"": [""6"", ""7""], ""raw"": ""6,7""}]",,,https://course.nuk.edu.tw/QueryCourse/tcontent.asp?OpenYear=107&Helf=2&Sclass=FL&Cono=C02B,2026-08-26T18:18:27+00:00
107-2-FL-C20B-A-3-A,107,2,法學院,FL,財經法律學系,C20B,A,大學部,3,A,民法債編各論(二),2,必,60,45,,15,曾千娟,L02-108,,,"7,8",,,,,"[{""day"": 3, ""dayName"": ""星期三"", ""periods"": [""7"", ""8""], ""raw"": ""7,8""}]",,,https://course.nuk.edu.tw/QueryCourse/tcontent.asp?OpenYear=107&Helf=2&Sclass=FL&Cono=C20B,2026-08-26T18:18:27+00:00
107-2-FL-C521-A-3-A,107,2,法學院,FL,財經法律學系,C521,A,大學部,3,A,刑事審判實務,2,選,60,34,,26,陳明富,L02-107,,,,"10,11, 12",,,,"[{""day"": 4, ""dayName"": ""星期四"", ""periods"": [""10"", ""11"", ""12""], ""raw"": ""10,11, 12""}]",,"授課教師：陳明富老師。隔三週上二次課，每次上課三小時，第10-12節。第一次上課時間為2/21,其他上課時間請至系網頁查詢",https://course.nuk.edu.tw/QueryCourse/tcontent.asp?OpenYear=107&Helf=2&Sclass=FL&Cono=C521,2026-08-26T18:18:27+00:00
107-2-FL-C543-A-3-A,107,2,法學院,FL,財經法律學系,C543,A,大學部,3,A,法學英文,2,選,60,11,,49,謝國廉,L02-107,,,,"1,2",,,,"[{""day"": 4, ""dayName"": ""星期四"", ""periods"": [""1"", ""2""], ""raw"": ""1,2""}]",,全英語授課,https://course.nuk.edu.tw/QueryCourse/tcontent.asp?OpenYear=107&Helf=2&Sclass=FL&Cono=C543,2026-08-26T18:18:27+00:00
107-2-FL-C601-A-3-A,107,2,法學院,FL,財經法律學系,C601,A,大學部,3,A,專利法,2,選,60,45,,15,周伯翰,L02-107,,,,"8,9",,,,"[{""day"": 4, ""dayName"": ""星期四"", ""periods"": [""8"", ""9""], ""raw"": ""8,9""}]",學程,與生命科學系大四合開/財經法律專業學群/隸屬服務與智慧創新創業學分學程、生技產業跨領域學程,https://course.nuk.edu.tw/QueryCourse/tcontent.asp?OpenYear=107&Helf=2&Sclass=FL&Cono=C601,2026-08-26T18:18:27+00:00
107-2-FL-C761-A-3-A,107,2,法學院,FL,財經法律學系,C761,A,大學部,3,A,金融法,2,選,60,28,,32,周伯翰,L02-107,,"6,7",,,,,,"[{""day"": 2, ""dayName"": ""星期二"", ""periods"": [""6"", ""7""], ""raw"": ""6,7""}]",,財經法律專業學群；隸屬產業、科技與財經法律學分學程、服務與智慧型創新創業學分學程,https://course.nuk.edu.tw/QueryCourse/tcontent.asp?OpenYear=107&Helf=2&Sclass=FL&Cono=C761,2026-08-26T18:18:27+00:00
107-2-FL-F621-A-3-A,107,2,法學院,FL,財經法律學系,F621,A,大學部,3,A,國際經貿與紛爭解決,3,選,20,11,,9,吳行浩 鄧穎懋,L02-306,,,,"6,7, 8",,,,"[{""day"": 4, ""dayName"": ""星期四"", ""periods"": [""6"", ""7"", ""8""], ""raw"": ""6,7, 8""}]",,全英語授課，與IMBA合開。開放法學院、管理學院大學部三、四年級學生選修。授課教師:吳行浩老師、鄧穎懋老師。,https://course.nuk.edu.tw/QueryCourse/tcontent.asp?OpenYear=107&Helf=2&Sclass=FL&Cono=F621,2026-08-26T18:18:27+00:00
107-2-FL-C543-A-4-A,107,2,法學院,FL,財經法律學系,C543,A,大學部,4,A,法學英文,2,選,60,11,,49,謝國廉,L02-107,,,,"1,2",,,,"[{""day"": 4, ""dayName"": ""星期四"", ""periods"": [""1"", ""2""], ""raw"": ""1,2""}]",,全英語授課,https://course.nuk.edu.tw/QueryCourse/tcontent.asp?OpenYear=107&Helf=2&Sclass=FL&Cono=C543,2026-08-26T18:18:27+00:00
107-2-FL-C601-A-4-A,107,2,法學院,FL,財經法律學系,C601,A,大學部,4,A,專利法,2,選,60,45,,15,周伯翰,L02-107,,,,"8,9",,,,"[{""day"": 4, ""dayName"": ""星期四"", ""periods"": [""8"", ""9""], ""raw"": ""8,9""}]",學程,與財法三合開,https://course.nuk.edu.tw/QueryCourse/tcontent.asp?OpenYear=107&Helf=2&Sclass=FL&Cono=C601,2026-08-26T18:18:27+00:00
107-2-FL-D511-A-4-A,107,2,法學院,FL,財經法律學系,D511,A,大學部,4,A,國際私法,2,選,60,41,,19,曾千娟,L02-107,,,,,"7,8",,,"[{""day"": 5, ""dayName"": ""星期五"", ""periods"": [""7"", ""8""], ""raw"": ""7,8""}]",,財經法律專業學群,https://course.nuk.edu.tw/QueryCourse/tcontent.asp?OpenYear=107&Helf=2&Sclass=FL&Cono=D511,2026-08-26T18:18:27+00:00
107-2-FL-D512-A-4-A,107,2,法學院,FL,財經法律學系,D512,A,大學部,4,A,國際公法,2,選,60,58,,2,吳行浩,L02-108,"5,6",,,,,,,"[{""day"": 1, ""dayName"": ""星期一"", ""periods"": [""5"", ""6""], ""raw"": ""5,6""}]",,財經法律專業學群,https://course.nuk.edu.tw/QueryCourse/tcontent.asp?OpenYear=107&Helf=2&Sclass=FL&Cono=D512,2026-08-26T18:18:27+00:00
107-2-FL-D631-A-4-A,107,2,法學院,FL,財經法律學系,D631,A,大學部,4,A,商標法,2,選,60,50,,10,謝國廉,L02-107,,,,"5,6",,,,"[{""day"": 4, ""dayName"": ""星期四"", ""periods"": [""5"", ""6""], ""raw"": ""5,6""}]",學程,財經法律專業學群課程；隸屬服務與智慧型創新創業學分學程,https://course.nuk.edu.tw/QueryCourse/tcontent.asp?OpenYear=107&Helf=2&Sclass=FL&Cono=D631,2026-08-26T18:18:27+00:00
107-2-FL-D721-A-4-A,107,2,法學院,FL,財經法律學系,D721,A,大學部,4,A,租稅法各論,2,選,60,25,,35,張永明,L02-108,,"3,4",,,,,,"[{""day"": 2, ""dayName"": ""星期二"", ""periods"": [""3"", ""4""], ""raw"": ""3,4""}]",,財經法律專業學群,https://course.nuk.edu.tw/QueryCourse/tcontent.asp?OpenYear=107&Helf=2&Sclass=FL&Cono=D721,2026-08-26T18:18:27+00:00
107-2-FL-D753-A-4-A,107,2,法學院,FL,財經法律學系,D753,A,大學部,4,A,民法實例演習,2,選,60,14,,46,林瑞成,L02-201,"8,9",,,,,,,"[{""day"": 1, ""dayName"": ""星期一"", ""periods"": [""8"", ""9""], ""raw"": ""8,9""}]",,,https://course.nuk.edu.tw/QueryCourse/tcontent.asp?OpenYear=107&Helf=2&Sclass=FL&Cono=D753,2026-08-26T18:18:27+00:00
107-2-FL-F01B-M-1-,107,2,法學院,FL,財經法律學系,F01B,M,碩士班,1,,法學日文(二),2,必,20,6,,14,簡玉聰,L02-203,,,,,,"5,6",,"[{""day"": 6, ""dayName"": ""星期六"", ""periods"": [""5"", ""6""], ""raw"": ""5,6""}]",,開放本院大學部、二年制在職專班二年級以上、碩士班及碩士在職專班學生選修。,https://course.nuk.edu.tw/QueryCourse/tcontent.asp?OpenYear=107&Helf=2&Sclass=FL&Cono=F01B,2026-08-26T18:18:27+00:00
107-2-FL-F04B-M-1-,107,2,法學院,FL,財經法律學系,F04B,M,碩士班,1,,法學德文(二),2,必,20,6,,14,張永明,L02-306,"5,6",,,,,,,"[{""day"": 1, ""dayName"": ""星期一"", ""periods"": [""5"", ""6""], ""raw"": ""5,6""}]",,開放本院大學部三、四年級、二年制在職專班二年級以上、碩士班及碩士在職專班學生選修,https://course.nuk.edu.tw/QueryCourse/tcontent.asp?OpenYear=107&Helf=2&Sclass=FL&Cono=F04B,2026-08-26T18:18:27+00:00
107-2-FL-F522-M-1-,107,2,法學院,FL,財經法律學系,F522,M,碩士班,1,,資訊科技與智慧財產權專題研究,2,選,20,9,,11,謝國廉,L02-307,,,"5,6",,,,,"[{""day"": 3, ""dayName"": ""星期三"", ""periods"": [""5"", ""6""], ""raw"": ""5,6""}]",,開放本院碩士班及碩士在職專班學生選修,https://course.nuk.edu.tw/QueryCourse/tcontent.asp?OpenYear=107&Helf=2&Sclass=FL&Cono=F522,2026-08-26T18:18:27+00:00
107-2-FL-F58F-M-1-,107,2,法學院,FL,財經法律學系,F58F,M,碩士班,1,,環境刑法專題研究(二),2,選,10,4,,6,謝開平,L02-306,,,"5,6",,,,,"[{""day"": 3, ""dayName"": ""星期三"", ""periods"": [""5"", ""6""], ""raw"": ""5,6""}]",,開放財法、政法、法律碩士班選修,https://course.nuk.edu.tw/QueryCourse/tcontent.asp?OpenYear=107&Helf=2&Sclass=FL&Cono=F58F,2026-08-26T18:18:27+00:00
107-2-FL-F604-M-1-,107,2,法學院,FL,財經法律學系,F604,M,碩士班,1,,國際經濟法專題研究：跨國證券投資與募集發行之法律問題,2,選,20,3,,17,王仁宏,L02-306,,,,"3,4",,,,"[{""day"": 4, ""dayName"": ""星期四"", ""periods"": [""3"", ""4""], ""raw"": ""3,4""}]",,開放其他系所。限碩士班以上,https://course.nuk.edu.tw/QueryCourse/tcontent.asp?OpenYear=107&Helf=2&Sclass=FL&Cono=F604,2026-08-26T18:18:27+00:00
107-2-FL-F621-M-1-,107,2,法學院,FL,財經法律學系,F621,M,碩士班,1,,國際經貿與紛爭解決,3,選,20,11,,9,吳行浩 鄧穎懋,L02-306,,,,"6,7, 8",,,,"[{""day"": 4, ""dayName"": ""星期四"", ""periods"": [""6"", ""7"", ""8""], ""raw"": ""6,7, 8""}]",,全英語授課，與IMBA合開。開放法學院、管理學院大學部三、四年級學生選修。授課教師:吳行浩老師、鄧穎懋老師。,https://course.nuk.edu.tw/QueryCourse/tcontent.asp?OpenYear=107&Helf=2&Sclass=FL&Cono=F621,2026-08-26T18:18:27+00:00
107-2-FL-F663-M-2-,107,2,法學院,FL,財經法律學系,F663,M,碩士班,2,,財稅法專題研究(三),2,選,20,3,,17,簡玉聰,L02-306,,,"7,8",,,,,"[{""day"": 3, ""dayName"": ""星期三"", ""periods"": [""7"", ""8""], ""raw"": ""7,8""}]",,開放本院大學部三、四年級、二年制在職專班二年級以上、碩士班及碩士在職專班學生選修。,https://course.nuk.edu.tw/QueryCourse/tcontent.asp?OpenYear=107&Helf=2&Sclass=FL&Cono=F663,2026-08-26T18:18:27+00:00
107-2-GL-A03B-A-1-A,107,2,法學院,GL,政治法律學系,A03B,A,大學部,1,A,憲法(二),2,必,63,63,,0,李俊增,L02-103,,"7,8",,,,,,"[{""day"": 2, ""dayName"": ""星期二"", ""periods"": [""7"", ""8""], ""raw"": ""7,8""}]",外加,基礎課程,https://course.nuk.edu.tw/QueryCourse/tcontent.asp?OpenYear=107&Helf=2&Sclass=GL&Cono=A03B,2026-08-26T18:18:27+00:00
107-2-GL-A061-A-1-A,107,2,法學院,GL,政治法律學系,A061,A,大學部,1,A,國家學,3,必,64,64,,0,姚朝森,L02-106,,,,"2,3, 4",,,,"[{""day"": 4, ""dayName"": ""星期四"", ""periods"": [""2"", ""3"", ""4""], ""raw"": ""2,3, 4""}]",外加,基礎課程,https://course.nuk.edu.tw/QueryCourse/tcontent.asp?OpenYear=107&Helf=2&Sclass=GL&Cono=A061,2026-08-26T18:18:27+00:00
107-2-GL-A071-A-1-A,107,2,法學院,GL,政治法律學系,A071,A,大學部,1,A,國際關係,2,必,62,62,,0,陳文生,L02-103,"3,4",,,,,,,"[{""day"": 1, ""dayName"": ""星期一"", ""periods"": [""3"", ""4""], ""raw"": ""3,4""}]",外加,基礎課程,https://course.nuk.edu.tw/QueryCourse/tcontent.asp?OpenYear=107&Helf=2&Sclass=GL&Cono=A071,2026-08-26T18:18:27+00:00
107-2-GL-A10B-A-1-A,107,2,法學院,GL,政治法律學系,A10B,A,大學部,1,A,行政學(二）,2,必,60,59,,1,楊戊龍,L02-103,,"3,4",,,,,,"[{""day"": 2, ""dayName"": ""星期二"", ""periods"": [""3"", ""4""], ""raw"": ""3,4""}]",,基礎課程,https://course.nuk.edu.tw/QueryCourse/tcontent.asp?OpenYear=107&Helf=2&Sclass=GL&Cono=A10B,2026-08-26T18:18:27+00:00
107-2-GL-B032-A-1-A,107,2,法學院,GL,政治法律學系,B032,A,大學部,1,A,民法債編總論(一),3,必,60,59,,1,李淑如,L02-106,,,"2,3, 4",,,,,"[{""day"": 3, ""dayName"": ""星期三"", ""periods"": [""2"", ""3"", ""4""], ""raw"": ""2,3, 4""}]",,基礎課程,https://course.nuk.edu.tw/QueryCourse/tcontent.asp?OpenYear=107&Helf=2&Sclass=GL&Cono=B032,2026-08-26T18:18:27+00:00
107-2-GL-C672-A-1-A,107,2,法學院,GL,政治法律學系,C672,A,大學部,1,A,法律服務(二),2,選,60,28,,32,廖義銘,L02-202,,,"5,6",,,,,"[{""day"": 3, ""dayName"": ""星期三"", ""periods"": [""5"", ""6""], ""raw"": ""5,6""}]",,第一次上課時確認上課時間,https://course.nuk.edu.tw/QueryCourse/tcontent.asp?OpenYear=107&Helf=2&Sclass=GL&Cono=C672,2026-08-26T18:18:27+00:00
107-2-GL-B01B-A-2-A,107,2,法學院,GL,政治法律學系,B01B,A,大學部,2,A,行政法總論(二),2,必,60,45,,15,邵惠玲,L02-106,,,"7,8",,,,,"[{""day"": 3, ""dayName"": ""星期三"", ""periods"": [""7"", ""8""], ""raw"": ""7,8""}]",,基礎課程,https://course.nuk.edu.tw/QueryCourse/tcontent.asp?OpenYear=107&Helf=2&Sclass=GL&Cono=B01B,2026-08-26T18:18:27+00:00
107-2-GL-B02B-A-2-A,107,2,法學院,GL,政治法律學系,B02B,A,大學部,2,A,比較政府(二),2,必,60,50,,10,陳文生,L02-103,,,"3,4",,,,,"[{""day"": 3, ""dayName"": ""星期三"", ""periods"": [""3"", ""4""], ""raw"": ""3,4""}]",,基礎課程,https://course.nuk.edu.tw/QueryCourse/tcontent.asp?OpenYear=107&Helf=2&Sclass=GL&Cono=B02B,2026-08-26T18:18:27+00:00
107-2-GL-B081-A-2-A,107,2,法學院,GL,政治法律學系,B081,A,大學部,2,A,西洋政治思想史,3,必,60,53,,7,姚朝森,L02-106,"2,3, 4",,,,,,,"[{""day"": 1, ""dayName"": ""星期一"", ""periods"": [""2"", ""3"", ""4""], ""raw"": ""2,3, 4""}]",,基礎課程,https://course.nuk.edu.tw/QueryCourse/tcontent.asp?OpenYear=107&Helf=2&Sclass=GL&Cono=B081,2026-08-26T18:18:27+00:00
107-2-GL-B101-A-2-A,107,2,法學院,GL,政治法律學系,B101,A,大學部,2,A,民法債編各論,3,必,60,45,,15,李淑如,L02-103,,,,"2,3, 4",,,,"[{""day"": 4, ""dayName"": ""星期四"", ""periods"": [""2"", ""3"", ""4""], ""raw"": ""2,3, 4""}]",先修 限修,1. 基礎課程 2. 限大學部選修 3. 限修畢債總（一）,https://course.nuk.edu.tw/QueryCourse/tcontent.asp?OpenYear=107&Helf=2&Sclass=GL&Cono=B101,2026-08-26T18:18:27+00:00
107-2-GL-B172-A-2-A,107,2,法學院,GL,政治法律學系,B172,A,大學部,2,A,社會學,3,必,60,21,,39,楊鈞池,L02-103,,,,"7,8, 9",,,,"[{""day"": 4, ""dayName"": ""星期四"", ""periods"": [""7"", ""8"", ""9""], ""raw"": ""7,8, 9""}]",,1. 基礎課程 2. 與「經濟學」二選一，計3學分。,https://course.nuk.edu.tw/QueryCourse/tcontent.asp?OpenYear=107&Helf=2&Sclass=GL&Cono=B172,2026-08-26T18:18:27+00:00
107-2-GL-B501-A-2-A,107,2,法學院,GL,政治法律學系,B501,A,大學部,2,A,公共政策,2,必,60,30,,30,楊鈞池,L02-106,,"3,4",,,,,,"[{""day"": 2, ""dayName"": ""星期二"", ""periods"": [""3"", ""4""], ""raw"": ""3,4""}]",,政治學群課程,https://course.nuk.edu.tw/QueryCourse/tcontent.asp?OpenYear=107&Helf=2&Sclass=GL&Cono=B501,2026-08-26T18:18:27+00:00
107-2-GL-C04A-A-2-A,107,2,法學院,GL,政治法律學系,C04A,A,大學部,2,A,民事訴訟法(一),3,必,60,53,,7,賴恆盈,L02-106,,"6,7, 8",,,,,,"[{""day"": 2, ""dayName"": ""星期二"", ""periods"": [""6"", ""7"", ""8""], ""raw"": ""6,7, 8""}]",限修,1.基礎課程2.限政法系學生3.本學期民事訴訟法改為3學分,https://course.nuk.edu.tw/QueryCourse/tcontent.asp?OpenYear=107&Helf=2&Sclass=GL&Cono=C04A,2026-08-26T18:18:27+00:00
107-2-GL-D52A-A-2-A,107,2,法學院,GL,政治法律學系,D52A,A,大學部,2,A,行政法實例演習（一）,2,選,79,79,,0,徐偉超,L02-106,,,,,"5,6",,,"[{""day"": 5, ""dayName"": ""星期五"", ""periods"": [""5"", ""6""], ""raw"": ""5,6""}]",外加,1.隔週上課（單）。2.開放法學院全年級修課。3.大二大三合開。,https://course.nuk.edu.tw/QueryCourse/tcontent.asp?OpenYear=107&Helf=2&Sclass=GL&Cono=D52A,2026-08-26T18:18:27+00:00
107-2-GL-B071-A-3-A,107,2,法學院,GL,政治法律學系,B071,A,大學部,3,A,民法繼承,2,必,60,59,,1,呂麗慧,L02-202,,,,,"3,4",,,"[{""day"": 5, ""dayName"": ""星期五"", ""periods"": [""3"", ""4""], ""raw"": ""3,4""}]",,1.法律學群,https://course.nuk.edu.tw/QueryCourse/tcontent.asp?OpenYear=107&Helf=2&Sclass=GL&Cono=B071,2026-08-26T18:18:27+00:00
107-2-GL-B092-A-3-A,107,2,法學院,GL,政治法律學系,B092,A,大學部,3,A,行政程序法制,2,必,63,63,,0,李俊增,L02-103,"5,6",,,,,,,"[{""day"": 1, ""dayName"": ""星期一"", ""periods"": [""5"", ""6""], ""raw"": ""5,6""}]",外加,整合課程,https://course.nuk.edu.tw/QueryCourse/tcontent.asp?OpenYear=107&Helf=2&Sclass=GL&Cono=B092,2026-08-26T18:18:27+00:00
107-2-GL-C05B-A-3-A,107,2,法學院,GL,政治法律學系,C05B,A,大學部,3,A,刑事訴訟法(二),2,必,60,58,,2,黃翰義,L02-106,,,,,,"3,4",,"[{""day"": 6, ""dayName"": ""星期六"", ""periods"": [""3"", ""4""], ""raw"": ""3,4""}]",,1. 法律學群 2. 隔週上課(單週),https://course.nuk.edu.tw/QueryCourse/tcontent.asp?OpenYear=107&Helf=2&Sclass=GL&Cono=C05B,2026-08-26T18:18:27+00:00
107-2-GL-C102-A-3-A,107,2,法學院,GL,政治法律學系,C102,A,大學部,3,A,公法與公共行政,2,必,60,57,,3,楊戊龍,L02-201,,,"3,4",,,,,"[{""day"": 3, ""dayName"": ""星期三"", ""periods"": [""3"", ""4""], ""raw"": ""3,4""}]",,整合課程,https://course.nuk.edu.tw/QueryCourse/tcontent.asp?OpenYear=107&Helf=2&Sclass=GL&Cono=C102,2026-08-26T18:18:27+00:00
107-2-GL-C14B-A-3-A,107,2,法學院,GL,政治法律學系,C14B,A,大學部,3,A,比較政治(二),2,必,61,39,,22,楊鈞池,L02-103,,,,"5,6",,,,"[{""day"": 4, ""dayName"": ""星期四"", ""periods"": [""5"", ""6""], ""raw"": ""5,6""}]",,政治學群,https://course.nuk.edu.tw/QueryCourse/tcontent.asp?OpenYear=107&Helf=2&Sclass=GL&Cono=C14B,2026-08-26T18:18:27+00:00
107-2-GL-C172-A-3-A,107,2,法學院,GL,政治法律學系,C172,A,大學部,3,A,行政爭訟法(二),2,選,60,35,,25,賴恆盈,L02-201,,,"7,8",,,,,"[{""day"": 3, ""dayName"": ""星期三"", ""periods"": [""7"", ""8""], ""raw"": ""7,8""}]",先修,1. 法律學群 2. 限修畢民事訴訟法（一）3.限政法系學生4.自本學期起行政爭訟法(二)列為選修，適用舊必修科目表學生修習則列為必修課程,https://course.nuk.edu.tw/QueryCourse/tcontent.asp?OpenYear=107&Helf=2&Sclass=GL&Cono=C172,2026-08-26T18:18:27+00:00
107-2-GL-D101-A-3-A,107,2,法學院,GL,政治法律學系,D101,A,大學部,3,A,政治經濟學,2,必,60,28,,32,楊鈞池,L02-107,,,,"3,4",,,,"[{""day"": 4, ""dayName"": ""星期四"", ""periods"": [""3"", ""4""], ""raw"": ""3,4""}]",,政治學群,https://course.nuk.edu.tw/QueryCourse/tcontent.asp?OpenYear=107&Helf=2&Sclass=GL&Cono=D101,2026-08-26T18:18:27+00:00
107-2-GL-D52A-A-3-A,107,2,法學院,GL,政治法律學系,D52A,A,大學部,3,A,行政法實例演習（一）,2,選,79,79,,0,徐偉超,L02-106,,,,,"5,6",,,"[{""day"": 5, ""dayName"": ""星期五"", ""periods"": [""5"", ""6""], ""raw"": ""5,6""}]",外加,1.隔週上課（單）。2.開放法學院全年級修課。3.大二大三合開。,https://course.nuk.edu.tw/QueryCourse/tcontent.asp?OpenYear=107&Helf=2&Sclass=GL&Cono=D52A,2026-08-26T18:18:27+00:00
107-2-GL-C021-A-4-A,107,2,法學院,GL,政治法律學系,C021,A,大學部,4,A,立法論,2,必,60,23,,37,廖義銘,L02-103,,,,"10,11",,,,"[{""day"": 4, ""dayName"": ""星期四"", ""periods"": [""10"", ""11""], ""raw"": ""10,11""}]",,政治學群,https://course.nuk.edu.tw/QueryCourse/tcontent.asp?OpenYear=107&Helf=2&Sclass=GL&Cono=C021,2026-08-26T18:18:27+00:00
107-2-GL-D042-A-4-A,107,2,法學院,GL,政治法律學系,D042,A,大學部,4,A,國家財政法制,2,必,68,68,,0,簡玉聰,L02-201,,,"5,6",,,,,"[{""day"": 3, ""dayName"": ""星期三"", ""periods"": [""5"", ""6""], ""raw"": ""5,6""}]",外加,整合課程,https://course.nuk.edu.tw/QueryCourse/tcontent.asp?OpenYear=107&Helf=2&Sclass=GL&Cono=D042,2026-08-26T18:18:27+00:00
107-2-GL-D142-A-4-A,107,2,法學院,GL,政治法律學系,D142,A,大學部,4,A,公法實例演習(二),2,必,60,45,,15,徐偉超,L02-106,,,,,"2,3, 4",,,"[{""day"": 5, ""dayName"": ""星期五"", ""periods"": [""2"", ""3"", ""4""], ""raw"": ""2,3, 4""}]",,1. 法律學群 2. 隔週上課(單),https://course.nuk.edu.tw/QueryCourse/tcontent.asp?OpenYear=107&Helf=2&Sclass=GL&Cono=D142,2026-08-26T18:18:27+00:00
107-2-GL-D191-A-4-A,107,2,法學院,GL,政治法律學系,D191,A,大學部,4,A,職場權責與專業倫理,2,必,60,51,,9,楊戊龍 李淑如,L02-201,,,,"7,8",,,,"[{""day"": 4, ""dayName"": ""星期四"", ""periods"": [""7"", ""8""], ""raw"": ""7,8""}]",,整合課程,https://course.nuk.edu.tw/QueryCourse/tcontent.asp?OpenYear=107&Helf=2&Sclass=GL&Cono=D191,2026-08-26T18:18:27+00:00
107-2-GL-D192-A-4-A,107,2,法學院,GL,政治法律學系,D192,A,大學部,4,A,談判策略與實例演練,2,必,20,15,,5,陳文生,L02-310,"7,8",,,,,,,"[{""day"": 1, ""dayName"": ""星期一"", ""periods"": [""7"", ""8""], ""raw"": ""7,8""}]",,政治學群,https://course.nuk.edu.tw/QueryCourse/tcontent.asp?OpenYear=107&Helf=2&Sclass=GL&Cono=D192,2026-08-26T18:18:27+00:00
107-2-GL-D900-A-4-A,107,2,法學院,GL,政治法律學系,D900,A,大學部,4,A,業界實習,2,選,40,4,,36,李淑如,,,"X,Y",,,,,,"[{""day"": 2, ""dayName"": ""星期二"", ""periods"": [""X"", ""Y""], ""raw"": ""X,Y""}]",,由授課教師指定加簽，實習總時數應達162小時。,https://course.nuk.edu.tw/QueryCourse/tcontent.asp?OpenYear=107&Helf=2&Sclass=GL&Cono=D900,2026-08-26T18:18:27+00:00
107-2-GL-T022-L-1-,107,2,法學院,GL,政治法律學系,T022,L,碩士在職專班,1,,憲政發展專題研究,2,必,20,15,,5,李俊增,L02-310,,,"10,11",,,,,"[{""day"": 3, ""dayName"": ""星期三"", ""periods"": [""10"", ""11""], ""raw"": ""10,11""}]",,共同／整合課程,https://course.nuk.edu.tw/QueryCourse/tcontent.asp?OpenYear=107&Helf=2&Sclass=GL&Cono=T022,2026-08-26T18:18:27+00:00
107-2-GL-T029-L-1-,107,2,法學院,GL,政治法律學系,T029,L,碩士在職專班,1,,行政法各論專題研究,2,必,31,15,,16,邵惠玲,L02-310,"12,13",,,,,,,"[{""day"": 1, ""dayName"": ""星期一"", ""periods"": [""12"", ""13""], ""raw"": ""12,13""}]",,1.公法學群2.限修畢行政法總論(一)(二),https://course.nuk.edu.tw/QueryCourse/tcontent.asp?OpenYear=107&Helf=2&Sclass=GL&Cono=T029,2026-08-26T18:18:27+00:00
107-2-GL-T046-L-1-,107,2,法學院,GL,政治法律學系,T046,L,碩士在職專班,1,,地方政府與治理專題研究,2,必,20,12,,8,廖義銘,L02-310,,"12,13",,,,,,"[{""day"": 2, ""dayName"": ""星期二"", ""periods"": [""12"", ""13""], ""raw"": ""12,13""}]",,政治學群,https://course.nuk.edu.tw/QueryCourse/tcontent.asp?OpenYear=107&Helf=2&Sclass=GL&Cono=T046,2026-08-26T18:18:27+00:00
107-2-GL-U031-L-1-,107,2,法學院,GL,政治法律學系,U031,L,碩士在職專班,1,,地方自治法制專題研究,2,必,20,13,,7,邵惠玲,L02-310,"10,11",,,,,,,"[{""day"": 1, ""dayName"": ""星期一"", ""periods"": [""10"", ""11""], ""raw"": ""10,11""}]",,共同/整合課程,https://course.nuk.edu.tw/QueryCourse/tcontent.asp?OpenYear=107&Helf=2&Sclass=GL&Cono=U031,2026-08-26T18:18:27+00:00
107-2-GL-F03C-M-1-,107,2,法學院,GL,政治法律學系,F03C,M,碩士班,1,,行政程序法制專題研究(二),2,必,20,6,,14,賴恆盈,L02-310,,,,"7,8",,,,"[{""day"": 4, ""dayName"": ""星期四"", ""periods"": [""7"", ""8""], ""raw"": ""7,8""}]",,公法學群,https://course.nuk.edu.tw/QueryCourse/tcontent.asp?OpenYear=107&Helf=2&Sclass=GL&Cono=F03C,2026-08-26T18:18:27+00:00
107-2-GL-F141-M-1-,107,2,法學院,GL,政治法律學系,F141,M,碩士班,1,,國家理論專題研究,2,必,20,7,,13,姚朝森,L02-310,,,"3,4",,,,,"[{""day"": 3, ""dayName"": ""星期三"", ""periods"": [""3"", ""4""], ""raw"": ""3,4""}]",,共同／整合課程,https://course.nuk.edu.tw/QueryCourse/tcontent.asp?OpenYear=107&Helf=2&Sclass=GL&Cono=F141,2026-08-26T18:18:27+00:00
107-2-GL-F153-M-1-,107,2,法學院,GL,政治法律學系,F153,M,碩士班,1,,選舉制度與法制專題研究,2,必,20,8,,12,陳文生,L02-310,,,"7,8",,,,,"[{""day"": 3, ""dayName"": ""星期三"", ""periods"": [""7"", ""8""], ""raw"": ""7,8""}]",,政治學群,https://course.nuk.edu.tw/QueryCourse/tcontent.asp?OpenYear=107&Helf=2&Sclass=GL&Cono=F153,2026-08-26T18:18:27+00:00
107-2-LA-A001-A-1-A,107,2,法學院,LA,法律學系,A001,A,大學部,1,A,民法債編總論(一),3,必,80,57,,23,張鈺光,L02-202,,,,"5,6, 7",,,,"[{""day"": 4, ""dayName"": ""星期四"", ""periods"": [""5"", ""6"", ""7""], ""raw"": ""5,6, 7""}]",,,https://course.nuk.edu.tw/QueryCourse/tcontent.asp?OpenYear=107&Helf=2&Sclass=LA&Cono=A001,2026-08-26T18:18:27+00:00
107-2-LA-A09B-A-1-A,107,2,法學院,LA,法律學系,A09B,A,大學部,1,A,憲法(二),2,必,61,61,,0,陳正根,L02-102,,"3,4",,,,,,"[{""day"": 2, ""dayName"": ""星期二"", ""periods"": [""3"", ""4""], ""raw"": ""3,4""}]",,,https://course.nuk.edu.tw/QueryCourse/tcontent.asp?OpenYear=107&Helf=2&Sclass=LA&Cono=A09B,2026-08-26T18:18:27+00:00
107-2-LA-A512-A-1-A,107,2,法學院,LA,法律學系,A512,A,大學部,1,A,哲學導論,2,選,60,23,,37,賴志強,L02-102,,,"3,4",,,,,"[{""day"": 3, ""dayName"": ""星期三"", ""periods"": [""3"", ""4""], ""raw"": ""3,4""}]",,,https://course.nuk.edu.tw/QueryCourse/tcontent.asp?OpenYear=107&Helf=2&Sclass=LA&Cono=A512,2026-08-26T18:18:27+00:00
107-2-LA-A521-A-1-A,107,2,法學院,LA,法律學系,A521,A,大學部,1,A,法院組織法,2,選,60,56,,4,賴志強,L02-101,"3,4",,,,,,,"[{""day"": 1, ""dayName"": ""星期一"", ""periods"": [""3"", ""4""], ""raw"": ""3,4""}]",,,https://course.nuk.edu.tw/QueryCourse/tcontent.asp?OpenYear=107&Helf=2&Sclass=LA&Cono=A521,2026-08-26T18:18:27+00:00
107-2-LA-B011-A-1-A,107,2,法學院,LA,法律學系,B011,A,大學部,1,A,刑法總則(二),3,必,87,87,,0,吳俊毅,L02-204,,,,,"2,3, 4",,,"[{""day"": 5, ""dayName"": ""星期五"", ""periods"": [""2"", ""3"", ""4""], ""raw"": ""2,3, 4""}]",限修及外加,限法學院同學修課,https://course.nuk.edu.tw/QueryCourse/tcontent.asp?OpenYear=107&Helf=2&Sclass=LA&Cono=B011,2026-08-26T18:18:27+00:00
107-2-LA-B021-A-2-A,107,2,法學院,LA,法律學系,B021,A,大學部,2,A,民法繼承,2,必,120,25,,95,呂麗慧,L02-202,,,,,"7,8",,,"[{""day"": 5, ""dayName"": ""星期五"", ""periods"": [""7"", ""8""], ""raw"": ""7,8""}]",,與財法系合班上課,https://course.nuk.edu.tw/QueryCourse/tcontent.asp?OpenYear=107&Helf=2&Sclass=LA&Cono=B021,2026-08-26T18:18:27+00:00
107-2-LA-B03B-A-2-A,107,2,法學院,LA,法律學系,B03B,A,大學部,2,A,行政法總論(二),3,必,61,61,,0,陳正根,L02-102,,,,"2,3, 4",,,,"[{""day"": 4, ""dayName"": ""星期四"", ""periods"": [""2"", ""3"", ""4""], ""raw"": ""2,3, 4""}]",外加,,https://course.nuk.edu.tw/QueryCourse/tcontent.asp?OpenYear=107&Helf=2&Sclass=LA&Cono=B03B,2026-08-26T18:18:27+00:00
107-2-LA-B05B-A-2-A,107,2,法學院,LA,法律學系,B05B,A,大學部,2,A,日文(二),2,必,80,37,,43,林柏舟,L02-204,,,"3,4",,,,,"[{""day"": 3, ""dayName"": ""星期三"", ""periods"": [""3"", ""4""], ""raw"": ""3,4""}]",,德/日二選一為必修，須修過日文(一)。,https://course.nuk.edu.tw/QueryCourse/tcontent.asp?OpenYear=107&Helf=2&Sclass=LA&Cono=B05B,2026-08-26T18:18:27+00:00
107-2-LA-B06B-A-2-A,107,2,法學院,LA,法律學系,B06B,A,大學部,2,A,德文(二),2,必,40,34,,6,陳麗雅,L02-102,"3,4",,,,,,,"[{""day"": 1, ""dayName"": ""星期一"", ""periods"": [""3"", ""4""], ""raw"": ""3,4""}]",先修,德/日二選一為必修，須修過德文(一)。,https://course.nuk.edu.tw/QueryCourse/tcontent.asp?OpenYear=107&Helf=2&Sclass=LA&Cono=B06B,2026-08-26T18:18:27+00:00
107-2-LA-B081-A-2-A,107,2,法學院,LA,法律學系,B081,A,大學部,2,A,商事法總論暨公司法,3,必,86,85,,1,李淑如,L02-202,,"5,6, 7",,,,,,"[{""day"": 2, ""dayName"": ""星期二"", ""periods"": [""5"", ""6"", ""7""], ""raw"": ""5,6, 7""}]",外加,,https://course.nuk.edu.tw/QueryCourse/tcontent.asp?OpenYear=107&Helf=2&Sclass=LA&Cono=B081,2026-08-26T18:18:27+00:00
107-2-LA-B101-A-2-A,107,2,法學院,LA,法律學系,B101,A,大學部,2,A,民法債編各論(一),2,必,60,46,,14,林昭志,L02-101,,,,"5,6",,,,"[{""day"": 4, ""dayName"": ""星期四"", ""periods"": [""5"", ""6""], ""raw"": ""5,6""}]",,,https://course.nuk.edu.tw/QueryCourse/tcontent.asp?OpenYear=107&Helf=2&Sclass=LA&Cono=B101,2026-08-26T18:18:27+00:00
107-2-LA-B17B-A-2-A,107,2,法學院,LA,法律學系,B17B,A,大學部,2,A,民法物權(二),2,必,130,118,,12,謝志鵬,L02-202,"5,6",,,,,,,"[{""day"": 1, ""dayName"": ""星期一"", ""periods"": [""5"", ""6""], ""raw"": ""5,6""}]",,與政法系大二合班上課,https://course.nuk.edu.tw/QueryCourse/tcontent.asp?OpenYear=107&Helf=2&Sclass=LA&Cono=B17B,2026-08-26T18:18:27+00:00
107-2-LA-B64B-A-2-A,107,2,法學院,LA,法律學系,B64B,A,大學部,2,A,勞動法概論(二),2,選,60,38,,22,康銘,L02-201,,"3,4",,,,,,"[{""day"": 2, ""dayName"": ""星期二"", ""periods"": [""3"", ""4""], ""raw"": ""3,4""}]",,,https://course.nuk.edu.tw/QueryCourse/tcontent.asp?OpenYear=107&Helf=2&Sclass=LA&Cono=B64B,2026-08-26T18:18:27+00:00
107-2-LA-C001-A-2-A,107,2,法學院,LA,法律學系,C001,A,大學部,2,A,刑法分則(二),2,必,75,66,,9,劉傳璟,L02-204,,,,"7,8",,,,"[{""day"": 4, ""dayName"": ""星期四"", ""periods"": [""7"", ""8""], ""raw"": ""7,8""}]",,,https://course.nuk.edu.tw/QueryCourse/tcontent.asp?OpenYear=107&Helf=2&Sclass=LA&Cono=C001,2026-08-26T18:18:27+00:00
107-2-LA-B091-A-3-A,107,2,法學院,LA,法律學系,B091,A,大學部,3,A,海商法,2,必,112,112,,0,林昭志,L02-204,,,"5,6",,,,,"[{""day"": 3, ""dayName"": ""星期三"", ""periods"": [""5"", ""6""], ""raw"": ""5,6""}]",限修及外加,限法學院大三以上修課 ； 與財法系大三合班上課,https://course.nuk.edu.tw/QueryCourse/tcontent.asp?OpenYear=107&Helf=2&Sclass=LA&Cono=B091,2026-08-26T18:18:27+00:00
107-2-LA-B511-A-3-A,107,2,法學院,LA,法律學系,B511,A,大學部,3,A,國際公法,2,選,60,52,,8,許震宇,L02-102,"8,9",,,,,,,"[{""day"": 1, ""dayName"": ""星期一"", ""periods"": [""8"", ""9""], ""raw"": ""8,9""}]",,,https://course.nuk.edu.tw/QueryCourse/tcontent.asp?OpenYear=107&Helf=2&Sclass=LA&Cono=B511,2026-08-26T18:18:27+00:00
107-2-LA-B544-A-3-A,107,2,法學院,LA,法律學系,B544,A,大學部,3,A,智慧財產權概論,2,選,60,35,,25,康銘,L02-201,"3,4",,,,,,,"[{""day"": 1, ""dayName"": ""星期一"", ""periods"": [""3"", ""4""], ""raw"": ""3,4""}]",,,https://course.nuk.edu.tw/QueryCourse/tcontent.asp?OpenYear=107&Helf=2&Sclass=LA&Cono=B544,2026-08-26T18:18:27+00:00
107-2-LA-C02B-A-3-A,107,2,法學院,LA,法律學系,C02B,A,大學部,3,A,民事訴訟法(二),3,必,120,102,,18,陳樹村,L02-202,,"11,12, 13",,,,,,"[{""day"": 2, ""dayName"": ""星期二"", ""periods"": [""11"", ""12"", ""13""], ""raw"": ""11,12, 13""}]",,與財法系大三合班上課,https://course.nuk.edu.tw/QueryCourse/tcontent.asp?OpenYear=107&Helf=2&Sclass=LA&Cono=C02B,2026-08-26T18:18:27+00:00
107-2-LA-C03B-A-3-A,107,2,法學院,LA,法律學系,C03B,A,大學部,3,A,刑事訴訟法(二),3,必,60,59,,1,吳俊毅,L02-101,,,,"2,3, 4",,,,"[{""day"": 4, ""dayName"": ""星期四"", ""periods"": [""2"", ""3"", ""4""], ""raw"": ""2,3, 4""}]",限修,限法學院三年級以上,https://course.nuk.edu.tw/QueryCourse/tcontent.asp?OpenYear=107&Helf=2&Sclass=LA&Cono=C03B,2026-08-26T18:18:27+00:00
107-2-LA-C052-A-3-A,107,2,法學院,LA,法律學系,C052,A,大學部,3,A,行政爭訟法,2,必,61,61,,0,陳正根,L02-101,,,"3,4",,,,,"[{""day"": 3, ""dayName"": ""星期三"", ""periods"": [""3"", ""4""], ""raw"": ""3,4""}]",,,https://course.nuk.edu.tw/QueryCourse/tcontent.asp?OpenYear=107&Helf=2&Sclass=LA&Cono=C052,2026-08-26T18:18:27+00:00
107-2-LA-C151-A-3-A,107,2,法學院,LA,法律學系,C151,A,大學部,3,A,刑法實例演習,2,必,60,54,,6,劉傳璟,L02-102,,,,,"3,4",,,"[{""day"": 5, ""dayName"": ""星期五"", ""periods"": [""3"", ""4""], ""raw"": ""3,4""}]",,,https://course.nuk.edu.tw/QueryCourse/tcontent.asp?OpenYear=107&Helf=2&Sclass=LA&Cono=C151,2026-08-26T18:18:27+00:00
107-2-LA-C152-A-3-A,107,2,法學院,LA,法律學系,C152,A,大學部,3,A,公法實例演習,2,必,60,57,,3,陳正根,L02-101,,,,"7,8",,,,"[{""day"": 4, ""dayName"": ""星期四"", ""periods"": [""7"", ""8""], ""raw"": ""7,8""}]",,,https://course.nuk.edu.tw/QueryCourse/tcontent.asp?OpenYear=107&Helf=2&Sclass=LA&Cono=C152,2026-08-26T18:18:27+00:00
107-2-LA-C50A-A-3-A,107,2,法學院,LA,法律學系,C50A,A,大學部,3,A,地方創生法律與實務（一）,2,選,120,112,,8,張鈺光,L02-202,,,"7,8",,,,,"[{""day"": 3, ""dayName"": ""星期三"", ""periods"": [""7"", ""8""], ""raw"": ""7,8""}]",,開放外系同學選修,https://course.nuk.edu.tw/QueryCourse/tcontent.asp?OpenYear=107&Helf=2&Sclass=LA&Cono=C50A,2026-08-26T18:18:27+00:00
107-2-LA-C901-A-3-A,107,2,法學院,LA,法律學系,C901,A,大學部,3,A,國際法與國際談判,3,選,7,7,,0,紀振清 業界教師,L02-415,,,,,,"5,6, 7",,"[{""day"": 6, ""dayName"": ""星期六"", ""periods"": [""5"", ""6"", ""7""], ""raw"": ""5,6, 7""}]",外加,1. 107學年度國立高雄大學國際經貿談判人才培育跨校學分學程。2. 指定加簽。上課教室:法學院415-1,https://course.nuk.edu.tw/QueryCourse/tcontent.asp?OpenYear=107&Helf=2&Sclass=LA&Cono=C901,2026-08-26T18:18:27+00:00
107-2-LA-C902-A-3-A,107,2,法學院,LA,法律學系,C902,A,大學部,3,A,國際經濟與區域貿易,3,選,8,8,,0,陳一民 業界教師,L02-415,,,,,,"2,3, 4",,"[{""day"": 6, ""dayName"": ""星期六"", ""periods"": [""2"", ""3"", ""4""], ""raw"": ""2,3, 4""}]",外加,1. 107學年度國立高雄大學國際經貿談判人才培育跨校學分學程。2. 指定加簽。上課教室:法學院415-1,https://course.nuk.edu.tw/QueryCourse/tcontent.asp?OpenYear=107&Helf=2&Sclass=LA&Cono=C902,2026-08-26T18:18:27+00:00
107-2-LA-C908-A-3-A,107,2,法學院,LA,法律學系,C908,A,大學部,3,A,溝通與談判,3,選,60,22,,38,紀振清,L02-101,,,,,"5,6, 7",,,"[{""day"": 5, ""dayName"": ""星期五"", ""periods"": [""5"", ""6"", ""7""], ""raw"": ""5,6, 7""}]",,,https://course.nuk.edu.tw/QueryCourse/tcontent.asp?OpenYear=107&Helf=2&Sclass=LA&Cono=C908,2026-08-26T18:18:27+00:00
107-2-LA-C90A-A-3-A,107,2,法學院,LA,法律學系,C90A,A,大學部,3,A,商務談判實務與法律文件寫作(含法庭用語),3,選,1,1,,0,傅鈺雯 業界教師,L02-415,,,,,"5,6, 7",,,"[{""day"": 5, ""dayName"": ""星期五"", ""periods"": [""5"", ""6"", ""7""], ""raw"": ""5,6, 7""}]",外加,1. 107學年度國際經貿談判人才培育跨校學分學程。2. 指定加簽。上課地點:法學院415-1,https://course.nuk.edu.tw/QueryCourse/tcontent.asp?OpenYear=107&Helf=2&Sclass=LA&Cono=C90A,2026-08-26T18:18:27+00:00
107-2-LA-C90B-A-3-A,107,2,法學院,LA,法律學系,C90B,A,大學部,3,A,溝通與談判案例演練,3,選,5,5,,0,紀振清 業界教師,L02-415,,,,,"10,11, 12",,,"[{""day"": 5, ""dayName"": ""星期五"", ""periods"": [""10"", ""11"", ""12""], ""raw"": ""10,11, 12""}]",外加,1. 107學年度國立高雄大學國際經貿談判人才培育跨校學分學程。2. 指定加簽。上課教室:法學院415-1,https://course.nuk.edu.tw/QueryCourse/tcontent.asp?OpenYear=107&Helf=2&Sclass=LA&Cono=C90B,2026-08-26T18:18:27+00:00
107-2-LA-D600-A-3-A,107,2,法學院,LA,法律學系,D600,A,大學部,3,A,校外實習,2,選,4,4,,0,紀振清,,X,X,,,,,,"[{""day"": 1, ""dayName"": ""星期一"", ""periods"": [""X""], ""raw"": ""X""}, {""day"": 2, ""dayName"": ""星期二"", ""periods"": [""X""], ""raw"": ""X""}]",外加,由授課教師指定加簽，實習總時數應達162小時。,https://course.nuk.edu.tw/QueryCourse/tcontent.asp?OpenYear=107&Helf=2&Sclass=LA&Cono=D600,2026-08-26T18:18:27+00:00
107-2-LA-C071-A-4-A,107,2,法學院,LA,法律學系,C071,A,大學部,4,A,商事法實例演習,2,必,60,47,,13,黃清溪,L02-201,,,,,"3,4, 5,6, 7,8",,,"[{""day"": 5, ""dayName"": ""星期五"", ""periods"": [""3"", ""4"", ""5"", ""6"", ""7"", ""8""], ""raw"": ""3,4, 5,6, 7,8""}]",,"黃清溪教授係旅居日本之日本拓植大學之教授,每月自日本返台授課,每次停留一至二週,故上課時間集中於黃老師返台期間之週五上午兩小時，下午四小時。欲修習本課程之同學,請斟酌其他課程之排課時間避免衝堂情形,實際上課時間將於開學後公告於系網頁,請選課同學留意.",https://course.nuk.edu.tw/QueryCourse/tcontent.asp?OpenYear=107&Helf=2&Sclass=LA&Cono=C071,2026-08-26T18:18:27+00:00
107-2-LA-D012-A-4-A,107,2,法學院,LA,法律學系,D012,A,大學部,4,A,國際私法(二),2,必,120,65,,55,謝志鵬,L02-202,"7,8",,,,,,,"[{""day"": 1, ""dayName"": ""星期一"", ""periods"": [""7"", ""8""], ""raw"": ""7,8""}]",,,https://course.nuk.edu.tw/QueryCourse/tcontent.asp?OpenYear=107&Helf=2&Sclass=LA&Cono=D012,2026-08-26T18:18:27+00:00
107-2-LA-D504-A-4-A,107,2,法學院,LA,法律學系,D504,A,大學部,4,A,海洋法,2,選,60,23,,37,林昭志,L02-101,,"6,7",,,,,,"[{""day"": 2, ""dayName"": ""星期二"", ""periods"": [""6"", ""7""], ""raw"": ""6,7""}]",,開放大學部二、三年級選修,https://course.nuk.edu.tw/QueryCourse/tcontent.asp?OpenYear=107&Helf=2&Sclass=LA&Cono=D504,2026-08-26T18:18:27+00:00
107-2-LA-D662-A-4-A,107,2,法學院,LA,法律學系,D662,A,大學部,4,A,法律解釋與民法實例,2,選,60,34,,26,張鈺光,L02-202,,"3,4",,,,,,"[{""day"": 2, ""dayName"": ""星期二"", ""periods"": [""3"", ""4""], ""raw"": ""3,4""}]",,,https://course.nuk.edu.tw/QueryCourse/tcontent.asp?OpenYear=107&Helf=2&Sclass=LA&Cono=D662,2026-08-26T18:18:27+00:00
107-2-LA-D722-A-4-A,107,2,法學院,LA,法律學系,D722,A,大學部,4,A,行政爭訟實務,2,選,60,27,,33,邱基峻,L02-201,,,,"3,4",,,,"[{""day"": 4, ""dayName"": ""星期四"", ""periods"": [""3"", ""4""], ""raw"": ""3,4""}]",,,https://course.nuk.edu.tw/QueryCourse/tcontent.asp?OpenYear=107&Helf=2&Sclass=LA&Cono=D722,2026-08-26T18:18:27+00:00
107-2-LA-T042-L-1-,107,2,法學院,LA,法律學系,T042,L,碩士在職專班,1,,基礎法學(英文)(二),2,必,20,13,,7,呂麗慧,L02-101,,,,,,"3,4",,"[{""day"": 6, ""dayName"": ""星期六"", ""periods"": [""3"", ""4""], ""raw"": ""3,4""}]",,1.碩專班:德文/日文/英文三選一為必修。 2.全英語授課,https://course.nuk.edu.tw/QueryCourse/tcontent.asp?OpenYear=107&Helf=2&Sclass=LA&Cono=T042,2026-08-26T18:18:27+00:00
107-2-LA-T062-L-1-,107,2,法學院,LA,法律學系,T062,L,碩士在職專班,1,,基礎法學(日文)(二),2,必,20,4,,16,簡玉聰,L02-203,,,,,,"7,8",,"[{""day"": 6, ""dayName"": ""星期六"", ""periods"": [""7"", ""8""], ""raw"": ""7,8""}]",,碩專班:德文/日文/英文三選一為必修。,https://course.nuk.edu.tw/QueryCourse/tcontent.asp?OpenYear=107&Helf=2&Sclass=LA&Cono=T062,2026-08-26T18:18:27+00:00
107-2-LA-T572-L-1-,107,2,法學院,LA,法律學系,T572,L,碩士在職專班,1,,政府採購法專題研究(一~四),2,選,20,3,,17,紀振清,L02-301,,,"10,11",,,,,"[{""day"": 3, ""dayName"": ""星期三"", ""periods"": [""10"", ""11""], ""raw"": ""10,11""}]",,1.公法組選修課程 2.開放三系碩士(專)班選修,https://course.nuk.edu.tw/QueryCourse/tcontent.asp?OpenYear=107&Helf=2&Sclass=LA&Cono=T572,2026-08-26T18:18:27+00:00
107-2-LA-T58C-L-1-,107,2,法學院,LA,法律學系,T58C,L,碩士在職專班,1,,刑事訴訟法爭議問題研究(一~四),2,選,15,11,,4,吳俊毅,L02-301,,,,"12,13",,,,"[{""day"": 4, ""dayName"": ""星期四"", ""periods"": [""12"", ""13""], ""raw"": ""12,13""}]",,1.刑法組選修課程2.限修習過刑事訴訟法,https://course.nuk.edu.tw/QueryCourse/tcontent.asp?OpenYear=107&Helf=2&Sclass=LA&Cono=T58C,2026-08-26T18:18:27+00:00
107-2-LA-T747-L-1-,107,2,法學院,LA,法律學系,T747,L,碩士在職專班,1,,法理學專題研究(二),2,選,20,6,,14,賴志強,L02-302,,"12,13",,,,,,"[{""day"": 2, ""dayName"": ""星期二"", ""periods"": [""12"", ""13""], ""raw"": ""12,13""}]",,三組皆可選修,https://course.nuk.edu.tw/QueryCourse/tcontent.asp?OpenYear=107&Helf=2&Sclass=LA&Cono=T747,2026-08-26T18:18:27+00:00
107-2-LA-T74F-L-1-,107,2,法學院,LA,法律學系,T74F,L,碩士在職專班,1,,信託法與不動產實務專題研究(四),2,選,30,18,,12,張鈺光,L02-305,,,,"12,13",,,,"[{""day"": 4, ""dayName"": ""星期四"", ""periods"": [""12"", ""13""], ""raw"": ""12,13""}]",,民商法組選修課程,https://course.nuk.edu.tw/QueryCourse/tcontent.asp?OpenYear=107&Helf=2&Sclass=LA&Cono=T74F,2026-08-26T18:18:27+00:00
107-2-LA-T758-L-1-,107,2,法學院,LA,法律學系,T758,L,碩士在職專班,1,,物權法專題研究(四),2,選,15,7,,8,謝志鵬,L02-302,,"10,11",,,,,,"[{""day"": 2, ""dayName"": ""星期二"", ""periods"": [""10"", ""11""], ""raw"": ""10,11""}]",,民商法組選修課程,https://course.nuk.edu.tw/QueryCourse/tcontent.asp?OpenYear=107&Helf=2&Sclass=LA&Cono=T758,2026-08-26T18:18:27+00:00
107-2-LA-T78C-L-1-,107,2,法學院,LA,法律學系,T78C,L,碩士在職專班,1,,比較契約法專題研究(三),2,選,20,10,,10,林昭志,L02-307,,,"12,13",,,,,"[{""day"": 3, ""dayName"": ""星期三"", ""periods"": [""12"", ""13""], ""raw"": ""12,13""}]",,民商法組選修課程,https://course.nuk.edu.tw/QueryCourse/tcontent.asp?OpenYear=107&Helf=2&Sclass=LA&Cono=T78C,2026-08-26T18:18:27+00:00
107-2-LA-T81A-L-1-,107,2,法學院,LA,法律學系,T81A,L,碩士在職專班,1,,公法社會哲學專題研究,2,選,17,17,,0,陳正根,L02-302,,,"10,11",,,,,"[{""day"": 3, ""dayName"": ""星期三"", ""periods"": [""10"", ""11""], ""raw"": ""10,11""}]",,公法組選修課程,https://course.nuk.edu.tw/QueryCourse/tcontent.asp?OpenYear=107&Helf=2&Sclass=LA&Cono=T81A,2026-08-26T18:18:27+00:00
107-2-LA-T81B-L-1-,107,2,法學院,LA,法律學系,T81B,L,碩士在職專班,1,,納稅者權利保護法專題研究,2,選,20,8,,12,張永明,L02-306,"10,11",,,,,,,"[{""day"": 1, ""dayName"": ""星期一"", ""periods"": [""10"", ""11""], ""raw"": ""10,11""}]",,公法組選修課程,https://course.nuk.edu.tw/QueryCourse/tcontent.asp?OpenYear=107&Helf=2&Sclass=LA&Cono=T81B,2026-08-26T18:18:27+00:00
107-2-LA-T81C-L-1-,107,2,法學院,LA,法律學系,T81C,L,碩士在職專班,1,,勞動法專題研究(一),2,選,20,9,,11,紀振清,L02-301,,,"12,13",,,,,"[{""day"": 3, ""dayName"": ""星期三"", ""periods"": [""12"", ""13""], ""raw"": ""12,13""}]",,1.公法組選修課程。2.開放三系碩士(專)班選修,https://course.nuk.edu.tw/QueryCourse/tcontent.asp?OpenYear=107&Helf=2&Sclass=LA&Cono=T81C,2026-08-26T18:18:27+00:00
107-2-LA-T847-L-1-,107,2,法學院,LA,法律學系,T847,L,碩士在職專班,1,,德文文獻選讀(二),2,選,16,16,,0,陳正根,L02-302,,,"12,13",,,,,"[{""day"": 3, ""dayName"": ""星期三"", ""periods"": [""12"", ""13""], ""raw"": ""12,13""}]",,三組皆可選修,https://course.nuk.edu.tw/QueryCourse/tcontent.asp?OpenYear=107&Helf=2&Sclass=LA&Cono=T847,2026-08-26T18:18:27+00:00
107-2-LA-F033-M-1-,107,2,法學院,LA,法律學系,F033,M,碩士班,1,,基礎法學(德文)(二),2,必,16,13,,3,陳正根,L02-302,,,,"5,6",,,,"[{""day"": 4, ""dayName"": ""星期四"", ""periods"": [""5"", ""6""], ""raw"": ""5,6""}]",,碩士班:德/日/法三選一為必修,https://course.nuk.edu.tw/QueryCourse/tcontent.asp?OpenYear=107&Helf=2&Sclass=LA&Cono=F033,2026-08-26T18:18:27+00:00
107-2-LA-F571-M-1-,107,2,法學院,LA,法律學系,F571,M,碩士班,1,,身份法專題研究,2,選,15,14,,1,呂麗慧,L02-302,,,,"7,8",,,,"[{""day"": 4, ""dayName"": ""星期四"", ""periods"": [""7"", ""8""], ""raw"": ""7,8""}]",,民商法組選修課程,https://course.nuk.edu.tw/QueryCourse/tcontent.asp?OpenYear=107&Helf=2&Sclass=LA&Cono=F571,2026-08-26T18:18:27+00:00
107-2-LA-F64D-M-1-,107,2,法學院,LA,法律學系,F64D,M,碩士班,1,,國際私法專題研究(四),2,選,15,5,,10,謝志鵬,L02-301,,,"7,8",,,,,"[{""day"": 3, ""dayName"": ""星期三"", ""periods"": [""7"", ""8""], ""raw"": ""7,8""}]",,民商法組選修課程,https://course.nuk.edu.tw/QueryCourse/tcontent.asp?OpenYear=107&Helf=2&Sclass=LA&Cono=F64D,2026-08-26T18:18:27+00:00
107-2-LA-F659-M-1-,107,2,法學院,LA,法律學系,F659,M,碩士班,1,,法學方法論(二),2,選,20,9,,11,賴志強,L02-301,,,,"3,4",,,,"[{""day"": 4, ""dayName"": ""星期四"", ""periods"": [""3"", ""4""], ""raw"": ""3,4""}]",,三組皆可選修,https://course.nuk.edu.tw/QueryCourse/tcontent.asp?OpenYear=107&Helf=2&Sclass=LA&Cono=F659,2026-08-26T18:18:27+00:00
107-2-LA-F79A-M-1-,107,2,法學院,LA,法律學系,F79A,M,碩士班,1,,刑法暨醫療刑法專題研究(一),2,選,12,12,,0,劉傳璟,L02-301,,"6,7",,,,,,"[{""day"": 2, ""dayName"": ""星期二"", ""periods"": [""6"", ""7""], ""raw"": ""6,7""}]",,刑法組選修課程,https://course.nuk.edu.tw/QueryCourse/tcontent.asp?OpenYear=107&Helf=2&Sclass=LA&Cono=F79A,2026-08-26T18:18:27+00:00
107-2-LA-F924-M-1-,107,2,法學院,LA,法律學系,F924,M,碩士班,1,,財產法專題研究(四),2,選,20,14,,6,張鈺光,L02-302,,,"3,4",,,,,"[{""day"": 3, ""dayName"": ""星期三"", ""periods"": [""3"", ""4""], ""raw"": ""3,4""}]",,民商法組選修課程,https://course.nuk.edu.tw/QueryCourse/tcontent.asp?OpenYear=107&Helf=2&Sclass=LA&Cono=F924,2026-08-26T18:18:27+00:00
107-2-LA-F961-M-1-,107,2,法學院,LA,法律學系,F961,M,碩士班,1,,基礎法學日文（二）,2,必,20,3,,17,林柏舟,L02-301,,,"1,2",,,,,"[{""day"": 3, ""dayName"": ""星期三"", ""periods"": [""1"", ""2""], ""raw"": ""1,2""}]",,碩士班:德/日/法三選一為必修、須修過基礎法學日文(一)。,https://course.nuk.edu.tw/QueryCourse/tcontent.asp?OpenYear=107&Helf=2&Sclass=LA&Cono=F961,2026-08-26T18:18:27+00:00
107-2-LAD-K507-D-1-,107,2,法學院,LAD,法學院博士班,K507,D,博士班,1,,法學英文（二）,2,選,20,11,,9,吳行浩,L02-306,,"6,7",,,,,,"[{""day"": 2, ""dayName"": ""星期二"", ""periods"": [""6"", ""7""], ""raw"": ""6,7""}]",,全英語授課、博碩合開,https://course.nuk.edu.tw/QueryCourse/tcontent.asp?OpenYear=107&Helf=2&Sclass=LAD&Cono=K507,2026-08-26T18:18:27+00:00
107-2-LAD-K508-D-1-,107,2,法學院,LAD,法學院博士班,K508,D,博士班,1,,法學德文(一~四),2,選,20,2,,18,張永明,L02-306,,"10,11",,,,,,"[{""day"": 2, ""dayName"": ""星期二"", ""periods"": [""10"", ""11""], ""raw"": ""10,11""}]",,,https://course.nuk.edu.tw/QueryCourse/tcontent.asp?OpenYear=107&Helf=2&Sclass=LAD&Cono=K508,2026-08-26T18:18:27+00:00
107-2-LAD-K509-D-1-,107,2,法學院,LAD,法學院博士班,K509,D,博士班,1,,法學英文名著選讀(二),2,選,2,2,,0,林昭志,L02-305,,"10,11",,,,,,"[{""day"": 2, ""dayName"": ""星期二"", ""periods"": [""10"", ""11""], ""raw"": ""10,11""}]",外加,1.限修過法學英文名著選讀(一)之法學院博士生。2.指定加選需經授課教師同意,https://course.nuk.edu.tw/QueryCourse/tcontent.asp?OpenYear=107&Helf=2&Sclass=LAD&Cono=K509,2026-08-26T18:18:27+00:00
107-2-LAD-K50D-D-1-,107,2,法學院,LAD,法學院博士班,K50D,D,博士班,1,,法學專業日文（二）,2,選,20,4,,16,簡玉聰,L02-203,,,,,,"3,4",,"[{""day"": 6, ""dayName"": ""星期六"", ""periods"": [""3"", ""4""], ""raw"": ""3,4""}]",,博碩合開,https://course.nuk.edu.tw/QueryCourse/tcontent.asp?OpenYear=107&Helf=2&Sclass=LAD&Cono=K50D,2026-08-26T18:18:27+00:00
107-2-LAD-K512-D-1-,107,2,法學院,LAD,法學院博士班,K512,D,博士班,1,,國家責任法專題研究,2,選,20,4,,16,張永明,L02-305,,"6,7",,,,,,"[{""day"": 2, ""dayName"": ""星期二"", ""periods"": [""6"", ""7""], ""raw"": ""6,7""}]",,博碩士合開,https://course.nuk.edu.tw/QueryCourse/tcontent.asp?OpenYear=107&Helf=2&Sclass=LAD&Cono=K512,2026-08-26T18:18:27+00:00
107-2-LAD-K531-D-1-,107,2,法學院,LAD,法學院博士班,K531,D,博士班,1,,公司治理研究(一~五),2,選,20,2,,18,黃清溪,L02-307,,,,"7,8",,,,"[{""day"": 4, ""dayName"": ""星期四"", ""periods"": [""7"", ""8""], ""raw"": ""7,8""}]",,,https://course.nuk.edu.tw/QueryCourse/tcontent.asp?OpenYear=107&Helf=2&Sclass=LAD&Cono=K531,2026-08-26T18:18:27+00:00
107-2-LAD-K532-D-1-,107,2,法學院,LAD,法學院博士班,K532,D,博士班,1,,公司法基礎理論之比較研究（一~五）,2,選,20,2,,18,黃清溪,L02-305,,,,"10,11",,,,"[{""day"": 4, ""dayName"": ""星期四"", ""periods"": [""10"", ""11""], ""raw"": ""10,11""}]",,,https://course.nuk.edu.tw/QueryCourse/tcontent.asp?OpenYear=107&Helf=2&Sclass=LAD&Cono=K532,2026-08-26T18:18:27+00:00
107-2-LAD-K54B-D-1-,107,2,法學院,LAD,法學院博士班,K54B,D,博士班,1,,現代財稅法專題（二）,2,選,15,4,,11,簡玉聰,L02-203,,,"9,10",,,,,"[{""day"": 3, ""dayName"": ""星期三"", ""periods"": [""9"", ""10""], ""raw"": ""9,10""}]",,開放碩班選修,https://course.nuk.edu.tw/QueryCourse/tcontent.asp?OpenYear=107&Helf=2&Sclass=LAD&Cono=K54B,2026-08-26T18:18:27+00:00
107-2-LAD-K556-D-1-,107,2,法學院,LAD,法學院博士班,K556,D,博士班,1,,經濟行政法專題研究(一~四),2,選,1,1,,0,紀振清,L02-301,,,,,,,"1,2, 3,4","[{""day"": 7, ""dayName"": ""星期日"", ""periods"": [""1"", ""2"", ""3"", ""4""], ""raw"": ""1,2, 3,4""}]",外加,1.博碩合開、由教師決定修習必要人選。2.隔週上課。3.公法組選修課程。,https://course.nuk.edu.tw/QueryCourse/tcontent.asp?OpenYear=107&Helf=2&Sclass=LAD&Cono=K556,2026-08-26T18:18:27+00:00
107-2-LAD-K55B-D-1-,107,2,法學院,LAD,法學院博士班,K55B,D,博士班,1,,行政法各論專題研究：行政爭訟法,2,選,20,5,,15,賴恆盈,L02-307,,"12,13",,,,,,"[{""day"": 2, ""dayName"": ""星期二"", ""periods"": [""12"", ""13""], ""raw"": ""12,13""}]",,博碩合開,https://course.nuk.edu.tw/QueryCourse/tcontent.asp?OpenYear=107&Helf=2&Sclass=LAD&Cono=K55B,2026-08-26T18:18:27+00:00
107-2-LAD-K581-D-1-,107,2,法學院,LAD,法學院博士班,K581,D,博士班,1,,法律倫理與經典文學(一),2,選,15,4,,11,張麗卿,L02-305,,,,"6,7",,,,"[{""day"": 4, ""dayName"": ""星期四"", ""periods"": [""6"", ""7""], ""raw"": ""6,7""}]",,博碩合開，開放法學院碩士及碩士在職專班選修,https://course.nuk.edu.tw/QueryCourse/tcontent.asp?OpenYear=107&Helf=2&Sclass=LAD&Cono=K581,2026-08-26T18:18:27+00:00
107-2-LAD-K61B-D-1-,107,2,法學院,LAD,法學院博士班,K61B,D,博士班,1,,比較刑法專題研究（二）,2,選,21,6,,15,張麗卿,L02-305,,,,,"3,4",,,"[{""day"": 5, ""dayName"": ""星期五"", ""periods"": [""3"", ""4""], ""raw"": ""3,4""}]",,1、博士班開課，但允許碩士生選修,https://course.nuk.edu.tw/QueryCourse/tcontent.asp?OpenYear=107&Helf=2&Sclass=LAD&Cono=K61B,2026-08-26T18:18:27+00:00
107-2-LAD-K691-D-1-,107,2,法學院,LAD,法學院博士班,K691,D,博士班,1,,研究方法與論文寫作,2,必,20,4,,16,廖義銘 陳正根 林昭志 張鈺光 楊鈞池 謝國廉 謝開平 曾千娟,L02-305,,"8,9",,,,,,"[{""day"": 2, ""dayName"": ""星期二"", ""periods"": [""8"", ""9""], ""raw"": ""8,9""}]",,,https://course.nuk.edu.tw/QueryCourse/tcontent.asp?OpenYear=107&Helf=2&Sclass=LAD&Cono=K691,2026-08-26T18:18:27+00:00
107-2-LAD-K69A-D-1-,107,2,法學院,LAD,法學院博士班,K69A,D,博士班,1,,商事法專題研究（一）,2,選,20,18,,2,黃清溪,L02-305,,,,,,"5,6, 7,8",,"[{""day"": 6, ""dayName"": ""星期六"", ""periods"": [""5"", ""6"", ""7"", ""8""], ""raw"": ""5,6, 7,8""}]",,"1. 與財法系合班上課。2. 民商法組選修課程。3. 黃清溪教授係旅居日本之日本拓植大學之教授,每月自日本返台授課,每次停留一至二週,故上課時間集中於黃老師返台期間週六下午四小時。欲修習本課程之同學,請斟酌其他課程之排課時間避免衝堂情形,實際上課時間將於開學後公告於系網頁,請選課同學留意.4.碩博合開與法律系碩專合班上課",https://course.nuk.edu.tw/QueryCourse/tcontent.asp?OpenYear=107&Helf=2&Sclass=LAD&Cono=K69A,2026-08-26T18:18:27+00:00
107-2-LAD-K70B-D-1-,107,2,法學院,LAD,法學院博士班,K70B,D,博士班,1,,高階刑法專題研究(一~四）,2,選,2,2,,0,吳俊毅,,,,,,,"5,6",,"[{""day"": 6, ""dayName"": ""星期六"", ""periods"": [""5"", ""6""], ""raw"": ""5,6""}]",外加,指定加選需經授課教師同意。上課教室:法學院627-1。,https://course.nuk.edu.tw/QueryCourse/tcontent.asp?OpenYear=107&Helf=2&Sclass=LAD&Cono=K70B,2026-08-26T18:18:27+00:00
107-2-LAD-K71B-D-1-,107,2,法學院,LAD,法學院博士班,K71B,D,博士班,1,,高階刑事訴訟法專題研究(一~四）,2,選,2,2,,0,吳俊毅,L02-101 其他教室,,,,,,"7,8",,"[{""day"": 6, ""dayName"": ""星期六"", ""periods"": [""7"", ""8""], ""raw"": ""7,8""}]",外加,指定加選需經授課教師同意。上課教室:法學院627-1。,https://course.nuk.edu.tw/QueryCourse/tcontent.asp?OpenYear=107&Helf=2&Sclass=LAD&Cono=K71B,2026-08-26T18:18:27+00:00
107-2-LAD-K72B-D-1-,107,2,法學院,LAD,法學院博士班,K72B,D,博士班,1,,英文法學著作判讀與評論(二),2,選,20,13,,7,林昭志,L02-307,,,,"10,11",,,,"[{""day"": 4, ""dayName"": ""星期四"", ""periods"": [""10"", ""11""], ""raw"": ""10,11""}]",,1.博士班開課，但允許碩士生選修。2.碩士班三組皆可選修課程。3.全英語授課,https://course.nuk.edu.tw/QueryCourse/tcontent.asp?OpenYear=107&Helf=2&Sclass=LAD&Cono=K72B,2026-08-26T18:18:27+00:00
107-2-LAD-K59B-D-2-,107,2,法學院,LAD,法學院博士班,K59B,D,博士班,2,,生物醫學法律專題研究(二),2,選,12,3,,9,陳月端,L02-414,,,,"5,6",,,,"[{""day"": 4, ""dayName"": ""星期四"", ""periods"": [""5"", ""6""], ""raw"": ""5,6""}]",,博碩合班,https://course.nuk.edu.tw/QueryCourse/tcontent.asp?OpenYear=107&Helf=2&Sclass=LAD&Cono=K59B,2026-08-26T18:18:27+00:00
107-2-LAD-K69A-L-1-,107,2,法學院,LAD,法學院博士班,K69A,L,碩士在職專班,1,,商事法專題研究（一）,2,選,20,18,,2,黃清溪,L02-305,,,,,,"5,6, 7,8",,"[{""day"": 6, ""dayName"": ""星期六"", ""periods"": [""5"", ""6"", ""7"", ""8""], ""raw"": ""5,6, 7,8""}]",,1.與財法系合班上課。2.民商法組選修課程。3.黃清溪教授系旅居日本隻日本拓殖大學之教授，每月自日本返台授課，每次停留一至二周，故上課時間集中於黃老師返台期間周六下午四小時。欲休息本課程之同學，請斟酌其他課程之排課時間避免衝堂情形，實際上課時間將於開學後公告於系網頁，請選課同學留意。,https://course.nuk.edu.tw/QueryCourse/tcontent.asp?OpenYear=107&Helf=2&Sclass=LAD&Cono=K69A,2026-08-26T18:18:27+00:00
107-2-LAD-K72B-L-1-,107,2,法學院,LAD,法學院博士班,K72B,L,碩士在職專班,1,,英文法學著作判讀與評論(二),2,選,20,13,,7,林昭志,L02-307,,,,"10,11",,,,"[{""day"": 4, ""dayName"": ""星期四"", ""periods"": [""10"", ""11""], ""raw"": ""10,11""}]",,1.博士班與碩專班合開，2三組皆可選修課程。3.全英語授課,https://course.nuk.edu.tw/QueryCourse/tcontent.asp?OpenYear=107&Helf=2&Sclass=LAD&Cono=K72B,2026-08-26T18:18:27+00:00
107-2-LAD-K507-M-1-,107,2,法學院,LAD,法學院博士班,K507,M,碩士班,1,,法學英文（二）,2,必,20,11,,9,吳行浩,L02-306,,"6,7",,,,,,"[{""day"": 2, ""dayName"": ""星期二"", ""periods"": [""6"", ""7""], ""raw"": ""6,7""}]",,1.全英語授課2.開放本院大學部3-4年級、二年制在職專班2年級以上、碩士班及碩士在職專班學生選修,https://course.nuk.edu.tw/QueryCourse/tcontent.asp?OpenYear=107&Helf=2&Sclass=LAD&Cono=K507,2026-08-26T18:18:27+00:00
107-2-LAD-K512-M-1-,107,2,法學院,LAD,法學院博士班,K512,M,碩士班,1,,國家責任法專題研究,2,選,20,4,,16,張永明,L02-305,,"6,7",,,,,,"[{""day"": 2, ""dayName"": ""星期二"", ""periods"": [""6"", ""7""], ""raw"": ""6,7""}]",,博碩士合開,https://course.nuk.edu.tw/QueryCourse/tcontent.asp?OpenYear=107&Helf=2&Sclass=LAD&Cono=K512,2026-08-26T18:18:27+00:00
107-2-LAD-K581-M-1-,107,2,法學院,LAD,法學院博士班,K581,M,碩士班,1,,法律倫理與經典文學(一),2,選,15,4,,11,張麗卿,L02-305,,,,"6,7",,,,"[{""day"": 4, ""dayName"": ""星期四"", ""periods"": [""6"", ""7""], ""raw"": ""6,7""}]",,博碩合開，開放法學院碩士班及碩士在職專班選修。,https://course.nuk.edu.tw/QueryCourse/tcontent.asp?OpenYear=107&Helf=2&Sclass=LAD&Cono=K581,2026-08-26T18:18:27+00:00
107-2-LAD-K69A-M-1-,107,2,法學院,LAD,法學院博士班,K69A,M,碩士班,1,,商事法專題研究（一）,2,選,20,18,,2,黃清溪,L02-305,,,,,,"5,6, 7,8",,"[{""day"": 6, ""dayName"": ""星期六"", ""periods"": [""5"", ""6"", ""7"", ""8""], ""raw"": ""5,6, 7,8""}]",,"1.博碩合開與法律系碩專合班上課。2.黃清溪教授係旅居日本之日本拓殖大學之教授,每月自日本返台授課,每次停留一至二週,故上課時間集中於黃老師返台期間週六下午四小時。欲修習本課程之同學,請斟酌其他課程之排課時間避免衝堂情形,實際上課時間將於開學後公告於系網頁,請選課同學留意。",https://course.nuk.edu.tw/QueryCourse/tcontent.asp?OpenYear=107&Helf=2&Sclass=LAD&Cono=K69A,2026-08-26T18:18:27+00:00
107-2-LAD-K55B-M-2-,107,2,法學院,LAD,法學院博士班,K55B,M,碩士班,2,,行政法各論專題研究：行政爭訟法,2,必,20,5,,15,賴恆盈,L02-307,,"12,13",,,,,,"[{""day"": 2, ""dayName"": ""星期二"", ""periods"": [""12"", ""13""], ""raw"": ""12,13""}]",,1.公法學群2.本課程與法學院博士班合開,https://course.nuk.edu.tw/QueryCourse/tcontent.asp?OpenYear=107&Helf=2&Sclass=LAD&Cono=K55B,2026-08-26T18:18:27+00:00
107-2-LAD-K59B-M-2-,107,2,法學院,LAD,法學院博士班,K59B,M,碩士班,2,,生物醫學法律專題研究(二),2,選,12,3,,9,陳月端,L02-414,,,,"5,6",,,,"[{""day"": 4, ""dayName"": ""星期四"", ""periods"": [""5"", ""6""], ""raw"": ""5,6""}]",,博碩合開。,https://course.nuk.edu.tw/QueryCourse/tcontent.asp?OpenYear=107&Helf=2&Sclass=LAD&Cono=K59B,2026-08-26T18:18:27+00:00
107-2-AC-A01B-A-1-A,107,2,理學院,AC,應用化學系,A01B,A,大學部,1,A,普通化學(二),3,必,60,52,,8,莊曜遠,C02-104,,"2,3, 4",,,,,,"[{""day"": 2, ""dayName"": ""星期二"", ""periods"": [""2"", ""3"", ""4""], ""raw"": ""2,3, 4""}]",,,https://course.nuk.edu.tw/QueryCourse/tcontent.asp?OpenYear=107&Helf=2&Sclass=AC&Cono=A01B,2026-08-26T18:18:27+00:00
107-2-AC-A022-A-1-A,107,2,理學院,AC,應用化學系,A022,A,大學部,1,A,普通化學實驗(二),1,必,60,41,,19,李頂瑜,C02-203,"2,3, 4",,,,,,,"[{""day"": 1, ""dayName"": ""星期一"", ""periods"": [""2"", ""3"", ""4""], ""raw"": ""2,3, 4""}]",,C02-203,https://course.nuk.edu.tw/QueryCourse/tcontent.asp?OpenYear=107&Helf=2&Sclass=AC&Cono=A022,2026-08-26T18:18:27+00:00
107-2-AC-A05B-A-1-A,107,2,理學院,AC,應用化學系,A05B,A,大學部,1,A,普通物理實驗(二),1,必,60,41,,19,黃建榮,C02-3004,,,,"5,6, 7",,,,"[{""day"": 4, ""dayName"": ""星期四"", ""periods"": [""5"", ""6"", ""7""], ""raw"": ""5,6, 7""}]",,C02-3004,https://course.nuk.edu.tw/QueryCourse/tcontent.asp?OpenYear=107&Helf=2&Sclass=AC&Cono=A05B,2026-08-26T18:18:27+00:00
107-2-AC-A09B-A-1-A,107,2,理學院,AC,應用化學系,A09B,A,大學部,1,A,普通物理(二),3,必,60,47,,13,謝振豪,C02-104,,"5,6, 7",,,,,,"[{""day"": 2, ""dayName"": ""星期二"", ""periods"": [""5"", ""6"", ""7""], ""raw"": ""5,6, 7""}]",,,https://course.nuk.edu.tw/QueryCourse/tcontent.asp?OpenYear=107&Helf=2&Sclass=AC&Cono=A09B,2026-08-26T18:18:27+00:00
107-2-AC-A12B-A-1-A,107,2,理學院,AC,應用化學系,A12B,A,大學部,1,A,微積分(二),3,必,63,63,,0,梁育豪,C02-108,,,"2,3, 4",,,,,"[{""day"": 3, ""dayName"": ""星期三"", ""periods"": [""2"", ""3"", ""4""], ""raw"": ""2,3, 4""}]",外加,上課需有大黑板的教室,https://course.nuk.edu.tw/QueryCourse/tcontent.asp?OpenYear=107&Helf=2&Sclass=AC&Cono=A12B,2026-08-26T18:18:27+00:00
107-2-AC-B11A-A-1-A,107,2,理學院,AC,應用化學系,B11A,A,大學部,1,A,分析化學,3,必,91,62,,29,劉福鯤,C02-105,,,,"2,3, 4",,,,"[{""day"": 4, ""dayName"": ""星期四"", ""periods"": [""2"", ""3"", ""4""], ""raw"": ""2,3, 4""}]",,請安排C02-105教室,https://course.nuk.edu.tw/QueryCourse/tcontent.asp?OpenYear=107&Helf=2&Sclass=AC&Cono=B11A,2026-08-26T18:18:27+00:00
107-2-AC-B01B-A-2-A,107,2,理學院,AC,應用化學系,B01B,A,大學部,2,A,有機化學(二),4,必,90,69,,21,黃榮宗,C02-105,"2,3, 4,5",,,,,,,"[{""day"": 1, ""dayName"": ""星期一"", ""periods"": [""2"", ""3"", ""4"", ""5""], ""raw"": ""2,3, 4,5""}]",,需大黑板(理108/105/407),https://course.nuk.edu.tw/QueryCourse/tcontent.asp?OpenYear=107&Helf=2&Sclass=AC&Cono=B01B,2026-08-26T18:18:27+00:00
107-2-AC-B051-A-2-A,107,2,理學院,AC,應用化學系,B051,A,大學部,2,A,有機化學實驗(二)A,1,必,32,20,,12,郭文章,C02-203,,,,"5,6, 7",,,,"[{""day"": 4, ""dayName"": ""星期四"", ""periods"": [""5"", ""6"", ""7""], ""raw"": ""5,6, 7""}]",,"大二雙號,co2-203",https://course.nuk.edu.tw/QueryCourse/tcontent.asp?OpenYear=107&Helf=2&Sclass=AC&Cono=B051,2026-08-26T18:18:27+00:00
107-2-AC-B052-A-2-A,107,2,理學院,AC,應用化學系,B052,A,大學部,2,A,有機化學實驗(二)B,1,必,30,22,,8,周志明,C02-203,,,,,"5,6, 7",,,"[{""day"": 5, ""dayName"": ""星期五"", ""periods"": [""5"", ""6"", ""7""], ""raw"": ""5,6, 7""}]",,大二單號C02-203,https://course.nuk.edu.tw/QueryCourse/tcontent.asp?OpenYear=107&Helf=2&Sclass=AC&Cono=B052,2026-08-26T18:18:27+00:00
107-2-AC-B072-A-2-A,107,2,理學院,AC,應用化學系,B072,A,大學部,2,A,儀器分析實驗,1,必,60,43,,17,何永皓,,,"5,6, 7",,,,,,"[{""day"": 2, ""dayName"": ""星期二"", ""periods"": [""5"", ""6"", ""7""], ""raw"": ""5,6, 7""}]",,上課教室:C02-206,https://course.nuk.edu.tw/QueryCourse/tcontent.asp?OpenYear=107&Helf=2&Sclass=AC&Cono=B072,2026-08-26T18:18:27+00:00
107-2-AC-B511-A-2-A,107,2,理學院,AC,應用化學系,B511,A,大學部,2,A,奈米科技與應用,3,選,60,43,,17,蔡振章,C02-211,,,"5,6, 7",,,,,"[{""day"": 3, ""dayName"": ""星期三"", ""periods"": [""5"", ""6"", ""7""], ""raw"": ""5,6, 7""}]",學程,"屬先進材料製備學程,請安排211室",https://course.nuk.edu.tw/QueryCourse/tcontent.asp?OpenYear=107&Helf=2&Sclass=AC&Cono=B511,2026-08-26T18:18:27+00:00
107-2-AC-C02A-A-2-A,107,2,理學院,AC,應用化學系,C02A,A,大學部,2,A,物理化學(一),3,必,90,68,,22,陳振興,C02-105,,"2,3, 4",,,,,,"[{""day"": 2, ""dayName"": ""星期二"", ""periods"": [""2"", ""3"", ""4""], ""raw"": ""2,3, 4""}]",,"需大黑板,請安排105教室",https://course.nuk.edu.tw/QueryCourse/tcontent.asp?OpenYear=107&Helf=2&Sclass=AC&Cono=C02A,2026-08-26T18:18:27+00:00
107-2-AC-C01B-A-3-A,107,2,理學院,AC,應用化學系,C01B,A,大學部,3,A,無機化學(二),3,必,80,71,,9,莊琇惠,C02-108,,,,"2,3, 4",,,,"[{""day"": 4, ""dayName"": ""星期四"", ""periods"": [""2"", ""3"", ""4""], ""raw"": ""2,3, 4""}]",先修,需大黑板上課,https://course.nuk.edu.tw/QueryCourse/tcontent.asp?OpenYear=107&Helf=2&Sclass=AC&Cono=C01B,2026-08-26T18:18:27+00:00
107-2-AC-C02C-A-3-A,107,2,理學院,AC,應用化學系,C02C,A,大學部,3,A,物理化學(三),3,必,60,60,,0,鄭秀英,C02-103,"6,7, 8",,,,,,,"[{""day"": 1, ""dayName"": ""星期一"", ""periods"": [""6"", ""7"", ""8""], ""raw"": ""6,7, 8""}]",,,https://course.nuk.edu.tw/QueryCourse/tcontent.asp?OpenYear=107&Helf=2&Sclass=AC&Cono=C02C,2026-08-26T18:18:27+00:00
107-2-AC-C071-A-3-A,107,2,理學院,AC,應用化學系,C071,A,大學部,3,A,書報討論(一)A,1,必,25,25,,0,何永皓,C02-106,,,,"5,6",,,,"[{""day"": 4, ""dayName"": ""星期四"", ""periods"": [""5"", ""6""], ""raw"": ""5,6""}]",,大三單號,https://course.nuk.edu.tw/QueryCourse/tcontent.asp?OpenYear=107&Helf=2&Sclass=AC&Cono=C071,2026-08-26T18:18:27+00:00
107-2-AC-C081-A-3-A,107,2,理學院,AC,應用化學系,C081,A,大學部,3,A,書報討論(一)B,1,必,25,24,,1,周志明,C02-103,,,,"6,7",,,,"[{""day"": 4, ""dayName"": ""星期四"", ""periods"": [""6"", ""7""], ""raw"": ""6,7""}]",,大三雙號,https://course.nuk.edu.tw/QueryCourse/tcontent.asp?OpenYear=107&Helf=2&Sclass=AC&Cono=C081,2026-08-26T18:18:27+00:00
107-2-AC-C10A-A-3-A,107,2,理學院,AC,應用化學系,C10A,A,大學部,3,A,創意化學實驗(A),1,必,30,28,,2,蔡振章,C02-102 其他教室,,,"2,3, 4",,,,,"[{""day"": 3, ""dayName"": ""星期三"", ""periods"": [""2"", ""3"", ""4""], ""raw"": ""2,3, 4""}]",,大三單號/工學院204室及需理院普通教室,https://course.nuk.edu.tw/QueryCourse/tcontent.asp?OpenYear=107&Helf=2&Sclass=AC&Cono=C10A,2026-08-26T18:18:27+00:00
107-2-AC-C10B-A-3-A,107,2,理學院,AC,應用化學系,C10B,A,大學部,3,A,創意化學實驗(B),1,必,30,23,,7,莊曜遠,C02-211 其他教室,,,"2,3, 4",,,,,"[{""day"": 3, ""dayName"": ""星期三"", ""periods"": [""2"", ""3"", ""4""], ""raw"": ""2,3, 4""}]",,大三雙號/工學院204室及需理院普通教室,https://course.nuk.edu.tw/QueryCourse/tcontent.asp?OpenYear=107&Helf=2&Sclass=AC&Cono=C10B,2026-08-26T18:18:27+00:00
107-2-AC-C595-A-3-A,107,2,理學院,AC,應用化學系,C595,A,大學部,3,A,專題研究(二),3,選,30,14,,16,何永皓 劉福鯤 蔡振章,C02-101,,,,"10,11, 12",,,,"[{""day"": 4, ""dayName"": ""星期四"", ""periods"": [""10"", ""11"", ""12""], ""raw"": ""10,11, 12""}]",,,https://course.nuk.edu.tw/QueryCourse/tcontent.asp?OpenYear=107&Helf=2&Sclass=AC&Cono=C595,2026-08-26T18:18:27+00:00
107-2-AC-D70B-A-4-A,107,2,理學院,AC,應用化學系,D70B,A,大學部,4,A,業界實習2,9,選,5,3,,2,蔡振章,C02-108,"10,11",,,,,,,"[{""day"": 1, ""dayName"": ""星期一"", ""periods"": [""10"", ""11""], ""raw"": ""10,11""}]",,指定加簽，總時數應達486小時以上。,https://course.nuk.edu.tw/QueryCourse/tcontent.asp?OpenYear=107&Helf=2&Sclass=AC&Cono=D70B,2026-08-26T18:18:27+00:00
107-2-AC-F512-A-4-A,107,2,理學院,AC,應用化學系,F512,A,大學部,4,A,有機光譜分析與實作,3,選,21,4,,17,黃榮宗,C02-106,,,"2,3, 4",,,,,"[{""day"": 3, ""dayName"": ""星期三"", ""periods"": [""2"", ""3"", ""4""], ""raw"": ""2,3, 4""}]",,"與碩班合開,需大黑板請安排C02-106",https://course.nuk.edu.tw/QueryCourse/tcontent.asp?OpenYear=107&Helf=2&Sclass=AC&Cono=F512,2026-08-26T18:18:27+00:00
107-2-AC-F533-A-4-A,107,2,理學院,AC,應用化學系,F533,A,大學部,4,A,當代有機金屬化學,3,選,60,4,,56,周志明,C02-108,,,,,"2,3, 4",,,"[{""day"": 5, ""dayName"": ""星期五"", ""periods"": [""2"", ""3"", ""4""], ""raw"": ""2,3, 4""}]",限修 學程,與碩班合開課程，限本系大三以上修習。,https://course.nuk.edu.tw/QueryCourse/tcontent.asp?OpenYear=107&Helf=2&Sclass=AC&Cono=F533,2026-08-26T18:18:27+00:00
107-2-AC-F611-A-4-A,107,2,理學院,AC,應用化學系,F611,A,大學部,4,A,無機光譜,3,選,50,17,,33,李頂瑜,C02-211,,"2,3, 4",,,,,,"[{""day"": 2, ""dayName"": ""星期二"", ""periods"": [""2"", ""3"", ""4""], ""raw"": ""2,3, 4""}]",,材料分析學程/與碩班合開,https://course.nuk.edu.tw/QueryCourse/tcontent.asp?OpenYear=107&Helf=2&Sclass=AC&Cono=F611,2026-08-26T18:18:27+00:00
107-2-AC-F641-A-4-A,107,2,理學院,AC,應用化學系,F641,A,大學部,4,A,新合成化學,3,選,30,9,,21,郭文章,C02-108,,"5,6, 7",,,,,,"[{""day"": 2, ""dayName"": ""星期二"", ""periods"": [""5"", ""6"", ""7""], ""raw"": ""5,6, 7""}]",,與碩班合開/隸屬先進材料製備學程,https://course.nuk.edu.tw/QueryCourse/tcontent.asp?OpenYear=107&Helf=2&Sclass=AC&Cono=F641,2026-08-26T18:18:27+00:00
107-2-AC-F661-A-4-A,107,2,理學院,AC,應用化學系,F661,A,大學部,4,A,計算化學,3,選,17,14,,3,莊曜遠,C02-106,,"5,6, 7",,,,,,"[{""day"": 2, ""dayName"": ""星期二"", ""periods"": [""5"", ""6"", ""7""], ""raw"": ""5,6, 7""}]",,與碩班合開,https://course.nuk.edu.tw/QueryCourse/tcontent.asp?OpenYear=107&Helf=2&Sclass=AC&Cono=F661,2026-08-26T18:18:27+00:00
107-2-AC-F671-A-4-A,107,2,理學院,AC,應用化學系,F671,A,大學部,4,A,薄膜製程,3,選,50,46,,4,劉福鯤,C02-103,,"10,11, 12",,,,,,"[{""day"": 2, ""dayName"": ""星期二"", ""periods"": [""10"", ""11"", ""12""], ""raw"": ""10,11, 12""}]",學程,隸屬半導體光電製程學程/與碩班合開,https://course.nuk.edu.tw/QueryCourse/tcontent.asp?OpenYear=107&Helf=2&Sclass=AC&Cono=F671,2026-08-26T18:18:27+00:00
107-2-AC-F692-A-4-A,107,2,理學院,AC,應用化學系,F692,A,大學部,4,A,層析實作與應用,3,選,15,13,,2,劉福鯤,C02-105,,,"2,3, 4",,,,,"[{""day"": 3, ""dayName"": ""星期三"", ""periods"": [""2"", ""3"", ""4""], ""raw"": ""2,3, 4""}]",限修 學程,"與碩班合開,屬材料分析學程",https://course.nuk.edu.tw/QueryCourse/tcontent.asp?OpenYear=107&Helf=2&Sclass=AC&Cono=F692,2026-08-26T18:18:27+00:00
107-2-AC-F731-A-4-A,107,2,理學院,AC,應用化學系,F731,A,大學部,4,A,半導體微影製程概論,3,選,60,39,,21,鄭秀英,C02-103,,,"9,10, 11",,,,,"[{""day"": 3, ""dayName"": ""星期三"", ""periods"": [""9"", ""10"", ""11""], ""raw"": ""9,10, 11""}]",學程,半導體光電製程學程/與碩班合開,https://course.nuk.edu.tw/QueryCourse/tcontent.asp?OpenYear=107&Helf=2&Sclass=AC&Cono=F731,2026-08-26T18:18:27+00:00
107-2-AC-F742-A-4-A,107,2,理學院,AC,應用化學系,F742,A,大學部,4,A,高分子科學概論,3,選,60,11,,49,郭文章,C02-103,,,"5,6, 7",,,,,"[{""day"": 3, ""dayName"": ""星期三"", ""periods"": [""5"", ""6"", ""7""], ""raw"": ""5,6, 7""}]",,大四與碩班合開,https://course.nuk.edu.tw/QueryCourse/tcontent.asp?OpenYear=107&Helf=2&Sclass=AC&Cono=F742,2026-08-26T18:18:27+00:00
107-2-AC-F791-A-4-A,107,2,理學院,AC,應用化學系,F791,A,大學部,4,A,儲能電池技術,3,選,60,23,,37,陳振興,C02-211,"5,6, 7",,,,,,,"[{""day"": 1, ""dayName"": ""星期一"", ""periods"": [""5"", ""6"", ""7""], ""raw"": ""5,6, 7""}]",,"與碩班合開,屬先進材料學程",https://course.nuk.edu.tw/QueryCourse/tcontent.asp?OpenYear=107&Helf=2&Sclass=AC&Cono=F791,2026-08-26T18:18:27+00:00
107-2-AC-F012-M-1-,107,2,理學院,AC,應用化學系,F012,M,碩士班,1,,書報討論(二),1,必,15,14,,1,蔡振章,C02-211,,,,"6,7",,,,"[{""day"": 4, ""dayName"": ""星期四"", ""periods"": [""6"", ""7""], ""raw"": ""6,7""}]",,請安排C02-211教室,https://course.nuk.edu.tw/QueryCourse/tcontent.asp?OpenYear=107&Helf=2&Sclass=AC&Cono=F012,2026-08-26T18:18:27+00:00
107-2-AC-F512-M-1-,107,2,理學院,AC,應用化學系,F512,M,碩士班,1,,有機光譜分析與實作,3,選,21,4,,17,黃榮宗,C02-106,,,"2,3, 4",,,,,"[{""day"": 3, ""dayName"": ""星期三"", ""periods"": [""2"", ""3"", ""4""], ""raw"": ""2,3, 4""}]",,"與大四合開,需大黑板,屬材料分析學程,請安排C02-106教室",https://course.nuk.edu.tw/QueryCourse/tcontent.asp?OpenYear=107&Helf=2&Sclass=AC&Cono=F512,2026-08-26T18:18:27+00:00
107-2-AC-F533-M-1-,107,2,理學院,AC,應用化學系,F533,M,碩士班,1,,當代有機金屬化學,3,選,60,4,,56,周志明,C02-108,,,,,"2,3, 4",,,"[{""day"": 5, ""dayName"": ""星期五"", ""periods"": [""2"", ""3"", ""4""], ""raw"": ""2,3, 4""}]",限修 學程,"與大四合開(限本系大三以上),屬先進材料學程",https://course.nuk.edu.tw/QueryCourse/tcontent.asp?OpenYear=107&Helf=2&Sclass=AC&Cono=F533,2026-08-26T18:18:27+00:00
107-2-AC-F611-M-1-,107,2,理學院,AC,應用化學系,F611,M,碩士班,1,,無機光譜,3,選,50,17,,33,李頂瑜,C02-211,,"2,3, 4",,,,,,"[{""day"": 2, ""dayName"": ""星期二"", ""periods"": [""2"", ""3"", ""4""], ""raw"": ""2,3, 4""}]",,材料分析學程/與大四合開,https://course.nuk.edu.tw/QueryCourse/tcontent.asp?OpenYear=107&Helf=2&Sclass=AC&Cono=F611,2026-08-26T18:18:27+00:00
107-2-AC-F631-M-1-,107,2,理學院,AC,應用化學系,F631,M,碩士班,1,,化學研究(二)A,3,選,5,5,,0,鄭秀英 莊曜遠,,,,,,"10,11, 12",,,"[{""day"": 5, ""dayName"": ""星期五"", ""periods"": [""10"", ""11"", ""12""], ""raw"": ""10,11, 12""}]",,,https://course.nuk.edu.tw/QueryCourse/tcontent.asp?OpenYear=107&Helf=2&Sclass=AC&Cono=F631,2026-08-26T18:18:27+00:00
107-2-AC-F632-M-1-,107,2,理學院,AC,應用化學系,F632,M,碩士班,1,,化學研究(二)B,3,選,4,4,,0,李頂瑜 黃榮宗 郭文章,,,,,,"10,11, 12",,,"[{""day"": 5, ""dayName"": ""星期五"", ""periods"": [""10"", ""11"", ""12""], ""raw"": ""10,11, 12""}]",,,https://course.nuk.edu.tw/QueryCourse/tcontent.asp?OpenYear=107&Helf=2&Sclass=AC&Cono=F632,2026-08-26T18:18:27+00:00
107-2-AC-F633-M-1-,107,2,理學院,AC,應用化學系,F633,M,碩士班,1,,化學研究(二)C,3,選,5,5,,0,周志明 莊琇惠 陳振興,,,,,,"10,11, 12",,,"[{""day"": 5, ""dayName"": ""星期五"", ""periods"": [""10"", ""11"", ""12""], ""raw"": ""10,11, 12""}]",,,https://course.nuk.edu.tw/QueryCourse/tcontent.asp?OpenYear=107&Helf=2&Sclass=AC&Cono=F633,2026-08-26T18:18:27+00:00
107-2-AC-F661-M-1-,107,2,理學院,AC,應用化學系,F661,M,碩士班,1,,計算化學,3,選,17,14,,3,莊曜遠,C02-106,,"5,6, 7",,,,,,"[{""day"": 2, ""dayName"": ""星期二"", ""periods"": [""5"", ""6"", ""7""], ""raw"": ""5,6, 7""}]",,碩班與大四合開,https://course.nuk.edu.tw/QueryCourse/tcontent.asp?OpenYear=107&Helf=2&Sclass=AC&Cono=F661,2026-08-26T18:18:27+00:00
107-2-AC-F671-M-1-,107,2,理學院,AC,應用化學系,F671,M,碩士班,1,,薄膜製程,3,選,50,46,,4,劉福鯤,C02-103,,"10,11, 12",,,,,,"[{""day"": 2, ""dayName"": ""星期二"", ""periods"": [""10"", ""11"", ""12""], ""raw"": ""10,11, 12""}]",學程,隸屬半導體光電製程學程/與大四合開,https://course.nuk.edu.tw/QueryCourse/tcontent.asp?OpenYear=107&Helf=2&Sclass=AC&Cono=F671,2026-08-26T18:18:27+00:00
107-2-AC-F692-M-1-,107,2,理學院,AC,應用化學系,F692,M,碩士班,1,,層析實作與應用,3,選,15,13,,2,劉福鯤,C02-105,,,"2,3, 4",,,,,"[{""day"": 3, ""dayName"": ""星期三"", ""periods"": [""2"", ""3"", ""4""], ""raw"": ""2,3, 4""}]",限修 學程,"碩班與大四合開,屬材料分析學程",https://course.nuk.edu.tw/QueryCourse/tcontent.asp?OpenYear=107&Helf=2&Sclass=AC&Cono=F692,2026-08-26T18:18:27+00:00
107-2-AC-F731-M-1-,107,2,理學院,AC,應用化學系,F731,M,碩士班,1,,半導體微影製程概論,3,選,60,39,,21,鄭秀英,C02-103,,,"9,10, 11",,,,,"[{""day"": 3, ""dayName"": ""星期三"", ""periods"": [""9"", ""10"", ""11""], ""raw"": ""9,10, 11""}]",學程,半導體光電製程學程/與大四合開。,https://course.nuk.edu.tw/QueryCourse/tcontent.asp?OpenYear=107&Helf=2&Sclass=AC&Cono=F731,2026-08-26T18:18:27+00:00
107-2-AC-F742-M-1-,107,2,理學院,AC,應用化學系,F742,M,碩士班,1,,高分子科學概論,3,選,60,11,,49,郭文章,C02-103,,,"5,6, 7",,,,,"[{""day"": 3, ""dayName"": ""星期三"", ""periods"": [""5"", ""6"", ""7""], ""raw"": ""5,6, 7""}]",,與大四合開,https://course.nuk.edu.tw/QueryCourse/tcontent.asp?OpenYear=107&Helf=2&Sclass=AC&Cono=F742,2026-08-26T18:18:27+00:00
107-2-AC-F791-M-1-,107,2,理學院,AC,應用化學系,F791,M,碩士班,1,,儲能電池技術,3,選,60,23,,37,陳振興,C02-211,"5,6, 7",,,,,,,"[{""day"": 1, ""dayName"": ""星期一"", ""periods"": [""5"", ""6"", ""7""], ""raw"": ""5,6, 7""}]",,"碩班與大四合開,屬先進材料學程",https://course.nuk.edu.tw/QueryCourse/tcontent.asp?OpenYear=107&Helf=2&Sclass=AC&Cono=F791,2026-08-26T18:18:27+00:00
107-2-AC-F641-M-2-,107,2,理學院,AC,應用化學系,F641,M,碩士班,2,,新合成化學,3,選,30,9,,21,郭文章,C02-108,,"5,6, 7",,,,,,"[{""day"": 2, ""dayName"": ""星期二"", ""periods"": [""5"", ""6"", ""7""], ""raw"": ""5,6, 7""}]",,與大四合開/隸屬先進材料製備學程,https://course.nuk.edu.tw/QueryCourse/tcontent.asp?OpenYear=107&Helf=2&Sclass=AC&Cono=F641,2026-08-26T18:18:27+00:00
107-2-AM-A01B-A-1-A,107,2,理學院,AM,應用數學系,A01B,A,大學部,1,A,微積分（二）,4,必,90,79,,11,林英杰,C02-406,,"3,4",,"3,4",,,,"[{""day"": 2, ""dayName"": ""星期二"", ""periods"": [""3"", ""4""], ""raw"": ""3,4""}, {""day"": 4, ""dayName"": ""星期四"", ""periods"": [""3"", ""4""], ""raw"": ""3,4""}]",,請安排大教室。,https://course.nuk.edu.tw/QueryCourse/tcontent.asp?OpenYear=107&Helf=2&Sclass=AM&Cono=A01B,2026-08-26T18:18:27+00:00
107-2-AM-A02B-A-1-A,107,2,理學院,AM,應用數學系,A02B,A,大學部,1,A,線性代數（二）,3,必,83,81,,2,曾昱豪,C02-406,,"1,2",3,,,,,"[{""day"": 2, ""dayName"": ""星期二"", ""periods"": [""1"", ""2""], ""raw"": ""1,2""}, {""day"": 3, ""dayName"": ""星期三"", ""periods"": [""3""], ""raw"": ""3""}]",外加,請安排大教室。,https://course.nuk.edu.tw/QueryCourse/tcontent.asp?OpenYear=107&Helf=2&Sclass=AM&Cono=A02B,2026-08-26T18:18:27+00:00
107-2-AM-A03B-A-1-A,107,2,理學院,AM,應用數學系,A03B,A,大學部,1,A,基礎數學（二）,3,必,90,81,,9,張志鴻,C02-407,,"6,7, 8",,,,,,"[{""day"": 2, ""dayName"": ""星期二"", ""periods"": [""6"", ""7"", ""8""], ""raw"": ""6,7, 8""}]",,請安排407大教室。,https://course.nuk.edu.tw/QueryCourse/tcontent.asp?OpenYear=107&Helf=2&Sclass=AM&Cono=A03B,2026-08-26T18:18:27+00:00
107-2-AM-A112-A-1-A,107,2,理學院,AM,應用數學系,A112,A,大學部,1,A,程式設計,3,必,77,77,,0,洪丞輝,C02-B101,,,,,"2,3, 4",,,"[{""day"": 5, ""dayName"": ""星期五"", ""periods"": [""2"", ""3"", ""4""], ""raw"": ""2,3, 4""}]",限修及外加,上課教室:理B101。,https://course.nuk.edu.tw/QueryCourse/tcontent.asp?OpenYear=107&Helf=2&Sclass=AM&Cono=A112,2026-08-26T18:18:27+00:00
107-2-AM-A544-A-1-A,107,2,理學院,AM,應用數學系,A544,A,大學部,1,A,數學實習（二）,1,選,80,70,,10,林英杰,C02-407,,,,"8,9",,,,"[{""day"": 4, ""dayName"": ""星期四"", ""periods"": [""8"", ""9""], ""raw"": ""8,9""}]",,請安排大教室。,https://course.nuk.edu.tw/QueryCourse/tcontent.asp?OpenYear=107&Helf=2&Sclass=AM&Cono=A544,2026-08-26T18:18:27+00:00
107-2-AM-A54B-A-1-A,107,2,理學院,AM,應用數學系,A54B,A,大學部,1,A,普通物理學(二),3,選,60,37,,23,孫士傑,C02-107,"3,4",,2,,,,,"[{""day"": 1, ""dayName"": ""星期一"", ""periods"": [""3"", ""4""], ""raw"": ""3,4""}, {""day"": 3, ""dayName"": ""星期三"", ""periods"": [""2""], ""raw"": ""2""}]",,系必選。,https://course.nuk.edu.tw/QueryCourse/tcontent.asp?OpenYear=107&Helf=2&Sclass=AM&Cono=A54B,2026-08-26T18:18:27+00:00
107-2-AM-B01B-A-2-A,107,2,理學院,AM,應用數學系,B01B,A,大學部,2,A,高等微積分(二),4,必,80,34,,46,施信宏,C02-407,,"3,4",,"3,4",,,,"[{""day"": 2, ""dayName"": ""星期二"", ""periods"": [""3"", ""4""], ""raw"": ""3,4""}, {""day"": 4, ""dayName"": ""星期四"", ""periods"": [""3"", ""4""], ""raw"": ""3,4""}]",,請安排大教室。,https://course.nuk.edu.tw/QueryCourse/tcontent.asp?OpenYear=107&Helf=2&Sclass=AM&Cono=B01B,2026-08-26T18:18:27+00:00
107-2-AM-B02B-A-2-A,107,2,理學院,AM,應用數學系,B02B,A,大學部,2,A,機率與統計(二),3,必,80,62,,18,張志浩,C02-406,,5,"1,2",,,,,"[{""day"": 2, ""dayName"": ""星期二"", ""periods"": [""5""], ""raw"": ""5""}, {""day"": 3, ""dayName"": ""星期三"", ""periods"": [""1"", ""2""], ""raw"": ""1,2""}]",,請安排大教室。,https://course.nuk.edu.tw/QueryCourse/tcontent.asp?OpenYear=107&Helf=2&Sclass=AM&Cono=B02B,2026-08-26T18:18:27+00:00
107-2-AM-B041-A-2-A,107,2,理學院,AM,應用數學系,B041,A,大學部,2,A,代數學(一),3,必,83,74,,9,鄭斯恩,C02-407,"5,6",,4,,,,,"[{""day"": 1, ""dayName"": ""星期一"", ""periods"": [""5"", ""6""], ""raw"": ""5,6""}, {""day"": 3, ""dayName"": ""星期三"", ""periods"": [""4""], ""raw"": ""4""}]",,請安排大教室。,https://course.nuk.edu.tw/QueryCourse/tcontent.asp?OpenYear=107&Helf=2&Sclass=AM&Cono=B041,2026-08-26T18:18:27+00:00
107-2-AM-B10A-A-2-A,107,2,理學院,AM,應用數學系,B10A,A,大學部,2,A,科技法學素養(A),2,必,60,15,,45,余景登,C02-105,,,,,"7,8",,,"[{""day"": 5, ""dayName"": ""星期五"", ""periods"": [""7"", ""8""], ""raw"": ""7,8""}]",,與應物、應化、生科系合開。,https://course.nuk.edu.tw/QueryCourse/tcontent.asp?OpenYear=107&Helf=2&Sclass=AM&Cono=B10A,2026-08-26T18:18:27+00:00
107-2-AM-B10B-A-2-A,107,2,理學院,AM,應用數學系,B10B,A,大學部,2,A,科技法學素養(B),2,必,60,10,,50,吳任偉,C02-108,,"11,12",,,,,,"[{""day"": 2, ""dayName"": ""星期二"", ""periods"": [""11"", ""12""], ""raw"": ""11,12""}]",,與應物、應化、生科系合開。,https://course.nuk.edu.tw/QueryCourse/tcontent.asp?OpenYear=107&Helf=2&Sclass=AM&Cono=B10B,2026-08-26T18:18:27+00:00
107-2-AM-B50B-A-2-A,107,2,理學院,AM,應用數學系,B50B,A,大學部,2,A,數學實習(四),1,選,60,25,,35,施信宏,C02-102,"3,4",,,,,,,"[{""day"": 1, ""dayName"": ""星期一"", ""periods"": [""3"", ""4""], ""raw"": ""3,4""}]",,,https://course.nuk.edu.tw/QueryCourse/tcontent.asp?OpenYear=107&Helf=2&Sclass=AM&Cono=B50B,2026-08-26T18:18:27+00:00
107-2-AM-B541-A-2-A,107,2,理學院,AM,應用數學系,B541,A,大學部,2,A,微分方程(二),3,選,60,28,,32,劉青松,C02-107,2,,,"5,6",,,,"[{""day"": 1, ""dayName"": ""星期一"", ""periods"": [""2""], ""raw"": ""2""}, {""day"": 4, ""dayName"": ""星期四"", ""periods"": [""5"", ""6""], ""raw"": ""5,6""}]",,,https://course.nuk.edu.tw/QueryCourse/tcontent.asp?OpenYear=107&Helf=2&Sclass=AM&Cono=B541,2026-08-26T18:18:27+00:00
107-2-AM-C514-A-3-A,107,2,理學院,AM,應用數學系,C514,A,大學部,3,A,基礎個體經濟學,3,選,35,30,,5,蔡佳妤,M01-202,,,,"2,3, 4",,,,"[{""day"": 4, ""dayName"": ""星期四"", ""periods"": [""2"", ""3"", ""4""], ""raw"": ""2,3, 4""}]",,,https://course.nuk.edu.tw/QueryCourse/tcontent.asp?OpenYear=107&Helf=2&Sclass=AM&Cono=C514,2026-08-26T18:18:27+00:00
107-2-AM-C516-A-3-A,107,2,理學院,AM,應用數學系,C516,A,大學部,3,A,基礎圖論,3,選,60,18,,42,張惠蘭,C02-450,"8,9",9,,,,,,"[{""day"": 1, ""dayName"": ""星期一"", ""periods"": [""8"", ""9""], ""raw"": ""8,9""}, {""day"": 2, ""dayName"": ""星期二"", ""periods"": [""9""], ""raw"": ""9""}]",,,https://course.nuk.edu.tw/QueryCourse/tcontent.asp?OpenYear=107&Helf=2&Sclass=AM&Cono=C516,2026-08-26T18:18:27+00:00
107-2-AM-C541-A-3-A,107,2,理學院,AM,應用數學系,C541,A,大學部,3,A,組合數學(二),3,選,60,4,,56,張惠蘭,C02-408,"5,6",,3,,,,,"[{""day"": 1, ""dayName"": ""星期一"", ""periods"": [""5"", ""6""], ""raw"": ""5,6""}, {""day"": 3, ""dayName"": ""星期三"", ""periods"": [""3""], ""raw"": ""3""}]",,,https://course.nuk.edu.tw/QueryCourse/tcontent.asp?OpenYear=107&Helf=2&Sclass=AM&Cono=C541,2026-08-26T18:18:27+00:00
107-2-AM-C551-A-3-A,107,2,理學院,AM,應用數學系,C551,A,大學部,3,A,數理統計(二),3,選,40,20,,20,黃士峰,C02-408,,"1,2",,1,,,,"[{""day"": 2, ""dayName"": ""星期二"", ""periods"": [""1"", ""2""], ""raw"": ""1,2""}, {""day"": 4, ""dayName"": ""星期四"", ""periods"": [""1""], ""raw"": ""1""}]",,上課教室:理408室。,https://course.nuk.edu.tw/QueryCourse/tcontent.asp?OpenYear=107&Helf=2&Sclass=AM&Cono=C551,2026-08-26T18:18:27+00:00
107-2-AM-C560-A-3-A,107,2,理學院,AM,應用數學系,C560,A,大學部,3,A,複變函數論,3,選,60,30,,30,林英杰,C02-406,"2,3, 4",,,,,,,"[{""day"": 1, ""dayName"": ""星期一"", ""periods"": [""2"", ""3"", ""4""], ""raw"": ""2,3, 4""}]",,,https://course.nuk.edu.tw/QueryCourse/tcontent.asp?OpenYear=107&Helf=2&Sclass=AM&Cono=C560,2026-08-26T18:18:27+00:00
107-2-AM-C663-A-3-A,107,2,理學院,AM,應用數學系,C663,A,大學部,3,A,數學與藝術(二),3,選,40,28,,12,鄭斯恩,C02-408,"2,3, 4",,,,,,,"[{""day"": 1, ""dayName"": ""星期一"", ""periods"": [""2"", ""3"", ""4""], ""raw"": ""2,3, 4""}]",,上課教室:理408室。,https://course.nuk.edu.tw/QueryCourse/tcontent.asp?OpenYear=107&Helf=2&Sclass=AM&Cono=C663,2026-08-26T18:18:27+00:00
107-2-AM-C701-A-3-A,107,2,理學院,AM,應用數學系,C701,A,大學部,3,A,專題實作(一),3,選,40,12,,28,梁育豪,C02-408,,,"8,9, 10",,,,,"[{""day"": 3, ""dayName"": ""星期三"", ""periods"": [""8"", ""9"", ""10""], ""raw"": ""8,9, 10""}]",,上課教室:理408室。,https://course.nuk.edu.tw/QueryCourse/tcontent.asp?OpenYear=107&Helf=2&Sclass=AM&Cono=C701,2026-08-26T18:18:27+00:00
107-2-AM-D573-A-3-A,107,2,理學院,AM,應用數學系,D573,A,大學部,3,A,財務數學,3,選,60,11,,49,俞淑惠,C02-108,,3,"5,6",,,,,"[{""day"": 2, ""dayName"": ""星期二"", ""periods"": [""3""], ""raw"": ""3""}, {""day"": 3, ""dayName"": ""星期三"", ""periods"": [""5"", ""6""], ""raw"": ""5,6""}]",,,https://course.nuk.edu.tw/QueryCourse/tcontent.asp?OpenYear=107&Helf=2&Sclass=AM&Cono=D573,2026-08-26T18:18:27+00:00
107-2-AM-D74B-A-3-A,107,2,理學院,AM,應用數學系,D74B,A,大學部,3,A,矩陣理論（二）,3,選,40,18,,22,郭岳承,C02-408,,,,2,"6,7",,,"[{""day"": 4, ""dayName"": ""星期四"", ""periods"": [""2""], ""raw"": ""2""}, {""day"": 5, ""dayName"": ""星期五"", ""periods"": [""6"", ""7""], ""raw"": ""6,7""}]",,上課教室:理408室。,https://course.nuk.edu.tw/QueryCourse/tcontent.asp?OpenYear=107&Helf=2&Sclass=AM&Cono=D74B,2026-08-26T18:18:27+00:00
107-2-AM-F512-A-4-A,107,2,理學院,AM,應用數學系,F512,A,大學部,4,A,矩陣計算(二),3,選,20,7,,13,劉青松,C02-450,"5,6, 7",,,,,,,"[{""day"": 1, ""dayName"": ""星期一"", ""periods"": [""5"", ""6"", ""7""], ""raw"": ""5,6, 7""}]",學程,大四、碩班合開；上課教室:理450室。,https://course.nuk.edu.tw/QueryCourse/tcontent.asp?OpenYear=107&Helf=2&Sclass=AM&Cono=F512,2026-08-26T18:18:27+00:00
107-2-AM-F521-A-4-A,107,2,理學院,AM,應用數學系,F521,A,大學部,4,A,科學計算導論,3,選,20,9,,11,曾昱豪,C02-450,,"5,6, 7",,,,,,"[{""day"": 2, ""dayName"": ""星期二"", ""periods"": [""5"", ""6"", ""7""], ""raw"": ""5,6, 7""}]",,大四、碩班合開；上課教室：理450室。,https://course.nuk.edu.tw/QueryCourse/tcontent.asp?OpenYear=107&Helf=2&Sclass=AM&Cono=F521,2026-08-26T18:18:27+00:00
107-2-AM-F523-A-4-A,107,2,理學院,AM,應用數學系,F523,A,大學部,4,A,資料科學實務,3,選,30,7,,23,黃士峰 劉青松 許湘伶,C02-408,9,,,"8,9",,,,"[{""day"": 1, ""dayName"": ""星期一"", ""periods"": [""9""], ""raw"": ""9""}, {""day"": 4, ""dayName"": ""星期四"", ""periods"": [""8"", ""9""], ""raw"": ""8,9""}]",先修 學程,大四、碩班、統計所合開。上課教室:理408室。,https://course.nuk.edu.tw/QueryCourse/tcontent.asp?OpenYear=107&Helf=2&Sclass=AM&Cono=F523,2026-08-26T18:18:27+00:00
107-2-AM-F632-A-4-A,107,2,理學院,AM,應用數學系,F632,A,大學部,4,A,遍歷理論,3,選,26,26,,0,張志鴻,C02-408,,,,"5,6, 7",,,,"[{""day"": 4, ""dayName"": ""星期四"", ""periods"": [""5"", ""6"", ""7""], ""raw"": ""5,6, 7""}]",,大四、碩班合開；上課教室：理452室。,https://course.nuk.edu.tw/QueryCourse/tcontent.asp?OpenYear=107&Helf=2&Sclass=AM&Cono=F632,2026-08-26T18:18:27+00:00
107-2-AM-F641-A-4-A,107,2,理學院,AM,應用數學系,F641,A,大學部,4,A,生物數學,3,選,20,6,,14,陳晴玉,C02-452,,,"2,3, 4",,,,,"[{""day"": 3, ""dayName"": ""星期三"", ""periods"": [""2"", ""3"", ""4""], ""raw"": ""2,3, 4""}]",,大四、碩班合開；上課教室：理452室,https://course.nuk.edu.tw/QueryCourse/tcontent.asp?OpenYear=107&Helf=2&Sclass=AM&Cono=F641,2026-08-26T18:18:27+00:00
107-2-AM-F712-A-4-A,107,2,理學院,AM,應用數學系,F712,A,大學部,4,A,非線性優化,3,選,20,5,,15,郭岳承,C02-450,,,,"5,6, 7",,,,"[{""day"": 4, ""dayName"": ""星期四"", ""periods"": [""5"", ""6"", ""7""], ""raw"": ""5,6, 7""}]",學程,大四、碩班合開；上課教室：450室。,https://course.nuk.edu.tw/QueryCourse/tcontent.asp?OpenYear=107&Helf=2&Sclass=AM&Cono=F712,2026-08-26T18:18:27+00:00
107-2-AM-F900-A-4-A,107,2,理學院,AM,應用數學系,F900,A,大學部,4,A,企業實習,3,選,40,2,,38,黃士峰,C02-408,"10,11, 12",,,,,,,"[{""day"": 1, ""dayName"": ""星期一"", ""periods"": [""10"", ""11"", ""12""], ""raw"": ""10,11, 12""}]",,大四、碩班合開；上課教室：理408室。,https://course.nuk.edu.tw/QueryCourse/tcontent.asp?OpenYear=107&Helf=2&Sclass=AM&Cono=F900,2026-08-26T18:18:27+00:00
107-2-AM-K60C-D-1-,107,2,理學院,AM,應用數學系,K60C,D,博士班,1,,動態系統專題(一),3,選,20,3,,17,梁育豪,C02-452,,,,"9,10, 11",,,,"[{""day"": 4, ""dayName"": ""星期四"", ""periods"": [""9"", ""10"", ""11""], ""raw"": ""9,10, 11""}]",,碩、博士班合開；上課教室：理452室。,https://course.nuk.edu.tw/QueryCourse/tcontent.asp?OpenYear=107&Helf=2&Sclass=AM&Cono=K60C,2026-08-26T18:18:27+00:00
107-2-AM-K631-D-1-,107,2,理學院,AM,應用數學系,K631,D,博士班,1,,廣義函數論,3,選,20,3,,17,李育嘉,C02-452,,,,,"2,3, 4",,,"[{""day"": 5, ""dayName"": ""星期五"", ""periods"": [""2"", ""3"", ""4""], ""raw"": ""2,3, 4""}]",,碩、博士班合開；上課教室：理452室。,https://course.nuk.edu.tw/QueryCourse/tcontent.asp?OpenYear=107&Helf=2&Sclass=AM&Cono=K631,2026-08-26T18:18:27+00:00
107-2-AM-K681-D-1-,107,2,理學院,AM,應用數學系,K681,D,博士班,1,,機器學習,3,選,20,4,,16,張志鴻,C02-452,,,,"1,3, 4",,,,"[{""day"": 4, ""dayName"": ""星期四"", ""periods"": [""1"", ""3"", ""4""], ""raw"": ""1,3, 4""}]",,碩、博士班合開；上課教室：理452室。,https://course.nuk.edu.tw/QueryCourse/tcontent.asp?OpenYear=107&Helf=2&Sclass=AM&Cono=K681,2026-08-26T18:18:27+00:00
107-2-AM-K691-D-1-,107,2,理學院,AM,應用數學系,K691,D,博士班,1,,漸近理論與擾動方法專題,3,選,20,1,,19,陳晴玉,C02-450,,,,,"6,7, 8",,,"[{""day"": 5, ""dayName"": ""星期五"", ""periods"": [""6"", ""7"", ""8""], ""raw"": ""6,7, 8""}]",,碩、博士班合開；上課教室：理450室,https://course.nuk.edu.tw/QueryCourse/tcontent.asp?OpenYear=107&Helf=2&Sclass=AM&Cono=K691,2026-08-26T18:18:27+00:00
107-2-AM-K692-D-1-,107,2,理學院,AM,應用數學系,K692,D,博士班,1,,漸近理論與擾動方法,3,選,20,2,,18,陳晴玉,C02-450,,,,,"2,3, 4",,,"[{""day"": 5, ""dayName"": ""星期五"", ""periods"": [""2"", ""3"", ""4""], ""raw"": ""2,3, 4""}]",,碩、博士班合開。上課教室:理450室。,https://course.nuk.edu.tw/QueryCourse/tcontent.asp?OpenYear=107&Helf=2&Sclass=AM&Cono=K692,2026-08-26T18:18:27+00:00
107-2-AM-F012-M-1-,107,2,理學院,AM,應用數學系,F012,M,碩士班,1,,書報討論(二),1,必,20,3,,17,曾昱豪,C02-408,,,"6,7",,,,,"[{""day"": 3, ""dayName"": ""星期三"", ""periods"": [""6"", ""7""], ""raw"": ""6,7""}]",,上課教室：理408室,https://course.nuk.edu.tw/QueryCourse/tcontent.asp?OpenYear=107&Helf=2&Sclass=AM&Cono=F012,2026-08-26T18:18:27+00:00
107-2-AM-F512-M-1-,107,2,理學院,AM,應用數學系,F512,M,碩士班,1,,矩陣計算(二),3,選,20,7,,13,劉青松,C02-450,"5,6, 7",,,,,,,"[{""day"": 1, ""dayName"": ""星期一"", ""periods"": [""5"", ""6"", ""7""], ""raw"": ""5,6, 7""}]",學程,大四、碩班合開；上課教室：理450室,https://course.nuk.edu.tw/QueryCourse/tcontent.asp?OpenYear=107&Helf=2&Sclass=AM&Cono=F512,2026-08-26T18:18:27+00:00
107-2-AM-F521-M-1-,107,2,理學院,AM,應用數學系,F521,M,碩士班,1,,科學計算導論,3,選,20,9,,11,曾昱豪,C02-450,,"5,6, 7",,,,,,"[{""day"": 2, ""dayName"": ""星期二"", ""periods"": [""5"", ""6"", ""7""], ""raw"": ""5,6, 7""}]",,大四、碩班合開，上課教室：理450室。,https://course.nuk.edu.tw/QueryCourse/tcontent.asp?OpenYear=107&Helf=2&Sclass=AM&Cono=F521,2026-08-26T18:18:27+00:00
107-2-AM-F523-M-1-,107,2,理學院,AM,應用數學系,F523,M,碩士班,1,,資料科學實務,3,選,30,7,,23,黃士峰 劉青松 許湘伶,C02-408,9,,,"8,9",,,,"[{""day"": 1, ""dayName"": ""星期一"", ""periods"": [""9""], ""raw"": ""9""}, {""day"": 4, ""dayName"": ""星期四"", ""periods"": [""8"", ""9""], ""raw"": ""8,9""}]",先修 學程,大四、碩班、統計所合開；上課教室：理408室。,https://course.nuk.edu.tw/QueryCourse/tcontent.asp?OpenYear=107&Helf=2&Sclass=AM&Cono=F523,2026-08-26T18:18:27+00:00
107-2-AM-F632-M-1-,107,2,理學院,AM,應用數學系,F632,M,碩士班,1,,遍歷理論,3,選,26,26,,0,張志鴻,C02-408,,,,"5,6, 7",,,,"[{""day"": 4, ""dayName"": ""星期四"", ""periods"": [""5"", ""6"", ""7""], ""raw"": ""5,6, 7""}]",,大四、碩班合開；,https://course.nuk.edu.tw/QueryCourse/tcontent.asp?OpenYear=107&Helf=2&Sclass=AM&Cono=F632,2026-08-26T18:18:27+00:00
107-2-AM-F641-M-1-,107,2,理學院,AM,應用數學系,F641,M,碩士班,1,,生物數學,3,選,20,6,,14,陳晴玉,C02-452,,,"2,3, 4",,,,,"[{""day"": 3, ""dayName"": ""星期三"", ""periods"": [""2"", ""3"", ""4""], ""raw"": ""2,3, 4""}]",,大四、碩班合開；上課教室：理452室,https://course.nuk.edu.tw/QueryCourse/tcontent.asp?OpenYear=107&Helf=2&Sclass=AM&Cono=F641,2026-08-26T18:18:27+00:00
107-2-AM-F712-M-1-,107,2,理學院,AM,應用數學系,F712,M,碩士班,1,,非線性優化,3,選,20,5,,15,郭岳承,C02-450,,,,"5,6, 7",,,,"[{""day"": 4, ""dayName"": ""星期四"", ""periods"": [""5"", ""6"", ""7""], ""raw"": ""5,6, 7""}]",學程,大四、碩班合開；上課教室:理450室。,https://course.nuk.edu.tw/QueryCourse/tcontent.asp?OpenYear=107&Helf=2&Sclass=AM&Cono=F712,2026-08-26T18:18:27+00:00
107-2-AM-F713-M-1-,107,2,理學院,AM,應用數學系,F713,M,碩士班,1,,非線性特徵值問題專題,3,選,10,1,,9,劉青松,C02-450,,,"8,9, 10",,,,,"[{""day"": 3, ""dayName"": ""星期三"", ""periods"": [""8"", ""9"", ""10""], ""raw"": ""8,9, 10""}]",,上課教室:理450,https://course.nuk.edu.tw/QueryCourse/tcontent.asp?OpenYear=107&Helf=2&Sclass=AM&Cono=F713,2026-08-26T18:18:27+00:00
107-2-AM-F900-M-1-,107,2,理學院,AM,應用數學系,F900,M,碩士班,1,,企業實習,3,選,40,2,,38,黃士峰,C02-408,"10,11, 12",,,,,,,"[{""day"": 1, ""dayName"": ""星期一"", ""periods"": [""10"", ""11"", ""12""], ""raw"": ""10,11, 12""}]",,大四、碩班；上課教室:理408室。,https://course.nuk.edu.tw/QueryCourse/tcontent.asp?OpenYear=107&Helf=2&Sclass=AM&Cono=F900,2026-08-26T18:18:27+00:00
107-2-AM-K60C-M-1-,107,2,理學院,AM,應用數學系,K60C,M,碩士班,1,,動態系統專題(一),3,選,20,3,,17,梁育豪,C02-452,,,,"9,10, 11",,,,"[{""day"": 4, ""dayName"": ""星期四"", ""periods"": [""9"", ""10"", ""11""], ""raw"": ""9,10, 11""}]",,碩、博士班合開；上課教室:理452室。,https://course.nuk.edu.tw/QueryCourse/tcontent.asp?OpenYear=107&Helf=2&Sclass=AM&Cono=K60C,2026-08-26T18:18:27+00:00
107-2-AM-K631-M-1-,107,2,理學院,AM,應用數學系,K631,M,碩士班,1,,廣義函數論,3,選,20,3,,17,李育嘉,C02-452,,,,,"2,3, 4",,,"[{""day"": 5, ""dayName"": ""星期五"", ""periods"": [""2"", ""3"", ""4""], ""raw"": ""2,3, 4""}]",,碩、博士班合開；上課教室:理452室；授課教師：李育嘉教授。,https://course.nuk.edu.tw/QueryCourse/tcontent.asp?OpenYear=107&Helf=2&Sclass=AM&Cono=K631,2026-08-26T18:18:27+00:00
107-2-AM-K681-M-1-,107,2,理學院,AM,應用數學系,K681,M,碩士班,1,,機器學習,3,選,20,4,,16,張志鴻,C02-452,,,,"1,3, 4",,,,"[{""day"": 4, ""dayName"": ""星期四"", ""periods"": [""1"", ""3"", ""4""], ""raw"": ""1,3, 4""}]",,碩、博士班合開；上課教室：理452室。,https://course.nuk.edu.tw/QueryCourse/tcontent.asp?OpenYear=107&Helf=2&Sclass=AM&Cono=K681,2026-08-26T18:18:27+00:00
107-2-AM-K691-M-1-,107,2,理學院,AM,應用數學系,K691,M,碩士班,1,,漸近理論與擾動方法專題,3,選,20,1,,19,陳晴玉,C02-450,,,,,"6,7, 8",,,"[{""day"": 5, ""dayName"": ""星期五"", ""periods"": [""6"", ""7"", ""8""], ""raw"": ""6,7, 8""}]",,碩、博士班合開；上課教室：理450室,https://course.nuk.edu.tw/QueryCourse/tcontent.asp?OpenYear=107&Helf=2&Sclass=AM&Cono=K691,2026-08-26T18:18:27+00:00
107-2-AM-K692-M-1-,107,2,理學院,AM,應用數學系,K692,M,碩士班,1,,漸近理論與擾動方法,3,選,20,2,,18,陳晴玉,C02-450,,,,,"2,3, 4",,,"[{""day"": 5, ""dayName"": ""星期五"", ""periods"": [""2"", ""3"", ""4""], ""raw"": ""2,3, 4""}]",,碩、博士班合開；上課教室：理450室。,https://course.nuk.edu.tw/QueryCourse/tcontent.asp?OpenYear=107&Helf=2&Sclass=AM&Cono=K692,2026-08-26T18:18:27+00:00
107-2-AM-F523-M-2-,107,2,理學院,AM,應用數學系,F523,M,碩士班,2,,資料科學實務,3,選,30,7,,23,黃士峰 劉青松 許湘伶,C02-408,9,,,"8,9",,,,"[{""day"": 1, ""dayName"": ""星期一"", ""periods"": [""9""], ""raw"": ""9""}, {""day"": 4, ""dayName"": ""星期四"", ""periods"": [""8"", ""9""], ""raw"": ""8,9""}]",先修 學程,與應用數學系大四、碩士班合開。,https://course.nuk.edu.tw/QueryCourse/tcontent.asp?OpenYear=107&Helf=2&Sclass=AM&Cono=F523,2026-08-26T18:18:27+00:00
107-2-AP-A01B-A-1-A,107,2,理學院,AP,應用物理學系,A01B,A,大學部,1,A,微積分(二),3,必,70,70,,0,梁育豪,C02-107,,"2,3, 4",,,,,,"[{""day"": 2, ""dayName"": ""星期二"", ""periods"": [""2"", ""3"", ""4""], ""raw"": ""2,3, 4""}]",外加,,https://course.nuk.edu.tw/QueryCourse/tcontent.asp?OpenYear=107&Helf=2&Sclass=AP&Cono=A01B,2026-08-26T18:18:27+00:00
107-2-AP-A03B-A-1-A,107,2,理學院,AP,應用物理學系,A03B,A,大學部,1,A,普通物理學（二）,3,必,75,75,,0,廖英彥,C02-111,,"5,6, 7",,,,,,"[{""day"": 2, ""dayName"": ""星期二"", ""periods"": [""5"", ""6"", ""7""], ""raw"": ""5,6, 7""}]",外加 學程,,https://course.nuk.edu.tw/QueryCourse/tcontent.asp?OpenYear=107&Helf=2&Sclass=AP&Cono=A03B,2026-08-26T18:18:27+00:00
107-2-AP-A041-A-1-A,107,2,理學院,AP,應用物理學系,A041,A,大學部,1,A,普通物理實驗(二)A,1,必,31,24,,7,廖英彥,C02-3004,,,,,"2,3, 4",,,"[{""day"": 5, ""dayName"": ""星期五"", ""periods"": [""2"", ""3"", ""4""], ""raw"": ""2,3, 4""}]",,限本系雙號學生選課,https://course.nuk.edu.tw/QueryCourse/tcontent.asp?OpenYear=107&Helf=2&Sclass=AP&Cono=A041,2026-08-26T18:18:27+00:00
107-2-AP-A042-A-1-A,107,2,理學院,AP,應用物理學系,A042,A,大學部,1,A,普通物理實驗(二)B,1,必,30,27,,3,廖英彥,C02-3004,,,,,"5,6, 7",,,"[{""day"": 5, ""dayName"": ""星期五"", ""periods"": [""5"", ""6"", ""7""], ""raw"": ""5,6, 7""}]",,限本系單號學生選課,https://course.nuk.edu.tw/QueryCourse/tcontent.asp?OpenYear=107&Helf=2&Sclass=AP&Cono=A042,2026-08-26T18:18:27+00:00
107-2-AP-A05B-A-1-A,107,2,理學院,AP,應用物理學系,A05B,A,大學部,1,A,普通化學（二）,3,必,70,68,,2,周志明,C02-107,,,,"2,3, 4",,,,"[{""day"": 4, ""dayName"": ""星期四"", ""periods"": [""2"", ""3"", ""4""], ""raw"": ""2,3, 4""}]",,,https://course.nuk.edu.tw/QueryCourse/tcontent.asp?OpenYear=107&Helf=2&Sclass=AP&Cono=A05B,2026-08-26T18:18:27+00:00
107-2-AP-A06B-A-1-A,107,2,理學院,AP,應用物理學系,A06B,A,大學部,1,A,普通化學實驗(二),1,必,50,50,,0,莊琇惠,C02-203,,,"2,3, 4",,,,,"[{""day"": 3, ""dayName"": ""星期三"", ""periods"": [""2"", ""3"", ""4""], ""raw"": ""2,3, 4""}]",,,https://course.nuk.edu.tw/QueryCourse/tcontent.asp?OpenYear=107&Helf=2&Sclass=AP&Cono=A06B,2026-08-26T18:18:27+00:00
107-2-AP-A161-A-1-A,107,2,理學院,AP,應用物理學系,A161,A,大學部,1,A,工程數學(一),3,必,60,58,,2,邱昭文,C02-104,"2,3, 4",,,,,,,"[{""day"": 1, ""dayName"": ""星期一"", ""periods"": [""2"", ""3"", ""4""], ""raw"": ""2,3, 4""}]",,,https://course.nuk.edu.tw/QueryCourse/tcontent.asp?OpenYear=107&Helf=2&Sclass=AP&Cono=A161,2026-08-26T18:18:27+00:00
107-2-AP-F691-A-1-A,107,2,理學院,AP,應用物理學系,F691,A,大學部,1,A,綠色能源,3,選,60,40,,20,蔡進譯,C02-108,"2,3, 4",,,,,,,"[{""day"": 1, ""dayName"": ""星期一"", ""periods"": [""2"", ""3"", ""4""], ""raw"": ""2,3, 4""}]",,本課程與本系碩一合開。,https://course.nuk.edu.tw/QueryCourse/tcontent.asp?OpenYear=107&Helf=2&Sclass=AP&Cono=F691,2026-08-26T18:18:27+00:00
107-2-AP-B03B-A-2-A,107,2,理學院,AP,應用物理學系,B03B,A,大學部,2,A,電磁學(二),3,必,61,51,,10,余進忠,C02-30022,"2,3, 4",,,,,,,"[{""day"": 1, ""dayName"": ""星期一"", ""periods"": [""2"", ""3"", ""4""], ""raw"": ""2,3, 4""}]",,,https://course.nuk.edu.tw/QueryCourse/tcontent.asp?OpenYear=107&Helf=2&Sclass=AP&Cono=B03B,2026-08-26T18:18:27+00:00
107-2-AP-B051-A-2-A,107,2,理學院,AP,應用物理學系,B051,A,大學部,2,A,近代物理實驗,2,必,60,46,,14,孫士傑,C02-3005,,,,"2,3, 4",,,,"[{""day"": 4, ""dayName"": ""星期四"", ""periods"": [""2"", ""3"", ""4""], ""raw"": ""2,3, 4""}]",,,https://course.nuk.edu.tw/QueryCourse/tcontent.asp?OpenYear=107&Helf=2&Sclass=AP&Cono=B051,2026-08-26T18:18:27+00:00
107-2-AP-B061-A-2-A,107,2,理學院,AP,應用物理學系,B061,A,大學部,2,A,近代物理導論,3,選,60,51,,9,廖英彥,C02-104,,,"2,3, 4",,,,,"[{""day"": 3, ""dayName"": ""星期三"", ""periods"": [""2"", ""3"", ""4""], ""raw"": ""2,3, 4""}]",,本課程已改為『必選』，請100級(含)以後本系的學生一定要選修本課程，以免影響畢業資格。,https://course.nuk.edu.tw/QueryCourse/tcontent.asp?OpenYear=107&Helf=2&Sclass=AP&Cono=B061,2026-08-26T18:18:27+00:00
107-2-AP-B101-A-2-A,107,2,理學院,AP,應用物理學系,B101,A,大學部,2,A,物理數學,3,選,60,57,,3,胡裕民,C02-107,,,,,"2,3, 4",,,"[{""day"": 5, ""dayName"": ""星期五"", ""periods"": [""2"", ""3"", ""4""], ""raw"": ""2,3, 4""}]",,本課程已改為『必選』，請105級(含)以後本系的學生一定要選修本課程，以免影響畢業資格。,https://course.nuk.edu.tw/QueryCourse/tcontent.asp?OpenYear=107&Helf=2&Sclass=AP&Cono=B101,2026-08-26T18:18:27+00:00
107-2-AP-B53B-A-2-A,107,2,理學院,AP,應用物理學系,B53B,A,大學部,2,A,電路學(二),3,選,60,48,,12,韓相宜,C02-107,"5,6, 7",,,,,,,"[{""day"": 1, ""dayName"": ""星期一"", ""periods"": [""5"", ""6"", ""7""], ""raw"": ""5,6, 7""}]",,本課程已改為『必選』，請105學年度(含) 以後本系的學生一定要選修本課程，以免影響畢業資格。,https://course.nuk.edu.tw/QueryCourse/tcontent.asp?OpenYear=107&Helf=2&Sclass=AP&Cono=B53B,2026-08-26T18:18:27+00:00
107-2-AP-B58B-A-2-A,107,2,理學院,AP,應用物理學系,B58B,A,大學部,2,A,理論力學(二),3,選,60,44,,16,邱昭文,C02-107,,"5,6, 7",,,,,,"[{""day"": 2, ""dayName"": ""星期二"", ""periods"": [""5"", ""6"", ""7""], ""raw"": ""5,6, 7""}]",,,https://course.nuk.edu.tw/QueryCourse/tcontent.asp?OpenYear=107&Helf=2&Sclass=AP&Cono=B58B,2026-08-26T18:18:27+00:00
107-2-AP-B611-A-2-A,107,2,理學院,AP,應用物理學系,B611,A,大學部,2,A,感測器與智慧生活,3,選,60,11,,49,余進忠,C02-101 其他教室,,,"5,6, 7",,,,,"[{""day"": 3, ""dayName"": ""星期三"", ""periods"": [""5"", ""6"", ""7""], ""raw"": ""5,6, 7""}]",學程,上課教室C02-508-1,https://course.nuk.edu.tw/QueryCourse/tcontent.asp?OpenYear=107&Helf=2&Sclass=AP&Cono=B611,2026-08-26T18:18:27+00:00
107-2-AP-C02B-A-3-A,107,2,理學院,AP,應用物理學系,C02B,A,大學部,3,A,量子物理(二),3,必,61,39,,22,胡裕民,C02-103,"2,3, 4",,,,,,,"[{""day"": 1, ""dayName"": ""星期一"", ""periods"": [""2"", ""3"", ""4""], ""raw"": ""2,3, 4""}]",,,https://course.nuk.edu.tw/QueryCourse/tcontent.asp?OpenYear=107&Helf=2&Sclass=AP&Cono=C02B,2026-08-26T18:18:27+00:00
107-2-AP-C60B-A-3-A,107,2,理學院,AP,應用物理學系,C60B,A,大學部,3,A,光學(二),3,選,60,20,,40,謝振豪,C02-104,"5,6, 7",,,,,,,"[{""day"": 1, ""dayName"": ""星期一"", ""periods"": [""5"", ""6"", ""7""], ""raw"": ""5,6, 7""}]",學程,,https://course.nuk.edu.tw/QueryCourse/tcontent.asp?OpenYear=107&Helf=2&Sclass=AP&Cono=C60B,2026-08-26T18:18:27+00:00
107-2-AP-C682-A-3-A,107,2,理學院,AP,應用物理學系,C682,A,大學部,3,A,應用電子學(二),3,選,60,15,,45,黃建榮,C02-30022,,,"2,3, 4",,,,,"[{""day"": 3, ""dayName"": ""星期三"", ""periods"": [""2"", ""3"", ""4""], ""raw"": ""2,3, 4""}]",,,https://course.nuk.edu.tw/QueryCourse/tcontent.asp?OpenYear=107&Helf=2&Sclass=AP&Cono=C682,2026-08-26T18:18:27+00:00
107-2-AP-C68B-A-3-A,107,2,理學院,AP,應用物理學系,C68B,A,大學部,3,A,應用電子學實驗(二),2,選,60,29,,31,黃建榮,C02-3006,,,,,"2,3, 4",,,"[{""day"": 5, ""dayName"": ""星期五"", ""periods"": [""2"", ""3"", ""4""], ""raw"": ""2,3, 4""}]",,,https://course.nuk.edu.tw/QueryCourse/tcontent.asp?OpenYear=107&Helf=2&Sclass=AP&Cono=C68B,2026-08-26T18:18:27+00:00
107-2-AP-D551-A-3-A,107,2,理學院,AP,應用物理學系,D551,A,大學部,3,A,專題討論(一)-奈米光電,1,選,35,18,,17,蔡進譯,,,,"5,6, 7",,,,,"[{""day"": 3, ""dayName"": ""星期三"", ""periods"": [""5"", ""6"", ""7""], ""raw"": ""5,6, 7""}]",,"上課教室:理學院511-1教室,本課程已改為『必選』，請102學年度(含)以後本系的大學部學生一定要選修本課程，以免影響畢業資格。本課程與專題討論(一)固態材料擇一選課即可。",https://course.nuk.edu.tw/QueryCourse/tcontent.asp?OpenYear=107&Helf=2&Sclass=AP&Cono=D551,2026-08-26T18:18:27+00:00
107-2-AP-D561-A-3-A,107,2,理學院,AP,應用物理學系,D561,A,大學部,3,A,專題討論(一)-固態材料,1,選,35,23,,12,謝振豪,C02-516-1,,,"5,6, 7",,,,,"[{""day"": 3, ""dayName"": ""星期三"", ""periods"": [""5"", ""6"", ""7""], ""raw"": ""5,6, 7""}]",,本課程已改為『必選』，請102學年度(含)以後本系的大學部學生一定要選修本課程，以免影響畢業資格。本課程與專題討論(一)奈米光電擇一選課即可。,https://course.nuk.edu.tw/QueryCourse/tcontent.asp?OpenYear=107&Helf=2&Sclass=AP&Cono=D561,2026-08-26T18:18:27+00:00
107-2-AP-F80B-A-3-A,107,2,理學院,AP,應用物理學系,F80B,A,大學部,3,A,科技英文(二),3,選,70,54,,16,蔡進譯,C02-104,,,,,"2,3, 4",,,"[{""day"": 5, ""dayName"": ""星期五"", ""periods"": [""2"", ""3"", ""4""], ""raw"": ""2,3, 4""}]",,本課程與本系大四合開。與應用科學碩士學位英文學程合開。,https://course.nuk.edu.tw/QueryCourse/tcontent.asp?OpenYear=107&Helf=2&Sclass=AP&Cono=F80B,2026-08-26T18:18:27+00:00
107-2-AP-F59B-A-4-A,107,2,理學院,AP,應用物理學系,F59B,A,大學部,4,A,半導體元件與物理(二),3,選,60,11,,49,謝振豪,C02-104,,,,"2,3, 4",,,,"[{""day"": 4, ""dayName"": ""星期四"", ""periods"": [""2"", ""3"", ""4""], ""raw"": ""2,3, 4""}]",,本課程與本系碩一合開。,https://course.nuk.edu.tw/QueryCourse/tcontent.asp?OpenYear=107&Helf=2&Sclass=AP&Cono=F59B,2026-08-26T18:18:27+00:00
107-2-AP-F601-A-4-A,107,2,理學院,AP,應用物理學系,F601,A,大學部,4,A,有機電致發光二極體,3,選,60,13,,47,黃建榮,C02-30022,,"2,3, 4",,,,,,"[{""day"": 2, ""dayName"": ""星期二"", ""periods"": [""2"", ""3"", ""4""], ""raw"": ""2,3, 4""}]",,本課程與本系碩一合開。,https://course.nuk.edu.tw/QueryCourse/tcontent.asp?OpenYear=107&Helf=2&Sclass=AP&Cono=F601,2026-08-26T18:18:27+00:00
107-2-AP-F66B-A-4-A,107,2,理學院,AP,應用物理學系,F66B,A,大學部,4,A,固態物理(二),3,選,60,4,,56,孫士傑,C02-3003,"5,6",,,5,,,,"[{""day"": 1, ""dayName"": ""星期一"", ""periods"": [""5"", ""6""], ""raw"": ""5,6""}, {""day"": 4, ""dayName"": ""星期四"", ""periods"": [""5""], ""raw"": ""5""}]",學程,本課程與本系碩一合開。與應用科學碩士學位英文學程合開。,https://course.nuk.edu.tw/QueryCourse/tcontent.asp?OpenYear=107&Helf=2&Sclass=AP&Cono=F66B,2026-08-26T18:18:27+00:00
107-2-AP-F67B-A-4-A,107,2,理學院,AP,應用物理學系,F67B,A,大學部,4,A,量子力學(二),3,選,70,67,,3,蔡進譯,C02-104,,,,,"5,6, 7",,,"[{""day"": 5, ""dayName"": ""星期五"", ""periods"": [""5"", ""6"", ""7""], ""raw"": ""5,6, 7""}]",,本課程與本系碩一合開。與應用科學碩士學位英文學程合開。,https://course.nuk.edu.tw/QueryCourse/tcontent.asp?OpenYear=107&Helf=2&Sclass=AP&Cono=F67B,2026-08-26T18:18:27+00:00
107-2-AP-F691-A-4-A,107,2,理學院,AP,應用物理學系,F691,A,大學部,4,A,綠色能源,3,選,60,40,,20,蔡進譯,C02-108,"2,3, 4",,,,,,,"[{""day"": 1, ""dayName"": ""星期一"", ""periods"": [""2"", ""3"", ""4""], ""raw"": ""2,3, 4""}]",,本課程與本系碩一合開。,https://course.nuk.edu.tw/QueryCourse/tcontent.asp?OpenYear=107&Helf=2&Sclass=AP&Cono=F691,2026-08-26T18:18:27+00:00
107-2-AP-F80B-A-4-A,107,2,理學院,AP,應用物理學系,F80B,A,大學部,4,A,科技英文(二),3,選,70,54,,16,蔡進譯,C02-104,,,,,"2,3, 4",,,"[{""day"": 5, ""dayName"": ""星期五"", ""periods"": [""2"", ""3"", ""4""], ""raw"": ""2,3, 4""}]",,本課程與本系碩一合開。與應用科學碩士學位英文學程合開。,https://course.nuk.edu.tw/QueryCourse/tcontent.asp?OpenYear=107&Helf=2&Sclass=AP&Cono=F80B,2026-08-26T18:18:27+00:00
107-2-AP-F02B-M-1-,107,2,理學院,AP,應用物理學系,F02B,M,碩士班,1,,書報討論(二),0,必,10,8,,2,胡裕民,C02-30022,,,"5,6",,,,,"[{""day"": 3, ""dayName"": ""星期三"", ""periods"": [""5"", ""6""], ""raw"": ""5,6""}]",,與應用科學碩士學位英文學程合開。,https://course.nuk.edu.tw/QueryCourse/tcontent.asp?OpenYear=107&Helf=2&Sclass=AP&Cono=F02B,2026-08-26T18:18:27+00:00
107-2-AP-F59B-M-1-,107,2,理學院,AP,應用物理學系,F59B,M,碩士班,1,,半導體元件與物理(二),3,選,60,11,,49,謝振豪,C02-104,,,,"2,3, 4",,,,"[{""day"": 4, ""dayName"": ""星期四"", ""periods"": [""2"", ""3"", ""4""], ""raw"": ""2,3, 4""}]",,本課程與本系大四合開。,https://course.nuk.edu.tw/QueryCourse/tcontent.asp?OpenYear=107&Helf=2&Sclass=AP&Cono=F59B,2026-08-26T18:18:27+00:00
107-2-AP-F601-M-1-,107,2,理學院,AP,應用物理學系,F601,M,碩士班,1,,有機電致發光二極體,3,選,60,13,,47,黃建榮,C02-30022,,"2,3, 4",,,,,,"[{""day"": 2, ""dayName"": ""星期二"", ""periods"": [""2"", ""3"", ""4""], ""raw"": ""2,3, 4""}]",,本課程與本系大四合開。,https://course.nuk.edu.tw/QueryCourse/tcontent.asp?OpenYear=107&Helf=2&Sclass=AP&Cono=F601,2026-08-26T18:18:27+00:00
107-2-AP-F66B-M-1-,107,2,理學院,AP,應用物理學系,F66B,M,碩士班,1,,固態物理(二),3,選,60,4,,56,孫士傑,C02-3003,"5,6",,,5,,,,"[{""day"": 1, ""dayName"": ""星期一"", ""periods"": [""5"", ""6""], ""raw"": ""5,6""}, {""day"": 4, ""dayName"": ""星期四"", ""periods"": [""5""], ""raw"": ""5""}]",學程,本課程與本系大四合開。與應用科學碩士學位英文學程合開。,https://course.nuk.edu.tw/QueryCourse/tcontent.asp?OpenYear=107&Helf=2&Sclass=AP&Cono=F66B,2026-08-26T18:18:27+00:00
107-2-AP-F67B-M-1-,107,2,理學院,AP,應用物理學系,F67B,M,碩士班,1,,量子力學(二),3,選,70,67,,3,蔡進譯,C02-104,,,,,"5,6, 7",,,"[{""day"": 5, ""dayName"": ""星期五"", ""periods"": [""5"", ""6"", ""7""], ""raw"": ""5,6, 7""}]",,本課程與本系大四合開。與應用科學碩士學位英文學程合開。,https://course.nuk.edu.tw/QueryCourse/tcontent.asp?OpenYear=107&Helf=2&Sclass=AP&Cono=F67B,2026-08-26T18:18:27+00:00
107-2-AP-F691-M-1-,107,2,理學院,AP,應用物理學系,F691,M,碩士班,1,,綠色能源,3,選,60,40,,20,蔡進譯,C02-108,"2,3, 4",,,,,,,"[{""day"": 1, ""dayName"": ""星期一"", ""periods"": [""2"", ""3"", ""4""], ""raw"": ""2,3, 4""}]",,本課程與本系大四合開。,https://course.nuk.edu.tw/QueryCourse/tcontent.asp?OpenYear=107&Helf=2&Sclass=AP&Cono=F691,2026-08-26T18:18:27+00:00
107-2-AP-F70B-M-1-,107,2,理學院,AP,應用物理學系,F70B,M,碩士班,1,,專題研究(二)-固態材料,1,選,10,3,,7,邱昭文,C02-517-1,"8,9, 10",,,,,,,"[{""day"": 1, ""dayName"": ""星期一"", ""periods"": [""8"", ""9"", ""10""], ""raw"": ""8,9, 10""}]",,本課程已改為『必選』，請102學年度(含)以後本系的碩士班學生一定要選修本課程，以免影響畢業資格。本課程與專題研究(二)奈米光電擇一選課即可。,https://course.nuk.edu.tw/QueryCourse/tcontent.asp?OpenYear=107&Helf=2&Sclass=AP&Cono=F70B,2026-08-26T18:18:27+00:00
107-2-AP-F71B-M-1-,107,2,理學院,AP,應用物理學系,F71B,M,碩士班,1,,專題研究(二)-奈米光電,1,選,10,4,,6,余進忠,C02-518-1,"8,9, 10",,,,,,,"[{""day"": 1, ""dayName"": ""星期一"", ""periods"": [""8"", ""9"", ""10""], ""raw"": ""8,9, 10""}]",,本課程已改為『必選』，請102學年度(含)以後本系的碩士班學生一定要選修本課程，以免影響畢業資格。本課程與專題研究(二)固態材料擇一選課即可。,https://course.nuk.edu.tw/QueryCourse/tcontent.asp?OpenYear=107&Helf=2&Sclass=AP&Cono=F71B,2026-08-26T18:18:27+00:00
107-2-AP-F80B-M-1-,107,2,理學院,AP,應用物理學系,F80B,M,碩士班,1,,科技英文(二),3,選,70,54,,16,蔡進譯,C02-104,,,,,"2,3, 4",,,"[{""day"": 5, ""dayName"": ""星期五"", ""periods"": [""2"", ""3"", ""4""], ""raw"": ""2,3, 4""}]",,本課程與本系大四合開。與應用科學碩士學位英文學程合開。,https://course.nuk.edu.tw/QueryCourse/tcontent.asp?OpenYear=107&Helf=2&Sclass=AP&Cono=F80B,2026-08-26T18:18:27+00:00
107-2-AP-F704-M-2-,107,2,理學院,AP,應用物理學系,F704,M,碩士班,2,,專題研究(四),1,選,10,3,,7,胡裕民,C02-101 其他教室,"8,9, 10",,,,,,,"[{""day"": 1, ""dayName"": ""星期一"", ""periods"": [""8"", ""9"", ""10""], ""raw"": ""8,9, 10""}]",,教室：c02-513-1 本課程已改為『必選』，請102學年度(含)以後本系的碩士班學生一定要選修本課程，以免影響畢業資格,https://course.nuk.edu.tw/QueryCourse/tcontent.asp?OpenYear=107&Helf=2&Sclass=AP&Cono=F704,2026-08-26T18:18:27+00:00
107-2-AP-G002-M-2-,107,2,理學院,AP,應用物理學系,G002,M,碩士班,2,,書報討論(四),0,必,10,3,,7,廖英彥,C02-30022,,,"5,6",,,,,"[{""day"": 3, ""dayName"": ""星期三"", ""periods"": [""5"", ""6""], ""raw"": ""5,6""}]",,,https://course.nuk.edu.tw/QueryCourse/tcontent.asp?OpenYear=107&Helf=2&Sclass=AP&Cono=G002,2026-08-26T18:18:27+00:00
107-2-ASM-F01A-M-1-,107,2,理學院,ASM,應用科學碩士學位學程,F01A,M,碩士班,1,,碩士論文(一),1,必,3,2,,1,孫士傑,,,,,1,,,,"[{""day"": 4, ""dayName"": ""星期四"", ""periods"": [""1""], ""raw"": ""1""}]",,教室：C02-3003-1,https://course.nuk.edu.tw/QueryCourse/tcontent.asp?OpenYear=107&Helf=2&Sclass=ASM&Cono=F01A,2026-08-26T18:18:27+00:00
107-2-CCS-A522-A-1-A,107,2,理學院,CCS,理學院共同課程,A522,A,大學部,1,A,Python 程式設計,3,選,60,36,,24,劉則明,L01-107,,,"5,6, 7",,,,,"[{""day"": 3, ""dayName"": ""星期三"", ""periods"": [""5"", ""6"", ""7""], ""raw"": ""5,6, 7""}]",,本院主開，應物系大一合開，開放裡學院學生選修,https://course.nuk.edu.tw/QueryCourse/tcontent.asp?OpenYear=107&Helf=2&Sclass=CCS&Cono=A522,2026-08-26T18:18:27+00:00
107-2-CCS-A531-A-1-A,107,2,理學院,CCS,理學院共同課程,A531,A,大學部,1,A,物聯網與感測元件,3,選,30,4,,26,劉則明,L01-107,,,,"2,3, 4",,,,"[{""day"": 4, ""dayName"": ""星期四"", ""periods"": [""2"", ""3"", ""4""], ""raw"": ""2,3, 4""}]",,,https://course.nuk.edu.tw/QueryCourse/tcontent.asp?OpenYear=107&Helf=2&Sclass=CCS&Cono=A531,2026-08-26T18:18:27+00:00
107-2-CCS-A541-A-1-A,107,2,理學院,CCS,理學院共同課程,A541,A,大學部,1,A,演算法實務應用,3,選,64,29,,35,劉則明,C02-B101,,"6,7, 8",,,,,,"[{""day"": 2, ""dayName"": ""星期二"", ""periods"": [""6"", ""7"", ""8""], ""raw"": ""6,7, 8""}]",,本院主開，應數系大二合開，開放本院學生選修，教室：理B101,https://course.nuk.edu.tw/QueryCourse/tcontent.asp?OpenYear=107&Helf=2&Sclass=CCS&Cono=A541,2026-08-26T18:18:27+00:00
107-2-CCS-F511-A-1-A,107,2,理學院,CCS,理學院共同課程,F511,A,大學部,1,A,人工智慧實務應用,3,選,64,22,,42,劉則明,C02-B101,"2,3, 4",,,,,,,"[{""day"": 1, ""dayName"": ""星期一"", ""periods"": [""2"", ""3"", ""4""], ""raw"": ""2,3, 4""}]",,本院主開，與應數系大四、碩班合開，開放本院學生選修，教室：理B101,https://course.nuk.edu.tw/QueryCourse/tcontent.asp?OpenYear=107&Helf=2&Sclass=CCS&Cono=F511,2026-08-26T18:18:27+00:00
107-2-CCS-A531-A-2-A,107,2,理學院,CCS,理學院共同課程,A531,A,大學部,2,A,物聯網與感測元件,3,選,30,4,,26,劉則明,L01-107,,,,"2,3, 4",,,,"[{""day"": 4, ""dayName"": ""星期四"", ""periods"": [""2"", ""3"", ""4""], ""raw"": ""2,3, 4""}]",,,https://course.nuk.edu.tw/QueryCourse/tcontent.asp?OpenYear=107&Helf=2&Sclass=CCS&Cono=A531,2026-08-26T18:18:27+00:00
107-2-CCS-A541-A-2-A,107,2,理學院,CCS,理學院共同課程,A541,A,大學部,2,A,演算法實務應用,3,選,64,29,,35,劉則明,C02-B101,,"6,7, 8",,,,,,"[{""day"": 2, ""dayName"": ""星期二"", ""periods"": [""6"", ""7"", ""8""], ""raw"": ""6,7, 8""}]",,上課教室:理B101。,https://course.nuk.edu.tw/QueryCourse/tcontent.asp?OpenYear=107&Helf=2&Sclass=CCS&Cono=A541,2026-08-26T18:18:27+00:00
107-2-CCS-F511-A-4-A,107,2,理學院,CCS,理學院共同課程,F511,A,大學部,4,A,人工智慧實務應用,3,選,64,22,,42,劉則明,C02-B101,"2,3, 4",,,,,,,"[{""day"": 1, ""dayName"": ""星期一"", ""periods"": [""2"", ""3"", ""4""], ""raw"": ""2,3, 4""}]",,大四、碩班合開。上課教室:理B101。,https://course.nuk.edu.tw/QueryCourse/tcontent.asp?OpenYear=107&Helf=2&Sclass=CCS&Cono=F511,2026-08-26T18:18:27+00:00
107-2-CCS-F511-M-1-,107,2,理學院,CCS,理學院共同課程,F511,M,碩士班,1,,人工智慧實務應用,3,選,64,22,,42,劉則明,C02-B101,"2,3, 4",,,,,,,"[{""day"": 1, ""dayName"": ""星期一"", ""periods"": [""2"", ""3"", ""4""], ""raw"": ""2,3, 4""}]",,大四、碩班合開；上課教室：理B101室。,https://course.nuk.edu.tw/QueryCourse/tcontent.asp?OpenYear=107&Helf=2&Sclass=CCS&Cono=F511,2026-08-26T18:18:27+00:00
107-2-LS-A01B-A-1-A,107,2,理學院,LS,生命科學系,A01B,A,大學部,1,A,普通生物學(二),3,必,60,55,,5,施能朗,C02-101,,,,"2,3, 4",,,,"[{""day"": 4, ""dayName"": ""星期四"", ""periods"": [""2"", ""3"", ""4""], ""raw"": ""2,3, 4""}]",,,https://course.nuk.edu.tw/QueryCourse/tcontent.asp?OpenYear=107&Helf=2&Sclass=LS&Cono=A01B,2026-08-26T18:18:27+00:00
107-2-LS-A02B-A-1-A,107,2,理學院,LS,生命科學系,A02B,A,大學部,1,A,普通生物學實驗(二),1,必,30,27,,3,王俊順,C02-202,,,,"5,6, 7",,,,"[{""day"": 4, ""dayName"": ""星期四"", ""periods"": [""5"", ""6"", ""7""], ""raw"": ""5,6, 7""}]",,使用C02-202實驗室、本系一年級雙號學生,https://course.nuk.edu.tw/QueryCourse/tcontent.asp?OpenYear=107&Helf=2&Sclass=LS&Cono=A02B,2026-08-26T18:18:27+00:00
107-2-LS-A03B-A-1-A,107,2,理學院,LS,生命科學系,A03B,A,大學部,1,A,普通生物學實驗(二),1,必,30,25,,5,黃永森,C02-202,,,,,"2,3, 4",,,"[{""day"": 5, ""dayName"": ""星期五"", ""periods"": [""2"", ""3"", ""4""], ""raw"": ""2,3, 4""}]",,使用C02-202實驗室、本系一年級單號學生,https://course.nuk.edu.tw/QueryCourse/tcontent.asp?OpenYear=107&Helf=2&Sclass=LS&Cono=A03B,2026-08-26T18:18:27+00:00
107-2-LS-A041-A-1-A,107,2,理學院,LS,生命科學系,A041,A,大學部,1,A,生命科學概論,3,必,60,60,,0,黃重期,C02-101,,"5,6, 7",,,,,,"[{""day"": 2, ""dayName"": ""星期二"", ""periods"": [""5"", ""6"", ""7""], ""raw"": ""5,6, 7""}]",學程,,https://course.nuk.edu.tw/QueryCourse/tcontent.asp?OpenYear=107&Helf=2&Sclass=LS&Cono=A041,2026-08-26T18:18:27+00:00
107-2-LS-A07B-A-1-A,107,2,理學院,LS,生命科學系,A07B,A,大學部,1,A,普通化學(二),3,必,85,84,,1,楊佳寧,C02-407,"2,3, 4",,,,,,,"[{""day"": 1, ""dayName"": ""星期一"", ""periods"": [""2"", ""3"", ""4""], ""raw"": ""2,3, 4""}]",,理學院407教室,https://course.nuk.edu.tw/QueryCourse/tcontent.asp?OpenYear=107&Helf=2&Sclass=LS&Cono=A07B,2026-08-26T18:18:27+00:00
107-2-LS-A08B-A-1-A,107,2,理學院,LS,生命科學系,A08B,A,大學部,1,A,普通化學實驗(二),1,必,60,55,,5,黃重期 鄭竣亦,C02-203,,"2,3, 4",,,,,,"[{""day"": 2, ""dayName"": ""星期二"", ""periods"": [""2"", ""3"", ""4""], ""raw"": ""2,3, 4""}]",,使用C02-203實驗室,https://course.nuk.edu.tw/QueryCourse/tcontent.asp?OpenYear=107&Helf=2&Sclass=LS&Cono=A08B,2026-08-26T18:18:27+00:00
107-2-LS-A10B-A-1-A,107,2,理學院,LS,生命科學系,A10B,A,大學部,1,A,微積分(二),2,必,60,33,,27,楊佳寧,C02-407,,,,,"5,6",,,"[{""day"": 5, ""dayName"": ""星期五"", ""periods"": [""5"", ""6""], ""raw"": ""5,6""}]",,理學院407教室,https://course.nuk.edu.tw/QueryCourse/tcontent.asp?OpenYear=107&Helf=2&Sclass=LS&Cono=A10B,2026-08-26T18:18:27+00:00
107-2-LS-B021-A-2-A,107,2,理學院,LS,生命科學系,B021,A,大學部,2,A,有機化學實驗,1,必,60,33,,27,黃榮宗,C02-203,,"5,6, 7",,,,,,"[{""day"": 2, ""dayName"": ""星期二"", ""periods"": [""5"", ""6"", ""7""], ""raw"": ""5,6, 7""}]",,使用C02-203實驗室,https://course.nuk.edu.tw/QueryCourse/tcontent.asp?OpenYear=107&Helf=2&Sclass=LS&Cono=B021,2026-08-26T18:18:27+00:00
107-2-LS-B121-A-2-A,107,2,理學院,LS,生命科學系,B121,A,大學部,2,A,細胞生物學,3,必,62,56,,6,陳彥澄,C02-101,,,"2,3, 4",,,,,"[{""day"": 3, ""dayName"": ""星期三"", ""periods"": [""2"", ""3"", ""4""], ""raw"": ""2,3, 4""}]",學程,,https://course.nuk.edu.tw/QueryCourse/tcontent.asp?OpenYear=107&Helf=2&Sclass=LS&Cono=B121,2026-08-26T18:18:27+00:00
107-2-LS-B531-A-2-A,107,2,理學院,LS,生命科學系,B531,A,大學部,2,A,比較解剖學,3,選,60,34,,26,施能朗,C02-102,,,,,"2,3, 4",,,"[{""day"": 5, ""dayName"": ""星期五"", ""periods"": [""2"", ""3"", ""4""], ""raw"": ""2,3, 4""}]",,,https://course.nuk.edu.tw/QueryCourse/tcontent.asp?OpenYear=107&Helf=2&Sclass=LS&Cono=B531,2026-08-26T18:18:27+00:00
107-2-LS-B561-A-2-A,107,2,理學院,LS,生命科學系,B561,A,大學部,2,A,應用微生物學及實驗,4,選,60,29,,31,林順富,C02-102,,,,"1,2, 3,4",,,,"[{""day"": 4, ""dayName"": ""星期四"", ""periods"": [""1"", ""2"", ""3"", ""4""], ""raw"": ""1,2, 3,4""}]",,,https://course.nuk.edu.tw/QueryCourse/tcontent.asp?OpenYear=107&Helf=2&Sclass=LS&Cono=B561,2026-08-26T18:18:27+00:00
107-2-LS-C01A-A-2-A,107,2,理學院,LS,生命科學系,C01A,A,大學部,2,A,生物化學(一),3,必,60,57,,3,葛孟杰,C02-101,,"2,3, 4",,,,,,"[{""day"": 2, ""dayName"": ""星期二"", ""periods"": [""2"", ""3"", ""4""], ""raw"": ""2,3, 4""}]",學程,,https://course.nuk.edu.tw/QueryCourse/tcontent.asp?OpenYear=107&Helf=2&Sclass=LS&Cono=C01A,2026-08-26T18:18:27+00:00
107-2-LS-C092-A-2-A,107,2,理學院,LS,生命科學系,C092,A,大學部,2,A,植物生理學,3,必,60,45,,15,王恒隆,C02-102,,,,,"5,6, 7",,,"[{""day"": 5, ""dayName"": ""星期五"", ""periods"": [""5"", ""6"", ""7""], ""raw"": ""5,6, 7""}]",學程,,https://course.nuk.edu.tw/QueryCourse/tcontent.asp?OpenYear=107&Helf=2&Sclass=LS&Cono=C092,2026-08-26T18:18:27+00:00
107-2-LS-C691-A-2-A,107,2,理學院,LS,生命科學系,C691,A,大學部,2,A,植物生理學實驗,1,選,60,18,,42,葛孟杰,C02-202,,,,"5,6, 7",,,,"[{""day"": 4, ""dayName"": ""星期四"", ""periods"": [""5"", ""6"", ""7""], ""raw"": ""5,6, 7""}]",,使用C02-202實驗室,https://course.nuk.edu.tw/QueryCourse/tcontent.asp?OpenYear=107&Helf=2&Sclass=LS&Cono=C691,2026-08-26T18:18:27+00:00
107-2-LS-B521-A-3-A,107,2,理學院,LS,生命科學系,B521,A,大學部,3,A,寄生蟲學,3,選,60,22,,38,施能朗,C02-103,,,"2,3, 4",,,,,"[{""day"": 3, ""dayName"": ""星期三"", ""periods"": [""2"", ""3"", ""4""], ""raw"": ""2,3, 4""}]",,,https://course.nuk.edu.tw/QueryCourse/tcontent.asp?OpenYear=107&Helf=2&Sclass=LS&Cono=B521,2026-08-26T18:18:27+00:00
107-2-LS-C02C-A-3-A,107,2,理學院,LS,生命科學系,C02C,A,大學部,3,A,生物化學實驗(二)(B),1,必,30,27,,3,葛孟杰,C02-202,,,,"2,3, 4",,,,"[{""day"": 4, ""dayName"": ""星期四"", ""periods"": [""2"", ""3"", ""4""], ""raw"": ""2,3, 4""}]",,使用C02-202實驗室,https://course.nuk.edu.tw/QueryCourse/tcontent.asp?OpenYear=107&Helf=2&Sclass=LS&Cono=C02C,2026-08-26T18:18:27+00:00
107-2-LS-C02D-A-3-A,107,2,理學院,LS,生命科學系,C02D,A,大學部,3,A,生物化學實驗(二)(A),1,必,30,11,,19,楊文仁,C02-202,,,,,"5,6, 7",,,"[{""day"": 5, ""dayName"": ""星期五"", ""periods"": [""5"", ""6"", ""7""], ""raw"": ""5,6, 7""}]",,使用C02-202實驗室,https://course.nuk.edu.tw/QueryCourse/tcontent.asp?OpenYear=107&Helf=2&Sclass=LS&Cono=C02D,2026-08-26T18:18:27+00:00
107-2-LS-C071-A-3-A,107,2,理學院,LS,生命科學系,C071,A,大學部,3,A,分子生物學,3,必,62,48,,14,黃永森,C02-102,,,,"5,6, 7",,,,"[{""day"": 4, ""dayName"": ""星期四"", ""periods"": [""5"", ""6"", ""7""], ""raw"": ""5,6, 7""}]",,,https://course.nuk.edu.tw/QueryCourse/tcontent.asp?OpenYear=107&Helf=2&Sclass=LS&Cono=C071,2026-08-26T18:18:27+00:00
107-2-LS-C512-A-3-A,107,2,理學院,LS,生命科學系,C512,A,大學部,3,A,酵素學,3,選,60,14,,46,林順富,C02-103,,"2,3, 4",,,,,,"[{""day"": 2, ""dayName"": ""星期二"", ""periods"": [""2"", ""3"", ""4""], ""raw"": ""2,3, 4""}]",,,https://course.nuk.edu.tw/QueryCourse/tcontent.asp?OpenYear=107&Helf=2&Sclass=LS&Cono=C512,2026-08-26T18:18:27+00:00
107-2-LS-C521-A-3-A,107,2,理學院,LS,生命科學系,C521,A,大學部,3,A,動物細胞培養學及實驗,3,選,60,17,,43,溫秋明,C02-102,"5,6, 7",,,,,,,"[{""day"": 1, ""dayName"": ""星期一"", ""periods"": [""5"", ""6"", ""7""], ""raw"": ""5,6, 7""}]",學程,,https://course.nuk.edu.tw/QueryCourse/tcontent.asp?OpenYear=107&Helf=2&Sclass=LS&Cono=C521,2026-08-26T18:18:27+00:00
107-2-LS-C570-A-3-A,107,2,理學院,LS,生命科學系,C570,A,大學部,3,A,專題研究,3,選,30,19,,11,楊文仁 王恒隆 高佑靈 溫秋明 葛孟杰 黃永森 楊佳寧 鄭竣亦 林順富,,,,,,"10,11, 12",,,"[{""day"": 5, ""dayName"": ""星期五"", ""periods"": [""10"", ""11"", ""12""], ""raw"": ""10,11, 12""}]",,各老師實驗室,https://course.nuk.edu.tw/QueryCourse/tcontent.asp?OpenYear=107&Helf=2&Sclass=LS&Cono=C570,2026-08-26T18:18:27+00:00
107-2-LS-C575-A-3-A,107,2,理學院,LS,生命科學系,C575,A,大學部,3,A,天然物生合成路徑特論,3,選,60,15,,45,鄭竣亦,C02-101,,,"7,8, 9",,,,,"[{""day"": 3, ""dayName"": ""星期三"", ""periods"": [""7"", ""8"", ""9""], ""raw"": ""7,8, 9""}]",,,https://course.nuk.edu.tw/QueryCourse/tcontent.asp?OpenYear=107&Helf=2&Sclass=LS&Cono=C575,2026-08-26T18:18:27+00:00
107-2-LS-C581-A-3-A,107,2,理學院,LS,生命科學系,C581,A,大學部,3,A,光合作用及實驗,3,選,60,11,,49,王恒隆,C02-101,,,,,"2,3, 4",,,"[{""day"": 5, ""dayName"": ""星期五"", ""periods"": [""2"", ""3"", ""4""], ""raw"": ""2,3, 4""}]",,,https://course.nuk.edu.tw/QueryCourse/tcontent.asp?OpenYear=107&Helf=2&Sclass=LS&Cono=C581,2026-08-26T18:18:27+00:00
107-2-LS-C731-A-3-A,107,2,理學院,LS,生命科學系,C731,A,大學部,3,A,免疫學,3,選,60,33,,27,王俊順,C02-102,,"5,6, 7",,,,,,"[{""day"": 2, ""dayName"": ""星期二"", ""periods"": [""5"", ""6"", ""7""], ""raw"": ""5,6, 7""}]",,,https://course.nuk.edu.tw/QueryCourse/tcontent.asp?OpenYear=107&Helf=2&Sclass=LS&Cono=C731,2026-08-26T18:18:27+00:00
107-2-LS-D011-A-4-A,107,2,理學院,LS,生命科學系,D011,A,大學部,4,A,書報討論(二),1,必,60,47,,13,楊文仁 高佑靈 王俊順,C02-101,,"10,11",,,,,,"[{""day"": 2, ""dayName"": ""星期二"", ""periods"": [""10"", ""11""], ""raw"": ""10,11""}]",,,https://course.nuk.edu.tw/QueryCourse/tcontent.asp?OpenYear=107&Helf=2&Sclass=LS&Cono=D011,2026-08-26T18:18:27+00:00
107-2-LS-D602-A-4-A,107,2,理學院,LS,生命科學系,D602,A,大學部,4,A,天然物結構鑑定,3,選,60,17,,43,鄭竣亦,C02-101,"5,6, 7",,,,,,,"[{""day"": 1, ""dayName"": ""星期一"", ""periods"": [""5"", ""6"", ""7""], ""raw"": ""5,6, 7""}]",學程,,https://course.nuk.edu.tw/QueryCourse/tcontent.asp?OpenYear=107&Helf=2&Sclass=LS&Cono=D602,2026-08-26T18:18:27+00:00
107-2-LS-D671-A-4-A,107,2,理學院,LS,生命科學系,D671,A,大學部,4,A,中國傳統醫學導論,3,選,60,37,,23,黃永森,C02-102,,"2,3, 4",,,,,,"[{""day"": 2, ""dayName"": ""星期二"", ""periods"": [""2"", ""3"", ""4""], ""raw"": ""2,3, 4""}]",,開放各學系大二以上選修，業師協同教學,https://course.nuk.edu.tw/QueryCourse/tcontent.asp?OpenYear=107&Helf=2&Sclass=LS&Cono=D671,2026-08-26T18:18:27+00:00
107-2-LS-F560-A-4-A,107,2,理學院,LS,生命科學系,F560,A,大學部,4,A,生物資訊,3,選,20,18,,2,楊文仁,L01-107,,,,,"2,3, 4",,,"[{""day"": 5, ""dayName"": ""星期五"", ""periods"": [""2"", ""3"", ""4""], ""raw"": ""2,3, 4""}]",,與碩士班合開,https://course.nuk.edu.tw/QueryCourse/tcontent.asp?OpenYear=107&Helf=2&Sclass=LS&Cono=F560,2026-08-26T18:18:27+00:00
107-2-LS-F591-A-4-A,107,2,理學院,LS,生命科學系,F591,A,大學部,4,A,生技產品開發實務,3,選,15,13,,2,王恒隆 楊文仁 業界教師,C02-110,,,"2,3, 4",,,,,"[{""day"": 3, ""dayName"": ""星期三"", ""periods"": [""2"", ""3"", ""4""], ""raw"": ""2,3, 4""}]",學程,與碩士班合開，開放生科系大學部三年級選修。生技產業跨領域學程,https://course.nuk.edu.tw/QueryCourse/tcontent.asp?OpenYear=107&Helf=2&Sclass=LS&Cono=F591,2026-08-26T18:18:27+00:00
107-2-LS-F611-A-4-A,107,2,理學院,LS,生命科學系,F611,A,大學部,4,A,病毒學特論,3,選,15,5,,10,楊文仁,C02-110,,"5,6, 7",,,,,,"[{""day"": 2, ""dayName"": ""星期二"", ""periods"": [""5"", ""6"", ""7""], ""raw"": ""5,6, 7""}]",,與碩士班合開,https://course.nuk.edu.tw/QueryCourse/tcontent.asp?OpenYear=107&Helf=2&Sclass=LS&Cono=F611,2026-08-26T18:18:27+00:00
107-2-LS-F00B-M-1-,107,2,理學院,LS,生命科學系,F00B,M,碩士班,1,,專題討論(二),1,選,15,4,,11,王恒隆 林順富 楊佳寧,C02-102,,,"5,6",,,,,"[{""day"": 3, ""dayName"": ""星期三"", ""periods"": [""5"", ""6""], ""raw"": ""5,6""}]",,生科系主開，本學程合開(生科系課號:LSF00B),https://course.nuk.edu.tw/QueryCourse/tcontent.asp?OpenYear=107&Helf=2&Sclass=LS&Cono=F00B,2026-08-26T18:18:27+00:00
107-2-LS-F01B-M-1-,107,2,理學院,LS,生命科學系,F01B,M,碩士班,1,,專題研究(二),1,必,15,5,,10,鄭竣亦 施能朗 林順富 楊文仁,C02-110,,,"11,12",,,,,"[{""day"": 3, ""dayName"": ""星期三"", ""periods"": [""11"", ""12""], ""raw"": ""11,12""}]",,開放生科系大學部四年級選修,https://course.nuk.edu.tw/QueryCourse/tcontent.asp?OpenYear=107&Helf=2&Sclass=LS&Cono=F01B,2026-08-26T18:18:27+00:00
107-2-LS-F523-M-1-,107,2,理學院,LS,生命科學系,F523,M,碩士班,1,,光譜學特論,3,選,15,5,,10,鄭竣亦,C02-101 其他教室,"2,3, 4",,,,,,,"[{""day"": 1, ""dayName"": ""星期一"", ""periods"": [""2"", ""3"", ""4""], ""raw"": ""2,3, 4""}]",,"開放生科系大三、大四選修,上課教室:理學院600",https://course.nuk.edu.tw/QueryCourse/tcontent.asp?OpenYear=107&Helf=2&Sclass=LS&Cono=F523,2026-08-26T18:18:27+00:00
107-2-LS-F543-M-1-,107,2,理學院,LS,生命科學系,F543,M,碩士班,1,,蛋白質工程學,3,選,15,8,,7,林順富,C02-110,,,"7,8, 9",,,,,"[{""day"": 3, ""dayName"": ""星期三"", ""periods"": [""7"", ""8"", ""9""], ""raw"": ""7,8, 9""}]",,開放生科系大三、大四選修,https://course.nuk.edu.tw/QueryCourse/tcontent.asp?OpenYear=107&Helf=2&Sclass=LS&Cono=F543,2026-08-26T18:18:27+00:00
107-2-LS-F560-M-1-,107,2,理學院,LS,生命科學系,F560,M,碩士班,1,,生物資訊,3,選,20,18,,2,楊文仁,L01-107,,,,,"2,3, 4",,,"[{""day"": 5, ""dayName"": ""星期五"", ""periods"": [""2"", ""3"", ""4""], ""raw"": ""2,3, 4""}]",,與大四合開,https://course.nuk.edu.tw/QueryCourse/tcontent.asp?OpenYear=107&Helf=2&Sclass=LS&Cono=F560,2026-08-26T18:18:27+00:00
107-2-LS-F561-M-1-,107,2,理學院,LS,生命科學系,F561,M,碩士班,1,,生物統計學實務,3,選,15,6,,9,黃重期,,"5,6, 7",,,,,,,"[{""day"": 1, ""dayName"": ""星期一"", ""periods"": [""5"", ""6"", ""7""], ""raw"": ""5,6, 7""}]",,"開放本系大三及大四選修,上課教室:理學院600",https://course.nuk.edu.tw/QueryCourse/tcontent.asp?OpenYear=107&Helf=2&Sclass=LS&Cono=F561,2026-08-26T18:18:27+00:00
107-2-LS-F591-M-1-,107,2,理學院,LS,生命科學系,F591,M,碩士班,1,,生技產品開發實務,3,選,15,13,,2,王恒隆 楊文仁 業界教師,C02-110,,,"2,3, 4",,,,,"[{""day"": 3, ""dayName"": ""星期三"", ""periods"": [""2"", ""3"", ""4""], ""raw"": ""2,3, 4""}]",學程,與大四合開，生技產業跨領域學程,https://course.nuk.edu.tw/QueryCourse/tcontent.asp?OpenYear=107&Helf=2&Sclass=LS&Cono=F591,2026-08-26T18:18:27+00:00
107-2-LS-F611-M-1-,107,2,理學院,LS,生命科學系,F611,M,碩士班,1,,病毒學特論,3,選,15,5,,10,楊文仁,C02-110,,"5,6, 7",,,,,,"[{""day"": 2, ""dayName"": ""星期二"", ""periods"": [""5"", ""6"", ""7""], ""raw"": ""5,6, 7""}]",,與大學部四年級合開,https://course.nuk.edu.tw/QueryCourse/tcontent.asp?OpenYear=107&Helf=2&Sclass=LS&Cono=F611,2026-08-26T18:18:27+00:00
107-2-LS-G00D-M-2-,107,2,理學院,LS,生命科學系,G00D,M,碩士班,2,,專題討論(四),1,必,15,5,,10,王恒隆 林順富 楊佳寧,C02-106,"8,9",,,,,,,"[{""day"": 1, ""dayName"": ""星期一"", ""periods"": [""8"", ""9""], ""raw"": ""8,9""}]",,,https://course.nuk.edu.tw/QueryCourse/tcontent.asp?OpenYear=107&Helf=2&Sclass=LS&Cono=G00D,2026-08-26T18:18:27+00:00
107-2-LS-G01D-M-2-,107,2,理學院,LS,生命科學系,G01D,M,碩士班,2,,專題研究(四),1,必,15,5,,10,葛孟杰 鄭竣亦 林順富 溫秋明,C02-110,"10,11",,,,,,,"[{""day"": 1, ""dayName"": ""星期一"", ""periods"": [""10"", ""11""], ""raw"": ""10,11""}]",,,https://course.nuk.edu.tw/QueryCourse/tcontent.asp?OpenYear=107&Helf=2&Sclass=LS&Cono=G01D,2026-08-26T18:18:27+00:00
107-2-ST-F01A-M-1-,107,2,理學院,ST,統計學研究所,F01A,M,碩士班,1,,書報討論(一),1,必,20,14,,6,許湘伶,C02-320,,,"7,8",,,,,"[{""day"": 3, ""dayName"": ""星期三"", ""periods"": [""7"", ""8""], ""raw"": ""7,8""}]",,,https://course.nuk.edu.tw/QueryCourse/tcontent.asp?OpenYear=107&Helf=2&Sclass=ST&Cono=F01A,2026-08-26T18:18:27+00:00
107-2-ST-F522-M-1-,107,2,理學院,ST,統計學研究所,F522,M,碩士班,1,,網絡分析,3,選,30,10,,20,郭錕霖,C02-320,,3,,"6,7",,,,"[{""day"": 2, ""dayName"": ""星期二"", ""periods"": [""3""], ""raw"": ""3""}, {""day"": 4, ""dayName"": ""星期四"", ""periods"": [""6"", ""7""], ""raw"": ""6,7""}]",,應用數學系大三、大四學生亦可修。,https://course.nuk.edu.tw/QueryCourse/tcontent.asp?OpenYear=107&Helf=2&Sclass=ST&Cono=F522,2026-08-26T18:18:27+00:00
107-2-ST-F543-M-1-,107,2,理學院,ST,統計學研究所,F543,M,碩士班,1,,會計與金融,3,選,30,6,,24,俞淑惠,C02-320,"5,6",4,,,,,,"[{""day"": 1, ""dayName"": ""星期一"", ""periods"": [""5"", ""6""], ""raw"": ""5,6""}, {""day"": 2, ""dayName"": ""星期二"", ""periods"": [""4""], ""raw"": ""4""}]",,應用數學系大三、大四學生亦可修。,https://course.nuk.edu.tw/QueryCourse/tcontent.asp?OpenYear=107&Helf=2&Sclass=ST&Cono=F543,2026-08-26T18:18:27+00:00
107-2-ST-F561-M-1-,107,2,理學院,ST,統計學研究所,F561,M,碩士班,1,,實驗設計,3,選,30,8,,22,許湘伶,C02-320,,,"2,3",,4,,,"[{""day"": 3, ""dayName"": ""星期三"", ""periods"": [""2"", ""3""], ""raw"": ""2,3""}, {""day"": 5, ""dayName"": ""星期五"", ""periods"": [""4""], ""raw"": ""4""}]",,應用數學系大三、大四學生亦可修。,https://course.nuk.edu.tw/QueryCourse/tcontent.asp?OpenYear=107&Helf=2&Sclass=ST&Cono=F561,2026-08-26T18:18:27+00:00
107-2-ST-F652-M-1-,107,2,理學院,ST,統計學研究所,F652,M,碩士班,1,,統計建模與模擬,3,選,30,13,,17,張志浩,C02-320,,,6,,"2,3",,,"[{""day"": 3, ""dayName"": ""星期三"", ""periods"": [""6""], ""raw"": ""6""}, {""day"": 5, ""dayName"": ""星期五"", ""periods"": [""2"", ""3""], ""raw"": ""2,3""}]",學程,應用數學系大三、大四學生亦可修。,https://course.nuk.edu.tw/QueryCourse/tcontent.asp?OpenYear=107&Helf=2&Sclass=ST&Cono=F652,2026-08-26T18:18:27+00:00
107-2-ST-F694-M-1-,107,2,理學院,ST,統計學研究所,F694,M,碩士班,1,,巨量資料技術與分析應用,3,選,30,7,,23,許湘伶,C02-320,,,,2,"5,6",,,"[{""day"": 4, ""dayName"": ""星期四"", ""periods"": [""2""], ""raw"": ""2""}, {""day"": 5, ""dayName"": ""星期五"", ""periods"": [""5"", ""6""], ""raw"": ""5,6""}]",學程,與應用數學系大四、碩士班合開。,https://course.nuk.edu.tw/QueryCourse/tcontent.asp?OpenYear=107&Helf=2&Sclass=ST&Cono=F694,2026-08-26T18:18:27+00:00
107-2-ST-F713-M-1-,107,2,理學院,ST,統計學研究所,F713,M,碩士班,1,,投資與損失分析,3,選,30,7,,23,俞淑惠,C02-320,,"5,6",4,,,,,"[{""day"": 2, ""dayName"": ""星期二"", ""periods"": [""5"", ""6""], ""raw"": ""5,6""}, {""day"": 3, ""dayName"": ""星期三"", ""periods"": [""4""], ""raw"": ""4""}]",,應用數學系大三、大四學生亦可修。,https://course.nuk.edu.tw/QueryCourse/tcontent.asp?OpenYear=107&Helf=2&Sclass=ST&Cono=F713,2026-08-26T18:18:27+00:00
107-2-ST-G542-M-1-,107,2,理學院,ST,統計學研究所,G542,M,碩士班,1,,Shiny 設計,3,選,10,3,,7,郭錕霖,C02-320,"7,8",8,,,,,,"[{""day"": 1, ""dayName"": ""星期一"", ""periods"": [""7"", ""8""], ""raw"": ""7,8""}, {""day"": 2, ""dayName"": ""星期二"", ""periods"": [""8""], ""raw"": ""8""}]",,欲選修學生須先與授課教師面談。,https://course.nuk.edu.tw/QueryCourse/tcontent.asp?OpenYear=107&Helf=2&Sclass=ST&Cono=G542,2026-08-26T18:18:27+00:00
107-2-ST-G561-M-1-,107,2,理學院,ST,統計學研究所,G561,M,碩士班,1,,多變量分析,3,選,30,19,,11,張志浩,C02-320,,,5,"3,4",,,,"[{""day"": 3, ""dayName"": ""星期三"", ""periods"": [""5""], ""raw"": ""5""}, {""day"": 4, ""dayName"": ""星期四"", ""periods"": [""3"", ""4""], ""raw"": ""3,4""}]",學程,應用數學系大三、大四學生亦可修。,https://course.nuk.edu.tw/QueryCourse/tcontent.asp?OpenYear=107&Helf=2&Sclass=ST&Cono=G561,2026-08-26T18:18:27+00:00
107-2-ST-F522-M-2-,107,2,理學院,ST,統計學研究所,F522,M,碩士班,2,,網絡分析,3,選,30,10,,20,郭錕霖,C02-320,,3,,"6,7",,,,"[{""day"": 2, ""dayName"": ""星期二"", ""periods"": [""3""], ""raw"": ""3""}, {""day"": 4, ""dayName"": ""星期四"", ""periods"": [""6"", ""7""], ""raw"": ""6,7""}]",,應用數學系大三、大四學生亦可修。,https://course.nuk.edu.tw/QueryCourse/tcontent.asp?OpenYear=107&Helf=2&Sclass=ST&Cono=F522,2026-08-26T18:18:27+00:00
107-2-ST-F543-M-2-,107,2,理學院,ST,統計學研究所,F543,M,碩士班,2,,會計與金融,3,選,30,6,,24,俞淑惠,C02-320,"5,6",4,,,,,,"[{""day"": 1, ""dayName"": ""星期一"", ""periods"": [""5"", ""6""], ""raw"": ""5,6""}, {""day"": 2, ""dayName"": ""星期二"", ""periods"": [""4""], ""raw"": ""4""}]",,應用數學系大三、大四學生亦可修。,https://course.nuk.edu.tw/QueryCourse/tcontent.asp?OpenYear=107&Helf=2&Sclass=ST&Cono=F543,2026-08-26T18:18:27+00:00
107-2-ST-F561-M-2-,107,2,理學院,ST,統計學研究所,F561,M,碩士班,2,,實驗設計,3,選,30,8,,22,許湘伶,C02-320,,,"2,3",,4,,,"[{""day"": 3, ""dayName"": ""星期三"", ""periods"": [""2"", ""3""], ""raw"": ""2,3""}, {""day"": 5, ""dayName"": ""星期五"", ""periods"": [""4""], ""raw"": ""4""}]",,應用數學系大三、大四學生亦可修。,https://course.nuk.edu.tw/QueryCourse/tcontent.asp?OpenYear=107&Helf=2&Sclass=ST&Cono=F561,2026-08-26T18:18:27+00:00
107-2-ST-F652-M-2-,107,2,理學院,ST,統計學研究所,F652,M,碩士班,2,,統計建模與模擬,3,選,30,13,,17,張志浩,C02-320,,,6,,"2,3",,,"[{""day"": 3, ""dayName"": ""星期三"", ""periods"": [""6""], ""raw"": ""6""}, {""day"": 5, ""dayName"": ""星期五"", ""periods"": [""2"", ""3""], ""raw"": ""2,3""}]",學程,應用數學系大三、大四學生亦可修。,https://course.nuk.edu.tw/QueryCourse/tcontent.asp?OpenYear=107&Helf=2&Sclass=ST&Cono=F652,2026-08-26T18:18:27+00:00
107-2-ST-F694-M-2-,107,2,理學院,ST,統計學研究所,F694,M,碩士班,2,,巨量資料技術與分析應用,3,選,30,7,,23,許湘伶,C02-320,,,,2,"5,6",,,"[{""day"": 4, ""dayName"": ""星期四"", ""periods"": [""2""], ""raw"": ""2""}, {""day"": 5, ""dayName"": ""星期五"", ""periods"": [""5"", ""6""], ""raw"": ""5,6""}]",學程,與應用數學系大四、碩士班合開。,https://course.nuk.edu.tw/QueryCourse/tcontent.asp?OpenYear=107&Helf=2&Sclass=ST&Cono=F694,2026-08-26T18:18:27+00:00
107-2-ST-F713-M-2-,107,2,理學院,ST,統計學研究所,F713,M,碩士班,2,,投資與損失分析,3,選,30,7,,23,俞淑惠,C02-320,,"5,6",4,,,,,"[{""day"": 2, ""dayName"": ""星期二"", ""periods"": [""5"", ""6""], ""raw"": ""5,6""}, {""day"": 3, ""dayName"": ""星期三"", ""periods"": [""4""], ""raw"": ""4""}]",,應用數學系大三、大四學生亦可修。,https://course.nuk.edu.tw/QueryCourse/tcontent.asp?OpenYear=107&Helf=2&Sclass=ST&Cono=F713,2026-08-26T18:18:27+00:00
107-2-ST-F900-M-2-,107,2,理學院,ST,統計學研究所,F900,M,碩士班,2,,企業實習(for DIGI+Talent),3,選,9,9,,0,黃士峰,,,,,,,"2,3, 4",,"[{""day"": 6, ""dayName"": ""星期六"", ""periods"": [""2"", ""3"", ""4""], ""raw"": ""2,3, 4""}]",禁止外加,限本所參與【107年度經濟部工業局DIGI+Talent跨域數位人才加速躍升計畫】校外實習學生選修，實習時數240小時。,https://course.nuk.edu.tw/QueryCourse/tcontent.asp?OpenYear=107&Helf=2&Sclass=ST&Cono=F900,2026-08-26T18:18:27+00:00
107-2-ST-G542-M-2-,107,2,理學院,ST,統計學研究所,G542,M,碩士班,2,,Shiny 設計,3,選,10,3,,7,郭錕霖,C02-320,"7,8",8,,,,,,"[{""day"": 1, ""dayName"": ""星期一"", ""periods"": [""7"", ""8""], ""raw"": ""7,8""}, {""day"": 2, ""dayName"": ""星期二"", ""periods"": [""8""], ""raw"": ""8""}]",,欲選修學生須先與授課教師面談。,https://course.nuk.edu.tw/QueryCourse/tcontent.asp?OpenYear=107&Helf=2&Sclass=ST&Cono=G542,2026-08-26T18:18:27+00:00
107-2-ST-G561-M-2-,107,2,理學院,ST,統計學研究所,G561,M,碩士班,2,,多變量分析,3,選,30,19,,11,張志浩,C02-320,,,5,"3,4",,,,"[{""day"": 3, ""dayName"": ""星期三"", ""periods"": [""5""], ""raw"": ""5""}, {""day"": 4, ""dayName"": ""星期四"", ""periods"": [""3"", ""4""], ""raw"": ""3,4""}]",學程,應用數學系大三、大四學生亦可修。,https://course.nuk.edu.tw/QueryCourse/tcontent.asp?OpenYear=107&Helf=2&Sclass=ST&Cono=G561,2026-08-26T18:18:27+00:00
107-2-AB-A01B-A-1-A,107,2,管理學院,AB,亞太工商管理學系,A01B,A,大學部,1,A,經濟學(二),3,必,87,72,,15,林聖蒨,M01-B102,,,"2,3, 4",,,,,"[{""day"": 3, ""dayName"": ""星期三"", ""periods"": [""2"", ""3"", ""4""], ""raw"": ""2,3, 4""}]",限修及外加,限本系選修，外系同學請洽授課教師,https://course.nuk.edu.tw/QueryCourse/tcontent.asp?OpenYear=107&Helf=2&Sclass=AB&Cono=A01B,2026-08-26T18:18:27+00:00
107-2-AB-A03B-A-1-A,107,2,管理學院,AB,亞太工商管理學系,A03B,A,大學部,1,A,會計學(二),3,必,91,72,,19,陳宜伶,M01-201,,,,,"5,6, 7",,,"[{""day"": 5, ""dayName"": ""星期五"", ""periods"": [""5"", ""6"", ""7""], ""raw"": ""5,6, 7""}]",,,https://course.nuk.edu.tw/QueryCourse/tcontent.asp?OpenYear=107&Helf=2&Sclass=AB&Cono=A03B,2026-08-26T18:18:27+00:00
107-2-AB-A052-A-1-A,107,2,管理學院,AB,亞太工商管理學系,A052,A,大學部,1,A,微積分（二）,3,必,89,73,,16,盧昆宏,M01-201,"2,3, 4",,,,,,,"[{""day"": 1, ""dayName"": ""星期一"", ""periods"": [""2"", ""3"", ""4""], ""raw"": ""2,3, 4""}]",限修及外加,限本系選修，外系同學請洽授課教師,https://course.nuk.edu.tw/QueryCourse/tcontent.asp?OpenYear=107&Helf=2&Sclass=AB&Cono=A052,2026-08-26T18:18:27+00:00
107-2-AB-A061-A-1-A,107,2,管理學院,AB,亞太工商管理學系,A061,A,大學部,1,A,管理數學,3,選,40,22,,18,陳榮泰,M01-208,,"5,6, 7",,,,,,"[{""day"": 2, ""dayName"": ""星期二"", ""periods"": [""5"", ""6"", ""7""], ""raw"": ""5,6, 7""}]",限修及外加,限本系選修，外系同學請洽授課教師。,https://course.nuk.edu.tw/QueryCourse/tcontent.asp?OpenYear=107&Helf=2&Sclass=AB&Cono=A061,2026-08-26T18:18:27+00:00
107-2-AB-A191-A-1-A,107,2,管理學院,AB,亞太工商管理學系,A191,A,大學部,1,A,管理科學模式,3,選,42,31,,11,許博翔,M01-208,,"2,3, 4",,,,,,"[{""day"": 2, ""dayName"": ""星期二"", ""periods"": [""2"", ""3"", ""4""], ""raw"": ""2,3, 4""}]",外加 學程,企管模組,https://course.nuk.edu.tw/QueryCourse/tcontent.asp?OpenYear=107&Helf=2&Sclass=AB&Cono=A191,2026-08-26T18:18:27+00:00
107-2-AB-A512-A-1-A,107,2,管理學院,AB,亞太工商管理學系,A512,A,大學部,1,A,亞太經貿概論,3,選,40,19,,21,林聖蒨,M01-B104,,,,"2,3, 4",,,,"[{""day"": 4, ""dayName"": ""星期四"", ""periods"": [""2"", ""3"", ""4""], ""raw"": ""2,3, 4""}]",,,https://course.nuk.edu.tw/QueryCourse/tcontent.asp?OpenYear=107&Helf=2&Sclass=AB&Cono=A512,2026-08-26T18:18:27+00:00
107-2-AB-A531-A-1-A,107,2,管理學院,AB,亞太工商管理學系,A531,A,大學部,1,A,電腦程式,3,選,57,57,,0,蘇桓彥,L01-107,,"5,6, 7",,,,,,"[{""day"": 2, ""dayName"": ""星期二"", ""periods"": [""5"", ""6"", ""7""], ""raw"": ""5,6, 7""}]",外加,圖資107電腦教室,https://course.nuk.edu.tw/QueryCourse/tcontent.asp?OpenYear=107&Helf=2&Sclass=AB&Cono=A531,2026-08-26T18:18:27+00:00
107-2-AB-B173-A-1-A,107,2,管理學院,AB,亞太工商管理學系,B173,A,大學部,1,A,亞太管理議題,3,必,75,65,,10,楊詠凱,M01-B102,,,,"2,3, 4",,,,"[{""day"": 4, ""dayName"": ""星期四"", ""periods"": [""2"", ""3"", ""4""], ""raw"": ""2,3, 4""}]",學程,全英文授課,https://course.nuk.edu.tw/QueryCourse/tcontent.asp?OpenYear=107&Helf=2&Sclass=AB&Cono=B173,2026-08-26T18:18:27+00:00
107-2-AB-C69B-A-1-A,107,2,管理學院,AB,亞太工商管理學系,C69B,A,大學部,1,A,日語(二),2,選,40,13,,27,林聖蒨,M01-105,,,"6,7",,,,,"[{""day"": 3, ""dayName"": ""星期三"", ""periods"": [""6"", ""7""], ""raw"": ""6,7""}]",,,https://course.nuk.edu.tw/QueryCourse/tcontent.asp?OpenYear=107&Helf=2&Sclass=AB&Cono=C69B,2026-08-26T18:18:27+00:00
107-2-AB-B03B-A-2-A,107,2,管理學院,AB,亞太工商管理學系,B03B,A,大學部,2,A,統計學(二),3,必,72,71,,1,莊寶鵰,M01-B102,,"2,3, 4",,,,,,"[{""day"": 2, ""dayName"": ""星期二"", ""periods"": [""2"", ""3"", ""4""], ""raw"": ""2,3, 4""}]",限修及外加,限本系選修，外系同學請洽授課教師,https://course.nuk.edu.tw/QueryCourse/tcontent.asp?OpenYear=107&Helf=2&Sclass=AB&Cono=B03B,2026-08-26T18:18:27+00:00
107-2-AB-B091-A-2-A,107,2,管理學院,AB,亞太工商管理學系,B091,A,大學部,2,A,消費者行為,3,必,60,52,,8,劉信賢,M01-105,"2,3, 4",,,,,,,"[{""day"": 1, ""dayName"": ""星期一"", ""periods"": [""2"", ""3"", ""4""], ""raw"": ""2,3, 4""}]",限修 學程,企管組必修，人文與商管學程,https://course.nuk.edu.tw/QueryCourse/tcontent.asp?OpenYear=107&Helf=2&Sclass=AB&Cono=B091,2026-08-26T18:18:27+00:00
107-2-AB-B14A-A-2-A,107,2,管理學院,AB,亞太工商管理學系,B14A,A,大學部,2,A,商事法,3,必,91,70,,21,陳旻沂,M01-201,,,"10,11, 12",,,,,"[{""day"": 3, ""dayName"": ""星期三"", ""periods"": [""10"", ""11"", ""12""], ""raw"": ""10,11, 12""}]",限修及外加 學程,限本系選修，外系同學請洽授課教師，人文與商管學程,https://course.nuk.edu.tw/QueryCourse/tcontent.asp?OpenYear=107&Helf=2&Sclass=AB&Cono=B14A,2026-08-26T18:18:27+00:00
107-2-AB-B173-A-2-A,107,2,管理學院,AB,亞太工商管理學系,B173,A,大學部,2,A,亞太管理議題,3,必,75,65,,10,楊詠凱,M01-B102,,,,"2,3, 4",,,,"[{""day"": 4, ""dayName"": ""星期四"", ""periods"": [""2"", ""3"", ""4""], ""raw"": ""2,3, 4""}]",學程,全英文授課,https://course.nuk.edu.tw/QueryCourse/tcontent.asp?OpenYear=107&Helf=2&Sclass=AB&Cono=B173,2026-08-26T18:18:27+00:00
107-2-AB-C551-A-2-A,107,2,管理學院,AB,亞太工商管理學系,C551,A,大學部,2,A,應用計量經濟學,3,選,50,14,,36,許博翔,M01-208,,,"6,7, 8",,,,,"[{""day"": 3, ""dayName"": ""星期三"", ""periods"": [""6"", ""7"", ""8""], ""raw"": ""6,7, 8""}]",,,https://course.nuk.edu.tw/QueryCourse/tcontent.asp?OpenYear=107&Helf=2&Sclass=AB&Cono=C551,2026-08-26T18:18:27+00:00
107-2-AB-C652-A-2-A,107,2,管理學院,AB,亞太工商管理學系,C652,A,大學部,2,A,管理科學程式設計,3,選,25,2,,23,陳榮泰,M01-208,,,"2,3, 4",,,,,"[{""day"": 3, ""dayName"": ""星期三"", ""periods"": [""2"", ""3"", ""4""], ""raw"": ""2,3, 4""}]",限修,亞太系修過電腦程式之二、三、四年級同學皆可選修，未修過電腦程式之二、三、四年級同學請洽授課,https://course.nuk.edu.tw/QueryCourse/tcontent.asp?OpenYear=107&Helf=2&Sclass=AB&Cono=C652,2026-08-26T18:18:27+00:00
107-2-AB-C05A-A-3-A,107,2,管理學院,AB,亞太工商管理學系,C05A,A,大學部,3,A,亞太工商管理專題(一)(A),3,必,18,16,,2,林聖蒨 陳宜伶 許博翔,M01-B102,,"Y,8, 9",,,,,,"[{""day"": 2, ""dayName"": ""星期二"", ""periods"": [""Y"", ""8"", ""9""], ""raw"": ""Y,8, 9""}]",限修,限該分組同學選修,https://course.nuk.edu.tw/QueryCourse/tcontent.asp?OpenYear=107&Helf=2&Sclass=AB&Cono=C05A,2026-08-26T18:18:27+00:00
107-2-AB-C071-A-3-A,107,2,管理學院,AB,亞太工商管理學系,C071,A,大學部,3,A,設施規劃,3,必,50,29,,21,陳榮泰,M01-208,"2,3, 4",,,,,,,"[{""day"": 1, ""dayName"": ""星期一"", ""periods"": [""2"", ""3"", ""4""], ""raw"": ""2,3, 4""}]",限修,工管組必修，限本系學生選修，外系同學請洽授課教師,https://course.nuk.edu.tw/QueryCourse/tcontent.asp?OpenYear=107&Helf=2&Sclass=AB&Cono=C071,2026-08-26T18:18:27+00:00
107-2-AB-C081-A-3-A,107,2,管理學院,AB,亞太工商管理學系,C081,A,大學部,3,A,管理資訊系統,3,必,50,39,,11,蘇桓彥,M01-208,,,,,"6,7, 8",,,"[{""day"": 5, ""dayName"": ""星期五"", ""periods"": [""6"", ""7"", ""8""], ""raw"": ""6,7, 8""}]",,企管組必修,https://course.nuk.edu.tw/QueryCourse/tcontent.asp?OpenYear=107&Helf=2&Sclass=AB&Cono=C081,2026-08-26T18:18:27+00:00
107-2-AB-C09A-A-3-A,107,2,管理學院,AB,亞太工商管理學系,C09A,A,大學部,3,A,亞太工商管理專題(一)(B),3,必,12,10,,2,劉信賢 莊寶鵰,M01-102,,"Y,8, 9",,,,,,"[{""day"": 2, ""dayName"": ""星期二"", ""periods"": [""Y"", ""8"", ""9""], ""raw"": ""Y,8, 9""}]",限修,限該分組同學選修,https://course.nuk.edu.tw/QueryCourse/tcontent.asp?OpenYear=107&Helf=2&Sclass=AB&Cono=C09A,2026-08-26T18:18:27+00:00
107-2-AB-C10A-A-3-A,107,2,管理學院,AB,亞太工商管理學系,C10A,A,大學部,3,A,亞太工商管理專題(一)(C),3,必,12,10,,2,陳榮泰 盧昆宏,M01-103,,"Y,8, 9",,,,,,"[{""day"": 2, ""dayName"": ""星期二"", ""periods"": [""Y"", ""8"", ""9""], ""raw"": ""Y,8, 9""}]",限修,限該分組同學選修,https://course.nuk.edu.tw/QueryCourse/tcontent.asp?OpenYear=107&Helf=2&Sclass=AB&Cono=C10A,2026-08-26T18:18:27+00:00
107-2-AB-C11A-A-3-A,107,2,管理學院,AB,亞太工商管理學系,C11A,A,大學部,3,A,亞太工商管理專題(一)(D),3,必,12,11,,1,李亭林 楊詠凱,M01-104,,"Y,8, 9",,,,,,"[{""day"": 2, ""dayName"": ""星期二"", ""periods"": [""Y"", ""8"", ""9""], ""raw"": ""Y,8, 9""}]",限修,限該分組同學選修,https://course.nuk.edu.tw/QueryCourse/tcontent.asp?OpenYear=107&Helf=2&Sclass=AB&Cono=C11A,2026-08-26T18:18:27+00:00
107-2-AB-C12A-A-3-A,107,2,管理學院,AB,亞太工商管理學系,C12A,A,大學部,3,A,亞太工商管理專題(一)(E),3,必,12,11,,1,陳一民 蘇桓彥,M01-105,,"Y,8, 9",,,,,,"[{""day"": 2, ""dayName"": ""星期二"", ""periods"": [""Y"", ""8"", ""9""], ""raw"": ""Y,8, 9""}]",限修,限該分組同學選修,https://course.nuk.edu.tw/QueryCourse/tcontent.asp?OpenYear=107&Helf=2&Sclass=AB&Cono=C12A,2026-08-26T18:18:27+00:00
107-2-AB-C142-A-3-A,107,2,管理學院,AB,亞太工商管理學系,C142,A,大學部,3,A,亞太科技政策與管理,3,必,70,57,,13,李亭林,M01-201,,,,"2,3, 4",,,,"[{""day"": 4, ""dayName"": ""星期四"", ""periods"": [""2"", ""3"", ""4""], ""raw"": ""2,3, 4""}]",學程,人文與商管學程,https://course.nuk.edu.tw/QueryCourse/tcontent.asp?OpenYear=107&Helf=2&Sclass=AB&Cono=C142,2026-08-26T18:18:27+00:00
107-2-AB-D01A-A-3-A,107,2,管理學院,AB,亞太工商管理學系,D01A,A,大學部,3,A,組織行為學,3,必,65,58,,7,楊詠凱,M01-B109,,,"2,3, 4",,,,,"[{""day"": 3, ""dayName"": ""星期三"", ""periods"": [""2"", ""3"", ""4""], ""raw"": ""2,3, 4""}]",,,https://course.nuk.edu.tw/QueryCourse/tcontent.asp?OpenYear=107&Helf=2&Sclass=AB&Cono=D01A,2026-08-26T18:18:27+00:00
107-2-AB-D111-A-4-A,107,2,管理學院,AB,亞太工商管理學系,D111,A,大學部,4,A,亞太產業政策,3,必,65,56,,9,陳一民,M01-105,,,,"2,3, 4",,,,"[{""day"": 4, ""dayName"": ""星期四"", ""periods"": [""2"", ""3"", ""4""], ""raw"": ""2,3, 4""}]",,,https://course.nuk.edu.tw/QueryCourse/tcontent.asp?OpenYear=107&Helf=2&Sclass=AB&Cono=D111,2026-08-26T18:18:27+00:00
107-2-AB-D704-A-4-A,107,2,管理學院,AB,亞太工商管理學系,D704,A,大學部,4,A,企業實習,3,選,10,10,,0,陳一民,,,,,,,,X,"[{""day"": 7, ""dayName"": ""星期日"", ""periods"": [""X""], ""raw"": ""X""}]",學程,指定加簽,https://course.nuk.edu.tw/QueryCourse/tcontent.asp?OpenYear=107&Helf=2&Sclass=AB&Cono=D704,2026-08-26T18:18:27+00:00
107-2-AB-T521-L-1-,107,2,管理學院,AB,亞太工商管理學系,T521,L,碩士在職專班,1,,系統思考與動態模擬,3,選,20,15,,5,李亭林,M01-108,,,,"10,11, 12",,,,"[{""day"": 4, ""dayName"": ""星期四"", ""periods"": [""10"", ""11"", ""12""], ""raw"": ""10,11, 12""}]",限修,與碩專二年級合開,https://course.nuk.edu.tw/QueryCourse/tcontent.asp?OpenYear=107&Helf=2&Sclass=AB&Cono=T521,2026-08-26T18:18:27+00:00
107-2-AB-T524-L-1-,107,2,管理學院,AB,亞太工商管理學系,T524,L,碩士在職專班,1,,消費者行為專題,3,選,20,11,,9,劉信賢,M01-420,,"10,11, 12",,,,,,"[{""day"": 2, ""dayName"": ""星期二"", ""periods"": [""10"", ""11"", ""12""], ""raw"": ""10,11, 12""}]",限修,與碩專二年級合開,https://course.nuk.edu.tw/QueryCourse/tcontent.asp?OpenYear=107&Helf=2&Sclass=AB&Cono=T524,2026-08-26T18:18:27+00:00
107-2-AB-T542-L-1-,107,2,管理學院,AB,亞太工商管理學系,T542,L,碩士在職專班,1,,公司治理,3,選,21,3,,18,陳宜伶,M01-317,,,"10,11, 12",,,,,"[{""day"": 3, ""dayName"": ""星期三"", ""periods"": [""10"", ""11"", ""12""], ""raw"": ""10,11, 12""}]",限修及外加,與碩專二年級合開,https://course.nuk.edu.tw/QueryCourse/tcontent.asp?OpenYear=107&Helf=2&Sclass=AB&Cono=T542,2026-08-26T18:18:27+00:00
107-2-AB-T581-L-1-,107,2,管理學院,AB,亞太工商管理學系,T581,L,碩士在職專班,1,,電子商務,3,選,21,10,,11,蘇桓彥,M01-317,,,,,"10,11, 12",,,"[{""day"": 5, ""dayName"": ""星期五"", ""periods"": [""10"", ""11"", ""12""], ""raw"": ""10,11, 12""}]",限修及外加,與碩專二年級合開,https://course.nuk.edu.tw/QueryCourse/tcontent.asp?OpenYear=107&Helf=2&Sclass=AB&Cono=T581,2026-08-26T18:18:27+00:00
107-2-AB-U501-L-1-,107,2,管理學院,AB,亞太工商管理學系,U501,L,碩士在職專班,1,,多變量分析,3,選,20,17,,3,盧昆宏,M01-317,"10,11, 12",,,,,,,"[{""day"": 1, ""dayName"": ""星期一"", ""periods"": [""10"", ""11"", ""12""], ""raw"": ""10,11, 12""}]",限修,與碩專二年級合開,https://course.nuk.edu.tw/QueryCourse/tcontent.asp?OpenYear=107&Helf=2&Sclass=AB&Cono=U501,2026-08-26T18:18:27+00:00
107-2-AB-U531-L-1-,107,2,管理學院,AB,亞太工商管理學系,U531,L,碩士在職專班,1,,服務業管理,3,選,20,6,,14,莊寶鵰,M01-317,,"10,11, 12",,,,,,"[{""day"": 2, ""dayName"": ""星期二"", ""periods"": [""10"", ""11"", ""12""], ""raw"": ""10,11, 12""}]",限修,與碩專二年級合開，日碩不得選修,https://course.nuk.edu.tw/QueryCourse/tcontent.asp?OpenYear=107&Helf=2&Sclass=AB&Cono=U531,2026-08-26T18:18:27+00:00
107-2-AB-U542-L-1-,107,2,管理學院,AB,亞太工商管理學系,U542,L,碩士在職專班,1,,組織理論與管理,3,選,20,3,,17,黃英忠,M01-317,,,,,,"10,11, 12",,"[{""day"": 6, ""dayName"": ""星期六"", ""periods"": [""10"", ""11"", ""12""], ""raw"": ""10,11, 12""}]",限修,與碩專二年級合開,https://course.nuk.edu.tw/QueryCourse/tcontent.asp?OpenYear=107&Helf=2&Sclass=AB&Cono=U542,2026-08-26T18:18:27+00:00
107-2-AB-T521-L-2-,107,2,管理學院,AB,亞太工商管理學系,T521,L,碩士在職專班,2,,系統思考與動態模擬,3,選,20,15,,5,李亭林,M01-108,,,,"10,11, 12",,,,"[{""day"": 4, ""dayName"": ""星期四"", ""periods"": [""10"", ""11"", ""12""], ""raw"": ""10,11, 12""}]",限修,與碩專一年級合開,https://course.nuk.edu.tw/QueryCourse/tcontent.asp?OpenYear=107&Helf=2&Sclass=AB&Cono=T521,2026-08-26T18:18:27+00:00
107-2-AB-T524-L-2-,107,2,管理學院,AB,亞太工商管理學系,T524,L,碩士在職專班,2,,消費者行為專題,3,選,20,11,,9,劉信賢,M01-420,,"10,11, 12",,,,,,"[{""day"": 2, ""dayName"": ""星期二"", ""periods"": [""10"", ""11"", ""12""], ""raw"": ""10,11, 12""}]",限修,與碩專一年級合開,https://course.nuk.edu.tw/QueryCourse/tcontent.asp?OpenYear=107&Helf=2&Sclass=AB&Cono=T524,2026-08-26T18:18:27+00:00
107-2-AB-T542-L-2-,107,2,管理學院,AB,亞太工商管理學系,T542,L,碩士在職專班,2,,公司治理,3,選,21,3,,18,陳宜伶,M01-317,,,"10,11, 12",,,,,"[{""day"": 3, ""dayName"": ""星期三"", ""periods"": [""10"", ""11"", ""12""], ""raw"": ""10,11, 12""}]",限修及外加,與碩專一年級合開,https://course.nuk.edu.tw/QueryCourse/tcontent.asp?OpenYear=107&Helf=2&Sclass=AB&Cono=T542,2026-08-26T18:18:27+00:00
107-2-AB-T581-L-2-,107,2,管理學院,AB,亞太工商管理學系,T581,L,碩士在職專班,2,,電子商務,3,選,21,10,,11,蘇桓彥,M01-317,,,,,"10,11, 12",,,"[{""day"": 5, ""dayName"": ""星期五"", ""periods"": [""10"", ""11"", ""12""], ""raw"": ""10,11, 12""}]",限修及外加,與碩專一年級合開,https://course.nuk.edu.tw/QueryCourse/tcontent.asp?OpenYear=107&Helf=2&Sclass=AB&Cono=T581,2026-08-26T18:18:27+00:00
107-2-AB-U501-L-2-,107,2,管理學院,AB,亞太工商管理學系,U501,L,碩士在職專班,2,,多變量分析,3,選,20,17,,3,盧昆宏,M01-317,"10,11, 12",,,,,,,"[{""day"": 1, ""dayName"": ""星期一"", ""periods"": [""10"", ""11"", ""12""], ""raw"": ""10,11, 12""}]",限修,與碩專一年級合開,https://course.nuk.edu.tw/QueryCourse/tcontent.asp?OpenYear=107&Helf=2&Sclass=AB&Cono=U501,2026-08-26T18:18:27+00:00
107-2-AB-U531-L-2-,107,2,管理學院,AB,亞太工商管理學系,U531,L,碩士在職專班,2,,服務業管理,3,選,20,6,,14,莊寶鵰,M01-317,,"10,11, 12",,,,,,"[{""day"": 2, ""dayName"": ""星期二"", ""periods"": [""10"", ""11"", ""12""], ""raw"": ""10,11, 12""}]",限修,與碩專一年級合開，日碩不得選修,https://course.nuk.edu.tw/QueryCourse/tcontent.asp?OpenYear=107&Helf=2&Sclass=AB&Cono=U531,2026-08-26T18:18:27+00:00
107-2-AB-U542-L-2-,107,2,管理學院,AB,亞太工商管理學系,U542,L,碩士在職專班,2,,組織理論與管理,3,選,20,3,,17,黃英忠,M01-317,,,,,,"10,11, 12",,"[{""day"": 6, ""dayName"": ""星期六"", ""periods"": [""10"", ""11"", ""12""], ""raw"": ""10,11, 12""}]",,,https://course.nuk.edu.tw/QueryCourse/tcontent.asp?OpenYear=107&Helf=2&Sclass=AB&Cono=U542,2026-08-26T18:18:27+00:00
107-2-AB-F071-M-1-,107,2,管理學院,AB,亞太工商管理學系,F071,M,碩士班,1,,多變量分析,3,必,15,9,,6,盧昆宏,M01-317,,"2,3, 4",,,,,,"[{""day"": 2, ""dayName"": ""星期二"", ""periods"": [""2"", ""3"", ""4""], ""raw"": ""2,3, 4""}]",,,https://course.nuk.edu.tw/QueryCourse/tcontent.asp?OpenYear=107&Helf=2&Sclass=AB&Cono=F071,2026-08-26T18:18:27+00:00
107-2-AB-F583-M-1-,107,2,管理學院,AB,亞太工商管理學系,F583,M,碩士班,1,,產業分析-理論與實務,3,選,21,7,,14,李亭林,M01-317,,,,,"2,3, 4",,,"[{""day"": 5, ""dayName"": ""星期五"", ""periods"": [""2"", ""3"", ""4""], ""raw"": ""2,3, 4""}]",限修及外加,與碩二合開,https://course.nuk.edu.tw/QueryCourse/tcontent.asp?OpenYear=107&Helf=2&Sclass=AB&Cono=F583,2026-08-26T18:18:27+00:00
107-2-AB-F642-M-1-,107,2,管理學院,AB,亞太工商管理學系,F642,M,碩士班,1,,公司治理,3,選,10,7,,3,陳宜伶,M01-420,,,"2,3, 4",,,,,"[{""day"": 3, ""dayName"": ""星期三"", ""periods"": [""2"", ""3"", ""4""], ""raw"": ""2,3, 4""}]",限修及外加,與碩二合開,https://course.nuk.edu.tw/QueryCourse/tcontent.asp?OpenYear=107&Helf=2&Sclass=AB&Cono=F642,2026-08-26T18:18:27+00:00
107-2-AB-F695-M-1-,107,2,管理學院,AB,亞太工商管理學系,F695,M,碩士班,1,,人力資源管理,3,選,15,2,,13,黃英忠,M01-420,,,,,"2,3, 4",,,"[{""day"": 5, ""dayName"": ""星期五"", ""periods"": [""2"", ""3"", ""4""], ""raw"": ""2,3, 4""}]",限修,與碩二合開,https://course.nuk.edu.tw/QueryCourse/tcontent.asp?OpenYear=107&Helf=2&Sclass=AB&Cono=F695,2026-08-26T18:18:27+00:00
107-2-AB-F697-M-1-,107,2,管理學院,AB,亞太工商管理學系,F697,M,碩士班,1,,人力報償管理專題,3,選,15,10,,5,黃英忠,M01-420,,,,,,"2,3, 4",,"[{""day"": 6, ""dayName"": ""星期六"", ""periods"": [""2"", ""3"", ""4""], ""raw"": ""2,3, 4""}]",限修,與碩二合開,https://course.nuk.edu.tw/QueryCourse/tcontent.asp?OpenYear=107&Helf=2&Sclass=AB&Cono=F697,2026-08-26T18:18:27+00:00
107-2-AB-F703-M-1-,107,2,管理學院,AB,亞太工商管理學系,F703,M,碩士班,1,,校外實習（春）,9,選,3,3,,0,陳宜伶,,,,,,,X,X,"[{""day"": 6, ""dayName"": ""星期六"", ""periods"": [""X""], ""raw"": ""X""}, {""day"": 7, ""dayName"": ""星期日"", ""periods"": [""X""], ""raw"": ""X""}]",外加,指定加簽,https://course.nuk.edu.tw/QueryCourse/tcontent.asp?OpenYear=107&Helf=2&Sclass=AB&Cono=F703,2026-08-26T18:18:27+00:00
107-2-AB-G512-M-1-,107,2,管理學院,AB,亞太工商管理學系,G512,M,碩士班,1,,服務業管理,3,選,15,9,,6,莊寶鵰,M01-317,,,"6,7, 8",,,,,"[{""day"": 3, ""dayName"": ""星期三"", ""periods"": [""6"", ""7"", ""8""], ""raw"": ""6,7, 8""}]",限修及外加,與碩二合開,https://course.nuk.edu.tw/QueryCourse/tcontent.asp?OpenYear=107&Helf=2&Sclass=AB&Cono=G512,2026-08-26T18:18:27+00:00
107-2-AB-F583-M-2-,107,2,管理學院,AB,亞太工商管理學系,F583,M,碩士班,2,,產業分析-理論與實務,3,選,21,7,,14,李亭林,M01-317,,,,,"2,3, 4",,,"[{""day"": 5, ""dayName"": ""星期五"", ""periods"": [""2"", ""3"", ""4""], ""raw"": ""2,3, 4""}]",外加,與碩一合開,https://course.nuk.edu.tw/QueryCourse/tcontent.asp?OpenYear=107&Helf=2&Sclass=AB&Cono=F583,2026-08-26T18:18:27+00:00
107-2-AB-F642-M-2-,107,2,管理學院,AB,亞太工商管理學系,F642,M,碩士班,2,,公司治理,3,選,10,7,,3,陳宜伶,M01-420,,,"2,3, 4",,,,,"[{""day"": 3, ""dayName"": ""星期三"", ""periods"": [""2"", ""3"", ""4""], ""raw"": ""2,3, 4""}]",限修及外加,與碩一合開,https://course.nuk.edu.tw/QueryCourse/tcontent.asp?OpenYear=107&Helf=2&Sclass=AB&Cono=F642,2026-08-26T18:18:27+00:00
107-2-AB-F695-M-2-,107,2,管理學院,AB,亞太工商管理學系,F695,M,碩士班,2,,人力資源管理,3,選,15,2,,13,黃英忠,M01-420,,,,,"2,3, 4",,,"[{""day"": 5, ""dayName"": ""星期五"", ""periods"": [""2"", ""3"", ""4""], ""raw"": ""2,3, 4""}]",限修,與碩一合開,https://course.nuk.edu.tw/QueryCourse/tcontent.asp?OpenYear=107&Helf=2&Sclass=AB&Cono=F695,2026-08-26T18:18:27+00:00
107-2-AB-F697-M-2-,107,2,管理學院,AB,亞太工商管理學系,F697,M,碩士班,2,,人力報償管理專題,3,選,15,10,,5,黃英忠,M01-420,,,,,,"2,3, 4",,"[{""day"": 6, ""dayName"": ""星期六"", ""periods"": [""2"", ""3"", ""4""], ""raw"": ""2,3, 4""}]",限修,與碩一合開,https://course.nuk.edu.tw/QueryCourse/tcontent.asp?OpenYear=107&Helf=2&Sclass=AB&Cono=F697,2026-08-26T18:18:27+00:00
107-2-AB-G512-M-2-,107,2,管理學院,AB,亞太工商管理學系,G512,M,碩士班,2,,服務業管理,3,選,15,9,,6,莊寶鵰,M01-317,,,"6,7, 8",,,,,"[{""day"": 3, ""dayName"": ""星期三"", ""periods"": [""6"", ""7"", ""8""], ""raw"": ""6,7, 8""}]",限修及外加,與碩一合開,https://course.nuk.edu.tw/QueryCourse/tcontent.asp?OpenYear=107&Helf=2&Sclass=AB&Cono=G512,2026-08-26T18:18:27+00:00
107-2-AE-A00B-A-1-A,107,2,管理學院,AE,應用經濟學系,A00B,A,大學部,1,A,經濟學原理(二),3,必,90,77,,13,柯秀欣,L02-204 其他教室,,"3,4",,,"5,6",,,"[{""day"": 2, ""dayName"": ""星期二"", ""periods"": [""3"", ""4""], ""raw"": ""3,4""}, {""day"": 5, ""dayName"": ""星期五"", ""periods"": [""5"", ""6""], ""raw"": ""5,6""}]",學程,人文與商管學程；星期五第6節為實習,https://course.nuk.edu.tw/QueryCourse/tcontent.asp?OpenYear=107&Helf=2&Sclass=AE&Cono=A00B,2026-08-26T18:18:27+00:00
107-2-AE-A01B-A-1-A,107,2,管理學院,AE,應用經濟學系,A01B,A,大學部,1,A,會計學(二),3,必,70,61,,9,胡博仁,M01-B102,"1,2, 3,4",,,,,,,"[{""day"": 1, ""dayName"": ""星期一"", ""periods"": [""1"", ""2"", ""3"", ""4""], ""raw"": ""1,2, 3,4""}]",,星期一第1節為實習,https://course.nuk.edu.tw/QueryCourse/tcontent.asp?OpenYear=107&Helf=2&Sclass=AE&Cono=A01B,2026-08-26T18:18:27+00:00
107-2-AE-A092-A-1-A,107,2,管理學院,AE,應用經濟學系,A092,A,大學部,1,A,微積分（二）,3,必,85,77,,8,鄭斯恩,C02-105,,"5,6",,"6,7",,,,"[{""day"": 2, ""dayName"": ""星期二"", ""periods"": [""5"", ""6""], ""raw"": ""5,6""}, {""day"": 4, ""dayName"": ""星期四"", ""periods"": [""6"", ""7""], ""raw"": ""6,7""}]",,星期四第7節為實習,https://course.nuk.edu.tw/QueryCourse/tcontent.asp?OpenYear=107&Helf=2&Sclass=AE&Cono=A092,2026-08-26T18:18:27+00:00
107-2-AE-A103-A-1-A,107,2,管理學院,AE,應用經濟學系,A103,A,大學部,1,A,民法概要,3,必,92,78,,14,陳旻沂,M01-B109,,,,,"2,3, 4",,,"[{""day"": 5, ""dayName"": ""星期五"", ""periods"": [""2"", ""3"", ""4""], ""raw"": ""2,3, 4""}]",外加 學程,台越法商菁英人才學程,https://course.nuk.edu.tw/QueryCourse/tcontent.asp?OpenYear=107&Helf=2&Sclass=AE&Cono=A103,2026-08-26T18:18:27+00:00
107-2-AE-B03B-A-2-A,107,2,管理學院,AE,應用經濟學系,B03B,A,大學部,2,A,統計學(二),3,必,93,92,,1,耿紹勛,M01-201,,,"1,2, 3,4",,,,,"[{""day"": 3, ""dayName"": ""星期三"", ""periods"": [""1"", ""2"", ""3"", ""4""], ""raw"": ""1,2, 3,4""}]",外加 學程,星期三第1堂為實習課；人文與商管學程,https://course.nuk.edu.tw/QueryCourse/tcontent.asp?OpenYear=107&Helf=2&Sclass=AE&Cono=B03B,2026-08-26T18:18:27+00:00
107-2-AE-C02B-A-2-A,107,2,管理學院,AE,應用經濟學系,C02B,A,大學部,2,A,總體經濟學（二）,3,必,71,66,,5,翁銘章,M01-B109,,"1,2, 3",,,,,,"[{""day"": 2, ""dayName"": ""星期二"", ""periods"": [""1"", ""2"", ""3""], ""raw"": ""1,2, 3""}]",先修,,https://course.nuk.edu.tw/QueryCourse/tcontent.asp?OpenYear=107&Helf=2&Sclass=AE&Cono=C02B,2026-08-26T18:18:27+00:00
107-2-AE-C03B-A-2-A,107,2,管理學院,AE,應用經濟學系,C03B,A,大學部,2,A,個體經濟學（二）,3,必,71,61,,10,劉志成,L02-204,,,,"2,3, 4",,,,"[{""day"": 4, ""dayName"": ""星期四"", ""periods"": [""2"", ""3"", ""4""], ""raw"": ""2,3, 4""}]",先修,,https://course.nuk.edu.tw/QueryCourse/tcontent.asp?OpenYear=107&Helf=2&Sclass=AE&Cono=C03B,2026-08-26T18:18:27+00:00
107-2-AE-D571-A-2-A,107,2,管理學院,AE,應用經濟學系,D571,A,大學部,2,A,經濟實驗,3,選,60,48,,12,劉志成,M01-B102,,"5,6, 7",,,,,,"[{""day"": 2, ""dayName"": ""星期二"", ""periods"": [""5"", ""6"", ""7""], ""raw"": ""5,6, 7""}]",,,https://course.nuk.edu.tw/QueryCourse/tcontent.asp?OpenYear=107&Helf=2&Sclass=AE&Cono=D571,2026-08-26T18:18:27+00:00
107-2-AE-A511-A-3-A,107,2,管理學院,AE,應用經濟學系,A511,A,大學部,3,A,英文財經報導選讀,3,選,20,20,,0,蔡穎義,M01-205,,"5,6, 7",,,,,,"[{""day"": 2, ""dayName"": ""星期二"", ""periods"": [""5"", ""6"", ""7""], ""raw"": ""5,6, 7""}]",外加 學程,欲修習此課程之同學，請洽授課老師手動加簽。人文與商管學程。,https://course.nuk.edu.tw/QueryCourse/tcontent.asp?OpenYear=107&Helf=2&Sclass=AE&Cono=A511,2026-08-26T18:18:27+00:00
107-2-AE-C01A-A-3-A,107,2,管理學院,AE,應用經濟學系,C01A,A,大學部,3,A,國際經濟學（一）,3,必,62,59,,3,翁銘章 柯秀欣,M01-201,"5,6, 7",,,,,,,"[{""day"": 1, ""dayName"": ""星期一"", ""periods"": [""5"", ""6"", ""7""], ""raw"": ""5,6, 7""}]",先修 外加,,https://course.nuk.edu.tw/QueryCourse/tcontent.asp?OpenYear=107&Helf=2&Sclass=AE&Cono=C01A,2026-08-26T18:18:27+00:00
107-2-AE-F563-A-3-A,107,2,管理學院,AE,應用經濟學系,F563,A,大學部,3,A,媒體經濟學,3,選,60,26,,34,蔡佳妤,M01-204,,,,,"2,3, 4",,,"[{""day"": 5, ""dayName"": ""星期五"", ""periods"": [""2"", ""3"", ""4""], ""raw"": ""2,3, 4""}]",,,https://course.nuk.edu.tw/QueryCourse/tcontent.asp?OpenYear=107&Helf=2&Sclass=AE&Cono=F563,2026-08-26T18:18:27+00:00
107-2-AE-C651-A-4-A,107,2,管理學院,AE,應用經濟學系,C651,A,大學部,4,A,財政理論與政策,3,選,60,19,,41,佘志民,M01-208,,,,"2,3, 4",,,,"[{""day"": 4, ""dayName"": ""星期四"", ""periods"": [""2"", ""3"", ""4""], ""raw"": ""2,3, 4""}]",,公共議題與經濟政策學程之專業發展課程,https://course.nuk.edu.tw/QueryCourse/tcontent.asp?OpenYear=107&Helf=2&Sclass=AE&Cono=C651,2026-08-26T18:18:27+00:00
107-2-AE-C69B-A-4-A,107,2,管理學院,AE,應用經濟學系,C69B,A,大學部,4,A,人力資源經濟學（二）,3,選,60,24,,36,許聖章,M01-102,,,,,"2,3, 4",,,"[{""day"": 5, ""dayName"": ""星期五"", ""periods"": [""2"", ""3"", ""4""], ""raw"": ""2,3, 4""}]",,學程之「專業發展課程」。,https://course.nuk.edu.tw/QueryCourse/tcontent.asp?OpenYear=107&Helf=2&Sclass=AE&Cono=C69B,2026-08-26T18:18:27+00:00
107-2-AE-C713-A-4-A,107,2,管理學院,AE,應用經濟學系,C713,A,大學部,4,A,數理經濟學,3,選,45,40,,5,鄭義暉,M01-204,,,,"2,3, 4",,,,"[{""day"": 4, ""dayName"": ""星期四"", ""periods"": [""2"", ""3"", ""4""], ""raw"": ""2,3, 4""}]",,學程之數量方法課程,https://course.nuk.edu.tw/QueryCourse/tcontent.asp?OpenYear=107&Helf=2&Sclass=AE&Cono=C713,2026-08-26T18:18:27+00:00
107-2-AE-C721-A-4-A,107,2,管理學院,AE,應用經濟學系,C721,A,大學部,4,A,經濟社會學,3,選,60,36,,24,蔡宗秀,M01-202,,,,"5,6, 7",,,,"[{""day"": 4, ""dayName"": ""星期四"", ""periods"": [""5"", ""6"", ""7""], ""raw"": ""5,6, 7""}]",,公共議題與經濟政策學程之指定選修課程,https://course.nuk.edu.tw/QueryCourse/tcontent.asp?OpenYear=107&Helf=2&Sclass=AE&Cono=C721,2026-08-26T18:18:27+00:00
107-2-AE-C761-A-4-A,107,2,管理學院,AE,應用經濟學系,C761,A,大學部,4,A,金融市場,3,選,60,53,,7,翁銘章,M01-B104,"2,3, 4",,,,,,,"[{""day"": 1, ""dayName"": ""星期一"", ""periods"": [""2"", ""3"", ""4""], ""raw"": ""2,3, 4""}]",,產業組織與金融市場學程之指定選修課程;「產業、科技與財經法律」學分學程；人文與商管學程。,https://course.nuk.edu.tw/QueryCourse/tcontent.asp?OpenYear=107&Helf=2&Sclass=AE&Cono=C761,2026-08-26T18:18:27+00:00
107-2-AE-D01B-A-4-A,107,2,管理學院,AE,應用經濟學系,D01B,A,大學部,4,A,應用經濟實務專題(二)(A組),1,必,15,13,,2,鄭義暉,M01-201,,,"5,6, 7",,,,,"[{""day"": 3, ""dayName"": ""星期三"", ""periods"": [""5"", ""6"", ""7""], ""raw"": ""5,6, 7""}]",,,https://course.nuk.edu.tw/QueryCourse/tcontent.asp?OpenYear=107&Helf=2&Sclass=AE&Cono=D01B,2026-08-26T18:18:27+00:00
107-2-AE-D02B-A-4-A,107,2,管理學院,AE,應用經濟學系,D02B,A,大學部,4,A,應用經濟實務專題(二)(B組),1,必,15,12,,3,蔡佳妤,M01-312,,,"5,6, 7",,,,,"[{""day"": 3, ""dayName"": ""星期三"", ""periods"": [""5"", ""6"", ""7""], ""raw"": ""5,6, 7""}]",,,https://course.nuk.edu.tw/QueryCourse/tcontent.asp?OpenYear=107&Helf=2&Sclass=AE&Cono=D02B,2026-08-26T18:18:27+00:00
107-2-AE-D601-A-4-A,107,2,管理學院,AE,應用經濟學系,D601,A,大學部,4,A,國際貿易實務,3,選,60,42,,18,鄭義暉,M01-102,,,"2,3, 4",,,,,"[{""day"": 3, ""dayName"": ""星期三"", ""periods"": [""2"", ""3"", ""4""], ""raw"": ""2,3, 4""}]",,產業組織與金融市場之專業發展課程,https://course.nuk.edu.tw/QueryCourse/tcontent.asp?OpenYear=107&Helf=2&Sclass=AE&Cono=D601,2026-08-26T18:18:27+00:00
107-2-AE-D902-A-4-A,107,2,管理學院,AE,應用經濟學系,D902,A,大學部,4,A,應用經濟實務實習(二),9,選,1,1,,0,耿紹勛,M01-102,"8,9, 10",,,,,,,"[{""day"": 1, ""dayName"": ""星期一"", ""periods"": [""8"", ""9"", ""10""], ""raw"": ""8,9, 10""}]",外加,實習總時數需達486小時。限應經系同學選修。如有參加企業實習之同學，要修習本課程請洽耿紹勛老師指定加簽,https://course.nuk.edu.tw/QueryCourse/tcontent.asp?OpenYear=107&Helf=2&Sclass=AE&Cono=D902,2026-08-26T18:18:27+00:00
107-2-AE-F554-A-4-A,107,2,管理學院,AE,應用經濟學系,F554,A,大學部,4,A,環境與資源經濟學,3,選,60,30,,30,劉志成,M01-205,,,,,"5,6, 7",,,"[{""day"": 5, ""dayName"": ""星期五"", ""periods"": [""5"", ""6"", ""7""], ""raw"": ""5,6, 7""}]",學程,公共議題與經濟政策學程之專業發展課程;「產業、科技與財經法律」學分學程；大學部與碩士班合班授課，全英語授課。,https://course.nuk.edu.tw/QueryCourse/tcontent.asp?OpenYear=107&Helf=2&Sclass=AE&Cono=F554,2026-08-26T18:18:27+00:00
107-2-AE-F613-A-4-A,107,2,管理學院,AE,應用經濟學系,F613,A,大學部,4,A,產業貿易與政策,3,選,38,38,,0,蔡穎義 楊雅博,M01-102,,,,"5,6, 7",,,,"[{""day"": 4, ""dayName"": ""星期四"", ""periods"": [""5"", ""6"", ""7""], ""raw"": ""5,6, 7""}]",外加,學程之專業發展課程，大學部與碩士班合班授課,https://course.nuk.edu.tw/QueryCourse/tcontent.asp?OpenYear=107&Helf=2&Sclass=AE&Cono=F613,2026-08-26T18:18:27+00:00
107-2-AE-F03B-M-1-,107,2,管理學院,AE,應用經濟學系,F03B,M,碩士班,1,,專題討論（二）,1,必,11,10,,1,許聖章,M01-202,,,"5,6, 7",,,,,"[{""day"": 3, ""dayName"": ""星期三"", ""periods"": [""5"", ""6"", ""7""], ""raw"": ""5,6, 7""}]",,,https://course.nuk.edu.tw/QueryCourse/tcontent.asp?OpenYear=107&Helf=2&Sclass=AE&Cono=F03B,2026-08-26T18:18:27+00:00
107-2-AE-F502-M-1-,107,2,管理學院,AE,應用經濟學系,F502,M,碩士班,1,,初級泰語 II,2,選,30,5,,25,潘婉玲,M01-206,,"5,6",,,,,,"[{""day"": 2, ""dayName"": ""星期二"", ""periods"": [""5"", ""6""], ""raw"": ""5,6""}]",,與東語系合開,https://course.nuk.edu.tw/QueryCourse/tcontent.asp?OpenYear=107&Helf=2&Sclass=AE&Cono=F502,2026-08-26T18:18:27+00:00
107-2-AE-F513-M-1-,107,2,管理學院,AE,應用經濟學系,F513,M,碩士班,1,,人力資源經濟學（二）,3,選,15,6,,9,許聖章,M01-313,,,,"2,3, 4",,,,"[{""day"": 4, ""dayName"": ""星期四"", ""periods"": [""2"", ""3"", ""4""], ""raw"": ""2,3, 4""}]",,碩士班一、二年級合班授課,https://course.nuk.edu.tw/QueryCourse/tcontent.asp?OpenYear=107&Helf=2&Sclass=AE&Cono=F513,2026-08-26T18:18:27+00:00
107-2-AE-F554-M-1-,107,2,管理學院,AE,應用經濟學系,F554,M,碩士班,1,,環境與資源經濟學,3,選,60,30,,30,劉志成,M01-205,,,,,"5,6, 7",,,"[{""day"": 5, ""dayName"": ""星期五"", ""periods"": [""5"", ""6"", ""7""], ""raw"": ""5,6, 7""}]",學程,公共議題與經濟政策學程之專業發展課程;「產業、科技與財經法律」學分學程；大學部與碩士班合班授課。,https://course.nuk.edu.tw/QueryCourse/tcontent.asp?OpenYear=107&Helf=2&Sclass=AE&Cono=F554,2026-08-26T18:18:27+00:00
107-2-AE-F563-M-1-,107,2,管理學院,AE,應用經濟學系,F563,M,碩士班,1,,媒體經濟學,3,選,60,26,,34,蔡佳妤,M01-204,,,,,"2,3, 4",,,"[{""day"": 5, ""dayName"": ""星期五"", ""periods"": [""2"", ""3"", ""4""], ""raw"": ""2,3, 4""}]",,,https://course.nuk.edu.tw/QueryCourse/tcontent.asp?OpenYear=107&Helf=2&Sclass=AE&Cono=F563,2026-08-26T18:18:27+00:00
107-2-AE-F613-M-1-,107,2,管理學院,AE,應用經濟學系,F613,M,碩士班,1,,產業貿易與政策,3,選,38,38,,0,蔡穎義 楊雅博,M01-102,,,,"5,6, 7",,,,"[{""day"": 4, ""dayName"": ""星期四"", ""periods"": [""5"", ""6"", ""7""], ""raw"": ""5,6, 7""}]",外加,學程之專業發展課程，大學部與碩士班合班授課,https://course.nuk.edu.tw/QueryCourse/tcontent.asp?OpenYear=107&Helf=2&Sclass=AE&Cono=F613,2026-08-26T18:18:27+00:00
107-2-AE-F622-M-1-,107,2,管理學院,AE,應用經濟學系,F622,M,碩士班,1,,高級泰語 II,2,選,30,16,,14,潘婉玲,M01-206,,"3,4",,,,,,"[{""day"": 2, ""dayName"": ""星期二"", ""periods"": [""3"", ""4""], ""raw"": ""3,4""}]",,,https://course.nuk.edu.tw/QueryCourse/tcontent.asp?OpenYear=107&Helf=2&Sclass=AE&Cono=F622,2026-08-26T18:18:27+00:00
107-2-AE-F03D-M-2-,107,2,管理學院,AE,應用經濟學系,F03D,M,碩士班,2,,專題討論（四）,1,必,11,5,,6,佘志民,M01-419,,,"5,6, 7",,,,,"[{""day"": 3, ""dayName"": ""星期三"", ""periods"": [""5"", ""6"", ""7""], ""raw"": ""5,6, 7""}]",,,https://course.nuk.edu.tw/QueryCourse/tcontent.asp?OpenYear=107&Helf=2&Sclass=AE&Cono=F03D,2026-08-26T18:18:27+00:00
107-2-AE-F513-M-2-,107,2,管理學院,AE,應用經濟學系,F513,M,碩士班,2,,人力資源經濟學（二）,3,選,15,6,,9,許聖章,M01-313,,,,"2,3, 4",,,,"[{""day"": 4, ""dayName"": ""星期四"", ""periods"": [""2"", ""3"", ""4""], ""raw"": ""2,3, 4""}]",,碩士班一、二年級合班授課,https://course.nuk.edu.tw/QueryCourse/tcontent.asp?OpenYear=107&Helf=2&Sclass=AE&Cono=F513,2026-08-26T18:18:27+00:00
107-2-AE-F554-M-2-,107,2,管理學院,AE,應用經濟學系,F554,M,碩士班,2,,環境與資源經濟學,3,選,60,30,,30,劉志成,M01-205,,,,,"5,6, 7",,,"[{""day"": 5, ""dayName"": ""星期五"", ""periods"": [""5"", ""6"", ""7""], ""raw"": ""5,6, 7""}]",學程,公共議題與經濟政策學程之專業發展課程;「產業、科技與財經法律」學分學程；與學士班合班授課。,https://course.nuk.edu.tw/QueryCourse/tcontent.asp?OpenYear=107&Helf=2&Sclass=AE&Cono=F554,2026-08-26T18:18:27+00:00
107-2-AE-F613-M-2-,107,2,管理學院,AE,應用經濟學系,F613,M,碩士班,2,,產業貿易與政策,3,選,38,38,,0,蔡穎義 楊雅博,M01-102,,,,"5,6, 7",,,,"[{""day"": 4, ""dayName"": ""星期四"", ""periods"": [""5"", ""6"", ""7""], ""raw"": ""5,6, 7""}]",外加,學程之專業發展課程，大學部與碩士班合班授課,https://course.nuk.edu.tw/QueryCourse/tcontent.asp?OpenYear=107&Helf=2&Sclass=AE&Cono=F613,2026-08-26T18:18:27+00:00
107-2-CCM-A508-A-1-A,107,2,管理學院,CCM,管理學院共同課程,A508,A,大學部,1,A,第二外語-日文(二),3,選,81,39,,42,林柏舟,M01-B102 其他教室,,,,,"2,3, 4",,,"[{""day"": 5, ""dayName"": ""星期五"", ""periods"": [""2"", ""3"", ""4""], ""raw"": ""2,3, 4""}]",限修及外加,"限管理學院學生, 本課程是否可抵本院學系畢業學分請洽各屬系所",https://course.nuk.edu.tw/QueryCourse/tcontent.asp?OpenYear=107&Helf=2&Sclass=CCM&Cono=A508,2026-08-26T18:18:27+00:00
107-2-CCM-A509-A-1-A,107,2,管理學院,CCM,管理學院共同課程,A509,A,大學部,1,A,職場英文多元溝通與簡報實務,3,選,61,24,,37,黃佩琪,M01-104,,,,,"5,6, 7",,,"[{""day"": 5, ""dayName"": ""星期五"", ""periods"": [""5"", ""6"", ""7""], ""raw"": ""5,6, 7""}]",限修及外加,"上課教室: 管院104室, ■：本課程是否可抵本院學系畢業學分請洽各屬系所■：本課程採全英文授課",https://course.nuk.edu.tw/QueryCourse/tcontent.asp?OpenYear=107&Helf=2&Sclass=CCM&Cono=A509,2026-08-26T18:18:27+00:00
107-2-CCM-A601-A-1-A,107,2,管理學院,CCM,管理學院共同課程,A601,A,大學部,1,A,進階R資料分析與應用,3,選,60,35,,25,曾智義,L01-108 其他教室,"5,6, 7",,,,,,,"[{""day"": 1, ""dayName"": ""星期一"", ""periods"": [""5"", ""6"", ""7""], ""raw"": ""5,6, 7""}]",限修,"限管理學院學生, 本課程是否可抵本院學系畢業學分請洽各屬系所",https://course.nuk.edu.tw/QueryCourse/tcontent.asp?OpenYear=107&Helf=2&Sclass=CCM&Cono=A601,2026-08-26T18:18:27+00:00
107-2-EBA-N712-E-1-,107,2,管理學院,EBA,高階經營管理碩士在職專班,N712,E,高階經營管理碩士在職專班,1,,兩岸管理與法律專題,3,選,15,5,,10,張麗卿 吳行浩 外校老師,,,,,,,,"2,3, 4,5, 6,7","[{""day"": 7, ""dayName"": ""星期日"", ""periods"": [""2"", ""3"", ""4"", ""5"", ""6"", ""7""], ""raw"": ""2,3, 4,5, 6,7""}]",,金門班,https://course.nuk.edu.tw/QueryCourse/tcontent.asp?OpenYear=107&Helf=2&Sclass=EBA&Cono=N712,2026-08-26T18:18:27+00:00
107-2-EBA-N11B-E-2-,107,2,管理學院,EBA,高階經營管理碩士在職專班,N11B,E,高階經營管理碩士在職專班,2,,碩士論文(下)-(高雄班),3,必,35,26,,9,楊書成 丁一賢 王凱 趙建雄 吳建興 李亭林 莊寶鵰 黃英忠 外校老師 翁銘章 陳怡凱 張志向 吳毓麒 李博志,,,,,X,X,X,,"[{""day"": 4, ""dayName"": ""星期四"", ""periods"": [""X""], ""raw"": ""X""}, {""day"": 5, ""dayName"": ""星期五"", ""periods"": [""X""], ""raw"": ""X""}, {""day"": 6, ""dayName"": ""星期六"", ""periods"": [""X""], ""raw"": ""X""}]",,高雄班,https://course.nuk.edu.tw/QueryCourse/tcontent.asp?OpenYear=107&Helf=2&Sclass=EBA&Cono=N11B,2026-08-26T18:18:27+00:00
107-2-EBA-N12B-E-2-,107,2,管理學院,EBA,高階經營管理碩士在職專班,N12B,E,高階經營管理碩士在職專班,2,,碩士論文(下)-(金門班),3,必,10,2,,8,盧昆宏 李博志,,Y,Y,Y,,,,,"[{""day"": 1, ""dayName"": ""星期一"", ""periods"": [""Y""], ""raw"": ""Y""}, {""day"": 2, ""dayName"": ""星期二"", ""periods"": [""Y""], ""raw"": ""Y""}, {""day"": 3, ""dayName"": ""星期三"", ""periods"": [""Y""], ""raw"": ""Y""}]",,金門班,https://course.nuk.edu.tw/QueryCourse/tcontent.asp?OpenYear=107&Helf=2&Sclass=EBA&Cono=N12B,2026-08-26T18:18:27+00:00
107-2-EM-F101-M-1-,107,2,管理學院,EM,經營管理研究所,F101,M,碩士班,1,,國際企業管理,3,必,10,10,,0,吳毓麒 楊雅博 鄭育仁,M01-423,,,"2,3, 4",,,,,"[{""day"": 3, ""dayName"": ""星期三"", ""periods"": [""2"", ""3"", ""4""], ""raw"": ""2,3, 4""}]",,上課教室：管院423室,https://course.nuk.edu.tw/QueryCourse/tcontent.asp?OpenYear=107&Helf=2&Sclass=EM&Cono=F101,2026-08-26T18:18:27+00:00
107-2-EM-F18B-M-1-,107,2,管理學院,EM,經營管理研究所,F18B,M,碩士班,1,,經營管理實務研討（二）,1,必,10,10,,0,鄭育仁 曾智義,M01-422,,,"5,6, 7",,,,,"[{""day"": 3, ""dayName"": ""星期三"", ""periods"": [""5"", ""6"", ""7""], ""raw"": ""5,6, 7""}]",,上課教室：管院422室,https://course.nuk.edu.tw/QueryCourse/tcontent.asp?OpenYear=107&Helf=2&Sclass=EM&Cono=F18B,2026-08-26T18:18:27+00:00
107-2-EM-F532-M-1-,107,2,管理學院,EM,經營管理研究所,F532,M,碩士班,1,,消費者行為,3,選,15,5,,10,吳毓麒,M01-422,,"2,3, 4",,,,,,"[{""day"": 2, ""dayName"": ""星期二"", ""periods"": [""2"", ""3"", ""4""], ""raw"": ""2,3, 4""}]",,上課教室：管院422室,https://course.nuk.edu.tw/QueryCourse/tcontent.asp?OpenYear=107&Helf=2&Sclass=EM&Cono=F532,2026-08-26T18:18:27+00:00
107-2-EM-F592-M-1-,107,2,管理學院,EM,經營管理研究所,F592,M,碩士班,1,,策略管理,3,選,15,12,,3,鄭育仁,M01-422,,,,"5,6, 7",,,,"[{""day"": 4, ""dayName"": ""星期四"", ""periods"": [""5"", ""6"", ""7""], ""raw"": ""5,6, 7""}]",,上課教室：管院422室,https://course.nuk.edu.tw/QueryCourse/tcontent.asp?OpenYear=107&Helf=2&Sclass=EM&Cono=F592,2026-08-26T18:18:27+00:00
107-2-EM-G632-M-1-,107,2,管理學院,EM,經營管理研究所,G632,M,碩士班,1,,社會科學研究方法,3,選,10,4,,6,吳毓麒,M01-422,,"5,6, 7",,,,,,"[{""day"": 2, ""dayName"": ""星期二"", ""periods"": [""5"", ""6"", ""7""], ""raw"": ""5,6, 7""}]",限修,上課教室：管院422室,https://course.nuk.edu.tw/QueryCourse/tcontent.asp?OpenYear=107&Helf=2&Sclass=EM&Cono=G632,2026-08-26T18:18:27+00:00
107-2-EM-G702-M-1-,107,2,管理學院,EM,經營管理研究所,G702,M,碩士班,1,,國際競爭策略,3,選,15,14,,1,楊雅博,M01-308,,,,"2,3, 4",,,,"[{""day"": 4, ""dayName"": ""星期四"", ""periods"": [""2"", ""3"", ""4""], ""raw"": ""2,3, 4""}]",,上課教室：管院308室,https://course.nuk.edu.tw/QueryCourse/tcontent.asp?OpenYear=107&Helf=2&Sclass=EM&Cono=G702,2026-08-26T18:18:27+00:00
107-2-EM-F631-M-2-,107,2,管理學院,EM,經營管理研究所,F631,M,碩士班,2,,作業管理,3,選,10,6,,4,鄭育仁,M01-308,,"2,3, 4",,,,,,"[{""day"": 2, ""dayName"": ""星期二"", ""periods"": [""2"", ""3"", ""4""], ""raw"": ""2,3, 4""}]",,上課教室：管院308室,https://course.nuk.edu.tw/QueryCourse/tcontent.asp?OpenYear=107&Helf=2&Sclass=EM&Cono=F631,2026-08-26T18:18:27+00:00
107-2-EM-F663-M-2-,107,2,管理學院,EM,經營管理研究所,F663,M,碩士班,2,,產業組織與國際貿易專題,3,選,10,8,,2,楊雅博,M01-423,"5,6, 7",,,,,,,"[{""day"": 1, ""dayName"": ""星期一"", ""periods"": [""5"", ""6"", ""7""], ""raw"": ""5,6, 7""}]",,上課教室：管院423室,https://course.nuk.edu.tw/QueryCourse/tcontent.asp?OpenYear=107&Helf=2&Sclass=EM&Cono=F663,2026-08-26T18:18:27+00:00
107-2-EM-G032-M-2-,107,2,管理學院,EM,經營管理研究所,G032,M,碩士班,2,,專題研討（二）,1,必,10,8,,2,黃佩琪 楊雅博,M01-423,,,"5,6, 7",,,,,"[{""day"": 3, ""dayName"": ""星期三"", ""periods"": [""5"", ""6"", ""7""], ""raw"": ""5,6, 7""}]",,上課教室：管院423室,https://course.nuk.edu.tw/QueryCourse/tcontent.asp?OpenYear=107&Helf=2&Sclass=EM&Cono=G032,2026-08-26T18:18:27+00:00
107-2-EM-G626-M-2-,107,2,管理學院,EM,經營管理研究所,G626,M,碩士班,2,,服務業管理專題,3,選,15,5,,10,吳毓麒,M01-422,,,,"2,3, 4",,,,"[{""day"": 4, ""dayName"": ""星期四"", ""periods"": [""2"", ""3"", ""4""], ""raw"": ""2,3, 4""}]",限修,上課教室：管院422室,https://course.nuk.edu.tw/QueryCourse/tcontent.asp?OpenYear=107&Helf=2&Sclass=EM&Cono=G626,2026-08-26T18:18:27+00:00
107-2-FI-A01B-A-1-A,107,2,管理學院,FI,財務金融學系,A01B,A,大學部,1,A,經濟學原理(二),3,必,92,54,,38,楊琬如,M01-201,,"2,3, 4",,,,,,"[{""day"": 2, ""dayName"": ""星期二"", ""periods"": [""2"", ""3"", ""4""], ""raw"": ""2,3, 4""}]",限修及外加,M01-201,https://course.nuk.edu.tw/QueryCourse/tcontent.asp?OpenYear=107&Helf=2&Sclass=FI&Cono=A01B,2026-08-26T18:18:27+00:00
107-2-FI-A02B-A-1-A,107,2,管理學院,FI,財務金融學系,A02B,A,大學部,1,A,會計學原理(二),3,必,60,59,,1,高蘭芬,M01-103,,,,"2,3, 4",,,,"[{""day"": 4, ""dayName"": ""星期四"", ""periods"": [""2"", ""3"", ""4""], ""raw"": ""2,3, 4""}]",限修,M01-103,https://course.nuk.edu.tw/QueryCourse/tcontent.asp?OpenYear=107&Helf=2&Sclass=FI&Cono=A02B,2026-08-26T18:18:27+00:00
107-2-FI-A061-A-1-A,107,2,管理學院,FI,財務金融學系,A061,A,大學部,1,A,民法概要,2,必,60,55,,5,周伯翰,L02-201,,,,"5,6",,,,"[{""day"": 4, ""dayName"": ""星期四"", ""periods"": [""5"", ""6""], ""raw"": ""5,6""}]",,L02-201,https://course.nuk.edu.tw/QueryCourse/tcontent.asp?OpenYear=107&Helf=2&Sclass=FI&Cono=A061,2026-08-26T18:18:27+00:00
107-2-FI-B02B-A-1-A,107,2,管理學院,FI,財務金融學系,B02B,A,大學部,1,A,微積分（二）,3,必,60,59,,1,王文楷,M01-103,,,,,"2,3, 4",,,"[{""day"": 5, ""dayName"": ""星期五"", ""periods"": [""2"", ""3"", ""4""], ""raw"": ""2,3, 4""}]",,M01-103,https://course.nuk.edu.tw/QueryCourse/tcontent.asp?OpenYear=107&Helf=2&Sclass=FI&Cono=B02B,2026-08-26T18:18:27+00:00
107-2-FI-B721-A-1-A,107,2,管理學院,FI,財務金融學系,B721,A,大學部,1,A,投資與財務規劃,3,選,31,27,,4,王功亮,M01-104,,,,"2,3, 4",,,,"[{""day"": 4, ""dayName"": ""星期四"", ""periods"": [""2"", ""3"", ""4""], ""raw"": ""2,3, 4""}]",外加 學程,M01-104；全英語授課；隸屬於「財經管理與資訊應用全英語學程」,https://course.nuk.edu.tw/QueryCourse/tcontent.asp?OpenYear=107&Helf=2&Sclass=FI&Cono=B721,2026-08-26T18:18:27+00:00
107-2-FI-B01B-A-2-A,107,2,管理學院,FI,財務金融學系,B01B,A,大學部,2,A,財務管理(二),3,必,90,77,,13,黃一祥,M01-201,,,,,"2,3, 4",,,"[{""day"": 5, ""dayName"": ""星期五"", ""periods"": [""2"", ""3"", ""4""], ""raw"": ""2,3, 4""}]",,M01-201,https://course.nuk.edu.tw/QueryCourse/tcontent.asp?OpenYear=107&Helf=2&Sclass=FI&Cono=B01B,2026-08-26T18:18:27+00:00
107-2-FI-B051-A-2-A,107,2,管理學院,FI,財務金融學系,B051,A,大學部,2,A,投資學,3,必,90,78,,12,黃一祥,M01-201,,,,"5,6, 7",,,,"[{""day"": 4, ""dayName"": ""星期四"", ""periods"": [""5"", ""6"", ""7""], ""raw"": ""5,6, 7""}]",,M01-201,https://course.nuk.edu.tw/QueryCourse/tcontent.asp?OpenYear=107&Helf=2&Sclass=FI&Cono=B051,2026-08-26T18:18:27+00:00
107-2-FI-B07B-A-2-A,107,2,管理學院,FI,財務金融學系,B07B,A,大學部,2,A,統計學(二),3,必,57,58,,0,余歆儀,M01-104,,,"2,3, 4",,,,,"[{""day"": 3, ""dayName"": ""星期三"", ""periods"": [""2"", ""3"", ""4""], ""raw"": ""2,3, 4""}]",限修及外加,M01-104,https://course.nuk.edu.tw/QueryCourse/tcontent.asp?OpenYear=107&Helf=2&Sclass=FI&Cono=B07B,2026-08-26T18:18:27+00:00
107-2-FI-B52B-A-2-A,107,2,管理學院,FI,財務金融學系,B52B,A,大學部,2,A,中級會計學(二),3,選,60,40,,20,余文彬,M01-104,,"5,6, 7",,,,,,"[{""day"": 2, ""dayName"": ""星期二"", ""periods"": [""5"", ""6"", ""7""], ""raw"": ""5,6, 7""}]",,M01-104,https://course.nuk.edu.tw/QueryCourse/tcontent.asp?OpenYear=107&Helf=2&Sclass=FI&Cono=B52B,2026-08-26T18:18:27+00:00
107-2-FI-B661-A-2-A,107,2,管理學院,FI,財務金融學系,B661,A,大學部,2,A,貨幣銀行學,3,選,60,42,,18,蔡怡純,M01-103,,"2,3, 4",,,,,,"[{""day"": 2, ""dayName"": ""星期二"", ""periods"": [""2"", ""3"", ""4""], ""raw"": ""2,3, 4""}]",限修,M01-103,https://course.nuk.edu.tw/QueryCourse/tcontent.asp?OpenYear=107&Helf=2&Sclass=FI&Cono=B661,2026-08-26T18:18:27+00:00
107-2-FI-B69B-A-2-A,107,2,管理學院,FI,財務金融學系,B69B,A,大學部,2,A,個體經濟學(二),3,選,53,21,,32,楊琬如,M01-104,"5,6, 7",,,,,,,"[{""day"": 1, ""dayName"": ""星期一"", ""periods"": [""5"", ""6"", ""7""], ""raw"": ""5,6, 7""}]",限修及外加,M01-104,https://course.nuk.edu.tw/QueryCourse/tcontent.asp?OpenYear=107&Helf=2&Sclass=FI&Cono=B69B,2026-08-26T18:18:27+00:00
107-2-FI-B721-A-2-A,107,2,管理學院,FI,財務金融學系,B721,A,大學部,2,A,投資與財務規劃,3,選,31,27,,4,王功亮,M01-104,,,,"2,3, 4",,,,"[{""day"": 4, ""dayName"": ""星期四"", ""periods"": [""2"", ""3"", ""4""], ""raw"": ""2,3, 4""}]",外加 學程,M01-104；全英語授課；隸屬於「財經管理與資訊應用全英語學程」,https://course.nuk.edu.tw/QueryCourse/tcontent.asp?OpenYear=107&Helf=2&Sclass=FI&Cono=B721,2026-08-26T18:18:27+00:00
107-2-FI-C661-A-2-A,107,2,管理學院,FI,財務金融學系,C661,A,大學部,2,A,保險學,3,選,60,60,,0,王功亮,M01-104,,,"6,7, 8",,,,,"[{""day"": 3, ""dayName"": ""星期三"", ""periods"": [""6"", ""7"", ""8""], ""raw"": ""6,7, 8""}]",外加,M01-104,https://course.nuk.edu.tw/QueryCourse/tcontent.asp?OpenYear=107&Helf=2&Sclass=FI&Cono=C661,2026-08-26T18:18:27+00:00
107-2-FI-B601-A-3-A,107,2,管理學院,FI,財務金融學系,B601,A,大學部,3,A,固定型收益證券,3,選,32,29,,3,蔡明憲,M01-104,,,,"6,7, 8",,,,"[{""day"": 4, ""dayName"": ""星期四"", ""periods"": [""6"", ""7"", ""8""], ""raw"": ""6,7, 8""}]",外加,M01-104,https://course.nuk.edu.tw/QueryCourse/tcontent.asp?OpenYear=107&Helf=2&Sclass=FI&Cono=B601,2026-08-26T18:18:27+00:00
107-2-FI-C031-A-3-A,107,2,管理學院,FI,財務金融學系,C031,A,大學部,3,A,國際財務管理,3,必,59,58,,1,余歆儀,M01-104,,"2,3, 4",,,,,,"[{""day"": 2, ""dayName"": ""星期二"", ""periods"": [""2"", ""3"", ""4""], ""raw"": ""2,3, 4""}]",限修及外加,M01-104,https://course.nuk.edu.tw/QueryCourse/tcontent.asp?OpenYear=107&Helf=2&Sclass=FI&Cono=C031,2026-08-26T18:18:27+00:00
107-2-FI-C041-A-3-A,107,2,管理學院,FI,財務金融學系,C041,A,大學部,3,A,投資組合管理,3,必,60,57,,3,張志向,M01-103,,"5,6, 7",,,,,,"[{""day"": 2, ""dayName"": ""星期二"", ""periods"": [""5"", ""6"", ""7""], ""raw"": ""5,6, 7""}]",學程,"M01-103,人工智慧與金融科技學程",https://course.nuk.edu.tw/QueryCourse/tcontent.asp?OpenYear=107&Helf=2&Sclass=FI&Cono=C041,2026-08-26T18:18:27+00:00
107-2-FI-C531-A-3-A,107,2,管理學院,FI,財務金融學系,C531,A,大學部,3,A,財務報表分析,3,選,34,34,,0,高蘭芬,M01-103,,,"2,3, 4",,,,,"[{""day"": 3, ""dayName"": ""星期三"", ""periods"": [""2"", ""3"", ""4""], ""raw"": ""2,3, 4""}]",限修及外加,M01-103（與大四合開）,https://course.nuk.edu.tw/QueryCourse/tcontent.asp?OpenYear=107&Helf=2&Sclass=FI&Cono=C531,2026-08-26T18:18:27+00:00
107-2-FI-C601-A-3-A,107,2,管理學院,FI,財務金融學系,C601,A,大學部,3,A,銀行管理,3,選,67,66,,1,陳怡凱,M01-104,"2,3, 4",,,,,,,"[{""day"": 1, ""dayName"": ""星期一"", ""periods"": [""2"", ""3"", ""4""], ""raw"": ""2,3, 4""}]",外加,M01-104,https://course.nuk.edu.tw/QueryCourse/tcontent.asp?OpenYear=107&Helf=2&Sclass=FI&Cono=C601,2026-08-26T18:18:27+00:00
107-2-FI-C612-A-3-A,107,2,管理學院,FI,財務金融學系,C612,A,大學部,3,A,總體經濟學,3,選,60,36,,24,蔡怡純,M01-102,,,,"2,3, 4",,,,"[{""day"": 4, ""dayName"": ""星期四"", ""periods"": [""2"", ""3"", ""4""], ""raw"": ""2,3, 4""}]",限修,M01-102,https://course.nuk.edu.tw/QueryCourse/tcontent.asp?OpenYear=107&Helf=2&Sclass=FI&Cono=C612,2026-08-26T18:18:27+00:00
107-2-FI-C73B-A-3-A,107,2,管理學院,FI,財務金融學系,C73B,A,大學部,3,A,財務工程(二),3,選,20,17,,3,王文楷,M01-203,"5,6, 7",,,,,,,"[{""day"": 1, ""dayName"": ""星期一"", ""periods"": [""5"", ""6"", ""7""], ""raw"": ""5,6, 7""}]",學程,M01-203,https://course.nuk.edu.tw/QueryCourse/tcontent.asp?OpenYear=107&Helf=2&Sclass=FI&Cono=C73B,2026-08-26T18:18:27+00:00
107-2-FI-C531-A-4-A,107,2,管理學院,FI,財務金融學系,C531,A,大學部,4,A,財務報表分析,3,選,34,34,,0,高蘭芬,M01-103,,,"2,3, 4",,,,,"[{""day"": 3, ""dayName"": ""星期三"", ""periods"": [""2"", ""3"", ""4""], ""raw"": ""2,3, 4""}]",限修及外加,M01-103（與大三合開）,https://course.nuk.edu.tw/QueryCourse/tcontent.asp?OpenYear=107&Helf=2&Sclass=FI&Cono=C531,2026-08-26T18:18:27+00:00
107-2-FI-F523-A-4-A,107,2,管理學院,FI,財務金融學系,F523,A,大學部,4,A,金融風險管理,3,選,40,17,,23,蔡明憲,M01-102,,"5,6, 7",,,,,,"[{""day"": 2, ""dayName"": ""星期二"", ""periods"": [""5"", ""6"", ""7""], ""raw"": ""5,6, 7""}]",,M01-102（與碩一合開）,https://course.nuk.edu.tw/QueryCourse/tcontent.asp?OpenYear=107&Helf=2&Sclass=FI&Cono=F523,2026-08-26T18:18:27+00:00
107-2-FI-F00B-M-1-,107,2,管理學院,FI,財務金融學系,F00B,M,碩士班,1,,財務專題研討(二),2,必,15,12,,3,高蘭芬,M01-421,,,"6,7",,,,,"[{""day"": 3, ""dayName"": ""星期三"", ""periods"": [""6"", ""7""], ""raw"": ""6,7""}]",限修,M01-421,https://course.nuk.edu.tw/QueryCourse/tcontent.asp?OpenYear=107&Helf=2&Sclass=FI&Cono=F00B,2026-08-26T18:18:27+00:00
107-2-FI-F031-M-1-,107,2,管理學院,FI,財務金融學系,F031,M,碩士班,1,,期貨與選擇權,3,必,15,12,,3,蔡明憲,M01-103,"6,7, 8",,,,,,,"[{""day"": 1, ""dayName"": ""星期一"", ""periods"": [""6"", ""7"", ""8""], ""raw"": ""6,7, 8""}]",,M01-103,https://course.nuk.edu.tw/QueryCourse/tcontent.asp?OpenYear=107&Helf=2&Sclass=FI&Cono=F031,2026-08-26T18:18:27+00:00
107-2-FI-F041-M-1-,107,2,管理學院,FI,財務金融學系,F041,M,碩士班,1,,投資學,3,必,15,12,,3,黃一祥,M01-421,,,,"2,3, 4",,,,"[{""day"": 4, ""dayName"": ""星期四"", ""periods"": [""2"", ""3"", ""4""], ""raw"": ""2,3, 4""}]",,M01-421,https://course.nuk.edu.tw/QueryCourse/tcontent.asp?OpenYear=107&Helf=2&Sclass=FI&Cono=F041,2026-08-26T18:18:27+00:00
107-2-FI-F051-M-1-,107,2,管理學院,FI,財務金融學系,F051,M,碩士班,1,,國際財務管理,3,必,15,12,,3,蔡怡純,M01-108,,,"2,3, 4",,,,,"[{""day"": 3, ""dayName"": ""星期三"", ""periods"": [""2"", ""3"", ""4""], ""raw"": ""2,3, 4""}]",限修,M01-108,https://course.nuk.edu.tw/QueryCourse/tcontent.asp?OpenYear=107&Helf=2&Sclass=FI&Cono=F051,2026-08-26T18:18:27+00:00
107-2-FI-F523-M-1-,107,2,管理學院,FI,財務金融學系,F523,M,碩士班,1,,金融風險管理,3,選,40,17,,23,蔡明憲,M01-102,,"5,6, 7",,,,,,"[{""day"": 2, ""dayName"": ""星期二"", ""periods"": [""5"", ""6"", ""7""], ""raw"": ""5,6, 7""}]",,M01-102（與大四合開）,https://course.nuk.edu.tw/QueryCourse/tcontent.asp?OpenYear=107&Helf=2&Sclass=FI&Cono=F523,2026-08-26T18:18:27+00:00
107-2-FI-F532-M-1-,107,2,管理學院,FI,財務金融學系,F532,M,碩士班,1,,財金文獻導讀,3,選,15,9,,6,楊琬如,M01-421,"2,3, 4",,,,,,,"[{""day"": 1, ""dayName"": ""星期一"", ""periods"": [""2"", ""3"", ""4""], ""raw"": ""2,3, 4""}]",限修,M01-421,https://course.nuk.edu.tw/QueryCourse/tcontent.asp?OpenYear=107&Helf=2&Sclass=FI&Cono=F532,2026-08-26T18:18:27+00:00
107-2-FI-F563-M-1-,107,2,管理學院,FI,財務金融學系,F563,M,碩士班,1,,計算財務,3,選,15,8,,7,王文楷,M01-203,,,,"5,6, 7",,,,"[{""day"": 4, ""dayName"": ""星期四"", ""periods"": [""5"", ""6"", ""7""], ""raw"": ""5,6, 7""}]",,M01-203,https://course.nuk.edu.tw/QueryCourse/tcontent.asp?OpenYear=107&Helf=2&Sclass=FI&Cono=F563,2026-08-26T18:18:27+00:00
107-2-FI-F592-M-1-,107,2,管理學院,FI,財務金融學系,F592,M,碩士班,1,,財務實證研究,3,選,15,6,,9,張志向,M01-306,,"2,3, 4",,,,,,"[{""day"": 2, ""dayName"": ""星期二"", ""periods"": [""2"", ""3"", ""4""], ""raw"": ""2,3, 4""}]",,M01-306,https://course.nuk.edu.tw/QueryCourse/tcontent.asp?OpenYear=107&Helf=2&Sclass=FI&Cono=F592,2026-08-26T18:18:27+00:00
107-2-FI-F701-M-1-,107,2,管理學院,FI,財務金融學系,F701,M,碩士班,1,,校外實習（秋）,9,選,1,1,,0,余歆儀,,,,,,"3,4",,,"[{""day"": 5, ""dayName"": ""星期五"", ""periods"": [""3"", ""4""], ""raw"": ""3,4""}]",外加,M01-203（待實習完畢且任課教師認定後，始開放名額選修此門課程），課程總實習時數須達486小時。,https://course.nuk.edu.tw/QueryCourse/tcontent.asp?OpenYear=107&Helf=2&Sclass=FI&Cono=F701,2026-08-26T18:18:27+00:00
107-2-FI-F00D-M-2-,107,2,管理學院,FI,財務金融學系,F00D,M,碩士班,2,,財務專題研討(四),2,必,16,16,,0,張志向,M01-203,,,"Y,5",,,,,"[{""day"": 3, ""dayName"": ""星期三"", ""periods"": [""Y"", ""5""], ""raw"": ""Y,5""}]",限修及外加,M01-203,https://course.nuk.edu.tw/QueryCourse/tcontent.asp?OpenYear=107&Helf=2&Sclass=FI&Cono=F00D,2026-08-26T18:18:27+00:00
107-2-FI-F522-M-2-,107,2,管理學院,FI,財務金融學系,F522,M,碩士班,2,,金融市場,3,選,15,7,,8,陳怡凱,M01-203,,,"2,3, 4",,,,,"[{""day"": 3, ""dayName"": ""星期三"", ""periods"": [""2"", ""3"", ""4""], ""raw"": ""2,3, 4""}]",,M01-203,https://course.nuk.edu.tw/QueryCourse/tcontent.asp?OpenYear=107&Helf=2&Sclass=FI&Cono=F522,2026-08-26T18:18:27+00:00
107-2-FI-G501-M-2-,107,2,管理學院,FI,財務金融學系,G501,M,碩士班,2,,金融倫理,3,選,16,15,,1,王功亮,M01-108,,,,"5,6, 7",,,,"[{""day"": 4, ""dayName"": ""星期四"", ""periods"": [""5"", ""6"", ""7""], ""raw"": ""5,6, 7""}]",外加,M01-108,https://course.nuk.edu.tw/QueryCourse/tcontent.asp?OpenYear=107&Helf=2&Sclass=FI&Cono=G501,2026-08-26T18:18:27+00:00
107-2-IBA-O532-E-1-,107,2,管理學院,IBA,國際高階經營管理碩士在職專班,O532,E,高階經營管理碩士在職專班,1,,策略管理,3,選,25,8,,17,李亭林 佘志民,,,,,,,,"2,3, 4,5, 6,7","[{""day"": 7, ""dayName"": ""星期日"", ""periods"": [""2"", ""3"", ""4"", ""5"", ""6"", ""7""], ""raw"": ""2,3, 4,5, 6,7""}]",,海西班,https://course.nuk.edu.tw/QueryCourse/tcontent.asp?OpenYear=107&Helf=2&Sclass=IBA&Cono=O532,2026-08-26T18:18:27+00:00
107-2-IBA-O601-E-1-,107,2,管理學院,IBA,國際高階經營管理碩士在職專班,O601,E,高階經營管理碩士在職專班,1,,國際企業管理,3,選,25,4,,21,陳一民 劉信賢,,,,,,,,"2,3, 4,5, 6,7","[{""day"": 7, ""dayName"": ""星期日"", ""periods"": [""2"", ""3"", ""4"", ""5"", ""6"", ""7""], ""raw"": ""2,3, 4,5, 6,7""}]",,越南班,https://course.nuk.edu.tw/QueryCourse/tcontent.asp?OpenYear=107&Helf=2&Sclass=IBA&Cono=O601,2026-08-26T18:18:27+00:00
107-2-IBA-O613-E-1-,107,2,管理學院,IBA,國際高階經營管理碩士在職專班,O613,E,高階經營管理碩士在職專班,1,,管理經濟學應用,3,選,15,2,,13,楊雅博 耿紹勛,,,,,,,,"2,3, 4,5, 6,7","[{""day"": 7, ""dayName"": ""星期日"", ""periods"": [""2"", ""3"", ""4"", ""5"", ""6"", ""7""], ""raw"": ""2,3, 4,5, 6,7""}]",,廈門班,https://course.nuk.edu.tw/QueryCourse/tcontent.asp?OpenYear=107&Helf=2&Sclass=IBA&Cono=O613,2026-08-26T18:18:27+00:00
107-2-IBA-O706-E-1-,107,2,管理學院,IBA,國際高階經營管理碩士在職專班,O706,E,高階經營管理碩士在職專班,1,,金融市場與投資,3,選,25,9,,16,鄭義暉 蔡明憲,,,,,,,"8,9, 10","8,9, 10","[{""day"": 6, ""dayName"": ""星期六"", ""periods"": [""8"", ""9"", ""10""], ""raw"": ""8,9, 10""}, {""day"": 7, ""dayName"": ""星期日"", ""periods"": [""8"", ""9"", ""10""], ""raw"": ""8,9, 10""}]",,越南班,https://course.nuk.edu.tw/QueryCourse/tcontent.asp?OpenYear=107&Helf=2&Sclass=IBA&Cono=O706,2026-08-26T18:18:27+00:00
107-2-IBA-O732-E-1-,107,2,管理學院,IBA,國際高階經營管理碩士在職專班,O732,E,高階經營管理碩士在職專班,1,,組織與人力資源管理,3,選,25,3,,22,黃英忠,,,,,,,"2,3, 4,5, 6,7",,"[{""day"": 6, ""dayName"": ""星期六"", ""periods"": [""2"", ""3"", ""4"", ""5"", ""6"", ""7""], ""raw"": ""2,3, 4,5, 6,7""}]",,海西班,https://course.nuk.edu.tw/QueryCourse/tcontent.asp?OpenYear=107&Helf=2&Sclass=IBA&Cono=O732,2026-08-26T18:18:27+00:00
107-2-IBA-O746-E-1-,107,2,管理學院,IBA,國際高階經營管理碩士在職專班,O746,E,高階經營管理碩士在職專班,1,,顧客關係管理,3,選,15,6,,9,楊書成 劉信賢 丁一賢,,,,,,,"8,9, 10","8,9, 10","[{""day"": 6, ""dayName"": ""星期六"", ""periods"": [""8"", ""9"", ""10""], ""raw"": ""8,9, 10""}, {""day"": 7, ""dayName"": ""星期日"", ""periods"": [""8"", ""9"", ""10""], ""raw"": ""8,9, 10""}]",,金門班，與廈門班合開,https://course.nuk.edu.tw/QueryCourse/tcontent.asp?OpenYear=107&Helf=2&Sclass=IBA&Cono=O746,2026-08-26T18:18:27+00:00
107-2-IBA-O747-E-1-,107,2,管理學院,IBA,國際高階經營管理碩士在職專班,O747,E,高階經營管理碩士在職專班,1,,顧客關係管理,3,選,20,10,,10,楊書成 丁一賢,,,,,,,"2,3, 4,5, 6,7",,"[{""day"": 6, ""dayName"": ""星期六"", ""periods"": [""2"", ""3"", ""4"", ""5"", ""6"", ""7""], ""raw"": ""2,3, 4,5, 6,7""}]",,越南班,https://course.nuk.edu.tw/QueryCourse/tcontent.asp?OpenYear=107&Helf=2&Sclass=IBA&Cono=O747,2026-08-26T18:18:27+00:00
107-2-IBA-O757-E-1-,107,2,管理學院,IBA,國際高階經營管理碩士在職專班,O757,E,高階經營管理碩士在職專班,1,,資訊科技應用與實務,3,選,25,8,,17,吳建興 王凱,,,,,,,"8,9, 10","8,9, 10","[{""day"": 6, ""dayName"": ""星期六"", ""periods"": [""8"", ""9"", ""10""], ""raw"": ""8,9, 10""}, {""day"": 7, ""dayName"": ""星期日"", ""periods"": [""8"", ""9"", ""10""], ""raw"": ""8,9, 10""}]",,海西班,https://course.nuk.edu.tw/QueryCourse/tcontent.asp?OpenYear=107&Helf=2&Sclass=IBA&Cono=O757,2026-08-26T18:18:27+00:00
107-2-IBA-O770-E-1-,107,2,管理學院,IBA,國際高階經營管理碩士在職專班,O770,E,高階經營管理碩士在職專班,1,,全球經貿專題,3,選,15,6,,9,翁銘章 劉志成,,,,,,,"2,3, 4,5, 6,7",,"[{""day"": 6, ""dayName"": ""星期六"", ""periods"": [""2"", ""3"", ""4"", ""5"", ""6"", ""7""], ""raw"": ""2,3, 4,5, 6,7""}]",,金門班，與廈門班合開,https://course.nuk.edu.tw/QueryCourse/tcontent.asp?OpenYear=107&Helf=2&Sclass=IBA&Cono=O770,2026-08-26T18:18:27+00:00
107-2-IBA-O021-E-2-,107,2,管理學院,IBA,國際高階經營管理碩士在職專班,O021,E,高階經營管理碩士在職專班,2,,碩士論文,3,必,15,15,,0,楊書成 丁一賢 李亭林 翁銘章 吳建興 外校老師,,X,X,X,,,,,"[{""day"": 1, ""dayName"": ""星期一"", ""periods"": [""X""], ""raw"": ""X""}, {""day"": 2, ""dayName"": ""星期二"", ""periods"": [""X""], ""raw"": ""X""}, {""day"": 3, ""dayName"": ""星期三"", ""periods"": [""X""], ""raw"": ""X""}]",,泰國班,https://course.nuk.edu.tw/QueryCourse/tcontent.asp?OpenYear=107&Helf=2&Sclass=IBA&Cono=O021,2026-08-26T18:18:27+00:00
107-2-IBA-O12B-E-2-,107,2,管理學院,IBA,國際高階經營管理碩士在職專班,O12B,E,高階經營管理碩士在職專班,2,,碩士論文(下)-(越南班),3,必,25,11,,14,楊書成 李亭林 翁銘章 莊寶鵰 陳一民 吳建興,,X,X,X,,,,,"[{""day"": 1, ""dayName"": ""星期一"", ""periods"": [""X""], ""raw"": ""X""}, {""day"": 2, ""dayName"": ""星期二"", ""periods"": [""X""], ""raw"": ""X""}, {""day"": 3, ""dayName"": ""星期三"", ""periods"": [""X""], ""raw"": ""X""}]",,越南班,https://course.nuk.edu.tw/QueryCourse/tcontent.asp?OpenYear=107&Helf=2&Sclass=IBA&Cono=O12B,2026-08-26T18:18:27+00:00
107-2-IBA-O16B-E-2-,107,2,管理學院,IBA,國際高階經營管理碩士在職專班,O16B,E,高階經營管理碩士在職專班,2,,碩士論文(下)-(海西班),3,必,30,8,,22,楊書成 李亭林 丁一賢 張志向,,,,,,,"X,Y",X,"[{""day"": 6, ""dayName"": ""星期六"", ""periods"": [""X"", ""Y""], ""raw"": ""X,Y""}, {""day"": 7, ""dayName"": ""星期日"", ""periods"": [""X""], ""raw"": ""X""}]",,海西班,https://course.nuk.edu.tw/QueryCourse/tcontent.asp?OpenYear=107&Helf=2&Sclass=IBA&Cono=O16B,2026-08-26T18:18:27+00:00
107-2-IBA-O582-E-2-,107,2,管理學院,IBA,國際高階經營管理碩士在職專班,O582,E,高階經營管理碩士在職專班,2,,財務管理,3,選,20,15,,5,張志向,,,,,,,"2,3, 4,5, 6,7",,"[{""day"": 6, ""dayName"": ""星期六"", ""periods"": [""2"", ""3"", ""4"", ""5"", ""6"", ""7""], ""raw"": ""2,3, 4,5, 6,7""}]",,泰國班,https://course.nuk.edu.tw/QueryCourse/tcontent.asp?OpenYear=107&Helf=2&Sclass=IBA&Cono=O582,2026-08-26T18:18:27+00:00
107-2-IM-A051-A-1-A,107,2,管理學院,IM,資訊管理學系,A051,A,大學部,1,A,微積分,3,必,70,70,,0,楊子賢,M01-206,,,,"2,3, 4",,,,"[{""day"": 4, ""dayName"": ""星期四"", ""periods"": [""2"", ""3"", ""4""], ""raw"": ""2,3, 4""}]",限修及外加,教室為M01-206。限修本系，其他系所同學如須加簽請洽任課老師。,https://course.nuk.edu.tw/QueryCourse/tcontent.asp?OpenYear=107&Helf=2&Sclass=IM&Cono=A051,2026-08-26T18:18:27+00:00
107-2-IM-A081-A-1-A,107,2,管理學院,IM,資訊管理學系,A081,A,大學部,1,A,會計學,3,必,60,45,,15,楊書成,M01-201,,"5,6, 7",,,,,,"[{""day"": 2, ""dayName"": ""星期二"", ""periods"": [""5"", ""6"", ""7""], ""raw"": ""5,6, 7""}]",限修,教室為M01-201。限修本系，其他系所同學如須加簽請洽任課老師。,https://course.nuk.edu.tw/QueryCourse/tcontent.asp?OpenYear=107&Helf=2&Sclass=IM&Cono=A081,2026-08-26T18:18:27+00:00
107-2-IM-A15A-A-1-A,107,2,管理學院,IM,資訊管理學系,A15A,A,大學部,1,A,物件導向程式設計Ⅰ,3,必,60,46,,14,楊子賢,L01-108,,,,"6,7, 8",,,,"[{""day"": 4, ""dayName"": ""星期四"", ""periods"": [""6"", ""7"", ""8""], ""raw"": ""6,7, 8""}]",限修,教室為L01-108。限修本系，其他系所同學如須加簽請洽任課老師。,https://course.nuk.edu.tw/QueryCourse/tcontent.asp?OpenYear=107&Helf=2&Sclass=IM&Cono=A15A,2026-08-26T18:18:27+00:00
107-2-IM-B031-A-1-A,107,2,管理學院,IM,資訊管理學系,B031,A,大學部,1,A,資訊管理導論,3,必,60,44,,16,王凱,M01-205,,,"2,3, 4",,,,,"[{""day"": 3, ""dayName"": ""星期三"", ""periods"": [""2"", ""3"", ""4""], ""raw"": ""2,3, 4""}]",限修,教室為M01-205。限修本系，其他系所同學如須加簽請洽任課老師。,https://course.nuk.edu.tw/QueryCourse/tcontent.asp?OpenYear=107&Helf=2&Sclass=IM&Cono=B031,2026-08-26T18:18:27+00:00
107-2-IM-D572-A-1-A,107,2,管理學院,IM,資訊管理學系,D572,A,大學部,1,A,創新思考與問題解決,3,選,50,24,,26,林杏子,L01-203,,,,"5,6, 7",,,,"[{""day"": 4, ""dayName"": ""星期四"", ""periods"": [""5"", ""6"", ""7""], ""raw"": ""5,6, 7""}]",,與資管大四及創新學院合開，教室為M01-208。,https://course.nuk.edu.tw/QueryCourse/tcontent.asp?OpenYear=107&Helf=2&Sclass=IM&Cono=D572,2026-08-26T18:18:27+00:00
107-2-IM-F553-A-1-A,107,2,管理學院,IM,資訊管理學系,F553,A,大學部,1,A,供應鏈管理,3,選,20,16,,4,趙建雄,M01-417,,"10,11, 12",,,,,,"[{""day"": 2, ""dayName"": ""星期二"", ""periods"": [""10"", ""11"", ""12""], ""raw"": ""10,11, 12""}]",學程,與IMBA合開，全英語授課，教室為M01-417。（財經管理與資訊應用全英語學程）,https://course.nuk.edu.tw/QueryCourse/tcontent.asp?OpenYear=107&Helf=2&Sclass=IM&Cono=F553,2026-08-26T18:18:27+00:00
107-2-IM-F633-A-1-A,107,2,管理學院,IM,資訊管理學系,F633,A,大學部,1,A,物聯網,3,選,30,30,,0,蕭漢威,L01-202,,,"2,3, 4",,,,,"[{""day"": 3, ""dayName"": ""星期三"", ""periods"": [""2"", ""3"", ""4""], ""raw"": ""2,3, 4""}]",限修及外加,教室為圖資宅創空間。與資管大三、大四合開。歡迎其他系同學選修，請於第1週上課至課堂辦理加簽,https://course.nuk.edu.tw/QueryCourse/tcontent.asp?OpenYear=107&Helf=2&Sclass=IM&Cono=F633,2026-08-26T18:18:27+00:00
107-2-IM-F640-A-1-A,107,2,管理學院,IM,資訊管理學系,F640,A,大學部,1,A,英文簡報技巧,3,選,18,17,,1,王凱,M01-302,,,"5,6, 7",,,,,"[{""day"": 3, ""dayName"": ""星期三"", ""periods"": [""5"", ""6"", ""7""], ""raw"": ""5,6, 7""}]",外加,教室為M01-302，與資管碩一、大三合開，全英語授課，為「財經管理與資訊應用全英語學程」，先修本系，外系同學請洽任課老師,https://course.nuk.edu.tw/QueryCourse/tcontent.asp?OpenYear=107&Helf=2&Sclass=IM&Cono=F640,2026-08-26T18:18:27+00:00
107-2-IM-B02B-A-2-A,107,2,管理學院,IM,資訊管理學系,B02B,A,大學部,2,A,統計學(二),3,必,60,60,,0,吳建興,M01-206,,,"5,6, 7",,,,,"[{""day"": 3, ""dayName"": ""星期三"", ""periods"": [""5"", ""6"", ""7""], ""raw"": ""5,6, 7""}]",限修,教室為M01-206。限修本系，其他系所同學如須加簽請洽任課老師。,https://course.nuk.edu.tw/QueryCourse/tcontent.asp?OpenYear=107&Helf=2&Sclass=IM&Cono=B02B,2026-08-26T18:18:27+00:00
107-2-IM-B051-A-2-A,107,2,管理學院,IM,資訊管理學系,B051,A,大學部,2,A,資料庫管理,3,必,60,55,,5,楊子賢,L01-108,,"2,3, 4",,,,,,"[{""day"": 2, ""dayName"": ""星期二"", ""periods"": [""2"", ""3"", ""4""], ""raw"": ""2,3, 4""}]",限修,教室為L01-108。限修本系，其他系所同學如須加簽請洽任課老師。,https://course.nuk.edu.tw/QueryCourse/tcontent.asp?OpenYear=107&Helf=2&Sclass=IM&Cono=B051,2026-08-26T18:18:27+00:00
107-2-IM-B101-A-2-A,107,2,管理學院,IM,資訊管理學系,B101,A,大學部,2,A,電子商務,3,必,60,44,,16,林杏子,M01-206,,,"2,3, 4",,,,,"[{""day"": 3, ""dayName"": ""星期三"", ""periods"": [""2"", ""3"", ""4""], ""raw"": ""2,3, 4""}]",限修,教室為M01-206。限修本系，其他系所同學如須加簽請洽任課老師。,https://course.nuk.edu.tw/QueryCourse/tcontent.asp?OpenYear=107&Helf=2&Sclass=IM&Cono=B101,2026-08-26T18:18:27+00:00
107-2-IM-B121-A-2-A,107,2,管理學院,IM,資訊管理學系,B121,A,大學部,2,A,網頁程式設計,3,必,60,44,,16,丁一賢,L01-107,,,,"5,6, 7",,,,"[{""day"": 4, ""dayName"": ""星期四"", ""periods"": [""5"", ""6"", ""7""], ""raw"": ""5,6, 7""}]",限修,教室為L01-107。限修本系，其他系所同學如須加簽請洽任課老師。,https://course.nuk.edu.tw/QueryCourse/tcontent.asp?OpenYear=107&Helf=2&Sclass=IM&Cono=B121,2026-08-26T18:18:27+00:00
107-2-IM-C721-A-2-A,107,2,管理學院,IM,資訊管理學系,C721,A,大學部,2,A,Python程式設計,3,選,47,47,,0,蕭漢威,L01-108,,"5,6, 7",,,,,,"[{""day"": 2, ""dayName"": ""星期二"", ""periods"": [""5"", ""6"", ""7""], ""raw"": ""5,6, 7""}]",限修及外加,教室為L01-107。限修本系，其他系所同學如須加簽請洽任課老師。,https://course.nuk.edu.tw/QueryCourse/tcontent.asp?OpenYear=107&Helf=2&Sclass=IM&Cono=C721,2026-08-26T18:18:27+00:00
107-2-IM-B621-A-3-A,107,2,管理學院,IM,資訊管理學系,B621,A,大學部,3,A,人力資源管理,3,選,30,14,,16,郭英峰,M01-204,,,"5,6, 7",,,,,"[{""day"": 3, ""dayName"": ""星期三"", ""periods"": [""5"", ""6"", ""7""], ""raw"": ""5,6, 7""}]",,教室為M01-204。,https://course.nuk.edu.tw/QueryCourse/tcontent.asp?OpenYear=107&Helf=2&Sclass=IM&Cono=B621,2026-08-26T18:18:27+00:00
107-2-IM-C03A-A-3-A,107,2,管理學院,IM,資訊管理學系,C03A,A,大學部,3,A,專案開發I(A),3,必,15,13,,2,王凱 丁一賢 楊書成,M01-205,"2,3, 4",,,,,,,"[{""day"": 1, ""dayName"": ""星期一"", ""periods"": [""2"", ""3"", ""4""], ""raw"": ""2,3, 4""}]",限修,教室為M01-205。請王凱老師、丁一賢老師、楊書成老師專題組選課。,https://course.nuk.edu.tw/QueryCourse/tcontent.asp?OpenYear=107&Helf=2&Sclass=IM&Cono=C03A,2026-08-26T18:18:27+00:00
107-2-IM-C03B-A-3-A,107,2,管理學院,IM,資訊管理學系,C03B,A,大學部,3,A,專案開發I(B),3,必,20,20,,0,郭英峰 蕭漢威 趙建雄 楊子賢,M01-205,"2,3, 4",,,,,,,"[{""day"": 1, ""dayName"": ""星期一"", ""periods"": [""2"", ""3"", ""4""], ""raw"": ""2,3, 4""}]",限修,教室為M01-205。請郭英峰老師、蕭漢威老師、趙建雄老師、楊子賢老師專題組選課。,https://course.nuk.edu.tw/QueryCourse/tcontent.asp?OpenYear=107&Helf=2&Sclass=IM&Cono=C03B,2026-08-26T18:18:27+00:00
107-2-IM-C03C-A-3-A,107,2,管理學院,IM,資訊管理學系,C03C,A,大學部,3,A,專案開發I(C),3,必,15,13,,2,吳建興 林杏子 楊新章,M01-205,"2,3, 4",,,,,,,"[{""day"": 1, ""dayName"": ""星期一"", ""periods"": [""2"", ""3"", ""4""], ""raw"": ""2,3, 4""}]",限修,教室為M01-205。請吳建興老師、林杏子老師、楊新章老師專題組選課。,https://course.nuk.edu.tw/QueryCourse/tcontent.asp?OpenYear=107&Helf=2&Sclass=IM&Cono=C03C,2026-08-26T18:18:27+00:00
107-2-IM-C041-A-3-A,107,2,管理學院,IM,資訊管理學系,C041,A,大學部,3,A,作業系統,3,必,60,47,,13,楊新章,M01-204,,"5,6, 7",,,,,,"[{""day"": 2, ""dayName"": ""星期二"", ""periods"": [""5"", ""6"", ""7""], ""raw"": ""5,6, 7""}]",限修,教室為M01-204。限修本系，其他系所同學如須加簽請洽任課老師。,https://course.nuk.edu.tw/QueryCourse/tcontent.asp?OpenYear=107&Helf=2&Sclass=IM&Cono=C041,2026-08-26T18:18:27+00:00
107-2-IM-C643-A-3-A,107,2,管理學院,IM,資訊管理學系,C643,A,大學部,3,A,行動商務,3,選,60,26,,34,趙建雄,M01-205,,,,"2,3, 4",,,,"[{""day"": 4, ""dayName"": ""星期四"", ""periods"": [""2"", ""3"", ""4""], ""raw"": ""2,3, 4""}]",,教室為M01-205。限修本系，其他系所同學如須加簽請洽任課老師。,https://course.nuk.edu.tw/QueryCourse/tcontent.asp?OpenYear=107&Helf=2&Sclass=IM&Cono=C643,2026-08-26T18:18:27+00:00
107-2-IM-C662-A-3-A,107,2,管理學院,IM,資訊管理學系,C662,A,大學部,3,A,Web 前端開發,3,選,51,38,,13,廖洧杰,L01-108,"10,11, 12",,,,,,,"[{""day"": 1, ""dayName"": ""星期一"", ""periods"": [""10"", ""11"", ""12""], ""raw"": ""10,11, 12""}]",限修及外加,教室為L01-108。與資管大四合開，限修本系，其他系所同學如須加簽請洽任課老師。,https://course.nuk.edu.tw/QueryCourse/tcontent.asp?OpenYear=107&Helf=2&Sclass=IM&Cono=C662,2026-08-26T18:18:27+00:00
107-2-IM-D572-A-3-A,107,2,管理學院,IM,資訊管理學系,D572,A,大學部,3,A,創新思考與問題解決,3,選,50,24,,26,林杏子,L01-203,,,,"5,6, 7",,,,"[{""day"": 4, ""dayName"": ""星期四"", ""periods"": [""5"", ""6"", ""7""], ""raw"": ""5,6, 7""}]",,與資管大四及創新學院合開，教室為M01-208。,https://course.nuk.edu.tw/QueryCourse/tcontent.asp?OpenYear=107&Helf=2&Sclass=IM&Cono=D572,2026-08-26T18:18:27+00:00
107-2-IM-F503-A-3-A,107,2,管理學院,IM,資訊管理學系,F503,A,大學部,3,A,資訊科技與商業模式,3,選,15,6,,9,王凱,M01-302,,,,"2,3, 4",,,,"[{""day"": 4, ""dayName"": ""星期四"", ""periods"": [""2"", ""3"", ""4""], ""raw"": ""2,3, 4""}]",,教室為M01-302。全英語授課。與資管大三、大四及IMBA合開。,https://course.nuk.edu.tw/QueryCourse/tcontent.asp?OpenYear=107&Helf=2&Sclass=IM&Cono=F503,2026-08-26T18:18:27+00:00
107-2-IM-F60A-A-3-A,107,2,管理學院,IM,資訊管理學系,F60A,A,大學部,3,A,企業實習Ⅰ,9,選,6,6,,0,楊書成,M01-302,,,,,,"2,3, 4",,"[{""day"": 6, ""dayName"": ""星期六"", ""periods"": [""2"", ""3"", ""4""], ""raw"": ""2,3, 4""}]",外加,教室為M01-302，與資管大四、碩一合開。此課程為指定加簽。,https://course.nuk.edu.tw/QueryCourse/tcontent.asp?OpenYear=107&Helf=2&Sclass=IM&Cono=F60A,2026-08-26T18:18:27+00:00
107-2-IM-F60C-A-3-A,107,2,管理學院,IM,資訊管理學系,F60C,A,大學部,3,A,企業實習Ⅲ,3,選,10,10,,0,楊書成,M01-302,,,,,,"5,6, 7",,"[{""day"": 6, ""dayName"": ""星期六"", ""periods"": [""5"", ""6"", ""7""], ""raw"": ""5,6, 7""}]",限修及外加,與資管大四、碩一合開。為指定加簽，確定通過實習者，請洽任課老師指定加簽。,https://course.nuk.edu.tw/QueryCourse/tcontent.asp?OpenYear=107&Helf=2&Sclass=IM&Cono=F60C,2026-08-26T18:18:27+00:00
107-2-IM-F612-A-3-A,107,2,管理學院,IM,資訊管理學系,F612,A,大學部,3,A,管理數學,3,選,50,38,,12,楊新章,M01-102,,,"5,6, 7",,,,,"[{""day"": 3, ""dayName"": ""星期三"", ""periods"": [""5"", ""6"", ""7""], ""raw"": ""5,6, 7""}]",,教室為M01-102，與資管大四、碩一合開，限修本系，外系同學請洽任課老師,https://course.nuk.edu.tw/QueryCourse/tcontent.asp?OpenYear=107&Helf=2&Sclass=IM&Cono=F612,2026-08-26T18:18:27+00:00
107-2-IM-F623-A-3-A,107,2,管理學院,IM,資訊管理學系,F623,A,大學部,3,A,數位遊戲設計實務,3,選,45,10,,35,王凱 楊書成 吳建興 趙建雄 丁一賢,L01-108,,,,,"2,3, 4",,,"[{""day"": 5, ""dayName"": ""星期五"", ""periods"": [""2"", ""3"", ""4""], ""raw"": ""2,3, 4""}]",,教室為L01-108，與資管碩一、大四開。,https://course.nuk.edu.tw/QueryCourse/tcontent.asp?OpenYear=107&Helf=2&Sclass=IM&Cono=F623,2026-08-26T18:18:27+00:00
107-2-IM-F624-A-3-A,107,2,管理學院,IM,資訊管理學系,F624,A,大學部,3,A,數位行銷,3,選,30,28,,2,郭英峰,M01-204,,,"2,3, 4",,,,,"[{""day"": 3, ""dayName"": ""星期三"", ""periods"": [""2"", ""3"", ""4""], ""raw"": ""2,3, 4""}]",,教室為M01-204，與資管大四、碩一合開。,https://course.nuk.edu.tw/QueryCourse/tcontent.asp?OpenYear=107&Helf=2&Sclass=IM&Cono=F624,2026-08-26T18:18:27+00:00
107-2-IM-F633-A-3-A,107,2,管理學院,IM,資訊管理學系,F633,A,大學部,3,A,物聯網,3,選,30,30,,0,蕭漢威,L01-202,,,"2,3, 4",,,,,"[{""day"": 3, ""dayName"": ""星期三"", ""periods"": [""2"", ""3"", ""4""], ""raw"": ""2,3, 4""}]",限修及外加,教室為圖資宅創空間。與資管大四、碩一合開。歡迎其他系同學選修，請於第1週上課至課堂辦理加簽,https://course.nuk.edu.tw/QueryCourse/tcontent.asp?OpenYear=107&Helf=2&Sclass=IM&Cono=F633,2026-08-26T18:18:27+00:00
107-2-IM-F640-A-3-A,107,2,管理學院,IM,資訊管理學系,F640,A,大學部,3,A,英文簡報技巧,3,選,18,17,,1,王凱,M01-302,,,"5,6, 7",,,,,"[{""day"": 3, ""dayName"": ""星期三"", ""periods"": [""5"", ""6"", ""7""], ""raw"": ""5,6, 7""}]",限修及外加,教室為M01-302，與資管碩一、大四合開，全英語授課，為「財經管理與資訊應用全英語學程」，先修本系，外系同學請洽任課老師,https://course.nuk.edu.tw/QueryCourse/tcontent.asp?OpenYear=107&Helf=2&Sclass=IM&Cono=F640,2026-08-26T18:18:27+00:00
107-2-IM-C662-A-4-A,107,2,管理學院,IM,資訊管理學系,C662,A,大學部,4,A,Web 前端開發,3,選,51,38,,13,廖洧杰,L01-108,"10,11, 12",,,,,,,"[{""day"": 1, ""dayName"": ""星期一"", ""periods"": [""10"", ""11"", ""12""], ""raw"": ""10,11, 12""}]",限修及外加,教室為L01-108。與資管大三合開，限修本系，其他系所同學如須加簽請洽任課老師。,https://course.nuk.edu.tw/QueryCourse/tcontent.asp?OpenYear=107&Helf=2&Sclass=IM&Cono=C662,2026-08-26T18:18:27+00:00
107-2-IM-D572-A-4-A,107,2,管理學院,IM,資訊管理學系,D572,A,大學部,4,A,創新思考與問題解決,3,選,50,24,,26,林杏子,L01-203,,,,"5,6, 7",,,,"[{""day"": 4, ""dayName"": ""星期四"", ""periods"": [""5"", ""6"", ""7""], ""raw"": ""5,6, 7""}]",,與資管大四及創新學院合開，,https://course.nuk.edu.tw/QueryCourse/tcontent.asp?OpenYear=107&Helf=2&Sclass=IM&Cono=D572,2026-08-26T18:18:27+00:00
107-2-IM-F503-A-4-A,107,2,管理學院,IM,資訊管理學系,F503,A,大學部,4,A,資訊科技與商業模式,3,選,15,6,,9,王凱,M01-302,,,,"2,3, 4",,,,"[{""day"": 4, ""dayName"": ""星期四"", ""periods"": [""2"", ""3"", ""4""], ""raw"": ""2,3, 4""}]",,教室為M01-302。全英語授課。與資管碩一及IMBA合開。,https://course.nuk.edu.tw/QueryCourse/tcontent.asp?OpenYear=107&Helf=2&Sclass=IM&Cono=F503,2026-08-26T18:18:27+00:00
107-2-IM-F547-A-4-A,107,2,管理學院,IM,資訊管理學系,F547,A,大學部,4,A,開放資料應用與服務Ⅱ,3,選,30,10,,20,林杏子 蕭漢威 楊新章,M01-418,,"2,3, 4",,,,,,"[{""day"": 2, ""dayName"": ""星期二"", ""periods"": [""2"", ""3"", ""4""], ""raw"": ""2,3, 4""}]",,教室為M01-418。與資管碩一合開，限修本系，外系同學欲要選修，請洽任課教師加簽。,https://course.nuk.edu.tw/QueryCourse/tcontent.asp?OpenYear=107&Helf=2&Sclass=IM&Cono=F547,2026-08-26T18:18:27+00:00
107-2-IM-F553-A-4-A,107,2,管理學院,IM,資訊管理學系,F553,A,大學部,4,A,供應鏈管理,3,選,20,16,,4,趙建雄,M01-417,,"10,11, 12",,,,,,"[{""day"": 2, ""dayName"": ""星期二"", ""periods"": [""10"", ""11"", ""12""], ""raw"": ""10,11, 12""}]",學程,與IMBA合開，全英語授課，教室為M01-417。（財經管理與資訊應用全英語學程）,https://course.nuk.edu.tw/QueryCourse/tcontent.asp?OpenYear=107&Helf=2&Sclass=IM&Cono=F553,2026-08-26T18:18:27+00:00
107-2-IM-F60A-A-4-A,107,2,管理學院,IM,資訊管理學系,F60A,A,大學部,4,A,企業實習Ⅰ,9,選,6,6,,0,楊書成,M01-302,,,,,,"2,3, 4",,"[{""day"": 6, ""dayName"": ""星期六"", ""periods"": [""2"", ""3"", ""4""], ""raw"": ""2,3, 4""}]",外加,教室為M01-302，與資管大三、碩一合開。此課程為指定加簽。,https://course.nuk.edu.tw/QueryCourse/tcontent.asp?OpenYear=107&Helf=2&Sclass=IM&Cono=F60A,2026-08-26T18:18:27+00:00
107-2-IM-F60C-A-4-A,107,2,管理學院,IM,資訊管理學系,F60C,A,大學部,4,A,企業實習Ⅲ,3,選,10,10,,0,楊書成,M01-302,,,,,,"5,6, 7",,"[{""day"": 6, ""dayName"": ""星期六"", ""periods"": [""5"", ""6"", ""7""], ""raw"": ""5,6, 7""}]",外加,與資管大三、碩一合開。為指定加簽，確定通過實習者，請洽任課老師指定加簽，課程總實習時數須達162小時。,https://course.nuk.edu.tw/QueryCourse/tcontent.asp?OpenYear=107&Helf=2&Sclass=IM&Cono=F60C,2026-08-26T18:18:27+00:00
107-2-IM-F612-A-4-A,107,2,管理學院,IM,資訊管理學系,F612,A,大學部,4,A,管理數學,3,選,50,38,,12,楊新章,M01-102,,,"5,6, 7",,,,,"[{""day"": 3, ""dayName"": ""星期三"", ""periods"": [""5"", ""6"", ""7""], ""raw"": ""5,6, 7""}]",,教室為M01-102，與資管大三、碩一合開，限修本系，外系同學請洽任課老師,https://course.nuk.edu.tw/QueryCourse/tcontent.asp?OpenYear=107&Helf=2&Sclass=IM&Cono=F612,2026-08-26T18:18:27+00:00
107-2-IM-F623-A-4-A,107,2,管理學院,IM,資訊管理學系,F623,A,大學部,4,A,數位遊戲設計實務,3,選,45,10,,35,王凱 楊書成 吳建興 趙建雄 丁一賢,L01-108,,,,,"2,3, 4",,,"[{""day"": 5, ""dayName"": ""星期五"", ""periods"": [""2"", ""3"", ""4""], ""raw"": ""2,3, 4""}]",,教室為L01-108。與資管碩一、大三合開。,https://course.nuk.edu.tw/QueryCourse/tcontent.asp?OpenYear=107&Helf=2&Sclass=IM&Cono=F623,2026-08-26T18:18:27+00:00
107-2-IM-F624-A-4-A,107,2,管理學院,IM,資訊管理學系,F624,A,大學部,4,A,數位行銷,3,選,30,28,,2,郭英峰,M01-204,,,"2,3, 4",,,,,"[{""day"": 3, ""dayName"": ""星期三"", ""periods"": [""2"", ""3"", ""4""], ""raw"": ""2,3, 4""}]",,教室為M01-204，與資管大三、碩一合開。,https://course.nuk.edu.tw/QueryCourse/tcontent.asp?OpenYear=107&Helf=2&Sclass=IM&Cono=F624,2026-08-26T18:18:27+00:00
107-2-IM-F633-A-4-A,107,2,管理學院,IM,資訊管理學系,F633,A,大學部,4,A,物聯網,3,選,30,30,,0,蕭漢威,L01-202,,,"2,3, 4",,,,,"[{""day"": 3, ""dayName"": ""星期三"", ""periods"": [""2"", ""3"", ""4""], ""raw"": ""2,3, 4""}]",外加,教室為圖資宅創空間。與資管大三、碩一合開。歡迎其他系同學選修，請於第1週上課至課堂辦理加簽,https://course.nuk.edu.tw/QueryCourse/tcontent.asp?OpenYear=107&Helf=2&Sclass=IM&Cono=F633,2026-08-26T18:18:27+00:00
107-2-IM-F640-A-4-A,107,2,管理學院,IM,資訊管理學系,F640,A,大學部,4,A,英文簡報技巧,3,選,18,17,,1,王凱,M01-302,,,"5,6, 7",,,,,"[{""day"": 3, ""dayName"": ""星期三"", ""periods"": [""5"", ""6"", ""7""], ""raw"": ""5,6, 7""}]",外加,教室為M01-302，與資管碩一、大三合開，全英語授課，為「財經管理與資訊應用全英語學程」，先修本系，外系同學請洽任課老師,https://course.nuk.edu.tw/QueryCourse/tcontent.asp?OpenYear=107&Helf=2&Sclass=IM&Cono=F640,2026-08-26T18:18:27+00:00
107-2-IM-F01B-M-1-,107,2,管理學院,IM,資訊管理學系,F01B,M,碩士班,1,,研究方法(二),3,必,15,13,,2,林杏子,M01-108,,,,"2,3, 4",,,,"[{""day"": 4, ""dayName"": ""星期四"", ""periods"": [""2"", ""3"", ""4""], ""raw"": ""2,3, 4""}]",先修 限修,教室為M01-108。限修本系，其他系所同學如須加簽請洽任課老師。,https://course.nuk.edu.tw/QueryCourse/tcontent.asp?OpenYear=107&Helf=2&Sclass=IM&Cono=F01B,2026-08-26T18:18:27+00:00
107-2-IM-F03B-M-1-,107,2,管理學院,IM,資訊管理學系,F03B,M,碩士班,1,,書報討論(二),1,必,15,11,,4,郭英峰,M01-111,,,,"6,7",,,,"[{""day"": 4, ""dayName"": ""星期四"", ""periods"": [""6"", ""7""], ""raw"": ""6,7""}]",限修,教室為M01-111。限修本系，其他系所同學如須加簽請洽任課老師。,https://course.nuk.edu.tw/QueryCourse/tcontent.asp?OpenYear=107&Helf=2&Sclass=IM&Cono=F03B,2026-08-26T18:18:27+00:00
107-2-IM-F041-M-1-,107,2,管理學院,IM,資訊管理學系,F041,M,碩士班,1,,資訊科技導論,3,必,15,13,,2,丁一賢 蕭漢威 楊新章 楊子賢,M01-302,"5,6, 7",,,,,,,"[{""day"": 1, ""dayName"": ""星期一"", ""periods"": [""5"", ""6"", ""7""], ""raw"": ""5,6, 7""}]",限修,教室為M01-302。限修本系，其他系所同學如須加簽請洽任課老師。,https://course.nuk.edu.tw/QueryCourse/tcontent.asp?OpenYear=107&Helf=2&Sclass=IM&Cono=F041,2026-08-26T18:18:27+00:00
107-2-IM-F503-M-1-,107,2,管理學院,IM,資訊管理學系,F503,M,碩士班,1,,資訊科技與商業模式,3,選,15,6,,9,王凱,M01-302,,,,"2,3, 4",,,,"[{""day"": 4, ""dayName"": ""星期四"", ""periods"": [""2"", ""3"", ""4""], ""raw"": ""2,3, 4""}]",,教室為M01-302。全英語授課。與資管大三、大四及IMBA合開。,https://course.nuk.edu.tw/QueryCourse/tcontent.asp?OpenYear=107&Helf=2&Sclass=IM&Cono=F503,2026-08-26T18:18:27+00:00
107-2-IM-F547-M-1-,107,2,管理學院,IM,資訊管理學系,F547,M,碩士班,1,,開放資料應用與服務Ⅱ,3,選,30,10,,20,林杏子 蕭漢威 楊新章,M01-418,,"2,3, 4",,,,,,"[{""day"": 2, ""dayName"": ""星期二"", ""periods"": [""2"", ""3"", ""4""], ""raw"": ""2,3, 4""}]",,教室為M01-418。與資管大四合開，限修本系，外系同學欲要選修，請洽任課教師加簽。,https://course.nuk.edu.tw/QueryCourse/tcontent.asp?OpenYear=107&Helf=2&Sclass=IM&Cono=F547,2026-08-26T18:18:27+00:00
107-2-IM-F553-M-1-,107,2,管理學院,IM,資訊管理學系,F553,M,碩士班,1,,供應鏈管理,3,選,20,16,,4,趙建雄,M01-417,,"10,11, 12",,,,,,"[{""day"": 2, ""dayName"": ""星期二"", ""periods"": [""10"", ""11"", ""12""], ""raw"": ""10,11, 12""}]",學程,全英語授課，與資管大四及IMBA合開，教室為M01-417。（財經管理與資訊應用全英語學程）,https://course.nuk.edu.tw/QueryCourse/tcontent.asp?OpenYear=107&Helf=2&Sclass=IM&Cono=F553,2026-08-26T18:18:27+00:00
107-2-IM-F57B-M-1-,107,2,管理學院,IM,資訊管理學系,F57B,M,碩士班,1,,資訊管理專題研討(二),1,選,15,5,,10,楊書成,M01-302,,,"8,9, 10",,,,,"[{""day"": 3, ""dayName"": ""星期三"", ""periods"": [""8"", ""9"", ""10""], ""raw"": ""8,9, 10""}]",限修,教室為M01-302。限修本系，其他系所同學如須加簽請洽任課老師。,https://course.nuk.edu.tw/QueryCourse/tcontent.asp?OpenYear=107&Helf=2&Sclass=IM&Cono=F57B,2026-08-26T18:18:27+00:00
107-2-IM-F60A-M-1-,107,2,管理學院,IM,資訊管理學系,F60A,M,碩士班,1,,企業實習Ⅰ,9,選,6,6,,0,楊書成,M01-302,,,,,,"2,3, 4",,"[{""day"": 6, ""dayName"": ""星期六"", ""periods"": [""2"", ""3"", ""4""], ""raw"": ""2,3, 4""}]",外加,教室為M01-302，與資管大三、大四合開。此課程為指定加簽。總實習時數486小時。,https://course.nuk.edu.tw/QueryCourse/tcontent.asp?OpenYear=107&Helf=2&Sclass=IM&Cono=F60A,2026-08-26T18:18:27+00:00
107-2-IM-F60C-M-1-,107,2,管理學院,IM,資訊管理學系,F60C,M,碩士班,1,,企業實習Ⅲ,3,選,10,10,,0,楊書成,M01-302,,,,,,"5,6, 7",,"[{""day"": 6, ""dayName"": ""星期六"", ""periods"": [""5"", ""6"", ""7""], ""raw"": ""5,6, 7""}]",外加,與資管大三、大四合開。為指定加簽，確定通過實習者，請洽任課老師指定加簽。,https://course.nuk.edu.tw/QueryCourse/tcontent.asp?OpenYear=107&Helf=2&Sclass=IM&Cono=F60C,2026-08-26T18:18:27+00:00
107-2-IM-F612-M-1-,107,2,管理學院,IM,資訊管理學系,F612,M,碩士班,1,,管理數學,3,選,50,38,,12,楊新章,M01-102,,,"5,6, 7",,,,,"[{""day"": 3, ""dayName"": ""星期三"", ""periods"": [""5"", ""6"", ""7""], ""raw"": ""5,6, 7""}]",,教室為M01-102，與資管大三、大四合開，限修本系，外系同學請洽任課老師,https://course.nuk.edu.tw/QueryCourse/tcontent.asp?OpenYear=107&Helf=2&Sclass=IM&Cono=F612,2026-08-26T18:18:27+00:00
107-2-IM-F623-M-1-,107,2,管理學院,IM,資訊管理學系,F623,M,碩士班,1,,數位遊戲設計實務,3,選,45,10,,35,王凱 楊書成 吳建興 趙建雄 丁一賢,L01-108,,,,,"2,3, 4",,,"[{""day"": 5, ""dayName"": ""星期五"", ""periods"": [""2"", ""3"", ""4""], ""raw"": ""2,3, 4""}]",,教室為L01-108。與資管大三、大四合開。,https://course.nuk.edu.tw/QueryCourse/tcontent.asp?OpenYear=107&Helf=2&Sclass=IM&Cono=F623,2026-08-26T18:18:27+00:00
107-2-IM-F624-M-1-,107,2,管理學院,IM,資訊管理學系,F624,M,碩士班,1,,數位行銷,3,選,30,28,,2,郭英峰,M01-204,,,"2,3, 4",,,,,"[{""day"": 3, ""dayName"": ""星期三"", ""periods"": [""2"", ""3"", ""4""], ""raw"": ""2,3, 4""}]",,教室為M01-204，與資管大四、大三合開。,https://course.nuk.edu.tw/QueryCourse/tcontent.asp?OpenYear=107&Helf=2&Sclass=IM&Cono=F624,2026-08-26T18:18:27+00:00
107-2-IM-F633-M-1-,107,2,管理學院,IM,資訊管理學系,F633,M,碩士班,1,,物聯網,3,選,30,30,,0,蕭漢威,L01-202,,,"2,3, 4",,,,,"[{""day"": 3, ""dayName"": ""星期三"", ""periods"": [""2"", ""3"", ""4""], ""raw"": ""2,3, 4""}]",限修及外加,教室為圖資宅創空間。與資管大三、大四合開。,https://course.nuk.edu.tw/QueryCourse/tcontent.asp?OpenYear=107&Helf=2&Sclass=IM&Cono=F633,2026-08-26T18:18:27+00:00
107-2-IM-F640-M-1-,107,2,管理學院,IM,資訊管理學系,F640,M,碩士班,1,,英文簡報技巧,3,選,18,17,,1,王凱,M01-302,,,"5,6, 7",,,,,"[{""day"": 3, ""dayName"": ""星期三"", ""periods"": [""5"", ""6"", ""7""], ""raw"": ""5,6, 7""}]",限修及外加,教室為M01-302，與資管大三、大四合開，全英語授課，為「財經管理與資訊應用全英語學程」，先修本系，外系同學請洽任課老師,https://course.nuk.edu.tw/QueryCourse/tcontent.asp?OpenYear=107&Helf=2&Sclass=IM&Cono=F640,2026-08-26T18:18:27+00:00
107-2-IM-F03D-M-2-,107,2,管理學院,IM,資訊管理學系,F03D,M,碩士班,2,,書報討論(四),1,必,15,9,,6,蕭漢威,M01-111,,,,"6,7",,,,"[{""day"": 4, ""dayName"": ""星期四"", ""periods"": [""6"", ""7""], ""raw"": ""6,7""}]",限修,教室為M01-111。限修本系，其他系所同學如須加簽請洽任課老師。,https://course.nuk.edu.tw/QueryCourse/tcontent.asp?OpenYear=107&Helf=2&Sclass=IM&Cono=F03D,2026-08-26T18:18:27+00:00
107-2-IM-F57D-M-2-,107,2,管理學院,IM,資訊管理學系,F57D,M,碩士班,2,,資訊管理專題研討(四),1,選,15,5,,10,郭英峰 王凱,M01-302,,,"8,9, 10",,,,,"[{""day"": 3, ""dayName"": ""星期三"", ""periods"": [""8"", ""9"", ""10""], ""raw"": ""8,9, 10""}]",限修,教室為M01-302。限修本系，其他系所同學如須加簽請洽任課老師。,https://course.nuk.edu.tw/QueryCourse/tcontent.asp?OpenYear=107&Helf=2&Sclass=IM&Cono=F57D,2026-08-26T18:18:27+00:00
107-2-IMA-G501-A-3-A,107,2,管理學院,IMA,國際商業管理碩士學位學程,G501,A,大學部,3,A,科技人文與商業經營,3,選,20,12,,8,傅鈺雯,H2--104,,"5,6, 7",,,,,,"[{""day"": 2, ""dayName"": ""星期二"", ""periods"": [""5"", ""6"", ""7""], ""raw"": ""5,6, 7""}]",,本課程為全英語課程，與人社院西語系合開，開放管理學院、人文學院碩士及大三、大四生修課。H2-104教室,https://course.nuk.edu.tw/QueryCourse/tcontent.asp?OpenYear=107&Helf=2&Sclass=IMA&Cono=G501,2026-08-26T18:18:27+00:00
107-2-IMA-F031-M-1-,107,2,管理學院,IMA,國際商業管理碩士學位學程,F031,M,碩士班,1,,研究方法,3,必,20,5,,15,耿紹勛,M01-106,"5,6, 7",,,,,,,"[{""day"": 1, ""dayName"": ""星期一"", ""periods"": [""5"", ""6"", ""7""], ""raw"": ""5,6, 7""}]",,,https://course.nuk.edu.tw/QueryCourse/tcontent.asp?OpenYear=107&Helf=2&Sclass=IMA&Cono=F031,2026-08-26T18:18:27+00:00
107-2-IMA-F042-M-1-,107,2,管理學院,IMA,國際商業管理碩士學位學程,F042,M,碩士班,1,,財務管理,3,必,22,20,,2,陳怡凱,M01-106,,"2,3, 4",,,,,,"[{""day"": 2, ""dayName"": ""星期二"", ""periods"": [""2"", ""3"", ""4""], ""raw"": ""2,3, 4""}]",外加,,https://course.nuk.edu.tw/QueryCourse/tcontent.asp?OpenYear=107&Helf=2&Sclass=IMA&Cono=F042,2026-08-26T18:18:27+00:00
107-2-IMA-F051-M-1-,107,2,管理學院,IMA,國際商業管理碩士學位學程,F051,M,碩士班,1,,國際行銷管理,3,必,20,7,,13,黃佩琪,M01-106,,,"2,3, 4",,,,,"[{""day"": 3, ""dayName"": ""星期三"", ""periods"": [""2"", ""3"", ""4""], ""raw"": ""2,3, 4""}]",,,https://course.nuk.edu.tw/QueryCourse/tcontent.asp?OpenYear=107&Helf=2&Sclass=IMA&Cono=F051,2026-08-26T18:18:27+00:00
107-2-IMA-F071-M-1-,107,2,管理學院,IMA,國際商業管理碩士學位學程,F071,M,碩士班,1,,企業資訊及知識系統管理,3,必,20,17,,3,吳建興,M01-106,,,,"2,3, 4",,,,"[{""day"": 4, ""dayName"": ""星期四"", ""periods"": [""2"", ""3"", ""4""], ""raw"": ""2,3, 4""}]",,,https://course.nuk.edu.tw/QueryCourse/tcontent.asp?OpenYear=107&Helf=2&Sclass=IMA&Cono=F071,2026-08-26T18:18:27+00:00
107-2-IMA-G501-M-1-,107,2,管理學院,IMA,國際商業管理碩士學位學程,G501,M,碩士班,1,,科技人文與商業經營,3,選,20,12,,8,傅鈺雯,H2--104,,"5,6, 7",,,,,,"[{""day"": 2, ""dayName"": ""星期二"", ""periods"": [""5"", ""6"", ""7""], ""raw"": ""5,6, 7""}]",,本課程為全英語課程，與人社院西語系合開，開放管理學院、人文學院碩士及大三、大四生修課。H2-104教室,https://course.nuk.edu.tw/QueryCourse/tcontent.asp?OpenYear=107&Helf=2&Sclass=IMA&Cono=G501,2026-08-26T18:18:27+00:00
107-2-IMA-F002-M-2-,107,2,管理學院,IMA,國際商業管理碩士學位學程,F002,M,碩士班,2,,專題研討二,1,必,20,17,,3,楊詠凱 黃佩琪,M01-106,,,"6,7, 8",,,,,"[{""day"": 3, ""dayName"": ""星期三"", ""periods"": [""6"", ""7"", ""8""], ""raw"": ""6,7, 8""}]",,,https://course.nuk.edu.tw/QueryCourse/tcontent.asp?OpenYear=107&Helf=2&Sclass=IMA&Cono=F002,2026-08-26T18:18:27+00:00
107-2-LBA-O614-E-1-,107,2,管理學院,LBA,高階法律暨管理碩士在職專班,O614,E,高階經營管理碩士在職專班,1,,當代熱點法律專題,3,選,50,37,,13,張麗卿 外校老師,,,,,,,"2,3, 4,5, 6,7",,"[{""day"": 6, ""dayName"": ""星期六"", ""periods"": [""2"", ""3"", ""4"", ""5"", ""6"", ""7""], ""raw"": ""2,3, 4,5, 6,7""}]",禁止外加,高雄班，與法律班合開，上課教室：管院B102室,https://course.nuk.edu.tw/QueryCourse/tcontent.asp?OpenYear=107&Helf=2&Sclass=LBA&Cono=O614,2026-08-26T18:18:27+00:00
107-2-LBA-O630-E-1-,107,2,管理學院,LBA,高階法律暨管理碩士在職專班,O630,E,高階經營管理碩士在職專班,1,,全球競爭力分析,3,選,50,40,,10,李博志 翁銘章,,,,,,,,"2,3, 4,5, 6,7","[{""day"": 7, ""dayName"": ""星期日"", ""periods"": [""2"", ""3"", ""4"", ""5"", ""6"", ""7""], ""raw"": ""2,3, 4,5, 6,7""}]",,高雄班，與法律班合開，上課地點：管院B102室,https://course.nuk.edu.tw/QueryCourse/tcontent.asp?OpenYear=107&Helf=2&Sclass=LBA&Cono=O630,2026-08-26T18:18:27+00:00
107-2-LBA-O640-E-1-,107,2,管理學院,LBA,高階法律暨管理碩士在職專班,O640,E,高階經營管理碩士在職專班,1,,創新服務業管理,3,選,50,46,,4,莊寶鵰 郭英峰,,,,,,,"8,9, 10","8,9, 10","[{""day"": 6, ""dayName"": ""星期六"", ""periods"": [""8"", ""9"", ""10""], ""raw"": ""8,9, 10""}, {""day"": 7, ""dayName"": ""星期日"", ""periods"": [""8"", ""9"", ""10""], ""raw"": ""8,9, 10""}]",,高雄班，與法律班合開。上課教室：管院B102室,https://course.nuk.edu.tw/QueryCourse/tcontent.asp?OpenYear=107&Helf=2&Sclass=LBA&Cono=O640,2026-08-26T18:18:27+00:00
107-2-LBA-O00B-E-2-,107,2,管理學院,LBA,高階法律暨管理碩士在職專班,O00B,E,高階經營管理碩士在職專班,2,,碩士論文(下)-(法律班),3,必,15,4,,11,吳建興 莊寶鵰 廖義銘 丁一賢,,Y,Y,Y,,,,,"[{""day"": 1, ""dayName"": ""星期一"", ""periods"": [""Y""], ""raw"": ""Y""}, {""day"": 2, ""dayName"": ""星期二"", ""periods"": [""Y""], ""raw"": ""Y""}, {""day"": 3, ""dayName"": ""星期三"", ""periods"": [""Y""], ""raw"": ""Y""}]",禁止外加,法律班,https://course.nuk.edu.tw/QueryCourse/tcontent.asp?OpenYear=107&Helf=2&Sclass=LBA&Cono=O00B,2026-08-26T18:18:27+00:00
