id,year,semester,college,department,departmentName,courseId,division,divisionName,grade,className,courseName,credits,courseType,capacity,confirmed,enrolled,remaining,teacher,classroom,monday,tuesday,wednesday,thursday,friday,saturday,sunday,scheduleJson,restrictions,notes,detailUrl,fetchedAtUtc
109-1-CCD-A010-A-1-A,109,1,人文社會科學院,CCD,工藝與創意設計學系,A010,A,大學部,1,A,素描,3,必,60,55,,5,賴廷鴻,H1--108,,"2,3, 4",,,,,,"[{""day"": 2, ""dayName"": ""星期二"", ""periods"": [""2"", ""3"", ""4""], ""raw"": ""2,3, 4""}]",限修,教室-H1-108,https://course.nuk.edu.tw/QueryCourse/tcontent.asp?OpenYear=109&Helf=1&Sclass=CCD&Cono=A010,2026-08-26T18:22:53+00:00
109-1-CCD-A011-A-1-A,109,1,人文社會科學院,CCD,工藝與創意設計學系,A011,A,大學部,1,A,色彩學,2,必,61,57,,4,洪碩延,H1--108,,,,"5,6",,,,"[{""day"": 4, ""dayName"": ""星期四"", ""periods"": [""5"", ""6""], ""raw"": ""5,6""}]",限修及外加,上課教室：H1-108教室,https://course.nuk.edu.tw/QueryCourse/tcontent.asp?OpenYear=109&Helf=1&Sclass=CCD&Cono=A011,2026-08-26T18:22:53+00:00
109-1-CCD-A020-A-1-A,109,1,人文社會科學院,CCD,工藝與創意設計學系,A020,A,大學部,1,A,圖學,2,必,58,57,,1,翁群儀,H1--108,,"10,11",,,,,,"[{""day"": 2, ""dayName"": ""星期二"", ""periods"": [""10"", ""11""], ""raw"": ""10,11""}]",外加,H1-108,https://course.nuk.edu.tw/QueryCourse/tcontent.asp?OpenYear=109&Helf=1&Sclass=CCD&Cono=A020,2026-08-26T18:22:53+00:00
109-1-CCD-A03A-A-1-A,109,1,人文社會科學院,CCD,工藝與創意設計學系,A03A,A,大學部,1,A,基礎雕塑(一)-A,3,必,30,28,,2,沈明旺,,,,,"2,3, 4",,,,"[{""day"": 4, ""dayName"": ""星期四"", ""periods"": [""2"", ""3"", ""4""], ""raw"": ""2,3, 4""}]",限修及外加,教室-工坊木竹教室,https://course.nuk.edu.tw/QueryCourse/tcontent.asp?OpenYear=109&Helf=1&Sclass=CCD&Cono=A03A,2026-08-26T18:22:53+00:00
109-1-CCD-A03B-A-1-A,109,1,人文社會科學院,CCD,工藝與創意設計學系,A03B,A,大學部,1,A,基礎雕塑(一)-B,3,必,31,31,,0,陳冠勳,,,,,"2,3, 4",,,,"[{""day"": 4, ""dayName"": ""星期四"", ""periods"": [""2"", ""3"", ""4""], ""raw"": ""2,3, 4""}]",限修及外加,教室:工坊塑造教室,https://course.nuk.edu.tw/QueryCourse/tcontent.asp?OpenYear=109&Helf=1&Sclass=CCD&Cono=A03B,2026-08-26T18:22:53+00:00
109-1-CCD-A04A-A-1-A,109,1,人文社會科學院,CCD,工藝與創意設計學系,A04A,A,大學部,1,A,基本造型構成(一),3,必,63,58,,5,洪碩延 陳冠勳,H1--108,,,,,"1,2, 3,4",,,"[{""day"": 5, ""dayName"": ""星期五"", ""periods"": [""1"", ""2"", ""3"", ""4""], ""raw"": ""1,2, 3,4""}]",限修及外加,教室:H1-108,https://course.nuk.edu.tw/QueryCourse/tcontent.asp?OpenYear=109&Helf=1&Sclass=CCD&Cono=A04A,2026-08-26T18:22:53+00:00
109-1-CCD-A505-A-1-A,109,1,人文社會科學院,CCD,工藝與創意設計學系,A505,A,大學部,1,A,設計媒材(一),2,選,38,38,,0,賴廷鴻 王政弘,,,"5,6",,,,,,"[{""day"": 2, ""dayName"": ""星期二"", ""periods"": [""5"", ""6""], ""raw"": ""5,6""}]",外加,教室:大一工作室,https://course.nuk.edu.tw/QueryCourse/tcontent.asp?OpenYear=109&Helf=1&Sclass=CCD&Cono=A505,2026-08-26T18:22:53+00:00
109-1-CCD-A511-A-1-A,109,1,人文社會科學院,CCD,工藝與創意設計學系,A511,A,大學部,1,A,電腦繪圖,2,選,45,45,,0,王政弘,H1--112,,,,"7,8, 9",,,,"[{""day"": 4, ""dayName"": ""星期四"", ""periods"": [""7"", ""8"", ""9""], ""raw"": ""7,8, 9""}]",限修及外加,教室:H1-112,https://course.nuk.edu.tw/QueryCourse/tcontent.asp?OpenYear=109&Helf=1&Sclass=CCD&Cono=A511,2026-08-26T18:22:53+00:00
109-1-CCD-A522-A-1-A,109,1,人文社會科學院,CCD,工藝與創意設計學系,A522,A,大學部,1,A,模型製作(一),2,選,21,21,,0,翁群儀,H1--332,,,,,"5,6",,,"[{""day"": 5, ""dayName"": ""星期五"", ""periods"": [""5"", ""6""], ""raw"": ""5,6""}]",限修及外加,H1-332,https://course.nuk.edu.tw/QueryCourse/tcontent.asp?OpenYear=109&Helf=1&Sclass=CCD&Cono=A522,2026-08-26T18:22:53+00:00
109-1-CCD-A532-A-2-A,109,1,人文社會科學院,CCD,工藝與創意設計學系,A532,A,大學部,2,A,產品表現技法,2,選,30,11,,19,賴廷鴻,,,"10,11",,,,,,"[{""day"": 2, ""dayName"": ""星期二"", ""periods"": [""10"", ""11""], ""raw"": ""10,11""}]",限修,教室-大二工作室,https://course.nuk.edu.tw/QueryCourse/tcontent.asp?OpenYear=109&Helf=1&Sclass=CCD&Cono=A532,2026-08-26T18:22:53+00:00
109-1-CCD-B010-A-2-A,109,1,人文社會科學院,CCD,工藝與創意設計學系,B010,A,大學部,2,A,創意設計(一),3,必,58,38,,20,翁群儀 侯淑姿,H1--110,,"1,2, 3,4",,,,,,"[{""day"": 2, ""dayName"": ""星期二"", ""periods"": [""1"", ""2"", ""3"", ""4""], ""raw"": ""1,2, 3,4""}]",先修 限修及外加,,https://course.nuk.edu.tw/QueryCourse/tcontent.asp?OpenYear=109&Helf=1&Sclass=CCD&Cono=B010,2026-08-26T18:22:53+00:00
109-1-CCD-B021-A-2-A,109,1,人文社會科學院,CCD,工藝與創意設計學系,B021,A,大學部,2,A,現代設計史,2,必,61,47,,14,黃裕宸,H1--107,"5,6",,,,,,,"[{""day"": 1, ""dayName"": ""星期一"", ""periods"": [""5"", ""6""], ""raw"": ""5,6""}]",限修及外加,教室:H1-107,https://course.nuk.edu.tw/QueryCourse/tcontent.asp?OpenYear=109&Helf=1&Sclass=CCD&Cono=B021,2026-08-26T18:22:53+00:00
109-1-CCD-B022-A-2-A,109,1,人文社會科學院,CCD,工藝與創意設計學系,B022,A,大學部,2,A,美術與工藝史,2,必,60,44,,16,黃裕宸,H1--106,"3,4",,,,,,,"[{""day"": 1, ""dayName"": ""星期一"", ""periods"": [""3"", ""4""], ""raw"": ""3,4""}]",,教室:H1-106,https://course.nuk.edu.tw/QueryCourse/tcontent.asp?OpenYear=109&Helf=1&Sclass=CCD&Cono=B022,2026-08-26T18:22:53+00:00
109-1-CCD-B031-A-2-A,109,1,人文社會科學院,CCD,工藝與創意設計學系,B031,A,大學部,2,A,基礎攝影,2,必,60,39,,21,侯淑姿,H1--110,,,,"3,4",,,,"[{""day"": 4, ""dayName"": ""星期四"", ""periods"": [""3"", ""4""], ""raw"": ""3,4""}]",限修,教室:H1-110,https://course.nuk.edu.tw/QueryCourse/tcontent.asp?OpenYear=109&Helf=1&Sclass=CCD&Cono=B031,2026-08-26T18:22:53+00:00
109-1-CCD-B510-A-2-A,109,1,人文社會科學院,CCD,工藝與創意設計學系,B510,A,大學部,2,A,版面編排設計,2,選,25,14,,11,黃裕宸,H1--112,"7,8",,,,,,,"[{""day"": 1, ""dayName"": ""星期一"", ""periods"": [""7"", ""8""], ""raw"": ""7,8""}]",,教室:H1-112,https://course.nuk.edu.tw/QueryCourse/tcontent.asp?OpenYear=109&Helf=1&Sclass=CCD&Cono=B510,2026-08-26T18:22:53+00:00
109-1-CCD-B521-A-2-A,109,1,人文社會科學院,CCD,工藝與創意設計學系,B521,A,大學部,2,A,傳統圖案研究,2,選,40,14,,26,沈明旺,H1--102,,,,,"3,4",,,"[{""day"": 5, ""dayName"": ""星期五"", ""periods"": [""3"", ""4""], ""raw"": ""3,4""}]",,教室:H1-102,https://course.nuk.edu.tw/QueryCourse/tcontent.asp?OpenYear=109&Helf=1&Sclass=CCD&Cono=B521,2026-08-26T18:22:53+00:00
109-1-CCD-B536-A-2-A,109,1,人文社會科學院,CCD,工藝與創意設計學系,B536,A,大學部,2,A,視覺傳達設計,2,選,30,29,,1,洪碩延,H1--108,,,"5,6",,,,,"[{""day"": 3, ""dayName"": ""星期三"", ""periods"": [""5"", ""6""], ""raw"": ""5,6""}]",,H1-108,https://course.nuk.edu.tw/QueryCourse/tcontent.asp?OpenYear=109&Helf=1&Sclass=CCD&Cono=B536,2026-08-26T18:22:53+00:00
109-1-CCD-B542-A-2-A,109,1,人文社會科學院,CCD,工藝與創意設計學系,B542,A,大學部,2,A,創意視覺設計 (一),3,選,40,12,,28,王政弘 黃裕宸,H1--112,,,"1,2, 3,4",,,,,"[{""day"": 3, ""dayName"": ""星期三"", ""periods"": [""1"", ""2"", ""3"", ""4""], ""raw"": ""1,2, 3,4""}]",,王政弘老師:H1-112；黃裕宸老師:大二工作室,https://course.nuk.edu.tw/QueryCourse/tcontent.asp?OpenYear=109&Helf=1&Sclass=CCD&Cono=B542,2026-08-26T18:22:53+00:00
109-1-CCD-B551-A-2-A,109,1,人文社會科學院,CCD,工藝與創意設計學系,B551,A,大學部,2,A,工藝設計(一),3,選,46,28,,18,賴廷鴻 沈明旺 陳冠勳,,,,,"5,6, 7,8, 9,10",,,,"[{""day"": 4, ""dayName"": ""星期四"", ""periods"": [""5"", ""6"", ""7"", ""8"", ""9"", ""10""], ""raw"": ""5,6, 7,8, 9,10""}]",限修及外加,教室:大二工作室,https://course.nuk.edu.tw/QueryCourse/tcontent.asp?OpenYear=109&Helf=1&Sclass=CCD&Cono=B551,2026-08-26T18:22:53+00:00
109-1-CCD-B562-A-2-A,109,1,人文社會科學院,CCD,工藝與創意設計學系,B562,A,大學部,2,A,造型藝術創作(一),2,選,30,27,,3,陳冠勳 沈明旺,,,,,,"5,6, 7,8",,,"[{""day"": 5, ""dayName"": ""星期五"", ""periods"": [""5"", ""6"", ""7"", ""8""], ""raw"": ""5,6, 7,8""}]",限修,教室:大二工作室,https://course.nuk.edu.tw/QueryCourse/tcontent.asp?OpenYear=109&Helf=1&Sclass=CCD&Cono=B562,2026-08-26T18:22:53+00:00
109-1-CCD-C010-A-3-A,109,1,人文社會科學院,CCD,工藝與創意設計學系,C010,A,大學部,3,A,田野調查,3,必,60,48,,12,侯淑姿,H1--110,,"5,6, 7",,,,,,"[{""day"": 2, ""dayName"": ""星期二"", ""periods"": [""5"", ""6"", ""7""], ""raw"": ""5,6, 7""}]",,H1-110,https://course.nuk.edu.tw/QueryCourse/tcontent.asp?OpenYear=109&Helf=1&Sclass=CCD&Cono=C010,2026-08-26T18:22:53+00:00
109-1-CCD-C021-A-3-A,109,1,人文社會科學院,CCD,工藝與創意設計學系,C021,A,大學部,3,A,創意設計(三),3,必,54,43,,11,洪碩延 陳冠勳,H1--108,,,"1,2, 3,4",,,,,"[{""day"": 3, ""dayName"": ""星期三"", ""periods"": [""1"", ""2"", ""3"", ""4""], ""raw"": ""1,2, 3,4""}]",先修 限修及外加,H1-108,https://course.nuk.edu.tw/QueryCourse/tcontent.asp?OpenYear=109&Helf=1&Sclass=CCD&Cono=C021,2026-08-26T18:22:53+00:00
109-1-CCD-C500-A-3-A,109,1,人文社會科學院,CCD,工藝與創意設計學系,C500,A,大學部,3,A,校外實習,2,必,50,12,,38,翁群儀 賴廷鴻,H1--108,,,"11,12",,,,,"[{""day"": 3, ""dayName"": ""星期三"", ""periods"": [""11"", ""12""], ""raw"": ""11,12""}]",限修,H1-108,https://course.nuk.edu.tw/QueryCourse/tcontent.asp?OpenYear=109&Helf=1&Sclass=CCD&Cono=C500,2026-08-26T18:22:53+00:00
109-1-CCD-C511-A-3-A,109,1,人文社會科學院,CCD,工藝與創意設計學系,C511,A,大學部,3,A,木作漆藝(一),2,選,26,25,,1,翁群儀 沈明旺,,"5,6, 7,8",,,,,,,"[{""day"": 1, ""dayName"": ""星期一"", ""periods"": [""5"", ""6"", ""7"", ""8""], ""raw"": ""5,6, 7,8""}]",限修及外加,工坊:木竹教室,https://course.nuk.edu.tw/QueryCourse/tcontent.asp?OpenYear=109&Helf=1&Sclass=CCD&Cono=C511,2026-08-26T18:22:53+00:00
109-1-CCD-C521-A-3-A,109,1,人文社會科學院,CCD,工藝與創意設計學系,C521,A,大學部,3,A,數位設計(一),3,選,25,12,,13,王政弘,H1--112,,"2,3, 4",,,,,,"[{""day"": 2, ""dayName"": ""星期二"", ""periods"": [""2"", ""3"", ""4""], ""raw"": ""2,3, 4""}]",,H1-112,https://course.nuk.edu.tw/QueryCourse/tcontent.asp?OpenYear=109&Helf=1&Sclass=CCD&Cono=C521,2026-08-26T18:22:53+00:00
109-1-CCD-C522-A-3-A,109,1,人文社會科學院,CCD,工藝與創意設計學系,C522,A,大學部,3,A,媒體創新設計(一),3,選,45,14,,31,侯淑姿 王政弘 黃裕宸,H1--110 其他教室,,,"5,6, 7,8, 9,10",,,,,"[{""day"": 3, ""dayName"": ""星期三"", ""periods"": [""5"", ""6"", ""7"", ""8"", ""9"", ""10""], ""raw"": ""5,6, 7,8, 9,10""}]",,侯淑姿老師:H1-110；王政弘老師:H1-112；黃裕宸老師:玉石教室,https://course.nuk.edu.tw/QueryCourse/tcontent.asp?OpenYear=109&Helf=1&Sclass=CCD&Cono=C522,2026-08-26T18:22:53+00:00
109-1-CCD-C523-A-3-A,109,1,人文社會科學院,CCD,工藝與創意設計學系,C523,A,大學部,3,A,數位立體造型設計(一),2,選,29,29,,0,吳亭翰,H1--112,,,,,"3,4",,,"[{""day"": 5, ""dayName"": ""星期五"", ""periods"": [""3"", ""4""], ""raw"": ""3,4""}]",限修及外加,H1-112,https://course.nuk.edu.tw/QueryCourse/tcontent.asp?OpenYear=109&Helf=1&Sclass=CCD&Cono=C523,2026-08-26T18:22:53+00:00
109-1-CCD-C531-A-3-A,109,1,人文社會科學院,CCD,工藝與創意設計學系,C531,A,大學部,3,A,工藝設計(三),3,選,45,37,,8,賴廷鴻 沈明旺 陳冠勳,,,,"5,6, 7,8, 9,10",,,,,"[{""day"": 3, ""dayName"": ""星期三"", ""periods"": [""5"", ""6"", ""7"", ""8"", ""9"", ""10""], ""raw"": ""5,6, 7,8, 9,10""}]",限修,大二工作室,https://course.nuk.edu.tw/QueryCourse/tcontent.asp?OpenYear=109&Helf=1&Sclass=CCD&Cono=C531,2026-08-26T18:22:53+00:00
109-1-CCD-C541-A-3-A,109,1,人文社會科學院,CCD,工藝與創意設計學系,C541,A,大學部,3,A,企業識別體系,2,選,30,26,,4,洪碩延,H1--108,,,,"3,4",,,,"[{""day"": 4, ""dayName"": ""星期四"", ""periods"": [""3"", ""4""], ""raw"": ""3,4""}]",限修,H1-108,https://course.nuk.edu.tw/QueryCourse/tcontent.asp?OpenYear=109&Helf=1&Sclass=CCD&Cono=C541,2026-08-26T18:22:53+00:00
109-1-CCD-C551-A-3-A,109,1,人文社會科學院,CCD,工藝與創意設計學系,C551,A,大學部,3,A,當代藝術,3,選,40,13,,27,侯淑姿,H1--110,,,,"5,6, 7",,,,"[{""day"": 4, ""dayName"": ""星期四"", ""periods"": [""5"", ""6"", ""7""], ""raw"": ""5,6, 7""}]",,"H1-110,全英語授課",https://course.nuk.edu.tw/QueryCourse/tcontent.asp?OpenYear=109&Helf=1&Sclass=CCD&Cono=C551,2026-08-26T18:22:53+00:00
109-1-CCD-C561-A-3-A,109,1,人文社會科學院,CCD,工藝與創意設計學系,C561,A,大學部,3,A,玉石媒材創作(一),3,選,15,15,,0,盧志松,,,,,,"5,6, 7,8",,,"[{""day"": 5, ""dayName"": ""星期五"", ""periods"": [""5"", ""6"", ""7"", ""8""], ""raw"": ""5,6, 7,8""}]",限修及外加,工坊玉石教室,https://course.nuk.edu.tw/QueryCourse/tcontent.asp?OpenYear=109&Helf=1&Sclass=CCD&Cono=C561,2026-08-26T18:22:53+00:00
109-1-CDA-D00A-A-4-A,109,1,人文社會科學院,CDA,創意設計與建築學系,D00A,A,大學部,4,A,創意設計(五)-A,3,必,25,15,,10,洪碩延 賴廷鴻 沈明旺 陳冠勳,H1--334,,,,,,"1,2, 3,4",,"[{""day"": 6, ""dayName"": ""星期六"", ""periods"": [""1"", ""2"", ""3"", ""4""], ""raw"": ""1,2, 3,4""}]",先修 限修,創意設計組必修。洪碩延老師:H1-334、賴廷鴻老師:金工教室、沈明旺老師:木竹教室、陳冠勳老師:塑造教室,https://course.nuk.edu.tw/QueryCourse/tcontent.asp?OpenYear=109&Helf=1&Sclass=CDA&Cono=D00A,2026-08-26T18:22:53+00:00
109-1-CDA-D00B-A-4-A,109,1,人文社會科學院,CDA,創意設計與建築學系,D00B,A,大學部,4,A,創意設計(五)-B,3,必,25,13,,12,翁群儀 侯淑姿 王政弘 黃裕宸,H1--112 其他教室,,,,,,"5,6, 7,8",,"[{""day"": 6, ""dayName"": ""星期六"", ""periods"": [""5"", ""6"", ""7"", ""8""], ""raw"": ""5,6, 7,8""}]",先修 限修,創意設計組必修。教室:翁群儀老師-文產教室、王政弘老師:H1-112、侯淑姿老師:H1-332、黃裕宸老師:H1-330,https://course.nuk.edu.tw/QueryCourse/tcontent.asp?OpenYear=109&Helf=1&Sclass=CDA&Cono=D00B,2026-08-26T18:22:53+00:00
109-1-CDA-D01A-A-4-A,109,1,人文社會科學院,CDA,創意設計與建築學系,D01A,A,大學部,4,A,業界實習(A),2,必,25,13,,12,馬瑜嬪,H1--102,"1,2",,,,,,,"[{""day"": 1, ""dayName"": ""星期一"", ""periods"": [""1"", ""2""], ""raw"": ""1,2""}]",,"教室H1-102,，總實習時數應達300小時。",https://course.nuk.edu.tw/QueryCourse/tcontent.asp?OpenYear=109&Helf=1&Sclass=CDA&Cono=D01A,2026-08-26T18:22:53+00:00
109-1-CDA-D01B-A-4-A,109,1,人文社會科學院,CDA,創意設計與建築學系,D01B,A,大學部,4,A,業界實習(B),2,必,40,30,,10,王政弘 黃裕宸,H1--108,,,,"10,11",,,,"[{""day"": 4, ""dayName"": ""星期四"", ""periods"": [""10"", ""11""], ""raw"": ""10,11""}]",限修,創意設計組必修，教室：H1-108，總實習時數應達300小時。,https://course.nuk.edu.tw/QueryCourse/tcontent.asp?OpenYear=109&Helf=1&Sclass=CDA&Cono=D01B,2026-08-26T18:22:53+00:00
109-1-CDA-D071-A-4-A,109,1,人文社會科學院,CDA,創意設計與建築學系,D071,A,大學部,4,A,建築設計(七)A,6,必,31,15,,16,陳逸杰 趙建銘,H1--108,,,,,,"1,2, 3,4, 5,6, 7,8",,"[{""day"": 6, ""dayName"": ""星期六"", ""periods"": [""1"", ""2"", ""3"", ""4"", ""5"", ""6"", ""7"", ""8""], ""raw"": ""1,2, 3,4, 5,6, 7,8""}]",先修 外加,教室：H1-108,https://course.nuk.edu.tw/QueryCourse/tcontent.asp?OpenYear=109&Helf=1&Sclass=CDA&Cono=D071,2026-08-26T18:22:53+00:00
109-1-CDA-D600-A-4-A,109,1,人文社會科學院,CDA,創意設計與建築學系,D600,A,大學部,4,A,藝術智慧產權管理,2,選,40,30,,10,廖義銘 張清雄,H1--107,,,,,"3,4",,,"[{""day"": 5, ""dayName"": ""星期五"", ""periods"": [""3"", ""4""], ""raw"": ""3,4""}]",,H1-107，本校「專業應用型法律課程開設、學分採認及畢業條件辦法」規定，此課為本系創意設計組承認專業應用型法律課程， 必須修習且成績及格。,https://course.nuk.edu.tw/QueryCourse/tcontent.asp?OpenYear=109&Helf=1&Sclass=CDA&Cono=D600,2026-08-26T18:22:53+00:00
109-1-CHS-A603-A-1-A,109,1,人文社會科學院,CHS,人文社會科學院共同課程,A603,A,大學部,1,A,2020亞洲共同體專題講座 (Special Lecture on Asia Community 2020),2,選,100,84,,16,河凡植,H1--107,,,"7,8",,,,,"[{""day"": 3, ""dayName"": ""星期三"", ""periods"": [""7"", ""8""], ""raw"": ""7,8""}]",,本課程由韓國研究中心河凡植老師為主負責教師，優先人文社會科學院學生修課，一年級至四年級學生皆可選課，本課程可抵本院所屬學系畢業選修學分，經費由教師計畫案支應，教室：H1-107視聽教室。,https://course.nuk.edu.tw/QueryCourse/tcontent.asp?OpenYear=109&Helf=1&Sclass=CHS&Cono=A603,2026-08-26T18:22:53+00:00
109-1-CHS-A802-A-1-A,109,1,人文社會科學院,CHS,人文社會科學院共同課程,A802,A,大學部,1,A,AI語意應用程式設計實作,2,選,30,20,,10,曾智義,L01-108,"3,4",,,,,,,"[{""day"": 1, ""dayName"": ""星期一"", ""periods"": [""3"", ""4""], ""raw"": ""3,4""}]",,本課程由經管所暨通識教育中心曾智義老師為主負責教師，開放人文社會科學院學生修課，本課程可抵人文社會科學院所屬學系畢業選修學分，教室：需求電腦教室。,https://course.nuk.edu.tw/QueryCourse/tcontent.asp?OpenYear=109&Helf=1&Sclass=CHS&Cono=A802,2026-08-26T18:22:53+00:00
109-1-DA-A01A-A-1-A,109,1,人文社會科學院,DA,建築學系,A01A,A,大學部,1,A,建築設計(一)A,4,必,30,15,,15,黃若珣,H1--102,,,,"1,2, 3,4, 5,6, 7,8",,,,"[{""day"": 4, ""dayName"": ""星期四"", ""periods"": [""1"", ""2"", ""3"", ""4"", ""5"", ""6"", ""7"", ""8""], ""raw"": ""1,2, 3,4, 5,6, 7,8""}]",限修,教室：h1-102教室,https://course.nuk.edu.tw/QueryCourse/tcontent.asp?OpenYear=109&Helf=1&Sclass=DA&Cono=A01A,2026-08-26T18:22:53+00:00
109-1-DA-A01B-A-1-A,109,1,人文社會科學院,DA,建築學系,A01B,A,大學部,1,A,建築設計(一)B,4,必,30,11,,19,陳怡兆 林光浩,,,,,"1,2, 3,4, 5,6, 7,8",,,,"[{""day"": 4, ""dayName"": ""星期四"", ""periods"": [""1"", ""2"", ""3"", ""4"", ""5"", ""6"", ""7"", ""8""], ""raw"": ""1,2, 3,4, 5,6, 7,8""}]",限修及外加,藝文中心,https://course.nuk.edu.tw/QueryCourse/tcontent.asp?OpenYear=109&Helf=1&Sclass=DA&Cono=A01B,2026-08-26T18:22:53+00:00
109-1-DA-A01C-A-1-A,109,1,人文社會科學院,DA,建築學系,A01C,A,大學部,1,A,建築設計(一)C,4,必,31,13,,18,馬瑜嬪 郭書勝,H1--101,,,,"1,2, 3,4, 5,6, 7,8",,,,"[{""day"": 4, ""dayName"": ""星期四"", ""periods"": [""1"", ""2"", ""3"", ""4"", ""5"", ""6"", ""7"", ""8""], ""raw"": ""1,2, 3,4, 5,6, 7,8""}]",限修及外加,教室：h1-101,https://course.nuk.edu.tw/QueryCourse/tcontent.asp?OpenYear=109&Helf=1&Sclass=DA&Cono=A01C,2026-08-26T18:22:53+00:00
109-1-DA-A021-A-1-A,109,1,人文社會科學院,DA,建築學系,A021,A,大學部,1,A,圖學,2,必,50,38,,12,黃若珣,H1--108,,"5,6, 7",,,,,,"[{""day"": 2, ""dayName"": ""星期二"", ""periods"": [""5"", ""6"", ""7""], ""raw"": ""5,6, 7""}]",限修,教室：h1-108圖學教室,https://course.nuk.edu.tw/QueryCourse/tcontent.asp?OpenYear=109&Helf=1&Sclass=DA&Cono=A021,2026-08-26T18:22:53+00:00
109-1-DA-A031-A-1-A,109,1,人文社會科學院,DA,建築學系,A031,A,大學部,1,A,建築概論,2,必,50,39,,11,黃若珣,H1--106,,,,,"5,6",,,"[{""day"": 5, ""dayName"": ""星期五"", ""periods"": [""5"", ""6""], ""raw"": ""5,6""}]",限修,教室h1-106，教師：黃若珣老師,https://course.nuk.edu.tw/QueryCourse/tcontent.asp?OpenYear=109&Helf=1&Sclass=DA&Cono=A031,2026-08-26T18:22:53+00:00
109-1-DA-B020-A-2-A,109,1,人文社會科學院,DA,建築學系,B020,A,大學部,2,A,西洋建築史,2,必,40,33,,7,陳逸杰,H1--107,,,,"3,4",,,,"[{""day"": 4, ""dayName"": ""星期四"", ""periods"": [""3"", ""4""], ""raw"": ""3,4""}]",,教室：h1-107,https://course.nuk.edu.tw/QueryCourse/tcontent.asp?OpenYear=109&Helf=1&Sclass=DA&Cono=B020,2026-08-26T18:22:53+00:00
109-1-DA-B021-A-2-A,109,1,人文社會科學院,DA,建築學系,B021,A,大學部,2,A,建築計畫,2,必,40,30,,10,黃若珣 葉育君,H1--102,,,"3,4",,,,,"[{""day"": 3, ""dayName"": ""星期三"", ""periods"": [""3"", ""4""], ""raw"": ""3,4""}]",,教室：h1-102,https://course.nuk.edu.tw/QueryCourse/tcontent.asp?OpenYear=109&Helf=1&Sclass=DA&Cono=B021,2026-08-26T18:22:53+00:00
109-1-DA-B04A-A-2-A,109,1,人文社會科學院,DA,建築學系,B04A,A,大學部,2,A,建築設計(三)A,4,必,30,10,,20,葉育君,,"1,2, 3,4, 5,6, 7,8",,,,,,,"[{""day"": 1, ""dayName"": ""星期一"", ""periods"": [""1"", ""2"", ""3"", ""4"", ""5"", ""6"", ""7"", ""8""], ""raw"": ""1,2, 3,4, 5,6, 7,8""}]",先修,教室：藝文空間,https://course.nuk.edu.tw/QueryCourse/tcontent.asp?OpenYear=109&Helf=1&Sclass=DA&Cono=B04A,2026-08-26T18:22:53+00:00
109-1-DA-B04B-A-2-A,109,1,人文社會科學院,DA,建築學系,B04B,A,大學部,2,A,建築設計(三)B,4,必,35,14,,21,黃若珣 王煦中,H1--108,"1,2, 3,4, 5,6, 7,8",,,,,,,"[{""day"": 1, ""dayName"": ""星期一"", ""periods"": [""1"", ""2"", ""3"", ""4"", ""5"", ""6"", ""7"", ""8""], ""raw"": ""1,2, 3,4, 5,6, 7,8""}]",先修 外加,教師：黃若珣+王煦中。教室：h1-108,https://course.nuk.edu.tw/QueryCourse/tcontent.asp?OpenYear=109&Helf=1&Sclass=DA&Cono=B04B,2026-08-26T18:22:53+00:00
109-1-DA-B04C-A-2-A,109,1,人文社會科學院,DA,建築學系,B04C,A,大學部,2,A,建築設計(三)C,4,必,30,11,,19,徐岩奇 許家彰,H2--103,"1,2, 3,4, 5,6, 7,8",,,,,,,"[{""day"": 1, ""dayName"": ""星期一"", ""periods"": [""1"", ""2"", ""3"", ""4"", ""5"", ""6"", ""7"", ""8""], ""raw"": ""1,2, 3,4, 5,6, 7,8""}]",先修,教室：H2-103,https://course.nuk.edu.tw/QueryCourse/tcontent.asp?OpenYear=109&Helf=1&Sclass=DA&Cono=B04C,2026-08-26T18:22:53+00:00
109-1-DA-B502-A-2-A,109,1,人文社會科學院,DA,建築學系,B502,A,大學部,2,A,數位創新設計(二),2,選,30,29,,1,馬瑜嬪,C02-B102,,"3,4",,,,,,"[{""day"": 2, ""dayName"": ""星期二"", ""periods"": [""3"", ""4""], ""raw"": ""3,4""}]",,理學院地下室b102電腦教室,https://course.nuk.edu.tw/QueryCourse/tcontent.asp?OpenYear=109&Helf=1&Sclass=DA&Cono=B502,2026-08-26T18:22:53+00:00
109-1-DA-C01A-A-3-A,109,1,人文社會科學院,DA,建築學系,C01A,A,大學部,3,A,建築設計(五)A,4,必,34,12,,22,陳仁,H1--107,,"1,2, 3,4, 5,6, 7,8",,,,,,"[{""day"": 2, ""dayName"": ""星期二"", ""periods"": [""1"", ""2"", ""3"", ""4"", ""5"", ""6"", ""7"", ""8""], ""raw"": ""1,2, 3,4, 5,6, 7,8""}]",先修 外加,教室：107視聽教室,https://course.nuk.edu.tw/QueryCourse/tcontent.asp?OpenYear=109&Helf=1&Sclass=DA&Cono=C01A,2026-08-26T18:22:53+00:00
109-1-DA-C01B-A-3-A,109,1,人文社會科學院,DA,建築學系,C01B,A,大學部,3,A,建築設計(五)B,4,必,37,16,,21,辜達齊 葉育君,H2--103,,"1,2, 3,4, 5,6, 7,8",,,,,,"[{""day"": 2, ""dayName"": ""星期二"", ""periods"": [""1"", ""2"", ""3"", ""4"", ""5"", ""6"", ""7"", ""8""], ""raw"": ""1,2, 3,4, 5,6, 7,8""}]",先修 限修及外加,教室：藝文空間，教師：辜達齊,https://course.nuk.edu.tw/QueryCourse/tcontent.asp?OpenYear=109&Helf=1&Sclass=DA&Cono=C01B,2026-08-26T18:22:53+00:00
109-1-DA-C021-A-3-A,109,1,人文社會科學院,DA,建築學系,C021,A,大學部,3,A,敷地計畫,2,必,50,34,,16,曾梓峰,L01-202,"3,4",,,,,,,"[{""day"": 1, ""dayName"": ""星期一"", ""periods"": [""3"", ""4""], ""raw"": ""3,4""}]",,,https://course.nuk.edu.tw/QueryCourse/tcontent.asp?OpenYear=109&Helf=1&Sclass=DA&Cono=C021,2026-08-26T18:22:53+00:00
109-1-DA-C511-A-3-A,109,1,人文社會科學院,DA,建築學系,C511,A,大學部,3,A,數位創新設計課程(七) CIM城市資訊模型建構,2,選,30,13,,17,陳怡兆,H3--110,,,9,9,,,,"[{""day"": 3, ""dayName"": ""星期三"", ""periods"": [""9""], ""raw"": ""9""}, {""day"": 4, ""dayName"": ""星期四"", ""periods"": [""9""], ""raw"": ""9""}]",,本課程與建築系碩士班合開。本課程是深碗課程VDWC競賽的課，擬加選同學需由授課老師同意選課。,https://course.nuk.edu.tw/QueryCourse/tcontent.asp?OpenYear=109&Helf=1&Sclass=DA&Cono=C511,2026-08-26T18:22:53+00:00
109-1-DA-F591-A-3-A,109,1,人文社會科學院,DA,建築學系,F591,A,大學部,3,A,高齡社會與社區規劃專題,3,選,50,38,,12,曾梓峰,H1--102,"5,6, 7",,,,,,,"[{""day"": 1, ""dayName"": ""星期一"", ""periods"": [""5"", ""6"", ""7""], ""raw"": ""5,6, 7""}]",,本課程與碩士班、碩專班合開。,https://course.nuk.edu.tw/QueryCourse/tcontent.asp?OpenYear=109&Helf=1&Sclass=DA&Cono=F591,2026-08-26T18:22:53+00:00
109-1-DA-F591-A-4-A,109,1,人文社會科學院,DA,建築學系,F591,A,大學部,4,A,高齡社會與社區規劃專題,3,選,50,38,,12,曾梓峰,H1--102,"5,6, 7",,,,,,,"[{""day"": 1, ""dayName"": ""星期一"", ""periods"": [""5"", ""6"", ""7""], ""raw"": ""5,6, 7""}]",,本課程與建築系碩士班、碩專班合開,https://course.nuk.edu.tw/QueryCourse/tcontent.asp?OpenYear=109&Helf=1&Sclass=DA&Cono=F591,2026-08-26T18:22:53+00:00
109-1-DA-T541-A-4-A,109,1,人文社會科學院,DA,建築學系,T541,A,大學部,4,A,都市計畫,3,必,40,24,,16,吳文彥,H1--101,,,"10,11, 12",,,,,"[{""day"": 3, ""dayName"": ""星期三"", ""periods"": [""10"", ""11"", ""12""], ""raw"": ""10,11, 12""}]",,教室：h1-102。本課程與建築系碩士、碩專一二年級合開。建築系碩士、碩專一年級皆可選修。,https://course.nuk.edu.tw/QueryCourse/tcontent.asp?OpenYear=109&Helf=1&Sclass=DA&Cono=T541,2026-08-26T18:22:53+00:00
109-1-DA-T020-L-1-,109,1,人文社會科學院,DA,建築學系,T020,L,碩士在職專班,1,,研究方法與論文寫作,3,必,20,12,,8,葉育君,H1--102,,"10,11, 12",,,,,,"[{""day"": 2, ""dayName"": ""星期二"", ""periods"": [""10"", ""11"", ""12""], ""raw"": ""10,11, 12""}]",,教室：h1-102教室。本課程為碩士在職專班學生必修。,https://course.nuk.edu.tw/QueryCourse/tcontent.asp?OpenYear=109&Helf=1&Sclass=DA&Cono=T020,2026-08-26T18:22:53+00:00
109-1-DA-T02A-L-1-,109,1,人文社會科學院,DA,建築學系,T02A,L,碩士在職專班,1,,專題研討(一),0,必,20,17,,3,陳逸杰,H1--107,,,"10,11, 12",,,,,"[{""day"": 3, ""dayName"": ""星期三"", ""periods"": [""10"", ""11"", ""12""], ""raw"": ""10,11, 12""}]",,本課程為碩士在職專班學生必修。,https://course.nuk.edu.tw/QueryCourse/tcontent.asp?OpenYear=109&Helf=1&Sclass=DA&Cono=T02A,2026-08-26T18:22:53+00:00
109-1-DA-T507-L-1-,109,1,人文社會科學院,DA,建築學系,T507,L,碩士在職專班,1,,當代永續城市規劃特論,3,選,50,17,,33,曾梓峰,L01-103,"10,11, 12",,,,,,,"[{""day"": 1, ""dayName"": ""星期一"", ""periods"": [""10"", ""11"", ""12""], ""raw"": ""10,11, 12""}]",,本課程碩士、碩專不分年級皆可選修。,https://course.nuk.edu.tw/QueryCourse/tcontent.asp?OpenYear=109&Helf=1&Sclass=DA&Cono=T507,2026-08-26T18:22:53+00:00
109-1-DA-T532-L-1-,109,1,人文社會科學院,DA,建築學系,T532,L,碩士在職專班,1,,建築工程專案管理,3,選,34,34,,0,陳怡兆,H1--101,,,,"10,11, 12",,,,"[{""day"": 4, ""dayName"": ""星期四"", ""periods"": [""10"", ""11"", ""12""], ""raw"": ""10,11, 12""}]",外加,教室：h1-102。本課程碩士、碩專不分年級皆可選修,https://course.nuk.edu.tw/QueryCourse/tcontent.asp?OpenYear=109&Helf=1&Sclass=DA&Cono=T532,2026-08-26T18:22:53+00:00
109-1-DA-T534-L-1-,109,1,人文社會科學院,DA,建築學系,T534,L,碩士在職專班,1,,設計實務與管理,3,選,50,27,,23,張博碩 蘇志勳,H1--102,,,,,,"2,3, 4",,"[{""day"": 6, ""dayName"": ""星期六"", ""periods"": [""2"", ""3"", ""4""], ""raw"": ""2,3, 4""}]",,教室：h1-102，本課程碩士與碩專不分年級皆可選修,https://course.nuk.edu.tw/QueryCourse/tcontent.asp?OpenYear=109&Helf=1&Sclass=DA&Cono=T534,2026-08-26T18:22:53+00:00
109-1-DA-T524-L-2-,109,1,人文社會科學院,DA,建築學系,T524,L,碩士在職專班,2,,設計與規劃研究專題,3,選,35,6,,29,陳逸杰,H3--102,"10,11, 12",,,,,,,"[{""day"": 1, ""dayName"": ""星期一"", ""periods"": [""10"", ""11"", ""12""], ""raw"": ""10,11, 12""}]",,教室：h3-102。,https://course.nuk.edu.tw/QueryCourse/tcontent.asp?OpenYear=109&Helf=1&Sclass=DA&Cono=T524,2026-08-26T18:22:53+00:00
109-1-DA-T541-L-2-,109,1,人文社會科學院,DA,建築學系,T541,L,碩士在職專班,2,,都市計畫,3,選,40,24,,16,吳文彥,H1--101,,,"10,11, 12",,,,,"[{""day"": 3, ""dayName"": ""星期三"", ""periods"": [""10"", ""11"", ""12""], ""raw"": ""10,11, 12""}]",,教室：h1-101。本課程與創建系大四與建築系碩士、碩專一年級合開,https://course.nuk.edu.tw/QueryCourse/tcontent.asp?OpenYear=109&Helf=1&Sclass=DA&Cono=T541,2026-08-26T18:22:53+00:00
109-1-DA-F010-M-1-,109,1,人文社會科學院,DA,建築學系,F010,M,碩士班,1,,專題研討(一),3,必,30,13,,17,馬瑜嬪,H1--102,,,"10,11, 12",,,,,"[{""day"": 3, ""dayName"": ""星期三"", ""periods"": [""10"", ""11"", ""12""], ""raw"": ""10,11, 12""}]",,教室：h1-102,https://course.nuk.edu.tw/QueryCourse/tcontent.asp?OpenYear=109&Helf=1&Sclass=DA&Cono=F010,2026-08-26T18:22:53+00:00
109-1-DA-F021-M-1-,109,1,人文社會科學院,DA,建築學系,F021,M,碩士班,1,,研究方法與論文寫作,3,必,20,13,,7,陳怡兆,H1--101,,"5,6, 7",,,,,,"[{""day"": 2, ""dayName"": ""星期二"", ""periods"": [""5"", ""6"", ""7""], ""raw"": ""5,6, 7""}]",,教室：h1-101。本課程為碩士班必修,https://course.nuk.edu.tw/QueryCourse/tcontent.asp?OpenYear=109&Helf=1&Sclass=DA&Cono=F021,2026-08-26T18:22:53+00:00
109-1-DA-F572-M-1-,109,1,人文社會科學院,DA,建築學系,F572,M,碩士班,1,,健康環境專論,3,選,25,19,,6,葉育君,H1--102,,,"5,6, 7",,,,,"[{""day"": 3, ""dayName"": ""星期三"", ""periods"": [""5"", ""6"", ""7""], ""raw"": ""5,6, 7""}]",,教室h1-102。本課程碩士、碩專不分年級皆可選修。,https://course.nuk.edu.tw/QueryCourse/tcontent.asp?OpenYear=109&Helf=1&Sclass=DA&Cono=F572,2026-08-26T18:22:53+00:00
109-1-DA-F582-M-1-,109,1,人文社會科學院,DA,建築學系,F582,M,碩士班,1,,風土構造與空間研究,3,選,31,31,,0,陳仁,H1--106,,,,"6,7, 8",,,,"[{""day"": 4, ""dayName"": ""星期四"", ""periods"": [""6"", ""7"", ""8""], ""raw"": ""6,7, 8""}]",外加,本課程碩士、碩專不分年級皆可選修。,https://course.nuk.edu.tw/QueryCourse/tcontent.asp?OpenYear=109&Helf=1&Sclass=DA&Cono=F582,2026-08-26T18:22:53+00:00
109-1-DA-F591-M-1-,109,1,人文社會科學院,DA,建築學系,F591,M,碩士班,1,,高齡社會與社區規劃專題,3,選,50,38,,12,曾梓峰,H1--102,"5,6, 7",,,,,,,"[{""day"": 1, ""dayName"": ""星期一"", ""periods"": [""5"", ""6"", ""7""], ""raw"": ""5,6, 7""}]",,教室：h1-102。本課程與大學部三四年級合開。碩士、碩專不分年級皆可選修。,https://course.nuk.edu.tw/QueryCourse/tcontent.asp?OpenYear=109&Helf=1&Sclass=DA&Cono=F591,2026-08-26T18:22:53+00:00
109-1-DAP-A003-A-1-A,109,1,人文社會科學院,DAP,運動競技學系,A003,A,大學部,1,A,運動賽會管理,2,必,52,52,,0,孫美蓮,B01-207-4,,"5,6",,,,,,"[{""day"": 2, ""dayName"": ""星期二"", ""periods"": [""5"", ""6""], ""raw"": ""5,6""}]",限修及外加,207-4教室,https://course.nuk.edu.tw/QueryCourse/tcontent.asp?OpenYear=109&Helf=1&Sclass=DAP&Cono=A003,2026-08-26T18:22:53+00:00
109-1-DAP-A004-A-1-A,109,1,人文社會科學院,DAP,運動競技學系,A004,A,大學部,1,A,運動管理學,2,必,50,50,,0,林政德,B01-207-4,,,,,"3,4",,,"[{""day"": 5, ""dayName"": ""星期五"", ""periods"": [""3"", ""4""], ""raw"": ""3,4""}]",限修及外加,207-4教室,https://course.nuk.edu.tw/QueryCourse/tcontent.asp?OpenYear=109&Helf=1&Sclass=DAP&Cono=A004,2026-08-26T18:22:53+00:00
109-1-DAP-A01A-A-1-A,109,1,人文社會科學院,DAP,運動競技學系,A01A,A,大學部,1,A,專長術科(棒球)-I,4,必,15,14,,1,李坤哲,,,"1,2, 3,4",,"5,6, 7,8",,,,"[{""day"": 2, ""dayName"": ""星期二"", ""periods"": [""1"", ""2"", ""3"", ""4""], ""raw"": ""1,2, 3,4""}, {""day"": 4, ""dayName"": ""星期四"", ""periods"": [""5"", ""6"", ""7"", ""8""], ""raw"": ""5,6, 7,8""}]",限修,授課老師：李坤哲，專長術科（棒球）-I、Ⅲ、Ⅴ、Ⅶ每週二（1-4節）、四（5-8節）棒球場上課,https://course.nuk.edu.tw/QueryCourse/tcontent.asp?OpenYear=109&Helf=1&Sclass=DAP&Cono=A01A,2026-08-26T18:22:53+00:00
109-1-DAP-A02A-A-1-A,109,1,人文社會科學院,DAP,運動競技學系,A02A,A,大學部,1,A,專長術科(桌球)-I,4,必,8,8,,0,王明月,,,"1,2, 3,4",,"5,6, 7,8",,,,"[{""day"": 2, ""dayName"": ""星期二"", ""periods"": [""1"", ""2"", ""3"", ""4""], ""raw"": ""1,2, 3,4""}, {""day"": 4, ""dayName"": ""星期四"", ""periods"": [""5"", ""6"", ""7"", ""8""], ""raw"": ""5,6, 7,8""}]",限修,授課老師：王明月，專長術科（桌球）-I、Ⅲ、Ⅴ、Ⅶ每週二（1-4節）、週四（5-8節）桌球場上課,https://course.nuk.edu.tw/QueryCourse/tcontent.asp?OpenYear=109&Helf=1&Sclass=DAP&Cono=A02A,2026-08-26T18:22:53+00:00
109-1-DAP-A03A-A-1-A,109,1,人文社會科學院,DAP,運動競技學系,A03A,A,大學部,1,A,專長術科(游泳)-I,4,必,9,9,,0,林季嬋,,,"1,2, 3,4",,"5,6, 7,8",,,,"[{""day"": 2, ""dayName"": ""星期二"", ""periods"": [""1"", ""2"", ""3"", ""4""], ""raw"": ""1,2, 3,4""}, {""day"": 4, ""dayName"": ""星期四"", ""periods"": [""5"", ""6"", ""7"", ""8""], ""raw"": ""5,6, 7,8""}]",限修及外加,授課老師：林季嬋，專長術科（游泳）-Ⅰ、Ⅲ、Ⅴ、Ⅶ每週二（1-4節）、週四（5-8節）游泳池水用4水道上課,https://course.nuk.edu.tw/QueryCourse/tcontent.asp?OpenYear=109&Helf=1&Sclass=DAP&Cono=A03A,2026-08-26T18:22:53+00:00
109-1-DAP-A04A-A-1-A,109,1,人文社會科學院,DAP,運動競技學系,A04A,A,大學部,1,A,專長術科(羽球)-I,4,必,14,14,,0,黃全成,,,"1,2, 3,4",,"5,6, 7,8",,,,"[{""day"": 2, ""dayName"": ""星期二"", ""periods"": [""1"", ""2"", ""3"", ""4""], ""raw"": ""1,2, 3,4""}, {""day"": 4, ""dayName"": ""星期四"", ""periods"": [""5"", ""6"", ""7"", ""8""], ""raw"": ""5,6, 7,8""}]",限修及外加,授課老師：黃全成，專長術科（羽球）-Ⅰ、Ⅲ、Ⅴ、Ⅶ每週二（1-4節）、週四（5-8節）羽球場上課,https://course.nuk.edu.tw/QueryCourse/tcontent.asp?OpenYear=109&Helf=1&Sclass=DAP&Cono=A04A,2026-08-26T18:22:53+00:00
109-1-DAP-A06A-A-1-A,109,1,人文社會科學院,DAP,運動競技學系,A06A,A,大學部,1,A,專長術科(木球)-I,4,必,3,3,,0,葉天相,,,"1,2, 3,4",,"5,6, 7,8",,,,"[{""day"": 2, ""dayName"": ""星期二"", ""periods"": [""1"", ""2"", ""3"", ""4""], ""raw"": ""1,2, 3,4""}, {""day"": 4, ""dayName"": ""星期四"", ""periods"": [""5"", ""6"", ""7"", ""8""], ""raw"": ""5,6, 7,8""}]",限修,授課老師：葉天相，專長術科（木球）-Ⅰ、Ⅲ、Ⅴ、Ⅶ，每週二(1-4節)、週四（5-8節）木球場上課,https://course.nuk.edu.tw/QueryCourse/tcontent.asp?OpenYear=109&Helf=1&Sclass=DAP&Cono=A06A,2026-08-26T18:22:53+00:00
109-1-DAP-A513-A-1-A,109,1,人文社會科學院,DAP,運動競技學系,A513,A,大學部,1,A,體育史,2,選,59,59,,0,陳宗榮,B01-207-4,,,,"1,2",,,,"[{""day"": 4, ""dayName"": ""星期四"", ""periods"": [""1"", ""2""], ""raw"": ""1,2""}]",限修及外加,207-4教室,https://course.nuk.edu.tw/QueryCourse/tcontent.asp?OpenYear=109&Helf=1&Sclass=DAP&Cono=A513,2026-08-26T18:22:53+00:00
109-1-DAP-A532-A-1-A,109,1,人文社會科學院,DAP,運動競技學系,A532,A,大學部,1,A,卡巴迪運動,1,選,53,53,,0,陳宗榮,,,,,"3,4",,,,"[{""day"": 4, ""dayName"": ""星期四"", ""periods"": [""3"", ""4""], ""raw"": ""3,4""}]",限修及外加,上課教室:洪四川運動場,https://course.nuk.edu.tw/QueryCourse/tcontent.asp?OpenYear=109&Helf=1&Sclass=DAP&Cono=A532,2026-08-26T18:22:53+00:00
109-1-DAP-B05A-A-1-A,109,1,人文社會科學院,DAP,運動競技學系,B05A,A,大學部,1,A,體適能(Ⅰ),1,必,96,96,,0,陳宗榮,B01-110,"1,2",,,,,,,"[{""day"": 1, ""dayName"": ""星期一"", ""periods"": [""1"", ""2""], ""raw"": ""1,2""}]",限修及外加,體適能教室、綜合演講廳,https://course.nuk.edu.tw/QueryCourse/tcontent.asp?OpenYear=109&Helf=1&Sclass=DAP&Cono=B05A,2026-08-26T18:22:53+00:00
109-1-DAP-B06E-A-1-A,109,1,人文社會科學院,DAP,運動競技學系,B06E,A,大學部,1,A,游泳(I)B,1,必,50,49,,1,葉天相,,,,,,"5,6",,,"[{""day"": 5, ""dayName"": ""星期五"", ""periods"": [""5"", ""6""], ""raw"": ""5,6""}]",限修及外加,游泳池使用4水道,https://course.nuk.edu.tw/QueryCourse/tcontent.asp?OpenYear=109&Helf=1&Sclass=DAP&Cono=B06E,2026-08-26T18:22:53+00:00
109-1-DAP-B001-A-2-A,109,1,人文社會科學院,DAP,運動競技學系,B001,A,大學部,2,A,運動生理學,2,必,57,53,,4,林季嬋,B01-207-4,"3,4",,,,,,,"[{""day"": 1, ""dayName"": ""星期一"", ""periods"": [""3"", ""4""], ""raw"": ""3,4""}]",限修及外加,207-4教室,https://course.nuk.edu.tw/QueryCourse/tcontent.asp?OpenYear=109&Helf=1&Sclass=DAP&Cono=B001,2026-08-26T18:22:53+00:00
109-1-DAP-B002-A-2-A,109,1,人文社會科學院,DAP,運動競技學系,B002,A,大學部,2,A,運動心理學,2,必,53,50,,3,王明月,B01-207-4,"5,6",,,,,,,"[{""day"": 1, ""dayName"": ""星期一"", ""periods"": [""5"", ""6""], ""raw"": ""5,6""}]",限修及外加,207-4教室,https://course.nuk.edu.tw/QueryCourse/tcontent.asp?OpenYear=109&Helf=1&Sclass=DAP&Cono=B002,2026-08-26T18:22:53+00:00
109-1-DAP-B01A-A-2-A,109,1,人文社會科學院,DAP,運動競技學系,B01A,A,大學部,2,A,專長術科(棒球)-III,4,必,18,18,,0,李坤哲,,,"1,2, 3,4",,"5,6, 7,8",,,,"[{""day"": 2, ""dayName"": ""星期二"", ""periods"": [""1"", ""2"", ""3"", ""4""], ""raw"": ""1,2, 3,4""}, {""day"": 4, ""dayName"": ""星期四"", ""periods"": [""5"", ""6"", ""7"", ""8""], ""raw"": ""5,6, 7,8""}]",限修,授課老師：李坤哲，專長術科（棒球）-I、Ⅲ、Ⅴ、Ⅶ每週二（1-4節）、四（5-8節）棒球場上課,https://course.nuk.edu.tw/QueryCourse/tcontent.asp?OpenYear=109&Helf=1&Sclass=DAP&Cono=B01A,2026-08-26T18:22:53+00:00
109-1-DAP-B02A-A-2-A,109,1,人文社會科學院,DAP,運動競技學系,B02A,A,大學部,2,A,專長術科(桌球)-III,4,必,5,5,,0,王明月,,,"1,2, 3,4",,"5,6, 7,8",,,,"[{""day"": 2, ""dayName"": ""星期二"", ""periods"": [""1"", ""2"", ""3"", ""4""], ""raw"": ""1,2, 3,4""}, {""day"": 4, ""dayName"": ""星期四"", ""periods"": [""5"", ""6"", ""7"", ""8""], ""raw"": ""5,6, 7,8""}]",限修,授課老師：王明月，專長術科（桌球）-I、Ⅲ、Ⅴ、Ⅶ每週二（1-4節）、週四（5-8節）桌球場上課,https://course.nuk.edu.tw/QueryCourse/tcontent.asp?OpenYear=109&Helf=1&Sclass=DAP&Cono=B02A,2026-08-26T18:22:53+00:00
109-1-DAP-B03A-A-2-A,109,1,人文社會科學院,DAP,運動競技學系,B03A,A,大學部,2,A,專長術科(游泳)-III,4,必,6,6,,0,林季嬋,,,"1,2, 3,4",,"5,6, 7,8",,,,"[{""day"": 2, ""dayName"": ""星期二"", ""periods"": [""1"", ""2"", ""3"", ""4""], ""raw"": ""1,2, 3,4""}, {""day"": 4, ""dayName"": ""星期四"", ""periods"": [""5"", ""6"", ""7"", ""8""], ""raw"": ""5,6, 7,8""}]",限修,授課老師：林季嬋，專長術科（游泳）-Ⅰ、Ⅲ、Ⅴ、Ⅶ每週二（1-4節）、週四（5-8節）游泳池水用4水道上課,https://course.nuk.edu.tw/QueryCourse/tcontent.asp?OpenYear=109&Helf=1&Sclass=DAP&Cono=B03A,2026-08-26T18:22:53+00:00
109-1-DAP-B04A-A-2-A,109,1,人文社會科學院,DAP,運動競技學系,B04A,A,大學部,2,A,專長術科(羽球)-III,4,必,14,11,,3,黃全成,,,"1,2, 3,4",,"5,6, 7,8",,,,"[{""day"": 2, ""dayName"": ""星期二"", ""periods"": [""1"", ""2"", ""3"", ""4""], ""raw"": ""1,2, 3,4""}, {""day"": 4, ""dayName"": ""星期四"", ""periods"": [""5"", ""6"", ""7"", ""8""], ""raw"": ""5,6, 7,8""}]",限修及外加,授課老師：黃全成，專長術科（羽球）-Ⅰ、Ⅲ、Ⅴ、Ⅶ每週二（1-4節）、週四（5-8節）羽球場上課,https://course.nuk.edu.tw/QueryCourse/tcontent.asp?OpenYear=109&Helf=1&Sclass=DAP&Cono=B04A,2026-08-26T18:22:53+00:00
109-1-DAP-B05A-A-2-A,109,1,人文社會科學院,DAP,運動競技學系,B05A,A,大學部,2,A,體適能(Ⅰ),1,必,96,96,,0,陳宗榮,B01-110,"1,2",,,,,,,"[{""day"": 1, ""dayName"": ""星期一"", ""periods"": [""1"", ""2""], ""raw"": ""1,2""}]",限修及外加,體適能教室、綜合演講廳,https://course.nuk.edu.tw/QueryCourse/tcontent.asp?OpenYear=109&Helf=1&Sclass=DAP&Cono=B05A,2026-08-26T18:22:53+00:00
109-1-DAP-B06A-A-2-A,109,1,人文社會科學院,DAP,運動競技學系,B06A,A,大學部,2,A,游泳(Ⅰ),1,必,93,45,,48,葉天相,,,"7,8",,,,,,"[{""day"": 2, ""dayName"": ""星期二"", ""periods"": [""7"", ""8""], ""raw"": ""7,8""}]",限修,游泳池使用4水道,https://course.nuk.edu.tw/QueryCourse/tcontent.asp?OpenYear=109&Helf=1&Sclass=DAP&Cono=B06A,2026-08-26T18:22:53+00:00
109-1-DAP-B07A-A-2-A,109,1,人文社會科學院,DAP,運動競技學系,B07A,A,大學部,2,A,專長術科(木球)-Ⅲ,4,必,6,6,,0,葉天相,,,"1,2, 3,4",,"5,6, 7,8",,,,"[{""day"": 2, ""dayName"": ""星期二"", ""periods"": [""1"", ""2"", ""3"", ""4""], ""raw"": ""1,2, 3,4""}, {""day"": 4, ""dayName"": ""星期四"", ""periods"": [""5"", ""6"", ""7"", ""8""], ""raw"": ""5,6, 7,8""}]",限修,授課老師：葉天相，專長術科（木球）-Ⅰ、Ⅲ、Ⅴ、Ⅶ，每週二(1-4節)、週四（5-8節）木球場上課,https://course.nuk.edu.tw/QueryCourse/tcontent.asp?OpenYear=109&Helf=1&Sclass=DAP&Cono=B07A,2026-08-26T18:22:53+00:00
109-1-DAP-B511-A-2-A,109,1,人文社會科學院,DAP,運動競技學系,B511,A,大學部,2,A,健身運動指導學,2,選,50,39,,11,李坤哲,B01-207-6,,,,"1,2",,,,"[{""day"": 4, ""dayName"": ""星期四"", ""periods"": [""1"", ""2""], ""raw"": ""1,2""}]",限修及外加,207-6教室,https://course.nuk.edu.tw/QueryCourse/tcontent.asp?OpenYear=109&Helf=1&Sclass=DAP&Cono=B511,2026-08-26T18:22:53+00:00
109-1-DAP-B512-A-2-A,109,1,人文社會科學院,DAP,運動競技學系,B512,A,大學部,2,A,運動倫理,2,選,51,47,,4,林政德,B01-207-4,,,"1,2",,,,,"[{""day"": 3, ""dayName"": ""星期三"", ""periods"": [""1"", ""2""], ""raw"": ""1,2""}]",限修及外加,207-4教室,https://course.nuk.edu.tw/QueryCourse/tcontent.asp?OpenYear=109&Helf=1&Sclass=DAP&Cono=B512,2026-08-26T18:22:53+00:00
109-1-DAP-B513-A-2-A,109,1,人文社會科學院,DAP,運動競技學系,B513,A,大學部,2,A,運動公共關係,2,選,49,45,,4,孫美蓮,B01-207-4,,,"3,4",,,,,"[{""day"": 3, ""dayName"": ""星期三"", ""periods"": [""3"", ""4""], ""raw"": ""3,4""}]",限修及外加,207-4教室,https://course.nuk.edu.tw/QueryCourse/tcontent.asp?OpenYear=109&Helf=1&Sclass=DAP&Cono=B513,2026-08-26T18:22:53+00:00
109-1-DAP-B515-A-2-A,109,1,人文社會科學院,DAP,運動競技學系,B515,A,大學部,2,A,專項運動英文閱讀與會話(1),1,選,45,39,,6,顏淑娟,H2--108,,6,,,,,,"[{""day"": 2, ""dayName"": ""星期二"", ""periods"": [""6""], ""raw"": ""6""}]",,109 年高等教育深耕計畫競爭型方案「打造英語友善運動指導人才：體育專業×英語力」課程,https://course.nuk.edu.tw/QueryCourse/tcontent.asp?OpenYear=109&Helf=1&Sclass=DAP&Cono=B515,2026-08-26T18:22:53+00:00
109-1-DAP-B531-A-2-A,109,1,人文社會科學院,DAP,運動競技學系,B531,A,大學部,2,A,棒/壘球,1,選,48,26,,22,李坤哲,,,,,,"3,4",,,"[{""day"": 5, ""dayName"": ""星期五"", ""periods"": [""3"", ""4""], ""raw"": ""3,4""}]",限修,棒壘場,https://course.nuk.edu.tw/QueryCourse/tcontent.asp?OpenYear=109&Helf=1&Sclass=DAP&Cono=B531,2026-08-26T18:22:53+00:00
109-1-DAP-B54A-A-2-A,109,1,人文社會科學院,DAP,運動競技學系,B54A,A,大學部,2,A,水上救生(Ⅰ),1,選,48,44,,4,葉天相,,,,"5,6",,,,,"[{""day"": 3, ""dayName"": ""星期三"", ""periods"": [""5"", ""6""], ""raw"": ""5,6""}]",限修,游泳池使用4水道,https://course.nuk.edu.tw/QueryCourse/tcontent.asp?OpenYear=109&Helf=1&Sclass=DAP&Cono=B54A,2026-08-26T18:22:53+00:00
109-1-DAP-C001-A-3-A,109,1,人文社會科學院,DAP,運動競技學系,C001,A,大學部,3,A,運動訓練學,2,必,49,41,,8,李坤哲,B01-207-6,,,"1,2",,,,,"[{""day"": 3, ""dayName"": ""星期三"", ""periods"": [""1"", ""2""], ""raw"": ""1,2""}]",限修及外加,207-6教室,https://course.nuk.edu.tw/QueryCourse/tcontent.asp?OpenYear=109&Helf=1&Sclass=DAP&Cono=C001,2026-08-26T18:22:53+00:00
109-1-DAP-C01A-A-3-A,109,1,人文社會科學院,DAP,運動競技學系,C01A,A,大學部,3,A,專長術科(棒球)-V,4,必,18,14,,4,李坤哲,其他教室,,"1,2, 3,4",,"5,6, 7,8",,,,"[{""day"": 2, ""dayName"": ""星期二"", ""periods"": [""1"", ""2"", ""3"", ""4""], ""raw"": ""1,2, 3,4""}, {""day"": 4, ""dayName"": ""星期四"", ""periods"": [""5"", ""6"", ""7"", ""8""], ""raw"": ""5,6, 7,8""}]",限修及外加,授課老師：李坤哲，專長術科（棒球）-I、Ⅲ、Ⅴ、Ⅶ週二（1-4節）、週四（5-8節）棒球場上課,https://course.nuk.edu.tw/QueryCourse/tcontent.asp?OpenYear=109&Helf=1&Sclass=DAP&Cono=C01A,2026-08-26T18:22:53+00:00
109-1-DAP-C02A-A-3-A,109,1,人文社會科學院,DAP,運動競技學系,C02A,A,大學部,3,A,專長術科(桌球)-V,4,必,11,10,,1,王明月,其他教室,,"1,2, 3,4",,"5,6, 7,8",,,,"[{""day"": 2, ""dayName"": ""星期二"", ""periods"": [""1"", ""2"", ""3"", ""4""], ""raw"": ""1,2, 3,4""}, {""day"": 4, ""dayName"": ""星期四"", ""periods"": [""5"", ""6"", ""7"", ""8""], ""raw"": ""5,6, 7,8""}]",限修及外加,授課老師：王明月，專長術科（桌球）-I、Ⅲ、Ⅴ、Ⅶ每週二（1-4節）、週四（5-8節）桌球場上課,https://course.nuk.edu.tw/QueryCourse/tcontent.asp?OpenYear=109&Helf=1&Sclass=DAP&Cono=C02A,2026-08-26T18:22:53+00:00
109-1-DAP-C03A-A-3-A,109,1,人文社會科學院,DAP,運動競技學系,C03A,A,大學部,3,A,專長術科(游泳)-V,4,必,4,2,,2,林季嬋,其他教室,,"1,2, 3,4",,"5,6, 7,8",,,,"[{""day"": 2, ""dayName"": ""星期二"", ""periods"": [""1"", ""2"", ""3"", ""4""], ""raw"": ""1,2, 3,4""}, {""day"": 4, ""dayName"": ""星期四"", ""periods"": [""5"", ""6"", ""7"", ""8""], ""raw"": ""5,6, 7,8""}]",限修,授課老師：林季嬋，專長術科（游泳）-Ⅰ、Ⅲ、Ⅴ、Ⅶ每週二（1-4節）、週四（5-8節）游泳池水用4水道上課,https://course.nuk.edu.tw/QueryCourse/tcontent.asp?OpenYear=109&Helf=1&Sclass=DAP&Cono=C03A,2026-08-26T18:22:53+00:00
109-1-DAP-C04A-A-3-A,109,1,人文社會科學院,DAP,運動競技學系,C04A,A,大學部,3,A,專長術科(羽球)-V,4,必,12,12,,0,黃全成,其他教室,,"1,2, 3,4",,"5,6, 7,8",,,,"[{""day"": 2, ""dayName"": ""星期二"", ""periods"": [""1"", ""2"", ""3"", ""4""], ""raw"": ""1,2, 3,4""}, {""day"": 4, ""dayName"": ""星期四"", ""periods"": [""5"", ""6"", ""7"", ""8""], ""raw"": ""5,6, 7,8""}]",限修及外加,授課老師：黃全成，專長術科（羽球）-Ⅰ、Ⅲ、Ⅴ、Ⅶ每週二（1-4節）、週四（5-8節）羽球場上課,https://course.nuk.edu.tw/QueryCourse/tcontent.asp?OpenYear=109&Helf=1&Sclass=DAP&Cono=C04A,2026-08-26T18:22:53+00:00
109-1-DAP-C05A-A-3-A,109,1,人文社會科學院,DAP,運動競技學系,C05A,A,大學部,3,A,專長術科(木球)-Ⅴ,4,必,5,4,,1,葉天相,,,"1,2, 3,4",,"5,6, 7,8",,,,"[{""day"": 2, ""dayName"": ""星期二"", ""periods"": [""1"", ""2"", ""3"", ""4""], ""raw"": ""1,2, 3,4""}, {""day"": 4, ""dayName"": ""星期四"", ""periods"": [""5"", ""6"", ""7"", ""8""], ""raw"": ""5,6, 7,8""}]",限修,授課教師：葉天相、專長術科（木球）-Ⅰ、Ⅲ、Ⅴ、Ⅶ，每週二(1-4節)、週四（5-8節）木球場上課,https://course.nuk.edu.tw/QueryCourse/tcontent.asp?OpenYear=109&Helf=1&Sclass=DAP&Cono=C05A,2026-08-26T18:22:53+00:00
109-1-DAP-C501-A-3-A,109,1,人文社會科學院,DAP,運動競技學系,C501,A,大學部,3,A,體育行政與管理,2,選,50,35,,15,林政德,B01-207-6,,,,"3,4",,,,"[{""day"": 4, ""dayName"": ""星期四"", ""periods"": [""3"", ""4""], ""raw"": ""3,4""}]",限修及外加,207-6教室,https://course.nuk.edu.tw/QueryCourse/tcontent.asp?OpenYear=109&Helf=1&Sclass=DAP&Cono=C501,2026-08-26T18:22:53+00:00
109-1-DAP-C513-A-3-A,109,1,人文社會科學院,DAP,運動競技學系,C513,A,大學部,3,A,運動營養學,2,選,50,42,,8,陳宗榮,B01-207-6,,,,,"3,4",,,"[{""day"": 5, ""dayName"": ""星期五"", ""periods"": [""3"", ""4""], ""raw"": ""3,4""}]",限修及外加,207-6教室,https://course.nuk.edu.tw/QueryCourse/tcontent.asp?OpenYear=109&Helf=1&Sclass=DAP&Cono=C513,2026-08-26T18:22:53+00:00
109-1-DAP-C515-A-3-A,109,1,人文社會科學院,DAP,運動競技學系,C515,A,大學部,3,A,運動技術分析,2,選,49,40,,9,陳宗榮,B01-207-4,,,,,"1,2",,,"[{""day"": 5, ""dayName"": ""星期五"", ""periods"": [""1"", ""2""], ""raw"": ""1,2""}]",限修及外加,207-4教室,https://course.nuk.edu.tw/QueryCourse/tcontent.asp?OpenYear=109&Helf=1&Sclass=DAP&Cono=C515,2026-08-26T18:22:53+00:00
109-1-DAP-C521-A-3-A,109,1,人文社會科學院,DAP,運動競技學系,C521,A,大學部,3,A,網球,1,選,52,36,,16,林政德,,,"7,8",,,,,,"[{""day"": 2, ""dayName"": ""星期二"", ""periods"": [""7"", ""8""], ""raw"": ""7,8""}]",限修及外加,網球場,https://course.nuk.edu.tw/QueryCourse/tcontent.asp?OpenYear=109&Helf=1&Sclass=DAP&Cono=C521,2026-08-26T18:22:53+00:00
109-1-DAP-C522-A-3-A,109,1,人文社會科學院,DAP,運動競技學系,C522,A,大學部,3,A,足球,1,選,48,33,,15,葉天相,,"1,2",,,,,,,"[{""day"": 1, ""dayName"": ""星期一"", ""periods"": [""1"", ""2""], ""raw"": ""1,2""}]",限修及外加,足球場,https://course.nuk.edu.tw/QueryCourse/tcontent.asp?OpenYear=109&Helf=1&Sclass=DAP&Cono=C522,2026-08-26T18:22:53+00:00
109-1-DAP-C531-A-3-A,109,1,人文社會科學院,DAP,運動競技學系,C531,A,大學部,3,A,幼兒體育,1,選,47,37,,10,葉天相,B01-207-6 其他教室,"5,6",,,,,,,"[{""day"": 1, ""dayName"": ""星期一"", ""periods"": [""5"", ""6""], ""raw"": ""5,6""}]",限修,207-6教室、綜合演講廳,https://course.nuk.edu.tw/QueryCourse/tcontent.asp?OpenYear=109&Helf=1&Sclass=DAP&Cono=C531,2026-08-26T18:22:53+00:00
109-1-DAP-C54A-A-3-A,109,1,人文社會科學院,DAP,運動競技學系,C54A,A,大學部,3,A,重量訓練(Ⅰ),1,選,52,37,,15,黃全成,,"3,4",,,,,,,"[{""day"": 1, ""dayName"": ""星期一"", ""periods"": [""3"", ""4""], ""raw"": ""3,4""}]",限修及外加,重訓教室,https://course.nuk.edu.tw/QueryCourse/tcontent.asp?OpenYear=109&Helf=1&Sclass=DAP&Cono=C54A,2026-08-26T18:22:53+00:00
109-1-DAP-D01A-A-4-A,109,1,人文社會科學院,DAP,運動競技學系,D01A,A,大學部,4,A,專長術科(棒球)-Ⅶ,4,必,17,15,,2,李坤哲,其他教室,,"1,2, 3,4",,"5,6, 7,8",,,,"[{""day"": 2, ""dayName"": ""星期二"", ""periods"": [""1"", ""2"", ""3"", ""4""], ""raw"": ""1,2, 3,4""}, {""day"": 4, ""dayName"": ""星期四"", ""periods"": [""5"", ""6"", ""7"", ""8""], ""raw"": ""5,6, 7,8""}]",限修,授課老師：李坤哲，專長術科（棒球）-I、Ⅲ、Ⅴ、Ⅶ週二（1-4節）、週四（5-8節）棒球場上課,https://course.nuk.edu.tw/QueryCourse/tcontent.asp?OpenYear=109&Helf=1&Sclass=DAP&Cono=D01A,2026-08-26T18:22:53+00:00
109-1-DAP-D02A-A-4-A,109,1,人文社會科學院,DAP,運動競技學系,D02A,A,大學部,4,A,專長術科(桌球)-Ⅶ,4,必,10,9,,1,王明月,其他教室,,"1,2, 3,4",,"5,6, 7,8",,,,"[{""day"": 2, ""dayName"": ""星期二"", ""periods"": [""1"", ""2"", ""3"", ""4""], ""raw"": ""1,2, 3,4""}, {""day"": 4, ""dayName"": ""星期四"", ""periods"": [""5"", ""6"", ""7"", ""8""], ""raw"": ""5,6, 7,8""}]",限修,授課老師：王明月，專長術科（桌球）-I、Ⅲ、Ⅴ、Ⅶ每週二（1-4節）、週四（5-8節）桌球場上課,https://course.nuk.edu.tw/QueryCourse/tcontent.asp?OpenYear=109&Helf=1&Sclass=DAP&Cono=D02A,2026-08-26T18:22:53+00:00
109-1-DAP-D03A-A-4-A,109,1,人文社會科學院,DAP,運動競技學系,D03A,A,大學部,4,A,專長術科(游泳)-Ⅶ,4,必,6,3,,3,林季嬋,其他教室,,"1,2, 3,4",,"5,6, 7,8",,,,"[{""day"": 2, ""dayName"": ""星期二"", ""periods"": [""1"", ""2"", ""3"", ""4""], ""raw"": ""1,2, 3,4""}, {""day"": 4, ""dayName"": ""星期四"", ""periods"": [""5"", ""6"", ""7"", ""8""], ""raw"": ""5,6, 7,8""}]",限修及外加,授課老師：林季嬋，專長術科（游泳）-Ⅰ、Ⅲ、Ⅴ、Ⅶ每週二（1-4節）、週四（5-8節）游泳池水用4水道上課,https://course.nuk.edu.tw/QueryCourse/tcontent.asp?OpenYear=109&Helf=1&Sclass=DAP&Cono=D03A,2026-08-26T18:22:53+00:00
109-1-DAP-D04A-A-4-A,109,1,人文社會科學院,DAP,運動競技學系,D04A,A,大學部,4,A,專長術科(羽球)-Ⅶ,4,必,10,9,,1,黃全成,其他教室,,"1,2, 3,4",,"5,6, 7,8",,,,"[{""day"": 2, ""dayName"": ""星期二"", ""periods"": [""1"", ""2"", ""3"", ""4""], ""raw"": ""1,2, 3,4""}, {""day"": 4, ""dayName"": ""星期四"", ""periods"": [""5"", ""6"", ""7"", ""8""], ""raw"": ""5,6, 7,8""}]",限修,授課老師：黃全成，專長術科（羽球）-Ⅰ、Ⅲ、Ⅴ、Ⅶ每週二（1-4節）、週四（5-8節）羽球場上課,https://course.nuk.edu.tw/QueryCourse/tcontent.asp?OpenYear=109&Helf=1&Sclass=DAP&Cono=D04A,2026-08-26T18:22:53+00:00
109-1-DAP-D05A-A-4-A,109,1,人文社會科學院,DAP,運動競技學系,D05A,A,大學部,4,A,專長術科(木球)-Ⅶ,4,必,4,4,,0,葉天相,,,"1,2, 3,4",,"5,6, 7,8",,,,"[{""day"": 2, ""dayName"": ""星期二"", ""periods"": [""1"", ""2"", ""3"", ""4""], ""raw"": ""1,2, 3,4""}, {""day"": 4, ""dayName"": ""星期四"", ""periods"": [""5"", ""6"", ""7"", ""8""], ""raw"": ""5,6, 7,8""}]",限修,授課老師：葉天相，專長術科（棒球）-I、Ⅲ、Ⅴ、Ⅶ週二（1-4節）、週四（5-8節）木球場上課,https://course.nuk.edu.tw/QueryCourse/tcontent.asp?OpenYear=109&Helf=1&Sclass=DAP&Cono=D05A,2026-08-26T18:22:53+00:00
109-1-DAP-D501-A-4-A,109,1,人文社會科學院,DAP,運動競技學系,D501,A,大學部,4,A,運動傳播學,2,選,47,37,,10,林政德,B01-207-6,,,"3,4",,,,,"[{""day"": 3, ""dayName"": ""星期三"", ""periods"": [""3"", ""4""], ""raw"": ""3,4""}]",限修及外加,207-6教室,https://course.nuk.edu.tw/QueryCourse/tcontent.asp?OpenYear=109&Helf=1&Sclass=DAP&Cono=D501,2026-08-26T18:22:53+00:00
109-1-DAP-D514-A-4-A,109,1,人文社會科學院,DAP,運動競技學系,D514,A,大學部,4,A,排球,1,選,47,21,,26,陳宗榮,,,,"1,2",,,,,"[{""day"": 3, ""dayName"": ""星期三"", ""periods"": [""1"", ""2""], ""raw"": ""1,2""}]",限修,排球場,https://course.nuk.edu.tw/QueryCourse/tcontent.asp?OpenYear=109&Helf=1&Sclass=DAP&Cono=D514,2026-08-26T18:22:53+00:00
109-1-DAP-D515-A-4-A,109,1,人文社會科學院,DAP,運動競技學系,D515,A,大學部,4,A,高爾夫,1,選,47,27,,20,黃全成,,"5,6",,,,,,,"[{""day"": 1, ""dayName"": ""星期一"", ""periods"": [""5"", ""6""], ""raw"": ""5,6""}]",限修,,https://course.nuk.edu.tw/QueryCourse/tcontent.asp?OpenYear=109&Helf=1&Sclass=DAP&Cono=D515,2026-08-26T18:22:53+00:00
109-1-DAP-D521-A-4-A,109,1,人文社會科學院,DAP,運動競技學系,D521,A,大學部,4,A,運動產業實習,2,選,7,3,,4,黃全成,B01-207-6,,"5,6",,,,,,"[{""day"": 2, ""dayName"": ""星期二"", ""periods"": [""5"", ""6""], ""raw"": ""5,6""}]",限修,207-6教室,https://course.nuk.edu.tw/QueryCourse/tcontent.asp?OpenYear=109&Helf=1&Sclass=DAP&Cono=D521,2026-08-26T18:22:53+00:00
109-1-EL-A011-A-1-A,109,1,人文社會科學院,EL,東亞語文學系,A011,A,大學部,1,A,初級日語I,4,必,42,40,,2,陳志文,H1--111,"3,4",,"3,4",,,,,"[{""day"": 1, ""dayName"": ""星期一"", ""periods"": [""3"", ""4""], ""raw"": ""3,4""}, {""day"": 3, ""dayName"": ""星期三"", ""periods"": [""3"", ""4""], ""raw"": ""3,4""}]",限修及外加 學程,教室H1-111，隸屬外語觀光保健人才培育學程,https://course.nuk.edu.tw/QueryCourse/tcontent.asp?OpenYear=109&Helf=1&Sclass=EL&Cono=A011,2026-08-26T18:22:53+00:00
109-1-EL-A033-A-1-A,109,1,人文社會科學院,EL,東亞語文學系,A033,A,大學部,1,A,初級日語會話Ⅰ,2,必,34,33,,1,何資宜,H2--102,,,,"7,8",,,,"[{""day"": 4, ""dayName"": ""星期四"", ""periods"": [""7"", ""8""], ""raw"": ""7,8""}]",外加 學程,教室H2-102，隸屬外語觀光保健人才培育學程、人文與商管學程。,https://course.nuk.edu.tw/QueryCourse/tcontent.asp?OpenYear=109&Helf=1&Sclass=EL&Cono=A033,2026-08-26T18:22:53+00:00
109-1-EL-A061-A-1-A,109,1,人文社會科學院,EL,東亞語文學系,A061,A,大學部,1,A,初級韓語 Ⅰ,4,必,54,54,,0,李京保,H2--201,,"3,4","3,4",,,,,"[{""day"": 2, ""dayName"": ""星期二"", ""periods"": [""3"", ""4""], ""raw"": ""3,4""}, {""day"": 3, ""dayName"": ""星期三"", ""periods"": [""3"", ""4""], ""raw"": ""3,4""}]",限修及外加 學程,教室H2-201，隸屬外語觀光保健人才培育學程、人文與商管學程,https://course.nuk.edu.tw/QueryCourse/tcontent.asp?OpenYear=109&Helf=1&Sclass=EL&Cono=A061,2026-08-26T18:22:53+00:00
109-1-EL-A081-A-1-A,109,1,人文社會科學院,EL,東亞語文學系,A081,A,大學部,1,A,初級韓語會話Ⅰ,2,必,40,35,,5,王清棟,H2--201,,"5,6",,,,,,"[{""day"": 2, ""dayName"": ""星期二"", ""periods"": [""5"", ""6""], ""raw"": ""5,6""}]",限修及外加 學程,教室H2-201，隸屬外語觀光保健人才培育學程、人文與商管學程。,https://course.nuk.edu.tw/QueryCourse/tcontent.asp?OpenYear=109&Helf=1&Sclass=EL&Cono=A081,2026-08-26T18:22:53+00:00
109-1-EL-A091-A-1-A,109,1,人文社會科學院,EL,東亞語文學系,A091,A,大學部,1,A,初級越語 Ⅰ,4,必,31,23,,8,陳氏蘭,H2--102 其他教室,,"3,4",,"3,4",,,,"[{""day"": 2, ""dayName"": ""星期二"", ""periods"": [""3"", ""4""], ""raw"": ""3,4""}, {""day"": 4, ""dayName"": ""星期四"", ""periods"": [""3"", ""4""], ""raw"": ""3,4""}]",學程,教室H2-102 H1-111 隸屬台越交流法商菁英人才培育學程、外語觀光保健人才培育學程、人文與商管學程。,https://course.nuk.edu.tw/QueryCourse/tcontent.asp?OpenYear=109&Helf=1&Sclass=EL&Cono=A091,2026-08-26T18:22:53+00:00
109-1-EL-A111-A-1-A,109,1,人文社會科學院,EL,東亞語文學系,A111,A,大學部,1,A,初級越語會話Ⅰ,2,必,30,25,,5,阮美香,H2--202,,,,"5,6",,,,"[{""day"": 4, ""dayName"": ""星期四"", ""periods"": [""5"", ""6""], ""raw"": ""5,6""}]",學程,教室H2-202 隸屬台越交流法商菁英人才培育學程、外語觀光保健人才培育學程、人文與商管學程。,https://course.nuk.edu.tw/QueryCourse/tcontent.asp?OpenYear=109&Helf=1&Sclass=EL&Cono=A111,2026-08-26T18:22:53+00:00
109-1-EL-A561-A-1-A,109,1,人文社會科學院,EL,東亞語文學系,A561,A,大學部,1,A,越語發音,2,選,30,26,,4,陳氏蘭,H1--111,,,,"1,2",,,,"[{""day"": 4, ""dayName"": ""星期四"", ""periods"": [""1"", ""2""], ""raw"": ""1,2""}]",,教室H1-111,https://course.nuk.edu.tw/QueryCourse/tcontent.asp?OpenYear=109&Helf=1&Sclass=EL&Cono=A561,2026-08-26T18:22:53+00:00
109-1-EL-A56A-A-1-A,109,1,人文社會科學院,EL,東亞語文學系,A56A,A,大學部,1,A,日語語法 I,2,選,36,34,,2,陳志文,H1--111,,"3,4",,,,,,"[{""day"": 2, ""dayName"": ""星期二"", ""periods"": [""3"", ""4""], ""raw"": ""3,4""}]",限修及外加,教室H1-111,https://course.nuk.edu.tw/QueryCourse/tcontent.asp?OpenYear=109&Helf=1&Sclass=EL&Cono=A56A,2026-08-26T18:22:53+00:00
109-1-EL-A58A-A-1-A,109,1,人文社會科學院,EL,東亞語文學系,A58A,A,大學部,1,A,初級日語句型練習Ⅰ,1,選,35,28,,7,陳志文,H1--109,10,,,,,,,"[{""day"": 1, ""dayName"": ""星期一"", ""periods"": [""10""], ""raw"": ""10""}]",限修及外加,由老師指定加簽修課學生,https://course.nuk.edu.tw/QueryCourse/tcontent.asp?OpenYear=109&Helf=1&Sclass=EL&Cono=A58A,2026-08-26T18:22:53+00:00
109-1-EL-A591-A-1-A,109,1,人文社會科學院,EL,東亞語文學系,A591,A,大學部,1,A,韓國文化概論,2,選,36,36,,0,河凡植,H2--201,"3,4",,,,,,,"[{""day"": 1, ""dayName"": ""星期一"", ""periods"": [""3"", ""4""], ""raw"": ""3,4""}]",外加,教室H2-201,https://course.nuk.edu.tw/QueryCourse/tcontent.asp?OpenYear=109&Helf=1&Sclass=EL&Cono=A591,2026-08-26T18:22:53+00:00
109-1-EL-A601-A-1-A,109,1,人文社會科學院,EL,東亞語文學系,A601,A,大學部,1,A,越南文化概論,2,選,33,33,,0,裴光雄,H2--102,"1,2",,,,,,,"[{""day"": 1, ""dayName"": ""星期一"", ""periods"": [""1"", ""2""], ""raw"": ""1,2""}]",外加,,https://course.nuk.edu.tw/QueryCourse/tcontent.asp?OpenYear=109&Helf=1&Sclass=EL&Cono=A601,2026-08-26T18:22:53+00:00
109-1-EL-A61A-A-1-A,109,1,人文社會科學院,EL,東亞語文學系,A61A,A,大學部,1,A,初級泰語Ⅰ,3,選,50,35,,15,潘婉玲,H1--103,,,,"2,3, 4",,,,"[{""day"": 4, ""dayName"": ""星期四"", ""periods"": [""2"", ""3"", ""4""], ""raw"": ""2,3, 4""}]",,H1-103本課程獲教育部經費補助，兼任教師授課鐘點費由教學發展中心計畫案經費支應,https://course.nuk.edu.tw/QueryCourse/tcontent.asp?OpenYear=109&Helf=1&Sclass=EL&Cono=A61A,2026-08-26T18:22:53+00:00
109-1-EL-A02A-A-2-A,109,1,人文社會科學院,EL,東亞語文學系,A02A,A,大學部,2,A,日語聽講實習I,2,必,30,26,,4,深尾圓,H2--102,"7,8",,,,,,,"[{""day"": 1, ""dayName"": ""星期一"", ""periods"": [""7"", ""8""], ""raw"": ""7,8""}]",學程,教室H2-102，隸屬外語導遊人才培育學程、外語觀光保健人才培育學程,https://course.nuk.edu.tw/QueryCourse/tcontent.asp?OpenYear=109&Helf=1&Sclass=EL&Cono=A02A,2026-08-26T18:22:53+00:00
109-1-EL-A071-A-2-A,109,1,人文社會科學院,EL,東亞語文學系,A071,A,大學部,2,A,韓語聽講實習Ⅰ,2,必,30,22,,8,李京保,H2--201,"5,6",,,,,,,"[{""day"": 1, ""dayName"": ""星期一"", ""periods"": [""5"", ""6""], ""raw"": ""5,6""}]",學程,教室H2-201，隸屬外語導遊人才培育學程、外語觀光保健人才培育學程,https://course.nuk.edu.tw/QueryCourse/tcontent.asp?OpenYear=109&Helf=1&Sclass=EL&Cono=A071,2026-08-26T18:22:53+00:00
109-1-EL-A101-A-2-A,109,1,人文社會科學院,EL,東亞語文學系,A101,A,大學部,2,A,越語聽講實習Ⅰ,2,必,30,15,,15,阮美香,H2--202,,"3,4",,,,,,"[{""day"": 2, ""dayName"": ""星期二"", ""periods"": [""3"", ""4""], ""raw"": ""3,4""}]",學程,教室 H2-202 隸屬外語導遊人才培育學程、外語觀光保健人才培育學程,https://course.nuk.edu.tw/QueryCourse/tcontent.asp?OpenYear=109&Helf=1&Sclass=EL&Cono=A101,2026-08-26T18:22:53+00:00
109-1-EL-B10A-A-2-A,109,1,人文社會科學院,EL,東亞語文學系,B10A,A,大學部,2,A,中級日語 I,4,必,30,28,,2,何資宜,H2--102,,,"3,4","3,4",,,,"[{""day"": 3, ""dayName"": ""星期三"", ""periods"": [""3"", ""4""], ""raw"": ""3,4""}, {""day"": 4, ""dayName"": ""星期四"", ""periods"": [""3"", ""4""], ""raw"": ""3,4""}]",學程,教室H2-102 人文與商管學程,https://course.nuk.edu.tw/QueryCourse/tcontent.asp?OpenYear=109&Helf=1&Sclass=EL&Cono=B10A,2026-08-26T18:22:53+00:00
109-1-EL-B11C-A-2-A,109,1,人文社會科學院,EL,東亞語文學系,B11C,A,大學部,2,A,中級韓語 I,4,必,30,25,,5,王清棟,H1--103 其他教室,,"3,4",,"3,4",,,,"[{""day"": 2, ""dayName"": ""星期二"", ""periods"": [""3"", ""4""], ""raw"": ""3,4""}, {""day"": 4, ""dayName"": ""星期四"", ""periods"": [""3"", ""4""], ""raw"": ""3,4""}]",學程,教室H1-103 人文與商管學程,https://course.nuk.edu.tw/QueryCourse/tcontent.asp?OpenYear=109&Helf=1&Sclass=EL&Cono=B11C,2026-08-26T18:22:53+00:00
109-1-EL-B12C-A-2-A,109,1,人文社會科學院,EL,東亞語文學系,B12C,A,大學部,2,A,中級越語 I,4,必,30,18,,12,阮美香,H2--202,,"1,2",,"1,2",,,,"[{""day"": 2, ""dayName"": ""星期二"", ""periods"": [""1"", ""2""], ""raw"": ""1,2""}, {""day"": 4, ""dayName"": ""星期四"", ""periods"": [""1"", ""2""], ""raw"": ""1,2""}]",學程,教室H2-202 隸屬台越交流法商菁英人才培育學程 人文商管學程,https://course.nuk.edu.tw/QueryCourse/tcontent.asp?OpenYear=109&Helf=1&Sclass=EL&Cono=B12C,2026-08-26T18:22:53+00:00
109-1-EL-B13D-A-2-A,109,1,人文社會科學院,EL,東亞語文學系,B13D,A,大學部,2,A,中級韓語會話I,2,必,30,26,,4,劉素晶,H2--201,"7,8",,,,,,,"[{""day"": 1, ""dayName"": ""星期一"", ""periods"": [""7"", ""8""], ""raw"": ""7,8""}]",,教室H2-201,https://course.nuk.edu.tw/QueryCourse/tcontent.asp?OpenYear=109&Helf=1&Sclass=EL&Cono=B13D,2026-08-26T18:22:53+00:00
109-1-EL-B14A-A-2-A,109,1,人文社會科學院,EL,東亞語文學系,B14A,A,大學部,2,A,中級日語會話I,2,必,30,26,,4,深尾圓,H2--102,,,"7,8",,,,,"[{""day"": 3, ""dayName"": ""星期三"", ""periods"": [""7"", ""8""], ""raw"": ""7,8""}]",,教室H2-102,https://course.nuk.edu.tw/QueryCourse/tcontent.asp?OpenYear=109&Helf=1&Sclass=EL&Cono=B14A,2026-08-26T18:22:53+00:00
109-1-EL-B15A-A-2-A,109,1,人文社會科學院,EL,東亞語文學系,B15A,A,大學部,2,A,中級越語會話I,2,必,31,18,,13,陳氏蘭,H2--101,,"5,6",,,,,,"[{""day"": 2, ""dayName"": ""星期二"", ""periods"": [""5"", ""6""], ""raw"": ""5,6""}]",學程,"教室H2-202,台越法商菁英人才學分學程",https://course.nuk.edu.tw/QueryCourse/tcontent.asp?OpenYear=109&Helf=1&Sclass=EL&Cono=B15A,2026-08-26T18:22:53+00:00
109-1-EL-B19A-A-2-A,109,1,人文社會科學院,EL,東亞語文學系,B19A,A,大學部,2,A,韓語習作I,2,必,30,26,,4,李京保,H2--201,,,"5,6",,,,,"[{""day"": 3, ""dayName"": ""星期三"", ""periods"": [""5"", ""6""], ""raw"": ""5,6""}]",,教室H2-201,https://course.nuk.edu.tw/QueryCourse/tcontent.asp?OpenYear=109&Helf=1&Sclass=EL&Cono=B19A,2026-08-26T18:22:53+00:00
109-1-EL-B21A-A-2-A,109,1,人文社會科學院,EL,東亞語文學系,B21A,A,大學部,2,A,越語習作I,2,必,30,18,,12,裴光雄,H2--202,,,"7,8",,,,,"[{""day"": 3, ""dayName"": ""星期三"", ""periods"": [""7"", ""8""], ""raw"": ""7,8""}]",,教室H2-202,https://course.nuk.edu.tw/QueryCourse/tcontent.asp?OpenYear=109&Helf=1&Sclass=EL&Cono=B21A,2026-08-26T18:22:53+00:00
109-1-EL-B511-A-2-A,109,1,人文社會科學院,EL,東亞語文學系,B511,A,大學部,2,A,越南經貿概論,2,選,30,10,,20,鄧氏霞妝,H2--201,,,,"5,6",,,,"[{""day"": 4, ""dayName"": ""星期四"", ""periods"": [""5"", ""6""], ""raw"": ""5,6""}]",,H2-201,https://course.nuk.edu.tw/QueryCourse/tcontent.asp?OpenYear=109&Helf=1&Sclass=EL&Cono=B511,2026-08-26T18:22:53+00:00
109-1-EL-B58A-A-2-A,109,1,人文社會科學院,EL,東亞語文學系,B58A,A,大學部,2,A,進階越語語法I,2,選,30,25,,5,阮美香,H2--202,,,,"3,4",,,,"[{""day"": 4, ""dayName"": ""星期四"", ""periods"": [""3"", ""4""], ""raw"": ""3,4""}]",,教室H2-202,https://course.nuk.edu.tw/QueryCourse/tcontent.asp?OpenYear=109&Helf=1&Sclass=EL&Cono=B58A,2026-08-26T18:22:53+00:00
109-1-EL-B59A-A-2-A,109,1,人文社會科學院,EL,東亞語文學系,B59A,A,大學部,2,A,進階日語語法 I,2,選,30,22,,8,吳得智,H1--103,,,"5,6",,,,,"[{""day"": 3, ""dayName"": ""星期三"", ""periods"": [""5"", ""6""], ""raw"": ""5,6""}]",,教室H1-103,https://course.nuk.edu.tw/QueryCourse/tcontent.asp?OpenYear=109&Helf=1&Sclass=EL&Cono=B59A,2026-08-26T18:22:53+00:00
109-1-EL-B61B-A-2-A,109,1,人文社會科學院,EL,東亞語文學系,B61B,A,大學部,2,A,中級泰語Ⅱ,2,選,30,9,,21,潘婉玲,H1--103,,,,"5,6",,,,"[{""day"": 4, ""dayName"": ""星期四"", ""periods"": [""5"", ""6""], ""raw"": ""5,6""}]",,教室H1-103 本課程獲教育部經費補助，授課教師鐘點費由教學發展中心計畫案經費支應,https://course.nuk.edu.tw/QueryCourse/tcontent.asp?OpenYear=109&Helf=1&Sclass=EL&Cono=B61B,2026-08-26T18:22:53+00:00
109-1-EL-B692-A-2-A,109,1,人文社會科學院,EL,東亞語文學系,B692,A,大學部,2,A,韓國外交政策,2,選,30,27,,3,河凡植,H2--202,,,"3,4",,,,,"[{""day"": 3, ""dayName"": ""星期三"", ""periods"": [""3"", ""4""], ""raw"": ""3,4""}]",,教室 H2-202,https://course.nuk.edu.tw/QueryCourse/tcontent.asp?OpenYear=109&Helf=1&Sclass=EL&Cono=B692,2026-08-26T18:22:53+00:00
109-1-EL-D600-A-2-A,109,1,人文社會科學院,EL,東亞語文學系,D600,A,大學部,2,A,勞資關係法制與實用,2,必,104,89,,15,馬翠華,H1--110,,,,,"5,6",,,"[{""day"": 5, ""dayName"": ""星期五"", ""periods"": [""5"", ""6""], ""raw"": ""5,6""}]",外加,教室H1-110,https://course.nuk.edu.tw/QueryCourse/tcontent.asp?OpenYear=109&Helf=1&Sclass=EL&Cono=D600,2026-08-26T18:22:53+00:00
109-1-EL-B171-A-3-A,109,1,人文社會科學院,EL,東亞語文學系,B171,A,大學部,3,A,日語習作I,2,必,30,28,,2,深尾圓,H2--102,"5,6",,,,,,,"[{""day"": 1, ""dayName"": ""星期一"", ""periods"": [""5"", ""6""], ""raw"": ""5,6""}]",,教室H2-102,https://course.nuk.edu.tw/QueryCourse/tcontent.asp?OpenYear=109&Helf=1&Sclass=EL&Cono=B171,2026-08-26T18:22:53+00:00
109-1-EL-C02A-A-3-A,109,1,人文社會科學院,EL,東亞語文學系,C02A,A,大學部,3,A,高級日語 I,2,必,30,19,,11,深尾圓,H2--102,,"5,6",,,,,,"[{""day"": 2, ""dayName"": ""星期二"", ""periods"": [""5"", ""6""], ""raw"": ""5,6""}]",,教室H2-102,https://course.nuk.edu.tw/QueryCourse/tcontent.asp?OpenYear=109&Helf=1&Sclass=EL&Cono=C02A,2026-08-26T18:22:53+00:00
109-1-EL-C31A-A-3-A,109,1,人文社會科學院,EL,東亞語文學系,C31A,A,大學部,3,A,高級韓語 I,2,必,33,14,,19,劉素晶,H2--101,"3,4",,,,,,,"[{""day"": 1, ""dayName"": ""星期一"", ""periods"": [""3"", ""4""], ""raw"": ""3,4""}]",,,https://course.nuk.edu.tw/QueryCourse/tcontent.asp?OpenYear=109&Helf=1&Sclass=EL&Cono=C31A,2026-08-26T18:22:53+00:00
109-1-EL-C32A-A-3-A,109,1,人文社會科學院,EL,東亞語文學系,C32A,A,大學部,3,A,高級越語 I,2,必,30,15,,15,裴光雄,H1--106,"5,6",,,,,,,"[{""day"": 1, ""dayName"": ""星期一"", ""periods"": [""5"", ""6""], ""raw"": ""5,6""}]",學程,,https://course.nuk.edu.tw/QueryCourse/tcontent.asp?OpenYear=109&Helf=1&Sclass=EL&Cono=C32A,2026-08-26T18:22:53+00:00
109-1-EL-C61A-A-3-A,109,1,人文社會科學院,EL,東亞語文學系,C61A,A,大學部,3,A,日語翻譯Ⅰ,2,選,30,22,,8,何資宜,H1--111,,,"5,6",,,,,"[{""day"": 3, ""dayName"": ""星期三"", ""periods"": [""5"", ""6""], ""raw"": ""5,6""}]",,教室H1-111,https://course.nuk.edu.tw/QueryCourse/tcontent.asp?OpenYear=109&Helf=1&Sclass=EL&Cono=C61A,2026-08-26T18:22:53+00:00
109-1-EL-C642-A-3-A,109,1,人文社會科學院,EL,東亞語文學系,C642,A,大學部,3,A,高級韓語聽講實習,2,選,30,13,,17,劉素晶,H2--201,,,"7,8",,,,,"[{""day"": 3, ""dayName"": ""星期三"", ""periods"": [""7"", ""8""], ""raw"": ""7,8""}]",學程,,https://course.nuk.edu.tw/QueryCourse/tcontent.asp?OpenYear=109&Helf=1&Sclass=EL&Cono=C642,2026-08-26T18:22:53+00:00
109-1-EL-C68C-A-3-A,109,1,人文社會科學院,EL,東亞語文學系,C68C,A,大學部,3,A,高級韓語會話I,2,選,30,15,,15,劉素晶,H2--101,"5,6",,,,,,,"[{""day"": 1, ""dayName"": ""星期一"", ""periods"": [""5"", ""6""], ""raw"": ""5,6""}]",,,https://course.nuk.edu.tw/QueryCourse/tcontent.asp?OpenYear=109&Helf=1&Sclass=EL&Cono=C68C,2026-08-26T18:22:53+00:00
109-1-EL-C752-A-3-A,109,1,人文社會科學院,EL,東亞語文學系,C752,A,大學部,3,A,商業日語會話,2,選,31,30,,1,森國松江,H1--111,,,,"5,6",,,,"[{""day"": 4, ""dayName"": ""星期四"", ""periods"": [""5"", ""6""], ""raw"": ""5,6""}]",外加,教室 H1-111,https://course.nuk.edu.tw/QueryCourse/tcontent.asp?OpenYear=109&Helf=1&Sclass=EL&Cono=C752,2026-08-26T18:22:53+00:00
109-1-EL-F501-A-3-A,109,1,人文社會科學院,EL,東亞語文學系,F501,A,大學部,3,A,研究方法論,3,選,30,25,,5,李京保 陳志文,H1--211 其他教室,"7,8, 9",,,,,,,"[{""day"": 1, ""dayName"": ""星期一"", ""periods"": [""7"", ""8"", ""9""], ""raw"": ""7,8, 9""}]",,學碩合開課程，開放本系學士班三年級以上同學選修(韓語組H1-211 日語組 H2-202),https://course.nuk.edu.tw/QueryCourse/tcontent.asp?OpenYear=109&Helf=1&Sclass=EL&Cono=F501,2026-08-26T18:22:53+00:00
109-1-EL-F516-A-3-A,109,1,人文社會科學院,EL,東亞語文學系,F516,A,大學部,3,A,韓語語文規範研究,3,選,30,4,,26,王清棟,H1--211,,,"5,6, 7",,,,,"[{""day"": 3, ""dayName"": ""星期三"", ""periods"": [""5"", ""6"", ""7""], ""raw"": ""5,6, 7""}]",,教室H1-211，學碩合開課程，開放本系學士班三年級以上同學選修,https://course.nuk.edu.tw/QueryCourse/tcontent.asp?OpenYear=109&Helf=1&Sclass=EL&Cono=F516,2026-08-26T18:22:53+00:00
109-1-EL-F517-A-3-A,109,1,人文社會科學院,EL,東亞語文學系,F517,A,大學部,3,A,韓語語法研究,3,選,30,11,,19,李京保,H1--211,,"5,6, 7",,,,,,"[{""day"": 2, ""dayName"": ""星期二"", ""periods"": [""5"", ""6"", ""7""], ""raw"": ""5,6, 7""}]",,教室H1-211，學碩合開課程，開放本系學士班三年級以上同學選修,https://course.nuk.edu.tw/QueryCourse/tcontent.asp?OpenYear=109&Helf=1&Sclass=EL&Cono=F517,2026-08-26T18:22:53+00:00
109-1-EL-F521-A-3-A,109,1,人文社會科學院,EL,東亞語文學系,F521,A,大學部,3,A,越南民俗研究,3,選,30,8,,22,裴光雄,H1--211,,,"2,3, 4",,,,,"[{""day"": 3, ""dayName"": ""星期三"", ""periods"": [""2"", ""3"", ""4""], ""raw"": ""2,3, 4""}]",,教室H1-211，學碩合開課程，開放學士班三年級以上同學選修,https://course.nuk.edu.tw/QueryCourse/tcontent.asp?OpenYear=109&Helf=1&Sclass=EL&Cono=F521,2026-08-26T18:22:53+00:00
109-1-EL-F522-A-3-A,109,1,人文社會科學院,EL,東亞語文學系,F522,A,大學部,3,A,越語口筆譯研究,3,選,30,25,,5,阮美香,H2--202,,"5,6, 7",,,,,,"[{""day"": 2, ""dayName"": ""星期二"", ""periods"": [""5"", ""6"", ""7""], ""raw"": ""5,6, 7""}]",限修,本課程學碩合開，開放學士班三年級以上同學選修,https://course.nuk.edu.tw/QueryCourse/tcontent.asp?OpenYear=109&Helf=1&Sclass=EL&Cono=F522,2026-08-26T18:22:53+00:00
109-1-EL-F528-A-3-A,109,1,人文社會科學院,EL,東亞語文學系,F528,A,大學部,3,A,越語教學法研究,3,選,30,14,,16,陳氏蘭,H1--211,,,,"5,6, 7",,,,"[{""day"": 4, ""dayName"": ""星期四"", ""periods"": [""5"", ""6"", ""7""], ""raw"": ""5,6, 7""}]",,教室H1-211，學碩合開課程，開放本系學士班三年級以上同學選修,https://course.nuk.edu.tw/QueryCourse/tcontent.asp?OpenYear=109&Helf=1&Sclass=EL&Cono=F528,2026-08-26T18:22:53+00:00
109-1-EL-F531-A-3-A,109,1,人文社會科學院,EL,東亞語文學系,F531,A,大學部,3,A,觀光泰語 I,2,選,30,19,,11,潘婉玲,H1--103,,,,"7,8",,,,"[{""day"": 4, ""dayName"": ""星期四"", ""periods"": [""7"", ""8""], ""raw"": ""7,8""}]",,教室H1-103 本課程獲教育部經費補助，授課教師鐘點費由教學發展中心計畫案經費支應,https://course.nuk.edu.tw/QueryCourse/tcontent.asp?OpenYear=109&Helf=1&Sclass=EL&Cono=F531,2026-08-26T18:22:53+00:00
109-1-EL-F562-A-3-A,109,1,人文社會科學院,EL,東亞語文學系,F562,A,大學部,3,A,日本古典文法研究,2,選,30,27,,3,陳志文,H2--202,"5,6",,,,,,,"[{""day"": 1, ""dayName"": ""星期一"", ""periods"": [""5"", ""6""], ""raw"": ""5,6""}]",限修,教室H1-211，學碩合開課程，開放本系學士班三年級以上同學選修,https://course.nuk.edu.tw/QueryCourse/tcontent.asp?OpenYear=109&Helf=1&Sclass=EL&Cono=F562,2026-08-26T18:22:53+00:00
109-1-EL-F563-A-3-A,109,1,人文社會科學院,EL,東亞語文學系,F563,A,大學部,3,A,日語口譯研究,2,選,30,9,,21,何資宜,H2--102,,,,"5,6",,,,"[{""day"": 4, ""dayName"": ""星期四"", ""periods"": [""5"", ""6""], ""raw"": ""5,6""}]",,教室H2-102，學碩合開課程，開放本系學士班三年級以上同學選修,https://course.nuk.edu.tw/QueryCourse/tcontent.asp?OpenYear=109&Helf=1&Sclass=EL&Cono=F563,2026-08-26T18:22:53+00:00
109-1-EL-D101-A-4-A,109,1,人文社會科學院,EL,東亞語文學系,D101,A,大學部,4,A,進階日語習作 I,2,必,30,27,,3,森國松江,H1--111,,,,"7,8",,,,"[{""day"": 4, ""dayName"": ""星期四"", ""periods"": [""7"", ""8""], ""raw"": ""7,8""}]",,教室 H1-111,https://course.nuk.edu.tw/QueryCourse/tcontent.asp?OpenYear=109&Helf=1&Sclass=EL&Cono=D101,2026-08-26T18:22:53+00:00
109-1-EL-D102-A-4-A,109,1,人文社會科學院,EL,東亞語文學系,D102,A,大學部,4,A,進階越語習作 I,2,必,30,15,,15,阮美香,H2--202,,,,"7,8",,,,"[{""day"": 4, ""dayName"": ""星期四"", ""periods"": [""7"", ""8""], ""raw"": ""7,8""}]",,教室H2-202,https://course.nuk.edu.tw/QueryCourse/tcontent.asp?OpenYear=109&Helf=1&Sclass=EL&Cono=D102,2026-08-26T18:22:53+00:00
109-1-EL-D103-A-4-A,109,1,人文社會科學院,EL,東亞語文學系,D103,A,大學部,4,A,進階韓語習作 I,2,必,30,18,,12,劉素晶,H2--101,,,"5,6",,,,,"[{""day"": 3, ""dayName"": ""星期三"", ""periods"": [""5"", ""6""], ""raw"": ""5,6""}]",,教室H2-101,https://course.nuk.edu.tw/QueryCourse/tcontent.asp?OpenYear=109&Helf=1&Sclass=EL&Cono=D103,2026-08-26T18:22:53+00:00
109-1-EL-D12A-A-4-A,109,1,人文社會科學院,EL,東亞語文學系,D12A,A,大學部,4,A,東亞語文實作(越語),2,必,30,12,,18,阮美香 裴光雄,H2--101,,,,,"10,11",,,"[{""day"": 5, ""dayName"": ""星期五"", ""periods"": [""10"", ""11""], ""raw"": ""10,11""}]",限修,,https://course.nuk.edu.tw/QueryCourse/tcontent.asp?OpenYear=109&Helf=1&Sclass=EL&Cono=D12A,2026-08-26T18:22:53+00:00
109-1-EL-D12B-A-4-A,109,1,人文社會科學院,EL,東亞語文學系,D12B,A,大學部,4,A,東亞語文實作(日語),2,必,34,24,,10,陳志文 何資宜 深尾圓,H1--109,,,,,"10,11",,,"[{""day"": 5, ""dayName"": ""星期五"", ""periods"": [""10"", ""11""], ""raw"": ""10,11""}]",限修及外加,,https://course.nuk.edu.tw/QueryCourse/tcontent.asp?OpenYear=109&Helf=1&Sclass=EL&Cono=D12B,2026-08-26T18:22:53+00:00
109-1-EL-D12C-A-4-A,109,1,人文社會科學院,EL,東亞語文學系,D12C,A,大學部,4,A,東亞語文實作(韓語),2,必,30,13,,17,王清棟 李京保,H2--204,,,,,"10,11",,,"[{""day"": 5, ""dayName"": ""星期五"", ""periods"": [""10"", ""11""], ""raw"": ""10,11""}]",限修,,https://course.nuk.edu.tw/QueryCourse/tcontent.asp?OpenYear=109&Helf=1&Sclass=EL&Cono=D12C,2026-08-26T18:22:53+00:00
109-1-EL-D13A-A-4-A,109,1,人文社會科學院,EL,東亞語文學系,D13A,A,大學部,4,A,日本專題研究Ⅰ,3,必,30,17,,13,陳志文 深尾圓 何資宜,H1--109,,,,,"7,8, 9",,,"[{""day"": 5, ""dayName"": ""星期五"", ""periods"": [""7"", ""8"", ""9""], ""raw"": ""7,8, 9""}]",,,https://course.nuk.edu.tw/QueryCourse/tcontent.asp?OpenYear=109&Helf=1&Sclass=EL&Cono=D13A,2026-08-26T18:22:53+00:00
109-1-EL-D13B-A-4-A,109,1,人文社會科學院,EL,東亞語文學系,D13B,A,大學部,4,A,韓國專題研究Ⅰ,3,必,30,18,,12,王清棟 李京保 河凡植,H2--204,,,,,"7,8, 9",,,"[{""day"": 5, ""dayName"": ""星期五"", ""periods"": [""7"", ""8"", ""9""], ""raw"": ""7,8, 9""}]",,,https://course.nuk.edu.tw/QueryCourse/tcontent.asp?OpenYear=109&Helf=1&Sclass=EL&Cono=D13B,2026-08-26T18:22:53+00:00
109-1-EL-D13C-A-4-A,109,1,人文社會科學院,EL,東亞語文學系,D13C,A,大學部,4,A,越南專題研究Ⅰ,3,必,30,13,,17,阮美香 裴光雄,H2--101,,,,,"7,8, 9",,,"[{""day"": 5, ""dayName"": ""星期五"", ""periods"": [""7"", ""8"", ""9""], ""raw"": ""7,8, 9""}]",,,https://course.nuk.edu.tw/QueryCourse/tcontent.asp?OpenYear=109&Helf=1&Sclass=EL&Cono=D13C,2026-08-26T18:22:53+00:00
109-1-EL-D18A-A-4-A,109,1,人文社會科學院,EL,東亞語文學系,D18A,A,大學部,4,A,校外實習Ⅰ,9,必,30,3,,27,阮美香,H1--109,"X,Y","X,Y","X,Y","X,Y","X,Y",,,"[{""day"": 1, ""dayName"": ""星期一"", ""periods"": [""X"", ""Y""], ""raw"": ""X,Y""}, {""day"": 2, ""dayName"": ""星期二"", ""periods"": [""X"", ""Y""], ""raw"": ""X,Y""}, {""day"": 3, ""dayName"": ""星期三"", ""periods"": [""X"", ""Y""], ""raw"": ""X,Y""}, {""day"": 4, ""dayName"": ""星期四"", ""periods"": [""X"", ""Y""], ""raw"": ""X,Y""}, {""day"": 5, ""dayName"": ""星期五"", ""periods"": [""X"", ""Y""], ""raw"": ""X,Y""}]",限修,本課程為全學期校外實習，實習時數達486小時，有成功申請校外實習學生才能選修。修習東亞語文實作不得選修校外實習,https://course.nuk.edu.tw/QueryCourse/tcontent.asp?OpenYear=109&Helf=1&Sclass=EL&Cono=D18A,2026-08-26T18:22:53+00:00
109-1-EL-D57A-A-4-A,109,1,人文社會科學院,EL,東亞語文學系,D57A,A,大學部,4,A,韓國社會概論I,2,選,30,6,,24,河凡植,H1--111,"5,6",,,,,,,"[{""day"": 1, ""dayName"": ""星期一"", ""periods"": [""5"", ""6""], ""raw"": ""5,6""}]",,教室H1-111,https://course.nuk.edu.tw/QueryCourse/tcontent.asp?OpenYear=109&Helf=1&Sclass=EL&Cono=D57A,2026-08-26T18:22:53+00:00
109-1-EL-D582-A-4-A,109,1,人文社會科學院,EL,東亞語文學系,D582,A,大學部,4,A,新聞越語聽力練習,2,選,30,28,,2,裴光雄,H2--202,,,"5,6",,,,,"[{""day"": 3, ""dayName"": ""星期三"", ""periods"": [""5"", ""6""], ""raw"": ""5,6""}]",,H2-202,https://course.nuk.edu.tw/QueryCourse/tcontent.asp?OpenYear=109&Helf=1&Sclass=EL&Cono=D582,2026-08-26T18:22:53+00:00
109-1-EL-D583-A-4-A,109,1,人文社會科學院,EL,東亞語文學系,D583,A,大學部,4,A,新聞韓語聽力練習,2,選,30,10,,20,河凡植,H1--111,"7,8",,,,,,,"[{""day"": 1, ""dayName"": ""星期一"", ""periods"": [""7"", ""8""], ""raw"": ""7,8""}]",,教室 H1-111,https://course.nuk.edu.tw/QueryCourse/tcontent.asp?OpenYear=109&Helf=1&Sclass=EL&Cono=D583,2026-08-26T18:22:53+00:00
109-1-EL-D621-A-4-A,109,1,人文社會科學院,EL,東亞語文學系,D621,A,大學部,4,A,台越關係概論,2,選,30,19,,11,裴光雄,H2--102,"3,4",,,,,,,"[{""day"": 1, ""dayName"": ""星期一"", ""periods"": [""3"", ""4""], ""raw"": ""3,4""}]",,,https://course.nuk.edu.tw/QueryCourse/tcontent.asp?OpenYear=109&Helf=1&Sclass=EL&Cono=D621,2026-08-26T18:22:53+00:00
109-1-EL-D653-A-4-A,109,1,人文社會科學院,EL,東亞語文學系,D653,A,大學部,4,A,泰語與泰國文化課程Ⅰ,3,選,30,15,,15,潘婉玲,H1--103,"5,6, 7",,,,,,,"[{""day"": 1, ""dayName"": ""星期一"", ""periods"": [""5"", ""6"", ""7""], ""raw"": ""5,6, 7""}]",,教室H1-103,https://course.nuk.edu.tw/QueryCourse/tcontent.asp?OpenYear=109&Helf=1&Sclass=EL&Cono=D653,2026-08-26T18:22:53+00:00
109-1-EL-F561-A-4-A,109,1,人文社會科學院,EL,東亞語文學系,F561,A,大學部,4,A,日本語言學概論,2,選,30,12,,18,深尾圓,H2--102,,"7,8",,,,,,"[{""day"": 2, ""dayName"": ""星期二"", ""periods"": [""7"", ""8""], ""raw"": ""7,8""}]",,H2-102,https://course.nuk.edu.tw/QueryCourse/tcontent.asp?OpenYear=109&Helf=1&Sclass=EL&Cono=F561,2026-08-26T18:22:53+00:00
109-1-EL-F501-M-1-,109,1,人文社會科學院,EL,東亞語文學系,F501,M,碩士班,1,,研究方法論,3,必,30,25,,5,李京保 陳志文,H1--211 其他教室,"7,8, 9",,,,,,,"[{""day"": 1, ""dayName"": ""星期一"", ""periods"": [""7"", ""8"", ""9""], ""raw"": ""7,8, 9""}]",,韓語組H1-211 日語組 H2-202,https://course.nuk.edu.tw/QueryCourse/tcontent.asp?OpenYear=109&Helf=1&Sclass=EL&Cono=F501,2026-08-26T18:22:53+00:00
109-1-EL-F516-M-1-,109,1,人文社會科學院,EL,東亞語文學系,F516,M,碩士班,1,,韓語語文規範研究,3,選,30,4,,26,王清棟,H1--211,,,"5,6, 7",,,,,"[{""day"": 3, ""dayName"": ""星期三"", ""periods"": [""5"", ""6"", ""7""], ""raw"": ""5,6, 7""}]",,教室H1-211,https://course.nuk.edu.tw/QueryCourse/tcontent.asp?OpenYear=109&Helf=1&Sclass=EL&Cono=F516,2026-08-26T18:22:53+00:00
109-1-EL-F517-M-1-,109,1,人文社會科學院,EL,東亞語文學系,F517,M,碩士班,1,,韓語語法研究,3,選,30,11,,19,李京保,H1--211,,"5,6, 7",,,,,,"[{""day"": 2, ""dayName"": ""星期二"", ""periods"": [""5"", ""6"", ""7""], ""raw"": ""5,6, 7""}]",,教室 H1-211,https://course.nuk.edu.tw/QueryCourse/tcontent.asp?OpenYear=109&Helf=1&Sclass=EL&Cono=F517,2026-08-26T18:22:53+00:00
109-1-EL-F521-M-1-,109,1,人文社會科學院,EL,東亞語文學系,F521,M,碩士班,1,,越南民俗研究,3,選,30,8,,22,裴光雄,H1--211,,,"2,3, 4",,,,,"[{""day"": 3, ""dayName"": ""星期三"", ""periods"": [""2"", ""3"", ""4""], ""raw"": ""2,3, 4""}]",,教室H1-211,https://course.nuk.edu.tw/QueryCourse/tcontent.asp?OpenYear=109&Helf=1&Sclass=EL&Cono=F521,2026-08-26T18:22:53+00:00
109-1-EL-F522-M-1-,109,1,人文社會科學院,EL,東亞語文學系,F522,M,碩士班,1,,越語口筆譯研究,3,選,30,25,,5,阮美香,H2--202,,"5,6, 7",,,,,,"[{""day"": 2, ""dayName"": ""星期二"", ""periods"": [""5"", ""6"", ""7""], ""raw"": ""5,6, 7""}]",,,https://course.nuk.edu.tw/QueryCourse/tcontent.asp?OpenYear=109&Helf=1&Sclass=EL&Cono=F522,2026-08-26T18:22:53+00:00
109-1-EL-F528-M-1-,109,1,人文社會科學院,EL,東亞語文學系,F528,M,碩士班,1,,越語教學法研究,3,選,30,14,,16,陳氏蘭,H1--211,,,,"5,6, 7",,,,"[{""day"": 4, ""dayName"": ""星期四"", ""periods"": [""5"", ""6"", ""7""], ""raw"": ""5,6, 7""}]",,教室H1-211,https://course.nuk.edu.tw/QueryCourse/tcontent.asp?OpenYear=109&Helf=1&Sclass=EL&Cono=F528,2026-08-26T18:22:53+00:00
109-1-EL-F561-M-1-,109,1,人文社會科學院,EL,東亞語文學系,F561,M,碩士班,1,,日本語言學概論,2,選,30,12,,18,深尾圓,H2--102,,"7,8",,,,,,"[{""day"": 2, ""dayName"": ""星期二"", ""periods"": [""7"", ""8""], ""raw"": ""7,8""}]",限修,H2-102,https://course.nuk.edu.tw/QueryCourse/tcontent.asp?OpenYear=109&Helf=1&Sclass=EL&Cono=F561,2026-08-26T18:22:53+00:00
109-1-EL-F562-M-1-,109,1,人文社會科學院,EL,東亞語文學系,F562,M,碩士班,1,,日本古典文法研究,2,選,30,27,,3,陳志文,H2--202,"5,6",,,,,,,"[{""day"": 1, ""dayName"": ""星期一"", ""periods"": [""5"", ""6""], ""raw"": ""5,6""}]",限修,,https://course.nuk.edu.tw/QueryCourse/tcontent.asp?OpenYear=109&Helf=1&Sclass=EL&Cono=F562,2026-08-26T18:22:53+00:00
109-1-EL-F563-M-1-,109,1,人文社會科學院,EL,東亞語文學系,F563,M,碩士班,1,,日語口譯研究,2,選,30,9,,21,何資宜,H2--102,,,,"5,6",,,,"[{""day"": 4, ""dayName"": ""星期四"", ""periods"": [""5"", ""6""], ""raw"": ""5,6""}]",,H2-102,https://course.nuk.edu.tw/QueryCourse/tcontent.asp?OpenYear=109&Helf=1&Sclass=EL&Cono=F563,2026-08-26T18:22:53+00:00
109-1-KH-A082-A-1-A,109,1,人文社會科學院,KH,運動健康與休閒學系,A082,A,大學部,1,A,運動健康與休閒學導論,3,必,84,84,,0,張志成 潘明珠 吳佩芳,H1--107,"2,3, 4",,,,,,,"[{""day"": 1, ""dayName"": ""星期一"", ""periods"": [""2"", ""3"", ""4""], ""raw"": ""2,3, 4""}]",限修及外加,核心必修,https://course.nuk.edu.tw/QueryCourse/tcontent.asp?OpenYear=109&Helf=1&Sclass=KH&Cono=A082,2026-08-26T18:22:53+00:00
109-1-KH-A19C-A-1-A,109,1,人文社會科學院,KH,運動健康與休閒學系,A19C,A,大學部,1,A,人體解剖生理學(含實驗)(1),2,必,97,97,,0,劉紹東,H1--107,,,,,"5,6",,,"[{""day"": 5, ""dayName"": ""星期五"", ""periods"": [""5"", ""6""], ""raw"": ""5,6""}]",限修及外加,核心必修,https://course.nuk.edu.tw/QueryCourse/tcontent.asp?OpenYear=109&Helf=1&Sclass=KH&Cono=A19C,2026-08-26T18:22:53+00:00
109-1-KH-A512-A-1-A,109,1,人文社會科學院,KH,運動健康與休閒學系,A512,A,大學部,1,A,休閒與健康生活,2,選,51,44,,7,陳詢榮,H1--105,,,,,"1,2",,,"[{""day"": 5, ""dayName"": ""星期五"", ""periods"": [""1"", ""2""], ""raw"": ""1,2""}]",限修及外加,休閒健康促進學群,https://course.nuk.edu.tw/QueryCourse/tcontent.asp?OpenYear=109&Helf=1&Sclass=KH&Cono=A512,2026-08-26T18:22:53+00:00
109-1-KH-A513-A-1-A,109,1,人文社會科學院,KH,運動健康與休閒學系,A513,A,大學部,1,A,運動技能學習,2,選,53,53,,0,李福恩,K01-202,,"3,4",,,,,,"[{""day"": 2, ""dayName"": ""星期二"", ""periods"": [""3"", ""4""], ""raw"": ""3,4""}]",限修及外加,運動健康促進學群,https://course.nuk.edu.tw/QueryCourse/tcontent.asp?OpenYear=109&Helf=1&Sclass=KH&Cono=A513,2026-08-26T18:22:53+00:00
109-1-KH-A515-A-1-A,109,1,人文社會科學院,KH,運動健康與休閒學系,A515,A,大學部,1,A,運動科學,3,選,54,54,,0,張志成,H1--106,,,"2,3, 4",,,,,"[{""day"": 3, ""dayName"": ""星期三"", ""periods"": [""2"", ""3"", ""4""], ""raw"": ""2,3, 4""}]",限修及外加,運動健康促進學群,https://course.nuk.edu.tw/QueryCourse/tcontent.asp?OpenYear=109&Helf=1&Sclass=KH&Cono=A515,2026-08-26T18:22:53+00:00
109-1-KH-A522-A-1-A,109,1,人文社會科學院,KH,運動健康與休閒學系,A522,A,大學部,1,A,生命科學導論,3,選,70,44,,26,劉紹東,H1--107,,,,,"7,8, 9",,,"[{""day"": 5, ""dayName"": ""星期五"", ""periods"": [""7"", ""8"", ""9""], ""raw"": ""7,8, 9""}]",限修,核心選修,https://course.nuk.edu.tw/QueryCourse/tcontent.asp?OpenYear=109&Helf=1&Sclass=KH&Cono=A522,2026-08-26T18:22:53+00:00
109-1-KH-A532-A-1-A,109,1,人文社會科學院,KH,運動健康與休閒學系,A532,A,大學部,1,A,社會學,2,選,50,48,,2,莊淑姿,H1--105,,,,,"3,4",,,"[{""day"": 5, ""dayName"": ""星期五"", ""periods"": [""3"", ""4""], ""raw"": ""3,4""}]",限修,核心選修,https://course.nuk.edu.tw/QueryCourse/tcontent.asp?OpenYear=109&Helf=1&Sclass=KH&Cono=A532,2026-08-26T18:22:53+00:00
109-1-KH-B562-A-1-A,109,1,人文社會科學院,KH,運動健康與休閒學系,B562,A,大學部,1,A,團康活動理論與實務,2,選,50,32,,18,李福恩,K01-202,,"5,6",,,,,,"[{""day"": 2, ""dayName"": ""星期二"", ""periods"": [""5"", ""6""], ""raw"": ""5,6""}]",限修,休閒健康促進學群,https://course.nuk.edu.tw/QueryCourse/tcontent.asp?OpenYear=109&Helf=1&Sclass=KH&Cono=B562,2026-08-26T18:22:53+00:00
109-1-KH-A533-A-2-A,109,1,人文社會科學院,KH,運動健康與休閒學系,A533,A,大學部,2,A,管理學,3,選,50,36,,14,潘明珠,H1--104,"7,8, 9",,,,,,,"[{""day"": 1, ""dayName"": ""星期一"", ""periods"": [""7"", ""8"", ""9""], ""raw"": ""7,8, 9""}]",限修,核心選修,https://course.nuk.edu.tw/QueryCourse/tcontent.asp?OpenYear=109&Helf=1&Sclass=KH&Cono=A533,2026-08-26T18:22:53+00:00
109-1-KH-B022-A-2-A,109,1,人文社會科學院,KH,運動健康與休閒學系,B022,A,大學部,2,A,健康心理學,2,必,63,63,,0,陳詢榮,H1--104,,,,,"3,4",,,"[{""day"": 5, ""dayName"": ""星期五"", ""periods"": [""3"", ""4""], ""raw"": ""3,4""}]",限修及外加,核心必修,https://course.nuk.edu.tw/QueryCourse/tcontent.asp?OpenYear=109&Helf=1&Sclass=KH&Cono=B022,2026-08-26T18:22:53+00:00
109-1-KH-B212-A-2-A,109,1,人文社會科學院,KH,運動健康與休閒學系,B212,A,大學部,2,A,健康體適能,2,必,63,63,,0,張志成,H1--105,,,,"3,4",,,,"[{""day"": 4, ""dayName"": ""星期四"", ""periods"": [""3"", ""4""], ""raw"": ""3,4""}]",限修及外加,核心必修,https://course.nuk.edu.tw/QueryCourse/tcontent.asp?OpenYear=109&Helf=1&Sclass=KH&Cono=B212,2026-08-26T18:22:53+00:00
109-1-KH-B533-A-2-A,109,1,人文社會科學院,KH,運動健康與休閒學系,B533,A,大學部,2,A,統計學(含實習),3,選,50,28,,22,章順仁,L01-108,,"2,3, 4",,,,,,"[{""day"": 2, ""dayName"": ""星期二"", ""periods"": [""2"", ""3"", ""4""], ""raw"": ""2,3, 4""}]",限修,核心選修,https://course.nuk.edu.tw/QueryCourse/tcontent.asp?OpenYear=109&Helf=1&Sclass=KH&Cono=B533,2026-08-26T18:22:53+00:00
109-1-KH-B571-A-2-A,109,1,人文社會科學院,KH,運動健康與休閒學系,B571,A,大學部,2,A,旅遊日語-初級,2,選,60,49,,11,吳得智,H1--105,,,"3,4",,,,,"[{""day"": 3, ""dayName"": ""星期三"", ""periods"": [""3"", ""4""], ""raw"": ""3,4""}]",外加,休閒健康促進學群,https://course.nuk.edu.tw/QueryCourse/tcontent.asp?OpenYear=109&Helf=1&Sclass=KH&Cono=B571,2026-08-26T18:22:53+00:00
109-1-KH-B572-A-2-A,109,1,人文社會科學院,KH,運動健康與休閒學系,B572,A,大學部,2,A,旅遊英語-初級,2,選,60,54,,6,陳信智,B01-105,,,"9,10",,,,,"[{""day"": 3, ""dayName"": ""星期三"", ""periods"": [""9"", ""10""], ""raw"": ""9,10""}]",限修及外加,休閒健康促進學群,https://course.nuk.edu.tw/QueryCourse/tcontent.asp?OpenYear=109&Helf=1&Sclass=KH&Cono=B572,2026-08-26T18:22:53+00:00
109-1-KH-B582-A-2-A,109,1,人文社會科學院,KH,運動健康與休閒學系,B582,A,大學部,2,A,導遊與領隊實務,2,選,55,31,,24,陳孝文,H1--104,"3,4",,,,,,,"[{""day"": 1, ""dayName"": ""星期一"", ""periods"": [""3"", ""4""], ""raw"": ""3,4""}]",限修及外加 學程,休閒健康促進學群/外語導遊人才培育學程,https://course.nuk.edu.tw/QueryCourse/tcontent.asp?OpenYear=109&Helf=1&Sclass=KH&Cono=B582,2026-08-26T18:22:53+00:00
109-1-KH-B591-A-2-A,109,1,人文社會科學院,KH,運動健康與休閒學系,B591,A,大學部,2,A,觀光學,3,選,50,16,,34,潘明珠,H1--104,,"5,6, 7",,,,,,"[{""day"": 2, ""dayName"": ""星期二"", ""periods"": [""5"", ""6"", ""7""], ""raw"": ""5,6, 7""}]",限修及外加,休閒健康促進學群,https://course.nuk.edu.tw/QueryCourse/tcontent.asp?OpenYear=109&Helf=1&Sclass=KH&Cono=B591,2026-08-26T18:22:53+00:00
109-1-KH-B602-A-2-A,109,1,人文社會科學院,KH,運動健康與休閒學系,B602,A,大學部,2,A,基礎按摩學,2,選,67,66,,1,劉紹東,K01-202,,,,"5,6",,,,"[{""day"": 4, ""dayName"": ""星期四"", ""periods"": [""5"", ""6""], ""raw"": ""5,6""}]",限修及外加,運動健康促進學群(運動防護員規定課程),https://course.nuk.edu.tw/QueryCourse/tcontent.asp?OpenYear=109&Helf=1&Sclass=KH&Cono=B602,2026-08-26T18:22:53+00:00
109-1-KH-B603-A-2-A,109,1,人文社會科學院,KH,運動健康與休閒學系,B603,A,大學部,2,A,有氧運動,2,選,34,33,,1,孫婉華,H1--106,,,"7,8",,,,,"[{""day"": 3, ""dayName"": ""星期三"", ""periods"": [""7"", ""8""], ""raw"": ""7,8""}]",限修及外加,運動健康促進學群,https://course.nuk.edu.tw/QueryCourse/tcontent.asp?OpenYear=109&Helf=1&Sclass=KH&Cono=B603,2026-08-26T18:22:53+00:00
109-1-KH-B613-A-2-A,109,1,人文社會科學院,KH,運動健康與休閒學系,B613,A,大學部,2,A,運動活動理論與實務,2,選,51,16,,35,張景弘,H1--104,"5,6",,,,,,,"[{""day"": 1, ""dayName"": ""星期一"", ""periods"": [""5"", ""6""], ""raw"": ""5,6""}]",限修,運動健康促進學群,https://course.nuk.edu.tw/QueryCourse/tcontent.asp?OpenYear=109&Helf=1&Sclass=KH&Cono=B613,2026-08-26T18:22:53+00:00
109-1-KH-B621-A-2-A,109,1,人文社會科學院,KH,運動健康與休閒學系,B621,A,大學部,2,A,安全教育與急救學(含實驗),4,選,50,48,,2,簡昭漢,H1--104,,,,,"5,6, 7,8",,,"[{""day"": 5, ""dayName"": ""星期五"", ""periods"": [""5"", ""6"", ""7"", ""8""], ""raw"": ""5,6, 7,8""}]",限修,核心選修/簡昭漢老師,https://course.nuk.edu.tw/QueryCourse/tcontent.asp?OpenYear=109&Helf=1&Sclass=KH&Cono=B621,2026-08-26T18:22:53+00:00
109-1-KH-C642-A-2-A,109,1,人文社會科學院,KH,運動健康與休閒學系,C642,A,大學部,2,A,導覽解說教育,2,選,51,22,,29,莊淑姿,H1--104,,,,,"1,2",,,"[{""day"": 5, ""dayName"": ""星期五"", ""periods"": [""1"", ""2""], ""raw"": ""1,2""}]",限修及外加,休閒健康促進學群,https://course.nuk.edu.tw/QueryCourse/tcontent.asp?OpenYear=109&Helf=1&Sclass=KH&Cono=C642,2026-08-26T18:22:53+00:00
109-1-KH-D584-A-2-A,109,1,人文社會科學院,KH,運動健康與休閒學系,D584,A,大學部,2,A,運動傷害防護儀器之運用,2,選,70,66,,4,梁可欣,H1--104,,,"5,6",,,,,"[{""day"": 3, ""dayName"": ""星期三"", ""periods"": [""5"", ""6""], ""raw"": ""5,6""}]",限修及外加,運動健康促進學群(運動防護員規定課程),https://course.nuk.edu.tw/QueryCourse/tcontent.asp?OpenYear=109&Helf=1&Sclass=KH&Cono=D584,2026-08-26T18:22:53+00:00
109-1-KH-B512-A-3-A,109,1,人文社會科學院,KH,運動健康與休閒學系,B512,A,大學部,3,A,運動生物化學(含實驗),3,選,51,17,,34,吳佩芳,K01-202,,,"2,3, 4",,,,,"[{""day"": 3, ""dayName"": ""星期三"", ""periods"": [""2"", ""3"", ""4""], ""raw"": ""2,3, 4""}]",限修及外加,運動健康促進學群(運動防護員規定課程),https://course.nuk.edu.tw/QueryCourse/tcontent.asp?OpenYear=109&Helf=1&Sclass=KH&Cono=B512,2026-08-26T18:22:53+00:00
109-1-KH-B581-A-3-A,109,1,人文社會科學院,KH,運動健康與休閒學系,B581,A,大學部,3,A,人力資源管理,3,選,50,42,,8,潘明珠,H1--104,,,,"7,8, 9",,,,"[{""day"": 4, ""dayName"": ""星期四"", ""periods"": [""7"", ""8"", ""9""], ""raw"": ""7,8, 9""}]",限修,核心選修,https://course.nuk.edu.tw/QueryCourse/tcontent.asp?OpenYear=109&Helf=1&Sclass=KH&Cono=B581,2026-08-26T18:22:53+00:00
109-1-KH-B597-A-3-A,109,1,人文社會科學院,KH,運動健康與休閒學系,B597,A,大學部,3,A,運動傷害貼紮,2,選,54,18,,36,廖麗惠,K01-202,,,,"10,11",,,,"[{""day"": 4, ""dayName"": ""星期四"", ""periods"": [""10"", ""11""], ""raw"": ""10,11""}]",限修及外加,運動健康促進學群/廖麗惠老師(運動防護員證照規定課程),https://course.nuk.edu.tw/QueryCourse/tcontent.asp?OpenYear=109&Helf=1&Sclass=KH&Cono=B597,2026-08-26T18:22:53+00:00
109-1-KH-C192-A-3-A,109,1,人文社會科學院,KH,運動健康與休閒學系,C192,A,大學部,3,A,個人自我健康照顧,2,必,74,61,,13,章順仁 吳佩芳,H1--107,,,,"5,6",,,,"[{""day"": 4, ""dayName"": ""星期四"", ""periods"": [""5"", ""6""], ""raw"": ""5,6""}]",限修及外加,核心必修(運動防護員證照規定課程),https://course.nuk.edu.tw/QueryCourse/tcontent.asp?OpenYear=109&Helf=1&Sclass=KH&Cono=C192,2026-08-26T18:22:53+00:00
109-1-KH-C572-A-3-A,109,1,人文社會科學院,KH,運動健康與休閒學系,C572,A,大學部,3,A,人體肌肉動力學,3,選,52,28,,24,劉紹東 吳汶蘭,H1--106,,,,"2,3, 4",,,,"[{""day"": 4, ""dayName"": ""星期四"", ""periods"": [""2"", ""3"", ""4""], ""raw"": ""2,3, 4""}]",限修及外加,運動健康促進學群/吳汶蘭老師(運動防護員證照規定課程),https://course.nuk.edu.tw/QueryCourse/tcontent.asp?OpenYear=109&Helf=1&Sclass=KH&Cono=C572,2026-08-26T18:22:53+00:00
109-1-KH-C582-A-3-A,109,1,人文社會科學院,KH,運動健康與休閒學系,C582,A,大學部,3,A,行為改變策略與應用,2,選,30,30,,0,陳詢榮,H1--105,,,,,"5,6",,,"[{""day"": 5, ""dayName"": ""星期五"", ""periods"": [""5"", ""6""], ""raw"": ""5,6""}]",限修,核心選修,https://course.nuk.edu.tw/QueryCourse/tcontent.asp?OpenYear=109&Helf=1&Sclass=KH&Cono=C582,2026-08-26T18:22:53+00:00
109-1-KH-C593-A-3-A,109,1,人文社會科學院,KH,運動健康與休閒學系,C593,A,大學部,3,A,戶外休閒活動,2,選,50,21,,29,李福恩,K01-202,"6,7",,,,,,,"[{""day"": 1, ""dayName"": ""星期一"", ""periods"": [""6"", ""7""], ""raw"": ""6,7""}]",限修,休閒健康促進學群,https://course.nuk.edu.tw/QueryCourse/tcontent.asp?OpenYear=109&Helf=1&Sclass=KH&Cono=C593,2026-08-26T18:22:53+00:00
109-1-KH-C594-A-3-A,109,1,人文社會科學院,KH,運動健康與休閒學系,C594,A,大學部,3,A,休閒農場經營管理與實務,3,選,51,14,,37,莊淑姿,H1--105,"2,3, 4",,,,,,,"[{""day"": 1, ""dayName"": ""星期一"", ""periods"": [""2"", ""3"", ""4""], ""raw"": ""2,3, 4""}]",限修及外加,休閒健康促進學群,https://course.nuk.edu.tw/QueryCourse/tcontent.asp?OpenYear=109&Helf=1&Sclass=KH&Cono=C594,2026-08-26T18:22:53+00:00
109-1-KH-C606-A-3-A,109,1,人文社會科學院,KH,運動健康與休閒學系,C606,A,大學部,3,A,運動傷害評估學,2,選,51,21,,30,梁可欣,H1--104,,,"7,8",,,,,"[{""day"": 3, ""dayName"": ""星期三"", ""periods"": [""7"", ""8""], ""raw"": ""7,8""}]",限修及外加,運動健康促進學群(運動防護員規定課程),https://course.nuk.edu.tw/QueryCourse/tcontent.asp?OpenYear=109&Helf=1&Sclass=KH&Cono=C606,2026-08-26T18:22:53+00:00
109-1-KH-D534-A-3-A,109,1,人文社會科學院,KH,運動健康與休閒學系,D534,A,大學部,3,A,自行車運動休閒實務,3,選,30,15,,15,張景弘,H1--105,,"5,6, 7",,,,,,"[{""day"": 2, ""dayName"": ""星期二"", ""periods"": [""5"", ""6"", ""7""], ""raw"": ""5,6, 7""}]",限修,運動健康促進學群,https://course.nuk.edu.tw/QueryCourse/tcontent.asp?OpenYear=109&Helf=1&Sclass=KH&Cono=D534,2026-08-26T18:22:53+00:00
109-1-KH-D562-A-3-A,109,1,人文社會科學院,KH,運動健康與休閒學系,D562,A,大學部,3,A,運動休閒行銷,2,選,50,12,,38,張景弘,H1--104,,"3,4",,,,,,"[{""day"": 2, ""dayName"": ""星期二"", ""periods"": [""3"", ""4""], ""raw"": ""3,4""}]",限修,運動健康促進學群,https://course.nuk.edu.tw/QueryCourse/tcontent.asp?OpenYear=109&Helf=1&Sclass=KH&Cono=D562,2026-08-26T18:22:53+00:00
109-1-KH-A518-A-4-A,109,1,人文社會科學院,KH,運動健康與休閒學系,A518,A,大學部,4,A,運動防護實習,2,選,30,5,,25,張志成,H1--105,"5,6",,,,,,,"[{""day"": 1, ""dayName"": ""星期一"", ""periods"": [""5"", ""6""], ""raw"": ""5,6""}]",限修,運動健康促進學群(需符合本系運動防護實習實施要點之學生實習資格限制之學生始得修習),https://course.nuk.edu.tw/QueryCourse/tcontent.asp?OpenYear=109&Helf=1&Sclass=KH&Cono=A518,2026-08-26T18:22:53+00:00
109-1-KH-D032-A-4-A,109,1,人文社會科學院,KH,運動健康與休閒學系,D032,A,大學部,4,A,運動健康與休閒學實作,2,必,61,59,,2,李福恩,H1--104,,,"3,4",,,,,"[{""day"": 3, ""dayName"": ""星期三"", ""periods"": [""3"", ""4""], ""raw"": ""3,4""}]",限修及外加,核心必修,https://course.nuk.edu.tw/QueryCourse/tcontent.asp?OpenYear=109&Helf=1&Sclass=KH&Cono=D032,2026-08-26T18:22:53+00:00
109-1-KH-D131-A-4-A,109,1,人文社會科學院,KH,運動健康與休閒學系,D131,A,大學部,4,A,社區健康營造,3,必,61,57,,4,章順仁 莊淑姿,H1--104,,,,"2,3, 4",,,,"[{""day"": 4, ""dayName"": ""星期四"", ""periods"": [""2"", ""3"", ""4""], ""raw"": ""2,3, 4""}]",限修及外加,核心必修,https://course.nuk.edu.tw/QueryCourse/tcontent.asp?OpenYear=109&Helf=1&Sclass=KH&Cono=D131,2026-08-26T18:22:53+00:00
109-1-KH-D522-A-4-A,109,1,人文社會科學院,KH,運動健康與休閒學系,D522,A,大學部,4,A,適能瑜珈,2,選,32,28,,4,李福恩,K01-213,,,"5,6",,,,,"[{""day"": 3, ""dayName"": ""星期三"", ""periods"": [""5"", ""6""], ""raw"": ""5,6""}]",限修及外加,運動健康促進學群,https://course.nuk.edu.tw/QueryCourse/tcontent.asp?OpenYear=109&Helf=1&Sclass=KH&Cono=D522,2026-08-26T18:22:53+00:00
109-1-KH-D535-A-4-A,109,1,人文社會科學院,KH,運動健康與休閒學系,D535,A,大學部,4,A,運動場域安全概論,2,選,51,22,,29,張景弘,H1--104,,,,"5,6",,,,"[{""day"": 4, ""dayName"": ""星期四"", ""periods"": [""5"", ""6""], ""raw"": ""5,6""}]",限修及外加,運動健康促進學群,https://course.nuk.edu.tw/QueryCourse/tcontent.asp?OpenYear=109&Helf=1&Sclass=KH&Cono=D535,2026-08-26T18:22:53+00:00
109-1-KH-D572-A-4-A,109,1,人文社會科學院,KH,運動健康與休閒學系,D572,A,大學部,4,A,健康生活型態疾病與預防,3,選,50,32,,18,吳佩芳,H1--105,,"2,3, 4",,,,,,"[{""day"": 2, ""dayName"": ""星期二"", ""periods"": [""2"", ""3"", ""4""], ""raw"": ""2,3, 4""}]",限修,核心選修,https://course.nuk.edu.tw/QueryCourse/tcontent.asp?OpenYear=109&Helf=1&Sclass=KH&Cono=D572,2026-08-26T18:22:53+00:00
109-1-KH-D592-A-4-A,109,1,人文社會科學院,KH,運動健康與休閒學系,D592,A,大學部,4,A,服務業管理與實務,3,選,50,11,,39,潘明珠,H1--105,,,"5,6, 7",,,,,"[{""day"": 3, ""dayName"": ""星期三"", ""periods"": [""5"", ""6"", ""7""], ""raw"": ""5,6, 7""}]",限修,休閒健康促進學群,https://course.nuk.edu.tw/QueryCourse/tcontent.asp?OpenYear=109&Helf=1&Sclass=KH&Cono=D592,2026-08-26T18:22:53+00:00
109-1-KH-T00A-L-1-,109,1,人文社會科學院,KH,運動健康與休閒學系,T00A,L,碩士在職專班,1,,專題討論(一),2,必,30,13,,17,章順仁,H1--209,"10,11",,,,,,,"[{""day"": 1, ""dayName"": ""星期一"", ""periods"": [""10"", ""11""], ""raw"": ""10,11""}]",限修,,https://course.nuk.edu.tw/QueryCourse/tcontent.asp?OpenYear=109&Helf=1&Sclass=KH&Cono=T00A,2026-08-26T18:22:53+00:00
109-1-KH-T011-L-1-,109,1,人文社會科學院,KH,運動健康與休閒學系,T011,L,碩士在職專班,1,,運動健康與休閒研究方法,3,必,30,13,,17,潘明珠 張志成 張景弘,H1--209,,,"10,11, 12",,,,,"[{""day"": 3, ""dayName"": ""星期三"", ""periods"": [""10"", ""11"", ""12""], ""raw"": ""10,11, 12""}]",限修,,https://course.nuk.edu.tw/QueryCourse/tcontent.asp?OpenYear=109&Helf=1&Sclass=KH&Cono=T011,2026-08-26T18:22:53+00:00
109-1-KH-T021-L-1-,109,1,人文社會科學院,KH,運動健康與休閒學系,T021,L,碩士在職專班,1,,統計分析(含實習),3,必,30,13,,17,章順仁,H1--209,,,,"10,11, 12",,,,"[{""day"": 4, ""dayName"": ""星期四"", ""periods"": [""10"", ""11"", ""12""], ""raw"": ""10,11, 12""}]",限修,,https://course.nuk.edu.tw/QueryCourse/tcontent.asp?OpenYear=109&Helf=1&Sclass=KH&Cono=T021,2026-08-26T18:22:53+00:00
109-1-KH-T501-L-1-,109,1,人文社會科學院,KH,運動健康與休閒學系,T501,L,碩士在職專班,1,,人體解剖學特論,3,選,36,19,,17,劉紹東,H1--107,,,,,"10,11, 12",,,"[{""day"": 5, ""dayName"": ""星期五"", ""periods"": [""10"", ""11"", ""12""], ""raw"": ""10,11, 12""}]",限修及外加,健康促進專業課程,https://course.nuk.edu.tw/QueryCourse/tcontent.asp?OpenYear=109&Helf=1&Sclass=KH&Cono=T501,2026-08-26T18:22:53+00:00
109-1-KH-T511-L-1-,109,1,人文社會科學院,KH,運動健康與休閒學系,T511,L,碩士在職專班,1,,永續觀光與遊憩發展,3,選,30,6,,24,潘明珠,H1--209,,"10,11, 12",,,,,,"[{""day"": 2, ""dayName"": ""星期二"", ""periods"": [""10"", ""11"", ""12""], ""raw"": ""10,11, 12""}]",限修,休閒遊憩專業課程,https://course.nuk.edu.tw/QueryCourse/tcontent.asp?OpenYear=109&Helf=1&Sclass=KH&Cono=T511,2026-08-26T18:22:53+00:00
109-1-KH-U001-L-2-,109,1,人文社會科學院,KH,運動健康與休閒學系,U001,L,碩士在職專班,2,,碩士論文(一),3,必,30,12,,18,張景弘 劉紹東 吳佩芳 潘明珠,H1--210,,,,"10,11, 12",,,,"[{""day"": 4, ""dayName"": ""星期四"", ""periods"": [""10"", ""11"", ""12""], ""raw"": ""10,11, 12""}]",限修,,https://course.nuk.edu.tw/QueryCourse/tcontent.asp?OpenYear=109&Helf=1&Sclass=KH&Cono=U001,2026-08-26T18:22:53+00:00
109-1-KH-U011-L-2-,109,1,人文社會科學院,KH,運動健康與休閒學系,U011,L,碩士在職專班,2,,學術論文寫作,2,必,30,12,,18,陳詢榮,H1--105,,,"10,11",,,,,"[{""day"": 3, ""dayName"": ""星期三"", ""periods"": [""10"", ""11""], ""raw"": ""10,11""}]",限修,,https://course.nuk.edu.tw/QueryCourse/tcontent.asp?OpenYear=109&Helf=1&Sclass=KH&Cono=U011,2026-08-26T18:22:53+00:00
109-1-KH-F012-M-1-,109,1,人文社會科學院,KH,運動健康與休閒學系,F012,M,碩士班,1,,專題討論(一),1,必,30,6,,24,章順仁,H1--209,6,,,,,,,"[{""day"": 1, ""dayName"": ""星期一"", ""periods"": [""6""], ""raw"": ""6""}]",限修,,https://course.nuk.edu.tw/QueryCourse/tcontent.asp?OpenYear=109&Helf=1&Sclass=KH&Cono=F012,2026-08-26T18:22:53+00:00
109-1-KH-F021-M-1-,109,1,人文社會科學院,KH,運動健康與休閒學系,F021,M,碩士班,1,,統計分析(含實習),3,必,30,6,,24,章順仁,H1--209,,"5,6, 7",,,,,,"[{""day"": 2, ""dayName"": ""星期二"", ""periods"": [""5"", ""6"", ""7""], ""raw"": ""5,6, 7""}]",限修,,https://course.nuk.edu.tw/QueryCourse/tcontent.asp?OpenYear=109&Helf=1&Sclass=KH&Cono=F021,2026-08-26T18:22:53+00:00
109-1-KH-F031-M-1-,109,1,人文社會科學院,KH,運動健康與休閒學系,F031,M,碩士班,1,,運動健康與休閒研究方法,4,必,30,6,,24,吳佩芳 張志成 李福恩 莊淑姿,H1--209,,,"1,2, 3,4",,,,,"[{""day"": 3, ""dayName"": ""星期三"", ""periods"": [""1"", ""2"", ""3"", ""4""], ""raw"": ""1,2, 3,4""}]",限修,,https://course.nuk.edu.tw/QueryCourse/tcontent.asp?OpenYear=109&Helf=1&Sclass=KH&Cono=F031,2026-08-26T18:22:53+00:00
109-1-KH-F516-M-1-,109,1,人文社會科學院,KH,運動健康與休閒學系,F516,M,碩士班,1,,健身運動心理學專題討論,3,選,30,5,,25,張志成,H1--209,,"2,3, 4",,,,,,"[{""day"": 2, ""dayName"": ""星期二"", ""periods"": [""2"", ""3"", ""4""], ""raw"": ""2,3, 4""}]",限修,,https://course.nuk.edu.tw/QueryCourse/tcontent.asp?OpenYear=109&Helf=1&Sclass=KH&Cono=F516,2026-08-26T18:22:53+00:00
109-1-KH-F531-M-1-,109,1,人文社會科學院,KH,運動健康與休閒學系,F531,M,碩士班,1,,行為神經科學,3,選,30,12,,18,陳詢榮,H1--210,,,"5,6, 7",,,,,"[{""day"": 3, ""dayName"": ""星期三"", ""periods"": [""5"", ""6"", ""7""], ""raw"": ""5,6, 7""}]",限修,,https://course.nuk.edu.tw/QueryCourse/tcontent.asp?OpenYear=109&Helf=1&Sclass=KH&Cono=F531,2026-08-26T18:22:53+00:00
109-1-KH-F014-M-2-,109,1,人文社會科學院,KH,運動健康與休閒學系,F014,M,碩士班,2,,專題討論(三),1,必,29,9,,20,章順仁,H1--209,5,,,,,,,"[{""day"": 1, ""dayName"": ""星期一"", ""periods"": [""5""], ""raw"": ""5""}]",限修及外加,,https://course.nuk.edu.tw/QueryCourse/tcontent.asp?OpenYear=109&Helf=1&Sclass=KH&Cono=F014,2026-08-26T18:22:53+00:00
109-1-WL-A04A-A-1-A,109,1,人文社會科學院,WL,西洋語文學系,A04A,A,大學部,1,A,英文作文(一上)(A),3,必,30,25,,5,奧利華,H2--106,"2,3, 4",,,,,,,"[{""day"": 1, ""dayName"": ""星期一"", ""periods"": [""2"", ""3"", ""4""], ""raw"": ""2,3, 4""}]",限修,"全班50人，分A,B兩組，每組25人，分A,B兩班，學號單號，補、重修須另加簽，全英語授課",https://course.nuk.edu.tw/QueryCourse/tcontent.asp?OpenYear=109&Helf=1&Sclass=WL&Cono=A04A,2026-08-26T18:22:53+00:00
109-1-WL-A05A-A-1-A,109,1,人文社會科學院,WL,西洋語文學系,A05A,A,大學部,1,A,英文作文(一上)(B),3,必,25,21,,4,莫艾倫,H2--105,,"2,3, 4",,,,,,"[{""day"": 2, ""dayName"": ""星期二"", ""periods"": [""2"", ""3"", ""4""], ""raw"": ""2,3, 4""}]",限修,"全班50人，分A,B兩組，每組25人，學號雙號。補、重修請另加簽，全英語授課。",https://course.nuk.edu.tw/QueryCourse/tcontent.asp?OpenYear=109&Helf=1&Sclass=WL&Cono=A05A,2026-08-26T18:22:53+00:00
109-1-WL-A07A-A-1-A,109,1,人文社會科學院,WL,西洋語文學系,A07A,A,大學部,1,A,西洋文學概論(上),3,必,53,51,,2,顏淑娟,H2--107,,,"6,7, 8",,,,,"[{""day"": 3, ""dayName"": ""星期三"", ""periods"": [""6"", ""7"", ""8""], ""raw"": ""6,7, 8""}]",限修及外加,限修本系一年級，補、重修請另外加簽。,https://course.nuk.edu.tw/QueryCourse/tcontent.asp?OpenYear=109&Helf=1&Sclass=WL&Cono=A07A,2026-08-26T18:22:53+00:00
109-1-WL-A08A-A-1-A,109,1,人文社會科學院,WL,西洋語文學系,A08A,A,大學部,1,A,文學作品讀法(上),3,必,50,49,,1,傅鈺雯,H2--104,,"5,6, 7",,,,,,"[{""day"": 2, ""dayName"": ""星期二"", ""periods"": [""5"", ""6"", ""7""], ""raw"": ""5,6, 7""}]",外加,限修本系一年級，補、重修請另加簽，全外語授課-英語。,https://course.nuk.edu.tw/QueryCourse/tcontent.asp?OpenYear=109&Helf=1&Sclass=WL&Cono=A08A,2026-08-26T18:22:53+00:00
109-1-WL-A23A-A-1-A,109,1,人文社會科學院,WL,西洋語文學系,A23A,A,大學部,1,A,英語聽力與會話(一上)(A),3,必,31,27,,4,莫艾倫,H2--103,,,"2,3, 4",,,,,"[{""day"": 3, ""dayName"": ""星期三"", ""periods"": [""2"", ""3"", ""4""], ""raw"": ""2,3, 4""}]",限修及外加 學程,"全班50人，分A,B兩組，每組25人，學號單號。補重修學生、人文與商管學程、外語觀光保健人才培育學程或外語導遊人才培育學程之修習學生請另加簽，，全英語授課。",https://course.nuk.edu.tw/QueryCourse/tcontent.asp?OpenYear=109&Helf=1&Sclass=WL&Cono=A23A,2026-08-26T18:22:53+00:00
109-1-WL-A23B-A-1-A,109,1,人文社會科學院,WL,西洋語文學系,A23B,A,大學部,1,A,英語聽力與會話(一上)(B),3,必,29,25,,4,顏淑娟,H2--105,,,,"2,3, 4",,,,"[{""day"": 4, ""dayName"": ""星期四"", ""periods"": [""2"", ""3"", ""4""], ""raw"": ""2,3, 4""}]",限修及外加 學程,"全班50人，分A,B兩組，每組25人，學號雙號。補重修學生、人文與商管學程、外語觀光保健人才培育學程或外語導遊人才培育學程之修習學生請另加簽。",https://course.nuk.edu.tw/QueryCourse/tcontent.asp?OpenYear=109&Helf=1&Sclass=WL&Cono=A23B,2026-08-26T18:22:53+00:00
109-1-WL-A51A-A-1-A,109,1,人文社會科學院,WL,西洋語文學系,A51A,A,大學部,1,A,第二外語：法一(上),2,選,58,51,,7,林雅芬,H2--107,"5,6",,,,,,,"[{""day"": 1, ""dayName"": ""星期一"", ""periods"": [""5"", ""6""], ""raw"": ""5,6""}]",限修及外加 學程,本系規定其學生畢業前至少需修習8學分。【人文與商管學程】須另外加簽。,https://course.nuk.edu.tw/QueryCourse/tcontent.asp?OpenYear=109&Helf=1&Sclass=WL&Cono=A51A,2026-08-26T18:22:53+00:00
109-1-WL-A52C-A-1-A,109,1,人文社會科學院,WL,西洋語文學系,A52C,A,大學部,1,A,第二外語：德文一,4,選,30,23,,7,奧利華,H2--106,"5,6",,"3,4",,,,,"[{""day"": 1, ""dayName"": ""星期一"", ""periods"": [""5"", ""6""], ""raw"": ""5,6""}, {""day"": 3, ""dayName"": ""星期三"", ""periods"": [""3"", ""4""], ""raw"": ""3,4""}]",限修 學程,本系規定其學生畢業前至少須修習8學分。,https://course.nuk.edu.tw/QueryCourse/tcontent.asp?OpenYear=109&Helf=1&Sclass=WL&Cono=A52C,2026-08-26T18:22:53+00:00
109-1-WL-A53A-A-1-A,109,1,人文社會科學院,WL,西洋語文學系,A53A,A,大學部,1,A,第二外語：西一(上),2,選,37,34,,3,李優俐,H2--108,"5,6",,,,,,,"[{""day"": 1, ""dayName"": ""星期一"", ""periods"": [""5"", ""6""], ""raw"": ""5,6""}]",限修及外加 學程,本系規定其學生畢業前至少須修習8學分。【人文與商管學程】須另外加簽。,https://course.nuk.edu.tw/QueryCourse/tcontent.asp?OpenYear=109&Helf=1&Sclass=WL&Cono=A53A,2026-08-26T18:22:53+00:00
109-1-WL-B021-A-2-A,109,1,人文社會科學院,WL,西洋語文學系,B021,A,大學部,2,A,進階英語聽力與會話(二上)(A),3,必,43,32,,11,陳麗青,H2--104,,"9,10, 11",,,,,,"[{""day"": 2, ""dayName"": ""星期二"", ""periods"": [""9"", ""10"", ""11""], ""raw"": ""9,10, 11""}]",限修及外加 學程,限修本系二年級(學號單號)，【人文與商管學程】請另加簽，全外語授課-英語,https://course.nuk.edu.tw/QueryCourse/tcontent.asp?OpenYear=109&Helf=1&Sclass=WL&Cono=B021,2026-08-26T18:22:53+00:00
109-1-WL-B022-A-2-A,109,1,人文社會科學院,WL,西洋語文學系,B022,A,大學部,2,A,進階英語聽力與會話(二上)(B),3,必,34,29,,5,莫艾倫,H2--105,,,,,"2,3, 4",,,"[{""day"": 5, ""dayName"": ""星期五"", ""periods"": [""2"", ""3"", ""4""], ""raw"": ""2,3, 4""}]",限修及外加 學程,限修本系二年級(學號雙號)，【人文與商管學程】請另加簽，全英語授課。,https://course.nuk.edu.tw/QueryCourse/tcontent.asp?OpenYear=109&Helf=1&Sclass=WL&Cono=B022,2026-08-26T18:22:53+00:00
109-1-WL-B04A-A-2-A,109,1,人文社會科學院,WL,西洋語文學系,B04A,A,大學部,2,A,英文作文(二上)(A),2,必,25,17,,8,莫艾倫,H2--103,,,,"2,3, 4",,,,"[{""day"": 4, ""dayName"": ""星期四"", ""periods"": [""2"", ""3"", ""4""], ""raw"": ""2,3, 4""}]",限修,限修本系二年級(學號單號)，補、重修請另加簽。,https://course.nuk.edu.tw/QueryCourse/tcontent.asp?OpenYear=109&Helf=1&Sclass=WL&Cono=B04A,2026-08-26T18:22:53+00:00
109-1-WL-B05A-A-2-A,109,1,人文社會科學院,WL,西洋語文學系,B05A,A,大學部,2,A,英文作文(二上)(B),2,必,40,36,,4,王嵩嵐,H2--108,,,"2,3, 4",,,,,"[{""day"": 3, ""dayName"": ""星期三"", ""periods"": [""2"", ""3"", ""4""], ""raw"": ""2,3, 4""}]",限修及外加,限修本系二年級(學號雙號)，補、重修請另加簽。,https://course.nuk.edu.tw/QueryCourse/tcontent.asp?OpenYear=109&Helf=1&Sclass=WL&Cono=B05A,2026-08-26T18:22:53+00:00
109-1-WL-B06A-A-2-A,109,1,人文社會科學院,WL,西洋語文學系,B06A,A,大學部,2,A,英國文學史(一上),3,必,54,51,,3,鄭月婷,H2--104,,,,"5,6, 7",,,,"[{""day"": 4, ""dayName"": ""星期四"", ""periods"": [""5"", ""6"", ""7""], ""raw"": ""5,6, 7""}]",限修及外加,限修本系二年級。,https://course.nuk.edu.tw/QueryCourse/tcontent.asp?OpenYear=109&Helf=1&Sclass=WL&Cono=B06A,2026-08-26T18:22:53+00:00
109-1-WL-B07A-A-2-A,109,1,人文社會科學院,WL,西洋語文學系,B07A,A,大學部,2,A,語言學概論(上),3,必,57,51,,6,賴怡秀,H2--107,,"2,3, 4",,,,,,"[{""day"": 2, ""dayName"": ""星期二"", ""periods"": [""2"", ""3"", ""4""], ""raw"": ""2,3, 4""}]",限修及外加,限修本系二年級，補、重修請另加簽。,https://course.nuk.edu.tw/QueryCourse/tcontent.asp?OpenYear=109&Helf=1&Sclass=WL&Cono=B07A,2026-08-26T18:22:53+00:00
109-1-WL-B51A-A-2-A,109,1,人文社會科學院,WL,西洋語文學系,B51A,A,大學部,2,A,第二外語：法二(上),2,選,39,27,,12,林雅芬,H2--107,"7,8",,,,,,,"[{""day"": 1, ""dayName"": ""星期一"", ""periods"": [""7"", ""8""], ""raw"": ""7,8""}]",先修 限修及外加,本系學生畢業前至少需修8學分。先修：法一(上)(下)或已有法語基礎者。,https://course.nuk.edu.tw/QueryCourse/tcontent.asp?OpenYear=109&Helf=1&Sclass=WL&Cono=B51A,2026-08-26T18:22:53+00:00
109-1-WL-B53A-A-2-A,109,1,人文社會科學院,WL,西洋語文學系,B53A,A,大學部,2,A,第二外語：西二(上),2,選,33,26,,7,李優俐,H2--108,"7,8",,,,,,,"[{""day"": 1, ""dayName"": ""星期一"", ""periods"": [""7"", ""8""], ""raw"": ""7,8""}]",先修 限修及外加,本系學生畢業前至少須修習8學分。先修：西一(上)(下)。,https://course.nuk.edu.tw/QueryCourse/tcontent.asp?OpenYear=109&Helf=1&Sclass=WL&Cono=B53A,2026-08-26T18:22:53+00:00
109-1-WL-B58A-A-2-A,109,1,人文社會科學院,WL,西洋語文學系,B58A,A,大學部,2,A,翻譯導論(上),2,選,26,18,,8,王嵩嵐,H2--108,,,,"3,4",,,,"[{""day"": 4, ""dayName"": ""星期四"", ""periods"": [""3"", ""4""], ""raw"": ""3,4""}]",限修及外加 學程,【人文與商管學程】須另外加簽。,https://course.nuk.edu.tw/QueryCourse/tcontent.asp?OpenYear=109&Helf=1&Sclass=WL&Cono=B58A,2026-08-26T18:22:53+00:00
109-1-WL-B742-A-2-A,109,1,人文社會科學院,WL,西洋語文學系,B742,A,大學部,2,A,人文計算：程式語言設計、基本概念及人文特色開拓介紹,3,選,25,12,,13,奧利華,H2--106,,"5,6, 7",,,,,,"[{""day"": 2, ""dayName"": ""星期二"", ""periods"": [""5"", ""6"", ""7""], ""raw"": ""5,6, 7""}]",限修,【語言學類】,https://course.nuk.edu.tw/QueryCourse/tcontent.asp?OpenYear=109&Helf=1&Sclass=WL&Cono=B742,2026-08-26T18:22:53+00:00
109-1-WL-C06A-A-3-A,109,1,人文社會科學院,WL,西洋語文學系,C06A,A,大學部,3,A,英國文學史(二上),3,必,47,40,,7,陳麗青,H2--107,,"5,6, 7",,,,,,"[{""day"": 2, ""dayName"": ""星期二"", ""periods"": [""5"", ""6"", ""7""], ""raw"": ""5,6, 7""}]",限修及外加,限修本系三年級，補重修請另加簽，全外語授課-英語,https://course.nuk.edu.tw/QueryCourse/tcontent.asp?OpenYear=109&Helf=1&Sclass=WL&Cono=C06A,2026-08-26T18:22:53+00:00
109-1-WL-C07A-A-3-A,109,1,人文社會科學院,WL,西洋語文學系,C07A,A,大學部,3,A,美國文學史(上),3,必,48,44,,4,王淑雱,H2--107,,,,,"2,3, 4",,,"[{""day"": 5, ""dayName"": ""星期五"", ""periods"": [""2"", ""3"", ""4""], ""raw"": ""2,3, 4""}]",限修及外加,限修本系三、四年級,https://course.nuk.edu.tw/QueryCourse/tcontent.asp?OpenYear=109&Helf=1&Sclass=WL&Cono=C07A,2026-08-26T18:22:53+00:00
109-1-WL-C64A-A-3-A,109,1,人文社會科學院,WL,西洋語文學系,C64A,A,大學部,3,A,社會語言學(上),2,選,28,28,,0,王嵩嵐,H2--108,"3,4",,,,,,,"[{""day"": 1, ""dayName"": ""星期一"", ""periods"": [""3"", ""4""], ""raw"": ""3,4""}]",限修及外加,【語言學類】,https://course.nuk.edu.tw/QueryCourse/tcontent.asp?OpenYear=109&Helf=1&Sclass=WL&Cono=C64A,2026-08-26T18:22:53+00:00
109-1-WL-C65A-A-3-A,109,1,人文社會科學院,WL,西洋語文學系,C65A,A,大學部,3,A,英美戲劇(上),3,選,33,32,,1,歐馨雲,H2--104,,,,,"5,6, 7",,,"[{""day"": 5, ""dayName"": ""星期五"", ""periods"": [""5"", ""6"", ""7""], ""raw"": ""5,6, 7""}]",限修及外加 學程,【文學文化類】限修本系三年級以上。【人文與商管學程】須另外加簽。上課教室請洽系辦07-5919262或授課教師,https://course.nuk.edu.tw/QueryCourse/tcontent.asp?OpenYear=109&Helf=1&Sclass=WL&Cono=C65A,2026-08-26T18:22:53+00:00
109-1-WL-C69A-A-3-A,109,1,人文社會科學院,WL,西洋語文學系,C69A,A,大學部,3,A,英美小說,3,選,37,37,,0,顏淑娟,H2--107,,,"2,3, 4",,,,,"[{""day"": 3, ""dayName"": ""星期三"", ""periods"": [""2"", ""3"", ""4""], ""raw"": ""2,3, 4""}]",限修及外加,【文學文化類】限修本系三、四年級。,https://course.nuk.edu.tw/QueryCourse/tcontent.asp?OpenYear=109&Helf=1&Sclass=WL&Cono=C69A,2026-08-26T18:22:53+00:00
109-1-WL-C811-A-3-A,109,1,人文社會科學院,WL,西洋語文學系,C811,A,大學部,3,A,筆譯,2,選,27,23,,4,王淑雱,H2--105,,,"5,6",,,,,"[{""day"": 3, ""dayName"": ""星期三"", ""periods"": [""5"", ""6""], ""raw"": ""5,6""}]",限修及外加,外系選修須另加簽。,https://course.nuk.edu.tw/QueryCourse/tcontent.asp?OpenYear=109&Helf=1&Sclass=WL&Cono=C811,2026-08-26T18:22:53+00:00
109-1-WL-C902-A-3-A,109,1,人文社會科學院,WL,西洋語文學系,C902,A,大學部,3,A,企業實習I：英語教學與行政,2,選,5,2,,3,鄭月婷,H2--105,,"10,11",,,,,,"[{""day"": 2, ""dayName"": ""星期二"", ""periods"": [""10"", ""11""], ""raw"": ""10,11""}]",限修,指定外加實習課程，課程總實習時數須達160小時。,https://course.nuk.edu.tw/QueryCourse/tcontent.asp?OpenYear=109&Helf=1&Sclass=WL&Cono=C902,2026-08-26T18:22:53+00:00
109-1-WL-F521-A-3-A,109,1,人文社會科學院,WL,西洋語文學系,F521,A,大學部,3,A,數位人文科學概論,3,選,25,7,,18,奧利華,H2--106,"7,8, 9",,,,,,,"[{""day"": 1, ""dayName"": ""星期一"", ""periods"": [""7"", ""8"", ""9""], ""raw"": ""7,8, 9""}]",限修,與碩士班合授，開放本系大學部三、四年級選修，【人文與商管學程】須另加簽，【語言學類】全外語授課-英語,https://course.nuk.edu.tw/QueryCourse/tcontent.asp?OpenYear=109&Helf=1&Sclass=WL&Cono=F521,2026-08-26T18:22:53+00:00
109-1-WL-F531-A-3-A,109,1,人文社會科學院,WL,西洋語文學系,F531,A,大學部,3,A,莎士比亞與電影,3,選,23,23,,0,鄭月婷,H2--104,,"2,3, 4",,,,,,"[{""day"": 2, ""dayName"": ""星期二"", ""periods"": [""2"", ""3"", ""4""], ""raw"": ""2,3, 4""}]",限修及外加,【文學、文化類】(全英語授課)。,https://course.nuk.edu.tw/QueryCourse/tcontent.asp?OpenYear=109&Helf=1&Sclass=WL&Cono=F531,2026-08-26T18:22:53+00:00
109-1-WL-F542-A-3-A,109,1,人文社會科學院,WL,西洋語文學系,F542,A,大學部,3,A,主要作家專題,3,選,20,10,,10,歐馨雲,H2--104,"5,6, 7",,,,,,,"[{""day"": 1, ""dayName"": ""星期一"", ""periods"": [""5"", ""6"", ""7""], ""raw"": ""5,6, 7""}]",限修,與碩士班合授，開放大學部三、四年級【文學文化類】,https://course.nuk.edu.tw/QueryCourse/tcontent.asp?OpenYear=109&Helf=1&Sclass=WL&Cono=F542,2026-08-26T18:22:53+00:00
109-1-WL-F571-A-3-A,109,1,人文社會科學院,WL,西洋語文學系,F571,A,大學部,3,A,主要作家專題：珍‧奧斯汀，1775-1817,3,選,23,20,,3,陳麗青,H2--108,,,"7,8, 9",,,,,"[{""day"": 3, ""dayName"": ""星期三"", ""periods"": [""7"", ""8"", ""9""], ""raw"": ""7,8, 9""}]",限修及外加,【文學文化類】與本系大學部三、四年級合開，全外語授課-英語。,https://course.nuk.edu.tw/QueryCourse/tcontent.asp?OpenYear=109&Helf=1&Sclass=WL&Cono=F571,2026-08-26T18:22:53+00:00
109-1-WL-D74B-A-4-A,109,1,人文社會科學院,WL,西洋語文學系,D74B,A,大學部,4,A,主要作家專題：馬克吐溫與性別研究,3,選,22,21,,1,歐馨雲,H1--110,,,,,"8,9, 10",,,"[{""day"": 5, ""dayName"": ""星期五"", ""periods"": [""8"", ""9"", ""10""], ""raw"": ""8,9, 10""}]",限修及外加,【文學文化類】限修本系二、三、四年級。,https://course.nuk.edu.tw/QueryCourse/tcontent.asp?OpenYear=109&Helf=1&Sclass=WL&Cono=D74B,2026-08-26T18:22:53+00:00
109-1-WL-D842-A-4-A,109,1,人文社會科學院,WL,西洋語文學系,D842,A,大學部,4,A,國際談判技巧,3,選,20,10,,10,傅鈺雯,H2--105,,,,,"5,6, 7",,,"[{""day"": 5, ""dayName"": ""星期五"", ""periods"": [""5"", ""6"", ""7""], ""raw"": ""5,6, 7""}]",限修,開放全系學生選修，全英語授課。,https://course.nuk.edu.tw/QueryCourse/tcontent.asp?OpenYear=109&Helf=1&Sclass=WL&Cono=D842,2026-08-26T18:22:53+00:00
109-1-WL-F021-A-4-A,109,1,人文社會科學院,WL,西洋語文學系,F021,A,大學部,4,A,教學實務,3,選,10,6,,4,賴怡秀,H2--105,,"5,6, 7",,,,,,"[{""day"": 2, ""dayName"": ""星期二"", ""periods"": [""5"", ""6"", ""7""], ""raw"": ""5,6, 7""}]",限修,與本系碩士班合開。,https://course.nuk.edu.tw/QueryCourse/tcontent.asp?OpenYear=109&Helf=1&Sclass=WL&Cono=F021,2026-08-26T18:22:53+00:00
109-1-WL-F611-A-4-A,109,1,人文社會科學院,WL,西洋語文學系,F611,A,大學部,4,A,老化大腦與語言專題(一),3,選,33,16,,17,賴怡秀,H2--108,,,,"5,6, 7",,,,"[{""day"": 4, ""dayName"": ""星期四"", ""periods"": [""5"", ""6"", ""7""], ""raw"": ""5,6, 7""}]",限修及外加,【語言學類】與碩士班合開，開放大三大四選修。全英語授課,https://course.nuk.edu.tw/QueryCourse/tcontent.asp?OpenYear=109&Helf=1&Sclass=WL&Cono=F611,2026-08-26T18:22:53+00:00
109-1-WL-F012-M-1-,109,1,人文社會科學院,WL,西洋語文學系,F012,M,碩士班,1,,文學文化研究方法,3,必,5,3,,2,傅鈺雯,H2--103,,,"5,6, 7",,,,,"[{""day"": 3, ""dayName"": ""星期三"", ""periods"": [""5"", ""6"", ""7""], ""raw"": ""5,6, 7""}]",限修,【文學文化類】開放本系大學部三、四年級選修。全英語授課,https://course.nuk.edu.tw/QueryCourse/tcontent.asp?OpenYear=109&Helf=1&Sclass=WL&Cono=F012,2026-08-26T18:22:53+00:00
109-1-WL-F021-M-1-,109,1,人文社會科學院,WL,西洋語文學系,F021,M,碩士班,1,,教學實務,3,必,10,6,,4,賴怡秀,H2--105,,"5,6, 7",,,,,,"[{""day"": 2, ""dayName"": ""星期二"", ""periods"": [""5"", ""6"", ""7""], ""raw"": ""5,6, 7""}]",限修,與本系大學部四年級合開。,https://course.nuk.edu.tw/QueryCourse/tcontent.asp?OpenYear=109&Helf=1&Sclass=WL&Cono=F021,2026-08-26T18:22:53+00:00
109-1-WL-F02A-M-1-,109,1,人文社會科學院,WL,西洋語文學系,F02A,M,碩士班,1,,教學實務及實習(I),3,必,5,3,,2,傅鈺雯 賴怡秀,H2--103,,,,"8,9, 10",,,,"[{""day"": 4, ""dayName"": ""星期四"", ""periods"": [""8"", ""9"", ""10""], ""raw"": ""8,9, 10""}]",限修,限修西語系研究生,https://course.nuk.edu.tw/QueryCourse/tcontent.asp?OpenYear=109&Helf=1&Sclass=WL&Cono=F02A,2026-08-26T18:22:53+00:00
109-1-WL-F521-M-1-,109,1,人文社會科學院,WL,西洋語文學系,F521,M,碩士班,1,,數位人文科學概論,3,選,25,7,,18,奧利華,H2--106,"7,8, 9",,,,,,,"[{""day"": 1, ""dayName"": ""星期一"", ""periods"": [""7"", ""8"", ""9""], ""raw"": ""7,8, 9""}]",限修,開放本系大學部三、四年級選修，【人文與商管學程】須另加簽，【語言學類】全外語授課-英語,https://course.nuk.edu.tw/QueryCourse/tcontent.asp?OpenYear=109&Helf=1&Sclass=WL&Cono=F521,2026-08-26T18:22:53+00:00
109-1-WL-F531-M-1-,109,1,人文社會科學院,WL,西洋語文學系,F531,M,碩士班,1,,莎士比亞與電影,3,選,23,23,,0,鄭月婷,H2--104,,"2,3, 4",,,,,,"[{""day"": 2, ""dayName"": ""星期二"", ""periods"": [""2"", ""3"", ""4""], ""raw"": ""2,3, 4""}]",限修及外加,【文學、文化類】(全英語授課)。,https://course.nuk.edu.tw/QueryCourse/tcontent.asp?OpenYear=109&Helf=1&Sclass=WL&Cono=F531,2026-08-26T18:22:53+00:00
109-1-WL-F542-M-1-,109,1,人文社會科學院,WL,西洋語文學系,F542,M,碩士班,1,,主要作家專題,3,選,20,10,,10,歐馨雲,H2--104,"5,6, 7",,,,,,,"[{""day"": 1, ""dayName"": ""星期一"", ""periods"": [""5"", ""6"", ""7""], ""raw"": ""5,6, 7""}]",限修,開放大學部三、四年級，【文學文化類】,https://course.nuk.edu.tw/QueryCourse/tcontent.asp?OpenYear=109&Helf=1&Sclass=WL&Cono=F542,2026-08-26T18:22:53+00:00
109-1-WL-F571-M-1-,109,1,人文社會科學院,WL,西洋語文學系,F571,M,碩士班,1,,主要作家專題：珍‧奧斯汀，1775-1817,3,選,23,20,,3,陳麗青,H2--108,,,"7,8, 9",,,,,"[{""day"": 3, ""dayName"": ""星期三"", ""periods"": [""7"", ""8"", ""9""], ""raw"": ""7,8, 9""}]",限修及外加,【文學文化類】與本系大學部三、四年級合開，全外語授課-英語。,https://course.nuk.edu.tw/QueryCourse/tcontent.asp?OpenYear=109&Helf=1&Sclass=WL&Cono=F571,2026-08-26T18:22:53+00:00
109-1-WL-F611-M-1-,109,1,人文社會科學院,WL,西洋語文學系,F611,M,碩士班,1,,老化大腦與語言專題(一),3,選,33,16,,17,賴怡秀,H2--108,,,,"5,6, 7",,,,"[{""day"": 4, ""dayName"": ""星期四"", ""periods"": [""5"", ""6"", ""7""], ""raw"": ""5,6, 7""}]",限修及外加,【語言學類】開放本系大學部三、四年級選修。全英語授課,https://course.nuk.edu.tw/QueryCourse/tcontent.asp?OpenYear=109&Helf=1&Sclass=WL&Cono=F611,2026-08-26T18:22:53+00:00
109-1-WL-F03A-M-2-,109,1,人文社會科學院,WL,西洋語文學系,F03A,M,碩士班,2,,論文指導(I),1,必,5,5,,0,賴怡秀 奧利華,H2--103,,10,,,,,,"[{""day"": 2, ""dayName"": ""星期二"", ""periods"": [""10""], ""raw"": ""10""}]",限修及外加,該課程由老師手動加簽。依據碩士生修業規則，碩士生須於修習論文指導之前通過英語檢定考試並通過論文題目及計畫申請流程。選課須由教師指定加簽。,https://course.nuk.edu.tw/QueryCourse/tcontent.asp?OpenYear=109&Helf=1&Sclass=WL&Cono=F03A,2026-08-26T18:22:53+00:00
109-1-CC-C513-A-1-A,109,1,共同與通識課程,CC,核心通識,C513,A,大學部,1,A,科普讀物導讀,3,選,61,61,,0,胡忠信,B01-106,,"2,3, 4",,,,,,"[{""day"": 2, ""dayName"": ""星期二"", ""periods"": [""2"", ""3"", ""4""], ""raw"": ""2,3, 4""}]",禁止外加 外加,,https://course.nuk.edu.tw/QueryCourse/tcontent.asp?OpenYear=109&Helf=1&Sclass=CC&Cono=C513,2026-08-26T18:22:53+00:00
109-1-CC-C514-A-1-A,109,1,共同與通識課程,CC,核心通識,C514,A,大學部,1,A,科普讀物導讀,3,選,65,65,,0,洪鼎惟,B01-109,,,"9,10, 11",,,,,"[{""day"": 3, ""dayName"": ""星期三"", ""periods"": [""9"", ""10"", ""11""], ""raw"": ""9,10, 11""}]",禁止外加,,https://course.nuk.edu.tw/QueryCourse/tcontent.asp?OpenYear=109&Helf=1&Sclass=CC&Cono=C514,2026-08-26T18:22:53+00:00
109-1-CC-C541-A-1-A,109,1,共同與通識課程,CC,核心通識,C541,A,大學部,1,A,科技與社會,3,選,61,60,,1,林明良,B01-106,,"5,6, 7",,,,,,"[{""day"": 2, ""dayName"": ""星期二"", ""periods"": [""5"", ""6"", ""7""], ""raw"": ""5,6, 7""}]",禁止外加,,https://course.nuk.edu.tw/QueryCourse/tcontent.asp?OpenYear=109&Helf=1&Sclass=CC&Cono=C541,2026-08-26T18:22:53+00:00
109-1-CC-C542-A-1-A,109,1,共同與通識課程,CC,核心通識,C542,A,大學部,1,A,科技與社會,3,選,60,59,,1,倪麥童,B01-104,,"5,6, 7",,,,,,"[{""day"": 2, ""dayName"": ""星期二"", ""periods"": [""5"", ""6"", ""7""], ""raw"": ""5,6, 7""}]",禁止外加,,https://course.nuk.edu.tw/QueryCourse/tcontent.asp?OpenYear=109&Helf=1&Sclass=CC&Cono=C542,2026-08-26T18:22:53+00:00
109-1-CC-C543-A-1-A,109,1,共同與通識課程,CC,核心通識,C543,A,大學部,1,A,科技與社會,3,選,61,61,,0,許藝騰,B01-104,"7,8, 9",,,,,,,"[{""day"": 1, ""dayName"": ""星期一"", ""periods"": [""7"", ""8"", ""9""], ""raw"": ""7,8, 9""}]",禁止外加 外加,,https://course.nuk.edu.tw/QueryCourse/tcontent.asp?OpenYear=109&Helf=1&Sclass=CC&Cono=C543,2026-08-26T18:22:53+00:00
109-1-CC-C544-A-1-A,109,1,共同與通識課程,CC,核心通識,C544,A,大學部,1,A,科技與社會,3,選,60,54,,6,洪靖,L02-108,,,,,"5,6, 7",,,"[{""day"": 5, ""dayName"": ""星期五"", ""periods"": [""5"", ""6"", ""7""], ""raw"": ""5,6, 7""}]",禁止外加,洪靖老師,https://course.nuk.edu.tw/QueryCourse/tcontent.asp?OpenYear=109&Helf=1&Sclass=CC&Cono=C544,2026-08-26T18:22:53+00:00
109-1-CC-C611-A-1-A,109,1,共同與通識課程,CC,核心通識,C611,A,大學部,1,A,環境倫理,3,選,64,67,,0,林師平,B01-108,,,,"9,10, 11",,,,"[{""day"": 4, ""dayName"": ""星期四"", ""periods"": [""9"", ""10"", ""11""], ""raw"": ""9,10, 11""}]",禁止外加,,https://course.nuk.edu.tw/QueryCourse/tcontent.asp?OpenYear=109&Helf=1&Sclass=CC&Cono=C611,2026-08-26T18:22:53+00:00
109-1-CC-C612-A-1-A,109,1,共同與通識課程,CC,核心通識,C612,A,大學部,1,A,環境倫理,3,選,60,51,,9,周孟麟,B01-108,,"5,6, 7",,,,,,"[{""day"": 2, ""dayName"": ""星期二"", ""periods"": [""5"", ""6"", ""7""], ""raw"": ""5,6, 7""}]",禁止外加,,https://course.nuk.edu.tw/QueryCourse/tcontent.asp?OpenYear=109&Helf=1&Sclass=CC&Cono=C612,2026-08-26T18:22:53+00:00
109-1-CC-C613-A-1-A,109,1,共同與通識課程,CC,核心通識,C613,A,大學部,1,A,環境倫理,3,選,60,58,,2,林淑文,L02-102,,"10,11, 12",,,,,,"[{""day"": 2, ""dayName"": ""星期二"", ""periods"": [""10"", ""11"", ""12""], ""raw"": ""10,11, 12""}]",禁止外加,,https://course.nuk.edu.tw/QueryCourse/tcontent.asp?OpenYear=109&Helf=1&Sclass=CC&Cono=C613,2026-08-26T18:22:53+00:00
109-1-CC-C614-A-1-A,109,1,共同與通識課程,CC,核心通識,C614,A,大學部,1,A,環境倫理,3,選,60,27,,33,林淑文,B01-109,,"5,6, 7",,,,,,"[{""day"": 2, ""dayName"": ""星期二"", ""periods"": [""5"", ""6"", ""7""], ""raw"": ""5,6, 7""}]",禁止外加,,https://course.nuk.edu.tw/QueryCourse/tcontent.asp?OpenYear=109&Helf=1&Sclass=CC&Cono=C614,2026-08-26T18:22:53+00:00
109-1-CC-C651-A-1-A,109,1,共同與通識課程,CC,核心通識,C651,A,大學部,1,A,企業倫理,3,選,60,59,,1,陳致仁,B01-101,,,,"5,6, 7",,,,"[{""day"": 4, ""dayName"": ""星期四"", ""periods"": [""5"", ""6"", ""7""], ""raw"": ""5,6, 7""}]",禁止外加,,https://course.nuk.edu.tw/QueryCourse/tcontent.asp?OpenYear=109&Helf=1&Sclass=CC&Cono=C651,2026-08-26T18:22:53+00:00
109-1-CC-C681-A-1-A,109,1,共同與通識課程,CC,核心通識,C681,A,大學部,1,A,科技與工程倫理,3,選,61,61,,0,許藝騰,B01-104,"10,11, 12",,,,,,,"[{""day"": 1, ""dayName"": ""星期一"", ""periods"": [""10"", ""11"", ""12""], ""raw"": ""10,11, 12""}]",禁止外加,"修過核心通識-倫理素養向度之「科技倫理」者請勿重覆選修,重覆選修不列入學分計算",https://course.nuk.edu.tw/QueryCourse/tcontent.asp?OpenYear=109&Helf=1&Sclass=CC&Cono=C681,2026-08-26T18:22:53+00:00
109-1-CC-C682-A-1-A,109,1,共同與通識課程,CC,核心通識,C682,A,大學部,1,A,科技與工程倫理,3,選,60,52,,8,洪靖,L02-108,,,,,"9,10, 11",,,"[{""day"": 5, ""dayName"": ""星期五"", ""periods"": [""9"", ""10"", ""11""], ""raw"": ""9,10, 11""}]",禁止外加,"修過核心通識-倫理素養向度之「科技倫理」者請勿重覆選修,重覆選修不列入學分計算",https://course.nuk.edu.tw/QueryCourse/tcontent.asp?OpenYear=109&Helf=1&Sclass=CC&Cono=C682,2026-08-26T18:22:53+00:00
109-1-CC-I111-A-1-A,109,1,共同與通識課程,CC,核心通識,I111,A,大學部,1,A,邏輯思維與論證,3,選,61,60,,1,陳今偉,B01-101,,,"2,3, 4",,,,,"[{""day"": 3, ""dayName"": ""星期三"", ""periods"": [""2"", ""3"", ""4""], ""raw"": ""2,3, 4""}]",禁止外加 外加,,https://course.nuk.edu.tw/QueryCourse/tcontent.asp?OpenYear=109&Helf=1&Sclass=CC&Cono=I111,2026-08-26T18:22:53+00:00
109-1-CC-I112-A-1-A,109,1,共同與通識課程,CC,核心通識,I112,A,大學部,1,A,邏輯思維與論證,3,選,62,62,,0,陳維浩,M01-208,,,,,"5,6, 7",,,"[{""day"": 5, ""dayName"": ""星期五"", ""periods"": [""5"", ""6"", ""7""], ""raw"": ""5,6, 7""}]",禁止外加 外加,,https://course.nuk.edu.tw/QueryCourse/tcontent.asp?OpenYear=109&Helf=1&Sclass=CC&Cono=I112,2026-08-26T18:22:53+00:00
109-1-CC-I121-A-1-A,109,1,共同與通識課程,CC,核心通識,I121,A,大學部,1,A,哲學基本問題,3,選,60,60,,0,陳德興,L02-102,,,,"6,7, 8",,,,"[{""day"": 4, ""dayName"": ""星期四"", ""periods"": [""6"", ""7"", ""8""], ""raw"": ""6,7, 8""}]",禁止外加,,https://course.nuk.edu.tw/QueryCourse/tcontent.asp?OpenYear=109&Helf=1&Sclass=CC&Cono=I121,2026-08-26T18:22:53+00:00
109-1-CC-I122-A-1-A,109,1,共同與通識課程,CC,核心通識,I122,A,大學部,1,A,哲學基本問題,3,選,85,85,,0,陳德興,B01-110,,,,"2,3, 4",,,,"[{""day"": 4, ""dayName"": ""星期四"", ""periods"": [""2"", ""3"", ""4""], ""raw"": ""2,3, 4""}]",禁止外加 外加,,https://course.nuk.edu.tw/QueryCourse/tcontent.asp?OpenYear=109&Helf=1&Sclass=CC&Cono=I122,2026-08-26T18:22:53+00:00
109-1-CC-I123-A-1-A,109,1,共同與通識課程,CC,核心通識,I123,A,大學部,1,A,哲學基本問題,3,選,60,60,,0,陳今偉,B01-107,,,,"2,3, 4",,,,"[{""day"": 4, ""dayName"": ""星期四"", ""periods"": [""2"", ""3"", ""4""], ""raw"": ""2,3, 4""}]",禁止外加,,https://course.nuk.edu.tw/QueryCourse/tcontent.asp?OpenYear=109&Helf=1&Sclass=CC&Cono=I123,2026-08-26T18:22:53+00:00
109-1-CC-I124-A-1-A,109,1,共同與通識課程,CC,核心通識,I124,A,大學部,1,A,哲學基本問題,3,選,61,60,,1,陳維浩,M01-208,,,,,"2,3, 4",,,"[{""day"": 5, ""dayName"": ""星期五"", ""periods"": [""2"", ""3"", ""4""], ""raw"": ""2,3, 4""}]",禁止外加,,https://course.nuk.edu.tw/QueryCourse/tcontent.asp?OpenYear=109&Helf=1&Sclass=CC&Cono=I124,2026-08-26T18:22:53+00:00
109-1-CC-I211-A-1-A,109,1,共同與通識課程,CC,核心通識,I211,A,大學部,1,A,藝術概論,3,選,60,60,,0,林殷齊,B01-104,,,,,"2,3, 4",,,"[{""day"": 5, ""dayName"": ""星期五"", ""periods"": [""2"", ""3"", ""4""], ""raw"": ""2,3, 4""}]",禁止外加,,https://course.nuk.edu.tw/QueryCourse/tcontent.asp?OpenYear=109&Helf=1&Sclass=CC&Cono=I211,2026-08-26T18:22:53+00:00
109-1-CC-I212-A-1-A,109,1,共同與通識課程,CC,核心通識,I212,A,大學部,1,A,藝術概論,3,選,63,63,,0,陳姿菁,L01-103,,,,,"9,10, 11",,,"[{""day"": 5, ""dayName"": ""星期五"", ""periods"": [""9"", ""10"", ""11""], ""raw"": ""9,10, 11""}]",禁止外加 外加,,https://course.nuk.edu.tw/QueryCourse/tcontent.asp?OpenYear=109&Helf=1&Sclass=CC&Cono=I212,2026-08-26T18:22:53+00:00
109-1-CC-I213-A-1-A,109,1,共同與通識課程,CC,核心通識,I213,A,大學部,1,A,藝術概論,3,選,60,59,,1,蔡佩玲,L01-103,,,"5,6, 7",,,,,"[{""day"": 3, ""dayName"": ""星期三"", ""periods"": [""5"", ""6"", ""7""], ""raw"": ""5,6, 7""}]",禁止外加,,https://course.nuk.edu.tw/QueryCourse/tcontent.asp?OpenYear=109&Helf=1&Sclass=CC&Cono=I213,2026-08-26T18:22:53+00:00
109-1-CC-I251-A-1-A,109,1,共同與通識課程,CC,核心通識,I251,A,大學部,1,A,台灣藝術史,3,選,60,60,,0,蔡佩玲,L01-103,,,"2,3, 4",,,,,"[{""day"": 3, ""dayName"": ""星期三"", ""periods"": [""2"", ""3"", ""4""], ""raw"": ""2,3, 4""}]",禁止外加,,https://course.nuk.edu.tw/QueryCourse/tcontent.asp?OpenYear=109&Helf=1&Sclass=CC&Cono=I251,2026-08-26T18:22:53+00:00
109-1-CC-I262-A-1-A,109,1,共同與通識課程,CC,核心通識,I262,A,大學部,1,A,西洋藝術史概論,3,選,61,61,,0,羅文秀,L01-103,"7,8, 9",,,,,,,"[{""day"": 1, ""dayName"": ""星期一"", ""periods"": [""7"", ""8"", ""9""], ""raw"": ""7,8, 9""}]",禁止外加 外加,,https://course.nuk.edu.tw/QueryCourse/tcontent.asp?OpenYear=109&Helf=1&Sclass=CC&Cono=I262,2026-08-26T18:22:53+00:00
109-1-CC-I263-A-1-A,109,1,共同與通識課程,CC,核心通識,I263,A,大學部,1,A,西洋藝術史概論,3,選,60,60,,0,羅文秀,L01-103,,"2,3, 4",,,,,,"[{""day"": 2, ""dayName"": ""星期二"", ""periods"": [""2"", ""3"", ""4""], ""raw"": ""2,3, 4""}]",禁止外加,,https://course.nuk.edu.tw/QueryCourse/tcontent.asp?OpenYear=109&Helf=1&Sclass=CC&Cono=I263,2026-08-26T18:22:53+00:00
109-1-CC-O311-A-1-A,109,1,共同與通識課程,CC,核心通識,O311,A,大學部,1,A,法律與人生,3,選,60,60,,0,陳進郁,L02-204,,,"2,3, 4",,,,,"[{""day"": 3, ""dayName"": ""星期三"", ""periods"": [""2"", ""3"", ""4""], ""raw"": ""2,3, 4""}]",禁止外加 外加,,https://course.nuk.edu.tw/QueryCourse/tcontent.asp?OpenYear=109&Helf=1&Sclass=CC&Cono=O311,2026-08-26T18:22:53+00:00
109-1-CC-O312-A-1-A,109,1,共同與通識課程,CC,核心通識,O312,A,大學部,1,A,法律與人生,3,選,67,67,,0,陳進郁,L02-204,,,"5,6, 7",,,,,"[{""day"": 3, ""dayName"": ""星期三"", ""periods"": [""5"", ""6"", ""7""], ""raw"": ""5,6, 7""}]",禁止外加 外加,,https://course.nuk.edu.tw/QueryCourse/tcontent.asp?OpenYear=109&Helf=1&Sclass=CC&Cono=O312,2026-08-26T18:22:53+00:00
109-1-CC-O313-A-1-A,109,1,共同與通識課程,CC,核心通識,O313,A,大學部,1,A,法律與人生,3,選,60,60,,0,康銘,L02-201,"5,6, 7",,,,,,,"[{""day"": 1, ""dayName"": ""星期一"", ""periods"": [""5"", ""6"", ""7""], ""raw"": ""5,6, 7""}]",禁止外加,康?銘老師,https://course.nuk.edu.tw/QueryCourse/tcontent.asp?OpenYear=109&Helf=1&Sclass=CC&Cono=O313,2026-08-26T18:22:53+00:00
109-1-CC-O361-A-1-A,109,1,共同與通識課程,CC,核心通識,O361,A,大學部,1,A,媒體識讀與公民參與,3,選,64,64,,0,洪聖斐,L02-106,"2,3, 4",,,,,,,"[{""day"": 1, ""dayName"": ""星期一"", ""periods"": [""2"", ""3"", ""4""], ""raw"": ""2,3, 4""}]",禁止外加,,https://course.nuk.edu.tw/QueryCourse/tcontent.asp?OpenYear=109&Helf=1&Sclass=CC&Cono=O361,2026-08-26T18:22:53+00:00
109-1-CC-O362-A-1-A,109,1,共同與通識課程,CC,核心通識,O362,A,大學部,1,A,媒體識讀與公民參與,3,選,64,64,,0,洪聖斐,B01-108,,,,,"2,3, 4",,,"[{""day"": 5, ""dayName"": ""星期五"", ""periods"": [""2"", ""3"", ""4""], ""raw"": ""2,3, 4""}]",禁止外加,,https://course.nuk.edu.tw/QueryCourse/tcontent.asp?OpenYear=109&Helf=1&Sclass=CC&Cono=O362,2026-08-26T18:22:53+00:00
109-1-CC-O363-A-1-A,109,1,共同與通識課程,CC,核心通識,O363,A,大學部,1,A,媒體識讀與公民參與,3,選,60,60,,0,藍美雅,B01-108,,,,"5,6, 7",,,,"[{""day"": 4, ""dayName"": ""星期四"", ""periods"": [""5"", ""6"", ""7""], ""raw"": ""5,6, 7""}]",禁止外加 外加,藍美雅老師,https://course.nuk.edu.tw/QueryCourse/tcontent.asp?OpenYear=109&Helf=1&Sclass=CC&Cono=O363,2026-08-26T18:22:53+00:00
109-1-CC-O411-A-1-A,109,1,共同與通識課程,CC,核心通識,O411,A,大學部,1,A,全球化與多元文化,3,選,61,61,,0,洪聖斐 楊書濠,L02-102,"5,6, 7",,,,,,,"[{""day"": 1, ""dayName"": ""星期一"", ""periods"": [""5"", ""6"", ""7""], ""raw"": ""5,6, 7""}]",禁止外加,本課程包含18小時之線上課程，學生必須加入磨課師平台參與課程教學及討論,https://course.nuk.edu.tw/QueryCourse/tcontent.asp?OpenYear=109&Helf=1&Sclass=CC&Cono=O411,2026-08-26T18:22:53+00:00
109-1-CC-O412-A-1-A,109,1,共同與通識課程,CC,核心通識,O412,A,大學部,1,A,全球化與多元文化,3,選,60,60,,0,陳俊昇,L02-106,,,,"5,6, 7",,,,"[{""day"": 4, ""dayName"": ""星期四"", ""periods"": [""5"", ""6"", ""7""], ""raw"": ""5,6, 7""}]",禁止外加,,https://course.nuk.edu.tw/QueryCourse/tcontent.asp?OpenYear=109&Helf=1&Sclass=CC&Cono=O412,2026-08-26T18:22:53+00:00
109-1-CC-O413-A-1-A,109,1,共同與通識課程,CC,核心通識,O413,A,大學部,1,A,全球化與多元文化,3,選,60,60,,0,劉子昱,B01-109,,,,"5,6, 7",,,,"[{""day"": 4, ""dayName"": ""星期四"", ""periods"": [""5"", ""6"", ""7""], ""raw"": ""5,6, 7""}]",禁止外加,,https://course.nuk.edu.tw/QueryCourse/tcontent.asp?OpenYear=109&Helf=1&Sclass=CC&Cono=O413,2026-08-26T18:22:53+00:00
109-1-CC-O414-A-1-A,109,1,共同與通識課程,CC,核心通識,O414,A,大學部,1,A,全球化與多元文化,3,選,64,64,,0,劉子昱,B01-109,,,,"9,10, 11",,,,"[{""day"": 4, ""dayName"": ""星期四"", ""periods"": [""9"", ""10"", ""11""], ""raw"": ""9,10, 11""}]",禁止外加 外加,,https://course.nuk.edu.tw/QueryCourse/tcontent.asp?OpenYear=109&Helf=1&Sclass=CC&Cono=O414,2026-08-26T18:22:53+00:00
109-1-CC-O421-A-1-A,109,1,共同與通識課程,CC,核心通識,O421,A,大學部,1,A,探索台灣-政經篇,3,選,61,61,,0,陳俊昇,L02-103,,,,,"2,3, 4",,,"[{""day"": 5, ""dayName"": ""星期五"", ""periods"": [""2"", ""3"", ""4""], ""raw"": ""2,3, 4""}]",禁止外加,,https://course.nuk.edu.tw/QueryCourse/tcontent.asp?OpenYear=109&Helf=1&Sclass=CC&Cono=O421,2026-08-26T18:22:53+00:00
109-1-CC-O423-A-1-A,109,1,共同與通識課程,CC,核心通識,O423,A,大學部,1,A,探索台灣－歷史篇,3,選,61,60,,1,楊書濠,L02-107,"2,3, 4",,,,,,,"[{""day"": 1, ""dayName"": ""星期一"", ""periods"": [""2"", ""3"", ""4""], ""raw"": ""2,3, 4""}]",禁止外加,,https://course.nuk.edu.tw/QueryCourse/tcontent.asp?OpenYear=109&Helf=1&Sclass=CC&Cono=O423,2026-08-26T18:22:53+00:00
109-1-CC-O424-A-1-A,109,1,共同與通識課程,CC,核心通識,O424,A,大學部,1,A,探索台灣－歷史篇,3,選,60,60,,0,楊書濠,L02-102,"10,11, 12",,,,,,,"[{""day"": 1, ""dayName"": ""星期一"", ""periods"": [""10"", ""11"", ""12""], ""raw"": ""10,11, 12""}]",禁止外加,,https://course.nuk.edu.tw/QueryCourse/tcontent.asp?OpenYear=109&Helf=1&Sclass=CC&Cono=O424,2026-08-26T18:22:53+00:00
109-1-CD-A063-A-1-A,109,1,共同與通識課程,CD,全民國防教育類,A063,A,大學部,1,A,全民國防教育軍事訓練課程-全民國防,0,選,70,69,,1,賴祥慶,L01-101,,"3,4",,,,,,"[{""day"": 2, ""dayName"": ""星期二"", ""periods"": [""3"", ""4""], ""raw"": ""3,4""}]",外加,限本國籍學生,https://course.nuk.edu.tw/QueryCourse/tcontent.asp?OpenYear=109&Helf=1&Sclass=CD&Cono=A063,2026-08-26T18:22:53+00:00
109-1-CD-A064-A-1-A,109,1,共同與通識課程,CD,全民國防教育類,A064,A,大學部,1,A,全民國防教育軍事訓練課程-全民國防,0,選,65,64,,1,賴祥慶,L01-101,,"5,6",,,,,,"[{""day"": 2, ""dayName"": ""星期二"", ""periods"": [""5"", ""6""], ""raw"": ""5,6""}]",外加,限本國籍學生,https://course.nuk.edu.tw/QueryCourse/tcontent.asp?OpenYear=109&Helf=1&Sclass=CD&Cono=A064,2026-08-26T18:22:53+00:00
109-1-GR-1103-A-1-A,109,1,共同與通識課程,GR,共同必修系列,1103,A,大學部,1,A,中文(上),2,必,60,59,,1,賴素玫,M01-104,"5,6",,,,,,,"[{""day"": 1, ""dayName"": ""星期一"", ""periods"": [""5"", ""6""], ""raw"": ""5,6""}]",禁止外加,,https://course.nuk.edu.tw/QueryCourse/tcontent.asp?OpenYear=109&Helf=1&Sclass=GR&Cono=1103,2026-08-26T18:22:53+00:00
109-1-GR-1203-A-1-A,109,1,共同與通識課程,GR,共同必修系列,1203,A,大學部,1,A,中文(上),2,必,60,60,,0,賴素玫,M01-104,"7,8",,,,,,,"[{""day"": 1, ""dayName"": ""星期一"", ""periods"": [""7"", ""8""], ""raw"": ""7,8""}]",禁止外加,,https://course.nuk.edu.tw/QueryCourse/tcontent.asp?OpenYear=109&Helf=1&Sclass=GR&Cono=1203,2026-08-26T18:22:53+00:00
109-1-GR-1503-A-1-A,109,1,共同與通識課程,GR,共同必修系列,1503,A,大學部,1,A,中文(上),2,必,60,58,,2,賴素玫,L02-102,,,"5,6",,,,,"[{""day"": 3, ""dayName"": ""星期三"", ""periods"": [""5"", ""6""], ""raw"": ""5,6""}]",禁止外加,,https://course.nuk.edu.tw/QueryCourse/tcontent.asp?OpenYear=109&Helf=1&Sclass=GR&Cono=1503,2026-08-26T18:22:53+00:00
109-1-GR-1703-A-1-A,109,1,共同與通識課程,GR,共同必修系列,1703,A,大學部,1,A,中文(上),2,必,60,56,,4,賴素玫,L02-102,,,"7,8",,,,,"[{""day"": 3, ""dayName"": ""星期三"", ""periods"": [""7"", ""8""], ""raw"": ""7,8""}]",禁止外加,,https://course.nuk.edu.tw/QueryCourse/tcontent.asp?OpenYear=109&Helf=1&Sclass=GR&Cono=1703,2026-08-26T18:22:53+00:00
109-1-GR-2103-A-1-A,109,1,共同與通識課程,GR,共同必修系列,2103,A,大學部,1,A,中文(上),2,必,60,59,,1,林于盛,B01-106,,,"5,6",,,,,"[{""day"": 3, ""dayName"": ""星期三"", ""periods"": [""5"", ""6""], ""raw"": ""5,6""}]",禁止外加,,https://course.nuk.edu.tw/QueryCourse/tcontent.asp?OpenYear=109&Helf=1&Sclass=GR&Cono=2103,2026-08-26T18:22:53+00:00
109-1-GR-2203-A-1-A,109,1,共同與通識課程,GR,共同必修系列,2203,A,大學部,1,A,中文(上),2,必,60,60,,0,陳猷青,B01-106,,,,,"7,8",,,"[{""day"": 5, ""dayName"": ""星期五"", ""periods"": [""7"", ""8""], ""raw"": ""7,8""}]",禁止外加,,https://course.nuk.edu.tw/QueryCourse/tcontent.asp?OpenYear=109&Helf=1&Sclass=GR&Cono=2203,2026-08-26T18:22:53+00:00
109-1-GR-2303-A-1-A,109,1,共同與通識課程,GR,共同必修系列,2303,A,大學部,1,A,中文(上),2,必,60,47,,13,白崢勇,B01-108,,,"3,4",,,,,"[{""day"": 3, ""dayName"": ""星期三"", ""periods"": [""3"", ""4""], ""raw"": ""3,4""}]",禁止外加,,https://course.nuk.edu.tw/QueryCourse/tcontent.asp?OpenYear=109&Helf=1&Sclass=GR&Cono=2303,2026-08-26T18:22:53+00:00
109-1-GR-3203-A-1-A,109,1,共同與通識課程,GR,共同必修系列,3203,A,大學部,1,A,中文(上),2,必,60,60,,0,白崢勇,B01-108,,,"5,6",,,,,"[{""day"": 3, ""dayName"": ""星期三"", ""periods"": [""5"", ""6""], ""raw"": ""5,6""}]",禁止外加,,https://course.nuk.edu.tw/QueryCourse/tcontent.asp?OpenYear=109&Helf=1&Sclass=GR&Cono=3203,2026-08-26T18:22:53+00:00
109-1-GR-3303-A-1-A,109,1,共同與通識課程,GR,共同必修系列,3303,A,大學部,1,A,中文(上),2,必,60,60,,0,蔡文彥,B01-105,,,"5,6",,,,,"[{""day"": 3, ""dayName"": ""星期三"", ""periods"": [""5"", ""6""], ""raw"": ""5,6""}]",禁止外加,,https://course.nuk.edu.tw/QueryCourse/tcontent.asp?OpenYear=109&Helf=1&Sclass=GR&Cono=3303,2026-08-26T18:22:53+00:00
109-1-GR-4103-A-1-A,109,1,共同與通識課程,GR,共同必修系列,4103,A,大學部,1,A,中文(上),2,必,60,55,,5,許正平,M01-204,,,"5,6",,,,,"[{""day"": 3, ""dayName"": ""星期三"", ""periods"": [""5"", ""6""], ""raw"": ""5,6""}]",禁止外加,,https://course.nuk.edu.tw/QueryCourse/tcontent.asp?OpenYear=109&Helf=1&Sclass=GR&Cono=4103,2026-08-26T18:22:53+00:00
109-1-GR-4203-A-1-A,109,1,共同與通識課程,GR,共同必修系列,4203,A,大學部,1,A,中文(上),2,必,60,40,,20,許正平,M01-204,,,"7,8",,,,,"[{""day"": 3, ""dayName"": ""星期三"", ""periods"": [""7"", ""8""], ""raw"": ""7,8""}]",禁止外加,,https://course.nuk.edu.tw/QueryCourse/tcontent.asp?OpenYear=109&Helf=1&Sclass=GR&Cono=4203,2026-08-26T18:22:53+00:00
109-1-GR-4303-A-1-A,109,1,共同與通識課程,GR,共同必修系列,4303,A,大學部,1,A,中文(上),2,必,60,59,,1,黃淑瑮,B01-107,,,"7,8",,,,,"[{""day"": 3, ""dayName"": ""星期三"", ""periods"": [""7"", ""8""], ""raw"": ""7,8""}]",禁止外加,,https://course.nuk.edu.tw/QueryCourse/tcontent.asp?OpenYear=109&Helf=1&Sclass=GR&Cono=4303,2026-08-26T18:22:53+00:00
109-1-GR-5103-A-1-A,109,1,共同與通識課程,GR,共同必修系列,5103,A,大學部,1,A,中文(上),2,必,60,60,,0,郭國泰,B01-107,,,,"5,6",,,,"[{""day"": 4, ""dayName"": ""星期四"", ""periods"": [""5"", ""6""], ""raw"": ""5,6""}]",禁止外加,,https://course.nuk.edu.tw/QueryCourse/tcontent.asp?OpenYear=109&Helf=1&Sclass=GR&Cono=5103,2026-08-26T18:22:53+00:00
109-1-GR-5303-A-1-A,109,1,共同與通識課程,GR,共同必修系列,5303,A,大學部,1,A,中文(上),2,必,60,59,,1,高美芸,L01-101,,,,"5,6",,,,"[{""day"": 4, ""dayName"": ""星期四"", ""periods"": [""5"", ""6""], ""raw"": ""5,6""}]",禁止外加,,https://course.nuk.edu.tw/QueryCourse/tcontent.asp?OpenYear=109&Helf=1&Sclass=GR&Cono=5303,2026-08-26T18:22:53+00:00
109-1-GR-5403-A-1-A,109,1,共同與通識課程,GR,共同必修系列,5403,A,大學部,1,A,中文(上),2,必,60,60,,0,郭國泰,B01-107,,,,"7,8",,,,"[{""day"": 4, ""dayName"": ""星期四"", ""periods"": [""7"", ""8""], ""raw"": ""7,8""}]",禁止外加,,https://course.nuk.edu.tw/QueryCourse/tcontent.asp?OpenYear=109&Helf=1&Sclass=GR&Cono=5403,2026-08-26T18:22:53+00:00
109-1-GR-5503-A-1-A,109,1,共同與通識課程,GR,共同必修系列,5503,A,大學部,1,A,中文(上),2,必,60,54,,6,蔡文彥,B01-106,,,,,"1,2",,,"[{""day"": 5, ""dayName"": ""星期五"", ""periods"": [""1"", ""2""], ""raw"": ""1,2""}]",禁止外加,,https://course.nuk.edu.tw/QueryCourse/tcontent.asp?OpenYear=109&Helf=1&Sclass=GR&Cono=5503,2026-08-26T18:22:53+00:00
109-1-GR-5603-A-1-A,109,1,共同與通識課程,GR,共同必修系列,5603,A,大學部,1,A,中文(上),2,必,60,60,,0,陳猷青,B01-106,,,,,"3,4",,,"[{""day"": 5, ""dayName"": ""星期五"", ""periods"": [""3"", ""4""], ""raw"": ""3,4""}]",禁止外加,,https://course.nuk.edu.tw/QueryCourse/tcontent.asp?OpenYear=109&Helf=1&Sclass=GR&Cono=5603,2026-08-26T18:22:53+00:00
109-1-GR-5703-A-1-A,109,1,共同與通識課程,GR,共同必修系列,5703,A,大學部,1,A,中文(上),2,必,60,58,,2,趙翊彤,B01-107,,,,,"5,6",,,"[{""day"": 5, ""dayName"": ""星期五"", ""periods"": [""5"", ""6""], ""raw"": ""5,6""}]",禁止外加,,https://course.nuk.edu.tw/QueryCourse/tcontent.asp?OpenYear=109&Helf=1&Sclass=GR&Cono=5703,2026-08-26T18:22:53+00:00
109-1-GR-5803-A-1-A,109,1,共同與通識課程,GR,共同必修系列,5803,A,大學部,1,A,中文(上),2,必,60,60,,0,趙翊彤,B01-107,,,,,"7,8",,,"[{""day"": 5, ""dayName"": ""星期五"", ""periods"": [""7"", ""8""], ""raw"": ""7,8""}]",禁止外加,,https://course.nuk.edu.tw/QueryCourse/tcontent.asp?OpenYear=109&Helf=1&Sclass=GR&Cono=5803,2026-08-26T18:22:53+00:00
109-1-GR-6003-A-1-A,109,1,共同與通識課程,GR,共同必修系列,6003,A,大學部,1,A,中文(上),2,必,60,60,,0,喻緒琪,B01-108,"9,10",,,,,,,"[{""day"": 1, ""dayName"": ""星期一"", ""periods"": [""9"", ""10""], ""raw"": ""9,10""}]",禁止外加,,https://course.nuk.edu.tw/QueryCourse/tcontent.asp?OpenYear=109&Helf=1&Sclass=GR&Cono=6003,2026-08-26T18:22:53+00:00
109-1-GR-6103-A-1-A,109,1,共同與通識課程,GR,共同必修系列,6103,A,大學部,1,A,中文(上),2,必,60,60,,0,喻緒琪,B01-108,"11,12",,,,,,,"[{""day"": 1, ""dayName"": ""星期一"", ""periods"": [""11"", ""12""], ""raw"": ""11,12""}]",禁止外加,,https://course.nuk.edu.tw/QueryCourse/tcontent.asp?OpenYear=109&Helf=1&Sclass=GR&Cono=6103,2026-08-26T18:22:53+00:00
109-1-GR-8103-A-1-A,109,1,共同與通識課程,GR,共同必修系列,8103,A,大學部,1,A,中文(上)-外僑組,2,必,60,33,,27,黃文娟,L02-108,"7,8",,,,,,,"[{""day"": 1, ""dayName"": ""星期一"", ""periods"": [""7"", ""8""], ""raw"": ""7,8""}]",,,https://course.nuk.edu.tw/QueryCourse/tcontent.asp?OpenYear=109&Helf=1&Sclass=GR&Cono=8103,2026-08-26T18:22:53+00:00
109-1-GR-A0A1-A-1-A,109,1,共同與通識課程,GR,共同必修系列,A0A1,A,大學部,1,A,英語會話與閱讀(上)：高階班,2,必,55,55,,0,王嵩嵐,H1--101,"5,6",,,,,,,"[{""day"": 1, ""dayName"": ""星期一"", ""periods"": [""5"", ""6""], ""raw"": ""5,6""}]",禁止外加 限修,"1.依學生英文能力分級,本學期起不再匯入系統 2.請同學於選課期間內依分級自行上網選課",https://course.nuk.edu.tw/QueryCourse/tcontent.asp?OpenYear=109&Helf=1&Sclass=GR&Cono=A0A1,2026-08-26T18:22:53+00:00
109-1-GR-A0A2-A-1-A,109,1,共同與通識課程,GR,共同必修系列,A0A2,A,大學部,1,A,英語會話與閱讀(上)：高階班,2,必,55,55,,0,陳麗青,H1--101,,,"5,6",,,,,"[{""day"": 3, ""dayName"": ""星期三"", ""periods"": [""5"", ""6""], ""raw"": ""5,6""}]",禁止外加 限修,"1.依學生英文能力分級,本學期起不再匯入系統 2.請同學於選課期間內依分級自行上網選課",https://course.nuk.edu.tw/QueryCourse/tcontent.asp?OpenYear=109&Helf=1&Sclass=GR&Cono=A0A2,2026-08-26T18:22:53+00:00
109-1-GR-A0A3-A-1-A,109,1,共同與通識課程,GR,共同必修系列,A0A3,A,大學部,1,A,英語會話與閱讀(上)：高階班,2,必,55,28,,27,顏正裕,B01-101,"5,6",,,,,,,"[{""day"": 1, ""dayName"": ""星期一"", ""periods"": [""5"", ""6""], ""raw"": ""5,6""}]",禁止外加 限修,"1.依學生英文能力分級,本學期起不再匯入系統 2.請同學於選課期間內依分級自行上網選課",https://course.nuk.edu.tw/QueryCourse/tcontent.asp?OpenYear=109&Helf=1&Sclass=GR&Cono=A0A3,2026-08-26T18:22:53+00:00
109-1-GR-A0A5-A-1-A,109,1,共同與通識課程,GR,共同必修系列,A0A5,A,大學部,1,A,英語會話與閱讀(上)：高階班,2,必,55,55,,0,歐素雯,B01-109,,,"5,6",,,,,"[{""day"": 3, ""dayName"": ""星期三"", ""periods"": [""5"", ""6""], ""raw"": ""5,6""}]",禁止外加 限修,"1.依學生英文能力分級,本學期起不再匯入系統 2.請同學於選課期間內依分級自行上網選課",https://course.nuk.edu.tw/QueryCourse/tcontent.asp?OpenYear=109&Helf=1&Sclass=GR&Cono=A0A5,2026-08-26T18:22:53+00:00
109-1-GR-A0A6-A-1-A,109,1,共同與通識課程,GR,共同必修系列,A0A6,A,大學部,1,A,英語會話與閱讀(上)：高階班,2,必,55,51,,4,王靜嫻,B01-107,"7,8",,,,,,,"[{""day"": 1, ""dayName"": ""星期一"", ""periods"": [""7"", ""8""], ""raw"": ""7,8""}]",禁止外加 限修,"1.依學生英文能力分級,本學期起不再匯入系統 2.請同學於選課期間內依分級自行上網選課",https://course.nuk.edu.tw/QueryCourse/tcontent.asp?OpenYear=109&Helf=1&Sclass=GR&Cono=A0A6,2026-08-26T18:22:53+00:00
109-1-GR-A0B1-A-1-A,109,1,共同與通識課程,GR,共同必修系列,A0B1,A,大學部,1,A,英語會話與閱讀(上)：中階班,2,必,55,48,,7,蔡奎如,M01-208,"5,6",,,,,,,"[{""day"": 1, ""dayName"": ""星期一"", ""periods"": [""5"", ""6""], ""raw"": ""5,6""}]",禁止外加 限修,"1.依學生英文能力分級,本學期起不再匯入系統 2.請同學於選課期間內依分級自行上網選課",https://course.nuk.edu.tw/QueryCourse/tcontent.asp?OpenYear=109&Helf=1&Sclass=GR&Cono=A0B1,2026-08-26T18:22:53+00:00
109-1-GR-A0B2-A-1-A,109,1,共同與通識課程,GR,共同必修系列,A0B2,A,大學部,1,A,英語會話與閱讀(上)：中階班,2,必,55,47,,8,蔡奎如,M01-208,"7,8",,,,,,,"[{""day"": 1, ""dayName"": ""星期一"", ""periods"": [""7"", ""8""], ""raw"": ""7,8""}]",禁止外加 限修,"1.依學生英文能力分級,本學期起不再匯入系統 2.請同學於選課期間內依分級自行上網選課",https://course.nuk.edu.tw/QueryCourse/tcontent.asp?OpenYear=109&Helf=1&Sclass=GR&Cono=A0B2,2026-08-26T18:22:53+00:00
109-1-GR-A0B3-A-1-A,109,1,共同與通識課程,GR,共同必修系列,A0B3,A,大學部,1,A,英語會話與閱讀(上)：中階班,2,必,55,45,,10,蔡奎如,M01-103,,,"5,6",,,,,"[{""day"": 3, ""dayName"": ""星期三"", ""periods"": [""5"", ""6""], ""raw"": ""5,6""}]",禁止外加 限修,"1.依學生英文能力分級,本學期起不再匯入系統 2.請同學於選課期間內依分級自行上網選課",https://course.nuk.edu.tw/QueryCourse/tcontent.asp?OpenYear=109&Helf=1&Sclass=GR&Cono=A0B3,2026-08-26T18:22:53+00:00
109-1-GR-A0B4-A-1-A,109,1,共同與通識課程,GR,共同必修系列,A0B4,A,大學部,1,A,英語會話與閱讀(上)：中階班,2,必,55,34,,21,蔡奎如,M01-103,,,"7,8",,,,,"[{""day"": 3, ""dayName"": ""星期三"", ""periods"": [""7"", ""8""], ""raw"": ""7,8""}]",禁止外加 限修,"1.依學生英文能力分級,本學期起不再匯入系統 2.請同學於選課期間內依分級自行上網選課",https://course.nuk.edu.tw/QueryCourse/tcontent.asp?OpenYear=109&Helf=1&Sclass=GR&Cono=A0B4,2026-08-26T18:22:53+00:00
109-1-GR-A0B5-A-1-A,109,1,共同與通識課程,GR,共同必修系列,A0B5,A,大學部,1,A,英語會話與閱讀(上)：中階班,2,必,55,55,,0,許建華,B01-104,"5,6",,,,,,,"[{""day"": 1, ""dayName"": ""星期一"", ""periods"": [""5"", ""6""], ""raw"": ""5,6""}]",禁止外加 限修,"1.依學生英文能力分級,本學期起不再匯入系統 2.請同學於選課期間內依分級自行上網選課",https://course.nuk.edu.tw/QueryCourse/tcontent.asp?OpenYear=109&Helf=1&Sclass=GR&Cono=A0B5,2026-08-26T18:22:53+00:00
109-1-GR-A0B6-A-1-A,109,1,共同與通識課程,GR,共同必修系列,A0B6,A,大學部,1,A,英語會話與閱讀(上)：中階班,2,必,55,55,,0,許建華,M01-206,,,"5,6",,,,,"[{""day"": 3, ""dayName"": ""星期三"", ""periods"": [""5"", ""6""], ""raw"": ""5,6""}]",禁止外加 限修,"1.依學生英文能力分級,本學期起不再匯入系統 2.請同學於選課期間內依分級自行上網選課",https://course.nuk.edu.tw/QueryCourse/tcontent.asp?OpenYear=109&Helf=1&Sclass=GR&Cono=A0B6,2026-08-26T18:22:53+00:00
109-1-GR-A0B7-A-1-A,109,1,共同與通識課程,GR,共同必修系列,A0B7,A,大學部,1,A,英語會話與閱讀(上)：中階班,2,必,55,55,,0,陳信智,B01-110,,,"5,6",,,,,"[{""day"": 3, ""dayName"": ""星期三"", ""periods"": [""5"", ""6""], ""raw"": ""5,6""}]",禁止外加 限修,"1.依學生英文能力分級,本學期起不再匯入系統 2.請同學於選課期間內依分級自行上網選課",https://course.nuk.edu.tw/QueryCourse/tcontent.asp?OpenYear=109&Helf=1&Sclass=GR&Cono=A0B7,2026-08-26T18:22:53+00:00
109-1-GR-A0B8-A-1-A,109,1,共同與通識課程,GR,共同必修系列,A0B8,A,大學部,1,A,英語會話與閱讀(上)：中階班,2,必,55,55,,0,陳信智,B01-110,,,"7,8",,,,,"[{""day"": 3, ""dayName"": ""星期三"", ""periods"": [""7"", ""8""], ""raw"": ""7,8""}]",禁止外加 限修,"1.依學生英文能力分級,本學期起不再匯入系統 2.請同學於選課期間內依分級自行上網選課",https://course.nuk.edu.tw/QueryCourse/tcontent.asp?OpenYear=109&Helf=1&Sclass=GR&Cono=A0B8,2026-08-26T18:22:53+00:00
109-1-GR-A113-A-1-A,109,1,共同與通識課程,GR,共同必修系列,A113,A,大學部,1,A,服務學習培養(西洋語文學系A),0,必,21,16,,5,賴祥慶,,X,,,,,,,"[{""day"": 1, ""dayName"": ""星期一"", ""periods"": [""X""], ""raw"": ""X""}]",外加,請於開學一週內上班時間0900~1630時至該服務單位報到即可‧,https://course.nuk.edu.tw/QueryCourse/tcontent.asp?OpenYear=109&Helf=1&Sclass=GR&Cono=A113,2026-08-26T18:22:53+00:00
109-1-GR-A123-A-1-A,109,1,共同與通識課程,GR,共同必修系列,A123,A,大學部,1,A,服務學習培養(運動健康與休閒學系A),0,必,20,20,,0,賴祥慶,,X,,,,,,,"[{""day"": 1, ""dayName"": ""星期一"", ""periods"": [""X""], ""raw"": ""X""}]",限修,限運動健康與休閒學系學生並請於開學一週內上班時間0900~1630時至該服務單位報到即可‧,https://course.nuk.edu.tw/QueryCourse/tcontent.asp?OpenYear=109&Helf=1&Sclass=GR&Cono=A123,2026-08-26T18:22:53+00:00
109-1-GR-A13A-A-1-A,109,1,共同與通識課程,GR,共同必修系列,A13A,A,大學部,1,A,體育(一)-藝創系,0,必,55,54,,1,王士仁,,,,"3,4",,,,,"[{""day"": 3, ""dayName"": ""星期三"", ""periods"": [""3"", ""4""], ""raw"": ""3,4""}]",禁止外加 限修,桌球場/大三、四重補修請於第三階段至通識中心加選。,https://course.nuk.edu.tw/QueryCourse/tcontent.asp?OpenYear=109&Helf=1&Sclass=GR&Cono=A13A,2026-08-26T18:22:53+00:00
109-1-GR-A14A-A-1-A,109,1,共同與通識課程,GR,共同必修系列,A14A,A,大學部,1,A,體育(一)-建築系,0,必,50,45,,5,宋洪經,,,,,,"3,4",,,"[{""day"": 5, ""dayName"": ""星期五"", ""periods"": [""3"", ""4""], ""raw"": ""3,4""}]",禁止外加 限修,木球場/大三、四重補修請於第三階段至通識中心加選。,https://course.nuk.edu.tw/QueryCourse/tcontent.asp?OpenYear=109&Helf=1&Sclass=GR&Cono=A14A,2026-08-26T18:22:53+00:00
109-1-GR-A165-A-1-A,109,1,共同與通識課程,GR,共同必修系列,A165,A,大學部,1,A,服務學習培養(工藝與創意設計學系A),0,必,20,20,,0,賴祥慶,,X,,,,,,,"[{""day"": 1, ""dayName"": ""星期一"", ""periods"": [""X""], ""raw"": ""X""}]",,請於開學一週內上班時間0900~1630時至該服務單位報到即可,https://course.nuk.edu.tw/QueryCourse/tcontent.asp?OpenYear=109&Helf=1&Sclass=GR&Cono=A165,2026-08-26T18:22:53+00:00
109-1-GR-A16A-A-1-A,109,1,共同與通識課程,GR,共同必修系列,A16A,A,大學部,1,A,服務學習培養(建築學系A),0,必,20,20,,0,賴祥慶,,X,,,,,,,"[{""day"": 1, ""dayName"": ""星期一"", ""periods"": [""X""], ""raw"": ""X""}]",限修,限建築學系與創建系建築組學生並請於開學一週內上班時間0900~1630時至該服務單位報到即可,https://course.nuk.edu.tw/QueryCourse/tcontent.asp?OpenYear=109&Helf=1&Sclass=GR&Cono=A16A,2026-08-26T18:22:53+00:00
109-1-GR-A173-A-1-A,109,1,共同與通識課程,GR,共同必修系列,A173,A,大學部,1,A,服務學習培養(東亞語文學系A),0,必,21,21,,0,賴祥慶,,X,,,,,,,"[{""day"": 1, ""dayName"": ""星期一"", ""periods"": [""X""], ""raw"": ""X""}]",,請於開學一週內上班時間0900~1630時至該服務單位報到即可,https://course.nuk.edu.tw/QueryCourse/tcontent.asp?OpenYear=109&Helf=1&Sclass=GR&Cono=A173,2026-08-26T18:22:53+00:00
109-1-GR-A183-A-1-A,109,1,共同與通識課程,GR,共同必修系列,A183,A,大學部,1,A,服務學習培養(運動競技學系A),0,必,20,18,,2,賴祥慶,,X,,,,,,,"[{""day"": 1, ""dayName"": ""星期一"", ""periods"": [""X""], ""raw"": ""X""}]",,請於開學一週內上班時間0900~1630時至該服務單位報到即可,https://course.nuk.edu.tw/QueryCourse/tcontent.asp?OpenYear=109&Helf=1&Sclass=GR&Cono=A183,2026-08-26T18:22:53+00:00
109-1-GR-A1C1-A-1-A,109,1,共同與通識課程,GR,共同必修系列,A1C1,A,大學部,1,A,英語會話與閱讀(上)：初階班,2,必,55,55,,0,楊淑華,B01-106,"5,6",,,,,,,"[{""day"": 1, ""dayName"": ""星期一"", ""periods"": [""5"", ""6""], ""raw"": ""5,6""}]",禁止外加 限修,"1.依學生英文能力分級,本學期起不再匯入系統 2.請同學於選課期間內依分級自行上網選課",https://course.nuk.edu.tw/QueryCourse/tcontent.asp?OpenYear=109&Helf=1&Sclass=GR&Cono=A1C1,2026-08-26T18:22:53+00:00
109-1-GR-A1C2-A-1-A,109,1,共同與通識課程,GR,共同必修系列,A1C2,A,大學部,1,A,英語會話與閱讀(上)：初階班,2,必,55,55,,0,楊淑華,B01-106,"7,8",,,,,,,"[{""day"": 1, ""dayName"": ""星期一"", ""periods"": [""7"", ""8""], ""raw"": ""7,8""}]",禁止外加 限修,"1.依學生英文能力分級,本學期起不再匯入系統 2.請同學於選課期間內依分級自行上網選課",https://course.nuk.edu.tw/QueryCourse/tcontent.asp?OpenYear=109&Helf=1&Sclass=GR&Cono=A1C2,2026-08-26T18:22:53+00:00
109-1-GR-A1C3-A-1-A,109,1,共同與通識課程,GR,共同必修系列,A1C3,A,大學部,1,A,英語會話與閱讀(上)：初階班,2,必,55,55,,0,唐淑芳,B01-104,,,"5,6",,,,,"[{""day"": 3, ""dayName"": ""星期三"", ""periods"": [""5"", ""6""], ""raw"": ""5,6""}]",禁止外加 限修,"1.依學生英文能力分級,本學期起不再匯入系統 2.請同學於選課期間內依分級自行上網選課",https://course.nuk.edu.tw/QueryCourse/tcontent.asp?OpenYear=109&Helf=1&Sclass=GR&Cono=A1C3,2026-08-26T18:22:53+00:00
109-1-GR-A1C4-A-1-A,109,1,共同與通識課程,GR,共同必修系列,A1C4,A,大學部,1,A,英語會話與閱讀(上)：初階班,2,必,55,55,,0,唐淑芳,B01-104,,,"7,8",,,,,"[{""day"": 3, ""dayName"": ""星期三"", ""periods"": [""7"", ""8""], ""raw"": ""7,8""}]",禁止外加 限修,"1.依學生英文能力分級,本學期起不再匯入系統 2.請同學於選課期間內依分級自行上網選課",https://course.nuk.edu.tw/QueryCourse/tcontent.asp?OpenYear=109&Helf=1&Sclass=GR&Cono=A1C4,2026-08-26T18:22:53+00:00
109-1-GR-A1C5-A-1-A,109,1,共同與通識課程,GR,共同必修系列,A1C5,A,大學部,1,A,英語會話與閱讀(上)：初階班,2,必,55,35,,20,翁嵐瑜,B01-103,,,"7,8",,,,,"[{""day"": 3, ""dayName"": ""星期三"", ""periods"": [""7"", ""8""], ""raw"": ""7,8""}]",禁止外加 限修,"1.依學生英文能力分級,本學期起不再匯入系統 2.請同學於選課期間內依分級自行上網選課",https://course.nuk.edu.tw/QueryCourse/tcontent.asp?OpenYear=109&Helf=1&Sclass=GR&Cono=A1C5,2026-08-26T18:22:53+00:00
109-1-GR-A1C6-A-1-A,109,1,共同與通識課程,GR,共同必修系列,A1C6,A,大學部,1,A,英語會話與閱讀(上)：初階班,2,必,55,55,,0,曾雅惠,B01-108,"7,8",,,,,,,"[{""day"": 1, ""dayName"": ""星期一"", ""periods"": [""7"", ""8""], ""raw"": ""7,8""}]",禁止外加 限修,"1.依學生英文能力分級,本學期起不再匯入系統 2.請同學於選課期間內依分級自行上網選課",https://course.nuk.edu.tw/QueryCourse/tcontent.asp?OpenYear=109&Helf=1&Sclass=GR&Cono=A1C6,2026-08-26T18:22:53+00:00
109-1-GR-A1C7-A-1-A,109,1,共同與通識課程,GR,共同必修系列,A1C7,A,大學部,1,A,英語會話與閱讀(上)：初階班,2,必,55,10,,45,曾雅惠,B01-108,"5,6",,,,,,,"[{""day"": 1, ""dayName"": ""星期一"", ""periods"": [""5"", ""6""], ""raw"": ""5,6""}]",禁止外加 限修,"限土環系原住民班選修 1.依學生英文能力分級,本學期起不再匯入系統 2.請同學於選課期間內依分級自行上網選課",https://course.nuk.edu.tw/QueryCourse/tcontent.asp?OpenYear=109&Helf=1&Sclass=GR&Cono=A1C7,2026-08-26T18:22:53+00:00
109-1-GR-A1C8-A-1-A,109,1,共同與通識課程,GR,共同必修系列,A1C8,A,大學部,1,A,英語會話與閱讀(上)：初階班,2,必,55,48,,7,邱玉萍,B01-108,,,"9,10",,,,,"[{""day"": 3, ""dayName"": ""星期三"", ""periods"": [""9"", ""10""], ""raw"": ""9,10""}]",禁止外加 限修,"限運技系選修1.依學生英文能力分級,本學期起不再匯入系統 2.請同學於選課期間內依分級自行上網選課",https://course.nuk.edu.tw/QueryCourse/tcontent.asp?OpenYear=109&Helf=1&Sclass=GR&Cono=A1C8,2026-08-26T18:22:53+00:00
109-1-GR-A213-A-1-A,109,1,共同與通識課程,GR,共同必修系列,A213,A,大學部,1,A,服務學習培養(法律學系A),0,必,20,20,,0,賴祥慶,,X,,,,,,,"[{""day"": 1, ""dayName"": ""星期一"", ""periods"": [""X""], ""raw"": ""X""}]",,請於開學一週內上班時間0900~1630時至該服務單位報到即可,https://course.nuk.edu.tw/QueryCourse/tcontent.asp?OpenYear=109&Helf=1&Sclass=GR&Cono=A213,2026-08-26T18:22:53+00:00
109-1-GR-A223-A-1-A,109,1,共同與通識課程,GR,共同必修系列,A223,A,大學部,1,A,服務學習培養(政治法律學系A),0,必,20,20,,0,賴祥慶,,X,,,,,,,"[{""day"": 1, ""dayName"": ""星期一"", ""periods"": [""X""], ""raw"": ""X""}]",,請於開學一週內上班時間0900~1630時至該服務單位報到即可,https://course.nuk.edu.tw/QueryCourse/tcontent.asp?OpenYear=109&Helf=1&Sclass=GR&Cono=A223,2026-08-26T18:22:53+00:00
109-1-GR-A233-A-1-A,109,1,共同與通識課程,GR,共同必修系列,A233,A,大學部,1,A,服務學習培養(財經法律學系A),0,必,20,20,,0,賴祥慶,,X,,,,,,,"[{""day"": 1, ""dayName"": ""星期一"", ""periods"": [""X""], ""raw"": ""X""}]",,請於開學一週內上班時間0900~1630時至該服務單位報到即可,https://course.nuk.edu.tw/QueryCourse/tcontent.asp?OpenYear=109&Helf=1&Sclass=GR&Cono=A233,2026-08-26T18:22:53+00:00
109-1-GR-A313-A-1-A,109,1,共同與通識課程,GR,共同必修系列,A313,A,大學部,1,A,服務學習培養(應用經濟學系A),0,必,20,18,,2,賴祥慶,,X,,,,,,,"[{""day"": 1, ""dayName"": ""星期一"", ""periods"": [""X""], ""raw"": ""X""}]",限修,限應用經濟學系並請於開學一週內上班時間0900~1630時至該服務單位報到即可‧,https://course.nuk.edu.tw/QueryCourse/tcontent.asp?OpenYear=109&Helf=1&Sclass=GR&Cono=A313,2026-08-26T18:22:53+00:00
109-1-GR-A323-A-1-A,109,1,共同與通識課程,GR,共同必修系列,A323,A,大學部,1,A,服務學習培養(金融管理學系A),0,必,20,18,,2,賴祥慶,,X,,,,,,,"[{""day"": 1, ""dayName"": ""星期一"", ""periods"": [""X""], ""raw"": ""X""}]",,選課對象限制:限本系。請於開學第一週之週三前至本系臉書社團「高大金管系」http://www.facebook.com/groups/nukfin/ 查看課程說明時間(必到)。,https://course.nuk.edu.tw/QueryCourse/tcontent.asp?OpenYear=109&Helf=1&Sclass=GR&Cono=A323,2026-08-26T18:22:53+00:00
109-1-GR-A333-A-1-A,109,1,共同與通識課程,GR,共同必修系列,A333,A,大學部,1,A,服務學習培養(資訊管理學系A),0,必,15,15,,0,賴祥慶,,X,,,,,,,"[{""day"": 1, ""dayName"": ""星期一"", ""periods"": [""X""], ""raw"": ""X""}]",限修,限資訊管理學系並請於開學一週內上班時間0900~1630時至該服務單位報到即可‧,https://course.nuk.edu.tw/QueryCourse/tcontent.asp?OpenYear=109&Helf=1&Sclass=GR&Cono=A333,2026-08-26T18:22:53+00:00
109-1-GR-A351-A-1-A,109,1,共同與通識課程,GR,共同必修系列,A351,A,大學部,1,A,服務學習培養(IMBA學位學程A),0,必,10,6,,4,賴祥慶,,X,,,,,,,"[{""day"": 1, ""dayName"": ""星期一"", ""periods"": [""X""], ""raw"": ""X""}]",,請於開學一週內上班時間0900~1630時至該服務單位報到即可‧,https://course.nuk.edu.tw/QueryCourse/tcontent.asp?OpenYear=109&Helf=1&Sclass=GR&Cono=A351,2026-08-26T18:22:53+00:00
109-1-GR-A413-A-1-A,109,1,共同與通識課程,GR,共同必修系列,A413,A,大學部,1,A,服務學習培養(應用數學系A),0,必,19,19,,0,賴祥慶,,X,,,,,,,"[{""day"": 1, ""dayName"": ""星期一"", ""periods"": [""X""], ""raw"": ""X""}]",,請於開學一週內上班時間0900~1630時至該服務單位報到即可‧,https://course.nuk.edu.tw/QueryCourse/tcontent.asp?OpenYear=109&Helf=1&Sclass=GR&Cono=A413,2026-08-26T18:22:53+00:00
109-1-GR-A423-A-1-A,109,1,共同與通識課程,GR,共同必修系列,A423,A,大學部,1,A,服務學習培養(應用化學系A),0,必,8,8,,0,賴祥慶,,X,,,,,,,"[{""day"": 1, ""dayName"": ""星期一"", ""periods"": [""X""], ""raw"": ""X""}]",,請於開學一週內上班時間0900~1630時至該服務單位報到即可‧應化系學生優先,https://course.nuk.edu.tw/QueryCourse/tcontent.asp?OpenYear=109&Helf=1&Sclass=GR&Cono=A423,2026-08-26T18:22:53+00:00
109-1-GR-A433-A-1-A,109,1,共同與通識課程,GR,共同必修系列,A433,A,大學部,1,A,服務學習培養(應用物理學系A),0,必,15,15,,0,賴祥慶,,X,,,,,,,"[{""day"": 1, ""dayName"": ""星期一"", ""periods"": [""X""], ""raw"": ""X""}]",,請於開學一週內上班時間0900~1630時至該服務單位報到即可‧限應物系學生修習,https://course.nuk.edu.tw/QueryCourse/tcontent.asp?OpenYear=109&Helf=1&Sclass=GR&Cono=A433,2026-08-26T18:22:53+00:00
109-1-GR-A515-A-1-A,109,1,共同與通識課程,GR,共同必修系列,A515,A,大學部,1,A,服務學習培養(電機工程學系A),0,必,15,15,,0,賴祥慶,,X,,,,,,,"[{""day"": 1, ""dayName"": ""星期一"", ""periods"": [""X""], ""raw"": ""X""}]",限修,限電機系學生並請於開學一週內上班時間0900~1630時至該服務單位報到即可‧,https://course.nuk.edu.tw/QueryCourse/tcontent.asp?OpenYear=109&Helf=1&Sclass=GR&Cono=A515,2026-08-26T18:22:53+00:00
109-1-GR-A523-A-1-A,109,1,共同與通識課程,GR,共同必修系列,A523,A,大學部,1,A,服務學習培養(土木與環境工程學系A),0,必,10,10,,0,賴祥慶,,X,,,,,,,"[{""day"": 1, ""dayName"": ""星期一"", ""periods"": [""X""], ""raw"": ""X""}]",限修,限土環系學生並請於開學一週內上班時間0900~1630時至該服務單位報到即可‧,https://course.nuk.edu.tw/QueryCourse/tcontent.asp?OpenYear=109&Helf=1&Sclass=GR&Cono=A523,2026-08-26T18:22:53+00:00
109-1-GR-A553-A-1-A,109,1,共同與通識課程,GR,共同必修系列,A553,A,大學部,1,A,服務學習培養(資訊工程學系A),0,必,20,20,,0,賴祥慶,,X,,,,,,,"[{""day"": 1, ""dayName"": ""星期一"", ""periods"": [""X""], ""raw"": ""X""}]",,請於開學一週內上班時間0900~1630時至該服務單位報到即可‧,https://course.nuk.edu.tw/QueryCourse/tcontent.asp?OpenYear=109&Helf=1&Sclass=GR&Cono=A553,2026-08-26T18:22:53+00:00
109-1-GR-A563-A-1-A,109,1,共同與通識課程,GR,共同必修系列,A563,A,大學部,1,A,服務學習培養(化學工程及材料工程學系A),0,必,20,20,,0,賴祥慶,,X,,,,,,,"[{""day"": 1, ""dayName"": ""星期一"", ""periods"": [""X""], ""raw"": ""X""}]",限修,限化材系學生並請於開學一週內上班時間0900~1630時至該服務單位報到即可‧,https://course.nuk.edu.tw/QueryCourse/tcontent.asp?OpenYear=109&Helf=1&Sclass=GR&Cono=A563,2026-08-26T18:22:53+00:00
109-1-GR-A613-A-1-A,109,1,共同與通識課程,GR,共同必修系列,A613,A,大學部,1,A,服務學習培養(生命科學系A),0,必,20,19,,1,賴祥慶,,X,,,,,,,"[{""day"": 1, ""dayName"": ""星期一"", ""periods"": [""X""], ""raw"": ""X""}]",,請於開學一週內上班時間0900~1630時至該服務單位報到即可‧,https://course.nuk.edu.tw/QueryCourse/tcontent.asp?OpenYear=109&Helf=1&Sclass=GR&Cono=A613,2026-08-26T18:22:53+00:00
109-1-GR-A713-A-1-A,109,1,共同與通識課程,GR,共同必修系列,A713,A,大學部,1,A,服務學習培養(亞太工商管理學系A),0,必,20,20,,0,賴祥慶,,X,,,,,,,"[{""day"": 1, ""dayName"": ""星期一"", ""periods"": [""X""], ""raw"": ""X""}]",限修,限亞太工商管理學系並請於開學一週內上班時間0900~1630時至該服務單位報到即可‧,https://course.nuk.edu.tw/QueryCourse/tcontent.asp?OpenYear=109&Helf=1&Sclass=GR&Cono=A713,2026-08-26T18:22:53+00:00
109-1-GR-A811-A-1-A,109,1,共同與通識課程,GR,共同必修系列,A811,A,大學部,1,A,服務學習培養(EMBA中心A),0,必,6,6,,0,賴祥慶,,X,,,,,,,"[{""day"": 1, ""dayName"": ""星期一"", ""periods"": [""X""], ""raw"": ""X""}]",,請於開學一週內上班時間0900~1630時至該服務單位報到即可‧,https://course.nuk.edu.tw/QueryCourse/tcontent.asp?OpenYear=109&Helf=1&Sclass=GR&Cono=A811,2026-08-26T18:22:53+00:00
109-1-GR-A99A-A-1-A,109,1,共同與通識課程,GR,共同必修系列,A99A,A,大學部,1,A,適應體育,0,必,26,7,,19,蔡明書,K01-004,,"9,10",,,,,,"[{""day"": 2, ""dayName"": ""星期二"", ""periods"": [""9"", ""10""], ""raw"": ""9,10""}]",外加,上課地點:體適能教室。凡是不能參與一般體育課之大一、二學生，其身心狀況不適者，得經公立醫療院所診斷後並開立證明(90天內之證明)交給老師指定加選,https://course.nuk.edu.tw/QueryCourse/tcontent.asp?OpenYear=109&Helf=1&Sclass=GR&Cono=A99A,2026-08-26T18:22:53+00:00
109-1-GR-F103-A-1-A,109,1,共同與通識課程,GR,共同必修系列,F103,A,大學部,1,A,服務學習培養(秘書室A),0,必,6,6,,0,賴祥慶,,X,,,,,,,"[{""day"": 1, ""dayName"": ""星期一"", ""periods"": [""X""], ""raw"": ""X""}]",,請於開學一週內上班時間0900~1630時至該服務單位報到即可‧,https://course.nuk.edu.tw/QueryCourse/tcontent.asp?OpenYear=109&Helf=1&Sclass=GR&Cono=F103,2026-08-26T18:22:53+00:00
109-1-GR-F105-A-1-A,109,1,共同與通識課程,GR,共同必修系列,F105,A,大學部,1,A,服務學習培養(副校長室A),0,必,5,5,,0,賴祥慶,,X,,,,,,,"[{""day"": 1, ""dayName"": ""星期一"", ""periods"": [""X""], ""raw"": ""X""}]",,請於開學一週內上班時間0900~1630時至該服務單位報到即可‧選課對象限制：限大一~大三同學選課。,https://course.nuk.edu.tw/QueryCourse/tcontent.asp?OpenYear=109&Helf=1&Sclass=GR&Cono=F105,2026-08-26T18:22:53+00:00
109-1-GR-F109-A-1-A,109,1,共同與通識課程,GR,共同必修系列,F109,A,大學部,1,A,服務學習培養(創新學院 A),0,必,5,3,,2,賴祥慶,,X,,,,,,,"[{""day"": 1, ""dayName"": ""星期一"", ""periods"": [""X""], ""raw"": ""X""}]",,請於開學一週內上班時間0900~1630時至該服務單位報到即可‧(行政大樓二樓 教學發展中心）,https://course.nuk.edu.tw/QueryCourse/tcontent.asp?OpenYear=109&Helf=1&Sclass=GR&Cono=F109,2026-08-26T18:22:53+00:00
109-1-GR-F10C-A-1-A,109,1,共同與通識課程,GR,共同必修系列,F10C,A,大學部,1,A,服務學習培養(秘書室公共事務組 A),0,必,5,5,,0,賴祥慶,,X,,,,,,,"[{""day"": 1, ""dayName"": ""星期一"", ""periods"": [""X""], ""raw"": ""X""}]",,請於開學一週內上班時間0900~1630時至該服務單位報到即可‧,https://course.nuk.edu.tw/QueryCourse/tcontent.asp?OpenYear=109&Helf=1&Sclass=GR&Cono=F10C,2026-08-26T18:22:53+00:00
109-1-GR-F110-A-1-A,109,1,共同與通識課程,GR,共同必修系列,F110,A,大學部,1,A,服務學習培養(全大運專案辦公室 B),0,必,15,15,,0,賴祥慶,,X,,,,,,,"[{""day"": 1, ""dayName"": ""星期一"", ""periods"": [""X""], ""raw"": ""X""}]",,請於開學一週內0830-1700至體健休大樓1樓全大運辦公室報到。(選課後請務必積極參與),https://course.nuk.edu.tw/QueryCourse/tcontent.asp?OpenYear=109&Helf=1&Sclass=GR&Cono=F110,2026-08-26T18:22:53+00:00
109-1-GR-F113-A-1-A,109,1,共同與通識課程,GR,共同必修系列,F113,A,大學部,1,A,服務學習培養(教務處A),0,必,7,7,,0,賴祥慶,,X,,,,,,,"[{""day"": 1, ""dayName"": ""星期一"", ""periods"": [""X""], ""raw"": ""X""}]",,請於開學一週內上班時間0900~1630時至該服務單位報到即可‧,https://course.nuk.edu.tw/QueryCourse/tcontent.asp?OpenYear=109&Helf=1&Sclass=GR&Cono=F113,2026-08-26T18:22:53+00:00
109-1-GR-F115-A-1-A,109,1,共同與通識課程,GR,共同必修系列,F115,A,大學部,1,A,服務學習培養(教學發展中心A),0,必,5,4,,1,賴祥慶,,X,,,,,,,"[{""day"": 1, ""dayName"": ""星期一"", ""periods"": [""X""], ""raw"": ""X""}]",,請於開學一週內上班時間0900~1630時至該服務單位報到即可‧,https://course.nuk.edu.tw/QueryCourse/tcontent.asp?OpenYear=109&Helf=1&Sclass=GR&Cono=F115,2026-08-26T18:22:53+00:00
109-1-GR-F11B-A-1-A,109,1,共同與通識課程,GR,共同必修系列,F11B,A,大學部,1,A,服務學習培養(全大運競賽中心-裁判組),0,必,40,40,,0,王明月,,X,,,,,,,"[{""day"": 1, ""dayName"": ""星期一"", ""periods"": [""X""], ""raw"": ""X""}]",,請於開學一週內0830-1700至體健休大樓1樓全大運辦公室報到。(選課後請務必積極參與),https://course.nuk.edu.tw/QueryCourse/tcontent.asp?OpenYear=109&Helf=1&Sclass=GR&Cono=F11B,2026-08-26T18:22:53+00:00
109-1-GR-F11C-A-1-A,109,1,共同與通識課程,GR,共同必修系列,F11C,A,大學部,1,A,服務學習培養(全大運競賽中心-成績紀錄組),0,必,40,39,,1,林政德,,X,,,,,,,"[{""day"": 1, ""dayName"": ""星期一"", ""periods"": [""X""], ""raw"": ""X""}]",,請於開學一週內0830-1700至體健休大樓1樓全大運辦公室報到。(選課後請務必積極參與),https://course.nuk.edu.tw/QueryCourse/tcontent.asp?OpenYear=109&Helf=1&Sclass=GR&Cono=F11C,2026-08-26T18:22:53+00:00
109-1-GR-F11D-A-1-A,109,1,共同與通識課程,GR,共同必修系列,F11D,A,大學部,1,A,服務學習培養(全大運競賽中心-場地器材組),0,必,40,34,,6,陳宗榮,,X,,,,,,,"[{""day"": 1, ""dayName"": ""星期一"", ""periods"": [""X""], ""raw"": ""X""}]",,請於開學一週內0830-1700至體健休大樓1樓全大運辦公室報到。(選課後請務必積極參與),https://course.nuk.edu.tw/QueryCourse/tcontent.asp?OpenYear=109&Helf=1&Sclass=GR&Cono=F11D,2026-08-26T18:22:53+00:00
109-1-GR-F11E-A-1-A,109,1,共同與通識課程,GR,共同必修系列,F11E,A,大學部,1,A,服務學習培養(全大運競賽中心-獎品組),0,必,40,40,,0,林季嬋,,X,,,,,,,"[{""day"": 1, ""dayName"": ""星期一"", ""periods"": [""X""], ""raw"": ""X""}]",,請於開學一週內0830-1700至體健休大樓1樓全大運辦公室報到。(選課後請務必積極參與),https://course.nuk.edu.tw/QueryCourse/tcontent.asp?OpenYear=109&Helf=1&Sclass=GR&Cono=F11E,2026-08-26T18:22:53+00:00
109-1-GR-F11G-A-1-A,109,1,共同與通識課程,GR,共同必修系列,F11G,A,大學部,1,A,服務學習培養(全大運公關媒體中心),0,必,49,46,,3,林師平,,X,,,,,,,"[{""day"": 1, ""dayName"": ""星期一"", ""periods"": [""X""], ""raw"": ""X""}]",,請於開學一週內0830-1700先行至秘書室公共事務組報到。(選課後請務必積極參與),https://course.nuk.edu.tw/QueryCourse/tcontent.asp?OpenYear=109&Helf=1&Sclass=GR&Cono=F11G,2026-08-26T18:22:53+00:00
109-1-GR-F11I-A-1-A,109,1,共同與通識課程,GR,共同必修系列,F11I,A,大學部,1,A,服務學習培養(全大運活動中心-典禮與聖火組),0,必,40,18,,22,何資宜,,X,,,,,,,"[{""day"": 1, ""dayName"": ""星期一"", ""periods"": [""X""], ""raw"": ""X""}]",,請於開學一週內0830-1700至學務處課外活動組報到。(選課後請務必積極參與),https://course.nuk.edu.tw/QueryCourse/tcontent.asp?OpenYear=109&Helf=1&Sclass=GR&Cono=F11I,2026-08-26T18:22:53+00:00
109-1-GR-F11L-A-1-A,109,1,共同與通識課程,GR,共同必修系列,F11L,A,大學部,1,A,服務學習培養(全大運醫療中心),0,必,57,56,,1,吳佩芳,,X,,,,,,,"[{""day"": 1, ""dayName"": ""星期一"", ""periods"": [""X""], ""raw"": ""X""}]",外加,請於開學一週內0830-1700至學務處衛生保健組報到。(選課後請務必積極參與),https://course.nuk.edu.tw/QueryCourse/tcontent.asp?OpenYear=109&Helf=1&Sclass=GR&Cono=F11L,2026-08-26T18:22:53+00:00
109-1-GR-F11M-A-1-A,109,1,共同與通識課程,GR,共同必修系列,F11M,A,大學部,1,A,服務學習培養(全大運競賽中心-競賽志工組A),0,必,40,40,,0,李坤哲,,X,,,,,,,"[{""day"": 1, ""dayName"": ""星期一"", ""periods"": [""X""], ""raw"": ""X""}]",,請於開學一週內0830-1700至體健休大樓1樓全大運辦公室報到。(選課後請務必積極參與),https://course.nuk.edu.tw/QueryCourse/tcontent.asp?OpenYear=109&Helf=1&Sclass=GR&Cono=F11M,2026-08-26T18:22:53+00:00
109-1-GR-F11N-A-1-A,109,1,共同與通識課程,GR,共同必修系列,F11N,A,大學部,1,A,服務學習培養(全大運競賽中心-競賽志工組 B),0,必,40,35,,5,黃全成,,X,,,,,,,"[{""day"": 1, ""dayName"": ""星期一"", ""periods"": [""X""], ""raw"": ""X""}]",,請於開學一週內0830-1700至體健休大樓1樓全大運辦公室報到。(選課後請務必積極參與),https://course.nuk.edu.tw/QueryCourse/tcontent.asp?OpenYear=109&Helf=1&Sclass=GR&Cono=F11N,2026-08-26T18:22:53+00:00
109-1-GR-F11P-A-1-A,109,1,共同與通識課程,GR,共同必修系列,F11P,A,大學部,1,A,服務學習培養(全大運競賽中心-競賽志工組D,0,必,17,17,,0,高群超,,X,,,,,,,"[{""day"": 1, ""dayName"": ""星期一"", ""periods"": [""X""], ""raw"": ""X""}]",,請於開學一週內0830-1700至體健休大樓1樓全大運辦公室報到。(選課後請務必積極參與),https://course.nuk.edu.tw/QueryCourse/tcontent.asp?OpenYear=109&Helf=1&Sclass=GR&Cono=F11P,2026-08-26T18:22:53+00:00
109-1-GR-F11Q-A-1-A,109,1,共同與通識課程,GR,共同必修系列,F11Q,A,大學部,1,A,服務學習培養(全大運活動中心-學生志工組),0,必,10,8,,2,莊淑姿,,X,,,,,,,"[{""day"": 1, ""dayName"": ""星期一"", ""periods"": [""X""], ""raw"": ""X""}]",,請於開學一週內0830-1700至學務處諮商與職涯發展組報到。(選課後請務必積極參與),https://course.nuk.edu.tw/QueryCourse/tcontent.asp?OpenYear=109&Helf=1&Sclass=GR&Cono=F11Q,2026-08-26T18:22:53+00:00
109-1-GR-F153-A-1-A,109,1,共同與通識課程,GR,共同必修系列,F153,A,大學部,1,A,服務學習培養(體育室A),0,必,20,19,,1,賴祥慶,,X,,,,,,,"[{""day"": 1, ""dayName"": ""星期一"", ""periods"": [""X""], ""raw"": ""X""}]",,請於開學一週內上班時間0900~1630時至該服務單位報到即可‧,https://course.nuk.edu.tw/QueryCourse/tcontent.asp?OpenYear=109&Helf=1&Sclass=GR&Cono=F153,2026-08-26T18:22:53+00:00
109-1-GR-F15A-A-1-A,109,1,共同與通識課程,GR,共同必修系列,F15A,A,大學部,1,A,服務學習培養(體育室 游泳池健身房A),0,必,20,19,,1,賴祥慶,,X,,,,,,,"[{""day"": 1, ""dayName"": ""星期一"", ""periods"": [""X""], ""raw"": ""X""}]",,請於開學一週內上班時間0900~1630時至該服務單位報到即可‧,https://course.nuk.edu.tw/QueryCourse/tcontent.asp?OpenYear=109&Helf=1&Sclass=GR&Cono=F15A,2026-08-26T18:22:53+00:00
109-1-GR-F15C-A-1-A,109,1,共同與通識課程,GR,共同必修系列,F15C,A,大學部,1,A,服務學習培養(體育室 器材室A),0,必,20,20,,0,賴祥慶,,X,,,,,,,"[{""day"": 1, ""dayName"": ""星期一"", ""periods"": [""X""], ""raw"": ""X""}]",,請於開學一週內上班時間0900~1630時至該服務單位報到即可‧,https://course.nuk.edu.tw/QueryCourse/tcontent.asp?OpenYear=109&Helf=1&Sclass=GR&Cono=F15C,2026-08-26T18:22:53+00:00
109-1-GR-F163-A-1-A,109,1,共同與通識課程,GR,共同必修系列,F163,A,大學部,1,A,服務學習培養(語文中心A),0,必,10,10,,0,賴祥慶,,X,,,,,,,"[{""day"": 1, ""dayName"": ""星期一"", ""periods"": [""X""], ""raw"": ""X""}]",,請於開學一週內上班時間0900~1630時至該服務單位報到即可‧,https://course.nuk.edu.tw/QueryCourse/tcontent.asp?OpenYear=109&Helf=1&Sclass=GR&Cono=F163,2026-08-26T18:22:53+00:00
109-1-GR-F173-A-1-A,109,1,共同與通識課程,GR,共同必修系列,F173,A,大學部,1,A,服務學習培養(推教中心A),0,必,10,3,,7,賴祥慶,,X,,,,,,,"[{""day"": 1, ""dayName"": ""星期一"", ""periods"": [""X""], ""raw"": ""X""}]",,請於開學一週內上班時間0900~1630時至該服務單位報到即可‧,https://course.nuk.edu.tw/QueryCourse/tcontent.asp?OpenYear=109&Helf=1&Sclass=GR&Cono=F173,2026-08-26T18:22:53+00:00
109-1-GR-F183-A-1-A,109,1,共同與通識課程,GR,共同必修系列,F183,A,大學部,1,A,服務學習培養(通識中心A),0,必,10,9,,1,賴祥慶,,X,,,,,,,"[{""day"": 1, ""dayName"": ""星期一"", ""periods"": [""X""], ""raw"": ""X""}]",,請於開學一週內上班時間0900~1630時至該服務單位報到即可‧,https://course.nuk.edu.tw/QueryCourse/tcontent.asp?OpenYear=109&Helf=1&Sclass=GR&Cono=F183,2026-08-26T18:22:53+00:00
109-1-GR-F193-A-1-A,109,1,共同與通識課程,GR,共同必修系列,F193,A,大學部,1,A,服務學習培養(研發處A),0,必,6,6,,0,賴祥慶,,X,,,,,,,"[{""day"": 1, ""dayName"": ""星期一"", ""periods"": [""X""], ""raw"": ""X""}]",,請於開學一週內上班時間0900~1630時至該服務單位報到即可‧,https://course.nuk.edu.tw/QueryCourse/tcontent.asp?OpenYear=109&Helf=1&Sclass=GR&Cono=F193,2026-08-26T18:22:53+00:00
109-1-GR-F203-A-1-A,109,1,共同與通識課程,GR,共同必修系列,F203,A,大學部,1,A,服務學習培養(環安中心 環境安全A),0,必,15,4,,11,賴祥慶,,X,,,,,,,"[{""day"": 1, ""dayName"": ""星期一"", ""periods"": [""X""], ""raw"": ""X""}]",,1.對環境生態有興趣者2.服務時請勿穿著裙裝、短褲、拖鞋或涼鞋並請於開學一週內上班時間0900~1630時至該服務單位報到即可‧,https://course.nuk.edu.tw/QueryCourse/tcontent.asp?OpenYear=109&Helf=1&Sclass=GR&Cono=F203,2026-08-26T18:22:53+00:00
109-1-GR-F223-A-1-A,109,1,共同與通識課程,GR,共同必修系列,F223,A,大學部,1,A,服務學習培養(工學院A),0,必,20,17,,3,賴祥慶,,X,,,,,,,"[{""day"": 1, ""dayName"": ""星期一"", ""periods"": [""X""], ""raw"": ""X""}]",,請於開學一週內上班時間0900~1630時至該服務單位報到即可‧,https://course.nuk.edu.tw/QueryCourse/tcontent.asp?OpenYear=109&Helf=1&Sclass=GR&Cono=F223,2026-08-26T18:22:53+00:00
109-1-GR-F233-A-1-A,109,1,共同與通識課程,GR,共同必修系列,F233,A,大學部,1,A,服務學習培養(法學院A),0,必,20,17,,3,賴祥慶,,X,,,,,,,"[{""day"": 1, ""dayName"": ""星期一"", ""periods"": [""X""], ""raw"": ""X""}]",,請於開學一週內上班時間0900~1630時至該服務單位報到即可‧,https://course.nuk.edu.tw/QueryCourse/tcontent.asp?OpenYear=109&Helf=1&Sclass=GR&Cono=F233,2026-08-26T18:22:53+00:00
109-1-GR-F243-A-1-A,109,1,共同與通識課程,GR,共同必修系列,F243,A,大學部,1,A,服務學習培養(管理學院A),0,必,20,15,,5,賴祥慶,,X,,,,,,,"[{""day"": 1, ""dayName"": ""星期一"", ""periods"": [""X""], ""raw"": ""X""}]",,請於開學一週內上班時間0900~1630時至該服務單位報到即可‧,https://course.nuk.edu.tw/QueryCourse/tcontent.asp?OpenYear=109&Helf=1&Sclass=GR&Cono=F243,2026-08-26T18:22:53+00:00
109-1-GR-F253-A-1-A,109,1,共同與通識課程,GR,共同必修系列,F253,A,大學部,1,A,服務學習培養(理學院A),0,必,20,18,,2,賴祥慶,,X,,,,,,,"[{""day"": 1, ""dayName"": ""星期一"", ""periods"": [""X""], ""raw"": ""X""}]",,理學院學生優先並請於開學一週內上班時間0900~1630時至該服務單位報到即可‧,https://course.nuk.edu.tw/QueryCourse/tcontent.asp?OpenYear=109&Helf=1&Sclass=GR&Cono=F253,2026-08-26T18:22:53+00:00
109-1-GR-F263-A-1-A,109,1,共同與通識課程,GR,共同必修系列,F263,A,大學部,1,A,服務學習培養(人文社科院A),0,必,20,20,,0,賴祥慶,,X,,,,,,,"[{""day"": 1, ""dayName"": ""星期一"", ""periods"": [""X""], ""raw"": ""X""}]",禁止外加,人文社會科學院所屬系所學生優先並請於開學一週內上班時間0900~1630時至該服務單位報到即可。,https://course.nuk.edu.tw/QueryCourse/tcontent.asp?OpenYear=109&Helf=1&Sclass=GR&Cono=F263,2026-08-26T18:22:53+00:00
109-1-GR-F27A-A-1-A,109,1,共同與通識課程,GR,共同必修系列,F27A,A,大學部,1,A,服務學習培養(國際事務處 招生及推廣組 A),0,必,5,5,,0,賴祥慶,,X,,,,,,,"[{""day"": 1, ""dayName"": ""星期一"", ""periods"": [""X""], ""raw"": ""X""}]",,請於開學一週內上班時間0900~1630時至該服務單位報到即可‧限僑生,https://course.nuk.edu.tw/QueryCourse/tcontent.asp?OpenYear=109&Helf=1&Sclass=GR&Cono=F27A,2026-08-26T18:22:53+00:00
109-1-GR-F27E-A-1-A,109,1,共同與通識課程,GR,共同必修系列,F27E,A,大學部,1,A,服務學習培養(國際事務處 國際學生事務組 A),0,必,15,15,,0,賴祥慶,,X,,,,,,,"[{""day"": 1, ""dayName"": ""星期一"", ""periods"": [""X""], ""raw"": ""X""}]",,限僑生並請於開學一週內上班時間0900~1630時至該服務單位報到即可‧,https://course.nuk.edu.tw/QueryCourse/tcontent.asp?OpenYear=109&Helf=1&Sclass=GR&Cono=F27E,2026-08-26T18:22:53+00:00
109-1-GR-F30A-A-1-A,109,1,共同與通識課程,GR,共同必修系列,F30A,A,大學部,1,A,服務學習培養(學務處 課外組 A),0,必,20,17,,3,賴祥慶,,X,,,,,,,"[{""day"": 1, ""dayName"": ""星期一"", ""periods"": [""X""], ""raw"": ""X""}]",,請於開學一週內上班時間0900~1630時至該服務單位報到即可‧,https://course.nuk.edu.tw/QueryCourse/tcontent.asp?OpenYear=109&Helf=1&Sclass=GR&Cono=F30A,2026-08-26T18:22:53+00:00
109-1-GR-F30C-A-1-A,109,1,共同與通識課程,GR,共同必修系列,F30C,A,大學部,1,A,服務學習培養(學務處 生輔組 A),0,必,20,19,,1,賴祥慶,,X,,,,,,,"[{""day"": 1, ""dayName"": ""星期一"", ""periods"": [""X""], ""raw"": ""X""}]",,請於開學一週內上班時間0900~1630時至該服務單位報到即可‧,https://course.nuk.edu.tw/QueryCourse/tcontent.asp?OpenYear=109&Helf=1&Sclass=GR&Cono=F30C,2026-08-26T18:22:53+00:00
109-1-GR-F30G-A-1-A,109,1,共同與通識課程,GR,共同必修系列,F30G,A,大學部,1,A,服務學習培養(學務處 衛保組 A),0,必,1,1,,0,賴祥慶,,X,,,,,,,"[{""day"": 1, ""dayName"": ""星期一"", ""periods"": [""X""], ""raw"": ""X""}]",,請於開學一週內上班時間0900~1630時至該服務單位報到即可‧協助健康中心的各項活動及行政工作支援，坐滿18小時方為及格，歡迎同學參與。,https://course.nuk.edu.tw/QueryCourse/tcontent.asp?OpenYear=109&Helf=1&Sclass=GR&Cono=F30G,2026-08-26T18:22:53+00:00
109-1-GR-F30M-A-1-A,109,1,共同與通識課程,GR,共同必修系列,F30M,A,大學部,1,A,服務學習培養(學務處 諮涯組 A),0,必,10,10,,0,賴祥慶,,X,,,,,,,"[{""day"": 1, ""dayName"": ""星期一"", ""periods"": [""X""], ""raw"": ""X""}]",,請於開學一週內上班時間0900~1630時至該服務單位報到即可‧,https://course.nuk.edu.tw/QueryCourse/tcontent.asp?OpenYear=109&Helf=1&Sclass=GR&Cono=F30M,2026-08-26T18:22:53+00:00
109-1-GR-F31A-A-1-A,109,1,共同與通識課程,GR,共同必修系列,F31A,A,大學部,1,A,服務學習培養(總務處 文書組 A),0,必,30,30,,0,賴祥慶,,X,,,,,,,"[{""day"": 1, ""dayName"": ""星期一"", ""periods"": [""X""], ""raw"": ""X""}]",,請於開學一週內上班時間0900~1630時至該服務單位報到即可‧其他:需會基本中文打字。,https://course.nuk.edu.tw/QueryCourse/tcontent.asp?OpenYear=109&Helf=1&Sclass=GR&Cono=F31A,2026-08-26T18:22:53+00:00
109-1-GR-F31E-A-1-A,109,1,共同與通識課程,GR,共同必修系列,F31E,A,大學部,1,A,服務學習培養(總務處 事務組 A),0,必,7,7,,0,賴祥慶,,X,,,,,,,"[{""day"": 1, ""dayName"": ""星期一"", ""periods"": [""X""], ""raw"": ""X""}]",,請於開學一週內上班時間0900~1630時至該服務單位報到即可‧,https://course.nuk.edu.tw/QueryCourse/tcontent.asp?OpenYear=109&Helf=1&Sclass=GR&Cono=F31E,2026-08-26T18:22:53+00:00
109-1-GR-F31G-A-1-A,109,1,共同與通識課程,GR,共同必修系列,F31G,A,大學部,1,A,服務學習培養(總務處 出納組 A),0,必,4,4,,0,賴祥慶,,X,,,,,,,"[{""day"": 1, ""dayName"": ""星期一"", ""periods"": [""X""], ""raw"": ""X""}]",,請於開學一週內上班時間0900~1630時至該服務單位報到即可‧,https://course.nuk.edu.tw/QueryCourse/tcontent.asp?OpenYear=109&Helf=1&Sclass=GR&Cono=F31G,2026-08-26T18:22:53+00:00
109-1-GR-F321-A-1-A,109,1,共同與通識課程,GR,共同必修系列,F321,A,大學部,1,A,服務學習培養(圖書資訊館 A),0,必,21,21,,0,賴祥慶,,X,,,,,,,"[{""day"": 1, ""dayName"": ""星期一"", ""periods"": [""X""], ""raw"": ""X""}]",外加,請於開學一週內上班時間0900~1630時至該服務單位報到即可‧,https://course.nuk.edu.tw/QueryCourse/tcontent.asp?OpenYear=109&Helf=1&Sclass=GR&Cono=F321,2026-08-26T18:22:53+00:00
109-1-GR-F32A-A-1-A,109,1,共同與通識課程,GR,共同必修系列,F32A,A,大學部,1,A,服務學習培養(圖書資訊館 典藏閱覽組 A),0,必,20,20,,0,賴祥慶,,X,,,,,,,"[{""day"": 1, ""dayName"": ""星期一"", ""periods"": [""X""], ""raw"": ""X""}]",,請於開學一週內上班時間0900~1630時至該服務單位報到即可‧選課對象限制:現大一、大二級大三生選修。其他:期中考前未到館報到及服務學習者一律不及格計分。,https://course.nuk.edu.tw/QueryCourse/tcontent.asp?OpenYear=109&Helf=1&Sclass=GR&Cono=F32A,2026-08-26T18:22:53+00:00
109-1-GR-F32E-A-1-A,109,1,共同與通識課程,GR,共同必修系列,F32E,A,大學部,1,A,服務學習培養(圖書資訊館 採購編目組 A),0,必,10,10,,0,賴祥慶,,X,,,,,,,"[{""day"": 1, ""dayName"": ""星期一"", ""periods"": [""X""], ""raw"": ""X""}]",,請於開學一週內上班時間0900~1630時至該服務單位報到即可,https://course.nuk.edu.tw/QueryCourse/tcontent.asp?OpenYear=109&Helf=1&Sclass=GR&Cono=F32E,2026-08-26T18:22:53+00:00
109-1-GR-F331-A-1-A,109,1,共同與通識課程,GR,共同必修系列,F331,A,大學部,1,A,服務學習培養(人事室 A),0,必,8,8,,0,賴祥慶,,X,,,,,,,"[{""day"": 1, ""dayName"": ""星期一"", ""periods"": [""X""], ""raw"": ""X""}]",,請於開學一週內上班時間0900~1630時至該服務單位報到即可‧,https://course.nuk.edu.tw/QueryCourse/tcontent.asp?OpenYear=109&Helf=1&Sclass=GR&Cono=F331,2026-08-26T18:22:53+00:00
109-1-GR-F333-A-1-A,109,1,共同與通識課程,GR,共同必修系列,F333,A,大學部,1,A,服務學習培養(主計室 A),0,必,3,3,,0,賴祥慶,,X,,,,,,,"[{""day"": 1, ""dayName"": ""星期一"", ""periods"": [""X""], ""raw"": ""X""}]",,請於開學一週內上班時間0900~1630時至該服務單位報到即可‧,https://course.nuk.edu.tw/QueryCourse/tcontent.asp?OpenYear=109&Helf=1&Sclass=GR&Cono=F333,2026-08-26T18:22:53+00:00
109-1-GR-F341-A-1-A,109,1,共同與通識課程,GR,共同必修系列,F341,A,大學部,1,A,服務學習培養(學生綜合宿舍 A),0,必,20,17,,3,賴祥慶,,X,,,,,,,"[{""day"": 1, ""dayName"": ""星期一"", ""periods"": [""X""], ""raw"": ""X""}]",,限住綜宿同學選修並於開學第一週周五前至學二宿舍辦公室報到。,https://course.nuk.edu.tw/QueryCourse/tcontent.asp?OpenYear=109&Helf=1&Sclass=GR&Cono=F341,2026-08-26T18:22:53+00:00
109-1-GR-F34A-A-1-A,109,1,共同與通識課程,GR,共同必修系列,F34A,A,大學部,1,A,服務學習培養(學生第一宿舍男棟 A),0,必,20,14,,6,賴祥慶,,X,,,,,,,"[{""day"": 1, ""dayName"": ""星期一"", ""periods"": [""X""], ""raw"": ""X""}]",,限住該棟男同學選修並於開學第一週周五前至學二宿舍辦公室報到,https://course.nuk.edu.tw/QueryCourse/tcontent.asp?OpenYear=109&Helf=1&Sclass=GR&Cono=F34A,2026-08-26T18:22:53+00:00
109-1-GR-F34C-A-1-A,109,1,共同與通識課程,GR,共同必修系列,F34C,A,大學部,1,A,服務學習培養(學生第一宿舍女棟 A),0,必,20,10,,10,賴祥慶,,X,,,,,,,"[{""day"": 1, ""dayName"": ""星期一"", ""periods"": [""X""], ""raw"": ""X""}]",,限住該棟女同學選修並於開學第一週周五前至學二宿舍辦公室報到,https://course.nuk.edu.tw/QueryCourse/tcontent.asp?OpenYear=109&Helf=1&Sclass=GR&Cono=F34C,2026-08-26T18:22:53+00:00
109-1-GR-F34E-A-1-A,109,1,共同與通識課程,GR,共同必修系列,F34E,A,大學部,1,A,服務學習培養(學生第二宿舍男棟 A),0,必,20,10,,10,賴祥慶,,X,,,,,,,"[{""day"": 1, ""dayName"": ""星期一"", ""periods"": [""X""], ""raw"": ""X""}]",,限住該棟男同學選修並於開學第一週周五前至學二宿舍辦公室報到,https://course.nuk.edu.tw/QueryCourse/tcontent.asp?OpenYear=109&Helf=1&Sclass=GR&Cono=F34E,2026-08-26T18:22:53+00:00
109-1-GR-F34G-A-1-A,109,1,共同與通識課程,GR,共同必修系列,F34G,A,大學部,1,A,服務學習培養(學生第二宿舍女棟 A),0,必,20,2,,18,賴祥慶,,X,,,,,,,"[{""day"": 1, ""dayName"": ""星期一"", ""periods"": [""X""], ""raw"": ""X""}]",,限住該棟女同學選修並於開學第一週周五前至學二宿舍辦公室報到,https://course.nuk.edu.tw/QueryCourse/tcontent.asp?OpenYear=109&Helf=1&Sclass=GR&Cono=F34G,2026-08-26T18:22:53+00:00
109-1-GR-F407-A-1-A,109,1,共同與通識課程,GR,共同必修系列,F407,A,大學部,1,A,服務學習培養(寵物研究社-服務A),0,必,21,21,,0,何資宜,,X,,,,,,,"[{""day"": 1, ""dayName"": ""星期一"", ""periods"": [""X""], ""raw"": ""X""}]",外加,1.本課程為校內社團課程及校外服務，請有意願修本課同學一定要配合社團社課時間，同學若無意願且無法配合時間者，請勿（不要）修本課程。2.社課時間請聯絡社長陳之芩同學，請在17點至20點間撥打，0979-316016。3.課程時間要上滿18小時，並且於期未時填期中、期未反思表，未做滿18小時及未填反思表者不計分。,https://course.nuk.edu.tw/QueryCourse/tcontent.asp?OpenYear=109&Helf=1&Sclass=GR&Cono=F407,2026-08-26T18:22:53+00:00
109-1-GR-F40C-A-1-A,109,1,共同與通識課程,GR,共同必修系列,F40C,A,大學部,1,A,服務學習培養(希望種籽社-服務A),0,必,13,13,,0,何資宜,,X,,,,,,,"[{""day"": 1, ""dayName"": ""星期一"", ""periods"": [""X""], ""raw"": ""X""}]",外加,1.本課程為校內社團課程及校外服務，請有意願修本課同學一定要配合社團社課時間，同學若無意願且無法配合時間者，請勿（不要）修本課程。2.社課時間請聯絡社長洪玉弘同學，請在17點至20點間撥打0970-714419。3.課程時間要上滿18小時，並且於期未時填期中、期未反思表，未做滿18小時及未填反思表者不計分。,https://course.nuk.edu.tw/QueryCourse/tcontent.asp?OpenYear=109&Helf=1&Sclass=GR&Cono=F40C,2026-08-26T18:22:53+00:00
109-1-GR-F40U-A-1-A,109,1,共同與通識課程,GR,共同必修系列,F40U,A,大學部,1,A,服務學習培養(春暉社-服務A),0,必,2,2,,0,何資宜,,X,,,,,,,"[{""day"": 1, ""dayName"": ""星期一"", ""periods"": [""X""], ""raw"": ""X""}]",,1.本課程為校內社團課程及校外服務，請有意願修本課同學一定要配合社團社課時間，同學若無意願且無法配合時間者，請勿（不要）修本課程。2.社課時間請聯絡顏文進教官，請在早上8點至17點間撥打07-5919054。3.課程時間要上滿18小時，並且於期未時填期中、期未反思表，未做滿18小時及未填反思表者不計分。,https://course.nuk.edu.tw/QueryCourse/tcontent.asp?OpenYear=109&Helf=1&Sclass=GR&Cono=F40U,2026-08-26T18:22:53+00:00
109-1-GR-F40W-A-1-A,109,1,共同與通識課程,GR,共同必修系列,F40W,A,大學部,1,A,服務學習培養(書法社-服務A),0,必,3,2,,1,何資宜,,X,,,,,,,"[{""day"": 1, ""dayName"": ""星期一"", ""periods"": [""X""], ""raw"": ""X""}]",外加,1.本課程為校內社團課程及校外服務，請有意願修本課同學一定要配合社團社課時間，同學若無意願且無法配合時間者，請勿（不要）修本課程。2.社課時間請聯絡社長古鍇榕同學，請在17點至20點間撥打0919-529164。3.課程時間要上滿18小時，並且於期未時填期中、期未反思表，未做滿18小時及未填反思表者不計分。,https://course.nuk.edu.tw/QueryCourse/tcontent.asp?OpenYear=109&Helf=1&Sclass=GR&Cono=F40W,2026-08-26T18:22:53+00:00
109-1-GR-F41A-A-1-A,109,1,共同與通識課程,GR,共同必修系列,F41A,A,大學部,1,A,服務學習培養(愛鄰社-服務A),0,必,5,3,,2,何資宜,,X,,,,,,,"[{""day"": 1, ""dayName"": ""星期一"", ""periods"": [""X""], ""raw"": ""X""}]",外加,1.本課程為校內社團課程及校外服務，請有意願修本課同學一定要配合社團社課時間，同學若無意願且無法配合時間者，請勿（不要）修本課程。 2.社課時間請聯絡莊沛芸同學，請在早上8點至17點間撥打0956-880095。 3.課程時間要上滿18小時，並且於期未時填期中、期未反思表，未做滿18小時及未填反思表者不計分。,https://course.nuk.edu.tw/QueryCourse/tcontent.asp?OpenYear=109&Helf=1&Sclass=GR&Cono=F41A,2026-08-26T18:22:53+00:00
109-1-GR-F41E-A-1-A,109,1,共同與通識課程,GR,共同必修系列,F41E,A,大學部,1,A,服務學習培養(崇德青年志工社-服務A),0,必,3,3,,0,何資宜,,X,,,,,,,"[{""day"": 1, ""dayName"": ""星期一"", ""periods"": [""X""], ""raw"": ""X""}]",外加,1.本課程為校內社團課程及校外服務，請有意願修本課同學一定要配合社團社課時間，同學若無意願且無法配合時間者，請勿（不要）修本課程。2.社課時間請聯絡李彥緗同學，請在17點至20點間撥打聯絡電話0982-339001。3.課程時間要上滿18小時，並且於期未時填期中、期未反思表，未做滿18小時及未填反思表者不計分。,https://course.nuk.edu.tw/QueryCourse/tcontent.asp?OpenYear=109&Helf=1&Sclass=GR&Cono=F41E,2026-08-26T18:22:53+00:00
109-1-GR-ME01-A-1-A,109,1,共同與通識課程,GR,共同必修系列,ME01,A,大學部,1,A,進階英文,0,選,55,32,,23,吳苡菱,B01-109,"3,4",,,,,,,"[{""day"": 1, ""dayName"": ""星期一"", ""periods"": [""3"", ""4""], ""raw"": ""3,4""}]",先修 禁止外加 限修,英文能力畢業資格檢定2次未通過，且修畢英 語會話與閱讀及格，方得選課，每人限修一門,https://course.nuk.edu.tw/QueryCourse/tcontent.asp?OpenYear=109&Helf=1&Sclass=GR&Cono=ME01,2026-08-26T18:22:53+00:00
109-1-GR-ME03-A-1-A,109,1,共同與通識課程,GR,共同必修系列,ME03,A,大學部,1,A,進階英文,0,選,55,55,,0,邱玉萍,B01-108,,,"7,8",,,,,"[{""day"": 3, ""dayName"": ""星期三"", ""periods"": [""7"", ""8""], ""raw"": ""7,8""}]",先修 禁止外加 限修,英文能力畢業資格檢定2次未通過，且修畢英 語會話與閱讀及格，方得選課，每人限修一門,https://course.nuk.edu.tw/QueryCourse/tcontent.asp?OpenYear=109&Helf=1&Sclass=GR&Cono=ME03,2026-08-26T18:22:53+00:00
109-1-GR-S11A-A-1-A,109,1,共同與通識課程,GR,共同必修系列,S11A,A,大學部,1,A,體育(一)-西語系,0,必,52,44,,8,黃郁玲,,,,,,"3,4",,,"[{""day"": 5, ""dayName"": ""星期五"", ""periods"": [""3"", ""4""], ""raw"": ""3,4""}]",禁止外加 限修及外加,羽球場/大三、四重補修請於第三階段至通識中心加選。,https://course.nuk.edu.tw/QueryCourse/tcontent.asp?OpenYear=109&Helf=1&Sclass=GR&Cono=S11A,2026-08-26T18:22:53+00:00
109-1-GR-S12A-A-1-A,109,1,共同與通識課程,GR,共同必修系列,S12A,A,大學部,1,A,體育(一)-運健休系,0,必,56,52,,4,高群超,,,,,"1,2",,,,"[{""day"": 4, ""dayName"": ""星期四"", ""periods"": [""1"", ""2""], ""raw"": ""1,2""}]",禁止外加 限修及外加,羽球場/大三、四重補修請於第三階段至通識中心加選。,https://course.nuk.edu.tw/QueryCourse/tcontent.asp?OpenYear=109&Helf=1&Sclass=GR&Cono=S12A,2026-08-26T18:22:53+00:00
109-1-GR-S17A-A-1-A,109,1,共同與通識課程,GR,共同必修系列,S17A,A,大學部,1,A,體育(一)-東語系,0,必,57,57,,0,耿仕榮,,,"1,2",,,,,,"[{""day"": 2, ""dayName"": ""星期二"", ""periods"": [""1"", ""2""], ""raw"": ""1,2""}]",禁止外加 限修及外加,籃球場/大三、四重補修請於第三階段至通識中心加選。,https://course.nuk.edu.tw/QueryCourse/tcontent.asp?OpenYear=109&Helf=1&Sclass=GR&Cono=S17A,2026-08-26T18:22:53+00:00
109-1-GR-S18A-A-1-A,109,1,共同與通識課程,GR,共同必修系列,S18A,A,大學部,1,A,體育(一)-運技系,0,必,50,47,,3,馮潤賓,,,,"3,4",,,,,"[{""day"": 3, ""dayName"": ""星期三"", ""periods"": [""3"", ""4""], ""raw"": ""3,4""}]",禁止外加 限修,網球場/大三、四重補修請於第三階段至通識中心加選。,https://course.nuk.edu.tw/QueryCourse/tcontent.asp?OpenYear=109&Helf=1&Sclass=GR&Cono=S18A,2026-08-26T18:22:53+00:00
109-1-GR-S21A-A-1-A,109,1,共同與通識課程,GR,共同必修系列,S21A,A,大學部,1,A,體育(一)-法律系,0,必,55,54,,1,王士仁,,,,,"1,2",,,,"[{""day"": 4, ""dayName"": ""星期四"", ""periods"": [""1"", ""2""], ""raw"": ""1,2""}]",禁止外加 限修及外加,桌球場/大三、四重補修請於第三階段至通識中心加選。,https://course.nuk.edu.tw/QueryCourse/tcontent.asp?OpenYear=109&Helf=1&Sclass=GR&Cono=S21A,2026-08-26T18:22:53+00:00
109-1-GR-S22A-A-1-A,109,1,共同與通識課程,GR,共同必修系列,S22A,A,大學部,1,A,體育(一)-政法系,0,必,55,50,,5,施長和,,,,,"1,2",,,,"[{""day"": 4, ""dayName"": ""星期四"", ""periods"": [""1"", ""2""], ""raw"": ""1,2""}]",禁止外加 限修及外加,籃球場/大三、四重補修請於第三階段至通識中心加選。,https://course.nuk.edu.tw/QueryCourse/tcontent.asp?OpenYear=109&Helf=1&Sclass=GR&Cono=S22A,2026-08-26T18:22:53+00:00
109-1-GR-S23A-A-1-A,109,1,共同與通識課程,GR,共同必修系列,S23A,A,大學部,1,A,體育(一)-財法系,0,必,50,43,,7,蔡文星,,"3,4",,,,,,,"[{""day"": 1, ""dayName"": ""星期一"", ""periods"": [""3"", ""4""], ""raw"": ""3,4""}]",禁止外加 限修及外加,田徑場/大三、四重補修請於第三階段至通識中心加選。,https://course.nuk.edu.tw/QueryCourse/tcontent.asp?OpenYear=109&Helf=1&Sclass=GR&Cono=S23A,2026-08-26T18:22:53+00:00
109-1-GR-S31A-A-1-A,109,1,共同與通識課程,GR,共同必修系列,S31A,A,大學部,1,A,體育(一)-應經系,0,必,50,44,,6,施長和,,,,"3,4",,,,,"[{""day"": 3, ""dayName"": ""星期三"", ""periods"": [""3"", ""4""], ""raw"": ""3,4""}]",禁止外加 限修,籃球場/大三、四重補修請於第三階段至通識中心加選。,https://course.nuk.edu.tw/QueryCourse/tcontent.asp?OpenYear=109&Helf=1&Sclass=GR&Cono=S31A,2026-08-26T18:22:53+00:00
109-1-GR-S32A-A-1-A,109,1,共同與通識課程,GR,共同必修系列,S32A,A,大學部,1,A,體育(一)-金管系,0,必,52,48,,4,許維哲,,,,,,"7,8",,,"[{""day"": 5, ""dayName"": ""星期五"", ""periods"": [""7"", ""8""], ""raw"": ""7,8""}]",禁止外加 限修及外加,籃球場/大三、四重補修請於第三階段至通識中心加選。,https://course.nuk.edu.tw/QueryCourse/tcontent.asp?OpenYear=109&Helf=1&Sclass=GR&Cono=S32A,2026-08-26T18:22:53+00:00
109-1-GR-S33A-A-1-A,109,1,共同與通識課程,GR,共同必修系列,S33A,A,大學部,1,A,體育(一)-資管系,0,必,56,54,,2,林文俊,,"3,4",,,,,,,"[{""day"": 1, ""dayName"": ""星期一"", ""periods"": [""3"", ""4""], ""raw"": ""3,4""}]",禁止外加 限修及外加,羽球場/大三、四重補修請於第三階段至通識中心加選。,https://course.nuk.edu.tw/QueryCourse/tcontent.asp?OpenYear=109&Helf=1&Sclass=GR&Cono=S33A,2026-08-26T18:22:53+00:00
109-1-GR-S41A-A-1-A,109,1,共同與通識課程,GR,共同必修系列,S41A,A,大學部,1,A,體育(一)-應數系,0,必,51,57,,0,耿仕榮,,,,,,"7,8",,,"[{""day"": 5, ""dayName"": ""星期五"", ""periods"": [""7"", ""8""], ""raw"": ""7,8""}]",禁止外加 限修及外加,田徑場/大三、四重補修請於第三階段至通識中心加選。,https://course.nuk.edu.tw/QueryCourse/tcontent.asp?OpenYear=109&Helf=1&Sclass=GR&Cono=S41A,2026-08-26T18:22:53+00:00
109-1-GR-S42A-A-1-A,109,1,共同與通識課程,GR,共同必修系列,S42A,A,大學部,1,A,體育(一)-應化系,0,必,50,45,,5,高群超,,,,"3,4",,,,,"[{""day"": 3, ""dayName"": ""星期三"", ""periods"": [""3"", ""4""], ""raw"": ""3,4""}]",禁止外加 限修及外加,羽球場/大三、四重補修請於第三階段至通識中心加選。,https://course.nuk.edu.tw/QueryCourse/tcontent.asp?OpenYear=109&Helf=1&Sclass=GR&Cono=S42A,2026-08-26T18:22:53+00:00
109-1-GR-S43A-A-1-A,109,1,共同與通識課程,GR,共同必修系列,S43A,A,大學部,1,A,體育(一)-應物系,0,必,50,47,,3,蔡義川,,"3,4",,,,,,,"[{""day"": 1, ""dayName"": ""星期一"", ""periods"": [""3"", ""4""], ""raw"": ""3,4""}]",禁止外加 限修,籃球場/大三、四重補修請於第三階段至通識中心加選。,https://course.nuk.edu.tw/QueryCourse/tcontent.asp?OpenYear=109&Helf=1&Sclass=GR&Cono=S43A,2026-08-26T18:22:53+00:00
109-1-GR-S51A-A-1-A,109,1,共同與通識課程,GR,共同必修系列,S51A,A,大學部,1,A,體育(一)-電機A,0,必,55,52,,3,林文俊,,,,"3,4",,,,,"[{""day"": 3, ""dayName"": ""星期三"", ""periods"": [""3"", ""4""], ""raw"": ""3,4""}]",禁止外加 限修及外加,壘球場/大三、四重補修請於第三階段至通識中心加選。,https://course.nuk.edu.tw/QueryCourse/tcontent.asp?OpenYear=109&Helf=1&Sclass=GR&Cono=S51A,2026-08-26T18:22:53+00:00
109-1-GR-S51C-A-1-A,109,1,共同與通識課程,GR,共同必修系列,S51C,A,大學部,1,A,體育(一)-電機B,0,必,50,47,,3,黃蔚,,"3,4",,,,,,,"[{""day"": 1, ""dayName"": ""星期一"", ""periods"": [""3"", ""4""], ""raw"": ""3,4""}]",禁止外加 限修,排球場/大三、四重補修請於第三階段至通識中心加選。,https://course.nuk.edu.tw/QueryCourse/tcontent.asp?OpenYear=109&Helf=1&Sclass=GR&Cono=S51C,2026-08-26T18:22:53+00:00
109-1-GR-S52A-A-1-A,109,1,共同與通識課程,GR,共同必修系列,S52A,A,大學部,1,A,體育(一)-土環系A,0,必,56,55,,1,高群超,,,,,"3,4",,,,"[{""day"": 4, ""dayName"": ""星期四"", ""periods"": [""3"", ""4""], ""raw"": ""3,4""}]",禁止外加 限修及外加,羽球場/大三、四重補修請於第三階段至通識中心加選。,https://course.nuk.edu.tw/QueryCourse/tcontent.asp?OpenYear=109&Helf=1&Sclass=GR&Cono=S52A,2026-08-26T18:22:53+00:00
109-1-GR-S55A-A-1-A,109,1,共同與通識課程,GR,共同必修系列,S55A,A,大學部,1,A,體育(一)-資工系,0,必,50,49,,1,許維哲,,,,,,"3,4",,,"[{""day"": 5, ""dayName"": ""星期五"", ""periods"": [""3"", ""4""], ""raw"": ""3,4""}]",禁止外加 限修,籃球場/大三、四重補修請於第三階段至通識中心加選。,https://course.nuk.edu.tw/QueryCourse/tcontent.asp?OpenYear=109&Helf=1&Sclass=GR&Cono=S55A,2026-08-26T18:22:53+00:00
109-1-GR-S56A-A-1-A,109,1,共同與通識課程,GR,共同必修系列,S56A,A,大學部,1,A,體育(一)-化材系,0,必,50,37,,13,蔡春福,,"3,4",,,,,,,"[{""day"": 1, ""dayName"": ""星期一"", ""periods"": [""3"", ""4""], ""raw"": ""3,4""}]",禁止外加 限修,木球場/大三、四重補修請於第三階段至通識中心加選。,https://course.nuk.edu.tw/QueryCourse/tcontent.asp?OpenYear=109&Helf=1&Sclass=GR&Cono=S56A,2026-08-26T18:22:53+00:00
109-1-GR-S61A-A-1-A,109,1,共同與通識課程,GR,共同必修系列,S61A,A,大學部,1,A,體育(一)-生科系,0,必,54,50,,4,高群超,,,,,"8,9",,,,"[{""day"": 4, ""dayName"": ""星期四"", ""periods"": [""8"", ""9""], ""raw"": ""8,9""}]",禁止外加 限修及外加,木球場/大三、四重補修請於第三階段至通識中心加選。,https://course.nuk.edu.tw/QueryCourse/tcontent.asp?OpenYear=109&Helf=1&Sclass=GR&Cono=S61A,2026-08-26T18:22:53+00:00
109-1-GR-S71A-A-1-A,109,1,共同與通識課程,GR,共同必修系列,S71A,A,大學部,1,A,體育(一)-亞太系,0,必,66,64,,2,王士仁,,,,,,"3,4",,,"[{""day"": 5, ""dayName"": ""星期五"", ""periods"": [""3"", ""4""], ""raw"": ""3,4""}]",禁止外加 限修及外加,桌球場/大三、四重補修請於第三階段至通識中心加選。,https://course.nuk.edu.tw/QueryCourse/tcontent.asp?OpenYear=109&Helf=1&Sclass=GR&Cono=S71A,2026-08-26T18:22:53+00:00
109-1-GR-SA01-A-2-A,109,1,共同與通識課程,GR,共同必修系列,SA01,A,大學部,2,A,體育(三)-網球A,0,必,55,55,,0,蔡明書,,"1,2",,,,,,,"[{""day"": 1, ""dayName"": ""星期一"", ""periods"": [""1"", ""2""], ""raw"": ""1,2""}]",禁止外加 限修及外加,限應經二、資管二、應數二、法律二、西語二選修。大三、四重補修請於第三階段至通識中心加選。上下學期選項重覆選修不算學分。,https://course.nuk.edu.tw/QueryCourse/tcontent.asp?OpenYear=109&Helf=1&Sclass=GR&Cono=SA01,2026-08-26T18:22:53+00:00
109-1-GR-SA02-A-2-A,109,1,共同與通識課程,GR,共同必修系列,SA02,A,大學部,2,A,體育(三)-網球B,0,必,56,52,,4,蔡明書,,,"5,6",,,,,,"[{""day"": 2, ""dayName"": ""星期二"", ""periods"": [""5"", ""6""], ""raw"": ""5,6""}]",禁止外加 限修及外加,限亞太二、土環二、應物二選修。大三、四重補修請於第三階段至通識中心加選。上下學期選項重覆選修不算學分。,https://course.nuk.edu.tw/QueryCourse/tcontent.asp?OpenYear=109&Helf=1&Sclass=GR&Cono=SA02,2026-08-26T18:22:53+00:00
109-1-GR-SA11-A-2-A,109,1,共同與通識課程,GR,共同必修系列,SA11,A,大學部,2,A,體育(三)-桌球A,0,必,56,50,,6,馮潤賓,,,,"1,2",,,,,"[{""day"": 3, ""dayName"": ""星期三"", ""periods"": [""1"", ""2""], ""raw"": ""1,2""}]",禁止外加 限修及外加,限運休二、政法二、資工二、東語二、財法二選修。大三、四重補修請於第三階段至通識中心加選。上下學期選項重覆選修不算學分。,https://course.nuk.edu.tw/QueryCourse/tcontent.asp?OpenYear=109&Helf=1&Sclass=GR&Cono=SA11,2026-08-26T18:22:53+00:00
109-1-GR-SA12-A-2-A,109,1,共同與通識課程,GR,共同必修系列,SA12,A,大學部,2,A,體育(三)-桌球B,0,必,58,58,,0,蔡春福,,,,,,"1,2",,,"[{""day"": 5, ""dayName"": ""星期五"", ""periods"": [""1"", ""2""], ""raw"": ""1,2""}]",禁止外加 限修及外加,限藝創二、應化二、化材二、運技二、建築二選修。大三、四重補修請於第三階段至通識中心加選。上下學期選項重覆選修不算學分。,https://course.nuk.edu.tw/QueryCourse/tcontent.asp?OpenYear=109&Helf=1&Sclass=GR&Cono=SA12,2026-08-26T18:22:53+00:00
109-1-GR-SA21-A-2-A,109,1,共同與通識課程,GR,共同必修系列,SA21,A,大學部,2,A,體育(三)-木球A,0,必,60,59,,1,王士仁,,,,"1,2",,,,,"[{""day"": 3, ""dayName"": ""星期三"", ""periods"": [""1"", ""2""], ""raw"": ""1,2""}]",禁止外加 限修及外加,限運休二、政法二、資工二、東語二、財法二選修。大三、四重補修請於第三階段至通識中心加選。上下學期選項重覆選修不算學分。,https://course.nuk.edu.tw/QueryCourse/tcontent.asp?OpenYear=109&Helf=1&Sclass=GR&Cono=SA21,2026-08-26T18:22:53+00:00
109-1-GR-SA22-A-2-A,109,1,共同與通識課程,GR,共同必修系列,SA22,A,大學部,2,A,體育(三)-木球B,0,必,57,49,,8,王士仁,,,,,,"1,2",,,"[{""day"": 5, ""dayName"": ""星期五"", ""periods"": [""1"", ""2""], ""raw"": ""1,2""}]",禁止外加 限修及外加,限藝創二、應化二、化材二、運技二、建築二選修。大三、四重補修請於第三階段至通識中心加選。上下學期選項重覆選修不算學分。,https://course.nuk.edu.tw/QueryCourse/tcontent.asp?OpenYear=109&Helf=1&Sclass=GR&Cono=SA22,2026-08-26T18:22:53+00:00
109-1-GR-SA23-A-2-A,109,1,共同與通識課程,GR,共同必修系列,SA23,A,大學部,2,A,體育(三)-木球C,0,必,59,57,,2,王士仁,,,,,,"5,6",,,"[{""day"": 5, ""dayName"": ""星期五"", ""periods"": [""5"", ""6""], ""raw"": ""5,6""}]",禁止外加 限修及外加,限生科二、金管二、土環原二、電機二A、電機二B選修。大三、四重補修請於第三階段至通識中心加選。上下學期選項重覆選修不算學分。,https://course.nuk.edu.tw/QueryCourse/tcontent.asp?OpenYear=109&Helf=1&Sclass=GR&Cono=SA23,2026-08-26T18:22:53+00:00
109-1-GR-SA31-A-2-A,109,1,共同與通識課程,GR,共同必修系列,SA31,A,大學部,2,A,體育(三)-羽球A,0,必,55,46,,9,高群超,,,"5,6",,,,,,"[{""day"": 2, ""dayName"": ""星期二"", ""periods"": [""5"", ""6""], ""raw"": ""5,6""}]",禁止外加 限修及外加,限亞太二、土環二、應物二選修。大三、四重補修請於第三階段至通識中心加選。上下學期選項重覆選修不算學分。,https://course.nuk.edu.tw/QueryCourse/tcontent.asp?OpenYear=109&Helf=1&Sclass=GR&Cono=SA31,2026-08-26T18:22:53+00:00
109-1-GR-SA32-A-2-A,109,1,共同與通識課程,GR,共同必修系列,SA32,A,大學部,2,A,體育(三)-羽球B,0,必,56,56,,0,高群超,,,,"1,2",,,,,"[{""day"": 3, ""dayName"": ""星期三"", ""periods"": [""1"", ""2""], ""raw"": ""1,2""}]",禁止外加 限修及外加,限運休二、政法二、資工二、東語二、財法二選修。大三、四重補修請於第三階段至通識中心加選。上下學期選項重覆選修不算學分。,https://course.nuk.edu.tw/QueryCourse/tcontent.asp?OpenYear=109&Helf=1&Sclass=GR&Cono=SA32,2026-08-26T18:22:53+00:00
109-1-GR-SA33-A-2-A,109,1,共同與通識課程,GR,共同必修系列,SA33,A,大學部,2,A,體育(三)-羽球C,0,必,58,58,,0,黃郁玲,,,,,,"1,2",,,"[{""day"": 5, ""dayName"": ""星期五"", ""periods"": [""1"", ""2""], ""raw"": ""1,2""}]",禁止外加 限修及外加,限藝創二、應化二、化材二、運技二、建築二選修。大三、四重補修請於第三階段至通識中心加選。上下學期選項重覆選修不算學分。,https://course.nuk.edu.tw/QueryCourse/tcontent.asp?OpenYear=109&Helf=1&Sclass=GR&Cono=SA33,2026-08-26T18:22:53+00:00
109-1-GR-SA34-A-2-A,109,1,共同與通識課程,GR,共同必修系列,SA34,A,大學部,2,A,體育(三)-羽球D,0,必,56,55,,1,蔡春福,,,,,,"5,6",,,"[{""day"": 5, ""dayName"": ""星期五"", ""periods"": [""5"", ""6""], ""raw"": ""5,6""}]",禁止外加 限修及外加,限生科二、金管二、土環原二、電機二A、電機二B選修。大三、四重補修請於第三階段至通識中心加選。上下學期選項重覆選修不算學分。,https://course.nuk.edu.tw/QueryCourse/tcontent.asp?OpenYear=109&Helf=1&Sclass=GR&Cono=SA34,2026-08-26T18:22:53+00:00
109-1-GR-SA41-A-2-A,109,1,共同與通識課程,GR,共同必修系列,SA41,A,大學部,2,A,體育(三)-壘球A,0,必,48,34,,14,林文俊,,"1,2",,,,,,,"[{""day"": 1, ""dayName"": ""星期一"", ""periods"": [""1"", ""2""], ""raw"": ""1,2""}]",禁止外加 限修及外加,限應經二、資管二、應數二、法律二、西語二選修。大三、四重補修請於第三階段至通識中心加選。上下學期選項重覆選修不算學分。,https://course.nuk.edu.tw/QueryCourse/tcontent.asp?OpenYear=109&Helf=1&Sclass=GR&Cono=SA41,2026-08-26T18:22:53+00:00
109-1-GR-SA42-A-2-A,109,1,共同與通識課程,GR,共同必修系列,SA42,A,大學部,2,A,體育(三)-壘球B,0,必,49,34,,15,林文俊,,,,"1,2",,,,,"[{""day"": 3, ""dayName"": ""星期三"", ""periods"": [""1"", ""2""], ""raw"": ""1,2""}]",禁止外加 限修及外加,限運休二、政法二、資工二、東語二、財法二選修。大三、四重補修請於第三階段至通識中心加選。上下學期選項重覆選修不算學分。,https://course.nuk.edu.tw/QueryCourse/tcontent.asp?OpenYear=109&Helf=1&Sclass=GR&Cono=SA42,2026-08-26T18:22:53+00:00
109-1-GR-SA51-A-2-A,109,1,共同與通識課程,GR,共同必修系列,SA51,A,大學部,2,A,體育(三)-籃球A,0,必,60,60,,0,蔡義川,,"1,2",,,,,,,"[{""day"": 1, ""dayName"": ""星期一"", ""periods"": [""1"", ""2""], ""raw"": ""1,2""}]",禁止外加 限修及外加,限應經二、資管二、應數二、法律二、西語二選修。大三、四重補修請於第三階段至通識中心加選。上下學期選項重覆選修不算學分。,https://course.nuk.edu.tw/QueryCourse/tcontent.asp?OpenYear=109&Helf=1&Sclass=GR&Cono=SA51,2026-08-26T18:22:53+00:00
109-1-GR-SA52-A-2-A,109,1,共同與通識課程,GR,共同必修系列,SA52,A,大學部,2,A,體育(三)-籃球B,0,必,55,52,,3,蔡義川,,,"5,6",,,,,,"[{""day"": 2, ""dayName"": ""星期二"", ""periods"": [""5"", ""6""], ""raw"": ""5,6""}]",禁止外加 限修及外加,限亞太二、土環二、應物二選修。大三、四重補修請於第三階段至通識中心加選。上下學期選項重覆選修不算學分。,https://course.nuk.edu.tw/QueryCourse/tcontent.asp?OpenYear=109&Helf=1&Sclass=GR&Cono=SA52,2026-08-26T18:22:53+00:00
109-1-GR-SA53-A-2-A,109,1,共同與通識課程,GR,共同必修系列,SA53,A,大學部,2,A,體育(三)-籃球C,0,必,56,56,,0,施長和,,,,"1,2",,,,,"[{""day"": 3, ""dayName"": ""星期三"", ""periods"": [""1"", ""2""], ""raw"": ""1,2""}]",禁止外加 限修及外加,限運休二、政法二、資工二、東語二、財法二選修。大三、四重補修請於第三階段至通識中心加選。上下學期選項重覆選修不算學分。,https://course.nuk.edu.tw/QueryCourse/tcontent.asp?OpenYear=109&Helf=1&Sclass=GR&Cono=SA53,2026-08-26T18:22:53+00:00
109-1-GR-SA54-A-2-A,109,1,共同與通識課程,GR,共同必修系列,SA54,A,大學部,2,A,體育(三)-籃球D,0,必,56,56,,0,黃蔚,,,,,,"5,6",,,"[{""day"": 5, ""dayName"": ""星期五"", ""periods"": [""5"", ""6""], ""raw"": ""5,6""}]",禁止外加 限修及外加,限生科二、金管二、土環原二、電機二A、電機二B選修。大三、四重補修請於第三階段至通識中心加選。上下學期選項重覆選修不算學分。,https://course.nuk.edu.tw/QueryCourse/tcontent.asp?OpenYear=109&Helf=1&Sclass=GR&Cono=SA54,2026-08-26T18:22:53+00:00
109-1-GR-SA61-A-2-A,109,1,共同與通識課程,GR,共同必修系列,SA61,A,大學部,2,A,體育(三)-排球A,0,必,46,34,,12,許維哲,,,,,,"1,2",,,"[{""day"": 5, ""dayName"": ""星期五"", ""periods"": [""1"", ""2""], ""raw"": ""1,2""}]",禁止外加 限修及外加,限藝創二、應化二、化材二、運技二、建築二選修。大三、四重補修請於第三階段至通識中心加選。上下學期選項重覆選修不算學分。,https://course.nuk.edu.tw/QueryCourse/tcontent.asp?OpenYear=109&Helf=1&Sclass=GR&Cono=SA61,2026-08-26T18:22:53+00:00
109-1-GR-SA62-A-2-A,109,1,共同與通識課程,GR,共同必修系列,SA62,A,大學部,2,A,體育(三)-排球B,0,必,46,33,,13,許維哲,,,,,,"5,6",,,"[{""day"": 5, ""dayName"": ""星期五"", ""periods"": [""5"", ""6""], ""raw"": ""5,6""}]",禁止外加 限修及外加,限生科二、金管二、土環原二、電機二A、電機二B選修。大三、四重補修請於第三階段至通識中心加選。上下學期選項重覆選修不算學分。,https://course.nuk.edu.tw/QueryCourse/tcontent.asp?OpenYear=109&Helf=1&Sclass=GR&Cono=SA62,2026-08-26T18:22:53+00:00
109-1-GR-SA73-A-2-A,109,1,共同與通識課程,GR,共同必修系列,SA73,A,大學部,2,A,體育(三)-有氧舞蹈A,0,必,55,53,,2,黃蔚,K01-004 其他教室,"1,2",,,,,,,"[{""day"": 1, ""dayName"": ""星期一"", ""periods"": [""1"", ""2""], ""raw"": ""1,2""}]",禁止外加 限修及外加,限應經二、資管二、應數二、法律二、西語二選修。大三、四重補修請於第三階段至通識中心加選。上下學期選項重覆選修不算學分。,https://course.nuk.edu.tw/QueryCourse/tcontent.asp?OpenYear=109&Helf=1&Sclass=GR&Cono=SA73,2026-08-26T18:22:53+00:00
109-1-GR-SA81-A-2-A,109,1,共同與通識課程,GR,共同必修系列,SA81,A,大學部,2,A,體育(三)-足球A,0,必,48,17,,31,耿仕榮,,,,,,"5,6",,,"[{""day"": 5, ""dayName"": ""星期五"", ""periods"": [""5"", ""6""], ""raw"": ""5,6""}]",禁止外加 限修及外加,限生科二、金管二、土環原二、電機二A、電機二B選修。大三、四重補修請於第三階段至通識中心加選。上下學期選項重覆選修不算學分。,https://course.nuk.edu.tw/QueryCourse/tcontent.asp?OpenYear=109&Helf=1&Sclass=GR&Cono=SA81,2026-08-26T18:22:53+00:00
109-1-GR-SA88-A-2-A,109,1,共同與通識課程,GR,共同必修系列,SA88,A,大學部,2,A,體育(三)-藍網球A,0,必,49,16,,33,宋洪經,,,,,,"1,2",,,"[{""day"": 5, ""dayName"": ""星期五"", ""periods"": [""1"", ""2""], ""raw"": ""1,2""}]",禁止外加 限修及外加,限藝創二、應化二、化材二、運技二、建築二選修。大三、四重補修請於第三階段至通識中心加選。上下學期選項重覆選修不算學分。,https://course.nuk.edu.tw/QueryCourse/tcontent.asp?OpenYear=109&Helf=1&Sclass=GR&Cono=SA88,2026-08-26T18:22:53+00:00
109-1-GR-SC11-A-2-A,109,1,共同與通識課程,GR,共同必修系列,SC11,A,大學部,2,A,體育(三)-飛盤A,0,必,58,58,,0,蔡文星,,"1,2",,,,,,,"[{""day"": 1, ""dayName"": ""星期一"", ""periods"": [""1"", ""2""], ""raw"": ""1,2""}]",禁止外加 限修及外加,限應經二、資管二、應數二、法律二、西語二選修。大三、四重補修請於第三階段至通識中心加選。上下學期選項重覆選修不算學分。,https://course.nuk.edu.tw/QueryCourse/tcontent.asp?OpenYear=109&Helf=1&Sclass=GR&Cono=SC11,2026-08-26T18:22:53+00:00
109-1-IN-A002-A-1-A,109,1,共同與通識課程,IN,興趣選修,A002,A,大學部,1,A,華語閱讀班(一),2,選,60,6,,54,黃文娟,L02-201,,,"7,8",,,,,"[{""day"": 3, ""dayName"": ""星期三"", ""periods"": [""7"", ""8""], ""raw"": ""7,8""}]",,選修此班需經教師認定核可 2.本課程不計入通識學分，經學系認定後得列入畢業學分,https://course.nuk.edu.tw/QueryCourse/tcontent.asp?OpenYear=109&Helf=1&Sclass=IN&Cono=A002,2026-08-26T18:22:53+00:00
109-1-LI-A034-A-1-A,109,1,共同與通識課程,LI,通識人文科學類,A034,A,大學部,1,A,儒家經典智慧,2,選,60,60,,0,林于盛,B01-106,,,"7,8",,,,,"[{""day"": 3, ""dayName"": ""星期三"", ""periods"": [""7"", ""8""], ""raw"": ""7,8""}]",禁止外加,,https://course.nuk.edu.tw/QueryCourse/tcontent.asp?OpenYear=109&Helf=1&Sclass=LI&Cono=A034,2026-08-26T18:22:53+00:00
109-1-LI-A036-A-1-A,109,1,共同與通識課程,LI,通識人文科學類,A036,A,大學部,1,A,禪宗經典智慧,2,選,60,58,,2,蕭愛蓉,C02-407,,,"5,6",,,,,"[{""day"": 3, ""dayName"": ""星期三"", ""periods"": [""5"", ""6""], ""raw"": ""5,6""}]",禁止外加,,https://course.nuk.edu.tw/QueryCourse/tcontent.asp?OpenYear=109&Helf=1&Sclass=LI&Cono=A036,2026-08-26T18:22:53+00:00
109-1-LI-A044-A-1-A,109,1,共同與通識課程,LI,通識人文科學類,A044,A,大學部,1,A,氣的探索與體驗,2,選,60,60,,0,蔡仁傑,B01-108,"1,2",,,,,,,"[{""day"": 1, ""dayName"": ""星期一"", ""periods"": [""1"", ""2""], ""raw"": ""1,2""}]",禁止外加,,https://course.nuk.edu.tw/QueryCourse/tcontent.asp?OpenYear=109&Helf=1&Sclass=LI&Cono=A044,2026-08-26T18:22:53+00:00
109-1-LI-A051-A-1-A,109,1,共同與通識課程,LI,通識人文科學類,A051,A,大學部,1,A,台灣文學,2,選,61,51,,10,黃淑瑮,B01-107,,,"5,6",,,,,"[{""day"": 3, ""dayName"": ""星期三"", ""periods"": [""5"", ""6""], ""raw"": ""5,6""}]",禁止外加,,https://course.nuk.edu.tw/QueryCourse/tcontent.asp?OpenYear=109&Helf=1&Sclass=LI&Cono=A051,2026-08-26T18:22:53+00:00
109-1-LI-A114-A-1-A,109,1,共同與通識課程,LI,通識人文科學類,A114,A,大學部,1,A,日本繪本,2,選,60,60,,0,錢秋茜,B01-109,,,,,"5,6",,,"[{""day"": 5, ""dayName"": ""星期五"", ""periods"": [""5"", ""6""], ""raw"": ""5,6""}]",禁止外加,東語系日語組或以日語為母語者請勿選修,https://course.nuk.edu.tw/QueryCourse/tcontent.asp?OpenYear=109&Helf=1&Sclass=LI&Cono=A114,2026-08-26T18:22:53+00:00
109-1-LI-A174-A-1-A,109,1,共同與通識課程,LI,通識人文科學類,A174,A,大學部,1,A,新詩創作(A),2,選,60,58,,2,張忠進,B01-106,,,,"7,8",,,,"[{""day"": 4, ""dayName"": ""星期四"", ""periods"": [""7"", ""8""], ""raw"": ""7,8""}]",禁止外加,,https://course.nuk.edu.tw/QueryCourse/tcontent.asp?OpenYear=109&Helf=1&Sclass=LI&Cono=A174,2026-08-26T18:22:53+00:00
109-1-LI-A184-A-1-A,109,1,共同與通識課程,LI,通識人文科學類,A184,A,大學部,1,A,現代文學選讀與習作,2,選,60,60,,0,張忠進,B01-106,,,,"3,4",,,,"[{""day"": 4, ""dayName"": ""星期四"", ""periods"": [""3"", ""4""], ""raw"": ""3,4""}]",禁止外加,,https://course.nuk.edu.tw/QueryCourse/tcontent.asp?OpenYear=109&Helf=1&Sclass=LI&Cono=A184,2026-08-26T18:22:53+00:00
109-1-LI-A213-A-1-A,109,1,共同與通識課程,LI,通識人文科學類,A213,A,大學部,1,A,田野調查,3,選,40,36,,4,翁烔慶,L02-108,,,,"5,6, 7",,,,"[{""day"": 4, ""dayName"": ""星期四"", ""periods"": [""5"", ""6"", ""7""], ""raw"": ""5,6, 7""}]",禁止外加,,https://course.nuk.edu.tw/QueryCourse/tcontent.asp?OpenYear=109&Helf=1&Sclass=LI&Cono=A213,2026-08-26T18:22:53+00:00
109-1-LI-A216-A-1-A,109,1,共同與通識課程,LI,通識人文科學類,A216,A,大學部,1,A,籤詩文學與寺廟文化,2,選,60,59,,1,翁烔慶,L02-108,,,,"3,4",,,,"[{""day"": 4, ""dayName"": ""星期四"", ""periods"": [""3"", ""4""], ""raw"": ""3,4""}]",禁止外加,,https://course.nuk.edu.tw/QueryCourse/tcontent.asp?OpenYear=109&Helf=1&Sclass=LI&Cono=A216,2026-08-26T18:22:53+00:00
109-1-LI-A223-A-1-A,109,1,共同與通識課程,LI,通識人文科學類,A223,A,大學部,1,A,故事欣賞與習作,2,選,60,23,,37,賴素玫,M01-208,,"5,6",,,,,,"[{""day"": 2, ""dayName"": ""星期二"", ""periods"": [""5"", ""6""], ""raw"": ""5,6""}]",禁止外加,,https://course.nuk.edu.tw/QueryCourse/tcontent.asp?OpenYear=109&Helf=1&Sclass=LI&Cono=A223,2026-08-26T18:22:53+00:00
109-1-LI-A343-A-1-A,109,1,共同與通識課程,LI,通識人文科學類,A343,A,大學部,1,A,人生哲學,2,選,60,60,,0,蕭愛蓉,C02-407,,,"7,8",,,,,"[{""day"": 3, ""dayName"": ""星期三"", ""periods"": [""7"", ""8""], ""raw"": ""7,8""}]",禁止外加,,https://course.nuk.edu.tw/QueryCourse/tcontent.asp?OpenYear=109&Helf=1&Sclass=LI&Cono=A343,2026-08-26T18:22:53+00:00
109-1-LI-A373-A-1-A,109,1,共同與通識課程,LI,通識人文科學類,A373,A,大學部,1,A,音樂與戲劇,2,選,60,50,,10,羅文秀,L01-103,"5,6",,,,,,,"[{""day"": 1, ""dayName"": ""星期一"", ""periods"": [""5"", ""6""], ""raw"": ""5,6""}]",禁止外加,,https://course.nuk.edu.tw/QueryCourse/tcontent.asp?OpenYear=109&Helf=1&Sclass=LI&Cono=A373,2026-08-26T18:22:53+00:00
109-1-LI-A374-A-1-A,109,1,共同與通識課程,LI,通識人文科學類,A374,A,大學部,1,A,古典音樂導聆,2,選,60,59,,1,蔡麗芬,L01-103,,,,"5,6",,,,"[{""day"": 4, ""dayName"": ""星期四"", ""periods"": [""5"", ""6""], ""raw"": ""5,6""}]",禁止外加,,https://course.nuk.edu.tw/QueryCourse/tcontent.asp?OpenYear=109&Helf=1&Sclass=LI&Cono=A374,2026-08-26T18:22:53+00:00
109-1-LI-A436-A-1-A,109,1,共同與通識課程,LI,通識人文科學類,A436,A,大學部,1,A,中國古典詩詞選讀,2,選,60,57,,3,陳猷青,B01-106,,,,,"5,6",,,"[{""day"": 5, ""dayName"": ""星期五"", ""periods"": [""5"", ""6""], ""raw"": ""5,6""}]",禁止外加,,https://course.nuk.edu.tw/QueryCourse/tcontent.asp?OpenYear=109&Helf=1&Sclass=LI&Cono=A436,2026-08-26T18:22:53+00:00
109-1-LI-A497-A-1-A,109,1,共同與通識課程,LI,通識人文科學類,A497,A,大學部,1,A,台灣之流行音樂與社會變遷,2,選,60,60,,0,陳怡靜,L01-103,,,,,"5,6",,,"[{""day"": 5, ""dayName"": ""星期五"", ""periods"": [""5"", ""6""], ""raw"": ""5,6""}]",禁止外加,,https://course.nuk.edu.tw/QueryCourse/tcontent.asp?OpenYear=109&Helf=1&Sclass=LI&Cono=A497,2026-08-26T18:22:53+00:00
109-1-LI-A638-A-1-A,109,1,共同與通識課程,LI,通識人文科學類,A638,A,大學部,1,A,視覺文化藝術,2,選,60,53,,7,林殷齊,B01-104,,,,,"5,6",,,"[{""day"": 5, ""dayName"": ""星期五"", ""periods"": [""5"", ""6""], ""raw"": ""5,6""}]",禁止外加,,https://course.nuk.edu.tw/QueryCourse/tcontent.asp?OpenYear=109&Helf=1&Sclass=LI&Cono=A638,2026-08-26T18:22:53+00:00
109-1-LI-A714-A-1-A,109,1,共同與通識課程,LI,通識人文科學類,A714,A,大學部,1,A,戲曲藝術入門與賞析,2,選,60,30,,30,王海玲,B01-108,,,,,"8,9",,,"[{""day"": 5, ""dayName"": ""星期五"", ""periods"": [""8"", ""9""], ""raw"": ""8,9""}]",禁止外加,,https://course.nuk.edu.tw/QueryCourse/tcontent.asp?OpenYear=109&Helf=1&Sclass=LI&Cono=A714,2026-08-26T18:22:53+00:00
109-1-LI-A810-A-1-A,109,1,共同與通識課程,LI,通識人文科學類,A810,A,大學部,1,A,電影文學與人生,2,選,60,59,,1,高美芸,L01-103,,,,"7,8",,,,"[{""day"": 4, ""dayName"": ""星期四"", ""periods"": [""7"", ""8""], ""raw"": ""7,8""}]",禁止外加,,https://course.nuk.edu.tw/QueryCourse/tcontent.asp?OpenYear=109&Helf=1&Sclass=LI&Cono=A810,2026-08-26T18:22:53+00:00
109-1-LI-A831-A-1-A,109,1,共同與通識課程,LI,通識人文科學類,A831,A,大學部,1,A,台灣歷史與文化,2,選,60,60,,0,楊書濠 洪聖斐,L02-102,"8,9",,,,,,,"[{""day"": 1, ""dayName"": ""星期一"", ""periods"": [""8"", ""9""], ""raw"": ""8,9""}]",禁止外加,本課程包含18小時之線上課程，學生必須加入磨課師平台參與課程教學及討論,https://course.nuk.edu.tw/QueryCourse/tcontent.asp?OpenYear=109&Helf=1&Sclass=LI&Cono=A831,2026-08-26T18:22:53+00:00
109-1-LI-A842-A-1-A,109,1,共同與通識課程,LI,通識人文科學類,A842,A,大學部,1,A,台灣原住民族文化,2,選,60,60,,0,林富水,C02-406,,,"7,8",,,,,"[{""day"": 3, ""dayName"": ""星期三"", ""periods"": [""7"", ""8""], ""raw"": ""7,8""}]",禁止外加,,https://course.nuk.edu.tw/QueryCourse/tcontent.asp?OpenYear=109&Helf=1&Sclass=LI&Cono=A842,2026-08-26T18:22:53+00:00
109-1-LI-A843-A-1-A,109,1,共同與通識課程,LI,通識人文科學類,A843,A,大學部,1,A,原住民族語言課程,2,選,60,26,,34,陳海雲 業界教師,B01-101,,"10,11",,,,,,"[{""day"": 2, ""dayName"": ""星期二"", ""periods"": [""10"", ""11""], ""raw"": ""10,11""}]",,1.排灣族、阿美族、布農族語言課程，2.課程相關問題請聯繫,https://course.nuk.edu.tw/QueryCourse/tcontent.asp?OpenYear=109&Helf=1&Sclass=LI&Cono=A843,2026-08-26T18:22:53+00:00
109-1-LI-B013-A-1-A,109,1,共同與通識課程,LI,通識人文科學類,B013,A,大學部,1,A,電影中的音樂媒介,2,選,60,60,,0,陳怡靜,L01-103,,,,,"3,4",,,"[{""day"": 5, ""dayName"": ""星期五"", ""periods"": [""3"", ""4""], ""raw"": ""3,4""}]",禁止外加,,https://course.nuk.edu.tw/QueryCourse/tcontent.asp?OpenYear=109&Helf=1&Sclass=LI&Cono=B013,2026-08-26T18:22:53+00:00
109-1-LI-B014-A-1-A,109,1,共同與通識課程,LI,通識人文科學類,B014,A,大學部,1,A,從巴洛克到搖滾樂,2,選,60,60,,0,陳怡靜,L01-103,,,,,"1,2",,,"[{""day"": 5, ""dayName"": ""星期五"", ""periods"": [""1"", ""2""], ""raw"": ""1,2""}]",禁止外加,,https://course.nuk.edu.tw/QueryCourse/tcontent.asp?OpenYear=109&Helf=1&Sclass=LI&Cono=B014,2026-08-26T18:22:53+00:00
109-1-LI-B015-A-1-A,109,1,共同與通識課程,LI,通識人文科學類,B015,A,大學部,1,A,電影音樂欣賞,2,選,60,60,,0,蔡麗芬,L01-103,,,,"3,4",,,,"[{""day"": 4, ""dayName"": ""星期四"", ""periods"": [""3"", ""4""], ""raw"": ""3,4""}]",禁止外加,,https://course.nuk.edu.tw/QueryCourse/tcontent.asp?OpenYear=109&Helf=1&Sclass=LI&Cono=B015,2026-08-26T18:22:53+00:00
109-1-LI-B021-A-1-A,109,1,共同與通識課程,LI,通識人文科學類,B021,A,大學部,1,A,世界主要宗教導覽,2,選,60,60,,0,蔡仁傑,B01-108,"3,4",,,,,,,"[{""day"": 1, ""dayName"": ""星期一"", ""periods"": [""3"", ""4""], ""raw"": ""3,4""}]",禁止外加,,https://course.nuk.edu.tw/QueryCourse/tcontent.asp?OpenYear=109&Helf=1&Sclass=LI&Cono=B021,2026-08-26T18:22:53+00:00
109-1-LI-B067-A-1-A,109,1,共同與通識課程,LI,通識人文科學類,B067,A,大學部,1,A,初級日語會話(一),2,選,60,60,,0,錢秋茜,B01-109,,,,,"3,4",,,"[{""day"": 5, ""dayName"": ""星期五"", ""periods"": [""3"", ""4""], ""raw"": ""3,4""}]",禁止外加,東語系日文組，及母語為日語者請勿選修,https://course.nuk.edu.tw/QueryCourse/tcontent.asp?OpenYear=109&Helf=1&Sclass=LI&Cono=B067,2026-08-26T18:22:53+00:00
109-1-LI-B069-A-1-A,109,1,共同與通識課程,LI,通識人文科學類,B069,A,大學部,1,A,職場英文聽讀訓練,2,選,60,60,,0,王靜嫻,B01-107,"5,6",,,,,,,"[{""day"": 1, ""dayName"": ""星期一"", ""periods"": [""5"", ""6""], ""raw"": ""5,6""}]",禁止外加,,https://course.nuk.edu.tw/QueryCourse/tcontent.asp?OpenYear=109&Helf=1&Sclass=LI&Cono=B069,2026-08-26T18:22:53+00:00
109-1-LI-B070-A-1-A,109,1,共同與通識課程,LI,通識人文科學類,B070,A,大學部,1,A,全民英檢準備班,2,選,61,61,,0,翁嵐瑜,B01-103,,,"5,6",,,,,"[{""day"": 3, ""dayName"": ""星期三"", ""periods"": [""5"", ""6""], ""raw"": ""5,6""}]",禁止外加,,https://course.nuk.edu.tw/QueryCourse/tcontent.asp?OpenYear=109&Helf=1&Sclass=LI&Cono=B070,2026-08-26T18:22:53+00:00
109-1-LI-B073-A-1-A,109,1,共同與通識課程,LI,通識人文科學類,B073,A,大學部,1,A,初級印尼語(一),3,選,60,41,,19,倪華緣,H1--103,"2,3, 4",,,,,,,"[{""day"": 1, ""dayName"": ""星期一"", ""periods"": [""2"", ""3"", ""4""], ""raw"": ""2,3, 4""}]",禁止外加,,https://course.nuk.edu.tw/QueryCourse/tcontent.asp?OpenYear=109&Helf=1&Sclass=LI&Cono=B073,2026-08-26T18:22:53+00:00
109-1-LI-B077-A-1-A,109,1,共同與通識課程,LI,通識人文科學類,B077,A,大學部,1,A,觀光印尼語,3,選,60,16,,44,倪華緣,H1--103,,,"2,3, 4",,,,,"[{""day"": 3, ""dayName"": ""星期三"", ""periods"": [""2"", ""3"", ""4""], ""raw"": ""2,3, 4""}]",禁止外加,,https://course.nuk.edu.tw/QueryCourse/tcontent.asp?OpenYear=109&Helf=1&Sclass=LI&Cono=B077,2026-08-26T18:22:53+00:00
109-1-LI-B087-A-1-A,109,1,共同與通識課程,LI,通識人文科學類,B087,A,大學部,1,A,工商英文聽力和閱讀訓練,2,選,60,43,,17,王淑雱,C02-104,,,,,"5,6",,,"[{""day"": 5, ""dayName"": ""星期五"", ""periods"": [""5"", ""6""], ""raw"": ""5,6""}]",限修,"理學院專班(限理學院同學選修),另開放西語系同學選修",https://course.nuk.edu.tw/QueryCourse/tcontent.asp?OpenYear=109&Helf=1&Sclass=LI&Cono=B087,2026-08-26T18:22:53+00:00
109-1-LI-B088-A-1-A,109,1,共同與通識課程,LI,通識人文科學類,B088,A,大學部,1,A,旅遊商務英文,2,選,60,60,,0,唐淑芳,B01-106,"9,10",,,,,,,"[{""day"": 1, ""dayName"": ""星期一"", ""periods"": [""9"", ""10""], ""raw"": ""9,10""}]",禁止外加,,https://course.nuk.edu.tw/QueryCourse/tcontent.asp?OpenYear=109&Helf=1&Sclass=LI&Cono=B088,2026-08-26T18:22:53+00:00
109-1-LI-B089-A-1-A,109,1,共同與通識課程,LI,通識人文科學類,B089,A,大學部,1,A,運動飲食英文,2,選,60,59,,1,許建華,B01-106,,,,"5,6",,,,"[{""day"": 4, ""dayName"": ""星期四"", ""periods"": [""5"", ""6""], ""raw"": ""5,6""}]",禁止外加,,https://course.nuk.edu.tw/QueryCourse/tcontent.asp?OpenYear=109&Helf=1&Sclass=LI&Cono=B089,2026-08-26T18:22:53+00:00
109-1-LI-B090-A-1-A,109,1,共同與通識課程,LI,通識人文科學類,B090,A,大學部,1,A,英語口語表達,2,選,60,28,,32,歐素雯,B01-109,,,"3,4",,,,,"[{""day"": 3, ""dayName"": ""星期三"", ""periods"": [""3"", ""4""], ""raw"": ""3,4""}]",禁止外加,,https://course.nuk.edu.tw/QueryCourse/tcontent.asp?OpenYear=109&Helf=1&Sclass=LI&Cono=B090,2026-08-26T18:22:53+00:00
109-1-LI-B201-A-1-A,109,1,共同與通識課程,LI,通識人文科學類,B201,A,大學部,1,A,初級越南語(一),2,選,60,60,,0,范氏香蘭,B01-103,,,,"5,6",,,,"[{""day"": 4, ""dayName"": ""星期四"", ""periods"": [""5"", ""6""], ""raw"": ""5,6""}]",禁止外加,1.范氏香蘭老師。2.東語系越語組，及母語為越語者請勿選修,https://course.nuk.edu.tw/QueryCourse/tcontent.asp?OpenYear=109&Helf=1&Sclass=LI&Cono=B201,2026-08-26T18:22:53+00:00
109-1-SC-A141-A-1-A,109,1,共同與通識課程,SC,通識自然科學類,A141,A,大學部,1,A,基因工程與生活,2,選,60,59,,1,葛孟杰,C02-111,,"5,6",,,,,,"[{""day"": 2, ""dayName"": ""星期二"", ""periods"": [""5"", ""6""], ""raw"": ""5,6""}]",禁止外加 限修,生科系請勿選修,https://course.nuk.edu.tw/QueryCourse/tcontent.asp?OpenYear=109&Helf=1&Sclass=SC&Cono=A141,2026-08-26T18:22:53+00:00
109-1-SC-A286-A-1-A,109,1,共同與通識課程,SC,通識自然科學類,A286,A,大學部,1,A,傳統推拿整復概論,2,選,40,40,,0,劉明坤,C02-101 其他教室,,,"10,11",,,,,"[{""day"": 3, ""dayName"": ""星期三"", ""periods"": [""10"", ""11""], ""raw"": ""10,11""}]",禁止外加,第11周至16周至K01-210按摩教室上課,https://course.nuk.edu.tw/QueryCourse/tcontent.asp?OpenYear=109&Helf=1&Sclass=SC&Cono=A286,2026-08-26T18:22:53+00:00
109-1-SC-A293-A-1-A,109,1,共同與通識課程,SC,通識自然科學類,A293,A,大學部,1,A,環境保護,2,選,60,60,,0,倪麥童,B01-106,,,,"10,11",,,,"[{""day"": 4, ""dayName"": ""星期四"", ""periods"": [""10"", ""11""], ""raw"": ""10,11""}]",禁止外加,,https://course.nuk.edu.tw/QueryCourse/tcontent.asp?OpenYear=109&Helf=1&Sclass=SC&Cono=A293,2026-08-26T18:22:53+00:00
109-1-SC-A353-A-1-A,109,1,共同與通識課程,SC,通識自然科學類,A353,A,大學部,1,A,數位攝影與影像處理,2,選,50,49,,1,蔡毓娟,L01-107,,,,,"9,10",,,"[{""day"": 5, ""dayName"": ""星期五"", ""periods"": [""9"", ""10""], ""raw"": ""9,10""}]",禁止外加,,https://course.nuk.edu.tw/QueryCourse/tcontent.asp?OpenYear=109&Helf=1&Sclass=SC&Cono=A353,2026-08-26T18:22:53+00:00
109-1-SC-A452-A-1-A,109,1,共同與通識課程,SC,通識自然科學類,A452,A,大學部,1,A,我的身體,2,選,60,60,,0,劉紹東,H1--106,,"3,4",,,,,,"[{""day"": 2, ""dayName"": ""星期二"", ""periods"": [""3"", ""4""], ""raw"": ""3,4""}]",禁止外加 限修,運休系同學請勿選修,https://course.nuk.edu.tw/QueryCourse/tcontent.asp?OpenYear=109&Helf=1&Sclass=SC&Cono=A452,2026-08-26T18:22:53+00:00
109-1-SC-A483-A-1-A,109,1,共同與通識課程,SC,通識自然科學類,A483,A,大學部,1,A,自然保育概論,2,選,60,57,,3,蘇永銘,H1--105,,,,"7,8",,,,"[{""day"": 4, ""dayName"": ""星期四"", ""periods"": [""7"", ""8""], ""raw"": ""7,8""}]",禁止外加,,https://course.nuk.edu.tw/QueryCourse/tcontent.asp?OpenYear=109&Helf=1&Sclass=SC&Cono=A483,2026-08-26T18:22:53+00:00
109-1-SC-A506-A-1-A,109,1,共同與通識課程,SC,通識自然科學類,A506,A,大學部,1,A,認識韌性城市,2,選,60,50,,10,曾梓峰,L01-202,,"5,6",,,,,,"[{""day"": 2, ""dayName"": ""星期二"", ""periods"": [""5"", ""6""], ""raw"": ""5,6""}]",禁止外加,,https://course.nuk.edu.tw/QueryCourse/tcontent.asp?OpenYear=109&Helf=1&Sclass=SC&Cono=A506,2026-08-26T18:22:53+00:00
109-1-SC-A561-A-1-A,109,1,共同與通識課程,SC,通識自然科學類,A561,A,大學部,1,A,病毒學漫談,2,選,60,60,,0,楊文仁,C02-B100,"3,4",,,,,,,"[{""day"": 1, ""dayName"": ""星期一"", ""periods"": [""3"", ""4""], ""raw"": ""3,4""}]",禁止外加 限修,生科系請勿選修,https://course.nuk.edu.tw/QueryCourse/tcontent.asp?OpenYear=109&Helf=1&Sclass=SC&Cono=A561,2026-08-26T18:22:53+00:00
109-1-SC-A593-A-1-A,109,1,共同與通識課程,SC,通識自然科學類,A593,A,大學部,1,A,科學思維: 科學家怎麼想,2,選,60,54,,6,林明良,B01-106,,"10,11",,,,,,"[{""day"": 2, ""dayName"": ""星期二"", ""periods"": [""10"", ""11""], ""raw"": ""10,11""}]",禁止外加,,https://course.nuk.edu.tw/QueryCourse/tcontent.asp?OpenYear=109&Helf=1&Sclass=SC&Cono=A593,2026-08-26T18:22:53+00:00
109-1-SC-A685-A-1-A,109,1,共同與通識課程,SC,通識自然科學類,A685,A,大學部,1,A,生態環境解說,2,選,60,58,,2,陳奕亮,L02-101,"7,8",,,,,,,"[{""day"": 1, ""dayName"": ""星期一"", ""periods"": [""7"", ""8""], ""raw"": ""7,8""}]",禁止外加,english proficiency required,https://course.nuk.edu.tw/QueryCourse/tcontent.asp?OpenYear=109&Helf=1&Sclass=SC&Cono=A685,2026-08-26T18:22:53+00:00
109-1-SC-A741-A-1-A,109,1,共同與通識課程,SC,通識自然科學類,A741,A,大學部,1,A,國際標準舞理論與實務,2,選,40,39,,1,孫美蓮,K01-004,"7,8",,,,,,,"[{""day"": 1, ""dayName"": ""星期一"", ""periods"": [""7"", ""8""], ""raw"": ""7,8""}]",禁止外加,運健休大樓-體適能教室上課,https://course.nuk.edu.tw/QueryCourse/tcontent.asp?OpenYear=109&Helf=1&Sclass=SC&Cono=A741,2026-08-26T18:22:53+00:00
109-1-SC-A775-A-1-A,109,1,共同與通識課程,SC,通識自然科學類,A775,A,大學部,1,A,飛鏢理論與實務,2,選,40,40,,0,孫美蓮,,"5,6",,,,,,,"[{""day"": 1, ""dayName"": ""星期一"", ""periods"": [""5"", ""6""], ""raw"": ""5,6""}]",禁止外加,運休大樓游泳池前集合,https://course.nuk.edu.tw/QueryCourse/tcontent.asp?OpenYear=109&Helf=1&Sclass=SC&Cono=A775,2026-08-26T18:22:53+00:00
109-1-SC-A776-A-1-A,109,1,共同與通識課程,SC,通識自然科學類,A776,A,大學部,1,A,棒壘球運動理論與實務,2,選,40,40,,0,李坤哲,,"5,6",,,,,,,"[{""day"": 1, ""dayName"": ""星期一"", ""periods"": [""5"", ""6""], ""raw"": ""5,6""}]",禁止外加,棒壘球場上課；運技系棒球專長生請勿選修；修過「SCA774棒球運動理論與實務」者不承認為通識學分，請勿選修。,https://course.nuk.edu.tw/QueryCourse/tcontent.asp?OpenYear=109&Helf=1&Sclass=SC&Cono=A776,2026-08-26T18:22:53+00:00
109-1-SC-A785-A-1-A,109,1,共同與通識課程,SC,通識自然科學類,A785,A,大學部,1,A,休閒概論,2,選,40,40,,0,李福恩,K01-202,"8,9",,,,,,,"[{""day"": 1, ""dayName"": ""星期一"", ""periods"": [""8"", ""9""], ""raw"": ""8,9""}]",禁止外加,,https://course.nuk.edu.tw/QueryCourse/tcontent.asp?OpenYear=109&Helf=1&Sclass=SC&Cono=A785,2026-08-26T18:22:53+00:00
109-1-SC-A794-A-1-A,109,1,共同與通識課程,SC,通識自然科學類,A794,A,大學部,1,A,網頁設計與管理,2,選,50,50,,0,趙志宏,L01-107,,,"5,6",,,,,"[{""day"": 3, ""dayName"": ""星期三"", ""periods"": [""5"", ""6""], ""raw"": ""5,6""}]",禁止外加,,https://course.nuk.edu.tw/QueryCourse/tcontent.asp?OpenYear=109&Helf=1&Sclass=SC&Cono=A794,2026-08-26T18:22:53+00:00
109-1-SC-A798-A-1-A,109,1,共同與通識課程,SC,通識自然科學類,A798,A,大學部,1,A,資訊基本能力,2,選,50,50,,0,董建弘,L01-107,,,"9,10",,,,,"[{""day"": 3, ""dayName"": ""星期三"", ""periods"": [""9"", ""10""], ""raw"": ""9,10""}]",禁止外加,,https://course.nuk.edu.tw/QueryCourse/tcontent.asp?OpenYear=109&Helf=1&Sclass=SC&Cono=A798,2026-08-26T18:22:53+00:00
109-1-SC-A902-A-1-A,109,1,共同與通識課程,SC,通識自然科學類,A902,A,大學部,1,A,基礎程式設計,2,選,50,50,,0,曾智義,B01-107,,"5,6",,,,,,"[{""day"": 2, ""dayName"": ""星期二"", ""periods"": [""5"", ""6""], ""raw"": ""5,6""}]",禁止外加,需自備筆電,https://course.nuk.edu.tw/QueryCourse/tcontent.asp?OpenYear=109&Helf=1&Sclass=SC&Cono=A902,2026-08-26T18:22:53+00:00
109-1-SC-A903-A-1-A,109,1,共同與通識課程,SC,通識自然科學類,A903,A,大學部,1,A,基礎程式設計,2,選,50,50,,0,曾智義,H1--101,,,"3,4",,,,,"[{""day"": 3, ""dayName"": ""星期三"", ""periods"": [""3"", ""4""], ""raw"": ""3,4""}]",禁止外加,需自備筆電,https://course.nuk.edu.tw/QueryCourse/tcontent.asp?OpenYear=109&Helf=1&Sclass=SC&Cono=A903,2026-08-26T18:22:53+00:00
109-1-SC-A904-A-1-A,109,1,共同與通識課程,SC,通識自然科學類,A904,A,大學部,1,A,體驗設計思維,2,選,50,50,,0,曾智義,B01-107,,"3,4",,,,,,"[{""day"": 2, ""dayName"": ""星期二"", ""periods"": [""3"", ""4""], ""raw"": ""3,4""}]",禁止外加,,https://course.nuk.edu.tw/QueryCourse/tcontent.asp?OpenYear=109&Helf=1&Sclass=SC&Cono=A904,2026-08-26T18:22:53+00:00
109-1-SO-A033-A-1-A,109,1,共同與通識課程,SO,通識社會科學類,A033,A,大學部,1,A,資產配置與信託規劃實務,2,選,60,60,,0,蔡宗廷,B01-101,,,,"3,4",,,,"[{""day"": 4, ""dayName"": ""星期四"", ""periods"": [""3"", ""4""], ""raw"": ""3,4""}]",禁止外加,,https://course.nuk.edu.tw/QueryCourse/tcontent.asp?OpenYear=109&Helf=1&Sclass=SO&Cono=A033,2026-08-26T18:22:53+00:00
109-1-SO-A034-A-1-A,109,1,共同與通識課程,SO,通識社會科學類,A034,A,大學部,1,A,個人理財與投資,2,選,60,57,,3,黃旭輝,M01-206,,,"7,8",,,,,"[{""day"": 3, ""dayName"": ""星期三"", ""periods"": [""7"", ""8""], ""raw"": ""7,8""}]",禁止外加 限修,管院請勿選修,https://course.nuk.edu.tw/QueryCourse/tcontent.asp?OpenYear=109&Helf=1&Sclass=SO&Cono=A034,2026-08-26T18:22:53+00:00
109-1-SO-A062-A-1-A,109,1,共同與通識課程,SO,通識社會科學類,A062,A,大學部,1,A,統計與生活,2,選,60,17,,43,楊洪鼎,L02-202,,"5,6",,,,,,"[{""day"": 2, ""dayName"": ""星期二"", ""periods"": [""5"", ""6""], ""raw"": ""5,6""}]",禁止外加,,https://course.nuk.edu.tw/QueryCourse/tcontent.asp?OpenYear=109&Helf=1&Sclass=SO&Cono=A062,2026-08-26T18:22:53+00:00
109-1-SO-A118-A-1-A,109,1,共同與通識課程,SO,通識社會科學類,A118,A,大學部,1,A,理財與人生,2,選,60,60,,0,蔡宗廷,B01-101,,,,"1,2",,,,"[{""day"": 4, ""dayName"": ""星期四"", ""periods"": [""1"", ""2""], ""raw"": ""1,2""}]",禁止外加,,https://course.nuk.edu.tw/QueryCourse/tcontent.asp?OpenYear=109&Helf=1&Sclass=SO&Cono=A118,2026-08-26T18:22:53+00:00
109-1-SO-A183-A-1-A,109,1,共同與通識課程,SO,通識社會科學類,A183,A,大學部,1,A,性別與法律,2,選,60,55,,5,陳玫君,B01-107,,"10,11",,,,,,"[{""day"": 2, ""dayName"": ""星期二"", ""periods"": [""10"", ""11""], ""raw"": ""10,11""}]",禁止外加,,https://course.nuk.edu.tw/QueryCourse/tcontent.asp?OpenYear=109&Helf=1&Sclass=SO&Cono=A183,2026-08-26T18:22:53+00:00
109-1-SO-A185-A-1-A,109,1,共同與通識課程,SO,通識社會科學類,A185,A,大學部,1,A,性別關係與教育,2,選,60,60,,0,柯慈姍,B01-108,,"10,11",,,,,,"[{""day"": 2, ""dayName"": ""星期二"", ""periods"": [""10"", ""11""], ""raw"": ""10,11""}]",禁止外加,,https://course.nuk.edu.tw/QueryCourse/tcontent.asp?OpenYear=109&Helf=1&Sclass=SO&Cono=A185,2026-08-26T18:22:53+00:00
109-1-SO-A226-A-1-A,109,1,共同與通識課程,SO,通識社會科學類,A226,A,大學部,1,A,國際會展公關禮儀,2,選,60,24,,36,張秀瓊,M01-208,,,,"5,6",,,,"[{""day"": 4, ""dayName"": ""星期四"", ""periods"": [""5"", ""6""], ""raw"": ""5,6""}]",禁止外加,,https://course.nuk.edu.tw/QueryCourse/tcontent.asp?OpenYear=109&Helf=1&Sclass=SO&Cono=A226,2026-08-26T18:22:53+00:00
109-1-SO-A353-A-1-A,109,1,共同與通識課程,SO,通識社會科學類,A353,A,大學部,1,A,婚姻與家庭,2,選,60,49,,11,陳靜儀,H1--107,,,"3,4",,,,,"[{""day"": 3, ""dayName"": ""星期三"", ""periods"": [""3"", ""4""], ""raw"": ""3,4""}]",禁止外加,,https://course.nuk.edu.tw/QueryCourse/tcontent.asp?OpenYear=109&Helf=1&Sclass=SO&Cono=A353,2026-08-26T18:22:53+00:00
109-1-SO-A365-A-1-A,109,1,共同與通識課程,SO,通識社會科學類,A365,A,大學部,1,A,領導統御,2,選,60,57,,3,蔣遠平,C02-108,,,"7,8",,,,,"[{""day"": 3, ""dayName"": ""星期三"", ""periods"": [""7"", ""8""], ""raw"": ""7,8""}]",禁止外加,,https://course.nuk.edu.tw/QueryCourse/tcontent.asp?OpenYear=109&Helf=1&Sclass=SO&Cono=A365,2026-08-26T18:22:53+00:00
109-1-SO-A367-A-1-A,109,1,共同與通識課程,SO,通識社會科學類,A367,A,大學部,1,A,孫子兵法,2,選,60,60,,0,蔣遠平,C02-108,,,"5,6",,,,,"[{""day"": 3, ""dayName"": ""星期三"", ""periods"": [""5"", ""6""], ""raw"": ""5,6""}]",禁止外加,,https://course.nuk.edu.tw/QueryCourse/tcontent.asp?OpenYear=109&Helf=1&Sclass=SO&Cono=A367,2026-08-26T18:22:53+00:00
109-1-SO-A523-A-1-A,109,1,共同與通識課程,SO,通識社會科學類,A523,A,大學部,1,A,創意思考與問題解決,2,選,60,60,,0,李亭林,M01-205,"5,6",,,,,,,"[{""day"": 1, ""dayName"": ""星期一"", ""periods"": [""5"", ""6""], ""raw"": ""5,6""}]",禁止外加,,https://course.nuk.edu.tw/QueryCourse/tcontent.asp?OpenYear=109&Helf=1&Sclass=SO&Cono=A523,2026-08-26T18:22:53+00:00
109-1-SO-A525-A-1-A,109,1,共同與通識課程,SO,通識社會科學類,A525,A,大學部,1,A,社會設計與方案規劃,2,選,40,16,,24,陳靜儀,H1--101,,,"7,8",,,,,"[{""day"": 3, ""dayName"": ""星期三"", ""periods"": [""7"", ""8""], ""raw"": ""7,8""}]",禁止外加,,https://course.nuk.edu.tw/QueryCourse/tcontent.asp?OpenYear=109&Helf=1&Sclass=SO&Cono=A525,2026-08-26T18:22:53+00:00
109-1-SO-A686-A-1-A,109,1,共同與通識課程,SO,通識社會科學類,A686,A,大學部,1,A,交通事故鑑定法規與案例解說,2,選,60,58,,2,張永明,L02-202,,,"3,4",,,,,"[{""day"": 3, ""dayName"": ""星期三"", ""periods"": [""3"", ""4""], ""raw"": ""3,4""}]",禁止外加,,https://course.nuk.edu.tw/QueryCourse/tcontent.asp?OpenYear=109&Helf=1&Sclass=SO&Cono=A686,2026-08-26T18:22:53+00:00
109-1-SO-A691-A-1-A,109,1,共同與通識課程,SO,通識社會科學類,A691,A,大學部,1,A,高大卓越講座,2,選,400,144,,256,陳怡兆 曾梓峰,L01-201,,"6,7",,,,,,"[{""day"": 2, ""dayName"": ""星期二"", ""periods"": [""6"", ""7""], ""raw"": ""6,7""}]",禁止外加,"1.修過「高大卓越講座(一).(二)」者請勿重覆選修,重覆選修不列入學分計算。2.若有課程相關問題請聯繫",https://course.nuk.edu.tw/QueryCourse/tcontent.asp?OpenYear=109&Helf=1&Sclass=SO&Cono=A691,2026-08-26T18:22:53+00:00
109-1-SO-A840-A-1-A,109,1,共同與通識課程,SO,通識社會科學類,A840,A,大學部,1,A,媒體與公關實務,2,選,60,33,,27,鄭為松,B01-107,,,"10,11",,,,,"[{""day"": 3, ""dayName"": ""星期三"", ""periods"": [""10"", ""11""], ""raw"": ""10,11""}]",禁止外加,,https://course.nuk.edu.tw/QueryCourse/tcontent.asp?OpenYear=109&Helf=1&Sclass=SO&Cono=A840,2026-08-26T18:22:53+00:00
109-1-SO-A963-A-1-A,109,1,共同與通識課程,SO,通識社會科學類,A963,A,大學部,1,A,人際關係,2,選,60,24,,36,陳永安,B01-107,,,"3,4",,,,,"[{""day"": 3, ""dayName"": ""星期三"", ""periods"": [""3"", ""4""], ""raw"": ""3,4""}]",禁止外加,,https://course.nuk.edu.tw/QueryCourse/tcontent.asp?OpenYear=109&Helf=1&Sclass=SO&Cono=A963,2026-08-26T18:22:53+00:00
109-1-SO-B051-A-1-A,109,1,共同與通識課程,SO,通識社會科學類,B051,A,大學部,1,A,智慧財產權,2,選,60,51,,9,陳玫君,B01-107,,,,"10,11",,,,"[{""day"": 4, ""dayName"": ""星期四"", ""periods"": [""10"", ""11""], ""raw"": ""10,11""}]",禁止外加,,https://course.nuk.edu.tw/QueryCourse/tcontent.asp?OpenYear=109&Helf=1&Sclass=SO&Cono=B051,2026-08-26T18:22:53+00:00
109-1-SO-B091-A-1-A,109,1,共同與通識課程,SO,通識社會科學類,B091,A,大學部,1,A,國際禮儀,2,選,60,60,,0,陳永安,B01-107,"3,4",,,,,,,"[{""day"": 1, ""dayName"": ""星期一"", ""periods"": [""3"", ""4""], ""raw"": ""3,4""}]",禁止外加,,https://course.nuk.edu.tw/QueryCourse/tcontent.asp?OpenYear=109&Helf=1&Sclass=SO&Cono=B091,2026-08-26T18:22:53+00:00
109-1-SO-B101-A-1-A,109,1,共同與通識課程,SO,通識社會科學類,B101,A,大學部,1,A,服務學習,3,選,40,39,,1,余進忠,C02-107,"9,10, 11",,,,,,,"[{""day"": 1, ""dayName"": ""星期一"", ""periods"": [""9"", ""10"", ""11""], ""raw"": ""9,10, 11""}]",禁止外加,修習博雅通識【服務學習】課程，可同時抵認一學期共同必修【服務學習培養】課程(僅限一次),https://course.nuk.edu.tw/QueryCourse/tcontent.asp?OpenYear=109&Helf=1&Sclass=SO&Cono=B101,2026-08-26T18:22:53+00:00
109-1-SO-B102-A-1-A,109,1,共同與通識課程,SO,通識社會科學類,B102,A,大學部,1,A,服務學習,3,選,40,38,,2,陳靜儀,H1--107,,,"5,6",10,,,,"[{""day"": 3, ""dayName"": ""星期三"", ""periods"": [""5"", ""6""], ""raw"": ""5,6""}, {""day"": 4, ""dayName"": ""星期四"", ""periods"": [""10""], ""raw"": ""10""}]",禁止外加,修習博雅通識【服務學習】課程，可同時抵認一學期共同必修【服務學習培養】課程(僅限一次),https://course.nuk.edu.tw/QueryCourse/tcontent.asp?OpenYear=109&Helf=1&Sclass=SO&Cono=B102,2026-08-26T18:22:53+00:00
109-1-SO-B103-A-1-A,109,1,共同與通識課程,SO,通識社會科學類,B103,A,大學部,1,A,服務學習,3,選,40,24,,16,朱朝煌,C02-103,"9,10, 11",,,,,,,"[{""day"": 1, ""dayName"": ""星期一"", ""periods"": [""9"", ""10"", ""11""], ""raw"": ""9,10, 11""}]",禁止外加,修習博雅通識【服務學習】課程，可同時抵認一學期共同必修【服務學習培養】課程(僅限一次),https://course.nuk.edu.tw/QueryCourse/tcontent.asp?OpenYear=109&Helf=1&Sclass=SO&Cono=B103,2026-08-26T18:22:53+00:00
109-1-SO-B104-A-1-A,109,1,共同與通識課程,SO,通識社會科學類,B104,A,大學部,1,A,服務學習,3,選,40,40,,0,吳孝慈,C02-103,"5,6, 7",,,,,,,"[{""day"": 1, ""dayName"": ""星期一"", ""periods"": [""5"", ""6"", ""7""], ""raw"": ""5,6, 7""}]",禁止外加,修習博雅通識【服務學習】課程，可同時抵認一學期共同必修【服務學習培養】課程(僅限一次),https://course.nuk.edu.tw/QueryCourse/tcontent.asp?OpenYear=109&Helf=1&Sclass=SO&Cono=B104,2026-08-26T18:22:53+00:00
109-1-SO-B105-A-1-A,109,1,共同與通識課程,SO,通識社會科學類,B105,A,大學部,1,A,服務學習,3,選,40,40,,0,游明珠,L02-101,,,,"9,10, 11",,,,"[{""day"": 4, ""dayName"": ""星期四"", ""periods"": [""9"", ""10"", ""11""], ""raw"": ""9,10, 11""}]",禁止外加,修習博雅通識【服務學習】課程，可同時抵認一學期共同必修【服務學習培養】課程(僅限一次),https://course.nuk.edu.tw/QueryCourse/tcontent.asp?OpenYear=109&Helf=1&Sclass=SO&Cono=B105,2026-08-26T18:22:53+00:00
109-1-SO-B106-A-1-A,109,1,共同與通識課程,SO,通識社會科學類,B106,A,大學部,1,A,服務學習,3,選,40,40,,0,陳致仁,B01-101,,,,"9,10, 11",,,,"[{""day"": 4, ""dayName"": ""星期四"", ""periods"": [""9"", ""10"", ""11""], ""raw"": ""9,10, 11""}]",禁止外加,修習博雅通識【服務學習】課程，可同時抵認一學期共同必修【服務學習培養】課程(僅限一次),https://course.nuk.edu.tw/QueryCourse/tcontent.asp?OpenYear=109&Helf=1&Sclass=SO&Cono=B106,2026-08-26T18:22:53+00:00
109-1-SO-B911-A-1-A,109,1,共同與通識課程,SO,通識社會科學類,B911,A,大學部,1,A,大學入門(西語系),1,選,60,26,,34,顏淑娟,H2--105,,"8,9",,,,,,"[{""day"": 2, ""dayName"": ""星期二"", ""periods"": [""8"", ""9""], ""raw"": ""8,9""}]",限修,"限西語系大一生選修,本課程為博雅通識-社會科學類(SO)課程,第1-4週及第10週課程上課地點為圖資大樓2樓國際會議廳",https://course.nuk.edu.tw/QueryCourse/tcontent.asp?OpenYear=109&Helf=1&Sclass=SO&Cono=B911,2026-08-26T18:22:53+00:00
109-1-SO-B912-A-1-A,109,1,共同與通識課程,SO,通識社會科學類,B912,A,大學部,1,A,大學入門(運休系),1,選,60,23,,37,陳詢榮 張景弘,H1--104,,"8,9",,,,,,"[{""day"": 2, ""dayName"": ""星期二"", ""periods"": [""8"", ""9""], ""raw"": ""8,9""}]",限修,"限運休系大一生選修,本課程為博雅通識-社會科學類(SO)課程,第1-4週及第10週課程上課地點為圖資大樓2樓國際會議廳",https://course.nuk.edu.tw/QueryCourse/tcontent.asp?OpenYear=109&Helf=1&Sclass=SO&Cono=B912,2026-08-26T18:22:53+00:00
109-1-SO-B913-A-1-A,109,1,共同與通識課程,SO,通識社會科學類,B913,A,大學部,1,A,大學入門(藝創系),1,選,60,10,,50,翁群儀,H1--108,,"8,9",,,,,,"[{""day"": 2, ""dayName"": ""星期二"", ""periods"": [""8"", ""9""], ""raw"": ""8,9""}]",限修,"限藝創系大一生選修,本課程為博雅通識-社會科學類(SO)課程,第1-4週及第10週課程上課地點為圖資大樓2樓國際會議廳",https://course.nuk.edu.tw/QueryCourse/tcontent.asp?OpenYear=109&Helf=1&Sclass=SO&Cono=B913,2026-08-26T18:22:53+00:00
109-1-SO-B914-A-1-A,109,1,共同與通識課程,SO,通識社會科學類,B914,A,大學部,1,A,大學入門(建築系),1,選,60,19,,41,陳逸杰,H1--102,,"8,9",,,,,,"[{""day"": 2, ""dayName"": ""星期二"", ""periods"": [""8"", ""9""], ""raw"": ""8,9""}]",限修,"限建築系大一生選修,本課程為博雅通識-社會科學類(SO)課程,第1-4週及第10週課程上課地點為圖資大樓2樓國際會議廳",https://course.nuk.edu.tw/QueryCourse/tcontent.asp?OpenYear=109&Helf=1&Sclass=SO&Cono=B914,2026-08-26T18:22:53+00:00
109-1-SO-B917-A-1-A,109,1,共同與通識課程,SO,通識社會科學類,B917,A,大學部,1,A,大學入門(東語系),1,選,60,38,,22,阮美香,H1--111,,"8,9",,,,,,"[{""day"": 2, ""dayName"": ""星期二"", ""periods"": [""8"", ""9""], ""raw"": ""8,9""}]",限修,"限東語系大一生選修,本課程為博雅通識-社會科學類(SO)課程,第1-4週及第10週課程上課地點為圖資大樓2樓國際會議廳",https://course.nuk.edu.tw/QueryCourse/tcontent.asp?OpenYear=109&Helf=1&Sclass=SO&Cono=B917,2026-08-26T18:22:53+00:00
109-1-SO-B918-A-1-A,109,1,共同與通識課程,SO,通識社會科學類,B918,A,大學部,1,A,大學入門(運技系),1,選,64,49,,15,陳宗榮,B01-207-4,,"8,9",,,,,,"[{""day"": 2, ""dayName"": ""星期二"", ""periods"": [""8"", ""9""], ""raw"": ""8,9""}]",限修及外加,"限運技系大一生選修,本課程為博雅通識-社會科學類(SO)課程,第1-4週及第10週課程上課地點為圖資大樓2樓國際會議廳",https://course.nuk.edu.tw/QueryCourse/tcontent.asp?OpenYear=109&Helf=1&Sclass=SO&Cono=B918,2026-08-26T18:22:53+00:00
109-1-SO-B921-A-1-A,109,1,共同與通識課程,SO,通識社會科學類,B921,A,大學部,1,A,大學入門(法律系),1,選,60,20,,40,謝志鵬,L02-101,,"8,9",,,,,,"[{""day"": 2, ""dayName"": ""星期二"", ""periods"": [""8"", ""9""], ""raw"": ""8,9""}]",限修,"限法律系大一生選修,本課程為博雅通識-社會科學類(SO)課程,第1-4週及第10週課程上課地點為圖資大樓2樓國際會議廳",https://course.nuk.edu.tw/QueryCourse/tcontent.asp?OpenYear=109&Helf=1&Sclass=SO&Cono=B921,2026-08-26T18:22:53+00:00
109-1-SO-B922-A-1-A,109,1,共同與通識課程,SO,通識社會科學類,B922,A,大學部,1,A,大學入門(政法系),1,選,60,16,,44,李俊增,L02-103,,"8,9",,,,,,"[{""day"": 2, ""dayName"": ""星期二"", ""periods"": [""8"", ""9""], ""raw"": ""8,9""}]",限修,"限政法系大一生選修,本課程為博雅通識-社會科學類(SO)課程,第1-4週及第10週課程上課地點為圖資大樓2樓國際會議廳",https://course.nuk.edu.tw/QueryCourse/tcontent.asp?OpenYear=109&Helf=1&Sclass=SO&Cono=B922,2026-08-26T18:22:53+00:00
109-1-SO-B923-A-1-A,109,1,共同與通識課程,SO,通識社會科學類,B923,A,大學部,1,A,大學入門(財法系),1,選,60,35,,25,謝開平,L02-108,,"8,9",,,,,,"[{""day"": 2, ""dayName"": ""星期二"", ""periods"": [""8"", ""9""], ""raw"": ""8,9""}]",限修,"限財法系大一生選修,本課程為博雅通識-社會科學類(SO)課程,第1-4週及第10週課程上課地點為圖資大樓2樓國際會議廳",https://course.nuk.edu.tw/QueryCourse/tcontent.asp?OpenYear=109&Helf=1&Sclass=SO&Cono=B923,2026-08-26T18:22:53+00:00
109-1-SO-B93A-A-1-A,109,1,共同與通識課程,SO,通識社會科學類,B93A,A,大學部,1,A,大學入門(管理學院),1,選,200,83,,117,耿紹勛 劉志成 陳宜伶 丁一賢 吳建興 王文楷,M01-201,,"8,9",,,,,,"[{""day"": 2, ""dayName"": ""星期二"", ""periods"": [""8"", ""9""], ""raw"": ""8,9""}]",限修,"限管院大一生選修,本課程為博雅通識-社會科學類(SO)課程,第1-4週及第10週課程上課地點為圖資大樓2樓國際會議廳",https://course.nuk.edu.tw/QueryCourse/tcontent.asp?OpenYear=109&Helf=1&Sclass=SO&Cono=B93A,2026-08-26T18:22:53+00:00
109-1-SO-B94A-A-1-A,109,1,共同與通識課程,SO,通識社會科學類,B94A,A,大學部,1,A,大學入門(理學院),1,選,200,126,,74,黃士峰 郭岳承 莊琇惠 謝振豪 蔡進譯 高佑靈,C02-B100,,"8,9",,,,,,"[{""day"": 2, ""dayName"": ""星期二"", ""periods"": [""8"", ""9""], ""raw"": ""8,9""}]",限修,"限理學院大一生選修，本課程為博雅通識-社會科學類(SO)課程,第1-4週及第10週課程上課地點為圖資大樓2樓國際會議廳",https://course.nuk.edu.tw/QueryCourse/tcontent.asp?OpenYear=109&Helf=1&Sclass=SO&Cono=B94A,2026-08-26T18:22:53+00:00
109-1-SO-B95A-A-1-A,109,1,共同與通識課程,SO,通識社會科學類,B95A,A,大學部,1,A,大學入門(工學院),1,選,200,144,,56,袁菁 蔡幸致 吳松茂 楊乾信 蘇家輝,C01-114,,"8,9",,,,,,"[{""day"": 2, ""dayName"": ""星期二"", ""periods"": [""8"", ""9""], ""raw"": ""8,9""}]",限修,"限工學院大一生選修，本課程為博雅通識-社會科學類(SO)課程,第1-4週及第10週課程上課地點為圖資大樓2樓國際會議廳",https://course.nuk.edu.tw/QueryCourse/tcontent.asp?OpenYear=109&Helf=1&Sclass=SO&Cono=B95A,2026-08-26T18:22:53+00:00
109-1-IFD-A527-A-1-A,109,1,其他學程與教學單位,IFD,創新學院不分系,A527,A,大學部,1,A,網路行銷入門與實務,3,選,50,39,,11,黃佩琪,M01-204,,,,"5,6, 7",,,,"[{""day"": 4, ""dayName"": ""星期四"", ""periods"": [""5"", ""6"", ""7""], ""raw"": ""5,6, 7""}]",,創新學院課程至多可抵通識6學分；上課地點：管院204教室,https://course.nuk.edu.tw/QueryCourse/tcontent.asp?OpenYear=109&Helf=1&Sclass=IFD&Cono=A527,2026-08-26T18:22:53+00:00
109-1-IFD-A556-A-1-A,109,1,其他學程與教學單位,IFD,創新學院不分系,A556,A,大學部,1,A,再生能源進階實作專題,2,選,30,15,,15,袁菁,C01-B107-1,1,9,,,,,,"[{""day"": 1, ""dayName"": ""星期一"", ""periods"": [""1""], ""raw"": ""1""}, {""day"": 2, ""dayName"": ""星期二"", ""periods"": [""9""], ""raw"": ""9""}]",學程,本課程屬再生能源科技管理與應用微學程，與工學院合開；創新學院課程至多可抵通識6學分；上課地點：工學院B107-1教室,https://course.nuk.edu.tw/QueryCourse/tcontent.asp?OpenYear=109&Helf=1&Sclass=IFD&Cono=A556,2026-08-26T18:22:53+00:00
109-1-IFD-A617-A-1-A,109,1,其他學程與教學單位,IFD,創新學院不分系,A617,A,大學部,1,A,基礎AVR系統開發,3,選,29,24,,5,王宇光,L01-610,,,,,"7,8, 9",,,"[{""day"": 5, ""dayName"": ""星期五"", ""periods"": [""7"", ""8"", ""9""], ""raw"": ""7,8, 9""}]",學程,本課程為遠距教學課程，第1-3、16-18週須至圖資610電腦教室實體授課。屬體感科技與數位創新學程、AVR微學程；創新學院課程至多可抵通識6學分。建議一同修習「3D模型建置與應用、3D動畫製作」2門課程，以利課程完整銜接。,https://course.nuk.edu.tw/QueryCourse/tcontent.asp?OpenYear=109&Helf=1&Sclass=IFD&Cono=A617,2026-08-26T18:22:53+00:00
109-1-IFD-A701-A-1-A,109,1,其他學程與教學單位,IFD,創新學院不分系,A701,A,大學部,1,A,使用者經驗觀察實務,2,選,24,8,,16,張雅淨 業界教師,,,,,,,Y,,"[{""day"": 6, ""dayName"": ""星期六"", ""periods"": [""Y""], ""raw"": ""Y""}]",,創新學院課程至多可抵通識6學分；業師：領潮創意設計 陳啟彰用戶體驗顧問；課程說明:9/16(三)12-13點，上課時間:9/26、10/17、10/24、11/14、12/12 (六)9-17點;上課地點：圖資二樓宅創空間,https://course.nuk.edu.tw/QueryCourse/tcontent.asp?OpenYear=109&Helf=1&Sclass=IFD&Cono=A701,2026-08-26T18:22:53+00:00
109-1-IFD-A702-A-1-A,109,1,其他學程與教學單位,IFD,創新學院不分系,A702,A,大學部,1,A,國際社區產業與創新思維,2,選,40,12,,28,莊淑姿,,,,,,,,"2,3, 4,Y, 5,6, 7,8, 9","[{""day"": 7, ""dayName"": ""星期日"", ""periods"": [""2"", ""3"", ""4"", ""Y"", ""5"", ""6"", ""7"", ""8"", ""9""], ""raw"": ""2,3, 4,Y, 5,6, 7,8, 9""}]",,創新學院課程至多可抵通識6學分；上課時間:10/14 、10/21(三)15:00~19:00、11/28(六)9:00-17:00上課地點：人文院H1-103教室；11/07、11/14(六) 8:00-18:00，上課地點：社區參訪,https://course.nuk.edu.tw/QueryCourse/tcontent.asp?OpenYear=109&Helf=1&Sclass=IFD&Cono=A702,2026-08-26T18:22:53+00:00
109-1-IFD-A711-A-1-A,109,1,其他學程與教學單位,IFD,創新學院不分系,A711,A,大學部,1,A,3D模型建置與應用,2,選,30,28,,2,楊凱鳴 陳怡兆,L01-610,,,,,"3,4",,,"[{""day"": 5, ""dayName"": ""星期五"", ""periods"": [""3"", ""4""], ""raw"": ""3,4""}]",外加 學程,本課程屬體感科技與數位創新學程、AVR微學程。「3D模型建置與應用、3D動畫製作」2門課程會做整合，必須同時選修，上課時間為每週五3~6節；上課地點：圖資610電腦教室。「基礎AVR系統開發」建議一同修習，以利課程完整銜接。創新學院課程至多可抵通識6學分。,https://course.nuk.edu.tw/QueryCourse/tcontent.asp?OpenYear=109&Helf=1&Sclass=IFD&Cono=A711,2026-08-26T18:22:53+00:00
109-1-IFD-A712-A-1-A,109,1,其他學程與教學單位,IFD,創新學院不分系,A712,A,大學部,1,A,3D動畫製作,2,選,30,30,,0,楊凱鳴 陳怡兆,L01-610,,,,,"5,6",,,"[{""day"": 5, ""dayName"": ""星期五"", ""periods"": [""5"", ""6""], ""raw"": ""5,6""}]",外加 學程,本課程屬體感科技與數位創新學程、AVR微學程。「3D模型建置與應用、3D動畫製作」2門課程會做整合，必須同時選修，上課時間為每週五3~6節；上課地點：圖資610電腦教室。「基礎AVR系統開發」建議一同修習，以利課程完整銜接。創新學院課程至多可抵通識6學分。,https://course.nuk.edu.tw/QueryCourse/tcontent.asp?OpenYear=109&Helf=1&Sclass=IFD&Cono=A712,2026-08-26T18:22:53+00:00
109-1-CE-A01A-A-1-A,109,1,工學院,CE,土木與環境工程學系,A01A,A,大學部,1,A,微積分(一),3,必,61,59,,2,童士恆,B01-103 其他教室,,,"1,2",2,,,,"[{""day"": 3, ""dayName"": ""星期三"", ""periods"": [""1"", ""2""], ""raw"": ""1,2""}, {""day"": 4, ""dayName"": ""星期四"", ""periods"": [""2""], ""raw"": ""2""}]",限修及外加,,https://course.nuk.edu.tw/QueryCourse/tcontent.asp?OpenYear=109&Helf=1&Sclass=CE&Cono=A01A,2026-08-26T18:22:53+00:00
109-1-CE-A01C-A-1-B,109,1,工學院,CE,土木與環境工程學系,A01C,A,大學部,1,B,微積分(一),3,必,60,13,,47,吳宗芳,C02-450,,,"2,3, 4",,,,,"[{""day"": 3, ""dayName"": ""星期三"", ""periods"": [""2"", ""3"", ""4""], ""raw"": ""2,3, 4""}]",限修,使用理院教室,https://course.nuk.edu.tw/QueryCourse/tcontent.asp?OpenYear=109&Helf=1&Sclass=CE&Cono=A01C,2026-08-26T18:22:53+00:00
109-1-CE-A021-A-1-B,109,1,工學院,CE,土木與環境工程學系,A021,A,大學部,1,B,普通化學,3,必,30,16,,14,莊曜遠,C01-414,,,,"2,3, 4",,,,"[{""day"": 4, ""dayName"": ""星期四"", ""periods"": [""2"", ""3"", ""4""], ""raw"": ""2,3, 4""}]",限修,,https://course.nuk.edu.tw/QueryCourse/tcontent.asp?OpenYear=109&Helf=1&Sclass=CE&Cono=A021,2026-08-26T18:22:53+00:00
109-1-CE-A031-A-1-A,109,1,工學院,CE,土木與環境工程學系,A031,A,大學部,1,A,土木與環境工程概論,3,必,73,73,,0,甯蜀光 陳韋志,C01-106,,"5,6, 7",,,,,,"[{""day"": 2, ""dayName"": ""星期二"", ""periods"": [""5"", ""6"", ""7""], ""raw"": ""5,6, 7""}]",外加,,https://course.nuk.edu.tw/QueryCourse/tcontent.asp?OpenYear=109&Helf=1&Sclass=CE&Cono=A031,2026-08-26T18:22:53+00:00
109-1-CE-A032-A-1-B,109,1,工學院,CE,土木與環境工程學系,A032,A,大學部,1,B,土木與環境工程概論,3,必,40,10,,30,陳韋志 林秋良,C01-413,,,,"5,6, 7",,,,"[{""day"": 4, ""dayName"": ""星期四"", ""periods"": [""5"", ""6"", ""7""], ""raw"": ""5,6, 7""}]",限修,,https://course.nuk.edu.tw/QueryCourse/tcontent.asp?OpenYear=109&Helf=1&Sclass=CE&Cono=A032,2026-08-26T18:22:53+00:00
109-1-CE-A051-A-1-A,109,1,工學院,CE,土木與環境工程學系,A051,A,大學部,1,A,普通物理,3,必,60,60,,0,吳明淏,C01-B103,"2,3, 4",,,,,,,"[{""day"": 1, ""dayName"": ""星期一"", ""periods"": [""2"", ""3"", ""4""], ""raw"": ""2,3, 4""}]",,,https://course.nuk.edu.tw/QueryCourse/tcontent.asp?OpenYear=109&Helf=1&Sclass=CE&Cono=A051,2026-08-26T18:22:53+00:00
109-1-CE-A081-A-1-A,109,1,工學院,CE,土木與環境工程學系,A081,A,大學部,1,A,計算機概論與程式語言,3,必,60,58,,2,蔡幸致,C01-106 其他教室,,,"4,7, 8",,,,,"[{""day"": 3, ""dayName"": ""星期三"", ""periods"": [""4"", ""7"", ""8""], ""raw"": ""4,7, 8""}]",,使用圖資電腦教室,https://course.nuk.edu.tw/QueryCourse/tcontent.asp?OpenYear=109&Helf=1&Sclass=CE&Cono=A081,2026-08-26T18:22:53+00:00
109-1-CE-A111-A-1-B,109,1,工學院,CE,土木與環境工程學系,A111,A,大學部,1,B,普通物理,3,必,30,11,,19,郭馨徽,C01-414,,"5,6, 7",,,,,,"[{""day"": 2, ""dayName"": ""星期二"", ""periods"": [""5"", ""6"", ""7""], ""raw"": ""5,6, 7""}]",限修,,https://course.nuk.edu.tw/QueryCourse/tcontent.asp?OpenYear=109&Helf=1&Sclass=CE&Cono=A111,2026-08-26T18:22:53+00:00
109-1-CE-A121-A-1-A,109,1,工學院,CE,土木與環境工程學系,A121,A,大學部,1,A,普通化學,3,必,67,67,,0,林琪,B01-105,,,,,"2,3, 4",,,"[{""day"": 5, ""dayName"": ""星期五"", ""periods"": [""2"", ""3"", ""4""], ""raw"": ""2,3, 4""}]",外加,,https://course.nuk.edu.tw/QueryCourse/tcontent.asp?OpenYear=109&Helf=1&Sclass=CE&Cono=A121,2026-08-26T18:22:53+00:00
109-1-CE-A502-A-1-A,109,1,工學院,CE,土木與環境工程學系,A502,A,大學部,1,A,測量學,2,選,65,52,,13,俞肇球,B01-105,,,,"5,6",,,,"[{""day"": 4, ""dayName"": ""星期四"", ""periods"": [""5"", ""6""], ""raw"": ""5,6""}]",,,https://course.nuk.edu.tw/QueryCourse/tcontent.asp?OpenYear=109&Helf=1&Sclass=CE&Cono=A502,2026-08-26T18:22:53+00:00
109-1-CE-A592-A-1-A,109,1,工學院,CE,土木與環境工程學系,A592,A,大學部,1,A,防災技能與實作,2,選,9,8,,1,吳明淏,,,,,,X,X,,"[{""day"": 5, ""dayName"": ""星期五"", ""periods"": [""X""], ""raw"": ""X""}, {""day"": 6, ""dayName"": ""星期六"", ""periods"": [""X""], ""raw"": ""X""}]",,需已參與暑期防災士培訓課程(大二三四合開),https://course.nuk.edu.tw/QueryCourse/tcontent.asp?OpenYear=109&Helf=1&Sclass=CE&Cono=A592,2026-08-26T18:22:53+00:00
109-1-CE-B511-A-1-B,109,1,工學院,CE,土木與環境工程學系,B511,A,大學部,1,B,計算機應用,2,選,40,12,,28,蔡幸致,C01-104,,,,,"1,2",,,"[{""day"": 5, ""dayName"": ""星期五"", ""periods"": [""1"", ""2""], ""raw"": ""1,2""}]",限修,使用圖資電腦教室,https://course.nuk.edu.tw/QueryCourse/tcontent.asp?OpenYear=109&Helf=1&Sclass=CE&Cono=B511,2026-08-26T18:22:53+00:00
109-1-CE-D711-A-1-A,109,1,工學院,CE,土木與環境工程學系,D711,A,大學部,1,A,測量學實習,1,選,33,32,,1,俞肇球,B01-105,,,,"7,8, 9",,,,"[{""day"": 4, ""dayName"": ""星期四"", ""periods"": [""7"", ""8"", ""9""], ""raw"": ""7,8, 9""}]",,同時修或已修過測量學,https://course.nuk.edu.tw/QueryCourse/tcontent.asp?OpenYear=109&Helf=1&Sclass=CE&Cono=D711,2026-08-26T18:22:53+00:00
109-1-CE-A592-A-2-A,109,1,工學院,CE,土木與環境工程學系,A592,A,大學部,2,A,防災技能與實作,2,選,9,8,,1,吳明淏,,,,,,X,X,,"[{""day"": 5, ""dayName"": ""星期五"", ""periods"": [""X""], ""raw"": ""X""}, {""day"": 6, ""dayName"": ""星期六"", ""periods"": [""X""], ""raw"": ""X""}]",,需已參與暑期防災士培訓課程(大二三四合開),https://course.nuk.edu.tw/QueryCourse/tcontent.asp?OpenYear=109&Helf=1&Sclass=CE&Cono=A592,2026-08-26T18:22:53+00:00
109-1-CE-B011-A-2-A,109,1,工學院,CE,土木與環境工程學系,B011,A,大學部,2,A,材料力學,3,必,70,55,,15,俞肇球,B01-107 其他教室,,,2,"3,4",,,,"[{""day"": 3, ""dayName"": ""星期三"", ""periods"": [""2""], ""raw"": ""2""}, {""day"": 4, ""dayName"": ""星期四"", ""periods"": [""3"", ""4""], ""raw"": ""3,4""}]",,,https://course.nuk.edu.tw/QueryCourse/tcontent.asp?OpenYear=109&Helf=1&Sclass=CE&Cono=B011,2026-08-26T18:22:53+00:00
109-1-CE-B012-A-2-B,109,1,工學院,CE,土木與環境工程學系,B012,A,大學部,2,B,材料力學,3,必,40,17,,23,俞肇球,B01-106,,,"3,4",2,,,,"[{""day"": 3, ""dayName"": ""星期三"", ""periods"": [""3"", ""4""], ""raw"": ""3,4""}, {""day"": 4, ""dayName"": ""星期四"", ""periods"": [""2""], ""raw"": ""2""}]",限修,,https://course.nuk.edu.tw/QueryCourse/tcontent.asp?OpenYear=109&Helf=1&Sclass=CE&Cono=B012,2026-08-26T18:22:53+00:00
109-1-CE-B02A-A-2-A,109,1,工學院,CE,土木與環境工程學系,B02A,A,大學部,2,A,環境分析實驗(一),2,必,60,53,,7,林琪,C01-113 其他教室,,,,,"5,6, 7,8",,,"[{""day"": 5, ""dayName"": ""星期五"", ""periods"": [""5"", ""6"", ""7"", ""8""], ""raw"": ""5,6, 7,8""}]",,使用工學院113實驗室,https://course.nuk.edu.tw/QueryCourse/tcontent.asp?OpenYear=109&Helf=1&Sclass=CE&Cono=B02A,2026-08-26T18:22:53+00:00
109-1-CE-B02C-A-2-B,109,1,工學院,CE,土木與環境工程學系,B02C,A,大學部,2,B,環境分析實驗(一),2,必,40,20,,20,林琪,C01-113 其他教室,,,,"5,6, 7,8",,,,"[{""day"": 4, ""dayName"": ""星期四"", ""periods"": [""5"", ""6"", ""7"", ""8""], ""raw"": ""5,6, 7,8""}]",限修,使用工113實驗室,https://course.nuk.edu.tw/QueryCourse/tcontent.asp?OpenYear=109&Helf=1&Sclass=CE&Cono=B02C,2026-08-26T18:22:53+00:00
109-1-CE-B052-A-2-B,109,1,工學院,CE,土木與環境工程學系,B052,A,大學部,2,B,工程材料,3,必,40,23,,17,陳純森,C01-414,,,,,"7,8, 9",,,"[{""day"": 5, ""dayName"": ""星期五"", ""periods"": [""7"", ""8"", ""9""], ""raw"": ""7,8, 9""}]",限修,陳純森老師,https://course.nuk.edu.tw/QueryCourse/tcontent.asp?OpenYear=109&Helf=1&Sclass=CE&Cono=B052,2026-08-26T18:22:53+00:00
109-1-CE-B10A-A-2-A,109,1,工學院,CE,土木與環境工程學系,B10A,A,大學部,2,A,工程數學(一),3,必,60,60,,0,張惠雲,B01-105,"7,8",7,,,,,,"[{""day"": 1, ""dayName"": ""星期一"", ""periods"": [""7"", ""8""], ""raw"": ""7,8""}, {""day"": 2, ""dayName"": ""星期二"", ""periods"": [""7""], ""raw"": ""7""}]",外加,,https://course.nuk.edu.tw/QueryCourse/tcontent.asp?OpenYear=109&Helf=1&Sclass=CE&Cono=B10A,2026-08-26T18:22:53+00:00
109-1-CE-B10B-A-2-B,109,1,工學院,CE,土木與環境工程學系,B10B,A,大學部,2,B,工程數學(一),3,必,40,25,,15,吳宗芳,C02-408,,"2,3, 4",,,,,,"[{""day"": 2, ""dayName"": ""星期二"", ""periods"": [""2"", ""3"", ""4""], ""raw"": ""2,3, 4""}]",限修,使用理院教室,https://course.nuk.edu.tw/QueryCourse/tcontent.asp?OpenYear=109&Helf=1&Sclass=CE&Cono=B10B,2026-08-26T18:22:53+00:00
109-1-CE-B111-A-2-A,109,1,工學院,CE,土木與環境工程學系,B111,A,大學部,2,A,工程材料,3,必,70,56,,14,陳振華,B01-103,"2,3, 4",,,,,,,"[{""day"": 1, ""dayName"": ""星期一"", ""periods"": [""2"", ""3"", ""4""], ""raw"": ""2,3, 4""}]",,,https://course.nuk.edu.tw/QueryCourse/tcontent.asp?OpenYear=109&Helf=1&Sclass=CE&Cono=B111,2026-08-26T18:22:53+00:00
109-1-CE-B531-A-2-A,109,1,工學院,CE,土木與環境工程學系,B531,A,大學部,2,A,水文學,3,選,70,52,,18,甯蜀光,C01-B104,,4,"3,4",,,,,"[{""day"": 2, ""dayName"": ""星期二"", ""periods"": [""4""], ""raw"": ""4""}, {""day"": 3, ""dayName"": ""星期三"", ""periods"": [""3"", ""4""], ""raw"": ""3,4""}]",,使用工學院大教室,https://course.nuk.edu.tw/QueryCourse/tcontent.asp?OpenYear=109&Helf=1&Sclass=CE&Cono=B531,2026-08-26T18:22:53+00:00
109-1-CE-B542-A-2-B,109,1,工學院,CE,土木與環境工程學系,B542,A,大學部,2,B,動力學,3,選,40,22,,18,陳韋志,C01-B102-1,,,"1,2",1,,,,"[{""day"": 3, ""dayName"": ""星期三"", ""periods"": [""1"", ""2""], ""raw"": ""1,2""}, {""day"": 4, ""dayName"": ""星期四"", ""periods"": [""1""], ""raw"": ""1""}]",限修,,https://course.nuk.edu.tw/QueryCourse/tcontent.asp?OpenYear=109&Helf=1&Sclass=CE&Cono=B542,2026-08-26T18:22:53+00:00
109-1-CE-B631-A-2-A,109,1,工學院,CE,土木與環境工程學系,B631,A,大學部,2,A,動力學,3,選,60,58,,2,陳韋志,B01-105,,,"7,8",,1,,,"[{""day"": 3, ""dayName"": ""星期三"", ""periods"": [""7"", ""8""], ""raw"": ""7,8""}, {""day"": 5, ""dayName"": ""星期五"", ""periods"": [""1""], ""raw"": ""1""}]",,,https://course.nuk.edu.tw/QueryCourse/tcontent.asp?OpenYear=109&Helf=1&Sclass=CE&Cono=B631,2026-08-26T18:22:53+00:00
109-1-CE-A592-A-3-A,109,1,工學院,CE,土木與環境工程學系,A592,A,大學部,3,A,防災技能與實作,2,選,9,8,,1,吳明淏,,,,,,X,X,,"[{""day"": 5, ""dayName"": ""星期五"", ""periods"": [""X""], ""raw"": ""X""}, {""day"": 6, ""dayName"": ""星期六"", ""periods"": [""X""], ""raw"": ""X""}]",,需已參與暑期防災士培訓課程(大二三四合開),https://course.nuk.edu.tw/QueryCourse/tcontent.asp?OpenYear=109&Helf=1&Sclass=CE&Cono=A592,2026-08-26T18:22:53+00:00
109-1-CE-A601-A-3-A,109,1,工學院,CE,土木與環境工程學系,A601,A,大學部,3,A,地理資訊系統,3,選,60,15,,45,吳明淏,L01-107,,,,"2,3, 4",,,,"[{""day"": 4, ""dayName"": ""星期四"", ""periods"": [""2"", ""3"", ""4""], ""raw"": ""2,3, 4""}]",,大三大四合開。軟體需求使用圖資電腦教室107,https://course.nuk.edu.tw/QueryCourse/tcontent.asp?OpenYear=109&Helf=1&Sclass=CE&Cono=A601,2026-08-26T18:22:53+00:00
109-1-CE-A602-A-3-B,109,1,工學院,CE,土木與環境工程學系,A602,A,大學部,3,B,地理資訊系統,3,選,31,23,,8,吳明淏,L01-107,"8,9, 10",,,,,,,"[{""day"": 1, ""dayName"": ""星期一"", ""periods"": [""8"", ""9"", ""10""], ""raw"": ""8,9, 10""}]",限修,軟體需求使用圖資電腦教室107,https://course.nuk.edu.tw/QueryCourse/tcontent.asp?OpenYear=109&Helf=1&Sclass=CE&Cono=A602,2026-08-26T18:22:53+00:00
109-1-CE-B561-A-3-A,109,1,工學院,CE,土木與環境工程學系,B561,A,大學部,3,A,工程與環境地質,3,選,69,69,,0,陳韋志,C01-106 其他教室,,,,,"2,3, 4",,,"[{""day"": 5, ""dayName"": ""星期五"", ""periods"": [""2"", ""3"", ""4""], ""raw"": ""2,3, 4""}]",外加,,https://course.nuk.edu.tw/QueryCourse/tcontent.asp?OpenYear=109&Helf=1&Sclass=CE&Cono=B561,2026-08-26T18:22:53+00:00
109-1-CE-C01B-A-3-A,109,1,工學院,CE,土木與環境工程學系,C01B,A,大學部,3,A,土木工程實驗(二),1,必,60,48,,12,童士恆,C01-102,,,,,"5,6, 7",,,"[{""day"": 5, ""dayName"": ""星期五"", ""periods"": [""5"", ""6"", ""7""], ""raw"": ""5,6, 7""}]",先修,使用工學院102實驗室,https://course.nuk.edu.tw/QueryCourse/tcontent.asp?OpenYear=109&Helf=1&Sclass=CE&Cono=C01B,2026-08-26T18:22:53+00:00
109-1-CE-C01C-A-3-B,109,1,工學院,CE,土木與環境工程學系,C01C,A,大學部,3,B,土木工程實驗(二),2,必,30,22,,8,童士恆,C01-102,,,,"5,6, 7",,,,"[{""day"": 4, ""dayName"": ""星期四"", ""periods"": [""5"", ""6"", ""7""], ""raw"": ""5,6, 7""}]",限修,使用工102實驗室,https://course.nuk.edu.tw/QueryCourse/tcontent.asp?OpenYear=109&Helf=1&Sclass=CE&Cono=C01C,2026-08-26T18:22:53+00:00
109-1-CE-C502-A-3-B,109,1,工學院,CE,土木與環境工程學系,C502,A,大學部,3,B,基礎工程,3,選,30,19,,11,劉紀宏,C01-B101-1,,,,,"6,7, 8",,,"[{""day"": 5, ""dayName"": ""星期五"", ""periods"": [""6"", ""7"", ""8""], ""raw"": ""6,7, 8""}]",限修,劉紀宏老師,https://course.nuk.edu.tw/QueryCourse/tcontent.asp?OpenYear=109&Helf=1&Sclass=CE&Cono=C502,2026-08-26T18:22:53+00:00
109-1-CE-C511-A-3-A,109,1,工學院,CE,土木與環境工程學系,C511,A,大學部,3,A,工程數學(三),3,選,60,50,,10,蔡幸致,C01-B101,,"2,3, 4",,,,,,"[{""day"": 2, ""dayName"": ""星期二"", ""periods"": [""2"", ""3"", ""4""], ""raw"": ""2,3, 4""}]",,,https://course.nuk.edu.tw/QueryCourse/tcontent.asp?OpenYear=109&Helf=1&Sclass=CE&Cono=C511,2026-08-26T18:22:53+00:00
109-1-CE-C521-A-3-A,109,1,工學院,CE,土木與環境工程學系,C521,A,大學部,3,A,地下環境污染防制,3,選,40,22,,18,袁菁,C01-106,"3,4",2,,,,,,"[{""day"": 1, ""dayName"": ""星期一"", ""periods"": [""3"", ""4""], ""raw"": ""3,4""}, {""day"": 2, ""dayName"": ""星期二"", ""periods"": [""2""], ""raw"": ""2""}]",,,https://course.nuk.edu.tw/QueryCourse/tcontent.asp?OpenYear=109&Helf=1&Sclass=CE&Cono=C521,2026-08-26T18:22:53+00:00
109-1-CE-C542-A-3-A,109,1,工學院,CE,土木與環境工程學系,C542,A,大學部,3,A,固體廢棄物,3,選,40,27,,13,林秋良,C01-413,,,"2,3",2,,,,"[{""day"": 3, ""dayName"": ""星期三"", ""periods"": [""2"", ""3""], ""raw"": ""2,3""}, {""day"": 4, ""dayName"": ""星期四"", ""periods"": [""2""], ""raw"": ""2""}]",,,https://course.nuk.edu.tw/QueryCourse/tcontent.asp?OpenYear=109&Helf=1&Sclass=CE&Cono=C542,2026-08-26T18:22:53+00:00
109-1-CE-C552-A-3-B,109,1,工學院,CE,土木與環境工程學系,C552,A,大學部,3,B,工程與環境地質,3,選,30,19,,11,陳韋志,C01-106,,,,"2,3, 4",,,,"[{""day"": 4, ""dayName"": ""星期四"", ""periods"": [""2"", ""3"", ""4""], ""raw"": ""2,3, 4""}]",限修,,https://course.nuk.edu.tw/QueryCourse/tcontent.asp?OpenYear=109&Helf=1&Sclass=CE&Cono=C552,2026-08-26T18:22:53+00:00
109-1-CE-C592-A-3-B,109,1,工學院,CE,土木與環境工程學系,C592,A,大學部,3,B,鋼筋混凝土設計,3,選,30,22,,8,林庚達,C01-B102-1,,"7,8, 9",,,,,,"[{""day"": 2, ""dayName"": ""星期二"", ""periods"": [""7"", ""8"", ""9""], ""raw"": ""7,8, 9""}]",限修,,https://course.nuk.edu.tw/QueryCourse/tcontent.asp?OpenYear=109&Helf=1&Sclass=CE&Cono=C592,2026-08-26T18:22:53+00:00
109-1-CE-C602-A-3-B,109,1,工學院,CE,土木與環境工程學系,C602,A,大學部,3,B,結構學,3,選,30,17,,13,張惠雲,C01-413,,"2,3, 4",,,,,,"[{""day"": 2, ""dayName"": ""星期二"", ""periods"": [""2"", ""3"", ""4""], ""raw"": ""2,3, 4""}]",限修,,https://course.nuk.edu.tw/QueryCourse/tcontent.asp?OpenYear=109&Helf=1&Sclass=CE&Cono=C602,2026-08-26T18:22:53+00:00
109-1-CE-C611-A-3-A,109,1,工學院,CE,土木與環境工程學系,C611,A,大學部,3,A,專題研究(一),1,選,30,12,,18,甯蜀光,C01-106,,Y,,,,,,"[{""day"": 2, ""dayName"": ""星期二"", ""periods"": [""Y""], ""raw"": ""Y""}]",,,https://course.nuk.edu.tw/QueryCourse/tcontent.asp?OpenYear=109&Helf=1&Sclass=CE&Cono=C611,2026-08-26T18:22:53+00:00
109-1-CE-C632-A-3-B,109,1,工學院,CE,土木與環境工程學系,C632,A,大學部,3,B,水文學,3,選,30,22,,8,甯蜀光,C01-B102-1,"2,3, 4",,,,,,,"[{""day"": 1, ""dayName"": ""星期一"", ""periods"": [""2"", ""3"", ""4""], ""raw"": ""2,3, 4""}]",限修,,https://course.nuk.edu.tw/QueryCourse/tcontent.asp?OpenYear=109&Helf=1&Sclass=CE&Cono=C632,2026-08-26T18:22:53+00:00
109-1-CE-C661-A-3-A,109,1,工學院,CE,土木與環境工程學系,C661,A,大學部,3,A,環境微生物,3,選,61,38,,23,莊蕙萍 林秋良,C01-106,,,,"5,6, 7",,,,"[{""day"": 4, ""dayName"": ""星期四"", ""periods"": [""5"", ""6"", ""7""], ""raw"": ""5,6, 7""}]",,,https://course.nuk.edu.tw/QueryCourse/tcontent.asp?OpenYear=109&Helf=1&Sclass=CE&Cono=C661,2026-08-26T18:22:53+00:00
109-1-CE-C681-A-3-A,109,1,工學院,CE,土木與環境工程學系,C681,A,大學部,3,A,鋼結構設計,3,選,40,30,,10,張惠雲,C01-B102 其他教室,6,"5,6",,,,,,"[{""day"": 1, ""dayName"": ""星期一"", ""periods"": [""6""], ""raw"": ""6""}, {""day"": 2, ""dayName"": ""星期二"", ""periods"": [""5"", ""6""], ""raw"": ""5,6""}]",,需全程配合參加演講或校外參訪,https://course.nuk.edu.tw/QueryCourse/tcontent.asp?OpenYear=109&Helf=1&Sclass=CE&Cono=C681,2026-08-26T18:22:53+00:00
109-1-CE-A592-A-4-A,109,1,工學院,CE,土木與環境工程學系,A592,A,大學部,4,A,防災技能與實作,2,選,9,8,,1,吳明淏,,,,,,X,X,,"[{""day"": 5, ""dayName"": ""星期五"", ""periods"": [""X""], ""raw"": ""X""}, {""day"": 6, ""dayName"": ""星期六"", ""periods"": [""X""], ""raw"": ""X""}]",,需已參與暑期防災士培訓課程(大二三四合開),https://course.nuk.edu.tw/QueryCourse/tcontent.asp?OpenYear=109&Helf=1&Sclass=CE&Cono=A592,2026-08-26T18:22:53+00:00
109-1-CE-A601-A-4-A,109,1,工學院,CE,土木與環境工程學系,A601,A,大學部,4,A,地理資訊系統,3,選,60,15,,45,吳明淏,L01-107,,,,"2,3, 4",,,,"[{""day"": 4, ""dayName"": ""星期四"", ""periods"": [""2"", ""3"", ""4""], ""raw"": ""2,3, 4""}]",,大三大四合開。軟體需求使用圖資電腦教室107,https://course.nuk.edu.tw/QueryCourse/tcontent.asp?OpenYear=109&Helf=1&Sclass=CE&Cono=A601,2026-08-26T18:22:53+00:00
109-1-CE-C701-A-4-A,109,1,工學院,CE,土木與環境工程學系,C701,A,大學部,4,A,施工法,3,選,60,17,,43,童士恆,B01-103 其他教室,,,3,"3,4",,,,"[{""day"": 3, ""dayName"": ""星期三"", ""periods"": [""3""], ""raw"": ""3""}, {""day"": 4, ""dayName"": ""星期四"", ""periods"": [""3"", ""4""], ""raw"": ""3,4""}]",,,https://course.nuk.edu.tw/QueryCourse/tcontent.asp?OpenYear=109&Helf=1&Sclass=CE&Cono=C701,2026-08-26T18:22:53+00:00
109-1-CE-D522-A-4-A,109,1,工學院,CE,土木與環境工程學系,D522,A,大學部,4,A,環境工程單元操作實驗,3,選,30,15,,15,林秋良,C01-404-1,,,,"3,4, Y",,,,"[{""day"": 4, ""dayName"": ""星期四"", ""periods"": [""3"", ""4"", ""Y""], ""raw"": ""3,4, Y""}]",,使用工404-1實驗室,https://course.nuk.edu.tw/QueryCourse/tcontent.asp?OpenYear=109&Helf=1&Sclass=CE&Cono=D522,2026-08-26T18:22:53+00:00
109-1-CE-F513-A-4-A,109,1,工學院,CE,土木與環境工程學系,F513,A,大學部,4,A,結構矩陣,3,選,40,25,,15,蔡幸致,C01-B101,,"5,6, 7",,,,,,"[{""day"": 2, ""dayName"": ""星期二"", ""periods"": [""5"", ""6"", ""7""], ""raw"": ""5,6, 7""}]",,大四研一合開,https://course.nuk.edu.tw/QueryCourse/tcontent.asp?OpenYear=109&Helf=1&Sclass=CE&Cono=F513,2026-08-26T18:22:53+00:00
109-1-CE-F531-A-4-A,109,1,工學院,CE,土木與環境工程學系,F531,A,大學部,4,A,廢棄物處理系統設計,3,選,40,12,,28,林秋良,C01-413,,,4,,"2,3",,,"[{""day"": 3, ""dayName"": ""星期三"", ""periods"": [""4""], ""raw"": ""4""}, {""day"": 5, ""dayName"": ""星期五"", ""periods"": [""2"", ""3""], ""raw"": ""2,3""}]",,大四研一合開,https://course.nuk.edu.tw/QueryCourse/tcontent.asp?OpenYear=109&Helf=1&Sclass=CE&Cono=F531,2026-08-26T18:22:53+00:00
109-1-CE-F551-A-4-A,109,1,工學院,CE,土木與環境工程學系,F551,A,大學部,4,A,環境系統分析,3,選,30,14,,16,甯蜀光,C01-B102-1 其他教室,,"2,3",2,,,,,"[{""day"": 2, ""dayName"": ""星期二"", ""periods"": [""2"", ""3""], ""raw"": ""2,3""}, {""day"": 3, ""dayName"": ""星期三"", ""periods"": [""2""], ""raw"": ""2""}]",,大四研一合開,https://course.nuk.edu.tw/QueryCourse/tcontent.asp?OpenYear=109&Helf=1&Sclass=CE&Cono=F551,2026-08-26T18:22:53+00:00
109-1-CE-F572-A-4-A,109,1,工學院,CE,土木與環境工程學系,F572,A,大學部,4,A,地工合成物工程,3,選,30,10,,20,吳明淏,C01-B101-1,,,,"5,6, 7",,,,"[{""day"": 4, ""dayName"": ""星期四"", ""periods"": [""5"", ""6"", ""7""], ""raw"": ""5,6, 7""}]",,大四研一合開,https://course.nuk.edu.tw/QueryCourse/tcontent.asp?OpenYear=109&Helf=1&Sclass=CE&Cono=F572,2026-08-26T18:22:53+00:00
109-1-CE-F631-A-4-A,109,1,工學院,CE,土木與環境工程學系,F631,A,大學部,4,A,訊號處理與頻譜分析,3,選,30,4,,26,張惠雲,C01-413,"3,4, Y",,,,,,,"[{""day"": 1, ""dayName"": ""星期一"", ""periods"": [""3"", ""4"", ""Y""], ""raw"": ""3,4, Y""}]",,大四研一合開-實驗需要課後(含假日)到校外實作,https://course.nuk.edu.tw/QueryCourse/tcontent.asp?OpenYear=109&Helf=1&Sclass=CE&Cono=F631,2026-08-26T18:22:53+00:00
109-1-CE-F663-A-4-A,109,1,工學院,CE,土木與環境工程學系,F663,A,大學部,4,A,橋梁工程,3,選,30,9,,21,陳振華,C01-B101,"8,9",10,,,,,,"[{""day"": 1, ""dayName"": ""星期一"", ""periods"": [""8"", ""9""], ""raw"": ""8,9""}, {""day"": 2, ""dayName"": ""星期二"", ""periods"": [""10""], ""raw"": ""10""}]",,大四研一合開,https://course.nuk.edu.tw/QueryCourse/tcontent.asp?OpenYear=109&Helf=1&Sclass=CE&Cono=F663,2026-08-26T18:22:53+00:00
109-1-CE-F681-A-4-A,109,1,工學院,CE,土木與環境工程學系,F681,A,大學部,4,A,非破壞性檢測與試驗,3,選,30,8,,22,陳振華,C01-B101,"5,6, 7",,,,,,,"[{""day"": 1, ""dayName"": ""星期一"", ""periods"": [""5"", ""6"", ""7""], ""raw"": ""5,6, 7""}]",,大四研一合開,https://course.nuk.edu.tw/QueryCourse/tcontent.asp?OpenYear=109&Helf=1&Sclass=CE&Cono=F681,2026-08-26T18:22:53+00:00
109-1-CE-F731-A-4-A,109,1,工學院,CE,土木與環境工程學系,F731,A,大學部,4,A,設計思考,2,選,40,12,,28,沈渝禎,C01-413,,,"7,8",,,,,"[{""day"": 3, ""dayName"": ""星期三"", ""periods"": [""7"", ""8""], ""raw"": ""7,8""}]",,沈渝禎老師,https://course.nuk.edu.tw/QueryCourse/tcontent.asp?OpenYear=109&Helf=1&Sclass=CE&Cono=F731,2026-08-26T18:22:53+00:00
109-1-CE-F513-M-1-,109,1,工學院,CE,土木與環境工程學系,F513,M,碩士班,1,,結構矩陣,3,選,40,25,,15,蔡幸致,C01-B101,,"5,6, 7",,,,,,"[{""day"": 2, ""dayName"": ""星期二"", ""periods"": [""5"", ""6"", ""7""], ""raw"": ""5,6, 7""}]",,大四研一合開,https://course.nuk.edu.tw/QueryCourse/tcontent.asp?OpenYear=109&Helf=1&Sclass=CE&Cono=F513,2026-08-26T18:22:53+00:00
109-1-CE-F521-M-1-,109,1,工學院,CE,土木與環境工程學系,F521,M,碩士班,1,,實驗規劃與設計,3,選,30,5,,25,袁菁,C01-106,"5,6, 7",,,,,,,"[{""day"": 1, ""dayName"": ""星期一"", ""periods"": [""5"", ""6"", ""7""], ""raw"": ""5,6, 7""}]",,,https://course.nuk.edu.tw/QueryCourse/tcontent.asp?OpenYear=109&Helf=1&Sclass=CE&Cono=F521,2026-08-26T18:22:53+00:00
109-1-CE-F531-M-1-,109,1,工學院,CE,土木與環境工程學系,F531,M,碩士班,1,,廢棄物處理系統設計,3,選,40,12,,28,林秋良,C01-413,,,4,,"2,3",,,"[{""day"": 3, ""dayName"": ""星期三"", ""periods"": [""4""], ""raw"": ""4""}, {""day"": 5, ""dayName"": ""星期五"", ""periods"": [""2"", ""3""], ""raw"": ""2,3""}]",,大四研一合開,https://course.nuk.edu.tw/QueryCourse/tcontent.asp?OpenYear=109&Helf=1&Sclass=CE&Cono=F531,2026-08-26T18:22:53+00:00
109-1-CE-F551-M-1-,109,1,工學院,CE,土木與環境工程學系,F551,M,碩士班,1,,環境系統分析,3,選,30,14,,16,甯蜀光,C01-B102-1 其他教室,,"2,3",2,,,,,"[{""day"": 2, ""dayName"": ""星期二"", ""periods"": [""2"", ""3""], ""raw"": ""2,3""}, {""day"": 3, ""dayName"": ""星期三"", ""periods"": [""2""], ""raw"": ""2""}]",,大四研一合開,https://course.nuk.edu.tw/QueryCourse/tcontent.asp?OpenYear=109&Helf=1&Sclass=CE&Cono=F551,2026-08-26T18:22:53+00:00
109-1-CE-F572-M-1-,109,1,工學院,CE,土木與環境工程學系,F572,M,碩士班,1,,地工合成物工程,3,選,30,10,,20,吳明淏,C01-B101-1,,,,"5,6, 7",,,,"[{""day"": 4, ""dayName"": ""星期四"", ""periods"": [""5"", ""6"", ""7""], ""raw"": ""5,6, 7""}]",,大四研一合開,https://course.nuk.edu.tw/QueryCourse/tcontent.asp?OpenYear=109&Helf=1&Sclass=CE&Cono=F572,2026-08-26T18:22:53+00:00
109-1-CE-F631-M-1-,109,1,工學院,CE,土木與環境工程學系,F631,M,碩士班,1,,訊號處理與頻譜分析,3,選,30,4,,26,張惠雲,C01-413,"3,4, Y",,,,,,,"[{""day"": 1, ""dayName"": ""星期一"", ""periods"": [""3"", ""4"", ""Y""], ""raw"": ""3,4, Y""}]",,大四研一合開-實驗需要課後(含假日)到校外實作,https://course.nuk.edu.tw/QueryCourse/tcontent.asp?OpenYear=109&Helf=1&Sclass=CE&Cono=F631,2026-08-26T18:22:53+00:00
109-1-CE-F663-M-1-,109,1,工學院,CE,土木與環境工程學系,F663,M,碩士班,1,,橋梁工程,3,選,30,9,,21,陳振華,C01-B101,"8,9",10,,,,,,"[{""day"": 1, ""dayName"": ""星期一"", ""periods"": [""8"", ""9""], ""raw"": ""8,9""}, {""day"": 2, ""dayName"": ""星期二"", ""periods"": [""10""], ""raw"": ""10""}]",,大四研一合開,https://course.nuk.edu.tw/QueryCourse/tcontent.asp?OpenYear=109&Helf=1&Sclass=CE&Cono=F663,2026-08-26T18:22:53+00:00
109-1-CE-F681-M-1-,109,1,工學院,CE,土木與環境工程學系,F681,M,碩士班,1,,非破壞性檢測與試驗,3,選,30,8,,22,陳振華,C01-B101,"5,6, 7",,,,,,,"[{""day"": 1, ""dayName"": ""星期一"", ""periods"": [""5"", ""6"", ""7""], ""raw"": ""5,6, 7""}]",,大四研一合開,https://course.nuk.edu.tw/QueryCourse/tcontent.asp?OpenYear=109&Helf=1&Sclass=CE&Cono=F681,2026-08-26T18:22:53+00:00
109-1-CE-F731-M-1-,109,1,工學院,CE,土木與環境工程學系,F731,M,碩士班,1,,設計思考,2,選,40,12,,28,沈渝禎,C01-413,,,"7,8",,,,,"[{""day"": 3, ""dayName"": ""星期三"", ""periods"": [""7"", ""8""], ""raw"": ""7,8""}]",,沈渝禎老師,https://course.nuk.edu.tw/QueryCourse/tcontent.asp?OpenYear=109&Helf=1&Sclass=CE&Cono=F731,2026-08-26T18:22:53+00:00
109-1-CM-A01A-A-1-A,109,1,工學院,CM,化學工程及材料工程學系,A01A,A,大學部,1,A,微積分(一),3,必,60,50,,10,謝永堂,C01-B103,,,,,"2,3, 4",,,"[{""day"": 5, ""dayName"": ""星期五"", ""periods"": [""2"", ""3"", ""4""], ""raw"": ""2,3, 4""}]",,全英語授課,https://course.nuk.edu.tw/QueryCourse/tcontent.asp?OpenYear=109&Helf=1&Sclass=CM&Cono=A01A,2026-08-26T18:22:53+00:00
109-1-CM-A021-A-1-A,109,1,工學院,CM,化學工程及材料工程學系,A021,A,大學部,1,A,普通物理,3,必,60,50,,10,楊證富,B01-105,,"1,2, 3",,,,,,"[{""day"": 2, ""dayName"": ""星期二"", ""periods"": [""1"", ""2"", ""3""], ""raw"": ""1,2, 3""}]",學程,屬「磁電材料」跨院系學分學程,https://course.nuk.edu.tw/QueryCourse/tcontent.asp?OpenYear=109&Helf=1&Sclass=CM&Cono=A021,2026-08-26T18:22:53+00:00
109-1-CM-A04A-A-1-A,109,1,工學院,CM,化學工程及材料工程學系,A04A,A,大學部,1,A,普通化學(一),2,必,50,41,,9,王宗櫚,C01-105,,"6,7",,,,,,"[{""day"": 2, ""dayName"": ""星期二"", ""periods"": [""6"", ""7""], ""raw"": ""6,7""}]",學程,屬高值化金屬製備特色人才培育學程,https://course.nuk.edu.tw/QueryCourse/tcontent.asp?OpenYear=109&Helf=1&Sclass=CM&Cono=A04A,2026-08-26T18:22:53+00:00
109-1-CM-A051-A-1-A,109,1,工學院,CM,化學工程及材料工程學系,A051,A,大學部,1,A,普通化學實驗,1,必,60,40,,20,鍾宜璋,C01-112 其他教室,,,"2,3, 4",,,,,"[{""day"": 3, ""dayName"": ""星期三"", ""periods"": [""2"", ""3"", ""4""], ""raw"": ""2,3, 4""}]",,教室使用工學院112實驗室與工學院普通教室,https://course.nuk.edu.tw/QueryCourse/tcontent.asp?OpenYear=109&Helf=1&Sclass=CM&Cono=A051,2026-08-26T18:22:53+00:00
109-1-CM-A07A-A-1-A,109,1,工學院,CM,化學工程及材料工程學系,A07A,A,大學部,1,A,化工與材料科學導論(一),3,必,60,44,,16,王瑞琪,B01-109,,,,"2,3, 4",,,,"[{""day"": 4, ""dayName"": ""星期四"", ""periods"": [""2"", ""3"", ""4""], ""raw"": ""2,3, 4""}]",學程,屬高值化金屬製備特色人才培育學程，屬生技產業跨領域學程,https://course.nuk.edu.tw/QueryCourse/tcontent.asp?OpenYear=109&Helf=1&Sclass=CM&Cono=A07A,2026-08-26T18:22:53+00:00
109-1-CM-A181-A-1-A,109,1,工學院,CM,化學工程及材料工程學系,A181,A,大學部,1,A,生命科學概論,3,必,50,43,,7,劉開璽,C01-105,,,,,"6,7, 8",,,"[{""day"": 5, ""dayName"": ""星期五"", ""periods"": [""6"", ""7"", ""8""], ""raw"": ""6,7, 8""}]",學程,屬生技產業跨領域學程,https://course.nuk.edu.tw/QueryCourse/tcontent.asp?OpenYear=109&Helf=1&Sclass=CM&Cono=A181,2026-08-26T18:22:53+00:00
109-1-CM-C661-A-1-A,109,1,工學院,CM,化學工程及材料工程學系,C661,A,大學部,1,A,能源材料,3,選,40,16,,24,楊乾信,C01-105,,"2,3, 4",,,,,,"[{""day"": 2, ""dayName"": ""星期二"", ""periods"": [""2"", ""3"", ""4""], ""raw"": ""2,3, 4""}]",,,https://course.nuk.edu.tw/QueryCourse/tcontent.asp?OpenYear=109&Helf=1&Sclass=CM&Cono=C661,2026-08-26T18:22:53+00:00
109-1-CM-B00A-A-2-A,109,1,工學院,CM,化學工程及材料工程學系,B00A,A,大學部,2,A,工程數學(一),3,必,60,48,,12,楊乾信,C01-B103,,,"2,3, 4",,,,,"[{""day"": 3, ""dayName"": ""星期三"", ""periods"": [""2"", ""3"", ""4""], ""raw"": ""2,3, 4""}]",,,https://course.nuk.edu.tw/QueryCourse/tcontent.asp?OpenYear=109&Helf=1&Sclass=CM&Cono=B00A,2026-08-26T18:22:53+00:00
109-1-CM-B01B-A-2-A,109,1,工學院,CM,化學工程及材料工程學系,B01B,A,大學部,2,A,物理化學(二),3,必,56,56,,0,陳文正,B01-101,,"2,3, 4",,,,,,"[{""day"": 2, ""dayName"": ""星期二"", ""periods"": [""2"", ""3"", ""4""], ""raw"": ""2,3, 4""}]",,,https://course.nuk.edu.tw/QueryCourse/tcontent.asp?OpenYear=109&Helf=1&Sclass=CM&Cono=B01B,2026-08-26T18:22:53+00:00
109-1-CM-B031-A-2-A,109,1,工學院,CM,化學工程及材料工程學系,B031,A,大學部,2,A,材料化學實驗,1,必,30,19,,11,蘇進成,C01-112 其他教室,"5,6, 7",,,,,,,"[{""day"": 1, ""dayName"": ""星期一"", ""periods"": [""5"", ""6"", ""7""], ""raw"": ""5,6, 7""}]",,請學號雙號同學選修本課程，教室使用工學院112實驗室與普通教室,https://course.nuk.edu.tw/QueryCourse/tcontent.asp?OpenYear=109&Helf=1&Sclass=CM&Cono=B031,2026-08-26T18:22:53+00:00
109-1-CM-B080-A-2-A,109,1,工學院,CM,化學工程及材料工程學系,B080,A,大學部,2,A,物理化學實驗,1,必,30,22,,8,陳文正,C01-112 其他教室,,,,,"5,6, 7",,,"[{""day"": 5, ""dayName"": ""星期五"", ""periods"": [""5"", ""6"", ""7""], ""raw"": ""5,6, 7""}]",,請學號單號同學選修本課程，教室使用工學院112實驗室與普通教室,https://course.nuk.edu.tw/QueryCourse/tcontent.asp?OpenYear=109&Helf=1&Sclass=CM&Cono=B080,2026-08-26T18:22:53+00:00
109-1-CM-B091-A-2-A,109,1,工學院,CM,化學工程及材料工程學系,B091,A,大學部,2,A,有機材料化學(一),3,必,60,42,,18,鍾宜璋,B01-105,"2,3, 4",,,,,,,"[{""day"": 1, ""dayName"": ""星期一"", ""periods"": [""2"", ""3"", ""4""], ""raw"": ""2,3, 4""}]",學程,全英語授課,https://course.nuk.edu.tw/QueryCourse/tcontent.asp?OpenYear=109&Helf=1&Sclass=CM&Cono=B091,2026-08-26T18:22:53+00:00
109-1-CM-B101-A-2-A,109,1,工學院,CM,化學工程及材料工程學系,B101,A,大學部,2,A,物理冶金,3,必,62,45,,17,呂正傑,C01-105,,,,"2,3, 4",,,,"[{""day"": 4, ""dayName"": ""星期四"", ""periods"": [""2"", ""3"", ""4""], ""raw"": ""2,3, 4""}]",學程,屬高值化金屬製備學程、磁電材料跨院系學分學程,https://course.nuk.edu.tw/QueryCourse/tcontent.asp?OpenYear=109&Helf=1&Sclass=CM&Cono=B101,2026-08-26T18:22:53+00:00
109-1-CM-C662-A-2-A,109,1,工學院,CM,化學工程及材料工程學系,C662,A,大學部,2,A,金屬材料,3,選,37,37,,0,何文福,B01-103,,"5,6, 7",,,,,,"[{""day"": 2, ""dayName"": ""星期二"", ""periods"": [""5"", ""6"", ""7""], ""raw"": ""5,6, 7""}]",學程,屬高值化金屬製備學程、磁電材料跨院系學分學程,https://course.nuk.edu.tw/QueryCourse/tcontent.asp?OpenYear=109&Helf=1&Sclass=CM&Cono=C662,2026-08-26T18:22:53+00:00
109-1-CM-B591-A-3-A,109,1,工學院,CM,化學工程及材料工程學系,B591,A,大學部,3,A,應用電化學,3,選,30,29,,1,陳文正,C01-105,,,,"5,6, 7",,,,"[{""day"": 4, ""dayName"": ""星期四"", ""periods"": [""5"", ""6"", ""7""], ""raw"": ""5,6, 7""}]",,,https://course.nuk.edu.tw/QueryCourse/tcontent.asp?OpenYear=109&Helf=1&Sclass=CM&Cono=B591,2026-08-26T18:22:53+00:00
109-1-CM-B592-A-3-A,109,1,工學院,CM,化學工程及材料工程學系,B592,A,大學部,3,A,高分子化學,3,選,60,37,,23,王宗櫚,C01-105,,,"2,3, 4",,,,,"[{""day"": 3, ""dayName"": ""星期三"", ""periods"": [""2"", ""3"", ""4""], ""raw"": ""2,3, 4""}]",,,https://course.nuk.edu.tw/QueryCourse/tcontent.asp?OpenYear=109&Helf=1&Sclass=CM&Cono=B592,2026-08-26T18:22:53+00:00
109-1-CM-C051-A-3-A,109,1,工學院,CM,化學工程及材料工程學系,C051,A,大學部,3,A,材料物理,3,必,60,44,,16,王瑞琪,C01-105,,,,,"2,3, 4",,,"[{""day"": 5, ""dayName"": ""星期五"", ""periods"": [""2"", ""3"", ""4""], ""raw"": ""2,3, 4""}]",學程,"屬高值化金屬製備特色人才培育學程, 屬「磁電材料」跨院系學分學程",https://course.nuk.edu.tw/QueryCourse/tcontent.asp?OpenYear=109&Helf=1&Sclass=CM&Cono=C051,2026-08-26T18:22:53+00:00
109-1-CM-C071-A-3-A,109,1,工學院,CM,化學工程及材料工程學系,C071,A,大學部,3,A,化工與材料實驗(I),1,必,60,42,,18,何文福 呂正傑,C01-308 其他教室,,,"5,6, 7,8",,,,,"[{""day"": 3, ""dayName"": ""星期三"", ""periods"": [""5"", ""6"", ""7"", ""8""], ""raw"": ""5,6, 7,8""}]",,教室使用工學院308實驗室與普通教室,https://course.nuk.edu.tw/QueryCourse/tcontent.asp?OpenYear=109&Helf=1&Sclass=CM&Cono=C071,2026-08-26T18:22:53+00:00
109-1-CM-C10A-A-3-A,109,1,工學院,CM,化學工程及材料工程學系,C10A,A,大學部,3,A,化工與材料熱力學(I),3,必,60,43,,17,蘇進成,C01-B101-1,,,,"2,3, 4",,,,"[{""day"": 4, ""dayName"": ""星期四"", ""periods"": [""2"", ""3"", ""4""], ""raw"": ""2,3, 4""}]",學程,屬高值化金屬製備特色人才培育學程,https://course.nuk.edu.tw/QueryCourse/tcontent.asp?OpenYear=109&Helf=1&Sclass=CM&Cono=C10A,2026-08-26T18:22:53+00:00
109-1-CM-C641-A-3-A,109,1,工學院,CM,化學工程及材料工程學系,C641,A,大學部,3,A,專題研究(一),1,選,60,32,,28,蘇進成 陳文正 鍾宜璋 呂正傑 王瑞琪 何文福,C01-B101,,,1,1,1,,,"[{""day"": 3, ""dayName"": ""星期三"", ""periods"": [""1""], ""raw"": ""1""}, {""day"": 4, ""dayName"": ""星期四"", ""periods"": [""1""], ""raw"": ""1""}, {""day"": 5, ""dayName"": ""星期五"", ""periods"": [""1""], ""raw"": ""1""}]",,,https://course.nuk.edu.tw/QueryCourse/tcontent.asp?OpenYear=109&Helf=1&Sclass=CM&Cono=C641,2026-08-26T18:22:53+00:00
109-1-CM-C661-A-3-A,109,1,工學院,CM,化學工程及材料工程學系,C661,A,大學部,3,A,能源材料,3,選,40,16,,24,楊乾信,C01-105,,"2,3, 4",,,,,,"[{""day"": 2, ""dayName"": ""星期二"", ""periods"": [""2"", ""3"", ""4""], ""raw"": ""2,3, 4""}]",,,https://course.nuk.edu.tw/QueryCourse/tcontent.asp?OpenYear=109&Helf=1&Sclass=CM&Cono=C661,2026-08-26T18:22:53+00:00
109-1-CM-D07A-A-3-A,109,1,工學院,CM,化學工程及材料工程學系,D07A,A,大學部,3,A,專題討論(I),0,必,60,46,,14,楊證富,C01-114,,"5,6",,,,,,"[{""day"": 2, ""dayName"": ""星期二"", ""periods"": [""5"", ""6""], ""raw"": ""5,6""}]",,使用工學院演講廳授課,https://course.nuk.edu.tw/QueryCourse/tcontent.asp?OpenYear=109&Helf=1&Sclass=CM&Cono=D07A,2026-08-26T18:22:53+00:00
109-1-CM-D581-A-3-A,109,1,工學院,CM,化學工程及材料工程學系,D581,A,大學部,3,A,表面處理與防蝕技術,3,選,40,38,,2,林東毅,C01-B102,,,,,"5,6, 7",,,"[{""day"": 5, ""dayName"": ""星期五"", ""periods"": [""5"", ""6"", ""7""], ""raw"": ""5,6, 7""}]",學程,大三、大四合開，屬高值化金屬製備特色人才培育學程,https://course.nuk.edu.tw/QueryCourse/tcontent.asp?OpenYear=109&Helf=1&Sclass=CM&Cono=D581,2026-08-26T18:22:53+00:00
109-1-CM-F601-A-3-A,109,1,工學院,CM,化學工程及材料工程學系,F601,A,大學部,3,A,半導體製程,3,選,60,43,,17,楊證富,B01-103,"5,6, 7",,,,,,,"[{""day"": 1, ""dayName"": ""星期一"", ""periods"": [""5"", ""6"", ""7""], ""raw"": ""5,6, 7""}]",學程,大三大四碩一合開，屬半導體光電製程學程課程,https://course.nuk.edu.tw/QueryCourse/tcontent.asp?OpenYear=109&Helf=1&Sclass=CM&Cono=F601,2026-08-26T18:22:53+00:00
109-1-CM-D051-A-4-A,109,1,工學院,CM,化學工程及材料工程學系,D051,A,大學部,4,A,專題研究(三),1,選,60,18,,42,謝永堂 楊證富 王宗櫚 楊乾信 林東毅,C01-105,Y,,Y,,Y,,,"[{""day"": 1, ""dayName"": ""星期一"", ""periods"": [""Y""], ""raw"": ""Y""}, {""day"": 3, ""dayName"": ""星期三"", ""periods"": [""Y""], ""raw"": ""Y""}, {""day"": 5, ""dayName"": ""星期五"", ""periods"": [""Y""], ""raw"": ""Y""}]",,,https://course.nuk.edu.tw/QueryCourse/tcontent.asp?OpenYear=109&Helf=1&Sclass=CM&Cono=D051,2026-08-26T18:22:53+00:00
109-1-CM-D581-A-4-A,109,1,工學院,CM,化學工程及材料工程學系,D581,A,大學部,4,A,表面處理與防蝕技術,3,選,40,38,,2,林東毅,C01-B102,,,,,"5,6, 7",,,"[{""day"": 5, ""dayName"": ""星期五"", ""periods"": [""5"", ""6"", ""7""], ""raw"": ""5,6, 7""}]",學程,大三大四合開，屬高值化金屬製備特色人才培育學程,https://course.nuk.edu.tw/QueryCourse/tcontent.asp?OpenYear=109&Helf=1&Sclass=CM&Cono=D581,2026-08-26T18:22:53+00:00
109-1-CM-F501-A-4-A,109,1,工學院,CM,化學工程及材料工程學系,F501,A,大學部,4,A,薄膜工程,3,選,30,21,,9,呂正傑,C01-B102,,"2,3, 4",,,,,,"[{""day"": 2, ""dayName"": ""星期二"", ""periods"": [""2"", ""3"", ""4""], ""raw"": ""2,3, 4""}]",,"大四與碩一合開,屬半導體光電製程學程",https://course.nuk.edu.tw/QueryCourse/tcontent.asp?OpenYear=109&Helf=1&Sclass=CM&Cono=F501,2026-08-26T18:22:53+00:00
109-1-CM-F511-A-4-A,109,1,工學院,CM,化學工程及材料工程學系,F511,A,大學部,4,A,電子顯微鏡理論與應用,3,選,30,26,,4,王瑞琪,C01-B102,,,"2,3, 4",,,,,"[{""day"": 3, ""dayName"": ""星期三"", ""periods"": [""2"", ""3"", ""4""], ""raw"": ""2,3, 4""}]",,碩一與大四合開,https://course.nuk.edu.tw/QueryCourse/tcontent.asp?OpenYear=109&Helf=1&Sclass=CM&Cono=F511,2026-08-26T18:22:53+00:00
109-1-CM-F541-A-4-A,109,1,工學院,CM,化學工程及材料工程學系,F541,A,大學部,4,A,高等熱力學,3,選,30,16,,14,何文福,C01-B101-1,,,,,"2,3, 4",,,"[{""day"": 5, ""dayName"": ""星期五"", ""periods"": [""2"", ""3"", ""4""], ""raw"": ""2,3, 4""}]",,碩一與大四合開,https://course.nuk.edu.tw/QueryCourse/tcontent.asp?OpenYear=109&Helf=1&Sclass=CM&Cono=F541,2026-08-26T18:22:53+00:00
109-1-CM-F561-A-4-A,109,1,工學院,CM,化學工程及材料工程學系,F561,A,大學部,4,A,高分子特論,3,選,30,16,,14,謝永堂,C01-B102,,,"6,7, 8",,,,,"[{""day"": 3, ""dayName"": ""星期三"", ""periods"": [""6"", ""7"", ""8""], ""raw"": ""6,7, 8""}]",,大四與碩一合開，全英語授課,https://course.nuk.edu.tw/QueryCourse/tcontent.asp?OpenYear=109&Helf=1&Sclass=CM&Cono=F561,2026-08-26T18:22:53+00:00
109-1-CM-F601-A-4-A,109,1,工學院,CM,化學工程及材料工程學系,F601,A,大學部,4,A,半導體製程,3,選,60,43,,17,楊證富,B01-103,"5,6, 7",,,,,,,"[{""day"": 1, ""dayName"": ""星期一"", ""periods"": [""5"", ""6"", ""7""], ""raw"": ""5,6, 7""}]",學程,大三大四碩一合開，屬半導體光電製程學程課程,https://course.nuk.edu.tw/QueryCourse/tcontent.asp?OpenYear=109&Helf=1&Sclass=CM&Cono=F601,2026-08-26T18:22:53+00:00
109-1-CM-F631-A-4-A,109,1,工學院,CM,化學工程及材料工程學系,F631,A,大學部,4,A,太陽能電池材料與元件,3,選,60,16,,44,王宗櫚,C01-B107-1,,,,"2,3, 4",,,,"[{""day"": 4, ""dayName"": ""星期四"", ""periods"": [""2"", ""3"", ""4""], ""raw"": ""2,3, 4""}]",,大四與碩一合開,https://course.nuk.edu.tw/QueryCourse/tcontent.asp?OpenYear=109&Helf=1&Sclass=CM&Cono=F631,2026-08-26T18:22:53+00:00
109-1-CM-F652-A-4-A,109,1,工學院,CM,化學工程及材料工程學系,F652,A,大學部,4,A,健康工程特論與實作,3,選,30,11,,19,鍾宜璋,C01-105,"5,6, 7",,,,,,,"[{""day"": 1, ""dayName"": ""星期一"", ""periods"": [""5"", ""6"", ""7""], ""raw"": ""5,6, 7""}]",,碩一與大四合開,https://course.nuk.edu.tw/QueryCourse/tcontent.asp?OpenYear=109&Helf=1&Sclass=CM&Cono=F652,2026-08-26T18:22:53+00:00
109-1-CM-F681-A-4-A,109,1,工學院,CM,化學工程及材料工程學系,F681,A,大學部,4,A,物理冶金特論,3,選,60,13,,47,林東毅,C01-B101,,,,"5,6, 7",,,,"[{""day"": 4, ""dayName"": ""星期四"", ""periods"": [""5"", ""6"", ""7""], ""raw"": ""5,6, 7""}]",,大四與碩一合開,https://course.nuk.edu.tw/QueryCourse/tcontent.asp?OpenYear=109&Helf=1&Sclass=CM&Cono=F681,2026-08-26T18:22:53+00:00
109-1-CM-F011-M-1-,109,1,工學院,CM,化學工程及材料工程學系,F011,M,碩士班,1,,化工與材料特論,3,必,30,19,,11,蘇進成 謝永堂 楊乾信,C01-105,"2,3, 4",,,,,,,"[{""day"": 1, ""dayName"": ""星期一"", ""periods"": [""2"", ""3"", ""4""], ""raw"": ""2,3, 4""}]",,,https://course.nuk.edu.tw/QueryCourse/tcontent.asp?OpenYear=109&Helf=1&Sclass=CM&Cono=F011,2026-08-26T18:22:53+00:00
109-1-CM-F02A-M-1-,109,1,工學院,CM,化學工程及材料工程學系,F02A,M,碩士班,1,,專題討論(I),0,必,40,35,,5,謝永堂,C01-B102,,"5,6",,,,,,"[{""day"": 2, ""dayName"": ""星期二"", ""periods"": [""5"", ""6""], ""raw"": ""5,6""}]",,碩一與碩二合開,https://course.nuk.edu.tw/QueryCourse/tcontent.asp?OpenYear=109&Helf=1&Sclass=CM&Cono=F02A,2026-08-26T18:22:53+00:00
109-1-CM-F501-M-1-,109,1,工學院,CM,化學工程及材料工程學系,F501,M,碩士班,1,,薄膜工程,3,選,30,21,,9,呂正傑,C01-B102,,"2,3, 4",,,,,,"[{""day"": 2, ""dayName"": ""星期二"", ""periods"": [""2"", ""3"", ""4""], ""raw"": ""2,3, 4""}]",,"大四與碩一合開,屬半導體光電製程學程",https://course.nuk.edu.tw/QueryCourse/tcontent.asp?OpenYear=109&Helf=1&Sclass=CM&Cono=F501,2026-08-26T18:22:53+00:00
109-1-CM-F511-M-1-,109,1,工學院,CM,化學工程及材料工程學系,F511,M,碩士班,1,,電子顯微鏡理論與應用,3,選,30,26,,4,王瑞琪,C01-B102,,,"2,3, 4",,,,,"[{""day"": 3, ""dayName"": ""星期三"", ""periods"": [""2"", ""3"", ""4""], ""raw"": ""2,3, 4""}]",,碩一與大四合開,https://course.nuk.edu.tw/QueryCourse/tcontent.asp?OpenYear=109&Helf=1&Sclass=CM&Cono=F511,2026-08-26T18:22:53+00:00
109-1-CM-F541-M-1-,109,1,工學院,CM,化學工程及材料工程學系,F541,M,碩士班,1,,高等熱力學,3,選,30,16,,14,何文福,C01-B101-1,,,,,"2,3, 4",,,"[{""day"": 5, ""dayName"": ""星期五"", ""periods"": [""2"", ""3"", ""4""], ""raw"": ""2,3, 4""}]",,大四與碩一合開,https://course.nuk.edu.tw/QueryCourse/tcontent.asp?OpenYear=109&Helf=1&Sclass=CM&Cono=F541,2026-08-26T18:22:53+00:00
109-1-CM-F561-M-1-,109,1,工學院,CM,化學工程及材料工程學系,F561,M,碩士班,1,,高分子特論,3,選,30,16,,14,謝永堂,C01-B102,,,"6,7, 8",,,,,"[{""day"": 3, ""dayName"": ""星期三"", ""periods"": [""6"", ""7"", ""8""], ""raw"": ""6,7, 8""}]",,"大四與碩一合開,全英語授課",https://course.nuk.edu.tw/QueryCourse/tcontent.asp?OpenYear=109&Helf=1&Sclass=CM&Cono=F561,2026-08-26T18:22:53+00:00
109-1-CM-F601-M-1-,109,1,工學院,CM,化學工程及材料工程學系,F601,M,碩士班,1,,半導體製程,3,選,60,43,,17,楊證富,B01-103,"5,6, 7",,,,,,,"[{""day"": 1, ""dayName"": ""星期一"", ""periods"": [""5"", ""6"", ""7""], ""raw"": ""5,6, 7""}]",學程,大三大四碩一合開，屬半導體光電製程學程課程,https://course.nuk.edu.tw/QueryCourse/tcontent.asp?OpenYear=109&Helf=1&Sclass=CM&Cono=F601,2026-08-26T18:22:53+00:00
109-1-CM-F631-M-1-,109,1,工學院,CM,化學工程及材料工程學系,F631,M,碩士班,1,,太陽能電池材料與元件,3,選,60,16,,44,王宗櫚,C01-B107-1,,,,"2,3, 4",,,,"[{""day"": 4, ""dayName"": ""星期四"", ""periods"": [""2"", ""3"", ""4""], ""raw"": ""2,3, 4""}]",,大四與碩一合開,https://course.nuk.edu.tw/QueryCourse/tcontent.asp?OpenYear=109&Helf=1&Sclass=CM&Cono=F631,2026-08-26T18:22:53+00:00
109-1-CM-F652-M-1-,109,1,工學院,CM,化學工程及材料工程學系,F652,M,碩士班,1,,健康工程特論與實作,3,選,30,11,,19,鍾宜璋,C01-105,"5,6, 7",,,,,,,"[{""day"": 1, ""dayName"": ""星期一"", ""periods"": [""5"", ""6"", ""7""], ""raw"": ""5,6, 7""}]",,碩一與大四合開,https://course.nuk.edu.tw/QueryCourse/tcontent.asp?OpenYear=109&Helf=1&Sclass=CM&Cono=F652,2026-08-26T18:22:53+00:00
109-1-CM-F681-M-1-,109,1,工學院,CM,化學工程及材料工程學系,F681,M,碩士班,1,,物理冶金特論,3,選,60,13,,47,林東毅,C01-B101,,,,"5,6, 7",,,,"[{""day"": 4, ""dayName"": ""星期四"", ""periods"": [""5"", ""6"", ""7""], ""raw"": ""5,6, 7""}]",,大四與碩一合開,https://course.nuk.edu.tw/QueryCourse/tcontent.asp?OpenYear=109&Helf=1&Sclass=CM&Cono=F681,2026-08-26T18:22:53+00:00
109-1-CM-F02A-M-2-,109,1,工學院,CM,化學工程及材料工程學系,F02A,M,碩士班,2,,專題討論(I),0,必,40,35,,5,謝永堂,C01-B102,,"5,6",,,,,,"[{""day"": 2, ""dayName"": ""星期二"", ""periods"": [""5"", ""6""], ""raw"": ""5,6""}]",,碩一與碩二合開,https://course.nuk.edu.tw/QueryCourse/tcontent.asp?OpenYear=109&Helf=1&Sclass=CM&Cono=F02A,2026-08-26T18:22:53+00:00
109-1-CS-A001-A-1-A,109,1,工學院,CS,資訊工程學系,A001,A,大學部,1,A,計算機概論,2,必,57,57,,0,陳建源,C01-200 其他教室,,,,"5,6",,,,"[{""day"": 4, ""dayName"": ""星期四"", ""periods"": [""5"", ""6""], ""raw"": ""5,6""}]",外加,,https://course.nuk.edu.tw/QueryCourse/tcontent.asp?OpenYear=109&Helf=1&Sclass=CS&Cono=A001,2026-08-26T18:22:53+00:00
109-1-CS-A011-A-1-A,109,1,工學院,CS,資訊工程學系,A011,A,大學部,1,A,離散數學,3,必,62,62,,0,殷堂凱,B01-204,,,,"2,3, 4",,,,"[{""day"": 4, ""dayName"": ""星期四"", ""periods"": [""2"", ""3"", ""4""], ""raw"": ""2,3, 4""}]",外加,,https://course.nuk.edu.tw/QueryCourse/tcontent.asp?OpenYear=109&Helf=1&Sclass=CS&Cono=A011,2026-08-26T18:22:53+00:00
109-1-CS-A02A-A-1-A,109,1,工學院,CS,資訊工程學系,A02A,A,大學部,1,A,微積分(一),3,必,66,58,,8,陳建源,B01-204,,"5,6, 7",,,,,,"[{""day"": 2, ""dayName"": ""星期二"", ""periods"": [""5"", ""6"", ""7""], ""raw"": ""5,6, 7""}]",限修及外加,,https://course.nuk.edu.tw/QueryCourse/tcontent.asp?OpenYear=109&Helf=1&Sclass=CS&Cono=A02A,2026-08-26T18:22:53+00:00
109-1-CS-A07A-A-1-A,109,1,工學院,CS,資訊工程學系,A07A,A,大學部,1,A,程式設計與實習（一）,2,必,56,56,,0,張保榮,C01-200,,"2,3, 4",,,,,,"[{""day"": 2, ""dayName"": ""星期二"", ""periods"": [""2"", ""3"", ""4""], ""raw"": ""2,3, 4""}]",外加,,https://course.nuk.edu.tw/QueryCourse/tcontent.asp?OpenYear=109&Helf=1&Sclass=CS&Cono=A07A,2026-08-26T18:22:53+00:00
109-1-CS-A061-A-2-A,109,1,工學院,CS,資訊工程學系,A061,A,大學部,2,A,數位系統實驗,1,必,48,48,,0,潘欣泰,C01-208,,,,"2,3, 4",,,,"[{""day"": 4, ""dayName"": ""星期四"", ""periods"": [""2"", ""3"", ""4""], ""raw"": ""2,3, 4""}]",外加,,https://course.nuk.edu.tw/QueryCourse/tcontent.asp?OpenYear=109&Helf=1&Sclass=CS&Cono=A061,2026-08-26T18:22:53+00:00
109-1-CS-B021-A-2-A,109,1,工學院,CS,資訊工程學系,B021,A,大學部,2,A,物件導向程式設計,3,必,52,51,,1,黃健,C01-200,,,,,"6,7, 8",,,"[{""day"": 5, ""dayName"": ""星期五"", ""periods"": [""6"", ""7"", ""8""], ""raw"": ""6,7, 8""}]",學程,雲端運算學程,https://course.nuk.edu.tw/QueryCourse/tcontent.asp?OpenYear=109&Helf=1&Sclass=CS&Cono=B021,2026-08-26T18:22:53+00:00
109-1-CS-B031-A-2-A,109,1,工學院,CS,資訊工程學系,B031,A,大學部,2,A,機率學,3,必,60,47,,13,殷堂凱,C01-B103,,"5,6, 7",,,,,,"[{""day"": 2, ""dayName"": ""星期二"", ""periods"": [""5"", ""6"", ""7""], ""raw"": ""5,6, 7""}]",學程,隸屬人工智慧與金融科技學程,https://course.nuk.edu.tw/QueryCourse/tcontent.asp?OpenYear=109&Helf=1&Sclass=CS&Cono=B031,2026-08-26T18:22:53+00:00
109-1-CS-B041-A-2-A,109,1,工學院,CS,資訊工程學系,B041,A,大學部,2,A,數位電路學,3,必,60,55,,5,潘欣泰,B01-204,,"2,3, 4",,,,,,"[{""day"": 2, ""dayName"": ""星期二"", ""periods"": [""2"", ""3"", ""4""], ""raw"": ""2,3, 4""}]",,,https://course.nuk.edu.tw/QueryCourse/tcontent.asp?OpenYear=109&Helf=1&Sclass=CS&Cono=B041,2026-08-26T18:22:53+00:00
109-1-CS-B051-A-2-A,109,1,工學院,CS,資訊工程學系,B051,A,大學部,2,A,電腦網路,3,必,60,49,,11,吳俊興,B01-204,"2,3, 4",,,,,,,"[{""day"": 1, ""dayName"": ""星期一"", ""periods"": [""2"", ""3"", ""4""], ""raw"": ""2,3, 4""}]",學程,雲端運算學程,https://course.nuk.edu.tw/QueryCourse/tcontent.asp?OpenYear=109&Helf=1&Sclass=CS&Cono=B051,2026-08-26T18:22:53+00:00
109-1-CS-B542-A-3-A,109,1,工學院,CS,資訊工程學系,B542,A,大學部,3,A,網頁程式設計,3,選,50,38,,12,蘇家輝,C01-209,,,,,"6,7, 8",,,"[{""day"": 5, ""dayName"": ""星期五"", ""periods"": [""6"", ""7"", ""8""], ""raw"": ""6,7, 8""}]",限修,,https://course.nuk.edu.tw/QueryCourse/tcontent.asp?OpenYear=109&Helf=1&Sclass=CS&Cono=B542,2026-08-26T18:22:53+00:00
109-1-CS-C011-A-3-A,109,1,工學院,CS,資訊工程學系,C011,A,大學部,3,A,計算機組織,3,必,60,50,,10,郭錦福,B01-B106,,,,"2,3, 4",,,,"[{""day"": 4, ""dayName"": ""星期四"", ""periods"": [""2"", ""3"", ""4""], ""raw"": ""2,3, 4""}]",學程,隸屬雲端運算學程.人工智慧與金融科技學程,https://course.nuk.edu.tw/QueryCourse/tcontent.asp?OpenYear=109&Helf=1&Sclass=CS&Cono=C011,2026-08-26T18:22:53+00:00
109-1-CS-C021-A-3-A,109,1,工學院,CS,資訊工程學系,C021,A,大學部,3,A,程式語言,3,必,60,52,,8,余亞儒,B01-204,,,,,"2,3, 4",,,"[{""day"": 5, ""dayName"": ""星期五"", ""periods"": [""2"", ""3"", ""4""], ""raw"": ""2,3, 4""}]",,,https://course.nuk.edu.tw/QueryCourse/tcontent.asp?OpenYear=109&Helf=1&Sclass=CS&Cono=C021,2026-08-26T18:22:53+00:00
109-1-CS-C031-A-3-A,109,1,工學院,CS,資訊工程學系,C031,A,大學部,3,A,資料庫系統,3,必,55,53,,2,林文揚,B01-204 其他教室,"6,7, 8",,,,,,,"[{""day"": 1, ""dayName"": ""星期一"", ""periods"": [""6"", ""7"", ""8""], ""raw"": ""6,7, 8""}]",,,https://course.nuk.edu.tw/QueryCourse/tcontent.asp?OpenYear=109&Helf=1&Sclass=CS&Cono=C031,2026-08-26T18:22:53+00:00
109-1-CS-C041-A-3-A,109,1,工學院,CS,資訊工程學系,C041,A,大學部,3,A,演算法,3,必,63,61,,2,洪宗貝,B01-104,"2,3, 4",,,,,,,"[{""day"": 1, ""dayName"": ""星期一"", ""periods"": [""2"", ""3"", ""4""], ""raw"": ""2,3, 4""}]",外加,隸屬人工智慧與金融科技學程,https://course.nuk.edu.tw/QueryCourse/tcontent.asp?OpenYear=109&Helf=1&Sclass=CS&Cono=C041,2026-08-26T18:22:53+00:00
109-1-CS-C521-A-3-A,109,1,工學院,CS,資訊工程學系,C521,A,大學部,3,A,網路通訊協定,3,選,40,36,,4,吳俊興,C01-209,,"2,3, 4",,,,,,"[{""day"": 2, ""dayName"": ""星期二"", ""periods"": [""2"", ""3"", ""4""], ""raw"": ""2,3, 4""}]",,,https://course.nuk.edu.tw/QueryCourse/tcontent.asp?OpenYear=109&Helf=1&Sclass=CS&Cono=C521,2026-08-26T18:22:53+00:00
109-1-CS-C574-A-3-A,109,1,工學院,CS,資訊工程學系,C574,A,大學部,3,A,人工智慧與金融科技,3,選,50,44,,6,黃健 王文楷,B01-204 其他教室,,,"6,7, 8",,,,,"[{""day"": 3, ""dayName"": ""星期三"", ""periods"": [""6"", ""7"", ""8""], ""raw"": ""6,7, 8""}]",學程,,https://course.nuk.edu.tw/QueryCourse/tcontent.asp?OpenYear=109&Helf=1&Sclass=CS&Cono=C574,2026-08-26T18:22:53+00:00
109-1-CS-D572-A-3-A,109,1,工學院,CS,資訊工程學系,D572,A,大學部,3,A,嵌入式系統,3,選,45,39,,6,郭錦福,B01-204 其他教室,,,"2,3, 4",,,,,"[{""day"": 3, ""dayName"": ""星期三"", ""periods"": [""2"", ""3"", ""4""], ""raw"": ""2,3, 4""}]",學程,隸屬人工智慧與金融科技學程／三.四合開,https://course.nuk.edu.tw/QueryCourse/tcontent.asp?OpenYear=109&Helf=1&Sclass=CS&Cono=D572,2026-08-26T18:22:53+00:00
109-1-CS-F502-A-3-A,109,1,工學院,CS,資訊工程學系,F502,A,大學部,3,A,5G垂直應用網路,3,選,45,18,,27,吳俊興,C01-209,,,,,"2,3, 4",,,"[{""day"": 5, ""dayName"": ""星期五"", ""periods"": [""2"", ""3"", ""4""], ""raw"": ""2,3, 4""}]",,三.四.研合開,https://course.nuk.edu.tw/QueryCourse/tcontent.asp?OpenYear=109&Helf=1&Sclass=CS&Cono=F502,2026-08-26T18:22:53+00:00
109-1-CS-D01B-A-4-A,109,1,工學院,CS,資訊工程學系,D01B,A,大學部,4,A,專題研究(二),1,必,50,43,,7,殷堂凱,,,,,,,"5,6",,"[{""day"": 6, ""dayName"": ""星期六"", ""periods"": [""5"", ""6""], ""raw"": ""5,6""}]",,,https://course.nuk.edu.tw/QueryCourse/tcontent.asp?OpenYear=109&Helf=1&Sclass=CS&Cono=D01B,2026-08-26T18:22:53+00:00
109-1-CS-D02A-A-4-A,109,1,工學院,CS,資訊工程學系,D02A,A,大學部,4,A,資訊專題講座(一),1,必,71,36,,35,殷堂凱 潘欣泰,C01-114,,,,"5,6",,,,"[{""day"": 4, ""dayName"": ""星期四"", ""periods"": [""5"", ""6""], ""raw"": ""5,6""}]",限修及外加,使用工院演講廳,https://course.nuk.edu.tw/QueryCourse/tcontent.asp?OpenYear=109&Helf=1&Sclass=CS&Cono=D02A,2026-08-26T18:22:53+00:00
109-1-CS-D572-A-4-A,109,1,工學院,CS,資訊工程學系,D572,A,大學部,4,A,嵌入式系統,3,選,45,39,,6,郭錦福,B01-204 其他教室,,,"2,3, 4",,,,,"[{""day"": 3, ""dayName"": ""星期三"", ""periods"": [""2"", ""3"", ""4""], ""raw"": ""2,3, 4""}]",學程,,https://course.nuk.edu.tw/QueryCourse/tcontent.asp?OpenYear=109&Helf=1&Sclass=CS&Cono=D572,2026-08-26T18:22:53+00:00
109-1-CS-F501-A-4-A,109,1,工學院,CS,資訊工程學系,F501,A,大學部,4,A,無線網路,3,選,50,29,,21,余亞儒,B01-204,,,,,"6,7, 8",,,"[{""day"": 5, ""dayName"": ""星期五"", ""periods"": [""6"", ""7"", ""8""], ""raw"": ""6,7, 8""}]",,四.研合開,https://course.nuk.edu.tw/QueryCourse/tcontent.asp?OpenYear=109&Helf=1&Sclass=CS&Cono=F501,2026-08-26T18:22:53+00:00
109-1-CS-F502-A-4-A,109,1,工學院,CS,資訊工程學系,F502,A,大學部,4,A,5G垂直應用網路,3,選,45,18,,27,吳俊興,C01-209,,,,,"2,3, 4",,,"[{""day"": 5, ""dayName"": ""星期五"", ""periods"": [""2"", ""3"", ""4""], ""raw"": ""2,3, 4""}]",,三.四.研合開,https://course.nuk.edu.tw/QueryCourse/tcontent.asp?OpenYear=109&Helf=1&Sclass=CS&Cono=F502,2026-08-26T18:22:53+00:00
109-1-CS-F503-A-4-A,109,1,工學院,CS,資訊工程學系,F503,A,大學部,4,A,無人飛行載具,3,選,30,15,,15,張保榮,C01-209,"6,7, 8",,,,,,,"[{""day"": 1, ""dayName"": ""星期一"", ""periods"": [""6"", ""7"", ""8""], ""raw"": ""6,7, 8""}]",,四.研合開,https://course.nuk.edu.tw/QueryCourse/tcontent.asp?OpenYear=109&Helf=1&Sclass=CS&Cono=F503,2026-08-26T18:22:53+00:00
109-1-CS-F602-A-4-A,109,1,工學院,CS,資訊工程學系,F602,A,大學部,4,A,資料探勘,3,選,50,32,,18,林文揚,C01-B102-1,,,,"2,3, 4",,,,"[{""day"": 4, ""dayName"": ""星期四"", ""periods"": [""2"", ""3"", ""4""], ""raw"": ""2,3, 4""}]",,四.研合開,https://course.nuk.edu.tw/QueryCourse/tcontent.asp?OpenYear=109&Helf=1&Sclass=CS&Cono=F602,2026-08-26T18:22:53+00:00
109-1-CS-F654-A-4-A,109,1,工學院,CS,資訊工程學系,F654,A,大學部,4,A,電腦視覺,3,選,45,27,,18,蘇家輝,C01-B102-1 其他教室,,,"5,6, 7",,,,,"[{""day"": 3, ""dayName"": ""星期三"", ""periods"": [""5"", ""6"", ""7""], ""raw"": ""5,6, 7""}]",學程,隸屬人工智慧與金融科技學程,https://course.nuk.edu.tw/QueryCourse/tcontent.asp?OpenYear=109&Helf=1&Sclass=CS&Cono=F654,2026-08-26T18:22:53+00:00
109-1-CS-F663-A-4-A,109,1,工學院,CS,資訊工程學系,F663,A,大學部,4,A,智慧型系統,3,選,30,26,,4,張保榮,C01-209,,"5,6, 7",,,,,,"[{""day"": 2, ""dayName"": ""星期二"", ""periods"": [""5"", ""6"", ""7""], ""raw"": ""5,6, 7""}]",,大四、研究所合開,https://course.nuk.edu.tw/QueryCourse/tcontent.asp?OpenYear=109&Helf=1&Sclass=CS&Cono=F663,2026-08-26T18:22:53+00:00
109-1-CS-F664-A-4-A,109,1,工學院,CS,資訊工程學系,F664,A,大學部,4,A,即時計算機系統,3,選,40,27,,13,郭錦福,B01-104,,"2,3, 4",,,,,,"[{""day"": 2, ""dayName"": ""星期二"", ""periods"": [""2"", ""3"", ""4""], ""raw"": ""2,3, 4""}]",,四.研合開,https://course.nuk.edu.tw/QueryCourse/tcontent.asp?OpenYear=109&Helf=1&Sclass=CS&Cono=F664,2026-08-26T18:22:53+00:00
109-1-CS-T01E-L-1-,109,1,工學院,CS,資訊工程學系,T01E,L,碩士在職專班,1,,專題研究（一）,2,必,40,4,,36,殷堂凱 吳俊興 洪宗貝 潘欣泰 郭錦福 陳建源 黃健 張保榮 余亞儒 林文揚 蘇家輝,,,,,,,"9,10",,"[{""day"": 6, ""dayName"": ""星期六"", ""periods"": [""9"", ""10""], ""raw"": ""9,10""}]",,,https://course.nuk.edu.tw/QueryCourse/tcontent.asp?OpenYear=109&Helf=1&Sclass=CS&Cono=T01E,2026-08-26T18:22:53+00:00
109-1-CS-T03E-L-2-,109,1,工學院,CS,資訊工程學系,T03E,L,碩士在職專班,2,,專題研究（三）,2,必,30,8,,22,殷堂凱 洪宗貝 吳俊興 潘欣泰 郭錦福 陳建源 黃健 張保榮 余亞儒 林文揚 蘇家輝,,,,,,,"11,12",,"[{""day"": 6, ""dayName"": ""星期六"", ""periods"": [""11"", ""12""], ""raw"": ""11,12""}]",,,https://course.nuk.edu.tw/QueryCourse/tcontent.asp?OpenYear=109&Helf=1&Sclass=CS&Cono=T03E,2026-08-26T18:22:53+00:00
109-1-CS-T501-L-2-,109,1,工學院,CS,資訊工程學系,T501,L,碩士在職專班,2,,資料探勘,3,選,30,6,,24,林文揚,B01-202,,,"10,11, 12",,,,,"[{""day"": 3, ""dayName"": ""星期三"", ""periods"": [""10"", ""11"", ""12""], ""raw"": ""10,11, 12""}]",,,https://course.nuk.edu.tw/QueryCourse/tcontent.asp?OpenYear=109&Helf=1&Sclass=CS&Cono=T501,2026-08-26T18:22:53+00:00
109-1-CS-T511-L-2-,109,1,工學院,CS,資訊工程學系,T511,L,碩士在職專班,2,,高等演算法,3,選,30,14,,16,陳建源,B01-204,,"10,11, 12",,,,,,"[{""day"": 2, ""dayName"": ""星期二"", ""periods"": [""10"", ""11"", ""12""], ""raw"": ""10,11, 12""}]",,,https://course.nuk.edu.tw/QueryCourse/tcontent.asp?OpenYear=109&Helf=1&Sclass=CS&Cono=T511,2026-08-26T18:22:53+00:00
109-1-CS-T564-L-2-,109,1,工學院,CS,資訊工程學系,T564,L,碩士在職專班,2,,行動應用與服務,3,選,30,16,,14,張保榮,C01-209,"10,11, 12",,,,,,,"[{""day"": 1, ""dayName"": ""星期一"", ""periods"": [""10"", ""11"", ""12""], ""raw"": ""10,11, 12""}]",限修,,https://course.nuk.edu.tw/QueryCourse/tcontent.asp?OpenYear=109&Helf=1&Sclass=CS&Cono=T564,2026-08-26T18:22:53+00:00
109-1-CS-U531-L-2-,109,1,工學院,CS,資訊工程學系,U531,L,碩士在職專班,2,,資訊檢索,3,選,50,11,,39,黃健,C01-200,,,,"10,11, 12",,,,"[{""day"": 4, ""dayName"": ""星期四"", ""periods"": [""10"", ""11"", ""12""], ""raw"": ""10,11, 12""}]",,隸屬人工智慧與金融科技學程,https://course.nuk.edu.tw/QueryCourse/tcontent.asp?OpenYear=109&Helf=1&Sclass=CS&Cono=U531,2026-08-26T18:22:53+00:00
109-1-CS-F54A-M-1-,109,1,工學院,CS,資訊工程學系,F54A,M,碩士班,1,,書報討論(一),1,選,60,17,,43,蘇家輝,,,,,"5,6",,,,"[{""day"": 4, ""dayName"": ""星期四"", ""periods"": [""5"", ""6""], ""raw"": ""5,6""}]",,授課教師:蘇家輝,https://course.nuk.edu.tw/QueryCourse/tcontent.asp?OpenYear=109&Helf=1&Sclass=CS&Cono=F54A,2026-08-26T18:22:53+00:00
109-1-CS-F56C-M-1-,109,1,工學院,CS,資訊工程學系,F56C,M,碩士班,1,,專題研究(一),1,選,40,18,,22,吳俊興 陳建源 余亞儒 洪宗貝 殷堂凱 潘欣泰 郭錦福 黃健 張保榮 林文揚 蘇家輝,,,,,,,"1,2",,"[{""day"": 6, ""dayName"": ""星期六"", ""periods"": [""1"", ""2""], ""raw"": ""1,2""}]",,,https://course.nuk.edu.tw/QueryCourse/tcontent.asp?OpenYear=109&Helf=1&Sclass=CS&Cono=F56C,2026-08-26T18:22:53+00:00
109-1-CS-F501-M-2-,109,1,工學院,CS,資訊工程學系,F501,M,碩士班,2,,無線網路,3,選,50,29,,21,余亞儒,B01-204,,,,,"6,7, 8",,,"[{""day"": 5, ""dayName"": ""星期五"", ""periods"": [""6"", ""7"", ""8""], ""raw"": ""6,7, 8""}]",,四.研合開/隸屬人工智慧與金融科技學程,https://course.nuk.edu.tw/QueryCourse/tcontent.asp?OpenYear=109&Helf=1&Sclass=CS&Cono=F501,2026-08-26T18:22:53+00:00
109-1-CS-F502-M-2-,109,1,工學院,CS,資訊工程學系,F502,M,碩士班,2,,5G垂直應用網路,3,選,45,18,,27,吳俊興,C01-209,,,,,"2,3, 4",,,"[{""day"": 5, ""dayName"": ""星期五"", ""periods"": [""2"", ""3"", ""4""], ""raw"": ""2,3, 4""}]",,三.四.研合開,https://course.nuk.edu.tw/QueryCourse/tcontent.asp?OpenYear=109&Helf=1&Sclass=CS&Cono=F502,2026-08-26T18:22:53+00:00
109-1-CS-F503-M-2-,109,1,工學院,CS,資訊工程學系,F503,M,碩士班,2,,無人飛行載具,3,選,30,15,,15,張保榮,C01-209,"6,7, 8",,,,,,,"[{""day"": 1, ""dayName"": ""星期一"", ""periods"": [""6"", ""7"", ""8""], ""raw"": ""6,7, 8""}]",,四.研合開,https://course.nuk.edu.tw/QueryCourse/tcontent.asp?OpenYear=109&Helf=1&Sclass=CS&Cono=F503,2026-08-26T18:22:53+00:00
109-1-CS-F54C-M-2-,109,1,工學院,CS,資訊工程學系,F54C,M,碩士班,2,,書報討論(三),1,選,60,15,,45,洪宗貝 林文揚 黃健 郭錦福,,,,,"5,6",,,,"[{""day"": 4, ""dayName"": ""星期四"", ""periods"": [""5"", ""6""], ""raw"": ""5,6""}]",,,https://course.nuk.edu.tw/QueryCourse/tcontent.asp?OpenYear=109&Helf=1&Sclass=CS&Cono=F54C,2026-08-26T18:22:53+00:00
109-1-CS-F602-M-2-,109,1,工學院,CS,資訊工程學系,F602,M,碩士班,2,,資料探勘,3,選,50,32,,18,林文揚,C01-B102-1,,,,"2,3, 4",,,,"[{""day"": 4, ""dayName"": ""星期四"", ""periods"": [""2"", ""3"", ""4""], ""raw"": ""2,3, 4""}]",,四.研合開,https://course.nuk.edu.tw/QueryCourse/tcontent.asp?OpenYear=109&Helf=1&Sclass=CS&Cono=F602,2026-08-26T18:22:53+00:00
109-1-CS-F663-M-2-,109,1,工學院,CS,資訊工程學系,F663,M,碩士班,2,,智慧型系統,3,選,30,26,,4,張保榮,C01-209,,"5,6, 7",,,,,,"[{""day"": 2, ""dayName"": ""星期二"", ""periods"": [""5"", ""6"", ""7""], ""raw"": ""5,6, 7""}]",,,https://course.nuk.edu.tw/QueryCourse/tcontent.asp?OpenYear=109&Helf=1&Sclass=CS&Cono=F663,2026-08-26T18:22:53+00:00
109-1-CS-F664-M-2-,109,1,工學院,CS,資訊工程學系,F664,M,碩士班,2,,即時計算機系統,3,選,40,27,,13,郭錦福,B01-104,,"2,3, 4",,,,,,"[{""day"": 2, ""dayName"": ""星期二"", ""periods"": [""2"", ""3"", ""4""], ""raw"": ""2,3, 4""}]",,四.研合開,https://course.nuk.edu.tw/QueryCourse/tcontent.asp?OpenYear=109&Helf=1&Sclass=CS&Cono=F664,2026-08-26T18:22:53+00:00
109-1-CS-F67D-M-2-,109,1,工學院,CS,資訊工程學系,F67D,M,碩士班,2,,專題研究(三),1,選,40,14,,26,余亞儒 吳俊興 洪宗貝 殷堂凱 潘欣泰 郭錦福 陳建源 黃健 張保榮 林文揚 蘇家輝,,,,,,,"3,4",,"[{""day"": 6, ""dayName"": ""星期六"", ""periods"": [""3"", ""4""], ""raw"": ""3,4""}]",,,https://course.nuk.edu.tw/QueryCourse/tcontent.asp?OpenYear=109&Helf=1&Sclass=CS&Cono=F67D,2026-08-26T18:22:53+00:00
109-1-EE-A01A-A-1-A,109,1,工學院,EE,電機工程學系,A01A,A,大學部,1,A,計算機概論(一),3,必,57,56,,1,賴智錦,C01-104,,"2,3, 4",,,,,,"[{""day"": 2, ""dayName"": ""星期二"", ""periods"": [""2"", ""3"", ""4""], ""raw"": ""2,3, 4""}]",限修及外加,請安排，C01-104電腦教室。,https://course.nuk.edu.tw/QueryCourse/tcontent.asp?OpenYear=109&Helf=1&Sclass=EE&Cono=A01A,2026-08-26T18:22:53+00:00
109-1-EE-A01C-A-1-B,109,1,工學院,EE,電機工程學系,A01C,A,大學部,1,B,計算機概論(一),3,必,60,59,,1,賴智錦,C01-104,,,"2,3, 4",,,,,"[{""day"": 3, ""dayName"": ""星期三"", ""periods"": [""2"", ""3"", ""4""], ""raw"": ""2,3, 4""}]",限修,請安排，C01-104電腦教室。,https://course.nuk.edu.tw/QueryCourse/tcontent.asp?OpenYear=109&Helf=1&Sclass=EE&Cono=A01C,2026-08-26T18:22:53+00:00
109-1-EE-A02C-A-1-A,109,1,工學院,EE,電機工程學系,A02C,A,大學部,1,A,普通物理學(一),3,必,74,59,,15,郭馨徽,B01-104,,,,"2,3, 4",,,,"[{""day"": 4, ""dayName"": ""星期四"", ""periods"": [""2"", ""3"", ""4""], ""raw"": ""2,3, 4""}]",限修及外加,一A；,https://course.nuk.edu.tw/QueryCourse/tcontent.asp?OpenYear=109&Helf=1&Sclass=EE&Cono=A02C,2026-08-26T18:22:53+00:00
109-1-EE-A02E-A-1-B,109,1,工學院,EE,電機工程學系,A02E,A,大學部,1,B,普通物理學(一),3,必,75,64,,11,馮瑞陽,C01-B103,,"2,3, 4",,,,,,"[{""day"": 2, ""dayName"": ""星期二"", ""periods"": [""2"", ""3"", ""4""], ""raw"": ""2,3, 4""}]",限修及外加,一B、請優先安排C01-B103工學院大教室,https://course.nuk.edu.tw/QueryCourse/tcontent.asp?OpenYear=109&Helf=1&Sclass=EE&Cono=A02E,2026-08-26T18:22:53+00:00
109-1-EE-A03A-A-1-A,109,1,工學院,EE,電機工程學系,A03A,A,大學部,1,A,普通物理學實驗(一),1,必,71,57,,14,施明昌,C01-211,,,,"10,11, 12",,,,"[{""day"": 4, ""dayName"": ""星期四"", ""periods"": [""10"", ""11"", ""12""], ""raw"": ""10,11, 12""}]",限修及外加,一A；使用C01-211普物實驗室,https://course.nuk.edu.tw/QueryCourse/tcontent.asp?OpenYear=109&Helf=1&Sclass=EE&Cono=A03A,2026-08-26T18:22:53+00:00
109-1-EE-A03C-A-1-B,109,1,工學院,EE,電機工程學系,A03C,A,大學部,1,B,普通物理學實驗(一),1,必,70,49,,21,施明昌,C01-211,,,,,"2,3, 4",,,"[{""day"": 5, ""dayName"": ""星期五"", ""periods"": [""2"", ""3"", ""4""], ""raw"": ""2,3, 4""}]",限修,一B；使用C01-211普物實驗室,https://course.nuk.edu.tw/QueryCourse/tcontent.asp?OpenYear=109&Helf=1&Sclass=EE&Cono=A03C,2026-08-26T18:22:53+00:00
109-1-EE-A04A-A-1-A,109,1,工學院,EE,電機工程學系,A04A,A,大學部,1,A,微積分(一),3,必,100,68,,32,黃祥哲,C01-B104,"2,3, 4",,,,,,,"[{""day"": 1, ""dayName"": ""星期一"", ""periods"": [""2"", ""3"", ""4""], ""raw"": ""2,3, 4""}]",限修,一A；請優先安排C01-B104教室,https://course.nuk.edu.tw/QueryCourse/tcontent.asp?OpenYear=109&Helf=1&Sclass=EE&Cono=A04A,2026-08-26T18:22:53+00:00
109-1-EE-A051-A-1-A,109,1,工學院,EE,電機工程學系,A051,A,大學部,1,A,數位邏輯,3,必,101,66,,35,洪進華,C01-B104,,,,,"2,3, 4",,,"[{""day"": 5, ""dayName"": ""星期五"", ""periods"": [""2"", ""3"", ""4""], ""raw"": ""2,3, 4""}]",限修,一A,https://course.nuk.edu.tw/QueryCourse/tcontent.asp?OpenYear=109&Helf=1&Sclass=EE&Cono=A051,2026-08-26T18:22:53+00:00
109-1-EE-A072-A-1-A,109,1,工學院,EE,電機工程學系,A072,A,大學部,1,A,電機概論(大學入門),2,必,120,115,,5,梁明正 黃祥哲 藍文厚 馮瑞陽 張文騰 廖述銘,B01-110,,,,"5,6",,,,"[{""day"": 4, ""dayName"": ""星期四"", ""periods"": [""5"", ""6""], ""raw"": ""5,6""}]",,一AB合開,https://course.nuk.edu.tw/QueryCourse/tcontent.asp?OpenYear=109&Helf=1&Sclass=EE&Cono=A072,2026-08-26T18:22:53+00:00
109-1-EE-A072-A-1-B,109,1,工學院,EE,電機工程學系,A072,A,大學部,1,B,電機概論(大學入門),2,必,120,115,,5,梁明正 黃祥哲 藍文厚 馮瑞陽 張文騰 廖述銘,B01-110,,,,"5,6",,,,"[{""day"": 4, ""dayName"": ""星期四"", ""periods"": [""5"", ""6""], ""raw"": ""5,6""}]",,一AB合開,https://course.nuk.edu.tw/QueryCourse/tcontent.asp?OpenYear=109&Helf=1&Sclass=EE&Cono=A072,2026-08-26T18:22:53+00:00
109-1-EE-A091-A-1-B,109,1,工學院,EE,電機工程學系,A091,A,大學部,1,B,數位邏輯,3,必,100,72,,28,洪進華,C01-B104,,,,,"6,7, 8",,,"[{""day"": 5, ""dayName"": ""星期五"", ""periods"": [""6"", ""7"", ""8""], ""raw"": ""6,7, 8""}]",限修,一B,https://course.nuk.edu.tw/QueryCourse/tcontent.asp?OpenYear=109&Helf=1&Sclass=EE&Cono=A091,2026-08-26T18:22:53+00:00
109-1-EE-A10A-A-1-B,109,1,工學院,EE,電機工程學系,A10A,A,大學部,1,B,微積分(一),3,必,70,49,,21,陳春僥,C01-202,,"5,6, 7",,,,,,"[{""day"": 2, ""dayName"": ""星期二"", ""periods"": [""5"", ""6"", ""7""], ""raw"": ""5,6, 7""}]",限修及外加,,https://course.nuk.edu.tw/QueryCourse/tcontent.asp?OpenYear=109&Helf=1&Sclass=EE&Cono=A10A,2026-08-26T18:22:53+00:00
109-1-EE-F541-A-1-A,109,1,工學院,EE,電機工程學系,F541,A,大學部,1,A,綠能技術與系統,3,選,70,36,,34,梁明正,C01-B101-1,"5,6, 7",,,,,,,"[{""day"": 1, ""dayName"": ""星期一"", ""periods"": [""5"", ""6"", ""7""], ""raw"": ""5,6, 7""}]",學程,"創新學院、四AB、碩班合開,綠能永續科技人才培育學程,再生能源科技管理與應用微學程",https://course.nuk.edu.tw/QueryCourse/tcontent.asp?OpenYear=109&Helf=1&Sclass=EE&Cono=F541,2026-08-26T18:22:53+00:00
109-1-EE-B01A-A-2-A,109,1,工學院,EE,電機工程學系,B01A,A,大學部,2,A,電路學(一),3,必,56,54,,2,吳松茂,B01-105,,,"2,3, 4",,,,,"[{""day"": 3, ""dayName"": ""星期三"", ""periods"": [""2"", ""3"", ""4""], ""raw"": ""2,3, 4""}]",限修及外加,二A；優先安排工院B1大教室,https://course.nuk.edu.tw/QueryCourse/tcontent.asp?OpenYear=109&Helf=1&Sclass=EE&Cono=B01A,2026-08-26T18:22:53+00:00
109-1-EE-B01C-A-2-B,109,1,工學院,EE,電機工程學系,B01C,A,大學部,2,B,電路學(一),3,必,78,54,,24,江德光,C01-202,,,"6,7, 8",,,,,"[{""day"": 3, ""dayName"": ""星期三"", ""periods"": [""6"", ""7"", ""8""], ""raw"": ""6,7, 8""}]",限修及外加,2B,https://course.nuk.edu.tw/QueryCourse/tcontent.asp?OpenYear=109&Helf=1&Sclass=EE&Cono=B01C,2026-08-26T18:22:53+00:00
109-1-EE-B02A-A-2-B,109,1,工學院,EE,電機工程學系,B02A,A,大學部,2,B,電子學(一),3,必,75,49,,26,陳春僥,C01-202,,,"2,3, 4",,,,,"[{""day"": 3, ""dayName"": ""星期三"", ""periods"": [""2"", ""3"", ""4""], ""raw"": ""2,3, 4""}]",限修,優先安排工院B1大教室,https://course.nuk.edu.tw/QueryCourse/tcontent.asp?OpenYear=109&Helf=1&Sclass=EE&Cono=B02A,2026-08-26T18:22:53+00:00
109-1-EE-B02C-A-2-A,109,1,工學院,EE,電機工程學系,B02C,A,大學部,2,A,電子學(一),3,必,71,60,,11,洪進華,C01-202,,,,"2,3, 4",,,,"[{""day"": 4, ""dayName"": ""星期四"", ""periods"": [""2"", ""3"", ""4""], ""raw"": ""2,3, 4""}]",限修,,https://course.nuk.edu.tw/QueryCourse/tcontent.asp?OpenYear=109&Helf=1&Sclass=EE&Cono=B02C,2026-08-26T18:22:53+00:00
109-1-EE-B031-A-2-A,109,1,工學院,EE,電機工程學系,B031,A,大學部,2,A,工程數學二(微分方程),3,必,73,54,,19,藍文厚,C01-202,,"2,3, 4",,,,,,"[{""day"": 2, ""dayName"": ""星期二"", ""periods"": [""2"", ""3"", ""4""], ""raw"": ""2,3, 4""}]",限修,,https://course.nuk.edu.tw/QueryCourse/tcontent.asp?OpenYear=109&Helf=1&Sclass=EE&Cono=B031,2026-08-26T18:22:53+00:00
109-1-EE-B033-A-2-B,109,1,工學院,EE,電機工程學系,B033,A,大學部,2,B,工程數學二(微分方程),3,必,55,53,,2,張文騰,C01-B104,,"5,6, 7",,,,,,"[{""day"": 2, ""dayName"": ""星期二"", ""periods"": [""5"", ""6"", ""7""], ""raw"": ""5,6, 7""}]",限修及外加,二B；請安排工學院B1大教室,https://course.nuk.edu.tw/QueryCourse/tcontent.asp?OpenYear=109&Helf=1&Sclass=EE&Cono=B033,2026-08-26T18:22:53+00:00
109-1-EE-B041-A-2-A,109,1,工學院,EE,電機工程學系,B041,A,大學部,2,A,電子電路工程實驗(一),1,必,56,53,,3,吳松茂,C01-301-1,,"5,6, 7",,,,,,"[{""day"": 2, ""dayName"": ""星期二"", ""periods"": [""5"", ""6"", ""7""], ""raw"": ""5,6, 7""}]",限修及外加,二A；使用C01-301-1實驗室,https://course.nuk.edu.tw/QueryCourse/tcontent.asp?OpenYear=109&Helf=1&Sclass=EE&Cono=B041,2026-08-26T18:22:53+00:00
109-1-EE-B04C-A-2-B,109,1,工學院,EE,電機工程學系,B04C,A,大學部,2,B,電子電路工程實驗(一),1,必,52,47,,5,張文騰,C01-301-1,,"2,3, 4",,,,,,"[{""day"": 2, ""dayName"": ""星期二"", ""periods"": [""2"", ""3"", ""4""], ""raw"": ""2,3, 4""}]",限修及外加,二B；使用C01-301-1實驗室,https://course.nuk.edu.tw/QueryCourse/tcontent.asp?OpenYear=109&Helf=1&Sclass=EE&Cono=B04C,2026-08-26T18:22:53+00:00
109-1-EE-B05A-A-2-A,109,1,工學院,EE,電機工程學系,B05A,A,大學部,2,A,電磁學(一),3,必,81,78,,3,郭馨徽,C01-B103,,,,"6,7, 8",,,,"[{""day"": 4, ""dayName"": ""星期四"", ""periods"": [""6"", ""7"", ""8""], ""raw"": ""6,7, 8""}]",限修及外加,,https://course.nuk.edu.tw/QueryCourse/tcontent.asp?OpenYear=109&Helf=1&Sclass=EE&Cono=B05A,2026-08-26T18:22:53+00:00
109-1-EE-B05C-A-2-B,109,1,工學院,EE,電機工程學系,B05C,A,大學部,2,B,電磁學(一),3,必,82,71,,11,一心,C01-B103,,,,"2,3, 4",,,,"[{""day"": 4, ""dayName"": ""星期四"", ""periods"": [""2"", ""3"", ""4""], ""raw"": ""2,3, 4""}]",限修及外加,2B，請排工院B1大教室,https://course.nuk.edu.tw/QueryCourse/tcontent.asp?OpenYear=109&Helf=1&Sclass=EE&Cono=B05C,2026-08-26T18:22:53+00:00
109-1-EE-B512-A-2-A,109,1,工學院,EE,電機工程學系,B512,A,大學部,2,A,計算機程式,3,選,47,45,,2,吳志宏,L01-107,"5,6, 7",,,,,,,"[{""day"": 1, ""dayName"": ""星期一"", ""periods"": [""5"", ""6"", ""7""], ""raw"": ""5,6, 7""}]",先修,二AB合開；請安排圖資電腦教室,https://course.nuk.edu.tw/QueryCourse/tcontent.asp?OpenYear=109&Helf=1&Sclass=EE&Cono=B512,2026-08-26T18:22:53+00:00
109-1-EE-B512-A-2-B,109,1,工學院,EE,電機工程學系,B512,A,大學部,2,B,計算機程式,3,選,47,45,,2,吳志宏,L01-107,"5,6, 7",,,,,,,"[{""day"": 1, ""dayName"": ""星期一"", ""periods"": [""5"", ""6"", ""7""], ""raw"": ""5,6, 7""}]",先修,二AB合開；請安排圖資電腦教室,https://course.nuk.edu.tw/QueryCourse/tcontent.asp?OpenYear=109&Helf=1&Sclass=EE&Cono=B512,2026-08-26T18:22:53+00:00
109-1-EE-C591-A-2-A,109,1,工學院,EE,電機工程學系,C591,A,大學部,2,A,離散數學,3,選,100,71,,29,黃祥哲,C01-B104,"5,6, 7",,,,,,,"[{""day"": 1, ""dayName"": ""星期一"", ""periods"": [""5"", ""6"", ""7""], ""raw"": ""5,6, 7""}]",,二AB合開；優先安排C01-B104教室,https://course.nuk.edu.tw/QueryCourse/tcontent.asp?OpenYear=109&Helf=1&Sclass=EE&Cono=C591,2026-08-26T18:22:53+00:00
109-1-EE-C591-A-2-B,109,1,工學院,EE,電機工程學系,C591,A,大學部,2,B,離散數學,3,選,100,71,,29,黃祥哲,C01-B104,"5,6, 7",,,,,,,"[{""day"": 1, ""dayName"": ""星期一"", ""periods"": [""5"", ""6"", ""7""], ""raw"": ""5,6, 7""}]",,二AB合開;優先安排C01-B104教室,https://course.nuk.edu.tw/QueryCourse/tcontent.asp?OpenYear=109&Helf=1&Sclass=EE&Cono=C591,2026-08-26T18:22:53+00:00
109-1-EE-F963-A-2-A,109,1,工學院,EE,電機工程學系,F963,A,大學部,2,A,Java物件導向程式設計,3,選,50,8,,42,廖述銘,C01-104,"6,7, 8",,,,,,,"[{""day"": 1, ""dayName"": ""星期一"", ""periods"": [""6"", ""7"", ""8""], ""raw"": ""6,7, 8""}]",,二AB、三AB、四AB、碩班合開；請安排C01-104電腦教室,https://course.nuk.edu.tw/QueryCourse/tcontent.asp?OpenYear=109&Helf=1&Sclass=EE&Cono=F963,2026-08-26T18:22:53+00:00
109-1-EE-F963-A-2-B,109,1,工學院,EE,電機工程學系,F963,A,大學部,2,B,Java物件導向程式設計,3,選,50,8,,42,廖述銘,C01-104,"6,7, 8",,,,,,,"[{""day"": 1, ""dayName"": ""星期一"", ""periods"": [""6"", ""7"", ""8""], ""raw"": ""6,7, 8""}]",,四AB、碩班合開；請安排C01-104電腦教室,https://course.nuk.edu.tw/QueryCourse/tcontent.asp?OpenYear=109&Helf=1&Sclass=EE&Cono=F963,2026-08-26T18:22:53+00:00
109-1-EE-F965-A-2-A,109,1,工學院,EE,電機工程學系,F965,A,大學部,2,A,Java物件導向程式設計進階,3,選,50,5,,45,廖述銘,C01-104,,,,,"6,7, 8",,,"[{""day"": 5, ""dayName"": ""星期五"", ""periods"": [""6"", ""7"", ""8""], ""raw"": ""6,7, 8""}]",,二AB、三AB、四AB、碩班合開；請安排C01-104電腦教室,https://course.nuk.edu.tw/QueryCourse/tcontent.asp?OpenYear=109&Helf=1&Sclass=EE&Cono=F965,2026-08-26T18:22:53+00:00
109-1-EE-F965-A-2-B,109,1,工學院,EE,電機工程學系,F965,A,大學部,2,B,Java物件導向程式設計進階,3,選,50,5,,45,廖述銘,C01-104,,,,,"6,7, 8",,,"[{""day"": 5, ""dayName"": ""星期五"", ""periods"": [""6"", ""7"", ""8""], ""raw"": ""6,7, 8""}]",,四AB、碩班合開，使用工學院C01-104電腦教室,https://course.nuk.edu.tw/QueryCourse/tcontent.asp?OpenYear=109&Helf=1&Sclass=EE&Cono=F965,2026-08-26T18:22:53+00:00
109-1-EE-C021-A-3-B,109,1,工學院,EE,電機工程學系,C021,A,大學部,3,B,電子學(三),3,必,71,59,,12,江德光,B01-103,,"2,3, 4",,,,,,"[{""day"": 2, ""dayName"": ""星期二"", ""periods"": [""2"", ""3"", ""4""], ""raw"": ""2,3, 4""}]",限修及外加,3B,https://course.nuk.edu.tw/QueryCourse/tcontent.asp?OpenYear=109&Helf=1&Sclass=EE&Cono=C021,2026-08-26T18:22:53+00:00
109-1-EE-C022-A-3-A,109,1,工學院,EE,電機工程學系,C022,A,大學部,3,A,電子學(三),3,必,74,53,,21,江德光,B01-103,,,,,"2,3, 4",,,"[{""day"": 5, ""dayName"": ""星期五"", ""periods"": [""2"", ""3"", ""4""], ""raw"": ""2,3, 4""}]",限修及外加,3A,https://course.nuk.edu.tw/QueryCourse/tcontent.asp?OpenYear=109&Helf=1&Sclass=EE&Cono=C022,2026-08-26T18:22:53+00:00
109-1-EE-C523-A-3-A,109,1,工學院,EE,電機工程學系,C523,A,大學部,3,A,電力工程概論,3,選,40,14,,26,寧家慶,C01-B101,"10,11, 12",,,,,,,"[{""day"": 1, ""dayName"": ""星期一"", ""periods"": [""10"", ""11"", ""12""], ""raw"": ""10,11, 12""}]",限修,3AB合開,https://course.nuk.edu.tw/QueryCourse/tcontent.asp?OpenYear=109&Helf=1&Sclass=EE&Cono=C523,2026-08-26T18:22:53+00:00
109-1-EE-C523-A-3-B,109,1,工學院,EE,電機工程學系,C523,A,大學部,3,B,電力工程概論,3,選,40,14,,26,寧家慶,C01-B101,"10,11, 12",,,,,,,"[{""day"": 1, ""dayName"": ""星期一"", ""periods"": [""10"", ""11"", ""12""], ""raw"": ""10,11, 12""}]",限修,3AB合開,https://course.nuk.edu.tw/QueryCourse/tcontent.asp?OpenYear=109&Helf=1&Sclass=EE&Cono=C523,2026-08-26T18:22:53+00:00
109-1-EE-C542-A-3-A,109,1,工學院,EE,電機工程學系,C542,A,大學部,3,A,近代物理,3,選,61,47,,14,藍文厚,C01-B101,,,"5,6, 7",,,,,"[{""day"": 3, ""dayName"": ""星期三"", ""periods"": [""5"", ""6"", ""7""], ""raw"": ""5,6, 7""}]",,三AB合開,https://course.nuk.edu.tw/QueryCourse/tcontent.asp?OpenYear=109&Helf=1&Sclass=EE&Cono=C542,2026-08-26T18:22:53+00:00
109-1-EE-C542-A-3-B,109,1,工學院,EE,電機工程學系,C542,A,大學部,3,B,近代物理,3,選,61,47,,14,藍文厚,C01-B101,,,"5,6, 7",,,,,"[{""day"": 3, ""dayName"": ""星期三"", ""periods"": [""5"", ""6"", ""7""], ""raw"": ""5,6, 7""}]",,三AB合開,https://course.nuk.edu.tw/QueryCourse/tcontent.asp?OpenYear=109&Helf=1&Sclass=EE&Cono=C542,2026-08-26T18:22:53+00:00
109-1-EE-C561-A-3-A,109,1,工學院,EE,電機工程學系,C561,A,大學部,3,A,作業系統,3,選,30,29,,1,賴智錦,C01-414,"2,3, 4",,,,,,,"[{""day"": 1, ""dayName"": ""星期一"", ""periods"": [""2"", ""3"", ""4""], ""raw"": ""2,3, 4""}]",,三AB合開；請優先安排C01-414教室,https://course.nuk.edu.tw/QueryCourse/tcontent.asp?OpenYear=109&Helf=1&Sclass=EE&Cono=C561,2026-08-26T18:22:53+00:00
109-1-EE-C561-A-3-B,109,1,工學院,EE,電機工程學系,C561,A,大學部,3,B,作業系統,3,選,30,29,,1,賴智錦,C01-414,"2,3, 4",,,,,,,"[{""day"": 1, ""dayName"": ""星期一"", ""periods"": [""2"", ""3"", ""4""], ""raw"": ""2,3, 4""}]",,三AB合開；請優先安排C01-414教室,https://course.nuk.edu.tw/QueryCourse/tcontent.asp?OpenYear=109&Helf=1&Sclass=EE&Cono=C561,2026-08-26T18:22:53+00:00
109-1-EE-C582-A-3-A,109,1,工學院,EE,電機工程學系,C582,A,大學部,3,A,電磁波理論,3,選,65,30,,35,吳松茂,B01-104,,,,"5,6, 7",,,,"[{""day"": 4, ""dayName"": ""星期四"", ""periods"": [""5"", ""6"", ""7""], ""raw"": ""5,6, 7""}]",,三AB合開；請安排於工學院大教室,https://course.nuk.edu.tw/QueryCourse/tcontent.asp?OpenYear=109&Helf=1&Sclass=EE&Cono=C582,2026-08-26T18:22:53+00:00
109-1-EE-C582-A-3-B,109,1,工學院,EE,電機工程學系,C582,A,大學部,3,B,電磁波理論,3,選,65,30,,35,吳松茂,B01-104,,,,"5,6, 7",,,,"[{""day"": 4, ""dayName"": ""星期四"", ""periods"": [""5"", ""6"", ""7""], ""raw"": ""5,6, 7""}]",,三AB合開；請安排於工學院大教室,https://course.nuk.edu.tw/QueryCourse/tcontent.asp?OpenYear=109&Helf=1&Sclass=EE&Cono=C582,2026-08-26T18:22:53+00:00
109-1-EE-C662-A-3-A,109,1,工學院,EE,電機工程學系,C662,A,大學部,3,A,超大型積體電路設計導論,3,選,103,69,,34,陳春僥,C01-B103,"6,7, 8",,,,,,,"[{""day"": 1, ""dayName"": ""星期一"", ""periods"": [""6"", ""7"", ""8""], ""raw"": ""6,7, 8""}]",學程,"三AB合開；請安排C01-B103大教室,半導體光電製程學程",https://course.nuk.edu.tw/QueryCourse/tcontent.asp?OpenYear=109&Helf=1&Sclass=EE&Cono=C662,2026-08-26T18:22:53+00:00
109-1-EE-C662-A-3-B,109,1,工學院,EE,電機工程學系,C662,A,大學部,3,B,超大型積體電路設計導論,3,選,103,69,,34,陳春僥,C01-B103,"6,7, 8",,,,,,,"[{""day"": 1, ""dayName"": ""星期一"", ""periods"": [""6"", ""7"", ""8""], ""raw"": ""6,7, 8""}]",學程,"三AB合開；請安排C01-B103大教室,半導體光電製程學程",https://course.nuk.edu.tw/QueryCourse/tcontent.asp?OpenYear=109&Helf=1&Sclass=EE&Cono=C662,2026-08-26T18:22:53+00:00
109-1-EE-C782-A-3-A,109,1,工學院,EE,電機工程學系,C782,A,大學部,3,A,機率與統計,3,選,100,53,,47,一心,C01-B104,,,,"5,6, 7",,,,"[{""day"": 4, ""dayName"": ""星期四"", ""periods"": [""5"", ""6"", ""7""], ""raw"": ""5,6, 7""}]",,,https://course.nuk.edu.tw/QueryCourse/tcontent.asp?OpenYear=109&Helf=1&Sclass=EE&Cono=C782,2026-08-26T18:22:53+00:00
109-1-EE-C782-A-3-B,109,1,工學院,EE,電機工程學系,C782,A,大學部,3,B,機率與統計,3,選,100,53,,47,一心,C01-B104,,,,"5,6, 7",,,,"[{""day"": 4, ""dayName"": ""星期四"", ""periods"": [""5"", ""6"", ""7""], ""raw"": ""5,6, 7""}]",,,https://course.nuk.edu.tw/QueryCourse/tcontent.asp?OpenYear=109&Helf=1&Sclass=EE&Cono=C782,2026-08-26T18:22:53+00:00
109-1-EE-C911-A-3-A,109,1,工學院,EE,電機工程學系,C911,A,大學部,3,A,訊號與系統,3,選,100,81,,19,黃祥哲,C01-B104,,,,"2,3, 4",,,,"[{""day"": 4, ""dayName"": ""星期四"", ""periods"": [""2"", ""3"", ""4""], ""raw"": ""2,3, 4""}]",,三AB合開；優先安排C01-B104教室,https://course.nuk.edu.tw/QueryCourse/tcontent.asp?OpenYear=109&Helf=1&Sclass=EE&Cono=C911,2026-08-26T18:22:53+00:00
109-1-EE-C911-A-3-B,109,1,工學院,EE,電機工程學系,C911,A,大學部,3,B,訊號與系統,3,選,100,81,,19,黃祥哲,C01-B104,,,,"2,3, 4",,,,"[{""day"": 4, ""dayName"": ""星期四"", ""periods"": [""2"", ""3"", ""4""], ""raw"": ""2,3, 4""}]",,三AB合開；優先安排C01-B104教室,https://course.nuk.edu.tw/QueryCourse/tcontent.asp?OpenYear=109&Helf=1&Sclass=EE&Cono=C911,2026-08-26T18:22:53+00:00
109-1-EE-F597-A-3-A,109,1,工學院,EE,電機工程學系,F597,A,大學部,3,A,微波無線系統導論,3,選,47,44,,3,一心,B01-104 其他教室,,,"2,3, 4",,,,,"[{""day"": 3, ""dayName"": ""星期三"", ""periods"": [""2"", ""3"", ""4""], ""raw"": ""2,3, 4""}]",外加,射頻主動電路先修課程。 三AB、四AB、碩班合開，請安排C01-104電腦教室與一般教室,https://course.nuk.edu.tw/QueryCourse/tcontent.asp?OpenYear=109&Helf=1&Sclass=EE&Cono=F597,2026-08-26T18:22:53+00:00
109-1-EE-F597-A-3-B,109,1,工學院,EE,電機工程學系,F597,A,大學部,3,B,微波無線系統導論,3,選,47,44,,3,一心,B01-104 其他教室,,,"2,3, 4",,,,,"[{""day"": 3, ""dayName"": ""星期三"", ""periods"": [""2"", ""3"", ""4""], ""raw"": ""2,3, 4""}]",外加,射頻主動電路先修課程。 三AB、四AB、碩班合開，請安排C01-104電腦教室與一般教室,https://course.nuk.edu.tw/QueryCourse/tcontent.asp?OpenYear=109&Helf=1&Sclass=EE&Cono=F597,2026-08-26T18:22:53+00:00
109-1-EE-F615-A-3-A,109,1,工學院,EE,電機工程學系,F615,A,大學部,3,A,半導體雷射,3,選,40,6,,34,馮瑞陽,C01-B101,,,,"2,3, 4",,,,"[{""day"": 4, ""dayName"": ""星期四"", ""periods"": [""2"", ""3"", ""4""], ""raw"": ""2,3, 4""}]",,三AB、四AB、碩班合開,https://course.nuk.edu.tw/QueryCourse/tcontent.asp?OpenYear=109&Helf=1&Sclass=EE&Cono=F615,2026-08-26T18:22:53+00:00
109-1-EE-F615-A-3-B,109,1,工學院,EE,電機工程學系,F615,A,大學部,3,B,半導體雷射,3,選,40,6,,34,馮瑞陽,C01-B101,,,,"2,3, 4",,,,"[{""day"": 4, ""dayName"": ""星期四"", ""periods"": [""2"", ""3"", ""4""], ""raw"": ""2,3, 4""}]",,三AB、四AB、碩班合開,https://course.nuk.edu.tw/QueryCourse/tcontent.asp?OpenYear=109&Helf=1&Sclass=EE&Cono=F615,2026-08-26T18:22:53+00:00
109-1-EE-F623-A-3-A,109,1,工學院,EE,電機工程學系,F623,A,大學部,3,A,半導體製作與量測,3,選,32,27,,5,張文騰,C01-414,,,"2,3, 4",,,,,"[{""day"": 3, ""dayName"": ""星期三"", ""periods"": [""2"", ""3"", ""4""], ""raw"": ""2,3, 4""}]",外加,三AB、四AB、碩班合開，全英語授課，優先安排C01-414教室,https://course.nuk.edu.tw/QueryCourse/tcontent.asp?OpenYear=109&Helf=1&Sclass=EE&Cono=F623,2026-08-26T18:22:53+00:00
109-1-EE-F623-A-3-B,109,1,工學院,EE,電機工程學系,F623,A,大學部,3,B,半導體製作與量測,3,選,32,27,,5,張文騰,C01-414,,,"2,3, 4",,,,,"[{""day"": 3, ""dayName"": ""星期三"", ""periods"": [""2"", ""3"", ""4""], ""raw"": ""2,3, 4""}]",外加,三AB、四AB、碩班合開，全英語授課，優先安排C01-414教室,https://course.nuk.edu.tw/QueryCourse/tcontent.asp?OpenYear=109&Helf=1&Sclass=EE&Cono=F623,2026-08-26T18:22:53+00:00
109-1-EE-F654-A-3-A,109,1,工學院,EE,電機工程學系,F654,A,大學部,3,A,光電子學(一),3,選,40,10,,30,馮瑞陽,C01-B101,"2,3, 4",,,,,,,"[{""day"": 1, ""dayName"": ""星期一"", ""periods"": [""2"", ""3"", ""4""], ""raw"": ""2,3, 4""}]",,三AB、四AB、碩班合開,https://course.nuk.edu.tw/QueryCourse/tcontent.asp?OpenYear=109&Helf=1&Sclass=EE&Cono=F654,2026-08-26T18:22:53+00:00
109-1-EE-F654-A-3-B,109,1,工學院,EE,電機工程學系,F654,A,大學部,3,B,光電子學(一),3,選,40,10,,30,馮瑞陽,C01-B101,"2,3, 4",,,,,,,"[{""day"": 1, ""dayName"": ""星期一"", ""periods"": [""2"", ""3"", ""4""], ""raw"": ""2,3, 4""}]",,三AB、四AB、碩班合開,https://course.nuk.edu.tw/QueryCourse/tcontent.asp?OpenYear=109&Helf=1&Sclass=EE&Cono=F654,2026-08-26T18:22:53+00:00
109-1-EE-F733-A-3-A,109,1,工學院,EE,電機工程學系,F733,A,大學部,3,A,資料探勘導論,3,選,40,35,,5,李錫智 吳志宏,C01-B101-1,,,"7,8, 9",,,,,"[{""day"": 3, ""dayName"": ""星期三"", ""periods"": [""7"", ""8"", ""9""], ""raw"": ""7,8, 9""}]",,3AB、4AB、碩班合開；安排工學院B101-1教室,https://course.nuk.edu.tw/QueryCourse/tcontent.asp?OpenYear=109&Helf=1&Sclass=EE&Cono=F733,2026-08-26T18:22:53+00:00
109-1-EE-F733-A-3-B,109,1,工學院,EE,電機工程學系,F733,A,大學部,3,B,資料探勘導論,3,選,40,35,,5,李錫智 吳志宏,C01-B101-1,,,"7,8, 9",,,,,"[{""day"": 3, ""dayName"": ""星期三"", ""periods"": [""7"", ""8"", ""9""], ""raw"": ""7,8, 9""}]",,3AB、4AB、碩班合開；安排工學院B101-1教室,https://course.nuk.edu.tw/QueryCourse/tcontent.asp?OpenYear=109&Helf=1&Sclass=EE&Cono=F733,2026-08-26T18:22:53+00:00
109-1-EE-F734-A-3-A,109,1,工學院,EE,電機工程學系,F734,A,大學部,3,A,資料結構演算法與整合程式設計實務,3,選,33,28,,5,蕭培墉,L01-108,,,"2,3, 4",,,,,"[{""day"": 3, ""dayName"": ""星期三"", ""periods"": [""2"", ""3"", ""4""], ""raw"": ""2,3, 4""}]",限修,三AB、四AB、碩班合開；請安排圖資107或108電腦教室,https://course.nuk.edu.tw/QueryCourse/tcontent.asp?OpenYear=109&Helf=1&Sclass=EE&Cono=F734,2026-08-26T18:22:53+00:00
109-1-EE-F734-A-3-B,109,1,工學院,EE,電機工程學系,F734,A,大學部,3,B,資料結構演算法與整合程式設計實務,3,選,33,28,,5,蕭培墉,L01-108,,,"2,3, 4",,,,,"[{""day"": 3, ""dayName"": ""星期三"", ""periods"": [""2"", ""3"", ""4""], ""raw"": ""2,3, 4""}]",限修,三AB、四AB、碩班合開；請安排圖資107或108電腦教室,https://course.nuk.edu.tw/QueryCourse/tcontent.asp?OpenYear=109&Helf=1&Sclass=EE&Cono=F734,2026-08-26T18:22:53+00:00
109-1-EE-F963-A-3-A,109,1,工學院,EE,電機工程學系,F963,A,大學部,3,A,Java物件導向程式設計,3,選,50,8,,42,廖述銘,C01-104,"6,7, 8",,,,,,,"[{""day"": 1, ""dayName"": ""星期一"", ""periods"": [""6"", ""7"", ""8""], ""raw"": ""6,7, 8""}]",,二AB、三AB、四AB、碩班合開；請安排C01-104電腦教室,https://course.nuk.edu.tw/QueryCourse/tcontent.asp?OpenYear=109&Helf=1&Sclass=EE&Cono=F963,2026-08-26T18:22:53+00:00
109-1-EE-F963-A-3-B,109,1,工學院,EE,電機工程學系,F963,A,大學部,3,B,Java物件導向程式設計,3,選,50,8,,42,廖述銘,C01-104,"6,7, 8",,,,,,,"[{""day"": 1, ""dayName"": ""星期一"", ""periods"": [""6"", ""7"", ""8""], ""raw"": ""6,7, 8""}]",,四AB、碩班合開；請安排C01-104電腦教室,https://course.nuk.edu.tw/QueryCourse/tcontent.asp?OpenYear=109&Helf=1&Sclass=EE&Cono=F963,2026-08-26T18:22:53+00:00
109-1-EE-F965-A-3-A,109,1,工學院,EE,電機工程學系,F965,A,大學部,3,A,Java物件導向程式設計進階,3,選,50,5,,45,廖述銘,C01-104,,,,,"6,7, 8",,,"[{""day"": 5, ""dayName"": ""星期五"", ""periods"": [""6"", ""7"", ""8""], ""raw"": ""6,7, 8""}]",,二AB、三AB、四AB、碩班合開；請安排C01-104電腦教室,https://course.nuk.edu.tw/QueryCourse/tcontent.asp?OpenYear=109&Helf=1&Sclass=EE&Cono=F965,2026-08-26T18:22:53+00:00
109-1-EE-F965-A-3-B,109,1,工學院,EE,電機工程學系,F965,A,大學部,3,B,Java物件導向程式設計進階,3,選,50,5,,45,廖述銘,C01-104,,,,,"6,7, 8",,,"[{""day"": 5, ""dayName"": ""星期五"", ""periods"": [""6"", ""7"", ""8""], ""raw"": ""6,7, 8""}]",,四AB、碩班合開，使用工學院C01-104電腦教室,https://course.nuk.edu.tw/QueryCourse/tcontent.asp?OpenYear=109&Helf=1&Sclass=EE&Cono=F965,2026-08-26T18:22:53+00:00
109-1-EE-G593-A-3-A,109,1,工學院,EE,電機工程學系,G593,A,大學部,3,A,模糊與演化式計算,3,選,30,9,,21,賴智錦 歐陽振森,C01-104,,,,"2,3, 4",,,,"[{""day"": 4, ""dayName"": ""星期四"", ""periods"": [""2"", ""3"", ""4""], ""raw"": ""2,3, 4""}]",,(※四系合開:應數、資工、資管、電機，學生:大三、大四、碩士班)，歐陽振森老師與賴智錦老師共同授課。,https://course.nuk.edu.tw/QueryCourse/tcontent.asp?OpenYear=109&Helf=1&Sclass=EE&Cono=G593,2026-08-26T18:22:53+00:00
109-1-EE-G593-A-3-B,109,1,工學院,EE,電機工程學系,G593,A,大學部,3,B,模糊與演化式計算,3,選,30,9,,21,賴智錦 歐陽振森,C01-104,,,,"2,3, 4",,,,"[{""day"": 4, ""dayName"": ""星期四"", ""periods"": [""2"", ""3"", ""4""], ""raw"": ""2,3, 4""}]",,(※四系合開:應數、資工、資管、電機，學生:大三、大四、碩士班)，歐陽振森老師與賴智錦老師共同授課。,https://course.nuk.edu.tw/QueryCourse/tcontent.asp?OpenYear=109&Helf=1&Sclass=EE&Cono=G593,2026-08-26T18:22:53+00:00
109-1-EE-G695-A-3-A,109,1,工學院,EE,電機工程學系,G695,A,大學部,3,A,機器人影像控制技術,3,選,41,24,,17,吳志宏,C01-B101,,,,,"6,7, 8",,,"[{""day"": 5, ""dayName"": ""星期五"", ""periods"": [""6"", ""7"", ""8""], ""raw"": ""6,7, 8""}]",先修 外加,三AB、四AB、碩班合開,https://course.nuk.edu.tw/QueryCourse/tcontent.asp?OpenYear=109&Helf=1&Sclass=EE&Cono=G695,2026-08-26T18:22:53+00:00
109-1-EE-G695-A-3-B,109,1,工學院,EE,電機工程學系,G695,A,大學部,3,B,機器人影像控制技術,3,選,41,24,,17,吳志宏,C01-B101,,,,,"6,7, 8",,,"[{""day"": 5, ""dayName"": ""星期五"", ""periods"": [""6"", ""7"", ""8""], ""raw"": ""6,7, 8""}]",先修 外加,三AB、四AB、碩班合開,https://course.nuk.edu.tw/QueryCourse/tcontent.asp?OpenYear=109&Helf=1&Sclass=EE&Cono=G695,2026-08-26T18:22:53+00:00
109-1-EE-G70B-A-3-A,109,1,工學院,EE,電機工程學系,G70B,A,大學部,3,A,智慧生活空間資訊截取與運用效能化設計(II),3,選,61,61,,0,梁明正,C01-104,,"5,6, 7",,,,,,"[{""day"": 2, ""dayName"": ""星期二"", ""periods"": [""5"", ""6"", ""7""], ""raw"": ""5,6, 7""}]",,三AB、四AB、碩班合開，智慧生活整合創新學程,https://course.nuk.edu.tw/QueryCourse/tcontent.asp?OpenYear=109&Helf=1&Sclass=EE&Cono=G70B,2026-08-26T18:22:53+00:00
109-1-EE-G70B-A-3-B,109,1,工學院,EE,電機工程學系,G70B,A,大學部,3,B,智慧生活空間資訊截取與運用效能化設計(II),3,選,61,61,,0,梁明正,C01-104,,"5,6, 7",,,,,,"[{""day"": 2, ""dayName"": ""星期二"", ""periods"": [""5"", ""6"", ""7""], ""raw"": ""5,6, 7""}]",外加,三AB、四AB、碩班合開，智慧生活整合創新學程,https://course.nuk.edu.tw/QueryCourse/tcontent.asp?OpenYear=109&Helf=1&Sclass=EE&Cono=G70B,2026-08-26T18:22:53+00:00
109-1-EE-G712-A-3-A,109,1,工學院,EE,電機工程學系,G712,A,大學部,3,A,科技溝通,3,選,30,14,,16,張文騰,C01-414,"5,6, 7",,,,,,,"[{""day"": 1, ""dayName"": ""星期一"", ""periods"": [""5"", ""6"", ""7""], ""raw"": ""5,6, 7""}]",,三AB、四AB、碩班合開，全英語授課，優先安排C01-414教室,https://course.nuk.edu.tw/QueryCourse/tcontent.asp?OpenYear=109&Helf=1&Sclass=EE&Cono=G712,2026-08-26T18:22:53+00:00
109-1-EE-G712-A-3-B,109,1,工學院,EE,電機工程學系,G712,A,大學部,3,B,科技溝通,3,選,30,14,,16,張文騰,C01-414,"5,6, 7",,,,,,,"[{""day"": 1, ""dayName"": ""星期一"", ""periods"": [""5"", ""6"", ""7""], ""raw"": ""5,6, 7""}]",,三AB、四AB、碩班合開，全英語授課，優先安排C01-414教室,https://course.nuk.edu.tw/QueryCourse/tcontent.asp?OpenYear=109&Helf=1&Sclass=EE&Cono=G712,2026-08-26T18:22:53+00:00
109-1-EE-D002-A-4-A,109,1,工學院,EE,電機工程學系,D002,A,大學部,4,A,工程倫理與法律,2,必,120,90,,30,黃祥哲 施明昌 郭馨徽 馮瑞陽 陳春僥,C01-114,,,"5,6",,,,,"[{""day"": 3, ""dayName"": ""星期三"", ""periods"": [""5"", ""6""], ""raw"": ""5,6""}]",,四AB合開，使用C01-114演講廳,https://course.nuk.edu.tw/QueryCourse/tcontent.asp?OpenYear=109&Helf=1&Sclass=EE&Cono=D002,2026-08-26T18:22:53+00:00
109-1-EE-D002-A-4-B,109,1,工學院,EE,電機工程學系,D002,A,大學部,4,B,工程倫理與法律,2,必,120,90,,30,黃祥哲 施明昌 郭馨徽 馮瑞陽 陳春僥,C01-114,,,"5,6",,,,,"[{""day"": 3, ""dayName"": ""星期三"", ""periods"": [""5"", ""6""], ""raw"": ""5,6""}]",,四AB合開，使用C01-114演講廳,https://course.nuk.edu.tw/QueryCourse/tcontent.asp?OpenYear=109&Helf=1&Sclass=EE&Cono=D002,2026-08-26T18:22:53+00:00
109-1-EE-D201-A-4-A,109,1,工學院,EE,電機工程學系,D201,A,大學部,4,A,電機實務專題(二)光電元件技術,1,必,9,8,,1,施明昌 藍文厚,,,,,,,"2,3, 4",,"[{""day"": 6, ""dayName"": ""星期六"", ""periods"": [""2"", ""3"", ""4""], ""raw"": ""2,3, 4""}]",,4AB合開，指定外加,https://course.nuk.edu.tw/QueryCourse/tcontent.asp?OpenYear=109&Helf=1&Sclass=EE&Cono=D201,2026-08-26T18:22:53+00:00
109-1-EE-D201-A-4-B,109,1,工學院,EE,電機工程學系,D201,A,大學部,4,B,電機實務專題(二)光電元件技術,1,必,9,8,,1,施明昌 藍文厚,,,,,,,"2,3, 4",,"[{""day"": 6, ""dayName"": ""星期六"", ""periods"": [""2"", ""3"", ""4""], ""raw"": ""2,3, 4""}]",,4AB合開，指定外加,https://course.nuk.edu.tw/QueryCourse/tcontent.asp?OpenYear=109&Helf=1&Sclass=EE&Cono=D201,2026-08-26T18:22:53+00:00
109-1-EE-D202-A-4-A,109,1,工學院,EE,電機工程學系,D202,A,大學部,4,A,電機實務專題(二)物聯網與積體電路,1,必,9,8,,1,梁明正 廖述銘,,,,,,,"2,3, 4",,"[{""day"": 6, ""dayName"": ""星期六"", ""periods"": [""2"", ""3"", ""4""], ""raw"": ""2,3, 4""}]",,4AB合開，指定外加,https://course.nuk.edu.tw/QueryCourse/tcontent.asp?OpenYear=109&Helf=1&Sclass=EE&Cono=D202,2026-08-26T18:22:53+00:00
109-1-EE-D202-A-4-B,109,1,工學院,EE,電機工程學系,D202,A,大學部,4,B,電機實務專題(二)物聯網與積體電路,1,必,9,8,,1,梁明正 廖述銘,,,,,,,"2,3, 4",,"[{""day"": 6, ""dayName"": ""星期六"", ""periods"": [""2"", ""3"", ""4""], ""raw"": ""2,3, 4""}]",,4AB合開，指定外加,https://course.nuk.edu.tw/QueryCourse/tcontent.asp?OpenYear=109&Helf=1&Sclass=EE&Cono=D202,2026-08-26T18:22:53+00:00
109-1-EE-D203-A-4-A,109,1,工學院,EE,電機工程學系,D203,A,大學部,4,A,電機實務專題(二)嵌入式系統與微機電,1,必,9,9,,0,張文騰 蕭培墉,,,,,,,"2,3, 4",,"[{""day"": 6, ""dayName"": ""星期六"", ""periods"": [""2"", ""3"", ""4""], ""raw"": ""2,3, 4""}]",,4AB合開，指定外加,https://course.nuk.edu.tw/QueryCourse/tcontent.asp?OpenYear=109&Helf=1&Sclass=EE&Cono=D203,2026-08-26T18:22:53+00:00
109-1-EE-D203-A-4-B,109,1,工學院,EE,電機工程學系,D203,A,大學部,4,B,電機實務專題(二)嵌入式系統與微機電,1,必,9,9,,0,張文騰 蕭培墉,,,,,,,"2,3, 4",,"[{""day"": 6, ""dayName"": ""星期六"", ""periods"": [""2"", ""3"", ""4""], ""raw"": ""2,3, 4""}]",,4AB合開，指定外加,https://course.nuk.edu.tw/QueryCourse/tcontent.asp?OpenYear=109&Helf=1&Sclass=EE&Cono=D203,2026-08-26T18:22:53+00:00
109-1-EE-D204-A-4-A,109,1,工學院,EE,電機工程學系,D204,A,大學部,4,A,電機實務專題(二)積體電路與元件,1,必,9,9,,0,陳春僥 葉文冠 郭馨徽,,,,,,,"2,3, 4",,"[{""day"": 6, ""dayName"": ""星期六"", ""periods"": [""2"", ""3"", ""4""], ""raw"": ""2,3, 4""}]",,4AB合開，指定外加,https://course.nuk.edu.tw/QueryCourse/tcontent.asp?OpenYear=109&Helf=1&Sclass=EE&Cono=D204,2026-08-26T18:22:53+00:00
109-1-EE-D204-A-4-B,109,1,工學院,EE,電機工程學系,D204,A,大學部,4,B,電機實務專題(二)積體電路與元件,1,必,9,9,,0,陳春僥 葉文冠 郭馨徽,,,,,,,"2,3, 4",,"[{""day"": 6, ""dayName"": ""星期六"", ""periods"": [""2"", ""3"", ""4""], ""raw"": ""2,3, 4""}]",,4AB合開，指定外加,https://course.nuk.edu.tw/QueryCourse/tcontent.asp?OpenYear=109&Helf=1&Sclass=EE&Cono=D204,2026-08-26T18:22:53+00:00
109-1-EE-D205-A-4-A,109,1,工學院,EE,電機工程學系,D205,A,大學部,4,A,電機實務專題(二)積體電路與系統,1,必,8,8,,0,洪進華 徐忠枝,,,,,,,"2,3, 4",,"[{""day"": 6, ""dayName"": ""星期六"", ""periods"": [""2"", ""3"", ""4""], ""raw"": ""2,3, 4""}]",,4AB合開，指定外加,https://course.nuk.edu.tw/QueryCourse/tcontent.asp?OpenYear=109&Helf=1&Sclass=EE&Cono=D205,2026-08-26T18:22:53+00:00
109-1-EE-D205-A-4-B,109,1,工學院,EE,電機工程學系,D205,A,大學部,4,B,電機實務專題(二)積體電路與系統,1,必,8,8,,0,洪進華 徐忠枝,,,,,,,"2,3, 4",,"[{""day"": 6, ""dayName"": ""星期六"", ""periods"": [""2"", ""3"", ""4""], ""raw"": ""2,3, 4""}]",,4AB合開，指定外加,https://course.nuk.edu.tw/QueryCourse/tcontent.asp?OpenYear=109&Helf=1&Sclass=EE&Cono=D205,2026-08-26T18:22:53+00:00
109-1-EE-D206-A-4-A,109,1,工學院,EE,電機工程學系,D206,A,大學部,4,A,電機實務專題(二)演化式計算、射頻電路與光電,1,必,8,8,,0,賴智錦 一心 馮瑞陽,,,,,,,"2,3, 4",,"[{""day"": 6, ""dayName"": ""星期六"", ""periods"": [""2"", ""3"", ""4""], ""raw"": ""2,3, 4""}]",,4AB合開，指定外加,https://course.nuk.edu.tw/QueryCourse/tcontent.asp?OpenYear=109&Helf=1&Sclass=EE&Cono=D206,2026-08-26T18:22:53+00:00
109-1-EE-D206-A-4-B,109,1,工學院,EE,電機工程學系,D206,A,大學部,4,B,電機實務專題(二)演化式計算、射頻電路與光電,1,必,8,8,,0,賴智錦 一心 馮瑞陽,,,,,,,"2,3, 4",,"[{""day"": 6, ""dayName"": ""星期六"", ""periods"": [""2"", ""3"", ""4""], ""raw"": ""2,3, 4""}]",,4AB合開，指定外加,https://course.nuk.edu.tw/QueryCourse/tcontent.asp?OpenYear=109&Helf=1&Sclass=EE&Cono=D206,2026-08-26T18:22:53+00:00
109-1-EE-D207-A-4-A,109,1,工學院,EE,電機工程學系,D207,A,大學部,4,A,電機實務專題(二)微波電路,1,必,27,27,,0,吳松茂 鄧卜華,,,,,,,"X,1, Y",,"[{""day"": 6, ""dayName"": ""星期六"", ""periods"": [""X"", ""1"", ""Y""], ""raw"": ""X,1, Y""}]",,4AB合開，指定外加,https://course.nuk.edu.tw/QueryCourse/tcontent.asp?OpenYear=109&Helf=1&Sclass=EE&Cono=D207,2026-08-26T18:22:53+00:00
109-1-EE-D207-A-4-B,109,1,工學院,EE,電機工程學系,D207,A,大學部,4,B,電機實務專題(二)微波電路,1,必,27,27,,0,吳松茂 鄧卜華,,,,,,,"X,1, Y",,"[{""day"": 6, ""dayName"": ""星期六"", ""periods"": [""X"", ""1"", ""Y""], ""raw"": ""X,1, Y""}]",,4AB合開，指定外加,https://course.nuk.edu.tw/QueryCourse/tcontent.asp?OpenYear=109&Helf=1&Sclass=EE&Cono=D207,2026-08-26T18:22:53+00:00
109-1-EE-D208-A-4-A,109,1,工學院,EE,電機工程學系,D208,A,大學部,4,A,電機實務專題(二)智慧計算與信號處理,1,必,12,12,,0,吳志宏 黃祥哲,,,,,,,"X,1, Y",,"[{""day"": 6, ""dayName"": ""星期六"", ""periods"": [""X"", ""1"", ""Y""], ""raw"": ""X,1, Y""}]",,4AB合開，指定外加,https://course.nuk.edu.tw/QueryCourse/tcontent.asp?OpenYear=109&Helf=1&Sclass=EE&Cono=D208,2026-08-26T18:22:53+00:00
109-1-EE-D208-A-4-B,109,1,工學院,EE,電機工程學系,D208,A,大學部,4,B,電機實務專題(二)智慧計算與信號處理,1,必,12,12,,0,吳志宏 黃祥哲,,,,,,,"X,1, Y",,"[{""day"": 6, ""dayName"": ""星期六"", ""periods"": [""X"", ""1"", ""Y""], ""raw"": ""X,1, Y""}]",,4AB合開，指定外加,https://course.nuk.edu.tw/QueryCourse/tcontent.asp?OpenYear=109&Helf=1&Sclass=EE&Cono=D208,2026-08-26T18:22:53+00:00
109-1-EE-D50A-A-4-A,109,1,工學院,EE,電機工程學系,D50A,A,大學部,4,A,業界實習(一),9,選,2,1,,1,陳春僥 鄧卜華 吳松茂,,,,,,,,"1,2, 3,4, 5,6, 7,8, 9","[{""day"": 7, ""dayName"": ""星期日"", ""periods"": [""1"", ""2"", ""3"", ""4"", ""5"", ""6"", ""7"", ""8"", ""9""], ""raw"": ""1,2, 3,4, 5,6, 7,8, 9""}]",,總實習時數應達450小時以上,https://course.nuk.edu.tw/QueryCourse/tcontent.asp?OpenYear=109&Helf=1&Sclass=EE&Cono=D50A,2026-08-26T18:22:53+00:00
109-1-EE-D50A-A-4-B,109,1,工學院,EE,電機工程學系,D50A,A,大學部,4,B,業界實習(一),9,選,2,1,,1,陳春僥 鄧卜華 吳松茂,,,,,,,,"1,2, 3,4, 5,6, 7,8, 9","[{""day"": 7, ""dayName"": ""星期日"", ""periods"": [""1"", ""2"", ""3"", ""4"", ""5"", ""6"", ""7"", ""8"", ""9""], ""raw"": ""1,2, 3,4, 5,6, 7,8, 9""}]",限修,總實習時數應達450小時以上,https://course.nuk.edu.tw/QueryCourse/tcontent.asp?OpenYear=109&Helf=1&Sclass=EE&Cono=D50A,2026-08-26T18:22:53+00:00
109-1-EE-F533-A-4-A,109,1,工學院,EE,電機工程學系,F533,A,大學部,4,A,天線原理與設計,3,選,70,44,,26,梁明正,C01-B101-1,"2,3, 4",,,,,,,"[{""day"": 1, ""dayName"": ""星期一"", ""periods"": [""2"", ""3"", ""4""], ""raw"": ""2,3, 4""}]",,四AB、碩班合開,https://course.nuk.edu.tw/QueryCourse/tcontent.asp?OpenYear=109&Helf=1&Sclass=EE&Cono=F533,2026-08-26T18:22:53+00:00
109-1-EE-F533-A-4-B,109,1,工學院,EE,電機工程學系,F533,A,大學部,4,B,天線原理與設計,3,選,70,44,,26,梁明正,C01-B101-1,"2,3, 4",,,,,,,"[{""day"": 1, ""dayName"": ""星期一"", ""periods"": [""2"", ""3"", ""4""], ""raw"": ""2,3, 4""}]",,四AB、碩班合開,https://course.nuk.edu.tw/QueryCourse/tcontent.asp?OpenYear=109&Helf=1&Sclass=EE&Cono=F533,2026-08-26T18:22:53+00:00
109-1-EE-F541-A-4-A,109,1,工學院,EE,電機工程學系,F541,A,大學部,4,A,綠能技術與系統,3,選,70,36,,34,梁明正,C01-B101-1,"5,6, 7",,,,,,,"[{""day"": 1, ""dayName"": ""星期一"", ""periods"": [""5"", ""6"", ""7""], ""raw"": ""5,6, 7""}]",學程,"創新學院、四AB、碩班合開,綠能永續科技人才培育學程,再生能源科技管理與應用微學程",https://course.nuk.edu.tw/QueryCourse/tcontent.asp?OpenYear=109&Helf=1&Sclass=EE&Cono=F541,2026-08-26T18:22:53+00:00
109-1-EE-F541-A-4-B,109,1,工學院,EE,電機工程學系,F541,A,大學部,4,B,綠能技術與系統,3,選,70,36,,34,梁明正,C01-B101-1,"5,6, 7",,,,,,,"[{""day"": 1, ""dayName"": ""星期一"", ""periods"": [""5"", ""6"", ""7""], ""raw"": ""5,6, 7""}]",學程,"創新學院、四AB、碩班合開,綠能永續科技人才培育學程,再生能源科技管理與應用微學程",https://course.nuk.edu.tw/QueryCourse/tcontent.asp?OpenYear=109&Helf=1&Sclass=EE&Cono=F541,2026-08-26T18:22:53+00:00
109-1-EE-F597-A-4-A,109,1,工學院,EE,電機工程學系,F597,A,大學部,4,A,微波無線系統導論,3,選,47,44,,3,一心,B01-104 其他教室,,,"2,3, 4",,,,,"[{""day"": 3, ""dayName"": ""星期三"", ""periods"": [""2"", ""3"", ""4""], ""raw"": ""2,3, 4""}]",外加,射頻主動電路先修課程。 三AB、四AB、碩班合開，請安排C01-104電腦教室與一般教室,https://course.nuk.edu.tw/QueryCourse/tcontent.asp?OpenYear=109&Helf=1&Sclass=EE&Cono=F597,2026-08-26T18:22:53+00:00
109-1-EE-F597-A-4-B,109,1,工學院,EE,電機工程學系,F597,A,大學部,4,B,微波無線系統導論,3,選,47,44,,3,一心,B01-104 其他教室,,,"2,3, 4",,,,,"[{""day"": 3, ""dayName"": ""星期三"", ""periods"": [""2"", ""3"", ""4""], ""raw"": ""2,3, 4""}]",外加,射頻主動電路先修課程。 三AB、四AB、碩班合開，請安排C01-104電腦教室與一般教室,https://course.nuk.edu.tw/QueryCourse/tcontent.asp?OpenYear=109&Helf=1&Sclass=EE&Cono=F597,2026-08-26T18:22:53+00:00
109-1-EE-F615-A-4-A,109,1,工學院,EE,電機工程學系,F615,A,大學部,4,A,半導體雷射,3,選,40,6,,34,馮瑞陽,C01-B101,,,,"2,3, 4",,,,"[{""day"": 4, ""dayName"": ""星期四"", ""periods"": [""2"", ""3"", ""4""], ""raw"": ""2,3, 4""}]",,三AB、四AB、碩班合開,https://course.nuk.edu.tw/QueryCourse/tcontent.asp?OpenYear=109&Helf=1&Sclass=EE&Cono=F615,2026-08-26T18:22:53+00:00
109-1-EE-F615-A-4-B,109,1,工學院,EE,電機工程學系,F615,A,大學部,4,B,半導體雷射,3,選,40,6,,34,馮瑞陽,C01-B101,,,,"2,3, 4",,,,"[{""day"": 4, ""dayName"": ""星期四"", ""periods"": [""2"", ""3"", ""4""], ""raw"": ""2,3, 4""}]",,三AB、四AB、碩班合開,https://course.nuk.edu.tw/QueryCourse/tcontent.asp?OpenYear=109&Helf=1&Sclass=EE&Cono=F615,2026-08-26T18:22:53+00:00
109-1-EE-F622-A-4-A,109,1,工學院,EE,電機工程學系,F622,A,大學部,4,A,半導體封裝與趨勢發展,3,選,70,62,,8,王陳肇,C01-B103,,"10,11, 12",,,,,,"[{""day"": 2, ""dayName"": ""星期二"", ""periods"": [""10"", ""11"", ""12""], ""raw"": ""10,11, 12""}]",學程,半導體光電製程學程，四AB、碩班合開,https://course.nuk.edu.tw/QueryCourse/tcontent.asp?OpenYear=109&Helf=1&Sclass=EE&Cono=F622,2026-08-26T18:22:53+00:00
109-1-EE-F622-A-4-B,109,1,工學院,EE,電機工程學系,F622,A,大學部,4,B,半導體封裝與趨勢發展,3,選,70,62,,8,王陳肇,C01-B103,,"10,11, 12",,,,,,"[{""day"": 2, ""dayName"": ""星期二"", ""periods"": [""10"", ""11"", ""12""], ""raw"": ""10,11, 12""}]",學程,半導體光電製程學程，四AB、碩班合開,https://course.nuk.edu.tw/QueryCourse/tcontent.asp?OpenYear=109&Helf=1&Sclass=EE&Cono=F622,2026-08-26T18:22:53+00:00
109-1-EE-F623-A-4-A,109,1,工學院,EE,電機工程學系,F623,A,大學部,4,A,半導體製作與量測,3,選,32,27,,5,張文騰,C01-414,,,"2,3, 4",,,,,"[{""day"": 3, ""dayName"": ""星期三"", ""periods"": [""2"", ""3"", ""4""], ""raw"": ""2,3, 4""}]",外加,三AB、四AB、碩班合開，全英語授課，優先安排C01-414教室,https://course.nuk.edu.tw/QueryCourse/tcontent.asp?OpenYear=109&Helf=1&Sclass=EE&Cono=F623,2026-08-26T18:22:53+00:00
109-1-EE-F623-A-4-B,109,1,工學院,EE,電機工程學系,F623,A,大學部,4,B,半導體製作與量測,3,選,32,27,,5,張文騰,C01-414,,,"2,3, 4",,,,,"[{""day"": 3, ""dayName"": ""星期三"", ""periods"": [""2"", ""3"", ""4""], ""raw"": ""2,3, 4""}]",外加,三AB、四AB、碩班合開，全英語授課，優先安排C01-414教室,https://course.nuk.edu.tw/QueryCourse/tcontent.asp?OpenYear=109&Helf=1&Sclass=EE&Cono=F623,2026-08-26T18:22:53+00:00
109-1-EE-F654-A-4-A,109,1,工學院,EE,電機工程學系,F654,A,大學部,4,A,光電子學(一),3,選,40,10,,30,馮瑞陽,C01-B101,"2,3, 4",,,,,,,"[{""day"": 1, ""dayName"": ""星期一"", ""periods"": [""2"", ""3"", ""4""], ""raw"": ""2,3, 4""}]",,三AB、四AB、碩班合開,https://course.nuk.edu.tw/QueryCourse/tcontent.asp?OpenYear=109&Helf=1&Sclass=EE&Cono=F654,2026-08-26T18:22:53+00:00
109-1-EE-F654-A-4-B,109,1,工學院,EE,電機工程學系,F654,A,大學部,4,B,光電子學(一),3,選,40,10,,30,馮瑞陽,C01-B101,"2,3, 4",,,,,,,"[{""day"": 1, ""dayName"": ""星期一"", ""periods"": [""2"", ""3"", ""4""], ""raw"": ""2,3, 4""}]",,三AB、四AB、碩班合開,https://course.nuk.edu.tw/QueryCourse/tcontent.asp?OpenYear=109&Helf=1&Sclass=EE&Cono=F654,2026-08-26T18:22:53+00:00
109-1-EE-F733-A-4-A,109,1,工學院,EE,電機工程學系,F733,A,大學部,4,A,資料探勘導論,3,選,40,35,,5,李錫智 吳志宏,C01-B101-1,,,"7,8, 9",,,,,"[{""day"": 3, ""dayName"": ""星期三"", ""periods"": [""7"", ""8"", ""9""], ""raw"": ""7,8, 9""}]",,3AB、4AB、碩班合開；安排工學院B101-1教室,https://course.nuk.edu.tw/QueryCourse/tcontent.asp?OpenYear=109&Helf=1&Sclass=EE&Cono=F733,2026-08-26T18:22:53+00:00
109-1-EE-F733-A-4-B,109,1,工學院,EE,電機工程學系,F733,A,大學部,4,B,資料探勘導論,3,選,40,35,,5,李錫智 吳志宏,C01-B101-1,,,"7,8, 9",,,,,"[{""day"": 3, ""dayName"": ""星期三"", ""periods"": [""7"", ""8"", ""9""], ""raw"": ""7,8, 9""}]",,3AB、4AB、碩班合開；安排工學院B101-1教室,https://course.nuk.edu.tw/QueryCourse/tcontent.asp?OpenYear=109&Helf=1&Sclass=EE&Cono=F733,2026-08-26T18:22:53+00:00
109-1-EE-F734-A-4-A,109,1,工學院,EE,電機工程學系,F734,A,大學部,4,A,資料結構演算法與整合程式設計實務,3,選,33,28,,5,蕭培墉,L01-108,,,"2,3, 4",,,,,"[{""day"": 3, ""dayName"": ""星期三"", ""periods"": [""2"", ""3"", ""4""], ""raw"": ""2,3, 4""}]",限修,三AB、四AB、碩班合開；請安排圖資107或108電腦教室,https://course.nuk.edu.tw/QueryCourse/tcontent.asp?OpenYear=109&Helf=1&Sclass=EE&Cono=F734,2026-08-26T18:22:53+00:00
109-1-EE-F734-A-4-B,109,1,工學院,EE,電機工程學系,F734,A,大學部,4,B,資料結構演算法與整合程式設計實務,3,選,33,28,,5,蕭培墉,L01-108,,,"2,3, 4",,,,,"[{""day"": 3, ""dayName"": ""星期三"", ""periods"": [""2"", ""3"", ""4""], ""raw"": ""2,3, 4""}]",限修,三AB、四AB、碩班合開；請安排圖資107或108電腦教室,https://course.nuk.edu.tw/QueryCourse/tcontent.asp?OpenYear=109&Helf=1&Sclass=EE&Cono=F734,2026-08-26T18:22:53+00:00
109-1-EE-F963-A-4-A,109,1,工學院,EE,電機工程學系,F963,A,大學部,4,A,Java物件導向程式設計,3,選,50,8,,42,廖述銘,C01-104,"6,7, 8",,,,,,,"[{""day"": 1, ""dayName"": ""星期一"", ""periods"": [""6"", ""7"", ""8""], ""raw"": ""6,7, 8""}]",,二AB、三AB、四AB、碩班合開；請安排C01-104電腦教室,https://course.nuk.edu.tw/QueryCourse/tcontent.asp?OpenYear=109&Helf=1&Sclass=EE&Cono=F963,2026-08-26T18:22:53+00:00
109-1-EE-F963-A-4-B,109,1,工學院,EE,電機工程學系,F963,A,大學部,4,B,Java物件導向程式設計,3,選,50,8,,42,廖述銘,C01-104,"6,7, 8",,,,,,,"[{""day"": 1, ""dayName"": ""星期一"", ""periods"": [""6"", ""7"", ""8""], ""raw"": ""6,7, 8""}]",,四AB、碩班合開；請安排C01-104電腦教室,https://course.nuk.edu.tw/QueryCourse/tcontent.asp?OpenYear=109&Helf=1&Sclass=EE&Cono=F963,2026-08-26T18:22:53+00:00
109-1-EE-F965-A-4-A,109,1,工學院,EE,電機工程學系,F965,A,大學部,4,A,Java物件導向程式設計進階,3,選,50,5,,45,廖述銘,C01-104,,,,,"6,7, 8",,,"[{""day"": 5, ""dayName"": ""星期五"", ""periods"": [""6"", ""7"", ""8""], ""raw"": ""6,7, 8""}]",,二AB、三AB、四AB、碩班合開；請安排C01-104電腦教室,https://course.nuk.edu.tw/QueryCourse/tcontent.asp?OpenYear=109&Helf=1&Sclass=EE&Cono=F965,2026-08-26T18:22:53+00:00
109-1-EE-F965-A-4-B,109,1,工學院,EE,電機工程學系,F965,A,大學部,4,B,Java物件導向程式設計進階,3,選,50,5,,45,廖述銘,C01-104,,,,,"6,7, 8",,,"[{""day"": 5, ""dayName"": ""星期五"", ""periods"": [""6"", ""7"", ""8""], ""raw"": ""6,7, 8""}]",,四AB、碩班合開，使用工學院C01-104電腦教室,https://course.nuk.edu.tw/QueryCourse/tcontent.asp?OpenYear=109&Helf=1&Sclass=EE&Cono=F965,2026-08-26T18:22:53+00:00
109-1-EE-F981-A-4-A,109,1,工學院,EE,電機工程學系,F981,A,大學部,4,A,潔淨室製程技術,3,選,52,52,,0,施明昌,C01-B101-1,,"6,7, 8",,,,,,"[{""day"": 2, ""dayName"": ""星期二"", ""periods"": [""6"", ""7"", ""8""], ""raw"": ""6,7, 8""}]",外加,四AB、碩班合開,https://course.nuk.edu.tw/QueryCourse/tcontent.asp?OpenYear=109&Helf=1&Sclass=EE&Cono=F981,2026-08-26T18:22:53+00:00
109-1-EE-F981-A-4-B,109,1,工學院,EE,電機工程學系,F981,A,大學部,4,B,潔淨室製程技術,3,選,52,52,,0,施明昌,C01-B101-1,,"6,7, 8",,,,,,"[{""day"": 2, ""dayName"": ""星期二"", ""periods"": [""6"", ""7"", ""8""], ""raw"": ""6,7, 8""}]",外加,四AB、碩班合開,https://course.nuk.edu.tw/QueryCourse/tcontent.asp?OpenYear=109&Helf=1&Sclass=EE&Cono=F981,2026-08-26T18:22:53+00:00
109-1-EE-F992-A-4-A,109,1,工學院,EE,電機工程學系,F992,A,大學部,4,A,半導體元件物理,3,選,83,52,,31,藍文厚,C01-B104,,"10,11, 12",,,,,,"[{""day"": 2, ""dayName"": ""星期二"", ""periods"": [""10"", ""11"", ""12""], ""raw"": ""10,11, 12""}]",學程,半導體光電製程學程，四AB、碩班合開,https://course.nuk.edu.tw/QueryCourse/tcontent.asp?OpenYear=109&Helf=1&Sclass=EE&Cono=F992,2026-08-26T18:22:53+00:00
109-1-EE-F992-A-4-B,109,1,工學院,EE,電機工程學系,F992,A,大學部,4,B,半導體元件物理,3,選,83,52,,31,藍文厚,C01-B104,,"10,11, 12",,,,,,"[{""day"": 2, ""dayName"": ""星期二"", ""periods"": [""10"", ""11"", ""12""], ""raw"": ""10,11, 12""}]",學程,半導體光電製程學程，四AB、碩班合開,https://course.nuk.edu.tw/QueryCourse/tcontent.asp?OpenYear=109&Helf=1&Sclass=EE&Cono=F992,2026-08-26T18:22:53+00:00
109-1-EE-G593-A-4-A,109,1,工學院,EE,電機工程學系,G593,A,大學部,4,A,模糊與演化式計算,3,選,30,9,,21,賴智錦 歐陽振森,C01-104,,,,"2,3, 4",,,,"[{""day"": 4, ""dayName"": ""星期四"", ""periods"": [""2"", ""3"", ""4""], ""raw"": ""2,3, 4""}]",,(※四系合開:應數、資工、資管、電機，學生:大三、大四、碩士班)，歐陽振森老師與賴智錦老師共同授課。,https://course.nuk.edu.tw/QueryCourse/tcontent.asp?OpenYear=109&Helf=1&Sclass=EE&Cono=G593,2026-08-26T18:22:53+00:00
109-1-EE-G593-A-4-B,109,1,工學院,EE,電機工程學系,G593,A,大學部,4,B,模糊與演化式計算,3,選,30,9,,21,賴智錦 歐陽振森,C01-104,,,,"2,3, 4",,,,"[{""day"": 4, ""dayName"": ""星期四"", ""periods"": [""2"", ""3"", ""4""], ""raw"": ""2,3, 4""}]",,(※四系合開:應數、資工、資管、電機，學生:大三、大四、碩士班)，歐陽振森老師與賴智錦老師共同授課。,https://course.nuk.edu.tw/QueryCourse/tcontent.asp?OpenYear=109&Helf=1&Sclass=EE&Cono=G593,2026-08-26T18:22:53+00:00
109-1-EE-G695-A-4-A,109,1,工學院,EE,電機工程學系,G695,A,大學部,4,A,機器人影像控制技術,3,選,41,24,,17,吳志宏,C01-B101,,,,,"6,7, 8",,,"[{""day"": 5, ""dayName"": ""星期五"", ""periods"": [""6"", ""7"", ""8""], ""raw"": ""6,7, 8""}]",先修 外加,三AB、四AB、碩班合開,https://course.nuk.edu.tw/QueryCourse/tcontent.asp?OpenYear=109&Helf=1&Sclass=EE&Cono=G695,2026-08-26T18:22:53+00:00
109-1-EE-G695-A-4-B,109,1,工學院,EE,電機工程學系,G695,A,大學部,4,B,機器人影像控制技術,3,選,41,24,,17,吳志宏,C01-B101,,,,,"6,7, 8",,,"[{""day"": 5, ""dayName"": ""星期五"", ""periods"": [""6"", ""7"", ""8""], ""raw"": ""6,7, 8""}]",先修 外加,三AB、四AB、碩班合開,https://course.nuk.edu.tw/QueryCourse/tcontent.asp?OpenYear=109&Helf=1&Sclass=EE&Cono=G695,2026-08-26T18:22:53+00:00
109-1-EE-G70B-A-4-A,109,1,工學院,EE,電機工程學系,G70B,A,大學部,4,A,智慧生活空間資訊截取與運用效能化設計(II),3,選,61,61,,0,梁明正,C01-104,,"5,6, 7",,,,,,"[{""day"": 2, ""dayName"": ""星期二"", ""periods"": [""5"", ""6"", ""7""], ""raw"": ""5,6, 7""}]",,三AB、四AB、碩班合開，智慧生活整合創新學程,https://course.nuk.edu.tw/QueryCourse/tcontent.asp?OpenYear=109&Helf=1&Sclass=EE&Cono=G70B,2026-08-26T18:22:53+00:00
109-1-EE-G70B-A-4-B,109,1,工學院,EE,電機工程學系,G70B,A,大學部,4,B,智慧生活空間資訊截取與運用效能化設計(II),3,選,61,61,,0,梁明正,C01-104,,"5,6, 7",,,,,,"[{""day"": 2, ""dayName"": ""星期二"", ""periods"": [""5"", ""6"", ""7""], ""raw"": ""5,6, 7""}]",,三AB、四AB、碩班合開，智慧生活整合創新學程,https://course.nuk.edu.tw/QueryCourse/tcontent.asp?OpenYear=109&Helf=1&Sclass=EE&Cono=G70B,2026-08-26T18:22:53+00:00
109-1-EE-G712-A-4-A,109,1,工學院,EE,電機工程學系,G712,A,大學部,4,A,科技溝通,3,選,30,14,,16,張文騰,C01-414,"5,6, 7",,,,,,,"[{""day"": 1, ""dayName"": ""星期一"", ""periods"": [""5"", ""6"", ""7""], ""raw"": ""5,6, 7""}]",,三AB、四AB、碩班合開，全英語授課，優先安排C01-414教室,https://course.nuk.edu.tw/QueryCourse/tcontent.asp?OpenYear=109&Helf=1&Sclass=EE&Cono=G712,2026-08-26T18:22:53+00:00
109-1-EE-G712-A-4-B,109,1,工學院,EE,電機工程學系,G712,A,大學部,4,B,科技溝通,3,選,30,14,,16,張文騰,C01-414,"5,6, 7",,,,,,,"[{""day"": 1, ""dayName"": ""星期一"", ""periods"": [""5"", ""6"", ""7""], ""raw"": ""5,6, 7""}]",,三AB、四AB、碩班合開，全英語授課，優先安排C01-414教室,https://course.nuk.edu.tw/QueryCourse/tcontent.asp?OpenYear=109&Helf=1&Sclass=EE&Cono=G712,2026-08-26T18:22:53+00:00
109-1-EE-K57A-D-1-,109,1,工學院,EE,電機工程學系,K57A,D,博士班,1,,應用量子力學(一),3,選,40,5,,35,施明昌,C01-414,,,,"6,7, 8",,,,"[{""day"": 4, ""dayName"": ""星期四"", ""periods"": [""6"", ""7"", ""8""], ""raw"": ""6,7, 8""}]",,碩博合開,https://course.nuk.edu.tw/QueryCourse/tcontent.asp?OpenYear=109&Helf=1&Sclass=EE&Cono=K57A,2026-08-26T18:22:53+00:00
109-1-EE-K61D-D-1-,109,1,工學院,EE,電機工程學系,K61D,D,博士班,1,,機器學習專論(四),3,選,3,2,,1,吳志宏,C01-406-1,"10,11, 12",,,,,,,"[{""day"": 1, ""dayName"": ""星期一"", ""periods"": [""10"", ""11"", ""12""], ""raw"": ""10,11, 12""}]",先修,限博士班，使用C01-406-1實驗室,https://course.nuk.edu.tw/QueryCourse/tcontent.asp?OpenYear=109&Helf=1&Sclass=EE&Cono=K61D,2026-08-26T18:22:53+00:00
109-1-EE-K57A-D-2-,109,1,工學院,EE,電機工程學系,K57A,D,博士班,2,,應用量子力學(一),3,選,40,5,,35,施明昌,C01-414,,,,"6,7, 8",,,,"[{""day"": 4, ""dayName"": ""星期四"", ""periods"": [""6"", ""7"", ""8""], ""raw"": ""6,7, 8""}]",,碩博合開,https://course.nuk.edu.tw/QueryCourse/tcontent.asp?OpenYear=109&Helf=1&Sclass=EE&Cono=K57A,2026-08-26T18:22:53+00:00
109-1-EE-K61D-D-2-,109,1,工學院,EE,電機工程學系,K61D,D,博士班,2,,機器學習專論(四),3,選,3,2,,1,吳志宏,C01-406-1,"10,11, 12",,,,,,,"[{""day"": 1, ""dayName"": ""星期一"", ""periods"": [""10"", ""11"", ""12""], ""raw"": ""10,11, 12""}]",先修,限博士班，使用C01-406-1實驗室,https://course.nuk.edu.tw/QueryCourse/tcontent.asp?OpenYear=109&Helf=1&Sclass=EE&Cono=K61D,2026-08-26T18:22:53+00:00
109-1-EE-I012-J-1-,109,1,工學院,EE,電機工程學系,I012,J,產業碩士專班秋季班,1,,專題,1,必,40,34,,6,施明昌,C01-B105,,,,,5,,,"[{""day"": 5, ""dayName"": ""星期五"", ""periods"": [""5""], ""raw"": ""5""}]",限修,使用工院B1育成中心B105教室(限電機產碩班修課),https://course.nuk.edu.tw/QueryCourse/tcontent.asp?OpenYear=109&Helf=1&Sclass=EE&Cono=I012,2026-08-26T18:22:53+00:00
109-1-EE-I032-J-1-,109,1,工學院,EE,電機工程學系,I032,J,產業碩士專班秋季班,1,,國際商務英語(1),2,必,30,20,,10,黃蘭棻,C01-B105,,,"10,11",,,,,"[{""day"": 3, ""dayName"": ""星期三"", ""periods"": [""10"", ""11""], ""raw"": ""10,11""}]",,使用C01-B105(育成中心多媒體教室),https://course.nuk.edu.tw/QueryCourse/tcontent.asp?OpenYear=109&Helf=1&Sclass=EE&Cono=I032,2026-08-26T18:22:53+00:00
109-1-EE-I063-J-1-,109,1,工學院,EE,電機工程學系,I063,J,產業碩士專班秋季班,1,,機器學習,3,必,40,35,,5,黃勤鎰,C01-104,,"10,11, 12",,,,,,"[{""day"": 2, ""dayName"": ""星期二"", ""periods"": [""10"", ""11"", ""12""], ""raw"": ""10,11, 12""}]",,限電機系修課(使用C01-104電腦教室)，授課教師:黃勤鎰,https://course.nuk.edu.tw/QueryCourse/tcontent.asp?OpenYear=109&Helf=1&Sclass=EE&Cono=I063,2026-08-26T18:22:53+00:00
109-1-EE-I071-J-1-,109,1,工學院,EE,電機工程學系,I071,J,產業碩士專班秋季班,1,,C#程式語言,3,必,30,21,,9,宋杭融,C01-104,,,,"6,7, 8",,,,"[{""day"": 4, ""dayName"": ""星期四"", ""periods"": [""6"", ""7"", ""8""], ""raw"": ""6,7, 8""}]",限修,限電機系修課(使用C01-104電腦教室),https://course.nuk.edu.tw/QueryCourse/tcontent.asp?OpenYear=109&Helf=1&Sclass=EE&Cono=I071,2026-08-26T18:22:53+00:00
109-1-EE-I574-J-1-,109,1,工學院,EE,電機工程學系,I574,J,產業碩士專班秋季班,1,,統計分析與應用,3,選,30,21,,9,許湘伶,C01-B105,"10,11, 12",,,,,,,"[{""day"": 1, ""dayName"": ""星期一"", ""periods"": [""10"", ""11"", ""12""], ""raw"": ""10,11, 12""}]",,使用工院B1育成中心B105教室(限電機系修課),https://course.nuk.edu.tw/QueryCourse/tcontent.asp?OpenYear=109&Helf=1&Sclass=EE&Cono=I574,2026-08-26T18:22:53+00:00
109-1-EE-I012-J-2-,109,1,工學院,EE,電機工程學系,I012,J,產業碩士專班秋季班,2,,專題,1,必,40,34,,6,施明昌,C01-B105,,,,,5,,,"[{""day"": 5, ""dayName"": ""星期五"", ""periods"": [""5""], ""raw"": ""5""}]",限修,使用工院B1育成中心B105教室(限電機產碩班修課),https://course.nuk.edu.tw/QueryCourse/tcontent.asp?OpenYear=109&Helf=1&Sclass=EE&Cono=I012,2026-08-26T18:22:53+00:00
109-1-EE-I063-J-2-,109,1,工學院,EE,電機工程學系,I063,J,產業碩士專班秋季班,2,,機器學習,3,必,40,35,,5,黃勤鎰,C01-104,,"10,11, 12",,,,,,"[{""day"": 2, ""dayName"": ""星期二"", ""periods"": [""10"", ""11"", ""12""], ""raw"": ""10,11, 12""}]",,限電機系修課(使用C01-104電腦教室)，授課教師:黃勤鎰,https://course.nuk.edu.tw/QueryCourse/tcontent.asp?OpenYear=109&Helf=1&Sclass=EE&Cono=I063,2026-08-26T18:22:53+00:00
109-1-EE-I574-J-2-,109,1,工學院,EE,電機工程學系,I574,J,產業碩士專班秋季班,2,,統計分析與應用,3,選,30,21,,9,許湘伶,C01-B105,"10,11, 12",,,,,,,"[{""day"": 1, ""dayName"": ""星期一"", ""periods"": [""10"", ""11"", ""12""], ""raw"": ""10,11, 12""}]",,使用工院B1育成中心B105教室,https://course.nuk.edu.tw/QueryCourse/tcontent.asp?OpenYear=109&Helf=1&Sclass=EE&Cono=I574,2026-08-26T18:22:53+00:00
109-1-EE-T513-L-1-,109,1,工學院,EE,電機工程學系,T513,L,碩士在職專班,1,,積體電路製程技術,3,選,30,19,,11,葉文冠,C01-B101,,,,"10,11, 12",,,,"[{""day"": 4, ""dayName"": ""星期四"", ""periods"": [""10"", ""11"", ""12""], ""raw"": ""10,11, 12""}]",,碩專一二合開,https://course.nuk.edu.tw/QueryCourse/tcontent.asp?OpenYear=109&Helf=1&Sclass=EE&Cono=T513,2026-08-26T18:22:53+00:00
109-1-EE-T514-L-1-,109,1,工學院,EE,電機工程學系,T514,L,碩士在職專班,1,,積體電路設計與實習,3,選,61,30,,31,洪進華,C01-201,,,"10,11, 12",,,,,"[{""day"": 3, ""dayName"": ""星期三"", ""periods"": [""10"", ""11"", ""12""], ""raw"": ""10,11, 12""}]",外加,碩專一二合開；使用C01-201實驗室,https://course.nuk.edu.tw/QueryCourse/tcontent.asp?OpenYear=109&Helf=1&Sclass=EE&Cono=T514,2026-08-26T18:22:53+00:00
109-1-EE-T515-L-1-,109,1,工學院,EE,電機工程學系,T515,L,碩士在職專班,1,,數位積體電路設計,3,選,30,11,,19,陳春僥,c01 其他教室,"10,11, 12",,,,,,,"[{""day"": 1, ""dayName"": ""星期一"", ""periods"": [""10"", ""11"", ""12""], ""raw"": ""10,11, 12""}]",,碩專一二合開；上課教室改為工學院302-1,https://course.nuk.edu.tw/QueryCourse/tcontent.asp?OpenYear=109&Helf=1&Sclass=EE&Cono=T515,2026-08-26T18:22:53+00:00
109-1-EE-T523-L-1-,109,1,工學院,EE,電機工程學系,T523,L,碩士在職專班,1,,嵌入式程式設計,3,選,30,14,,16,蕭培墉,L01-107,,"10,11, 12",,,,,,"[{""day"": 2, ""dayName"": ""星期二"", ""periods"": [""10"", ""11"", ""12""], ""raw"": ""10,11, 12""}]",限修,碩專一二合開；使用圖資107或108電腦教室,https://course.nuk.edu.tw/QueryCourse/tcontent.asp?OpenYear=109&Helf=1&Sclass=EE&Cono=T523,2026-08-26T18:22:53+00:00
109-1-EE-T572-L-1-,109,1,工學院,EE,電機工程學系,T572,L,碩士在職專班,1,,綠能技術與系統,3,選,30,8,,22,梁明正,C01-B101,,,,,"10,11, 12",,,"[{""day"": 5, ""dayName"": ""星期五"", ""periods"": [""10"", ""11"", ""12""], ""raw"": ""10,11, 12""}]",,碩專一二合開,https://course.nuk.edu.tw/QueryCourse/tcontent.asp?OpenYear=109&Helf=1&Sclass=EE&Cono=T572,2026-08-26T18:22:53+00:00
109-1-EE-T513-L-2-,109,1,工學院,EE,電機工程學系,T513,L,碩士在職專班,2,,積體電路製程技術,3,選,30,19,,11,葉文冠,C01-B101,,,,"10,11, 12",,,,"[{""day"": 4, ""dayName"": ""星期四"", ""periods"": [""10"", ""11"", ""12""], ""raw"": ""10,11, 12""}]",,碩專一二合開,https://course.nuk.edu.tw/QueryCourse/tcontent.asp?OpenYear=109&Helf=1&Sclass=EE&Cono=T513,2026-08-26T18:22:53+00:00
109-1-EE-T514-L-2-,109,1,工學院,EE,電機工程學系,T514,L,碩士在職專班,2,,積體電路設計與實習,3,選,61,30,,31,洪進華,C01-201,,,"10,11, 12",,,,,"[{""day"": 3, ""dayName"": ""星期三"", ""periods"": [""10"", ""11"", ""12""], ""raw"": ""10,11, 12""}]",,碩專一二合開；使用C01-201實驗室,https://course.nuk.edu.tw/QueryCourse/tcontent.asp?OpenYear=109&Helf=1&Sclass=EE&Cono=T514,2026-08-26T18:22:53+00:00
109-1-EE-T515-L-2-,109,1,工學院,EE,電機工程學系,T515,L,碩士在職專班,2,,數位積體電路設計,3,選,30,11,,19,陳春僥,c01 其他教室,"10,11, 12",,,,,,,"[{""day"": 1, ""dayName"": ""星期一"", ""periods"": [""10"", ""11"", ""12""], ""raw"": ""10,11, 12""}]",,碩專一二合開 上課教室改為工學院302-1,https://course.nuk.edu.tw/QueryCourse/tcontent.asp?OpenYear=109&Helf=1&Sclass=EE&Cono=T515,2026-08-26T18:22:53+00:00
109-1-EE-T523-L-2-,109,1,工學院,EE,電機工程學系,T523,L,碩士在職專班,2,,嵌入式程式設計,3,選,30,14,,16,蕭培墉,L01-107,,"10,11, 12",,,,,,"[{""day"": 2, ""dayName"": ""星期二"", ""periods"": [""10"", ""11"", ""12""], ""raw"": ""10,11, 12""}]",,碩專一二合開；使用圖資107或108電腦教室,https://course.nuk.edu.tw/QueryCourse/tcontent.asp?OpenYear=109&Helf=1&Sclass=EE&Cono=T523,2026-08-26T18:22:53+00:00
109-1-EE-T572-L-2-,109,1,工學院,EE,電機工程學系,T572,L,碩士在職專班,2,,綠能技術與系統,3,選,30,8,,22,梁明正,C01-B101,,,,,"10,11, 12",,,"[{""day"": 5, ""dayName"": ""星期五"", ""periods"": [""10"", ""11"", ""12""], ""raw"": ""10,11, 12""}]",,碩專一二合開,https://course.nuk.edu.tw/QueryCourse/tcontent.asp?OpenYear=109&Helf=1&Sclass=EE&Cono=T572,2026-08-26T18:22:53+00:00
109-1-EE-F533-M-1-,109,1,工學院,EE,電機工程學系,F533,M,碩士班,1,,天線原理與設計,3,選,70,44,,26,梁明正,C01-B101-1,"2,3, 4",,,,,,,"[{""day"": 1, ""dayName"": ""星期一"", ""periods"": [""2"", ""3"", ""4""], ""raw"": ""2,3, 4""}]",,四AB、碩班合開,https://course.nuk.edu.tw/QueryCourse/tcontent.asp?OpenYear=109&Helf=1&Sclass=EE&Cono=F533,2026-08-26T18:22:53+00:00
109-1-EE-F541-M-1-,109,1,工學院,EE,電機工程學系,F541,M,碩士班,1,,綠能技術與系統,3,選,70,36,,34,梁明正,C01-B101-1,"5,6, 7",,,,,,,"[{""day"": 1, ""dayName"": ""星期一"", ""periods"": [""5"", ""6"", ""7""], ""raw"": ""5,6, 7""}]",學程,"創新學院、四AB、碩班合開,綠能永續科技人才培育學程,再生能源科技管理與應用微學程",https://course.nuk.edu.tw/QueryCourse/tcontent.asp?OpenYear=109&Helf=1&Sclass=EE&Cono=F541,2026-08-26T18:22:53+00:00
109-1-EE-F597-M-1-,109,1,工學院,EE,電機工程學系,F597,M,碩士班,1,,微波無線系統導論,3,選,47,44,,3,一心,B01-104 其他教室,,,"2,3, 4",,,,,"[{""day"": 3, ""dayName"": ""星期三"", ""periods"": [""2"", ""3"", ""4""], ""raw"": ""2,3, 4""}]",外加,射頻主動電路先修課程。 三AB、四AB、碩班合開，請安排C01-104電腦教室與一般教室,https://course.nuk.edu.tw/QueryCourse/tcontent.asp?OpenYear=109&Helf=1&Sclass=EE&Cono=F597,2026-08-26T18:22:53+00:00
109-1-EE-F615-M-1-,109,1,工學院,EE,電機工程學系,F615,M,碩士班,1,,半導體雷射,3,選,40,6,,34,馮瑞陽,C01-B101,,,,"2,3, 4",,,,"[{""day"": 4, ""dayName"": ""星期四"", ""periods"": [""2"", ""3"", ""4""], ""raw"": ""2,3, 4""}]",,三AB、四AB、碩班合開,https://course.nuk.edu.tw/QueryCourse/tcontent.asp?OpenYear=109&Helf=1&Sclass=EE&Cono=F615,2026-08-26T18:22:53+00:00
109-1-EE-F622-M-1-,109,1,工學院,EE,電機工程學系,F622,M,碩士班,1,,半導體封裝與趨勢發展,3,選,70,62,,8,王陳肇,C01-B103,,"10,11, 12",,,,,,"[{""day"": 2, ""dayName"": ""星期二"", ""periods"": [""10"", ""11"", ""12""], ""raw"": ""10,11, 12""}]",學程,半導體光電製程學程，四AB、碩班合開,https://course.nuk.edu.tw/QueryCourse/tcontent.asp?OpenYear=109&Helf=1&Sclass=EE&Cono=F622,2026-08-26T18:22:53+00:00
109-1-EE-F623-M-1-,109,1,工學院,EE,電機工程學系,F623,M,碩士班,1,,半導體製作與量測,3,選,32,27,,5,張文騰,C01-414,,,"2,3, 4",,,,,"[{""day"": 3, ""dayName"": ""星期三"", ""periods"": [""2"", ""3"", ""4""], ""raw"": ""2,3, 4""}]",外加,三AB、四AB、碩班合開，全英語授課，優先安排C01-414教室,https://course.nuk.edu.tw/QueryCourse/tcontent.asp?OpenYear=109&Helf=1&Sclass=EE&Cono=F623,2026-08-26T18:22:53+00:00
109-1-EE-F654-M-1-,109,1,工學院,EE,電機工程學系,F654,M,碩士班,1,,光電子學(一),3,選,40,10,,30,馮瑞陽,C01-B101,"2,3, 4",,,,,,,"[{""day"": 1, ""dayName"": ""星期一"", ""periods"": [""2"", ""3"", ""4""], ""raw"": ""2,3, 4""}]",,三AB、四AB、碩班合開,https://course.nuk.edu.tw/QueryCourse/tcontent.asp?OpenYear=109&Helf=1&Sclass=EE&Cono=F654,2026-08-26T18:22:53+00:00
109-1-EE-F733-M-1-,109,1,工學院,EE,電機工程學系,F733,M,碩士班,1,,資料探勘導論,3,選,40,35,,5,李錫智 吳志宏,C01-B101-1,,,"7,8, 9",,,,,"[{""day"": 3, ""dayName"": ""星期三"", ""periods"": [""7"", ""8"", ""9""], ""raw"": ""7,8, 9""}]",,3AB、4AB、碩班合開；安排工學院B101-1教室,https://course.nuk.edu.tw/QueryCourse/tcontent.asp?OpenYear=109&Helf=1&Sclass=EE&Cono=F733,2026-08-26T18:22:53+00:00
109-1-EE-F734-M-1-,109,1,工學院,EE,電機工程學系,F734,M,碩士班,1,,資料結構演算法與整合程式設計實務,3,選,33,28,,5,蕭培墉,L01-108,,,"2,3, 4",,,,,"[{""day"": 3, ""dayName"": ""星期三"", ""periods"": [""2"", ""3"", ""4""], ""raw"": ""2,3, 4""}]",限修,三AB、四AB、碩班合開；請安排圖資107或108電腦教室,https://course.nuk.edu.tw/QueryCourse/tcontent.asp?OpenYear=109&Helf=1&Sclass=EE&Cono=F734,2026-08-26T18:22:53+00:00
109-1-EE-F963-M-1-,109,1,工學院,EE,電機工程學系,F963,M,碩士班,1,,Java物件導向程式設計,3,選,50,8,,42,廖述銘,C01-104,"6,7, 8",,,,,,,"[{""day"": 1, ""dayName"": ""星期一"", ""periods"": [""6"", ""7"", ""8""], ""raw"": ""6,7, 8""}]",,二AB、三AB、四AB、碩班合開；請安排C01-104電腦教室,https://course.nuk.edu.tw/QueryCourse/tcontent.asp?OpenYear=109&Helf=1&Sclass=EE&Cono=F963,2026-08-26T18:22:53+00:00
109-1-EE-F965-M-1-,109,1,工學院,EE,電機工程學系,F965,M,碩士班,1,,Java物件導向程式設計進階,3,選,50,5,,45,廖述銘,C01-104,,,,,"6,7, 8",,,"[{""day"": 5, ""dayName"": ""星期五"", ""periods"": [""6"", ""7"", ""8""], ""raw"": ""6,7, 8""}]",,二AB、三AB、四AB、碩班合開；請安排C01-104電腦教室,https://course.nuk.edu.tw/QueryCourse/tcontent.asp?OpenYear=109&Helf=1&Sclass=EE&Cono=F965,2026-08-26T18:22:53+00:00
109-1-EE-F981-M-1-,109,1,工學院,EE,電機工程學系,F981,M,碩士班,1,,潔淨室製程技術,3,選,52,52,,0,施明昌,C01-B101-1,,"6,7, 8",,,,,,"[{""day"": 2, ""dayName"": ""星期二"", ""periods"": [""6"", ""7"", ""8""], ""raw"": ""6,7, 8""}]",限修及外加,四AB、碩班合開,https://course.nuk.edu.tw/QueryCourse/tcontent.asp?OpenYear=109&Helf=1&Sclass=EE&Cono=F981,2026-08-26T18:22:53+00:00
109-1-EE-F992-M-1-,109,1,工學院,EE,電機工程學系,F992,M,碩士班,1,,半導體元件物理,3,選,83,52,,31,藍文厚,C01-B104,,"10,11, 12",,,,,,"[{""day"": 2, ""dayName"": ""星期二"", ""periods"": [""10"", ""11"", ""12""], ""raw"": ""10,11, 12""}]",學程,半導體光電製程學程，四AB、碩班合開,https://course.nuk.edu.tw/QueryCourse/tcontent.asp?OpenYear=109&Helf=1&Sclass=EE&Cono=F992,2026-08-26T18:22:53+00:00
109-1-EE-G593-M-1-,109,1,工學院,EE,電機工程學系,G593,M,碩士班,1,,模糊與演化式計算,3,選,30,9,,21,賴智錦 歐陽振森,C01-104,,,,"2,3, 4",,,,"[{""day"": 4, ""dayName"": ""星期四"", ""periods"": [""2"", ""3"", ""4""], ""raw"": ""2,3, 4""}]",,(※四系合開:應數、資工、資管、電機，學生:大三、大四、碩士班)，歐陽振森老師與賴智錦老師共同授課。,https://course.nuk.edu.tw/QueryCourse/tcontent.asp?OpenYear=109&Helf=1&Sclass=EE&Cono=G593,2026-08-26T18:22:53+00:00
109-1-EE-G695-M-1-,109,1,工學院,EE,電機工程學系,G695,M,碩士班,1,,機器人影像控制技術,3,選,41,24,,17,吳志宏,C01-B101,,,,,"6,7, 8",,,"[{""day"": 5, ""dayName"": ""星期五"", ""periods"": [""6"", ""7"", ""8""], ""raw"": ""6,7, 8""}]",先修 外加,三AB、四AB、碩班合開,https://course.nuk.edu.tw/QueryCourse/tcontent.asp?OpenYear=109&Helf=1&Sclass=EE&Cono=G695,2026-08-26T18:22:53+00:00
109-1-EE-G70B-M-1-,109,1,工學院,EE,電機工程學系,G70B,M,碩士班,1,,智慧生活空間資訊截取與運用效能化設計(II),3,選,61,61,,0,梁明正,C01-104,,"5,6, 7",,,,,,"[{""day"": 2, ""dayName"": ""星期二"", ""periods"": [""5"", ""6"", ""7""], ""raw"": ""5,6, 7""}]",,三AB、四AB、碩班合開，智慧生活整合創新學程,https://course.nuk.edu.tw/QueryCourse/tcontent.asp?OpenYear=109&Helf=1&Sclass=EE&Cono=G70B,2026-08-26T18:22:53+00:00
109-1-EE-G712-M-1-,109,1,工學院,EE,電機工程學系,G712,M,碩士班,1,,科技溝通,3,選,30,14,,16,張文騰,C01-414,"5,6, 7",,,,,,,"[{""day"": 1, ""dayName"": ""星期一"", ""periods"": [""5"", ""6"", ""7""], ""raw"": ""5,6, 7""}]",,三AB、四AB、碩班合開，全英語授課，優先安排C01-414教室,https://course.nuk.edu.tw/QueryCourse/tcontent.asp?OpenYear=109&Helf=1&Sclass=EE&Cono=G712,2026-08-26T18:22:53+00:00
109-1-EE-K001-M-1-,109,1,工學院,EE,電機工程學系,K001,M,碩士班,1,,專題討論,0,必,65,60,,5,梁明正 廖述銘,C01-114,,,"5,6",,,,,"[{""day"": 3, ""dayName"": ""星期三"", ""periods"": [""5"", ""6""], ""raw"": ""5,6""}]",,碩博合開，使用工學院114演講廳,https://course.nuk.edu.tw/QueryCourse/tcontent.asp?OpenYear=109&Helf=1&Sclass=EE&Cono=K001,2026-08-26T18:22:53+00:00
109-1-EE-K57A-M-1-,109,1,工學院,EE,電機工程學系,K57A,M,碩士班,1,,應用量子力學(一),3,選,40,5,,35,施明昌,C01-414,,,,"6,7, 8",,,,"[{""day"": 4, ""dayName"": ""星期四"", ""periods"": [""6"", ""7"", ""8""], ""raw"": ""6,7, 8""}]",,碩博合開,https://course.nuk.edu.tw/QueryCourse/tcontent.asp?OpenYear=109&Helf=1&Sclass=EE&Cono=K57A,2026-08-26T18:22:53+00:00
109-1-EE-F533-M-2-,109,1,工學院,EE,電機工程學系,F533,M,碩士班,2,,天線原理與設計,3,選,70,44,,26,梁明正,C01-B101-1,"2,3, 4",,,,,,,"[{""day"": 1, ""dayName"": ""星期一"", ""periods"": [""2"", ""3"", ""4""], ""raw"": ""2,3, 4""}]",,四AB、碩班合開,https://course.nuk.edu.tw/QueryCourse/tcontent.asp?OpenYear=109&Helf=1&Sclass=EE&Cono=F533,2026-08-26T18:22:53+00:00
109-1-EE-F541-M-2-,109,1,工學院,EE,電機工程學系,F541,M,碩士班,2,,綠能技術與系統,3,選,70,36,,34,梁明正,C01-B101-1,"5,6, 7",,,,,,,"[{""day"": 1, ""dayName"": ""星期一"", ""periods"": [""5"", ""6"", ""7""], ""raw"": ""5,6, 7""}]",學程,"創新學院、四AB、碩班合開,綠能永續科技人才培育學程,再生能源科技管理與應用微學程",https://course.nuk.edu.tw/QueryCourse/tcontent.asp?OpenYear=109&Helf=1&Sclass=EE&Cono=F541,2026-08-26T18:22:53+00:00
109-1-EE-F597-M-2-,109,1,工學院,EE,電機工程學系,F597,M,碩士班,2,,微波無線系統導論,3,選,47,44,,3,一心,B01-104 其他教室,,,"2,3, 4",,,,,"[{""day"": 3, ""dayName"": ""星期三"", ""periods"": [""2"", ""3"", ""4""], ""raw"": ""2,3, 4""}]",外加,射頻主動電路先修課程。 三AB、四AB、碩班合開，,https://course.nuk.edu.tw/QueryCourse/tcontent.asp?OpenYear=109&Helf=1&Sclass=EE&Cono=F597,2026-08-26T18:22:53+00:00
109-1-EE-F615-M-2-,109,1,工學院,EE,電機工程學系,F615,M,碩士班,2,,半導體雷射,3,選,40,6,,34,馮瑞陽,C01-B101,,,,"2,3, 4",,,,"[{""day"": 4, ""dayName"": ""星期四"", ""periods"": [""2"", ""3"", ""4""], ""raw"": ""2,3, 4""}]",,三AB、四AB、碩班合開,https://course.nuk.edu.tw/QueryCourse/tcontent.asp?OpenYear=109&Helf=1&Sclass=EE&Cono=F615,2026-08-26T18:22:53+00:00
109-1-EE-F622-M-2-,109,1,工學院,EE,電機工程學系,F622,M,碩士班,2,,半導體封裝與趨勢發展,3,選,70,62,,8,王陳肇,C01-B103,,"10,11, 12",,,,,,"[{""day"": 2, ""dayName"": ""星期二"", ""periods"": [""10"", ""11"", ""12""], ""raw"": ""10,11, 12""}]",學程,半導體光電製程學程，四AB、碩班合開,https://course.nuk.edu.tw/QueryCourse/tcontent.asp?OpenYear=109&Helf=1&Sclass=EE&Cono=F622,2026-08-26T18:22:53+00:00
109-1-EE-F623-M-2-,109,1,工學院,EE,電機工程學系,F623,M,碩士班,2,,半導體製作與量測,3,選,32,27,,5,張文騰,C01-414,,,"2,3, 4",,,,,"[{""day"": 3, ""dayName"": ""星期三"", ""periods"": [""2"", ""3"", ""4""], ""raw"": ""2,3, 4""}]",外加,三AB、四AB、碩班合開，全英語授課，優先安排C01-414教室,https://course.nuk.edu.tw/QueryCourse/tcontent.asp?OpenYear=109&Helf=1&Sclass=EE&Cono=F623,2026-08-26T18:22:53+00:00
109-1-EE-F654-M-2-,109,1,工學院,EE,電機工程學系,F654,M,碩士班,2,,光電子學(一),3,選,40,10,,30,馮瑞陽,C01-B101,"2,3, 4",,,,,,,"[{""day"": 1, ""dayName"": ""星期一"", ""periods"": [""2"", ""3"", ""4""], ""raw"": ""2,3, 4""}]",,三AB、四AB、碩班合開,https://course.nuk.edu.tw/QueryCourse/tcontent.asp?OpenYear=109&Helf=1&Sclass=EE&Cono=F654,2026-08-26T18:22:53+00:00
109-1-EE-F733-M-2-,109,1,工學院,EE,電機工程學系,F733,M,碩士班,2,,資料探勘導論,3,選,40,35,,5,李錫智 吳志宏,C01-B101-1,,,"7,8, 9",,,,,"[{""day"": 3, ""dayName"": ""星期三"", ""periods"": [""7"", ""8"", ""9""], ""raw"": ""7,8, 9""}]",,3AB、4AB、碩班合開；安排工學院B101-1教室,https://course.nuk.edu.tw/QueryCourse/tcontent.asp?OpenYear=109&Helf=1&Sclass=EE&Cono=F733,2026-08-26T18:22:53+00:00
109-1-EE-F734-M-2-,109,1,工學院,EE,電機工程學系,F734,M,碩士班,2,,資料結構演算法與整合程式設計實務,3,選,33,28,,5,蕭培墉,L01-108,,,"2,3, 4",,,,,"[{""day"": 3, ""dayName"": ""星期三"", ""periods"": [""2"", ""3"", ""4""], ""raw"": ""2,3, 4""}]",限修,三AB、四AB、碩班合開；,https://course.nuk.edu.tw/QueryCourse/tcontent.asp?OpenYear=109&Helf=1&Sclass=EE&Cono=F734,2026-08-26T18:22:53+00:00
109-1-EE-F963-M-2-,109,1,工學院,EE,電機工程學系,F963,M,碩士班,2,,Java物件導向程式設計,3,選,50,8,,42,廖述銘,C01-104,"6,7, 8",,,,,,,"[{""day"": 1, ""dayName"": ""星期一"", ""periods"": [""6"", ""7"", ""8""], ""raw"": ""6,7, 8""}]",,二AB、三AB、四AB、碩班合開；請安排C01-104電腦教室,https://course.nuk.edu.tw/QueryCourse/tcontent.asp?OpenYear=109&Helf=1&Sclass=EE&Cono=F963,2026-08-26T18:22:53+00:00
109-1-EE-F965-M-2-,109,1,工學院,EE,電機工程學系,F965,M,碩士班,2,,Java物件導向程式設計進階,3,選,50,5,,45,廖述銘,C01-104,,,,,"6,7, 8",,,"[{""day"": 5, ""dayName"": ""星期五"", ""periods"": [""6"", ""7"", ""8""], ""raw"": ""6,7, 8""}]",,二AB、三AB、四AB、碩班合開；請安排C01-104電腦教室,https://course.nuk.edu.tw/QueryCourse/tcontent.asp?OpenYear=109&Helf=1&Sclass=EE&Cono=F965,2026-08-26T18:22:53+00:00
109-1-EE-F981-M-2-,109,1,工學院,EE,電機工程學系,F981,M,碩士班,2,,潔淨室製程技術,3,選,52,52,,0,施明昌,C01-B101-1,,"6,7, 8",,,,,,"[{""day"": 2, ""dayName"": ""星期二"", ""periods"": [""6"", ""7"", ""8""], ""raw"": ""6,7, 8""}]",,四AB、碩班合開,https://course.nuk.edu.tw/QueryCourse/tcontent.asp?OpenYear=109&Helf=1&Sclass=EE&Cono=F981,2026-08-26T18:22:53+00:00
109-1-EE-F992-M-2-,109,1,工學院,EE,電機工程學系,F992,M,碩士班,2,,半導體元件物理,3,選,83,52,,31,藍文厚,C01-B104,,"10,11, 12",,,,,,"[{""day"": 2, ""dayName"": ""星期二"", ""periods"": [""10"", ""11"", ""12""], ""raw"": ""10,11, 12""}]",學程,半導體光電製程學程，四AB、碩班合開,https://course.nuk.edu.tw/QueryCourse/tcontent.asp?OpenYear=109&Helf=1&Sclass=EE&Cono=F992,2026-08-26T18:22:53+00:00
109-1-EE-G593-M-2-,109,1,工學院,EE,電機工程學系,G593,M,碩士班,2,,模糊與演化式計算,3,選,30,9,,21,賴智錦 歐陽振森,C01-104,,,,"2,3, 4",,,,"[{""day"": 4, ""dayName"": ""星期四"", ""periods"": [""2"", ""3"", ""4""], ""raw"": ""2,3, 4""}]",,(※四系合開:應數、資工、資管、電機，學生:大三、大四、碩士班)，歐陽振森老師與賴智錦老師共同授課。,https://course.nuk.edu.tw/QueryCourse/tcontent.asp?OpenYear=109&Helf=1&Sclass=EE&Cono=G593,2026-08-26T18:22:53+00:00
109-1-EE-G695-M-2-,109,1,工學院,EE,電機工程學系,G695,M,碩士班,2,,機器人影像控制技術,3,選,41,24,,17,吳志宏,C01-B101,,,,,"6,7, 8",,,"[{""day"": 5, ""dayName"": ""星期五"", ""periods"": [""6"", ""7"", ""8""], ""raw"": ""6,7, 8""}]",先修 外加,三AB、四AB、碩班合開,https://course.nuk.edu.tw/QueryCourse/tcontent.asp?OpenYear=109&Helf=1&Sclass=EE&Cono=G695,2026-08-26T18:22:53+00:00
109-1-EE-G70B-M-2-,109,1,工學院,EE,電機工程學系,G70B,M,碩士班,2,,智慧生活空間資訊截取與運用效能化設計(II),3,選,61,61,,0,梁明正,C01-104,,"5,6, 7",,,,,,"[{""day"": 2, ""dayName"": ""星期二"", ""periods"": [""5"", ""6"", ""7""], ""raw"": ""5,6, 7""}]",,三AB、四AB、碩班合開，智慧生活整合創新學程,https://course.nuk.edu.tw/QueryCourse/tcontent.asp?OpenYear=109&Helf=1&Sclass=EE&Cono=G70B,2026-08-26T18:22:53+00:00
109-1-EE-G712-M-2-,109,1,工學院,EE,電機工程學系,G712,M,碩士班,2,,科技溝通,3,選,30,14,,16,張文騰,C01-414,"5,6, 7",,,,,,,"[{""day"": 1, ""dayName"": ""星期一"", ""periods"": [""5"", ""6"", ""7""], ""raw"": ""5,6, 7""}]",,三AB、四AB、碩班合開，全英語授課，優先安排C01-414教室,https://course.nuk.edu.tw/QueryCourse/tcontent.asp?OpenYear=109&Helf=1&Sclass=EE&Cono=G712,2026-08-26T18:22:53+00:00
109-1-EE-K001-M-2-,109,1,工學院,EE,電機工程學系,K001,M,碩士班,2,,專題討論,0,必,65,60,,5,梁明正 廖述銘,C01-114,,,"5,6",,,,,"[{""day"": 3, ""dayName"": ""星期三"", ""periods"": [""5"", ""6""], ""raw"": ""5,6""}]",,碩博合開，使用工學院114演講廳,https://course.nuk.edu.tw/QueryCourse/tcontent.asp?OpenYear=109&Helf=1&Sclass=EE&Cono=K001,2026-08-26T18:22:53+00:00
109-1-EE-K57A-M-2-,109,1,工學院,EE,電機工程學系,K57A,M,碩士班,2,,應用量子力學(一),3,選,40,5,,35,施明昌,C01-414,,,,"6,7, 8",,,,"[{""day"": 4, ""dayName"": ""星期四"", ""periods"": [""6"", ""7"", ""8""], ""raw"": ""6,7, 8""}]",,碩博合開,https://course.nuk.edu.tw/QueryCourse/tcontent.asp?OpenYear=109&Helf=1&Sclass=EE&Cono=K57A,2026-08-26T18:22:53+00:00
109-1-FL-A01A-A-1-A,109,1,法學院,FL,財經法律學系,A01A,A,大學部,1,A,憲法(一),2,必,65,64,,1,簡玉聰,L02-107,,"3,4",,,,,,"[{""day"": 2, ""dayName"": ""星期二"", ""periods"": [""3"", ""4""], ""raw"": ""3,4""}]",,,https://course.nuk.edu.tw/QueryCourse/tcontent.asp?OpenYear=109&Helf=1&Sclass=FL&Cono=A01A,2026-08-26T18:22:53+00:00
109-1-FL-A03A-A-1-A,109,1,法學院,FL,財經法律學系,A03A,A,大學部,1,A,刑法總則(一),3,必,51,46,,5,謝開平,L02-107,,"5,6",,,"5,6",,,"[{""day"": 2, ""dayName"": ""星期二"", ""periods"": [""5"", ""6""], ""raw"": ""5,6""}, {""day"": 5, ""dayName"": ""星期五"", ""periods"": [""5"", ""6""], ""raw"": ""5,6""}]",限修,限財法大學部一、二、三年級學生選修。週二5.6節課程為隔週上課。第一次上課時間為109.09.18。,https://course.nuk.edu.tw/QueryCourse/tcontent.asp?OpenYear=109&Helf=1&Sclass=FL&Cono=A03A,2026-08-26T18:22:53+00:00
109-1-FL-A061-A-1-A,109,1,法學院,FL,財經法律學系,A061,A,大學部,1,A,會計學,3,必,60,56,,4,吳怡慧,L02-201,,,"2,3, 4",,,,,"[{""day"": 3, ""dayName"": ""星期三"", ""periods"": [""2"", ""3"", ""4""], ""raw"": ""2,3, 4""}]",,,https://course.nuk.edu.tw/QueryCourse/tcontent.asp?OpenYear=109&Helf=1&Sclass=FL&Cono=A061,2026-08-26T18:22:53+00:00
109-1-FL-A21A-A-1-A,109,1,法學院,FL,財經法律學系,A21A,A,大學部,1,A,民法總則(一),2,必,65,62,,3,陳月端,L02-202,,,,"5,6",,,,"[{""day"": 4, ""dayName"": ""星期四"", ""periods"": [""5"", ""6""], ""raw"": ""5,6""}]",外加,1091109起由邱泰錄法官代課,https://course.nuk.edu.tw/QueryCourse/tcontent.asp?OpenYear=109&Helf=1&Sclass=FL&Cono=A21A,2026-08-26T18:22:53+00:00
109-1-FL-A171-A-2-A,109,1,法學院,FL,財經法律學系,A171,A,大學部,2,A,民法物權(一),2,必,60,52,,8,曾千娟,L02-108,,,"3,4",,,,,"[{""day"": 3, ""dayName"": ""星期三"", ""periods"": [""3"", ""4""], ""raw"": ""3,4""}]",,,https://course.nuk.edu.tw/QueryCourse/tcontent.asp?OpenYear=109&Helf=1&Sclass=FL&Cono=A171,2026-08-26T18:22:53+00:00
109-1-FL-A19A-A-2-A,109,1,法學院,FL,財經法律學系,A19A,A,大學部,2,A,行政法總論(一),3,必,61,60,,1,簡玉聰,L02-108,,"5,6, 7",,,,,,"[{""day"": 2, ""dayName"": ""星期二"", ""periods"": [""5"", ""6"", ""7""], ""raw"": ""5,6, 7""}]",外加,,https://course.nuk.edu.tw/QueryCourse/tcontent.asp?OpenYear=109&Helf=1&Sclass=FL&Cono=A19A,2026-08-26T18:22:53+00:00
109-1-FL-A201-A-2-A,109,1,法學院,FL,財經法律學系,A201,A,大學部,2,A,民法債編總論(一),3,必,50,48,,2,陳月端,L02-415-1,,"2,3, 4",,,,,,"[{""day"": 2, ""dayName"": ""星期二"", ""periods"": [""2"", ""3"", ""4""], ""raw"": ""2,3, 4""}]",,1091109起由政法李淑如老師代課,https://course.nuk.edu.tw/QueryCourse/tcontent.asp?OpenYear=109&Helf=1&Sclass=FL&Cono=A201,2026-08-26T18:22:53+00:00
109-1-FL-B04A-A-2-A,109,1,法學院,FL,財經法律學系,B04A,A,大學部,2,A,刑法分則(一),2,必,93,91,,2,謝開平,L02-204,,,,"5,6",,,,"[{""day"": 4, ""dayName"": ""星期四"", ""periods"": [""5"", ""6""], ""raw"": ""5,6""}]",,基礎課程，與財法系合班上課,https://course.nuk.edu.tw/QueryCourse/tcontent.asp?OpenYear=109&Helf=1&Sclass=FL&Cono=B04A,2026-08-26T18:22:53+00:00
109-1-FL-B571-A-2-A,109,1,法學院,FL,財經法律學系,B571,A,大學部,2,A,智慧財產權法,2,選,61,61,,0,周伯翰,L02-107,,,,"7,8",,,,"[{""day"": 4, ""dayName"": ""星期四"", ""periods"": [""7"", ""8""], ""raw"": ""7,8""}]",學程,隸屬產業、科技與財經法律學分學程、服務與智慧型創新創業學分學程、生技產業跨領域學程；財經法律專業學群。與生科系合開。,https://course.nuk.edu.tw/QueryCourse/tcontent.asp?OpenYear=109&Helf=1&Sclass=FL&Cono=B571,2026-08-26T18:22:53+00:00
109-1-FL-B151-A-3-A,109,1,法學院,FL,財經法律學系,B151,A,大學部,3,A,民法債編各論(一),2,必,64,64,,0,曾千娟,L02-108,,,"7,8",,,,,"[{""day"": 3, ""dayName"": ""星期三"", ""periods"": [""7"", ""8""], ""raw"": ""7,8""}]",外加,,https://course.nuk.edu.tw/QueryCourse/tcontent.asp?OpenYear=109&Helf=1&Sclass=FL&Cono=B151,2026-08-26T18:22:53+00:00
109-1-FL-C02A-A-3-A,109,1,法學院,FL,財經法律學系,C02A,A,大學部,3,A,刑事訴訟法(一),2,必,50,15,,35,張麗卿,L02-204-1,,,,,"6,7",,,"[{""day"": 5, ""dayName"": ""星期五"", ""periods"": [""6"", ""7""], ""raw"": ""6,7""}]",,,https://course.nuk.edu.tw/QueryCourse/tcontent.asp?OpenYear=109&Helf=1&Sclass=FL&Cono=C02A,2026-08-26T18:22:53+00:00
109-1-FL-C031-A-3-A,109,1,法學院,FL,財經法律學系,C031,A,大學部,3,A,支付及信用工具法(票據法),2,必,60,31,,29,黃清溪,L02-201,,,,,"10,11, 12","2,3, 4",,"[{""day"": 5, ""dayName"": ""星期五"", ""periods"": [""10"", ""11"", ""12""], ""raw"": ""10,11, 12""}, {""day"": 6, ""dayName"": ""星期六"", ""periods"": [""2"", ""3"", ""4""], ""raw"": ""2,3, 4""}]",學程,"隸屬服務與智慧型創新創業學分學程。黃清溪教授係旅居日本之日本拓植大學之教授,每月自日本返台授課,每次停留一至二週,故上課時間集中於黃老師返台期間之週五晚上三小時及週六上午三小時。欲修習本課程之同學,請斟酌其他課程之排課時間避免衝堂情形,實際上課時間將於開學後公告於系網頁,請選課同學留意。",https://course.nuk.edu.tw/QueryCourse/tcontent.asp?OpenYear=109&Helf=1&Sclass=FL&Cono=C031,2026-08-26T18:22:53+00:00
109-1-FL-C111-A-3-A,109,1,法學院,FL,財經法律學系,C111,A,大學部,3,A,財稅法導論,2,選,60,33,,27,簡玉聰,L02-107,,,"3,4",,,,,"[{""day"": 3, ""dayName"": ""星期三"", ""periods"": [""3"", ""4""], ""raw"": ""3,4""}]",,財經法律專業學群,https://course.nuk.edu.tw/QueryCourse/tcontent.asp?OpenYear=109&Helf=1&Sclass=FL&Cono=C111,2026-08-26T18:22:53+00:00
109-1-FL-C142-A-3-A,109,1,法學院,FL,財經法律學系,C142,A,大學部,3,A,證券交易法,2,必,60,46,,14,周伯翰,L02-107,"7,8",,,,,,,"[{""day"": 1, ""dayName"": ""星期一"", ""periods"": [""7"", ""8""], ""raw"": ""7,8""}]",學程,隸屬服務與智慧型創新創業學分學程,https://course.nuk.edu.tw/QueryCourse/tcontent.asp?OpenYear=109&Helf=1&Sclass=FL&Cono=C142,2026-08-26T18:22:53+00:00
109-1-FL-C51C-A-3-A,109,1,法學院,FL,財經法律學系,C51C,A,大學部,3,A,刑事訴訟法(一)：理論應用與業界參訪,1,選,50,21,,29,張麗卿,L02-204-1,,,,,8,,,"[{""day"": 5, ""dayName"": ""星期五"", ""periods"": [""8""], ""raw"": ""8""}]",,,https://course.nuk.edu.tw/QueryCourse/tcontent.asp?OpenYear=109&Helf=1&Sclass=FL&Cono=C51C,2026-08-26T18:22:53+00:00
109-1-FL-C641-A-3-A,109,1,法學院,FL,財經法律學系,C641,A,大學部,3,A,信託法,2,選,60,51,,9,曾千娟,L02-201,,"3,4",,,,,,"[{""day"": 2, ""dayName"": ""星期二"", ""periods"": [""3"", ""4""], ""raw"": ""3,4""}]",,財經法律專業學群,https://course.nuk.edu.tw/QueryCourse/tcontent.asp?OpenYear=109&Helf=1&Sclass=FL&Cono=C641,2026-08-26T18:22:53+00:00
109-1-FL-C671-A-3-A,109,1,法學院,FL,財經法律學系,C671,A,大學部,3,A,環境法,2,選,82,82,,0,吳行浩,L02-204,"5,6",,,,,,,"[{""day"": 1, ""dayName"": ""星期一"", ""periods"": [""5"", ""6""], ""raw"": ""5,6""}]",外加 學程,隸屬產業、科技與財經法律學分學程；財經法律專業學群,https://course.nuk.edu.tw/QueryCourse/tcontent.asp?OpenYear=109&Helf=1&Sclass=FL&Cono=C671,2026-08-26T18:22:53+00:00
109-1-FL-C702-A-3-A,109,1,法學院,FL,財經法律學系,C702,A,大學部,3,A,國際經濟法,2,選,60,12,,48,謝國廉,L02-107,,,,"1,2",,,,"[{""day"": 4, ""dayName"": ""星期四"", ""periods"": [""1"", ""2""], ""raw"": ""1,2""}]",學程,財經法律專業學群,https://course.nuk.edu.tw/QueryCourse/tcontent.asp?OpenYear=109&Helf=1&Sclass=FL&Cono=C702,2026-08-26T18:22:53+00:00
109-1-FL-D532-A-4-A,109,1,法學院,FL,財經法律學系,D532,A,大學部,4,A,政府採購法,2,選,50,34,,16,陳月端,L02-415-1,,,,"7,8",,,,"[{""day"": 4, ""dayName"": ""星期四"", ""periods"": [""7"", ""8""], ""raw"": ""7,8""}]",,財經法律專業學群,https://course.nuk.edu.tw/QueryCourse/tcontent.asp?OpenYear=109&Helf=1&Sclass=FL&Cono=D532,2026-08-26T18:22:53+00:00
109-1-FL-D533-A-4-A,109,1,法學院,FL,財經法律學系,D533,A,大學部,4,A,仲裁法,2,選,50,15,,35,陳月端,L02-415-1,,"5,6",,,,,,"[{""day"": 2, ""dayName"": ""星期二"", ""periods"": [""5"", ""6""], ""raw"": ""5,6""}]",,"財經法律專業學群,1091109起由盧世欽所長代課",https://course.nuk.edu.tw/QueryCourse/tcontent.asp?OpenYear=109&Helf=1&Sclass=FL&Cono=D533,2026-08-26T18:22:53+00:00
109-1-FL-D541-A-4-A,109,1,法學院,FL,財經法律學系,D541,A,大學部,4,A,著作權法,2,選,60,53,,7,謝國廉,L02-107,,,,"5,6",,,,"[{""day"": 4, ""dayName"": ""星期四"", ""periods"": [""5"", ""6""], ""raw"": ""5,6""}]",學程,隸屬服務與智慧型創新創業學分學程/財經法律專業學群,https://course.nuk.edu.tw/QueryCourse/tcontent.asp?OpenYear=109&Helf=1&Sclass=FL&Cono=D541,2026-08-26T18:22:53+00:00
109-1-FL-D711-A-4-A,109,1,法學院,FL,財經法律學系,D711,A,大學部,4,A,強制執行法,2,選,60,25,,35,林石猛,L02-108,,,,,,"1,2, 3,4",,"[{""day"": 6, ""dayName"": ""星期六"", ""periods"": [""1"", ""2"", ""3"", ""4""], ""raw"": ""1,2, 3,4""}]",,隔週上課/財經法律專業學群,https://course.nuk.edu.tw/QueryCourse/tcontent.asp?OpenYear=109&Helf=1&Sclass=FL&Cono=D711,2026-08-26T18:22:53+00:00
109-1-FL-D721-A-4-A,109,1,法學院,FL,財經法律學系,D721,A,大學部,4,A,租稅法各論,2,選,60,16,,44,張永明,L02-108,,"3,4",,,,,,"[{""day"": 2, ""dayName"": ""星期二"", ""periods"": [""3"", ""4""], ""raw"": ""3,4""}]",,財經法律專業學群,https://course.nuk.edu.tw/QueryCourse/tcontent.asp?OpenYear=109&Helf=1&Sclass=FL&Cono=D721,2026-08-26T18:22:53+00:00
109-1-FL-D752-A-4-A,109,1,法學院,FL,財經法律學系,D752,A,大學部,4,A,商事法實例演習,2,必,60,10,,50,黃清溪,L02-201,,,,,"3,4, 5,6, 7,8",,,"[{""day"": 5, ""dayName"": ""星期五"", ""periods"": [""3"", ""4"", ""5"", ""6"", ""7"", ""8""], ""raw"": ""3,4, 5,6, 7,8""}]",,"與「公法、刑法、民法實例演習」四選二。黃清溪教授係旅居日本之日本拓植大學之教授,每月自日本返台授課,每次停留一至二週,故上課時間集中於黃老師返台期間之週五上午二小時及下午四小時。欲修習本課程之同學,請斟酌其他課程之排課時間避免衝堂情形,實際上課時間將於開學後公告於系網頁,請選課同學留意。",https://course.nuk.edu.tw/QueryCourse/tcontent.asp?OpenYear=109&Helf=1&Sclass=FL&Cono=D752,2026-08-26T18:22:53+00:00
109-1-FL-P01A-F-1-,109,1,法學院,FL,財經法律學系,P01A,F,大學部二年制在職專班,1,,憲法(一),2,必,60,37,,23,簡玉聰,L02-107,,,"12,13",,,,,"[{""day"": 3, ""dayName"": ""星期三"", ""periods"": [""12"", ""13""], ""raw"": ""12,13""}]",,,https://course.nuk.edu.tw/QueryCourse/tcontent.asp?OpenYear=109&Helf=1&Sclass=FL&Cono=P01A,2026-08-26T18:22:53+00:00
109-1-FL-P03A-F-1-,109,1,法學院,FL,財經法律學系,P03A,F,大學部二年制在職專班,1,,刑法總則(一),2,必,101,50,,51,張麗卿,L02-202,,,,"11,12",,,,"[{""day"": 4, ""dayName"": ""星期四"", ""periods"": [""11"", ""12""], ""raw"": ""11,12""}]",,,https://course.nuk.edu.tw/QueryCourse/tcontent.asp?OpenYear=109&Helf=1&Sclass=FL&Cono=P03A,2026-08-26T18:22:53+00:00
109-1-FL-P051-F-1-,109,1,法學院,FL,財經法律學系,P051,F,大學部二年制在職專班,1,,會計學,3,必,60,19,,41,余文彬,L02-201,"10,11, 12",,,,,,,"[{""day"": 1, ""dayName"": ""星期一"", ""periods"": [""10"", ""11"", ""12""], ""raw"": ""10,11, 12""}]",,與「財政學」、「經濟學」三選一,https://course.nuk.edu.tw/QueryCourse/tcontent.asp?OpenYear=109&Helf=1&Sclass=FL&Cono=P051,2026-08-26T18:22:53+00:00
109-1-FL-P052-F-1-,109,1,法學院,FL,財經法律學系,P052,F,大學部二年制在職專班,1,,經濟學,3,必,60,43,,17,許聖章,M01-102,,"10,11, 12",,,,,,"[{""day"": 2, ""dayName"": ""星期二"", ""periods"": [""10"", ""11"", ""12""], ""raw"": ""10,11, 12""}]",,與「財政學」、「會計學」三選一,https://course.nuk.edu.tw/QueryCourse/tcontent.asp?OpenYear=109&Helf=1&Sclass=FL&Cono=P052,2026-08-26T18:22:53+00:00
109-1-FL-P04A-F-2-,109,1,法學院,FL,財經法律學系,P04A,F,大學部二年制在職專班,2,,行政法(一),2,必,60,39,,21,吳行浩,L02-107,"10,11",,,,,,,"[{""day"": 1, ""dayName"": ""星期一"", ""periods"": [""10"", ""11""], ""raw"": ""10,11""}]",,,https://course.nuk.edu.tw/QueryCourse/tcontent.asp?OpenYear=109&Helf=1&Sclass=FL&Cono=P04A,2026-08-26T18:22:53+00:00
109-1-FL-P602-F-2-,109,1,法學院,FL,財經法律學系,P602,F,大學部二年制在職專班,2,,租稅法各論,2,選,60,31,,29,張永明,L02-107,"12,13",,,,,,,"[{""day"": 1, ""dayName"": ""星期一"", ""periods"": [""12"", ""13""], ""raw"": ""12,13""}]",,,https://course.nuk.edu.tw/QueryCourse/tcontent.asp?OpenYear=109&Helf=1&Sclass=FL&Cono=P602,2026-08-26T18:22:53+00:00
109-1-FL-Q02A-F-2-,109,1,法學院,FL,財經法律學系,Q02A,F,大學部二年制在職專班,2,,民法物權(二),2,必,60,17,,43,曾千娟,L02-107,,"10,11",,,,,,"[{""day"": 2, ""dayName"": ""星期二"", ""periods"": [""10"", ""11""], ""raw"": ""10,11""}]",,,https://course.nuk.edu.tw/QueryCourse/tcontent.asp?OpenYear=109&Helf=1&Sclass=FL&Cono=Q02A,2026-08-26T18:22:53+00:00
109-1-FL-Q112-F-2-,109,1,法學院,FL,財經法律學系,Q112,F,大學部二年制在職專班,2,,民法債編總論(一),3,必,100,18,,82,姚志明,L02-202,,,,,,,"5,6, 7","[{""day"": 7, ""dayName"": ""星期日"", ""periods"": [""5"", ""6"", ""7""], ""raw"": ""5,6, 7""}]",,,https://course.nuk.edu.tw/QueryCourse/tcontent.asp?OpenYear=109&Helf=1&Sclass=FL&Cono=Q112,2026-08-26T18:22:53+00:00
109-1-FL-Q141-F-2-,109,1,法學院,FL,財經法律學系,Q141,F,大學部二年制在職專班,2,,民法親屬,2,必,120,54,,66,蔡顯鑫,L02-202,,,,,,"Y,5, 6,7, 8,9",,"[{""day"": 6, ""dayName"": ""星期六"", ""periods"": [""Y"", ""5"", ""6"", ""7"", ""8"", ""9""], ""raw"": ""Y,5, 6,7, 8,9""}]",,隔二週上課(每週上Y~9節共6節課，中午12:10開始上課),https://course.nuk.edu.tw/QueryCourse/tcontent.asp?OpenYear=109&Helf=1&Sclass=FL&Cono=Q141,2026-08-26T18:22:53+00:00
109-1-FL-Q522-F-2-,109,1,法學院,FL,財經法律學系,Q522,F,大學部二年制在職專班,2,,商標法,2,選,60,46,,14,謝國廉,L02-201,,,"10,11",,,,,"[{""day"": 3, ""dayName"": ""星期三"", ""periods"": [""10"", ""11""], ""raw"": ""10,11""}]",,,https://course.nuk.edu.tw/QueryCourse/tcontent.asp?OpenYear=109&Helf=1&Sclass=FL&Cono=Q522,2026-08-26T18:22:53+00:00
109-1-FL-R534-F-2-,109,1,法學院,FL,財經法律學系,R534,F,大學部二年制在職專班,2,,智慧財產權法,2,選,60,25,,35,周伯翰,L02-107,,,,"12,13",,,,"[{""day"": 4, ""dayName"": ""星期四"", ""periods"": [""12"", ""13""], ""raw"": ""12,13""}]",學程,隸屬產業、科技與財經法律學分學程、服務與智慧型創新創業學分學程、生技產業跨領域學程,https://course.nuk.edu.tw/QueryCourse/tcontent.asp?OpenYear=109&Helf=1&Sclass=FL&Cono=R534,2026-08-26T18:22:53+00:00
109-1-FL-R536-F-2-,109,1,法學院,FL,財經法律學系,R536,F,大學部二年制在職專班,2,,國際貿易法,2,選,60,37,,23,謝國廉,L02-107,,,,"10,11",,,,"[{""day"": 4, ""dayName"": ""星期四"", ""periods"": [""10"", ""11""], ""raw"": ""10,11""}]",,,https://course.nuk.edu.tw/QueryCourse/tcontent.asp?OpenYear=109&Helf=1&Sclass=FL&Cono=R536,2026-08-26T18:22:53+00:00
109-1-FL-R02A-F-3-,109,1,法學院,FL,財經法律學系,R02A,F,大學部二年制在職專班,3,,刑事訴訟法(一),2,必,50,21,,29,張麗卿,L02-204-1,,,,,"10,11",,,"[{""day"": 5, ""dayName"": ""星期五"", ""periods"": [""10"", ""11""], ""raw"": ""10,11""}]",,,https://course.nuk.edu.tw/QueryCourse/tcontent.asp?OpenYear=109&Helf=1&Sclass=FL&Cono=R02A,2026-08-26T18:22:53+00:00
109-1-FL-R041-F-3-,109,1,法學院,FL,財經法律學系,R041,F,大學部二年制在職專班,3,,支付及信用工具法(票據法),2,必,60,48,,12,陳月端,L02-108,,,,"10,11",,,,"[{""day"": 4, ""dayName"": ""星期四"", ""periods"": [""10"", ""11""], ""raw"": ""10,11""}]",學程,限修畢民法總則。隸屬服務與智慧型創新創業學分學程。1091109起由法律系張鈺光老師代課,https://course.nuk.edu.tw/QueryCourse/tcontent.asp?OpenYear=109&Helf=1&Sclass=FL&Cono=R041,2026-08-26T18:22:53+00:00
109-1-FL-R08A-F-3-,109,1,法學院,FL,財經法律學系,R08A,F,大學部二年制在職專班,3,,民事訴訟法(一),2,必,60,34,,26,林瑞成,L02-108,"11,12, 13",,,,,,,"[{""day"": 1, ""dayName"": ""星期一"", ""periods"": [""11"", ""12"", ""13""], ""raw"": ""11,12, 13""}]",,隔三週上二次課，每次上課三小時，第11-13節。第1次上課時間:109.09.14,https://course.nuk.edu.tw/QueryCourse/tcontent.asp?OpenYear=109&Helf=1&Sclass=FL&Cono=R08A,2026-08-26T18:22:53+00:00
109-1-FL-R091-F-3-,109,1,法學院,FL,財經法律學系,R091,F,大學部二年制在職專班,3,,保險法,2,必,62,32,,30,林昭志,L02-108,,"10,11",,,,,,"[{""day"": 2, ""dayName"": ""星期二"", ""periods"": [""10"", ""11""], ""raw"": ""10,11""}]",限修及外加,限財法系與政法系二年制在職專班學生選修。,https://course.nuk.edu.tw/QueryCourse/tcontent.asp?OpenYear=109&Helf=1&Sclass=FL&Cono=R091,2026-08-26T18:22:53+00:00
109-1-FL-R121-F-3-,109,1,法學院,FL,財經法律學系,R121,F,大學部二年制在職專班,3,,民法債編各論(二),2,必,60,56,,4,曾千娟,L02-107,,,"10,11",,,,,"[{""day"": 3, ""dayName"": ""星期三"", ""periods"": [""10"", ""11""], ""raw"": ""10,11""}]",,,https://course.nuk.edu.tw/QueryCourse/tcontent.asp?OpenYear=109&Helf=1&Sclass=FL&Cono=R121,2026-08-26T18:22:53+00:00
109-1-FL-R533-F-3-,109,1,法學院,FL,財經法律學系,R533,F,大學部二年制在職專班,3,,專利法,2,選,62,59,,3,謝國廉,L02-108,,,"12,13",,,,,"[{""day"": 3, ""dayName"": ""星期三"", ""periods"": [""12"", ""13""], ""raw"": ""12,13""}]",外加,,https://course.nuk.edu.tw/QueryCourse/tcontent.asp?OpenYear=109&Helf=1&Sclass=FL&Cono=R533,2026-08-26T18:22:53+00:00
109-1-FL-R593-F-3-,109,1,法學院,FL,財經法律學系,R593,F,大學部二年制在職專班,3,,刑法方法論,2,選,30,18,,12,謝開平,L02-102,,,"10,11",,,,,"[{""day"": 3, ""dayName"": ""星期三"", ""periods"": [""10"", ""11""], ""raw"": ""10,11""}]",,開放本院在職三年級、大學部各系四年級(含)以上選修,https://course.nuk.edu.tw/QueryCourse/tcontent.asp?OpenYear=109&Helf=1&Sclass=FL&Cono=R593,2026-08-26T18:22:53+00:00
109-1-FL-F04A-M-1-,109,1,法學院,FL,財經法律學系,F04A,M,碩士班,1,,法學德文(一),2,必,20,6,,14,張永明,L02-306,"5,6",,,,,,,"[{""day"": 1, ""dayName"": ""星期一"", ""periods"": [""5"", ""6""], ""raw"": ""5,6""}]",,開放本院大學部三、四年級、二年制在職專班二年級以上、碩士班及碩士在職專班學生選修。,https://course.nuk.edu.tw/QueryCourse/tcontent.asp?OpenYear=109&Helf=1&Sclass=FL&Cono=F04A,2026-08-26T18:22:53+00:00
109-1-FL-F512-M-1-,109,1,法學院,FL,財經法律學系,F512,M,碩士班,1,,著作權法專題研究,2,選,20,18,,2,謝國廉,L02-307,,,"5,6",,,,,"[{""day"": 3, ""dayName"": ""星期三"", ""periods"": [""5"", ""6""], ""raw"": ""5,6""}]",外加,開放本院碩士班及碩士在職專班學生選修。,https://course.nuk.edu.tw/QueryCourse/tcontent.asp?OpenYear=109&Helf=1&Sclass=FL&Cono=F512,2026-08-26T18:22:53+00:00
109-1-FL-F579-M-1-,109,1,法學院,FL,財經法律學系,F579,M,碩士班,1,,比較財產法專題研究-歐洲私法統一化(二),2,選,20,6,,14,曾千娟,L02-306,,"8,9",,,,,,"[{""day"": 2, ""dayName"": ""星期二"", ""periods"": [""8"", ""9""], ""raw"": ""8,9""}]",,開放大學部三、四年級及在職專班選修。,https://course.nuk.edu.tw/QueryCourse/tcontent.asp?OpenYear=109&Helf=1&Sclass=FL&Cono=F579,2026-08-26T18:22:53+00:00
109-1-FL-F58E-M-1-,109,1,法學院,FL,財經法律學系,F58E,M,碩士班,1,,環境刑法專題研究(一),2,選,8,7,,1,謝開平,L02-306,,,,"10,11",,,,"[{""day"": 4, ""dayName"": ""星期四"", ""periods"": [""10"", ""11""], ""raw"": ""10,11""}]",,開放財法、法律碩士班及法律碩專班學生選修。,https://course.nuk.edu.tw/QueryCourse/tcontent.asp?OpenYear=109&Helf=1&Sclass=FL&Cono=F58E,2026-08-26T18:22:53+00:00
109-1-FL-F661-M-1-,109,1,法學院,FL,財經法律學系,F661,M,碩士班,1,,財稅法專題研究(一),2,選,20,6,,14,簡玉聰,L02-306,,,"7,8",,,,,"[{""day"": 3, ""dayName"": ""星期三"", ""periods"": [""7"", ""8""], ""raw"": ""7,8""}]",,開放本院大學部三、四年級、二年制在職專班二年級以上、碩士班及碩士在職專班學生選修。,https://course.nuk.edu.tw/QueryCourse/tcontent.asp?OpenYear=109&Helf=1&Sclass=FL&Cono=F661,2026-08-26T18:22:53+00:00
109-1-FL-F01D-M-2-,109,1,法學院,FL,財經法律學系,F01D,M,碩士班,2,,法學日文(四),2,必,20,7,,13,簡玉聰,L02-203,,,,,,"5,6",,"[{""day"": 6, ""dayName"": ""星期六"", ""periods"": [""5"", ""6""], ""raw"": ""5,6""}]",,開放本院大學部、二年制在職專班二年級以上、碩士班及碩士在職專班學生選修。,https://course.nuk.edu.tw/QueryCourse/tcontent.asp?OpenYear=109&Helf=1&Sclass=FL&Cono=F01D,2026-08-26T18:22:53+00:00
109-1-GL-A011-A-1-A,109,1,法學院,GL,政治法律學系,A011,A,大學部,1,A,政治學,3,必,65,65,,0,姚朝森,L02-103,"2,3, 4",,,,,,,"[{""day"": 1, ""dayName"": ""星期一"", ""periods"": [""2"", ""3"", ""4""], ""raw"": ""2,3, 4""}]",外加,基礎課程,https://course.nuk.edu.tw/QueryCourse/tcontent.asp?OpenYear=109&Helf=1&Sclass=GL&Cono=A011,2026-08-26T18:22:53+00:00
109-1-GL-A03A-A-1-A,109,1,法學院,GL,政治法律學系,A03A,A,大學部,1,A,憲法(一),2,必,64,64,,0,李俊增,L02-103,,"5,6",,,,,,"[{""day"": 2, ""dayName"": ""星期二"", ""periods"": [""5"", ""6""], ""raw"": ""5,6""}]",外加,基礎課程,https://course.nuk.edu.tw/QueryCourse/tcontent.asp?OpenYear=109&Helf=1&Sclass=GL&Cono=A03A,2026-08-26T18:22:53+00:00
109-1-GL-A041-A-1-A,109,1,法學院,GL,政治法律學系,A041,A,大學部,1,A,民法總則,4,必,62,60,,2,李淑如,L02-106,,,"3,4","3,4",,,,"[{""day"": 3, ""dayName"": ""星期三"", ""periods"": [""3"", ""4""], ""raw"": ""3,4""}, {""day"": 4, ""dayName"": ""星期四"", ""periods"": [""3"", ""4""], ""raw"": ""3,4""}]",外加,基礎課程,https://course.nuk.edu.tw/QueryCourse/tcontent.asp?OpenYear=109&Helf=1&Sclass=GL&Cono=A041,2026-08-26T18:22:53+00:00
109-1-GL-A10A-A-1-A,109,1,法學院,GL,政治法律學系,A10A,A,大學部,1,A,行政學 (一),2,必,68,68,,0,楊戊龍,L02-103,,"3,4",,,,,,"[{""day"": 2, ""dayName"": ""星期二"", ""periods"": [""3"", ""4""], ""raw"": ""3,4""}]",外加,基礎課程,https://course.nuk.edu.tw/QueryCourse/tcontent.asp?OpenYear=109&Helf=1&Sclass=GL&Cono=A10A,2026-08-26T18:22:53+00:00
109-1-GL-A571-A-1-A,109,1,法學院,GL,政治法律學系,A571,A,大學部,1,A,法學緒論,2,選,65,64,,1,李俊增,L02-106,,,"10,11",,,,,"[{""day"": 3, ""dayName"": ""星期三"", ""periods"": [""10"", ""11""], ""raw"": ""10,11""}]",外加,,https://course.nuk.edu.tw/QueryCourse/tcontent.asp?OpenYear=109&Helf=1&Sclass=GL&Cono=A571,2026-08-26T18:22:53+00:00
109-1-GL-C671-A-1-A,109,1,法學院,GL,政治法律學系,C671,A,大學部,1,A,法律服務(一),2,選,100,66,,34,廖義銘,L02-516,,,,"10,11",,,,"[{""day"": 4, ""dayName"": ""星期四"", ""periods"": [""10"", ""11""], ""raw"": ""10,11""}]",,,https://course.nuk.edu.tw/QueryCourse/tcontent.asp?OpenYear=109&Helf=1&Sclass=GL&Cono=C671,2026-08-26T18:22:53+00:00
109-1-GL-B01A-A-2-A,109,1,法學院,GL,政治法律學系,B01A,A,大學部,2,A,行政法總論(一),2,必,60,55,,5,邵惠玲,L02-201,,"5,6",,,,,,"[{""day"": 2, ""dayName"": ""星期二"", ""periods"": [""5"", ""6""], ""raw"": ""5,6""}]",,基礎課程,https://course.nuk.edu.tw/QueryCourse/tcontent.asp?OpenYear=109&Helf=1&Sclass=GL&Cono=B01A,2026-08-26T18:22:53+00:00
109-1-GL-B02A-A-2-A,109,1,法學院,GL,政治法律學系,B02A,A,大學部,2,A,比較政府(一),2,必,64,64,,0,陳文生,L02-103,,,"3,4",,,,,"[{""day"": 3, ""dayName"": ""星期三"", ""periods"": [""3"", ""4""], ""raw"": ""3,4""}]",外加,基礎課程,https://course.nuk.edu.tw/QueryCourse/tcontent.asp?OpenYear=109&Helf=1&Sclass=GL&Cono=B02A,2026-08-26T18:22:53+00:00
109-1-GL-B031-A-2-A,109,1,法學院,GL,政治法律學系,B031,A,大學部,2,A,民法債編總論(二),3,必,60,60,,0,李淑如,L02-103,,,"6,7, 8",,,,,"[{""day"": 3, ""dayName"": ""星期三"", ""periods"": [""6"", ""7"", ""8""], ""raw"": ""6,7, 8""}]",先修 外加,1. 基礎課程 2. 限修畢債總（一）,https://course.nuk.edu.tw/QueryCourse/tcontent.asp?OpenYear=109&Helf=1&Sclass=GL&Cono=B031,2026-08-26T18:22:53+00:00
109-1-GL-B161-A-2-A,109,1,法學院,GL,政治法律學系,B161,A,大學部,2,A,國際現勢,2,必,60,44,,16,陳文生,L02-108,"3,4",,,,,,,"[{""day"": 1, ""dayName"": ""星期一"", ""periods"": [""3"", ""4""], ""raw"": ""3,4""}]",,政治學群,https://course.nuk.edu.tw/QueryCourse/tcontent.asp?OpenYear=109&Helf=1&Sclass=GL&Cono=B161,2026-08-26T18:22:53+00:00
109-1-GL-B171-A-2-A,109,1,法學院,GL,政治法律學系,B171,A,大學部,2,A,經濟學,3,必,50,30,,20,鄭義暉,L02-106,,"2,3, 4",,,,,,"[{""day"": 2, ""dayName"": ""星期二"", ""periods"": [""2"", ""3"", ""4""], ""raw"": ""2,3, 4""}]",,1. 基礎課程 2. 與「社會學」二選一，計3學分。 3. 授課教師：鄭義暉老師。,https://course.nuk.edu.tw/QueryCourse/tcontent.asp?OpenYear=109&Helf=1&Sclass=GL&Cono=B171,2026-08-26T18:22:53+00:00
109-1-GL-D52B-A-2-A,109,1,法學院,GL,政治法律學系,D52B,A,大學部,2,A,行政法實例演習（二）,2,選,60,37,,23,徐偉超,L02-106,,,,,"5,6, 7",,,"[{""day"": 5, ""dayName"": ""星期五"", ""periods"": [""5"", ""6"", ""7""], ""raw"": ""5,6, 7""}]",,"隔週上課(單),上課時間:5-8節",https://course.nuk.edu.tw/QueryCourse/tcontent.asp?OpenYear=109&Helf=1&Sclass=GL&Cono=D52B,2026-08-26T18:22:53+00:00
109-1-GL-C04B-A-3-A,109,1,法學院,GL,政治法律學系,C04B,A,大學部,3,A,民事訴訟法(二),3,必,61,43,,18,賴恆盈,L02-106,,"6,7, 8",,,,,,"[{""day"": 2, ""dayName"": ""星期二"", ""periods"": [""6"", ""7"", ""8""], ""raw"": ""6,7, 8""}]",先修 限修及外加,1. 法律學群 2. 先修畢民事訴訟法（一）,https://course.nuk.edu.tw/QueryCourse/tcontent.asp?OpenYear=109&Helf=1&Sclass=GL&Cono=C04B,2026-08-26T18:22:53+00:00
109-1-GL-C05A-A-3-A,109,1,法學院,GL,政治法律學系,C05A,A,大學部,3,A,刑事訴訟法(一),2,必,60,53,,7,黃翰義,L02-202,,,,,,"1,2",,"[{""day"": 6, ""dayName"": ""星期六"", ""periods"": [""1"", ""2""], ""raw"": ""1,2""}]",限修,1. 基礎課程 2. 限政法系學生,https://course.nuk.edu.tw/QueryCourse/tcontent.asp?OpenYear=109&Helf=1&Sclass=GL&Cono=C05A,2026-08-26T18:22:53+00:00
109-1-GL-C123-A-3-A,109,1,法學院,GL,政治法律學系,C123,A,大學部,3,A,地方自治法制（地方政府與政治）,2,必,60,53,,7,邵惠玲,L02-204-1,,,"3,4",,,,,"[{""day"": 3, ""dayName"": ""星期三"", ""periods"": [""3"", ""4""], ""raw"": ""3,4""}]",限修,1. 原為下學期開設課程，105學年改為上學期開設 2. 二年制在職專班修課需加簽,https://course.nuk.edu.tw/QueryCourse/tcontent.asp?OpenYear=109&Helf=1&Sclass=GL&Cono=C123,2026-08-26T18:22:53+00:00
109-1-GL-C14A-A-3-A,109,1,法學院,GL,政治法律學系,C14A,A,大學部,3,A,比較政治(一),2,必,60,35,,25,楊鈞池,L02-201,,,,"3,4",,,,"[{""day"": 4, ""dayName"": ""星期四"", ""periods"": [""3"", ""4""], ""raw"": ""3,4""}]",,政治學群,https://course.nuk.edu.tw/QueryCourse/tcontent.asp?OpenYear=109&Helf=1&Sclass=GL&Cono=C14A,2026-08-26T18:22:53+00:00
109-1-GL-C171-A-3-A,109,1,法學院,GL,政治法律學系,C171,A,大學部,3,A,行政爭訟法(一),2,必,60,52,,8,賴恆盈,L02-106,,,"7,8",,,,,"[{""day"": 3, ""dayName"": ""星期三"", ""periods"": [""7"", ""8""], ""raw"": ""7,8""}]",先修 限修,1. 基礎課程 2. 限修畢民事訴訟法（一）,https://course.nuk.edu.tw/QueryCourse/tcontent.asp?OpenYear=109&Helf=1&Sclass=GL&Cono=C171,2026-08-26T18:22:53+00:00
109-1-GL-C191-A-3-A,109,1,法學院,GL,政治法律學系,C191,A,大學部,3,A,商事法總論暨公司法,2,必,60,37,,23,吳淑莉,L02-103,,,,"7,8",,,,"[{""day"": 4, ""dayName"": ""星期四"", ""periods"": [""7"", ""8""], ""raw"": ""7,8""}]",,1. 法律學群 2. 「公司法」、「支付及信用工具法（票據法）」、「證券交易法」、「保險法」，四選二，計4學分。,https://course.nuk.edu.tw/QueryCourse/tcontent.asp?OpenYear=109&Helf=1&Sclass=GL&Cono=C191,2026-08-26T18:22:53+00:00
109-1-GL-C212-A-3-A,109,1,法學院,GL,政治法律學系,C212,A,大學部,3,A,當代政治哲學,2,必,60,16,,44,姚朝森,L02-204-1,,"3,4",,,,,,"[{""day"": 2, ""dayName"": ""星期二"", ""periods"": [""3"", ""4""], ""raw"": ""3,4""}]",,政治學群,https://course.nuk.edu.tw/QueryCourse/tcontent.asp?OpenYear=109&Helf=1&Sclass=GL&Cono=C212,2026-08-26T18:22:53+00:00
109-1-GL-C656-A-3-A,109,1,法學院,GL,政治法律學系,C656,A,大學部,3,A,證券交易法,2,必,70,67,,3,吳淑莉,L02-103,,,,"5,6",,,,"[{""day"": 4, ""dayName"": ""星期四"", ""periods"": [""5"", ""6""], ""raw"": ""5,6""}]",外加,1. 法律學群 2. 「公司法」、「支付及信用工具法（票據法）」、「證券交易法」、「保險法」，四選二，計4學分。,https://course.nuk.edu.tw/QueryCourse/tcontent.asp?OpenYear=109&Helf=1&Sclass=GL&Cono=C656,2026-08-26T18:22:53+00:00
109-1-GL-D052-A-4-A,109,1,法學院,GL,政治法律學系,D052,A,大學部,4,A,公務員法制,2,必,60,24,,36,楊戊龍,L02-102,,,"3,4",,,,,"[{""day"": 3, ""dayName"": ""星期三"", ""periods"": [""3"", ""4""], ""raw"": ""3,4""}]",,政治學群,https://course.nuk.edu.tw/QueryCourse/tcontent.asp?OpenYear=109&Helf=1&Sclass=GL&Cono=D052,2026-08-26T18:22:53+00:00
109-1-GL-D091-A-4-A,109,1,法學院,GL,政治法律學系,D091,A,大學部,4,A,政治學方法論,2,必,60,23,,37,楊鈞池,L02-201,,,"5,6",,,,,"[{""day"": 3, ""dayName"": ""星期三"", ""periods"": [""5"", ""6""], ""raw"": ""5,6""}]",,政治學群,https://course.nuk.edu.tw/QueryCourse/tcontent.asp?OpenYear=109&Helf=1&Sclass=GL&Cono=D091,2026-08-26T18:22:53+00:00
109-1-GL-D111-A-4-A,109,1,法學院,GL,政治法律學系,D111,A,大學部,4,A,法律政策學,2,必,60,53,,7,廖義銘,L02-103,"7,8",,,,,,,"[{""day"": 1, ""dayName"": ""星期一"", ""periods"": [""7"", ""8""], ""raw"": ""7,8""}]",,整合課程,https://course.nuk.edu.tw/QueryCourse/tcontent.asp?OpenYear=109&Helf=1&Sclass=GL&Cono=D111,2026-08-26T18:22:53+00:00
109-1-GL-D141-A-4-A,109,1,法學院,GL,政治法律學系,D141,A,大學部,4,A,公法實例演習(一),2,必,70,44,,26,徐偉超,L02-106,,,,,"2,3, 4",,,"[{""day"": 5, ""dayName"": ""星期五"", ""periods"": [""2"", ""3"", ""4""], ""raw"": ""2,3, 4""}]",,1. 法律學群 2. 隔週上課（單）(實際上課時間:星期五2-Y節),https://course.nuk.edu.tw/QueryCourse/tcontent.asp?OpenYear=109&Helf=1&Sclass=GL&Cono=D141,2026-08-26T18:22:53+00:00
109-1-GL-D631-A-4-A,109,1,法學院,GL,政治法律學系,D631,A,大學部,4,A,政府文書,1,選,30,24,,6,楊戊龍,L02-103,,,"1,2",,,,,"[{""day"": 3, ""dayName"": ""星期三"", ""periods"": [""1"", ""2""], ""raw"": ""1,2""}]",,限大三、大四同學（以大四為優先）選課（每週2小時，第1至第11週，本課程為遠距教學課程，面授或遠距時間請參閱課程大綱),https://course.nuk.edu.tw/QueryCourse/tcontent.asp?OpenYear=109&Helf=1&Sclass=GL&Cono=D631,2026-08-26T18:22:53+00:00
109-1-GL-F900-A-4-A,109,1,法學院,GL,政治法律學系,F900,A,大學部,4,A,校外實習,2,選,31,9,,22,邵惠玲,,,,,,,,,[],外加,大學部與碩士班合班上課。由授課教師指定加簽，實習總時數應達160小時。,https://course.nuk.edu.tw/QueryCourse/tcontent.asp?OpenYear=109&Helf=1&Sclass=GL&Cono=F900,2026-08-26T18:22:53+00:00
109-1-GL-P02A-F-1-,109,1,法學院,GL,政治法律學系,P02A,F,大學部二年制在職專班,1,,行政學(一),2,必,60,10,,50,楊戊龍,L02-103,,"12,13",,,,,,"[{""day"": 2, ""dayName"": ""星期二"", ""periods"": [""12"", ""13""], ""raw"": ""12,13""}]",,,https://course.nuk.edu.tw/QueryCourse/tcontent.asp?OpenYear=109&Helf=1&Sclass=GL&Cono=P02A,2026-08-26T18:22:53+00:00
109-1-GL-P061-F-1-,109,1,法學院,GL,政治法律學系,P061,F,大學部二年制在職專班,1,,法學緒論,2,必,60,23,,37,李俊增,L02-106,,"10,11",,,,,,"[{""day"": 2, ""dayName"": ""星期二"", ""periods"": [""10"", ""11""], ""raw"": ""10,11""}]",,,https://course.nuk.edu.tw/QueryCourse/tcontent.asp?OpenYear=109&Helf=1&Sclass=GL&Cono=P061,2026-08-26T18:22:53+00:00
109-1-GL-P071-F-1-,109,1,法學院,GL,政治法律學系,P071,F,大學部二年制在職專班,1,,政治學(一),2,必,60,23,,37,姚朝森,L02-103,"12,13",,,,,,,"[{""day"": 1, ""dayName"": ""星期一"", ""periods"": [""12"", ""13""], ""raw"": ""12,13""}]",,,https://course.nuk.edu.tw/QueryCourse/tcontent.asp?OpenYear=109&Helf=1&Sclass=GL&Cono=P071,2026-08-26T18:22:53+00:00
109-1-GL-P091-F-1-,109,1,法學院,GL,政治法律學系,P091,F,大學部二年制在職專班,1,,憲法(一),2,必,62,25,,37,李俊增,L02-103,"10,11",,,,,,,"[{""day"": 1, ""dayName"": ""星期一"", ""periods"": [""10"", ""11""], ""raw"": ""10,11""}]",限修及外加,限在職學生選修，日間大學部禁止選修(碩專學生補修學分請以加簽方式選修),https://course.nuk.edu.tw/QueryCourse/tcontent.asp?OpenYear=109&Helf=1&Sclass=GL&Cono=P091,2026-08-26T18:22:53+00:00
109-1-GL-P121-F-1-,109,1,法學院,GL,政治法律學系,P121,F,大學部二年制在職專班,1,,民法總則(一),2,必,65,64,,1,李淑如,L02-202,,,"10,11",,,,,"[{""day"": 3, ""dayName"": ""星期三"", ""periods"": [""10"", ""11""], ""raw"": ""10,11""}]",限修及外加,與財法系在職專班合班上課，限在職專班選課,https://course.nuk.edu.tw/QueryCourse/tcontent.asp?OpenYear=109&Helf=1&Sclass=GL&Cono=P121,2026-08-26T18:22:53+00:00
109-1-GL-Q01A-F-2-,109,1,法學院,GL,政治法律學系,Q01A,F,大學部二年制在職專班,2,,民法債編(一),2,必,60,11,,49,李淑如,L02-101,,"10,11",,,,,,"[{""day"": 2, ""dayName"": ""星期二"", ""periods"": [""10"", ""11""], ""raw"": ""10,11""}]",,,https://course.nuk.edu.tw/QueryCourse/tcontent.asp?OpenYear=109&Helf=1&Sclass=GL&Cono=Q01A,2026-08-26T18:22:53+00:00
109-1-GL-Q04A-F-2-,109,1,法學院,GL,政治法律學系,Q04A,F,大學部二年制在職專班,2,,行政法總論(一),2,必,60,14,,46,邵惠玲,L02-204-1,,,"10,11",,,,,"[{""day"": 3, ""dayName"": ""星期三"", ""periods"": [""10"", ""11""], ""raw"": ""10,11""}]",,,https://course.nuk.edu.tw/QueryCourse/tcontent.asp?OpenYear=109&Helf=1&Sclass=GL&Cono=Q04A,2026-08-26T18:22:53+00:00
109-1-GL-Q08A-F-2-,109,1,法學院,GL,政治法律學系,Q08A,F,大學部二年制在職專班,2,,刑法分則(一),2,必,70,62,,8,劉傳璟,L02-202,,,,,"11,12",,,"[{""day"": 5, ""dayName"": ""星期五"", ""periods"": [""11"", ""12""], ""raw"": ""11,12""}]",,1與財法系合班上課。【上課日期時間將於課程大綱內載明，如有變動將於系網課程異動專區公告，請選課同學留意】,https://course.nuk.edu.tw/QueryCourse/tcontent.asp?OpenYear=109&Helf=1&Sclass=GL&Cono=Q08A,2026-08-26T18:22:53+00:00
109-1-GL-Q092-F-2-,109,1,法學院,GL,政治法律學系,Q092,F,大學部二年制在職專班,2,,比較政府,2,必,60,14,,46,楊筑尹,L02-103,,,"12,13",,,,,"[{""day"": 3, ""dayName"": ""星期三"", ""periods"": [""12"", ""13""], ""raw"": ""12,13""}]",,,https://course.nuk.edu.tw/QueryCourse/tcontent.asp?OpenYear=109&Helf=1&Sclass=GL&Cono=Q092,2026-08-26T18:22:53+00:00
109-1-GL-Q12A-F-2-,109,1,法學院,GL,政治法律學系,Q12A,F,大學部二年制在職專班,2,,民法實例演習（一）,2,選,60,48,,12,洪能超,L02-201,,,,"10,11, 12",,,,"[{""day"": 4, ""dayName"": ""星期四"", ""periods"": [""10"", ""11"", ""12""], ""raw"": ""10,11, 12""}]",,1. 法律學群 2.上課12週（依表定，於教學平台內網及上課時確認），每次上課3小時（第10-12節）,https://course.nuk.edu.tw/QueryCourse/tcontent.asp?OpenYear=109&Helf=1&Sclass=GL&Cono=Q12A,2026-08-26T18:22:53+00:00
109-1-GL-Q172-F-2-,109,1,法學院,GL,政治法律學系,Q172,F,大學部二年制在職專班,2,,民法親屬,2,必,60,54,,6,黃小舫,L02-106,"10,11, 12",,,,,,,"[{""day"": 1, ""dayName"": ""星期一"", ""periods"": [""10"", ""11"", ""12""], ""raw"": ""10,11, 12""}]",,"一次上課3小時(10.11.12節)共上課12周,上課周次由老師上課時公告。【上課日期時間將於課程大綱內載明，如有變動將於系網課程異動專區公告，請選課同學留意。】",https://course.nuk.edu.tw/QueryCourse/tcontent.asp?OpenYear=109&Helf=1&Sclass=GL&Cono=Q172,2026-08-26T18:22:53+00:00
109-1-GL-Q521-F-2-,109,1,法學院,GL,政治法律學系,Q521,F,大學部二年制在職專班,2,,犯罪學,2,選,60,60,,0,佘青樺,L02-101,"10,11, 12",,,,,,,"[{""day"": 1, ""dayName"": ""星期一"", ""periods"": [""10"", ""11"", ""12""], ""raw"": ""10,11, 12""}]",,1 單週一上課9次及雙週3一次，每次3小時（10-12節)，詳見教學課程大綱。2. 期中考預計第10週 期末考預計第18週舉行，另補1雙周一課程另行通知。【上課日期時間將於課程大綱內載明，如有變動將於系網課程異動專區公告，請選課同學留意。】,https://course.nuk.edu.tw/QueryCourse/tcontent.asp?OpenYear=109&Helf=1&Sclass=GL&Cono=Q521,2026-08-26T18:22:53+00:00
109-1-GL-Q554-F-2-,109,1,法學院,GL,政治法律學系,Q554,F,大學部二年制在職專班,2,,刑法實例演習(一),2,選,60,54,,6,陳明呈,L02-201,,"10,11",,,,,,"[{""day"": 2, ""dayName"": ""星期二"", ""periods"": [""10"", ""11""], ""raw"": ""10,11""}]",,1.法律學群,https://course.nuk.edu.tw/QueryCourse/tcontent.asp?OpenYear=109&Helf=1&Sclass=GL&Cono=Q554,2026-08-26T18:22:53+00:00
109-1-GL-Q061-F-3-,109,1,法學院,GL,政治法律學系,Q061,F,大學部二年制在職專班,3,,立法論,2,必,60,14,,46,廖義銘,L02-106,,"12,13",,,,,,"[{""day"": 2, ""dayName"": ""星期二"", ""periods"": [""12"", ""13""], ""raw"": ""12,13""}]",,,https://course.nuk.edu.tw/QueryCourse/tcontent.asp?OpenYear=109&Helf=1&Sclass=GL&Cono=Q061,2026-08-26T18:22:53+00:00
109-1-GL-R02B-F-3-,109,1,法學院,GL,政治法律學系,R02B,F,大學部二年制在職專班,3,,民事訴訟法(二),3,必,60,13,,47,賴恆盈,L02-101,,,"10,11, 12",,,,,"[{""day"": 3, ""dayName"": ""星期三"", ""periods"": [""10"", ""11"", ""12""], ""raw"": ""10,11, 12""}]",先修 限修,限修畢民事訴訟法（一）,https://course.nuk.edu.tw/QueryCourse/tcontent.asp?OpenYear=109&Helf=1&Sclass=GL&Cono=R02B,2026-08-26T18:22:53+00:00
109-1-GL-R04A-F-3-,109,1,法學院,GL,政治法律學系,R04A,F,大學部二年制在職專班,3,,行政爭訟法(一),2,必,63,13,,50,賴恆盈,L02-103,,"10,11",,,,,,"[{""day"": 2, ""dayName"": ""星期二"", ""periods"": [""10"", ""11""], ""raw"": ""10,11""}]",先修 限修及外加,限修畢民事訴訟法（一）,https://course.nuk.edu.tw/QueryCourse/tcontent.asp?OpenYear=109&Helf=1&Sclass=GL&Cono=R04A,2026-08-26T18:22:53+00:00
109-1-GL-R121-F-3-,109,1,法學院,GL,政治法律學系,R121,F,大學部二年制在職專班,3,,刑事訴訟法(一),2,必,99,44,,55,黃翰義,L02-202,,,,,,"3,4",,"[{""day"": 6, ""dayName"": ""星期六"", ""periods"": [""3"", ""4""], ""raw"": ""3,4""}]",限修及外加,,https://course.nuk.edu.tw/QueryCourse/tcontent.asp?OpenYear=109&Helf=1&Sclass=GL&Cono=R121,2026-08-26T18:22:53+00:00
109-1-GL-R161-F-3-,109,1,法學院,GL,政治法律學系,R161,F,大學部二年制在職專班,3,,公務員法制,2,必,60,16,,44,楊戊龍,L02-103,,,,"10,11",,,,"[{""day"": 4, ""dayName"": ""星期四"", ""periods"": [""10"", ""11""], ""raw"": ""10,11""}]",,,https://course.nuk.edu.tw/QueryCourse/tcontent.asp?OpenYear=109&Helf=1&Sclass=GL&Cono=R161,2026-08-26T18:22:53+00:00
109-1-GL-R534-F-3-,109,1,法學院,GL,政治法律學系,R534,F,大學部二年制在職專班,3,,刑事特別法與案例演習(二),2,選,60,14,,46,陳明呈,L02-302,,"12,13",,,,,,"[{""day"": 2, ""dayName"": ""星期二"", ""periods"": [""12"", ""13""], ""raw"": ""12,13""}]",,,https://course.nuk.edu.tw/QueryCourse/tcontent.asp?OpenYear=109&Helf=1&Sclass=GL&Cono=R534,2026-08-26T18:22:53+00:00
109-1-GL-T021-L-1-,109,1,法學院,GL,政治法律學系,T021,L,碩士在職專班,1,,行政法專題研究,2,必,30,15,,15,邵惠玲,L02-204-1,,,"12,13",,,,,"[{""day"": 3, ""dayName"": ""星期三"", ""periods"": [""12"", ""13""], ""raw"": ""12,13""}]",,1. 公法學群 2. 建議具行政法基礎,https://course.nuk.edu.tw/QueryCourse/tcontent.asp?OpenYear=109&Helf=1&Sclass=GL&Cono=T021,2026-08-26T18:22:53+00:00
109-1-GL-T024-L-1-,109,1,法學院,GL,政治法律學系,T024,L,碩士在職專班,1,,國家理論專題研究,2,必,30,15,,15,姚朝森,L02-310,,"12,13",,,,,,"[{""day"": 2, ""dayName"": ""星期二"", ""periods"": [""12"", ""13""], ""raw"": ""12,13""}]",,共同/整合課程,https://course.nuk.edu.tw/QueryCourse/tcontent.asp?OpenYear=109&Helf=1&Sclass=GL&Cono=T024,2026-08-26T18:22:53+00:00
109-1-GL-T028-L-1-,109,1,法學院,GL,政治法律學系,T028,L,碩士在職專班,1,,行政程序法制專題研究,2,必,30,10,,20,賴恆盈,L02-310,,,,"10,11",,,,"[{""day"": 4, ""dayName"": ""星期四"", ""periods"": [""10"", ""11""], ""raw"": ""10,11""}]",,公法學群,https://course.nuk.edu.tw/QueryCourse/tcontent.asp?OpenYear=109&Helf=1&Sclass=GL&Cono=T028,2026-08-26T18:22:53+00:00
109-1-GL-T031-L-1-,109,1,法學院,GL,政治法律學系,T031,L,碩士在職專班,1,,政治發展與民主化專題研究,2,必,30,10,,20,楊鈞池,L02-310,,,"10,11",,,,,"[{""day"": 3, ""dayName"": ""星期三"", ""periods"": [""10"", ""11""], ""raw"": ""10,11""}]",,政治學群,https://course.nuk.edu.tw/QueryCourse/tcontent.asp?OpenYear=109&Helf=1&Sclass=GL&Cono=T031,2026-08-26T18:22:53+00:00
109-1-GL-T071-L-1-,109,1,法學院,GL,政治法律學系,T071,L,碩士在職專班,1,,公共行政理論與發展,2,必,30,27,,3,楊戊龍,L02-415-1,,"10,11",,,,,,"[{""day"": 2, ""dayName"": ""星期二"", ""periods"": [""10"", ""11""], ""raw"": ""10,11""}]",,政治學群,https://course.nuk.edu.tw/QueryCourse/tcontent.asp?OpenYear=109&Helf=1&Sclass=GL&Cono=T071,2026-08-26T18:22:53+00:00
109-1-GL-U041-L-2-,109,1,法學院,GL,政治法律學系,U041,L,碩士在職專班,2,,選舉制度與實務專題研究,2,必,30,10,,20,陳文生,L02-415-1,,,,"10,11",,,,"[{""day"": 4, ""dayName"": ""星期四"", ""periods"": [""10"", ""11""], ""raw"": ""10,11""}]",,政治學群,https://course.nuk.edu.tw/QueryCourse/tcontent.asp?OpenYear=109&Helf=1&Sclass=GL&Cono=U041,2026-08-26T18:22:53+00:00
109-1-GL-U043-L-2-,109,1,法學院,GL,政治法律學系,U043,L,碩士在職專班,2,,城鄉發展與法治專題研究,2,必,30,10,,20,廖義銘,L02-310,"10,11",,,,,,,"[{""day"": 1, ""dayName"": ""星期一"", ""periods"": [""10"", ""11""], ""raw"": ""10,11""}]",,共同/整合課程,https://course.nuk.edu.tw/QueryCourse/tcontent.asp?OpenYear=109&Helf=1&Sclass=GL&Cono=U043,2026-08-26T18:22:53+00:00
109-1-GL-F107-M-1-,109,1,法學院,GL,政治法律學系,F107,M,碩士班,1,,憲法與民主專題研究,2,必,30,9,,21,李俊增,L02-310,"5,6",,,,,,,"[{""day"": 1, ""dayName"": ""星期一"", ""periods"": [""5"", ""6""], ""raw"": ""5,6""}]",,共同/整合課程,https://course.nuk.edu.tw/QueryCourse/tcontent.asp?OpenYear=109&Helf=1&Sclass=GL&Cono=F107,2026-08-26T18:22:53+00:00
109-1-GL-F13A-M-1-,109,1,法學院,GL,政治法律學系,F13A,M,碩士班,1,,行政法專題研究(一),2,必,30,9,,21,邵惠玲,L02-310,,"7,8",,,,,,"[{""day"": 2, ""dayName"": ""星期二"", ""periods"": [""7"", ""8""], ""raw"": ""7,8""}]",,公法學群,https://course.nuk.edu.tw/QueryCourse/tcontent.asp?OpenYear=109&Helf=1&Sclass=GL&Cono=F13A,2026-08-26T18:22:53+00:00
109-1-GL-F151-M-1-,109,1,法學院,GL,政治法律學系,F151,M,碩士班,1,,社會科學研究方法,2,必,30,8,,22,楊鈞池,L02-310,,,,"5,6",,,,"[{""day"": 4, ""dayName"": ""星期四"", ""periods"": [""5"", ""6""], ""raw"": ""5,6""}]",,政治學群,https://course.nuk.edu.tw/QueryCourse/tcontent.asp?OpenYear=109&Helf=1&Sclass=GL&Cono=F151,2026-08-26T18:22:53+00:00
109-1-GL-F153-M-1-,109,1,法學院,GL,政治法律學系,F153,M,碩士班,1,,選舉制度與法制專題研究,2,必,30,6,,24,陳文生,L02-310,"7,8",,,,,,,"[{""day"": 1, ""dayName"": ""星期一"", ""periods"": [""7"", ""8""], ""raw"": ""7,8""}]",,政治學群,https://course.nuk.edu.tw/QueryCourse/tcontent.asp?OpenYear=109&Helf=1&Sclass=GL&Cono=F153,2026-08-26T18:22:53+00:00
109-1-GL-F171-M-1-,109,1,法學院,GL,政治法律學系,F171,M,碩士班,1,,政治理論專題研究,2,必,30,3,,27,姚朝森,L02-310,,,"3,4",,,,,"[{""day"": 3, ""dayName"": ""星期三"", ""periods"": [""3"", ""4""], ""raw"": ""3,4""}]",,政治學群,https://course.nuk.edu.tw/QueryCourse/tcontent.asp?OpenYear=109&Helf=1&Sclass=GL&Cono=F171,2026-08-26T18:22:53+00:00
109-1-GL-F900-M-1-,109,1,法學院,GL,政治法律學系,F900,M,碩士班,1,,校外實習,2,選,31,9,,22,邵惠玲,,,,,,,,,[],外加,大學部與碩士班合班上課。由授課教師指定加簽，實習總時數應達160小時。,https://course.nuk.edu.tw/QueryCourse/tcontent.asp?OpenYear=109&Helf=1&Sclass=GL&Cono=F900,2026-08-26T18:22:53+00:00
109-1-GL-F111-M-2-,109,1,法學院,GL,政治法律學系,F111,M,碩士班,2,,法政策學專題研究,2,必,30,6,,24,廖義銘,L02-307,"3,4",,,,,,,"[{""day"": 1, ""dayName"": ""星期一"", ""periods"": [""3"", ""4""], ""raw"": ""3,4""}]",,共同/整合學群,https://course.nuk.edu.tw/QueryCourse/tcontent.asp?OpenYear=109&Helf=1&Sclass=GL&Cono=F111,2026-08-26T18:22:53+00:00
109-1-GL-F14G-M-2-,109,1,法學院,GL,政治法律學系,F14G,M,碩士班,2,,行政法各論專題研究（三）：風險行政法,2,必,30,5,,25,賴恆盈,L02-310,,,,"7,8",,,,"[{""day"": 4, ""dayName"": ""星期四"", ""periods"": [""7"", ""8""], ""raw"": ""7,8""}]",,公法學群,https://course.nuk.edu.tw/QueryCourse/tcontent.asp?OpenYear=109&Helf=1&Sclass=GL&Cono=F14G,2026-08-26T18:22:53+00:00
109-1-LA-A011-A-1-A,109,1,法學院,LA,法律學系,A011,A,大學部,1,A,民法總則,4,必,80,63,,17,呂麗慧,L02-202,,,,"7,8","3,4",,,"[{""day"": 4, ""dayName"": ""星期四"", ""periods"": [""7"", ""8""], ""raw"": ""7,8""}, {""day"": 5, ""dayName"": ""星期五"", ""periods"": [""3"", ""4""], ""raw"": ""3,4""}]",,,https://course.nuk.edu.tw/QueryCourse/tcontent.asp?OpenYear=109&Helf=1&Sclass=LA&Cono=A011,2026-08-26T18:22:53+00:00
109-1-LA-A031-A-1-A,109,1,法學院,LA,法律學系,A031,A,大學部,1,A,政治學,2,必,60,52,,8,楊鈞池,L02-102,,"5,6",,,,,,"[{""day"": 2, ""dayName"": ""星期二"", ""periods"": [""5"", ""6""], ""raw"": ""5,6""}]",,,https://course.nuk.edu.tw/QueryCourse/tcontent.asp?OpenYear=109&Helf=1&Sclass=LA&Cono=A031,2026-08-26T18:22:53+00:00
109-1-LA-A041-A-1-A,109,1,法學院,LA,法律學系,A041,A,大學部,1,A,社會學,2,必,60,54,,6,賴志強,L02-101,,"3,4",,,,,,"[{""day"": 2, ""dayName"": ""星期二"", ""periods"": [""3"", ""4""], ""raw"": ""3,4""}]",,,https://course.nuk.edu.tw/QueryCourse/tcontent.asp?OpenYear=109&Helf=1&Sclass=LA&Cono=A041,2026-08-26T18:22:53+00:00
109-1-LA-A061-A-1-A,109,1,法學院,LA,法律學系,A061,A,大學部,1,A,經濟學,2,必,60,45,,15,劉志成,L02-101,"3,4",,,,,,,"[{""day"": 1, ""dayName"": ""星期一"", ""periods"": [""3"", ""4""], ""raw"": ""3,4""}]",,,https://course.nuk.edu.tw/QueryCourse/tcontent.asp?OpenYear=109&Helf=1&Sclass=LA&Cono=A061,2026-08-26T18:22:53+00:00
109-1-LA-A071-A-1-A,109,1,法學院,LA,法律學系,A071,A,大學部,1,A,刑法總則(一),3,必,146,144,,2,劉傳璟,L02-204,,,,,"6,7, 8",,,"[{""day"": 5, ""dayName"": ""星期五"", ""periods"": [""6"", ""7"", ""8""], ""raw"": ""6,7, 8""}]",外加,與政法系合班上課,https://course.nuk.edu.tw/QueryCourse/tcontent.asp?OpenYear=109&Helf=1&Sclass=LA&Cono=A071,2026-08-26T18:22:53+00:00
109-1-LA-A09A-A-1-A,109,1,法學院,LA,法律學系,A09A,A,大學部,1,A,憲法(一),2,必,62,55,,7,紀振清,L02-101,,,"3,4",,,,,"[{""day"": 3, ""dayName"": ""星期三"", ""periods"": [""3"", ""4""], ""raw"": ""3,4""}]",限修及外加,法律系大學部必修核心課程，限本系一年級及本系轉學生、本系重修生，人數不超過60人為原則。,https://course.nuk.edu.tw/QueryCourse/tcontent.asp?OpenYear=109&Helf=1&Sclass=LA&Cono=A09A,2026-08-26T18:22:53+00:00
109-1-LA-A151-A-1-A,109,1,法學院,LA,法律學系,A151,A,大學部,1,A,法學緒論,2,選,60,57,,3,賴志強,L02-101,"5,6",,,,,,,"[{""day"": 1, ""dayName"": ""星期一"", ""periods"": [""5"", ""6""], ""raw"": ""5,6""}]",,,https://course.nuk.edu.tw/QueryCourse/tcontent.asp?OpenYear=109&Helf=1&Sclass=LA&Cono=A151,2026-08-26T18:22:53+00:00
109-1-LA-B001-A-2-A,109,1,法學院,LA,法律學系,B001,A,大學部,2,A,民法債編總論(二),3,必,80,71,,9,張鈺光,L02-204,,,,"7,8, 9",,,,"[{""day"": 4, ""dayName"": ""星期四"", ""periods"": [""7"", ""8"", ""9""], ""raw"": ""7,8, 9""}]",,,https://course.nuk.edu.tw/QueryCourse/tcontent.asp?OpenYear=109&Helf=1&Sclass=LA&Cono=B001,2026-08-26T18:22:53+00:00
109-1-LA-B03A-A-2-A,109,1,法學院,LA,法律學系,B03A,A,大學部,2,A,行政法總論(一),3,必,66,65,,1,陳正根,L02-102,,,,"2,3, 4",,,,"[{""day"": 4, ""dayName"": ""星期四"", ""periods"": [""2"", ""3"", ""4""], ""raw"": ""2,3, 4""}]",外加 學程,,https://course.nuk.edu.tw/QueryCourse/tcontent.asp?OpenYear=109&Helf=1&Sclass=LA&Cono=B03A,2026-08-26T18:22:53+00:00
109-1-LA-B04A-A-2-A,109,1,法學院,LA,法律學系,B04A,A,大學部,2,A,民法物權(一),2,必,126,124,,2,謝志鵬,L02-202,"5,6",,,,,,,"[{""day"": 1, ""dayName"": ""星期一"", ""periods"": [""5"", ""6""], ""raw"": ""5,6""}]",外加,與政法系大二合班上課,https://course.nuk.edu.tw/QueryCourse/tcontent.asp?OpenYear=109&Helf=1&Sclass=LA&Cono=B04A,2026-08-26T18:22:53+00:00
109-1-LA-B05A-A-2-A,109,1,法學院,LA,法律學系,B05A,A,大學部,2,A,日文(一),2,必,60,47,,13,林柏舟,L02-102,,"3,4",,,,,,"[{""day"": 2, ""dayName"": ""星期二"", ""periods"": [""3"", ""4""], ""raw"": ""3,4""}]",,德/日二選一為必修,https://course.nuk.edu.tw/QueryCourse/tcontent.asp?OpenYear=109&Helf=1&Sclass=LA&Cono=B05A,2026-08-26T18:22:53+00:00
109-1-LA-B06A-A-2-A,109,1,法學院,LA,法律學系,B06A,A,大學部,2,A,德文(一),2,必,45,44,,1,陳麗雅,L02-102,"3,4",,,,,,,"[{""day"": 1, ""dayName"": ""星期一"", ""periods"": [""3"", ""4""], ""raw"": ""3,4""}]",限修及外加,1.德/日二選一為必修 2.法學院同學優先選課,https://course.nuk.edu.tw/QueryCourse/tcontent.asp?OpenYear=109&Helf=1&Sclass=LA&Cono=B06A,2026-08-26T18:22:53+00:00
109-1-LA-B071-A-2-A,109,1,法學院,LA,法律學系,B071,A,大學部,2,A,刑法分則(一),2,必,87,87,,0,吳俊毅,L02-204,,,,,"3,4",,,"[{""day"": 5, ""dayName"": ""星期五"", ""periods"": [""3"", ""4""], ""raw"": ""3,4""}]",限修及外加,限法學院大學部二年級以上同學選課,https://course.nuk.edu.tw/QueryCourse/tcontent.asp?OpenYear=109&Helf=1&Sclass=LA&Cono=B071,2026-08-26T18:22:53+00:00
109-1-LA-B141-A-2-A,109,1,法學院,LA,法律學系,B141,A,大學部,2,A,民法親屬,2,必,133,109,,24,呂麗慧,L02-202,,,,,"7,8",,,"[{""day"": 5, ""dayName"": ""星期五"", ""periods"": [""7"", ""8""], ""raw"": ""7,8""}]",外加,法律/財法/政法合班上課,https://course.nuk.edu.tw/QueryCourse/tcontent.asp?OpenYear=109&Helf=1&Sclass=LA&Cono=B141,2026-08-26T18:22:53+00:00
109-1-LA-B641-A-2-A,109,1,法學院,LA,法律學系,B641,A,大學部,2,A,勞動法概論,2,選,60,35,,25,康銘,L02-101,,,"7,8",,,,,"[{""day"": 3, ""dayName"": ""星期三"", ""periods"": [""7"", ""8""], ""raw"": ""7,8""}]",,,https://course.nuk.edu.tw/QueryCourse/tcontent.asp?OpenYear=109&Helf=1&Sclass=LA&Cono=B641,2026-08-26T18:22:53+00:00
109-1-LA-C641-A-2-A,109,1,法學院,LA,法律學系,C641,A,大學部,2,A,英美法導論,2,選,60,49,,11,林昭志,L02-101,,,"5,6",,,,,"[{""day"": 3, ""dayName"": ""星期三"", ""periods"": [""5"", ""6""], ""raw"": ""5,6""}]",,,https://course.nuk.edu.tw/QueryCourse/tcontent.asp?OpenYear=109&Helf=1&Sclass=LA&Cono=C641,2026-08-26T18:22:53+00:00
109-1-LA-B141-A-3-A,109,1,法學院,LA,法律學系,B141,A,大學部,3,A,民法親屬,2,必,133,109,,24,呂麗慧,L02-202,,,,,"7,8",,,"[{""day"": 5, ""dayName"": ""星期五"", ""periods"": [""7"", ""8""], ""raw"": ""7,8""}]",外加,法律學群，與法律系合班上課,https://course.nuk.edu.tw/QueryCourse/tcontent.asp?OpenYear=109&Helf=1&Sclass=LA&Cono=B141,2026-08-26T18:22:53+00:00
109-1-LA-B511-A-3-A,109,1,法學院,LA,法律學系,B511,A,大學部,3,A,國際公法,2,選,60,33,,27,吳雪鳳,L02-204,,"3,4",,,,,,"[{""day"": 2, ""dayName"": ""星期二"", ""periods"": [""3"", ""4""], ""raw"": ""3,4""}]",,授課教師：吳雪鳳老師,https://course.nuk.edu.tw/QueryCourse/tcontent.asp?OpenYear=109&Helf=1&Sclass=LA&Cono=B511,2026-08-26T18:22:53+00:00
109-1-LA-C011-A-3-A,109,1,法學院,LA,法律學系,C011,A,大學部,3,A,支付與信用工具法(票據法),3,必,120,71,,49,張鈺光,L02-202,,,"6,7, 8",,,,,"[{""day"": 3, ""dayName"": ""星期三"", ""periods"": [""6"", ""7"", ""8""], ""raw"": ""6,7, 8""}]",,開放外系同學選修,https://course.nuk.edu.tw/QueryCourse/tcontent.asp?OpenYear=109&Helf=1&Sclass=LA&Cono=C011,2026-08-26T18:22:53+00:00
109-1-LA-C02A-A-3-A,109,1,法學院,LA,法律學系,C02A,A,大學部,3,A,民事訴訟法(一),3,必,121,103,,18,賴志強,L02-202,"2,3, 4",,,,,,,"[{""day"": 1, ""dayName"": ""星期一"", ""periods"": [""2"", ""3"", ""4""], ""raw"": ""2,3, 4""}]",限修及外加,1.限法律、財法大三以上修課。 2.法律、財法合班上課。,https://course.nuk.edu.tw/QueryCourse/tcontent.asp?OpenYear=109&Helf=1&Sclass=LA&Cono=C02A,2026-08-26T18:22:53+00:00
109-1-LA-C03A-A-3-A,109,1,法學院,LA,法律學系,C03A,A,大學部,3,A,刑事訴訟法(一),3,必,72,72,,0,吳俊毅,L02-204,,,,"2,3, 4",,,,"[{""day"": 4, ""dayName"": ""星期四"", ""periods"": [""2"", ""3"", ""4""], ""raw"": ""2,3, 4""}]",限修及外加,限法學院大學部三年級以上同學選課,https://course.nuk.edu.tw/QueryCourse/tcontent.asp?OpenYear=109&Helf=1&Sclass=LA&Cono=C03A,2026-08-26T18:22:53+00:00
109-1-LA-C041-A-3-A,109,1,法學院,LA,法律學系,C041,A,大學部,3,A,保險法,2,必,120,117,,3,林昭志,L02-204,,"5,6",,,,,,"[{""day"": 2, ""dayName"": ""星期二"", ""periods"": [""5"", ""6""], ""raw"": ""5,6""}]",限修,1.限法學院大三以上修課。 2.與財法系合班上課,https://course.nuk.edu.tw/QueryCourse/tcontent.asp?OpenYear=109&Helf=1&Sclass=LA&Cono=C041,2026-08-26T18:22:53+00:00
109-1-LA-C131-A-3-A,109,1,法學院,LA,法律學系,C131,A,大學部,3,A,民法債編各論(二),2,必,60,40,,20,林昭志,L02-101,,,,"5,6",,,,"[{""day"": 4, ""dayName"": ""星期四"", ""periods"": [""5"", ""6""], ""raw"": ""5,6""}]",,,https://course.nuk.edu.tw/QueryCourse/tcontent.asp?OpenYear=109&Helf=1&Sclass=LA&Cono=C131,2026-08-26T18:22:53+00:00
109-1-LA-C905-A-3-A,109,1,法學院,LA,法律學系,C905,A,大學部,3,A,WTO與經貿紛爭解決,3,選,5,5,,0,陳一民,L02-415-1,,,,,"10,11, 12",,,"[{""day"": 5, ""dayName"": ""星期五"", ""periods"": [""10"", ""11"", ""12""], ""raw"": ""10,11, 12""}]",外加,1.109學年度國立高雄大學國際經貿談判人才培育跨校學分學程。2.指定加簽。上課教室:法學院415-1,https://course.nuk.edu.tw/QueryCourse/tcontent.asp?OpenYear=109&Helf=1&Sclass=LA&Cono=C905,2026-08-26T18:22:53+00:00
109-1-LA-C907-A-3-A,109,1,法學院,LA,法律學系,C907,A,大學部,3,A,英文經貿談判模擬演練,3,選,4,4,,0,傅鈺雯,L02-415-1,,,,,,"5,6, 7",,"[{""day"": 6, ""dayName"": ""星期六"", ""periods"": [""5"", ""6"", ""7""], ""raw"": ""5,6, 7""}]",外加,1.109學年度國立高雄大學國際經貿談判人才培育跨校學分學程。2.指定加簽。上課教室:法學院415-1,https://course.nuk.edu.tw/QueryCourse/tcontent.asp?OpenYear=109&Helf=1&Sclass=LA&Cono=C907,2026-08-26T18:22:53+00:00
109-1-LA-C90B-A-3-A,109,1,法學院,LA,法律學系,C90B,A,大學部,3,A,溝通與談判案例演練,3,選,31,31,,0,紀振清,L02-415-1,,,,,,"2,3, 4",,"[{""day"": 6, ""dayName"": ""星期六"", ""periods"": [""2"", ""3"", ""4""], ""raw"": ""2,3, 4""}]",外加,1.109學年度國立高雄大學國際經貿談判人才培育跨校學分學程。2.指定加簽。上課教室:法學院415-1,https://course.nuk.edu.tw/QueryCourse/tcontent.asp?OpenYear=109&Helf=1&Sclass=LA&Cono=C90B,2026-08-26T18:22:53+00:00
109-1-LA-D503-A-3-A,109,1,法學院,LA,法律學系,D503,A,大學部,3,A,消費者保護法,2,選,60,49,,11,李淑如,L02-102,,"7,8",,,,,,"[{""day"": 2, ""dayName"": ""星期二"", ""periods"": [""7"", ""8""], ""raw"": ""7,8""}]",,,https://course.nuk.edu.tw/QueryCourse/tcontent.asp?OpenYear=109&Helf=1&Sclass=LA&Cono=D503,2026-08-26T18:22:53+00:00
109-1-LA-C081-A-4-A,109,1,法學院,LA,法律學系,C081,A,大學部,4,A,民法實例演習,2,必,62,62,,0,張鈺光,L02-102,,,,,"2,3, 4,5",,,"[{""day"": 5, ""dayName"": ""星期五"", ""periods"": [""2"", ""3"", ""4"", ""5""], ""raw"": ""2,3, 4,5""}]",外加,隔週上4小時(比照國考時間),https://course.nuk.edu.tw/QueryCourse/tcontent.asp?OpenYear=109&Helf=1&Sclass=LA&Cono=C081,2026-08-26T18:22:53+00:00
109-1-LA-D011-A-4-A,109,1,法學院,LA,法律學系,D011,A,大學部,4,A,國際私法(一),2,必,120,73,,47,謝志鵬,L02-202,"7,8",,,,,,,"[{""day"": 1, ""dayName"": ""星期一"", ""periods"": [""7"", ""8""], ""raw"": ""7,8""}]",,,https://course.nuk.edu.tw/QueryCourse/tcontent.asp?OpenYear=109&Helf=1&Sclass=LA&Cono=D011,2026-08-26T18:22:53+00:00
109-1-LA-D021-A-4-A,109,1,法學院,LA,法律學系,D021,A,大學部,4,A,法理學,2,必,60,55,,5,賴志強,L02-101,,"5,6",,,,,,"[{""day"": 2, ""dayName"": ""星期二"", ""periods"": [""5"", ""6""], ""raw"": ""5,6""}]",,,https://course.nuk.edu.tw/QueryCourse/tcontent.asp?OpenYear=109&Helf=1&Sclass=LA&Cono=D021,2026-08-26T18:22:53+00:00
109-1-LA-D031-A-4-A,109,1,法學院,LA,法律學系,D031,A,大學部,4,A,強制執行法,3,必,92,92,,0,邱基峻,L02-202,,,,"2,3, 4",,,,"[{""day"": 4, ""dayName"": ""星期四"", ""periods"": [""2"", ""3"", ""4""], ""raw"": ""2,3, 4""}]",外加,授課教師：邱基峻老師,https://course.nuk.edu.tw/QueryCourse/tcontent.asp?OpenYear=109&Helf=1&Sclass=LA&Cono=D031,2026-08-26T18:22:53+00:00
109-1-LA-P03A-F-1-,109,1,法學院,LA,法律學系,P03A,F,大學部二年制在職專班,1,,刑法總則(一),2,必,25,14,,11,劉傳璟,L02-302,,,,"12,13",,,,"[{""day"": 4, ""dayName"": ""星期四"", ""periods"": [""12"", ""13""], ""raw"": ""12,13""}]",限修,限法學院二年制、碩專班學士後法律組選修,https://course.nuk.edu.tw/QueryCourse/tcontent.asp?OpenYear=109&Helf=1&Sclass=LA&Cono=P03A,2026-08-26T18:22:53+00:00
109-1-LA-P041-F-1-,109,1,法學院,LA,法律學系,P041,F,大學部二年制在職專班,1,,行政法總論(一),3,必,22,13,,9,紀振清,L02-301,,"10,11, 12",,,,,,"[{""day"": 2, ""dayName"": ""星期二"", ""periods"": [""10"", ""11"", ""12""], ""raw"": ""10,11, 12""}]",限修及外加,限法律系碩專班學士後法律組選修,https://course.nuk.edu.tw/QueryCourse/tcontent.asp?OpenYear=109&Helf=1&Sclass=LA&Cono=P041,2026-08-26T18:22:53+00:00
109-1-LA-P051-F-1-,109,1,法學院,LA,法律學系,P051,F,大學部二年制在職專班,1,,民法債編總論(一),3,必,27,23,,4,張鈺光,L02-204,,,"11,12, 13",,,,,"[{""day"": 3, ""dayName"": ""星期三"", ""periods"": [""11"", ""12"", ""13""], ""raw"": ""11,12, 13""}]",限修及外加,開放財法、政法二年制在職專班同學選修,https://course.nuk.edu.tw/QueryCourse/tcontent.asp?OpenYear=109&Helf=1&Sclass=LA&Cono=P051,2026-08-26T18:22:53+00:00
109-1-LA-Q02A-F-1-,109,1,法學院,LA,法律學系,Q02A,F,大學部二年制在職專班,1,,民法物權(一),2,必,50,25,,25,謝志鵬,L02-101,,"12,13",,,,,,"[{""day"": 2, ""dayName"": ""星期二"", ""periods"": [""12"", ""13""], ""raw"": ""12,13""}]",限修,與政法系二年制合班上課,https://course.nuk.edu.tw/QueryCourse/tcontent.asp?OpenYear=109&Helf=1&Sclass=LA&Cono=Q02A,2026-08-26T18:22:53+00:00
109-1-LA-Q04A-F-1-,109,1,法學院,LA,法律學系,Q04A,F,大學部二年制在職專班,1,,刑法分則(一),2,必,20,17,,3,吳俊毅,L02-301,,,,"10,11",,,,"[{""day"": 4, ""dayName"": ""星期四"", ""periods"": [""10"", ""11""], ""raw"": ""10,11""}]",限修,開放法學院二年制在職專班、碩專班學士後法律組同學選修,https://course.nuk.edu.tw/QueryCourse/tcontent.asp?OpenYear=109&Helf=1&Sclass=LA&Cono=Q04A,2026-08-26T18:22:53+00:00
109-1-LA-R071-F-1-,109,1,法學院,LA,法律學系,R071,F,大學部二年制在職專班,1,,民事訴訟法(一),3,必,20,11,,9,賴志強,L02-301,"10,11, 12",,,,,,,"[{""day"": 1, ""dayName"": ""星期一"", ""periods"": [""10"", ""11"", ""12""], ""raw"": ""10,11, 12""}]",限修,限法律系碩專班學士後法律組選修,https://course.nuk.edu.tw/QueryCourse/tcontent.asp?OpenYear=109&Helf=1&Sclass=LA&Cono=R071,2026-08-26T18:22:53+00:00
109-1-LA-R08A-F-1-,109,1,法學院,LA,法律學系,R08A,F,大學部二年制在職專班,1,,刑事訴訟法(一),3,必,22,22,,0,吳俊毅,L02-301,,,,,,"2,3, 4",,"[{""day"": 6, ""dayName"": ""星期六"", ""periods"": [""2"", ""3"", ""4""], ""raw"": ""2,3, 4""}]",限修及外加,開放法學院二年制在職專班、碩專班學士後法律組同學選修,https://course.nuk.edu.tw/QueryCourse/tcontent.asp?OpenYear=109&Helf=1&Sclass=LA&Cono=R08A,2026-08-26T18:22:53+00:00
109-1-LA-Q02A-F-2-,109,1,法學院,LA,法律學系,Q02A,F,大學部二年制在職專班,2,,民法物權(一),2,必,50,25,,25,謝志鵬,L02-101,,"12,13",,,,,,"[{""day"": 2, ""dayName"": ""星期二"", ""periods"": [""12"", ""13""], ""raw"": ""12,13""}]",,與法律系碩專班學士後法律組合班上課,https://course.nuk.edu.tw/QueryCourse/tcontent.asp?OpenYear=109&Helf=1&Sclass=LA&Cono=Q02A,2026-08-26T18:22:53+00:00
109-1-LA-T041-L-1-,109,1,法學院,LA,法律學系,T041,L,碩士在職專班,1,,基礎法學(英文)(一),2,必,24,24,,0,呂麗慧,L02-101,,,,,,"3,4",,"[{""day"": 6, ""dayName"": ""星期六"", ""periods"": [""3"", ""4""], ""raw"": ""3,4""}]",外加,1.碩專班：德文/日文/英文三選一為必修 2.全英語授課。,https://course.nuk.edu.tw/QueryCourse/tcontent.asp?OpenYear=109&Helf=1&Sclass=LA&Cono=T041,2026-08-26T18:22:53+00:00
109-1-LA-T067-L-1-,109,1,法學院,LA,法律學系,T067,L,碩士在職專班,1,,基礎法學(日文)(一),2,必,20,7,,13,簡玉聰,L02-203,,,,,,"7,8",,"[{""day"": 6, ""dayName"": ""星期六"", ""periods"": [""7"", ""8""], ""raw"": ""7,8""}]",,碩專班：德文/日文/英文三選一為必修。,https://course.nuk.edu.tw/QueryCourse/tcontent.asp?OpenYear=109&Helf=1&Sclass=LA&Cono=T067,2026-08-26T18:22:53+00:00
109-1-LA-T42A-L-1-,109,1,法學院,LA,法律學系,T42A,L,碩士在職專班,1,,信託法與不動產實務專題研究(一~四),2,選,39,39,,0,張鈺光,L02-204-1,,,,"12,13",,,,"[{""day"": 4, ""dayName"": ""星期四"", ""periods"": [""12"", ""13""], ""raw"": ""12,13""}]",外加,民商法組選修課程,https://course.nuk.edu.tw/QueryCourse/tcontent.asp?OpenYear=109&Helf=1&Sclass=LA&Cono=T42A,2026-08-26T18:22:53+00:00
109-1-LA-T51A-L-1-,109,1,法學院,LA,法律學系,T51A,L,碩士在職專班,1,,行政法專題研究(一),2,選,20,19,,1,張永明,L02-305,"10,11",,,,,,,"[{""day"": 1, ""dayName"": ""星期一"", ""periods"": [""10"", ""11""], ""raw"": ""10,11""}]",,公法組選修課程,https://course.nuk.edu.tw/QueryCourse/tcontent.asp?OpenYear=109&Helf=1&Sclass=LA&Cono=T51A,2026-08-26T18:22:53+00:00
109-1-LA-T561-L-1-,109,1,法學院,LA,法律學系,T561,L,碩士在職專班,1,,行政救濟法專題研究,2,選,31,31,,0,陳正根,L02-302,,,"10,11",,,,,"[{""day"": 3, ""dayName"": ""星期三"", ""periods"": [""10"", ""11""], ""raw"": ""10,11""}]",外加,公法組選修課程,https://course.nuk.edu.tw/QueryCourse/tcontent.asp?OpenYear=109&Helf=1&Sclass=LA&Cono=T561,2026-08-26T18:22:53+00:00
109-1-LA-T572-L-1-,109,1,法學院,LA,法律學系,T572,L,碩士在職專班,1,,政府採購法專題研究(一~四),2,選,20,9,,11,紀振清,L02-301,,,"10,11",,,,,"[{""day"": 3, ""dayName"": ""星期三"", ""periods"": [""10"", ""11""], ""raw"": ""10,11""}]",,1.公法組選修課程 2.開放三系碩士(專)班選修,https://course.nuk.edu.tw/QueryCourse/tcontent.asp?OpenYear=109&Helf=1&Sclass=LA&Cono=T572,2026-08-26T18:22:53+00:00
109-1-LA-T651-L-1-,109,1,法學院,LA,法律學系,T651,L,碩士在職專班,1,,法律資訊學專題研究(一~四),2,選,20,18,,2,紀振清,L02-301,,,"12,13",,,,,"[{""day"": 3, ""dayName"": ""星期三"", ""periods"": [""12"", ""13""], ""raw"": ""12,13""}]",,1.公法組選修課程 2.開放三系碩士(專)班選修,https://course.nuk.edu.tw/QueryCourse/tcontent.asp?OpenYear=109&Helf=1&Sclass=LA&Cono=T651,2026-08-26T18:22:53+00:00
109-1-LA-T683-L-1-,109,1,法學院,LA,法律學系,T683,L,碩士在職專班,1,,比較保險契約法專題研究(一),2,選,20,18,,2,林昭志,L02-307,,,"10,11",,,,,"[{""day"": 3, ""dayName"": ""星期三"", ""periods"": [""10"", ""11""], ""raw"": ""10,11""}]",,民商法組選修課程,https://course.nuk.edu.tw/QueryCourse/tcontent.asp?OpenYear=109&Helf=1&Sclass=LA&Cono=T683,2026-08-26T18:22:53+00:00
109-1-LA-T70C-L-1-,109,1,法學院,LA,法律學系,T70C,L,碩士在職專班,1,,比較醫療刑法專題研究(三),2,選,28,27,,1,劉傳璟,L02-302,,,,"10,11",,,,"[{""day"": 4, ""dayName"": ""星期四"", ""periods"": [""10"", ""11""], ""raw"": ""10,11""}]",外加,刑法組選課程,https://course.nuk.edu.tw/QueryCourse/tcontent.asp?OpenYear=109&Helf=1&Sclass=LA&Cono=T70C,2026-08-26T18:22:53+00:00
109-1-LA-T756-L-1-,109,1,法學院,LA,法律學系,T756,L,碩士在職專班,1,,物權法專題研究(二),2,選,16,16,,0,謝志鵬,L02-302,,"10,11",,,,,,"[{""day"": 2, ""dayName"": ""星期二"", ""periods"": [""10"", ""11""], ""raw"": ""10,11""}]",外加,民商法組選修課程,https://course.nuk.edu.tw/QueryCourse/tcontent.asp?OpenYear=109&Helf=1&Sclass=LA&Cono=T756,2026-08-26T18:22:53+00:00
109-1-LA-T846-L-1-,109,1,法學院,LA,法律學系,T846,L,碩士在職專班,1,,德文文獻選讀(一),2,選,35,35,,0,陳正根,L02-302,,,"12,13",,,,,"[{""day"": 3, ""dayName"": ""星期三"", ""periods"": [""12"", ""13""], ""raw"": ""12,13""}]",外加,三組皆可選修,https://course.nuk.edu.tw/QueryCourse/tcontent.asp?OpenYear=109&Helf=1&Sclass=LA&Cono=T846,2026-08-26T18:22:53+00:00
109-1-LA-T84M-L-1-,109,1,法學院,LA,法律學系,T84M,L,碩士在職專班,1,,英文法學名著選讀(一),2,選,20,17,,3,林昭志,L02-307,,,,"10,11",,,,"[{""day"": 4, ""dayName"": ""星期四"", ""periods"": [""10"", ""11""], ""raw"": ""10,11""}]",,1.三組皆可選修課程。2.全英語授課。,https://course.nuk.edu.tw/QueryCourse/tcontent.asp?OpenYear=109&Helf=1&Sclass=LA&Cono=T84M,2026-08-26T18:22:53+00:00
109-1-LA-F032-M-1-,109,1,法學院,LA,法律學系,F032,M,碩士班,1,,基礎法學(德文)(一),2,必,24,24,,0,陳正根,L02-302,,,,"7,8",,,,"[{""day"": 4, ""dayName"": ""星期四"", ""periods"": [""7"", ""8""], ""raw"": ""7,8""}]",外加,碩士班：德/日/法三選一為必修,https://course.nuk.edu.tw/QueryCourse/tcontent.asp?OpenYear=109&Helf=1&Sclass=LA&Cono=F032,2026-08-26T18:22:53+00:00
109-1-LA-F53B-M-1-,109,1,法學院,LA,法律學系,F53B,M,碩士班,1,,最高法院民事判決專題研究(二),2,選,20,11,,9,張鈺光 李淑如,L02-301,,,,"5,6",,,,"[{""day"": 4, ""dayName"": ""星期四"", ""periods"": [""5"", ""6""], ""raw"": ""5,6""}]",,民商法組選修課程,https://course.nuk.edu.tw/QueryCourse/tcontent.asp?OpenYear=109&Helf=1&Sclass=LA&Cono=F53B,2026-08-26T18:22:53+00:00
109-1-LA-F64B-M-1-,109,1,法學院,LA,法律學系,F64B,M,碩士班,1,,國際私法專題研究(二),2,選,15,10,,5,謝志鵬,L02-301,,,"7,8",,,,,"[{""day"": 3, ""dayName"": ""星期三"", ""periods"": [""7"", ""8""], ""raw"": ""7,8""}]",,民商法組選修課程,https://course.nuk.edu.tw/QueryCourse/tcontent.asp?OpenYear=109&Helf=1&Sclass=LA&Cono=F64B,2026-08-26T18:22:53+00:00
109-1-LA-F682-M-1-,109,1,法學院,LA,法律學系,F682,M,碩士班,1,,法理學專題研究(二),2,選,15,8,,7,賴志強,L02-301,,,,"3,4",,,,"[{""day"": 4, ""dayName"": ""星期四"", ""periods"": [""3"", ""4""], ""raw"": ""3,4""}]",,1.三組皆可選修。2. 開放法學院大學部三年級以上同學選修。,https://course.nuk.edu.tw/QueryCourse/tcontent.asp?OpenYear=109&Helf=1&Sclass=LA&Cono=F682,2026-08-26T18:22:53+00:00
109-1-LA-F992-M-1-,109,1,法學院,LA,法律學系,F992,M,碩士班,1,,刑事訴訟法專題研究(二),2,選,15,12,,3,吳俊毅,L02-301,,,,"7,8",,,,"[{""day"": 4, ""dayName"": ""星期四"", ""periods"": [""7"", ""8""], ""raw"": ""7,8""}]",,刑法組選修課程,https://course.nuk.edu.tw/QueryCourse/tcontent.asp?OpenYear=109&Helf=1&Sclass=LA&Cono=F992,2026-08-26T18:22:53+00:00
109-1-LAD-K010-D-1-,109,1,法學院,LAD,法學院博士班,K010,D,博士班,1,,學術倫理與法律,2,必,30,4,,26,陳正根 紀振清 張鈺光 劉傳璟 姚朝森 楊鈞池 廖義銘 周伯翰 謝國廉 謝開平,L02-305,,"8,9",,,,,,"[{""day"": 2, ""dayName"": ""星期二"", ""periods"": [""8"", ""9""], ""raw"": ""8,9""}]",,,https://course.nuk.edu.tw/QueryCourse/tcontent.asp?OpenYear=109&Helf=1&Sclass=LAD&Cono=K010,2026-08-26T18:22:53+00:00
109-1-LAD-K508-D-1-,109,1,法學院,LAD,法學院博士班,K508,D,博士班,1,,法學德文(一~四),2,選,30,3,,27,張永明,L02-305,,"12,13",,,,,,"[{""day"": 2, ""dayName"": ""星期二"", ""periods"": [""12"", ""13""], ""raw"": ""12,13""}]",,,https://course.nuk.edu.tw/QueryCourse/tcontent.asp?OpenYear=109&Helf=1&Sclass=LAD&Cono=K508,2026-08-26T18:22:53+00:00
109-1-LAD-K50C-D-1-,109,1,法學院,LAD,法學院博士班,K50C,D,博士班,1,,法學專業日文（一）,2,選,30,2,,28,簡玉聰,L02-203,,,,,,"3,4",,"[{""day"": 6, ""dayName"": ""星期六"", ""periods"": [""3"", ""4""], ""raw"": ""3,4""}]",,博士班開課，但允許碩士生選修,https://course.nuk.edu.tw/QueryCourse/tcontent.asp?OpenYear=109&Helf=1&Sclass=LAD&Cono=K50C,2026-08-26T18:22:53+00:00
109-1-LAD-K50G-D-1-,109,1,法學院,LAD,法學院博士班,K50G,D,博士班,1,,法學英文（三）,2,選,21,21,,0,吳行浩,L02-306,,"6,7",,,,,,"[{""day"": 2, ""dayName"": ""星期二"", ""periods"": [""6"", ""7""], ""raw"": ""6,7""}]",,全英語授課、博碩合開。開放本院大學部3-4年級、二年制在職專班2年級以上、碩士班及碩士在職專班學生選修,https://course.nuk.edu.tw/QueryCourse/tcontent.asp?OpenYear=109&Helf=1&Sclass=LAD&Cono=K50G,2026-08-26T18:22:53+00:00
109-1-LAD-K513-D-1-,109,1,法學院,LAD,法學院博士班,K513,D,博士班,1,,氣候變遷與永續發展法政策專題研究,2,選,20,7,,13,吳行浩 葉育君,L02-306,,,,"5,6",,,,"[{""day"": 4, ""dayName"": ""星期四"", ""periods"": [""5"", ""6""], ""raw"": ""5,6""}]",學程,開放本院大學部3-4年級、二年制在職專班學生選修、博碩合開，全英語授課,https://course.nuk.edu.tw/QueryCourse/tcontent.asp?OpenYear=109&Helf=1&Sclass=LAD&Cono=K513,2026-08-26T18:22:53+00:00
109-1-LAD-K52B-D-1-,109,1,法學院,LAD,法學院博士班,K52B,D,博士班,1,,智慧財產權法專題研究（二）,2,選,20,6,,14,周伯翰,L02-306,,"12,13",,,,,,"[{""day"": 2, ""dayName"": ""星期二"", ""periods"": [""12"", ""13""], ""raw"": ""12,13""}]",,博碩合開，開放本院碩士班及碩士在職專班學生選修,https://course.nuk.edu.tw/QueryCourse/tcontent.asp?OpenYear=109&Helf=1&Sclass=LAD&Cono=K52B,2026-08-26T18:22:53+00:00
109-1-LAD-K56C-D-1-,109,1,法學院,LAD,法學院博士班,K56C,D,博士班,1,,產業經濟法專題研究(一~四),2,選,3,3,,0,紀振清,L02-301,,,,,,,"1,2, 3,4","[{""day"": 7, ""dayName"": ""星期日"", ""periods"": [""1"", ""2"", ""3"", ""4""], ""raw"": ""1,2, 3,4""}]",外加,1.由教師決定修習必要人選。2.隔週上課。3.公法組選修。4.碩博班合開。,https://course.nuk.edu.tw/QueryCourse/tcontent.asp?OpenYear=109&Helf=1&Sclass=LAD&Cono=K56C,2026-08-26T18:22:53+00:00
109-1-LAD-K591-D-1-,109,1,法學院,LAD,法學院博士班,K591,D,博士班,1,,醫療刑法專題研究(二),2,選,13,12,,1,劉傳璟,L02-301,,,,,"3,4",,,"[{""day"": 5, ""dayName"": ""星期五"", ""periods"": [""3"", ""4""], ""raw"": ""3,4""}]",,博碩合開,https://course.nuk.edu.tw/QueryCourse/tcontent.asp?OpenYear=109&Helf=1&Sclass=LAD&Cono=K591,2026-08-26T18:22:53+00:00
109-1-LAD-K61A-D-1-,109,1,法學院,LAD,法學院博士班,K61A,D,博士班,1,,比較刑法專題研究（一）,2,選,20,1,,19,張麗卿,L02-305,,,"5,6",,,,,"[{""day"": 3, ""dayName"": ""星期三"", ""periods"": [""5"", ""6""], ""raw"": ""5,6""}]",,,https://course.nuk.edu.tw/QueryCourse/tcontent.asp?OpenYear=109&Helf=1&Sclass=LAD&Cono=K61A,2026-08-26T18:22:53+00:00
109-1-LAD-K684-D-1-,109,1,法學院,LAD,法學院博士班,K684,D,博士班,1,,高階法政策學專題研究(一~四),2,選,3,3,,0,廖義銘,L02-310,,,,,"12,13",,,"[{""day"": 5, ""dayName"": ""星期五"", ""periods"": [""12"", ""13""], ""raw"": ""12,13""}]",限修及外加,指定加選需經授課教師同意,https://course.nuk.edu.tw/QueryCourse/tcontent.asp?OpenYear=109&Helf=1&Sclass=LAD&Cono=K684,2026-08-26T18:22:53+00:00
109-1-LAD-K687-D-1-,109,1,法學院,LAD,法學院博士班,K687,D,博士班,1,,人工智慧法律專題研究(一),2,選,20,15,,5,張麗卿,L02-305,,,,"7,8",,,,"[{""day"": 4, ""dayName"": ""星期四"", ""periods"": [""7"", ""8""], ""raw"": ""7,8""}]",,開放法學院所有博碩士班課程選修。,https://course.nuk.edu.tw/QueryCourse/tcontent.asp?OpenYear=109&Helf=1&Sclass=LAD&Cono=K687,2026-08-26T18:22:53+00:00
109-1-LAD-K69D-D-1-,109,1,法學院,LAD,法學院博士班,K69D,D,博士班,1,,商事法專題研究(四),2,選,20,19,,1,黃清溪,L02-305,,,,,,"5,6, 7,8",,"[{""day"": 6, ""dayName"": ""星期六"", ""periods"": [""5"", ""6"", ""7"", ""8""], ""raw"": ""5,6, 7,8""}]",,1.博碩合開與法律系碩專合班上課 2.黃清溪教授係旅居日本之日本拓殖大學之教授，每月自日本返台授課，每次停留一至二週，故上課時間集中於黃老師返台期間週六下午四小時。欲修習本課程之同學，請斟酌其他課程之排課時間，避免衝堂情形，實際上課時間將於開學後公告於系網頁，請選課同學留意。,https://course.nuk.edu.tw/QueryCourse/tcontent.asp?OpenYear=109&Helf=1&Sclass=LAD&Cono=K69D,2026-08-26T18:22:53+00:00
109-1-LAD-K701-D-1-,109,1,法學院,LAD,法學院博士班,K701,D,博士班,1,,銀髮族法專題研究,2,選,20,11,,9,陳月端,L02-415-1,,"8,9",,,,,,"[{""day"": 2, ""dayName"": ""星期二"", ""periods"": [""8"", ""9""], ""raw"": ""8,9""}]",,博碩合班。,https://course.nuk.edu.tw/QueryCourse/tcontent.asp?OpenYear=109&Helf=1&Sclass=LAD&Cono=K701,2026-08-26T18:22:53+00:00
109-1-LAD-K70C-D-1-,109,1,法學院,LAD,法學院博士班,K70C,D,博士班,1,,德國刑事法學名著選讀(一~四),2,選,1,1,,0,吳俊毅,,,,,,,"5,6",,"[{""day"": 6, ""dayName"": ""星期六"", ""periods"": [""5"", ""6""], ""raw"": ""5,6""}]",外加,指定加選需經授課教師同意，上課教室L02-627-1。,https://course.nuk.edu.tw/QueryCourse/tcontent.asp?OpenYear=109&Helf=1&Sclass=LAD&Cono=K70C,2026-08-26T18:22:53+00:00
109-1-LAD-K50G-M-1-,109,1,法學院,LAD,法學院博士班,K50G,M,碩士班,1,,法學英文（三）,2,必,21,21,,0,吳行浩,L02-306,,"6,7",,,,,,"[{""day"": 2, ""dayName"": ""星期二"", ""periods"": [""6"", ""7""], ""raw"": ""6,7""}]",,1.全英語授課2.開放本院大學部3-4年級、二年制在職專班2年級以上、碩士班及碩士在職專班學生選修3.博碩合開,https://course.nuk.edu.tw/QueryCourse/tcontent.asp?OpenYear=109&Helf=1&Sclass=LAD&Cono=K50G,2026-08-26T18:22:53+00:00
109-1-LAD-K513-M-1-,109,1,法學院,LAD,法學院博士班,K513,M,碩士班,1,,氣候變遷與永續發展法政策專題研究,2,選,20,7,,13,吳行浩 葉育君,L02-306,,,,"5,6",,,,"[{""day"": 4, ""dayName"": ""星期四"", ""periods"": [""5"", ""6""], ""raw"": ""5,6""}]",學程,開放本院大學部3-4年級、二年制在職專班學生選修、博碩合開、，全英語授課。,https://course.nuk.edu.tw/QueryCourse/tcontent.asp?OpenYear=109&Helf=1&Sclass=LAD&Cono=K513,2026-08-26T18:22:53+00:00
109-1-LAD-K56C-M-1-,109,1,法學院,LAD,法學院博士班,K56C,M,碩士班,1,,產業經濟法專題研究(一~四),2,選,3,3,,0,紀振清,L02-301,,,,,,,"1,2, 3,4","[{""day"": 7, ""dayName"": ""星期日"", ""periods"": [""1"", ""2"", ""3"", ""4""], ""raw"": ""1,2, 3,4""}]",外加,1.由教師決定修習必要人選。2.隔週上課。3.公法組選修。4.碩博班合開。,https://course.nuk.edu.tw/QueryCourse/tcontent.asp?OpenYear=109&Helf=1&Sclass=LAD&Cono=K56C,2026-08-26T18:22:53+00:00
109-1-LAD-K591-M-1-,109,1,法學院,LAD,法學院博士班,K591,M,碩士班,1,,醫療刑法專題研究(二),2,選,13,12,,1,劉傳璟,L02-301,,,,,"3,4",,,"[{""day"": 5, ""dayName"": ""星期五"", ""periods"": [""3"", ""4""], ""raw"": ""3,4""}]",,刑法組選修課程,https://course.nuk.edu.tw/QueryCourse/tcontent.asp?OpenYear=109&Helf=1&Sclass=LAD&Cono=K591,2026-08-26T18:22:53+00:00
109-1-LAD-K687-M-1-,109,1,法學院,LAD,法學院博士班,K687,M,碩士班,1,,人工智慧法律專題研究(一),2,選,20,15,,5,張麗卿,L02-305,,,,"7,8",,,,"[{""day"": 4, ""dayName"": ""星期四"", ""periods"": [""7"", ""8""], ""raw"": ""7,8""}]",,博碩合開，開放法學院所有碩博士班課程選修。,https://course.nuk.edu.tw/QueryCourse/tcontent.asp?OpenYear=109&Helf=1&Sclass=LAD&Cono=K687,2026-08-26T18:22:53+00:00
109-1-LAD-K701-M-1-,109,1,法學院,LAD,法學院博士班,K701,M,碩士班,1,,銀髮族法專題研究,2,選,20,11,,9,陳月端,L02-415-1,,"8,9",,,,,,"[{""day"": 2, ""dayName"": ""星期二"", ""periods"": [""8"", ""9""], ""raw"": ""8,9""}]",,博碩合班,https://course.nuk.edu.tw/QueryCourse/tcontent.asp?OpenYear=109&Helf=1&Sclass=LAD&Cono=K701,2026-08-26T18:22:53+00:00
109-1-LAD-K52B-M-2-,109,1,法學院,LAD,法學院博士班,K52B,M,碩士班,2,,智慧財產權法專題研究（二）,2,選,20,6,,14,周伯翰,L02-306,,"12,13",,,,,,"[{""day"": 2, ""dayName"": ""星期二"", ""periods"": [""12"", ""13""], ""raw"": ""12,13""}]",,博碩合開，開放本院碩士班及碩士在職專班學生選修。,https://course.nuk.edu.tw/QueryCourse/tcontent.asp?OpenYear=109&Helf=1&Sclass=LAD&Cono=K52B,2026-08-26T18:22:53+00:00
109-1-LAD-K69D-M-2-,109,1,法學院,LAD,法學院博士班,K69D,M,碩士班,2,,商事法專題研究(四),2,選,20,19,,1,黃清溪,L02-305,,,,,,"5,6, 7,8",,"[{""day"": 6, ""dayName"": ""星期六"", ""periods"": [""5"", ""6"", ""7"", ""8""], ""raw"": ""5,6, 7,8""}]",,"1.博碩合開與法律系碩專合班上課。2.黃清溪教授係旅居日本之日本拓殖大學之教授,每月自日本返台授課,每次停留一至二週,故上課時間集中於黃老師返台期間週六下午四小時。欲修習本課程之同學,請斟酌其他課程之排課時間避免衝堂情形,實際上課時間將於開學後公告於系網頁,請選課同學留意。",https://course.nuk.edu.tw/QueryCourse/tcontent.asp?OpenYear=109&Helf=1&Sclass=LAD&Cono=K69D,2026-08-26T18:22:53+00:00
109-1-AC-A01A-A-1-A,109,1,理學院,AC,應用化學系,A01A,A,大學部,1,A,普通化學(一),3,必,60,48,,12,鄭秀英,C02-104,,,,"2,3, 4",,,,"[{""day"": 4, ""dayName"": ""星期四"", ""periods"": [""2"", ""3"", ""4""], ""raw"": ""2,3, 4""}]",,,https://course.nuk.edu.tw/QueryCourse/tcontent.asp?OpenYear=109&Helf=1&Sclass=AC&Cono=A01A,2026-08-26T18:22:53+00:00
109-1-AC-A021-A-1-A,109,1,理學院,AC,應用化學系,A021,A,大學部,1,A,普通化學實驗(一),1,必,60,45,,15,李頂瑜,C02-203,"2,3, 4",,,,,,,"[{""day"": 1, ""dayName"": ""星期一"", ""periods"": [""2"", ""3"", ""4""], ""raw"": ""2,3, 4""}]",,C02-203,https://course.nuk.edu.tw/QueryCourse/tcontent.asp?OpenYear=109&Helf=1&Sclass=AC&Cono=A021,2026-08-26T18:22:53+00:00
109-1-AC-A04A-A-1-A,109,1,理學院,AC,應用化學系,A04A,A,大學部,1,A,普通物理(一),3,必,60,58,,2,孫士傑,C02-103,,"2,3, 4",,,,,,"[{""day"": 2, ""dayName"": ""星期二"", ""periods"": [""2"", ""3"", ""4""], ""raw"": ""2,3, 4""}]",,,https://course.nuk.edu.tw/QueryCourse/tcontent.asp?OpenYear=109&Helf=1&Sclass=AC&Cono=A04A,2026-08-26T18:22:53+00:00
109-1-AC-A05A-A-1-A,109,1,理學院,AC,應用化學系,A05A,A,大學部,1,A,普通物理實驗(一),1,必,60,49,,11,胡裕民,C02-3004,,,,"5,6, 7",,,,"[{""day"": 4, ""dayName"": ""星期四"", ""periods"": [""5"", ""6"", ""7""], ""raw"": ""5,6, 7""}]",,C02-3004,https://course.nuk.edu.tw/QueryCourse/tcontent.asp?OpenYear=109&Helf=1&Sclass=AC&Cono=A05A,2026-08-26T18:22:53+00:00
109-1-AC-A06A-A-1-A,109,1,理學院,AC,應用化學系,A06A,A,大學部,1,A,微積分(一),3,必,64,64,,0,張惠蘭,C02-407,,,,,"1,2, 3",,,"[{""day"": 5, ""dayName"": ""星期五"", ""periods"": [""1"", ""2"", ""3""], ""raw"": ""1,2, 3""}]",,需大黑板上課,https://course.nuk.edu.tw/QueryCourse/tcontent.asp?OpenYear=109&Helf=1&Sclass=AC&Cono=A06A,2026-08-26T18:22:53+00:00
109-1-AC-A071-A-1-A,109,1,理學院,AC,應用化學系,A071,A,大學部,1,A,計算機概論,3,必,70,53,,17,莊曜遠,L01-108 其他教室,,"5,6, 7",,,,,,"[{""day"": 2, ""dayName"": ""星期二"", ""periods"": [""5"", ""6"", ""7""], ""raw"": ""5,6, 7""}]",,需電腦教室及普通教室,https://course.nuk.edu.tw/QueryCourse/tcontent.asp?OpenYear=109&Helf=1&Sclass=AC&Cono=A071,2026-08-26T18:22:53+00:00
109-1-AC-B01A-A-2-A,109,1,理學院,AC,應用化學系,B01A,A,大學部,2,A,有機化學(一),4,必,80,50,,30,郭文章,C02-108,"2,3, 4",1,,,,,,"[{""day"": 1, ""dayName"": ""星期一"", ""periods"": [""2"", ""3"", ""4""], ""raw"": ""2,3, 4""}, {""day"": 2, ""dayName"": ""星期二"", ""periods"": [""1""], ""raw"": ""1""}]",,需有大黑板(108、105),https://course.nuk.edu.tw/QueryCourse/tcontent.asp?OpenYear=109&Helf=1&Sclass=AC&Cono=B01A,2026-08-26T18:22:53+00:00
109-1-AC-B041-A-2-A,109,1,理學院,AC,應用化學系,B041,A,大學部,2,A,有機化學實驗(一)A,1,必,60,19,,41,周志明,C02-203,"5,6, 7",,,,,,,"[{""day"": 1, ""dayName"": ""星期一"", ""periods"": [""5"", ""6"", ""7""], ""raw"": ""5,6, 7""}]",,"C02-203,大二單號",https://course.nuk.edu.tw/QueryCourse/tcontent.asp?OpenYear=109&Helf=1&Sclass=AC&Cono=B041,2026-08-26T18:22:53+00:00
109-1-AC-B042-A-2-A,109,1,理學院,AC,應用化學系,B042,A,大學部,2,A,有機化學實驗(一)B,1,必,60,19,,41,黃榮宗,C02-203,,,,,"5,6, 7",,,"[{""day"": 5, ""dayName"": ""星期五"", ""periods"": [""5"", ""6"", ""7""], ""raw"": ""5,6, 7""}]",,"C02-203,大二雙號",https://course.nuk.edu.tw/QueryCourse/tcontent.asp?OpenYear=109&Helf=1&Sclass=AC&Cono=B042,2026-08-26T18:22:53+00:00
109-1-AC-B062-A-2-A,109,1,理學院,AC,應用化學系,B062,A,大學部,2,A,儀器分析(一),3,必,75,49,,26,劉福鯤,C02-108,,,,"2,3, 4",,,,"[{""day"": 4, ""dayName"": ""星期四"", ""periods"": [""2"", ""3"", ""4""], ""raw"": ""2,3, 4""}]",,,https://course.nuk.edu.tw/QueryCourse/tcontent.asp?OpenYear=109&Helf=1&Sclass=AC&Cono=B062,2026-08-26T18:22:53+00:00
109-1-AC-B12A-A-2-A,109,1,理學院,AC,應用化學系,B12A,A,大學部,2,A,分析化學實驗,1,必,60,37,,23,何永皓,C02-203,,"5,6, 7",,,,,,"[{""day"": 2, ""dayName"": ""星期二"", ""periods"": [""5"", ""6"", ""7""], ""raw"": ""5,6, 7""}]",限修,C02-203,https://course.nuk.edu.tw/QueryCourse/tcontent.asp?OpenYear=109&Helf=1&Sclass=AC&Cono=B12A,2026-08-26T18:22:53+00:00
109-1-AC-B141-A-2-A,109,1,理學院,AC,應用化學系,B141,A,大學部,2,A,應用化學概論,3,必,60,43,,17,蔡振章 陳振興,C02-211,,,"5,6, 7",,,,,"[{""day"": 3, ""dayName"": ""星期三"", ""periods"": [""5"", ""6"", ""7""], ""raw"": ""5,6, 7""}]",,請安排C02-211,https://course.nuk.edu.tw/QueryCourse/tcontent.asp?OpenYear=109&Helf=1&Sclass=AC&Cono=B141,2026-08-26T18:22:53+00:00
109-1-AC-B581-A-2-A,109,1,理學院,AC,應用化學系,B581,A,大學部,2,A,應用有機化學概論,2,選,60,32,,28,郭文章,C02-103,,,"2,3",,,,,"[{""day"": 3, ""dayName"": ""星期三"", ""periods"": [""2"", ""3""], ""raw"": ""2,3""}]",,,https://course.nuk.edu.tw/QueryCourse/tcontent.asp?OpenYear=109&Helf=1&Sclass=AC&Cono=B581,2026-08-26T18:22:53+00:00
109-1-AC-C01A-A-3-A,109,1,理學院,AC,應用化學系,C01A,A,大學部,3,A,無機化學(一),3,必,70,57,,13,莊琇惠,C02-108,,,"2,3, 4",,,,,"[{""day"": 3, ""dayName"": ""星期三"", ""periods"": [""2"", ""3"", ""4""], ""raw"": ""2,3, 4""}]",,需有大黑板(108),https://course.nuk.edu.tw/QueryCourse/tcontent.asp?OpenYear=109&Helf=1&Sclass=AC&Cono=C01A,2026-08-26T18:22:53+00:00
109-1-AC-C02B-A-3-A,109,1,理學院,AC,應用化學系,C02B,A,大學部,3,A,物理化學(二),3,必,61,44,,17,莊曜遠,C02-108,,,,,"5,6, 7",,,"[{""day"": 5, ""dayName"": ""星期五"", ""periods"": [""5"", ""6"", ""7""], ""raw"": ""5,6, 7""}]",,,https://course.nuk.edu.tw/QueryCourse/tcontent.asp?OpenYear=109&Helf=1&Sclass=AC&Cono=C02B,2026-08-26T18:22:53+00:00
109-1-AC-C031-A-3-A,109,1,理學院,AC,應用化學系,C031,A,大學部,3,A,物理化學實驗,1,必,60,41,,19,鄭秀英,C02-204,,"2,3, 4",,,,,,"[{""day"": 2, ""dayName"": ""星期二"", ""periods"": [""2"", ""3"", ""4""], ""raw"": ""2,3, 4""}]",,C02-204,https://course.nuk.edu.tw/QueryCourse/tcontent.asp?OpenYear=109&Helf=1&Sclass=AC&Cono=C031,2026-08-26T18:22:53+00:00
109-1-AC-C543-A-3-A,109,1,理學院,AC,應用化學系,C543,A,大學部,3,A,生物化學(一),3,選,60,26,,34,葛孟杰,C02-111,,,,"2,3, 4",,,,"[{""day"": 4, ""dayName"": ""星期四"", ""periods"": [""2"", ""3"", ""4""], ""raw"": ""2,3, 4""}]",,,https://course.nuk.edu.tw/QueryCourse/tcontent.asp?OpenYear=109&Helf=1&Sclass=AC&Cono=C543,2026-08-26T18:22:53+00:00
109-1-AC-C592-A-3-A,109,1,理學院,AC,應用化學系,C592,A,大學部,3,A,專題研究(一),3,選,60,12,,48,蔡振章 陳振興 鄭秀英,C02-104,,,,,"10,11, 12",,,"[{""day"": 5, ""dayName"": ""星期五"", ""periods"": [""10"", ""11"", ""12""], ""raw"": ""10,11, 12""}]",,,https://course.nuk.edu.tw/QueryCourse/tcontent.asp?OpenYear=109&Helf=1&Sclass=AC&Cono=C592,2026-08-26T18:22:53+00:00
109-1-AC-F64A-A-3-A,109,1,理學院,AC,應用化學系,F64A,A,大學部,3,A,有機化學(三),3,選,30,5,,25,周志明,C02-211,"2,3, 4",,,,,,,"[{""day"": 1, ""dayName"": ""星期一"", ""periods"": [""2"", ""3"", ""4""], ""raw"": ""2,3, 4""}]",學程,"1.須曾修習有機(一)(二) 2.屬先進材料學程 3.大三、四及碩班合開,請排C02-211",https://course.nuk.edu.tw/QueryCourse/tcontent.asp?OpenYear=109&Helf=1&Sclass=AC&Cono=F64A,2026-08-26T18:22:53+00:00
109-1-AC-C661-A-4-A,109,1,理學院,AC,應用化學系,C661,A,大學部,4,A,有機化學特論,3,選,60,35,,25,黃榮宗,C02-107,"2,3, 4",,,,,,,"[{""day"": 1, ""dayName"": ""星期一"", ""periods"": [""2"", ""3"", ""4""], ""raw"": ""2,3, 4""}]",,"需大黑板,",https://course.nuk.edu.tw/QueryCourse/tcontent.asp?OpenYear=109&Helf=1&Sclass=AC&Cono=C661,2026-08-26T18:22:53+00:00
109-1-AC-D011-A-4-A,109,1,理學院,AC,應用化學系,D011,A,大學部,4,A,書報討論(二),1,必,60,37,,23,周志明,C02-111,,,,"6,7",,,,"[{""day"": 4, ""dayName"": ""星期四"", ""periods"": [""6"", ""7""], ""raw"": ""6,7""}]",,"修習本課程,須同時修習論文研討(二),請排111",https://course.nuk.edu.tw/QueryCourse/tcontent.asp?OpenYear=109&Helf=1&Sclass=AC&Cono=D011,2026-08-26T18:22:53+00:00
109-1-AC-D702-A-4-A,109,1,理學院,AC,應用化學系,D702,A,大學部,4,A,論文研討(二),1,選,60,36,,24,李頂瑜,C02-104,,,,"8,9",,,,"[{""day"": 4, ""dayName"": ""星期四"", ""periods"": [""8"", ""9""], ""raw"": ""8,9""}]",,"修習書報討論,須修習本課程",https://course.nuk.edu.tw/QueryCourse/tcontent.asp?OpenYear=109&Helf=1&Sclass=AC&Cono=D702,2026-08-26T18:22:53+00:00
109-1-AC-F501-A-4-A,109,1,理學院,AC,應用化學系,F501,A,大學部,4,A,有機光電材料,3,選,30,5,,25,郭文章,C02-104,,"5,6, 7",,,,,,"[{""day"": 2, ""dayName"": ""星期二"", ""periods"": [""5"", ""6"", ""7""], ""raw"": ""5,6, 7""}]",學程,大四與碩班合開/隸屬先進材料製備學程,https://course.nuk.edu.tw/QueryCourse/tcontent.asp?OpenYear=109&Helf=1&Sclass=AC&Cono=F501,2026-08-26T18:22:53+00:00
109-1-AC-F532-A-4-A,109,1,理學院,AC,應用化學系,F532,A,大學部,4,A,高等有機合成,3,選,30,10,,20,黃榮宗,C02-106,,"2,3, 4",,,,,,"[{""day"": 2, ""dayName"": ""星期二"", ""periods"": [""2"", ""3"", ""4""], ""raw"": ""2,3, 4""}]",,與大四合開/請排理學院106教室,https://course.nuk.edu.tw/QueryCourse/tcontent.asp?OpenYear=109&Helf=1&Sclass=AC&Cono=F532,2026-08-26T18:22:53+00:00
109-1-AC-F572-A-4-A,109,1,理學院,AC,應用化學系,F572,A,大學部,4,A,應用電化學,3,選,60,41,,19,陳振興,C02-211,"5,6, 7",,,,,,,"[{""day"": 1, ""dayName"": ""星期一"", ""periods"": [""5"", ""6"", ""7""], ""raw"": ""5,6, 7""}]",學程,隸屬材料分析學程,https://course.nuk.edu.tw/QueryCourse/tcontent.asp?OpenYear=109&Helf=1&Sclass=AC&Cono=F572,2026-08-26T18:22:53+00:00
109-1-AC-F621-A-4-A,109,1,理學院,AC,應用化學系,F621,A,大學部,4,A,材料分析,3,選,40,16,,24,莊琇惠,C02-104,"5,6, 7",,,,,,,"[{""day"": 1, ""dayName"": ""星期一"", ""periods"": [""5"", ""6"", ""7""], ""raw"": ""5,6, 7""}]",學程,大四與碩班合開/隸屬材料分析學程及半導體光電製程學程，限大三以上修課。,https://course.nuk.edu.tw/QueryCourse/tcontent.asp?OpenYear=109&Helf=1&Sclass=AC&Cono=F621,2026-08-26T18:22:53+00:00
109-1-AC-F64A-A-4-A,109,1,理學院,AC,應用化學系,F64A,A,大學部,4,A,有機化學(三),3,選,30,5,,25,周志明,C02-211,"2,3, 4",,,,,,,"[{""day"": 1, ""dayName"": ""星期一"", ""periods"": [""2"", ""3"", ""4""], ""raw"": ""2,3, 4""}]",學程,"1.須曾修習有機(一)(二) 2.屬先進材料學程 3.大三、四及碩班合開,請排C02-211",https://course.nuk.edu.tw/QueryCourse/tcontent.asp?OpenYear=109&Helf=1&Sclass=AC&Cono=F64A,2026-08-26T18:22:53+00:00
109-1-AC-F682-A-4-A,109,1,理學院,AC,應用化學系,F682,A,大學部,4,A,分離技術,3,選,30,19,,11,劉福鯤,C02-103 其他教室,,,"5,6, 7",,,,,"[{""day"": 3, ""dayName"": ""星期三"", ""periods"": [""5"", ""6"", ""7""], ""raw"": ""5,6, 7""}]",限修 學程,與碩班合開/隸屬材料分析學程,https://course.nuk.edu.tw/QueryCourse/tcontent.asp?OpenYear=109&Helf=1&Sclass=AC&Cono=F682,2026-08-26T18:22:53+00:00
109-1-AC-F711-A-4-A,109,1,理學院,AC,應用化學系,F711,A,大學部,4,A,半導體製程概論,3,選,60,20,,40,劉福鯤,C02-103,,"8,9, 10",,,,,,"[{""day"": 2, ""dayName"": ""星期二"", ""periods"": [""8"", ""9"", ""10""], ""raw"": ""8,9, 10""}]",學程,大四與碩班合開/隸屬半導體光電製程學程,https://course.nuk.edu.tw/QueryCourse/tcontent.asp?OpenYear=109&Helf=1&Sclass=AC&Cono=F711,2026-08-26T18:22:53+00:00
109-1-AC-F721-A-4-A,109,1,理學院,AC,應用化學系,F721,A,大學部,4,A,表面處理技術,3,選,60,18,,42,陳振興,C02-211,,"5,6, 7",,,,,,"[{""day"": 2, ""dayName"": ""星期二"", ""periods"": [""5"", ""6"", ""7""], ""raw"": ""5,6, 7""}]",學程,大四與碩班合開/隸屬先進材料製備學程,https://course.nuk.edu.tw/QueryCourse/tcontent.asp?OpenYear=109&Helf=1&Sclass=AC&Cono=F721,2026-08-26T18:22:53+00:00
109-1-AC-F752-A-4-A,109,1,理學院,AC,應用化學系,F752,A,大學部,4,A,食品暨藥物檢驗,3,選,62,30,,32,何永皓,C02-211,,,"2,3, 4",,,,,"[{""day"": 3, ""dayName"": ""星期三"", ""periods"": [""2"", ""3"", ""4""], ""raw"": ""2,3, 4""}]",限修及外加 學程,與碩班合開/隸屬材料分析學程,https://course.nuk.edu.tw/QueryCourse/tcontent.asp?OpenYear=109&Helf=1&Sclass=AC&Cono=F752,2026-08-26T18:22:53+00:00
109-1-AC-F781-A-4-A,109,1,理學院,AC,應用化學系,F781,A,大學部,4,A,發光二極體技術概論,1,選,60,8,,52,鄭秀英,C02-104,,,8,,,,,"[{""day"": 3, ""dayName"": ""星期三"", ""periods"": [""8""], ""raw"": ""8""}]",學程,大四與碩班合開/屬半導體光電學程/必須同時修概論與實作,https://course.nuk.edu.tw/QueryCourse/tcontent.asp?OpenYear=109&Helf=1&Sclass=AC&Cono=F781,2026-08-26T18:22:53+00:00
109-1-AC-F783-A-4-A,109,1,理學院,AC,應用化學系,F783,A,大學部,4,A,發光二極體技術與實作,1,選,60,9,,51,鄭秀英,C02-104,,,9,,,,,"[{""day"": 3, ""dayName"": ""星期三"", ""periods"": [""9""], ""raw"": ""9""}]",,大四與碩班合開必須同時修概論與實作,https://course.nuk.edu.tw/QueryCourse/tcontent.asp?OpenYear=109&Helf=1&Sclass=AC&Cono=F783,2026-08-26T18:22:53+00:00
109-1-AC-F011-M-1-,109,1,理學院,AC,應用化學系,F011,M,碩士班,1,,書報討論(一),1,必,30,15,,15,何永皓,C02-211,,,,"6,7",,,,"[{""day"": 4, ""dayName"": ""星期四"", ""periods"": [""6"", ""7""], ""raw"": ""6,7""}]",,請安排C02-211,https://course.nuk.edu.tw/QueryCourse/tcontent.asp?OpenYear=109&Helf=1&Sclass=AC&Cono=F011,2026-08-26T18:22:53+00:00
109-1-AC-F021-M-1-,109,1,理學院,AC,應用化學系,F021,M,碩士班,1,,化學研究技術,2,必,30,13,,17,蔡振章 莊曜遠,C02-211 其他教室,,,,8,"2,3, 4",,,"[{""day"": 4, ""dayName"": ""星期四"", ""periods"": [""8""], ""raw"": ""8""}, {""day"": 5, ""dayName"": ""星期五"", ""periods"": [""2"", ""3"", ""4""], ""raw"": ""2,3, 4""}]",,請安排C02-211及C01-204,https://course.nuk.edu.tw/QueryCourse/tcontent.asp?OpenYear=109&Helf=1&Sclass=AC&Cono=F021,2026-08-26T18:22:53+00:00
109-1-AC-F501-M-1-,109,1,理學院,AC,應用化學系,F501,M,碩士班,1,,有機光電材料,3,選,30,5,,25,郭文章,C02-104,,"5,6, 7",,,,,,"[{""day"": 2, ""dayName"": ""星期二"", ""periods"": [""5"", ""6"", ""7""], ""raw"": ""5,6, 7""}]",學程,大四與碩班合開/隸屬先進材料製備學程,https://course.nuk.edu.tw/QueryCourse/tcontent.asp?OpenYear=109&Helf=1&Sclass=AC&Cono=F501,2026-08-26T18:22:53+00:00
109-1-AC-F532-M-1-,109,1,理學院,AC,應用化學系,F532,M,碩士班,1,,高等有機合成,3,選,30,10,,20,黃榮宗,C02-106,,"2,3, 4",,,,,,"[{""day"": 2, ""dayName"": ""星期二"", ""periods"": [""2"", ""3"", ""4""], ""raw"": ""2,3, 4""}]",,碩班與大四合開/需大黑板請排106教室,https://course.nuk.edu.tw/QueryCourse/tcontent.asp?OpenYear=109&Helf=1&Sclass=AC&Cono=F532,2026-08-26T18:22:53+00:00
109-1-AC-F572-M-1-,109,1,理學院,AC,應用化學系,F572,M,碩士班,1,,應用電化學,3,選,60,41,,19,陳振興,C02-211,"5,6, 7",,,,,,,"[{""day"": 1, ""dayName"": ""星期一"", ""periods"": [""5"", ""6"", ""7""], ""raw"": ""5,6, 7""}]",學程,隸屬材料分析學程,https://course.nuk.edu.tw/QueryCourse/tcontent.asp?OpenYear=109&Helf=1&Sclass=AC&Cono=F572,2026-08-26T18:22:53+00:00
109-1-AC-F590-M-1-,109,1,理學院,AC,應用化學系,F590,M,碩士班,1,,化學研究(一),3,選,30,16,,14,李頂瑜 周志明 何永皓,C02-103,,,,,"10,11, 12",,,"[{""day"": 5, ""dayName"": ""星期五"", ""periods"": [""10"", ""11"", ""12""], ""raw"": ""10,11, 12""}]",,,https://course.nuk.edu.tw/QueryCourse/tcontent.asp?OpenYear=109&Helf=1&Sclass=AC&Cono=F590,2026-08-26T18:22:53+00:00
109-1-AC-F621-M-1-,109,1,理學院,AC,應用化學系,F621,M,碩士班,1,,材料分析,3,選,40,16,,24,莊琇惠,C02-104,"5,6, 7",,,,,,,"[{""day"": 1, ""dayName"": ""星期一"", ""periods"": [""5"", ""6"", ""7""], ""raw"": ""5,6, 7""}]",學程,大四與碩班合開/限大三以上修課/隸屬材料分析學程與半導體光電製程學程,https://course.nuk.edu.tw/QueryCourse/tcontent.asp?OpenYear=109&Helf=1&Sclass=AC&Cono=F621,2026-08-26T18:22:53+00:00
109-1-AC-F625-M-1-,109,1,理學院,AC,應用化學系,F625,M,碩士班,1,,新穎化學製備實驗,1,選,30,8,,22,周志明 李頂瑜 郭文章,C02-211,,,,"2,3, 4",,,,"[{""day"": 4, ""dayName"": ""星期四"", ""periods"": [""2"", ""3"", ""4""], ""raw"": ""2,3, 4""}]",,理院211,https://course.nuk.edu.tw/QueryCourse/tcontent.asp?OpenYear=109&Helf=1&Sclass=AC&Cono=F625,2026-08-26T18:22:53+00:00
109-1-AC-F64A-M-1-,109,1,理學院,AC,應用化學系,F64A,M,碩士班,1,,有機化學(三),3,選,30,5,,25,周志明,C02-211,"2,3, 4",,,,,,,"[{""day"": 1, ""dayName"": ""星期一"", ""periods"": [""2"", ""3"", ""4""], ""raw"": ""2,3, 4""}]",學程,"1.須曾修習有機(一)(二) 2.屬先進材料學程 3.大三、四及碩班合開,請排C02-211",https://course.nuk.edu.tw/QueryCourse/tcontent.asp?OpenYear=109&Helf=1&Sclass=AC&Cono=F64A,2026-08-26T18:22:53+00:00
109-1-AC-F682-M-1-,109,1,理學院,AC,應用化學系,F682,M,碩士班,1,,分離技術,3,選,30,19,,11,劉福鯤,C02-103 其他教室,,,"5,6, 7",,,,,"[{""day"": 3, ""dayName"": ""星期三"", ""periods"": [""5"", ""6"", ""7""], ""raw"": ""5,6, 7""}]",限修 學程,"大四與碩班合開,屬材料分析學程",https://course.nuk.edu.tw/QueryCourse/tcontent.asp?OpenYear=109&Helf=1&Sclass=AC&Cono=F682,2026-08-26T18:22:53+00:00
109-1-AC-F711-M-1-,109,1,理學院,AC,應用化學系,F711,M,碩士班,1,,半導體製程概論,3,選,60,20,,40,劉福鯤,C02-103,,"8,9, 10",,,,,,"[{""day"": 2, ""dayName"": ""星期二"", ""periods"": [""8"", ""9"", ""10""], ""raw"": ""8,9, 10""}]",學程,"大四與碩班合開,屬半導體光電學程",https://course.nuk.edu.tw/QueryCourse/tcontent.asp?OpenYear=109&Helf=1&Sclass=AC&Cono=F711,2026-08-26T18:22:53+00:00
109-1-AC-F721-M-1-,109,1,理學院,AC,應用化學系,F721,M,碩士班,1,,表面處理技術,3,選,60,18,,42,陳振興,C02-211,,"5,6, 7",,,,,,"[{""day"": 2, ""dayName"": ""星期二"", ""periods"": [""5"", ""6"", ""7""], ""raw"": ""5,6, 7""}]",學程,大四與碩班合開/隸屬先進材料製備學程,https://course.nuk.edu.tw/QueryCourse/tcontent.asp?OpenYear=109&Helf=1&Sclass=AC&Cono=F721,2026-08-26T18:22:53+00:00
109-1-AC-F752-M-1-,109,1,理學院,AC,應用化學系,F752,M,碩士班,1,,食品暨藥物檢驗,3,選,62,30,,32,何永皓,C02-211,,,"2,3, 4",,,,,"[{""day"": 3, ""dayName"": ""星期三"", ""periods"": [""2"", ""3"", ""4""], ""raw"": ""2,3, 4""}]",限修及外加 學程,與大四合開/隸屬材料分析學程,https://course.nuk.edu.tw/QueryCourse/tcontent.asp?OpenYear=109&Helf=1&Sclass=AC&Cono=F752,2026-08-26T18:22:53+00:00
109-1-AC-F781-M-1-,109,1,理學院,AC,應用化學系,F781,M,碩士班,1,,發光二極體技術概論,1,選,60,8,,52,鄭秀英,C02-104,,,8,,,,,"[{""day"": 3, ""dayName"": ""星期三"", ""periods"": [""8""], ""raw"": ""8""}]",學程,大四與碩班合開/必須同時修概論與實作,https://course.nuk.edu.tw/QueryCourse/tcontent.asp?OpenYear=109&Helf=1&Sclass=AC&Cono=F781,2026-08-26T18:22:53+00:00
109-1-AC-F783-M-1-,109,1,理學院,AC,應用化學系,F783,M,碩士班,1,,發光二極體技術與實作,1,選,60,9,,51,鄭秀英,C02-104,,,9,,,,,"[{""day"": 3, ""dayName"": ""星期三"", ""periods"": [""9""], ""raw"": ""9""}]",,大四與碩班合開/必須同時修概論與實作,https://course.nuk.edu.tw/QueryCourse/tcontent.asp?OpenYear=109&Helf=1&Sclass=AC&Cono=F783,2026-08-26T18:22:53+00:00
109-1-AC-F64A-M-2-,109,1,理學院,AC,應用化學系,F64A,M,碩士班,2,,有機化學(三),3,選,30,5,,25,周志明,C02-211,"2,3, 4",,,,,,,"[{""day"": 1, ""dayName"": ""星期一"", ""periods"": [""2"", ""3"", ""4""], ""raw"": ""2,3, 4""}]",學程,"1.須曾修習有機(一)(二) 2.屬先進材料學程 3.大三、四及碩班合開,請排C02-211",https://course.nuk.edu.tw/QueryCourse/tcontent.asp?OpenYear=109&Helf=1&Sclass=AC&Cono=F64A,2026-08-26T18:22:53+00:00
109-1-AC-F572-M-3-,109,1,理學院,AC,應用化學系,F572,M,碩士班,3,,應用電化學,3,選,60,41,,19,陳振興,C02-211,"5,6, 7",,,,,,,"[{""day"": 1, ""dayName"": ""星期一"", ""periods"": [""5"", ""6"", ""7""], ""raw"": ""5,6, 7""}]",學程,隸屬材料分析學程,https://course.nuk.edu.tw/QueryCourse/tcontent.asp?OpenYear=109&Helf=1&Sclass=AC&Cono=F572,2026-08-26T18:22:53+00:00
109-1-AM-A01A-A-1-A,109,1,理學院,AM,應用數學系,A01A,A,大學部,1,A,微積分(一),4,必,80,71,,9,劉青松,C02-406,,"3,4",,"3,4",,,,"[{""day"": 2, ""dayName"": ""星期二"", ""periods"": [""3"", ""4""], ""raw"": ""3,4""}, {""day"": 4, ""dayName"": ""星期四"", ""periods"": [""3"", ""4""], ""raw"": ""3,4""}]",,請安排大教室。,https://course.nuk.edu.tw/QueryCourse/tcontent.asp?OpenYear=109&Helf=1&Sclass=AM&Cono=A01A,2026-08-26T18:22:53+00:00
109-1-AM-A02A-A-1-A,109,1,理學院,AM,應用數學系,A02A,A,大學部,1,A,線性代數(一),3,必,80,78,,2,梁育豪,C02-407,,"1,2",2,,,,,"[{""day"": 2, ""dayName"": ""星期二"", ""periods"": [""1"", ""2""], ""raw"": ""1,2""}, {""day"": 3, ""dayName"": ""星期三"", ""periods"": [""2""], ""raw"": ""2""}]",,請安排大教室。,https://course.nuk.edu.tw/QueryCourse/tcontent.asp?OpenYear=109&Helf=1&Sclass=AM&Cono=A02A,2026-08-26T18:22:53+00:00
109-1-AM-A03A-A-1-A,109,1,理學院,AM,應用數學系,A03A,A,大學部,1,A,基礎數學(一),3,必,80,71,,9,施信宏,C02-407 其他教室,,,"3,4",1,,,,"[{""day"": 3, ""dayName"": ""星期三"", ""periods"": [""3"", ""4""], ""raw"": ""3,4""}, {""day"": 4, ""dayName"": ""星期四"", ""periods"": [""1""], ""raw"": ""1""}]",,"星期三3-4節上課教室:理學院407 教室,星期四第1節上課教室:理學院105教室",https://course.nuk.edu.tw/QueryCourse/tcontent.asp?OpenYear=109&Helf=1&Sclass=AM&Cono=A03A,2026-08-26T18:22:53+00:00
109-1-AM-A041-A-1-A,109,1,理學院,AM,應用數學系,A041,A,大學部,1,A,計算機概論,3,必,70,67,,3,洪丞輝,C02-B101,,"5,6, 7",,,,,,"[{""day"": 2, ""dayName"": ""星期二"", ""periods"": [""5"", ""6"", ""7""], ""raw"": ""5,6, 7""}]",,上課教室：理B101室。,https://course.nuk.edu.tw/QueryCourse/tcontent.asp?OpenYear=109&Helf=1&Sclass=AM&Cono=A041,2026-08-26T18:22:53+00:00
109-1-AM-A05A-A-1-A,109,1,理學院,AM,應用數學系,A05A,A,大學部,1,A,數學實習(一),1,選,60,55,,5,劉青松,C02-406,,,,"6,7",,,,"[{""day"": 4, ""dayName"": ""星期四"", ""periods"": [""6"", ""7""], ""raw"": ""6,7""}]",,,https://course.nuk.edu.tw/QueryCourse/tcontent.asp?OpenYear=109&Helf=1&Sclass=AM&Cono=A05A,2026-08-26T18:22:53+00:00
109-1-AM-A54A-A-1-A,109,1,理學院,AM,應用數學系,A54A,A,大學部,1,A,普通物理學(一),3,選,60,57,,3,廖英彥,C02-105,,,,,"2,3, 4",,,"[{""day"": 5, ""dayName"": ""星期五"", ""periods"": [""2"", ""3"", ""4""], ""raw"": ""2,3, 4""}]",,,https://course.nuk.edu.tw/QueryCourse/tcontent.asp?OpenYear=109&Helf=1&Sclass=AM&Cono=A54A,2026-08-26T18:22:53+00:00
109-1-AM-B01A-A-2-A,109,1,理學院,AM,應用數學系,B01A,A,大學部,2,A,高等微積分(一),4,必,81,79,,2,林英杰,C02-105,,"3,4",,"3,4",,,,"[{""day"": 2, ""dayName"": ""星期二"", ""periods"": [""3"", ""4""], ""raw"": ""3,4""}, {""day"": 4, ""dayName"": ""星期四"", ""periods"": [""3"", ""4""], ""raw"": ""3,4""}]",,請安排大教室。,https://course.nuk.edu.tw/QueryCourse/tcontent.asp?OpenYear=109&Helf=1&Sclass=AM&Cono=B01A,2026-08-26T18:22:53+00:00
109-1-AM-B02A-A-2-A,109,1,理學院,AM,應用數學系,B02A,A,大學部,2,A,機率與統計(一),3,必,80,74,,6,張志浩,C02-406,,,6,,"3,4",,,"[{""day"": 3, ""dayName"": ""星期三"", ""periods"": [""6""], ""raw"": ""6""}, {""day"": 5, ""dayName"": ""星期五"", ""periods"": [""3"", ""4""], ""raw"": ""3,4""}]",學程,請安排大教室。,https://course.nuk.edu.tw/QueryCourse/tcontent.asp?OpenYear=109&Helf=1&Sclass=AM&Cono=B02A,2026-08-26T18:22:53+00:00
109-1-AM-B03A-A-2-A,109,1,理學院,AM,應用數學系,B03A,A,大學部,2,A,微分方程(一),3,必,80,76,,4,陳晴玉,C02-406,,,"3,4",,5,,,"[{""day"": 3, ""dayName"": ""星期三"", ""periods"": [""3"", ""4""], ""raw"": ""3,4""}, {""day"": 5, ""dayName"": ""星期五"", ""periods"": [""5""], ""raw"": ""5""}]",,請安排大教室。,https://course.nuk.edu.tw/QueryCourse/tcontent.asp?OpenYear=109&Helf=1&Sclass=AM&Cono=B03A,2026-08-26T18:22:53+00:00
109-1-AM-B10C-A-2-A,109,1,理學院,AM,應用數學系,B10C,A,大學部,2,A,科技法學素養,2,必,82,80,,2,吳任偉,C02-105,,"11,12",,,,,,"[{""day"": 2, ""dayName"": ""星期二"", ""periods"": [""11"", ""12""], ""raw"": ""11,12""}]",外加,請安排大教室。與應物系及生科系合開。,https://course.nuk.edu.tw/QueryCourse/tcontent.asp?OpenYear=109&Helf=1&Sclass=AM&Cono=B10C,2026-08-26T18:22:53+00:00
109-1-AM-B50A-A-2-A,109,1,理學院,AM,應用數學系,B50A,A,大學部,2,A,數學實習(三),1,選,60,32,,28,林英杰,C02-103,,"6,7",,,,,,"[{""day"": 2, ""dayName"": ""星期二"", ""periods"": [""6"", ""7""], ""raw"": ""6,7""}]",,,https://course.nuk.edu.tw/QueryCourse/tcontent.asp?OpenYear=109&Helf=1&Sclass=AM&Cono=B50A,2026-08-26T18:22:53+00:00
109-1-AM-C011-A-3-A,109,1,理學院,AM,應用數學系,C011,A,大學部,3,A,數值方法,3,必,80,62,,18,郭岳承,C02-406,,"1,2",,5,,,,"[{""day"": 2, ""dayName"": ""星期二"", ""periods"": [""1"", ""2""], ""raw"": ""1,2""}, {""day"": 4, ""dayName"": ""星期四"", ""periods"": [""5""], ""raw"": ""5""}]",,請安排大教室。,https://course.nuk.edu.tw/QueryCourse/tcontent.asp?OpenYear=109&Helf=1&Sclass=AM&Cono=C011,2026-08-26T18:22:53+00:00
109-1-AM-C02A-A-3-A,109,1,理學院,AM,應用數學系,C02A,A,大學部,3,A,組合數學(一),3,必,80,74,,6,鄭斯恩,C02-406,"6,7",,,2,,,,"[{""day"": 1, ""dayName"": ""星期一"", ""periods"": [""6"", ""7""], ""raw"": ""6,7""}, {""day"": 4, ""dayName"": ""星期四"", ""periods"": [""2""], ""raw"": ""2""}]",,請安排大教室。,https://course.nuk.edu.tw/QueryCourse/tcontent.asp?OpenYear=109&Helf=1&Sclass=AM&Cono=C02A,2026-08-26T18:22:53+00:00
109-1-AM-C501-A-3-A,109,1,理學院,AM,應用數學系,C501,A,大學部,3,A,數理統計(一),3,選,50,29,,21,黃士峰,C02-406,,"6,7",,1,,,,"[{""day"": 2, ""dayName"": ""星期二"", ""periods"": [""6"", ""7""], ""raw"": ""6,7""}, {""day"": 4, ""dayName"": ""星期四"", ""periods"": [""1""], ""raw"": ""1""}]",,,https://course.nuk.edu.tw/QueryCourse/tcontent.asp?OpenYear=109&Helf=1&Sclass=AM&Cono=C501,2026-08-26T18:22:53+00:00
109-1-AM-C60B-A-3-A,109,1,理學院,AM,應用數學系,C60B,A,大學部,3,A,分析導論(一),3,選,40,16,,24,施信宏,C02-408,2,,,"3,4",,,,"[{""day"": 1, ""dayName"": ""星期一"", ""periods"": [""2""], ""raw"": ""2""}, {""day"": 4, ""dayName"": ""星期四"", ""periods"": [""3"", ""4""], ""raw"": ""3,4""}]",,上課教室：理408室,https://course.nuk.edu.tw/QueryCourse/tcontent.asp?OpenYear=109&Helf=1&Sclass=AM&Cono=C60B,2026-08-26T18:22:53+00:00
109-1-AM-C63A-A-3-A,109,1,理學院,AM,應用數學系,C63A,A,大學部,3,A,高等微積分(三),3,選,50,41,,9,林英杰,C02-407,5,,,"6,7",,,,"[{""day"": 1, ""dayName"": ""星期一"", ""periods"": [""5""], ""raw"": ""5""}, {""day"": 4, ""dayName"": ""星期四"", ""periods"": [""6"", ""7""], ""raw"": ""6,7""}]",,,https://course.nuk.edu.tw/QueryCourse/tcontent.asp?OpenYear=109&Helf=1&Sclass=AM&Cono=C63A,2026-08-26T18:22:53+00:00
109-1-AM-C662-A-3-A,109,1,理學院,AM,應用數學系,C662,A,大學部,3,A,數學與藝術(一),3,選,40,25,,15,鄭斯恩,C02-408,,,"2,3, 4",,,,,"[{""day"": 3, ""dayName"": ""星期三"", ""periods"": [""2"", ""3"", ""4""], ""raw"": ""2,3, 4""}]",,上課教室：理408室,https://course.nuk.edu.tw/QueryCourse/tcontent.asp?OpenYear=109&Helf=1&Sclass=AM&Cono=C662,2026-08-26T18:22:53+00:00
109-1-AM-D74C-A-3-A,109,1,理學院,AM,應用數學系,D74C,A,大學部,3,A,矩陣理論（一）,3,選,40,35,,5,郭岳承,C02-408,"3,4",5,,,,,,"[{""day"": 1, ""dayName"": ""星期一"", ""periods"": [""3"", ""4""], ""raw"": ""3,4""}, {""day"": 2, ""dayName"": ""星期二"", ""periods"": [""5""], ""raw"": ""5""}]",,上課教室：理408室。,https://course.nuk.edu.tw/QueryCourse/tcontent.asp?OpenYear=109&Helf=1&Sclass=AM&Cono=D74C,2026-08-26T18:22:53+00:00
109-1-AM-C515-A-4-A,109,1,理學院,AM,應用數學系,C515,A,大學部,4,A,基礎總體經濟學,3,選,30,22,,8,柯秀欣,M01-202,,"5,6, 7",,,,,,"[{""day"": 2, ""dayName"": ""星期二"", ""periods"": [""5"", ""6"", ""7""], ""raw"": ""5,6, 7""}]",,,https://course.nuk.edu.tw/QueryCourse/tcontent.asp?OpenYear=109&Helf=1&Sclass=AM&Cono=C515,2026-08-26T18:22:53+00:00
109-1-AM-D681-A-4-A,109,1,理學院,AM,應用數學系,D681,A,大學部,4,A,應用數學方法,3,選,30,1,,29,曾昱豪,C02-452,,,,"2,3, 4",,,,"[{""day"": 4, ""dayName"": ""星期四"", ""periods"": [""2"", ""3"", ""4""], ""raw"": ""2,3, 4""}]",,上課教室：理452室,https://course.nuk.edu.tw/QueryCourse/tcontent.asp?OpenYear=109&Helf=1&Sclass=AM&Cono=D681,2026-08-26T18:22:53+00:00
109-1-AM-D77B-A-4-A,109,1,理學院,AM,應用數學系,D77B,A,大學部,4,A,專題實作(二),3,選,30,7,,23,梁育豪,C02-408,,,,,,"2,3, 4",,"[{""day"": 6, ""dayName"": ""星期六"", ""periods"": [""2"", ""3"", ""4""], ""raw"": ""2,3, 4""}]",,,https://course.nuk.edu.tw/QueryCourse/tcontent.asp?OpenYear=109&Helf=1&Sclass=AM&Cono=D77B,2026-08-26T18:22:53+00:00
109-1-AM-F524-A-4-A,109,1,理學院,AM,應用數學系,F524,A,大學部,4,A,數據科學專題,3,選,30,8,,22,黃士峰,C02-320,"7,8, 9",,,,,,,"[{""day"": 1, ""dayName"": ""星期一"", ""periods"": [""7"", ""8"", ""9""], ""raw"": ""7,8, 9""}]",,大四、碩班合開；上課教室：理320室,https://course.nuk.edu.tw/QueryCourse/tcontent.asp?OpenYear=109&Helf=1&Sclass=AM&Cono=F524,2026-08-26T18:22:53+00:00
109-1-AM-F527-A-4-A,109,1,理學院,AM,應用數學系,F527,A,大學部,4,A,Python程式設計(二),3,選,64,17,,47,楊洪鼎,C02-B101,,,,"2,3, 4",,,,"[{""day"": 4, ""dayName"": ""星期四"", ""periods"": [""2"", ""3"", ""4""], ""raw"": ""2,3, 4""}]",學程,"大四、碩班合開；上課教室：理B101室,",https://course.nuk.edu.tw/QueryCourse/tcontent.asp?OpenYear=109&Helf=1&Sclass=AM&Cono=F527,2026-08-26T18:22:53+00:00
109-1-AM-F55C-A-4-A,109,1,理學院,AM,應用數學系,F55C,A,大學部,4,A,偏微分方程數值方法(一),3,選,30,3,,27,曾昱豪,C02-452,,"2,3, 4",,,,,,"[{""day"": 2, ""dayName"": ""星期二"", ""periods"": [""2"", ""3"", ""4""], ""raw"": ""2,3, 4""}]",,大四、碩班合開；上課教室：理452室,https://course.nuk.edu.tw/QueryCourse/tcontent.asp?OpenYear=109&Helf=1&Sclass=AM&Cono=F55C,2026-08-26T18:22:53+00:00
109-1-AM-F573-A-4-A,109,1,理學院,AM,應用數學系,F573,A,大學部,4,A,控制系統,3,選,30,5,,25,梁育豪,C02-452,,,,"6,7, 8",,,,"[{""day"": 4, ""dayName"": ""星期四"", ""periods"": [""6"", ""7"", ""8""], ""raw"": ""6,7, 8""}]",學程,大四、碩班合開；上課教室：理452室,https://course.nuk.edu.tw/QueryCourse/tcontent.asp?OpenYear=109&Helf=1&Sclass=AM&Cono=F573,2026-08-26T18:22:53+00:00
109-1-AM-F614-A-4-A,109,1,理學院,AM,應用數學系,F614,A,大學部,4,A,統計學習,3,選,30,15,,15,張志浩,C02-450,,,5,"5,6",,,,"[{""day"": 3, ""dayName"": ""星期三"", ""periods"": [""5""], ""raw"": ""5""}, {""day"": 4, ""dayName"": ""星期四"", ""periods"": [""5"", ""6""], ""raw"": ""5,6""}]",學程,大四、碩班；上課教室：理450室,https://course.nuk.edu.tw/QueryCourse/tcontent.asp?OpenYear=109&Helf=1&Sclass=AM&Cono=F614,2026-08-26T18:22:53+00:00
109-1-AM-F65A-A-4-A,109,1,理學院,AM,應用數學系,F65A,A,大學部,4,A,最佳化理論與方法(一),3,選,30,14,,16,劉青松,C02-450,"5,6, 7",,,,,,,"[{""day"": 1, ""dayName"": ""星期一"", ""periods"": [""5"", ""6"", ""7""], ""raw"": ""5,6, 7""}]",學程,大四、碩班合開；上課教室：理450室,https://course.nuk.edu.tw/QueryCourse/tcontent.asp?OpenYear=109&Helf=1&Sclass=AM&Cono=F65A,2026-08-26T18:22:53+00:00
109-1-AM-F72C-A-4-A,109,1,理學院,AM,應用數學系,F72C,A,大學部,4,A,常微分方程專題(一),3,選,30,4,,26,梁育豪,C02-450,"2,3, 4",,,,,,,"[{""day"": 1, ""dayName"": ""星期一"", ""periods"": [""2"", ""3"", ""4""], ""raw"": ""2,3, 4""}]",,大四、碩班合開；上課教室：理450室,https://course.nuk.edu.tw/QueryCourse/tcontent.asp?OpenYear=109&Helf=1&Sclass=AM&Cono=F72C,2026-08-26T18:22:53+00:00
109-1-AM-K61F-A-4-A,109,1,理學院,AM,應用數學系,K61F,A,大學部,4,A,數學建模與生物數學,3,選,30,2,,28,陳晴玉,C02-408,,,,,"2,3, 4",,,"[{""day"": 5, ""dayName"": ""星期五"", ""periods"": [""2"", ""3"", ""4""], ""raw"": ""2,3, 4""}]",,大四、碩班合開；上課教室：理408室,https://course.nuk.edu.tw/QueryCourse/tcontent.asp?OpenYear=109&Helf=1&Sclass=AM&Cono=K61F,2026-08-26T18:22:53+00:00
109-1-AM-K50B-D-1-,109,1,理學院,AM,應用數學系,K50B,D,博士班,1,,生物數學專題（二）,3,選,30,1,,29,陳晴玉,C02-408,,,,,"6,7, 8",,,"[{""day"": 5, ""dayName"": ""星期五"", ""periods"": [""6"", ""7"", ""8""], ""raw"": ""6,7, 8""}]",,碩、博士班合開；上課教室：理408室,https://course.nuk.edu.tw/QueryCourse/tcontent.asp?OpenYear=109&Helf=1&Sclass=AM&Cono=K50B,2026-08-26T18:22:53+00:00
109-1-AM-K54C-D-1-,109,1,理學院,AM,應用數學系,K54C,D,博士班,1,,實變函數論專題(一),3,選,30,4,,26,施信宏,C02-452,"3,4",,2,,,,,"[{""day"": 1, ""dayName"": ""星期一"", ""periods"": [""3"", ""4""], ""raw"": ""3,4""}, {""day"": 3, ""dayName"": ""星期三"", ""periods"": [""2""], ""raw"": ""2""}]",,碩、博士班合開；上課教室：理452,https://course.nuk.edu.tw/QueryCourse/tcontent.asp?OpenYear=109&Helf=1&Sclass=AM&Cono=K54C,2026-08-26T18:22:53+00:00
109-1-AM-K60F-D-1-,109,1,理學院,AM,應用數學系,K60F,D,博士班,1,,近代動態系統(二),3,選,30,5,,25,張志鴻,C02-450,,"5,6, 7",,,,,,"[{""day"": 2, ""dayName"": ""星期二"", ""periods"": [""5"", ""6"", ""7""], ""raw"": ""5,6, 7""}]",,碩、博士班合開；上課教室：理450室,https://course.nuk.edu.tw/QueryCourse/tcontent.asp?OpenYear=109&Helf=1&Sclass=AM&Cono=K60F,2026-08-26T18:22:53+00:00
109-1-AM-K61A-D-1-,109,1,理學院,AM,應用數學系,K61A,D,博士班,1,,變分法專題（一）,3,選,30,4,,26,吳宗芳,C02-450,,,,,"2,3, 4",,,"[{""day"": 5, ""dayName"": ""星期五"", ""periods"": [""2"", ""3"", ""4""], ""raw"": ""2,3, 4""}]",,碩、博士班合開；上課教室：理450室,https://course.nuk.edu.tw/QueryCourse/tcontent.asp?OpenYear=109&Helf=1&Sclass=AM&Cono=K61A,2026-08-26T18:22:53+00:00
109-1-AM-K61F-D-1-,109,1,理學院,AM,應用數學系,K61F,D,博士班,1,,數學建模與生物數學,3,選,30,2,,28,陳晴玉,C02-408,,,,,"2,3, 4",,,"[{""day"": 5, ""dayName"": ""星期五"", ""periods"": [""2"", ""3"", ""4""], ""raw"": ""2,3, 4""}]",,大四、碩班合開；上課教室：理408室,https://course.nuk.edu.tw/QueryCourse/tcontent.asp?OpenYear=109&Helf=1&Sclass=AM&Cono=K61F,2026-08-26T18:22:53+00:00
109-1-AM-K62D-D-1-,109,1,理學院,AM,應用數學系,K62D,D,博士班,1,,組合專題研究(一),3,選,30,3,,27,張惠蘭,,,,"2,3, 4",,,,,"[{""day"": 3, ""dayName"": ""星期三"", ""periods"": [""2"", ""3"", ""4""], ""raw"": ""2,3, 4""}]",,碩博班合開；上課教室：理455室,https://course.nuk.edu.tw/QueryCourse/tcontent.asp?OpenYear=109&Helf=1&Sclass=AM&Cono=K62D,2026-08-26T18:22:53+00:00
109-1-AM-D681-M-1-,109,1,理學院,AM,應用數學系,D681,M,碩士班,1,,應用數學方法,3,選,30,1,,29,曾昱豪,C02-452,,,,"2,3, 4",,,,"[{""day"": 4, ""dayName"": ""星期四"", ""periods"": [""2"", ""3"", ""4""], ""raw"": ""2,3, 4""}]",,大四、碩班合開；上課教室:理452,https://course.nuk.edu.tw/QueryCourse/tcontent.asp?OpenYear=109&Helf=1&Sclass=AM&Cono=D681,2026-08-26T18:22:53+00:00
109-1-AM-F011-M-1-,109,1,理學院,AM,應用數學系,F011,M,碩士班,1,,書報討論(一),1,必,30,6,,24,曾昱豪,C02-408,,,"6,7",,,,,"[{""day"": 3, ""dayName"": ""星期三"", ""periods"": [""6"", ""7""], ""raw"": ""6,7""}]",,上課教室：理408室,https://course.nuk.edu.tw/QueryCourse/tcontent.asp?OpenYear=109&Helf=1&Sclass=AM&Cono=F011,2026-08-26T18:22:53+00:00
109-1-AM-F524-M-1-,109,1,理學院,AM,應用數學系,F524,M,碩士班,1,,數據科學專題,3,選,30,8,,22,黃士峰,C02-320,"7,8, 9",,,,,,,"[{""day"": 1, ""dayName"": ""星期一"", ""periods"": [""7"", ""8"", ""9""], ""raw"": ""7,8, 9""}]",,上課教室:理320,https://course.nuk.edu.tw/QueryCourse/tcontent.asp?OpenYear=109&Helf=1&Sclass=AM&Cono=F524,2026-08-26T18:22:53+00:00
109-1-AM-F527-M-1-,109,1,理學院,AM,應用數學系,F527,M,碩士班,1,,Python程式設計(二),3,選,64,17,,47,楊洪鼎,C02-B101,,,,"2,3, 4",,,,"[{""day"": 4, ""dayName"": ""星期四"", ""periods"": [""2"", ""3"", ""4""], ""raw"": ""2,3, 4""}]",學程,大四、碩班合開；上課教室：理B101室,https://course.nuk.edu.tw/QueryCourse/tcontent.asp?OpenYear=109&Helf=1&Sclass=AM&Cono=F527,2026-08-26T18:22:53+00:00
109-1-AM-F55C-M-1-,109,1,理學院,AM,應用數學系,F55C,M,碩士班,1,,偏微分方程數值方法(一),3,選,30,3,,27,曾昱豪,C02-452,,"2,3, 4",,,,,,"[{""day"": 2, ""dayName"": ""星期二"", ""periods"": [""2"", ""3"", ""4""], ""raw"": ""2,3, 4""}]",,大四、碩班合開；上課教室:理452,https://course.nuk.edu.tw/QueryCourse/tcontent.asp?OpenYear=109&Helf=1&Sclass=AM&Cono=F55C,2026-08-26T18:22:53+00:00
109-1-AM-F573-M-1-,109,1,理學院,AM,應用數學系,F573,M,碩士班,1,,控制系統,3,選,30,5,,25,梁育豪,C02-452,,,,"6,7, 8",,,,"[{""day"": 4, ""dayName"": ""星期四"", ""periods"": [""6"", ""7"", ""8""], ""raw"": ""6,7, 8""}]",學程,大四、碩班合開；上課教室:理452,https://course.nuk.edu.tw/QueryCourse/tcontent.asp?OpenYear=109&Helf=1&Sclass=AM&Cono=F573,2026-08-26T18:22:53+00:00
109-1-AM-F614-M-1-,109,1,理學院,AM,應用數學系,F614,M,碩士班,1,,統計學習,3,選,30,15,,15,張志浩,C02-450,,,5,"5,6",,,,"[{""day"": 3, ""dayName"": ""星期三"", ""periods"": [""5""], ""raw"": ""5""}, {""day"": 4, ""dayName"": ""星期四"", ""periods"": [""5"", ""6""], ""raw"": ""5,6""}]",學程,大四、碩班合開；上課教室：理450室,https://course.nuk.edu.tw/QueryCourse/tcontent.asp?OpenYear=109&Helf=1&Sclass=AM&Cono=F614,2026-08-26T18:22:53+00:00
109-1-AM-F65A-M-1-,109,1,理學院,AM,應用數學系,F65A,M,碩士班,1,,最佳化理論與方法(一),3,選,30,14,,16,劉青松,C02-450,"5,6, 7",,,,,,,"[{""day"": 1, ""dayName"": ""星期一"", ""periods"": [""5"", ""6"", ""7""], ""raw"": ""5,6, 7""}]",學程,大四、碩班合開；上課教室：理450室,https://course.nuk.edu.tw/QueryCourse/tcontent.asp?OpenYear=109&Helf=1&Sclass=AM&Cono=F65A,2026-08-26T18:22:53+00:00
109-1-AM-F72C-M-1-,109,1,理學院,AM,應用數學系,F72C,M,碩士班,1,,常微分方程專題(一),3,選,30,4,,26,梁育豪,C02-450,"2,3, 4",,,,,,,"[{""day"": 1, ""dayName"": ""星期一"", ""periods"": [""2"", ""3"", ""4""], ""raw"": ""2,3, 4""}]",,大四、碩班合開；上課教室：理450室,https://course.nuk.edu.tw/QueryCourse/tcontent.asp?OpenYear=109&Helf=1&Sclass=AM&Cono=F72C,2026-08-26T18:22:53+00:00
109-1-AM-F900-M-1-,109,1,理學院,AM,應用數學系,F900,M,碩士班,1,,企業實習,3,選,30,3,,27,黃士峰,C02-408,,,,,,"5,6, 7",,"[{""day"": 6, ""dayName"": ""星期六"", ""periods"": [""5"", ""6"", ""7""], ""raw"": ""5,6, 7""}]",,上課教室：理408室,https://course.nuk.edu.tw/QueryCourse/tcontent.asp?OpenYear=109&Helf=1&Sclass=AM&Cono=F900,2026-08-26T18:22:53+00:00
109-1-AM-K50B-M-1-,109,1,理學院,AM,應用數學系,K50B,M,碩士班,1,,生物數學專題（二）,3,選,30,1,,29,陳晴玉,C02-408,,,,,"6,7, 8",,,"[{""day"": 5, ""dayName"": ""星期五"", ""periods"": [""6"", ""7"", ""8""], ""raw"": ""6,7, 8""}]",,碩、博士班合開。上課教室:理學院408室,https://course.nuk.edu.tw/QueryCourse/tcontent.asp?OpenYear=109&Helf=1&Sclass=AM&Cono=K50B,2026-08-26T18:22:53+00:00
109-1-AM-K54C-M-1-,109,1,理學院,AM,應用數學系,K54C,M,碩士班,1,,實變函數論專題(一),3,選,30,4,,26,施信宏,C02-452,"3,4",,2,,,,,"[{""day"": 1, ""dayName"": ""星期一"", ""periods"": [""3"", ""4""], ""raw"": ""3,4""}, {""day"": 3, ""dayName"": ""星期三"", ""periods"": [""2""], ""raw"": ""2""}]",,碩、博士班合開；上課教室：理452,https://course.nuk.edu.tw/QueryCourse/tcontent.asp?OpenYear=109&Helf=1&Sclass=AM&Cono=K54C,2026-08-26T18:22:53+00:00
109-1-AM-K60F-M-1-,109,1,理學院,AM,應用數學系,K60F,M,碩士班,1,,近代動態系統(二),3,選,30,5,,25,張志鴻,C02-450,,"5,6, 7",,,,,,"[{""day"": 2, ""dayName"": ""星期二"", ""periods"": [""5"", ""6"", ""7""], ""raw"": ""5,6, 7""}]",,碩、博士班合開。上課教室:理學院450室,https://course.nuk.edu.tw/QueryCourse/tcontent.asp?OpenYear=109&Helf=1&Sclass=AM&Cono=K60F,2026-08-26T18:22:53+00:00
109-1-AM-K61A-M-1-,109,1,理學院,AM,應用數學系,K61A,M,碩士班,1,,變分法專題（一）,3,選,30,4,,26,吳宗芳,C02-450,,,,,"2,3, 4",,,"[{""day"": 5, ""dayName"": ""星期五"", ""periods"": [""2"", ""3"", ""4""], ""raw"": ""2,3, 4""}]",,碩、博士班合開；上課教室：理450室,https://course.nuk.edu.tw/QueryCourse/tcontent.asp?OpenYear=109&Helf=1&Sclass=AM&Cono=K61A,2026-08-26T18:22:53+00:00
109-1-AM-K62D-M-1-,109,1,理學院,AM,應用數學系,K62D,M,碩士班,1,,組合專題研究(一),3,選,30,3,,27,張惠蘭,,,,"2,3, 4",,,,,"[{""day"": 3, ""dayName"": ""星期三"", ""periods"": [""2"", ""3"", ""4""], ""raw"": ""2,3, 4""}]",,碩博班合開；上課教室：理455室,https://course.nuk.edu.tw/QueryCourse/tcontent.asp?OpenYear=109&Helf=1&Sclass=AM&Cono=K62D,2026-08-26T18:22:53+00:00
109-1-AP-A01A-A-1-A,109,1,理學院,AP,應用物理學系,A01A,A,大學部,1,A,微積分(一),3,必,60,58,,2,張惠蘭,C02-407,,,,"1,2, 3",,,,"[{""day"": 4, ""dayName"": ""星期四"", ""periods"": [""1"", ""2"", ""3""], ""raw"": ""1,2, 3""}]",,,https://course.nuk.edu.tw/QueryCourse/tcontent.asp?OpenYear=109&Helf=1&Sclass=AP&Cono=A01A,2026-08-26T18:22:53+00:00
109-1-AP-A021-A-1-A,109,1,理學院,AP,應用物理學系,A021,A,大學部,1,A,計算機概論,3,必,60,46,,14,吳宜蓁,L01-107,,,"2,3, 4",,,,,"[{""day"": 3, ""dayName"": ""星期三"", ""periods"": [""2"", ""3"", ""4""], ""raw"": ""2,3, 4""}]",,請協助安排電腦教室,https://course.nuk.edu.tw/QueryCourse/tcontent.asp?OpenYear=109&Helf=1&Sclass=AP&Cono=A021,2026-08-26T18:22:53+00:00
109-1-AP-A03A-A-1-A,109,1,理學院,AP,應用物理學系,A03A,A,大學部,1,A,普通物理學(一),3,必,60,55,,5,胡裕民,C02-107,,"5,6, 7",,,,,,"[{""day"": 2, ""dayName"": ""星期二"", ""periods"": [""5"", ""6"", ""7""], ""raw"": ""5,6, 7""}]",學程,半導體光電製程學程,https://course.nuk.edu.tw/QueryCourse/tcontent.asp?OpenYear=109&Helf=1&Sclass=AP&Cono=A03A,2026-08-26T18:22:53+00:00
109-1-AP-A05A-A-1-A,109,1,理學院,AP,應用物理學系,A05A,A,大學部,1,A,普通化學(一),3,必,60,52,,8,蔡振章,C02-103 其他教室,,,,"5,6, 7",,,,"[{""day"": 4, ""dayName"": ""星期四"", ""periods"": [""5"", ""6"", ""7""], ""raw"": ""5,6, 7""}]",學程,教室:請安排在理學院普通教室及工學院204教室。半導體光電製程學程,https://course.nuk.edu.tw/QueryCourse/tcontent.asp?OpenYear=109&Helf=1&Sclass=AP&Cono=A05A,2026-08-26T18:22:53+00:00
109-1-AP-A06A-A-1-A,109,1,理學院,AP,應用物理學系,A06A,A,大學部,1,A,普通化學實驗(一),1,必,60,51,,9,莊琇惠,C02-203,,"2,3, 4",,,,,,"[{""day"": 2, ""dayName"": ""星期二"", ""periods"": [""2"", ""3"", ""4""], ""raw"": ""2,3, 4""}]",,,https://course.nuk.edu.tw/QueryCourse/tcontent.asp?OpenYear=109&Helf=1&Sclass=AP&Cono=A06A,2026-08-26T18:22:53+00:00
109-1-AP-A101-A-1-A,109,1,理學院,AP,應用物理學系,A101,A,大學部,1,A,普通物理實驗(一)A,1,必,30,24,,6,黃建榮,C02-3004,,,,,"2,3, 4",,,"[{""day"": 5, ""dayName"": ""星期五"", ""periods"": [""2"", ""3"", ""4""], ""raw"": ""2,3, 4""}]",,限本系單號學生選課,https://course.nuk.edu.tw/QueryCourse/tcontent.asp?OpenYear=109&Helf=1&Sclass=AP&Cono=A101,2026-08-26T18:22:53+00:00
109-1-AP-A102-A-1-A,109,1,理學院,AP,應用物理學系,A102,A,大學部,1,A,普通物理實驗(一)B,1,必,30,25,,5,黃建榮,C02-3004,,,,,"5,6, 7",,,"[{""day"": 5, ""dayName"": ""星期五"", ""periods"": [""5"", ""6"", ""7""], ""raw"": ""5,6, 7""}]",,限本系雙號學生選課,https://course.nuk.edu.tw/QueryCourse/tcontent.asp?OpenYear=109&Helf=1&Sclass=AP&Cono=A102,2026-08-26T18:22:53+00:00
109-1-AP-A162-A-2-A,109,1,理學院,AP,應用物理學系,A162,A,大學部,2,A,工程數學(二),3,必,60,42,,18,邱昭文,C02-107,,,"2,3, 4",,,,,"[{""day"": 3, ""dayName"": ""星期三"", ""periods"": [""2"", ""3"", ""4""], ""raw"": ""2,3, 4""}]",,請安排在有大黑板教室,https://course.nuk.edu.tw/QueryCourse/tcontent.asp?OpenYear=109&Helf=1&Sclass=AP&Cono=A162,2026-08-26T18:22:53+00:00
109-1-AP-B011-A-2-A,109,1,理學院,AP,應用物理學系,B011,A,大學部,2,A,基礎物理實驗,2,必,60,45,,15,韓岱君,C02-3005,,,,"2,3, 4",,,,"[{""day"": 4, ""dayName"": ""星期四"", ""periods"": [""2"", ""3"", ""4""], ""raw"": ""2,3, 4""}]",,,https://course.nuk.edu.tw/QueryCourse/tcontent.asp?OpenYear=109&Helf=1&Sclass=AP&Cono=B011,2026-08-26T18:22:53+00:00
109-1-AP-B03A-A-2-A,109,1,理學院,AP,應用物理學系,B03A,A,大學部,2,A,電磁學(一),3,必,60,45,,15,胡裕民,C02-104,"2,3, 4",,,,,,,"[{""day"": 1, ""dayName"": ""星期一"", ""periods"": [""2"", ""3"", ""4""], ""raw"": ""2,3, 4""}]",,,https://course.nuk.edu.tw/QueryCourse/tcontent.asp?OpenYear=109&Helf=1&Sclass=AP&Cono=B03A,2026-08-26T18:22:53+00:00
109-1-AP-B041-A-2-A,109,1,理學院,AP,應用物理學系,B041,A,大學部,2,A,理論力學(一),3,必,60,59,,1,韓岱君,C02-107,,"2,3, 4",,,,,,"[{""day"": 2, ""dayName"": ""星期二"", ""periods"": [""2"", ""3"", ""4""], ""raw"": ""2,3, 4""}]",,請安排在有大黑板教室,https://course.nuk.edu.tw/QueryCourse/tcontent.asp?OpenYear=109&Helf=1&Sclass=AP&Cono=B041,2026-08-26T18:22:53+00:00
109-1-AP-B53A-A-2-A,109,1,理學院,AP,應用物理學系,B53A,A,大學部,2,A,電路學(一),3,選,60,47,,13,吳宜蓁,C02-104,,,,"5,6, 7",,,,"[{""day"": 4, ""dayName"": ""星期四"", ""periods"": [""5"", ""6"", ""7""], ""raw"": ""5,6, 7""}]",,本課程已改為『必選』，請105學年度(含) 以後本系的大學部學生一定要選修本課程，以免影響畢業資格。,https://course.nuk.edu.tw/QueryCourse/tcontent.asp?OpenYear=109&Helf=1&Sclass=AP&Cono=B53A,2026-08-26T18:22:53+00:00
109-1-AP-C01A-A-3-A,109,1,理學院,AP,應用物理學系,C01A,A,大學部,3,A,應用電子學實驗(一),2,必,60,45,,15,謝振豪,C02-3006,,"5,6, 7",,,,,,"[{""day"": 2, ""dayName"": ""星期二"", ""periods"": [""5"", ""6"", ""7""], ""raw"": ""5,6, 7""}]",,,https://course.nuk.edu.tw/QueryCourse/tcontent.asp?OpenYear=109&Helf=1&Sclass=AP&Cono=C01A,2026-08-26T18:22:53+00:00
109-1-AP-C02A-A-3-A,109,1,理學院,AP,應用物理學系,C02A,A,大學部,3,A,量子物理(一),3,必,60,48,,12,余進忠,C02-102,"2,3, 4",,,,,,,"[{""day"": 1, ""dayName"": ""星期一"", ""periods"": [""2"", ""3"", ""4""], ""raw"": ""2,3, 4""}]",,,https://course.nuk.edu.tw/QueryCourse/tcontent.asp?OpenYear=109&Helf=1&Sclass=AP&Cono=C02A,2026-08-26T18:22:53+00:00
109-1-AP-C03A-A-3-A,109,1,理學院,AP,應用物理學系,C03A,A,大學部,3,A,應用電子學(一),3,必,60,56,,4,黃建榮,C02-111,,,"2,3, 4",,,,,"[{""day"": 3, ""dayName"": ""星期三"", ""periods"": [""2"", ""3"", ""4""], ""raw"": ""2,3, 4""}]",,,https://course.nuk.edu.tw/QueryCourse/tcontent.asp?OpenYear=109&Helf=1&Sclass=AP&Cono=C03A,2026-08-26T18:22:53+00:00
109-1-AP-C562-A-3-A,109,1,理學院,AP,應用物理學系,C562,A,大學部,3,A,熱統計物理學,3,選,60,47,,13,蔡進譯,C02-107,,,,,"2,3, 4",,,"[{""day"": 5, ""dayName"": ""星期五"", ""periods"": [""2"", ""3"", ""4""], ""raw"": ""2,3, 4""}]",學程,本課程已改為『必選』，請104學年度(含) 以後本系的學生一定要選修本課程，以免影響畢業資格。,https://course.nuk.edu.tw/QueryCourse/tcontent.asp?OpenYear=109&Helf=1&Sclass=AP&Cono=C562,2026-08-26T18:22:53+00:00
109-1-AP-C60A-A-3-A,109,1,理學院,AP,應用物理學系,C60A,A,大學部,3,A,光學(一),3,選,60,25,,35,邱昭文,C02-107,"5,6, 7",,,,,,,"[{""day"": 1, ""dayName"": ""星期一"", ""periods"": [""5"", ""6"", ""7""], ""raw"": ""5,6, 7""}]",,,https://course.nuk.edu.tw/QueryCourse/tcontent.asp?OpenYear=109&Helf=1&Sclass=AP&Cono=C60A,2026-08-26T18:22:53+00:00
109-1-AP-C631-A-3-A,109,1,理學院,AP,應用物理學系,C631,A,大學部,3,A,真空技術,3,選,60,23,,37,邱昭文,C02-104,,"2,3, 4",,,,,,"[{""day"": 2, ""dayName"": ""星期二"", ""periods"": [""2"", ""3"", ""4""], ""raw"": ""2,3, 4""}]",學程,半導體光電製程學程,https://course.nuk.edu.tw/QueryCourse/tcontent.asp?OpenYear=109&Helf=1&Sclass=AP&Cono=C631,2026-08-26T18:22:53+00:00
109-1-AP-C671-A-3-A,109,1,理學院,AP,應用物理學系,C671,A,大學部,3,A,電磁波,3,選,60,30,,30,廖英彥,C02-107,,,,"5,6, 7",,,,"[{""day"": 4, ""dayName"": ""星期四"", ""periods"": [""5"", ""6"", ""7""], ""raw"": ""5,6, 7""}]",,,https://course.nuk.edu.tw/QueryCourse/tcontent.asp?OpenYear=109&Helf=1&Sclass=AP&Cono=C671,2026-08-26T18:22:53+00:00
109-1-AP-D56C-A-4-A,109,1,理學院,AP,應用物理學系,D56C,A,大學部,4,A,固態材料專題實作(二),3,選,31,31,,0,蔡進譯,C02-30022,,,"5,6, 7",,,,,"[{""day"": 3, ""dayName"": ""星期三"", ""periods"": [""5"", ""6"", ""7""], ""raw"": ""5,6, 7""}]",,本課程為『必選』，請102學年度(含)以後本系的大學部學生一定要選修本課程，以免影響畢業資格。本課程與奈米光電專題實作(二)擇一選課即可。,https://course.nuk.edu.tw/QueryCourse/tcontent.asp?OpenYear=109&Helf=1&Sclass=AP&Cono=D56C,2026-08-26T18:22:53+00:00
109-1-AP-D57C-A-4-A,109,1,理學院,AP,應用物理學系,D57C,A,大學部,4,A,奈米光電專題實作(二),3,選,30,14,,16,蔡進譯,C02-30022,"8,9, 10",,,,,,,"[{""day"": 1, ""dayName"": ""星期一"", ""periods"": [""8"", ""9"", ""10""], ""raw"": ""8,9, 10""}]",,本課程為『必選』，請102學年度(含)以後本系的大學部學生一定要選修本課程，以免影響畢業資格。本課程與固態材料專題實作(二)擇一選課即可。,https://course.nuk.edu.tw/QueryCourse/tcontent.asp?OpenYear=109&Helf=1&Sclass=AP&Cono=D57C,2026-08-26T18:22:53+00:00
109-1-AP-F523-A-4-A,109,1,理學院,AP,應用物理學系,F523,A,大學部,4,A,半導體製程與設備,3,選,60,11,,49,黃建榮,C02-30022,,"2,3, 4",,,,,,"[{""day"": 2, ""dayName"": ""星期二"", ""periods"": [""2"", ""3"", ""4""], ""raw"": ""2,3, 4""}]",學程,本課程與碩一合開。,https://course.nuk.edu.tw/QueryCourse/tcontent.asp?OpenYear=109&Helf=1&Sclass=AP&Cono=F523,2026-08-26T18:22:53+00:00
109-1-AP-F543-A-4-A,109,1,理學院,AP,應用物理學系,F543,A,大學部,4,A,材料性質量測與分析,3,選,60,14,,46,韓岱君,C02-30022,,,"2,3, 4",,,,,"[{""day"": 3, ""dayName"": ""星期三"", ""periods"": [""2"", ""3"", ""4""], ""raw"": ""2,3, 4""}]",學程,本課程與碩一合開。磁電材料跨院系學分學程。,https://course.nuk.edu.tw/QueryCourse/tcontent.asp?OpenYear=109&Helf=1&Sclass=AP&Cono=F543,2026-08-26T18:22:53+00:00
109-1-AP-F59A-A-4-A,109,1,理學院,AP,應用物理學系,F59A,A,大學部,4,A,半導體元件與物理(一),3,選,60,36,,24,孫士傑,C02-107,,,,"2,3, 4",,,,"[{""day"": 4, ""dayName"": ""星期四"", ""periods"": [""2"", ""3"", ""4""], ""raw"": ""2,3, 4""}]",學程,本課程與碩一合開。,https://course.nuk.edu.tw/QueryCourse/tcontent.asp?OpenYear=109&Helf=1&Sclass=AP&Cono=F59A,2026-08-26T18:22:53+00:00
109-1-AP-F622-A-4-A,109,1,理學院,AP,應用物理學系,F622,A,大學部,4,A,磁性物理,3,選,60,9,,51,余進忠,C02-107,,,"8,9, 10",,,,,"[{""day"": 3, ""dayName"": ""星期三"", ""periods"": [""8"", ""9"", ""10""], ""raw"": ""8,9, 10""}]",,本課程與碩一合開。磁電材料跨院系學分學程,https://course.nuk.edu.tw/QueryCourse/tcontent.asp?OpenYear=109&Helf=1&Sclass=AP&Cono=F622,2026-08-26T18:22:53+00:00
109-1-AP-F66A-A-4-A,109,1,理學院,AP,應用物理學系,F66A,A,大學部,4,A,固態物理(一),3,選,60,26,,34,孫士傑,C02-30022,"2,3, 4",,,,,,,"[{""day"": 1, ""dayName"": ""星期一"", ""periods"": [""2"", ""3"", ""4""], ""raw"": ""2,3, 4""}]",,本課程與碩一合開。磁電材料跨院系學分學程。,https://course.nuk.edu.tw/QueryCourse/tcontent.asp?OpenYear=109&Helf=1&Sclass=AP&Cono=F66A,2026-08-26T18:22:53+00:00
109-1-AP-F67A-A-4-A,109,1,理學院,AP,應用物理學系,F67A,A,大學部,4,A,量子力學(一),3,選,70,28,,42,蔡進譯,C02-107,,,,,"5,6, 7",,,"[{""day"": 5, ""dayName"": ""星期五"", ""periods"": [""5"", ""6"", ""7""], ""raw"": ""5,6, 7""}]",,本課程與碩一合開。,https://course.nuk.edu.tw/QueryCourse/tcontent.asp?OpenYear=109&Helf=1&Sclass=AP&Cono=F67A,2026-08-26T18:22:53+00:00
109-1-AP-F80A-A-4-A,109,1,理學院,AP,應用物理學系,F80A,A,大學部,4,A,科技英文(一),3,選,70,33,,37,蔡進譯,C02-108,"5,6, 7",,,,,,,"[{""day"": 1, ""dayName"": ""星期一"", ""periods"": [""5"", ""6"", ""7""], ""raw"": ""5,6, 7""}]",,本課程與碩一合開。,https://course.nuk.edu.tw/QueryCourse/tcontent.asp?OpenYear=109&Helf=1&Sclass=AP&Cono=F80A,2026-08-26T18:22:53+00:00
109-1-AP-F02A-M-1-,109,1,理學院,AP,應用物理學系,F02A,M,碩士班,1,,書報討論(一),0,必,30,6,,24,廖英彥,C02-30022,,,"6,7",,,,,"[{""day"": 3, ""dayName"": ""星期三"", ""periods"": [""6"", ""7""], ""raw"": ""6,7""}]",,,https://course.nuk.edu.tw/QueryCourse/tcontent.asp?OpenYear=109&Helf=1&Sclass=AP&Cono=F02A,2026-08-26T18:22:53+00:00
109-1-AP-F523-M-1-,109,1,理學院,AP,應用物理學系,F523,M,碩士班,1,,半導體製程與設備,3,選,60,11,,49,黃建榮,C02-30022,,"2,3, 4",,,,,,"[{""day"": 2, ""dayName"": ""星期二"", ""periods"": [""2"", ""3"", ""4""], ""raw"": ""2,3, 4""}]",學程,本課程與大四合開,https://course.nuk.edu.tw/QueryCourse/tcontent.asp?OpenYear=109&Helf=1&Sclass=AP&Cono=F523,2026-08-26T18:22:53+00:00
109-1-AP-F543-M-1-,109,1,理學院,AP,應用物理學系,F543,M,碩士班,1,,材料性質量測與分析,3,選,60,14,,46,韓岱君,C02-30022,,,"2,3, 4",,,,,"[{""day"": 3, ""dayName"": ""星期三"", ""periods"": [""2"", ""3"", ""4""], ""raw"": ""2,3, 4""}]",學程,本課程與大四合開。磁電材料跨院系學分學程。,https://course.nuk.edu.tw/QueryCourse/tcontent.asp?OpenYear=109&Helf=1&Sclass=AP&Cono=F543,2026-08-26T18:22:53+00:00
109-1-AP-F59A-M-1-,109,1,理學院,AP,應用物理學系,F59A,M,碩士班,1,,半導體元件與物理(一),3,選,60,36,,24,孫士傑,C02-107,,,,"2,3, 4",,,,"[{""day"": 4, ""dayName"": ""星期四"", ""periods"": [""2"", ""3"", ""4""], ""raw"": ""2,3, 4""}]",學程,本課程與大四合開。,https://course.nuk.edu.tw/QueryCourse/tcontent.asp?OpenYear=109&Helf=1&Sclass=AP&Cono=F59A,2026-08-26T18:22:53+00:00
109-1-AP-F622-M-1-,109,1,理學院,AP,應用物理學系,F622,M,碩士班,1,,磁性物理,3,選,60,9,,51,余進忠,C02-107,,,"8,9, 10",,,,,"[{""day"": 3, ""dayName"": ""星期三"", ""periods"": [""8"", ""9"", ""10""], ""raw"": ""8,9, 10""}]",,本課程與大四合開。,https://course.nuk.edu.tw/QueryCourse/tcontent.asp?OpenYear=109&Helf=1&Sclass=AP&Cono=F622,2026-08-26T18:22:53+00:00
109-1-AP-F66A-M-1-,109,1,理學院,AP,應用物理學系,F66A,M,碩士班,1,,固態物理(一),3,選,60,26,,34,孫士傑,C02-30022,"2,3, 4",,,,,,,"[{""day"": 1, ""dayName"": ""星期一"", ""periods"": [""2"", ""3"", ""4""], ""raw"": ""2,3, 4""}]",,本課程與大四合開。,https://course.nuk.edu.tw/QueryCourse/tcontent.asp?OpenYear=109&Helf=1&Sclass=AP&Cono=F66A,2026-08-26T18:22:53+00:00
109-1-AP-F67A-M-1-,109,1,理學院,AP,應用物理學系,F67A,M,碩士班,1,,量子力學(一),3,選,70,28,,42,蔡進譯,C02-107,,,,,"5,6, 7",,,"[{""day"": 5, ""dayName"": ""星期五"", ""periods"": [""5"", ""6"", ""7""], ""raw"": ""5,6, 7""}]",,本課程與大四合開。,https://course.nuk.edu.tw/QueryCourse/tcontent.asp?OpenYear=109&Helf=1&Sclass=AP&Cono=F67A,2026-08-26T18:22:53+00:00
109-1-AP-F701-M-1-,109,1,理學院,AP,應用物理學系,F701,M,碩士班,1,,專題研究(一),1,選,30,6,,24,謝振豪,C02-521,"8,9, 10",,,,,,,"[{""day"": 1, ""dayName"": ""星期一"", ""periods"": [""8"", ""9"", ""10""], ""raw"": ""8,9, 10""}]",,本課程已改為『必選』，請102學年度(含)以後本系的碩士班學生一定要選修本課程，以免影響畢業資格。與應用科學碩士學位英文學程合開。,https://course.nuk.edu.tw/QueryCourse/tcontent.asp?OpenYear=109&Helf=1&Sclass=AP&Cono=F701,2026-08-26T18:22:53+00:00
109-1-AP-F80A-M-1-,109,1,理學院,AP,應用物理學系,F80A,M,碩士班,1,,科技英文(一),3,選,70,33,,37,蔡進譯,C02-108,"5,6, 7",,,,,,,"[{""day"": 1, ""dayName"": ""星期一"", ""periods"": [""5"", ""6"", ""7""], ""raw"": ""5,6, 7""}]",,本課程與大四合開。,https://course.nuk.edu.tw/QueryCourse/tcontent.asp?OpenYear=109&Helf=1&Sclass=AP&Cono=F80A,2026-08-26T18:22:53+00:00
109-1-AP-G001-M-2-,109,1,理學院,AP,應用物理學系,G001,M,碩士班,2,,書報討論(三),0,必,30,4,,26,孫士傑,C02-30022,,,"6,7",,,,,"[{""day"": 3, ""dayName"": ""星期三"", ""periods"": [""6"", ""7""], ""raw"": ""6,7""}]",,,https://course.nuk.edu.tw/QueryCourse/tcontent.asp?OpenYear=109&Helf=1&Sclass=AP&Cono=G001,2026-08-26T18:22:53+00:00
109-1-CCS-A501-A-1-A,109,1,理學院,CCS,理學院共同課程,A501,A,大學部,1,A,永續農業的友善經營與實務,2,選,30,20,,10,王恒隆,C02-106,,,"7,8",,,,,"[{""day"": 3, ""dayName"": ""星期三"", ""periods"": [""7"", ""8""], ""raw"": ""7,8""}]",,理學院共同課程，理學院大學部學生不限年級得選修，此課程係配合計畫開課，授課鐘點費由計畫支應,https://course.nuk.edu.tw/QueryCourse/tcontent.asp?OpenYear=109&Helf=1&Sclass=CCS&Cono=A501,2026-08-26T18:22:53+00:00
109-1-LS-A01A-A-1-A,109,1,理學院,LS,生命科學系,A01A,A,大學部,1,A,普通生物學(一),3,必,65,62,,3,王俊順,C02-101,,,,"2,3, 4",,,,"[{""day"": 4, ""dayName"": ""星期四"", ""periods"": [""2"", ""3"", ""4""], ""raw"": ""2,3, 4""}]",學程,隸屬生技產業跨領域學程,https://course.nuk.edu.tw/QueryCourse/tcontent.asp?OpenYear=109&Helf=1&Sclass=LS&Cono=A01A,2026-08-26T18:22:53+00:00
109-1-LS-A02A-A-1-A,109,1,理學院,LS,生命科學系,A02A,A,大學部,1,A,普通生物學實驗(一),1,必,30,23,,7,陳彥澄,C02-202,,,,"5,6, 7",,,,"[{""day"": 4, ""dayName"": ""星期四"", ""periods"": [""5"", ""6"", ""7""], ""raw"": ""5,6, 7""}]",,使用C02-202實驗室、本系一年級雙號學生,https://course.nuk.edu.tw/QueryCourse/tcontent.asp?OpenYear=109&Helf=1&Sclass=LS&Cono=A02A,2026-08-26T18:22:53+00:00
109-1-LS-A03A-A-1-A,109,1,理學院,LS,生命科學系,A03A,A,大學部,1,A,普通生物學實驗(一),1,必,30,24,,6,施能朗,C02-202,,,,,"2,3, 4",,,"[{""day"": 5, ""dayName"": ""星期五"", ""periods"": [""2"", ""3"", ""4""], ""raw"": ""2,3, 4""}]",,使用C02-202實驗室、本系一年級單號學生,https://course.nuk.edu.tw/QueryCourse/tcontent.asp?OpenYear=109&Helf=1&Sclass=LS&Cono=A03A,2026-08-26T18:22:53+00:00
109-1-LS-A07A-A-1-A,109,1,理學院,LS,生命科學系,A07A,A,大學部,1,A,普通化學(一),3,必,70,58,,12,楊佳寧,C02-108,,"5,6, 7",,,,,,"[{""day"": 2, ""dayName"": ""星期二"", ""periods"": [""5"", ""6"", ""7""], ""raw"": ""5,6, 7""}]",限修,,https://course.nuk.edu.tw/QueryCourse/tcontent.asp?OpenYear=109&Helf=1&Sclass=LS&Cono=A07A,2026-08-26T18:22:53+00:00
109-1-LS-A08A-A-1-A,109,1,理學院,LS,生命科學系,A08A,A,大學部,1,A,普通化學實驗(一),1,必,60,49,,11,鄭竣亦,C02-203,,,"2,3, 4",,,,,"[{""day"": 3, ""dayName"": ""星期三"", ""periods"": [""2"", ""3"", ""4""], ""raw"": ""2,3, 4""}]",,C02-203,https://course.nuk.edu.tw/QueryCourse/tcontent.asp?OpenYear=109&Helf=1&Sclass=LS&Cono=A08A,2026-08-26T18:22:53+00:00
109-1-LS-A10A-A-1-A,109,1,理學院,LS,生命科學系,A10A,A,大學部,1,A,微積分(一),3,必,75,64,,11,楊佳寧,C02-406,"2,3, 4",,,,,,,"[{""day"": 1, ""dayName"": ""星期一"", ""periods"": [""2"", ""3"", ""4""], ""raw"": ""2,3, 4""}]",限修,大班使用C02-406,https://course.nuk.edu.tw/QueryCourse/tcontent.asp?OpenYear=109&Helf=1&Sclass=LS&Cono=A10A,2026-08-26T18:22:53+00:00
109-1-LS-A501-A-1-A,109,1,理學院,LS,生命科學系,A501,A,大學部,1,A,生物技術概論,3,選,60,46,,14,葛孟杰 鄭竣亦,C02-108,,"2,3, 4",,,,,,"[{""day"": 2, ""dayName"": ""星期二"", ""periods"": [""2"", ""3"", ""4""], ""raw"": ""2,3, 4""}]",學程,隸屬生技產業跨領域學程,https://course.nuk.edu.tw/QueryCourse/tcontent.asp?OpenYear=109&Helf=1&Sclass=LS&Cono=A501,2026-08-26T18:22:53+00:00
109-1-LS-B011-A-2-A,109,1,理學院,LS,生命科學系,B011,A,大學部,2,A,有機化學,3,必,70,65,,5,鄭竣亦,C02-101,,,,,"2,3, 4",,,"[{""day"": 5, ""dayName"": ""星期五"", ""periods"": [""2"", ""3"", ""4""], ""raw"": ""2,3, 4""}]",學程,隸屬生技產業跨領域學程,https://course.nuk.edu.tw/QueryCourse/tcontent.asp?OpenYear=109&Helf=1&Sclass=LS&Cono=B011,2026-08-26T18:22:53+00:00
109-1-LS-B031-A-2-A,109,1,理學院,LS,生命科學系,B031,A,大學部,2,A,微生物學,3,必,60,56,,4,林順富,C02-102,,,"2,3, 4",,,,,"[{""day"": 3, ""dayName"": ""星期三"", ""periods"": [""2"", ""3"", ""4""], ""raw"": ""2,3, 4""}]",學程,隸屬生技產業跨領域學程,https://course.nuk.edu.tw/QueryCourse/tcontent.asp?OpenYear=109&Helf=1&Sclass=LS&Cono=B031,2026-08-26T18:22:53+00:00
109-1-LS-B042-A-2-A,109,1,理學院,LS,生命科學系,B042,A,大學部,2,A,微生物學實驗(A),1,必,30,18,,12,林順富,C02-201,,"2,3, 4",,,,,,"[{""day"": 2, ""dayName"": ""星期二"", ""periods"": [""2"", ""3"", ""4""], ""raw"": ""2,3, 4""}]",,生命科學系二年級雙號學生，使用C02-201實驗室,https://course.nuk.edu.tw/QueryCourse/tcontent.asp?OpenYear=109&Helf=1&Sclass=LS&Cono=B042,2026-08-26T18:22:53+00:00
109-1-LS-B043-A-2-A,109,1,理學院,LS,生命科學系,B043,A,大學部,2,A,微生物學實驗(B),1,必,30,24,,6,林順富,C02-201,,"5,6, 7",,,,,,"[{""day"": 2, ""dayName"": ""星期二"", ""periods"": [""5"", ""6"", ""7""], ""raw"": ""5,6, 7""}]",,生命科學系二年級單號學生，使用C02-201實驗室,https://course.nuk.edu.tw/QueryCourse/tcontent.asp?OpenYear=109&Helf=1&Sclass=LS&Cono=B043,2026-08-26T18:22:53+00:00
109-1-LS-B051-A-2-A,109,1,理學院,LS,生命科學系,B051,A,大學部,2,A,遺傳學,3,必,60,55,,5,高佑靈,C02-101,"2,3, 4",,,,,,,"[{""day"": 1, ""dayName"": ""星期一"", ""periods"": [""2"", ""3"", ""4""], ""raw"": ""2,3, 4""}]",,,https://course.nuk.edu.tw/QueryCourse/tcontent.asp?OpenYear=109&Helf=1&Sclass=LS&Cono=B051,2026-08-26T18:22:53+00:00
109-1-LS-B062-A-2-A,109,1,理學院,LS,生命科學系,B062,A,大學部,2,A,遺傳學實驗(A),1,必,30,24,,6,高佑靈,C02-202,,"2,3, 4",,,,,,"[{""day"": 2, ""dayName"": ""星期二"", ""periods"": [""2"", ""3"", ""4""], ""raw"": ""2,3, 4""}]",,生命科學系二年級單號學生，使用C02-202實驗室,https://course.nuk.edu.tw/QueryCourse/tcontent.asp?OpenYear=109&Helf=1&Sclass=LS&Cono=B062,2026-08-26T18:22:53+00:00
109-1-LS-B063-A-2-A,109,1,理學院,LS,生命科學系,B063,A,大學部,2,A,遺傳學實驗(B),1,必,30,20,,10,高佑靈,C02-202,,"5,6, 7",,,,,,"[{""day"": 2, ""dayName"": ""星期二"", ""periods"": [""5"", ""6"", ""7""], ""raw"": ""5,6, 7""}]",,生命科學系二年級雙號學生，使用C02-202實驗室,https://course.nuk.edu.tw/QueryCourse/tcontent.asp?OpenYear=109&Helf=1&Sclass=LS&Cono=B063,2026-08-26T18:22:53+00:00
109-1-LS-B581-A-2-A,109,1,理學院,LS,生命科學系,B581,A,大學部,2,A,無脊椎動物學及實驗,3,選,60,30,,30,溫秋明,C02-102,,,,"2,3, 4",,,,"[{""day"": 4, ""dayName"": ""星期四"", ""periods"": [""2"", ""3"", ""4""], ""raw"": ""2,3, 4""}]",,,https://course.nuk.edu.tw/QueryCourse/tcontent.asp?OpenYear=109&Helf=1&Sclass=LS&Cono=B581,2026-08-26T18:22:53+00:00
109-1-LS-B614-A-2-A,109,1,理學院,LS,生命科學系,B614,A,大學部,2,A,魚類學概論,3,選,60,10,,50,黃永森,C02-101,,,,"5,6, 7",,,,"[{""day"": 4, ""dayName"": ""星期四"", ""periods"": [""5"", ""6"", ""7""], ""raw"": ""5,6, 7""}]",,開放生科系大二以上選修,https://course.nuk.edu.tw/QueryCourse/tcontent.asp?OpenYear=109&Helf=1&Sclass=LS&Cono=B614,2026-08-26T18:22:53+00:00
109-1-LS-B672-A-3-A,109,1,理學院,LS,生命科學系,B672,A,大學部,3,A,昆蟲學及實驗,3,選,60,27,,33,黃重期,C02-108,,,,"5,6, 7",,,,"[{""day"": 4, ""dayName"": ""星期四"", ""periods"": [""5"", ""6"", ""7""], ""raw"": ""5,6, 7""}]",,,https://course.nuk.edu.tw/QueryCourse/tcontent.asp?OpenYear=109&Helf=1&Sclass=LS&Cono=B672,2026-08-26T18:22:53+00:00
109-1-LS-C01B-A-3-A,109,1,理學院,LS,生命科學系,C01B,A,大學部,3,A,生物化學(二),3,必,60,50,,10,王恒隆,C02-103,,,,"2,3, 4",,,,"[{""day"": 4, ""dayName"": ""星期四"", ""periods"": [""2"", ""3"", ""4""], ""raw"": ""2,3, 4""}]",,,https://course.nuk.edu.tw/QueryCourse/tcontent.asp?OpenYear=109&Helf=1&Sclass=LS&Cono=C01B,2026-08-26T18:22:53+00:00
109-1-LS-C021-A-3-A,109,1,理學院,LS,生命科學系,C021,A,大學部,3,A,生物化學實驗(一)(A),1,必,30,19,,11,溫秋明,C02-201,,,"2,3, 4",,,,,"[{""day"": 3, ""dayName"": ""星期三"", ""periods"": [""2"", ""3"", ""4""], ""raw"": ""2,3, 4""}]",,單號學生，使用C02-201實驗室,https://course.nuk.edu.tw/QueryCourse/tcontent.asp?OpenYear=109&Helf=1&Sclass=LS&Cono=C021,2026-08-26T18:22:53+00:00
109-1-LS-C022-A-3-A,109,1,理學院,LS,生命科學系,C022,A,大學部,3,A,生物化學實驗(一)(B),1,必,30,23,,7,溫秋明,C02-201,,,"5,6, 7",,,,,"[{""day"": 3, ""dayName"": ""星期三"", ""periods"": [""5"", ""6"", ""7""], ""raw"": ""5,6, 7""}]",,雙號學生，使用C02-201實驗室使用,https://course.nuk.edu.tw/QueryCourse/tcontent.asp?OpenYear=109&Helf=1&Sclass=LS&Cono=C022,2026-08-26T18:22:53+00:00
109-1-LS-C081-A-3-A,109,1,理學院,LS,生命科學系,C081,A,大學部,3,A,動物生理學,3,必,60,18,,42,溫秋明,C02-106,"2,3, 4",,,,,,,"[{""day"": 1, ""dayName"": ""星期一"", ""periods"": [""2"", ""3"", ""4""], ""raw"": ""2,3, 4""}]",學程,隸屬生技產業跨領域學程,https://course.nuk.edu.tw/QueryCourse/tcontent.asp?OpenYear=109&Helf=1&Sclass=LS&Cono=C081,2026-08-26T18:22:53+00:00
109-1-LS-C501-A-3-A,109,1,理學院,LS,生命科學系,C501,A,大學部,3,A,病毒學,3,選,60,32,,28,王俊順,C02-102,,"5,6, 7",,,,,,"[{""day"": 2, ""dayName"": ""星期二"", ""periods"": [""5"", ""6"", ""7""], ""raw"": ""5,6, 7""}]",,,https://course.nuk.edu.tw/QueryCourse/tcontent.asp?OpenYear=109&Helf=1&Sclass=LS&Cono=C501,2026-08-26T18:22:53+00:00
109-1-LS-C551-A-3-A,109,1,理學院,LS,生命科學系,C551,A,大學部,3,A,光譜學導論,3,選,60,10,,50,鄭竣亦,C02-102,"5,6, 7",,,,,,,"[{""day"": 1, ""dayName"": ""星期一"", ""periods"": [""5"", ""6"", ""7""], ""raw"": ""5,6, 7""}]",,,https://course.nuk.edu.tw/QueryCourse/tcontent.asp?OpenYear=109&Helf=1&Sclass=LS&Cono=C551,2026-08-26T18:22:53+00:00
109-1-LS-C621-A-3-A,109,1,理學院,LS,生命科學系,C621,A,大學部,3,A,內分泌學,3,選,60,11,,49,黃永森,C02-102,,,,,"2,3, 4",,,"[{""day"": 5, ""dayName"": ""星期五"", ""periods"": [""2"", ""3"", ""4""], ""raw"": ""2,3, 4""}]",,,https://course.nuk.edu.tw/QueryCourse/tcontent.asp?OpenYear=109&Helf=1&Sclass=LS&Cono=C621,2026-08-26T18:22:53+00:00
109-1-LS-C660-A-3-A,109,1,理學院,LS,生命科學系,C660,A,大學部,3,A,微生物生理學,3,選,60,11,,49,林順富,C02-102,,,,"5,6, 7",,,,"[{""day"": 4, ""dayName"": ""星期四"", ""periods"": [""5"", ""6"", ""7""], ""raw"": ""5,6, 7""}]",,,https://course.nuk.edu.tw/QueryCourse/tcontent.asp?OpenYear=109&Helf=1&Sclass=LS&Cono=C660,2026-08-26T18:22:53+00:00
109-1-LS-C811-A-3-A,109,1,理學院,LS,生命科學系,C811,A,大學部,3,A,分子生物學導論,3,選,60,32,,28,施能朗,C02-102,,"2,3, 4",,,,,,"[{""day"": 2, ""dayName"": ""星期二"", ""periods"": [""2"", ""3"", ""4""], ""raw"": ""2,3, 4""}]",,,https://course.nuk.edu.tw/QueryCourse/tcontent.asp?OpenYear=109&Helf=1&Sclass=LS&Cono=C811,2026-08-26T18:22:53+00:00
109-1-LS-D561-A-3-A,109,1,理學院,LS,生命科學系,D561,A,大學部,3,A,生物統計學,3,選,60,53,,7,黃重期,C02-101,"5,6, 7",,,,,,,"[{""day"": 1, ""dayName"": ""星期一"", ""periods"": [""5"", ""6"", ""7""], ""raw"": ""5,6, 7""}]",,,https://course.nuk.edu.tw/QueryCourse/tcontent.asp?OpenYear=109&Helf=1&Sclass=LS&Cono=D561,2026-08-26T18:22:53+00:00
109-1-LS-D563-A-3-A,109,1,理學院,LS,生命科學系,D563,A,大學部,3,A,生物統計學實習,1,選,60,28,,32,黃重期,L01-108,"8,9, 10",,,,,,,"[{""day"": 1, ""dayName"": ""星期一"", ""periods"": [""8"", ""9"", ""10""], ""raw"": ""8,9, 10""}]",,,https://course.nuk.edu.tw/QueryCourse/tcontent.asp?OpenYear=109&Helf=1&Sclass=LS&Cono=D563,2026-08-26T18:22:53+00:00
109-1-LS-D001-A-4-A,109,1,理學院,LS,生命科學系,D001,A,大學部,4,A,書報討論(一),1,必,60,36,,24,鄭竣亦 陳彥澄 楊文仁,C02-102,,"10,11",,,,,,"[{""day"": 2, ""dayName"": ""星期二"", ""periods"": [""10"", ""11""], ""raw"": ""10,11""}]",,,https://course.nuk.edu.tw/QueryCourse/tcontent.asp?OpenYear=109&Helf=1&Sclass=LS&Cono=D001,2026-08-26T18:22:53+00:00
109-1-LS-D562-A-4-A,109,1,理學院,LS,生命科學系,D562,A,大學部,4,A,應用水生動物學,3,選,60,16,,44,黃永森,C02-105,,,"2,3, 4",,,,,"[{""day"": 3, ""dayName"": ""星期三"", ""periods"": [""2"", ""3"", ""4""], ""raw"": ""2,3, 4""}]",學程,,https://course.nuk.edu.tw/QueryCourse/tcontent.asp?OpenYear=109&Helf=1&Sclass=LS&Cono=D562,2026-08-26T18:22:53+00:00
109-1-LS-D631-A-4-A,109,1,理學院,LS,生命科學系,D631,A,大學部,4,A,學士論文,2,選,30,14,,16,高佑靈 楊佳寧 王恒隆 葛孟杰 林順富 黃永森 溫秋明,,"11,12",,,,,,,"[{""day"": 1, ""dayName"": ""星期一"", ""periods"": [""11"", ""12""], ""raw"": ""11,12""}]",,各老師實驗室,https://course.nuk.edu.tw/QueryCourse/tcontent.asp?OpenYear=109&Helf=1&Sclass=LS&Cono=D631,2026-08-26T18:22:53+00:00
109-1-LS-F502-A-4-A,109,1,理學院,LS,生命科學系,F502,A,大學部,4,A,分子生物技術,3,選,30,23,,7,葛孟杰,C02-102,,,"7,8, 9",,,,,"[{""day"": 3, ""dayName"": ""星期三"", ""periods"": [""7"", ""8"", ""9""], ""raw"": ""7,8, 9""}]",學程,"與碩士班合開，開放生科系大學部三年級,隸屬生技產業跨領域學程",https://course.nuk.edu.tw/QueryCourse/tcontent.asp?OpenYear=109&Helf=1&Sclass=LS&Cono=F502,2026-08-26T18:22:53+00:00
109-1-LS-F522-A-4-A,109,1,理學院,LS,生命科學系,F522,A,大學部,4,A,細胞生物學特論,3,選,30,15,,15,高佑靈,C02-106,,,,"5,6, 7",,,,"[{""day"": 4, ""dayName"": ""星期四"", ""periods"": [""5"", ""6"", ""7""], ""raw"": ""5,6, 7""}]",,與碩士班合開，開放生科系大學部三年級以上選修,https://course.nuk.edu.tw/QueryCourse/tcontent.asp?OpenYear=109&Helf=1&Sclass=LS&Cono=F522,2026-08-26T18:22:53+00:00
109-1-LS-F542-A-4-A,109,1,理學院,LS,生命科學系,F542,A,大學部,4,A,細胞與分子免疫學,3,選,30,13,,17,楊文仁,C02-110,,"2,3, 4",,,,,,"[{""day"": 2, ""dayName"": ""星期二"", ""periods"": [""2"", ""3"", ""4""], ""raw"": ""2,3, 4""}]",,與碩士班合開，開放生科系大學部三年級選修,https://course.nuk.edu.tw/QueryCourse/tcontent.asp?OpenYear=109&Helf=1&Sclass=LS&Cono=F542,2026-08-26T18:22:53+00:00
109-1-LS-F583-A-4-A,109,1,理學院,LS,生命科學系,F583,A,大學部,4,A,天然物色層分析應用,3,選,30,5,,25,鄭竣亦,C02-110,"2,3, 4",,,,,,,"[{""day"": 1, ""dayName"": ""星期一"", ""periods"": [""2"", ""3"", ""4""], ""raw"": ""2,3, 4""}]",,與碩士班合開，開放生科系大學部三年級以上選修,https://course.nuk.edu.tw/QueryCourse/tcontent.asp?OpenYear=109&Helf=1&Sclass=LS&Cono=F583,2026-08-26T18:22:53+00:00
109-1-LS-F592-A-4-A,109,1,理學院,LS,生命科學系,F592,A,大學部,4,A,生技產品功效驗證分析,3,選,30,16,,14,王恒隆 楊文仁,C02-103,,,,,"2,3, 4",,,"[{""day"": 5, ""dayName"": ""星期五"", ""periods"": [""2"", ""3"", ""4""], ""raw"": ""2,3, 4""}]",學程,"與碩士班合開,隸屬生技產業跨領域學程。",https://course.nuk.edu.tw/QueryCourse/tcontent.asp?OpenYear=109&Helf=1&Sclass=LS&Cono=F592,2026-08-26T18:22:53+00:00
109-1-LS-F601-A-4-A,109,1,理學院,LS,生命科學系,F601,A,大學部,4,A,熱帶花卉生理與產銷,3,選,30,26,,4,王恒隆,C02-110,,,,"5,6, 7",,,,"[{""day"": 4, ""dayName"": ""星期四"", ""periods"": [""5"", ""6"", ""7""], ""raw"": ""5,6, 7""}]",,與碩士班合開，開放生科系大學部三年級以上選修,https://course.nuk.edu.tw/QueryCourse/tcontent.asp?OpenYear=109&Helf=1&Sclass=LS&Cono=F601,2026-08-26T18:22:53+00:00
109-1-LS-F00A-M-1-,109,1,理學院,LS,生命科學系,F00A,M,碩士班,1,,專題討論(一),1,必,30,6,,24,黃重期 葛孟杰,C02-102,,,"5,6",,,,,"[{""day"": 3, ""dayName"": ""星期三"", ""periods"": [""5"", ""6""], ""raw"": ""5,6""}]",,使用一般教室，開放生科系大學部四年級選修,https://course.nuk.edu.tw/QueryCourse/tcontent.asp?OpenYear=109&Helf=1&Sclass=LS&Cono=F00A,2026-08-26T18:22:53+00:00
109-1-LS-F01A-M-1-,109,1,理學院,LS,生命科學系,F01A,M,碩士班,1,,專題研究(一),1,必,30,6,,24,林順富 楊佳寧 葛孟杰 王恒隆 黃重期,C02-110,,,"10,11",,,,,"[{""day"": 3, ""dayName"": ""星期三"", ""periods"": [""10"", ""11""], ""raw"": ""10,11""}]",,開放生科系大學部四年級選修,https://course.nuk.edu.tw/QueryCourse/tcontent.asp?OpenYear=109&Helf=1&Sclass=LS&Cono=F01A,2026-08-26T18:22:53+00:00
109-1-LS-F022-M-1-,109,1,理學院,LS,生命科學系,F022,M,碩士班,1,,分子生物學特論,3,必,30,6,,24,楊文仁,C02-110,,,"2,3, 4",,,,,"[{""day"": 3, ""dayName"": ""星期三"", ""periods"": [""2"", ""3"", ""4""], ""raw"": ""2,3, 4""}]",,開放本系大四選修,https://course.nuk.edu.tw/QueryCourse/tcontent.asp?OpenYear=109&Helf=1&Sclass=LS&Cono=F022,2026-08-26T18:22:53+00:00
109-1-LS-F502-M-1-,109,1,理學院,LS,生命科學系,F502,M,碩士班,1,,分子生物技術,3,選,30,23,,7,葛孟杰,C02-102,,,"7,8, 9",,,,,"[{""day"": 3, ""dayName"": ""星期三"", ""periods"": [""7"", ""8"", ""9""], ""raw"": ""7,8, 9""}]",學程,"開放生科系大學部三年級及四年級選修,隸屬生技產業跨領域學程",https://course.nuk.edu.tw/QueryCourse/tcontent.asp?OpenYear=109&Helf=1&Sclass=LS&Cono=F502,2026-08-26T18:22:53+00:00
109-1-LS-F522-M-1-,109,1,理學院,LS,生命科學系,F522,M,碩士班,1,,細胞生物學特論,3,選,30,15,,15,高佑靈,C02-106,,,,"5,6, 7",,,,"[{""day"": 4, ""dayName"": ""星期四"", ""periods"": [""5"", ""6"", ""7""], ""raw"": ""5,6, 7""}]",,開放生科系大三、大四選修,https://course.nuk.edu.tw/QueryCourse/tcontent.asp?OpenYear=109&Helf=1&Sclass=LS&Cono=F522,2026-08-26T18:22:53+00:00
109-1-LS-F542-M-1-,109,1,理學院,LS,生命科學系,F542,M,碩士班,1,,細胞與分子免疫學,3,選,30,13,,17,楊文仁,C02-110,,"2,3, 4",,,,,,"[{""day"": 2, ""dayName"": ""星期二"", ""periods"": [""2"", ""3"", ""4""], ""raw"": ""2,3, 4""}]",,開放生科系大學部四年級選修,https://course.nuk.edu.tw/QueryCourse/tcontent.asp?OpenYear=109&Helf=1&Sclass=LS&Cono=F542,2026-08-26T18:22:53+00:00
109-1-LS-F583-M-1-,109,1,理學院,LS,生命科學系,F583,M,碩士班,1,,天然物色層分析應用,3,選,30,5,,25,鄭竣亦,C02-110,"2,3, 4",,,,,,,"[{""day"": 1, ""dayName"": ""星期一"", ""periods"": [""2"", ""3"", ""4""], ""raw"": ""2,3, 4""}]",,開放生科系大四,https://course.nuk.edu.tw/QueryCourse/tcontent.asp?OpenYear=109&Helf=1&Sclass=LS&Cono=F583,2026-08-26T18:22:53+00:00
109-1-LS-F592-M-1-,109,1,理學院,LS,生命科學系,F592,M,碩士班,1,,生技產品功效驗證分析,3,選,30,16,,14,王恒隆 楊文仁,C02-103,,,,,"2,3, 4",,,"[{""day"": 5, ""dayName"": ""星期五"", ""periods"": [""2"", ""3"", ""4""], ""raw"": ""2,3, 4""}]",學程,"與大學部合開,隸屬生技產業跨領域學程。",https://course.nuk.edu.tw/QueryCourse/tcontent.asp?OpenYear=109&Helf=1&Sclass=LS&Cono=F592,2026-08-26T18:22:53+00:00
109-1-LS-F601-M-1-,109,1,理學院,LS,生命科學系,F601,M,碩士班,1,,熱帶花卉生理與產銷,3,選,30,26,,4,王恒隆,C02-110,,,,"5,6, 7",,,,"[{""day"": 4, ""dayName"": ""星期四"", ""periods"": [""5"", ""6"", ""7""], ""raw"": ""5,6, 7""}]",,與生科系大四合開。,https://course.nuk.edu.tw/QueryCourse/tcontent.asp?OpenYear=109&Helf=1&Sclass=LS&Cono=F601,2026-08-26T18:22:53+00:00
109-1-LS-G00C-M-2-,109,1,理學院,LS,生命科學系,G00C,M,碩士班,2,,專題討論(三),1,必,30,4,,26,施能朗 葛孟杰,C02-105,"5,6",,,,,,,"[{""day"": 1, ""dayName"": ""星期一"", ""periods"": [""5"", ""6""], ""raw"": ""5,6""}]",,,https://course.nuk.edu.tw/QueryCourse/tcontent.asp?OpenYear=109&Helf=1&Sclass=LS&Cono=G00C,2026-08-26T18:22:53+00:00
109-1-LS-G01C-M-2-,109,1,理學院,LS,生命科學系,G01C,M,碩士班,2,,專題研究(三),1,必,30,4,,26,林順富 施能朗 高佑靈,C02-110,,,,,"10,11",,,"[{""day"": 5, ""dayName"": ""星期五"", ""periods"": [""10"", ""11""], ""raw"": ""10,11""}]",,,https://course.nuk.edu.tw/QueryCourse/tcontent.asp?OpenYear=109&Helf=1&Sclass=LS&Cono=G01C,2026-08-26T18:22:53+00:00
109-1-ST-F511-M-1-,109,1,理學院,ST,統計學研究所,F511,M,碩士班,1,,數理統計,3,選,30,10,,20,郭錕霖,C02-320,"5,6",,4,,,,,"[{""day"": 1, ""dayName"": ""星期一"", ""periods"": [""5"", ""6""], ""raw"": ""5,6""}, {""day"": 3, ""dayName"": ""星期三"", ""periods"": [""4""], ""raw"": ""4""}]",,應用數學系大三、大四學生亦可修。,https://course.nuk.edu.tw/QueryCourse/tcontent.asp?OpenYear=109&Helf=1&Sclass=ST&Cono=F511,2026-08-26T18:22:53+00:00
109-1-ST-F512-M-1-,109,1,理學院,ST,統計學研究所,F512,M,碩士班,1,,空間統計,3,選,30,11,,19,楊洪鼎,C02-320,"3,4",2,,,,,,"[{""day"": 1, ""dayName"": ""星期一"", ""periods"": [""3"", ""4""], ""raw"": ""3,4""}, {""day"": 2, ""dayName"": ""星期二"", ""periods"": [""2""], ""raw"": ""2""}]",,應用數學系大三、大四學生亦可修。,https://course.nuk.edu.tw/QueryCourse/tcontent.asp?OpenYear=109&Helf=1&Sclass=ST&Cono=F512,2026-08-26T18:22:53+00:00
109-1-ST-F521-M-1-,109,1,理學院,ST,統計學研究所,F521,M,碩士班,1,,迴歸分析,3,選,30,15,,15,許湘伶,C02-320,,"5,6",2,,,,,"[{""day"": 2, ""dayName"": ""星期二"", ""periods"": [""5"", ""6""], ""raw"": ""5,6""}, {""day"": 3, ""dayName"": ""星期三"", ""periods"": [""2""], ""raw"": ""2""}]",,應用數學系大三、大四學生亦可修。,https://course.nuk.edu.tw/QueryCourse/tcontent.asp?OpenYear=109&Helf=1&Sclass=ST&Cono=F521,2026-08-26T18:22:53+00:00
109-1-ST-F522-M-1-,109,1,理學院,ST,統計學研究所,F522,M,碩士班,1,,網絡分析,3,選,30,4,,26,郭錕霖,C02-320,,"3,4",6,,,,,"[{""day"": 2, ""dayName"": ""星期二"", ""periods"": [""3"", ""4""], ""raw"": ""3,4""}, {""day"": 3, ""dayName"": ""星期三"", ""periods"": [""6""], ""raw"": ""6""}]",,應用數學系大三、大四學生亦可修。,https://course.nuk.edu.tw/QueryCourse/tcontent.asp?OpenYear=109&Helf=1&Sclass=ST&Cono=F522,2026-08-26T18:22:53+00:00
109-1-ST-F681-M-1-,109,1,理學院,ST,統計學研究所,F681,M,碩士班,1,,基礎統計,3,選,30,11,,19,張志浩,C02-320,,,,,"7,8, 9",,,"[{""day"": 5, ""dayName"": ""星期五"", ""periods"": [""7"", ""8"", ""9""], ""raw"": ""7,8, 9""}]",,,https://course.nuk.edu.tw/QueryCourse/tcontent.asp?OpenYear=109&Helf=1&Sclass=ST&Cono=F681,2026-08-26T18:22:53+00:00
109-1-ST-G552-M-1-,109,1,理學院,ST,統計學研究所,G552,M,碩士班,1,,大數據探勘,3,選,30,18,,12,許湘伶,C02-320,,,3,,"5,6",,,"[{""day"": 3, ""dayName"": ""星期三"", ""periods"": [""3""], ""raw"": ""3""}, {""day"": 5, ""dayName"": ""星期五"", ""periods"": [""5"", ""6""], ""raw"": ""5,6""}]",學程,應用數學系大三、大四學生亦可修。,https://course.nuk.edu.tw/QueryCourse/tcontent.asp?OpenYear=109&Helf=1&Sclass=ST&Cono=G552,2026-08-26T18:22:53+00:00
109-1-ST-F01B-M-2-,109,1,理學院,ST,統計學研究所,F01B,M,碩士班,2,,書報討論(二),1,必,30,12,,18,許湘伶,C02-320,,,"7,8",,,,,"[{""day"": 3, ""dayName"": ""星期三"", ""periods"": [""7"", ""8""], ""raw"": ""7,8""}]",,上課2小時。,https://course.nuk.edu.tw/QueryCourse/tcontent.asp?OpenYear=109&Helf=1&Sclass=ST&Cono=F01B,2026-08-26T18:22:53+00:00
109-1-ST-F511-M-2-,109,1,理學院,ST,統計學研究所,F511,M,碩士班,2,,數理統計,3,選,30,10,,20,郭錕霖,C02-320,"5,6",,4,,,,,"[{""day"": 1, ""dayName"": ""星期一"", ""periods"": [""5"", ""6""], ""raw"": ""5,6""}, {""day"": 3, ""dayName"": ""星期三"", ""periods"": [""4""], ""raw"": ""4""}]",,應用數學系大三、大四學生亦可修。,https://course.nuk.edu.tw/QueryCourse/tcontent.asp?OpenYear=109&Helf=1&Sclass=ST&Cono=F511,2026-08-26T18:22:53+00:00
109-1-ST-F512-M-2-,109,1,理學院,ST,統計學研究所,F512,M,碩士班,2,,空間統計,3,選,30,11,,19,楊洪鼎,C02-320,"3,4",2,,,,,,"[{""day"": 1, ""dayName"": ""星期一"", ""periods"": [""3"", ""4""], ""raw"": ""3,4""}, {""day"": 2, ""dayName"": ""星期二"", ""periods"": [""2""], ""raw"": ""2""}]",,應用數學系大三、大四學生亦可修。,https://course.nuk.edu.tw/QueryCourse/tcontent.asp?OpenYear=109&Helf=1&Sclass=ST&Cono=F512,2026-08-26T18:22:53+00:00
109-1-ST-F521-M-2-,109,1,理學院,ST,統計學研究所,F521,M,碩士班,2,,迴歸分析,3,選,30,15,,15,許湘伶,C02-320,,"5,6",2,,,,,"[{""day"": 2, ""dayName"": ""星期二"", ""periods"": [""5"", ""6""], ""raw"": ""5,6""}, {""day"": 3, ""dayName"": ""星期三"", ""periods"": [""2""], ""raw"": ""2""}]",,應用數學系大三、大四學生亦可修。,https://course.nuk.edu.tw/QueryCourse/tcontent.asp?OpenYear=109&Helf=1&Sclass=ST&Cono=F521,2026-08-26T18:22:53+00:00
109-1-ST-F522-M-2-,109,1,理學院,ST,統計學研究所,F522,M,碩士班,2,,網絡分析,3,選,30,4,,26,郭錕霖,C02-320,,"3,4",6,,,,,"[{""day"": 2, ""dayName"": ""星期二"", ""periods"": [""3"", ""4""], ""raw"": ""3,4""}, {""day"": 3, ""dayName"": ""星期三"", ""periods"": [""6""], ""raw"": ""6""}]",,應用數學系大三、大四學生亦可修。,https://course.nuk.edu.tw/QueryCourse/tcontent.asp?OpenYear=109&Helf=1&Sclass=ST&Cono=F522,2026-08-26T18:22:53+00:00
109-1-ST-G552-M-2-,109,1,理學院,ST,統計學研究所,G552,M,碩士班,2,,大數據探勘,3,選,30,18,,12,許湘伶,C02-320,,,3,,"5,6",,,"[{""day"": 3, ""dayName"": ""星期三"", ""periods"": [""3""], ""raw"": ""3""}, {""day"": 5, ""dayName"": ""星期五"", ""periods"": [""5"", ""6""], ""raw"": ""5,6""}]",學程,應用數學系大三、大四學生亦可修。,https://course.nuk.edu.tw/QueryCourse/tcontent.asp?OpenYear=109&Helf=1&Sclass=ST&Cono=G552,2026-08-26T18:22:53+00:00
109-1-AB-A01A-A-1-A,109,1,管理學院,AB,亞太工商管理學系,A01A,A,大學部,1,A,經濟學(一),3,必,92,92,,0,林聖蒨,M01-B102,,,"2,3, 4",,,,,"[{""day"": 3, ""dayName"": ""星期三"", ""periods"": [""2"", ""3"", ""4""], ""raw"": ""2,3, 4""}]",限修及外加,限亞太系學生選修，欲選修請洽授課教師,https://course.nuk.edu.tw/QueryCourse/tcontent.asp?OpenYear=109&Helf=1&Sclass=AB&Cono=A01A,2026-08-26T18:22:53+00:00
109-1-AB-A021-A-1-A,109,1,管理學院,AB,亞太工商管理學系,A021,A,大學部,1,A,亞太工商管理概論,3,必,70,68,,2,楊詠凱,M01-B102,,,,"2,3, 4",,,,"[{""day"": 4, ""dayName"": ""星期四"", ""periods"": [""2"", ""3"", ""4""], ""raw"": ""2,3, 4""}]",學程,,https://course.nuk.edu.tw/QueryCourse/tcontent.asp?OpenYear=109&Helf=1&Sclass=AB&Cono=A021,2026-08-26T18:22:53+00:00
109-1-AB-A03A-A-1-A,109,1,管理學院,AB,亞太工商管理學系,A03A,A,大學部,1,A,會計學(一),3,必,85,84,,1,陳宜伶,M01-201,,"2,3, 4",,,,,,"[{""day"": 2, ""dayName"": ""星期二"", ""periods"": [""2"", ""3"", ""4""], ""raw"": ""2,3, 4""}]",,,https://course.nuk.edu.tw/QueryCourse/tcontent.asp?OpenYear=109&Helf=1&Sclass=AB&Cono=A03A,2026-08-26T18:22:53+00:00
109-1-AB-A121-A-1-A,109,1,管理學院,AB,亞太工商管理學系,A121,A,大學部,1,A,電腦概論,3,必,42,42,,0,蘇桓彥,L01-107,,"5,6, 7",,,,,,"[{""day"": 2, ""dayName"": ""星期二"", ""periods"": [""5"", ""6"", ""7""], ""raw"": ""5,6, 7""}]",外加,,https://course.nuk.edu.tw/QueryCourse/tcontent.asp?OpenYear=109&Helf=1&Sclass=AB&Cono=A121,2026-08-26T18:22:53+00:00
109-1-AB-A131-A-1-A,109,1,管理學院,AB,亞太工商管理學系,A131,A,大學部,1,A,電腦概論,3,必,40,28,,12,蘇桓彥,L01-107,,,,,"6,7, 8",,,"[{""day"": 5, ""dayName"": ""星期五"", ""periods"": [""6"", ""7"", ""8""], ""raw"": ""6,7, 8""}]",,,https://course.nuk.edu.tw/QueryCourse/tcontent.asp?OpenYear=109&Helf=1&Sclass=AB&Cono=A131,2026-08-26T18:22:53+00:00
109-1-AB-A161-A-1-A,109,1,管理學院,AB,亞太工商管理學系,A161,A,大學部,1,A,微積分（一）,3,必,85,85,,0,盧昆宏,M01-201,"2,3, 4",,,,,,,"[{""day"": 1, ""dayName"": ""星期一"", ""periods"": [""2"", ""3"", ""4""], ""raw"": ""2,3, 4""}]",限修及外加,限亞太系學生選修，欲選修請洽授課教師,https://course.nuk.edu.tw/QueryCourse/tcontent.asp?OpenYear=109&Helf=1&Sclass=AB&Cono=A161,2026-08-26T18:22:53+00:00
109-1-AB-B03A-A-2-A,109,1,管理學院,AB,亞太工商管理學系,B03A,A,大學部,2,A,統計學(一),3,必,70,56,,14,許博翔,M01-105,,"2,3, 4",,,,,,"[{""day"": 2, ""dayName"": ""星期二"", ""periods"": [""2"", ""3"", ""4""], ""raw"": ""2,3, 4""}]",限修,限亞太系學生選修，欲選修請洽授課教師,https://course.nuk.edu.tw/QueryCourse/tcontent.asp?OpenYear=109&Helf=1&Sclass=AB&Cono=B03A,2026-08-26T18:22:53+00:00
109-1-AB-B041-A-2-A,109,1,管理學院,AB,亞太工商管理學系,B041,A,大學部,2,A,作業研究,3,選,40,31,,9,陳榮泰,M01-208,,,,"2,3, 4",,,,"[{""day"": 4, ""dayName"": ""星期四"", ""periods"": [""2"", ""3"", ""4""], ""raw"": ""2,3, 4""}]",限修,限亞太系學生選修，欲選修請洽授課教師,https://course.nuk.edu.tw/QueryCourse/tcontent.asp?OpenYear=109&Helf=1&Sclass=AB&Cono=B041,2026-08-26T18:22:53+00:00
109-1-AB-B051-A-2-A,109,1,管理學院,AB,亞太工商管理學系,B051,A,大學部,2,A,行銷管理,3,必,80,68,,12,劉信賢,M01-B102,,,,,"2,3, 4",,,"[{""day"": 5, ""dayName"": ""星期五"", ""periods"": [""2"", ""3"", ""4""], ""raw"": ""2,3, 4""}]",限修 學程,,https://course.nuk.edu.tw/QueryCourse/tcontent.asp?OpenYear=109&Helf=1&Sclass=AB&Cono=B051,2026-08-26T18:22:53+00:00
109-1-AB-B572-A-2-A,109,1,管理學院,AB,亞太工商管理學系,B572,A,大學部,2,A,國際金融理論與政策,3,選,42,41,,1,許博翔,M01-105,,,,"6,7, 8",,,,"[{""day"": 4, ""dayName"": ""星期四"", ""periods"": [""6"", ""7"", ""8""], ""raw"": ""6,7, 8""}]",限修,限亞太系2年級以上學生選修，欲選修請洽授課教師,https://course.nuk.edu.tw/QueryCourse/tcontent.asp?OpenYear=109&Helf=1&Sclass=AB&Cono=B572,2026-08-26T18:22:53+00:00
109-1-AB-C69A-A-2-A,109,1,管理學院,AB,亞太工商管理學系,C69A,A,大學部,2,A,日語(一),2,選,52,52,,0,林聖蒨,M01-208,,,"6,7",,,,,"[{""day"": 3, ""dayName"": ""星期三"", ""periods"": [""6"", ""7""], ""raw"": ""6,7""}]",外加,,https://course.nuk.edu.tw/QueryCourse/tcontent.asp?OpenYear=109&Helf=1&Sclass=AB&Cono=C69A,2026-08-26T18:22:53+00:00
109-1-AB-C011-A-3-A,109,1,管理學院,AB,亞太工商管理學系,C011,A,大學部,3,A,作業管理,3,必,70,61,,9,陳榮泰,M01-201,,"5,6, 7",,,,,,"[{""day"": 2, ""dayName"": ""星期二"", ""periods"": [""5"", ""6"", ""7""], ""raw"": ""5,6, 7""}]",限修,限亞太系學生選修，欲選修請洽授課教師,https://course.nuk.edu.tw/QueryCourse/tcontent.asp?OpenYear=109&Helf=1&Sclass=AB&Cono=C011,2026-08-26T18:22:53+00:00
109-1-AB-C022-A-3-A,109,1,管理學院,AB,亞太工商管理學系,C022,A,大學部,3,A,亞太人力資源管理,3,必,75,63,,12,李亭林,M01-B102,"2,3, 4",,,,,,,"[{""day"": 1, ""dayName"": ""星期一"", ""periods"": [""2"", ""3"", ""4""], ""raw"": ""2,3, 4""}]",學程,,https://course.nuk.edu.tw/QueryCourse/tcontent.asp?OpenYear=109&Helf=1&Sclass=AB&Cono=C022,2026-08-26T18:22:53+00:00
109-1-AB-C061-A-3-A,109,1,管理學院,AB,亞太工商管理學系,C061,A,大學部,3,A,品質管理,3,選,57,57,,0,鄭榮郎,M01-204,"6,7, 8",,,,,,,"[{""day"": 1, ""dayName"": ""星期一"", ""periods"": [""6"", ""7"", ""8""], ""raw"": ""6,7, 8""}]",外加,上課教師:鄭榮郎,https://course.nuk.edu.tw/QueryCourse/tcontent.asp?OpenYear=109&Helf=1&Sclass=AB&Cono=C061,2026-08-26T18:22:53+00:00
109-1-AB-C151-A-3-A,109,1,管理學院,AB,亞太工商管理學系,C151,A,大學部,3,A,財務管理,3,必,70,64,,6,陳宜伶,M01-B102,,,,,"5,6, 7",,,"[{""day"": 5, ""dayName"": ""星期五"", ""periods"": [""5"", ""6"", ""7""], ""raw"": ""5,6, 7""}]",,,https://course.nuk.edu.tw/QueryCourse/tcontent.asp?OpenYear=109&Helf=1&Sclass=AB&Cono=C151,2026-08-26T18:22:53+00:00
109-1-AB-C522-A-3-A,109,1,管理學院,AB,亞太工商管理學系,C522,A,大學部,3,A,行銷企劃與實務,3,選,30,15,,15,劉信賢,M01-105,,,,"2,3, 4",,,,"[{""day"": 4, ""dayName"": ""星期四"", ""periods"": [""2"", ""3"", ""4""], ""raw"": ""2,3, 4""}]",限修,,https://course.nuk.edu.tw/QueryCourse/tcontent.asp?OpenYear=109&Helf=1&Sclass=AB&Cono=C522,2026-08-26T18:22:53+00:00
109-1-AB-F702-A-3-A,109,1,管理學院,AB,亞太工商管理學系,F702,A,大學部,3,A,校外實習（暑）,3,選,6,6,,0,陳宜伶 莊寶鵰,,,,,,,"2,3, 4",,"[{""day"": 6, ""dayName"": ""星期六"", ""periods"": [""2"", ""3"", ""4""], ""raw"": ""2,3, 4""}]",外加,參與暑期實習同學,https://course.nuk.edu.tw/QueryCourse/tcontent.asp?OpenYear=109&Helf=1&Sclass=AB&Cono=F702,2026-08-26T18:22:53+00:00
109-1-AB-C582-A-4-A,109,1,管理學院,AB,亞太工商管理學系,C582,A,大學部,4,A,企業倫理,3,必,63,62,,1,楊詠凱,M01-201,,,"5,6, 7",,,,,"[{""day"": 3, ""dayName"": ""星期三"", ""periods"": [""5"", ""6"", ""7""], ""raw"": ""5,6, 7""}]",外加 學程,,https://course.nuk.edu.tw/QueryCourse/tcontent.asp?OpenYear=109&Helf=1&Sclass=AB&Cono=C582,2026-08-26T18:22:53+00:00
109-1-AB-D02A-A-4-A,109,1,管理學院,AB,亞太工商管理學系,D02A,A,大學部,4,A,亞太工商管理專題(二)(A),3,必,65,60,,5,莊寶鵰 陳榮泰 陳一民 李亭林 林聖蒨 蘇桓彥 盧昆宏 劉信賢 楊詠凱 陳宜伶 許博翔,M01-B102,,"8,9",,,,,,"[{""day"": 2, ""dayName"": ""星期二"", ""periods"": [""8"", ""9""], ""raw"": ""8,9""}]",,,https://course.nuk.edu.tw/QueryCourse/tcontent.asp?OpenYear=109&Helf=1&Sclass=AB&Cono=D02A,2026-08-26T18:22:53+00:00
109-1-AB-D032-A-4-A,109,1,管理學院,AB,亞太工商管理學系,D032,A,大學部,4,A,亞太策略管理,3,必,61,61,,0,陳一民,M01-208,,"2,3, 4",,,,,,"[{""day"": 2, ""dayName"": ""星期二"", ""periods"": [""2"", ""3"", ""4""], ""raw"": ""2,3, 4""}]",外加,,https://course.nuk.edu.tw/QueryCourse/tcontent.asp?OpenYear=109&Helf=1&Sclass=AB&Cono=D032,2026-08-26T18:22:53+00:00
109-1-AB-F704-A-4-A,109,1,管理學院,AB,亞太工商管理學系,F704,A,大學部,4,A,校外實習（秋）,9,選,2,2,,0,莊寶鵰,,,,,,,"5,6, 7",,"[{""day"": 6, ""dayName"": ""星期六"", ""periods"": [""5"", ""6"", ""7""], ""raw"": ""5,6, 7""}]",外加,指定加簽,https://course.nuk.edu.tw/QueryCourse/tcontent.asp?OpenYear=109&Helf=1&Sclass=AB&Cono=F704,2026-08-26T18:22:53+00:00
109-1-AB-T011-L-1-,109,1,管理學院,AB,亞太工商管理學系,T011,L,碩士在職專班,1,,研究方法,3,必,30,14,,16,盧昆宏,M01-317,"10,11, 12",,,,,,,"[{""day"": 1, ""dayName"": ""星期一"", ""periods"": [""10"", ""11"", ""12""], ""raw"": ""10,11, 12""}]",限修,限碩專,https://course.nuk.edu.tw/QueryCourse/tcontent.asp?OpenYear=109&Helf=1&Sclass=AB&Cono=T011,2026-08-26T18:22:53+00:00
109-1-AB-T501-L-1-,109,1,管理學院,AB,亞太工商管理學系,T501,L,碩士在職專班,1,,產業分析-理論與實務,3,選,30,6,,24,李亭林,M01-108,,,"10,11, 12",,,,,"[{""day"": 3, ""dayName"": ""星期三"", ""periods"": [""10"", ""11"", ""12""], ""raw"": ""10,11, 12""}]",限修,限碩專 與碩專二合併上課,https://course.nuk.edu.tw/QueryCourse/tcontent.asp?OpenYear=109&Helf=1&Sclass=AB&Cono=T501,2026-08-26T18:22:53+00:00
109-1-AB-T564-L-1-,109,1,管理學院,AB,亞太工商管理學系,T564,L,碩士在職專班,1,,質性研究與管理個案,3,選,30,14,,16,楊詠凱,M01-317,,"10,11, 12",,,,,,"[{""day"": 2, ""dayName"": ""星期二"", ""periods"": [""10"", ""11"", ""12""], ""raw"": ""10,11, 12""}]",,限碩專 週二上課.預計7月開始上課 與碩專二合併上課,https://course.nuk.edu.tw/QueryCourse/tcontent.asp?OpenYear=109&Helf=1&Sclass=AB&Cono=T564,2026-08-26T18:22:53+00:00
109-1-AB-T581-L-1-,109,1,管理學院,AB,亞太工商管理學系,T581,L,碩士在職專班,1,,電子商務,3,選,30,10,,20,蘇桓彥,M01-317,,,,,"10,11, 12",,,"[{""day"": 5, ""dayName"": ""星期五"", ""periods"": [""10"", ""11"", ""12""], ""raw"": ""10,11, 12""}]",限修,限碩專 與碩專二合併上課,https://course.nuk.edu.tw/QueryCourse/tcontent.asp?OpenYear=109&Helf=1&Sclass=AB&Cono=T581,2026-08-26T18:22:53+00:00
109-1-AB-T591-L-1-,109,1,管理學院,AB,亞太工商管理學系,T591,L,碩士在職專班,1,,應用類神經網路,3,選,30,4,,26,陳榮泰,M01-208,,,,"10,11, 12",,,,"[{""day"": 4, ""dayName"": ""星期四"", ""periods"": [""10"", ""11"", ""12""], ""raw"": ""10,11, 12""}]",限修,限碩專 與碩專二合併上課,https://course.nuk.edu.tw/QueryCourse/tcontent.asp?OpenYear=109&Helf=1&Sclass=AB&Cono=T591,2026-08-26T18:22:53+00:00
109-1-AB-U542-L-1-,109,1,管理學院,AB,亞太工商管理學系,U542,L,碩士在職專班,1,,組織理論與管理,3,選,30,10,,20,黃英忠,M01-317,,,,,,"6,7, 8",,"[{""day"": 6, ""dayName"": ""星期六"", ""periods"": [""6"", ""7"", ""8""], ""raw"": ""6,7, 8""}]",限修,限碩專 與碩專二合併上課 週六上課. 預計7月開始上課,https://course.nuk.edu.tw/QueryCourse/tcontent.asp?OpenYear=109&Helf=1&Sclass=AB&Cono=U542,2026-08-26T18:22:53+00:00
109-1-AB-U552-L-1-,109,1,管理學院,AB,亞太工商管理學系,U552,L,碩士在職專班,1,,亞太經濟分析,3,選,30,15,,15,林聖蒨,M01-317,,,,"10,11, 12",,,,"[{""day"": 4, ""dayName"": ""星期四"", ""periods"": [""10"", ""11"", ""12""], ""raw"": ""10,11, 12""}]",限修,限碩專 與碩專二合併上課,https://course.nuk.edu.tw/QueryCourse/tcontent.asp?OpenYear=109&Helf=1&Sclass=AB&Cono=U552,2026-08-26T18:22:53+00:00
109-1-AB-T501-L-2-,109,1,管理學院,AB,亞太工商管理學系,T501,L,碩士在職專班,2,,產業分析-理論與實務,3,選,30,6,,24,李亭林,M01-108,,,"10,11, 12",,,,,"[{""day"": 3, ""dayName"": ""星期三"", ""periods"": [""10"", ""11"", ""12""], ""raw"": ""10,11, 12""}]",限修,限碩專 與碩專一合併上課,https://course.nuk.edu.tw/QueryCourse/tcontent.asp?OpenYear=109&Helf=1&Sclass=AB&Cono=T501,2026-08-26T18:22:53+00:00
109-1-AB-T564-L-2-,109,1,管理學院,AB,亞太工商管理學系,T564,L,碩士在職專班,2,,質性研究與管理個案,3,選,30,14,,16,楊詠凱,M01-317,,"10,11, 12",,,,,,"[{""day"": 2, ""dayName"": ""星期二"", ""periods"": [""10"", ""11"", ""12""], ""raw"": ""10,11, 12""}]",限修,限碩專 週二上課.預計7月開始上課 與碩專一合併上課,https://course.nuk.edu.tw/QueryCourse/tcontent.asp?OpenYear=109&Helf=1&Sclass=AB&Cono=T564,2026-08-26T18:22:53+00:00
109-1-AB-T581-L-2-,109,1,管理學院,AB,亞太工商管理學系,T581,L,碩士在職專班,2,,電子商務,3,選,30,10,,20,蘇桓彥,M01-317,,,,,"10,11, 12",,,"[{""day"": 5, ""dayName"": ""星期五"", ""periods"": [""10"", ""11"", ""12""], ""raw"": ""10,11, 12""}]",限修,限碩專 與碩專一合併上課,https://course.nuk.edu.tw/QueryCourse/tcontent.asp?OpenYear=109&Helf=1&Sclass=AB&Cono=T581,2026-08-26T18:22:53+00:00
109-1-AB-T591-L-2-,109,1,管理學院,AB,亞太工商管理學系,T591,L,碩士在職專班,2,,應用類神經網路,3,選,30,4,,26,陳榮泰,M01-208,,,,"10,11, 12",,,,"[{""day"": 4, ""dayName"": ""星期四"", ""periods"": [""10"", ""11"", ""12""], ""raw"": ""10,11, 12""}]",限修,限碩專 與碩專一合併上課,https://course.nuk.edu.tw/QueryCourse/tcontent.asp?OpenYear=109&Helf=1&Sclass=AB&Cono=T591,2026-08-26T18:22:53+00:00
109-1-AB-U011-L-2-,109,1,管理學院,AB,亞太工商管理學系,U011,L,碩士在職專班,2,,亞太企業管理,3,必,30,14,,16,陳一民,M01-317,,,,,,"2,3, 4",,"[{""day"": 6, ""dayName"": ""星期六"", ""periods"": [""2"", ""3"", ""4""], ""raw"": ""2,3, 4""}]",限修,限碩專 週六上課.預計7月開始上課,https://course.nuk.edu.tw/QueryCourse/tcontent.asp?OpenYear=109&Helf=1&Sclass=AB&Cono=U011,2026-08-26T18:22:53+00:00
109-1-AB-U541-L-2-,109,1,管理學院,AB,亞太工商管理學系,U541,L,碩士在職專班,2,,組織變革與發展專題,3,選,40,10,,30,黃英忠,M01-317,,,,,,"10,11, 12",,"[{""day"": 6, ""dayName"": ""星期六"", ""periods"": [""10"", ""11"", ""12""], ""raw"": ""10,11, 12""}]",,教師不支領授課鐘點費,https://course.nuk.edu.tw/QueryCourse/tcontent.asp?OpenYear=109&Helf=1&Sclass=AB&Cono=U541,2026-08-26T18:22:53+00:00
109-1-AB-U542-L-2-,109,1,管理學院,AB,亞太工商管理學系,U542,L,碩士在職專班,2,,組織理論與管理,3,選,30,10,,20,黃英忠,M01-317,,,,,,"6,7, 8",,"[{""day"": 6, ""dayName"": ""星期六"", ""periods"": [""6"", ""7"", ""8""], ""raw"": ""6,7, 8""}]",限修,限碩專 與碩專一合併上課 週六上課.預計7月開始上課,https://course.nuk.edu.tw/QueryCourse/tcontent.asp?OpenYear=109&Helf=1&Sclass=AB&Cono=U542,2026-08-26T18:22:53+00:00
109-1-AB-U552-L-2-,109,1,管理學院,AB,亞太工商管理學系,U552,L,碩士在職專班,2,,亞太經濟分析,3,選,30,15,,15,林聖蒨,M01-317,,,,"10,11, 12",,,,"[{""day"": 4, ""dayName"": ""星期四"", ""periods"": [""10"", ""11"", ""12""], ""raw"": ""10,11, 12""}]",限修,限碩專 與碩專一合併上課,https://course.nuk.edu.tw/QueryCourse/tcontent.asp?OpenYear=109&Helf=1&Sclass=AB&Cono=U552,2026-08-26T18:22:53+00:00
109-1-AB-V001-L-2-,109,1,管理學院,AB,亞太工商管理學系,V001,L,碩士在職專班,2,,論文,3,必,30,16,,14,盧昆宏 李亭林 蘇桓彥 楊詠凱 陳一民 莊寶鵰 劉信賢,,"6,7, 8",,,,,,,"[{""day"": 1, ""dayName"": ""星期一"", ""periods"": [""6"", ""7"", ""8""], ""raw"": ""6,7, 8""}]",限修,限碩專,https://course.nuk.edu.tw/QueryCourse/tcontent.asp?OpenYear=109&Helf=1&Sclass=AB&Cono=V001,2026-08-26T18:22:53+00:00
109-1-AB-F031-M-1-,109,1,管理學院,AB,亞太工商管理學系,F031,M,碩士班,1,,亞太企業管理,3,必,30,8,,22,陳一民,M01-317,,,,"2,3, 4",,,,"[{""day"": 4, ""dayName"": ""星期四"", ""periods"": [""2"", ""3"", ""4""], ""raw"": ""2,3, 4""}]",,,https://course.nuk.edu.tw/QueryCourse/tcontent.asp?OpenYear=109&Helf=1&Sclass=AB&Cono=F031,2026-08-26T18:22:53+00:00
109-1-AB-F091-M-1-,109,1,管理學院,AB,亞太工商管理學系,F091,M,碩士班,1,,研究方法,3,必,30,9,,21,盧昆宏,M01-317,,"2,3, 4",,,,,,"[{""day"": 2, ""dayName"": ""星期二"", ""periods"": [""2"", ""3"", ""4""], ""raw"": ""2,3, 4""}]",,,https://course.nuk.edu.tw/QueryCourse/tcontent.asp?OpenYear=109&Helf=1&Sclass=AB&Cono=F091,2026-08-26T18:22:53+00:00
109-1-AB-F583-M-1-,109,1,管理學院,AB,亞太工商管理學系,F583,M,碩士班,1,,產業分析-理論與實務,3,選,30,5,,25,李亭林,M01-420,,,"6,7, 8",,,,,"[{""day"": 3, ""dayName"": ""星期三"", ""periods"": [""6"", ""7"", ""8""], ""raw"": ""6,7, 8""}]",,與碩二合併上課,https://course.nuk.edu.tw/QueryCourse/tcontent.asp?OpenYear=109&Helf=1&Sclass=AB&Cono=F583,2026-08-26T18:22:53+00:00
109-1-AB-F590-M-1-,109,1,管理學院,AB,亞太工商管理學系,F590,M,碩士班,1,,應用類神經網路,3,選,30,6,,24,陳榮泰,M01-208,"2,3, 4",,,,,,,"[{""day"": 1, ""dayName"": ""星期一"", ""periods"": [""2"", ""3"", ""4""], ""raw"": ""2,3, 4""}]",,與碩二合併上課,https://course.nuk.edu.tw/QueryCourse/tcontent.asp?OpenYear=109&Helf=1&Sclass=AB&Cono=F590,2026-08-26T18:22:53+00:00
109-1-AB-F654-M-1-,109,1,管理學院,AB,亞太工商管理學系,F654,M,碩士班,1,,系統思考與動態模擬,3,選,40,7,,33,李亭林,M01-317,,"6,7, 8",,,,,,"[{""day"": 2, ""dayName"": ""星期二"", ""periods"": [""6"", ""7"", ""8""], ""raw"": ""6,7, 8""}]",,,https://course.nuk.edu.tw/QueryCourse/tcontent.asp?OpenYear=109&Helf=1&Sclass=AB&Cono=F654,2026-08-26T18:22:53+00:00
109-1-AB-F671-M-1-,109,1,管理學院,AB,亞太工商管理學系,F671,M,碩士班,1,,組織理論與管理,3,選,30,9,,21,黃英忠,M01-317,,,,,"2,3, 4",,,"[{""day"": 5, ""dayName"": ""星期五"", ""periods"": [""2"", ""3"", ""4""], ""raw"": ""2,3, 4""}]",,與碩二合併上課,https://course.nuk.edu.tw/QueryCourse/tcontent.asp?OpenYear=109&Helf=1&Sclass=AB&Cono=F671,2026-08-26T18:22:53+00:00
109-1-AB-F699-M-1-,109,1,管理學院,AB,亞太工商管理學系,F699,M,碩士班,1,,進階消費者行為,3,選,30,9,,21,劉信賢,M01-420,,,"2,3, 4",,,,,"[{""day"": 3, ""dayName"": ""星期三"", ""periods"": [""2"", ""3"", ""4""], ""raw"": ""2,3, 4""}]",限修,與碩二合併上課,https://course.nuk.edu.tw/QueryCourse/tcontent.asp?OpenYear=109&Helf=1&Sclass=AB&Cono=F699,2026-08-26T18:22:53+00:00
109-1-AB-F702-M-1-,109,1,管理學院,AB,亞太工商管理學系,F702,M,碩士班,1,,校外實習（暑）,3,選,6,6,,0,陳宜伶 莊寶鵰,,,,,,,"2,3, 4",,"[{""day"": 6, ""dayName"": ""星期六"", ""periods"": [""2"", ""3"", ""4""], ""raw"": ""2,3, 4""}]",外加,,https://course.nuk.edu.tw/QueryCourse/tcontent.asp?OpenYear=109&Helf=1&Sclass=AB&Cono=F702,2026-08-26T18:22:53+00:00
109-1-AB-F704-M-1-,109,1,管理學院,AB,亞太工商管理學系,F704,M,碩士班,1,,校外實習（秋）,9,選,2,2,,0,莊寶鵰,,,,,,,"5,6, 7",,"[{""day"": 6, ""dayName"": ""星期六"", ""periods"": [""5"", ""6"", ""7""], ""raw"": ""5,6, 7""}]",外加,指定加簽,https://course.nuk.edu.tw/QueryCourse/tcontent.asp?OpenYear=109&Helf=1&Sclass=AB&Cono=F704,2026-08-26T18:22:53+00:00
109-1-AB-F583-M-2-,109,1,管理學院,AB,亞太工商管理學系,F583,M,碩士班,2,,產業分析-理論與實務,3,選,30,5,,25,李亭林,M01-420,,,"6,7, 8",,,,,"[{""day"": 3, ""dayName"": ""星期三"", ""periods"": [""6"", ""7"", ""8""], ""raw"": ""6,7, 8""}]",,與碩一合併上課,https://course.nuk.edu.tw/QueryCourse/tcontent.asp?OpenYear=109&Helf=1&Sclass=AB&Cono=F583,2026-08-26T18:22:53+00:00
109-1-AB-F590-M-2-,109,1,管理學院,AB,亞太工商管理學系,F590,M,碩士班,2,,應用類神經網路,3,選,30,6,,24,陳榮泰,M01-208,"2,3, 4",,,,,,,"[{""day"": 1, ""dayName"": ""星期一"", ""periods"": [""2"", ""3"", ""4""], ""raw"": ""2,3, 4""}]",,與碩一合併上課,https://course.nuk.edu.tw/QueryCourse/tcontent.asp?OpenYear=109&Helf=1&Sclass=AB&Cono=F590,2026-08-26T18:22:53+00:00
109-1-AB-F671-M-2-,109,1,管理學院,AB,亞太工商管理學系,F671,M,碩士班,2,,組織理論與管理,3,選,30,9,,21,黃英忠,M01-317,,,,,"2,3, 4",,,"[{""day"": 5, ""dayName"": ""星期五"", ""periods"": [""2"", ""3"", ""4""], ""raw"": ""2,3, 4""}]",,與碩一合併上課,https://course.nuk.edu.tw/QueryCourse/tcontent.asp?OpenYear=109&Helf=1&Sclass=AB&Cono=F671,2026-08-26T18:22:53+00:00
109-1-AB-F699-M-2-,109,1,管理學院,AB,亞太工商管理學系,F699,M,碩士班,2,,進階消費者行為,3,選,30,9,,21,劉信賢,M01-420,,,"2,3, 4",,,,,"[{""day"": 3, ""dayName"": ""星期三"", ""periods"": [""2"", ""3"", ""4""], ""raw"": ""2,3, 4""}]",,與碩一合併上課,https://course.nuk.edu.tw/QueryCourse/tcontent.asp?OpenYear=109&Helf=1&Sclass=AB&Cono=F699,2026-08-26T18:22:53+00:00
109-1-AB-F702-M-2-,109,1,管理學院,AB,亞太工商管理學系,F702,M,碩士班,2,,校外實習（暑）,3,選,6,6,,0,陳宜伶 莊寶鵰,,,,,,,"2,3, 4",,"[{""day"": 6, ""dayName"": ""星期六"", ""periods"": [""2"", ""3"", ""4""], ""raw"": ""2,3, 4""}]",外加,參與暑期實習同學,https://course.nuk.edu.tw/QueryCourse/tcontent.asp?OpenYear=109&Helf=1&Sclass=AB&Cono=F702,2026-08-26T18:22:53+00:00
109-1-AE-A00A-A-1-A,109,1,管理學院,AE,應用經濟學系,A00A,A,大學部,1,A,經濟學原理(一),3,必,90,78,,12,蔡佳妤,M01-201,,,,"1,2, 3,4",,,,"[{""day"": 4, ""dayName"": ""星期四"", ""periods"": [""1"", ""2"", ""3"", ""4""], ""raw"": ""1,2, 3,4""}]",學程,M01-201；人文商管學程；台越法商菁英人才學程；星期四第1節為實習,https://course.nuk.edu.tw/QueryCourse/tcontent.asp?OpenYear=109&Helf=1&Sclass=AE&Cono=A00A,2026-08-26T18:22:53+00:00
109-1-AE-A01A-A-1-A,109,1,管理學院,AE,應用經濟學系,A01A,A,大學部,1,A,會計學(一),3,必,80,72,,8,吳怡慧,M01-201,,,,,"5,6, 7,8",,,"[{""day"": 5, ""dayName"": ""星期五"", ""periods"": [""5"", ""6"", ""7"", ""8""], ""raw"": ""5,6, 7,8""}]",學程,M01-201；授課老師吳怡慧老師；台越法商菁英人才學程；星期五第8節為實習,https://course.nuk.edu.tw/QueryCourse/tcontent.asp?OpenYear=109&Helf=1&Sclass=AE&Cono=A01A,2026-08-26T18:22:53+00:00
109-1-AE-A091-A-1-A,109,1,管理學院,AE,應用經濟學系,A091,A,大學部,1,A,微積分（一）,3,必,80,63,,17,鄭斯恩,C02-105,"3,4",,,"6,7",,,,"[{""day"": 1, ""dayName"": ""星期一"", ""periods"": [""3"", ""4""], ""raw"": ""3,4""}, {""day"": 4, ""dayName"": ""星期四"", ""periods"": [""6"", ""7""], ""raw"": ""6,7""}]",,C02-；星期四第7節為實習,https://course.nuk.edu.tw/QueryCourse/tcontent.asp?OpenYear=109&Helf=1&Sclass=AE&Cono=A091,2026-08-26T18:22:53+00:00
109-1-AE-B03A-A-2-A,109,1,管理學院,AE,應用經濟學系,B03A,A,大學部,2,A,統計學(一),3,必,94,89,,5,耿紹勛,M01-201,,,"1,2, 3,4",,,,,"[{""day"": 3, ""dayName"": ""星期三"", ""periods"": [""1"", ""2"", ""3"", ""4""], ""raw"": ""1,2, 3,4""}]",學程,M01-201；星期三第1堂為實習課；人文與商管學程,https://course.nuk.edu.tw/QueryCourse/tcontent.asp?OpenYear=109&Helf=1&Sclass=AE&Cono=B03A,2026-08-26T18:22:53+00:00
109-1-AE-B10A-A-2-A,109,1,管理學院,AE,應用經濟學系,B10A,A,大學部,2,A,總體經濟學（一）,3,必,78,66,,12,翁銘章,M01-B102,,"1,2, 3",,,,,,"[{""day"": 2, ""dayName"": ""星期二"", ""periods"": [""1"", ""2"", ""3""], ""raw"": ""1,2, 3""}]",先修 外加,M01-B102,https://course.nuk.edu.tw/QueryCourse/tcontent.asp?OpenYear=109&Helf=1&Sclass=AE&Cono=B10A,2026-08-26T18:22:53+00:00
109-1-AE-B11A-A-2-A,109,1,管理學院,AE,應用經濟學系,B11A,A,大學部,2,A,個體經濟學(一),3,必,90,82,,8,許聖章,M01-201,"5,6, 7",,,,,,,"[{""day"": 1, ""dayName"": ""星期一"", ""periods"": [""5"", ""6"", ""7""], ""raw"": ""5,6, 7""}]",先修,M01-201,https://course.nuk.edu.tw/QueryCourse/tcontent.asp?OpenYear=109&Helf=1&Sclass=AE&Cono=B11A,2026-08-26T18:22:53+00:00
109-1-AE-B514-A-2-A,109,1,管理學院,AE,應用經濟學系,B514,A,大學部,2,A,經濟數學,3,選,60,36,,24,鄭義暉,M01-206,,"5,6, 7",,,,,,"[{""day"": 2, ""dayName"": ""星期二"", ""periods"": [""5"", ""6"", ""7""], ""raw"": ""5,6, 7""}]",,M01-206,https://course.nuk.edu.tw/QueryCourse/tcontent.asp?OpenYear=109&Helf=1&Sclass=AE&Cono=B514,2026-08-26T18:22:53+00:00
109-1-AE-C011-A-3-A,109,1,管理學院,AE,應用經濟學系,C011,A,大學部,3,A,貨幣銀行學,3,必,71,64,,7,柯秀欣,M01-B102,,,,"5,6, 7",,,,"[{""day"": 4, ""dayName"": ""星期四"", ""periods"": [""5"", ""6"", ""7""], ""raw"": ""5,6, 7""}]",先修 外加 學程,M01-B102；人文與商管學程,https://course.nuk.edu.tw/QueryCourse/tcontent.asp?OpenYear=109&Helf=1&Sclass=AE&Cono=C011,2026-08-26T18:22:53+00:00
109-1-AE-C021-A-3-A,109,1,管理學院,AE,應用經濟學系,C021,A,大學部,3,A,公共經濟學,3,必,73,73,,0,佘志民,M01-B102,,"5,6, 7",,,,,,"[{""day"": 2, ""dayName"": ""星期二"", ""periods"": [""5"", ""6"", ""7""], ""raw"": ""5,6, 7""}]",先修 限修及外加,M01-B102,https://course.nuk.edu.tw/QueryCourse/tcontent.asp?OpenYear=109&Helf=1&Sclass=AE&Cono=C021,2026-08-26T18:22:53+00:00
109-1-AE-C542-A-3-A,109,1,管理學院,AE,應用經濟學系,C542,A,大學部,3,A,計量經濟學,3,選,40,29,,11,許聖章,M01-204,,,"2,3, 4",,,,,"[{""day"": 3, ""dayName"": ""星期三"", ""periods"": [""2"", ""3"", ""4""], ""raw"": ""2,3, 4""}]",先修 限修及外加,M01-204；本課程為學程之數量方法課程；大學部合班授課,https://course.nuk.edu.tw/QueryCourse/tcontent.asp?OpenYear=109&Helf=1&Sclass=AE&Cono=C542,2026-08-26T18:22:53+00:00
109-1-AE-C543-A-3-A,109,1,管理學院,AE,應用經濟學系,C543,A,大學部,3,A,政治經濟學,3,選,60,14,,46,蔡佳妤,M01-206,,,,,"2,3, 4",,,"[{""day"": 5, ""dayName"": ""星期五"", ""periods"": [""2"", ""3"", ""4""], ""raw"": ""2,3, 4""}]",,M01-206；公共議題與經濟政策學程之指定選修課程,https://course.nuk.edu.tw/QueryCourse/tcontent.asp?OpenYear=109&Helf=1&Sclass=AE&Cono=C543,2026-08-26T18:22:53+00:00
109-1-AE-C545-A-3-A,109,1,管理學院,AE,應用經濟學系,C545,A,大學部,3,A,管理經濟學,3,選,31,26,,5,蔡宗秀,M01-202,,,,,"2,3, 4",,,"[{""day"": 5, ""dayName"": ""星期五"", ""periods"": [""2"", ""3"", ""4""], ""raw"": ""2,3, 4""}]",限修及外加,本課程為學程之「專業發展課程」,https://course.nuk.edu.tw/QueryCourse/tcontent.asp?OpenYear=109&Helf=1&Sclass=AE&Cono=C545,2026-08-26T18:22:53+00:00
109-1-AE-C702-A-3-A,109,1,管理學院,AE,應用經濟學系,C702,A,大學部,3,A,賽局理論與應用,3,選,60,56,,4,佘志民,M01-204,,"2,3, 4",,,,,,"[{""day"": 2, ""dayName"": ""星期二"", ""periods"": [""2"", ""3"", ""4""], ""raw"": ""2,3, 4""}]",,M01-204；本課程為學程之「專業發展課程」,https://course.nuk.edu.tw/QueryCourse/tcontent.asp?OpenYear=109&Helf=1&Sclass=AE&Cono=C702,2026-08-26T18:22:53+00:00
109-1-AE-C712-A-3-A,109,1,管理學院,AE,應用經濟學系,C712,A,大學部,3,A,訊息經濟學,3,選,60,37,,23,宋皇叡,M01-206,"5,6, 7",,,,,,,"[{""day"": 1, ""dayName"": ""星期一"", ""periods"": [""5"", ""6"", ""7""], ""raw"": ""5,6, 7""}]",,M01-206；本課程為學程之「專業發展課程」,https://course.nuk.edu.tw/QueryCourse/tcontent.asp?OpenYear=109&Helf=1&Sclass=AE&Cono=C712,2026-08-26T18:22:53+00:00
109-1-AE-C01B-A-4-A,109,1,管理學院,AE,應用經濟學系,C01B,A,大學部,4,A,國際經濟學（二）,3,必,50,41,,9,鄭義暉,M01-206,"2,3, 4",,,,,,,"[{""day"": 1, ""dayName"": ""星期一"", ""periods"": [""2"", ""3"", ""4""], ""raw"": ""2,3, 4""}]",先修,M01-206,https://course.nuk.edu.tw/QueryCourse/tcontent.asp?OpenYear=109&Helf=1&Sclass=AE&Cono=C01B,2026-08-26T18:22:53+00:00
109-1-AE-C542-A-4-A,109,1,管理學院,AE,應用經濟學系,C542,A,大學部,4,A,計量經濟學,3,選,40,29,,11,許聖章,M01-204,,,"2,3, 4",,,,,"[{""day"": 3, ""dayName"": ""星期三"", ""periods"": [""2"", ""3"", ""4""], ""raw"": ""2,3, 4""}]",先修,M01-204；本課程為學程之數量方法課程；大學部合班授課,https://course.nuk.edu.tw/QueryCourse/tcontent.asp?OpenYear=109&Helf=1&Sclass=AE&Cono=C542,2026-08-26T18:22:53+00:00
109-1-AE-D012-A-4-A,109,1,管理學院,AE,應用經濟學系,D012,A,大學部,4,A,應用經濟實務專題(一),1,必,30,17,,13,翁銘章,M01-202,,,"5,6, 7",,,,,"[{""day"": 3, ""dayName"": ""星期三"", ""periods"": [""5"", ""6"", ""7""], ""raw"": ""5,6, 7""}]",限修,M01-202,https://course.nuk.edu.tw/QueryCourse/tcontent.asp?OpenYear=109&Helf=1&Sclass=AE&Cono=D012,2026-08-26T18:22:53+00:00
109-1-AE-D021-A-4-A,109,1,管理學院,AE,應用經濟學系,D021,A,大學部,4,A,商事法,3,必,70,62,,8,陳旻沂,M01-B109,,,,,"2,3, 4",,,"[{""day"": 5, ""dayName"": ""星期五"", ""periods"": [""2"", ""3"", ""4""], ""raw"": ""2,3, 4""}]",學程,台越法商菁英人才學程,https://course.nuk.edu.tw/QueryCourse/tcontent.asp?OpenYear=109&Helf=1&Sclass=AE&Cono=D021,2026-08-26T18:22:53+00:00
109-1-AE-F512-A-4-A,109,1,管理學院,AE,應用經濟學系,F512,A,大學部,4,A,人力資源經濟學（一）,3,選,60,30,,30,許聖章,M01-102,,,,"2,3, 4",,,,"[{""day"": 4, ""dayName"": ""星期四"", ""periods"": [""2"", ""3"", ""4""], ""raw"": ""2,3, 4""}]",,M01-102；本課程為學程之「專業發展課程」；大學部與碩士班合班授課,https://course.nuk.edu.tw/QueryCourse/tcontent.asp?OpenYear=109&Helf=1&Sclass=AE&Cono=F512,2026-08-26T18:22:53+00:00
109-1-AE-F564-A-4-A,109,1,管理學院,AE,應用經濟學系,F564,A,大學部,4,A,全球經濟議題,3,選,30,4,,26,蔡宗秀,M01-312,,,,"5,6, 7",,,,"[{""day"": 4, ""dayName"": ""星期四"", ""periods"": [""5"", ""6"", ""7""], ""raw"": ""5,6, 7""}]",,大學部與碩士班合班授課，全英文授課,https://course.nuk.edu.tw/QueryCourse/tcontent.asp?OpenYear=109&Helf=1&Sclass=AE&Cono=F564,2026-08-26T18:22:53+00:00
109-1-AE-F014-M-1-,109,1,管理學院,AE,應用經濟學系,F014,M,碩士班,1,,個體經濟學,3,必,30,7,,23,蔡宗秀,M01-312,,,"2,3, 4",,,,,"[{""day"": 3, ""dayName"": ""星期三"", ""periods"": [""2"", ""3"", ""4""], ""raw"": ""2,3, 4""}]",,,https://course.nuk.edu.tw/QueryCourse/tcontent.asp?OpenYear=109&Helf=1&Sclass=AE&Cono=F014,2026-08-26T18:22:53+00:00
109-1-AE-F015-M-1-,109,1,管理學院,AE,應用經濟學系,F015,M,碩士班,1,,總體經濟學,3,必,30,4,,26,柯秀欣,M01-312,,,,,"5,6, 7",,,"[{""day"": 5, ""dayName"": ""星期五"", ""periods"": [""5"", ""6"", ""7""], ""raw"": ""5,6, 7""}]",,,https://course.nuk.edu.tw/QueryCourse/tcontent.asp?OpenYear=109&Helf=1&Sclass=AE&Cono=F015,2026-08-26T18:22:53+00:00
109-1-AE-F03A-M-1-,109,1,管理學院,AE,應用經濟學系,F03A,M,碩士班,1,,專題討論(一),1,必,30,5,,25,劉志成,M01-102,,,"5,6, 7",,,,,"[{""day"": 3, ""dayName"": ""星期三"", ""periods"": [""5"", ""6"", ""7""], ""raw"": ""5,6, 7""}]",,M01-102,https://course.nuk.edu.tw/QueryCourse/tcontent.asp?OpenYear=109&Helf=1&Sclass=AE&Cono=F03A,2026-08-26T18:22:53+00:00
109-1-AE-F512-M-1-,109,1,管理學院,AE,應用經濟學系,F512,M,碩士班,1,,人力資源經濟學（一）,3,選,60,30,,30,許聖章,M01-102,,,,"2,3, 4",,,,"[{""day"": 4, ""dayName"": ""星期四"", ""periods"": [""2"", ""3"", ""4""], ""raw"": ""2,3, 4""}]",,M01-102；本課程為學程之「專業發展課程」；大學部與碩士班合班授課,https://course.nuk.edu.tw/QueryCourse/tcontent.asp?OpenYear=109&Helf=1&Sclass=AE&Cono=F512,2026-08-26T18:22:53+00:00
109-1-AE-F564-M-1-,109,1,管理學院,AE,應用經濟學系,F564,M,碩士班,1,,全球經濟議題,3,選,30,4,,26,蔡宗秀,M01-312,,,,"5,6, 7",,,,"[{""day"": 4, ""dayName"": ""星期四"", ""periods"": [""5"", ""6"", ""7""], ""raw"": ""5,6, 7""}]",,大學部與碩士班合班授課，全英文授課,https://course.nuk.edu.tw/QueryCourse/tcontent.asp?OpenYear=109&Helf=1&Sclass=AE&Cono=F564,2026-08-26T18:22:53+00:00
109-1-AE-F03C-M-2-,109,1,管理學院,AE,應用經濟學系,F03C,M,碩士班,2,,專題討論（三）,1,必,30,10,,20,蔡佳妤,M01-312,,,"5,6, 7",,,,,"[{""day"": 3, ""dayName"": ""星期三"", ""periods"": [""5"", ""6"", ""7""], ""raw"": ""5,6, 7""}]",,M01-312,https://course.nuk.edu.tw/QueryCourse/tcontent.asp?OpenYear=109&Helf=1&Sclass=AE&Cono=F03C,2026-08-26T18:22:53+00:00
109-1-AE-F564-M-2-,109,1,管理學院,AE,應用經濟學系,F564,M,碩士班,2,,全球經濟議題,3,選,30,4,,26,蔡宗秀,M01-312,,,,"5,6, 7",,,,"[{""day"": 4, ""dayName"": ""星期四"", ""periods"": [""5"", ""6"", ""7""], ""raw"": ""5,6, 7""}]",,大學部與碩士班合班授課，全英文授課,https://course.nuk.edu.tw/QueryCourse/tcontent.asp?OpenYear=109&Helf=1&Sclass=AE&Cono=F564,2026-08-26T18:22:53+00:00
109-1-AE-F583-M-2-,109,1,管理學院,AE,應用經濟學系,F583,M,碩士班,2,,時間序列分析(I),3,選,30,9,,21,翁銘章,M01-202,"2,3, 4",,,,,,,"[{""day"": 1, ""dayName"": ""星期一"", ""periods"": [""2"", ""3"", ""4""], ""raw"": ""2,3, 4""}]",,,https://course.nuk.edu.tw/QueryCourse/tcontent.asp?OpenYear=109&Helf=1&Sclass=AE&Cono=F583,2026-08-26T18:22:53+00:00
109-1-CCM-A501-A-1-A,109,1,管理學院,CCM,管理學院共同課程,A501,A,大學部,1,A,職場英文技能訓練,3,選,60,24,,36,黃佩琪,M01-204,,,,,"2,3, 4",,,"[{""day"": 5, ""dayName"": ""星期五"", ""periods"": [""2"", ""3"", ""4""], ""raw"": ""2,3, 4""}]",限修,限管院學生修習，本課程是否可抵本院學系畢業學分，請洽各屬系所；全英語授課,https://course.nuk.edu.tw/QueryCourse/tcontent.asp?OpenYear=109&Helf=1&Sclass=CCM&Cono=A501,2026-08-26T18:22:53+00:00
109-1-CCM-A504-A-1-A,109,1,管理學院,CCM,管理學院共同課程,A504,A,大學部,1,A,R分析應用,3,選,60,34,,26,曾智義,L01-108 其他教室,"5,6, 7",,,,,,,"[{""day"": 1, ""dayName"": ""星期一"", ""periods"": [""5"", ""6"", ""7""], ""raw"": ""5,6, 7""}]",限修 學程,"限管院學生修習，為程式設計課程，隸屬商業數據分析微學程,本課程是否可抵本院學系畢業學分請洽各屬系所",https://course.nuk.edu.tw/QueryCourse/tcontent.asp?OpenYear=109&Helf=1&Sclass=CCM&Cono=A504,2026-08-26T18:22:53+00:00
109-1-CCM-A511-A-1-A,109,1,管理學院,CCM,管理學院共同課程,A511,A,大學部,1,A,Python 程式語言與商業應用,3,選,60,57,,3,楊洪鼎,L01-108 其他教室,,,,"5,6, 7",,,,"[{""day"": 4, ""dayName"": ""星期四"", ""periods"": [""5"", ""6"", ""7""], ""raw"": ""5,6, 7""}]",禁止外加 學程,限管院學生修習，為程式設計課程，本課程是否可抵本院學系畢業學分請洽所屬系所,https://course.nuk.edu.tw/QueryCourse/tcontent.asp?OpenYear=109&Helf=1&Sclass=CCM&Cono=A511,2026-08-26T18:22:53+00:00
109-1-CCM-A521-A-1-A,109,1,管理學院,CCM,管理學院共同課程,A521,A,大學部,1,A,企業優質人才學用培育課程,3,選,61,59,,2,黃佩琪 業界教師,M01-105,,"5,6, 7",,,,,,"[{""day"": 2, ""dayName"": ""星期二"", ""periods"": [""5"", ""6"", ""7""], ""raw"": ""5,6, 7""}]",,"第1階段選課:限管院學生修習,第2階段選課:全校學生修習 ,與創新學院合開，可抵通識學分，並與業師共同授課(使用管院105教室)",https://course.nuk.edu.tw/QueryCourse/tcontent.asp?OpenYear=109&Helf=1&Sclass=CCM&Cono=A521,2026-08-26T18:22:53+00:00
109-1-EBA-N051-E-1-,109,1,管理學院,EBA,高階經營管理碩士在職專班,N051,E,高階經營管理碩士在職專班,1,,財務管理,3,選,60,37,,23,張志向 蔡明憲,,,,,,,,"1,2, 3,4, 5,6","[{""day"": 7, ""dayName"": ""星期日"", ""periods"": [""1"", ""2"", ""3"", ""4"", ""5"", ""6""], ""raw"": ""1,2, 3,4, 5,6""}]",限修,高雄班，與上海班合開，上課教室：管院B102,https://course.nuk.edu.tw/QueryCourse/tcontent.asp?OpenYear=109&Helf=1&Sclass=EBA&Cono=N051,2026-08-26T18:22:53+00:00
109-1-EBA-N534-E-1-,109,1,管理學院,EBA,高階經營管理碩士在職專班,N534,E,高階經營管理碩士在職專班,1,,全球競爭力與永續經營專題,3,選,20,5,,15,佘志民 李博志,,,,,,,,"1,2, 3,4, 5,6","[{""day"": 7, ""dayName"": ""星期日"", ""periods"": [""1"", ""2"", ""3"", ""4"", ""5"", ""6""], ""raw"": ""1,2, 3,4, 5,6""}]",限修,金門班,https://course.nuk.edu.tw/QueryCourse/tcontent.asp?OpenYear=109&Helf=1&Sclass=EBA&Cono=N534,2026-08-26T18:22:53+00:00
109-1-EBA-N652-E-1-,109,1,管理學院,EBA,高階經營管理碩士在職專班,N652,E,高階經營管理碩士在職專班,1,,組織與人力資源管理,3,選,70,5,,65,黃英忠,,,,,,,"1,2, 3,4, Y,5",,"[{""day"": 6, ""dayName"": ""星期六"", ""periods"": [""1"", ""2"", ""3"", ""4"", ""Y"", ""5""], ""raw"": ""1,2, 3,4, Y,5""}]",限修,金門班，與廈門班合開,https://course.nuk.edu.tw/QueryCourse/tcontent.asp?OpenYear=109&Helf=1&Sclass=EBA&Cono=N652,2026-08-26T18:22:53+00:00
109-1-EBA-N661-E-1-,109,1,管理學院,EBA,高階經營管理碩士在職專班,N661,E,高階經營管理碩士在職專班,1,,顧客關係管理,3,選,70,58,,12,楊書成 丁一賢,,,,,,,"1,2, 3,4, 5,6",,"[{""day"": 6, ""dayName"": ""星期六"", ""periods"": [""1"", ""2"", ""3"", ""4"", ""5"", ""6""], ""raw"": ""1,2, 3,4, 5,6""}]",限修,高雄班，與法律班、上海班合開，上課教室：管院B102,https://course.nuk.edu.tw/QueryCourse/tcontent.asp?OpenYear=109&Helf=1&Sclass=EBA&Cono=N661,2026-08-26T18:22:53+00:00
109-1-EBA-N11A-E-2-,109,1,管理學院,EBA,高階經營管理碩士在職專班,N11A,E,高階經營管理碩士在職專班,2,,碩士論文(上)-(高雄班),3,必,50,21,,29,楊書成 丁一賢 吳建興 趙建雄 佘志民 李亭林 李博志 翁銘章 張志向 陳怡凱 陳月端,,,X,X,X,,,,"[{""day"": 2, ""dayName"": ""星期二"", ""periods"": [""X""], ""raw"": ""X""}, {""day"": 3, ""dayName"": ""星期三"", ""periods"": [""X""], ""raw"": ""X""}, {""day"": 4, ""dayName"": ""星期四"", ""periods"": [""X""], ""raw"": ""X""}]",限修,高雄班，與上海班合開,https://course.nuk.edu.tw/QueryCourse/tcontent.asp?OpenYear=109&Helf=1&Sclass=EBA&Cono=N11A,2026-08-26T18:22:53+00:00
109-1-EBA-N12A-E-2-,109,1,管理學院,EBA,高階經營管理碩士在職專班,N12A,E,高階經營管理碩士在職專班,2,,碩士論文(上)-(金門班),3,必,10,3,,7,吳建興,,,X,X,X,,,,"[{""day"": 2, ""dayName"": ""星期二"", ""periods"": [""X""], ""raw"": ""X""}, {""day"": 3, ""dayName"": ""星期三"", ""periods"": [""X""], ""raw"": ""X""}, {""day"": 4, ""dayName"": ""星期四"", ""periods"": [""X""], ""raw"": ""X""}]",限修,金門班,https://course.nuk.edu.tw/QueryCourse/tcontent.asp?OpenYear=109&Helf=1&Sclass=EBA&Cono=N12A,2026-08-26T18:22:53+00:00
109-1-EBA-N561-E-2-,109,1,管理學院,EBA,高階經營管理碩士在職專班,N561,E,高階經營管理碩士在職專班,2,,企業參訪,3,必,60,31,,29,楊書成 佘志民,,,Y,Y,Y,,,,"[{""day"": 2, ""dayName"": ""星期二"", ""periods"": [""Y""], ""raw"": ""Y""}, {""day"": 3, ""dayName"": ""星期三"", ""periods"": [""Y""], ""raw"": ""Y""}, {""day"": 4, ""dayName"": ""星期四"", ""periods"": [""Y""], ""raw"": ""Y""}]",限修,,https://course.nuk.edu.tw/QueryCourse/tcontent.asp?OpenYear=109&Helf=1&Sclass=EBA&Cono=N561,2026-08-26T18:22:53+00:00
109-1-EM-F071-M-1-,109,1,管理學院,EM,經營管理研究所,F071,M,碩士班,1,,國際財務管理,3,必,30,5,,25,鄭育仁,M01-423,,,"2,3, 4",,,,,"[{""day"": 3, ""dayName"": ""星期三"", ""periods"": [""2"", ""3"", ""4""], ""raw"": ""2,3, 4""}]",,上課教室：管院423室,https://course.nuk.edu.tw/QueryCourse/tcontent.asp?OpenYear=109&Helf=1&Sclass=EM&Cono=F071,2026-08-26T18:22:53+00:00
109-1-EM-F141-M-1-,109,1,管理學院,EM,經營管理研究所,F141,M,碩士班,1,,國際行銷管理,3,必,30,5,,25,吳毓麒,M01-423,,"2,3, 4",,,,,,"[{""day"": 2, ""dayName"": ""星期二"", ""periods"": [""2"", ""3"", ""4""], ""raw"": ""2,3, 4""}]",,上課教室：管院423室,https://course.nuk.edu.tw/QueryCourse/tcontent.asp?OpenYear=109&Helf=1&Sclass=EM&Cono=F141,2026-08-26T18:22:53+00:00
109-1-EM-F151-M-1-,109,1,管理學院,EM,經營管理研究所,F151,M,碩士班,1,,研究方法,3,必,30,5,,25,吳毓麒 鄭育仁 楊雅博,M01-423,,,,"5,6, 7",,,,"[{""day"": 4, ""dayName"": ""星期四"", ""periods"": [""5"", ""6"", ""7""], ""raw"": ""5,6, 7""}]",,上課教室：管院423室,https://course.nuk.edu.tw/QueryCourse/tcontent.asp?OpenYear=109&Helf=1&Sclass=EM&Cono=F151,2026-08-26T18:22:53+00:00
109-1-EM-F161-M-1-,109,1,管理學院,EM,經營管理研究所,F161,M,碩士班,1,,管理經濟學,3,必,30,6,,24,楊雅博,M01-423,,,,"2,3, 4",,,,"[{""day"": 4, ""dayName"": ""星期四"", ""periods"": [""2"", ""3"", ""4""], ""raw"": ""2,3, 4""}]",,上課教室：管院423室,https://course.nuk.edu.tw/QueryCourse/tcontent.asp?OpenYear=109&Helf=1&Sclass=EM&Cono=F161,2026-08-26T18:22:53+00:00
109-1-EM-F18A-M-1-,109,1,管理學院,EM,經營管理研究所,F18A,M,碩士班,1,,經營管理實務研討（一）,1,必,30,5,,25,楊雅博 黃佩琪,M01-422,,,"5,6, 7",,,,,"[{""day"": 3, ""dayName"": ""星期三"", ""periods"": [""5"", ""6"", ""7""], ""raw"": ""5,6, 7""}]",,上課教室：管院422室,https://course.nuk.edu.tw/QueryCourse/tcontent.asp?OpenYear=109&Helf=1&Sclass=EM&Cono=F18A,2026-08-26T18:22:53+00:00
109-1-EM-G031-M-2-,109,1,管理學院,EM,經營管理研究所,G031,M,碩士班,2,,專題研討（一）,1,必,30,6,,24,鄭育仁 曾智義,M01-423,,,"5,6, 7",,,,,"[{""day"": 3, ""dayName"": ""星期三"", ""periods"": [""5"", ""6"", ""7""], ""raw"": ""5,6, 7""}]",,上課地點：管院423教室,https://course.nuk.edu.tw/QueryCourse/tcontent.asp?OpenYear=109&Helf=1&Sclass=EM&Cono=G031,2026-08-26T18:22:53+00:00
109-1-EM-G505-M-2-,109,1,管理學院,EM,經營管理研究所,G505,M,碩士班,2,,組織行為與領導,3,選,30,4,,26,吳毓麒,M01-422,,,"2,3, 4",,,,,"[{""day"": 3, ""dayName"": ""星期三"", ""periods"": [""2"", ""3"", ""4""], ""raw"": ""2,3, 4""}]",,上課教室：管院422室,https://course.nuk.edu.tw/QueryCourse/tcontent.asp?OpenYear=109&Helf=1&Sclass=EM&Cono=G505,2026-08-26T18:22:53+00:00
109-1-EM-G622-M-2-,109,1,管理學院,EM,經營管理研究所,G622,M,碩士班,2,,國際貿易與全球產業分析,3,選,32,13,,19,楊雅博,M01-423,"5,6, 7",,,,,,,"[{""day"": 1, ""dayName"": ""星期一"", ""periods"": [""5"", ""6"", ""7""], ""raw"": ""5,6, 7""}]",,上課教室：管院423室,https://course.nuk.edu.tw/QueryCourse/tcontent.asp?OpenYear=109&Helf=1&Sclass=EM&Cono=G622,2026-08-26T18:22:53+00:00
109-1-EM-G628-M-2-,109,1,管理學院,EM,經營管理研究所,G628,M,碩士班,2,,服務行銷專題,3,選,30,3,,27,吳毓麒,M01-422,,"5,6, 7",,,,,,"[{""day"": 2, ""dayName"": ""星期二"", ""periods"": [""5"", ""6"", ""7""], ""raw"": ""5,6, 7""}]",限修,上課教室：管院422室,https://course.nuk.edu.tw/QueryCourse/tcontent.asp?OpenYear=109&Helf=1&Sclass=EM&Cono=G628,2026-08-26T18:22:53+00:00
109-1-EM-G731-M-2-,109,1,管理學院,EM,經營管理研究所,G731,M,碩士班,2,,專案管理,3,選,30,10,,20,鄭育仁,M01-422,,"2,3, 4",,,,,,"[{""day"": 2, ""dayName"": ""星期二"", ""periods"": [""2"", ""3"", ""4""], ""raw"": ""2,3, 4""}]",,,https://course.nuk.edu.tw/QueryCourse/tcontent.asp?OpenYear=109&Helf=1&Sclass=EM&Cono=G731,2026-08-26T18:22:53+00:00
109-1-FI-A01A-A-1-A,109,1,管理學院,FI,財務金融學系,A01A,A,大學部,1,A,經濟學原理(一),3,必,58,58,,0,楊琬如,M01-103,,"1,2, 3",,,,,,"[{""day"": 2, ""dayName"": ""星期二"", ""periods"": [""1"", ""2"", ""3""], ""raw"": ""1,2, 3""}]",限修及外加,M01-103,https://course.nuk.edu.tw/QueryCourse/tcontent.asp?OpenYear=109&Helf=1&Sclass=FI&Cono=A01A,2026-08-26T18:22:53+00:00
109-1-FI-A02A-A-1-A,109,1,管理學院,FI,財務金融學系,A02A,A,大學部,1,A,會計學原理(一),3,必,60,57,,3,陳怡凱,M01-104,,,"2,3, 4",,,,,"[{""day"": 3, ""dayName"": ""星期三"", ""periods"": [""2"", ""3"", ""4""], ""raw"": ""2,3, 4""}]",限修,M01-104,https://course.nuk.edu.tw/QueryCourse/tcontent.asp?OpenYear=109&Helf=1&Sclass=FI&Cono=A02A,2026-08-26T18:22:53+00:00
109-1-FI-A041-A-1-A,109,1,管理學院,FI,財務金融學系,A041,A,大學部,1,A,計算機概論,3,必,59,58,,1,王功亮,L01-108,,,,,"2,3, 4",,,"[{""day"": 5, ""dayName"": ""星期五"", ""periods"": [""2"", ""3"", ""4""], ""raw"": ""2,3, 4""}]",限修及外加,,https://course.nuk.edu.tw/QueryCourse/tcontent.asp?OpenYear=109&Helf=1&Sclass=FI&Cono=A041,2026-08-26T18:22:53+00:00
109-1-FI-B02A-A-1-A,109,1,管理學院,FI,財務金融學系,B02A,A,大學部,1,A,微積分（一）,3,必,71,60,,11,王文楷,M01-B109,"2,3, 4",,,,,,,"[{""day"": 1, ""dayName"": ""星期一"", ""periods"": [""2"", ""3"", ""4""], ""raw"": ""2,3, 4""}]",限修及外加,M01-B109,https://course.nuk.edu.tw/QueryCourse/tcontent.asp?OpenYear=109&Helf=1&Sclass=FI&Cono=B02A,2026-08-26T18:22:53+00:00
109-1-FI-B01A-A-2-A,109,1,管理學院,FI,財務金融學系,B01A,A,大學部,2,A,財務管理(一),3,必,89,89,,0,黃一祥,M01-201,,,,,"2,3, 4",,,"[{""day"": 5, ""dayName"": ""星期五"", ""periods"": [""2"", ""3"", ""4""], ""raw"": ""2,3, 4""}]",外加,M01-201,https://course.nuk.edu.tw/QueryCourse/tcontent.asp?OpenYear=109&Helf=1&Sclass=FI&Cono=B01A,2026-08-26T18:22:53+00:00
109-1-FI-B07A-A-2-A,109,1,管理學院,FI,財務金融學系,B07A,A,大學部,2,A,統計學(一),3,必,66,66,,0,余歆儀,M01-104,,"2,3, 4",,,,,,"[{""day"": 2, ""dayName"": ""星期二"", ""periods"": [""2"", ""3"", ""4""], ""raw"": ""2,3, 4""}]",限修及外加,M01-104,https://course.nuk.edu.tw/QueryCourse/tcontent.asp?OpenYear=109&Helf=1&Sclass=FI&Cono=B07A,2026-08-26T18:22:53+00:00
109-1-FI-B52A-A-2-A,109,1,管理學院,FI,財務金融學系,B52A,A,大學部,2,A,中級會計學(一),3,選,60,53,,7,余文彬,M01-104,,"5,6, 7",,,,,,"[{""day"": 2, ""dayName"": ""星期二"", ""periods"": [""5"", ""6"", ""7""], ""raw"": ""5,6, 7""}]",,M01-104,https://course.nuk.edu.tw/QueryCourse/tcontent.asp?OpenYear=109&Helf=1&Sclass=FI&Cono=B52A,2026-08-26T18:22:53+00:00
109-1-FI-B682-A-2-A,109,1,管理學院,FI,財務金融學系,B682,A,大學部,2,A,當前金融問題分析,3,選,37,25,,12,王功亮,M01-103,,,,"2,3, 4",,,,"[{""day"": 4, ""dayName"": ""星期四"", ""periods"": [""2"", ""3"", ""4""], ""raw"": ""2,3, 4""}]",外加,M01-103，全英語授課,https://course.nuk.edu.tw/QueryCourse/tcontent.asp?OpenYear=109&Helf=1&Sclass=FI&Cono=B682,2026-08-26T18:22:53+00:00
109-1-FI-B69A-A-2-A,109,1,管理學院,FI,財務金融學系,B69A,A,大學部,2,A,個體經濟學(一),3,選,33,31,,2,楊琬如,M01-103,"5,6, 7",,,,,,,"[{""day"": 1, ""dayName"": ""星期一"", ""periods"": [""5"", ""6"", ""7""], ""raw"": ""5,6, 7""}]",限修及外加,M01-103,https://course.nuk.edu.tw/QueryCourse/tcontent.asp?OpenYear=109&Helf=1&Sclass=FI&Cono=B69A,2026-08-26T18:22:53+00:00
109-1-FI-C001-A-3-A,109,1,管理學院,FI,財務金融學系,C001,A,大學部,3,A,金融市場與機構,3,必,66,66,,0,陳怡凱,M01-104,"2,3, 4",,,,,,,"[{""day"": 1, ""dayName"": ""星期一"", ""periods"": [""2"", ""3"", ""4""], ""raw"": ""2,3, 4""}]",外加,M01-104,https://course.nuk.edu.tw/QueryCourse/tcontent.asp?OpenYear=109&Helf=1&Sclass=FI&Cono=C001,2026-08-26T18:22:53+00:00
109-1-FI-C011-A-3-A,109,1,管理學院,FI,財務金融學系,C011,A,大學部,3,A,期貨與選擇權,3,必,61,61,,0,張志向,M01-103,,,"2,3, 4",,,,,"[{""day"": 3, ""dayName"": ""星期三"", ""periods"": [""2"", ""3"", ""4""], ""raw"": ""2,3, 4""}]",外加 學程,M01-103，隸屬於人工智慧與金融科技學程。,https://course.nuk.edu.tw/QueryCourse/tcontent.asp?OpenYear=109&Helf=1&Sclass=FI&Cono=C011,2026-08-26T18:22:53+00:00
109-1-FI-C021-A-3-A,109,1,管理學院,FI,財務金融學系,C021,A,大學部,3,A,公司理財專題,3,必,65,54,,11,黃旭輝,M01-102,,"5,6, 7",,,,,,"[{""day"": 2, ""dayName"": ""星期二"", ""periods"": [""5"", ""6"", ""7""], ""raw"": ""5,6, 7""}]",限修及外加,M01-102,https://course.nuk.edu.tw/QueryCourse/tcontent.asp?OpenYear=109&Helf=1&Sclass=FI&Cono=C021,2026-08-26T18:22:53+00:00
109-1-FI-C600-A-3-A,109,1,管理學院,FI,財務金融學系,C600,A,大學部,3,A,金融法規,3,選,60,34,,26,張書瑋,M01-104,,,,,"2,3, 4",,,"[{""day"": 5, ""dayName"": ""星期五"", ""periods"": [""2"", ""3"", ""4""], ""raw"": ""2,3, 4""}]",限修,M01-104,https://course.nuk.edu.tw/QueryCourse/tcontent.asp?OpenYear=109&Helf=1&Sclass=FI&Cono=C600,2026-08-26T18:22:53+00:00
109-1-FI-C602-A-3-A,109,1,管理學院,FI,財務金融學系,C602,A,大學部,3,A,信用管理,3,選,38,35,,3,蔡明憲,M01-104,,,,"6,7, 8",,,,"[{""day"": 4, ""dayName"": ""星期四"", ""periods"": [""6"", ""7"", ""8""], ""raw"": ""6,7, 8""}]",外加,M01-104，與大三合開,https://course.nuk.edu.tw/QueryCourse/tcontent.asp?OpenYear=109&Helf=1&Sclass=FI&Cono=C602,2026-08-26T18:22:53+00:00
109-1-FI-C612-A-3-A,109,1,管理學院,FI,財務金融學系,C612,A,大學部,3,A,總體經濟學,3,選,60,50,,10,蔡怡純,M01-102,,"2,3, 4",,,,,,"[{""day"": 2, ""dayName"": ""星期二"", ""periods"": [""2"", ""3"", ""4""], ""raw"": ""2,3, 4""}]",限修,M01-102,https://course.nuk.edu.tw/QueryCourse/tcontent.asp?OpenYear=109&Helf=1&Sclass=FI&Cono=C612,2026-08-26T18:22:53+00:00
109-1-FI-D592-A-3-A,109,1,管理學院,FI,財務金融學系,D592,A,大學部,3,A,資產評價,3,選,25,25,,0,余歆儀,M01-104,,,,"2,3, 4",,,,"[{""day"": 4, ""dayName"": ""星期四"", ""periods"": [""2"", ""3"", ""4""], ""raw"": ""2,3, 4""}]",限修,（與大四合開）,https://course.nuk.edu.tw/QueryCourse/tcontent.asp?OpenYear=109&Helf=1&Sclass=FI&Cono=D592,2026-08-26T18:22:53+00:00
109-1-FI-F56A-A-3-A,109,1,管理學院,FI,財務金融學系,F56A,A,大學部,3,A,財務工程(一),3,選,26,25,,1,王文楷,M01-203,,,,"2,3, 4",,,,"[{""day"": 4, ""dayName"": ""星期四"", ""periods"": [""2"", ""3"", ""4""], ""raw"": ""2,3, 4""}]",外加,M01-203，與碩二合開，隸屬人工智慧與金融科技學程,https://course.nuk.edu.tw/QueryCourse/tcontent.asp?OpenYear=109&Helf=1&Sclass=FI&Cono=F56A,2026-08-26T18:22:53+00:00
109-1-FI-C602-A-4-A,109,1,管理學院,FI,財務金融學系,C602,A,大學部,4,A,信用管理,3,選,38,35,,3,蔡明憲,M01-104,,,,"6,7, 8",,,,"[{""day"": 4, ""dayName"": ""星期四"", ""periods"": [""6"", ""7"", ""8""], ""raw"": ""6,7, 8""}]",外加,M01-104，與大三合開,https://course.nuk.edu.tw/QueryCourse/tcontent.asp?OpenYear=109&Helf=1&Sclass=FI&Cono=C602,2026-08-26T18:22:53+00:00
109-1-FI-D021-A-4-A,109,1,管理學院,FI,財務金融學系,D021,A,大學部,4,A,財務管理個案研究,3,必,60,43,,17,張志向,M01-103,,"5,6, 7",,,,,,"[{""day"": 2, ""dayName"": ""星期二"", ""periods"": [""5"", ""6"", ""7""], ""raw"": ""5,6, 7""}]",,M01-103,https://course.nuk.edu.tw/QueryCourse/tcontent.asp?OpenYear=109&Helf=1&Sclass=FI&Cono=D021,2026-08-26T18:22:53+00:00
109-1-FI-D501-A-4-A,109,1,管理學院,FI,財務金融學系,D501,A,大學部,4,A,個人理財,3,選,90,18,,72,黃一祥,M01-201,,,,"5,6, 7",,,,"[{""day"": 4, ""dayName"": ""星期四"", ""periods"": [""5"", ""6"", ""7""], ""raw"": ""5,6, 7""}]",,M01-201,https://course.nuk.edu.tw/QueryCourse/tcontent.asp?OpenYear=109&Helf=1&Sclass=FI&Cono=D501,2026-08-26T18:22:53+00:00
109-1-FI-D592-A-4-A,109,1,管理學院,FI,財務金融學系,D592,A,大學部,4,A,資產評價,3,選,25,25,,0,余歆儀,M01-104,,,,"2,3, 4",,,,"[{""day"": 4, ""dayName"": ""星期四"", ""periods"": [""2"", ""3"", ""4""], ""raw"": ""2,3, 4""}]",限修,與大三合開,https://course.nuk.edu.tw/QueryCourse/tcontent.asp?OpenYear=109&Helf=1&Sclass=FI&Cono=D592,2026-08-26T18:22:53+00:00
109-1-FI-F524-A-4-A,109,1,管理學院,FI,財務金融學系,F524,A,大學部,4,A,新金融商品,3,選,33,32,,1,蔡明憲,M01-102,"6,7, 8",,,,,,,"[{""day"": 1, ""dayName"": ""星期一"", ""periods"": [""6"", ""7"", ""8""], ""raw"": ""6,7, 8""}]",,M01-102（與碩一合開）,https://course.nuk.edu.tw/QueryCourse/tcontent.asp?OpenYear=109&Helf=1&Sclass=FI&Cono=F524,2026-08-26T18:22:53+00:00
109-1-FI-F001-M-1-,109,1,管理學院,FI,財務金融學系,F001,M,碩士班,1,,計量經濟學,3,必,30,26,,4,楊琬如,M01-103,"2,3, 4",,,,,,,"[{""day"": 1, ""dayName"": ""星期一"", ""periods"": [""2"", ""3"", ""4""], ""raw"": ""2,3, 4""}]",限修,M01-103,https://course.nuk.edu.tw/QueryCourse/tcontent.asp?OpenYear=109&Helf=1&Sclass=FI&Cono=F001,2026-08-26T18:22:53+00:00
109-1-FI-F00A-M-1-,109,1,管理學院,FI,財務金融學系,F00A,M,碩士班,1,,財務專題研討(一),2,必,30,17,,13,蔡怡純,M01-104,,,"6,7",,,,,"[{""day"": 3, ""dayName"": ""星期三"", ""periods"": [""6"", ""7""], ""raw"": ""6,7""}]",限修,M01-104,https://course.nuk.edu.tw/QueryCourse/tcontent.asp?OpenYear=109&Helf=1&Sclass=FI&Cono=F00A,2026-08-26T18:22:53+00:00
109-1-FI-F011-M-1-,109,1,管理學院,FI,財務金融學系,F011,M,碩士班,1,,財務理論,3,必,30,18,,12,黃旭輝,M01-102,,,,"6,7, 8",,,,"[{""day"": 4, ""dayName"": ""星期四"", ""periods"": [""6"", ""7"", ""8""], ""raw"": ""6,7, 8""}]",限修,M01-102,https://course.nuk.edu.tw/QueryCourse/tcontent.asp?OpenYear=109&Helf=1&Sclass=FI&Cono=F011,2026-08-26T18:22:53+00:00
109-1-FI-F021-M-1-,109,1,管理學院,FI,財務金融學系,F021,M,碩士班,1,,金融機構管理,3,必,30,17,,13,蔡明憲,M01-203,,"5,6, 7",,,,,,"[{""day"": 2, ""dayName"": ""星期二"", ""periods"": [""5"", ""6"", ""7""], ""raw"": ""5,6, 7""}]",,M01-203,https://course.nuk.edu.tw/QueryCourse/tcontent.asp?OpenYear=109&Helf=1&Sclass=FI&Cono=F021,2026-08-26T18:22:53+00:00
109-1-FI-F524-M-1-,109,1,管理學院,FI,財務金融學系,F524,M,碩士班,1,,新金融商品,3,選,33,32,,1,蔡明憲,M01-102,"6,7, 8",,,,,,,"[{""day"": 1, ""dayName"": ""星期一"", ""periods"": [""6"", ""7"", ""8""], ""raw"": ""6,7, 8""}]",,M01-102（與大四合開）,https://course.nuk.edu.tw/QueryCourse/tcontent.asp?OpenYear=109&Helf=1&Sclass=FI&Cono=F524,2026-08-26T18:22:53+00:00
109-1-FI-F542-M-1-,109,1,管理學院,FI,財務金融學系,F542,M,碩士班,1,,公司理財,3,選,34,11,,23,黃一祥,M01-306,,,,"2,3, 4",,,,"[{""day"": 4, ""dayName"": ""星期四"", ""periods"": [""2"", ""3"", ""4""], ""raw"": ""2,3, 4""}]",限修及外加,M01-306,https://course.nuk.edu.tw/QueryCourse/tcontent.asp?OpenYear=109&Helf=1&Sclass=FI&Cono=F542,2026-08-26T18:22:53+00:00
109-1-FI-F561-M-1-,109,1,管理學院,FI,財務金融學系,F561,M,碩士班,1,,財務工程,3,選,10,9,,1,王文楷,M01-103,,,,,"2,3, 4",,,"[{""day"": 5, ""dayName"": ""星期五"", ""periods"": [""2"", ""3"", ""4""], ""raw"": ""2,3, 4""}]",,M01-103,https://course.nuk.edu.tw/QueryCourse/tcontent.asp?OpenYear=109&Helf=1&Sclass=FI&Cono=F561,2026-08-26T18:22:53+00:00
109-1-FI-F562-M-1-,109,1,管理學院,FI,財務金融學系,F562,M,碩士班,1,,行為財務,3,選,30,13,,17,張志向,M01-306,,"2,3, 4",,,,,,"[{""day"": 2, ""dayName"": ""星期二"", ""periods"": [""2"", ""3"", ""4""], ""raw"": ""2,3, 4""}]",,M01-306,https://course.nuk.edu.tw/QueryCourse/tcontent.asp?OpenYear=109&Helf=1&Sclass=FI&Cono=F562,2026-08-26T18:22:53+00:00
109-1-FI-G521-M-1-,109,1,管理學院,FI,財務金融學系,G521,M,碩士班,1,,資產評價,3,選,21,20,,1,余歆儀,M01-203,,,"2,3, 4",,,,,"[{""day"": 3, ""dayName"": ""星期三"", ""periods"": [""2"", ""3"", ""4""], ""raw"": ""2,3, 4""}]",限修及外加,M01-203,https://course.nuk.edu.tw/QueryCourse/tcontent.asp?OpenYear=109&Helf=1&Sclass=FI&Cono=G521,2026-08-26T18:22:53+00:00
109-1-FI-F00C-M-2-,109,1,管理學院,FI,財務金融學系,F00C,M,碩士班,2,,財務專題研討(三),2,必,15,12,,3,陳怡凱,M01-421,,,"6,7",,,,,"[{""day"": 3, ""dayName"": ""星期三"", ""periods"": [""6"", ""7""], ""raw"": ""6,7""}]",限修,M01-421,https://course.nuk.edu.tw/QueryCourse/tcontent.asp?OpenYear=109&Helf=1&Sclass=FI&Cono=F00C,2026-08-26T18:22:53+00:00
109-1-FI-F56A-M-2-,109,1,管理學院,FI,財務金融學系,F56A,M,碩士班,2,,財務工程(一),3,選,26,25,,1,王文楷,M01-203,,,,"2,3, 4",,,,"[{""day"": 4, ""dayName"": ""星期四"", ""periods"": [""2"", ""3"", ""4""], ""raw"": ""2,3, 4""}]",,M01-203，與大三合開,https://course.nuk.edu.tw/QueryCourse/tcontent.asp?OpenYear=109&Helf=1&Sclass=FI&Cono=F56A,2026-08-26T18:22:53+00:00
109-1-IBA-O532-E-1-,109,1,管理學院,IBA,國際高階經營管理碩士在職專班,O532,E,高階經營管理碩士在職專班,1,,策略管理,3,選,30,11,,19,陳一民 佘志民,,,,,,,,"1,2, 3,4, 5,6","[{""day"": 7, ""dayName"": ""星期日"", ""periods"": [""1"", ""2"", ""3"", ""4"", ""5"", ""6""], ""raw"": ""1,2, 3,4, 5,6""}]",限修,廈門班,https://course.nuk.edu.tw/QueryCourse/tcontent.asp?OpenYear=109&Helf=1&Sclass=IBA&Cono=O532,2026-08-26T18:22:53+00:00
109-1-IBA-O596-E-1-,109,1,管理學院,IBA,國際高階經營管理碩士在職專班,O596,E,高階經營管理碩士在職專班,1,,行銷管理-(海西班),3,選,25,9,,16,楊書成 劉信賢,,,,,,,"7,8, 9","7,8, 9","[{""day"": 6, ""dayName"": ""星期六"", ""periods"": [""7"", ""8"", ""9""], ""raw"": ""7,8, 9""}, {""day"": 7, ""dayName"": ""星期日"", ""periods"": [""7"", ""8"", ""9""], ""raw"": ""7,8, 9""}]",限修,海西班,https://course.nuk.edu.tw/QueryCourse/tcontent.asp?OpenYear=109&Helf=1&Sclass=IBA&Cono=O596,2026-08-26T18:22:53+00:00
109-1-IBA-O613-E-1-,109,1,管理學院,IBA,國際高階經營管理碩士在職專班,O613,E,高階經營管理碩士在職專班,1,,管理經濟學應用,2,選,25,12,,13,耿紹勛 劉志成,,,,,,,"6,7, 8,9",,"[{""day"": 6, ""dayName"": ""星期六"", ""periods"": [""6"", ""7"", ""8"", ""9""], ""raw"": ""6,7, 8,9""}]",限修,越南班,https://course.nuk.edu.tw/QueryCourse/tcontent.asp?OpenYear=109&Helf=1&Sclass=IBA&Cono=O613,2026-08-26T18:22:53+00:00
109-1-IBA-O627-E-1-,109,1,管理學院,IBA,國際高階經營管理碩士在職專班,O627,E,高階經營管理碩士在職專班,1,,創新服務管理,2,選,25,14,,11,莊寶鵰 郭英峰,,,,,,,,"1,2, 3,4","[{""day"": 7, ""dayName"": ""星期日"", ""periods"": [""1"", ""2"", ""3"", ""4""], ""raw"": ""1,2, 3,4""}]",限修,越南班,https://course.nuk.edu.tw/QueryCourse/tcontent.asp?OpenYear=109&Helf=1&Sclass=IBA&Cono=O627,2026-08-26T18:22:53+00:00
109-1-IBA-O633-E-1-,109,1,管理學院,IBA,國際高階經營管理碩士在職專班,O633,E,高階經營管理碩士在職專班,1,,組織行為與領導,3,選,25,12,,13,吳毓麒 李博志,,,,,,,"1,2, 3,4, 5,6",,"[{""day"": 6, ""dayName"": ""星期六"", ""periods"": [""1"", ""2"", ""3"", ""4"", ""5"", ""6""], ""raw"": ""1,2, 3,4, 5,6""}]",限修,海西班,https://course.nuk.edu.tw/QueryCourse/tcontent.asp?OpenYear=109&Helf=1&Sclass=IBA&Cono=O633,2026-08-26T18:22:53+00:00
109-1-IBA-O679-E-1-,109,1,管理學院,IBA,國際高階經營管理碩士在職專班,O679,E,高階經營管理碩士在職專班,1,,企業永續經營實務,3,選,70,47,,23,佘志民 吳行浩,,,,,,,"7,8, 9","7,8, 9","[{""day"": 6, ""dayName"": ""星期六"", ""periods"": [""7"", ""8"", ""9""], ""raw"": ""7,8, 9""}, {""day"": 7, ""dayName"": ""星期日"", ""periods"": [""7"", ""8"", ""9""], ""raw"": ""7,8, 9""}]",,高雄班，與上海班合開，上課教室：管院B102,https://course.nuk.edu.tw/QueryCourse/tcontent.asp?OpenYear=109&Helf=1&Sclass=IBA&Cono=O679,2026-08-26T18:22:53+00:00
109-1-IBA-O680-E-1-,109,1,管理學院,IBA,國際高階經營管理碩士在職專班,O680,E,高階經營管理碩士在職專班,1,,創新：管理與法律觀點,3,選,20,11,,9,李亭林 李淑如,,,,,,,"7,8, 9","7,8, 9","[{""day"": 6, ""dayName"": ""星期六"", ""periods"": [""7"", ""8"", ""9""], ""raw"": ""7,8, 9""}, {""day"": 7, ""dayName"": ""星期日"", ""periods"": [""7"", ""8"", ""9""], ""raw"": ""7,8, 9""}]",限修,金門班，與廈門合開,https://course.nuk.edu.tw/QueryCourse/tcontent.asp?OpenYear=109&Helf=1&Sclass=IBA&Cono=O680,2026-08-26T18:22:53+00:00
109-1-IBA-O706-E-1-,109,1,管理學院,IBA,國際高階經營管理碩士在職專班,O706,E,高階經營管理碩士在職專班,1,,金融市場與投資,3,選,25,11,,14,翁銘章 鄭義暉,,,,,,,,"1,2, 3,4, 5,6","[{""day"": 7, ""dayName"": ""星期日"", ""periods"": [""1"", ""2"", ""3"", ""4"", ""5"", ""6""], ""raw"": ""1,2, 3,4, 5,6""}]",限修,海西班,https://course.nuk.edu.tw/QueryCourse/tcontent.asp?OpenYear=109&Helf=1&Sclass=IBA&Cono=O706,2026-08-26T18:22:53+00:00
109-1-IBA-O732-E-1-,109,1,管理學院,IBA,國際高階經營管理碩士在職專班,O732,E,高階經營管理碩士在職專班,1,,組織與人力資源管理,3,選,20,10,,10,黃英忠,,,,,,,"1,2, 3,4, Y,5",,"[{""day"": 6, ""dayName"": ""星期六"", ""periods"": [""1"", ""2"", ""3"", ""4"", ""Y"", ""5""], ""raw"": ""1,2, 3,4, Y,5""}]",限修,廈門班，與金門班合上,https://course.nuk.edu.tw/QueryCourse/tcontent.asp?OpenYear=109&Helf=1&Sclass=IBA&Cono=O732,2026-08-26T18:22:53+00:00
109-1-IBA-O758-E-1-,109,1,管理學院,IBA,國際高階經營管理碩士在職專班,O758,E,高階經營管理碩士在職專班,1,,當代資訊科技實務,2,選,25,14,,11,吳建興 王凱,,,,,,,,"5,6, 7,8","[{""day"": 7, ""dayName"": ""星期日"", ""periods"": [""5"", ""6"", ""7"", ""8""], ""raw"": ""5,6, 7,8""}]",限修,越南班,https://course.nuk.edu.tw/QueryCourse/tcontent.asp?OpenYear=109&Helf=1&Sclass=IBA&Cono=O758,2026-08-26T18:22:53+00:00
109-1-IBA-O12A-E-2-,109,1,管理學院,IBA,國際高階經營管理碩士在職專班,O12A,E,高階經營管理碩士在職專班,2,,碩士論文(上)-(越南班),3,必,30,10,,20,楊書成 佘志民 翁銘章 吳毓麒,,,X,X,X,,,,"[{""day"": 2, ""dayName"": ""星期二"", ""periods"": [""X""], ""raw"": ""X""}, {""day"": 3, ""dayName"": ""星期三"", ""periods"": [""X""], ""raw"": ""X""}, {""day"": 4, ""dayName"": ""星期四"", ""periods"": [""X""], ""raw"": ""X""}]",限修,越南班,https://course.nuk.edu.tw/QueryCourse/tcontent.asp?OpenYear=109&Helf=1&Sclass=IBA&Cono=O12A,2026-08-26T18:22:53+00:00
109-1-IBA-O15A-E-2-,109,1,管理學院,IBA,國際高階經營管理碩士在職專班,O15A,E,高階經營管理碩士在職專班,2,,碩士論文(上)-(上海班),3,必,30,4,,26,楊書成,,,X,X,X,,,,"[{""day"": 2, ""dayName"": ""星期二"", ""periods"": [""X""], ""raw"": ""X""}, {""day"": 3, ""dayName"": ""星期三"", ""periods"": [""X""], ""raw"": ""X""}, {""day"": 4, ""dayName"": ""星期四"", ""periods"": [""X""], ""raw"": ""X""}]",限修,上海班，與高雄班合開,https://course.nuk.edu.tw/QueryCourse/tcontent.asp?OpenYear=109&Helf=1&Sclass=IBA&Cono=O15A,2026-08-26T18:22:53+00:00
109-1-IBA-O16A-E-2-,109,1,管理學院,IBA,國際高階經營管理碩士在職專班,O16A,E,高階經營管理碩士在職專班,2,,碩士論文(上)-(海西班),3,必,20,11,,9,吳建興 丁一賢 王凱 黃英忠 陳一民 張志向 外校老師 翁銘章,,,X,X,X,,,,"[{""day"": 2, ""dayName"": ""星期二"", ""periods"": [""X""], ""raw"": ""X""}, {""day"": 3, ""dayName"": ""星期三"", ""periods"": [""X""], ""raw"": ""X""}, {""day"": 4, ""dayName"": ""星期四"", ""periods"": [""X""], ""raw"": ""X""}]",限修,海西班,https://course.nuk.edu.tw/QueryCourse/tcontent.asp?OpenYear=109&Helf=1&Sclass=IBA&Cono=O16A,2026-08-26T18:22:53+00:00
109-1-IBA-O557-E-2-,109,1,管理學院,IBA,國際高階經營管理碩士在職專班,O557,E,高階經營管理碩士在職專班,2,,生產與營運管理,3,選,30,3,,27,莊寶鵰 盧昆宏,,,,,,,"1,2, 3,4, 5,6",,"[{""day"": 6, ""dayName"": ""星期六"", ""periods"": [""1"", ""2"", ""3"", ""4"", ""5"", ""6""], ""raw"": ""1,2, 3,4, 5,6""}]",限修,泰國班,https://course.nuk.edu.tw/QueryCourse/tcontent.asp?OpenYear=109&Helf=1&Sclass=IBA&Cono=O557,2026-08-26T18:22:53+00:00
109-1-IBA-O641-E-2-,109,1,管理學院,IBA,國際高階經營管理碩士在職專班,O641,E,高階經營管理碩士在職專班,2,,供應鏈管理與市場研究,3,選,10,3,,7,李亭林 楊書成,,,,,,,,"1,2, 3,4, 5,6","[{""day"": 7, ""dayName"": ""星期日"", ""periods"": [""1"", ""2"", ""3"", ""4"", ""5"", ""6""], ""raw"": ""1,2, 3,4, 5,6""}]",限修,泰國班,https://course.nuk.edu.tw/QueryCourse/tcontent.asp?OpenYear=109&Helf=1&Sclass=IBA&Cono=O641,2026-08-26T18:22:53+00:00
109-1-IM-A011-A-1-A,109,1,管理學院,IM,資訊管理學系,A011,A,大學部,1,A,計算機概論,3,必,60,58,,2,丁一賢,L01-108,,,,,"5,6, 7",,,"[{""day"": 5, ""dayName"": ""星期五"", ""periods"": [""5"", ""6"", ""7""], ""raw"": ""5,6, 7""}]",限修,限修本系，外系同學欲修此課程，請找任課老師加簽。,https://course.nuk.edu.tw/QueryCourse/tcontent.asp?OpenYear=109&Helf=1&Sclass=IM&Cono=A011,2026-08-26T18:22:53+00:00
109-1-IM-A101-A-1-A,109,1,管理學院,IM,資訊管理學系,A101,A,大學部,1,A,經濟學,3,必,60,60,,0,楊書成,M01-204,,"5,6, 7",,,,,,"[{""day"": 2, ""dayName"": ""星期二"", ""periods"": [""5"", ""6"", ""7""], ""raw"": ""5,6, 7""}]",限修,教室為M01-204。限修本系，外系同學欲修此課程，請找任課老師加簽。,https://course.nuk.edu.tw/QueryCourse/tcontent.asp?OpenYear=109&Helf=1&Sclass=IM&Cono=A101,2026-08-26T18:22:53+00:00
109-1-IM-A121-A-1-A,109,1,管理學院,IM,資訊管理學系,A121,A,大學部,1,A,企業管理,3,必,62,57,,5,郭英峰,M01-206,,"2,3, 4",,,,,,"[{""day"": 2, ""dayName"": ""星期二"", ""periods"": [""2"", ""3"", ""4""], ""raw"": ""2,3, 4""}]",限修及外加,教室為M01-206。限修本系，外系同學欲修此課程，請找任課老師加簽。,https://course.nuk.edu.tw/QueryCourse/tcontent.asp?OpenYear=109&Helf=1&Sclass=IM&Cono=A121,2026-08-26T18:22:53+00:00
109-1-IM-A131-A-1-A,109,1,管理學院,IM,資訊管理學系,A131,A,大學部,1,A,程式設計,3,必,68,66,,2,蕭漢威,L01-108,,,,"2,3, 4",,,,"[{""day"": 4, ""dayName"": ""星期四"", ""periods"": [""2"", ""3"", ""4""], ""raw"": ""2,3, 4""}]",限修及外加,限修本系，外系同學欲修此課程，請找任課老師加簽。,https://course.nuk.edu.tw/QueryCourse/tcontent.asp?OpenYear=109&Helf=1&Sclass=IM&Cono=A131,2026-08-26T18:22:53+00:00
109-1-IM-F637-A-1-A,109,1,管理學院,IM,資訊管理學系,F637,A,大學部,1,A,數據與服務科學實務,3,選,30,8,,22,蕭漢威,M01-417,,,,,"2,3, 4",,,"[{""day"": 5, ""dayName"": ""星期五"", ""periods"": [""2"", ""3"", ""4""], ""raw"": ""2,3, 4""}]",學程,教室為M01-417。與資管大四合開。屬「商業數據分析微學程」。,https://course.nuk.edu.tw/QueryCourse/tcontent.asp?OpenYear=109&Helf=1&Sclass=IM&Cono=F637,2026-08-26T18:22:53+00:00
109-1-IM-G512-A-1-A,109,1,管理學院,IM,資訊管理學系,G512,A,大學部,1,A,創新問題解決,3,選,40,21,,19,林杏子,L01-202,,,,,"2,3, 4",,,"[{""day"": 5, ""dayName"": ""星期五"", ""periods"": [""2"", ""3"", ""4""], ""raw"": ""2,3, 4""}]",,教室為圖資宅創中心。與資管大三、大四、創新學院合開，主開為資管系。,https://course.nuk.edu.tw/QueryCourse/tcontent.asp?OpenYear=109&Helf=1&Sclass=IM&Cono=G512,2026-08-26T18:22:53+00:00
109-1-IM-B041-A-2-A,109,1,管理學院,IM,資訊管理學系,B041,A,大學部,2,A,資料結構,3,必,60,40,,20,楊新章,L01-107,,,,"5,6, 7",,,,"[{""day"": 4, ""dayName"": ""星期四"", ""periods"": [""5"", ""6"", ""7""], ""raw"": ""5,6, 7""}]",限修,限修本系，外系同學欲修此課程，請找任課老師加簽。,https://course.nuk.edu.tw/QueryCourse/tcontent.asp?OpenYear=109&Helf=1&Sclass=IM&Cono=B041,2026-08-26T18:22:53+00:00
109-1-IM-B07A-A-2-A,109,1,管理學院,IM,資訊管理學系,B07A,A,大學部,2,A,統計學(一),3,必,60,45,,15,吳建興,M01-205,,,"5,6, 7",,,,,"[{""day"": 3, ""dayName"": ""星期三"", ""periods"": [""5"", ""6"", ""7""], ""raw"": ""5,6, 7""}]",限修,教室為M01-205，限本系選修，外系同學欲修此課，請洽任課老師。,https://course.nuk.edu.tw/QueryCourse/tcontent.asp?OpenYear=109&Helf=1&Sclass=IM&Cono=B07A,2026-08-26T18:22:53+00:00
109-1-IM-B513-A-2-A,109,1,管理學院,IM,資訊管理學系,B513,A,大學部,2,A,網路規劃與管理實務,2,選,30,13,,17,趙志宏,L01-108,,"9,10",,,,,,"[{""day"": 2, ""dayName"": ""星期二"", ""periods"": [""9"", ""10""], ""raw"": ""9,10""}]",限修,限修本系，外系同學欲選修請洽任課教師指定加簽。,https://course.nuk.edu.tw/QueryCourse/tcontent.asp?OpenYear=109&Helf=1&Sclass=IM&Cono=B513,2026-08-26T18:22:53+00:00
109-1-IM-B581-A-2-A,109,1,管理學院,IM,資訊管理學系,B581,A,大學部,2,A,行銷管理,3,必,60,58,,2,王凱,M01-206,,,"2,3, 4",,,,,"[{""day"": 3, ""dayName"": ""星期三"", ""periods"": [""2"", ""3"", ""4""], ""raw"": ""2,3, 4""}]",限修,教室為M01-206。限修本系，外系同學欲修此課程，請找任課老師加簽。,https://course.nuk.edu.tw/QueryCourse/tcontent.asp?OpenYear=109&Helf=1&Sclass=IM&Cono=B581,2026-08-26T18:22:53+00:00
109-1-IM-C021-A-2-A,109,1,管理學院,IM,資訊管理學系,C021,A,大學部,2,A,電腦網路,3,必,60,50,,10,蕭漢威,L01-107,,"2,3, 4",,,,,,"[{""day"": 2, ""dayName"": ""星期二"", ""periods"": [""2"", ""3"", ""4""], ""raw"": ""2,3, 4""}]",限修,限修本系，外系同學欲修此課程，請找任課老師加簽。,https://course.nuk.edu.tw/QueryCourse/tcontent.asp?OpenYear=109&Helf=1&Sclass=IM&Cono=C021,2026-08-26T18:22:53+00:00
109-1-IM-D522-A-2-A,109,1,管理學院,IM,資訊管理學系,D522,A,大學部,2,A,資訊趨勢與商業英語實務,3,選,32,15,,17,趙建雄,M01-417,,"10,11, 12",,,,,,"[{""day"": 2, ""dayName"": ""星期二"", ""periods"": [""10"", ""11"", ""12""], ""raw"": ""10,11, 12""}]",限修及外加 學程,教室為M01-417。為全英語授課，與資管大三、大四合開。（財經管理與資訊應用全英語學程），蔡奎如老師共同授課。,https://course.nuk.edu.tw/QueryCourse/tcontent.asp?OpenYear=109&Helf=1&Sclass=IM&Cono=D522,2026-08-26T18:22:53+00:00
109-1-IM-A15B-A-3-A,109,1,管理學院,IM,資訊管理學系,A15B,A,大學部,3,A,物件導向程式設計Ⅱ,3,必,71,47,,24,楊子賢,M01-205 其他教室,,"6,7",8,,,,,"[{""day"": 2, ""dayName"": ""星期二"", ""periods"": [""6"", ""7""], ""raw"": ""6,7""}, {""day"": 3, ""dayName"": ""星期三"", ""periods"": [""8""], ""raw"": ""8""}]",先修 外加,限修本系，外系同學欲修此課程，請找任課老師加簽。週二6-7節教室為M01-205，週三第八節教室為電腦教室。,https://course.nuk.edu.tw/QueryCourse/tcontent.asp?OpenYear=109&Helf=1&Sclass=IM&Cono=A15B,2026-08-26T18:22:53+00:00
109-1-IM-C001-A-3-A,109,1,管理學院,IM,資訊管理學系,C001,A,大學部,3,A,系統分析與設計,3,必,60,40,,20,王凱,M01-206,,,,"5,6, 7",,,,"[{""day"": 4, ""dayName"": ""星期四"", ""periods"": [""5"", ""6"", ""7""], ""raw"": ""5,6, 7""}]",限修,教室為M01-206。限修本系，外系同學欲修此課程，請找任課老師加簽。,https://course.nuk.edu.tw/QueryCourse/tcontent.asp?OpenYear=109&Helf=1&Sclass=IM&Cono=C001,2026-08-26T18:22:53+00:00
109-1-IM-C051-A-3-A,109,1,管理學院,IM,資訊管理學系,C051,A,大學部,3,A,管理資訊系統,3,必,60,40,,20,趙建雄,M01-205,,"2,3, 4",,,,,,"[{""day"": 2, ""dayName"": ""星期二"", ""periods"": [""2"", ""3"", ""4""], ""raw"": ""2,3, 4""}]",限修 學程,教室為M01-205限修本系，外系同學欲修此課程，請找任課老師加簽。（全英語授課）,https://course.nuk.edu.tw/QueryCourse/tcontent.asp?OpenYear=109&Helf=1&Sclass=IM&Cono=C051,2026-08-26T18:22:53+00:00
109-1-IM-C061-A-3-A,109,1,管理學院,IM,資訊管理學系,C061,A,大學部,3,A,專案管理,3,必,60,41,,19,趙建雄,M01-205,,,"2,3, 4",,,,,"[{""day"": 3, ""dayName"": ""星期三"", ""periods"": [""2"", ""3"", ""4""], ""raw"": ""2,3, 4""}]",,教室為M01-205。限修本系，外系同學欲修此課程，請找任課老師加簽。,https://course.nuk.edu.tw/QueryCourse/tcontent.asp?OpenYear=109&Helf=1&Sclass=IM&Cono=C061,2026-08-26T18:22:53+00:00
109-1-IM-D522-A-3-A,109,1,管理學院,IM,資訊管理學系,D522,A,大學部,3,A,資訊趨勢與商業英語實務,3,選,32,15,,17,趙建雄,M01-417,,"10,11, 12",,,,,,"[{""day"": 2, ""dayName"": ""星期二"", ""periods"": [""10"", ""11"", ""12""], ""raw"": ""10,11, 12""}]",限修及外加 學程,教室為M01-417。為全英語授課，與資管大二、大四合開。（財經管理與資訊應用全英語學程），蔡奎如老師共同授課。,https://course.nuk.edu.tw/QueryCourse/tcontent.asp?OpenYear=109&Helf=1&Sclass=IM&Cono=D522,2026-08-26T18:22:53+00:00
109-1-IM-F504-A-3-A,109,1,管理學院,IM,資訊管理學系,F504,A,大學部,3,A,資訊科技與服務創新,3,選,30,8,,22,王凱,M01-302,,,,"2,3, 4",,,,"[{""day"": 4, ""dayName"": ""星期四"", ""periods"": [""2"", ""3"", ""4""], ""raw"": ""2,3, 4""}]",,與資管碩一合開。,https://course.nuk.edu.tw/QueryCourse/tcontent.asp?OpenYear=109&Helf=1&Sclass=IM&Cono=F504,2026-08-26T18:22:53+00:00
109-1-IM-F531-A-3-A,109,1,管理學院,IM,資訊管理學系,F531,A,大學部,3,A,高等資料庫管理,3,選,30,9,,21,楊子賢,M01-302,,,"5,6, 7",,,,,"[{""day"": 3, ""dayName"": ""星期三"", ""periods"": [""5"", ""6"", ""7""], ""raw"": ""5,6, 7""}]",限修,教室為M01-302，限本系同學選修，外系同學請洽任課老師。,https://course.nuk.edu.tw/QueryCourse/tcontent.asp?OpenYear=109&Helf=1&Sclass=IM&Cono=F531,2026-08-26T18:22:53+00:00
109-1-IM-F582-A-3-A,109,1,管理學院,IM,資訊管理學系,F582,A,大學部,3,A,資料分析技術與應用,3,選,30,24,,6,楊新章,M01-417,,,,"2,3, 4",,,,"[{""day"": 4, ""dayName"": ""星期四"", ""periods"": [""2"", ""3"", ""4""], ""raw"": ""2,3, 4""}]",,教室為M01-417。與資管碩一合開，限修本系，外系同學欲要選修，請洽任課教師加簽。,https://course.nuk.edu.tw/QueryCourse/tcontent.asp?OpenYear=109&Helf=1&Sclass=IM&Cono=F582,2026-08-26T18:22:53+00:00
109-1-IM-F606-A-3-A,109,1,管理學院,IM,資訊管理學系,F606,A,大學部,3,A,人工智慧導論,3,選,33,31,,2,楊子賢,M01-B102,"6,7, 8",,,,,,,"[{""day"": 1, ""dayName"": ""星期一"", ""periods"": [""6"", ""7"", ""8""], ""raw"": ""6,7, 8""}]",外加,與資管大四、碩一合開。限本系選修，外系同學欲選修請請洽任課教師。,https://course.nuk.edu.tw/QueryCourse/tcontent.asp?OpenYear=109&Helf=1&Sclass=IM&Cono=F606,2026-08-26T18:22:53+00:00
109-1-IM-F60C-A-3-A,109,1,管理學院,IM,資訊管理學系,F60C,A,大學部,3,A,企業實習Ⅲ,3,選,3,3,,0,王凱 楊新章,M01-302,,,,,,"5,6, 7",,"[{""day"": 6, ""dayName"": ""星期六"", ""periods"": [""5"", ""6"", ""7""], ""raw"": ""5,6, 7""}]",限修及外加,教室為M01-302，此課程為指定加簽，實習總時數為162小時。,https://course.nuk.edu.tw/QueryCourse/tcontent.asp?OpenYear=109&Helf=1&Sclass=IM&Cono=F60C,2026-08-26T18:22:53+00:00
109-1-IM-G512-A-3-A,109,1,管理學院,IM,資訊管理學系,G512,A,大學部,3,A,創新問題解決,3,選,40,21,,19,林杏子,L01-202,,,,,"2,3, 4",,,"[{""day"": 5, ""dayName"": ""星期五"", ""periods"": [""2"", ""3"", ""4""], ""raw"": ""2,3, 4""}]",,教室為圖資宅創中心。與資管大三、大四、創新學院合開，主開為資管系。,https://course.nuk.edu.tw/QueryCourse/tcontent.asp?OpenYear=109&Helf=1&Sclass=IM&Cono=G512,2026-08-26T18:22:53+00:00
109-1-IM-D02A-A-4-A,109,1,管理學院,IM,資訊管理學系,D02A,A,大學部,4,A,專案開發II (A),3,必,50,40,,10,丁一賢 楊書成 王凱 趙建雄 吳建興 林杏子 郭英峰 蕭漢威 楊新章 楊子賢,M01-205,"2,3, 4",,,,,,,"[{""day"": 1, ""dayName"": ""星期一"", ""periods"": [""2"", ""3"", ""4""], ""raw"": ""2,3, 4""}]",先修 限修,教室為M01-205。,https://course.nuk.edu.tw/QueryCourse/tcontent.asp?OpenYear=109&Helf=1&Sclass=IM&Cono=D02A,2026-08-26T18:22:53+00:00
109-1-IM-D031-A-4-A,109,1,管理學院,IM,資訊管理學系,D031,A,大學部,4,A,資訊倫理,3,必,60,40,,20,林杏子,M01-205,,,,"2,3, 4",,,,"[{""day"": 4, ""dayName"": ""星期四"", ""periods"": [""2"", ""3"", ""4""], ""raw"": ""2,3, 4""}]",限修,教室為M01-205。限修本系，外系同學欲修此課程，請找任課老師加簽。,https://course.nuk.edu.tw/QueryCourse/tcontent.asp?OpenYear=109&Helf=1&Sclass=IM&Cono=D031,2026-08-26T18:22:53+00:00
109-1-IM-D522-A-4-A,109,1,管理學院,IM,資訊管理學系,D522,A,大學部,4,A,資訊趨勢與商業英語實務,3,選,32,15,,17,趙建雄,M01-417,,"10,11, 12",,,,,,"[{""day"": 2, ""dayName"": ""星期二"", ""periods"": [""10"", ""11"", ""12""], ""raw"": ""10,11, 12""}]",限修及外加 學程,教室為M01-417。為全英語授課，與資管大二、大三合開。（財經管理與資訊應用全英語學程），蔡奎如老師共同授課。,https://course.nuk.edu.tw/QueryCourse/tcontent.asp?OpenYear=109&Helf=1&Sclass=IM&Cono=D522,2026-08-26T18:22:53+00:00
109-1-IM-D562-A-4-A,109,1,管理學院,IM,資訊管理學系,D562,A,大學部,4,A,Java Script 前端應用程式設計,3,選,33,33,,0,黃威豪,M01-417,"10,11, 12",,,,,,,"[{""day"": 1, ""dayName"": ""星期一"", ""periods"": [""10"", ""11"", ""12""], ""raw"": ""10,11, 12""}]",限修及外加,教室為M01-417。限修本系，外系同學欲修此課程，請找任課老師加簽。（教師：黃威豪）,https://course.nuk.edu.tw/QueryCourse/tcontent.asp?OpenYear=109&Helf=1&Sclass=IM&Cono=D562,2026-08-26T18:22:53+00:00
109-1-IM-F501-A-4-A,109,1,管理學院,IM,資訊管理學系,F501,A,大學部,4,A,資訊檢索,3,選,30,23,,7,楊新章,M01-417,"5,6, 7",,,,,,,"[{""day"": 1, ""dayName"": ""星期一"", ""periods"": [""5"", ""6"", ""7""], ""raw"": ""5,6, 7""}]",限修,教室為M01-417。與資管碩一合開，限修本系，外系同學欲要選修，請洽任課教師加簽。,https://course.nuk.edu.tw/QueryCourse/tcontent.asp?OpenYear=109&Helf=1&Sclass=IM&Cono=F501,2026-08-26T18:22:53+00:00
109-1-IM-F502-A-4-A,109,1,管理學院,IM,資訊管理學系,F502,A,大學部,4,A,資訊科技與競爭策略,3,選,22,13,,9,趙建雄,M01-417,,,"5,6, 7",,,,,"[{""day"": 3, ""dayName"": ""星期三"", ""periods"": [""5"", ""6"", ""7""], ""raw"": ""5,6, 7""}]",限修及外加,教室為M01-417。與資管碩一合開，限修本系，外系同學欲修此課程，請找任課老師加簽。,https://course.nuk.edu.tw/QueryCourse/tcontent.asp?OpenYear=109&Helf=1&Sclass=IM&Cono=F502,2026-08-26T18:22:53+00:00
109-1-IM-F531-A-4-A,109,1,管理學院,IM,資訊管理學系,F531,A,大學部,4,A,高等資料庫管理,3,選,30,9,,21,楊子賢,M01-302,,,"5,6, 7",,,,,"[{""day"": 3, ""dayName"": ""星期三"", ""periods"": [""5"", ""6"", ""7""], ""raw"": ""5,6, 7""}]",限修,教室為M01-302，限本系同學選修，外系同學請洽任課老師。,https://course.nuk.edu.tw/QueryCourse/tcontent.asp?OpenYear=109&Helf=1&Sclass=IM&Cono=F531,2026-08-26T18:22:53+00:00
109-1-IM-F549-A-4-A,109,1,管理學院,IM,資訊管理學系,F549,A,大學部,4,A,社群商務與永續發展,3,選,30,3,,27,林杏子,M01-302,,"2,3, 4",,,,,,"[{""day"": 2, ""dayName"": ""星期二"", ""periods"": [""2"", ""3"", ""4""], ""raw"": ""2,3, 4""}]",,與資管碩一合開，教室為M01-302。,https://course.nuk.edu.tw/QueryCourse/tcontent.asp?OpenYear=109&Helf=1&Sclass=IM&Cono=F549,2026-08-26T18:22:53+00:00
109-1-IM-F561-A-4-A,109,1,管理學院,IM,資訊管理學系,F561,A,大學部,4,A,知識管理研究,3,選,30,10,,20,吳建興,M01-108,"5,6, 7",,,,,,,"[{""day"": 1, ""dayName"": ""星期一"", ""periods"": [""5"", ""6"", ""7""], ""raw"": ""5,6, 7""}]",,教室為M01-108。與資管碩一合開。,https://course.nuk.edu.tw/QueryCourse/tcontent.asp?OpenYear=109&Helf=1&Sclass=IM&Cono=F561,2026-08-26T18:22:53+00:00
109-1-IM-F606-A-4-A,109,1,管理學院,IM,資訊管理學系,F606,A,大學部,4,A,人工智慧導論,3,選,33,31,,2,楊子賢,M01-B102,"6,7, 8",,,,,,,"[{""day"": 1, ""dayName"": ""星期一"", ""periods"": [""6"", ""7"", ""8""], ""raw"": ""6,7, 8""}]",,教室為M01-302。與資管大三、碩一合開。限本系選修，外系同學欲選修請請洽任課教師。,https://course.nuk.edu.tw/QueryCourse/tcontent.asp?OpenYear=109&Helf=1&Sclass=IM&Cono=F606,2026-08-26T18:22:53+00:00
109-1-IM-F60C-A-4-A,109,1,管理學院,IM,資訊管理學系,F60C,A,大學部,4,A,企業實習Ⅲ,3,選,3,3,,0,王凱 楊新章,M01-302,,,,,,"5,6, 7",,"[{""day"": 6, ""dayName"": ""星期六"", ""periods"": [""5"", ""6"", ""7""], ""raw"": ""5,6, 7""}]",限修及外加,教室為M01-302，此課程為指定加簽，實習總時數為162小時。,https://course.nuk.edu.tw/QueryCourse/tcontent.asp?OpenYear=109&Helf=1&Sclass=IM&Cono=F60C,2026-08-26T18:22:53+00:00
109-1-IM-F637-A-4-A,109,1,管理學院,IM,資訊管理學系,F637,A,大學部,4,A,數據與服務科學實務,3,選,30,8,,22,蕭漢威,M01-417,,,,,"2,3, 4",,,"[{""day"": 5, ""dayName"": ""星期五"", ""periods"": [""2"", ""3"", ""4""], ""raw"": ""2,3, 4""}]",學程,教室為M01-417。與資管碩一合開。屬「商業數據分析微學程」。,https://course.nuk.edu.tw/QueryCourse/tcontent.asp?OpenYear=109&Helf=1&Sclass=IM&Cono=F637,2026-08-26T18:22:53+00:00
109-1-IM-G512-A-4-A,109,1,管理學院,IM,資訊管理學系,G512,A,大學部,4,A,創新問題解決,3,選,40,21,,19,林杏子,L01-202,,,,,"2,3, 4",,,"[{""day"": 5, ""dayName"": ""星期五"", ""periods"": [""2"", ""3"", ""4""], ""raw"": ""2,3, 4""}]",,教室為圖資宅創中心。與資管大三、大四、創新學院合開，主開為資管系。,https://course.nuk.edu.tw/QueryCourse/tcontent.asp?OpenYear=109&Helf=1&Sclass=IM&Cono=G512,2026-08-26T18:22:53+00:00
109-1-IM-F01A-M-1-,109,1,管理學院,IM,資訊管理學系,F01A,M,碩士班,1,,研究方法(一),3,必,30,16,,14,郭英峰,M01-302,,,"2,3, 4",,,,,"[{""day"": 3, ""dayName"": ""星期三"", ""periods"": [""2"", ""3"", ""4""], ""raw"": ""2,3, 4""}]",限修,教室為M01-302，限修本系，外系同學欲要選修，請洽任課教師加簽。,https://course.nuk.edu.tw/QueryCourse/tcontent.asp?OpenYear=109&Helf=1&Sclass=IM&Cono=F01A,2026-08-26T18:22:53+00:00
109-1-IM-F021-M-1-,109,1,管理學院,IM,資訊管理學系,F021,M,碩士班,1,,資訊管理,3,必,30,11,,19,吳建興,M01-302,,"5,6, 7",,,,,,"[{""day"": 2, ""dayName"": ""星期二"", ""periods"": [""5"", ""6"", ""7""], ""raw"": ""5,6, 7""}]",限修,教室為M01-302。限修本系，外系同學欲選修此課程，請找任課老師加簽。,https://course.nuk.edu.tw/QueryCourse/tcontent.asp?OpenYear=109&Helf=1&Sclass=IM&Cono=F021,2026-08-26T18:22:53+00:00
109-1-IM-F03A-M-1-,109,1,管理學院,IM,資訊管理學系,F03A,M,碩士班,1,,書報討論(一),1,必,30,13,,17,郭英峰,M01-111,,,,"6,7",,,,"[{""day"": 4, ""dayName"": ""星期四"", ""periods"": [""6"", ""7""], ""raw"": ""6,7""}]",限修,教室為M01-111。限修本系，外系同學欲要選修，請洽任課教師加簽。,https://course.nuk.edu.tw/QueryCourse/tcontent.asp?OpenYear=109&Helf=1&Sclass=IM&Cono=F03A,2026-08-26T18:22:53+00:00
109-1-IM-F501-M-1-,109,1,管理學院,IM,資訊管理學系,F501,M,碩士班,1,,資訊檢索,3,選,30,23,,7,楊新章,M01-417,"5,6, 7",,,,,,,"[{""day"": 1, ""dayName"": ""星期一"", ""periods"": [""5"", ""6"", ""7""], ""raw"": ""5,6, 7""}]",限修,教室為M01-417。與資管大四合開，限修本系，外系同學欲要選修，請洽任課教師加簽。,https://course.nuk.edu.tw/QueryCourse/tcontent.asp?OpenYear=109&Helf=1&Sclass=IM&Cono=F501,2026-08-26T18:22:53+00:00
109-1-IM-F502-M-1-,109,1,管理學院,IM,資訊管理學系,F502,M,碩士班,1,,資訊科技與競爭策略,3,選,22,13,,9,趙建雄,M01-417,,,"5,6, 7",,,,,"[{""day"": 3, ""dayName"": ""星期三"", ""periods"": [""5"", ""6"", ""7""], ""raw"": ""5,6, 7""}]",限修及外加,教室為M01-417。與資管大四合開，限修本系，外系同學欲要選修，請洽任課教師加簽。,https://course.nuk.edu.tw/QueryCourse/tcontent.asp?OpenYear=109&Helf=1&Sclass=IM&Cono=F502,2026-08-26T18:22:53+00:00
109-1-IM-F504-M-1-,109,1,管理學院,IM,資訊管理學系,F504,M,碩士班,1,,資訊科技與服務創新,3,選,30,8,,22,王凱,M01-302,,,,"2,3, 4",,,,"[{""day"": 4, ""dayName"": ""星期四"", ""periods"": [""2"", ""3"", ""4""], ""raw"": ""2,3, 4""}]",,與資管大四合開。,https://course.nuk.edu.tw/QueryCourse/tcontent.asp?OpenYear=109&Helf=1&Sclass=IM&Cono=F504,2026-08-26T18:22:53+00:00
109-1-IM-F531-M-1-,109,1,管理學院,IM,資訊管理學系,F531,M,碩士班,1,,高等資料庫管理,3,選,30,9,,21,楊子賢,M01-302,,,"5,6, 7",,,,,"[{""day"": 3, ""dayName"": ""星期三"", ""periods"": [""5"", ""6"", ""7""], ""raw"": ""5,6, 7""}]",限修,教室為M01-302，限本系同學選修，外系同學請洽任課老師。,https://course.nuk.edu.tw/QueryCourse/tcontent.asp?OpenYear=109&Helf=1&Sclass=IM&Cono=F531,2026-08-26T18:22:53+00:00
109-1-IM-F549-M-1-,109,1,管理學院,IM,資訊管理學系,F549,M,碩士班,1,,社群商務與永續發展,3,選,30,3,,27,林杏子,M01-302,,"2,3, 4",,,,,,"[{""day"": 2, ""dayName"": ""星期二"", ""periods"": [""2"", ""3"", ""4""], ""raw"": ""2,3, 4""}]",,與資管大四合開，教務為M01-302。,https://course.nuk.edu.tw/QueryCourse/tcontent.asp?OpenYear=109&Helf=1&Sclass=IM&Cono=F549,2026-08-26T18:22:53+00:00
109-1-IM-F561-M-1-,109,1,管理學院,IM,資訊管理學系,F561,M,碩士班,1,,知識管理研究,3,選,30,10,,20,吳建興,M01-108,"5,6, 7",,,,,,,"[{""day"": 1, ""dayName"": ""星期一"", ""periods"": [""5"", ""6"", ""7""], ""raw"": ""5,6, 7""}]",,教室為M01-108。與資管大四合開。,https://course.nuk.edu.tw/QueryCourse/tcontent.asp?OpenYear=109&Helf=1&Sclass=IM&Cono=F561,2026-08-26T18:22:53+00:00
109-1-IM-F57A-M-1-,109,1,管理學院,IM,資訊管理學系,F57A,M,碩士班,1,,資訊管理專題研討(一),1,選,30,5,,25,楊書成 王凱,M01-302,,,"8,9, 10",,,,,"[{""day"": 3, ""dayName"": ""星期三"", ""periods"": [""8"", ""9"", ""10""], ""raw"": ""8,9, 10""}]",限修,教室為M01-302。限修本系，外系同學欲要選修，請洽任課教師加簽。,https://course.nuk.edu.tw/QueryCourse/tcontent.asp?OpenYear=109&Helf=1&Sclass=IM&Cono=F57A,2026-08-26T18:22:53+00:00
109-1-IM-F582-M-1-,109,1,管理學院,IM,資訊管理學系,F582,M,碩士班,1,,資料分析技術與應用,3,選,30,24,,6,楊新章,M01-417,,,,"2,3, 4",,,,"[{""day"": 4, ""dayName"": ""星期四"", ""periods"": [""2"", ""3"", ""4""], ""raw"": ""2,3, 4""}]",,教室為M01-417。與資管大三合開，限修本系，外系同學欲要選修，請洽任課教師加簽。,https://course.nuk.edu.tw/QueryCourse/tcontent.asp?OpenYear=109&Helf=1&Sclass=IM&Cono=F582,2026-08-26T18:22:53+00:00
109-1-IM-F606-M-1-,109,1,管理學院,IM,資訊管理學系,F606,M,碩士班,1,,人工智慧導論,3,選,33,31,,2,楊子賢,M01-B102,"6,7, 8",,,,,,,"[{""day"": 1, ""dayName"": ""星期一"", ""periods"": [""6"", ""7"", ""8""], ""raw"": ""6,7, 8""}]",限修及外加,與資管大三、大四合開。限修本系，外系同學欲加選，請洽任課教師。,https://course.nuk.edu.tw/QueryCourse/tcontent.asp?OpenYear=109&Helf=1&Sclass=IM&Cono=F606,2026-08-26T18:22:53+00:00
109-1-IM-F607-M-1-,109,1,管理學院,IM,資訊管理學系,F607,M,碩士班,1,,大數據與人工智慧專論,3,選,30,4,,26,楊子賢,M01-302,9,"8,9",,,,,,"[{""day"": 1, ""dayName"": ""星期一"", ""periods"": [""9""], ""raw"": ""9""}, {""day"": 2, ""dayName"": ""星期二"", ""periods"": [""8"", ""9""], ""raw"": ""8,9""}]",限修,教室為M01-302。限修本系碩士班。,https://course.nuk.edu.tw/QueryCourse/tcontent.asp?OpenYear=109&Helf=1&Sclass=IM&Cono=F607,2026-08-26T18:22:53+00:00
109-1-IM-F60C-M-1-,109,1,管理學院,IM,資訊管理學系,F60C,M,碩士班,1,,企業實習Ⅲ,3,選,3,3,,0,王凱 楊新章,M01-302,,,,,,"5,6, 7",,"[{""day"": 6, ""dayName"": ""星期六"", ""periods"": [""5"", ""6"", ""7""], ""raw"": ""5,6, 7""}]",限修及外加,教室為M01-302，此課程為指定加簽，實習總時數為162小時。,https://course.nuk.edu.tw/QueryCourse/tcontent.asp?OpenYear=109&Helf=1&Sclass=IM&Cono=F60C,2026-08-26T18:22:53+00:00
109-1-IM-F637-M-1-,109,1,管理學院,IM,資訊管理學系,F637,M,碩士班,1,,數據與服務科學實務,3,選,30,8,,22,蕭漢威,M01-417,,,,,"2,3, 4",,,"[{""day"": 5, ""dayName"": ""星期五"", ""periods"": [""2"", ""3"", ""4""], ""raw"": ""2,3, 4""}]",學程,教室為M01-417。與資管大四合開。屬「商業數據分析微學程」。,https://course.nuk.edu.tw/QueryCourse/tcontent.asp?OpenYear=109&Helf=1&Sclass=IM&Cono=F637,2026-08-26T18:22:53+00:00
109-1-IM-G512-M-1-,109,1,管理學院,IM,資訊管理學系,G512,M,碩士班,1,,創新問題解決,3,選,40,21,,19,林杏子,L01-202,,,,,"2,3, 4",,,"[{""day"": 5, ""dayName"": ""星期五"", ""periods"": [""2"", ""3"", ""4""], ""raw"": ""2,3, 4""}]",,教室為圖資宅創中心。與資管大三、大四、創新學院合開，主開為資管系。,https://course.nuk.edu.tw/QueryCourse/tcontent.asp?OpenYear=109&Helf=1&Sclass=IM&Cono=G512,2026-08-26T18:22:53+00:00
109-1-IM-F011-M-2-,109,1,管理學院,IM,資訊管理學系,F011,M,碩士班,2,,書報討論(三),1,必,30,12,,18,丁一賢,M01-111,,,,"6,7",,,,"[{""day"": 4, ""dayName"": ""星期四"", ""periods"": [""6"", ""7""], ""raw"": ""6,7""}]",限修,教室為M01-111。限修本系，外系同學欲要選修，請洽任課教師加簽。,https://course.nuk.edu.tw/QueryCourse/tcontent.asp?OpenYear=109&Helf=1&Sclass=IM&Cono=F011,2026-08-26T18:22:53+00:00
109-1-IM-F57C-M-2-,109,1,管理學院,IM,資訊管理學系,F57C,M,碩士班,2,,資訊管理專題研討(三),1,選,30,6,,24,郭英峰 趙建雄,M01-302,,,"8,9, 10",,,,,"[{""day"": 3, ""dayName"": ""星期三"", ""periods"": [""8"", ""9"", ""10""], ""raw"": ""8,9, 10""}]",限修,教室為M01-302。限修本系，外系同學欲要選修，請洽任課教師加簽。,https://course.nuk.edu.tw/QueryCourse/tcontent.asp?OpenYear=109&Helf=1&Sclass=IM&Cono=F57C,2026-08-26T18:22:53+00:00
109-1-IMA-F001-M-1-,109,1,管理學院,IMA,國際商業管理碩士學位學程,F001,M,碩士班,1,,專題研討一,1,必,15,5,,10,黃佩琪 鄭義暉 蔡佳妤 劉志成,M01-106,"5,6",,,,,,,"[{""day"": 1, ""dayName"": ""星期一"", ""periods"": [""5"", ""6""], ""raw"": ""5,6""}]",限修,僅限IMBA學生修課,https://course.nuk.edu.tw/QueryCourse/tcontent.asp?OpenYear=109&Helf=1&Sclass=IMA&Cono=F001,2026-08-26T18:22:53+00:00
109-1-IMA-F021-M-1-,109,1,管理學院,IMA,國際商業管理碩士學位學程,F021,M,碩士班,1,,國際企業管理,3,必,25,5,,20,楊詠凱,M01-106,,"2,3, 4",,,,,,"[{""day"": 2, ""dayName"": ""星期二"", ""periods"": [""2"", ""3"", ""4""], ""raw"": ""2,3, 4""}]",,全英文授課，開放管理學院大四及研究生修習。,https://course.nuk.edu.tw/QueryCourse/tcontent.asp?OpenYear=109&Helf=1&Sclass=IMA&Cono=F021,2026-08-26T18:22:53+00:00
109-1-IMA-F022-M-1-,109,1,管理學院,IMA,國際商業管理碩士學位學程,F022,M,碩士班,1,,管理經濟學,3,必,25,7,,18,李博志,M01-106,,"5,6, 7",,,,,,"[{""day"": 2, ""dayName"": ""星期二"", ""periods"": [""5"", ""6"", ""7""], ""raw"": ""5,6, 7""}]",禁止外加,全英語授課，並開放本學程二年級共同修課。,https://course.nuk.edu.tw/QueryCourse/tcontent.asp?OpenYear=109&Helf=1&Sclass=IMA&Cono=F022,2026-08-26T18:22:53+00:00
109-1-IMA-F571-M-1-,109,1,管理學院,IMA,國際商業管理碩士學位學程,F571,M,碩士班,1,,投資與風險管理,3,選,25,7,,18,王功亮,M01-106,,,,"5,6, 7",,,,"[{""day"": 4, ""dayName"": ""星期四"", ""periods"": [""5"", ""6"", ""7""], ""raw"": ""5,6, 7""}]",禁止外加 學程,全英文授課，開放管院大四及研究生修習。,https://course.nuk.edu.tw/QueryCourse/tcontent.asp?OpenYear=109&Helf=1&Sclass=IMA&Cono=F571,2026-08-26T18:22:53+00:00
109-1-IMA-F003-M-2-,109,1,管理學院,IMA,國際商業管理碩士學位學程,F003,M,碩士班,2,,專題研討三,1,必,20,14,,6,楊詠凱 吳毓麒 佘志民,M01-106,"3,4",,,,,,,"[{""day"": 1, ""dayName"": ""星期一"", ""periods"": [""3"", ""4""], ""raw"": ""3,4""}]",,全英語授課，僅限IMBA學生修課,https://course.nuk.edu.tw/QueryCourse/tcontent.asp?OpenYear=109&Helf=1&Sclass=IMA&Cono=F003,2026-08-26T18:22:53+00:00
109-1-IMA-F563-M-2-,109,1,管理學院,IMA,國際商業管理碩士學位學程,F563,M,碩士班,2,,亞太經營環境,3,選,25,10,,15,黃佩琪,M01-106,,,"2,3, 4",,,,,"[{""day"": 3, ""dayName"": ""星期三"", ""periods"": [""2"", ""3"", ""4""], ""raw"": ""2,3, 4""}]",,全英語授課，與經營管理所共同開課,https://course.nuk.edu.tw/QueryCourse/tcontent.asp?OpenYear=109&Helf=1&Sclass=IMA&Cono=F563,2026-08-26T18:22:53+00:00
109-1-IMA-G531-M-2-,109,1,管理學院,IMA,國際商業管理碩士學位學程,G531,M,碩士班,2,,全球人力資源管理,3,選,20,5,,15,黃佩琪,M01-106,,,,"2,3, 4",,,,"[{""day"": 4, ""dayName"": ""星期四"", ""periods"": [""2"", ""3"", ""4""], ""raw"": ""2,3, 4""}]",學程,本課程為全英語授課課程，與經管所共同開課，開放管理學院大三、大四級及研究生修習。,https://course.nuk.edu.tw/QueryCourse/tcontent.asp?OpenYear=109&Helf=1&Sclass=IMA&Cono=G531,2026-08-26T18:22:53+00:00
109-1-LBA-O615-E-1-,109,1,管理學院,LBA,高階法律暨管理碩士在職專班,O615,E,高階經營管理碩士在職專班,1,,高階法律與管理專題：當代議題,3,選,30,8,,22,張麗卿,,,,,,,,"1,2, 3,4, 5,6","[{""day"": 7, ""dayName"": ""星期日"", ""periods"": [""1"", ""2"", ""3"", ""4"", ""5"", ""6""], ""raw"": ""1,2, 3,4, 5,6""}]",,法律班，上課教室：管院108,https://course.nuk.edu.tw/QueryCourse/tcontent.asp?OpenYear=109&Helf=1&Sclass=LBA&Cono=O615,2026-08-26T18:22:53+00:00
109-1-LBA-O622-E-1-,109,1,管理學院,LBA,高階法律暨管理碩士在職專班,O622,E,高階經營管理碩士在職專班,1,,民事訴訟法,3,選,30,7,,23,陳月端,,,,,,,"7,8, 9","7,8, 9","[{""day"": 6, ""dayName"": ""星期六"", ""periods"": [""7"", ""8"", ""9""], ""raw"": ""7,8, 9""}, {""day"": 7, ""dayName"": ""星期日"", ""periods"": [""7"", ""8"", ""9""], ""raw"": ""7,8, 9""}]",限修,法律班，上課教室：管院108,https://course.nuk.edu.tw/QueryCourse/tcontent.asp?OpenYear=109&Helf=1&Sclass=LBA&Cono=O622,2026-08-26T18:22:53+00:00
109-1-LBA-O00A-E-2-,109,1,管理學院,LBA,高階法律暨管理碩士在職專班,O00A,E,高階經營管理碩士在職專班,2,,碩士論文(上)-(法律班),3,必,30,10,,20,楊書成 吳建興 佘志民 莊寶鵰 李亭林 吳行浩 張麗卿,,,X,X,X,,,,"[{""day"": 2, ""dayName"": ""星期二"", ""periods"": [""X""], ""raw"": ""X""}, {""day"": 3, ""dayName"": ""星期三"", ""periods"": [""X""], ""raw"": ""X""}, {""day"": 4, ""dayName"": ""星期四"", ""periods"": [""X""], ""raw"": ""X""}]",禁止外加 限修,法律班,https://course.nuk.edu.tw/QueryCourse/tcontent.asp?OpenYear=109&Helf=1&Sclass=LBA&Cono=O00A,2026-08-26T18:22:53+00:00
