id,year,semester,courseId,courseName,department,departmentName,division,grade,className,capacity,confirmed,enrolled,remaining,isFull,demandExceedsCapacity,remainUpdatedAt,status
115-1-CCD-A010-A-1-A,115,1,A010,素描,CCD,工藝與創意設計學系,A,1,A,60,51,0,9,false,false,2026-08-29T21:00:11+00:00,ok
115-1-CCD-A011-A-1-A,115,1,A011,色彩學,CCD,工藝與創意設計學系,A,1,A,60,56,0,4,false,false,2026-08-29T21:00:11+00:00,ok
115-1-CCD-A020-A-1-A,115,1,A020,圖學,CCD,工藝與創意設計學系,A,1,A,60,53,0,7,false,false,2026-08-29T21:00:11+00:00,ok
115-1-CCD-A04A-A-1-A,115,1,A04A,基本造型構成(一),CCD,工藝與創意設計學系,A,1,A,60,53,0,7,false,false,2026-08-29T21:00:11+00:00,ok
115-1-CCD-A507-A-1-A,115,1,A507,木質媒材創作與應用(一),CCD,工藝與創意設計學系,A,1,A,15,15,0,0,true,false,2026-08-29T21:00:11+00:00,ok
115-1-CCD-A50A-A-1-A,115,1,A50A,基礎媒材創作(一),CCD,工藝與創意設計學系,A,1,A,60,50,0,10,false,false,2026-08-29T21:00:11+00:00,ok
115-1-CCD-A541-A-1-A,115,1,A541,電腦輔助設計(一)A,CCD,工藝與創意設計學系,A,1,A,30,9,0,21,false,false,2026-08-29T21:00:11+00:00,ok
115-1-CCD-A542-A-1-A,115,1,A542,電腦輔助設計(一)B,CCD,工藝與創意設計學系,A,1,A,30,25,0,5,false,false,2026-08-29T21:00:11+00:00,ok
115-1-CCD-B571-A-1-A,115,1,B571,電腦多媒體,CCD,工藝與創意設計學系,A,1,A,30,24,0,6,false,false,2026-08-29T21:00:11+00:00,ok
115-1-CCD-A506-A-2-A,115,1,A506,圖案與文字造型設計,CCD,工藝與創意設計學系,A,2,A,20,20,0,0,true,false,2026-08-29T21:00:11+00:00,ok
115-1-CCD-A532-A-2-A,115,1,A532,產品表現技法,CCD,工藝與創意設計學系,A,2,A,20,20,0,0,true,false,2026-08-29T21:00:11+00:00,ok
115-1-CCD-B010-A-2-A,115,1,B010,創意設計(一),CCD,工藝與創意設計學系,A,2,A,60,41,0,19,false,false,2026-08-29T21:00:11+00:00,ok
115-1-CCD-B043-A-2-A,115,1,B043,設計思考(一),CCD,工藝與創意設計學系,A,2,A,60,48,0,12,false,false,2026-08-29T21:00:11+00:00,ok
115-1-CCD-B521-A-2-A,115,1,B521,傳統圖案研究,CCD,工藝與創意設計學系,A,2,A,30,22,0,8,false,false,2026-08-29T21:00:11+00:00,ok
115-1-CCD-B536-A-2-A,115,1,B536,視覺傳達設計,CCD,工藝與創意設計學系,A,2,A,30,30,0,0,true,false,2026-08-29T21:00:11+00:00,ok
115-1-CCD-B545-A-2-A,115,1,B545,數位工藝概論,CCD,工藝與創意設計學系,A,2,A,70,26,0,44,false,false,2026-08-29T21:00:11+00:00,ok
115-1-CCD-B551-A-2-A,115,1,B551,工藝設計(一),CCD,工藝與創意設計學系,A,2,A,45,36,0,9,false,false,2026-08-29T21:00:11+00:00,ok
115-1-CCD-B562-A-2-A,115,1,B562,造型藝術創作(一),CCD,工藝與創意設計學系,A,2,A,30,30,0,0,true,false,2026-08-29T21:00:11+00:00,ok
115-1-CCD-B581-A-2-A,115,1,B581,陶瓷裝飾技法,CCD,工藝與創意設計學系,A,2,A,15,15,0,0,true,false,2026-08-29T21:00:11+00:00,ok
115-1-CCD-C521-A-2-A,115,1,C521,數位設計(一),CCD,工藝與創意設計學系,A,2,A,30,30,0,0,true,false,2026-08-29T21:00:11+00:00,ok
115-1-CCD-C010-A-3-A,115,1,C010,田野調查,CCD,工藝與創意設計學系,A,3,A,70,53,0,17,false,false,2026-08-29T21:00:11+00:00,ok
115-1-CCD-C021-A-3-A,115,1,C021,創意設計(三),CCD,工藝與創意設計學系,A,3,A,60,48,0,12,false,false,2026-08-29T21:00:11+00:00,ok
115-1-CCD-C500-A-3-A,115,1,C500,校外實習,CCD,工藝與創意設計學系,A,3,A,60,41,0,19,false,false,2026-08-29T21:00:11+00:00,ok
115-1-CCD-C511-A-3-A,115,1,C511,木作漆藝(一),CCD,工藝與創意設計學系,A,3,A,22,22,0,0,true,false,2026-08-29T21:00:11+00:00,ok
115-1-CCD-C521-A-3-A,115,1,C521,數位設計(一),CCD,工藝與創意設計學系,A,3,A,30,30,0,0,true,false,2026-08-29T21:00:11+00:00,ok
115-1-CCD-C523-A-3-A,115,1,C523,數位立體造型設計(一),CCD,工藝與創意設計學系,A,3,A,30,30,0,0,true,false,2026-08-29T21:00:11+00:00,ok
115-1-CCD-C52C-A-3-A,115,1,C52C,媒體創新設計(三),CCD,工藝與創意設計學系,A,3,A,45,20,0,25,false,false,2026-08-29T21:00:11+00:00,ok
115-1-CCD-C531-A-3-A,115,1,C531,工藝設計(三),CCD,工藝與創意設計學系,A,3,A,45,30,0,15,false,false,2026-08-29T21:00:11+00:00,ok
115-1-CCD-C541-A-3-A,115,1,C541,企業識別體系,CCD,工藝與創意設計學系,A,3,A,20,19,0,1,false,false,2026-08-29T21:00:11+00:00,ok
115-1-CCD-C551-A-3-A,115,1,C551,當代藝術,CCD,工藝與創意設計學系,A,3,A,60,25,0,35,false,false,2026-08-29T21:00:11+00:00,ok
115-1-CCD-C555-A-3-A,115,1,C555,文化產品設計概論,CCD,工藝與創意設計學系,A,3,A,20,20,0,0,true,false,2026-08-29T21:00:11+00:00,ok
115-1-CCD-C561-A-3-A,115,1,C561,玉石媒材創作(一),CCD,工藝與創意設計學系,A,3,A,12,12,0,0,true,false,2026-08-29T21:00:11+00:00,ok
115-1-CCD-D100-A-4-A,115,1,D100,畢業製作(一)-A,CCD,工藝與創意設計學系,A,4,A,60,23,0,37,false,false,2026-08-29T21:00:11+00:00,ok
115-1-CCD-D101-A-4-A,115,1,D101,畢業製作(一)-B,CCD,工藝與創意設計學系,A,4,A,60,24,0,36,false,false,2026-08-29T21:00:11+00:00,ok
115-1-CHS-A761-A-1-A,115,1,A761,基礎電腦繪圖,CHS,人文社會科學院共同課程,A,1,A,20,2,0,18,false,false,2026-08-29T21:00:11+00:00,ok
115-1-DA-A01A-A-1-A,115,1,A01A,建築設計(一)A,DA,建築學系,A,1,A,30,12,0,18,false,false,2026-08-29T21:00:11+00:00,ok
115-1-DA-A01B-A-1-A,115,1,A01B,建築設計(一)B,DA,建築學系,A,1,A,30,11,0,19,false,false,2026-08-29T21:00:11+00:00,ok
115-1-DA-A01C-A-1-A,115,1,A01C,建築設計(一)C,DA,建築學系,A,1,A,30,13,0,17,false,false,2026-08-29T21:00:11+00:00,ok
115-1-DA-A021-A-1-A,115,1,A021,圖學,DA,建築學系,A,1,A,41,37,0,4,false,false,2026-08-29T21:00:11+00:00,ok
115-1-DA-A031-A-1-A,115,1,A031,建築概論,DA,建築學系,A,1,A,60,36,0,24,false,false,2026-08-29T21:00:11+00:00,ok
115-1-DA-B020-A-2-A,115,1,B020,西洋建築史,DA,建築學系,A,2,A,40,33,0,7,false,false,2026-08-29T21:00:11+00:00,ok
115-1-DA-B021-A-2-A,115,1,B021,建築計畫,DA,建築學系,A,2,A,50,29,0,21,false,false,2026-08-29T21:00:11+00:00,ok
115-1-DA-B04A-A-2-A,115,1,B04A,建築設計(三)A,DA,建築學系,A,2,A,30,13,0,17,false,false,2026-08-29T21:00:11+00:00,ok
115-1-DA-B04B-A-2-A,115,1,B04B,建築設計(三)B,DA,建築學系,A,2,A,30,10,0,20,false,false,2026-08-29T21:00:11+00:00,ok
115-1-DA-B04C-A-2-A,115,1,B04C,建築設計(三)C,DA,建築學系,A,2,A,30,3,0,27,false,false,2026-08-29T21:00:11+00:00,ok
115-1-DA-B502-A-2-A,115,1,B502,數位創新設計(二),DA,建築學系,A,2,A,33,33,0,0,true,false,2026-08-29T21:00:11+00:00,ok
115-1-DA-B521-A-2-A,115,1,B521,測量學及實習,DA,建築學系,A,2,A,20,20,0,0,true,false,2026-08-29T21:00:11+00:00,ok
115-1-DA-B011-A-3-A,115,1,B011,建築構造學(2),DA,建築學系,A,3,A,40,30,0,10,false,false,2026-08-29T21:00:11+00:00,ok
115-1-DA-B030-A-3-A,115,1,B030,建築結構系統,DA,建築學系,A,3,A,40,29,0,11,false,false,2026-08-29T21:00:11+00:00,ok
115-1-DA-C01A-A-3-A,115,1,C01A,建築設計(五)A,DA,建築學系,A,3,A,30,11,0,19,false,false,2026-08-29T21:00:11+00:00,ok
115-1-DA-C01B-A-3-A,115,1,C01B,建築設計(五)B,DA,建築學系,A,3,A,30,4,0,26,false,false,2026-08-29T21:00:11+00:00,ok
115-1-DA-C01C-A-3-A,115,1,C01C,建築設計(五)C,DA,建築學系,A,3,A,30,10,0,20,false,false,2026-08-29T21:00:11+00:00,ok
115-1-DA-C021-A-3-A,115,1,C021,敷地計畫,DA,建築學系,A,3,A,40,30,0,10,false,false,2026-08-29T21:00:11+00:00,ok
115-1-DA-C502-A-3-A,115,1,C502,施工估價,DA,建築學系,A,3,A,30,28,0,2,false,false,2026-08-29T21:00:11+00:00,ok
115-1-DA-C54A-A-3-A,115,1,C54A,數位創新設計(四),DA,建築學系,A,3,A,30,27,0,3,false,false,2026-08-29T21:00:11+00:00,ok
115-1-DA-D011-A-3-A,115,1,D011,建築環境控制系統,DA,建築學系,A,3,A,100,57,0,43,false,false,2026-08-29T21:00:11+00:00,ok
115-1-DA-C031-A-4-A,115,1,C031,建築法規,DA,建築學系,A,4,A,50,32,0,18,false,false,2026-08-29T21:00:11+00:00,ok
115-1-DA-D011-A-4-A,115,1,D011,建築環境控制系統,DA,建築學系,A,4,A,100,57,0,43,false,false,2026-08-29T21:00:11+00:00,ok
115-1-DA-D01A-A-4-A,115,1,D01A,建築設計(七)A,DA,建築學系,A,4,A,36,15,0,21,false,false,2026-08-29T21:00:11+00:00,ok
115-1-DA-D01B-A-4-A,115,1,D01B,建築設計(七)B,DA,建築學系,A,4,A,30,10,0,20,false,false,2026-08-29T21:00:11+00:00,ok
115-1-DA-D021-A-4-A,115,1,D021,都市計畫,DA,建築學系,A,4,A,40,25,0,15,false,false,2026-08-29T21:00:11+00:00,ok
115-1-DA-E001-A-5-A,115,1,E001,建築設計(九)A,DA,建築學系,A,5,A,30,8,0,22,false,false,2026-08-29T21:00:11+00:00,ok
115-1-DA-E002-A-5-A,115,1,E002,建築設計(九)B,DA,建築學系,A,5,A,30,9,0,21,false,false,2026-08-29T21:00:11+00:00,ok
115-1-DA-E003-A-5-A,115,1,E003,建築設計(九)C,DA,建築學系,A,5,A,30,9,0,21,false,false,2026-08-29T21:00:11+00:00,ok
115-1-DA-T020-L-1-,115,1,T020,研究方法與論文寫作,DA,建築學系,L,1,,30,17,0,13,false,false,2026-08-29T21:00:11+00:00,ok
115-1-DA-T02A-L-1-,115,1,T02A,專題研討(一),DA,建築學系,L,1,,50,17,0,33,false,false,2026-08-29T21:00:11+00:00,ok
115-1-DA-T506-L-1-,115,1,T506,近代建築史研究專題,DA,建築學系,L,1,,30,16,0,14,false,false,2026-08-29T21:00:11+00:00,ok
115-1-DA-T509-L-1-,115,1,T509,先進營建技術與設計專論,DA,建築學系,L,1,,51,51,0,0,true,false,2026-08-29T21:00:11+00:00,ok
115-1-DA-T513-L-1-,115,1,T513,BIM建築資訊模型特論,DA,建築學系,L,1,,30,28,0,2,false,false,2026-08-29T21:00:11+00:00,ok
115-1-DA-T52G-L-1-,115,1,T52G,建築工程投資風險與決策,DA,建築學系,L,1,,45,45,0,0,true,false,2026-08-29T21:00:11+00:00,ok
115-1-DA-F010-M-1-,115,1,F010,專題研討(一),DA,建築學系,M,1,,30,14,0,16,false,false,2026-08-29T21:00:11+00:00,ok
115-1-DA-F021-M-1-,115,1,F021,研究方法與論文寫作,DA,建築學系,M,1,,30,15,0,15,false,false,2026-08-29T21:00:11+00:00,ok
115-1-DA-F50A-M-1-,115,1,F50A,建築調查與定量分析,DA,建築學系,M,1,,30,15,0,15,false,false,2026-08-29T21:00:11+00:00,ok
115-1-DA-F52A-M-1-,115,1,F52A,人工智慧導論與建築應用,DA,建築學系,M,1,,30,24,0,6,false,false,2026-08-29T21:00:11+00:00,ok
115-1-DAP-A003-A-1-A,115,1,A003,運動賽會管理,DAP,運動競技學系,A,1,A,55,49,0,6,false,false,2026-08-29T21:00:11+00:00,ok
115-1-DAP-A004-A-1-A,115,1,A004,運動管理學,DAP,運動競技學系,A,1,A,55,49,0,6,false,false,2026-08-29T21:00:11+00:00,ok
115-1-DAP-A01A-A-1-A,115,1,A01A,專長術科(棒球)-I,DAP,運動競技學系,A,1,A,18,16,0,2,false,false,2026-08-29T21:00:11+00:00,ok
115-1-DAP-A02A-A-1-A,115,1,A02A,專長術科(桌球)-I,DAP,運動競技學系,A,1,A,7,7,0,0,true,false,2026-08-29T21:00:11+00:00,ok
115-1-DAP-A03A-A-1-A,115,1,A03A,專長術科(游泳)-I,DAP,運動競技學系,A,1,A,4,1,0,3,false,false,2026-08-29T21:00:11+00:00,ok
115-1-DAP-A04A-A-1-A,115,1,A04A,專長術科(羽球)-I,DAP,運動競技學系,A,1,A,12,12,0,0,true,false,2026-08-29T21:00:11+00:00,ok
115-1-DAP-A05A-A-1-A,115,1,A05A,專長術科(足球)-Ⅰ,DAP,運動競技學系,A,1,A,10,10,0,0,true,false,2026-08-29T21:00:11+00:00,ok
115-1-DAP-A06A-A-1-A,115,1,A06A,專長術科(木球)-I,DAP,運動競技學系,A,1,A,3,3,0,0,true,false,2026-08-29T21:00:11+00:00,ok
115-1-DAP-A513-A-1-A,115,1,A513,體育史,DAP,運動競技學系,A,1,A,55,43,0,12,false,false,2026-08-29T21:00:11+00:00,ok
115-1-DAP-B05A-A-1-A,115,1,B05A,體適能(Ⅰ),DAP,運動競技學系,A,1,A,55,38,0,17,false,false,2026-08-29T21:00:11+00:00,ok
115-1-DAP-B06A-A-1-A,115,1,B06A,游泳(Ⅰ),DAP,運動競技學系,A,1,A,55,44,0,11,false,false,2026-08-29T21:00:11+00:00,ok
115-1-DAP-B001-A-2-A,115,1,B001,運動生理學,DAP,運動競技學系,A,2,A,55,46,0,9,false,false,2026-08-29T21:00:11+00:00,ok
115-1-DAP-B002-A-2-A,115,1,B002,運動心理學,DAP,運動競技學系,A,2,A,57,46,0,11,false,false,2026-08-29T21:00:11+00:00,ok
115-1-DAP-B01A-A-2-A,115,1,B01A,專長術科(棒球)-III,DAP,運動競技學系,A,2,A,18,13,0,5,false,false,2026-08-29T21:00:11+00:00,ok
115-1-DAP-B02A-A-2-A,115,1,B02A,專長術科(桌球)-III,DAP,運動競技學系,A,2,A,4,2,0,2,false,false,2026-08-29T21:00:11+00:00,ok
115-1-DAP-B03A-A-2-A,115,1,B03A,專長術科(游泳)-III,DAP,運動競技學系,A,2,A,5,5,0,0,true,false,2026-08-29T21:00:11+00:00,ok
115-1-DAP-B04A-A-2-A,115,1,B04A,專長術科(羽球)-III,DAP,運動競技學系,A,2,A,14,14,0,0,true,false,2026-08-29T21:00:11+00:00,ok
115-1-DAP-B07A-A-2-A,115,1,B07A,專長術科(木球)-Ⅲ,DAP,運動競技學系,A,2,A,3,2,0,1,false,false,2026-08-29T21:00:11+00:00,ok
115-1-DAP-B08A-A-2-A,115,1,B08A,專長術科(足球)-Ⅲ,DAP,運動競技學系,A,2,A,11,9,0,2,false,false,2026-08-29T21:00:11+00:00,ok
115-1-DAP-B511-A-2-A,115,1,B511,健身運動指導學,DAP,運動競技學系,A,2,A,55,37,0,18,false,false,2026-08-29T21:00:11+00:00,ok
115-1-DAP-B512-A-2-A,115,1,B512,運動倫理,DAP,運動競技學系,A,2,A,55,38,0,17,false,false,2026-08-29T21:00:11+00:00,ok
115-1-DAP-B513-A-2-A,115,1,B513,運動公共關係,DAP,運動競技學系,A,2,A,55,38,0,17,false,false,2026-08-29T21:00:11+00:00,ok
115-1-DAP-B531-A-2-A,115,1,B531,棒/壘球,DAP,運動競技學系,A,2,A,55,12,0,43,false,false,2026-08-29T21:00:11+00:00,ok
115-1-DAP-B54A-A-2-A,115,1,B54A,水上救生(Ⅰ),DAP,運動競技學系,A,2,A,47,15,0,32,false,false,2026-08-29T21:00:11+00:00,ok
115-1-DAP-C001-A-3-A,115,1,C001,運動訓練學,DAP,運動競技學系,A,3,A,55,46,0,9,false,false,2026-08-29T21:00:11+00:00,ok
115-1-DAP-C01A-A-3-A,115,1,C01A,專長術科(棒球)-V,DAP,運動競技學系,A,3,A,19,17,0,2,false,false,2026-08-29T21:00:11+00:00,ok
115-1-DAP-C02A-A-3-A,115,1,C02A,專長術科(桌球)-V,DAP,運動競技學系,A,3,A,5,5,0,0,true,false,2026-08-29T21:00:11+00:00,ok
115-1-DAP-C03A-A-3-A,115,1,C03A,專長術科(游泳)-V,DAP,運動競技學系,A,3,A,5,3,0,2,false,false,2026-08-29T21:00:11+00:00,ok
115-1-DAP-C04A-A-3-A,115,1,C04A,專長術科(羽球)-V,DAP,運動競技學系,A,3,A,13,11,0,2,false,false,2026-08-29T21:00:11+00:00,ok
115-1-DAP-C05A-A-3-A,115,1,C05A,專長術科(木球)-Ⅴ,DAP,運動競技學系,A,3,A,3,1,0,2,false,false,2026-08-29T21:00:11+00:00,ok
115-1-DAP-C501-A-3-A,115,1,C501,體育行政與管理,DAP,運動競技學系,A,3,A,55,45,0,10,false,false,2026-08-29T21:00:11+00:00,ok
115-1-DAP-C513-A-3-A,115,1,C513,運動營養學,DAP,運動競技學系,A,3,A,55,48,0,7,false,false,2026-08-29T21:00:11+00:00,ok
115-1-DAP-C521-A-3-A,115,1,C521,網球,DAP,運動競技學系,A,3,A,55,11,0,44,false,false,2026-08-29T21:00:11+00:00,ok
115-1-DAP-C522-A-3-A,115,1,C522,足球,DAP,運動競技學系,A,3,A,55,10,0,45,false,false,2026-08-29T21:00:11+00:00,ok
115-1-DAP-C531-A-3-A,115,1,C531,幼兒體育,DAP,運動競技學系,A,3,A,55,33,0,22,false,false,2026-08-29T21:00:11+00:00,ok
115-1-DAP-C54A-A-3-A,115,1,C54A,重量訓練(Ⅰ),DAP,運動競技學系,A,3,A,55,30,0,25,false,false,2026-08-29T21:00:11+00:00,ok
115-1-DAP-D06A-A-3-A,115,1,D06A,專長術科(足球)-Ⅴ,DAP,運動競技學系,A,3,A,13,12,0,1,false,false,2026-08-29T21:00:11+00:00,ok
115-1-DAP-D01A-A-4-A,115,1,D01A,專長術科(棒球)-Ⅶ,DAP,運動競技學系,A,4,A,12,8,0,4,false,false,2026-08-29T21:00:11+00:00,ok
115-1-DAP-D02A-A-4-A,115,1,D02A,專長術科(桌球)-Ⅶ,DAP,運動競技學系,A,4,A,9,5,0,4,false,false,2026-08-29T21:00:11+00:00,ok
115-1-DAP-D03A-A-4-A,115,1,D03A,專長術科(游泳)-Ⅶ,DAP,運動競技學系,A,4,A,7,2,0,5,false,false,2026-08-29T21:00:11+00:00,ok
115-1-DAP-D04A-A-4-A,115,1,D04A,專長術科(羽球)-Ⅶ,DAP,運動競技學系,A,4,A,12,7,0,5,false,false,2026-08-29T21:00:11+00:00,ok
115-1-DAP-D05A-A-4-A,115,1,D05A,專長術科(木球)-Ⅶ,DAP,運動競技學系,A,4,A,5,5,0,0,true,false,2026-08-29T21:00:11+00:00,ok
115-1-DAP-D06B-A-4-A,115,1,D06B,專長術科(足球)-Ⅶ,DAP,運動競技學系,A,4,A,13,10,0,3,false,false,2026-08-29T21:00:11+00:00,ok
115-1-DAP-D501-A-4-A,115,1,D501,運動傳播學,DAP,運動競技學系,A,4,A,47,24,0,23,false,false,2026-08-29T21:00:11+00:00,ok
115-1-DAP-D514-A-4-A,115,1,D514,排球,DAP,運動競技學系,A,4,A,46,16,0,30,false,false,2026-08-29T21:00:11+00:00,ok
115-1-DAP-D515-A-4-A,115,1,D515,高爾夫,DAP,運動競技學系,A,4,A,47,15,0,32,false,false,2026-08-29T21:00:11+00:00,ok
115-1-DAP-D521-A-4-A,115,1,D521,運動產業實習,DAP,運動競技學系,A,4,A,15,6,0,9,false,false,2026-08-29T21:00:11+00:00,ok
115-1-EL-A011-A-1-A,115,1,A011,初級日語I,EL,東亞語文學系,A,1,A,30,17,0,13,false,false,2026-08-29T21:00:11+00:00,ok
115-1-EL-A033-A-1-A,115,1,A033,初級日語會話Ⅰ,EL,東亞語文學系,A,1,A,30,30,0,0,true,false,2026-08-29T21:00:11+00:00,ok
115-1-EL-A061-A-1-A,115,1,A061,初級韓語 Ⅰ,EL,東亞語文學系,A,1,A,30,25,0,5,false,false,2026-08-29T21:00:11+00:00,ok
115-1-EL-A081-A-1-A,115,1,A081,初級韓語會話Ⅰ,EL,東亞語文學系,A,1,A,30,17,0,13,false,false,2026-08-29T21:00:11+00:00,ok
115-1-EL-A091-A-1-A,115,1,A091,初級越語 Ⅰ,EL,東亞語文學系,A,1,A,30,18,0,12,false,false,2026-08-29T21:00:11+00:00,ok
115-1-EL-A111-A-1-A,115,1,A111,初級越語會話Ⅰ,EL,東亞語文學系,A,1,A,30,17,0,13,false,false,2026-08-29T21:00:11+00:00,ok
115-1-EL-A561-A-1-A,115,1,A561,越語發音,EL,東亞語文學系,A,1,A,30,17,0,13,false,false,2026-08-29T21:00:11+00:00,ok
115-1-EL-A56A-A-1-A,115,1,A56A,日語語法 I,EL,東亞語文學系,A,1,A,30,16,0,14,false,false,2026-08-29T21:00:11+00:00,ok
115-1-EL-A591-A-1-A,115,1,A591,韓國文化概論,EL,東亞語文學系,A,1,A,30,30,0,0,true,false,2026-08-29T21:00:11+00:00,ok
115-1-EL-A601-A-1-A,115,1,A601,越南文化概論,EL,東亞語文學系,A,1,A,30,30,0,0,true,false,2026-08-29T21:00:11+00:00,ok
115-1-EL-A02A-A-2-A,115,1,A02A,日語聽講實習I,EL,東亞語文學系,A,2,A,30,16,0,14,false,false,2026-08-29T21:00:11+00:00,ok
115-1-EL-A071-A-2-A,115,1,A071,韓語聽講實習Ⅰ,EL,東亞語文學系,A,2,A,30,22,0,8,false,false,2026-08-29T21:00:11+00:00,ok
115-1-EL-A101-A-2-A,115,1,A101,越語聽講實習Ⅰ,EL,東亞語文學系,A,2,A,30,11,0,19,false,false,2026-08-29T21:00:11+00:00,ok
115-1-EL-A523-A-2-A,115,1,A523,越南近現代史,EL,東亞語文學系,A,2,A,30,30,0,0,true,false,2026-08-29T21:00:11+00:00,ok
115-1-EL-B10A-A-2-A,115,1,B10A,中級日語 I,EL,東亞語文學系,A,2,A,30,19,0,11,false,false,2026-08-29T21:00:11+00:00,ok
115-1-EL-B11C-A-2-A,115,1,B11C,中級韓語 I,EL,東亞語文學系,A,2,A,30,19,0,11,false,false,2026-08-29T21:00:11+00:00,ok
115-1-EL-B12C-A-2-A,115,1,B12C,中級越語 I,EL,東亞語文學系,A,2,A,30,12,0,18,false,false,2026-08-29T21:00:11+00:00,ok
115-1-EL-B13D-A-2-A,115,1,B13D,中級韓語會話I,EL,東亞語文學系,A,2,A,30,18,0,12,false,false,2026-08-29T21:00:11+00:00,ok
115-1-EL-B14A-A-2-A,115,1,B14A,中級日語會話I,EL,東亞語文學系,A,2,A,30,16,0,14,false,false,2026-08-29T21:00:11+00:00,ok
115-1-EL-B15A-A-2-A,115,1,B15A,中級越語會話I,EL,東亞語文學系,A,2,A,30,15,0,15,false,false,2026-08-29T21:00:11+00:00,ok
115-1-EL-B171-A-2-A,115,1,B171,日語習作I,EL,東亞語文學系,A,2,A,30,28,0,2,false,false,2026-08-29T21:00:11+00:00,ok
115-1-EL-B19A-A-2-A,115,1,B19A,韓語習作I,EL,東亞語文學系,A,2,A,30,20,0,10,false,false,2026-08-29T21:00:11+00:00,ok
115-1-EL-B21A-A-2-A,115,1,B21A,越語習作I,EL,東亞語文學系,A,2,A,30,14,0,16,false,false,2026-08-29T21:00:11+00:00,ok
115-1-EL-B221-A-2-A,115,1,B221,東亞經濟概論,EL,東亞語文學系,A,2,A,30,23,0,7,false,false,2026-08-29T21:00:11+00:00,ok
115-1-EL-B516-A-2-A,115,1,B516,韓國經貿政策,EL,東亞語文學系,A,2,A,30,30,0,0,true,false,2026-08-29T21:00:11+00:00,ok
115-1-EL-B557-A-2-A,115,1,B557,東亞企業創新與轉型,EL,東亞語文學系,A,2,A,30,13,0,17,false,false,2026-08-29T21:00:11+00:00,ok
115-1-EL-B56A-A-2-A,115,1,B56A,文學跨界讀寫Ⅰ,EL,東亞語文學系,A,2,A,30,30,0,0,true,false,2026-08-29T21:00:11+00:00,ok
115-1-EL-D600-A-2-A,115,1,D600,勞資關係法制與實用,EL,東亞語文學系,A,2,A,60,60,0,0,true,false,2026-08-29T21:00:11+00:00,ok
115-1-EL-F582-A-2-A,115,1,F582,語言與營銷,EL,東亞語文學系,A,2,A,30,7,0,23,false,false,2026-08-29T21:00:11+00:00,ok
115-1-EL-C66A-A-3-A,115,1,C66A,高級日語會話Ⅰ,EL,東亞語文學系,A,3,A,30,24,0,6,false,false,2026-08-29T21:00:11+00:00,ok
115-1-EL-C68C-A-3-A,115,1,C68C,高級韓語會話I,EL,東亞語文學系,A,3,A,30,22,0,8,false,false,2026-08-29T21:00:11+00:00,ok
115-1-EL-D01C-A-4-A,115,1,D01C,韓語口譯I,EL,東亞語文學系,A,4,A,30,22,0,8,false,false,2026-08-29T21:00:11+00:00,ok
115-1-EL-D101-A-4-A,115,1,D101,進階日語習作 I,EL,東亞語文學系,A,4,A,30,22,0,8,false,false,2026-08-29T21:00:11+00:00,ok
115-1-EL-D102-A-4-A,115,1,D102,進階越語習作 I,EL,東亞語文學系,A,4,A,30,8,0,22,false,false,2026-08-29T21:00:11+00:00,ok
115-1-EL-D103-A-4-A,115,1,D103,進階韓語習作 I,EL,東亞語文學系,A,4,A,30,24,0,6,false,false,2026-08-29T21:00:11+00:00,ok
115-1-EL-D12A-A-4-A,115,1,D12A,東亞語文實作(越語),EL,東亞語文學系,A,4,A,30,2,0,28,false,false,2026-08-29T21:00:11+00:00,ok
115-1-EL-D12B-A-4-A,115,1,D12B,東亞語文實作(日語),EL,東亞語文學系,A,4,A,30,7,0,23,false,false,2026-08-29T21:00:11+00:00,ok
115-1-EL-D12C-A-4-A,115,1,D12C,東亞語文實作(韓語),EL,東亞語文學系,A,4,A,30,5,0,25,false,false,2026-08-29T21:00:11+00:00,ok
115-1-EL-D50B-A-4-A,115,1,D50B,越語口譯 I,EL,東亞語文學系,A,4,A,30,8,0,22,false,false,2026-08-29T21:00:11+00:00,ok
115-1-EL-D57A-A-4-A,115,1,D57A,韓國社會概論I,EL,東亞語文學系,A,4,A,30,19,0,11,false,false,2026-08-29T21:00:11+00:00,ok
115-1-EL-D581-A-4-A,115,1,D581,新聞日語聽力練習,EL,東亞語文學系,A,4,A,30,19,0,11,false,false,2026-08-29T21:00:11+00:00,ok
115-1-EL-D643-A-4-A,115,1,D643,亞洲共同體講座,EL,東亞語文學系,A,4,A,100,33,0,67,false,false,2026-08-29T21:00:11+00:00,ok
115-1-EL-F555-A-4-A,115,1,F555,東亞人資管理,EL,東亞語文學系,A,4,A,30,6,0,24,false,false,2026-08-29T21:00:11+00:00,ok
115-1-EL-F56B-A-4-A,115,1,F56B,日語口譯I,EL,東亞語文學系,A,4,A,30,22,0,8,false,false,2026-08-29T21:00:11+00:00,ok
115-1-EL-F501-M-1-,115,1,F501,研究方法論,EL,東亞語文學系,M,1,,30,5,0,25,false,false,2026-08-29T21:00:11+00:00,ok
115-1-EL-F547-M-1-,115,1,F547,韓國的軟實力與公共外交,EL,東亞語文學系,M,1,,30,13,0,17,false,false,2026-08-29T21:00:11+00:00,ok
115-1-EL-F514-M-2-,115,1,F514,韓語談話表現研究,EL,東亞語文學系,M,2,,30,5,0,25,false,false,2026-08-29T21:00:11+00:00,ok
115-1-EL-F519-M-2-,115,1,F519,韓中對照研究及應用,EL,東亞語文學系,M,2,,30,4,0,26,false,false,2026-08-29T21:00:11+00:00,ok
115-1-EL-F525-M-2-,115,1,F525,越南社會研究,EL,東亞語文學系,M,2,,30,14,0,16,false,false,2026-08-29T21:00:11+00:00,ok
115-1-KH-A082-A-1-A,115,1,A082,運動健康與休閒學導論,KH,運動健康與休閒學系,A,1,A,70,70,0,0,true,false,2026-08-29T16:47:50+00:00,ok
115-1-KH-A19C-A-1-A,115,1,A19C,人體解剖生理學(含實驗)(1),KH,運動健康與休閒學系,A,1,A,70,70,0,0,true,false,2026-08-29T16:47:50+00:00,ok
115-1-KH-A512-A-1-A,115,1,A512,休閒與健康生活,KH,運動健康與休閒學系,A,1,A,50,50,0,0,true,false,2026-08-29T16:47:50+00:00,ok
115-1-KH-A513-A-1-A,115,1,A513,運動技能學習,KH,運動健康與休閒學系,A,1,A,50,43,0,7,false,false,2026-08-29T16:47:50+00:00,ok
115-1-KH-A515-A-1-A,115,1,A515,運動科學,KH,運動健康與休閒學系,A,1,A,50,30,0,20,false,false,2026-08-29T16:47:50+00:00,ok
115-1-KH-A522-A-1-A,115,1,A522,生命科學導論,KH,運動健康與休閒學系,A,1,A,50,50,0,0,true,false,2026-08-29T16:47:50+00:00,ok
115-1-KH-A532-A-1-A,115,1,A532,社會學,KH,運動健康與休閒學系,A,1,A,50,50,0,0,true,false,2026-08-29T16:47:50+00:00,ok
115-1-KH-A591-A-1-A,115,1,A591,基礎阻力訓練,KH,運動健康與休閒學系,A,1,A,50,36,0,14,false,false,2026-08-29T16:47:50+00:00,ok
115-1-KH-B562-A-1-A,115,1,B562,團康活動理論與實務,KH,運動健康與休閒學系,A,1,A,50,32,0,18,false,false,2026-08-29T16:47:50+00:00,ok
115-1-KH-A533-A-2-A,115,1,A533,管理學,KH,運動健康與休閒學系,A,2,A,50,23,0,27,false,false,2026-08-29T16:47:50+00:00,ok
115-1-KH-B022-A-2-A,115,1,B022,健康心理學,KH,運動健康與休閒學系,A,2,A,60,48,0,12,false,false,2026-08-29T16:47:50+00:00,ok
115-1-KH-B212-A-2-A,115,1,B212,健康體適能,KH,運動健康與休閒學系,A,2,A,60,60,0,0,true,false,2026-08-29T16:47:50+00:00,ok
115-1-KH-B222-A-2-A,115,1,B222,健康飲食,KH,運動健康與休閒學系,A,2,A,100,90,0,10,false,false,2026-08-29T16:47:50+00:00,ok
115-1-KH-B533-A-2-A,115,1,B533,統計學(含實習),KH,運動健康與休閒學系,A,2,A,50,33,0,17,false,false,2026-08-29T16:47:50+00:00,ok
115-1-KH-B571-A-2-A,115,1,B571,旅遊日語-初級,KH,運動健康與休閒學系,A,2,A,50,27,0,23,false,false,2026-08-29T16:47:50+00:00,ok
115-1-KH-B572-A-2-A,115,1,B572,旅遊英語-初級,KH,運動健康與休閒學系,A,2,A,50,31,0,19,false,false,2026-08-29T16:47:50+00:00,ok
115-1-KH-B582-A-2-A,115,1,B582,導遊與領隊實務,KH,運動健康與休閒學系,A,2,A,50,22,0,28,false,false,2026-08-29T16:47:50+00:00,ok
115-1-KH-B591-A-2-A,115,1,B591,觀光學,KH,運動健康與休閒學系,A,2,A,50,14,0,36,false,false,2026-08-29T16:47:50+00:00,ok
115-1-KH-B602-A-2-A,115,1,B602,基礎按摩學,KH,運動健康與休閒學系,A,2,A,50,50,0,0,true,false,2026-08-29T16:47:50+00:00,ok
115-1-KH-B603-A-2-A,115,1,B603,有氧運動,KH,運動健康與休閒學系,A,2,A,50,21,0,29,false,false,2026-08-29T16:47:50+00:00,ok
115-1-KH-B613-A-2-A,115,1,B613,運動活動理論與實務,KH,運動健康與休閒學系,A,2,A,50,8,0,42,false,false,2026-08-29T16:47:50+00:00,ok
115-1-KH-B621-A-2-A,115,1,B621,安全教育與急救學(含實驗),KH,運動健康與休閒學系,A,2,A,50,30,0,20,false,false,2026-08-29T16:47:50+00:00,ok
115-1-KH-B651-A-2-A,115,1,B651,休閒規劃與活躍生活,KH,運動健康與休閒學系,A,2,A,50,18,0,32,false,false,2026-08-29T16:47:50+00:00,ok
115-1-KH-C642-A-2-A,115,1,C642,導覽解說教育,KH,運動健康與休閒學系,A,2,A,50,32,0,18,false,false,2026-08-29T16:47:50+00:00,ok
115-1-KH-D584-A-2-A,115,1,D584,運動傷害防護儀器之運用,KH,運動健康與休閒學系,A,2,A,30,30,0,0,true,false,2026-08-29T16:47:50+00:00,ok
115-1-KH-B512-A-3-A,115,1,B512,運動生物化學(含實驗),KH,運動健康與休閒學系,A,3,A,50,27,0,23,false,false,2026-08-29T16:47:50+00:00,ok
115-1-KH-B581-A-3-A,115,1,B581,人力資源管理,KH,運動健康與休閒學系,A,3,A,50,27,0,23,false,false,2026-08-29T16:47:50+00:00,ok
115-1-KH-B597-A-3-A,115,1,B597,運動傷害貼紮,KH,運動健康與休閒學系,A,3,A,30,29,0,1,false,false,2026-08-29T16:47:50+00:00,ok
115-1-KH-C192-A-3-A,115,1,C192,個人自我健康照顧,KH,運動健康與休閒學系,A,3,A,60,51,0,9,false,false,2026-08-29T16:47:50+00:00,ok
115-1-KH-C552-A-3-A,115,1,C552,運動處方,KH,運動健康與休閒學系,A,3,A,50,0,0,50,false,false,2026-08-29T16:47:50+00:00,ok
115-1-KH-C572-A-3-A,115,1,C572,人體肌肉動力學,KH,運動健康與休閒學系,A,3,A,50,24,0,26,false,false,2026-08-29T16:47:50+00:00,ok
115-1-KH-C582-A-3-A,115,1,C582,行為改變策略與應用,KH,運動健康與休閒學系,A,3,A,50,27,0,23,false,false,2026-08-29T16:47:50+00:00,ok
115-1-KH-C593-A-3-A,115,1,C593,戶外休閒活動,KH,運動健康與休閒學系,A,3,A,50,26,0,24,false,false,2026-08-29T16:47:50+00:00,ok
115-1-KH-C598-A-3-A,115,1,C598,休閒活動設計與評估,KH,運動健康與休閒學系,A,3,A,50,21,0,29,false,false,2026-08-29T16:47:50+00:00,ok
115-1-KH-C627-A-3-A,115,1,C627,匹克球,KH,運動健康與休閒學系,A,3,A,50,26,0,24,false,false,2026-08-29T16:47:50+00:00,ok
115-1-KH-C683-A-3-A,115,1,C683,健康檢查與評估,KH,運動健康與休閒學系,A,3,A,50,29,0,21,false,false,2026-08-29T16:47:50+00:00,ok
115-1-KH-D535-A-3-A,115,1,D535,運動場域安全概論,KH,運動健康與休閒學系,A,3,A,50,11,0,39,false,false,2026-08-29T16:47:50+00:00,ok
115-1-KH-D562-A-3-A,115,1,D562,運動休閒行銷,KH,運動健康與休閒學系,A,3,A,50,10,0,40,false,false,2026-08-29T16:47:50+00:00,ok
115-1-KH-A511-A-4-A,115,1,A511,休閒文獻選讀,KH,運動健康與休閒學系,A,4,A,50,4,0,46,false,false,2026-08-29T16:47:50+00:00,ok
115-1-KH-D032-A-4-A,115,1,D032,運動健康與休閒學實作,KH,運動健康與休閒學系,A,4,A,60,48,0,12,false,false,2026-08-29T16:47:50+00:00,ok
115-1-KH-D131-A-4-A,115,1,D131,社區健康營造,KH,運動健康與休閒學系,A,4,A,60,46,0,14,false,false,2026-08-29T16:47:50+00:00,ok
115-1-KH-D503-A-4-A,115,1,D503,高齡者運動理論與實務,KH,運動健康與休閒學系,A,4,A,50,25,0,25,false,false,2026-08-29T16:47:50+00:00,ok
115-1-KH-D522-A-4-A,115,1,D522,適能瑜珈,KH,運動健康與休閒學系,A,4,A,15,15,0,0,true,false,2026-08-29T16:47:50+00:00,ok
115-1-KH-D564-A-4-A,115,1,D564,人體運動學,KH,運動健康與休閒學系,A,4,A,50,13,0,37,false,false,2026-08-29T16:47:50+00:00,ok
115-1-KH-D585-A-4-A,115,1,D585,運動保健之經營與管理,KH,運動健康與休閒學系,A,4,A,50,26,0,24,false,false,2026-08-29T16:47:50+00:00,ok
115-1-KH-T00A-L-1-,115,1,T00A,專題討論(一),KH,運動健康與休閒學系,L,1,,30,12,0,18,false,false,2026-08-29T16:47:50+00:00,ok
115-1-KH-T011-L-1-,115,1,T011,運動健康與休閒研究方法,KH,運動健康與休閒學系,L,1,,30,12,0,18,false,false,2026-08-29T16:47:50+00:00,ok
115-1-KH-T021-L-1-,115,1,T021,統計分析(含實習),KH,運動健康與休閒學系,L,1,,30,12,0,18,false,false,2026-08-29T16:47:50+00:00,ok
115-1-KH-T501-L-1-,115,1,T501,人體解剖學特論,KH,運動健康與休閒學系,L,1,,30,10,0,20,false,false,2026-08-29T16:47:50+00:00,ok
115-1-KH-T504-L-1-,115,1,T504,休閒旅遊與健康特論,KH,運動健康與休閒學系,L,1,,30,13,0,17,false,false,2026-08-29T16:47:50+00:00,ok
115-1-KH-U001-L-2-,115,1,U001,碩士論文(一),KH,運動健康與休閒學系,L,2,,30,8,0,22,false,false,2026-08-29T16:47:50+00:00,ok
115-1-KH-U011-L-2-,115,1,U011,學術論文寫作,KH,運動健康與休閒學系,L,2,,30,8,0,22,false,false,2026-08-29T16:47:50+00:00,ok
115-1-KH-F012-M-1-,115,1,F012,專題討論(一),KH,運動健康與休閒學系,M,1,,30,5,0,25,false,false,2026-08-29T16:47:50+00:00,ok
115-1-KH-F021-M-1-,115,1,F021,統計分析(含實習),KH,運動健康與休閒學系,M,1,,30,5,0,25,false,false,2026-08-29T16:47:50+00:00,ok
115-1-KH-F031-M-1-,115,1,F031,運動健康與休閒研究方法,KH,運動健康與休閒學系,M,1,,30,5,0,25,false,false,2026-08-29T16:47:50+00:00,ok
115-1-KH-F501-M-1-,115,1,F501,旅遊醫學與健康,KH,運動健康與休閒學系,M,1,,30,7,0,23,false,false,2026-08-29T16:47:50+00:00,ok
115-1-KH-F516-M-1-,115,1,F516,健身運動心理學專題討論,KH,運動健康與休閒學系,M,1,,30,4,0,26,false,false,2026-08-29T16:47:50+00:00,ok
115-1-KH-F602-M-1-,115,1,F602,肌力訓練特論,KH,運動健康與休閒學系,M,1,,30,3,0,27,false,false,2026-08-29T16:47:50+00:00,ok
115-1-KH-F014-M-2-,115,1,F014,專題討論(三),KH,運動健康與休閒學系,M,2,,30,5,0,25,false,false,2026-08-29T16:47:50+00:00,ok
115-1-WL-A04A-A-1-A,115,1,A04A,英文作文(一上)(A),WL,西洋語文學系,A,1,A,30,28,0,2,false,false,2026-08-29T21:00:11+00:00,ok
115-1-WL-A05A-A-1-A,115,1,A05A,英文作文(一上)(B),WL,西洋語文學系,A,1,A,30,14,0,16,false,false,2026-08-29T21:00:11+00:00,ok
115-1-WL-A07A-A-1-A,115,1,A07A,西洋文學概論(上),WL,西洋語文學系,A,1,A,50,41,0,9,false,false,2026-08-29T21:00:11+00:00,ok
115-1-WL-A08A-A-1-A,115,1,A08A,文學作品讀法(上),WL,西洋語文學系,A,1,A,50,41,0,9,false,false,2026-08-29T21:00:11+00:00,ok
115-1-WL-A23A-A-1-A,115,1,A23A,英語聽力與會話(一上)(A),WL,西洋語文學系,A,1,A,30,26,0,4,false,false,2026-08-29T21:00:11+00:00,ok
115-1-WL-A23B-A-1-A,115,1,A23B,英語聽力與會話(一上)(B),WL,西洋語文學系,A,1,A,30,15,0,15,false,false,2026-08-29T21:00:11+00:00,ok
115-1-WL-A51A-A-1-A,115,1,A51A,第二外語：法一(上),WL,西洋語文學系,A,1,A,30,24,0,6,false,false,2026-08-29T21:00:11+00:00,ok
115-1-WL-A52C-A-1-A,115,1,A52C,第二外語：德文一,WL,西洋語文學系,A,1,A,30,13,0,17,false,false,2026-08-29T21:00:11+00:00,ok
115-1-WL-A53A-A-1-A,115,1,A53A,第二外語：西一(上),WL,西洋語文學系,A,1,A,30,30,0,0,true,false,2026-08-29T21:00:11+00:00,ok
115-1-WL-B021-A-2-A,115,1,B021,進階英語聽力與會話(二上)(A),WL,西洋語文學系,A,2,A,20,18,0,2,false,false,2026-08-29T21:00:11+00:00,ok
115-1-WL-B022-A-2-A,115,1,B022,進階英語聽力與會話(二上)(B),WL,西洋語文學系,A,2,A,30,20,0,10,false,false,2026-08-29T21:00:11+00:00,ok
115-1-WL-B04A-A-2-A,115,1,B04A,英文作文(二上)(A),WL,西洋語文學系,A,2,A,30,19,0,11,false,false,2026-08-29T21:00:11+00:00,ok
115-1-WL-B05A-A-2-A,115,1,B05A,英文作文(二上)(B),WL,西洋語文學系,A,2,A,30,19,0,11,false,false,2026-08-29T21:00:11+00:00,ok
115-1-WL-B06A-A-2-A,115,1,B06A,英國文學史(一上),WL,西洋語文學系,A,2,A,50,38,0,12,false,false,2026-08-29T21:00:11+00:00,ok
115-1-WL-B07A-A-2-A,115,1,B07A,語言學概論(上),WL,西洋語文學系,A,2,A,50,37,0,13,false,false,2026-08-29T21:00:11+00:00,ok
115-1-WL-B51A-A-2-A,115,1,B51A,第二外語：法二(上),WL,西洋語文學系,A,2,A,30,24,0,6,false,false,2026-08-29T21:00:11+00:00,ok
115-1-WL-B53A-A-2-A,115,1,B53A,第二外語：西二(上),WL,西洋語文學系,A,2,A,30,17,0,13,false,false,2026-08-29T21:00:11+00:00,ok
115-1-WL-B58A-A-2-A,115,1,B58A,翻譯導論(上),WL,西洋語文學系,A,2,A,30,9,0,21,false,false,2026-08-29T21:00:11+00:00,ok
115-1-WL-C06A-A-3-A,115,1,C06A,英國文學史(二上),WL,西洋語文學系,A,3,A,50,38,0,12,false,false,2026-08-29T21:00:11+00:00,ok
115-1-WL-C07A-A-3-A,115,1,C07A,美國文學史(上),WL,西洋語文學系,A,3,A,50,38,0,12,false,false,2026-08-29T21:00:11+00:00,ok
115-1-WL-C64A-A-3-A,115,1,C64A,社會語言學(上),WL,西洋語文學系,A,3,A,30,23,0,7,false,false,2026-08-29T21:00:11+00:00,ok
115-1-WL-C69A-A-3-A,115,1,C69A,英美小說,WL,西洋語文學系,A,3,A,30,30,0,0,true,false,2026-08-29T21:00:11+00:00,ok
115-1-WL-C65A-A-4-A,115,1,C65A,英美戲劇(上),WL,西洋語文學系,A,4,A,30,30,0,0,true,false,2026-08-29T21:00:11+00:00,ok
115-1-WL-D67A-A-4-A,115,1,D67A,主要作家專題(上),WL,西洋語文學系,A,4,A,30,9,0,21,false,false,2026-08-29T21:00:11+00:00,ok
115-1-WL-F522-M-1-,115,1,F522,媒體與文化研究(上),WL,西洋語文學系,M,1,,30,7,0,23,false,false,2026-08-29T21:00:11+00:00,ok
115-1-WL-F531-M-1-,115,1,F531,莎士比亞與電影,WL,西洋語文學系,M,1,,30,7,0,23,false,false,2026-08-29T21:00:11+00:00,ok
115-1-WL-F564-M-1-,115,1,F564,聖經：農民、先知、修士、殖民者與商人,WL,西洋語文學系,M,1,,30,27,0,3,false,false,2026-08-29T21:00:11+00:00,ok
115-1-WL-F611-M-1-,115,1,F611,老化大腦與語言專題(一),WL,西洋語文學系,M,1,,21,21,0,0,true,false,2026-08-29T21:00:11+00:00,ok
115-1-WL-F614-M-1-,115,1,F614,電影研究專題(I),WL,西洋語文學系,M,1,,30,1,0,29,false,false,2026-08-29T21:00:11+00:00,ok
115-1-WL-F621-M-1-,115,1,F621,歐洲語言的語言學：語系關係、語言接觸、雙語主義及通用語言,WL,西洋語文學系,M,1,,30,6,0,24,false,false,2026-08-29T21:00:11+00:00,ok
115-1-WL-F03A-M-2-,115,1,F03A,論文指導(I),WL,西洋語文學系,M,2,,0,0,0,0,true,false,2026-08-29T21:00:11+00:00,ok
115-1-CC-C511-A-1-A,115,1,C511,科普讀物導讀,CC,核心通識,A,1,A,60,60,0,0,true,false,2026-08-29T21:00:11+00:00,ok
115-1-CC-C514-A-1-A,115,1,C514,科普讀物導讀,CC,核心通識,A,1,A,60,60,0,0,true,false,2026-08-29T21:00:11+00:00,ok
115-1-CC-C541-A-1-A,115,1,C541,科技與社會,CC,核心通識,A,1,A,60,60,0,0,true,false,2026-08-29T21:00:11+00:00,ok
115-1-CC-C542-A-1-A,115,1,C542,科技與社會,CC,核心通識,A,1,A,60,60,0,0,true,false,2026-08-29T21:00:11+00:00,ok
115-1-CC-C543-A-1-A,115,1,C543,科技與社會,CC,核心通識,A,1,A,60,37,0,23,false,false,2026-08-29T21:00:11+00:00,ok
115-1-CC-I111-A-1-A,115,1,I111,邏輯思維與論證,CC,核心通識,A,1,A,60,60,0,0,true,false,2026-08-29T21:00:11+00:00,ok
115-1-CC-I112-A-1-A,115,1,I112,邏輯思維與論證,CC,核心通識,A,1,A,60,60,0,0,true,false,2026-08-29T21:00:11+00:00,ok
115-1-CC-I121-A-1-A,115,1,I121,哲學基本問題,CC,核心通識,A,1,A,60,60,0,0,true,false,2026-08-29T21:00:11+00:00,ok
115-1-CC-I122-A-1-A,115,1,I122,哲學基本問題,CC,核心通識,A,1,A,60,60,0,0,true,false,2026-08-29T21:00:11+00:00,ok
115-1-CC-I123-A-1-A,115,1,I123,哲學基本問題,CC,核心通識,A,1,A,60,53,0,7,false,false,2026-08-29T21:00:11+00:00,ok
115-1-CC-I124-A-1-A,115,1,I124,哲學基本問題,CC,核心通識,A,1,A,60,31,0,29,false,false,2026-08-29T21:00:11+00:00,ok
115-1-CC-I211-A-1-A,115,1,I211,藝術概論,CC,核心通識,A,1,A,60,60,0,0,true,false,2026-08-29T21:00:11+00:00,ok
115-1-CC-I212-A-1-A,115,1,I212,藝術概論,CC,核心通識,A,1,A,60,60,0,0,true,false,2026-08-29T21:00:11+00:00,ok
115-1-CC-I213-A-1-A,115,1,I213,藝術概論,CC,核心通識,A,1,A,60,61,0,0,true,false,2026-08-29T21:00:11+00:00,ok
115-1-CC-I231-A-1-A,115,1,I231,藝術史概論,CC,核心通識,A,1,A,60,60,0,0,true,false,2026-08-29T21:00:11+00:00,ok
115-1-CC-I251-A-1-A,115,1,I251,台灣藝術史,CC,核心通識,A,1,A,60,60,0,0,true,false,2026-08-29T21:00:11+00:00,ok
115-1-CC-I252-A-1-A,115,1,I252,台灣藝術史,CC,核心通識,A,1,A,60,60,0,0,true,false,2026-08-29T21:00:11+00:00,ok
115-1-CC-O311-A-1-A,115,1,O311,法律與人生,CC,核心通識,A,1,A,60,60,0,0,true,false,2026-08-29T21:00:11+00:00,ok
115-1-CC-O312-A-1-A,115,1,O312,法律與人生,CC,核心通識,A,1,A,60,60,0,0,true,false,2026-08-29T21:00:11+00:00,ok
115-1-CC-O313-A-1-A,115,1,O313,法律與人生,CC,核心通識,A,1,A,60,60,0,0,true,false,2026-08-29T21:00:11+00:00,ok
115-1-CC-O314-A-1-A,115,1,O314,法律與人生,CC,核心通識,A,1,A,60,25,0,35,false,false,2026-08-29T21:00:11+00:00,ok
115-1-CC-O361-A-1-A,115,1,O361,媒體識讀與公民參與,CC,核心通識,A,1,A,75,75,0,0,true,false,2026-08-29T21:00:11+00:00,ok
115-1-CC-O362-A-1-A,115,1,O362,媒體識讀與公民參與,CC,核心通識,A,1,A,60,60,0,0,true,false,2026-08-29T21:00:11+00:00,ok
115-1-CC-O363-A-1-A,115,1,O363,媒體識讀與公民參與,CC,核心通識,A,1,A,60,60,0,0,true,false,2026-08-29T21:00:11+00:00,ok
115-1-CC-O411-A-1-A,115,1,O411,全球化與多元文化,CC,核心通識,A,1,A,60,60,0,0,true,false,2026-08-29T21:00:11+00:00,ok
115-1-CC-O412-A-1-A,115,1,O412,全球化與多元文化,CC,核心通識,A,1,A,60,60,0,0,true,false,2026-08-29T21:00:11+00:00,ok
115-1-CC-O413-A-1-A,115,1,O413,全球化與多元文化,CC,核心通識,A,1,A,60,60,0,0,true,false,2026-08-29T21:00:11+00:00,ok
115-1-CC-O451-A-1-A,115,1,O451,探索台灣-歷史與文化篇,CC,核心通識,A,1,A,60,60,0,0,true,false,2026-08-29T21:00:11+00:00,ok
115-1-CC-O452-A-1-A,115,1,O452,探索台灣-歷史與文化篇,CC,核心通識,A,1,A,60,59,0,1,false,false,2026-08-29T21:00:11+00:00,ok
115-1-CC-O461-A-1-A,115,1,O461,探索台灣-政經與文化篇,CC,核心通識,A,1,A,60,60,0,0,true,false,2026-08-29T21:00:11+00:00,ok
115-1-CC-O462-A-1-A,115,1,O462,探索台灣-政經與文化篇,CC,核心通識,A,1,A,60,60,0,0,true,false,2026-08-29T21:00:11+00:00,ok
115-1-CD-A063-A-1-A,115,1,A063,全民國防教育軍事訓練課程-全民國防,CD,全民國防教育類,A,1,A,80,80,0,0,true,false,2026-08-29T16:47:50+00:00,ok
115-1-CD-A064-A-1-A,115,1,A064,全民國防教育軍事訓練課程-全民國防,CD,全民國防教育類,A,1,A,80,80,0,0,true,false,2026-08-29T16:47:50+00:00,ok
115-1-GR-1103-A-1-A,115,1,1103,中文(上),GR,共同必修系列,A,1,A,60,60,0,0,true,false,2026-08-29T16:47:50+00:00,ok
115-1-GR-1203-A-1-A,115,1,1203,中文(上),GR,共同必修系列,A,1,A,60,60,0,0,true,false,2026-08-29T16:47:50+00:00,ok
115-1-GR-1503-A-1-A,115,1,1503,中文(上),GR,共同必修系列,A,1,A,60,33,0,27,false,false,2026-08-29T16:47:50+00:00,ok
115-1-GR-1703-A-1-A,115,1,1703,中文(上),GR,共同必修系列,A,1,A,60,28,0,32,false,false,2026-08-29T16:47:50+00:00,ok
115-1-GR-2103-A-1-A,115,1,2103,中文(上),GR,共同必修系列,A,1,A,60,60,0,0,true,false,2026-08-29T16:47:50+00:00,ok
115-1-GR-2303-A-1-A,115,1,2303,中文(上),GR,共同必修系列,A,1,A,60,60,0,0,true,false,2026-08-29T16:47:50+00:00,ok
115-1-GR-3103-A-1-A,115,1,3103,中文(上),GR,共同必修系列,A,1,A,60,60,0,0,true,false,2026-08-29T16:47:50+00:00,ok
115-1-GR-3203-A-1-A,115,1,3203,中文(上),GR,共同必修系列,A,1,A,60,52,0,8,false,false,2026-08-29T16:47:50+00:00,ok
115-1-GR-4103-A-1-A,115,1,4103,中文(上),GR,共同必修系列,A,1,A,60,60,0,0,true,false,2026-08-29T16:47:50+00:00,ok
115-1-GR-4203-A-1-A,115,1,4203,中文(上),GR,共同必修系列,A,1,A,60,60,0,0,true,false,2026-08-29T16:47:50+00:00,ok
115-1-GR-4303-A-1-A,115,1,4303,中文(上),GR,共同必修系列,A,1,A,60,57,0,3,false,false,2026-08-29T16:47:50+00:00,ok
115-1-GR-5103-A-1-A,115,1,5103,中文(上),GR,共同必修系列,A,1,A,60,29,0,31,false,false,2026-08-29T16:47:50+00:00,ok
115-1-GR-5203-A-1-A,115,1,5203,中文(上),GR,共同必修系列,A,1,A,60,17,0,43,false,false,2026-08-29T16:47:50+00:00,ok
115-1-GR-5303-A-1-A,115,1,5303,中文(上),GR,共同必修系列,A,1,A,60,40,0,20,false,false,2026-08-29T16:47:50+00:00,ok
115-1-GR-5403-A-1-A,115,1,5403,中文(上),GR,共同必修系列,A,1,A,60,31,0,29,false,false,2026-08-29T16:47:50+00:00,ok
115-1-GR-5603-A-1-A,115,1,5603,中文(上),GR,共同必修系列,A,1,A,60,33,0,27,false,false,2026-08-29T16:47:50+00:00,ok
115-1-GR-5703-A-1-A,115,1,5703,中文(上),GR,共同必修系列,A,1,A,60,13,0,47,false,false,2026-08-29T16:47:50+00:00,ok
115-1-GR-5903-A-1-A,115,1,5903,中文(上),GR,共同必修系列,A,1,A,60,60,0,0,true,false,2026-08-29T16:47:50+00:00,ok
115-1-GR-6103-A-1-A,115,1,6103,中文(上),GR,共同必修系列,A,1,A,60,60,0,0,true,false,2026-08-29T16:47:50+00:00,ok
115-1-GR-6203-A-1-A,115,1,6203,中文(上),GR,共同必修系列,A,1,A,60,21,0,39,false,false,2026-08-29T16:47:50+00:00,ok
115-1-GR-6303-A-1-A,115,1,6303,中文(上),GR,共同必修系列,A,1,A,60,22,0,38,false,false,2026-08-29T16:47:50+00:00,ok
115-1-GR-8105-A-1-A,115,1,8105,中文(上)-僑外班,GR,共同必修系列,A,1,A,0,0,0,0,true,false,2026-08-29T16:47:50+00:00,ok
115-1-GR-A0A1-A-1-A,115,1,A0A1,英語會話與閱讀(上)：高階班,GR,共同必修系列,A,1,A,40,23,0,17,false,false,2026-08-29T16:47:50+00:00,ok
115-1-GR-A0A2-A-1-A,115,1,A0A2,英語會話與閱讀(上)：高階班,GR,共同必修系列,A,1,A,40,40,0,0,true,false,2026-08-29T16:47:50+00:00,ok
115-1-GR-A0B1-A-1-A,115,1,A0B1,英語會話與閱讀(上)：中階班,GR,共同必修系列,A,1,A,40,32,0,8,false,false,2026-08-29T16:47:50+00:00,ok
115-1-GR-A0B2-A-1-A,115,1,A0B2,英語會話與閱讀(上)：中階班,GR,共同必修系列,A,1,A,40,24,0,16,false,false,2026-08-29T16:47:50+00:00,ok
115-1-GR-A0B3-A-1-A,115,1,A0B3,英語會話與閱讀(上)：中階班,GR,共同必修系列,A,1,A,40,37,0,3,false,false,2026-08-29T16:47:50+00:00,ok
115-1-GR-A0B4-A-1-A,115,1,A0B4,英語會話與閱讀(上)：中階班,GR,共同必修系列,A,1,A,40,13,0,27,false,false,2026-08-29T16:47:50+00:00,ok
115-1-GR-A0B5-A-1-A,115,1,A0B5,英語會話與閱讀(上)：中階班,GR,共同必修系列,A,1,A,40,40,0,0,true,false,2026-08-29T16:47:50+00:00,ok
115-1-GR-A0B6-A-1-A,115,1,A0B6,英語會話與閱讀(上)：中階班,GR,共同必修系列,A,1,A,40,40,0,0,true,false,2026-08-29T16:47:50+00:00,ok
115-1-GR-A0B7-A-1-A,115,1,A0B7,英語會話與閱讀(上)：中階班,GR,共同必修系列,A,1,A,40,40,0,0,true,false,2026-08-29T16:47:50+00:00,ok
115-1-GR-A0D1-A-1-A,115,1,A0D1,英語會話與閱讀(上)：中初階班,GR,共同必修系列,A,1,A,45,45,0,0,true,false,2026-08-29T16:47:50+00:00,ok
115-1-GR-A0D2-A-1-A,115,1,A0D2,英語會話與閱讀(上)：中初階班,GR,共同必修系列,A,1,A,45,21,0,24,false,false,2026-08-29T16:47:50+00:00,ok
115-1-GR-A0D3-A-1-A,115,1,A0D3,英語會話與閱讀(上)：中初階班,GR,共同必修系列,A,1,A,45,45,0,0,true,false,2026-08-29T16:47:50+00:00,ok
115-1-GR-A0D4-A-1-A,115,1,A0D4,英語會話與閱讀(上)：中初階班,GR,共同必修系列,A,1,A,45,43,0,2,false,false,2026-08-29T16:47:50+00:00,ok
115-1-GR-A13A-A-1-A,115,1,A13A,體育(一)-藝創系,GR,共同必修系列,A,1,A,60,49,0,11,false,false,2026-08-29T16:47:50+00:00,ok
115-1-GR-A14A-A-1-A,115,1,A14A,體育(一)-建築系,GR,共同必修系列,A,1,A,60,35,0,25,false,false,2026-08-29T16:47:50+00:00,ok
115-1-GR-A1C0-A-1-A,115,1,A1C0,英語會話與閱讀(上)：初階班,GR,共同必修系列,A,1,A,50,50,0,0,true,false,2026-08-29T16:47:50+00:00,ok
115-1-GR-A1C1-A-1-A,115,1,A1C1,英語會話與閱讀(上)：初階班,GR,共同必修系列,A,1,A,50,50,0,0,true,false,2026-08-29T16:47:50+00:00,ok
115-1-GR-A1C2-A-1-A,115,1,A1C2,英語會話與閱讀(上)：初階班,GR,共同必修系列,A,1,A,50,14,0,36,false,false,2026-08-29T16:47:50+00:00,ok
115-1-GR-A1C3-A-1-A,115,1,A1C3,英語會話與閱讀(上)：初階班,GR,共同必修系列,A,1,A,50,11,0,39,false,false,2026-08-29T16:47:50+00:00,ok
115-1-GR-A1C4-A-1-A,115,1,A1C4,英語會話與閱讀(上)：初階班,GR,共同必修系列,A,1,A,50,24,0,26,false,false,2026-08-29T16:47:50+00:00,ok
115-1-GR-A1C6-A-1-A,115,1,A1C6,英語會話與閱讀(上)：初階班,GR,共同必修系列,A,1,A,50,32,0,18,false,false,2026-08-29T16:47:50+00:00,ok
115-1-GR-A1C7-A-1-A,115,1,A1C7,英語會話與閱讀(上)：初階班,GR,共同必修系列,A,1,A,50,50,0,0,true,false,2026-08-29T16:47:50+00:00,ok
115-1-GR-A1C8-A-1-A,115,1,A1C8,英語會話與閱讀(上)：初階班,GR,共同必修系列,A,1,A,50,15,0,35,false,false,2026-08-29T16:47:50+00:00,ok
115-1-GR-A1C9-A-1-A,115,1,A1C9,英語會話與閱讀(上)：初階班,GR,共同必修系列,A,1,A,50,50,0,0,true,false,2026-08-29T16:47:50+00:00,ok
115-1-GR-A2C2-A-1-A,115,1,A2C2,英語會話與閱讀(上)：初階班,GR,共同必修系列,A,1,A,55,52,0,3,false,false,2026-08-29T16:47:50+00:00,ok
115-1-GR-A99A-A-1-A,115,1,A99A,適應體育,GR,共同必修系列,A,1,A,0,0,0,0,true,false,2026-08-29T16:47:50+00:00,ok
115-1-GR-ES11-A-1-A,115,1,ES11,企業倫理與永續,GR,共同必修系列,A,1,A,60,60,0,0,true,false,2026-08-29T16:47:50+00:00,ok
115-1-GR-ES12-A-1-A,115,1,ES12,企業倫理與永續,GR,共同必修系列,A,1,A,60,60,0,0,true,false,2026-08-29T16:47:50+00:00,ok
115-1-GR-ES31-A-1-A,115,1,ES31,科技倫理與永續,GR,共同必修系列,A,1,A,60,60,0,0,true,false,2026-08-29T16:47:50+00:00,ok
115-1-GR-ES32-A-1-A,115,1,ES32,科技倫理與永續,GR,共同必修系列,A,1,A,60,60,0,0,true,false,2026-08-29T16:47:50+00:00,ok
115-1-GR-ES33-A-1-A,115,1,ES33,科技倫理與永續,GR,共同必修系列,A,1,A,60,39,0,21,false,false,2026-08-29T16:47:50+00:00,ok
115-1-GR-ES51-A-1-A,115,1,ES51,環境倫理與永續,GR,共同必修系列,A,1,A,60,60,0,0,true,false,2026-08-29T16:47:50+00:00,ok
115-1-GR-ES52-A-1-A,115,1,ES52,環境倫理與永續,GR,共同必修系列,A,1,A,60,39,0,21,false,false,2026-08-29T16:47:50+00:00,ok
115-1-GR-ES53-A-1-A,115,1,ES53,環境倫理與永續,GR,共同必修系列,A,1,A,60,44,0,16,false,false,2026-08-29T16:47:50+00:00,ok
115-1-GR-ME21-A-1-A,115,1,ME21,英文增能,GR,共同必修系列,A,1,A,50,44,0,6,false,false,2026-08-29T16:47:50+00:00,ok
115-1-GR-ME22-A-1-A,115,1,ME22,英文增能,GR,共同必修系列,A,1,A,50,35,0,15,false,false,2026-08-29T16:47:50+00:00,ok
115-1-GR-S11A-A-1-A,115,1,S11A,體育(一)-西語系,GR,共同必修系列,A,1,A,60,35,0,25,false,false,2026-08-29T16:47:50+00:00,ok
115-1-GR-S12A-A-1-A,115,1,S12A,體育(一)-運健休系,GR,共同必修系列,A,1,A,65,59,0,6,false,false,2026-08-29T16:47:50+00:00,ok
115-1-GR-S17A-A-1-A,115,1,S17A,體育(一)-東語系,GR,共同必修系列,A,1,A,60,41,0,19,false,false,2026-08-29T16:47:50+00:00,ok
115-1-GR-S18A-A-1-A,115,1,S18A,體育(一)-運技系,GR,共同必修系列,A,1,A,60,46,0,14,false,false,2026-08-29T16:47:50+00:00,ok
115-1-GR-S21A-A-1-A,115,1,S21A,體育(一)-法律系,GR,共同必修系列,A,1,A,60,51,0,9,false,false,2026-08-29T16:47:50+00:00,ok
115-1-GR-S22A-A-1-A,115,1,S22A,體育(一)-政法系,GR,共同必修系列,A,1,A,60,50,0,10,false,false,2026-08-29T16:47:50+00:00,ok
115-1-GR-S23A-A-1-A,115,1,S23A,體育(一)-財法系,GR,共同必修系列,A,1,A,60,38,0,22,false,false,2026-08-29T16:47:50+00:00,ok
115-1-GR-S31A-A-1-A,115,1,S31A,體育(一)-應經系,GR,共同必修系列,A,1,A,60,50,0,10,false,false,2026-08-29T16:47:50+00:00,ok
115-1-GR-S32C-A-1-A,115,1,S32C,體育(一)-財金系,GR,共同必修系列,A,1,A,60,46,0,14,false,false,2026-08-29T16:47:50+00:00,ok
115-1-GR-S33A-A-1-A,115,1,S33A,體育(一)-資管系,GR,共同必修系列,A,1,A,60,43,0,17,false,false,2026-08-29T16:47:50+00:00,ok
115-1-GR-S41A-A-1-A,115,1,S41A,體育(一)-應數系,GR,共同必修系列,A,1,A,60,47,0,13,false,false,2026-08-29T16:47:50+00:00,ok
115-1-GR-S42A-A-1-A,115,1,S42A,體育(一)-應化系,GR,共同必修系列,A,1,A,60,44,0,16,false,false,2026-08-29T16:47:50+00:00,ok
115-1-GR-S43A-A-1-A,115,1,S43A,體育(一)-應物系,GR,共同必修系列,A,1,A,60,44,0,16,false,false,2026-08-29T16:47:50+00:00,ok
115-1-GR-S51A-A-1-A,115,1,S51A,體育(一)-電機A,GR,共同必修系列,A,1,A,60,51,0,9,false,false,2026-08-29T16:47:50+00:00,ok
115-1-GR-S51C-A-1-A,115,1,S51C,體育(一)-電機B,GR,共同必修系列,A,1,A,60,51,0,9,false,false,2026-08-29T16:47:50+00:00,ok
115-1-GR-S52A-A-1-A,115,1,S52A,體育(一)-土環系A,GR,共同必修系列,A,1,A,60,49,0,11,false,false,2026-08-29T16:47:50+00:00,ok
115-1-GR-S55A-A-1-A,115,1,S55A,體育(一)-資工系,GR,共同必修系列,A,1,A,60,40,0,20,false,false,2026-08-29T16:47:50+00:00,ok
115-1-GR-S56A-A-1-A,115,1,S56A,體育(一)-化材系,GR,共同必修系列,A,1,A,60,41,0,19,false,false,2026-08-29T16:47:50+00:00,ok
115-1-GR-S61A-A-1-A,115,1,S61A,體育(一)-生科系,GR,共同必修系列,A,1,A,60,34,0,26,false,false,2026-08-29T16:47:50+00:00,ok
115-1-GR-S71A-A-1-A,115,1,S71A,體育(一)-亞太系,GR,共同必修系列,A,1,A,70,60,0,10,false,false,2026-08-29T16:47:50+00:00,ok
115-1-GR-SA01-A-2-A,115,1,SA01,體育(三)-網球A,GR,共同必修系列,A,2,A,55,26,0,29,false,false,2026-08-29T16:47:50+00:00,ok
115-1-GR-SA11-A-2-A,115,1,SA11,體育(三)-桌球A,GR,共同必修系列,A,2,A,50,45,0,5,false,false,2026-08-29T16:47:50+00:00,ok
115-1-GR-SA12-A-2-A,115,1,SA12,體育(三)-桌球B,GR,共同必修系列,A,2,A,55,54,0,1,false,false,2026-08-29T16:47:50+00:00,ok
115-1-GR-SA13-A-2-A,115,1,SA13,體育(三)-桌球C,GR,共同必修系列,A,2,A,55,45,0,10,false,false,2026-08-29T16:47:50+00:00,ok
115-1-GR-SA14-A-2-A,115,1,SA14,體育(三)-桌球D,GR,共同必修系列,A,2,A,55,55,0,0,true,false,2026-08-29T16:47:50+00:00,ok
115-1-GR-SA21-A-2-A,115,1,SA21,體育(三)-木球A,GR,共同必修系列,A,2,A,50,30,0,20,false,false,2026-08-29T16:47:50+00:00,ok
115-1-GR-SA22-A-2-A,115,1,SA22,體育(三)-木球B,GR,共同必修系列,A,2,A,55,13,0,42,false,false,2026-08-29T16:47:50+00:00,ok
115-1-GR-SA31-A-2-A,115,1,SA31,體育(三)-羽球A,GR,共同必修系列,A,2,A,55,53,0,2,false,false,2026-08-29T16:47:50+00:00,ok
115-1-GR-SA32-A-2-A,115,1,SA32,體育(三)-羽球B,GR,共同必修系列,A,2,A,55,55,0,0,true,false,2026-08-29T16:47:50+00:00,ok
115-1-GR-SA33-A-2-A,115,1,SA33,體育(三)-羽球C,GR,共同必修系列,A,2,A,55,55,0,0,true,false,2026-08-29T16:47:50+00:00,ok
115-1-GR-SA41-A-2-A,115,1,SA41,體育(三)-壘球A,GR,共同必修系列,A,2,A,55,11,0,44,false,false,2026-08-29T16:47:50+00:00,ok
115-1-GR-SA42-A-2-A,115,1,SA42,體育(三)-壘球B,GR,共同必修系列,A,2,A,50,18,0,32,false,false,2026-08-29T16:47:50+00:00,ok
115-1-GR-SA51-A-2-A,115,1,SA51,體育(三)-籃球A,GR,共同必修系列,A,2,A,50,37,0,13,false,false,2026-08-29T16:47:50+00:00,ok
115-1-GR-SA52-A-2-A,115,1,SA52,體育(三)-籃球B,GR,共同必修系列,A,2,A,55,23,0,32,false,false,2026-08-29T16:47:50+00:00,ok
115-1-GR-SA61-A-2-A,115,1,SA61,體育(三)-排球A,GR,共同必修系列,A,2,A,50,45,0,5,false,false,2026-08-29T16:47:50+00:00,ok
115-1-GR-SA62-A-2-A,115,1,SA62,體育(三)-排球B,GR,共同必修系列,A,2,A,55,25,0,30,false,false,2026-08-29T16:47:50+00:00,ok
115-1-GR-SA78-A-2-A,115,1,SA78,體育(三)-五人制棒球A,GR,共同必修系列,A,2,A,50,5,0,45,false,false,2026-08-29T16:47:50+00:00,ok
115-1-GR-SA83-A-2-A,115,1,SA83,體育(三)-匹克球A,GR,共同必修系列,A,2,A,50,26,0,24,false,false,2026-08-29T16:47:50+00:00,ok
115-1-GR-SA84-A-2-A,115,1,SA84,體育(三)-匹克球B,GR,共同必修系列,A,2,A,55,55,0,0,true,false,2026-08-29T16:47:50+00:00,ok
115-1-GR-SA85-A-2-A,115,1,SA85,體育(三)-匹克球C,GR,共同必修系列,A,2,A,50,50,0,0,true,false,2026-08-29T16:47:50+00:00,ok
115-1-GR-SA88-A-2-A,115,1,SA88,體育(三)-藍網球A,GR,共同必修系列,A,2,A,55,21,0,34,false,false,2026-08-29T16:47:50+00:00,ok
115-1-GR-SC11-A-2-A,115,1,SC11,體育(三)-飛盤A,GR,共同必修系列,A,2,A,50,50,0,0,true,false,2026-08-29T16:47:50+00:00,ok
115-1-IN-A002-A-1-A,115,1,A002,華語閱讀班(一),IN,興趣選修,A,1,A,0,0,0,0,true,false,2026-08-29T16:47:50+00:00,ok
115-1-IN-A012-A-1-A,115,1,A012,華語會話班(一),IN,興趣選修,A,1,A,0,0,0,0,true,false,2026-08-29T16:47:50+00:00,ok
115-1-LI-A034-A-1-A,115,1,A034,儒家經典智慧,LI,通識人文科學類,A,1,A,60,17,0,43,false,false,2026-08-29T21:00:11+00:00,ok
115-1-LI-A036-A-1-A,115,1,A036,禪宗經典智慧,LI,通識人文科學類,A,1,A,60,7,0,53,false,false,2026-08-29T21:00:11+00:00,ok
115-1-LI-A044-A-1-A,115,1,A044,氣的探索與體驗,LI,通識人文科學類,A,1,A,60,35,0,25,false,false,2026-08-29T21:00:11+00:00,ok
115-1-LI-A114-A-1-A,115,1,A114,日本繪本,LI,通識人文科學類,A,1,A,60,23,0,37,false,false,2026-08-29T21:00:11+00:00,ok
115-1-LI-A170-A-1-A,115,1,A170,新詩創作,LI,通識人文科學類,A,1,A,60,44,0,16,false,false,2026-08-29T21:00:11+00:00,ok
115-1-LI-A184-A-1-A,115,1,A184,現代文學選讀與習作,LI,通識人文科學類,A,1,A,60,28,0,32,false,false,2026-08-29T21:00:11+00:00,ok
115-1-LI-A213-A-1-A,115,1,A213,田野調查,LI,通識人文科學類,A,1,A,40,40,0,0,true,false,2026-08-29T21:00:11+00:00,ok
115-1-LI-A216-A-1-A,115,1,A216,籤詩文學與寺廟文化,LI,通識人文科學類,A,1,A,60,60,0,0,true,false,2026-08-29T21:00:11+00:00,ok
115-1-LI-A343-A-1-A,115,1,A343,人生哲學,LI,通識人文科學類,A,1,A,60,19,0,41,false,false,2026-08-29T21:00:11+00:00,ok
115-1-LI-A346-A-1-A,115,1,A346,台灣茶文化與生態永續,LI,通識人文科學類,A,1,A,40,37,0,3,false,false,2026-08-29T21:00:11+00:00,ok
115-1-LI-A374-A-1-A,115,1,A374,古典音樂導聆,LI,通識人文科學類,A,1,A,60,22,0,38,false,false,2026-08-29T21:00:11+00:00,ok
115-1-LI-A451-A-1-A,115,1,A451,古典短篇小說選讀,LI,通識人文科學類,A,1,A,60,17,0,43,false,false,2026-08-29T21:00:11+00:00,ok
115-1-LI-A497-A-1-A,115,1,A497,台灣之流行音樂與社會變遷,LI,通識人文科學類,A,1,A,60,60,0,0,true,false,2026-08-29T21:00:11+00:00,ok
115-1-LI-A634-A-1-A,115,1,A634,視覺藝術概論,LI,通識人文科學類,A,1,A,60,12,0,48,false,false,2026-08-29T21:00:11+00:00,ok
115-1-LI-A714-A-1-A,115,1,A714,戲曲藝術入門與賞析,LI,通識人文科學類,A,1,A,60,9,0,51,false,false,2026-08-29T21:00:11+00:00,ok
115-1-LI-A810-A-1-A,115,1,A810,電影文學與人生,LI,通識人文科學類,A,1,A,60,60,0,0,true,false,2026-08-29T21:00:11+00:00,ok
115-1-LI-A842-A-1-A,115,1,A842,台灣原住民族文化,LI,通識人文科學類,A,1,A,60,32,0,28,false,false,2026-08-29T21:00:11+00:00,ok
115-1-LI-A854-A-1-A,115,1,A854,台灣多元族群的文化探索,LI,通識人文科學類,A,1,A,60,10,0,50,false,false,2026-08-29T21:00:11+00:00,ok
115-1-LI-A855-A-1-A,115,1,A855,糖廠故事,LI,通識人文科學類,A,1,A,60,60,0,0,true,false,2026-08-29T21:00:11+00:00,ok
115-1-LI-A856-A-1-A,115,1,A856,美濃文化探索與地方編輯,LI,通識人文科學類,A,1,A,40,5,0,35,false,false,2026-08-29T21:00:11+00:00,ok
115-1-LI-A857-A-1-A,115,1,A857,霧中島嶼：大濛歷史的多元敘事,LI,通識人文科學類,A,1,A,40,11,0,29,false,false,2026-08-29T21:00:11+00:00,ok
115-1-LI-A858-A-1-A,115,1,A858,空間中的歷史實境：文物劇場構作,LI,通識人文科學類,A,1,A,40,0,0,40,false,false,2026-08-29T21:00:11+00:00,ok
115-1-LI-B013-A-1-A,115,1,B013,電影中的音樂媒介,LI,通識人文科學類,A,1,A,60,60,0,0,true,false,2026-08-29T21:00:11+00:00,ok
115-1-LI-B014-A-1-A,115,1,B014,從巴洛克到搖滾樂,LI,通識人文科學類,A,1,A,60,60,0,0,true,false,2026-08-29T21:00:11+00:00,ok
115-1-LI-B015-A-1-A,115,1,B015,電影音樂欣賞,LI,通識人文科學類,A,1,A,60,13,0,47,false,false,2026-08-29T21:00:11+00:00,ok
115-1-LI-B021-A-1-A,115,1,B021,世界主要宗教導覽,LI,通識人文科學類,A,1,A,60,48,0,12,false,false,2026-08-29T21:00:11+00:00,ok
115-1-LI-B067-A-1-A,115,1,B067,初級日語會話(一),LI,通識人文科學類,A,1,A,40,41,0,0,true,false,2026-08-29T21:00:11+00:00,ok
115-1-LI-B069-A-1-A,115,1,B069,職場英文聽讀訓練,LI,通識人文科學類,A,1,A,40,40,0,0,true,false,2026-08-29T21:00:11+00:00,ok
115-1-LI-B070-A-1-A,115,1,B070,全民英檢準備班,LI,通識人文科學類,A,1,A,40,40,0,0,true,false,2026-08-29T21:00:11+00:00,ok
115-1-LI-B081-A-1-A,115,1,B081,基礎法語(一),LI,通識人文科學類,A,1,A,40,28,0,12,false,false,2026-08-29T21:00:11+00:00,ok
115-1-LI-B087-A-1-A,115,1,B087,工商英文聽力和閱讀訓練,LI,通識人文科學類,A,1,A,60,5,0,55,false,false,2026-08-29T21:00:11+00:00,ok
115-1-LI-B088-A-1-A,115,1,B088,旅遊商務英文,LI,通識人文科學類,A,1,A,40,41,0,0,true,false,2026-08-29T21:00:11+00:00,ok
115-1-LI-B089-A-1-A,115,1,B089,運動飲食英文,LI,通識人文科學類,A,1,A,40,41,0,0,true,false,2026-08-29T21:00:11+00:00,ok
115-1-LI-B090-A-1-A,115,1,B090,英語口語表達,LI,通識人文科學類,A,1,A,40,21,0,19,false,false,2026-08-29T21:00:11+00:00,ok
115-1-LI-B201-A-1-A,115,1,B201,初級越南語(一),LI,通識人文科學類,A,1,A,40,25,0,15,false,false,2026-08-29T21:00:11+00:00,ok
115-1-LI-B202-A-1-A,115,1,B202,初級越南語(二),LI,通識人文科學類,A,1,A,40,18,0,22,false,false,2026-08-29T21:00:11+00:00,ok
115-1-LI-B211-A-1-A,115,1,B211,初級泰語(一),LI,通識人文科學類,A,1,A,60,23,0,37,false,false,2026-08-29T21:00:11+00:00,ok
115-1-LI-B212-A-1-A,115,1,B212,觀光泰語,LI,通識人文科學類,A,1,A,60,21,0,39,false,false,2026-08-29T21:00:11+00:00,ok
115-1-SC-A022-A-1-A,115,1,A022,探索地球,SC,通識自然科學類,A,1,A,60,25,0,35,false,false,2026-08-29T21:00:11+00:00,ok
115-1-SC-A138-A-1-A,115,1,A138,半導體科技與生活,SC,通識自然科學類,A,1,A,60,53,0,7,false,false,2026-08-29T21:00:11+00:00,ok
115-1-SC-A141-A-1-A,115,1,A141,基因工程與生活,SC,通識自然科學類,A,1,A,60,17,0,43,false,false,2026-08-29T21:00:11+00:00,ok
115-1-SC-A142-A-1-A,115,1,A142,生活中的數學,SC,通識自然科學類,A,1,A,60,5,0,55,false,false,2026-08-29T21:00:11+00:00,ok
115-1-SC-A144-A-1-A,115,1,A144,大數據初探,SC,通識自然科學類,A,1,A,60,3,0,57,false,false,2026-08-29T21:00:11+00:00,ok
115-1-SC-A163-A-1-A,115,1,A163,半導體封測趨勢與應用介紹,SC,通識自然科學類,A,1,A,40,40,0,0,true,false,2026-08-29T21:00:11+00:00,ok
115-1-SC-A164-A-1-A,115,1,A164,AI 時代的資訊基本能力,SC,通識自然科學類,A,1,A,50,50,0,0,true,false,2026-08-29T21:00:11+00:00,ok
115-1-SC-A165-A-1-A,115,1,A165,AI未來應用與趨勢探索(一),SC,通識自然科學類,A,1,A,60,52,0,8,false,false,2026-08-29T21:00:11+00:00,ok
115-1-SC-A286-A-1-A,115,1,A286,傳統推拿整復概論,SC,通識自然科學類,A,1,A,40,40,0,0,true,false,2026-08-29T21:00:11+00:00,ok
115-1-SC-A293-A-1-A,115,1,A293,環境保護,SC,通識自然科學類,A,1,A,60,47,0,13,false,false,2026-08-29T21:00:11+00:00,ok
115-1-SC-A353-A-1-A,115,1,A353,數位攝影與影像處理,SC,通識自然科學類,A,1,A,50,11,0,39,false,false,2026-08-29T21:00:11+00:00,ok
115-1-SC-A452-A-1-A,115,1,A452,我的身體,SC,通識自然科學類,A,1,A,60,60,0,0,true,false,2026-08-29T21:00:11+00:00,ok
115-1-SC-A483-A-1-A,115,1,A483,自然保育概論,SC,通識自然科學類,A,1,A,60,60,0,0,true,false,2026-08-29T21:00:11+00:00,ok
115-1-SC-A498-A-1-A,115,1,A498,氣候變遷與永續發展,SC,通識自然科學類,A,1,A,60,24,0,36,false,false,2026-08-29T21:00:11+00:00,ok
115-1-SC-A672-A-1-A,115,1,A672,防災概論,SC,通識自然科學類,A,1,A,60,58,0,2,false,false,2026-08-29T21:00:11+00:00,ok
115-1-SC-A685-A-1-A,115,1,A685,生態環境解說,SC,通識自然科學類,A,1,A,60,9,0,51,false,false,2026-08-29T21:00:11+00:00,ok
115-1-SC-A775-A-1-A,115,1,A775,飛鏢理論與實務,SC,通識自然科學類,A,1,A,40,40,0,0,true,false,2026-08-29T21:00:11+00:00,ok
115-1-SC-A777-A-1-A,115,1,A777,飛鏢理論與實務,SC,通識自然科學類,A,1,A,40,40,0,0,true,false,2026-08-29T21:00:11+00:00,ok
115-1-SC-A778-A-1-A,115,1,A778,五人制棒球理論與實務,SC,通識自然科學類,A,1,A,40,40,0,0,true,false,2026-08-29T21:00:11+00:00,ok
115-1-SC-A785-A-1-A,115,1,A785,休閒概論,SC,通識自然科學類,A,1,A,40,17,0,23,false,false,2026-08-29T21:00:11+00:00,ok
115-1-SC-A79A-A-1-A,115,1,A79A,AI輔助網頁設計與管理,SC,通識自然科學類,A,1,A,50,40,0,10,false,false,2026-08-29T21:00:11+00:00,ok
115-1-SO-A033-A-1-A,115,1,A033,資產配置與信託規劃實務,SO,通識社會科學類,A,1,A,60,60,0,0,true,false,2026-08-29T21:00:11+00:00,ok
115-1-SO-A034-A-1-A,115,1,A034,個人理財與投資,SO,通識社會科學類,A,1,A,60,60,0,0,true,false,2026-08-29T21:00:11+00:00,ok
115-1-SO-A118-A-1-A,115,1,A118,理財與人生,SO,通識社會科學類,A,1,A,60,60,0,0,true,false,2026-08-29T21:00:11+00:00,ok
115-1-SO-A185-A-1-A,115,1,A185,性別關係與教育,SO,通識社會科學類,A,1,A,60,12,0,48,false,false,2026-08-29T21:00:11+00:00,ok
115-1-SO-A187-A-1-A,115,1,A187,性別與法律,SO,通識社會科學類,A,1,A,60,38,0,22,false,false,2026-08-29T21:00:11+00:00,ok
115-1-SO-A188-A-1-A,115,1,A188,多元性別與親密關係,SO,通識社會科學類,A,1,A,60,20,0,40,false,false,2026-08-29T21:00:11+00:00,ok
115-1-SO-A189-A-1-A,115,1,A189,性別與法律,SO,通識社會科學類,A,1,A,60,16,0,44,false,false,2026-08-29T21:00:11+00:00,ok
115-1-SO-A254-A-1-A,115,1,A254,書寫高雄,SO,通識社會科學類,A,1,A,60,6,0,54,false,false,2026-08-29T21:00:11+00:00,ok
115-1-SO-A353-A-1-A,115,1,A353,婚姻與家庭,SO,通識社會科學類,A,1,A,60,8,0,52,false,false,2026-08-29T21:00:11+00:00,ok
115-1-SO-A365-A-1-A,115,1,A365,領導統御,SO,通識社會科學類,A,1,A,60,14,0,46,false,false,2026-08-29T21:00:11+00:00,ok
115-1-SO-A366-A-1-A,115,1,A366,國際關係,SO,通識社會科學類,A,1,A,60,48,0,12,false,false,2026-08-29T21:00:11+00:00,ok
115-1-SO-A367-A-1-A,115,1,A367,孫子兵法,SO,通識社會科學類,A,1,A,60,13,0,47,false,false,2026-08-29T21:00:11+00:00,ok
115-1-SO-A368-A-1-A,115,1,A368,國際文化探索,SO,通識社會科學類,A,1,A,40,40,0,0,true,false,2026-08-29T21:00:11+00:00,ok
115-1-SO-A525-A-1-A,115,1,A525,社會設計與方案規劃,SO,通識社會科學類,A,1,A,40,4,0,36,false,false,2026-08-29T21:00:11+00:00,ok
115-1-SO-A691-A-1-A,115,1,A691,高大卓越講座,SO,通識社會科學類,A,1,A,200,140,0,60,false,false,2026-08-29T21:00:11+00:00,ok
115-1-SO-A840-A-1-A,115,1,A840,媒體與公關實務,SO,通識社會科學類,A,1,A,60,12,0,48,false,false,2026-08-29T21:00:11+00:00,ok
115-1-SO-A887-A-1-A,115,1,A887,關懷倫理與永續發展,SO,通識社會科學類,A,1,A,40,1,0,39,false,false,2026-08-29T21:00:11+00:00,ok
115-1-SO-A956-A-1-A,115,1,A956,權力遊戲與國際社會,SO,通識社會科學類,A,1,A,60,60,0,0,true,false,2026-08-29T21:00:11+00:00,ok
115-1-SO-B051-A-1-A,115,1,B051,智慧財產權,SO,通識社會科學類,A,1,A,60,15,0,45,false,false,2026-08-29T21:00:11+00:00,ok
115-1-SO-B055-A-1-A,115,1,B055,AI時代法學議題,SO,通識社會科學類,A,1,A,60,52,0,8,false,false,2026-08-29T21:00:11+00:00,ok
115-1-SO-B101-A-1-A,115,1,B101,服務學習,SO,通識社會科學類,A,1,A,40,29,0,11,false,false,2026-08-29T21:00:11+00:00,ok
115-1-SO-B102-A-1-A,115,1,B102,服務學習,SO,通識社會科學類,A,1,A,40,10,0,30,false,false,2026-08-29T21:00:11+00:00,ok
115-1-SO-B91A-A-1-A,115,1,B91A,大學入門(人文社會科學院),SO,通識社會科學類,A,1,A,200,34,0,166,false,false,2026-08-29T21:00:11+00:00,ok
115-1-SO-B92A-A-1-A,115,1,B92A,大學入門(法學院),SO,通識社會科學類,A,1,A,200,41,0,159,false,false,2026-08-29T21:00:11+00:00,ok
115-1-SO-B93A-A-1-A,115,1,B93A,大學入門(管理學院),SO,通識社會科學類,A,1,A,200,31,0,169,false,false,2026-08-29T21:00:11+00:00,ok
115-1-SO-B94A-A-1-A,115,1,B94A,大學入門(理學院),SO,通識社會科學類,A,1,A,200,31,0,169,false,false,2026-08-29T21:00:11+00:00,ok
115-1-SO-B95A-A-1-A,115,1,B95A,大學入門(工學院),SO,通識社會科學類,A,1,A,200,24,0,176,false,false,2026-08-29T21:00:11+00:00,ok
115-1-IFD-A50R-A-1-A,115,1,A50R,創新思考與問題解決,IFD,創新學院不分系,A,1,A,40,13,0,27,false,false,2026-08-29T21:00:11+00:00,ok
115-1-IFD-A50T-A-1-A,115,1,A50T,企業資源規劃導論與應用,IFD,創新學院不分系,A,1,A,40,40,0,0,true,false,2026-08-29T21:00:11+00:00,ok
115-1-IFD-A535-A-1-A,115,1,A535,人工智慧基礎與應用,IFD,創新學院不分系,A,1,A,40,30,0,10,false,false,2026-08-29T21:00:11+00:00,ok
115-1-IFD-A53E-A-1-A,115,1,A53E,人工智慧倫理(一) (二),IFD,創新學院不分系,A,1,A,60,31,0,29,false,false,2026-08-29T21:00:11+00:00,ok
115-1-IFD-A53F-A-1-A,115,1,A53F,人工智慧與永續發展,IFD,創新學院不分系,A,1,A,60,27,0,33,false,false,2026-08-29T21:00:11+00:00,ok
115-1-IFD-A557-A-1-A,115,1,A557,碳貯存的計算與應用,IFD,創新學院不分系,A,1,A,27,12,0,15,false,false,2026-08-29T21:00:11+00:00,ok
115-1-IFD-A558-A-1-A,115,1,A558,淨零綠領人才培育,IFD,創新學院不分系,A,1,A,40,6,0,34,false,false,2026-08-29T21:00:11+00:00,ok
115-1-IFD-A610-A-1-A,115,1,A610,3D基礎建模,IFD,創新學院不分系,A,1,A,34,16,0,18,false,false,2026-08-29T21:00:11+00:00,ok
115-1-IFD-A61H-A-1-A,115,1,A61H,XR腳本設計與影片實作,IFD,創新學院不分系,A,1,A,34,18,0,16,false,false,2026-08-29T21:00:11+00:00,ok
115-1-IFD-A636-A-1-A,115,1,A636,智慧工廠資訊系統,IFD,創新學院不分系,A,1,A,60,21,0,39,false,false,2026-08-29T21:00:11+00:00,ok
115-1-IFD-A711-A-1-A,115,1,A711,3D模型建置與應用,IFD,創新學院不分系,A,1,A,34,27,0,7,false,false,2026-08-29T21:00:11+00:00,ok
115-1-IFD-A712-A-1-A,115,1,A712,3D動畫製作,IFD,創新學院不分系,A,1,A,34,23,0,11,false,false,2026-08-29T21:00:11+00:00,ok
115-1-IFD-A762-A-1-A,115,1,A762,企業優質人才學用培育課程,IFD,創新學院不分系,A,1,A,60,15,0,45,false,false,2026-08-29T21:00:11+00:00,ok
115-1-IFD-A852-A-1-A,115,1,A852,科學教育實踐,IFD,創新學院不分系,A,1,A,15,10,0,5,false,false,2026-08-29T21:00:11+00:00,ok
115-1-IFD-XB06-A-1-A,115,1,XB06,資料探勘與應用,IFD,創新學院不分系,A,1,A,40,4,0,36,false,false,2026-08-29T21:00:11+00:00,ok
115-1-IFD-XB04-M-1-,115,1,XB04,金融科技導論,IFD,創新學院不分系,M,1,,40,1,0,39,false,false,2026-08-29T21:00:11+00:00,ok
115-1-IFD-XB06-M-1-,115,1,XB06,資料探勘與應用,IFD,創新學院不分系,M,1,,40,4,0,36,false,false,2026-08-29T21:00:11+00:00,ok
115-1-IFD-XC03-M-1-,115,1,XC03,自然語言處理,IFD,創新學院不分系,M,1,,40,1,0,39,false,false,2026-08-29T21:00:11+00:00,ok
115-1-CE-A01A-A-1-A,115,1,A01A,微積分(一),CE,土木與環境工程學系,A,1,A,60,60,0,0,true,false,2026-08-29T21:00:11+00:00,ok
115-1-CE-A031-A-1-A,115,1,A031,土木與環境工程概論,CE,土木與環境工程學系,A,1,A,60,56,0,4,false,false,2026-08-29T21:00:11+00:00,ok
115-1-CE-A051-A-1-A,115,1,A051,普通物理,CE,土木與環境工程學系,A,1,A,70,58,0,12,false,false,2026-08-29T21:00:11+00:00,ok
115-1-CE-A081-A-1-A,115,1,A081,計算機概論與程式語言,CE,土木與環境工程學系,A,1,A,60,60,0,0,true,false,2026-08-29T21:00:11+00:00,ok
115-1-CE-A121-A-1-A,115,1,A121,普通化學,CE,土木與環境工程學系,A,1,A,60,60,0,0,true,false,2026-08-29T21:00:11+00:00,ok
115-1-CE-A502-A-1-A,115,1,A502,測量學,CE,土木與環境工程學系,A,1,A,60,42,0,18,false,false,2026-08-29T21:00:11+00:00,ok
115-1-CE-D711-A-1-A,115,1,D711,測量學實習,CE,土木與環境工程學系,A,1,A,30,30,0,0,true,false,2026-08-29T21:00:11+00:00,ok
115-1-CE-A601-A-2-A,115,1,A601,地理資訊系統,CE,土木與環境工程學系,A,2,A,30,21,0,9,false,false,2026-08-29T21:00:11+00:00,ok
115-1-CE-B011-A-2-A,115,1,B011,材料力學,CE,土木與環境工程學系,A,2,A,75,63,0,12,false,false,2026-08-29T21:00:11+00:00,ok
115-1-CE-B02A-A-2-A,115,1,B02A,環境分析實驗(一),CE,土木與環境工程學系,A,2,A,60,55,0,5,false,false,2026-08-29T21:00:11+00:00,ok
115-1-CE-B10A-A-2-A,115,1,B10A,工程數學(一),CE,土木與環境工程學系,A,2,A,60,57,0,3,false,false,2026-08-29T21:00:11+00:00,ok
115-1-CE-B111-A-2-A,115,1,B111,工程材料,CE,土木與環境工程學系,A,2,A,60,56,0,4,false,false,2026-08-29T21:00:11+00:00,ok
115-1-CE-B531-A-2-A,115,1,B531,水文學,CE,土木與環境工程學系,A,2,A,70,47,0,23,false,false,2026-08-29T21:00:11+00:00,ok
115-1-CE-B621-A-2-A,115,1,B621,環工程序學,CE,土木與環境工程學系,A,2,A,30,25,0,5,false,false,2026-08-29T21:00:11+00:00,ok
115-1-CE-B631-A-2-A,115,1,B631,動力學,CE,土木與環境工程學系,A,2,A,30,30,0,0,true,false,2026-08-29T21:00:11+00:00,ok
115-1-CE-B561-A-3-A,115,1,B561,工程與環境地質,CE,土木與環境工程學系,A,3,A,30,30,0,0,true,false,2026-08-29T21:00:11+00:00,ok
115-1-CE-B581-A-3-A,115,1,B581,結構學,CE,土木與環境工程學系,A,3,A,30,30,0,0,true,false,2026-08-29T21:00:11+00:00,ok
115-1-CE-C01B-A-3-A,115,1,C01B,土木工程實驗(二),CE,土木與環境工程學系,A,3,A,60,52,0,8,false,false,2026-08-29T21:00:11+00:00,ok
115-1-CE-C511-A-3-A,115,1,C511,工程數學(三),CE,土木與環境工程學系,A,3,A,30,30,0,0,true,false,2026-08-29T21:00:11+00:00,ok
115-1-CE-C542-A-3-A,115,1,C542,固體廢棄物,CE,土木與環境工程學系,A,3,A,30,28,0,2,false,false,2026-08-29T21:00:11+00:00,ok
115-1-CE-C591-A-3-A,115,1,C591,鋼筋混凝土設計,CE,土木與環境工程學系,A,3,A,30,30,0,0,true,false,2026-08-29T21:00:11+00:00,ok
115-1-CE-C781-A-3-A,115,1,C781,儀器分析,CE,土木與環境工程學系,A,3,A,30,3,0,27,false,false,2026-08-29T21:00:11+00:00,ok
115-1-CE-C821-A-3-A,115,1,C821,淨零與碳資產管理,CE,土木與環境工程學系,A,3,A,30,30,0,0,true,false,2026-08-29T21:00:11+00:00,ok
115-1-CE-C822-A-3-A,115,1,C822,淨零建築資訊模型導論與實作,CE,土木與環境工程學系,A,3,A,32,30,0,2,false,false,2026-08-29T21:00:11+00:00,ok
115-1-CE-C881-A-3-A,115,1,C881,污水工程,CE,土木與環境工程學系,A,3,A,30,11,0,19,false,false,2026-08-29T21:00:11+00:00,ok
115-1-CE-D582-A-3-A,115,1,D582,營建與環保法規實務,CE,土木與環境工程學系,A,3,A,100,100,0,0,true,false,2026-08-29T21:00:11+00:00,ok
115-1-CE-C741-A-4-A,115,1,C741,專題研究〈二〉,CE,土木與環境工程學系,A,4,A,30,30,0,0,true,false,2026-08-29T21:00:11+00:00,ok
115-1-CE-D582-A-4-A,115,1,D582,營建與環保法規實務,CE,土木與環境工程學系,A,4,A,100,100,0,0,true,false,2026-08-29T21:00:11+00:00,ok
115-1-CE-F671-A-4-A,115,1,F671,地震及防災工程,CE,土木與環境工程學系,A,4,A,30,6,0,24,false,false,2026-08-29T21:00:11+00:00,ok
115-1-CE-F511-M-1-,115,1,F511,結構動力學,CE,土木與環境工程學系,M,1,,30,9,0,21,false,false,2026-08-29T21:00:11+00:00,ok
115-1-CE-F532-M-1-,115,1,F532,深開挖工程分析與設計,CE,土木與環境工程學系,M,1,,30,8,0,22,false,false,2026-08-29T21:00:11+00:00,ok
115-1-CE-F533-M-1-,115,1,F533,廢棄物處理與資源循環,CE,土木與環境工程學系,M,1,,30,12,0,18,false,false,2026-08-29T21:00:11+00:00,ok
115-1-CE-F541-M-1-,115,1,F541,環工理化原理,CE,土木與環境工程學系,M,1,,30,1,0,29,false,false,2026-08-29T21:00:11+00:00,ok
115-1-CE-F543-M-1-,115,1,F543,環境工程單元操作實驗,CE,土木與環境工程學系,M,1,,30,9,0,21,false,false,2026-08-29T21:00:11+00:00,ok
115-1-CE-F551-M-1-,115,1,F551,環境系統分析,CE,土木與環境工程學系,M,1,,30,2,0,28,false,false,2026-08-29T21:00:11+00:00,ok
115-1-CE-F591-M-1-,115,1,F591,岩石力學,CE,土木與環境工程學系,M,1,,30,6,0,24,false,false,2026-08-29T21:00:11+00:00,ok
115-1-CE-F612-M-1-,115,1,F612,室內空氣品質,CE,土木與環境工程學系,M,1,,30,1,0,29,false,false,2026-08-29T21:00:11+00:00,ok
115-1-CE-F663-M-1-,115,1,F663,橋梁工程,CE,土木與環境工程學系,M,1,,30,6,0,24,false,false,2026-08-29T21:00:11+00:00,ok
115-1-CE-F716-M-1-,115,1,F716,綠色能源與永續發展,CE,土木與環境工程學系,M,1,,30,10,0,20,false,false,2026-08-29T21:00:11+00:00,ok
115-1-CM-A01A-A-1-A,115,1,A01A,微積分(一),CM,化學工程及材料工程學系,A,1,A,60,52,0,8,false,false,2026-08-29T21:00:11+00:00,ok
115-1-CM-A021-A-1-A,115,1,A021,普通物理,CM,化學工程及材料工程學系,A,1,A,80,58,0,22,false,false,2026-08-29T21:00:11+00:00,ok
115-1-CM-A04A-A-1-A,115,1,A04A,普通化學(一),CM,化學工程及材料工程學系,A,1,A,60,51,0,9,false,false,2026-08-29T21:00:11+00:00,ok
115-1-CM-A051-A-1-A,115,1,A051,普通化學實驗,CM,化學工程及材料工程學系,A,1,A,56,50,0,6,false,false,2026-08-29T21:00:11+00:00,ok
115-1-CM-A07A-A-1-A,115,1,A07A,化工與材料科學導論(一),CM,化學工程及材料工程學系,A,1,A,66,56,0,10,false,false,2026-08-29T21:00:11+00:00,ok
115-1-CM-A181-A-1-A,115,1,A181,生命科學概論,CM,化學工程及材料工程學系,A,1,A,70,55,0,15,false,false,2026-08-29T21:00:11+00:00,ok
115-1-CM-B00A-A-2-A,115,1,B00A,工程數學(一),CM,化學工程及材料工程學系,A,2,A,60,45,0,15,false,false,2026-08-29T21:00:11+00:00,ok
115-1-CM-B01B-A-2-A,115,1,B01B,物理化學(二),CM,化學工程及材料工程學系,A,2,A,60,46,0,14,false,false,2026-08-29T21:00:11+00:00,ok
115-1-CM-B031-A-2-A,115,1,B031,材料化學實驗,CM,化學工程及材料工程學系,A,2,A,30,25,0,5,false,false,2026-08-29T21:00:11+00:00,ok
115-1-CM-B080-A-2-A,115,1,B080,物理化學實驗,CM,化學工程及材料工程學系,A,2,A,30,25,0,5,false,false,2026-08-29T21:00:11+00:00,ok
115-1-CM-B091-A-2-A,115,1,B091,有機材料化學(一),CM,化學工程及材料工程學系,A,2,A,60,47,0,13,false,false,2026-08-29T21:00:11+00:00,ok
115-1-CM-B101-A-2-A,115,1,B101,物理冶金,CM,化學工程及材料工程學系,A,2,A,65,47,0,18,false,false,2026-08-29T21:00:11+00:00,ok
115-1-CM-F572-A-2-A,115,1,F572,晶體繞射原理,CM,化學工程及材料工程學系,A,2,A,50,38,0,12,false,false,2026-08-29T21:00:11+00:00,ok
115-1-CM-B11A-A-3-A,115,1,B11A,化工與材料輸送現象(一),CM,化學工程及材料工程學系,A,3,A,55,48,0,7,false,false,2026-08-29T21:00:11+00:00,ok
115-1-CM-B541-A-3-A,115,1,B541,奈米材料導論,CM,化學工程及材料工程學系,A,3,A,30,30,0,0,true,false,2026-08-29T21:00:11+00:00,ok
115-1-CM-B591-A-3-A,115,1,B591,應用電化學,CM,化學工程及材料工程學系,A,3,A,40,40,0,0,true,false,2026-08-29T21:00:11+00:00,ok
115-1-CM-C051-A-3-A,115,1,C051,材料物理,CM,化學工程及材料工程學系,A,3,A,60,46,0,14,false,false,2026-08-29T21:00:11+00:00,ok
115-1-CM-C071-A-3-A,115,1,C071,化工與材料實驗(I),CM,化學工程及材料工程學系,A,3,A,60,44,0,16,false,false,2026-08-29T21:00:11+00:00,ok
115-1-CM-C10A-A-3-A,115,1,C10A,化工與材料熱力學(I),CM,化學工程及材料工程學系,A,3,A,60,53,0,7,false,false,2026-08-29T21:00:11+00:00,ok
115-1-CM-C641-A-3-A,115,1,C641,專題研究(一),CM,化學工程及材料工程學系,A,3,A,60,28,0,32,false,false,2026-08-29T21:00:11+00:00,ok
115-1-CM-D07B-A-4-A,115,1,D07B,專題討論(II),CM,化學工程及材料工程學系,A,4,A,61,39,0,22,false,false,2026-08-29T21:00:11+00:00,ok
115-1-CM-D571-A-4-A,115,1,D571,專題研究(三),CM,化學工程及材料工程學系,A,4,A,60,20,0,40,false,false,2026-08-29T21:00:11+00:00,ok
115-1-CM-D655-A-4-A,115,1,D655,生物化學專題,CM,化學工程及材料工程學系,A,4,A,50,14,0,36,false,false,2026-08-29T21:00:11+00:00,ok
115-1-CM-D662-A-4-A,115,1,D662,精油化學與實務,CM,化學工程及材料工程學系,A,4,A,15,15,0,0,true,false,2026-08-29T21:00:11+00:00,ok
115-1-CM-F011-M-1-,115,1,F011,化工與材料特論,CM,化學工程及材料工程學系,M,1,,60,21,0,39,false,false,2026-08-29T21:00:11+00:00,ok
115-1-CM-F02A-M-1-,115,1,F02A,專題討論(I),CM,化學工程及材料工程學系,M,1,,50,43,0,7,false,false,2026-08-29T21:00:11+00:00,ok
115-1-CM-F511-M-1-,115,1,F511,電子顯微鏡理論與應用,CM,化學工程及材料工程學系,M,1,,30,30,0,0,true,false,2026-08-29T21:00:11+00:00,ok
115-1-CM-F542-M-1-,115,1,F542,高等動力學,CM,化學工程及材料工程學系,M,1,,30,11,0,19,false,false,2026-08-29T21:00:11+00:00,ok
115-1-CM-F561-M-1-,115,1,F561,高分子特論,CM,化學工程及材料工程學系,M,1,,30,30,0,0,true,false,2026-08-29T21:00:11+00:00,ok
115-1-CM-F601-M-1-,115,1,F601,半導體製程,CM,化學工程及材料工程學系,M,1,,40,32,0,8,false,false,2026-08-29T21:00:11+00:00,ok
115-1-CM-F642-M-1-,115,1,F642,輸送現象特論,CM,化學工程及材料工程學系,M,1,,30,14,0,16,false,false,2026-08-29T21:00:11+00:00,ok
115-1-CM-F664-M-1-,115,1,F664,感測器原理與應用,CM,化學工程及材料工程學系,M,1,,30,23,0,7,false,false,2026-08-29T21:00:11+00:00,ok
115-1-CM-F684-M-1-,115,1,F684,應用膠體化學,CM,化學工程及材料工程學系,M,1,,40,12,0,28,false,false,2026-08-29T21:00:11+00:00,ok
115-1-CM-F02A-M-2-,115,1,F02A,專題討論(I),CM,化學工程及材料工程學系,M,2,,50,43,0,7,false,false,2026-08-29T21:00:11+00:00,ok
115-1-CS-A001-A-1-A,115,1,A001,計算機概論,CS,資訊工程學系,A,1,A,46,43,0,3,false,false,2026-08-29T21:00:11+00:00,ok
115-1-CS-A011-A-1-A,115,1,A011,離散數學,CS,資訊工程學系,A,1,A,60,60,0,0,true,false,2026-08-29T21:00:11+00:00,ok
115-1-CS-A02A-A-1-A,115,1,A02A,微積分(一),CS,資訊工程學系,A,1,A,60,40,0,20,false,false,2026-08-29T21:00:11+00:00,ok
115-1-CS-A07A-A-1-A,115,1,A07A,程式設計與實習（一）,CS,資訊工程學系,A,1,A,59,47,0,12,false,false,2026-08-29T21:00:11+00:00,ok
115-1-CS-A061-A-2-A,115,1,A061,數位系統實驗,CS,資訊工程學系,A,2,A,54,47,0,7,false,false,2026-08-29T21:00:11+00:00,ok
115-1-CS-B021-A-2-A,115,1,B021,物件導向程式設計,CS,資訊工程學系,A,2,A,59,49,0,10,false,false,2026-08-29T21:00:11+00:00,ok
115-1-CS-B031-A-2-A,115,1,B031,機率學,CS,資訊工程學系,A,2,A,60,47,0,13,false,false,2026-08-29T21:00:11+00:00,ok
115-1-CS-B041-A-2-A,115,1,B041,數位電路學,CS,資訊工程學系,A,2,A,60,48,0,12,false,false,2026-08-29T21:00:11+00:00,ok
115-1-CS-B051-A-2-A,115,1,B051,電腦網路,CS,資訊工程學系,A,2,A,60,48,0,12,false,false,2026-08-29T21:00:11+00:00,ok
115-1-CS-B542-A-2-A,115,1,B542,網頁程式設計,CS,資訊工程學系,A,2,A,50,40,0,10,false,false,2026-08-29T21:00:11+00:00,ok
115-1-CS-C011-A-3-A,115,1,C011,計算機組織,CS,資訊工程學系,A,3,A,50,46,0,4,false,false,2026-08-29T21:00:11+00:00,ok
115-1-CS-C021-A-3-A,115,1,C021,程式語言,CS,資訊工程學系,A,3,A,60,49,0,11,false,false,2026-08-29T21:00:11+00:00,ok
115-1-CS-C031-A-3-A,115,1,C031,資料庫系統,CS,資訊工程學系,A,3,A,59,48,0,11,false,false,2026-08-29T21:00:11+00:00,ok
115-1-CS-C041-A-3-A,115,1,C041,演算法,CS,資訊工程學系,A,3,A,60,59,0,1,false,false,2026-08-29T21:00:11+00:00,ok
115-1-CS-C521-A-3-A,115,1,C521,網路通訊協定,CS,資訊工程學系,A,3,A,40,33,0,7,false,false,2026-08-29T21:00:11+00:00,ok
115-1-CS-C573-A-3-A,115,1,C573,人工智慧,CS,資訊工程學系,A,3,A,40,40,0,0,true,false,2026-08-29T21:00:11+00:00,ok
115-1-CS-D01B-A-4-A,115,1,D01B,專題研究(二),CS,資訊工程學系,A,4,A,50,39,0,11,false,false,2026-08-29T21:00:11+00:00,ok
115-1-CS-D02A-A-4-A,115,1,D02A,資訊專題講座(一),CS,資訊工程學系,A,4,A,75,38,0,37,false,false,2026-08-29T21:00:11+00:00,ok
115-1-CS-D572-A-4-A,115,1,D572,嵌入式系統,CS,資訊工程學系,A,4,A,30,30,0,0,true,false,2026-08-29T21:00:11+00:00,ok
115-1-CS-D601-A-4-A,115,1,D601,業界實習(一),CS,資訊工程學系,A,4,A,2,1,0,1,false,false,2026-08-29T21:00:11+00:00,ok
115-1-CS-T01E-L-1-,115,1,T01E,專題研究（一）,CS,資訊工程學系,L,1,,41,10,0,31,false,false,2026-08-29T21:00:11+00:00,ok
115-1-CS-T03E-L-2-,115,1,T03E,專題研究（三）,CS,資訊工程學系,L,2,,30,7,0,23,false,false,2026-08-29T21:00:11+00:00,ok
115-1-CS-T501-L-2-,115,1,T501,資料探勘,CS,資訊工程學系,L,2,,30,13,0,17,false,false,2026-08-29T21:00:11+00:00,ok
115-1-CS-T524-L-2-,115,1,T524,量子計算,CS,資訊工程學系,L,2,,20,9,0,11,false,false,2026-08-29T21:00:11+00:00,ok
115-1-CS-T543-L-2-,115,1,T543,物聯網,CS,資訊工程學系,L,2,,30,15,0,15,false,false,2026-08-29T21:00:11+00:00,ok
115-1-CS-U532-L-2-,115,1,U532,資訊檢索與生成式人工智慧,CS,資訊工程學系,L,2,,30,15,0,15,false,false,2026-08-29T21:00:11+00:00,ok
115-1-CS-F54A-M-1-,115,1,F54A,書報討論(一),CS,資訊工程學系,M,1,,60,21,0,39,false,false,2026-08-29T21:00:11+00:00,ok
115-1-CS-F56C-M-1-,115,1,F56C,專題研究(一),CS,資訊工程學系,M,1,,30,22,0,8,false,false,2026-08-29T21:00:11+00:00,ok
115-1-CS-F501-M-2-,115,1,F501,無線網路,CS,資訊工程學系,M,2,,51,15,0,36,false,false,2026-08-29T21:00:11+00:00,ok
115-1-CS-F523-M-2-,115,1,F523,文字與語音資料處理與應用,CS,資訊工程學系,M,2,,40,31,0,9,false,false,2026-08-29T21:00:11+00:00,ok
115-1-CS-F525-M-2-,115,1,F525,資料探勘與機器學習,CS,資訊工程學系,M,2,,50,16,0,34,false,false,2026-08-29T21:00:11+00:00,ok
115-1-CS-F531-M-2-,115,1,F531,高等電腦網路,CS,資訊工程學系,M,2,,30,20,0,10,false,false,2026-08-29T21:00:11+00:00,ok
115-1-CS-F54C-M-2-,115,1,F54C,書報討論(三),CS,資訊工程學系,M,2,,60,14,0,46,false,false,2026-08-29T21:00:11+00:00,ok
115-1-CS-F643-M-2-,115,1,F643,雲端運算,CS,資訊工程學系,M,2,,30,30,0,0,true,false,2026-08-29T21:00:11+00:00,ok
115-1-CS-F654-M-2-,115,1,F654,電腦視覺,CS,資訊工程學系,M,2,,45,10,0,35,false,false,2026-08-29T21:00:11+00:00,ok
115-1-CS-F663-M-2-,115,1,F663,智慧型系統,CS,資訊工程學系,M,2,,40,17,0,23,false,false,2026-08-29T21:00:11+00:00,ok
115-1-CS-F664-M-2-,115,1,F664,即時計算機系統,CS,資訊工程學系,M,2,,30,6,0,24,false,false,2026-08-29T21:00:11+00:00,ok
115-1-CS-F67D-M-2-,115,1,F67D,專題研究(三),CS,資訊工程學系,M,2,,40,14,0,26,false,false,2026-08-29T21:00:11+00:00,ok
115-1-CS-F735-M-2-,115,1,F735,資訊檢索與生成式人工智慧,CS,資訊工程學系,M,2,,50,23,0,27,false,false,2026-08-29T21:00:11+00:00,ok
115-1-EE-A01A-A-1-A,115,1,A01A,計算機概論(一),EE,電機工程學系,A,1,A,60,52,0,8,false,false,2026-08-29T21:00:11+00:00,ok
115-1-EE-A01C-A-1-B,115,1,A01C,計算機概論(一),EE,電機工程學系,A,1,B,60,53,0,7,false,false,2026-08-29T21:00:11+00:00,ok
115-1-EE-A02C-A-1-A,115,1,A02C,普通物理學(一),EE,電機工程學系,A,1,A,80,61,0,19,false,false,2026-08-29T21:00:11+00:00,ok
115-1-EE-A02E-A-1-B,115,1,A02E,普通物理學(一),EE,電機工程學系,A,1,B,82,68,0,14,false,false,2026-08-29T21:00:11+00:00,ok
115-1-EE-A03A-A-1-A,115,1,A03A,普通物理學實驗(一),EE,電機工程學系,A,1,A,70,51,0,19,false,false,2026-08-29T21:00:11+00:00,ok
115-1-EE-A03C-A-1-B,115,1,A03C,普通物理學實驗(一),EE,電機工程學系,A,1,B,70,53,0,17,false,false,2026-08-29T21:00:11+00:00,ok
115-1-EE-A04A-A-1-A,115,1,A04A,微積分(一),EE,電機工程學系,A,1,A,100,64,0,36,false,false,2026-08-29T21:00:11+00:00,ok
115-1-EE-A051-A-1-A,115,1,A051,數位邏輯,EE,電機工程學系,A,1,A,100,71,0,29,false,false,2026-08-29T21:00:11+00:00,ok
115-1-EE-A091-A-1-B,115,1,A091,數位邏輯,EE,電機工程學系,A,1,B,100,72,0,28,false,false,2026-08-29T21:00:11+00:00,ok
115-1-EE-A10A-A-1-B,115,1,A10A,微積分(一),EE,電機工程學系,A,1,B,90,65,0,25,false,false,2026-08-29T21:00:11+00:00,ok
115-1-EE-B01A-A-2-A,115,1,B01A,電路學(一),EE,電機工程學系,A,2,A,80,63,0,17,false,false,2026-08-29T21:00:11+00:00,ok
115-1-EE-B01C-A-2-B,115,1,B01C,電路學(一),EE,電機工程學系,A,2,B,80,56,0,24,false,false,2026-08-29T21:00:11+00:00,ok
115-1-EE-B02A-A-2-B,115,1,B02A,電子學(一),EE,電機工程學系,A,2,B,60,60,0,0,true,false,2026-08-29T21:00:11+00:00,ok
115-1-EE-B02C-A-2-A,115,1,B02C,電子學(一),EE,電機工程學系,A,2,A,70,68,0,2,false,false,2026-08-29T21:00:11+00:00,ok
115-1-EE-B031-A-2-A,115,1,B031,工程數學二(微分方程),EE,電機工程學系,A,2,A,70,63,0,7,false,false,2026-08-29T21:00:11+00:00,ok
115-1-EE-B033-A-2-B,115,1,B033,工程數學二(微分方程),EE,電機工程學系,A,2,B,64,56,0,8,false,false,2026-08-29T21:00:11+00:00,ok
115-1-EE-B041-A-2-A,115,1,B041,電子電路工程實驗(一),EE,電機工程學系,A,2,A,60,60,0,0,true,false,2026-08-29T21:00:11+00:00,ok
115-1-EE-B04C-A-2-B,115,1,B04C,電子電路工程實驗(一),EE,電機工程學系,A,2,B,50,50,0,0,true,false,2026-08-29T21:00:11+00:00,ok
115-1-EE-B05A-A-2-A,115,1,B05A,電磁學(一),EE,電機工程學系,A,2,A,100,84,0,16,false,false,2026-08-29T21:00:11+00:00,ok
115-1-EE-B05C-A-2-B,115,1,B05C,電磁學(一),EE,電機工程學系,A,2,B,90,70,0,20,false,false,2026-08-29T21:00:11+00:00,ok
115-1-EE-C591-A-2-A,115,1,C591,離散數學,EE,電機工程學系,A,2,A,100,74,0,26,false,false,2026-08-29T21:00:11+00:00,ok
115-1-EE-C591-A-2-B,115,1,C591,離散數學,EE,電機工程學系,A,2,B,100,74,0,26,false,false,2026-08-29T21:00:11+00:00,ok
115-1-EE-C021-A-3-B,115,1,C021,電子學(三),EE,電機工程學系,A,3,B,70,49,0,21,false,false,2026-08-29T21:00:11+00:00,ok
115-1-EE-C022-A-3-A,115,1,C022,電子學(三),EE,電機工程學系,A,3,A,90,59,0,31,false,false,2026-08-29T21:00:11+00:00,ok
115-1-EE-C542-A-3-A,115,1,C542,近代物理,EE,電機工程學系,A,3,A,70,70,0,0,true,false,2026-08-29T21:00:11+00:00,ok
115-1-EE-C542-A-3-B,115,1,C542,近代物理,EE,電機工程學系,A,3,B,70,70,0,0,true,false,2026-08-29T21:00:11+00:00,ok
115-1-EE-C561-A-3-A,115,1,C561,作業系統,EE,電機工程學系,A,3,A,30,30,0,0,true,false,2026-08-29T21:00:11+00:00,ok
115-1-EE-C561-A-3-B,115,1,C561,作業系統,EE,電機工程學系,A,3,B,30,30,0,0,true,false,2026-08-29T21:00:11+00:00,ok
115-1-EE-C662-A-3-A,115,1,C662,超大型積體電路設計導論,EE,電機工程學系,A,3,A,70,70,0,0,true,false,2026-08-29T21:00:11+00:00,ok
115-1-EE-C662-A-3-B,115,1,C662,超大型積體電路設計導論,EE,電機工程學系,A,3,B,70,70,0,0,true,false,2026-08-29T21:00:11+00:00,ok
115-1-EE-C782-A-3-A,115,1,C782,機率與統計,EE,電機工程學系,A,3,A,90,47,0,43,false,false,2026-08-29T21:00:11+00:00,ok
115-1-EE-C782-A-3-B,115,1,C782,機率與統計,EE,電機工程學系,A,3,B,90,47,0,43,false,false,2026-08-29T21:00:11+00:00,ok
115-1-EE-C853-A-3-A,115,1,C853,系統電路電波理論與應用,EE,電機工程學系,A,3,A,70,57,0,13,false,false,2026-08-29T21:00:11+00:00,ok
115-1-EE-C853-A-3-B,115,1,C853,系統電路電波理論與應用,EE,電機工程學系,A,3,B,70,57,0,13,false,false,2026-08-29T21:00:11+00:00,ok
115-1-EE-C911-A-3-A,115,1,C911,訊號與系統,EE,電機工程學系,A,3,A,60,33,0,27,false,false,2026-08-29T21:00:11+00:00,ok
115-1-EE-C911-A-3-B,115,1,C911,訊號與系統,EE,電機工程學系,A,3,B,60,33,0,27,false,false,2026-08-29T21:00:11+00:00,ok
115-1-EE-D644-A-3-A,115,1,D644,印刷電路板概論,EE,電機工程學系,A,3,A,70,68,0,2,false,false,2026-08-29T21:00:11+00:00,ok
115-1-EE-D644-A-3-B,115,1,D644,印刷電路板概論,EE,電機工程學系,A,3,B,70,68,0,2,false,false,2026-08-29T21:00:11+00:00,ok
115-1-EE-D693-A-3-A,115,1,D693,AI半導體跨域實務專題,EE,電機工程學系,A,3,A,40,33,0,7,false,false,2026-08-29T21:00:11+00:00,ok
115-1-EE-D693-A-3-B,115,1,D693,AI半導體跨域實務專題,EE,電機工程學系,A,3,B,40,33,0,7,false,false,2026-08-29T21:00:11+00:00,ok
115-1-EE-D703-A-3-A,115,1,D703,先進封裝測試與系統整合應用,EE,電機工程學系,A,3,A,40,40,0,0,true,false,2026-08-29T21:00:11+00:00,ok
115-1-EE-D703-A-3-B,115,1,D703,先進封裝測試與系統整合應用,EE,電機工程學系,A,3,B,40,40,0,0,true,false,2026-08-29T21:00:11+00:00,ok
115-1-EE-C561-A-4-A,115,1,C561,作業系統,EE,電機工程學系,A,4,A,30,30,0,0,true,false,2026-08-29T21:00:11+00:00,ok
115-1-EE-C561-A-4-B,115,1,C561,作業系統,EE,電機工程學系,A,4,B,30,30,0,0,true,false,2026-08-29T21:00:11+00:00,ok
115-1-EE-D002-A-4-A,115,1,D002,工程倫理與法律,EE,電機工程學系,A,4,A,120,103,0,17,false,false,2026-08-29T21:00:11+00:00,ok
115-1-EE-D002-A-4-B,115,1,D002,工程倫理與法律,EE,電機工程學系,A,4,B,120,103,0,17,false,false,2026-08-29T21:00:11+00:00,ok
115-1-EE-D20A-A-4-A,115,1,D20A,電機實務專題(二)A,EE,電機工程學系,A,4,A,0,0,0,0,true,false,2026-08-29T21:00:11+00:00,ok
115-1-EE-D20A-A-4-B,115,1,D20A,電機實務專題(二)A,EE,電機工程學系,A,4,B,0,0,0,0,true,false,2026-08-29T21:00:11+00:00,ok
115-1-EE-D20B-A-4-A,115,1,D20B,電機實務專題(二)B,EE,電機工程學系,A,4,A,0,0,0,0,true,false,2026-08-29T21:00:11+00:00,ok
115-1-EE-D20B-A-4-B,115,1,D20B,電機實務專題(二)B,EE,電機工程學系,A,4,B,0,0,0,0,true,false,2026-08-29T21:00:11+00:00,ok
115-1-EE-D20C-A-4-A,115,1,D20C,電機實務專題(二)C,EE,電機工程學系,A,4,A,0,0,0,0,true,false,2026-08-29T21:00:11+00:00,ok
115-1-EE-D20C-A-4-B,115,1,D20C,電機實務專題(二)C,EE,電機工程學系,A,4,B,0,0,0,0,true,false,2026-08-29T21:00:11+00:00,ok
115-1-EE-D20E-A-4-A,115,1,D20E,電機實務專題(二)E,EE,電機工程學系,A,4,A,2,0,0,2,false,false,2026-08-29T21:00:11+00:00,ok
115-1-EE-D20E-A-4-B,115,1,D20E,電機實務專題(二)E,EE,電機工程學系,A,4,B,2,0,0,2,false,false,2026-08-29T21:00:11+00:00,ok
115-1-EE-D20G-A-4-A,115,1,D20G,電機實務專題(二)G,EE,電機工程學系,A,4,A,9,8,0,1,false,false,2026-08-29T21:00:11+00:00,ok
115-1-EE-D20G-A-4-B,115,1,D20G,電機實務專題(二)G,EE,電機工程學系,A,4,B,9,8,0,1,false,false,2026-08-29T21:00:11+00:00,ok
115-1-EE-D20H-A-4-A,115,1,D20H,電機實務專題(二)H,EE,電機工程學系,A,4,A,0,0,0,0,true,false,2026-08-29T21:00:11+00:00,ok
115-1-EE-D20H-A-4-B,115,1,D20H,電機實務專題(二)H,EE,電機工程學系,A,4,B,0,0,0,0,true,false,2026-08-29T21:00:11+00:00,ok
115-1-EE-D20J-A-4-A,115,1,D20J,電機實務專題(二)J,EE,電機工程學系,A,4,A,0,0,0,0,true,false,2026-08-29T21:00:11+00:00,ok
115-1-EE-D20J-A-4-B,115,1,D20J,電機實務專題(二)J,EE,電機工程學系,A,4,B,0,0,0,0,true,false,2026-08-29T21:00:11+00:00,ok
115-1-EE-D20K-A-4-A,115,1,D20K,電機實務專題(二)K,EE,電機工程學系,A,4,A,0,0,0,0,true,false,2026-08-29T21:00:11+00:00,ok
115-1-EE-D20K-A-4-B,115,1,D20K,電機實務專題(二)K,EE,電機工程學系,A,4,B,0,0,0,0,true,false,2026-08-29T21:00:11+00:00,ok
115-1-EE-D20L-A-4-A,115,1,D20L,電機實務專題(二)L,EE,電機工程學系,A,4,A,0,0,0,0,true,false,2026-08-29T21:00:11+00:00,ok
115-1-EE-D20L-A-4-B,115,1,D20L,電機實務專題(二)L,EE,電機工程學系,A,4,B,0,0,0,0,true,false,2026-08-29T21:00:11+00:00,ok
115-1-EE-D20M-A-4-A,115,1,D20M,電機實務專題(二)M,EE,電機工程學系,A,4,A,0,0,0,0,true,false,2026-08-29T21:00:11+00:00,ok
115-1-EE-D20M-A-4-B,115,1,D20M,電機實務專題(二)M,EE,電機工程學系,A,4,B,0,0,0,0,true,false,2026-08-29T21:00:11+00:00,ok
115-1-EE-D20N-A-4-A,115,1,D20N,電機實務專題(二)N,EE,電機工程學系,A,4,A,0,0,0,0,true,false,2026-08-29T21:00:11+00:00,ok
115-1-EE-D20N-A-4-B,115,1,D20N,電機實務專題(二)N,EE,電機工程學系,A,4,B,0,0,0,0,true,false,2026-08-29T21:00:11+00:00,ok
115-1-EE-D20P-A-4-A,115,1,D20P,電機實務專題(二)P,EE,電機工程學系,A,4,A,0,0,0,0,true,false,2026-08-29T21:00:11+00:00,ok
115-1-EE-D20P-A-4-B,115,1,D20P,電機實務專題(二)P,EE,電機工程學系,A,4,B,0,0,0,0,true,false,2026-08-29T21:00:11+00:00,ok
115-1-EE-D20Q-A-4-A,115,1,D20Q,電機實務專題(二)Q,EE,電機工程學系,A,4,A,0,0,0,0,true,false,2026-08-29T21:00:11+00:00,ok
115-1-EE-D20Q-A-4-B,115,1,D20Q,電機實務專題(二)Q,EE,電機工程學系,A,4,B,0,0,0,0,true,false,2026-08-29T21:00:11+00:00,ok
115-1-EE-D20R-A-4-A,115,1,D20R,電機實務專題(二)R,EE,電機工程學系,A,4,A,0,0,0,0,true,false,2026-08-29T21:00:11+00:00,ok
115-1-EE-D20R-A-4-B,115,1,D20R,電機實務專題(二)R,EE,電機工程學系,A,4,B,0,0,0,0,true,false,2026-08-29T21:00:11+00:00,ok
115-1-EE-D644-A-4-A,115,1,D644,印刷電路板概論,EE,電機工程學系,A,4,A,70,68,0,2,false,false,2026-08-29T21:00:11+00:00,ok
115-1-EE-D644-A-4-B,115,1,D644,印刷電路板概論,EE,電機工程學系,A,4,B,70,68,0,2,false,false,2026-08-29T21:00:11+00:00,ok
115-1-EE-D693-A-4-A,115,1,D693,AI半導體跨域實務專題,EE,電機工程學系,A,4,A,40,33,0,7,false,false,2026-08-29T21:00:11+00:00,ok
115-1-EE-D693-A-4-B,115,1,D693,AI半導體跨域實務專題,EE,電機工程學系,A,4,B,40,33,0,7,false,false,2026-08-29T21:00:11+00:00,ok
115-1-EE-D703-A-4-A,115,1,D703,先進封裝測試與系統整合應用,EE,電機工程學系,A,4,A,40,40,0,0,true,false,2026-08-29T21:00:11+00:00,ok
115-1-EE-D703-A-4-B,115,1,D703,先進封裝測試與系統整合應用,EE,電機工程學系,A,4,B,40,40,0,0,true,false,2026-08-29T21:00:11+00:00,ok
115-1-EE-K001-D-1-,115,1,K001,專題討論,EE,電機工程學系,D,1,,90,66,0,24,false,false,2026-08-29T21:00:11+00:00,ok
115-1-EE-K525-D-1-,115,1,K525,數位訊號處理專論,EE,電機工程學系,D,1,,0,0,0,0,true,false,2026-08-29T21:00:11+00:00,ok
115-1-EE-K57A-D-1-,115,1,K57A,應用量子力學(一),EE,電機工程學系,D,1,,40,11,0,29,false,false,2026-08-29T21:00:11+00:00,ok
115-1-EE-K586-D-1-,115,1,K586,微波電路之合成理論與設計方法,EE,電機工程學系,D,1,,0,0,0,0,true,false,2026-08-29T21:00:11+00:00,ok
115-1-EE-K001-D-2-,115,1,K001,專題討論,EE,電機工程學系,D,2,,90,66,0,24,false,false,2026-08-29T21:00:11+00:00,ok
115-1-EE-K525-D-2-,115,1,K525,數位訊號處理專論,EE,電機工程學系,D,2,,0,0,0,0,true,false,2026-08-29T21:00:11+00:00,ok
115-1-EE-K57A-D-2-,115,1,K57A,應用量子力學(一),EE,電機工程學系,D,2,,40,11,0,29,false,false,2026-08-29T21:00:11+00:00,ok
115-1-EE-K586-D-2-,115,1,K586,微波電路之合成理論與設計方法,EE,電機工程學系,D,2,,0,0,0,0,true,false,2026-08-29T21:00:11+00:00,ok
115-1-EE-I032-J-1-,115,1,I032,國際商務英語(1),EE,電機工程學系,J,1,,30,19,0,11,false,false,2026-08-29T21:00:11+00:00,ok
115-1-EE-I063-J-1-,115,1,I063,機器學習,EE,電機工程學系,J,1,,30,19,0,11,false,false,2026-08-29T21:00:11+00:00,ok
115-1-EE-I071-J-1-,115,1,I071,C#程式語言,EE,電機工程學系,J,1,,30,19,0,11,false,false,2026-08-29T21:00:11+00:00,ok
115-1-EE-I561-J-1-,115,1,I561,機械與自動化控制,EE,電機工程學系,J,1,,30,20,0,10,false,false,2026-08-29T21:00:11+00:00,ok
115-1-EE-I622-J-1-,115,1,I622,網路與資訊安全,EE,電機工程學系,J,1,,30,15,0,15,false,false,2026-08-29T21:00:11+00:00,ok
115-1-EE-I632-J-1-,115,1,I632,人工智慧與應用,EE,電機工程學系,J,1,,30,5,0,25,false,false,2026-08-29T21:00:11+00:00,ok
115-1-EE-I012-J-2-,115,1,I012,專題,EE,電機工程學系,J,2,,30,11,0,19,false,false,2026-08-29T21:00:11+00:00,ok
115-1-EE-I091-J-2-,115,1,I091,智慧工廠資訊系統,EE,電機工程學系,J,2,,30,9,0,21,false,false,2026-08-29T21:00:11+00:00,ok
115-1-EE-I561-J-2-,115,1,I561,機械與自動化控制,EE,電機工程學系,J,2,,30,20,0,10,false,false,2026-08-29T21:00:11+00:00,ok
115-1-EE-I632-J-2-,115,1,I632,人工智慧與應用,EE,電機工程學系,J,2,,30,5,0,25,false,false,2026-08-29T21:00:11+00:00,ok
115-1-EE-T514-L-1-,115,1,T514,積體電路設計與實習,EE,電機工程學系,L,1,,41,12,0,29,false,false,2026-08-29T21:00:11+00:00,ok
115-1-EE-T515-L-1-,115,1,T515,數位積體電路設計,EE,電機工程學系,L,1,,30,9,0,21,false,false,2026-08-29T21:00:11+00:00,ok
115-1-EE-T574-L-1-,115,1,T574,自然計算與應用,EE,電機工程學系,L,1,,20,10,0,10,false,false,2026-08-29T21:00:11+00:00,ok
115-1-EE-T653-L-1-,115,1,T653,數位訊號處理專論,EE,電機工程學系,L,1,,10,3,0,7,false,false,2026-08-29T21:00:11+00:00,ok
115-1-EE-T661-L-1-,115,1,T661,材料科學與工程,EE,電機工程學系,L,1,,30,10,0,20,false,false,2026-08-29T21:00:11+00:00,ok
115-1-EE-T514-L-2-,115,1,T514,積體電路設計與實習,EE,電機工程學系,L,2,,41,12,0,29,false,false,2026-08-29T21:00:11+00:00,ok
115-1-EE-T515-L-2-,115,1,T515,數位積體電路設計,EE,電機工程學系,L,2,,30,9,0,21,false,false,2026-08-29T21:00:11+00:00,ok
115-1-EE-T574-L-2-,115,1,T574,自然計算與應用,EE,電機工程學系,L,2,,20,10,0,10,false,false,2026-08-29T21:00:11+00:00,ok
115-1-EE-T653-L-2-,115,1,T653,數位訊號處理專論,EE,電機工程學系,L,2,,10,3,0,7,false,false,2026-08-29T21:00:11+00:00,ok
115-1-EE-T661-L-2-,115,1,T661,材料科學與工程,EE,電機工程學系,L,2,,30,10,0,20,false,false,2026-08-29T21:00:11+00:00,ok
115-1-EE-F557-M-1-,115,1,F557,積體電路元件精要,EE,電機工程學系,M,1,,30,30,0,0,true,false,2026-08-29T21:00:11+00:00,ok
115-1-EE-F581-M-1-,115,1,F581,電腦網路,EE,電機工程學系,M,1,,30,30,0,0,true,false,2026-08-29T21:00:11+00:00,ok
115-1-EE-F584-M-1-,115,1,F584,電腦視覺,EE,電機工程學系,M,1,,30,30,0,0,true,false,2026-08-29T21:00:11+00:00,ok
115-1-EE-F615-M-1-,115,1,F615,半導體雷射,EE,電機工程學系,M,1,,25,17,0,8,false,false,2026-08-29T21:00:11+00:00,ok
115-1-EE-F61C-M-1-,115,1,F61C,功率半導體元件科技導論,EE,電機工程學系,M,1,,31,19,0,12,false,false,2026-08-29T21:00:11+00:00,ok
115-1-EE-F623-M-1-,115,1,F623,半導體製作與量測,EE,電機工程學系,M,1,,30,30,0,0,true,false,2026-08-29T21:00:11+00:00,ok
115-1-EE-F654-M-1-,115,1,F654,光電子學(一),EE,電機工程學系,M,1,,25,22,0,3,false,false,2026-08-29T21:00:11+00:00,ok
115-1-EE-F714-M-1-,115,1,F714,多媒體系統,EE,電機工程學系,M,1,,20,3,0,17,false,false,2026-08-29T21:00:11+00:00,ok
115-1-EE-F743-M-1-,115,1,F743,奈米及次世代半導體元件導論,EE,電機工程學系,M,1,,31,3,0,28,false,false,2026-08-29T21:00:11+00:00,ok
115-1-EE-F755-M-1-,115,1,F755,光電工程概論,EE,電機工程學系,M,1,,40,40,0,0,true,false,2026-08-29T21:00:11+00:00,ok
115-1-EE-F797-M-1-,115,1,F797,微波工程,EE,電機工程學系,M,1,,33,29,0,4,false,false,2026-08-29T21:00:11+00:00,ok
115-1-EE-F845-M-1-,115,1,F845,先進太陽電池技術,EE,電機工程學系,M,1,,40,29,0,11,false,false,2026-08-29T21:00:11+00:00,ok
115-1-EE-F945-M-1-,115,1,F945,計算智慧,EE,電機工程學系,M,1,,30,17,0,13,false,false,2026-08-29T21:00:11+00:00,ok
115-1-EE-F946-M-1-,115,1,F946,軟硬體協同設計,EE,電機工程學系,M,1,,40,0,0,40,false,false,2026-08-29T21:00:11+00:00,ok
115-1-EE-F981-M-1-,115,1,F981,潔淨室製程技術,EE,電機工程學系,M,1,,30,30,0,0,true,false,2026-08-29T21:00:11+00:00,ok
115-1-EE-F992-M-1-,115,1,F992,半導體元件物理,EE,電機工程學系,M,1,,80,78,0,2,false,false,2026-08-29T21:00:11+00:00,ok
115-1-EE-G713-M-1-,115,1,G713,類比積體電路設計,EE,電機工程學系,M,1,,30,9,0,21,false,false,2026-08-29T21:00:11+00:00,ok
115-1-EE-K001-M-1-,115,1,K001,專題討論,EE,電機工程學系,M,1,,90,66,0,24,false,false,2026-08-29T21:00:11+00:00,ok
115-1-EE-K57A-M-1-,115,1,K57A,應用量子力學(一),EE,電機工程學系,M,1,,40,11,0,29,false,false,2026-08-29T21:00:11+00:00,ok
115-1-EE-K586-M-1-,115,1,K586,微波電路之合成理論與設計方法,EE,電機工程學系,M,1,,0,0,0,0,true,false,2026-08-29T21:00:11+00:00,ok
115-1-EE-F557-M-2-,115,1,F557,積體電路元件精要,EE,電機工程學系,M,2,,30,30,0,0,true,false,2026-08-29T21:00:11+00:00,ok
115-1-EE-F581-M-2-,115,1,F581,電腦網路,EE,電機工程學系,M,2,,30,30,0,0,true,false,2026-08-29T21:00:11+00:00,ok
115-1-EE-F584-M-2-,115,1,F584,電腦視覺,EE,電機工程學系,M,2,,30,30,0,0,true,false,2026-08-29T21:00:11+00:00,ok
115-1-EE-F615-M-2-,115,1,F615,半導體雷射,EE,電機工程學系,M,2,,25,17,0,8,false,false,2026-08-29T21:00:11+00:00,ok
115-1-EE-F61C-M-2-,115,1,F61C,功率半導體元件科技導論,EE,電機工程學系,M,2,,31,19,0,12,false,false,2026-08-29T21:00:11+00:00,ok
115-1-EE-F623-M-2-,115,1,F623,半導體製作與量測,EE,電機工程學系,M,2,,30,30,0,0,true,false,2026-08-29T21:00:11+00:00,ok
115-1-EE-F654-M-2-,115,1,F654,光電子學(一),EE,電機工程學系,M,2,,25,22,0,3,false,false,2026-08-29T21:00:11+00:00,ok
115-1-EE-F714-M-2-,115,1,F714,多媒體系統,EE,電機工程學系,M,2,,20,3,0,17,false,false,2026-08-29T21:00:11+00:00,ok
115-1-EE-F743-M-2-,115,1,F743,奈米及次世代半導體元件導論,EE,電機工程學系,M,2,,31,3,0,28,false,false,2026-08-29T21:00:11+00:00,ok
115-1-EE-F755-M-2-,115,1,F755,光電工程概論,EE,電機工程學系,M,2,,40,40,0,0,true,false,2026-08-29T21:00:11+00:00,ok
115-1-EE-F797-M-2-,115,1,F797,微波工程,EE,電機工程學系,M,2,,33,29,0,4,false,false,2026-08-29T21:00:11+00:00,ok
115-1-EE-F845-M-2-,115,1,F845,先進太陽電池技術,EE,電機工程學系,M,2,,40,29,0,11,false,false,2026-08-29T21:00:11+00:00,ok
115-1-EE-F945-M-2-,115,1,F945,計算智慧,EE,電機工程學系,M,2,,30,17,0,13,false,false,2026-08-29T21:00:11+00:00,ok
115-1-EE-F946-M-2-,115,1,F946,軟硬體協同設計,EE,電機工程學系,M,2,,40,0,0,40,false,false,2026-08-29T21:00:11+00:00,ok
115-1-EE-F981-M-2-,115,1,F981,潔淨室製程技術,EE,電機工程學系,M,2,,30,30,0,0,true,false,2026-08-29T21:00:11+00:00,ok
115-1-EE-F992-M-2-,115,1,F992,半導體元件物理,EE,電機工程學系,M,2,,80,78,0,2,false,false,2026-08-29T21:00:11+00:00,ok
115-1-EE-G713-M-2-,115,1,G713,類比積體電路設計,EE,電機工程學系,M,2,,30,9,0,21,false,false,2026-08-29T21:00:11+00:00,ok
115-1-EE-K001-M-2-,115,1,K001,專題討論,EE,電機工程學系,M,2,,90,66,0,24,false,false,2026-08-29T21:00:11+00:00,ok
115-1-EE-K57A-M-2-,115,1,K57A,應用量子力學(一),EE,電機工程學系,M,2,,40,11,0,29,false,false,2026-08-29T21:00:11+00:00,ok
115-1-EE-K586-M-2-,115,1,K586,微波電路之合成理論與設計方法,EE,電機工程學系,M,2,,0,0,0,0,true,false,2026-08-29T21:00:11+00:00,ok
115-1-FL-A01A-A-1-A,115,1,A01A,憲法(一),FL,財經法律學系,A,1,A,60,46,0,14,false,false,2026-08-29T21:00:11+00:00,ok
115-1-FL-A03A-A-1-A,115,1,A03A,刑法總則(一),FL,財經法律學系,A,1,A,50,46,0,4,false,false,2026-08-29T21:00:11+00:00,ok
115-1-FL-A041-A-1-A,115,1,A041,經濟學,FL,財經法律學系,A,1,A,60,53,0,7,false,false,2026-08-29T21:00:11+00:00,ok
115-1-FL-A061-A-1-A,115,1,A061,會計學,FL,財經法律學系,A,1,A,60,53,0,7,false,false,2026-08-29T21:00:11+00:00,ok
115-1-FL-A21A-A-1-A,115,1,A21A,民法總則(一),FL,財經法律學系,A,1,A,65,53,0,12,false,false,2026-08-29T21:00:11+00:00,ok
115-1-FL-A171-A-2-A,115,1,A171,民法物權(一),FL,財經法律學系,A,2,A,60,48,0,12,false,false,2026-08-29T21:00:11+00:00,ok
115-1-FL-A19A-A-2-A,115,1,A19A,行政法總論(一),FL,財經法律學系,A,2,A,60,50,0,10,false,false,2026-08-29T21:00:11+00:00,ok
115-1-FL-A201-A-2-A,115,1,A201,民法債編總論(一),FL,財經法律學系,A,2,A,60,50,0,10,false,false,2026-08-29T21:00:11+00:00,ok
115-1-FL-B04A-A-2-A,115,1,B04A,刑法分則(一),FL,財經法律學系,A,2,A,60,39,0,21,false,false,2026-08-29T21:00:11+00:00,ok
115-1-FL-B571-A-2-A,115,1,B571,智慧財產權法,FL,財經法律學系,A,2,A,60,60,0,0,true,false,2026-08-29T21:00:11+00:00,ok
115-1-FL-B151-A-3-A,115,1,B151,民法債編各論(一),FL,財經法律學系,A,3,A,60,60,0,0,true,false,2026-08-29T21:00:11+00:00,ok
115-1-FL-C01A-A-3-A,115,1,C01A,民事訴訟法(一),FL,財經法律學系,A,3,A,65,35,0,30,false,false,2026-08-29T21:00:11+00:00,ok
115-1-FL-C02A-A-3-A,115,1,C02A,刑事訴訟法(一),FL,財經法律學系,A,3,A,60,28,0,32,false,false,2026-08-29T21:00:11+00:00,ok
115-1-FL-C031-A-3-A,115,1,C031,支付及信用工具法(票據法),FL,財經法律學系,A,3,A,60,9,0,51,false,false,2026-08-29T21:00:11+00:00,ok
115-1-FL-C041-A-3-A,115,1,C041,保險法,FL,財經法律學系,A,3,A,60,11,0,49,false,false,2026-08-29T21:00:11+00:00,ok
115-1-FL-C142-A-3-A,115,1,C142,證券交易法,FL,財經法律學系,A,3,A,60,54,0,6,false,false,2026-08-29T21:00:11+00:00,ok
115-1-FL-C582-A-3-A,115,1,C582,海洋法,FL,財經法律學系,A,3,A,60,36,0,24,false,false,2026-08-29T21:00:11+00:00,ok
115-1-FL-C641-A-3-A,115,1,C641,信託法,FL,財經法律學系,A,3,A,60,60,0,0,true,false,2026-08-29T21:00:11+00:00,ok
115-1-FL-C702-A-3-A,115,1,C702,國際經濟法,FL,財經法律學系,A,3,A,60,36,0,24,false,false,2026-08-29T21:00:11+00:00,ok
115-1-FL-D021-A-4-A,115,1,D021,商事法實例演習,FL,財經法律學系,A,4,A,60,26,0,34,false,false,2026-08-29T21:00:11+00:00,ok
115-1-FL-D023-A-4-A,115,1,D023,公法實例演習,FL,財經法律學系,A,4,A,50,25,0,25,false,false,2026-08-29T21:00:11+00:00,ok
115-1-FL-D512-A-4-A,115,1,D512,國際公法,FL,財經法律學系,A,4,A,80,26,0,54,false,false,2026-08-29T21:00:11+00:00,ok
115-1-FL-D541-A-4-A,115,1,D541,著作權法,FL,財經法律學系,A,4,A,60,60,0,0,true,false,2026-08-29T21:00:11+00:00,ok
115-1-FL-D572-A-4-A,115,1,D572,財經法律倫理,FL,財經法律學系,A,4,A,60,41,0,19,false,false,2026-08-29T21:00:11+00:00,ok
115-1-FL-D711-A-4-A,115,1,D711,強制執行法,FL,財經法律學系,A,4,A,60,25,0,35,false,false,2026-08-29T21:00:11+00:00,ok
115-1-FL-P01A-F-1-,115,1,P01A,憲法(一),FL,財經法律學系,F,1,,60,60,0,0,true,false,2026-08-29T21:00:11+00:00,ok
115-1-FL-P03A-F-1-,115,1,P03A,刑法總則(一),FL,財經法律學系,F,1,,60,51,0,9,false,false,2026-08-29T21:00:11+00:00,ok
115-1-FL-P051-F-1-,115,1,P051,會計學,FL,財經法律學系,F,1,,60,27,0,33,false,false,2026-08-29T21:00:11+00:00,ok
115-1-FL-P052-F-1-,115,1,P052,經濟學,FL,財經法律學系,F,1,,60,24,0,36,false,false,2026-08-29T21:00:11+00:00,ok
115-1-FL-P522-F-1-,115,1,P522,法學緒論,FL,財經法律學系,F,1,,50,15,0,35,false,false,2026-08-29T21:00:11+00:00,ok
115-1-FL-P533-F-1-,115,1,P533,環境法,FL,財經法律學系,F,1,,60,25,0,35,false,false,2026-08-29T21:00:11+00:00,ok
115-1-FL-P04A-F-2-,115,1,P04A,行政法(一),FL,財經法律學系,F,2,,60,39,0,21,false,false,2026-08-29T21:00:11+00:00,ok
115-1-FL-Q02A-F-2-,115,1,Q02A,民法物權(二),FL,財經法律學系,F,2,,60,26,0,34,false,false,2026-08-29T21:00:11+00:00,ok
115-1-FL-Q03A-F-2-,115,1,Q03A,刑法分則(一),FL,財經法律學系,F,2,,60,17,0,43,false,false,2026-08-29T21:00:11+00:00,ok
115-1-FL-Q112-F-2-,115,1,Q112,民法債編總論(一),FL,財經法律學系,F,2,,100,22,0,78,false,false,2026-08-29T21:00:11+00:00,ok
115-1-FL-Q141-F-2-,115,1,Q141,民法親屬,FL,財經法律學系,F,2,,60,23,0,37,false,false,2026-08-29T21:00:11+00:00,ok
115-1-FL-Q522-F-2-,115,1,Q522,商標法,FL,財經法律學系,F,2,,60,39,0,21,false,false,2026-08-29T21:00:11+00:00,ok
115-1-FL-R534-F-2-,115,1,R534,智慧財產權法,FL,財經法律學系,F,2,,60,22,0,38,false,false,2026-08-29T21:00:11+00:00,ok
115-1-FL-R02A-F-3-,115,1,R02A,刑事訴訟法(一),FL,財經法律學系,F,3,,60,57,0,3,false,false,2026-08-29T21:00:11+00:00,ok
115-1-FL-R041-F-3-,115,1,R041,支付及信用工具法(票據法),FL,財經法律學系,F,3,,60,60,0,0,true,false,2026-08-29T21:00:11+00:00,ok
115-1-FL-R08A-F-3-,115,1,R08A,民事訴訟法(一),FL,財經法律學系,F,3,,60,31,0,29,false,false,2026-08-29T21:00:11+00:00,ok
115-1-FL-R091-F-3-,115,1,R091,保險法,FL,財經法律學系,F,3,,60,60,0,0,true,false,2026-08-29T21:00:11+00:00,ok
115-1-FL-R121-F-3-,115,1,R121,民法債編各論(二),FL,財經法律學系,F,3,,60,30,0,30,false,false,2026-08-29T21:00:11+00:00,ok
115-1-FL-R533-F-3-,115,1,R533,專利法,FL,財經法律學系,F,3,,60,45,0,15,false,false,2026-08-29T21:00:11+00:00,ok
115-1-FL-R593-F-3-,115,1,R593,刑法方法論,FL,財經法律學系,F,3,,15,15,0,0,true,false,2026-08-29T21:00:11+00:00,ok
115-1-FL-R611-F-3-,115,1,R611,大陸刑法概論(一),FL,財經法律學系,F,3,,60,50,0,10,false,false,2026-08-29T21:00:11+00:00,ok
115-1-FL-F01A-M-1-,115,1,F01A,法學日文(一),FL,財經法律學系,M,1,,20,6,0,14,false,false,2026-08-29T21:00:11+00:00,ok
115-1-FL-F512-M-1-,115,1,F512,著作權法專題研究,FL,財經法律學系,M,1,,20,14,0,6,false,false,2026-08-29T21:00:11+00:00,ok
115-1-FL-F527-M-1-,115,1,F527,科技刑法專題研究(一),FL,財經法律學系,M,1,,8,8,0,0,true,false,2026-08-29T21:00:11+00:00,ok
115-1-FL-F53E-M-1-,115,1,F53E,國際公法專題研究(一),FL,財經法律學系,M,1,,20,3,0,17,false,false,2026-08-29T21:00:11+00:00,ok
115-1-FL-F588-M-1-,115,1,F588,比較財產法專題研究-歐洲私法統一之初探,FL,財經法律學系,M,1,,20,15,0,5,false,false,2026-08-29T21:00:11+00:00,ok
115-1-FL-F713-M-1-,115,1,F713,ADR與民事程序專題研究,FL,財經法律學系,M,1,,20,11,0,9,false,false,2026-08-29T21:00:11+00:00,ok
115-1-GL-A011-A-1-A,115,1,A011,政治學,GL,政治法律學系,A,1,A,60,60,0,0,true,false,2026-08-29T21:00:11+00:00,ok
115-1-GL-A03A-A-1-A,115,1,A03A,憲法(一),GL,政治法律學系,A,1,A,60,60,0,0,true,false,2026-08-29T21:00:11+00:00,ok
115-1-GL-A041-A-1-A,115,1,A041,民法總則,GL,政治法律學系,A,1,A,60,60,0,0,true,false,2026-08-29T21:00:11+00:00,ok
115-1-GL-A10A-A-1-A,115,1,A10A,行政學 (一),GL,政治法律學系,A,1,A,60,60,0,0,true,false,2026-08-29T21:00:11+00:00,ok
115-1-GL-A111-A-1-A,115,1,A111,刑法總則(一),GL,政治法律學系,A,1,A,100,86,0,14,false,false,2026-08-29T21:00:11+00:00,ok
115-1-GL-A572-A-1-A,115,1,A572,政法入門,GL,政治法律學系,A,1,A,60,52,0,8,false,false,2026-08-29T21:00:11+00:00,ok
115-1-GL-B011-A-2-A,115,1,B011,行政法(一),GL,政治法律學系,A,2,A,60,58,0,2,false,false,2026-08-29T21:00:11+00:00,ok
115-1-GL-B02A-A-2-A,115,1,B02A,比較政府(一),GL,政治法律學系,A,2,A,60,59,0,1,false,false,2026-08-29T21:00:11+00:00,ok
115-1-GL-B031-A-2-A,115,1,B031,民法債編總論(二),GL,政治法律學系,A,2,A,60,60,0,0,true,false,2026-08-29T21:00:11+00:00,ok
115-1-GL-B05A-A-2-A,115,1,B05A,刑法分則(一),GL,政治法律學系,A,2,A,60,60,0,0,true,false,2026-08-29T21:00:11+00:00,ok
115-1-GL-C191-A-2-A,115,1,C191,商事法總論暨公司法,GL,法律學系,A,2,A,90,90,0,0,true,false,2026-08-29T21:00:11+00:00,ok
115-1-GL-B14B-A-3-A,115,1,B14B,民法債編各論(二),GL,政治法律學系,A,3,A,60,41,0,19,false,false,2026-08-29T21:00:11+00:00,ok
115-1-GL-C04B-A-3-A,115,1,C04B,民事訴訟法(二),GL,政治法律學系,A,3,A,60,44,0,16,false,false,2026-08-29T21:00:11+00:00,ok
115-1-GL-C05A-A-3-A,115,1,C05A,刑事訴訟法(一),GL,政治法律學系,A,3,A,60,60,0,0,true,false,2026-08-29T21:00:11+00:00,ok
115-1-GL-C14A-A-3-A,115,1,C14A,比較政治(一),GL,政治法律學系,A,3,A,60,10,0,50,false,false,2026-08-29T21:00:11+00:00,ok
115-1-GL-C171-A-3-A,115,1,C171,行政爭訟法(一),GL,政治法律學系,A,3,A,60,45,0,15,false,false,2026-08-29T21:00:11+00:00,ok
115-1-GL-C191-A-3-A,115,1,C191,商事法總論暨公司法,GL,政治法律學系,A,3,A,90,90,0,0,true,false,2026-08-29T21:00:11+00:00,ok
115-1-GL-C194-A-3-A,115,1,C194,支付及信用工具法(票據法),GL,政治法律學系,A,3,A,60,38,0,22,false,false,2026-08-29T21:00:11+00:00,ok
115-1-GL-C31B-A-3-A,115,1,C31B,行政法實例演習（二）,GL,政治法律學系,A,3,A,60,51,0,9,false,false,2026-08-29T21:00:11+00:00,ok
115-1-GL-C657-A-3-A,115,1,C657,社會法,GL,政治法律學系,A,3,A,60,20,0,40,false,false,2026-08-29T21:00:11+00:00,ok
115-1-GL-B542-A-4-A,115,1,B542,資訊行政法,GL,政治法律學系,A,4,A,60,13,0,47,false,false,2026-08-29T21:00:11+00:00,ok
115-1-GL-D052-A-4-A,115,1,D052,公務員法制,GL,政治法律學系,A,4,A,60,7,0,53,false,false,2026-08-29T21:00:11+00:00,ok
115-1-GL-D101-A-4-A,115,1,D101,政治經濟學,GL,政治法律學系,A,4,A,60,13,0,47,false,false,2026-08-29T21:00:11+00:00,ok
115-1-GL-D111-A-4-A,115,1,D111,法律政策學,GL,政治法律學系,A,4,A,63,47,0,16,false,false,2026-08-29T21:00:11+00:00,ok
115-1-GL-D141-A-4-A,115,1,D141,公法實例演習(一),GL,政治法律學系,A,4,A,60,47,0,13,false,false,2026-08-29T21:00:11+00:00,ok
115-1-GL-D685-A-4-A,115,1,D685,移民法,GL,政治法律學系,A,4,A,60,29,0,31,false,false,2026-08-29T21:00:11+00:00,ok
115-1-GL-P02A-F-1-,115,1,P02A,行政學(一),GL,政治法律學系,F,1,,60,11,0,49,false,false,2026-08-29T21:00:11+00:00,ok
115-1-GL-P061-F-1-,115,1,P061,法學緒論,GL,政治法律學系,F,1,,60,17,0,43,false,false,2026-08-29T21:00:11+00:00,ok
115-1-GL-P071-F-1-,115,1,P071,政治學(一),GL,政治法律學系,F,1,,60,11,0,49,false,false,2026-08-29T21:00:11+00:00,ok
115-1-GL-P121-F-1-,115,1,P121,民法總則(一),GL,財經法律學系,F,1,,70,56,0,14,false,false,2026-08-29T21:00:11+00:00,ok
115-1-GL-Q08A-F-2-,115,1,Q08A,刑法分則(一),GL,政治法律學系,F,2,,60,31,0,29,false,false,2026-08-29T21:00:11+00:00,ok
115-1-GL-Q092-F-2-,115,1,Q092,比較政府,GL,政治法律學系,F,2,,60,9,0,51,false,false,2026-08-29T21:00:11+00:00,ok
115-1-GL-Q102-F-2-,115,1,Q102,行政法(一),GL,政治法律學系,F,2,,60,2,0,58,false,false,2026-08-29T21:00:11+00:00,ok
115-1-GL-Q12A-F-2-,115,1,Q12A,民法實例演習（一）,GL,政治法律學系,F,2,,60,39,0,21,false,false,2026-08-29T21:00:11+00:00,ok
115-1-GL-Q172-F-2-,115,1,Q172,民法親屬,GL,政治法律學系,F,2,,60,43,0,17,false,false,2026-08-29T21:00:11+00:00,ok
115-1-GL-Q521-F-2-,115,1,Q521,犯罪學,GL,政治法律學系,F,2,,60,32,0,28,false,false,2026-08-29T21:00:11+00:00,ok
115-1-GL-Q533-F-2-,115,1,Q533,法律實務綜合研習(二),GL,政治法律學系,F,2,,60,1,0,59,false,false,2026-08-29T21:00:11+00:00,ok
115-1-GL-P532-F-3-,115,1,P532,行政罰法,GL,政治法律學系,F,3,,60,14,0,46,false,false,2026-08-29T21:00:11+00:00,ok
115-1-GL-P582-F-3-,115,1,P582,土地法規(含登記實務),GL,政治法律學系,F,3,,60,30,0,30,false,false,2026-08-29T21:00:11+00:00,ok
115-1-GL-Q554-F-3-,115,1,Q554,刑法實例演習(一),GL,政治法律學系,F,3,,20,20,0,0,true,false,2026-08-29T21:00:11+00:00,ok
115-1-GL-R02B-F-3-,115,1,R02B,民事訴訟法(二),GL,政治法律學系,F,3,,60,8,0,52,false,false,2026-08-29T21:00:11+00:00,ok
115-1-GL-R04A-F-3-,115,1,R04A,行政爭訟法(一),GL,政治法律學系,F,3,,60,5,0,55,false,false,2026-08-29T21:00:11+00:00,ok
115-1-GL-R162-F-3-,115,1,R162,裁判外紛爭解決機制,GL,政治法律學系,F,3,,30,9,0,21,false,false,2026-08-29T21:00:11+00:00,ok
115-1-GL-T021-L-1-,115,1,T021,行政法專題研究,GL,政治法律學系,L,1,,30,7,0,23,false,false,2026-08-29T21:00:11+00:00,ok
115-1-GL-T022-L-1-,115,1,T022,憲政發展專題研究,GL,政治法律學系,L,1,,30,3,0,27,false,false,2026-08-29T21:00:11+00:00,ok
115-1-GL-T028-L-1-,115,1,T028,行政程序法制專題研究,GL,政治法律學系,L,1,,30,9,0,21,false,false,2026-08-29T21:00:11+00:00,ok
115-1-GL-T031-L-1-,115,1,T031,政治發展與民主化專題研究,GL,政治法律學系,L,1,,30,7,0,23,false,false,2026-08-29T21:00:11+00:00,ok
115-1-GL-U031-L-1-,115,1,U031,地方自治法制專題研究,GL,政治法律學系,L,1,,30,13,0,17,false,false,2026-08-29T21:00:11+00:00,ok
115-1-GL-T047-L-2-,115,1,T047,人力資源管理專題研究,GL,政治法律學系,L,2,,30,8,0,22,false,false,2026-08-29T21:00:11+00:00,ok
115-1-GL-F012-M-1-,115,1,F012,國際關係專題研究,GL,政治法律學系,M,1,,30,3,0,27,false,false,2026-08-29T21:00:11+00:00,ok
115-1-GL-F107-M-1-,115,1,F107,憲法與民主專題研究,GL,政治法律學系,M,1,,30,9,0,21,false,false,2026-08-29T21:00:11+00:00,ok
115-1-GL-F135-M-1-,115,1,F135,行政程序法專題研究,GL,政治法律學系,M,1,,30,3,0,27,false,false,2026-08-29T21:00:11+00:00,ok
115-1-GL-F13A-M-1-,115,1,F13A,行政法專題研究(一),GL,政治法律學系,M,1,,30,2,0,28,false,false,2026-08-29T21:00:11+00:00,ok
115-1-GL-F141-M-1-,115,1,F141,國家理論專題研究,GL,政治法律學系,M,1,,30,4,0,26,false,false,2026-08-29T21:00:11+00:00,ok
115-1-GL-F133-M-2-,115,1,F133,公共管理專題研究,GL,政治法律學系,M,2,,30,4,0,26,false,false,2026-08-29T21:00:11+00:00,ok
115-1-LA-A011-A-1-A,115,1,A011,民法總則,LA,法律學系,A,1,A,90,61,0,29,false,false,2026-08-29T21:00:11+00:00,ok
115-1-LA-A031-A-1-A,115,1,A031,政治學,LA,法律學系,A,1,A,60,60,0,0,true,false,2026-08-29T21:00:11+00:00,ok
115-1-LA-A061-A-1-A,115,1,A061,經濟學,LA,法律學系,A,1,A,60,56,0,4,false,false,2026-08-29T21:00:11+00:00,ok
115-1-LA-A071-A-1-A,115,1,A071,刑法總則(一),LA,法律學系,A,1,A,60,58,0,2,false,false,2026-08-29T21:00:11+00:00,ok
115-1-LA-A09A-A-1-A,115,1,A09A,憲法(一),LA,法律學系,A,1,A,60,60,0,0,true,false,2026-08-29T21:00:11+00:00,ok
115-1-LA-A501-A-1-A,115,1,A501,法學緒論,LA,法律學系,A,1,A,60,60,0,0,true,false,2026-08-29T21:00:11+00:00,ok
115-1-LA-B001-A-2-A,115,1,B001,民法債編總論(二),LA,法律學系,A,2,A,60,50,0,10,false,false,2026-08-29T21:00:11+00:00,ok
115-1-LA-B03A-A-2-A,115,1,B03A,行政法總論(一),LA,法律學系,A,2,A,60,55,0,5,false,false,2026-08-29T21:00:11+00:00,ok
115-1-LA-B04A-A-2-A,115,1,B04A,民法物權(一),LA,政治法律學系,A,2,A,130,113,0,17,false,false,2026-08-29T21:00:11+00:00,ok
115-1-LA-B05A-A-2-A,115,1,B05A,日文(一),LA,法律學系,A,2,A,60,32,0,28,false,false,2026-08-29T21:00:11+00:00,ok
115-1-LA-B06A-A-2-A,115,1,B06A,德文(一),LA,法律學系,A,2,A,45,45,0,0,true,false,2026-08-29T21:00:11+00:00,ok
115-1-LA-B071-A-2-A,115,1,B071,刑法分則(一),LA,法律學系,A,2,A,60,53,0,7,false,false,2026-08-29T21:00:11+00:00,ok
115-1-LA-B141-A-2-A,115,1,B141,民法親屬,LA,財經法律學系,A,2,A,120,120,0,0,true,false,2026-08-29T21:00:11+00:00,ok
115-1-LA-B641-A-2-A,115,1,B641,勞動法概論,LA,法律學系,A,2,A,60,60,0,0,true,false,2026-08-29T21:00:11+00:00,ok
115-1-LA-C641-A-2-A,115,1,C641,英美法導論,LA,法律學系,A,2,A,60,58,0,2,false,false,2026-08-29T21:00:11+00:00,ok
115-1-LA-D621-A-2-A,115,1,D621,法律服務(一),LA,法律學系,A,2,A,30,7,0,23,false,false,2026-08-29T21:00:11+00:00,ok
115-1-LA-B141-A-3-A,115,1,B141,民法親屬,LA,法律學系,A,3,A,120,120,0,0,true,false,2026-08-29T21:00:11+00:00,ok
115-1-LA-C011-A-3-A,115,1,C011,支付與信用工具法(票據法),LA,法律學系,A,3,A,80,58,0,22,false,false,2026-08-29T21:00:11+00:00,ok
115-1-LA-C02A-A-3-A,115,1,C02A,民事訴訟法(一),LA,法律學系,A,3,A,60,50,0,10,false,false,2026-08-29T21:00:11+00:00,ok
115-1-LA-C03A-A-3-A,115,1,C03A,刑事訴訟法(一),LA,法律學系,A,3,A,60,60,0,0,true,false,2026-08-29T21:00:11+00:00,ok
115-1-LA-C041-A-3-A,115,1,C041,保險法,LA,法律學系,A,3,A,80,69,0,11,false,false,2026-08-29T21:00:11+00:00,ok
115-1-LA-C131-A-3-A,115,1,C131,民法債編各論(二),LA,法律學系,A,3,A,60,47,0,13,false,false,2026-08-29T21:00:11+00:00,ok
115-1-LA-D502-A-3-A,115,1,D502,國際公法,LA,法律學系,A,3,A,60,46,0,14,false,false,2026-08-29T21:00:11+00:00,ok
115-1-LA-D506-A-3-A,115,1,D506,氣候與能源環境法,LA,法律學系,A,3,A,60,55,0,5,false,false,2026-08-29T21:00:11+00:00,ok
115-1-LA-D673-A-3-A,115,1,D673,家事事件法,LA,法律學系,A,3,A,60,60,0,0,true,false,2026-08-29T21:00:11+00:00,ok
115-1-LA-C081-A-4-A,115,1,C081,民法實例演習,LA,法律學系,A,4,A,60,60,0,0,true,false,2026-08-29T21:00:11+00:00,ok
115-1-LA-D011-A-4-A,115,1,D011,國際私法(一),LA,法律學系,A,4,A,130,61,0,69,false,false,2026-08-29T21:00:11+00:00,ok
115-1-LA-D021-A-4-A,115,1,D021,法理學,LA,法律學系,A,4,A,60,60,0,0,true,false,2026-08-29T21:00:11+00:00,ok
115-1-LA-D031-A-4-A,115,1,D031,強制執行法,LA,法律學系,A,4,A,80,78,0,2,false,false,2026-08-29T21:00:11+00:00,ok
115-1-LA-P051-F-1-,115,1,P051,民法債編總論(一),LA,法律學系,F,1,,30,20,0,10,false,false,2026-08-29T21:00:11+00:00,ok
115-1-LA-P08A-F-1-,115,1,P08A,刑法總則(一),LA,法律學系,F,1,,30,13,0,17,false,false,2026-08-29T21:00:11+00:00,ok
115-1-LA-P09A-F-1-,115,1,P09A,行政法(一),LA,法律學系,F,1,,30,12,0,18,false,false,2026-08-29T21:00:11+00:00,ok
115-1-LA-Q11A-F-1-,115,1,Q11A,民法物權(一),LA,法律學系,F,1,,50,21,0,29,false,false,2026-08-29T21:00:11+00:00,ok
115-1-LA-Q13A-F-1-,115,1,Q13A,刑法分則(一),LA,法律學系,F,1,,30,3,0,27,false,false,2026-08-29T21:00:11+00:00,ok
115-1-LA-R071-F-1-,115,1,R071,民事訴訟法(一),LA,法律學系,F,1,,30,11,0,19,false,false,2026-08-29T21:00:11+00:00,ok
115-1-LA-Q11A-F-2-,115,1,Q11A,民法物權(一),LA,政治法律學系,F,2,,50,21,0,29,false,false,2026-08-29T21:00:11+00:00,ok
115-1-LA-T041-L-1-,115,1,T041,基礎法學(英文)(一),LA,法律學系,L,1,,30,22,0,8,false,false,2026-08-29T21:00:11+00:00,ok
115-1-LA-T067-L-1-,115,1,T067,基礎法學(日文)(一),LA,法律學系,L,1,,30,7,0,23,false,false,2026-08-29T21:00:11+00:00,ok
115-1-LA-T073-L-1-,115,1,T073,基礎法學(德文)(一),LA,法律學系,L,1,,30,3,0,27,false,false,2026-08-29T21:00:11+00:00,ok
115-1-LA-T501-L-1-,115,1,T501,憲法專題研究,LA,法律學系,L,1,,30,1,0,29,false,false,2026-08-29T21:00:11+00:00,ok
115-1-LA-T51A-L-1-,115,1,T51A,行政法專題研究(一),LA,法律學系,L,1,,30,3,0,27,false,false,2026-08-29T21:00:11+00:00,ok
115-1-LA-T561-L-1-,115,1,T561,行政救濟法專題研究,LA,法律學系,L,1,,30,19,0,11,false,false,2026-08-29T21:00:11+00:00,ok
115-1-LA-T62E-L-1-,115,1,T62E,少年法專題研究(一),LA,法律學系,L,1,,30,14,0,16,false,false,2026-08-29T21:00:11+00:00,ok
115-1-LA-T66F-L-1-,115,1,T66F,最高法院刑事判決研究─刑事訴訟法(一),LA,法律學系,L,1,,30,3,0,27,false,false,2026-08-29T21:00:11+00:00,ok
115-1-LA-T685-L-1-,115,1,T685,比較保險契約法專題研究(三),LA,法律學系,L,1,,30,8,0,22,false,false,2026-08-29T21:00:11+00:00,ok
115-1-LA-T69A-L-1-,115,1,T69A,刑法暨醫療刑法專題研究(一),LA,法律學系,L,1,,30,15,0,15,false,false,2026-08-29T21:00:11+00:00,ok
115-1-LA-T757-L-1-,115,1,T757,物權法專題研究(三),LA,法律學系,L,1,,30,11,0,19,false,false,2026-08-29T21:00:11+00:00,ok
115-1-LA-T84Y-L-1-,115,1,T84Y,法學與法律英文研究方法與實作(二),LA,法律學系,L,1,,30,9,0,21,false,false,2026-08-29T21:00:11+00:00,ok
115-1-LA-T86E-L-1-,115,1,T86E,公共衛生法規與倫理專題研究(三),LA,法律學系,L,1,,30,12,0,18,false,false,2026-08-29T21:00:11+00:00,ok
115-1-LA-U50A-L-1-,115,1,U50A,法律資訊學專題研究(一),LA,法律學系,L,1,,30,6,0,24,false,false,2026-08-29T21:00:11+00:00,ok
115-1-LA-U511-L-1-,115,1,U511,住宅法與社會住宅營運管理實務專題研究（一）,LA,法律學系,L,1,,30,30,0,0,true,false,2026-08-29T21:00:11+00:00,ok
115-1-LA-U513-L-1-,115,1,U513,都市更新、權利變換法制與實務專題研究(一),LA,法律學系,L,1,,30,18,0,12,false,false,2026-08-29T21:00:11+00:00,ok
115-1-LA-F032-M-1-,115,1,F032,基礎法學(德文)(一),LA,法律學系,M,1,,30,8,0,22,false,false,2026-08-29T21:00:11+00:00,ok
115-1-LA-F592-M-1-,115,1,F592,氣候保護法專題研究(一),LA,法律學系,M,1,,30,6,0,24,false,false,2026-08-29T21:00:11+00:00,ok
115-1-LA-F64C-M-1-,115,1,F64C,國際私法專題研究(三),LA,法律學系,M,1,,30,6,0,24,false,false,2026-08-29T21:00:11+00:00,ok
115-1-LA-F655-M-1-,115,1,F655,德文文獻選讀(一),LA,法律學系,M,1,,30,8,0,22,false,false,2026-08-29T21:00:11+00:00,ok
115-1-LA-F792-M-1-,115,1,F792,信託法與不動產實務專題研究(一),LA,法律學系,M,1,,30,10,0,20,false,false,2026-08-29T21:00:11+00:00,ok
115-1-LA-F852-M-1-,115,1,F852,法理學專題研究(四),LA,法律學系,M,1,,30,5,0,25,false,false,2026-08-29T21:00:11+00:00,ok
115-1-LA-G513-M-1-,115,1,G513,行政組織法專題研究(一),LA,法律學系,M,1,,30,9,0,21,false,false,2026-08-29T21:00:11+00:00,ok
115-1-LA-G562-M-1-,115,1,G562,台越法律專題研究(一),LA,法律學系,M,1,,30,6,0,24,false,false,2026-08-29T21:00:11+00:00,ok
115-1-LAD-K010-D-1-,115,1,K010,學術倫理與法律,LAD,法學院博士班,D,1,,30,2,0,28,false,false,2026-08-29T07:11:26+00:00,ok
115-1-LAD-K50A-D-1-,115,1,K50A,法學英文（一）,LAD,法學院博士班,D,1,,20,12,0,8,false,false,2026-08-29T07:11:26+00:00,ok
115-1-LAD-K50B-D-1-,115,1,K50B,法學德文（一）,LAD,法學院博士班,D,1,,20,5,0,15,false,false,2026-08-29T07:11:26+00:00,ok
115-1-LAD-K50R-D-1-,115,1,K50R,英文法學經典文獻選讀 (二）,LAD,法學院博士班,D,1,,30,1,0,29,false,false,2026-08-29T07:11:26+00:00,ok
115-1-LAD-K52A-D-1-,115,1,K52A,智慧財產權法專題研究（一）,LAD,法學院博士班,D,1,,20,13,0,7,false,false,2026-08-29T07:11:26+00:00,ok
115-1-LAD-K633-D-1-,115,1,K633,警察法專題研究(一),LAD,法學院博士班,D,1,,20,11,0,9,false,false,2026-08-29T07:11:26+00:00,ok
115-1-LAD-K70H-D-1-,115,1,K70H,刑法實務問題專題研究（一）,LAD,法學院博士班,D,1,,30,17,0,13,false,false,2026-08-29T07:11:26+00:00,ok
115-1-LAD-K516-D-2-,115,1,K516,法學英文名著選讀(一~四),LAD,法學院博士班,D,2,,30,1,0,29,false,false,2026-08-29T07:11:26+00:00,ok
115-1-LAD-K694-D-2-,115,1,K694,AI與法律政策發展專題研究(二),LAD,法學院博士班,D,2,,30,3,0,27,false,false,2026-08-29T07:11:26+00:00,ok
115-1-LAD-K50A-M-1-,115,1,K50A,法學英文（一）,LAD,財經法律學系,M,1,,20,12,0,8,false,false,2026-08-29T07:11:26+00:00,ok
115-1-LAD-K50B-M-1-,115,1,K50B,法學德文（一）,LAD,財經法律學系,M,1,,20,5,0,15,false,false,2026-08-29T07:11:26+00:00,ok
115-1-LAD-K52A-M-1-,115,1,K52A,智慧財產權法專題研究（一）,LAD,財經法律學系,M,1,,20,13,0,7,false,false,2026-08-29T07:11:26+00:00,ok
115-1-LAD-K633-M-1-,115,1,K633,警察法專題研究(一),LAD,財經法律學系,M,1,,20,11,0,9,false,false,2026-08-29T07:11:26+00:00,ok
115-1-LAD-K70H-M-1-,115,1,K70H,刑法實務問題專題研究（一）,LAD,法律學系,M,1,,30,17,0,13,false,false,2026-08-29T07:11:26+00:00,ok
115-1-AC-A01A-A-1-A,115,1,A01A,普通化學(一),AC,應用化學系,A,1,A,60,53,0,7,false,false,2026-08-29T21:00:11+00:00,ok
115-1-AC-A02A-A-1-A,115,1,A02A,普通化學實驗(一)(A),AC,應用化學系,A,1,A,30,25,0,5,false,false,2026-08-29T21:00:11+00:00,ok
115-1-AC-A03A-A-1-A,115,1,A03A,普通化學實驗(一)(B),AC,應用化學系,A,1,A,30,20,0,10,false,false,2026-08-29T21:00:11+00:00,ok
115-1-AC-A04A-A-1-A,115,1,A04A,普通物理(一),AC,應用化學系,A,1,A,60,57,0,3,false,false,2026-08-29T21:00:11+00:00,ok
115-1-AC-A05A-A-1-A,115,1,A05A,普通物理實驗(一),AC,應用化學系,A,1,A,60,45,0,15,false,false,2026-08-29T21:00:11+00:00,ok
115-1-AC-A06A-A-1-A,115,1,A06A,微積分(一),AC,應用化學系,A,1,A,71,49,0,22,false,false,2026-08-29T21:00:11+00:00,ok
115-1-AC-A071-A-1-A,115,1,A071,計算機概論,AC,應用化學系,A,1,A,60,55,0,5,false,false,2026-08-29T21:00:11+00:00,ok
115-1-AC-B01A-A-2-A,115,1,B01A,有機化學(一),AC,應用化學系,A,2,A,70,50,0,20,false,false,2026-08-29T21:00:11+00:00,ok
115-1-AC-B041-A-2-A,115,1,B041,有機化學實驗(一)A,AC,應用化學系,A,2,A,60,23,0,37,false,false,2026-08-29T21:00:11+00:00,ok
115-1-AC-B042-A-2-A,115,1,B042,有機化學實驗(一)B,AC,應用化學系,A,2,A,60,20,0,40,false,false,2026-08-29T21:00:11+00:00,ok
115-1-AC-B062-A-2-A,115,1,B062,儀器分析(一),AC,應用化學系,A,2,A,70,70,0,0,true,false,2026-08-29T21:00:11+00:00,ok
115-1-AC-B12A-A-2-A,115,1,B12A,分析化學實驗,AC,應用化學系,A,2,A,60,46,0,14,false,false,2026-08-29T21:00:11+00:00,ok
115-1-AC-B141-A-2-A,115,1,B141,應用化學概論,AC,應用化學系,A,2,A,60,48,0,12,false,false,2026-08-29T21:00:11+00:00,ok
115-1-AC-B583-A-2-A,115,1,B583,化學實驗探究,AC,應用化學系,A,2,A,30,30,0,0,true,false,2026-08-29T21:00:11+00:00,ok
115-1-AC-C01A-A-3-A,115,1,C01A,無機化學(一),AC,應用化學系,A,3,A,70,67,0,3,false,false,2026-08-29T21:00:11+00:00,ok
115-1-AC-C02B-A-3-A,115,1,C02B,物理化學(二),AC,應用化學系,A,3,A,60,57,0,3,false,false,2026-08-29T21:00:11+00:00,ok
115-1-AC-C031-A-3-A,115,1,C031,物理化學實驗,AC,應用化學系,A,3,A,60,45,0,15,false,false,2026-08-29T21:00:11+00:00,ok
115-1-AC-C543-A-3-A,115,1,C543,生物化學(一),AC,應用化學系,A,3,A,60,23,0,37,false,false,2026-08-29T21:00:11+00:00,ok
115-1-AC-C592-A-3-A,115,1,C592,專題研究(一),AC,應用化學系,A,3,A,60,23,0,37,false,false,2026-08-29T21:00:11+00:00,ok
115-1-AC-C601-A-4-A,115,1,C601,書報討論(一),AC,應用化學系,A,4,A,60,26,0,34,false,false,2026-08-29T21:00:11+00:00,ok
115-1-AC-D011-A-4-A,115,1,D011,書報討論(二),AC,應用化學系,A,4,A,60,22,0,38,false,false,2026-08-29T21:00:11+00:00,ok
115-1-AC-F011-M-1-,115,1,F011,書報討論(一),AC,應用化學系,M,1,,20,11,0,9,false,false,2026-08-29T21:00:11+00:00,ok
115-1-AC-F021-M-1-,115,1,F021,化學研究技術,AC,應用化學系,M,1,,30,10,0,20,false,false,2026-08-29T21:00:11+00:00,ok
115-1-AC-F511-M-1-,115,1,F511,質譜學,AC,應用化學系,M,1,,60,17,0,43,false,false,2026-08-29T21:00:11+00:00,ok
115-1-AC-F532-M-1-,115,1,F532,高等有機合成,AC,應用化學系,M,1,,30,4,0,26,false,false,2026-08-29T21:00:11+00:00,ok
115-1-AC-F534-M-1-,115,1,F534,有機化學特論,AC,應用化學系,M,1,,60,22,0,38,false,false,2026-08-29T21:00:11+00:00,ok
115-1-AC-F53A-M-1-,115,1,F53A,光電化學: 基礎與應用,AC,應用化學系,M,1,,30,27,0,3,false,false,2026-08-29T21:00:11+00:00,ok
115-1-AC-F574-M-1-,115,1,F574,光化學概論,AC,應用化學系,M,1,,60,24,0,36,false,false,2026-08-29T21:00:11+00:00,ok
115-1-AC-F590-M-1-,115,1,F590,化學研究(一),AC,應用化學系,M,1,,30,6,0,24,false,false,2026-08-29T21:00:11+00:00,ok
115-1-AC-F621-M-1-,115,1,F621,材料分析,AC,應用化學系,M,1,,40,38,0,2,false,false,2026-08-29T21:00:11+00:00,ok
115-1-AC-F682-M-1-,115,1,F682,分離技術,AC,應用化學系,M,1,,30,17,0,13,false,false,2026-08-29T21:00:11+00:00,ok
115-1-AC-F711-M-1-,115,1,F711,半導體製程概論,AC,應用化學系,M,1,,60,52,0,8,false,false,2026-08-29T21:00:11+00:00,ok
115-1-AC-F781-M-1-,115,1,F781,發光二極體技術概論,AC,應用化學系,M,1,,60,30,0,30,false,false,2026-08-29T21:00:11+00:00,ok
115-1-AC-F625-M-2-,115,1,F625,新穎化學製備實驗,AC,應用化學系,M,2,,30,5,0,25,false,false,2026-08-29T21:00:11+00:00,ok
115-1-AM-A01A-A-1-A,115,1,A01A,微積分(一),AM,應用數學系,A,1,A,80,65,0,15,false,false,2026-08-29T16:47:50+00:00,ok
115-1-AM-A03A-A-1-A,115,1,A03A,基礎數學(一),AM,應用數學系,A,1,A,80,68,0,12,false,false,2026-08-29T16:47:50+00:00,ok
115-1-AM-A05A-A-1-A,115,1,A05A,數學實習(一),AM,應用數學系,A,1,A,60,52,0,8,false,false,2026-08-29T16:47:50+00:00,ok
115-1-AM-A113-A-1-A,115,1,A113,程式語言(一),AM,應用數學系,A,1,A,80,56,0,24,false,false,2026-08-29T16:47:50+00:00,ok
115-1-AM-A54A-A-1-A,115,1,A54A,普通物理學(一),AM,應用數學系,A,1,A,70,55,0,15,false,false,2026-08-29T16:47:50+00:00,ok
115-1-AM-A02A-A-2-A,115,1,A02A,線性代數(一),AM,應用數學系,A,2,A,80,64,0,16,false,false,2026-08-29T16:47:50+00:00,ok
115-1-AM-B01A-A-2-A,115,1,B01A,高等微積分(一),AM,應用數學系,A,2,A,80,52,0,28,false,false,2026-08-29T16:47:50+00:00,ok
115-1-AM-B02A-A-2-A,115,1,B02A,機率與統計(一),AM,應用數學系,A,2,A,80,53,0,27,false,false,2026-08-29T16:47:50+00:00,ok
115-1-AM-B50A-A-2-A,115,1,B50A,數學實習(三),AM,應用數學系,A,2,A,60,32,0,28,false,false,2026-08-29T16:47:50+00:00,ok
115-1-AM-B50C-A-2-A,115,1,B50C,線性代數實習(一),AM,應用數學系,A,2,A,60,48,0,12,false,false,2026-08-29T16:47:50+00:00,ok
115-1-AM-C621-A-2-A,115,1,C621,演算法(一),AM,應用數學系,A,2,A,40,40,0,0,true,false,2026-08-29T16:47:50+00:00,ok
115-1-AM-B041-A-3-A,115,1,B041,代數學(一),AM,應用數學系,A,3,A,80,34,0,46,false,false,2026-08-29T16:47:50+00:00,ok
115-1-AM-B541-A-3-A,115,1,B541,微分方程(二),AM,應用數學系,A,3,A,40,14,0,26,false,false,2026-08-29T16:47:50+00:00,ok
115-1-AM-C011-A-3-A,115,1,C011,數值方法,AM,應用數學系,A,3,A,80,69,0,11,false,false,2026-08-29T16:47:50+00:00,ok
115-1-AM-C02A-A-3-A,115,1,C02A,組合數學(一),AM,應用數學系,A,3,A,80,65,0,15,false,false,2026-08-29T16:47:50+00:00,ok
115-1-AM-C501-A-3-A,115,1,C501,數理統計(一),AM,應用數學系,A,3,A,50,20,0,30,false,false,2026-08-29T16:47:50+00:00,ok
115-1-AM-C63A-A-3-A,115,1,C63A,高等微積分(三),AM,應用數學系,A,3,A,50,38,0,12,false,false,2026-08-29T16:47:50+00:00,ok
115-1-AM-C662-A-3-A,115,1,C662,數學與藝術(一),AM,應用數學系,A,3,A,40,13,0,27,false,false,2026-08-29T16:47:50+00:00,ok
115-1-AM-C561-A-4-A,115,1,C561,複變函數論(一),AM,應用數學系,A,4,A,40,26,0,14,false,false,2026-08-29T16:47:50+00:00,ok
115-1-AM-D553-A-4-A,115,1,D553,泛函分析導論(一),AM,應用數學系,A,4,A,50,21,0,29,false,false,2026-08-29T16:47:50+00:00,ok
115-1-AM-D735-A-4-A,115,1,D735,總體經濟學,AM,應用數學系,A,4,A,50,32,0,18,false,false,2026-08-29T16:47:50+00:00,ok
115-1-AM-D77B-A-4-A,115,1,D77B,專題實作(二),AM,應用數學系,A,4,A,30,14,0,16,false,false,2026-08-29T16:47:50+00:00,ok
115-1-AM-K001-D-1-,115,1,K001,書報討論(一),AM,應用數學系,D,1,,30,7,0,23,false,false,2026-08-29T16:47:50+00:00,ok
115-1-AM-K54A-D-1-,115,1,K54A,實變函數論(一),AM,應用數學系,D,1,,30,11,0,19,false,false,2026-08-29T16:47:50+00:00,ok
115-1-AM-K55F-D-1-,115,1,K55F,大型矩陣計算,AM,應用數學系,D,1,,30,7,0,23,false,false,2026-08-29T16:47:50+00:00,ok
115-1-AM-K61A-D-1-,115,1,K61A,變分法專題（一）,AM,應用數學系,D,1,,30,0,0,30,false,false,2026-08-29T16:47:50+00:00,ok
115-1-AM-K61C-D-1-,115,1,K61C,數學建模專題(一),AM,應用數學系,D,1,,30,2,0,28,false,false,2026-08-29T16:47:50+00:00,ok
115-1-AM-K721-D-1-,115,1,K721,最佳化理論與方法(一),AM,應用數學系,D,1,,30,16,0,14,false,false,2026-08-29T16:47:50+00:00,ok
115-1-AM-F50A-M-1-,115,1,F50A,動態系統專題(一),AM,應用數學系,M,1,,30,3,0,27,false,false,2026-08-29T16:47:50+00:00,ok
115-1-AM-F50C-M-1-,115,1,F50C,符號動態系統(一),AM,應用數學系,M,1,,30,2,0,28,false,false,2026-08-29T16:47:50+00:00,ok
115-1-AM-F52A-M-1-,115,1,F52A,應用數學方法(一),AM,應用數學系,M,1,,30,5,0,25,false,false,2026-08-29T16:47:50+00:00,ok
115-1-AM-F52E-M-1-,115,1,F52E,近世代數(一),AM,應用數學系,M,1,,30,3,0,27,false,false,2026-08-29T16:47:50+00:00,ok
115-1-AM-F602-M-1-,115,1,F602,科學計算專題（一）,AM,應用數學系,M,1,,30,1,0,29,false,false,2026-08-29T16:47:50+00:00,ok
115-1-AM-F776-M-1-,115,1,F776,動態系統(一),AM,應用數學系,M,1,,30,2,0,28,false,false,2026-08-29T16:47:50+00:00,ok
115-1-AM-F77E-M-1-,115,1,F77E,計算拓樸學(一),AM,應用數學系,M,1,,30,8,0,22,false,false,2026-08-29T16:47:50+00:00,ok
115-1-AM-F822-M-1-,115,1,F822,機器學習專題(一),AM,應用數學系,M,1,,30,6,0,24,false,false,2026-08-29T16:47:50+00:00,ok
115-1-AM-F85A-M-1-,115,1,F85A,資料驅動的科學與工程(一),AM,應用數學系,M,1,,30,10,0,20,false,false,2026-08-29T16:47:50+00:00,ok
115-1-AM-K001-M-1-,115,1,K001,書報討論(一),AM,應用數學系,M,1,,30,7,0,23,false,false,2026-08-29T16:47:50+00:00,ok
115-1-AM-K54A-M-1-,115,1,K54A,實變函數論(一),AM,應用數學系,M,1,,30,11,0,19,false,false,2026-08-29T16:47:50+00:00,ok
115-1-AM-K55F-M-1-,115,1,K55F,大型矩陣計算,AM,應用數學系,M,1,,30,7,0,23,false,false,2026-08-29T16:47:50+00:00,ok
115-1-AM-K721-M-1-,115,1,K721,最佳化理論與方法(一),AM,應用數學系,M,1,,30,16,0,14,false,false,2026-08-29T16:47:50+00:00,ok
115-1-AP-A01A-A-1-A,115,1,A01A,微積分(一),AP,應用物理學系,A,1,A,60,60,0,0,true,false,2026-08-29T21:00:11+00:00,ok
115-1-AP-A03A-A-1-A,115,1,A03A,普通物理學(一),AP,應用物理學系,A,1,A,60,60,0,0,true,false,2026-08-29T21:00:11+00:00,ok
115-1-AP-A05A-A-1-A,115,1,A05A,普通化學(一),AP,應用物理學系,A,1,A,60,60,0,0,true,false,2026-08-29T21:00:11+00:00,ok
115-1-AP-A06A-A-1-A,115,1,A06A,普通化學實驗(一),AP,應用物理學系,A,1,A,60,58,0,2,false,false,2026-08-29T21:00:11+00:00,ok
115-1-AP-A101-A-1-A,115,1,A101,普通物理實驗(一)A,AP,應用物理學系,A,1,A,30,30,0,0,true,false,2026-08-29T21:00:11+00:00,ok
115-1-AP-A102-A-1-A,115,1,A102,普通物理實驗(一)B,AP,應用物理學系,A,1,A,30,19,0,11,false,false,2026-08-29T21:00:11+00:00,ok
115-1-AP-A103-A-1-A,115,1,A103,普通物理演習(一),AP,應用物理學系,A,1,A,60,50,0,10,false,false,2026-08-29T21:00:11+00:00,ok
115-1-AP-B553-A-1-A,115,1,B553,科學實作,AP,應用物理學系,A,1,A,30,30,0,0,true,false,2026-08-29T21:00:11+00:00,ok
115-1-AP-A162-A-2-A,115,1,A162,工程數學(二),AP,應用物理學系,A,2,A,60,57,0,3,false,false,2026-08-29T21:00:11+00:00,ok
115-1-AP-B011-A-2-A,115,1,B011,基礎物理實驗,AP,應用物理學系,A,2,A,60,59,0,1,false,false,2026-08-29T21:00:11+00:00,ok
115-1-AP-B03A-A-2-A,115,1,B03A,電磁學(一),AP,應用物理學系,A,2,A,60,60,0,0,true,false,2026-08-29T21:00:11+00:00,ok
115-1-AP-B041-A-2-A,115,1,B041,理論力學(一),AP,應用物理學系,A,2,A,60,54,0,6,false,false,2026-08-29T21:00:11+00:00,ok
115-1-AP-B521-A-2-A,115,1,B521,奈米科技導論,AP,應用物理學系,A,2,A,60,60,0,0,true,false,2026-08-29T21:00:11+00:00,ok
115-1-AP-B53A-A-2-A,115,1,B53A,電路學(一),AP,應用物理學系,A,2,A,60,60,0,0,true,false,2026-08-29T21:00:11+00:00,ok
115-1-AP-B553-A-2-A,115,1,B553,科學實作,AP,應用物理學系,A,2,A,30,30,0,0,true,false,2026-08-29T21:00:11+00:00,ok
115-1-AP-A171-A-3-A,115,1,A171,專題實作(一),AP,應用物理學系,A,3,A,60,42,0,18,false,false,2026-08-29T21:00:11+00:00,ok
115-1-AP-C01A-A-3-A,115,1,C01A,應用電子學實驗(一),AP,應用物理學系,A,3,A,60,45,0,15,false,false,2026-08-29T21:00:11+00:00,ok
115-1-AP-C02A-A-3-A,115,1,C02A,量子物理(一),AP,應用物理學系,A,3,A,60,53,0,7,false,false,2026-08-29T21:00:11+00:00,ok
115-1-AP-C03A-A-3-A,115,1,C03A,應用電子學(一),AP,應用物理學系,A,3,A,60,50,0,10,false,false,2026-08-29T21:00:11+00:00,ok
115-1-AP-C562-A-3-A,115,1,C562,熱統計物理學,AP,應用物理學系,A,3,A,60,40,0,20,false,false,2026-08-29T21:00:11+00:00,ok
115-1-AP-C60A-A-3-A,115,1,C60A,光學(一),AP,應用物理學系,A,3,A,60,25,0,35,false,false,2026-08-29T21:00:11+00:00,ok
115-1-AP-D56C-A-4-A,115,1,D56C,固態材料專題實作(二),AP,應用物理學系,A,4,A,30,30,0,0,true,false,2026-08-29T21:00:11+00:00,ok
115-1-AP-D57C-A-4-A,115,1,D57C,奈米光電專題實作(二),AP,應用物理學系,A,4,A,30,16,0,14,false,false,2026-08-29T21:00:11+00:00,ok
115-1-AP-D70A-A-4-A,115,1,D70A,業界實習(一),AP,應用物理學系,A,4,A,6,4,0,2,false,false,2026-08-29T21:00:11+00:00,ok
115-1-AP-F02A-M-1-,115,1,F02A,書報討論(一),AP,應用物理學系,M,1,,30,9,0,21,false,false,2026-08-29T21:00:11+00:00,ok
115-1-AP-F03A-M-1-,115,1,F03A,量子力學(一),AP,應用物理學系,M,1,,60,29,0,31,false,false,2026-08-29T21:00:11+00:00,ok
115-1-AP-F523-M-1-,115,1,F523,半導體製程與設備,AP,應用物理學系,M,1,,60,25,0,35,false,false,2026-08-29T21:00:11+00:00,ok
115-1-AP-F59A-M-1-,115,1,F59A,半導體元件與物理(一),AP,應用物理學系,M,1,,60,36,0,24,false,false,2026-08-29T21:00:11+00:00,ok
115-1-AP-F66A-M-1-,115,1,F66A,固態物理(一),AP,應用物理學系,M,1,,60,22,0,38,false,false,2026-08-29T21:00:11+00:00,ok
115-1-AP-F701-M-1-,115,1,F701,專題研究(一),AP,應用物理學系,M,1,,30,8,0,22,false,false,2026-08-29T21:00:11+00:00,ok
115-1-AP-F03A-M-2-,115,1,F03A,量子力學(一),AP,應用物理學系,M,2,,60,29,0,31,false,false,2026-08-29T21:00:11+00:00,ok
115-1-AP-F523-M-2-,115,1,F523,半導體製程與設備,AP,應用物理學系,M,2,,60,25,0,35,false,false,2026-08-29T21:00:11+00:00,ok
115-1-AP-F59A-M-2-,115,1,F59A,半導體元件與物理(一),AP,應用物理學系,M,2,,60,36,0,24,false,false,2026-08-29T21:00:11+00:00,ok
115-1-AP-F66A-M-2-,115,1,F66A,固態物理(一),AP,應用物理學系,M,2,,60,22,0,38,false,false,2026-08-29T21:00:11+00:00,ok
115-1-AP-G001-M-2-,115,1,G001,書報討論(三),AP,應用物理學系,M,2,,30,7,0,23,false,false,2026-08-29T21:00:11+00:00,ok
115-1-LS-A01A-A-1-A,115,1,A01A,普通生物學(一),LS,生命科學系,A,1,A,60,60,0,0,true,false,2026-08-29T21:00:11+00:00,ok
115-1-LS-A02A-A-1-A,115,1,A02A,普通生物學實驗(一),LS,生命科學系,A,1,A,30,22,0,8,false,false,2026-08-29T21:00:11+00:00,ok
115-1-LS-A03A-A-1-A,115,1,A03A,普通生物學實驗(一),LS,生命科學系,A,1,A,30,19,0,11,false,false,2026-08-29T21:00:11+00:00,ok
115-1-LS-A070-A-1-A,115,1,A070,普通化學實驗,LS,生命科學系,A,1,A,60,41,0,19,false,false,2026-08-29T21:00:11+00:00,ok
115-1-LS-A07A-A-1-A,115,1,A07A,普通化學(一),LS,生命科學系,A,1,A,60,54,0,6,false,false,2026-08-29T21:00:11+00:00,ok
115-1-LS-A10A-A-1-A,115,1,A10A,微積分(一),LS,生命科學系,A,1,A,60,60,0,0,true,false,2026-08-29T21:00:11+00:00,ok
115-1-LS-A501-A-1-A,115,1,A501,生物技術概論,LS,生命科學系,A,1,A,60,43,0,17,false,false,2026-08-29T21:00:11+00:00,ok
115-1-LS-B031-A-2-A,115,1,B031,微生物學,LS,生命科學系,A,2,A,60,51,0,9,false,false,2026-08-29T21:00:11+00:00,ok
115-1-LS-B042-A-2-A,115,1,B042,微生物學實驗(A),LS,生命科學系,A,2,A,30,24,0,6,false,false,2026-08-29T21:00:11+00:00,ok
115-1-LS-B043-A-2-A,115,1,B043,微生物學實驗(B),LS,生命科學系,A,2,A,30,21,0,9,false,false,2026-08-29T21:00:11+00:00,ok
115-1-LS-B051-A-2-A,115,1,B051,遺傳學,LS,生命科學系,A,2,A,60,53,0,7,false,false,2026-08-29T21:00:11+00:00,ok
115-1-LS-B062-A-2-A,115,1,B062,遺傳學實驗(A),LS,生命科學系,A,2,A,30,21,0,9,false,false,2026-08-29T21:00:11+00:00,ok
115-1-LS-B063-A-2-A,115,1,B063,遺傳學實驗(B),LS,生命科學系,A,2,A,30,24,0,6,false,false,2026-08-29T21:00:11+00:00,ok
115-1-LS-B614-A-2-A,115,1,B614,魚類學概論,LS,生命科學系,A,2,A,60,22,0,38,false,false,2026-08-29T21:00:11+00:00,ok
115-1-LS-B681-A-2-A,115,1,B681,資料分析與視覺化─基礎R語言,LS,生命科學系,A,2,A,60,25,0,35,false,false,2026-08-29T21:00:11+00:00,ok
115-1-LS-D561-A-2-A,115,1,D561,生物統計學,LS,生命科學系,A,2,A,60,56,0,4,false,false,2026-08-29T21:00:11+00:00,ok
115-1-LS-C01B-A-3-A,115,1,C01B,生物化學(二),LS,生命科學系,A,3,A,60,51,0,9,false,false,2026-08-29T21:00:11+00:00,ok
115-1-LS-C021-A-3-A,115,1,C021,生物化學實驗(一)(A),LS,生命科學系,A,3,A,30,23,0,7,false,false,2026-08-29T21:00:11+00:00,ok
115-1-LS-C022-A-3-A,115,1,C022,生物化學實驗(一)(B),LS,生命科學系,A,3,A,30,22,0,8,false,false,2026-08-29T21:00:11+00:00,ok
115-1-LS-C081-A-3-A,115,1,C081,動物生理學,LS,生命科學系,A,3,A,60,31,0,29,false,false,2026-08-29T21:00:11+00:00,ok
115-1-LS-C501-A-3-A,115,1,C501,病毒學,LS,生命科學系,A,3,A,60,38,0,22,false,false,2026-08-29T21:00:11+00:00,ok
115-1-LS-C542-A-3-A,115,1,C542,植物組織培養學,LS,生命科學系,A,3,A,60,17,0,43,false,false,2026-08-29T21:00:11+00:00,ok
115-1-LS-C574-A-3-A,115,1,C574,天然物生合成路徑概論,LS,生命科學系,A,3,A,60,9,0,51,false,false,2026-08-29T21:00:11+00:00,ok
115-1-LS-C605-A-3-A,115,1,C605,幹細胞科技與應用,LS,生命科學系,A,3,A,60,34,0,26,false,false,2026-08-29T21:00:11+00:00,ok
115-1-LS-C621-A-3-A,115,1,C621,內分泌學,LS,生命科學系,A,3,A,60,16,0,44,false,false,2026-08-29T21:00:11+00:00,ok
115-1-LS-C731-A-3-A,115,1,C731,免疫學,LS,生命科學系,A,3,A,60,21,0,39,false,false,2026-08-29T21:00:11+00:00,ok
115-1-LS-C741-A-3-A,115,1,C741,藥用植物學,LS,生命科學系,A,3,A,60,16,0,44,false,false,2026-08-29T21:00:11+00:00,ok
115-1-LS-C811-A-3-A,115,1,C811,分子生物學導論,LS,生命科學系,A,3,A,60,36,0,24,false,false,2026-08-29T21:00:11+00:00,ok
115-1-LS-C522-A-4-A,115,1,C522,生態學及實驗,LS,生命科學系,A,4,A,60,12,0,48,false,false,2026-08-29T21:00:11+00:00,ok
115-1-LS-D001-A-4-A,115,1,D001,書報討論(一),LS,生命科學系,A,4,A,60,39,0,21,false,false,2026-08-29T21:00:11+00:00,ok
115-1-LS-D545-A-4-A,115,1,D545,基因表現與調控,LS,生命科學系,A,4,A,60,12,0,48,false,false,2026-08-29T21:00:11+00:00,ok
115-1-LS-D631-A-4-A,115,1,D631,學士論文,LS,生命科學系,A,4,A,30,9,0,21,false,false,2026-08-29T21:00:11+00:00,ok
115-1-LS-D643-A-4-A,115,1,D643,從分子檢測到AI強化判定,LS,生命科學系,A,4,A,30,24,0,6,false,false,2026-08-29T21:00:11+00:00,ok
115-1-LS-F00A-M-1-,115,1,F00A,專題討論(一),LS,生命科學系,M,1,,30,2,0,28,false,false,2026-08-29T21:00:11+00:00,ok
115-1-LS-F01A-M-1-,115,1,F01A,專題研究(一),LS,生命科學系,M,1,,30,5,0,25,false,false,2026-08-29T21:00:11+00:00,ok
115-1-LS-F022-M-1-,115,1,F022,分子生物學特論,LS,生命科學系,M,1,,30,4,0,26,false,false,2026-08-29T21:00:11+00:00,ok
115-1-LS-F502-M-1-,115,1,F502,分子生物技術,LS,生命科學系,M,1,,30,7,0,23,false,false,2026-08-29T21:00:11+00:00,ok
115-1-LS-F561-M-1-,115,1,F561,生物統計學實務,LS,生命科學系,M,1,,30,2,0,28,false,false,2026-08-29T21:00:11+00:00,ok
115-1-LS-F583-M-1-,115,1,F583,天然物色層分析應用,LS,生命科學系,M,1,,30,3,0,27,false,false,2026-08-29T21:00:11+00:00,ok
115-1-LS-F614-M-1-,115,1,F614,免疫與疾病特論,LS,生命科學系,M,1,,30,5,0,25,false,false,2026-08-29T21:00:11+00:00,ok
115-1-LS-G00C-M-2-,115,1,G00C,專題討論(三),LS,生命科學系,M,2,,30,4,0,26,false,false,2026-08-29T21:00:11+00:00,ok
115-1-LS-G01C-M-2-,115,1,G01C,專題研究(三),LS,生命科學系,M,2,,30,4,0,26,false,false,2026-08-29T21:00:11+00:00,ok
115-1-ST-F513-M-1-,115,1,F513,貝氏統計,ST,統計學研究所,M,1,,30,6,0,24,false,false,2026-08-29T21:00:11+00:00,ok
115-1-ST-F521-M-1-,115,1,F521,迴歸分析,ST,統計學研究所,M,1,,30,12,0,18,false,false,2026-08-29T21:00:11+00:00,ok
115-1-ST-F531-M-1-,115,1,F531,統計品管,ST,統計學研究所,M,1,,30,4,0,26,false,false,2026-08-29T21:00:11+00:00,ok
115-1-ST-F561-M-1-,115,1,F561,實驗設計,ST,統計學研究所,M,1,,30,6,0,24,false,false,2026-08-29T21:00:11+00:00,ok
115-1-ST-F565-M-1-,115,1,F565,條件分佈模型,ST,統計學研究所,M,1,,30,3,0,27,false,false,2026-08-29T21:00:11+00:00,ok
115-1-ST-F681-M-1-,115,1,F681,基礎統計,ST,統計學研究所,M,1,,30,11,0,19,false,false,2026-08-29T21:00:11+00:00,ok
115-1-ST-F694-M-1-,115,1,F694,巨量資料技術與分析應用,ST,統計學研究所,M,1,,30,17,0,13,false,false,2026-08-29T21:00:11+00:00,ok
115-1-ST-F713-M-1-,115,1,F713,投資與損失分析,ST,統計學研究所,M,1,,30,3,0,27,false,false,2026-08-29T21:00:11+00:00,ok
115-1-ST-G561-M-1-,115,1,G561,多變量分析,ST,統計學研究所,M,1,,30,9,0,21,false,false,2026-08-29T21:00:11+00:00,ok
115-1-ST-G604-M-1-,115,1,G604,統計學習,ST,統計學研究所,M,1,,30,11,0,19,false,false,2026-08-29T21:00:11+00:00,ok
115-1-ST-F01B-M-2-,115,1,F01B,書報討論(二),ST,統計學研究所,M,2,,30,10,0,20,false,false,2026-08-29T21:00:11+00:00,ok
115-1-ST-F513-M-2-,115,1,F513,貝氏統計,ST,統計學研究所,M,2,,30,6,0,24,false,false,2026-08-29T21:00:11+00:00,ok
115-1-ST-F521-M-2-,115,1,F521,迴歸分析,ST,統計學研究所,M,2,,30,12,0,18,false,false,2026-08-29T21:00:11+00:00,ok
115-1-ST-F531-M-2-,115,1,F531,統計品管,ST,統計學研究所,M,2,,30,4,0,26,false,false,2026-08-29T21:00:11+00:00,ok
115-1-ST-F561-M-2-,115,1,F561,實驗設計,ST,統計學研究所,M,2,,30,6,0,24,false,false,2026-08-29T21:00:11+00:00,ok
115-1-ST-F565-M-2-,115,1,F565,條件分佈模型,ST,統計學研究所,M,2,,30,3,0,27,false,false,2026-08-29T21:00:11+00:00,ok
115-1-ST-F694-M-2-,115,1,F694,巨量資料技術與分析應用,ST,統計學研究所,M,2,,30,17,0,13,false,false,2026-08-29T21:00:11+00:00,ok
115-1-ST-F713-M-2-,115,1,F713,投資與損失分析,ST,統計學研究所,M,2,,30,3,0,27,false,false,2026-08-29T21:00:11+00:00,ok
115-1-ST-G561-M-2-,115,1,G561,多變量分析,ST,統計學研究所,M,2,,30,9,0,21,false,false,2026-08-29T21:00:11+00:00,ok
115-1-ST-G604-M-2-,115,1,G604,統計學習,ST,統計學研究所,M,2,,30,11,0,19,false,false,2026-08-29T21:00:11+00:00,ok
115-1-AB-A01A-A-1-A,115,1,A01A,經濟學(一),AB,亞太工商管理學系,A,1,A,65,65,0,0,true,false,2026-08-29T21:00:11+00:00,ok
115-1-AB-A021-A-1-A,115,1,A021,亞太工商管理概論,AB,亞太工商管理學系,A,1,A,70,70,0,0,true,false,2026-08-29T21:00:11+00:00,ok
115-1-AB-A03A-A-1-A,115,1,A03A,會計學(一),AB,亞太工商管理學系,A,1,A,65,65,0,0,true,false,2026-08-29T21:00:11+00:00,ok
115-1-AB-A041-A-1-A,115,1,A041,電腦概論,AB,亞太工商管理學系,A,1,A,40,40,0,0,true,false,2026-08-29T21:00:11+00:00,ok
115-1-AB-A121-A-1-A,115,1,A121,電腦概論,AB,亞太工商管理學系,A,1,A,40,25,0,15,false,false,2026-08-29T21:00:11+00:00,ok
115-1-AB-A161-A-1-A,115,1,A161,微積分（一）,AB,亞太工商管理學系,A,1,A,75,75,0,0,true,false,2026-08-29T21:00:11+00:00,ok
115-1-AB-A522-A-1-A,115,1,A522,創意、創新與創業,AB,亞太工商管理學系,A,1,A,40,21,0,19,false,false,2026-08-29T21:00:11+00:00,ok
115-1-AB-D522-A-1-A,115,1,D522,永續發展與管理,AB,亞太工商管理學系,A,1,A,40,23,0,17,false,false,2026-08-29T21:00:11+00:00,ok
115-1-AB-A191-A-2-A,115,1,A191,管理科學模式,AB,亞太工商管理學系,A,2,A,40,40,0,0,true,false,2026-08-29T21:00:11+00:00,ok
115-1-AB-B03A-A-2-A,115,1,B03A,統計學(一),AB,亞太工商管理學系,A,2,A,75,75,0,0,true,false,2026-08-29T21:00:11+00:00,ok
115-1-AB-B051-A-2-A,115,1,B051,行銷管理,AB,亞太工商管理學系,A,2,A,75,69,0,6,false,false,2026-08-29T21:00:11+00:00,ok
115-1-AB-B173-A-2-A,115,1,B173,亞太管理議題,AB,亞太工商管理學系,A,2,A,40,28,0,12,false,false,2026-08-29T21:00:11+00:00,ok
115-1-AB-B502-A-2-A,115,1,B502,作業研究,AB,亞太工商管理學系,A,2,A,50,42,0,8,false,false,2026-08-29T21:00:11+00:00,ok
115-1-AB-B652-A-2-A,115,1,B652,AI 科技與組織行為,AB,亞太工商管理學系,A,2,A,40,18,0,22,false,false,2026-08-29T21:00:11+00:00,ok
115-1-AB-C69A-A-2-A,115,1,C69A,日語(一),AB,亞太工商管理學系,A,2,A,40,10,0,30,false,false,2026-08-29T21:00:11+00:00,ok
115-1-AB-B172-A-3-A,115,1,B172,亞太地區競爭力分析,AB,亞太工商管理學系,A,3,A,40,11,0,29,false,false,2026-08-29T21:00:11+00:00,ok
115-1-AB-C011-A-3-A,115,1,C011,作業管理,AB,亞太工商管理學系,A,3,A,75,75,0,0,true,false,2026-08-29T21:00:11+00:00,ok
115-1-AB-C022-A-3-A,115,1,C022,亞太人力資源管理,AB,亞太工商管理學系,A,3,A,60,60,0,0,true,false,2026-08-29T21:00:11+00:00,ok
115-1-AB-C143-A-3-A,115,1,C143,全球價值鍊與韌性管理,AB,亞太工商管理學系,A,3,A,40,5,0,35,false,false,2026-08-29T21:00:11+00:00,ok
115-1-AB-C151-A-3-A,115,1,C151,財務管理,AB,亞太工商管理學系,A,3,A,70,67,0,3,false,false,2026-08-29T21:00:11+00:00,ok
115-1-AB-C583-A-3-A,115,1,C583,企業資源規劃實務 (上),AB,亞太工商管理學系,A,3,A,35,35,0,0,true,false,2026-08-29T21:00:11+00:00,ok
115-1-AB-C592-A-3-A,115,1,C592,管理資訊系統,AB,亞太工商管理學系,A,3,A,50,50,0,0,true,false,2026-08-29T21:00:11+00:00,ok
115-1-AB-D021-A-4-A,115,1,D021,亞太工商管理專題(二),AB,亞太工商管理學系,A,4,A,53,53,0,0,true,false,2026-08-29T21:00:11+00:00,ok
115-1-AB-D032-A-4-A,115,1,D032,亞太策略管理,AB,亞太工商管理學系,A,4,A,60,60,0,0,true,false,2026-08-29T21:00:11+00:00,ok
115-1-AB-D703-A-4-A,115,1,D703,校外實習（暑）,AB,亞太工商管理學系,A,4,A,0,0,0,0,true,false,2026-08-29T21:00:11+00:00,ok
115-1-AB-T011-L-1-,115,1,T011,研究方法,AB,亞太工商管理學系,L,1,,30,16,0,14,false,false,2026-08-29T21:00:11+00:00,ok
115-1-AB-T501-L-1-,115,1,T501,產業分析-理論與實務,AB,亞太工商管理學系,L,1,,30,17,0,13,false,false,2026-08-29T21:00:11+00:00,ok
115-1-AB-T517-L-1-,115,1,T517,永續發展與管理議題,AB,亞太工商管理學系,L,1,,30,10,0,20,false,false,2026-08-29T21:00:11+00:00,ok
115-1-AB-T527-L-1-,115,1,T527,進階行銷管理,AB,亞太工商管理學系,L,1,,30,24,0,6,false,false,2026-08-29T21:00:11+00:00,ok
115-1-AB-V001-L-2-,115,1,V001,論文,AB,亞太工商管理學系,L,2,,30,15,0,15,false,false,2026-08-29T21:00:11+00:00,ok
115-1-AB-F091-M-1-,115,1,F091,研究方法,AB,亞太工商管理學系,M,1,,30,11,0,19,false,false,2026-08-29T21:00:11+00:00,ok
115-1-AB-F503-M-1-,115,1,F503,進階組織行為,AB,亞太工商管理學系,M,1,,30,9,0,21,false,false,2026-08-29T21:00:11+00:00,ok
115-1-AB-F513-M-1-,115,1,F513,全球生產網絡,AB,亞太工商管理學系,M,1,,40,19,0,21,false,false,2026-08-29T21:00:11+00:00,ok
115-1-AB-F583-M-1-,115,1,F583,產業分析-理論與實務,AB,亞太工商管理學系,M,1,,30,7,0,23,false,false,2026-08-29T21:00:11+00:00,ok
115-1-AB-F699-M-1-,115,1,F699,進階消費者行為,AB,亞太工商管理學系,M,1,,30,8,0,22,false,false,2026-08-29T21:00:11+00:00,ok
115-1-AB-F711-M-1-,115,1,F711,永續發展與管理議題,AB,亞太工商管理學系,M,1,,30,15,0,15,false,false,2026-08-29T21:00:11+00:00,ok
115-1-AE-A00A-A-1-A,115,1,A00A,經濟學原理(一),AE,應用經濟學系,A,1,A,80,63,0,17,false,false,2026-08-29T16:47:50+00:00,ok
115-1-AE-A01A-A-1-A,115,1,A01A,會計學(一),AE,應用經濟學系,A,1,A,80,79,0,1,false,false,2026-08-29T16:47:50+00:00,ok
115-1-AE-A091-A-1-A,115,1,A091,微積分（一）,AE,應用經濟學系,A,1,A,80,65,0,15,false,false,2026-08-29T16:47:50+00:00,ok
115-1-AE-A57A-A-1-A,115,1,A57A,經濟學原理實作(一),AE,應用經濟學系,A,1,A,45,45,0,0,true,false,2026-08-29T16:47:50+00:00,ok
115-1-AE-A511-A-2-A,115,1,A511,英文財經報導選讀,AE,應用經濟學系,A,2,A,30,30,0,0,true,false,2026-08-29T16:47:50+00:00,ok
115-1-AE-B03A-A-2-A,115,1,B03A,統計學(一),AE,應用經濟學系,A,2,A,90,90,0,0,true,false,2026-08-29T16:47:50+00:00,ok
115-1-AE-B10A-A-2-A,115,1,B10A,總體經濟學（一）,AE,應用經濟學系,A,2,A,70,70,0,0,true,false,2026-08-29T16:47:50+00:00,ok
115-1-AE-B11A-A-2-A,115,1,B11A,個體經濟學(一),AE,應用經濟學系,A,2,A,70,70,0,0,true,false,2026-08-29T16:47:50+00:00,ok
115-1-AE-B514-A-2-A,115,1,B514,經濟數學,AE,應用經濟學系,A,2,A,30,30,0,0,true,false,2026-08-29T16:47:50+00:00,ok
115-1-AE-C011-A-3-A,115,1,C011,貨幣銀行學,AE,應用經濟學系,A,3,A,70,62,0,8,false,false,2026-08-29T16:47:50+00:00,ok
115-1-AE-C021-A-3-A,115,1,C021,公共經濟學,AE,應用經濟學系,A,3,A,60,60,0,0,true,false,2026-08-29T16:47:50+00:00,ok
115-1-AE-C532-A-3-A,115,1,C532,總體經濟與景氣分析,AE,應用經濟學系,A,3,A,30,30,0,0,true,false,2026-08-29T16:47:50+00:00,ok
115-1-AE-C542-A-3-A,115,1,C542,計量經濟學,AE,應用經濟學系,A,3,A,30,26,0,4,false,false,2026-08-29T16:47:50+00:00,ok
115-1-AE-C543-A-3-A,115,1,C543,政治經濟學,AE,應用經濟學系,A,3,A,30,10,0,20,false,false,2026-08-29T16:47:50+00:00,ok
115-1-AE-C663-A-3-A,115,1,C663,環境與資源經濟學,AE,應用經濟學系,A,3,A,30,10,0,20,false,false,2026-08-29T16:47:50+00:00,ok
115-1-AE-C681-A-3-A,115,1,C681,產業組織理論,AE,應用經濟學系,A,3,A,30,30,0,0,true,false,2026-08-29T16:47:50+00:00,ok
115-1-AE-C702-A-3-A,115,1,C702,賽局理論與應用,AE,應用經濟學系,A,3,A,30,30,0,0,true,false,2026-08-29T16:47:50+00:00,ok
115-1-AE-C01B-A-4-A,115,1,C01B,國際經濟學（二）,AE,應用經濟學系,A,4,A,60,45,0,15,false,false,2026-08-29T16:47:50+00:00,ok
115-1-AE-D021-A-4-A,115,1,D021,商事法,AE,應用經濟學系,A,4,A,60,51,0,9,false,false,2026-08-29T16:47:50+00:00,ok
115-1-AE-D50A-A-4-A,115,1,D50A,產業與公共政策專題討論,AE,應用經濟學系,A,4,A,30,9,0,21,false,false,2026-08-29T16:47:50+00:00,ok
115-1-AE-D50B-A-4-A,115,1,D50B,金融與公共政策專題討論,AE,應用經濟學系,A,4,A,30,15,0,15,false,false,2026-08-29T16:47:50+00:00,ok
115-1-AE-F012-M-1-,115,1,F012,計量經濟學,AE,應用經濟學系,M,1,,30,13,0,17,false,false,2026-08-29T16:47:50+00:00,ok
115-1-AE-F014-M-1-,115,1,F014,個體經濟學,AE,應用經濟學系,M,1,,30,8,0,22,false,false,2026-08-29T16:47:50+00:00,ok
115-1-AE-F015-M-1-,115,1,F015,總體經濟學,AE,應用經濟學系,M,1,,30,14,0,16,false,false,2026-08-29T16:47:50+00:00,ok
115-1-AE-F03A-M-1-,115,1,F03A,專題討論(一),AE,應用經濟學系,M,1,,30,12,0,18,false,false,2026-08-29T16:47:50+00:00,ok
115-1-AE-F564-M-1-,115,1,F564,全球經濟議題,AE,應用經濟學系,M,1,,30,3,0,27,false,false,2026-08-29T16:47:50+00:00,ok
115-1-AE-F03C-M-2-,115,1,F03C,專題討論（三）,AE,應用經濟學系,M,2,,30,5,0,25,false,false,2026-08-29T16:47:50+00:00,ok
115-1-AE-F512-M-2-,115,1,F512,人力資源經濟學（一）,AE,應用經濟學系,M,2,,30,16,0,14,false,false,2026-08-29T16:47:50+00:00,ok
115-1-AE-F522-M-2-,115,1,F522,永續經濟研究,AE,應用經濟學系,M,2,,30,4,0,26,false,false,2026-08-29T16:47:50+00:00,ok
115-1-AE-F567-M-2-,115,1,F567,家庭經濟學,AE,應用經濟學系,M,2,,30,8,0,22,false,false,2026-08-29T16:47:50+00:00,ok
115-1-AE-F583-M-2-,115,1,F583,時間序列分析(I),AE,應用經濟學系,M,2,,30,14,0,16,false,false,2026-08-29T16:47:50+00:00,ok
115-1-AE-F631-M-2-,115,1,F631,社會資料科學入門: Python應用分析,AE,應用經濟學系,M,2,,30,6,0,24,false,false,2026-08-29T16:47:50+00:00,ok
115-1-AE-F633-M-2-,115,1,F633,國際經濟組織,AE,應用經濟學系,M,2,,30,8,0,22,false,false,2026-08-29T16:47:50+00:00,ok
115-1-EBA-N583-E-1-,115,1,N583,管理經濟學應用,EBA,高階經營管理碩士在職專班,E,1,,70,0,0,70,false,false,2026-08-29T21:00:11+00:00,ok
115-1-EBA-N714-E-1-,115,1,N714,資訊科技實務與人工智慧倫理,EBA,高階經營管理碩士在職專班,E,1,,70,0,0,70,false,false,2026-08-29T21:00:11+00:00,ok
115-1-EBA-N11C-E-2-,115,1,N11C,碩士論文(上),EBA,高階經營管理碩士在職專班,E,2,,80,0,0,80,false,false,2026-08-29T21:00:11+00:00,ok
115-1-EBA-N561-E-2-,115,1,N561,企業參訪,EBA,高階經營管理碩士在職專班,E,2,,35,0,0,35,false,false,2026-08-29T21:00:11+00:00,ok
115-1-FI-A01A-A-1-A,115,1,A01A,經濟學原理(一),FI,財務金融學系,A,1,A,70,64,0,6,false,false,2026-08-29T21:00:11+00:00,ok
115-1-FI-A02A-A-1-A,115,1,A02A,會計學原理(一),FI,財務金融學系,A,1,A,75,70,0,5,false,false,2026-08-29T21:00:11+00:00,ok
115-1-FI-A071-A-1-A,115,1,A071,金融倫理,FI,財務金融學系,A,1,A,70,70,0,0,true,false,2026-08-29T21:00:11+00:00,ok
115-1-FI-A542-A-1-A,115,1,A542,消費者行為,FI,財務金融學系,A,1,A,30,30,0,0,true,false,2026-08-29T21:00:11+00:00,ok
115-1-FI-A543-A-1-A,115,1,A543,領導與組織行為,FI,財務金融學系,A,1,A,30,29,0,1,false,false,2026-08-29T21:00:11+00:00,ok
115-1-FI-B02A-A-1-A,115,1,B02A,微積分（一）,FI,財務金融學系,A,1,A,70,60,0,10,false,false,2026-08-29T21:00:11+00:00,ok
115-1-FI-B01A-A-2-A,115,1,B01A,財務管理(一),FI,財務金融學系,A,2,A,90,83,0,7,false,false,2026-08-29T21:00:11+00:00,ok
115-1-FI-B07A-A-2-A,115,1,B07A,統計學(一),FI,財務金融學系,A,2,A,66,57,0,9,false,false,2026-08-29T21:00:11+00:00,ok
115-1-FI-B52A-A-2-A,115,1,B52A,中級會計學(一),FI,財務金融學系,A,2,A,60,36,0,24,false,false,2026-08-29T21:00:11+00:00,ok
115-1-FI-B541-A-2-A,115,1,B541,財金數值方法,FI,財務金融學系,A,2,A,30,13,0,17,false,false,2026-08-29T21:00:11+00:00,ok
115-1-FI-B662-A-2-A,115,1,B662,保險學,FI,財務金融學系,A,2,A,30,30,0,0,true,false,2026-08-29T21:00:11+00:00,ok
115-1-FI-B672-A-2-A,115,1,B672,管理經濟學,FI,財務金融學系,A,2,A,30,26,0,4,false,false,2026-08-29T21:00:11+00:00,ok
115-1-FI-B682-A-2-A,115,1,B682,當前金融問題分析,FI,財務金融學系,A,2,A,30,30,0,0,true,false,2026-08-29T21:00:11+00:00,ok
115-1-FI-B701-A-2-A,115,1,B701,不動產投資管理,FI,財務金融學系,A,2,A,30,30,0,0,true,false,2026-08-29T21:00:11+00:00,ok
115-1-FI-B601-A-3-A,115,1,B601,固定型收益證券,FI,財務金融學系,A,3,A,30,16,0,14,false,false,2026-08-29T21:00:11+00:00,ok
115-1-FI-B751-A-3-A,115,1,B751,金融科技概論,FI,財務金融學系,A,3,A,30,30,0,0,true,false,2026-08-29T21:00:11+00:00,ok
115-1-FI-C001-A-3-A,115,1,C001,金融市場與機構,FI,財務金融學系,A,3,A,60,55,0,5,false,false,2026-08-29T21:00:11+00:00,ok
115-1-FI-C011-A-3-A,115,1,C011,期貨與選擇權,FI,財務金融學系,A,3,A,60,49,0,11,false,false,2026-08-29T21:00:11+00:00,ok
115-1-FI-C021-A-3-A,115,1,C021,公司理財專題,FI,財務金融學系,A,3,A,60,53,0,7,false,false,2026-08-29T21:00:11+00:00,ok
115-1-FI-C502-A-3-A,115,1,C502,投資策略理論與實務,FI,財務金融學系,A,3,A,30,30,0,0,true,false,2026-08-29T21:00:11+00:00,ok
115-1-FI-C531-A-3-A,115,1,C531,財務報表分析,FI,財務金融學系,A,3,A,30,30,0,0,true,false,2026-08-29T21:00:11+00:00,ok
115-1-FI-C613-A-3-A,115,1,C613,總體經濟學（二）,FI,財務金融學系,A,3,A,30,27,0,3,false,false,2026-08-29T21:00:11+00:00,ok
115-1-FI-C742-A-3-A,115,1,C742,國際競爭策略,FI,財務金融學系,A,3,A,30,30,0,0,true,false,2026-08-29T21:00:11+00:00,ok
115-1-FI-C601-A-4-A,115,1,C601,銀行管理,FI,財務金融學系,A,4,A,30,30,0,0,true,false,2026-08-29T21:00:11+00:00,ok
115-1-FI-D021-A-4-A,115,1,D021,財務管理個案研究,FI,財務金融學系,A,4,A,60,55,0,5,false,false,2026-08-29T21:00:11+00:00,ok
115-1-FI-D512-A-4-A,115,1,D512,財務風險管理,FI,財務金融學系,A,4,A,30,29,0,1,false,false,2026-08-29T21:00:11+00:00,ok
115-1-FI-F001-M-1-,115,1,F001,計量經濟學,FI,財務金融學系,M,1,,30,26,0,4,false,false,2026-08-29T21:00:11+00:00,ok
115-1-FI-F00F-M-1-,115,1,F00F,專題研討(一),FI,財務金融學系,M,1,,30,24,0,6,false,false,2026-08-29T21:00:11+00:00,ok
115-1-FI-F011-M-1-,115,1,F011,財務理論,FI,財務金融學系,M,1,,30,24,0,6,false,false,2026-08-29T21:00:11+00:00,ok
115-1-FI-F021-M-1-,115,1,F021,金融機構管理,FI,財務金融學系,M,1,,30,24,0,6,false,false,2026-08-29T21:00:11+00:00,ok
115-1-FI-F525-M-1-,115,1,F525,金融服務行銷,FI,財務金融學系,M,1,,30,23,0,7,false,false,2026-08-29T21:00:11+00:00,ok
115-1-FI-F531-M-1-,115,1,F531,財務報表分析,FI,財務金融學系,M,1,,30,14,0,16,false,false,2026-08-29T21:00:11+00:00,ok
115-1-FI-F533-M-1-,115,1,F533,財務金融資訊分析,FI,財務金融學系,M,1,,30,2,0,28,false,false,2026-08-29T21:00:11+00:00,ok
115-1-FI-F542-M-1-,115,1,F542,公司理財,FI,財務金融學系,M,1,,30,7,0,23,false,false,2026-08-29T21:00:11+00:00,ok
115-1-FI-F561-M-1-,115,1,F561,財務工程,FI,財務金融學系,M,1,,20,5,0,15,false,false,2026-08-29T21:00:11+00:00,ok
115-1-FI-F587-M-1-,115,1,F587,風險管理與保險,FI,財務金融學系,M,1,,30,12,0,18,false,false,2026-08-29T21:00:11+00:00,ok
115-1-FI-G521-M-1-,115,1,G521,資產評價,FI,財務金融學系,M,1,,20,12,0,8,false,false,2026-08-29T21:00:11+00:00,ok
115-1-FI-F562-M-2-,115,1,F562,行為財務,FI,財務金融學系,M,2,,30,14,0,16,false,false,2026-08-29T21:00:11+00:00,ok
115-1-FI-F661-M-2-,115,1,F661,國際貿易與全球產業分析,FI,財務金融學系,M,2,,30,17,0,13,false,false,2026-08-29T21:00:11+00:00,ok
115-1-IBA-O572-E-1-,115,1,O572,智慧商務與新媒體應用,IBA,國際高階經營管理碩士在職專班,E,1,,10,0,0,10,false,false,2026-08-29T21:00:11+00:00,ok
115-1-IBA-O586-E-1-,115,1,O586,財務管理,IBA,國際高階經營管理碩士在職專班,E,1,,10,0,0,10,false,false,2026-08-29T21:00:11+00:00,ok
115-1-IBA-O598-E-1-,115,1,O598,行銷與專案管理(上海班),IBA,國際高階經營管理碩士在職專班,E,1,,10,0,0,10,false,false,2026-08-29T21:00:11+00:00,ok
115-1-IBA-O614-E-1-,115,1,O614,管理經濟學應用,IBA,國際高階經營管理碩士在職專班,E,1,,10,0,0,10,false,false,2026-08-29T21:00:11+00:00,ok
115-1-IBA-O627-E-1-,115,1,O627,創新服務管理,IBA,國際高階經營管理碩士在職專班,E,1,,10,0,0,10,false,false,2026-08-29T21:00:11+00:00,ok
115-1-IBA-O677-E-1-,115,1,O677,企業創新商業模式,IBA,國際高階經營管理碩士在職專班,E,1,,10,0,0,10,false,false,2026-08-29T21:00:11+00:00,ok
115-1-IBA-O689-E-1-,115,1,O689,人工智慧與人力資源管理,IBA,國際高階經營管理碩士在職專班,E,1,,10,0,0,10,false,false,2026-08-29T21:00:11+00:00,ok
115-1-IBA-O706-E-1-,115,1,O706,金融市場與投資,IBA,國際高階經營管理碩士在職專班,E,1,,10,0,0,10,false,false,2026-08-29T21:00:11+00:00,ok
115-1-IBA-O717-E-1-,115,1,O717,全球競爭力與經貿專題,IBA,國際高階經營管理碩士在職專班,E,1,,10,0,0,10,false,false,2026-08-29T21:00:11+00:00,ok
115-1-IBA-O763-E-1-,115,1,O763,數位轉型與碳經濟,IBA,國際高階經營管理碩士在職專班,E,1,,10,0,0,10,false,false,2026-08-29T21:00:11+00:00,ok
115-1-IM-A011-A-1-A,115,1,A011,計算機概論,IM,資訊管理學系,A,1,A,60,60,0,0,true,false,2026-08-29T21:00:11+00:00,ok
115-1-IM-A101-A-1-A,115,1,A101,經濟學,IM,資訊管理學系,A,1,A,60,60,0,0,true,false,2026-08-29T21:00:11+00:00,ok
115-1-IM-A121-A-1-A,115,1,A121,企業管理,IM,資訊管理學系,A,1,A,60,57,0,3,false,false,2026-08-29T21:00:11+00:00,ok
115-1-IM-A131-A-1-A,115,1,A131,程式設計,IM,資訊管理學系,A,1,A,60,60,0,0,true,false,2026-08-29T21:00:11+00:00,ok
115-1-IM-A15B-A-2-A,115,1,A15B,物件導向程式設計Ⅱ,IM,資訊管理學系,A,2,A,60,59,0,1,false,false,2026-08-29T21:00:11+00:00,ok
115-1-IM-B032-A-2-A,115,1,B032,行銷管理,IM,資訊管理學系,A,2,A,60,54,0,6,false,false,2026-08-29T21:00:11+00:00,ok
115-1-IM-B07A-A-2-A,115,1,B07A,統計學(一),IM,資訊管理學系,A,2,A,60,60,0,0,true,false,2026-08-29T21:00:11+00:00,ok
115-1-IM-B513-A-2-A,115,1,B513,網路規劃與管理實務,IM,資訊管理學系,A,2,A,30,30,0,0,true,false,2026-08-29T21:00:11+00:00,ok
115-1-IM-C021-A-2-A,115,1,C021,電腦網路,IM,資訊管理學系,A,2,A,60,60,0,0,true,false,2026-08-29T21:00:11+00:00,ok
115-1-IM-D522-A-2-A,115,1,D522,資訊趨勢與商業英語實務,IM,資訊管理學系,A,2,A,30,25,0,5,false,false,2026-08-29T21:00:11+00:00,ok
115-1-IM-B041-A-3-A,115,1,B041,資料結構,IM,資訊管理學系,A,3,A,60,55,0,5,false,false,2026-08-29T21:00:11+00:00,ok
115-1-IM-C001-A-3-A,115,1,C001,系統分析與設計,IM,資訊管理學系,A,3,A,60,51,0,9,false,false,2026-08-29T21:00:11+00:00,ok
115-1-IM-C051-A-3-A,115,1,C051,管理資訊系統,IM,資訊管理學系,A,3,A,60,51,0,9,false,false,2026-08-29T21:00:11+00:00,ok
115-1-IM-C061-A-3-A,115,1,C061,專案管理,IM,資訊管理學系,A,3,A,60,49,0,11,false,false,2026-08-29T21:00:11+00:00,ok
115-1-IM-D011-A-4-A,115,1,D011,專案開發II,IM,資訊管理學系,A,4,A,60,49,0,11,false,false,2026-08-29T21:00:11+00:00,ok
115-1-IM-D032-A-4-A,115,1,D032,資訊倫理與法律,IM,資訊管理學系,A,4,A,60,50,0,10,false,false,2026-08-29T21:00:11+00:00,ok
115-1-IM-D535-A-4-A,115,1,D535,人工智慧系統與實務II,IM,資訊管理學系,A,4,A,15,11,0,4,false,false,2026-08-29T21:00:11+00:00,ok
115-1-IM-D584-A-4-A,115,1,D584,開放資料系統與實務II,IM,資訊管理學系,A,4,A,15,9,0,6,false,false,2026-08-29T21:00:11+00:00,ok
115-1-IM-D585-A-4-A,115,1,D585,社群網路系統與實務II,IM,資訊管理學系,A,4,A,15,8,0,7,false,false,2026-08-29T21:00:11+00:00,ok
115-1-IM-D586-A-4-A,115,1,D586,資訊技術系統與實務II,IM,資訊管理學系,A,4,A,15,9,0,6,false,false,2026-08-29T21:00:11+00:00,ok
115-1-IM-F01A-M-1-,115,1,F01A,研究方法(一),IM,資訊管理學系,M,1,,30,18,0,12,false,false,2026-08-29T21:00:11+00:00,ok
115-1-IM-F021-M-1-,115,1,F021,資訊管理,IM,資訊管理學系,M,1,,30,16,0,14,false,false,2026-08-29T21:00:11+00:00,ok
115-1-IM-F03A-M-1-,115,1,F03A,書報討論(一),IM,資訊管理學系,M,1,,30,16,0,14,false,false,2026-08-29T21:00:11+00:00,ok
115-1-IM-F501-M-1-,115,1,F501,資訊檢索,IM,資訊管理學系,M,1,,30,30,0,0,true,false,2026-08-29T21:00:11+00:00,ok
115-1-IM-F502-M-1-,115,1,F502,資訊科技與競爭策略,IM,資訊管理學系,M,1,,30,30,0,0,true,false,2026-08-29T21:00:11+00:00,ok
115-1-IM-F504-M-1-,115,1,F504,資訊科技與服務創新,IM,資訊管理學系,M,1,,30,6,0,24,false,false,2026-08-29T21:00:11+00:00,ok
115-1-IM-F57A-M-1-,115,1,F57A,資訊管理專題研討(一),IM,資訊管理學系,M,1,,30,5,0,25,false,false,2026-08-29T21:00:11+00:00,ok
115-1-IM-F652-M-1-,115,1,F652,數據分析與視覺化,IM,資訊管理學系,M,1,,30,26,0,4,false,false,2026-08-29T21:00:11+00:00,ok
115-1-IM-F653-M-1-,115,1,F653,投資理財實務,IM,資訊管理學系,M,1,,30,30,0,0,true,false,2026-08-29T21:00:11+00:00,ok
115-1-IM-F662-M-1-,115,1,F662,資訊與科技管理,IM,資訊管理學系,M,1,,30,21,0,9,false,false,2026-08-29T21:00:11+00:00,ok
115-1-IM-F011-M-2-,115,1,F011,書報討論(三),IM,資訊管理學系,M,2,,30,16,0,14,false,false,2026-08-29T21:00:11+00:00,ok
115-1-IM-F57C-M-2-,115,1,F57C,資訊管理專題研討(三),IM,資訊管理學系,M,2,,30,8,0,22,false,false,2026-08-29T21:00:11+00:00,ok
115-1-LBA-O574-E-1-,115,1,O574,行政法實務分析,LBA,高階法律暨管理碩士在職專班,E,1,,30,0,0,30,false,false,2026-08-29T21:00:11+00:00,ok
115-1-LBA-O616-E-1-,115,1,O616,當代熱點管理與法律專題,LBA,高階法律暨管理碩士在職專班,E,1,,70,0,0,70,false,false,2026-08-29T21:00:11+00:00,ok
115-1-LBA-O643-E-1-,115,1,O643,數位轉型與ESG法規政策,LBA,高階法律暨管理碩士在職專班,E,1,,30,0,0,30,false,false,2026-08-29T21:00:11+00:00,ok
